id,Channel ID,URL,message,date,views,forwards,reactions
139,m2023x9c5x,https://t.me/m2023x9c5x,"Movierulz | Watch Bollywood and Hollywood Full Movies ...

https://www.5movierulz.media",2024-02-21T07:56:04+00:00,154938.0,208.0,"👍: 172, ❤: 45, 🥰: 44, 👏: 44, 👎: 42, 😁: 28, 🔥: 25"
21008,m2023x9c5x,https://t.me/m2023x9c5x,<PERSON> Sanam,2024-06-29T08:42:54+00:00,,,
20927,m2023x9c5x,https://t.me/m2023x9c5x,<NRP> movies,2024-06-21T22:40:06+00:00,,,
20912,m2023x9c5x,https://t.me/m2023x9c5x,<PERSON>,2024-06-20T08:41:04+00:00,,,
20878,m2023x9c5x,https://t.me/m2023x9c5x,Hlo,2024-06-16T11:53:53+00:00,,,
20833,m2023x9c5x,https://t.me/m2023x9c5x,Hi,2024-06-10T17:39:30+00:00,,,
20831,m2023x9c5x,https://t.me/m2023x9c5x,<NRP>,2024-06-09T14:27:05+00:00,,,
20771,m2023x9c5x,https://t.me/m2023x9c5x,The Family Star Kannada,2024-06-01T16:04:14+00:00,,,
20761,m2023x9c5x,https://t.me/m2023x9c5x,<NRP> movie pdtandi bro,2024-05-31T18:21:16+00:00,,,
20758,m2023x9c5x,https://t.me/m2023x9c5x,Rular thelugu movie,2024-05-31T15:30:01+00:00,,,
20720,m2023x9c5x,https://t.me/m2023x9c5x,<PERSON> upload pannunga,2024-05-26T14:41:09+00:00,,,
20649,m2023x9c5x,https://t.me/m2023x9c5x,Kannada,2024-05-20T14:33:47+00:00,,,
20627,m2023x9c5x,https://t.me/m2023x9c5x,Avataru Telugu movie,2024-05-18T12:39:46+00:00,,,
20619,m2023x9c5x,https://t.me/m2023x9c5x,Hi,2024-05-17T18:21:29+00:00,,,
20492,m2023x9c5x,https://t.me/m2023x9c5x,570 to 610 pettu bro,2024-05-01T20:21:03+00:00,,,
20485,m2023x9c5x,https://t.me/m2023x9c5x,<PERSON>,2024-05-01T11:10:27+00:00,,,
20450,m2023x9c5x,https://t.me/m2023x9c5x,Super sharanya movie link <DATE_TIME>,2024-04-25T14:36:41+00:00,,,❤: 1
20423,m2023x9c5x,https://t.me/m2023x9c5x,<PERSON> devobava Movies Sir,2024-04-23T07:33:21+00:00,,,
20389,m2023x9c5x,https://t.me/m2023x9c5x,Siren move <NRP>,2024-04-20T06:56:05+00:00,,,
20386,m2023x9c5x,https://t.me/m2023x9c5x,Hi hello <PERSON>😭😭😭😭💋💋💋💋💋💋💋💋💋💋💋💋💋💋💋💋💋💋💋💋,2024-04-19T11:01:29+00:00,,,
20379,m2023x9c5x,https://t.me/m2023x9c5x,New movie,2024-04-18T16:14:03+00:00,,,
20348,m2023x9c5x,https://t.me/m2023x9c5x,<PERSON> movie <NRP>,2024-04-15T14:35:35+00:00,,,
20261,m2023x9c5x,https://t.me/m2023x9c5x,pagal,2024-04-08T16:49:09+00:00,,,
20237,m2023x9c5x,https://t.me/m2023x9c5x,<PERSON> movie link send me,2024-04-07T05:12:48+00:00,,,
20228,m2023x9c5x,https://t.me/m2023x9c5x,<PERSON> movie,2024-04-06T13:02:15+00:00,,,
20213,m2023x9c5x,https://t.me/m2023x9c5x,<PERSON>,2024-04-05T09:57:13+00:00,,,
20209,m2023x9c5x,https://t.me/m2023x9c5x,<PERSON> movies,2024-04-05T04:30:17+00:00,,,
20206,m2023x9c5x,https://t.me/m2023x9c5x,Dj tillu 2,2024-04-04T20:45:21+00:00,,,
20197,m2023x9c5x,https://t.me/m2023x9c5x,Hello,2024-04-04T05:28:10+00:00,,,
20195,m2023x9c5x,https://t.me/m2023x9c5x,Ullu movies,2024-04-04T02:24:17+00:00,,,
20192,m2023x9c5x,https://t.me/m2023x9c5x,Godzilla vs kong,2024-04-03T18:09:21+00:00,,,
20157,m2023x9c5x,https://t.me/m2023x9c5x,a1 express plz,2024-04-01T08:27:25+00:00,,,
20131,m2023x9c5x,https://t.me/m2023x9c5x,<PERSON> movie,2024-03-30T18:08:30+00:00,,,
20077,m2023x9c5x,https://t.me/m2023x9c5x,<PERSON>,2024-03-28T09:42:07+00:00,,,
20037,m2023x9c5x,https://t.me/m2023x9c5x,<PERSON> movie <NRP> like <PERSON>,2024-03-24T12:58:57+00:00,,,
20002,m2023x9c5x,https://t.me/m2023x9c5x,Love to day movie please,2024-03-21T18:34:37+00:00,,,
19988,m2023x9c5x,https://t.me/m2023x9c5x,రజాకర్ మూవీ వచ్చిందా,2024-03-20T13:58:32+00:00,,,
19947,m2023x9c5x,https://t.me/m2023x9c5x,<PERSON> movie .....,2024-03-17T03:54:47+00:00,,,
19931,m2023x9c5x,https://t.me/m2023x9c5x,<PERSON> movie link,2024-03-16T11:27:59+00:00,,,
19922,m2023x9c5x,https://t.me/m2023x9c5x,<PERSON> movie,2024-03-15T23:12:09+00:00,,,👍: 1
19917,m2023x9c5x,https://t.me/m2023x9c5x,<PERSON> movie,2024-03-15T15:27:09+00:00,,,
19914,m2023x9c5x,https://t.me/m2023x9c5x,Eternals,2024-03-15T14:03:47+00:00,,,
19870,m2023x9c5x,https://t.me/m2023x9c5x,Hello guys yevari kayina tumbbad movie dhorukute pettara,2024-03-12T17:47:37+00:00,,,
19848,m2023x9c5x,https://t.me/m2023x9c5x,<DATE_TIME> fail movie,2024-03-11T23:58:14+00:00,,,👍: 1
19839,m2023x9c5x,https://t.me/m2023x9c5x,send me permalu in <NRP>,2024-03-11T14:42:00+00:00,,,
19796,m2023x9c5x,https://t.me/m2023x9c5x,Hello send me <PERSON>,2024-03-09T08:22:59+00:00,,,
19773,m2023x9c5x,https://t.me/m2023x9c5x,Maharani 3 links are not available bro,2024-03-08T13:07:50+00:00,,,
19770,m2023x9c5x,https://t.me/m2023x9c5x,<PERSON>,2024-03-08T11:57:05+00:00,,,
19730,m2023x9c5x,https://t.me/m2023x9c5x,Hlo anyone  send 12 th  fail movie,2024-03-04T17:37:06+00:00,,,
19722,m2023x9c5x,https://t.me/m2023x9c5x,<PERSON> movie,2024-03-04T12:12:03+00:00,,,❤: 3
19703,m2023x9c5x,https://t.me/m2023x9c5x,<PERSON> uljha <PERSON>,2024-03-03T08:03:12+00:00,,,
19681,m2023x9c5x,https://t.me/m2023x9c5x,Nasamiranga m,2024-03-01T17:50:29+00:00,,,
19661,m2023x9c5x,https://t.me/m2023x9c5x,<PERSON> love <DATE_TIME> link,2024-02-29T04:12:15+00:00,,,
19632,m2023x9c5x,https://t.me/m2023x9c5x,Eagle movie,2024-02-26T14:54:51+00:00,,,
19586,m2023x9c5x,https://t.me/m2023x9c5x,I what pushap movie,2024-02-24T07:14:41+00:00,,,
19538,m2023x9c5x,https://t.me/m2023x9c5x,Baby movie,2024-02-22T03:43:02+00:00,,,❤: 1
19527,m2023x9c5x,https://t.me/m2023x9c5x,Love story,2024-02-21T15:44:56+00:00,,,
19526,m2023x9c5x,https://t.me/m2023x9c5x,Please upload <PERSON> movie,2024-02-21T14:56:12+00:00,,,
19522,m2023x9c5x,https://t.me/m2023x9c5x,Undu sarala <PERSON> movie send link,2024-02-21T13:44:59+00:00,,,👍: 2
19508,m2023x9c5x,https://t.me/m2023x9c5x,<PERSON>,2024-02-21T08:01:09+00:00,,,👍: 2
19503,m2023x9c5x,https://t.me/m2023x9c5x,Any letest movies,2024-02-21T07:58:26+00:00,,,👍: 2
19502,m2023x9c5x,https://t.me/m2023x9c5x,Inception and Interstellar  please,2024-02-21T07:57:45+00:00,,,
19501,m2023x9c5x,https://t.me/m2023x9c5x,<PERSON> movie,2024-02-21T07:57:43+00:00,,,👎: 1
19500,m2023x9c5x,https://t.me/m2023x9c5x,hi,2024-02-21T07:57:04+00:00,,,👍: 2
19499,m2023x9c5x,https://t.me/m2023x9c5x,Uru movie,2024-02-21T07:57:03+00:00,,,
19498,m2023x9c5x,https://t.me/m2023x9c5x,Hi,2024-02-21T07:56:46+00:00,,,👍: 4
19497,m2023x9c5x,https://t.me/m2023x9c5x,Aa,2024-02-21T07:56:28+00:00,,,👍: 3
