id,Channel ID,URL,message,date,views,forwards,reactions
141,m2023x9c5x,https://t.me/m2023x9c5x,https://www.5movierulz.media/rakshakudu-2024-telugu/full-movie-watch-online-free-download-2067.html,2024-02-21T08:00:30+00:00,163931.0,149.0,"👍: 340, ❤: 41, 🔥: 34, 🥰: 24, 👎: 15, 👏: 6, 😁: 2"
20997,m2023x9c5x,https://t.me/m2023x9c5x,Hi,2024-06-28T05:13:16+00:00,,,
20990,m2023x9c5x,https://t.me/m2023x9c5x,<PERSON> telgu movie,2024-06-27T16:37:14+00:00,,,
20985,m2023x9c5x,https://t.me/m2023x9c5x,<PERSON>,2024-06-27T14:38:41+00:00,,,👍: 1
20968,m2023x9c5x,https://t.me/m2023x9c5x,Super deluxe telugu movie,2024-06-26T03:30:08+00:00,,,
20960,m2023x9c5x,https://t.me/m2023x9c5x,Animal movie telugu,2024-06-24T18:04:56+00:00,,,
20955,m2023x9c5x,https://t.me/m2023x9c5x,<PERSON>,2024-06-24T11:40:27+00:00,,,
20952,m2023x9c5x,https://t.me/m2023x9c5x,Hii,2024-06-24T04:05:39+00:00,,,
20951,m2023x9c5x,https://t.me/m2023x9c5x,Hi,2024-06-24T04:05:21+00:00,,,
20947,m2023x9c5x,https://t.me/m2023x9c5x,Hi,2024-06-24T01:01:50+00:00,,,
20946,m2023x9c5x,https://t.me/m2023x9c5x,Hi,2024-06-23T16:59:13+00:00,,,
20942,m2023x9c5x,https://t.me/m2023x9c5x,MCA Telugu full movie,2024-06-23T11:32:55+00:00,,,
20937,m2023x9c5x,https://t.me/m2023x9c5x,Hi,2024-06-23T09:00:38+00:00,,,
20935,m2023x9c5x,https://t.me/m2023x9c5x,Swades movies plz send the link bro,2024-06-22T17:10:44+00:00,,,
20931,m2023x9c5x,https://t.me/m2023x9c5x,<PERSON> movie,2024-06-22T15:55:42+00:00,,,👍: 1
20906,m2023x9c5x,https://t.me/m2023x9c5x,Avvsham movie,2024-06-19T08:52:32+00:00,,,
20904,m2023x9c5x,https://t.me/m2023x9c5x,Hi,2024-06-19T06:16:02+00:00,,,
20897,m2023x9c5x,https://t.me/m2023x9c5x,Hell boy 1 2 3 parts upload bhai waiting,2024-06-18T13:01:28+00:00,,,
20890,m2023x9c5x,https://t.me/m2023x9c5x,Mastram web series,2024-06-17T16:19:28+00:00,,,
20889,m2023x9c5x,https://t.me/m2023x9c5x,Avesham movie,2024-06-17T15:16:28+00:00,,,
20887,m2023x9c5x,https://t.me/m2023x9c5x,<PERSON> movie,2024-06-17T12:41:14+00:00,,,
20871,m2023x9c5x,https://t.me/m2023x9c5x,తెలుగు.. మేడం... మూవీస్,2024-06-15T20:29:59+00:00,,,
20868,m2023x9c5x,https://t.me/m2023x9c5x,Trance telugu movie,2024-06-15T10:46:18+00:00,,,
20862,m2023x9c5x,https://t.me/m2023x9c5x,<PERSON> movie <NRP>,2024-06-15T05:50:33+00:00,,,
20853,m2023x9c5x,https://t.me/m2023x9c5x,Movie rules. All movies,2024-06-13T11:14:04+00:00,,,
20847,m2023x9c5x,https://t.me/m2023x9c5x,"Please send the website link, the previous one is not working",2024-06-13T03:31:11+00:00,,,
20844,m2023x9c5x,https://t.me/m2023x9c5x,Garudan <NRP> movie,2024-06-12T07:11:38+00:00,,,
20838,m2023x9c5x,https://t.me/m2023x9c5x,Dada movie,2024-06-11T16:11:57+00:00,,,
20832,m2023x9c5x,https://t.me/m2023x9c5x,Dada movie,2024-06-10T09:27:41+00:00,,,
20830,m2023x9c5x,https://t.me/m2023x9c5x,<PERSON>,2024-06-09T09:57:43+00:00,,,
20822,m2023x9c5x,https://t.me/m2023x9c5x,<PERSON> in <NRP>,2024-06-08T07:26:58+00:00,,,
20812,m2023x9c5x,https://t.me/m2023x9c5x,Hi,2024-06-07T10:02:17+00:00,,,
20806,m2023x9c5x,https://t.me/m2023x9c5x,<PERSON>,2024-06-06T08:16:28+00:00,,,
20796,m2023x9c5x,https://t.me/m2023x9c5x,Annaandhariki phone isthunav mari naku appudu isthav anna,2024-06-04T16:55:16+00:00,,,
20791,m2023x9c5x,https://t.me/m2023x9c5x,Hello <NRP>,2024-06-04T07:37:15+00:00,,,
20783,m2023x9c5x,https://t.me/m2023x9c5x,New movie,2024-06-03T04:16:36+00:00,,,
20777,m2023x9c5x,https://t.me/m2023x9c5x,<PERSON>,2024-06-02T07:49:56+00:00,,,
20774,m2023x9c5x,https://t.me/m2023x9c5x,<PERSON>moves,2024-06-02T01:00:31+00:00,,,
20764,m2023x9c5x,https://t.me/m2023x9c5x,<PERSON> i love you Kannada movie,2024-06-01T04:44:13+00:00,,,
20757,m2023x9c5x,https://t.me/m2023x9c5x,<PERSON> MBBS kannda movie,2024-05-31T11:36:30+00:00,,,
20755,m2023x9c5x,https://t.me/m2023x9c5x,Gangs of godavari movie,2024-05-31T06:27:31+00:00,,,👍: 1
20752,m2023x9c5x,https://t.me/m2023x9c5x,Hostel days movie in <NRP> plz 🥺,2024-05-30T13:33:09+00:00,,,
20751,m2023x9c5x,https://t.me/m2023x9c5x,<PERSON>,2024-05-30T13:31:19+00:00,,,
20750,m2023x9c5x,https://t.me/m2023x9c5x,<NRP> movies,2024-05-30T06:50:54+00:00,,,
20739,m2023x9c5x,https://t.me/m2023x9c5x,Hii,2024-05-28T18:53:32+00:00,,,
20733,m2023x9c5x,https://t.me/m2023x9c5x,Kannada move kaatera,2024-05-27T18:07:30+00:00,,,
20732,m2023x9c5x,https://t.me/m2023x9c5x,<PERSON> movie link,2024-05-27T16:51:33+00:00,,,
20723,m2023x9c5x,https://t.me/m2023x9c5x,Street dancer 3D <NRP> movie,2024-05-27T04:31:47+00:00,,,
20711,m2023x9c5x,https://t.me/m2023x9c5x,Raju yadav move,2024-05-25T19:07:35+00:00,,,
20705,m2023x9c5x,https://t.me/m2023x9c5x,Martin movie,2024-05-25T14:53:40+00:00,,,
20697,m2023x9c5x,https://t.me/m2023x9c5x,By to love,2024-05-25T06:17:05+00:00,,,
20696,m2023x9c5x,https://t.me/m2023x9c5x,Line king movie <NRP>,2024-05-25T06:02:23+00:00,,,
20678,m2023x9c5x,https://t.me/m2023x9c5x,Andhra Pori,2024-05-23T14:18:23+00:00,,,
20677,m2023x9c5x,https://t.me/m2023x9c5x,New movie <NRP>,2024-05-23T11:37:00+00:00,,,
20676,m2023x9c5x,https://t.me/m2023x9c5x,Hi,2024-05-23T11:21:20+00:00,,,
20674,m2023x9c5x,https://t.me/m2023x9c5x,New movies,2024-05-23T10:33:06+00:00,,,
20670,m2023x9c5x,https://t.me/m2023x9c5x,New movie,2024-05-22T17:22:58+00:00,,,
20655,m2023x9c5x,https://t.me/m2023x9c5x,New movie,2024-05-21T09:57:38+00:00,,,
20651,m2023x9c5x,https://t.me/m2023x9c5x,<PERSON> movie,2024-05-20T15:22:36+00:00,,,👍: 1
20641,m2023x9c5x,https://t.me/m2023x9c5x,Happy,2024-05-20T05:18:05+00:00,,,
20636,m2023x9c5x,https://t.me/m2023x9c5x,Dj tillu 2 movie,2024-05-19T14:58:03+00:00,,,
20633,m2023x9c5x,https://t.me/m2023x9c5x,Villa Horror movie,2024-05-19T11:19:48+00:00,,,
20620,m2023x9c5x,https://t.me/m2023x9c5x,<NRP> movie,2024-05-17T20:00:26+00:00,,,
20603,m2023x9c5x,https://t.me/m2023x9c5x,Sathya movie,2024-05-16T12:36:56+00:00,,,
20600,m2023x9c5x,https://t.me/m2023x9c5x,<PERSON> of <PERSON>,2024-05-15T11:15:54+00:00,,,
20599,m2023x9c5x,https://t.me/m2023x9c5x,<PERSON> telugu,2024-05-15T09:20:38+00:00,,,
20596,m2023x9c5x,https://t.me/m2023x9c5x,Totaapuri movie,2024-05-15T01:28:56+00:00,,,👍: 1
20594,m2023x9c5x,https://t.me/m2023x9c5x,Hiiii 👋<NRP>,2024-05-14T18:47:15+00:00,,,
20589,m2023x9c5x,https://t.me/m2023x9c5x,<PERSON>,2024-05-14T10:52:27+00:00,,,
20588,m2023x9c5x,https://t.me/m2023x9c5x,Evil dead,2024-05-14T09:07:15+00:00,,,
20585,m2023x9c5x,https://t.me/m2023x9c5x,<PERSON> movie telugu hd,2024-05-14T03:14:01+00:00,,,
20576,m2023x9c5x,https://t.me/m2023x9c5x,<PERSON> movie,2024-05-12T04:18:48+00:00,,,
20573,m2023x9c5x,https://t.me/m2023x9c5x,Hlo,2024-05-12T01:19:08+00:00,,,
20567,m2023x9c5x,https://t.me/m2023x9c5x,<PERSON>,2024-05-11T06:51:18+00:00,,,
20566,m2023x9c5x,https://t.me/m2023x9c5x,DJ <PERSON> version movie,2024-05-11T03:20:38+00:00,,,
20561,m2023x9c5x,https://t.me/m2023x9c5x,Permalu movie,2024-05-10T07:02:05+00:00,,,
20560,m2023x9c5x,https://t.me/m2023x9c5x,<PERSON>,2024-05-10T06:38:09+00:00,,,
20558,m2023x9c5x,https://t.me/m2023x9c5x,3ne movie,2024-05-09T18:25:45+00:00,,,
20552,m2023x9c5x,https://t.me/m2023x9c5x,Beast <PERSON> move  telugu,2024-05-08T13:08:07+00:00,,,👍: 1
20551,m2023x9c5x,https://t.me/m2023x9c5x,DJ <PERSON> 2,2024-05-08T10:36:00+00:00,,,
20550,m2023x9c5x,https://t.me/m2023x9c5x,Premalu movie <NRP>,2024-05-08T07:11:07+00:00,,,
20549,m2023x9c5x,https://t.me/m2023x9c5x,Send <PERSON> boys,2024-05-08T05:13:13+00:00,,,👍: 1
20541,m2023x9c5x,https://t.me/m2023x9c5x,Premalu movie,2024-05-07T16:20:32+00:00,,,
20535,m2023x9c5x,https://t.me/m2023x9c5x,Hi,2024-05-07T09:31:20+00:00,,,👍: 1
20533,m2023x9c5x,https://t.me/m2023x9c5x,"Ghost rider spirit of vengeance 
In <NRP>",2024-05-07T06:36:20+00:00,,,
20531,m2023x9c5x,https://t.me/m2023x9c5x,<PERSON> movie <PERSON>,2024-05-07T03:23:09+00:00,,,👍: 1
20523,m2023x9c5x,https://t.me/m2023x9c5x,<NRP>,2024-05-05T19:29:23+00:00,,,
20522,m2023x9c5x,https://t.me/m2023x9c5x,ishaqzaade movie,2024-05-05T18:07:49+00:00,,,
20516,m2023x9c5x,https://t.me/m2023x9c5x,Movies,2024-05-05T09:14:53+00:00,,,
20509,m2023x9c5x,https://t.me/m2023x9c5x,<PERSON>,2024-05-04T08:13:14+00:00,,,
20508,m2023x9c5x,https://t.me/m2023x9c5x,❤️❤️,2024-05-04T08:12:43+00:00,,,
20489,m2023x9c5x,https://t.me/m2023x9c5x,<PERSON>,2024-05-01T15:17:26+00:00,,,👍: 2
20486,m2023x9c5x,https://t.me/m2023x9c5x,<PERSON> in <NRP>,2024-05-01T12:48:15+00:00,,,
20469,m2023x9c5x,https://t.me/m2023x9c5x,Hii,2024-04-28T17:03:40+00:00,,,👍: 2
20465,m2023x9c5x,https://t.me/m2023x9c5x,<PERSON> adhityan,2024-04-28T10:29:56+00:00,,,
20463,m2023x9c5x,https://t.me/m2023x9c5x,<PERSON> movie <NRP>,2024-04-28T08:05:32+00:00,,,
20456,m2023x9c5x,https://t.me/m2023x9c5x,Hi,2024-04-27T06:40:39+00:00,,,
20446,m2023x9c5x,https://t.me/m2023x9c5x,<PERSON> movie,2024-04-25T07:44:44+00:00,,,
20442,m2023x9c5x,https://t.me/m2023x9c5x,<PERSON> 2 kannada,2024-04-24T17:06:07+00:00,,,
20430,m2023x9c5x,https://t.me/m2023x9c5x,<PERSON> full movie,2024-04-23T11:59:56+00:00,,,
20429,m2023x9c5x,https://t.me/m2023x9c5x,Ayalan movie in <NRP> hd,2024-04-23T11:27:33+00:00,,,
20417,m2023x9c5x,https://t.me/m2023x9c5x,Dj thillu 2movie,2024-04-22T15:03:20+00:00,,,
20415,m2023x9c5x,https://t.me/m2023x9c5x,Dj thillu 2movie,2024-04-22T09:02:11+00:00,,,
20412,m2023x9c5x,https://t.me/m2023x9c5x,Avatar 2 telugu,2024-04-22T05:47:05+00:00,,,
20408,m2023x9c5x,https://t.me/m2023x9c5x,All,2024-04-22T02:12:48+00:00,,,
20406,m2023x9c5x,https://t.me/m2023x9c5x,<NRP> movie,2024-04-21T16:18:06+00:00,,,
20391,m2023x9c5x,https://t.me/m2023x9c5x,Sex movies,2024-04-20T08:43:41+00:00,,,
20384,m2023x9c5x,https://t.me/m2023x9c5x,Pooja movie in <NRP> Vishal hero link bro,2024-04-19T04:30:01+00:00,,,
20383,m2023x9c5x,https://t.me/m2023x9c5x,Kanchana 3 <NRP> movie,2024-04-19T03:05:46+00:00,,,
20378,m2023x9c5x,https://t.me/m2023x9c5x,Ism movie link,2024-04-18T12:02:07+00:00,,,
20371,m2023x9c5x,https://t.me/m2023x9c5x,Hi,2024-04-17T19:26:45+00:00,,,
20366,m2023x9c5x,https://t.me/m2023x9c5x,<NRP>,2024-04-17T09:42:59+00:00,,,
20347,m2023x9c5x,https://t.me/m2023x9c5x,Hii,2024-04-15T14:28:07+00:00,,,
20346,m2023x9c5x,https://t.me/m2023x9c5x,🤚,2024-04-15T12:35:42+00:00,,,
20341,m2023x9c5x,https://t.me/m2023x9c5x,<PERSON> full movie <NRP>,2024-04-15T08:36:24+00:00,,,
20335,m2023x9c5x,https://t.me/m2023x9c5x,The family star movie <NRP>,2024-04-14T14:36:24+00:00,,,
20324,m2023x9c5x,https://t.me/m2023x9c5x,Hi,2024-04-13T17:12:41+00:00,,,
20322,m2023x9c5x,https://t.me/m2023x9c5x,New moves <NRP>,2024-04-13T14:22:22+00:00,,,👾: 1
20321,m2023x9c5x,https://t.me/m2023x9c5x,Movie <PERSON> please send me link,2024-04-13T14:08:30+00:00,,,
20311,m2023x9c5x,https://t.me/m2023x9c5x,12th fail movie link in <NRP> bhejo bhai,2024-04-13T04:11:45+00:00,,,
20308,m2023x9c5x,https://t.me/m2023x9c5x,<PERSON>  new movie,2024-04-12T16:09:32+00:00,,,
20307,m2023x9c5x,https://t.me/m2023x9c5x,New movie,2024-04-12T14:28:53+00:00,,,
20304,m2023x9c5x,https://t.me/m2023x9c5x,Permalu,2024-04-12T07:03:43+00:00,,,👍: 1
20299,m2023x9c5x,https://t.me/m2023x9c5x,<NRP>,2024-04-11T08:42:07+00:00,,,
20298,m2023x9c5x,https://t.me/m2023x9c5x,Kanthara,2024-04-11T08:38:24+00:00,,,
20297,m2023x9c5x,https://t.me/m2023x9c5x,<PERSON> movie <NRP>,2024-04-11T07:57:13+00:00,,,
20289,m2023x9c5x,https://t.me/m2023x9c5x,Hi,2024-04-10T12:35:56+00:00,,,
20287,m2023x9c5x,https://t.me/m2023x9c5x,Hi,2024-04-10T10:51:58+00:00,,,
20279,m2023x9c5x,https://t.me/m2023x9c5x,Hi,2024-04-10T02:54:11+00:00,,,
20272,m2023x9c5x,https://t.me/m2023x9c5x,Hi,2024-04-09T08:23:38+00:00,,,
20271,m2023x9c5x,https://t.me/m2023x9c5x,<NRP> new movie link please,2024-04-09T07:14:03+00:00,,,
20270,m2023x9c5x,https://t.me/m2023x9c5x,Hlo,2024-04-09T06:53:35+00:00,,,
20264,m2023x9c5x,https://t.me/m2023x9c5x,All full movie in <NRP>,2024-04-08T22:34:26+00:00,,,
20259,m2023x9c5x,https://t.me/m2023x9c5x,<PERSON> <DATE_TIME> movie,2024-04-08T13:25:59+00:00,,,
20258,m2023x9c5x,https://t.me/m2023x9c5x,Dj tillu,2024-04-08T09:48:55+00:00,,,
20257,m2023x9c5x,https://t.me/m2023x9c5x,Mejar Telugu movie,2024-04-08T09:33:49+00:00,,,
20254,m2023x9c5x,https://t.me/m2023x9c5x,Camandoo 3 movie,2024-04-08T06:22:01+00:00,,,
20250,m2023x9c5x,https://t.me/m2023x9c5x,<PERSON> 2 movie,2024-04-08T04:23:16+00:00,,,
20223,m2023x9c5x,https://t.me/m2023x9c5x,"<PERSON>:
<PERSON> 2 movie

<PERSON>:
DJ <PERSON> movie",2024-04-06T06:42:38+00:00,,,
20216,m2023x9c5x,https://t.me/m2023x9c5x,<PERSON>,2024-04-05T15:34:03+00:00,,,
20208,m2023x9c5x,https://t.me/m2023x9c5x,Send us new movie links,2024-04-05T04:19:56+00:00,,,
20202,m2023x9c5x,https://t.me/m2023x9c5x,<PERSON> full movie,2024-04-04T11:53:29+00:00,,,
20200,m2023x9c5x,https://t.me/m2023x9c5x,<PERSON> <NRP> movie,2024-04-04T08:44:12+00:00,,,
20178,m2023x9c5x,https://t.me/m2023x9c5x,<PERSON> 2 movie <NRP>,2024-04-03T03:23:14+00:00,,,
20175,m2023x9c5x,https://t.me/m2023x9c5x,Hii,2024-04-02T19:03:41+00:00,,,
20171,m2023x9c5x,https://t.me/m2023x9c5x,Bharamayugam,2024-04-02T07:14:29+00:00,,,👍: 1
20170,m2023x9c5x,https://t.me/m2023x9c5x,Hi brother <PERSON> tillu 2 movie in <NRP>,2024-04-02T04:52:33+00:00,,,
20169,m2023x9c5x,https://t.me/m2023x9c5x,హాయ్,2024-04-02T04:17:58+00:00,,,
20164,m2023x9c5x,https://t.me/m2023x9c5x,Link cheyandi,2024-04-01T15:57:34+00:00,,,
20163,m2023x9c5x,https://t.me/m2023x9c5x,Bro dj tillu 2 movie bro,2024-04-01T15:37:40+00:00,,,
20156,m2023x9c5x,https://t.me/m2023x9c5x,Bro dj tillu 2 movie bro,2024-04-01T07:56:20+00:00,,,
20125,m2023x9c5x,https://t.me/m2023x9c5x,<PERSON> 2 movie,2024-03-30T09:38:54+00:00,,,
20123,m2023x9c5x,https://t.me/m2023x9c5x,Premalu മലയാളം ഫിലിം,2024-03-30T06:31:27+00:00,,,
20120,m2023x9c5x,https://t.me/m2023x9c5x,Dj tillu movie,2024-03-30T06:00:33+00:00,,,
20118,m2023x9c5x,https://t.me/m2023x9c5x,Dj tillu 2 movie  in <NRP>,2024-03-30T05:34:19+00:00,,,
20116,m2023x9c5x,https://t.me/m2023x9c5x,DJ <PERSON> 2 update please,2024-03-30T03:08:45+00:00,,,
20113,m2023x9c5x,https://t.me/m2023x9c5x,Label,2024-03-29T21:05:00+00:00,,,
20111,m2023x9c5x,https://t.me/m2023x9c5x,Yuva movie in kannada,2024-03-29T17:34:18+00:00,,,
20104,m2023x9c5x,https://t.me/m2023x9c5x,Till 2,2024-03-29T11:42:34+00:00,,,
20101,m2023x9c5x,https://t.me/m2023x9c5x,DJ <PERSON>,2024-03-29T09:23:28+00:00,,,
20098,m2023x9c5x,https://t.me/m2023x9c5x,DJ <PERSON> movie,2024-03-29T07:42:41+00:00,,,❤: 2
20095,m2023x9c5x,https://t.me/m2023x9c5x,<PERSON> 2 movie please <PERSON>,2024-03-29T07:12:08+00:00,,,
20094,m2023x9c5x,https://t.me/m2023x9c5x,Dj tillu 2,2024-03-29T07:11:52+00:00,,,
20093,m2023x9c5x,https://t.me/m2023x9c5x,<PERSON>,2024-03-29T07:03:47+00:00,,,
20091,m2023x9c5x,https://t.me/m2023x9c5x,<PERSON> 2 movie,2024-03-29T05:34:23+00:00,,,
20082,m2023x9c5x,https://t.me/m2023x9c5x,Thubbad telagu movi,2024-03-28T16:57:35+00:00,,,
20081,m2023x9c5x,https://t.me/m2023x9c5x,<PERSON> movie link send me,2024-03-28T14:50:47+00:00,,,
20080,m2023x9c5x,https://t.me/m2023x9c5x,Dj tillu 2,2024-03-28T11:00:05+00:00,,,
20079,m2023x9c5x,https://t.me/m2023x9c5x,Garjila new movie,2024-03-28T10:34:27+00:00,,,
20075,m2023x9c5x,https://t.me/m2023x9c5x,<PERSON> kanada movie <PERSON> plz,2024-03-28T07:35:31+00:00,,,
20070,m2023x9c5x,https://t.me/m2023x9c5x,Z,2024-03-27T18:44:55+00:00,,,
20067,m2023x9c5x,https://t.me/m2023x9c5x,Hi,2024-03-27T13:02:00+00:00,,,
20065,m2023x9c5x,https://t.me/m2023x9c5x,Hi,2024-03-27T07:06:15+00:00,,,
20061,m2023x9c5x,https://t.me/m2023x9c5x,<PERSON> movie in Telugu and kannada,2024-03-26T17:09:29+00:00,,,
20056,m2023x9c5x,https://t.me/m2023x9c5x,Avathar 2telugu movie send me,2024-03-26T14:23:31+00:00,,,
20055,m2023x9c5x,https://t.me/m2023x9c5x,Vivekam movie,2024-03-26T08:19:27+00:00,,,
20047,m2023x9c5x,https://t.me/m2023x9c5x,Fighter movie <NRP>,2024-03-25T14:33:42+00:00,,,
20042,m2023x9c5x,https://t.me/m2023x9c5x,వివేకం movie,2024-03-25T03:45:37+00:00,,,
20020,m2023x9c5x,https://t.me/m2023x9c5x,OZler,2024-03-23T12:44:11+00:00,,,
20016,m2023x9c5x,https://t.me/m2023x9c5x,Sakepare movie download in <NRP>,2024-03-23T07:14:32+00:00,,,
20008,m2023x9c5x,https://t.me/m2023x9c5x,<PERSON> boys,2024-03-22T12:59:09+00:00,,,👍: 2
19993,m2023x9c5x,https://t.me/m2023x9c5x,Premalu,2024-03-21T03:28:18+00:00,,,
19991,m2023x9c5x,https://t.me/m2023x9c5x,Mirzapur 1,2024-03-20T18:16:10+00:00,,,
19986,m2023x9c5x,https://t.me/m2023x9c5x,<PERSON> move,2024-03-20T11:41:32+00:00,,,
19984,m2023x9c5x,https://t.me/m2023x9c5x,Dune,2024-03-20T08:43:25+00:00,,,
19983,m2023x9c5x,https://t.me/m2023x9c5x,Jaanu movie in telugu pls,2024-03-19T20:40:09+00:00,,,
19981,m2023x9c5x,https://t.me/m2023x9c5x,Hi,2024-03-19T17:42:17+00:00,,,
19973,m2023x9c5x,https://t.me/m2023x9c5x,<PERSON> movie,2024-03-19T09:37:22+00:00,,,
19972,m2023x9c5x,https://t.me/m2023x9c5x,Yes,2024-03-19T05:22:30+00:00,,,❤: 1
19963,m2023x9c5x,https://t.me/m2023x9c5x,Squid game send me please,2024-03-18T10:14:11+00:00,,,
19961,m2023x9c5x,https://t.me/m2023x9c5x,Lover hd pls,2024-03-18T08:29:44+00:00,,,
19953,m2023x9c5x,https://t.me/m2023x9c5x,<PERSON>,2024-03-17T14:33:55+00:00,,,
19952,m2023x9c5x,https://t.me/m2023x9c5x,Tantiram,2024-03-17T08:13:48+00:00,,,👍: 1
19950,m2023x9c5x,https://t.me/m2023x9c5x,Please send me razakar <NRP> movie link send,2024-03-17T07:20:44+00:00,,,
19948,m2023x9c5x,https://t.me/m2023x9c5x,<PERSON> movie,2024-03-17T05:25:18+00:00,,,
19927,m2023x9c5x,https://t.me/m2023x9c5x,dada movi,2024-03-16T07:06:34+00:00,,,
19925,m2023x9c5x,https://t.me/m2023x9c5x,I need exploits of a young <PERSON>,2024-03-16T06:00:34+00:00,,,
19921,m2023x9c5x,https://t.me/m2023x9c5x,Hanuman HD Telugu movie link send me please Bro,2024-03-15T19:42:32+00:00,,,
19913,m2023x9c5x,https://t.me/m2023x9c5x,KGF chapter 2 movie,2024-03-15T13:32:11+00:00,,,
19910,m2023x9c5x,https://t.me/m2023x9c5x,Tantra and razakar,2024-03-15T07:57:27+00:00,,,
19908,m2023x9c5x,https://t.me/m2023x9c5x,Hlo,2024-03-15T07:13:53+00:00,,,
19907,m2023x9c5x,https://t.me/m2023x9c5x,<PERSON>,2024-03-15T03:52:11+00:00,,,
19903,m2023x9c5x,https://t.me/m2023x9c5x,Jailer movie telugu,2024-03-14T18:32:30+00:00,,,
19902,m2023x9c5x,https://t.me/m2023x9c5x,Showtime,2024-03-14T16:43:34+00:00,,,
19898,m2023x9c5x,https://t.me/m2023x9c5x,Movie <PERSON> is not working please send me link,2024-03-14T15:42:06+00:00,,,👍: 1
19897,m2023x9c5x,https://t.me/m2023x9c5x,<PERSON> movies,2024-03-14T15:33:50+00:00,,,
19887,m2023x9c5x,https://t.me/m2023x9c5x,New movies plz,2024-03-14T10:26:46+00:00,,,
19871,m2023x9c5x,https://t.me/m2023x9c5x,"<PERSON>, <PERSON>, <PERSON>",2024-03-13T02:20:56+00:00,,,
19865,m2023x9c5x,https://t.me/m2023x9c5x,<PERSON> movies,2024-03-12T15:30:52+00:00,,,
19863,m2023x9c5x,https://t.me/m2023x9c5x,<PERSON> movie send,2024-03-12T15:07:54+00:00,,,
19857,m2023x9c5x,https://t.me/m2023x9c5x,<PERSON> movie,2024-03-12T09:32:02+00:00,,,
19853,m2023x9c5x,https://t.me/m2023x9c5x,Super nani movie,2024-03-12T05:00:31+00:00,,,
19850,m2023x9c5x,https://t.me/m2023x9c5x,<PERSON>,2024-03-12T04:11:41+00:00,,,
19846,m2023x9c5x,https://t.me/m2023x9c5x,<PERSON>,2024-03-11T19:32:10+00:00,,,
19845,m2023x9c5x,https://t.me/m2023x9c5x,KGF chapter 2 movie send bro,2024-03-11T18:44:26+00:00,,,
19841,m2023x9c5x,https://t.me/m2023x9c5x,Beema move send me,2024-03-11T15:21:34+00:00,,,
19840,m2023x9c5x,https://t.me/m2023x9c5x,DD movie send me,2024-03-11T15:00:08+00:00,,,❤: 1
19835,m2023x9c5x,https://t.me/m2023x9c5x,<NRP> movies,2024-03-11T08:25:07+00:00,,,
19832,m2023x9c5x,https://t.me/m2023x9c5x,Kannada movie new,2024-03-11T07:35:02+00:00,,,
19823,m2023x9c5x,https://t.me/m2023x9c5x,300 Yodhulu movie,2024-03-10T17:25:33+00:00,,,
19822,m2023x9c5x,https://t.me/m2023x9c5x,Na samiranga move pettu brother,2024-03-10T15:40:20+00:00,,,
19817,m2023x9c5x,https://t.me/m2023x9c5x,Saba nayagan kannada movie bro plz me ❤️❤️❤️❤️❤️❤️❤️❤️❤️,2024-03-10T07:27:53+00:00,,,👍: 1
19800,m2023x9c5x,https://t.me/m2023x9c5x,<PERSON>,2024-03-09T11:28:53+00:00,,,
19798,m2023x9c5x,https://t.me/m2023x9c5x,ತೆಲುಗು ಭೀಮ ಮೂವಿ,2024-03-09T09:56:42+00:00,,,
19792,m2023x9c5x,https://t.me/m2023x9c5x,Bama kalapam 1 <NRP> movie,2024-03-09T07:05:38+00:00,,,
19790,m2023x9c5x,https://t.me/m2023x9c5x,<NRP>,2024-03-09T02:57:25+00:00,,,
19788,m2023x9c5x,https://t.me/m2023x9c5x,Maharani 3 links are not available on site bro can you update it,2024-03-08T19:27:13+00:00,,,
19784,m2023x9c5x,https://t.me/m2023x9c5x,<PERSON>,2024-03-08T17:26:32+00:00,,,
19781,m2023x9c5x,https://t.me/m2023x9c5x,Gaami,2024-03-08T15:37:31+00:00,,,
19775,m2023x9c5x,https://t.me/m2023x9c5x,Gaami movie,2024-03-08T14:17:46+00:00,,,
19764,m2023x9c5x,https://t.me/m2023x9c5x,<PERSON>,2024-03-08T08:48:15+00:00,,,
19759,m2023x9c5x,https://t.me/m2023x9c5x,<PERSON>,2024-03-08T06:07:18+00:00,,,
19755,m2023x9c5x,https://t.me/m2023x9c5x,<PERSON> full movie <NRP>,2024-03-08T03:32:52+00:00,,,
19751,m2023x9c5x,https://t.me/m2023x9c5x,Please send me link bro,2024-03-07T20:33:32+00:00,,,😁: 1
19749,m2023x9c5x,https://t.me/m2023x9c5x,Hanuman HD Telugu movie link 🔗 send me bro please,2024-03-07T18:56:08+00:00,,,
19745,m2023x9c5x,https://t.me/m2023x9c5x,<NRP> movie bro,2024-03-07T11:04:44+00:00,,,
19743,m2023x9c5x,https://t.me/m2023x9c5x,<PERSON> <NRP> movi,2024-03-07T07:25:32+00:00,,,👍: 1
19736,m2023x9c5x,https://t.me/m2023x9c5x,<PERSON>,2024-03-05T07:38:47+00:00,,,
19733,m2023x9c5x,https://t.me/m2023x9c5x,mayapetika,2024-03-05T04:43:21+00:00,,,
19728,m2023x9c5x,https://t.me/m2023x9c5x,<PERSON> master,2024-03-04T17:12:04+00:00,,,
19726,m2023x9c5x,https://t.me/m2023x9c5x,Tumbbad,2024-03-04T17:00:47+00:00,,,
19724,m2023x9c5x,https://t.me/m2023x9c5x,Operation valentine movie,2024-03-04T13:37:47+00:00,,,
19707,m2023x9c5x,https://t.me/m2023x9c5x,వ్యూహం సినిమా,2024-03-03T11:46:51+00:00,,,
19705,m2023x9c5x,https://t.me/m2023x9c5x,Muham movie,2024-03-03T08:45:44+00:00,,,
19704,m2023x9c5x,https://t.me/m2023x9c5x,<PERSON>,2024-03-03T08:24:38+00:00,,,
19689,m2023x9c5x,https://t.me/m2023x9c5x,12th fail movie <PERSON>,2024-03-02T09:11:24+00:00,,,
19688,m2023x9c5x,https://t.me/m2023x9c5x,<PERSON> movie telugu,2024-03-02T09:10:17+00:00,,,
19687,m2023x9c5x,https://t.me/m2023x9c5x,Aylalaan movi,2024-03-02T08:40:29+00:00,,,
19682,m2023x9c5x,https://t.me/m2023x9c5x,<PERSON> marriage band,2024-03-01T18:09:13+00:00,,,
19679,m2023x9c5x,https://t.me/m2023x9c5x,We want <PERSON> telugu,2024-03-01T17:17:41+00:00,,,
19671,m2023x9c5x,https://t.me/m2023x9c5x,Students no1 <NRP> movies,2024-03-01T09:22:16+00:00,,,
19670,m2023x9c5x,https://t.me/m2023x9c5x,Operation Valentine,2024-03-01T08:30:49+00:00,,,👍: 1
19663,m2023x9c5x,https://t.me/m2023x9c5x,<NRP> movie,2024-02-29T08:32:13+00:00,,,
19660,m2023x9c5x,https://t.me/m2023x9c5x,<PERSON> movie,2024-02-29T03:37:56+00:00,,,
19659,m2023x9c5x,https://t.me/m2023x9c5x,Game of thrones all parts <NRP>,2024-02-29T01:48:16+00:00,,,
19652,m2023x9c5x,https://t.me/m2023x9c5x,<PERSON> movie,2024-02-27T19:10:46+00:00,,,
19650,m2023x9c5x,https://t.me/m2023x9c5x,Tq bro,2024-02-27T18:29:00+00:00,,,
19643,m2023x9c5x,https://t.me/m2023x9c5x,ನಟಸಾರ್ವಭೌಮ <NRP> movie,2024-02-27T14:48:23+00:00,,,
19631,m2023x9c5x,https://t.me/m2023x9c5x,ℍ𝕚,2024-02-26T14:52:52+00:00,,,
19620,m2023x9c5x,https://t.me/m2023x9c5x,Movies pampichara bro,2024-02-26T06:12:36+00:00,,,
19616,m2023x9c5x,https://t.me/m2023x9c5x,<PERSON> move telugu,2024-02-25T19:54:53+00:00,,,
19614,m2023x9c5x,https://t.me/m2023x9c5x,Son of God <NRP> movie upload chey bro please <PERSON> bro,2024-02-25T17:44:42+00:00,,,
19606,m2023x9c5x,https://t.me/m2023x9c5x,Rajasthani files movie,2024-02-25T07:01:04+00:00,,,
19605,m2023x9c5x,https://t.me/m2023x9c5x,Hi,2024-02-25T05:08:21+00:00,,,
19600,m2023x9c5x,https://t.me/m2023x9c5x,It English dubbing movie,2024-02-25T03:32:27+00:00,,,
19597,m2023x9c5x,https://t.me/m2023x9c5x,<PERSON> 2 movie <PERSON> bro 😊,2024-02-24T23:26:43+00:00,,,
19596,m2023x9c5x,https://t.me/m2023x9c5x,Hi,2024-02-24T23:24:05+00:00,,,
19591,m2023x9c5x,https://t.me/m2023x9c5x,Hi,2024-02-24T12:58:03+00:00,,,
19589,m2023x9c5x,https://t.me/m2023x9c5x,Bro madam web pettu bro <NRP>,2024-02-24T12:14:29+00:00,,,
19588,m2023x9c5x,https://t.me/m2023x9c5x,Hi,2024-02-24T11:57:01+00:00,,,👍: 2
19580,m2023x9c5x,https://t.me/m2023x9c5x,Extra ordinary man,2024-02-23T17:04:16+00:00,,,👍: 1
19579,m2023x9c5x,https://t.me/m2023x9c5x,Rajadani <NRP> movie haki,2024-02-23T17:01:22+00:00,,,
19570,m2023x9c5x,https://t.me/m2023x9c5x,Eagle kannada movie haki,2024-02-23T10:16:23+00:00,,,
19561,m2023x9c5x,https://t.me/m2023x9c5x,Upendra 2 <NRP> movie,2024-02-23T01:37:34+00:00,,,👍: 1
19556,m2023x9c5x,https://t.me/m2023x9c5x,<PERSON> uljha hate,2024-02-22T17:32:05+00:00,,,
19551,m2023x9c5x,https://t.me/m2023x9c5x,Super,2024-02-22T14:25:09+00:00,,,
19546,m2023x9c5x,https://t.me/m2023x9c5x,<PERSON> hd,2024-02-22T12:14:41+00:00,,,
19532,m2023x9c5x,https://t.me/m2023x9c5x,Need HALO 2 ND SESSION,2024-02-21T16:53:20+00:00,,,👍: 1
19530,m2023x9c5x,https://t.me/m2023x9c5x,<PERSON> movie,2024-02-21T16:12:57+00:00,,,👍: 1
19529,m2023x9c5x,https://t.me/m2023x9c5x,<PERSON>,2024-02-21T15:57:15+00:00,,,👍: 1
19524,m2023x9c5x,https://t.me/m2023x9c5x,<PERSON> movie <NRP>,2024-02-21T13:59:56+00:00,,,👍: 2
19523,m2023x9c5x,https://t.me/m2023x9c5x,<DATE_TIME>  <NRP> dabbaing <PERSON>,2024-02-21T13:56:15+00:00,,,👍: 1
19516,m2023x9c5x,https://t.me/m2023x9c5x,<PERSON>,2024-02-21T09:24:48+00:00,,,
19513,m2023x9c5x,https://t.me/m2023x9c5x,Upadhaakshay,2024-02-21T08:33:37+00:00,,,👍: 6
19512,m2023x9c5x,https://t.me/m2023x9c5x,<NRP>,2024-02-21T08:22:10+00:00,,,
19511,m2023x9c5x,https://t.me/m2023x9c5x,Hanuman kannada,2024-02-21T08:10:08+00:00,,,
19509,m2023x9c5x,https://t.me/m2023x9c5x,<PERSON> <NRP>,2024-02-21T08:02:38+00:00,,,👍: 1
