id,Channel ID,URL,message,date,views,forwards,reactions
140,m2023x9c5x,https://t.me/m2023x9c5x,https://www.5movierulz.media/ooru-peru-bhairavakona-2024-telugu/full-movie-watch-online-free-download-2049.html,2024-02-21T08:00:04+00:00,163970.0,235.0,"👍: 270, ❤: 50, 👎: 25, 💩: 18, 🥰: 9, 😁: 8, 👏: 7, 💊: 7, 🕊: 6"
21001,m2023x9c5x,https://t.me/m2023x9c5x,<PERSON> movie,2024-06-28T10:38:25+00:00,,,
20891,m2023x9c5x,https://t.me/m2023x9c5x,<PERSON> movie link haku bro,2024-06-18T01:29:22+00:00,,,
20873,m2023x9c5x,https://t.me/m2023x9c5x,New movie rulz,2024-06-16T05:24:13+00:00,,,
20692,m2023x9c5x,https://t.me/m2023x9c5x,pugb,2024-05-24T22:40:04+00:00,,,
20447,m2023x9c5x,https://t.me/m2023x9c5x,I need the link of this movie odhu sarala Prema kathe,2024-04-25T08:05:48+00:00,,,
20400,m2023x9c5x,https://t.me/m2023x9c5x,𝒽𝒾,2024-04-21T07:55:35+00:00,,,
20385,m2023x9c5x,https://t.me/m2023x9c5x,the family star,2024-04-19T05:19:10+00:00,,,
20370,m2023x9c5x,https://t.me/m2023x9c5x,Hii,2024-04-17T18:18:35+00:00,,,
20344,m2023x9c5x,https://t.me/m2023x9c5x,Hi,2024-04-15T11:12:02+00:00,,,
20331,m2023x9c5x,https://t.me/m2023x9c5x,<PERSON>  full movie <NRP>,2024-04-14T05:41:23+00:00,,,
20269,m2023x9c5x,https://t.me/m2023x9c5x,Kumari 21F,2024-04-09T06:31:32+00:00,,,
20147,m2023x9c5x,https://t.me/m2023x9c5x,Hi,2024-03-31T12:15:17+00:00,,,
20114,m2023x9c5x,https://t.me/m2023x9c5x,Avengers series,2024-03-30T02:58:15+00:00,,,
20022,m2023x9c5x,https://t.me/m2023x9c5x,3 movie link in <NRP>,2024-03-23T16:45:03+00:00,,,
20021,m2023x9c5x,https://t.me/m2023x9c5x,Hlo bro already camed in ibomma Hanuman movie,2024-03-23T13:16:08+00:00,,,
19980,m2023x9c5x,https://t.me/m2023x9c5x,Hi,2024-03-19T17:38:03+00:00,,,
19979,m2023x9c5x,https://t.me/m2023x9c5x,Bro Hanuman movie link petandi,2024-03-19T17:23:52+00:00,,,
19918,m2023x9c5x,https://t.me/m2023x9c5x,Hii,2024-03-15T16:03:12+00:00,,,
19911,m2023x9c5x,https://t.me/m2023x9c5x,🤚,2024-03-15T10:53:58+00:00,,,
19862,m2023x9c5x,https://t.me/m2023x9c5x,<PERSON> link please,2024-03-12T13:53:11+00:00,,,
19802,m2023x9c5x,https://t.me/m2023x9c5x,kannur squad,2024-03-09T15:04:53+00:00,,,
19672,m2023x9c5x,https://t.me/m2023x9c5x,<DATE_TIME> fail movie link send to group,2024-03-01T10:37:42+00:00,,,👍: 1
19628,m2023x9c5x,https://t.me/m2023x9c5x,Hi,2024-02-26T14:14:01+00:00,,,👍: 1
19626,m2023x9c5x,https://t.me/m2023x9c5x,Great movie,2024-02-26T13:50:58+00:00,,,👍: 1
19613,m2023x9c5x,https://t.me/m2023x9c5x,<PERSON> link <PERSON> send madi plzz,2024-02-25T16:50:35+00:00,,,
19611,m2023x9c5x,https://t.me/m2023x9c5x,Avengers series <PERSON>,2024-02-25T15:50:56+00:00,,,
19604,m2023x9c5x,https://t.me/m2023x9c5x,<PERSON> link please,2024-02-25T04:50:58+00:00,,,👍: 1
19592,m2023x9c5x,https://t.me/m2023x9c5x,Hi,2024-02-24T13:18:20+00:00,,,
19581,m2023x9c5x,https://t.me/m2023x9c5x,Tourrento akinchla,2024-02-23T18:05:43+00:00,,,
19575,m2023x9c5x,https://t.me/m2023x9c5x,Hi,2024-02-23T14:25:46+00:00,,,
19567,m2023x9c5x,https://t.me/m2023x9c5x,Hii,2024-02-23T08:44:46+00:00,,,
19553,m2023x9c5x,https://t.me/m2023x9c5x,Hi,2024-02-22T15:56:51+00:00,,,
19537,m2023x9c5x,https://t.me/m2023x9c5x,"<PERSON>  *<PERSON>  movie 
  Please upload 🎇🎆",2024-02-22T00:03:05+00:00,,,👍: 1
19534,m2023x9c5x,https://t.me/m2023x9c5x,Movie name,2024-02-21T17:13:06+00:00,,,👍: 2
19528,m2023x9c5x,https://t.me/m2023x9c5x,Link pettu,2024-02-21T15:51:53+00:00,,,
19515,m2023x9c5x,https://t.me/m2023x9c5x,Sure,2024-02-21T09:09:53+00:00,,,👍: 2
19510,m2023x9c5x,https://t.me/m2023x9c5x,Nice movie,2024-02-21T08:09:09+00:00,,,👍: 5
19507,m2023x9c5x,https://t.me/m2023x9c5x,Super movie 🥰🥰,2024-02-21T08:00:48+00:00,,,👍: 2
19506,m2023x9c5x,https://t.me/m2023x9c5x,Super,2024-02-21T08:00:39+00:00,,,👍: 3
