Channel ID,URL,Post ID,date,message,out,mentioned,media_unread,silent,post,from_scheduled,legacy,edit_hide,pinned,noforwards,peer_channel,from_id_user,fwd_from,via_bot_id,reply_to_msg_id,reply_to_scheduled,forum_topic,media_photo_id,reply_markup,views,forwards,replies,edit_date,post_author,grouped_id,reactions,restriction_reason,ttl_period
anime_ety,https://t.me/anime_ety,3199,2024-01-03 14:30:07,"🎬 : Delicious in Dungeon | Dungeon <PERSON>

🎭 : Adventure, Comedy, Fantasy
🔊 : English subbed 
<PERSON> : Ongoing 
<PERSON> : N/A
⭐️ : N/A ➖ Anilist",False,False,False,True,True,False,False,False,False,False,1279517958,,,,,,,6.100539051972083e+18,"{'_': 'ReplyInlineMarkup', 'rows': [{'_': 'KeyboardButtonRow', 'buttons': [{'_': 'KeyboardButtonUrl', 'text': '🎥🍿 Delicious In Dungeon', 'url': 'https://t.me/Delicious_In_Dungeon_01'}]}]}",99894,40,,2024-01-03T17:15:11+00:00,,,"{'_': 'MessageReactions', 'results': [{'_': 'ReactionCount', 'reaction': {'_': 'ReactionEmoji', 'emoticon': '👍'}, 'count': 46, 'chosen_order': None}, {'_': 'ReactionCount', 'reaction': {'_': 'ReactionEmoji', 'emoticon': '❤'}, 'count': 6, 'chosen_order': None}, {'_': 'ReactionCount', 'reaction': {'_': 'ReactionEmoji', 'emoticon': '🔥'}, 'count': 2, 'chosen_order': None}], 'min': False, 'can_see_list': False, 'reactions_as_tags': False, 'recent_reactions': []}",[],
anime_ety,https://t.me/anime_ety,3200,2024-01-04 11:46:46,"🎬 : Ishura

🎭 : Action, Drama, Fantasy
🔊 : English subbed 
<PERSON> : Ongoing 
<PERSON> : N/A
⭐️ : N/A ➖ Anilist",False,False,False,True,True,False,False,False,False,False,1279517958,,,,,,,6.102432200541715e+18,"{'_': 'ReplyInlineMarkup', 'rows': [{'_': 'KeyboardButtonRow', 'buttons': [{'_': 'KeyboardButtonUrl', 'text': '🎥🍿 Ishura', 'url': 'https://t.me/Ishura_01'}]}]}",97634,48,,2024-01-04T11:46:59+00:00,,,"{'_': 'MessageReactions', 'results': [{'_': 'ReactionCount', 'reaction': {'_': 'ReactionEmoji', 'emoticon': '👍'}, 'count': 41, 'chosen_order': None}, {'_': 'ReactionCount', 'reaction': {'_': 'ReactionEmoji', 'emoticon': '❤'}, 'count': 14, 'chosen_order': None}, {'_': 'ReactionCount', 'reaction': {'_': 'ReactionEmoji', 'emoticon': '🔥'}, 'count': 2, 'chosen_order': None}, {'_': 'ReactionCount', 'reaction': {'_': 'ReactionEmoji', 'emoticon': '😇'}, 'count': 2, 'chosen_order': None}], 'min': False, 'can_see_list': False, 'reactions_as_tags': False, 'recent_reactions': []}",[],
anime_ety,https://t.me/anime_ety,3201,2024-01-04 15:51:37,"🎬 : <PERSON> : Action, Adventure, Fantasy
🔊 : English subbed 
<PERSON> : Ongoing 
<PERSON> : N/A
⭐️ : N/A ➖ Anilist",False,False,False,True,True,False,False,False,False,False,1279517958,,,,,,,6.102432200541715e+18,"{'_': 'ReplyInlineMarkup', 'rows': [{'_': 'KeyboardButtonRow', 'buttons': [{'_': 'KeyboardButtonUrl', 'text': '🎥🍿 Sengoku Youko', 'url': 'https://t.me/Sengoku_Youko_01'}]}]}",93181,40,,2024-01-04T15:58:30+00:00,,,"{'_': 'MessageReactions', 'results': [{'_': 'ReactionCount', 'reaction': {'_': 'ReactionEmoji', 'emoticon': '👍'}, 'count': 37, 'chosen_order': None}, {'_': 'ReactionCount', 'reaction': {'_': 'ReactionEmoji', 'emoticon': '❤'}, 'count': 9, 'chosen_order': None}, {'_': 'ReactionCount', 'reaction': {'_': 'ReactionEmoji', 'emoticon': '🔥'}, 'count': 6, 'chosen_order': None}], 'min': False, 'can_see_list': False, 'reactions_as_tags': False, 'recent_reactions': []}",[],
anime_ety,https://t.me/anime_ety,3202,2024-01-05 04:56:03,"🎬 : Doctor <PERSON>: The Royal Lady with the Lamp | <PERSON> : Comedy, Fantasy, Romance
🔊 : English subbed 
<PERSON> : Ongoing 
<PERSON> : N/A
⭐️ : N/A ➖ Anilist",False,False,False,True,True,False,False,False,False,False,1279517958,,,,,,,6.104694209492662e+18,"{'_': 'ReplyInlineMarkup', 'rows': [{'_': 'KeyboardButtonRow', 'buttons': [{'_': 'KeyboardButtonUrl', 'text': '🎥🍿 Doctor Elise', 'url': 'https://t.me/Doctor_Elise_The_Royal_Lady_01'}]}]}",91657,48,,2024-01-05T04:57:45+00:00,,,"{'_': 'MessageReactions', 'results': [{'_': 'ReactionCount', 'reaction': {'_': 'ReactionEmoji', 'emoticon': '👍'}, 'count': 37, 'chosen_order': None}, {'_': 'ReactionCount', 'reaction': {'_': 'ReactionEmoji', 'emoticon': '❤'}, 'count': 12, 'chosen_order': None}, {'_': 'ReactionCount', 'reaction': {'_': 'ReactionEmoji', 'emoticon': '\U0001fae1'}, 'count': 2, 'chosen_order': None}, {'_': 'ReactionCount', 'reaction': {'_': 'ReactionEmoji', 'emoticon': '🆒'}, 'count': 2, 'chosen_order': None}], 'min': False, 'can_see_list': False, 'reactions_as_tags': False, 'recent_reactions': []}",[],
anime_ety,https://t.me/anime_ety,3203,2024-01-05 16:38:14,"🎬 : The Unwanted Undead Adventurer | <PERSON> no Boukensha

🎭 : Action, Adventure, Fantasy
🔊 : English subbed 
<PERSON> : Ongoing 
<PERSON> : N/A
⭐️ : N/A ➖ Anilist",False,False,False,True,True,False,False,False,False,False,1279517958,,,,,,,6.106946009306348e+18,"{'_': 'ReplyInlineMarkup', 'rows': [{'_': 'KeyboardButtonRow', 'buttons': [{'_': 'KeyboardButtonUrl', 'text': '🎥🍿 The Unwanted Undead Adventure', 'url': 'https://t.me/The_Unwanted_Undead_Adventure_1'}]}]}",92239,40,,2024-01-05T16:41:24+00:00,,,"{'_': 'MessageReactions', 'results': [{'_': 'ReactionCount', 'reaction': {'_': 'ReactionEmoji', 'emoticon': '👍'}, 'count': 36, 'chosen_order': None}, {'_': 'ReactionCount', 'reaction': {'_': 'ReactionEmoji', 'emoticon': '❤'}, 'count': 11, 'chosen_order': None}, {'_': 'ReactionCount', 'reaction': {'_': 'ReactionEmoji', 'emoticon': '🆒'}, 'count': 3, 'chosen_order': None}, {'_': 'ReactionCount', 'reaction': {'_': 'ReactionEmoji', 'emoticon': '😇'}, 'count': 2, 'chosen_order': None}, {'_': 'ReactionCount', 'reaction': {'_': 'ReactionEmoji', 'emoticon': '🔥'}, 'count': 1, 'chosen_order': None}], 'min': False, 'can_see_list': False, 'reactions_as_tags': False, 'recent_reactions': []}",[],
anime_ety,https://t.me/anime_ety,3206,2024-01-06 16:22:39,"🎬 : Metallic Rouge

🎭 : Action, Mecha, Sci-Fi
🔊 : English subbed 
<PERSON> : N/A 
<PERSON> : N/A
⭐️ : N/A ➖ Anilist",False,False,False,True,True,False,False,False,False,False,1279517958,,,,,,,6.111779032925321e+18,"{'_': 'ReplyInlineMarkup', 'rows': [{'_': 'KeyboardButtonRow', 'buttons': [{'_': 'KeyboardButtonUrl', 'text': '🎥🍿 Metallic Rouge', 'url': 'https://t.me/Metallic_Rouge_01'}]}]}",91876,45,,2024-01-06T16:23:12+00:00,,,"{'_': 'MessageReactions', 'results': [{'_': 'ReactionCount', 'reaction': {'_': 'ReactionEmoji', 'emoticon': '👍'}, 'count': 40, 'chosen_order': None}, {'_': 'ReactionCount', 'reaction': {'_': 'ReactionEmoji', 'emoticon': '❤'}, 'count': 13, 'chosen_order': None}, {'_': 'ReactionCount', 'reaction': {'_': 'ReactionEmoji', 'emoticon': '🔥'}, 'count': 6, 'chosen_order': None}, {'_': 'ReactionCount', 'reaction': {'_': 'ReactionEmoji', 'emoticon': '🆒'}, 'count': 2, 'chosen_order': None}, {'_': 'ReactionCount', 'reaction': {'_': 'ReactionEmoji', 'emoticon': '👏'}, 'count': 1, 'chosen_order': None}], 'min': False, 'can_see_list': False, 'reactions_as_tags': False, 'recent_reactions': []}",[],
anime_ety,https://t.me/anime_ety,3207,2024-01-07 14:33:25,"🎬 : Mr. <PERSON>'s Day Off | <PERSON> no Warumono-san

🎭 : Comedy, Slice of Life
🔊 : English subbed 
<PERSON> : N/A 
<PERSON> : N/A
⭐️ : N/A ➖ Anilist",False,False,False,True,True,False,False,False,False,False,1279517958,,,,,,,6.114030832739006e+18,"{'_': 'ReplyInlineMarkup', 'rows': [{'_': 'KeyboardButtonRow', 'buttons': [{'_': 'KeyboardButtonUrl', 'text': '🎥🍿 Metallic Rouge', 'url': 'https://t.me/Mr_Villains_Day_Off_01'}]}]}",92811,52,,2024-01-07T14:33:50+00:00,,,"{'_': 'MessageReactions', 'results': [{'_': 'ReactionCount', 'reaction': {'_': 'ReactionEmoji', 'emoticon': '👍'}, 'count': 36, 'chosen_order': None}, {'_': 'ReactionCount', 'reaction': {'_': 'ReactionEmoji', 'emoticon': '❤'}, 'count': 19, 'chosen_order': None}, {'_': 'ReactionCount', 'reaction': {'_': 'ReactionEmoji', 'emoticon': '😇'}, 'count': 7, 'chosen_order': None}, {'_': 'ReactionCount', 'reaction': {'_': 'ReactionEmoji', 'emoticon': '🆒'}, 'count': 5, 'chosen_order': None}, {'_': 'ReactionCount', 'reaction': {'_': 'ReactionEmoji', 'emoticon': '🔥'}, 'count': 4, 'chosen_order': None}, {'_': 'ReactionCount', 'reaction': {'_': 'ReactionEmoji', 'emoticon': '\U0001fae1'}, 'count': 2, 'chosen_order': None}], 'min': False, 'can_see_list': False, 'reactions_as_tags': False, 'recent_reactions': []}",[],
anime_ety,https://t.me/anime_ety,3208,2024-01-08 04:57:41,"🎬 : Kingdom <DATE_TIME> : Action
🔊 : English subbed 
<PERSON> : N/A 
<PERSON> : N/A
⭐️ : N/A ➖ Anilist",False,False,False,True,True,False,False,False,False,False,1279517958,,,,,,,6.113920271690874e+18,"{'_': 'ReplyInlineMarkup', 'rows': [{'_': 'KeyboardButtonRow', 'buttons': [{'_': 'KeyboardButtonUrl', 'text': '🎥🍿 Kingdom Season 5', 'url': 'https://t.me/Kingdom_Season_5_01'}]}]}",90725,46,,2024-01-08T05:13:41+00:00,,,"{'_': 'MessageReactions', 'results': [{'_': 'ReactionCount', 'reaction': {'_': 'ReactionEmoji', 'emoticon': '👍'}, 'count': 39, 'chosen_order': None}, {'_': 'ReactionCount', 'reaction': {'_': 'ReactionEmoji', 'emoticon': '🔥'}, 'count': 9, 'chosen_order': None}, {'_': 'ReactionCount', 'reaction': {'_': 'ReactionEmoji', 'emoticon': '❤'}, 'count': 8, 'chosen_order': None}, {'_': 'ReactionCount', 'reaction': {'_': 'ReactionEmoji', 'emoticon': '\U0001fae1'}, 'count': 5, 'chosen_order': None}, {'_': 'ReactionCount', 'reaction': {'_': 'ReactionEmoji', 'emoticon': '😇'}, 'count': 3, 'chosen_order': None}, {'_': 'ReactionCount', 'reaction': {'_': 'ReactionEmoji', 'emoticon': '🤩'}, 'count': 2, 'chosen_order': None}], 'min': False, 'can_see_list': False, 'reactions_as_tags': False, 'recent_reactions': []}",[],
anime_ety,https://t.me/anime_ety,3209,2024-01-08 17:14:04,"🎬 : The Fire Hunter Season 2 | Hikari no Ou 2nd Season

🎭 : Action, Adventure, Drama, Fantasy
🔊 : English subbed 
<PERSON> : N/A 
<PERSON> : N/A
⭐️ : N/A ➖ Anilist",False,False,False,True,True,False,False,False,False,False,1279517958,,,,,,,6.11617207150456e+18,"{'_': 'ReplyInlineMarkup', 'rows': [{'_': 'KeyboardButtonRow', 'buttons': [{'_': 'KeyboardButtonUrl', 'text': 'Fire Hunter Season 2', 'url': 'https://t.me/Fire_Hunter_Season_2'}]}]}",87453,17,,2024-01-08T17:17:40+00:00,,,"{'_': 'MessageReactions', 'results': [{'_': 'ReactionCount', 'reaction': {'_': 'ReactionEmoji', 'emoticon': '👍'}, 'count': 35, 'chosen_order': None}, {'_': 'ReactionCount', 'reaction': {'_': 'ReactionEmoji', 'emoticon': '❤'}, 'count': 6, 'chosen_order': None}, {'_': 'ReactionCount', 'reaction': {'_': 'ReactionEmoji', 'emoticon': '🤩'}, 'count': 2, 'chosen_order': None}, {'_': 'ReactionCount', 'reaction': {'_': 'ReactionEmoji', 'emoticon': '😇'}, 'count': 2, 'chosen_order': None}, {'_': 'ReactionCount', 'reaction': {'_': 'ReactionEmoji', 'emoticon': '🔥'}, 'count': 1, 'chosen_order': None}], 'min': False, 'can_see_list': False, 'reactions_as_tags': False, 'recent_reactions': []}",[],
anime_ety,https://t.me/anime_ety,3210,2024-01-09 03:47:01,"🎬 : Hokkaido Gals Are Super Adorable! | <PERSON>

🎭 : Comedy, Romance, Slice of Life
🔊 : English subbed 
<PERSON> : Ongoing 
<PERSON> : N/A
⭐️ : N/A ➖ Anilist",False,False,False,True,True,False,False,True,False,False,1279517958,,,,,,,6.095826308912233e+18,"{'_': 'ReplyInlineMarkup', 'rows': [{'_': 'KeyboardButtonRow', 'buttons': [{'_': 'KeyboardButtonUrl', 'text': '🎥🍿 Hokkaido Gals Are Super Adorable', 'url': 'https://t.me/Hokkaido_Gals_Are_Super_01'}]}]}",90526,38,,2024-01-09T03:49:00+00:00,,,"{'_': 'MessageReactions', 'results': [{'_': 'ReactionCount', 'reaction': {'_': 'ReactionEmoji', 'emoticon': '👍'}, 'count': 40, 'chosen_order': None}, {'_': 'ReactionCount', 'reaction': {'_': 'ReactionEmoji', 'emoticon': '❤'}, 'count': 5, 'chosen_order': None}, {'_': 'ReactionCount', 'reaction': {'_': 'ReactionEmoji', 'emoticon': '🔥'}, 'count': 4, 'chosen_order': None}, {'_': 'ReactionCount', 'reaction': {'_': 'ReactionEmoji', 'emoticon': '🆒'}, 'count': 3, 'chosen_order': None}, {'_': 'ReactionCount', 'reaction': {'_': 'ReactionEmoji', 'emoticon': '😇'}, 'count': 2, 'chosen_order': None}, {'_': 'ReactionCount', 'reaction': {'_': 'ReactionEmoji', 'emoticon': '\U0001fae1'}, 'count': 2, 'chosen_order': None}], 'min': False, 'can_see_list': False, 'reactions_as_tags': False, 'recent_reactions': []}",[],
anime_ety,https://t.me/anime_ety,3211,2024-01-10 05:47:08,"🎬 : <PERSON> no Michi

🎭 : Slice of Life
🔊 : English subbed 
<PERSON> : Ongoing 
<PERSON> : N/A
⭐️ : N/A ➖ Anilist",False,False,False,True,True,False,False,False,False,False,1279517958,,,,,,,6.120769494692511e+18,"{'_': 'ReplyInlineMarkup', 'rows': [{'_': 'KeyboardButtonRow', 'buttons': [{'_': 'KeyboardButtonUrl', 'text': '🎥🍿 Pon No Michi', 'url': 'https://t.me/Pon_No_Michi_01'}]}]}",91005,41,,2024-01-10T07:07:23+00:00,,,"{'_': 'MessageReactions', 'results': [{'_': 'ReactionCount', 'reaction': {'_': 'ReactionEmoji', 'emoticon': '👍'}, 'count': 23, 'chosen_order': None}, {'_': 'ReactionCount', 'reaction': {'_': 'ReactionEmoji', 'emoticon': '❤'}, 'count': 13, 'chosen_order': None}, {'_': 'ReactionCount', 'reaction': {'_': 'ReactionEmoji', 'emoticon': '🆒'}, 'count': 3, 'chosen_order': None}, {'_': 'ReactionCount', 'reaction': {'_': 'ReactionEmoji', 'emoticon': '🔥'}, 'count': 2, 'chosen_order': None}, {'_': 'ReactionCount', 'reaction': {'_': 'ReactionEmoji', 'emoticon': '🤩'}, 'count': 2, 'chosen_order': None}], 'min': False, 'can_see_list': False, 'reactions_as_tags': False, 'recent_reactions': []}",[],
anime_ety,https://t.me/anime_ety,3212,2024-01-10 16:00:12,"🎬 : HIGH CARD Season 2

🎭 : Action, Fantasy
🔊 : English subbed 
<PERSON> : Ongoing 
<PERSON> : N/A
⭐️ : N/A ➖ Anilist",False,False,False,True,True,False,False,False,False,False,1279517958,,,,,,,6.120769494692511e+18,"{'_': 'ReplyInlineMarkup', 'rows': [{'_': 'KeyboardButtonRow', 'buttons': [{'_': 'KeyboardButtonUrl', 'text': '🎥🍿 High Card S2', 'url': 'https://t.me/High_Card_S2_01'}]}]}",91426,45,,2024-01-10T16:22:49+00:00,,,"{'_': 'MessageReactions', 'results': [{'_': 'ReactionCount', 'reaction': {'_': 'ReactionEmoji', 'emoticon': '❤'}, 'count': 21, 'chosen_order': None}, {'_': 'ReactionCount', 'reaction': {'_': 'ReactionEmoji', 'emoticon': '👍'}, 'count': 20, 'chosen_order': None}, {'_': 'ReactionCount', 'reaction': {'_': 'ReactionEmoji', 'emoticon': '😇'}, 'count': 4, 'chosen_order': None}, {'_': 'ReactionCount', 'reaction': {'_': 'ReactionEmoji', 'emoticon': '\U0001fae1'}, 'count': 1, 'chosen_order': None}], 'min': False, 'can_see_list': False, 'reactions_as_tags': False, 'recent_reactions': []}",[],
anime_ety,https://t.me/anime_ety,3213,2024-01-11 09:28:13,"🎬 : <PERSON> : Comedy, Drama, Romance, Sci-Fi, Slice of Life
🔊 : English subbed 
<PERSON> : Ongoing 
<PERSON> : N/A
⭐️ : N/A ➖ Anilist",False,False,False,True,True,False,False,False,False,False,1279517958,,,,,,,6.125387769946684e+18,"{'_': 'ReplyInlineMarkup', 'rows': [{'_': 'KeyboardButtonRow', 'buttons': [{'_': 'KeyboardButtonUrl', 'text': '🎥🍿 Urusei Yatsura', 'url': 'https://t.me/Urusei_Yatsura_Season_2_01'}]}]}",90181,31,,2024-01-11T09:35:58+00:00,,,"{'_': 'MessageReactions', 'results': [{'_': 'ReactionCount', 'reaction': {'_': 'ReactionEmoji', 'emoticon': '👍'}, 'count': 48, 'chosen_order': None}, {'_': 'ReactionCount', 'reaction': {'_': 'ReactionEmoji', 'emoticon': '❤'}, 'count': 8, 'chosen_order': None}, {'_': 'ReactionCount', 'reaction': {'_': 'ReactionEmoji', 'emoticon': '🔥'}, 'count': 2, 'chosen_order': None}, {'_': 'ReactionCount', 'reaction': {'_': 'ReactionEmoji', 'emoticon': '😇'}, 'count': 2, 'chosen_order': None}, {'_': 'ReactionCount', 'reaction': {'_': 'ReactionEmoji', 'emoticon': '\U0001fae1'}, 'count': 2, 'chosen_order': None}], 'min': False, 'can_see_list': False, 'reactions_as_tags': False, 'recent_reactions': []}",[],
anime_ety,https://t.me/anime_ety,3214,2024-01-12 13:10:44,"🎬 : BUCCHIGIRI?!

🎭 : Action, Supernatural
🔊 : English subbed 
<PERSON> : Ongoing 
<PERSON> : N/A
⭐️ : N/A ➖ Anilist",False,False,False,True,True,False,False,False,False,False,1279517958,,,,,,,6.129891369574055e+18,"{'_': 'ReplyInlineMarkup', 'rows': [{'_': 'KeyboardButtonRow', 'buttons': [{'_': 'KeyboardButtonUrl', 'text': '🎥🍿 Bucchigiri', 'url': 'https://t.me/Bucchigiri_01'}]}]}",87750,76,,2024-01-12T13:13:18+00:00,,,"{'_': 'MessageReactions', 'results': [{'_': 'ReactionCount', 'reaction': {'_': 'ReactionEmoji', 'emoticon': '👍'}, 'count': 40, 'chosen_order': None}, {'_': 'ReactionCount', 'reaction': {'_': 'ReactionEmoji', 'emoticon': '❤'}, 'count': 6, 'chosen_order': None}, {'_': 'ReactionCount', 'reaction': {'_': 'ReactionEmoji', 'emoticon': '\U0001fae1'}, 'count': 3, 'chosen_order': None}, {'_': 'ReactionCount', 'reaction': {'_': 'ReactionEmoji', 'emoticon': '🔥'}, 'count': 2, 'chosen_order': None}, {'_': 'ReactionCount', 'reaction': {'_': 'ReactionEmoji', 'emoticon': '🤩'}, 'count': 2, 'chosen_order': None}, {'_': 'ReactionCount', 'reaction': {'_': 'ReactionEmoji', 'emoticon': '🆒'}, 'count': 2, 'chosen_order': None}], 'min': False, 'can_see_list': False, 'reactions_as_tags': False, 'recent_reactions': []}",[],
anime_ety,https://t.me/anime_ety,3215,2024-01-12 16:46:39,"🎬 : Meiji Gekken: <DATE_TIME>

🎭 : Action, Drama, Mystery
🔊 : English subbed 
<PERSON> : Ongoing 
<PERSON> : N/A
⭐️ : N/A ➖ Anilist",False,False,False,True,True,False,False,False,False,False,1279517958,,,,,,,6.129752015065168e+18,"{'_': 'ReplyInlineMarkup', 'rows': [{'_': 'KeyboardButtonRow', 'buttons': [{'_': 'KeyboardButtonUrl', 'text': '🎥🍿 Meiji Gekkin', 'url': 'https://t.me/Meiji_Gekkin_01'}]}]}",87838,45,,2024-01-12T16:58:06+00:00,,,"{'_': 'MessageReactions', 'results': [{'_': 'ReactionCount', 'reaction': {'_': 'ReactionEmoji', 'emoticon': '👍'}, 'count': 34, 'chosen_order': None}, {'_': 'ReactionCount', 'reaction': {'_': 'ReactionEmoji', 'emoticon': '❤'}, 'count': 9, 'chosen_order': None}, {'_': 'ReactionCount', 'reaction': {'_': 'ReactionEmoji', 'emoticon': '🔥'}, 'count': 1, 'chosen_order': None}], 'min': False, 'can_see_list': False, 'reactions_as_tags': False, 'recent_reactions': []}",[],
anime_ety,https://t.me/anime_ety,3216,2024-01-13 14:32:26,"🎬 : Fluffy Paradise | Isekai de Mofumofu Nadenade Suru Tame ni Ganbattemasu.

🎭 : Adventure, Fantasy, Slice of Life
🔊 : English subbed 
<PERSON> : Ongoing 
<PERSON> : N/A
⭐️ : N/A ➖ Anilist",False,False,False,True,True,False,False,False,False,False,1279517958,,,,,,,6.132003814878854e+18,"{'_': 'ReplyInlineMarkup', 'rows': [{'_': 'KeyboardButtonRow', 'buttons': [{'_': 'KeyboardButtonUrl', 'text': '🎥🍿 Fluffy Paradise', 'url': 'https://t.me/Fluffy_Paradise_01'}]}]}",85233,33,,2024-01-13T14:32:36+00:00,,,"{'_': 'MessageReactions', 'results': [{'_': 'ReactionCount', 'reaction': {'_': 'ReactionEmoji', 'emoticon': '👍'}, 'count': 33, 'chosen_order': None}, {'_': 'ReactionCount', 'reaction': {'_': 'ReactionEmoji', 'emoticon': '❤'}, 'count': 8, 'chosen_order': None}, {'_': 'ReactionCount', 'reaction': {'_': 'ReactionEmoji', 'emoticon': '🔥'}, 'count': 4, 'chosen_order': None}, {'_': 'ReactionCount', 'reaction': {'_': 'ReactionEmoji', 'emoticon': '😇'}, 'count': 3, 'chosen_order': None}], 'min': False, 'can_see_list': False, 'reactions_as_tags': False, 'recent_reactions': []}",[],
anime_ety,https://t.me/anime_ety,3217,2024-01-13 17:27:23,"🎬 : Banished from the Hero's Party, I Decided to Live a Quiet Life in the Countryside Season 2 | Shin no <PERSON> to Yuusha no Party wo Oidasareta node, Henkyou de Slow Life suru Koto ni shimashita <DATE_TIME>🎭 : Action, Adventure, Fantasy, Romance, Slice of Life
🔊 : English subbed 
<PERSON> : Ongoing 
<PERSON> : 12
⭐️ : 7.3 ➖ Anilist",False,False,False,True,True,False,False,False,False,False,1279517958,,,,,,,6.132003814878854e+18,"{'_': 'ReplyInlineMarkup', 'rows': [{'_': 'KeyboardButtonRow', 'buttons': [{'_': 'KeyboardButtonUrl', 'text': '🎥🍿 Banished From Heros Party', 'url': 'https://t.me/Banished_From_Heros_Party_S2'}]}]}",92648,48,,2024-01-13T17:28:16+00:00,,,"{'_': 'MessageReactions', 'results': [{'_': 'ReactionCount', 'reaction': {'_': 'ReactionEmoji', 'emoticon': '👍'}, 'count': 41, 'chosen_order': None}, {'_': 'ReactionCount', 'reaction': {'_': 'ReactionEmoji', 'emoticon': '❤'}, 'count': 9, 'chosen_order': None}, {'_': 'ReactionCount', 'reaction': {'_': 'ReactionEmoji', 'emoticon': '😇'}, 'count': 3, 'chosen_order': None}, {'_': 'ReactionCount', 'reaction': {'_': 'ReactionEmoji', 'emoticon': '\U0001fae1'}, 'count': 3, 'chosen_order': None}, {'_': 'ReactionCount', 'reaction': {'_': 'ReactionEmoji', 'emoticon': '🔥'}, 'count': 2, 'chosen_order': None}], 'min': False, 'can_see_list': False, 'reactions_as_tags': False, 'recent_reactions': []}",[],
anime_ety,https://t.me/anime_ety,3218,2024-01-14 05:04:20,"🎬 : A Sign of Affection | Yubisaki to Renren

🎭 : Romance, Slice of Life
🔊 : English subbed 
<PERSON> : Ongoing 
<PERSON> : N/A
⭐️ : N/A ➖ Anilist",False,False,False,True,True,False,False,False,False,False,1279517958,,,,,,,6.131822661748243e+18,"{'_': 'ReplyInlineMarkup', 'rows': [{'_': 'KeyboardButtonRow', 'buttons': [{'_': 'KeyboardButtonUrl', 'text': '🎥🍿 A Sign Of Affection', 'url': 'https://t.me/A_Sign_Of_Affection_01'}]}]}",94135,44,,2024-01-14T05:14:48+00:00,,,"{'_': 'MessageReactions', 'results': [{'_': 'ReactionCount', 'reaction': {'_': 'ReactionEmoji', 'emoticon': '👍'}, 'count': 38, 'chosen_order': None}, {'_': 'ReactionCount', 'reaction': {'_': 'ReactionEmoji', 'emoticon': '❤'}, 'count': 23, 'chosen_order': None}, {'_': 'ReactionCount', 'reaction': {'_': 'ReactionEmoji', 'emoticon': '🔥'}, 'count': 4, 'chosen_order': None}, {'_': 'ReactionCount', 'reaction': {'_': 'ReactionEmoji', 'emoticon': '🆒'}, 'count': 2, 'chosen_order': None}], 'min': False, 'can_see_list': False, 'reactions_as_tags': False, 'recent_reactions': []}",[],
anime_ety,https://t.me/anime_ety,3219,2024-01-14 16:26:57,"🎬 : Solo Leveling | Ore dake Level Up na <PERSON> : Action, Adventure, Fantasy
🔊 : English subbed 
<PERSON> : Ongoing 
<PERSON> : 12
⭐️ : 8.1 ➖ Anilist",False,False,False,True,True,False,False,False,False,False,1279517958,,,,,,,6.134074461561928e+18,"{'_': 'ReplyInlineMarkup', 'rows': [{'_': 'KeyboardButtonRow', 'buttons': [{'_': 'KeyboardButtonUrl', 'text': '🎥🍿 Solo Leveling', 'url': 'https://t.me/Solo_leveling_ETY'}]}]}",105741,161,,2024-01-15T04:07:58+00:00,,,"{'_': 'MessageReactions', 'results': [{'_': 'ReactionCount', 'reaction': {'_': 'ReactionEmoji', 'emoticon': '👍'}, 'count': 123, 'chosen_order': None}, {'_': 'ReactionCount', 'reaction': {'_': 'ReactionEmoji', 'emoticon': '🔥'}, 'count': 59, 'chosen_order': None}, {'_': 'ReactionCount', 'reaction': {'_': 'ReactionEmoji', 'emoticon': '❤'}, 'count': 25, 'chosen_order': None}, {'_': 'ReactionCount', 'reaction': {'_': 'ReactionEmoji', 'emoticon': '\U0001fae1'}, 'count': 20, 'chosen_order': None}, {'_': 'ReactionCount', 'reaction': {'_': 'ReactionEmoji', 'emoticon': '🤩'}, 'count': 9, 'chosen_order': None}, {'_': 'ReactionCount', 'reaction': {'_': 'ReactionEmoji', 'emoticon': '🆒'}, 'count': 6, 'chosen_order': None}, {'_': 'ReactionCount', 'reaction': {'_': 'ReactionEmoji', 'emoticon': '😇'}, 'count': 2, 'chosen_order': None}], 'min': False, 'can_see_list': False, 'reactions_as_tags': False, 'recent_reactions': []}",[],
anime_ety,https://t.me/anime_ety,3221,2024-01-16 04:47:13,"🎬 : SHAMAN KING: FLOWERS

🎭 : Action, Adventure, Comedy, Supernatural
🔊 : English subbed 
<PERSON> : Ongoing 
<PERSON> : 13
⭐️ : 5.9 ➖ Anilist",False,False,False,True,True,False,False,False,False,False,1279517958,,,,,,,6.138688940065012e+18,"{'_': 'ReplyInlineMarkup', 'rows': [{'_': 'KeyboardButtonRow', 'buttons': [{'_': 'KeyboardButtonUrl', 'text': '🎥🍿 Shaman King : Flowers', 'url': 'https://t.me/Shaman_King_Flowers_01'}]}]}",98271,37,,2024-01-16T05:14:09+00:00,,,"{'_': 'MessageReactions', 'results': [{'_': 'ReactionCount', 'reaction': {'_': 'ReactionEmoji', 'emoticon': '👍'}, 'count': 36, 'chosen_order': None}, {'_': 'ReactionCount', 'reaction': {'_': 'ReactionEmoji', 'emoticon': '❤'}, 'count': 10, 'chosen_order': None}, {'_': 'ReactionCount', 'reaction': {'_': 'ReactionEmoji', 'emoticon': '🆒'}, 'count': 2, 'chosen_order': None}], 'min': False, 'can_see_list': False, 'reactions_as_tags': False, 'recent_reactions': []}",[],
anime_ety,https://t.me/anime_ety,3222,2024-01-16 17:03:55,"🎬 : Tales of Wedding Rings | Kekkon <PERSON>

🎭 :  Adventure, Comedy, Ecchi, Fantasy, Romance
🔊 : English subbed 
<PERSON> : Ongoing 
<PERSON> : 12
⭐️ : 8.1 ➖ Anilist",False,False,False,True,True,False,False,False,False,False,1279517958,,,,,,,6.140940739878698e+18,"{'_': 'ReplyInlineMarkup', 'rows': [{'_': 'KeyboardButtonRow', 'buttons': [{'_': 'KeyboardButtonUrl', 'text': '🎥🍿 Tales of Wedding Rings', 'url': 'https://t.me/Tales_Of_Wedding_Rings_01'}]}]}",94951,129,,2024-01-16T17:07:49+00:00,,,"{'_': 'MessageReactions', 'results': [{'_': 'ReactionCount', 'reaction': {'_': 'ReactionEmoji', 'emoticon': '👍'}, 'count': 37, 'chosen_order': None}, {'_': 'ReactionCount', 'reaction': {'_': 'ReactionEmoji', 'emoticon': '❤'}, 'count': 15, 'chosen_order': None}, {'_': 'ReactionCount', 'reaction': {'_': 'ReactionEmoji', 'emoticon': '\U0001fae1'}, 'count': 5, 'chosen_order': None}], 'min': False, 'can_see_list': False, 'reactions_as_tags': False, 'recent_reactions': []}",[],
anime_ety,https://t.me/anime_ety,3223,2024-01-17 13:21:31,"🎬 : Snack Basue

🎭 :  Comedy
🔊 : English subbed 
<PERSON> : Ongoing 
<PERSON> : 13
⭐️ : 4.8 ➖ Anilist",False,False,False,True,True,False,False,False,False,False,1279517958,,,,,,,6.143046102782426e+18,"{'_': 'ReplyInlineMarkup', 'rows': [{'_': 'KeyboardButtonRow', 'buttons': [{'_': 'KeyboardButtonUrl', 'text': '🎥🍿 Snack Basue', 'url': 'https://t.me/Snack_Basue_01'}]}]}",92046,33,,2024-01-17T15:03:19+00:00,,,"{'_': 'MessageReactions', 'results': [{'_': 'ReactionCount', 'reaction': {'_': 'ReactionEmoji', 'emoticon': '👍'}, 'count': 22, 'chosen_order': None}, {'_': 'ReactionCount', 'reaction': {'_': 'ReactionEmoji', 'emoticon': '❤'}, 'count': 2, 'chosen_order': None}, {'_': 'ReactionCount', 'reaction': {'_': 'ReactionEmoji', 'emoticon': '🆒'}, 'count': 2, 'chosen_order': None}], 'min': False, 'can_see_list': False, 'reactions_as_tags': False, 'recent_reactions': []}",[],
anime_ety,https://t.me/anime_ety,3224,2024-01-17 16:42:20,"🎬 : Chained Soldier | Mato Seihei no Slave

🎭 :  Action, Adventure, Drama, Ecchi
🔊 : English subbed 
<PERSON> : Ongoing 
<PERSON> : 12
⭐️ : 6.6 ➖ Anilist",False,False,False,True,True,False,False,False,False,False,1279517958,,,,,,,6.143046102782426e+18,"{'_': 'ReplyInlineMarkup', 'rows': [{'_': 'KeyboardButtonRow', 'buttons': [{'_': 'KeyboardButtonUrl', 'text': '🎥🍿 Chained Soldier', 'url': 'https://t.me/Chained_Soldier_1'}]}]}",102501,57,,2024-01-17T23:49:00+00:00,,,"{'_': 'MessageReactions', 'results': [{'_': 'ReactionCount', 'reaction': {'_': 'ReactionEmoji', 'emoticon': '👍'}, 'count': 54, 'chosen_order': None}, {'_': 'ReactionCount', 'reaction': {'_': 'ReactionEmoji', 'emoticon': '🔥'}, 'count': 9, 'chosen_order': None}, {'_': 'ReactionCount', 'reaction': {'_': 'ReactionEmoji', 'emoticon': '🤩'}, 'count': 8, 'chosen_order': None}, {'_': 'ReactionCount', 'reaction': {'_': 'ReactionEmoji', 'emoticon': '❤'}, 'count': 7, 'chosen_order': None}, {'_': 'ReactionCount', 'reaction': {'_': 'ReactionEmoji', 'emoticon': '🆒'}, 'count': 3, 'chosen_order': None}], 'min': False, 'can_see_list': False, 'reactions_as_tags': False, 'recent_reactions': []}",[],
anime_ety,https://t.me/anime_ety,3225,2024-01-18 15:22:44,"🎬 : Gushing Over Magical Girls | <PERSON>
 
🎭 :  Comedy, <PERSON>, <PERSON>, Slice of Life
🔊 : English subbed 
<PERSON> : Ongoing 
<PERSON> : 12
⭐️ : 7.3 ➖ Anilist",False,False,False,True,True,False,False,False,False,False,1279517958,,,,,,,6.14529790259611e+18,"{'_': 'ReplyInlineMarkup', 'rows': [{'_': 'KeyboardButtonRow', 'buttons': [{'_': 'KeyboardButtonUrl', 'text': '🎥🍿 Gushing Over Magical Girls', 'url': 'https://t.me/Gushing_Over_Magical_Girls_01'}]}]}",112273,55,,2024-01-18T15:23:38+00:00,,,"{'_': 'MessageReactions', 'results': [{'_': 'ReactionCount', 'reaction': {'_': 'ReactionEmoji', 'emoticon': '👍'}, 'count': 42, 'chosen_order': None}, {'_': 'ReactionCount', 'reaction': {'_': 'ReactionEmoji', 'emoticon': '❤'}, 'count': 12, 'chosen_order': None}, {'_': 'ReactionCount', 'reaction': {'_': 'ReactionEmoji', 'emoticon': '🤩'}, 'count': 5, 'chosen_order': None}, {'_': 'ReactionCount', 'reaction': {'_': 'ReactionEmoji', 'emoticon': '🆒'}, 'count': 4, 'chosen_order': None}, {'_': 'ReactionCount', 'reaction': {'_': 'ReactionEmoji', 'emoticon': '🔥'}, 'count': 2, 'chosen_order': None}, {'_': 'ReactionCount', 'reaction': {'_': 'ReactionEmoji', 'emoticon': '\U0001fae1'}, 'count': 2, 'chosen_order': None}], 'min': False, 'can_see_list': False, 'reactions_as_tags': False, 'recent_reactions': []}",[],
anime_ety,https://t.me/anime_ety,3226,2024-01-19 03:34:39,"🎬 : The Wrong Way to Use Healing Magic | Chiyu Mahou no Machigatta Tsukaikata

🎭 :  Action, Fantasy
🔊 : English subbed 
<PERSON> : Ongoing 
<PERSON> : 13
⭐️ : 7.3 ➖ Anilist",False,False,False,True,True,False,False,False,False,False,1279517958,,,,,,,6.147481206271359e+18,"{'_': 'ReplyInlineMarkup', 'rows': [{'_': 'KeyboardButtonRow', 'buttons': [{'_': 'KeyboardButtonUrl', 'text': '🎥🍿 The Wrong Way To Use Healing Magic', 'url': 'https://t.me/The_Wrong_Way_To_Use_Healing_1'}]}]}",124527,88,,2024-01-19T03:39:12+00:00,,,"{'_': 'MessageReactions', 'results': [{'_': 'ReactionCount', 'reaction': {'_': 'ReactionEmoji', 'emoticon': '👍'}, 'count': 50, 'chosen_order': None}, {'_': 'ReactionCount', 'reaction': {'_': 'ReactionEmoji', 'emoticon': '❤'}, 'count': 11, 'chosen_order': None}, {'_': 'ReactionCount', 'reaction': {'_': 'ReactionEmoji', 'emoticon': '🆒'}, 'count': 7, 'chosen_order': None}, {'_': 'ReactionCount', 'reaction': {'_': 'ReactionEmoji', 'emoticon': '\U0001fae1'}, 'count': 6, 'chosen_order': None}], 'min': False, 'can_see_list': False, 'reactions_as_tags': False, 'recent_reactions': []}",[],
anime_ety,https://t.me/anime_ety,3229,2024-01-24 01:29:05,"🎬 : Bottom-Tier Character Tomozaki | Jaku-Chara Tomozaki-kun

🎭 :  Comedy, Drama, Romance, Slice of Life
🔊 : English subbed 
<PERSON> : Ongoing 
<PERSON> : 13
⭐️ : 6.9 ➖ Anilist",False,False,False,True,True,False,False,False,False,False,1279517958,,,,,,,6.161333132930955e+18,"{'_': 'ReplyInlineMarkup', 'rows': [{'_': 'KeyboardButtonRow', 'buttons': [{'_': 'KeyboardButtonUrl', 'text': '🎥🍿 Bottom Tier Character Tomzaki', 'url': 'https://t.me/Bottom_Tier_Character_Tomozaki_0'}]}]}",110848,61,,2024-01-24T16:06:15+00:00,,,"{'_': 'MessageReactions', 'results': [{'_': 'ReactionCount', 'reaction': {'_': 'ReactionEmoji', 'emoticon': '👍'}, 'count': 72, 'chosen_order': None}, {'_': 'ReactionCount', 'reaction': {'_': 'ReactionEmoji', 'emoticon': '❤'}, 'count': 19, 'chosen_order': None}, {'_': 'ReactionCount', 'reaction': {'_': 'ReactionEmoji', 'emoticon': '\U0001fae1'}, 'count': 3, 'chosen_order': None}], 'min': False, 'can_see_list': False, 'reactions_as_tags': False, 'recent_reactions': []}",[],
anime_ety,https://t.me/anime_ety,3230,2024-01-28 10:07:17,"Hello, dear family! We've launched a new anime/manga discussion group, so if you're looking to chat about your favorite series or anything related, come join us and embark on an exciting journey! 😁

https://t.me/+A7PdaxvvipNkNGE0
https://t.me/+A7PdaxvvipNkNGE0",False,False,False,False,True,False,False,True,False,False,1279517958,,,,,,,,,158526,22,"{'_': 'MessageReplies', 'replies': 16, 'replies_pts': 688976, 'comments': True, 'recent_repliers': [{'_': 'PeerUser', 'user_id': 6252012213}, {'_': 'PeerUser', 'user_id': 739318213}, {'_': 'PeerUser', 'user_id': 5832689367}], 'channel_id': 1904325667, 'max_id': 180834, 'read_max_id': None}",2024-01-28T10:07:58+00:00,,,"{'_': 'MessageReactions', 'results': [{'_': 'ReactionCount', 'reaction': {'_': 'ReactionEmoji', 'emoticon': '👍'}, 'count': 28, 'chosen_order': None}, {'_': 'ReactionCount', 'reaction': {'_': 'ReactionEmoji', 'emoticon': '❤'}, 'count': 7, 'chosen_order': None}, {'_': 'ReactionCount', 'reaction': {'_': 'ReactionEmoji', 'emoticon': '🔥'}, 'count': 4, 'chosen_order': None}, {'_': 'ReactionCount', 'reaction': {'_': 'ReactionEmoji', 'emoticon': '🆒'}, 'count': 2, 'chosen_order': None}], 'min': False, 'can_see_list': False, 'reactions_as_tags': False, 'recent_reactions': []}",[],
anime_ety,https://t.me/anime_ety,3231,2024-01-30 09:45:10,"<PERSON> 

The person 🥷 who will be on Overall Top 🥇 in the Leaderboard 📊 by chatting and being friendly with everyone for <DATE_TIME> continuously...

🎗 Will be Rewarded <PERSON> and will be Promoted as an ADMIN in the Group 🕴 ✨

Note : Make sure to * NOT SPAM * in the group

We will have another giveaway after this one get finished, stay tuned.

Join Now ⬇️⬇️⬇️

https://t.me/+kD1faR-R30dhYWE0
https://t.me/+kD1faR-R30dhYWE0",False,False,False,False,True,False,False,False,False,False,1279517958,,,,,,,,,146644,24,"{'_': 'MessageReplies', 'replies': 308, 'replies_pts': 688976, 'comments': True, 'recent_repliers': [{'_': 'PeerUser', 'user_id': 5049722559}, {'_': 'PeerUser', 'user_id': 5680062355}, {'_': 'PeerUser', 'user_id': 2081926513}], 'channel_id': 1904325667, 'max_id': 125177, 'read_max_id': None}",2024-01-30T09:49:27+00:00,,,"{'_': 'MessageReactions', 'results': [{'_': 'ReactionCount', 'reaction': {'_': 'ReactionEmoji', 'emoticon': '👍'}, 'count': 66, 'chosen_order': None}, {'_': 'ReactionCount', 'reaction': {'_': 'ReactionEmoji', 'emoticon': '❤'}, 'count': 7, 'chosen_order': None}, {'_': 'ReactionCount', 'reaction': {'_': 'ReactionEmoji', 'emoticon': '🔥'}, 'count': 2, 'chosen_order': None}], 'min': False, 'can_see_list': False, 'reactions_as_tags': False, 'recent_reactions': []}",[],
anime_ety,https://t.me/anime_ety,3232,2024-02-01 00:53:39,"🎬 :  The Apothecary Diaries

🎭 : Drama, Mystery
🔊 : English subbed 
<PERSON> : Completed 
<PERSON> : 13
⭐️ : 7.4 ➖ Anilist",False,False,False,True,True,False,False,False,False,False,1279517958,,,,,,,6.192579934837389e+18,"{'_': 'ReplyInlineMarkup', 'rows': [{'_': 'KeyboardButtonRow', 'buttons': [{'_': 'KeyboardButtonUrl', 'text': '🎥🍿 The Apothecary Diaries', 'url': 'https://t.me/The_Apothecary_Diaries_00'}]}]}",72748,41,,2024-02-01T00:54:16+00:00,,,"{'_': 'MessageReactions', 'results': [{'_': 'ReactionCount', 'reaction': {'_': 'ReactionEmoji', 'emoticon': '👍'}, 'count': 37, 'chosen_order': None}, {'_': 'ReactionCount', 'reaction': {'_': 'ReactionEmoji', 'emoticon': '❤'}, 'count': 25, 'chosen_order': None}, {'_': 'ReactionCount', 'reaction': {'_': 'ReactionEmoji', 'emoticon': '🔥'}, 'count': 5, 'chosen_order': None}], 'min': False, 'can_see_list': False, 'reactions_as_tags': False, 'recent_reactions': []}",[],
anime_ety,https://t.me/anime_ety,3233,2024-02-01 16:58:19,"🎬 :  After School Hanako Kun

🎭 : Drama, Mystery
🔊 : English subbed 
<PERSON> : Completed 
<PERSON> : 4
⭐️ : 7.0 ➖ Anilist",False,False,False,True,True,False,False,False,False,False,1279517958,,,,,,,6.192579934837389e+18,"{'_': 'ReplyInlineMarkup', 'rows': [{'_': 'KeyboardButtonRow', 'buttons': [{'_': 'KeyboardButtonUrl', 'text': '🎥🍿After School Hanako Kun', 'url': 'https://t.me/After_School_Hanako_Kun_00'}]}]}",71332,33,,2024-02-01T17:01:50+00:00,,,"{'_': 'MessageReactions', 'results': [{'_': 'ReactionCount', 'reaction': {'_': 'ReactionEmoji', 'emoticon': '👍'}, 'count': 31, 'chosen_order': None}, {'_': 'ReactionCount', 'reaction': {'_': 'ReactionEmoji', 'emoticon': '❤'}, 'count': 6, 'chosen_order': None}, {'_': 'ReactionCount', 'reaction': {'_': 'ReactionEmoji', 'emoticon': '🆒'}, 'count': 4, 'chosen_order': None}, {'_': 'ReactionCount', 'reaction': {'_': 'ReactionEmoji', 'emoticon': '🔥'}, 'count': 3, 'chosen_order': None}, {'_': 'ReactionCount', 'reaction': {'_': 'ReactionEmoji', 'emoticon': '🤩'}, 'count': 3, 'chosen_order': None}], 'min': False, 'can_see_list': False, 'reactions_as_tags': False, 'recent_reactions': []}",[],
anime_ety,https://t.me/anime_ety,3235,2024-02-03 02:47:20,"🎬 : <PERSON>: Beyond Journey’s End | <PERSON> no <PERSON>

🎭 : Adventure, Drama, Fantasy
🔊 : English subbed 
<PERSON> : Completed 
<PERSON> : 21
⭐️ : 9.0 ➖ Anilist",False,False,False,True,True,False,False,False,False,False,1279517958,,,,,,,6.192579934837389e+18,"{'_': 'ReplyInlineMarkup', 'rows': [{'_': 'KeyboardButtonRow', 'buttons': [{'_': 'KeyboardButtonUrl', 'text': '🎥🍿 Frieren', 'url': 'https://t.me/Frieren_Beyond_Journeys_End1'}]}]}",67223,60,,2024-02-03T02:54:23+00:00,,,"{'_': 'MessageReactions', 'results': [{'_': 'ReactionCount', 'reaction': {'_': 'ReactionEmoji', 'emoticon': '👍'}, 'count': 40, 'chosen_order': None}, {'_': 'ReactionCount', 'reaction': {'_': 'ReactionEmoji', 'emoticon': '❤'}, 'count': 13, 'chosen_order': None}, {'_': 'ReactionCount', 'reaction': {'_': 'ReactionEmoji', 'emoticon': '\U0001fae1'}, 'count': 4, 'chosen_order': None}, {'_': 'ReactionCount', 'reaction': {'_': 'ReactionEmoji', 'emoticon': '🆒'}, 'count': 4, 'chosen_order': None}, {'_': 'ReactionCount', 'reaction': {'_': 'ReactionEmoji', 'emoticon': '🔥'}, 'count': 3, 'chosen_order': None}, {'_': 'ReactionCount', 'reaction': {'_': 'ReactionEmoji', 'emoticon': '😇'}, 'count': 3, 'chosen_order': None}, {'_': 'ReactionCount', 'reaction': {'_': 'ReactionEmoji', 'emoticon': '🤩'}, 'count': 2, 'chosen_order': None}], 'min': False, 'can_see_list': False, 'reactions_as_tags': False, 'recent_reactions': []}",[],
anime_ety,https://t.me/anime_ety,3237,2024-02-05 03:31:47,"🎬 : A Returner's Magic Should Be Special | Kikansha no <PERSON> : Action, Adventure, Fantasy
🔊 : English subbed 
<PERSON> : Completed 
<PERSON> : 12
⭐️ : 6.6 ➖ Anilist",False,False,False,True,True,False,False,False,False,False,1279517958,,,,,,,6.192579934837389e+18,"{'_': 'ReplyInlineMarkup', 'rows': [{'_': 'KeyboardButtonRow', 'buttons': [{'_': 'KeyboardButtonUrl', 'text': ""🎥🍿 A Returner's Magic"", 'url': 'https://t.me/A_Returners_Magic_Should_00'}]}]}",62231,42,,2024-02-05T03:33:06+00:00,,,"{'_': 'MessageReactions', 'results': [{'_': 'ReactionCount', 'reaction': {'_': 'ReactionEmoji', 'emoticon': '👍'}, 'count': 36, 'chosen_order': None}, {'_': 'ReactionCount', 'reaction': {'_': 'ReactionEmoji', 'emoticon': '❤'}, 'count': 10, 'chosen_order': None}, {'_': 'ReactionCount', 'reaction': {'_': 'ReactionEmoji', 'emoticon': '🆒'}, 'count': 2, 'chosen_order': None}, {'_': 'ReactionCount', 'reaction': {'_': 'ReactionEmoji', 'emoticon': '🔥'}, 'count': 1, 'chosen_order': None}, {'_': 'ReactionCount', 'reaction': {'_': 'ReactionEmoji', 'emoticon': '👏'}, 'count': 1, 'chosen_order': None}], 'min': False, 'can_see_list': False, 'reactions_as_tags': False, 'recent_reactions': []}",[],
anime_ety,https://t.me/anime_ety,3238,2024-02-06 02:30:45,"🎬 : Berserk Of Gluttony 

🎭 : Action, Adventure, Drama, Fantasy, Romance
🔊 : English subbed 
<PERSON> : Completed 
<PERSON> : 12
⭐️ : 7.2 ➖ Anilist",False,False,False,True,True,False,False,False,False,False,1279517958,,,,,,,6.192579934837389e+18,"{'_': 'ReplyInlineMarkup', 'rows': [{'_': 'KeyboardButtonRow', 'buttons': [{'_': 'KeyboardButtonUrl', 'text': '🎥🍿 Berserk Of Gluttony', 'url': 'https://t.me/Berserk_of_Gluttony_01'}]}]}",59096,64,,2024-02-06T03:12:47+00:00,,,"{'_': 'MessageReactions', 'results': [{'_': 'ReactionCount', 'reaction': {'_': 'ReactionEmoji', 'emoticon': '👍'}, 'count': 30, 'chosen_order': None}, {'_': 'ReactionCount', 'reaction': {'_': 'ReactionEmoji', 'emoticon': '❤'}, 'count': 15, 'chosen_order': None}, {'_': 'ReactionCount', 'reaction': {'_': 'ReactionEmoji', 'emoticon': '🔥'}, 'count': 8, 'chosen_order': None}, {'_': 'ReactionCount', 'reaction': {'_': 'ReactionEmoji', 'emoticon': '\U0001fae1'}, 'count': 6, 'chosen_order': None}, {'_': 'ReactionCount', 'reaction': {'_': 'ReactionEmoji', 'emoticon': '🆒'}, 'count': 1, 'chosen_order': None}], 'min': False, 'can_see_list': False, 'reactions_as_tags': False, 'recent_reactions': []}",[],
anime_ety,https://t.me/anime_ety,3239,2024-02-06 10:38:05,"🎬 : <PERSON>🎭 : Action, Adventure,Fantasy, Mystery
🔊 : <NRP> Sub
📡 : Completed 
<PERSON> : 24 
⭐️ : 7.3 ➖ Anilist",False,False,False,True,True,False,False,False,False,False,1279517958,,,,,,,6.201497515304532e+18,"{'_': 'ReplyInlineMarkup', 'rows': [{'_': 'KeyboardButtonRow', 'buttons': [{'_': 'KeyboardButtonUrl', 'text': '🎥🍿 Ragna Crimson', 'url': 'https://t.me/Ragna_Crimson_00'}]}]}",58655,64,,2024-02-06T10:38:34+00:00,,,"{'_': 'MessageReactions', 'results': [{'_': 'ReactionCount', 'reaction': {'_': 'ReactionEmoji', 'emoticon': '👍'}, 'count': 25, 'chosen_order': None}, {'_': 'ReactionCount', 'reaction': {'_': 'ReactionEmoji', 'emoticon': '❤'}, 'count': 10, 'chosen_order': None}, {'_': 'ReactionCount', 'reaction': {'_': 'ReactionEmoji', 'emoticon': '🔥'}, 'count': 10, 'chosen_order': None}, {'_': 'ReactionCount', 'reaction': {'_': 'ReactionEmoji', 'emoticon': '\U0001fae1'}, 'count': 7, 'chosen_order': None}], 'min': False, 'can_see_list': False, 'reactions_as_tags': False, 'recent_reactions': []}",[],
anime_ety,https://t.me/anime_ety,3241,2024-02-07 03:31:45,"🎬 : <PERSON> : Action, Comedy, Fantasy
🔊 : <NRP> Sub
📡 : Completed 
<PERSON> : 12
⭐️ : 7.0 ➖ Anilist",False,False,False,True,True,False,False,False,False,False,1279517958,,,,,,,6.190328135023704e+18,"{'_': 'ReplyInlineMarkup', 'rows': [{'_': 'KeyboardButtonRow', 'buttons': [{'_': 'KeyboardButtonUrl', 'text': '🎥🍿 Vexation Of Shunt In Princess', 'url': 'https://t.me/The_Vexations_of_A_Shut_In_00'}]}]}",57660,27,,2024-02-07T03:51:52+00:00,,,"{'_': 'MessageReactions', 'results': [{'_': 'ReactionCount', 'reaction': {'_': 'ReactionEmoji', 'emoticon': '👍'}, 'count': 25, 'chosen_order': None}, {'_': 'ReactionCount', 'reaction': {'_': 'ReactionEmoji', 'emoticon': '❤'}, 'count': 11, 'chosen_order': None}, {'_': 'ReactionCount', 'reaction': {'_': 'ReactionEmoji', 'emoticon': '\U0001fae1'}, 'count': 4, 'chosen_order': None}, {'_': 'ReactionCount', 'reaction': {'_': 'ReactionEmoji', 'emoticon': '🆒'}, 'count': 1, 'chosen_order': None}], 'min': False, 'can_see_list': False, 'reactions_as_tags': False, 'recent_reactions': []}",[],
anime_ety,https://t.me/anime_ety,3242,2024-02-08 05:36:56,"🎬 : MF Ghost

🎭 : Sci-Fi, Sports
🔊 : <NRP> Sub
📡 : Completed 
<PERSON> : 12
⭐️ : 7.2 ➖ Anilist",False,False,False,True,True,False,False,False,False,False,1279517958,,,,,,,6.192579934837388e+18,"{'_': 'ReplyInlineMarkup', 'rows': [{'_': 'KeyboardButtonRow', 'buttons': [{'_': 'KeyboardButtonUrl', 'text': '🎥🍿 MF Ghost', 'url': 'https://t.me/MF_Ghost_00'}]}]}",54122,80,,2024-02-08T05:41:20+00:00,,,"{'_': 'MessageReactions', 'results': [{'_': 'ReactionCount', 'reaction': {'_': 'ReactionEmoji', 'emoticon': '👍'}, 'count': 45, 'chosen_order': None}, {'_': 'ReactionCount', 'reaction': {'_': 'ReactionEmoji', 'emoticon': '❤'}, 'count': 7, 'chosen_order': None}], 'min': False, 'can_see_list': False, 'reactions_as_tags': False, 'recent_reactions': []}",[],
anime_ety,https://t.me/anime_ety,3243,2024-02-08 14:30:56,"🎬 : OVERTAKE! | Overtake!

🎭 : Sports
🔊 : English subbed 
<PERSON> : Completed 
<PERSON> : 12
⭐️ : 7.0 ➖ Anilist",False,False,False,True,True,False,False,False,False,False,1279517958,,,,,,,6.192579934837389e+18,"{'_': 'ReplyInlineMarkup', 'rows': [{'_': 'KeyboardButtonRow', 'buttons': [{'_': 'KeyboardButtonUrl', 'text': '🎥🍿 Overtake', 'url': 'https://t.me/Overtake_00'}]}]}",54824,55,,2024-02-08T14:31:16+00:00,,,"{'_': 'MessageReactions', 'results': [{'_': 'ReactionCount', 'reaction': {'_': 'ReactionEmoji', 'emoticon': '👍'}, 'count': 22, 'chosen_order': None}, {'_': 'ReactionCount', 'reaction': {'_': 'ReactionEmoji', 'emoticon': '🔥'}, 'count': 10, 'chosen_order': None}, {'_': 'ReactionCount', 'reaction': {'_': 'ReactionEmoji', 'emoticon': '❤'}, 'count': 3, 'chosen_order': None}], 'min': False, 'can_see_list': False, 'reactions_as_tags': False, 'recent_reactions': []}",[],
anime_ety,https://t.me/anime_ety,3244,2024-02-09 03:33:17,"🎬 :  Shangri-La Frontier | Shangri-La Frontier

🎭 : Action, Adventure, Comedy,
🔊 : English subbed 
<PERSON> : Completed 
<PERSON> : 12
⭐️ : 7.3 ➖ Anilist",False,False,False,True,True,False,False,False,False,False,1279517958,,,,,,,6.192579934837389e+18,"{'_': 'ReplyInlineMarkup', 'rows': [{'_': 'KeyboardButtonRow', 'buttons': [{'_': 'KeyboardButtonUrl', 'text': '🎥🍿 Shangri La Frontier', 'url': 'https://t.me/Shangri_La_Frontier_00'}]}]}",54472,36,,2024-02-09T03:33:33+00:00,,,"{'_': 'MessageReactions', 'results': [{'_': 'ReactionCount', 'reaction': {'_': 'ReactionEmoji', 'emoticon': '👍'}, 'count': 31, 'chosen_order': None}, {'_': 'ReactionCount', 'reaction': {'_': 'ReactionEmoji', 'emoticon': '❤'}, 'count': 7, 'chosen_order': None}, {'_': 'ReactionCount', 'reaction': {'_': 'ReactionEmoji', 'emoticon': '🤩'}, 'count': 2, 'chosen_order': None}, {'_': 'ReactionCount', 'reaction': {'_': 'ReactionEmoji', 'emoticon': '🆒'}, 'count': 2, 'chosen_order': None}, {'_': 'ReactionCount', 'reaction': {'_': 'ReactionEmoji', 'emoticon': '🔥'}, 'count': 1, 'chosen_order': None}], 'min': False, 'can_see_list': False, 'reactions_as_tags': False, 'recent_reactions': []}",[],
anime_ety,https://t.me/anime_ety,3245,2024-02-09 14:52:28,"🎬 :  The Demon Sword Master of Excalibur Academy | Seiken Gakuin no <PERSON> : Ecchi, Fantasy, Romance
🔊 : English subbed 
<PERSON> : Completed 
<PERSON> : 12
⭐️ : 7.2 ➖ Anilist",False,False,False,True,True,False,False,False,False,False,1279517958,,,,,,,6.195246916254679e+18,"{'_': 'ReplyInlineMarkup', 'rows': [{'_': 'KeyboardButtonRow', 'buttons': [{'_': 'KeyboardButtonUrl', 'text': '🎥🍿 The Demon Sword Master', 'url': 'https://t.me/The_Demon_Sword_Master_Of_00'}]}]}",53187,55,,2024-02-09T14:53:45+00:00,,,"{'_': 'MessageReactions', 'results': [{'_': 'ReactionCount', 'reaction': {'_': 'ReactionEmoji', 'emoticon': '👍'}, 'count': 23, 'chosen_order': None}, {'_': 'ReactionCount', 'reaction': {'_': 'ReactionEmoji', 'emoticon': '❤'}, 'count': 7, 'chosen_order': None}, {'_': 'ReactionCount', 'reaction': {'_': 'ReactionEmoji', 'emoticon': '🔥'}, 'count': 5, 'chosen_order': None}], 'min': False, 'can_see_list': False, 'reactions_as_tags': False, 'recent_reactions': []}",[],
anime_ety,https://t.me/anime_ety,3246,2024-02-10 03:30:58,"🎬 :  The Saints Magic Power Is Omnipotent 

🎭 : Fantasy, Romance, Slice of Life
🔊 : English subbed 
<PERSON> : Completed 
<PERSON> : 12
⭐️ : 7.1 ➖ Anilist",False,False,False,True,True,False,False,False,False,False,1279517958,,,,,,,6.195246916254679e+18,"{'_': 'ReplyInlineMarkup', 'rows': [{'_': 'KeyboardButtonRow', 'buttons': [{'_': 'KeyboardButtonUrl', 'text': ""🎥🍿 The Saint's Magic Power Is Omnipotent"", 'url': 'https://t.me/The_Saints_Magic_Power_Is_0'}]}]}",52385,28,,2024-02-10T03:33:34+00:00,,,"{'_': 'MessageReactions', 'results': [{'_': 'ReactionCount', 'reaction': {'_': 'ReactionEmoji', 'emoticon': '👍'}, 'count': 17, 'chosen_order': None}, {'_': 'ReactionCount', 'reaction': {'_': 'ReactionEmoji', 'emoticon': '❤'}, 'count': 5, 'chosen_order': None}, {'_': 'ReactionCount', 'reaction': {'_': 'ReactionEmoji', 'emoticon': '😇'}, 'count': 4, 'chosen_order': None}], 'min': False, 'can_see_list': False, 'reactions_as_tags': False, 'recent_reactions': []}",[],
anime_ety,https://t.me/anime_ety,3249,2024-02-10 16:13:14,"🎬 :  Paradox Live THE ANIMATION

🎭 : Music
🔊 : English subbed 
<PERSON> : Completed 
<PERSON> : 12
⭐️ : 6.5 ➖ Anilist",False,False,False,True,True,False,False,False,False,False,1279517958,,,,,,,6.195246916254679e+18,"{'_': 'ReplyInlineMarkup', 'rows': [{'_': 'KeyboardButtonRow', 'buttons': [{'_': 'KeyboardButtonUrl', 'text': '🎥🍿Paradox Live', 'url': 'https://t.me/Paradox_Live_The_Animation_00'}]}]}",55958,32,,2024-02-10T16:13:29+00:00,,,"{'_': 'MessageReactions', 'results': [{'_': 'ReactionCount', 'reaction': {'_': 'ReactionEmoji', 'emoticon': '❤'}, 'count': 14, 'chosen_order': None}, {'_': 'ReactionCount', 'reaction': {'_': 'ReactionEmoji', 'emoticon': '👍'}, 'count': 11, 'chosen_order': None}, {'_': 'ReactionCount', 'reaction': {'_': 'ReactionEmoji', 'emoticon': '\U0001fae1'}, 'count': 3, 'chosen_order': None}], 'min': False, 'can_see_list': False, 'reactions_as_tags': False, 'recent_reactions': []}",[],
anime_ety,https://t.me/anime_ety,3250,2024-02-11 03:33:49,"🎬 : Dr. <PERSON>

🎭 : Action, Adventure, Comedy, Sci-Fi
🔊 : Dual Audio 
📡 : Completed 
<PERSON> : 58
⭐️ : 8.2 ➖ Anilist",False,False,False,True,True,False,False,False,False,False,1279517958,,,,,,,6.195246916254679e+18,"{'_': 'ReplyInlineMarkup', 'rows': [{'_': 'KeyboardButtonRow', 'buttons': [{'_': 'KeyboardButtonUrl', 'text': '🎥🍿 Dr. Stone', 'url': 'https://t.me/Dr_Stone_Season_3_ETY'}]}]}",54600,47,,2024-02-11T03:35:06+00:00,,,"{'_': 'MessageReactions', 'results': [{'_': 'ReactionCount', 'reaction': {'_': 'ReactionEmoji', 'emoticon': '👍'}, 'count': 39, 'chosen_order': None}, {'_': 'ReactionCount', 'reaction': {'_': 'ReactionEmoji', 'emoticon': '❤'}, 'count': 11, 'chosen_order': None}, {'_': 'ReactionCount', 'reaction': {'_': 'ReactionEmoji', 'emoticon': '🔥'}, 'count': 5, 'chosen_order': None}, {'_': 'ReactionCount', 'reaction': {'_': 'ReactionEmoji', 'emoticon': '🆒'}, 'count': 4, 'chosen_order': None}], 'min': False, 'can_see_list': False, 'reactions_as_tags': False, 'recent_reactions': []}",[],
anime_ety,https://t.me/anime_ety,3252,2024-02-11 14:34:58,"🎬 :  The Ancient Magus Bride 

🎭 : Drama , Romance , Fantasy, Slice Of Life, Supernatural 
🔊 : Dual Audio
📡 : Completed 
<PERSON> : 48
⭐️ : 7.6 ➖ Anilist",False,False,False,True,True,False,False,False,False,False,1279517958,,,,,,,6.195246916254679e+18,"{'_': 'ReplyInlineMarkup', 'rows': [{'_': 'KeyboardButtonRow', 'buttons': [{'_': 'KeyboardButtonUrl', 'text': '🎥🍿 The Ancient Magus Bride', 'url': 'https://t.me/The_Ancient_Magus_Bride_2'}]}]}",56724,51,,2024-02-11T14:44:08+00:00,,,"{'_': 'MessageReactions', 'results': [{'_': 'ReactionCount', 'reaction': {'_': 'ReactionEmoji', 'emoticon': '👍'}, 'count': 21, 'chosen_order': None}, {'_': 'ReactionCount', 'reaction': {'_': 'ReactionEmoji', 'emoticon': '❤'}, 'count': 8, 'chosen_order': None}], 'min': False, 'can_see_list': False, 'reactions_as_tags': False, 'recent_reactions': []}",[],
anime_ety,https://t.me/anime_ety,3253,2024-02-13 03:37:17,"🎬 : Tokyo Revengers

🎭 : Action, Drama, Romance, Supernatural
🔊 : Dual Audio & <NRP> Subbed
📡 : Completed 
<PERSON> : 50 
⭐️ : 8.2 ➖ Anilist",False,False,False,True,True,False,False,False,False,False,1279517958,,,,,,,6.195246916254679e+18,"{'_': 'ReplyInlineMarkup', 'rows': [{'_': 'KeyboardButtonRow', 'buttons': [{'_': 'KeyboardButtonUrl', 'text': '🎥🍿 Tokyo Revengers', 'url': 'https://t.me/Tokyo_Revengers_Season_3_0'}]}]}",52849,54,,2024-02-13T03:41:07+00:00,,,"{'_': 'MessageReactions', 'results': [{'_': 'ReactionCount', 'reaction': {'_': 'ReactionEmoji', 'emoticon': '👍'}, 'count': 38, 'chosen_order': None}, {'_': 'ReactionCount', 'reaction': {'_': 'ReactionEmoji', 'emoticon': '🔥'}, 'count': 17, 'chosen_order': None}, {'_': 'ReactionCount', 'reaction': {'_': 'ReactionEmoji', 'emoticon': '❤'}, 'count': 10, 'chosen_order': None}, {'_': 'ReactionCount', 'reaction': {'_': 'ReactionEmoji', 'emoticon': '🆒'}, 'count': 4, 'chosen_order': None}, {'_': 'ReactionCount', 'reaction': {'_': 'ReactionEmoji', 'emoticon': '😇'}, 'count': 2, 'chosen_order': None}], 'min': False, 'can_see_list': False, 'reactions_as_tags': False, 'recent_reactions': []}",[],
anime_ety,https://t.me/anime_ety,3254,2024-02-14 05:16:07,"🎬 : The Eminence in Shadow | Kage no <PERSON> ni Naritakute!

🎭 : Action, Comedy, Fantasy
🔊 : Dual Audio & <NRP> Subbed 
📡 : Completed 
<PERSON> : 32 
⭐️ : 8.2 ➖ Anilist",False,False,False,True,True,False,False,False,False,False,1279517958,,,,,,,6.195246916254679e+18,"{'_': 'ReplyInlineMarkup', 'rows': [{'_': 'KeyboardButtonRow', 'buttons': [{'_': 'KeyboardButtonUrl', 'text': '🎥🍿 The Eminence In The Shadow', 'url': 'https://t.me/The_Eminence_in_Shadow_ETY'}]}]}",49366,58,,2024-02-14T05:17:35+00:00,,,"{'_': 'MessageReactions', 'results': [{'_': 'ReactionCount', 'reaction': {'_': 'ReactionEmoji', 'emoticon': '👍'}, 'count': 45, 'chosen_order': None}, {'_': 'ReactionCount', 'reaction': {'_': 'ReactionEmoji', 'emoticon': '🔥'}, 'count': 11, 'chosen_order': None}, {'_': 'ReactionCount', 'reaction': {'_': 'ReactionEmoji', 'emoticon': '❤'}, 'count': 10, 'chosen_order': None}, {'_': 'ReactionCount', 'reaction': {'_': 'ReactionEmoji', 'emoticon': '🆒'}, 'count': 4, 'chosen_order': None}], 'min': False, 'can_see_list': False, 'reactions_as_tags': False, 'recent_reactions': []}",[],
anime_ety,https://t.me/anime_ety,3255,2024-02-14 15:18:25,"🎬 : The Kingdoms of Ruin | Hametsu no Oukoku

🎭 : Action, Drama, Fantasy
🔊 : English subbed 
<PERSON> : Completed 
<PERSON> : 12
⭐️ : 7.8 ➖ Anilist",False,False,False,True,True,False,False,False,False,False,1279517958,,,,,,,6.195246916254679e+18,"{'_': 'ReplyInlineMarkup', 'rows': [{'_': 'KeyboardButtonRow', 'buttons': [{'_': 'KeyboardButtonUrl', 'text': '🎥🍿 The Kingdoms Of Ruin', 'url': 'https://t.me/Kingdom_Of_Ruin_01'}]}]}",49907,44,,2024-02-14T15:20:14+00:00,,,"{'_': 'MessageReactions', 'results': [{'_': 'ReactionCount', 'reaction': {'_': 'ReactionEmoji', 'emoticon': '👍'}, 'count': 36, 'chosen_order': None}, {'_': 'ReactionCount', 'reaction': {'_': 'ReactionEmoji', 'emoticon': '🔥'}, 'count': 5, 'chosen_order': None}, {'_': 'ReactionCount', 'reaction': {'_': 'ReactionEmoji', 'emoticon': '❤'}, 'count': 3, 'chosen_order': None}, {'_': 'ReactionCount', 'reaction': {'_': 'ReactionEmoji', 'emoticon': '🆒'}, 'count': 3, 'chosen_order': None}, {'_': 'ReactionCount', 'reaction': {'_': 'ReactionEmoji', 'emoticon': '\U0001fae1'}, 'count': 2, 'chosen_order': None}], 'min': False, 'can_see_list': False, 'reactions_as_tags': False, 'recent_reactions': []}",[],
anime_ety,https://t.me/anime_ety,3260,2024-02-16 05:07:03,"🎬 : One Piece

🎭 : Action, Adventure, Comedy, Drama, Fantasy
🔊 : Dual Audio & English Subtitles
<PERSON> : Ongoing
<PERSON> : 1093
⭐️ : 8.7 ➖ Anilist",False,False,False,True,True,False,False,False,False,False,1279517958,,,,,,,6.195246916254679e+18,"{'_': 'ReplyInlineMarkup', 'rows': [{'_': 'KeyboardButtonRow', 'buttons': [{'_': 'KeyboardButtonUrl', 'text': '🎥🍿 One Piece', 'url': 'https://t.me/One_Piece_ETY'}]}]}",43444,40,,2024-02-16T05:09:46+00:00,,,"{'_': 'MessageReactions', 'results': [{'_': 'ReactionCount', 'reaction': {'_': 'ReactionEmoji', 'emoticon': '❤'}, 'count': 41, 'chosen_order': None}, {'_': 'ReactionCount', 'reaction': {'_': 'ReactionEmoji', 'emoticon': '👍'}, 'count': 25, 'chosen_order': None}, {'_': 'ReactionCount', 'reaction': {'_': 'ReactionEmoji', 'emoticon': '🤩'}, 'count': 9, 'chosen_order': None}, {'_': 'ReactionCount', 'reaction': {'_': 'ReactionEmoji', 'emoticon': '🆒'}, 'count': 5, 'chosen_order': None}, {'_': 'ReactionCount', 'reaction': {'_': 'ReactionEmoji', 'emoticon': '🔥'}, 'count': 2, 'chosen_order': None}, {'_': 'ReactionCount', 'reaction': {'_': 'ReactionEmoji', 'emoticon': '\U0001fae1'}, 'count': 2, 'chosen_order': None}], 'min': False, 'can_see_list': False, 'reactions_as_tags': False, 'recent_reactions': []}",[],
anime_ety,https://t.me/anime_ety,3262,2024-02-16 16:57:08,"🎬 : <PERSON>: Rescuer in Orange | Megumi no Daigo: Kyuukoku no Orange

🎭 : Action, Drama
🔊 : English subbed 
<PERSON> : Completed 
<PERSON> : 17
⭐️ : 7.3 ➖ Anilist",False,False,False,True,True,False,False,False,False,False,1279517958,,,,,,,6.195246916254679e+18,"{'_': 'ReplyInlineMarkup', 'rows': [{'_': 'KeyboardButtonRow', 'buttons': [{'_': 'KeyboardButtonUrl', 'text': '🎥🍿 Firefighter Daigo', 'url': 'https://t.me/Firefighter_Daigo_00'}]}]}",41226,14,,2024-02-16T16:57:26+00:00,,,"{'_': 'MessageReactions', 'results': [{'_': 'ReactionCount', 'reaction': {'_': 'ReactionEmoji', 'emoticon': '👍'}, 'count': 19, 'chosen_order': None}, {'_': 'ReactionCount', 'reaction': {'_': 'ReactionEmoji', 'emoticon': '❤'}, 'count': 3, 'chosen_order': None}, {'_': 'ReactionCount', 'reaction': {'_': 'ReactionEmoji', 'emoticon': '😇'}, 'count': 1, 'chosen_order': None}], 'min': False, 'can_see_list': False, 'reactions_as_tags': False, 'recent_reactions': []}",[],
anime_ety,https://t.me/anime_ety,3264,2024-02-17 03:03:55,"🎬 : Strongest Tanks Labyrinth Raids | Saikyou Tank no <PERSON>: Tairyoku 9999 no Rare Skill-mochi Tank, Yuusha Party wo <PERSON> : Action, Adventure, Fantasy
🔊 : English subbed 
<PERSON> : Completed 
<PERSON> : 6
⭐️ : 5.9 ➖ Anilist",False,False,False,True,True,False,False,False,False,False,1279517958,,,,,,,6.086777203661583e+18,"{'_': 'ReplyInlineMarkup', 'rows': [{'_': 'KeyboardButtonRow', 'buttons': [{'_': 'KeyboardButtonUrl', 'text': '🎥🍿 Strongest Tanks Labyrinth Raids', 'url': 'https://t.me/Delusional_Mouthly_Magzine'}]}]}",42929,18,,2024-02-17T04:17:09+00:00,,,"{'_': 'MessageReactions', 'results': [{'_': 'ReactionCount', 'reaction': {'_': 'ReactionEmoji', 'emoticon': '👍'}, 'count': 25, 'chosen_order': None}, {'_': 'ReactionCount', 'reaction': {'_': 'ReactionEmoji', 'emoticon': '❤'}, 'count': 7, 'chosen_order': None}, {'_': 'ReactionCount', 'reaction': {'_': 'ReactionEmoji', 'emoticon': '\U0001fae1'}, 'count': 4, 'chosen_order': None}, {'_': 'ReactionCount', 'reaction': {'_': 'ReactionEmoji', 'emoticon': '🔥'}, 'count': 1, 'chosen_order': None}], 'min': False, 'can_see_list': False, 'reactions_as_tags': False, 'recent_reactions': []}",[],
anime_ety,https://t.me/anime_ety,3265,2024-02-17 15:40:29,"🎬 : Delusional <PERSON> 

🎭 : OLM 
🔊 : English subbed 
<PERSON> : Completed 
<PERSON> : 6
⭐️ : 4.5 ➖ Anilist",False,False,False,True,True,False,False,False,False,False,1279517958,,,,,,,6.087052846072708e+18,"{'_': 'ReplyInlineMarkup', 'rows': [{'_': 'KeyboardButtonRow', 'buttons': [{'_': 'KeyboardButtonUrl', 'text': '🎥🍿 Delusional Mouthly Magazie', 'url': 'https://t.me/Delusional_Mouthly_Magzine'}]}]}",41392,11,,2024-02-17T15:46:17+00:00,,,"{'_': 'MessageReactions', 'results': [{'_': 'ReactionCount', 'reaction': {'_': 'ReactionEmoji', 'emoticon': '👍'}, 'count': 19, 'chosen_order': None}, {'_': 'ReactionCount', 'reaction': {'_': 'ReactionEmoji', 'emoticon': '❤'}, 'count': 7, 'chosen_order': None}, {'_': 'ReactionCount', 'reaction': {'_': 'ReactionEmoji', 'emoticon': '🆒'}, 'count': 1, 'chosen_order': None}], 'min': False, 'can_see_list': False, 'reactions_as_tags': False, 'recent_reactions': []}",[],
anime_ety,https://t.me/anime_ety,3268,2024-02-19 08:16:39,"🎬 : The Weakest Tamer Begin A Journey | <PERSON> no <PERSON> wo Hajimemashita.

🎭 : Adventure, Fantasy 
🔊 : English subbed 
<PERSON> : Completed 
<PERSON> : 6
⭐️ : 7.3 ➖ Anilist",False,False,False,True,True,False,False,False,False,False,1279517958,,,,,,,6.089133435605072e+18,"{'_': 'ReplyInlineMarkup', 'rows': [{'_': 'KeyboardButtonRow', 'buttons': [{'_': 'KeyboardButtonUrl', 'text': '🎥🍿 The Weakest Tamer', 'url': 'https://t.me/TheWeakest_Tamer_Begin_A_Journey'}]}]}",31808,20,,2024-02-19T08:17:20+00:00,,,"{'_': 'MessageReactions', 'results': [{'_': 'ReactionCount', 'reaction': {'_': 'ReactionEmoji', 'emoticon': '👍'}, 'count': 25, 'chosen_order': None}, {'_': 'ReactionCount', 'reaction': {'_': 'ReactionEmoji', 'emoticon': '❤'}, 'count': 4, 'chosen_order': None}, {'_': 'ReactionCount', 'reaction': {'_': 'ReactionEmoji', 'emoticon': '😇'}, 'count': 2, 'chosen_order': None}, {'_': 'ReactionCount', 'reaction': {'_': 'ReactionEmoji', 'emoticon': '🔥'}, 'count': 1, 'chosen_order': None}, {'_': 'ReactionCount', 'reaction': {'_': 'ReactionEmoji', 'emoticon': '🆒'}, 'count': 1, 'chosen_order': None}], 'min': False, 'can_see_list': False, 'reactions_as_tags': False, 'recent_reactions': []}",[],
anime_ety,https://t.me/anime_ety,3269,2024-02-19 16:37:06,"🎬 : My Instant Death Ability is Overpowered | Sokushi Cheat <PERSON>, Isekai no Yatsura ga <PERSON> Naranai n <PERSON> : Action, Adventure, Comedy, Fantasy
🔊 : English subbed 
<PERSON> : Comedy 
<PERSON> : 7
⭐️ : N/A ➖ Anilist",False,False,False,True,True,False,False,False,False,False,1279517958,,,,,,,6.089133435605073e+18,"{'_': 'ReplyInlineMarkup', 'rows': [{'_': 'KeyboardButtonRow', 'buttons': [{'_': 'KeyboardButtonUrl', 'text': '🎥🍿 My Instant Death Ability Is Overpowered', 'url': 'https://t.me/My_Instant_Death_Ability_Is_So_1'}]}]}",30921,17,,2024-02-19T16:37:29+00:00,,,"{'_': 'MessageReactions', 'results': [{'_': 'ReactionCount', 'reaction': {'_': 'ReactionEmoji', 'emoticon': '👍'}, 'count': 21, 'chosen_order': None}, {'_': 'ReactionCount', 'reaction': {'_': 'ReactionEmoji', 'emoticon': '❤'}, 'count': 3, 'chosen_order': None}, {'_': 'ReactionCount', 'reaction': {'_': 'ReactionEmoji', 'emoticon': '🔥'}, 'count': 1, 'chosen_order': None}, {'_': 'ReactionCount', 'reaction': {'_': 'ReactionEmoji', 'emoticon': '\U0001fae1'}, 'count': 1, 'chosen_order': None}], 'min': False, 'can_see_list': False, 'reactions_as_tags': False, 'recent_reactions': []}",[],
anime_ety,https://t.me/anime_ety,3270,2024-02-20 04:48:09,"🎬 : BURN THE WITCH #0.8 

🎭 : Action, Fantasy
🔊 : English subbed 
<PERSON> : Completed 
<PERSON> : 1
⭐️ : 7.5 ➖ Anilist",False,False,False,True,True,False,False,False,False,False,1279517958,,,,,,,6.093889420395658e+18,"{'_': 'ReplyInlineMarkup', 'rows': [{'_': 'KeyboardButtonRow', 'buttons': [{'_': 'KeyboardButtonUrl', 'text': '🎥🍿 Burn The Witch', 'url': 'https://t.me/Burn_The_Witch_0_8'}]}]}",31655,28,,2024-02-20T04:49:32+00:00,,,"{'_': 'MessageReactions', 'results': [{'_': 'ReactionCount', 'reaction': {'_': 'ReactionEmoji', 'emoticon': '👍'}, 'count': 14, 'chosen_order': None}, {'_': 'ReactionCount', 'reaction': {'_': 'ReactionEmoji', 'emoticon': '❤'}, 'count': 4, 'chosen_order': None}], 'min': False, 'can_see_list': False, 'reactions_as_tags': False, 'recent_reactions': []}",[],
anime_ety,https://t.me/anime_ety,3271,2024-02-20 15:58:04,"🎬 : The Demon Prince of Momochi House | Momochi-san Chi no <PERSON> : Romance, Supernatural
🔊 : English subbed 
<PERSON> : Ongoing 
<PERSON> : 7
⭐️ : 7.3 ➖ Anilist",False,False,False,True,True,False,False,False,False,False,1279517958,,,,,,,6.096141220209341e+18,"{'_': 'ReplyInlineMarkup', 'rows': [{'_': 'KeyboardButtonRow', 'buttons': [{'_': 'KeyboardButtonUrl', 'text': '🎥🍿 Demon Prince Of Momochi House', 'url': 'https://t.me/The_Demon_Prince_Of_Momochi_01'}]}]}",31041,19,,2024-02-20T15:59:23+00:00,,,"{'_': 'MessageReactions', 'results': [{'_': 'ReactionCount', 'reaction': {'_': 'ReactionEmoji', 'emoticon': '👍'}, 'count': 23, 'chosen_order': None}, {'_': 'ReactionCount', 'reaction': {'_': 'ReactionEmoji', 'emoticon': '❤'}, 'count': 5, 'chosen_order': None}], 'min': False, 'can_see_list': False, 'reactions_as_tags': False, 'recent_reactions': []}",[],
anime_ety,https://t.me/anime_ety,3272,2024-02-21 03:45:38,"🎬 : Sasaki and Peeps | Sasaki to Pi-chan

🎭 : Comedy, Fantasy, <PERSON>
🔊 : English subbed 
<PERSON> : Ongoing 
<PERSON> : 7
⭐️ : N/A ➖ Anilist",False,False,False,True,True,False,False,False,False,False,1279517958,,,,,,,6.09807810872592e+18,"{'_': 'ReplyInlineMarkup', 'rows': [{'_': 'KeyboardButtonRow', 'buttons': [{'_': 'KeyboardButtonUrl', 'text': '🎥🍿 Sasaki To Peeps', 'url': 'https://t.me/Sasaki_And_Peeps_01'}]}]}",28832,12,,2024-02-21T03:58:51+00:00,,,"{'_': 'MessageReactions', 'results': [{'_': 'ReactionCount', 'reaction': {'_': 'ReactionEmoji', 'emoticon': '👍'}, 'count': 21, 'chosen_order': None}], 'min': False, 'can_see_list': False, 'reactions_as_tags': False, 'recent_reactions': []}",[],
anime_ety,https://t.me/anime_ety,3273,2024-02-21 16:31:27,"🎬 : <PERSON> | <PERSON> 

🎭 : Mecha
🔊 : English subbed 
<PERSON> : Ongoing 
<PERSON> : 6
⭐️ : 7.0 ➖ Anilist",False,False,False,True,True,False,False,False,False,False,1279517958,,,,,,,6.100539051972083e+18,"{'_': 'ReplyInlineMarkup', 'rows': [{'_': 'KeyboardButtonRow', 'buttons': [{'_': 'KeyboardButtonUrl', 'text': '🎥🍿Bang Bang Bang Braven', 'url': 'https://t.me/Bang_Brave_Bang_Braven_01'}]}]}",24763,12,,2024-02-21T16:32:40+00:00,,,"{'_': 'MessageReactions', 'results': [{'_': 'ReactionCount', 'reaction': {'_': 'ReactionEmoji', 'emoticon': '👍'}, 'count': 24, 'chosen_order': None}, {'_': 'ReactionCount', 'reaction': {'_': 'ReactionEmoji', 'emoticon': '❤'}, 'count': 6, 'chosen_order': None}, {'_': 'ReactionCount', 'reaction': {'_': 'ReactionEmoji', 'emoticon': '🔥'}, 'count': 4, 'chosen_order': None}, {'_': 'ReactionCount', 'reaction': {'_': 'ReactionEmoji', 'emoticon': '\U0001fae1'}, 'count': 1, 'chosen_order': None}], 'min': False, 'can_see_list': False, 'reactions_as_tags': False, 'recent_reactions': []}",[],
anime_ety,https://t.me/anime_ety,3274,2024-02-24 10:00:17,"🎬 : Delicious in Dungeon | Dungeon <PERSON>

🎭 : Adventure, Comedy, Fantasy
🔊 : English subbed 
<PERSON> : Ongoing 
<PERSON> : 8
⭐️ : 7.1 ➖ Anilist",False,False,False,True,True,False,False,False,False,False,1279517958,,,,,,,6.100539051972083e+18,"{'_': 'ReplyInlineMarkup', 'rows': [{'_': 'KeyboardButtonRow', 'buttons': [{'_': 'KeyboardButtonUrl', 'text': '🎥🍿 Delicious In Dungeon', 'url': 'https://t.me/Delicious_In_Dungeon_01'}]}]}",10807,7,,2024-02-24T10:10:49+00:00,,,"{'_': 'MessageReactions', 'results': [{'_': 'ReactionCount', 'reaction': {'_': 'ReactionEmoji', 'emoticon': '👍'}, 'count': 12, 'chosen_order': None}, {'_': 'ReactionCount', 'reaction': {'_': 'ReactionEmoji', 'emoticon': '❤'}, 'count': 1, 'chosen_order': None}, {'_': 'ReactionCount', 'reaction': {'_': 'ReactionEmoji', 'emoticon': '🔥'}, 'count': 1, 'chosen_order': None}], 'min': False, 'can_see_list': False, 'reactions_as_tags': False, 'recent_reactions': []}",[],
anime_ety,https://t.me/anime_ety,3276,2024-02-26 15:55:56,"🎬 : <PERSON> : Action, Adventure, Fantasy
🔊 : English subbed 
<PERSON> : Ongoing 
<PERSON> : 7
⭐️ : 6.5 ➖ Anilist",False,False,False,True,True,False,False,False,False,False,1279517958,,,,,,,6.102432200541715e+18,"{'_': 'ReplyInlineMarkup', 'rows': [{'_': 'KeyboardButtonRow', 'buttons': [{'_': 'KeyboardButtonUrl', 'text': '🎥🍿 Sengoku Youko', 'url': 'https://t.me/Sengoku_Youko_01'}]}]}",34612,10,,2024-02-26T15:56:53+00:00,,,"{'_': 'MessageReactions', 'results': [{'_': 'ReactionCount', 'reaction': {'_': 'ReactionEmoji', 'emoticon': '👍'}, 'count': 18, 'chosen_order': None}, {'_': 'ReactionCount', 'reaction': {'_': 'ReactionEmoji', 'emoticon': '❤'}, 'count': 4, 'chosen_order': None}, {'_': 'ReactionCount', 'reaction': {'_': 'ReactionEmoji', 'emoticon': '🆒'}, 'count': 3, 'chosen_order': None}], 'min': False, 'can_see_list': False, 'reactions_as_tags': False, 'recent_reactions': []}",[],
anime_ety,https://t.me/anime_ety,3277,2024-02-27 02:40:49,"🎬 : Doctor <PERSON>: The Royal Lady with the Lamp | <PERSON> : Comedy, Fantasy, Romance
🔊 : English subbed 
<PERSON> : Ongoing 
<PERSON> : 7
⭐️ : 6.7 ➖ Anilist",False,False,False,True,True,False,False,False,False,False,1279517958,,,,,,,6.104694209492662e+18,"{'_': 'ReplyInlineMarkup', 'rows': [{'_': 'KeyboardButtonRow', 'buttons': [{'_': 'KeyboardButtonUrl', 'text': '🎥🍿 Doctor Elise', 'url': 'https://t.me/Doctor_Elise_The_Royal_Lady_01'}]}]}",32891,21,,2024-02-27T02:45:58+00:00,,,"{'_': 'MessageReactions', 'results': [{'_': 'ReactionCount', 'reaction': {'_': 'ReactionEmoji', 'emoticon': '👍'}, 'count': 20, 'chosen_order': None}, {'_': 'ReactionCount', 'reaction': {'_': 'ReactionEmoji', 'emoticon': '❤'}, 'count': 8, 'chosen_order': None}, {'_': 'ReactionCount', 'reaction': {'_': 'ReactionEmoji', 'emoticon': '\U0001fae1'}, 'count': 4, 'chosen_order': None}, {'_': 'ReactionCount', 'reaction': {'_': 'ReactionEmoji', 'emoticon': '🔥'}, 'count': 3, 'chosen_order': None}, {'_': 'ReactionCount', 'reaction': {'_': 'ReactionEmoji', 'emoticon': '😇'}, 'count': 3, 'chosen_order': None}], 'min': False, 'can_see_list': False, 'reactions_as_tags': False, 'recent_reactions': []}",[],
anime_ety,https://t.me/anime_ety,3278,2024-02-27 15:37:19,"🎬 : The Unwanted Undead Adventurer | <PERSON> no Boukensha

🎭 : Action, Adventure, Fantasy
🔊 : English subbed 
<PERSON> : Ongoing 
<PERSON> : 8
⭐️ : 7.3 ➖ Anilist",False,False,False,True,True,False,False,False,False,False,1279517958,,,,,,,6.106946009306348e+18,"{'_': 'ReplyInlineMarkup', 'rows': [{'_': 'KeyboardButtonRow', 'buttons': [{'_': 'KeyboardButtonUrl', 'text': '🎥🍿 The Unwanted Undead Adventure', 'url': 'https://t.me/The_Unwanted_Undead_Adventure_1'}]}]}",29267,15,,2024-02-27T15:37:38+00:00,,,"{'_': 'MessageReactions', 'results': [{'_': 'ReactionCount', 'reaction': {'_': 'ReactionEmoji', 'emoticon': '👍'}, 'count': 19, 'chosen_order': None}, {'_': 'ReactionCount', 'reaction': {'_': 'ReactionEmoji', 'emoticon': '❤'}, 'count': 7, 'chosen_order': None}, {'_': 'ReactionCount', 'reaction': {'_': 'ReactionEmoji', 'emoticon': '🆒'}, 'count': 3, 'chosen_order': None}, {'_': 'ReactionCount', 'reaction': {'_': 'ReactionEmoji', 'emoticon': '\U0001fae1'}, 'count': 2, 'chosen_order': None}, {'_': 'ReactionCount', 'reaction': {'_': 'ReactionEmoji', 'emoticon': '🔥'}, 'count': 1, 'chosen_order': None}], 'min': False, 'can_see_list': False, 'reactions_as_tags': False, 'recent_reactions': []}",[],
anime_ety,https://t.me/anime_ety,3279,2024-02-28 05:10:43,"🎬 : Metallic Rouge

🎭 : Action, Mecha, Sci-Fi
🔊 : English subbed 
<PERSON> : Ongoing 
<PERSON> : 7
⭐️ : 6.5 ➖ Anilist",False,False,False,True,True,False,False,False,False,False,1279517958,,,,,,,6.111779032925321e+18,"{'_': 'ReplyInlineMarkup', 'rows': [{'_': 'KeyboardButtonRow', 'buttons': [{'_': 'KeyboardButtonUrl', 'text': '🎥🍿 Metallic Rouge', 'url': 'https://t.me/Metallic_Rouge_01'}]}]}",27209,13,,2024-02-28T05:12:23+00:00,,,"{'_': 'MessageReactions', 'results': [{'_': 'ReactionCount', 'reaction': {'_': 'ReactionEmoji', 'emoticon': '👍'}, 'count': 17, 'chosen_order': None}, {'_': 'ReactionCount', 'reaction': {'_': 'ReactionEmoji', 'emoticon': '❤'}, 'count': 1, 'chosen_order': None}], 'min': False, 'can_see_list': False, 'reactions_as_tags': False, 'recent_reactions': []}",[],
anime_ety,https://t.me/anime_ety,3280,2024-02-28 16:04:08,"🎬 : Mr. <PERSON>'s Day Off | <PERSON> no Warumono-san

🎭 : Comedy, Slice of Life
🔊 : English subbed 
<PERSON> : Ongoing 
<PERSON> : 8
⭐️ : 7.6 ➖ Anilist",False,False,False,True,True,False,False,False,False,False,1279517958,,,,,,,6.114030832739006e+18,"{'_': 'ReplyInlineMarkup', 'rows': [{'_': 'KeyboardButtonRow', 'buttons': [{'_': 'KeyboardButtonUrl', 'text': '🎥🍿 Metallic Rouge', 'url': 'https://t.me/Mr_Villains_Day_Off_01'}]}]}",27071,14,,2024-02-28T16:08:21+00:00,,,"{'_': 'MessageReactions', 'results': [{'_': 'ReactionCount', 'reaction': {'_': 'ReactionEmoji', 'emoticon': '👍'}, 'count': 24, 'chosen_order': None}], 'min': False, 'can_see_list': False, 'reactions_as_tags': False, 'recent_reactions': []}",[],
anime_ety,https://t.me/anime_ety,3281,2024-02-29 05:42:40,"🎬 : Kingdom <DATE_TIME> : Action
🔊 : English subbed 
<PERSON> : Ongoing
<PERSON> : 5
⭐️ : 8.0 ➖ Anilist",False,False,False,True,True,False,False,False,False,False,1279517958,,,,,,,6.113920271690874e+18,"{'_': 'ReplyInlineMarkup', 'rows': [{'_': 'KeyboardButtonRow', 'buttons': [{'_': 'KeyboardButtonUrl', 'text': '🎥🍿 Kingdom Season 5', 'url': 'https://t.me/Kingdom_Season_5_01'}]}]}",25176,16,,2024-02-29T05:43:31+00:00,,,"{'_': 'MessageReactions', 'results': [{'_': 'ReactionCount', 'reaction': {'_': 'ReactionEmoji', 'emoticon': '👍'}, 'count': 19, 'chosen_order': None}, {'_': 'ReactionCount', 'reaction': {'_': 'ReactionEmoji', 'emoticon': '❤'}, 'count': 3, 'chosen_order': None}, {'_': 'ReactionCount', 'reaction': {'_': 'ReactionEmoji', 'emoticon': '🆒'}, 'count': 2, 'chosen_order': None}, {'_': 'ReactionCount', 'reaction': {'_': 'ReactionEmoji', 'emoticon': '🔥'}, 'count': 1, 'chosen_order': None}], 'min': False, 'can_see_list': False, 'reactions_as_tags': False, 'recent_reactions': []}",[],
anime_ety,https://t.me/anime_ety,3282,2024-02-29 15:45:36,"🎬 : The Fire Hunter Season 2 | Hikari no Ou 2nd Season

🎭 : Action, Adventure, Drama, Fantasy
🔊 : English subbed 
<PERSON> : Ongoing 
<PERSON> : 7
⭐️ : 7.4 ➖ Anilist",False,False,False,True,True,False,False,False,False,False,1279517958,,,,,,,6.11617207150456e+18,"{'_': 'ReplyInlineMarkup', 'rows': [{'_': 'KeyboardButtonRow', 'buttons': [{'_': 'KeyboardButtonUrl', 'text': 'Fire Hunter Season 2', 'url': 'https://t.me/Fire_Hunter_Season_2'}]}]}",21808,7,,2024-02-29T15:46:03+00:00,,,"{'_': 'MessageReactions', 'results': [{'_': 'ReactionCount', 'reaction': {'_': 'ReactionEmoji', 'emoticon': '👍'}, 'count': 11, 'chosen_order': None}, {'_': 'ReactionCount', 'reaction': {'_': 'ReactionEmoji', 'emoticon': '❤'}, 'count': 6, 'chosen_order': None}], 'min': False, 'can_see_list': False, 'reactions_as_tags': False, 'recent_reactions': []}",[],
anime_ety,https://t.me/anime_ety,3284,2024-03-01 15:54:35,"🎬 : Fire Force : Enen no Shouboutai

🔊 : Dual Audio
📡 : Completed 
<PERSON> : 48
⭐️ : 7.7 ➖ Anilist",False,False,False,True,True,False,False,True,False,False,1279517958,,,,,,,6.233176438165584e+18,"{'_': 'ReplyInlineMarkup', 'rows': [{'_': 'KeyboardButtonRow', 'buttons': [{'_': 'KeyboardButtonUrl', 'text': '🍿🎥 Fire Force', 'url': 'https://t.me/Fire_Force_ETY'}]}]}",12809,16,,2024-03-01T15:55:56+00:00,,,"{'_': 'MessageReactions', 'results': [{'_': 'ReactionCount', 'reaction': {'_': 'ReactionEmoji', 'emoticon': '🔥'}, 'count': 18, 'chosen_order': None}, {'_': 'ReactionCount', 'reaction': {'_': 'ReactionEmoji', 'emoticon': '👍'}, 'count': 9, 'chosen_order': None}, {'_': 'ReactionCount', 'reaction': {'_': 'ReactionEmoji', 'emoticon': '❤'}, 'count': 5, 'chosen_order': None}], 'min': False, 'can_see_list': False, 'reactions_as_tags': False, 'recent_reactions': []}",[],
anime_ety,https://t.me/anime_ety,3285,2024-03-01 18:18:40,<DATE_TIME>,False,False,False,False,True,False,False,True,False,False,1279517958,,,,,,,,,56616,4,"{'_': 'MessageReplies', 'replies': 264, 'replies_pts': 895913, 'comments': True, 'recent_repliers': [{'_': 'PeerUser', 'user_id': 1231851570}, {'_': 'PeerUser', 'user_id': 2100826275}, {'_': 'PeerUser', 'user_id': 5973061499}], 'channel_id': 1904325667, 'max_id': 671030, 'read_max_id': None}",2024-03-01T18:19:39+00:00,,,"{'_': 'MessageReactions', 'results': [{'_': 'ReactionCount', 'reaction': {'_': 'ReactionEmoji', 'emoticon': '👍'}, 'count': 141, 'chosen_order': None}, {'_': 'ReactionCount', 'reaction': {'_': 'ReactionEmoji', 'emoticon': '🔥'}, 'count': 30, 'chosen_order': None}, {'_': 'ReactionCount', 'reaction': {'_': 'ReactionEmoji', 'emoticon': '\U0001fae1'}, 'count': 16, 'chosen_order': None}, {'_': 'ReactionCount', 'reaction': {'_': 'ReactionEmoji', 'emoticon': '🆒'}, 'count': 16, 'chosen_order': None}, {'_': 'ReactionCount', 'reaction': {'_': 'ReactionEmoji', 'emoticon': '😇'}, 'count': 9, 'chosen_order': None}, {'_': 'ReactionCount', 'reaction': {'_': 'ReactionEmoji', 'emoticon': '❤'}, 'count': 6, 'chosen_order': None}, {'_': 'ReactionCount', 'reaction': {'_': 'ReactionEmoji', 'emoticon': '🤩'}, 'count': 6, 'chosen_order': None}, {'_': 'ReactionCount', 'reaction': {'_': 'ReactionEmoji', 'emoticon': '👏'}, 'count': 4, 'chosen_order': None}], 'min': False, 'can_see_list': False, 'reactions_as_tags': False, 'recent_reactions': []}",[],
