Channel ID,URL,Post ID,date,message,out,mentioned,media_unread,silent,post,from_scheduled,legacy,edit_hide,pinned,noforwards,peer_channel,from_id_user,fwd_from,via_bot_id,reply_to_msg_id,reply_to_scheduled,forum_topic,media_photo_id,reply_markup,views,forwards,replies,edit_date,post_author,grouped_id,reactions,restriction_reason,ttl_period
death_of_angels,https://t.me/death_of_angels,1000,2024-02-25 08:53:55,https://t.me/+RBQ3r1I5bKMzMzU0,False,False,False,False,True,False,False,False,False,False,1434752884,,,,,,,,,213,0,,,,,,[],
death_of_angels,https://t.me/death_of_angels,1001,2024-02-25 08:53:55,1 Min Left to delete link join faster 🏃‍♂️💨☝️,False,False,False,False,True,False,False,False,False,False,1434752884,,,,,,,,,214,0,,,,,,[],
death_of_angels,https://t.me/death_of_angels,1003,2024-03-03 16:28:36,1 Min Left to delete link join faster 🏃‍♂️💨☝️,False,False,False,False,True,False,False,False,False,False,1434752884,,,,,,,,,48,0,,,,,,[],
death_of_angels,https://t.me/death_of_angels,1006,2024-03-16 05:21:40,https://t.me/+RBQ3r1I5bKMzMzU0,False,False,False,False,True,False,False,False,False,False,1434752884,,,,,,,,,14,0,,,,,,[],
death_of_angels,https://t.me/death_of_angels,1008,2024-03-17 04:24:08,https://t.me/+RBQ3r1I5bKMzMzU0,False,False,False,False,True,False,False,False,False,False,1434752884,,,,,,,,,30,0,,,,,,[],
death_of_angels,https://t.me/death_of_angels,1012,2024-04-03 06:33:48,https://t.me/+RBQ3r1I5bKMzMzU0,False,False,False,False,True,False,False,False,False,False,1434752884,,,,,,,,,32,0,,,,,,[],
death_of_angels,https://t.me/death_of_angels,1013,2024-04-03 06:33:50,1 Min Left to delete link join faster 🏃‍♂️💨☝️,False,False,False,False,True,False,False,False,False,False,1434752884,,,,,,,,,31,0,,,,,,[],
