Channel ID,URL,Post ID,date,message,out,mentioned,media_unread,silent,post,from_scheduled,legacy,edit_hide,pinned,noforwards,peer_channel,from_id_user,fwd_from,via_bot_id,reply_to_msg_id,reply_to_scheduled,forum_topic,media_photo_id,reply_markup,views,forwards,replies,edit_date,post_author,grouped_id,reactions,restriction_reason,ttl_period
hindi_anime,https://t.me/hindi_anime,340,2024-02-04 04:51:55,"Solo Leveling S1✨
• Episode: 3 
• Audio track: Hindi | #Official
• Quality: 480p, 720p, 1080p
<PERSON> Solo leveling Hindi S1🥜

• Download in Hindi | Ep 3❤️",False,False,False,False,True,False,False,True,False,False,1883382719,,,,,,,6.195060566213639e+18,,75738,25,"{'_': 'MessageReplies', 'replies': 0, 'replies_pts': 0, 'comments': True, 'recent_repliers': [], 'channel_id': 777, 'max_id': None, 'read_max_id': None}",2024-02-09T14:31:11+00:00,,,"{'_': 'MessageReactions', 'results': [{'_': 'ReactionCount', 'reaction': {'_': 'ReactionEmoji', 'emoticon': '👍'}, 'count': 49, 'chosen_order': None}, {'_': 'ReactionCount', 'reaction': {'_': 'ReactionEmoji', 'emoticon': '❤'}, 'count': 18, 'chosen_order': None}, {'_': 'ReactionCount', 'reaction': {'_': 'ReactionEmoji', 'emoticon': '👏'}, 'count': 4, 'chosen_order': None}], 'min': False, 'can_see_list': False, 'reactions_as_tags': False, 'recent_reactions': []}",[],
hindi_anime,https://t.me/hindi_anime,341,2024-02-04 04:51:55,"Title'-
The Apothecary Diaries 
• Season: 1
• Episodes: 24
• Audio track: Hindi | #Official
• Quality: 480p+720p+1080
• Duration: 24 Per Ep.
• Genres: Drama, Mystery
<PERSON> The Apothecary Diaries ⛩

• Download in Hindi | Ep Add ➕",False,False,False,False,True,False,False,True,False,False,1883382719,,,,,,,6.255873304510446e+18,,76446,16,"{'_': 'MessageReplies', 'replies': 0, 'replies_pts': 0, 'comments': True, 'recent_repliers': [], 'channel_id': 777, 'max_id': None, 'read_max_id': None}",2024-02-09T14:31:11+00:00,,,"{'_': 'MessageReactions', 'results': [{'_': 'ReactionCount', 'reaction': {'_': 'ReactionEmoji', 'emoticon': '👍'}, 'count': 46, 'chosen_order': None}, {'_': 'ReactionCount', 'reaction': {'_': 'ReactionEmoji', 'emoticon': '❤'}, 'count': 15, 'chosen_order': None}, {'_': 'ReactionCount', 'reaction': {'_': 'ReactionEmoji', 'emoticon': '😁'}, 'count': 7, 'chosen_order': None}, {'_': 'ReactionCount', 'reaction': {'_': 'ReactionEmoji', 'emoticon': '🥰'}, 'count': 4, 'chosen_order': None}], 'min': False, 'can_see_list': False, 'reactions_as_tags': False, 'recent_reactions': []}",[],
hindi_anime,https://t.me/hindi_anime,342,2024-02-04 04:52:45,"Title'-
Mashle: Magic and Muscles
• Audio: Hindi | #Official
• Quality: 480p+720p+1080p
• Episodes: 12
• Duration: 24 Per Ep.
• Score: 74
• Genres: Action, Comedy, Fantasy
<PERSON> in Hindi

• Download in Hindi | S-2",False,False,False,False,True,False,False,True,False,False,1883382719,,,,,,,6.179062611899955e+18,,77905,50,"{'_': 'MessageReplies', 'replies': 0, 'replies_pts': 0, 'comments': True, 'recent_repliers': [], 'channel_id': 777, 'max_id': None, 'read_max_id': None}",2024-02-09T14:31:11+00:00,,,"{'_': 'MessageReactions', 'results': [{'_': 'ReactionCount', 'reaction': {'_': 'ReactionEmoji', 'emoticon': '👍'}, 'count': 77, 'chosen_order': None}, {'_': 'ReactionCount', 'reaction': {'_': 'ReactionEmoji', 'emoticon': '🔥'}, 'count': 35, 'chosen_order': None}, {'_': 'ReactionCount', 'reaction': {'_': 'ReactionEmoji', 'emoticon': '😁'}, 'count': 12, 'chosen_order': None}, {'_': 'ReactionCount', 'reaction': {'_': 'ReactionEmoji', 'emoticon': '❤'}, 'count': 6, 'chosen_order': None}, {'_': 'ReactionCount', 'reaction': {'_': 'ReactionEmoji', 'emoticon': '🤔'}, 'count': 4, 'chosen_order': None}, {'_': 'ReactionCount', 'reaction': {'_': 'ReactionEmoji', 'emoticon': '🏆'}, 'count': 3, 'chosen_order': None}, {'_': 'ReactionCount', 'reaction': {'_': 'ReactionEmoji', 'emoticon': '❤\u200d🔥'}, 'count': 1, 'chosen_order': None}], 'min': False, 'can_see_list': False, 'reactions_as_tags': False, 'recent_reactions': []}",[],
hindi_anime,https://t.me/hindi_anime,343,2024-02-06 05:56:09,"Title'-
The Daily Life of the Immortal King
• Season: 3 ❤️
• Episodes: 12
• Audio track: Hindi | #official 
• Quality: 480p,720,1080
• Duration: 18 Per Ep.
• Genres: Action, Comedy, Fantasy
<PERSON>Dub By:- Crunchyroll <PERSON> Daily Life of the Immortal King 

● Download in Hindi | S3✨",False,False,False,True,True,False,False,True,False,False,1883382719,,,,,,,6.194972240211198e+18,,77816,48,"{'_': 'MessageReplies', 'replies': 0, 'replies_pts': 0, 'comments': True, 'recent_repliers': [], 'channel_id': 777, 'max_id': None, 'read_max_id': None}",2024-02-09T14:31:11+00:00,,,"{'_': 'MessageReactions', 'results': [{'_': 'ReactionCount', 'reaction': {'_': 'ReactionEmoji', 'emoticon': '👍'}, 'count': 57, 'chosen_order': None}, {'_': 'ReactionCount', 'reaction': {'_': 'ReactionEmoji', 'emoticon': '🔥'}, 'count': 20, 'chosen_order': None}, {'_': 'ReactionCount', 'reaction': {'_': 'ReactionEmoji', 'emoticon': '❤\u200d🔥'}, 'count': 8, 'chosen_order': None}, {'_': 'ReactionCount', 'reaction': {'_': 'ReactionEmoji', 'emoticon': '😁'}, 'count': 2, 'chosen_order': None}, {'_': 'ReactionCount', 'reaction': {'_': 'ReactionEmoji', 'emoticon': '❤'}, 'count': 1, 'chosen_order': None}], 'min': False, 'can_see_list': False, 'reactions_as_tags': False, 'recent_reactions': []}",[],
hindi_anime,https://t.me/hindi_anime,344,2024-02-06 05:56:09,"Title'-
ZOM 100: Bucket List of the Dead
• Episodes: 12
• Audio track: Hindi | #Official
• Quality: 480p+720p+1080p
• Duration: 24 Per Ep.
• Score: 80
• Genres: Action, Comedy, Horror
<PERSON> Zom 100 <PERSON> Official✨

● Download in Hindi | Ep ➕",False,False,False,True,True,False,False,True,False,False,1883382719,,,,,,,6.215430857364191e+18,,92065,44,"{'_': 'MessageReplies', 'replies': 0, 'replies_pts': 0, 'comments': True, 'recent_repliers': [], 'channel_id': 777, 'max_id': None, 'read_max_id': None}",2024-02-09T14:31:11+00:00,,,"{'_': 'MessageReactions', 'results': [{'_': 'ReactionCount', 'reaction': {'_': 'ReactionEmoji', 'emoticon': '👍'}, 'count': 105, 'chosen_order': None}, {'_': 'ReactionCount', 'reaction': {'_': 'ReactionEmoji', 'emoticon': '❤\u200d🔥'}, 'count': 31, 'chosen_order': None}, {'_': 'ReactionCount', 'reaction': {'_': 'ReactionEmoji', 'emoticon': '🥰'}, 'count': 16, 'chosen_order': None}, {'_': 'ReactionCount', 'reaction': {'_': 'ReactionEmoji', 'emoticon': '🔥'}, 'count': 7, 'chosen_order': None}, {'_': 'ReactionCount', 'reaction': {'_': 'ReactionEmoji', 'emoticon': '🏆'}, 'count': 5, 'chosen_order': None}, {'_': 'ReactionCount', 'reaction': {'_': 'ReactionEmoji', 'emoticon': '❤'}, 'count': 4, 'chosen_order': None}, {'_': 'ReactionCount', 'reaction': {'_': 'ReactionEmoji', 'emoticon': '👏'}, 'count': 1, 'chosen_order': None}, {'_': 'ReactionCount', 'reaction': {'_': 'ReactionEmoji', 'emoticon': '😁'}, 'count': 1, 'chosen_order': None}, {'_': 'ReactionCount', 'reaction': {'_': 'ReactionEmoji', 'emoticon': '👌'}, 'count': 1, 'chosen_order': None}], 'min': False, 'can_see_list': False, 'reactions_as_tags': False, 'recent_reactions': []}",[],
hindi_anime,https://t.me/hindi_anime,345,2024-02-10 08:15:26,"<PERSON>
• Season 2 
• Episode: 2 
• Audio track: Hindi | #Official ⛩
• Quality: 480p, 720p, 1080p
<PERSON>Jujutsu kaisen S2 Official ⛩

• Download in Hindi | Ep 2 Add",False,False,False,False,True,False,False,False,False,False,1883382719,,,,,,,6.21289296977892e+18,,76599,23,"{'_': 'MessageReplies', 'replies': 0, 'replies_pts': 177495, 'comments': True, 'recent_repliers': [], 'channel_id': 1881208244, 'max_id': None, 'read_max_id': None}",2024-02-10T08:48:55+00:00,,,"{'_': 'MessageReactions', 'results': [{'_': 'ReactionCount', 'reaction': {'_': 'ReactionEmoji', 'emoticon': '👍'}, 'count': 72, 'chosen_order': None}, {'_': 'ReactionCount', 'reaction': {'_': 'ReactionEmoji', 'emoticon': '🤣'}, 'count': 20, 'chosen_order': None}, {'_': 'ReactionCount', 'reaction': {'_': 'ReactionEmoji', 'emoticon': '👏'}, 'count': 10, 'chosen_order': None}, {'_': 'ReactionCount', 'reaction': {'_': 'ReactionEmoji', 'emoticon': '❤\u200d🔥'}, 'count': 5, 'chosen_order': None}, {'_': 'ReactionCount', 'reaction': {'_': 'ReactionEmoji', 'emoticon': '❤'}, 'count': 4, 'chosen_order': None}, {'_': 'ReactionCount', 'reaction': {'_': 'ReactionEmoji', 'emoticon': '👌'}, 'count': 3, 'chosen_order': None}, {'_': 'ReactionCount', 'reaction': {'_': 'ReactionEmoji', 'emoticon': '🤔'}, 'count': 2, 'chosen_order': None}], 'min': False, 'can_see_list': False, 'reactions_as_tags': False, 'recent_reactions': []}",[],
hindi_anime,https://t.me/hindi_anime,346,2024-02-10 12:33:17,"Title'-
<PERSON> 0
• Type: Movie
• Audio track: Hindi
• Quality: 480p
• Duration: 105 Per Ep.
• Score: 86
• Genres: Action, Supernatural
<PERSON> by : @Dub_Anime_in_Hindi
<PERSON>
• <PERSON> 0 Movie

● Download in Hindi | 😮",False,False,False,True,True,False,False,True,False,False,1883382719,,,,,,,6.059615534128936e+18,,80329,113,"{'_': 'MessageReplies', 'replies': 0, 'replies_pts': 0, 'comments': True, 'recent_repliers': [], 'channel_id': 777, 'max_id': None, 'read_max_id': None}",2024-02-11T13:33:52+00:00,,,"{'_': 'MessageReactions', 'results': [{'_': 'ReactionCount', 'reaction': {'_': 'ReactionEmoji', 'emoticon': '👍'}, 'count': 147, 'chosen_order': None}, {'_': 'ReactionCount', 'reaction': {'_': 'ReactionEmoji', 'emoticon': '❤'}, 'count': 47, 'chosen_order': None}, {'_': 'ReactionCount', 'reaction': {'_': 'ReactionEmoji', 'emoticon': '🔥'}, 'count': 19, 'chosen_order': None}, {'_': 'ReactionCount', 'reaction': {'_': 'ReactionEmoji', 'emoticon': '🤔'}, 'count': 7, 'chosen_order': None}], 'min': False, 'can_see_list': False, 'reactions_as_tags': False, 'recent_reactions': []}",[],
hindi_anime,https://t.me/hindi_anime,347,2024-02-11 04:32:47,"Solo Leveling S1✨
• Episode: 4 
• Audio track: Hindi | #Official
• Quality: 480p, 720p, 1080p
<PERSON> Solo leveling Hindi S1🥜

• Download in Hindi | Ep 4❤️",False,False,False,True,True,False,False,True,False,False,1883382719,,,,,,,6.215151946482957e+18,,78320,45,"{'_': 'MessageReplies', 'replies': 0, 'replies_pts': 0, 'comments': True, 'recent_repliers': [], 'channel_id': 777, 'max_id': None, 'read_max_id': None}",2024-02-11T13:33:52+00:00,,,"{'_': 'MessageReactions', 'results': [{'_': 'ReactionCount', 'reaction': {'_': 'ReactionEmoji', 'emoticon': '👍'}, 'count': 167, 'chosen_order': None}, {'_': 'ReactionCount', 'reaction': {'_': 'ReactionEmoji', 'emoticon': '🥰'}, 'count': 38, 'chosen_order': None}, {'_': 'ReactionCount', 'reaction': {'_': 'ReactionEmoji', 'emoticon': '🔥'}, 'count': 24, 'chosen_order': None}, {'_': 'ReactionCount', 'reaction': {'_': 'ReactionEmoji', 'emoticon': '❤\u200d🔥'}, 'count': 18, 'chosen_order': None}, {'_': 'ReactionCount', 'reaction': {'_': 'ReactionEmoji', 'emoticon': '❤'}, 'count': 12, 'chosen_order': None}, {'_': 'ReactionCount', 'reaction': {'_': 'ReactionEmoji', 'emoticon': '🏆'}, 'count': 7, 'chosen_order': None}, {'_': 'ReactionCount', 'reaction': {'_': 'ReactionEmoji', 'emoticon': '👌'}, 'count': 5, 'chosen_order': None}, {'_': 'ReactionCount', 'reaction': {'_': 'ReactionEmoji', 'emoticon': '👏'}, 'count': 4, 'chosen_order': None}, {'_': 'ReactionCount', 'reaction': {'_': 'ReactionEmoji', 'emoticon': '🤔'}, 'count': 3, 'chosen_order': None}, {'_': 'ReactionCount', 'reaction': {'_': 'ReactionEmoji', 'emoticon': '⚡'}, 'count': 1, 'chosen_order': None}], 'min': False, 'can_see_list': False, 'reactions_as_tags': False, 'recent_reactions': []}",[],
