Channel ID,URL,Post ID,date,message,out,mentioned,media_unread,silent,post,from_scheduled,legacy,edit_hide,pinned,noforwards,peer_channel,from_id_user,fwd_from,via_bot_id,reply_to_msg_id,reply_to_scheduled,forum_topic,media_photo_id,reply_markup,views,forwards,replies,edit_date,post_author,grouped_id,reactions,restriction_reason,ttl_period
jujutsu_kaisen_hindi_dub_anime,https://t.me/jujutsu_kaisen_hindi_dub_anime,8193,2024-01-05 02:37:15,"✅ Episode - 16 ( Season 2 ) 
🎧 Language - Hindi #Official 
📀 Quality : 480p.mp4
@Crunchyroll_Hindi_Dub_Official

Use MX Player For Change 📢Audio
Hindi Dub /  tamil / English Dub / English Dub",False,False,False,False,True,False,False,False,False,False,1360863050,,,,,,,,,244402,1493,,2024-01-05T02:38:11+00:00,,,"{'_': 'MessageReactions', 'results': [{'_': 'ReactionCount', 'reaction': {'_': 'ReactionEmoji', 'emoticon': '🔥'}, 'count': 260, 'chosen_order': None}, {'_': 'ReactionCount', 'reaction': {'_': 'ReactionEmoji', 'emoticon': '👍'}, 'count': 156, 'chosen_order': None}, {'_': 'ReactionCount', 'reaction': {'_': 'ReactionEmoji', 'emoticon': '❤'}, 'count': 46, 'chosen_order': None}, {'_': 'ReactionCount', 'reaction': {'_': 'ReactionEmoji', 'emoticon': '👀'}, 'count': 21, 'chosen_order': None}, {'_': 'ReactionCount', 'reaction': {'_': 'ReactionEmoji', 'emoticon': '🎉'}, 'count': 17, 'chosen_order': None}, {'_': 'ReactionCount', 'reaction': {'_': 'ReactionEmoji', 'emoticon': '❤\u200d🔥'}, 'count': 16, 'chosen_order': None}, {'_': 'ReactionCount', 'reaction': {'_': 'ReactionEmoji', 'emoticon': '💔'}, 'count': 15, 'chosen_order': None}, {'_': 'ReactionCount', 'reaction': {'_': 'ReactionEmoji', 'emoticon': '🆒'}, 'count': 15, 'chosen_order': None}, {'_': 'ReactionCount', 'reaction': {'_': 'ReactionEmoji', 'emoticon': '🤯'}, 'count': 14, 'chosen_order': None}, {'_': 'ReactionCount', 'reaction': {'_': 'ReactionEmoji', 'emoticon': '😱'}, 'count': 11, 'chosen_order': None}, {'_': 'ReactionCount', 'reaction': {'_': 'ReactionEmoji', 'emoticon': '🥴'}, 'count': 8, 'chosen_order': None}], 'min': False, 'can_see_list': False, 'reactions_as_tags': False, 'recent_reactions': []}",[],
jujutsu_kaisen_hindi_dub_anime,https://t.me/jujutsu_kaisen_hindi_dub_anime,8194,2024-01-05 02:37:15,"✅ Episode - 16 ( Season 2 ) 
🎧 Language - Hindi #Official 
📀 Quality : 720p.mp4
@Crunchyroll_Hindi_Dub_Official

Use MX Player For Change 📢Audio
Hindi Dub /  tamil / English Dub / English Dub",False,False,False,False,True,False,False,False,False,False,1360863050,,,,,,,,,268791,2103,,2024-01-05T02:38:04+00:00,,,"{'_': 'MessageReactions', 'results': [{'_': 'ReactionCount', 'reaction': {'_': 'ReactionEmoji', 'emoticon': '🔥'}, 'count': 349, 'chosen_order': None}, {'_': 'ReactionCount', 'reaction': {'_': 'ReactionEmoji', 'emoticon': '👍'}, 'count': 164, 'chosen_order': None}, {'_': 'ReactionCount', 'reaction': {'_': 'ReactionEmoji', 'emoticon': '❤\u200d🔥'}, 'count': 54, 'chosen_order': None}, {'_': 'ReactionCount', 'reaction': {'_': 'ReactionEmoji', 'emoticon': '❤'}, 'count': 35, 'chosen_order': None}, {'_': 'ReactionCount', 'reaction': {'_': 'ReactionEmoji', 'emoticon': '🤯'}, 'count': 22, 'chosen_order': None}, {'_': 'ReactionCount', 'reaction': {'_': 'ReactionEmoji', 'emoticon': '🆒'}, 'count': 17, 'chosen_order': None}, {'_': 'ReactionCount', 'reaction': {'_': 'ReactionEmoji', 'emoticon': '🎉'}, 'count': 14, 'chosen_order': None}, {'_': 'ReactionCount', 'reaction': {'_': 'ReactionEmoji', 'emoticon': '💯'}, 'count': 14, 'chosen_order': None}, {'_': 'ReactionCount', 'reaction': {'_': 'ReactionEmoji', 'emoticon': '👨\u200d💻'}, 'count': 14, 'chosen_order': None}, {'_': 'ReactionCount', 'reaction': {'_': 'ReactionEmoji', 'emoticon': '👀'}, 'count': 14, 'chosen_order': None}, {'_': 'ReactionCount', 'reaction': {'_': 'ReactionEmoji', 'emoticon': '🎃'}, 'count': 11, 'chosen_order': None}], 'min': False, 'can_see_list': False, 'reactions_as_tags': False, 'recent_reactions': []}",[],
jujutsu_kaisen_hindi_dub_anime,https://t.me/jujutsu_kaisen_hindi_dub_anime,8195,2024-01-05 02:37:15,"✅ Episode - 16 ( Season 2 ) 
🎧 Language - Hindi #Official 
📀 Quality : 1080p.mp4
@Crunchyroll_Hindi_Dub_Official

Use MX Player For Change 📢Audio
Hindi Dub /  tamil / English Dub / English Dub",False,False,False,False,True,False,False,False,False,False,1360863050,,,,,,,,,291477,2569,,2024-01-05T02:37:54+00:00,,,"{'_': 'MessageReactions', 'results': [{'_': 'ReactionCount', 'reaction': {'_': 'ReactionEmoji', 'emoticon': '❤'}, 'count': 455, 'chosen_order': None}, {'_': 'ReactionCount', 'reaction': {'_': 'ReactionEmoji', 'emoticon': '👍'}, 'count': 187, 'chosen_order': None}, {'_': 'ReactionCount', 'reaction': {'_': 'ReactionEmoji', 'emoticon': '🔥'}, 'count': 75, 'chosen_order': None}, {'_': 'ReactionCount', 'reaction': {'_': 'ReactionEmoji', 'emoticon': '❤\u200d🔥'}, 'count': 70, 'chosen_order': None}, {'_': 'ReactionCount', 'reaction': {'_': 'ReactionEmoji', 'emoticon': '🤯'}, 'count': 39, 'chosen_order': None}, {'_': 'ReactionCount', 'reaction': {'_': 'ReactionEmoji', 'emoticon': '🆒'}, 'count': 21, 'chosen_order': None}, {'_': 'ReactionCount', 'reaction': {'_': 'ReactionEmoji', 'emoticon': '👌'}, 'count': 19, 'chosen_order': None}, {'_': 'ReactionCount', 'reaction': {'_': 'ReactionEmoji', 'emoticon': '👏'}, 'count': 17, 'chosen_order': None}, {'_': 'ReactionCount', 'reaction': {'_': 'ReactionEmoji', 'emoticon': '💘'}, 'count': 17, 'chosen_order': None}, {'_': 'ReactionCount', 'reaction': {'_': 'ReactionEmoji', 'emoticon': '😱'}, 'count': 15, 'chosen_order': None}, {'_': 'ReactionCount', 'reaction': {'_': 'ReactionEmoji', 'emoticon': '👨\u200d💻'}, 'count': 15, 'chosen_order': None}], 'min': False, 'can_see_list': False, 'reactions_as_tags': False, 'recent_reactions': []}",[],
jujutsu_kaisen_hindi_dub_anime,https://t.me/jujutsu_kaisen_hindi_dub_anime,8232,2024-01-12 15:25:24,"✅ Episode - 17 ( Season 2 ) 
🎧 Language - Hindi #Official 
📀 Quality : 480p.mp4
@Crunchyroll_Hindi_Dub_Official

Use MX Player For Change 📢Audio
Hindi Dub /  tamil / English Dub / English Dub",False,False,False,False,True,False,False,False,False,False,1360863050,,,,,,,,,186406,791,,2024-01-12T15:27:23+00:00,,,"{'_': 'MessageReactions', 'results': [{'_': 'ReactionCount', 'reaction': {'_': 'ReactionEmoji', 'emoticon': '👍'}, 'count': 234, 'chosen_order': None}, {'_': 'ReactionCount', 'reaction': {'_': 'ReactionEmoji', 'emoticon': '❤\u200d🔥'}, 'count': 49, 'chosen_order': None}, {'_': 'ReactionCount', 'reaction': {'_': 'ReactionEmoji', 'emoticon': '❤'}, 'count': 29, 'chosen_order': None}, {'_': 'ReactionCount', 'reaction': {'_': 'ReactionEmoji', 'emoticon': '🔥'}, 'count': 18, 'chosen_order': None}, {'_': 'ReactionCount', 'reaction': {'_': 'ReactionEmoji', 'emoticon': '👏'}, 'count': 15, 'chosen_order': None}, {'_': 'ReactionCount', 'reaction': {'_': 'ReactionEmoji', 'emoticon': '🤯'}, 'count': 14, 'chosen_order': None}, {'_': 'ReactionCount', 'reaction': {'_': 'ReactionEmoji', 'emoticon': '🎉'}, 'count': 10, 'chosen_order': None}, {'_': 'ReactionCount', 'reaction': {'_': 'ReactionEmoji', 'emoticon': '😱'}, 'count': 9, 'chosen_order': None}, {'_': 'ReactionCount', 'reaction': {'_': 'ReactionEmoji', 'emoticon': '🙏'}, 'count': 9, 'chosen_order': None}, {'_': 'ReactionCount', 'reaction': {'_': 'ReactionEmoji', 'emoticon': '😢'}, 'count': 4, 'chosen_order': None}, {'_': 'ReactionCount', 'reaction': {'_': 'ReactionEmoji', 'emoticon': '☃'}, 'count': 3, 'chosen_order': None}], 'min': False, 'can_see_list': False, 'reactions_as_tags': False, 'recent_reactions': []}",[],
jujutsu_kaisen_hindi_dub_anime,https://t.me/jujutsu_kaisen_hindi_dub_anime,8233,2024-01-12 15:25:24,"✅ Episode - 17 ( Season 2 ) 
🎧 Language - Hindi #Official 
📀 Quality : 720p.mp4
@Crunchyroll_Hindi_Dub_Official

Use MX Player For Change 📢Audio
Hindi Dub /  tamil / English Dub / English Dub",False,False,False,False,True,False,False,False,False,False,1360863050,,,,,,,,,200378,1134,,2024-01-12T15:27:36+00:00,,,"{'_': 'MessageReactions', 'results': [{'_': 'ReactionCount', 'reaction': {'_': 'ReactionEmoji', 'emoticon': '👍'}, 'count': 194, 'chosen_order': None}, {'_': 'ReactionCount', 'reaction': {'_': 'ReactionEmoji', 'emoticon': '❤'}, 'count': 40, 'chosen_order': None}, {'_': 'ReactionCount', 'reaction': {'_': 'ReactionEmoji', 'emoticon': '😱'}, 'count': 21, 'chosen_order': None}, {'_': 'ReactionCount', 'reaction': {'_': 'ReactionEmoji', 'emoticon': '🔥'}, 'count': 19, 'chosen_order': None}, {'_': 'ReactionCount', 'reaction': {'_': 'ReactionEmoji', 'emoticon': '🤯'}, 'count': 11, 'chosen_order': None}, {'_': 'ReactionCount', 'reaction': {'_': 'ReactionEmoji', 'emoticon': '🤩'}, 'count': 9, 'chosen_order': None}, {'_': 'ReactionCount', 'reaction': {'_': 'ReactionEmoji', 'emoticon': '🎉'}, 'count': 7, 'chosen_order': None}, {'_': 'ReactionCount', 'reaction': {'_': 'ReactionEmoji', 'emoticon': '💋'}, 'count': 5, 'chosen_order': None}, {'_': 'ReactionCount', 'reaction': {'_': 'ReactionEmoji', 'emoticon': '😇'}, 'count': 5, 'chosen_order': None}, {'_': 'ReactionCount', 'reaction': {'_': 'ReactionEmoji', 'emoticon': '❤\u200d🔥'}, 'count': 4, 'chosen_order': None}, {'_': 'ReactionCount', 'reaction': {'_': 'ReactionEmoji', 'emoticon': '🥰'}, 'count': 1, 'chosen_order': None}], 'min': False, 'can_see_list': False, 'reactions_as_tags': False, 'recent_reactions': []}",[],
jujutsu_kaisen_hindi_dub_anime,https://t.me/jujutsu_kaisen_hindi_dub_anime,8234,2024-01-12 15:25:25,"✅ Episode - 17 ( Season 2 ) 
🎧 Language - Hindi #Official 
📀 Quality : 1080p.mp4
@Crunchyroll_Hindi_Dub_Official

Use MX Player For Change 📢Audio
Hindi Dub /  tamil / English Dub / English Dub",False,False,False,False,True,False,False,False,False,False,1360863050,,,,,,,,,209947,1254,,2024-01-12T15:27:50+00:00,,,"{'_': 'MessageReactions', 'results': [{'_': 'ReactionCount', 'reaction': {'_': 'ReactionEmoji', 'emoticon': '👍'}, 'count': 247, 'chosen_order': None}, {'_': 'ReactionCount', 'reaction': {'_': 'ReactionEmoji', 'emoticon': '❤'}, 'count': 45, 'chosen_order': None}, {'_': 'ReactionCount', 'reaction': {'_': 'ReactionEmoji', 'emoticon': '🤯'}, 'count': 30, 'chosen_order': None}, {'_': 'ReactionCount', 'reaction': {'_': 'ReactionEmoji', 'emoticon': '🔥'}, 'count': 22, 'chosen_order': None}, {'_': 'ReactionCount', 'reaction': {'_': 'ReactionEmoji', 'emoticon': '😱'}, 'count': 16, 'chosen_order': None}, {'_': 'ReactionCount', 'reaction': {'_': 'ReactionEmoji', 'emoticon': '❤\u200d🔥'}, 'count': 13, 'chosen_order': None}, {'_': 'ReactionCount', 'reaction': {'_': 'ReactionEmoji', 'emoticon': '🎉'}, 'count': 9, 'chosen_order': None}, {'_': 'ReactionCount', 'reaction': {'_': 'ReactionEmoji', 'emoticon': '👌'}, 'count': 7, 'chosen_order': None}, {'_': 'ReactionCount', 'reaction': {'_': 'ReactionEmoji', 'emoticon': '🤩'}, 'count': 6, 'chosen_order': None}, {'_': 'ReactionCount', 'reaction': {'_': 'ReactionEmoji', 'emoticon': '💔'}, 'count': 5, 'chosen_order': None}, {'_': 'ReactionCount', 'reaction': {'_': 'ReactionEmoji', 'emoticon': '👏'}, 'count': 3, 'chosen_order': None}], 'min': False, 'can_see_list': False, 'reactions_as_tags': False, 'recent_reactions': []}",[],
jujutsu_kaisen_hindi_dub_anime,https://t.me/jujutsu_kaisen_hindi_dub_anime,8288,2024-01-19 14:12:53,"✅ Episode - 18 ( Season 2 ) 
🎧 Language - Hindi #Official 
📀 Quality : 480p.mp4
@Crunchyroll_Hindi_Dub_Official

Use MX Player For Change 📢Audio
Hindi Dub /  tamil / English Dub / English Dub",False,False,False,False,True,False,False,False,False,False,1360863050,,,,,,,,,148831,692,,2024-01-19T14:13:25+00:00,,,"{'_': 'MessageReactions', 'results': [{'_': 'ReactionCount', 'reaction': {'_': 'ReactionEmoji', 'emoticon': '👍'}, 'count': 216, 'chosen_order': None}, {'_': 'ReactionCount', 'reaction': {'_': 'ReactionEmoji', 'emoticon': '❤'}, 'count': 37, 'chosen_order': None}, {'_': 'ReactionCount', 'reaction': {'_': 'ReactionEmoji', 'emoticon': '🤯'}, 'count': 18, 'chosen_order': None}, {'_': 'ReactionCount', 'reaction': {'_': 'ReactionEmoji', 'emoticon': '☃'}, 'count': 17, 'chosen_order': None}, {'_': 'ReactionCount', 'reaction': {'_': 'ReactionEmoji', 'emoticon': '🤩'}, 'count': 12, 'chosen_order': None}, {'_': 'ReactionCount', 'reaction': {'_': 'ReactionEmoji', 'emoticon': '👌'}, 'count': 11, 'chosen_order': None}, {'_': 'ReactionCount', 'reaction': {'_': 'ReactionEmoji', 'emoticon': '🔥'}, 'count': 9, 'chosen_order': None}, {'_': 'ReactionCount', 'reaction': {'_': 'ReactionEmoji', 'emoticon': '👏'}, 'count': 6, 'chosen_order': None}, {'_': 'ReactionCount', 'reaction': {'_': 'ReactionEmoji', 'emoticon': '😁'}, 'count': 6, 'chosen_order': None}, {'_': 'ReactionCount', 'reaction': {'_': 'ReactionEmoji', 'emoticon': '🤝'}, 'count': 6, 'chosen_order': None}, {'_': 'ReactionCount', 'reaction': {'_': 'ReactionEmoji', 'emoticon': '😱'}, 'count': 4, 'chosen_order': None}], 'min': False, 'can_see_list': False, 'reactions_as_tags': False, 'recent_reactions': []}",[],
jujutsu_kaisen_hindi_dub_anime,https://t.me/jujutsu_kaisen_hindi_dub_anime,8289,2024-01-19 14:12:53,"✅ Episode - 18 ( Season 2 ) 
🎧 Language - Hindi #Official 
📀 Quality : 720p.mp4
@Crunchyroll_Hindi_Dub_Official

Use MX Player For Change 📢Audio
Hindi Dub /  tamil / English Dub / English Dub",False,False,False,False,True,False,False,False,False,False,1360863050,,,,,,,,,167132,813,,2024-01-19T14:13:36+00:00,,,"{'_': 'MessageReactions', 'results': [{'_': 'ReactionCount', 'reaction': {'_': 'ReactionEmoji', 'emoticon': '👍'}, 'count': 169, 'chosen_order': None}, {'_': 'ReactionCount', 'reaction': {'_': 'ReactionEmoji', 'emoticon': '🔥'}, 'count': 28, 'chosen_order': None}, {'_': 'ReactionCount', 'reaction': {'_': 'ReactionEmoji', 'emoticon': '❤'}, 'count': 26, 'chosen_order': None}, {'_': 'ReactionCount', 'reaction': {'_': 'ReactionEmoji', 'emoticon': '🤯'}, 'count': 25, 'chosen_order': None}, {'_': 'ReactionCount', 'reaction': {'_': 'ReactionEmoji', 'emoticon': '😭'}, 'count': 13, 'chosen_order': None}, {'_': 'ReactionCount', 'reaction': {'_': 'ReactionEmoji', 'emoticon': '💯'}, 'count': 10, 'chosen_order': None}, {'_': 'ReactionCount', 'reaction': {'_': 'ReactionEmoji', 'emoticon': '🤩'}, 'count': 8, 'chosen_order': None}, {'_': 'ReactionCount', 'reaction': {'_': 'ReactionEmoji', 'emoticon': '🆒'}, 'count': 8, 'chosen_order': None}, {'_': 'ReactionCount', 'reaction': {'_': 'ReactionEmoji', 'emoticon': '❤\u200d🔥'}, 'count': 7, 'chosen_order': None}, {'_': 'ReactionCount', 'reaction': {'_': 'ReactionEmoji', 'emoticon': '🎉'}, 'count': 4, 'chosen_order': None}, {'_': 'ReactionCount', 'reaction': {'_': 'ReactionEmoji', 'emoticon': '😱'}, 'count': 3, 'chosen_order': None}], 'min': False, 'can_see_list': False, 'reactions_as_tags': False, 'recent_reactions': []}",[],
jujutsu_kaisen_hindi_dub_anime,https://t.me/jujutsu_kaisen_hindi_dub_anime,8290,2024-01-19 14:12:53,"✅ Episode - 18 ( Season 2 ) 
🎧 Language - Hindi #Official 
📀 Quality : 1080p.mp4
@Crunchyroll_Hindi_Dub_Official

Use MX Player For Change 📢Audio
Hindi Dub /  tamil / English Dub / English Dub",False,False,False,False,True,False,False,False,False,False,1360863050,,,,,,,,,182367,1136,,2024-01-19T14:13:54+00:00,,,"{'_': 'MessageReactions', 'results': [{'_': 'ReactionCount', 'reaction': {'_': 'ReactionEmoji', 'emoticon': '👍'}, 'count': 276, 'chosen_order': None}, {'_': 'ReactionCount', 'reaction': {'_': 'ReactionEmoji', 'emoticon': '😭'}, 'count': 89, 'chosen_order': None}, {'_': 'ReactionCount', 'reaction': {'_': 'ReactionEmoji', 'emoticon': '🔥'}, 'count': 36, 'chosen_order': None}, {'_': 'ReactionCount', 'reaction': {'_': 'ReactionEmoji', 'emoticon': '❤'}, 'count': 29, 'chosen_order': None}, {'_': 'ReactionCount', 'reaction': {'_': 'ReactionEmoji', 'emoticon': '😱'}, 'count': 19, 'chosen_order': None}, {'_': 'ReactionCount', 'reaction': {'_': 'ReactionEmoji', 'emoticon': '❤\u200d🔥'}, 'count': 10, 'chosen_order': None}, {'_': 'ReactionCount', 'reaction': {'_': 'ReactionEmoji', 'emoticon': '🤯'}, 'count': 10, 'chosen_order': None}, {'_': 'ReactionCount', 'reaction': {'_': 'ReactionEmoji', 'emoticon': '🤣'}, 'count': 9, 'chosen_order': None}, {'_': 'ReactionCount', 'reaction': {'_': 'ReactionEmoji', 'emoticon': '🎉'}, 'count': 8, 'chosen_order': None}, {'_': 'ReactionCount', 'reaction': {'_': 'ReactionEmoji', 'emoticon': '🤩'}, 'count': 7, 'chosen_order': None}, {'_': 'ReactionCount', 'reaction': {'_': 'ReactionEmoji', 'emoticon': '💯'}, 'count': 5, 'chosen_order': None}], 'min': False, 'can_see_list': False, 'reactions_as_tags': False, 'recent_reactions': []}",[],
jujutsu_kaisen_hindi_dub_anime,https://t.me/jujutsu_kaisen_hindi_dub_anime,8293,2024-01-19 15:33:44,<PERSON>🥹✨,False,False,False,False,True,False,False,True,False,False,1360863050,,,,,,,,,199034,15,"{'_': 'MessageReplies', 'replies': 0, 'replies_pts': 0, 'comments': True, 'recent_repliers': [], 'channel_id': 777, 'max_id': None, 'read_max_id': None}",2024-01-19T17:33:49+00:00,,,"{'_': 'MessageReactions', 'results': [{'_': 'ReactionCount', 'reaction': {'_': 'ReactionEmoji', 'emoticon': '😭'}, 'count': 2666, 'chosen_order': None}, {'_': 'ReactionCount', 'reaction': {'_': 'ReactionEmoji', 'emoticon': '\U0001fae1'}, 'count': 433, 'chosen_order': None}, {'_': 'ReactionCount', 'reaction': {'_': 'ReactionEmoji', 'emoticon': '💔'}, 'count': 258, 'chosen_order': None}, {'_': 'ReactionCount', 'reaction': {'_': 'ReactionEmoji', 'emoticon': '😢'}, 'count': 140, 'chosen_order': None}, {'_': 'ReactionCount', 'reaction': {'_': 'ReactionEmoji', 'emoticon': '👍'}, 'count': 61, 'chosen_order': None}, {'_': 'ReactionCount', 'reaction': {'_': 'ReactionEmoji', 'emoticon': '🤣'}, 'count': 61, 'chosen_order': None}, {'_': 'ReactionCount', 'reaction': {'_': 'ReactionEmoji', 'emoticon': '🤯'}, 'count': 26, 'chosen_order': None}, {'_': 'ReactionCount', 'reaction': {'_': 'ReactionEmoji', 'emoticon': '😱'}, 'count': 24, 'chosen_order': None}, {'_': 'ReactionCount', 'reaction': {'_': 'ReactionEmoji', 'emoticon': '👀'}, 'count': 24, 'chosen_order': None}, {'_': 'ReactionCount', 'reaction': {'_': 'ReactionEmoji', 'emoticon': '💘'}, 'count': 21, 'chosen_order': None}, {'_': 'ReactionCount', 'reaction': {'_': 'ReactionEmoji', 'emoticon': '🤩'}, 'count': 18, 'chosen_order': None}], 'min': False, 'can_see_list': False, 'reactions_as_tags': False, 'recent_reactions': []}",[],
jujutsu_kaisen_hindi_dub_anime,https://t.me/jujutsu_kaisen_hindi_dub_anime,8385,2024-01-26 04:48:23,"😎 Jujutsu Kaisen || Season 2 👍
📟 Episode - 19
🎼 Language - Hindi #Official
📀 Quality : 480p",False,False,False,False,True,False,False,True,False,False,1360863050,,,,,,,,,153207,969,"{'_': 'MessageReplies', 'replies': 0, 'replies_pts': 0, 'comments': True, 'recent_repliers': [], 'channel_id': 777, 'max_id': None, 'read_max_id': None}",2024-01-26T06:48:27+00:00,,,"{'_': 'MessageReactions', 'results': [{'_': 'ReactionCount', 'reaction': {'_': 'ReactionEmoji', 'emoticon': '😭'}, 'count': 289, 'chosen_order': None}, {'_': 'ReactionCount', 'reaction': {'_': 'ReactionEmoji', 'emoticon': '👍'}, 'count': 115, 'chosen_order': None}, {'_': 'ReactionCount', 'reaction': {'_': 'ReactionEmoji', 'emoticon': '❤'}, 'count': 51, 'chosen_order': None}, {'_': 'ReactionCount', 'reaction': {'_': 'ReactionEmoji', 'emoticon': '🤯'}, 'count': 23, 'chosen_order': None}, {'_': 'ReactionCount', 'reaction': {'_': 'ReactionEmoji', 'emoticon': '🔥'}, 'count': 20, 'chosen_order': None}, {'_': 'ReactionCount', 'reaction': {'_': 'ReactionEmoji', 'emoticon': '😱'}, 'count': 12, 'chosen_order': None}, {'_': 'ReactionCount', 'reaction': {'_': 'ReactionEmoji', 'emoticon': '💯'}, 'count': 12, 'chosen_order': None}, {'_': 'ReactionCount', 'reaction': {'_': 'ReactionEmoji', 'emoticon': '🥴'}, 'count': 11, 'chosen_order': None}, {'_': 'ReactionCount', 'reaction': {'_': 'ReactionEmoji', 'emoticon': '💔'}, 'count': 11, 'chosen_order': None}, {'_': 'ReactionCount', 'reaction': {'_': 'ReactionEmoji', 'emoticon': '🎉'}, 'count': 10, 'chosen_order': None}, {'_': 'ReactionCount', 'reaction': {'_': 'ReactionEmoji', 'emoticon': '👏'}, 'count': 7, 'chosen_order': None}], 'min': False, 'can_see_list': False, 'reactions_as_tags': False, 'recent_reactions': []}",[],
jujutsu_kaisen_hindi_dub_anime,https://t.me/jujutsu_kaisen_hindi_dub_anime,8386,2024-01-26 04:48:23,"😎 Jujutsu Kaisen || Season 2 👍
📟 Episode - 19
🎼 Language - Hindi #Official
📀 Quality : 1080p",False,False,False,False,True,False,False,True,False,False,1360863050,,,,,,,,,163764,1171,"{'_': 'MessageReplies', 'replies': 0, 'replies_pts': 0, 'comments': True, 'recent_repliers': [], 'channel_id': 777, 'max_id': None, 'read_max_id': None}",2024-01-26T06:48:27+00:00,,,"{'_': 'MessageReactions', 'results': [{'_': 'ReactionCount', 'reaction': {'_': 'ReactionEmoji', 'emoticon': '😭'}, 'count': 273, 'chosen_order': None}, {'_': 'ReactionCount', 'reaction': {'_': 'ReactionEmoji', 'emoticon': '👍'}, 'count': 90, 'chosen_order': None}, {'_': 'ReactionCount', 'reaction': {'_': 'ReactionEmoji', 'emoticon': '❤\u200d🔥'}, 'count': 30, 'chosen_order': None}, {'_': 'ReactionCount', 'reaction': {'_': 'ReactionEmoji', 'emoticon': '🤯'}, 'count': 22, 'chosen_order': None}, {'_': 'ReactionCount', 'reaction': {'_': 'ReactionEmoji', 'emoticon': '🔥'}, 'count': 18, 'chosen_order': None}, {'_': 'ReactionCount', 'reaction': {'_': 'ReactionEmoji', 'emoticon': '❤'}, 'count': 17, 'chosen_order': None}, {'_': 'ReactionCount', 'reaction': {'_': 'ReactionEmoji', 'emoticon': '💔'}, 'count': 15, 'chosen_order': None}, {'_': 'ReactionCount', 'reaction': {'_': 'ReactionEmoji', 'emoticon': '☃'}, 'count': 12, 'chosen_order': None}, {'_': 'ReactionCount', 'reaction': {'_': 'ReactionEmoji', 'emoticon': '\U0001fae1'}, 'count': 12, 'chosen_order': None}, {'_': 'ReactionCount', 'reaction': {'_': 'ReactionEmoji', 'emoticon': '😇'}, 'count': 11, 'chosen_order': None}, {'_': 'ReactionCount', 'reaction': {'_': 'ReactionEmoji', 'emoticon': '🤩'}, 'count': 8, 'chosen_order': None}], 'min': False, 'can_see_list': False, 'reactions_as_tags': False, 'recent_reactions': []}",[],
jujutsu_kaisen_hindi_dub_anime,https://t.me/jujutsu_kaisen_hindi_dub_anime,8387,2024-01-26 04:48:24,"😎 Jujutsu Kaisen || Season 2 👍
📟 Episode - 19
🎼 Language - Hindi #Official
📀 Quality : 720p",False,False,False,False,True,False,False,True,False,False,1360863050,,,,,,,,,150176,1043,"{'_': 'MessageReplies', 'replies': 0, 'replies_pts': 0, 'comments': True, 'recent_repliers': [], 'channel_id': 777, 'max_id': None, 'read_max_id': None}",2024-01-26T06:48:27+00:00,,,"{'_': 'MessageReactions', 'results': [{'_': 'ReactionCount', 'reaction': {'_': 'ReactionEmoji', 'emoticon': '😭'}, 'count': 331, 'chosen_order': None}, {'_': 'ReactionCount', 'reaction': {'_': 'ReactionEmoji', 'emoticon': '👍'}, 'count': 177, 'chosen_order': None}, {'_': 'ReactionCount', 'reaction': {'_': 'ReactionEmoji', 'emoticon': '💔'}, 'count': 33, 'chosen_order': None}, {'_': 'ReactionCount', 'reaction': {'_': 'ReactionEmoji', 'emoticon': '🔥'}, 'count': 22, 'chosen_order': None}, {'_': 'ReactionCount', 'reaction': {'_': 'ReactionEmoji', 'emoticon': '🤯'}, 'count': 21, 'chosen_order': None}, {'_': 'ReactionCount', 'reaction': {'_': 'ReactionEmoji', 'emoticon': '❤\u200d🔥'}, 'count': 20, 'chosen_order': None}, {'_': 'ReactionCount', 'reaction': {'_': 'ReactionEmoji', 'emoticon': '😢'}, 'count': 16, 'chosen_order': None}, {'_': 'ReactionCount', 'reaction': {'_': 'ReactionEmoji', 'emoticon': '❤'}, 'count': 14, 'chosen_order': None}, {'_': 'ReactionCount', 'reaction': {'_': 'ReactionEmoji', 'emoticon': '🤣'}, 'count': 13, 'chosen_order': None}, {'_': 'ReactionCount', 'reaction': {'_': 'ReactionEmoji', 'emoticon': '🎃'}, 'count': 9, 'chosen_order': None}, {'_': 'ReactionCount', 'reaction': {'_': 'ReactionEmoji', 'emoticon': '😱'}, 'count': 6, 'chosen_order': None}], 'min': False, 'can_see_list': False, 'reactions_as_tags': False, 'recent_reactions': []}",[],
jujutsu_kaisen_hindi_dub_anime,https://t.me/jujutsu_kaisen_hindi_dub_anime,8398,2024-01-26 10:36:05,"✅ Episode - 19 ( Season 2 ) 
🎧 Language - Hindi #Official 
📀 Quality : 480p.mp4
@Crunchyroll_Hindi_Dub_Official

Use MX Player For Change 📢Audio
Hindi Dub /  tamil / English Dub / English Dub",False,False,False,False,True,False,False,False,False,False,1360863050,,,,,,,,,146780,366,,2024-01-26T10:37:45+00:00,,,"{'_': 'MessageReactions', 'results': [{'_': 'ReactionCount', 'reaction': {'_': 'ReactionEmoji', 'emoticon': '👍'}, 'count': 161, 'chosen_order': None}, {'_': 'ReactionCount', 'reaction': {'_': 'ReactionEmoji', 'emoticon': '😭'}, 'count': 34, 'chosen_order': None}, {'_': 'ReactionCount', 'reaction': {'_': 'ReactionEmoji', 'emoticon': '🔥'}, 'count': 14, 'chosen_order': None}, {'_': 'ReactionCount', 'reaction': {'_': 'ReactionEmoji', 'emoticon': '😢'}, 'count': 13, 'chosen_order': None}, {'_': 'ReactionCount', 'reaction': {'_': 'ReactionEmoji', 'emoticon': '❤\u200d🔥'}, 'count': 10, 'chosen_order': None}, {'_': 'ReactionCount', 'reaction': {'_': 'ReactionEmoji', 'emoticon': '🎉'}, 'count': 8, 'chosen_order': None}, {'_': 'ReactionCount', 'reaction': {'_': 'ReactionEmoji', 'emoticon': '❤'}, 'count': 7, 'chosen_order': None}, {'_': 'ReactionCount', 'reaction': {'_': 'ReactionEmoji', 'emoticon': '\U0001fae1'}, 'count': 7, 'chosen_order': None}, {'_': 'ReactionCount', 'reaction': {'_': 'ReactionEmoji', 'emoticon': '👀'}, 'count': 6, 'chosen_order': None}, {'_': 'ReactionCount', 'reaction': {'_': 'ReactionEmoji', 'emoticon': '👏'}, 'count': 4, 'chosen_order': None}, {'_': 'ReactionCount', 'reaction': {'_': 'ReactionEmoji', 'emoticon': '😱'}, 'count': 3, 'chosen_order': None}], 'min': False, 'can_see_list': False, 'reactions_as_tags': False, 'recent_reactions': []}",[],
jujutsu_kaisen_hindi_dub_anime,https://t.me/jujutsu_kaisen_hindi_dub_anime,8399,2024-01-26 10:36:05,"✅ Episode - 19 ( Season 2 ) 
🎧 Language - Hindi #Official 
📀 Quality : 720p.mp4
@Crunchyroll_Hindi_Dub_Official

Use MX Player For Change 📢Audio
Hindi Dub /  tamil / English Dub / English Dub",False,False,False,False,True,False,False,False,False,False,1360863050,,,,,,,,,154830,603,,2024-01-26T10:37:59+00:00,,,"{'_': 'MessageReactions', 'results': [{'_': 'ReactionCount', 'reaction': {'_': 'ReactionEmoji', 'emoticon': '👍'}, 'count': 171, 'chosen_order': None}, {'_': 'ReactionCount', 'reaction': {'_': 'ReactionEmoji', 'emoticon': '😭'}, 'count': 54, 'chosen_order': None}, {'_': 'ReactionCount', 'reaction': {'_': 'ReactionEmoji', 'emoticon': '❤'}, 'count': 16, 'chosen_order': None}, {'_': 'ReactionCount', 'reaction': {'_': 'ReactionEmoji', 'emoticon': '❤\u200d🔥'}, 'count': 14, 'chosen_order': None}, {'_': 'ReactionCount', 'reaction': {'_': 'ReactionEmoji', 'emoticon': '🆒'}, 'count': 13, 'chosen_order': None}, {'_': 'ReactionCount', 'reaction': {'_': 'ReactionEmoji', 'emoticon': '😱'}, 'count': 7, 'chosen_order': None}, {'_': 'ReactionCount', 'reaction': {'_': 'ReactionEmoji', 'emoticon': '🤩'}, 'count': 7, 'chosen_order': None}, {'_': 'ReactionCount', 'reaction': {'_': 'ReactionEmoji', 'emoticon': '🔥'}, 'count': 5, 'chosen_order': None}, {'_': 'ReactionCount', 'reaction': {'_': 'ReactionEmoji', 'emoticon': '🎉'}, 'count': 5, 'chosen_order': None}, {'_': 'ReactionCount', 'reaction': {'_': 'ReactionEmoji', 'emoticon': '🤯'}, 'count': 4, 'chosen_order': None}, {'_': 'ReactionCount', 'reaction': {'_': 'ReactionEmoji', 'emoticon': '💘'}, 'count': 4, 'chosen_order': None}], 'min': False, 'can_see_list': False, 'reactions_as_tags': False, 'recent_reactions': []}",[],
jujutsu_kaisen_hindi_dub_anime,https://t.me/jujutsu_kaisen_hindi_dub_anime,8400,2024-01-26 10:37:29,"✅ Episode - 19 ( Season 2 ) 
🎧 Language - Hindi #Official 
📀 Quality : 1080p.mp4
@Crunchyroll_Hindi_Dub_Official

Use MX Player For Change 📢Audio
Hindi Dub /  tamil / English Dub / English Dub",False,False,False,False,True,False,False,False,False,False,1360863050,,,,,,,,,163095,744,,2024-01-26T10:38:05+00:00,,,"{'_': 'MessageReactions', 'results': [{'_': 'ReactionCount', 'reaction': {'_': 'ReactionEmoji', 'emoticon': '🔥'}, 'count': 132, 'chosen_order': None}, {'_': 'ReactionCount', 'reaction': {'_': 'ReactionEmoji', 'emoticon': '👍'}, 'count': 77, 'chosen_order': None}, {'_': 'ReactionCount', 'reaction': {'_': 'ReactionEmoji', 'emoticon': '😭'}, 'count': 47, 'chosen_order': None}, {'_': 'ReactionCount', 'reaction': {'_': 'ReactionEmoji', 'emoticon': '❤\u200d🔥'}, 'count': 34, 'chosen_order': None}, {'_': 'ReactionCount', 'reaction': {'_': 'ReactionEmoji', 'emoticon': '❤'}, 'count': 12, 'chosen_order': None}, {'_': 'ReactionCount', 'reaction': {'_': 'ReactionEmoji', 'emoticon': '🙈'}, 'count': 12, 'chosen_order': None}, {'_': 'ReactionCount', 'reaction': {'_': 'ReactionEmoji', 'emoticon': '🤯'}, 'count': 11, 'chosen_order': None}, {'_': 'ReactionCount', 'reaction': {'_': 'ReactionEmoji', 'emoticon': '👻'}, 'count': 9, 'chosen_order': None}, {'_': 'ReactionCount', 'reaction': {'_': 'ReactionEmoji', 'emoticon': '💋'}, 'count': 8, 'chosen_order': None}, {'_': 'ReactionCount', 'reaction': {'_': 'ReactionEmoji', 'emoticon': '😱'}, 'count': 7, 'chosen_order': None}, {'_': 'ReactionCount', 'reaction': {'_': 'ReactionEmoji', 'emoticon': '👨\u200d💻'}, 'count': 6, 'chosen_order': None}], 'min': False, 'can_see_list': False, 'reactions_as_tags': False, 'recent_reactions': []}",[],
jujutsu_kaisen_hindi_dub_anime,https://t.me/jujutsu_kaisen_hindi_dub_anime,8403,2024-01-26 10:46:13,"✅ Episode - 19 ( Season 2 ) 
🎧 Language - Hindi #Official 
📀 Quality : 4k.mp4
@Crunchyroll_Hindi_Dub_Official

Use MX Player For Change 📢Audio
Hindi Dub /  tamil / English Dub / English Dub",False,False,False,False,True,False,False,False,False,False,1360863050,,,,,,,,,179083,598,,2024-01-26T10:46:26+00:00,,,"{'_': 'MessageReactions', 'results': [{'_': 'ReactionCount', 'reaction': {'_': 'ReactionEmoji', 'emoticon': '👍'}, 'count': 208, 'chosen_order': None}, {'_': 'ReactionCount', 'reaction': {'_': 'ReactionEmoji', 'emoticon': '😭'}, 'count': 54, 'chosen_order': None}, {'_': 'ReactionCount', 'reaction': {'_': 'ReactionEmoji', 'emoticon': '❤\u200d🔥'}, 'count': 44, 'chosen_order': None}, {'_': 'ReactionCount', 'reaction': {'_': 'ReactionEmoji', 'emoticon': '💔'}, 'count': 14, 'chosen_order': None}, {'_': 'ReactionCount', 'reaction': {'_': 'ReactionEmoji', 'emoticon': '🔥'}, 'count': 12, 'chosen_order': None}, {'_': 'ReactionCount', 'reaction': {'_': 'ReactionEmoji', 'emoticon': '👏'}, 'count': 11, 'chosen_order': None}, {'_': 'ReactionCount', 'reaction': {'_': 'ReactionEmoji', 'emoticon': '👻'}, 'count': 11, 'chosen_order': None}, {'_': 'ReactionCount', 'reaction': {'_': 'ReactionEmoji', 'emoticon': '\U0001fae1'}, 'count': 11, 'chosen_order': None}, {'_': 'ReactionCount', 'reaction': {'_': 'ReactionEmoji', 'emoticon': '😱'}, 'count': 8, 'chosen_order': None}, {'_': 'ReactionCount', 'reaction': {'_': 'ReactionEmoji', 'emoticon': '🤯'}, 'count': 6, 'chosen_order': None}, {'_': 'ReactionCount', 'reaction': {'_': 'ReactionEmoji', 'emoticon': '🤩'}, 'count': 6, 'chosen_order': None}], 'min': False, 'can_see_list': False, 'reactions_as_tags': False, 'recent_reactions': []}",[],
jujutsu_kaisen_hindi_dub_anime,https://t.me/jujutsu_kaisen_hindi_dub_anime,8442,2024-02-02 02:22:00,"✅ Episode - 20 ( Season 2 ) 
🎧 Language - Hindi #Official 
📀 Quality : 480.mp4
@Crunchyroll_Hindi_Dub_Official

Use MX Player For Change 📢Audio
Hindi Dub /  tamil / English Dub / English Dub",False,False,False,False,True,False,False,False,False,False,1360863050,,,,,,,,,140745,992,,2024-02-02T02:22:16+00:00,,,"{'_': 'MessageReactions', 'results': [{'_': 'ReactionCount', 'reaction': {'_': 'ReactionEmoji', 'emoticon': '👍'}, 'count': 271, 'chosen_order': None}, {'_': 'ReactionCount', 'reaction': {'_': 'ReactionEmoji', 'emoticon': '❤\u200d🔥'}, 'count': 36, 'chosen_order': None}, {'_': 'ReactionCount', 'reaction': {'_': 'ReactionEmoji', 'emoticon': '😭'}, 'count': 30, 'chosen_order': None}, {'_': 'ReactionCount', 'reaction': {'_': 'ReactionEmoji', 'emoticon': '🔥'}, 'count': 19, 'chosen_order': None}, {'_': 'ReactionCount', 'reaction': {'_': 'ReactionEmoji', 'emoticon': '🤯'}, 'count': 15, 'chosen_order': None}, {'_': 'ReactionCount', 'reaction': {'_': 'ReactionEmoji', 'emoticon': '❤'}, 'count': 14, 'chosen_order': None}, {'_': 'ReactionCount', 'reaction': {'_': 'ReactionEmoji', 'emoticon': '🎉'}, 'count': 12, 'chosen_order': None}, {'_': 'ReactionCount', 'reaction': {'_': 'ReactionEmoji', 'emoticon': '😱'}, 'count': 11, 'chosen_order': None}, {'_': 'ReactionCount', 'reaction': {'_': 'ReactionEmoji', 'emoticon': '💘'}, 'count': 10, 'chosen_order': None}, {'_': 'ReactionCount', 'reaction': {'_': 'ReactionEmoji', 'emoticon': '👏'}, 'count': 9, 'chosen_order': None}, {'_': 'ReactionCount', 'reaction': {'_': 'ReactionEmoji', 'emoticon': '🥰'}, 'count': 7, 'chosen_order': None}], 'min': False, 'can_see_list': False, 'reactions_as_tags': False, 'recent_reactions': []}",[],
jujutsu_kaisen_hindi_dub_anime,https://t.me/jujutsu_kaisen_hindi_dub_anime,8443,2024-02-02 02:25:43,"✅ Episode - 20 ( Season 2 ) 
🎧 Language - Hindi #Official 
📀 Quality : 720.mp4
@Crunchyroll_Hindi_Dub_Official

Use MX Player For Change 📢Audio
Hindi Dub /  tamil / English Dub / English Dub",False,False,False,False,True,False,False,False,False,False,1360863050,,,,,,,,,153585,1271,,2024-02-02T02:25:54+00:00,,,"{'_': 'MessageReactions', 'results': [{'_': 'ReactionCount', 'reaction': {'_': 'ReactionEmoji', 'emoticon': '🔥'}, 'count': 250, 'chosen_order': None}, {'_': 'ReactionCount', 'reaction': {'_': 'ReactionEmoji', 'emoticon': '👍'}, 'count': 87, 'chosen_order': None}, {'_': 'ReactionCount', 'reaction': {'_': 'ReactionEmoji', 'emoticon': '❤'}, 'count': 28, 'chosen_order': None}, {'_': 'ReactionCount', 'reaction': {'_': 'ReactionEmoji', 'emoticon': '😱'}, 'count': 19, 'chosen_order': None}, {'_': 'ReactionCount', 'reaction': {'_': 'ReactionEmoji', 'emoticon': '😭'}, 'count': 17, 'chosen_order': None}, {'_': 'ReactionCount', 'reaction': {'_': 'ReactionEmoji', 'emoticon': '🥰'}, 'count': 13, 'chosen_order': None}, {'_': 'ReactionCount', 'reaction': {'_': 'ReactionEmoji', 'emoticon': '🤯'}, 'count': 11, 'chosen_order': None}, {'_': 'ReactionCount', 'reaction': {'_': 'ReactionEmoji', 'emoticon': '🆒'}, 'count': 11, 'chosen_order': None}, {'_': 'ReactionCount', 'reaction': {'_': 'ReactionEmoji', 'emoticon': '🎉'}, 'count': 9, 'chosen_order': None}, {'_': 'ReactionCount', 'reaction': {'_': 'ReactionEmoji', 'emoticon': '☃'}, 'count': 7, 'chosen_order': None}, {'_': 'ReactionCount', 'reaction': {'_': 'ReactionEmoji', 'emoticon': '💘'}, 'count': 7, 'chosen_order': None}], 'min': False, 'can_see_list': False, 'reactions_as_tags': False, 'recent_reactions': []}",[],
jujutsu_kaisen_hindi_dub_anime,https://t.me/jujutsu_kaisen_hindi_dub_anime,8444,2024-02-02 03:20:29,"✅ Episode - 20 ( Season 2 ) 
🎧 Language - Hindi #Official 
📀 Quality : 1080p.mp4
@Crunchyroll_Hindi_Dub_Official

Use MX Player For Change 📢Audio
Hindi Dub /  tamil / English Dub / English Dub",False,False,False,False,True,False,False,False,False,False,1360863050,,,,,,,,,151620,1164,,2024-02-02T03:20:48+00:00,,,"{'_': 'MessageReactions', 'results': [{'_': 'ReactionCount', 'reaction': {'_': 'ReactionEmoji', 'emoticon': '👍'}, 'count': 313, 'chosen_order': None}, {'_': 'ReactionCount', 'reaction': {'_': 'ReactionEmoji', 'emoticon': '❤'}, 'count': 47, 'chosen_order': None}, {'_': 'ReactionCount', 'reaction': {'_': 'ReactionEmoji', 'emoticon': '❤\u200d🔥'}, 'count': 37, 'chosen_order': None}, {'_': 'ReactionCount', 'reaction': {'_': 'ReactionEmoji', 'emoticon': '🔥'}, 'count': 35, 'chosen_order': None}, {'_': 'ReactionCount', 'reaction': {'_': 'ReactionEmoji', 'emoticon': '🤯'}, 'count': 18, 'chosen_order': None}, {'_': 'ReactionCount', 'reaction': {'_': 'ReactionEmoji', 'emoticon': '😱'}, 'count': 18, 'chosen_order': None}, {'_': 'ReactionCount', 'reaction': {'_': 'ReactionEmoji', 'emoticon': '😘'}, 'count': 10, 'chosen_order': None}, {'_': 'ReactionCount', 'reaction': {'_': 'ReactionEmoji', 'emoticon': '💔'}, 'count': 9, 'chosen_order': None}, {'_': 'ReactionCount', 'reaction': {'_': 'ReactionEmoji', 'emoticon': '☃'}, 'count': 8, 'chosen_order': None}, {'_': 'ReactionCount', 'reaction': {'_': 'ReactionEmoji', 'emoticon': '🥰'}, 'count': 8, 'chosen_order': None}, {'_': 'ReactionCount', 'reaction': {'_': 'ReactionEmoji', 'emoticon': '😍'}, 'count': 8, 'chosen_order': None}], 'min': False, 'can_see_list': False, 'reactions_as_tags': False, 'recent_reactions': []}",[],
jujutsu_kaisen_hindi_dub_anime,https://t.me/jujutsu_kaisen_hindi_dub_anime,8447,2024-02-02 18:10:14,"✅ Episode - 20 ( Season 2 ) 
🎧 Language - Hindi #Official 
📀 Quality : 480p.mp4
@Crunchyroll_Hindi_Dub_Official

Use MX Player For Change 📢Audio
Hindi Dub /  tamil / English Dub / English Dub",False,False,False,False,True,False,False,False,False,False,1360863050,,,,,,,,,132586,369,,2024-02-02T18:11:35+00:00,,,"{'_': 'MessageReactions', 'results': [{'_': 'ReactionCount', 'reaction': {'_': 'ReactionEmoji', 'emoticon': '👍'}, 'count': 138, 'chosen_order': None}, {'_': 'ReactionCount', 'reaction': {'_': 'ReactionEmoji', 'emoticon': '❤'}, 'count': 22, 'chosen_order': None}, {'_': 'ReactionCount', 'reaction': {'_': 'ReactionEmoji', 'emoticon': '🤯'}, 'count': 14, 'chosen_order': None}, {'_': 'ReactionCount', 'reaction': {'_': 'ReactionEmoji', 'emoticon': '🔥'}, 'count': 12, 'chosen_order': None}, {'_': 'ReactionCount', 'reaction': {'_': 'ReactionEmoji', 'emoticon': '👏'}, 'count': 7, 'chosen_order': None}, {'_': 'ReactionCount', 'reaction': {'_': 'ReactionEmoji', 'emoticon': '😭'}, 'count': 5, 'chosen_order': None}, {'_': 'ReactionCount', 'reaction': {'_': 'ReactionEmoji', 'emoticon': '🎉'}, 'count': 4, 'chosen_order': None}, {'_': 'ReactionCount', 'reaction': {'_': 'ReactionEmoji', 'emoticon': '👌'}, 'count': 4, 'chosen_order': None}, {'_': 'ReactionCount', 'reaction': {'_': 'ReactionEmoji', 'emoticon': '🥴'}, 'count': 4, 'chosen_order': None}], 'min': False, 'can_see_list': False, 'reactions_as_tags': False, 'recent_reactions': []}",[],
jujutsu_kaisen_hindi_dub_anime,https://t.me/jujutsu_kaisen_hindi_dub_anime,8448,2024-02-02 18:10:14,"✅ Episode - 20 ( Season 2 ) 
🎧 Language - Hindi #Official 
📀 Quality : 720.mp4
@Crunchyroll_Hindi_Dub_Official

Use MX Player For Change 📢Audio
Hindi Dub /  tamil / English Dub / English Dub",False,False,False,False,True,False,False,False,False,False,1360863050,,,,,,,,,137919,505,,2024-02-02T18:12:09+00:00,,,"{'_': 'MessageReactions', 'results': [{'_': 'ReactionCount', 'reaction': {'_': 'ReactionEmoji', 'emoticon': '👍'}, 'count': 148, 'chosen_order': None}, {'_': 'ReactionCount', 'reaction': {'_': 'ReactionEmoji', 'emoticon': '❤'}, 'count': 22, 'chosen_order': None}, {'_': 'ReactionCount', 'reaction': {'_': 'ReactionEmoji', 'emoticon': '🔥'}, 'count': 16, 'chosen_order': None}, {'_': 'ReactionCount', 'reaction': {'_': 'ReactionEmoji', 'emoticon': '🤯'}, 'count': 8, 'chosen_order': None}, {'_': 'ReactionCount', 'reaction': {'_': 'ReactionEmoji', 'emoticon': '🤩'}, 'count': 7, 'chosen_order': None}, {'_': 'ReactionCount', 'reaction': {'_': 'ReactionEmoji', 'emoticon': '💯'}, 'count': 5, 'chosen_order': None}, {'_': 'ReactionCount', 'reaction': {'_': 'ReactionEmoji', 'emoticon': '❤\u200d🔥'}, 'count': 4, 'chosen_order': None}, {'_': 'ReactionCount', 'reaction': {'_': 'ReactionEmoji', 'emoticon': '👏'}, 'count': 4, 'chosen_order': None}, {'_': 'ReactionCount', 'reaction': {'_': 'ReactionEmoji', 'emoticon': '🥴'}, 'count': 4, 'chosen_order': None}], 'min': False, 'can_see_list': False, 'reactions_as_tags': False, 'recent_reactions': []}",[],
jujutsu_kaisen_hindi_dub_anime,https://t.me/jujutsu_kaisen_hindi_dub_anime,8449,2024-02-02 18:10:15,"✅ Episode - 20 ( Season 2 ) 
🎧 Language - Hindi #Official 
📀 Quality : 1080p.mp4
@Crunchyroll_Hindi_Dub_Official

Use MX Player For Change 📢Audio
Hindi Dub /  tamil / English Dub / English Dub",False,False,False,False,True,False,False,False,False,False,1360863050,,,,,,,,,162592,730,,2024-02-02T18:12:21+00:00,,,"{'_': 'MessageReactions', 'results': [{'_': 'ReactionCount', 'reaction': {'_': 'ReactionEmoji', 'emoticon': '👍'}, 'count': 184, 'chosen_order': None}, {'_': 'ReactionCount', 'reaction': {'_': 'ReactionEmoji', 'emoticon': '❤'}, 'count': 24, 'chosen_order': None}, {'_': 'ReactionCount', 'reaction': {'_': 'ReactionEmoji', 'emoticon': '🔥'}, 'count': 18, 'chosen_order': None}, {'_': 'ReactionCount', 'reaction': {'_': 'ReactionEmoji', 'emoticon': '❤\u200d🔥'}, 'count': 12, 'chosen_order': None}, {'_': 'ReactionCount', 'reaction': {'_': 'ReactionEmoji', 'emoticon': '🆒'}, 'count': 12, 'chosen_order': None}, {'_': 'ReactionCount', 'reaction': {'_': 'ReactionEmoji', 'emoticon': '🤯'}, 'count': 8, 'chosen_order': None}, {'_': 'ReactionCount', 'reaction': {'_': 'ReactionEmoji', 'emoticon': '🤩'}, 'count': 8, 'chosen_order': None}, {'_': 'ReactionCount', 'reaction': {'_': 'ReactionEmoji', 'emoticon': '🥴'}, 'count': 5, 'chosen_order': None}, {'_': 'ReactionCount', 'reaction': {'_': 'ReactionEmoji', 'emoticon': '😱'}, 'count': 4, 'chosen_order': None}, {'_': 'ReactionCount', 'reaction': {'_': 'ReactionEmoji', 'emoticon': '🎉'}, 'count': 4, 'chosen_order': None}, {'_': 'ReactionCount', 'reaction': {'_': 'ReactionEmoji', 'emoticon': '💔'}, 'count': 4, 'chosen_order': None}], 'min': False, 'can_see_list': False, 'reactions_as_tags': False, 'recent_reactions': []}",[],
jujutsu_kaisen_hindi_dub_anime,https://t.me/jujutsu_kaisen_hindi_dub_anime,8485,2024-02-09 01:39:21,"😎 Jujutsu Kaisen || Season 2 👍
📟 Episode - 21
🎼 Language - Hindi #Official
📀 Quality : 1080p",False,False,False,False,True,False,False,True,False,False,1360863050,,,,,,,,,134396,992,,2024-02-09T01:39:43+00:00,,,"{'_': 'MessageReactions', 'results': [{'_': 'ReactionCount', 'reaction': {'_': 'ReactionEmoji', 'emoticon': '👍'}, 'count': 248, 'chosen_order': None}, {'_': 'ReactionCount', 'reaction': {'_': 'ReactionEmoji', 'emoticon': '🔥'}, 'count': 52, 'chosen_order': None}, {'_': 'ReactionCount', 'reaction': {'_': 'ReactionEmoji', 'emoticon': '❤\u200d🔥'}, 'count': 22, 'chosen_order': None}, {'_': 'ReactionCount', 'reaction': {'_': 'ReactionEmoji', 'emoticon': '🆒'}, 'count': 22, 'chosen_order': None}, {'_': 'ReactionCount', 'reaction': {'_': 'ReactionEmoji', 'emoticon': '🥰'}, 'count': 18, 'chosen_order': None}, {'_': 'ReactionCount', 'reaction': {'_': 'ReactionEmoji', 'emoticon': '🤯'}, 'count': 17, 'chosen_order': None}, {'_': 'ReactionCount', 'reaction': {'_': 'ReactionEmoji', 'emoticon': '👻'}, 'count': 12, 'chosen_order': None}, {'_': 'ReactionCount', 'reaction': {'_': 'ReactionEmoji', 'emoticon': '😍'}, 'count': 9, 'chosen_order': None}, {'_': 'ReactionCount', 'reaction': {'_': 'ReactionEmoji', 'emoticon': '🤩'}, 'count': 8, 'chosen_order': None}, {'_': 'ReactionCount', 'reaction': {'_': 'ReactionEmoji', 'emoticon': '🙏'}, 'count': 8, 'chosen_order': None}, {'_': 'ReactionCount', 'reaction': {'_': 'ReactionEmoji', 'emoticon': '😁'}, 'count': 7, 'chosen_order': None}], 'min': False, 'can_see_list': False, 'reactions_as_tags': False, 'recent_reactions': []}",[],
jujutsu_kaisen_hindi_dub_anime,https://t.me/jujutsu_kaisen_hindi_dub_anime,8486,2024-02-09 01:39:21,"😎 Jujutsu Kaisen || Season 2 👍
📟 Episode - 21
🎼 Language - Hindi #Official
📀 Quality : 480p",False,False,False,False,True,False,False,True,False,False,1360863050,,,,,,,,,137795,1003,,2024-02-09T01:39:41+00:00,,,"{'_': 'MessageReactions', 'results': [{'_': 'ReactionCount', 'reaction': {'_': 'ReactionEmoji', 'emoticon': '👍'}, 'count': 320, 'chosen_order': None}, {'_': 'ReactionCount', 'reaction': {'_': 'ReactionEmoji', 'emoticon': '🔥'}, 'count': 94, 'chosen_order': None}, {'_': 'ReactionCount', 'reaction': {'_': 'ReactionEmoji', 'emoticon': '❤'}, 'count': 39, 'chosen_order': None}, {'_': 'ReactionCount', 'reaction': {'_': 'ReactionEmoji', 'emoticon': '😱'}, 'count': 31, 'chosen_order': None}, {'_': 'ReactionCount', 'reaction': {'_': 'ReactionEmoji', 'emoticon': '🤯'}, 'count': 22, 'chosen_order': None}, {'_': 'ReactionCount', 'reaction': {'_': 'ReactionEmoji', 'emoticon': '🥰'}, 'count': 17, 'chosen_order': None}, {'_': 'ReactionCount', 'reaction': {'_': 'ReactionEmoji', 'emoticon': '👏'}, 'count': 16, 'chosen_order': None}, {'_': 'ReactionCount', 'reaction': {'_': 'ReactionEmoji', 'emoticon': '🥴'}, 'count': 16, 'chosen_order': None}, {'_': 'ReactionCount', 'reaction': {'_': 'ReactionEmoji', 'emoticon': '😭'}, 'count': 14, 'chosen_order': None}, {'_': 'ReactionCount', 'reaction': {'_': 'ReactionEmoji', 'emoticon': '👨\u200d💻'}, 'count': 14, 'chosen_order': None}, {'_': 'ReactionCount', 'reaction': {'_': 'ReactionEmoji', 'emoticon': '🙈'}, 'count': 13, 'chosen_order': None}], 'min': False, 'can_see_list': False, 'reactions_as_tags': False, 'recent_reactions': []}",[],
jujutsu_kaisen_hindi_dub_anime,https://t.me/jujutsu_kaisen_hindi_dub_anime,8487,2024-02-09 01:39:21,"😎 Jujutsu Kaisen || Season 2 👍
📟 Episode - 21
🎼 Language - Hindi #Official
📀 Quality : 720p",False,False,False,False,True,False,False,True,False,False,1360863050,,,,,,,,,139233,1422,,2024-02-09T01:39:47+00:00,,,"{'_': 'MessageReactions', 'results': [{'_': 'ReactionCount', 'reaction': {'_': 'ReactionEmoji', 'emoticon': '👍'}, 'count': 404, 'chosen_order': None}, {'_': 'ReactionCount', 'reaction': {'_': 'ReactionEmoji', 'emoticon': '🔥'}, 'count': 90, 'chosen_order': None}, {'_': 'ReactionCount', 'reaction': {'_': 'ReactionEmoji', 'emoticon': '❤\u200d🔥'}, 'count': 70, 'chosen_order': None}, {'_': 'ReactionCount', 'reaction': {'_': 'ReactionEmoji', 'emoticon': '😱'}, 'count': 30, 'chosen_order': None}, {'_': 'ReactionCount', 'reaction': {'_': 'ReactionEmoji', 'emoticon': '🤯'}, 'count': 28, 'chosen_order': None}, {'_': 'ReactionCount', 'reaction': {'_': 'ReactionEmoji', 'emoticon': '☃'}, 'count': 21, 'chosen_order': None}, {'_': 'ReactionCount', 'reaction': {'_': 'ReactionEmoji', 'emoticon': '❤'}, 'count': 20, 'chosen_order': None}, {'_': 'ReactionCount', 'reaction': {'_': 'ReactionEmoji', 'emoticon': '💯'}, 'count': 20, 'chosen_order': None}, {'_': 'ReactionCount', 'reaction': {'_': 'ReactionEmoji', 'emoticon': '🥰'}, 'count': 15, 'chosen_order': None}, {'_': 'ReactionCount', 'reaction': {'_': 'ReactionEmoji', 'emoticon': '👻'}, 'count': 13, 'chosen_order': None}, {'_': 'ReactionCount', 'reaction': {'_': 'ReactionEmoji', 'emoticon': '👏'}, 'count': 11, 'chosen_order': None}], 'min': False, 'can_see_list': False, 'reactions_as_tags': False, 'recent_reactions': []}",[],
jujutsu_kaisen_hindi_dub_anime,https://t.me/jujutsu_kaisen_hindi_dub_anime,8503,2024-02-09 17:53:14,"✅ Episode - 21 ( Season 2 ) 
🎧 Language - Hindi #Official 
📀 Quality : 480p.mp4
@Crunchyroll_Hindi_Dub_Official

Use MX Player For Change 📢Audio
Hindi Dub /  tamil / English Dub / English Dub",False,False,False,False,True,False,False,False,False,False,1360863050,,,,,,,,,113225,273,,2024-02-09T17:56:07+00:00,,,"{'_': 'MessageReactions', 'results': [{'_': 'ReactionCount', 'reaction': {'_': 'ReactionEmoji', 'emoticon': '❤'}, 'count': 90, 'chosen_order': None}, {'_': 'ReactionCount', 'reaction': {'_': 'ReactionEmoji', 'emoticon': '👍'}, 'count': 81, 'chosen_order': None}, {'_': 'ReactionCount', 'reaction': {'_': 'ReactionEmoji', 'emoticon': '🤯'}, 'count': 13, 'chosen_order': None}, {'_': 'ReactionCount', 'reaction': {'_': 'ReactionEmoji', 'emoticon': '🔥'}, 'count': 12, 'chosen_order': None}, {'_': 'ReactionCount', 'reaction': {'_': 'ReactionEmoji', 'emoticon': '👻'}, 'count': 12, 'chosen_order': None}, {'_': 'ReactionCount', 'reaction': {'_': 'ReactionEmoji', 'emoticon': '💔'}, 'count': 7, 'chosen_order': None}, {'_': 'ReactionCount', 'reaction': {'_': 'ReactionEmoji', 'emoticon': '👌'}, 'count': 6, 'chosen_order': None}, {'_': 'ReactionCount', 'reaction': {'_': 'ReactionEmoji', 'emoticon': '😭'}, 'count': 6, 'chosen_order': None}, {'_': 'ReactionCount', 'reaction': {'_': 'ReactionEmoji', 'emoticon': '🎉'}, 'count': 5, 'chosen_order': None}, {'_': 'ReactionCount', 'reaction': {'_': 'ReactionEmoji', 'emoticon': '❤\u200d🔥'}, 'count': 2, 'chosen_order': None}, {'_': 'ReactionCount', 'reaction': {'_': 'ReactionEmoji', 'emoticon': '😱'}, 'count': 2, 'chosen_order': None}], 'min': False, 'can_see_list': False, 'reactions_as_tags': False, 'recent_reactions': []}",[],
jujutsu_kaisen_hindi_dub_anime,https://t.me/jujutsu_kaisen_hindi_dub_anime,8504,2024-02-09 17:53:15,"✅ Episode - 21 ( Season 2 ) 
🎧 Language - Hindi #Official 
📀 Quality : 720p.mp4
@Crunchyroll_Hindi_Dub_Official

Use MX Player For Change 📢Audio
Hindi Dub /  tamil / English Dub / English Dub",False,False,False,False,True,False,False,False,False,False,1360863050,,,,,,,,,123806,432,,2024-02-09T17:54:15+00:00,,,"{'_': 'MessageReactions', 'results': [{'_': 'ReactionCount', 'reaction': {'_': 'ReactionEmoji', 'emoticon': '❤'}, 'count': 99, 'chosen_order': None}, {'_': 'ReactionCount', 'reaction': {'_': 'ReactionEmoji', 'emoticon': '👍'}, 'count': 69, 'chosen_order': None}, {'_': 'ReactionCount', 'reaction': {'_': 'ReactionEmoji', 'emoticon': '🔥'}, 'count': 23, 'chosen_order': None}, {'_': 'ReactionCount', 'reaction': {'_': 'ReactionEmoji', 'emoticon': '👌'}, 'count': 10, 'chosen_order': None}, {'_': 'ReactionCount', 'reaction': {'_': 'ReactionEmoji', 'emoticon': '🎉'}, 'count': 8, 'chosen_order': None}, {'_': 'ReactionCount', 'reaction': {'_': 'ReactionEmoji', 'emoticon': '👏'}, 'count': 5, 'chosen_order': None}, {'_': 'ReactionCount', 'reaction': {'_': 'ReactionEmoji', 'emoticon': '🤯'}, 'count': 5, 'chosen_order': None}, {'_': 'ReactionCount', 'reaction': {'_': 'ReactionEmoji', 'emoticon': '❤\u200d🔥'}, 'count': 1, 'chosen_order': None}], 'min': False, 'can_see_list': False, 'reactions_as_tags': False, 'recent_reactions': []}",[],
jujutsu_kaisen_hindi_dub_anime,https://t.me/jujutsu_kaisen_hindi_dub_anime,8506,2024-02-09 17:58:31,"✅ Episode - 21 ( Season 2 ) 
🎧 Language - Hindi #Official 
📀 Quality : 1080p.mp4
@Crunchyroll_Hindi_Dub_Official

Use MX Player For Change 📢Audio
Hindi Dub /  tamil / English Dub / English Dub",False,False,False,False,True,False,False,False,False,False,1360863050,,,,,,,,,147822,593,,2024-02-09T17:58:51+00:00,,,"{'_': 'MessageReactions', 'results': [{'_': 'ReactionCount', 'reaction': {'_': 'ReactionEmoji', 'emoticon': '👍'}, 'count': 179, 'chosen_order': None}, {'_': 'ReactionCount', 'reaction': {'_': 'ReactionEmoji', 'emoticon': '🔥'}, 'count': 22, 'chosen_order': None}, {'_': 'ReactionCount', 'reaction': {'_': 'ReactionEmoji', 'emoticon': '❤\u200d🔥'}, 'count': 20, 'chosen_order': None}, {'_': 'ReactionCount', 'reaction': {'_': 'ReactionEmoji', 'emoticon': '❤'}, 'count': 17, 'chosen_order': None}, {'_': 'ReactionCount', 'reaction': {'_': 'ReactionEmoji', 'emoticon': '🤯'}, 'count': 12, 'chosen_order': None}, {'_': 'ReactionCount', 'reaction': {'_': 'ReactionEmoji', 'emoticon': '🥰'}, 'count': 8, 'chosen_order': None}, {'_': 'ReactionCount', 'reaction': {'_': 'ReactionEmoji', 'emoticon': '😱'}, 'count': 7, 'chosen_order': None}, {'_': 'ReactionCount', 'reaction': {'_': 'ReactionEmoji', 'emoticon': '👌'}, 'count': 7, 'chosen_order': None}, {'_': 'ReactionCount', 'reaction': {'_': 'ReactionEmoji', 'emoticon': '🆒'}, 'count': 7, 'chosen_order': None}, {'_': 'ReactionCount', 'reaction': {'_': 'ReactionEmoji', 'emoticon': '🎉'}, 'count': 5, 'chosen_order': None}, {'_': 'ReactionCount', 'reaction': {'_': 'ReactionEmoji', 'emoticon': '\U0001fae1'}, 'count': 3, 'chosen_order': None}], 'min': False, 'can_see_list': False, 'reactions_as_tags': False, 'recent_reactions': []}",[],
jujutsu_kaisen_hindi_dub_anime,https://t.me/jujutsu_kaisen_hindi_dub_anime,8507,2024-02-09 17:59:28,<PERSON> 𝗕𝘆:- ⛩<PERSON>,False,False,False,False,True,False,False,True,False,False,1360863050,,,,,,,,,135272,11,,2024-02-09T17:59:30+00:00,,,"{'_': 'MessageReactions', 'results': [{'_': 'ReactionCount', 'reaction': {'_': 'ReactionEmoji', 'emoticon': '👍'}, 'count': 50, 'chosen_order': None}, {'_': 'ReactionCount', 'reaction': {'_': 'ReactionEmoji', 'emoticon': '👏'}, 'count': 8, 'chosen_order': None}, {'_': 'ReactionCount', 'reaction': {'_': 'ReactionEmoji', 'emoticon': '🎉'}, 'count': 7, 'chosen_order': None}, {'_': 'ReactionCount', 'reaction': {'_': 'ReactionEmoji', 'emoticon': '❤'}, 'count': 6, 'chosen_order': None}], 'min': False, 'can_see_list': False, 'reactions_as_tags': False, 'recent_reactions': []}",[],
jujutsu_kaisen_hindi_dub_anime,https://t.me/jujutsu_kaisen_hindi_dub_anime,8544,2024-02-16 07:19:25,"✅ Episode - 22 ( Season 2 ) 
🎧 Language - Hindi #Official 
📀 Quality : 480p.mp4
@Crunchyroll_Hindi_Dub_Official

Use MX Player For Change 📢Audio
Hindi Dub /  tamil / English Dub / English Dub",False,False,False,False,True,False,False,False,False,False,1360863050,,,,,,,,,89427,853,,2024-02-16T07:20:37+00:00,,,"{'_': 'MessageReactions', 'results': [{'_': 'ReactionCount', 'reaction': {'_': 'ReactionEmoji', 'emoticon': '👍'}, 'count': 261, 'chosen_order': None}, {'_': 'ReactionCount', 'reaction': {'_': 'ReactionEmoji', 'emoticon': '🔥'}, 'count': 45, 'chosen_order': None}, {'_': 'ReactionCount', 'reaction': {'_': 'ReactionEmoji', 'emoticon': '❤\u200d🔥'}, 'count': 31, 'chosen_order': None}, {'_': 'ReactionCount', 'reaction': {'_': 'ReactionEmoji', 'emoticon': '❤'}, 'count': 31, 'chosen_order': None}, {'_': 'ReactionCount', 'reaction': {'_': 'ReactionEmoji', 'emoticon': '🤯'}, 'count': 17, 'chosen_order': None}, {'_': 'ReactionCount', 'reaction': {'_': 'ReactionEmoji', 'emoticon': '🤩'}, 'count': 15, 'chosen_order': None}, {'_': 'ReactionCount', 'reaction': {'_': 'ReactionEmoji', 'emoticon': '🎃'}, 'count': 13, 'chosen_order': None}, {'_': 'ReactionCount', 'reaction': {'_': 'ReactionEmoji', 'emoticon': '👻'}, 'count': 12, 'chosen_order': None}, {'_': 'ReactionCount', 'reaction': {'_': 'ReactionEmoji', 'emoticon': '🆒'}, 'count': 11, 'chosen_order': None}, {'_': 'ReactionCount', 'reaction': {'_': 'ReactionEmoji', 'emoticon': '🎉'}, 'count': 8, 'chosen_order': None}, {'_': 'ReactionCount', 'reaction': {'_': 'ReactionEmoji', 'emoticon': '💯'}, 'count': 8, 'chosen_order': None}], 'min': False, 'can_see_list': False, 'reactions_as_tags': False, 'recent_reactions': []}",[],
jujutsu_kaisen_hindi_dub_anime,https://t.me/jujutsu_kaisen_hindi_dub_anime,8545,2024-02-16 07:20:17,"✅ Episode - 22 ( Season 2 ) 
🎧 Language - Hindi #Official 
📀 Quality : 720p.mp4
@Crunchyroll_Hindi_Dub_Official

Use MX Player For Change 📢Audio
Hindi Dub /  tamil / English Dub / English Dub",False,False,False,False,True,False,False,False,False,False,1360863050,,,,,,,,,101850,1251,,2024-02-16T07:20:39+00:00,,,"{'_': 'MessageReactions', 'results': [{'_': 'ReactionCount', 'reaction': {'_': 'ReactionEmoji', 'emoticon': '🔥'}, 'count': 288, 'chosen_order': None}, {'_': 'ReactionCount', 'reaction': {'_': 'ReactionEmoji', 'emoticon': '👍'}, 'count': 113, 'chosen_order': None}, {'_': 'ReactionCount', 'reaction': {'_': 'ReactionEmoji', 'emoticon': '❤\u200d🔥'}, 'count': 48, 'chosen_order': None}, {'_': 'ReactionCount', 'reaction': {'_': 'ReactionEmoji', 'emoticon': '🤯'}, 'count': 21, 'chosen_order': None}, {'_': 'ReactionCount', 'reaction': {'_': 'ReactionEmoji', 'emoticon': '🆒'}, 'count': 17, 'chosen_order': None}, {'_': 'ReactionCount', 'reaction': {'_': 'ReactionEmoji', 'emoticon': '💋'}, 'count': 15, 'chosen_order': None}, {'_': 'ReactionCount', 'reaction': {'_': 'ReactionEmoji', 'emoticon': '👀'}, 'count': 14, 'chosen_order': None}, {'_': 'ReactionCount', 'reaction': {'_': 'ReactionEmoji', 'emoticon': '\U0001fae1'}, 'count': 14, 'chosen_order': None}, {'_': 'ReactionCount', 'reaction': {'_': 'ReactionEmoji', 'emoticon': '🎉'}, 'count': 13, 'chosen_order': None}, {'_': 'ReactionCount', 'reaction': {'_': 'ReactionEmoji', 'emoticon': '🤩'}, 'count': 13, 'chosen_order': None}, {'_': 'ReactionCount', 'reaction': {'_': 'ReactionEmoji', 'emoticon': '👨\u200d💻'}, 'count': 12, 'chosen_order': None}], 'min': False, 'can_see_list': False, 'reactions_as_tags': False, 'recent_reactions': []}",[],
jujutsu_kaisen_hindi_dub_anime,https://t.me/jujutsu_kaisen_hindi_dub_anime,8546,2024-02-16 07:57:06,"✅ Episode - 22 ( Season 2 ) 
🎧 Language - Hindi #Official 
📀 Quality : 1080p.mp4
@Crunchyroll_Hindi_Dub_Official

Use MX Player For Change 📢Audio
Hindi Dub /  tamil / English Dub / English Dub",False,False,False,False,True,False,False,False,False,False,1360863050,,,,,,,,,105310,1274,,2024-02-16T07:57:25+00:00,,,"{'_': 'MessageReactions', 'results': [{'_': 'ReactionCount', 'reaction': {'_': 'ReactionEmoji', 'emoticon': '❤'}, 'count': 303, 'chosen_order': None}, {'_': 'ReactionCount', 'reaction': {'_': 'ReactionEmoji', 'emoticon': '👍'}, 'count': 130, 'chosen_order': None}, {'_': 'ReactionCount', 'reaction': {'_': 'ReactionEmoji', 'emoticon': '🔥'}, 'count': 41, 'chosen_order': None}, {'_': 'ReactionCount', 'reaction': {'_': 'ReactionEmoji', 'emoticon': '🤯'}, 'count': 41, 'chosen_order': None}, {'_': 'ReactionCount', 'reaction': {'_': 'ReactionEmoji', 'emoticon': '❤\u200d🔥'}, 'count': 36, 'chosen_order': None}, {'_': 'ReactionCount', 'reaction': {'_': 'ReactionEmoji', 'emoticon': '👨\u200d💻'}, 'count': 17, 'chosen_order': None}, {'_': 'ReactionCount', 'reaction': {'_': 'ReactionEmoji', 'emoticon': '💘'}, 'count': 17, 'chosen_order': None}, {'_': 'ReactionCount', 'reaction': {'_': 'ReactionEmoji', 'emoticon': '💯'}, 'count': 16, 'chosen_order': None}, {'_': 'ReactionCount', 'reaction': {'_': 'ReactionEmoji', 'emoticon': '👀'}, 'count': 16, 'chosen_order': None}, {'_': 'ReactionCount', 'reaction': {'_': 'ReactionEmoji', 'emoticon': '😢'}, 'count': 14, 'chosen_order': None}, {'_': 'ReactionCount', 'reaction': {'_': 'ReactionEmoji', 'emoticon': '🎉'}, 'count': 13, 'chosen_order': None}], 'min': False, 'can_see_list': False, 'reactions_as_tags': False, 'recent_reactions': []}",[],
jujutsu_kaisen_hindi_dub_anime,https://t.me/jujutsu_kaisen_hindi_dub_anime,8571,2024-02-22 21:46:57,"✅ Episode - 23 ( Season 2 ) 
🎧 Language - Hindi #Official 
📀 Quality : 480p.mp4
@Crunchyroll_Hindi_Dub_Official

Use MX Player For Change 📢Audio
Hindi Dub /  tamil / English Dub / English Dub",False,False,False,False,True,False,False,False,False,False,1360863050,,,,,,,,,44223,618,,2024-02-22T21:47:23+00:00,,,"{'_': 'MessageReactions', 'results': [{'_': 'ReactionCount', 'reaction': {'_': 'ReactionEmoji', 'emoticon': '👍'}, 'count': 186, 'chosen_order': None}, {'_': 'ReactionCount', 'reaction': {'_': 'ReactionEmoji', 'emoticon': '🔥'}, 'count': 33, 'chosen_order': None}, {'_': 'ReactionCount', 'reaction': {'_': 'ReactionEmoji', 'emoticon': '❤'}, 'count': 20, 'chosen_order': None}, {'_': 'ReactionCount', 'reaction': {'_': 'ReactionEmoji', 'emoticon': '🆒'}, 'count': 11, 'chosen_order': None}, {'_': 'ReactionCount', 'reaction': {'_': 'ReactionEmoji', 'emoticon': '👏'}, 'count': 9, 'chosen_order': None}, {'_': 'ReactionCount', 'reaction': {'_': 'ReactionEmoji', 'emoticon': '💋'}, 'count': 8, 'chosen_order': None}, {'_': 'ReactionCount', 'reaction': {'_': 'ReactionEmoji', 'emoticon': '👻'}, 'count': 8, 'chosen_order': None}, {'_': 'ReactionCount', 'reaction': {'_': 'ReactionEmoji', 'emoticon': '🤯'}, 'count': 7, 'chosen_order': None}, {'_': 'ReactionCount', 'reaction': {'_': 'ReactionEmoji', 'emoticon': '🥴'}, 'count': 5, 'chosen_order': None}, {'_': 'ReactionCount', 'reaction': {'_': 'ReactionEmoji', 'emoticon': '🤩'}, 'count': 4, 'chosen_order': None}, {'_': 'ReactionCount', 'reaction': {'_': 'ReactionEmoji', 'emoticon': '🎉'}, 'count': 3, 'chosen_order': None}], 'min': False, 'can_see_list': False, 'reactions_as_tags': False, 'recent_reactions': []}",[],
jujutsu_kaisen_hindi_dub_anime,https://t.me/jujutsu_kaisen_hindi_dub_anime,8572,2024-02-22 21:46:57,"✅ Episode - 23 ( Season 2 ) 
🎧 Language - Hindi #Official 
📀 Quality : 720p.mp4
@Crunchyroll_Hindi_Dub_Official

Use MX Player For Change 📢Audio
Hindi Dub /  tamil / English Dub / English Dub",False,False,False,False,True,False,False,False,False,False,1360863050,,,,,,,,,44635,742,,2024-02-22T21:47:39+00:00,,,"{'_': 'MessageReactions', 'results': [{'_': 'ReactionCount', 'reaction': {'_': 'ReactionEmoji', 'emoticon': '👍'}, 'count': 164, 'chosen_order': None}, {'_': 'ReactionCount', 'reaction': {'_': 'ReactionEmoji', 'emoticon': '🔥'}, 'count': 33, 'chosen_order': None}, {'_': 'ReactionCount', 'reaction': {'_': 'ReactionEmoji', 'emoticon': '❤\u200d🔥'}, 'count': 15, 'chosen_order': None}, {'_': 'ReactionCount', 'reaction': {'_': 'ReactionEmoji', 'emoticon': '🤯'}, 'count': 14, 'chosen_order': None}, {'_': 'ReactionCount', 'reaction': {'_': 'ReactionEmoji', 'emoticon': '🆒'}, 'count': 11, 'chosen_order': None}, {'_': 'ReactionCount', 'reaction': {'_': 'ReactionEmoji', 'emoticon': '❤'}, 'count': 10, 'chosen_order': None}, {'_': 'ReactionCount', 'reaction': {'_': 'ReactionEmoji', 'emoticon': '👻'}, 'count': 9, 'chosen_order': None}, {'_': 'ReactionCount', 'reaction': {'_': 'ReactionEmoji', 'emoticon': '\U0001fae1'}, 'count': 9, 'chosen_order': None}, {'_': 'ReactionCount', 'reaction': {'_': 'ReactionEmoji', 'emoticon': '🎉'}, 'count': 8, 'chosen_order': None}, {'_': 'ReactionCount', 'reaction': {'_': 'ReactionEmoji', 'emoticon': '🤩'}, 'count': 7, 'chosen_order': None}, {'_': 'ReactionCount', 'reaction': {'_': 'ReactionEmoji', 'emoticon': '👀'}, 'count': 3, 'chosen_order': None}], 'min': False, 'can_see_list': False, 'reactions_as_tags': False, 'recent_reactions': []}",[],
jujutsu_kaisen_hindi_dub_anime,https://t.me/jujutsu_kaisen_hindi_dub_anime,8573,2024-02-22 21:46:57,"✅ Episode - 23 ( Season 2 ) 
🎧 Language - Hindi #Official 
📀 Quality : 1080p.mp4
@Crunchyroll_Hindi_Dub_Official

Use MX Player For Change 📢Audio
Hindi Dub /  tamil / English Dub / English Dub",False,False,False,False,True,False,False,False,False,False,1360863050,,,,,,,,,44876,783,,2024-02-22T21:47:46+00:00,,,"{'_': 'MessageReactions', 'results': [{'_': 'ReactionCount', 'reaction': {'_': 'ReactionEmoji', 'emoticon': '👍'}, 'count': 207, 'chosen_order': None}, {'_': 'ReactionCount', 'reaction': {'_': 'ReactionEmoji', 'emoticon': '🔥'}, 'count': 51, 'chosen_order': None}, {'_': 'ReactionCount', 'reaction': {'_': 'ReactionEmoji', 'emoticon': '❤'}, 'count': 25, 'chosen_order': None}, {'_': 'ReactionCount', 'reaction': {'_': 'ReactionEmoji', 'emoticon': '😱'}, 'count': 14, 'chosen_order': None}, {'_': 'ReactionCount', 'reaction': {'_': 'ReactionEmoji', 'emoticon': '🆒'}, 'count': 13, 'chosen_order': None}, {'_': 'ReactionCount', 'reaction': {'_': 'ReactionEmoji', 'emoticon': '🤯'}, 'count': 11, 'chosen_order': None}, {'_': 'ReactionCount', 'reaction': {'_': 'ReactionEmoji', 'emoticon': '💘'}, 'count': 11, 'chosen_order': None}, {'_': 'ReactionCount', 'reaction': {'_': 'ReactionEmoji', 'emoticon': '❤\u200d🔥'}, 'count': 10, 'chosen_order': None}, {'_': 'ReactionCount', 'reaction': {'_': 'ReactionEmoji', 'emoticon': '🎉'}, 'count': 10, 'chosen_order': None}, {'_': 'ReactionCount', 'reaction': {'_': 'ReactionEmoji', 'emoticon': '😇'}, 'count': 9, 'chosen_order': None}, {'_': 'ReactionCount', 'reaction': {'_': 'ReactionEmoji', 'emoticon': '🤗'}, 'count': 7, 'chosen_order': None}], 'min': False, 'can_see_list': False, 'reactions_as_tags': False, 'recent_reactions': []}",[],
jujutsu_kaisen_hindi_dub_anime,https://t.me/jujutsu_kaisen_hindi_dub_anime,8574,2024-02-23 07:35:44,"✅ Episode - 23 ( Season 2 ) 
🎧 Language - Hindi #Official 
📀 Quality : 480p.mp4
@Crunchyroll_Hindi_Dub_Official

Use MX Player For Change 📢Audio
Hindi Dub /  tamil / English Dub / English Dub",False,False,False,False,True,False,False,False,False,False,1360863050,,,,,,,,,34176,215,,2024-02-23T07:40:25+00:00,,,"{'_': 'MessageReactions', 'results': [{'_': 'ReactionCount', 'reaction': {'_': 'ReactionEmoji', 'emoticon': '👍'}, 'count': 116, 'chosen_order': None}, {'_': 'ReactionCount', 'reaction': {'_': 'ReactionEmoji', 'emoticon': '💔'}, 'count': 18, 'chosen_order': None}, {'_': 'ReactionCount', 'reaction': {'_': 'ReactionEmoji', 'emoticon': '🔥'}, 'count': 13, 'chosen_order': None}, {'_': 'ReactionCount', 'reaction': {'_': 'ReactionEmoji', 'emoticon': '🤯'}, 'count': 11, 'chosen_order': None}, {'_': 'ReactionCount', 'reaction': {'_': 'ReactionEmoji', 'emoticon': '\U0001fae1'}, 'count': 10, 'chosen_order': None}, {'_': 'ReactionCount', 'reaction': {'_': 'ReactionEmoji', 'emoticon': '❤'}, 'count': 8, 'chosen_order': None}, {'_': 'ReactionCount', 'reaction': {'_': 'ReactionEmoji', 'emoticon': '❤\u200d🔥'}, 'count': 3, 'chosen_order': None}, {'_': 'ReactionCount', 'reaction': {'_': 'ReactionEmoji', 'emoticon': '👏'}, 'count': 3, 'chosen_order': None}, {'_': 'ReactionCount', 'reaction': {'_': 'ReactionEmoji', 'emoticon': '☃'}, 'count': 2, 'chosen_order': None}, {'_': 'ReactionCount', 'reaction': {'_': 'ReactionEmoji', 'emoticon': '👻'}, 'count': 2, 'chosen_order': None}, {'_': 'ReactionCount', 'reaction': {'_': 'ReactionEmoji', 'emoticon': '😢'}, 'count': 1, 'chosen_order': None}], 'min': False, 'can_see_list': False, 'reactions_as_tags': False, 'recent_reactions': []}",[],
jujutsu_kaisen_hindi_dub_anime,https://t.me/jujutsu_kaisen_hindi_dub_anime,8575,2024-02-23 07:35:44,"✅ Episode - 23 ( Season 2 ) 
🎧 Language - Hindi #Official 
📀 Quality : 720p.mp4
@Crunchyroll_Hindi_Dub_Official

Use MX Player For Change 📢Audio
Hindi Dub /  tamil / English Dub / English Dub",False,False,False,False,True,False,False,False,False,False,1360863050,,,,,,,,,35203,319,,2024-02-23T07:38:25+00:00,,,"{'_': 'MessageReactions', 'results': [{'_': 'ReactionCount', 'reaction': {'_': 'ReactionEmoji', 'emoticon': '👍'}, 'count': 95, 'chosen_order': None}, {'_': 'ReactionCount', 'reaction': {'_': 'ReactionEmoji', 'emoticon': '❤\u200d🔥'}, 'count': 27, 'chosen_order': None}, {'_': 'ReactionCount', 'reaction': {'_': 'ReactionEmoji', 'emoticon': '😭'}, 'count': 13, 'chosen_order': None}, {'_': 'ReactionCount', 'reaction': {'_': 'ReactionEmoji', 'emoticon': '\U0001fae1'}, 'count': 8, 'chosen_order': None}, {'_': 'ReactionCount', 'reaction': {'_': 'ReactionEmoji', 'emoticon': '👏'}, 'count': 6, 'chosen_order': None}, {'_': 'ReactionCount', 'reaction': {'_': 'ReactionEmoji', 'emoticon': '🔥'}, 'count': 5, 'chosen_order': None}, {'_': 'ReactionCount', 'reaction': {'_': 'ReactionEmoji', 'emoticon': '🎉'}, 'count': 4, 'chosen_order': None}, {'_': 'ReactionCount', 'reaction': {'_': 'ReactionEmoji', 'emoticon': '🤯'}, 'count': 3, 'chosen_order': None}, {'_': 'ReactionCount', 'reaction': {'_': 'ReactionEmoji', 'emoticon': '👌'}, 'count': 3, 'chosen_order': None}, {'_': 'ReactionCount', 'reaction': {'_': 'ReactionEmoji', 'emoticon': '💯'}, 'count': 3, 'chosen_order': None}, {'_': 'ReactionCount', 'reaction': {'_': 'ReactionEmoji', 'emoticon': '❤'}, 'count': 2, 'chosen_order': None}], 'min': False, 'can_see_list': False, 'reactions_as_tags': False, 'recent_reactions': []}",[],
jujutsu_kaisen_hindi_dub_anime,https://t.me/jujutsu_kaisen_hindi_dub_anime,8576,2024-02-23 07:35:44,"✅ Episode - 23 ( Season 2 ) 
🎧 Language - Hindi #Official 
📀 Quality : 1080p.mp4
@Crunchyroll_Hindi_Dub_Official

Use MX Player For Change 📢Audio
Hindi Dub /  tamil / English Dub / English Dub",False,False,False,False,True,False,False,False,False,False,1360863050,,,,,,,,,35951,470,,2024-02-23T07:36:20+00:00,,,"{'_': 'MessageReactions', 'results': [{'_': 'ReactionCount', 'reaction': {'_': 'ReactionEmoji', 'emoticon': '🤯'}, 'count': 113, 'chosen_order': None}, {'_': 'ReactionCount', 'reaction': {'_': 'ReactionEmoji', 'emoticon': '👍'}, 'count': 73, 'chosen_order': None}, {'_': 'ReactionCount', 'reaction': {'_': 'ReactionEmoji', 'emoticon': '😭'}, 'count': 44, 'chosen_order': None}, {'_': 'ReactionCount', 'reaction': {'_': 'ReactionEmoji', 'emoticon': '🔥'}, 'count': 27, 'chosen_order': None}, {'_': 'ReactionCount', 'reaction': {'_': 'ReactionEmoji', 'emoticon': '❤'}, 'count': 24, 'chosen_order': None}, {'_': 'ReactionCount', 'reaction': {'_': 'ReactionEmoji', 'emoticon': '❤\u200d🔥'}, 'count': 17, 'chosen_order': None}, {'_': 'ReactionCount', 'reaction': {'_': 'ReactionEmoji', 'emoticon': '\U0001fae1'}, 'count': 12, 'chosen_order': None}, {'_': 'ReactionCount', 'reaction': {'_': 'ReactionEmoji', 'emoticon': '🤣'}, 'count': 10, 'chosen_order': None}, {'_': 'ReactionCount', 'reaction': {'_': 'ReactionEmoji', 'emoticon': '🆒'}, 'count': 10, 'chosen_order': None}, {'_': 'ReactionCount', 'reaction': {'_': 'ReactionEmoji', 'emoticon': '👏'}, 'count': 4, 'chosen_order': None}, {'_': 'ReactionCount', 'reaction': {'_': 'ReactionEmoji', 'emoticon': '😱'}, 'count': 2, 'chosen_order': None}], 'min': False, 'can_see_list': False, 'reactions_as_tags': False, 'recent_reactions': []}",[],
jujutsu_kaisen_hindi_dub_anime,https://t.me/jujutsu_kaisen_hindi_dub_anime,8577,2024-02-23 07:36:18,,False,False,False,False,True,False,False,True,False,False,1360863050,,,,,,,,,35715,31,,2024-02-23T07:36:53+00:00,,,"{'_': 'MessageReactions', 'results': [{'_': 'ReactionCount', 'reaction': {'_': 'ReactionEmoji', 'emoticon': '😭'}, 'count': 631, 'chosen_order': None}, {'_': 'ReactionCount', 'reaction': {'_': 'ReactionEmoji', 'emoticon': '😢'}, 'count': 265, 'chosen_order': None}, {'_': 'ReactionCount', 'reaction': {'_': 'ReactionEmoji', 'emoticon': '💔'}, 'count': 76, 'chosen_order': None}, {'_': 'ReactionCount', 'reaction': {'_': 'ReactionEmoji', 'emoticon': '\U0001fae1'}, 'count': 61, 'chosen_order': None}, {'_': 'ReactionCount', 'reaction': {'_': 'ReactionEmoji', 'emoticon': '👍'}, 'count': 39, 'chosen_order': None}, {'_': 'ReactionCount', 'reaction': {'_': 'ReactionEmoji', 'emoticon': '😱'}, 'count': 16, 'chosen_order': None}, {'_': 'ReactionCount', 'reaction': {'_': 'ReactionEmoji', 'emoticon': '❤'}, 'count': 14, 'chosen_order': None}, {'_': 'ReactionCount', 'reaction': {'_': 'ReactionEmoji', 'emoticon': '🤯'}, 'count': 14, 'chosen_order': None}, {'_': 'ReactionCount', 'reaction': {'_': 'ReactionEmoji', 'emoticon': '💘'}, 'count': 7, 'chosen_order': None}, {'_': 'ReactionCount', 'reaction': {'_': 'ReactionEmoji', 'emoticon': '😁'}, 'count': 5, 'chosen_order': None}, {'_': 'ReactionCount', 'reaction': {'_': 'ReactionEmoji', 'emoticon': '🥴'}, 'count': 5, 'chosen_order': None}], 'min': False, 'can_see_list': False, 'reactions_as_tags': False, 'recent_reactions': []}",[],
jujutsu_kaisen_hindi_dub_anime,https://t.me/jujutsu_kaisen_hindi_dub_anime,8578,2024-02-23 10:10:01,<PERSON> 𝗕𝘆:- ⛩<PERSON>,False,False,False,False,True,False,False,False,False,False,1360863050,,,,,,,,,31736,6,,2024-02-23T16:31:26+00:00,,,"{'_': 'MessageReactions', 'results': [{'_': 'ReactionCount', 'reaction': {'_': 'ReactionEmoji', 'emoticon': '👍'}, 'count': 70, 'chosen_order': None}, {'_': 'ReactionCount', 'reaction': {'_': 'ReactionEmoji', 'emoticon': '💔'}, 'count': 26, 'chosen_order': None}, {'_': 'ReactionCount', 'reaction': {'_': 'ReactionEmoji', 'emoticon': '🔥'}, 'count': 12, 'chosen_order': None}, {'_': 'ReactionCount', 'reaction': {'_': 'ReactionEmoji', 'emoticon': '💯'}, 'count': 5, 'chosen_order': None}, {'_': 'ReactionCount', 'reaction': {'_': 'ReactionEmoji', 'emoticon': '❤'}, 'count': 4, 'chosen_order': None}, {'_': 'ReactionCount', 'reaction': {'_': 'ReactionEmoji', 'emoticon': '🤝'}, 'count': 1, 'chosen_order': None}], 'min': False, 'can_see_list': False, 'reactions_as_tags': False, 'recent_reactions': []}",[],
jujutsu_kaisen_hindi_dub_anime,https://t.me/jujutsu_kaisen_hindi_dub_anime,8579,2024-02-23 10:10:31,"🔹𝗝𝘂𝗷𝘂𝘁𝘀𝘂 𝗞𝗮𝗶𝘀𝗲𝗻 🔹

✨ 𝐒𝐄𝐀𝐒𝐎𝐍 𝟎𝟏 | ᴄᴏᴍᴘʟᴇᴛᴇ ✅ #<NRP> 

✨ 𝐒𝐄𝐀𝐒𝐎𝐍 𝟎𝟐 | ᴄᴏᴍᴘʟᴇᴛᴇ ✅ #<NRP> 

🏪 <PERSON> 🟩
   ➥ @Crunchyroll_Hindi_Dub_Official",False,False,False,False,True,False,False,False,False,False,1360863050,,,,,,,6.109639443427212e+18,,32840,52,,2024-02-23T10:11:28+00:00,,,"{'_': 'MessageReactions', 'results': [{'_': 'ReactionCount', 'reaction': {'_': 'ReactionEmoji', 'emoticon': '\U0001fae1'}, 'count': 289, 'chosen_order': None}, {'_': 'ReactionCount', 'reaction': {'_': 'ReactionEmoji', 'emoticon': '😭'}, 'count': 194, 'chosen_order': None}, {'_': 'ReactionCount', 'reaction': {'_': 'ReactionEmoji', 'emoticon': '👍'}, 'count': 41, 'chosen_order': None}, {'_': 'ReactionCount', 'reaction': {'_': 'ReactionEmoji', 'emoticon': '😢'}, 'count': 41, 'chosen_order': None}, {'_': 'ReactionCount', 'reaction': {'_': 'ReactionEmoji', 'emoticon': '❤'}, 'count': 31, 'chosen_order': None}, {'_': 'ReactionCount', 'reaction': {'_': 'ReactionEmoji', 'emoticon': '🤯'}, 'count': 18, 'chosen_order': None}, {'_': 'ReactionCount', 'reaction': {'_': 'ReactionEmoji', 'emoticon': '💔'}, 'count': 14, 'chosen_order': None}, {'_': 'ReactionCount', 'reaction': {'_': 'ReactionEmoji', 'emoticon': '❤\u200d🔥'}, 'count': 10, 'chosen_order': None}, {'_': 'ReactionCount', 'reaction': {'_': 'ReactionEmoji', 'emoticon': '🎉'}, 'count': 6, 'chosen_order': None}, {'_': 'ReactionCount', 'reaction': {'_': 'ReactionEmoji', 'emoticon': '👌'}, 'count': 5, 'chosen_order': None}, {'_': 'ReactionCount', 'reaction': {'_': 'ReactionEmoji', 'emoticon': '😱'}, 'count': 2, 'chosen_order': None}], 'min': False, 'can_see_list': False, 'reactions_as_tags': False, 'recent_reactions': []}",[],
jujutsu_kaisen_hindi_dub_anime,https://t.me/jujutsu_kaisen_hindi_dub_anime,8581,2024-02-23 16:30:37,"Multi Audio Hain Hindi+Tamil, To Mx Player me Jake change <PERSON>

➤  <DATE_TIME> Coming Soon... 
▬▬▬▬▬▬▬▬▬▬▬▬▬▬▬▬▬▬▬
Join Crunchyroll And Support 
https://t.me/addlist/O7oV5xK0yj00M2E1

• Powered By:- 
   ➥ @Crunchyroll_Hindi_Dub_Official",False,False,False,False,True,False,False,False,False,False,1360863050,,,,,,,6.16358652188254e+18,,24639,12,,2024-02-23T16:31:39+00:00,,,"{'_': 'MessageReactions', 'results': [{'_': 'ReactionCount', 'reaction': {'_': 'ReactionEmoji', 'emoticon': '😢'}, 'count': 59, 'chosen_order': None}, {'_': 'ReactionCount', 'reaction': {'_': 'ReactionEmoji', 'emoticon': '👍'}, 'count': 37, 'chosen_order': None}, {'_': 'ReactionCount', 'reaction': {'_': 'ReactionEmoji', 'emoticon': '❤'}, 'count': 12, 'chosen_order': None}, {'_': 'ReactionCount', 'reaction': {'_': 'ReactionEmoji', 'emoticon': '❤\u200d🔥'}, 'count': 5, 'chosen_order': None}, {'_': 'ReactionCount', 'reaction': {'_': 'ReactionEmoji', 'emoticon': '\U0001fae1'}, 'count': 5, 'chosen_order': None}, {'_': 'ReactionCount', 'reaction': {'_': 'ReactionEmoji', 'emoticon': '🥰'}, 'count': 3, 'chosen_order': None}], 'min': False, 'can_see_list': False, 'reactions_as_tags': False, 'recent_reactions': []}",[],
jujutsu_kaisen_hindi_dub_anime,https://t.me/jujutsu_kaisen_hindi_dub_anime,8586,2024-02-25 02:37:11,"❤️ Demons slayer New Hindi Dubb Full Movie Update !
Finally✊ Naruto Shippuden Official Hindi Dub is Here! But.. | ⛩Sony Yay Biggest Plot Twist | ❤️ Demon Slayer | Black clover Hindi Dub Office On Anime Booth
🔴💬💬💬💬💬💬💬💬💬💬
🔹Hindi Dubb Release Date 
🔹Full Movie in Hindi
🔹How to Watch Naruto Shippuden",False,False,False,False,True,False,False,True,False,False,1360863050,,"{'_': 'MessageFwdHeader', 'date': '2024-02-24T15:09:37+00:00', 'imported': False, 'saved_out': False, 'from_id': {'_': 'PeerChannel', 'channel_id': 1780411426}, 'from_name': None, 'channel_post': 443, 'post_author': None, 'saved_from_peer': None, 'saved_from_msg_id': None, 'saved_from_id': None, 'saved_from_name': None, 'saved_date': None, 'psa_type': None}",,,,,6.255548433184177e+18,"{'_': 'ReplyInlineMarkup', 'rows': [{'_': 'KeyboardButtonRow', 'buttons': [{'_': 'KeyboardButtonUrl', 'text': '⛩ Naruto Shippude Trailer Hindi  ⛩', 'url': 'https://youtu.be/Iz5SEjdwmT8?si=dmbZ_GI5KGF-JmXU'}]}, {'_': 'KeyboardButtonRow', 'buttons': [{'_': 'KeyboardButtonUrl', 'text': '✨ Demon Movie Hindi Dub ✨', 'url': 'https://youtu.be/Iz5SEjdwmT8?si=dmbZ_GI5KGF-JmXU'}]}]}",104,0,,2024-02-25T02:37:40+00:00,,,"{'_': 'MessageReactions', 'results': [], 'min': False, 'can_see_list': False, 'reactions_as_tags': False, 'recent_reactions': []}",[],
