Channel ID,URL,Post ID,date,message,out,mentioned,media_unread,silent,post,from_scheduled,legacy,edit_hide,pinned,noforwards,peer_channel,from_id_user,fwd_from,via_bot_id,reply_to_msg_id,reply_to_scheduled,forum_topic,media_photo_id,reply_markup,views,forwards,replies,edit_date,post_author,grouped_id,reactions,restriction_reason,ttl_period
netnaija_hub,https://t.me/netnaija_hub,4706,2024-02-18 04:58:18,"First look at ‘INVINCIBLE’ Season 2 Part 2.

Premieres <DATE_TIME> on Prime Video.",False,False,False,False,True,False,False,True,False,False,1372066815,,,,,,,5.94939460016051e+18,,21586,6,"{'_': 'MessageReplies', 'replies': 0, 'replies_pts': 418291, 'comments': True, 'recent_repliers': [], 'channel_id': 1434727438, 'max_id': None, 'read_max_id': None}",2024-02-18T05:50:24+00:00,,1.3665858384532708e+16,"{'_': 'MessageReactions', 'results': [{'_': 'ReactionCount', 'reaction': {'_': 'ReactionEmoji', 'emoticon': '❤'}, 'count': 32, 'chosen_order': None}, {'_': 'ReactionCount', 'reaction': {'_': 'ReactionEmoji', 'emoticon': '👍'}, 'count': 24, 'chosen_order': None}, {'_': 'ReactionCount', 'reaction': {'_': 'ReactionEmoji', 'emoticon': '👌'}, 'count': 3, 'chosen_order': None}, {'_': 'ReactionCount', 'reaction': {'_': 'ReactionEmoji', 'emoticon': '❤\u200d🔥'}, 'count': 2, 'chosen_order': None}, {'_': 'ReactionCount', 'reaction': {'_': 'ReactionEmoji', 'emoticon': '😎'}, 'count': 1, 'chosen_order': None}], 'min': False, 'can_see_list': False, 'reactions_as_tags': False, 'recent_reactions': []}",[],604800.0
netnaija_hub,https://t.me/netnaija_hub,4707,2024-02-18 04:58:18,,False,False,False,False,True,False,False,True,False,False,1372066815,,,,,,,5.94939460016051e+18,,22335,6,,2024-02-18T04:58:21+00:00,,1.3665858384532708e+16,,[],604800.0
netnaija_hub,https://t.me/netnaija_hub,4708,2024-02-18 04:58:18,,False,False,False,False,True,False,False,True,False,False,1372066815,,,,,,,5.94939460016051e+18,,24315,6,,2024-02-18T04:58:21+00:00,,1.3665858384532708e+16,,[],604800.0
netnaija_hub,https://t.me/netnaija_hub,4709,2024-02-18 04:58:18,,False,False,False,False,True,False,False,True,False,False,1372066815,,,,,,,5.94939460016051e+18,,24036,6,,2024-02-18T04:58:21+00:00,,1.3665858384532708e+16,,[],604800.0
netnaija_hub,https://t.me/netnaija_hub,4710,2024-02-18 11:54:22,,False,False,False,False,True,False,False,True,False,False,1372066815,,,,,,,,,20932,0,"{'_': 'MessageReplies', 'replies': 0, 'replies_pts': 418291, 'comments': True, 'recent_repliers': [], 'channel_id': 1434727438, 'max_id': None, 'read_max_id': None}",2024-02-18T11:54:40+00:00,,,"{'_': 'MessageReactions', 'results': [{'_': 'ReactionCount', 'reaction': {'_': 'ReactionEmoji', 'emoticon': '❤\u200d🔥'}, 'count': 12, 'chosen_order': None}], 'min': False, 'can_see_list': False, 'reactions_as_tags': False, 'recent_reactions': []}",[],604800.0
netnaija_hub,https://t.me/netnaija_hub,4711,2024-02-18 19:42:24,"Movie: The <PERSON>)

 <PERSON> and <PERSON> find true love in a whirlwind romance. They must convince their families they’re not rushing into disaster. They attend marriage counselling to prove their love, but soon learn love is only one of 10 steps to marriage.

Filesize: 326.25 MB

Duration: <DATE_TIME>

Title: The Counsellor

Year: 2024

Country: Nigeria

Language: <NRP>

Director: <PERSON>

Genre: Romance, Comedy

Stars: <PERSON>, <PERSON>, <PERSON> SHARE HERE<DATE_TIME>
https://t.me/NetNaija_movie_files",False,False,False,False,True,False,False,True,False,False,1372066815,,,,,,,5.947378113015038e+18,"{'_': 'ReplyInlineMarkup', 'rows': [{'_': 'KeyboardButtonRow', 'buttons': [{'_': 'KeyboardButtonUrl', 'text': '🎬 Watch Trailer', 'url': 'https://t.me/netnaija_movie_files'}, {'_': 'KeyboardButtonUrl', 'text': '🎙Subtitle 🎙', 'url': 'https://t.me/netnaija_movie_files'}]}, {'_': 'KeyboardButtonRow', 'buttons': [{'_': 'KeyboardButtonUrl', 'text': '🎬DOWNLOAD MOVIE🎬', 'url': 'https://t.me/netnaija_movie_files'}]}, {'_': 'KeyboardButtonRow', 'buttons': [{'_': 'KeyboardButtonUrl', 'text': '📩HELP AND ENQUIRIES📩', 'url': 'http://t.me/deepromoter'}]}, {'_': 'KeyboardButtonRow', 'buttons': [{'_': 'KeyboardButtonUrl', 'text': '⚙️MOVIE REQUEST⚙️', 'url': 'https://t.me/+f2jIu5g9bTY1NzM0'}]}, {'_': 'KeyboardButtonRow', 'buttons': [{'_': 'KeyboardButtonUrl', 'text': '🍿SERIES CHANNEL🍿', 'url': 'http://t.me/home_of_netflix_series'}]}, {'_': 'KeyboardButtonRow', 'buttons': [{'_': 'KeyboardButtonUrl', 'text': '🔞18 RATED CHANNEL🔞', 'url': 'https://t.me/sex_education_adults'}]}, {'_': 'KeyboardButtonRow', 'buttons': [{'_': 'KeyboardButtonUrl', 'text': '📮CARTOON CHANNEL📮', 'url': 'https://t.me/netnaija_wallpapers'}]}]}",22410,8,,2024-02-18T20:19:44+00:00,,,"{'_': 'MessageReactions', 'results': [{'_': 'ReactionCount', 'reaction': {'_': 'ReactionEmoji', 'emoticon': '👍'}, 'count': 23, 'chosen_order': None}, {'_': 'ReactionCount', 'reaction': {'_': 'ReactionEmoji', 'emoticon': '❤'}, 'count': 12, 'chosen_order': None}, {'_': 'ReactionCount', 'reaction': {'_': 'ReactionEmoji', 'emoticon': '🤯'}, 'count': 1, 'chosen_order': None}, {'_': 'ReactionCount', 'reaction': {'_': 'ReactionEmoji', 'emoticon': '😱'}, 'count': 1, 'chosen_order': None}], 'min': False, 'can_see_list': False, 'reactions_as_tags': False, 'recent_reactions': []}",[],604800.0
netnaija_hub,https://t.me/netnaija_hub,4712,2024-02-18 19:42:29,,False,False,False,False,True,False,False,True,False,False,1372066815,,,,,,,,,21672,0,"{'_': 'MessageReplies', 'replies': 0, 'replies_pts': 418291, 'comments': True, 'recent_repliers': [], 'channel_id': 1434727438, 'max_id': None, 'read_max_id': None}",2024-02-18T20:45:57+00:00,,,"{'_': 'MessageReactions', 'results': [{'_': 'ReactionCount', 'reaction': {'_': 'ReactionEmoji', 'emoticon': '👍'}, 'count': 4, 'chosen_order': None}], 'min': False, 'can_see_list': False, 'reactions_as_tags': False, 'recent_reactions': []}",[],604800.0
netnaija_hub,https://t.me/netnaija_hub,4713,2024-02-19 02:00:55,"Superman & Lois ended after <DATE_TIME> due to Warner Bros didn't want a TV Superman competing with the upcoming ""Superman: Legacy"" movie in <DATE_TIME>.",False,False,False,False,True,False,False,True,False,False,1372066815,,,,,,,6.240052865490075e+18,,20929,5,"{'_': 'MessageReplies', 'replies': 0, 'replies_pts': 418291, 'comments': True, 'recent_repliers': [], 'channel_id': 1434727438, 'max_id': None, 'read_max_id': None}",2024-02-19T02:06:26+00:00,,,"{'_': 'MessageReactions', 'results': [{'_': 'ReactionCount', 'reaction': {'_': 'ReactionEmoji', 'emoticon': '👍'}, 'count': 42, 'chosen_order': None}, {'_': 'ReactionCount', 'reaction': {'_': 'ReactionEmoji', 'emoticon': '❤'}, 'count': 13, 'chosen_order': None}, {'_': 'ReactionCount', 'reaction': {'_': 'ReactionEmoji', 'emoticon': '🤔'}, 'count': 9, 'chosen_order': None}, {'_': 'ReactionCount', 'reaction': {'_': 'ReactionEmoji', 'emoticon': '❤\u200d🔥'}, 'count': 8, 'chosen_order': None}, {'_': 'ReactionCount', 'reaction': {'_': 'ReactionEmoji', 'emoticon': '🥴'}, 'count': 7, 'chosen_order': None}, {'_': 'ReactionCount', 'reaction': {'_': 'ReactionEmoji', 'emoticon': '🔥'}, 'count': 4, 'chosen_order': None}, {'_': 'ReactionCount', 'reaction': {'_': 'ReactionEmoji', 'emoticon': '😎'}, 'count': 4, 'chosen_order': None}, {'_': 'ReactionCount', 'reaction': {'_': 'ReactionEmoji', 'emoticon': '🆒'}, 'count': 2, 'chosen_order': None}, {'_': 'ReactionCount', 'reaction': {'_': 'ReactionEmoji', 'emoticon': '🕊'}, 'count': 1, 'chosen_order': None}], 'min': False, 'can_see_list': False, 'reactions_as_tags': False, 'recent_reactions': []}",[],604800.0
netnaija_hub,https://t.me/netnaija_hub,4714,2024-02-19 19:34:28,"Movie: An <NRP> in Austen <DATE_TIME>)

Harriet, who thinks that no real man compares to Mr. <PERSON>, is transported into Pride and Prejudice and gets an unexpected chance to find out. Starring <PERSON> and <PERSON>.

An <NRP> in Austen <DATE_TIME>)

Genre: Comedy, Romance

Release Date: <DATE_TIME> (United States)

Stars: <PERSON> , <PERSON> , <PERSON>

Source: An.<NRP>.In.Austen.2024.720p.WEB.H264-EDITH

Language: English

Subtitle Language: <NRP>

DOWNLOAD & SHARE HERE<DATE_TIME>
https://t.me/NetNaija_movie_files",False,False,False,False,True,False,False,True,False,False,1372066815,,,,,,,5.952012507281474e+18,"{'_': 'ReplyInlineMarkup', 'rows': [{'_': 'KeyboardButtonRow', 'buttons': [{'_': 'KeyboardButtonUrl', 'text': '🎬 Watch Trailer', 'url': 'https://t.me/netnaija_movie_files'}, {'_': 'KeyboardButtonUrl', 'text': '🎙Subtitle 🎙', 'url': 'https://t.me/netnaija_movie_files'}]}, {'_': 'KeyboardButtonRow', 'buttons': [{'_': 'KeyboardButtonUrl', 'text': '🎬DOWNLOAD MOVIE🎬', 'url': 'https://t.me/netnaija_movie_files'}]}, {'_': 'KeyboardButtonRow', 'buttons': [{'_': 'KeyboardButtonUrl', 'text': '📩HELP AND ENQUIRIES📩', 'url': 'http://t.me/deepromoter'}]}, {'_': 'KeyboardButtonRow', 'buttons': [{'_': 'KeyboardButtonUrl', 'text': '⚙️MOVIE REQUEST⚙️', 'url': 'https://t.me/+f2jIu5g9bTY1NzM0'}]}, {'_': 'KeyboardButtonRow', 'buttons': [{'_': 'KeyboardButtonUrl', 'text': '🍿SERIES CHANNEL🍿', 'url': 'http://t.me/home_of_netflix_series'}]}, {'_': 'KeyboardButtonRow', 'buttons': [{'_': 'KeyboardButtonUrl', 'text': '🔞18 RATED CHANNEL🔞', 'url': 'https://t.me/sex_education_adults'}]}, {'_': 'KeyboardButtonRow', 'buttons': [{'_': 'KeyboardButtonUrl', 'text': '📮CARTOON CHANNEL📮', 'url': 'https://t.me/netnaija_wallpapers'}]}]}",21993,6,,2024-02-19T19:55:38+00:00,,,"{'_': 'MessageReactions', 'results': [{'_': 'ReactionCount', 'reaction': {'_': 'ReactionEmoji', 'emoticon': '👍'}, 'count': 22, 'chosen_order': None}, {'_': 'ReactionCount', 'reaction': {'_': 'ReactionEmoji', 'emoticon': '❤'}, 'count': 11, 'chosen_order': None}, {'_': 'ReactionCount', 'reaction': {'_': 'ReactionEmoji', 'emoticon': '🔥'}, 'count': 1, 'chosen_order': None}], 'min': False, 'can_see_list': False, 'reactions_as_tags': False, 'recent_reactions': []}",[],604800.0
netnaija_hub,https://t.me/netnaija_hub,4715,2024-02-19 19:34:42,,False,False,False,False,True,False,False,True,False,False,1372066815,,,,,,,,,20470,0,"{'_': 'MessageReplies', 'replies': 0, 'replies_pts': 418291, 'comments': True, 'recent_repliers': [], 'channel_id': 1434727438, 'max_id': None, 'read_max_id': None}",2024-02-20T00:40:11+00:00,,,"{'_': 'MessageReactions', 'results': [{'_': 'ReactionCount', 'reaction': {'_': 'ReactionEmoji', 'emoticon': '👍'}, 'count': 3, 'chosen_order': None}, {'_': 'ReactionCount', 'reaction': {'_': 'ReactionEmoji', 'emoticon': '❤'}, 'count': 1, 'chosen_order': None}], 'min': False, 'can_see_list': False, 'reactions_as_tags': False, 'recent_reactions': []}",[],604800.0
netnaija_hub,https://t.me/netnaija_hub,4716,2024-02-20 05:40:32,‘Berlin’ Renewed at Netflix; ‘Money Heist’ Prequel to Return for <DATE_TIME>,False,False,False,False,True,False,False,True,False,False,1372066815,,,,,,,5.953070465100658e+18,,19159,7,"{'_': 'MessageReplies', 'replies': 0, 'replies_pts': 418291, 'comments': True, 'recent_repliers': [], 'channel_id': 1434727438, 'max_id': None, 'read_max_id': None}",2024-02-20T05:46:51+00:00,,,"{'_': 'MessageReactions', 'results': [{'_': 'ReactionCount', 'reaction': {'_': 'ReactionEmoji', 'emoticon': '👍'}, 'count': 34, 'chosen_order': None}, {'_': 'ReactionCount', 'reaction': {'_': 'ReactionEmoji', 'emoticon': '❤'}, 'count': 17, 'chosen_order': None}, {'_': 'ReactionCount', 'reaction': {'_': 'ReactionEmoji', 'emoticon': '❤\u200d🔥'}, 'count': 3, 'chosen_order': None}], 'min': False, 'can_see_list': False, 'reactions_as_tags': False, 'recent_reactions': []}",[],604800.0
netnaija_hub,https://t.me/netnaija_hub,4717,2024-02-20 19:28:23,"Movie: Mean Girls (<DATE_TIME>)

Plastic is forever.

New student <PERSON> is welcomed into the top of the social food chain by the elite group of popular girls called ‘The Plastics,’ ruled by the conniving queen bee <PERSON> and her minions <PERSON> and <PERSON>. However, when <PERSON> makes the major misstep of falling for <PERSON>’s ex-boyfriend <PERSON>, she finds herself prey in Regina’s crosshairs. As <PERSON> sets to take down the group’s apex predator with the help of her outcast friends <PERSON> and <PERSON>, she must learn how to stay true to herself while navigating the most cutthroat jungle of all: high school.

Mean Girls (<DATE_TIME>)

Genre: Comedy, Musical 

Release Date: <DATE_TIME> (United States)

Stars: <PERSON>, <PERSON>, Auli'i <PERSON>, <PERSON>, Avantika, Bebe Wood

Source: Mean.Girls.2024.1080p.AMZN.WEB-DL.DDP5.1.Atmos.H.264-FLUX

Language: English

Subtitle Language: <NRP>

DOWNLOAD & SHARE HERE<DATE_TIME>
https://t.me/NetNaija_movie_files",False,False,False,False,True,False,False,True,False,False,1372066815,,,,,,,5.953891808876544e+18,"{'_': 'ReplyInlineMarkup', 'rows': [{'_': 'KeyboardButtonRow', 'buttons': [{'_': 'KeyboardButtonUrl', 'text': '🎬 Watch Trailer', 'url': 'https://t.me/netnaija_movie_files'}, {'_': 'KeyboardButtonUrl', 'text': '🎙Subtitle 🎙', 'url': 'https://t.me/netnaija_movie_files'}]}, {'_': 'KeyboardButtonRow', 'buttons': [{'_': 'KeyboardButtonUrl', 'text': '🎬DOWNLOAD MOVIE🎬', 'url': 'https://t.me/netnaija_movie_files'}]}, {'_': 'KeyboardButtonRow', 'buttons': [{'_': 'KeyboardButtonUrl', 'text': '📩HELP AND ENQUIRIES📩', 'url': 'http://t.me/deepromoter'}]}, {'_': 'KeyboardButtonRow', 'buttons': [{'_': 'KeyboardButtonUrl', 'text': '⚙️MOVIE REQUEST⚙️', 'url': 'https://t.me/+f2jIu5g9bTY1NzM0'}]}, {'_': 'KeyboardButtonRow', 'buttons': [{'_': 'KeyboardButtonUrl', 'text': '🍿SERIES CHANNEL🍿', 'url': 'http://t.me/home_of_netflix_series'}]}, {'_': 'KeyboardButtonRow', 'buttons': [{'_': 'KeyboardButtonUrl', 'text': '🔞18 RATED CHANNEL🔞', 'url': 'https://t.me/sex_education_adults'}]}, {'_': 'KeyboardButtonRow', 'buttons': [{'_': 'KeyboardButtonUrl', 'text': '📮CARTOON CHANNEL📮', 'url': 'https://t.me/netnaija_wallpapers'}]}]}",19390,6,,2024-02-20T19:40:17+00:00,,,"{'_': 'MessageReactions', 'results': [{'_': 'ReactionCount', 'reaction': {'_': 'ReactionEmoji', 'emoticon': '👍'}, 'count': 26, 'chosen_order': None}, {'_': 'ReactionCount', 'reaction': {'_': 'ReactionEmoji', 'emoticon': '❤'}, 'count': 15, 'chosen_order': None}, {'_': 'ReactionCount', 'reaction': {'_': 'ReactionEmoji', 'emoticon': '🔥'}, 'count': 2, 'chosen_order': None}, {'_': 'ReactionCount', 'reaction': {'_': 'ReactionEmoji', 'emoticon': '😍'}, 'count': 2, 'chosen_order': None}], 'min': False, 'can_see_list': False, 'reactions_as_tags': False, 'recent_reactions': []}",[],604800.0
netnaija_hub,https://t.me/netnaija_hub,4718,2024-02-20 19:28:27,,False,False,False,False,True,False,False,True,False,False,1372066815,,,,,,,,,18534,0,"{'_': 'MessageReplies', 'replies': 0, 'replies_pts': 418291, 'comments': True, 'recent_repliers': [], 'channel_id': 1434727438, 'max_id': None, 'read_max_id': None}",2024-02-21T02:08:45+00:00,,,"{'_': 'MessageReactions', 'results': [{'_': 'ReactionCount', 'reaction': {'_': 'ReactionEmoji', 'emoticon': '❤'}, 'count': 2, 'chosen_order': None}], 'min': False, 'can_see_list': False, 'reactions_as_tags': False, 'recent_reactions': []}",[],604800.0
netnaija_hub,https://t.me/netnaija_hub,4719,2024-02-21 02:01:09,"First poster for the live-action ‘BORDERLANDS’ movie.

In theaters on <DATE_TIME>.",False,False,False,False,True,False,False,True,False,False,1372066815,,,,,,,5.956447709554655e+18,,18956,11,"{'_': 'MessageReplies', 'replies': 0, 'replies_pts': 418291, 'comments': True, 'recent_repliers': [], 'channel_id': 1434727438, 'max_id': None, 'read_max_id': None}",2024-02-21T02:04:25+00:00,,,"{'_': 'MessageReactions', 'results': [{'_': 'ReactionCount', 'reaction': {'_': 'ReactionEmoji', 'emoticon': '👍'}, 'count': 54, 'chosen_order': None}, {'_': 'ReactionCount', 'reaction': {'_': 'ReactionEmoji', 'emoticon': '❤'}, 'count': 25, 'chosen_order': None}, {'_': 'ReactionCount', 'reaction': {'_': 'ReactionEmoji', 'emoticon': '🔥'}, 'count': 8, 'chosen_order': None}, {'_': 'ReactionCount', 'reaction': {'_': 'ReactionEmoji', 'emoticon': '❤\u200d🔥'}, 'count': 5, 'chosen_order': None}, {'_': 'ReactionCount', 'reaction': {'_': 'ReactionEmoji', 'emoticon': '🤩'}, 'count': 2, 'chosen_order': None}, {'_': 'ReactionCount', 'reaction': {'_': 'ReactionEmoji', 'emoticon': '💘'}, 'count': 2, 'chosen_order': None}], 'min': False, 'can_see_list': False, 'reactions_as_tags': False, 'recent_reactions': []}",[],604800.0
netnaija_hub,https://t.me/netnaija_hub,4720,2024-02-21 07:34:16,,False,False,False,False,True,False,False,True,False,False,1372066815,,,,,,,,,18039,0,"{'_': 'MessageReplies', 'replies': 0, 'replies_pts': 418291, 'comments': True, 'recent_repliers': [], 'channel_id': 1434727438, 'max_id': None, 'read_max_id': None}",2024-02-21T11:24:31+00:00,,,"{'_': 'MessageReactions', 'results': [{'_': 'ReactionCount', 'reaction': {'_': 'ReactionEmoji', 'emoticon': '👍'}, 'count': 9, 'chosen_order': None}], 'min': False, 'can_see_list': False, 'reactions_as_tags': False, 'recent_reactions': []}",[],604800.0
netnaija_hub,https://t.me/netnaija_hub,4721,2024-02-22 18:59:06,"New Series : Avatar: The Last Airbender (<DATE_TIME>) 

Master your element.

A young boy known as the Avatar must master the four elemental powers to save a world at war — and fight a ruthless enemy bent on stopping him.

Premiere Date: <DATE_TIME>

Country: United States of America

Language: <NRP>

Genre: Sci-Fi, Fantasy, Action, Adventure, Drama

DOWNLOAD & SHARE HERE<DATE_TIME>
https://t.me/NetNaija_movie_files",False,False,False,False,True,False,False,True,False,False,1372066815,,,,,,,5.960758422200762e+18,"{'_': 'ReplyInlineMarkup', 'rows': [{'_': 'KeyboardButtonRow', 'buttons': [{'_': 'KeyboardButtonUrl', 'text': '🎬 Watch Trailer', 'url': 'https://t.me/netnaija_movie_files'}, {'_': 'KeyboardButtonUrl', 'text': '🎙Subtitle 🎙', 'url': 'https://t.me/netnaija_movie_files'}]}, {'_': 'KeyboardButtonRow', 'buttons': [{'_': 'KeyboardButtonUrl', 'text': '🎬DOWNLOAD MOVIE🎬', 'url': 'https://t.me/netnaija_movie_files'}]}, {'_': 'KeyboardButtonRow', 'buttons': [{'_': 'KeyboardButtonUrl', 'text': '📩HELP AND ENQUIRIES📩', 'url': 'http://t.me/deepromoter'}]}, {'_': 'KeyboardButtonRow', 'buttons': [{'_': 'KeyboardButtonUrl', 'text': '⚙️MOVIE REQUEST⚙️', 'url': 'https://t.me/+f2jIu5g9bTY1NzM0'}]}, {'_': 'KeyboardButtonRow', 'buttons': [{'_': 'KeyboardButtonUrl', 'text': '🍿SERIES CHANNEL🍿', 'url': 'http://t.me/home_of_netflix_series'}]}, {'_': 'KeyboardButtonRow', 'buttons': [{'_': 'KeyboardButtonUrl', 'text': '🔞18 RATED CHANNEL🔞', 'url': 'https://t.me/sex_education_adults'}]}, {'_': 'KeyboardButtonRow', 'buttons': [{'_': 'KeyboardButtonUrl', 'text': '📮CARTOON CHANNEL📮', 'url': 'https://t.me/netnaija_wallpapers'}]}]}",14017,8,,2024-02-22T19:01:18+00:00,,,"{'_': 'MessageReactions', 'results': [{'_': 'ReactionCount', 'reaction': {'_': 'ReactionEmoji', 'emoticon': '👍'}, 'count': 26, 'chosen_order': None}, {'_': 'ReactionCount', 'reaction': {'_': 'ReactionEmoji', 'emoticon': '❤'}, 'count': 13, 'chosen_order': None}, {'_': 'ReactionCount', 'reaction': {'_': 'ReactionEmoji', 'emoticon': '🔥'}, 'count': 8, 'chosen_order': None}, {'_': 'ReactionCount', 'reaction': {'_': 'ReactionEmoji', 'emoticon': '⚡'}, 'count': 5, 'chosen_order': None}, {'_': 'ReactionCount', 'reaction': {'_': 'ReactionEmoji', 'emoticon': '🙏'}, 'count': 2, 'chosen_order': None}, {'_': 'ReactionCount', 'reaction': {'_': 'ReactionEmoji', 'emoticon': '❤\u200d🔥'}, 'count': 1, 'chosen_order': None}, {'_': 'ReactionCount', 'reaction': {'_': 'ReactionEmoji', 'emoticon': '💯'}, 'count': 1, 'chosen_order': None}], 'min': False, 'can_see_list': False, 'reactions_as_tags': False, 'recent_reactions': []}",[],604800.0
netnaija_hub,https://t.me/netnaija_hub,4722,2024-02-22 18:59:19,,False,False,False,False,True,False,False,True,False,False,1372066815,,,,,,,,,13648,0,"{'_': 'MessageReplies', 'replies': 0, 'replies_pts': 418291, 'comments': True, 'recent_repliers': [], 'channel_id': 1434727438, 'max_id': None, 'read_max_id': None}",2024-02-24T14:25:57+00:00,,,"{'_': 'MessageReactions', 'results': [{'_': 'ReactionCount', 'reaction': {'_': 'ReactionEmoji', 'emoticon': '👍'}, 'count': 1, 'chosen_order': None}], 'min': False, 'can_see_list': False, 'reactions_as_tags': False, 'recent_reactions': []}",[],604800.0
netnaija_hub,https://t.me/netnaija_hub,4723,2024-02-23 02:00:16,‘THE BOYS’ Season 4 premieres on <DATE_TIME>.,False,False,False,False,True,False,False,True,False,False,1372066815,,,,,,,5.960973763271051e+18,,12594,3,"{'_': 'MessageReplies', 'replies': 2, 'replies_pts': 418291, 'comments': True, 'recent_repliers': [{'_': 'PeerUser', 'user_id': 904862576}, {'_': 'PeerUser', 'user_id': 6391629774}], 'channel_id': 1434727438, 'max_id': 244264, 'read_max_id': None}",2024-02-23T02:44:21+00:00,,,"{'_': 'MessageReactions', 'results': [{'_': 'ReactionCount', 'reaction': {'_': 'ReactionEmoji', 'emoticon': '👍'}, 'count': 23, 'chosen_order': None}, {'_': 'ReactionCount', 'reaction': {'_': 'ReactionEmoji', 'emoticon': '🔥'}, 'count': 17, 'chosen_order': None}, {'_': 'ReactionCount', 'reaction': {'_': 'ReactionEmoji', 'emoticon': '❤'}, 'count': 10, 'chosen_order': None}, {'_': 'ReactionCount', 'reaction': {'_': 'ReactionEmoji', 'emoticon': '😍'}, 'count': 3, 'chosen_order': None}], 'min': False, 'can_see_list': False, 'reactions_as_tags': False, 'recent_reactions': []}",[],604800.0
netnaija_hub,https://t.me/netnaija_hub,4724,2024-02-23 19:39:34,"Movie: Red Right Hand (<DATE_TIME>)

Cash is trying to live an honest and quiet life, but when Big Cat forces him back into her services, he proves capable of anything to protect the town and the only family he has left.

Red Right Hand (<DATE_TIME>)

Genre: Action, Thriller 

Release Date: <DATE_TIME> (United States)

Stars: <PERSON> , <PERSON> , <PERSON>

Source: Red.Right.Hand.2024.1080p.AMZN.WEBRip.1400MB.DD5.1.x264-GalaxyRG

Language: English

Subtitle Language: <NRP>

DOWNLOAD & SHARE HERE<DATE_TIME>
https://t.me/NetNaija_movie_files",False,False,False,False,True,False,False,True,False,False,1372066815,,,,,,,5.963009174042427e+18,"{'_': 'ReplyInlineMarkup', 'rows': [{'_': 'KeyboardButtonRow', 'buttons': [{'_': 'KeyboardButtonUrl', 'text': '🎬 Watch Trailer', 'url': 'https://t.me/netnaija_movie_files'}, {'_': 'KeyboardButtonUrl', 'text': '🎙Subtitle 🎙', 'url': 'https://t.me/netnaija_movie_files'}]}, {'_': 'KeyboardButtonRow', 'buttons': [{'_': 'KeyboardButtonUrl', 'text': '🎬DOWNLOAD MOVIE🎬', 'url': 'https://t.me/netnaija_movie_files'}]}, {'_': 'KeyboardButtonRow', 'buttons': [{'_': 'KeyboardButtonUrl', 'text': '📩HELP AND ENQUIRIES📩', 'url': 'http://t.me/deepromoter'}]}, {'_': 'KeyboardButtonRow', 'buttons': [{'_': 'KeyboardButtonUrl', 'text': '⚙️MOVIE REQUEST⚙️', 'url': 'https://t.me/+f2jIu5g9bTY1NzM0'}]}, {'_': 'KeyboardButtonRow', 'buttons': [{'_': 'KeyboardButtonUrl', 'text': '🍿SERIES CHANNEL🍿', 'url': 'http://t.me/home_of_netflix_series'}]}, {'_': 'KeyboardButtonRow', 'buttons': [{'_': 'KeyboardButtonUrl', 'text': '🔞18 RATED CHANNEL🔞', 'url': 'https://t.me/sex_education_adults'}]}, {'_': 'KeyboardButtonRow', 'buttons': [{'_': 'KeyboardButtonUrl', 'text': '📮CARTOON CHANNEL📮', 'url': 'https://t.me/netnaija_wallpapers'}]}]}",10196,4,,2024-02-23T20:24:01+00:00,,,"{'_': 'MessageReactions', 'results': [{'_': 'ReactionCount', 'reaction': {'_': 'ReactionEmoji', 'emoticon': '👍'}, 'count': 12, 'chosen_order': None}, {'_': 'ReactionCount', 'reaction': {'_': 'ReactionEmoji', 'emoticon': '❤'}, 'count': 6, 'chosen_order': None}, {'_': 'ReactionCount', 'reaction': {'_': 'ReactionEmoji', 'emoticon': '❤\u200d🔥'}, 'count': 2, 'chosen_order': None}, {'_': 'ReactionCount', 'reaction': {'_': 'ReactionEmoji', 'emoticon': '🔥'}, 'count': 1, 'chosen_order': None}], 'min': False, 'can_see_list': False, 'reactions_as_tags': False, 'recent_reactions': []}",[],604800.0
netnaija_hub,https://t.me/netnaija_hub,4725,2024-02-23 19:39:37,,False,False,False,False,True,False,False,True,False,False,1372066815,,,,,,,,,10059,0,"{'_': 'MessageReplies', 'replies': 0, 'replies_pts': 418291, 'comments': True, 'recent_repliers': [], 'channel_id': 1434727438, 'max_id': None, 'read_max_id': None}",2024-02-23T19:39:40+00:00,,,,[],604800.0
netnaija_hub,https://t.me/netnaija_hub,4727,2024-02-24 02:37:39,New posters for <PERSON> and <PERSON> in ‘KUNG FU PANDA 4’.,False,False,False,False,True,False,False,True,False,False,1372066815,,,,,,,5.965339687721747e+18,,8328,5,"{'_': 'MessageReplies', 'replies': 0, 'replies_pts': 418291, 'comments': True, 'recent_repliers': [], 'channel_id': 1434727438, 'max_id': None, 'read_max_id': None}",2024-02-24T02:38:06+00:00,,1.366993807799998e+16,"{'_': 'MessageReactions', 'results': [{'_': 'ReactionCount', 'reaction': {'_': 'ReactionEmoji', 'emoticon': '❤'}, 'count': 43, 'chosen_order': None}, {'_': 'ReactionCount', 'reaction': {'_': 'ReactionEmoji', 'emoticon': '👍'}, 'count': 14, 'chosen_order': None}, {'_': 'ReactionCount', 'reaction': {'_': 'ReactionEmoji', 'emoticon': '🔥'}, 'count': 3, 'chosen_order': None}, {'_': 'ReactionCount', 'reaction': {'_': 'ReactionEmoji', 'emoticon': '😱'}, 'count': 2, 'chosen_order': None}], 'min': False, 'can_see_list': False, 'reactions_as_tags': False, 'recent_reactions': []}",[],604800.0
netnaija_hub,https://t.me/netnaija_hub,4728,2024-02-24 02:37:39,,False,False,False,False,True,False,False,True,False,False,1372066815,,,,,,,5.965339687721747e+18,,8403,5,,2024-02-24T02:37:43+00:00,,1.366993807799998e+16,,[],604800.0
netnaija_hub,https://t.me/netnaija_hub,4730,2024-02-24 06:42:22,,False,False,False,False,True,False,False,True,False,False,1372066815,,,,,,,,,7444,0,"{'_': 'MessageReplies', 'replies': 0, 'replies_pts': 418291, 'comments': True, 'recent_repliers': [], 'channel_id': 1434727438, 'max_id': None, 'read_max_id': None}",2024-02-24T06:44:04+00:00,,,"{'_': 'MessageReactions', 'results': [{'_': 'ReactionCount', 'reaction': {'_': 'ReactionEmoji', 'emoticon': '👍'}, 'count': 11, 'chosen_order': None}, {'_': 'ReactionCount', 'reaction': {'_': 'ReactionEmoji', 'emoticon': '❤'}, 'count': 4, 'chosen_order': None}], 'min': False, 'can_see_list': False, 'reactions_as_tags': False, 'recent_reactions': []}",[],604800.0
netnaija_hub,https://t.me/netnaija_hub,4731,2024-02-24 19:24:35,"Movie: <PERSON> (<NRP>]

<PERSON>, an uncontested warrior proves himself to be a reigning hero across time and geographies, defeating every opponent he encounters. As <PERSON> continues his victorious journey along with his aids Chinnappaiyyan & Ayyanar meets <PERSON>, an ethereal dancer at a betting parlour in Nooraanathalayur. This is the moment that also invites Chamathakan, a villainous presence who will shadow <PERSON> through the rest of his journey. This group then proceed on journey with many twists...

<PERSON> (<DATE_TIME>)

Genre: Action, Drama, Fantasy

Release Date: <DATE_TIME> (India)

Stars: <PERSON>, <PERSON>, <PERSON>, <PERSON>, <PERSON>, <PERSON>: <PERSON>.Vaaliban.2024.1080p.WebRip.Multi.EAC3.5.1.x265-Groupless

Language: <PERSON>, <PERSON>, <NRP>,<NRP>, Kannada

Subtitle Language: <NRP>

DOWNLOAD & SHARE HERE<DATE_TIME>
https://t.me/NetNaija_movie_files",False,False,False,False,True,False,False,True,False,False,1372066815,,,,,,,5.965260973856113e+18,"{'_': 'ReplyInlineMarkup', 'rows': [{'_': 'KeyboardButtonRow', 'buttons': [{'_': 'KeyboardButtonUrl', 'text': '🎬 Watch Trailer', 'url': 'https://t.me/netnaija_movie_files'}, {'_': 'KeyboardButtonUrl', 'text': '🎙Subtitle 🎙', 'url': 'https://t.me/netnaija_movie_files'}]}, {'_': 'KeyboardButtonRow', 'buttons': [{'_': 'KeyboardButtonUrl', 'text': '🎬DOWNLOAD MOVIE🎬', 'url': 'https://t.me/netnaija_movie_files'}]}, {'_': 'KeyboardButtonRow', 'buttons': [{'_': 'KeyboardButtonUrl', 'text': '📩HELP AND ENQUIRIES📩', 'url': 'http://t.me/deepromoter'}]}, {'_': 'KeyboardButtonRow', 'buttons': [{'_': 'KeyboardButtonUrl', 'text': '⚙️MOVIE REQUEST⚙️', 'url': 'https://t.me/+f2jIu5g9bTY1NzM0'}]}, {'_': 'KeyboardButtonRow', 'buttons': [{'_': 'KeyboardButtonUrl', 'text': '🍿SERIES CHANNEL🍿', 'url': 'http://t.me/home_of_netflix_series'}]}, {'_': 'KeyboardButtonRow', 'buttons': [{'_': 'KeyboardButtonUrl', 'text': '🔞18 RATED CHANNEL🔞', 'url': 'https://t.me/sex_education_adults'}]}, {'_': 'KeyboardButtonRow', 'buttons': [{'_': 'KeyboardButtonUrl', 'text': '📮CARTOON CHANNEL📮', 'url': 'https://t.me/netnaija_wallpapers'}]}]}",3763,2,,2024-02-24T19:31:38+00:00,,,"{'_': 'MessageReactions', 'results': [{'_': 'ReactionCount', 'reaction': {'_': 'ReactionEmoji', 'emoticon': '👍'}, 'count': 4, 'chosen_order': None}, {'_': 'ReactionCount', 'reaction': {'_': 'ReactionEmoji', 'emoticon': '❤'}, 'count': 3, 'chosen_order': None}], 'min': False, 'can_see_list': False, 'reactions_as_tags': False, 'recent_reactions': []}",[],604800.0
netnaija_hub,https://t.me/netnaija_hub,4732,2024-02-24 19:24:40,,False,False,False,False,True,False,False,True,False,False,1372066815,,,,,,,,,3652,0,"{'_': 'MessageReplies', 'replies': 0, 'replies_pts': 418291, 'comments': True, 'recent_repliers': [], 'channel_id': 1434727438, 'max_id': None, 'read_max_id': None}",2024-02-24T19:24:44+00:00,,,,[],604800.0
netnaija_hub,https://t.me/netnaija_hub,4734,2024-02-25 07:01:26,,False,False,False,False,True,False,False,True,False,False,1372066815,,,,,,,,,328,0,"{'_': 'MessageReplies', 'replies': 0, 'replies_pts': 0, 'comments': True, 'recent_repliers': [], 'channel_id': 777, 'max_id': None, 'read_max_id': None}",2024-02-25T07:01:55+00:00,,,,[],604800.0
netnaija_hub,https://t.me/netnaija_hub,4735,2024-02-25 07:05:45,DROP YOUR MOVIES AND SERIES REQUESTS <NRP>,False,False,False,False,True,False,False,True,False,False,1372066815,,,,,,,,,245,0,"{'_': 'MessageReplies', 'replies': 24, 'replies_pts': 418391, 'comments': True, 'recent_repliers': [{'_': 'PeerUser', 'user_id': 1572969642}, {'_': 'PeerUser', 'user_id': 6695342040}, {'_': 'PeerUser', 'user_id': 6109386574}], 'channel_id': 1434727438, 'max_id': 244558, 'read_max_id': None}",2024-02-25T07:05:48+00:00,,,,[],604800.0
netnaija_hub,https://t.me/netnaija_hub,4737,2024-02-25 18:32:31,,False,False,False,False,True,False,False,True,False,False,1372066815,,,,,,,,,19592,0,"{'_': 'MessageReplies', 'replies': 0, 'replies_pts': 420554, 'comments': True, 'recent_repliers': [], 'channel_id': 1434727438, 'max_id': None, 'read_max_id': None}",2024-02-25T18:34:38+00:00,,,"{'_': 'MessageReactions', 'results': [{'_': 'ReactionCount', 'reaction': {'_': 'ReactionEmoji', 'emoticon': '❤'}, 'count': 5, 'chosen_order': None}], 'min': False, 'can_see_list': False, 'reactions_as_tags': False, 'recent_reactions': []}",[],604800.0
netnaija_hub,https://t.me/netnaija_hub,4738,2024-02-26 04:02:57,Filming on ‘VENOM 3’ is coming “close to an end.”,False,False,False,False,True,False,False,True,False,False,1372066815,,,,,,,5.971798979232514e+18,,19070,11,"{'_': 'MessageReplies', 'replies': 1, 'replies_pts': 420554, 'comments': True, 'recent_repliers': [{'_': 'PeerUser', 'user_id': 6480791213}], 'channel_id': 1434727438, 'max_id': 245440, 'read_max_id': None}",2024-02-26T04:15:24+00:00,,,"{'_': 'MessageReactions', 'results': [{'_': 'ReactionCount', 'reaction': {'_': 'ReactionEmoji', 'emoticon': '👍'}, 'count': 91, 'chosen_order': None}, {'_': 'ReactionCount', 'reaction': {'_': 'ReactionEmoji', 'emoticon': '❤'}, 'count': 53, 'chosen_order': None}, {'_': 'ReactionCount', 'reaction': {'_': 'ReactionEmoji', 'emoticon': '❤\u200d🔥'}, 'count': 15, 'chosen_order': None}, {'_': 'ReactionCount', 'reaction': {'_': 'ReactionEmoji', 'emoticon': '😎'}, 'count': 12, 'chosen_order': None}], 'min': False, 'can_see_list': False, 'reactions_as_tags': False, 'recent_reactions': []}",[],604800.0
netnaija_hub,https://t.me/netnaija_hub,4739,2024-02-26 19:30:40,"Movie: Sense And Sensibility (<DATE_TIME>)

A period adaptation of <PERSON> Sense and Sensibility. After a change in circumstances, <PERSON> is torn between two men, while <PERSON> longs for a man beyond reach.

Sense And Sensibility (<DATE_TIME>)

Genre: Drama, Comedy

Release Date: <DATE_TIME> (United States)

Stars: <PERSON>, Bethany Antonia, <PERSON>, <PERSON>, <PERSON>

Source: Sense.and.Sensibility.2024.1080p.WEB.h264-EDITH

Language: English 

Subtitle Language: <NRP>

DOWNLOAD & SHARE HERE<DATE_TIME>
https://t.me/NetNaija_movie_files",False,False,False,False,True,False,False,True,False,False,1372066815,,,,,,,5.969831330160164e+18,"{'_': 'ReplyInlineMarkup', 'rows': [{'_': 'KeyboardButtonRow', 'buttons': [{'_': 'KeyboardButtonUrl', 'text': '🎬 Watch Trailer', 'url': 'https://t.me/netnaija_movie_files'}, {'_': 'KeyboardButtonUrl', 'text': '🎙Subtitle 🎙', 'url': 'https://t.me/netnaija_movie_files'}]}, {'_': 'KeyboardButtonRow', 'buttons': [{'_': 'KeyboardButtonUrl', 'text': '🎬DOWNLOAD MOVIE🎬', 'url': 'https://t.me/netnaija_movie_files'}]}, {'_': 'KeyboardButtonRow', 'buttons': [{'_': 'KeyboardButtonUrl', 'text': '📩HELP AND ENQUIRIES📩', 'url': 'http://t.me/deepromoter'}]}, {'_': 'KeyboardButtonRow', 'buttons': [{'_': 'KeyboardButtonUrl', 'text': '⚙️MOVIE REQUEST⚙️', 'url': 'https://t.me/+f2jIu5g9bTY1NzM0'}]}, {'_': 'KeyboardButtonRow', 'buttons': [{'_': 'KeyboardButtonUrl', 'text': '🍿SERIES CHANNEL🍿', 'url': 'http://t.me/home_of_netflix_series'}]}, {'_': 'KeyboardButtonRow', 'buttons': [{'_': 'KeyboardButtonUrl', 'text': '🔞18 RATED CHANNEL🔞', 'url': 'https://t.me/sex_education_adults'}]}, {'_': 'KeyboardButtonRow', 'buttons': [{'_': 'KeyboardButtonUrl', 'text': '📮CARTOON CHANNEL📮', 'url': 'https://t.me/netnaija_wallpapers'}]}]}",18985,13,,2024-02-26T19:48:09+00:00,,,"{'_': 'MessageReactions', 'results': [{'_': 'ReactionCount', 'reaction': {'_': 'ReactionEmoji', 'emoticon': '👍'}, 'count': 18, 'chosen_order': None}, {'_': 'ReactionCount', 'reaction': {'_': 'ReactionEmoji', 'emoticon': '❤'}, 'count': 7, 'chosen_order': None}, {'_': 'ReactionCount', 'reaction': {'_': 'ReactionEmoji', 'emoticon': '🔥'}, 'count': 3, 'chosen_order': None}, {'_': 'ReactionCount', 'reaction': {'_': 'ReactionEmoji', 'emoticon': '😍'}, 'count': 2, 'chosen_order': None}], 'min': False, 'can_see_list': False, 'reactions_as_tags': False, 'recent_reactions': []}",[],604800.0
netnaija_hub,https://t.me/netnaija_hub,4740,2024-02-26 19:30:45,,False,False,False,False,True,False,False,True,False,False,1372066815,,,,,,,,,18230,1,"{'_': 'MessageReplies', 'replies': 0, 'replies_pts': 420554, 'comments': True, 'recent_repliers': [], 'channel_id': 1434727438, 'max_id': None, 'read_max_id': None}",2024-02-27T09:56:10+00:00,,,"{'_': 'MessageReactions', 'results': [{'_': 'ReactionCount', 'reaction': {'_': 'ReactionEmoji', 'emoticon': '👍'}, 'count': 2, 'chosen_order': None}], 'min': False, 'can_see_list': False, 'reactions_as_tags': False, 'recent_reactions': []}",[],604800.0
netnaija_hub,https://t.me/netnaija_hub,4741,2024-02-27 02:00:30,"‘OPPENHEIMER’ has won the PGA, DGA, and the SAG Ensemble awards.

Only award left is the <PERSON>.",False,False,False,False,True,False,False,True,False,False,1372066815,,,,,,,5.974033277054469e+18,,17602,9,"{'_': 'MessageReplies', 'replies': 0, 'replies_pts': 420554, 'comments': True, 'recent_repliers': [], 'channel_id': 1434727438, 'max_id': None, 'read_max_id': None}",2024-02-27T02:23:56+00:00,,1.3671993841097004e+16,"{'_': 'MessageReactions', 'results': [{'_': 'ReactionCount', 'reaction': {'_': 'ReactionEmoji', 'emoticon': '👍'}, 'count': 53, 'chosen_order': None}, {'_': 'ReactionCount', 'reaction': {'_': 'ReactionEmoji', 'emoticon': '❤'}, 'count': 15, 'chosen_order': None}, {'_': 'ReactionCount', 'reaction': {'_': 'ReactionEmoji', 'emoticon': '👏'}, 'count': 5, 'chosen_order': None}, {'_': 'ReactionCount', 'reaction': {'_': 'ReactionEmoji', 'emoticon': '🌚'}, 'count': 2, 'chosen_order': None}, {'_': 'ReactionCount', 'reaction': {'_': 'ReactionEmoji', 'emoticon': '🤩'}, 'count': 1, 'chosen_order': None}, {'_': 'ReactionCount', 'reaction': {'_': 'ReactionEmoji', 'emoticon': '💋'}, 'count': 1, 'chosen_order': None}], 'min': False, 'can_see_list': False, 'reactions_as_tags': False, 'recent_reactions': []}",[],604800.0
netnaija_hub,https://t.me/netnaija_hub,4742,2024-02-27 02:00:30,,False,False,False,False,True,False,False,True,False,False,1372066815,,,,,,,5.974033277054469e+18,,18423,9,,2024-02-27T02:00:33+00:00,,1.3671993841097004e+16,,[],604800.0
netnaija_hub,https://t.me/netnaija_hub,4743,2024-02-27 02:00:30,,False,False,False,False,True,False,False,True,False,False,1372066815,,,,,,,5.974033277054469e+18,,19134,9,,2024-02-27T02:00:33+00:00,,1.3671993841097004e+16,,[],604800.0
netnaija_hub,https://t.me/netnaija_hub,4744,2024-02-27 02:00:30,,False,False,False,False,True,False,False,True,False,False,1372066815,,,,,,,5.974033277054469e+18,,18754,9,,2024-02-27T02:00:33+00:00,,1.3671993841097004e+16,,[],604800.0
netnaija_hub,https://t.me/netnaija_hub,4745,2024-02-27 08:44:52,,False,False,False,False,True,False,False,True,False,False,1372066815,,,,,,,,,17133,1,"{'_': 'MessageReplies', 'replies': 0, 'replies_pts': 420554, 'comments': True, 'recent_repliers': [], 'channel_id': 1434727438, 'max_id': None, 'read_max_id': None}",2024-02-27T23:52:43+00:00,,,"{'_': 'MessageReactions', 'results': [{'_': 'ReactionCount', 'reaction': {'_': 'ReactionEmoji', 'emoticon': '👍'}, 'count': 2, 'chosen_order': None}], 'min': False, 'can_see_list': False, 'reactions_as_tags': False, 'recent_reactions': []}",[],604800.0
netnaija_hub,https://t.me/netnaija_hub,4748,2024-02-27 19:25:17,"New Series : Shogun 2024

An epic saga of war, passion, and power set in Feudal Japan

In Japan in <DATE_TIME>, at <DATE_TIME> of a century-defining civil war, Lord <PERSON> is fighting for his life as his enemies on the Council of Regents unite against him, when a mysterious <NRP> ship is found marooned in a nearby fishing village.

Premiere Date: <DATE_TIME>

Country: United States of America

Language: English, <NRP>

Genre: Drama, Action. Adventure, History

DOWNLOAD & SHARE HERE<DATE_TIME>
https://t.me/NetNaija_movie_files",False,False,False,False,True,False,False,True,False,False,1372066815,,,,,,,5.976502191759933e+18,"{'_': 'ReplyInlineMarkup', 'rows': [{'_': 'KeyboardButtonRow', 'buttons': [{'_': 'KeyboardButtonUrl', 'text': '🎬 Watch Trailer', 'url': 'https://t.me/netnaija_movie_files'}, {'_': 'KeyboardButtonUrl', 'text': '🎙Subtitle 🎙', 'url': 'https://t.me/netnaija_movie_files'}]}, {'_': 'KeyboardButtonRow', 'buttons': [{'_': 'KeyboardButtonUrl', 'text': '🎬DOWNLOAD MOVIE🎬', 'url': 'https://t.me/netnaija_movie_files'}]}, {'_': 'KeyboardButtonRow', 'buttons': [{'_': 'KeyboardButtonUrl', 'text': '📩HELP AND ENQUIRIES📩', 'url': 'http://t.me/deepromoter'}]}, {'_': 'KeyboardButtonRow', 'buttons': [{'_': 'KeyboardButtonUrl', 'text': '⚙️MOVIE REQUEST⚙️', 'url': 'https://t.me/+f2jIu5g9bTY1NzM0'}]}, {'_': 'KeyboardButtonRow', 'buttons': [{'_': 'KeyboardButtonUrl', 'text': '🍿SERIES CHANNEL🍿', 'url': 'http://t.me/home_of_netflix_series'}]}, {'_': 'KeyboardButtonRow', 'buttons': [{'_': 'KeyboardButtonUrl', 'text': '🔞18 RATED CHANNEL🔞', 'url': 'https://t.me/sex_education_adults'}]}, {'_': 'KeyboardButtonRow', 'buttons': [{'_': 'KeyboardButtonUrl', 'text': '📮CARTOON CHANNEL📮', 'url': 'https://t.me/netnaija_wallpapers'}]}]}",15955,9,,2024-02-27T19:26:05+00:00,,,"{'_': 'MessageReactions', 'results': [{'_': 'ReactionCount', 'reaction': {'_': 'ReactionEmoji', 'emoticon': '👍'}, 'count': 22, 'chosen_order': None}, {'_': 'ReactionCount', 'reaction': {'_': 'ReactionEmoji', 'emoticon': '❤'}, 'count': 11, 'chosen_order': None}, {'_': 'ReactionCount', 'reaction': {'_': 'ReactionEmoji', 'emoticon': '❤\u200d🔥'}, 'count': 2, 'chosen_order': None}, {'_': 'ReactionCount', 'reaction': {'_': 'ReactionEmoji', 'emoticon': '🥴'}, 'count': 2, 'chosen_order': None}, {'_': 'ReactionCount', 'reaction': {'_': 'ReactionEmoji', 'emoticon': '😁'}, 'count': 1, 'chosen_order': None}, {'_': 'ReactionCount', 'reaction': {'_': 'ReactionEmoji', 'emoticon': '🕊'}, 'count': 1, 'chosen_order': None}], 'min': False, 'can_see_list': False, 'reactions_as_tags': False, 'recent_reactions': []}",[],604800.0
netnaija_hub,https://t.me/netnaija_hub,4749,2024-02-27 19:25:47,,False,False,False,False,True,False,False,True,False,False,1372066815,,,,,,,,,15305,0,"{'_': 'MessageReplies', 'replies': 0, 'replies_pts': 420554, 'comments': True, 'recent_repliers': [], 'channel_id': 1434727438, 'max_id': None, 'read_max_id': None}",2024-02-28T01:32:41+00:00,,,"{'_': 'MessageReactions', 'results': [{'_': 'ReactionCount', 'reaction': {'_': 'ReactionEmoji', 'emoticon': '👍'}, 'count': 3, 'chosen_order': None}, {'_': 'ReactionCount', 'reaction': {'_': 'ReactionEmoji', 'emoticon': '❤'}, 'count': 1, 'chosen_order': None}], 'min': False, 'can_see_list': False, 'reactions_as_tags': False, 'recent_reactions': []}",[],604800.0
netnaija_hub,https://t.me/netnaija_hub,4751,2024-02-28 02:01:09,"‘BAD BOYS 4’ has been moved up by <DATE_TIME>.

Will screen in IMAX theaters.",False,False,False,False,True,False,False,True,False,False,1372066815,,,,,,,5.978916637690151e+18,,14888,7,"{'_': 'MessageReplies', 'replies': 0, 'replies_pts': 420554, 'comments': True, 'recent_repliers': [], 'channel_id': 1434727438, 'max_id': None, 'read_max_id': None}",2024-02-28T02:04:01+00:00,,,"{'_': 'MessageReactions', 'results': [{'_': 'ReactionCount', 'reaction': {'_': 'ReactionEmoji', 'emoticon': '❤'}, 'count': 54, 'chosen_order': None}, {'_': 'ReactionCount', 'reaction': {'_': 'ReactionEmoji', 'emoticon': '👍'}, 'count': 26, 'chosen_order': None}, {'_': 'ReactionCount', 'reaction': {'_': 'ReactionEmoji', 'emoticon': '🕊'}, 'count': 6, 'chosen_order': None}, {'_': 'ReactionCount', 'reaction': {'_': 'ReactionEmoji', 'emoticon': '😎'}, 'count': 4, 'chosen_order': None}, {'_': 'ReactionCount', 'reaction': {'_': 'ReactionEmoji', 'emoticon': '😱'}, 'count': 2, 'chosen_order': None}, {'_': 'ReactionCount', 'reaction': {'_': 'ReactionEmoji', 'emoticon': '👏'}, 'count': 1, 'chosen_order': None}], 'min': False, 'can_see_list': False, 'reactions_as_tags': False, 'recent_reactions': []}",[],604800.0
netnaija_hub,https://t.me/netnaija_hub,4752,2024-02-28 07:11:35,,False,False,False,False,True,False,False,True,False,False,1372066815,,,,,,,,,13780,0,"{'_': 'MessageReplies', 'replies': 0, 'replies_pts': 420554, 'comments': True, 'recent_repliers': [], 'channel_id': 1434727438, 'max_id': None, 'read_max_id': None}",2024-02-28T07:15:17+00:00,,,"{'_': 'MessageReactions', 'results': [{'_': 'ReactionCount', 'reaction': {'_': 'ReactionEmoji', 'emoticon': '🕊'}, 'count': 7, 'chosen_order': None}, {'_': 'ReactionCount', 'reaction': {'_': 'ReactionEmoji', 'emoticon': '👍'}, 'count': 2, 'chosen_order': None}], 'min': False, 'can_see_list': False, 'reactions_as_tags': False, 'recent_reactions': []}",[],604800.0
netnaija_hub,https://t.me/netnaija_hub,4756,2024-02-28 18:00:05,"Movie: Code 8 Part 2 (<DATE_TIME>)

Power corrupts.

In a world where superpowered people are heavily policed by robots, an ex-con teams up with a drug lord he despises to protect a teen from a corrupt cop.

Code 8 Part 2 (<DATE_TIME>)

Genre: Action, Crime, Sci-Fi

Release Date: <DATE_TIME> (United States, Canada)

Stars: <PERSON>, <PERSON>, <PERSON>, <PERSON>, <PERSON>, <PERSON>, <PERSON>, <PERSON>, <PERSON>, <PERSON>, <PERSON>, <PERSON> as Marcus

Source: Code.8.Part.II.2024.1080p.WEB.H264-BerserkSuccinctDalmatianOfSupport

Language: English 

Subtitle Language: <NRP>

DOWNLOAD & SHARE HERE<DATE_TIME>
https://t.me/NetNaija_movie_files",False,False,False,False,True,False,False,True,False,False,1372066815,,,,,,,5.979004319447499e+18,"{'_': 'ReplyInlineMarkup', 'rows': [{'_': 'KeyboardButtonRow', 'buttons': [{'_': 'KeyboardButtonUrl', 'text': '🎬 Watch Trailer', 'url': 'https://t.me/netnaija_movie_files'}, {'_': 'KeyboardButtonUrl', 'text': '🎙Subtitle 🎙', 'url': 'https://t.me/netnaija_movie_files'}]}, {'_': 'KeyboardButtonRow', 'buttons': [{'_': 'KeyboardButtonUrl', 'text': '🎬DOWNLOAD MOVIE🎬', 'url': 'https://t.me/netnaija_movie_files'}]}, {'_': 'KeyboardButtonRow', 'buttons': [{'_': 'KeyboardButtonUrl', 'text': '📩HELP AND ENQUIRIES📩', 'url': 'http://t.me/deepromoter'}]}, {'_': 'KeyboardButtonRow', 'buttons': [{'_': 'KeyboardButtonUrl', 'text': '⚙️MOVIE REQUEST⚙️', 'url': 'https://t.me/+f2jIu5g9bTY1NzM0'}]}, {'_': 'KeyboardButtonRow', 'buttons': [{'_': 'KeyboardButtonUrl', 'text': '🍿SERIES CHANNEL🍿', 'url': 'http://t.me/home_of_netflix_series'}]}, {'_': 'KeyboardButtonRow', 'buttons': [{'_': 'KeyboardButtonUrl', 'text': '🔞18 RATED CHANNEL🔞', 'url': 'https://t.me/sex_education_adults'}]}, {'_': 'KeyboardButtonRow', 'buttons': [{'_': 'KeyboardButtonUrl', 'text': '📮CARTOON CHANNEL📮', 'url': 'https://t.me/netnaija_wallpapers'}]}]}",12970,9,,2024-02-28T18:00:53+00:00,,,"{'_': 'MessageReactions', 'results': [{'_': 'ReactionCount', 'reaction': {'_': 'ReactionEmoji', 'emoticon': '❤'}, 'count': 16, 'chosen_order': None}, {'_': 'ReactionCount', 'reaction': {'_': 'ReactionEmoji', 'emoticon': '👍'}, 'count': 11, 'chosen_order': None}, {'_': 'ReactionCount', 'reaction': {'_': 'ReactionEmoji', 'emoticon': '🤩'}, 'count': 2, 'chosen_order': None}, {'_': 'ReactionCount', 'reaction': {'_': 'ReactionEmoji', 'emoticon': '💘'}, 'count': 2, 'chosen_order': None}, {'_': 'ReactionCount', 'reaction': {'_': 'ReactionEmoji', 'emoticon': '😎'}, 'count': 1, 'chosen_order': None}], 'min': False, 'can_see_list': False, 'reactions_as_tags': False, 'recent_reactions': []}",[],604800.0
netnaija_hub,https://t.me/netnaija_hub,4757,2024-02-28 18:02:00,,False,False,False,False,True,False,False,True,False,False,1372066815,,,,,,,,,12901,0,"{'_': 'MessageReplies', 'replies': 0, 'replies_pts': 420554, 'comments': True, 'recent_repliers': [], 'channel_id': 1434727438, 'max_id': None, 'read_max_id': None}",2024-02-28T18:02:04+00:00,,,,[],604800.0
netnaija_hub,https://t.me/netnaija_hub,4758,2024-02-29 02:00:47,"First poster for ‘PARASYTE: THE GREY’, a live-action adaption from ‘Train to Busan’ director <PERSON>.

Releases <DATE_TIME> on Netflix.",False,False,False,False,True,False,False,True,False,False,1372066815,,,,,,,5.978916637690151e+18,,12263,8,"{'_': 'MessageReplies', 'replies': 0, 'replies_pts': 420554, 'comments': True, 'recent_repliers': [], 'channel_id': 1434727438, 'max_id': None, 'read_max_id': None}",2024-02-29T02:07:55+00:00,,,"{'_': 'MessageReactions', 'results': [{'_': 'ReactionCount', 'reaction': {'_': 'ReactionEmoji', 'emoticon': '👍'}, 'count': 33, 'chosen_order': None}, {'_': 'ReactionCount', 'reaction': {'_': 'ReactionEmoji', 'emoticon': '❤'}, 'count': 19, 'chosen_order': None}, {'_': 'ReactionCount', 'reaction': {'_': 'ReactionEmoji', 'emoticon': '🔥'}, 'count': 5, 'chosen_order': None}, {'_': 'ReactionCount', 'reaction': {'_': 'ReactionEmoji', 'emoticon': '🤩'}, 'count': 3, 'chosen_order': None}, {'_': 'ReactionCount', 'reaction': {'_': 'ReactionEmoji', 'emoticon': '🤝'}, 'count': 1, 'chosen_order': None}], 'min': False, 'can_see_list': False, 'reactions_as_tags': False, 'recent_reactions': []}",[],604800.0
netnaija_hub,https://t.me/netnaija_hub,4759,2024-02-29 19:32:11,"Movie: PlanetQuake (<DATE_TIME>)

A tectonic shift deep below the Mariana Trench causes a series of ever escalating earthquakes. If a team of leading seismologists fails to stop the disaster, the events will break apart the Earth, resulting in billions of casualties.

Planetquake (<DATE_TIME>)

Genre: Drama | Sci-Fi | Thriller

Release Date: <DATE_TIME> (United States)

Stars: <PERSON>, <PERSON>, <PERSON>, <PERSON>, <PERSON>, <PERSON>, <PERSON>, <PERSON>, <PERSON>, <PERSON>, <PERSON>, <PERSON>

Source: Planetquake.2024.1080p.WEBRip.x264.AAC5.1-[YTSMX]

Language: English 

Subtitle Language: <NRP>

DOWNLOAD & SHARE HERE<DATE_TIME>
https://t.me/NetNaija_movie_files",False,False,False,False,True,False,False,True,False,False,1372066815,,,,,,,5.981071916703793e+18,"{'_': 'ReplyInlineMarkup', 'rows': [{'_': 'KeyboardButtonRow', 'buttons': [{'_': 'KeyboardButtonUrl', 'text': '🎬 Watch Trailer', 'url': 'https://t.me/netnaija_movie_files'}, {'_': 'KeyboardButtonUrl', 'text': '🎙Subtitle 🎙', 'url': 'https://t.me/netnaija_movie_files'}]}, {'_': 'KeyboardButtonRow', 'buttons': [{'_': 'KeyboardButtonUrl', 'text': '🎬DOWNLOAD MOVIE🎬', 'url': 'https://t.me/netnaija_movie_files'}]}, {'_': 'KeyboardButtonRow', 'buttons': [{'_': 'KeyboardButtonUrl', 'text': '📩HELP AND ENQUIRIES📩', 'url': 'http://t.me/deepromoter'}]}, {'_': 'KeyboardButtonRow', 'buttons': [{'_': 'KeyboardButtonUrl', 'text': '⚙️MOVIE REQUEST⚙️', 'url': 'https://t.me/+f2jIu5g9bTY1NzM0'}]}, {'_': 'KeyboardButtonRow', 'buttons': [{'_': 'KeyboardButtonUrl', 'text': '🍿SERIES CHANNEL🍿', 'url': 'http://t.me/home_of_netflix_series'}]}, {'_': 'KeyboardButtonRow', 'buttons': [{'_': 'KeyboardButtonUrl', 'text': '🔞18 RATED CHANNEL🔞', 'url': 'https://t.me/sex_education_adults'}]}, {'_': 'KeyboardButtonRow', 'buttons': [{'_': 'KeyboardButtonUrl', 'text': '📮CARTOON CHANNEL📮', 'url': 'https://t.me/netnaija_wallpapers'}]}]}",10172,7,,2024-02-29T19:45:58+00:00,,,"{'_': 'MessageReactions', 'results': [{'_': 'ReactionCount', 'reaction': {'_': 'ReactionEmoji', 'emoticon': '👍'}, 'count': 12, 'chosen_order': None}, {'_': 'ReactionCount', 'reaction': {'_': 'ReactionEmoji', 'emoticon': '❤'}, 'count': 4, 'chosen_order': None}, {'_': 'ReactionCount', 'reaction': {'_': 'ReactionEmoji', 'emoticon': '💘'}, 'count': 2, 'chosen_order': None}, {'_': 'ReactionCount', 'reaction': {'_': 'ReactionEmoji', 'emoticon': '🤩'}, 'count': 1, 'chosen_order': None}], 'min': False, 'can_see_list': False, 'reactions_as_tags': False, 'recent_reactions': []}",[],604800.0
netnaija_hub,https://t.me/netnaija_hub,4760,2024-02-29 19:32:17,,False,False,False,False,True,False,False,True,False,False,1372066815,,,,,,,,,10052,0,"{'_': 'MessageReplies', 'replies': 0, 'replies_pts': 420554, 'comments': True, 'recent_repliers': [], 'channel_id': 1434727438, 'max_id': None, 'read_max_id': None}",2024-02-29T19:32:21+00:00,,,,[],604800.0
netnaija_hub,https://t.me/netnaija_hub,4761,2024-03-01 01:56:27,First poster for ‘ONE PUNCH MAN<DATE_TIME>.,False,False,False,False,True,False,False,True,False,False,1372066815,,,,,,,5.983561769374826e+18,,8917,6,"{'_': 'MessageReplies', 'replies': 1, 'replies_pts': 420554, 'comments': True, 'recent_repliers': [{'_': 'PeerUser', 'user_id': 6472416516}], 'channel_id': 1434727438, 'max_id': 245467, 'read_max_id': None}",2024-03-01T02:03:00+00:00,,,"{'_': 'MessageReactions', 'results': [{'_': 'ReactionCount', 'reaction': {'_': 'ReactionEmoji', 'emoticon': '❤\u200d🔥'}, 'count': 24, 'chosen_order': None}, {'_': 'ReactionCount', 'reaction': {'_': 'ReactionEmoji', 'emoticon': '👍'}, 'count': 6, 'chosen_order': None}, {'_': 'ReactionCount', 'reaction': {'_': 'ReactionEmoji', 'emoticon': '❤'}, 'count': 5, 'chosen_order': None}, {'_': 'ReactionCount', 'reaction': {'_': 'ReactionEmoji', 'emoticon': '🔥'}, 'count': 5, 'chosen_order': None}], 'min': False, 'can_see_list': False, 'reactions_as_tags': False, 'recent_reactions': []}",[],604800.0
netnaija_hub,https://t.me/netnaija_hub,4763,2024-03-01 19:17:45,"Movie: Eagle (<DATE_TIME>) [<NRP>]

A journalist uncovers the story of a ruthless assassin when she investigates a government cover-up.

Eagle (<DATE_TIME>)

Genre: Action, Thriller

Release Date: <DATE_TIME> (India)

Stars: <PERSON>, <PERSON>, <PERSON>, Navdeep, <PERSON>, <PERSON>, <PERSON>

Source: Eagle.2024.1080p.AMZN.WEB-DL.AVC.DDP.5.1.E-Sub.AKG

Language: <NRP>

Subtitle Language: English",False,False,False,False,True,False,False,True,False,False,1372066815,,,,,,,5.983391598475594e+18,"{'_': 'ReplyInlineMarkup', 'rows': [{'_': 'KeyboardButtonRow', 'buttons': [{'_': 'KeyboardButtonUrl', 'text': '🎬 Watch Trailer', 'url': 'https://t.me/netnaija_movie_files'}, {'_': 'KeyboardButtonUrl', 'text': '🎙Subtitle 🎙', 'url': 'https://t.me/netnaija_movie_files'}]}, {'_': 'KeyboardButtonRow', 'buttons': [{'_': 'KeyboardButtonUrl', 'text': '🎬DOWNLOAD MOVIE🎬', 'url': 'https://t.me/netnaija_movie_files'}]}, {'_': 'KeyboardButtonRow', 'buttons': [{'_': 'KeyboardButtonUrl', 'text': '📩HELP AND ENQUIRIES📩', 'url': 'http://t.me/deepromoter'}]}, {'_': 'KeyboardButtonRow', 'buttons': [{'_': 'KeyboardButtonUrl', 'text': '⚙️MOVIE REQUEST⚙️', 'url': 'https://t.me/+f2jIu5g9bTY1NzM0'}]}, {'_': 'KeyboardButtonRow', 'buttons': [{'_': 'KeyboardButtonUrl', 'text': '🍿SERIES CHANNEL🍿', 'url': 'http://t.me/home_of_netflix_series'}]}, {'_': 'KeyboardButtonRow', 'buttons': [{'_': 'KeyboardButtonUrl', 'text': '🔞18 RATED CHANNEL🔞', 'url': 'https://t.me/sex_education_adults'}]}, {'_': 'KeyboardButtonRow', 'buttons': [{'_': 'KeyboardButtonUrl', 'text': '📮CARTOON CHANNEL📮', 'url': 'https://t.me/netnaija_wallpapers'}]}]}",4066,2,,2024-03-01T19:18:54+00:00,,,"{'_': 'MessageReactions', 'results': [{'_': 'ReactionCount', 'reaction': {'_': 'ReactionEmoji', 'emoticon': '👍'}, 'count': 6, 'chosen_order': None}, {'_': 'ReactionCount', 'reaction': {'_': 'ReactionEmoji', 'emoticon': '❤'}, 'count': 3, 'chosen_order': None}, {'_': 'ReactionCount', 'reaction': {'_': 'ReactionEmoji', 'emoticon': '🔥'}, 'count': 1, 'chosen_order': None}], 'min': False, 'can_see_list': False, 'reactions_as_tags': False, 'recent_reactions': []}",[],604800.0
netnaija_hub,https://t.me/netnaija_hub,4764,2024-03-01 19:17:48,,False,False,False,False,True,False,False,True,False,False,1372066815,,,,,,,,,4021,0,"{'_': 'MessageReplies', 'replies': 0, 'replies_pts': 420554, 'comments': True, 'recent_repliers': [], 'channel_id': 1434727438, 'max_id': None, 'read_max_id': None}",2024-03-01T20:39:56+00:00,,,"{'_': 'MessageReactions', 'results': [{'_': 'ReactionCount', 'reaction': {'_': 'ReactionEmoji', 'emoticon': '👍'}, 'count': 1, 'chosen_order': None}, {'_': 'ReactionCount', 'reaction': {'_': 'ReactionEmoji', 'emoticon': '❤'}, 'count': 1, 'chosen_order': None}], 'min': False, 'can_see_list': False, 'reactions_as_tags': False, 'recent_reactions': []}",[],604800.0
