Channel ID,URL,Post ID,date,message,out,mentioned,media_unread,silent,post,from_scheduled,legacy,edit_hide,pinned,noforwards,peer_channel,from_id_user,fwd_from,via_bot_id,reply_to_msg_id,reply_to_scheduled,forum_topic,media_photo_id,reply_markup,views,forwards,replies,edit_date,post_author,grouped_id,reactions,restriction_reason,ttl_period
one_piece_dub_andsub,https://t.me/one_piece_dub_andsub,3625,2024-01-07 02:29:22,ONE PIECE - Egghead Arc,False,False,False,False,True,False,False,False,False,False,1307427831,,,,,,,6.111809406934039e+18,"{'_': 'ReplyInlineMarkup', 'rows': [{'_': 'KeyboardButtonRow', 'buttons': [{'_': 'KeyboardButtonUrl', 'text': 'Preview', 'url': 'http://t.me/Onepiecefile_bot?start=single_-1001948416532_8013'}]}]}",639533,214,,,,,,[],
one_piece_dub_andsub,https://t.me/one_piece_dub_andsub,3630,2024-01-07 03:00:54,One Piece (Sub) Episode - 1089,False,False,False,False,True,False,False,False,False,False,1307427831,,,,,,,,"{'_': 'ReplyInlineMarkup', 'rows': [{'_': 'KeyboardButtonRow', 'buttons': [{'_': 'KeyboardButtonUrl', 'text': '360p', 'url': 'http://t.me/Onepiecefile_bot?start=single_-1001948416532_8019'}, {'_': 'KeyboardButtonUrl', 'text': '720p', 'url': 'http://t.me/Onepiecefile_bot?start=single_-1001948416532_8020'}, {'_': 'KeyboardButtonUrl', 'text': '1080p', 'url': 'http://t.me/Onepiecefile_bot?start=single_-1001948416532_8018'}, {'_': 'KeyboardButtonUrl', 'text': 'Hdrip', 'url': 'http://t.me/Onepiecefile_bot?start=single_-1001948416532_8022'}]}]}",643603,389,,2024-01-07T03:01:06+00:00,,,,[],
one_piece_dub_andsub,https://t.me/one_piece_dub_andsub,3633,2024-01-14 02:58:46,One Piece (Sub) Episode - 1090,False,False,False,False,True,False,False,False,False,False,1307427831,,,,,,,,"{'_': 'ReplyInlineMarkup', 'rows': [{'_': 'KeyboardButtonRow', 'buttons': [{'_': 'KeyboardButtonUrl', 'text': '360p', 'url': 'http://t.me/Onepiecefile_bot?start=single_-1001948416532_8135'}, {'_': 'KeyboardButtonUrl', 'text': '720p', 'url': 'http://t.me/Onepiecefile_bot?start=single_-1001948416532_8136'}, {'_': 'KeyboardButtonUrl', 'text': '1080p', 'url': 'http://t.me/Onepiecefile_bot?start=single_-1001948416532_8137'}, {'_': 'KeyboardButtonUrl', 'text': 'Hdrip', 'url': 'http://t.me/Onepiecefile_bot?start=single_-1001948416532_8138'}]}]}",524793,395,,2024-01-14T05:54:33+00:00,,,,[],
one_piece_dub_andsub,https://t.me/one_piece_dub_andsub,3640,2024-01-21 02:21:28,One Piece (Sub) Episode - 1091,False,False,False,False,True,False,False,False,False,False,1307427831,,,,,,,,"{'_': 'ReplyInlineMarkup', 'rows': [{'_': 'KeyboardButtonRow', 'buttons': [{'_': 'KeyboardButtonUrl', 'text': '360p', 'url': 'http://t.me/Onepiecefile_bot?start=single_-1001948416532_8139'}, {'_': 'KeyboardButtonUrl', 'text': '720p', 'url': 'http://t.me/Onepiecefile_bot?start=single_-1001948416532_8140'}, {'_': 'KeyboardButtonUrl', 'text': '1080p', 'url': 'http://t.me/Onepiecefile_bot?start=single_-1001948416532_8141'}, {'_': 'KeyboardButtonUrl', 'text': 'Hdrip', 'url': 'http://t.me/Onepiecefile_bot?start=single_-1001948416532_8142'}]}]}",434785,320,,2024-01-21T02:21:49+00:00,,,,[],
one_piece_dub_andsub,https://t.me/one_piece_dub_andsub,3644,2024-01-21 18:33:27,"MONSTERS: 103 Mercies Dragon Damnation

MONSTERS: 103 Mercies Dragon Damnation by <PERSON> tells the tale of Ryuuma, the legendary swordsman that hails from the Land of Wano in One Piece.",False,False,False,False,True,False,False,False,False,False,1307427831,,,,,,,6.154691584482982e+18,"{'_': 'ReplyInlineMarkup', 'rows': [{'_': 'KeyboardButtonRow', 'buttons': [{'_': 'KeyboardButtonUrl', 'text': 'Watch Here', 'url': 'https://t.me/+J5_n38ybeD0xY2Q1'}]}]}",498485,283,,2024-01-21T18:33:43+00:00,,,,[],
one_piece_dub_andsub,https://t.me/one_piece_dub_andsub,3647,2024-01-28 03:30:02,One Piece (Sub) Episode - 1092,False,False,False,False,True,False,False,False,False,False,1307427831,,,,,,,,"{'_': 'ReplyInlineMarkup', 'rows': [{'_': 'KeyboardButtonRow', 'buttons': [{'_': 'KeyboardButtonUrl', 'text': '360p', 'url': 'http://t.me/Onepiecefile_bot?start=single_-1001948416532_8147'}, {'_': 'KeyboardButtonUrl', 'text': '720p', 'url': 'http://t.me/Onepiecefile_bot?start=single_-1001948416532_8148'}, {'_': 'KeyboardButtonUrl', 'text': '1080p', 'url': 'http://t.me/Onepiecefile_bot?start=single_-1001948416532_8149'}, {'_': 'KeyboardButtonUrl', 'text': 'Hdrip', 'url': 'http://t.me/Onepiecefile_bot?start=single_-1001948416532_8150'}]}]}",430285,346,,2024-01-28T03:30:16+00:00,,,,[],
one_piece_dub_andsub,https://t.me/one_piece_dub_andsub,3655,2024-02-11 03:08:31,One Piece (Sub) Episode - 1093,False,False,False,False,True,False,False,False,False,False,1307427831,,,,,,,,"{'_': 'ReplyInlineMarkup', 'rows': [{'_': 'KeyboardButtonRow', 'buttons': [{'_': 'KeyboardButtonUrl', 'text': '360p', 'url': 'http://t.me/Onepiecefile_bot?start=single_-1001948416532_8151'}, {'_': 'KeyboardButtonUrl', 'text': '720p', 'url': 'http://t.me/Onepiecefile_bot?start=single_-1001948416532_8152'}, {'_': 'KeyboardButtonUrl', 'text': '1080p', 'url': 'http://t.me/Onepiecefile_bot?start=single_-1001948416532_8153'}, {'_': 'KeyboardButtonUrl', 'text': 'Hdrip', 'url': 'http://t.me/Onepiecefile_bot?start=single_-1001948416532_8154'}]}]}",220495,276,,2024-02-11T03:08:53+00:00,,,,[],
one_piece_dub_andsub,https://t.me/one_piece_dub_andsub,3661,2024-02-18 02:27:35,One Piece (Sub) Episode - 1094,False,False,False,False,True,False,False,False,False,False,1307427831,,,,,,,,"{'_': 'ReplyInlineMarkup', 'rows': [{'_': 'KeyboardButtonRow', 'buttons': [{'_': 'KeyboardButtonUrl', 'text': '360p', 'url': 'http://t.me/Onepiecefile_bot?start=single_-1001948416532_8266'}, {'_': 'KeyboardButtonUrl', 'text': '720p', 'url': 'http://t.me/Onepiecefile_bot?start=single_-1001948416532_8267'}, {'_': 'KeyboardButtonUrl', 'text': '1080p', 'url': 'http://t.me/Onepiecefile_bot?start=single_-1001948416532_8268'}, {'_': 'KeyboardButtonUrl', 'text': 'Hdrip', 'url': 'http://t.me/Onepiecefile_bot?start=single_-1001948416532_8269'}]}]}",111528,233,,2024-02-18T02:27:43+00:00,,,,[],
one_piece_dub_andsub,https://t.me/one_piece_dub_andsub,3662,2024-02-18 02:27:49,"One Piece -- [Dub] -- [Movies]

Main Channel - (Click Here)
Ongoing Anime - (Click Here)

Discussion group - (Click Here)",False,False,False,False,True,False,False,False,False,False,1307427831,,,,,,,,,116087,52,,,,,,[],
one_piece_dub_andsub,https://t.me/one_piece_dub_andsub,3664,2024-02-25 03:49:07,One Piece (Sub) Episode - 1095,False,False,False,False,True,False,False,False,False,False,1307427831,,,,,,,,"{'_': 'ReplyInlineMarkup', 'rows': [{'_': 'KeyboardButtonRow', 'buttons': [{'_': 'KeyboardButtonUrl', 'text': '360p', 'url': 'http://t.me/Onepiecefile_bot?start=single_-1001948416532_8273'}, {'_': 'KeyboardButtonUrl', 'text': '720p', 'url': 'http://t.me/Onepiecefile_bot?start=single_-1001948416532_8274'}, {'_': 'KeyboardButtonUrl', 'text': '1080p', 'url': 'http://t.me/Onepiecefile_bot?start=single_-1001948416532_8275'}, {'_': 'KeyboardButtonUrl', 'text': 'Hdrip', 'url': 'http://t.me/Onepiecefile_bot?start=single_-1001948416532_8276'}]}]}",27295,68,,2024-02-25T03:49:18+00:00,,,,[],
one_piece_dub_andsub,https://t.me/one_piece_dub_andsub,3665,2024-02-25 03:49:26,"One Piece -- [Dub] -- [Movies]

Main Channel - (Click Here)
Ongoing Anime - (Click Here)

Discussion group - (Click Here)",False,False,False,False,True,False,False,False,False,False,1307427831,,,,,,,,,27161,0,,,,,,[],
