Channel ID,URL,Post ID,date,message,out,mentioned,media_unread,silent,post,from_scheduled,legacy,edit_hide,pinned,noforwards,peer_channel,from_id_user,fwd_from,via_bot_id,reply_to_msg_id,reply_to_scheduled,forum_topic,media_photo_id,reply_markup,views,forwards,replies,edit_date,post_author,grouped_id,reactions,restriction_reason,ttl_period
anonknowledge,https://t.me/anonknowledge,649,2024-01-02 07:48:51,"search from breached Data

https://breachdirectory.org/

Step 1 - email/username/number dalo 
Step 2 - password mil <PERSON> baad hash <PERSON> decrypt <PERSON>

If hash say pay then use this for decrypt - https://hashes.com/en/decrypt/hash

<PERSON>
Sʜᴀʀᴇ ᴀɴᴅ sᴜᴘᴘᴏʀᴛ ᴜs👇
🆔 @BinsZone",False,False,False,False,True,False,False,False,False,False,1383738670,,,,,,,6.098349262896217e+18,,2012,12,,2024-01-02T07:48:51+00:00,,,,[],
anonknowledge,https://t.me/anonknowledge,651,2024-01-10 17:29:53,"🔰 Biggest Hack Pack 🔰

◾️ Free <DATE_TIME> N£tfl!x Trick [You Can Create Unlimited Account]
◾️ Free N£tfl!x using PayPal [Video]
◾️Free Am#z0n Prime Trick [Video]
◾️ H0tst#r Cracking Trick [Video]
◾️ How To Bypass Link Shorter
◾️ Instagram Liker
◾️ Snow's YouTube Bot
◾️ YouTube View Booster Bot
◾️ YouTube Blazer
◾️ 50 Android Hacks
◾️ Amazon Gift Cards
◾️ Paypal Method
◾️ Ebay Method
◾️ Free Amazon Gift Cārd Method
◾️ Free Pizza Method
◾️ Flipkart <PERSON>
◾️ How To Get Fresh Valid Proxy List For Cracking
◾️ How To Get A Free Master Card
◾️ How To Get Referrals
◾️ Bypass Gmail Mobile Verification Trick
◾️ Bypass Android Pattern Lock Using ADB
◾️ Get Refund Of GiftCard
◾️ Facebook Hacking Ebook
◾️ Get Things From Ebay For Free
◾️ SEO Secrets
◾️ Guide To Make Money Online
◾️ Hack Hotmail
◾️ Hack Gmail
◾️ 4 Hacking Methods
◾️ CC Generator
◾️ CC Checker
◾️ Crack WEP in Linux
◾️ Get Massive YouTube Traffic
◾️ Get Passes To Pornsites
◾️ Hack WEP WiFi Password
◾️ Kick Someone Of A Wireless Network
◾️ Make $1000's A Week With Torrents
◾️ Make A <PERSON> For A Website [Facebook/Instragram/Etc]
◾️ Make Easy Money As An eBay Affiliate
◾️ Make Multiple Gmail Accounts With Only 1 Account
◾️ How To Make Mozilla 30 Times Faster
◾️ USA Whatsapp Number Trick
◾️ Collection Of Rare Hacking Ebooks
◾️ Starbucks Method
◾️ How To Call Someone From His Own Number [Caller Id Spoofing]
◾️ Transfer PP Balance Method
◾️ YouTube RED Trick
◾️ Gaana Mod App
◾️ Netflix Mod App
◾️ <PERSON>
◾️ Express VPN Mod App
◾️ 7 Reasons a Credit Cārd Is Blocked
◾️ Amazon Cārding Method [Video]
◾️ What is <PERSON>? [Video]
◾️ Basic Cārding Tutorial
◾️ Phishing Tutorial
◾️ Easy Cārdable Sites List
◾️ Find Local BIN's
◾️ Cārding For Noobs
◾️ Cārding Online Tools And Website
◾️ PayPal Cārding
◾️ Wallmart Cārding
◾️ Amazon Cārding [Video]
◾️ eBay Cārding [Video]
◾️ How To Find Credit Cārd For Cārding [Video]

#old Pack but may be informative 😏",False,False,False,False,True,False,False,False,False,False,1383738670,,,,,,,,,1831,41,,,,,,[],
anonknowledge,https://t.me/anonknowledge,652,2024-01-12 12:32:13,"Top 9 eBooks 📚

#Books

Hacking Web Applications - Hacking Exposed 🕯
https://mega.nz/file/LCYWWRYI#QQ8O9k6lp7vmYWzrbxbs8ItSVbYpSluYfktCxWURZGs

Hacking for Dummies 🤑
https://mega.nz/file/iKQ2jZSQ#ur1W05ChW7_ipTYtEK6QKpIlyoqLyS82RGsEUEzFQDQ

Network Security Bible 💻
https://mega.nz/file/mLAUEbDQ#PXzqsNN2PPc-PUVyAwbfknTHEA-QBvjwvpjjQgZnYMo

Ethical Hacking and Countermeasures 🛡<NRP>
https://mega.nz/file/2fAyRb4C#tpFivx91Ips2rR3UnVdtlgvx1oOmi-qEtCu29DlO9uQ

The Little Black Book of Computer Viruses 🧙
https://mega.nz/file/SDICALSJ#3r2oy2AsGXR3P7f8K7xvL2kEVjR6ccze83cAmz9VIBc

XSS Attacks - Cross Site Scripting Exploits and Defense 💼
https://mega.nz/file/3XJCyD5C#qAda14pWUjd5u4wjOYmzCI52UMa1rUFulh7V0kBGZk8

The Shellcoder's Handbook 🏥
https://mega.nz/file/3OZgwT6Z#8yNyiuSHVQ3gOib4rKJYtwsCwSfqAfoFj2lQtwUyI8o

Wireshark for Security Professionals 💻
https://mega.nz/file/7TRUCZCZ#ZPFmeFnccvR4ltf_2lwTdi8PqHIArRx_bkqRP9wwq4k

BY <PERSON> 😂
Contact for posting these content in your channel

❤️Share with Your <PERSON>
Sʜᴀʀᴇ ᴀɴᴅ sᴜᴘᴘᴏʀᴛ ᴜs👇
🆔 @BinsZone",False,False,False,False,True,False,False,False,False,False,1383738670,,,,,,,,,1855,7,,2024-01-12T12:32:13+00:00,,,,[],
anonknowledge,https://t.me/anonknowledge,654,2024-01-17 10:35:50,"https://www.instagram.com/infinitecoder
Follow  Now For Tech and Coding Stuff

<PERSON>
Sʜᴀʀᴇ ᴀɴᴅ sᴜᴘᴘᴏʀᴛ ᴜs👇
🆔 @BinsZone",False,False,False,False,True,False,False,False,False,False,1383738670,,,,,,,,,1832,0,,2024-01-17T10:35:51+00:00,,,,[],
anonknowledge,https://t.me/anonknowledge,655,2024-01-18 14:05:28,"12 Businesses You Can Start With No Money

Video Editor
Marketing Agency
Web Design 
Copy Writing 
Content Creator
App Creator
Private Tuitions
Notary
Airbnb Mgt
Instagram Selling
Coding
House Sitter

BY <PERSON> 😂
Contact for posting these content in your channel

❤️Share with Your <PERSON>
Sʜᴀʀᴇ ᴀɴᴅ sᴜᴘᴘᴏʀᴛ ᴜs👇
🆔 @BinsZone",False,False,False,False,True,False,False,False,False,False,1383738670,,,,,,,,,1826,2,,2024-01-18T14:05:29+00:00,,,,[],
anonknowledge,https://t.me/anonknowledge,661,2024-02-05 07:27:24,"📚Practical Ethical Hacking From Beginner To Advance

📌A Complete FREE Course 

Download Link 👇

🔗LINK : https://drive.google.com/drive/mobile/folders/1if6MCeBCj8sxWwJIKhtgwU0GBuBW8uLx

BY <PERSON>
Contact for posting these content in your channel

❤️Share with Your <PERSON>
Sʜᴀʀᴇ ᴀɴᴅ sᴜᴘᴘᴏʀᴛ ᴜs👇
🆔 @BinsZone",False,False,False,False,True,False,False,False,False,False,1383738670,,,,,,,5.88855284506465e+18,,1260,20,,2024-02-05T15:07:30+00:00,,,,[],
anonknowledge,https://t.me/anonknowledge,662,2024-02-08 15:28:19,"How To Check If Your Phone Has Been Hacked Tutorial 2024 😎✅

About Info :- 
● Hacked Or Not?
● Latest Tutorial 2024



❤️Share with Your Mate
@BinsZone",False,False,False,False,True,False,False,False,False,False,1383738670,,,,,,,,,1083,8,,2024-02-09T01:43:02+00:00,,,,[],
anonknowledge,https://t.me/anonknowledge,664,2024-02-20 08:31:22,"✔️🏴‍☠️🦢𝙃𝙖𝙘𝙠𝙞𝙣𝙜 𝙈𝙮𝙩𝙝𝙨🦢🏴‍☠️✔️


Myth 1 Hackers are always working alone.

Truth:-Hackers may operate alone or as part of a group, such as a hacking collective or criminal organization.

Myth 2 Hackers only want to steal confidential information.

Truth:-Hackers might also want to mess with systems or do damage, like by launching a denial-of-service attack.

Myth 3 Every hacker is very skilled and knows a lot about how computers work.

Truth:-Hackers can have different levels of skill and knowledge, ranging from simple hobbyists to very skilled professionals.

Myth 4 Hackers always try to be quiet and stay out of sight.

Truth:-Some hackers may care more about causing damage or trouble than about staying hidden.

Myth 5  It is easy to tell if a system has been hacked.

Truth: It may not always be easy to detect that a system has been hacked, especially if the hacker has taken steps to cover their tracks.

Myth 6 Hacker activity cannot be tracked

Truth:-The truth is that it is possible to track a hacker's actions in many cases, however doing so may require advanced tools and methods.

Myth 7 All hackers are very unethical and do things that are wrong in a moral sense.

Truth:-Some hackers may do things that are unethical or illegal, but that doesn't mean that all hackers do those things. Some hackers might want to make systems more secure or show where they are weak.

Myth 8 Hackers always leave traces of what they've done.

Truth:-Hackers may use methods to hide their tracks and make it hard to find out what they are doing.

Myth 9 Once a system has been hacked, it can never be made safe again.

Truth:-: A system that has been hacked can often be brought back to its original state by removing the malicious code and fixing any vulnerabilities 

Myth 10 Hackers can access anything. 

Truth:-Hackers can only access systems or data if they have the skills, resources, and vulnerabilities.

Myth 11 Anti-virus software is sufficient to prevent hacking.

Truth:-While antivirus software is an important component of a security plan, it is not a comprehensive solution. Other security precautions, such as firewalls and secure passwords, should also be used.

Myth 12 Hackers only target large companies or governments.

Truth: Hackers may target any organization or individual with valuable information or resources example telegram bug pelar😁😂😅 regardless of size.

Myth 13 All hackers are young, male, and enamored with computers..

Truth :-Hackers come from all walks of life and can be any age, gender(tharki😂), or country

<PERSON>
Sʜᴀʀᴇ ᴀɴᴅ sᴜᴘᴘᴏʀᴛ ᴜs👇
🆔 @BinsZone",False,False,False,False,True,False,False,False,False,False,1383738670,,,,,,,,,368,0,,2024-02-20T08:31:22+00:00,,,,[],
anonknowledge,https://t.me/anonknowledge,666,2024-02-21 14:43:55,"SQLI Injection Full Tutorial 2024 💀⏯️
About Info :- 
● Advanced Tutorial 
● Latest Tutorial 2024

BY <PERSON> 😂
Contact for posting these content in your channel

❤️Share with Your <PERSON>
Sʜᴀʀᴇ ᴀɴᴅ sᴜᴘᴘᴏʀᴛ ᴜs👇
🆔 @BinsZone",False,False,False,False,True,False,False,False,False,False,1383738670,,,,,,,,,903,7,,2024-02-21T14:43:56+00:00,,,,[],
anonknowledge,https://t.me/anonknowledge,667,2024-02-22 14:00:07,"💻 370 Hacking Tools <PERSON>

For <PERSON> 💻
Tool-X

apt update

apt install git

git clone https://github.com/rajkumardusad/Tool-X.git

cd <PERSON> install

sh install if not work than use ./install
📏📏📏📏📏📏📏📏

For Termux 📱
Tool-X

apt update
pkg install git
git clone https://github.com/Rajkumrdusad/Tool-X.git
cd <PERSON> install.aex
sh install.aex if not work than type ./install.aex
📏📏📏📏📏📏📏📏

The use of the vehicle
(1) Show all tools - 370 Hack Tools
(2) Tools Category
(3)Update Tool-X
(4)About Us
(x) For Exit

1-Information Gathering
2-Vulnerability Scanner
3-Exploitation Tools
4-Wireless Testing
5-Forensics Tools
6-Web Hacking
7-Stress Testing
8-Sniffing & Spoofing
9-Password Attacks
10-Maintaining Access
11-IP-Tracking Tools
12-Programming Languages
13-DDOS Attacks
14-Web Servers

BY <PERSON> 😂
Contact for posting these content in your channel.

<PERSON> can Share it.

<PERSON>
Sʜᴀʀᴇ ᴀɴᴅ sᴜᴘᴘᴏʀᴛ ᴜs👇
🆔 @BinsZone",False,False,False,False,True,False,False,False,False,False,1383738670,,,,,,,6.248768354861044e+18,,1009,9,,2024-02-22T14:00:07+00:00,,,,[],
anonknowledge,https://t.me/anonknowledge,668,2024-02-26 06:29:59,"🏐 30,000+ SOCIAL MEDIA POSTS BUNDLE

🌐100+ Facebook Banners
⭐️ 250+ Bakery and cupcake Shop
⭐️300+ Fashion-post-banners
🌐500+ FB-Business Ad-100
🌟<DATE_TIME>+ News Feed Bundle_Final
🟥500+ Indian Festival Posters
🔹And Many More

⬇️Download Link:
https://mega.nz/folder/SYYHjDTR#kXVod-hljIa2dK1jmmI7bQ

BY <PERSON> 😂
Contact for posting these content in your channel.

<PERSON> with your <NRP>.

<PERSON>
Sʜᴀʀᴇ ᴀɴᴅ sᴜᴘᴘᴏʀᴛ ᴜs👇
🆔 @BinsZone",False,False,False,False,True,False,False,False,False,False,1383738670,,,,,,,6.260240328472772e+18,,889,5,,2024-02-26T06:29:59+00:00,,,,[],
anonknowledge,https://t.me/anonknowledge,669,2024-02-29 09:03:54,"📊 Get Any Book For Free | How To Download Scribd
Documents, ISSUU, SlideShare,
Academia & More🔍  

1. Go To http://docdownloader.com ➕

2. Insert URL🔗
3. Download and use📎
4. Enjoy!⌛️

BY <PERSON> 😂
Contact for posting these content in your channel.

<PERSON> with your <NRP>.

<PERSON>
Sʜᴀʀᴇ ᴀɴᴅ sᴜᴘᴘᴏʀᴛ ᴜs👇
🆔 @BinsZone",False,False,False,False,True,False,False,False,False,False,1383738670,,,,,,,6.269349065049357e+18,,727,6,,2024-02-29T09:03:54+00:00,,,,[],
anonknowledge,https://t.me/anonknowledge,670,2024-03-05 14:12:54,"🏃‍♂️ Tor Browser Tools

🔹<PERSON> - Script to redirect all traffic from the machine to the Tor network.
🔗https://github.com/GouveaHeitor/nipe

🔹OnionScan - Tool for investigating the Dark Web by finding operational security issues introduced by Tor hidden service operators.
🔗https://onionscan.org/

🔹Tails - Live operating system aiming to preserve your privacy and anonymity.
🔗https://tails.boum.org/

🔹Tor - Free software and onion routed overlay network that helps you defend against traffic analysis.
🔗https://www.torproject.org/

🔹dos-over-tor - Proof of concept denial of service over Tor stress test tool.
🔗https://github.com/skizap/dos-over-tor

🔹kalitorify - Transparent proxy through Tor for Kali Linux OS.
🔗https://github.com/brainfuckSec/kalitorify

BY <PERSON> 😂
Contact for posting these content in your channel.

<PERSON> with your <NRP>.

<PERSON>
Sʜᴀʀᴇ ᴀɴᴅ sᴜᴘᴘᴏʀᴛ ᴜs👇
🆔 @BinsZone",False,False,False,False,True,False,False,False,False,False,1383738670,,,,,,,6.248768354861044e+18,,471,1,,2024-03-05T14:12:54+00:00,,,,[],
anonknowledge,https://t.me/anonknowledge,671,2024-03-07 07:16:02,"5 Best Free Logo Making Website

www.logomaster.ai
www.logopony.com
www.myfreelogomaker.com
www.tailorbrands.com/logo-maker
www.adobe.com/express/create/logo

Credit <PERSON> 😂
Copy or Share With CREDIT 👍

<PERSON>
Sʜᴀʀᴇ ᴀɴᴅ sᴜᴘᴘᴏʀᴛ ᴜs👇
🆔 @BinsZone",False,False,False,False,True,False,False,False,False,False,1383738670,,,,,,,6.289799337080897e+18,,364,3,,2024-03-07T07:16:03+00:00,,,,[],
anonknowledge,https://t.me/anonknowledge,672,2024-03-08 07:28:16,"🔒 Password Attacks

Crack passwords and create wordlists.

<PERSON>
🧑🏻‍💻 C
🖥 Linux/Windows/macOS
☄️ <PERSON> is a fast password cracker.

hashcat
🧑🏻‍💻C
🖥Linux/Windows/macOS
☄️World's fastest and most advanced password recovery utility.

Hydra
🧑🏻‍💻C
🖥Linux/Windows/macOS
☄️Parallelized login cracker which supports numerous protocols to attack.

ophcrack
🖥C++
💻Linux/Windows/macOS
☄️Windows password cracker based on rainbow tables.

Ncrack
🧑🏻‍💻C
🖥Linux/Windows/macOS
☄️High-speed network authentication cracking tool.

WGen
🖥Python
🖥Linux/Windows/macOS
☄️Create awesome wordlists with Python.

SSH Auditor
🧑🏻‍💻Go
💻Linux/macOS
☄️The best way to scan for weak ssh passwords on your network.

BY <PERSON> 😂
Contact for posting these content in your channel.

<PERSON> with your <NRP>.

<PERSON>
Sʜᴀʀᴇ ᴀɴᴅ sᴜᴘᴘᴏʀᴛ ᴜs👇
🆔 @BinsZone",False,False,False,False,True,False,False,False,False,False,1383738670,,,,,,,,,315,6,,2024-03-08T07:28:16+00:00,,,,[],
anonknowledge,https://t.me/anonknowledge,674,2024-03-21 04:05:16,"🔰SocialBox-Termux

SocialBox is a Bruteforce Attack Framework [ Facebook , Gmail , Instagram ,Twitter ] , Coded By <PERSON> By samsesh

✔️Installation :

$ pkg install -y git

$ git clone https://github.com/Cesar-Hack-Gray/SocialSploit

$ cd SocialSploit

$ ls

$ bash install.sh

$ ./Sploit

⚠️ This information only education purpose. For more information and tool in termux
━━━━━━━━━━
BY <PERSON> 😂
Contact for posting these content in your channel.

<PERSON> with your <NRP>.

<PERSON>
Sʜᴀʀᴇ ᴀɴᴅ sᴜᴘᴘᴏʀᴛ ᴜs👇
🆔 @BinsZone",False,False,False,False,True,False,False,False,False,False,1383738670,,,,,,,6.325470797115801e+18,,767,5,,2024-03-21T04:05:17+00:00,,,,[],
anonknowledge,https://t.me/anonknowledge,675,2024-03-27 07:25:59,"How To Hack Any PC By IP Address Full Latest Tutorial 2024 😈✅

About Info :- 
● PC Hack Using IP
● Latest Tutorial 2024

BY <PERSON> 😂
Contact for posting these content in your channel.

<PERSON> with your <NRP>.

<PERSON>
Sʜᴀʀᴇ ᴀɴᴅ sᴜᴘᴘᴏʀᴛ ᴜs👇
🆔 @BinsZone",False,False,False,False,True,False,False,False,False,False,1383738670,,,,,,,,,394,4,,2024-03-27T07:25:59+00:00,,,,[],
