Channel ID,URL,Post ID,date,message,out,mentioned,media_unread,silent,post,from_scheduled,legacy,edit_hide,pinned,noforwards,peer_channel,from_id_user,fwd_from,via_bot_id,reply_to_msg_id,reply_to_scheduled,forum_topic,media_photo_id,reply_markup,views,forwards,replies,edit_date,post_author,grouped_id,reactions,restriction_reason,ttl_period
bulksmsbbs,https://t.me/bulksmsbbs,926,2024-01-03 16:44:28,"📢✏️✏️✏️✏️✏️✏️✏️✏️✏️✏️✏️✏️✏️✏️✏️✏️✏️✏️✏️📢

📌FEATURES :
+ Unlimited Sending Quota Daily
+ 24/7 Customer Service
+ Custom Sender ID (DEPENDS ON COUNTRIES)
+ Sending Links Allowed
+ Support Phishing / Marketing / Promoting 
+ Sending SMS to all countries 
🌍Universal compatibility
 😵‍💫Customizable parameters
🔩  Fast and Efficient
✔️  Ensure Data Accuracy

✅Order To Buy : @smsmultiple_solution",False,False,False,False,True,False,False,True,False,False,1657122333,,,,,,,5.814539911330645e+18,,1312,0,,2024-01-10T05:42:05+00:00,,,"{'_': 'MessageReactions', 'results': [{'_': 'ReactionCount', 'reaction': {'_': 'ReactionEmoji', 'emoticon': '👍'}, 'count': 116, 'chosen_order': None}, {'_': 'ReactionCount', 'reaction': {'_': 'ReactionEmoji', 'emoticon': '❤'}, 'count': 116, 'chosen_order': None}, {'_': 'ReactionCount', 'reaction': {'_': 'ReactionEmoji', 'emoticon': '👎'}, 'count': 2, 'chosen_order': None}], 'min': False, 'can_see_list': False, 'reactions_as_tags': False, 'recent_reactions': []}",[],
bulksmsbbs,https://t.me/bulksmsbbs,928,2024-01-07 00:32:37,"🔤🔤🔤 🔤🔤🔤🔤 0️⃣0️⃣0️⃣🔤 🔤🔤🔤🔤 ✅
DM @Smsmultiple_solution",False,False,False,False,True,False,False,True,False,False,1657122333,,,,,,,5.821408461685113e+18,,1407,0,,2024-01-10T05:42:02+00:00,,1.3636700460484508e+16,"{'_': 'MessageReactions', 'results': [{'_': 'ReactionCount', 'reaction': {'_': 'ReactionEmoji', 'emoticon': '❤'}, 'count': 118, 'chosen_order': None}, {'_': 'ReactionCount', 'reaction': {'_': 'ReactionEmoji', 'emoticon': '👍'}, 'count': 116, 'chosen_order': None}, {'_': 'ReactionCount', 'reaction': {'_': 'ReactionEmoji', 'emoticon': '🔥'}, 'count': 70, 'chosen_order': None}, {'_': 'ReactionCount', 'reaction': {'_': 'ReactionEmoji', 'emoticon': '👎'}, 'count': 2, 'chosen_order': None}, {'_': 'ReactionCount', 'reaction': {'_': 'ReactionEmoji', 'emoticon': '💩'}, 'count': 1, 'chosen_order': None}], 'min': False, 'can_see_list': False, 'reactions_as_tags': False, 'recent_reactions': []}",[],
bulksmsbbs,https://t.me/bulksmsbbs,929,2024-01-07 00:32:37,,False,False,False,False,True,False,False,False,False,False,1657122333,,,,,,,5.821408461685113e+18,,1266,0,,,,1.3636700460484508e+16,,[],
bulksmsbbs,https://t.me/bulksmsbbs,930,2024-01-13 09:37:05,"SMTP Available ✅
Daily limits
Cracked version 
Payment: BTC or USDT
Contact: @smsmultiple_solution",False,False,False,False,True,False,False,True,False,False,1657122333,,,,,,,5.843578610420663e+18,,494,0,,2024-01-13T09:40:21+00:00,,,"{'_': 'MessageReactions', 'results': [{'_': 'ReactionCount', 'reaction': {'_': 'ReactionEmoji', 'emoticon': '👍'}, 'count': 114, 'chosen_order': None}, {'_': 'ReactionCount', 'reaction': {'_': 'ReactionEmoji', 'emoticon': '💩'}, 'count': 2, 'chosen_order': None}], 'min': False, 'can_see_list': False, 'reactions_as_tags': False, 'recent_reactions': []}",[],
bulksmsbbs,https://t.me/bulksmsbbs,931,2024-01-13 15:51:59,"☺️😀☺️ ☺️🙄😗😏🙃🙄<PERSON><PERSON>😉🙄🤗😉😏
SENDER SMS FOR WORLDWIDE 🌍

- Customized  ID ( All Country Route) 📲

- Script Works with Python ‼️

- Send Unlimited Messages 📥

- Don't Need SMTP or anything  ♾

- Send with name ( Verify ) Not Number 🔕

- Send Messages Worldwide ✅

Video Inbox ✅

Contact  : @smsmultiple_solution",False,False,False,False,True,False,False,False,False,False,1657122333,,,,,,,5.843578610420663e+18,,520,0,,2024-01-15T09:03:15+00:00,,,"{'_': 'MessageReactions', 'results': [{'_': 'ReactionCount', 'reaction': {'_': 'ReactionEmoji', 'emoticon': '👍'}, 'count': 114, 'chosen_order': None}, {'_': 'ReactionCount', 'reaction': {'_': 'ReactionEmoji', 'emoticon': '💩'}, 'count': 3, 'chosen_order': None}], 'min': False, 'can_see_list': False, 'reactions_as_tags': False, 'recent_reactions': []}",[],
bulksmsbbs,https://t.me/bulksmsbbs,932,2024-01-17 17:08:39,"💬💬💬🔡🔡🔡 🔡🅱️🔡🔡<PERSON>🌐🌐🌐

🤫🔤🔤🔤🔤🔤🔤🔤🔤 🔤🔤🔤📨

+  United Kingdom 🇬🇧 🇬🇧
+ CUSTOMIZED SENDER ID 
+ 100K Daily SMS 

Sendout DM @smsmultiple_solution  ✅",False,False,False,False,True,False,False,True,False,False,1657122333,,,,,,,5.855198403921821e+18,,373,1,,2024-01-17T22:07:03+00:00,,1.3644090552825596e+16,"{'_': 'MessageReactions', 'results': [{'_': 'ReactionCount', 'reaction': {'_': 'ReactionEmoji', 'emoticon': '👍'}, 'count': 130, 'chosen_order': None}, {'_': 'ReactionCount', 'reaction': {'_': 'ReactionEmoji', 'emoticon': '❤'}, 'count': 92, 'chosen_order': None}, {'_': 'ReactionCount', 'reaction': {'_': 'ReactionEmoji', 'emoticon': '🤬'}, 'count': 1, 'chosen_order': None}], 'min': False, 'can_see_list': False, 'reactions_as_tags': False, 'recent_reactions': []}",[],
bulksmsbbs,https://t.me/bulksmsbbs,933,2024-01-17 17:08:39,,False,False,False,False,True,False,False,False,False,False,1657122333,,,,,,,5.855198403921821e+18,,203,1,,,,1.3644090552825596e+16,,[],
bulksmsbbs,https://t.me/bulksmsbbs,934,2024-01-17 17:08:39,,False,False,False,False,True,False,False,False,False,False,1657122333,,,,,,,5.855198403921821e+18,,191,1,,,,1.3644090552825596e+16,,[],
bulksmsbbs,https://t.me/bulksmsbbs,936,2024-01-19 16:48:09,"New Restock, Fresh leads on Sale! What country data you need ✅

@smsmultiple_solution 

Payment method <PERSON>/BTC.",False,False,False,False,True,False,False,True,False,False,1657122333,,,,,,,5.861535890160076e+18,,1314,1,,2024-01-20T22:51:04+00:00,,,"{'_': 'MessageReactions', 'results': [{'_': 'ReactionCount', 'reaction': {'_': 'ReactionEmoji', 'emoticon': '🥰'}, 'count': 31, 'chosen_order': None}, {'_': 'ReactionCount', 'reaction': {'_': 'ReactionEmoji', 'emoticon': '🤩'}, 'count': 27, 'chosen_order': None}, {'_': 'ReactionCount', 'reaction': {'_': 'ReactionEmoji', 'emoticon': '👍'}, 'count': 25, 'chosen_order': None}, {'_': 'ReactionCount', 'reaction': {'_': 'ReactionEmoji', 'emoticon': '❤'}, 'count': 21, 'chosen_order': None}, {'_': 'ReactionCount', 'reaction': {'_': 'ReactionEmoji', 'emoticon': '👏'}, 'count': 15, 'chosen_order': None}, {'_': 'ReactionCount', 'reaction': {'_': 'ReactionEmoji', 'emoticon': '🔥'}, 'count': 13, 'chosen_order': None}, {'_': 'ReactionCount', 'reaction': {'_': 'ReactionEmoji', 'emoticon': '💩'}, 'count': 1, 'chosen_order': None}], 'min': False, 'can_see_list': False, 'reactions_as_tags': False, 'recent_reactions': []}",[],
bulksmsbbs,https://t.me/bulksmsbbs,937,2024-01-24 00:37:32,"🥰🥰🥰 🥰🥰🥰🥰🥰🥰🥰 🥰🥰🥰🥰🥰🥰🥰🥰🥰 ❤️😊

Client feedback <NRP>🤯🤯🤯💬💬💬
#Vouch from client 
GERMANY 🇩🇪and RUSSIA 🇷🇺
ROUTE WORKS PERFECTLY ☁️📨👍
SMSGATEWAY V-2. 

AVAILABLE 

🎁🎁🎁🎁🎁
🔽🔽🔽🔽🔽



AND ENJOY THE SENDER 
🇺🇦🇷🇺🇺🇸🇨🇳🇰🇿🇹🇯🇹🇷🇺🇿All county route works perfectly 🛒💯 with stable Sender  Identification (SID) 
And deliver 💯 
@smsmultiple_solution to buy",False,False,False,False,True,False,False,True,False,False,1657122333,,,,,,,5.872827376361129e+18,,1447,1,,2024-01-24T00:39:48+00:00,,1.3648453217109588e+16,"{'_': 'MessageReactions', 'results': [{'_': 'ReactionCount', 'reaction': {'_': 'ReactionEmoji', 'emoticon': '🥰'}, 'count': 100, 'chosen_order': None}, {'_': 'ReactionCount', 'reaction': {'_': 'ReactionEmoji', 'emoticon': '🤩'}, 'count': 44, 'chosen_order': None}, {'_': 'ReactionCount', 'reaction': {'_': 'ReactionEmoji', 'emoticon': '👍'}, 'count': 41, 'chosen_order': None}, {'_': 'ReactionCount', 'reaction': {'_': 'ReactionEmoji', 'emoticon': '❤'}, 'count': 25, 'chosen_order': None}, {'_': 'ReactionCount', 'reaction': {'_': 'ReactionEmoji', 'emoticon': '🔥'}, 'count': 21, 'chosen_order': None}, {'_': 'ReactionCount', 'reaction': {'_': 'ReactionEmoji', 'emoticon': '👏'}, 'count': 15, 'chosen_order': None}, {'_': 'ReactionCount', 'reaction': {'_': 'ReactionEmoji', 'emoticon': '💩'}, 'count': 1, 'chosen_order': None}], 'min': False, 'can_see_list': False, 'reactions_as_tags': False, 'recent_reactions': []}",[],
bulksmsbbs,https://t.me/bulksmsbbs,938,2024-01-24 00:37:32,,False,False,False,False,True,False,False,False,False,False,1657122333,,,,,,,5.872827376361129e+18,,1207,1,,,,1.3648453217109588e+16,,[],
bulksmsbbs,https://t.me/bulksmsbbs,939,2024-01-31 07:00:17,"🔤🔤🔤🔤🔤🔤🔤🔤 
🔤🔤🔤🔤",False,False,False,False,True,False,False,False,False,False,1657122333,,,,,,,,,145,0,,,,,,[],
bulksmsbbs,https://t.me/bulksmsbbs,940,2024-01-31 07:00:26,"Mail Access

<DATE_TIME> 02:42:45 <EMAIL_ADDRESS>:wszyns
<DATE_TIME> 02:43:49 <EMAIL_ADDRESS>:Cpa@2020
<DATE_TIME> 02:43:49 <EMAIL_ADDRESS>:Cpa@2020
<DATE_TIME> <EMAIL_ADDRESS>:Snowie911
<DATE_TIME> <EMAIL_ADDRESS>:Snowie911
<DATE_TIME> 02:45:55 <EMAIL_ADDRESS>:2832626SROkkx
<DATE_TIME> 02:46:01 <EMAIL_ADDRESS>:OLLYwolly08
<DATE_TIME> <EMAIL_ADDRESS>:(Kvt527)
<DATE_TIME> <DATE_TIME> <EMAIL_ADDRESS>:cJ/<PERSON>
<DATE_TIME> <DATE_TIME> <EMAIL_ADDRESS>:Amirul1028
<DATE_TIME> <EMAIL_ADDRESS>:<NRP>",False,False,False,False,True,False,False,True,False,False,1657122333,,,,,,,,,384,0,,2024-01-31T21:44:05+00:00,,,"{'_': 'MessageReactions', 'results': [{'_': 'ReactionCount', 'reaction': {'_': 'ReactionEmoji', 'emoticon': '🥰'}, 'count': 100, 'chosen_order': None}, {'_': 'ReactionCount', 'reaction': {'_': 'ReactionEmoji', 'emoticon': '🤩'}, 'count': 60, 'chosen_order': None}, {'_': 'ReactionCount', 'reaction': {'_': 'ReactionEmoji', 'emoticon': '❤'}, 'count': 31, 'chosen_order': None}, {'_': 'ReactionCount', 'reaction': {'_': 'ReactionEmoji', 'emoticon': '🔥'}, 'count': 16, 'chosen_order': None}, {'_': 'ReactionCount', 'reaction': {'_': 'ReactionEmoji', 'emoticon': '👏'}, 'count': 14, 'chosen_order': None}, {'_': 'ReactionCount', 'reaction': {'_': 'ReactionEmoji', 'emoticon': '👍'}, 'count': 11, 'chosen_order': None}, {'_': 'ReactionCount', 'reaction': {'_': 'ReactionEmoji', 'emoticon': '👎'}, 'count': 1, 'chosen_order': None}], 'min': False, 'can_see_list': False, 'reactions_as_tags': False, 'recent_reactions': []}",[],
bulksmsbbs,https://t.me/bulksmsbbs,941,2024-01-31 19:07:43,"CPanel Available Random 

100 CPanel > Price: 50$ 

1000 CPanel > Price: 400$ 

Payment : BTC / USDT 

Stock : 2600 CPanel 

I am Here  : @smsmultiple_solution",False,False,False,False,True,False,False,True,False,False,1657122333,,,,,,,5.897931451616313e+18,,490,0,,2024-01-31T21:43:19+00:00,,,"{'_': 'MessageReactions', 'results': [{'_': 'ReactionCount', 'reaction': {'_': 'ReactionEmoji', 'emoticon': '🥰'}, 'count': 141, 'chosen_order': None}, {'_': 'ReactionCount', 'reaction': {'_': 'ReactionEmoji', 'emoticon': '🤩'}, 'count': 64, 'chosen_order': None}, {'_': 'ReactionCount', 'reaction': {'_': 'ReactionEmoji', 'emoticon': '👏'}, 'count': 63, 'chosen_order': None}, {'_': 'ReactionCount', 'reaction': {'_': 'ReactionEmoji', 'emoticon': '🔥'}, 'count': 53, 'chosen_order': None}, {'_': 'ReactionCount', 'reaction': {'_': 'ReactionEmoji', 'emoticon': '👍'}, 'count': 17, 'chosen_order': None}, {'_': 'ReactionCount', 'reaction': {'_': 'ReactionEmoji', 'emoticon': '❤'}, 'count': 17, 'chosen_order': None}, {'_': 'ReactionCount', 'reaction': {'_': 'ReactionEmoji', 'emoticon': '👎'}, 'count': 1, 'chosen_order': None}], 'min': False, 'can_see_list': False, 'reactions_as_tags': False, 'recent_reactions': []}",[],
bulksmsbbs,https://t.me/bulksmsbbs,943,2024-02-02 08:59:21,"📌OTP BOT available 
OTP CODE SERVICE ☎️☎️☎️
Recieve OTP/2FA Codes for :

- Bank OTP (Any Bank)📨
- PayPal OTP/2FA✔️
- Emails (Email 2FA)
- Apple/Google Pay CC Linking
- Carrier (Codes for sim-swapping)
- Bank+ (Get DOB,MMN + More)

🌍🌍🌍🌍🌍🌍🌍🌍🌍🌍🌍

✅ @smsmultiple_solution ☑️",False,False,False,False,True,False,False,True,False,False,1657122333,,,,,,,5.899812801910785e+18,,193,1,,2024-02-02T09:36:22+00:00,,,"{'_': 'MessageReactions', 'results': [{'_': 'ReactionCount', 'reaction': {'_': 'ReactionEmoji', 'emoticon': '❤'}, 'count': 21, 'chosen_order': None}, {'_': 'ReactionCount', 'reaction': {'_': 'ReactionEmoji', 'emoticon': '🔥'}, 'count': 16, 'chosen_order': None}, {'_': 'ReactionCount', 'reaction': {'_': 'ReactionEmoji', 'emoticon': '🥰'}, 'count': 15, 'chosen_order': None}, {'_': 'ReactionCount', 'reaction': {'_': 'ReactionEmoji', 'emoticon': '👍'}, 'count': 7, 'chosen_order': None}, {'_': 'ReactionCount', 'reaction': {'_': 'ReactionEmoji', 'emoticon': '👏'}, 'count': 6, 'chosen_order': None}, {'_': 'ReactionCount', 'reaction': {'_': 'ReactionEmoji', 'emoticon': '🤩'}, 'count': 3, 'chosen_order': None}, {'_': 'ReactionCount', 'reaction': {'_': 'ReactionEmoji', 'emoticon': '🤮'}, 'count': 2, 'chosen_order': None}], 'min': False, 'can_see_list': False, 'reactions_as_tags': False, 'recent_reactions': []}",[],
bulksmsbbs,https://t.me/bulksmsbbs,944,2024-02-02 21:53:59,"🥶🥶🥶 🥶🥶🥶🥶🥶🥶🥶
📬 SMS/EMAILS GATEWAY AVAILABLE 💯

We provide fast and quality sms routes
🔵Emails blasting 📧
🔵Api✅
🔵Gateways🛜
🔵Emails 2FA 
🔵SMPT
🔵Cpanels
🔵Spamming 
🔵All countries numbers and calls☎️
🔵Marketing 
🔵Long and Short code
🔵Data/leads
🔵Spam content
🔵Customized SID
with a good delivery rate✅👌 to any country;

USA 🇺🇸,SAUDI 🇸🇦,ISRAEL 🇮🇱,DENMARK 🇩🇰,TURKEY 🇹🇷,UK 🇬🇧,RUSSIA 🇷🇺,QATAR 🇶🇦,PORTUGAL 🇵<PERSON>,SWITZERLAND <DATE_TIME>🇭,FRANCE 🇫🇷,CANADA <DATE_TIME>🇦,SPAIN 🇪🇸,ITALY <PERSON>,MOROCCO 🇲🇦 POLAND 🇵🇱,NORWAY 🇳🇴, SOUTH AFRICA 🇿🇦,AUSTRALIA 🇦🇺,CHINA 🇨🇳, <PERSON> 🇦<PERSON>,BRAZIL 🇧🇷,BELGIUM 🇧🇪,HONK KONG<PERSON>🇬,Colombia <DATE_TIME>🇴
And over 150 other countries<PERSON> all types of content💯

Dm me to get your panel and start sendouts✅
@smsmultiple_solution",False,False,False,False,True,False,False,True,False,False,1657122333,,,,,,,5.90206460172447e+18,,509,0,,2024-02-02T21:57:34+00:00,,,"{'_': 'MessageReactions', 'results': [{'_': 'ReactionCount', 'reaction': {'_': 'ReactionEmoji', 'emoticon': '🥰'}, 'count': 130, 'chosen_order': None}, {'_': 'ReactionCount', 'reaction': {'_': 'ReactionEmoji', 'emoticon': '❤'}, 'count': 78, 'chosen_order': None}, {'_': 'ReactionCount', 'reaction': {'_': 'ReactionEmoji', 'emoticon': '🤩'}, 'count': 51, 'chosen_order': None}, {'_': 'ReactionCount', 'reaction': {'_': 'ReactionEmoji', 'emoticon': '🔥'}, 'count': 48, 'chosen_order': None}, {'_': 'ReactionCount', 'reaction': {'_': 'ReactionEmoji', 'emoticon': '👏'}, 'count': 39, 'chosen_order': None}, {'_': 'ReactionCount', 'reaction': {'_': 'ReactionEmoji', 'emoticon': '👍'}, 'count': 31, 'chosen_order': None}, {'_': 'ReactionCount', 'reaction': {'_': 'ReactionEmoji', 'emoticon': '🤮'}, 'count': 1, 'chosen_order': None}], 'min': False, 'can_see_list': False, 'reactions_as_tags': False, 'recent_reactions': []}",[],
bulksmsbbs,https://t.me/bulksmsbbs,945,2024-02-05 17:41:28,"<PERSON> 𝗖𝗼𝘂𝗿𝘀𝗲 𝗔𝘃𝗮𝗶𝗹𝗮𝗯𝗹𝗲 
⚠️⚠️⚠️⚠️

🔸Tools to be included for a successful practical course includes: 

i) SMTP
ii) MAILER
iii) CPANEL
iv) PHISHING / SCAM PAGE
v) LEADS
vi) ENCRYPTED LETTERS
vii) OFFICE365.
viii) Email verifier and extractor

➡️) <PERSON> (5𝟶𝚔,𝟷𝟶𝟶𝚔,𝟹𝟶𝟶𝚔,𝟻𝟶𝟶𝚔)     
                            
     1. Aws ses 
     2. Sengrid
     3. Crack
     4. office 365
     5. hacked version
     6.web mail

➡<PERSON>) <PERSON> 𝚅𝚎𝚛𝚜𝚒𝚘𝚗
     1. Ultra mailer
     2 . Heart sender
     3.  Php mailer
     4.  Python mailer
     5. Sms Sender Unlimitted
     <DATE_TIME>. Encrypted Mailer

➡️iii) <PERSON> and <PERSON>
      1. Bulletproof hosting
       2. Office 365 link
       3.  Long lasted panel
       4.  <PERSON> hosting

➡️iv) 𝙿𝚑𝚒𝚜𝚑𝚒𝚗𝚐 /𝚂𝚌𝚊𝚖 𝙿𝚊𝚐𝚎𝚜
          1. CUSTOM pages(True Login)
          2. Crypto sites scam pages
          3. Bank scam pages 
          4. AT&T scam pages 
          5. Social media s
@smsmultiple_solution",False,False,False,False,True,False,False,True,False,False,1657122333,,,,,,,,,679,1,,2024-02-05T20:17:50+00:00,,,"{'_': 'MessageReactions', 'results': [{'_': 'ReactionCount', 'reaction': {'_': 'ReactionEmoji', 'emoticon': '🤩'}, 'count': 95, 'chosen_order': None}, {'_': 'ReactionCount', 'reaction': {'_': 'ReactionEmoji', 'emoticon': '👍'}, 'count': 89, 'chosen_order': None}, {'_': 'ReactionCount', 'reaction': {'_': 'ReactionEmoji', 'emoticon': '🥰'}, 'count': 78, 'chosen_order': None}, {'_': 'ReactionCount', 'reaction': {'_': 'ReactionEmoji', 'emoticon': '👏'}, 'count': 66, 'chosen_order': None}, {'_': 'ReactionCount', 'reaction': {'_': 'ReactionEmoji', 'emoticon': '🔥'}, 'count': 16, 'chosen_order': None}, {'_': 'ReactionCount', 'reaction': {'_': 'ReactionEmoji', 'emoticon': '❤'}, 'count': 10, 'chosen_order': None}], 'min': False, 'can_see_list': False, 'reactions_as_tags': False, 'recent_reactions': []}",[],
bulksmsbbs,https://t.me/bulksmsbbs,946,2024-02-06 21:25:28,"🔰📥 📲SMS GATEWAY SENDER WORD-WIDE🌍🌍

➖Send out available  🌍🌍🌍
➖99🛍/100 ratio of messages sent 📤📥📥
➖hit inbox 📲 ☎️
➖send with <PERSON>First month 20k (bonus credit) 
➖It come with  leads ..<PERSON>Results Guaranty 💯💯💯💯
➖$P4M TOOLS & $PAMMING METHODS    

       
                        AVAILABLE 
🟢Mailers 
                            🟢 PrivateScampages 
🟢Encrypted Letters 💼📝
                            🟢Senders/Mailers📭  🟢cPanels🧰
                                         🟢Rdp  📁📁             🟢Smtp's 📧📧📧
                                   🟢Validator ⌛️✅                     
🟢sendout📤📤📥
                      🟢Bulletproof hosting 🤫         

🟢Hitting inbox methods   📥📥📥

                 🟢Cr3dit/D3bit cards 💳 💳

🟢eSIM & SIM
             
           📲  SFR ABO
     📲  SIM BOUYGUES
           📲  Business 
     📲  SFR PRO
                   🟢OTP/2FA BOT 🤖 BANK OTP (any banks) 

🟢AWS SES 
ALL COUNTRY REGION 📧📧📧

Dm @smsmultiple_solution",False,False,False,False,True,False,False,True,False,False,1657122333,,,,,,,5.913414551020356e+18,,611,2,,2024-02-06T21:27:49+00:00,,,"{'_': 'MessageReactions', 'results': [{'_': 'ReactionCount', 'reaction': {'_': 'ReactionEmoji', 'emoticon': '🥰'}, 'count': 170, 'chosen_order': None}, {'_': 'ReactionCount', 'reaction': {'_': 'ReactionEmoji', 'emoticon': '❤'}, 'count': 117, 'chosen_order': None}, {'_': 'ReactionCount', 'reaction': {'_': 'ReactionEmoji', 'emoticon': '🔥'}, 'count': 75, 'chosen_order': None}, {'_': 'ReactionCount', 'reaction': {'_': 'ReactionEmoji', 'emoticon': '👏'}, 'count': 49, 'chosen_order': None}, {'_': 'ReactionCount', 'reaction': {'_': 'ReactionEmoji', 'emoticon': '🤩'}, 'count': 30, 'chosen_order': None}, {'_': 'ReactionCount', 'reaction': {'_': 'ReactionEmoji', 'emoticon': '👍'}, 'count': 21, 'chosen_order': None}], 'min': False, 'can_see_list': False, 'reactions_as_tags': False, 'recent_reactions': []}",[],
bulksmsbbs,https://t.me/bulksmsbbs,947,2024-02-13 23:11:33,"SMTP sold
#Vouches

SMTP AVAILABLE
RDP AVAILABLE
CPANELS AVAILABLE
WHM AVAILABLE
EMAILS/SMS LEADS AVAILABLE
FUD LINK AVAILABLE
EMAILS SEND OUTS ALSO AVAILABLE
ETC 
DM 

@smsmultiple_solution",False,False,False,False,True,False,False,True,False,False,1657122333,,,,,,,5.93602719735151e+18,,687,0,,2024-02-13T23:12:49+00:00,,,"{'_': 'MessageReactions', 'results': [{'_': 'ReactionCount', 'reaction': {'_': 'ReactionEmoji', 'emoticon': '🥰'}, 'count': 182, 'chosen_order': None}, {'_': 'ReactionCount', 'reaction': {'_': 'ReactionEmoji', 'emoticon': '👏'}, 'count': 103, 'chosen_order': None}, {'_': 'ReactionCount', 'reaction': {'_': 'ReactionEmoji', 'emoticon': '❤'}, 'count': 97, 'chosen_order': None}, {'_': 'ReactionCount', 'reaction': {'_': 'ReactionEmoji', 'emoticon': '🤩'}, 'count': 91, 'chosen_order': None}, {'_': 'ReactionCount', 'reaction': {'_': 'ReactionEmoji', 'emoticon': '🔥'}, 'count': 67, 'chosen_order': None}, {'_': 'ReactionCount', 'reaction': {'_': 'ReactionEmoji', 'emoticon': '👍'}, 'count': 35, 'chosen_order': None}], 'min': False, 'can_see_list': False, 'reactions_as_tags': False, 'recent_reactions': []}",[],
bulksmsbbs,https://t.me/bulksmsbbs,948,2024-02-14 15:50:25,"#Vouch from clients ☁️📨👍
SMSGATEWAY V-2.0
AVAILABLE <DATE_TIME>
COME FAST @smsmultiple_solution
AND ENJOY THE SENDER 
🇺🇦🇷🇺🇺🇸🇨🇳🇰🇿🇹🇯🇹🇷🇺🇿All county route works perfectly 🛒💯 with stable Sender Identification (SID) 
And deliver sms world wide 🌍🌍🌍",False,False,False,False,True,False,False,True,False,False,1657122333,,,,,,,5.935795518225629e+18,,614,1,,2024-02-15T07:01:39+00:00,,1.3663406600671732e+16,"{'_': 'MessageReactions', 'results': [{'_': 'ReactionCount', 'reaction': {'_': 'ReactionEmoji', 'emoticon': '🔥'}, 'count': 87, 'chosen_order': None}, {'_': 'ReactionCount', 'reaction': {'_': 'ReactionEmoji', 'emoticon': '👍'}, 'count': 73, 'chosen_order': None}, {'_': 'ReactionCount', 'reaction': {'_': 'ReactionEmoji', 'emoticon': '🥰'}, 'count': 72, 'chosen_order': None}, {'_': 'ReactionCount', 'reaction': {'_': 'ReactionEmoji', 'emoticon': '🤩'}, 'count': 72, 'chosen_order': None}, {'_': 'ReactionCount', 'reaction': {'_': 'ReactionEmoji', 'emoticon': '❤'}, 'count': 70, 'chosen_order': None}, {'_': 'ReactionCount', 'reaction': {'_': 'ReactionEmoji', 'emoticon': '🎉'}, 'count': 68, 'chosen_order': None}, {'_': 'ReactionCount', 'reaction': {'_': 'ReactionEmoji', 'emoticon': '👏'}, 'count': 66, 'chosen_order': None}], 'min': False, 'can_see_list': False, 'reactions_as_tags': False, 'recent_reactions': []}",[],
bulksmsbbs,https://t.me/bulksmsbbs,949,2024-02-14 15:50:25,,False,False,False,False,True,False,False,False,False,False,1657122333,,,,,,,5.935795518225629e+18,,108,1,,,,1.3663406600671732e+16,,[],
bulksmsbbs,https://t.me/bulksmsbbs,951,2024-02-21 23:16:12,"✏️✏️✏️ ✏️✏️✏️✏️✏️✏️✏️
SMS Gateway Software Available  📲

+ Customized  ID ( Depends on Country ) 📲

+ Script Works with Python ❗️

+ Send Bulk Messages 📨

+  No SMTP or SIM is required  ❌

+ Send with SenderID No Number 🔕

+ Send Messages Worldwide / International ✅

+ Demo Video in inbox ✅

👨‍💻 Contact : smsmultiple_solution",False,False,False,False,True,False,False,True,False,False,1657122333,,,,,,,5.960832291343286e+18,,583,0,,2024-02-22T05:25:01+00:00,,,"{'_': 'MessageReactions', 'results': [{'_': 'ReactionCount', 'reaction': {'_': 'ReactionEmoji', 'emoticon': '👏'}, 'count': 88, 'chosen_order': None}, {'_': 'ReactionCount', 'reaction': {'_': 'ReactionEmoji', 'emoticon': '🤩'}, 'count': 77, 'chosen_order': None}, {'_': 'ReactionCount', 'reaction': {'_': 'ReactionEmoji', 'emoticon': '👍'}, 'count': 74, 'chosen_order': None}, {'_': 'ReactionCount', 'reaction': {'_': 'ReactionEmoji', 'emoticon': '❤'}, 'count': 71, 'chosen_order': None}, {'_': 'ReactionCount', 'reaction': {'_': 'ReactionEmoji', 'emoticon': '🥰'}, 'count': 70, 'chosen_order': None}, {'_': 'ReactionCount', 'reaction': {'_': 'ReactionEmoji', 'emoticon': '🔥'}, 'count': 69, 'chosen_order': None}, {'_': 'ReactionCount', 'reaction': {'_': 'ReactionEmoji', 'emoticon': '🎉'}, 'count': 61, 'chosen_order': None}], 'min': False, 'can_see_list': False, 'reactions_as_tags': False, 'recent_reactions': []}",[],
bulksmsbbs,https://t.me/bulksmsbbs,953,2024-03-08 16:51:20,"Selling sourcode, email sender, email2sms, smtp & database cracking, 

Price 500$ for all sourcecode
Only for 1 person
Payment crypto 
information chat me on @smsmultiple_solution 
Needed now:)",False,False,False,False,True,False,False,True,False,False,1657122333,,,,,,,6.00608238744173e+18,,26,0,,2024-03-08T17:56:40+00:00,,,"{'_': 'MessageReactions', 'results': [{'_': 'ReactionCount', 'reaction': {'_': 'ReactionEmoji', 'emoticon': '👎'}, 'count': 1, 'chosen_order': None}], 'min': False, 'can_see_list': False, 'reactions_as_tags': False, 'recent_reactions': []}",[],
bulksmsbbs,https://t.me/bulksmsbbs,955,2024-03-14 16:01:54,",#Vouch from client UK 🇬🇧 
ROUTE WORKS PERFECTLY 

With any SID AND BANK CONTENT AVAILABLE 


☁<NRP>📨👍
SMSGATEWAY V-2. 
AVAILABLE @€250
COME FAST

@smsmultiple_solution




AND ENJOY THE SENDER 
🇺🇦🇷🇺🇺🇸🇨🇳🇰🇿🇹🇯🇹🇷🇺🇿All county route works perfectly 🛒💯 with stable Sender Identification (SID) 
And deliver sms world wide 🌍🌍🌍",False,False,False,False,True,False,False,False,False,False,1657122333,,,,,,,6.023737082440172e+18,,5,0,,,,,,[],
