Channel ID,URL,Post ID,date,message,out,mentioned,media_unread,silent,post,from_scheduled,legacy,edit_hide,pinned,noforwards,peer_channel,from_id_user,fwd_from,via_bot_id,reply_to_msg_id,reply_to_scheduled,forum_topic,media_photo_id,reply_markup,views,forwards,replies,edit_date,post_author,grouped_id,reactions,restriction_reason,ttl_period
cap24jzlpkbimdjky,https://t.me/cap24jzlpkbimdjky,1044,2024-01-03 18:10:33,"<PERSON> WISHES TO ALL MY SUBSCRIBERS ✅✅✅

🔥🔥🥰🥰🥰🥰  🥰🥰🥰🔥🔥

📣SMS to Indonesia working well ✏️✏️✏️%✅

➡️Support global bulk sms service ✅

➡️Support Short code, Sender ID of many countries✅

🫨🫨 @BULK_SMS_SERVICES",False,False,False,False,True,False,False,True,False,False,1735671400,,,,,,,5.814258363339489e+18,,2364,0,,2024-01-06T09:53:35+00:00,,,"{'_': 'MessageReactions', 'results': [{'_': 'ReactionCount', 'reaction': {'_': 'ReactionEmoji', 'emoticon': '❤'}, 'count': 102, 'chosen_order': None}, {'_': 'ReactionCount', 'reaction': {'_': 'ReactionEmoji', 'emoticon': '🤩'}, 'count': 60, 'chosen_order': None}, {'_': 'ReactionCount', 'reaction': {'_': 'ReactionEmoji', 'emoticon': '👏'}, 'count': 43, 'chosen_order': None}, {'_': 'ReactionCount', 'reaction': {'_': 'ReactionEmoji', 'emoticon': '🥰'}, 'count': 17, 'chosen_order': None}, {'_': 'ReactionCount', 'reaction': {'_': 'ReactionEmoji', 'emoticon': '🔥'}, 'count': 16, 'chosen_order': None}, {'_': 'ReactionCount', 'reaction': {'_': 'ReactionEmoji', 'emoticon': '👍'}, 'count': 8, 'chosen_order': None}], 'min': False, 'can_see_list': False, 'reactions_as_tags': False, 'recent_reactions': []}",[],
cap24jzlpkbimdjky,https://t.me/cap24jzlpkbimdjky,1045,2024-01-06 08:56:47,"✅Support ✏️✏️✏️✏️✏️✏️ TRAFFIC  🎰

<PERSON>👍% Delivery Rate ✅✅

✅Indonesia🇮🇩

✅Philippines🇵🇭

✅Portugal🇵🇹

✅Italy<PERSON>

✅Brazil🇧🇷

✅Turkey<PERSON>🇷

+✏️✏️✏️ COUNTRIES 

✅🫨🫨 @BULK_SMS_SERVICE",False,False,False,False,True,False,False,True,False,False,1735671400,,,,,,,5.820936088296997e+18,,1801,0,,2024-01-06T08:57:19+00:00,,,"{'_': 'MessageReactions', 'results': [{'_': 'ReactionCount', 'reaction': {'_': 'ReactionEmoji', 'emoticon': '🤩'}, 'count': 89, 'chosen_order': None}, {'_': 'ReactionCount', 'reaction': {'_': 'ReactionEmoji', 'emoticon': '🥰'}, 'count': 52, 'chosen_order': None}, {'_': 'ReactionCount', 'reaction': {'_': 'ReactionEmoji', 'emoticon': '🔥'}, 'count': 37, 'chosen_order': None}, {'_': 'ReactionCount', 'reaction': {'_': 'ReactionEmoji', 'emoticon': '❤'}, 'count': 23, 'chosen_order': None}, {'_': 'ReactionCount', 'reaction': {'_': 'ReactionEmoji', 'emoticon': '👏'}, 'count': 22, 'chosen_order': None}, {'_': 'ReactionCount', 'reaction': {'_': 'ReactionEmoji', 'emoticon': '👍'}, 'count': 14, 'chosen_order': None}], 'min': False, 'can_see_list': False, 'reactions_as_tags': False, 'recent_reactions': []}",[],
cap24jzlpkbimdjky,https://t.me/cap24jzlpkbimdjky,1050,2024-01-07 00:18:43,"#Vouch# ⚠️⚠️⚠️⚠️

🔠🔠🔠🔠🔠🔠🔠 SWAP  COMPLETED ✅✅✅

🌕<PERSON> @BULK_SMS_SERVICES NOW💫💫💫",False,False,False,False,True,False,False,True,False,False,1735671400,,,,,,,5.823187888110682e+18,,3075,0,,2024-01-07T00:18:48+00:00,,1.3636693786473812e+16,"{'_': 'MessageReactions', 'results': [{'_': 'ReactionCount', 'reaction': {'_': 'ReactionEmoji', 'emoticon': '🥰'}, 'count': 88, 'chosen_order': None}, {'_': 'ReactionCount', 'reaction': {'_': 'ReactionEmoji', 'emoticon': '❤'}, 'count': 82, 'chosen_order': None}, {'_': 'ReactionCount', 'reaction': {'_': 'ReactionEmoji', 'emoticon': '🤩'}, 'count': 44, 'chosen_order': None}, {'_': 'ReactionCount', 'reaction': {'_': 'ReactionEmoji', 'emoticon': '👏'}, 'count': 43, 'chosen_order': None}, {'_': 'ReactionCount', 'reaction': {'_': 'ReactionEmoji', 'emoticon': '🔥'}, 'count': 16, 'chosen_order': None}, {'_': 'ReactionCount', 'reaction': {'_': 'ReactionEmoji', 'emoticon': '👍'}, 'count': 9, 'chosen_order': None}], 'min': False, 'can_see_list': False, 'reactions_as_tags': False, 'recent_reactions': []}",[],
cap24jzlpkbimdjky,https://t.me/cap24jzlpkbimdjky,1051,2024-01-07 00:18:43,,False,False,False,False,True,False,False,False,False,False,1735671400,,,,,,,5.823187888110682e+18,,570,0,,,,1.3636693786473812e+16,,[],
cap24jzlpkbimdjky,https://t.me/cap24jzlpkbimdjky,1054,2024-01-08 05:48:59,"🔠🔠🔠🔠🔠🔠🔠🅰️🔠🔠 ✔️

Greeting’s to everyone in this group.. 
Are you looking for 💬SMS /💬 Whatsapp Leads❓

❄️🌩➡️ @BULK_SMS_SERVICES
⚡️I deliver fast ! ⚡️

  🅰️🔤🔤
  🔤🔤🔤🔤🔤🔤

  ALL LEADS INCLUDED WITH👤 PROFILE PICTURES ! 📲👍

💰PRICES:🛍

1K 55+ MIX   €60
1K 55+FEMALE €100
1K  55+ MALE  € 80

2K 55+ MIX € 120
2K 55+ FEMALE €200
2K 55+ MALE  € 150

Fast Delivery of <DATE_TIME> ! ✅

🔠🔠 @BULK_SMS_SERVICES",False,False,False,False,True,False,False,False,False,False,1735671400,,,,,,,,,1574,0,,2024-01-08T15:29:04+00:00,,,"{'_': 'MessageReactions', 'results': [{'_': 'ReactionCount', 'reaction': {'_': 'ReactionEmoji', 'emoticon': '🔥'}, 'count': 86, 'chosen_order': None}, {'_': 'ReactionCount', 'reaction': {'_': 'ReactionEmoji', 'emoticon': '🤩'}, 'count': 58, 'chosen_order': None}, {'_': 'ReactionCount', 'reaction': {'_': 'ReactionEmoji', 'emoticon': '🥰'}, 'count': 55, 'chosen_order': None}, {'_': 'ReactionCount', 'reaction': {'_': 'ReactionEmoji', 'emoticon': '❤'}, 'count': 41, 'chosen_order': None}, {'_': 'ReactionCount', 'reaction': {'_': 'ReactionEmoji', 'emoticon': '👏'}, 'count': 33, 'chosen_order': None}, {'_': 'ReactionCount', 'reaction': {'_': 'ReactionEmoji', 'emoticon': '👍'}, 'count': 24, 'chosen_order': None}], 'min': False, 'can_see_list': False, 'reactions_as_tags': False, 'recent_reactions': []}",[],
cap24jzlpkbimdjky,https://t.me/cap24jzlpkbimdjky,1057,2024-01-08 06:18:28,,False,False,False,False,True,False,False,True,False,False,1735671400,,,,,,,5.825958129131701e+18,,660,0,,2024-01-08T11:26:24+00:00,,1.3637557670734988e+16,"{'_': 'MessageReactions', 'results': [{'_': 'ReactionCount', 'reaction': {'_': 'ReactionEmoji', 'emoticon': '🥰'}, 'count': 125, 'chosen_order': None}, {'_': 'ReactionCount', 'reaction': {'_': 'ReactionEmoji', 'emoticon': '❤'}, 'count': 59, 'chosen_order': None}, {'_': 'ReactionCount', 'reaction': {'_': 'ReactionEmoji', 'emoticon': '🔥'}, 'count': 49, 'chosen_order': None}, {'_': 'ReactionCount', 'reaction': {'_': 'ReactionEmoji', 'emoticon': '🤩'}, 'count': 33, 'chosen_order': None}, {'_': 'ReactionCount', 'reaction': {'_': 'ReactionEmoji', 'emoticon': '👏'}, 'count': 27, 'chosen_order': None}, {'_': 'ReactionCount', 'reaction': {'_': 'ReactionEmoji', 'emoticon': '👍'}, 'count': 11, 'chosen_order': None}], 'min': False, 'can_see_list': False, 'reactions_as_tags': False, 'recent_reactions': []}",[],
cap24jzlpkbimdjky,https://t.me/cap24jzlpkbimdjky,1058,2024-01-08 06:18:28,"📲<PERSON> 🔤2️⃣still available 📲

✅€250 . For panel 
world wide support 🌍🌍🌐

⭕️Hɪᴛs Aʟʟ Cᴀʀʀɪᴇʀ [✓]

⚡️Sms Gateway⚡️

🔰Delivers To all carriers🔰

With All Device:
🔰10k <DATE_TIME> limit €180.   🔰<DATE_TIME> 

🔰20k <DATE_TIME> limit €300. 🔰<DATE_TIME> 

🔰50k <DATE_TIME> limit €420. 🔰monthly 

🔰100k <DATE_TIME> limit €570.  🔰<DATE_TIME> 

🔰200k <DATE_TIME> limit €700.🔰monthly(comes with Spam Bot )

🔰500k <DATE_TIME> limit €950🔰monthly(comes with Spam Bot )

🔰1 million <DATE_TIME> limit €1300🔰monthly(comes with Spam Bot )

🔰Unlimited €2500🔰monthly(comes with Spam Bot )

🆎🆎 to purchase 

@BULK_SMS_SERVICES

Please go straight to the point⚡️⚡️

Time wasters are blocked instantly ✖️✖️

💓💓 @BULK_SMS_SERVICES",False,False,False,False,True,False,False,False,False,False,1735671400,,,,,,,5.825958129131701e+18,,1734,0,,2024-01-08T06:18:37+00:00,,1.3637557670734988e+16,,[],
cap24jzlpkbimdjky,https://t.me/cap24jzlpkbimdjky,1059,2024-01-09 06:42:03,"🔠🔠🔤🔠🔠 ROUTE ON FIRE🔥 📢📢

✨✨PHISHING SMS ✨✨

SUPPORTS ALL CONTENTS🧡🧡

 ✅ HIGH DELIVERY RATE ✈️✈️

✅HIGH CLICK RATE ✈️✈️

🖥Send SMS With Modified SID✅✅

+200 Countries Available And Stable🔵

🔠🔠  @BULK_SMS_SERVICES",False,False,False,False,True,False,False,True,False,False,1735671400,,,,,,,5.830436040559672e+18,,1345,0,,2024-01-09T18:15:05+00:00,,1.3638260189826724e+16,"{'_': 'MessageReactions', 'results': [{'_': 'ReactionCount', 'reaction': {'_': 'ReactionEmoji', 'emoticon': '🥰'}, 'count': 128, 'chosen_order': None}, {'_': 'ReactionCount', 'reaction': {'_': 'ReactionEmoji', 'emoticon': '❤'}, 'count': 55, 'chosen_order': None}, {'_': 'ReactionCount', 'reaction': {'_': 'ReactionEmoji', 'emoticon': '🤩'}, 'count': 39, 'chosen_order': None}, {'_': 'ReactionCount', 'reaction': {'_': 'ReactionEmoji', 'emoticon': '👍'}, 'count': 35, 'chosen_order': None}, {'_': 'ReactionCount', 'reaction': {'_': 'ReactionEmoji', 'emoticon': '🔥'}, 'count': 27, 'chosen_order': None}, {'_': 'ReactionCount', 'reaction': {'_': 'ReactionEmoji', 'emoticon': '👏'}, 'count': 16, 'chosen_order': None}, {'_': 'ReactionCount', 'reaction': {'_': 'ReactionEmoji', 'emoticon': '🎉'}, 'count': 1, 'chosen_order': None}], 'min': False, 'can_see_list': False, 'reactions_as_tags': False, 'recent_reactions': []}",[],
cap24jzlpkbimdjky,https://t.me/cap24jzlpkbimdjky,1060,2024-01-09 06:42:03,,False,False,False,False,True,False,False,False,False,False,1735671400,,,,,,,5.830436040559672e+18,,520,0,,,,1.3638260189826724e+16,,[],
