Channel ID,URL,Post ID,date,message,out,mentioned,media_unread,silent,post,from_scheduled,legacy,edit_hide,pinned,noforwards,peer_channel,from_id_user,fwd_from,via_bot_id,reply_to_msg_id,reply_to_scheduled,forum_topic,media_photo_id,reply_markup,views,forwards,replies,edit_date,post_author,grouped_id,reactions,restriction_reason,ttl_period
devirtualizeme,https://t.me/devirtualizeme,222,2024-01-02 10:59:14,"Now MD-CLOUD v1.8.8.586 is public

Download Setup : 🔗Link
download Crack  : 🔗Link
download Keygen : 🔗 Link
Join to VIP Group: 🔗Link

Password is: <PERSON>
—————————-—————————-—————————-
How to install and Crack?
installation is like MD-NEXT 🔗Link

Follow us: <PERSON>",False,False,False,True,True,False,False,True,False,False,1664412714,,,,,,,,,9460.0,162.0,,2024-01-02T10:59:33+00:00,,,"{'_': 'MessageReactions', 'results': [{'_': 'ReactionCount', 'reaction': {'_': 'ReactionEmoji', 'emoticon': '❤'}, 'count': 35, 'chosen_order': None}, {'_': 'ReactionCount', 'reaction': {'_': 'ReactionEmoji', 'emoticon': '👍'}, 'count': 14, 'chosen_order': None}, {'_': 'ReactionCount', 'reaction': {'_': 'ReactionEmoji', 'emoticon': '🔥'}, 'count': 4, 'chosen_order': None}, {'_': 'ReactionCount', 'reaction': {'_': 'ReactionEmoji', 'emoticon': '😁'}, 'count': 3, 'chosen_order': None}], 'min': False, 'can_see_list': False, 'reactions_as_tags': False, 'recent_reactions': []}",[],
devirtualizeme,https://t.me/devirtualizeme,225,2024-01-02 12:24:20,,False,False,False,True,True,,False,,,,1664412714,,,,222.0,False,False,,,,,,,,,,,
devirtualizeme,https://t.me/devirtualizeme,226,2024-01-04 12:45:13,"smartphone forensic system professional v6.136.2311.0609 now is public for VIP users

Free after <DATE_TIME>
Join to VIP Group: 🔗Link",False,False,False,True,True,False,False,False,False,False,1664412714,,,,,,,5.816953193324724e+18,,6688.0,12.0,,2024-01-04T12:57:19+00:00,,1.3634978511306828e+16,"{'_': 'MessageReactions', 'results': [{'_': 'ReactionCount', 'reaction': {'_': 'ReactionEmoji', 'emoticon': '❤'}, 'count': 21, 'chosen_order': None}, {'_': 'ReactionCount', 'reaction': {'_': 'ReactionEmoji', 'emoticon': '🖕'}, 'count': 12, 'chosen_order': None}, {'_': 'ReactionCount', 'reaction': {'_': 'ReactionEmoji', 'emoticon': '🔥'}, 'count': 5, 'chosen_order': None}, {'_': 'ReactionCount', 'reaction': {'_': 'ReactionEmoji', 'emoticon': '🙏'}, 'count': 4, 'chosen_order': None}, {'_': 'ReactionCount', 'reaction': {'_': 'ReactionEmoji', 'emoticon': '👍'}, 'count': 3, 'chosen_order': None}, {'_': 'ReactionCount', 'reaction': {'_': 'ReactionEmoji', 'emoticon': '😁'}, 'count': 2, 'chosen_order': None}, {'_': 'ReactionCount', 'reaction': {'_': 'ReactionEmoji', 'emoticon': '🤯'}, 'count': 1, 'chosen_order': None}], 'min': False, 'can_see_list': False, 'reactions_as_tags': False, 'recent_reactions': []}",[],
devirtualizeme,https://t.me/devirtualizeme,227,2024-01-04 12:45:14,,False,False,False,True,True,False,False,False,False,False,1664412714,,,,,,,5.816953193324724e+18,,6477.0,13.0,,,,1.3634978511306828e+16,,[],
devirtualizeme,https://t.me/devirtualizeme,228,2024-01-04 14:56:19,"Now MD-LIVE v3.4.27.886.G is public

Download Setup : 🔗Link
download Crack  : 🔗Link
download Keygen : 🔗 Link
Join to VIP Group: 🔗Link

Password is: <PERSON>
—————————-—————————-—————————-
How to install and Crack?
installation is like MD-NEXT 🔗Link


Follow us: <PERSON>",False,False,False,True,True,False,False,True,False,False,1664412714,,,,206.0,False,False,,,8227.0,120.0,,2024-01-04T14:56:47+00:00,,,"{'_': 'MessageReactions', 'results': [{'_': 'ReactionCount', 'reaction': {'_': 'ReactionEmoji', 'emoticon': '❤'}, 'count': 51, 'chosen_order': None}, {'_': 'ReactionCount', 'reaction': {'_': 'ReactionEmoji', 'emoticon': '👍'}, 'count': 12, 'chosen_order': None}, {'_': 'ReactionCount', 'reaction': {'_': 'ReactionEmoji', 'emoticon': '🙏'}, 'count': 4, 'chosen_order': None}, {'_': 'ReactionCount', 'reaction': {'_': 'ReactionEmoji', 'emoticon': '😍'}, 'count': 4, 'chosen_order': None}, {'_': 'ReactionCount', 'reaction': {'_': 'ReactionEmoji', 'emoticon': '🍌'}, 'count': 2, 'chosen_order': None}, {'_': 'ReactionCount', 'reaction': {'_': 'ReactionEmoji', 'emoticon': '💩'}, 'count': 1, 'chosen_order': None}, {'_': 'ReactionCount', 'reaction': {'_': 'ReactionEmoji', 'emoticon': '🎅'}, 'count': 1, 'chosen_order': None}], 'min': False, 'can_see_list': False, 'reactions_as_tags': False, 'recent_reactions': []}",[],
devirtualizeme,https://t.me/devirtualizeme,230,2024-01-04 15:02:48,,False,False,False,False,True,,False,,,,1664412714,,,,228.0,False,False,,,,,,,,,,,
devirtualizeme,https://t.me/devirtualizeme,231,2024-01-04 15:09:55,"Now MD-RED v3.10.13.2287 is public 

Download Setup : 🔗Link
download Crack  : 🔗Link
download Keygen : 🔗 Link
Join to VIP Group: 🔗Link

Password is: <PERSON>
—————————-—————————-—————————-
How to install and Crack?
installation is like MD-NEXT 🔗Link

Follow us: <PERSON>",False,False,False,True,True,False,False,False,False,False,1664412714,,,,224.0,False,False,,,8312.0,157.0,,2024-01-04T15:12:44+00:00,,,"{'_': 'MessageReactions', 'results': [{'_': 'ReactionCount', 'reaction': {'_': 'ReactionEmoji', 'emoticon': '❤'}, 'count': 63, 'chosen_order': None}, {'_': 'ReactionCount', 'reaction': {'_': 'ReactionEmoji', 'emoticon': '👍'}, 'count': 8, 'chosen_order': None}, {'_': 'ReactionCount', 'reaction': {'_': 'ReactionEmoji', 'emoticon': '💩'}, 'count': 4, 'chosen_order': None}, {'_': 'ReactionCount', 'reaction': {'_': 'ReactionEmoji', 'emoticon': '😍'}, 'count': 3, 'chosen_order': None}, {'_': 'ReactionCount', 'reaction': {'_': 'ReactionEmoji', 'emoticon': '😡'}, 'count': 3, 'chosen_order': None}, {'_': 'ReactionCount', 'reaction': {'_': 'ReactionEmoji', 'emoticon': '🖕'}, 'count': 2, 'chosen_order': None}, {'_': 'ReactionCount', 'reaction': {'_': 'ReactionEmoji', 'emoticon': '🔥'}, 'count': 1, 'chosen_order': None}, {'_': 'ReactionCount', 'reaction': {'_': 'ReactionEmoji', 'emoticon': '🤯'}, 'count': 1, 'chosen_order': None}, {'_': 'ReactionCount', 'reaction': {'_': 'ReactionEmoji', 'emoticon': '🦄'}, 'count': 1, 'chosen_order': None}], 'min': False, 'can_see_list': False, 'reactions_as_tags': False, 'recent_reactions': []}",[],
devirtualizeme,https://t.me/devirtualizeme,232,2024-01-08 17:41:11,"<PERSON> , magnet axiom last version direct link available for VIP users :))

Join to VIP Group: 🔗Link",False,False,False,True,True,False,False,True,False,False,1664412714,,,,200.0,False,False,,,5715.0,9.0,,2024-01-08T17:41:40+00:00,,,"{'_': 'MessageReactions', 'results': [{'_': 'ReactionCount', 'reaction': {'_': 'ReactionEmoji', 'emoticon': '👍'}, 'count': 21, 'chosen_order': None}, {'_': 'ReactionCount', 'reaction': {'_': 'ReactionEmoji', 'emoticon': '👎'}, 'count': 13, 'chosen_order': None}, {'_': 'ReactionCount', 'reaction': {'_': 'ReactionEmoji', 'emoticon': '🖕'}, 'count': 6, 'chosen_order': None}, {'_': 'ReactionCount', 'reaction': {'_': 'ReactionEmoji', 'emoticon': '🔥'}, 'count': 4, 'chosen_order': None}, {'_': 'ReactionCount', 'reaction': {'_': 'ReactionEmoji', 'emoticon': '😐'}, 'count': 3, 'chosen_order': None}, {'_': 'ReactionCount', 'reaction': {'_': 'ReactionEmoji', 'emoticon': '💩'}, 'count': 2, 'chosen_order': None}, {'_': 'ReactionCount', 'reaction': {'_': 'ReactionEmoji', 'emoticon': '🤯'}, 'count': 1, 'chosen_order': None}], 'min': False, 'can_see_list': False, 'reactions_as_tags': False, 'recent_reactions': []}",[],
devirtualizeme,https://t.me/devirtualizeme,233,2024-01-09 18:49:09,Benefits of the VIP group :))),False,False,False,True,True,False,False,False,False,False,1664412714,,,,232.0,False,False,5.830207123097764e+18,,6371.0,5.0,,2024-01-09T18:49:52+00:00,,,"{'_': 'MessageReactions', 'results': [{'_': 'ReactionCount', 'reaction': {'_': 'ReactionEmoji', 'emoticon': '👍'}, 'count': 29, 'chosen_order': None}, {'_': 'ReactionCount', 'reaction': {'_': 'ReactionEmoji', 'emoticon': '👎'}, 'count': 19, 'chosen_order': None}, {'_': 'ReactionCount', 'reaction': {'_': 'ReactionEmoji', 'emoticon': '😐'}, 'count': 5, 'chosen_order': None}, {'_': 'ReactionCount', 'reaction': {'_': 'ReactionEmoji', 'emoticon': '🤔'}, 'count': 4, 'chosen_order': None}, {'_': 'ReactionCount', 'reaction': {'_': 'ReactionEmoji', 'emoticon': '💩'}, 'count': 2, 'chosen_order': None}, {'_': 'ReactionCount', 'reaction': {'_': 'ReactionEmoji', 'emoticon': '🍌'}, 'count': 2, 'chosen_order': None}, {'_': 'ReactionCount', 'reaction': {'_': 'ReactionEmoji', 'emoticon': '🖕'}, 'count': 2, 'chosen_order': None}, {'_': 'ReactionCount', 'reaction': {'_': 'ReactionEmoji', 'emoticon': '❤'}, 'count': 1, 'chosen_order': None}], 'min': False, 'can_see_list': False, 'reactions_as_tags': False, 'recent_reactions': []}",[],
devirtualizeme,https://t.me/devirtualizeme,234,2024-01-11 07:53:45,"MD-RED <DATE_TIME> crack without required license, keygen added on VIP group

join to group: Link",False,False,False,True,True,False,False,False,False,False,1664412714,,,,,,,,,6554.0,5.0,,2024-01-11T07:54:05+00:00,,,"{'_': 'MessageReactions', 'results': [{'_': 'ReactionCount', 'reaction': {'_': 'ReactionEmoji', 'emoticon': '👍'}, 'count': 15, 'chosen_order': None}, {'_': 'ReactionCount', 'reaction': {'_': 'ReactionEmoji', 'emoticon': '👎'}, 'count': 14, 'chosen_order': None}, {'_': 'ReactionCount', 'reaction': {'_': 'ReactionEmoji', 'emoticon': '😢'}, 'count': 3, 'chosen_order': None}, {'_': 'ReactionCount', 'reaction': {'_': 'ReactionEmoji', 'emoticon': '🖕'}, 'count': 3, 'chosen_order': None}, {'_': 'ReactionCount', 'reaction': {'_': 'ReactionEmoji', 'emoticon': '🥰'}, 'count': 2, 'chosen_order': None}, {'_': 'ReactionCount', 'reaction': {'_': 'ReactionEmoji', 'emoticon': '😁'}, 'count': 1, 'chosen_order': None}, {'_': 'ReactionCount', 'reaction': {'_': 'ReactionEmoji', 'emoticon': '🤯'}, 'count': 1, 'chosen_order': None}, {'_': 'ReactionCount', 'reaction': {'_': 'ReactionEmoji', 'emoticon': '💩'}, 'count': 1, 'chosen_order': None}], 'min': False, 'can_see_list': False, 'reactions_as_tags': False, 'recent_reactions': []}",[],
devirtualizeme,https://t.me/devirtualizeme,235,2024-01-12 08:58:47,"⚡️new version
SmartPhone Forensic System 6.130 Crack released in VIP group

join to vip group: Link",False,False,False,True,True,False,False,False,False,False,1664412714,,,,,,,,,6703.0,6.0,,2024-01-12T09:16:55+00:00,,,"{'_': 'MessageReactions', 'results': [{'_': 'ReactionCount', 'reaction': {'_': 'ReactionEmoji', 'emoticon': '💩'}, 'count': 21, 'chosen_order': None}, {'_': 'ReactionCount', 'reaction': {'_': 'ReactionEmoji', 'emoticon': '👍'}, 'count': 15, 'chosen_order': None}, {'_': 'ReactionCount', 'reaction': {'_': 'ReactionEmoji', 'emoticon': '👎'}, 'count': 7, 'chosen_order': None}, {'_': 'ReactionCount', 'reaction': {'_': 'ReactionEmoji', 'emoticon': '😁'}, 'count': 1, 'chosen_order': None}, {'_': 'ReactionCount', 'reaction': {'_': 'ReactionEmoji', 'emoticon': '🤯'}, 'count': 1, 'chosen_order': None}, {'_': 'ReactionCount', 'reaction': {'_': 'ReactionEmoji', 'emoticon': '🥱'}, 'count': 1, 'chosen_order': None}, {'_': 'ReactionCount', 'reaction': {'_': 'ReactionEmoji', 'emoticon': '🍌'}, 'count': 1, 'chosen_order': None}], 'min': False, 'can_see_list': False, 'reactions_as_tags': False, 'recent_reactions': []}",[],
devirtualizeme,https://t.me/devirtualizeme,236,2024-01-15 10:34:07,"DVR Examiner , AmpedFive , MD-VIDEO setup and crack uploaded in VIP Group by users :-))))

join to vip group: Link",False,False,False,True,True,False,False,True,False,False,1664412714,,,,,,,,,5823.0,5.0,,2024-01-15T10:39:27+00:00,,,"{'_': 'MessageReactions', 'results': [{'_': 'ReactionCount', 'reaction': {'_': 'ReactionEmoji', 'emoticon': '💩'}, 'count': 16, 'chosen_order': None}, {'_': 'ReactionCount', 'reaction': {'_': 'ReactionEmoji', 'emoticon': '👍'}, 'count': 14, 'chosen_order': None}, {'_': 'ReactionCount', 'reaction': {'_': 'ReactionEmoji', 'emoticon': '👎'}, 'count': 8, 'chosen_order': None}, {'_': 'ReactionCount', 'reaction': {'_': 'ReactionEmoji', 'emoticon': '💔'}, 'count': 2, 'chosen_order': None}, {'_': 'ReactionCount', 'reaction': {'_': 'ReactionEmoji', 'emoticon': '❤'}, 'count': 1, 'chosen_order': None}, {'_': 'ReactionCount', 'reaction': {'_': 'ReactionEmoji', 'emoticon': '🤯'}, 'count': 1, 'chosen_order': None}, {'_': 'ReactionCount', 'reaction': {'_': 'ReactionEmoji', 'emoticon': '🖕'}, 'count': 1, 'chosen_order': None}], 'min': False, 'can_see_list': False, 'reactions_as_tags': False, 'recent_reactions': []}",[],
devirtualizeme,https://t.me/devirtualizeme,238,2024-01-15 18:42:03,https://github.com/fjqisba/VmpHelper,False,False,False,True,True,False,False,True,False,False,1664412714,,,,,,,,,5931.0,12.0,,2024-01-15T18:42:21+00:00,,,"{'_': 'MessageReactions', 'results': [{'_': 'ReactionCount', 'reaction': {'_': 'ReactionEmoji', 'emoticon': '💩'}, 'count': 9, 'chosen_order': None}, {'_': 'ReactionCount', 'reaction': {'_': 'ReactionEmoji', 'emoticon': '👍'}, 'count': 7, 'chosen_order': None}, {'_': 'ReactionCount', 'reaction': {'_': 'ReactionEmoji', 'emoticon': '👎'}, 'count': 4, 'chosen_order': None}, {'_': 'ReactionCount', 'reaction': {'_': 'ReactionEmoji', 'emoticon': '🤯'}, 'count': 2, 'chosen_order': None}, {'_': 'ReactionCount', 'reaction': {'_': 'ReactionEmoji', 'emoticon': '🔥'}, 'count': 1, 'chosen_order': None}], 'min': False, 'can_see_list': False, 'reactions_as_tags': False, 'recent_reactions': []}",[],
devirtualizeme,https://t.me/devirtualizeme,243,2024-01-20 16:42:03,"Cellebrite Physical Analyzer Ultra <IP_ADDRESS> is ready for download in VIP Group

join to vip group: Link",False,False,False,True,True,False,False,True,False,False,1664412714,,,,,,,,,5449.0,8.0,,2024-01-20T16:42:59+00:00,,,"{'_': 'MessageReactions', 'results': [{'_': 'ReactionCount', 'reaction': {'_': 'ReactionEmoji', 'emoticon': '💔'}, 'count': 9, 'chosen_order': None}, {'_': 'ReactionCount', 'reaction': {'_': 'ReactionEmoji', 'emoticon': '👍'}, 'count': 4, 'chosen_order': None}, {'_': 'ReactionCount', 'reaction': {'_': 'ReactionEmoji', 'emoticon': '😁'}, 'count': 3, 'chosen_order': None}, {'_': 'ReactionCount', 'reaction': {'_': 'ReactionEmoji', 'emoticon': '🤯'}, 'count': 2, 'chosen_order': None}, {'_': 'ReactionCount', 'reaction': {'_': 'ReactionEmoji', 'emoticon': '👏'}, 'count': 1, 'chosen_order': None}, {'_': 'ReactionCount', 'reaction': {'_': 'ReactionEmoji', 'emoticon': '🤡'}, 'count': 1, 'chosen_order': None}], 'min': False, 'can_see_list': False, 'reactions_as_tags': False, 'recent_reactions': []}",[],
devirtualizeme,https://t.me/devirtualizeme,244,2024-01-20 16:52:08,"Now <PERSON>-VIDEO-3.13.3.619 Crack is ready for download in VIP Group

join to vip group: Link",False,False,False,True,True,False,False,True,False,False,1664412714,,,,,,,,,5679.0,0.0,,2024-01-20T16:52:22+00:00,,,"{'_': 'MessageReactions', 'results': [{'_': 'ReactionCount', 'reaction': {'_': 'ReactionEmoji', 'emoticon': '😁'}, 'count': 9, 'chosen_order': None}, {'_': 'ReactionCount', 'reaction': {'_': 'ReactionEmoji', 'emoticon': '💔'}, 'count': 7, 'chosen_order': None}, {'_': 'ReactionCount', 'reaction': {'_': 'ReactionEmoji', 'emoticon': '❤'}, 'count': 2, 'chosen_order': None}, {'_': 'ReactionCount', 'reaction': {'_': 'ReactionEmoji', 'emoticon': '🤯'}, 'count': 2, 'chosen_order': None}, {'_': 'ReactionCount', 'reaction': {'_': 'ReactionEmoji', 'emoticon': '🤪'}, 'count': 1, 'chosen_order': None}], 'min': False, 'can_see_list': False, 'reactions_as_tags': False, 'recent_reactions': []}",[],
devirtualizeme,https://t.me/devirtualizeme,246,2024-01-20 20:44:40,"MD-VIDEO-3.13.3.619 Crack no need license and keygen released in vip group


join to vip group: Link",False,False,False,True,True,False,False,True,False,False,1664412714,,,,244.0,False,False,,,5701.0,4.0,,2024-01-20T20:45:29+00:00,,,"{'_': 'MessageReactions', 'results': [{'_': 'ReactionCount', 'reaction': {'_': 'ReactionEmoji', 'emoticon': '💔'}, 'count': 13, 'chosen_order': None}, {'_': 'ReactionCount', 'reaction': {'_': 'ReactionEmoji', 'emoticon': '👍'}, 'count': 7, 'chosen_order': None}, {'_': 'ReactionCount', 'reaction': {'_': 'ReactionEmoji', 'emoticon': '😁'}, 'count': 5, 'chosen_order': None}, {'_': 'ReactionCount', 'reaction': {'_': 'ReactionEmoji', 'emoticon': '🤯'}, 'count': 5, 'chosen_order': None}, {'_': 'ReactionCount', 'reaction': {'_': 'ReactionEmoji', 'emoticon': '❤'}, 'count': 4, 'chosen_order': None}, {'_': 'ReactionCount', 'reaction': {'_': 'ReactionEmoji', 'emoticon': '🔥'}, 'count': 1, 'chosen_order': None}, {'_': 'ReactionCount', 'reaction': {'_': 'ReactionEmoji', 'emoticon': '🤪'}, 'count': 1, 'chosen_order': None}], 'min': False, 'can_see_list': False, 'reactions_as_tags': False, 'recent_reactions': []}",[],
devirtualizeme,https://t.me/devirtualizeme,250,2024-01-27 08:11:40,"Now <PERSON> is public 

Download Setup : 🔗Link
download Crack  : 🔗Link
download Keygen  : 🔗Link
Password is: <PERSON>
—————————-—————————-—————————-
How to install and Crack?
:)
enjoy

join to vip group: Link
Follow us: <PERSON>",False,False,False,True,True,False,False,True,False,False,1664412714,,,,,,,,,4582.0,133.0,,2024-01-27T08:12:00+00:00,,,"{'_': 'MessageReactions', 'results': [{'_': 'ReactionCount', 'reaction': {'_': 'ReactionEmoji', 'emoticon': '👍'}, 'count': 31, 'chosen_order': None}, {'_': 'ReactionCount', 'reaction': {'_': 'ReactionEmoji', 'emoticon': '❤'}, 'count': 17, 'chosen_order': None}, {'_': 'ReactionCount', 'reaction': {'_': 'ReactionEmoji', 'emoticon': '👏'}, 'count': 2, 'chosen_order': None}, {'_': 'ReactionCount', 'reaction': {'_': 'ReactionEmoji', 'emoticon': '💔'}, 'count': 2, 'chosen_order': None}, {'_': 'ReactionCount', 'reaction': {'_': 'ReactionEmoji', 'emoticon': '🔥'}, 'count': 1, 'chosen_order': None}, {'_': 'ReactionCount', 'reaction': {'_': 'ReactionEmoji', 'emoticon': '😁'}, 'count': 1, 'chosen_order': None}, {'_': 'ReactionCount', 'reaction': {'_': 'ReactionEmoji', 'emoticon': '💋'}, 'count': 1, 'chosen_order': None}, {'_': 'ReactionCount', 'reaction': {'_': 'ReactionEmoji', 'emoticon': '🤗'}, 'count': 1, 'chosen_order': None}], 'min': False, 'can_see_list': False, 'reactions_as_tags': False, 'recent_reactions': []}",[],
devirtualizeme,https://t.me/devirtualizeme,251,2024-01-28 17:38:13,"Supported Protections For deobfus and devirtualize Service

private protection
DNGuard 
<PERSON>
NET Reactor 
Agile .NET
CawkVM
Babel
ConfuserEx, KoiVM (Moded)
Crypto Obfuscator
SmartAssembly
ILProtector
Virtualbox

Native Layers (Themida, Enigma)

Send me your challenge: @GsmCoder",False,False,False,True,True,False,False,False,False,False,1664412714,,,,,,,,,3767.0,4.0,,2024-01-28T17:43:16+00:00,,,"{'_': 'MessageReactions', 'results': [{'_': 'ReactionCount', 'reaction': {'_': 'ReactionEmoji', 'emoticon': '👍'}, 'count': 16, 'chosen_order': None}], 'min': False, 'can_see_list': False, 'reactions_as_tags': False, 'recent_reactions': []}",[],
devirtualizeme,https://t.me/devirtualizeme,252,2024-01-29 12:59:04,"a.n.tool last version unpacked
 - devirtualize
 - deobfuscated
 -  json database decrypted and deserialized

website:
<NRP>


To get the src & solution contact Telegram: @GsmCoder",False,False,False,True,True,False,False,False,False,False,1664412714,,,,,,,5.888783042426814e+18,,3304.0,6.0,,2024-01-29T13:01:20+00:00,,1.3652265154440964e+16,"{'_': 'MessageReactions', 'results': [{'_': 'ReactionCount', 'reaction': {'_': 'ReactionEmoji', 'emoticon': '👍'}, 'count': 8, 'chosen_order': None}, {'_': 'ReactionCount', 'reaction': {'_': 'ReactionEmoji', 'emoticon': '😁'}, 'count': 6, 'chosen_order': None}, {'_': 'ReactionCount', 'reaction': {'_': 'ReactionEmoji', 'emoticon': '👏'}, 'count': 5, 'chosen_order': None}, {'_': 'ReactionCount', 'reaction': {'_': 'ReactionEmoji', 'emoticon': '🔥'}, 'count': 3, 'chosen_order': None}, {'_': 'ReactionCount', 'reaction': {'_': 'ReactionEmoji', 'emoticon': '🤯'}, 'count': 1, 'chosen_order': None}], 'min': False, 'can_see_list': False, 'reactions_as_tags': False, 'recent_reactions': []}",[],
devirtualizeme,https://t.me/devirtualizeme,253,2024-01-29 12:59:04,,False,False,False,True,True,False,False,False,False,False,1664412714,,,,,,,5.888783042426814e+18,,4548.0,6.0,,,,1.3652265154440964e+16,,[],
devirtualizeme,https://t.me/devirtualizeme,254,2024-01-29 12:59:04,,False,False,False,True,True,False,False,False,False,False,1664412714,,,,,,,5.888783042426814e+18,,4968.0,6.0,,,,1.3652265154440964e+16,,[],
devirtualizeme,https://t.me/devirtualizeme,256,2024-01-31 10:25:23,"VG MTK NO NEED PYTHON unpack will accept(order is required) (Delivery in 1h to 12h)
- devirtualize
- deobfuscation
- resource decryption
- etc

To get the src & solution contact Telegram: @GsmCoder",False,False,False,True,True,False,False,False,False,False,1664412714,,,,,,,5.895435375537668e+18,,3967.0,2.0,,2024-01-31T10:31:16+00:00,,1.3653573787341636e+16,"{'_': 'MessageReactions', 'results': [{'_': 'ReactionCount', 'reaction': {'_': 'ReactionEmoji', 'emoticon': '🔥'}, 'count': 10, 'chosen_order': None}, {'_': 'ReactionCount', 'reaction': {'_': 'ReactionEmoji', 'emoticon': '👍'}, 'count': 4, 'chosen_order': None}, {'_': 'ReactionCount', 'reaction': {'_': 'ReactionEmoji', 'emoticon': '😁'}, 'count': 4, 'chosen_order': None}, {'_': 'ReactionCount', 'reaction': {'_': 'ReactionEmoji', 'emoticon': '🤪'}, 'count': 1, 'chosen_order': None}], 'min': False, 'can_see_list': False, 'reactions_as_tags': False, 'recent_reactions': []}",[],
devirtualizeme,https://t.me/devirtualizeme,257,2024-01-31 10:25:23,,False,False,False,True,True,False,False,False,False,False,1664412714,,,,,,,5.895435375537668e+18,,5299.0,2.0,,,,1.3653573787341636e+16,,[],
devirtualizeme,https://t.me/devirtualizeme,258,2024-01-31 10:25:23,,False,False,False,True,True,False,False,False,False,False,1664412714,,,,,,,5.895435375537668e+18,,5563.0,3.0,,,,1.3653573787341636e+16,,[],
devirtualizeme,https://t.me/devirtualizeme,259,2024-02-03 09:43:46,"GS TOOL LITE V1.6 released [unpacked] 
Add Exploit Vivo Preloader mode:
- Vivo MT6771
- Vivo V2 (new sec) MT6768


To get the src & solution contact Telegram: @GsmCoder",False,False,False,True,True,False,False,False,False,False,1664412714,,,,106.0,False,False,,,4213.0,2.0,,2024-02-03T14:27:22+00:00,,,"{'_': 'MessageReactions', 'results': [{'_': 'ReactionCount', 'reaction': {'_': 'ReactionEmoji', 'emoticon': '🤯'}, 'count': 4, 'chosen_order': None}], 'min': False, 'can_see_list': False, 'reactions_as_tags': False, 'recent_reactions': []}",[],
devirtualizeme,https://t.me/devirtualizeme,260,2024-02-03 14:30:26,"follow us in github :)

github.com/Alephgsm",False,False,False,True,True,False,False,True,False,False,1664412714,,,,,,,,,4436.0,3.0,,2024-02-03T15:25:50+00:00,,,"{'_': 'MessageReactions', 'results': [{'_': 'ReactionCount', 'reaction': {'_': 'ReactionEmoji', 'emoticon': '🔥'}, 'count': 8, 'chosen_order': None}, {'_': 'ReactionCount', 'reaction': {'_': 'ReactionEmoji', 'emoticon': '👍'}, 'count': 5, 'chosen_order': None}], 'min': False, 'can_see_list': False, 'reactions_as_tags': False, 'recent_reactions': []}",[],
devirtualizeme,https://t.me/devirtualizeme,262,2024-02-13 17:14:10,"Now Detego 4.15 is public for VIP users
What exist in this pack?
Detego Analyse v4.15.1585
Detego AI Pack v4.15.54
Detego Passware integration v2023.4.0
ETC

join to vip group: Link",False,False,False,True,True,False,False,False,False,False,1664412714,,,,,,,,,3108.0,2.0,,2024-02-14T09:49:22+00:00,,,"{'_': 'MessageReactions', 'results': [{'_': 'ReactionCount', 'reaction': {'_': 'ReactionEmoji', 'emoticon': '👍'}, 'count': 1, 'chosen_order': None}], 'min': False, 'can_see_list': False, 'reactions_as_tags': False, 'recent_reactions': []}",[],
devirtualizeme,https://t.me/devirtualizeme,263,2024-02-13 17:14:52,"Now DVR Examiner 3.11.0 is public for VIP users

join to vip group: Link",False,False,False,True,True,False,False,True,False,False,1664412714,,,,,,,,,3488.0,2.0,,2024-02-13T17:23:06+00:00,,,"{'_': 'MessageReactions', 'results': [{'_': 'ReactionCount', 'reaction': {'_': 'ReactionEmoji', 'emoticon': '👍'}, 'count': 3, 'chosen_order': None}], 'min': False, 'can_see_list': False, 'reactions_as_tags': False, 'recent_reactions': []}",[],
devirtualizeme,https://t.me/devirtualizeme,264,2024-02-13 17:15:31,"Now Magnet AXIOM v7.91 is public for VIP users

join to vip group: Link",False,False,False,True,True,False,False,False,False,False,1664412714,,,,,,,,,3498.0,2.0,,2024-02-15T07:18:24+00:00,,,"{'_': 'MessageReactions', 'results': [{'_': 'ReactionCount', 'reaction': {'_': 'ReactionEmoji', 'emoticon': '\U0001fae1'}, 'count': 4, 'chosen_order': None}], 'min': False, 'can_see_list': False, 'reactions_as_tags': False, 'recent_reactions': []}",[],
devirtualizeme,https://t.me/devirtualizeme,266,2024-02-13 17:40:17,,False,False,False,False,True,,False,,,,1664412714,,,,265.0,False,False,,,,,,,,,,,
devirtualizeme,https://t.me/devirtualizeme,271,2024-02-16 16:13:42,"Now DVR Examiner 3.11.0 is public

Download Setup : 🔗Link
download Crack  : 🔗Link

Password is: <PERSON>
—————————-—————————-—————————-
How to install:
:)

Join to vip group : 🔗Link

Follow us: <PERSON>",False,False,False,True,True,False,False,True,False,False,1664412714,,,,,,,,,3150.0,55.0,,2024-02-16T16:59:43+00:00,Christopher (0x0A),,"{'_': 'MessageReactions', 'results': [{'_': 'ReactionCount', 'reaction': {'_': 'ReactionEmoji', 'emoticon': '👍'}, 'count': 7, 'chosen_order': None}, {'_': 'ReactionCount', 'reaction': {'_': 'ReactionEmoji', 'emoticon': '🔥'}, 'count': 4, 'chosen_order': None}, {'_': 'ReactionCount', 'reaction': {'_': 'ReactionEmoji', 'emoticon': '❤'}, 'count': 3, 'chosen_order': None}, {'_': 'ReactionCount', 'reaction': {'_': 'ReactionEmoji', 'emoticon': '👏'}, 'count': 1, 'chosen_order': None}], 'min': False, 'can_see_list': False, 'reactions_as_tags': False, 'recent_reactions': []}",[],
devirtualizeme,https://t.me/devirtualizeme,272,2024-02-17 06:58:14,,False,False,False,True,True,,False,,,,1664412714,,,,269.0,False,False,,,,,,,,,,,
devirtualizeme,https://t.me/devirtualizeme,273,2024-02-17 09:22:34,"Arsenal image mounter v3.11.279 Crack is released by users in VIP Group

join to vip group: 🔗Link",False,False,False,True,True,False,False,True,False,False,1664412714,,,,,,,,,2933.0,7.0,,2024-02-17T10:40:58+00:00,Christopher (0x0A),,"{'_': 'MessageReactions', 'results': [{'_': 'ReactionCount', 'reaction': {'_': 'ReactionEmoji', 'emoticon': '👍'}, 'count': 4, 'chosen_order': None}], 'min': False, 'can_see_list': False, 'reactions_as_tags': False, 'recent_reactions': []}",[],
devirtualizeme,https://t.me/devirtualizeme,275,2024-02-20 12:57:31,"SAMSUNG Qualcomm device (EDL Mode) unbrick / debrick (emergency file)

list of device :

Samsung Galaxy A52 5G SM-A526U U10
Samsung Galaxy A71 SM-A716U Ug
Samsung Galaxy Note 10 PLUS SM-N975U U7
Samsung Galaxy Note 10 SM-N970U U7
Samsung Galaxy Note20 5G SM-N981U U2
Samsung Galaxy Note20 Ultra 5G SM-N986U U2
Samsung Galaxy Note20 Ultra 5G SM-N986U <NRP>
Samsung Galaxy 510 Plus SM-G975U U7
Samsung Galaxy 510 Plus SM-G975U U9
Samsung Galaxy S10 SM-G973U U7
Samsung Galaxy S10e SM-G970U U7
Samsung Galaxy S20 5G SM-G981U U2
Samsung Galaxy S20 5G SM-G981U U7
Samsung Galaxy S20 FE 5G SM-G781U U8
Samsung Galaxy S20 FE 5G SM-G781U U6
Samsung Galaxy S20 FE 5G SM-G781U U9
Samsung Galaxy S20 FE 5G SM-G781V U5
Samsung Galaxy S20 PLUS 5G SM-G985U U2
Samsung Galaxy S20 PLUS 5G SM-G986U U7
Samsung Galaxy S20 Ultra 5G SM-G988U U2
Samsung Galaxy $20 Ultra 5G SM-G988U U7
Samsung Galaxy S21 5G SM-G991U U4
Samsung Galaxy S21 5G SM-G991U <NRP>
Samsung Galaxy S21 5G SM-G991U UB
Samsung Galaxy S21 5G SM-G991U U9
Samsung Galaxy S21 FE SM-G990 U2 U7
Samsung Galaxy S21 FE SM-G990U U9
Samsung Galaxy S21 PLUS 5G SM-G996U U4
Samsung Galaxy S21 PLUS 5G SM-G996U US
Samsung Galaxy S21 PLUS 5G SM-G996U U8
Samsung Galaxy S21 PLUS 5G SM-G996U U9
Samsung Galaxy S21 Ultra SM-G998U U4
Samsung Galaxy 521 Ultra SM-G998U US
Samsung Galaxy S21 Ultra SM-G998U U8
Samsung Galaxy S21 Ultra SM-G998U U9
Samsung Galaxy S22 5G SM-5901E U7
Samsung Galaxy S22 5G SM-5901U U3
Samsung Galaxy S22 PLUS 5G SM-S906U U3
Samsung Galaxy S22 Ultra 5G SM-5908E U7
Samsung Galaxy S22 Ultra 5G SM-S908U U3
Samsung Galaxy S23 5G SM-S911B U3
Samsung Galaxy S23 PLUS SM-S916B U3
Samsung Galaxy S23 PLUS SM-S916U U2
Samsung Galaxy S23 Ultra 5G SM-59188 U3
Samsung Galaxy S23 Ultra SM-5918U U2
Samsung Galaxy Z Flip 4 SM-F721U_U3
Samsung Galaxy Z Flip3 5G SM-F711U US
Samsung Galaxy Z Fold2 5G SM-F916U UZ
Samsung Galaxy Z Fold3 5G SM-F9268 U4
Samsung Galaxy Z Fold3 5G SM-F9268 <NRP>
Samsung Galaxy Z Fold4 5G SM-F9368 U4
Samsung Galaxy Z Fold4 5G SM-F936U U3


https://github.com/Alephgsm/SAM-unbrick-debrick",False,False,False,True,True,False,False,True,False,False,1664412714,,"{'_': 'MessageFwdHeader', 'date': '2024-02-20T12:26:44+00:00', 'imported': False, 'saved_out': False, 'from_id': {'_': 'PeerChannel', 'channel_id': 1598857770}, 'from_name': None, 'channel_post': 308, 'post_author': None, 'saved_from_peer': None, 'saved_from_msg_id': None, 'saved_from_id': None, 'saved_from_name': None, 'saved_date': None, 'psa_type': None}",,,,,,,1954.0,36.0,,2024-02-20T12:58:00+00:00,Christopher (0x0A),,"{'_': 'MessageReactions', 'results': [{'_': 'ReactionCount', 'reaction': {'_': 'ReactionEmoji', 'emoticon': '❤'}, 'count': 12, 'chosen_order': None}, {'_': 'ReactionCount', 'reaction': {'_': 'ReactionEmoji', 'emoticon': '👍'}, 'count': 7, 'chosen_order': None}, {'_': 'ReactionCount', 'reaction': {'_': 'ReactionEmoji', 'emoticon': '🔥'}, 'count': 2, 'chosen_order': None}], 'min': False, 'can_see_list': False, 'reactions_as_tags': False, 'recent_reactions': []}",[],
devirtualizeme,https://t.me/devirtualizeme,277,2024-02-25 13:39:25,"public group deleted :)

now just we have VIP Forensics group

How to join:
https://t.me/DevirtualizeME/214",False,False,False,True,True,False,False,True,False,False,1664412714,,,,,,,,,864.0,1.0,,2024-02-25T13:47:10+00:00,Christopher (0x0A),,"{'_': 'MessageReactions', 'results': [{'_': 'ReactionCount', 'reaction': {'_': 'ReactionEmoji', 'emoticon': '😱'}, 'count': 3, 'chosen_order': None}, {'_': 'ReactionCount', 'reaction': {'_': 'ReactionEmoji', 'emoticon': '🙉'}, 'count': 2, 'chosen_order': None}], 'min': False, 'can_see_list': False, 'reactions_as_tags': False, 'recent_reactions': []}",[],
devirtualizeme,https://t.me/devirtualizeme,278,2024-02-25 13:52:33,"<DATE_TIME> we will update price of forensics vip group (i feel Considering the level of professionalism of the group, the current price is really small.)

But until <DATE_TIME>, anyone who is interested can enter the vip group at the current price :)",False,False,False,True,True,False,False,True,False,False,1664412714,,,,214.0,False,False,,,827.0,1.0,,2024-02-25T13:53:09+00:00,Christopher (0x0A),,"{'_': 'MessageReactions', 'results': [{'_': 'ReactionCount', 'reaction': {'_': 'ReactionEmoji', 'emoticon': '🥰'}, 'count': 6, 'chosen_order': None}, {'_': 'ReactionCount', 'reaction': {'_': 'ReactionEmoji', 'emoticon': '🤯'}, 'count': 4, 'chosen_order': None}, {'_': 'ReactionCount', 'reaction': {'_': 'ReactionEmoji', 'emoticon': '😱'}, 'count': 4, 'chosen_order': None}, {'_': 'ReactionCount', 'reaction': {'_': 'ReactionEmoji', 'emoticon': '🤡'}, 'count': 3, 'chosen_order': None}, {'_': 'ReactionCount', 'reaction': {'_': 'ReactionEmoji', 'emoticon': '❤'}, 'count': 2, 'chosen_order': None}, {'_': 'ReactionCount', 'reaction': {'_': 'ReactionEmoji', 'emoticon': '🤪'}, 'count': 2, 'chosen_order': None}, {'_': 'ReactionCount', 'reaction': {'_': 'ReactionEmoji', 'emoticon': '💔'}, 'count': 1, 'chosen_order': None}], 'min': False, 'can_see_list': False, 'reactions_as_tags': False, 'recent_reactions': []}",[],
devirtualizeme,https://t.me/devirtualizeme,280,2024-02-27 19:05:11,Price updated :),False,False,False,True,True,False,False,True,False,False,1664412714,,,,214.0,False,False,,,1670.0,0.0,,2024-02-27T19:05:46+00:00,Christopher (0x0A),,"{'_': 'MessageReactions', 'results': [{'_': 'ReactionCount', 'reaction': {'_': 'ReactionEmoji', 'emoticon': '💔'}, 'count': 12, 'chosen_order': None}, {'_': 'ReactionCount', 'reaction': {'_': 'ReactionEmoji', 'emoticon': '😁'}, 'count': 11, 'chosen_order': None}, {'_': 'ReactionCount', 'reaction': {'_': 'ReactionEmoji', 'emoticon': '😱'}, 'count': 7, 'chosen_order': None}, {'_': 'ReactionCount', 'reaction': {'_': 'ReactionEmoji', 'emoticon': '🤯'}, 'count': 4, 'chosen_order': None}, {'_': 'ReactionCount', 'reaction': {'_': 'ReactionEmoji', 'emoticon': '🤡'}, 'count': 4, 'chosen_order': None}, {'_': 'ReactionCount', 'reaction': {'_': 'ReactionEmoji', 'emoticon': '🤪'}, 'count': 3, 'chosen_order': None}], 'min': False, 'can_see_list': False, 'reactions_as_tags': False, 'recent_reactions': []}",[],
devirtualizeme,https://t.me/devirtualizeme,281,2024-02-29 08:01:38,"DVR Examiner v3.12.0 setup and crack is released by users in VIP Group

join to vip group: 🔗Link",False,False,False,True,True,False,False,True,False,False,1664412714,,,,,,,,,1336.0,0.0,,2024-02-29T08:05:21+00:00,Christopher (0x0A),,"{'_': 'MessageReactions', 'results': [{'_': 'ReactionCount', 'reaction': {'_': 'ReactionEmoji', 'emoticon': '👍'}, 'count': 7, 'chosen_order': None}, {'_': 'ReactionCount', 'reaction': {'_': 'ReactionEmoji', 'emoticon': '🤡'}, 'count': 2, 'chosen_order': None}, {'_': 'ReactionCount', 'reaction': {'_': 'ReactionEmoji', 'emoticon': '💔'}, 'count': 2, 'chosen_order': None}], 'min': False, 'can_see_list': False, 'reactions_as_tags': False, 'recent_reactions': []}",[],
devirtualizeme,https://t.me/devirtualizeme,282,2024-02-29 16:12:19,"SmartPhone Forensic system v6.136.2311 setup and crack released in VIP Group by users


join to vip group: 🔗Link",False,False,False,True,True,False,False,True,False,False,1664412714,,,,,,,,,1194.0,3.0,,2024-02-29T16:13:18+00:00,Christopher (0x0A),,"{'_': 'MessageReactions', 'results': [{'_': 'ReactionCount', 'reaction': {'_': 'ReactionEmoji', 'emoticon': '😁'}, 'count': 3, 'chosen_order': None}, {'_': 'ReactionCount', 'reaction': {'_': 'ReactionEmoji', 'emoticon': '💔'}, 'count': 2, 'chosen_order': None}, {'_': 'ReactionCount', 'reaction': {'_': 'ReactionEmoji', 'emoticon': '❤'}, 'count': 1, 'chosen_order': None}], 'min': False, 'can_see_list': False, 'reactions_as_tags': False, 'recent_reactions': []}",[],
devirtualizeme,https://t.me/devirtualizeme,283,2024-02-29 20:25:15,"After we created VIP group, many people became sellers with our files or created VIP group like us

In fact, the files that are placed in our VIP group are not very important

What matters is the people in our group

They will never succeed in having our VIP group users

Our users share their findings without hesitation and most of them are professionals (with respect to them).

I am proud to be with these people, surely you will be proud too",False,False,False,True,True,False,False,True,False,False,1664412714,,,,214.0,False,False,,,1086.0,0.0,,2024-02-29T20:26:00+00:00,Christopher (0x0A),,"{'_': 'MessageReactions', 'results': [{'_': 'ReactionCount', 'reaction': {'_': 'ReactionEmoji', 'emoticon': '❤'}, 'count': 17, 'chosen_order': None}, {'_': 'ReactionCount', 'reaction': {'_': 'ReactionEmoji', 'emoticon': '👍'}, 'count': 13, 'chosen_order': None}, {'_': 'ReactionCount', 'reaction': {'_': 'ReactionEmoji', 'emoticon': '😁'}, 'count': 3, 'chosen_order': None}, {'_': 'ReactionCount', 'reaction': {'_': 'ReactionEmoji', 'emoticon': '🔥'}, 'count': 2, 'chosen_order': None}], 'min': False, 'can_see_list': False, 'reactions_as_tags': False, 'recent_reactions': []}",[],
devirtualizeme,https://t.me/devirtualizeme,284,2024-03-01 09:52:43,"PatchFinder desktop v8.3.1 setup and crack released in VIP Group by users

join to vip group: 🔗Link",False,False,False,True,True,False,False,True,False,False,1664412714,,,,,,,,,825.0,0.0,,2024-03-01T17:57:14+00:00,Christopher (0x0A),,"{'_': 'MessageReactions', 'results': [{'_': 'ReactionCount', 'reaction': {'_': 'ReactionEmoji', 'emoticon': '👍'}, 'count': 2, 'chosen_order': None}], 'min': False, 'can_see_list': False, 'reactions_as_tags': False, 'recent_reactions': []}",[],
devirtualizeme,https://t.me/devirtualizeme,287,2024-03-10 19:01:21,"Magnet AXIOM v7.101 released in vip group by users

join to vip group: Link",False,False,False,True,True,False,False,False,False,False,1664412714,,,,,,,,,1175.0,2.0,,2024-03-10T21:26:49+00:00,Christopher (0x0A),,"{'_': 'MessageReactions', 'results': [{'_': 'ReactionCount', 'reaction': {'_': 'ReactionEmoji', 'emoticon': '❤'}, 'count': 1, 'chosen_order': None}], 'min': False, 'can_see_list': False, 'reactions_as_tags': False, 'recent_reactions': []}",[],
devirtualizeme,https://t.me/devirtualizeme,288,2024-03-10 19:14:32,"Although I am not a <NRP>, but with respect to all <NRP> in the world
On the occasion of the arrival of <DATE_TIME>, we have considered a special 50% discount for membership in the VIP group

The price for <DATE_TIME> to join the VIP Forensics group is $50 USDT

Benefits:
- [important] Communication with those interested in the world of forensics 
- Faster and easier download new version of forensics application setup, crack , keygen (Cellebrite , gmdsoft , oxygen , etc)
- lifetime access (There is no expiration date for your membership in the VIP group)


How can pay:
 
USDT Trc20 (50$ USDT):
TKuAct8LKbYLMsnVPWJk6ir3gYFCkKmxws

BTC : (0.001 BTC)
bc1q4tkurfeyclj0knhj35uf46lzmcc26meeew5mrn

After pay , send payment result to this ID: @GsmCoder",False,False,False,True,True,False,False,False,True,False,1664412714,,,,,,,,,1179.0,2.0,,2024-03-10T19:18:04+00:00,Christopher (0x0A),,"{'_': 'MessageReactions', 'results': [{'_': 'ReactionCount', 'reaction': {'_': 'ReactionEmoji', 'emoticon': '❤'}, 'count': 22, 'chosen_order': None}, {'_': 'ReactionCount', 'reaction': {'_': 'ReactionEmoji', 'emoticon': '👏'}, 'count': 5, 'chosen_order': None}, {'_': 'ReactionCount', 'reaction': {'_': 'ReactionEmoji', 'emoticon': '🤡'}, 'count': 4, 'chosen_order': None}, {'_': 'ReactionCount', 'reaction': {'_': 'ReactionEmoji', 'emoticon': '👍'}, 'count': 2, 'chosen_order': None}, {'_': 'ReactionCount', 'reaction': {'_': 'ReactionEmoji', 'emoticon': '💔'}, 'count': 2, 'chosen_order': None}, {'_': 'ReactionCount', 'reaction': {'_': 'ReactionEmoji', 'emoticon': '😁'}, 'count': 1, 'chosen_order': None}, {'_': 'ReactionCount', 'reaction': {'_': 'ReactionEmoji', 'emoticon': '🕊'}, 'count': 1, 'chosen_order': None}, {'_': 'ReactionCount', 'reaction': {'_': 'ReactionEmoji', 'emoticon': '🎄'}, 'count': 1, 'chosen_order': None}], 'min': False, 'can_see_list': False, 'reactions_as_tags': False, 'recent_reactions': []}",[],
devirtualizeme,https://t.me/devirtualizeme,289,2024-03-11 08:17:14,,False,False,False,True,True,,False,,,,1664412714,,,,288.0,False,False,,,,,,,,,,,
devirtualizeme,https://t.me/devirtualizeme,292,2024-03-17 15:48:52,"TFT unlock tools 2024.03.20 ramadan karim edition released <DATE_TIME>


Project unpacked (deobfuscated and devirtualized)

To get source contact us: @GsmCoder",False,False,False,True,True,False,False,False,False,False,1664412714,,,,15.0,False,False,,,4668.0,7.0,,2024-03-17T15:49:47+00:00,Christopher (0x0A),,"{'_': 'MessageReactions', 'results': [{'_': 'ReactionCount', 'reaction': {'_': 'ReactionEmoji', 'emoticon': '🔥'}, 'count': 8, 'chosen_order': None}, {'_': 'ReactionCount', 'reaction': {'_': 'ReactionEmoji', 'emoticon': '👍'}, 'count': 5, 'chosen_order': None}, {'_': 'ReactionCount', 'reaction': {'_': 'ReactionEmoji', 'emoticon': '🤡'}, 'count': 1, 'chosen_order': None}], 'min': False, 'can_see_list': False, 'reactions_as_tags': False, 'recent_reactions': []}",[],
devirtualizeme,https://t.me/devirtualizeme,296,2024-03-28 06:52:12,"Oxygen forensics detective 16.2 (device extractor only) addons exist in vip group (this idea published from our vip users from <DATE_TIME>)

With this addons U can use all features, devices exist in 16.2

Join to VIP Group : Link",False,False,False,True,True,False,False,False,True,False,1664412714,,,,,,,,,1819.0,7.0,,2024-03-28T10:15:01+00:00,Christopher (0x0A),,"{'_': 'MessageReactions', 'results': [{'_': 'ReactionCount', 'reaction': {'_': 'ReactionEmoji', 'emoticon': '😁'}, 'count': 9, 'chosen_order': None}, {'_': 'ReactionCount', 'reaction': {'_': 'ReactionEmoji', 'emoticon': '👍'}, 'count': 3, 'chosen_order': None}, {'_': 'ReactionCount', 'reaction': {'_': 'ReactionEmoji', 'emoticon': '🔥'}, 'count': 3, 'chosen_order': None}, {'_': 'ReactionCount', 'reaction': {'_': 'ReactionEmoji', 'emoticon': '👏'}, 'count': 2, 'chosen_order': None}], 'min': False, 'can_see_list': False, 'reactions_as_tags': False, 'recent_reactions': []}",[],
devirtualizeme,https://t.me/devirtualizeme,298,2024-03-28 09:09:03,,False,False,False,True,True,,False,,,,1664412714,,,,296.0,False,False,,,,,,,,,,,
