Channel ID,URL,Post ID,date,message,out,mentioned,media_unread,silent,post,from_scheduled,legacy,edit_hide,pinned,noforwards,peer_channel,from_id_user,fwd_from,via_bot_id,reply_to_msg_id,reply_to_scheduled,forum_topic,media_photo_id,reply_markup,views,forwards,replies,edit_date,post_author,grouped_id,reactions,restriction_reason,ttl_period
dierctappshub,https://t.me/dierctappshub,407,2024-01-14 14:20:29,"✅Prank Payment
🎯𝗩𝗲𝗿𝘀𝗶𝗼𝗻 - 8.0
💡Secret Channel➛Join Now
➖➖➖➖➖➖➖➖➖➖➖➖
✅Create fake Paytm, UPI, PhonePay, Gpay Payment Screenshot 
<PERSON>:
<PERSON> 
🌀Don't Misuse It
🌀No Any Ads
🌀Don't Use For Revenge🥲
➖➖➖➖➖➖➖➖➖➖➖➖➖
✅𝙇𝙞𝙣𝙠 ➡️ 𝘾𝙡𝙞𝙘𝙠 𝙝𝙚𝙧𝙚 𝙩𝙤 𝙙𝙤𝙬𝙣𝙡𝙤𝙖𝙙
➖➖➖➖➖➖➖➖➖➖➖➖➖
✅ <PERSON> 𝐋𝐢𝐯𝐞📌

➡<PERSON> 𝘿𝙤𝙬𝙣𝙡𝙤𝙖𝙙⬅️",False,False,False,False,True,False,False,True,False,False,1934845030,,,,,,,,,726,3,,2024-01-15T08:26:52+00:00,༺Mr.Legend༻,,"{'_': 'MessageReactions', 'results': [{'_': 'ReactionCount', 'reaction': {'_': 'ReactionEmoji', 'emoticon': '👍'}, 'count': 1, 'chosen_order': None}], 'min': False, 'can_see_list': False, 'reactions_as_tags': False, 'recent_reactions': []}",[],
dierctappshub,https://t.me/dierctappshub,408,2024-01-15 05:52:01,"​✅Best 5 Ways To H@ck An Instagram Accounts That work well in <DATE_TIME>
💡Secret Channel➛Join Now
<PERSON>Before starting keep in mind that hacking into another person’s Instagram account is illegal.This is intended for entertainment purposes only.🏓
➖➖➖➖➖➖➖➖➖➖➖
✅𝙇𝙞𝙣𝙠 ➡️ 𝘾𝙡𝙞𝙘𝙠 𝙝𝙚𝙧𝙚 𝙩𝙤 𝙙𝙤𝙬𝙣𝙡𝙤𝙖𝙙
➖➖➖➖➖➖➖➖➖➖➖
✅ <PERSON> 𝐋𝐢𝐯𝐞

➡<PERSON> 𝘿𝙤𝙬𝙣𝙡𝙤𝙖𝙙⬅️",False,False,False,False,True,False,False,True,False,False,1934845030,,,,,,,,,764,2,,2024-01-15T08:26:51+00:00,༺Mr.Legend༻,,"{'_': 'MessageReactions', 'results': [{'_': 'ReactionCount', 'reaction': {'_': 'ReactionEmoji', 'emoticon': '👍'}, 'count': 1, 'chosen_order': None}], 'min': False, 'can_see_list': False, 'reactions_as_tags': False, 'recent_reactions': []}",[],
dierctappshub,https://t.me/dierctappshub,409,2024-01-15 08:04:01,"✅Now Jam Someone's Internet Access.Download Now Our Website 🐇
➖➖➖➖➖➖➖➖➖➖➖
✅𝙇𝙞𝙣𝙠 ➡️ 𝘾𝙡𝙞𝙘𝙠 𝙝𝙚𝙧𝙚 𝙩𝙤 𝙙𝙤𝙬𝙣𝙡𝙤𝙖𝙙
➖➖➖➖➖➖➖➖➖➖
✅ <PERSON> 𝐋𝐢𝐯𝐞📌

➡<PERSON> 𝘿𝙤𝙬𝙣𝙡𝙤𝙖𝙙⬅️",False,False,False,False,True,False,False,True,False,False,1934845030,,,,,,,6.16555624971906e+18,,702,2,,2024-01-15T08:26:50+00:00,༺Mr.Legend༻,,"{'_': 'MessageReactions', 'results': [{'_': 'ReactionCount', 'reaction': {'_': 'ReactionEmoji', 'emoticon': '👍'}, 'count': 1, 'chosen_order': None}], 'min': False, 'can_see_list': False, 'reactions_as_tags': False, 'recent_reactions': []}",[],
dierctappshub,https://t.me/dierctappshub,410,2024-01-15 12:15:30,"🌀H@ck any Camera no matter 😅 

✅𝐂𝐚𝐦-𝐝𝐮𝐦𝐩𝐞𝐫 Is ᴀ <PERSON> ɪɴ Tʜᴇ Lᴀɴɢᴜᴀɢᴇ Oғ Pʏᴛʜᴏɴ Pʀᴏɢʀᴀᴍ Fᴏʀ Hᴀᴄᴋɪɴɢ ᴄCᴛᴠ Cᴀᴍᴇʀᴀs Tʜᴀᴛ <PERSON> Iɴ 𝟸𝟶 Cᴏᴜɴᴛʀɪᴇs
➖➖➖➖➖➖➖➖➖➖➖➖➖
✅𝙇𝙞𝙣𝙠 ➡️ 𝘾𝙡𝙞𝙘𝙠 𝙝𝙚𝙧𝙚 𝙩𝙤 𝙙𝙤𝙬𝙣𝙡𝙤𝙖𝙙
➖➖➖➖➖➖➖➖➖➖➖➖➖
✅ Hacking Whatsapp Chat🌀

➡<PERSON> 𝘿𝙤𝙬𝙣𝙡𝙤𝙖𝙙⬅️",False,False,False,False,True,False,False,True,False,False,1934845030,,,,,,,,,737,2,,2024-01-16T07:58:32+00:00,༺Mr.Legend༻,,"{'_': 'MessageReactions', 'results': [{'_': 'ReactionCount', 'reaction': {'_': 'ReactionEmoji', 'emoticon': '👍'}, 'count': 2, 'chosen_order': None}], 'min': False, 'can_see_list': False, 'reactions_as_tags': False, 'recent_reactions': []}",[],
dierctappshub,https://t.me/dierctappshub,414,2024-01-17 08:04:01,"✅Key Points In Carding Method
➖➖➖➖➖➖➖➖➖➖➖
✅𝙇𝙞𝙣𝙠 ➡️ 𝘾𝙡𝙞𝙘𝙠 𝙝𝙚𝙧𝙚 𝙩𝙤 𝙙𝙤𝙬𝙣𝙡𝙤𝙖𝙙
➖➖➖➖➖➖➖➖➖
✅ <PERSON> 𝐋𝐢𝐯𝐞📌

➡<PERSON> 𝘿𝙤𝙬𝙣𝙡𝙤𝙖𝙙⬅️",False,False,False,False,True,False,False,False,False,False,1934845030,,,,,,,,,668,0,,,༺Mr.Legend༻,,,[],
dierctappshub,https://t.me/dierctappshub,415,2024-01-17 10:10:38,"​​✅Web-Hacking Complete Course 🔰
💡Secret Channel➛Join Now
➖➖➖➖➖➖➖➖➖
✅Top Techniques Hackers Use For Web Hacking : 
▫<DATE_TIME> Injection attacks
▫️Cross Site Scripting (XSS)
▫️Denial of Service (DoS/DDoS)
▫️Cross-site request forgery 
▫️DNS Spoofing
▫️Social engineering techniques
▫️Phishing
▫️Baiting
▫️Pretexting
▫️Dorking
➖➖➖➖➖➖➖➖➖➖➖
✅𝙇𝙞𝙣𝙠 ➡️ 𝘾𝙡𝙞𝙘𝙠 𝙝𝙚𝙧𝙚 𝙩𝙤 𝙙𝙤𝙬𝙣𝙡𝙤𝙖𝙙
➖➖➖➖➖➖➖➖➖
✅ <PERSON> 𝐋𝐢𝐯𝐞📌

➡<PERSON> 𝘿𝙤𝙬𝙣𝙡𝙤𝙖𝙙⬅️",False,False,False,False,True,False,False,False,False,False,1934845030,,,,,,,,,715,0,,,༺Mr.Legend༻,,,[],
dierctappshub,https://t.me/dierctappshub,416,2024-01-18 05:52:01,"🔵Recover Hacked Facebook Account without email and password <DATE_TIME> SECRET CHANNEL➡️ CLICK HERE
<PERSON>👨‍💻Recover Facebook Hacked Account

➖➖➖➖➖➖➖➖➖➖➖
✅𝙇𝙞𝙣𝙠 ➡️ 𝘾𝙡𝙞𝙘𝙠 𝙝𝙚𝙧𝙚 𝙩𝙤 𝙙𝙤𝙬𝙣𝙡𝙤𝙖𝙙
➖➖➖➖➖➖➖➖➖
✅ <PERSON> 𝐋𝐢𝐯𝐞📌

➡<PERSON> 𝘿𝙤𝙬𝙣𝙡𝙤𝙖𝙙⬅️",False,False,False,False,True,False,False,False,False,False,1934845030,,,,,,,6.237706705244895e+18,,699,7,,,༺Mr.Legend༻,,,[],
dierctappshub,https://t.me/dierctappshub,417,2024-01-18 08:28:34,"✅Telegram Unlimited ID Method (Premium Trick)
💡Secret Channel➛Join Now
➖➖➖➖➖➖➖➖➖➖
.               ❤100% Working❤

⚡️Paid method free for you😍
➖➖➖➖➖➖➖➖➖➖➖
✅𝙇𝙞𝙣𝙠 ➡️ 𝘾𝙡𝙞𝙘𝙠 𝙝𝙚𝙧𝙚 𝙩𝙤 𝙙𝙤𝙬𝙣𝙡𝙤𝙖𝙙
➖➖➖➖➖➖➖➖➖➖
✅ <PERSON> 𝐋𝐢𝐯𝐞📌

➡<PERSON> 𝘿𝙤𝙬𝙣𝙡𝙤𝙖𝙙⬅️",False,False,False,False,True,False,False,False,False,False,1934845030,,,,,,,,,686,1,,,༺Mr.Legend༻,,,[],
dierctappshub,https://t.me/dierctappshub,420,2024-01-19 05:50:27,"✅How To Check Anyone's Private Photos and Videos using Chrome [Full Video tutorial]
💡Secret Channel➛Join Now
➖➖➖➖➖➖➖➖➖➖➖➖➖

🫂In This Video You Will Learn to see locked gallery / file manager from Browser 
➖➖➖➖➖➖➖➖➖➖➖➖➖
✅𝙇𝙞𝙣𝙠 ➡️ 𝘾𝙡𝙞𝙘𝙠 𝙝𝙚𝙧𝙚 𝙩𝙤 𝙙𝙤𝙬𝙣𝙡𝙤𝙖𝙙
➖➖➖➖➖➖➖➖➖➖➖➖➖
✅ <PERSON> 𝐋𝐢𝐯𝐞📌

➡<PERSON> 𝘿𝙤𝙬𝙣𝙡𝙤𝙖𝙙⬅️",False,False,False,False,True,False,False,True,False,False,1934845030,,,,,,,,,760,3,,2024-01-19T06:15:33+00:00,༺Mr.Legend༻,,"{'_': 'MessageReactions', 'results': [{'_': 'ReactionCount', 'reaction': {'_': 'ReactionEmoji', 'emoticon': '👍'}, 'count': 2, 'chosen_order': None}], 'min': False, 'can_see_list': False, 'reactions_as_tags': False, 'recent_reactions': []}",[],
dierctappshub,https://t.me/dierctappshub,427,2024-01-21 12:06:01,"​​​​​​​​​​​​​​​​​​​​​​​​​​​✅JIO Unlimited Data App
 (Ads Free) (Exclusive) 
💡Secret Channel➛Join Now
<PERSON>Mod Features
🌀Jio Unlimited Data Vpn
🌀Ads Removed 
🌀Fist Time Open Need Data 
🌀Connect To Jio Server 2
🌀Work After <PERSON>➖
✅𝙇𝙞𝙣𝙠 ➡️ 𝘾𝙡𝙞𝙘𝙠 𝙝𝙚𝙧𝙚 𝙩𝙤 𝙙𝙤𝙬𝙣𝙡𝙤𝙖𝙙
➖➖➖➖➖➖➖➖➖➖➖
✅ <PERSON> 𝐋𝐢𝐯𝐞📌

➡<PERSON> 𝘿𝙤𝙬𝙣𝙡𝙤𝙖𝙙⬅️",False,False,False,False,True,False,False,False,False,False,1934845030,,,,,,,6.177198922511005e+18,,816,0,,,༺Mr.Legend༻,,,[],
dierctappshub,https://t.me/dierctappshub,428,2024-01-22 06:15:28,"🌀H@ck any Camera no matter 😅 

✅𝐂𝐚𝐦-𝐝𝐮𝐦𝐩𝐞𝐫 Is ᴀ <PERSON> ɪɴ Tʜᴇ Lᴀɴɢᴜᴀɢᴇ Oғ Pʏᴛʜᴏɴ Pʀᴏɢʀᴀᴍ Fᴏʀ Hᴀᴄᴋɪɴɢ ᴄCᴛᴠ Cᴀᴍᴇʀᴀs Tʜᴀᴛ <PERSON> Iɴ 𝟸𝟶 Cᴏᴜɴᴛʀɪᴇs
➖➖➖➖➖➖➖➖➖➖➖➖➖
✅𝙇𝙞𝙣𝙠 ➡️ 𝘾𝙡𝙞𝙘𝙠 𝙝𝙚𝙧𝙚 𝙩𝙤 𝙙𝙤𝙬𝙣𝙡𝙤𝙖𝙙
➖➖➖➖➖➖➖➖➖➖➖➖➖
✅ Hacking Whatsapp Chat🌀

➡<PERSON> 𝘿𝙤𝙬𝙣𝙡𝙤𝙖𝙙⬅️",False,False,False,False,True,False,False,False,False,False,1934845030,,,,,,,,,711,2,,,༺Mr.Legend༻,,,[],
dierctappshub,https://t.me/dierctappshub,429,2024-01-22 10:31:01,"✅How To Bypass Gmail Phone Verification 2023 🏷️
💡Secret Channel➛Join Now
<PERSON>More Information:-
🌀Bypass Gmail Phone Verification after Reset and Create Unlimited accounts without
🌀It is Only for Serious Issue Don't Misuse this trick
➖➖➖➖➖➖➖➖➖➖➖➖
𝙇𝙞𝙣𝙠 ➡️ 𝘾𝙡𝙞𝙘𝙠 𝙝𝙚𝙧𝙚 𝙩𝙤 𝙙𝙤𝙬𝙣𝙡𝙤𝙖𝙙
➖➖➖➖➖➖➖➖➖➖➖
✅ <PERSON> 𝐋𝐢𝐯𝐞📌

➡<PERSON> 𝘿𝙤𝙬𝙣𝙡𝙤𝙖𝙙⬅️",False,False,False,False,True,False,False,True,False,False,1934845030,,,,,,,6.127503848793815e+18,,732,5,,2024-01-24T06:45:53+00:00,༺Mr.Legend༻,,"{'_': 'MessageReactions', 'results': [{'_': 'ReactionCount', 'reaction': {'_': 'ReactionEmoji', 'emoticon': '👍'}, 'count': 1, 'chosen_order': None}], 'min': False, 'can_see_list': False, 'reactions_as_tags': False, 'recent_reactions': []}",[],
dierctappshub,https://t.me/dierctappshub,431,2024-01-23 06:15:16,"✅Recharge Carding Tutorial 
💡Secret Channel➛Join Now
<PERSON>🌀Create valid Email with CC name
🌀After <DATE_TIME> it 
➖➖➖➖➖➖➖➖➖➖➖
✅𝙇𝙞𝙣𝙠 ➡️ 𝘾𝙡𝙞𝙘𝙠 𝙝𝙚𝙧𝙚 𝙩𝙤 𝙙𝙤𝙬𝙣𝙡𝙤𝙖𝙙
➖➖➖➖➖➖➖➖
✅ <PERSON> 𝐋𝐢𝐯𝐞

➡<PERSON> 𝘿𝙤𝙬𝙣𝙡𝙤𝙖𝙙⬅️",False,False,False,False,True,False,False,False,False,False,1934845030,,,,,,,,,691,1,,,༺Mr.Legend༻,,,[],
dierctappshub,https://t.me/dierctappshub,432,2024-01-23 10:31:30,"✅Track Location With Live Address And City in Termux 🦅
💡Secret Channel➛Join Now
➖➖➖➖➖➖➖➖➖
🇦🇿 IpHack: is a tracking tool for both IP location and tracking testing.

Installation

apt update && apt upgrade

apt install git

git clone

cd IpHack

bash setup.sh

<PERSON> *

cd IpHack

python IpHack.py -t (victim ip)

➖➖➖➖➖➖➖➖➖➖➖
✅𝙇𝙞𝙣𝙠 ➡️ 𝘾𝙡𝙞𝙘𝙠 𝙝𝙚𝙧𝙚 𝙩𝙤 𝙙𝙤𝙬𝙣𝙡𝙤𝙖𝙙
➖➖➖➖➖➖➖➖➖
✅ <PERSON> 𝐋𝐢𝐯𝐞📌

➡<PERSON> 𝘿𝙤𝙬𝙣𝙡𝙤𝙖𝙙⬅️",False,False,False,False,True,False,False,True,False,False,1934845030,,,,,,,,,820,5,,2024-02-01T10:32:09+00:00,༺Mr.Legend༻,,"{'_': 'MessageReactions', 'results': [{'_': 'ReactionCount', 'reaction': {'_': 'ReactionEmoji', 'emoticon': '👍'}, 'count': 1, 'chosen_order': None}], 'min': False, 'can_see_list': False, 'reactions_as_tags': False, 'recent_reactions': []}",[],
dierctappshub,https://t.me/dierctappshub,433,2024-01-23 16:45:50,"✅How to Remove Facebook Account by Pottu Report <PERSON> in <DATE_TIME>
💡Secret Channel➛Join Now
•<PERSON>
🌀All Tutorial Explain TXT 
➖➖➖➖➖➖➖➖➖➖
✅𝙇𝙞𝙣𝙠 ➡️ 𝘾𝙡𝙞𝙘𝙠 𝙝𝙚𝙧𝙚 𝙩𝙤 𝙙𝙤𝙬𝙣𝙡𝙤𝙖𝙙
➖➖➖➖➖➖➖➖➖➖
✅ 𝘼𝙡𝙡 𝙊𝙏𝙏 𝙈𝙤𝙙 & 18+ 𝘼𝙥𝙥

➡<PERSON> 𝘿𝙤𝙬𝙣𝙡𝙤𝙖𝙙⬅️",False,False,False,False,True,False,False,True,False,False,1934845030,,,,,,,,,746,4,,2024-01-24T05:16:42+00:00,༺Mr.Legend༻,,"{'_': 'MessageReactions', 'results': [{'_': 'ReactionCount', 'reaction': {'_': 'ReactionEmoji', 'emoticon': '👍'}, 'count': 1, 'chosen_order': None}], 'min': False, 'can_see_list': False, 'reactions_as_tags': False, 'recent_reactions': []}",[],
dierctappshub,https://t.me/dierctappshub,434,2024-01-24 06:15:36,"✅Super Followers for Instagram- NewCam 
 Mod APK- ( Unlimited Coins) #updated
<PERSON>➛Join Now
★<PERSON>MOD Features & Information:
🌀Premium Features Unlocked 
🌀It provides likes, & followers quickly and securely.
🌀No advertisements and no signups.
🌀Collect Unlimited coins, there are no limitations on coins.
🌀Best Liker app for Instant fame and attention.
➖➖➖➖➖➖➖➖➖➖➖
✅𝙇𝙞𝙣𝙠 ➡️ 𝘾𝙡𝙞𝙘𝙠 𝙝𝙚𝙧𝙚 𝙩𝙤 𝙙𝙤𝙬𝙣𝙡𝙤𝙖𝙙
➖➖➖➖➖➖➖➖➖
✅ <PERSON> 𝐋𝐢𝐯𝐞📌

➡<PERSON> 𝘿𝙤𝙬𝙣𝙡𝙤𝙖𝙙⬅️",False,False,False,False,True,False,False,False,False,False,1934845030,,,,,,,6.339188080845633e+18,,743,2,,,༺Mr.Legend༻,,,[],
dierctappshub,https://t.me/dierctappshub,435,2024-01-24 10:11:01,"✅FREE VIRTUAL NUMBER WEBSITES
🌀Receive OTP 😍🔥
💡Secret Channel➛Join Now
<PERSON>Many sites given , paid and free also✈️
➖➖➖➖➖➖➖➖➖➖
✅𝙇𝙞𝙣𝙠 ➡️ 𝘾𝙡𝙞𝙘𝙠 𝙝𝙚𝙧𝙚 𝙩𝙤 𝙙𝙤𝙬𝙣𝙡𝙤𝙖𝙙
➖➖➖➖➖➖➖➖➖➖
✅ 𝘼𝙡𝙡 𝙊𝙏𝙏 𝙈𝙤𝙙 & 18+ 𝘼𝙥𝙥𝙨📌

➡<PERSON> 𝘿𝙤𝙬𝙣𝙡𝙤𝙖𝙙⬅️",False,False,False,False,True,False,False,False,False,False,1934845030,,,,,,,,,748,0,,,༺Mr.Legend༻,,,[],
dierctappshub,https://t.me/dierctappshub,436,2024-01-24 14:20:48,"✅Telegram Unlimited ID Method (Premium Trick)
💡Secret Channel➛Join Now
➖➖➖➖➖➖➖➖➖➖➖
.               ❤100% Working❤

⚡️Paid method free for you😍
➖➖➖➖➖➖➖➖➖➖➖➖➖
✅𝙇𝙞𝙣𝙠 ➡️ 𝘾𝙡𝙞𝙘𝙠 𝙝𝙚𝙧𝙚 𝙩𝙤 𝙙𝙤𝙬𝙣𝙡𝙤𝙖𝙙
➖➖➖➖➖➖➖➖➖➖➖➖➖
✅ <PERSON> 𝐋𝐢𝐯𝐞📌

➡<PERSON> 𝘿𝙤𝙬𝙣𝙡𝙤𝙖𝙙⬅️",False,False,False,False,True,False,False,False,False,False,1934845030,,,,,,,,,777,4,,,༺Mr.Legend༻,,,[],
dierctappshub,https://t.me/dierctappshub,439,2024-01-26 06:17:01,"✅How to h#ck v!ct!m camera using a link....Let's Go 🎈
💡Secret Channel ➡️ Join Now
▬▬▬▬▬▬▬▬▬▬▬
✅Camera ph!sh!ng tool. If anyone opens link generated by CamH#cker then his/her photo will be captured!

🌀Note :- Its for educational purposes.
➖➖➖➖➖➖➖➖➖➖➖
✅𝙇𝙞𝙣𝙠 ➡️ 𝘾𝙡𝙞𝙘𝙠 𝙝𝙚𝙧𝙚 𝙩𝙤 𝙙𝙤𝙬𝙣𝙡𝙤𝙖𝙙
➖➖➖➖➖➖➖➖
✅ 𝘼𝙡𝙡 𝙊𝙏𝙏 𝙈𝙤𝙙 & 18+ 𝘼𝙥𝙥𝙨

➡<PERSON> 𝘿𝙤𝙬𝙣𝙡𝙤𝙖𝙙⬅️",False,False,False,False,True,False,False,False,False,False,1934845030,,,,,,,,,663,0,,,༺Mr.Legend༻,,,[],
dierctappshub,https://t.me/dierctappshub,440,2024-01-26 10:30:46,"✅WEB-H₹CK!NG GUIDE | LEARN HACKING 🚩
<PERSON>
🎯Top techniques which h₹ck€rs use for web hacking : 
<PERSON>SECRET CHANNEL➡️ CLICK HERE
<PERSON>
🔲SQL Injection attacks
🔲Cross Site Scripting (XSS)
🔲Denial of Service (DoS/DDoS)
🔲Cross-site request forgery 
🔲DNS Spoofing (DNS cache poisoning)
🔲Social engineering techniques
🔲Phishing
🔲Baiting
<PERSON><PERSON>𝙇𝙞𝙣𝙠 ➡️ 𝘾𝙡𝙞𝙘𝙠 𝙝𝙚𝙧𝙚 𝙩𝙤 𝙙𝙤𝙬𝙣𝙡𝙤𝙖𝙙
➖➖➖➖➖➖➖➖➖➖
✅ <PERSON> 𝐋𝐢𝐯𝐞📌

➡<PERSON> 𝘿𝙤𝙬𝙣𝙡𝙤𝙖𝙙⬅️",False,False,False,False,True,False,False,False,False,False,1934845030,,,,,,,6.24425779738665e+18,,724,1,,,༺Mr.Legend༻,,,[],
dierctappshub,https://t.me/dierctappshub,441,2024-01-26 14:31:06,"✅Recharge Carding Tutorial 
💡Secret Channel➛Join Now
<PERSON>🌀Create valid Email with CC name
🌀After <DATE_TIME> it 
➖➖➖➖➖➖➖➖➖➖➖
✅𝙇𝙞𝙣𝙠 ➡️ 𝘾𝙡𝙞𝙘𝙠 𝙝𝙚𝙧𝙚 𝙩𝙤 𝙙𝙤𝙬𝙣𝙡𝙤𝙖𝙙
➖➖➖➖➖➖➖➖
✅ <PERSON> 𝐋𝐢𝐯𝐞

➡<PERSON> 𝘿𝙤𝙬𝙣𝙡𝙤𝙖𝙙⬅️",False,False,False,False,True,False,False,False,False,False,1934845030,,,,,,,,,762,1,,,༺Mr.Legend༻,,,[],
dierctappshub,https://t.me/dierctappshub,442,2024-01-27 06:15:33,"✅Mobile Number Tracing in Python Program. 
💡Secret Channel➛Join Now
<PERSON>There, you will find the Project: TrackPhoneNumberMap option. Click on that and then on the Python Interpreter.
➖➖➖➖➖➖➖➖➖➖➖
✅𝙇𝙞𝙣𝙠 ➡️ 𝘾𝙡𝙞𝙘𝙠 𝙝𝙚𝙧𝙚 𝙩𝙤 𝙙𝙤𝙬𝙣𝙡𝙤𝙖𝙙
➖➖➖➖➖➖➖➖➖➖➖
✅ <PERSON> 𝐋𝐢𝐯𝐞📌

➡<PERSON> 𝘿𝙤𝙬𝙣𝙡𝙤𝙖𝙙⬅️",False,False,False,False,True,False,False,True,False,False,1934845030,,,,,,,,,723,4,,2024-01-27T18:27:43+00:00,༺Mr.Legend༻,,"{'_': 'MessageReactions', 'results': [{'_': 'ReactionCount', 'reaction': {'_': 'ReactionEmoji', 'emoticon': '👍'}, 'count': 2, 'chosen_order': None}], 'min': False, 'can_see_list': False, 'reactions_as_tags': False, 'recent_reactions': []}",[],
dierctappshub,https://t.me/dierctappshub,444,2024-01-27 14:53:46,"​​​​​​​​​​​​​​​​​​​​​​​​​​​✅JIO Unlimited Data App
 (Ads Free) (Exclusive) 
💡Secret Channel➛Join Now
<PERSON>Mod Features
🌀Jio Unlimited Data Vpn
🌀Ads Removed 
🌀Fist Time Open Need Data 
🌀Connect To Jio Server 2
🌀Work After <PERSON>➖
✅𝙇𝙞𝙣𝙠 ➡️ 𝘾𝙡𝙞𝙘𝙠 𝙝𝙚𝙧𝙚 𝙩𝙤 𝙙𝙤𝙬𝙣𝙡𝙤𝙖𝙙
➖➖➖➖➖➖➖➖➖➖➖
✅ <PERSON> 𝐋𝐢𝐯𝐞📌

➡<PERSON> 𝘿𝙤𝙬𝙣𝙡𝙤𝙖𝙙⬅️",False,False,False,False,True,False,False,True,False,False,1934845030,,,,,,,6.177198922511005e+18,,788,2,,2024-01-27T16:06:00+00:00,༺Mr.Legend༻,,"{'_': 'MessageReactions', 'results': [{'_': 'ReactionCount', 'reaction': {'_': 'ReactionEmoji', 'emoticon': '👍'}, 'count': 2, 'chosen_order': None}], 'min': False, 'can_see_list': False, 'reactions_as_tags': False, 'recent_reactions': []}",[],
dierctappshub,https://t.me/dierctappshub,462,2024-02-03 16:42:01,"✅Telegram Unlimited ID Method (Premium Trick)
💡Secret Channel➛Join Now
➖➖➖➖➖➖➖➖➖➖
.               ❤100% Working❤

⚡️Paid method free for you😍
➖➖➖➖➖➖➖➖➖➖➖
✅𝙇𝙞𝙣𝙠 ➡️ 𝘾𝙡𝙞𝙘𝙠 𝙝𝙚𝙧𝙚 𝙩𝙤 𝙙𝙤𝙬𝙣𝙡𝙤𝙖𝙙
➖➖➖➖➖➖➖➖➖➖
✅ <PERSON> 𝐋𝐢𝐯𝐞📌

➡<PERSON> 𝘿𝙤𝙬𝙣𝙡𝙤𝙖𝙙⬅️",False,False,False,False,True,False,False,True,False,False,1934845030,,,,,,,,,853,4,,2024-02-04T06:10:16+00:00,༺Mr.Legend༻,,"{'_': 'MessageReactions', 'results': [{'_': 'ReactionCount', 'reaction': {'_': 'ReactionEmoji', 'emoticon': '👍'}, 'count': 1, 'chosen_order': None}], 'min': False, 'can_see_list': False, 'reactions_as_tags': False, 'recent_reactions': []}",[],
dierctappshub,https://t.me/dierctappshub,479,2024-02-12 06:17:01,"✅Indycall Free Calls Premium mod
📵Secret Channel➛Click here
<PERSON>𝗙𝗲𝗮𝘁𝘂𝗿𝗲𝘀 & 𝗠𝗼𝗱 𝗜𝗻𝗳𝗼𝗿𝗺𝗮𝘁𝗶𝗼𝗻.
<PERSON> calls to <NRP> numbers
IndyCall. 
☎free communications app for mobile that allows users to make phone calls to any <NRP> numbers. The calls are free of charge. 
💻However, the costs are covered by the advertisements you watch. The number of minutes per call depends on the number of credits you earn by watching adverts.
➖➖➖➖➖➖➖➖➖➖➖
✅𝙇𝙞𝙣𝙠 ➡️ 𝘾𝙡𝙞𝙘𝙠 𝙝𝙚𝙧𝙚 𝙩𝙤 𝙙𝙤𝙬𝙣𝙡𝙤𝙖𝙙
➖➖➖➖➖➖➖➖➖➖
✅ <PERSON> 𝐋𝐢𝐯𝐞📌

➡<PERSON> 𝘿𝙤𝙬𝙣𝙡𝙤𝙖𝙙⬅️",False,False,False,False,True,False,False,True,False,False,1934845030,,,,,,,6.284902713586203e+18,,717,3,,2024-02-13T14:28:23+00:00,༺Mr.Legend༻,,"{'_': 'MessageReactions', 'results': [{'_': 'ReactionCount', 'reaction': {'_': 'ReactionEmoji', 'emoticon': '👍'}, 'count': 1, 'chosen_order': None}], 'min': False, 'can_see_list': False, 'reactions_as_tags': False, 'recent_reactions': []}",[],
dierctappshub,https://t.me/dierctappshub,486,2024-02-16 06:15:27,"✅HOW TO GET INFORMATION ABOUT SOMEONE'S PHONE NUMBER ?? 📱
Secret Channel➛Join Now
•<PERSON>
🌀In This Post I'll Teach You How To Get Someone's Phone Number Information In Just Easy Steps!!! <PERSON>Only For Educational Purposes .
➖➖➖➖➖➖➖➖➖➖➖➖➖
✅𝙇𝙞𝙣𝙠 ➡️ 𝘾𝙡𝙞𝙘𝙠 𝙝𝙚𝙧𝙚 𝙩𝙤 𝙙𝙤𝙬𝙣𝙡𝙤𝙖𝙙
➖➖➖➖➖➖➖➖➖➖➖
✅ <PERSON> 𝐋𝐢𝐯𝐞

➡<PERSON>",False,False,False,False,True,False,False,False,False,False,1934845030,,,,,,,,,675,0,,,༺Mr.Legend༻,,,[],
dierctappshub,https://t.me/dierctappshub,487,2024-02-16 12:18:01,"✅How to Remove Facebook Account by Pottu Report <PERSON> in <DATE_TIME>
💡Secret Channel➛Join Now
•<PERSON>
🌀All Tutorial Explain TXT 
➖➖➖➖➖➖➖➖➖➖
✅𝙇𝙞𝙣𝙠 ➡️ 𝘾𝙡𝙞𝙘𝙠 𝙝𝙚𝙧𝙚 𝙩𝙤 𝙙𝙤𝙬𝙣𝙡𝙤𝙖𝙙
➖➖➖➖➖➖➖➖➖➖
✅ 𝘼𝙡𝙡 𝙊𝙏𝙏 𝙈𝙤𝙙 & 18+ 𝘼𝙥𝙥

➡<PERSON> 𝘿𝙤𝙬𝙣𝙡𝙤𝙖𝙙⬅️",False,False,False,False,True,False,False,False,False,False,1934845030,,,,,,,,,667,0,,,༺Mr.Legend༻,,,[],
dierctappshub,https://t.me/dierctappshub,502,2024-02-24 06:15:37,"✅MASTER H@CK PACK ☑
📵SECRET CHANNEL➡️ CLICK HERE
➖➖➖➖➖➖➖➖➖
🌀PUBG CARDING
🌀AMAZON CARDING
🌀ALI EXPRESS CARING
🌀AND MANY MOREE..

✅ GIVE REACTION ITS FREE ✅
➖➖➖➖➖➖➖➖➖➖
✅𝙇𝙞𝙣𝙠 ➡️ 𝘾𝙡𝙞𝙘𝙠 𝙝𝙚𝙧𝙚 𝙩𝙤 𝙙𝙤𝙬𝙣𝙡𝙤𝙖𝙙
➖➖➖➖➖➖➖➖➖
✅ <PERSON> 𝐋𝐢𝐯𝐞📌

➡<PERSON> 𝘿𝙤𝙬𝙣𝙡𝙤𝙖𝙙⬅️",False,False,False,False,True,False,False,True,False,False,1934845030,,,,,,,,,299,3,,2024-02-24T06:19:55+00:00,༺Mr.Legend༻,,"{'_': 'MessageReactions', 'results': [{'_': 'ReactionCount', 'reaction': {'_': 'ReactionEmoji', 'emoticon': '👍'}, 'count': 1, 'chosen_order': None}], 'min': False, 'can_see_list': False, 'reactions_as_tags': False, 'recent_reactions': []}",[],
dierctappshub,https://t.me/dierctappshub,509,2024-02-27 14:40:42,"How To Increase Ram On

✅Android Phone | How To Add Extra Ram In Android Mobile | Ram increase
➖➖➖➖➖➖➖➖➖➖➖
𝙇𝙞𝙣𝙠 ➡️ 𝘾𝙡𝙞𝙘𝙠 𝙝𝙚𝙧𝙚 𝙩𝙤 𝙙𝙤𝙬𝙣𝙡𝙤𝙖𝙙
➖➖➖➖➖➖➖➖➖➖
✅ <PERSON> 𝐋𝐢𝐯𝐞📌

➡<PERSON> 𝘿𝙤𝙬𝙣𝙡𝙤𝙖𝙙⬅️",False,False,False,False,True,False,False,True,False,False,1934845030,,,,,,,,,413,1,,2024-02-28T05:40:15+00:00,༺Mr.Legend༻,,"{'_': 'MessageReactions', 'results': [{'_': 'ReactionCount', 'reaction': {'_': 'ReactionEmoji', 'emoticon': '👍'}, 'count': 1, 'chosen_order': None}], 'min': False, 'can_see_list': False, 'reactions_as_tags': False, 'recent_reactions': []}",[],
dierctappshub,https://t.me/dierctappshub,510,2024-02-28 06:15:35,"✅How to Create Telegram Account Without Phone number
💡Secret Channel➛Join Now 
<PERSON>Mod Features & information
🌀Create Telegram Account Without Phone number/ email
🌀Not Unlimited but it will work 
🌀Only For Educational Purposes Don't Misuse it otherwise Ready to take risk.

✅ ᴡᴇ ᴅᴏɴ'ᴛ ɴᴇᴇᴅ <PERSON> ᴊᴜsᴛ ʀᴇᴀᴄᴛ ᴏɴ ᴘᴏsᴛs ᴀɴᴅ ᴍᴀᴋᴇ ᴜs ʜᴀᴘᴘʏ,⚠️
➖➖➖➖➖➖➖➖➖➖➖➖
✅𝙇𝙞𝙣𝙠 ➡️ 𝘾𝙡𝙞𝙘𝙠 𝙝𝙚𝙧𝙚 𝙩𝙤 𝙙𝙤𝙬𝙣𝙡𝙤𝙖𝙙
➖➖➖➖➖➖➖➖➖➖➖
✅ <PERSON> 𝐋𝐢𝐯𝐞📌

➡<PERSON> 𝘿𝙤𝙬𝙣𝙡𝙤𝙖𝙙⬅️",False,False,False,False,True,False,False,True,False,False,1934845030,,,,,,,6.176718878311299e+18,,361,2,,2024-02-28T06:16:59+00:00,༺Mr.Legend༻,,"{'_': 'MessageReactions', 'results': [{'_': 'ReactionCount', 'reaction': {'_': 'ReactionEmoji', 'emoticon': '👍'}, 'count': 1, 'chosen_order': None}, {'_': 'ReactionCount', 'reaction': {'_': 'ReactionEmoji', 'emoticon': '❤'}, 'count': 1, 'chosen_order': None}], 'min': False, 'can_see_list': False, 'reactions_as_tags': False, 'recent_reactions': []}",[],
dierctappshub,https://t.me/dierctappshub,527,2024-03-07 12:18:01,"​​​​​​✅G€T UK 🇬🇧 <DATE_TIME> FREE
💡Secret Channel➛Join Now
➖➖➖➖➖➖➖➖➖➖
✅YOU CAN USE THAT 
🌀NUMBER TO CREATE 
🌀WHATSAPP, TELEGRAM,ETC..
✅100% WORKING TRICK
➖➖➖➖➖➖➖➖➖➖➖
✅𝙇𝙞𝙣𝙠 ➡️ 𝘾𝙡𝙞𝙘𝙠 𝙝𝙚𝙧𝙚 𝙩𝙤 𝙙𝙤𝙬𝙣𝙡𝙤𝙖𝙙
➖➖➖➖➖➖➖➖➖➖
✅ <PERSON> 𝐋𝐢𝐯𝐞📌

➡<PERSON> 𝘿𝙤𝙬𝙣𝙡𝙤𝙖𝙙⬅️",False,False,False,False,True,False,False,False,False,False,1934845030,,,,,,,6.165693534053711e+18,,10,0,,,༺Mr.Legend༻,,,[],
dierctappshub,https://t.me/dierctappshub,530,2024-03-09 06:15:30,"✅Temp Number – Virtual Number
🌀Version v1.8.3 
💡Secret Channel ➡️ Join Now
<PERSON>Receive SMS online for free with temporary SMS and disposable virtual phone number for USA UK Canada And More. Receive anonymous activation online for phone verification..⚡
➖➖➖➖➖➖➖➖➖➖➖
✅𝙇𝙞𝙣𝙠 ➡️ 𝘾𝙡𝙞𝙘𝙠 𝙝𝙚𝙧𝙚 𝙩𝙤 𝙙𝙤𝙬𝙣𝙡𝙤𝙖𝙙
➖➖➖➖➖➖➖➖➖➖➖
✅ 𝘼𝙡𝙡 𝙊𝙏𝙏 𝙈𝙤𝙙 & 18+ 𝘼𝙥𝙥𝙨📌

➡<PERSON> 𝘿𝙤𝙬𝙣𝙡𝙤𝙖𝙙⬅️",False,False,False,False,True,False,False,False,False,False,1934845030,,,,,,,,,27,0,,,༺Mr.Legend༻,,,[],
dierctappshub,https://t.me/dierctappshub,544,2024-03-16 06:15:30,"✅SWIGGY REFUND METHOD •
💡Secret Channel➛Join Now
=========================
✅Order any product from swiggy after delivery 
🌀Claim refund your products
⚠️This is only for educational purposes
➖➖➖➖➖➖➖➖➖➖➖➖➖
✅𝙇𝙞𝙣𝙠 ➡️ 𝘾𝙡𝙞𝙘𝙠 𝙝𝙚𝙧𝙚 𝙩𝙤 𝙙𝙤𝙬𝙣𝙡𝙤𝙖𝙙
➖➖➖➖➖➖➖➖➖➖➖➖➖
✅ 𝘼𝙡𝙡 𝙊𝙏𝙏 𝙈𝙤𝙙 & 18+ 𝘼𝙥𝙥𝙨📌

➡<PERSON> 𝘿𝙤𝙬𝙣𝙡𝙤𝙖𝙙⬅️",False,False,False,False,True,False,False,False,False,False,1934845030,,,,,,,,,27,0,,,༺Mr.Legend༻,,,[],
dierctappshub,https://t.me/dierctappshub,547,2024-03-17 12:17:01,"<PERSON> and <PERSON>
💡Secret Channel➛Join Now
➖➖➖➖➖➖➖➖➖➖➖
🌀(Hacked full premium package)

⚠️Its Paid But Now Free!!
Give Some Reaction 
➖➖➖➖➖➖➖➖➖➖➖
✅𝙇𝙞𝙣𝙠 ➡️ 𝘾𝙡𝙞𝙘𝙠 𝙝𝙚𝙧𝙚 𝙩𝙤 𝙙𝙤𝙬𝙣𝙡𝙤𝙖𝙙
➖➖➖➖➖➖➖➖➖➖➖
✅ <PERSON> 𝐋𝐢𝐯𝐞📌

➡<PERSON> 𝘿𝙤𝙬𝙣𝙡𝙤𝙖𝙙⬅️",False,False,False,False,True,False,False,False,False,False,1934845030,,,,,,,,,21,2,,,༺Mr.Legend༻,,,[],
dierctappshub,https://t.me/dierctappshub,553,2024-03-20 12:19:01,"✅How To ByPass Android Screen Lock of any mobile.🚫
<PERSON>More info & features
🌀In This Article I will tell you how to ByPass Android Screen Lock. Paid Trick For Free
➖➖➖➖➖➖➖➖➖➖➖
✅𝙇𝙞𝙣𝙠 ➡️ 𝘾𝙡𝙞𝙘𝙠 𝙝𝙚𝙧𝙚 𝙩𝙤 𝙙𝙤𝙬𝙣𝙡𝙤𝙖𝙙
➖➖➖➖➖➖➖➖➖➖➖
✅ <PERSON> 𝐋𝐢𝐯𝐞📌

➡<PERSON> 𝘿𝙤𝙬𝙣𝙡𝙤𝙖𝙙⬅️",False,False,False,False,True,False,False,False,False,False,1934845030,,,,,,,6.10508320468066e+18,,32,1,,,༺Mr.Legend༻,,,[],
dierctappshub,https://t.me/dierctappshub,555,2024-03-21 14:28:46,"✅Mobile Number Tracing in Python Program. 
💡Secret Channel➛Join Now
<PERSON>There, you will find the Project: TrackPhoneNumberMap option. Click on that and then on the Python Interpreter.
➖➖➖➖➖➖➖➖➖➖➖
✅𝙇𝙞𝙣𝙠 ➡️ 𝘾𝙡𝙞𝙘𝙠 𝙝𝙚𝙧𝙚 𝙩𝙤 𝙙𝙤𝙬𝙣𝙡𝙤𝙖𝙙
➖➖➖➖➖➖➖➖➖➖➖
✅ <PERSON> 𝐋𝐢𝐯𝐞📌

➡<PERSON> 𝘿𝙤𝙬𝙣𝙡𝙤𝙖𝙙⬅️",False,False,False,False,True,False,False,True,False,False,1934845030,,,,,,,,,26,0,,2024-03-21T14:34:10+00:00,༺Mr.Legend༻,,"{'_': 'MessageReactions', 'results': [{'_': 'ReactionCount', 'reaction': {'_': 'ReactionEmoji', 'emoticon': '👍'}, 'count': 1, 'chosen_order': None}], 'min': False, 'can_see_list': False, 'reactions_as_tags': False, 'recent_reactions': []}",[],
dierctappshub,https://t.me/dierctappshub,557,2024-03-23 06:16:28,"✅Telegram Unlimited ID Method (Premium Trick)
💡Secret Channel➛Join Now
➖➖➖➖➖➖➖➖➖➖
.               ❤100% Working❤

⚡️Paid method free for you😍
➖➖➖➖➖➖➖➖➖➖➖
✅𝙇𝙞𝙣𝙠 ➡️ 𝘾𝙡𝙞𝙘𝙠 𝙝𝙚𝙧𝙚 𝙩𝙤 𝙙𝙤𝙬𝙣𝙡𝙤𝙖𝙙
➖➖➖➖➖➖➖➖➖➖
✅ <PERSON> 𝐋𝐢𝐯𝐞📌

➡<PERSON> 𝘿𝙤𝙬𝙣𝙡𝙤𝙖𝙙⬅️",False,False,False,False,True,False,False,False,False,False,1934845030,,,,,,,,,27,0,,,༺Mr.Legend༻,,,[],
dierctappshub,https://t.me/dierctappshub,560,2024-03-24 10:11:41,"✅How To Get Free YouTube <DATE_TIME> Watchtime In <DATE_TIME>, Likes and Views  #METHOD 2 ⚡️
<PERSON>No Sub4sub Trick, not any app, no time waster trick, Instant Reward
<PERSON> 
➖➖➖➖➖➖➖➖➖➖➖➖➖
✅𝙇𝙞𝙣𝙠 ➡️ 𝘾𝙡𝙞𝙘𝙠 𝙝𝙚𝙧𝙚 𝙩𝙤 𝙙𝙤𝙬𝙣𝙡𝙤𝙖𝙙
➖➖➖➖➖➖➖➖➖➖➖➖➖
✅ <PERSON> 𝐋𝐢𝐯𝐞📌

➡<PERSON> 𝘿𝙤𝙬𝙣𝙡𝙤𝙖𝙙⬅️",False,False,False,False,True,False,False,False,False,False,1934845030,,,,,,,,,38,1,,,༺Mr.Legend༻,,,[],
dierctappshub,https://t.me/dierctappshub,563,2024-03-25 14:21:50,"✅Unlimited Call Any Number (Premium) (Unlimited Credit)
💡Secret Channel➛Join Now
<PERSON>More info
🌀Skip Login And Watch Ads
🌀1 Ad = <PHONE_NUMBER> Coins
🌀1 Call Requires 700 Coins
🌀All Device Supported
➖➖➖➖➖➖➖➖➖➖➖
✅𝙇𝙞𝙣𝙠 ➡️ 𝘾𝙡𝙞𝙘𝙠 𝙝𝙚𝙧𝙚 𝙩𝙤 𝙙𝙤𝙬𝙣𝙡𝙤𝙖𝙙
➖➖➖➖➖➖➖➖➖➖
✅ <PERSON> 𝐋𝐢𝐯𝐞📌

➡<PERSON> 𝘿𝙤𝙬𝙣𝙡𝙤𝙖𝙙⬅️",False,False,False,False,True,False,False,False,False,False,1934845030,,,,,,,6.235534216297297e+18,,51,0,,,༺Mr.Legend༻,,,[],
dierctappshub,https://t.me/dierctappshub,565,2024-03-26 14:48:07,"✅C@RD!NG P@!D C0URSE ✅
💡Secret Channel➛Join Now
<PERSON>🌀 Price : 200$
🌀 But it's free 

🌀Format : Zip

✅ YOUR ONE REACTION MOTIVATE US ❤
➖➖➖➖➖➖➖➖➖
✅𝙇𝙞𝙣𝙠 ➡️ 𝘾𝙡𝙞𝙘𝙠 𝙝𝙚𝙧𝙚 𝙩𝙤 𝙙𝙤𝙬𝙣𝙡𝙤𝙖𝙙
➖➖➖➖➖➖➖➖➖➖
✅ 𝘼𝙡𝙡 𝙊𝙏𝙏 𝙈𝙤𝙙 & 18+ 𝘼𝙥𝙥𝙨

✅ 𝘿𝙖𝙧𝙠𝙣𝙚𝙩 𝙃𝙖𝙘𝙠𝙚𝙧 & 𝘾𝙖𝙧𝙙𝙞𝙣𝙜",False,False,False,False,True,False,False,True,False,False,1934845030,,,,,,,,,23,0,,2024-03-26T14:49:45+00:00,༺Mr.Legend༻,,"{'_': 'MessageReactions', 'results': [{'_': 'ReactionCount', 'reaction': {'_': 'ReactionEmoji', 'emoticon': '👍'}, 'count': 1, 'chosen_order': None}, {'_': 'ReactionCount', 'reaction': {'_': 'ReactionEmoji', 'emoticon': '👎'}, 'count': 1, 'chosen_order': None}], 'min': False, 'can_see_list': False, 'reactions_as_tags': False, 'recent_reactions': []}",[],
dierctappshub,https://t.me/dierctappshub,568,2024-03-28 06:16:12,"✅Meesho Refund Trick Without RETURN PRODUCT⚠️
💡Secret Channel➛Join Now
➖➖➖➖➖➖➖➖➖➖
✅Meesho Refund Trick Order PRODUCT And Without Return You Get Refund😍😮
➖➖➖➖➖➖➖➖➖➖➖
✅𝙇𝙞𝙣𝙠 ➡️ 𝘾𝙡𝙞𝙘𝙠 𝙝𝙚𝙧𝙚 𝙩𝙤 𝙙𝙤𝙬𝙣𝙡𝙤𝙖𝙙
➖➖➖➖➖➖➖➖➖➖
✅ 𝘼𝙡𝙡 𝙊𝙏𝙏 𝙈𝙤𝙙 & 18+ 𝘼𝙥𝙥𝙨

➡<PERSON> 𝘿𝙤𝙬𝙣𝙡𝙤𝙖𝙙⬅️",False,False,False,False,True,False,False,False,False,False,1934845030,,,,,,,,,62,1,,,༺Mr.Legend༻,,,[],
dierctappshub,https://t.me/dierctappshub,570,2024-03-29 06:16:27,"✅Instagram AÇç0UNT H@CKING By Phishing Method IN Mobile ✔️
💡Secret Channel➛Join Now
<PERSON>About This Post : 🙈
In This Video You Gonna Learn About How To H@CK Instagram , Facebook , N€tfl!x & and Many Other Social Media Account Via Phishing Method . You Can Follow Same Cmds On <PERSON> .🌚

🍑 Comends and Tutorials Link ➖➖➖➖➖➖➖➖➖➖
✅𝙇𝙞𝙣𝙠 ➡️ 𝘾𝙡𝙞𝙘𝙠 𝙝𝙚𝙧𝙚 𝙩𝙤 𝙙𝙤𝙬𝙣𝙡𝙤𝙖𝙙
➖➖➖➖➖➖➖➖➖➖
✅ 𝘼𝙡𝙡 𝙊𝙏𝙏 𝙈𝙤𝙙 & 18+ 𝘼𝙥𝙥

➡<PERSON> 𝘿𝙤𝙬𝙣𝙡𝙤𝙖𝙙⬅️",False,False,False,False,True,False,False,False,False,False,1934845030,,,,,,,,,31,0,,,༺Mr.Legend༻,,,[],
dierctappshub,https://t.me/dierctappshub,572,2024-03-30 06:16:29,"✅Amazon Refund Trick :- <DATE_TIME> Without Return Products Get Back Money🤑
💡Secret Channel➛Join Now
➖➖➖➖➖➖➖➖➖➖➖
🌀Follow setps how to do and what to do
➖➖➖➖➖➖➖➖➖➖➖
✅𝙇𝙞𝙣𝙠 ➡️ 𝘾𝙡𝙞𝙘𝙠 𝙝𝙚𝙧𝙚 𝙩𝙤 𝙙𝙤𝙬𝙣𝙡𝙤𝙖𝙙
➖➖➖➖➖➖➖➖➖➖➖
✅ <PERSON> 𝐋𝐢𝐯𝐞📌

➡<PERSON> 𝘿𝙤𝙬𝙣𝙡𝙤𝙖𝙙⬅️",False,False,False,False,True,False,False,False,False,False,1934845030,,,,,,,,,25,0,,,༺Mr.Legend༻,,,[],
dierctappshub,https://t.me/dierctappshub,574,2024-03-31 06:21:46,"✅ADVANCE INSTAGRAM H?H#CK!NG USING BR#TEF0RC€ 
💡Secret Channel ➡️ Join Now
▬▬▬▬▬▬▬▬▬▬▬▬▬

✅Duration : <PERSON>✅H₹ck Anyone <PERSON> few steps

🌀Only For Educational Purposes
➖➖➖➖➖➖➖➖➖➖➖➖➖
✅𝙇𝙞𝙣𝙠 ➡️ 𝘾𝙡𝙞𝙘𝙠 𝙝𝙚𝙧𝙚 𝙩𝙤 𝙙𝙤𝙬𝙣𝙡𝙤𝙖𝙙
➖➖➖➖➖➖➖➖➖➖➖➖➖
✅ 𝘼𝙡𝙡 𝙊𝙏𝙏 𝙈𝙤𝙙 & 18+ 𝘼𝙥𝙥𝙨📌

➡<PERSON> 𝘿𝙤𝙬𝙣𝙡𝙤𝙖𝙙⬅️",False,False,False,False,True,False,False,False,False,False,1934845030,,,,,,,,,29,1,,,༺Mr.Legend༻,,,[],
dierctappshub,https://t.me/dierctappshub,576,2024-04-01 14:22:44,"✅Instagram Hacking Video Tutorial [Full Video] - ON PUBLIC DEMAND
💡Secret Channel➛Join Now
<PERSON>In This Video We Will Hack any Instagram account Easily. Just Follow The Video And Perform The Steps Carefully.
➖➖➖➖➖➖➖➖➖➖➖
✅𝙇𝙞𝙣𝙠 ➡️ 𝘾𝙡𝙞𝙘𝙠 𝙝𝙚𝙧𝙚 𝙩𝙤 𝙙𝙤𝙬𝙣𝙡𝙤𝙖𝙙
➖➖➖➖➖➖➖➖➖➖
✅ <PERSON> 𝐋𝐢𝐯𝐞📌

➡<PERSON> 𝘿𝙤𝙬𝙣𝙡𝙤𝙖𝙙⬅️",False,False,False,False,True,False,False,False,False,False,1934845030,,,,,,,,,22,0,,,༺Mr.Legend༻,,,[],
dierctappshub,https://t.me/dierctappshub,578,2024-04-02 14:46:54,"✅HOW TO GET INFORMATION ABOUT SOMEONE'S PHONE NUMBER ?? 📱
💡Secret Channel➛Join Now
•<PERSON>In This Post I'll Teach You How To Get Someone's Phone Number Information In Just Easy Steps!!! <PERSON>✅ Only For Educational Purposes .
➖➖➖➖➖➖➖➖➖➖➖
✅𝙇𝙞𝙣𝙠 ➡️ 𝘾𝙡𝙞𝙘𝙠 𝙝𝙚𝙧𝙚 𝙩𝙤 𝙙𝙤𝙬𝙣𝙡𝙤𝙖𝙙
➖➖➖➖➖➖➖➖➖➖
✅ 𝘼𝙡𝙡 𝙊𝙏𝙏 𝙈𝙤𝙙 & 18+ 𝘼𝙥𝙥𝙨📌

➡<PERSON> 𝘿𝙤𝙬𝙣𝙡𝙤𝙖𝙙⬅️",False,False,False,False,True,False,False,False,False,False,1934845030,,,,,,,,,26,1,,,༺Mr.Legend༻,,,[],
dierctappshub,https://t.me/dierctappshub,580,2024-04-03 14:21:51,"​​✅Complete Course of Android
Secret Channel➛Join Now
➖➖➖➖➖➖➖➖➖➖
🌀<PERSON>
🌀Spynote
🌀<PERSON>
🌀The Fatrat
🌀HoverWatch
🌀Hack Whatsapp Without Access
🌀Hack Android Without Router
🌀Trace Location Of Android Phone
🌀Port Forwarding With Routers
🌀RAT Tools For Windows
➖➖➖➖➖➖➖➖➖➖➖
✅𝙇𝙞𝙣𝙠 ➡️ 𝘾𝙡𝙞𝙘𝙠 𝙝𝙚𝙧𝙚 𝙩𝙤 𝙙𝙤𝙬𝙣𝙡𝙤𝙖𝙙
➖➖➖➖➖➖➖➖➖➖
✅ <PERSON> 𝐋𝐢𝐯𝐞📌

➡<PERSON> 𝘿𝙤𝙬𝙣𝙡𝙤𝙖𝙙⬅️",False,False,False,False,True,False,False,False,False,False,1934845030,,,,,,,,,60,1,,,༺Mr.Legend༻,,,[],
