Channel ID,URL,Post ID,date,message,out,mentioned,media_unread,silent,post,from_scheduled,legacy,edit_hide,pinned,noforwards,peer_channel,from_id_user,fwd_from,via_bot_id,reply_to_msg_id,reply_to_scheduled,forum_topic,media_photo_id,reply_markup,views,forwards,replies,edit_date,post_author,grouped_id,reactions,restriction_reason,ttl_period
drakothaplugg,https://t.me/drakothaplugg,1571,2024-01-13 03:13:39,,False,False,False,False,True,False,False,True,False,False,1600215823,,,,,,,,,765.0,0.0,"{'_': 'MessageReplies', 'replies': 0, 'replies_pts': 23224, 'comments': True, 'recent_repliers': [], 'channel_id': 1768120208, 'max_id': None, 'read_max_id': None}",2024-01-13T03:13:42+00:00,Drako - I Don’t DM First,,,[],
drakothaplugg,https://t.me/drakothaplugg,1590,2024-01-23 20:53:30,/tokens redeem 6ZBO-553C-PN06-GV2U,False,False,False,False,True,False,False,True,False,False,1600215823,,,,,,,,,794.0,2.0,"{'_': 'MessageReplies', 'replies': 0, 'replies_pts': 23224, 'comments': True, 'recent_repliers': [], 'channel_id': 1768120208, 'max_id': None, 'read_max_id': None}",2024-01-23T20:53:44+00:00,Drako - I Don’t DM First,,"{'_': 'MessageReactions', 'results': [{'_': 'ReactionCount', 'reaction': {'_': 'ReactionEmoji', 'emoticon': '❤'}, 'count': 7, 'chosen_order': None}], 'min': False, 'can_see_list': False, 'reactions_as_tags': False, 'recent_reactions': []}",[],
drakothaplugg,https://t.me/drakothaplugg,1603,2024-01-23 21:58:49,Hourly Bomber Coming Soon?👀,False,False,False,False,True,False,False,True,False,False,1600215823,,,,,,,5.008556854053286e+18,,832.0,1.0,"{'_': 'MessageReplies', 'replies': 0, 'replies_pts': 23224, 'comments': True, 'recent_repliers': [], 'channel_id': 1768120208, 'max_id': None, 'read_max_id': None}",2024-01-23T21:59:02+00:00,Drako - I Don’t DM First,,"{'_': 'MessageReactions', 'results': [{'_': 'ReactionCount', 'reaction': {'_': 'ReactionEmoji', 'emoticon': '🔥'}, 'count': 7, 'chosen_order': None}], 'min': False, 'can_see_list': False, 'reactions_as_tags': False, 'recent_reactions': []}",[],
drakothaplugg,https://t.me/drakothaplugg,1604,2024-01-23 23:51:59,"API Access Available For This
- 3 People Only

- You pay a access fee one time, Then you pay a set fee for attacks.
Message @DrakoThaPlug

All Spots Taken",False,False,False,False,True,False,False,False,False,False,1600215823,,,,1603.0,False,False,,,790.0,0.0,"{'_': 'MessageReplies', 'replies': 0, 'replies_pts': 23224, 'comments': True, 'recent_repliers': [], 'channel_id': 1768120208, 'max_id': None, 'read_max_id': None}",2024-01-24T12:54:18+00:00,Drako - I Don’t DM First,,"{'_': 'MessageReactions', 'results': [{'_': 'ReactionCount', 'reaction': {'_': 'ReactionEmoji', 'emoticon': '🥰'}, 'count': 5, 'chosen_order': None}], 'min': False, 'can_see_list': False, 'reactions_as_tags': False, 'recent_reactions': []}",[],
drakothaplugg,https://t.me/drakothaplugg,1605,2024-01-27 07:05:05,"🏋️‍♂️The Most Powerful Email/SMS/Call Bomber Bot To Ever Exist On Telegram!
bot.drakoshop.cc
  
📥 100% Inbox Rate
💰 Payments: CashApp, Crypto  
🚛 Fully Automated | Easy To Use  
💲 Starting At Just $1.00
🏆 No Competition In Sight
⚡️ Lightning-Fast Send Speed 
✅ 100% Bot/API Uptime
🌐 Working On All Domains 
⛔️ No Sending Limits
No Refunds On Any Services.
💰 Payment - Cashapp,Crypto
✅ Vouches - @Drakovouches
💣 Bomber - @DrakoBomberBot
📺 Channel - @DrakoThaPlugg
🛍 Shop - drakoshop.cc
👑 Seller - @DrakoThaPlug 
💬 Support - @DrakosSupport",False,False,False,False,True,False,False,True,False,False,1600215823,,"{'_': 'MessageFwdHeader', 'date': '2024-01-16T06:04:30+00:00', 'imported': False, 'saved_out': False, 'from_id': {'_': 'PeerChannel', 'channel_id': 1600215823}, 'from_name': None, 'channel_post': 1577, 'post_author': 'Drako - I Don’t DM First', 'saved_from_peer': None, 'saved_from_msg_id': None, 'saved_from_id': None, 'saved_from_name': None, 'saved_date': None, 'psa_type': None}",,,,,,,550.0,10.0,"{'_': 'MessageReplies', 'replies': 1, 'replies_pts': 23224, 'comments': True, 'recent_repliers': [{'_': 'PeerUser', 'user_id': 609517172}], 'channel_id': 1768120208, 'max_id': 10802, 'read_max_id': None}",2024-01-27T16:46:11+00:00,Drako - I Don’t DM First,,"{'_': 'MessageReactions', 'results': [{'_': 'ReactionCount', 'reaction': {'_': 'ReactionEmoji', 'emoticon': '👍'}, 'count': 4, 'chosen_order': None}], 'min': False, 'can_see_list': False, 'reactions_as_tags': False, 'recent_reactions': []}",[],
drakothaplugg,https://t.me/drakothaplugg,1608,2024-01-31 01:18:32,,False,False,False,False,True,False,False,True,False,False,1600215823,,,,,,,,,624.0,0.0,"{'_': 'MessageReplies', 'replies': 0, 'replies_pts': 23224, 'comments': True, 'recent_repliers': [], 'channel_id': 1768120208, 'max_id': None, 'read_max_id': None}",2024-01-31T01:18:35+00:00,Drako - I Don’t DM First,,,[],
drakothaplugg,https://t.me/drakothaplugg,1609,2024-02-02 21:00:41,"💣<PERSON>’s Email/SMS Bomber💣
Best Bomber On The Market!
💣Bomber: @DrakoBomberBot
👑Seller: @DrakoThaPlug",False,False,False,False,True,False,False,True,True,False,1600215823,,"{'_': 'MessageFwdHeader', 'date': '2024-02-02T21:00:20+00:00', 'imported': False, 'saved_out': False, 'from_id': {'_': 'PeerChannel', 'channel_id': 1697274648}, 'from_name': None, 'channel_post': 310, 'post_author': 'Drako - I Don’t DM First', 'saved_from_peer': None, 'saved_from_msg_id': None, 'saved_from_id': None, 'saved_from_name': None, 'saved_date': None, 'psa_type': None}",,,,,,,1458.0,9.0,"{'_': 'MessageReplies', 'replies': 1, 'replies_pts': 23224, 'comments': True, 'recent_repliers': [{'_': 'PeerUser', 'user_id': 609517172}], 'channel_id': 1768120208, 'max_id': 10814, 'read_max_id': None}",2024-02-02T21:00:53+00:00,Drako - I Don’t DM First,1.3655261132061144e+16,"{'_': 'MessageReactions', 'results': [{'_': 'ReactionCount', 'reaction': {'_': 'ReactionEmoji', 'emoticon': '🔥'}, 'count': 6, 'chosen_order': None}], 'min': False, 'can_see_list': False, 'reactions_as_tags': False, 'recent_reactions': []}",[],
drakothaplugg,https://t.me/drakothaplugg,1614,2024-02-02 21:00:42,,False,False,False,False,True,False,False,True,False,False,1600215823,,"{'_': 'MessageFwdHeader', 'date': '2024-02-02T21:00:20+00:00', 'imported': False, 'saved_out': False, 'from_id': {'_': 'PeerChannel', 'channel_id': 1697274648}, 'from_name': None, 'channel_post': 315, 'post_author': 'Drako - I Don’t DM First', 'saved_from_peer': None, 'saved_from_msg_id': None, 'saved_from_id': None, 'saved_from_name': None, 'saved_date': None, 'psa_type': None}",,,,,5.037734499630296e+18,,1486.0,9.0,,2024-02-02T21:00:45+00:00,Drako - I Don’t DM First,1.3655261132061144e+16,,[],
drakothaplugg,https://t.me/drakothaplugg,1632,2024-02-21 09:31:13,"<PERSON>’s Spammed CCs [Full Capture] 
Only buy if you know how to use it. 

Capture: Email:Password | Full Name | Phone Number | Address | Card Type | Card Number | Expiry Date | CVC |

NO WARRANTIES AT ALL! We are not responsible for Canceled Orders, Or Chargebacks ETC!

Send Vouches To @DrakoThaPlug

Click Here To Buy Now

No Refunds On Any Services.
💰 Payment - Cashapp,Crypto
✅ Vouches - @Drakovouches
💣 Bomber - @DrakoBomberBot
📺 Channel - @DrakoThaPlugg
🛍 Shop - drakoshop.cc
👑 Seller - @DrakoThaPlug 
💬 Support - @DrakosSupport",False,False,False,False,True,False,False,True,False,False,1600215823,,,,,,,,,573.0,1.0,"{'_': 'MessageReplies', 'replies': 1, 'replies_pts': 23224, 'comments': True, 'recent_repliers': [{'_': 'PeerUser', 'user_id': 609517172}], 'channel_id': 1768120208, 'max_id': 10836, 'read_max_id': None}",2024-02-21T14:34:18+00:00,Drako - I Don’t DM First,,"{'_': 'MessageReactions', 'results': [{'_': 'ReactionCount', 'reaction': {'_': 'ReactionEmoji', 'emoticon': '🔥'}, 'count': 5, 'chosen_order': None}], 'min': False, 'can_see_list': False, 'reactions_as_tags': False, 'recent_reactions': []}",[],
drakothaplugg,https://t.me/drakothaplugg,1633,2024-02-23 22:38:18,"There is a issue between telegrams api and our api. We are working on a fix, And will update you guys once everything is resolved.",False,False,False,False,True,False,False,True,False,False,1600215823,,,,,,,,,280.0,0.0,"{'_': 'MessageReplies', 'replies': 0, 'replies_pts': 23224, 'comments': True, 'recent_repliers': [], 'channel_id': 1768120208, 'max_id': None, 'read_max_id': None}",2024-02-23T22:38:31+00:00,Drako - I Don’t DM First,,"{'_': 'MessageReactions', 'results': [{'_': 'ReactionCount', 'reaction': {'_': 'ReactionEmoji', 'emoticon': '👍'}, 'count': 4, 'chosen_order': None}, {'_': 'ReactionCount', 'reaction': {'_': 'ReactionEmoji', 'emoticon': '❤'}, 'count': 2, 'chosen_order': None}], 'min': False, 'can_see_list': False, 'reactions_as_tags': False, 'recent_reactions': []}",[],
drakothaplugg,https://t.me/drakothaplugg,1636,2024-02-25 04:17:55,"<PERSON>’s Spammed CCs [Full Capture] 
Only buy if you know how to use it. 

Capture: Email:Password | Full Name | Phone Number | Address | Card Type | Card Number | Expiry Date | CVC |

NO WARRANTIES AT ALL! We are not responsible for Canceled Orders, Or Chargebacks ETC!

Send Vouches To @DrakoThaPlug

Click Here To Buy Now

No Refunds On Any Services.
💰 Payment - Cashapp,Crypto
✅ Vouches - @Drakovouches
💣 Bomber - @DrakoBomberBot
📺 Channel - @DrakoThaPlugg
🛍 Shop - drakoshop.cc
👑 Seller - @DrakoThaPlug 
💬 Support - @DrakosSupport",False,False,False,False,True,False,False,True,False,False,1600215823,,"{'_': 'MessageFwdHeader', 'date': '2024-02-21T09:31:13+00:00', 'imported': False, 'saved_out': False, 'from_id': {'_': 'PeerChannel', 'channel_id': 1600215823}, 'from_name': None, 'channel_post': 1632, 'post_author': 'Drako - I Don’t DM First', 'saved_from_peer': None, 'saved_from_msg_id': None, 'saved_from_id': None, 'saved_from_name': None, 'saved_date': None, 'psa_type': None}",,,,,,,68.0,0.0,"{'_': 'MessageReplies', 'replies': 1, 'replies_pts': 23224, 'comments': True, 'recent_repliers': [{'_': 'PeerUser', 'user_id': 609517172}], 'channel_id': 1768120208, 'max_id': 10842, 'read_max_id': None}",2024-02-25T04:17:59+00:00,Drako - I Don’t DM First,,,[],
drakothaplugg,https://t.me/drakothaplugg,1648,2024-03-01 23:39:46,/tokens redeem <PERSON>,False,False,False,False,True,False,False,True,False,False,1600215823,,,,1643.0,False,False,,,31.0,2.0,"{'_': 'MessageReplies', 'replies': 0, 'replies_pts': 23316, 'comments': True, 'recent_repliers': [], 'channel_id': 1768120208, 'max_id': None, 'read_max_id': None}",2024-03-01T23:40:02+00:00,Drako - I Don’t DM First,,"{'_': 'MessageReactions', 'results': [{'_': 'ReactionCount', 'reaction': {'_': 'ReactionEmoji', 'emoticon': '❤'}, 'count': 2, 'chosen_order': None}], 'min': False, 'can_see_list': False, 'reactions_as_tags': False, 'recent_reactions': []}",[],
drakothaplugg,https://t.me/drakothaplugg,1649,2024-03-01 23:40:15,/tokens redeem J5WW-ZOCR-JKBA-JW9S,False,False,False,False,True,False,False,True,False,False,1600215823,,,,1643.0,False,False,,,31.0,1.0,"{'_': 'MessageReplies', 'replies': 0, 'replies_pts': 23316, 'comments': True, 'recent_repliers': [], 'channel_id': 1768120208, 'max_id': None, 'read_max_id': None}",2024-03-01T23:40:24+00:00,Drako - I Don’t DM First,,"{'_': 'MessageReactions', 'results': [{'_': 'ReactionCount', 'reaction': {'_': 'ReactionEmoji', 'emoticon': '❤'}, 'count': 1, 'chosen_order': None}], 'min': False, 'can_see_list': False, 'reactions_as_tags': False, 'recent_reactions': []}",[],
drakothaplugg,https://t.me/drakothaplugg,1650,2024-03-01 23:40:28,/tokens redeem 0IKN-TC7O-3998-D96J,False,False,False,False,True,False,False,True,False,False,1600215823,,,,1643.0,False,False,,,30.0,1.0,"{'_': 'MessageReplies', 'replies': 0, 'replies_pts': 23316, 'comments': True, 'recent_repliers': [], 'channel_id': 1768120208, 'max_id': None, 'read_max_id': None}",2024-03-01T23:40:33+00:00,Drako - I Don’t DM First,,"{'_': 'MessageReactions', 'results': [{'_': 'ReactionCount', 'reaction': {'_': 'ReactionEmoji', 'emoticon': '❤'}, 'count': 1, 'chosen_order': None}], 'min': False, 'can_see_list': False, 'reactions_as_tags': False, 'recent_reactions': []}",[],
drakothaplugg,https://t.me/drakothaplugg,1651,2024-03-01 23:40:39,/tokens redeem <PERSON>,False,False,False,False,True,False,False,True,False,False,1600215823,,,,1643.0,False,False,,,29.0,2.0,"{'_': 'MessageReplies', 'replies': 0, 'replies_pts': 23316, 'comments': True, 'recent_repliers': [], 'channel_id': 1768120208, 'max_id': None, 'read_max_id': None}",2024-03-01T23:40:54+00:00,Drako - I Don’t DM First,,"{'_': 'MessageReactions', 'results': [{'_': 'ReactionCount', 'reaction': {'_': 'ReactionEmoji', 'emoticon': '❤'}, 'count': 2, 'chosen_order': None}], 'min': False, 'can_see_list': False, 'reactions_as_tags': False, 'recent_reactions': []}",[],
drakothaplugg,https://t.me/drakothaplugg,1652,2024-03-01 23:40:56,/tokens redeem O78Z-QFTV-VW1L-15R4,False,False,False,False,True,False,False,True,False,False,1600215823,,,,1643.0,False,False,,,36.0,2.0,"{'_': 'MessageReplies', 'replies': 0, 'replies_pts': 23316, 'comments': True, 'recent_repliers': [], 'channel_id': 1768120208, 'max_id': None, 'read_max_id': None}",2024-03-01T23:41:06+00:00,Drako - I Don’t DM First,,"{'_': 'MessageReactions', 'results': [{'_': 'ReactionCount', 'reaction': {'_': 'ReactionEmoji', 'emoticon': '❤'}, 'count': 1, 'chosen_order': None}], 'min': False, 'can_see_list': False, 'reactions_as_tags': False, 'recent_reactions': []}",[],
drakothaplugg,https://t.me/drakothaplugg,1653,2024-03-01 23:41:13,/tokens redeem S47J-2P3O-48PH-GO99,False,False,False,False,True,False,False,True,False,False,1600215823,,,,1643.0,False,False,,,29.0,2.0,"{'_': 'MessageReplies', 'replies': 0, 'replies_pts': 23316, 'comments': True, 'recent_repliers': [], 'channel_id': 1768120208, 'max_id': None, 'read_max_id': None}",2024-03-01T23:41:20+00:00,Drako - I Don’t DM First,,"{'_': 'MessageReactions', 'results': [{'_': 'ReactionCount', 'reaction': {'_': 'ReactionEmoji', 'emoticon': '❤'}, 'count': 1, 'chosen_order': None}], 'min': False, 'can_see_list': False, 'reactions_as_tags': False, 'recent_reactions': []}",[],
drakothaplugg,https://t.me/drakothaplugg,1656,2024-03-01 23:42:15,/tokens redeem 6L7P-D24P-B1X9-F82K,False,False,False,False,True,False,False,True,False,False,1600215823,,,,1643.0,False,False,,,20.0,1.0,"{'_': 'MessageReplies', 'replies': 0, 'replies_pts': 23316, 'comments': True, 'recent_repliers': [], 'channel_id': 1768120208, 'max_id': None, 'read_max_id': None}",2024-03-01T23:42:27+00:00,Drako - I Don’t DM First,,"{'_': 'MessageReactions', 'results': [{'_': 'ReactionCount', 'reaction': {'_': 'ReactionEmoji', 'emoticon': '❤'}, 'count': 1, 'chosen_order': None}], 'min': False, 'can_see_list': False, 'reactions_as_tags': False, 'recent_reactions': []}",[],
drakothaplugg,https://t.me/drakothaplugg,1657,2024-03-01 23:42:33,/tokens redeem 8LW5-452K-48PA-AS36,False,False,False,False,True,False,False,True,False,False,1600215823,,,,1643.0,False,False,,,18.0,1.0,"{'_': 'MessageReplies', 'replies': 0, 'replies_pts': 23316, 'comments': True, 'recent_repliers': [], 'channel_id': 1768120208, 'max_id': None, 'read_max_id': None}",2024-03-01T23:42:37+00:00,Drako - I Don’t DM First,,,[],
drakothaplugg,https://t.me/drakothaplugg,1658,2024-03-01 23:43:12,/tokens redeem 38XO-VWYS-76AX-44IN,False,False,False,False,True,False,False,True,False,False,1600215823,,,,1643.0,False,False,,,13.0,1.0,"{'_': 'MessageReplies', 'replies': 0, 'replies_pts': 23316, 'comments': True, 'recent_repliers': [], 'channel_id': 1768120208, 'max_id': None, 'read_max_id': None}",2024-03-01T23:43:16+00:00,Drako - I Don’t DM First,,,[],
drakothaplugg,https://t.me/drakothaplugg,1659,2024-03-01 23:43:39,/tokens redeem D520-QRH7-1KYJ-D4OI,False,False,False,False,True,False,False,True,False,False,1600215823,,,,1643.0,False,False,,,9.0,1.0,"{'_': 'MessageReplies', 'replies': 0, 'replies_pts': 23316, 'comments': True, 'recent_repliers': [], 'channel_id': 1768120208, 'max_id': None, 'read_max_id': None}",2024-03-01T23:43:42+00:00,Drako - I Don’t DM First,,,[],
drakothaplugg,https://t.me/drakothaplugg,1660,2024-03-01 23:43:49,/tokens redeem B8NK-3033-4PXK-4JGH,False,False,False,False,True,False,False,True,False,False,1600215823,,,,1643.0,False,False,,,4.0,2.0,"{'_': 'MessageReplies', 'replies': 0, 'replies_pts': 23316, 'comments': True, 'recent_repliers': [], 'channel_id': 1768120208, 'max_id': None, 'read_max_id': None}",2024-03-01T23:43:53+00:00,Drako - I Don’t DM First,,,[],
drakothaplugg,https://t.me/drakothaplugg,1661,2024-03-01 23:43:57,/tokens redeem MGFN-Y73W-V394-30BG,False,False,False,False,True,False,False,True,False,False,1600215823,,,,1643.0,False,False,,,8.0,1.0,"{'_': 'MessageReplies', 'replies': 0, 'replies_pts': 23316, 'comments': True, 'recent_repliers': [], 'channel_id': 1768120208, 'max_id': None, 'read_max_id': None}",2024-03-01T23:44:01+00:00,Drako - I Don’t DM First,,,[],
drakothaplugg,https://t.me/drakothaplugg,1662,2024-03-01 23:44:14,/tokens redeem X9UT-AU9V-58WM-Q3UP,False,False,False,False,True,False,False,True,False,False,1600215823,,,,1643.0,False,False,,,2.0,2.0,"{'_': 'MessageReplies', 'replies': 0, 'replies_pts': 23316, 'comments': True, 'recent_repliers': [], 'channel_id': 1768120208, 'max_id': None, 'read_max_id': None}",2024-03-01T23:44:18+00:00,Drako - I Don’t DM First,,,[],
drakothaplugg,https://t.me/drakothaplugg,1663,2024-03-01 23:44:56,/tokens redeem HTF6-2BRB-NTSC-E07W,False,False,False,False,True,False,False,True,False,False,1600215823,,,,1643.0,False,False,,,2.0,2.0,"{'_': 'MessageReplies', 'replies': 0, 'replies_pts': 23316, 'comments': True, 'recent_repliers': [], 'channel_id': 1768120208, 'max_id': None, 'read_max_id': None}",2024-03-01T23:45:19+00:00,Drako - I Don’t DM First,,"{'_': 'MessageReactions', 'results': [{'_': 'ReactionCount', 'reaction': {'_': 'ReactionEmoji', 'emoticon': '❤'}, 'count': 1, 'chosen_order': None}], 'min': False, 'can_see_list': False, 'reactions_as_tags': False, 'recent_reactions': []}",[],
drakothaplugg,https://t.me/drakothaplugg,1665,2024-03-02 02:29:15,/tokens redeem <PERSON>-3R3C-Z12V-DVE4,False,False,False,False,True,False,False,True,False,False,1600215823,,,,1643.0,False,False,,,38.0,1.0,"{'_': 'MessageReplies', 'replies': 0, 'replies_pts': 23377, 'comments': True, 'recent_repliers': [], 'channel_id': 1768120208, 'max_id': None, 'read_max_id': None}",2024-03-02T02:29:35+00:00,Drako - I Don’t DM First,,"{'_': 'MessageReactions', 'results': [{'_': 'ReactionCount', 'reaction': {'_': 'ReactionEmoji', 'emoticon': '🔥'}, 'count': 3, 'chosen_order': None}, {'_': 'ReactionCount', 'reaction': {'_': 'ReactionEmoji', 'emoticon': '🥰'}, 'count': 1, 'chosen_order': None}], 'min': False, 'can_see_list': False, 'reactions_as_tags': False, 'recent_reactions': []}",[],
drakothaplugg,https://t.me/drakothaplugg,1666,2024-03-02 02:29:57,/tokens redeem 36QY-P6RU-8IE7-YY7T,False,False,False,False,True,False,False,True,False,False,1600215823,,,,1643.0,False,False,,,63.0,2.0,"{'_': 'MessageReplies', 'replies': 0, 'replies_pts': 23377, 'comments': True, 'recent_repliers': [], 'channel_id': 1768120208, 'max_id': None, 'read_max_id': None}",2024-03-02T02:30:14+00:00,Drako - I Don’t DM First,,"{'_': 'MessageReactions', 'results': [{'_': 'ReactionCount', 'reaction': {'_': 'ReactionEmoji', 'emoticon': '🥰'}, 'count': 3, 'chosen_order': None}], 'min': False, 'can_see_list': False, 'reactions_as_tags': False, 'recent_reactions': []}",[],
drakothaplugg,https://t.me/drakothaplugg,1668,2024-03-02 02:30:31,/tokens redeem X1L0-PFWF-5N69-F59E,False,False,False,False,True,False,False,True,False,False,1600215823,,,,1643.0,False,False,,,35.0,1.0,"{'_': 'MessageReplies', 'replies': 0, 'replies_pts': 23377, 'comments': True, 'recent_repliers': [], 'channel_id': 1768120208, 'max_id': None, 'read_max_id': None}",2024-03-02T02:30:36+00:00,Drako - I Don’t DM First,,"{'_': 'MessageReactions', 'results': [{'_': 'ReactionCount', 'reaction': {'_': 'ReactionEmoji', 'emoticon': '🥰'}, 'count': 3, 'chosen_order': None}], 'min': False, 'can_see_list': False, 'reactions_as_tags': False, 'recent_reactions': []}",[],
drakothaplugg,https://t.me/drakothaplugg,1669,2024-03-02 02:30:47,/tokens redeem 8I6O-Y7WK-LOZC-JYAD,False,False,False,False,True,False,False,True,False,False,1600215823,,,,1643.0,False,False,,,35.0,1.0,"{'_': 'MessageReplies', 'replies': 0, 'replies_pts': 23377, 'comments': True, 'recent_repliers': [], 'channel_id': 1768120208, 'max_id': None, 'read_max_id': None}",2024-03-02T02:30:56+00:00,Drako - I Don’t DM First,,"{'_': 'MessageReactions', 'results': [{'_': 'ReactionCount', 'reaction': {'_': 'ReactionEmoji', 'emoticon': '🥰'}, 'count': 3, 'chosen_order': None}], 'min': False, 'can_see_list': False, 'reactions_as_tags': False, 'recent_reactions': []}",[],
drakothaplugg,https://t.me/drakothaplugg,1674,2024-03-02 03:21:59,"💣<PERSON>’s Email/SMS Bomber💣
Best Bomber On The Market!
$5000 Hit
💣Bomber: @DrakoBomberBot
👑Seller: @DrakoThaPlug",False,False,False,False,True,False,False,True,False,False,1600215823,,"{'_': 'MessageFwdHeader', 'date': '2024-03-02T03:21:51+00:00', 'imported': False, 'saved_out': False, 'from_id': {'_': 'PeerChannel', 'channel_id': 1697274648}, 'from_name': None, 'channel_post': 316, 'post_author': 'Drako - I Don’t DM First', 'saved_from_peer': None, 'saved_from_msg_id': None, 'saved_from_id': None, 'saved_from_name': None, 'saved_date': None, 'psa_type': None}",,,,,5.118716254025264e+18,,35.0,0.0,"{'_': 'MessageReplies', 'replies': 1, 'replies_pts': 23391, 'comments': True, 'recent_repliers': [{'_': 'PeerUser', 'user_id': 609517172}], 'channel_id': 1768120208, 'max_id': 10883, 'read_max_id': None}",2024-03-02T03:22:14+00:00,Drako - I Don’t DM First,,"{'_': 'MessageReactions', 'results': [{'_': 'ReactionCount', 'reaction': {'_': 'ReactionEmoji', 'emoticon': '❤'}, 'count': 3, 'chosen_order': None}], 'min': False, 'can_see_list': False, 'reactions_as_tags': False, 'recent_reactions': []}",[],
drakothaplugg,https://t.me/drakothaplugg,1676,2024-03-02 10:30:04,"<PERSON>’s Spammed CCs [Full Capture] Restocked
Only buy if you know how to use it. 

Capture: Email:Password | Full Name | Phone Number | Address | Card Type | Card Number | Expiry Date | CVC |

NO WARRANTIES AT ALL! We are not responsible for Canceled Orders, Or Chargebacks ETC!

Send Vouches To @DrakoThaPlug

Click Here To Buy Now

No Refunds On Any Services.
💰 Payment - Cashapp,Crypto
✅ Vouches - @Drakovouches
💣 Bomber - @DrakoBomberBot
📺 Channel - @DrakoThaPlugg
🛍 Shop - drakoshop.cc
👑 Seller - @DrakoThaPlug 
💬 Support - @DrakosSupport",False,False,False,False,True,False,False,True,False,False,1600215823,,"{'_': 'MessageFwdHeader', 'date': '2024-02-21T09:31:13+00:00', 'imported': False, 'saved_out': False, 'from_id': {'_': 'PeerChannel', 'channel_id': 1600215823}, 'from_name': None, 'channel_post': 1632, 'post_author': 'Drako - I Don’t DM First', 'saved_from_peer': None, 'saved_from_msg_id': None, 'saved_from_id': None, 'saved_from_name': None, 'saved_date': None, 'psa_type': None}",,,,,,,5.0,0.0,"{'_': 'MessageReplies', 'replies': 1, 'replies_pts': 23394, 'comments': True, 'recent_repliers': [{'_': 'PeerUser', 'user_id': 609517172}], 'channel_id': 1768120208, 'max_id': 10885, 'read_max_id': None}",2024-03-02T10:30:09+00:00,Drako - I Don’t DM First,,,[],
drakothaplugg,https://t.me/drakothaplugg,1678,2024-03-06 09:02:26,"Make sure you don’t miss this.

Token drop for private channel members <DATE_TIME>!

To get access, You must provide proof of your balance on the bot.

(Type /info and send a screenshot, Must be of the current date)

If you do not have balance currently, You will not get access.

📩 Message @DrakosSupport",False,False,False,False,True,False,False,False,False,False,1600215823,,,,1638.0,False,False,,,17.0,0.0,"{'_': 'MessageReplies', 'replies': 0, 'replies_pts': 23411, 'comments': True, 'recent_repliers': [], 'channel_id': 1768120208, 'max_id': None, 'read_max_id': None}",2024-03-06T09:04:10+00:00,Drako - I Don’t DM First,,"{'_': 'MessageReactions', 'results': [{'_': 'ReactionCount', 'reaction': {'_': 'ReactionEmoji', 'emoticon': '❤'}, 'count': 1, 'chosen_order': None}], 'min': False, 'can_see_list': False, 'reactions_as_tags': False, 'recent_reactions': []}",[],
drakothaplugg,https://t.me/drakothaplugg,1681,2024-03-09 03:35:47,"💣<PERSON>’s Email/SMS Bomber💣
Best Bomber On The Market!
💣Bomber: @DrakoBomberBot
👑Seller: @DrakoThaPlug",False,False,False,False,True,False,False,True,False,False,1600215823,,"{'_': 'MessageFwdHeader', 'date': '2024-03-09T03:35:31+00:00', 'imported': False, 'saved_out': False, 'from_id': {'_': 'PeerChannel', 'channel_id': 1697274648}, 'from_name': None, 'channel_post': 317, 'post_author': 'Drako - I Don’t DM First', 'saved_from_peer': None, 'saved_from_msg_id': None, 'saved_from_id': None, 'saved_from_name': None, 'saved_date': None, 'psa_type': None}",,,,,5.143657545724964e+18,,32.0,0.0,"{'_': 'MessageReplies', 'replies': 1, 'replies_pts': 23426, 'comments': True, 'recent_repliers': [{'_': 'PeerUser', 'user_id': 609517172}], 'channel_id': 1768120208, 'max_id': 10901, 'read_max_id': None}",2024-03-09T03:35:49+00:00,Drako - I Don’t DM First,1.3679642779168648e+16,,[],
drakothaplugg,https://t.me/drakothaplugg,1682,2024-03-09 03:35:48,,False,False,False,False,True,False,False,True,False,False,1600215823,,"{'_': 'MessageFwdHeader', 'date': '2024-03-09T03:35:31+00:00', 'imported': False, 'saved_out': False, 'from_id': {'_': 'PeerChannel', 'channel_id': 1697274648}, 'from_name': None, 'channel_post': 318, 'post_author': 'Drako - I Don’t DM First', 'saved_from_peer': None, 'saved_from_msg_id': None, 'saved_from_id': None, 'saved_from_name': None, 'saved_date': None, 'psa_type': None}",,,,,5.143657545724964e+18,,31.0,0.0,"{'_': 'MessageReplies', 'replies': 0, 'replies_pts': 0, 'comments': True, 'recent_repliers': [], 'channel_id': 777, 'max_id': None, 'read_max_id': None}",2024-03-09T03:36:25+00:00,Drako - I Don’t DM First,1.3679642779168648e+16,,[],
drakothaplugg,https://t.me/drakothaplugg,1683,2024-03-09 03:35:49,,False,False,False,False,True,False,False,True,False,False,1600215823,,"{'_': 'MessageFwdHeader', 'date': '2024-03-09T03:35:31+00:00', 'imported': False, 'saved_out': False, 'from_id': {'_': 'PeerChannel', 'channel_id': 1697274648}, 'from_name': None, 'channel_post': 319, 'post_author': 'Drako - I Don’t DM First', 'saved_from_peer': None, 'saved_from_msg_id': None, 'saved_from_id': None, 'saved_from_name': None, 'saved_date': None, 'psa_type': None}",,,,,5.143657545724964e+18,,31.0,0.0,"{'_': 'MessageReplies', 'replies': 0, 'replies_pts': 0, 'comments': True, 'recent_repliers': [], 'channel_id': 777, 'max_id': None, 'read_max_id': None}",2024-03-09T03:36:23+00:00,Drako - I Don’t DM First,1.3679642779168648e+16,,[],
drakothaplugg,https://t.me/drakothaplugg,1686,2024-03-11 23:21:41,"<PERSON>’s Spammed CCs [Full Capture] Restocked
Only buy if you know how to use it. 

Capture: Email:Password | Full Name | Phone Number | Address | Card Type | Card Number | Expiry Date | CVC |

NO WARRANTIES AT ALL! We are not responsible for Canceled Orders, Or Chargebacks ETC!

Send Vouches To @DrakoThaPlug

Click Here To Buy Now

No Refunds On Any Services.
💰 Payment - Cashapp,Crypto
✅ Vouches - @Drakovouches
💣 Bomber - @DrakoBomberBot
📺 Channel - @DrakoThaPlugg
🛍 Shop - drakoshop.cc
👑 Seller - @DrakoThaPlug 
💬 Support - @DrakosSupport",False,False,False,False,True,False,False,True,False,False,1600215823,,"{'_': 'MessageFwdHeader', 'date': '2024-02-21T09:31:13+00:00', 'imported': False, 'saved_out': False, 'from_id': {'_': 'PeerChannel', 'channel_id': 1600215823}, 'from_name': None, 'channel_post': 1632, 'post_author': 'Drako - I Don’t DM First', 'saved_from_peer': None, 'saved_from_msg_id': None, 'saved_from_id': None, 'saved_from_name': None, 'saved_date': None, 'psa_type': None}",,,,,,,17.0,0.0,"{'_': 'MessageReplies', 'replies': 1, 'replies_pts': 23435, 'comments': True, 'recent_repliers': [{'_': 'PeerUser', 'user_id': 609517172}], 'channel_id': 1768120208, 'max_id': 10908, 'read_max_id': None}",2024-03-11T23:21:44+00:00,Drako - I Don’t DM First,,,[],
drakothaplugg,https://t.me/drakothaplugg,1688,2024-03-14 21:42:48,"🏋️‍♂️The Most Powerful Email/SMS/Call Bomber Bot To Ever Exist On Telegram!
bot.drakoshop.cc
  
📥 100% Inbox Rate
💰 Payments: CashApp, Crypto  
🚛 Fully Automated | Easy To Use  
💲 Starting At Just $1.00
🏆 No Competition In Sight
⚡️ Lightning-Fast Send Speed 
✅ 100% Bot/API Uptime
🌐 Working On All Domains 
⛔️ No Sending Limits
No Refunds On Any Services.
💰 Payment - Cashapp,Crypto
✅ Vouches - @Drakovouches
💣 Bomber - @DrakoBomberBot
📺 Channel - @DrakoThaPlugg
🛍 Shop - drakoshop.cc
👑 Seller - @DrakoThaPlug 
💬 Support - @DrakosSupport",False,False,False,False,True,False,False,True,False,False,1600215823,,"{'_': 'MessageFwdHeader', 'date': '2024-01-16T06:04:30+00:00', 'imported': False, 'saved_out': False, 'from_id': {'_': 'PeerChannel', 'channel_id': 1600215823}, 'from_name': None, 'channel_post': 1577, 'post_author': 'Drako - I Don’t DM First', 'saved_from_peer': None, 'saved_from_msg_id': None, 'saved_from_id': None, 'saved_from_name': None, 'saved_date': None, 'psa_type': None}",,,,,,,15.0,0.0,"{'_': 'MessageReplies', 'replies': 1, 'replies_pts': 23444, 'comments': True, 'recent_repliers': [{'_': 'PeerUser', 'user_id': 609517172}], 'channel_id': 1768120208, 'max_id': 10911, 'read_max_id': None}",2024-03-14T21:42:51+00:00,Drako - I Don’t DM First,,,[],
drakothaplugg,https://t.me/drakothaplugg,1690,2024-03-15 12:16:01,"If it shows out of stock on the shop, Turn on a VPN and refresh the page.",False,False,False,False,True,False,False,True,False,False,1600215823,,,,1688.0,False,False,,,40.0,0.0,"{'_': 'MessageReplies', 'replies': 1, 'replies_pts': 23453, 'comments': True, 'recent_repliers': [{'_': 'PeerUser', 'user_id': 609517172}], 'channel_id': 1768120208, 'max_id': 10916, 'read_max_id': None}",2024-03-15T12:16:05+00:00,Drako - I Don’t DM First,,,[],
drakothaplugg,https://t.me/drakothaplugg,1692,2024-03-20 19:10:41,"🏋️‍♂️The Most Powerful Email/SMS/Call Bomber Bot To Ever Exist On Telegram!
bot.drakoshop.cc
  
📥 100% Inbox Rate
💰 Payments: CashApp, Crypto  
🚛 Fully Automated | Easy To Use  
💲 Starting At Just $1.00
🏆 No Competition In Sight
⚡️ Lightning-Fast Send Speed 
✅ 100% Bot/API Uptime
🌐 Working On All Domains 
⛔️ No Sending Limits
No Refunds On Any Services.
💰 Payment - Cashapp,Crypto
✅ Vouches - @Drakovouches
💣 Bomber - @DrakoBomberBot
📺 Channel - @DrakoThaPlugg
🛍 Shop - drakoshop.cc
👑 Seller - @DrakoThaPlug 
💬 Support - @DrakosSupport",False,False,False,False,True,False,False,True,False,False,1600215823,,"{'_': 'MessageFwdHeader', 'date': '2024-01-16T06:04:30+00:00', 'imported': False, 'saved_out': False, 'from_id': {'_': 'PeerChannel', 'channel_id': 1600215823}, 'from_name': None, 'channel_post': 1577, 'post_author': 'Drako - I Don’t DM First', 'saved_from_peer': None, 'saved_from_msg_id': None, 'saved_from_id': None, 'saved_from_name': None, 'saved_date': None, 'psa_type': None}",,,,,,,14.0,1.0,"{'_': 'MessageReplies', 'replies': 1, 'replies_pts': 23460, 'comments': True, 'recent_repliers': [{'_': 'PeerUser', 'user_id': 609517172}], 'channel_id': 1768120208, 'max_id': 10921, 'read_max_id': None}",2024-03-20T19:10:44+00:00,Drako - I Don’t DM First,,,[],
drakothaplugg,https://t.me/drakothaplugg,1695,2024-03-20 23:24:08,/tokens redeem <PERSON>,False,False,False,False,True,False,False,True,False,False,1600215823,,,,1693.0,False,False,,,176.0,2.0,"{'_': 'MessageReplies', 'replies': 0, 'replies_pts': 23514, 'comments': True, 'recent_repliers': [], 'channel_id': 1768120208, 'max_id': None, 'read_max_id': None}",2024-03-20T23:24:16+00:00,Drako - I Don’t DM First,,"{'_': 'MessageReactions', 'results': [{'_': 'ReactionCount', 'reaction': {'_': 'ReactionEmoji', 'emoticon': '😁'}, 'count': 4, 'chosen_order': None}, {'_': 'ReactionCount', 'reaction': {'_': 'ReactionEmoji', 'emoticon': '😱'}, 'count': 1, 'chosen_order': None}], 'min': False, 'can_see_list': False, 'reactions_as_tags': False, 'recent_reactions': []}",[],
drakothaplugg,https://t.me/drakothaplugg,1705,2024-03-20 23:59:24,"Send suggestions for what bots or services to work on next. We will run a poll for all the suggestions, And pick the highest voted ones.

Message: @DrakosSupport",False,False,False,False,True,False,False,True,False,False,1600215823,,"{'_': 'MessageFwdHeader', 'date': '2024-01-18T05:00:45+00:00', 'imported': False, 'saved_out': False, 'from_id': {'_': 'PeerChannel', 'channel_id': 1600215823}, 'from_name': None, 'channel_post': 1578, 'post_author': 'Drako - I Don’t DM First', 'saved_from_peer': None, 'saved_from_msg_id': None, 'saved_from_id': None, 'saved_from_name': None, 'saved_date': None, 'psa_type': None}",,,,,,,137.0,0.0,"{'_': 'MessageReplies', 'replies': 0, 'replies_pts': 23514, 'comments': True, 'recent_repliers': [], 'channel_id': 1768120208, 'max_id': None, 'read_max_id': None}",2024-03-20T23:59:27+00:00,Drako - I Don’t DM First,,,[],
drakothaplugg,https://t.me/drakothaplugg,1719,2024-03-26 04:48:37,,False,False,False,False,True,False,False,True,False,False,1600215823,,,,,,,,,23.0,1.0,"{'_': 'MessageReplies', 'replies': 0, 'replies_pts': 23579, 'comments': True, 'recent_repliers': [], 'channel_id': 1768120208, 'max_id': None, 'read_max_id': None}",2024-03-26T04:48:42+00:00,Drako - I Don’t DM First,,,[],
drakothaplugg,https://t.me/drakothaplugg,1721,2024-03-26 06:37:07,✅,False,False,False,False,True,False,False,True,False,False,1600215823,,,,1720.0,False,False,4.904633188249349e+18,,40.0,0.0,"{'_': 'MessageReplies', 'replies': 0, 'replies_pts': 23585, 'comments': True, 'recent_repliers': [], 'channel_id': 1768120208, 'max_id': None, 'read_max_id': None}",2024-03-26T06:37:10+00:00,Drako - I Don’t DM First,,,[],
drakothaplugg,https://t.me/drakothaplugg,1723,2024-03-26 22:14:39,"🤑<PERSON>’s Bestbuy Method🤑
Hit any products you want!
Iphones,Ipads,Macbooks,PS5s,TVs and so much more!

Click Here To Buy Now

✅ Most of the vouches for the bomber, Are using this method!

<PERSON> as long as you follow the steps correctly, Do not ask for help the whole point of the method is for you to follow it.
No Refunds On Any Services.
📧 Support - @DrakosSupport 
✅ Vouches - @Drakovouches
💣 Bomber - @DrakoBomberBot
📺 Channel - @DrakoThaPlugg
🛍 Shop - drakoshop.cc
👑 Seller - @DrakoThaPlug",False,False,False,False,True,False,False,True,False,False,1600215823,,"{'_': 'MessageFwdHeader', 'date': '2024-01-18T02:07:38+00:00', 'imported': False, 'saved_out': False, 'from_id': None, 'from_name': 'Drako - I Don’t DM First', 'channel_post': None, 'post_author': None, 'saved_from_peer': None, 'saved_from_msg_id': None, 'saved_from_id': None, 'saved_from_name': None, 'saved_date': None, 'psa_type': None}",,,,,4.990361508571622e+18,,87.0,0.0,"{'_': 'MessageReplies', 'replies': 1, 'replies_pts': 23595, 'comments': True, 'recent_repliers': [{'_': 'PeerUser', 'user_id': 609517172}], 'channel_id': 1768120208, 'max_id': 10958, 'read_max_id': None}",2024-03-27T01:49:00+00:00,Drako - I Don’t DM First,,"{'_': 'MessageReactions', 'results': [], 'min': False, 'can_see_list': False, 'reactions_as_tags': False, 'recent_reactions': []}",[],
drakothaplugg,https://t.me/drakothaplugg,1725,2024-03-30 00:58:34,,False,False,False,False,True,False,False,True,False,False,1600215823,,"{'_': 'MessageFwdHeader', 'date': '2024-03-30T00:58:24+00:00', 'imported': False, 'saved_out': False, 'from_id': {'_': 'PeerChannel', 'channel_id': 1697274648}, 'from_name': None, 'channel_post': 322, 'post_author': 'Drako - I Don’t DM First', 'saved_from_peer': None, 'saved_from_msg_id': None, 'saved_from_id': None, 'saved_from_name': None, 'saved_date': None, 'psa_type': None}",,,,,4.918041285873479e+18,,188.0,0.0,,2024-03-30T00:58:37+00:00,Drako - I Don’t DM First,1.3694082516501744e+16,,[],
drakothaplugg,https://t.me/drakothaplugg,1726,2024-03-30 08:47:11,,False,False,False,False,True,False,False,True,True,False,1600215823,,,,,,,,,529.0,1.0,"{'_': 'MessageReplies', 'replies': 0, 'replies_pts': 23613, 'comments': True, 'recent_repliers': [], 'channel_id': 1768120208, 'max_id': None, 'read_max_id': None}",2024-03-30T08:47:15+00:00,Drako - I Don’t DM First,,,[],
drakothaplugg,https://t.me/drakothaplugg,1727,2024-03-31 03:51:45,,False,False,False,True,True,,False,,,,1600215823,,,,1726.0,False,False,,,,,,,,,,,
drakothaplugg,https://t.me/drakothaplugg,1728,2024-03-31 03:52:32,"<PERSON> SMM API | #1 Botting Service
Tiktok Livestream Views - Time Based
Very High Quality | Fast Speed",False,False,False,False,True,False,False,True,False,False,1600215823,,,,,,,,,327.0,0.0,"{'_': 'MessageReplies', 'replies': 1, 'replies_pts': 23613, 'comments': True, 'recent_repliers': [{'_': 'PeerUser', 'user_id': 609517172}], 'channel_id': 1768120208, 'max_id': 10965, 'read_max_id': None}",2024-03-31T04:25:06+00:00,Drako - I Don’t DM First,,"{'_': 'MessageReactions', 'results': [{'_': 'ReactionCount', 'reaction': {'_': 'ReactionEmoji', 'emoticon': '❤'}, 'count': 2, 'chosen_order': None}], 'min': False, 'can_see_list': False, 'reactions_as_tags': False, 'recent_reactions': []}",[],
drakothaplugg,https://t.me/drakothaplugg,1730,2024-04-02 02:31:01,,False,False,False,False,True,False,False,True,False,False,1600215823,,,,,,,4.927217762674257e+18,,13.0,0.0,"{'_': 'MessageReplies', 'replies': 0, 'replies_pts': 23617, 'comments': True, 'recent_repliers': [], 'channel_id': 1768120208, 'max_id': None, 'read_max_id': None}",2024-04-02T02:31:05+00:00,Drako - I Don’t DM First,,"{'_': 'MessageReactions', 'results': [{'_': 'ReactionCount', 'reaction': {'_': 'ReactionEmoji', 'emoticon': '🔥'}, 'count': 3, 'chosen_order': None}, {'_': 'ReactionCount', 'reaction': {'_': 'ReactionEmoji', 'emoticon': '❤'}, 'count': 1, 'chosen_order': None}], 'min': False, 'can_see_list': False, 'reactions_as_tags': False, 'recent_reactions': []}",[],
