Channel ID,URL,Post ID,date,message,out,mentioned,media_unread,silent,post,from_scheduled,legacy,edit_hide,pinned,noforwards,peer_channel,from_id_user,fwd_from,via_bot_id,reply_to_msg_id,reply_to_scheduled,forum_topic,media_photo_id,reply_markup,views,forwards,replies,edit_date,post_author,grouped_id,reactions,restriction_reason,ttl_period
hackersabode,https://t.me/hackersabode,14186,2024-02-09 23:09:11,"🛒 BIN PLAY STORE SHOPPING 🛒

💰| 𝗕𝗜𝗡: 377162109036xxxx|11|2026| 
💰| 𝗕𝗜𝗡2: 37716210903xxxx|11|2026| 
🔑| 𝗖𝗩𝗩:0000 
🌏| 𝗜𝗣: USA [🇺🇸] ZIP: 10010 | 10001 | 10080


📝 | NOTE: ASSOCIATE FROM pay.google.com, STAY FOR <DATE_TIME> AND MAKE PURCHASES WITHIN GAMES, PURCHASE GAMES, SUBSCRIPTIONS OR BOOKS,

🧬 @getitfreeadmin",False,False,False,False,True,False,False,False,False,False,1286491821,,,,,,,5.924864010413523e+18,,245,1,,2024-02-09T23:09:47+00:00,,,,[],
hackersabode,https://t.me/hackersabode,14187,2024-02-10 20:27:50,"🌐 FREE WEB HOSTING 

cwahi - http://cwahi.com     
110mb - http://110mb.com     
<PERSON>      
SuperFreeHost - http://superfreehost.info   
Freehostia - http://freehostia.com 
Freeweb7 - http://freeweb7.com    
t35 - http://t35.com      
Awardspace - http://awardspace.com      
PHPNet - http://phpnet.us     
Free Web Hosting Pro -
http://freewebhostingpro.com   
ProHosts - http://prohosts.org   
FreeZoka - http://www.freezoka.com/ 
000webhost - http://000webhost.com/  
AtSpace - http://atspace.com 

@getitfreeadmin",False,False,False,False,True,False,False,False,False,False,1286491821,,,,,,,,,253,1,,2024-02-10T20:28:43+00:00,,,,[],
hackersabode,https://t.me/hackersabode,14188,2024-02-10 20:53:11,,False,False,False,False,True,False,False,False,False,False,1286491821,,,,,,,,,357,5,,,,,,[],
hackersabode,https://t.me/hackersabode,14189,2024-02-10 20:53:40,"If You find it hard to login your virtualshield vpn on Android , use the cracked .",False,False,False,False,True,False,False,False,False,False,1286491821,,,,14188.0,False,False,,,229,0,,,,,,[],
hackersabode,https://t.me/hackersabode,14190,2024-02-11 08:42:52,"The price of Talkertone number is now 15k 

Premium talkertone is 30k

@getitfreeadmin",False,False,False,False,True,False,False,False,False,False,1286491821,,,,,,,5.929428456842577e+18,,237,0,,,,,,[],
hackersabode,https://t.me/hackersabode,14191,2024-02-11 08:44:33,"Everything is hard to get now .... If I do promo for any account , it's better you buy it before the price go higher. Nothing is easy to get again . 

@getitfreeadmin",False,False,False,False,True,False,False,False,False,False,1286491821,,,,,,,,,235,0,,,,,,[],
hackersabode,https://t.me/hackersabode,14192,2024-02-11 08:46:57,"I will still do promo for meet  account <DATE_TIME> 

Promo price: 10k

After <DATE_TIME> , ready to pay 20k for Meetme account 

@getitfreeadmin",False,False,False,False,True,False,False,False,False,False,1286491821,,,,,,,5.929428456842577e+18,,241,0,,,,1.3661129737720916e+16,,[],
hackersabode,https://t.me/hackersabode,14193,2024-02-11 08:46:57,,False,False,False,False,True,False,False,False,False,False,1286491821,,,,,,,5.929428456842577e+18,,239,0,,,,1.3661129737720916e+16,,[],
hackersabode,https://t.me/hackersabode,14194,2024-02-11 15:56:37,"Working on bumble for buyers

@getitfreeadmin",False,False,False,False,True,False,False,False,False,False,1286491821,,,,,,,5.929428456842577e+18,,242,1,,,,1.3661335983239844e+16,,[],
hackersabode,https://t.me/hackersabode,14195,2024-02-11 15:56:38,,False,False,False,False,True,False,False,False,False,False,1286491821,,,,,,,5.929428456842577e+18,,248,1,,,,1.3661335983239844e+16,,[],
hackersabode,https://t.me/hackersabode,14196,2024-02-11 16:06:09,,False,False,False,False,True,False,False,False,False,False,1286491821,,,,,,,,,256,0,,,,,,[],
hackersabode,https://t.me/hackersabode,14197,2024-02-11 16:06:22,Both Paid and unpaid,False,False,False,False,True,False,False,False,False,False,1286491821,,,,14196.0,False,False,,,247,0,,,,,,[],
hackersabode,https://t.me/hackersabode,14198,2024-02-11 16:20:42,,False,False,False,False,True,False,False,False,False,False,1286491821,,,,,,,5.929428456842577e+18,,248,0,,,,,,[],
hackersabode,https://t.me/hackersabode,14199,2024-02-12 07:14:43,,False,False,False,False,True,False,False,False,False,False,1286491821,,,,,,,5.931680256656261e+18,,252,0,,,,1.36617766649787e+16,,[],
hackersabode,https://t.me/hackersabode,14200,2024-02-12 07:14:43,,False,False,False,False,True,False,False,False,False,False,1286491821,,,,,,,5.931680256656261e+18,,266,0,,,,1.36617766649787e+16,,[],
hackersabode,https://t.me/hackersabode,14201,2024-02-12 07:14:43,,False,False,False,False,True,False,False,False,False,False,1286491821,,,,,,,5.931680256656261e+18,,273,0,,,,1.36617766649787e+16,,[],
hackersabode,https://t.me/hackersabode,14202,2024-02-12 11:30:27,Amazon number generator and validator......,False,False,False,False,True,False,False,False,False,False,1286491821,,,,,,,5.931680256656261e+18,,272,1,,,,,,[],
hackersabode,https://t.me/hackersabode,14203,2024-02-12 11:33:49,DM @getitfreeadmin to get this tool,False,False,False,False,True,False,False,False,False,False,1286491821,,,,,,,5.931680256656261e+18,,283,1,,,,,,[],
hackersabode,https://t.me/hackersabode,14204,2024-02-12 11:38:35,You can generate valid number lead for the banks. You can generate and validate the numbers,False,False,False,False,True,False,False,False,False,False,1286491821,,,,,,,5.931680256656261e+18,,293,1,,2024-02-12T11:39:10+00:00,,,,[],
hackersabode,https://t.me/hackersabode,14205,2024-02-12 12:55:08,"If You find it hard to login your virtualshield vpn on Android , use the cracked .",False,False,False,False,True,False,False,False,False,False,1286491821,,,,,,,,,284,0,,,,,,[],
hackersabode,https://t.me/hackersabode,14206,2024-02-12 12:55:08,,False,False,False,False,True,False,False,False,False,False,1286491821,,"{'_': 'MessageFwdHeader', 'date': '2024-02-10T20:53:11+00:00', 'imported': False, 'saved_out': False, 'from_id': {'_': 'PeerChannel', 'channel_id': 1286491821}, 'from_name': None, 'channel_post': 14188, 'post_author': None, 'saved_from_peer': None, 'saved_from_msg_id': None, 'saved_from_id': None, 'saved_from_name': None, 'saved_date': None, 'psa_type': None}",,,,,,,173,1,,,,,,[],
hackersabode,https://t.me/hackersabode,14207,2024-02-12 16:51:18,"☎️ Number Generator | Number Validator ☎️

Number Generator and Validator

~Generate Custom Area Code USA Numbers
~Generate USA/CA Bank Numbers
~HRL Validation (<PERSON>) (236 Countries Supported)
~HRL Validation (API Less)
~Amazon Validator
~Amazon Validator (Proxy)
~Outlook Validator
~Office 365 Validator

This tool generates phone leads, validates them with <PERSON> which is also used in numify though you dont need an apikey with our tool, Pre added list of bank area codes, <PERSON>/Office365. 

@getitfreeadmin",False,False,False,False,True,False,False,False,False,False,1286491821,,,,,,,,,295,0,,,,,,[],
hackersabode,https://t.me/hackersabode,14210,2024-02-14 09:28:45,,False,False,False,False,True,False,False,False,False,False,1286491821,,,,,,,5.938123476399406e+18,,236,0,,,,1.3663223403221244e+16,,[],
hackersabode,https://t.me/hackersabode,14211,2024-02-14 09:28:45,,False,False,False,False,True,False,False,False,False,False,1286491821,,,,,,,5.938123476399406e+18,,237,0,,,,1.3663223403221244e+16,,[],
hackersabode,https://t.me/hackersabode,14213,2024-02-14 09:29:24,DM @getitfreeadmin for approved mocospace account,False,False,False,False,True,False,False,False,False,False,1286491821,,,,,,,5.938123476399406e+18,,245,0,,,,,,[],
hackersabode,https://t.me/hackersabode,14214,2024-02-14 09:33:18,,False,False,False,False,True,False,False,False,False,False,1286491821,,,,,,,5.938123476399406e+18,,249,0,,,,1.36632255877695e+16,,[],
hackersabode,https://t.me/hackersabode,14215,2024-02-14 09:33:18,,False,False,False,False,True,False,False,False,False,False,1286491821,,,,,,,5.938123476399406e+18,,249,0,,,,1.36632255877695e+16,,[],
hackersabode,https://t.me/hackersabode,14216,2024-02-15 20:14:38,,False,False,False,False,True,False,False,False,False,False,1286491821,,,,,,,5.940402008089543e+18,,221,0,,,,1.3664224629466772e+16,,[],
hackersabode,https://t.me/hackersabode,14217,2024-02-15 20:14:38,,False,False,False,False,True,False,False,False,False,False,1286491821,,,,,,,5.94054701477539e+18,,227,0,,,,1.3664224629466772e+16,,[],
hackersabode,https://t.me/hackersabode,14218,2024-02-15 20:14:38,,False,False,False,False,True,False,False,False,False,False,1286491821,,,,,,,5.940402003794575e+18,,225,0,,,,1.3664224629466772e+16,,[],
hackersabode,https://t.me/hackersabode,14219,2024-02-16 13:12:08,"If your POF account is showing this , DM @getitfreeadmin for solution",False,False,False,False,True,False,False,False,False,False,1286491821,,,,,,,5.942653807903228e+18,,209,1,,,,,,[],
hackersabode,https://t.me/hackersabode,14220,2024-02-16 17:29:47,"🔰USEFUL WEBSITE-LIST🔰

1. <PERSON> :- This website helps you Record movies on your computer  and send them straight to YouTube.

2. Bounceapp.com :-  For capturing full length screenshots of  a web pages.

3. Goo.gl :- Shorten long URLs and convert URLs into QR codes.

4. untiny.me :- Find the original URLs that's hiding behind a short URLs. 

5. localti.me :- Know more than just the local time of a city

6. copypastecharacter.com :- Copy-paste special characters that are not on your keyboard.

7. topsy.com :- A better search engine for twitter.

8. fb.me/AppStore :- Search iOS apps without launching iTunes.

9. iconfinder.com :- The best place to find icons of all sizes.

10. office.com :- Download templates, clipart and images for your Office documents.

11. woorank.com :- everything you wanted to know about a website.

12. virustotal.com :- Scan any suspicious file or email attachment for viruses.

13. wolframalpha.com :- Gets answers directly without searching .

14. printwhatyoulike.com :- Print web pages without the clutter.

15. joliprint.com :- Reformats news articles and blog content as a newspaper.

16. isnsfw.com :- When you wish to share a NSFW page but with a warning.

17. eggtimer.com :- A simple online timer for your daily needs.

18. coralcdn.org :- If a site is down due to heavy traffic, try accessing it through coral CDN.

19. random.org :- Pick random numbers, flip coins, and more.

20. mywot.com :- Check the trust level of any website .

21. viewer.zoho.com :- Preview PDFs and Presentations directly in the browser.

22. tubemogul.com :- Simultaneously upload videos to YouTube and other video sites.

23. truveo.com :- The best place for searching web videos.

24. scr.im :- Share your email address online without worrying about spam.

25. spypig.com :- Now get read receipts for your email.

26. sizeasy.com :- Visualize and compare the size of any product

✓

@getitfreeadmin",False,False,False,False,True,False,False,False,False,False,1286491821,,,,,,,,,200,6,,,,,,[],
hackersabode,https://t.me/hackersabode,14221,2024-02-16 19:09:37,,False,False,False,False,True,False,False,False,False,False,1286491821,,,,,,,5.944905607716912e+18,,176,0,,,,1.3664884619759604e+16,,[],
hackersabode,https://t.me/hackersabode,14222,2024-02-16 19:09:37,,False,False,False,False,True,False,False,False,False,False,1286491821,,,,,,,5.944905607716912e+18,,177,0,,,,1.3664884619759604e+16,,[],
hackersabode,https://t.me/hackersabode,14223,2024-02-16 19:09:37,DM @getitfreeadmin,False,False,False,False,True,False,False,False,False,False,1286491821,,,,,,,,,182,0,,,,,,[],
hackersabode,https://t.me/hackersabode,14224,2024-02-16 22:34:38,,False,False,False,False,True,False,False,False,False,False,1286491821,,,,,,,5.944905607716913e+18,,178,0,,,,1.366498303071002e+16,,[],
hackersabode,https://t.me/hackersabode,14225,2024-02-16 22:34:38,,False,False,False,False,True,False,False,False,False,False,1286491821,,,,,,,5.944905607716913e+18,,188,0,,,,1.366498303071002e+16,,[],
hackersabode,https://t.me/hackersabode,14226,2024-02-16 22:34:38,,False,False,False,False,True,False,False,False,False,False,1286491821,,,,,,,5.944905607716913e+18,,178,0,,,,1.366498303071002e+16,,[],
hackersabode,https://t.me/hackersabode,14227,2024-02-17 05:45:53,"Approved LinkedIn account 

DM @getitfreeadmin",False,False,False,False,True,False,False,False,False,False,1286491821,,,,,,,5.944794797560676e+18,,177,0,,,,1.3665190027270628e+16,,[],
hackersabode,https://t.me/hackersabode,14228,2024-02-17 05:45:53,,False,False,False,False,True,False,False,False,False,False,1286491821,,,,,,,5.944794797560676e+18,,181,0,,,,1.3665190027270628e+16,,[],
hackersabode,https://t.me/hackersabode,14229,2024-02-17 05:45:53,,False,False,False,False,True,False,False,False,False,False,1286491821,,,,,,,5.944794797560676e+18,,177,0,,,,1.3665190027270628e+16,,[],
hackersabode,https://t.me/hackersabode,14230,2024-02-17 14:28:22,DM @getitfreeadmin for LinkedIn cracked app. You can use it to create account and it will be valid,False,False,False,False,True,False,False,False,False,False,1286491821,,,,,,,,,173,0,,,,,,[],
hackersabode,https://t.me/hackersabode,14231,2024-02-17 14:31:10,"I will make this my Private CC channel public for all of you guys soon 

@getitfreeadmin",False,False,False,False,True,False,False,False,False,False,1286491821,,,,,,,5.947046597374363e+18,,178,0,,,,,,[],
hackersabode,https://t.me/hackersabode,14232,2024-02-17 14:54:09,,False,False,False,False,True,False,False,False,False,False,1286491821,,,,,,,5.947046597374363e+18,,176,0,,,,1.3665453193368044e+16,,[],
hackersabode,https://t.me/hackersabode,14233,2024-02-17 14:54:09,,False,False,False,False,True,False,False,False,False,False,1286491821,,,,,,,5.947046597374363e+18,,171,0,,,,1.3665453193368044e+16,,[],
hackersabode,https://t.me/hackersabode,14234,2024-02-17 14:54:09,,False,False,False,False,True,False,False,False,False,False,1286491821,,,,,,,5.947046597374363e+18,,174,0,,,,1.3665453193368044e+16,,[],
hackersabode,https://t.me/hackersabode,14235,2024-02-17 14:54:09,,False,False,False,False,True,False,False,False,False,False,1286491821,,,,,,,5.947046597374363e+18,,177,0,,,,1.3665453193368044e+16,,[],
hackersabode,https://t.me/hackersabode,14236,2024-02-17 14:54:09,,False,False,False,False,True,False,False,False,False,False,1286491821,,,,,,,5.947046597374363e+18,,173,0,,,,1.3665453193368044e+16,,[],
hackersabode,https://t.me/hackersabode,14237,2024-02-17 14:54:09,,False,False,False,False,True,False,False,False,False,False,1286491821,,,,,,,5.947046597374363e+18,,173,0,,,,1.3665453193368044e+16,,[],
hackersabode,https://t.me/hackersabode,14238,2024-02-17 14:54:09,,False,False,False,False,True,False,False,False,False,False,1286491821,,,,,,,5.947046597374363e+18,,180,0,,,,1.3665453193368044e+16,,[],
hackersabode,https://t.me/hackersabode,14239,2024-02-17 14:54:09,,False,False,False,False,True,False,False,False,False,False,1286491821,,,,,,,5.947046597374363e+18,,177,0,,,,1.3665453193368044e+16,,[],
hackersabode,https://t.me/hackersabode,14240,2024-02-17 14:54:09,,False,False,False,False,True,False,False,False,False,False,1286491821,,,,,,,5.947046597374363e+18,,178,0,,,,1.3665453193368044e+16,,[],
hackersabode,https://t.me/hackersabode,14241,2024-02-17 16:28:38,"DM @getitfreeadmin for LinkedIn cracked app .. It's for those that want to be running linkedin account without fear of blocking

Price : 200 dollars",False,False,False,False,True,False,False,False,False,False,1286491821,,,,,,,,,172,0,,,,,,[],
hackersabode,https://t.me/hackersabode,14242,2024-02-17 16:28:39,,False,False,False,False,True,False,False,False,False,False,1286491821,,,,,,,,,177,0,,,,,,[],
hackersabode,https://t.me/hackersabode,14243,2024-02-17 16:32:35,"<PERSON> promo: 6k

After <DATE_TIME> , ready to pay the normal price. 

@getitfreeadmin",False,False,False,False,True,False,False,False,False,False,1286491821,,,,,,,5.947046597374363e+18,,179,0,,,,,,[],
hackersabode,https://t.me/hackersabode,14244,2024-02-17 16:45:34,"<PERSON> promo price : 7k 

After <DATE_TIME> , ready to buy for  normal price(15k)

@getitfreeadmin",False,False,False,False,True,False,False,False,False,False,1286491821,,,,,,,5.947046597374363e+18,,173,0,,2024-02-17T16:46:13+00:00,,1.36655066728129e+16,,[],
hackersabode,https://t.me/hackersabode,14245,2024-02-17 16:45:34,,False,False,False,False,True,False,False,False,False,False,1286491821,,,,,,,5.947046597374363e+18,,173,0,,,,1.36655066728129e+16,,[],
hackersabode,https://t.me/hackersabode,14246,2024-02-17 17:21:25,"SOLD

@getitfreeadmin",False,False,False,False,True,False,False,False,False,False,1286491821,,,,,,,5.947116764255076e+18,,187,0,,,,1.3665523886828724e+16,,[],
hackersabode,https://t.me/hackersabode,14247,2024-02-17 17:21:26,,False,False,False,False,True,False,False,False,False,False,1286491821,,,,,,,5.947116764255076e+18,,188,0,,,,1.3665523886828724e+16,,[],
hackersabode,https://t.me/hackersabode,14248,2024-02-18 06:53:44,,False,False,False,False,True,False,False,False,False,False,1286491821,,,,,,,5.949298397188047e+18,,187,0,,,,1.3665913798079508e+16,,[],
hackersabode,https://t.me/hackersabode,14249,2024-02-18 06:53:44,,False,False,False,False,True,False,False,False,False,False,1286491821,,,,,,,5.949298397188047e+18,,201,0,,,,1.3665913798079508e+16,,[],
hackersabode,https://t.me/hackersabode,14250,2024-02-18 06:53:44,,False,False,False,False,True,False,False,False,False,False,1286491821,,,,,,,5.949298397188047e+18,,197,0,,,,1.3665913798079508e+16,,[],
hackersabode,https://t.me/hackersabode,14251,2024-02-18 06:55:34,"*<DATE_TIME> IRS has started already*

*No gree for anybody <DATE_TIME>*

*Paste that your verified ID.me,let’s extract AGI and IRS ip pin*

*Bring fresh info for ID.me verification*

*ID card and SSN card pic*

*Same client account and routine number*

*Acceptance equal approval here*

*$20k upward,3 weeks <PERSON>*

@geritfreeadmin",False,False,False,False,True,False,False,False,False,False,1286491821,,,,,,,5.949298397188047e+18,,229,0,,,,,,[],
hackersabode,https://t.me/hackersabode,14252,2024-02-18 06:57:20,"METHOD FOR BOMBING CLIENT FOR BANK DROP WITHIN 24HRS .....

@getitfreeadmin",False,False,False,False,True,False,False,False,False,False,1286491821,,,,,,,,,224,0,,,,,,[],
hackersabode,https://t.me/hackersabode,14253,2024-02-18 18:17:14,"If you are having verification issue with POF , DM @getitfreeadmin to buy my POF cracked app . It can bypass selfie verification.",False,False,False,False,True,False,False,False,False,False,1286491821,,,,,,,,,216,0,,,,,,[],
hackersabode,https://t.me/hackersabode,14255,2024-02-18 18:44:06,,False,False,False,False,True,False,False,False,False,False,1286491821,,,,,,,,,220,1,,,,,,[],
hackersabode,https://t.me/hackersabode,14256,2024-02-20 09:26:33,DM @getitfreeadmin for approved Mingle2 account,False,False,False,False,True,False,False,False,False,False,1286491821,,,,,,,5.954070277652595e+18,,182,0,,,,1.3667369547734196e+16,,[],
hackersabode,https://t.me/hackersabode,14257,2024-02-20 09:26:33,,False,False,False,False,True,False,False,False,False,False,1286491821,,,,,,,5.954070277652595e+18,,187,0,,,,1.3667369547734196e+16,,[],
hackersabode,https://t.me/hackersabode,14258,2024-02-20 09:26:33,,False,False,False,False,True,False,False,False,False,False,1286491821,,,,,,,5.954070277652595e+18,,182,0,,,,1.3667369547734196e+16,,[],
hackersabode,https://t.me/hackersabode,14259,2024-02-20 09:27:57,"If your <NRP> account doesn't bring out this after you're done with the creation, so <PERSON>😂

@getitfreeadmin",False,False,False,False,True,False,False,False,False,False,1286491821,,,,,,,5.954070277652595e+18,,194,0,,,,,,[],
hackersabode,https://t.me/hackersabode,14260,2024-02-20 09:39:46,,False,False,False,False,True,False,False,False,False,False,1286491821,,,,,,,,,192,0,,,,,,[],
hackersabode,https://t.me/hackersabode,14261,2024-02-20 10:37:33,My bumble cracked app is still  available ... @getitfreeadmin,False,False,False,False,True,False,False,False,False,False,1286491821,,,,,,,,,201,0,,,,,,[],
hackersabode,https://t.me/hackersabode,14262,2024-02-20 14:11:30,"Work hard and make more dollars for yourself.. It's hard , but remember that some guys are still cashing out . Wake up ! 

@getitfreeadmin",False,False,False,False,True,False,False,False,False,False,1286491821,,,,,,,,,196,0,,,,,,[],
hackersabode,https://t.me/hackersabode,14263,2024-02-21 07:23:15,"Validated USA number lead available for Amazon and USA Banks 

@getitfreeadmin",False,False,False,False,True,False,False,False,False,False,1286491821,,,,,,,,,176,0,,,,,,[],
hackersabode,https://t.me/hackersabode,14264,2024-02-21 08:26:34,DM @getitfreeadmin for USA and Canada Number generator and validator for sms spamming,False,False,False,False,True,False,False,False,False,False,1286491821,,,,,,,,,170,0,,,,,,[],
hackersabode,https://t.me/hackersabode,14265,2024-02-21 16:09:11,"Approved meetme account : 20k

It will never ask you to verify and no need to use vpn with it . You can run it on Android , iPhone , laptop

<PERSON> site  is very sure now if you can enter 

@getitfreeadmin",False,False,False,False,True,False,False,False,False,False,1286491821,,,,,,,,,179,0,,2024-02-21T16:09:33+00:00,,,,[],
hackersabode,https://t.me/hackersabode,14266,2024-02-22 08:06:31,"🟢USA Business Leads Available🟢

➡️ CEO
➡️ Founder
➡️ CTO
➡️ Director
➡️ President
➡️ Director
➡️ Managing Director
➡️ Manager
➡️ Owner
➡️ ETC

Dm With Your Target
🌐 Admin: @getitfreeadmin",False,False,False,False,True,False,False,False,False,False,1286491821,,,,,,,,,163,1,,,,,,[],
hackersabode,https://t.me/hackersabode,14267,2024-02-22 14:59:26,"If you want to learn how to crack and spam , DM @getitfreeadmin

I'm gonna teach you via anydesk  .  I'm a very good cracker 😊",False,False,False,False,True,False,False,False,False,False,1286491821,,,,,,,,,147,1,,2024-02-22T15:00:13+00:00,,,,[],
hackersabode,https://t.me/hackersabode,14268,2024-02-22 15:04:55,"Get any country WhatsApp, Viber  number 

@getitfreeadmin",False,False,False,False,True,False,False,False,False,False,1286491821,,,,,,,5.963007988631455e+18,,144,0,,,,,,[],
hackersabode,https://t.me/hackersabode,14269,2024-02-22 15:30:44,This is the amount it cost to buy just 5 dollars gift card online with your Naira <DATE_TIME> .,False,False,False,False,True,False,False,False,False,False,1286491821,,,,,,,5.963007988631455e+18,,151,0,,,,,,[],
hackersabode,https://t.me/hackersabode,14270,2024-02-22 15:32:06,"Anytime you see me do promo for any account , don't wait till it stop . Everything is hard to get in this country now .... @getitfreeadmin",False,False,False,False,True,False,False,False,False,False,1286491821,,,,,,,,,139,0,,,,,,[],
hackersabode,https://t.me/hackersabode,14271,2024-02-22 15:34:44,"Admin USA RDP available for buyers 

<PERSON> to buy",False,False,False,False,True,False,False,False,False,False,1286491821,,,,,,,5.908967421622995e+18,,143,0,,,,,,[],
hackersabode,https://t.me/hackersabode,14272,2024-02-22 15:37:31,"<PERSON> is far better than any browser you can download from the appstore or Playstore . It's the solution to some of the sites that are giving you headache . It comes with identity generator and inbuilt USA GPS  and time zone . It can reset another identity for your device if it has been blacklisted for a particular site . Do you know that you may not be able to run some sites on your phone again if it has been blacklisted? The solution to this is my getitfree browser. You can create some sites on it successfully without need of buying ...... Apart from the Getitfree browser , I have seeking, pof, mingle2, tagged, Jaumo , Mamba,tinder and many other cracked apps..


DM @getitfreeadmin",False,False,False,False,True,False,False,False,False,False,1286491821,,,,,,,,,155,1,,,,,,[],
hackersabode,https://t.me/hackersabode,14273,2024-02-22 15:38:07,,False,False,False,False,True,False,False,False,False,False,1286491821,,,,,,,,,156,3,,,,,,[],
hackersabode,https://t.me/hackersabode,14274,2024-02-22 17:39:39,"Promo!!!

<PERSON> : 7k

MeetMe: 15k

Skout: 10k

Tagged: 8k

Seeking arrangement female paid : 35k

Pof male : 8k 

Pof female : 18k

Tinder: 20k

<PERSON>: 22k

Connectingsingles: 25k

CDFF: 30k

Jaumo: 10k

Upward: 25k

Verified USA PayPal ( bitcoin, bank ,check ) : 110k

Bank opening : 120k upward ( depends on the bank )

IRS tutorial 

<PERSON>: 25k

WeChat : 25k

LinkedIn : 40k

Talkertone number : 8k

Textplus: 20k

Mingle2 account : 15k

Getitfree browser: 100k

Millionaire match cracked app: 120k

Seeking cracked app : 100k

Tinder cracked app : 70k

Mingle2 cracked app : 150k

RDP ( 8gig ram - 64gig ram) Dm


@getitfreeadmin",False,False,False,False,True,False,False,False,False,False,1286491821,,,,,,,,,178,0,,2024-02-22T17:39:56+00:00,,,,[],
hackersabode,https://t.me/hackersabode,14275,2024-02-23 07:19:28,DM @getitfreeadmin for your Approved mingle2 account,False,False,False,False,True,False,False,False,False,False,1286491821,,,,,,,,,167,0,,,,,,[],
hackersabode,https://t.me/hackersabode,14276,2024-02-23 16:38:45,"I'm still running <PERSON> Vpn Pro promo <DATE_TIME> .. Don't miss it ! 

If you miss it <DATE_TIME> , ready to buy it for normal price <DATE_TIME>

Promo Price : 6k

@getitfreeadmin",False,False,False,False,True,False,False,False,False,False,1286491821,,,,,,,,,153,0,,,,,,[],
hackersabode,https://t.me/hackersabode,14277,2024-02-25 09:41:35,"If you need complete tutorial for 

2024 IRS TAX return...

DM @getitfreeadmin",False,False,False,False,True,False,False,False,False,False,1286491821,,,,,,,,,103,1,,2024-02-25T09:41:44+00:00,,,,[],
hackersabode,https://t.me/hackersabode,14278,2024-02-25 09:43:49,,False,False,False,False,True,False,False,False,False,False,1286491821,,,,,,,5.969962339547594e+18,,103,0,,,,,,[],
hackersabode,https://t.me/hackersabode,14279,2024-02-25 16:30:39,"If you want to run stable Badoo.com account ,  buy my getitfree cracked browser with inbuilt proxy

DM @getitfreeadmin",False,False,False,False,True,False,False,False,False,False,1286491821,,,,,,,5.969962339547595e+18,,83,0,,,,1.3671029112601892e+16,,[],
hackersabode,https://t.me/hackersabode,14280,2024-02-25 16:30:39,,False,False,False,False,True,False,False,False,False,False,1286491821,,,,,,,5.969962339547595e+18,,83,0,,,,1.3671029112601892e+16,,[],
hackersabode,https://t.me/hackersabode,14281,2024-02-25 16:30:39,,False,False,False,False,True,False,False,False,False,False,1286491821,,,,,,,5.969962339547595e+18,,82,0,,,,1.3671029112601892e+16,,[],
hackersabode,https://t.me/hackersabode,14282,2024-02-25 21:27:40,DM @getitfreeadmin approved  <NRP> match,False,False,False,False,True,False,False,False,False,False,1286491821,,,,,,,5.969962339547595e+18,,57,0,,,,1.3671171684910756e+16,,[],
hackersabode,https://t.me/hackersabode,14283,2024-02-25 21:27:40,,False,False,False,False,True,False,False,False,False,False,1286491821,,,,,,,5.969962339547595e+18,,56,0,,,,1.3671171684910756e+16,,[],
hackersabode,https://t.me/hackersabode,14284,2024-02-25 21:27:40,,False,False,False,False,True,False,False,False,False,False,1286491821,,,,,,,5.969962339547595e+18,,56,0,,,,1.3671171684910756e+16,,[],
hackersabode,https://t.me/hackersabode,14285,2024-02-25 22:17:02,"If you want to run successful <NRP> match, tinder , Badoo, Facebook,  mocospace , the solution is my getitfree browser. It's not about using latest iPhone  , use the right device and tool that can bring solution to you 

@getitfreeadmin",False,False,False,False,True,False,False,False,False,False,1286491821,,,,,,,,,50,0,,,,,,[],
hackersabode,https://t.me/hackersabode,14286,2024-02-25 22:20:51,"If you are into cracking of sites , DM @getitfreeadmin to get this PayPal config(full capture)",False,False,False,False,True,False,False,False,False,False,1286491821,,,,,,,5.97221413936128e+18,,50,0,,,,,,[],
hackersabode,https://t.me/hackersabode,14287,2024-02-25 22:23:47,"CC  Config 💥💥💥
📚 Wordlist = Mail:Pass ✅
⚜<PERSON>  no ❌
⏺ Bots = 50✅
💠 CPM = 3500+ CPM✅
💧 Use =  Order Products/Cashout ✅
🔥 Capture = Full Capture✅
✌️ Auto Hits Save = Yes✅
🫣 Hit Stealer = No✅
⚡⚡⚡⚡⚡⚡⚡

  Hits - Account that have CC
Custom - Account without CC


💥💥💥💥💥💥💥

Full capture ✅

FullCard# =
CVV =   Config By :  =
  <DATE_TIME> 
Full Address = 
Phone# = 
FULL NAME =


Buy:-  @getitfreeadmin",False,False,False,False,True,False,False,False,False,False,1286491821,,,,,,,,,53,0,,,,,,[],
hackersabode,https://t.me/hackersabode,14288,2024-02-25 23:59:16,,False,False,False,False,True,False,False,False,False,False,1286491821,,,,,,,5.97221413936128e+18,,35,0,,,,1.367124445195654e+16,,[],
hackersabode,https://t.me/hackersabode,14289,2024-02-25 23:59:16,,False,False,False,False,True,False,False,False,False,False,1286491821,,,,,,,5.969962339547595e+18,,35,0,,,,1.367124445195654e+16,,[],
hackersabode,https://t.me/hackersabode,14291,2024-02-26 15:52:52,"CDFF ( <NRP> dating for free)

@getitfreeadmin",False,False,False,False,True,False,False,False,False,False,1286491821,,,,,,,5.974563177234548e+18,,13,0,,,,1.36717021795449e+16,,[],
hackersabode,https://t.me/hackersabode,14292,2024-02-26 15:52:52,,False,False,False,False,True,False,False,False,False,False,1286491821,,,,,,,5.974563177234548e+18,,13,0,,,,1.36717021795449e+16,,[],
hackersabode,https://t.me/hackersabode,14293,2024-02-26 15:52:52,,False,False,False,False,True,False,False,False,False,False,1286491821,,,,,,,5.974563177234548e+18,,13,0,,,,1.36717021795449e+16,,[],
hackersabode,https://t.me/hackersabode,14295,2024-02-26 19:24:32,"If you need 100% verified USA PayPal account with inbuilt USA bank account, DM @getitfreeadmin.  If you have USA PayPal account , you can receive money from Venmo and also send to Venmo account",False,False,False,False,True,False,False,False,False,False,1286491821,,,,,,,,,3,0,,,,,,[],
hackersabode,https://t.me/hackersabode,14296,2024-02-26 19:24:32,,False,False,False,False,True,False,False,False,False,False,1286491821,,,,,,,5.86165872622474e+18,,4,0,,,,1.3671803781835628e+16,,[],
hackersabode,https://t.me/hackersabode,14297,2024-02-26 19:24:33,,False,False,False,False,True,False,False,False,False,False,1286491821,,,,,,,5.86165872622474e+18,,4,0,,,,1.3671803781835628e+16,,[],
hackersabode,https://t.me/hackersabode,14298,2024-02-26 19:24:33,,False,False,False,False,True,False,False,False,False,False,1286491821,,,,,,,5.86165872622474e+18,,4,0,,,,1.3671803781835628e+16,,[],
hackersabode,https://t.me/hackersabode,14299,2024-02-26 19:24:33,,False,False,False,False,True,False,False,False,False,False,1286491821,,,,,,,5.86165872622474e+18,,4,0,,,,1.3671803781835628e+16,,[],
hackersabode,https://t.me/hackersabode,14300,2024-02-26 19:24:33,,False,False,False,False,True,False,False,False,False,False,1286491821,,,,,,,5.86165872622474e+18,,4,0,,,,1.3671803781835628e+16,,[],
hackersabode,https://t.me/hackersabode,14301,2024-02-26 19:24:33,,False,False,False,False,True,False,False,False,False,False,1286491821,,,,,,,5.86165872622474e+18,,4,0,,,,1.3671803781835628e+16,,[],
hackersabode,https://t.me/hackersabode,14302,2024-02-26 19:24:33,,False,False,False,False,True,False,False,False,False,False,1286491821,,,,,,,5.86165872622474e+18,,4,0,,,,1.3671803781835628e+16,,[],
hackersabode,https://t.me/hackersabode,14303,2024-02-26 19:24:33,,False,False,False,False,True,False,False,False,False,False,1286491821,,,,,,,5.86165872622474e+18,,4,0,,,,1.3671803781835628e+16,,[],
hackersabode,https://t.me/hackersabode,14304,2024-02-26 19:24:33,,False,False,False,False,True,False,False,False,False,False,1286491821,,,,,,,5.86165872622474e+18,,4,0,,,,1.3671803781835628e+16,,[],
hackersabode,https://t.me/hackersabode,14305,2024-02-26 19:24:34,,False,False,False,False,True,False,False,False,False,False,1286491821,,,,,,,5.86165872622474e+18,,4,0,,,,1.3671803781835628e+16,,[],
hackersabode,https://t.me/hackersabode,14306,2024-02-26 19:24:34,"Direct deposit on verified USA PayPal account....

@getitfreeadmin",False,False,False,False,True,False,False,False,False,False,1286491821,,,,,,,5.86165872622474e+18,,4,0,,,,1.3671803781835636e+16,,[],
hackersabode,https://t.me/hackersabode,14307,2024-02-26 19:24:34,,False,False,False,False,True,False,False,False,False,False,1286491821,,,,,,,5.86165872622474e+18,,4,0,,,,1.3671803781835636e+16,,[],
hackersabode,https://t.me/hackersabode,14309,2024-02-26 20:34:12,,False,False,False,False,True,False,False,False,False,False,1286491821,,,,,,,5.974563177234548e+18,,25,1,,,,1.3671837218452484e+16,,[],
hackersabode,https://t.me/hackersabode,14310,2024-02-26 21:27:07,,False,False,False,False,True,False,False,False,False,False,1286491821,,,,,,,5.974563177234548e+18,,12,0,,,,1.3671862619446908e+16,,[],
hackersabode,https://t.me/hackersabode,14311,2024-02-26 21:27:07,,False,False,False,False,True,False,False,False,False,False,1286491821,,,,,,,5.974563177234548e+18,,12,0,,,,1.3671862619446908e+16,,[],
hackersabode,https://t.me/hackersabode,14312,2024-02-26 21:27:07,,False,False,False,False,True,False,False,False,False,False,1286491821,,,,,,,5.974563177234548e+18,,12,0,,,,1.3671862619446908e+16,,[],
hackersabode,https://t.me/hackersabode,14313,2024-02-26 21:28:12,"If you want to buy my Millionaire match cracked app , DM @getitfreeadmin . It works only on Android device. This is not baby site 😊",False,False,False,False,True,False,False,False,False,False,1286491821,,,,,,,,,9,0,,2024-02-26T21:31:04+00:00,,,,[],
hackersabode,https://t.me/hackersabode,14315,2024-02-27 11:52:45,Crypto wallet checker,False,False,False,False,True,False,False,False,False,False,1286491821,,,,,,,5.976814977048233e+18,,5,0,,,,,,[],
hackersabode,https://t.me/hackersabode,14317,2024-02-28 12:07:17,DM @getitfreeadmin for POF account and POF cracked app for selfie bypass,False,False,False,False,True,False,False,False,False,False,1286491821,,,,,,,,,12,0,,,,,,[],
hackersabode,https://t.me/hackersabode,14319,2024-02-28 20:08:33,"https://t.me/notcoin_bot?start=r_573809_4498618
🎁 +2.5k Notcoin as a first-time gift
🎁🎁🎁 +50k Notcoin if you have Telegram Premium @PremiumBot",False,False,False,False,True,False,False,False,False,False,1286491821,,,,,,,,,24,0,,,,,,[],
hackersabode,https://t.me/hackersabode,14322,2024-03-01 07:57:33,"☁️ Free Cloud Storage Services

1. Google Drive
   - URL: https://drive.google.com
   - Description: You know this one 

2. Dropbox
   - URL: https://dropbox.com
   - Description: Dropbox provides a user-friendly platform for file storage and sharing, with collaborative features for efficient team collaboration.

3. OneDrive
   - URL: https://onedrive.live.com
   - Description: OneDrive by Microsoft offers cloud storage with seamless integration into Windows and Office applications, ensuring easy file access and sharing.

4. Box
   - URL: https://box.com
   - Description: It is a cloud content management platform that facilitates secure file storage, sharing, and collaboration for businesses and individuals.

5. Mast
     -URL: mastpanel.online
     - Description: it is an online Services Platform which you can get cheapest social media services.

6. MEGA
   - URL: https://mega.nz
   - Description: It provides end-to-end encrypted cloud storage, ensuring the privacy and security of your files

@getitfreeadmin",False,False,False,False,True,False,False,False,False,False,1286491821,,,,,,,5.983324042934994e+18,,4,0,,,,,,[],
hackersabode,https://t.me/hackersabode,14324,2024-03-03 07:03:43,"https://t.me/notcoin_bot?start=r_573809_4498618
🎁 +2.5k Notcoin as a first-time gift
🎁🎁🎁 +50k Notcoin if you have Telegram Premium @PremiumBot",False,False,False,False,True,False,False,False,False,False,1286491821,,,,,,,,,5,0,,,,,,[],
hackersabode,https://t.me/hackersabode,14326,2024-03-04 08:00:03,DM @getitfreeadmin for any dating account you want to buy,False,False,False,False,True,False,False,False,False,False,1286491821,,,,,,,,,6,0,,,,,,[],
hackersabode,https://t.me/hackersabode,14328,2024-03-04 11:45:26,DM @getitfreeadmin for approved Jaumo account with your working pictures,False,False,False,False,True,False,False,False,False,False,1286491821,,,,,,,5.992050462997725e+18,,5,0,,,,1.3676421809413668e+16,,[],
hackersabode,https://t.me/hackersabode,14329,2024-03-04 11:45:26,,False,False,False,False,True,False,False,False,False,False,1286491821,,,,,,,5.992050462997725e+18,,5,0,,,,1.3676421809413668e+16,,[],
hackersabode,https://t.me/hackersabode,14331,2024-03-04 16:37:54,,False,False,False,False,True,False,False,False,False,False,1286491821,,,,,,,5.994302262811409e+18,,15,0,,,,1.3676562198072468e+16,,[],
hackersabode,https://t.me/hackersabode,14333,2024-03-05 05:19:39,"I am sending you 1π! Pi is a new digital currency developed by Stanford PhDs, with over 47 million members worldwide. To claim your Pi, follow this link https://minepi.com/Greatemmy779 and use my username (<PERSON>) as your invitation code.",False,False,False,False,True,False,False,False,False,False,1286491821,,,,,,,,,12,0,,,,,,[],
hackersabode,https://t.me/hackersabode,14334,2024-03-05 05:21:59,"Some of you guys missed this opportunity 😊.... Don't miss Pi network 

@getitfreeadmin",False,False,False,False,True,False,False,False,False,False,1286491821,,,,,,,5.994648200952268e+18,,12,0,,,,,,[],
hackersabode,https://t.me/hackersabode,14336,2024-03-05 07:45:55,"Talkertone number is still available .. Any state you want in USA . 

@getitfreeadmin",False,False,False,False,True,False,False,False,False,False,1286491821,,,,,,,5.994648200952268e+18,,16,1,,,,,,[],
hackersabode,https://t.me/hackersabode,14338,2024-03-05 13:41:21,DM @getitfreeadmin for Tinder cracked app on Android and Tinder account,False,False,False,False,True,False,False,False,False,False,1286491821,,,,,,,,,13,0,,,,,,[],
hackersabode,https://t.me/hackersabode,14340,2024-03-06 20:56:01,"https://t.me/notcoin_bot?start=r_609153_4498618
🎁 +2.5k Notcoin as a first-time gift
🎁🎁🎁 +50k Notcoin if you have Telegram Premium @PremiumBot",False,False,False,False,True,False,False,False,False,False,1286491821,,,,,,,,,20,0,,,,,,[],
hackersabode,https://t.me/hackersabode,14341,2024-03-06 21:08:18,Don't miss this Telegram coin .....Don't wait until the mining stop,False,False,False,False,True,False,False,False,False,False,1286491821,,,,,,,6.001590839492592e+18,,14,0,,,,,,[],
hackersabode,https://t.me/hackersabode,14343,2024-03-07 11:02:54,"If you miss this Telegram notcoin mining offer , you may start crying when people are cashing out. This is  Telegram coin  .... Don't miss it !",False,False,False,False,True,False,False,False,False,False,1286491821,,,,,,,,,17,0,,,,,,[],
hackersabode,https://t.me/hackersabode,14344,2024-03-07 11:08:59,,False,False,False,False,True,False,False,False,False,False,1286491821,,,,,,,6.001590839492592e+18,,15,0,,,,,,[],
hackersabode,https://t.me/hackersabode,14347,2024-03-07 21:31:05,"Notcoin Pre-Market is open <NRP>

For the first time, you can buy and sell Notcoin before the token launch. 

Those who were good at mining, invited friends and were active with campaigns: you can now convert your Notcoin game balance into 10M and 100M Notcoin Vouchers (NFT) and trade them on <PERSON> (peer-to-peer).

Vouchers can be exchanged for $NOT after the token launch.
Or you can wait until the token launch and convert your balance to $NOT directly.

No one knows what the price of $NOT token will be. The listing price may even be zero, so take that into account when trading vouchers.

Pre-Market supports $NOT listings through Royalties: 20% from NFT purchases go to liquidity for token listings.

We are gradually rolling out this functionality to reduce the load, so please be patient.

How it works

Go to Notcoin Pre-Market 💎

@getitfreeadmin",False,False,False,False,True,False,False,False,False,False,1286491821,,,,,,,5.427094605230365e+18,,6,0,,,,,,[],
hackersabode,https://t.me/hackersabode,14349,2024-03-08 11:18:58,"I'm doing another promo <DATE_TIME> ...Don't miss it ! 

If you miss the promo , don't come back <DATE_TIME> for the same price . 

@getitfreeadmin",False,False,False,False,True,False,False,False,False,False,1286491821,,,,,,,,,23,0,,,,,,[],
hackersabode,https://t.me/hackersabode,14350,2024-03-08 11:30:43,"Promo! Promo!! Promo!!!

<PERSON> : 7k

<PERSON> : 10k

Skout: 10k

Tagged: 7k

Mingle2: 10k

Verified PayPal : 80k

WeChat: 30k

Cdff: 30k

Catholic match: 30k

Match : 40k

Mocospace: 15k

fresh USA Facebook: 10k

Talkertone number : 7k

Getitfree browser: 50k


@getitfreeadmin",False,False,False,False,True,False,False,False,False,False,1286491821,,,,,,,,,16,0,,,,,,[],
hackersabode,https://t.me/hackersabode,14354,2024-03-08 20:54:38,"https://t.me/notcoin_bot?start=r_609153_4498618
🎁 +2.5k Notcoin as a first-time gift
🎁🎁🎁 +50k Notcoin if you have Telegram Premium @PremiumBot",False,False,False,False,True,False,False,False,False,False,1286491821,,,,,,,,,8,0,,,,,,[],
hackersabode,https://t.me/hackersabode,14356,2024-03-09 10:16:19,"If you need bitcoin verified PayPal accountl , you can also DM @getitfreeadmin",False,False,False,False,True,False,False,False,False,False,1286491821,,,,,,,,,9,0,,2024-03-09T10:16:29+00:00,,,,[],
hackersabode,https://t.me/hackersabode,14358,2024-03-10 07:26:44,,False,False,False,False,True,False,False,False,False,False,1286491821,,,,,,,6.010206947615293e+18,,17,0,,,,1.36804448345263e+16,,[],
hackersabode,https://t.me/hackersabode,14359,2024-03-10 07:28:26,,False,False,False,False,True,False,False,False,False,False,1286491821,,,,,,,,,15,0,,,,,,[],
hackersabode,https://t.me/hackersabode,14361,2024-03-11 07:42:20,,False,False,False,False,True,False,False,False,False,False,1286491821,,,,,,,,,13,0,,,,1.3681143523218804e+16,,[],
hackersabode,https://t.me/hackersabode,14362,2024-03-11 07:48:20,DM @getitfreeadmin for SMS  spamming full tutorial,False,False,False,False,True,False,False,False,False,False,1286491821,,,,,,,,,9,0,,,,,,[],
hackersabode,https://t.me/hackersabode,14364,2024-03-11 09:37:07,"Ch@se credit log
Online access yes
Rdp access yes

@getitfreeadmin",False,False,False,False,True,False,False,False,False,False,1286491821,,,,,,,6.015027563073749e+18,,11,0,,,,,,[],
hackersabode,https://t.me/hackersabode,14365,2024-03-11 09:44:22,DM @getitfreeadmin for number verification. It's just to help you receive code,False,False,False,False,True,False,False,False,False,False,1286491821,,,,,,,,,9,0,,,,,,[],
hackersabode,https://t.me/hackersabode,14367,2024-03-11 20:30:17,DM @getitfreeadmin for approved chime account,False,False,False,False,True,False,False,False,False,False,1286491821,,,,,,,6.017279362887434e+18,,24,0,,,,1.3681512135905132e+16,,[],
hackersabode,https://t.me/hackersabode,14368,2024-03-11 20:30:17,,False,False,False,False,True,False,False,False,False,False,1286491821,,,,,,,6.017279362887434e+18,,24,0,,,,1.3681512135905132e+16,,[],
hackersabode,https://t.me/hackersabode,14369,2024-03-11 20:30:17,,False,False,False,False,True,False,False,False,False,False,1286491821,,,,,,,6.017279362887434e+18,,25,0,,,,1.3681512135905132e+16,,[],
hackersabode,https://t.me/hackersabode,14370,2024-03-11 20:30:17,,False,False,False,False,True,False,False,False,False,False,1286491821,,,,,,,6.017279362887434e+18,,25,0,,,,1.3681512135905132e+16,,[],
hackersabode,https://t.me/hackersabode,14371,2024-03-11 20:30:53,DM @getitfreeadmin for bank opening,False,False,False,False,True,False,False,False,False,False,1286491821,,,,,,,,,24,0,,,,,,[],
hackersabode,https://t.me/hackersabode,14373,2024-03-13 12:12:42,"https://t.me/notcoin_bot?start=r_609153_4498618
🎁 +2.5k Notcoin as a first-time gift
🎁🎁🎁 +50k Notcoin if you have Telegram Premium @PremiumBot",False,False,False,False,True,False,False,False,False,False,1286491821,,,,,,,,,29,0,,,,,,[],
hackersabode,https://t.me/hackersabode,14374,2024-03-13 12:12:53,Don't miss this Telegram Notcoin mining ....The mining can stop at any time . Help yourself,False,False,False,False,True,False,False,False,False,False,1286491821,,,,,,,,,27,0,,,,,,[],
hackersabode,https://t.me/hackersabode,14375,2024-03-13 12:13:54,"1 TON = $4.20 

@getitfreeadmin",False,False,False,False,True,False,False,False,False,False,1286491821,,,,,,,6.019158265050546e+18,,27,0,,,,1.3682656276819228e+16,,[],
hackersabode,https://t.me/hackersabode,14376,2024-03-13 12:13:54,,False,False,False,False,True,False,False,False,False,False,1286491821,,,,,,,6.019158265050546e+18,,29,0,,,,1.3682656276819228e+16,,[],
hackersabode,https://t.me/hackersabode,14377,2024-03-13 12:53:25,"https://notcoin.notion.site/Notcoin-Pre-Market-9cbf7ad8045f4956bb5156db5df23755


@getitfreeadmin",False,False,False,False,True,False,False,False,False,False,1286491821,,,,,,,6.019158265050546e+18,,5,0,,,,,,[],
hackersabode,https://t.me/hackersabode,14379,2024-03-14 08:52:24,"The solution to  approved tinder account is my Tinder cracked app . It works on Android device . You can use it to create tinder account by yourself. No need for fake location app. Once you permit your location on  the tinder cracked app, it will take your location to USA 

@getitfreeadmin",False,False,False,False,True,False,False,False,False,False,1286491821,,,,,,,,,10,0,,2024-03-14T08:54:39+00:00,,,,[],
hackersabode,https://t.me/hackersabode,14382,2024-03-14 14:03:25,,False,False,False,False,True,False,False,False,False,False,1286491821,,,,,,,6.023850890483581e+18,,13,0,,,,1.36834000403019e+16,,[],
hackersabode,https://t.me/hackersabode,14383,2024-03-14 14:03:25,,False,False,False,False,True,False,False,False,False,False,1286491821,,,,,,,6.023850890483581e+18,,13,0,,,,1.36834000403019e+16,,[],
hackersabode,https://t.me/hackersabode,14385,2024-03-15 08:12:59,"What is URL Shortening❓

URL shortening is the translation of a long Uniform Resource Locator (URL) into an abbreviated alternative that redirects to the longer URL.

Why to <PERSON>❓

Short URLs are preferable for a number of reasons. Long URLs in text can make the accompanying message difficult to read and links can break if they fail to wrap properly. Although most email clients can now correctly handle long URLs.",False,False,False,False,True,False,False,False,False,False,1286491821,,,,,,,,,22,0,,,,,,[],
hackersabode,https://t.me/hackersabode,14386,2024-03-15 08:16:31,"smishing/SMS Spamming Course 

Phishing is a type of cyber attack in which attackers use deceptive tactics to trick individuals into divulging sensitive information, such as usernames, passwords, credit card numbers, or other personal details. The term ""phishing"" is a play on the word ""fishing"" because attackers use bait in the form of emails, messages, or websites to lure their victims.

Similar to email phishing, smishing involves sending fraudulent text messages to trick individuals into clicking on malicious links or providing sensitive information. Phishing attacks often rely on social engineering, exploiting human psychology to create a sense of urgency, curiosity, or fear to prompt victims to take action without questioning the legitimacy of the request.

The course will cover various techniques/methods to perform a successful phishing campaign. Topics will be diversified in different videos and will be explained in detail.


DM @getitfreeadmin for full tutorial of of SMS spamming with all the tools",False,False,False,False,True,False,False,False,False,False,1286491821,,,,,,,,,21,0,,2024-03-15T08:17:42+00:00,,,,[],
hackersabode,https://t.me/hackersabode,14387,2024-03-15 08:36:49,"DM for the complete video Tutorial of my SMS spamming ...  I have the best tool you can use to get valid results . You don't need to buy number lead. With my tools, you can generate lead and validate it yourself. I have the best sms sender 

@getitfreeadmin",False,False,False,False,True,False,False,False,False,False,1286491821,,,,,,,,,15,0,,2024-03-15T08:37:21+00:00,,,,[],
hackersabode,https://t.me/hackersabode,14388,2024-03-15 08:43:05,"Tutorial includes ...

1. Introduction to spamming

2 . Basic Setup 

3. <PERSON>

4. Domains

5. SMTP

6. Sms targeted leads


@getitfreeadmin",False,False,False,False,True,False,False,False,False,False,1286491821,,,,,,,,,14,0,,,,,,[],
hackersabode,https://t.me/hackersabode,14390,2024-03-15 17:08:03,"Once the Network is stable , I will start my Promo . Don't miss it !",False,False,False,False,True,False,False,False,False,False,1286491821,,,,,,,,,14,0,,,,,,[],
hackersabode,https://t.me/hackersabode,14392,2024-03-16 17:12:09,"DM @getitfreeadmin to buy bitcoin verified Venmo with the MasterCard. You can receive money from PayPal into your Venmo and also send money to PayPal . 

@getitfreeadmin",False,False,False,False,True,False,False,False,False,False,1286491821,,,,,,,6.030437523479708e+18,,11,0,,,,,,[],
hackersabode,https://t.me/hackersabode,14394,2024-03-16 22:50:12,Fully back online now ... The network is stable now in my area .... @getitfreeadmin,False,False,False,False,True,False,False,False,False,False,1286491821,,,,,,,,,27,0,,,,,,[],
hackersabode,https://t.me/hackersabode,14395,2024-03-16 23:34:54,"1000 validated chase number in Florida.... If you need any bank validated numbers , DM @getitfreeadmin 

You can use it for SMS spamming . I can generate thousands of any bank validated numbers for you",False,False,False,False,True,False,False,False,False,False,1286491821,,,,,,,6.030720471630201e+18,,13,0,,2024-03-16T23:35:25+00:00,,,,[],
hackersabode,https://t.me/hackersabode,14396,2024-03-16 23:38:25,Validated chase  number in florida,False,False,False,False,True,False,False,False,False,False,1286491821,,,,,,,,,11,0,,,,,,[],
hackersabode,https://t.me/hackersabode,14397,2024-03-16 23:41:04,"If you want thousands of validated numbers from any of the banks , DM @getitfreeadmin 
It's good for SMS spamming and you will get excellent results",False,False,False,False,True,False,False,False,False,False,1286491821,,,,,,,6.030720471630201e+18,,8,0,,2024-03-16T23:42:00+00:00,,,,[],
hackersabode,https://t.me/hackersabode,14398,2024-03-16 23:45:26,,False,False,False,False,True,False,False,False,False,False,1286491821,,,,,,,,,4,0,,,,,,[],
hackersabode,https://t.me/hackersabode,14400,2024-03-16 23:51:22,1000 validated PNC number in Pennsylvania,False,False,False,False,True,False,False,False,False,False,1286491821,,,,,,,,,15,0,,2024-03-16T23:51:52+00:00,,,,[],
hackersabode,https://t.me/hackersabode,14401,2024-03-16 23:52:23,"If you need thousands of validated numbers from any bank , DM @getitfreeadmin",False,False,False,False,True,False,False,False,False,False,1286491821,,,,,,,,,13,0,,,,,,[],
hackersabode,https://t.me/hackersabode,14402,2024-03-16 23:57:40,"USA azom validated numbers ... If you need thousands of Amazon validated numbers from any state in USA , DM @getitfreeadmin",False,False,False,False,True,False,False,False,False,False,1286491821,,,,,,,,,8,0,,,,,,[],
hackersabode,https://t.me/hackersabode,14403,2024-03-16 23:58:25,,False,False,False,False,True,False,False,False,False,False,1286491821,,,,,,,6.030720471630201e+18,,8,0,,,,,,[],
hackersabode,https://t.me/hackersabode,14404,2024-03-17 00:00:14,"I sell valid Email and Number  leads....

🔽EMAIL LEADS MARKETPLACE🔽


☄️UHQ <PERSON> FOR YOUR WORK☄️

💀FRESH DATA
💀BIG DATABASE
💀CHEAP RATE

💀TARGET COUNTRY
💀TARGET DOMAIN

☄️BUSINESS EMAIL <PERSON>TARGET COUNTRY
💀FRESH DATA
💀FULLY VERIFIED

☄️B2B <PERSON>💀TARGET COUNTRY
💀FRESH DATA
💀WITH FULL INFORMATION

@getitfreeadmin",False,False,False,False,True,False,False,False,False,False,1286491821,,,,,,,6.030720471630201e+18,,8,0,,2024-03-17T00:24:10+00:00,,,,[],
hackersabode,https://t.me/hackersabode,14405,2024-03-17 00:19:44,"My Email sender works without smtp and it delivers to inbox 

@getitfreeadmin",False,False,False,False,True,False,False,False,False,False,1286491821,,,,,,,6.030720471630201e+18,,4,0,,,,,,[],
hackersabode,https://t.me/hackersabode,14407,2024-03-17 00:49:10,,False,False,False,False,True,False,False,False,False,False,1286491821,,,,,,,6.030720471630201e+18,,6,0,,,,1.3685092403945604e+16,,[],
hackersabode,https://t.me/hackersabode,14408,2024-03-17 00:50:20,,False,False,False,False,True,False,False,False,False,False,1286491821,,,,,,,,,6,0,,,,,,[],
hackersabode,https://t.me/hackersabode,14410,2024-03-17 18:16:25,"Full python Masterclass, From a beginner to employed

  Price :-  £14.99         FREE

Source :- https://www.udemy.com/course/full-python-masterclass-from-a-beginner-to-employed/

Download :- https://mega.nz/folder/Jv9yRQZD#xpAbhDr55Pc7qt5htioj-w

@getitfreeadmin",False,False,False,False,True,False,False,False,False,False,1286491821,,,,,,,,,20,1,,2024-03-17T18:16:46+00:00,,,,[],
hackersabode,https://t.me/hackersabode,14412,2024-03-17 20:03:42,"Once you click on the verify now on my <PERSON> cracked app, it will bypass the verification
 
DM @getitfreeadmin for the Cracked app of the <PERSON>",False,False,False,False,True,False,False,False,False,False,1286491821,,,,,,,,,18,0,,,,,,[],
hackersabode,https://t.me/hackersabode,14413,2024-03-17 20:11:59,"Tinder cracked app is available. It comes with inbuilt USA location. No need for fake location app

@getitfreeadmin",False,False,False,False,True,False,False,False,False,False,1286491821,,,,,,,,,16,0,,,,,,[],
hackersabode,https://t.me/hackersabode,14415,2024-03-17 22:50:33,DM @getitfreeadmin for Badoo account,False,False,False,False,True,False,False,False,False,False,1286491821,,,,,,,6.03522407125757e+18,,9,0,,,,1.3685726668028372e+16,,[],
hackersabode,https://t.me/hackersabode,14416,2024-03-17 22:50:33,,False,False,False,False,True,False,False,False,False,False,1286491821,,,,,,,6.03522407125757e+18,,9,0,,,,1.3685726668028372e+16,,[],
hackersabode,https://t.me/hackersabode,14417,2024-03-17 22:51:41,DM @getitfreeadmin for cdff  account,False,False,False,False,True,False,False,False,False,False,1286491821,,,,,,,6.03522407125757e+18,,6,0,,,,,,[],
hackersabode,https://t.me/hackersabode,14418,2024-03-17 23:04:47,"To bypass the selfie verification of millionnairematch , <PERSON> to buy the millionnaire cracked app that can bypass the selfie verification easily",False,False,False,False,True,False,False,False,False,False,1286491821,,,,,,,6.03522407125757e+18,,3,0,,,,,,[],
hackersabode,https://t.me/hackersabode,14420,2024-03-17 23:14:07,,False,False,False,False,True,False,False,False,False,False,1286491821,,,,,,,6.03522407125757e+18,,24,0,,,,1.3685737980629052e+16,,[],
hackersabode,https://t.me/hackersabode,14421,2024-03-17 23:14:07,,False,False,False,False,True,False,False,False,False,False,1286491821,,,,,,,6.03522407125757e+18,,24,0,,,,1.3685737980629052e+16,,[],
hackersabode,https://t.me/hackersabode,14422,2024-03-17 23:14:07,,False,False,False,False,True,False,False,False,False,False,1286491821,,,,,,,6.03522407125757e+18,,24,0,,,,1.3685737980629052e+16,,[],
hackersabode,https://t.me/hackersabode,14424,2024-03-18 08:00:28,"✅PRIVATE CC CHECKER TOOL FOR PC ✅

📌 NONSK CVV/CCN CHARGE <NRP>
📌 BUILT IN PROXY 💥
📌 EVERYDAY NEW SK 🔄

➡️ 5 DAY ACCESS 
➡️ 10 DAY ACCESS 
➡️ 20 DAY ACCESS 


IF YOU ARE INTERESTED DM 💬

@getitfreeadmin",False,False,False,False,True,False,False,False,False,False,1286491821,,,,,,,6.323395267054909e+18,,3,0,,,,,,[],
hackersabode,https://t.me/hackersabode,14425,2024-03-18 08:06:28,DM @getitfreeadmin for elite singles,False,False,False,False,True,False,False,False,False,False,1286491821,,,,,,,6.03522407125757e+18,,2,0,,,,1.36859935061657e+16,,[],
hackersabode,https://t.me/hackersabode,14426,2024-03-18 08:06:28,,False,False,False,False,True,False,False,False,False,False,1286491821,,,,,,,6.03522407125757e+18,,2,0,,,,1.36859935061657e+16,,[],
hackersabode,https://t.me/hackersabode,14428,2024-03-18 14:54:54,"B0a
Balance <DATE_TIME>
Rdp access yes
Login access yes
Billing yes


@getitfreeadmin",False,False,False,False,True,False,False,False,False,False,1286491821,,,,,,,6.034929981961912e+18,,22,0,,,,,,[],
hackersabode,https://t.me/hackersabode,14429,2024-03-18 15:00:18,"CC Checker On Fire🔥

@getitfreeadmin",False,False,False,False,True,False,False,False,False,False,1286491821,,,,,,,6.034929981961912e+18,,20,0,,2024-03-18T15:00:35+00:00,,,,[],
hackersabode,https://t.me/hackersabode,14430,2024-03-18 15:06:11,"🤍 Zara.com HOT Method 🤍

First you need usa drop for receiving items so you can use stackry and any other you want 🙂

Requirements: USA RDP/PROXY , CC WITH <PERSON> 1: Go to Zara.com 
(If you are using USA RDP then go directly and if you are using mobile phone so use proxy DONT USE VPN)  ✅

Step 2: Create a account using cc owner info like name , billing address, etc (for better results create outlook of cc owner name and use it for creating account on zara)  ✅

Step 3: ADD to cart item under 100$ first (never buy egift card) ✅

Step 4: Choose fastest shipping option and go to checkout ✅

Step 5: choose payment method card and put the cc details their and go ahead  ✅

Boom 💥 Done ✅

<PERSON>: 483313 (or use any jp morgan or chase DEBIT CLASSIC)  🌟

Buy CC WITH FULLZ from <PERSON>
After using cc , make it dead and take refund. 😒

Buy PROXY/RDP from any vendor Or from @getitfreeadmin",False,False,False,False,True,False,False,False,False,False,1286491821,,,,,,,,,19,0,,,,,,[],
hackersabode,https://t.me/hackersabode,14431,2024-03-18 15:20:07,"Cheapest <PERSON> for just 10 people. If you miss it , it will pain you ... I will only sell 5k for just 10 people ... After that , ready to buy for 20k. I will stop the promo in the next 1hr

@getitfreeadmin",False,False,False,False,True,False,False,False,False,False,1286491821,,,,,,,,,13,0,,2024-03-18T15:20:59+00:00,,,,[],
hackersabode,https://t.me/hackersabode,14433,2024-03-19 16:26:37,"<CREDIT_CARD>|03|27|946 | RESPONSE = Thank you for your purchase! | Order = #3254234 | Result = Charged $18.05 ✅ | Gatway = Shopify + Payeez
<CREDIT_CARD>|03|27|042 | RESPONSE = Thank you for your purchase! | Order = #3254028 | Result = Charged $17.74 ✅ | Gatway = Shopify + <NRP>
<CREDIT_CARD>|01|27|823 | RESPONSE = Thank you for your purchase! | Order = #3254040 | Result = Charged $17.39 ✅ | Gatway = Shopify + <NRP>
<CREDIT_CARD>|04|28|408 | RESPONSE = Thank you for your purchase! | Order = #3254051 | Result = Charged $18.48 ✅ | Gatway = Shopify + <NRP>
<CREDIT_CARD>|10|27|983 | RESPONSE = Thank you for your purchase! | Order = #3254060 | Result = Charged $17.31 ✅ | Gatway = Shopify + <NRP>
<CREDIT_CARD>|11|27|139 | RESPONSE = Thank you for your purchase! | Order = #3254069 | Result = Charged $18.09 ✅ | Gatway = Shopify + Payeez
<CREDIT_CARD>|07|28|581 | RESPONSE = Thank you for your purchase! | Order = #3254075 | Result = Charged $18.31 ✅ | Gatway = Shopify + Payeez
<CREDIT_CARD>|11|27|999 | RESPONSE = Thank you for your purchase! | Order = #3254077 | Result = Charged $17.48 ✅ | Gatway = Shopify + <NRP>
<CREDIT_CARD>|12|24|278 | RESPONSE = Thank you for your purchase! | Order = #3254082 | Result = Charged $18.01 ✅ | Gatway = Shopify + Payeez
<CREDIT_CARD>|11|27|112 | RESPONSE = Thank you for your purchase! | Order = #3254113 | Result = Charged $18.09 ✅ | Gatway = Shopify + Payeez
<CREDIT_CARD>|07|26|381 | RESPONSE = Thank you for your purchase! | Order = #3254149 | Result = Charged $16.95 ✅ | Gatway = Shopify + Payeez
<CREDIT_CARD>|11|27|709 | RESPONSE = Thank you for your purchase! | Order = #3254188 | Result = Charged $17.97 ✅ | Gatway = Shopify + <NRP>
<CREDIT_CARD>|07|28|814 | RESPONSE = Thank you for your purchase! | Order = #3254206 | Result = Charged $17.42 ✅ | Gatway = Shopify + Payeez
<CREDIT_CARD>|10|25|896 | RESPONSE = Thank you for your purchase! | Order = #3254222 | Result = Charged $18.14 ✅ | Gatway = Shopify + Payeez

Send SS After Hit..

@getitfreeadmin",False,False,False,False,True,False,False,False,False,False,1286491821,,,,,,,,,17,0,,,,,,[],
hackersabode,https://t.me/hackersabode,14435,2024-03-19 21:38:11,,False,False,False,False,True,False,False,False,False,False,1286491821,,,,,,,6.039761781515208e+18,,38,0,,,,,,[],
hackersabode,https://t.me/hackersabode,14437,2024-03-20 08:23:03,"Clone Any Website in 5 Simple Steps 

1. Install HTTRACKER: Get it from **https://www.httrack.com**

2. Open the Program: Choose a project name and path.

3. Enter Website URL: Type the URL of the website you want to clone.

4.Choose Download Option: Select “Website Download” from the options.

5. Wait & Done!: Let it complete, and you’ll have the cloned website.
Enjoy cloning your favorite websites effortlessly

@getitfreeadmin",False,False,False,False,True,False,False,False,False,False,1286491821,,,,,,,,,18,1,,,,,,[],
hackersabode,https://t.me/hackersabode,14439,2024-03-20 11:48:31,@getitfreeadmin,False,False,False,False,True,False,False,False,False,False,1286491821,,,,,,,,,18,0,,,,,,[],
hackersabode,https://t.me/hackersabode,14440,2024-03-20 11:48:31,,False,False,False,False,True,False,False,False,False,False,1286491821,,,,,,,,,19,0,,,,1.368748249382354e+16,,[],
hackersabode,https://t.me/hackersabode,14441,2024-03-20 11:48:31,,False,False,False,False,True,False,False,False,False,False,1286491821,,,,,,,,,18,0,,,,1.368748249382354e+16,,[],
hackersabode,https://t.me/hackersabode,14442,2024-03-20 11:48:31,,False,False,False,False,True,False,False,False,False,False,1286491821,,,,,,,,,18,0,,,,1.368748249382354e+16,,[],
hackersabode,https://t.me/hackersabode,14444,2024-03-20 15:07:31,2024 - Fresh,False,False,False,False,True,False,False,False,False,False,1286491821,,,,,,,,,29,0,,,,,,[],
hackersabode,https://t.me/hackersabode,14446,2024-03-20 18:27:55,,False,False,False,False,True,False,False,False,False,False,1286491821,,,,,,,,,16,0,,,,,,[],
hackersabode,https://t.me/hackersabode,14448,2024-03-20 18:56:45,@getitfreeadmin,False,False,False,False,True,False,False,False,False,False,1286491821,,,,,,,,,31,0,,2024-03-20T18:56:57+00:00,,,,[],
hackersabode,https://t.me/hackersabode,14449,2024-03-20 19:02:40,"If you want to learn how to crack  sites , you can DM @getitfreeadmin",False,False,False,False,True,False,False,False,False,False,1286491821,,,,,,,,,26,0,,,,,,[],
hackersabode,https://t.me/hackersabode,14450,2024-03-20 19:07:46,@geritfreeadmin,False,False,False,False,True,False,False,False,False,False,1286491821,,,,,,,,,23,0,,,,,,[],
hackersabode,https://t.me/hackersabode,14451,2024-03-20 19:08:45,"Chase log with RDP 
Balance - 78k$+
Login access
State- CA
Carrier- Att
Gender male 
Available Credit 16k
Close <DATE_TIME> 
Age 75

@getitfreeadmin",False,False,False,False,True,False,False,False,False,False,1286491821,,,,,,,6.041752692130431e+18,,21,0,,,,,,[],
hackersabode,https://t.me/hackersabode,14453,2024-03-22 05:57:34,"How To Show WiFi Password In 
CMD On Windows Tutorial 😄✅

@getitfreeadmin",False,False,False,False,True,False,False,False,False,False,1286491821,,,,,,,,,173,1,,,,,,[],
hackersabode,https://t.me/hackersabode,14454,2024-03-22 20:35:48,"🌴 Beginner Machine Learning in Python + ChatGPT Prize [<DATE_TIME>] 🌴

Build a solid foundation in Machine Learning: Linear Regression, Logistic Regression and K-Means Clustering in Python

Download :- https://mega.nz/folder/VyU1AJKD#oma-Qb83emcVuE5YHmqsrw 

@getitfreeadmin",False,False,False,False,True,False,False,False,False,False,1286491821,,,,,,,6.048855236598153e+18,,151,0,,2024-03-22T20:36:05+00:00,,,,[],
hackersabode,https://t.me/hackersabode,14455,2024-03-23 09:35:50,"If you still want to buy bumble cracked app for your Android device , DM @getitfreeadmin.  It  will never bring up selfie verification for you when you are using the cracked app on your Android phone",False,False,False,False,True,False,False,False,False,False,1286491821,,,,,,,,,136,0,,2024-03-23T09:36:01+00:00,,,,[],
hackersabode,https://t.me/hackersabode,14456,2024-03-23 13:13:05,,False,False,False,False,True,False,False,False,False,False,1286491821,,,,,,,,,140,0,,,,,,[],
hackersabode,https://t.me/hackersabode,14457,2024-03-23 13:29:00,I can also card it for you ... @getitfreeadmin,False,False,False,False,True,False,False,False,False,False,1286491821,,,,,,,6.050632567079682e+18,,139,1,,,,,,[],
hackersabode,https://t.me/hackersabode,14459,2024-03-24 11:30:26,"DM @getitfreeadmin to buy your Esim of USA, CAD, UK and do the setup instantly on your phone within <DATE_TIME>",False,False,False,False,True,False,False,False,False,False,1286491821,,,,,,,5.764653990741656e+18,,108,0,,,,,,[],
hackersabode,https://t.me/hackersabode,14460,2024-03-24 12:32:22,@getitfreeadmin,False,False,False,False,True,False,False,False,False,False,1286491821,,,,,,,,,104,0,,,,,,[],
hackersabode,https://t.me/hackersabode,14461,2024-03-24 12:32:22,"Daily 10$ 20$ Earning Just Participate Here, Don't Miss it. 

Join and start earning here:

Account Create Link

https://app.getgrass.io/register?referralCode=eS71h5ks4BWsXSL

First step: create account


Then Login with : 

username password

Then download  Google Chrome Store : 
grass Extension. 

Then again login 

Connect your network 📡 

& earning start... Enjoy 

Don't miss it",False,False,False,False,True,False,False,False,False,False,1286491821,,,,,,,,,110,0,,2024-03-24T12:33:02+00:00,,,,[],
hackersabode,https://t.me/hackersabode,14462,2024-03-24 12:59:33,"For Mobile Users Follow This . 

Google Play Kiwi Browser.. 

https://play.google.com/store/apps/details?id=com.kiwibrowser.browser


Account create https://app.getgrass.io/register?referralCode=eS71h5ks4BWsXSL



@getitfreeadmin",False,False,False,False,True,False,False,False,False,False,1286491821,,,,,,,,,117,0,,,,,,[],
hackersabode,https://t.me/hackersabode,14463,2024-03-24 13:08:44,,False,False,False,False,True,False,False,False,False,False,1286491821,,,,,,,5.764653990741656e+18,,122,0,,,,,,[],
hackersabode,https://t.me/hackersabode,14464,2024-03-24 19:02:16,Approved meetme account available @getitfreeadmin,False,False,False,False,True,False,False,False,False,False,1286491821,,,,,,,5.764796051079938e+18,,111,0,,,,1.369045549425446e+16,,[],
hackersabode,https://t.me/hackersabode,14465,2024-03-24 19:02:16,,False,False,False,False,True,False,False,False,False,False,1286491821,,,,,,,5.764796051079938e+18,,111,0,,,,1.369045549425446e+16,,[],
hackersabode,https://t.me/hackersabode,14467,2024-03-25 08:13:42,"☁️ BIN MICROSOFT 365 ☁️
–•–•–•–•–•–•–•–•–•–•
💳 BIN | 5154620016xxxxxx
💳 FECHA | 04|26

💳 IP: USA

💳 US BILLING ADDRESS

🧬 @getitfreeadmin",False,False,False,False,True,False,False,False,False,False,1286491821,,,,,,,5.767078830492731e+18,,90,0,,,,,,[],
hackersabode,https://t.me/hackersabode,14468,2024-03-25 21:31:19,"The mining phase ends on the <DATE_TIME>, 1.

That's it, folks.

Or is it?

What do you feel now?

What a time, huh?

Filled with fun and joy, bugs and bots, rickroll and short diy films, potato servers overload and endless hackathon, frens and beautiful skins, leaderboards and battles, pepe-rockets and growth growth unstoppable growth.

But more importantly, the community. How many of you have just found new frens, talented authors, secret chats, maybe made your own otc for vouchers or just created some theories about morse code. Thousands. Hundreds of thousands. Millions. Impossible numbers.

Like <PERSON> itself. “It’s almost not supposed to happen”. Probably nothing that became the largest crypto community ever.

Let’s celebrate it. 
No drops, no shitty funny marketing. Let's just acknowledge what we've been up to <DATE_TIME>. 

The team built the app, but it is you who’ve seen something. Something that is not fits to what one might expect. Absurd, but makes sense. That’s you who got it. That’s all you guys. Me and all the contributors are thankful for <DATE_TIME> and night building it for you, with you. 

Let’s celebrate the very <DATE_TIME> of the mining phase, frens. 

What do we feel now?

Probably nothing but love 💛

<NRP>",False,False,False,False,True,False,False,False,False,False,1286491821,,,,,,,,,54,0,,,,,,[],
hackersabode,https://t.me/hackersabode,14469,2024-03-25 21:33:09,"https://t.me/notcoin_bot?start=r_609153_4498618
🎁 +2.5k Notcoin as a first-time gift
🎁🎁🎁 +50k Notcoin if you have Telegram Premium @PremiumBot",False,False,False,False,True,False,False,False,False,False,1286491821,,,,,,,,,52,0,,,,,,[],
hackersabode,https://t.me/hackersabode,14471,2024-03-25 21:36:49,,False,False,False,False,True,False,False,False,False,False,1286491821,,,,,,,5.769330630306415e+18,,47,0,,,,1.3691220879162244e+16,,[],
hackersabode,https://t.me/hackersabode,14472,2024-03-25 21:36:50,,False,False,False,False,True,False,False,False,False,False,1286491821,,,,,,,5.769330630306415e+18,,47,0,,,,1.3691220879162244e+16,,[],
hackersabode,https://t.me/hackersabode,14474,2024-03-26 14:05:37,"⚡️ USA BASED BANK LEADS  ✨

👉 All validated
👉 100% Hit Gurentee
👉 All Private and FResh
👉 UHQ QUALITY 

@getitfreeadmin",False,False,False,False,True,False,False,False,False,False,1286491821,,,,,,,,,2,0,,,,,,[],
hackersabode,https://t.me/hackersabode,14476,2024-03-27 10:20:00,,False,False,False,False,True,False,False,False,False,False,1286491821,,,,,,,5.773791318915532e+18,,9,0,,,,1.3692278406016796e+16,,[],
hackersabode,https://t.me/hackersabode,14477,2024-03-27 10:21:42,"https://t.me/notcoin_bot?start=r_609153_4498618
🎁 +2.5k Notcoin as a first-time gift
🎁🎁🎁 +50k Notcoin if you have Telegram Premium @PremiumBot


You can still join before <DATE_TIME>

@getitfreeadmin",False,False,False,False,True,False,False,False,False,False,1286491821,,,,,,,,,4,0,,,,,,[],
hackersabode,https://t.me/hackersabode,14479,2024-03-27 20:05:04,,False,False,False,False,True,False,False,False,False,False,1286491821,,,,,,,,,22,0,,,,,,[],
hackersabode,https://t.me/hackersabode,14480,2024-03-27 20:05:12,,False,False,False,False,True,False,False,False,False,False,1286491821,,,,,,,,,22,0,,,,,,[],
hackersabode,https://t.me/hackersabode,14482,2024-03-28 11:35:53,133 Fresh SMTPs,False,False,False,False,True,False,False,False,False,False,1286491821,,,,,,,,,181,1,,,,,,[],
hackersabode,https://t.me/hackersabode,14483,2024-03-28 11:40:48,,False,False,False,False,True,False,False,False,False,False,1286491821,,,,,,,,,183,0,,,,,,[],
hackersabode,https://t.me/hackersabode,14484,2024-03-28 19:33:31,@getitfreeadmin,False,False,False,False,True,False,False,False,False,False,1286491821,,,,,,,,,171,0,,,,,,[],
hackersabode,https://t.me/hackersabode,14485,2024-03-28 19:34:10,@getitfreeadmin,False,False,False,False,True,False,False,False,False,False,1286491821,,,,,,,,,172,0,,,,,,[],
hackersabode,https://t.me/hackersabode,14486,2024-03-28 19:35:35,"These are my Giveaway accounts .....

@getitfreeadmin",False,False,False,False,True,False,False,False,False,False,1286491821,,,,,,,,,177,2,,,,,,[],
hackersabode,https://t.me/hackersabode,14487,2024-03-28 19:36:01,,False,False,False,False,True,False,False,False,False,False,1286491821,,,,,,,,,177,0,,,,,,[],
hackersabode,https://t.me/hackersabode,14488,2024-03-28 19:37:03,,False,False,False,False,True,False,False,False,False,False,1286491821,,,,,,,,,177,3,,,,,,[],
hackersabode,https://t.me/hackersabode,14489,2024-03-28 19:38:03,,False,False,False,False,True,False,False,False,False,False,1286491821,,,,,,,,,172,2,,,,,,[],
hackersabode,https://t.me/hackersabode,14490,2024-03-28 19:38:21,,False,False,False,False,True,False,False,False,False,False,1286491821,,,,,,,,,173,0,,,,,,[],
hackersabode,https://t.me/hackersabode,14491,2024-03-28 19:39:03,,False,False,False,False,True,False,False,False,False,False,1286491821,,,,,,,,,177,0,,,,,,[],
hackersabode,https://t.me/hackersabode,14492,2024-03-28 19:39:32,Another giveaway will be posted <DATE_TIME>.... @getitfreeadmin,False,False,False,False,True,False,False,False,False,False,1286491821,,,,,,,,,177,0,,,,,,[],
hackersabode,https://t.me/hackersabode,14493,2024-03-28 19:40:47,"Use this link to invite your friends to the channel <DATE_TIME>.... I will shock you with giveaway 😀

https://t.me/hackersabode


@getitfreeadmin",False,False,False,False,True,False,False,False,False,False,1286491821,,,,,,,,,184,0,,,,,,[],
hackersabode,https://t.me/hackersabode,14494,2024-03-28 19:41:36,"If you can bypass BOA account, I have enough hacked accounts of BOA 

@getitfreeadmin",False,False,False,False,True,False,False,False,False,False,1286491821,,,,,,,,,179,0,,,,,,[],
hackersabode,https://t.me/hackersabode,14495,2024-03-28 19:43:33,,False,False,False,False,True,False,False,False,False,False,1286491821,,,,,,,,,178,2,,,,,,[],
hackersabode,https://t.me/hackersabode,14496,2024-03-28 19:56:09,"If you want to learn how to crack sites , DM @getitfreeadmin",False,False,False,False,True,False,False,False,False,False,1286491821,,,,,,,,,175,0,,,,,,[],
hackersabode,https://t.me/hackersabode,14497,2024-03-28 20:22:11,DM @getitfreeadmin for any site cracked app you need,False,False,False,False,True,False,False,False,False,False,1286491821,,,,,,,,,167,0,,,,,,[],
hackersabode,https://t.me/hackersabode,14498,2024-03-29 15:26:19,"https://t.me/notcoin_bot?start=r_609153_4498618
🎁 +2.5k Notcoin as a first-time gift
🎁🎁🎁 +50k Notcoin if you have Telegram Premium @PremiumBot",False,False,False,False,True,False,False,False,False,False,1286491821,,,,,,,,,147,0,,,,,,[],
hackersabode,https://t.me/hackersabode,14499,2024-03-29 15:42:23,"Pre-Market Trading for Notcoin in bybit. I will advice you guys to keep it till <DATE_TIME>. If you sell for lower price , it will pain you when the Notcoin announce the real price . You can just convert your coin to voucher and leave it till <DATE_TIME>.  Don't rush to sell !

Some people missed this free money 😀

@getitfreeadmin",False,False,False,False,True,False,False,False,False,False,1286491821,,,,,,,5.780751794455036e+18,,154,0,,2024-03-29T15:44:07+00:00,,,,[],
hackersabode,https://t.me/hackersabode,14500,2024-03-30 13:08:20,"Telegram get inbuilt wallet for your crypto....  You can convert your notcoin to voucher and move it to the Telegram crypto wallet 
@getitfreeadmin",False,False,False,False,True,False,False,False,False,False,1286491821,,,,,,,5.783003594268721e+18,,133,0,,,,1.3694432803900428e+16,,[],
hackersabode,https://t.me/hackersabode,14501,2024-03-30 13:08:20,,False,False,False,False,True,False,False,False,False,False,1286491821,,,,,,,5.783003594268721e+18,,133,0,,,,1.3694432803900428e+16,,[],
hackersabode,https://t.me/hackersabode,14502,2024-03-31 10:41:29,"It's about to go down 😀. I have converted up to 40,000,000 Notcoin to voucher . Watch out for the  Mainet launch of Notcoin tomorrow(April <DATE_TIME>). I pity those that missed this lifetime opportunity. 

@getitfreeadmin",False,False,False,False,True,False,False,False,False,False,1286491821,,,,,,,,,129,0,,2024-03-31T10:43:16+00:00,,,,[],
hackersabode,https://t.me/hackersabode,14503,2024-03-31 11:02:37,"https://t.me/notcoin_bot?start=r_609153_4498618
🎁 +2.5k Notcoin as a first-time gift
🎁🎁🎁 +50k Notcoin if you have Telegram Premium @PremiumBot


Try if you can still make little coin for yourself before <DATE_TIME>. This is a Telegram Project",False,False,False,False,True,False,False,False,False,False,1286491821,,,,,,,,,124,0,,2024-03-31T11:03:48+00:00,,,,[],
hackersabode,https://t.me/hackersabode,14504,2024-03-31 12:06:00,"<DATE_TIME> of the Mining phase

We're gonna miss that coin 🪙

Anyway

Have fun, frens

<PERSON>

<NRP>",False,False,False,False,True,False,False,False,False,False,1286491821,,,,,,,5.208431867366331e+18,,120,0,,,,,,[],
hackersabode,https://t.me/hackersabode,14505,2024-03-31 14:30:53,"Webmails 
https://aec.ma:<EMAIL_ADDRESS>|~_7DI=y&yNZ{ 
https://liveonbiolabs.com:<EMAIL_ADDRESS>|liveonbiolabs123 
https://ejt.ppf.mybluehost.me:<EMAIL_ADDRESS>|r4eKkp.k?u$j 
https://user.delawells.com:<EMAIL_ADDRESS>|CK9XFTP2s9q 
https://townofjena.com:<EMAIL_ADDRESS>|Jena123 
https://southernmotors.pk:<EMAIL_ADDRESS>|ACC-south=321 
https://isu.edu.sd:<EMAIL_ADDRESS>|alhussein@1992 
https://pcbsi.com.ph:<EMAIL_ADDRESS>|edrianreyes 
https://eymsolutions.com:<EMAIL_ADDRESS>|perez.lissette 
https://klogisticsgroup.com:<EMAIL_ADDRESS>|klogisticsgroup2015 
https://ezfrag.cyou:<EMAIL_ADDRESS>|hJGiyLkUyz 
https://deaposta.com:<EMAIL_ADDRESS>|Deaposta2018 
https://fotoaprendizaje.com:<EMAIL_ADDRESS>|1538Mora1382 
https://getgoodmails.com:<EMAIL_ADDRESS>|tewiCzflAB 
https://wasobe.com:<EMAIL_ADDRESS>|8wjxe36z 
https://evoguemoveis.com.br:<EMAIL_ADDRESS>|evogue40 
https://buffalo.k12.ok.us:<EMAIL_ADDRESS>|trombone",False,False,False,False,True,False,False,False,False,False,1286491821,,,,,,,,,113,0,,,,,,[],
hackersabode,https://t.me/hackersabode,14506,2024-03-31 14:31:54,"Webmails 
https://mattglossdubai.com:<EMAIL_ADDRESS>|Niroshan123! 
https://grupopelsa.com:<EMAIL_ADDRESS>|asistente.gerenciatgu 
https://haroonco.net:<EMAIL_ADDRESS>|Welcome123 
https://secopsausa.com:<EMAIL_ADDRESS>|Secopsa2019 
https://computers-on-q.com:<EMAIL_ADDRESS>|t1ch13! 
https://ppsoccer.com:<EMAIL_ADDRESS>|1909petroV! 
https://smashusmle.com:<EMAIL_ADDRESS>|usmlestep123 
https://marketingdigitallocal.pt:<EMAIL_ADDRESS>|Passemdl1 
https://blackmp.net:<EMAIL_ADDRESS>|blackmp2017 
https://ejt.ppf.mybluehost.me:<EMAIL_ADDRESS>|1j4*@c_MD?{f 
https://gogostudios.com:<EMAIL_ADDRESS>|LANEYGH200L 
https://dmeservicesoftexas.com:<EMAIL_ADDRESS>|P@ssw0rd123 
https://danhngoc.com.vn:<EMAIL_ADDRESS>|Danhngoc2020 
https://theglobaljob.com:<EMAIL_ADDRESS>|Momotaaj1! 
https://oabce.adv.br:<EMAIL_ADDRESS>|jsw@311244 
https://menutech.xyz:<EMAIL_ADDRESS>|losaztecas 
https://naci.com.pk:<EMAIL_ADDRESS>|Rafayawan@<US_PASSPORT> 
https://infrabanx.com:<EMAIL_ADDRESS>|123456 
https://haroonco.net:<EMAIL_ADDRESS>|Welcome123 
https://3-motion.co.uk:<EMAIL_ADDRESS>|Stockcubes1! 
https://akplaw.net:<EMAIL_ADDRESS>|snyder 
https://jubailibros.com:<EMAIL_ADDRESS>|fXsLafMM[($V 
https://lawconsultores.com:<EMAIL_ADDRESS>|LorenaGiraldo123 
<PERSON> 
https://mglstore.co.in:<EMAIL_ADDRESS>|xwIjUHUTrL 
https://swarmhr.com:<EMAIL_ADDRESS>|Local@2018 
https://callanhawkins.com:<EMAIL_ADDRESS>|Summer2010$$$ 
https://sportquick.com:<EMAIL_ADDRESS>|petra1954 
https://eyeyaw.club:<EMAIL_ADDRESS>|Keaton08 
<DATE_TIME><EMAIL_ADDRESS>|Mohjoub1 
https://kasznay.com:<EMAIL_ADDRESS>|Susan1! 
https://winfos.net:<EMAIL_ADDRESS>|11Jul55Stukmeel 
https://pcbsi.com.ph:<EMAIL_ADDRESS>|edrianreyes 
https://ashrafarmiaeyeclinic.com:<EMAIL_ADDRESS>|Ashr321!@# 
https://travelerfood.com:<EMAIL_ADDRESS>|noreply@123 
https://ziveti.com:<EMAIL_ADDRESS>|zuk1b3an01",False,False,False,False,True,False,False,False,False,False,1286491821,,,,,,,,,115,0,,,,,,[],
hackersabode,https://t.me/hackersabode,14507,2024-03-31 14:33:27,@getitfreeadmin,False,False,False,False,True,False,False,False,False,False,1286491821,,,,,,,,,107,0,,,,,,[],
hackersabode,https://t.me/hackersabode,14508,2024-03-31 14:34:52,"cPanels 
https://sxb1plzcpnl432798.prod.sxb1.secureserver.net:2083|qj5mc81e086q|X}!2U/n53Q/a 
https://p3plcpnl1240.prod.phx3.secureserver.net:2083|jm0hybo7bh4p|Bma2010 
https://mailserver01.edirectory.com:2083|ov8hq092|2FGSx1Lyg7 
https://sg2plzcpnl462821.prod.sin2.secureserver.net:2083|etsqmph4wxkz|Lysander@123 
https://travelnursing.co:2083|trvlnrsng2424|32ZH1E2crwkx 
https://directuk-pill.com:2083|fa07v3swucyr|##817hsbbBjs7119 
https://sg3plcpnl0020.prod.sin3.secureserver.net:2083|skvmk5vcy7rc|Southland@2006 
https://n3plcpnl0101.prod.ams3.secureserver.net:2083|jidaweb|Jidadesign123@ 
https://p3plzcpnl489434.prod.phx3.secureserver.net:2083|nywws4t2t52s|C8EkLvI@Bl4H 
https://sg2plcpnl0115.prod.sin2.secureserver.net:2083|dcj5qio1sqni|Vicky@143 
https://marianobarbershop.com:2083|marianob|webYESS2021 
https://sxb1plzcpnl489538.prod.sxb1.secureserver.net:2083|ybzqys3wkc6t|Amjadagha1 
https://cpl10.main-hosting.eu:2083|fenixconsultoria|mudardepois 
https://p3plmcpnl487853.prod.phx3.secureserver.net:2083|c42cnd234dml|CKydE3~2?IV} 
https://dcgsx-cp003.server-cpanel.com:2083|jesa1071|Award123! 
https://sxb1plzcpnl490670.prod.sxb1.secureserver.net:2083|fz4hp2f1acy0|xQxe9y#xbHKv 
<DATE_TIME> 
https://a2plcpnl0833.prod.iad2.secureserver.net:2083|hti81wn4gszj|%}9onZ[i 
https://n3plcpnl0140.prod.ams3.secureserver.net:2083|djbign|Whatever2@ 
https://sg2plzcpnl473865.prod.sin2.secureserver.net:2083|jxusvjffd8lo|9qw0*smU9-x 
https://sg2plcpnl0189.prod.sin2.secureserver.net:2083|woqam9g6hu4i|Huanqiusou9! 
https://us14.tmd.cloud:2083|littlesu|]1qbYuTy2!6P2C 
https://sxb1plzcpnl435978.prod.sxb1.secureserver.net:2083|fcq5oq1aqd2d|Ziad@3052004 
https://sg2plzcpnl473865.prod.sin2.secureserver.net:2083|jxusvjffd8lo|9qw0*smU9-x 
<PERSON>https://sg2plzcpnl479105.prod.sin2.secureserver.net:2083|hm254284a10h|6p-Vs}XH~1t 
https://sg2plcpnl0183.prod.sin2.secureserver.net:2083|ilh3q8d2meds|CakeGurus#321 
https://a2plcpnl0486.prod.iad2.secureserver.net:2083|cidmi2016|T@76$#*aty* 
https://nethost-1611.inet.vn:2083|exvvyoguhosting|Myphamolic@123 
https://p3plzcpnl494306.prod.phx3.secureserver.net:2083|y7bdjmv6vdiy|AlfaServi2018@#* 
https://sv20.byethost20.org:2083|demobye|password 
https://lnx5.cms502.com:2083|skinorra|cMRmtwO@LH 
https://dos2n2003.servwingu.mx:2083|logisti7|s07DNfW9gAk.6( 
https://sxb1plzcpnl487111.prod.sxb1.secureserver.net:2083|wmgyporgu8b4|as_SNIPER_30 
https://sg2plcpnl0081.prod.sin2.secureserver.net:2083|bop09qxlx7q3|Icon@consulting123 
https://mailserver01.edirectory.com:2083|ov8hq092|2FGSx1Lyg7 
https://a2plcpnl0823.prod.iad2.secureserver.net:2083|u560t5owf3j1|Ufucirey1! 
https://n3plcpnl0030.prod.ams3.secureserver.net:2083|sonofgod|Evanaz@12 
https://n3plcpnl0190.prod.ams3.secureserver.net:2083|isqkwow3xz45|Chronus2409@ 
https://sg2plzcpnl479115.prod.sin2.secureserver.net:2083|htvwrghzhvg4|qV+12zWt7xd 
https://p3plcpnl1240.prod.phx3.secureserver.net:2083|jm0hybo7bh4p|Bma2010 
https://sg2plcpnl0067.prod.sin2.secureserver.net:2083|m2wnwoad5u0u|F@!z77090 
https://server27.hostingraja.org:2083|ladex|Busa@<PHONE_NUMBER> 
http://hp280.hostpapa.com:2082|demo|d12345 
https://sg2plzcpnl479105.prod.sin2.secureserver.net:2083|hm254284a10h|6p-Vs}XH~1t 
http://pomme.o2switch.net:2082|o2cpanel|testezmoi 
http://o2cpanel.o2switch.net:2082|o2cpanel|testezmoi 
https://sxb1plzcpnl437836.prod.sxb1.secureserver.net:2083|hdqofqq3ivrt|kM-j86~#,7.F 
https://a2plcpnl0215.prod.iad2.secureserver.net:2083|pilpelim|#7974msmsM 
https://sxb1plzcpnl459848.prod.sxb1.secureserver.net:2083|jbz6qjy135xf|Q1lk7!9C88zQ 
https://hostpapa.info:2083|demo|d12345 
https://n3plcpnl0190.prod.ams3.secureserver.net:2083|isqkwow3xz45|Chronus2409@ 
https://krisjamieson.org:2083|krisjam1|o3@5JG2}Yid! 
https://p3plcpnl1018.prod.phx3.secureserver.net:2083|ayulc7sfszur|T#a@;lG./1y= 
https://p3plcpnl0819.prod.phx3.secureserver.net:2083|g9dpd6erskhp|Tandb923!",False,False,False,False,True,False,False,False,False,False,1286491821,,,,,,,,,125,0,,,,,,[],
hackersabode,https://t.me/hackersabode,14509,2024-03-31 16:04:57,<DATE_TIME>,False,False,False,False,True,False,False,False,False,False,1286491821,,,,,,,5.78508786458806e+18,,119,0,,,,,,[],
hackersabode,https://t.me/hackersabode,14511,2024-03-31 21:16:33,"Next benefit tut coming up..,
@getitfreeadmin",False,False,False,False,True,False,False,False,False,False,1286491821,,,,,,,5.78508786458806e+18,,108,1,,,,,,[],
hackersabode,https://t.me/hackersabode,14512,2024-03-31 22:37:23,"Tap like no <DATE_TIME>

82k RPS HAHAHAHAH

<NRP>",False,False,False,False,True,False,False,False,False,False,1286491821,,,,,,,,,104,0,,,,,,[],
hackersabode,https://t.me/hackersabode,14513,2024-04-01 03:22:43,"https://t.me/notcoin_bot?start=r_609153_4498618
🎁 +2.5k Notcoin as a first-time gift
🎁🎁🎁 +50k Notcoin if you have Telegram Premium @PremiumBot",False,False,False,False,True,False,False,False,False,False,1286491821,,,,,,,,,98,0,,,,,,[],
hackersabode,https://t.me/hackersabode,14514,2024-04-01 10:54:24,@getitfreeadmin,False,False,False,False,True,False,False,False,False,False,1286491821,,,,,,,,,81,0,,,,,,[],
hackersabode,https://t.me/hackersabode,14515,2024-04-01 10:55:50,,False,False,False,False,True,False,False,False,False,False,1286491821,,,,,,,,,83,0,,,,,,[],
hackersabode,https://t.me/hackersabode,14516,2024-04-01 10:58:03,"https://t.me/hackersabode?boost 

Click the above to boost our cahnnel. You may be get Telegram premium from me",False,False,False,False,True,False,False,False,False,False,1286491821,,,,,,,,,80,0,,2024-04-01T10:58:39+00:00,,,,[],
hackersabode,https://t.me/hackersabode,14517,2024-04-01 12:09:16,"The mining of Notcoin has stopped .....Ready for phase 3 

@getitfreeadmin",False,False,False,False,True,False,False,False,False,False,1286491821,,,,,,,5.789456443328546e+18,,78,0,,,,,,[],
hackersabode,https://t.me/hackersabode,14518,2024-04-01 12:49:57,DM @getitfreeadmin if you need fresh webmails,False,False,False,False,True,False,False,False,False,False,1286491821,,,,,,,,,68,0,,,,,,[],
hackersabode,https://t.me/hackersabode,14519,2024-04-01 13:09:57,,False,False,False,False,True,False,False,False,False,False,1286491821,,,,,,,,,73,0,,,,,,[],
hackersabode,https://t.me/hackersabode,14520,2024-04-01 18:02:39,"Notcoin Pre-market Vouchers

737k vouchers minted <NRP>
$14M Volume

Over 370,000 onchain users interacted with vouchers, boosting TON onchain metrics 💪

How to exchange to $NOT tokens?

Holders will be able to send Voucher to the smart-contract after TGE to get $NOT tokens back. There will be a special page with an access from <PERSON>.

Alternatively, they can exchange Vouchers to wNOT via Shardify.app (there is some fee). 

Good news: <PERSON> team will provide a smart-contract to exchange $wNOT to $NOT directly. You can buy $wNOT here now.

Happy trading frens 🔥",False,False,False,False,True,False,False,False,False,False,1286491821,,,,,,,,,58,0,,,,,,[],
hackersabode,https://t.me/hackersabode,14521,2024-04-01 18:27:45,DM @getitfreeadmin for any dating site you want to buy,False,False,False,False,True,False,False,False,False,False,1286491821,,,,,,,,,53,0,,,,,,[],
hackersabode,https://t.me/hackersabode,14522,2024-04-01 19:54:13,"AVAILABLE DATING SITES !

Seeking Arrangement (seeking.com)

Mocospace

Tagged

<PERSON>

Skout

Tinder

Edate

Okcupid

Match

Stir

Sugardaddyforme

BLK

Upward

Connectingsingles

CDFF ( <NRP> dating site)

Mingle2

Feetfinder

Jaumo

POF

DM @getitfreeadmin",False,False,False,False,True,False,False,False,False,False,1286491821,,,,,,,,,38,1,,2024-04-01T19:55:24+00:00,,,,[],
hackersabode,https://t.me/hackersabode,14524,2024-04-02 10:40:48,,False,False,False,False,True,False,False,False,False,False,1286491821,,,,,,,,,14,0,,,,,,[],
hackersabode,https://t.me/hackersabode,14525,2024-04-02 10:48:42,DM <NRP> for the updated SeekingArrangement (seeking.com) cracked . It can bypass selfie verification and comes with inbuilt USA GPS,False,False,False,False,True,False,False,False,False,False,1286491821,,,,,,,,,5,0,,,,,,[],
hackersabode,https://t.me/hackersabode,14527,2024-04-03 08:25:54,"Pi is a new digital currency developed by Stanford PhDs, with over 47 million members worldwide. To claim your Pi, follow this link https://minepi.com/Greatemmy779 and use my username (<PERSON>) as your invitation code.",False,False,False,False,True,False,False,False,False,False,1286491821,,,,,,,,,9,0,,,,,,[],
hackersabode,https://t.me/hackersabode,14528,2024-04-03 08:26:01,"Don't miss Pi Network like the way some of you missed Notcoin mining 

@getitfreeadmin",False,False,False,False,True,False,False,False,False,False,1286491821,,,,,,,5.793910745321292e+18,,9,0,,2024-04-03T08:26:52+00:00,,,,[],
hackersabode,https://t.me/hackersabode,14530,2024-04-03 11:59:00,,False,False,False,False,True,False,False,False,False,False,1286491821,,,,,,,5.796162545134977e+18,,13,0,,,,1.3697164324755308e+16,,[],
hackersabode,https://t.me/hackersabode,14531,2024-04-03 11:59:00,,False,False,False,False,True,False,False,False,False,False,1286491821,,,,,,,5.796162545134977e+18,,13,0,,,,1.3697164324755308e+16,,[],
hackersabode,https://t.me/hackersabode,14532,2024-04-03 11:59:00,,False,False,False,False,True,False,False,False,False,False,1286491821,,,,,,,5.796162545134977e+18,,13,0,,,,1.3697164324755308e+16,,[],
hackersabode,https://t.me/hackersabode,14533,2024-04-03 11:59:00,,False,False,False,False,True,False,False,False,False,False,1286491821,,,,,,,5.796162545134977e+18,,13,0,,,,1.3697164324755308e+16,,[],
hackersabode,https://t.me/hackersabode,14534,2024-04-03 11:59:00,,False,False,False,False,True,False,False,False,False,False,1286491821,,,,,,,5.796162545134977e+18,,13,0,,,,1.3697164324755308e+16,,[],
hackersabode,https://t.me/hackersabode,14535,2024-04-03 11:59:00,,False,False,False,False,True,False,False,False,False,False,1286491821,,,,,,,5.796162545134977e+18,,13,0,,,,1.3697164324755308e+16,,[],
hackersabode,https://t.me/hackersabode,14536,2024-04-03 11:59:01,,False,False,False,False,True,False,False,False,False,False,1286491821,,,,,,,5.796162545134977e+18,,13,0,,,,1.3697164324755308e+16,,[],
hackersabode,https://t.me/hackersabode,14537,2024-04-03 11:59:01,,False,False,False,False,True,False,False,False,False,False,1286491821,,,,,,,5.796162545134977e+18,,13,0,,,,1.3697164324755308e+16,,[],
hackersabode,https://t.me/hackersabode,14538,2024-04-03 11:59:01,,False,False,False,False,True,False,False,False,False,False,1286491821,,,,,,,5.796162545134977e+18,,13,0,,,,1.3697164324755308e+16,,[],
hackersabode,https://t.me/hackersabode,14539,2024-04-03 11:59:01,,False,False,False,False,True,False,False,False,False,False,1286491821,,,,,,,5.796162545134977e+18,,13,0,,,,1.3697164324755308e+16,,[],
hackersabode,https://t.me/hackersabode,14540,2024-04-03 11:59:01,,False,False,False,False,True,False,False,False,False,False,1286491821,,,,,,,5.796162545134977e+18,,13,0,,,,1.36971643316087e+16,,[],
hackersabode,https://t.me/hackersabode,14541,2024-04-03 11:59:01,,False,False,False,False,True,False,False,False,False,False,1286491821,,,,,,,5.796162545134977e+18,,13,0,,,,1.36971643316087e+16,,[],
hackersabode,https://t.me/hackersabode,14543,2024-04-03 21:59:51,DM @getitfreeadmin for <PERSON> cracked app and any dating site you want to buy,False,False,False,False,True,False,False,False,False,False,1286491821,,,,,,,,,19,0,,2024-04-03T22:00:11+00:00,,,,[],
