Channel ID,URL,Post ID,date,message,out,mentioned,media_unread,silent,post,from_scheduled,legacy,edit_hide,pinned,noforwards,peer_channel,from_id_user,fwd_from,via_bot_id,reply_to_msg_id,reply_to_scheduled,forum_topic,media_photo_id,reply_markup,views,forwards,replies,edit_date,post_author,grouped_id,reactions,restriction_reason,ttl_period
mrx_otpservices,https://t.me/mrx_otpservices,517,2024-01-04 08:54:19,,False,False,False,False,True,False,False,True,False,False,1811990651,,"{'_': 'MessageFwdHeader', 'date': '2024-01-04T08:53:21+00:00', 'imported': False, 'saved_out': False, 'from_id': {'_': 'PeerUser', 'user_id': 5596277640}, 'from_name': None, 'channel_post': None, 'post_author': None, 'saved_from_peer': None, 'saved_from_msg_id': None, 'saved_from_id': None, 'saved_from_name': None, 'saved_date': None, 'psa_type': None}",,,,,5.814287835405074e+18,,299.0,0.0,"{'_': 'MessageReplies', 'replies': 0, 'replies_pts': 791579, 'comments': True, 'recent_repliers': [], 'channel_id': 1832090758, 'max_id': None, 'read_max_id': None}",2024-01-05T14:32:15+00:00,,,"{'_': 'MessageReactions', 'results': [], 'min': False, 'can_see_list': False, 'reactions_as_tags': False, 'recent_reactions': []}",[],
mrx_otpservices,https://t.me/mrx_otpservices,518,2024-01-04 08:54:19,,False,False,False,False,True,False,False,True,False,False,1811990651,,"{'_': 'MessageFwdHeader', 'date': '2024-01-04T08:53:27+00:00', 'imported': False, 'saved_out': False, 'from_id': {'_': 'PeerUser', 'user_id': 5596277640}, 'from_name': None, 'channel_post': None, 'post_author': None, 'saved_from_peer': None, 'saved_from_msg_id': None, 'saved_from_id': None, 'saved_from_name': None, 'saved_date': None, 'psa_type': None}",,,,,5.814287835405074e+18,,309.0,0.0,,2024-01-04T08:54:23+00:00,,,,[],
mrx_otpservices,https://t.me/mrx_otpservices,520,2024-01-07 15:08:01,Old telnyx account(2017) for sell 🔥,False,False,False,False,True,False,False,True,False,False,1811990651,,,,,,,,,306.0,0.0,"{'_': 'MessageReplies', 'replies': 1, 'replies_pts': 791579, 'comments': True, 'recent_repliers': [{'_': 'PeerUser', 'user_id': 5801444615}], 'channel_id': 1832090758, 'max_id': 700984, 'read_max_id': None}",2024-01-07T20:47:39+00:00,,,"{'_': 'MessageReactions', 'results': [{'_': 'ReactionCount', 'reaction': {'_': 'ReactionEmoji', 'emoticon': '👍'}, 'count': 3, 'chosen_order': None}, {'_': 'ReactionCount', 'reaction': {'_': 'ReactionEmoji', 'emoticon': '🔥'}, 'count': 2, 'chosen_order': None}, {'_': 'ReactionCount', 'reaction': {'_': 'ReactionEmoji', 'emoticon': '👏'}, 'count': 1, 'chosen_order': None}], 'min': False, 'can_see_list': False, 'reactions_as_tags': False, 'recent_reactions': []}",[],
mrx_otpservices,https://t.me/mrx_otpservices,524,2024-01-09 16:18:17,#vouch,False,False,False,False,True,False,False,True,False,False,1811990651,,,,,,,5.830407264278791e+18,,314.0,1.0,"{'_': 'MessageReplies', 'replies': 0, 'replies_pts': 791579, 'comments': True, 'recent_repliers': [], 'channel_id': 1832090758, 'max_id': None, 'read_max_id': None}",2024-01-10T07:18:21+00:00,,1.3638536778583876e+16,"{'_': 'MessageReactions', 'results': [{'_': 'ReactionCount', 'reaction': {'_': 'ReactionEmoji', 'emoticon': '👍'}, 'count': 5, 'chosen_order': None}, {'_': 'ReactionCount', 'reaction': {'_': 'ReactionEmoji', 'emoticon': '🔥'}, 'count': 2, 'chosen_order': None}, {'_': 'ReactionCount', 'reaction': {'_': 'ReactionEmoji', 'emoticon': '👏'}, 'count': 1, 'chosen_order': None}], 'min': False, 'can_see_list': False, 'reactions_as_tags': False, 'recent_reactions': []}",[],
mrx_otpservices,https://t.me/mrx_otpservices,525,2024-01-09 16:18:17,,False,False,False,False,True,False,False,True,False,False,1811990651,,,,,,,5.830407264278791e+18,,312.0,1.0,,2024-01-09T16:18:23+00:00,,1.3638536778583876e+16,,[],
mrx_otpservices,https://t.me/mrx_otpservices,526,2024-01-09 16:18:17,,False,False,False,False,True,False,False,True,False,False,1811990651,,,,,,,5.830407264278791e+18,,326.0,1.0,,2024-01-09T16:18:23+00:00,,1.3638536778583876e+16,,[],
mrx_otpservices,https://t.me/mrx_otpservices,527,2024-01-09 16:18:17,,False,False,False,False,True,False,False,True,False,False,1811990651,,,,,,,5.830407264278791e+18,,313.0,1.0,,2024-01-09T16:18:23+00:00,,1.3638536778583876e+16,,[],
mrx_otpservices,https://t.me/mrx_otpservices,528,2024-01-10 06:09:56,"💲 SPOOFER SCRIPT FOR SELL + SETUP 💲

PRICE 350$ 💸

🔰FEATURES INCLUDED <DATE_TIME>

💎CUSTOMIZE CALLER ID ✅
💎Custom script ✅
💎Hangup button ✅
<NRP>voicemail  detection 🗣️✅
💎Fast recalling button ✅
💎PIN AND SSN MODE ✅
💎APPLE PAY AND GPAY MODE ✅
💎OTP+PIN MODE✅
💎CARD MODE TO GRAB CREDIT CARD AND EXP AND CVV AT THE SAME TIME ✅

🔥NEW MODE CALLED GOD MODE 
ALLOWS YOU TO GRAB OTP FOR CREDIT CARDS WITH 90% SUCCESS RATE DUE TO HIS UNIQUE SCRIPT 🔥

📦CONTACT  : @mrx13121213",False,False,False,False,True,False,False,True,False,False,1811990651,,,,,,,,,381.0,35.0,"{'_': 'MessageReplies', 'replies': 0, 'replies_pts': 791579, 'comments': True, 'recent_repliers': [], 'channel_id': 1832090758, 'max_id': None, 'read_max_id': None}",2024-01-10T06:09:59+00:00,,,,[],
mrx_otpservices,https://t.me/mrx_otpservices,551,2024-01-22 19:48:58,"BIG DISCOUNT IN OUR OTP BOT SCRIPT 

PRICE 350$❌ 150$✅

FOR 150$ THIS IS WHAT YOU GET :

🔰FEATURES INCLUDED 

CUSTOMIZE CALLER ID 
Custom script 
<NRP> button 
voicemail  detection 🗣️
Fast recalling button 
PIN AND SSN MODE 
APPLE PAY AND GPAY MODE 
OTP+PIN MODE
CARD MODE TO GRAB CREDIT CARD AND EXP AND CVV AT THE SAME TIME 

NEW MODE CALLED GOD MODE 
ALLOWS YOU TO GRAB OTP FOR CREDIT CARDS WITH 90% SUCCESS RATE DUE TO HIS UNIQUE SCRIPT 

CONTACT  : @mrx13121213",False,False,False,False,True,False,False,True,True,False,1811990651,,,,,,,,,282.0,1.0,,2024-01-22T19:49:01+00:00,,,,[],
mrx_otpservices,https://t.me/mrx_otpservices,552,2024-01-23 08:37:48,"🔥🔥🔥BIG DISCOUNT 🔥🔥🔥
YOU CAN NOW GET THE OTP BOT 🤖☎️SUBSCRIPTION FOR A DISCOUNTED PROCE✅

1MMONTH 90$❌ 45$✅



OFFER IS VALID FOR <DATE_TIME> ONLY 🔑

OWNER : https://t.me/mrx13121213",False,False,False,False,True,False,False,False,False,False,1811990651,,,,,,,,,284.0,0.0,,,,,,[],
mrx_otpservices,https://t.me/mrx_otpservices,554,2024-01-26 16:05:06,,False,False,False,True,True,,False,,,,1811990651,,,,551.0,False,False,,,,,,,,,,,
mrx_otpservices,https://t.me/mrx_otpservices,555,2024-01-27 21:59:03,"🔥🔥🔥BIG DISCOUNT 🔥🔥🔥
YOU CAN NOW GET THE OTP BOT 🤖☎️SUBSCRIPTION FOR A DISCOUNTED PROCE✅

1MMONTH 90$❌ 45$✅



OFFER IS VALID FOR <DATE_TIME> ONLY 🔑

OWNER : https://t.me/mrx13121213",False,False,False,False,True,False,False,False,False,False,1811990651,,,,,,,,,282.0,1.0,,,,,,[],
mrx_otpservices,https://t.me/mrx_otpservices,556,2024-02-03 17:35:51,"⚡️SPOOFER BOT IS ONLINE⚡️
YOU CAN NOW GET THE OTP BOT 🤖📞ALL   SUBSCRIPTION FOR             30% OFF ✅

1DAY 30$ ❌20$✅

1WEEK 100$ ❌70$✅

1MMONTH 300$❌200$✅

OFFER IS VALID FOR <DATE_TIME> ONLY 🔥


💎CHANNEL : https://t.me/mrx_otpservices

<NRP>BOT : https://t.me/otpsspoof_bot

💎OWNER : https://t.me/mrx13121213",False,False,False,False,True,False,False,False,False,False,1811990651,,,,,,,,,258.0,7.0,,2024-02-03T20:20:34+00:00,,,"{'_': 'MessageReactions', 'results': [{'_': 'ReactionCount', 'reaction': {'_': 'ReactionEmoji', 'emoticon': '👍'}, 'count': 9, 'chosen_order': None}, {'_': 'ReactionCount', 'reaction': {'_': 'ReactionEmoji', 'emoticon': '🔥'}, 'count': 2, 'chosen_order': None}, {'_': 'ReactionCount', 'reaction': {'_': 'ReactionEmoji', 'emoticon': '👏'}, 'count': 2, 'chosen_order': None}], 'min': False, 'can_see_list': False, 'reactions_as_tags': False, 'recent_reactions': []}",[],
mrx_otpservices,https://t.me/mrx_otpservices,557,2024-02-07 20:42:11,"🔥🔥🔥BIG DISCOUNT 🔥🔥🔥
YOU CAN NOW GET THE OTP BOT 🤖☎️SUBSCRIPTION FOR A DISCOUNTED PROCE✅

1MMONTH 90$❌ 45$✅



OFFER IS VALID FOR <DATE_TIME> ONLY 🔑

OWNER :https://t.me/mrx13121213",False,False,False,False,True,False,False,False,False,False,1811990651,,,,,,,,,251.0,39.0,,2024-02-07T20:43:31+00:00,,,,[],
mrx_otpservices,https://t.me/mrx_otpservices,558,2024-02-09 13:38:31,"📲 @otpsspoof_bot - 𝙊𝙏𝙋 𝘽𝙊𝙏

✅ We are online

💥We have UNIQUE features that you can't find in any other bot.

🔸 24/7 Support
🔸 Automated Payment System
🔸 Live Panel Feeling
🔸 12+ Pre-made Modes
🔸 Customizable Caller ID / Spoofing
🔸 99.99% Up-time
🔸 Customizable Scripts
🔸 Customizable Panel Actions
🔸 Multilingual Support (60+ Voices)
🔸 PGP / Conference Calls
🔸 Live DTMF
🔸 Call Streaming - Listen to call in Real-Time!

   Register Now!
👉  @otpsspoof_bot
 ✅If you need to buy the bot contact : 
©   @mrx13121213",False,False,False,False,True,False,False,False,False,False,1811990651,,"{'_': 'MessageFwdHeader', 'date': '2023-12-17T20:40:39+00:00', 'imported': False, 'saved_out': False, 'from_id': {'_': 'PeerChannel', 'channel_id': 1811990651}, 'from_name': None, 'channel_post': 502, 'post_author': None, 'saved_from_peer': None, 'saved_from_msg_id': None, 'saved_from_id': None, 'saved_from_name': None, 'saved_date': None, 'psa_type': None}",,,,,6.050883539198657e+18,,231.0,0.0,,,,1.3659887289262884e+16,,[],
mrx_otpservices,https://t.me/mrx_otpservices,559,2024-02-09 13:38:31,,False,False,False,False,True,False,False,False,False,False,1811990651,,"{'_': 'MessageFwdHeader', 'date': '2023-12-17T20:40:39+00:00', 'imported': False, 'saved_out': False, 'from_id': {'_': 'PeerChannel', 'channel_id': 1811990651}, 'from_name': None, 'channel_post': 503, 'post_author': None, 'saved_from_peer': None, 'saved_from_msg_id': None, 'saved_from_id': None, 'saved_from_name': None, 'saved_date': None, 'psa_type': None}",,,,,6.050883539198657e+18,,230.0,0.0,,,,1.3659887289262884e+16,,[],
mrx_otpservices,https://t.me/mrx_otpservices,560,2024-02-09 13:38:31,,False,False,False,False,True,False,False,False,False,False,1811990651,,"{'_': 'MessageFwdHeader', 'date': '2023-12-17T20:40:39+00:00', 'imported': False, 'saved_out': False, 'from_id': {'_': 'PeerChannel', 'channel_id': 1811990651}, 'from_name': None, 'channel_post': 504, 'post_author': None, 'saved_from_peer': None, 'saved_from_msg_id': None, 'saved_from_id': None, 'saved_from_name': None, 'saved_date': None, 'psa_type': None}",,,,,6.050883539198657e+18,,233.0,0.0,,,,1.3659887289262884e+16,,[],
mrx_otpservices,https://t.me/mrx_otpservices,561,2024-02-14 10:00:12,"BIG DISCOUNT IN OUR OTP BOT SCRIPT 

PRICE 350$❌ 150$✅

FOR 150$ THIS IS WHAT YOU GET :

🔰FEATURES INCLUDED 

CUSTOMIZE CALLER ID 
Custom script 
<NRP> button 
voicemail  detection 🗣️
Fast recalling button 
PIN AND SSN MODE 
APPLE PAY AND GPAY MODE 
OTP+PIN MODE
CARD MODE TO GRAB CREDIT CARD AND EXP AND CVV AT THE SAME TIME 

NEW MODE CALLED GOD MODE 
ALLOWS YOU TO GRAB OTP FOR CREDIT CARDS WITH 90% SUCCESS RATE DUE TO HIS UNIQUE SCRIPT 

CONTACT  : @mrx13121213",False,False,False,False,True,False,False,False,True,False,1811990651,,,,,,,,,224.0,1.0,,,,,,[],
mrx_otpservices,https://t.me/mrx_otpservices,562,2024-02-18 13:14:02,,False,False,False,True,True,,False,,,,1811990651,,,,561.0,False,False,,,,,,,,,,,
mrx_otpservices,https://t.me/mrx_otpservices,563,2024-02-22 16:05:49,"🔥🔥🔥BIG DISCOUNT 🔥🔥🔥
YOU CAN NOW GET THE OTP BOT 🤖☎️SUBSCRIPTION FOR A DISCOUNTED PRICE✅

1MMONTH 90$❌ 45$✅



OFFER IS VALID FOR <DATE_TIME> ONLY 🔑

OWNER : https://t.me/mrx13121213",False,False,False,False,True,False,False,True,False,False,1811990651,,,,,,,,,21.0,0.0,"{'_': 'MessageReplies', 'replies': 0, 'replies_pts': 791579, 'comments': True, 'recent_repliers': [], 'channel_id': 1832090758, 'max_id': None, 'read_max_id': None}",2024-02-22T16:05:52+00:00,,,,[],
mrx_otpservices,https://t.me/mrx_otpservices,565,2024-02-27 21:54:54,#vouch,False,False,False,False,True,False,False,True,False,False,1811990651,,,,,,,5.978778438527468e+18,,193.0,0.0,"{'_': 'MessageReplies', 'replies': 0, 'replies_pts': 799538, 'comments': True, 'recent_repliers': [], 'channel_id': 1832090758, 'max_id': None, 'read_max_id': None}",2024-02-27T21:54:58+00:00,,1.3672567151732444e+16,,[],
mrx_otpservices,https://t.me/mrx_otpservices,566,2024-02-27 21:54:54,,False,False,False,False,True,False,False,True,False,False,1811990651,,,,,,,5.978778438527468e+18,,194.0,0.0,,2024-02-27T21:54:58+00:00,,1.3672567151732444e+16,,[],
mrx_otpservices,https://t.me/mrx_otpservices,567,2024-02-29 14:55:02,First time! I hit a centurion black card Amex! And added to Apple Pay!! You’re the best!!,False,False,False,False,True,False,False,True,False,False,1811990651,,"{'_': 'MessageFwdHeader', 'date': '2024-02-29T14:54:38+00:00', 'imported': False, 'saved_out': False, 'from_id': None, 'from_name': 'Top Vendor', 'channel_post': None, 'post_author': None, 'saved_from_peer': None, 'saved_from_msg_id': None, 'saved_from_id': None, 'saved_from_name': None, 'saved_date': None, 'psa_type': None}",,,,,5.981201732090315e+18,,189.0,0.0,"{'_': 'MessageReplies', 'replies': 0, 'replies_pts': 799538, 'comments': True, 'recent_repliers': [], 'channel_id': 1832090758, 'max_id': None, 'read_max_id': None}",2024-02-29T15:07:03+00:00,,,"{'_': 'MessageReactions', 'results': [{'_': 'ReactionCount', 'reaction': {'_': 'ReactionEmoji', 'emoticon': '❤'}, 'count': 1, 'chosen_order': None}], 'min': False, 'can_see_list': False, 'reactions_as_tags': False, 'recent_reactions': []}",[],
mrx_otpservices,https://t.me/mrx_otpservices,568,2024-02-29 15:41:18,"📲 @otpsspoof_bot- 𝙊𝙏𝙋 𝘽𝙊𝙏 v.3.0
🟢Operational | 📈 Uptime: 100%

⭐️Our 𝙊𝙏𝙋 𝘽𝙊𝙏 is packed with social engineering features that will blow your mind!
The latest version of our software just dropped like it's hot. 

MAJOR UPDATE: 

 1. ENHANCED PGP - ( This is PGP on steroids ): connect to active bot call and speak 🗣 directly as representative to the target 🎯. 


Currently LIVE: 
 1. MULTI CAPTURE PANEL - Capture OTP, PIN, SSN, MMN CVV... and any other info all in ONE call. (available in every subscription package. 

 2. MMN - Capture MMN of target 🎯. (Yes you read that well) The only bot that offers this unique and money making option in the market. 

 3. VOLUME - We increased and enhanced the volume (LOUD 🔊 AND CLEAR )

But hold onto your hats, because this is just the appetizer. We've got of even more functions coming your way shortly. You won't want to miss a byte! 🍽️👩‍💻

Stay tuned and let's ride this WAVE 🌊 together! 

Your kind feedback about bugs <PERSON> and suggestions is welcome.
http://t.me/mrx_otpservices",False,False,False,False,True,False,False,True,False,False,1811990651,,,,,,,5.98322410763595e+18,,219.0,11.0,"{'_': 'MessageReplies', 'replies': 0, 'replies_pts': 799538, 'comments': True, 'recent_repliers': [], 'channel_id': 1832090758, 'max_id': None, 'read_max_id': None}",2024-02-29T20:01:38+00:00,,,"{'_': 'MessageReactions', 'results': [{'_': 'ReactionCount', 'reaction': {'_': 'ReactionEmoji', 'emoticon': '🎉'}, 'count': 11, 'chosen_order': None}, {'_': 'ReactionCount', 'reaction': {'_': 'ReactionEmoji', 'emoticon': '👍'}, 'count': 7, 'chosen_order': None}, {'_': 'ReactionCount', 'reaction': {'_': 'ReactionEmoji', 'emoticon': '🔥'}, 'count': 4, 'chosen_order': None}], 'min': False, 'can_see_list': False, 'reactions_as_tags': False, 'recent_reactions': []}",[],
mrx_otpservices,https://t.me/mrx_otpservices,570,2024-02-29 19:42:16,"⚡️SPOOFER BOT IS ONLINE⚡️
YOU CAN NOW GET THE OTP BOT 🤖📞ALL   SUBSCRIPTION FOR             30% OFF ✅

1DAY 30$ ❌20$✅

1WEEK 100$ ❌70$✅

1MMONTH 300$❌200$✅

OFFER IS VALID FOR <DATE_TIME> ONLY 🔥


💎CHANNEL : https://t.me/mrx_otpservices

<NRP>BOT : https://t.me/otpsspoof_bot

💎OWNER : https://t.me/mrx13121213",False,False,False,False,True,False,False,True,False,False,1811990651,,"{'_': 'MessageFwdHeader', 'date': '2024-02-03T17:35:51+00:00', 'imported': False, 'saved_out': False, 'from_id': {'_': 'PeerChannel', 'channel_id': 1811990651}, 'from_name': None, 'channel_post': 556, 'post_author': None, 'saved_from_peer': None, 'saved_from_msg_id': None, 'saved_from_id': None, 'saved_from_name': None, 'saved_date': None, 'psa_type': None}",,,,,,,187.0,0.0,"{'_': 'MessageReplies', 'replies': 0, 'replies_pts': 799538, 'comments': True, 'recent_repliers': [], 'channel_id': 1832090758, 'max_id': None, 'read_max_id': None}",2024-02-29T19:42:19+00:00,,,,[],
mrx_otpservices,https://t.me/mrx_otpservices,571,2024-02-29 19:52:40,Had to call about 3 times but I got her!,False,False,False,False,True,False,False,True,False,False,1811990651,,"{'_': 'MessageFwdHeader', 'date': '2024-02-29T19:52:08+00:00', 'imported': False, 'saved_out': False, 'from_id': None, 'from_name': 'Ever™Bad', 'channel_post': None, 'post_author': None, 'saved_from_peer': None, 'saved_from_msg_id': None, 'saved_from_id': None, 'saved_from_name': None, 'saved_date': None, 'psa_type': None}",,,,,5.983070085813748e+18,,189.0,0.0,"{'_': 'MessageReplies', 'replies': 2, 'replies_pts': 799538, 'comments': True, 'recent_repliers': [{'_': 'PeerUser', 'user_id': 5452655416}, {'_': 'PeerUser', 'user_id': 6106734907}], 'channel_id': 1832090758, 'max_id': 767533, 'read_max_id': None}",2024-02-29T20:05:24+00:00,,,"{'_': 'MessageReactions', 'results': [{'_': 'ReactionCount', 'reaction': {'_': 'ReactionEmoji', 'emoticon': '👍'}, 'count': 1, 'chosen_order': None}], 'min': False, 'can_see_list': False, 'reactions_as_tags': False, 'recent_reactions': []}",[],
mrx_otpservices,https://t.me/mrx_otpservices,572,2024-03-01 12:44:16,#vouch,False,False,False,False,True,False,False,True,False,False,1811990651,,,,,,,5.985632768245219e+18,,184.0,0.0,"{'_': 'MessageReplies', 'replies': 0, 'replies_pts': 799538, 'comments': True, 'recent_repliers': [], 'channel_id': 1832090758, 'max_id': None, 'read_max_id': None}",2024-03-01T13:59:48+00:00,,1.3674376449524588e+16,"{'_': 'MessageReactions', 'results': [{'_': 'ReactionCount', 'reaction': {'_': 'ReactionEmoji', 'emoticon': '❤\u200d🔥'}, 'count': 1, 'chosen_order': None}], 'min': False, 'can_see_list': False, 'reactions_as_tags': False, 'recent_reactions': []}",[],
mrx_otpservices,https://t.me/mrx_otpservices,573,2024-03-01 12:44:16,,False,False,False,False,True,False,False,True,False,False,1811990651,,,,,,,5.985632768245219e+18,,184.0,0.0,,2024-03-01T12:44:20+00:00,,1.3674376449524588e+16,,[],
mrx_otpservices,https://t.me/mrx_otpservices,574,2024-03-01 12:45:00,,False,False,False,True,True,,False,,,,1811990651,,,,570.0,False,False,,,,,,,,,,,
mrx_otpservices,https://t.me/mrx_otpservices,575,2024-03-01 16:17:36,cheapest prices on tele @otpsspoof_bot,False,False,False,False,True,False,False,True,False,False,1811990651,,,,,,,5.985632768245219e+18,,184.0,0.0,"{'_': 'MessageReplies', 'replies': 0, 'replies_pts': 799538, 'comments': True, 'recent_repliers': [], 'channel_id': 1832090758, 'max_id': None, 'read_max_id': None}",2024-03-01T16:27:25+00:00,,,"{'_': 'MessageReactions', 'results': [{'_': 'ReactionCount', 'reaction': {'_': 'ReactionEmoji', 'emoticon': '🔥'}, 'count': 1, 'chosen_order': None}], 'min': False, 'can_see_list': False, 'reactions_as_tags': False, 'recent_reactions': []}",[],
mrx_otpservices,https://t.me/mrx_otpservices,578,2024-03-01 16:44:25,U are a goat,False,False,False,False,True,False,False,True,False,False,1811990651,,"{'_': 'MessageFwdHeader', 'date': '2024-03-01T16:29:37+00:00', 'imported': False, 'saved_out': False, 'from_id': None, 'from_name': 'Lucky', 'channel_post': None, 'post_author': None, 'saved_from_peer': None, 'saved_from_msg_id': None, 'saved_from_id': None, 'saved_from_name': None, 'saved_date': None, 'psa_type': None}",,,,,,,185.0,0.0,,2024-03-01T16:44:30+00:00,,,,[],
mrx_otpservices,https://t.me/mrx_otpservices,580,2024-03-01 20:06:34,OTP SPOOFER APPLE PAY!,False,False,False,False,True,False,False,True,False,False,1811990651,,,,,,,5.985425475943645e+18,,175.0,0.0,"{'_': 'MessageReplies', 'replies': 0, 'replies_pts': 799538, 'comments': True, 'recent_repliers': [], 'channel_id': 1832090758, 'max_id': None, 'read_max_id': None}",2024-03-01T21:12:10+00:00,,,"{'_': 'MessageReactions', 'results': [{'_': 'ReactionCount', 'reaction': {'_': 'ReactionEmoji', 'emoticon': '👍'}, 'count': 1, 'chosen_order': None}], 'min': False, 'can_see_list': False, 'reactions_as_tags': False, 'recent_reactions': []}",[],
mrx_otpservices,https://t.me/mrx_otpservices,581,2024-03-01 21:30:59,🤖 works,False,False,False,False,True,False,False,True,False,False,1811990651,,"{'_': 'MessageFwdHeader', 'date': '2024-03-01T21:14:22+00:00', 'imported': False, 'saved_out': False, 'from_id': None, 'from_name': 'MR Pulls', 'channel_post': None, 'post_author': None, 'saved_from_peer': None, 'saved_from_msg_id': None, 'saved_from_id': None, 'saved_from_name': None, 'saved_date': None, 'psa_type': None}",,,,,5.985412990473717e+18,,162.0,0.0,"{'_': 'MessageReplies', 'replies': 0, 'replies_pts': 799538, 'comments': True, 'recent_repliers': [], 'channel_id': 1832090758, 'max_id': None, 'read_max_id': None}",2024-03-01T21:32:15+00:00,,1.3674629275031796e+16,"{'_': 'MessageReactions', 'results': [{'_': 'ReactionCount', 'reaction': {'_': 'ReactionEmoji', 'emoticon': '🥰'}, 'count': 1, 'chosen_order': None}], 'min': False, 'can_see_list': False, 'reactions_as_tags': False, 'recent_reactions': []}",[],
mrx_otpservices,https://t.me/mrx_otpservices,582,2024-03-01 21:30:59,,False,False,False,False,True,False,False,True,False,False,1811990651,,"{'_': 'MessageFwdHeader', 'date': '2024-03-01T21:14:23+00:00', 'imported': False, 'saved_out': False, 'from_id': None, 'from_name': 'MR Pulls', 'channel_post': None, 'post_author': None, 'saved_from_peer': None, 'saved_from_msg_id': None, 'saved_from_id': None, 'saved_from_name': None, 'saved_date': None, 'psa_type': None}",,,,,5.985412990473717e+18,,162.0,0.0,,2024-03-01T21:31:03+00:00,,1.3674629275031796e+16,,[],
mrx_otpservices,https://t.me/mrx_otpservices,583,2024-03-01 23:02:15,#vouch,False,False,False,False,True,False,False,True,False,False,1811990651,,,,,,,,,118.0,1.0,"{'_': 'MessageReplies', 'replies': 1, 'replies_pts': 799538, 'comments': True, 'recent_repliers': [{'_': 'PeerUser', 'user_id': 6005354143}], 'channel_id': 1832090758, 'max_id': 769655, 'read_max_id': None}",2024-03-01T23:28:44+00:00,,,"{'_': 'MessageReactions', 'results': [{'_': 'ReactionCount', 'reaction': {'_': 'ReactionEmoji', 'emoticon': '👏'}, 'count': 1, 'chosen_order': None}, {'_': 'ReactionCount', 'reaction': {'_': 'ReactionEmoji', 'emoticon': '🕊'}, 'count': 1, 'chosen_order': None}], 'min': False, 'can_see_list': False, 'reactions_as_tags': False, 'recent_reactions': []}",[],
mrx_otpservices,https://t.me/mrx_otpservices,585,2024-03-03 00:09:55,"⚡️SPOOFER BOT IS ONLINE⚡️
YOU CAN NOW GET THE OTP BOT 🤖

1DAY 30$ 

1WEEK 100$ 

1MMONTH 300$



💎CHANNEL : https://t.me/mrx_otpservices

<NRP>BOT : https://t.me/otpsspoof_bot

💎OWNER : https://t.me/mrx13121213",False,False,False,False,True,False,False,True,True,False,1811990651,,,,,,,,,70.0,0.0,"{'_': 'MessageReplies', 'replies': 0, 'replies_pts': 801246, 'comments': True, 'recent_repliers': [], 'channel_id': 1832090758, 'max_id': None, 'read_max_id': None}",2024-03-03T00:09:58+00:00,,,,[],
mrx_otpservices,https://t.me/mrx_otpservices,586,2024-03-03 00:14:01,,False,False,False,True,True,,False,,,,1811990651,,,,585.0,False,False,,,,,,,,,,,
mrx_otpservices,https://t.me/mrx_otpservices,588,2024-03-03 22:52:55,,False,False,False,False,True,False,False,True,False,False,1811990651,,"{'_': 'MessageFwdHeader', 'date': '2024-03-03T22:52:13+00:00', 'imported': False, 'saved_out': False, 'from_id': None, 'from_name': '@TRAPPIN💲', 'channel_post': None, 'post_author': None, 'saved_from_peer': None, 'saved_from_msg_id': None, 'saved_from_id': None, 'saved_from_name': None, 'saved_date': None, 'psa_type': None}",,,,,5.992112873167504e+18,,1.0,0.0,"{'_': 'MessageReplies', 'replies': 0, 'replies_pts': 802692, 'comments': True, 'recent_repliers': [], 'channel_id': 1832090758, 'max_id': None, 'read_max_id': None}",2024-03-03T22:53:34+00:00,,,"{'_': 'MessageReactions', 'results': [{'_': 'ReactionCount', 'reaction': {'_': 'ReactionEmoji', 'emoticon': '❤'}, 'count': 1, 'chosen_order': None}], 'min': False, 'can_see_list': False, 'reactions_as_tags': False, 'recent_reactions': []}",[],
mrx_otpservices,https://t.me/mrx_otpservices,589,2024-03-03 22:53:14,First hit,False,False,False,False,True,False,False,True,False,False,1811990651,,"{'_': 'MessageFwdHeader', 'date': '2024-03-03T22:46:38+00:00', 'imported': False, 'saved_out': False, 'from_id': None, 'from_name': '@TRAPPIN💲', 'channel_post': None, 'post_author': None, 'saved_from_peer': None, 'saved_from_msg_id': None, 'saved_from_id': None, 'saved_from_name': None, 'saved_date': None, 'psa_type': None}",,,,,,,1.0,0.0,"{'_': 'MessageReplies', 'replies': 0, 'replies_pts': 802692, 'comments': True, 'recent_repliers': [], 'channel_id': 1832090758, 'max_id': None, 'read_max_id': None}",2024-03-03T22:53:17+00:00,,,,[],
mrx_otpservices,https://t.me/mrx_otpservices,590,2024-03-03 22:53:28,Bro I gotta vouch for this bot,False,False,False,False,True,False,False,True,False,False,1811990651,,"{'_': 'MessageFwdHeader', 'date': '2024-03-03T22:46:41+00:00', 'imported': False, 'saved_out': False, 'from_id': None, 'from_name': '@TRAPPIN💲', 'channel_post': None, 'post_author': None, 'saved_from_peer': None, 'saved_from_msg_id': None, 'saved_from_id': None, 'saved_from_name': None, 'saved_date': None, 'psa_type': None}",,,,,,,1.0,0.0,"{'_': 'MessageReplies', 'replies': 0, 'replies_pts': 802692, 'comments': True, 'recent_repliers': [], 'channel_id': 1832090758, 'max_id': None, 'read_max_id': None}",2024-03-03T22:53:31+00:00,,,,[],
mrx_otpservices,https://t.me/mrx_otpservices,592,2024-03-04 15:49:11,"📲 @otpsspoof_bot- 𝙊𝙏𝙋 𝘽𝙊𝙏 v.3.0
🟢Operational | 📈 Uptime: 100%

⭐️Our 𝙊𝙏𝙋 𝘽𝙊𝙏 is packed with social engineering features that will blow your mind!
The latest version of our software just dropped like it's hot. 

MAJOR UPDATE: 

 1. ENHANCED PGP - ( This is PGP on steroids ): connect to active bot call and speak 🗣 directly as representative to the target 🎯. 


Currently LIVE: 
 1. MULTI CAPTURE PANEL - Capture OTP, PIN, SSN, MMN CVV... and any other info all in ONE call. (available in every subscription package. 

 2. MMN - Capture MMN of target 🎯. (Yes you read that well) The only bot that offers this unique and money making option in the market. 

 3. VOLUME - We increased and enhanced the volume (LOUD 🔊 AND CLEAR )

But hold onto your hats, because this is just the appetizer. We've got of even more functions coming your way shortly. You won't want to miss a byte! 🍽️👩‍💻

Stay tuned and let's ride this WAVE 🌊 together! 

Your kind feedback about bugs <PERSON> and suggestions is welcome.
http://t.me/mrx_otpservices",False,False,False,False,True,False,False,False,False,False,1811990651,,,,,,,,,50.0,0.0,"{'_': 'MessageReplies', 'replies': 0, 'replies_pts': 803923, 'comments': True, 'recent_repliers': [], 'channel_id': 1832090758, 'max_id': None, 'read_max_id': None}",2024-03-04T15:51:03+00:00,,,"{'_': 'MessageReactions', 'results': [{'_': 'ReactionCount', 'reaction': {'_': 'ReactionEmoji', 'emoticon': '🔥'}, 'count': 8, 'chosen_order': None}, {'_': 'ReactionCount', 'reaction': {'_': 'ReactionEmoji', 'emoticon': '🎉'}, 'count': 6, 'chosen_order': None}, {'_': 'ReactionCount', 'reaction': {'_': 'ReactionEmoji', 'emoticon': '👏'}, 'count': 5, 'chosen_order': None}, {'_': 'ReactionCount', 'reaction': {'_': 'ReactionEmoji', 'emoticon': '🕊'}, 'count': 3, 'chosen_order': None}], 'min': False, 'can_see_list': False, 'reactions_as_tags': False, 'recent_reactions': []}",[],
mrx_otpservices,https://t.me/mrx_otpservices,594,2024-03-04 17:02:52,Been hitting nice from I activated <PERSON>,False,False,False,False,True,False,False,True,False,False,1811990651,,"{'_': 'MessageFwdHeader', 'date': '2024-03-04T16:15:21+00:00', 'imported': False, 'saved_out': False, 'from_id': None, 'from_name': 'Ghost', 'channel_post': None, 'post_author': None, 'saved_from_peer': None, 'saved_from_msg_id': None, 'saved_from_id': None, 'saved_from_name': None, 'saved_date': None, 'psa_type': None}",,,,,,,5.0,0.0,,2024-03-04T17:02:56+00:00,,,,[],
mrx_otpservices,https://t.me/mrx_otpservices,606,2024-03-05 11:10:40,"Sending $50 to everyone that joins link below 🔽

Join Here : https://t.me/+b6hZaC8XYFtkYzI5 

VOUCHERS : https://t.me/+GunmkCn_7KdiMDdh

TEXT @SANTANABXNK WHEN DONE !✅",False,False,False,False,True,False,False,True,False,False,1811990651,,"{'_': 'MessageFwdHeader', 'date': '2024-03-05T01:44:35+00:00', 'imported': False, 'saved_out': False, 'from_id': None, 'from_name': 'TANA (Vendor)', 'channel_post': None, 'post_author': None, 'saved_from_peer': None, 'saved_from_msg_id': None, 'saved_from_id': None, 'saved_from_name': None, 'saved_date': None, 'psa_type': None}",,,,,,,9.0,0.0,"{'_': 'MessageReplies', 'replies': 0, 'replies_pts': 805425, 'comments': True, 'recent_repliers': [], 'channel_id': 1832090758, 'max_id': None, 'read_max_id': None}",2024-03-05T11:11:00+00:00,,,"{'_': 'MessageReactions', 'results': [{'_': 'ReactionCount', 'reaction': {'_': 'ReactionEmoji', 'emoticon': '👍'}, 'count': 1, 'chosen_order': None}, {'_': 'ReactionCount', 'reaction': {'_': 'ReactionEmoji', 'emoticon': '❤'}, 'count': 1, 'chosen_order': None}, {'_': 'ReactionCount', 'reaction': {'_': 'ReactionEmoji', 'emoticon': '🔥'}, 'count': 1, 'chosen_order': None}], 'min': False, 'can_see_list': False, 'reactions_as_tags': False, 'recent_reactions': []}",[],
mrx_otpservices,https://t.me/mrx_otpservices,607,2024-03-05 11:15:00,"promo @PlugCC1

Https://weblogs.cc/
-2024 Updated Tutorials
-Clone cards
-Regular dumps
-Dump with Pins/Zip
-All kind of available Methods/Sauces
-Bank logs
-Fullz with DL&SSN",False,False,False,False,True,False,False,True,False,False,1811990651,,"{'_': 'MessageFwdHeader', 'date': '2024-01-24T13:14:36+00:00', 'imported': False, 'saved_out': False, 'from_id': None, 'from_name': 'Jack mn', 'channel_post': None, 'post_author': None, 'saved_from_peer': None, 'saved_from_msg_id': None, 'saved_from_id': None, 'saved_from_name': None, 'saved_date': None, 'psa_type': None}",,,,,,,7.0,0.0,"{'_': 'MessageReplies', 'replies': 0, 'replies_pts': 805425, 'comments': True, 'recent_repliers': [], 'channel_id': 1832090758, 'max_id': None, 'read_max_id': None}",2024-03-05T11:18:36+00:00,,,"{'_': 'MessageReactions', 'results': [{'_': 'ReactionCount', 'reaction': {'_': 'ReactionEmoji', 'emoticon': '👍'}, 'count': 2, 'chosen_order': None}], 'min': False, 'can_see_list': False, 'reactions_as_tags': False, 'recent_reactions': []}",[],
mrx_otpservices,https://t.me/mrx_otpservices,611,2024-03-05 17:15:17,"LINKABLE DEBITS💳

$890.00 for $8✅
$1,276.99 for $10✅
$1,986.00 for $15 ✅
$2,488.26 for $20✅
$3,000.81 for $25✅
$4,486.72 for $30✅
$5,448.99 for $55✅
$6,600.42 for $60✅
$8,900.47 for $75✅
$10,677.18 for $100✅

OR I CAN CASHOUT AND SEND THE MONEY DIRECTLY TO YOUR CASHAPP
Tapn @sourceEmpire

https://t.me/+UvrNFcz1qEQwOTlk",False,False,False,False,True,False,False,True,False,False,1811990651,,"{'_': 'MessageFwdHeader', 'date': '2024-03-04T22:31:22+00:00', 'imported': False, 'saved_out': False, 'from_id': None, 'from_name': 'Linkables City 💯', 'channel_post': None, 'post_author': None, 'saved_from_peer': None, 'saved_from_msg_id': None, 'saved_from_id': None, 'saved_from_name': None, 'saved_date': None, 'psa_type': None}",,,,,,,26.0,0.0,"{'_': 'MessageReplies', 'replies': 0, 'replies_pts': 805935, 'comments': True, 'recent_repliers': [], 'channel_id': 1832090758, 'max_id': None, 'read_max_id': None}",2024-03-05T17:15:20+00:00,,,,[],
mrx_otpservices,https://t.me/mrx_otpservices,613,2024-03-06 01:20:25,,False,False,False,False,True,False,False,True,False,False,1811990651,,,,,,,,,4.0,0.0,"{'_': 'MessageReplies', 'replies': 0, 'replies_pts': 806433, 'comments': True, 'recent_repliers': [], 'channel_id': 1832090758, 'max_id': None, 'read_max_id': None}",2024-03-06T01:20:29+00:00,,1.367750420163654e+16,,[],
mrx_otpservices,https://t.me/mrx_otpservices,614,2024-03-06 01:20:25,,False,False,False,False,True,False,False,True,False,False,1811990651,,,,,,,,,4.0,0.0,,2024-03-06T01:20:29+00:00,,1.367750420163654e+16,,[],
mrx_otpservices,https://t.me/mrx_otpservices,615,2024-03-06 01:21:04,,False,False,False,False,True,False,False,True,False,False,1811990651,,,,,,,5.996569137960306e+18,,4.0,0.0,"{'_': 'MessageReplies', 'replies': 0, 'replies_pts': 806433, 'comments': True, 'recent_repliers': [], 'channel_id': 1832090758, 'max_id': None, 'read_max_id': None}",2024-03-06T01:23:16+00:00,,1.367750451880802e+16,"{'_': 'MessageReactions', 'results': [{'_': 'ReactionCount', 'reaction': {'_': 'ReactionEmoji', 'emoticon': '👏'}, 'count': 1, 'chosen_order': None}], 'min': False, 'can_see_list': False, 'reactions_as_tags': False, 'recent_reactions': []}",[],
mrx_otpservices,https://t.me/mrx_otpservices,616,2024-03-06 01:21:05,,False,False,False,False,True,False,False,True,False,False,1811990651,,,,,,,5.996569137960306e+18,,4.0,0.0,,2024-03-06T01:21:08+00:00,,1.367750451880802e+16,,[],
mrx_otpservices,https://t.me/mrx_otpservices,617,2024-03-06 01:21:05,,False,False,False,False,True,False,False,True,False,False,1811990651,,,,,,,5.996569137960306e+18,,4.0,0.0,,2024-03-06T01:21:08+00:00,,1.367750451880802e+16,,[],
mrx_otpservices,https://t.me/mrx_otpservices,619,2024-03-06 01:39:50,,False,False,False,True,True,,False,,,,1811990651,,,,618.0,False,False,,,,,,,,,,,
mrx_otpservices,https://t.me/mrx_otpservices,622,2024-03-06 15:12:31,Pfp,False,False,False,False,True,False,False,True,False,False,1811990651,,,,,,,,,6.0,0.0,"{'_': 'MessageReplies', 'replies': 0, 'replies_pts': 807461, 'comments': True, 'recent_repliers': [], 'channel_id': 1832090758, 'max_id': None, 'read_max_id': None}",2024-03-06T15:12:34+00:00,,,,[],
mrx_otpservices,https://t.me/mrx_otpservices,623,2024-03-06 15:12:46,"Card Number: <CREDIT_CARD>
Expiry Date:<DATE_TIME>
CCV: CLICK HERE
Type: MASTERCARD
Debit/Credit: DEBIT
Subtype: N/A
Cardholder Name: KRZYSZTOF MAZUREK
Country Code: US
State: N/A
City: Glasgow
ZIP: G333J
Address: G33 3JD 25 Soutra PLace
Phone: +44753331515
E-Mail:

https://t.me/motionteambtc",False,False,False,False,True,False,False,True,False,False,1811990651,,"{'_': 'MessageFwdHeader', 'date': '2024-03-06T14:50:39+00:00', 'imported': False, 'saved_out': False, 'from_id': None, 'from_name': 'swiper', 'channel_post': None, 'post_author': None, 'saved_from_peer': None, 'saved_from_msg_id': None, 'saved_from_id': None, 'saved_from_name': None, 'saved_date': None, 'psa_type': None}",,,,,,,6.0,0.0,"{'_': 'MessageReplies', 'replies': 0, 'replies_pts': 807461, 'comments': True, 'recent_repliers': [], 'channel_id': 1832090758, 'max_id': None, 'read_max_id': None}",2024-03-06T15:12:50+00:00,,,,[],
mrx_otpservices,https://t.me/mrx_otpservices,624,2024-03-06 15:14:34,Pfp,False,False,False,False,True,False,False,True,False,False,1811990651,,,,,,,,,5.0,0.0,"{'_': 'MessageReplies', 'replies': 0, 'replies_pts': 807461, 'comments': True, 'recent_repliers': [], 'channel_id': 1832090758, 'max_id': None, 'read_max_id': None}",2024-03-06T15:14:37+00:00,,,,[],
mrx_otpservices,https://t.me/mrx_otpservices,625,2024-03-06 15:14:50,"https://t.me/+EXFRNCliOVBlZGFk
Promo @leocashh 
$200 free for first 10 to join",False,False,False,False,True,False,False,True,False,False,1811990651,,"{'_': 'MessageFwdHeader', 'date': '2024-03-06T14:48:49+00:00', 'imported': False, 'saved_out': False, 'from_id': None, 'from_name': 'Leon Cash', 'channel_post': None, 'post_author': None, 'saved_from_peer': None, 'saved_from_msg_id': None, 'saved_from_id': None, 'saved_from_name': None, 'saved_date': None, 'psa_type': None}",,,,,,,5.0,0.0,"{'_': 'MessageReplies', 'replies': 0, 'replies_pts': 807461, 'comments': True, 'recent_repliers': [], 'channel_id': 1832090758, 'max_id': None, 'read_max_id': None}",2024-03-06T15:14:54+00:00,,,,[],
mrx_otpservices,https://t.me/mrx_otpservices,627,2024-03-06 19:53:05,Pfp?,False,False,False,False,True,False,False,True,False,False,1811990651,,"{'_': 'MessageFwdHeader', 'date': '2024-03-06T19:45:00+00:00', 'imported': False, 'saved_out': False, 'from_id': None, 'from_name': 'SOJA(vendor)', 'channel_post': None, 'post_author': None, 'saved_from_peer': None, 'saved_from_msg_id': None, 'saved_from_id': None, 'saved_from_name': None, 'saved_date': None, 'psa_type': None}",,,,,,,3.0,0.0,"{'_': 'MessageReplies', 'replies': 0, 'replies_pts': 807819, 'comments': True, 'recent_repliers': [], 'channel_id': 1832090758, 'max_id': None, 'read_max_id': None}",2024-03-06T19:53:09+00:00,,,,[],
mrx_otpservices,https://t.me/mrx_otpservices,628,2024-03-06 19:53:05,"SENDING $50 TO EVERYONE WHO JOIN THE LINK BELOW✅

CLICK BELOW TO JOIN🔽

MAIN https://t.me/SOJABANKKK

VOUCHERS https://t.me/SOJABANKKV

PM <PERSON>WHEN DONE",False,False,False,False,True,False,False,True,False,False,1811990651,,"{'_': 'MessageFwdHeader', 'date': '2024-03-06T19:45:00+00:00', 'imported': False, 'saved_out': False, 'from_id': None, 'from_name': 'SOJA(vendor)', 'channel_post': None, 'post_author': None, 'saved_from_peer': None, 'saved_from_msg_id': None, 'saved_from_id': None, 'saved_from_name': None, 'saved_date': None, 'psa_type': None}",,,,,,,4.0,0.0,,2024-03-06T19:53:09+00:00,,,,[],
mrx_otpservices,https://t.me/mrx_otpservices,629,2024-03-06 19:54:17,https://t.me/+hzlqP8j6LQs4YzFk,False,False,False,False,True,False,False,True,False,False,1811990651,,"{'_': 'MessageFwdHeader', 'date': '2024-03-06T16:54:29+00:00', 'imported': False, 'saved_out': False, 'from_id': None, 'from_name': 'WHÎTÊ~HAT~HÛB', 'channel_post': None, 'post_author': None, 'saved_from_peer': None, 'saved_from_msg_id': None, 'saved_from_id': None, 'saved_from_name': None, 'saved_date': None, 'psa_type': None}",,,,,,,2.0,0.0,"{'_': 'MessageReplies', 'replies': 0, 'replies_pts': 807819, 'comments': True, 'recent_repliers': [], 'channel_id': 1832090758, 'max_id': None, 'read_max_id': None}",2024-03-06T19:54:20+00:00,,,,[],
mrx_otpservices,https://t.me/mrx_otpservices,638,2024-03-13 17:02:32,#vouch,False,False,False,False,True,False,False,True,False,False,1811990651,,,,,,,,,41.0,0.0,"{'_': 'MessageReplies', 'replies': 0, 'replies_pts': 818058, 'comments': True, 'recent_repliers': [], 'channel_id': 1832090758, 'max_id': None, 'read_max_id': None}",2024-03-13T17:02:35+00:00,,,,[],
mrx_otpservices,https://t.me/mrx_otpservices,639,2024-03-13 17:03:15,,False,False,False,False,True,False,False,True,False,False,1811990651,,,,,,,6.019388264844214e+18,,41.0,0.0,"{'_': 'MessageReplies', 'replies': 0, 'replies_pts': 818058, 'comments': True, 'recent_repliers': [], 'channel_id': 1832090758, 'max_id': None, 'read_max_id': None}",2024-03-13T17:03:18+00:00,,,,[],
mrx_otpservices,https://t.me/mrx_otpservices,642,2024-03-16 13:00:14,Just hit this log🔥🔥,False,False,False,False,True,False,False,True,False,False,1811990651,,,,,,,6.026198322039079e+18,,44.0,0.0,"{'_': 'MessageReplies', 'replies': 0, 'replies_pts': 822294, 'comments': True, 'recent_repliers': [], 'channel_id': 1832090758, 'max_id': None, 'read_max_id': None}",2024-03-16T13:01:16+00:00,,,"{'_': 'MessageReactions', 'results': [{'_': 'ReactionCount', 'reaction': {'_': 'ReactionEmoji', 'emoticon': '👏'}, 'count': 1, 'chosen_order': None}], 'min': False, 'can_see_list': False, 'reactions_as_tags': False, 'recent_reactions': []}",[],
mrx_otpservices,https://t.me/mrx_otpservices,643,2024-03-16 13:00:27,#vouch,False,False,False,False,True,False,False,True,False,False,1811990651,,,,,,,,,44.0,0.0,"{'_': 'MessageReplies', 'replies': 0, 'replies_pts': 822294, 'comments': True, 'recent_repliers': [], 'channel_id': 1832090758, 'max_id': None, 'read_max_id': None}",2024-03-16T13:00:30+00:00,,,,[],
mrx_otpservices,https://t.me/mrx_otpservices,645,2024-03-16 22:23:03,All good my brother bot is fire,False,False,False,False,True,False,False,True,False,False,1811990651,,"{'_': 'MessageFwdHeader', 'date': '2024-03-16T22:22:20+00:00', 'imported': False, 'saved_out': False, 'from_id': None, 'from_name': 'cloud 9 krew🌬️', 'channel_post': None, 'post_author': None, 'saved_from_peer': None, 'saved_from_msg_id': None, 'saved_from_id': None, 'saved_from_name': None, 'saved_date': None, 'psa_type': None}",,,,,6.030465548141314e+18,,41.0,0.0,"{'_': 'MessageReplies', 'replies': 0, 'replies_pts': 822901, 'comments': True, 'recent_repliers': [], 'channel_id': 1832090758, 'max_id': None, 'read_max_id': None}",2024-03-16T22:23:09+00:00,,,"{'_': 'MessageReactions', 'results': [{'_': 'ReactionCount', 'reaction': {'_': 'ReactionEmoji', 'emoticon': '👏'}, 'count': 1, 'chosen_order': None}], 'min': False, 'can_see_list': False, 'reactions_as_tags': False, 'recent_reactions': []}",[],
mrx_otpservices,https://t.me/mrx_otpservices,647,2024-03-18 22:43:05,"OTP SPOOFER 📱 V3.0🤖:- @otpsspoof_bot
🌟🌟🌟🌟🌟🌟🌟🌟🌟🌟

𝔽ℝ𝔼𝔼 🆓 𝔻𝔼𝕄𝕆 ℂ𝔸𝕃𝕃 ☎️ !!! 

All COUNTRIES  AVAILABLE 

𝕍𝔸ℝ𝕀𝕆𝕌𝕊 ℙ𝔸ℂ𝕂𝔸𝔾𝔼𝕊 📦:-

📡Accept✅ Reject❌ buttons 
<PERSON> up call button
📡Call recording 🔉
📡Hold music on call<PERSON>SMS📲 the victim DUALPHISH
📡Custom script 
<PERSON>Various languages

𝕆𝕧𝕖𝕣 𝟙𝟝𝟘 <PERSON>:-

𝔹𝔸𝕊𝕀ℂ ℙ𝔸ℂ𝕂𝔸𝔾𝔼 📦:- 🇺🇸 𝔸ℕ𝔻 <DATE_TIME>🇦

💲 <DATE_TIME> :- $30
💲 <DATE_TIME> :- $70
💲 1 WEEK :- $100
💲 <DATE_TIME> :- $180
💲 1 MONTH :- $350
💲 3 MONTHS :- $800
💲 1 YEAR :- $1750
💲 LIFETIME :-$2500

💲<DATE_TIME> : 50$ SPAMMERS KEY
FOR VENMO / AMAZON / PAYPAL ETC. BULK CALLING ABOVE 150 CALLS DAILY. WILL BAN AND DELETE KEY IF ABUSE DETECTED BY SYSTEM.
💯💯💯💯💯💯💯💯💯💯

👑 OWNER : @mrx13121213

⚠️𝕀 ℕ𝔼𝕍𝔼ℝ 𝔻𝕄 𝔽𝕀ℝ𝕊𝕋❌. 𝔸ℕ𝕐𝕆ℕ𝔼 𝔻𝕄 𝕐𝕆𝕌 𝔽𝕀ℝ𝕊𝕋 𝕀𝕊 𝔸 ℝ𝕀ℙℙ𝔼ℝ 𝟙𝟘𝟘%❗️❗️❗️⚠️

🛒 𝔹𝕌𝕐 𝕐𝕆𝕌ℝ 𝕂𝔼𝕐 🔑 : -
 @otpsspoof_bot

https://t.me/mrx_otpservices",False,False,False,False,True,False,False,True,False,False,1811990651,,,,,,,,,41.0,0.0,"{'_': 'MessageReplies', 'replies': 0, 'replies_pts': 825904, 'comments': True, 'recent_repliers': [], 'channel_id': 1832090758, 'max_id': None, 'read_max_id': None}",2024-03-18T22:43:08+00:00,,,,[],
mrx_otpservices,https://t.me/mrx_otpservices,649,2024-03-20 12:07:05,Yo shit goated ⛹🏽‍♂️,False,False,False,False,True,False,False,True,False,False,1811990651,,"{'_': 'MessageFwdHeader', 'date': '2024-03-20T12:06:16+00:00', 'imported': False, 'saved_out': False, 'from_id': None, 'from_name': 'Peegooti🦅', 'channel_post': None, 'post_author': None, 'saved_from_peer': None, 'saved_from_msg_id': None, 'saved_from_id': None, 'saved_from_name': None, 'saved_date': None, 'psa_type': None}",,,,,,,46.0,0.0,"{'_': 'MessageReplies', 'replies': 0, 'replies_pts': 828184, 'comments': True, 'recent_repliers': [], 'channel_id': 1832090758, 'max_id': None, 'read_max_id': None}",2024-03-20T12:07:08+00:00,,,,[],
mrx_otpservices,https://t.me/mrx_otpservices,651,2024-03-22 02:32:34,"🟢 ALWAYS UP... 

100% Worldwide (ALL COUNTRIES) Destination Calling. 
Free 🆓 demo test! 

PGP MODE📞.... 
MULTI PANEL... 
MMN CAPTURE🧑‍🦳... 
MULTI CAPTURE... 
ACCEPT 🟢/ REJECT❌... 
HOLD MUSIC 🎶...

Starting from $30 <DATE_TIME> packages for the USA 🇺🇸 and Canada <DATE_TIME>🇦 , different prices for other countries.

Accepted payments 💰: 
Cash App
Crypto 

@otpsspoof_bot


OWNER/SUPPORT 👉 : @mrx13121213",False,False,False,False,True,False,False,True,False,False,1811990651,,,,,,,,,41.0,0.0,"{'_': 'MessageReplies', 'replies': 0, 'replies_pts': 830242, 'comments': True, 'recent_repliers': [], 'channel_id': 1832090758, 'max_id': None, 'read_max_id': None}",2024-03-22T02:32:50+00:00,,,"{'_': 'MessageReactions', 'results': [{'_': 'ReactionCount', 'reaction': {'_': 'ReactionEmoji', 'emoticon': '🔥'}, 'count': 1, 'chosen_order': None}], 'min': False, 'can_see_list': False, 'reactions_as_tags': False, 'recent_reactions': []}",[],
mrx_otpservices,https://t.me/mrx_otpservices,654,2024-03-23 10:45:08,#vouch,False,False,False,False,True,False,False,True,False,False,1811990651,,,,,,,,,2.0,0.0,"{'_': 'MessageReplies', 'replies': 0, 'replies_pts': 832429, 'comments': True, 'recent_repliers': [], 'channel_id': 1832090758, 'max_id': None, 'read_max_id': None}",2024-03-23T10:45:11+00:00,,,,[],
mrx_otpservices,https://t.me/mrx_otpservices,656,2024-03-23 10:45:36,Just hit a log🔥🔥,False,False,False,False,True,False,False,True,False,False,1811990651,,"{'_': 'MessageFwdHeader', 'date': '2024-03-23T10:44:20+00:00', 'imported': False, 'saved_out': False, 'from_id': None, 'from_name': 'BOSS GUN CASH', 'channel_post': None, 'post_author': None, 'saved_from_peer': None, 'saved_from_msg_id': None, 'saved_from_id': None, 'saved_from_name': None, 'saved_date': None, 'psa_type': None}",,,,,,,41.0,0.0,,2024-03-23T10:45:40+00:00,,,,[],
mrx_otpservices,https://t.me/mrx_otpservices,658,2024-03-24 14:05:26,"⚡️SPOOFER BOT IS ONLINE⚡️
YOU CAN NOW GET THE OTP BOT 🤖📞ALL   SUBSCRIPTION FOR             30% OFF ✅

1DAY 30$ ❌20$✅

1WEEK 100$ ❌70$✅

1MMONTH 300$❌200$✅

OFFER IS VALID FOR <DATE_TIME> ONLY 🔥


💎CHANNEL : https://t.me/mrx_otpservices

<NRP>BOT : https://t.me/otpsspoof_bot

💎OWNER : https://t.me/mrx13121213",False,False,False,False,True,False,False,False,False,False,1811990651,,,,,,,,,1.0,0.0,"{'_': 'MessageReplies', 'replies': 0, 'replies_pts': 0, 'comments': True, 'recent_repliers': [], 'channel_id': 1832090758, 'max_id': None, 'read_max_id': None}",,,,,[],
mrx_otpservices,https://t.me/mrx_otpservices,660,2024-03-25 00:13:53,#vouch,False,False,False,False,True,False,False,True,False,False,1811990651,,,,,,,5.767287690457368e+18,,41.0,0.0,"{'_': 'MessageReplies', 'replies': 0, 'replies_pts': 833443, 'comments': True, 'recent_repliers': [], 'channel_id': 1832090758, 'max_id': None, 'read_max_id': None}",2024-03-25T00:14:26+00:00,,,"{'_': 'MessageReactions', 'results': [{'_': 'ReactionCount', 'reaction': {'_': 'ReactionEmoji', 'emoticon': '🔥'}, 'count': 1, 'chosen_order': None}], 'min': False, 'can_see_list': False, 'reactions_as_tags': False, 'recent_reactions': []}",[],
mrx_otpservices,https://t.me/mrx_otpservices,662,2024-03-26 22:12:51,"🛠️ FIRST TIME BOT USAGE 🛠️
 
ALWAYS try bot on yourself first to gain a understanding of how bot works. 
IF YOU DON’T YOU WILL NOT UNDERSTAND HOW THE BOT WORKS!!!!
Follow these easy guide to make a quick bag 👜 and bypass 2FA accounts BEST RESULTS IN DAYTIME CALLS………
Open 🤖 @otpsspoof_bot
 
For payment contact @mrx13121213


 1️⃣. Press or type /start to activate the bot 🤖
 2️⃣. Redeem your activation key 🔑
Sample : 
/redeem OTPV3-HDOMOJ-38541-1
 3️⃣. Enter the command like this : 
/call <DATE_TIME> <PHONE_NUMBER> Chase-Bank JohnSmith 6
 4️⃣. Enter the spoof caller ID.  (Here you can use any number you prefer .
 5️⃣. SEND CODE BEFORE USING BOT TO CALL or WHEN BOT TELLS YOU TO (DO IT IN A SEQUENCE)
 6️⃣. If you get stuck try the bot on yourself before contacting support.

https://t.me/mrx_otpservices",False,False,False,False,True,False,False,True,False,False,1811990651,,,,,,,,,45.0,0.0,"{'_': 'MessageReplies', 'replies': 0, 'replies_pts': 835110, 'comments': True, 'recent_repliers': [], 'channel_id': 1832090758, 'max_id': None, 'read_max_id': None}",2024-03-26T22:20:42+00:00,,,"{'_': 'MessageReactions', 'results': [{'_': 'ReactionCount', 'reaction': {'_': 'ReactionEmoji', 'emoticon': '👍'}, 'count': 1, 'chosen_order': None}], 'min': False, 'can_see_list': False, 'reactions_as_tags': False, 'recent_reactions': []}",[],
mrx_otpservices,https://t.me/mrx_otpservices,664,2024-04-02 15:01:44,"🟢 ALWAYS UP... 

100% Worldwide (ALL COUNTRIES) Destination Calling. 
Free 🆓 demo test! 

PGP MODE📞.... 
MULTI PANEL... 
MMN CAPTURE🧑‍🦳... 
MULTI CAPTURE... 
ACCEPT 🟢/ REJECT❌... 
HOLD MUSIC 🎶...

Starting from $30 <DATE_TIME> packages for the USA 🇺🇸 and Canada <DATE_TIME>🇦 , different prices for other countries.

Accepted payments 💰: 
Cash App
Crypto 

@otpsspoof_bot


OWNER/SUPPORT 👉 : @mrx13121213",False,False,False,False,True,False,False,True,False,False,1811990651,,,,,,,,,22.0,0.0,"{'_': 'MessageReplies', 'replies': 0, 'replies_pts': 845735, 'comments': True, 'recent_repliers': [], 'channel_id': 1832090758, 'max_id': None, 'read_max_id': None}",2024-04-02T15:03:57+00:00,,,"{'_': 'MessageReactions', 'results': [{'_': 'ReactionCount', 'reaction': {'_': 'ReactionEmoji', 'emoticon': '👏'}, 'count': 6, 'chosen_order': None}, {'_': 'ReactionCount', 'reaction': {'_': 'ReactionEmoji', 'emoticon': '🎉'}, 'count': 5, 'chosen_order': None}, {'_': 'ReactionCount', 'reaction': {'_': 'ReactionEmoji', 'emoticon': '🔥'}, 'count': 4, 'chosen_order': None}], 'min': False, 'can_see_list': False, 'reactions_as_tags': False, 'recent_reactions': []}",[],
mrx_otpservices,https://t.me/mrx_otpservices,665,2024-04-02 15:23:34,,False,False,False,False,True,False,False,True,False,False,1811990651,,"{'_': 'MessageFwdHeader', 'date': '2024-04-02T15:21:00+00:00', 'imported': False, 'saved_out': False, 'from_id': None, 'from_name': 'Ever™Bad', 'channel_post': None, 'post_author': None, 'saved_from_peer': None, 'saved_from_msg_id': None, 'saved_from_id': None, 'saved_from_name': None, 'saved_date': None, 'psa_type': None}",,,,,5.791796633569182e+18,,8.0,0.0,"{'_': 'MessageReplies', 'replies': 0, 'replies_pts': 845735, 'comments': True, 'recent_repliers': [], 'channel_id': 1832090758, 'max_id': None, 'read_max_id': None}",2024-04-02T15:23:38+00:00,,,,[],
mrx_otpservices,https://t.me/mrx_otpservices,666,2024-04-02 15:23:34,Did this payment the bot🙏🙏,False,False,False,False,True,False,False,True,False,False,1811990651,,"{'_': 'MessageFwdHeader', 'date': '2024-04-02T15:21:42+00:00', 'imported': False, 'saved_out': False, 'from_id': None, 'from_name': 'Ever™Bad', 'channel_post': None, 'post_author': None, 'saved_from_peer': None, 'saved_from_msg_id': None, 'saved_from_id': None, 'saved_from_name': None, 'saved_date': None, 'psa_type': None}",,,,,,,8.0,0.0,,2024-04-02T15:23:38+00:00,,,,[],
