Channel ID,URL,Post ID,date,message,out,mentioned,media_unread,silent,post,from_scheduled,legacy,edit_hide,pinned,noforwards,peer_channel,from_id_user,fwd_from,via_bot_id,reply_to_msg_id,reply_to_scheduled,forum_topic,media_photo_id,reply_markup,views,forwards,replies,edit_date,post_author,grouped_id,reactions,restriction_reason,ttl_period
adsbinfree,https://t.me/adsbinfree,712,2024-01-02 10:07:57,Alhamdulillah payments receive. Onek prottashar pore... <PERSON> a achi amar choke Alsar hoyegeche. <PERSON> live ashote let hocce... <PERSON> susto hoye utlei class rakhbo.... <PERSON> online teke... Kew kawke shohoje payment <PERSON>. <PERSON> mon na diya skills development koro <PERSON> Per year 80$k +  dollar  kamate parben.... <PERSON> holei akta class rakhbo.... ❤️❤️❤️❤️,False,False,False,False,True,False,False,False,False,False,1621110337,,,,,,,6.097973771085397e+18,,2990.0,3.0,,2024-01-02T10:08:34+00:00,,,"{'_': 'MessageReactions', 'results': [{'_': 'ReactionCount', 'reaction': {'_': 'ReactionEmoji', 'emoticon': '❤'}, 'count': 9, 'chosen_order': None}], 'min': False, 'can_see_list': False, 'reactions_as_tags': False, 'recent_reactions': []}",[],
adsbinfree,https://t.me/adsbinfree,713,2024-01-02 10:12:33,,False,False,False,False,True,False,False,False,False,False,1621110337,,,,,,,,,1801.0,0.0,,,,,,[],
adsbinfree,https://t.me/adsbinfree,714,2024-01-02 10:25:10,Facebook a bung bang video er income.... Hold dekhacce kintu payment kore dice..❤️❤️❤️❤️,False,False,False,False,True,False,False,True,False,False,1621110337,,,,,,,6.097973771085397e+18,,3425.0,2.0,,2024-01-02T10:25:38+00:00,,,"{'_': 'MessageReactions', 'results': [{'_': 'ReactionCount', 'reaction': {'_': 'ReactionEmoji', 'emoticon': '❤'}, 'count': 4, 'chosen_order': None}, {'_': 'ReactionCount', 'reaction': {'_': 'ReactionEmoji', 'emoticon': '👍'}, 'count': 1, 'chosen_order': None}], 'min': False, 'can_see_list': False, 'reactions_as_tags': False, 'recent_reactions': []}",[],
adsbinfree,https://t.me/adsbinfree,715,2024-01-02 13:01:03,Am ready for go in India..... <PERSON>,False,False,False,False,True,False,False,True,False,False,1621110337,,,,,,,6.097973771085397e+18,,1943.0,1.0,,2024-01-02T13:01:44+00:00,,,"{'_': 'MessageReactions', 'results': [{'_': 'ReactionCount', 'reaction': {'_': 'ReactionEmoji', 'emoticon': '❤'}, 'count': 2, 'chosen_order': None}], 'min': False, 'can_see_list': False, 'reactions_as_tags': False, 'recent_reactions': []}",[],
adsbinfree,https://t.me/adsbinfree,716,2024-01-12 16:40:30,"Hello Trick Ads Agency Subscriber/members <DATE_TIME>, we start our private channel continue Inshallah.Right now amex is fire ,so no tension. we continue our class and regular update bin.old member ready for amex kop,,,,and interested person knock my whats apps",False,False,False,False,True,False,False,False,False,False,1621110337,,,,,,,,,1602.0,2.0,,2024-01-16T14:38:40+00:00,,,"{'_': 'MessageReactions', 'results': [{'_': 'ReactionCount', 'reaction': {'_': 'ReactionEmoji', 'emoticon': '❤'}, 'count': 4, 'chosen_order': None}, {'_': 'ReactionCount', 'reaction': {'_': 'ReactionEmoji', 'emoticon': '🥰'}, 'count': 1, 'chosen_order': None}], 'min': False, 'can_see_list': False, 'reactions_as_tags': False, 'recent_reactions': []}",[],
adsbinfree,https://t.me/adsbinfree,717,2024-01-19 04:18:13,"Dear students am come back ageing online. My eyes rights now some good conditions. Our live support class Start <DATE_TIME>. thanks for waiting long time. 
My telegram: @fbadspro11",False,False,False,False,True,False,False,True,False,False,1621110337,,,,,,,,,2517.0,3.0,,2024-01-19T04:18:32+00:00,,,"{'_': 'MessageReactions', 'results': [{'_': 'ReactionCount', 'reaction': {'_': 'ReactionEmoji', 'emoticon': '❤'}, 'count': 4, 'chosen_order': None}], 'min': False, 'can_see_list': False, 'reactions_as_tags': False, 'recent_reactions': []}",[],
adsbinfree,https://t.me/adsbinfree,718,2024-01-22 07:05:15,VISA WITH LOL... @fbadspro11,False,False,False,False,True,False,False,True,False,False,1621110337,,,,,,,6.156468665856408e+18,,1235.0,2.0,,2024-01-22T07:05:24+00:00,,,"{'_': 'MessageReactions', 'results': [{'_': 'ReactionCount', 'reaction': {'_': 'ReactionEmoji', 'emoticon': '❤'}, 'count': 4, 'chosen_order': None}], 'min': False, 'can_see_list': False, 'reactions_as_tags': False, 'recent_reactions': []}",[],
adsbinfree,https://t.me/adsbinfree,719,2024-01-24 02:38:36,https://t.me/fecebookadsbuysell,False,False,False,False,True,False,False,False,False,False,1621110337,,,,,,,,,1154.0,0.0,,,,,,[],
adsbinfree,https://t.me/adsbinfree,720,2024-01-24 06:08:22,<PERSON> card a mal pailam......<PERSON>,False,False,False,False,True,False,False,True,False,False,1621110337,,,,,,,6.163393098030366e+18,,1178.0,0.0,,2024-01-24T06:08:43+00:00,,,"{'_': 'MessageReactions', 'results': [{'_': 'ReactionCount', 'reaction': {'_': 'ReactionEmoji', 'emoticon': '❤'}, 'count': 4, 'chosen_order': None}], 'min': False, 'can_see_list': False, 'reactions_as_tags': False, 'recent_reactions': []}",[],
adsbinfree,https://t.me/adsbinfree,721,2024-01-27 05:32:48,fast cards a payment done....,False,False,False,False,True,False,False,True,False,False,1621110337,,,,,,,6.170274851114301e+18,,1947.0,1.0,,2024-01-27T05:32:52+00:00,,,"{'_': 'MessageReactions', 'results': [{'_': 'ReactionCount', 'reaction': {'_': 'ReactionEmoji', 'emoticon': '❤'}, 'count': 1, 'chosen_order': None}], 'min': False, 'can_see_list': False, 'reactions_as_tags': False, 'recent_reactions': []}",[],
adsbinfree,https://t.me/adsbinfree,722,2024-01-27 13:43:17,"<DATE_TIME> am give my all private members cards Check Facebook ads so don’t miss class <DATE_TIME>.


Class Bangladesh time : <DATE_TIME> time <DATE_TIME>

Telegram: @fbadspro11",False,False,False,False,True,False,False,False,False,False,1621110337,,,,,,,,,2037.0,2.0,,2024-01-27T15:10:43+00:00,,,"{'_': 'MessageReactions', 'results': [{'_': 'ReactionCount', 'reaction': {'_': 'ReactionEmoji', 'emoticon': '👍'}, 'count': 1, 'chosen_order': None}], 'min': False, 'can_see_list': False, 'reactions_as_tags': False, 'recent_reactions': []}",[],
adsbinfree,https://t.me/adsbinfree,723,2024-01-27 13:45:52,,False,False,False,False,True,False,False,False,False,False,1621110337,,,,,,,,,2072.0,1.0,,,,,,[],
adsbinfree,https://t.me/adsbinfree,724,2024-01-27 14:56:43,Ready know 10 Munite next class start....,False,False,False,False,True,False,False,True,False,False,1621110337,,,,,,,,,2039.0,1.0,,2024-01-27T14:58:06+00:00,,,"{'_': 'MessageReactions', 'results': [{'_': 'ReactionCount', 'reaction': {'_': 'ReactionEmoji', 'emoticon': '❤'}, 'count': 2, 'chosen_order': None}, {'_': 'ReactionCount', 'reaction': {'_': 'ReactionEmoji', 'emoticon': '👍'}, 'count': 1, 'chosen_order': None}], 'min': False, 'can_see_list': False, 'reactions_as_tags': False, 'recent_reactions': []}",[],
adsbinfree,https://t.me/adsbinfree,725,2024-01-27 15:03:52,,False,False,False,False,True,False,False,True,False,False,1621110337,,,,,,,,,2066.0,1.0,,2024-01-27T15:04:41+00:00,,,"{'_': 'MessageReactions', 'results': [{'_': 'ReactionCount', 'reaction': {'_': 'ReactionEmoji', 'emoticon': '👍'}, 'count': 1, 'chosen_order': None}, {'_': 'ReactionCount', 'reaction': {'_': 'ReactionEmoji', 'emoticon': '❤'}, 'count': 1, 'chosen_order': None}], 'min': False, 'can_see_list': False, 'reactions_as_tags': False, 'recent_reactions': []}",[],
adsbinfree,https://t.me/adsbinfree,726,2024-01-27 16:51:03,https://adsttera.shop/Generator/,False,False,False,False,True,False,False,False,False,False,1621110337,,,,,,,,,1125.0,3.0,,,,,,[],
adsbinfree,https://t.me/adsbinfree,727,2024-01-28 11:41:39,"Indonesia make default id need. 
I want granted id.
My students need make default id so any one here available saler please contract me. My WhatsApp: <PHONE_NUMBER>",False,False,False,False,True,False,False,True,False,False,1621110337,,,,,,,,,2016.0,1.0,,2024-01-28T11:42:14+00:00,,,"{'_': 'MessageReactions', 'results': [{'_': 'ReactionCount', 'reaction': {'_': 'ReactionEmoji', 'emoticon': '❤'}, 'count': 1, 'chosen_order': None}], 'min': False, 'can_see_list': False, 'reactions_as_tags': False, 'recent_reactions': []}",[],
adsbinfree,https://t.me/adsbinfree,728,2024-02-03 10:32:50,"Hey guys, Welcome adsbinfree. You Want Join private premium channels adsbinfree You selected best Place. Here you get live class Life time. How is it’s benefit for Join adsbinfree private channels? Am trying create a friendly group, are you ready? 

You get Life time Google meet class.

My telegram: @fbadspro11",False,False,False,False,True,False,False,True,False,False,1621110337,,,,,,,,,1576.0,1.0,,2024-02-03T10:49:40+00:00,,,"{'_': 'MessageReactions', 'results': [{'_': 'ReactionCount', 'reaction': {'_': 'ReactionEmoji', 'emoticon': '❤'}, 'count': 3, 'chosen_order': None}], 'min': False, 'can_see_list': False, 'reactions_as_tags': False, 'recent_reactions': []}",[],
adsbinfree,https://t.me/adsbinfree,729,2024-02-05 07:25:14,"Instagram boost post on saler. 

Who has need ig. <PERSON> me telegram : @Mdtoufiqahammed",False,False,False,False,True,False,False,False,False,False,1621110337,,,,,,,,,774.0,0.0,,,,,,[],
adsbinfree,https://t.me/adsbinfree,730,2024-02-06 13:41:07,"Google ads auto pay method. 


Hey guys, Welcome adsbinfree. You Want Join private premium channels adsbinfree You selected best Place. Here you get live class Life time. How is it’s benefit for Join adsbinfree private channels? Am trying create a friendly group, are you ready? 

You get Life time Google meet class.

My telegram: @fbadspro11",False,False,False,False,True,False,False,False,False,False,1621110337,,,,,,,6.201767913560587e+18,,1416.0,2.0,,2024-02-06T13:41:55+00:00,,,"{'_': 'MessageReactions', 'results': [{'_': 'ReactionCount', 'reaction': {'_': 'ReactionEmoji', 'emoticon': '👍'}, 'count': 1, 'chosen_order': None}, {'_': 'ReactionCount', 'reaction': {'_': 'ReactionEmoji', 'emoticon': '❤'}, 'count': 1, 'chosen_order': None}], 'min': False, 'can_see_list': False, 'reactions_as_tags': False, 'recent_reactions': []}",[],
adsbinfree,https://t.me/adsbinfree,731,2024-02-08 05:15:32,"Auto pay Google ads Runner-up. 

If you need this method join my private channels. 
My telegram: @fbadspro11",False,False,False,False,True,False,False,True,False,False,1621110337,,,,,,,6.208473048999377e+18,,1054.0,4.0,,2024-02-08T05:15:45+00:00,,1.3658954662348516e+16,"{'_': 'MessageReactions', 'results': [{'_': 'ReactionCount', 'reaction': {'_': 'ReactionEmoji', 'emoticon': '❤'}, 'count': 5, 'chosen_order': None}], 'min': False, 'can_see_list': False, 'reactions_as_tags': False, 'recent_reactions': []}",[],
adsbinfree,https://t.me/adsbinfree,732,2024-02-08 05:15:33,,False,False,False,False,True,False,False,False,False,False,1621110337,,,,,,,6.208473048999377e+18,,1252.0,4.0,,,,1.3658954662348516e+16,,[],
adsbinfree,https://t.me/adsbinfree,733,2024-02-08 05:15:34,,False,False,False,False,True,False,False,False,False,False,1621110337,,,,,,,6.208473048999377e+18,,1248.0,4.0,,,,1.3658954662348516e+16,,[],
adsbinfree,https://t.me/adsbinfree,734,2024-02-08 06:36:12,"<DATE_TIME> Bangladesh time we Start Google ads Method. 


Ready my private channels members. 

We tech auto pay ads Google adwords. 

My telegram: @fbadspro11",False,False,False,False,True,False,False,True,False,False,1621110337,,,,,,,,,1267.0,3.0,,2024-02-08T06:36:15+00:00,,,"{'_': 'MessageReactions', 'results': [{'_': 'ReactionCount', 'reaction': {'_': 'ReactionEmoji', 'emoticon': '❤'}, 'count': 6, 'chosen_order': None}, {'_': 'ReactionCount', 'reaction': {'_': 'ReactionEmoji', 'emoticon': '👍'}, 'count': 1, 'chosen_order': None}], 'min': False, 'can_see_list': False, 'reactions_as_tags': False, 'recent_reactions': []}",[],
adsbinfree,https://t.me/adsbinfree,735,2024-02-09 05:28:12,GOOGLE ADS HIGH BALANCE SPENT METHOD.,False,False,False,False,True,False,False,True,False,False,1621110337,,,,,,,6.210724848813062e+18,,1162.0,2.0,,2024-02-09T05:28:18+00:00,,,"{'_': 'MessageReactions', 'results': [{'_': 'ReactionCount', 'reaction': {'_': 'ReactionEmoji', 'emoticon': '❤'}, 'count': 2, 'chosen_order': None}], 'min': False, 'can_see_list': False, 'reactions_as_tags': False, 'recent_reactions': []}",[],
adsbinfree,https://t.me/adsbinfree,736,2024-02-09 05:41:09,,False,False,False,False,True,False,False,False,False,False,1621110337,,,,,,,,,674.0,0.0,,,,,,[],
adsbinfree,https://t.me/adsbinfree,737,2024-02-09 05:43:18,,False,False,False,False,True,False,False,False,False,False,1621110337,,,,,,,,,723.0,0.0,,,,,,[],
adsbinfree,https://t.me/adsbinfree,738,2024-02-09 05:46:22,I see voting... All members need <DATE_TIME> Instagram threshold class. So ready for <DATE_TIME> am tech threshold class 4$ dollars it’s sample Method. <NRP>,False,False,False,False,True,False,False,True,False,False,1621110337,,,,,,,,,707.0,0.0,,2024-02-09T05:47:03+00:00,,,"{'_': 'MessageReactions', 'results': [{'_': 'ReactionCount', 'reaction': {'_': 'ReactionEmoji', 'emoticon': '👍'}, 'count': 3, 'chosen_order': None}], 'min': False, 'can_see_list': False, 'reactions_as_tags': False, 'recent_reactions': []}",[],
adsbinfree,https://t.me/adsbinfree,739,2024-02-09 05:50:36,YouTube Video Boosting available you want this nock me @fbadspro11,False,False,False,False,True,False,False,False,False,False,1621110337,,,,,,,,,663.0,0.0,,,,,,[],
adsbinfree,https://t.me/adsbinfree,740,2024-02-09 10:59:00,"Unlimited virtual card. 


Link: https://url.hk/i/en/m0n4c",False,False,False,False,True,False,False,True,False,False,1621110337,,,,,,,6.210724848813062e+18,,1171.0,4.0,,2024-02-09T10:59:03+00:00,,,"{'_': 'MessageReactions', 'results': [{'_': 'ReactionCount', 'reaction': {'_': 'ReactionEmoji', 'emoticon': '❤'}, 'count': 2, 'chosen_order': None}], 'min': False, 'can_see_list': False, 'reactions_as_tags': False, 'recent_reactions': []}",[],
adsbinfree,https://t.me/adsbinfree,741,2024-02-10 08:12:16,"Instagram Threshold Method 2024/New Method: This might involve updates or changes to the threshold method used by Instagram for payments or advertising accounts. Instagram Ads Threshold: This likely relates to the minimum spending threshold required for running ads on Instagram, which can vary depending on factors like location and currency. How to Start Earning Online: These are broad topics covering strategies, tips, and methods for beginning to earn money online, including as a student and without initial investment. How to Make Money Online Course: This could refer to courses or educational resources aimed at teaching various methods for making money online, such as affiliate marketing, freelancing, or e-commerce. 


💡 Additional Resources: 
Buy Method: https://t.ly/tbjBB 
My Contract: https://t.ly/wZrJB Referrals Link for Adsterra: https://t.ly/kKQut 
Recommended Tools for Affiliate Marketing: https://toolfuz.com/Generator/ 
Buy Sale Group Telegram: https://t.ly/5U867",False,False,False,False,True,False,False,False,False,False,1621110337,,,,,,,,,1396.0,37.0,,2024-02-10T08:13:51+00:00,,,"{'_': 'MessageReactions', 'results': [{'_': 'ReactionCount', 'reaction': {'_': 'ReactionEmoji', 'emoticon': '❤'}, 'count': 4, 'chosen_order': None}, {'_': 'ReactionCount', 'reaction': {'_': 'ReactionEmoji', 'emoticon': '👍'}, 'count': 2, 'chosen_order': None}], 'min': False, 'can_see_list': False, 'reactions_as_tags': False, 'recent_reactions': []}",[],
adsbinfree,https://t.me/adsbinfree,742,2024-02-11 13:37:36,runnig google ads............,False,False,False,False,True,False,False,True,False,False,1621110337,,,,,,,6.217327257224067e+18,,743.0,1.0,,2024-02-11T13:37:41+00:00,,,"{'_': 'MessageReactions', 'results': [{'_': 'ReactionCount', 'reaction': {'_': 'ReactionEmoji', 'emoticon': '❤'}, 'count': 3, 'chosen_order': None}], 'min': False, 'can_see_list': False, 'reactions_as_tags': False, 'recent_reactions': []}",[],
adsbinfree,https://t.me/adsbinfree,744,2024-02-11 14:27:38,,False,False,False,False,True,False,False,True,False,False,1621110337,,,,,,,6.217327257224067e+18,,677.0,1.0,,2024-02-12T11:02:53+00:00,,,"{'_': 'MessageReactions', 'results': [{'_': 'ReactionCount', 'reaction': {'_': 'ReactionEmoji', 'emoticon': '❤'}, 'count': 1, 'chosen_order': None}], 'min': False, 'can_see_list': False, 'reactions_as_tags': False, 'recent_reactions': []}",[],
adsbinfree,https://t.me/adsbinfree,745,2024-02-13 06:54:22,done new bin,False,False,False,False,True,False,False,True,False,False,1621110337,,,,,,,6.221848062490426e+18,,1091.0,1.0,,2024-02-13T06:54:26+00:00,,,"{'_': 'MessageReactions', 'results': [{'_': 'ReactionCount', 'reaction': {'_': 'ReactionEmoji', 'emoticon': '❤'}, 'count': 1, 'chosen_order': None}], 'min': False, 'can_see_list': False, 'reactions_as_tags': False, 'recent_reactions': []}",[],
adsbinfree,https://t.me/adsbinfree,746,2024-02-13 09:30:43,hehe lol...........❤️ 54 $ khaya dilam,False,False,False,False,True,False,False,True,False,False,1621110337,,,,,,,6.221848062490426e+18,,1034.0,2.0,,2024-02-13T09:30:48+00:00,,,"{'_': 'MessageReactions', 'results': [{'_': 'ReactionCount', 'reaction': {'_': 'ReactionEmoji', 'emoticon': '👍'}, 'count': 1, 'chosen_order': None}, {'_': 'ReactionCount', 'reaction': {'_': 'ReactionEmoji', 'emoticon': '❤'}, 'count': 1, 'chosen_order': None}], 'min': False, 'can_see_list': False, 'reactions_as_tags': False, 'recent_reactions': []}",[],
adsbinfree,https://t.me/adsbinfree,747,2024-02-13 12:24:39,"<DATE_TIME> class we tech how to check cards ads purpose. We tech all the steps so don’t miss class. 

Bangladesh time <DATE_TIME> class start. 
My telegram: @fbadspro11",False,False,False,False,True,False,False,True,False,False,1621110337,,,,,,,,,960.0,1.0,,2024-02-13T12:25:11+00:00,,,"{'_': 'MessageReactions', 'results': [{'_': 'ReactionCount', 'reaction': {'_': 'ReactionEmoji', 'emoticon': '❤'}, 'count': 1, 'chosen_order': None}], 'min': False, 'can_see_list': False, 'reactions_as_tags': False, 'recent_reactions': []}",[],
adsbinfree,https://t.me/adsbinfree,749,2024-02-13 12:59:30,"<DATE_TIME> we tech how to verified business manager in <DATE_TIME>. 

So stay private channels. 


<DATE_TIME> Bangladesh class. 


Business manager verified method.",False,False,False,False,True,False,False,True,False,False,1621110337,,,,,,,6.221848062490426e+18,,1094.0,2.0,,2024-02-13T12:59:33+00:00,,,"{'_': 'MessageReactions', 'results': [{'_': 'ReactionCount', 'reaction': {'_': 'ReactionEmoji', 'emoticon': '❤'}, 'count': 3, 'chosen_order': None}], 'min': False, 'can_see_list': False, 'reactions_as_tags': False, 'recent_reactions': []}",[],
adsbinfree,https://t.me/adsbinfree,750,2024-02-13 13:03:12,"Verified business manager sale unlimited. 


Per bm Only 5 USDT

@fbadspro11",False,False,False,False,True,False,False,False,False,False,1621110337,,,,,,,,,1037.0,1.0,,2024-02-13T13:03:37+00:00,,,"{'_': 'MessageReactions', 'results': [{'_': 'ReactionCount', 'reaction': {'_': 'ReactionEmoji', 'emoticon': '❤'}, 'count': 1, 'chosen_order': None}], 'min': False, 'can_see_list': False, 'reactions_as_tags': False, 'recent_reactions': []}",[],
adsbinfree,https://t.me/adsbinfree,751,2024-02-13 13:23:23,"Facebook shop checkout verified account available. 


You able to change and add your payments method. 


Us person nock me full company documents with fb id or shop sale.


Prices offers me: @fbadspro11",False,False,False,False,True,False,False,True,False,False,1621110337,,,,,,,,,1065.0,2.0,,2024-02-13T13:23:40+00:00,,,"{'_': 'MessageReactions', 'results': [{'_': 'ReactionCount', 'reaction': {'_': 'ReactionEmoji', 'emoticon': '❤'}, 'count': 1, 'chosen_order': None}], 'min': False, 'can_see_list': False, 'reactions_as_tags': False, 'recent_reactions': []}",[],
adsbinfree,https://t.me/adsbinfree,752,2024-02-13 15:23:24,"<DATE_TIME> class we tech how to check cards ads purpose. We tech all the steps so don’t miss class. 

Bangladesh time <DATE_TIME> class start. 
My telegram: @fbadspro11",False,False,False,False,True,False,False,True,False,False,1621110337,,,,,,,,,616.0,0.0,,2024-02-14T12:14:01+00:00,,,"{'_': 'MessageReactions', 'results': [{'_': 'ReactionCount', 'reaction': {'_': 'ReactionEmoji', 'emoticon': '❤'}, 'count': 1, 'chosen_order': None}, {'_': 'ReactionCount', 'reaction': {'_': 'ReactionEmoji', 'emoticon': '💯'}, 'count': 1, 'chosen_order': None}], 'min': False, 'can_see_list': False, 'reactions_as_tags': False, 'recent_reactions': []}",[],
adsbinfree,https://t.me/adsbinfree,753,2024-02-14 12:31:02,,False,False,False,False,True,False,False,True,False,False,1621110337,,,,,,,6.226287065809665e+18,,584.0,0.0,,2024-02-14T12:31:05+00:00,,,"{'_': 'MessageReactions', 'results': [{'_': 'ReactionCount', 'reaction': {'_': 'ReactionEmoji', 'emoticon': '❤'}, 'count': 2, 'chosen_order': None}], 'min': False, 'can_see_list': False, 'reactions_as_tags': False, 'recent_reactions': []}",[],
adsbinfree,https://t.me/adsbinfree,754,2024-02-14 13:02:52,Business manager verified method.                   Buy Method,False,False,False,False,True,False,False,False,True,False,1621110337,,,,,,,,,1135.0,19.0,,2024-02-15T07:32:49+00:00,,,"{'_': 'MessageReactions', 'results': [{'_': 'ReactionCount', 'reaction': {'_': 'ReactionEmoji', 'emoticon': '❤'}, 'count': 3, 'chosen_order': None}], 'min': False, 'can_see_list': False, 'reactions_as_tags': False, 'recent_reactions': []}",[],
adsbinfree,https://t.me/adsbinfree,756,2024-02-14 15:59:13,"Unlimited virtual card. 
$5 dollars bonus.


Link: https://url.hk/i/en/m0n4c",False,False,False,False,True,False,False,True,False,False,1621110337,,,,,,,6.226287065809665e+18,,1211.0,5.0,,2024-02-15T04:27:03+00:00,,,"{'_': 'MessageReactions', 'results': [{'_': 'ReactionCount', 'reaction': {'_': 'ReactionEmoji', 'emoticon': '👍'}, 'count': 2, 'chosen_order': None}], 'min': False, 'can_see_list': False, 'reactions_as_tags': False, 'recent_reactions': []}",[],
adsbinfree,https://t.me/adsbinfree,757,2024-02-15 03:25:04,Thank for review my students,False,False,False,False,True,False,False,True,False,False,1621110337,,,,,,,6.228538865623351e+18,,1034.0,2.0,,2024-02-15T03:25:07+00:00,,,"{'_': 'MessageReactions', 'results': [{'_': 'ReactionCount', 'reaction': {'_': 'ReactionEmoji', 'emoticon': '❤'}, 'count': 2, 'chosen_order': None}], 'min': False, 'can_see_list': False, 'reactions_as_tags': False, 'recent_reactions': []}",[],
adsbinfree,https://t.me/adsbinfree,758,2024-02-15 03:25:46,Wow amex er huga mara,False,False,False,False,True,False,False,True,False,False,1621110337,,,,,,,6.228815577481329e+18,,1057.0,1.0,,2024-02-15T03:25:48+00:00,,,"{'_': 'MessageReactions', 'results': [{'_': 'ReactionCount', 'reaction': {'_': 'ReactionEmoji', 'emoticon': '❤'}, 'count': 2, 'chosen_order': None}, {'_': 'ReactionCount', 'reaction': {'_': 'ReactionEmoji', 'emoticon': '👍'}, 'count': 1, 'chosen_order': None}], 'min': False, 'can_see_list': False, 'reactions_as_tags': False, 'recent_reactions': []}",[],
adsbinfree,https://t.me/adsbinfree,759,2024-02-15 04:41:10,one boost a 900$ dollars❤️ thanks adsterra refar link: https://beta.publishers.adsterra.com/referral/FdCnfX6N7s,False,False,False,False,True,False,False,True,False,False,1621110337,,,,,,,6.228538865623351e+18,,1247.0,2.0,,2024-02-15T04:41:25+00:00,,,"{'_': 'MessageReactions', 'results': [{'_': 'ReactionCount', 'reaction': {'_': 'ReactionEmoji', 'emoticon': '❤'}, 'count': 2, 'chosen_order': None}], 'min': False, 'can_see_list': False, 'reactions_as_tags': False, 'recent_reactions': []}",[],
adsbinfree,https://t.me/adsbinfree,760,2024-02-15 07:33:01,,False,False,False,False,True,,False,,,,1621110337,,,,754.0,False,False,,,,,,,,,,,
adsbinfree,https://t.me/adsbinfree,761,2024-02-15 19:05:56,"You want help or discussion anything. 

My new contract telegram: @kingofzero1",False,False,False,False,True,False,False,True,False,False,1621110337,,,,,,,,,557.0,0.0,,2024-02-15T19:06:04+00:00,,,"{'_': 'MessageReactions', 'results': [{'_': 'ReactionCount', 'reaction': {'_': 'ReactionEmoji', 'emoticon': '❤'}, 'count': 2, 'chosen_order': None}], 'min': False, 'can_see_list': False, 'reactions_as_tags': False, 'recent_reactions': []}",[],
adsbinfree,https://t.me/adsbinfree,763,2024-02-16 04:48:18,https://www.youtube.com/watch?v=q9EfVjnUt54,False,False,False,False,True,False,False,False,False,False,1621110337,,,,,,,,,605.0,0.0,,,,,,[],
adsbinfree,https://t.me/adsbinfree,764,2024-02-16 08:17:38,"Bangladesh pc clone number id need 

High rate dibo any one have nock me. 

100 pc id need per day....

My telegram: @kingofzero1",False,False,False,False,True,False,False,True,False,False,1621110337,,"{'_': 'MessageFwdHeader', 'date': '2024-02-16T08:17:21+00:00', 'imported': False, 'saved_out': False, 'from_id': {'_': 'PeerChannel', 'channel_id': 1963294780}, 'from_name': None, 'channel_post': 442, 'post_author': None, 'saved_from_peer': None, 'saved_from_msg_id': None, 'saved_from_id': None, 'saved_from_name': None, 'saved_date': None, 'psa_type': None}",,,,,,,477.0,1.0,,2024-02-16T08:18:12+00:00,,,"{'_': 'MessageReactions', 'results': [{'_': 'ReactionCount', 'reaction': {'_': 'ReactionEmoji', 'emoticon': '👍'}, 'count': 1, 'chosen_order': None}, {'_': 'ReactionCount', 'reaction': {'_': 'ReactionEmoji', 'emoticon': '❤'}, 'count': 1, 'chosen_order': None}], 'min': False, 'can_see_list': False, 'reactions_as_tags': False, 'recent_reactions': []}",[],
adsbinfree,https://t.me/adsbinfree,765,2024-02-16 09:37:19,,False,False,False,False,True,False,False,False,False,False,1621110337,,,,,,,6.230819832559942e+18,,619.0,0.0,,,,1.3664609914959092e+16,,[],
adsbinfree,https://t.me/adsbinfree,766,2024-02-16 09:37:20,,False,False,False,False,True,False,False,False,False,False,1621110337,,,,,,,6.230819832559942e+18,,599.0,0.0,,,,1.3664609914959092e+16,,[],
adsbinfree,https://t.me/adsbinfree,768,2024-02-16 09:40:14,,False,False,False,False,True,False,False,True,False,False,1621110337,,,,,,,6.230819832559942e+18,,607.0,0.0,,2024-02-16T09:40:18+00:00,,,"{'_': 'MessageReactions', 'results': [{'_': 'ReactionCount', 'reaction': {'_': 'ReactionEmoji', 'emoticon': '👍'}, 'count': 2, 'chosen_order': None}], 'min': False, 'can_see_list': False, 'reactions_as_tags': False, 'recent_reactions': []}",[],
adsbinfree,https://t.me/adsbinfree,769,2024-02-16 11:34:27,"✅Tip and Tricks Update.
▶️ Adword Method. 
🌐 Threshold Method. 
🌐 Threshold method. 
🌐 Auto Pay Method.
🌐 Threshold Method. 
🌐 Any Update Script. 
🏪 Live Class Support. 
☑️ Life Time Access. 

👑 Join Our Vip 

 
You want Join private channels nock me. 🌐 @kingofzero1",False,False,False,False,True,False,False,False,False,False,1621110337,,,,,,,6.230819832559942e+18,,1300.0,6.0,,2024-02-16T11:37:52+00:00,,,"{'_': 'MessageReactions', 'results': [{'_': 'ReactionCount', 'reaction': {'_': 'ReactionEmoji', 'emoticon': '❤'}, 'count': 6, 'chosen_order': None}], 'min': False, 'can_see_list': False, 'reactions_as_tags': False, 'recent_reactions': []}",[],
adsbinfree,https://t.me/adsbinfree,770,2024-02-17 04:57:59,https://www.youtube.com/watch?v=aFEPUQhQqGw,False,False,False,False,True,False,False,True,False,False,1621110337,,,,,,,,,1158.0,1.0,,2024-02-17T05:00:16+00:00,,,"{'_': 'MessageReactions', 'results': [{'_': 'ReactionCount', 'reaction': {'_': 'ReactionEmoji', 'emoticon': '❤'}, 'count': 2, 'chosen_order': None}], 'min': False, 'can_see_list': False, 'reactions_as_tags': False, 'recent_reactions': []}",[],
adsbinfree,https://t.me/adsbinfree,772,2024-02-19 03:25:08,Watch For YouTube,False,False,False,False,True,False,False,True,False,False,1621110337,,"{'_': 'MessageFwdHeader', 'date': '2024-02-19T03:24:30+00:00', 'imported': False, 'saved_out': False, 'from_id': {'_': 'PeerChannel', 'channel_id': 1882829410}, 'from_name': None, 'channel_post': 1544, 'post_author': None, 'saved_from_peer': None, 'saved_from_msg_id': None, 'saved_from_id': None, 'saved_from_name': None, 'saved_date': None, 'psa_type': None}",,,,,6.240184274309463e+18,,447.0,0.0,,2024-02-24T01:34:46+00:00,,,"{'_': 'MessageReactions', 'results': [{'_': 'ReactionCount', 'reaction': {'_': 'ReactionEmoji', 'emoticon': '❤'}, 'count': 1, 'chosen_order': None}], 'min': False, 'can_see_list': False, 'reactions_as_tags': False, 'recent_reactions': []}",[],
adsbinfree,https://t.me/adsbinfree,773,2024-02-19 09:08:35,"I want a documents Europe business licences or corporate bank account in Europe


any one have this documents nock me : @kingofzero1",False,False,False,False,True,False,False,True,False,False,1621110337,,,,,,,,,878.0,1.0,,2024-02-19T09:08:45+00:00,,,"{'_': 'MessageReactions', 'results': [{'_': 'ReactionCount', 'reaction': {'_': 'ReactionEmoji', 'emoticon': '❤'}, 'count': 2, 'chosen_order': None}], 'min': False, 'can_see_list': False, 'reactions_as_tags': False, 'recent_reactions': []}",[],
adsbinfree,https://t.me/adsbinfree,774,2024-02-20 13:07:05,"<DATE_TIME> Start class how to reinstated personal account any country with code. 

Class time Bangladesh time <DATE_TIME>.

Don’t miss class. <PERSON>",False,False,False,False,True,False,False,True,False,False,1621110337,,"{'_': 'MessageFwdHeader', 'date': '2024-02-20T13:05:44+00:00', 'imported': False, 'saved_out': False, 'from_id': {'_': 'PeerChannel', 'channel_id': 1963294780}, 'from_name': None, 'channel_post': 460, 'post_author': None, 'saved_from_peer': None, 'saved_from_msg_id': None, 'saved_from_id': None, 'saved_from_name': None, 'saved_date': None, 'psa_type': None}",,,,,6.242475944304557e+18,,394.0,0.0,,2024-02-20T13:09:50+00:00,,,"{'_': 'MessageReactions', 'results': [{'_': 'ReactionCount', 'reaction': {'_': 'ReactionEmoji', 'emoticon': '❤'}, 'count': 4, 'chosen_order': None}], 'min': False, 'can_see_list': False, 'reactions_as_tags': False, 'recent_reactions': []}",[],
adsbinfree,https://t.me/adsbinfree,775,2024-02-20 13:48:25,Thanks for feedback brother <PERSON>,False,False,False,False,True,False,False,True,False,False,1621110337,,,,,,,6.244475148501631e+18,,497.0,0.0,,2024-02-20T13:48:28+00:00,,,"{'_': 'MessageReactions', 'results': [{'_': 'ReactionCount', 'reaction': {'_': 'ReactionEmoji', 'emoticon': '❤'}, 'count': 3, 'chosen_order': None}], 'min': False, 'can_see_list': False, 'reactions_as_tags': False, 'recent_reactions': []}",[],
adsbinfree,https://t.me/adsbinfree,776,2024-02-20 15:53:15,Thanks for everything ❤️,False,False,False,False,True,False,False,True,False,False,1621110337,,,,,,,6.244475148501631e+18,,849.0,1.0,,2024-02-20T15:53:21+00:00,,,"{'_': 'MessageReactions', 'results': [{'_': 'ReactionCount', 'reaction': {'_': 'ReactionEmoji', 'emoticon': '❤'}, 'count': 3, 'chosen_order': None}, {'_': 'ReactionCount', 'reaction': {'_': 'ReactionEmoji', 'emoticon': '👍'}, 'count': 1, 'chosen_order': None}], 'min': False, 'can_see_list': False, 'reactions_as_tags': False, 'recent_reactions': []}",[],
adsbinfree,https://t.me/adsbinfree,777,2024-02-21 14:27:53,instantly business manager two line verify✅,False,False,False,False,True,False,False,True,False,False,1621110337,,,,,,,6.246579433368567e+18,,732.0,1.0,,2024-02-21T14:27:59+00:00,,,"{'_': 'MessageReactions', 'results': [{'_': 'ReactionCount', 'reaction': {'_': 'ReactionEmoji', 'emoticon': '❤'}, 'count': 6, 'chosen_order': None}], 'min': False, 'can_see_list': False, 'reactions_as_tags': False, 'recent_reactions': []}",[],
adsbinfree,https://t.me/adsbinfree,778,2024-02-22 08:54:47,"✅Tip and Tricks Update.
▶️ Adword Method. 
🌐 Threshold Method. 
🌐 Threshold method. 
🌐 Auto Pay Method.
🌐 Threshold Method. 
🌐 Any Update Script. 
🏪 Live Class Support. 
☑️ Life Time Access. 

👑 Join Our Vip 

 
You want Join private channels nock me. 🌐 @kingofzero1",False,False,False,False,True,False,False,True,False,False,1621110337,,,,,,,6.248831233182252e+18,,630.0,2.0,,2024-02-22T08:55:25+00:00,,,"{'_': 'MessageReactions', 'results': [{'_': 'ReactionCount', 'reaction': {'_': 'ReactionEmoji', 'emoticon': '❤'}, 'count': 2, 'chosen_order': None}, {'_': 'ReactionCount', 'reaction': {'_': 'ReactionEmoji', 'emoticon': '🔥'}, 'count': 1, 'chosen_order': None}], 'min': False, 'can_see_list': False, 'reactions_as_tags': False, 'recent_reactions': []}",[],
adsbinfree,https://t.me/adsbinfree,779,2024-02-22 09:47:46,https://youtu.be/_kk1gdUi0pY,False,False,False,False,True,False,False,True,False,False,1621110337,,,,,,,,,658.0,1.0,,2024-02-22T09:48:16+00:00,,,"{'_': 'MessageReactions', 'results': [{'_': 'ReactionCount', 'reaction': {'_': 'ReactionEmoji', 'emoticon': '❤'}, 'count': 2, 'chosen_order': None}], 'min': False, 'can_see_list': False, 'reactions_as_tags': False, 'recent_reactions': []}",[],
adsbinfree,https://t.me/adsbinfree,780,2024-02-22 10:04:39,"Tiktok Google or minds this do app virtual use. Referred link: https://url.hk/i/en/m0n4c

How create account : https://youtu.be/q9EfVjnUt54?si=yVCnW31nmf9LcTu8",False,False,False,False,True,False,False,True,False,False,1621110337,,,,,,,6.248831233182252e+18,,707.0,3.0,,2024-02-22T10:05:14+00:00,,1.3668770234690908e+16,"{'_': 'MessageReactions', 'results': [{'_': 'ReactionCount', 'reaction': {'_': 'ReactionEmoji', 'emoticon': '❤'}, 'count': 3, 'chosen_order': None}, {'_': 'ReactionCount', 'reaction': {'_': 'ReactionEmoji', 'emoticon': '🥰'}, 'count': 1, 'chosen_order': None}], 'min': False, 'can_see_list': False, 'reactions_as_tags': False, 'recent_reactions': []}",[],
adsbinfree,https://t.me/adsbinfree,781,2024-02-22 10:04:40,,False,False,False,False,True,False,False,False,False,False,1621110337,,,,,,,6.248831233182252e+18,,699.0,4.0,,,,1.3668770234690908e+16,,[],
adsbinfree,https://t.me/adsbinfree,782,2024-02-23 06:27:02,🤭 GAME ON IN TIKTOK,False,False,False,False,True,False,False,True,False,False,1621110337,,"{'_': 'MessageFwdHeader', 'date': '2024-02-23T06:26:48+00:00', 'imported': False, 'saved_out': False, 'from_id': {'_': 'PeerChannel', 'channel_id': 1963294780}, 'from_name': None, 'channel_post': 468, 'post_author': None, 'saved_from_peer': None, 'saved_from_msg_id': None, 'saved_from_id': None, 'saved_from_name': None, 'saved_date': None, 'psa_type': None}",,,,,6.253702065398332e+18,,266.0,0.0,,2024-02-23T06:31:14+00:00,,,"{'_': 'MessageReactions', 'results': [{'_': 'ReactionCount', 'reaction': {'_': 'ReactionEmoji', 'emoticon': '❤'}, 'count': 3, 'chosen_order': None}], 'min': False, 'can_see_list': False, 'reactions_as_tags': False, 'recent_reactions': []}",[],
adsbinfree,https://t.me/adsbinfree,783,2024-02-24 13:35:37,"<DATE_TIME> we tech how to create tiktok threshold with cards or PayPal so don’t miss. 

You get benefit life time private channels membership.


You want join private channels nock me: @fbadspro11",False,False,False,False,True,False,False,True,False,False,1621110337,,,,,,,,,500.0,1.0,,2024-02-24T13:35:45+00:00,,,"{'_': 'MessageReactions', 'results': [{'_': 'ReactionCount', 'reaction': {'_': 'ReactionEmoji', 'emoticon': '❤'}, 'count': 3, 'chosen_order': None}, {'_': 'ReactionCount', 'reaction': {'_': 'ReactionEmoji', 'emoticon': '🔥'}, 'count': 1, 'chosen_order': None}], 'min': False, 'can_see_list': False, 'reactions_as_tags': False, 'recent_reactions': []}",[],
adsbinfree,https://t.me/adsbinfree,787,2024-02-25 05:43:37,Bot to adsterra load,False,False,False,False,True,False,False,True,False,False,1621110337,,,,,,,,,441.0,6.0,,2024-02-25T05:43:58+00:00,,,"{'_': 'MessageReactions', 'results': [{'_': 'ReactionCount', 'reaction': {'_': 'ReactionEmoji', 'emoticon': '❤'}, 'count': 2, 'chosen_order': None}], 'min': False, 'can_see_list': False, 'reactions_as_tags': False, 'recent_reactions': []}",[],
adsbinfree,https://t.me/adsbinfree,788,2024-02-25 05:55:38,"Google adsense loading method. 
Adsterra loading method with bot.

Coming soon my private channels members. Stay private am tech all the step. 

Our village haven’t internet connection. 

So waiting and see we tech all the Step.",False,False,False,False,True,False,False,True,False,False,1621110337,,,,,,,,,430.0,1.0,,2024-02-25T05:56:00+00:00,,,"{'_': 'MessageReactions', 'results': [{'_': 'ReactionCount', 'reaction': {'_': 'ReactionEmoji', 'emoticon': '❤'}, 'count': 3, 'chosen_order': None}], 'min': False, 'can_see_list': False, 'reactions_as_tags': False, 'recent_reactions': []}",[],
adsbinfree,https://t.me/adsbinfree,789,2024-02-25 16:12:14,"Bot sale <PERSON> adsense or website traffic or adsttera load <PERSON>.

Bot price: $50",False,False,False,False,True,False,False,True,False,False,1621110337,,,,,,,,,193.0,0.0,,2024-02-25T16:12:18+00:00,,,"{'_': 'MessageReactions', 'results': [{'_': 'ReactionCount', 'reaction': {'_': 'ReactionEmoji', 'emoticon': '❤'}, 'count': 4, 'chosen_order': None}], 'min': False, 'can_see_list': False, 'reactions_as_tags': False, 'recent_reactions': []}",[],
adsbinfree,https://t.me/adsbinfree,790,2024-02-25 21:23:53,"Auto pay boost available. 
Minimum 50$/$500.

Per dollars 50 tk. 

Boost spent granted. 

Happy shobeborat.

My telegram: @fbadspro11",False,False,False,False,True,False,False,True,False,False,1621110337,,,,,,,6.260278274508832e+18,,258.0,3.0,,2024-02-25T21:23:59+00:00,,,"{'_': 'MessageReactions', 'results': [{'_': 'ReactionCount', 'reaction': {'_': 'ReactionEmoji', 'emoticon': '❤'}, 'count': 3, 'chosen_order': None}], 'min': False, 'can_see_list': False, 'reactions_as_tags': False, 'recent_reactions': []}",[],
adsbinfree,https://t.me/adsbinfree,792,2024-02-26 16:21:35,Good night..........,False,False,False,False,True,False,False,True,False,False,1621110337,,"{'_': 'MessageFwdHeader', 'date': '2024-02-26T16:20:52+00:00', 'imported': False, 'saved_out': False, 'from_id': {'_': 'PeerChannel', 'channel_id': 1963294780}, 'from_name': None, 'channel_post': 485, 'post_author': None, 'saved_from_peer': None, 'saved_from_msg_id': None, 'saved_from_id': None, 'saved_from_name': None, 'saved_date': None, 'psa_type': None}",,,,,6.260196227748575e+18,,340.0,0.0,,2024-02-26T17:08:12+00:00,,,"{'_': 'MessageReactions', 'results': [{'_': 'ReactionCount', 'reaction': {'_': 'ReactionEmoji', 'emoticon': '❤'}, 'count': 2, 'chosen_order': None}, {'_': 'ReactionCount', 'reaction': {'_': 'ReactionEmoji', 'emoticon': '👍'}, 'count': 1, 'chosen_order': None}], 'min': False, 'can_see_list': False, 'reactions_as_tags': False, 'recent_reactions': []}",[],
adsbinfree,https://t.me/adsbinfree,793,2024-02-27 06:23:14,,False,False,True,False,True,False,False,True,False,False,1621110337,,,,,,,,,720.0,1.0,,2024-02-27T06:23:31+00:00,,,"{'_': 'MessageReactions', 'results': [{'_': 'ReactionCount', 'reaction': {'_': 'ReactionEmoji', 'emoticon': '❤'}, 'count': 2, 'chosen_order': None}], 'min': False, 'can_see_list': False, 'reactions_as_tags': False, 'recent_reactions': []}",[],
adsbinfree,https://t.me/adsbinfree,794,2024-02-27 06:37:40,One client boost done<PERSON>,False,False,False,False,True,False,False,True,False,False,1621110337,,,,,,,6.264580337090804e+18,,388.0,0.0,,2024-02-27T06:37:45+00:00,,,"{'_': 'MessageReactions', 'results': [{'_': 'ReactionCount', 'reaction': {'_': 'ReactionEmoji', 'emoticon': '❤'}, 'count': 2, 'chosen_order': None}, {'_': 'ReactionCount', 'reaction': {'_': 'ReactionEmoji', 'emoticon': '👍'}, 'count': 1, 'chosen_order': None}], 'min': False, 'can_see_list': False, 'reactions_as_tags': False, 'recent_reactions': []}",[],
adsbinfree,https://t.me/adsbinfree,795,2024-02-27 08:13:10,"আপনার <PERSON> পণ্যের সঠিক অডিয়েন্সের কাছে পৌঁছে দেওয়ার জন্য আমরা একটি পেশাদার সেবা প্রদানকারী প্রতিষ্ঠান। 


আমাদের সেবাগুলি নিম্নলিখিতঃ
১। প্রফেশনাল বিজনেস পেজ <NRP>
২। পোস্ট <PERSON> বুস্ট
৩। <DATE_TIME> রিয়েল পেজ <PERSON> ফলোয়ার
৫। পিক্সেল <NRP>
৬। পেজের জন্য প্রোফেশনাল লোগো এবং <PERSON> ডিজাইন
৭। ২ডি এনিমেশন ভিডিও তৈরি                                                 


☑️আমাদের প্রতিষ্ঠানের সুবিধা সমূহঃ
<DATE_TIME>/৭ অনলাইন সাপোর্ট সেন্টার উপলব্ধ।
অভিজ্ঞ ও দক্ষ টিম সদস্যদের উপস্থিতি।
তিন শিফটে কাজের ব্যবস্থা।
প্রতিটি বিভাগের জন্য কোয়ালিটি নিয়ন্ত্রণ <PERSON>
আমাদের সাথে যোগাযোগ করুন এবং আপনার ব্যবসার বিকাশে সাহায্য পান!       ☎️ @fbadspro11",False,False,False,False,True,False,False,False,False,False,1621110337,,,,,,,6.264580337090804e+18,,670.0,1.0,,2024-02-27T08:17:58+00:00,,,"{'_': 'MessageReactions', 'results': [{'_': 'ReactionCount', 'reaction': {'_': 'ReactionEmoji', 'emoticon': '❤'}, 'count': 2, 'chosen_order': None}], 'min': False, 'can_see_list': False, 'reactions_as_tags': False, 'recent_reactions': []}",[],
adsbinfree,https://t.me/adsbinfree,796,2024-02-27 14:17:33,"Sure Shot Visa Cards Sale.

High balance. 

Payments failed Proof show me am give you reples 1 time.

Note: Not Reples for verify showed. Only payments failed cards replace.",False,False,False,False,True,False,False,True,False,False,1621110337,,,,,,,,,629.0,1.0,,2024-02-27T14:17:37+00:00,,,"{'_': 'MessageReactions', 'results': [{'_': 'ReactionCount', 'reaction': {'_': 'ReactionEmoji', 'emoticon': '❤'}, 'count': 2, 'chosen_order': None}, {'_': 'ReactionCount', 'reaction': {'_': 'ReactionEmoji', 'emoticon': '🔥'}, 'count': 1, 'chosen_order': None}, {'_': 'ReactionCount', 'reaction': {'_': 'ReactionEmoji', 'emoticon': '🙏'}, 'count': 1, 'chosen_order': None}], 'min': False, 'can_see_list': False, 'reactions_as_tags': False, 'recent_reactions': []}",[],
adsbinfree,https://t.me/adsbinfree,797,2024-02-27 14:28:21,FACEBOOK K GUYA MARA COMPLET,False,False,False,False,True,False,False,True,False,False,1621110337,,,,,,,6.264580337090805e+18,,384.0,0.0,,2024-02-27T14:28:45+00:00,,,"{'_': 'MessageReactions', 'results': [{'_': 'ReactionCount', 'reaction': {'_': 'ReactionEmoji', 'emoticon': '💯'}, 'count': 2, 'chosen_order': None}], 'min': False, 'can_see_list': False, 'reactions_as_tags': False, 'recent_reactions': []}",[],
adsbinfree,https://t.me/adsbinfree,798,2024-02-27 14:50:11,Pore rate <PERSON>. <PERSON> nock dew. @fbadspro11,False,False,False,False,True,False,False,True,False,False,1621110337,,,,,,,6.264580337090805e+18,,374.0,0.0,,2024-02-27T14:50:16+00:00,,,"{'_': 'MessageReactions', 'results': [{'_': 'ReactionCount', 'reaction': {'_': 'ReactionEmoji', 'emoticon': '❤'}, 'count': 2, 'chosen_order': None}], 'min': False, 'can_see_list': False, 'reactions_as_tags': False, 'recent_reactions': []}",[],
adsbinfree,https://t.me/adsbinfree,799,2024-02-27 14:51:09,<PERSON> you brother,False,False,False,False,True,False,False,True,False,False,1621110337,,,,,,,6.264580337090805e+18,,402.0,0.0,,2024-02-27T14:51:13+00:00,,,"{'_': 'MessageReactions', 'results': [{'_': 'ReactionCount', 'reaction': {'_': 'ReactionEmoji', 'emoticon': '👍'}, 'count': 2, 'chosen_order': None}, {'_': 'ReactionCount', 'reaction': {'_': 'ReactionEmoji', 'emoticon': '❤'}, 'count': 1, 'chosen_order': None}], 'min': False, 'can_see_list': False, 'reactions_as_tags': False, 'recent_reactions': []}",[],
adsbinfree,https://t.me/adsbinfree,800,2024-02-27 15:58:16,Another review,False,False,False,False,True,False,False,True,False,False,1621110337,,,,,,,6.264580337090805e+18,,631.0,1.0,,2024-02-27T15:58:18+00:00,,,"{'_': 'MessageReactions', 'results': [{'_': 'ReactionCount', 'reaction': {'_': 'ReactionEmoji', 'emoticon': '❤'}, 'count': 5, 'chosen_order': None}], 'min': False, 'can_see_list': False, 'reactions_as_tags': False, 'recent_reactions': []}",[],
adsbinfree,https://t.me/adsbinfree,801,2024-02-27 17:36:55,"IBAN METHOD. 

1. You Want Boost Option on A Indonesia Instagram Account. 

2. Go to Ads Payment option. 

3. <PERSON> currency. Look my scanshort. 

4. Generate Iban a Telegram bot: @csk_sellerbot

5.Put iban payments method. 

Congratulated your iban added backup.

Next make default it’s and Runner-up boost and remove it’s ageing. 

Look showed Not Delivery than add ageing iban same as Admanager. And save change your boost. It's done.",False,False,False,False,True,False,False,True,False,False,1621110337,,"{'_': 'MessageFwdHeader', 'date': '2024-02-27T17:31:56+00:00', 'imported': False, 'saved_out': False, 'from_id': {'_': 'PeerChannel', 'channel_id': 1963294780}, 'from_name': None, 'channel_post': 491, 'post_author': None, 'saved_from_peer': None, 'saved_from_msg_id': None, 'saved_from_id': None, 'saved_from_name': None, 'saved_date': None, 'psa_type': None}",,,,,6.264752801502576e+18,,310.0,7.0,,2024-02-27T17:37:03+00:00,,,"{'_': 'MessageReactions', 'results': [{'_': 'ReactionCount', 'reaction': {'_': 'ReactionEmoji', 'emoticon': '❤'}, 'count': 5, 'chosen_order': None}], 'min': False, 'can_see_list': False, 'reactions_as_tags': False, 'recent_reactions': []}",[],
adsbinfree,https://t.me/adsbinfree,802,2024-02-28 05:30:34,,False,False,False,False,True,,False,,,,1621110337,,,,,,,,,,,,,,,,,
adsbinfree,https://t.me/adsbinfree,803,2024-02-28 05:43:08,,False,False,False,False,True,,False,,,,1621110337,,,,,,,,,,,,,,,,,
adsbinfree,https://t.me/adsbinfree,804,2024-02-28 10:18:48,hehe.... <PERSON>,False,False,False,False,True,False,False,True,False,False,1621110337,,,,,,,6.267319233440498e+18,,538.0,1.0,,2024-02-28T10:18:51+00:00,,,"{'_': 'MessageReactions', 'results': [{'_': 'ReactionCount', 'reaction': {'_': 'ReactionEmoji', 'emoticon': '❤'}, 'count': 3, 'chosen_order': None}], 'min': False, 'can_see_list': False, 'reactions_as_tags': False, 'recent_reactions': []}",[],
adsbinfree,https://t.me/adsbinfree,805,2024-02-28 10:22:27,<PERSON>,False,False,False,False,True,False,False,True,False,False,1621110337,,,,,,,6.267319233440498e+18,,361.0,0.0,,2024-02-28T10:22:31+00:00,,,"{'_': 'MessageReactions', 'results': [{'_': 'ReactionCount', 'reaction': {'_': 'ReactionEmoji', 'emoticon': '❤'}, 'count': 3, 'chosen_order': None}], 'min': False, 'can_see_list': False, 'reactions_as_tags': False, 'recent_reactions': []}",[],
adsbinfree,https://t.me/adsbinfree,806,2024-02-28 10:23:30,Thanks for another review,False,False,False,False,True,False,False,True,False,False,1621110337,,,,,,,6.267319233440498e+18,,562.0,1.0,,2024-02-28T10:23:33+00:00,,,"{'_': 'MessageReactions', 'results': [{'_': 'ReactionCount', 'reaction': {'_': 'ReactionEmoji', 'emoticon': '❤'}, 'count': 3, 'chosen_order': None}, {'_': 'ReactionCount', 'reaction': {'_': 'ReactionEmoji', 'emoticon': '👍'}, 'count': 1, 'chosen_order': None}, {'_': 'ReactionCount', 'reaction': {'_': 'ReactionEmoji', 'emoticon': '💋'}, 'count': 1, 'chosen_order': None}], 'min': False, 'can_see_list': False, 'reactions_as_tags': False, 'recent_reactions': []}",[],
adsbinfree,https://t.me/adsbinfree,807,2024-02-28 10:25:56,,False,False,False,True,True,,False,,,,1621110337,,,,769.0,False,False,,,,,,,,,,,
adsbinfree,https://t.me/adsbinfree,808,2024-02-28 11:42:21,"Stock In high balance cc.

1 time replace. Only accept reason payments failed. 


Note: others problem showed no granted. 100% pay nibe cards a.

@fbadspro11",False,False,False,False,True,False,False,False,False,False,1621110337,,,,,,,,,384.0,0.0,,2024-02-28T11:43:31+00:00,,,"{'_': 'MessageReactions', 'results': [{'_': 'ReactionCount', 'reaction': {'_': 'ReactionEmoji', 'emoticon': '❤'}, 'count': 3, 'chosen_order': None}], 'min': False, 'can_see_list': False, 'reactions_as_tags': False, 'recent_reactions': []}",[],
adsbinfree,https://t.me/adsbinfree,809,2024-02-28 12:08:22,Another review....,False,False,False,False,True,False,False,True,False,False,1621110337,,,,,,,6.269571033254182e+18,,395.0,0.0,,2024-02-28T12:08:24+00:00,,,"{'_': 'MessageReactions', 'results': [{'_': 'ReactionCount', 'reaction': {'_': 'ReactionEmoji', 'emoticon': '👍'}, 'count': 2, 'chosen_order': None}, {'_': 'ReactionCount', 'reaction': {'_': 'ReactionEmoji', 'emoticon': '❤'}, 'count': 2, 'chosen_order': None}], 'min': False, 'can_see_list': False, 'reactions_as_tags': False, 'recent_reactions': []}",[],
adsbinfree,https://t.me/adsbinfree,810,2024-02-28 12:35:43,,False,False,True,False,True,False,False,True,False,False,1621110337,,,,,,,,,389.0,3.0,,2024-02-28T12:35:49+00:00,,,"{'_': 'MessageReactions', 'results': [{'_': 'ReactionCount', 'reaction': {'_': 'ReactionEmoji', 'emoticon': '❤'}, 'count': 2, 'chosen_order': None}], 'min': False, 'can_see_list': False, 'reactions_as_tags': False, 'recent_reactions': []}",[],
adsbinfree,https://t.me/adsbinfree,811,2024-02-29 08:36:49,https://www.youtube.com/watch?v=5anvz3shIBE,False,False,False,False,True,False,False,False,False,False,1621110337,,,,,,,,,557.0,1.0,,,,,,[],
adsbinfree,https://t.me/adsbinfree,812,2024-03-01 09:57:21,"Hello admin, you post it publicly to the group to warn everyone that this is a scammer",False,False,False,False,True,False,False,True,False,False,1621110337,,"{'_': 'MessageFwdHeader', 'date': '2024-03-01T01:27:15+00:00', 'imported': False, 'saved_out': False, 'from_id': None, 'from_name': 'Manchester is Red', 'channel_post': None, 'post_author': None, 'saved_from_peer': None, 'saved_from_msg_id': None, 'saved_from_id': None, 'saved_from_name': None, 'saved_date': None, 'psa_type': None}",,,,,6.271357318742523e+18,,292.0,2.0,,2024-03-01T10:01:44+00:00,,1.3674296332395444e+16,"{'_': 'MessageReactions', 'results': [{'_': 'ReactionCount', 'reaction': {'_': 'ReactionEmoji', 'emoticon': '👍'}, 'count': 4, 'chosen_order': None}], 'min': False, 'can_see_list': False, 'reactions_as_tags': False, 'recent_reactions': []}",[],
adsbinfree,https://t.me/adsbinfree,813,2024-03-01 09:57:22,,False,False,False,False,True,False,False,False,False,False,1621110337,,"{'_': 'MessageFwdHeader', 'date': '2024-03-01T01:27:15+00:00', 'imported': False, 'saved_out': False, 'from_id': None, 'from_name': 'Manchester is Red', 'channel_post': None, 'post_author': None, 'saved_from_peer': None, 'saved_from_msg_id': None, 'saved_from_id': None, 'saved_from_name': None, 'saved_date': None, 'psa_type': None}",,,,,6.271357318742523e+18,,283.0,2.0,,,,1.3674296332395444e+16,,[],
adsbinfree,https://t.me/adsbinfree,814,2024-03-01 09:57:23,,False,False,False,False,True,False,False,False,False,False,1621110337,,"{'_': 'MessageFwdHeader', 'date': '2024-03-01T01:27:15+00:00', 'imported': False, 'saved_out': False, 'from_id': None, 'from_name': 'Manchester is Red', 'channel_post': None, 'post_author': None, 'saved_from_peer': None, 'saved_from_msg_id': None, 'saved_from_id': None, 'saved_from_name': None, 'saved_date': None, 'psa_type': None}",,,,,6.271357318742523e+18,,282.0,2.0,,,,1.3674296332395444e+16,,[],
adsbinfree,https://t.me/adsbinfree,815,2024-03-01 09:57:23,,False,False,False,False,True,False,False,False,False,False,1621110337,,"{'_': 'MessageFwdHeader', 'date': '2024-03-01T01:27:15+00:00', 'imported': False, 'saved_out': False, 'from_id': None, 'from_name': 'Manchester is Red', 'channel_post': None, 'post_author': None, 'saved_from_peer': None, 'saved_from_msg_id': None, 'saved_from_id': None, 'saved_from_name': None, 'saved_date': None, 'psa_type': None}",,,,,6.271357318742523e+18,,285.0,2.0,,,,1.3674296332395444e+16,,[],
adsbinfree,https://t.me/adsbinfree,816,2024-03-01 09:57:24,,False,False,False,False,True,False,False,False,False,False,1621110337,,"{'_': 'MessageFwdHeader', 'date': '2024-03-01T01:27:15+00:00', 'imported': False, 'saved_out': False, 'from_id': None, 'from_name': 'Manchester is Red', 'channel_post': None, 'post_author': None, 'saved_from_peer': None, 'saved_from_msg_id': None, 'saved_from_id': None, 'saved_from_name': None, 'saved_date': None, 'psa_type': None}",,,,,6.271357318742523e+18,,287.0,2.0,,,,1.3674296332395444e+16,,[],
adsbinfree,https://t.me/adsbinfree,817,2024-03-01 09:57:25,,False,False,False,False,True,False,False,False,False,False,1621110337,,"{'_': 'MessageFwdHeader', 'date': '2024-03-01T01:27:15+00:00', 'imported': False, 'saved_out': False, 'from_id': None, 'from_name': 'Manchester is Red', 'channel_post': None, 'post_author': None, 'saved_from_peer': None, 'saved_from_msg_id': None, 'saved_from_id': None, 'saved_from_name': None, 'saved_date': None, 'psa_type': None}",,,,,6.271357318742523e+18,,287.0,2.0,,,,1.3674296332395444e+16,,[],
adsbinfree,https://t.me/adsbinfree,818,2024-03-01 13:45:19,Another review,False,False,False,False,True,False,False,True,False,False,1621110337,,,,,,,6.273784155653389e+18,,269.0,0.0,,2024-03-01T14:32:33+00:00,,,"{'_': 'MessageReactions', 'results': [{'_': 'ReactionCount', 'reaction': {'_': 'ReactionEmoji', 'emoticon': '❤'}, 'count': 3, 'chosen_order': None}], 'min': False, 'can_see_list': False, 'reactions_as_tags': False, 'recent_reactions': []}",[],
adsbinfree,https://t.me/adsbinfree,819,2024-03-01 15:41:48,"New Stock available. 


High balance cc. 


Only refund payments failed Cards. 

So 1 time change Cards you want buy nock me.",False,False,False,False,True,False,False,True,False,False,1621110337,,,,,,,,,240.0,1.0,,2024-03-01T15:42:05+00:00,,,"{'_': 'MessageReactions', 'results': [{'_': 'ReactionCount', 'reaction': {'_': 'ReactionEmoji', 'emoticon': '👍'}, 'count': 5, 'chosen_order': None}, {'_': 'ReactionCount', 'reaction': {'_': 'ReactionEmoji', 'emoticon': '❤'}, 'count': 1, 'chosen_order': None}], 'min': False, 'can_see_list': False, 'reactions_as_tags': False, 'recent_reactions': []}",[],
adsbinfree,https://t.me/adsbinfree,820,2024-03-01 15:45:59,,False,False,True,False,True,False,False,True,False,False,1621110337,,,,,,,,,236.0,1.0,,2024-03-01T15:46:16+00:00,,,"{'_': 'MessageReactions', 'results': [{'_': 'ReactionCount', 'reaction': {'_': 'ReactionEmoji', 'emoticon': '👍'}, 'count': 5, 'chosen_order': None}], 'min': False, 'can_see_list': False, 'reactions_as_tags': False, 'recent_reactions': []}",[],
adsbinfree,https://t.me/adsbinfree,821,2024-03-01 17:28:06,,False,False,False,False,True,False,False,True,False,False,1621110337,,,,,,,6.27378415565339e+18,,316.0,3.0,,2024-03-01T17:31:58+00:00,,1.367451268806454e+16,"{'_': 'MessageReactions', 'results': [{'_': 'ReactionCount', 'reaction': {'_': 'ReactionEmoji', 'emoticon': '❤'}, 'count': 4, 'chosen_order': None}], 'min': False, 'can_see_list': False, 'reactions_as_tags': False, 'recent_reactions': []}",[],
adsbinfree,https://t.me/adsbinfree,822,2024-03-01 17:28:06,,False,False,False,False,True,False,False,False,False,False,1621110337,,,,,,,6.27378415565339e+18,,307.0,3.0,,,,1.367451268806454e+16,,[],
adsbinfree,https://t.me/adsbinfree,823,2024-03-01 20:39:52,https://youtu.be/OWMlszipXu8?si=ZEpDN2CdC_nmpfZi,False,False,False,False,True,False,False,False,False,False,1621110337,,,,,,,,,148.0,2.0,,,,,,[],
adsbinfree,https://t.me/adsbinfree,825,2024-03-02 04:18:14,Another feedback,False,False,False,False,True,False,False,True,False,False,1621110337,,,,,,,6.276035955467075e+18,,128.0,0.0,,2024-03-02T06:21:36+00:00,,,"{'_': 'MessageReactions', 'results': [{'_': 'ReactionCount', 'reaction': {'_': 'ReactionEmoji', 'emoticon': '❤'}, 'count': 1, 'chosen_order': None}], 'min': False, 'can_see_list': False, 'reactions_as_tags': False, 'recent_reactions': []}",[],
adsbinfree,https://t.me/adsbinfree,826,2024-03-02 07:54:41,https://www.youtube.com/watch?v=qrXDRYA417c,False,False,False,False,True,False,False,False,False,False,1621110337,,,,,,,,,79.0,1.0,,,,,,[],
adsbinfree,https://t.me/adsbinfree,828,2024-03-03 07:23:43,,False,False,False,False,True,False,False,False,False,False,1621110337,,,,,,,6.278498655354864e+18,,134.0,1.0,,,,1.3675604977380044e+16,,[],
adsbinfree,https://t.me/adsbinfree,838,2024-03-07 03:45:12,"Tiktok ads threshold method. 

Per ads account minimum threshold $5

Some time you get $50.

But granted non suspended. 


You want nock me: @fbadspro11",False,False,False,False,True,False,False,False,False,False,1621110337,,,,,,,,,34.0,0.0,,,,,,[],
adsbinfree,https://t.me/adsbinfree,845,2024-03-08 12:02:07,Thanks,False,False,False,False,True,False,False,True,False,False,1621110337,,,,,,,6.29399939418959e+18,,72.0,0.0,,2024-03-08T12:02:10+00:00,,,"{'_': 'MessageReactions', 'results': [{'_': 'ReactionCount', 'reaction': {'_': 'ReactionEmoji', 'emoticon': '❤'}, 'count': 3, 'chosen_order': None}], 'min': False, 'can_see_list': False, 'reactions_as_tags': False, 'recent_reactions': []}",[],
adsbinfree,https://t.me/adsbinfree,857,2024-03-10 10:59:25,,False,False,True,False,True,False,False,True,False,False,1621110337,,,,,,,,,95.0,0.0,,2024-03-10T11:02:57+00:00,,,"{'_': 'MessageReactions', 'results': [{'_': 'ReactionCount', 'reaction': {'_': 'ReactionEmoji', 'emoticon': '❤'}, 'count': 3, 'chosen_order': None}], 'min': False, 'can_see_list': False, 'reactions_as_tags': False, 'recent_reactions': []}",[],
adsbinfree,https://t.me/adsbinfree,860,2024-03-10 19:34:35,https://fb.watch/qJNcShBn_S/?mibextid=NnVzG8&startTimeMs=416632,False,False,False,False,True,False,False,False,False,False,1621110337,,,,,,,,,59.0,0.0,,,,,,[],
adsbinfree,https://t.me/adsbinfree,862,2024-03-11 13:28:33,,False,False,True,False,True,False,False,True,False,False,1621110337,,,,,,,,,138.0,1.0,,2024-03-11T13:28:37+00:00,,,"{'_': 'MessageReactions', 'results': [{'_': 'ReactionCount', 'reaction': {'_': 'ReactionEmoji', 'emoticon': '❤'}, 'count': 1, 'chosen_order': None}], 'min': False, 'can_see_list': False, 'reactions_as_tags': False, 'recent_reactions': []}",[],
adsbinfree,https://t.me/adsbinfree,863,2024-03-11 13:31:55,cc checker,False,False,False,False,True,False,False,False,False,False,1621110337,,,,,,,6.302889555585516e+18,,97.0,1.0,,2024-03-11T13:32:15+00:00,,,"{'_': 'MessageReactions', 'results': [{'_': 'ReactionCount', 'reaction': {'_': 'ReactionEmoji', 'emoticon': '❤'}, 'count': 1, 'chosen_order': None}], 'min': False, 'can_see_list': False, 'reactions_as_tags': False, 'recent_reactions': []}",[],
adsbinfree,https://t.me/adsbinfree,864,2024-03-11 13:50:50,,False,False,False,False,True,False,False,True,False,False,1621110337,,,,,,,6.302923326913363e+18,,39.0,0.0,,2024-03-11T13:51:31+00:00,,,"{'_': 'MessageReactions', 'results': [{'_': 'ReactionCount', 'reaction': {'_': 'ReactionEmoji', 'emoticon': '❤'}, 'count': 1, 'chosen_order': None}], 'min': False, 'can_see_list': False, 'reactions_as_tags': False, 'recent_reactions': []}",[],
adsbinfree,https://t.me/adsbinfree,866,2024-03-11 17:43:14,"Sure short Cards available. 

Per cards Prices: 650 tk.


Already am checked with my checker. 

My telegram: @fbadspro11",False,False,False,False,True,False,False,True,False,False,1621110337,,,,,,,,,41.0,0.0,,2024-03-11T17:43:45+00:00,,,"{'_': 'MessageReactions', 'results': [{'_': 'ReactionCount', 'reaction': {'_': 'ReactionEmoji', 'emoticon': '❤'}, 'count': 1, 'chosen_order': None}], 'min': False, 'can_see_list': False, 'reactions_as_tags': False, 'recent_reactions': []}",[],
adsbinfree,https://t.me/adsbinfree,868,2024-03-11 17:59:58,,False,False,False,False,True,,False,,,,1621110337,,,,866.0,False,False,,,,,,,,,,,
adsbinfree,https://t.me/adsbinfree,869,2024-03-11 18:00:05,,False,False,False,True,True,,False,,,,1621110337,,,,867.0,False,False,,,,,,,,,,,
adsbinfree,https://t.me/adsbinfree,871,2024-03-11 18:34:09,Another feedback,False,False,False,False,True,False,False,True,False,False,1621110337,,,,,,,6.305175126727048e+18,,76.0,0.0,,2024-03-11T18:34:12+00:00,,,"{'_': 'MessageReactions', 'results': [{'_': 'ReactionCount', 'reaction': {'_': 'ReactionEmoji', 'emoticon': '❤'}, 'count': 3, 'chosen_order': None}, {'_': 'ReactionCount', 'reaction': {'_': 'ReactionEmoji', 'emoticon': '👍'}, 'count': 1, 'chosen_order': None}], 'min': False, 'can_see_list': False, 'reactions_as_tags': False, 'recent_reactions': []}",[],
adsbinfree,https://t.me/adsbinfree,872,2024-03-11 18:39:27,https://www.adsbinfree.com/2024/03/premium-checker-for-adsbinfree.html?m=1,False,False,False,False,True,False,False,False,False,False,1621110337,,,,,,,,,55.0,0.0,,,,,,[],
adsbinfree,https://t.me/adsbinfree,874,2024-03-15 12:38:35,https://www.trickadsagencyltd.com/p/free-proxy-list-for-trick-ads-agency-ltd.html,False,False,False,False,True,False,False,False,False,False,1621110337,,,,,,,,,57.0,1.0,,,,,,[],
adsbinfree,https://t.me/adsbinfree,876,2024-03-16 20:09:56,<PERSON> bro it generator bin....,False,False,False,False,True,False,False,True,False,False,1621110337,,,,,,,,,106.0,4.0,,2024-03-16T20:09:59+00:00,,,"{'_': 'MessageReactions', 'results': [{'_': 'ReactionCount', 'reaction': {'_': 'ReactionEmoji', 'emoticon': '❤'}, 'count': 3, 'chosen_order': None}], 'min': False, 'can_see_list': False, 'reactions_as_tags': False, 'recent_reactions': []}",[],
adsbinfree,https://t.me/adsbinfree,877,2024-03-16 20:14:09,scam bm sale this type non granty low price. give me offers.,False,False,False,False,True,False,False,True,False,False,1621110337,,,,,,,6.318582180674125e+18,,59.0,0.0,,2024-03-16T20:40:12+00:00,,,"{'_': 'MessageReactions', 'results': [{'_': 'ReactionCount', 'reaction': {'_': 'ReactionEmoji', 'emoticon': '❤'}, 'count': 2, 'chosen_order': None}], 'min': False, 'can_see_list': False, 'reactions_as_tags': False, 'recent_reactions': []}",[],
adsbinfree,https://t.me/adsbinfree,878,2024-03-16 20:40:01,need facebook due account unlimited. need facebook due account unlimited. need facebook due account unlimited. need facebook due account unlimited. need facebook due account unlimited.,False,False,False,False,True,False,False,True,False,False,1621110337,,,,,,,,,37.0,0.0,,2024-03-16T20:41:16+00:00,,,"{'_': 'MessageReactions', 'results': [{'_': 'ReactionCount', 'reaction': {'_': 'ReactionEmoji', 'emoticon': '❤'}, 'count': 5, 'chosen_order': None}], 'min': False, 'can_see_list': False, 'reactions_as_tags': False, 'recent_reactions': []}",[],
adsbinfree,https://t.me/adsbinfree,880,2024-03-17 17:50:16,"🔰BIN USE ANYWHERE 🔰

💳BIN: 376742xxxxx100x
📂DATE : RD|27
✉️ Added Date: 98
🏧Cards Last: 9,1,0,5
🌐IP: USA 🇺🇸
🧬| CC GEN: https://toolfuz.com/Generator/
<PERSON>
🖨 Send Screenshot : @kingofzero1
📥Checker : adsbinfree.com
<PERSON>",False,False,False,False,True,False,False,True,False,False,1621110337,,,,,,,,,96.0,4.0,,2024-03-17T17:51:18+00:00,,,"{'_': 'MessageReactions', 'results': [{'_': 'ReactionCount', 'reaction': {'_': 'ReactionEmoji', 'emoticon': '❤'}, 'count': 3, 'chosen_order': None}], 'min': False, 'can_see_list': False, 'reactions_as_tags': False, 'recent_reactions': []}",[],
adsbinfree,https://t.me/adsbinfree,881,2024-03-17 17:50:57,"🔰BIN USE ANYWHERE 🔰

💳BIN: 3767429xxxx100x
📂DATE : RD|27
✉️ Added Date: 98
🏧Cards Last: 9,1,0,5
🌐IP: USA 🇺🇸
🧬| CC GEN: https://toolfuz.com/Generator/
<PERSON>
🖨 Send Screenshot : @kingofzero1
📥Checker : adsbinfree.com
<PERSON>",False,False,False,False,True,False,False,True,False,False,1621110337,,,,,,,,,83.0,4.0,,2024-03-17T17:51:16+00:00,,,"{'_': 'MessageReactions', 'results': [{'_': 'ReactionCount', 'reaction': {'_': 'ReactionEmoji', 'emoticon': '❤'}, 'count': 4, 'chosen_order': None}], 'min': False, 'can_see_list': False, 'reactions_as_tags': False, 'recent_reactions': []}",[],
adsbinfree,https://t.me/adsbinfree,883,2024-03-18 15:47:27,<PERSON> ❤️,False,False,False,False,True,False,False,True,False,False,1621110337,,,,,,,6.325616624140403e+18,,103.0,0.0,,2024-03-18T15:47:32+00:00,,,"{'_': 'MessageReactions', 'results': [{'_': 'ReactionCount', 'reaction': {'_': 'ReactionEmoji', 'emoticon': '❤'}, 'count': 2, 'chosen_order': None}], 'min': False, 'can_see_list': False, 'reactions_as_tags': False, 'recent_reactions': []}",[],
adsbinfree,https://t.me/adsbinfree,884,2024-03-18 15:52:19,🤭 SHOB AI MAMA,False,False,False,False,True,False,False,True,False,False,1621110337,,,,,,,6.325616624140403e+18,,86.0,0.0,,2024-03-18T15:52:21+00:00,,,"{'_': 'MessageReactions', 'results': [{'_': 'ReactionCount', 'reaction': {'_': 'ReactionEmoji', 'emoticon': '❤'}, 'count': 2, 'chosen_order': None}], 'min': False, 'can_see_list': False, 'reactions_as_tags': False, 'recent_reactions': []}",[],
adsbinfree,https://t.me/adsbinfree,885,2024-03-18 15:59:08,,False,False,False,False,True,,False,,,,1621110337,,,,,,,,,,,,,,,,,
adsbinfree,https://t.me/adsbinfree,887,2024-03-18 17:49:43,"Enjoy vpn <DATE_TIME>. 


<EMAIL_ADDRESS> pass: upupl01w",False,False,False,False,True,False,False,True,False,False,1621110337,,,,,,,6.323265924114791e+18,,85.0,0.0,,2024-03-18T17:50:30+00:00,,1.3686273465306636e+16,"{'_': 'MessageReactions', 'results': [{'_': 'ReactionCount', 'reaction': {'_': 'ReactionEmoji', 'emoticon': '❤'}, 'count': 2, 'chosen_order': None}], 'min': False, 'can_see_list': False, 'reactions_as_tags': False, 'recent_reactions': []}",[],
adsbinfree,https://t.me/adsbinfree,888,2024-03-18 17:49:43,,False,False,False,False,True,False,False,False,False,False,1621110337,,,,,,,6.323265924114791e+18,,82.0,0.0,,,,1.3686273465306636e+16,,[],
adsbinfree,https://t.me/adsbinfree,890,2024-03-19 07:51:10,"🔍 Looking for a VPN Trial? Try our advanced Credit Card Checker tool risk-free and see the difference it makes in securing your transactions!

Cc: <CREDIT_CARD>|03|2029|913




🛒 Ready to Buy? Purchase our Credit Card Checker tool now and enjoy seamless fraud prevention. Contact Bijoy at @fbadspro11 to get started!",False,False,False,False,True,False,False,False,False,False,1621110337,,,,,,,,,77.0,2.0,,2024-03-19T07:51:31+00:00,,,"{'_': 'MessageReactions', 'results': [{'_': 'ReactionCount', 'reaction': {'_': 'ReactionEmoji', 'emoticon': '❤'}, 'count': 3, 'chosen_order': None}], 'min': False, 'can_see_list': False, 'reactions_as_tags': False, 'recent_reactions': []}",[],
adsbinfree,https://t.me/adsbinfree,892,2024-03-19 14:41:06,Thanks for feedback,False,False,False,False,True,False,False,False,False,False,1621110337,,,,,,,6.32551772392848e+18,,51.0,0.0,,,,,,[],
adsbinfree,https://t.me/adsbinfree,894,2024-03-19 17:51:59,wow love you bro,False,False,False,False,True,False,False,True,False,False,1621110337,,,,,,,6.32551772392848e+18,,47.0,0.0,,2024-03-19T17:52:04+00:00,,,"{'_': 'MessageReactions', 'results': [{'_': 'ReactionCount', 'reaction': {'_': 'ReactionEmoji', 'emoticon': '❤'}, 'count': 2, 'chosen_order': None}], 'min': False, 'can_see_list': False, 'reactions_as_tags': False, 'recent_reactions': []}",[],
adsbinfree,https://t.me/adsbinfree,896,2024-03-19 19:45:29,100 bm need right now.                                nock me just here @fbadspro11,False,False,False,False,True,False,False,False,False,False,1621110337,,,,,,,,,92.0,0.0,,2024-03-19T19:45:48+00:00,,,,[],
adsbinfree,https://t.me/adsbinfree,897,2024-03-19 19:54:24,"🔥 BIN SALE ! Limited Time Offer! 🔥

✅ hold  slove  auto pay <NRP> instantly?
✅ Want a reliable tool with a guarantee?

Look no further! Our advanced Credit Card  Checker is here to fulfill all your needs!

🛒 Features:
✅ Instant BIN checking Charg cards.
<PERSON> guarantee for accurate results.

🎉 Special Offer: Get access to our auto pay Card BIN Checker now and enjoy peace of mind for your transactions!

📢 Act Fast! Don't miss this chance to secure your business and prevent fraud!

👉 Contact us now to grab this exclusive offer!  @fbadspro11",False,False,False,False,True,False,False,True,False,False,1621110337,,,,,,,,,75.0,1.0,,2024-03-19T19:54:28+00:00,,,"{'_': 'MessageReactions', 'results': [{'_': 'ReactionCount', 'reaction': {'_': 'ReactionEmoji', 'emoticon': '❤'}, 'count': 1, 'chosen_order': None}], 'min': False, 'can_see_list': False, 'reactions_as_tags': False, 'recent_reactions': []}",[],
adsbinfree,https://t.me/adsbinfree,898,2024-03-19 19:58:33,SAMIR VAI  LIVE KAJ KORECHILO HOLD UTE GECHE IT MY CHECKER CARDS BRO,False,False,False,False,True,False,False,True,False,False,1621110337,,,,,,,6.327769523742165e+18,,62.0,0.0,,2024-03-19T19:58:37+00:00,,,"{'_': 'MessageReactions', 'results': [{'_': 'ReactionCount', 'reaction': {'_': 'ReactionEmoji', 'emoticon': '❤'}, 'count': 6, 'chosen_order': None}], 'min': False, 'can_see_list': False, 'reactions_as_tags': False, 'recent_reactions': []}",[],
adsbinfree,https://t.me/adsbinfree,899,2024-03-19 20:02:53,,False,False,False,False,True,,False,,,,1621110337,,,,,,,,,,,,,,,,,
adsbinfree,https://t.me/adsbinfree,900,2024-03-19 20:08:01,,False,False,False,False,True,,False,,,,1621110337,,,,,,,,,,,,,,,,,
adsbinfree,https://t.me/adsbinfree,902,2024-03-19 20:43:00,"🔰BIN USE FB IG🔰

💳BIN: 3797756xxxxx00x
📂DATE : 09|25
🏧Cards Last: <IP_ADDRESS><DATE_TIME>.9
🌐IP: USA 🇺🇸
🧬| CC GEN: https://toolfuz.com/Generator/
<NRP>
🖨 Send Screenshot : @kingofzero1
📥Checker : adsbinfree.com",False,False,False,False,True,False,False,False,False,False,1621110337,,,,,,,,,101.0,5.0,,,,,,[],
adsbinfree,https://t.me/adsbinfree,903,2024-03-19 20:53:11,thank foe feedback,False,False,False,False,True,False,False,True,False,False,1621110337,,,,,,,6.327769523742165e+18,,41.0,0.0,,2024-03-19T20:53:13+00:00,,,"{'_': 'MessageReactions', 'results': [{'_': 'ReactionCount', 'reaction': {'_': 'ReactionEmoji', 'emoticon': '❤'}, 'count': 1, 'chosen_order': None}], 'min': False, 'can_see_list': False, 'reactions_as_tags': False, 'recent_reactions': []}",[],
adsbinfree,https://t.me/adsbinfree,905,2024-03-20 08:29:27,<PERSON>.....,False,False,False,False,True,False,False,True,False,False,1621110337,,,,,,,6.329841059483469e+18,,179.0,0.0,,2024-03-20T08:29:31+00:00,,,"{'_': 'MessageReactions', 'results': [{'_': 'ReactionCount', 'reaction': {'_': 'ReactionEmoji', 'emoticon': '❤'}, 'count': 1, 'chosen_order': None}], 'min': False, 'can_see_list': False, 'reactions_as_tags': False, 'recent_reactions': []}",[],
adsbinfree,https://t.me/adsbinfree,906,2024-03-20 10:46:31,"🚀 Unlock Premium Membership and Simplify Your Life with [adsbinfree]! 🌟

Are you tired of <DATE_TIME> hassles with payment methods? Say goodbye to uncertainties and hello to convenience with our exclusive Facebook auto-pay method using American Express! 💳✨

With our revolutionary service, you can effortlessly manage your Facebook ad payments, ensuring uninterrupted advertising for your business. No more worrying about declined payments or payment delays – streamline your ad spending with ease.

Here's what you'll get with our Premium Membership:

🔥 Daily Updates of High-Quality BINs: Stay ahead of the curve with fresh BINs delivered to your inbox daily, ensuring maximum success rates for your transactions.

💳 Access to Sure Shot Cards: Say goodbye to guesswork and hello to guaranteed success with our premium sure shot cards, tailored for your peace of mind. 

                                     
💼 Lifetime Membership: Enjoy lifetime access to our exclusive membership, unlocking a world of convenience and savings for your business.

💰 Limited Time Offer: Join now and secure your lifetime membership for only $50! With <DATE_TIME> updates, premium <NRP>, and guaranteed success, this deal is too good to miss.

📢 Ready to simplify your life and boost your business with our Premium Membership? Don't miss out – click the link Join Now to get started <DATE_TIME>!

Got questions or need assistance? Our dedicated support team is here to help!

Contracts: @fbadspro11

#PremiumMembership #FacebookAds #AutoPay #AmericanExpress #BINs #SureShotCards #LifetimeDeal",False,False,False,False,True,False,False,False,False,False,1621110337,,,,,,,,,124.0,1.0,,2024-03-20T10:52:11+00:00,,,"{'_': 'MessageReactions', 'results': [{'_': 'ReactionCount', 'reaction': {'_': 'ReactionEmoji', 'emoticon': '❤'}, 'count': 3, 'chosen_order': None}], 'min': False, 'can_see_list': False, 'reactions_as_tags': False, 'recent_reactions': []}",[],
adsbinfree,https://t.me/adsbinfree,907,2024-03-20 11:18:47,"🔰BIN USE FB IG 100% Work🔰

💳BIN: 3797756xxxxx0xx
📂DATE : <DATE_TIME>
🏧Cards Last: 1015,2004,1009.3002.2013
🌐IP: USA 🇺🇸
🧬| CC GEN: https://toolfuz.com/Generator/
<NRP>
🖨 Send Screenshot : @kingofzero1
📥Checker : adsbinfree.com",False,False,False,False,True,False,False,True,False,False,1621110337,,,,,,,,,57.0,3.0,,2024-03-20T11:18:55+00:00,,,"{'_': 'MessageReactions', 'results': [{'_': 'ReactionCount', 'reaction': {'_': 'ReactionEmoji', 'emoticon': '❤'}, 'count': 3, 'chosen_order': None}], 'min': False, 'can_see_list': False, 'reactions_as_tags': False, 'recent_reactions': []}",[],
adsbinfree,https://t.me/adsbinfree,909,2024-03-20 11:52:08,"5 peace High balance  sure short cards giveaway. 


My telegram channels link share 5 market place and send me scenshort. @fbadspro11",False,False,False,False,True,False,False,True,False,False,1621110337,,,,,,,6.329841059483469e+18,,85.0,1.0,,2024-03-20T11:52:27+00:00,,,"{'_': 'MessageReactions', 'results': [{'_': 'ReactionCount', 'reaction': {'_': 'ReactionEmoji', 'emoticon': '❤'}, 'count': 2, 'chosen_order': None}], 'min': False, 'can_see_list': False, 'reactions_as_tags': False, 'recent_reactions': []}",[],
adsbinfree,https://t.me/adsbinfree,910,2024-03-20 12:26:21,messege boost buyer nock me minimum $50/500,False,False,False,False,True,False,False,False,False,False,1621110337,,,,,,,,,31.0,0.0,,2024-03-20T12:26:50+00:00,,,,[],
adsbinfree,https://t.me/adsbinfree,911,2024-03-20 12:31:43,Thanks for feedback brother,False,False,False,False,True,False,False,True,False,False,1621110337,,,,,,,6.041943148160205e+18,,5.0,0.0,,2024-03-20T12:31:48+00:00,,,"{'_': 'MessageReactions', 'results': [], 'min': False, 'can_see_list': False, 'reactions_as_tags': False, 'recent_reactions': []}",[],
adsbinfree,https://t.me/adsbinfree,913,2024-03-20 18:54:43,You want check your charge cards manually click here,False,False,False,False,True,False,False,False,False,False,1621110337,,,,,,,,,54.0,0.0,,,,,,[],
adsbinfree,https://t.me/adsbinfree,916,2024-03-22 16:52:37,"আসসালামু <PERSON>️ contract support  ব্যাক সার্ভিস দেওয়া হয় ✅

🏧 মূল্য ২০০০ টাকা

❓ সাফল্যের হার: ৮০/৯০% ✅

🕛 সময় : ৪৮/৭২ ঘন্টা ✅

🔯 প্রয়োজনীয় তথ্য: বিজনেস <PERSON> লিংক দিতে হবে।
inbox : https://t.me/Shaboj455
🔯অবশ্যই এডমিন ডিল ৷

🔯না হলে টাকা আগে জমা দিতে হবে ৷",False,False,False,False,True,False,False,False,False,False,1621110337,,,,,,,,,38.0,0.0,,2024-03-22T16:58:49+00:00,,,"{'_': 'MessageReactions', 'results': [{'_': 'ReactionCount', 'reaction': {'_': 'ReactionEmoji', 'emoticon': '❤'}, 'count': 1, 'chosen_order': None}], 'min': False, 'can_see_list': False, 'reactions_as_tags': False, 'recent_reactions': []}",[],
adsbinfree,https://t.me/adsbinfree,918,2024-03-23 11:34:19,Finally Checker done...,False,False,False,False,True,False,False,True,False,False,1621110337,,,,,,,6.048445565437592e+18,,96.0,0.0,,2024-03-23T11:34:26+00:00,,,"{'_': 'MessageReactions', 'results': [{'_': 'ReactionCount', 'reaction': {'_': 'ReactionEmoji', 'emoticon': '❤'}, 'count': 2, 'chosen_order': None}, {'_': 'ReactionCount', 'reaction': {'_': 'ReactionEmoji', 'emoticon': '👏'}, 'count': 1, 'chosen_order': None}], 'min': False, 'can_see_list': False, 'reactions_as_tags': False, 'recent_reactions': []}",[],
adsbinfree,https://t.me/adsbinfree,920,2024-03-23 12:35:04,"🔒 Stay Private, Get Sure Shot Cards Easily! 🔒

Join us <DATE_TIME> at <DATE_TIME> for a special tech session on how to set up a checker that ensures you get sure shot cards effortlessly.

Stay ahead of the game and keep your transactions secure with our expert tips!

🔐 Stay {adsbinfree} private! Don't miss out! 🔐",False,False,False,False,True,False,False,True,False,False,1621110337,,,,,,,,,139.0,1.0,,2024-03-23T12:35:07+00:00,,,"{'_': 'MessageReactions', 'results': [{'_': 'ReactionCount', 'reaction': {'_': 'ReactionEmoji', 'emoticon': '❤'}, 'count': 3, 'chosen_order': None}], 'min': False, 'can_see_list': False, 'reactions_as_tags': False, 'recent_reactions': []}",[],
adsbinfree,https://t.me/adsbinfree,921,2024-03-23 12:44:51,"🔒 Stay Private, Get Sure Shot Cards Easily! 🔒

Looking for sure shot cards? We've got you covered!

✨ Available Now: Sure Shot Cards at only 650 tk per card.

Rest assured, all cards are thoroughly checked with our advanced checker for your peace of mind.

Don't miss out on this opportunity! Secure your cards <DATE_TIME>.

🔐 Stay {adsbinfree} private! Get yours now! 🔐

My Telegram: @fbadspro11",False,False,False,False,True,False,False,True,False,False,1621110337,,,,,,,6.336810520094555e+18,,131.0,3.0,,2024-03-23T12:45:14+00:00,,,"{'_': 'MessageReactions', 'results': [{'_': 'ReactionCount', 'reaction': {'_': 'ReactionEmoji', 'emoticon': '❤'}, 'count': 2, 'chosen_order': None}], 'min': False, 'can_see_list': False, 'reactions_as_tags': False, 'recent_reactions': []}",[],
adsbinfree,https://t.me/adsbinfree,922,2024-03-23 12:56:25,,False,False,True,False,True,False,False,True,False,False,1621110337,,,,,,,,,85.0,1.0,,2024-03-23T12:59:57+00:00,,,"{'_': 'MessageReactions', 'results': [{'_': 'ReactionCount', 'reaction': {'_': 'ReactionEmoji', 'emoticon': '❤'}, 'count': 2, 'chosen_order': None}], 'min': False, 'can_see_list': False, 'reactions_as_tags': False, 'recent_reactions': []}",[],
adsbinfree,https://t.me/adsbinfree,923,2024-03-23 13:08:20,"🔰BIN USE FB IG 100% Work🔰

💳BIN: 37674779xxx100x   rd/28
📂DATE : rd/28
🏧Cards Last: <IP_ADDRESS>.9
🌐IP: USA 🇺🇸
🧬| CC GEN: visatk
<NRP>
🖨 Send Screenshot : @kingofzero1
📥Checker : adsbinfree.com",False,False,False,False,True,False,False,True,False,False,1621110337,,,,,,,,,58.0,4.0,,2024-03-23T13:09:01+00:00,,,"{'_': 'MessageReactions', 'results': [{'_': 'ReactionCount', 'reaction': {'_': 'ReactionEmoji', 'emoticon': '❤'}, 'count': 3, 'chosen_order': None}], 'min': False, 'can_see_list': False, 'reactions_as_tags': False, 'recent_reactions': []}",[],
adsbinfree,https://t.me/adsbinfree,925,2024-03-23 15:16:15,,False,False,False,False,True,,False,,,,1621110337,,,,,,,,,,,,,,,,,
adsbinfree,https://t.me/adsbinfree,927,2024-03-23 15:25:49,,False,False,False,False,True,,False,,,,1621110337,,,,,,,,,,,,,,,,,
adsbinfree,https://t.me/adsbinfree,928,2024-03-23 15:55:33,"Just Start class auto pay cards making prosessing. 

Don’t miss private channels members. 

Look private channels. <DATE_TIME> Start class.",False,False,False,False,True,False,False,False,False,False,1621110337,,,,,,,,,26.0,1.0,,2024-03-23T15:56:12+00:00,,,"{'_': 'MessageReactions', 'results': [], 'min': False, 'can_see_list': False, 'reactions_as_tags': False, 'recent_reactions': []}",[],
adsbinfree,https://t.me/adsbinfree,930,2024-03-24 10:24:02,"Facebook Ads payments and ensure smooth transactions for your advertising endeavors. Stay tuned for expert tips, practical advice, and actionable insights to enhance your Facebook advertising experience. Full METHOD",False,False,False,False,True,False,False,True,False,False,1621110337,,,,,,,6.053083743570214e+18,,77.0,1.0,,2024-03-24T10:27:50+00:00,,,"{'_': 'MessageReactions', 'results': [{'_': 'ReactionCount', 'reaction': {'_': 'ReactionEmoji', 'emoticon': '❤'}, 'count': 2, 'chosen_order': None}], 'min': False, 'can_see_list': False, 'reactions_as_tags': False, 'recent_reactions': []}",[],
adsbinfree,https://t.me/adsbinfree,932,2024-03-24 19:53:31,new student success,False,False,False,False,True,False,False,True,False,False,1621110337,,,,,,,6.055110834989941e+18,,99.0,0.0,,2024-03-24T19:54:22+00:00,,,"{'_': 'MessageReactions', 'results': [{'_': 'ReactionCount', 'reaction': {'_': 'ReactionEmoji', 'emoticon': '❤'}, 'count': 2, 'chosen_order': None}, {'_': 'ReactionCount', 'reaction': {'_': 'ReactionEmoji', 'emoticon': '🥰'}, 'count': 1, 'chosen_order': None}], 'min': False, 'can_see_list': False, 'reactions_as_tags': False, 'recent_reactions': []}",[],
adsbinfree,https://t.me/adsbinfree,934,2024-03-25 07:31:37,"Discover the latest updates on Facebook Business Manager for <DATE_TIME> and explore effective methods for achieving account reinstatement. From understanding billing thresholds to mastering Republic Voice Tricks, we provide expert insights and actionable advice to streamline your verification journey.

🔍 Explore the timestamps below to jump to specific sections:
00:00 - Introduction
01:12 - Understanding Account Verification
03:45 - Facebook Reinstatement Strategies
06:20 - Navigating Facebook Business Manager <DATE_TIME>
09:10 - Instant Verification Techniques
11:45 - Optimizing Billing Thresholds
14:30 - Republic Voice Tricks Tutorial Series

Don't forget to like, share, and subscribe for more valuable content on digital marketing, social media strategies, and tech insights. Join our community to stay updated on the latest trends and developments in the digital landscape.  Now Watch Full Method",False,False,False,False,True,False,False,True,False,False,1621110337,,,,,,,6.055110834989941e+18,,53.0,2.0,,2024-03-25T07:31:44+00:00,,,"{'_': 'MessageReactions', 'results': [{'_': 'ReactionCount', 'reaction': {'_': 'ReactionEmoji', 'emoticon': '❤'}, 'count': 3, 'chosen_order': None}], 'min': False, 'can_see_list': False, 'reactions_as_tags': False, 'recent_reactions': []}",[],
adsbinfree,https://t.me/adsbinfree,936,2024-03-25 11:02:10,Thank for purchasing brother.,False,False,False,False,True,False,False,True,False,False,1621110337,,,,,,,6.057362634803625e+18,,286.0,0.0,,2024-03-25T11:02:13+00:00,,,"{'_': 'MessageReactions', 'results': [{'_': 'ReactionCount', 'reaction': {'_': 'ReactionEmoji', 'emoticon': '❤'}, 'count': 3, 'chosen_order': None}, {'_': 'ReactionCount', 'reaction': {'_': 'ReactionEmoji', 'emoticon': '👍'}, 'count': 1, 'chosen_order': None}], 'min': False, 'can_see_list': False, 'reactions_as_tags': False, 'recent_reactions': []}",[],
adsbinfree,https://t.me/adsbinfree,937,2024-03-25 11:07:20,"Facebook business manager Lagbe. 
1500 pc bm Lagbe. 

Bm saller inbox : @fbadspro11",False,False,False,False,True,False,False,True,False,False,1621110337,,,,,,,,,437.0,2.0,,2024-03-25T11:07:49+00:00,,,"{'_': 'MessageReactions', 'results': [{'_': 'ReactionCount', 'reaction': {'_': 'ReactionEmoji', 'emoticon': '❤'}, 'count': 1, 'chosen_order': None}], 'min': False, 'can_see_list': False, 'reactions_as_tags': False, 'recent_reactions': []}",[],
adsbinfree,https://t.me/adsbinfree,938,2024-03-25 12:03:15,Thanks for review brother <PERSON>,False,False,False,False,True,False,False,True,False,False,1621110337,,,,,,,6.057362634803625e+18,,279.0,0.0,,2024-03-25T12:03:17+00:00,,,"{'_': 'MessageReactions', 'results': [{'_': 'ReactionCount', 'reaction': {'_': 'ReactionEmoji', 'emoticon': '❤'}, 'count': 3, 'chosen_order': None}], 'min': False, 'can_see_list': False, 'reactions_as_tags': False, 'recent_reactions': []}",[],
adsbinfree,https://t.me/adsbinfree,939,2024-03-25 12:35:05,Thanks Brothers for given feedback,False,False,False,False,True,False,False,True,False,False,1621110337,,,,,,,6.057362634803625e+18,,397.0,1.0,,2024-03-25T12:35:07+00:00,,,"{'_': 'MessageReactions', 'results': [{'_': 'ReactionCount', 'reaction': {'_': 'ReactionEmoji', 'emoticon': '❤'}, 'count': 3, 'chosen_order': None}], 'min': False, 'can_see_list': False, 'reactions_as_tags': False, 'recent_reactions': []}",[],
adsbinfree,https://t.me/adsbinfree,940,2024-03-25 12:35:45,Thanks Brothers.... Love you❤️,False,False,False,False,True,False,False,True,False,False,1621110337,,,,,,,6.057362634803625e+18,,403.0,1.0,,2024-03-25T12:35:52+00:00,,,"{'_': 'MessageReactions', 'results': [{'_': 'ReactionCount', 'reaction': {'_': 'ReactionEmoji', 'emoticon': '❤'}, 'count': 3, 'chosen_order': None}], 'min': False, 'can_see_list': False, 'reactions_as_tags': False, 'recent_reactions': []}",[],
adsbinfree,https://t.me/adsbinfree,941,2024-03-25 12:37:02,Wow,False,False,False,False,True,False,False,True,False,False,1621110337,,,,,,,6.057362634803625e+18,,298.0,0.0,,2024-03-25T12:37:04+00:00,,,"{'_': 'MessageReactions', 'results': [{'_': 'ReactionCount', 'reaction': {'_': 'ReactionEmoji', 'emoticon': '❤'}, 'count': 4, 'chosen_order': None}, {'_': 'ReactionCount', 'reaction': {'_': 'ReactionEmoji', 'emoticon': '👍'}, 'count': 2, 'chosen_order': None}], 'min': False, 'can_see_list': False, 'reactions_as_tags': False, 'recent_reactions': []}",[],
adsbinfree,https://t.me/adsbinfree,942,2024-03-25 13:04:48,"✅ Sure Short Cards Available. 

❄️ Amex. 
💧 Visa.

Hold slove Granted. 

No Extra asking....... 

My Telegram: @fbadspro11",False,False,False,False,True,False,False,True,False,False,1621110337,,,,,,,,,284.0,0.0,,2024-03-25T13:04:52+00:00,,,"{'_': 'MessageReactions', 'results': [{'_': 'ReactionCount', 'reaction': {'_': 'ReactionEmoji', 'emoticon': '❤'}, 'count': 4, 'chosen_order': None}], 'min': False, 'can_see_list': False, 'reactions_as_tags': False, 'recent_reactions': []}",[],
adsbinfree,https://t.me/adsbinfree,943,2024-03-25 17:10:22,Thanks brother,False,False,False,False,True,False,False,True,False,False,1621110337,,,,,,,6.057362634803625e+18,,223.0,0.0,,2024-03-25T17:10:24+00:00,,,"{'_': 'MessageReactions', 'results': [{'_': 'ReactionCount', 'reaction': {'_': 'ReactionEmoji', 'emoticon': '❤'}, 'count': 5, 'chosen_order': None}], 'min': False, 'can_see_list': False, 'reactions_as_tags': False, 'recent_reactions': []}",[],
adsbinfree,https://t.me/adsbinfree,945,2024-03-26 07:47:13,"Auto Pay Bin Sale.
New Bin 4 Bin 400 tk.
High Balance Bin .",False,False,False,False,True,False,False,True,False,False,1621110337,,,,,,,,,39.0,0.0,,2024-03-26T07:47:56+00:00,,,"{'_': 'MessageReactions', 'results': [{'_': 'ReactionCount', 'reaction': {'_': 'ReactionEmoji', 'emoticon': '❤'}, 'count': 4, 'chosen_order': None}, {'_': 'ReactionCount', 'reaction': {'_': 'ReactionEmoji', 'emoticon': '🔥'}, 'count': 2, 'chosen_order': None}], 'min': False, 'can_see_list': False, 'reactions_as_tags': False, 'recent_reactions': []}",[],
adsbinfree,https://t.me/adsbinfree,949,2024-03-26 08:52:06,"✅ Sure Short Cards Available. 

❄️ Amex. 
💧 Visa.

Hold slove Granted. 

No Extra asking....... 

My Telegram: @fbadspro11",False,False,False,False,True,False,False,True,False,False,1621110337,,,,,,,6.060143926775497e+18,,90.0,0.0,,2024-03-26T08:52:09+00:00,,,"{'_': 'MessageReactions', 'results': [{'_': 'ReactionCount', 'reaction': {'_': 'ReactionEmoji', 'emoticon': '❤'}, 'count': 3, 'chosen_order': None}], 'min': False, 'can_see_list': False, 'reactions_as_tags': False, 'recent_reactions': []}",[],
adsbinfree,https://t.me/adsbinfree,950,2024-03-26 08:56:37,"🔰BIN USE FB IG🔰

💳BIN: 3737623xxxxx00x
📂DATE : 02|28
🏧Cards Last:2003,3004,2018,7000,3003
🌐IP: USA 🇺🇸
🧬| CC GEN: https://toolfuz.com/checker/Generator/
<NRP>
🖨 Send Screenshot : @kingofzero1
📥Checker : https://rb.gy/ypf68g",False,False,False,False,True,False,False,True,False,False,1621110337,,,,,,,,,134.0,6.0,,2024-03-26T08:57:38+00:00,,,"{'_': 'MessageReactions', 'results': [{'_': 'ReactionCount', 'reaction': {'_': 'ReactionEmoji', 'emoticon': '❤'}, 'count': 3, 'chosen_order': None}], 'min': False, 'can_see_list': False, 'reactions_as_tags': False, 'recent_reactions': []}",[],
adsbinfree,https://t.me/adsbinfree,954,2024-03-29 01:19:22,"🔍 Introducing Our Credit Card Balance Checker Bot!

Are you tired of manually checking your credit card balances? Say goodbye to the hassle with our state-of-the-art Credit Card Balance Checker Bot! Whether you're a financial institution, a credit card issuer, or an individual looking to manage your cards more efficiently, our bot has you covered.

🛠 Key Features:

Automated Balance Checking: Instantly fetch the balance of any credit card with just a simple command.
Secure and Reliable: Built with top-notch security protocols to ensure the safety of your sensitive card data.
User-Friendly Interface: Intuitive and easy-to-use interface suitable for both businesses and individuals.
Customizable Options: Tailor the bot to suit your specific needs and preferences.
24/7 Support: Our dedicated support team is available around the clock to assist you with any inquiries or issues.
💼 Who Can Benefit?

Financial Institutions: Streamline your card management processes and enhance customer satisfaction.
Credit Card Issuers: Provide added convenience to your cardholders and improve user experience.
Individuals: Keep track of your card balances effortlessly and stay on top of your finances.
🚀 Get Started <DATE_TIME>!
Don't miss out on the opportunity to revolutionize the way you manage credit card balances. Contact us now to learn more and schedule a demo of our Credit Card Balance Checker Bot!

📞 Contact Information: Telegram @fbadspro11",False,False,False,False,True,False,False,True,False,False,1621110337,,,,,,,,,108.0,2.0,,2024-03-29T01:20:42+00:00,,,"{'_': 'MessageReactions', 'results': [{'_': 'ReactionCount', 'reaction': {'_': 'ReactionEmoji', 'emoticon': '❤'}, 'count': 3, 'chosen_order': None}, {'_': 'ReactionCount', 'reaction': {'_': 'ReactionEmoji', 'emoticon': '👍'}, 'count': 2, 'chosen_order': None}], 'min': False, 'can_see_list': False, 'reactions_as_tags': False, 'recent_reactions': []}",[],
adsbinfree,https://t.me/adsbinfree,956,2024-03-29 10:17:20,"🚀 Exciting news for Facebook advertisers! Learn how to manage prepaid funds, resolve payment holds, and optimize your ad budget effectively. Watch our latest video now for expert tips and solutions! 💡💰 #FacebookAds #PrepaidFunds #AdvertisingTips                                                                                                                                                                                                          Watch Full Video",False,False,False,False,True,False,False,True,False,False,1621110337,,,,,,,6.06653738502755e+18,,64.0,1.0,,2024-03-29T10:17:46+00:00,,,"{'_': 'MessageReactions', 'results': [{'_': 'ReactionCount', 'reaction': {'_': 'ReactionEmoji', 'emoticon': '❤'}, 'count': 4, 'chosen_order': None}], 'min': False, 'can_see_list': False, 'reactions_as_tags': False, 'recent_reactions': []}",[],
adsbinfree,https://t.me/adsbinfree,958,2024-03-29 10:41:19,,False,False,False,False,True,False,False,True,False,False,1621110337,,,,,,,6.06653738502755e+18,,107.0,0.0,,2024-03-29T10:50:59+00:00,,,"{'_': 'MessageReactions', 'results': [{'_': 'ReactionCount', 'reaction': {'_': 'ReactionEmoji', 'emoticon': '❤'}, 'count': 3, 'chosen_order': None}], 'min': False, 'can_see_list': False, 'reactions_as_tags': False, 'recent_reactions': []}",[],
adsbinfree,https://t.me/adsbinfree,959,2024-03-29 10:57:49,,False,False,False,False,True,False,False,True,False,False,1621110337,,,,,,,6.06653738502755e+18,,66.0,1.0,,2024-03-29T11:01:20+00:00,,,"{'_': 'MessageReactions', 'results': [{'_': 'ReactionCount', 'reaction': {'_': 'ReactionEmoji', 'emoticon': '❤'}, 'count': 4, 'chosen_order': None}], 'min': False, 'can_see_list': False, 'reactions_as_tags': False, 'recent_reactions': []}",[],
adsbinfree,https://t.me/adsbinfree,961,2024-03-29 12:19:29,"Pre-paid loaded bin jar kache ache aktu share koren  amar shate  vai.

<PERSON> din 50 pc cards kine proti cards $5/$13 er upore painai cards balance.

Help korle help paben.

Telegram: @fbadspro11",False,False,False,False,True,False,False,False,False,False,1621110337,,,,,,,,,68.0,1.0,,2024-03-29T12:20:02+00:00,,,"{'_': 'MessageReactions', 'results': [{'_': 'ReactionCount', 'reaction': {'_': 'ReactionEmoji', 'emoticon': '❤'}, 'count': 3, 'chosen_order': None}], 'min': False, 'can_see_list': False, 'reactions_as_tags': False, 'recent_reactions': []}",[],
adsbinfree,https://t.me/adsbinfree,962,2024-03-29 12:27:52,,False,False,False,False,True,,False,,,,1621110337,,,,,,,,,,,,,,,,,
adsbinfree,https://t.me/adsbinfree,964,2024-03-29 14:10:38,"Facebook due personal account need.

Due $2 only accepted. 

<PERSON> me just @fbadspro11",False,False,False,False,True,False,False,True,False,False,1621110337,,,,,,,,,74.0,0.0,,2024-03-29T14:11:06+00:00,,,"{'_': 'MessageReactions', 'results': [{'_': 'ReactionCount', 'reaction': {'_': 'ReactionEmoji', 'emoticon': '❤'}, 'count': 4, 'chosen_order': None}], 'min': False, 'can_see_list': False, 'reactions_as_tags': False, 'recent_reactions': []}",[],
adsbinfree,https://t.me/adsbinfree,966,2024-03-31 16:01:25,check private already runnig class,False,False,False,False,True,False,False,True,False,False,1621110337,,,,,,,,,23.0,0.0,,2024-03-31T16:01:34+00:00,,,"{'_': 'MessageReactions', 'results': [{'_': 'ReactionCount', 'reaction': {'_': 'ReactionEmoji', 'emoticon': '❤'}, 'count': 2, 'chosen_order': None}], 'min': False, 'can_see_list': False, 'reactions_as_tags': False, 'recent_reactions': []}",[],
adsbinfree,https://t.me/adsbinfree,968,2024-04-03 08:39:48,"Everyone automated you get your products. 

Just complete payments than you get download link.


Here is your products",False,False,False,False,True,False,False,False,True,False,1621110337,,,,,,,6.082131758444297e+18,,99.0,1.0,,2024-04-03T08:42:20+00:00,,,"{'_': 'MessageReactions', 'results': [{'_': 'ReactionCount', 'reaction': {'_': 'ReactionEmoji', 'emoticon': '❤'}, 'count': 4, 'chosen_order': None}, {'_': 'ReactionCount', 'reaction': {'_': 'ReactionEmoji', 'emoticon': '👍'}, 'count': 1, 'chosen_order': None}], 'min': False, 'can_see_list': False, 'reactions_as_tags': False, 'recent_reactions': []}",[],
adsbinfree,https://t.me/adsbinfree,969,2024-04-03 08:41:44,,False,False,False,True,True,,False,,,,1621110337,,,,968.0,False,False,,,,,,,,,,,
