Channel ID,URL,Post ID,date,message,out,mentioned,media_unread,silent,post,from_scheduled,legacy,edit_hide,pinned,noforwards,peer_channel,from_id_user,fwd_from,via_bot_id,reply_to_msg_id,reply_to_scheduled,forum_topic,media_photo_id,reply_markup,views,forwards,replies,edit_date,post_author,grouped_id,reactions,restriction_reason,ttl_period
agedacct,https://t.me/agedacct,3350,2024-01-07 02:52:19,"Celebrity Followed Twitter Account with 16000 Followers

Twitter account with 16000 established followers, followed by <PERSON>, <PERSON>, <PERSON> and Burger King. Good for business and personal use.

Not only that, this our starter account…",False,False,False,False,True,False,False,False,False,False,1291685951,,,,,,,5.823285267904184e+18,"{'_': 'ReplyInlineMarkup', 'rows': [{'_': 'KeyboardButtonRow', 'buttons': [{'_': 'KeyboardButtonUrl', 'text': '🔗 View Product', 'url': 'https://buysocia.com/product/celebrity-followed-twitter-account-with-16000-followers/'}]}]}",479,1,,,,,,[],
agedacct,https://t.me/agedacct,3352,2024-01-07 06:50:06,SOLD ✅✅✅,False,False,False,False,True,False,False,False,False,False,1291685951,,,,3347.0,False,False,,,460,0,,,,,,[],
agedacct,https://t.me/agedacct,3353,2024-01-08 18:14:49,"Twitter Account with 54k Followers

Twitter Account with 54000 real followers, can be used for any purpose as all previous tweets has been deleted.

The account was created in <DATE_TIME> and it was grown organically.…",False,False,False,False,True,False,False,True,False,False,1291685951,,,,,,,5.830007643341702e+18,"{'_': 'ReplyInlineMarkup', 'rows': [{'_': 'KeyboardButtonRow', 'buttons': [{'_': 'KeyboardButtonUrl', 'text': '🔗 View Product', 'url': 'https://buysocia.com/product/twitter-account-with-54k-followers/'}]}]}",491,0,,2024-01-08T23:06:26+00:00,,,"{'_': 'MessageReactions', 'results': [], 'min': False, 'can_see_list': False, 'reactions_as_tags': False, 'recent_reactions': []}",[],
agedacct,https://t.me/agedacct,3354,2024-01-11 05:42:02,"Twitter Account with 120k Followers

Twitter Account with 121000 followers, High % of European Followers, Followed by top users, Can be rebranded for any purpose. Account was initially inactive for a while but with its…",False,False,False,False,True,False,False,False,False,False,1291685951,,,,,,,5.834743965772005e+18,"{'_': 'ReplyInlineMarkup', 'rows': [{'_': 'KeyboardButtonRow', 'buttons': [{'_': 'KeyboardButtonUrl', 'text': '🔗 View Product', 'url': 'https://buysocia.com/product/twitter-account-with-120k-followers/'}]}]}",503,3,,,,,,[],
agedacct,https://t.me/agedacct,3355,2024-01-15 04:16:07,SOLD ✅✅✅,False,False,False,False,True,False,False,False,False,False,1291685951,,,,3350.0,False,False,,,412,0,,,,,,[],
agedacct,https://t.me/agedacct,3358,2024-01-16 13:53:59,"Celebrity Followed Twitter Account with 17000 Followers

Twitter account with 17000 established followers, followed byLouis <PERSON>, <PERSON> and <PERSON>. Good for business and personal use.

Not only that, this our starter account is a great…",False,False,False,False,True,False,False,False,False,False,1291685951,,,,,,,5.85253992653978e+18,"{'_': 'ReplyInlineMarkup', 'rows': [{'_': 'KeyboardButtonRow', 'buttons': [{'_': 'KeyboardButtonUrl', 'text': '🔗 View Product', 'url': 'https://buysocia.com/product/celebrity-followed-twitter-account-with-17000-followers/'}]}]}",387,0,,,,,,[],
agedacct,https://t.me/agedacct,3359,2024-01-18 16:53:36,"🕊New GIF Twitter in stock 

<PERSON> profile pic",False,False,False,False,True,False,False,False,False,False,1291685951,,,,,,,,,400,0,,,,,,[],
agedacct,https://t.me/agedacct,3360,2024-01-22 23:17:28,"36k Twitter Account Followed by <PERSON>

Twitter account with 36000 established followers, followed by <NRP> Actor and Hollywood icon <PERSON>. Good for business and personal use.

Not only that, this established account is a great…",False,False,False,False,True,False,False,False,False,False,1291685951,,,,,,,5.870625174829777e+18,"{'_': 'ReplyInlineMarkup', 'rows': [{'_': 'KeyboardButtonRow', 'buttons': [{'_': 'KeyboardButtonUrl', 'text': '🔗 View Product', 'url': 'https://buysocia.com/product/36k-twitter-account-followed-by-tom-cruise/'}]}]}",337,2,,,,,,[],
agedacct,https://t.me/agedacct,3361,2024-01-23 16:02:36,"Twitter Account with 69000 Followers

Music themed Twitter account with 69000 organic followers, followed by users with interests in anything music related. Perfect account for producers, DJs, Artistes and other ceatives.

Being an established account,…",False,False,False,False,True,False,False,False,False,False,1291685951,,,,,,,5.872876974643462e+18,"{'_': 'ReplyInlineMarkup', 'rows': [{'_': 'KeyboardButtonRow', 'buttons': [{'_': 'KeyboardButtonUrl', 'text': '🔗 View Product', 'url': 'https://buysocia.com/product/twitter-account-with-69000-followers/'}]}]}",359,0,,,,,,[],
agedacct,https://t.me/agedacct,3362,2024-01-23 18:36:11,"Twitter Account with 15000 Followers

Music themed Twitter account with 15000 followers. Followed by users with interests in anything music related. Perfect account for producers, DJs, Artistes and other ceatives.

Being an established account, it’s…",False,False,False,False,True,False,False,False,False,False,1291685951,,,,,,,5.872876974643462e+18,"{'_': 'ReplyInlineMarkup', 'rows': [{'_': 'KeyboardButtonRow', 'buttons': [{'_': 'KeyboardButtonUrl', 'text': '🔗 View Product', 'url': 'https://buysocia.com/product/twitter-account-with-15000-followers/'}]}]}",428,0,,,,,,[],
agedacct,https://t.me/agedacct,3363,2024-01-24 08:30:10,"Crypto/NFT Twitter Account with 59k Followers

Crypto/NFT Twitter Account with 110000 followers, High % of European Followers, Followed by top users, blue verified and good for boosting new and existing projects.

The account was created in…",False,False,False,False,True,False,False,False,False,False,1291685951,,,,,,,5.874980628150206e+18,"{'_': 'ReplyInlineMarkup', 'rows': [{'_': 'KeyboardButtonRow', 'buttons': [{'_': 'KeyboardButtonUrl', 'text': '🔗 View Product', 'url': 'https://buysocia.com/product/crypto-nft-twitter-account-with-59k-followers/'}]}]}",463,4,,,,,,[],
agedacct,https://t.me/agedacct,3365,2024-02-12 20:21:51,"Twitter Accounts with 3000 Followers

Interested in established Twitter accounts with real followers, then you have come to the right place. We offer aged Twitter accounts that have 3000 plus authentic followers. See sample here…",False,False,False,False,True,False,False,False,False,False,1291685951,,,,,,,5.931532720234676e+18,"{'_': 'ReplyInlineMarkup', 'rows': [{'_': 'KeyboardButtonRow', 'buttons': [{'_': 'KeyboardButtonUrl', 'text': '🔗 View Product', 'url': 'https://buysocia.com/product/twitter-accounts-with-3000-followers/'}]}]}",237,1,,,,,,[],
agedacct,https://t.me/agedacct,3367,2024-02-14 00:47:05,"Active Twitter Account with 102k Followers

Active Twitter Account with 102000 organic followers and very good engagement. Content is random quotes/memes, can be rebranded and used for any purpose.

The account was created in <DATE_TIME> and…",False,False,False,False,True,False,False,False,False,False,1291685951,,,,,,,5.936036319862047e+18,"{'_': 'ReplyInlineMarkup', 'rows': [{'_': 'KeyboardButtonRow', 'buttons': [{'_': 'KeyboardButtonUrl', 'text': '🔗 View Product', 'url': 'https://buysocia.com/product/active-twitter-account-with-102k-followers/'}]}]}",224,2,,,,,,[],
agedacct,https://t.me/agedacct,3368,2024-02-14 06:23:24,"1k followers Twitter Followed by <PERSON>

Exclusive Twitter Account followed by <NRP> singer-songwriter <PERSON>

The <NRP> singer has over 66 million followers, and this account is one of the few she follows back

Additionally, the…",False,False,False,False,True,False,False,False,False,False,1291685951,,,,,,,5.93593057776722e+18,"{'_': 'ReplyInlineMarkup', 'rows': [{'_': 'KeyboardButtonRow', 'buttons': [{'_': 'KeyboardButtonUrl', 'text': '🔗 View Product', 'url': 'https://buysocia.com/product/1k-followers-twitter-followed-by-selena-gomez/'}]}]}",227,0,,,,,,[],
agedacct,https://t.me/agedacct,3371,2024-02-15 19:00:48,SOLD ✅✅✅,False,False,False,False,True,False,False,True,False,False,1291685951,,,,3367.0,False,False,,,170,0,,2024-02-15T22:10:42+00:00,,,"{'_': 'MessageReactions', 'results': [], 'min': False, 'can_see_list': False, 'reactions_as_tags': False, 'recent_reactions': []}",[],
agedacct,https://t.me/agedacct,3372,2024-02-16 09:19:47,"Twitter with 27k Followers | Followed by <PERSON>

Twitter account with 27000 followers, followed by <PERSON>, <PERSON>, King bach and others. Good for business and personal use.

Not only that, this our starter account is a…",False,False,False,False,True,False,False,False,False,False,1291685951,,,,,,,5.942525092028336e+18,"{'_': 'ReplyInlineMarkup', 'rows': [{'_': 'KeyboardButtonRow', 'buttons': [{'_': 'KeyboardButtonUrl', 'text': '🔗 View Product', 'url': 'https://buysocia.com/product/twitter-with-27k-followers-followed-by-justin-bieber/'}]}]}",171,1,,,,,,[],
agedacct,https://t.me/agedacct,3373,2024-02-17 10:47:08,"Twitter Account with 44k Followers

Twitter Account with 44000 followers, followed by <PERSON>. Can be used for any purpose as all previous tweets has been deleted.

The account was created in <DATE_TIME> and it was…",False,False,False,False,True,False,False,False,False,False,1291685951,,,,,,,5.945279330001208e+18,"{'_': 'ReplyInlineMarkup', 'rows': [{'_': 'KeyboardButtonRow', 'buttons': [{'_': 'KeyboardButtonUrl', 'text': '🔗 View Product', 'url': 'https://buysocia.com/product/twitter-account-with-44k-followers/'}]}]}",171,1,,,,,,[],
agedacct,https://t.me/agedacct,3374,2024-02-18 15:07:32,"Crypto/NFT Twitter Account with 10k Followers

Are you looking for a top-notch Crypto/NFT related Twitter account that boasts an impressive 10,000 followers? Look no further because we have just what you need.

Not only is this…",False,False,False,False,True,False,False,False,False,False,1291685951,,,,,,,5.949782929628577e+18,"{'_': 'ReplyInlineMarkup', 'rows': [{'_': 'KeyboardButtonRow', 'buttons': [{'_': 'KeyboardButtonUrl', 'text': '🔗 View Product', 'url': 'https://buysocia.com/product/crypto-nft-twitter-account-with-10k-followers/'}]}]}",167,1,,,,,,[],
agedacct,https://t.me/agedacct,3375,2024-02-19 13:43:18,"Twitter Account with 9k Followers

Twitter Account with 9000 organic followers. Can be used for any purpose as all previous tweets has been deleted.

The account was created in <DATE_TIME> and it was grown organically.…",False,False,False,False,True,False,False,False,False,False,1291685951,,,,,,,5.954127542451552e+18,"{'_': 'ReplyInlineMarkup', 'rows': [{'_': 'KeyboardButtonRow', 'buttons': [{'_': 'KeyboardButtonUrl', 'text': '🔗 View Product', 'url': 'https://buysocia.com/product/twitter-account-with-9k-followers/'}]}]}",162,0,,,,,,[],
agedacct,https://t.me/agedacct,3376,2024-02-24 11:21:38,"Blue verified Twitter with <PERSON>

Twitter Account with 116000 followers, with <DATE_TIME> of Twitter Blue Subscription. Has real quality followers which includes some large crypto pages. The acount can be re-configured and used for…",False,False,False,False,True,False,False,False,False,False,1291685951,,,,,,,5.965506547201196e+18,"{'_': 'ReplyInlineMarkup', 'rows': [{'_': 'KeyboardButtonRow', 'buttons': [{'_': 'KeyboardButtonUrl', 'text': '🔗 View Product', 'url': 'https://buysocia.com/product/blue-verified-twitter-with-116k-followers/'}]}]}",78,1,,,,,,[],
agedacct,https://t.me/agedacct,3378,2024-02-28 06:28:52,"Twitter Account Followed by <PERSON> followed by <NRP> singer-songwriter <PERSON>

The <NRP> singer has over 3 million followers, and this account is one of the few she follows back

Additionally, the…",False,False,False,False,True,False,False,False,False,False,1291685951,,,,,,,5.978986267699955e+18,"{'_': 'ReplyInlineMarkup', 'rows': [{'_': 'KeyboardButtonRow', 'buttons': [{'_': 'KeyboardButtonUrl', 'text': '🔗 View Product', 'url': 'https://buysocia.com/product/twitter-account-followed-by-madison-beer/'}]}]}",14,0,,,,,,[],
agedacct,https://t.me/agedacct,3382,2024-03-01 16:41:48,"Twitter Accounts with 7k Followers

Looking for Twitter accounts that are already established with real followers, then you have come to the right place. We offer aged Twitter accounts that have 7000+ authentic followers, making…",False,False,False,False,True,False,False,False,False,False,1291685951,,,,,,,5.985367261956915e+18,"{'_': 'ReplyInlineMarkup', 'rows': [{'_': 'KeyboardButtonRow', 'buttons': [{'_': 'KeyboardButtonUrl', 'text': '🔗 View Product', 'url': 'https://buysocia.com/product/twitter-accounts-with-7k-followers/'}]}]}",19,0,,,,,,[],
agedacct,https://t.me/agedacct,3386,2024-03-07 18:29:31,"Twitter Accounts with 5k-6k Followers

Looking for Twitter accounts that are already established with real followers, then you have come to the right place. We offer aged Twitter accounts that have 5000+ authentic followers, making…",False,False,False,False,True,False,False,False,False,False,1291685951,,,,,,,6.003469045871002e+18,"{'_': 'ReplyInlineMarkup', 'rows': [{'_': 'KeyboardButtonRow', 'buttons': [{'_': 'KeyboardButtonUrl', 'text': '🔗 View Product', 'url': 'https://buysocia.com/product/twitter-accounts-with-5k-6k-followers/'}]}]}",9,0,,,,,,[],
agedacct,https://t.me/agedacct,3388,2024-03-07 18:54:16,"Aged <DATE_TIME> Twitter with 5k Followers | 4 Letters Username

Aged <DATE_TIME> Twitter Account with a four letter username, has 5000 existing followers, suitable for personal or business use.

This account is a great option for those who want to…",False,False,False,False,True,False,False,False,False,False,1291685951,,,,,,,6.003469045871002e+18,"{'_': 'ReplyInlineMarkup', 'rows': [{'_': 'KeyboardButtonRow', 'buttons': [{'_': 'KeyboardButtonUrl', 'text': '🔗 View Product', 'url': 'https://buysocia.com/product/aged-2007-twitter-with-5k-followers-4-letters-username/'}]}]}",16,0,,,,,,[],
agedacct,https://t.me/agedacct,3395,2024-03-24 06:10:06,"Aged <DATE_TIME> Twitter with 5k Followers

This aged account has over 5000 followers and is a good fit for any purpose.

What makes it even more unique is that it was created way back in <DATE_TIME>…",False,False,False,False,True,False,False,False,False,False,1291685951,,,,,,,5.764977053886693e+18,"{'_': 'ReplyInlineMarkup', 'rows': [{'_': 'KeyboardButtonRow', 'buttons': [{'_': 'KeyboardButtonUrl', 'text': '🔗 View Product', 'url': 'https://buysocia.com/product/aged-2008-twitter-with-5k-followers/'}]}]}",12,0,,,,,,[],
agedacct,https://t.me/agedacct,3397,2024-03-29 15:38:04,"<DATE_TIME> Twitter Accounts with no followers. These accounts are rare due to their year of creation, <DATE_TIME> after Twitter was created.

These are perfect accounts for a…",False,False,False,False,True,False,False,False,False,False,1291685951,,,,,,,5.780697845370832e+18,"{'_': 'ReplyInlineMarkup', 'rows': [{'_': 'KeyboardButtonRow', 'buttons': [{'_': 'KeyboardButtonUrl', 'text': '🔗 View Product', 'url': 'https://buysocia.com/product/aged-2007-twitter-accounts-no-followers/'}]}]}",29,0,,,,,,[],
agedacct,https://t.me/agedacct,3399,2024-04-01 11:31:03,"Crypto/NFT Twitter with <PERSON>

Followed by some top users in the crypto/nft space, this crypto related Twitter account has 16000 active followers and it’s a perfect account for new and existing projects.

Not only…",False,False,False,False,True,False,False,True,False,False,1291685951,,,,,,,5.789732296193066e+18,"{'_': 'ReplyInlineMarkup', 'rows': [{'_': 'KeyboardButtonRow', 'buttons': [{'_': 'KeyboardButtonUrl', 'text': '🔗 View Product', 'url': 'https://buysocia.com/product/crypto-nft-twitter-with-16k-followers/'}]}]}",16,0,,2024-04-01T11:32:57+00:00,,,"{'_': 'MessageReactions', 'results': [], 'min': False, 'can_see_list': False, 'reactions_as_tags': False, 'recent_reactions': []}",[],
agedacct,https://t.me/agedacct,3401,2024-04-01 22:50:17,"Twitter Accounts with 9000 Followers

Twitter Accounts with 9000 organic followers. Can be used for any purpose as all previous tweets has been deleted.

The account were created in <DATE_TIME> and grown organically. This means…",False,False,False,False,True,False,False,False,False,False,1291685951,,,,,,,5.789732296193066e+18,"{'_': 'ReplyInlineMarkup', 'rows': [{'_': 'KeyboardButtonRow', 'buttons': [{'_': 'KeyboardButtonUrl', 'text': '🔗 View Product', 'url': 'https://buysocia.com/product/twitter-accounts-with-9000-followers/'}]}]}",38,0,,,,,,[],
agedacct,https://t.me/agedacct,3402,2024-04-01 23:13:01,"Twitter Account with 13000 Followers

Looking for Twitter accounts that are already established with real followers, then you have come to the right place. We offer aged Twitter account with 13k authentic followers, making it…",False,False,False,False,True,False,False,False,False,False,1291685951,,,,,,,5.789732296193066e+18,"{'_': 'ReplyInlineMarkup', 'rows': [{'_': 'KeyboardButtonRow', 'buttons': [{'_': 'KeyboardButtonUrl', 'text': '🔗 View Product', 'url': 'https://buysocia.com/product/twitter-account-with-13000-followers/'}]}]}",25,0,,,,,,[],
agedacct,https://t.me/agedacct,3404,2024-04-02 16:42:52,SOLD ✅,False,False,False,False,True,False,False,False,False,False,1291685951,,,,3402.0,False,False,,,23,0,,,,,,[],
agedacct,https://t.me/agedacct,3405,2024-04-02 16:43:15,SOLD ✅,False,False,False,False,True,False,False,False,False,False,1291685951,,,,3389.0,False,False,,,22,0,,,,,,[],
agedacct,https://t.me/agedacct,3406,2024-04-02 16:43:31,SOLD ✅,False,False,False,False,True,False,False,False,False,False,1291685951,,,,,,,,,19,0,,,,,,[],
agedacct,https://t.me/agedacct,3407,2024-04-02 16:44:02,Twitter Account followed by <PERSON> and <PERSON> ($1000),False,False,False,False,True,False,False,False,False,False,1291685951,,,,,,,,,17,0,,,,,,[],
agedacct,https://t.me/agedacct,3408,2024-04-02 16:44:39,SOLD ✅,False,False,False,False,True,False,False,False,False,False,1291685951,,,,3407.0,False,False,,,11,0,,,,,,[],
