Channel ID,URL,Post ID,date,message,out,mentioned,media_unread,silent,post,from_scheduled,legacy,edit_hide,pinned,noforwards,peer_channel,from_id_user,fwd_from,via_bot_id,reply_to_msg_id,reply_to_scheduled,forum_topic,media_photo_id,reply_markup,views,forwards,replies,edit_date,post_author,grouped_id,reactions,restriction_reason,ttl_period
akgoogleads,https://t.me/akgoogleads,1573,2024-01-01 16:30:11,"Fb ads 900$ available 
Price only 100$
Replacement guarantee if suspend 
Only interested people ping me 
@adwordseller",False,False,False,False,True,False,False,True,False,False,1303629620,,,,,,,6.095867948620167e+18,,965,4,,2024-01-02T15:56:53+00:00,Adwordseller 🔵,,,[],
akgoogleads,https://t.me/akgoogleads,1574,2024-01-02 03:43:18,"Fb ads 125$ threshold 
Price is only 30$
Only interested people ping me 
@adwordseller",False,False,False,False,True,False,False,True,False,False,1303629620,,,,,,,6.098119748433853e+18,,1062,2,,2024-01-04T03:49:11+00:00,Adwordseller 🔵,,,[],
akgoogleads,https://t.me/akgoogleads,1576,2024-01-06 02:32:23,"Fb ads 600$ account available 
Spending limit 1500$
Price only 65$
Replacement guarantee 
Only interested people ping me
@adwordseller",False,False,False,False,True,False,False,True,False,False,1303629620,,,,,,,6.109678355830913e+18,,928,1,,2024-01-06T15:56:31+00:00,Adwordseller 🔵,1.363606675125474e+16,,[],
akgoogleads,https://t.me/akgoogleads,1577,2024-01-07 11:01:14,"10000$ Google ads invoice account available 
Price only 550$ 

 Note - invoice account never suspended 

Only interested people ping me 
@adwordseller",False,False,False,False,True,False,False,True,False,False,1303629620,,,,,,,6.113778713863765e+18,,903,0,,2024-01-08T07:50:15+00:00,Adwordseller 🔵,,,[],
akgoogleads,https://t.me/akgoogleads,1578,2024-01-09 14:27:09,"Fb ads account available 
Price 35$
Time pass stay away 
Only interested people ping me 
@adwordseller",False,False,False,False,True,False,False,True,False,False,1303629620,,,,,,,6.118649816662784e+18,,833,2,,2024-01-09T14:29:08+00:00,Adwordseller 🔵,,,[],
akgoogleads,https://t.me/akgoogleads,1579,2024-01-13 10:06:06,"FRESH SSN(SOCIAL  SECURITY NUMBERS)SELLER

you will get
(ssn,name,dob,adress,phone )

THESE SSN YOU USE FOR CREATEING BANK ACCOUNTS 


3$ per ssn
IF ANYONE WANT FRESH OR REAL SSN MSG me
@adwordseller",False,False,False,False,True,False,False,False,False,False,1303629620,,"{'_': 'MessageFwdHeader', 'date': '2022-12-08T03:58:56+00:00', 'imported': False, 'saved_out': False, 'from_id': {'_': 'PeerChannel', 'channel_id': 1303629620}, 'from_name': None, 'channel_post': 1255, 'post_author': 'Adwordseller 🔵', 'saved_from_peer': None, 'saved_from_msg_id': None, 'saved_from_id': None, 'saved_from_name': None, 'saved_date': None, 'psa_type': None}",,,,,,,542,0,,,Adwordseller 🔵,,,[],
akgoogleads,https://t.me/akgoogleads,1580,2024-01-13 10:06:06,"SSN with driving licence available in bulk
SSN with driving licence price is 15$

SSN with pasport also available price is 80$
no demo
timepass stay away
interested people msg me anytime
👇👇👇👇
@adwordseller",False,False,False,False,True,False,False,False,False,False,1303629620,,"{'_': 'MessageFwdHeader', 'date': '2022-12-08T03:58:57+00:00', 'imported': False, 'saved_out': False, 'from_id': {'_': 'PeerChannel', 'channel_id': 1303629620}, 'from_name': None, 'channel_post': 1256, 'post_author': 'Adwordseller 🔵', 'saved_from_peer': None, 'saved_from_msg_id': None, 'saved_from_id': None, 'saved_from_name': None, 'saved_date': None, 'psa_type': None}",,,,,6.244256014975219e+18,,650,0,,,Adwordseller 🔵,,,[],
akgoogleads,https://t.me/akgoogleads,1581,2024-01-13 10:06:06,"SSN price 3$
SSN with driving licence in 15$
SSN for specific state in 40$
SSN with driving licence+pasport in 80$
SSN for specific name/person in 150$
Fullz in 180$",False,False,False,False,True,False,False,False,False,False,1303629620,,"{'_': 'MessageFwdHeader', 'date': '2022-12-18T01:39:06+00:00', 'imported': False, 'saved_out': False, 'from_id': {'_': 'PeerChannel', 'channel_id': 1303629620}, 'from_name': None, 'channel_post': 1269, 'post_author': 'Adwordseller 🔵', 'saved_from_peer': None, 'saved_from_msg_id': None, 'saved_from_id': None, 'saved_from_name': None, 'saved_date': None, 'psa_type': None}",,,,,,,676,0,,,Adwordseller 🔵,,,[],
akgoogleads,https://t.me/akgoogleads,1582,2024-01-15 07:49:04,"500$ account available in bulk
Price only 60$ 
Replacement guarantee if suspend 
Only interested people ping me 
@adwordseller",False,False,False,False,True,False,False,False,False,False,1303629620,,,,,,,6.136411971742973e+18,,737,0,,,Adwordseller 🔵,,,[],
akgoogleads,https://t.me/akgoogleads,1583,2024-01-16 02:34:12,"Fb ads 1500$ account available 
Daily limit 5000$
Price is only 130$
Only interested people ping me 
@adwordseller",False,False,False,False,True,False,False,False,False,False,1303629620,,,,,,,6.138538882497626e+18,,744,1,,2024-01-16T02:35:04+00:00,Adwordseller 🔵,,,[],
akgoogleads,https://t.me/akgoogleads,1585,2024-01-16 04:30:07,"Fb ads 170$ account available 
Price is only 38$
Only interested people ping me 
@adwordseller",False,False,False,False,True,False,False,False,False,False,1303629620,,,,,,,6.138538882497626e+18,,732,1,,,Adwordseller 🔵,,,[],
akgoogleads,https://t.me/akgoogleads,1586,2024-01-16 04:40:28,"Don’t Hit me Up if you got trust issues!!
Simple and short
I hate people coming to my DM still asking for proof
You aren't that dumb that's why you're in the group
Im not force anybody to buy from me 
<PERSON> your trust issues and we cool

Aiit🌝👍
HMU: @adwordseller 👨‍💻",False,False,False,False,True,False,False,False,False,False,1303629620,,,,,,,,,752,0,,,Adwordseller 🔵,,,[],
akgoogleads,https://t.me/akgoogleads,1587,2024-01-17 04:14:50,"Facebook ads 500$ account in 60$ 
Only interested people ping me
@adwordseller",False,False,False,False,True,False,False,False,False,False,1303629620,,,,,,,6.143042482124995e+18,,691,1,,,Adwordseller 🔵,,,[],
akgoogleads,https://t.me/akgoogleads,1588,2024-01-17 06:58:23,"10kR$ <NRP> real invoice account or method available 
in cheap rate

account price is 100$
or 
method in 130$

no demo
no anydesk 

only serious buyers msg me anytime 
@adwordseller",False,False,False,False,True,False,False,False,False,False,1303629620,,"{'_': 'MessageFwdHeader', 'date': '2023-12-24T04:47:21+00:00', 'imported': False, 'saved_out': False, 'from_id': {'_': 'PeerChannel', 'channel_id': 1303629620}, 'from_name': None, 'channel_post': 1566, 'post_author': 'Adwordseller 🔵', 'saved_from_peer': None, 'saved_from_msg_id': None, 'saved_from_id': None, 'saved_from_name': None, 'saved_date': None, 'psa_type': None}",,,,,6.071069902669724e+18,,654,0,,,Adwordseller 🔵,,,[],
akgoogleads,https://t.me/akgoogleads,1589,2024-01-17 18:08:26,"New Google ads or Facebook ads updated Method 

READ CAREFULLY 

SO GUYS TODAY I CREATE 2 PRIVATE GROUPS

IN <DATE_TIME> GROUP I POST ALL NEW UPDATED GOOGLE ADWORDS METHOD😍😍

LIKE


GOOGLE ADS 500$ USA METHOD

GOOGLE ADWORDS 500$ AUSTRALIA METHOD

GOOGLE ADWORDS 500AED METHOD

GOOGLE ADWORDS 350R$ METHOD

GOOGLE ADWORDS 300€ METHOD

FACEBOOK ADS 750$ METHOD 

FACEBOOK ADS 250$ METHOD 

SUSPENDED ACCOUNTS REACTIVATE METHOD


GROUP ENTRY PRICE 100$ ONLY😊





AND 2ND GROUP FOR BIG THRESHOLDS😍

LIKE

GOOGLE ADWORDS 10K$ GRANT METHOD 

GOOGLE ADWORDS 10K$ INVOICE METHOD 

GOOGLE ADWORDS 30K€ INVOICE METHOD 

FACEBOOK ADS 10K$ GRANT METHOD

FACEBOOK AUTOPAY BIN METHOD

FACEBOOK BIG PREPAID FUNDS METHOD



2ND GROUP ENTRY PRICE JUST 250$😊




NO TIMEPASS
ONLY SERIOUS PEOPLE MSG ME
@adwordseller",False,False,False,False,True,False,False,False,False,False,1303629620,,"{'_': 'MessageFwdHeader', 'date': '2023-11-04T08:45:03+00:00', 'imported': False, 'saved_out': False, 'from_id': {'_': 'PeerChannel', 'channel_id': 1303629620}, 'from_name': None, 'channel_post': 1531, 'post_author': 'Adwordseller 🔵', 'saved_from_peer': None, 'saved_from_msg_id': None, 'saved_from_id': None, 'saved_from_name': None, 'saved_date': None, 'psa_type': None}",,,,,,,869,1,,,Adwordseller 🔵,,,[],
akgoogleads,https://t.me/akgoogleads,1590,2024-01-18 01:06:41,"5000$ invoice account available 
Price only 280$

Note - invoice account never suspended 
Only interested people ping me
@adwordseller",False,False,False,False,True,False,False,False,False,False,1303629620,,,,,,,6.145366725152061e+18,,899,1,,,Adwordseller 🔵,,,[],
akgoogleads,https://t.me/akgoogleads,1591,2024-01-20 07:40:58,"premium group members profit😊
people buy Account in 70$ 
and 
Premium group members pay 100$ and create more then 5 Accounts <DATE_TIME>😃

get knowledge to create your own Accounts
and make huge profit
join my premium group
msg me anytime
👇👇👇👇👇
@adwordseller",False,False,False,False,True,False,False,False,False,False,1303629620,,"{'_': 'MessageFwdHeader', 'date': '2022-09-09T04:15:04+00:00', 'imported': False, 'saved_out': False, 'from_id': {'_': 'PeerChannel', 'channel_id': 1303629620}, 'from_name': None, 'channel_post': 1183, 'post_author': 'Adwordseller 🔵', 'saved_from_peer': None, 'saved_from_msg_id': None, 'saved_from_id': None, 'saved_from_name': None, 'saved_date': None, 'psa_type': None}",,,,,6.111613341676974e+18,,906,0,,,Adwordseller 🔵,,,[],
akgoogleads,https://t.me/akgoogleads,1592,2024-01-20 07:55:01,"🛑🛑be aware 🛑🛑
Fake channel created 
I don't know who is he
And I'm not responsible if he did any type of scam with you 
First confirm its @adwordseller 
Then buy 
@adwordseller",False,False,False,False,True,False,False,False,False,False,1303629620,,,,,,,6.152236581176592e+18,,1056,0,,2024-01-20T07:57:58+00:00,Adwordseller 🔵,,,[],
akgoogleads,https://t.me/akgoogleads,1593,2024-01-28 00:20:18,"<DATE_TIME> is my birthday 
Flat 50% off on big accounts 

10000$ invoice accounts in 275$

10000$ google ads grant account in 475$

30000€ invoice account in 750$

Only 8 accounts available 

1st Premium group entry in 60$

Or 
2nd premium group entry in 130$

Only interested people ping me
Time waster stay away
@adwordseller",False,False,False,False,True,False,False,False,False,False,1303629620,,"{'_': 'MessageFwdHeader', 'date': '2023-11-15T04:23:23+00:00', 'imported': False, 'saved_out': False, 'from_id': {'_': 'PeerChannel', 'channel_id': 1303629620}, 'from_name': None, 'channel_post': 1533, 'post_author': 'Adwordseller 🔵', 'saved_from_peer': None, 'saved_from_msg_id': None, 'saved_from_id': None, 'saved_from_name': None, 'saved_date': None, 'psa_type': None}",,,,,,,787,0,,,Adwordseller 🔵,,,[],
akgoogleads,https://t.me/akgoogleads,1594,2024-01-30 13:35:01,"Wow my 2nd premium group client got Google ads grant approval❤️😍

Now he get 10k$ <DATE_TIME> 

Very happy for you bro❤️
Keep it up
Big ads run and earn💸💸

If anyone seriously wants to join my premium group😊
msg me here
👇👇👇👇👇
@adwordseller",False,False,False,False,True,False,False,False,False,False,1303629620,,"{'_': 'MessageFwdHeader', 'date': '2022-02-11T14:29:48+00:00', 'imported': False, 'saved_out': False, 'from_id': {'_': 'PeerChannel', 'channel_id': 1303629620}, 'from_name': None, 'channel_post': 976, 'post_author': 'adword seller', 'saved_from_peer': None, 'saved_from_msg_id': None, 'saved_from_id': None, 'saved_from_name': None, 'saved_date': None, 'psa_type': None}",,,,,6.066884306715914e+18,,841,0,,,Adwordseller 🔵,,,[],
akgoogleads,https://t.me/akgoogleads,1595,2024-02-01 07:03:42,"Fb ads 720$ prepaid balance available 
Price is only 75$ 
Only interested people ping me 
@adwordseller",False,False,False,False,True,False,False,False,False,False,1303629620,,,,,,,6.186138334296915e+18,,763,0,,,Adwordseller 🔵,,,[],
akgoogleads,https://t.me/akgoogleads,1598,2024-02-02 09:48:35,"Google ads 1000$ account available 
Price only 100$
Only interested people ping me
@adwordseller",False,False,False,False,True,False,False,False,False,False,1303629620,,,,,,,,,784,1,,,Adwordseller 🔵,1.3654938519688164e+16,,[],
akgoogleads,https://t.me/akgoogleads,1599,2024-02-04 18:23:15,"175$ account available in 35$
Daily limit 750
Only interested people ping us 

@adworseller",False,False,False,False,True,False,False,False,False,False,1303629620,,,,,,,6.194769728208224e+18,,755,1,,2024-02-04T18:23:43+00:00,Adwordseller 🔵,,,[],
akgoogleads,https://t.me/akgoogleads,1600,2024-02-05 04:51:46,"900$ account available 
3 accounts available only
Price for <DATE_TIME> is 80$
Cm first take first 
@adwordseller",False,False,False,False,True,False,False,False,False,False,1303629620,,,,,,,6.19702152802191e+18,,826,0,,,Adwordseller 🔵,,,[],
akgoogleads,https://t.me/akgoogleads,1601,2024-02-07 08:28:04,"350$+150$ (500$) accounts available 
Price only 60$
Replacement guarantee 
Only interested people ping me
@adwordseller",False,False,False,False,True,False,False,False,False,False,1303629620,,,,,,,6.203876776862661e+18,,749,2,,,Adwordseller 🔵,,,[],
akgoogleads,https://t.me/akgoogleads,1603,2024-02-10 18:33:21,"10000$ Google ads grant accounts available 
Price only 850$
If you want on rent then 400$ per month

You run any ads in it with my trick
Only interested people ping me
@adwordseller",False,False,False,False,True,False,False,False,False,False,1303629620,,,,,,,,,640,1,,,Adwordseller 🔵,,,[],
akgoogleads,https://t.me/akgoogleads,1604,2024-02-12 09:48:51,"Fb ads 1300$ prepaid funds available 
Price only 120$
Only interested people ping me 
@adwordseller",False,False,False,False,True,False,False,False,False,False,1303629620,,,,,,,,,634,0,,,Adwordseller 🔵,,,[],
akgoogleads,https://t.me/akgoogleads,1605,2024-02-14 12:28:18,"500$ account available 
price is only 60$
1500$ <DATE_TIME> limit
Only interested people ping me
@adwordseller",False,False,False,False,True,False,False,False,False,False,1303629620,,,,,,,6.224438769583504e+18,,611,0,,2024-02-14T12:30:50+00:00,Ads seller,,,[],
akgoogleads,https://t.me/akgoogleads,1607,2024-02-15 03:59:05,"850$ fb ads account available 
Price only 80$
Only interested people ping me
@adwordsellet",False,False,False,False,True,False,False,False,False,False,1303629620,,,,,,,6.22669056939719e+18,,624,0,,,Ads seller,,,[],
akgoogleads,https://t.me/akgoogleads,1609,2024-02-16 15:09:05,"720$ fb ads account available 
Price only 70$
Full spend guarantee 
Only interested people ping me
@adwordseller",False,False,False,False,True,False,False,False,False,False,1303629620,,,,,,,6.233078560155876e+18,,591,0,,,Ads seller,,,[],
akgoogleads,https://t.me/akgoogleads,1610,2024-02-18 20:06:54,"Google ads grant 10000$ account available 
Price is only 850$
Only interested people ping me 
@adwordseller",False,False,False,False,True,False,False,False,False,False,1303629620,,,,,,,6.238010776044551e+18,,526,0,,,Ads seller,,,[],
akgoogleads,https://t.me/akgoogleads,1611,2024-02-22 17:28:46,"30000$ invoice account 
3 accounts available 
Price only 1500$ 
Only interested people ping me
@adwordseller",False,False,False,False,True,False,False,False,False,False,1303629620,,,,,,,6.249007709093477e+18,,297,0,,,Ads seller,,,[],
akgoogleads,https://t.me/akgoogleads,1612,2024-02-23 12:23:47,"500$ account available 
Price only 60$
Replacement guarantee 
Only interested people ping me 
@adwordseller",False,False,False,False,True,False,False,False,False,False,1303629620,,,,,,,6.251259508907162e+18,,246,0,,,Ads seller,,,[],
akgoogleads,https://t.me/akgoogleads,1613,2024-02-23 18:12:48,"5000$ invoice account available 
Price only 300$

Note-: invoice account never suspend
Only interested people ping me 
@adwordseller",False,False,False,False,True,False,False,False,False,False,1303629620,,,,,,,6.253511308720847e+18,,219,0,,,Ads seller,,,[],
akgoogleads,https://t.me/akgoogleads,1614,2024-02-25 11:38:58,"10000$ invoice account available 
Price is only 550$
Only interested people ping me
@adwordseller",False,False,False,False,True,False,False,False,False,False,1303629620,,,,,,,6.258112434170609e+18,,101,0,,,Ads seller,,,[],
akgoogleads,https://t.me/akgoogleads,1616,2024-03-01 00:54:26,"Google ads invoice 10000$ account available 
Price only 550$ 

Note-: invoice accounts never suspend

Try our service once you will never disappointed 
Only interested people ping me
@adwordseller",False,False,False,False,True,False,False,False,False,False,1303629620,,,,,,,6.271593765282102e+18,,124,0,,,Ads seller,,,[],
akgoogleads,https://t.me/akgoogleads,1618,2024-03-03 01:47:55,"Google ads 350$+150$ tottly 500$ bulk accounts available 
per Account price is  just 60$

replacement guarantee available 
only serious buyers msg me😊
<PERSON>
👇👇👇👇👇
@adwordseller",False,False,False,False,True,False,False,False,False,False,1303629620,,,,,,,6.278190396962094e+18,,19,0,,,Ads seller,,,[],
akgoogleads,https://t.me/akgoogleads,1620,2024-03-07 19:16:06,"5000$ invoice account available 
Price is only 320$
Only interested people ping me

Note-: invoice accounts never suspend (you run any ads in it)
@adwordseller",False,False,False,False,True,False,False,False,False,False,1303629620,,,,,,,6.291980772445371e+18,,20,0,,,Ads seller,,,[],
akgoogleads,https://t.me/akgoogleads,1622,2024-03-09 04:04:58,"10000$ invoice account available 
2 accounts available 
Price only 550$ 

Note-: invoice account never suspend
Only interested people ping me
@adwordseller",False,False,False,False,True,False,False,False,False,False,1303629620,,,,,,,6.296310202558954e+18,,7,0,,,Ads seller,,,[],
akgoogleads,https://t.me/akgoogleads,1625,2024-03-11 19:09:38,"500$ account available 
Bulk accounts available
Price only 60$
Replacement guarantee if suspend billow 300$ 

Only interested people ping me 
@adwordseller",False,False,False,False,True,False,False,False,False,False,1303629620,,,,,,,6.303098432730021e+18,,12,0,,,Ads seller,,,[],
akgoogleads,https://t.me/akgoogleads,1626,2024-03-11 19:12:17,"10000$ invoice account available 
Price is just 550$

 Note -: invoice accounts never suspend
You run anytype of ads in it

Only interested people ping me 
@adwordseller",False,False,False,False,True,False,False,False,False,False,1303629620,,,,,,,6.303098432730021e+18,,5,0,,,Ads seller,,,[],
akgoogleads,https://t.me/akgoogleads,1628,2024-03-13 05:40:31,"10000$ <NRP> invoice account available 
Price 340$
Only one account available 

Note-: invoice account never suspend

Only interested people ping me
@adwordseller",False,False,False,False,True,False,False,False,False,False,1303629620,,,,,,,6.307556866481308e+18,,25,0,,,Ads seller,,,[],
akgoogleads,https://t.me/akgoogleads,1630,2024-03-13 13:08:22,"🚨🚨scammer alert 🚨🚨

This guy name usman guru
use my post and scam with people 

That's why I'm using my name tag on new posts

Stay away from these type of people 
Otherwise I'm not responsible of that

Stay safe
Tapin
@adwordseller",False,False,False,False,True,False,False,False,False,False,1303629620,,,,,,,6.307556866481308e+18,,15,0,,,Ads seller,,,[],
akgoogleads,https://t.me/akgoogleads,1632,2024-03-13 13:23:52,,False,False,False,False,True,False,False,False,False,False,1303629620,,,,,,,6.307556866481308e+18,,21,0,,,Ads seller,1.3682689858295172e+16,,[],
akgoogleads,https://t.me/akgoogleads,1633,2024-03-13 13:23:52,"🚨🚨alert🚨🚨

One more client Cheated by him
He give me his proof

 I posted his channel screen shot or link as well
Check and aware from him

I'm not force anyone to buy from me 
But stay away from these type of people 
 
<PERSON> channel link
https://www.youtube.com/@Usmanguru90",False,False,False,False,True,False,False,False,False,False,1303629620,,,,,,,6.307556866481308e+18,,21,0,,,Ads seller,1.3682689858295172e+16,,[],
akgoogleads,https://t.me/akgoogleads,1635,2024-03-16 18:53:27,"Price is only 120$
First come first get
Only interested people ping me
@adwordseller",False,False,False,False,True,False,False,False,False,False,1303629620,,,,,,,6.319015538579324e+18,,35,0,,,Ads seller,,,[],
akgoogleads,https://t.me/akgoogleads,1637,2024-03-18 05:51:16,"5000$ invoice account available 
Price only 320$ 
Only interested people ping me
@adwordseller",False,False,False,False,True,False,False,False,False,False,1303629620,,,,,,,6.323230250116431e+18,,20,1,,,Ads seller,,,[],
akgoogleads,https://t.me/akgoogleads,1639,2024-03-21 08:29:10,"10000$ invoice account available In bulk
Price is only 550$
Only interested people ping me
@adwordseller",False,False,False,False,True,False,False,False,False,False,1303629620,,,,,,,6.332399348163395e+18,,18,0,,,Ads seller,,,[],
akgoogleads,https://t.me/akgoogleads,1641,2024-03-21 08:36:47,"Fb ads 720$ account available 
Price only 70$
Only interested people ping me
@adwordseller",False,False,False,False,True,False,False,False,False,False,1303629620,,,,,,,6.332399348163395e+18,,11,0,,,Ads seller,1.368808166078078e+16,,[],
akgoogleads,https://t.me/akgoogleads,1643,2024-03-23 01:52:33,"Fb ads 420$ account available 
Price os only 40$
Only interested people ping me
@adwordseller",False,False,False,False,True,False,False,False,False,False,1303629620,,,,,,,6.337118207256674e+18,,8,0,,,Ads seller,,,[],
akgoogleads,https://t.me/akgoogleads,1645,2024-03-25 02:37:25,,False,False,False,False,True,False,False,False,False,False,1303629620,,,,,,,6.055407917877803e+18,,10,0,,,Ads seller,1.3690673959350148e+16,,[],
akgoogleads,https://t.me/akgoogleads,1648,2024-03-25 17:25:29,"Invoice accounts on fire 🔥 
5000$ invoice account  available in bulk
Price 320$
Only interested people ping me
@Adwordseller",False,False,False,False,True,False,False,False,False,False,1303629620,,,,,,,6.055407917877803e+18,,67,0,,,Ads seller,1.3691100236503036e+16,,[],
akgoogleads,https://t.me/akgoogleads,1649,2024-03-26 03:38:08,"🔥🔥🔥Invoice invoice invoice 🔥🔥🔥
5000$ and 10000$ account available in bulk
5000$ invoice account in 320$

1000$ invoice account in 550$

Note -: invoice account never suspend( run anytype of ads in it)

Only interested people ping me
@adwordseller",False,False,False,False,True,False,False,False,False,False,1303629620,,,,,,,6.057854494458363e+18,,13,0,,,Ads seller,,,[],
akgoogleads,https://t.me/akgoogleads,1651,2024-03-27 17:58:03,"Fb ads 850$ account available 
Price is only 65$
Only interested people ping me 
@adwordseller",False,False,False,False,True,False,False,False,False,False,1303629620,,,,,,,6.062389520361438e+18,,28,0,,,Ads seller,,,[],
akgoogleads,https://t.me/akgoogleads,1653,2024-03-28 17:59:58,"Google ads 500$ USD (350$+150$ coupon) Account for sell
IN JUST 60$ 

WITH REPLACEMENT GUARANTEE IF ACCOUNT SUSPEND OR NOT WORKING 

NO TIMEPASS
ONLY SERIOUS BUYERS MSG ME ANYTIME 
@adwordseller",False,False,False,False,True,False,False,False,False,False,1303629620,,,,,,,6.066814848504807e+18,,19,0,,,Ads seller,,,[],
akgoogleads,https://t.me/akgoogleads,1655,2024-03-31 03:22:48,"Fb ads 320$ account available 
Price is only 35$
Only interested people ping me
@adwordseller",False,False,False,False,True,False,False,False,False,False,1303629620,,,,,,,6.073609808889625e+18,,9,0,,,Ads seller,,,[],
akgoogleads,https://t.me/akgoogleads,1657,2024-04-03 03:19:21,"10000$ invoice account available 
Price only 550$
Invoice account never suspend (run any type campaign)
Only interested people ping me 
Time waster stay away 
@adwordseller",False,False,False,False,True,False,False,False,False,False,1303629620,,,,,,,6.082209548891962e+18,,20,0,,,Ads seller,,,[],
akgoogleads,https://t.me/akgoogleads,1658,2024-04-03 03:21:58,"<DATE_TIME> is my birthday so i give you discount on accounts 

5000$ invoice account in 175$

10000$ invoice account in 275$

10000$ google ads grant account in 425$

30000$ account in 750$

If you really want account then ping me
Don't waste my time 
@adwordseller",False,False,False,False,True,False,False,False,False,False,1303629620,,,,,,,,,16,0,,,Ads seller,,,[],
akgoogleads,https://t.me/akgoogleads,1659,2024-04-03 03:23:31,"Methods also in 50% off

For thresholds methods 60$

Or big methods 125$

Only interested people ping me
@adwordseller",False,False,False,False,True,False,False,False,False,False,1303629620,,,,,,,,,14,0,,,Ads seller,,,[],
akgoogleads,https://t.me/akgoogleads,1661,2024-04-03 17:18:59,"Gmc account available with 500$ threshold 
Price is just 100$
Replacement guarantee 
Only interested people ping me
@adwordseller",False,False,False,False,True,False,False,False,False,False,1303629620,,,,,,,6.084461348705647e+18,,52,0,,,Ads seller,,,[],
