Channel ID,URL,Post ID,date,message,out,mentioned,media_unread,silent,post,from_scheduled,legacy,edit_hide,pinned,noforwards,peer_channel,from_id_user,fwd_from,via_bot_id,reply_to_msg_id,reply_to_scheduled,forum_topic,media_photo_id,reply_markup,views,forwards,replies,edit_date,post_author,grouped_id,reactions,restriction_reason,ttl_period
amembers,https://t.me/amembers,103,2024-01-26 18:06:14,"🔠🔠🔠🔠🔠🔠🅰️🔠  ➖ 🔠🅰️🔠🔠


▶️ Search & rank Booster

🟢Premium Members (<DATE_TIME> nondrop)
🟢Premium Start bot (lifetime non drop)
🟢Boost channel (story activation - <DATE_TIME>)

🏳️ Mixed Worldwide Premium services
🇮🇷 Iran Premium services
<PERSON>🇷 Turkey Premium services
🇸🇦 Arab Premium services
🇮🇳 <NRP> Premium services
🇺🇿 <NRP> Premium services
🇺🇸 USA Premium services 
🇮🇱 Israel Premium services


‼️#1 Cheapest & Best Services Provider
🛡 @supimo
🔗Automatic Panel : GetMeFollowers.org",False,False,False,False,True,False,False,False,False,False,1679385173,,,,,,,,,12,0,,,,,,[],
amembers,https://t.me/amembers,105,2024-03-28 23:16:48,"🎚New Premium #Telegram Service

⭐️ 4356 - Telegram Premium members - [<DATE_TIME>] / 2.38$

👑 1 #Cheapest & Best Services Provider
🔗Panel : GetMeFollowers.org",False,False,False,False,True,False,False,False,False,False,1679385173,,"{'_': 'MessageFwdHeader', 'date': '2024-03-28T23:15:53+00:00', 'imported': False, 'saved_out': False, 'from_id': {'_': 'PeerChannel', 'channel_id': 1850306377}, 'from_name': None, 'channel_post': 56, 'post_author': None, 'saved_from_peer': None, 'saved_from_msg_id': None, 'saved_from_id': None, 'saved_from_name': None, 'saved_date': None, 'psa_type': None}",,,,,,,2,0,,,,,,[],
