Channel ID,URL,Post ID,date,message,out,mentioned,media_unread,silent,post,from_scheduled,legacy,edit_hide,pinned,noforwards,peer_channel,from_id_user,fwd_from,via_bot_id,reply_to_msg_id,reply_to_scheduled,forum_topic,media_photo_id,reply_markup,views,forwards,replies,edit_date,post_author,grouped_id,reactions,restriction_reason,ttl_period
cheapsmmmarketer,https://t.me/cheapsmmmarketer,598,2024-01-01 17:22:46,"On Users Demand, we have added YouTube High Retention Views Package
Check it out and place order now 
Cheapsmmmarket.com",False,False,False,False,True,False,False,False,False,False,1641701890,,,,,,,6.095866600000437e+18,,871.0,0.0,,,,,,[],
cheapsmmmarketer,https://t.me/cheapsmmmarketer,599,2024-01-02 17:38:24,"We are giving Instagram Low quality likes only in @5 INR per 1000 hurry up place order now 
Cheapsmmmarket.com",False,False,False,False,True,False,False,False,False,False,1641701890,,,,,,,6.097947649094302e+18,,869.0,0.0,,2024-01-02T23:21:33+00:00,,,"{'_': 'MessageReactions', 'results': [{'_': 'ReactionCount', 'reaction': {'_': 'ReactionEmoji', 'emoticon': '👍'}, 'count': 3, 'chosen_order': None}], 'min': False, 'can_see_list': False, 'reactions_as_tags': False, 'recent_reactions': []}",[],
cheapsmmmarketer,https://t.me/cheapsmmmarketer,600,2024-01-03 13:08:41,"Dear users,
We have added in Instagram Story Views And likes services now it will available in affordable price check it out and place order now.
Cheapsmmmarket.com",False,False,False,False,True,False,False,False,False,False,1641701890,,,,,,,6.100199448907987e+18,,955.0,0.0,,,,,,[],
cheapsmmmarketer,https://t.me/cheapsmmmarketer,601,2024-01-04 12:13:58,"Check out our Instagram reels views/ likes packages available in affordable prices hurry up Place order now 
Cheapsmmmarket.com",False,False,False,False,True,False,False,False,False,False,1641701890,,,,,,,6.104721465355124e+18,,915.0,0.0,,,,,,[],
cheapsmmmarketer,https://t.me/cheapsmmmarketer,602,2024-01-04 17:47:15,"<PERSON> 25000 से अधिक खर्च किया है उसे सभी सेवाओं पर 5% की छूट मिलेगी

<PERSON> 59000 से अधिक खर्च किया है उसे सभी सेवाओं पर 7 प्रतिशत की छूट मिलेगी

<PERSON> 125,000 से अधिक खर्च किया है उसे सभी सेवाओं पर 7 प्रतिशत की छूट मिलेगी

Check your Spending Amount and <PERSON> https://wa.me/<PHONE_NUMBER> 👈🏻

Cheapsmmmarket.com",False,False,False,False,True,False,False,True,True,False,1641701890,,,,,,,6.104721465355124e+18,,1005.0,0.0,,2024-01-05T01:07:10+00:00,,,"{'_': 'MessageReactions', 'results': [{'_': 'ReactionCount', 'reaction': {'_': 'ReactionEmoji', 'emoticon': '👍'}, 'count': 2, 'chosen_order': None}], 'min': False, 'can_see_list': False, 'reactions_as_tags': False, 'recent_reactions': []}",[],
cheapsmmmarketer,https://t.me/cheapsmmmarketer,603,2024-01-04 17:47:19,,False,False,False,False,True,,False,,,,1641701890,,,,602.0,False,False,,,,,,,,,,,
cheapsmmmarketer,https://t.me/cheapsmmmarketer,604,2024-01-06 06:27:08,"Dear users,
Check out our Instagram Reel likes service 
we are giving 1000 likes only in 4.76 INR 
hurry up place order now 
Cheapsmmmarket.com",False,False,False,False,True,False,False,True,False,False,1641701890,,,,,,,6.10943478394059e+18,,974.0,0.0,,2024-01-06T08:06:40+00:00,,,"{'_': 'MessageReactions', 'results': [{'_': 'ReactionCount', 'reaction': {'_': 'ReactionEmoji', 'emoticon': '👍'}, 'count': 4, 'chosen_order': None}, {'_': 'ReactionCount', 'reaction': {'_': 'ReactionEmoji', 'emoticon': '❤'}, 'count': 1, 'chosen_order': None}], 'min': False, 'can_see_list': False, 'reactions_as_tags': False, 'recent_reactions': []}",[],
cheapsmmmarketer,https://t.me/cheapsmmmarketer,605,2024-01-08 10:03:02,"On Users Demand, we have added YouTube High Retention Views Package
Check it out and place order now 
Cheapsmmmarket.com",False,False,False,False,True,False,False,True,False,False,1641701890,,,,,,,6.116404931746445e+18,,971.0,0.0,,2024-01-09T17:25:44+00:00,,,"{'_': 'MessageReactions', 'results': [{'_': 'ReactionCount', 'reaction': {'_': 'ReactionEmoji', 'emoticon': '❤'}, 'count': 3, 'chosen_order': None}], 'min': False, 'can_see_list': False, 'reactions_as_tags': False, 'recent_reactions': []}",[],
cheapsmmmarketer,https://t.me/cheapsmmmarketer,606,2024-01-10 16:03:36,"We see customers as invited guests to a party, and we are the hosts. It's our job to make the customer experience a little bit better.❤️

Stay Connected With Us❤️

Cheapsmmmarket.com",False,False,False,False,True,False,False,True,False,False,1641701890,,,,,,,6.1209090983095e+18,,881.0,0.0,,2024-01-12T21:55:58+00:00,,,"{'_': 'MessageReactions', 'results': [{'_': 'ReactionCount', 'reaction': {'_': 'ReactionEmoji', 'emoticon': '👍'}, 'count': 1, 'chosen_order': None}], 'min': False, 'can_see_list': False, 'reactions_as_tags': False, 'recent_reactions': []}",[],
cheapsmmmarketer,https://t.me/cheapsmmmarketer,607,2024-01-11 14:17:03,"Dear Users,
Service id - 18832
Try this package its working perfectly 
Giving high quality <NRP> Accounts 

Regards 
Cheapsmmmarket.com",False,False,False,False,True,False,False,True,False,False,1641701890,,,,,,,6.125449102079671e+18,,1017.0,0.0,,2024-01-12T21:55:49+00:00,,,"{'_': 'MessageReactions', 'results': [{'_': 'ReactionCount', 'reaction': {'_': 'ReactionEmoji', 'emoticon': '👍'}, 'count': 1, 'chosen_order': None}], 'min': False, 'can_see_list': False, 'reactions_as_tags': False, 'recent_reactions': []}",[],
cheapsmmmarketer,https://t.me/cheapsmmmarketer,608,2024-01-14 15:50:37,"Dear users,
We have added a new service for bulk orders of  Instagram followers Check it out and place order now 
Cheapsmmmarket.com",False,False,False,False,True,False,False,False,False,False,1641701890,,,,,,,6.134416744685615e+18,,851.0,0.0,,,,,,[],
cheapsmmmarketer,https://t.me/cheapsmmmarketer,609,2024-01-15 14:05:27,"Dear Users
Kindly read our users manual before placing the orders 
Cheapsmmmarket.com",False,False,False,False,True,False,False,False,False,False,1641701890,,,,,,,6.136389079567286e+18,,780.0,0.0,,,,,,[],
cheapsmmmarketer,https://t.me/cheapsmmmarketer,610,2024-01-16 20:05:16,New Service Of Watch Hours Introduced ❤️,False,False,False,False,True,False,False,True,False,False,1641701890,,,,,,,6.140771672786058e+18,,823.0,0.0,,2024-01-17T01:03:21+00:00,,,"{'_': 'MessageReactions', 'results': [{'_': 'ReactionCount', 'reaction': {'_': 'ReactionEmoji', 'emoticon': '👍'}, 'count': 4, 'chosen_order': None}, {'_': 'ReactionCount', 'reaction': {'_': 'ReactionEmoji', 'emoticon': '😁'}, 'count': 3, 'chosen_order': None}, {'_': 'ReactionCount', 'reaction': {'_': 'ReactionEmoji', 'emoticon': '👎'}, 'count': 1, 'chosen_order': None}], 'min': False, 'can_see_list': False, 'reactions_as_tags': False, 'recent_reactions': []}",[],
cheapsmmmarketer,https://t.me/cheapsmmmarketer,611,2024-01-18 17:13:02,"Now Instagram Reels likes are Available only for 6.18 INR what are you waiting for place your order now 
Regards
Cheapsmmmarket.com",False,False,False,False,True,False,False,True,False,False,1641701890,,,,,,,6.147605309351377e+18,,791.0,0.0,,2024-01-18T17:13:43+00:00,,,"{'_': 'MessageReactions', 'results': [{'_': 'ReactionCount', 'reaction': {'_': 'ReactionEmoji', 'emoticon': '👍'}, 'count': 6, 'chosen_order': None}, {'_': 'ReactionCount', 'reaction': {'_': 'ReactionEmoji', 'emoticon': '🤬'}, 'count': 5, 'chosen_order': None}, {'_': 'ReactionCount', 'reaction': {'_': 'ReactionEmoji', 'emoticon': '🖕'}, 'count': 2, 'chosen_order': None}], 'min': False, 'can_see_list': False, 'reactions_as_tags': False, 'recent_reactions': []}",[],
cheapsmmmarketer,https://t.me/cheapsmmmarketer,612,2024-01-19 07:02:14,"Dear Users,
We have added YouTube demanding package Watchtime 1hr video <PERSON> 
check it out and place order now 
cheapsmmmarket.com",False,False,False,False,True,False,False,True,False,False,1641701890,,,,,,,6.147605309351378e+18,,818.0,0.0,,2024-01-20T09:43:52+00:00,,,"{'_': 'MessageReactions', 'results': [{'_': 'ReactionCount', 'reaction': {'_': 'ReactionEmoji', 'emoticon': '👍'}, 'count': 2, 'chosen_order': None}, {'_': 'ReactionCount', 'reaction': {'_': 'ReactionEmoji', 'emoticon': '❤'}, 'count': 2, 'chosen_order': None}], 'min': False, 'can_see_list': False, 'reactions_as_tags': False, 'recent_reactions': []}",[],
cheapsmmmarketer,https://t.me/cheapsmmmarketer,613,2024-01-21 10:02:09,"Dear Users,
We have added Lifetime refill service in affordable rates check it out and place order now 
Cheapsmmmarket.com",False,False,False,False,True,False,False,True,False,False,1641701890,,,,,,,6.154585279747439e+18,,690.0,1.0,,2024-01-21T15:23:39+00:00,,,"{'_': 'MessageReactions', 'results': [{'_': 'ReactionCount', 'reaction': {'_': 'ReactionEmoji', 'emoticon': '👍'}, 'count': 3, 'chosen_order': None}], 'min': False, 'can_see_list': False, 'reactions_as_tags': False, 'recent_reactions': []}",[],
cheapsmmmarketer,https://t.me/cheapsmmmarketer,614,2024-01-22 07:35:43,"Dear Users,
UPI - All Methods Working perfectly 
Now You Can Add Fund Through This Method.
<PERSON>",False,False,False,False,True,False,False,False,False,False,1641701890,,,,,,,6.156892978560482e+18,,603.0,0.0,,,,,,[],
cheapsmmmarketer,https://t.me/cheapsmmmarketer,615,2024-01-23 17:36:27,"Dear Users,
We are here to provide you with cheap and best high-quality services

Note - Before placing an order contact us on our WhatsApp 
We recommend the Best Seller packages of All services 

https://wa.me/<PHONE_NUMBER>

Stay connected with us❤️
Lots of love
Cheapsmmmarket.com",False,False,False,False,True,False,False,True,False,False,1641701890,,,,,,,,,743.0,0.0,,2024-02-07T14:58:07+00:00,,,"{'_': 'MessageReactions', 'results': [{'_': 'ReactionCount', 'reaction': {'_': 'ReactionEmoji', 'emoticon': '👍'}, 'count': 1, 'chosen_order': None}], 'min': False, 'can_see_list': False, 'reactions_as_tags': False, 'recent_reactions': []}",[],
cheapsmmmarketer,https://t.me/cheapsmmmarketer,617,2024-01-23 17:37:34,"Text us on WhatsApp
Stay Tuned 
Cheapsmmmarket.com",False,False,False,False,True,False,False,False,False,False,1641701890,,,,,,,6.161396578187852e+18,,696.0,0.0,,,,,,[],
cheapsmmmarketer,https://t.me/cheapsmmmarketer,618,2024-01-24 14:21:00,"Dear user,
we are giving Instagram followers Lifetime refill service only in 112.82 INR check it out and place order now Regards
Cheapsmmmarket.com",False,False,False,False,True,False,False,False,False,False,1641701890,,,,,,,6.163186840815913e+18,,609.0,0.0,,2024-01-24T14:21:13+00:00,,,,[],
cheapsmmmarketer,https://t.me/cheapsmmmarketer,619,2024-01-25 17:37:33,"Dear Users,
Service id - 18832
Try this package its working perfectly 
Giving high quality <NRP> Accounts 

Regards 
Cheapsmmmarket.com",False,False,False,False,True,False,False,True,False,False,1641701890,,,,,,,6.165659968884293e+18,,556.0,0.0,,2024-02-14T14:01:43+00:00,,,"{'_': 'MessageReactions', 'results': [{'_': 'ReactionCount', 'reaction': {'_': 'ReactionEmoji', 'emoticon': '👍'}, 'count': 1, 'chosen_order': None}], 'min': False, 'can_see_list': False, 'reactions_as_tags': False, 'recent_reactions': []}",[],
cheapsmmmarketer,https://t.me/cheapsmmmarketer,620,2024-01-26 13:11:36,"Dear Users,
Use Coupon code <PERSON> And get a 5% Flat Bonus, It will work only with the ( UPI- All method ) payment method.
Hurry up Use this coupon ASAP

Cheapsmmmarket.com",False,False,False,False,True,False,False,True,True,False,1641701890,,,,,,,6.17016231867618e+18,,697.0,0.0,,2024-01-26T13:11:50+00:00,,,"{'_': 'MessageReactions', 'results': [{'_': 'ReactionCount', 'reaction': {'_': 'ReactionEmoji', 'emoticon': '❤'}, 'count': 2, 'chosen_order': None}, {'_': 'ReactionCount', 'reaction': {'_': 'ReactionEmoji', 'emoticon': '😁'}, 'count': 1, 'chosen_order': None}], 'min': False, 'can_see_list': False, 'reactions_as_tags': False, 'recent_reactions': []}",[],
cheapsmmmarketer,https://t.me/cheapsmmmarketer,621,2024-01-26 13:11:40,,False,False,False,False,True,,False,,,,1641701890,,,,620.0,False,False,,,,,,,,,,,
cheapsmmmarketer,https://t.me/cheapsmmmarketer,622,2024-01-26 14:22:26,"Dear users,
We have added the cheapest and 100% working Facebook Page likes package 
check it out and place order now 
Cheapsmmmarket.com",False,False,False,False,True,False,False,False,False,False,1641701890,,,,,,,6.17016231867618e+18,,666.0,0.0,,,,,,[],
cheapsmmmarketer,https://t.me/cheapsmmmarketer,623,2024-01-28 09:21:38,"On Users Demand 
We have added the cheapest Instagram Likes package only in @5 per 1000 likes 
Hurry up grab your order now 
Cheapsmmmarket.com",False,False,False,False,True,False,False,True,False,False,1641701890,,,,,,,6.174781976909823e+18,,596.0,0.0,,2024-01-28T09:26:19+00:00,,,"{'_': 'MessageReactions', 'results': [{'_': 'ReactionCount', 'reaction': {'_': 'ReactionEmoji', 'emoticon': '😁'}, 'count': 3, 'chosen_order': None}, {'_': 'ReactionCount', 'reaction': {'_': 'ReactionEmoji', 'emoticon': '🤬'}, 'count': 2, 'chosen_order': None}], 'min': False, 'can_see_list': False, 'reactions_as_tags': False, 'recent_reactions': []}",[],
cheapsmmmarketer,https://t.me/cheapsmmmarketer,624,2024-01-29 13:42:29,"We Have added New Instagram Story views package 
working perfectly 
Note - Make sure to put Only username in the link section 
Regards 
Cheapsmmmarket.com",False,False,False,False,True,False,False,False,False,False,1641701890,,,,,,,6.177123700453785e+18,,607.0,1.0,,,,,,[],
cheapsmmmarketer,https://t.me/cheapsmmmarketer,625,2024-01-30 09:37:35,"Dear Users,
Watch this video here In this video explained about How to Add fund in Wallet 
Link => https://youtu.be/NhYYQ0Ci0k0",False,False,False,False,True,False,False,True,False,False,1641701890,,,,,,,,,635.0,0.0,,2024-01-30T09:37:40+00:00,,,"{'_': 'MessageReactions', 'results': [{'_': 'ReactionCount', 'reaction': {'_': 'ReactionEmoji', 'emoticon': '👍'}, 'count': 2, 'chosen_order': None}, {'_': 'ReactionCount', 'reaction': {'_': 'ReactionEmoji', 'emoticon': '❤'}, 'count': 1, 'chosen_order': None}], 'min': False, 'can_see_list': False, 'reactions_as_tags': False, 'recent_reactions': []}",[],
cheapsmmmarketer,https://t.me/cheapsmmmarketer,626,2024-01-30 12:47:33,"Dear Users,
We have added New Facebook Real Post likes service check it out 
Service id - 18329

Regards 
Cheapsmmmarket.com",False,False,False,False,True,False,False,True,False,False,1641701890,,,,,,,6.181707328206781e+18,,711.0,0.0,,2024-01-30T18:13:07+00:00,,,"{'_': 'MessageReactions', 'results': [{'_': 'ReactionCount', 'reaction': {'_': 'ReactionEmoji', 'emoticon': '👍'}, 'count': 2, 'chosen_order': None}], 'min': False, 'can_see_list': False, 'reactions_as_tags': False, 'recent_reactions': []}",[],
cheapsmmmarketer,https://t.me/cheapsmmmarketer,627,2024-01-30 18:13:01,"Added new Facebook Indian Post Likes Services 
Service id - 17408
Check it out and place order now 
Cheapsmmmarket.com",False,False,False,False,True,False,False,True,False,False,1641701890,,,,,,,6.181707328206781e+18,,751.0,1.0,,2024-01-30T18:13:12+00:00,,,"{'_': 'MessageReactions', 'results': [{'_': 'ReactionCount', 'reaction': {'_': 'ReactionEmoji', 'emoticon': '👍'}, 'count': 2, 'chosen_order': None}], 'min': False, 'can_see_list': False, 'reactions_as_tags': False, 'recent_reactions': []}",[],
cheapsmmmarketer,https://t.me/cheapsmmmarketer,628,2024-02-01 15:33:44,"Dear users
We have added Instagram Indian Followers Its working perfectly check it out and place order now 
cheapsmmmarket.com",False,False,False,False,True,False,False,True,False,False,1641701890,,,,,,,6.18833715998397e+18,,798.0,0.0,,2024-02-02T16:49:52+00:00,,,"{'_': 'MessageReactions', 'results': [{'_': 'ReactionCount', 'reaction': {'_': 'ReactionEmoji', 'emoticon': '👍'}, 'count': 2, 'chosen_order': None}], 'min': False, 'can_see_list': False, 'reactions_as_tags': False, 'recent_reactions': []}",[],
cheapsmmmarketer,https://t.me/cheapsmmmarketer,630,2024-02-03 14:29:43,"Dear Users
UPI - QR code payment method is Removed. 
New Paytm checkout method Added 
Kindly check our deposit section 
Cheapsmmmarket.com",False,False,False,False,True,False,False,False,True,False,1641701890,,,,,,,6.192677980350823e+18,,728.0,0.0,,2024-02-05T14:55:47+00:00,,,"{'_': 'MessageReactions', 'results': [{'_': 'ReactionCount', 'reaction': {'_': 'ReactionEmoji', 'emoticon': '❤'}, 'count': 2, 'chosen_order': None}], 'min': False, 'can_see_list': False, 'reactions_as_tags': False, 'recent_reactions': []}",[],
cheapsmmmarketer,https://t.me/cheapsmmmarketer,631,2024-02-03 14:29:55,,False,False,False,False,True,,False,,,,1641701890,,,,630.0,False,False,,,,,,,,,,,
cheapsmmmarketer,https://t.me/cheapsmmmarketer,632,2024-02-03 14:33:36,"WATCH THIS VIDEO 
IN THIS VIDEO WE HAVE EXPLAINED ABOUT - HOW TO ADD FUND THROUGH PAYTM CHECKOUT METHOD",False,False,False,False,True,False,False,False,True,False,1641701890,,,,,,,,,1133.0,2.0,,2024-02-04T02:18:16+00:00,,,"{'_': 'MessageReactions', 'results': [{'_': 'ReactionCount', 'reaction': {'_': 'ReactionEmoji', 'emoticon': '🤬'}, 'count': 3, 'chosen_order': None}, {'_': 'ReactionCount', 'reaction': {'_': 'ReactionEmoji', 'emoticon': '👍'}, 'count': 2, 'chosen_order': None}, {'_': 'ReactionCount', 'reaction': {'_': 'ReactionEmoji', 'emoticon': '👎'}, 'count': 1, 'chosen_order': None}], 'min': False, 'can_see_list': False, 'reactions_as_tags': False, 'recent_reactions': []}",[],
cheapsmmmarketer,https://t.me/cheapsmmmarketer,633,2024-02-05 14:00:16,"Dear Users,
New Package Added Working Perfectly Check it out and Place order now 
Service Id - 18877
Regards
Cheapsmmmarket.com",False,False,False,False,True,False,False,True,False,False,1641701890,,,,,,,6.199343700874741e+18,,644.0,0.0,,2024-02-05T14:07:14+00:00,,,"{'_': 'MessageReactions', 'results': [{'_': 'ReactionCount', 'reaction': {'_': 'ReactionEmoji', 'emoticon': '👍'}, 'count': 3, 'chosen_order': None}, {'_': 'ReactionCount', 'reaction': {'_': 'ReactionEmoji', 'emoticon': '❤'}, 'count': 2, 'chosen_order': None}], 'min': False, 'can_see_list': False, 'reactions_as_tags': False, 'recent_reactions': []}",[],
cheapsmmmarketer,https://t.me/cheapsmmmarketer,634,2024-02-06 07:48:58,"Dear Users,
Try this service to increase your posts reels comments 
its working in bullet speed.
<PERSON>",False,False,False,False,True,False,False,False,False,False,1641701890,,,,,,,6.201595500688424e+18,,733.0,0.0,,2024-02-09T12:58:09+00:00,,,"{'_': 'MessageReactions', 'results': [{'_': 'ReactionCount', 'reaction': {'_': 'ReactionEmoji', 'emoticon': '❤'}, 'count': 3, 'chosen_order': None}, {'_': 'ReactionCount', 'reaction': {'_': 'ReactionEmoji', 'emoticon': '👍'}, 'count': 1, 'chosen_order': None}], 'min': False, 'can_see_list': False, 'reactions_as_tags': False, 'recent_reactions': []}",[],
cheapsmmmarketer,https://t.me/cheapsmmmarketer,635,2024-02-06 13:52:55,,False,False,False,True,True,,False,,,,1641701890,,,,632.0,False,False,,,,,,,,,,,
cheapsmmmarketer,https://t.me/cheapsmmmarketer,636,2024-02-07 18:20:38,"Instagram Guaranteed Followers 
PRICE DROP 😍😍
Check it out and Grab your order Now
Hurry Up
Cheapsmmmarket.com",False,False,False,False,True,False,False,True,False,False,1641701890,,,,,,,6.204199350381429e+18,,642.0,0.0,,2024-02-07T18:20:52+00:00,,,"{'_': 'MessageReactions', 'results': [{'_': 'ReactionCount', 'reaction': {'_': 'ReactionEmoji', 'emoticon': '👍'}, 'count': 5, 'chosen_order': None}, {'_': 'ReactionCount', 'reaction': {'_': 'ReactionEmoji', 'emoticon': '🤮'}, 'count': 1, 'chosen_order': None}], 'min': False, 'can_see_list': False, 'reactions_as_tags': False, 'recent_reactions': []}",[],
cheapsmmmarketer,https://t.me/cheapsmmmarketer,637,2024-02-09 06:26:39,"Dear Users 
Qr Code Method Is Activated 
Make sure to check deposit section before payment 
Regards 
Cheapsmmmarket.com",False,False,False,False,True,False,False,True,False,False,1641701890,,,,,,,6.210630196323794e+18,,542.0,0.0,,2024-02-09T07:23:09+00:00,,,"{'_': 'MessageReactions', 'results': [{'_': 'ReactionCount', 'reaction': {'_': 'ReactionEmoji', 'emoticon': '❤'}, 'count': 3, 'chosen_order': None}, {'_': 'ReactionCount', 'reaction': {'_': 'ReactionEmoji', 'emoticon': '💩'}, 'count': 1, 'chosen_order': None}], 'min': False, 'can_see_list': False, 'reactions_as_tags': False, 'recent_reactions': []}",[],
cheapsmmmarketer,https://t.me/cheapsmmmarketer,638,2024-02-09 14:21:06,"WATCH THIS VIDEO 
IN THIS VIDEO WE HAVE EXPLAINED ABOUT - HOW TO ADD FUND THROUGH UPI - ALL METHOD  ( QR CODE METHOD )

Regards
Cheapsmmmarket.com",False,False,False,False,True,False,False,True,True,False,1641701890,,,,,,,,,516.0,0.0,,2024-02-09T14:30:44+00:00,,,"{'_': 'MessageReactions', 'results': [{'_': 'ReactionCount', 'reaction': {'_': 'ReactionEmoji', 'emoticon': '❤'}, 'count': 3, 'chosen_order': None}, {'_': 'ReactionCount', 'reaction': {'_': 'ReactionEmoji', 'emoticon': '🤮'}, 'count': 1, 'chosen_order': None}, {'_': 'ReactionCount', 'reaction': {'_': 'ReactionEmoji', 'emoticon': '🍌'}, 'count': 1, 'chosen_order': None}], 'min': False, 'can_see_list': False, 'reactions_as_tags': False, 'recent_reactions': []}",[],
cheapsmmmarketer,https://t.me/cheapsmmmarketer,639,2024-02-10 14:02:28,"Instagram Guaranteed Followers 
PRICE DROP 😍😍
Check it out and Grab your order Now
Hurry Up
Cheapsmmmarket.com",False,False,False,False,True,False,False,True,False,False,1641701890,,,,,,,6.215473051122907e+18,,569.0,0.0,,2024-02-10T14:11:16+00:00,,,"{'_': 'MessageReactions', 'results': [{'_': 'ReactionCount', 'reaction': {'_': 'ReactionEmoji', 'emoticon': '👎'}, 'count': 3, 'chosen_order': None}, {'_': 'ReactionCount', 'reaction': {'_': 'ReactionEmoji', 'emoticon': '❤'}, 'count': 2, 'chosen_order': None}], 'min': False, 'can_see_list': False, 'reactions_as_tags': False, 'recent_reactions': []}",[],
cheapsmmmarketer,https://t.me/cheapsmmmarketer,640,2024-02-10 14:02:46,,False,False,False,True,True,,False,,,,1641701890,,,,638.0,False,False,,,,,,,,,,,
cheapsmmmarketer,https://t.me/cheapsmmmarketer,641,2024-02-10 14:17:41,"Dear Users,
We are here to provide you with cheap and best high-quality services

Note - Before placing an order contact us on our WhatsApp 
We recommend the Best Seller packages of All services 

https://wa.me/<PHONE_NUMBER>

Stay connected with us❤️
Lots of love
Cheapsmmmarket.com",False,False,False,False,True,False,False,True,False,False,1641701890,,,,,,,,,670.0,1.0,,2024-02-10T14:47:39+00:00,,,"{'_': 'MessageReactions', 'results': [{'_': 'ReactionCount', 'reaction': {'_': 'ReactionEmoji', 'emoticon': '❤'}, 'count': 3, 'chosen_order': None}, {'_': 'ReactionCount', 'reaction': {'_': 'ReactionEmoji', 'emoticon': '👎'}, 'count': 1, 'chosen_order': None}], 'min': False, 'can_see_list': False, 'reactions_as_tags': False, 'recent_reactions': []}",[],
cheapsmmmarketer,https://t.me/cheapsmmmarketer,642,2024-02-12 14:32:39,"Get <NRP> Likes Only in <PERSON> INR/1000
Check it out and place order now 
Cheapsmmmarket.com",False,False,False,False,True,False,False,True,False,False,1641701890,,,,,,,6.221731114825923e+18,,614.0,0.0,,2024-02-12T15:09:00+00:00,,,"{'_': 'MessageReactions', 'results': [{'_': 'ReactionCount', 'reaction': {'_': 'ReactionEmoji', 'emoticon': '❤'}, 'count': 5, 'chosen_order': None}, {'_': 'ReactionCount', 'reaction': {'_': 'ReactionEmoji', 'emoticon': '👎'}, 'count': 1, 'chosen_order': None}], 'min': False, 'can_see_list': False, 'reactions_as_tags': False, 'recent_reactions': []}",[],
cheapsmmmarketer,https://t.me/cheapsmmmarketer,643,2024-02-14 13:35:57,"We Have added New Instagram Story views package 
working perfectly 
Note - Make sure to put Only username in the link section 
Regards 
Cheapsmmmarket.com",False,False,False,False,True,False,False,True,False,False,1641701890,,,,,,,6.226741829831867e+18,,562.0,0.0,,2024-02-14T13:51:14+00:00,,,"{'_': 'MessageReactions', 'results': [{'_': 'ReactionCount', 'reaction': {'_': 'ReactionEmoji', 'emoticon': '👎'}, 'count': 4, 'chosen_order': None}, {'_': 'ReactionCount', 'reaction': {'_': 'ReactionEmoji', 'emoticon': '❤'}, 'count': 1, 'chosen_order': None}], 'min': False, 'can_see_list': False, 'reactions_as_tags': False, 'recent_reactions': []}",[],
cheapsmmmarketer,https://t.me/cheapsmmmarketer,644,2024-02-17 07:10:56,,False,False,False,False,True,,False,,,,1641701890,,,,632.0,False,False,,,,,,,,,,,
cheapsmmmarketer,https://t.me/cheapsmmmarketer,646,2024-02-17 14:49:40,"WATCH THIS VIDEO 
IN THIS VIDEO WE HAVE EXPLAINED ABOUT - HOW TO ADD FUND THROUGH PAYTM CHECKOUT METHOD",False,False,False,False,True,False,False,True,True,False,1641701890,,"{'_': 'MessageFwdHeader', 'date': '2024-02-03T14:33:36+00:00', 'imported': False, 'saved_out': False, 'from_id': {'_': 'PeerChannel', 'channel_id': 1641701890}, 'from_name': None, 'channel_post': 632, 'post_author': None, 'saved_from_peer': None, 'saved_from_msg_id': None, 'saved_from_id': None, 'saved_from_name': None, 'saved_date': None, 'psa_type': None}",,,,,,,358.0,1.0,,2024-02-17T15:37:02+00:00,,,"{'_': 'MessageReactions', 'results': [{'_': 'ReactionCount', 'reaction': {'_': 'ReactionEmoji', 'emoticon': '👎'}, 'count': 4, 'chosen_order': None}], 'min': False, 'can_see_list': False, 'reactions_as_tags': False, 'recent_reactions': []}",[],
cheapsmmmarketer,https://t.me/cheapsmmmarketer,647,2024-02-17 14:49:56,,False,False,False,True,True,,False,,,,1641701890,,,,646.0,False,False,,,,,,,,,,,
cheapsmmmarketer,https://t.me/cheapsmmmarketer,648,2024-02-19 18:06:12,"Dear Users,
Try this service to increase your posts reels comments 
its working in bullet speed.
<PERSON>",False,False,False,False,True,False,False,True,False,False,1641701890,,,,,,,6.240008562902416e+18,,363.0,0.0,,2024-02-20T03:12:44+00:00,,,"{'_': 'MessageReactions', 'results': [{'_': 'ReactionCount', 'reaction': {'_': 'ReactionEmoji', 'emoticon': '👎'}, 'count': 2, 'chosen_order': None}], 'min': False, 'can_see_list': False, 'reactions_as_tags': False, 'recent_reactions': []}",[],
cheapsmmmarketer,https://t.me/cheapsmmmarketer,649,2024-02-22 06:35:57,"Dear Users,
We are giving Instagram Mixed <NRP> Likes Only in @6.88INR /1000 check it out and place order now 
Cheapsmmmarket.com",False,False,False,False,True,False,False,True,False,False,1641701890,,,,,,,6.248819194388921e+18,,248.0,0.0,,2024-02-22T09:45:14+00:00,,,"{'_': 'MessageReactions', 'results': [{'_': 'ReactionCount', 'reaction': {'_': 'ReactionEmoji', 'emoticon': '😢'}, 'count': 2, 'chosen_order': None}, {'_': 'ReactionCount', 'reaction': {'_': 'ReactionEmoji', 'emoticon': '💯'}, 'count': 1, 'chosen_order': None}], 'min': False, 'can_see_list': False, 'reactions_as_tags': False, 'recent_reactions': []}",[],
cheapsmmmarketer,https://t.me/cheapsmmmarketer,650,2024-02-23 05:17:55,"WATCH THIS VIDEO 
IN THIS VIDEO WE HAVE EXPLAINED ABOUT - HOW TO ADD FUND THROUGH PAYTM CHECKOUT METHOD",False,False,False,False,True,False,False,True,False,False,1641701890,,"{'_': 'MessageFwdHeader', 'date': '2024-02-03T14:33:36+00:00', 'imported': False, 'saved_out': False, 'from_id': {'_': 'PeerChannel', 'channel_id': 1641701890}, 'from_name': None, 'channel_post': 632, 'post_author': None, 'saved_from_peer': None, 'saved_from_msg_id': None, 'saved_from_id': None, 'saved_from_name': None, 'saved_date': None, 'psa_type': None}",,,,,,,84.0,0.0,,2024-02-23T05:39:55+00:00,,,"{'_': 'MessageReactions', 'results': [{'_': 'ReactionCount', 'reaction': {'_': 'ReactionEmoji', 'emoticon': '👎'}, 'count': 4, 'chosen_order': None}], 'min': False, 'can_see_list': False, 'reactions_as_tags': False, 'recent_reactions': []}",[],
cheapsmmmarketer,https://t.me/cheapsmmmarketer,659,2024-03-01 15:50:38,"Dear Users,
Now Facebook Reels views start from @3.65 per 1000 Views 
hurry grab your order now 
Cheapsmmmarket.com",False,False,False,False,True,False,False,False,False,False,1641701890,,,,,,,6.2740342430091e+18,,27.0,0.0,,,,,,[],
cheapsmmmarketer,https://t.me/cheapsmmmarketer,661,2024-03-03 11:04:41,"Dear Users,
Added New YouTube Watching Hours package Now it is available in Affordable price 
check it out and grab your order now 
Cheapsmmmaket.com",False,False,False,False,True,False,False,False,False,False,1641701890,,,,,,,6.280324622046052e+18,,27.0,0.0,,,,,,[],
cheapsmmmarketer,https://t.me/cheapsmmmarketer,663,2024-03-03 18:24:45,"https://www.youtube.com/watch?v=wyH2S3s2X3M

WATCH THIS VIDEO 
IN THIS VIDEO WE HAVE EXPLAINED ABOUT -  HOW TO ADD FUND THROUGH PAYTM CHECKOUT METHOD

Cheapsmmmarket.com",False,False,False,False,True,False,False,False,False,False,1641701890,,,,,,,,,9.0,0.0,,,,,,[],
cheapsmmmarketer,https://t.me/cheapsmmmarketer,665,2024-03-04 13:45:02,,False,False,False,True,True,,False,,,,1641701890,,,,663.0,False,False,,,,,,,,,,,
cheapsmmmarketer,https://t.me/cheapsmmmarketer,666,2024-03-04 13:47:15,"Youtube Non Drop Subscribers Start from 476 INR For 1000 Subscribers check it out and place order now 
Cheapsmmmarket.com",False,False,False,False,True,False,False,False,False,False,1641701890,,,,,,,6.282868389441551e+18,,25.0,0.0,,,,,,[],
cheapsmmmarketer,https://t.me/cheapsmmmarketer,668,2024-03-07 07:02:51,"Dear Users,
Try this package
Its working perfectly order completing on time 
Regards 
Cheapsmmmarket.com",False,False,False,False,True,False,False,False,False,False,1641701890,,,,,,,6.289379954999279e+18,,21.0,0.0,,,,,,[],
cheapsmmmarketer,https://t.me/cheapsmmmarketer,670,2024-03-10 16:46:22,"Dear Users,
As of now you can try this service 
its working in normal speed 
as compare to other services 
Service id - 18826",False,False,False,False,True,False,False,False,False,False,1641701890,,,,,,,6.301052963145235e+18,,26.0,0.0,,2024-03-10T16:46:33+00:00,,,,[],
cheapsmmmarketer,https://t.me/cheapsmmmarketer,672,2024-03-12 07:06:59,"Dear Users,
We have added new Instant Instagram Followers package 
it working in bullet speed 
Cheapsmmmarket.com",False,False,False,False,True,False,False,True,True,False,1641701890,,,,,,,6.30512866377084e+18,,17.0,0.0,,2024-03-12T07:07:17+00:00,,,"{'_': 'MessageReactions', 'results': [{'_': 'ReactionCount', 'reaction': {'_': 'ReactionEmoji', 'emoticon': '❤'}, 'count': 1, 'chosen_order': None}], 'min': False, 'can_see_list': False, 'reactions_as_tags': False, 'recent_reactions': []}",[],
cheapsmmmarketer,https://t.me/cheapsmmmarketer,673,2024-03-12 07:07:04,,False,False,False,False,True,,False,,,,1641701890,,,,672.0,False,False,,,,,,,,,,,
cheapsmmmarketer,https://t.me/cheapsmmmarketer,675,2024-03-13 14:16:37,"WATCH THIS VIDEO https://www.youtube.com/watch?v=kjEwveCKfrk&t=1s
IN THIS VIDEO WE HAVE EXPLAINED ABOUT - HOW TO ADD FUND THROUGH UPI - ALL METHOD  ( QR CODE METHOD )

Regards
Cheapsmmmarket.com",False,False,False,False,True,False,False,False,True,False,1641701890,,,,,,,,,45.0,0.0,,,,,,[],
cheapsmmmarketer,https://t.me/cheapsmmmarketer,676,2024-03-13 14:16:43,,False,False,False,True,True,,False,,,,1641701890,,,,675.0,False,False,,,,,,,,,,,
cheapsmmmarketer,https://t.me/cheapsmmmarketer,677,2024-03-13 14:27:01,"LOOT LOOT LOOT🥳🥳

https://www.youtube.com/@cheapsmmmarket0/videos

Dear Users,

AAP HUMARI NEW YOUTUBE CHANNEL SUBSCRIBE KR LIJIYE 
AUR JITNI BHI VIDEO HAI SABME COUPONS CODE HAI VIDEOS DEKHIYE AUR COUPON CODE USE KRIYE 

HURRY UP🥳🥳🥳

ONLY IN Cheapsmmmarket.com World of Digital Marketing❤️",False,False,False,False,True,False,False,False,True,False,1641701890,,,,,,,,,38.0,0.0,,,,,,[],
cheapsmmmarketer,https://t.me/cheapsmmmarketer,678,2024-03-13 14:27:06,,False,False,False,True,True,,False,,,,1641701890,,,,677.0,False,False,,,,,,,,,,,
cheapsmmmarketer,https://t.me/cheapsmmmarketer,680,2024-03-17 18:04:56,"Dear Users,
Make sure to read our user manual before placing the order
Regards
Cheapsmmmarket.com",False,False,False,False,True,False,False,False,False,False,1641701890,,,,,,,6.321140439289282e+18,,16.0,0.0,,,,,,[],
cheapsmmmarketer,https://t.me/cheapsmmmarketer,682,2024-03-18 14:27:20,,False,False,False,False,True,False,False,False,False,False,1641701890,,,,,,,6.325644038916652e+18,,19.0,0.0,,,,,,[],
cheapsmmmarketer,https://t.me/cheapsmmmarketer,683,2024-03-18 14:28:57,"Dear Users,
All likes services are working perfectly 
Feel free to place an order ❤️
Cheapsmmmarket.com",False,False,False,False,True,False,False,False,False,False,1641701890,,,,,,,,,13.0,0.0,,,,,,[],
cheapsmmmarketer,https://t.me/cheapsmmmarketer,685,2024-03-21 14:02:02,"Dear Users,
Make sure to read our user manual before placing the order
Regards
Cheapsmmmarket.com",False,False,False,False,True,False,False,False,False,False,1641701890,,"{'_': 'MessageFwdHeader', 'date': '2024-03-17T18:04:56+00:00', 'imported': False, 'saved_out': False, 'from_id': {'_': 'PeerChannel', 'channel_id': 1641701890}, 'from_name': None, 'channel_post': 680, 'post_author': None, 'saved_from_peer': None, 'saved_from_msg_id': None, 'saved_from_id': None, 'saved_from_name': None, 'saved_date': None, 'psa_type': None}",,,,,6.321140439289282e+18,,7.0,0.0,,,,,,[],
cheapsmmmarketer,https://t.me/cheapsmmmarketer,687,2024-03-23 10:45:05,,False,False,False,False,True,,False,,,,1641701890,,,,685.0,False,False,,,,,,,,,,,
cheapsmmmarketer,https://t.me/cheapsmmmarketer,688,2024-03-23 10:46:23,"Dear Users 
We have updated our Instagram reel Views package 
Now its working perfectly 
Cheapsmmmarket.com",False,False,False,False,True,False,False,False,False,False,1641701890,,,,,,,6.339032985281609e+18,,13.0,0.0,,,,,,[],
cheapsmmmarketer,https://t.me/cheapsmmmarketer,690,2024-03-24 16:41:54,"We have updated Facebook Page likes + Followers package its working perfectly 
check it out and place order now....
Cheapsmmmarket.com",False,False,False,False,True,False,False,True,False,False,1641701890,,,,,,,6.053054408943582e+18,,17.0,0.0,,2024-03-24T16:42:13+00:00,,,"{'_': 'MessageReactions', 'results': [{'_': 'ReactionCount', 'reaction': {'_': 'ReactionEmoji', 'emoticon': '❤'}, 'count': 1, 'chosen_order': None}], 'min': False, 'can_see_list': False, 'reactions_as_tags': False, 'recent_reactions': []}",[],
cheapsmmmarketer,https://t.me/cheapsmmmarketer,692,2024-03-25 15:40:08,"Dear Users,
Our Current number is https://wa.me/<PHONE_NUMBER>
click here and drop hi 👆
Cheapsmmmarket.com",False,False,False,False,True,False,False,False,True,False,1641701890,,,,,,,6.057850001922571e+18,,113.0,0.0,,,,,,[],
cheapsmmmarketer,https://t.me/cheapsmmmarketer,693,2024-03-25 17:58:05,,False,False,False,True,True,,False,,,,1641701890,,,,692.0,False,False,,,,,,,,,,,
cheapsmmmarketer,https://t.me/cheapsmmmarketer,695,2024-03-28 17:32:30,"Dear users
try our Instagram Indian Likes Service its working perfectly 
grab your order now 
cheapsmmmarket.com",False,False,False,False,True,False,False,False,False,False,1641701890,,,,,,,6.06665859329961e+18,,13.0,0.0,,2024-03-28T17:34:06+00:00,,,,[],
cheapsmmmarketer,https://t.me/cheapsmmmarketer,697,2024-03-29 17:31:19,"Dear Users,
we have added new Instagram-guaranteed followers package check it out place order now 
Cheapsmmmarket.com",False,False,False,False,True,False,False,False,False,False,1641701890,,,,,,,6.068910393113298e+18,,14.0,0.0,,,,,,[],
cheapsmmmarketer,https://t.me/cheapsmmmarketer,699,2024-04-02 14:03:15,"Dear Users,
we have added new Instagram-guaranteed followers package 
Service id - 19214
check it out place order now 
Cheapsmmmarket.com",False,False,False,False,True,False,False,False,False,False,1641701890,,,,,,,6.079944327305477e+18,,38.0,0.0,,,,,,[],
