Channel ID,URL,Post ID,date,message,out,mentioned,media_unread,silent,post,from_scheduled,legacy,edit_hide,pinned,noforwards,peer_channel,from_id_user,fwd_from,via_bot_id,reply_to_msg_id,reply_to_scheduled,forum_topic,media_photo_id,reply_markup,views,forwards,replies,edit_date,post_author,grouped_id,reactions,restriction_reason,ttl_period
fakeservices_com,https://t.me/fakeservices_com,257,2024-03-19 20:19:13,"🎚New Premium #Telegram Services

⭐️ 4354 - Telegram Premium members - [<DATE_TIME>] ⛔️ / 2.42$

👑 1 #Cheapest & Best Services Provider
🔗Panel : GetMeFollowers.org",False,False,False,False,True,False,False,True,False,False,1422897368,,,,,,,,,233,0,,2024-03-19T20:19:18+00:00,GMF Support (FS),,"{'_': 'MessageReactions', 'results': [{'_': 'ReactionCount', 'reaction': {'_': 'ReactionCustomEmoji', 'document_id': 5042284737851294696}, 'count': 2, 'chosen_order': None}], 'min': False, 'can_see_list': False, 'reactions_as_tags': False, 'recent_reactions': []}",[],
