Channel ID,URL,Post ID,date,message,out,mentioned,media_unread,silent,post,from_scheduled,legacy,edit_hide,pinned,noforwards,peer_channel,from_id_user,fwd_from,via_bot_id,reply_to_msg_id,reply_to_scheduled,forum_topic,media_photo_id,reply_markup,views,forwards,replies,edit_date,post_author,grouped_id,reactions,restriction_reason,ttl_period
fixedmembers_channel,https://t.me/fixedmembers_channel,258,2024-02-01 10:22:58,#New_Service,False,False,False,False,True,False,False,True,False,False,1875404119,,,,,,,5.897490444374361e+18,,968,1,,2024-02-01T10:25:12+00:00,,,,[],
fixedmembers_channel,https://t.me/fixedmembers_channel,260,2024-02-05 10:22:23,,False,False,False,False,True,False,False,False,False,False,1875404119,,,,,,,5.911396771089727e+18,,885,0,,,,,,[],
fixedmembers_channel,https://t.me/fixedmembers_channel,261,2024-02-05 10:24:51,"#Price_Decreased

👁 Telegram Post Views

💰 Price 0.0075$ 

✅ Cheapest & Working 

FixedMembers.shop",False,False,False,False,True,False,False,False,False,False,1875404119,,,,260.0,False,False,,,1048,1,,,,,,[],
fixedmembers_channel,https://t.me/fixedmembers_channel,262,2024-02-11 16:24:28,,False,False,False,False,True,False,False,False,False,False,1875404119,,,,,,,5.929373691714585e+18,,736,1,,,,,,[],
fixedmembers_channel,https://t.me/fixedmembers_channel,263,2024-02-11 16:26:55,"#New_Service 

Fast & Cheap Members For Telegram 🔥

- Service ID 2301
- Instant Start
- No There Quarantee About Drop
- Speed 100k/Day
- Price 0.51$ per 1k

✅ Working For All Channels

FixedMembers.shop",False,False,False,False,True,False,False,False,False,False,1875404119,,,,262.0,False,False,,,774,1,,2024-02-11T23:16:27+00:00,,,,[],
fixedmembers_channel,https://t.me/fixedmembers_channel,264,2024-02-11 23:12:31,,False,False,False,False,True,False,False,False,False,False,1875404119,,,,,,,5.93162549152827e+18,,786,0,,,,,,[],
fixedmembers_channel,https://t.me/fixedmembers_channel,265,2024-02-11 23:15:34,"#New_Service 

Auto Post Views For Telegram 🔥

🇷🇺🇳🇪🇮🇱 Country Targeted 🇬🇬🇩🇪🇺🇸

- Instant Start
- For Old / New Posts
- 0% Drop
- Speed 1M/Day
- Price 0.10$ per 1k

✅ Working For All Channels

FixedMembers.shop",False,False,False,False,True,False,False,False,False,False,1875404119,,,,264.0,False,False,,,947,0,,2024-02-11T23:16:19+00:00,,,,[],
fixedmembers_channel,https://t.me/fixedmembers_channel,266,2024-02-16 13:36:27,"#New_Service

✅️ Telegram premium or verified account

Your account will be confirmed by Telegram and your account will be prevented from being deleted. It has many features that distinguish you from other users...👍

✅You can have Telegram's verified blue tick on your account... <PERSON> for <DATE_TIME> 29$
🔥 Price for <DATE_TIME> 39$
🔥 Price for <DATE_TIME> 69$

❌ No need to access your Telegram account!

🚀 Complete Time: 10 Min - 1 Hours

🙋‍♂️ 𝗧𝗼 𝗯𝘂𝘆, 𝗽𝗹𝗲𝗮𝘀𝗲 𝘀𝗲𝗻𝗱 𝗮 𝗺𝗲𝘀𝘀𝗮𝗴𝗲 𝘁𝗼 <PERSON> 𝘀𝘂𝗽𝗽𝗼𝗿𝘁 @FixedMember_Admin",False,False,False,False,True,False,False,False,False,False,1875404119,,,,,,,,,840,4,,,,,,[],
fixedmembers_channel,https://t.me/fixedmembers_channel,267,2024-02-22 22:55:54,,False,False,False,False,True,False,False,False,False,False,1875404119,,,,,,,,,665,1,,,,,,[],
fixedmembers_channel,https://t.me/fixedmembers_channel,268,2024-02-22 22:57:19,"#New_Service 

Multiple Old Post Views For Telegram 🔥

🇷🇺🇳🇪🇮🇱 Country Targeted 🇬🇬🇩🇪🇺🇸

- Instant Start
- For Old Posts
- 0% Drop
- Speed 1M/Day

✅ Working For All Channels

FixedMembers.shop",False,False,False,False,True,False,False,False,False,False,1875404119,,,,,,,,,721,1,,,,,,[],
fixedmembers_channel,https://t.me/fixedmembers_channel,271,2024-02-27 06:44:39,"❌Telegram members services have problem!!!

Will solved soon...",False,False,False,False,True,False,False,False,False,False,1875404119,,,,,,,,,414,3,,,,,,[],
fixedmembers_channel,https://t.me/fixedmembers_channel,272,2024-02-27 20:45:10,"Hello Guys 🙋‍♂

The problem of Telegram member services has been completely resolved ✅

You can use all the services and start orders are instant... 👉

FixedMembers.shop",False,False,False,False,True,False,False,False,False,False,1875404119,,,,271.0,False,False,,,351,3,,,,,,[],
fixedmembers_channel,https://t.me/fixedmembers_channel,273,2024-02-29 22:42:05,,False,False,False,False,True,False,False,False,False,False,1875404119,,,,,,,5.983438168805983e+18,,257,2,,,,,,[],
fixedmembers_channel,https://t.me/fixedmembers_channel,274,2024-02-29 22:47:03,"#Update

Premium Members For Telegram 🔥
Premium Views For Telegram 🔥
Premium Bot Start For Telegram 🔥

- Instant Start
- Best Services For Search & Ranking
- 0% Drop

🔴Those who want to improve their Telegram group or channel in search and ranking should use this service...

✅ Working For All Channels

FixedMembers.shop",False,False,False,False,True,False,False,False,False,False,1875404119,,,,273.0,False,False,,,256,1,,,,,,[],
fixedmembers_channel,https://t.me/fixedmembers_channel,275,2024-02-29 22:55:18,"Cheapest Premium Members in the world 🔥

Order & Enjoy <NRP>",False,False,False,False,True,False,False,False,False,False,1875404119,,,,273.0,False,False,,,241,1,,,,,,[],
fixedmembers_channel,https://t.me/fixedmembers_channel,276,2024-03-01 22:08:22,,False,False,False,False,True,False,False,False,False,False,1875404119,,,,,,,5.985748848326328e+18,,195,2,,,,,,[],
fixedmembers_channel,https://t.me/fixedmembers_channel,277,2024-03-01 22:11:24,"#New_Service 

Fast & Cheap Followers For Instagram 🔥

- Service ID 2283
- Instant Start
- 0% Drop
- Speed 100k/Day
- Price 0.53$ per 1k

✅ Working For All Pages

FixedMembers.shop",False,False,False,False,True,False,False,False,False,False,1875404119,,,,276.0,False,False,,,191,2,,,,,,[],
fixedmembers_channel,https://t.me/fixedmembers_channel,278,2024-03-01 22:13:37,Special offer for all sellers and dear customers...⚡<NRP>,False,False,False,False,True,False,False,False,False,False,1875404119,,,,277.0,False,False,,,182,2,,,,,,[],
fixedmembers_channel,https://t.me/fixedmembers_channel,280,2024-03-04 17:12:26,,False,False,False,False,True,False,False,False,False,False,1875404119,,,,,,,5.994676354462892e+18,,435,2,,,,,,[],
fixedmembers_channel,https://t.me/fixedmembers_channel,281,2024-03-04 17:13:07,Best Service For Telegram Members 🔥,False,False,False,False,True,False,False,False,False,False,1875404119,,,,280.0,False,False,,,459,1,,,,,,[],
fixedmembers_channel,https://t.me/fixedmembers_channel,282,2024-03-07 19:41:15,,False,False,False,False,True,False,False,False,False,False,1875404119,,,,,,,6.003681870090453e+18,,252,1,,,,,,[],
fixedmembers_channel,https://t.me/fixedmembers_channel,283,2024-03-07 19:41:55,"#New_Service 

Fast & Cheap Views For Instagram 🔥

- Service ID 2378
- Instant Start
- 0% Drop
- Speed 100k/Day
- Price 0.06$ per 1k

✅ Working For All Pages

FixedMembers.shop",False,False,False,False,True,False,False,False,False,False,1875404119,,,,282.0,False,False,,,248,1,,,,,,[],
fixedmembers_channel,https://t.me/fixedmembers_channel,285,2024-03-12 00:52:14,Best Telegram Members Service For Search & Ranking 💬,False,False,False,False,True,False,False,False,False,False,1875404119,,,,284.0,False,False,,,405,1,,,,,,[],
fixedmembers_channel,https://t.me/fixedmembers_channel,286,2024-03-15 09:41:11,,False,False,False,False,True,False,False,False,False,False,1875404119,,,,,,,6.026045631656739e+18,,195,2,,,,,,[],
fixedmembers_channel,https://t.me/fixedmembers_channel,287,2024-03-15 09:43:23,"✔️Best Service For <PERSON> 

📈Instant Start & Super Fast Speed",False,False,False,False,True,False,False,False,False,False,1875404119,,,,286.0,False,False,,,190,2,,2024-03-15T09:43:46+00:00,,,,[],
fixedmembers_channel,https://t.me/fixedmembers_channel,289,2024-03-23 01:34:30,"🔗 Best Service For Instagram Likes

❤ Instant Start & Super Fast Speed

😀 Price 0.038$

FixedMembers.shop",False,False,False,False,True,False,False,False,False,False,1875404119,,,,288.0,False,False,,,43,1,,2024-03-23T01:38:54+00:00,,,,[],
fixedmembers_channel,https://t.me/fixedmembers_channel,291,2024-03-24 00:09:12,"🔗 Facebook services updated

✅ Working...

FixedMembers.shop",False,False,False,False,True,False,False,False,False,False,1875404119,,,,290.0,False,False,,,48,1,,2024-03-24T00:09:41+00:00,,,,[],
fixedmembers_channel,https://t.me/fixedmembers_channel,293,2024-03-24 15:10:48,"🔗 TikTok services updated

✅ Working...

FixedMembers.shop",False,False,False,False,True,False,False,False,False,False,1875404119,,,,292.0,False,False,,,38,1,,2024-03-24T15:10:54+00:00,,,,[],
fixedmembers_channel,https://t.me/fixedmembers_channel,295,2024-03-31 09:58:54,"#News

❌ Telegram member services have minor problems!

✅ <DATE_TIME> these problems will be completely solved

🤦‍♂️ Support may be late in responding to messages <DATE_TIME>, we are working on the issue and will be back with good news soon <DATE_TIME>... 🔥

With Respect FixedMember.shop",False,False,False,False,True,False,False,False,False,False,1875404119,,,,,,,,,38,1,,,,,,[],
fixedmembers_channel,https://t.me/fixedmembers_channel,297,2024-03-31 11:30:27,"#New

🔴Telegram Member Services Updated

• Service ID 7 - Price 0.88$

• Service ID 1559 - Price 1.25$

❌ Be sure to read the service description carefully before ordering...

With Respect FixedMember.shop",False,False,False,False,True,False,False,False,False,False,1875404119,,,,296.0,False,False,,,49,1,,2024-03-31T11:31:20+00:00,,,,[],
fixedmembers_channel,https://t.me/fixedmembers_channel,298,2024-03-31 11:34:47,"✅ If you have any questions about the Telegram member service, we can be your guide @FixedMember_Admin",False,False,False,False,True,False,False,False,False,False,1875404119,,,,297.0,False,False,,,37,1,,,,,,[],
fixedmembers_channel,https://t.me/fixedmembers_channel,300,2024-04-01 22:03:07,"#News

The following services give you the best ranking in Telegram search👇

✅ Premium Members For Channel & Group
✅ Premium Post Views For Channels
✅ Premium Bot Start For Bots

🔥 Go to the ""Premium Members"" section on the site and place an order and place your channel and robot in the Telegram ranking...

With Respect FixedMembers.shop",False,False,False,False,True,False,False,False,False,False,1875404119,,,,299.0,False,False,,,37,1,,2024-04-01T22:04:56+00:00,,,,[],
