Channel ID,URL,Post ID,date,message,out,mentioned,media_unread,silent,post,from_scheduled,legacy,edit_hide,pinned,noforwards,peer_channel,from_id_user,fwd_from,via_bot_id,reply_to_msg_id,reply_to_scheduled,forum_topic,media_photo_id,reply_markup,views,forwards,replies,edit_date,post_author,grouped_id,reactions,restriction_reason,ttl_period
followers_twittera,https://t.me/followers_twittera,22,2024-01-26 18:06:09,"🔠🔠🔠🔠🔠🔠🅰️🔠  ➖ 🔠🅰️🔠🔠


▶️ Search & rank Booster

🟢Premium Members (<DATE_TIME> nondrop)
🟢Premium Start bot (lifetime non drop)
🟢Boost channel (story activation - <DATE_TIME>)

🏳️ Mixed Worldwide Premium services
🇮🇷 Iran Premium services
<PERSON>🇷 Turkey Premium services
🇸🇦 Arab Premium services
🇮🇳 <NRP> Premium services
🇺🇿 <NRP> Premium services
🇺🇸 USA Premium services 
🇮🇱 Israel Premium services


‼️#1 Cheapest & Best Services Provider
🛡 @supimo
🔗Automatic Panel : GetMeFollowers.org",False,False,False,False,True,False,False,False,False,False,1838914052,,,,,,,,,8.0,0.0,,,,,,[],
followers_twittera,https://t.me/followers_twittera,23,2024-03-06 17:37:44,"🔠🔠🔠🔠🔠🔠🅰️🔠  ➖ 🔠🅰️🔠🔠


▶️ Search & rank Booster

🟢Premium Members (<DATE_TIME> nondrop)
🟢Premium Start bot (lifetime non drop)
🟢Boost channel (story activation - <DATE_TIME>)

🏳️ Mixed Worldwide Premium services
🇮🇷 Iran Premium services
<PERSON>🇷 Turkey Premium services
🇸🇦 Arab Premium services
🇮🇳 <NRP> Premium services
🇺🇿 <NRP> Premium services
🇺🇸 USA Premium services 
🇮🇱 Israel Premium services


‼️#1 Cheapest & Best Services Provider
🛡 @supimo
🔗Automatic Panel : GetMeFollowers.org",False,False,False,False,True,False,False,False,False,False,1838914052,,"{'_': 'MessageFwdHeader', 'date': '2024-03-06T17:37:01+00:00', 'imported': False, 'saved_out': False, 'from_id': {'_': 'PeerChannel', 'channel_id': 1976370656}, 'from_name': None, 'channel_post': 239, 'post_author': None, 'saved_from_peer': None, 'saved_from_msg_id': None, 'saved_from_id': None, 'saved_from_name': None, 'saved_date': None, 'psa_type': None}",,,,,,,3.0,0.0,,,,,,[],
