Channel ID,URL,Post ID,date,message,out,mentioned,media_unread,silent,post,from_scheduled,legacy,edit_hide,pinned,noforwards,peer_channel,from_id_user,fwd_from,via_bot_id,reply_to_msg_id,reply_to_scheduled,forum_topic,media_photo_id,reply_markup,views,forwards,replies,edit_date,post_author,grouped_id,reactions,restriction_reason,ttl_period
instajet_io,https://t.me/instajet_io,192,2024-01-15 11:31:13,"Weekly moderation news

<DATE_TIME> Over <DATE_TIME>, 84 bloggers registered on Instajet.io
✔️ 26 of them successfully passed moderation ⏩ Find new accounts here 

Our moderation process ensures quality and credibility for advertisers, and profitable opportunities for influencers

Didn't pass moderation?
No worries—you have <DATE_TIME> to adjust your account. We'll guide you through the reasons so you can reapply.

🍹 New to Instajet.io? 
Free Fresh Juice is your first order from the system that will help you get familiar with the platform and gain bonuses! Learn more

🤒  Go Exclusive
Looking to boost your earnings and order flow? Upgrade to Exclusive status now! Learn how

Still have questions?
Contact our support service! We'll be happy to help!

<PERSON>
Instajet.io",False,False,False,False,True,False,False,True,False,False,1655732264,,,,,,,,,571,0,,2024-01-15T11:31:40+00:00,,,"{'_': 'MessageReactions', 'results': [{'_': 'ReactionCount', 'reaction': {'_': 'ReactionEmoji', 'emoticon': '❤\u200d🔥'}, 'count': 6, 'chosen_order': None}, {'_': 'ReactionCount', 'reaction': {'_': 'ReactionEmoji', 'emoticon': '👍'}, 'count': 1, 'chosen_order': None}], 'min': False, 'can_see_list': False, 'reactions_as_tags': False, 'recent_reactions': []}",[],
instajet_io,https://t.me/instajet_io,193,2024-01-22 11:30:33,"Weekly moderation news

<DATE_TIME> Over <DATE_TIME>, 90 bloggers registered on Instajet.io
✔️ 22 of them successfully passed moderation ⏩ Find new accounts here 

Our moderation process ensures quality and credibility for advertisers, and profitable opportunities for influencers

Didn't pass moderation?
No worries—you have <DATE_TIME> to adjust your account. We'll guide you through the reasons so you can reapply.

🍹 New to Instajet.io? 
Free Fresh Juice is your first order from the system that will help you get familiar with the platform and gain bonuses! Learn more

🤒  Go Exclusive
Looking to boost your earnings and order flow? Upgrade to Exclusive status now! Learn how

Still have questions?
Contact our support service! We'll be happy to help!

<PERSON>
Instajet.io",False,False,False,False,True,False,False,True,False,False,1655732264,,,,,,,,,611,0,,2024-01-22T11:44:41+00:00,,,"{'_': 'MessageReactions', 'results': [{'_': 'ReactionCount', 'reaction': {'_': 'ReactionEmoji', 'emoticon': '❤'}, 'count': 6, 'chosen_order': None}, {'_': 'ReactionCount', 'reaction': {'_': 'ReactionEmoji', 'emoticon': '👍'}, 'count': 4, 'chosen_order': None}, {'_': 'ReactionCount', 'reaction': {'_': 'ReactionEmoji', 'emoticon': '🌚'}, 'count': 1, 'chosen_order': None}], 'min': False, 'can_see_list': False, 'reactions_as_tags': False, 'recent_reactions': []}",[],
instajet_io,https://t.me/instajet_io,194,2024-02-21 10:16:19,"Hi everyone, 

We're sad to tell you that our service will no longer be available after <DATE_TIME>. It wasn't an easy decision, but some factors and events led us here.

We want to say a huge thank you to our amazing users! Your feedback and ideas have helped us improve our service and we'll always be grateful for your contributions.

We're working hard to provide you with alternative options to make the transition as smooth as possible. If you have any questions or need help, please don't hesitate to reach out to our support team.

Thanks for trusting and supporting us. We hope our paths will cross someday in the future. Take care!

Instajet.io
Team",False,False,False,False,True,False,False,False,False,False,1655732264,,,,,,,,,350,1,,2024-02-21T10:16:35+00:00,,,"{'_': 'MessageReactions', 'results': [{'_': 'ReactionCount', 'reaction': {'_': 'ReactionEmoji', 'emoticon': '😢'}, 'count': 11, 'chosen_order': None}, {'_': 'ReactionCount', 'reaction': {'_': 'ReactionEmoji', 'emoticon': '💔'}, 'count': 6, 'chosen_order': None}, {'_': 'ReactionCount', 'reaction': {'_': 'ReactionEmoji', 'emoticon': '❤\u200d🔥'}, 'count': 3, 'chosen_order': None}, {'_': 'ReactionCount', 'reaction': {'_': 'ReactionEmoji', 'emoticon': '👍'}, 'count': 1, 'chosen_order': None}, {'_': 'ReactionCount', 'reaction': {'_': 'ReactionEmoji', 'emoticon': '🤡'}, 'count': 1, 'chosen_order': None}], 'min': False, 'can_see_list': False, 'reactions_as_tags': False, 'recent_reactions': []}",[],
instajet_io,https://t.me/instajet_io,196,2024-03-01 09:06:03,"🌺 Hello, friends!

❕ Important reminder: in <DATE_TIME>, our service will be ending. The team has worked diligently to provide you with the best services, and we hope you have been satisfied with our work.

Ahead of us lie new challenges and opportunities, and we are confident that each of you will handle them brilliantly! Thank you for being with us on this journey. Let's greet spring with joy and optimism, ready for new beginnings and adventures!

Instajet.io
Team",False,False,False,False,True,False,False,True,False,False,1655732264,,,,194.0,False,False,5.409270057160267e+18,,186,2,,2024-03-01T09:09:01+00:00,,,"{'_': 'MessageReactions', 'results': [{'_': 'ReactionCount', 'reaction': {'_': 'ReactionEmoji', 'emoticon': '😢'}, 'count': 5, 'chosen_order': None}, {'_': 'ReactionCount', 'reaction': {'_': 'ReactionEmoji', 'emoticon': '🤬'}, 'count': 2, 'chosen_order': None}, {'_': 'ReactionCount', 'reaction': {'_': 'ReactionEmoji', 'emoticon': '❤'}, 'count': 1, 'chosen_order': None}, {'_': 'ReactionCount', 'reaction': {'_': 'ReactionEmoji', 'emoticon': '🌚'}, 'count': 1, 'chosen_order': None}], 'min': False, 'can_see_list': False, 'reactions_as_tags': False, 'recent_reactions': []}",[],
instajet_io,https://t.me/instajet_io,198,2024-03-25 14:03:49,"Good <DATE_TIME>, everyone! 

We would like to remind you that the platform will be unavailable in <DATE_TIME>. 

We appreciate all those who supported us and believed in the project. 

We wish everyone success in their future endeavors!",False,False,False,False,True,False,False,True,False,False,1655732264,,,,194.0,False,False,5.190515213722573e+18,,44,0,,2024-03-25T14:04:31+00:00,,,"{'_': 'MessageReactions', 'results': [{'_': 'ReactionCount', 'reaction': {'_': 'ReactionEmoji', 'emoticon': '😱'}, 'count': 1, 'chosen_order': None}, {'_': 'ReactionCount', 'reaction': {'_': 'ReactionEmoji', 'emoticon': '🤬'}, 'count': 1, 'chosen_order': None}, {'_': 'ReactionCount', 'reaction': {'_': 'ReactionEmoji', 'emoticon': '😢'}, 'count': 1, 'chosen_order': None}, {'_': 'ReactionCount', 'reaction': {'_': 'ReactionEmoji', 'emoticon': '🌚'}, 'count': 1, 'chosen_order': None}], 'min': False, 'can_see_list': False, 'reactions_as_tags': False, 'recent_reactions': []}",[],
