Channel ID,URL,Post ID,date,message,out,mentioned,media_unread,silent,post,from_scheduled,legacy,edit_hide,pinned,noforwards,peer_channel,from_id_user,fwd_from,via_bot_id,reply_to_msg_id,reply_to_scheduled,forum_topic,media_photo_id,reply_markup,views,forwards,replies,edit_date,post_author,grouped_id,reactions,restriction_reason,ttl_period
membersa_telegram,https://t.me/membersa_telegram,120,2024-01-06 23:09:59,"❤️ New Exclusive Premium service

⭐️ 4277 - Exclusive Premium - [<DATE_TIME> ]  
⭐️ 4278 - Exclusive Premium - [<DATE_TIME> ]
⭐️ 4279 - Exclusive Premium - [<DATE_TIME> ] 
⭐️ 4280 - Exclusive Premium - [<DATE_TIME> ]  
⭐️ 4281 - Exclusive Premium - [<DATE_TIME> ]  


❗️#1 Cheapest & Best Services Provider
🛡 @supimo
🔗Automatic Panel : GetMeFollowers.org",False,False,False,False,True,False,False,False,False,False,1899525695,,,,,,,4.958844536042401e+18,,78,0,,,,,,[],
membersa_telegram,https://t.me/membersa_telegram,121,2024-01-09 20:20:51,block & report Fake scammers ❗️,False,False,False,False,True,False,False,False,False,False,1899525695,,,,,,,4.992592563693268e+18,,150,3,,2024-01-24T01:34:38+00:00,,,"{'_': 'MessageReactions', 'results': [{'_': 'ReactionCount', 'reaction': {'_': 'ReactionEmoji', 'emoticon': '❤'}, 'count': 1, 'chosen_order': None}], 'min': False, 'can_see_list': False, 'reactions_as_tags': False, 'recent_reactions': []}",[],
membersa_telegram,https://t.me/membersa_telegram,122,2024-01-11 23:16:46,"🔠🔠🔠🔠🔠🔠🅰️🔠  ➖ 🔠🅰️🔠🔠


▶️ Search & rank Booster

🟢Premium Members (<DATE_TIME> nondrop)
🟢Premium Start bot (lifetime non drop)
🟢Boost channel (story activation - <DATE_TIME>)

🏳️ Mixed Worldwide Premium services
🇮🇷 Iran Premium services
<PERSON>🇷 Turkey Premium services
🇸🇦 Arab Premium services
🇮🇳 <NRP> Premium services
🇺🇿 <NRP> Premium services
🇺🇸 USA Premium services 
🇮🇱 Israel Premium services


‼️#1 Cheapest & Best Services Provider
🛡 @supimo
🔗Automatic Panel : GetMeFollowers.org",False,False,False,False,True,False,False,False,False,False,1899525695,,,,,,,,,98,0,,,,,,[],
membersa_telegram,https://t.me/membersa_telegram,123,2024-01-25 09:22:43,"🎚Updating Premium #Telegram Services

🟢Completely no drop and all accounts have long premium
🟢All premium items are included in the statistics 100%
🟢Any link format and Instant start
🟢Every day the database is updated +500-1000 accounts

⭐️ 4265 - Premium - 3 months Premium
⭐️ 3891 - Premium - 3 months premium
⭐️ 3434 - Premium - 5 months premium
⭐️ 3436 - Premium - 6 months premium


👑#1 Cheapest & Best Services Provider
📱 @supimo
🔗Automatic Panel : GetMeFollowers.org",False,False,False,False,True,False,False,False,False,False,1899525695,,,,,,,,,61,0,,,,,,[],
membersa_telegram,https://t.me/membersa_telegram,124,2024-01-26 16:39:30,"🎚Update

🟢We've added nine new language pack : <NRP>, <NRP>, <NRP>, <NRP>, <NRP>, <NRP>, <NRP>, Ukrainian, and <NRP>. 

🟢Now you can easily translate your panel into these and other languages .

👑#1 Cheapest & Best Services Provider
🔗Automatic Panel : GetMeFollowers.org",False,False,False,False,True,False,False,False,False,False,1899525695,,,,,,,,,73,0,,,,,,[],
membersa_telegram,https://t.me/membersa_telegram,125,2024-02-04 23:41:35,"🎚Updating Premium #Telegram Services



⭐️ 3646 - Premium - 7 days , 3.84$
⭐️ 3907 - Premium - 20 30 days , 8.26$



👑#1 Cheapest & Best Services Provider
📱 @supimo
🔗Automatic Panel : GetMeFollowers.org",False,False,False,False,True,False,False,False,False,False,1899525695,,,,,,,,,58,0,,,,,,[],
membersa_telegram,https://t.me/membersa_telegram,126,2024-02-05 13:47:03,"🎚Updating Premium #Telegram Services - No refill

<NRP>️4289- Premium members - [<DATE_TIME>] + views  , $3.03
⭐️4290- Premium members - [<DATE_TIME>] + views , $4.56
⭐️4291- Premium members - [<DATE_TIME>] + views , $7.83

👑#1 Cheapest & Best Services Provider
🔗Automatic Panel : GetMeFollowers.org",False,False,False,False,True,False,False,False,False,False,1899525695,,,,,,,,,53,0,,2024-02-05T14:45:32+00:00,,,,[],
membersa_telegram,https://t.me/membersa_telegram,127,2024-02-14 07:29:36,"✅ Ready Bot available for rank!

✅@supimo",False,False,False,False,True,False,False,False,False,False,1899525695,,,,,,,,,31,0,,,,,,[],
membersa_telegram,https://t.me/membersa_telegram,129,2024-02-14 09:41:51,"⚠️Scheduled maintenance


Hello,

On <DATE_TIME>, from 03:00AM to <DATE_TIME>, we will be performing scheduled maintenance to improve the platform performance.

During this time, the panel will not be available.

GMF team,

👑 Getmefollowers.org",False,False,False,False,True,False,False,True,False,False,1899525695,,,,,,,,,39,0,,2024-02-14T10:18:43+00:00,,,"{'_': 'MessageReactions', 'results': [{'_': 'ReactionCount', 'reaction': {'_': 'ReactionEmoji', 'emoticon': '👍'}, 'count': 1, 'chosen_order': None}], 'min': False, 'can_see_list': False, 'reactions_as_tags': False, 'recent_reactions': []}",[],
membersa_telegram,https://t.me/membersa_telegram,130,2024-02-20 08:33:05,"🔠🔠🔠🔠🔠🔠🅰️🔠  ➖ 🔠🅰️🔠🔠


▶️ Search & rank Booster

🟢Premium Members (<DATE_TIME> nondrop)
🟢Premium Start bot (lifetime non drop)
🟢Boost channel (story activation - <DATE_TIME>)

🏳️ Mixed Worldwide Premium services
🇮🇷 Iran Premium services
<PERSON>🇷 Turkey Premium services
🇸🇦 Arab Premium services
🇮🇳 <NRP> Premium services
🇺🇿 <NRP> Premium services
🇺🇸 USA Premium services 
🇮🇱 Israel Premium services


‼️#1 Cheapest & Best Services Provider
🛡 @supimo
🔗Automatic Panel : GetMeFollowers.org",False,False,False,False,True,False,False,False,False,False,1899525695,,,,,,,,,35,0,,,,,,[],
membersa_telegram,https://t.me/membersa_telegram,131,2024-02-29 14:10:09,"🔠🔠🔠🔠🔠🔠🅰️🔠  ➖ 🔠🅰️🔠🔠


▶️ Search & rank Booster

🟢Premium Members (<DATE_TIME> nondrop)
🟢Premium Start bot (lifetime non drop)
🟢Boost channel (story activation - <DATE_TIME>)

🏳️ Mixed Worldwide Premium services
🇮🇷 Iran Premium services
<PERSON>🇷 Turkey Premium services
🇸🇦 Arab Premium services
🇮🇳 <NRP> Premium services
🇺🇿 <NRP> Premium services
🇺🇸 USA Premium services 
🇮🇱 Israel Premium services


‼️#1 Cheapest & Best Services Provider
🛡 @supimo
🔗Automatic Panel : GetMeFollowers.org",False,False,False,False,True,False,False,False,False,False,1899525695,,,,,,,,,9,0,,,,,,[],
membersa_telegram,https://t.me/membersa_telegram,134,2024-03-17 15:30:27,"🎚New Premium #Telegram Services

⭐️ 4350 - Telegram Premium members - [<DATE_TIME>] ⛔️ / 4.44$
⭐️ 4351 - Telegram Premium members - [<DATE_TIME>] ⛔️ / 7.41$
⭐️ 4352 - Telegram Premium members - [<DATE_TIME>] ⛔️ / 8.89$
⭐️ 4353 - Telegram Premium members - [<DATE_TIME>] ⛔️ / 10.38$


👑 1 #Cheapest & Best Services Provider
🔗Panel : GetMeFollowers.org",False,False,False,False,True,False,False,False,False,False,1899525695,,,,,,,,,27,0,,,,,,[],
membersa_telegram,https://t.me/membersa_telegram,135,2024-03-19 20:18:47,"🎚New Premium #Telegram Services

⭐️ 4354 - Telegram Premium members - [<DATE_TIME>] ⛔️ / 2.42$

👑 1 #Cheapest & Best Services Provider
🔗Panel : GetMeFollowers.org",False,False,False,False,True,False,False,False,False,False,1899525695,,,,,,,,,20,0,,,,,,[],
