Channel ID,URL,Post ID,date,message,out,mentioned,media_unread,silent,post,from_scheduled,legacy,edit_hide,pinned,noforwards,peer_channel,from_id_user,fwd_from,via_bot_id,reply_to_msg_id,reply_to_scheduled,forum_topic,media_photo_id,reply_markup,views,forwards,replies,edit_date,post_author,grouped_id,reactions,restriction_reason,ttl_period
metabinsthreshold,https://t.me/metabinsthreshold,274,2024-01-11 16:08:44,"For method 
@FacebookBins1",False,False,False,True,True,False,False,False,False,False,1767080300,,,,,,,5.836865074025841e+18,,586.0,1.0,,,,,,[],
metabinsthreshold,https://t.me/metabinsthreshold,277,2024-01-14 23:12:19,"Dm 
@FacebookBins1",False,False,False,False,True,False,False,False,False,False,1767080300,,,,,,,5.846203874820603e+18,,539.0,1.0,,,,,,[],
metabinsthreshold,https://t.me/metabinsthreshold,278,2024-01-21 19:24:01,"I can pay high limit threshold
10k$_20k$ 
Interested dm 
@facebookbins1",False,False,False,False,True,False,False,False,False,False,1767080300,,,,,,,,,437.0,0.0,,,,,,[],
metabinsthreshold,https://t.me/metabinsthreshold,279,2024-01-26 10:01:03,"2D SHOP SITE 2023 US !!

site: swagstimulus.com

TRY SPAMMED CC IN IT 😘",False,False,False,False,True,False,False,False,False,False,1767080300,,,,,,,,,340.0,0.0,,,,,,[],
metabinsthreshold,https://t.me/metabinsthreshold,280,2024-01-26 10:01:49,"Dm 
@FacebookBins1",False,False,False,False,True,False,False,True,False,False,1767080300,,,,,,,5.882195902624548e+18,,366.0,1.0,,2024-02-22T02:06:28+00:00,,,"{'_': 'MessageReactions', 'results': [{'_': 'ReactionCount', 'reaction': {'_': 'ReactionEmoji', 'emoticon': '❤'}, 'count': 1, 'chosen_order': None}], 'min': False, 'can_see_list': False, 'reactions_as_tags': False, 'recent_reactions': []}",[],
metabinsthreshold,https://t.me/metabinsthreshold,281,2024-02-10 08:46:15,"𝗣𝗿𝗲𝗽𝗮𝗶𝗱 𝗮𝗱𝘀 𝗯𝗼𝗼𝘀𝘁𝗶𝗻𝗴 𝗯𝗮𝗹𝗮𝗻𝗰𝗲 𝗳𝗼𝗿 𝘀𝗲𝗹𝗹
𝗦𝗽𝗲𝗻𝗱𝗶𝗻𝗴 𝗴𝘂𝗿𝗮𝗻𝘁𝗲𝗲 𝟭𝟬𝟬%
𝗠𝗲𝘁𝗵𝗼𝗱/𝘁𝗿𝗶𝗰𝗸 𝗳𝗼𝗿 𝘀𝗲𝗹𝗹
𝗚𝗼𝗼𝗱 𝗳𝗼𝗿 𝗲-𝗰𝗼𝗺𝗺𝗲𝗿𝗰𝗲/𝗮𝗱𝘀𝗲𝗻𝘀𝗲 𝗲𝘁𝗰",False,False,False,False,True,False,False,False,False,False,1767080300,,,,,,,5.92460495087113e+18,,248.0,1.0,,,,,,[],
metabinsthreshold,https://t.me/metabinsthreshold,282,2024-02-10 09:32:14,"Credit Line available with 24k€ Spending available.
#Creditlines 
#<NRP>",False,False,False,False,True,False,False,False,False,False,1767080300,,,,,,,5.92460495087113e+18,,245.0,1.0,,,,,,[],
metabinsthreshold,https://t.me/metabinsthreshold,283,2024-02-10 11:54:21,"https://one.exnesstrack.net/a/0wl0uun6vp
Use this link to start your trading journey
For help 
@facebookbins1",False,False,False,False,True,False,False,False,True,False,1767080300,,,,,,,,,232.0,0.0,,,,,,[],
metabinsthreshold,https://t.me/metabinsthreshold,284,2024-02-10 11:54:42,,False,False,False,True,True,,False,,,,1767080300,,,,283.0,False,False,,,,,,,,,,,
metabinsthreshold,https://t.me/metabinsthreshold,285,2024-02-14 08:01:10,"Available on 30% All advance No bargaining
@facebookbins1",False,False,False,False,True,False,False,False,False,False,1767080300,,,,,,,5.938055409757699e+18,,210.0,0.0,,2024-02-14T08:01:28+00:00,,,,[],
metabinsthreshold,https://t.me/metabinsthreshold,286,2024-02-14 08:02:45,"Available 800$ threshold.
Price 350$ final pay and spend 
@facebookbins1",False,False,False,False,True,False,False,False,False,False,1767080300,,,,,,,5.938055409757699e+18,,228.0,1.0,,,,,,[],
metabinsthreshold,https://t.me/metabinsthreshold,287,2024-02-16 08:44:03,,False,False,False,False,True,False,False,False,False,False,1767080300,,,,,,,5.942742284229528e+18,,226.0,0.0,,,,,,[],
metabinsthreshold,https://t.me/metabinsthreshold,288,2024-02-19 20:23:12,"Text For Email Phishing with 70% good results ✅
+
Credit line method
Both These methods available For 5 People Only 
I will create a group of 5 people and Give this method 
Total Price 5k$ 
Come with your friends and Learn 
@FacebookBins1",False,False,False,False,True,False,False,True,False,False,1767080300,,,,,,,5.954063757892239e+18,,170.0,2.0,,2024-02-27T01:32:07+00:00,,,"{'_': 'MessageReactions', 'results': [{'_': 'ReactionCount', 'reaction': {'_': 'ReactionEmoji', 'emoticon': '👍'}, 'count': 1, 'chosen_order': None}], 'min': False, 'can_see_list': False, 'reactions_as_tags': False, 'recent_reactions': []}",[],
metabinsthreshold,https://t.me/metabinsthreshold,289,2024-02-26 10:27:35,,False,False,False,False,True,False,False,False,False,False,1767080300,,,,,,,5.97190092887122e+18,,86.0,0.0,,,,,,[],
metabinsthreshold,https://t.me/metabinsthreshold,290,2024-02-26 10:27:47,,False,False,False,False,True,False,False,False,False,False,1767080300,,,,,,,5.97190092887122e+18,,92.0,0.0,,,,,,[],
metabinsthreshold,https://t.me/metabinsthreshold,291,2024-02-26 10:28:35,,False,False,False,False,True,False,False,False,False,False,1767080300,,,,,,,5.97190092887122e+18,,93.0,0.0,,,,,,[],
metabinsthreshold,https://t.me/metabinsthreshold,292,2024-02-26 10:31:37,"5 accounts available each 250$ .
Spending guarantee ✅
Price -300$ 
@Facebookbins1",False,False,False,False,True,False,False,False,False,False,1767080300,,,,290.0,False,False,,,91.0,0.0,,,,,,[],
metabinsthreshold,https://t.me/metabinsthreshold,294,2024-03-09 11:10:49,"Available
Give your offer 
@FacebookBins1",False,False,False,False,True,False,False,True,False,False,1767080300,,,,,,,6.008026362654343e+18,,198.0,0.0,,2024-03-09T19:41:46+00:00,,,"{'_': 'MessageReactions', 'results': [{'_': 'ReactionCount', 'reaction': {'_': 'ReactionEmoji', 'emoticon': '👍'}, 'count': 1, 'chosen_order': None}], 'min': False, 'can_see_list': False, 'reactions_as_tags': False, 'recent_reactions': []}",[],
metabinsthreshold,https://t.me/metabinsthreshold,295,2024-03-10 14:48:21,"This is consistency and Experience ✅✅
You also can do that as well 
Just text here 
@FacebookBins1",False,False,False,False,True,False,False,False,False,False,1767080300,,,,,,,6.012529962281714e+18,,170.0,0.0,,,,,,[],
metabinsthreshold,https://t.me/metabinsthreshold,297,2024-03-26 11:23:33,Script Credit lines <PERSON>,False,False,False,False,True,False,False,False,False,False,1767080300,,,,,,,5.771849388107351e+18,,11.0,0.0,,,,,,[],
metabinsthreshold,https://t.me/metabinsthreshold,299,2024-03-26 12:11:26,,False,False,False,False,True,False,False,False,False,False,1767080300,,,,,,,5.771849388107351e+18,,33.0,0.0,,,,1.3691640690896564e+16,,[],
metabinsthreshold,https://t.me/metabinsthreshold,300,2024-03-26 12:14:24,"Available on 30%
Pay and start spending
Start with 5k$ spending pay 30%
Increase your limit after testing me 
Thanks
@FacebookBins1",False,False,False,False,True,False,False,True,False,False,1767080300,,,,,,,5.771849388107351e+18,,36.0,0.0,,2024-03-26T13:53:19+00:00,,,"{'_': 'MessageReactions', 'results': [{'_': 'ReactionCount', 'reaction': {'_': 'ReactionEmoji', 'emoticon': '👍'}, 'count': 2, 'chosen_order': None}, {'_': 'ReactionCount', 'reaction': {'_': 'ReactionEmoji', 'emoticon': '❤'}, 'count': 1, 'chosen_order': None}], 'min': False, 'can_see_list': False, 'reactions_as_tags': False, 'recent_reactions': []}",[],
