Channel ID,URL,Post ID,date,message,out,mentioned,media_unread,silent,post,from_scheduled,legacy,edit_hide,pinned,noforwards,peer_channel,from_id_user,fwd_from,via_bot_id,reply_to_msg_id,reply_to_scheduled,forum_topic,media_photo_id,reply_markup,views,forwards,replies,edit_date,post_author,grouped_id,reactions,restriction_reason,ttl_period
nxxvo,https://t.me/nxxvo,2524,2024-01-01 14:30:01,"NEW 2L IG 🟣⚡️

@i* 

OGE included, no past #’s 
Created <DATE_TIME>, the username first time in the com never been in the market before 

C/O: 
BIN: $5K 

📥@there",False,False,False,False,True,False,False,False,False,False,1722074717,,"{'_': 'MessageFwdHeader', 'date': '2024-01-01T14:26:55+00:00', 'imported': False, 'saved_out': False, 'from_id': {'_': 'PeerChannel', 'channel_id': 1590308148}, 'from_name': None, 'channel_post': 1706, 'post_author': None, 'saved_from_peer': None, 'saved_from_msg_id': None, 'saved_from_id': None, 'saved_from_name': None, 'saved_date': None, 'psa_type': None}",,,,,,,68,0,,,o,,,[],
nxxvo,https://t.me/nxxvo,2525,2024-01-01 16:11:53,"Instagram verified legacy✅

Oge Email 
Number not linked
Short and good username 
100% secure/safe
It's legacy verified(not meta shit)


Trusted🚀

🔵 <NRP>",False,False,False,False,True,False,False,False,False,False,1722074717,,,,,,,5.807815040517128e+18,,80,1,,,Nova,,,[],
nxxvo,https://t.me/nxxvo,2526,2024-01-02 11:25:26,"Verified Account Facebook ✅

With <PERSON> email
safe
warranty
good price
with a name change

📱 <NRP>",False,False,False,False,True,False,False,False,False,False,1722074717,,,,,,,5.810066840330814e+18,,80,0,,,Nova,,,[],
nxxvo,https://t.me/nxxvo,2527,2024-01-02 12:49:28,"INSTAGRAM 2 NUMBER 🟣👑

@** 

Example: @05 , <NRP> 

OGE included, no past #’s 
never been in com before 

C/O: 
BIN: $15K 

📥@there",False,False,False,False,True,False,False,False,False,False,1722074717,,"{'_': 'MessageFwdHeader', 'date': '2024-01-02T12:46:36+00:00', 'imported': False, 'saved_out': False, 'from_id': {'_': 'PeerChannel', 'channel_id': 1590308148}, 'from_name': None, 'channel_post': 1709, 'post_author': None, 'saved_from_peer': None, 'saved_from_msg_id': None, 'saved_from_id': None, 'saved_from_name': None, 'saved_date': None, 'psa_type': None}",,,,,,,74,0,,,o,,,[],
nxxvo,https://t.me/nxxvo,2528,2024-01-03 09:41:23,#SOID 💸,False,False,False,True,True,False,False,False,False,False,1722074717,,,,2525.0,False,False,,,73,0,,,Nova,,,[],
nxxvo,https://t.me/nxxvo,2529,2024-01-03 09:51:18,"🥸Instagram verified legacy✅

Oge Email 
Number not linked
Short and good username 
100% secure/safe
It's legacy verified(not meta shit)
In celebrity's search

Trusted🚀

🔵@novva🔵",False,False,False,True,True,False,False,False,False,False,1722074717,,,,,,,5.814496351772328e+18,,86,1,,,Nova,1.3634203830923156e+16,,[],
nxxvo,https://t.me/nxxvo,2530,2024-01-03 09:51:19,,False,False,False,True,True,False,False,False,False,False,1722074717,,,,,,,5.814496351772328e+18,,89,1,,,Nova,1.3634203830923156e+16,,[],
nxxvo,https://t.me/nxxvo,2531,2024-01-03 14:24:07,"Hacking IG Service 🟣

→ Success Rate 99% 

→ I can hacking any account
Example: special usernames, meme pages  
(active or inactive) 
→ you will get full information for account including OGE

🪙 Prices: 
Starting from $10k minimum

⏰ TAT:
24h TO <DATE_TIME> maximum 

📥@there",False,False,False,False,True,False,False,False,False,False,1722074717,,"{'_': 'MessageFwdHeader', 'date': '2024-01-03T14:22:06+00:00', 'imported': False, 'saved_out': False, 'from_id': {'_': 'PeerChannel', 'channel_id': 1590308148}, 'from_name': None, 'channel_post': 1710, 'post_author': None, 'saved_from_peer': None, 'saved_from_msg_id': None, 'saved_from_id': None, 'saved_from_name': None, 'saved_date': None, 'psa_type': None}",,,,,,,72,0,,,o,,,[],
nxxvo,https://t.me/nxxvo,2532,2024-01-03 14:46:57,"VERIFIED TIKTOK ACCOUNTS ✅
Phone Changeable 
Email Changeable 
Self Verified
No Ex
Safe

⭐️PB INFO⭐️

✈️@warmer",False,False,False,False,True,False,False,False,False,False,1722074717,,,,,,,5.811981274758365e+18,,109,0,,,ZLMA l ACTIVE,,,[],
nxxvo,https://t.me/nxxvo,2533,2024-01-03 19:07:15,"🥸STAT TIKTOK ACCOUNTS ✅
1M followers
Phone Changeable 
Email Changeable 
Not jacked
No Ex
Safe

@novva🔵",False,False,False,True,True,False,False,False,False,False,1722074717,,,,,,,5.814496351772328e+18,,94,0,,,Nova,,,[],
nxxvo,https://t.me/nxxvo,2534,2024-01-04 15:53:11,"Instagram verified legacy✅

Oge Email 
Number not linked
Short and good username 
100% secure/safe
It's legacy verified(not meta shit)
In celebrity's search

Trusted🚀

🔵@novva🔵",False,False,False,True,True,False,False,False,False,False,1722074717,,,,,,,5.816886440943011e+18,,101,0,,,Nova,,,[],
nxxvo,https://t.me/nxxvo,2535,2024-01-04 18:49:07,"🌐VERIFIED IG ACCOUNT ✅

- OGE
- SAFE
- No # Linked
- Not Subscription 
- GOOD @

⭐️IN CELEBRITY LIST⭐️

✈️ @warmer",False,False,False,False,True,False,False,False,False,False,1722074717,,,,,,,5.816799948891604e+18,,103,1,,,ZLMA l ACTIVE,,,[],
nxxvo,https://t.me/nxxvo,2536,2024-01-04 22:16:31,#SOID 💸,False,False,False,True,True,False,False,False,False,False,1722074717,,,,2534.0,False,False,,,98,0,,,Nova,,,[],
nxxvo,https://t.me/nxxvo,2537,2024-01-06 17:28:13,"Instagram verified legacy✅

Oge Email 
Number not linked
Short and good username 
100% secure/safe
It's legacy verified(not meta shit)
In celebrity's search

Trusted🚀

🔵<NRP>",False,False,False,True,True,False,False,False,False,False,1722074717,,,,,,,5.821166818235106e+18,,90,0,,,Nova,,,[],
nxxvo,https://t.me/nxxvo,2538,2024-01-06 17:46:51,"VERIFIED FACEBOOK ACCOUNT ✅

EMAIL CHANGEABLE 
⭐️IDENTITY INCLUDED ⭐️
FOOTBALL CATEGORY 

Bin 450$
✈️@warmer",False,False,False,False,True,False,False,False,False,False,1722074717,,,,,,,,,89,0,,,ZLMA l ACTIVE,,,[],
nxxvo,https://t.me/nxxvo,2539,2024-01-07 07:28:30,"Instagram verified legacy✅
Oge Email
Number linked
 good username
100 % secure/safe
It's legacy verified(not meta shit
In celebrity's search


<NRP>🔵",False,False,False,True,True,False,False,False,False,False,1722074717,,,,,,,5.823692731451555e+18,,94,0,,,Nova,,,[],
nxxvo,https://t.me/nxxvo,2540,2024-01-07 19:58:18,"🌐VERIFIED IG ACCOUNT ✅

- OGE
- SAFE
- No # Linked
- Not Subscription 
- GOOD @

⭐️IN CELEBRITY LIST⭐️

✈️ @warmer",False,False,False,False,True,False,False,False,False,False,1722074717,,,,,,,5.825450068860322e+18,,90,0,,,ZLMA l ACTIVE,,,[],
nxxvo,https://t.me/nxxvo,2541,2024-01-08 12:56:16,"🔥 Instagram Account 🛞

➡️Oge Email
➡️No # linked
Followers 1.3M
📱<NRP>",False,False,False,True,True,False,False,False,False,False,1722074717,,,,,,,5.828196331078926e+18,,94,0,,2024-01-08T12:57:48+00:00,Nova,,,[],
nxxvo,https://t.me/nxxvo,2542,2024-01-08 17:33:14,"VERIFIED TIKTOK ACCOUNT✅
username changeable 
Phone Changeable 
Email Changeable 
Self Verified
PB INFO  
No Ex
Safe
warranty pulled

✅Trusted🤝

🔵<NRP>",False,False,False,True,True,False,False,False,False,False,1722074717,,,,,,,5.830049716841333e+18,,94,0,,,Nova,,,[],
nxxvo,https://t.me/nxxvo,2543,2024-01-09 15:37:53,"🌐VERIFIED IG ACCOUNT ✅

- OGE
- SAFE
- No # Linked
- Not Subscription 
- GOOD @

✈️ @warmer",False,False,False,False,True,False,False,False,False,False,1722074717,,,,,,,5.832321196195169e+18,,97,0,,,ZLMA l ACTIVE,,,[],
nxxvo,https://t.me/nxxvo,2544,2024-01-10 08:25:52,"NEW 2L IG 🟣
@i* 

OGE included, no past #’s 
Created account <DATE_TIME> 

C/O: $5k 
BIN: $5.5k 

📥@there",False,False,False,False,True,False,False,False,False,False,1722074717,,"{'_': 'MessageFwdHeader', 'date': '2024-01-10T08:23:59+00:00', 'imported': False, 'saved_out': False, 'from_id': {'_': 'PeerChannel', 'channel_id': 1590308148}, 'from_name': None, 'channel_post': 1712, 'post_author': None, 'saved_from_peer': None, 'saved_from_msg_id': None, 'saved_from_id': None, 'saved_from_name': None, 'saved_date': None, 'psa_type': None}",,,,,,,70,0,,,o,,,[],
nxxvo,https://t.me/nxxvo,2545,2024-01-10 13:12:54,"Instagram verified legacy✅
Oge Email
Number linked
 good username
100 % secure/safe
It's legacy verified(not meta shit)

@novva🔵",False,False,False,False,True,False,False,False,False,False,1722074717,,,,,,,5.834703584489488e+18,,113,0,,,Nova,,,[],
nxxvo,https://t.me/nxxvo,2546,2024-01-11 09:55:48,#SOID 💸,False,False,False,True,True,False,False,False,False,False,1722074717,,,,2541.0,False,False,,,102,0,,,Nova,,,[],
nxxvo,https://t.me/nxxvo,2547,2024-01-13 17:54:00,"Instagram verified legacy✅

Oge Email 
Number not linked
Short and good username 
100% secure/safe
It's legacy verified(not meta shit)
In celebrity's search

Trusted🚀

<NRP>🔵",False,False,False,True,True,False,False,False,False,False,1722074717,,,,,,,5.843962120935424e+18,,99,0,,,Nova,,,[],
nxxvo,https://t.me/nxxvo,2548,2024-01-14 09:46:04,#SOID,False,False,False,True,True,False,False,False,False,False,1722074717,,,,2547.0,False,False,,,96,0,,,Nova,,,[],
nxxvo,https://t.me/nxxvo,2549,2024-01-14 14:53:21,"VERIFIED TIKTOK ACCOUNT✅
username changeable 
Phone Changeable 
Email Changeable 
Self Verified
PB INFO  
No Ex
Safe
warranty pulled

✅Trusted🤝

🔵<NRP>",False,False,False,True,True,False,False,False,False,False,1722074717,,,,,,,5.845680481515979e+18,,109,0,,,Nova,,,[],
nxxvo,https://t.me/nxxvo,2550,2024-01-14 22:01:08,#SOID,False,False,False,True,True,False,False,False,False,False,1722074717,,,,2549.0,False,False,,,95,0,,,Nova,,,[],
nxxvo,https://t.me/nxxvo,2551,2024-01-14 22:07:38,"VERIFIED TIKTOK ACCOUNT✅
-username changeable 
-Phone Changeable 
-Email Changeable 
-Self Verified
-PB INFO  
-No Ex
-Safe
-warranty pulled

<PERSON>",False,False,False,True,True,False,False,False,False,False,1722074717,,,,,,,5.845688203867177e+18,,97,0,,,Nova,,,[],
nxxvo,https://t.me/nxxvo,2552,2024-01-15 00:36:53,"🌐VERIFIED IG ACCOUNT ✅

- OGE
- SAFE
- No # Linked
- Not Subscription 
- GOOD @

⭐️IN CELEBRITY LIST⭐️

✈️ @warmer",False,False,False,False,True,False,False,False,False,False,1722074717,,,,,,,5.845688203867177e+18,,113,0,,,ZLMA l ACTIVE,,,[],
nxxvo,https://t.me/nxxvo,2553,2024-01-17 18:30:51,"Instagram verified legacy✅

Oge Email 
Number not linked
Short and good username 
100% secure/safe
It's legacy verified(not meta shit)
In celebrity's search

Trusted🚀

🔵<NRP>",False,False,False,True,True,False,False,False,False,False,1722074717,,,,,,,5.854679589052335e+18,,103,0,,,Nova,,,[],
nxxvo,https://t.me/nxxvo,2554,2024-01-18 09:06:17,"VERIFIED TIKTOK ACCOUNT✅
-username changeable 
-Phone Changeable 
-Email Changeable 
-Self Verified
-PB INFO  
-No Ex
-Safe
-warranty pulled

<PERSON>",False,False,False,True,True,False,False,False,False,False,1722074717,,,,,,,5.85748442603492e+18,,99,0,,,Nova,,,[],
nxxvo,https://t.me/nxxvo,2555,2024-01-18 18:35:59,"<PERSON> 🟣🔥

@***** 🛍
hint: market / shop 

current email included, insane potential for a business! 

C/O: 
BIN: $10K 

📥@there",False,False,False,False,True,False,False,False,False,False,1722074717,,"{'_': 'MessageFwdHeader', 'date': '2024-01-18T18:34:29+00:00', 'imported': False, 'saved_out': False, 'from_id': {'_': 'PeerChannel', 'channel_id': 1590308148}, 'from_name': None, 'channel_post': 1717, 'post_author': None, 'saved_from_peer': None, 'saved_from_msg_id': None, 'saved_from_id': None, 'saved_from_name': None, 'saved_date': None, 'psa_type': None}",,,,,,,50,0,,,o,,,[],
nxxvo,https://t.me/nxxvo,2556,2024-01-19 13:08:16,"VERIFIED TIKTOK ACCOUNTS ✅
Phone Changeable 
Email Changeable 
Self Verified
No Ex
Safe

⭐️PB INFO⭐️

✈️@warmer",False,False,False,False,True,False,False,False,False,False,1722074717,,,,,,,5.859672170706354e+18,,103,0,,,ZLMA l ACTIVE,,,[],
nxxvo,https://t.me/nxxvo,2557,2024-01-19 14:51:30,"🟣@store 

current email, no #, swappable 

C/O: $6k 
BIN: taking offers :) 

📥@there",False,False,False,False,True,False,False,False,False,False,1722074717,,"{'_': 'MessageFwdHeader', 'date': '2024-01-18T18:34:29+00:00', 'imported': False, 'saved_out': False, 'from_id': {'_': 'PeerChannel', 'channel_id': 1590308148}, 'from_name': None, 'channel_post': 1717, 'post_author': None, 'saved_from_peer': None, 'saved_from_msg_id': None, 'saved_from_id': None, 'saved_from_name': None, 'saved_date': None, 'psa_type': None}",,,,,,,56,0,,,o,,,[],
nxxvo,https://t.me/nxxvo,2558,2024-01-19 15:08:20,"Instagram verified legacy✅

Oge Email 
Number not linked
Short and good username 
100% secure/safe
It's legacy verified(not meta shit)

Trusted🚀

🔵<NRP>",False,False,False,True,True,False,False,False,False,False,1722074717,,,,,,,5.861691419515798e+18,,109,0,,,Nova,,,[],
nxxvo,https://t.me/nxxvo,2559,2024-01-20 17:37:42,"VERIFIED TIKTOK ACCOUNT✅
-username changeable 
-Phone Changeable 
-Email Changeable 
-Self Verified
-PB INFO  
-No Ex
-Safe
-warranty pulled

<PERSON>",False,False,False,True,True,False,False,False,False,False,1722074717,,,,,,,5.864104405157134e+18,,106,0,,,Nova,,,[],
nxxvo,https://t.me/nxxvo,2560,2024-01-20 17:48:08,"Instagram verified legacy<PERSON>good username
100 % secure/safe
It's legacy verified(not meta shit

BIN : 550$ 🚀

<NRP>🔵",False,False,False,True,True,False,False,False,False,False,1722074717,,,,,,,5.864104405157134e+18,,113,0,,,Nova,,,[],
nxxvo,https://t.me/nxxvo,2561,2024-01-21 16:14:19,#SOLD 💵,False,False,False,True,True,False,False,False,False,False,1722074717,,,,2559.0,False,False,,,111,0,,,Nova,,,[],
nxxvo,https://t.me/nxxvo,2562,2024-01-22 12:19:20,"VERIFIED TIKTOK ACCOUNTS ✅
Phone Changeable 
Email Changeable 
Self Verified
PB INFO
No Ex
Safe

⭐️PB INFO⭐️

✈️@warmer",False,False,False,False,True,False,False,False,False,False,1722074717,,,,,,,5.86821334882961e+18,,122,0,,,ZLMA l ACTIVE,,,[],
nxxvo,https://t.me/nxxvo,2563,2024-01-24 07:09:15,"Clean Verified Tiktok Account ✅

Self-verified 👀!
Everything changeable 
OGE included 
No external accounts 
PB info included 
CBP included 💰
Origin Germany 🇩🇪

BIN — $1.5k 
❤️@there",False,False,False,False,True,False,False,False,False,False,1722074717,,"{'_': 'MessageFwdHeader', 'date': '2024-01-24T07:06:21+00:00', 'imported': False, 'saved_out': False, 'from_id': {'_': 'PeerChannel', 'channel_id': 1590308148}, 'from_name': None, 'channel_post': 1720, 'post_author': None, 'saved_from_peer': None, 'saved_from_msg_id': None, 'saved_from_id': None, 'saved_from_name': None, 'saved_date': None, 'psa_type': None}",,,,,,,93,0,,,o,,,[],
nxxvo,https://t.me/nxxvo,2564,2024-01-24 19:02:06,"VERIFIED TIKTOK ACCOUNT✅
-username changeable 
-Phone Changeable 
-Email Changeable 
-Self Verified
-PB INFO  
-No Ex
-Safe
-warranty pulled

<PERSON>",False,False,False,True,True,False,False,False,False,False,1722074717,,,,,,,5.875396853430862e+18,,120,0,,,Nova,,,[],
nxxvo,https://t.me/nxxvo,2565,2024-01-27 10:08:41,"VERIFIED TIKTOK ACCOUNT✅
-username changeable 
-Phone Changeable 
-Email Changeable 
-Self Verified
-PB INFO  
-No Ex
-Safe
-warranty pulled

<PERSON>",False,False,False,True,True,False,False,False,False,False,1722074717,,,,,,,5.884330505665626e+18,,110,0,,,Nova,,,[],
nxxvo,https://t.me/nxxvo,2568,2024-01-27 20:15:29,"Verified TikTok Account✅

Self-verified ⚡️
Everything changeable 
No external accounts 
OGE included 
CPB included 
PB info included 
Origin Germany 🇩🇪

BIN — $x,xxx 
C/O — $800 
❤️@there",False,False,False,False,True,False,False,False,False,False,1722074717,,"{'_': 'MessageFwdHeader', 'date': '2024-01-27T20:13:48+00:00', 'imported': False, 'saved_out': False, 'from_id': {'_': 'PeerChannel', 'channel_id': 1590308148}, 'from_name': None, 'channel_post': 1721, 'post_author': None, 'saved_from_peer': None, 'saved_from_msg_id': None, 'saved_from_id': None, 'saved_from_name': None, 'saved_date': None, 'psa_type': None}",,,,,,,86,0,,,o,,,[],
nxxvo,https://t.me/nxxvo,2569,2024-01-28 20:48:00,"VERIFIED TIKTOK ACCOUNTS ✅
Phone Changeable 
Email Changeable 
Self Verified
PB INFO
No Ex

⭐️PB INFO⭐️

✈️@warmer",False,False,False,False,True,False,False,False,False,False,1722074717,,,,,,,5.888866399152095e+18,,110,0,,,ZLMA l ACTIVE,,,[],
nxxvo,https://t.me/nxxvo,2570,2024-01-29 14:56:40,"Buying Active Markets Channel ❤
DM @warmer",False,False,False,False,True,False,False,False,False,False,1722074717,,,,,,,,,98,0,,,ZLMA l ACTIVE,,,[],
nxxvo,https://t.me/nxxvo,2571,2024-01-29 16:07:06,"🌐VERIFIED IG ACCOUNT ✅

- OGE
- SAFE
- No # Linked
- Not Subscription 
- GOOD @

✈️ @warmer",False,False,False,False,True,False,False,False,False,False,1722074717,,,,,,,5.89111819896578e+18,,104,0,,,ZLMA l ACTIVE,,,[],
nxxvo,https://t.me/nxxvo,2572,2024-01-29 18:54:22,"IG STAT ACCOUNT 🌐
900k
Safe
Full access 

@warmer",False,False,False,False,True,False,False,False,False,False,1722074717,,,,,,,5.89111819896578e+18,,103,0,,,ZLMA l ACTIVE,,,[],
nxxvo,https://t.me/nxxvo,2573,2024-01-30 09:47:21,"🌐VERIFIED IG ACCOUNT ✅

- OGE
- SAFE
- Not Subscription 
- 0 Reports / Working for b0ns ⭐️
- GOOD PRICE
- GOOD @

✈️ @warmer",False,False,False,False,True,False,False,False,False,False,1722074717,,,,,,,5.893419532637292e+18,,116,0,,,ZLMA l ACTIVE,1.3652864330513316e+16,,[],
nxxvo,https://t.me/nxxvo,2574,2024-01-30 09:47:21,,False,False,False,False,True,False,False,False,False,False,1722074717,,,,,,,5.893419532637292e+18,,117,0,,,ZLMA l ACTIVE,1.3652864330513316e+16,,[],
nxxvo,https://t.me/nxxvo,2575,2024-01-31 10:46:19,"VERIFIED TIKTOK ACCOUNTS ✅
Phone Changeable 
Email Changeable 
Inactive <DATE_TIME>
No Ex
Safe

⭐️inactive <DATE_TIME>
<NRP>️900k Followers 

✈️@warmer",False,False,False,False,True,False,False,False,False,False,1722074717,,,,,,,5.895420098338997e+18,,109,0,,,ZLMA l ACTIVE,,,[],
nxxvo,https://t.me/nxxvo,2579,2024-02-01 23:05:01,"🌐VERIFIED IG ACCOUNT ✅

- OGE
- SAFE
- Not Subscription 
- 0 Reports / IN CELEBRITY LIST⭐️
- Verified in <DATE_TIME>⭐️
- GOOD PRICE

✈️ @warmer",False,False,False,False,True,False,False,False,False,False,1722074717,,,,,,,5.899791335664239e+18,,107,0,,,ZLMA l ACTIVE,,,[],
nxxvo,https://t.me/nxxvo,2583,2024-02-03 19:23:10,"Verified Snapchat Account available. 

    ▪️With Primary Email
    ▪️Everything Changeable
    ▪️Except Username.
 
<PERSON> : 2500$
DM @zakaria",False,False,False,True,True,False,False,False,False,False,1722074717,,,,,,,5.330331332808662e+18,,107,1,,,Zakaria,,,[],
nxxvo,https://t.me/nxxvo,2585,2024-02-03 20:50:35,"Two TikTok Verified ✅

→ Everything changeable 
→ Inactive since <DATE_TIME> 
→ PB information included 

Followers & price: 

48K (Two) — Each $1k 

I've saved accounts in stock over <DATE_TIME>, HQ Accounts.

❤️@there",False,False,False,False,True,False,False,False,False,False,1722074717,,"{'_': 'MessageFwdHeader', 'date': '2024-02-03T19:50:38+00:00', 'imported': False, 'saved_out': False, 'from_id': {'_': 'PeerChannel', 'channel_id': 1590308148}, 'from_name': None, 'channel_post': 1722, 'post_author': None, 'saved_from_peer': None, 'saved_from_msg_id': None, 'saved_from_id': None, 'saved_from_name': None, 'saved_date': None, 'psa_type': None}",,,,,,,98,1,,,o,,,[],
nxxvo,https://t.me/nxxvo,2586,2024-02-05 23:56:59,"🌐VERIFIED IG ACCOUNT ✅

- OGE
- Not Subscription 
- ⭐️IN CELEBRITY LIST⭐️
- ⭐<PERSON>

⭐️Bin 500$
✈️ @warmer",False,False,False,False,True,False,False,False,False,False,1722074717,,,,,,,5.913452286603019e+18,,124,0,,,ZLMA l ACTIVE,,,[],
nxxvo,https://t.me/nxxvo,2590,2024-02-09 11:47:55,"Instagram verified legacy✅

Oge Email 
Number not linked
Short and good username 
100% secure/safe
It's legacy verified(not meta shit)


Trusted🚀

🔵<NRP>",False,False,False,True,True,False,False,False,False,False,1722074717,,,,,,,5.92235871733506e+18,,99,0,,,Nova,,,[],
nxxvo,https://t.me/nxxvo,2592,2024-02-11 10:20:43,"<PERSON> CPB USA
-Followers 670k
-Créativity program Beta
-Good rpm 1.7$
-Everything changeable 
-No External 
-Safe 100%

✅Trusted<NRP>

<NRP>",False,False,False,True,True,False,False,False,False,False,1722074717,,,,,,,5.926862316962431e+18,,97,0,,,Nova,1.3661174745035516e+16,,[],
nxxvo,https://t.me/nxxvo,2593,2024-02-11 10:20:43,,False,False,False,True,True,False,False,False,False,False,1722074717,,,,,,,5.926824065983693e+18,,93,0,,,Nova,1.3661174745035516e+16,,[],
nxxvo,https://t.me/nxxvo,2594,2024-02-13 08:32:43,"VERIFIED TIKTOK ACCOUNTS ✅
Phone Changeable 
Email Changeable 
Inactive <DATE_TIME>
No Ex
Safe

⭐️inactive <DATE_TIME>
⭐️2.4M Followers 

✈️@warmer",False,False,False,False,True,False,False,False,False,False,1722074717,,,,,,,5.93386024032179e+18,,79,0,,,ZLMA l ACTIVE,,,[],
nxxvo,https://t.me/nxxvo,2595,2024-02-13 14:51:17,"Insane Verified TikTok ✅

26K followers 
No external accounts 
Everything changeable 
Inactive since <DATE_TIME> 
Clean 4L Username 

BIN — $1.5k 
❤️@there",False,False,False,False,True,False,False,False,False,False,1722074717,,"{'_': 'MessageFwdHeader', 'date': '2024-02-13T14:49:24+00:00', 'imported': False, 'saved_out': False, 'from_id': {'_': 'PeerChannel', 'channel_id': 1590308148}, 'from_name': None, 'channel_post': 1727, 'post_author': None, 'saved_from_peer': None, 'saved_from_msg_id': None, 'saved_from_id': None, 'saved_from_name': None, 'saved_date': None, 'psa_type': None}",,,,,,,64,0,,,o,,,[],
nxxvo,https://t.me/nxxvo,2596,2024-02-13 17:26:34,"Instagram verified legacy✅

Oge Email 
Number not linked
Short and good username 
100% secure/safe
It's legacy verified(not meta shit)
In celebrity's search

Trusted🚀

🔵<NRP>",False,False,False,True,True,False,False,False,False,False,1722074717,,,,,,,5.935796347154317e+18,,86,0,,,Nova,,,[],
nxxvo,https://t.me/nxxvo,2597,2024-02-13 18:36:03,"Looking for someone can unban 180d on IG 🟣

DM me with past works, if you have quality vouches we can get started right away. 

❤️@there",False,False,False,False,True,False,False,False,False,False,1722074717,,"{'_': 'MessageFwdHeader', 'date': '2024-02-13T18:34:46+00:00', 'imported': False, 'saved_out': False, 'from_id': {'_': 'PeerChannel', 'channel_id': 1590308148}, 'from_name': None, 'channel_post': 1728, 'post_author': None, 'saved_from_peer': None, 'saved_from_msg_id': None, 'saved_from_id': None, 'saved_from_name': None, 'saved_date': None, 'psa_type': None}",,,,,,,68,1,,,o,,,[],
nxxvo,https://t.me/nxxvo,2598,2024-02-15 14:21:45,"USA TIKTOK ACCOUNT STAT ⭐️
Phone changeable
Email changeable
40% USA Audience 

@warmer",False,False,False,False,True,False,False,False,False,False,1722074717,,,,,,,5.940248703526879e+18,,85,0,,,ZLMA l ACTIVE,,,[],
nxxvo,https://t.me/nxxvo,2599,2024-02-15 16:23:10,"1.1M Follower Tiktok Verified ✅

Email & Number changeable 
Username changeable 
Inactive since <DATE_TIME> 
Region: Taiwan <PERSON>🇼 
Top followers USA 

BIN — $2K 
@there",False,False,False,False,True,False,False,False,False,False,1722074717,,"{'_': 'MessageFwdHeader', 'date': '2024-02-15T16:21:29+00:00', 'imported': False, 'saved_out': False, 'from_id': {'_': 'PeerChannel', 'channel_id': 1590308148}, 'from_name': None, 'channel_post': 1729, 'post_author': None, 'saved_from_peer': None, 'saved_from_msg_id': None, 'saved_from_id': None, 'saved_from_name': None, 'saved_date': None, 'psa_type': None}",,,,,,,64,1,,,o,,,[],
nxxvo,https://t.me/nxxvo,2600,2024-02-16 07:36:51,"Buying cheap tiktok veris
<PERSON>",False,False,False,False,True,False,False,False,False,False,1722074717,,,,,,,,,70,0,,,ZLMA l ACTIVE,,,[],
nxxvo,https://t.me/nxxvo,2602,2024-02-16 14:27:01,"VERIFIED TIKTOK ACCOUNTS ✅
Phone Changeable 
Email Changeable 
Inactive <DATE_TIME>
No Ex
Safe

⭐️inactive <DATE_TIME>
⭐️2.4M Followers 

✈️@warmer",False,False,False,False,True,False,False,False,False,False,1722074717,,,,,,,5.942650861555662e+18,,70,0,,,ZLMA l ACTIVE,,,[],
nxxvo,https://t.me/nxxvo,2603,2024-02-16 19:08:36,"TIKTOK ACCOUNT STAT ⭐️
Phone changeable
Email changeable
User Changeable 
Safe 100%
No EX

@warmer",False,False,False,False,True,False,False,False,False,False,1722074717,,,,,,,5.944958173821649e+18,,77,0,,,ZLMA l ACTIVE,,,[],
nxxvo,https://t.me/nxxvo,2605,2024-02-18 10:22:23,"INSTAGRAM VERIFACTION 🌐

i can verify ig legacy account with username Desire on fresh account 
oge no # super safe account with your username will be created and verified !
Requirements:
No Requirements
Price: DM

We can use any trusted mm! <NRP>
@warmer ✅",False,False,False,False,True,False,False,False,False,False,1722074717,,,,,,,,,63,0,,,ZLMA l ACTIVE,,,[],
nxxvo,https://t.me/nxxvo,2606,2024-02-18 16:26:47,"Verified Facebook Page  🌐

➡️Everything changeable
➡️Account Country <NRP>
➡️Legit verified 
➡️Good Price
➡️Safe

@warmer🔵",False,False,False,False,True,False,False,False,False,False,1722074717,,,,,,,5.9494793871099e+18,,58,0,,,ZLMA l ACTIVE,,,[],
nxxvo,https://t.me/nxxvo,2607,2024-02-18 16:34:34,"VERIFIED TIKTOK ACCOUNTS ✅
Phone Changeable 
Email Changeable 
Inactive <DATE_TIME>
No Ex
Safe

⭐️inactive <DATE_TIME>
⭐️2M Followers 

✈️@warmer",False,False,False,False,True,False,False,False,False,False,1722074717,,,,,,,5.949259944345846e+18,,63,0,,,ZLMA l ACTIVE,,,[],
nxxvo,https://t.me/nxxvo,2608,2024-02-18 17:04:53,"1.7K Follower TikTok Verified ✅

Email & Number changeble 
Username changeable 
No extranal accounts 
Inactive since <DATE_TIME> 
Saved in stock for some <DATE_TIME>

BIN — $1.7k 
❤️@there",False,False,False,False,True,False,False,False,False,False,1722074717,,"{'_': 'MessageFwdHeader', 'date': '2024-02-18T17:03:23+00:00', 'imported': False, 'saved_out': False, 'from_id': {'_': 'PeerChannel', 'channel_id': 1590308148}, 'from_name': None, 'channel_post': 1739, 'post_author': None, 'saved_from_peer': None, 'saved_from_msg_id': None, 'saved_from_id': None, 'saved_from_name': None, 'saved_date': None, 'psa_type': None}",,,,,,,56,0,,,o,,,[],
nxxvo,https://t.me/nxxvo,2610,2024-02-18 21:18:21,"Instagram verified legacy ✅

Oge Email 
Number not linked
Short and good username 
100% secure/safe
It's legacy verified(not meta shit)


Trusted🚀

🔵<NRP>",False,False,False,True,True,False,False,False,False,False,1722074717,,,,,,,5.949259944345846e+18,,70,0,,,Nova,,,[],
nxxvo,https://t.me/nxxvo,2611,2024-02-21 18:15:03,"TikTok Stats Accounts ⚡️

• 6.5M Followers ~ 200M likes 
• 1.7M Followers ~ 35M likes 

- Everything changeable 
- Inactive since <DATE_TIME> 
- Saved in stock for <DATE_TIME> 

Taking offers 
@there",False,False,False,False,True,False,False,False,False,False,1722074717,,"{'_': 'MessageFwdHeader', 'date': '2024-02-21T18:13:09+00:00', 'imported': False, 'saved_out': False, 'from_id': {'_': 'PeerChannel', 'channel_id': 1590308148}, 'from_name': None, 'channel_post': 1742, 'post_author': None, 'saved_from_peer': None, 'saved_from_msg_id': None, 'saved_from_id': None, 'saved_from_name': None, 'saved_date': None, 'psa_type': None}",,,,,,,40,0,,,o,,,[],
nxxvo,https://t.me/nxxvo,2612,2024-02-21 19:43:17,"<PERSON> متابعين 218k 
امريكي <PERSON>الايميل يتغير 
الرقم يتغير 
اليوزر يتغير 
TikTok USA
218k Followers & 11.4m Likes
Verifies & identity
Email & Number Changeable 
Username Changeable
@thedwlh",False,False,False,False,True,False,False,False,False,False,1722074717,,"{'_': 'MessageFwdHeader', 'date': '2024-02-21T08:49:16+00:00', 'imported': False, 'saved_out': False, 'from_id': {'_': 'PeerChannel', 'channel_id': 1970005674}, 'from_name': None, 'channel_post': 518, 'post_author': None, 'saved_from_peer': None, 'saved_from_msg_id': None, 'saved_from_id': None, 'saved_from_name': None, 'saved_date': None, 'psa_type': None}",,,,,5.958634204390605e+18,,45,0,,,dwlh,,,[],
nxxvo,https://t.me/nxxvo,2615,2024-02-22 15:49:00,"<PERSON> متابعين 30k 
امريكي <PERSON>الايميل يتغير 
الرقم يتغير 
اليوزر يتغير 
TikTok USA
30k Followers & 1.6m Likes
Verifies & identity
Email & Number Changeable 
Username Changeable
@thedwlh",False,False,False,False,True,False,False,False,False,False,1722074717,,"{'_': 'MessageFwdHeader', 'date': '2024-02-22T15:48:42+00:00', 'imported': False, 'saved_out': False, 'from_id': {'_': 'PeerChannel', 'channel_id': 1970005674}, 'from_name': None, 'channel_post': 520, 'post_author': None, 'saved_from_peer': None, 'saved_from_msg_id': None, 'saved_from_id': None, 'saved_from_name': None, 'saved_date': None, 'psa_type': None}",,,,,5.960632210291802e+18,,35,0,,,dwlh,,,[],
nxxvo,https://t.me/nxxvo,2616,2024-02-22 16:38:03,"9K Followers TikTok Verified 📱🇺🇸 

Email & Number changeable 
Username changeable 
No external accounts 
Inactive since <DATE_TIME> 
Region: USA 🇺🇸 
PB info included 
CBP included 

Rarest account for sell in com right now. 
BIN — $2K 
📥@there",False,False,False,False,True,False,False,False,False,False,1722074717,,"{'_': 'MessageFwdHeader', 'date': '2024-02-21T22:58:35+00:00', 'imported': False, 'saved_out': False, 'from_id': {'_': 'PeerChannel', 'channel_id': 1590308148}, 'from_name': None, 'channel_post': 1743, 'post_author': None, 'saved_from_peer': None, 'saved_from_msg_id': None, 'saved_from_id': None, 'saved_from_name': None, 'saved_date': None, 'psa_type': None}",,,,,,,35,0,,,o,,,[],
nxxvo,https://t.me/nxxvo,2620,2024-02-24 08:01:44,"USA TIKTOK ACCOUNT STAT ⭐️
Phone changeable
Email changeable
99% USA Audience 

⭐️CPB Enabled ⭐️

✈️@warmer",False,False,False,False,True,False,False,False,False,False,1722074717,,,,,,,5.965392382675501e+18,,37,0,,,ZLMA l ACTIVE,1.3670093639453188e+16,,[],
nxxvo,https://t.me/nxxvo,2621,2024-02-24 08:01:45,,False,False,False,False,True,False,False,False,False,False,1722074717,,,,,,,5.965392382675501e+18,,37,0,,,ZLMA l ACTIVE,1.3670093639453188e+16,,[],
nxxvo,https://t.me/nxxvo,2622,2024-02-24 08:01:45,,False,False,False,False,True,False,False,False,False,False,1722074717,,,,,,,5.965392382675501e+18,,37,0,,,ZLMA l ACTIVE,1.3670093639453188e+16,,[],
nxxvo,https://t.me/nxxvo,2623,2024-02-25 14:40:14,"VERIFIED TIKTOK ACCOUNTS ✅
Phone Changeable 
Email Changeable 
Inactive <DATE_TIME>
No Ex
Safe

⭐️inactive <DATE_TIME>
⭐️OWN IT FROM LONG TIME

✈️@warmer",False,False,False,False,True,False,False,False,False,False,1722074717,,,,,,,5.97007764653459e+18,,25,0,,,ZLMA l Slow Replies,,,[],
nxxvo,https://t.me/nxxvo,2625,2024-02-27 14:53:42,"Verified Telegram Channel✅

-i ll transfer ownership 
-Legits Channels
-Very safe 

Trusted🚀

🔵 <NRP>",False,False,False,True,True,False,False,False,False,False,1722074717,,,,,,,5.976564571864943e+18,,12,0,,,Nova,,,[],
nxxvo,https://t.me/nxxvo,2627,2024-03-01 09:27:36,"🌐VERIFIED IG ACCOUNT ✅

- OGE
- SAFE
- No # Linked
- Not Subscription 
- IN CELEBIRTY LIST ⭐️
- GOOD PRICE

✈️ @warmer",False,False,False,False,True,False,False,False,False,False,1722074717,,,,,,,5.985501475389948e+18,,3,0,,,ZLMA l sleeping,,,[],
nxxvo,https://t.me/nxxvo,2629,2024-03-03 13:50:47,"VERIFIED TIKTOK ACCOUNTS ✅
Phone Changeable 
Email Changeable 
Self Verified
PB INFO
No Ex
OGE

⭐️PB INFO
⭐️OGE

✈️@warmer",False,False,False,False,True,False,False,False,False,False,1722074717,,,,,,,5.992046301174415e+18,,1,0,,,ZLMA l Active,,,[],
nxxvo,https://t.me/nxxvo,2631,2024-03-03 14:35:08,Co $950,False,False,False,False,True,False,False,False,False,False,1722074717,,,,2630.0,False,False,,,6,0,,2024-03-03T14:35:15+00:00,dwlh,,,[],
nxxvo,https://t.me/nxxvo,2633,2024-03-04 16:14:27,"0 Follower TikTok Verified

Email & Number changeble 
Username changeable 
No extranal accounts 
Inactive since <DATE_TIME> 

@thedwlh",False,False,False,False,True,False,False,False,False,False,1722074717,,"{'_': 'MessageFwdHeader', 'date': '2024-03-04T16:13:32+00:00', 'imported': False, 'saved_out': False, 'from_id': {'_': 'PeerChannel', 'channel_id': 1970005674}, 'from_name': None, 'channel_post': 530, 'post_author': None, 'saved_from_peer': None, 'saved_from_msg_id': None, 'saved_from_id': None, 'saved_from_name': None, 'saved_date': None, 'psa_type': None}",,,,,,,3,0,,,dwlh,,,[],
nxxvo,https://t.me/nxxvo,2635,2024-03-05 10:01:57,,False,False,False,False,True,False,False,False,False,False,1722074717,,,,,,,5.997078954873307e+18,,4,0,,,Nova,1.3677063340952628e+16,,[],
nxxvo,https://t.me/nxxvo,2637,2024-03-05 15:25:28,"Instagram 
@yyiy
اساسي ما انربط 
انشاء <DATE_TIME>

Co $225
@thedwlh",False,False,False,False,True,False,False,False,False,False,1722074717,,,,,,,,,8,0,,,dwlh,,,[],
nxxvo,https://t.me/nxxvo,2639,2024-03-07 21:48:33,"0 Follower TikTok Verified

Email & Number changeble 
Username changeable 
No extranal accounts 
Inactive since <DATE_TIME>

Co $950 

@thedwlh",False,False,False,False,True,False,False,False,False,False,1722074717,,,,,,,,,11,0,,,dwlh,,,[],
nxxvo,https://t.me/nxxvo,2644,2024-03-09 07:08:17,"Instagram 
@yyiy
اساسي ما انربط 
انشاء <DATE_TIME>

Co $225
@thedwlh",False,False,False,False,True,False,False,False,False,False,1722074717,,,,,,,,,9,0,,,dwlh,,,[],
nxxvo,https://t.me/nxxvo,2645,2024-03-09 07:28:05,"🌐VERIFIED IG ACCOUNT ✅

- OGE
- SAFE
- Not Subscription 
- GOOD PRICE

 Bin 650$

✈️ @warmer",False,False,False,False,True,False,False,False,False,False,1722074717,,,,,,,6.010262606096482e+18,,6,0,,,ZLMA l Yo,,,[],
nxxvo,https://t.me/nxxvo,2648,2024-03-10 20:36:16,"موثق تيك توك 
كل شي يتغير 
خامل ومضمون من السحب 
مافي ربط خارجي 
<PERSON> 950$

الحد 1150$

TikTok Verified
0 Follower
Email & Number Changeable 
Username Changeable 
No External Accounts
Very safe!
Co $950

Bin $1150

@thedwlh",False,False,False,False,True,False,False,False,False,False,1722074717,,"{'_': 'MessageFwdHeader', 'date': '2024-03-10T20:30:06+00:00', 'imported': False, 'saved_out': False, 'from_id': {'_': 'PeerChannel', 'channel_id': 1970005674}, 'from_name': None, 'channel_post': 541, 'post_author': None, 'saved_from_peer': None, 'saved_from_msg_id': None, 'saved_from_id': None, 'saved_from_name': None, 'saved_date': None, 'psa_type': None}",,,,,6.01278917644293e+18,,2,0,,,dwlh,,,[],
nxxvo,https://t.me/nxxvo,2650,2024-03-12 15:16:55,"Selling snap 
   
@d*dx

For the best offer 
@zakaria",False,False,False,True,True,False,False,False,False,False,1722074717,,,,,,,,,6,0,,,Zakaria,,,[],
nxxvo,https://t.me/nxxvo,2652,2024-03-14 09:07:40,"🌐VERIFIED IG ACCOUNT ✅

- OGE
- SAFE
- Not Subscription 
- GOOD PRICE

 🙂IN CELEBRITY LIST 🙂

 CO 700$
 Bin ??
✈️ @warmer",False,False,False,False,True,False,False,False,False,False,1722074717,,,,,,,6.023790249840329e+18,,3,0,,2024-03-14T09:08:01+00:00,ZLMA l Yo,,,[],
nxxvo,https://t.me/nxxvo,2654,2024-03-14 22:21:24,"Instagram Business legacy ✅

Oge Email 
Number not linked
Short and good username 
100% secure/safe
It's legacy verified(not meta shit)


Trusted🚀

🔵<NRP>",False,False,False,True,True,False,False,False,False,False,1722074717,,,,,,,,,4,0,,,Nova,,,[],
nxxvo,https://t.me/nxxvo,2656,2024-03-15 18:29:10,"Oge Email 
Number not linked
Short and good username 
100% secure/safe
It's legacy verified(not meta shit)

<PERSON> : 800$
DM @zakaria",False,False,False,True,True,False,False,False,False,False,1722074717,,,,,,,5.451710819445365e+18,,4,0,,,Zakaria,,,[],
nxxvo,https://t.me/nxxvo,2658,2024-03-16 10:11:44,"Facebook Verified Page
Username : PM
Followers : 0-100
Price : DM
Contact : @warmer",False,False,False,False,True,False,False,False,False,False,1722074717,,,,,,,,,1,0,,,l ZLMA l,,,[],
nxxvo,https://t.me/nxxvo,2660,2024-03-18 19:21:11,450$ rn,False,False,False,True,True,False,False,False,False,False,1722074717,,,,2656.0,False,False,,,10,0,,,Zakaria,,,[],
nxxvo,https://t.me/nxxvo,2663,2024-03-19 11:45:48,"Instagram Business legacy ✅

Oge Email 
Number not linked
Short and good username 
100% secure/safe
It's legacy verified(not meta shit)


Trusted🚀

🔵<NRP>",False,False,False,True,True,False,False,False,False,False,1722074717,,,,,,,6.039497709745979e+18,,2,0,,,Nova,,,[],
nxxvo,https://t.me/nxxvo,2665,2024-03-19 15:33:14,"🟣@n_n 

OGE included, banned 180d 

BIN: $800 

@there",False,False,False,False,True,False,False,False,False,False,1722074717,,"{'_': 'MessageFwdHeader', 'date': '2024-03-19T15:31:39+00:00', 'imported': False, 'saved_out': False, 'from_id': {'_': 'PeerChannel', 'channel_id': 1590308148}, 'from_name': None, 'channel_post': 1754, 'post_author': None, 'saved_from_peer': None, 'saved_from_msg_id': None, 'saved_from_id': None, 'saved_from_name': None, 'saved_date': None, 'psa_type': None}",,,,,,,5,0,,,o,,,[],
nxxvo,https://t.me/nxxvo,2667,2024-03-20 22:38:50,"Looking for 2L's IG 🟣

— no overprices shit 
— no proxies, you must be the owner 

📲 Contact @there",False,False,False,False,True,False,False,False,False,False,1722074717,,"{'_': 'MessageFwdHeader', 'date': '2024-03-20T22:37:10+00:00', 'imported': False, 'saved_out': False, 'from_id': {'_': 'PeerChannel', 'channel_id': 1590308148}, 'from_name': None, 'channel_post': 1755, 'post_author': None, 'saved_from_peer': None, 'saved_from_msg_id': None, 'saved_from_id': None, 'saved_from_name': None, 'saved_date': None, 'psa_type': None}",,,,,,,4,0,,,o,,,[],
nxxvo,https://t.me/nxxvo,2669,2024-03-24 21:13:05,"CRAZY 2L IG 🟣🔥

<PERSON>* (never been in com)

OGE included & No number linked 

C/O: Taking Offers 
BIN: $8K

📲 Contact @there",False,False,False,False,True,False,False,False,False,False,1722074717,,"{'_': 'MessageFwdHeader', 'date': '2024-03-24T21:11:46+00:00', 'imported': False, 'saved_out': False, 'from_id': {'_': 'PeerChannel', 'channel_id': 1590308148}, 'from_name': None, 'channel_post': 1756, 'post_author': None, 'saved_from_peer': None, 'saved_from_msg_id': None, 'saved_from_id': None, 'saved_from_name': None, 'saved_date': None, 'psa_type': None}",,,,,,,3,0,,,o,,,[],
nxxvo,https://t.me/nxxvo,2671,2024-03-26 03:08:36,"VERIFIED TIKTOK ACCOUNT ✅
Phone Changeable 
Email Changeable 
4L USERNAME
Inactive <DATE_TIME>
No Ex

⭐️200k FOLLOWERS ⭐️
⭐️ 4L USERNAME⭐️


✈️@warmer",False,False,False,False,True,False,False,False,False,False,1722074717,,,,,,,5.771769364276691e+18,,7,0,,,ZLMA,,,[],
nxxvo,https://t.me/nxxvo,2673,2024-03-27 02:02:48,"LEGACY VERIFIED IG ACCOUNT ✅

- OGE
- SAFE
- No # Linked
- Not Subscription 

⭐️IN CELEBIRTY LIST⭐️

✈️ @warmer",False,False,False,False,True,False,False,False,False,False,1722074717,,,,,,,,,3,0,,,ZLMA,,,[],
nxxvo,https://t.me/nxxvo,2675,2024-03-31 12:30:33,"TikTok Viral Verified Account 

Email & Number changeble 
Username changeable 
No extranal accounts 
Self verified And im The oge

<PERSON> : 1250-1300

@zakaria",False,False,False,True,True,False,False,False,False,False,1722074717,,,,,,,5.208565462324076e+18,,9,0,,,Zakaria,,,[],
nxxvo,https://t.me/nxxvo,2677,2024-04-01 19:55:02,"VERIFIED TIKTOK ACCOUNTS ✅
Phone Changeable 
Email Changeable 
Inactive <DATE_TIME>
No Ex
Safe

GOOD PRICE
✈️@warmer",False,False,False,False,True,False,False,False,False,False,1722074717,,,,,,,5.789906637505545e+18,,9,0,,,ZLMA,,,[],
nxxvo,https://t.me/nxxvo,2679,2024-04-02 15:04:30,"VERIFIED TIKTOK ACCOUNTS ✅
Phone Changeable 
Email Changeable 
PB INFO
No Ex
OGE
Safe

⭐️PB INFO⭐️
⭐️TIKTOK SHOP⭐️
⭐️OGE INCLUDED⭐️
<NRP>️VERIFICATION MESSAGE ⭐️

✈️@warmer",False,False,False,False,True,False,False,False,False,False,1722074717,,,,,,,5.791921191915733e+18,,4,0,,,ZLMA,,,[],
