Channel ID,URL,Post ID,date,message,out,mentioned,media_unread,silent,post,from_scheduled,legacy,edit_hide,pinned,noforwards,peer_channel,from_id_user,fwd_from,via_bot_id,reply_to_msg_id,reply_to_scheduled,forum_topic,media_photo_id,reply_markup,views,forwards,replies,edit_date,post_author,grouped_id,reactions,restriction_reason,ttl_period
oguserstock,https://t.me/oguserstock,2824,2024-01-07 22:27:33,"📱 i’m actively Looking for more direct REP/s Employees:

Ready to build a strong and confidential relationship to improve my services.",False,False,False,False,True,False,False,False,False,False,1413688447,,,,,,,,,903,0,,2024-01-29T15:54:10+00:00,tqm,,,[],
oguserstock,https://t.me/oguserstock,2825,2024-01-08 23:33:32,"📱 IG BANS / REMOVALS: 🔥

Requirements:
- Human Profile Picture
- 0-2M Followers
- I can ban meta verified

Pricing: 
    - Temp: 45$+
    - Perm: (30d): 90$+

📥 @Clemency",False,False,False,False,True,False,False,False,False,False,1413688447,,,,,,,,,1076,8,,2024-01-30T06:30:20+00:00,tqm,,,[],
oguserstock,https://t.me/oguserstock,2826,2024-01-12 22:13:54,"📱 Cheapest Instagram Lookups in com:

Get any instagram users linked email, phone number and DOB (verifieds too)

Starting from 290$+

📥 @Clemency",False,False,False,False,True,False,False,False,False,False,1413688447,,,,,,,,,1014,8,,2024-01-30T00:19:54+00:00,tqm,,,[],
oguserstock,https://t.me/oguserstock,2827,2024-01-18 08:33:00,"📱 Submitting perm <NRP>:

I can recover perm banned accounts

TAT 4-21days

Starting from 2799$+ 
(CHEAPEST IN COM)

📥 @Clemency",False,False,False,False,True,False,False,False,False,False,1413688447,,,,,,,,,885,5,,2024-01-30T06:28:16+00:00,tqm,,,[],
oguserstock,https://t.me/oguserstock,2832,2024-02-03 17:31:44,"📱✅Custom Meta Verification service:

✅ Business and Personal accounts 

• I can verify any account on instagram , no personal information is needed.

• It can be done on any picture and name you want (human pfp or non-human pfp).

• If you don’t have it enabled, i will bypass the waitlist.

⏳ TAT:
<DATE_TIME>

📥 @Clemency",False,False,False,False,True,False,False,False,False,False,1413688447,,,,,,,,,603,8,,2024-02-05T08:23:14+00:00,tqm,,,[],
oguserstock,https://t.me/oguserstock,2833,2024-02-04 19:12:47,"📱 I can bypass any type of lock on instagram: 🔒

Examples:
- 2FA
- Code requirements
- Suspicious Login


TAT: 0-12 Days

📥 @Clemency",False,False,False,False,True,False,False,False,False,False,1413688447,,,,,,,,,456,3,,2024-02-05T03:36:14+00:00,tqm,,,[],
oguserstock,https://t.me/oguserstock,2834,2024-02-05 08:31:05,"📱 I have some of the best private high tiers in com for sale:

- Send a POF of 10k$+ to see the full list

📥 @Clemency",False,False,False,False,True,False,False,False,False,False,1413688447,,,,,,,,,427,0,,,tqm,,,[],
oguserstock,https://t.me/oguserstock,2835,2024-02-06 11:35:13,"📱 I can get you inside of huge stat instagram pages: 💰

Requirements:
  - Account must be inactive (ideally for +2yrs)

Examples:
- Meme pages
- High profitable niches
- Old brands


TAT: 7-14 Days

📥 @Clemency",False,False,False,False,True,False,False,False,False,False,1413688447,,,,,,,,,460,2,,2024-02-06T11:38:50+00:00,tqm,,,[],
oguserstock,https://t.me/oguserstock,2836,2024-02-06 13:10:11,"📱✅ Still doing this ones:

- Any PFP
- Any Name
- I also bypass waitlist

Perfect for brands and influencers!

📥 @Clemency",False,False,False,False,True,False,False,False,False,False,1413688447,,,,,,,5.915592610540537e+18,,748,6,,,tqm,,,[],
oguserstock,https://t.me/oguserstock,2838,2024-02-07 11:39:02,"📌List of the services i provide as a reminder: 

📱 Claims (Gen/Non Gen)
📱 Username swaps (14d bypass)
📱 Hacked page recovery
📱 Bypass any code (2FA/SUS/..)
📱 Meta verify (any acc/pfp/name)
📱 <NRP> (Not available rn)
📱 <NRP> (besides perm)
📱 Bans (30d Personal / Business)
📱 Perm bans (Not available rn)
📱 Instagram usernames
(+ many other things… 😎)

-

📱 Soon...


📱 <PERSON>",False,False,False,False,True,False,False,False,True,False,1413688447,,,,,,,,,480,1,,2024-02-20T09:33:25+00:00,tqm,,,[],
oguserstock,https://t.me/oguserstock,2840,2024-02-07 11:50:04,"<PERSON> are Crazy 

⌛️ 0-5d Process time 

- Impersonation Celebrity
- Impersonation Business
- Hard Arti
- TOS Vi0lation
- Nud

📥 @Clemency",False,False,False,False,True,False,False,False,False,False,1413688447,,,,,,,,,510,2,,2024-02-07T11:56:04+00:00,tqm,,,[],
oguserstock,https://t.me/oguserstock,2842,2024-02-10 10:22:19,"📱🫣 New INSANE OG available:

  - @*** 12k+

Send a POF to see the username! 


📥 @Clemency",False,False,False,False,True,False,False,False,False,False,1413688447,,,,,,,,,463,0,,2024-02-10T10:24:07+00:00,tqm,,,[],
oguserstock,https://t.me/oguserstock,2843,2024-02-13 15:55:39,"📱🫣 Still doing verifications with any name and PFP:

I just did 2 fast verifications
✅ Cheapest

Price: 120-180$
TAT 0-3H

📥 @Clemency",False,False,False,False,True,False,False,False,False,False,1413688447,,,,2836.0,False,False,,,434,1,,2024-02-15T22:47:03+00:00,tqm,,,[],
oguserstock,https://t.me/oguserstock,2844,2024-02-14 16:53:18,"📱🫣 Another 2L claimed:

  - @** 5.5k$

Send a POF to see the username! 


📥 @Clemency",False,False,False,False,True,False,False,False,False,False,1413688447,,,,,,,,,428,0,,,tqm,,,[],
oguserstock,https://t.me/oguserstock,2845,2024-02-15 01:10:01,"📱 Claims are on fire! Get your dreamed username with us 😎
I have just submitted 2 more cases

✅I’ve also reduced price on the ig verifications!
(Limited time offer)",False,False,False,False,True,False,False,False,False,False,1413688447,,,,2816.0,False,False,,,453,1,,2024-02-15T01:12:19+00:00,tqm,,,[],
oguserstock,https://t.me/oguserstock,2847,2024-02-20 09:32:14,"📱 Fix any type of lock (code): 🔑 

- Suspicious Login (Blue/Red)
- 2FA Remove
- Auth APP

Starting from 1299$+

TAT: <DATE_TIME>

📥 @Clemency",False,False,False,False,True,False,False,False,False,False,1413688447,,,,,,,,,258,1,,2024-02-20T09:32:41+00:00,tqm (busy),,,[],
oguserstock,https://t.me/oguserstock,2848,2024-02-22 16:03:08,"🧐 Selling the BEST OG in com:

@g** C/O 13k$ 😎
Market price is 25k+

<PERSON>’s accepted: @Laugh, @Beam ✅
📥 @Clemency",False,False,False,True,True,False,False,False,False,False,1413688447,,,,,,,,,179,0,,,tqm,,,[],
oguserstock,https://t.me/oguserstock,2850,2024-02-26 09:05:59,"🧐 Selling the BEST OG in com:

@the C/O 7.5k$ 😎
Market price is 12k$+

<PERSON>’s accepted: @Laugh, @Beam ✅
📥 @Clemency",False,False,False,True,True,False,False,False,False,False,1413688447,,,,,,,,,31,0,,,tqm,,,[],
oguserstock,https://t.me/oguserstock,2851,2024-02-26 12:03:29,"🧐 Instagram Copyright bans: 🆕

- any account
Doing first orders for cheap!

📥 @Clemency",False,False,False,True,True,False,False,False,False,False,1413688447,,,,,,,,,11,0,,,tqm,,,[],
oguserstock,https://t.me/oguserstock,2853,2024-02-27 23:07:39,"🧐 Do you have any dreamed username? 

- I will get it for you, any trusted MM. no need to wait a large TAT.

📥 @Clemency
(This service is for good budgets only)",False,False,False,True,True,False,False,False,False,False,1413688447,,,,,,,,,160,1,,,tqm,,,[],
oguserstock,https://t.me/oguserstock,2855,2024-02-29 18:58:00,Only @*9 left! Make a good offer and it's yours ❤️🧐,False,False,False,False,True,False,False,False,False,False,1413688447,,,,,,,,,88,0,,,tqm,,,[],
oguserstock,https://t.me/oguserstock,2857,2024-03-04 09:51:23,"🧐 Selling another 2L:

@ym 🆕
C/O 5k$
BIN 6k$

✏️ Note: This username is proxy for a close friend, any <PERSON> accepted. 

📥 @Clemency",False,False,False,True,True,False,False,False,False,False,1413688447,,,,,,,,,8,1,,2024-03-04T09:53:32+00:00,tqm,,,[],
oguserstock,https://t.me/oguserstock,2859,2024-03-05 15:11:16,All Time High!,False,False,False,True,True,False,False,False,False,False,1413688447,,,,,,,5.996567312599204e+18,,29,0,,2024-03-05T15:11:37+00:00,tqm,,,[],
oguserstock,https://t.me/oguserstock,2860,2024-03-05 15:41:34,🧐 IG is down,False,False,False,True,True,False,False,False,False,False,1413688447,,,,,,,,,16,0,,,tqm,,,[],
oguserstock,https://t.me/oguserstock,2862,2024-03-07 12:26:53,"🧐 2C / 2L:

<DATE_TIME>* BIN 5,750$
@b* BIN 4,750$

❤️ @Clemency",False,False,False,False,True,False,False,False,False,False,1413688447,,,,,,,6.003315243092132e+18,,17,1,,2024-03-07T12:27:00+00:00,tqm,,,[],
oguserstock,https://t.me/oguserstock,2863,2024-03-07 12:28:20,"Don't overpay! <PERSON> prices always here ^^. I will open a new channel dedicated to Usernames soon. This channel will be for services only, Twitter services are also coming soon!

Direct connections, not reselling stuff to take ur money",False,False,False,False,True,False,False,False,False,False,1413688447,,,,2862.0,False,False,,,13,1,,2024-03-07T12:33:00+00:00,tqm,,,[],
oguserstock,https://t.me/oguserstock,2865,2024-03-10 20:42:13,"🧐 Fast <NRP> directly through employee:

TAT: <DATE_TIME>

Price: Starting 3.3k

If my rep can’t unban it, no one else can. Price increases deppending on the case. 

📥 @Clemency",False,False,False,False,True,False,False,False,False,False,1413688447,,,,,,,,,8,0,,,tqm,,,[],
oguserstock,https://t.me/oguserstock,2867,2024-03-11 10:39:31,"🧐 Submitting lookups for cheap <DATE_TIME>! 🔎

Get any accounts linked email, phone number and date of birth!

📥 @Clemency",False,False,False,True,True,False,False,False,False,False,1413688447,,,,,,,,,8,0,,,tqm,,,[],
oguserstock,https://t.me/oguserstock,2869,2024-03-16 12:18:41,"📱🫣 Selling debadged in celebrity list:

Price: 175$
Any trusted MM

📥 @Clemency",False,False,False,False,True,False,False,False,False,False,1413688447,,,,,,,,,8,0,,,tqm,,,[],
oguserstock,https://t.me/oguserstock,2871,2024-03-18 14:48:23,"📱 New 2c for sale:

@8*

📥 @Clemency",False,False,False,False,True,False,False,False,False,False,1413688447,,,,,,,,,13,0,,,tqm,,,[],
oguserstock,https://t.me/oguserstock,2873,2024-03-21 19:18:27,"📱 I’m BACK at <PERSON>:

If you want cheap 4c/4L in bulk DM me, best prices in com as always.

📥 @Clemency",False,False,False,False,True,False,False,False,False,False,1413688447,,,,,,,,,31,1,,,tqm,,,[],
oguserstock,https://t.me/oguserstock,2875,2024-03-26 16:19:39,"📱 GENERIC CLAIMS ARE ACTIVE! 

Most sellers stopped offering them, but i can still do them

Don’t wait ages to get your dreamed handles!

* price increased due no one else is being able to do them

📥 @Clemency",False,False,False,False,True,False,False,False,False,False,1413688447,,,,,,,,,9,0,,2024-03-26T16:20:26+00:00,tqm,,,[],
oguserstock,https://t.me/oguserstock,2877,2024-03-27 06:52:49,"📱 2FA/Codes Removals are on fire 🔥

- NO PASSWORD NEEDED
- Cheapest price GUARANTEED

📥 @Clemency",False,False,False,False,True,False,False,False,False,False,1413688447,,,,,,,,,27,1,,2024-03-27T06:54:54+00:00,tqm,,,[],
oguserstock,https://t.me/oguserstock,2879,2024-03-28 19:03:56,"📱 Active services RN:

- Lookups
- Suspicious login bypass
- 2FA Remove
- Unbans (SPAM / Arti / Imper)

I can fulfill this services easily so i will keep taking orders for them.

Bump my messages if you have any inquiry regarding any of the stated services. I need a lil break but this services are easy for me.

📥 @Clemency",False,False,False,False,True,False,False,False,False,False,1413688447,,,,,,,,,26,0,,2024-03-28T19:05:02+00:00,tqm (slow replies),,,[],
oguserstock,https://t.me/oguserstock,2881,2024-03-29 19:19:36,"📱 @kupa
Taking 200$ RN

📥 @Clemency",False,False,False,False,True,False,False,False,False,False,1413688447,,,,,,,,,18,1,,,tqm (slow replies),,,[],
oguserstock,https://t.me/oguserstock,2883,2024-03-30 12:06:58,"🟢 Active <DATE_TIME>! Taking orders for Lookups, <NRP>, 2Fa removals, Suspicious Login bypasses and claims 🔥",False,False,False,False,True,False,False,False,False,False,1413688447,,,,,,,,,9,0,,,tqm,,,[],
