Channel ID,URL,Post ID,date,message,out,mentioned,media_unread,silent,post,from_scheduled,legacy,edit_hide,pinned,noforwards,peer_channel,from_id_user,fwd_from,via_bot_id,reply_to_msg_id,reply_to_scheduled,forum_topic,media_photo_id,reply_markup,views,forwards,replies,edit_date,post_author,grouped_id,reactions,restriction_reason,ttl_period
paid_promotion_fake_member,https://t.me/paid_promotion_fake_member,95,2024-03-23 09:41:08,"Hello Friend's our new channel ""Paid Promotion Fake Member"" .

Here we will provide you best Quality services for social media platforms so here you can easily get best services from here.

Contact/Dm:- @PROMOHUV✅",False,False,False,False,True,False,False,False,False,False,1836459640,,,,,,,,,42,0,,,,,,[],
