Channel ID,URL,Post ID,date,message,out,mentioned,media_unread,silent,post,from_scheduled,legacy,edit_hide,pinned,noforwards,peer_channel,from_id_user,fwd_from,via_bot_id,reply_to_msg_id,reply_to_scheduled,forum_topic,media_photo_id,reply_markup,views,forwards,replies,edit_date,post_author,grouped_id,reactions,restriction_reason,ttl_period
tg_telegram_marketing,https://t.me/tg_telegram_marketing,115,2024-02-18 16:19:31,"2k  private message done Successfully. 📢📢📢

<PERSON> for more details

Note: We offer other marketing and software solutions too!!",False,False,False,True,True,False,False,False,False,False,1633331246,,,,,,,,,208.0,1.0,,,,,,[],
tg_telegram_marketing,https://t.me/tg_telegram_marketing,116,2024-02-29 12:02:36,"2k  private message done Successfully. 📢📢📢

<PERSON> for more details

Note: We offer other marketing and software solutions too!!",False,False,False,True,True,False,False,False,False,False,1633331246,,,,,,,,,59.0,0.0,,,,,,[],
tg_telegram_marketing,https://t.me/tg_telegram_marketing,117,2024-03-01 20:30:50,"1k  private message done Successfully. 📢📢📢

<PERSON> for more details

Note: We offer other marketing and software solutions too!!",False,False,False,True,True,False,False,False,False,False,1633331246,,,,,,,,,23.0,0.0,,,,,,[],
