Channel ID,URL,Post ID,date,message,out,mentioned,media_unread,silent,post,from_scheduled,legacy,edit_hide,pinned,noforwards,peer_channel,from_id_user,fwd_from,via_bot_id,reply_to_msg_id,reply_to_scheduled,forum_topic,media_photo_id,reply_markup,views,forwards,replies,edit_date,post_author,grouped_id,reactions,restriction_reason,ttl_period
themediamarket,https://t.me/themediamarket,880,2024-01-04 07:46:18,,False,False,False,False,True,,False,,,,1698374657,,,,,,,,,,,,,,,,,
themediamarket,https://t.me/themediamarket,886,2024-02-05 22:40:52,If youre looking to grow an account and want an @ to suit the niche pm me. @Gossip,False,False,False,False,True,False,False,False,False,False,1698374657,,,,,,,,,3551.0,0.0,,,,,,[],
themediamarket,https://t.me/themediamarket,887,2024-02-05 22:53:01,"THEME PAGE USERS:

Countries/Cities:

@Algeria
@Russia
@Ethiopia
@Mauritius
@Phoenix

Meme:

@Twerk
@Comedy
<PERSON>

Other:

@Cook
@Seller
@Spice
@Sperm
@Volley
@Arts
@Marketplace
@Snowboarder
@Simply
@Drop
@Airports
@Vintage",False,False,False,False,True,False,False,False,False,False,1698374657,,,,,,,,,3877.0,4.0,,,,,,[],
themediamarket,https://t.me/themediamarket,889,2024-03-19 09:06:47,Online and available. PM @Gossip,False,False,False,False,True,False,False,True,False,False,1698374657,,,,,,,,,31.0,0.0,"{'_': 'MessageReplies', 'replies': 0, 'replies_pts': 19, 'comments': True, 'recent_repliers': [], 'channel_id': 2001542917, 'max_id': None, 'read_max_id': None}",2024-03-19T09:06:51+00:00,,,,[],
themediamarket,https://t.me/themediamarket,891,2024-03-19 10:21:42,"Instagram @***** (Repeater)
$2000 OBO

PM @Gossip",False,False,False,False,True,False,False,True,False,False,1698374657,,,,,,,,,19.0,0.0,"{'_': 'MessageReplies', 'replies': 0, 'replies_pts': 26, 'comments': True, 'recent_repliers': [], 'channel_id': 2001542917, 'max_id': None, 'read_max_id': None}",2024-03-19T10:21:46+00:00,,,,[],
themediamarket,https://t.me/themediamarket,893,2024-03-26 00:22:38,"Also buying; cities, countries, and travel users",False,False,False,False,True,False,False,True,False,False,1698374657,,,,892.0,0.0,0.0,,,188.0,1.0,"{'_': 'MessageReplies', 'replies': 0, 'replies_pts': 34, 'comments': True, 'recent_repliers': [], 'channel_id': 2001542917, 'max_id': None, 'read_max_id': None}",2024-03-26T00:22:42+00:00,,,,[],
themediamarket,https://t.me/themediamarket,895,2024-03-29 03:50:40,"Instagram @ttttt 
$2000",False,False,False,False,True,False,False,True,False,False,1698374657,,,,,,,,,89.0,0.0,"{'_': 'MessageReplies', 'replies': 0, 'replies_pts': 44, 'comments': True, 'recent_repliers': [], 'channel_id': 2001542917, 'max_id': None, 'read_max_id': None}",2024-03-29T03:50:43+00:00,,,,[],
themediamarket,https://t.me/themediamarket,896,2024-03-29 04:53:27,"Both @pp and @dd are still available, willing to work out a price for both.

Contact: @Gossip",False,False,False,False,True,False,False,True,False,False,1698374657,,,,,,,,,53.0,0.0,"{'_': 'MessageReplies', 'replies': 0, 'replies_pts': 44, 'comments': True, 'recent_repliers': [], 'channel_id': 2001542917, 'max_id': None, 'read_max_id': None}",2024-03-29T04:53:31+00:00,,,,[],
themediamarket,https://t.me/themediamarket,898,2024-03-30 00:15:14,If we have dealt before please pm me. @Gossip,False,False,False,False,True,False,False,True,False,False,1698374657,,,,,,,,,32.0,0.0,"{'_': 'MessageReplies', 'replies': 0, 'replies_pts': 63, 'comments': True, 'recent_repliers': [], 'channel_id': 2001542917, 'max_id': None, 'read_max_id': None}",2024-03-30T00:15:17+00:00,,,,[],
themediamarket,https://t.me/themediamarket,900,2024-03-31 23:08:42,"Verified TikTok $1500

PM @Gossip",False,False,False,False,True,False,False,True,False,False,1698374657,,,,,,,,,64.0,0.0,"{'_': 'MessageReplies', 'replies': 0, 'replies_pts': 75, 'comments': True, 'recent_repliers': [], 'channel_id': 2001542917, 'max_id': None, 'read_max_id': None}",2024-03-31T23:08:45+00:00,,,,[],
themediamarket,https://t.me/themediamarket,902,2024-04-02 12:01:03,"<PERSON>, Will post more users now.",False,False,False,False,True,False,False,False,False,False,1698374657,,,,,,,,,34.0,0.0,"{'_': 'MessageReplies', 'replies': 0, 'replies_pts': 86, 'comments': True, 'recent_repliers': [], 'channel_id': 2001542917, 'max_id': None, 'read_max_id': None}",2024-04-02T12:01:58+00:00,,,,[],
themediamarket,https://t.me/themediamarket,903,2024-04-02 12:02:20,"Added Usernames:

litecoin
dogecoin
perimeter
paulina
screenname
inconceivable
carter
accessory
carolina
poker
slippery
installed
mustache
suppliers
jeri",False,False,False,False,True,False,False,True,False,False,1698374657,,,,,,,,,31.0,0.0,"{'_': 'MessageReplies', 'replies': 0, 'replies_pts': 86, 'comments': True, 'recent_repliers': [], 'channel_id': 2001542917, 'max_id': None, 'read_max_id': None}",2024-04-02T12:02:24+00:00,,,,[],
