Channel ID,URL,Post ID,date,message,out,mentioned,media_unread,silent,post,from_scheduled,legacy,edit_hide,pinned,noforwards,peer_channel,from_id_user,fwd_from,via_bot_id,reply_to_msg_id,reply_to_scheduled,forum_topic,media_photo_id,reply_markup,views,forwards,replies,edit_date,post_author,grouped_id,reactions,restriction_reason,ttl_period
watchhoursyt,https://t.me/watchhoursyt,653,2024-02-07 07:41:40,"INDIAN INSTAGRAM FOLLOWERS 👤

100 % Permanent <PERSON> 

* Start Time - INSTANT 
* Followers Type - INDIAN 🇮🇳
( Stories Enabled Accounts ) 
*Quality - Premium 

Price :- Rs. 320 Rs. 250 per 1000 Followers

Old Accounts And High Quality ✅",False,False,False,False,True,False,False,True,False,False,1479901841,,,,,,,,,244,2,"{'_': 'MessageReplies', 'replies': 4, 'replies_pts': 2121246, 'comments': True, 'recent_repliers': [{'_': 'PeerUser', 'user_id': 6740375182}, {'_': 'PeerUser', 'user_id': 6256815324}, {'_': 'PeerUser', 'user_id': 1175665837}], 'channel_id': 1348003572, 'max_id': 1374803, 'read_max_id': None}",2024-02-07T07:41:48+00:00,,,"{'_': 'MessageReactions', 'results': [{'_': 'ReactionCount', 'reaction': {'_': 'ReactionEmoji', 'emoticon': '❤'}, 'count': 2, 'chosen_order': None}, {'_': 'ReactionCount', 'reaction': {'_': 'ReactionEmoji', 'emoticon': '👍'}, 'count': 1, 'chosen_order': None}], 'min': False, 'can_see_list': False, 'reactions_as_tags': False, 'recent_reactions': []}",[],
watchhoursyt,https://t.me/watchhoursyt,654,2024-02-22 07:34:23,"YouTube Subscribers

Quality - Good Quality Subs

Price ~  Rs. 350 Rs. 200 For 100 Subscribers 

Offer Valid For Limited Time✅
(Time wasters Don't msg)

Msg - @YTHANKS 

@YouTubeproof | @WatchhoursYT

🔥🔥🔥🔥🔥🔥🔥🔥🔥🔥🔥",False,False,False,False,True,False,False,True,False,False,1479901841,,,,,,,,,279,1,"{'_': 'MessageReplies', 'replies': 1, 'replies_pts': 2121246, 'comments': True, 'recent_repliers': [{'_': 'PeerUser', 'user_id': 477326488}], 'channel_id': 1348003572, 'max_id': 1375960, 'read_max_id': None}",2024-02-22T07:34:26+00:00,,,"{'_': 'MessageReactions', 'results': [{'_': 'ReactionCount', 'reaction': {'_': 'ReactionEmoji', 'emoticon': '❤'}, 'count': 1, 'chosen_order': None}], 'min': False, 'can_see_list': False, 'reactions_as_tags': False, 'recent_reactions': []}",[],
