Channel ID,URL,Post ID,date,message,out,mentioned,media_unread,silent,post,from_scheduled,legacy,edit_hide,pinned,noforwards,peer_channel,from_id_user,fwd_from,via_bot_id,reply_to_msg_id,reply_to_scheduled,forum_topic,media_photo_id,reply_markup,views,forwards,replies,edit_date,post_author,grouped_id,reactions,restriction_reason,ttl_period
wefunagency,https://t.me/wefunagency,91,2024-02-29 11:32:08,"Quick update

 Our 4 BM just got locked. We haven't counted how many accounts are locked, but it's a lot.

 Wait for me to check the storm status and replace accounts for all customers.

💬 Facebook Agency Account
🖱@Nodoma 
🖱@Kwefunagency
🔗 WefunAgency.com
🔥@fbads_account_disabled",False,False,False,False,True,False,False,False,False,False,1956859333,,,,,,,6.271394624828455e+18,,3188,4,"{'_': 'MessageReplies', 'replies': 0, 'replies_pts': 187070, 'comments': True, 'recent_repliers': [], 'channel_id': 1703788071, 'max_id': None, 'read_max_id': None}",2024-03-03T11:48:24+00:00,,,"{'_': 'MessageReactions', 'results': [{'_': 'ReactionCount', 'reaction': {'_': 'ReactionEmoji', 'emoticon': '👍'}, 'count': 1, 'chosen_order': None}], 'min': False, 'can_see_list': False, 'reactions_as_tags': False, 'recent_reactions': []}",[],
wefunagency,https://t.me/wefunagency,93,2024-03-05 15:30:47,"FB just kicked out a lot of accounts, can't log in, reporting wrong password. Please click on the ""forgot password"" button, enter the email, then request to send the code to Hotmail. 
Hotmail I have already logged in on GoLogin, please open a tab to log in and then get the code. 
FB may ask to change the password, click skip. All done.

🖍Update 1
Some customers were able to log in, some were not. This is an error from Facebook. My personal account is also affected. lol

🖍Update 2
This is a Facebook server issue, bro, everyone is affected. Here is the website to monitor Facebook's status.
https://downdetector.com/status/facebook/

🖍Update 3
Issue fixed, FB accounts can log in now ✅

💬 Facebook Agency Account
🖱@Nodoma 
🖱@Kwefunagency
🔗 WefunAgency.com
🔥@fbads_account_disabled",False,False,False,False,True,False,False,False,False,False,1956859333,,,,,,,6.285094539710546e+18,,4197,3,"{'_': 'MessageReplies', 'replies': 1, 'replies_pts': 190370, 'comments': True, 'recent_repliers': [{'_': 'PeerUser', 'user_id': 1333943055}], 'channel_id': 1703788071, 'max_id': 127897, 'read_max_id': None}",2024-03-05T16:41:44+00:00,,,"{'_': 'MessageReactions', 'results': [{'_': 'ReactionCount', 'reaction': {'_': 'ReactionEmoji', 'emoticon': '👍'}, 'count': 2, 'chosen_order': None}], 'min': False, 'can_see_list': False, 'reactions_as_tags': False, 'recent_reactions': []}",[],
