id,Channel ID,URL,message,date,views,forwards,reactions
1230,emaillogspam,https://t.me/emaillogspam,"EMAIL SENDOUTS SERVICE ⚠️

WE SEND TO ALL EMAILS AND ANY COUNTRY (OFFICE,<PERSON>,HOTMAIL,AOL,ETC)

.100% INBOX DELIVERY (GUARANTEED)

.WE USE OUR SMTP & MAILER

.WE DO SENDOUTS FROM 10K - 100K DAILY

. WE USE ONLY THE BEST OF THE BEST SMTPS 

ALL TOOLS ARE REDAY FOR THIS SERVICES ... WE START SENDING IMMIDIATELY 

🤙🏻 CONTACT US NOW :

<PERSON>",2024-03-09T03:56:43+00:00,136.0,1.0,
1225,emaillogspam,https://t.me/emaillogspam,Yes he is good 💯,2024-03-21T07:55:39+00:00,,,
1222,emaillogspam,https://t.me/emaillogspam,Hello is this guys smtp good and works the way they say it works ?,2024-03-21T06:58:53+00:00,,,
1205,emaillogspam,https://t.me/emaillogspam,Check Inbox 📥,2024-03-09T04:22:21+00:00,,,
1203,emaillogspam,https://t.me/emaillogspam,Need bulk email send,2024-03-09T04:21:13+00:00,,,
1200,emaillogspam,https://t.me/emaillogspam,Check inbox 📥,2024-03-09T04:08:32+00:00,,,
1199,emaillogspam,https://t.me/emaillogspam,How much for 5k send out please admin @Webeyex give me a reply,2024-03-09T04:07:44+00:00,,,
