id,Channel ID,URL,message,date,views,forwards,reactions
2539,ongoing_ety_anime,https://t.me/ongoing_ety_anime,"<PERSON> 06

Episode - 06 [Shaman King Flowers] [480p][Sub]☜Click

Episode - 06 [Shaman King Flowers] [<DATE_TIME>☜Click

Episode - 06 [Shaman King Flowers] [1080p][Sub]☜Click

Next episode...",2024-02-20T12:58:57+00:00,18075.0,1.0,👍: 2
58249,ongoing_ety_anime,https://t.me/ongoing_ety_anime,"Translated from en to en: <PERSON> 06

Episode - 06 [Shaman King Flowers] [480p][Sub]☜Click

Episode - 06 [Shaman King Flowers] [<DATE_TIME>☜Click

Episode - 06 [Shaman King Flowers] [1080p][Sub]☜Click

Next episode...",2024-02-23T06:59:32+00:00,,,
54854,ongoing_ety_anime,https://t.me/ongoing_ety_anime,Hiieie,2024-02-21T14:00:27+00:00,,,
54852,ongoing_ety_anime,https://t.me/ongoing_ety_anime,Hi,2024-02-21T14:00:22+00:00,,,
54851,ongoing_ety_anime,https://t.me/ongoing_ety_anime,Wow,2024-02-21T14:00:17+00:00,,,
54850,ongoing_ety_anime,https://t.me/ongoing_ety_anime,"Translated from en to en: <PERSON> 06

Episode - 06 [Shaman King Flowers] [480p][Sub]☜Click

Episode - 06 [Shaman King Flowers] [<DATE_TIME>☜Click

Episode - 06 [Shaman King Flowers] [1080p][Sub]☜Click

Next episode...",2024-02-21T14:00:10+00:00,,,
54848,ongoing_ety_anime,https://t.me/ongoing_ety_anime,/tr,2024-02-21T14:00:04+00:00,,,
54590,ongoing_ety_anime,https://t.me/ongoing_ety_anime,"Translated from en to en: <PERSON> 06

Episode - 06 [Shaman King Flowers] [480p][Sub]☜Click

Episode - 06 [Shaman King Flowers] [<DATE_TIME>☜Click

Episode - 06 [Shaman King Flowers] [1080p][Sub]☜Click

Next episode...",2024-02-21T04:25:48+00:00,,,
54588,ongoing_ety_anime,https://t.me/ongoing_ety_anime,/tr,2024-02-21T04:25:45+00:00,,,
53391,ongoing_ety_anime,https://t.me/ongoing_ety_anime,"Translated from en to en: <PERSON> 06

Episode - 06 [Shaman King Flowers] [480p][Sub]☜Click

Episode - 06 [Shaman King Flowers] [<DATE_TIME>☜Click

Episode - 06 [Shaman King Flowers] [1080p][Sub]☜Click

Next episode...",2024-02-20T17:29:21+00:00,,,
52805,ongoing_ety_anime,https://t.me/ongoing_ety_anime,"Translated from en to en: <PERSON> 06

Episode - 06 [Shaman King Flowers] [480p][Sub]☜Click

Episode - 06 [Shaman King Flowers] [<DATE_TIME>☜Click

Episode - 06 [Shaman King Flowers] [1080p][Sub]☜Click

Next episode...",2024-02-20T15:32:11+00:00,,,
52802,ongoing_ety_anime,https://t.me/ongoing_ety_anime,/tr,2024-02-20T15:32:09+00:00,,,
52780,ongoing_ety_anime,https://t.me/ongoing_ety_anime,"Translated from en to en: <PERSON> 06

Episode - 06 [Shaman King Flowers] [480p][Sub]☜Click

Episode - 06 [Shaman King Flowers] [<DATE_TIME>☜Click

Episode - 06 [Shaman King Flowers] [1080p][Sub]☜Click

Next episode...",2024-02-20T15:26:55+00:00,,,
52684,ongoing_ety_anime,https://t.me/ongoing_ety_anime,Hehe,2024-02-20T15:18:33+00:00,,,
52573,ongoing_ety_anime,https://t.me/ongoing_ety_anime,"Translated from ja to en: Honey, stop, jealous, and translate it, no fucking bigger than you.",2024-02-20T14:38:34+00:00,,,👍: 1
52572,ongoing_ety_anime,https://t.me/ongoing_ety_anime,/tr,2024-02-20T14:38:32+00:00,,,😈: 1
52565,ongoing_ety_anime,https://t.me/ongoing_ety_anime,"Translated from en to en: <PERSON> 06

Episode - 06 [Shaman King Flowers] [480p][Sub]☜Click

Episode - 06 [Shaman King Flowers] [<DATE_TIME>☜Click

Episode - 06 [Shaman King Flowers] [1080p][Sub]☜Click

Next episode...",2024-02-20T13:58:58+00:00,,,
52187,ongoing_ety_anime,https://t.me/ongoing_ety_anime,Lol,2024-02-20T13:01:23+00:00,,,
52184,ongoing_ety_anime,https://t.me/ongoing_ety_anime,Tf,2024-02-20T13:01:08+00:00,,,
52181,ongoing_ety_anime,https://t.me/ongoing_ety_anime,"Translated from ja to en: Honey, stop, jealous, and translate it, no fucking bigger than you.",2024-02-20T13:00:59+00:00,,,
52180,ongoing_ety_anime,https://t.me/ongoing_ety_anime,/tr,2024-02-20T13:00:57+00:00,,,
52178,ongoing_ety_anime,https://t.me/ongoing_ety_anime,<PERSON>,2024-02-20T13:00:52+00:00,,,
52160,ongoing_ety_anime,https://t.me/ongoing_ety_anime,Translated from ru to en: This is the norm,2024-02-20T12:59:56+00:00,,,👍: 1
52159,ongoing_ety_anime,https://t.me/ongoing_ety_anime,/tr,2024-02-20T12:59:55+00:00,,,
52155,ongoing_ety_anime,https://t.me/ongoing_ety_anime,Translated from ru to en: This is the norm,2024-02-20T12:59:45+00:00,,,
52152,ongoing_ety_anime,https://t.me/ongoing_ety_anime,/tr,2024-02-20T12:59:44+00:00,,,
