id,Channel ID,URL,message,date,views,forwards,reactions
2591,ongoing_ety_anime,https://t.me/ongoing_ety_anime,"Demon Slayer Movie (Hashira Training Arc.)

<PERSON>█████████████
┃Demon Slayer Movie ☜𝗖𝗹𝗶𝗰𝗸
┃███████████████
Bot #1 ⬆️

┃███████████████
┃Demon Slayer Movie ☜𝗖𝗹𝗶𝗰𝗸
┃███████████████
Bot #2 ⬆️

#camRip",2024-02-24T04:14:10+00:00,15307.0,172.0,"👍: 22, ⚡: 4, ❤: 4, 🤩: 4, 🆒: 4, 😈: 3"
125909,ongoing_ety_anime,https://t.me/ongoing_ety_anime,<PERSON> I'd thi ?,2024-06-06T12:09:59+00:00,,,👍: 1
125908,ongoing_ety_anime,https://t.me/ongoing_ety_anime,<PERSON> bhai,2024-06-06T12:09:32+00:00,,,
125907,ongoing_ety_anime,https://t.me/ongoing_ety_anime,"❕Warn Event
 •  User: <PERSON>
 •  Count: 1/3
 •  Reason: watch your words",2024-06-06T12:08:36+00:00,,,
125905,ongoing_ety_anime,https://t.me/ongoing_ety_anime,/warn watch your words,2024-06-06T12:08:34+00:00,,,
120149,ongoing_ety_anime,https://t.me/ongoing_ety_anime,<PERSON> hashira arc release date,2024-05-12T03:16:45+00:00,,,
106794,ongoing_ety_anime,https://t.me/ongoing_ety_anime,"I can't restrict people here!
Make sure I'm admin and can restrict users.",2024-04-18T07:27:21+00:00,,,
106793,ongoing_ety_anime,https://t.me/ongoing_ety_anime,/ban,2024-04-18T07:27:20+00:00,,,👍: 2
106786,ongoing_ety_anime,https://t.me/ongoing_ety_anime,💀💀,2024-04-18T07:26:21+00:00,,,
106783,ongoing_ety_anime,https://t.me/ongoing_ety_anime,<PERSON> mana <PERSON> 🌝<PERSON>,2024-04-18T07:24:55+00:00,,,
106782,ongoing_ety_anime,https://t.me/ongoing_ety_anime,"Accha waise ...
<PERSON>
Thanks 


<PERSON> piyo ...
..🤡",2024-04-18T07:24:32+00:00,,,
106780,ongoing_ety_anime,https://t.me/ongoing_ety_anime,"hydrated rhe pgle
<PERSON>",2024-04-18T07:23:50+00:00,,,
106779,ongoing_ety_anime,https://t.me/ongoing_ety_anime,"Tab se <PERSON> 🤓

Time pass <PERSON><PERSON> 😞<PERSON>",2024-04-18T07:23:28+00:00,,,
106778,ongoing_ety_anime,https://t.me/ongoing_ety_anime,<PERSON> wagera peele,2024-04-18T07:22:39+00:00,,,
106776,ongoing_ety_anime,https://t.me/ongoing_ety_anime,"Ha 5-7 min tak 
<PERSON> 
Uske baad wapis jaa rha",2024-04-18T07:22:13+00:00,,,
106774,ongoing_ety_anime,https://t.me/ongoing_ety_anime,<PERSON>,2024-04-18T07:21:56+00:00,,,
106772,ongoing_ety_anime,https://t.me/ongoing_ety_anime,Good 💯,2024-04-18T07:21:39+00:00,,,👍: 1
106771,ongoing_ety_anime,https://t.me/ongoing_ety_anime,<PERSON> just <PERSON>🤧😞,2024-04-18T07:21:30+00:00,,,
106768,ongoing_ety_anime,https://t.me/ongoing_ety_anime,<PERSON>,2024-04-18T07:20:27+00:00,,,
106766,ongoing_ety_anime,https://t.me/ongoing_ety_anime,"Fr 
Weird people <PERSON>",2024-04-18T07:19:55+00:00,,,
106765,ongoing_ety_anime,https://t.me/ongoing_ety_anime,<PERSON> msg delete <PERSON>,2024-04-18T07:19:47+00:00,,,
106764,ongoing_ety_anime,https://t.me/ongoing_ety_anime,kya <PERSON>,2024-04-18T07:19:38+00:00,,,
106762,ongoing_ety_anime,https://t.me/ongoing_ety_anime,<PERSON>,2024-04-18T07:19:30+00:00,,,
106760,ongoing_ety_anime,https://t.me/ongoing_ety_anime,/bkl,2024-04-18T07:19:19+00:00,,,
95433,ongoing_ety_anime,https://t.me/ongoing_ety_anime,"I can't restrict people here!
Make sure I'm admin and can restrict users.",2024-04-06T05:43:48+00:00,,,
95432,ongoing_ety_anime,https://t.me/ongoing_ety_anime,/ban,2024-04-06T05:43:48+00:00,,,
95430,ongoing_ety_anime,https://t.me/ongoing_ety_anime,/bkl,2024-04-06T05:23:44+00:00,,,
95429,ongoing_ety_anime,https://t.me/ongoing_ety_anime,/bkl,2024-04-06T05:23:41+00:00,,,
84157,ongoing_ety_anime,https://t.me/ongoing_ety_anime,/bkl,2024-03-26T18:21:22+00:00,,,
79680,ongoing_ety_anime,https://t.me/ongoing_ety_anime,/bkl,2024-03-20T11:59:57+00:00,,,
75680,ongoing_ety_anime,https://t.me/ongoing_ety_anime,<PERSON> happy women's dayy,2024-03-08T16:31:48+00:00,,,❤: 1
75679,ongoing_ety_anime,https://t.me/ongoing_ety_anime,Nhi thik jindagi,2024-03-08T16:31:39+00:00,,,
75638,ongoing_ety_anime,https://t.me/ongoing_ety_anime,Happy Women's day qt 💅🏻🌹,2024-03-08T14:23:25+00:00,,,👍: 1
75634,ongoing_ety_anime,https://t.me/ongoing_ety_anime,"Ha shayd, tum batao",2024-03-08T14:10:14+00:00,,,
75626,ongoing_ety_anime,https://t.me/ongoing_ety_anime,Sb thik he,2024-03-08T14:07:14+00:00,,,
75621,ongoing_ety_anime,https://t.me/ongoing_ety_anime,<PERSON>,2024-03-08T13:51:00+00:00,,,
75620,ongoing_ety_anime,https://t.me/ongoing_ety_anime,Ohh,2024-03-08T13:50:42+00:00,,,
75616,ongoing_ety_anime,https://t.me/ongoing_ety_anime,Ntg sweetie,2024-03-08T13:46:54+00:00,,,
75613,ongoing_ety_anime,https://t.me/ongoing_ety_anime,Wssup,2024-03-08T13:45:53+00:00,,,
75612,ongoing_ety_anime,https://t.me/ongoing_ety_anime,,2024-03-08T13:44:09+00:00,,,
75610,ongoing_ety_anime,https://t.me/ongoing_ety_anime,<PERSON>,2024-03-08T13:43:24+00:00,,,
75609,ongoing_ety_anime,https://t.me/ongoing_ety_anime,Hello,2024-03-08T13:43:10+00:00,,,
75605,ongoing_ety_anime,https://t.me/ongoing_ety_anime,Huh,2024-03-08T13:32:25+00:00,,,
75604,ongoing_ety_anime,https://t.me/ongoing_ety_anime,/bkl,2024-03-08T13:15:42+00:00,,,
74107,ongoing_ety_anime,https://t.me/ongoing_ety_anime,"Wtf is this
Cinema leaking 😒",2024-03-04T18:09:35+00:00,,,
73758,ongoing_ety_anime,https://t.me/ongoing_ety_anime,/bkl,2024-03-03T15:22:38+00:00,,,
73757,ongoing_ety_anime,https://t.me/ongoing_ety_anime,/bkl,2024-03-03T15:22:36+00:00,,,
72601,ongoing_ety_anime,https://t.me/ongoing_ety_anime,/bkl,2024-03-02T13:07:51+00:00,,,
72021,ongoing_ety_anime,https://t.me/ongoing_ety_anime,Link pls,2024-03-02T01:52:44+00:00,,,
72020,ongoing_ety_anime,https://t.me/ongoing_ety_anime,/bkl,2024-03-02T01:51:53+00:00,,,
72019,ongoing_ety_anime,https://t.me/ongoing_ety_anime,/bkl,2024-03-02T01:51:48+00:00,,,
70534,ongoing_ety_anime,https://t.me/ongoing_ety_anime,/bkl,2024-02-29T15:47:58+00:00,,,👍: 1
64366,ongoing_ety_anime,https://t.me/ongoing_ety_anime,<PERSON>,2024-02-26T17:47:51+00:00,,,
64365,ongoing_ety_anime,https://t.me/ongoing_ety_anime,/bkl,2024-02-26T17:47:42+00:00,,,
62415,ongoing_ety_anime,https://t.me/ongoing_ety_anime,Huehue,2024-02-26T10:30:46+00:00,,,❤: 1
62413,ongoing_ety_anime,https://t.me/ongoing_ety_anime,Lol 😂,2024-02-26T10:30:04+00:00,,,
62412,ongoing_ety_anime,https://t.me/ongoing_ety_anime,Yosss 😍,2024-02-26T10:29:56+00:00,,,
62411,ongoing_ety_anime,https://t.me/ongoing_ety_anime,<PERSON> ?,2024-02-26T10:29:29+00:00,,,
62410,ongoing_ety_anime,https://t.me/ongoing_ety_anime,<PERSON> editing sikha doge??,2024-02-26T10:20:11+00:00,,,
62407,ongoing_ety_anime,https://t.me/ongoing_ety_anime,/bkl,2024-02-26T09:43:13+00:00,,,
62386,ongoing_ety_anime,https://t.me/ongoing_ety_anime,/bkl,2024-02-26T07:35:27+00:00,,,
62385,ongoing_ety_anime,https://t.me/ongoing_ety_anime,/bkl,2024-02-26T07:35:21+00:00,,,
62384,ongoing_ety_anime,https://t.me/ongoing_ety_anime,I need plz send me,2024-02-26T07:32:33+00:00,,,
62358,ongoing_ety_anime,https://t.me/ongoing_ety_anime,Lol,2024-02-26T05:21:47+00:00,,,
62352,ongoing_ety_anime,https://t.me/ongoing_ety_anime,Control bhaii,2024-02-26T04:57:00+00:00,,,
62351,ongoing_ety_anime,https://t.me/ongoing_ety_anime,/bkl,2024-02-26T04:51:50+00:00,,,
61921,ongoing_ety_anime,https://t.me/ongoing_ety_anime,,2024-02-25T14:45:43+00:00,,,❤: 5
61829,ongoing_ety_anime,https://t.me/ongoing_ety_anime,/bkl,2024-02-25T08:10:20+00:00,,,
61815,ongoing_ety_anime,https://t.me/ongoing_ety_anime,From where to get a link 🖇️?,2024-02-25T04:39:16+00:00,,,
60037,ongoing_ety_anime,https://t.me/ongoing_ety_anime,Ok,2024-02-24T16:03:21+00:00,,,
59984,ongoing_ety_anime,https://t.me/ongoing_ety_anime,Isekai anime,2024-02-24T15:50:45+00:00,,,
59982,ongoing_ety_anime,https://t.me/ongoing_ety_anime,Anime to watch,2024-02-24T15:48:49+00:00,,,
59981,ongoing_ety_anime,https://t.me/ongoing_ety_anime,If u want it,2024-02-24T15:47:39+00:00,,,👍: 1
59980,ongoing_ety_anime,https://t.me/ongoing_ety_anime,Guys just dm me,2024-02-24T15:47:36+00:00,,,
59978,ongoing_ety_anime,https://t.me/ongoing_ety_anime,So I have helping them so that they can have access to it,2024-02-24T15:46:54+00:00,,,
59976,ongoing_ety_anime,https://t.me/ongoing_ety_anime,They want to download leaked version,2024-02-24T15:46:43+00:00,,,
59975,ongoing_ety_anime,https://t.me/ongoing_ety_anime,Am not bro,2024-02-24T15:46:36+00:00,,,
59970,ongoing_ety_anime,https://t.me/ongoing_ety_anime,/bkl,2024-02-24T15:46:13+00:00,,,
59969,ongoing_ety_anime,https://t.me/ongoing_ety_anime,Bro I didnt send harmful link,2024-02-24T15:46:10+00:00,,,
59966,ongoing_ety_anime,https://t.me/ongoing_ety_anime,/bkl,2024-02-24T15:45:56+00:00,,,
59964,ongoing_ety_anime,https://t.me/ongoing_ety_anime,Warn removed by Karannn.,2024-02-24T15:45:46+00:00,,,
59963,ongoing_ety_anime,https://t.me/ongoing_ety_anime,"I can't restrict people here!
Make sure I'm admin and can restrict users.",2024-02-24T15:45:46+00:00,,,
59960,ongoing_ety_anime,https://t.me/ongoing_ety_anime,See the link,2024-02-24T15:45:34+00:00,,,
59952,ongoing_ety_anime,https://t.me/ongoing_ety_anime,Ok see the link guys,2024-02-24T15:44:35+00:00,,,
59951,ongoing_ety_anime,https://t.me/ongoing_ety_anime,.,2024-02-24T15:44:18+00:00,,,
59936,ongoing_ety_anime,https://t.me/ongoing_ety_anime,Just message me,2024-02-24T15:42:48+00:00,,,
59935,ongoing_ety_anime,https://t.me/ongoing_ety_anime,Where u can download it,2024-02-24T15:42:45+00:00,,,
59934,ongoing_ety_anime,https://t.me/ongoing_ety_anime,I can give u link,2024-02-24T15:42:38+00:00,,,
59933,ongoing_ety_anime,https://t.me/ongoing_ety_anime,,2024-02-24T15:42:36+00:00,,,
59932,ongoing_ety_anime,https://t.me/ongoing_ety_anime,,2024-02-24T15:42:36+00:00,,,
59931,ongoing_ety_anime,https://t.me/ongoing_ety_anime,U guys asking for leaked,2024-02-24T15:42:08+00:00,,,
59707,ongoing_ety_anime,https://t.me/ongoing_ety_anime,Climax will come after this arc,2024-02-24T12:47:35+00:00,,,
59699,ongoing_ety_anime,https://t.me/ongoing_ety_anime,"𝙕𝙚𝙣𝙞𝙩𝙨𝙪 is no longer AFK!
Time you were AFK for: 59s",2024-02-24T12:19:16+00:00,,,
59698,ongoing_ety_anime,https://t.me/ongoing_ety_anime,<NRP>,2024-02-24T12:19:14+00:00,,,
59697,ongoing_ety_anime,https://t.me/ongoing_ety_anime,But arc not worth it to go watch in theatre,2024-02-24T12:17:41+00:00,,,👍: 1
59696,ongoing_ety_anime,https://t.me/ongoing_ety_anime,<DATE_TIME> hopefully,2024-02-24T12:17:22+00:00,,,👍: 2
59398,ongoing_ety_anime,https://t.me/ongoing_ety_anime,When will hd released?,2024-02-24T10:01:36+00:00,,,
59397,ongoing_ety_anime,https://t.me/ongoing_ety_anime,Where,2024-02-24T09:57:30+00:00,,,
59396,ongoing_ety_anime,https://t.me/ongoing_ety_anime,<PERSON> 59 ka reacharge kar ka 3.55 gb vala kya to PTA <PERSON>😭,2024-02-24T09:45:43+00:00,,,"🤣: 5, 😁: 1"
59385,ongoing_ety_anime,https://t.me/ongoing_ety_anime,Lol watched the leaked since <DATE_TIME>,2024-02-24T08:17:13+00:00,,,
59361,ongoing_ety_anime,https://t.me/ongoing_ety_anime,<DATE_TIME>*,2024-02-24T06:27:18+00:00,,,
59360,ongoing_ety_anime,https://t.me/ongoing_ety_anime,Bro real one 31st par release hoga,2024-02-24T06:26:17+00:00,,,
59358,ongoing_ety_anime,https://t.me/ongoing_ety_anime,Tumhare paass,2024-02-24T06:23:00+00:00,,,
59357,ongoing_ety_anime,https://t.me/ongoing_ety_anime,<PERSON> print <PERSON> aaygi,2024-02-24T06:22:58+00:00,,,
59338,ongoing_ety_anime,https://t.me/ongoing_ety_anime,🤡,2024-02-24T05:33:29+00:00,,,
59337,ongoing_ety_anime,https://t.me/ongoing_ety_anime,NY <PERSON> bhai <PERSON> he,2024-02-24T05:33:07+00:00,,,🤣: 2
59335,ongoing_ety_anime,https://t.me/ongoing_ety_anime,🤡,2024-02-24T05:30:52+00:00,,,
59330,ongoing_ety_anime,https://t.me/ongoing_ety_anime,<PERSON>🤡 bhai,2024-02-24T05:27:44+00:00,,,👍: 1
59326,ongoing_ety_anime,https://t.me/ongoing_ety_anime,Bhai ye hall printed v <PERSON> mobile pe record <PERSON>,2024-02-24T05:26:11+00:00,,,
59313,ongoing_ety_anime,https://t.me/ongoing_ety_anime,<PERSON>,2024-02-24T04:44:50+00:00,,,
59311,ongoing_ety_anime,https://t.me/ongoing_ety_anime,K,2024-02-24T04:43:57+00:00,,,
59309,ongoing_ety_anime,https://t.me/ongoing_ety_anime,This is theatre print,2024-02-24T04:43:04+00:00,,,
59305,ongoing_ety_anime,https://t.me/ongoing_ety_anime,💀,2024-02-24T04:27:11+00:00,,,
