id,Channel ID,URL,message,date,views,forwards,reactions
2619,ongoing_ety_anime,https://t.me/ongoing_ety_anime,"One Piece Episode 1095

┃███████████████
┃One Piece E1095 [Sub]☜𝗖𝗹𝗶𝗰𝗸
┃███████████████
Bot #3 ⬆️

┃███████████████
┃One Piece E1095 [Sub]☜𝗖𝗹𝗶𝗰𝗸
┃███████████████
Bot #2 ⬆️

Next Episode...",2024-02-25T04:20:55+00:00,20262.0,12.0,"👍: 10, ❤: 5"
61819,ongoing_ety_anime,https://t.me/ongoing_ety_anime,Please upload ninja kamui,2024-02-25T05:35:25+00:00,,,
61818,ongoing_ety_anime,https://t.me/ongoing_ety_anime,<PERSON>,2024-02-25T05:14:13+00:00,,,
61781,ongoing_ety_anime,https://t.me/ongoing_ety_anime,Nope,2024-02-25T04:22:03+00:00,,,👍: 1
61779,ongoing_ety_anime,https://t.me/ongoing_ety_anime,Isko main gc <PERSON>?,2024-02-25T04:21:24+00:00,,,
