id,Channel ID,URL,message,date,views,forwards,reactions
2569,ongoing_ety_anime,https://t.me/ongoing_ety_anime,"<PERSON> 2 Episode 07

Episode - 07 [Urusei Yatsura] [480p][Sub]☜Click

Episode - 07 [Urusei Yatsura] [<DATE_TIME>☜Click

Episode - 07 [Urusei Yatsura] [1080p][Sub]☜Click

Next episode...",2024-02-22T19:05:09+00:00,18286.0,1.0,"👍: 2, ⚡: 1"
61730,ongoing_ety_anime,https://t.me/ongoing_ety_anime,Nice,2024-02-25T03:27:34+00:00,,,
58332,ongoing_ety_anime,https://t.me/ongoing_ety_anime,"One Piece, Solo levelling, <PERSON> 1, My Instant Death Ability is Overpowered, Classroom of the Elites, mashle and 
in manga:- Catastrophic Necromancer",2024-02-23T09:39:00+00:00,,,
58324,ongoing_ety_anime,https://t.me/ongoing_ety_anime,I'm from India and you ..,2024-02-23T09:37:09+00:00,,,
58323,ongoing_ety_anime,https://t.me/ongoing_ety_anime,Currently you are watching which anime,2024-02-23T09:36:57+00:00,,,
58322,ongoing_ety_anime,https://t.me/ongoing_ety_anime,Btw Where are you from,2024-02-23T09:36:47+00:00,,,
58321,ongoing_ety_anime,https://t.me/ongoing_ety_anime,Ok,2024-02-23T09:36:38+00:00,,,
58320,ongoing_ety_anime,https://t.me/ongoing_ety_anime,<PERSON>...ok,2024-02-23T09:36:36+00:00,,,
58319,ongoing_ety_anime,https://t.me/ongoing_ety_anime,According to my mood,2024-02-23T09:36:27+00:00,,,
58318,ongoing_ety_anime,https://t.me/ongoing_ety_anime,I don't watch isekai that much,2024-02-23T09:36:13+00:00,,,
58317,ongoing_ety_anime,https://t.me/ongoing_ety_anime,Which type of anime do you like ..?,2024-02-23T09:36:12+00:00,,,
58316,ongoing_ety_anime,https://t.me/ongoing_ety_anime,Yeah,2024-02-23T09:35:59+00:00,,,
58315,ongoing_ety_anime,https://t.me/ongoing_ety_anime,?,2024-02-23T09:35:53+00:00,,,
58314,ongoing_ety_anime,https://t.me/ongoing_ety_anime,Classroom of the Elites...,2024-02-23T09:35:51+00:00,,,
58313,ongoing_ety_anime,https://t.me/ongoing_ety_anime,No,2024-02-23T09:35:42+00:00,,,
58312,ongoing_ety_anime,https://t.me/ongoing_ety_anime,Or....When I Got <PERSON> as a Slime,2024-02-23T09:35:34+00:00,,,
58311,ongoing_ety_anime,https://t.me/ongoing_ety_anime,No,2024-02-23T09:35:33+00:00,,,
58309,ongoing_ety_anime,https://t.me/ongoing_ety_anime,Have u watched God Of Highschool,2024-02-23T09:35:23+00:00,,,
58308,ongoing_ety_anime,https://t.me/ongoing_ety_anime,<PERSON>,2024-02-23T09:35:16+00:00,,,
58307,ongoing_ety_anime,https://t.me/ongoing_ety_anime,Ok...i will try,2024-02-23T09:35:10+00:00,,,
58306,ongoing_ety_anime,https://t.me/ongoing_ety_anime,Death parade,2024-02-23T09:34:57+00:00,,,
58304,ongoing_ety_anime,https://t.me/ongoing_ety_anime,Already,2024-02-23T09:34:25+00:00,,,
58303,ongoing_ety_anime,https://t.me/ongoing_ety_anime,Watched,2024-02-23T09:34:23+00:00,,,
58302,ongoing_ety_anime,https://t.me/ongoing_ety_anime,Or monster,2024-02-23T09:34:17+00:00,,,
58301,ongoing_ety_anime,https://t.me/ongoing_ety_anime,Currently watching,2024-02-23T09:34:15+00:00,,,
58300,ongoing_ety_anime,https://t.me/ongoing_ety_anime,My Instant Death Ability is Overpowered,2024-02-23T09:34:06+00:00,,,
58299,ongoing_ety_anime,https://t.me/ongoing_ety_anime,What's this,2024-02-23T09:33:41+00:00,,,
58297,ongoing_ety_anime,https://t.me/ongoing_ety_anime,Give me some suggestions....of anime like Death Note,2024-02-23T09:33:29+00:00,,,
58296,ongoing_ety_anime,https://t.me/ongoing_ety_anime,An anime I guess,2024-02-23T09:33:28+00:00,,,
58295,ongoing_ety_anime,https://t.me/ongoing_ety_anime,What is this,2024-02-23T09:33:04+00:00,,,
58293,ongoing_ety_anime,https://t.me/ongoing_ety_anime,"<PERSON> of Binita By 1 
Total Points: 1",2024-02-23T09:32:43+00:00,,,
58292,ongoing_ety_anime,https://t.me/ongoing_ety_anime,"<PERSON> of Binita By 1 
Total Points: 1",2024-02-23T09:32:43+00:00,,,
58291,ongoing_ety_anime,https://t.me/ongoing_ety_anime,Good,2024-02-23T09:32:42+00:00,,,
58290,ongoing_ety_anime,https://t.me/ongoing_ety_anime,How is it,2024-02-23T09:32:28+00:00,,,
58289,ongoing_ety_anime,https://t.me/ongoing_ety_anime,Hm,2024-02-23T09:32:22+00:00,,,
58288,ongoing_ety_anime,https://t.me/ongoing_ety_anime,Anyone who have watched Tomodachi Game,2024-02-23T09:32:13+00:00,,,
58287,ongoing_ety_anime,https://t.me/ongoing_ety_anime,What happened,2024-02-23T09:32:11+00:00,,,
58286,ongoing_ety_anime,https://t.me/ongoing_ety_anime,Hello,2024-02-23T09:31:57+00:00,,,
58278,ongoing_ety_anime,https://t.me/ongoing_ety_anime,https://t.me/Tgbotsponsor_bot?start=<US_PASSPORT>,2024-02-23T08:44:44+00:00,,,
57493,ongoing_ety_anime,https://t.me/ongoing_ety_anime,Lol 😂,2024-02-22T19:10:00+00:00,,,
57492,ongoing_ety_anime,https://t.me/ongoing_ety_anime,<PERSON>,2024-02-22T19:09:51+00:00,,,👍: 1
57487,ongoing_ety_anime,https://t.me/ongoing_ety_anime,🙂,2024-02-22T19:09:13+00:00,,,
57486,ongoing_ety_anime,https://t.me/ongoing_ety_anime,In theatre 😗👍🏻,2024-02-22T19:08:48+00:00,,,
57484,ongoing_ety_anime,https://t.me/ongoing_ety_anime,But <DATE_TIME> was release date.. 🌚,2024-02-22T19:08:31+00:00,,,
57483,ongoing_ety_anime,https://t.me/ongoing_ety_anime,Maybe <DATE_TIME>,2024-02-22T19:06:56+00:00,,,👍: 1
57482,ongoing_ety_anime,https://t.me/ongoing_ety_anime,When will demon slayer movie be available...?,2024-02-22T19:05:41+00:00,,,
