id,Channel ID,URL,message,date,views,forwards,reactions
2527,ongoing_ety_anime,https://t.me/ongoing_ety_anime,"The Seven Deadly Sins: Four Knights of the Apocalypse
 Season 01

Episode - 18 [ Four Knights of The Apocalypse ] [480p][Sub]☜Click

Episode - 18 [ Four Knights of The Apocalypse ] [720p][Sub]☜Click

Episode - 18 [ Four Knights of The Apocalypse ] [1080p][Sub]☜Click

Next episode...",2024-02-19T17:07:49+00:00,15848.0,11.0,"👍: 6, ❤: 2, 🔥: 2"
51331,ongoing_ety_anime,https://t.me/ongoing_ety_anime,Please allow Saving restrictions I can’t save in iPhone to VLC,2024-02-20T08:03:46+00:00,,,
49052,ongoing_ety_anime,https://t.me/ongoing_ety_anime,Thank you for this great anime,2024-02-19T17:36:21+00:00,,,
