id,Channel ID,URL,message,date,views,forwards,reactions
2506,ongoing_ety_anime,https://t.me/ongoing_ety_anime,"<PERSON>

Episode - 02 [<PERSON>] [480p][Sub]☜Click

Episode - 02 [Ninja Kamui] [<DATE_TIME>☜Click

Episode - 02 [<PERSON>] [1080p][Sub]☜Click

Next episode...",2024-02-18T11:39:13+00:00,19896.0,15.0,"👍: 6, ❤: 3, 🔥: 2, ⚡: 1"
118872,ongoing_ety_anime,https://t.me/ongoing_ety_anime,Hey pls where is season 1,2024-05-08T14:14:17+00:00,,,
82609,ongoing_ety_anime,https://t.me/ongoing_ety_anime,What about episode 3?,2024-03-24T23:45:04+00:00,,,
80279,ongoing_ety_anime,https://t.me/ongoing_ety_anime,Have seen it tho buh wat if the rest,2024-03-21T00:50:51+00:00,,,
80278,ongoing_ety_anime,https://t.me/ongoing_ety_anime,We will upload soon,2024-03-21T00:39:38+00:00,,,
80277,ongoing_ety_anime,https://t.me/ongoing_ety_anime,Where's episode one,2024-03-20T23:46:03+00:00,,,
76082,ongoing_ety_anime,https://t.me/ongoing_ety_anime,"Hi, where are the others chaps of this one? Thanks",2024-03-10T13:27:27+00:00,,,
