id,Channel ID,URL,message,date,views,forwards,reactions
2561,ongoing_ety_anime,https://t.me/ongoing_ety_anime,"My Instant Death Ability Episode 08

Episode - 08 [Death Ability] [480p][Sub]☜Click

Episode - 08 [Death Ability] [<DATE_TIME>☜Click

Episode - 08 [Death Ability] [1080p][Sub]☜Click

Next episode...",2024-02-22T17:19:06+00:00,15833.0,3.0,
58207,ongoing_ety_anime,https://t.me/ongoing_ety_anime,Activate it on your bot 2.,2024-02-23T04:58:04+00:00,,,
56920,ongoing_ety_anime,https://t.me/ongoing_ety_anime,Seggsy,2024-02-22T17:27:15+00:00,,,
