id,Channel ID,URL,message,date,views,forwards,reactions
2615,ongoing_ety_anime,https://t.me/ongoing_ety_anime,"Blue Exorcist Season 3 Episode 08

Episode - 08 [Blue Exorcist] [480p][Sub]☜Click

Episode - 08 [Blue Exorcist] [720p][Sub]☜Click

Episode - 08 [Blue Exorcist] [1080p][Sub]☜Click

Next episode...",2024-02-25T03:06:08+00:00,19117.0,1.0,👍: 3
61729,ongoing_ety_anime,https://t.me/ongoing_ety_anime,Is blue exorcist worth watching?,2024-02-25T03:09:30+00:00,,,
61728,ongoing_ety_anime,https://t.me/ongoing_ety_anime,"Karannn is no longer AFK!
Time you were AFK for: 8h:36m:55s",2024-02-25T03:09:22+00:00,,,
61727,ongoing_ety_anime,https://t.me/ongoing_ety_anime,Welcome back Karannn! I hope you bought pizza for us!,2024-02-25T03:09:22+00:00,,,
61725,ongoing_ety_anime,https://t.me/ongoing_ety_anime,Where is One piece  1095.....?,2024-02-25T03:06:39+00:00,,,
