id,Channel ID,URL,message,date,views,forwards,reactions
2639,ongoing_ety_anime,https://t.me/ongoing_ety_anime,"Paradox Live -THE ANIMATION 

Episode - 12 [ Paradox Live -THE ANIMATION ] [480p][Sub]☜Click

Episode - 12 [Paradox Live -THE ANIMATION ] [<DATE_TIME>☜Click

Episode - 12 [ Paradox Live -THE ANIMATION ] [1080p][Sub]☜Click

Last episode...",2024-02-26T14:55:28+00:00,16816.0,2.0,"👍: 1, 👾: 1"
63755,ongoing_ety_anime,https://t.me/ongoing_ety_anime,Ohh okay,2024-02-26T17:21:32+00:00,,,
63747,ongoing_ety_anime,https://t.me/ongoing_ety_anime,"Hey not u 
The person u replied",2024-02-26T17:21:09+00:00,,,
63219,ongoing_ety_anime,https://t.me/ongoing_ety_anime,😂😂,2024-02-26T16:58:23+00:00,,,
63216,ongoing_ety_anime,https://t.me/ongoing_ety_anime,Me,2024-02-26T16:58:13+00:00,,,
62997,ongoing_ety_anime,https://t.me/ongoing_ety_anime,Huh,2024-02-26T16:42:49+00:00,,,
62979,ongoing_ety_anime,https://t.me/ongoing_ety_anime,"I am also
Admin",2024-02-26T16:39:16+00:00,,,
62970,ongoing_ety_anime,https://t.me/ongoing_ety_anime,Who r u?,2024-02-26T16:35:00+00:00,,,
62967,ongoing_ety_anime,https://t.me/ongoing_ety_anime,Who is this,2024-02-26T16:34:48+00:00,,,
62755,ongoing_ety_anime,https://t.me/ongoing_ety_anime,Great!!,2024-02-26T15:01:49+00:00,,,
62752,ongoing_ety_anime,https://t.me/ongoing_ety_anime,I am excited to catch up on the last episode of Paradox Live -THE ANIMATION in high quality!,2024-02-26T14:55:43+00:00,,,
