Channel ID,URL,Post ID,date,message,out,mentioned,media_unread,silent,post,from_scheduled,legacy,edit_hide,pinned,noforwards,peer_channel,from_id_user,fwd_from,via_bot_id,reply_to_msg_id,reply_to_scheduled,forum_topic,media_photo_id,reply_markup,views,forwards,replies,edit_date,post_author,grouped_id,reactions,restriction_reason,ttl_period
accountsworldshop,https://t.me/accountsworldshop,646,2024-02-22 18:47:05,"Microsoft Office <DATE_TIME> Professional Plus Private Key - 2PC - LIFETIME - WINDOWS - Key - GLOBAL

ACTIVATION DONE SUCCESSFULLY ✅

@PS4GUY7",False,False,False,False,True,False,False,True,False,False,1456724077,,,,,,,6.248877240871928e+18,,198.0,0.0,,2024-02-22T18:47:57+00:00,,,"{'_': 'MessageReactions', 'results': [{'_': 'ReactionCount', 'reaction': {'_': 'ReactionEmoji', 'emoticon': '🔥'}, 'count': 1, 'chosen_order': None}], 'min': False, 'can_see_list': False, 'reactions_as_tags': False, 'recent_reactions': []}",[],
accountsworldshop,https://t.me/accountsworldshop,647,2024-02-23 18:09:15,"ONE MORE BUSINESS PREMIUM 1 YEAR ACTIVATION DONE SUCCESSFULLY ✅

@PS4GUY7",False,False,False,False,True,False,False,False,False,False,1456724077,,,,,,,6.253380840499297e+18,,188.0,0.0,,2024-02-23T18:09:31+00:00,,,"{'_': 'MessageReactions', 'results': [{'_': 'ReactionCount', 'reaction': {'_': 'ReactionEmoji', 'emoticon': '🔥'}, 'count': 1, 'chosen_order': None}], 'min': False, 'can_see_list': False, 'reactions_as_tags': False, 'recent_reactions': []}",[],
accountsworldshop,https://t.me/accountsworldshop,648,2024-02-23 18:11:52,"✅ PRICE DROP ✅

*🔰LINKEDIN PREMIUM🔰*

*👉BUSINESS PREMIUM PLAN*
👉 12 MONTHS @60$

*Benefits 👇*

*◼️unlimited access to linkedin learning( business plan )*
*◼️Private Browsing*
*◼️Applicant Insights*
*◼️Direct Messaging*
*◼️Who Viewed Ur profile*
*◼️Advanced Search*
*◼️Inmail Credits*
*◼️Smart Suggestions*
*◼️And a Lot More.....*

*⚠️ <PERSON>️*

5 LINKS AVAILABLE ONLY

Dm:- @ps4guy7",False,False,False,False,True,False,False,False,False,False,1456724077,,,,,,,6.253380840499297e+18,,301.0,10.0,,2024-02-26T09:17:21+00:00,,,"{'_': 'MessageReactions', 'results': [{'_': 'ReactionCount', 'reaction': {'_': 'ReactionEmoji', 'emoticon': '❤'}, 'count': 1, 'chosen_order': None}], 'min': False, 'can_see_list': False, 'reactions_as_tags': False, 'recent_reactions': []}",[],
accountsworldshop,https://t.me/accountsworldshop,649,2024-02-23 18:48:36,2 LEFTS ONLY 😭,False,False,False,False,True,False,False,False,False,False,1456724077,,,,648.0,False,False,,,218.0,1.0,,,,,,[],
accountsworldshop,https://t.me/accountsworldshop,650,2024-02-24 11:27:25,SOLD OUT 😬,False,False,False,False,True,False,False,True,False,False,1456724077,,,,648.0,False,False,,,193.0,0.0,,2024-02-24T11:27:33+00:00,,,"{'_': 'MessageReactions', 'results': [{'_': 'ReactionCount', 'reaction': {'_': 'ReactionEmoji', 'emoticon': '🤯'}, 'count': 1, 'chosen_order': None}], 'min': False, 'can_see_list': False, 'reactions_as_tags': False, 'recent_reactions': []}",[],
accountsworldshop,https://t.me/accountsworldshop,651,2024-02-26 09:17:27,"✅ PRICE DROP ✅

*🔰LINKEDIN PREMIUM🔰*

*👉BUSINESS PREMIUM PLAN*
👉 12 MONTHS @60$

*Benefits 👇*

*◼️unlimited access to linkedin learning( business plan )*
*◼️Private Browsing*
*◼️Applicant Insights*
*◼️Direct Messaging*
*◼️Who Viewed Ur profile*
*◼️Advanced Search*
*◼️Inmail Credits*
*◼️Smart Suggestions*
*◼️And a Lot More.....*

*⚠️ <PERSON>️*

5 LINKS AVAILABLE ONLY

Dm:- @ps4guy7",False,False,False,False,True,False,False,True,False,False,1456724077,,"{'_': 'MessageFwdHeader', 'date': '2024-02-23T18:11:52+00:00', 'imported': False, 'saved_out': False, 'from_id': {'_': 'PeerChannel', 'channel_id': 1456724077}, 'from_name': None, 'channel_post': 648, 'post_author': None, 'saved_from_peer': None, 'saved_from_msg_id': None, 'saved_from_id': None, 'saved_from_name': None, 'saved_date': None, 'psa_type': None}",,,,,6.253380840499297e+18,,85.0,6.0,,2024-02-26T09:17:35+00:00,,,"{'_': 'MessageReactions', 'results': [{'_': 'ReactionCount', 'reaction': {'_': 'ReactionEmoji', 'emoticon': '🔥'}, 'count': 2, 'chosen_order': None}], 'min': False, 'can_see_list': False, 'reactions_as_tags': False, 'recent_reactions': []}",[],
accountsworldshop,https://t.me/accountsworldshop,652,2024-02-26 10:21:44,4 AVAILABLE ✨,False,False,False,False,True,False,False,False,False,False,1456724077,,,,651.0,False,False,,,159.0,0.0,,,,,,[],
accountsworldshop,https://t.me/accountsworldshop,653,2024-02-26 13:11:56,"Last 3 available limited stock DM fast

@ps4guy7",False,False,False,False,True,False,False,False,False,False,1456724077,,,,652.0,False,False,,,159.0,0.0,,,,,,[],
accountsworldshop,https://t.me/accountsworldshop,654,2024-02-27 10:27:33,LAST 1 LEFT🙄,False,False,False,False,True,False,False,False,False,False,1456724077,,,,653.0,False,False,,,136.0,0.0,,,,,,[],
accountsworldshop,https://t.me/accountsworldshop,655,2024-02-27 17:29:55,Sold <NRP>,False,False,False,False,True,False,False,False,False,False,1456724077,,,,651.0,False,False,,,121.0,0.0,,,,,,[],
accountsworldshop,https://t.me/accountsworldshop,657,2024-02-27 17:41:53,,False,False,False,False,True,False,False,False,False,False,1456724077,,,,,,,6.264812793605765e+18,,118.0,0.0,,,,1.3672445708979876e+16,,[],
accountsworldshop,https://t.me/accountsworldshop,658,2024-02-27 17:41:53,,False,False,False,False,True,False,False,False,False,False,1456724077,,,,,,,6.264812793605765e+18,,121.0,0.0,,,,1.3672445708979876e+16,,[],
accountsworldshop,https://t.me/accountsworldshop,659,2024-02-27 17:41:53,"ALL ACTIVATION DONE SUCCESSFULLY ✅
@PS4GUY7",False,False,False,False,True,False,False,False,False,False,1456724077,,,,,,,6.264812793605765e+18,,121.0,0.0,,,,1.3672445708979876e+16,,[],
accountsworldshop,https://t.me/accountsworldshop,660,2024-02-28 09:06:19,"✅ PRICE DROP ✅

*🔰LINKEDIN PREMIUM🔰*

*👉BUSINESS PREMIUM PLAN*
👉 12 MONTHS @60$

*Benefits 👇*

*◼️unlimited access to linkedin learning( business plan )*
*◼️Private Browsing*
*◼️Applicant Insights*
*◼️Direct Messaging*
*◼️Who Viewed Ur profile*
*◼️Advanced Search*
*◼️Inmail Credits*
*◼️Smart Suggestions*
*◼️And a Lot More.....*

*⚠️ <PERSON>️*

5 LINKS AVAILABLE ONLY

Dm:- @ps4guy7",False,False,False,False,True,False,False,True,False,False,1456724077,,"{'_': 'MessageFwdHeader', 'date': '2024-02-23T18:11:52+00:00', 'imported': False, 'saved_out': False, 'from_id': {'_': 'PeerChannel', 'channel_id': 1456724077}, 'from_name': None, 'channel_post': 648, 'post_author': None, 'saved_from_peer': None, 'saved_from_msg_id': None, 'saved_from_id': None, 'saved_from_name': None, 'saved_date': None, 'psa_type': None}",,,,,6.253380840499297e+18,,50.0,1.0,,2024-02-28T09:06:26+00:00,,,"{'_': 'MessageReactions', 'results': [{'_': 'ReactionCount', 'reaction': {'_': 'ReactionEmoji', 'emoticon': '👍'}, 'count': 2, 'chosen_order': None}, {'_': 'ReactionCount', 'reaction': {'_': 'ReactionEmoji', 'emoticon': '🔥'}, 'count': 1, 'chosen_order': None}], 'min': False, 'can_see_list': False, 'reactions_as_tags': False, 'recent_reactions': []}",[],
accountsworldshop,https://t.me/accountsworldshop,661,2024-02-28 11:34:54,3 AVAILABLE FOR TODAY,False,False,False,False,True,False,False,False,False,False,1456724077,,,,660.0,False,False,,,105.0,0.0,,,,,,[],
accountsworldshop,https://t.me/accountsworldshop,662,2024-02-28 11:59:40,"LinkedIn Business Premium (any user) (<DATE_TIME>) : 65$

LinkedIn Business Premium (any user) (<DATE_TIME>) : 40$

LinkedIn Business Premium (New user) (<DATE_TIME>) : 10$ (BULK BUYERS OFFER)

YouTube Premium (own id) <DATE_TIME> : 18$

Canva Pro (<DATE_TIME>) : 20$

Couresera Premium Upgrade <DATE_TIME> : 40$ 

Adobe ALL apps Upgrade (<DATE_TIME>) : 13$

@ps4guy7",False,False,False,False,True,False,False,True,False,False,1456724077,,,,,,,,,114.0,5.0,,2024-02-28T11:59:48+00:00,,,"{'_': 'MessageReactions', 'results': [{'_': 'ReactionCount', 'reaction': {'_': 'ReactionEmoji', 'emoticon': '❤'}, 'count': 2, 'chosen_order': None}], 'min': False, 'can_see_list': False, 'reactions_as_tags': False, 'recent_reactions': []}",[],
accountsworldshop,https://t.me/accountsworldshop,663,2024-02-29 17:40:03,"<DATE_TIME> BUSINESS PREMIUM ACTIVATION DONE ✅

@PS4GUY7",False,False,False,False,True,False,False,True,False,False,1456724077,,,,,,,6.271745119929613e+18,,83.0,0.0,,2024-02-29T17:40:39+00:00,,,"{'_': 'MessageReactions', 'results': [{'_': 'ReactionCount', 'reaction': {'_': 'ReactionEmoji', 'emoticon': '🔥'}, 'count': 2, 'chosen_order': None}, {'_': 'ReactionCount', 'reaction': {'_': 'ReactionEmoji', 'emoticon': '❤'}, 'count': 1, 'chosen_order': None}], 'min': False, 'can_see_list': False, 'reactions_as_tags': False, 'recent_reactions': []}",[],
accountsworldshop,https://t.me/accountsworldshop,664,2024-02-29 17:59:21,LAST 2 AVAILABLE 1 YEAR BUSINESS PREMIUM NEXT STOCK WILL TAKES TIME TO COME SO TAKE UR BUSINESS PREMIUM NOW🫡,False,False,False,False,True,False,False,False,False,False,1456724077,,,,662.0,False,False,,,78.0,0.0,,,,,,[],
accountsworldshop,https://t.me/accountsworldshop,665,2024-03-01 13:47:17,SOLD OUT 🫡,False,False,False,False,True,False,False,False,False,False,1456724077,,,,664.0,False,False,,,48.0,0.0,,,,,,[],
accountsworldshop,https://t.me/accountsworldshop,673,2024-03-06 19:27:10,,False,False,False,True,True,,False,,,,1456724077,,,,670.0,False,False,,,,,,,,,,,
accountsworldshop,https://t.me/accountsworldshop,674,2024-03-07 04:46:38,SOLD OUT 🫡,False,False,False,False,True,False,False,False,False,False,1456724077,,,,670.0,False,False,,,123.0,0.0,,,,,,[],
accountsworldshop,https://t.me/accountsworldshop,675,2024-03-07 07:04:13,BUSINESS PREMIUM 1 YEAR BULK ACTIVATION DONE ✅,False,False,False,False,True,False,False,True,False,False,1456724077,,,,,,,6.29185468938543e+18,,142.0,0.0,,2024-03-07T09:47:00+00:00,,,"{'_': 'MessageReactions', 'results': [{'_': 'ReactionCount', 'reaction': {'_': 'ReactionEmoji', 'emoticon': '🔥'}, 'count': 1, 'chosen_order': None}], 'min': False, 'can_see_list': False, 'reactions_as_tags': False, 'recent_reactions': []}",[],
accountsworldshop,https://t.me/accountsworldshop,676,2024-03-07 11:06:31,"12 MONTHS LINKEDIN BUSINESS PREMIUM 

➡️Instant Redeem Link 3 In Stock 

70$/- Each 

Ib :- @ps4guy7",False,False,False,False,True,False,False,True,False,False,1456724077,,,,,,,,,143.0,3.0,,2024-03-07T11:06:36+00:00,,,"{'_': 'MessageReactions', 'results': [{'_': 'ReactionCount', 'reaction': {'_': 'ReactionEmoji', 'emoticon': '👍'}, 'count': 1, 'chosen_order': None}], 'min': False, 'can_see_list': False, 'reactions_as_tags': False, 'recent_reactions': []}",[],
accountsworldshop,https://t.me/accountsworldshop,677,2024-03-07 18:58:17,SOLD OUT 🫡,False,False,False,False,True,False,False,False,False,False,1456724077,,,,676.0,False,False,,,132.0,0.0,,,,,,[],
accountsworldshop,https://t.me/accountsworldshop,678,2024-03-08 14:22:18,"2 BUSINESS PREMIUM 1 YEAR ACTIVATION DONE SUCCESSFULLY ✅

@PS4GUY7",False,False,False,False,True,False,False,True,False,False,1456724077,,,,,,,6.294106489199115e+18,,126.0,0.0,,2024-03-08T17:45:01+00:00,,,"{'_': 'MessageReactions', 'results': [{'_': 'ReactionCount', 'reaction': {'_': 'ReactionEmoji', 'emoticon': '❤'}, 'count': 1, 'chosen_order': None}], 'min': False, 'can_see_list': False, 'reactions_as_tags': False, 'recent_reactions': []}",[],
accountsworldshop,https://t.me/accountsworldshop,679,2024-03-08 17:45:16,"12 MONTHS LINKEDIN BUSINESS PREMIUM 

➡️Instant Redeem Link 5 In Stock 

66$/- Each 

Ib :- @ps4guy7",False,False,False,False,True,False,False,False,False,False,1456724077,,,,,,,,,139.0,4.0,,2024-03-10T15:18:39+00:00,,,,[],
accountsworldshop,https://t.me/accountsworldshop,680,2024-03-08 18:32:37,1 available now 😐,False,False,False,False,True,False,False,False,False,False,1456724077,,,,679.0,False,False,,,120.0,0.0,,,,,,[],
accountsworldshop,https://t.me/accountsworldshop,681,2024-03-09 01:20:41,"Amazon Canada <DATE_TIME>🇦

Apple 2023 MacBook Pro Laptop M3 chip with 8‑core CPU, 10‑core GPU: 14.2-inch Liquid Retina XDR Display, 8GB Unified Memory, 512GB SSD Storage. Works with iPhone/iPad; Silver, English + Apple AirPods (3rd Generation) with Lightning Charging Case worth $2604 Refund completed ✔️

Dm for guide if you want any expensive electronic and clothes items

Submit your orders now 
@PS4GUY7 ✔️",False,False,False,False,True,False,False,True,False,False,1456724077,,"{'_': 'MessageFwdHeader', 'date': '2024-03-08T18:01:41+00:00', 'imported': False, 'saved_out': False, 'from_id': {'_': 'PeerChannel', 'channel_id': 1880344406}, 'from_name': None, 'channel_post': 55, 'post_author': None, 'saved_from_peer': None, 'saved_from_msg_id': None, 'saved_from_id': None, 'saved_from_name': None, 'saved_date': None, 'psa_type': None}",,,,,6.294031091048235e+18,,121.0,0.0,,2024-03-09T04:57:53+00:00,,,"{'_': 'MessageReactions', 'results': [{'_': 'ReactionCount', 'reaction': {'_': 'ReactionEmoji', 'emoticon': '🔥'}, 'count': 1, 'chosen_order': None}], 'min': False, 'can_see_list': False, 'reactions_as_tags': False, 'recent_reactions': []}",[],
accountsworldshop,https://t.me/accountsworldshop,682,2024-03-10 15:18:45,"12 MONTHS LINKEDIN BUSINESS PREMIUM 

➡️Instant Redeem Link 5 In Stock 

66$/- Each 

Ib :- @ps4guy7",False,False,False,False,True,False,False,False,False,False,1456724077,,"{'_': 'MessageFwdHeader', 'date': '2024-03-08T17:45:16+00:00', 'imported': False, 'saved_out': False, 'from_id': {'_': 'PeerChannel', 'channel_id': 1456724077}, 'from_name': None, 'channel_post': 679, 'post_author': None, 'saved_from_peer': None, 'saved_from_msg_id': None, 'saved_from_id': None, 'saved_from_name': None, 'saved_date': None, 'psa_type': None}",,,,,,,30.0,1.0,,,,,,[],
accountsworldshop,https://t.me/accountsworldshop,683,2024-03-10 19:30:03,2 available now only,False,False,False,False,True,False,False,True,False,False,1456724077,,,,682.0,False,False,,,78.0,0.0,,2024-03-10T19:33:26+00:00,,,"{'_': 'MessageReactions', 'results': [{'_': 'ReactionCount', 'reaction': {'_': 'ReactionEmoji', 'emoticon': '👍'}, 'count': 1, 'chosen_order': None}], 'min': False, 'can_see_list': False, 'reactions_as_tags': False, 'recent_reactions': []}",[],
accountsworldshop,https://t.me/accountsworldshop,684,2024-03-11 18:27:44,Sold out 🙄,False,False,False,False,True,False,False,False,False,False,1456724077,,,,683.0,False,False,,,27.0,0.0,,,,,,[],
accountsworldshop,https://t.me/accountsworldshop,685,2024-03-11 18:32:29,"Updated Prices 

LinkedIn Business Premium (any user) (<DATE_TIME>) : 68$

LinkedIn Business Premium (New user) (<DATE_TIME>) : 20$

YouTube Premium (own id) <DATE_TIME> : 18$

Canva Pro Upgrade (<DATE_TIME>) : 20$

Couresera Premium Upgrade <DATE_TIME> : 35$ 

Adobe ALL apps Upgrade (<DATE_TIME>) : 15$

Adobe ALL apps Upgrade (<DATE_TIME>) : 40$ (Via Gift card)

@ps4guy7",False,False,False,False,True,False,False,True,False,False,1456724077,,,,,,,,,27.0,1.0,,2024-03-11T18:32:33+00:00,,,"{'_': 'MessageReactions', 'results': [{'_': 'ReactionCount', 'reaction': {'_': 'ReactionEmoji', 'emoticon': '❤'}, 'count': 1, 'chosen_order': None}], 'min': False, 'can_see_list': False, 'reactions_as_tags': False, 'recent_reactions': []}",[],
accountsworldshop,https://t.me/accountsworldshop,687,2024-03-13 05:12:46,LAST 3 AVAILABLE ✨,False,False,False,False,True,False,False,False,False,False,1456724077,,,,686.0,False,False,,,6.0,0.0,,,,,,[],
accountsworldshop,https://t.me/accountsworldshop,690,2024-03-17 20:38:16,"✅ PRICE DROP ✅

*🔰LINKEDIN PREMIUM🔰*

*👉BUSINESS PREMIUM PLAN*
👉 12 MONTHS @65$

*Benefits 👇*

*◼️unlimited access to linkedin learning( business plan )*
*◼️Private Browsing*
*◼️Applicant Insights*
*◼️Direct Messaging*
*◼️Who Viewed Ur profile*
*◼️Advanced Search*
*◼️Inmail Credits*
*◼️Smart Suggestions*
*◼️And a Lot More.....*

*⚠️ <PERSON>️*

5 LINKS AVAILABLE ONLY

Dm:- @ps4guy7",False,False,False,False,True,False,False,True,False,False,1456724077,,"{'_': 'MessageFwdHeader', 'date': '2024-02-23T18:11:52+00:00', 'imported': False, 'saved_out': False, 'from_id': {'_': 'PeerChannel', 'channel_id': 1456724077}, 'from_name': None, 'channel_post': 648, 'post_author': None, 'saved_from_peer': None, 'saved_from_msg_id': None, 'saved_from_id': None, 'saved_from_name': None, 'saved_date': None, 'psa_type': None}",,,,,6.253380840499297e+18,,273.0,3.0,,2024-03-18T07:32:51+00:00,,,"{'_': 'MessageReactions', 'results': [{'_': 'ReactionCount', 'reaction': {'_': 'ReactionEmoji', 'emoticon': '🤯'}, 'count': 2, 'chosen_order': None}, {'_': 'ReactionCount', 'reaction': {'_': 'ReactionEmoji', 'emoticon': '❤'}, 'count': 1, 'chosen_order': None}], 'min': False, 'can_see_list': False, 'reactions_as_tags': False, 'recent_reactions': []}",[],
accountsworldshop,https://t.me/accountsworldshop,691,2024-03-20 21:16:58,,False,False,False,False,True,False,False,True,False,False,1456724077,,,,,,,6.330236845014759e+18,,259.0,0.0,,2024-03-20T21:17:11+00:00,,1.3687755345124716e+16,"{'_': 'MessageReactions', 'results': [{'_': 'ReactionCount', 'reaction': {'_': 'ReactionEmoji', 'emoticon': '👍'}, 'count': 1, 'chosen_order': None}, {'_': 'ReactionCount', 'reaction': {'_': 'ReactionEmoji', 'emoticon': '🔥'}, 'count': 1, 'chosen_order': None}], 'min': False, 'can_see_list': False, 'reactions_as_tags': False, 'recent_reactions': []}",[],
accountsworldshop,https://t.me/accountsworldshop,692,2024-03-20 21:16:58,,False,False,False,False,True,False,False,False,False,False,1456724077,,,,,,,6.330236845014759e+18,,265.0,0.0,,,,1.3687755345124716e+16,,[],
accountsworldshop,https://t.me/accountsworldshop,693,2024-03-20 21:16:58,,False,False,False,False,True,False,False,False,False,False,1456724077,,,,,,,6.330236845014759e+18,,278.0,0.0,,,,1.3687755345124716e+16,,[],
accountsworldshop,https://t.me/accountsworldshop,694,2024-03-20 21:16:58,,False,False,False,False,True,False,False,False,False,False,1456724077,,,,,,,6.330236845014759e+18,,275.0,1.0,,,,1.3687755345124716e+16,,[],
accountsworldshop,https://t.me/accountsworldshop,695,2024-03-20 21:16:58,"LINKEDIN SUBSCRIPTIONS ACTIVATIONS DONE SUCCESSFULLY ✅

@PS4GUY7",False,False,False,False,True,False,False,False,False,False,1456724077,,,,,,,6.330236845014759e+18,,277.0,0.0,,,,1.3687755345124716e+16,,[],
accountsworldshop,https://t.me/accountsworldshop,696,2024-03-25 18:46:53,"Updated Prices 

LinkedIn Business Premium (any user) (<DATE_TIME>) : 68$

LinkedIn Business Premium (New user) (<DATE_TIME>) : 20$

YouTube Premium (own id) <DATE_TIME> : 18$

Canva Pro Upgrade (<DATE_TIME>) : 20$

Couresera Premium Upgrade <DATE_TIME> : 35$ 

Adobe ALL apps Upgrade (<DATE_TIME>) : 15$

Adobe ALL apps Upgrade (<DATE_TIME>) : 40$ (Via Gift card)

@ps4guy7",False,False,False,False,True,False,False,True,False,False,1456724077,,"{'_': 'MessageFwdHeader', 'date': '2024-03-11T18:32:29+00:00', 'imported': False, 'saved_out': False, 'from_id': {'_': 'PeerChannel', 'channel_id': 1456724077}, 'from_name': None, 'channel_post': 685, 'post_author': None, 'saved_from_peer': None, 'saved_from_msg_id': None, 'saved_from_id': None, 'saved_from_name': None, 'saved_date': None, 'psa_type': None}",,,,,,,183.0,5.0,,2024-03-25T18:47:27+00:00,,,"{'_': 'MessageReactions', 'results': [{'_': 'ReactionCount', 'reaction': {'_': 'ReactionEmoji', 'emoticon': '👍'}, 'count': 2, 'chosen_order': None}, {'_': 'ReactionCount', 'reaction': {'_': 'ReactionEmoji', 'emoticon': '🤯'}, 'count': 1, 'chosen_order': None}], 'min': False, 'can_see_list': False, 'reactions_as_tags': False, 'recent_reactions': []}",[],
accountsworldshop,https://t.me/accountsworldshop,697,2024-03-29 12:02:29,"😳Perplexity AI Pro 1 Year😳

⚡️Get Access to below 
⚡️AI Model 
⚡️Image Generation Model
⚡️Pro Discord
⚡️Pro Support
⚡️Access to <PERSON>
⚡️Access to Calude 3
⚡️Access to <PERSON>
⚡️Playground v2.5
⚡️DALL-E 3
⚡️Stable Diffusion XL

🌟<DATE_TIME> Validity
🌟Original Price: 200$
🌟through reedem code
🌟My Price: 100$

GRAB NOW📥
Limited Accounts only 🌟",False,False,False,False,True,False,False,False,False,False,1456724077,,,,,,,6.069066575304049e+18,,124.0,0.0,,,,,,[],
accountsworldshop,https://t.me/accountsworldshop,698,2024-03-30 13:55:08,"<PERSON> ALL APPS! 1 YEAR✨

🎨 Access to a comprehensive suite of industry-leading design and engineering applications, including:

- AutoCAD
- Revit
- Fusion 360
- Maya
- Unity
- and many more!

Total 47 Products`` ⚠️

🔧 Design, simulate, and manufacture with Fusion 360

🎥 Produce captivating animations and visual effects with Maya

🛠️ Develop immersive games and experiences with Unity

💡 Access to a wealth of tutorials, resources, and community support

My Price: 50$

GRAB ASAP📥

@ps4guy7",False,False,False,False,True,False,False,True,False,False,1456724077,,,,,,,,,85.0,0.0,,2024-03-30T22:55:52+00:00,,,"{'_': 'MessageReactions', 'results': [{'_': 'ReactionCount', 'reaction': {'_': 'ReactionEmoji', 'emoticon': '❤'}, 'count': 2, 'chosen_order': None}], 'min': False, 'can_see_list': False, 'reactions_as_tags': False, 'recent_reactions': []}",[],
accountsworldshop,https://t.me/accountsworldshop,699,2024-04-01 18:15:20,"Perplexity <DATE_TIME> ✅

ACTIVATION DONE SUCCESSFULLY ✅ 

@PS4GUY7",False,False,False,False,True,False,False,True,False,False,1456724077,,,,697.0,False,False,6.077941528220778e+18,,29.0,0.0,,2024-04-01T19:04:35+00:00,,,"{'_': 'MessageReactions', 'results': [{'_': 'ReactionCount', 'reaction': {'_': 'ReactionEmoji', 'emoticon': '🔥'}, 'count': 1, 'chosen_order': None}], 'min': False, 'can_see_list': False, 'reactions_as_tags': False, 'recent_reactions': []}",[],
