Channel ID,URL,Post ID,date,message,out,mentioned,media_unread,silent,post,from_scheduled,legacy,edit_hide,pinned,noforwards,peer_channel,from_id_user,fwd_from,via_bot_id,reply_to_msg_id,reply_to_scheduled,forum_topic,media_photo_id,reply_markup,views,forwards,replies,edit_date,post_author,grouped_id,reactions,restriction_reason,ttl_period
ahgbd359,https://t.me/ahgbd359,319,2024-01-01 15:08:44,"Rolex VIP
?v𝚁𝚂𝙸𝙾𝙽: LATEST 4.7.3
➽ 𝙰𝚁𝙲𝙷𝙸𝚃𝙴𝙲𝚃𝚄𝚁𝙴: UNIVERSAL

❗𝐃𝐈𝐒𝐂𝐋𝐀𝐈𝐌𝐄𝐑❗

Uninstall the playstore version or previous mod version before installing this one.

𝐌𝐎𝐃 FUTURE
LOGIN REMOVED
☞Unlimited Bandwidth.
☞Working in all countries 
☞UDP speed stablized
☞High speed 🚀 servers added.
☞Supports all devices.
☞All protections bypassed..
<PERSON>

✪ 𝐌𝐎𝐃𝐃𝐄𝐃 𝐁𝐘 ✪
AHGBD||Tusar

𝐌𝐀𝐈𝐍 𝐂𝐇𝐀𝐍𝐍𝐄𝐋
<PERSON>

Drop your React here👇👇",False,False,False,False,True,False,False,True,False,False,1940209568,,,,,,,,,1569.0,2.0,,2024-01-01T15:08:46+00:00,,,"{'_': 'MessageReactions', 'results': [{'_': 'ReactionCount', 'reaction': {'_': 'ReactionEmoji', 'emoticon': '👍'}, 'count': 5, 'chosen_order': None}, {'_': 'ReactionCount', 'reaction': {'_': 'ReactionEmoji', 'emoticon': '🔥'}, 'count': 2, 'chosen_order': None}, {'_': 'ReactionCount', 'reaction': {'_': 'ReactionEmoji', 'emoticon': '👌'}, 'count': 2, 'chosen_order': None}, {'_': 'ReactionCount', 'reaction': {'_': 'ReactionEmoji', 'emoticon': '❤'}, 'count': 1, 'chosen_order': None}, {'_': 'ReactionCount', 'reaction': {'_': 'ReactionEmoji', 'emoticon': '🤔'}, 'count': 1, 'chosen_order': None}], 'min': False, 'can_see_list': False, 'reactions_as_tags': False, 'recent_reactions': []}",[],
ahgbd359,https://t.me/ahgbd359,320,2024-01-01 17:26:46,"<NRP>🤯
Dropping next?

YES❤️

NO🥰",False,False,False,False,True,False,False,True,False,False,1940209568,,,,,,,6.095984256334544e+18,,1835.0,5.0,,2024-01-01T17:26:59+00:00,,,"{'_': 'MessageReactions', 'results': [{'_': 'ReactionCount', 'reaction': {'_': 'ReactionEmoji', 'emoticon': '❤'}, 'count': 50, 'chosen_order': None}, {'_': 'ReactionCount', 'reaction': {'_': 'ReactionEmoji', 'emoticon': '🥰'}, 'count': 6, 'chosen_order': None}, {'_': 'ReactionCount', 'reaction': {'_': 'ReactionEmoji', 'emoticon': '🔥'}, 'count': 4, 'chosen_order': None}], 'min': False, 'can_see_list': False, 'reactions_as_tags': False, 'recent_reactions': []}",[],
ahgbd359,https://t.me/ahgbd359,321,2024-01-02 15:35:54,"EAGLE VPN pro
?v𝚁𝚂𝙸𝙾𝙽: LATEST 71.0
➽ 𝙰𝚁𝙲𝙷𝙸𝚃𝙴𝙲𝚃𝚄𝚁𝙴: UNIVERSAL

❗𝐃𝐈𝐒𝐂𝐋𝐀𝐈𝐌𝐄𝐑❗

Uninstall the playstore version or previous mod version before installing this one.

𝐌𝐎𝐃 FUTURE
Random AI,Use anything for username and password like eagle vpn & H-W UDP
Example,
Username:yhujfggdh
Password:hdghtju
☞Unlimited Bandwidth.
☞Working in all countries 
☞UDP speed stablized
☞High speed 🚀 servers added.
☞Supports all devices.
☞All protections bypassed..
SIZE:33.7MB

✪ 𝐌𝐎𝐃𝐃𝐄𝐃 𝐁𝐘 ✪
AHGBD||Tusar

𝐌𝐀𝐈𝐍 𝐂𝐇𝐀𝐍𝐍𝐄𝐋
<PERSON>

Drop your React here👇👇",False,False,False,False,True,False,False,True,False,False,1940209568,,,,,,,,,1967.0,24.0,,2024-01-02T15:36:01+00:00,,,"{'_': 'MessageReactions', 'results': [{'_': 'ReactionCount', 'reaction': {'_': 'ReactionEmoji', 'emoticon': '❤'}, 'count': 22, 'chosen_order': None}, {'_': 'ReactionCount', 'reaction': {'_': 'ReactionEmoji', 'emoticon': '👍'}, 'count': 9, 'chosen_order': None}, {'_': 'ReactionCount', 'reaction': {'_': 'ReactionEmoji', 'emoticon': '🔥'}, 'count': 5, 'chosen_order': None}, {'_': 'ReactionCount', 'reaction': {'_': 'ReactionEmoji', 'emoticon': '😭'}, 'count': 3, 'chosen_order': None}, {'_': 'ReactionCount', 'reaction': {'_': 'ReactionEmoji', 'emoticon': '🥱'}, 'count': 1, 'chosen_order': None}], 'min': False, 'can_see_list': False, 'reactions_as_tags': False, 'recent_reactions': []}",[],
ahgbd359,https://t.me/ahgbd359,322,2024-01-03 05:13:57,,False,False,False,False,True,False,False,True,False,False,1940209568,,,,,,,,,1829.0,0.0,,2024-01-03T05:49:44+00:00,,,"{'_': 'MessageReactions', 'results': [{'_': 'ReactionCount', 'reaction': {'_': 'ReactionEmoji', 'emoticon': '🥰'}, 'count': 16, 'chosen_order': None}, {'_': 'ReactionCount', 'reaction': {'_': 'ReactionEmoji', 'emoticon': '😭'}, 'count': 7, 'chosen_order': None}, {'_': 'ReactionCount', 'reaction': {'_': 'ReactionEmoji', 'emoticon': '👍'}, 'count': 5, 'chosen_order': None}, {'_': 'ReactionCount', 'reaction': {'_': 'ReactionEmoji', 'emoticon': '👏'}, 'count': 1, 'chosen_order': None}], 'min': False, 'can_see_list': False, 'reactions_as_tags': False, 'recent_reactions': []}",[],
ahgbd359,https://t.me/ahgbd359,323,2024-01-06 14:46:44,"Dropping next
It's fast 💥
Drope your reaction here
👇👇👇👇👇👇",False,False,False,False,True,False,False,True,False,False,1940209568,,,,,,,6.109210719791726e+18,,1437.0,0.0,,2024-01-06T14:47:01+00:00,,,"{'_': 'MessageReactions', 'results': [{'_': 'ReactionCount', 'reaction': {'_': 'ReactionEmoji', 'emoticon': '👍'}, 'count': 30, 'chosen_order': None}, {'_': 'ReactionCount', 'reaction': {'_': 'ReactionEmoji', 'emoticon': '❤'}, 'count': 7, 'chosen_order': None}, {'_': 'ReactionCount', 'reaction': {'_': 'ReactionEmoji', 'emoticon': '🤔'}, 'count': 2, 'chosen_order': None}, {'_': 'ReactionCount', 'reaction': {'_': 'ReactionEmoji', 'emoticon': '🥱'}, 'count': 2, 'chosen_order': None}, {'_': 'ReactionCount', 'reaction': {'_': 'ReactionEmoji', 'emoticon': '🥰'}, 'count': 1, 'chosen_order': None}, {'_': 'ReactionCount', 'reaction': {'_': 'ReactionEmoji', 'emoticon': '🤯'}, 'count': 1, 'chosen_order': None}, {'_': 'ReactionCount', 'reaction': {'_': 'ReactionEmoji', 'emoticon': '👌'}, 'count': 1, 'chosen_order': None}], 'min': False, 'can_see_list': False, 'reactions_as_tags': False, 'recent_reactions': []}",[],
ahgbd359,https://t.me/ahgbd359,324,2024-01-07 11:56:39,"Smart Net VIP
?v𝚁𝚂𝙸𝙾𝙽: LATEST 7.6
➽ 𝙰𝚁𝙲𝙷𝙸𝚃𝙴𝙲𝚃𝚄𝚁𝙴: UNIVERSAL

❗𝐃𝐈𝐒𝐂𝐋𝐀𝐈𝐌𝐄𝐑❗

Uninstall the playstore version or previous mod version before installing this one.

𝐌𝐎𝐃 FUTURE
Random AI,Use anything for username and password like eagle vpn & H-W UDP
Example,
Username:yhujfggdh
Password:hdghtju
☞Unlimited Bandwidth.
☞Working in all countries 
☞UDP speed stablized
☞High speed 🚀 servers added.
☞Supports all devices.
☞All protections bypassed..
SIZE:36.2<PERSON>

✪ 𝐌𝐎𝐃𝐃𝐄𝐃 𝐁𝐘 ✪
AHGBD||Tusar
Temperature file used☺️

𝐌𝐀𝐈𝐍 𝐂𝐇𝐀𝐍𝐍𝐄𝐋
<PERSON>

Drop your React here👇👇",False,False,False,False,True,False,False,True,False,False,1940209568,,,,,,,,,1870.0,10.0,,2024-01-07T11:56:50+00:00,,,"{'_': 'MessageReactions', 'results': [{'_': 'ReactionCount', 'reaction': {'_': 'ReactionEmoji', 'emoticon': '👍'}, 'count': 14, 'chosen_order': None}, {'_': 'ReactionCount', 'reaction': {'_': 'ReactionEmoji', 'emoticon': '🥰'}, 'count': 4, 'chosen_order': None}, {'_': 'ReactionCount', 'reaction': {'_': 'ReactionEmoji', 'emoticon': '👌'}, 'count': 1, 'chosen_order': None}], 'min': False, 'can_see_list': False, 'reactions_as_tags': False, 'recent_reactions': []}",[],
ahgbd359,https://t.me/ahgbd359,325,2024-01-07 13:49:01,https://t.me/ahgbd359?boost,False,False,False,False,True,False,False,True,False,False,1940209568,,,,,,,,,1675.0,0.0,,2024-02-21T18:26:00+00:00,,,"{'_': 'MessageReactions', 'results': [{'_': 'ReactionCount', 'reaction': {'_': 'ReactionEmoji', 'emoticon': '👍'}, 'count': 1, 'chosen_order': None}], 'min': False, 'can_see_list': False, 'reactions_as_tags': False, 'recent_reactions': []}",[],
ahgbd359,https://t.me/ahgbd359,326,2024-01-09 00:58:11,"Dropping next

TELEGRAM Premium✅?

<PERSON>

Yes❤️

No👍",False,False,False,False,True,False,False,True,False,False,1940209568,,,,,,,,,1679.0,0.0,,2024-01-09T00:58:54+00:00,,,"{'_': 'MessageReactions', 'results': [{'_': 'ReactionCount', 'reaction': {'_': 'ReactionEmoji', 'emoticon': '❤'}, 'count': 100, 'chosen_order': None}, {'_': 'ReactionCount', 'reaction': {'_': 'ReactionEmoji', 'emoticon': '👍'}, 'count': 62, 'chosen_order': None}, {'_': 'ReactionCount', 'reaction': {'_': 'ReactionEmoji', 'emoticon': '🔥'}, 'count': 41, 'chosen_order': None}, {'_': 'ReactionCount', 'reaction': {'_': 'ReactionEmoji', 'emoticon': '🎉'}, 'count': 38, 'chosen_order': None}, {'_': 'ReactionCount', 'reaction': {'_': 'ReactionEmoji', 'emoticon': '🥰'}, 'count': 37, 'chosen_order': None}, {'_': 'ReactionCount', 'reaction': {'_': 'ReactionEmoji', 'emoticon': '👏'}, 'count': 36, 'chosen_order': None}, {'_': 'ReactionCount', 'reaction': {'_': 'ReactionEmoji', 'emoticon': '🤩'}, 'count': 31, 'chosen_order': None}, {'_': 'ReactionCount', 'reaction': {'_': 'ReactionEmoji', 'emoticon': '🤯'}, 'count': 1, 'chosen_order': None}, {'_': 'ReactionCount', 'reaction': {'_': 'ReactionEmoji', 'emoticon': '👌'}, 'count': 1, 'chosen_order': None}], 'min': False, 'can_see_list': False, 'reactions_as_tags': False, 'recent_reactions': []}",[],
ahgbd359,https://t.me/ahgbd359,327,2024-01-09 15:14:11,,False,False,False,False,True,False,False,True,False,False,1940209568,,,,,,,6.118491224995381e+18,,1360.0,0.0,,2024-01-09T15:14:17+00:00,,1.3638506010251796e+16,"{'_': 'MessageReactions', 'results': [{'_': 'ReactionCount', 'reaction': {'_': 'ReactionEmoji', 'emoticon': '👍'}, 'count': 18, 'chosen_order': None}, {'_': 'ReactionCount', 'reaction': {'_': 'ReactionEmoji', 'emoticon': '❤'}, 'count': 15, 'chosen_order': None}, {'_': 'ReactionCount', 'reaction': {'_': 'ReactionEmoji', 'emoticon': '🔥'}, 'count': 2, 'chosen_order': None}, {'_': 'ReactionCount', 'reaction': {'_': 'ReactionEmoji', 'emoticon': '🥰'}, 'count': 2, 'chosen_order': None}], 'min': False, 'can_see_list': False, 'reactions_as_tags': False, 'recent_reactions': []}",[],
ahgbd359,https://t.me/ahgbd359,328,2024-01-09 15:14:11,"Dropping Nest
It's Very Fast ⚡
Mod: Unlimited Time

Drop your Reaction",False,False,False,False,True,False,False,False,False,False,1940209568,,,,,,,6.118491224995381e+18,,1436.0,0.0,,,,1.3638506010251796e+16,,[],
ahgbd359,https://t.me/ahgbd359,329,2024-01-10 14:43:05,"HexX UDP Plus
?v𝚁𝚂𝙸𝙾𝙽: LATEST 4.0
➽ 𝙰𝚁𝙲𝙷𝙸𝚃𝙴𝙲𝚃𝚄𝚁𝙴: UNIVERSAL

❗𝐃𝐈𝐒𝐂𝐋𝐀𝐈𝐌𝐄𝐑❗

Uninstall the playstore version or previous mod version before installing this one.

𝐌𝐎𝐃 FUTURE
LOGIN REMOVED
☞Unlimited Bandwidth.
☞Working in all countries 
☞UDP speed stablized
☞High speed 🚀 servers added.
☞Supports all devices.
☞All protections bypassed..
SIZE:26.3MB

✪ 𝐌𝐎𝐃𝐃𝐄𝐃 𝐁𝐘 ✪
AHGBD||Tusar

𝐌𝐀𝐈𝐍 𝐂𝐇𝐀𝐍𝐍𝐄𝐋
<PERSON>

Drop your React here👇👇",False,False,False,False,True,False,False,True,False,False,1940209568,,,,,,,,,1557.0,6.0,,2024-01-10T14:43:24+00:00,,,"{'_': 'MessageReactions', 'results': [{'_': 'ReactionCount', 'reaction': {'_': 'ReactionEmoji', 'emoticon': '👍'}, 'count': 2, 'chosen_order': None}, {'_': 'ReactionCount', 'reaction': {'_': 'ReactionEmoji', 'emoticon': '🔥'}, 'count': 2, 'chosen_order': None}, {'_': 'ReactionCount', 'reaction': {'_': 'ReactionEmoji', 'emoticon': '👏'}, 'count': 2, 'chosen_order': None}, {'_': 'ReactionCount', 'reaction': {'_': 'ReactionEmoji', 'emoticon': '😭'}, 'count': 2, 'chosen_order': None}, {'_': 'ReactionCount', 'reaction': {'_': 'ReactionEmoji', 'emoticon': '❤'}, 'count': 1, 'chosen_order': None}], 'min': False, 'can_see_list': False, 'reactions_as_tags': False, 'recent_reactions': []}",[],
ahgbd359,https://t.me/ahgbd359,330,2024-01-11 01:40:23,"Dropping next
It's not Fast😏
Drop your reaction here
👇👇👇👇👇👇👇👇",False,False,False,False,True,False,False,True,False,False,1940209568,,,,,,,6.122994824622752e+18,,1741.0,1.0,,2024-01-11T01:40:47+00:00,,,"{'_': 'MessageReactions', 'results': [{'_': 'ReactionCount', 'reaction': {'_': 'ReactionEmoji', 'emoticon': '🤩'}, 'count': 27, 'chosen_order': None}, {'_': 'ReactionCount', 'reaction': {'_': 'ReactionEmoji', 'emoticon': '👍'}, 'count': 22, 'chosen_order': None}, {'_': 'ReactionCount', 'reaction': {'_': 'ReactionEmoji', 'emoticon': '❤'}, 'count': 20, 'chosen_order': None}, {'_': 'ReactionCount', 'reaction': {'_': 'ReactionEmoji', 'emoticon': '🎉'}, 'count': 20, 'chosen_order': None}, {'_': 'ReactionCount', 'reaction': {'_': 'ReactionEmoji', 'emoticon': '🔥'}, 'count': 14, 'chosen_order': None}, {'_': 'ReactionCount', 'reaction': {'_': 'ReactionEmoji', 'emoticon': '👏'}, 'count': 13, 'chosen_order': None}, {'_': 'ReactionCount', 'reaction': {'_': 'ReactionEmoji', 'emoticon': '🥰'}, 'count': 12, 'chosen_order': None}, {'_': 'ReactionCount', 'reaction': {'_': 'ReactionEmoji', 'emoticon': '😱'}, 'count': 2, 'chosen_order': None}, {'_': 'ReactionCount', 'reaction': {'_': 'ReactionEmoji', 'emoticon': '⚡'}, 'count': 1, 'chosen_order': None}, {'_': 'ReactionCount', 'reaction': {'_': 'ReactionEmoji', 'emoticon': '🤔'}, 'count': 1, 'chosen_order': None}, {'_': 'ReactionCount', 'reaction': {'_': 'ReactionEmoji', 'emoticon': '🤯'}, 'count': 1, 'chosen_order': None}], 'min': False, 'can_see_list': False, 'reactions_as_tags': False, 'recent_reactions': []}",[],
ahgbd359,https://t.me/ahgbd359,331,2024-01-11 13:19:44,"Wire Tunnel UDP
?v𝚁𝚂𝙸𝙾𝙽: LATEST 9.0
➽ 𝙰𝚁𝙲𝙷𝙸𝚃𝙴𝙲𝚃𝚄𝚁𝙴: UNIVERSAL

❗𝐃𝐈𝐒𝐂𝐋𝐀𝐈𝐌𝐄𝐑❗

Uninstall the previous mod version before installing this one. You can't find the original apk in Google PlayStore.Get it on Google or chrome or other browser.

𝐌𝐎𝐃 FUTURE
LOGIN REMOVED
☞Unlimited Bandwidth.
☞Working in all countries 
☞UDP speed stablized
☞High speed 🚀 servers added.
☞Supports all devices.
☞All protections bypassed..
<PERSON>

✪ 𝐌𝐎𝐃𝐃𝐄𝐃 𝐁𝐘 ✪
AHGBD||Tusar

𝐌𝐀𝐈𝐍 𝐂𝐇𝐀𝐍𝐍𝐄𝐋
@ahgbd359

SHERE VPN

Drop your React here👇👇",False,False,False,False,True,False,False,False,False,False,1940209568,,,,,,,,,1589.0,12.0,,2024-01-11T13:20:34+00:00,,,"{'_': 'MessageReactions', 'results': [{'_': 'ReactionCount', 'reaction': {'_': 'ReactionEmoji', 'emoticon': '🔥'}, 'count': 12, 'chosen_order': None}, {'_': 'ReactionCount', 'reaction': {'_': 'ReactionEmoji', 'emoticon': '👍'}, 'count': 5, 'chosen_order': None}, {'_': 'ReactionCount', 'reaction': {'_': 'ReactionEmoji', 'emoticon': '❤'}, 'count': 1, 'chosen_order': None}], 'min': False, 'can_see_list': False, 'reactions_as_tags': False, 'recent_reactions': []}",[],
ahgbd359,https://t.me/ahgbd359,332,2024-01-12 13:26:27,"Dropping next

Legend know🤟 this

Drope your reaction",False,False,False,False,True,False,False,True,False,False,1940209568,,,,,,,6.127690675576225e+18,,1714.0,3.0,,2024-01-12T13:26:47+00:00,,,"{'_': 'MessageReactions', 'results': [{'_': 'ReactionCount', 'reaction': {'_': 'ReactionEmoji', 'emoticon': '🔥'}, 'count': 13, 'chosen_order': None}, {'_': 'ReactionCount', 'reaction': {'_': 'ReactionEmoji', 'emoticon': '🥰'}, 'count': 6, 'chosen_order': None}, {'_': 'ReactionCount', 'reaction': {'_': 'ReactionEmoji', 'emoticon': '👍'}, 'count': 2, 'chosen_order': None}, {'_': 'ReactionCount', 'reaction': {'_': 'ReactionEmoji', 'emoticon': '👏'}, 'count': 1, 'chosen_order': None}], 'min': False, 'can_see_list': False, 'reactions_as_tags': False, 'recent_reactions': []}",[],
ahgbd359,https://t.me/ahgbd359,335,2024-01-13 13:34:12,"Dropping next

What's your reaction <DATE_TIME>!",False,False,False,False,True,False,False,True,False,False,1940209568,,,,,,,6.1320382433367e+18,,1758.0,0.0,,2024-01-13T13:34:44+00:00,,,"{'_': 'MessageReactions', 'results': [{'_': 'ReactionCount', 'reaction': {'_': 'ReactionEmoji', 'emoticon': '🔥'}, 'count': 23, 'chosen_order': None}, {'_': 'ReactionCount', 'reaction': {'_': 'ReactionEmoji', 'emoticon': '🤯'}, 'count': 6, 'chosen_order': None}, {'_': 'ReactionCount', 'reaction': {'_': 'ReactionEmoji', 'emoticon': '👍'}, 'count': 3, 'chosen_order': None}, {'_': 'ReactionCount', 'reaction': {'_': 'ReactionEmoji', 'emoticon': '🤔'}, 'count': 2, 'chosen_order': None}, {'_': 'ReactionCount', 'reaction': {'_': 'ReactionEmoji', 'emoticon': '❤'}, 'count': 1, 'chosen_order': None}], 'min': False, 'can_see_list': False, 'reactions_as_tags': False, 'recent_reactions': []}",[],
ahgbd359,https://t.me/ahgbd359,336,2024-01-15 04:50:26,"সবাই 33tk 5GB ব্যবহার শুরু করেন
 My GP তে <PERSON> এ পেয়ে জাবেন 33tk 5GB Biscope Packge 

Mod apk dropping soon


😔😔By by UDP",False,False,False,False,True,False,False,True,False,False,1940209568,,,,,,,6.136515270001408e+18,,2048.0,1.0,,2024-01-15T04:50:41+00:00,,,"{'_': 'MessageReactions', 'results': [{'_': 'ReactionCount', 'reaction': {'_': 'ReactionEmoji', 'emoticon': '😭'}, 'count': 22, 'chosen_order': None}, {'_': 'ReactionCount', 'reaction': {'_': 'ReactionEmoji', 'emoticon': '❤'}, 'count': 6, 'chosen_order': None}, {'_': 'ReactionCount', 'reaction': {'_': 'ReactionEmoji', 'emoticon': '👏'}, 'count': 3, 'chosen_order': None}, {'_': 'ReactionCount', 'reaction': {'_': 'ReactionEmoji', 'emoticon': '👍'}, 'count': 1, 'chosen_order': None}, {'_': 'ReactionCount', 'reaction': {'_': 'ReactionEmoji', 'emoticon': '🔥'}, 'count': 1, 'chosen_order': None}, {'_': 'ReactionCount', 'reaction': {'_': 'ReactionEmoji', 'emoticon': '🥰'}, 'count': 1, 'chosen_order': None}], 'min': False, 'can_see_list': False, 'reactions_as_tags': False, 'recent_reactions': []}",[],
ahgbd359,https://t.me/ahgbd359,337,2024-01-15 12:48:32,কেউ হতাশ হবেন না খুব তারাতারি কিছু আসবে ইনশাআল্লাহ 💥🥰,False,False,False,False,True,False,False,True,False,False,1940209568,,,,,,,,,1718.0,0.0,,2024-01-15T12:48:37+00:00,,,"{'_': 'MessageReactions', 'results': [{'_': 'ReactionCount', 'reaction': {'_': 'ReactionEmoji', 'emoticon': '❤'}, 'count': 27, 'chosen_order': None}, {'_': 'ReactionCount', 'reaction': {'_': 'ReactionEmoji', 'emoticon': '😭'}, 'count': 3, 'chosen_order': None}, {'_': 'ReactionCount', 'reaction': {'_': 'ReactionEmoji', 'emoticon': '👍'}, 'count': 2, 'chosen_order': None}, {'_': 'ReactionCount', 'reaction': {'_': 'ReactionEmoji', 'emoticon': '🤔'}, 'count': 2, 'chosen_order': None}], 'min': False, 'can_see_list': False, 'reactions_as_tags': False, 'recent_reactions': []}",[],
ahgbd359,https://t.me/ahgbd359,338,2024-01-15 13:29:47,"Premium bypass
?v𝚁𝚂𝙸𝙾𝙽: LATEST 1.0.2
➽ 𝙰𝚁𝙲𝙷𝙸𝚃𝙴𝙲𝚃𝚄𝚁𝙴: UNIVERSAL

❗𝐃𝐈𝐒𝐂𝐋𝐀𝐈𝐌𝐄𝐑❗

Uninstall the previous mod version or original version before installing this one.

𝐌𝐎𝐃 FUTURE
LOGIN automatically
☞Working in all countries 
☞ speed stablized
☞Supports all devices.
☞All protections bypassed..
Unlimited SHERE
SIZE:25.7MB

✪ 𝐌𝐎𝐃𝐃𝐄𝐃 𝐁𝐘 ✪
AHGBD||Tusar

𝐌𝐀𝐈𝐍 𝐂𝐇𝐀𝐍𝐍𝐄𝐋
<PERSON>

Drop your React here👇👇",False,False,False,False,True,False,False,True,False,False,1940209568,,,,,,,,,2012.0,10.0,,2024-01-15T13:30:27+00:00,,,"{'_': 'MessageReactions', 'results': [{'_': 'ReactionCount', 'reaction': {'_': 'ReactionEmoji', 'emoticon': '❤'}, 'count': 12, 'chosen_order': None}, {'_': 'ReactionCount', 'reaction': {'_': 'ReactionEmoji', 'emoticon': '👍'}, 'count': 5, 'chosen_order': None}], 'min': False, 'can_see_list': False, 'reactions_as_tags': False, 'recent_reactions': []}",[],
ahgbd359,https://t.me/ahgbd359,339,2024-01-15 13:39:52,"কিভাবে বায়োস্কোপ এমবি কিনবে -✅


Video Collected ❤",False,False,False,False,True,False,False,True,False,False,1940209568,,,,,,,,,2430.0,3.0,,2024-01-15T13:39:57+00:00,,,"{'_': 'MessageReactions', 'results': [{'_': 'ReactionCount', 'reaction': {'_': 'ReactionEmoji', 'emoticon': '👍'}, 'count': 13, 'chosen_order': None}, {'_': 'ReactionCount', 'reaction': {'_': 'ReactionEmoji', 'emoticon': '❤'}, 'count': 3, 'chosen_order': None}, {'_': 'ReactionCount', 'reaction': {'_': 'ReactionEmoji', 'emoticon': '⚡'}, 'count': 2, 'chosen_order': None}, {'_': 'ReactionCount', 'reaction': {'_': 'ReactionEmoji', 'emoticon': '🔥'}, 'count': 1, 'chosen_order': None}, {'_': 'ReactionCount', 'reaction': {'_': 'ReactionEmoji', 'emoticon': '🤯'}, 'count': 1, 'chosen_order': None}], 'min': False, 'can_see_list': False, 'reactions_as_tags': False, 'recent_reactions': []}",[],
ahgbd359,https://t.me/ahgbd359,340,2024-01-18 04:14:25,"কিছু এডমিন অযথাই মানুষকে কনফিউজ করছে <PERSON> তারা এমন ভাবে স্ক্রিনশট দেখাচ্ছে , আর গ্রুপে গ্রুপে ছড়াচ্ছে এইগুলো দেখে আমিও কনফিউজ ছিলাম ।  

যাইহোক আপনারা এইগুলার ফাঁদে <DATE_TIME> দিবেন না । এরা নিজেদের চ্যানেল <DATE_TIME> করছে। <PERSON> মেরে দিচ্ছে দেকলাম,  তাই <PERSON> কেউ <PERSON> না ।  

এখন ফ্রী ইন্টারনেট বলতে তেমন কিছুই নেই । তবে এটা সত্য UDP চলে,  কিন্তু সবার চলে না । APN : <PERSON>/<NRP>  সিলেক্ট করে কানেক্ট অপশনে ক্লিক <PERSON>/৩ বার fight mode অন/অফ করবেন কানেক্ট হবে সবার , কিন্তু সবার ইন্টারনেট কানেকশন আসবে না । 

<PERSON> অবশ্যই শেয়ার করবো , সাথেই থাকুন ❤️।",False,False,False,False,True,False,False,True,False,False,1940209568,,,,,,,,,2388.0,2.0,,2024-01-18T04:15:05+00:00,,,"{'_': 'MessageReactions', 'results': [{'_': 'ReactionCount', 'reaction': {'_': 'ReactionEmoji', 'emoticon': '❤'}, 'count': 31, 'chosen_order': None}, {'_': 'ReactionCount', 'reaction': {'_': 'ReactionEmoji', 'emoticon': '👍'}, 'count': 9, 'chosen_order': None}, {'_': 'ReactionCount', 'reaction': {'_': 'ReactionEmoji', 'emoticon': '🥰'}, 'count': 3, 'chosen_order': None}, {'_': 'ReactionCount', 'reaction': {'_': 'ReactionEmoji', 'emoticon': '🥱'}, 'count': 2, 'chosen_order': None}, {'_': 'ReactionCount', 'reaction': {'_': 'ReactionEmoji', 'emoticon': '🤩'}, 'count': 1, 'chosen_order': None}, {'_': 'ReactionCount', 'reaction': {'_': 'ReactionEmoji', 'emoticon': '😇'}, 'count': 1, 'chosen_order': None}], 'min': False, 'can_see_list': False, 'reactions_as_tags': False, 'recent_reactions': []}",[],
ahgbd359,https://t.me/ahgbd359,341,2024-01-22 04:52:04,"ভাই খুশির কথা কেমনে কই😁
জিপি সিম এ আবার ফ্রি ইন্টারনেট ভিপিএন পাইছি,অনেক এ ফেক মনে করতে পারেন আমি এই পোস্ট টা ভিপিএন দিয়ে করলাম। UDP <PERSON> সুরু হইছে🤣।
স্পিড অনেক, কারন এখন ইউজার অতো নাই।কেউ তো জানেই নাহ🤓

সেয়ার করবো ১.৫k subscriber  কম্পিট হলে",False,False,False,False,True,False,False,False,False,False,1940209568,,,,,,,,,1798.0,0.0,,2024-01-22T04:53:08+00:00,,,"{'_': 'MessageReactions', 'results': [{'_': 'ReactionCount', 'reaction': {'_': 'ReactionEmoji', 'emoticon': '🥰'}, 'count': 33, 'chosen_order': None}, {'_': 'ReactionCount', 'reaction': {'_': 'ReactionEmoji', 'emoticon': '🥱'}, 'count': 12, 'chosen_order': None}, {'_': 'ReactionCount', 'reaction': {'_': 'ReactionEmoji', 'emoticon': '🤩'}, 'count': 6, 'chosen_order': None}, {'_': 'ReactionCount', 'reaction': {'_': 'ReactionEmoji', 'emoticon': '👍'}, 'count': 4, 'chosen_order': None}, {'_': 'ReactionCount', 'reaction': {'_': 'ReactionEmoji', 'emoticon': '\U0001fae1'}, 'count': 3, 'chosen_order': None}, {'_': 'ReactionCount', 'reaction': {'_': 'ReactionEmoji', 'emoticon': '🤔'}, 'count': 1, 'chosen_order': None}], 'min': False, 'can_see_list': False, 'reactions_as_tags': False, 'recent_reactions': []}",[],
ahgbd359,https://t.me/ahgbd359,342,2024-01-22 09:34:45,,False,False,False,False,True,False,False,True,False,False,1940209568,,,,,,,6.156728369643896e+18,,2004.0,1.0,,2024-01-22T09:36:08+00:00,,,"{'_': 'MessageReactions', 'results': [{'_': 'ReactionCount', 'reaction': {'_': 'ReactionEmoji', 'emoticon': '🥰'}, 'count': 13, 'chosen_order': None}, {'_': 'ReactionCount', 'reaction': {'_': 'ReactionEmoji', 'emoticon': '👍'}, 'count': 5, 'chosen_order': None}, {'_': 'ReactionCount', 'reaction': {'_': 'ReactionEmoji', 'emoticon': '🤔'}, 'count': 4, 'chosen_order': None}, {'_': 'ReactionCount', 'reaction': {'_': 'ReactionEmoji', 'emoticon': '🥱'}, 'count': 2, 'chosen_order': None}, {'_': 'ReactionCount', 'reaction': {'_': 'ReactionEmoji', 'emoticon': '🔥'}, 'count': 1, 'chosen_order': None}], 'min': False, 'can_see_list': False, 'reactions_as_tags': False, 'recent_reactions': []}",[],
ahgbd359,https://t.me/ahgbd359,343,2024-01-22 15:31:26,,False,False,False,False,True,False,False,True,False,False,1940209568,,,,,,,6.158980169457581e+18,,1999.0,0.0,,2024-01-22T15:32:01+00:00,,,"{'_': 'MessageReactions', 'results': [{'_': 'ReactionCount', 'reaction': {'_': 'ReactionEmoji', 'emoticon': '🔥'}, 'count': 13, 'chosen_order': None}, {'_': 'ReactionCount', 'reaction': {'_': 'ReactionEmoji', 'emoticon': '👍'}, 'count': 3, 'chosen_order': None}], 'min': False, 'can_see_list': False, 'reactions_as_tags': False, 'recent_reactions': []}",[],
ahgbd359,https://t.me/ahgbd359,344,2024-01-23 08:53:06,"Image- hidden?!!! 


Dropping next
Gp & skito working 
Ultra fast speed
Protocol - Inject

Drop your Reaction here😭",False,False,False,True,True,False,False,True,False,False,1940209568,,,,,,,,,1885.0,0.0,,2024-01-23T08:53:13+00:00,,,"{'_': 'MessageReactions', 'results': [{'_': 'ReactionCount', 'reaction': {'_': 'ReactionEmoji', 'emoticon': '❤'}, 'count': 37, 'chosen_order': None}, {'_': 'ReactionCount', 'reaction': {'_': 'ReactionEmoji', 'emoticon': '👍'}, 'count': 5, 'chosen_order': None}, {'_': 'ReactionCount', 'reaction': {'_': 'ReactionEmoji', 'emoticon': '👌'}, 'count': 3, 'chosen_order': None}, {'_': 'ReactionCount', 'reaction': {'_': 'ReactionEmoji', 'emoticon': '🤯'}, 'count': 2, 'chosen_order': None}, {'_': 'ReactionCount', 'reaction': {'_': 'ReactionEmoji', 'emoticon': '🔥'}, 'count': 1, 'chosen_order': None}, {'_': 'ReactionCount', 'reaction': {'_': 'ReactionEmoji', 'emoticon': '🤔'}, 'count': 1, 'chosen_order': None}, {'_': 'ReactionCount', 'reaction': {'_': 'ReactionEmoji', 'emoticon': '🤩'}, 'count': 1, 'chosen_order': None}, {'_': 'ReactionCount', 'reaction': {'_': 'ReactionEmoji', 'emoticon': '😭'}, 'count': 1, 'chosen_order': None}], 'min': False, 'can_see_list': False, 'reactions_as_tags': False, 'recent_reactions': []}",[],
ahgbd359,https://t.me/ahgbd359,345,2024-01-23 15:24:41,"Dropping next

It's <NRP> fast

Whats your reaction",False,False,False,False,True,False,False,True,False,False,1940209568,,,,,,,6.161231969271266e+18,,2044.0,3.0,,2024-01-23T15:25:08+00:00,,,"{'_': 'MessageReactions', 'results': [{'_': 'ReactionCount', 'reaction': {'_': 'ReactionEmoji', 'emoticon': '🔥'}, 'count': 51, 'chosen_order': None}, {'_': 'ReactionCount', 'reaction': {'_': 'ReactionEmoji', 'emoticon': '❤'}, 'count': 6, 'chosen_order': None}, {'_': 'ReactionCount', 'reaction': {'_': 'ReactionEmoji', 'emoticon': '🤯'}, 'count': 5, 'chosen_order': None}, {'_': 'ReactionCount', 'reaction': {'_': 'ReactionEmoji', 'emoticon': '👍'}, 'count': 3, 'chosen_order': None}, {'_': 'ReactionCount', 'reaction': {'_': 'ReactionEmoji', 'emoticon': '🤔'}, 'count': 3, 'chosen_order': None}, {'_': 'ReactionCount', 'reaction': {'_': 'ReactionEmoji', 'emoticon': '👏'}, 'count': 1, 'chosen_order': None}, {'_': 'ReactionCount', 'reaction': {'_': 'ReactionEmoji', 'emoticon': '👌'}, 'count': 1, 'chosen_order': None}], 'min': False, 'can_see_list': False, 'reactions_as_tags': False, 'recent_reactions': []}",[],
ahgbd359,https://t.me/ahgbd359,346,2024-01-24 03:52:40,"H-W UDP
?v𝚁𝚂𝙸𝙾𝙽: LATEST 1.0.2
➽ 𝙰𝚁𝙲𝙷𝙸𝚃𝙴𝙲𝚃𝚄𝚁𝙴: UNIVERSAL

❗𝐃𝐈𝐒𝐂𝐋𝐀𝐈𝐌𝐄𝐑❗

Uninstall the previous mod version or original version before installing this one.

𝐌𝐎𝐃 FUTURE
LOGIN REMOVED
NO channel link added☺️
☞Unlimited Bandwidth.
☞Working in all countries 
☞INJECT speed stablized
☞High speed 🚀 servers added.
☞Supports all devices.
☞All protections bypassed..
Unlimited SHERE
<PERSON>
Adjust 2apk in this one😅

⚠️সেয়ার না <PERSON>

✪ 𝐌𝐎𝐃𝐃𝐄𝐃 𝐁𝐘 ✪
AHGBD||Tusar

𝐌𝐀𝐈𝐍 𝐂𝐇𝐀𝐍𝐍𝐄𝐋
<PERSON>

Drop your React here👇👇",False,False,False,False,True,False,False,False,False,False,1940209568,,,,,,,,,3149.0,55.0,,2024-01-24T03:53:07+00:00,,,"{'_': 'MessageReactions', 'results': [{'_': 'ReactionCount', 'reaction': {'_': 'ReactionEmoji', 'emoticon': '👍'}, 'count': 56, 'chosen_order': None}, {'_': 'ReactionCount', 'reaction': {'_': 'ReactionEmoji', 'emoticon': '❤'}, 'count': 19, 'chosen_order': None}, {'_': 'ReactionCount', 'reaction': {'_': 'ReactionEmoji', 'emoticon': '🔥'}, 'count': 9, 'chosen_order': None}, {'_': 'ReactionCount', 'reaction': {'_': 'ReactionEmoji', 'emoticon': '🥰'}, 'count': 8, 'chosen_order': None}, {'_': 'ReactionCount', 'reaction': {'_': 'ReactionEmoji', 'emoticon': '😭'}, 'count': 7, 'chosen_order': None}, {'_': 'ReactionCount', 'reaction': {'_': 'ReactionEmoji', 'emoticon': '🤯'}, 'count': 2, 'chosen_order': None}, {'_': 'ReactionCount', 'reaction': {'_': 'ReactionEmoji', 'emoticon': '👏'}, 'count': 1, 'chosen_order': None}, {'_': 'ReactionCount', 'reaction': {'_': 'ReactionEmoji', 'emoticon': '👌'}, 'count': 1, 'chosen_order': None}], 'min': False, 'can_see_list': False, 'reactions_as_tags': False, 'recent_reactions': []}",[],
ahgbd359,https://t.me/ahgbd359,347,2024-01-24 15:12:25,"<PERSON> নাই🙄।প্রুফ দিলাম আর জারা চ্যানেল থেকে লেভ নিছে তারা নিজেরা পু*কি মারা খাইছে🤡

কানেক্ট না হলে ফ্লাইট মোড অন অফ করবেন কিমবা অন্যের ফোন থেকে হটস্পট নিয়ে <PERSON>

আমার ফোনের স্টোরেজ ফুল😅 অনেক কস্টে ভিডিও রেকর্ড করছি",False,False,False,False,True,False,False,True,False,False,1940209568,,,,,,,,,2941.0,2.0,,2024-01-24T15:12:58+00:00,,,"{'_': 'MessageReactions', 'results': [{'_': 'ReactionCount', 'reaction': {'_': 'ReactionEmoji', 'emoticon': '🔥'}, 'count': 33, 'chosen_order': None}, {'_': 'ReactionCount', 'reaction': {'_': 'ReactionEmoji', 'emoticon': '👍'}, 'count': 9, 'chosen_order': None}, {'_': 'ReactionCount', 'reaction': {'_': 'ReactionEmoji', 'emoticon': '😭'}, 'count': 9, 'chosen_order': None}, {'_': 'ReactionCount', 'reaction': {'_': 'ReactionEmoji', 'emoticon': '🥱'}, 'count': 5, 'chosen_order': None}, {'_': 'ReactionCount', 'reaction': {'_': 'ReactionEmoji', 'emoticon': '🤩'}, 'count': 3, 'chosen_order': None}, {'_': 'ReactionCount', 'reaction': {'_': 'ReactionEmoji', 'emoticon': '👌'}, 'count': 2, 'chosen_order': None}, {'_': 'ReactionCount', 'reaction': {'_': 'ReactionEmoji', 'emoticon': '❤'}, 'count': 1, 'chosen_order': None}, {'_': 'ReactionCount', 'reaction': {'_': 'ReactionEmoji', 'emoticon': '👏'}, 'count': 1, 'chosen_order': None}], 'min': False, 'can_see_list': False, 'reactions_as_tags': False, 'recent_reactions': []}",[],
ahgbd359,https://t.me/ahgbd359,348,2024-01-28 12:12:38,"সামনের ১৫ তারিখ থেকে আমার SSC পরিক্ষা,তাই আপনাদের ম্যাসেজ সিন করছি নাহ & নিউ ভিপিএন ও দিতে পারছি নাহ😓।

সবাই দোয়া করবেন 🥰

আসা করি পরিক্ষার পরে সব আবার <PERSON> করবো 

চ্যানেল <DATE_TIME> এড করতে পারছি নাহ,কারন কেউ তো ভিপিএন মোড করতে পারে নাহ।",False,False,False,False,True,False,False,True,True,False,1940209568,,,,,,,,,2276.0,1.0,,2024-01-28T12:12:58+00:00,,,"{'_': 'MessageReactions', 'results': [{'_': 'ReactionCount', 'reaction': {'_': 'ReactionEmoji', 'emoticon': '❤'}, 'count': 60, 'chosen_order': None}, {'_': 'ReactionCount', 'reaction': {'_': 'ReactionEmoji', 'emoticon': '👍'}, 'count': 8, 'chosen_order': None}, {'_': 'ReactionCount', 'reaction': {'_': 'ReactionEmoji', 'emoticon': '😭'}, 'count': 7, 'chosen_order': None}, {'_': 'ReactionCount', 'reaction': {'_': 'ReactionEmoji', 'emoticon': '😇'}, 'count': 4, 'chosen_order': None}, {'_': 'ReactionCount', 'reaction': {'_': 'ReactionEmoji', 'emoticon': '🤔'}, 'count': 3, 'chosen_order': None}, {'_': 'ReactionCount', 'reaction': {'_': 'ReactionEmoji', 'emoticon': '⚡'}, 'count': 1, 'chosen_order': None}, {'_': 'ReactionCount', 'reaction': {'_': 'ReactionEmoji', 'emoticon': '🥰'}, 'count': 1, 'chosen_order': None}, {'_': 'ReactionCount', 'reaction': {'_': 'ReactionEmoji', 'emoticon': '🤯'}, 'count': 1, 'chosen_order': None}, {'_': 'ReactionCount', 'reaction': {'_': 'ReactionEmoji', 'emoticon': '🎉'}, 'count': 1, 'chosen_order': None}, {'_': 'ReactionCount', 'reaction': {'_': 'ReactionEmoji', 'emoticon': '👌'}, 'count': 1, 'chosen_order': None}, {'_': 'ReactionCount', 'reaction': {'_': 'ReactionEmoji', 'emoticon': '🎄'}, 'count': 1, 'chosen_order': None}], 'min': False, 'can_see_list': False, 'reactions_as_tags': False, 'recent_reactions': []}",[],
ahgbd359,https://t.me/ahgbd359,349,2024-01-31 15:12:58,,False,False,False,True,True,,False,,,,1940209568,,,,348.0,False,False,,,,,,,,,,,
ahgbd359,https://t.me/ahgbd359,350,2024-02-11 12:11:31,"<PERSON>,জতোদিন না <PERSON> আসছে ততদিন ইনকাম🤑 সাইট নিয়ে আসি।

ঘরে বসে না থাকে কিম্বা কাজ করার পরেও সাইট এ কাজ কর‍তে পারবেন

আমি ২ বার এ ৬০০৳ withdraw দিছি",False,False,False,False,True,False,False,True,False,False,1940209568,,,,,,,,,1115.0,0.0,,2024-02-11T12:11:42+00:00,,,"{'_': 'MessageReactions', 'results': [{'_': 'ReactionCount', 'reaction': {'_': 'ReactionEmoji', 'emoticon': '👍'}, 'count': 18, 'chosen_order': None}, {'_': 'ReactionCount', 'reaction': {'_': 'ReactionEmoji', 'emoticon': '⚡'}, 'count': 2, 'chosen_order': None}, {'_': 'ReactionCount', 'reaction': {'_': 'ReactionEmoji', 'emoticon': '👌'}, 'count': 2, 'chosen_order': None}, {'_': 'ReactionCount', 'reaction': {'_': 'ReactionEmoji', 'emoticon': '👏'}, 'count': 1, 'chosen_order': None}], 'min': False, 'can_see_list': False, 'reactions_as_tags': False, 'recent_reactions': []}",[],
ahgbd359,https://t.me/ahgbd359,351,2024-02-11 12:22:09,,False,False,False,False,True,False,False,True,False,False,1940209568,,,,,,,,,1154.0,0.0,,2024-02-11T15:22:05+00:00,,,"{'_': 'MessageReactions', 'results': [], 'min': False, 'can_see_list': False, 'reactions_as_tags': False, 'recent_reactions': []}",[],
ahgbd359,https://t.me/ahgbd359,352,2024-02-12 11:35:51,🥰🥰🥰🥰🥰,False,False,False,False,True,False,False,True,False,False,1940209568,,,,,,,6.2197722618466e+18,,869.0,0.0,,2024-02-12T11:36:16+00:00,,,"{'_': 'MessageReactions', 'results': [{'_': 'ReactionCount', 'reaction': {'_': 'ReactionEmoji', 'emoticon': '👏'}, 'count': 11, 'chosen_order': None}, {'_': 'ReactionCount', 'reaction': {'_': 'ReactionEmoji', 'emoticon': '👍'}, 'count': 3, 'chosen_order': None}], 'min': False, 'can_see_list': False, 'reactions_as_tags': False, 'recent_reactions': []}",[],
ahgbd359,https://t.me/ahgbd359,355,2024-02-12 12:33:43,"shopX 100pro এইটা অনেক ট্রাস্টেড website । এইখানে মাত্র ১০০৳ দিয়ে একাউন্ট এক্টিভেট করলে হাজার হাজার টাকা ইনকাম করতে পারবেন। 

জাদের একাউন্ট আছে তারা চাইলে আবার একাউন্ট খুলতে পারেন।কারন আমার লংক দিয়ে একাউন্ট খুললে ৩৭% লোক মানে ১০০টা একাউন্ট খুল্লে ৩৭জন ২ টা টাস্ক পাবেন ৫০৳ করে মানে ২ টায় মোট ১০০৳ এবং ২০০৳ হলেই উইথড্র  দিতে পারবেন।



একটা রেফার করলে ৩০৳,মোট ৫ম জেনারেশন পযর্ন্ত মানে, আপনি একজনকে রেফার করছেন তাহলে আপনি পাবেন ৩০৳ এবার জাকে রেফার করছেন সে <NRP> রেফার করে তাহলে সে <PERSON> ৩০৳ আর আপনি পাবেন ২০৳ আবার জাকে রেফার করার জন্ন্যে আপনি ২০৳ পেয়েছেন সে রেফার করলে আপনি পাবেন ১৫৳   2য় জন পাবে ২০ এবং ৩য় জন <PERSON> এইভাবে ৫জন পযন্ত <PERSON> পাবেন।অনলি লাভ আর লাভ।রেফার না করালেও প্রতিদিন ১২-৯৯ টাকা ইনকাম করতে পারবেন 

<PERSON> রেফার বেশি ইনকাম😇

আপনি যদি ৩৭জনের মধ্যে একজন হন তাহলে 2টা রেফার <PERSON> 2টা টাস্ক কম্পলিট করলে  মাত্র  ২দিনেই ২০০৳ উইথড্র দিতে পারবেন, <PERSON> 2দিনে ডাবল টাকা<PERSON>,নগদ কিম্বা রকেট এর মাধ্যমে টাকা উইথড্র দিতে পারবেন

সবার কাজ সুরু <PERSON>:https://shopx.best/go/9y2A7Kwhzt

এপ্স ব্যাবহার করলে রেফার কোড:<US_PASSPORT>",False,False,False,False,True,False,False,True,True,False,1940209568,,,,,,,,,867.0,2.0,,2024-02-12T12:34:47+00:00,,,"{'_': 'MessageReactions', 'results': [{'_': 'ReactionCount', 'reaction': {'_': 'ReactionEmoji', 'emoticon': '👍'}, 'count': 3, 'chosen_order': None}, {'_': 'ReactionCount', 'reaction': {'_': 'ReactionEmoji', 'emoticon': '🤔'}, 'count': 1, 'chosen_order': None}], 'min': False, 'can_see_list': False, 'reactions_as_tags': False, 'recent_reactions': []}",[],
ahgbd359,https://t.me/ahgbd359,356,2024-02-12 12:33:43,"✅কিভাবে একাউন্ট করবেন
✅কিভাবে একাউন্ট এক্টিভ করবেন
✅কিভাবে কাজ করবেন
✅কিভাবে উইথড্র করবেন

✅বিস্তারিত সবকিছু?

সাইট লিংক: https://shopx.best/go/9y2A7Kwhzt",False,False,False,False,True,False,False,True,True,False,1940209568,,,,,,,,,896.0,0.0,,2024-02-12T12:34:45+00:00,,,"{'_': 'MessageReactions', 'results': [{'_': 'ReactionCount', 'reaction': {'_': 'ReactionEmoji', 'emoticon': '👍'}, 'count': 5, 'chosen_order': None}, {'_': 'ReactionCount', 'reaction': {'_': 'ReactionEmoji', 'emoticon': '🥱'}, 'count': 3, 'chosen_order': None}], 'min': False, 'can_see_list': False, 'reactions_as_tags': False, 'recent_reactions': []}",[],
ahgbd359,https://t.me/ahgbd359,357,2024-02-12 13:54:54,,False,False,False,True,True,,False,,,,1940209568,,,,356.0,False,False,,,,,,,,,,,
ahgbd359,https://t.me/ahgbd359,358,2024-02-12 13:54:58,,False,False,False,True,True,,False,,,,1940209568,,,,355.0,False,False,,,,,,,,,,,
ahgbd359,https://t.me/ahgbd359,359,2024-02-12 14:03:23,"এখন একাউন্ট খুললে, সাথে সাথে একটা টাস্ক ৫০৳

লিংক: https://shopx.best/go/9y2A7Kwhzt",False,False,False,False,True,False,False,True,False,False,1940209568,,,,,,,6.219664827534658e+18,,978.0,0.0,,2024-02-12T14:03:30+00:00,,,"{'_': 'MessageReactions', 'results': [{'_': 'ReactionCount', 'reaction': {'_': 'ReactionEmoji', 'emoticon': '🥱'}, 'count': 9, 'chosen_order': None}, {'_': 'ReactionCount', 'reaction': {'_': 'ReactionEmoji', 'emoticon': '🤯'}, 'count': 2, 'chosen_order': None}, {'_': 'ReactionCount', 'reaction': {'_': 'ReactionEmoji', 'emoticon': '👍'}, 'count': 1, 'chosen_order': None}], 'min': False, 'can_see_list': False, 'reactions_as_tags': False, 'recent_reactions': []}",[],
ahgbd359,https://t.me/ahgbd359,360,2024-02-13 16:05:30,"Udp Premium Server For Http Custom

Server 1: HttpCustom: 

<IP_ADDRESS>:1-65535@Anyonymo1:1234

Expires on: <DATE_TIME>

Server 2: HttpCustom:

<IP_ADDRESS>:1-65535@Anyonymo2:1234

Expires on: <DATE_TIME>

Server 3: HttpCustom: 

<IP_ADDRESS>:1-65535@Anyonymo3:1234

Expires on: <DATE_TIME>

Server 4: HttpCustom: 

<IP_ADDRESS>:1-65535@Anyonymo4:1234

Expires on: <DATE_TIME>


•COLLECTED•",False,False,False,False,True,False,False,True,False,False,1940209568,,,,,,,,,935.0,2.0,,2024-02-13T16:05:50+00:00,,,"{'_': 'MessageReactions', 'results': [{'_': 'ReactionCount', 'reaction': {'_': 'ReactionEmoji', 'emoticon': '🤔'}, 'count': 8, 'chosen_order': None}, {'_': 'ReactionCount', 'reaction': {'_': 'ReactionEmoji', 'emoticon': '👍'}, 'count': 3, 'chosen_order': None}, {'_': 'ReactionCount', 'reaction': {'_': 'ReactionEmoji', 'emoticon': '👌'}, 'count': 1, 'chosen_order': None}], 'min': False, 'can_see_list': False, 'reactions_as_tags': False, 'recent_reactions': []}",[],
ahgbd359,https://t.me/ahgbd359,362,2024-02-14 01:51:14,"ফ্রী তে লক্ষ টাকা ইনকামের সুযোগ 🤑কোনো ডিপোজিট করা লাগবে না

⚡HOT COIN 👛 🪙

কোনো পরিশ্রমের কাজ নেই -
✓শুধু অ্যাকাউন্ট করেন 
✓মাইনিং নিয়মিত <DATE_TIME>
✓ধৈর্য ধরে কাজ করেন

টোকেন লিষ্ট হলেই <PERSON> লিংক 👇
t.me/herewalletbot/app?startapp=1770078

মিস করলে পস্তাবেন !",False,False,False,False,True,False,False,True,False,False,1940209568,,,,,,,,,893.0,1.0,,2024-02-14T01:51:42+00:00,,,"{'_': 'MessageReactions', 'results': [{'_': 'ReactionCount', 'reaction': {'_': 'ReactionEmoji', 'emoticon': '👍'}, 'count': 3, 'chosen_order': None}, {'_': 'ReactionCount', 'reaction': {'_': 'ReactionEmoji', 'emoticon': '👏'}, 'count': 2, 'chosen_order': None}, {'_': 'ReactionCount', 'reaction': {'_': 'ReactionEmoji', 'emoticon': '😇'}, 'count': 2, 'chosen_order': None}], 'min': False, 'can_see_list': False, 'reactions_as_tags': False, 'recent_reactions': []}",[],
ahgbd359,https://t.me/ahgbd359,363,2024-02-14 16:15:47,"জারা এখনো (hot coin) এ একাউন্ট করেন নাই তারা একাউন্ট করে নেন।

মিস করলে আপনারি লস,পরে পস্তাবেন😴",False,False,False,False,True,False,False,False,False,False,1940209568,,,,,,,,,698.0,0.0,,,,,,[],
ahgbd359,https://t.me/ahgbd359,364,2024-02-14 16:18:35,"HOT COIN UPDATE 🔥

<DATE_TIME> তাদের অফিসিয়াল 
Apps আসবে...playstore 
big loot বোনাস আছে....!

মাইনিং STOP করা যাবে না❗

কাজ করুন - সময় মত claim করুন✓

আপনারা যে যত টোকেন claim <NRP> 
তেমন প্রফিট হবে  ✅

Withdraw যখন সময় হবে..
জানিয়ে দিব - √

একাউন্ট খোলার লিংখ:http://t.me/herewalletbot/app?startapp=1770078",False,False,False,False,True,False,False,True,False,False,1940209568,,,,,,,,,829.0,0.0,,2024-02-14T16:18:48+00:00,,,"{'_': 'MessageReactions', 'results': [{'_': 'ReactionCount', 'reaction': {'_': 'ReactionEmoji', 'emoticon': '🥰'}, 'count': 4, 'chosen_order': None}, {'_': 'ReactionCount', 'reaction': {'_': 'ReactionEmoji', 'emoticon': '🔥'}, 'count': 1, 'chosen_order': None}], 'min': False, 'can_see_list': False, 'reactions_as_tags': False, 'recent_reactions': []}",[],
ahgbd359,https://t.me/ahgbd359,365,2024-02-15 08:24:49,"<PERSON> অনেক ধন্যবাদ 🥰🥰


Your Gift is comming🎁🎁",False,False,False,False,True,False,False,True,False,False,1940209568,,,,,,,6.228818575368502e+18,,800.0,0.0,,2024-02-15T08:24:55+00:00,,,"{'_': 'MessageReactions', 'results': [{'_': 'ReactionCount', 'reaction': {'_': 'ReactionEmoji', 'emoticon': '👍'}, 'count': 8, 'chosen_order': None}, {'_': 'ReactionCount', 'reaction': {'_': 'ReactionEmoji', 'emoticon': '❤'}, 'count': 2, 'chosen_order': None}, {'_': 'ReactionCount', 'reaction': {'_': 'ReactionEmoji', 'emoticon': '🤔'}, 'count': 1, 'chosen_order': None}], 'min': False, 'can_see_list': False, 'reactions_as_tags': False, 'recent_reactions': []}",[],
ahgbd359,https://t.me/ahgbd359,366,2024-02-16 15:11:18,"HOT COIN 🪙
এখনো যারা জয়েন করেন নাই।
দ্রুত ভিডিও দেখে জয়েন করে নিন,
ফিউচারে ভালো <PERSON> হতে চলেছে😍
ভিডিও:<PERSON>/ahgbd359/362

যারা অলরেডী জয়েন করছেন ,
সময় মত claim করছেন না ।

সময় মত claim করুন । যত টোকেন কালেক্ট করবেন।  তেমন ইনকাম হবে💯

পারলে ৩,৪ টা রেফার করুন ।
মাইনিং স্পীড অনেক বাড়বে ।

👇👇Link👇👇 http://t.me/herewalletbot/app?startapp=1770078

জারা ঠিকমতো মাইনিং <NRP> তাদের ভিপিএন দিব,জানি না চলবে কি না।আমার চলে কিন্তু স্পিড কম ৩০০-৫০০kb
এতে আপনারও লাভ আমারও লাভ❤️❤️",False,False,False,False,True,False,False,False,False,False,1940209568,,,,,,,,,765.0,0.0,,2024-02-16T15:12:12+00:00,,,"{'_': 'MessageReactions', 'results': [{'_': 'ReactionCount', 'reaction': {'_': 'ReactionEmoji', 'emoticon': '👍'}, 'count': 5, 'chosen_order': None}, {'_': 'ReactionCount', 'reaction': {'_': 'ReactionEmoji', 'emoticon': '❤'}, 'count': 2, 'chosen_order': None}, {'_': 'ReactionCount', 'reaction': {'_': 'ReactionEmoji', 'emoticon': '🤯'}, 'count': 1, 'chosen_order': None}], 'min': False, 'can_see_list': False, 'reactions_as_tags': False, 'recent_reactions': []}",[],
ahgbd359,https://t.me/ahgbd359,367,2024-02-17 06:11:35,🤫🤫🤫🤫🤫🤫,False,False,False,False,True,False,False,True,False,False,1940209568,,,,,,,6.233463226016843e+18,,732.0,2.0,,2024-02-17T06:11:45+00:00,,,"{'_': 'MessageReactions', 'results': [{'_': 'ReactionCount', 'reaction': {'_': 'ReactionEmoji', 'emoticon': '🔥'}, 'count': 32, 'chosen_order': None}, {'_': 'ReactionCount', 'reaction': {'_': 'ReactionEmoji', 'emoticon': '😭'}, 'count': 9, 'chosen_order': None}, {'_': 'ReactionCount', 'reaction': {'_': 'ReactionEmoji', 'emoticon': '🤯'}, 'count': 5, 'chosen_order': None}, {'_': 'ReactionCount', 'reaction': {'_': 'ReactionEmoji', 'emoticon': '\U0001fae1'}, 'count': 2, 'chosen_order': None}], 'min': False, 'can_see_list': False, 'reactions_as_tags': False, 'recent_reactions': []}",[],
ahgbd359,https://t.me/ahgbd359,368,2024-02-17 16:21:40,"admin username changed

@tusarahammed35",False,False,False,False,True,False,False,True,False,False,1940209568,,,,,,,,,681.0,0.0,,2024-02-17T16:22:01+00:00,,,"{'_': 'MessageReactions', 'results': [{'_': 'ReactionCount', 'reaction': {'_': 'ReactionEmoji', 'emoticon': '❤'}, 'count': 5, 'chosen_order': None}, {'_': 'ReactionCount', 'reaction': {'_': 'ReactionEmoji', 'emoticon': '👍'}, 'count': 2, 'chosen_order': None}], 'min': False, 'can_see_list': False, 'reactions_as_tags': False, 'recent_reactions': []}",[],
ahgbd359,https://t.me/ahgbd359,369,2024-02-18 07:01:53,"Inbox 

@tusarahammed35

জারা একাউন্ট খুলছেন তারা ইনবক্স করেন",False,False,False,False,True,False,False,True,False,False,1940209568,,,,,,,6.237966825644211e+18,,604.0,0.0,,2024-02-23T01:24:16+00:00,,,"{'_': 'MessageReactions', 'results': [{'_': 'ReactionCount', 'reaction': {'_': 'ReactionEmoji', 'emoticon': '👍'}, 'count': 2, 'chosen_order': None}], 'min': False, 'can_see_list': False, 'reactions_as_tags': False, 'recent_reactions': []}",[],
