Channel ID,URL,Post ID,date,message,out,mentioned,media_unread,silent,post,from_scheduled,legacy,edit_hide,pinned,noforwards,peer_channel,from_id_user,fwd_from,via_bot_id,reply_to_msg_id,reply_to_scheduled,forum_topic,media_photo_id,reply_markup,views,forwards,replies,edit_date,post_author,grouped_id,reactions,restriction_reason,ttl_period
alexoficmods,https://t.me/alexoficmods,104,2024-02-16 14:26:01,"New WA Updates 🥳

Version : <PHONE_NUMBER> 🌟

❇️ Improved Anti-Ban Protection ❇<NRP>

✅ Many Fixes And Improvements ✅ 

Read The Changelog After Installation For Detailed Information 🤩

🔽 Download From Files Below  🔽",False,False,False,False,True,False,False,True,False,False,1729988064,,,,,,,,,2073.0,34.0,,2024-02-16T14:26:24+00:00,,1.366474849215602e+16,"{'_': 'MessageReactions', 'results': [{'_': 'ReactionCount', 'reaction': {'_': 'ReactionEmoji', 'emoticon': '👍'}, 'count': 42, 'chosen_order': None}, {'_': 'ReactionCount', 'reaction': {'_': 'ReactionEmoji', 'emoticon': '👎'}, 'count': 30, 'chosen_order': None}, {'_': 'ReactionCount', 'reaction': {'_': 'ReactionEmoji', 'emoticon': '🤷\u200d♂'}, 'count': 6, 'chosen_order': None}, {'_': 'ReactionCount', 'reaction': {'_': 'ReactionEmoji', 'emoticon': '👏'}, 'count': 5, 'chosen_order': None}, {'_': 'ReactionCount', 'reaction': {'_': 'ReactionEmoji', 'emoticon': '❤'}, 'count': 3, 'chosen_order': None}], 'min': False, 'can_see_list': False, 'reactions_as_tags': False, 'recent_reactions': []}",[],
alexoficmods,https://t.me/alexoficmods,105,2024-02-16 14:26:01,,False,False,False,False,True,False,False,False,False,False,1729988064,,,,,,,,,2193.0,42.0,,,,1.366474849215602e+16,,[],
alexoficmods,https://t.me/alexoficmods,106,2024-02-16 14:26:01,,False,False,False,False,True,False,False,False,False,False,1729988064,,,,,,,,,2117.0,38.0,,,,1.366474849215602e+16,,[],
alexoficmods,https://t.me/alexoficmods,107,2024-02-16 14:26:01,,False,False,False,False,True,False,False,False,False,False,1729988064,,,,,,,,,2169.0,52.0,,,,1.366474849215602e+16,,[],
alexoficmods,https://t.me/alexoficmods,108,2024-02-19 15:08:29,"⚠️⚠️⚠️⚠️
Peace be upon you all, I hope you are well....
 I know that many are currently suffering from lockdown problems...

 This ban is not only for <PERSON> or Faris Mods versions, but this ban includes all developer versions and also includes the official WhatsApp version from Google Play...

 This means that WhatsApp is currently fighting itself and is blocking users randomly....

 We are currently resolving this problem and will issue a new update. The update was delayed due to the ban

 At this time, we cannot guarantee that the Company cares about you, your conversations, or your media files.  So make sure to back up important things.  Use it at your own risk!

 We hope everyone understands what is happening

 Your brother AlexMods",False,False,False,False,True,False,False,True,False,False,1729988064,,,,,,,,,1189.0,9.0,,2024-02-19T15:09:44+00:00,,,"{'_': 'MessageReactions', 'results': [{'_': 'ReactionCount', 'reaction': {'_': 'ReactionEmoji', 'emoticon': '👍'}, 'count': 55, 'chosen_order': None}, {'_': 'ReactionCount', 'reaction': {'_': 'ReactionEmoji', 'emoticon': '😢'}, 'count': 30, 'chosen_order': None}, {'_': 'ReactionCount', 'reaction': {'_': 'ReactionEmoji', 'emoticon': '❤'}, 'count': 17, 'chosen_order': None}, {'_': 'ReactionCount', 'reaction': {'_': 'ReactionEmoji', 'emoticon': '😱'}, 'count': 12, 'chosen_order': None}, {'_': 'ReactionCount', 'reaction': {'_': 'ReactionEmoji', 'emoticon': '🤔'}, 'count': 4, 'chosen_order': None}, {'_': 'ReactionCount', 'reaction': {'_': 'ReactionEmoji', 'emoticon': '👏'}, 'count': 2, 'chosen_order': None}, {'_': 'ReactionCount', 'reaction': {'_': 'ReactionEmoji', 'emoticon': '🤯'}, 'count': 2, 'chosen_order': None}], 'min': False, 'can_see_list': False, 'reactions_as_tags': False, 'recent_reactions': []}",[],
alexoficmods,https://t.me/alexoficmods,112,2024-03-08 01:13:34,"Updates will be in the official channel
My ofic chanel 
https://t.me/AlexMods_Official
My bot
@Martensite_bot",False,False,False,False,True,False,False,True,False,False,1729988064,,,,,,,,,1692.0,3.0,,2024-03-08T02:25:32+00:00,,,"{'_': 'MessageReactions', 'results': [{'_': 'ReactionCount', 'reaction': {'_': 'ReactionEmoji', 'emoticon': '🔥'}, 'count': 27, 'chosen_order': None}, {'_': 'ReactionCount', 'reaction': {'_': 'ReactionEmoji', 'emoticon': '👍'}, 'count': 15, 'chosen_order': None}, {'_': 'ReactionCount', 'reaction': {'_': 'ReactionEmoji', 'emoticon': '🤡'}, 'count': 8, 'chosen_order': None}, {'_': 'ReactionCount', 'reaction': {'_': 'ReactionEmoji', 'emoticon': '❤'}, 'count': 2, 'chosen_order': None}], 'min': False, 'can_see_list': False, 'reactions_as_tags': False, 'recent_reactions': []}",[],
