Channel ID,URL,Post ID,date,message,out,mentioned,media_unread,silent,post,from_scheduled,legacy,edit_hide,pinned,noforwards,peer_channel,from_id_user,fwd_from,via_bot_id,reply_to_msg_id,reply_to_scheduled,forum_topic,media_photo_id,reply_markup,views,forwards,replies,edit_date,post_author,grouped_id,reactions,restriction_reason,ttl_period
allapk4free,https://t.me/allapk4free,868,2024-01-21 13:45:57,"⬇️ XPlayer - Video Player All Format
✅ Version: v2.3.7.5🔔 #update
⚠️ Play Store / Official Site Link

Features & Mod Info: 🔥
❤️ HD Video Player supports 1080p
❤️ Subtitle, Chrome cast and more..
❤️ Player Support ALL video formats
❤️ Support subtitle downloader more
❤️ Keep videos safe with private folder.
❤️ Credits Mixroot 

✔️ Pro Features Unlocked.
🔒 How To Download ⬇️    
📎 t.me/How2_openLinks ❔

🎹<PERSON> ➡️@PaidBackup

🚛 <PERSON> ➡️ CLICK HERE
               
             ",False,False,False,False,True,False,False,True,False,False,1968246581,,,,,,,,,13963,18,,2024-01-21T13:50:28+00:00,,,"{'_': 'MessageReactions', 'results': [{'_': 'ReactionCount', 'reaction': {'_': 'ReactionEmoji', 'emoticon': '👍'}, 'count': 1, 'chosen_order': None}], 'min': False, 'can_see_list': False, 'reactions_as_tags': False, 'recent_reactions': []}",[],
allapk4free,https://t.me/allapk4free,872,2024-01-24 02:29:43,"🪙 PicsArt Premium/Gold Mod
✅ Version - v24.1.6🔔 #update
⚠️ Play Store / Official Site Link

👑 Features & Mod Info:
🕯 Most popular pic editing app
🕯 Now supports video editing
🕯 Photo editing tools,template
🕯 Make logo, posters,
 collages.
❤️ credit Mixroot 

✔️ Gold Subscription Unlocked.

❌ <PERSON> Will Not Work As It's Server-Sided.

🔒 How To Download ⬇️    
📎 t.me/How2_openLinks ❔

🎹<PERSON> ➡️@PaidBackup

🚛 <PERSON> ➡️ CLICK HERE",False,False,False,False,True,False,False,False,False,False,1968246581,,,,,,,,,16521,23,,,,,,[],
allapk4free,https://t.me/allapk4free,877,2024-01-26 06:17:54,"<PERSON> STUDIO: GRAPHIC DESIGN PRO APK
⛔ Version - v7.56.1🔔#updated
⚠️ App info : click here

 Features & Mod Info :

🔘Make logo, posters and more
🔘Thousands of templates
🔘Create Instagram & fb posts
🔘Add Beautiful text on images
❤️ Credit Balatan 

✔️ Premium subscription Unlocked
🔒 How To Download ⬇️    
📎 t.me/How2_openLinks ❔

🎹<PERSON> ➡️@PaidBackup

🚛 <PERSON> ➡️ CLICK HERE",False,False,False,False,True,False,False,False,False,False,1968246581,,,,,,,,,14486,25,,,,,,[],
allapk4free,https://t.me/allapk4free,879,2024-01-26 11:46:46,"🔵 Backup & Restore - App & Sms
⛔ Version: v7.4.1🔔 #update
⚠️ Play Store / Official Site Link

🚨 Features & Mod Info:
❤️ APK backup & restoare
❤️ SMS & Contact Backup
❤️ Call logs backup & restore
❤️ Photo Backup & restore
❤️ Extract & Retrieve APK files
❤️ Transfer & Share Backups.
❤️ Credit Balatan 

🔥 Pro Features Unlocked.

🔒 How To Download ⬇️    
📎 t.me/How2_openLinks ❔

🎹<PERSON> ➡️@PaidBackup

🚛 <PERSON> ➡️ CLICK HERE",False,False,False,False,True,False,False,False,False,False,1968246581,,,,,,,,,13049,11,,,,,,[],
allapk4free,https://t.me/allapk4free,882,2024-01-27 01:27:28,"⭐️ ZEDGE™ Wallpapers & Ringtones
✅ 
Version: v8.30.1#Final 🔔 #update
⚠️ Play Store / Official Site Link
<DATE_TIME> 🟢
✅ Wide range of wallpapers
✅ Free ringtones, notifications
✅ Animated video wallpapers
✅ Large selection of stickers
✅ Live wallpapers collection.

✅ Premium Subscription Unlocked.

Note 🚨: Subscription is not equal to premium credits, you can watch ads to earn credits and download premium contents.

🔒 How To Download ⬇️    
📎 t.me/How2_openLinks ❔

🎹<PERSON> ➡️@PaidBackup

🚛 <PERSON> ➡️ CLICK HERE",False,False,False,False,True,False,False,True,False,False,1968246581,,,,,,,,,13630,11,,2024-01-27T01:27:29+00:00,,,"{'_': 'MessageReactions', 'results': [{'_': 'ReactionCount', 'reaction': {'_': 'ReactionEmoji', 'emoticon': '👍'}, 'count': 1, 'chosen_order': None}], 'min': False, 'can_see_list': False, 'reactions_as_tags': False, 'recent_reactions': []}",[],
allapk4free,https://t.me/allapk4free,884,2024-01-27 04:26:35,"⬇️ ToonMe Photo Cartoon Maker
✅ Version: v0.6.105 🔔 #update
⚠️ Play Store / Official Site Link

Features & Mod Info: 🔥
❤️ Add draw effect in photos
<PERSON> up, cartoonize, <PERSON> cartoon maker
❤️ Vector portrait templates.

✔️ Premium Features Unlocked.

🔒 How To Download ⬇️    
📎 t.me/How2_openLinks ❔

🎹<PERSON> ➡️@PaidBackup

🚛 <PERSON> ➡️ CLICK HERE",False,False,False,False,True,False,False,True,False,False,1968246581,,,,,,,,,15305,15,,2024-01-28T17:34:55+00:00,,,"{'_': 'MessageReactions', 'results': [{'_': 'ReactionCount', 'reaction': {'_': 'ReactionEmoji', 'emoticon': '👍'}, 'count': 1, 'chosen_order': None}], 'min': False, 'can_see_list': False, 'reactions_as_tags': False, 'recent_reactions': []}",[],
allapk4free,https://t.me/allapk4free,896,2024-02-03 15:03:32,"🧩 Adobe Express: Graphic Design Premium
😢 Version : 8.25.3 🔔#updated
⚠️ PlayStore Link

   Features & Mod Info 🔥
❤️ Easily create your brand
 story
❤️Quality designs and 
templates
<PERSON> templates for Instagram
❤️ Release by Balatan

✔<NRP> subscription Unlocked

🔒 How To Download ⬇️    
📎 t.me/How2_openLinks ❔

🎁🎁🎁🎁🎁➡️@PaidBackup

🚛 <PERSON> ➡️ CLICK HERE",False,False,False,False,True,False,False,False,False,False,1968246581,,,,,,,,,10431,12,,,,,,[],
allapk4free,https://t.me/allapk4free,906,2024-02-05 03:08:44,"🔤Bubble Screen Translator app
⛔ Version : v4.1.3⚠️#update
⚠️ App Description : click here

✅ Features and Mod :

🔘Translate any text on your screen
🔘Recognizes text on your screen
🔘Translate them in real time easily
🔘Browser, Msg,photos,document
🔘Anything can be translated easily 
❤️ Credits Derrin

🔒 How To Download ⬇️    
📎 t.me/How2_openLinks ❔

🎁🎁🎁🎁🎁➡️@PaidBackup

🚛 <PERSON> ➡️ CLICK HERE",False,False,False,False,True,False,False,False,False,False,1968246581,,,,,,,6.082502070524555e+18,,8906,15,,,,,,[],
allapk4free,https://t.me/allapk4free,910,2024-02-05 09:44:00,"✅ YouTube ReVanced Mod [ Experimental ]
⛔ Version: v19.04.38 🔔 #update
⚠️ Play Store / Official Site Link 

Features & Mod Exclusive: 🔥
❤️ Premium features of Youtube 
❤️ Option to avoid intrusive sponsor 
<PERSON> Youtube premium 
❤️ Override screen resolution
❤️ Option to swtich to old Yt UI 
❤️ Blocks all kinds of ads 
<PERSON> inotia00+Derrin 

MicroG For Login  ➡️ Click Here

🔒 How To Download ⬇️    
📎 t.me/How2_openLinks ❔

🎁🎁🎁🎁🎁➡️@PaidBackup

🚛 <PERSON> CLICK HERE",False,False,False,False,True,False,False,False,False,False,1968246581,,,,,,,,,11429,35,,,,,,[],
allapk4free,https://t.me/allapk4free,912,2024-02-05 13:26:39,"🎁 PhotoMath : Solve Maths
✅ Version: v8.35.0🔔 #update
⚠️ Play Store / Official Site Link

Features & Mod Info: 🔥
❤️ Math explained, step-by-step
❤️ Scan problems to get answers
❤️ Basic Math/Pre-Algebra, roots
❤️ Algebra,Geometry,Trigonometry
❤️ Calculus, Statistics & More..
❤️ Credit Mixroot 

✔️ Plus Subscription Unlocked.

Note: Most Textbook solutions are not unlocked as they are server-sided.
🔒 How To Download ⬇️    
📎 t.me/How2_openLinks ❔

🎹<PERSON> ➡️@PaidBackup

🚛 <PERSON> ➡️ CLICK HERE",False,False,False,False,True,False,False,False,False,False,1968246581,,,,,,,,,11292,14,,,,,,[],
allapk4free,https://t.me/allapk4free,916,2024-02-06 04:03:57,"📁 ES File Explorer Pro MOD
⛔ Version : v4.<IP_ADDRESS> 🔔#updated

Features & Mod Info : 🔶

🔘 All Ads removed from the app
🔘 <PERSON> banner also remove
🔘 Real Time Monitor unlocked
🔘 Theme Chooser unlocked
🔘 System hidden files unlocked
⚙️ Credits Derrin 

✔️Premium subscription unlocked

🔒 How To Download ⬇️    
📎 t.me/How2_openLinks ❔

🎹<PERSON> ➡️@PaidBackup

🚛 <PERSON> ➡️ CLICK HERE",False,False,False,False,True,False,False,False,False,False,1968246581,,,,,,,,,13723,18,,,,,,[],
allapk4free,https://t.me/allapk4free,919,2024-02-07 01:24:35,"📞 Sticker Maker For Whatsapp
⛔ Version : v1.01.46.02.04🔔#updated
⚠️ More info : click here

 Features and Mod info 🔥 
🔘 Create stickers for WhatsApp
🔘 Make your own sticker pack
🔘 Make Funny meme stickers
🔘 Add text, punch lines in sticker
⭐ Credits Piemods

✔️ Pro Features Unlocked.

🔒 How To Download ⬇️    
📎 t.me/How2_openLinks ❔

🎹<PERSON> ➡️@PaidBackup

🚛 <PERSON> ➡️ CLICK HERE",False,False,False,False,True,False,False,False,False,False,1968246581,,,,,,,,,16050,16,,,,,,[],
allapk4free,https://t.me/allapk4free,936,2024-02-17 00:36:56,"⚙️ WPS Office Pro apk
⛔ Version - v18.7.2🔔#updated
⚠️ More info : click here

 Features & Mod info :❓

<PERSON> in one best office suite app
🔘Premium tools and templates
🔘Crop and merge pdfs and docs
🔘 Edit pdf, sign, fill forms easily
🔘 Login via email account required
⭐ Release by BALATAN

✔️ Premium subscription Unlocked

🔒 How To Download ⬇️    
📎 t.me/How2_openLinks ❔

🎁🎁🎁🎁🎁➡️@PaidBackup

🚛 <PERSON> ➡️ CLICK HERE",False,False,False,False,True,False,False,True,False,False,1968246581,,,,,,,,,12336,21,,2024-02-26T15:07:54+00:00,,,"{'_': 'MessageReactions', 'results': [{'_': 'ReactionCount', 'reaction': {'_': 'ReactionEmoji', 'emoticon': '👍'}, 'count': 1, 'chosen_order': None}], 'min': False, 'can_see_list': False, 'reactions_as_tags': False, 'recent_reactions': []}",[],
allapk4free,https://t.me/allapk4free,946,2024-02-21 03:47:31,"🧩 Adobe Lightroom - Photo Editor..
⛔ Version : v9.2.0🔔 #updated
⚠️ More info : click here

❤️ Features & Mod info :

🔘Adobe Photoshop Lightroom is a free Photo editor
🔘Premium/ paid features unlocked
🔘No adobe ID account required
🔘 Sign-in bypassed
❤️ Credits Mixroot

✔️ Premium Features Are Unlocked.

➗➗➗➗➗➗➗➗➗
✅ 𝗝𝗼𝗶𝗻 :@PaidBackup✔️
➗➗➗➗➗➗➗➗➗
🚛𝗟𝗶𝗻𝗸 : <PERSON> 𝘁𝗼 𝗗𝗼𝘄𝗻𝗹𝗼𝗮𝗱
➗➗➗➗➗➗➗➗➗",False,False,False,False,True,False,False,True,False,False,1968246581,,,,,,,,,8940,24,,2024-02-21T03:47:32+00:00,,,"{'_': 'MessageReactions', 'results': [{'_': 'ReactionCount', 'reaction': {'_': 'ReactionEmoji', 'emoticon': '👍'}, 'count': 2, 'chosen_order': None}, {'_': 'ReactionCount', 'reaction': {'_': 'ReactionEmoji', 'emoticon': '❤'}, 'count': 1, 'chosen_order': None}], 'min': False, 'can_see_list': False, 'reactions_as_tags': False, 'recent_reactions': []}",[],
allapk4free,https://t.me/allapk4free,951,2024-02-22 03:25:35,"🔄 CCleaner - Pro Cleaner
⛔ 
Version: v24.03.0 🔔 #update
⚠️ Play Store / Official Site Link

Features & Mod Info: ☄️
❤️ Junk Cleaner and storage cleaner
❤️ Device Manager and optimizer
<PERSON> battery health & backup
❤️ Media cleaner & best App Cleaner
❤️ Increase your device performance.
❤️ Credits Derrin 

🔥 Pro Features Unlocked.

➗➗➗➗➗➗➗➗➗
✅ 𝗝𝗼𝗶𝗻 :@PaidBackup✔️
➗➗➗➗➗➗➗➗➗
🚛𝗟𝗶𝗻𝗸 : <PERSON> 𝘁𝗼 𝗗𝗼𝘄𝗻𝗹𝗼𝗮𝗱
➗➗➗➗➗➗➗➗➗",False,False,False,False,True,False,False,False,False,False,1968246581,,,,,,,,,8216,4,,,,,,[],
allapk4free,https://t.me/allapk4free,952,2024-02-22 03:27:42,"🕹️ PGT Pro / Pro GFX & Optimizer 
🎯 Version: v0.23.3🔔#updated
⚠️ Playstore Link : click here

 Features & Mod info 🔥

🔘 Unlock greater FPS & graphics
🔘 Downgrade graphics settings
🔘 Shadow quality, zero lag mode
🔘 Battery efficient and smooth
🔘 GPU & Graphics optimisation
🔘 Support PUBGM Version,BGMI
⭐ Credits Youarefinished

✔️ Pro Features Unlocked.

➗➗➗➗➗➗➗➗➗
✅ 𝗝𝗼𝗶𝗻 :@PaidBackup✔️
➗➗➗➗➗➗➗➗➗
🚛𝗟𝗶𝗻𝗸 : <PERSON> 𝘁𝗼 𝗗𝗼𝘄𝗻𝗹𝗼𝗮𝗱
➗➗➗➗➗➗➗➗➗",False,False,False,False,True,False,False,False,False,False,1968246581,,,,,,,,,8134,15,,,,,,[],
allapk4free,https://t.me/allapk4free,953,2024-02-22 04:42:02,"🌿 Truec4ller Premium Gold 
😢 Version : v13.56.8🔔 #update
⚠️ Playstore Link: Click Here

🔥 Features & Mod Info:
❤️ Location maps,Drive backup
❤️ Disable/remove useless feature
❤️ All ads removed from the app
❤️ Server sided feature won't work.
❤️ Credits Youarefinished 

✅ Gold Subscription Unlocked.

➗➗➗➗➗➗➗➗➗
✅ 𝗝𝗼𝗶𝗻 :@PaidBackup✔️
➗➗➗➗➗➗➗➗➗
🚛𝗟𝗶𝗻𝗸 : <PERSON> 𝘁𝗼 𝗗𝗼𝘄𝗻𝗹𝗼𝗮𝗱
➗➗➗➗➗➗➗➗➗",False,False,False,False,True,False,False,False,False,False,1968246581,,,,,,,,,13815,45,,,,,,[],
allapk4free,https://t.me/allapk4free,954,2024-02-22 08:53:19,"📷 YouCam Perfect - Photo Editor
😢 Version: v5.91.3 🔔 #update
⛔ Play Store / Official Site Link

🟩 Features & Mod Info:
🔘 Photo Background & Object Removal tool
❤️ Adjust your photos with Body Tuner & Blur tools
❤️ Amazing Collages, Frames & Effects
❤️ Animated effects make your photos shine!
❤️ Magic Brush & Layers
❤️ Unlimited Object Removal.

✔️ Premium Features Unlocked.

➗➗➗➗➗➗➗➗➗
✅ 𝗝𝗼𝗶𝗻 :@PaidBackup✔️
➗➗➗➗➗➗➗➗➗
🚛𝗟𝗶𝗻𝗸 : <PERSON> 𝘁𝗼 𝗗𝗼𝘄𝗻𝗹𝗼𝗮𝗱
➗➗➗➗➗➗➗➗➗",False,False,False,False,True,False,False,True,False,False,1968246581,,,,,,,,,8662,7,,2024-02-25T01:47:55+00:00,,,"{'_': 'MessageReactions', 'results': [{'_': 'ReactionCount', 'reaction': {'_': 'ReactionEmoji', 'emoticon': '👍'}, 'count': 1, 'chosen_order': None}], 'min': False, 'can_see_list': False, 'reactions_as_tags': False, 'recent_reactions': []}",[],
allapk4free,https://t.me/allapk4free,955,2024-02-22 08:54:58,"😄 Meme Generator Pro Apk
⛔ Version : v4.6532🔔#updated
⚠️ More info : click here

 Features and Mod :🔥

🔘 Create own amazing memes
🔘 Lots of good samples to edit
🔘 Easy create memes in 1 click
🔘 Latest, trending meme maker
⭐ Premium Unlocked by srajawwal09

✔️ Pro features unlocked

➗➗➗➗➗➗➗➗➗
✅ 𝗝𝗼𝗶𝗻 :@PaidBackup✔️
➗➗➗➗➗➗➗➗➗
🚛𝗟𝗶𝗻𝗸 : <PERSON> 𝘁𝗼 𝗗𝗼𝘄𝗻𝗹𝗼𝗮𝗱
➗➗➗➗➗➗➗➗➗",False,False,False,False,True,False,False,False,False,False,1968246581,,,,,,,,,8192,14,,,,,,[],
allapk4free,https://t.me/allapk4free,956,2024-02-22 14:54:39,"📷 PickU: Good Photo Editor
⛔ Version : v3.9.23 🔔#updated
⚠️ More info : click here

 Features and mod :❤️

├Has Million of image template
├Transparent pics, high quality
├Blur,DSLR,Rotate,more effect
├Best auto remove background
├Has hundred of aesthetic font
├Turn your photos into cool arts
⚙️ Credits Mixroot 

👑Premium subscription unlocked
➗➗➗➗➗➗➗➗➗
✅ 𝗝𝗼𝗶𝗻 :@PaidBackup✔️
➗➗➗➗➗➗➗➗➗
🚛𝗟𝗶𝗻𝗸 : <PERSON> 𝘁𝗼 𝗗𝗼𝘄𝗻𝗹𝗼𝗮𝗱
➗➗➗➗➗➗➗➗➗",False,False,False,False,True,False,False,False,False,False,1968246581,,,,,,,,,7889,6,,,,,,[],
allapk4free,https://t.me/allapk4free,957,2024-02-22 14:56:48,"🌿 LEARN CODING/PROGRAMMING: MIMO
⛔ Version - V4.32🔔#updated
⚠️ More info : click here
 Features & Mod info 🔥

🔘 Learn coding, programing easily
🔘 From beginner 2 advance course
🔘 Many other premium cource free
🔘 Learn app and games making 
✅ Universal Mod
⭐ <PERSON>️ Pro Features Unlocked.

➗➗➗➗➗➗➗➗➗
✅ 𝗝𝗼𝗶𝗻 :@PaidBackup✔️
➗➗➗➗➗➗➗➗➗
🚛𝗟𝗶𝗻𝗸 : <PERSON> 𝘁𝗼 𝗗𝗼𝘄𝗻𝗹𝗼𝗮𝗱
➗➗➗➗➗➗➗➗➗",False,False,False,False,True,False,False,False,False,False,1968246581,,,,,,,,,8019,15,,,,,,[],
allapk4free,https://t.me/allapk4free,958,2024-02-22 15:00:06,"🌿 Festival Poster Maker & Post
✅ Version: v4.0.74 🔔 #update
⚠️ Play Store / Official Site Link

Overview & Mod Info: 🔥
❤️ Festival Post is #1 Indian Festival Poster Maker for Independence Day Poster Maker for <PERSON>, <DATE_TIME> 2023 & <PERSON> Poster.
✔️ Premium Features Unlocked.

➗➗➗➗➗➗➗➗➗
✅ 𝗝𝗼𝗶𝗻 :@PaidBackup✔️
➗➗➗➗➗➗➗➗➗
🚛𝗟𝗶𝗻𝗸 : <PERSON> 𝘁𝗼 𝗗𝗼𝘄𝗻𝗹𝗼𝗮𝗱
➗➗➗➗➗➗➗➗➗",False,False,False,False,True,False,False,False,False,False,1968246581,,,,,,,,,9426,13,,,,,,[],
allapk4free,https://t.me/allapk4free,959,2024-02-23 01:09:43,"<PERSON> A New Language
♻️ Version - v2024.02.13  🔔 #update
⚠️ Play Store / Official Site Link

🚨 Features & Mod Info:
❤️ Best app to learn language easily
❤️ A fun way to learn many language
❤️ Learn English, <NRP> & More
❤️ Learn to read, write, speak fluently.

🔥 Premium Features Unlocked.

➗➗➗➗➗➗➗➗➗
✅ 𝗝𝗼𝗶𝗻 :@PaidBackup✔️
➗➗➗➗➗➗➗➗➗
🚛𝗟𝗶𝗻𝗸 : <PERSON> 𝘁𝗼 𝗗𝗼𝘄𝗻𝗹𝗼𝗮𝗱
➗➗➗➗➗➗➗➗➗",False,False,False,False,True,False,False,False,False,False,1968246581,,,,,,,,,8964,16,,,,,,[],
allapk4free,https://t.me/allapk4free,960,2024-02-23 04:16:55,"⭐️ ZEDGE™ Wallpapers & Ringtones
✅ 
Version: v8.32.4#Final 🔔 #update
⚠️ Play Store / Official Site Link
<DATE_TIME> 🟢
✅ Wide range of wallpapers
✅ Free ringtones, notifications
✅ Animated video wallpapers
✅ Large selection of stickers
✅ Live wallpapers collection.

✅ Premium Subscription Unlocked.

Note 🚨: Subscription is not equal to premium credits, you can watch ads to earn credits and download premium contents.

➗➗➗➗➗➗➗➗➗
✅ 𝗝𝗼𝗶𝗻 :@PaidBackup✔️
➗➗➗➗➗➗➗➗➗
🚛𝗟𝗶𝗻𝗸 : <PERSON> 𝘁𝗼 𝗗𝗼𝘄𝗻𝗹𝗼𝗮𝗱
➗➗➗➗➗➗➗➗➗",False,False,False,False,True,False,False,False,False,False,1968246581,,,,,,,,,9151,13,,,,,,[],
allapk4free,https://t.me/allapk4free,962,2024-02-23 14:34:51,"📱 Instant Translate On Screen
✅ Version: v6.8.0089010 #update 🔔
⚠️ Play Store / Official Site Link 

Mod Info ✅
❤️ Translate Any Text Across Any App
❤️ Supports Accurate Translation Across 100 Languages
❤️ Offline Mode To Save Data.
<PERSON>.

✔️ Premium Features Unlocked.

➗➗➗➗➗➗➗➗➗
✅ 𝗝𝗼𝗶𝗻 :@PaidBackup✔️
➗➗➗➗➗➗➗➗➗
🚛𝗟𝗶𝗻𝗸 : <PERSON> 𝘁𝗼 𝗗𝗼𝘄𝗻𝗹𝗼𝗮𝗱
➗➗➗➗➗➗➗➗➗",False,False,False,False,True,False,False,False,False,False,1968246581,,,,,,,,,8819,19,,,,,,[],
allapk4free,https://t.me/allapk4free,963,2024-02-24 02:41:48,"🌿 ProShot: Best camera app
⛔ Version : v8.23.5🔔#updated
⚠️ More info : click here

 Features & Mod Info : 

🔘 Most powerful camera app
🔘 Auto, Program, Manual Modes
🔘 Control over exposure, focus
🔘 ISO, shutter speed and more
🔘 Timelapse mode,amaze mode
❤️  Credit BALATAN

➗➗➗➗➗➗➗➗➗
✅ 𝗝𝗼𝗶𝗻 :@PaidBackup✔️
➗➗➗➗➗➗➗➗➗
🚛𝗟𝗶𝗻𝗸 : <PERSON> 𝘁𝗼 𝗗𝗼𝘄𝗻𝗹𝗼𝗮𝗱
➗➗➗➗➗➗➗➗➗",False,False,False,False,True,False,False,False,False,False,1968246581,,,,,,,,,9446,12,,,,,,[],
allapk4free,https://t.me/allapk4free,964,2024-02-24 09:57:35,"🌿 Stylish Text: Fonts & Keyboard
⛔ Version: v2.5.8 🔔#updated
⚠️ More info : click here

✅ Features and Mod :

├Stylish keyboard many fonts
├Type text with stylish fonts
├Use stylish text anywhere
├Add symbols, Arts and emojis

➗➗➗➗➗➗➗➗➗
✅ 𝗝𝗼𝗶𝗻 :@PaidBackup✔️
➗➗➗➗➗➗➗➗➗
🚛𝗟𝗶𝗻𝗸 : <PERSON> 𝘁𝗼 𝗗𝗼𝘄𝗻𝗹𝗼𝗮𝗱
➗➗➗➗➗➗➗➗➗",False,False,False,False,True,False,False,False,False,False,1968246581,,,,,,,6.291541985701506e+18,,9029,14,,,,,,[],
allapk4free,https://t.me/allapk4free,965,2024-02-24 15:10:01,"<PERSON> Version: v2.3.8.1🔔 #update
⚠️ Play Store / Official Site Link

Features & Mod Info: 🔥
❤️ HD Video Player supports 1080p
❤️ Subtitle, Chrome cast and more..
❤️ Player Support ALL video formats
❤️ Support subtitle downloader more
❤️ Keep videos safe with private folder.
❤️ Credits Mixroot 

✔️ Pro Features Unlocked.

➗➗➗➗➗➗➗➗➗
✅ 𝗝𝗼𝗶𝗻 :@PaidBackup✔️
➗➗➗➗➗➗➗➗➗
🚛𝗟𝗶𝗻𝗸 : <PERSON> 𝘁𝗼 𝗗𝗼𝘄𝗻𝗹𝗼𝗮𝗱
➗➗➗➗➗➗➗➗➗",False,False,False,False,True,False,False,False,False,False,1968246581,,,,,,,,,9170,14,,,,,,[],
allapk4free,https://t.me/allapk4free,966,2024-02-25 01:16:11,"🧩 Adobe Photoshop Express Premium
📶 Version : v12.6.300🔔#updated
⚠️ App info :click here

 Features & Mod Info 🔥
🔘 One of the very Best photo editor
🔘 Very professional and advanced
🔘 Amazing editing tools & features
🔘 Create amazing pic for uploading
⭐ Release by Balatan 

✔️ Pro Features Unlocked.

➗➗➗➗➗➗➗➗➗
✅ 𝗝𝗼𝗶𝗻 :@PaidBackup✔️
➗➗➗➗➗➗➗➗➗
🚛𝗟𝗶𝗻𝗸 : <PERSON> 𝘁𝗼 𝗗𝗼𝘄𝗻𝗹𝗼𝗮𝗱
➗➗➗➗➗➗➗➗➗",False,False,False,False,True,False,False,False,False,False,1968246581,,,,,,,,,8029,20,,,,,,[],
allapk4free,https://t.me/allapk4free,967,2024-02-25 02:55:06,"🎙 Voice Changer Pro apk
⛔ Version : <DATE_TIME>.0219 🔔#updated
⚠️More info : click here

 Features & MOD Info: 🆒

🗣️ Voice Editor to Change Your Voice
🗣️ Various Voice and Audio Effects
🗣️ Make music and song effects
🗣️ Can be used in Videos, for fun
🗣️ This will not work in calls, game
🥸 Credit Mixroot

✔️ Pro Features Unlocked.

➗➗➗➗➗➗➗➗➗
✅ 𝗝𝗼𝗶𝗻 :@PaidBackup✔️
➗➗➗➗➗➗➗➗➗
🚛𝗟𝗶𝗻𝗸 : <PERSON> 𝘁𝗼 𝗗𝗼𝘄𝗻𝗹𝗼𝗮𝗱
➗➗➗➗➗➗➗➗➗",False,False,False,False,True,False,False,False,False,False,1968246581,,,,,,,,,8504,24,,,,,,[],
allapk4free,https://t.me/allapk4free,968,2024-02-25 05:42:26,"🌿 MX Player Pro Video Player (Paid)
📱 Version: v1.78.5🔔  #update
⚠️ Playstore Link: Click Here

👑 Mod Info & Features: 
❤️ MX Player Pro, Paid App For Free

✔️ All Android version supported.
👨‍💻 Release by Balatan 

➗➗➗➗➗➗➗➗➗
✅ 𝗝𝗼𝗶𝗻 :@PaidBackup✔️
➗➗➗➗➗➗➗➗➗
🚛𝗔𝗿𝗺7 : <PERSON> 𝘁𝗼 𝗗𝗼𝘄𝗻𝗹𝗼𝗮𝗱
➗➗➗➗➗➗➗➗➗
🚛𝗔𝗿𝗺64 : <PERSON> 𝘁𝗼 𝗗𝗼𝘄𝗻𝗹𝗼𝗮𝗱
➗➗➗➗➗➗➗➗➗",False,False,False,False,True,False,False,False,False,False,1968246581,,,,,,,,,8843,20,,,,,,[],
allapk4free,https://t.me/allapk4free,969,2024-02-25 05:51:39,"🖥 Adobe Acrobat Reader Mod Apk
⛔ Ver: v24.2.0.31418🔔#update
🛡 App Description: Click Here 

⭐ Features & Mod:
✅Open & edit PDF files easily
✅One of the best PDF reader
✅Many amazing tool available
✅Most popular pdf reader app
✅Premium unlocked & More..
❤️ Credits Derrin 

⚠️ Sign option may/or not work
⚠️ Login with FB or Adobe ID.

✔️ Premium Features Is Unlocked

➗➗➗➗➗➗➗➗➗
✅ 𝗝𝗼𝗶𝗻 :@PaidBackup✔️
➗➗➗➗➗➗➗➗➗
🚛𝗟𝗶𝗻𝗸 : <PERSON> 𝘁𝗼 𝗗𝗼𝘄𝗻𝗹𝗼𝗮𝗱
➗➗➗➗➗➗➗➗➗",False,False,False,False,True,False,False,False,False,False,1968246581,,,,,,,,,9412,22,,,,,,[],
allapk4free,https://t.me/allapk4free,970,2024-02-25 18:51:53,"📱 iPhone 15 Launcher, Widgets
⛔ Version : v9.3.0🔔#updated
⚠️ More info : click here

❤️ Features & Mod Info : 

🔘 iPhone launcher for your Android
🔘 Turn Your Android Into iPhone
🔘 iPhone 13 Pro, iPhone X & iOS 15
🔘 Beautiful Wallpaper,Smart Search
🔘 Control Center iOS 15,iOS Search

➗➗➗➗➗➗➗➗➗
✅ 𝗝𝗼𝗶𝗻 :@PaidBackup✔️
➗➗➗➗➗➗➗➗➗
🚛𝗟𝗶𝗻𝗸 : <PERSON> 𝘁𝗼 𝗗𝗼𝘄𝗻𝗹𝗼𝗮𝗱
➗➗➗➗➗➗➗➗➗",False,False,False,False,True,False,False,False,False,False,1968246581,,,,,,,,,8036,15,,,,,,[],
allapk4free,https://t.me/allapk4free,971,2024-02-26 04:38:53,"<PERSON>
😢 Version: v8.1.9🔔 #update
⛔ Play Store / Official Site Link

🟩 Features & Mod Info:
❤️ The best torrent downloader
❤️ Download multiple file at once
❤️ No speed and size limit in app
❤️ Fully adfree and beautiful UI.

♻️ Premium Features Unlocked.

➗➗➗➗➗➗➗➗➗
✅ 𝗝𝗼𝗶𝗻 :@PaidBackup✔️
➗➗➗➗➗➗➗➗➗
🚛𝗟𝗶𝗻𝗸 : <PERSON> 𝘁𝗼 𝗗𝗼𝘄𝗻𝗹𝗼𝗮𝗱
➗➗➗➗➗➗➗➗➗",False,False,False,False,True,False,False,False,False,False,1968246581,,,,,,,,,8533,14,,,,,,[],
allapk4free,https://t.me/allapk4free,972,2024-02-26 07:00:07,"📷 InstaPro : Instagram ++ app
⛔ Version : v10.45🔔 #updated

 Features & Mod info: ✅

🔘This is modded version of insta.
🔘 Lots of interesting, op features
🔘  Download post, status in 1 click
🔘  Profile picture zoom, download
🔘  See who unfollow you & when
🔘  See picture in Highest quality
❤️ Credits sammods

➗➗➗➗➗➗➗➗➗
✅ 𝗝𝗼𝗶𝗻 :@PaidBackup✔️
➗➗➗➗➗➗➗➗➗
🚛𝗟𝗶𝗻𝗸 : <PERSON> 𝘁𝗼 𝗗𝗼𝘄𝗻𝗹𝗼𝗮𝗱
➗➗➗➗➗➗➗➗➗",False,False,False,False,True,False,False,False,False,False,1968246581,,,,,,,,,8481,39,,,,,,[],
allapk4free,https://t.me/allapk4free,973,2024-02-27 03:39:57,"<PERSON> 

⛔ Version : T10.6.1 - P11.5.0M🔔#updated
⚠️ App Info : click here

🆒 Features and Mod :

🔘 Telegram Unofficial messenger 
🔘 Lot of amazing features available
🔘 You can login unlimited Accounts
🔘 Download manager & scheduler
🔘 Hidden section, hide your chats
🔘 Voice changer on voice message
🔘 Your account 100% safe,no ban
🔻Credits Anik555

✔️ Premium Features Unlocked.

➗➗➗➗➗➗➗➗➗
✅ 𝗝𝗼𝗶𝗻 :@PaidBackup✔️
➗➗➗➗➗➗➗➗➗
🚛𝗟𝗶𝗻𝗸 : <PERSON> 𝘁𝗼 𝗗𝗼𝘄𝗻𝗹𝗼𝗮𝗱
➗➗➗➗➗➗➗➗➗",False,False,False,False,True,False,False,False,False,False,1968246581,,,,,,,,,6491,30,,,,,,[],
allapk4free,https://t.me/allapk4free,974,2024-02-27 03:47:45,"<PERSON>
😢 Version: v38.15 🔔 #update
⚠️ Play Store / Official Site Link

🟩 Features & Mod Info:
❤️ Become fluent in a new languages
❤️ Learn to read different alphabets like <NRP>, <NRP>, <NRP>
❤️ Language learning fun with game
❤️ Track your language learning progress and get rewards
❤️ From beginner to expert levels, learn foreign language vocabulary.

♻️ Premium Features Unlocked.

➗➗➗➗➗➗➗➗➗
✅ 𝗝𝗼𝗶𝗻 :@PaidBackup✔️
➗➗➗➗➗➗➗➗➗
🚛𝗟𝗶𝗻𝗸 : <PERSON> 𝘁𝗼 𝗗𝗼𝘄𝗻𝗹𝗼𝗮𝗱
➗➗➗➗➗➗➗➗➗",False,False,False,False,True,False,False,False,False,False,1968246581,,,,,,,,,5925,11,,,,,,[],
allapk4free,https://t.me/allapk4free,975,2024-02-27 05:02:21,"<PERSON> STUDIO: GRAPHIC DESIGN PRO APK
⛔ Version - v7.58.0🔔#updated
⚠️ App info : click here

 Features & Mod Info :

🔘Make logo, posters and more
🔘Thousands of templates
🔘Create Instagram & fb posts
🔘Add Beautiful text on images
❤️ Credit Balatan 

✔️ Premium subscription Unlocked
➗➗➗➗➗➗➗➗➗
✅ 𝗝𝗼𝗶𝗻 :@PaidBackup✔️
➗➗➗➗➗➗➗➗➗
🚛𝗟𝗶𝗻𝗸 : <PERSON> 𝘁𝗼 𝗗𝗼𝘄𝗻𝗹𝗼𝗮𝗱
➗➗➗➗➗➗➗➗➗",False,False,False,False,True,False,False,False,False,False,1968246581,,,,,,,,,6172,23,,,,,,[],
allapk4free,https://t.me/allapk4free,976,2024-02-27 05:56:48,"📼 MX Player Pro Video Player (Paid)
📱 Version: v1.78.6<PERSON>  #update
⚠️ Playstore Link: Click Here

👑 Mod Info & Features: 
❤️ MX Player Pro, Paid App For Free

✔️ All Android version supported.
👨‍💻 Release by Balatan 

➗➗➗➗➗➗➗➗➗
✅ 𝗝𝗼𝗶𝗻 :@PaidBackup✔️
➗➗➗➗➗➗➗➗➗
🚛𝗔𝗿𝗺7 : <PERSON> 𝘁𝗼 𝗗𝗼𝘄𝗻𝗹𝗼𝗮𝗱
➗➗➗➗➗➗➗➗➗
🚛𝗔𝗿𝗺64 : <PERSON> 𝘁𝗼 𝗗𝗼𝘄𝗻𝗹𝗼𝗮𝗱
➗➗➗➗➗➗➗➗➗",False,False,False,False,True,False,False,False,False,False,1968246581,,,,,,,,,6323,17,,,,,,[],
allapk4free,https://t.me/allapk4free,977,2024-02-27 08:35:45,"🤩 Scanner App To PDF - TapScanner
✅ Version: v3.0.7 🔔 #update
⚠️ Play Store / Official Site Link 

📌 Features & Mod Info:
❤️  Best alternative for CamScanner 
❤️ Scan documents with Phone
❤️ Automatic remove background
❤️ Generate highdefinition picture
❤️ Convert images to PDF easily
❤️ Automatic detect page edges.

✔️ Pro Features Are All Unlocked.

➗➗➗➗➗➗➗➗➗
✅ 𝗝𝗼𝗶𝗻 :@PaidBackup✔️
➗➗➗➗➗➗➗➗➗
🚛𝗟𝗶𝗻𝗸 : <PERSON> 𝘁𝗼 𝗗𝗼𝘄𝗻𝗹𝗼𝗮
➗➗➗➗➗➗➗➗➗",False,False,False,False,True,False,False,True,False,False,1968246581,,,,,,,,,5907,11,,2024-02-27T11:03:48+00:00,,,"{'_': 'MessageReactions', 'results': [], 'min': False, 'can_see_list': False, 'reactions_as_tags': False, 'recent_reactions': []}",[],
allapk4free,https://t.me/allapk4free,978,2024-02-27 12:33:13,"🔊 Ultra Volume: Custom Slider
⛔ Version : v3.8.2.1 🔔#updated
⚠️ More info : click here

👨‍💻 Features and Mod : 

🔘 Change your volume panel now
🔘 Get modern styles & animations
🔘 Full control over sounds pannel
🔘 Beautiful Themes, customisable
❤️ Credits Derrin 

✔️ Premium Features Are Unlocked.

➗➗➗➗➗➗➗➗➗
✅ 𝗝𝗼𝗶𝗻 :@PaidBackup✔️
➗➗➗➗➗➗➗➗➗
🚛𝗟𝗶𝗻𝗸 : <PERSON> 𝘁𝗼 𝗗𝗼𝘄𝗻𝗹𝗼𝗮𝗱
➗➗➗➗➗➗➗➗➗",False,False,False,False,True,False,False,True,False,False,1968246581,,,,,,,,,5663,13,,2024-02-28T16:38:32+00:00,,,"{'_': 'MessageReactions', 'results': [{'_': 'ReactionCount', 'reaction': {'_': 'ReactionEmoji', 'emoticon': '👍'}, 'count': 1, 'chosen_order': None}], 'min': False, 'can_see_list': False, 'reactions_as_tags': False, 'recent_reactions': []}",[],
allapk4free,https://t.me/allapk4free,979,2024-02-27 12:36:41,"📺 Insh0t: Video Editor MOD apk
⛔ Version : v2.020.1441 #update
🔗 App info : click here

⚠️ Features and mod :

├Video trimmer, cutter & merger
├Change video ratio & background
<PERSON> video effect,filters,overlays
├Add sounds and music in videos
├Video speed control, slow & fast.
<PERSON> unlocked by Mixroot 

➗➗➗➗➗➗➗➗➗
✅ 𝗝𝗼𝗶𝗻 :@PaidBackup✔️
➗➗➗➗➗➗➗➗➗
🚛𝗟𝗶𝗻𝗸 : <PERSON> 𝘁𝗼 𝗗𝗼𝘄𝗻𝗹𝗼𝗮𝗱
➗➗➗➗➗➗➗➗➗",False,False,False,False,True,False,False,False,False,False,1968246581,,,,,,,,,6431,11,,,,,,[],
allapk4free,https://t.me/allapk4free,980,2024-02-27 12:41:06,"🎞 Kinemaster - Pro Video Editor
⛔ Version: v7.4.0.32290.GP 🔔 #update
⚠️ Play Store / Official Site Link

🟩 Features & Mod Info:
❤️ Best video editor for android
❤️ Create professional videos
❤️ Full Subscription Unlocked
❤️ No Watermark, No ADS
❤️ Fonts, Magic Remover, Export Fixed
❤️ Premium Assets Fixed (VPN)
❤️ Full Multi Languages
❤️ All debug Info Removed
❤️ Original Signature Changed
❤️ Released By Derrin 

➗➗➗➗➗➗➗➗➗
✅ 𝗝𝗼𝗶𝗻 :@PaidBackup✔️
➗➗➗➗➗➗➗➗➗
🚛𝗟𝗶𝗻𝗸 : <PERSON> 𝘁𝗼 𝗗𝗼𝘄𝗻𝗹𝗼𝗮𝗱
➗➗➗➗➗➗➗➗➗",False,False,False,False,True,False,False,True,False,False,1968246581,,,,,,,,,7755,23,,2024-02-28T01:58:59+00:00,,,"{'_': 'MessageReactions', 'results': [{'_': 'ReactionCount', 'reaction': {'_': 'ReactionEmoji', 'emoticon': '👍'}, 'count': 1, 'chosen_order': None}], 'min': False, 'can_see_list': False, 'reactions_as_tags': False, 'recent_reactions': []}",[],
allapk4free,https://t.me/allapk4free,981,2024-02-28 02:55:42,"📞 IntCall ACR - Call Recorder 
⛔ Version :v1.7.2🔔#updated
⚠️ More info: click here

✅ Features & Mod Info:

🔘 Record Phone calls
🔘 Voice Recorder
🔘 Voice Changer

✔️Note: Not all devices support VOIP calls recording.
⚙️ Credits Mixroot

➗➗➗➗➗➗➗➗➗
✅ 𝗝𝗼𝗶𝗻 :@PaidBackup✔️
➗➗➗➗➗➗➗➗➗
🚛𝗟𝗶𝗻𝗸 : <PERSON> 𝘁𝗼 𝗗𝗼𝘄𝗻𝗹𝗼𝗮𝗱
➗➗➗➗➗➗➗➗➗",False,False,False,False,True,False,False,False,False,False,1968246581,,,,,,,,,7693,15,,,,,,[],
allapk4free,https://t.me/allapk4free,982,2024-02-29 03:05:34,"<PERSON> 
⛔ Version : v20.2 🔔 #updated
⚠️ More info : click here

 ✅Features and mod :

├ Cooldown - Don't get buzzed 
├ Multiple times when someone 
├ Messages you multiple times in quick succession
├ Dismiss - Automatically swipe 
⚙️Credits Tryroom 
➗➗➗➗➗➗➗➗➗
✅ 𝗝𝗼𝗶𝗻 :@PaidBackup✔️
➗➗➗➗➗➗➗➗➗
🚛𝗟𝗶𝗻𝗸 : <PERSON> 𝘁𝗼 𝗗𝗼𝘄𝗻𝗹𝗼𝗮𝗱
➗➗➗➗➗➗➗➗➗",False,False,False,False,True,False,False,False,False,False,1968246581,,,,,,,,,5504,4,,,,,,[],
allapk4free,https://t.me/allapk4free,984,2024-03-01 03:26:49,"<PERSON> 6 Pro apk
⛔ Version : v6.4b010🔔#updated
⚠️ More info : click here

Features & Mod Info :🔥

🔘 Completely customizable launcher
🔘 Quickly find contacts and apps
🔘 Both gestures, hotkeys supported
🔘 Built-in clock widget with weather
🔘 You can hide the apps you want
🔘 You can protect apps with a PIN
⭐Pro Unlocked by BALATAN

✔️ Premium subscription Unlocked
➗➗➗➗➗➗➗➗➗
✅ 𝗝𝗼𝗶𝗻 :@PaidBackup✔️
➗➗➗➗➗➗➗➗➗
🚛𝗟𝗶𝗻𝗸 : <PERSON> 𝘁𝗼 𝗗𝗼𝘄𝗻𝗹𝗼𝗮𝗱
➗➗➗➗➗➗➗➗➗",False,False,False,False,True,False,False,False,False,False,1968246581,,,,,,,,,3276,4,,,,,,[],
allapk4free,https://t.me/allapk4free,985,2024-03-01 03:29:13,"🎞 FilmoraGO Premium Video Editor 
⛔ Version - v13.1.84🔔 #updated
⚠️ App info : click here

⏩ Features and Mod :☄️

🔘 FilmoraGO Premium mod apk
🔘 Best video editor for android
🔘 Advance editing tools available
🔘 Overlays, transaction, audio edit
🔘 No watermark on exported video
🔘 Premium Unlocked by Piemods

✔️ Premium Features Unlocked.

➗➗➗➗➗➗➗➗➗
✅ 𝗝𝗼𝗶𝗻 :@PaidBackup✔️
➗➗➗➗➗➗➗➗➗
🚛𝗟𝗶𝗻𝗸 : <PERSON> 𝘁𝗼 𝗗𝗼𝘄𝗻𝗹𝗼𝗮𝗱
➗➗➗➗➗➗➗➗➗",False,False,False,False,True,False,False,False,False,False,1968246581,,,,,,,,,3296,10,,,,,,[],
allapk4free,https://t.me/allapk4free,986,2024-03-01 08:33:29,"📱 PicsArt Premium/Gold Mod
✅ Version - v24.4.1🔔 #update
⚠️ Play Store / Official Site Link

👑 Features & Mod Info:
🕯 Most popular pic editing app
🕯 Now supports video editing
🕯 Photo editing tools,template
🕯 Make logo, posters,
 collages.
❤️ credit Mixroot 

✔️ Gold Subscription Unlocked.

❌ <PERSON> Will Not Work As It's Server-Sided.

➗➗➗➗➗➗➗➗➗
✅ 𝗝𝗼𝗶𝗻 :@PaidBackup✔️
➗➗➗➗➗➗➗➗➗
🚛𝗟𝗶𝗻𝗸 : <PERSON> 𝘁𝗼 𝗗𝗼𝘄𝗻𝗹𝗼𝗮𝗱
➗➗➗➗➗➗➗➗➗",False,False,False,False,True,False,False,False,False,False,1968246581,,,,,,,,,2753,9,,,,,,[],
allapk4free,https://t.me/allapk4free,987,2024-03-01 08:35:18,"☄️ Video Editor App - VivaCut
😢 Version - v3.5.8🔔 #update
⚠️ Play Store / Official Site Link

Features & Mod Info: 🔥
❤️ Best video editor for android
❤️ Advance editing tools available
❤️ Overlays, transaction, audio edit
❤️ Green screen, chroma key effect
❤️ No watermark on exported video.

✔️ Pro Features Are All Unlocked.

➗➗➗➗➗➗➗➗➗
✅ 𝗝𝗼𝗶𝗻 :@PaidBackup✔️
➗➗➗➗➗➗➗➗➗
🚛𝗟𝗶𝗻𝗸 : <PERSON> 𝘁𝗼 𝗗𝗼𝘄𝗻𝗹𝗼𝗮𝗱
➗➗➗➗➗➗➗➗➗",False,False,False,False,True,False,False,False,False,False,1968246581,,,,,,,,,3137,7,,,,,,[],
allapk4free,https://t.me/allapk4free,988,2024-03-01 08:38:16,"🤖 LEARN CODING/PROGRAMMING: MIMO
⛔ Version - V4.33.1🔔#updated
⚠️ More info : click here
 Features & Mod info 🔥

🔘 Learn coding, programing easily
🔘 From beginner 2 advance course
🔘 Many other premium cource free
🔘 Learn app and games making 
✅ Universal Mod
⭐ <PERSON>️ Pro Features Unlocked.

➗➗➗➗➗➗➗➗➗
✅ 𝗝𝗼𝗶𝗻 :@PaidBackup✔️
➗➗➗➗➗➗➗➗➗
🚛𝗟𝗶𝗻𝗸 : <PERSON> 𝘁𝗼 𝗗𝗼𝘄𝗻𝗹𝗼𝗮𝗱
➗➗➗➗➗➗➗➗➗",False,False,False,False,True,False,False,False,False,False,1968246581,,,,,,,,,3406,18,,,,,,[],
allapk4free,https://t.me/allapk4free,996,2024-03-07 03:06:57,"📷 VLLO: Video editor & maker
⛔ Version : v9.0.28🔔#updated
⚠️ More info : click here

❤️ Features and Mod :

├Video editing made easy with VLLO
├Edit vlogs with music, text, filter, etc
├Quick and simple user interface
├Clip edits like trim,split,speed,more
├Awesome effects, overlays & tools
⚙️ Credit Youarefinished 

✔️Premium subscription unlocked

➗➗➗➗➗➗➗➗➗
✅ 𝗝𝗼𝗶𝗻 :@PaidBackup✔️
➗➗➗➗➗➗➗➗➗
🚛𝗟𝗶𝗻𝗸 : <PERSON> 𝘁𝗼 𝗗𝗼𝘄𝗻𝗹𝗼𝗮𝗱
➗➗➗➗➗➗➗➗➗",False,False,False,False,True,False,False,False,False,False,1968246581,,,,,,,,,318,2,,,,,,[],
allapk4free,https://t.me/allapk4free,1007,2024-03-08 13:15:43,"📱 TeraBox <PERSON>: v3.25.5🔔 #update
⚠️ Play Store / Official Site Link

⭐ Features & Mod Info:
❤️ 1TB permanent free cloud storage
❤️ Access all the content you have 
❤️ Photos & Online video playback
❤️ Transfer files to other file storage

♻️ Vip Subscription Is Unlocked
♻️ Login Through  Number Or Gmail.
➗➗➗➗➗➗➗➗➗
✅ 𝗝𝗼𝗶𝗻 :@PaidBackup✔️
➗➗➗➗➗➗➗➗➗
🚛𝗟𝗶𝗻𝗸 : <PERSON> 𝘁𝗼 𝗗𝗼𝘄𝗻𝗹𝗼𝗮𝗱
➗➗➗➗➗➗➗➗➗",False,False,False,False,True,False,False,False,False,False,1968246581,,,,,,,,,387,3,,,,,,[],
allapk4free,https://t.me/allapk4free,1010,2024-03-09 02:42:58,"🌐 TuneIN Radio Pro - Live Radio
✅ Version: v33.6🔔 #update
⚠️ Play Store / Official Site Link

👑 Mod & Features:
➡️ One of best online radio app
➡️ Listen global radio channels
➡️ 24x7 latest worldwide news
➡️ Listen to Musics & Podcasts
➡️ Live radio coverage & more

✔️ Paid App Unlocked.

➗➗➗➗➗➗➗➗➗
✅ 𝗝𝗼𝗶𝗻 :@PaidBackup✔️
➗➗➗➗➗➗➗➗➗
🚛𝗟𝗶𝗻𝗸 : <PERSON> 𝘁𝗼 𝗗𝗼𝘄𝗻𝗹𝗼𝗮𝗱
➗➗➗➗➗➗➗➗➗",False,False,False,False,True,False,False,False,False,False,1968246581,,,,,,,,,19,1,,,,,,[],
allapk4free,https://t.me/allapk4free,1013,2024-03-10 01:29:52,"📱 Moon+ Reader Pro
✅ Version: <PERSON>#update 
⚠️ Play Store / Official Site Link 

Overview & Mod Info ✅
❤️ All-in-one ebook documents management and better designed book reader with powerful controls & full functions, supports EPUB, PDF, DJVU, AZW3, MOBI & more.

✔️ Paid App Unlocked.

➗➗➗➗➗➗➗➗➗
✅ 𝗝𝗼𝗶𝗻 :@PaidBackup✔️
➗➗➗➗➗➗➗➗➗
🚛𝗟𝗶𝗻𝗸 : <PERSON> 𝘁𝗼 𝗗𝗼𝘄𝗻𝗹𝗼𝗮𝗱
➗➗➗➗➗➗➗➗➗",False,False,False,False,True,False,False,False,False,False,1968246581,,,,,,,,,247,2,,,,,,[],
allapk4free,https://t.me/allapk4free,1017,2024-03-10 01:43:31,"🔄 CCleaner - Pro Cleaner
⛔ 
Version: v24.05.0 🔔 #update
⚠️ Play Store / Official Site Link

Features & Mod Info: ☄️
❤️ Junk Cleaner and storage cleaner
❤️ Device Manager and optimizer
<PERSON> battery health & backup
❤️ Media cleaner & best App Cleaner
❤️ Increase your device performance.
❤️ Credits Derrin 

🔥 Pro Features Unlocked.

➗➗➗➗➗➗➗➗➗
✅ 𝗝𝗼𝗶𝗻 :@PaidBackup✔️
➗➗➗➗➗➗➗➗➗
🚛𝗟𝗶𝗻𝗸 : <PERSON> 𝘁𝗼 𝗗𝗼𝘄𝗻𝗹𝗼𝗮𝗱
➗➗➗➗➗➗➗➗➗",False,False,False,False,True,False,False,False,False,False,1968246581,,,,,,,,,14,1,,,,,,[],
allapk4free,https://t.me/allapk4free,1021,2024-03-10 09:54:19,"⭐️ Duolingo - Learn Languages
😢 Version: V5.141.5 🔔 #update
⚠️ Play Store / Official Site Link

🟩 Features & Mod Info:
❤️ Best app to learn languages
❤️ A fun way to learn languages
❤️ Learn English, <NRP>, more..
❤️ Learn read,write,speak fluently.
❤️ Credits Balatan 

♻️ Premium Features Unlocked.

➗➗➗➗➗➗➗➗➗
✅ 𝗝𝗼𝗶𝗻 :@PaidBackup✔️
➗➗➗➗➗➗➗➗➗
🚛𝗟𝗶𝗻𝗸 : <PERSON> 𝘁𝗼 𝗗𝗼𝘄𝗻𝗹𝗼𝗮𝗱
➗➗➗➗➗➗➗➗➗",False,False,False,False,True,False,False,False,False,False,1968246581,,,,,,,,,500,3,,,,,,[],
allapk4free,https://t.me/allapk4free,1023,2024-03-10 15:08:10,"💤 Balance: Meditation & Sleep
⛔ Version: v1.115.0 🔔#update
⚠️ App info : click here

✅ Features and mod :

🔘 Learn meditation fundamentals
🔘 Calm Mind Anytime, Anywhere
🔘 Nice UI & many more features
🔘 Rewards on Plans, Singles, and skills

✔️Premium Unlocked by Balatan

➗➗➗➗➗➗➗➗➗
✅ 𝗝𝗼𝗶𝗻 :@PaidBackup✔️
➗➗➗➗➗➗➗➗➗
🚛𝗟𝗶𝗻𝗸 : <PERSON> 𝘁𝗼 𝗗𝗼𝘄𝗻𝗹𝗼𝗮𝗱
➗➗➗➗➗➗➗➗➗",False,False,False,False,True,False,False,False,False,False,1968246581,,,,,,,,,277,2,,,,,,[],
allapk4free,https://t.me/allapk4free,1026,2024-03-11 04:45:08,"📷 PhotoLab <PERSON> <DATE_TIME> v3.13.2🔔#updated
⚠️ App info : click here
 
Features & Mod info 🛍

🔘 Edit photos with amazing tool
🔘 You can customise photo free
🔘 Lots of filters available in app
👑 Credits Balatan

✔️ Pro subscription Unlocked

➗➗➗➗➗➗➗➗➗
✅ 𝗝𝗼𝗶𝗻 :@PaidBackup✔️
➗➗➗➗➗➗➗➗➗
🚛𝗟𝗶𝗻𝗸 : <PERSON> 𝘁𝗼 𝗗𝗼𝘄𝗻𝗹𝗼𝗮𝗱
➗➗➗➗➗➗➗➗➗",False,False,False,False,True,False,False,False,False,False,1968246581,,,,,,,,,124,1,,,,,,[],
allapk4free,https://t.me/allapk4free,1028,2024-03-11 05:44:33,"❤️ XPlayer - Video Player All Format
✅ Version: v2.3.8.6🔔 #update
⚠️ Play Store / Official Site Link

Features & Mod Info: 🔥
❤️ HD Video Player supports 1080p
❤️ Subtitle, Chrome cast and more..
❤️ Player Support ALL video formats
❤️ Support subtitle downloader more
❤️ Keep videos safe with private folder.
❤️ Credits Mixroot 

✔️ Pro Features Unlocked.

➗➗➗➗➗➗➗➗➗
✅ 𝗝𝗼𝗶𝗻 :@PaidBackup✔️
➗➗➗➗➗➗➗➗➗
🚛𝗟𝗶𝗻𝗸 : <PERSON> 𝘁𝗼 𝗗𝗼𝘄𝗻𝗹𝗼𝗮𝗱
➗➗➗➗➗➗➗➗➗",False,False,False,False,True,False,False,False,False,False,1968246581,,,,,,,,,3188,3,,,,,,[],
allapk4free,https://t.me/allapk4free,1029,2024-03-11 11:15:28,"📱 Truec4ller Premium Gold 
😢 Version : v13.60.5🔔 #update
⚠️ Playstore Link: Click Here

🔥 Features & Mod Info:
❤️ Location maps,Drive backup
❤️ Disable/remove useless feature
❤️ All ads removed from the app
❤️ Server sided feature won't work.
❤️ Credits Youarefinished 

✅ Gold Subscription Unlocked.

➗➗➗➗➗➗➗➗➗
✅ 𝗝𝗼𝗶𝗻 :@PaidBackup✔️
➗➗➗➗➗➗➗➗➗
🚛𝗟𝗶𝗻𝗸 : <PERSON> 𝘁𝗼 𝗗𝗼𝘄𝗻𝗹𝗼𝗮𝗱
➗➗➗➗➗➗➗➗➗",False,False,False,False,True,False,False,False,False,False,1968246581,,,,,,,,,2531,15,,,,,,[],
allapk4free,https://t.me/allapk4free,1030,2024-03-12 02:36:28,"<PERSON> File Manager
⛔ Version: v4.36.05🔔 #update
⚠️ Play Store / Official Site Link

Features & Mod Info: ☄️
❤️ File encrypt, password and FP
❤️ Archives - support ZIP, RAR .
<PERSON> explorer, system files..
❤️ Themes, icon sets, much more
❤️ FTP server access file from PC.

🔥 Donate Features Unlocked.

➗➗➗➗➗➗➗➗➗
✅ 𝗝𝗼𝗶𝗻 :@PaidBackup✔️
➗➗➗➗➗➗➗➗➗
🚛𝗟𝗶𝗻𝗸 : <PERSON> 𝘁𝗼 𝗗𝗼𝘄𝗻𝗹𝗼𝗮𝗱
➗➗➗➗➗➗➗➗➗",False,False,False,False,True,False,False,False,False,False,1968246581,,,,,,,,,324,4,,,,,,[],
allapk4free,https://t.me/allapk4free,1032,2024-03-14 04:58:06,"👍 Email Aqua Mail - Fast, Secure
✅ Version: v1.50.0🔔 #update
⚠️ Play Store / Official Site Link

Features & Mod Info: 🔥
❤️ Smart Inbox With Intuitive UI
❤️ Manage Your Mails Effectively
❤️ Secure & Private
❤️ Available In 20 Languages
❤️ Easier Communication & Organization.
❤️ Credits Balatan 

✔️ Pro Features Unlocked - No Additional Key Needed.

 ➗➗➗➗➗➗➗➗➗
✅ 𝗝𝗼𝗶𝗻 :@PaidBackup✔️
➗➗➗➗➗➗➗➗➗
🚛𝗟𝗶𝗻𝗸 : <PERSON> 𝘁𝗼 𝗗𝗼𝘄𝗻𝗹𝗼𝗮𝗱
➗➗➗➗➗➗➗➗➗",False,False,False,False,True,False,False,False,False,False,1968246581,,,,,,,,,355,2,,2024-03-14T04:58:25+00:00,,,,[],
allapk4free,https://t.me/allapk4free,1033,2024-03-14 05:07:02,"<PERSON>
⛔ Version: v7.4.3.32345.GP 🔔 #update
⚠️ Play Store / Official Site Link

🟩 Features & Mod Info:
❤️ Best video editor for android
❤️ Create professional videos
❤️ Full Subscription Unlocked
❤️ No Watermark, No ADS
❤️ Fonts, Magic Remover, Export Fixed
❤️ Premium Assets Fixed (VPN)
❤️ Full Multi Languages
❤️ All debug Info Removed
❤️ Original Signature Changed
❤️ Released By Derrin 

➗➗➗➗➗➗➗➗➗
✅ 𝗝𝗼𝗶𝗻 :@PaidBackup✔️
➗➗➗➗➗➗➗➗➗
🚛𝗟𝗶𝗻𝗸 : <PERSON> 𝘁𝗼 𝗗𝗼𝘄𝗻𝗹𝗼𝗮𝗱
➗➗➗➗➗➗➗➗➗",False,False,False,False,True,False,False,True,False,False,1968246581,,,,,,,,,261,1,,2024-03-14T05:09:13+00:00,,,"{'_': 'MessageReactions', 'results': [{'_': 'ReactionCount', 'reaction': {'_': 'ReactionEmoji', 'emoticon': '👍'}, 'count': 1, 'chosen_order': None}], 'min': False, 'can_see_list': False, 'reactions_as_tags': False, 'recent_reactions': []}",[],
allapk4free,https://t.me/allapk4free,1035,2024-03-16 03:09:14,"🖥 Adobe Acrobat Reader Mod Apk
⛔ Ver: v24.2.1.41772🔔#update
🛡 App Description: Click Here 

⭐ Features & Mod:
✅Open & edit PDF files easily
✅One of the best PDF reader
✅Many amazing tool available
✅Most popular pdf reader app
✅Premium unlocked & More..
❤️ Credits Derrin 

⚠️ Sign option may/or not work
⚠️ Login with FB or Adobe ID.

✔️ Premium Features Is Unlocked

➗➗➗➗➗➗➗➗➗
✅ 𝗝𝗼𝗶𝗻 :@PaidBackup✔️
➗➗➗➗➗➗➗➗➗
🚛𝗟𝗶𝗻𝗸 : <PERSON> 𝘁𝗼 𝗗𝗼𝘄𝗻𝗹𝗼𝗮𝗱
➗➗➗➗➗➗➗➗➗",False,False,False,False,True,False,False,False,False,False,1968246581,,,,,,,,,348,2,,,,,,[],
allapk4free,https://t.me/allapk4free,1037,2024-03-16 06:48:26,"🚛 Pixelcut AI Photo Editor
⛔ Version: v0.7.0🔔 #update
⚠️ Play Store / Official Site Link

Features & Mod Info: ☄️
Remove Background, Magic Eraser, Photo Enhancer, Story Templates, Collage Maker.

🔥 Pro Features Unlocked.

➗➗➗➗➗➗➗➗➗
✅ 𝗝𝗼𝗶𝗻 :@PaidBackup✔️
➗➗➗➗➗➗➗➗➗
🚛𝗟𝗶𝗻𝗸 : <PERSON> 𝘁𝗼 𝗗𝗼𝘄𝗻𝗹𝗼𝗮𝗱
➗➗➗➗➗➗➗➗➗",False,False,False,False,True,False,False,False,False,False,1968246581,,,,,,,,,170,1,,,,,,[],
allapk4free,https://t.me/allapk4free,1039,2024-03-16 07:03:39,"➡️ Walli - HD, 4K Wallpapers
✅ Version: v2.12.73 🔔 #update
⚠️ Play Store / Official Site Link

📌 Features & Mod Info:
❤️ Best Unique wallpapers only
❤️ Top Quality 4K Wallpapers
❤️ Automatic Wallpaper changer
❤️ Get Premium Live Wallpapers 
❤️ Change wallpaper in one click
❤️ More the 10000 Wallpapers.

✔️ Premium Features Are Unlocked.

➗➗➗➗➗➗➗➗➗
✅ 𝗝𝗼𝗶𝗻 :@PaidBackup✔️
➗➗➗➗➗➗➗➗➗
🚛𝗟𝗶𝗻𝗸 : <PERSON> 𝘁𝗼 𝗗𝗼𝘄𝗻𝗹𝗼𝗮𝗱
➗➗➗➗➗➗➗➗➗",False,False,False,False,True,False,False,False,False,False,1968246581,,,,,,,,,367,5,,,,,,[],
allapk4free,https://t.me/allapk4free,1040,2024-03-16 07:09:41,"⬇️ ToonMe Photo Cartoon Maker
✅ Version: v0.7.3🔔 #update
⚠️ Play Store / Official Site Link

Features & Mod Info: 🔥
❤️ Add draw effect in photos
<PERSON> up, cartoonize, <PERSON> cartoon maker
❤️ Vector portrait templates.

✔️ Premium Features Unlocked.

➗➗➗➗➗➗➗➗➗
✅ 𝗝𝗼𝗶𝗻 :@PaidBackup✔️
➗➗➗➗➗➗➗➗➗
🚛𝗟𝗶𝗻𝗸 : <PERSON> 𝘁𝗼 𝗗𝗼𝘄𝗻𝗹𝗼𝗮𝗱
➗➗➗➗➗➗➗➗➗",False,False,False,False,True,False,False,False,False,False,1968246581,,,,,,,,,12,1,,,,,,[],
allapk4free,https://t.me/allapk4free,1041,2024-03-16 07:12:27,"⚙️ PDF EXTRA - SCAN, EDIT & SIGN 
⛔ Version: V10.12.2448 🔔#updated
⚠️ More info : click here

 Features & Mod info⭐️
🔘 Edit PDF files
🔘 All-in-one Scanner & Editor
🔘 Convert PDFs to Word/Excel
🔘 Premium / Paid features unlocked
⭐ Credits Balatan

➗➗➗➗➗➗➗➗➗
✅ 𝗝𝗼𝗶𝗻 :@PaidBackup✔️
➗➗➗➗➗➗➗➗➗
🚛𝗟𝗶𝗻𝗸 : <PERSON> 𝘁𝗼 𝗗𝗼𝘄𝗻𝗹𝗼𝗮𝗱
➗➗➗➗➗➗➗➗➗",False,False,False,False,True,False,False,False,False,False,1968246581,,,,,,,,,11,1,,,,,,[],
allapk4free,https://t.me/allapk4free,1042,2024-03-16 07:17:45,"🆒 Aibi AI Photo Enhancer-Luminate
⛔ Version: v1.51.0🔔 #update
⚠️ Play Store / Official Site Link

🟩 Features & Mod:
❤️ Turn into high-definition photos
❤️ Repair old, blurry, scratched photos
❤️ Sharpen & unblur out of focus pictures
❤️ Uses Artificial Intelligence to enhance.

✔️ Pro Subscription Unlocked.
➗➗➗➗➗➗➗➗➗
✅ 𝗝𝗼𝗶𝗻 :@PaidBackup✔️
➗➗➗➗➗➗➗➗➗
🚛𝗟𝗶𝗻𝗸 : <PERSON> 𝘁𝗼 𝗗𝗼𝘄𝗻𝗹𝗼𝗮𝗱
➗➗➗➗➗➗➗➗➗",False,False,False,False,True,False,False,False,False,False,1968246581,,,,,,,,,4,1,,,,,,[],
allapk4free,https://t.me/allapk4free,1044,2024-03-16 14:16:08,"📱 Xodo PDF Reader & Editor
✅ Version: v9.0.0 🔔 #update
⚠️ Play Store / Official Site Link

Features & Mod Info: 🔥
❤️ Open and edit PDF files easily
❤️ One of the best PDF reader
❤️ Many amazing tool available
❤️ Most popular pdf reader app
❤️ Many Amazing PDF tool & More.
❤️ credits Derrin 

✔️ Pro Features Unlocked.

🔒 How To Download ⬇️    
📎 t.me/How2_openLink ❔

🎹<PERSON> ➡️ @PaidBackup

🚛 <PERSON> Arm64 ➡️ CLICK HERE

🚛 <PERSON> Arm7 ➡️
 Click Here",False,False,False,False,True,False,False,False,False,False,1968246581,,,,,,,,,8,1,,,,,,[],
allapk4free,https://t.me/allapk4free,1046,2024-03-17 15:32:49,"🌀 Don't Miss <PERSON> 🎄

<PERSON> Then buy ₹1 Rupees Ka Gold Buy Karlo »  ₹250 ka Cashback mil jayega Instant »

✅ And Per Refer ₹100 Directly Bank  [ Lifetime earning  ]

✅Link : https://g.navi.com/1l6uNv

✅ <PERSON> » ₹1 Rupees Ka Gold Buy Karlo »  ₹250 ka  Cashback mil jayega Instant » Reward me UPI daalke withdraw karlo » Ab Download karo & Looto.

🟣➡️ Note - Minimum Rs.1 ka Gold Buy Must <PERSON> ₹250 <PERSON>

Rs.1 rupye ka gold buy <PERSON> 250+100 = Rs.350 withdrawal <PERSON>",False,False,False,False,True,False,False,True,False,False,1968246581,,,,,,,5.167991705142669e+18,,20,0,,2024-03-17T15:33:14+00:00,,,"{'_': 'MessageReactions', 'results': [{'_': 'ReactionCount', 'reaction': {'_': 'ReactionEmoji', 'emoticon': '👍'}, 'count': 2, 'chosen_order': None}, {'_': 'ReactionCount', 'reaction': {'_': 'ReactionEmoji', 'emoticon': '❤'}, 'count': 1, 'chosen_order': None}, {'_': 'ReactionCount', 'reaction': {'_': 'ReactionEmoji', 'emoticon': '🥰'}, 'count': 1, 'chosen_order': None}], 'min': False, 'can_see_list': False, 'reactions_as_tags': False, 'recent_reactions': []}",[],
allapk4free,https://t.me/allapk4free,1048,2024-03-18 04:47:19,"📱 CamScanner - PDF Scanner App
✅ Version: v6.61.5🔔 #update
⚠️ Play Store / Official Site Link

👑 Mod & Features:
➡️ Gold Features Unlocked
➡️ Multi- Language & Logging Disabled
➡️ Convert Images to PDF, TXT, more
➡️ ID Mode, Book Scan, E-signature
➡️ Cropping issue fixed for all devices
➡️ Collage of 2 separate documents.

➗➗➗➗➗➗➗➗➗
✅ 𝗝𝗼𝗶𝗻 :@PaidBackup✔️
➗➗➗➗➗➗➗➗➗
🚛𝗟𝗶𝗻𝗸 : <PERSON> 𝘁𝗼 𝗗𝗼𝘄𝗻𝗹𝗼𝗮𝗱
➗➗➗➗➗➗➗➗➗",False,False,False,False,True,False,False,False,False,False,1968246581,,,,,,,,,216,4,,,,,,[],
allapk4free,https://t.me/allapk4free,1050,2024-03-18 09:34:25,"❤️ PowerDirector - Video Editor
⛔ Version: v13.3.1 🔔 #update
⚠️ Play Store / Official Site Link

Features & Mod Info: ☄️
❤️ Best video editor for android
❤️ Lots of amazing tools & samples
❤️ Create professional videos easily
❤️ Premium unlocked for free (mod)
❤️ Watermark removed on export.

🔥 Premium Features Unlocked.

➗➗➗➗➗➗➗➗➗
✅ 𝗝𝗼𝗶𝗻 :@PaidBackup✔️
➗➗➗➗➗➗➗➗➗
🚛𝗟𝗶𝗻𝗸 : <PERSON> 𝘁𝗼 𝗗𝗼𝘄𝗻𝗹𝗼𝗮𝗱
➗➗➗➗➗➗➗➗➗",False,False,False,False,True,False,False,False,False,False,1968246581,,,,,,,,,206,2,,,,,,[],
allapk4free,https://t.me/allapk4free,1052,2024-03-19 19:12:20,"<PERSON> VPN
✅ Version: v4.7.966🔔 #update
⚠️ Play Store / Official Site Link

👑 Features & Mod Info:
🕯 Latest stable version, lite mod
🕯 Best VPN app for Android device
🕯 Secure your all online activities
🕯 Remain anonymous online, safe
🕯 This VPN has very fast servers.
❤️ Credits <PERSON> VIP Features Are Unlocked.

➗➗➗➗➗➗➗➗➗
✅ 𝗝𝗼𝗶𝗻 :@PaidBackup✔️
➗➗➗➗➗➗➗➗➗
🚛𝗟𝗶𝗻𝗸 : <PERSON> 𝘁𝗼 𝗗𝗼𝘄𝗻𝗹𝗼𝗮𝗱
➗➗➗➗➗➗➗➗➗",False,False,False,False,True,False,False,False,False,False,1968246581,,,,,,,,,18,1,,,,,,[],
allapk4free,https://t.me/allapk4free,1054,2024-03-21 03:31:28,"📱 Melon VPN - Unblock Proxy VPN
✅ Version: v8.0.002 #update 🔔
⚠️ Play Store / Official Site Link 

Features & Mod Info ✅
❤️ Latest stable version, lite mod
❤️ Best VPN app for Android device
❤️ Secure your all online activities
❤️ Remain anonymous online, safe
❤️ Melon VPN has very fast servers.
❤️ Credit Derrin 

✔️ VIP Subscription Unlocked.

➗➗➗➗➗➗➗➗➗
✅ 𝗝𝗼𝗶𝗻 :@PaidBackup✔️
➗➗➗➗➗➗➗➗➗
🚛𝗟𝗶𝗻𝗸 : <PERSON> 𝘁𝗼 𝗗𝗼𝘄𝗻𝗹𝗼𝗮𝗱
➗➗➗➗➗➗➗➗➗",False,False,False,False,True,False,False,False,False,False,1968246581,,,,,,,,,197,3,,,,,,[],
allapk4free,https://t.me/allapk4free,1055,2024-03-21 03:35:53,"❤️ AppLock Premium Apk
✅ Version: v5.8.7 🔔 #update
⚠️ Play Store / Official Site Link

Features & Mod Info ✅
❤️ App locker, Keep apps locked
❤️ Keep your private data private
❤️ Add password security in apps
❤️ Many amazing themes available.

✔️ VIP Features Unlocked.

➗➗➗➗➗➗➗➗➗
✅ 𝗝𝗼𝗶𝗻 :@PaidBackup✔️
➗➗➗➗➗➗➗➗➗
🚛𝗟𝗶𝗻𝗸 : <PERSON> 𝘁𝗼 𝗗𝗼𝘄𝗻𝗹𝗼𝗮𝗱
➗➗➗➗➗➗➗➗➗",False,False,False,False,True,False,False,False,False,False,1968246581,,,,,,,,,148,2,,,,,,[],
allapk4free,https://t.me/allapk4free,1057,2024-03-21 13:52:36,"📱 Truec4ller Premium Gold 
😢 Version : v13.61.7🔔 #update
⚠️ Playstore Link: Click Here

🔥 Features & Mod Info:
❤️ Location maps,Drive backup
❤️ Disable/remove useless feature
❤️ All ads removed from the app
❤️ Server sided feature won't work.
❤️ Credits Youarefinished 

✅ Gold Subscription Unlocked.

➗➗➗➗➗➗➗➗➗
✅ 𝗝𝗼𝗶𝗻 :@PaidBackup✔️
➗➗➗➗➗➗➗➗➗
🚛𝗟𝗶𝗻𝗸 : <PERSON> 𝘁𝗼 𝗗𝗼𝘄𝗻𝗹𝗼𝗮𝗱
➗➗➗➗➗➗➗➗➗",False,False,False,False,True,False,False,False,False,False,1968246581,,,,,,,,,12,1,,,,,,[],
allapk4free,https://t.me/allapk4free,1059,2024-03-27 08:07:18,"⬇️ ToonMe Photo Cartoon Maker
✅ Version: <NRP>🔔 #update
⚠️ Play Store / Official Site Link

Features & Mod Info: 🔥
❤️ Add draw effect in photos
<PERSON> up, cartoonize, <PERSON> cartoon maker
❤️ Vector portrait templates.

✔️ Premium Features Unlocked.

➗➗➗➗➗➗➗➗➗
✅ 𝗝𝗼𝗶𝗻 :@PaidBackup✔️
➗➗➗➗➗➗➗➗➗
🚛𝗟𝗶𝗻𝗸 : <PERSON> 𝘁𝗼 𝗗𝗼𝘄𝗻𝗹𝗼𝗮𝗱
➗➗➗➗➗➗➗➗➗",False,False,False,False,True,False,False,False,False,False,1968246581,,,,,,,,,761,4,,,,,,[],
allapk4free,https://t.me/allapk4free,1068,2024-03-29 12:42:07,"🌀 Dynamic Island - Dynamic sPOT 
 🎯 Version: V1.82 ⚙️#updated
⚙️ More info : click here
➖➖➖➖➖➖➖➖➖➖➖
⏩ Features & Mod:
├ iPhone 14 Pro Dynamic Island feature
├Bye bye old animations, <PERSON> animations :)
├ Added display settings category
├Icon style now selectable
├ Fixed clear notifications
⚙️ Credits youarefinished 
➖➖➖➖➖➖➖➖➖➖➖➖
⬇️ Direct Download Link ✅
📎 <PERSON> 𝗧𝗼 𝗗𝗼𝘄𝗻𝗹𝗼𝗮𝗱 𝗠𝗼𝗱  
➖➖➖➖➖➖➖➖➖➖➖➖
❤️ Join @paidbackup for direct APK...",False,False,False,False,True,False,False,False,False,False,1968246581,,,,,,,5.156837232693325e+18,,432,2,,,,,,[],
allapk4free,https://t.me/allapk4free,1070,2024-03-30 06:05:00,"📱 PicsArt Premium/Gold Mod
✅ Version - v24.6.4🔔 #update
⚠️ Play Store / Official Site Link

👑 Features & Mod Info:
🕯 Most popular pic editing app
🕯 Now supports video editing
🕯 Photo editing tools,template
🕯 Make logo, posters,
 collages.
❤️ credit Mixroot 

✔️ Gold Subscription Unlocked.

❌ <PERSON> Will Not Work As It's Server-Sided.

➗➗➗➗➗➗➗➗➗
✅ 𝗝𝗼𝗶𝗻 :@PaidBackup✔️
➗➗➗➗➗➗➗➗➗
🚛𝗟𝗶𝗻𝗸 : <PERSON> 𝘁𝗼 𝗗𝗼𝘄𝗻𝗹𝗼𝗮𝗱
➗➗➗➗➗➗➗➗➗",False,False,False,False,True,False,False,False,False,False,1968246581,,,,,,,,,6979,21,,,,,,[],
allapk4free,https://t.me/allapk4free,1071,2024-03-30 07:49:25,"🤖 Logo Maker - Logo Creator
✅ Version: v42.82  #update 🔔
⚠️ Play Store / Official Site Link 

Features & Mod Info ✅
❤️ Create professional logos for free
❤️ Make Beautiful professional logo
❤️ 500+ amazing template available
❤️ Create professional logo in phone
❤️ Many useful tools available in app.

✔️  Premium Features Unlocked.

➗➗➗➗➗➗➗➗➗
✅ 𝗝𝗼𝗶𝗻 :@PaidBackup✔️
➗➗➗➗➗➗➗➗➗
🚛𝗟𝗶𝗻𝗸 : <PERSON> 𝘁𝗼 𝗗𝗼𝘄𝗻𝗹𝗼𝗮𝗱
➗➗➗➗➗➗➗➗➗",False,False,False,False,True,False,False,True,False,False,1968246581,,,,,,,,,7469,25,,2024-03-31T01:11:30+00:00,,,"{'_': 'MessageReactions', 'results': [{'_': 'ReactionCount', 'reaction': {'_': 'ReactionEmoji', 'emoticon': '👍'}, 'count': 1, 'chosen_order': None}], 'min': False, 'can_see_list': False, 'reactions_as_tags': False, 'recent_reactions': []}",[],
allapk4free,https://t.me/allapk4free,1072,2024-03-31 05:34:04,"📱 YouTube <PERSON> [ Stable ]
⛔ Version: v19.11.38 🔔 #update
⚠️ Play Store / Official Site Link 

Features & Mod Exclusive: 🔥
❤️ Premium features of Youtube 
❤️ Option to avoid intrusive sponsor 
<PERSON> Youtube premium 
❤️ Override screen resolution
❤️ Option to switch to old Yt UI 
❤️ Blocks all kinds of ads 
<PERSON>  V2.220.10 
❤️ Credits Youarefinished 

🚛MicroG For Login  ➡️ Click Here 

➗➗➗➗➗➗➗➗➗
✅ 𝗝𝗼𝗶𝗻 :@PaidBackup✔️
➗➗➗➗➗➗➗➗➗
🚛𝗟𝗶𝗻𝗸 : <PERSON> 𝘁𝗼 𝗗𝗼𝘄𝗻𝗹𝗼𝗮𝗱
➗➗➗➗➗➗➗➗➗
✅Clean Install Recommend✅",False,False,False,False,True,False,False,False,False,False,1968246581,,,,,,,,,6488,46,,,,,,[],
allapk4free,https://t.me/allapk4free,1073,2024-03-31 07:01:32,"📱 SnapEdit - AI Photo Editor
⛔ Version: v6.0.1🔔 #update
⚠️ Play Store / Official Site Link

📍 Features & Mod Info:
❤️ One-touch Object Removal
❤️ Image Enhancement
❤️ Background Removal Made Easy
❤️ Artistic Filters And Anime Effects
❤️ High-quality Results.

✔️ Pro Features Are Unlocked.

➗➗➗➗➗➗➗➗➗
✅ 𝗝𝗼𝗶𝗻 :@PaidBackup✔️
➗➗➗➗➗➗➗➗➗
🚛𝗟𝗶𝗻𝗸 : <PERSON> 𝘁𝗼 𝗗𝗼𝘄𝗻𝗹𝗼𝗮𝗱
➗➗➗➗➗➗➗➗➗",False,False,False,False,True,False,False,False,False,False,1968246581,,,,,,,,,4904,9,,,,,,[],
allapk4free,https://t.me/allapk4free,1074,2024-03-31 07:58:31,"👍 VN Video Editor Maker VlogNow 
⛔ Version - v2.2.4🔔 #update
⚠️ Playstore Link: Click  Here

Features & Mod Info: ✅
❤️ A Quick and Pro Video Editor
❤️ Green Screen/Chroma key
❤️ Support for <PERSON>
❤️ Use Avatar as a clip creator
❤️ Change font,color,size of subtitles

✔️ Pro Features Unlocked.

➗➗➗➗➗➗➗➗➗
✅ 𝗝𝗼𝗶𝗻 :@PaidBackup✔️
➗➗➗➗➗➗➗➗➗
🚛𝗟𝗶𝗻𝗸 : <PERSON> 𝘁𝗼 𝗗𝗼𝘄𝗻𝗹𝗼𝗮𝗱
➗➗➗➗➗➗➗➗➗",False,False,False,False,True,False,False,False,False,False,1968246581,,,,,,,,,4972,8,,,,,,[],
allapk4free,https://t.me/allapk4free,1075,2024-03-31 11:00:58,"📱 CamScanner - PDF Scanner App
✅ Version: v6.62.1🔔 #update
⚠️ Play Store / Official Site Link

👑 Mod & Features:
➡️ Gold Features Unlocked
➡️ Multi- Language & Logging Disabled
➡️ Convert Images to PDF, TXT, more
➡️ ID Mode, Book Scan, E-signature
➡️ Cropping issue fixed for all devices
➡️ Collage of 2 separate documents.

➗➗➗➗➗➗➗➗➗
✅ 𝗝𝗼𝗶𝗻 :@PaidBackup✔️
➗➗➗➗➗➗➗➗➗
🚛𝗟𝗶𝗻𝗸 : <PERSON> 𝘁𝗼 𝗗𝗼𝘄𝗻𝗹𝗼𝗮𝗱
➗➗➗➗➗➗➗➗➗",False,False,False,False,True,False,False,False,False,False,1968246581,,,,,,,,,4867,15,,,,,,[],
allapk4free,https://t.me/allapk4free,1076,2024-03-31 14:44:36,"✅ FilmoraGO Premium Video Editor 
⛔ Version - v13.2.0🔔 #updated
⚠️ App info : click here

⏩ Features and Mod :☄️

🔘 FilmoraGO Premium mod apk
🔘 Best video editor for android
🔘 Advance editing tools available
🔘 Overlays, transaction, audio edit
🔘 No watermark on exported video
🔘 Premium Unlocked by Piemods

✔️ Premium Features Unlocked.

➗➗➗➗➗➗➗➗➗
✅ 𝗝𝗼𝗶𝗻 :@PaidBackup✔️
➗➗➗➗➗➗➗➗➗
🚛𝗟𝗶𝗻𝗸 : <PERSON> 𝘁𝗼 𝗗𝗼𝘄𝗻𝗹𝗼𝗮𝗱
➗➗➗➗➗➗➗➗➗",False,False,False,False,True,False,False,False,False,False,1968246581,,,,,,,,,4630,14,,,,,,[],
allapk4free,https://t.me/allapk4free,1077,2024-03-31 17:17:42,"📱 TeraBox <PERSON>: v3.26.2🔔 #update
⚠️ Play Store / Official Site Link

⭐ Features & Mod Info:
❤️ 1TB permanent free cloud storage
❤️ Access all the content you have 
❤️ Photos & Online video playback
❤️ Transfer files to other file storage

♻️ Vip Subscription Is Unlocked
♻️ Login Through  Number Or Gmail.
➗➗➗➗➗➗➗➗➗
✅ 𝗝𝗼𝗶𝗻 :@PaidBackup✔️
➗➗➗➗➗➗➗➗➗
🚛𝗟𝗶𝗻𝗸 : <PERSON> 𝘁𝗼 𝗗𝗼𝘄𝗻𝗹𝗼𝗮𝗱
➗➗➗➗➗➗➗➗➗",False,False,False,False,True,False,False,False,False,False,1968246581,,,,,,,,,4812,28,,,,,,[],
allapk4free,https://t.me/allapk4free,1078,2024-04-01 01:37:24,"⚡ Charging Master Pro APK
⛔ Version: v5.22.68 🔔#update
⚠️ App info : click here
 
 Features and Mod info🗣️

🔘 Reduce the screen brightness
🔘 Reduce power consumption 
Optimize WiFi, GPS, Bluetooth 
🔘 Display accurate temperature
🔘 Remove All Background Tasks
🔘 Accurate Predict of charging time
🔘 Clean and simple user interface
❤️ Credits Mixroot 

✔️ Pro features unlocked

➗➗➗➗➗➗➗➗➗
✅ 𝗝𝗼𝗶𝗻 :@PaidBackup✔️
➗➗➗➗➗➗➗➗➗
🚛𝗟𝗶𝗻𝗸 : <PERSON> 𝘁𝗼 𝗗𝗼𝘄𝗻𝗹𝗼𝗮𝗱
➗➗➗➗➗➗➗➗➗",False,False,False,False,True,False,False,False,False,False,1968246581,,,,,,,,,3450,6,,,,,,[],
allapk4free,https://t.me/allapk4free,1079,2024-04-01 04:10:19,"📱 ZEDGE™ Wallpapers & Ringtones
✅ 
Version: v8.34.6#Final 🔔 #update
⚠️ Play Store / Official Site Link
<DATE_TIME> 🟢
✅ Wide range of wallpapers
✅ Free ringtones, notifications
✅ Animated video wallpapers
✅ Large selection of stickers
✅ Live wallpapers collection.

✅ Premium Subscription Unlocked.

Note 🚨: Subscription is not equal to premium credits, you can watch ads to earn credits and download premium contents.

➗➗➗➗➗➗➗➗➗
✅ 𝗝𝗼𝗶𝗻 :@PaidBackup✔️
➗➗➗➗➗➗➗➗➗
🚛𝗟𝗶𝗻𝗸 : <PERSON> 𝘁𝗼 𝗗𝗼𝘄𝗻𝗹𝗼𝗮𝗱
➗➗➗➗➗➗➗➗➗",False,False,False,False,True,False,False,False,False,False,1968246581,,,,,,,,,3224,8,,,,,,[],
allapk4free,https://t.me/allapk4free,1080,2024-04-01 04:14:02,"<PERSON>
⛔ Version: v7.4.4.32358.GP 🔔 #update
⚠️ Play Store / Official Site Link

🟩 Features & Mod Info:
❤️ Best video editor for android
❤️ Create professional videos
❤️ Full Subscription Unlocked
❤️ No Watermark, No ADS
❤️ Fonts, Magic Remover, Export Fixed
❤️ Premium Assets Fixed (VPN)
❤️ Full Multi Languages
❤️ All debug Info Removed
❤️ Original Signature Changed
❤️ Released By Derrin 

➗➗➗➗➗➗➗➗
✅ 𝗝𝗼𝗶𝗻 :@PaidBackup✔️
➗➗➗➗➗➗➗➗
🚛𝗟𝗶𝗻𝗸 : <PERSON> 𝘁𝗼 𝗗𝗼𝘄𝗻𝗹𝗼𝗮𝗱
➗➗➗➗➗➗➗➗",False,False,False,False,True,False,False,False,False,False,1968246581,,,,,,,,,3519,9,,,,,,[],
allapk4free,https://t.me/allapk4free,1081,2024-04-01 07:00:56,"😍FM WhatsApp : Modded WP
✅ Version: v10.0🔔 #update

✅ All Features:
✅ Modded Version Of WhatsApp
✅ Supports Installing <PERSON> Themes
✅ <PERSON> To Anytime
✅ Send Images In Ultra Quality
✅ Download Your Contacts Statuses
❤️ Four Separate Packages Added
✅ Fully Antiban & Much More. 😋
❤️ Credits <PERSON> ➡️ Click Here

➗➗➗➗➗➗➗➗➗
✅ 𝗝𝗼𝗶𝗻 :@PaidBackup✔️
➗➗➗➗➗➗➗➗➗
🚛Clone : <PERSON> 𝘁𝗼 𝗗𝗼𝘄𝗻𝗹𝗼𝗮𝗱
➗➗➗➗➗➗➗➗➗",False,False,False,False,True,False,False,False,False,False,1968246581,,,,,,,,,3332,9,,,,,,[],
allapk4free,https://t.me/allapk4free,1082,2024-04-01 13:15:22,"🕹️ PGT Pro / Pro GFX & Optimizer 
🎯 Version: v0.23.4🔔#updated
⚠️ Playstore Link : click here

 Features & Mod info 🔥

🔘 Unlock greater FPS & graphics
🔘 Downgrade graphics settings
🔘 Shadow quality, zero lag mode
🔘 Battery efficient and smooth
🔘 GPU & Graphics optimisation
🔘 Support PUBGM Version,BGMI
⭐ Credits Youarefinished

✔️ Pro Features Unlocked.

➗➗➗➗➗➗➗➗➗
✅ 𝗝𝗼𝗶𝗻 :@PaidBackup✔️
➗➗➗➗➗➗➗➗➗
🚛𝗟𝗶𝗻𝗸 : <PERSON> 𝘁𝗼 𝗗𝗼𝘄𝗻𝗹𝗼𝗮𝗱
➗➗➗➗➗➗➗➗➗",False,False,False,False,True,False,False,False,False,False,1968246581,,,,,,,,,2373,4,,,,,,[],
allapk4free,https://t.me/allapk4free,1084,2024-04-02 04:33:56,"📱 YouTube <PERSON> [ Stable ]
⛔ Version: v19.11.43 🔔 #update
⚠️ Play Store / Official Site Link 

Features & Mod Exclusive: 🔥
❤️ Premium features of Youtube 
If you experience a playback buffering issue on your side:
Enable ""Spoof player parameter"" from ReVanced Extended settings ➤ Miscellanous
❤️ RVP Version  V2.220.10 
❤️ Credits Derrin 

🚛MicroG For Login  ➡️ Click Here 

➗➗➗➗➗➗➗➗➗
✅ 𝗝𝗼𝗶𝗻 :@PaidBackup✔️
➗➗➗➗➗➗➗➗➗
🚛𝗟𝗶𝗻𝗸 : <PERSON> 𝘁𝗼 𝗗𝗼𝘄𝗻𝗹𝗼𝗮𝗱
➗➗➗➗➗➗➗➗➗
✅Clean Install Recommend✅",False,False,False,False,True,False,False,False,False,False,1968246581,,,,,,,,,71,1,,,,,,[],
