Channel ID,URL,Post ID,date,message,out,mentioned,media_unread,silent,post,from_scheduled,legacy,edit_hide,pinned,noforwards,peer_channel,from_id_user,fwd_from,via_bot_id,reply_to_msg_id,reply_to_scheduled,forum_topic,media_photo_id,reply_markup,views,forwards,replies,edit_date,post_author,grouped_id,reactions,restriction_reason,ttl_period
apkmody_official_2,https://t.me/apkmody_official_2,7979,2024-01-29 15:00:24,"⚡️ <DATE_TIME>, 2024

⚡️ TOP 10 apps & games updated in <DATE_TIME>

ℹ️ If you go to the URL and it says 404. It means you must be logged in to apkmody.com to be able to see it.

ℹ️ This list includes only the most featured items. To explore all apps, please go directly to apkmody.com.

ℹ️ This list will only be sent one time per day, please turn on notifications so you don't miss out.

🕹️ GAMES

1. Roblox 2.609.387 [MENU, <PERSON>, Wall Hack]
https://apkmody.com/games/roblox

2. Be the Manager <PHONE_NUMBER> [Unlimited Coins]
https://apkmody.com/games/be-the-manager-2023

3. Subway Surfers 3.24.0 [Unlimited Coins/Key]
https://apkmody.com/games/subway-surfers

4. Temple Run 2 1.108.0 [Unlimited Coins/Gems]
https://apkmody.com/games/temple-run-2

5. Tuning Club Online 2.3461 [Menu, Unlimited Nitro]
https://apkmody.com/games/tuning-club-online-2

6. Lvelup RPG 3.3.5 [MENU, One Hit]
https://apkmody.com/games/lvelup-rpg

7. Bubble Witch 3 Saga 7.42.14 [Unlimited Lives]
https://apkmody.com/games/bubble-witch-3-saga

8. <PERSON> 4.30.1 [Hack Map]
<PERSON>

9. Travel Town 2.12.471 [Unlimited Energy]
https://apkmody.com/games/travel-town

10. European War 7: Medieval 2.5.0 [Unlimited Money]
https://apkmody.com/games/european-war-7-medieval

🔥 APPS

1. Netflix 8.101.1 [Premium Unlocked]
https://apkmody.com/apps/netflix-2

2. Wallet 9.0.8 [Premium Unlocked]
https://apkmody.com/apps/wallet

3. Photo Lab PRO <DATE_TIME> [PAID]
https://apkmody.com/apps/photo-lab-pro

4. <NRP> 1.502.162 [Pro Unlocked]
https://apkmody.com/apps/polish

5. Memrise 2024.01.24.0 [Premium Unlocked]
https://apkmody.com/apps/memrise

6. PDF Extra <DATE_TIME> [Premium Unlocked]
https://apkmody.com/apps/pdf-extra

7. BetterSleep 24.1 [Premium Unlocked]
https://apkmody.com/apps/bettersleep

8. Lock Me Out 7.1.2 [Premium Unlocked]
https://apkmody.com/apps/lock-me-out

9. JEFIT 11.36.7 [Elite Membership]
https://apkmody.com/apps/gym-workout-plan

10. Motionleap 1.4.1 [Pro Unlocked]
https://apkmody.com/apps/motionleap",False,False,False,False,True,False,False,True,False,False,1447143701,,,,,,,,,9479.0,4.0,,2024-01-29T15:00:52+00:00,,,"{'_': 'MessageReactions', 'results': [{'_': 'ReactionCount', 'reaction': {'_': 'ReactionEmoji', 'emoticon': '👍'}, 'count': 5, 'chosen_order': None}, {'_': 'ReactionCount', 'reaction': {'_': 'ReactionEmoji', 'emoticon': '🔥'}, 'count': 2, 'chosen_order': None}, {'_': 'ReactionCount', 'reaction': {'_': 'ReactionEmoji', 'emoticon': '❤'}, 'count': 1, 'chosen_order': None}], 'min': False, 'can_see_list': False, 'reactions_as_tags': False, 'recent_reactions': []}",[],2678400.0
apkmody_official_2,https://t.me/apkmody_official_2,7980,2024-01-30 15:00:19,"⚡️ <DATE_TIME>, 2024

⚡️ TOP 10 apps & games updated in <DATE_TIME>

ℹ️ If you go to the URL and it says 404. It means you must be logged in to apkmody.com to be able to see it.

ℹ️ This list includes only the most featured items. To explore all apps, please go directly to apkmody.com.

ℹ️ This list will only be sent one time per day, please turn on notifications so you don't miss out.

🕹️ GAMES

1. 20 Minutes Till Dawn 4.0 [Unlimited Money]
https://apkmody.com/games/20-minutes-till-dawn

2. The Battle Cats 13.1.0 [Unlimited Cat Food/XP]
https://apkmody.com/games/the-battle-cats

3. Coin Master <DATE_TIME> [Cards Unlocked]
https://apkmody.com/games/coin-master

4. <PERSON> [Unlimited Lives]
https://apkmody.com/games/candy-crush-saga

5. Dynamons World <DATE_TIME> [Unlimited Money]
https://apkmody.com/games/dynamons-world

6. House Flipper 1.373 [<PERSON>]
https://apkmody.com/games/house-flipper

7. Dirty Crown Scandal 1.2.1 [Free Premium Choices]
https://apkmody.com/games/dirty-crown-scandal

8. The Sims FreePlay 5.82.1 [Unlimited Money/LP]
https://apkmody.com/games/the-sims-freeplay

9. CSR Racing 2 4.9.0 [Unlimited Money]
https://apkmody.com/games/csr-racing-2

10. Cooking Wonder 1.43.0 [Unlimited Money]
https://apkmody.com/games/cooking-wonder

🔥 APPS

1. Netflix 8.102.0 [Premium Unlocked]
https://apkmody.com/apps/netflix-2

2. Duolingo 5.137.3 [Premium Unlocked]
https://apkmody.com/apps/duolingo - LOGIN TO SEE

3. Wattpad 10.46.2 [Premium Unlocked]
https://apkmody.com/apps/wattpad

4. Amazon Prime Video 3.0.362.2557 [Premium Unlocked]
https://apkmody.com/apps/amazon-prime-video

5. CamScanner 6.58.0.2401290000 [Premium Unlocked]
https://apkmody.com/apps/camscanner - LOGIN TO SEE

6. Snaptube 7.14.1.71471101 [VIP Unlocked]
https://apkmody.com/apps/snaptube

7. Instagram 317.<IP_ADDRESS> [Unlocked]
https://apkmody.com/apps/instagram

8. InShot Pro 2.013.1436 [Pro Unlocked]
https://apkmody.com/apps/inshot-pro

9. Adobe Acrobat Reader 24.1.0.30990 [Pro Unlocked]
https://apkmody.com/apps/adobe-acrobat-reader

10. Nova Launcher 8.0.13 [Prime Unlocked]
https://apkmody.com/apps/nova-launcher",False,False,False,False,True,False,False,True,False,False,1447143701,,,,,,,,,9569.0,7.0,,2024-01-30T16:55:40+00:00,,,"{'_': 'MessageReactions', 'results': [{'_': 'ReactionCount', 'reaction': {'_': 'ReactionEmoji', 'emoticon': '👍'}, 'count': 7, 'chosen_order': None}, {'_': 'ReactionCount', 'reaction': {'_': 'ReactionEmoji', 'emoticon': '❤'}, 'count': 1, 'chosen_order': None}, {'_': 'ReactionCount', 'reaction': {'_': 'ReactionEmoji', 'emoticon': '🔥'}, 'count': 1, 'chosen_order': None}, {'_': 'ReactionCount', 'reaction': {'_': 'ReactionEmoji', 'emoticon': '😁'}, 'count': 1, 'chosen_order': None}], 'min': False, 'can_see_list': False, 'reactions_as_tags': False, 'recent_reactions': []}",[],2678400.0
apkmody_official_2,https://t.me/apkmody_official_2,7981,2024-01-31 15:00:31,"⚡️ <DATE_TIME>, 2024

⚡️ TOP 10 apps & games updated in <DATE_TIME>

ℹ️ If you go to the URL and it says 404. It means you must be logged in to apkmody.com to be able to see it.

ℹ️ This list includes only the most featured items. To explore all apps, please go directly to apkmody.com.

ℹ️ This list will only be sent one time per day, please turn on notifications so you don't miss out.

🕹️ GAMES

1. Brotato 1.3.292 [Unlimited Money, VIP]
https://apkmody.com/games/brotato

2. Be the Manager <PHONE_NUMBER> [Unlimited Coins]
https://apkmody.com/games/be-the-manager-2023

3. The Battle Cats 13.1.1 [Unlimited Cat Food/XP]
https://apkmody.com/games/the-battle-cats

4. Coin Master <DATE_TIME> [Cards Unlocked]
https://apkmody.com/games/coin-master

5. Booty Farm 9.3 [Unlimited Diamonds]
https://apkmody.com/games/booty-farm

6. Decor Life 1.0.30 [Unlimited Gems]
https://apkmody.com/games/decor-life

7. Stardew Valley <IP_ADDRESS> [Unlimited Money]
https://apkmody.com/games/stardew-valley

8. Extreme Car Driving Simulator 6.84.5 [Unlimited Money]
https://apkmody.com/games/extreme-car-driving-simulator

9. Rope Hero: Vice Town 6.6.8 [Unlimited Money]
https://apkmody.com/games/rope-hero-vice-town

10. Shelter 69 <DATE_TIME> [Menu, Free Shopping]
https://apkmody.com/games/shelter-69

🔥 APPS

1. TrueCaller 13.54.5 [Gold Unlocked]
https://apkmody.com/apps/truecaller

2. Picsart 24.2.2 [Gold Unlocked]
https://apkmody.com/apps/picsart

3. Duolingo 5.137.4 [Premium Unlocked]
https://apkmody.com/apps/duolingo - LOGIN TO SEE

4. Instagram 317.<IP_ADDRESS> [Unlocked]
https://apkmody.com/apps/instagram

5. Smule 11.4.9 [VIP Unlocked]
https://apkmody.com/apps/smule

6. PLAYit <IP_ADDRESS> [VIP Unlocked]
https://apkmody.com/apps/playit

7. Plex 10.8.0.5554 [Premium Unlocked]
https://apkmody.com/apps/plex - LOGIN TO SEE

8. Adobe Express 8.25.3 [Pro Unlocked]
https://apkmody.com/apps/adobe-express

9. Chordify <DATE_TIME> [Premium Unlocked]
https://apkmody.com/apps/chordify

10. Mivo 3.34.697 [Premium Unlocked]
https://apkmody.com/apps/mivo",False,False,False,False,True,False,False,True,False,False,1447143701,,,,,,,,,10026.0,5.0,,2024-01-31T15:42:32+00:00,,,"{'_': 'MessageReactions', 'results': [{'_': 'ReactionCount', 'reaction': {'_': 'ReactionEmoji', 'emoticon': '👍'}, 'count': 4, 'chosen_order': None}, {'_': 'ReactionCount', 'reaction': {'_': 'ReactionEmoji', 'emoticon': '👏'}, 'count': 2, 'chosen_order': None}, {'_': 'ReactionCount', 'reaction': {'_': 'ReactionEmoji', 'emoticon': '❤'}, 'count': 1, 'chosen_order': None}], 'min': False, 'can_see_list': False, 'reactions_as_tags': False, 'recent_reactions': []}",[],2678400.0
apkmody_official_2,https://t.me/apkmody_official_2,7982,2024-02-01 15:00:33,"⚡️ <DATE_TIME>

⚡️ TOP 10 apps & games updated in <DATE_TIME>

ℹ️ If you go to the URL and it says 404. It means you must be logged in to apkmody.com to be able to see it.

ℹ️ This list includes only the most featured items. To explore all apps, please go directly to apkmody.com.

ℹ️ This list will only be sent one time per day, please turn on notifications so you don't miss out.

🕹️ GAMES

1. Little Nightmares 117 [PAID]
https://apkmody.com/games/little-nightmares

2. Soul Knight 6.0.5 [Unlimited Gems, Unlocked]
https://apkmody.com/games/soul-knight

3. MeChat 4.12.1 [Unlimited Money]
https://apkmody.com/games/mechat

4. <PERSON> 2024.2.0 [VIP Unlocked]
https://apkmody.com/games/barbie-dreamhouse-adventures

5. Block Blast Adventure Master 4.0.5 [No Ads]
https://apkmody.com/games/block-blast-adventure-master

6. Bluey: Let’s Play! 2024.2.0 [Unlocked]
https://apkmody.com/games/bluey-lets-play

7. Adorable Home 2.4.3 [Unlimited Hearts]
https://apkmody.com/games/adorable-home

8. ZOMBIE FIRE 3D 1.25.0 [Unlimited Money]
<DATE_TIME>. Arm Wrestling Clicker 1.4.2 [Unlimited Gems]
https://apkmody.com/games/arm-wrestling-clicker

10. Dynamons <DATE_TIME> [Unlimited Money]
https://apkmody.com/games/dynamons-world

🔥 APPS

1. Spotify <DATE_TIME>.616 [Premium Unlocked]
https://apkmody.com/apps/spotify

2. Telegram 10.6.3 [Premium Unlocked]
https://apkmody.com/apps/telegram

3. TikTok 33.3.2 [Premium Unlocked]
https://apkmody.com/apps/tiktok

4. Duolingo 5.137.5 [Premium Unlocked]
https://apkmody.com/apps/duolingo - LOGIN TO SEE

5. PhotoRoom 4.8.3 [Pro Unlocked]
https://apkmody.com/apps/photoroom

6. Wattpad 10.47.0 [Premium Unlocked]
https://apkmody.com/apps/wattpad

7. CamScanner 6.58.1.2401310000 [Premium Unlocked]
https://apkmody.com/apps/camscanner - LOGIN TO SEE

8. Instagram 317.<IP_ADDRESS> [Unlocked]
https://apkmody.com/apps/instagram

9. InShot Pro 2.014.1437 [Pro Unlocked]
https://apkmody.com/apps/inshot-pro

10. Adobe Acrobat Reader 24.1.0.30991.Beta [Pro Unlocked]
https://apkmody.com/apps/adobe-acrobat-reader",False,False,False,False,True,False,False,True,False,False,1447143701,,,,,,,,,9804.0,7.0,,2024-02-01T19:48:30+00:00,,,"{'_': 'MessageReactions', 'results': [{'_': 'ReactionCount', 'reaction': {'_': 'ReactionEmoji', 'emoticon': '👍'}, 'count': 7, 'chosen_order': None}, {'_': 'ReactionCount', 'reaction': {'_': 'ReactionEmoji', 'emoticon': '🔥'}, 'count': 1, 'chosen_order': None}], 'min': False, 'can_see_list': False, 'reactions_as_tags': False, 'recent_reactions': []}",[],2678400.0
apkmody_official_2,https://t.me/apkmody_official_2,7983,2024-02-02 15:00:31,"⚡️ <DATE_TIME>, 2024

⚡️ TOP 10 apps & games updated in <DATE_TIME>

ℹ️ If you go to the URL and it says 404. It means you must be logged in to apkmody.com to be able to see it.

ℹ️ This list includes only the most featured items. To explore all apps, please go directly to apkmody.com.

ℹ️ This list will only be sent one time per day, please turn on notifications so you don't miss out.

🕹️ GAMES

1. Weapon Craft Run 2.5.5 [Unlimited Money]
https://apkmody.com/games/weapon-craft-run

2. BitLife <DATE_TIME> [Bitizenship Unlocked]
https://apkmody.com/games/bitlife

3. Block Blast Adventure Master 4.0.6 [No Ads]
https://apkmody.com/games/block-blast-adventure-master

4. Power Slap 4.1.5 [Unlimited Money]
https://apkmody.com/games/power-slap

5. Twisted Tangle 1.36.3 [Unlimited Money]
https://apkmody.com/games/twisted-tangle

6. <PERSON> 15.1.5 [No Ads]
https://apkmody.com/games/gorebox

7. Shadow Slayer: Demon Hunter <DATE_TIME> [Unlimited Gems]
https://apkmody.com/games/shadow-slayer-demon-hunter

8. <NRP> Bikes Driving 3D 31 [No Ads]
https://apkmody.com/games/indian-bikes-driving-3d

9. Ninja Hands 0.6.0 [Unlimited Money]
https://apkmody.com/games/ninja-hands

10. Ice Scream 8: Final Chapter 1.0.3 [Unlocked Hints]
https://apkmody.com/games/ice-scream-8-final-chapter

🔥 APPS

1. Netflix 8.102.0 [Premium Unlocked]
https://apkmody.com/apps/netflix-2

2. TikTok 33.3.3 [Premium Unlocked]
https://apkmody.com/apps/tiktok

3. Duolingo 5.138.0 [Premium Unlocked]
https://apkmody.com/apps/duolingo - LOGIN TO SEE

4. Always On: Edge Music Lighting <IP_ADDRESS> [Pro Unlocked]
<NRP>

5. Adobe Express 8.26.0 [Pro Unlocked]
https://apkmody.com/apps/adobe-express

6. Fotor Photo Editor <IP_ADDRESS> [Pro Unlocked]
https://apkmody.com/apps/fotor-photo-editor

7. Wallet 9.0.9 [Premium Unlocked]
https://apkmody.com/apps/wallet

8. LiveLoop 1.8.2 [Pro Unlocked]
https://apkmody.com/apps/liveloop

9. Selfie AI <DATE_TIME> [VIP Unlocked]
https://apkmody.com/apps/selfie-ai

10. Advanced Download Manager 14.0.28 [Pro Unlocked]
https://apkmody.com/apps/advanced-download-manager",False,False,False,False,True,False,False,True,False,False,1447143701,,,,,,,,,9543.0,6.0,,2024-02-02T15:17:51+00:00,,,"{'_': 'MessageReactions', 'results': [{'_': 'ReactionCount', 'reaction': {'_': 'ReactionEmoji', 'emoticon': '👍'}, 'count': 11, 'chosen_order': None}, {'_': 'ReactionCount', 'reaction': {'_': 'ReactionEmoji', 'emoticon': '❤'}, 'count': 1, 'chosen_order': None}], 'min': False, 'can_see_list': False, 'reactions_as_tags': False, 'recent_reactions': []}",[],2678400.0
apkmody_official_2,https://t.me/apkmody_official_2,7984,2024-02-03 15:00:32,"⚡️ <DATE_TIME>

⚡️ TOP 10 apps & games updated in <DATE_TIME>

ℹ️ If you go to the URL and it says 404. It means you must be logged in to apkmody.com to be able to see it.

ℹ️ This list includes only the most featured items. To explore all apps, please go directly to apkmody.com.

ℹ️ This list will only be sent one time per day, please turn on notifications so you don't miss out.

🕹️ GAMES

1. 20 Minutes Till Dawn 4.1 [Unlimited Money]
https://apkmody.com/games/20-minutes-till-dawn

2. Block Blast Adventure Master 4.0.8 [No Ads]
https://apkmody.com/games/block-blast-adventure-master

3. APEX Racer 0.8.12 [Unlimited Money]
https://apkmody.com/games/apex-racer

4. Dynamons World <DATE_TIME> [Unlimited Money]
https://apkmody.com/games/dynamons-world

5. House Flipper 1.374 [Unlimited Flipcoins]
https://apkmody.com/games/house-flipper

6. Cafe Panic 1.49.0a [Unlimited Money]
https://apkmody.com/games/cafe-panic

7. Adventure Escape Mysteries 27.04 [Hint Purchased]
https://apkmody.com/games/adventure-escape-mysteries

8. Extreme Car Driving Simulator 6.84.6 [Unlimited Money]
https://apkmody.com/games/extreme-car-driving-simulator

9. Drift <PERSON> <DATE_TIME> [Unlimited Money]
https://apkmody.com/games/drift-max-pro

10. K-Pop Academy 0.18.1 [Unlimited Money]
https://apkmody.com/games/idol-popstars

🔥 APPS

1. TikTok 33.3.5 [Premium Unlocked]
https://apkmody.com/apps/tiktok

2. Duolingo 5.138.1 [Premium Unlocked]
https://apkmody.com/apps/duolingo - LOGIN TO SEE

3. Instagram 318.<IP_ADDRESS> [Unlocked]
https://apkmody.com/apps/instagram

4. AdGuard <DATE_TIME> [Premium Unlocked]
https://apkmody.com/apps/adguard

5. NowAI <IP_ADDRESS> [Pro Unlocked]
https://apkmody.com/apps/nowai

6. WPS Office 18.7 [Premium Unlocked]
https://apkmody.com/apps/wps-office

7. Photoshop Express 12.5.284 [Premium Unlocked]
https://apkmody.com/apps/photoshop-express

8. <PERSON> 6.4 [PAID]
https://apkmody.com/apps/guzheng-master

9. Easy Notes <DATE_TIME>.0202 [VIP Unlocked]
https://apkmody.com/apps/easy-notes

10. Songsterr 5.19.3 [Premium Unlocked]
https://apkmody.com/apps/songsterr",False,False,False,False,True,False,False,True,False,False,1447143701,,,,,,,,,9271.0,2.0,,2024-02-03T17:15:44+00:00,,,"{'_': 'MessageReactions', 'results': [{'_': 'ReactionCount', 'reaction': {'_': 'ReactionEmoji', 'emoticon': '👍'}, 'count': 7, 'chosen_order': None}, {'_': 'ReactionCount', 'reaction': {'_': 'ReactionEmoji', 'emoticon': '❤'}, 'count': 4, 'chosen_order': None}, {'_': 'ReactionCount', 'reaction': {'_': 'ReactionEmoji', 'emoticon': '👏'}, 'count': 3, 'chosen_order': None}], 'min': False, 'can_see_list': False, 'reactions_as_tags': False, 'recent_reactions': []}",[],2678400.0
apkmody_official_2,https://t.me/apkmody_official_2,7985,2024-02-04 15:00:22,"⚡️ <DATE_TIME>

⚡️ TOP 10 apps & games updated in <DATE_TIME>

ℹ️ If you go to the URL and it says 404. It means you must be logged in to apkmody.com to be able to see it.

ℹ️ This list includes only the most featured items. To explore all apps, please go directly to apkmody.com.

ℹ️ This list will only be sent one time per day, please turn on notifications so you don't miss out.

🕹️ GAMES

1. Running Pet: Dec Rooms 1.2.7 [Unlimited Free Chests]
https://apkmody.com/games/running-pet-dec-rooms

2. Shelter 69 1.6.106 [Menu, Free Shopping]
https://apkmody.com/games/shelter-69

3. Guardian War: RPG Pixel Games 0.1.145 [Unlimited Money]
https://apkmody.com/games/guardian-war-rpg-pixel-games

4. Good Pizza, Great Pizza <IP_ADDRESS> [Unlimited Money]
https://apkmody.com/games/good-pizza-great-pizza

5. Factory World: Connect Map 1.33.8 [Free Shopping]
https://apkmody.com/games/factory-world-connect-map

6. Galaxy Attack: Alien Shooting 54.0 [Unlimited Money]
https://apkmody.com/games/galaxy-attack-alien-shooting

7. Flappy Dragon 3.0.4 [Unlocked Dragons]
https://apkmody.com/games/flappy-dragon

8. Pepi Wonder World: Magic Isle! 9.3.1 [Unlocked]
https://apkmody.com/games/pepi-wonder-world-magic-isle

9. Magic Tiles 3 10.122.107 [Unlimited Money]
https://apkmody.com/games/magic-tiles-3

10. Craft The World <DATE_TIME> [Unlocked]
https://apkmody.com/games/craft-the-world

🔥 APPS

1. Duolingo 5.138.2 [Premium Unlocked]
https://apkmody.com/apps/duolingo - LOGIN TO SEE

2. Money Lover <IP_ADDRESS> [Premium Unlocked]
https://apkmody.com/apps/money-lover

3. Beelinguapp 3.007 [Premium Unlocked]
https://apkmody.com/apps/beelinguapp

4. Motivation 4.47.0 [Premium Unlocked]
https://apkmody.com/apps/motivation

5. Digital Compass 11.3 [Pro Unlocked]
https://apkmody.com/apps/digital-compass

6. PicWish 1.6.5 [Pro Unlocked]
https://apkmody.com/apps/picwish

7. Komoot 2024.05.1 [Premium Unlocked]
https://apkmody.com/apps/komoot

8. Podcast Addict 2024.3 [Premium Unlocked]
https://apkmody.com/apps/podcast-addict",False,False,False,False,True,False,False,True,False,False,1447143701,,,,,,,,,9041.0,1.0,,2024-02-04T16:01:08+00:00,,,"{'_': 'MessageReactions', 'results': [{'_': 'ReactionCount', 'reaction': {'_': 'ReactionEmoji', 'emoticon': '👍'}, 'count': 10, 'chosen_order': None}, {'_': 'ReactionCount', 'reaction': {'_': 'ReactionEmoji', 'emoticon': '👏'}, 'count': 1, 'chosen_order': None}], 'min': False, 'can_see_list': False, 'reactions_as_tags': False, 'recent_reactions': []}",[],2678400.0
apkmody_official_2,https://t.me/apkmody_official_2,7986,2024-02-05 15:00:31,"⚡️ <DATE_TIME>, 2024

⚡️ TOP 10 apps & games updated in <DATE_TIME>

ℹ️ If you go to the URL and it says 404. It means you must be logged in to apkmody.com to be able to see it.

ℹ️ This list includes only the most featured items. To explore all apps, please go directly to apkmody.com.

ℹ️ This list will only be sent one time per day, please turn on notifications so you don't miss out.

🕹️ GAMES

1. Stumble Guys 0.64.1 [Unlocked Skins]
https://apkmody.com/games/stumble-guys-4

2. 20 Minutes Till Dawn 4.2 [Unlimited Money]
https://apkmody.com/games/20-minutes-till-dawn

3. Brotato 1.3.295 [Unlimited Money, VIP]
https://apkmody.com/games/brotato

4. APEX Racer 0.8.13 [Unlimited Money]
https://apkmody.com/games/apex-racer

5. Twisted Tangle 1.37.0 [Unlimited Money]
https://apkmody.com/games/twisted-tangle

6. Subway Surfers 3.24.1 [Unlimited Coins/Key]
https://apkmody.com/games/subway-surfers

7. Screw Puzzle: Nuts and Bolts 1.18 [Unlimited Money]
https://apkmody.com/games/screw-puzzle-nuts-and-bolts

8. Royal Match 19619 [Unlimited Coins]
https://apkmody.com/games/royal-match

9. ZOMBIE HUNTER 1.78.0 [Unlimited Money]
https://apkmody.com/games/zombie-hunter

10. Bowmasters <DATE_TIME> [Unlimited Money]
https://apkmody.com/games/bowmasters

🔥 APPS

1. Netflix 8.102.0 [Premium Unlocked]
https://apkmody.com/apps/netflix-2

2. TrueCaller 13.54.8 [Gold Unlocked]
https://apkmody.com/apps/truecaller

3. Telegram 10.6.4 [Premium Unlocked]
https://apkmody.com/apps/telegram

4. Duolingo 5.138.3 [Premium Unlocked]
https://apkmody.com/apps/duolingo - LOGIN TO SEE

5. InShot Pro 2.016.1439 [Pro Unlocked]
https://apkmody.com/apps/inshot-pro

6. WPS Office 18.7.1 [Premium Unlocked]
https://apkmody.com/apps/wps-office

7. ES File Explorer <IP_ADDRESS>.1 [Premium Unlocked]
https://apkmody.com/apps/es-file-explorer

8. <PERSON> 6.5 [PAID]
https://apkmody.com/apps/guzheng-master

9. Easy Notes <DATE_TIME>.0204 [VIP Unlocked]
https://apkmody.com/apps/easy-notes

10. SNOW 13.0.5 [VIP Unlocked]
https://apkmody.com/apps/snow",False,False,False,False,True,False,False,True,False,False,1447143701,,,,,,,,,9500.0,8.0,,2024-02-05T18:12:01+00:00,,,"{'_': 'MessageReactions', 'results': [{'_': 'ReactionCount', 'reaction': {'_': 'ReactionEmoji', 'emoticon': '👍'}, 'count': 10, 'chosen_order': None}, {'_': 'ReactionCount', 'reaction': {'_': 'ReactionEmoji', 'emoticon': '👎'}, 'count': 1, 'chosen_order': None}, {'_': 'ReactionCount', 'reaction': {'_': 'ReactionEmoji', 'emoticon': '🔥'}, 'count': 1, 'chosen_order': None}, {'_': 'ReactionCount', 'reaction': {'_': 'ReactionEmoji', 'emoticon': '👏'}, 'count': 1, 'chosen_order': None}], 'min': False, 'can_see_list': False, 'reactions_as_tags': False, 'recent_reactions': []}",[],2678400.0
apkmody_official_2,https://t.me/apkmody_official_2,7987,2024-02-06 15:00:22,"⚡️ <DATE_TIME>, 2024

⚡️ TOP 10 apps & games updated in <DATE_TIME>

ℹ️ If you go to the URL and it says 404. It means you must be logged in to apkmody.com to be able to see it.

ℹ️ This list includes only the most featured items. To explore all apps, please go directly to apkmody.com.

ℹ️ This list will only be sent one time per day, please turn on notifications so you don't miss out.

🕹️ GAMES

1. The Lonely Hacker 22.62 [Unlimited Money]
https://apkmody.com/games/the-lonely-hacker - LOGIN TO SEE

2. Roblox 2.610.472 [MENU, <PERSON>, Wall Hack]
https://apkmody.com/games/roblox

3. Garden Affairs 2.5300.2052038 [Unlimited Money]
https://apkmody.com/games/garden-affairs - LOGIN TO SEE

4. Block Blast Adventure Master 4.0.9 [No Ads]
https://apkmody.com/games/block-blast-adventure-master

5. Coin Master <DATE_TIME> [Cards Unlocked]
https://apkmody.com/games/coin-master

6. Dynamons World <DATE_TIME> [Unlimited Money]
https://apkmody.com/games/dynamons-world

7. <PERSON> 15.1.6 [No Ads]
https://apkmody.com/games/gorebox

8. Juno: New Origins 1.2.207 [PAID]
https://apkmody.com/games/juno-new-origins

9. Cafe Panic 1.49.1a [Unlimited Money]
https://apkmody.com/games/cafe-panic

10. Dirty Crown Scandal 1.2.2 [Free Premium Choices]
https://apkmody.com/games/dirty-crown-scandal

🔥 APPS

1. Netflix 8.102.2 [Premium Unlocked]
https://apkmody.com/apps/netflix-2

2. Picsart 24.2.4 [Gold Unlocked]
https://apkmody.com/apps/picsart

3. Duolingo 5.138.5 [Premium Unlocked]
https://apkmody.com/apps/duolingo - LOGIN TO SEE

4. Instagram 318.<IP_ADDRESS> [Unlocked]
https://apkmody.com/apps/instagram

5. MX Player Pro 1.78.5 [PAID]
https://apkmody.com/apps/mx-player-pro

6. Adobe Acrobat Reader 24.1.0.31001.Beta [Pro Unlocked]
https://apkmody.com/apps/adobe-acrobat-reader

7. AdGuard <DATE_TIME> [Premium Unlocked]
https://apkmody.com/apps/adguard

8. HotStar <DATE_TIME>.6 [Premium Unlocked]
https://apkmody.com/apps/hotstar

9. SnapTik 1.8.3 [Pro Unlocked]
https://apkmody.com/apps/snaptik

10. <PERSON> [Pro Unlocked]
https://apkmody.com/apps/toonme",False,False,False,False,True,False,False,True,False,False,1447143701,,,,,,,,,9263.0,11.0,,2024-02-06T15:00:26+00:00,,,"{'_': 'MessageReactions', 'results': [{'_': 'ReactionCount', 'reaction': {'_': 'ReactionEmoji', 'emoticon': '👍'}, 'count': 11, 'chosen_order': None}, {'_': 'ReactionCount', 'reaction': {'_': 'ReactionEmoji', 'emoticon': '❤'}, 'count': 2, 'chosen_order': None}], 'min': False, 'can_see_list': False, 'reactions_as_tags': False, 'recent_reactions': []}",[],2678400.0
apkmody_official_2,https://t.me/apkmody_official_2,7988,2024-02-07 15:00:23,"⚡️ <DATE_TIME>, 2024

⚡️ TOP 10 apps & games updated in <DATE_TIME>

ℹ️ If you go to the URL and it says 404. It means you must be logged in to apkmody.com to be able to see it.

ℹ️ This list includes only the most featured items. To explore all apps, please go directly to apkmody.com.

ℹ️ This list will only be sent one time per day, please turn on notifications so you don't miss out.

🕹️ GAMES

1. Mini Soccer Star 1.11 [Unlimited Money]
https://apkmody.com/games/mini-soccer-star

2. Forza Customs 2.0.8104 [Unlimited Money]
https://apkmody.com/games/forza-customs

3. Love Sparks 2.29.0 [Unlimited Gems]
https://apkmody.com/games/love-sparks

4. Block Blast Adventure Master 4.1.0 [No Ads]
https://apkmody.com/games/block-blast-adventure-master

5. Power Slap 4.1.6 [Unlimited Money]
https://apkmody.com/games/power-slap

6. Shadow Fight 2 2.33.0 [Unlimited Money]
https://apkmody.com/games/shadow-fight-2

7. Bloons TD 6 41.0 [Unlimited Money]
https://apkmody.com/games/bloons-td-6

8. Monoposto 4.01 [Unlocked]
<PERSON>

9. <DATE_TIME> on Earth: Survival 1.20.17 [Menu, Free Craft]
https://apkmody.com/games/last-day-on-earth-survival

10. Twisted Lovestruck 1.5.1 [Unlocked]
https://apkmody.com/games/twisted-lovestruck

🔥 APPS

1. TrueCaller 13.55.5 [Gold Unlocked]
https://apkmody.com/apps/truecaller

2. TikTok 33.4.1 [Premium Unlocked]
https://apkmody.com/apps/tiktok

3. <PERSON> 4.4.1 [Pro Unlocked]
https://apkmody.com/apps/reface

4. Amazon Prime Video 3.0.362.2947 [Premium Unlocked]
https://apkmody.com/apps/amazon-prime-video

5. Instagram 318.<IP_ADDRESS> [Unlocked]
https://apkmody.com/apps/instagram

6. Adobe Acrobat Reader 24.1.0.31001.Beta [Pro Unlocked]
https://apkmody.com/apps/adobe-acrobat-reader

7. ZEDGE 8.32.3 [Subscription Unlocked]
https://apkmody.com/apps/zedge

8. Chordify <DATE_TIME> [Premium Unlocked]
https://apkmody.com/apps/chordify

9. Easy Notes <DATE_TIME>.0206 [VIP Unlocked]
https://apkmody.com/apps/easy-notes

10. Videoleap 1.24.0 [Pro Unlocked]
https://apkmody.com/apps/videoleap",False,False,False,False,True,False,False,True,False,False,1447143701,,,,,,,,,8696.0,6.0,,2024-02-07T15:07:50+00:00,,,"{'_': 'MessageReactions', 'results': [{'_': 'ReactionCount', 'reaction': {'_': 'ReactionEmoji', 'emoticon': '👍'}, 'count': 12, 'chosen_order': None}, {'_': 'ReactionCount', 'reaction': {'_': 'ReactionEmoji', 'emoticon': '❤'}, 'count': 1, 'chosen_order': None}, {'_': 'ReactionCount', 'reaction': {'_': 'ReactionEmoji', 'emoticon': '🥰'}, 'count': 1, 'chosen_order': None}], 'min': False, 'can_see_list': False, 'reactions_as_tags': False, 'recent_reactions': []}",[],2678400.0
apkmody_official_2,https://t.me/apkmody_official_2,7989,2024-02-08 15:00:19,"⚡️ <DATE_TIME>, 2024

⚡️ TOP 10 apps & games updated in <DATE_TIME>

ℹ️ If you go to the URL and it says 404. It means you must be logged in to apkmody.com to be able to see it.

ℹ️ This list includes only the most featured items. To explore all apps, please go directly to apkmody.com.

ℹ️ This list will only be sent one time per day, please turn on notifications so you don't miss out.

🕹️ GAMES

1. APEX Racer 0.8.14 [Unlimited Money]
https://apkmody.com/games/apex-racer

2. <PERSON> 15.1.7 [No Ads]
https://apkmody.com/games/gorebox

3. Retro Bowl 1.6.0 [Unlimited Credits]
https://apkmody.com/games/retro-bowl

4. Pickle <PERSON>: Survivor 2.9.0 [Menu, Unlimited Damage]
https://apkmody.com/games/pickle-pete-survivor

5. Dirty Crown Scandal 1.2.2 [Free Premium Choices]
https://apkmody.com/games/dirty-crown-scandal

6. Drift <PERSON> <DATE_TIME> [Unlimited Money]
https://apkmody.com/games/drift-max-pro

7. Shelter 69 1.6.120 [Menu, Free Shopping]
https://apkmody.com/games/shelter-69

8. C-RAM CIWS simulator 3.77 [Unlimited Money]
https://apkmody.com/games/c-ram-ciws-simulator

9. Guardian War: RPG Pixel Games 0.1.152 [Unlimited Money]
https://apkmody.com/games/guardian-war-rpg-pixel-games

10. Cooking Wonder 1.44.2 [Unlimited Money]
https://apkmody.com/games/cooking-wonder

🔥 APPS

1. Netflix 8.103.0 [Premium Unlocked]
https://apkmody.com/apps/netflix-2

2. TrueCaller 13.55.6 [Gold Unlocked]
https://apkmody.com/apps/truecaller

3. <PERSON> [Pro Unlocked]
https://apkmody.com/apps/picsa

4. Duolingo 5.139.0 [Premium Unlocked]
https://apkmody.com/apps/duolingo - LOGIN TO SEE

5. PhotoRoom 4.8.4 [Pro Unlocked]
https://apkmody.com/apps/photoroom

6. Wattpad 10.48.0 [Premium Unlocked]
https://apkmody.com/apps/wattpad

7. Avast Antivirus 24.3.0 [Premium Unlocked]
https://apkmody.com/apps/avast-antivirus

8. Shazam 14.11.1-240205 [Premium Unlocked]
https://apkmody.com/apps/shazam

9. Smart AudioBook Player 10.6.1 [Premium Unlocked]
https://apkmody.com/apps/smart-audiobook-player

10. Strava 346.6 [Premium Unlocked]
https://apkmody.com/apps/strava",False,False,False,False,True,False,False,True,False,False,1447143701,,,,,,,,,9620.0,8.0,,2024-02-08T16:35:46+00:00,,,"{'_': 'MessageReactions', 'results': [{'_': 'ReactionCount', 'reaction': {'_': 'ReactionEmoji', 'emoticon': '👍'}, 'count': 6, 'chosen_order': None}, {'_': 'ReactionCount', 'reaction': {'_': 'ReactionEmoji', 'emoticon': '❤'}, 'count': 2, 'chosen_order': None}], 'min': False, 'can_see_list': False, 'reactions_as_tags': False, 'recent_reactions': []}",[],2678400.0
apkmody_official_2,https://t.me/apkmody_official_2,7990,2024-02-09 14:59:17,,False,False,False,False,True,False,False,True,False,False,1447143701,,"{'_': 'MessageFwdHeader', 'date': '2024-02-09T14:58:44+00:00', 'imported': False, 'saved_out': False, 'from_id': {'_': 'PeerChannel', 'channel_id': 1491250410}, 'from_name': None, 'channel_post': 699, 'post_author': None, 'saved_from_peer': None, 'saved_from_msg_id': None, 'saved_from_id': None, 'saved_from_name': None, 'saved_date': None, 'psa_type': None}",,,,,6.210473507326901e+18,,6603.0,0.0,,2024-02-09T15:04:24+00:00,,,"{'_': 'MessageReactions', 'results': [{'_': 'ReactionCount', 'reaction': {'_': 'ReactionEmoji', 'emoticon': '❤'}, 'count': 2, 'chosen_order': None}], 'min': False, 'can_see_list': False, 'reactions_as_tags': False, 'recent_reactions': []}",[],2678400.0
apkmody_official_2,https://t.me/apkmody_official_2,7991,2024-02-09 15:00:26,"⚡️ <DATE_TIME>, 2024

⚡️ TOP 10 apps & games updated in <DATE_TIME>

ℹ️ If you go to the URL and it says 404. It means you must be logged in to apkmody.com to be able to see it.

ℹ️ This list includes only the most featured items. To explore all apps, please go directly to apkmody.com.

ℹ️ This list will only be sent one time per day, please turn on notifications so you don't miss out.

🕹️ GAMES

1. Farming Simulator 23 Mobile <IP_ADDRESS> - Google [Unlimited Money]
https://apkmody.com/games/farming-simulator-23-mobile

2. Weapon Craft Run 2.5.9 [Unlimited Money]
https://apkmody.com/games/weapon-craft-run

3. MeChat 4.13.0 [Unlimited Money]
https://apkmody.com/games/mechat

4. Bloons TD 6 41.1 [Unlimited Money]
https://apkmody.com/games/bloons-td-6

5. Power Slap 4.1.7 [Unlimited Money]
https://apkmody.com/games/power-slap

6. APEX Racer 0.8.15 [Unlimited Money]
https://apkmody.com/games/apex-racer

7. Twisted Tangle 1.37.1 [Unlimited Money]
https://apkmody.com/games/twisted-tangle

8. Pocket Love 2.3 [Unlimited Money]
https://apkmody.com/games/pocket-love

9. Subway Surfers 3.24.2 [Unlimited Coins/Key]
https://apkmody.com/games/subway-surfers

10. ZOMBIE FIRE 3D 1.25.0 [Unlimited Money]
https://apkmody.com/games/zombie-fire-3d

🔥 APPS

1. Spotify <DATE_TIME>.599 [Premium Unlocked]
https://apkmody.com/apps/spotify

2. TikTok 33.4.5 [Premium Unlocked]
https://apkmody.com/apps/tiktok

3. <PERSON> 4.4.2 [Pro Unlocked]
https://apkmody.com/apps/reface

4. Duolingo 5.139.1 [Premium Unlocked]
https://apkmody.com/apps/duolingo - LOGIN TO SEE

5. Instagram 318.<IP_ADDRESS> [Unlocked]
https://apkmody.com/apps/instagram

6. AdGuard <DATE_TIME> [Premium Unlocked]
https://apkmody.com/apps/adguard

7. Audiomack 6.36.0 [Premium Unlocked]
https://apkmody.com/apps/audiomack

8. Photoshop Express 12.6.295 [Premium Unlocked]
https://apkmody.com/apps/photoshop-express

9. TapScanner 3.0.5 [Pro Unlocked]
https://apkmody.com/apps/tapscanner

10. Concepts 2024.01.9 [Pro Unlocked]
https://apkmody.com/apps/concepts",False,False,False,False,True,False,False,True,False,False,1447143701,,,,,,,,,9563.0,7.0,,2024-02-09T15:28:12+00:00,,,"{'_': 'MessageReactions', 'results': [{'_': 'ReactionCount', 'reaction': {'_': 'ReactionEmoji', 'emoticon': '👍'}, 'count': 12, 'chosen_order': None}], 'min': False, 'can_see_list': False, 'reactions_as_tags': False, 'recent_reactions': []}",[],2678400.0
apkmody_official_2,https://t.me/apkmody_official_2,7992,2024-02-09 15:03:55,It will be <DATE_TIME> before we have <DATE_TIME>,False,False,False,False,True,False,False,True,False,False,1447143701,,"{'_': 'MessageFwdHeader', 'date': '2024-02-09T15:03:28+00:00', 'imported': False, 'saved_out': False, 'from_id': {'_': 'PeerChannel', 'channel_id': 1491250410}, 'from_name': None, 'channel_post': 701, 'post_author': None, 'saved_from_peer': None, 'saved_from_msg_id': None, 'saved_from_id': None, 'saved_from_name': None, 'saved_date': None, 'psa_type': None}",,,,,6.210473507326901e+18,,7793.0,0.0,,2024-02-09T15:47:46+00:00,,,"{'_': 'MessageReactions', 'results': [{'_': 'ReactionCount', 'reaction': {'_': 'ReactionEmoji', 'emoticon': '👍'}, 'count': 8, 'chosen_order': None}], 'min': False, 'can_see_list': False, 'reactions_as_tags': False, 'recent_reactions': []}",[],2678400.0
apkmody_official_2,https://t.me/apkmody_official_2,7993,2024-02-10 15:00:05,"⚡️ <DATE_TIME>

⚡️ TOP 10 apps & games updated in <DATE_TIME>

ℹ️ If you go to the URL and it says 404. It means you must be logged in to apkmody.com to be able to see it.

ℹ️ This list includes only the most featured items. To explore all apps, please go directly to apkmody.com.

ℹ️ This list will only be sent one time per day, please turn on notifications so you don't miss out.

🕹️ GAMES

1. Booty Calls 1.2.153 [Unlimited Money]
https://apkmody.com/games/booty-calls

2. Dynamons World <DATE_TIME> [Unlimited Money]
https://apkmody.com/games/dynamons-world

3. Idle Breaker 1.1.1 [Free Upgrade]
https://apkmody.com/games/idle-breaker

4. Extreme Car Driving Simulator 6.84.6 [Unlimited Money]
https://apkmody.com/games/extreme-car-driving-simulator

5. Survival on Raft 359 [Unlimited Money]
https://apkmody.com/games/survival-on-raft

6. Eatventure 1.15.2 [Unlimited Coins]
https://apkmody.com/games/eatventure

7. Idle Dungeon Raiders 0.1.66 [MENU, God Mode]
https://apkmody.com/games/idle-dungeon-raiders

8. Real Flight Simulator 2.2.4 [PAID]
https://apkmody.com/games/real-flight-simulator

9. Parking Jam 3D 195.0.1 [Unlocked]
https://apkmody.com/games/parking-jam-3d

10. Chrome Valley Customs <PHONE_NUMBER> [Menu, Auto Complete]
https://apkmody.com/games/chrome-valley-customs

🔥 APPS

1. Spotify <DATE_TIME>.599 [Premium Unlocked]
https://apkmody.com/apps/spotify

2. Wattpad <DATE_TIME> [Premium Unlocked]
https://apkmody.com/apps/wattpad

3. AdGuard <DATE_TIME> [Premium Unlocked]
https://apkmody.com/apps/adguard

4. ToonMe 0.6.109 [Pro Unlocked]
https://apkmody.com/apps/toonme

5. Room Planner 1178 [Unlocked]
https://apkmody.com/apps/room-planner

6. Easy Notes <DATE_TIME>.0209 [VIP Unlocked]
https://apkmody.com/apps/easy-notes

7. PhotoShot 2.18.5 [Premium Unlocked]
https://apkmody.com/apps/photoshot

8. Ad Blocker Pro 4.0.6 [PAID]
https://apkmody.com/apps/ad-blocker-pro

9. OfficeSuite <PERSON> [Premium Unlocked]
https://apkmody.com/apps/officesuite

10. PowerDirector 13.2.0 [Premium Unlocked]
https://apkmody.com/apps/powerdirector",False,False,False,False,True,False,False,True,False,False,1447143701,,,,,,,,,8591.0,6.0,,2024-02-10T15:22:27+00:00,,,"{'_': 'MessageReactions', 'results': [{'_': 'ReactionCount', 'reaction': {'_': 'ReactionEmoji', 'emoticon': '👍'}, 'count': 11, 'chosen_order': None}, {'_': 'ReactionCount', 'reaction': {'_': 'ReactionEmoji', 'emoticon': '❤'}, 'count': 2, 'chosen_order': None}], 'min': False, 'can_see_list': False, 'reactions_as_tags': False, 'recent_reactions': []}",[],2678400.0
apkmody_official_2,https://t.me/apkmody_official_2,7994,2024-02-11 15:00:03,"⚡️ <DATE_TIME>, 2024

⚡️ TOP 10 apps & games updated in <DATE_TIME>

ℹ️ If you go to the URL and it says 404. It means you must be logged in to apkmody.com to be able to see it.

ℹ️ This list includes only the most featured items. To explore all apps, please go directly to apkmody.com.

ℹ️ This list will only be sent one time per day, please turn on notifications so you don't miss out.

🕹️ GAMES

1. BitLife 3.12.6 [Bitizenship Unlocked]
https://apkmody.com/games/bitlife

2. Extreme Car Driving Simulator 6.85.0 [Unlimited Money]
https://apkmody.com/games/extreme-car-driving-simulator

3. Rally One 1.31 [Unlimited Money]
https://apkmody.com/games/rally-one

4. Idle Miner Tycoon 4.54.1 [Unlimited Coins]
https://apkmody.com/games/idle-miner-tycoon

5. Magic Tiles 3 11.012.003 [Unlimited Money]
https://apkmody.com/games/magic-tiles-3

6. Raft Survival: Desert Nomad 0.35.10 [Unlimited Money]
https://apkmody.com/games/raft-survival-desert-nomad

7. Hollywood Story: Fashion Star 11.14.5 [Free Shopping]
https://apkmody.com/games/hollywood-story-fashion-star

8. Raft Survival: Ocean Nomad 1.216.0 [Unlimited Coins]
https://apkmody.com/games/raft-survival-ocean-nomad

9. Real Car Driving 1.6.3 [Unlimited Money]
https://apkmody.com/games/real-car-driving

10. Lifeline 2.3.3 [PAID]
<PERSON>

🔥 APPS

1. Duolingo 5.139.2 [Premium Unlocked]
https://apkmody.com/apps/duolingo - LOGIN TO SEE

2. StbEmu Pro v2.0.12.3 [PAID]
https://apkmody.com/apps/stbemu-pro

3. YoWindow Weather 2.43.1 [PAID]
https://apkmody.com/apps/yowindow-weather

4. Web Video Cast 5.10.0 [Premium Unlocked]
https://apkmody.com/apps/web-video-caster

5. Nebo 5.8.8 [PAID]
https://apkmody.com/apps/nebo

6. WeNote 5.65 [Premium Unlocked]
https://apkmody.com/apps/wenote

7. Daynote 4.2.1 [Premium Unlocked]
https://apkmody.com/apps/daynote

8. Loudly 7.4.2 [Pro Unlocked]
https://apkmody.com/apps/loudly",False,False,False,False,True,False,False,True,False,False,1447143701,,,,,,,,,8221.0,4.0,,2024-02-11T15:40:19+00:00,,,"{'_': 'MessageReactions', 'results': [{'_': 'ReactionCount', 'reaction': {'_': 'ReactionEmoji', 'emoticon': '👍'}, 'count': 8, 'chosen_order': None}, {'_': 'ReactionCount', 'reaction': {'_': 'ReactionEmoji', 'emoticon': '🔥'}, 'count': 1, 'chosen_order': None}, {'_': 'ReactionCount', 'reaction': {'_': 'ReactionEmoji', 'emoticon': '🥰'}, 'count': 1, 'chosen_order': None}], 'min': False, 'can_see_list': False, 'reactions_as_tags': False, 'recent_reactions': []}",[],2678400.0
apkmody_official_2,https://t.me/apkmody_official_2,7998,2024-02-15 15:01:03,"⚡️ <DATE_TIME>, 2024

⚡️ TOP 10 apps & games updated in <DATE_TIME>

ℹ️ If you go to the URL and it says 404. It means you must be logged in to apkmody.com to be able to see it.

ℹ️ This list includes only the most featured items. To explore all apps, please go directly to apkmody.com.

ℹ️ This list will only be sent one time per day, please turn on notifications so you don't miss out.

🕹️ GAMES

1. Bloons TD 6 41.2 [Unlimited Money]
https://apkmody.com/games/bloons-td-6

2. Car Parking Multiplayer <IP_ADDRESS> [Unlimited Money]
https://apkmody.com/games/car-parking-multiplayer

3. Juno: New Origins 1.2.210 [PAID]
https://apkmody.com/games/juno-new-origins

4. Dynamons World <DATE_TIME> [Unlimited Money]
https://apkmody.com/games/dynamons-world

5. Cat Snack Bar 1.0.102 [Unlimited Gems]
https://apkmody.com/games/cat-snack-bar

6. Alien Invasion: RPG Idle Space 3.0.44 [Menu, Unlimited Resources]
https://apkmody.com/games/alien-invasion-rpg-idle-space

7. Endling Extinction is Forever <IP_ADDRESS> [PAID]
https://apkmody.com/games/endling-extinction-is-forever

8. Shelter <DATE_TIME> [Menu, Free Shopping]
https://apkmody.com/games/shelter-69

9. Good Pizza, Great Pizza <IP_ADDRESS> [Unlimited Money]
https://apkmody.com/games/good-pizza-great-pizza

10. Stick War 3 2024.3.693 [Unlocked Skins]
https://apkmody.com/games/stick-war-3

🔥 APPS

1. TrueCaller 13.56.7 [Gold Unlocked]
https://apkmody.com/apps/truecaller

2. Telegram 10.8.0 [Premium Unlocked]
https://apkmody.com/apps/telegram

3. Duolingo 5.139.5 [Premium Unlocked]
https://apkmody.com/apps/duolingo - LOGIN TO SEE

4. Amazon Prime Video 3.0.363.3147 [Premium Unlocked]
https://apkmody.com/apps/amazon-prime-video

5. Instagram 319.<IP_ADDRESS> [Unlocked]
https://apkmody.com/apps/instagram

6. AdGuard <DATE_TIME> [Premium Unlocked]
https://apkmody.com/apps/adguard

7. Adobe Acrobat Reader 24.2.0.31328.Beta [Pro Unlocked]
https://apkmody.com/apps/adobe-acrobat-reader

8. Musixmatch 7.11.1 [Premium Unlocked]
https://apkmody.com/apps/musixmatch

9. Malloc VPN 2024.02.140 [Premium Unlocked]
https://apkmody.com/apps/malloc-vpn

10. Strava 347.4 [Premium Unlocked]
https://apkmody.com/apps/strava",False,False,False,False,True,False,False,True,False,False,1447143701,,,,,,,,,7134.0,3.0,,2024-02-15T19:38:03+00:00,,,"{'_': 'MessageReactions', 'results': [{'_': 'ReactionCount', 'reaction': {'_': 'ReactionEmoji', 'emoticon': '👍'}, 'count': 11, 'chosen_order': None}, {'_': 'ReactionCount', 'reaction': {'_': 'ReactionEmoji', 'emoticon': '🔥'}, 'count': 3, 'chosen_order': None}], 'min': False, 'can_see_list': False, 'reactions_as_tags': False, 'recent_reactions': []}",[],2678400.0
apkmody_official_2,https://t.me/apkmody_official_2,7999,2024-02-16 15:01:19,"⚡️ <DATE_TIME>, 2024

⚡️ TOP 10 apps & games updated in <DATE_TIME>

ℹ️ If you go to the URL and it says 404. It means you must be logged in to apkmody.com to be able to see it.

ℹ️ This list includes only the most featured items. To explore all apps, please go directly to apkmody.com.

ℹ️ This list will only be sent one time per day, please turn on notifications so you don't miss out.

🕹️ GAMES

1. Potion Permit 1.44 [PAID]
https://apkmody.com/games/potion-permit

2. Weapon Craft Run <DATE_TIME> [Unlimited Money]
https://apkmody.com/games/weapon-craft-run

3. Power Slap 4.1.8 [Unlimited Money]
https://apkmody.com/games/power-slap

4. Stick War: <PERSON> [Unlimited Gems]
https://apkmody.com/games/stick-war-legacy

5. Twisted Tangle 1.38.1 [Unlimited Money]
https://apkmody.com/games/twisted-tangle

6. Pocket Love 2.3.1 [Unlimited Money]
https://apkmody.com/games/pocket-love

7. Adorable Home 2.5.3 [Unlimited Hearts]
https://apkmody.com/games/adorable-home

8. Arm Wrestling Clicker <DATE_TIME> [Unlimited Gems]
https://apkmody.com/games/arm-wrestling-clicker

9. Cat Snack Bar 1.0.103 [Unlimited Gems]
https://apkmody.com/games/cat-snack-bar

10. Shelter 69 1.6.152 [Menu, Free Shopping]
https://apkmody.com/games/shelter-69

🔥 APPS

1. Spotify <DATE_TIME>.543 [Premium Unlocked]
https://apkmody.com/apps/spotify

2. Picsart 24.3.3 [Gold Unlocked]
https://apkmody.com/apps/picsart

3. PhotoRoom 4.8.5 [Pro Unlocked]
https://apkmody.com/apps/photoroom

4. AdGuard <DATE_TIME> [Premium Unlocked]
https://apkmody.com/apps/adguard

5. ibis Paint X 11.2.2 [Prime Unlocked]
https://apkmody.com/apps/ibis-paint-x

6. WPS Office 18.7.2 [Premium Unlocked]
https://apkmody.com/apps/wps-office

7. ToonMe 0.6.110 [Pro Unlocked]
https://apkmody.com/apps/toonme

8. Photoshop Express 12.6.298 [Premium Unlocked]
https://apkmody.com/apps/photoshop-express

9. Photoleap 1.47.1 [Premium Unlocked]
https://apkmody.com/apps/photoleap

10. Videoleap 1.25.0 [Pro Unlocked]
https://apkmody.com/apps/videoleap",False,False,False,False,True,False,False,True,False,False,1447143701,,,,,,,,,6830.0,3.0,,2024-02-16T15:07:06+00:00,,,"{'_': 'MessageReactions', 'results': [{'_': 'ReactionCount', 'reaction': {'_': 'ReactionEmoji', 'emoticon': '👍'}, 'count': 11, 'chosen_order': None}, {'_': 'ReactionCount', 'reaction': {'_': 'ReactionEmoji', 'emoticon': '❤'}, 'count': 1, 'chosen_order': None}, {'_': 'ReactionCount', 'reaction': {'_': 'ReactionEmoji', 'emoticon': '🔥'}, 'count': 1, 'chosen_order': None}], 'min': False, 'can_see_list': False, 'reactions_as_tags': False, 'recent_reactions': []}",[],2678400.0
apkmody_official_2,https://t.me/apkmody_official_2,8000,2024-02-17 15:00:13,"⚡️ <DATE_TIME>, 2024

⚡️ TOP 10 apps & games updated in <DATE_TIME>

ℹ️ If you go to the URL and it says 404. It means you must be logged in to apkmody.com to be able to see it.

ℹ️ This list includes only the most featured items. To explore all apps, please go directly to apkmody.com.

ℹ️ This list will only be sent one time per day, please turn on notifications so you don't miss out.

🕹️ GAMES

1. BitLife 3.12.8 [<PERSON> Unlocked]
https://apkmody.com/games/bitlife

2. Specimen Zero 1.1.1 [Unlocked]
https://apkmody.com/games/specimen-zero

3. APEX Racer 0.8.20 [Unlimited Money]
https://apkmody.com/games/apex-racer

4. Dynamons World <DATE_TIME> [Unlimited Money]
https://apkmody.com/games/dynamons-world

5. Worms Zone .io 5.3.8 [Unlimited Money, Unlocked]
https://apkmody.com/games/worms-zone-io

6. City Island 6: Building Life 1.5.1 [Unlimited Money]
https://apkmody.com/games/city-island-6-building-life

7. Extreme Car Driving Simulator 6.85.1 [Unlimited Money]
https://apkmody.com/games/extreme-car-driving-simulator

8. C-RAM CIWS simulator 3.78 [Unlimited Money]
https://apkmody.com/games/c-ram-ciws-simulator

9. Cut the Rope <DATE_TIME> [Unlocked]
https://apkmody.com/games/cut-the-rope

10. PAC-MAN 11.3.9 [Menu, God Mode]
https://apkmody.com/games/pac-man

🔥 APPS

1. Telegram <DATE_TIME> [Premium Unlocked]
https://apkmody.com/apps/telegram

2. <PERSON> 4.5.0 [Pro Unlocked]
https://apkmody.com/apps/reface

3. Duolingo 5.140.2 [Premium Unlocked]
https://apkmody.com/apps/duolingo - LOGIN TO SEE

4. Wattpad 10.49.0 [Premium Unlocked]
https://apkmody.com/apps/wattpad

5. Instagram 320.<IP_ADDRESS> [Unlocked]
https://apkmody.com/apps/instagram

6. AdGuard <DATE_TIME> [Premium Unlocked]
https://apkmody.com/apps/adguard

7. Plex 10.<DATE_TIME> [Premium Unlocked]
https://apkmody.com/apps/plex - LOGIN TO SEE

8. SNOW 13.0.10 [VIP Unlocked]
https://apkmody.com/apps/snow

9. Smart AudioBook Player 10.6.6 [Premium Unlocked]
https://apkmody.com/apps/smart-audiobook-player

10. Soul Browser <DATE_TIME> [No Ads]
https://apkmody.com/apps/soul-browser",False,False,False,False,True,False,False,True,False,False,1447143701,,,,,,,,,6365.0,4.0,,2024-02-17T15:45:34+00:00,,,"{'_': 'MessageReactions', 'results': [{'_': 'ReactionCount', 'reaction': {'_': 'ReactionEmoji', 'emoticon': '👍'}, 'count': 8, 'chosen_order': None}, {'_': 'ReactionCount', 'reaction': {'_': 'ReactionEmoji', 'emoticon': '🔥'}, 'count': 3, 'chosen_order': None}], 'min': False, 'can_see_list': False, 'reactions_as_tags': False, 'recent_reactions': []}",[],2678400.0
apkmody_official_2,https://t.me/apkmody_official_2,8001,2024-02-18 15:00:16,"⚡️ <DATE_TIME>, 2024

⚡️ TOP 10 apps & games updated in <DATE_TIME>

ℹ️ If you go to the URL and it says 404. It means you must be logged in to apkmody.com to be able to see it.

ℹ️ This list includes only the most featured items. To explore all apps, please go directly to apkmody.com.

ℹ️ This list will only be sent one time per day, please turn on notifications so you don't miss out.

🕹️ GAMES

1. Twisted Tangle 1.39.0 [Unlimited Money]
https://apkmody.com/games/twisted-tangle

2. Screw Puzzle: Nuts and Bolts 1.20 [Unlimited Money]
https://apkmody.com/games/screw-puzzle-nuts-and-bolts

3. Alien Invasion: RPG Idle Space 3.0.45 [Menu, Unlimited Resources]
https://apkmody.com/games/alien-invasion-rpg-idle-space

4. Stick War 3 2024.3.712 [Unlocked Skins]
https://apkmody.com/games/stick-war-3

5. Block City Wars 7.3.1 [Unlimited Money]
https://apkmody.com/games/block-city-wars

6. Pocket ZONE 1.128 [Unlimited Money]
https://apkmody.com/games/pocket-zone

7. Parking Master Multiplayer 2 2.2.0 [No Ads]
https://apkmody.com/games/parking-master-multiplayer-2

8. X Survive 1.759 [Unlimited Money]
https://apkmody.com/games/x-survive

9. <PERSON> – Idle Vlogger 205_02-16_ab18store [Free Upgrade]
https://apkmody.com/games/lamar-idle-vlogger

10. Bid Wars 2 1.96.6 [Unlimited Money]
https://apkmody.com/games/bid-wars-2

🔥 APPS

1. Instagram 320.<IP_ADDRESS> [Unlocked]
https://apkmody.com/apps/instagram

2. Lock Me Out 7.1.4 [Premium Unlocked]
https://apkmody.com/apps/lock-me-out

3. YouCam Perfect 5.91.2 [Premium Unlocked]
https://apkmody.com/apps/youcam-perfect

4. Aibi 1.48.0 [Pro Unlocked]
https://apkmody.com/apps/luminate

5. <PERSON> VPN 2.1.2 [Premium Unlocked]
https://apkmody.com/apps/speedy-quark-vpn

6. WeNote 5.67 [Premium Unlocked]
https://apkmody.com/apps/wenote

7. Audify Player 1.156.0 [Premium Unlocked]
https://apkmody.com/apps/audify-player

8. IELTS Speaking speaking.3.7.2 [Premium Unlocked]
https://apkmody.com/apps/ielts-speaking

9. <PERSON> Record <DATE_TIME> [VIP Unlocked]
https://apkmody.com/apps/vidma-record",False,False,False,False,True,False,False,True,False,False,1447143701,,,,,,,,,5653.0,2.0,,2024-02-18T15:13:34+00:00,,,"{'_': 'MessageReactions', 'results': [{'_': 'ReactionCount', 'reaction': {'_': 'ReactionEmoji', 'emoticon': '👍'}, 'count': 10, 'chosen_order': None}], 'min': False, 'can_see_list': False, 'reactions_as_tags': False, 'recent_reactions': []}",[],2678400.0
apkmody_official_2,https://t.me/apkmody_official_2,8002,2024-02-19 15:00:31,"⚡️ <DATE_TIME>, 2024

⚡️ TOP 10 apps & games updated in <DATE_TIME>

ℹ️ If you go to the URL and it says 404. It means you must be logged in to apkmody.com to be able to see it.

ℹ️ This list includes only the most featured items. To explore all apps, please go directly to apkmody.com.

ℹ️ This list will only be sent one time per day, please turn on notifications so you don't miss out.

🕹️ GAMES

1. Stumble Guys 0.65.5 [Unlocked Skins]
https://apkmody.com/games/stumble-guys-4

2. Car Parking Multiplayer <IP_ADDRESS> [Unlimited Money]
https://apkmody.com/games/car-parking-multiplayer

3. Plants vs Zombies 3.5.2 [Unlimited Coins/Suns]
https://apkmody.com/games/plants-vs-zombies

4. My Hotpot Story 2.6.1 [Unlimited Money]
https://apkmody.com/games/my-hotpot-story

5. Subway Surfers 3.25.0 [Unlimited Coins/Key]
https://apkmody.com/games/subway-surfers

6. <PERSON> 1.271.2.1 [Unlimited Lives]
https://apkmody.com/games/candy-crush-saga

7. Dirty Crown Scandal 1.2.3 [Free Premium Choices]
https://apkmody.com/games/dirty-crown-scandal

8. Royal Match 19869 [Unlimited Coins]
https://apkmody.com/games/royal-match

9. Guardian War: RPG Pixel Games 0.1.159 [Unlimited Money]
https://apkmody.com/games/guardian-war-rpg-pixel-games

10. Life Bubble 65.0.0 [Unlimited Money]
https://apkmody.com/games/life-bubble

🔥 APPS

1. TrueCaller 13.57.5 [Gold Unlocked]
https://apkmody.com/apps/truecaller

2. CapCut 11.1.0 [Pro Unlocked]
https://apkmody.com/apps/capcut

3. AdGuard <DATE_TIME> [Premium Unlocked]
https://apkmody.com/apps/adguard

4. Photoshop Express 12.6.300 [Premium Unlocked]
https://apkmody.com/apps/photoshop-express

5. Fotor Photo Editor <IP_ADDRESS> [Pro Unlocked]
https://apkmody.com/apps/fotor-photo-editor

6. LiveLoop 1.8.6 [Pro Unlocked]
https://apkmody.com/apps/liveloop

7. Advanced Download Manager 14.0.29 [Pro Unlocked]
https://apkmody.com/apps/advanced-download-manager

8. Flat Equalizer 5.1.1 [Pro Unlocked]
https://apkmody.com/apps/flat-equalizer

9. YouCut 1.611.1183 [Pro Unlocked]
https://apkmody.com/apps/youcut

10. Tumblr <IP_ADDRESS> [Premium Unlocked]
https://apkmody.com/apps/tumblr",False,False,False,False,True,False,False,True,False,False,1447143701,,,,,,,,,5219.0,2.0,,2024-02-19T15:06:53+00:00,,,"{'_': 'MessageReactions', 'results': [{'_': 'ReactionCount', 'reaction': {'_': 'ReactionEmoji', 'emoticon': '👍'}, 'count': 11, 'chosen_order': None}], 'min': False, 'can_see_list': False, 'reactions_as_tags': False, 'recent_reactions': []}",[],2678400.0
apkmody_official_2,https://t.me/apkmody_official_2,8003,2024-02-20 15:00:18,"⚡️ <DATE_TIME>, 2024

⚡️ TOP 10 apps & games updated in <DATE_TIME>

ℹ️ If you go to the URL and it says 404. It means you must be logged in to apkmody.com to be able to see it.

ℹ️ This list includes only the most featured items. To explore all apps, please go directly to apkmody.com.

ℹ️ This list will only be sent one time per day, please turn on notifications so you don't miss out.

🕹️ GAMES

1. Car Parking Multiplayer <IP_ADDRESS> [Unlimited Money]
https://apkmody.com/games/car-parking-multiplayer

2. Car Simulator 2 1.50.4 [Unlimited Money]
https://apkmody.com/games/car-simulator-2

3. WWE Mayhem 1.74.132 [MENU, Unlimited Money]
https://apkmody.com/games/wwe-mayhem

4. Extreme Car Driving Simulator 6.85.2 [Unlimited Money]
https://apkmody.com/games/extreme-car-driving-simulator

5. ONE PIECE TREASURE CRUISE 13.4.1 [MENU, Immortal]
https://apkmody.com/games/one-piece-treasure-cruise

6. Good Pizza, Great Pizza <DATE_TIME> [Unlimited Money]
https://apkmody.com/games/good-pizza-great-pizza

7. Block City Wars 7.3.1 [Unlimited Money]
https://apkmody.com/games/block-city-wars

8. Sky: Children of the Light 0.24.4 [MENU, Unlocked Skins]
https://apkmody.com/games/sky-children-of-the-light

9. Coin Master <DATE_TIME> [Cards Unlocked]
https://apkmody.com/games/coin-master

10. Travel Town 2.12.491 [Unlimited Energy]
https://apkmody.com/games/travel-town

🔥 APPS

1. KineMaster Pro 7.4.0.32260.GP [Premium Unlocked]
https://apkmody.com/apps/kinemaster-pro

2. Adobe Lightroom 9.2.0 [Premium Unlocked]
https://apkmody.com/apps/adobe-lightroom

3. TeraBox 3.24.5 [Premium Unlocked]
https://apkmody.com/apps/terabox

4. HotStar <DATE_TIME>.10 [Premium Unlocked]
https://apkmody.com/apps/hotstar

5. SnapTik 1.8.4 [Pro Unlocked]
https://apkmody.com/apps/snaptik

6. ES File Explorer <IP_ADDRESS>.1 [Premium Unlocked]
https://apkmody.com/apps/es-file-explorer

7. Sygic GPS 24.0.1-2282 [Premium Unlocked]
https://apkmody.com/apps/sygic-gps

8. Shazam 14.13.<PHONE_NUMBER> [Premium Unlocked]
https://apkmody.com/apps/shazam

9. TENADA 4.8.3 [Pro Unlocked]
https://apkmody.com/apps/tenada

10. Flat Equalizer 5.1.2 [Pro Unlocked]
https://apkmody.com/apps/flat-equalizer",False,False,False,False,True,False,False,True,False,False,1447143701,,,,,,,,,4871.0,3.0,,2024-02-20T15:06:14+00:00,,,"{'_': 'MessageReactions', 'results': [{'_': 'ReactionCount', 'reaction': {'_': 'ReactionEmoji', 'emoticon': '👍'}, 'count': 12, 'chosen_order': None}, {'_': 'ReactionCount', 'reaction': {'_': 'ReactionEmoji', 'emoticon': '❤'}, 'count': 3, 'chosen_order': None}, {'_': 'ReactionCount', 'reaction': {'_': 'ReactionEmoji', 'emoticon': '👏'}, 'count': 2, 'chosen_order': None}], 'min': False, 'can_see_list': False, 'reactions_as_tags': False, 'recent_reactions': []}",[],2678400.0
apkmody_official_2,https://t.me/apkmody_official_2,8004,2024-02-21 15:01:03,"⚡️ <DATE_TIME>, 2024

⚡️ TOP 10 apps & games updated in <DATE_TIME>

ℹ️ If you go to the URL and it says 404. It means you must be logged in to apkmody.com to be able to see it.

ℹ️ This list includes only the most featured items. To explore all apps, please go directly to apkmody.com.

ℹ️ This list will only be sent one time per day, please turn on notifications so you don't miss out.

🕹️ GAMES

1. Gangstar Vegas 6.8.0e [Unlimited Money, VIP 10]
https://apkmody.com/games/gangstar-vegas

2. Love Sparks 2.30.0 [Unlimited Gems]
https://apkmody.com/games/love-sparks

3. Car Simulator 2 1.50.5 [Unlimited Money]
https://apkmody.com/games/car-simulator-2

4. ZOMBIE FIRE 3D 1.25.1 [Unlimited Money]
https://apkmody.com/games/zombie-fire-3d

5. Dynamons World <DATE_TIME> [Unlimited Money]
https://apkmody.com/games/dynamons-world

6. City Island 6: Building Life 2.0.0 [Unlimited Money]
https://apkmody.com/games/city-island-6-building-life

7. Drift <PERSON> <DATE_TIME> [Unlimited Money]
https://apkmody.com/games/drift-max-pro

8. Travel Town 2.12.500 [Unlimited Energy]
https://apkmody.com/games/travel-town

9. Eatventure 1.15.4 [Unlimited Coins]
https://apkmody.com/games/eatventure

10. Galaxy Attack: Alien Shooting 54.3 [Unlimited Money]
https://apkmody.com/games/galaxy-attack-alien-shooting

🔥 APPS

1. Netflix 8.105.0 [Premium Unlocked]
https://apkmody.com/apps/netflix-2

2. AdGuard <DATE_TIME> [Premium Unlocked]
https://apkmody.com/apps/adguard

3. Smart Launcher 6 6.4 build 009 [Pro Unlocked]
https://apkmody.com/apps/smart-launcher-6

4. Fotor Photo Editor <IP_ADDRESS> [Pro Unlocked]
https://apkmody.com/apps/fotor-photo-editor

5. CCleaner 24.03.1 [Pro Unlocked]
https://apkmody.com/apps/ccleaner

6. <PERSON> [Premium Unlocked]
https://apkmody.com/apps/mivo

7. SnapEdit <DATE_TIME> [Pro Unlocked]
https://apkmody.com/apps/snapedit

8. Strava 347.6 [Premium Unlocked]
https://apkmody.com/apps/strava

9. PGT +: Pro GFX & Optimizer 0.23.3 [PAID]
https://apkmody.com/apps/pgt-pro-gfx-optimizer

10. <PERSON> 2.6.2 [VIP Unlocked]
https://apkmody.com/apps/vidma",False,False,False,False,True,False,False,True,False,False,1447143701,,,,,,,,,4456.0,6.0,,2024-02-21T15:12:22+00:00,,,"{'_': 'MessageReactions', 'results': [{'_': 'ReactionCount', 'reaction': {'_': 'ReactionEmoji', 'emoticon': '👍'}, 'count': 11, 'chosen_order': None}, {'_': 'ReactionCount', 'reaction': {'_': 'ReactionEmoji', 'emoticon': '🔥'}, 'count': 1, 'chosen_order': None}, {'_': 'ReactionCount', 'reaction': {'_': 'ReactionEmoji', 'emoticon': '🥰'}, 'count': 1, 'chosen_order': None}], 'min': False, 'can_see_list': False, 'reactions_as_tags': False, 'recent_reactions': []}",[],2678400.0
apkmody_official_2,https://t.me/apkmody_official_2,8006,2024-02-23 15:01:19,"⚡️ <DATE_TIME>, 2024

⚡️ TOP 10 apps & games updated in <DATE_TIME>

ℹ️ If you go to the URL and it says 404. It means you must be logged in to apkmody.com to be able to see it.

ℹ️ This list includes only the most featured items. To explore all apps, please go directly to apkmody.com.

ℹ️ This list will only be sent one time per day, please turn on notifications so you don't miss out.

🕹️ GAMES

1. The Lonely Hacker 22.81 [Unlimited Money]
https://apkmody.com/games/the-lonely-hacker - LOGIN TO SEE

2. BitLife 3.12.9 [<PERSON> Unlocked]
https://apkmody.com/games/bitlife

3. MeChat 4.14.0 [Unlimited Money]
https://apkmody.com/games/mechat

4. Power Slap 4.1.9 [Unlimited Money]
https://apkmody.com/games/power-slap

5. APEX Racer 0.8.25 [Unlimited Money]
https://apkmody.com/games/apex-racer

6. Twisted Tangle 1.39.1 [Unlimited Money]
https://apkmody.com/games/twisted-tangle

7. Cat Snack Bar 1.0.104 [Unlimited Gems]
https://apkmody.com/games/cat-snack-bar

8. Alien Invasion: RPG Idle Space 3.0.46 [Menu, Unlimited Resources]
https://apkmody.com/games/alien-invasion-rpg-idle-space

9. City Island 6: Building Life 2.0.2 [Unlimited Money]
https://apkmody.com/games/city-island-6-building-life

10. Stick War 3 2024.3.765 [Unlocked Skins]
https://apkmody.com/games/stick-war-3

🔥 APPS

1. TrueCaller 13.57.7 [Gold Unlocked]
https://apkmody.com/apps/truecaller

2. Picsart 24.4 [Gold Unlocked]
https://apkmody.com/apps/picsart

3. <PERSON> 4.5.1 [Pro Unlocked]
https://apkmody.com/apps/reface

4. CapCut 11.1.0 [Pro Unlocked]
https://apkmody.com/apps/capcut

5. ZEDGE 8.33.1-beta [Subscription Unlocked]
https://apkmody.com/apps/zedge

6. ToonMe 0.7.0 [Pro Unlocked]
https://apkmody.com/apps/toonme

7. Audiomack 6.37.0 [Premium Unlocked]
https://apkmody.com/apps/audiomack

8. Photoshop Express 12.8.309 [Premium Unlocked]
https://apkmody.com/apps/photoshop-express

9. Soul Browser <DATE_TIME> [No Ads]
https://apkmody.com/apps/soul-browser

10. PowerDirector 13.2.1 [Premium Unlocked]
https://apkmody.com/apps/powerdirector",False,False,False,False,True,False,False,True,False,False,1447143701,,,,,,,,,3296.0,7.0,,2024-02-23T15:02:32+00:00,,,"{'_': 'MessageReactions', 'results': [{'_': 'ReactionCount', 'reaction': {'_': 'ReactionEmoji', 'emoticon': '👍'}, 'count': 15, 'chosen_order': None}, {'_': 'ReactionCount', 'reaction': {'_': 'ReactionEmoji', 'emoticon': '❤'}, 'count': 3, 'chosen_order': None}, {'_': 'ReactionCount', 'reaction': {'_': 'ReactionEmoji', 'emoticon': '🔥'}, 'count': 1, 'chosen_order': None}], 'min': False, 'can_see_list': False, 'reactions_as_tags': False, 'recent_reactions': []}",[],2678400.0
apkmody_official_2,https://t.me/apkmody_official_2,8007,2024-02-24 15:00:19,"⚡️ <DATE_TIME>, 2024

⚡️ TOP 10 apps & games updated in <DATE_TIME>

ℹ️ If you go to the URL and it says 404. It means you must be logged in to apkmody.com to be able to see it.

ℹ️ This list includes only the most featured items. To explore all apps, please go directly to apkmody.com.

ℹ️ This list will only be sent one time per day, please turn on notifications so you don't miss out.

🕹️ GAMES

1. Garden Affairs 2.5304.2232144 [Unlimited Money]
https://apkmody.com/games/garden-affairs - LOGIN TO SEE

2. Block Blast Adventure Master 4.1.1 [No Ads]
https://apkmody.com/games/block-blast-adventure-master

3. Twisted Tangle 1.40.0 [Unlimited Money]
https://apkmody.com/games/twisted-tangle

4. Dynamons World <DATE_TIME> [Unlimited Money]
https://apkmody.com/games/dynamons-world

5. Sky: Children of the Light 0.24.5 (246913) [MENU, Unlocked Skins]
https://apkmody.com/games/sky-children-of-the-light

6. Eatventure 1.15.7 [Unlimited Coins]
https://apkmody.com/games/eatventure

7. Last Play 1.52 [Unlocked Modes]
https://apkmody.com/games/last-play

8. Cut the Rope 3.60.1 [Unlocked]
https://apkmody.com/games/cut-the-rope

9. <PERSON> 1.2.2 [Unlimited Gold]
https://apkmody.com/games/zombotron-re-boot

10. Lvelup RPG 3.3.8 [MENU, One Hit]
https://apkmody.com/games/lvelup-rpg

🔥 APPS

1. WPS Office 18.7.3 [Premium Unlocked]
https://apkmody.com/apps/wps-office

2. NowAI <IP_ADDRESS> [Pro Unlocked]
https://apkmody.com/apps/nowai

3. Photoshop Express 12.8.314 [Premium Unlocked]
https://apkmody.com/apps/photoshop-express

4. Easy Notes <DATE_TIME>.0221 [VIP Unlocked]
https://apkmody.com/apps/easy-notes

5. PDF Extra <DATE_TIME> [Premium Unlocked]
https://apkmody.com/apps/pdf-extra

6. <PERSON> 6.2.2 [Pro Unlocked]
https://apkmody.com/apps/airbrush

7. Headway 3.46.1 [Subscribed]
https://apkmody.com/apps/headway

8. PPSSPP Gold 1.17.1 [PAID]
https://apkmody.com/apps/ppsspp-gold

9. Wynk Music <IP_ADDRESS> [No Ads]
<PERSON>. Email Aqua Mail 1.50.0 [Pro Unlocked]
https://apkmody.com/apps/email-aqua-mail",False,False,False,False,True,False,False,True,False,False,1447143701,,,,,,,,,1837.0,1.0,,2024-02-24T15:04:51+00:00,,,"{'_': 'MessageReactions', 'results': [{'_': 'ReactionCount', 'reaction': {'_': 'ReactionEmoji', 'emoticon': '👍'}, 'count': 8, 'chosen_order': None}, {'_': 'ReactionCount', 'reaction': {'_': 'ReactionEmoji', 'emoticon': '❤'}, 'count': 3, 'chosen_order': None}], 'min': False, 'can_see_list': False, 'reactions_as_tags': False, 'recent_reactions': []}",[],2678400.0
apkmody_official_2,https://t.me/apkmody_official_2,8009,2024-02-26 15:00:25,"⚡️ <DATE_TIME>, 2024

⚡️ TOP 10 apps & games updated in <DATE_TIME>

ℹ️ If you go to the URL and it says 404. It means you must be logged in to apkmody.com to be able to see it.

ℹ️ This list includes only the most featured items. To explore all apps, please go directly to apkmody.com.

ℹ️ This list will only be sent one time per day, please turn on notifications so you don't miss out.

🕹️ GAMES

1. Stumble Guys 0.65.5 [Unlocked Skins]
https://apkmody.com/games/stumble-guys-4

2. Roblox 2.613.510 [MENU, <PERSON>, Wall Hack]
https://apkmody.com/games/roblox

3. Subway Surfers 3.25.1 [Unlimited Coins/Key]
https://apkmody.com/games/subway-surfers

4. Stick War 3 2024.3.784 [Unlocked Skins]
https://apkmody.com/games/stick-war-3

5. Zombie <PERSON> 1.1.8 [Unlimited Money]
https://apkmody.com/games/zombie-hunter-d-day2

6. Goat Simulator 3 <IP_ADDRESS> [PAID]
https://apkmody.com/games/goat-simulator-3

7. Endless Wander 1.5.8 [MENU, Unlimited Money]
https://apkmody.com/games/endless-wander

8. Magic Rampage 6.1.8 [Unlimited Coins]
https://apkmody.com/games/magic-rampage

9. Toy Blast 14337 [Unlimited Coins/Lives]
https://apkmody.com/games/toy-blast

10. Space Shooter: Galaxy Attack 1.775 [Unlimited Diamonds]
https://apkmody.com/games/space-shooter-galaxy-attack

🔥 APPS

1. KineMaster Pro 7.4.0.32290.GP [Premium Unlocked]
https://apkmody.com/apps/kinemaster-pro

2. Instagram 320.<IP_ADDRESS> [Unlocked]
https://apkmody.com/apps/instagram

3. Ad Blocker Pro 4.0.7 [PAID]
https://apkmody.com/apps/ad-blocker-pro

4. TapScanner 3.0.7 [Pro Unlocked]
https://apkmody.com/apps/tapscanner

5. HDO Box 2.0.20 [No Ads]
https://apkmody.com/apps/hdo-box - LOGIN TO SEE

6. Beelinguapp 3.032 [Premium Unlocked]
https://apkmody.com/apps/beelinguapp

7. IELTS Speaking speaking.3.7.3 [Premium Unlocked]
https://apkmody.com/apps/ielts-speaking

8. VivaVideo 9.14.6 [Premium Unlocked]
https://apkmody.com/apps/vivavideo

9. UpNote 9.0.2 [Premium Unlocked]
https://apkmody.com/apps/upnote

10. 3C All-in-One Toolbox 2.9.0 [Pro Unlocked]
https://apkmody.com/apps/3c-all-in-one-toolbox",False,False,False,False,True,False,False,True,False,False,1447143701,,,,,,,,,4887.0,4.0,,2024-02-26T15:03:21+00:00,,,"{'_': 'MessageReactions', 'results': [{'_': 'ReactionCount', 'reaction': {'_': 'ReactionEmoji', 'emoticon': '👍'}, 'count': 5, 'chosen_order': None}, {'_': 'ReactionCount', 'reaction': {'_': 'ReactionEmoji', 'emoticon': '🥰'}, 'count': 2, 'chosen_order': None}], 'min': False, 'can_see_list': False, 'reactions_as_tags': False, 'recent_reactions': []}",[],2678400.0
apkmody_official_2,https://t.me/apkmody_official_2,8010,2024-02-27 15:00:25,"⚡️ <DATE_TIME>, 2024

⚡️ TOP 10 apps & games updated in <DATE_TIME>

ℹ️ If you go to the URL and it says 404. It means you must be logged in to apkmody.com to be able to see it.

ℹ️ This list includes only the most featured items. To explore all apps, please go directly to apkmody.com.

ℹ️ This list will only be sent one time per day, please turn on notifications so you don't miss out.

🕹️ GAMES

1. Stumble Guys 0.66 [Unlocked Skins]
https://apkmody.com/games/stumble-guys-4

2. Weapon Craft Run <DATE_TIME> [Unlimited Money]
https://apkmody.com/games/weapon-craft-run

3. Juno: New Origins 1.2.212 [PAID]
https://apkmody.com/games/juno-new-origins

4. Stick War 3 2024.3.795 [Unlocked Skins]
https://apkmody.com/games/stick-war-3

5. Dynamons World <DATE_TIME> [Unlimited Money]
https://apkmody.com/games/dynamons-world

6. Yes, Your Grace Production_1.0.91_b906 [Full Game Unlocked]
https://apkmody.com/games/yes-your-grace

7. Clash of Clans 16.137.6 [Unlimited Money]
<NRP>

8. Ninja Hands 0.6.2 [Unlimited Money]
https://apkmody.com/games/ninja-hands

9. Zombie <PERSON> 1.0.909 [One Hit]
<DATE_TIME>. Coin Master <DATE_TIME> [Cards Unlocked]
https://apkmody.com/games/coin-master

🔥 APPS

1. Duolingo <DATE_TIME> [Premium Unlocked]
https://apkmody.com/apps/duolingo - LOGIN TO SEE

2. Always On: Edge Music Lighting <IP_ADDRESS> [Pro Unlocked]
<NRP>

3. Instagram 321.<IP_ADDRESS> [Unlocked]
https://apkmody.com/apps/instagram

4. AdGuard <DATE_TIME> [Premium Unlocked]
https://apkmody.com/apps/adguard

5. VSCO 362 [Premium/Filters Unlocked]
https://apkmody.com/apps/vsco

6. InShot Pro 2.020.1441 [Pro Unlocked]
https://apkmody.com/apps/inshot-pro

7. Chordify <DATE_TIME> [Premium Unlocked]
https://apkmody.com/apps/chordify

8. Sygic GPS 24.0.2-2287 [Premium Unlocked]
https://apkmody.com/apps/sygic-gps

9. Room Planner 1179 [Unlocked]
https://apkmody.com/apps/room-planner

10. Strava 348.7 [Premium Unlocked]
https://apkmody.com/apps/strava",False,False,False,False,True,False,False,True,False,False,1447143701,,,,,,,,,4454.0,1.0,,2024-02-27T15:07:32+00:00,,,"{'_': 'MessageReactions', 'results': [{'_': 'ReactionCount', 'reaction': {'_': 'ReactionEmoji', 'emoticon': '👍'}, 'count': 9, 'chosen_order': None}], 'min': False, 'can_see_list': False, 'reactions_as_tags': False, 'recent_reactions': []}",[],2678400.0
apkmody_official_2,https://t.me/apkmody_official_2,8011,2024-02-28 15:00:06,"⚡️ <DATE_TIME>, 2024

⚡️ TOP 10 apps & games updated in <DATE_TIME>

ℹ️ If you go to the URL and it says 404. It means you must be logged in to apkmody.com to be able to see it.

ℹ️ This list includes only the most featured items. To explore all apps, please go directly to apkmody.com.

ℹ️ This list will only be sent one time per day, please turn on notifications so you don't miss out.

🕹️ GAMES

1. The Lonely Hacker 22.81 [Unlimited Money]
https://apkmody.com/games/the-lonely-hacker

2. Garden Affairs 2.5304.2232144 [Unlimited Money]
https://apkmody.com/games/garden-affairs

3. <PERSON> 1.272.2.1 [Unlimited Lives]
https://apkmody.com/games/candy-crush-saga

4. Temple Run 2 1.109.0 [Unlimited Coins/Gems]
https://apkmody.com/games/temple-run-2

5. Stick War 3 2024.3.819 [Unlocked Skins]
https://apkmody.com/games/stick-war-3

6. Worms Zone .io 5.3.9 [Unlimited Money, Unlocked]
https://apkmody.com/games/worms-zone-io

7. Dynamons World <DATE_TIME> [Unlimited Money]
https://apkmody.com/games/dynamons-world

8. Cat Snack Bar 1.0.105 [Unlimited Gems]
https://apkmody.com/games/cat-snack-bar

9. Shelter 69 1.6.185 [Menu, Free Shopping]
https://apkmody.com/games/shelter-69

10. K-Pop Academy 0.19 [Unlimited Money]
https://apkmody.com/games/idol-popstars

🔥 APPS

1. Duolingo 5.140.4 [Premium Unlocked]
https://apkmody.com/apps/duolingo

2. TeraBox 3.25.0 [Premium Unlocked]
https://apkmody.com/apps/terabox

3. Photoshop Express 12.8.317 [Premium Unlocked]
https://apkmody.com/apps/photoshop-express

4. Shazam 14.14.<PHONE_NUMBER> [Premium Unlocked]
https://apkmody.com/apps/shazam

5. Soul Browser <DATE_TIME> [No Ads]
https://apkmody.com/apps/soul-browser

6. Videoleap 1.25.1 [Pro Unlocked]
https://apkmody.com/apps/videoleap

7. Photoleap 1.49.0 [Premium Unlocked]
https://apkmody.com/apps/photoleap

8. Easy Notes <DATE_TIME>.0226 [VIP Unlocked]
https://apkmody.com/apps/easy-notes

9. SNOW 13.0.11 [VIP Unlocked]
https://apkmody.com/apps/snow

10. B612 13.0.11 [Premium Unlocked]
https://apkmody.com/apps/b612",False,False,False,False,True,False,False,True,False,False,1447143701,,,,,,,,,4028.0,3.0,,2024-02-28T15:04:14+00:00,,,"{'_': 'MessageReactions', 'results': [{'_': 'ReactionCount', 'reaction': {'_': 'ReactionEmoji', 'emoticon': '👍'}, 'count': 9, 'chosen_order': None}], 'min': False, 'can_see_list': False, 'reactions_as_tags': False, 'recent_reactions': []}",[],2678400.0
apkmody_official_2,https://t.me/apkmody_official_2,8012,2024-02-29 15:00:06,"⚡️ <DATE_TIME>, 2024

⚡️ TOP 10 apps & games updated in <DATE_TIME>

ℹ️ If you go to the URL and it says 404. It means you must be logged in to apkmody.com to be able to see it.

ℹ️ This list includes only the most featured items. To explore all apps, please go directly to apkmody.com.

ℹ️ This list will only be sent one time per day, please turn on notifications so you don't miss out.

🕹️ GAMES

1. Stumble Guys 0.66.2 [Unlocked Skins]
https://apkmody.com/games/stumble-guys-4

2. Bluey: Let’s Play! 2024.3.0 [Unlocked]
https://apkmody.com/games/bluey-lets-play

3. Twisted Tangle 1.41.0 [Unlimited Money]
https://apkmody.com/games/twisted-tangle

4. Stick War 3 2024.3.834 [Unlocked Skins]
https://apkmody.com/games/stick-war-3

5. Dynamons World <DATE_TIME> [Unlimited Money]
https://apkmody.com/games/dynamons-world

6. GoreBox 15.3.6 [No Ads]
https://apkmody.com/games/gorebox

7. Yes, Your Grace Production_1.0.92_b907 [Full Game Unlocked]
https://apkmody.com/games/yes-your-grace

8. Screw Puzzle: Nuts and Bolts 1.27 [Unlimited Money]
https://apkmody.com/games/screw-puzzle-nuts-and-bolts

9. Shelter 69 1.6.196 [Menu, Free Shopping]
https://apkmody.com/games/shelter-69

10. Tizi Town: My Princess Games 5.1.7 [Unlocked]
https://apkmody.com/games/tizi-town-my-princess-games

🔥 APPS

1. Spotify <DATE_TIME>.512 [Premium Unlocked]
https://apkmody.com/apps/spotify

2. TrueCaller 13.58.6 [Gold Unlocked]
https://apkmody.com/apps/truecaller

3. Telegram 10.8.3 [Premium Unlocked]
https://apkmody.com/apps/telegram

4. TikTok 33.7.2 [Premium Unlocked]
https://apkmody.com/apps/tiktok

5. Duolingo 5.140.5 [Premium Unlocked]
https://apkmody.com/apps/duolingo

6. Wattpad 10.51.0 [Premium Unlocked]
https://apkmody.com/apps/wattpad

7. CapCut 11.2.0 [Pro Unlocked]
https://apkmody.com/apps/capcut

8. Plex 10.10.0.5899 [Premium Unlocked]
https://apkmody.com/apps/plex

9. Fotor Photo Editor <IP_ADDRESS> [Pro Unlocked]
https://apkmody.com/apps/fotor-photo-editor

10. Selfie AI 6.13.9207 [VIP Unlocked]
https://apkmody.com/apps/selfie-ai",False,False,False,False,True,False,False,True,False,False,1447143701,,,,,,,,,3123.0,5.0,,2024-02-29T15:12:05+00:00,,,"{'_': 'MessageReactions', 'results': [{'_': 'ReactionCount', 'reaction': {'_': 'ReactionEmoji', 'emoticon': '👍'}, 'count': 7, 'chosen_order': None}, {'_': 'ReactionCount', 'reaction': {'_': 'ReactionEmoji', 'emoticon': '❤'}, 'count': 3, 'chosen_order': None}, {'_': 'ReactionCount', 'reaction': {'_': 'ReactionEmoji', 'emoticon': '🔥'}, 'count': 1, 'chosen_order': None}], 'min': False, 'can_see_list': False, 'reactions_as_tags': False, 'recent_reactions': []}",[],2678400.0
apkmody_official_2,https://t.me/apkmody_official_2,8013,2024-03-01 15:00:26,"⚡️ <DATE_TIME> 2024

⚡️ TOP 10 apps & games updated in <DATE_TIME>

ℹ️ If you go to the URL and it says 404. It means you must be logged in to apkmody.com to be able to see it.

ℹ️ This list includes only the most featured items. To explore all apps, please go directly to apkmody.com.

ℹ️ This list will only be sent one time per day, please turn on notifications so you don't miss out.

🕹️ GAMES

1. BitLife <DATE_TIME> [Bitizenship Unlocked]
https://apkmody.com/games/bitlife

2. Car Parking Multiplayer <IP_ADDRESS> [Unlimited Money]
https://apkmody.com/games/car-parking-multiplayer

3. Block Blast Adventure Master 4.1.2 [No Ads]
https://apkmody.com/games/block-blast-adventure-master

4. Weapon Craft Run <DATE_TIME> [Unlimited Money]
https://apkmody.com/games/weapon-craft-run

5. Twisted Tangle 1.41.1 [Unlimited Money]
https://apkmody.com/games/twisted-tangle

6. Guardian War: RPG Pixel Games 0.1.211 [Unlimited Money]
https://apkmody.com/games/guardian-war-rpg-pixel-games

7. Car Simulator 2 1.50.8 [Unlimited Money]
https://apkmody.com/games/car-simulator-2

8. Subway Surfers 3.25.2 [Unlimited Coins/Key]
https://apkmody.com/games/subway-surfers

9. Stick War 3 2024.3.857 [Unlocked Skins]
https://apkmody.com/games/stick-war-3

10. <PERSON> 15.3.7 [No Ads]
https://apkmody.com/games/gorebox

🔥 APPS

1. Picsart 24.4.1 [Gold Unlocked]
https://apkmody.com/apps/picsart

2. Wallcraft 3.40.0 [Premium Unlocked]
https://apkmody.com/apps/wallcraft

3. AdGuard <DATE_TIME> [Premium Unlocked]
https://apkmody.com/apps/adguard

4. Plex 10.<DATE_TIME> [Premium Unlocked]
https://apkmody.com/apps/plex

5. Photoshop Express 12.9.319 [Premium Unlocked]
https://apkmody.com/apps/photoshop-express

6. LiveLoop 1.8.9 [Pro Unlocked]
https://apkmody.com/apps/liveloop

7. Malloc VPN 2024.02.280 [Premium Unlocked]
https://apkmody.com/apps/malloc-vpn

8. TapScanner 3.0.8 [Pro Unlocked]
https://apkmody.com/apps/tapscanner

9. Easy Notes <DATE_TIME>.0229 [VIP Unlocked]
https://apkmody.com/apps/easy-notes

10. PDF Extra <DATE_TIME> [Premium Unlocked]
<NRP>",False,False,False,False,True,False,False,True,False,False,1447143701,,,,,,,,,1489.0,1.0,,2024-03-01T15:01:34+00:00,,,"{'_': 'MessageReactions', 'results': [{'_': 'ReactionCount', 'reaction': {'_': 'ReactionEmoji', 'emoticon': '👍'}, 'count': 5, 'chosen_order': None}, {'_': 'ReactionCount', 'reaction': {'_': 'ReactionEmoji', 'emoticon': '❤'}, 'count': 2, 'chosen_order': None}], 'min': False, 'can_see_list': False, 'reactions_as_tags': False, 'recent_reactions': []}",[],2678400.0
