Channel ID,URL,Post ID,date,message,out,mentioned,media_unread,silent,post,from_scheduled,legacy,edit_hide,pinned,noforwards,peer_channel,from_id_user,fwd_from,via_bot_id,reply_to_msg_id,reply_to_scheduled,forum_topic,media_photo_id,reply_markup,views,forwards,replies,edit_date,post_author,grouped_id,reactions,restriction_reason,ttl_period
apkmaza_net,https://t.me/apkmaza_net,7261,2024-01-21 02:52:00,"FilmPlus MOD APK v1.9.7r (Ad-Free, All Unlocked) Download",False,False,False,False,True,False,False,True,False,False,1475880090,,,,,,,5.864213299757957e+18,,3746.0,0.0,"{'_': 'MessageReplies', 'replies': 1, 'replies_pts': 4701, 'comments': True, 'recent_repliers': [{'_': 'PeerUser', 'user_id': 5705030084}], 'channel_id': 1194086373, 'max_id': 2624, 'read_max_id': None}",2024-01-21T02:52:03+00:00,,,,[],
apkmaza_net,https://t.me/apkmaza_net,7262,2024-01-21 21:38:59,365Scores MOD APK v13.2.0 (Lifetime Subscription + No Ads),False,False,False,False,True,False,False,True,False,False,1475880090,,,,,,,5.866465099571643e+18,,3366.0,0.0,"{'_': 'MessageReplies', 'replies': 1, 'replies_pts': 4701, 'comments': True, 'recent_repliers': [{'_': 'PeerUser', 'user_id': 6924958119}], 'channel_id': 1194086373, 'max_id': 2614, 'read_max_id': None}",2024-01-21T21:39:03+00:00,,,,[],
apkmaza_net,https://t.me/apkmaza_net,7263,2024-01-21 22:20:00,Hello Weather MOD APK v3.9.12 (Premium Unlocked) Latest,False,False,False,False,True,False,False,True,False,False,1475880090,,,,,,,5.866465099571643e+18,,3513.0,2.0,"{'_': 'MessageReplies', 'replies': 0, 'replies_pts': 4701, 'comments': True, 'recent_repliers': [], 'channel_id': 1194086373, 'max_id': None, 'read_max_id': None}",2024-01-21T22:20:03+00:00,,,,[],
apkmaza_net,https://t.me/apkmaza_net,7264,2024-01-21 22:40:00,AppBlock MOD APK v6.9.0 (Pro Unlocked) Latest,False,False,False,False,True,False,False,True,False,False,1475880090,,,,,,,5.866465099571643e+18,,3365.0,0.0,"{'_': 'MessageReplies', 'replies': 0, 'replies_pts': 4701, 'comments': True, 'recent_repliers': [], 'channel_id': 1194086373, 'max_id': None, 'read_max_id': None}",2024-01-21T22:40:03+00:00,,,,[],
apkmaza_net,https://t.me/apkmaza_net,7265,2024-01-21 23:19:59,Shazam MOD APK v14.9.<PHONE_NUMBER> (Premium Unlocked / No Ads),False,False,False,False,True,False,False,True,False,False,1475880090,,,,,,,5.866465099571643e+18,,3254.0,0.0,"{'_': 'MessageReplies', 'replies': 0, 'replies_pts': 4701, 'comments': True, 'recent_repliers': [], 'channel_id': 1194086373, 'max_id': None, 'read_max_id': None}",2024-01-21T23:20:02+00:00,,,,[],
apkmaza_net,https://t.me/apkmaza_net,7266,2024-01-21 23:40:59,APKMirror Installer (Official) MOD APK v1.4.3 (Premium) 2024,False,False,False,False,True,False,False,True,False,False,1475880090,,,,,,,5.866465099571643e+18,,3322.0,4.0,"{'_': 'MessageReplies', 'replies': 0, 'replies_pts': 4701, 'comments': True, 'recent_repliers': [], 'channel_id': 1194086373, 'max_id': None, 'read_max_id': None}",2024-01-21T23:41:02+00:00,,,,[],
apkmaza_net,https://t.me/apkmaza_net,7267,2024-01-22 00:19:59,BitTorrent MOD APK v8.1.5 (Pro Unlocked) for Android,False,False,False,False,True,False,False,True,False,False,1475880090,,,,,,,5.866465099571643e+18,,3489.0,1.0,"{'_': 'MessageReplies', 'replies': 0, 'replies_pts': 4701, 'comments': True, 'recent_repliers': [], 'channel_id': 1194086373, 'max_id': None, 'read_max_id': None}",2024-01-22T00:20:02+00:00,,,,[],
apkmaza_net,https://t.me/apkmaza_net,7268,2024-01-22 00:43:00,TikTok MOD APK v33.1.4 (No Watermark) Latest 2024,False,False,False,False,True,False,False,True,False,False,1475880090,,,,,,,5.866465099571643e+18,,3726.0,3.0,"{'_': 'MessageReplies', 'replies': 0, 'replies_pts': 4701, 'comments': True, 'recent_repliers': [], 'channel_id': 1194086373, 'max_id': None, 'read_max_id': None}",2024-01-22T00:43:03+00:00,,,,[],
apkmaza_net,https://t.me/apkmaza_net,7269,2024-01-22 01:52:00,"SonyLIV MOD APK v6.15.64 (Premium, All Unlocked) Download",False,False,False,False,True,False,False,True,False,False,1475880090,,,,,,,5.866465099571643e+18,,3876.0,5.0,"{'_': 'MessageReplies', 'replies': 1, 'replies_pts': 4701, 'comments': True, 'recent_repliers': [{'_': 'PeerUser', 'user_id': 1044888101}], 'channel_id': 1194086373, 'max_id': 2713, 'read_max_id': None}",2024-01-22T01:52:03+00:00,,,,[],
apkmaza_net,https://t.me/apkmaza_net,7270,2024-01-22 02:20:00,Telegram MOD APK v10.6.2 (Premium Unlocked / No Ads) 2024,False,False,False,False,True,False,False,True,False,False,1475880090,,,,,,,5.866465099571643e+18,,4025.0,18.0,"{'_': 'MessageReplies', 'replies': 1, 'replies_pts': 4701, 'comments': True, 'recent_repliers': [{'_': 'PeerUser', 'user_id': 6253147763}], 'channel_id': 1194086373, 'max_id': 2778, 'read_max_id': None}",2024-01-22T02:20:03+00:00,,,,[],
apkmaza_net,https://t.me/apkmaza_net,7271,2024-01-22 02:45:00,<PERSON> VISION APK v2.6.0r (Unlocked) – Your Gateway to Movies,False,False,False,False,True,False,False,True,False,False,1475880090,,,,,,,5.866465099571643e+18,,4344.0,4.0,"{'_': 'MessageReplies', 'replies': 2, 'replies_pts': 4701, 'comments': True, 'recent_repliers': [{'_': 'PeerUser', 'user_id': 2023583923}], 'channel_id': 1194086373, 'max_id': 2627, 'read_max_id': None}",2024-01-22T02:45:03+00:00,,,,[],
apkmaza_net,https://t.me/apkmaza_net,7272,2024-01-22 22:19:58,Easy Notes MOD APK v1.<DATE_TIME> (VIP Unlocked),False,False,False,False,True,False,False,True,False,False,1475880090,,,,,,,5.870467601069621e+18,,3922.0,2.0,"{'_': 'MessageReplies', 'replies': 0, 'replies_pts': 4701, 'comments': True, 'recent_repliers': [], 'channel_id': 1194086373, 'max_id': None, 'read_max_id': None}",2024-01-22T22:20:01+00:00,,,,[],
apkmaza_net,https://t.me/apkmaza_net,7273,2024-01-22 22:39:58,ToonApp MOD APK v2.6.42 (No Ads+ Watermark/ Pro Unlocked),False,False,False,False,True,False,False,True,False,False,1475880090,,,,,,,5.870467601069621e+18,,3785.0,3.0,"{'_': 'MessageReplies', 'replies': 0, 'replies_pts': 4701, 'comments': True, 'recent_repliers': [], 'channel_id': 1194086373, 'max_id': None, 'read_max_id': None}",2024-01-22T22:40:01+00:00,,,,[],
apkmaza_net,https://t.me/apkmaza_net,7274,2024-01-22 23:24:58,PhotoDirector MOD APK Latest v18.9.6 (Premium Unlocked) 2024,False,False,False,False,True,False,False,True,False,False,1475880090,,,,,,,5.870467601069621e+18,,3881.0,1.0,"{'_': 'MessageReplies', 'replies': 0, 'replies_pts': 4701, 'comments': True, 'recent_repliers': [], 'channel_id': 1194086373, 'max_id': None, 'read_max_id': None}",2024-01-22T23:25:01+00:00,,,,[],
apkmaza_net,https://t.me/apkmaza_net,7275,2024-01-22 23:44:58,SnapEdit MOD APK v5.5.3 (Pro / Premium Unlocked) 2024,False,False,False,False,True,False,False,True,False,False,1475880090,,,,,,,5.870467601069621e+18,,3950.0,2.0,"{'_': 'MessageReplies', 'replies': 0, 'replies_pts': 4701, 'comments': True, 'recent_repliers': [], 'channel_id': 1194086373, 'max_id': None, 'read_max_id': None}",2024-01-22T23:45:01+00:00,,,,[],
apkmaza_net,https://t.me/apkmaza_net,7276,2024-01-22 23:50:58,PowerDirector MOD APK v13.1.1 (No Watermark/Premium Unlocked),False,False,False,False,True,False,False,True,False,False,1475880090,,,,,,,5.870467601069621e+18,,4252.0,0.0,"{'_': 'MessageReplies', 'replies': 0, 'replies_pts': 4701, 'comments': True, 'recent_repliers': [], 'channel_id': 1194086373, 'max_id': None, 'read_max_id': None}",2024-01-22T23:51:01+00:00,,,,[],
apkmaza_net,https://t.me/apkmaza_net,7277,2024-01-23 00:12:58,VidStatus MOD APK v4.7.1 (Premium Unlocked + No Ads),False,False,False,False,True,False,False,True,False,False,1475880090,,,,,,,5.870467601069621e+18,,4242.0,0.0,"{'_': 'MessageReplies', 'replies': 0, 'replies_pts': 4701, 'comments': True, 'recent_repliers': [], 'channel_id': 1194086373, 'max_id': None, 'read_max_id': None}",2024-01-23T00:13:01+00:00,,,,[],
apkmaza_net,https://t.me/apkmaza_net,7278,2024-01-23 00:51:58,Truecaller Premium MOD APK v13.53.5 (All Unlocked) 2024 Latest,False,False,False,False,True,False,False,True,False,False,1475880090,,,,,,,5.870467601069621e+18,,4449.0,5.0,"{'_': 'MessageReplies', 'replies': 1, 'replies_pts': 4701, 'comments': True, 'recent_repliers': [{'_': 'PeerUser', 'user_id': 5695046349}], 'channel_id': 1194086373, 'max_id': 2675, 'read_max_id': None}",2024-01-23T00:52:01+00:00,,,,[],
apkmaza_net,https://t.me/apkmaza_net,7279,2024-01-23 02:50:57,Seal MOD APK v1.11.3 | The Media Downloader for Android,False,False,False,False,True,False,False,True,False,False,1475880090,,,,,,,5.870467601069621e+18,,4779.0,2.0,"{'_': 'MessageReplies', 'replies': 1, 'replies_pts': 4701, 'comments': True, 'recent_repliers': [{'_': 'PeerUser', 'user_id': 929356303}], 'channel_id': 1194086373, 'max_id': 2636, 'read_max_id': None}",2024-01-23T02:51:00+00:00,,,,[],
apkmaza_net,https://t.me/apkmaza_net,7280,2024-01-23 20:01:10,PicsArt MOD APK v24.1.7 (Premium/Unlocked) Latest 2024,False,False,False,False,True,False,False,True,False,False,1475880090,,,,,,,5.872719400883306e+18,,4437.0,7.0,"{'_': 'MessageReplies', 'replies': 0, 'replies_pts': 4701, 'comments': True, 'recent_repliers': [], 'channel_id': 1194086373, 'max_id': None, 'read_max_id': None}",2024-01-23T20:01:17+00:00,,,,[],
apkmaza_net,https://t.me/apkmaza_net,7281,2024-01-23 20:01:34,MagiCut MOD APK v4.7.2.1 (VIP / Premium Unlocked) 2024,False,False,False,False,True,False,False,True,False,False,1475880090,,,,,,,5.872719400883306e+18,,4575.0,1.0,"{'_': 'MessageReplies', 'replies': 0, 'replies_pts': 4701, 'comments': True, 'recent_repliers': [], 'channel_id': 1194086373, 'max_id': None, 'read_max_id': None}",2024-01-23T20:01:38+00:00,,,,[],
apkmaza_net,https://t.me/apkmaza_net,7282,2024-01-23 20:02:03,Adguard MOD APK v4.4.38 (Nightly) (Pro / Premium Unlocked),False,False,False,False,True,False,False,True,False,False,1475880090,,,,,,,5.872719400883306e+18,,4577.0,1.0,"{'_': 'MessageReplies', 'replies': 0, 'replies_pts': 4701, 'comments': True, 'recent_repliers': [], 'channel_id': 1194086373, 'max_id': None, 'read_max_id': None}",2024-01-23T20:02:12+00:00,,,,[],
apkmaza_net,https://t.me/apkmaza_net,7283,2024-01-23 20:02:24,Vpnify MOD APK v2.1.7 (Premium Unlocked + No Ads),False,False,False,False,True,False,False,True,False,False,1475880090,,,,,,,5.872719400883306e+18,,4837.0,4.0,"{'_': 'MessageReplies', 'replies': 2, 'replies_pts': 4701, 'comments': True, 'recent_repliers': [{'_': 'PeerChannel', 'channel_id': 1194086373}, {'_': 'PeerUser', 'user_id': 5545945889}], 'channel_id': 1194086373, 'max_id': 2732, 'read_max_id': None}",2024-01-23T20:02:30+00:00,,,,[],
apkmaza_net,https://t.me/apkmaza_net,7284,2024-01-24 20:08:29,TikTok ReVanced MOD APK v33.0.3 (NO Watermark + Region Unblocked),False,False,False,False,True,False,False,True,False,False,1475880090,,,,,,,5.875341538547058e+18,,4739.0,6.0,"{'_': 'MessageReplies', 'replies': 0, 'replies_pts': 4701, 'comments': True, 'recent_repliers': [], 'channel_id': 1194086373, 'max_id': None, 'read_max_id': None}",2024-01-24T20:08:33+00:00,,,,[],
apkmaza_net,https://t.me/apkmaza_net,7286,2024-01-24 21:45:59,"EPIK MOD APK v4.3.21 (Premium, All Unlocked) Download",False,False,False,False,True,False,False,True,False,False,1475880090,,,,,,,5.875341538547058e+18,,4615.0,1.0,"{'_': 'MessageReplies', 'replies': 1, 'replies_pts': 4701, 'comments': True, 'recent_repliers': [{'_': 'PeerUser', 'user_id': 1292574707}], 'channel_id': 1194086373, 'max_id': 2653, 'read_max_id': None}",2024-01-24T21:46:02+00:00,,,,[],
apkmaza_net,https://t.me/apkmaza_net,7287,2024-01-24 22:56:59,Adobe Acrobat Apk Premium v24.1.0.30989 (All Unlocked),False,False,False,False,True,False,False,True,False,False,1475880090,,,,,,,5.875341538547058e+18,,4541.0,0.0,"{'_': 'MessageReplies', 'replies': 0, 'replies_pts': 4701, 'comments': True, 'recent_repliers': [], 'channel_id': 1194086373, 'max_id': None, 'read_max_id': None}",2024-01-24T22:57:02+00:00,,,,[],
apkmaza_net,https://t.me/apkmaza_net,7288,2024-01-24 23:55:59,YMusic MOD APK v3.8.10 (Premium Unlocked) Download <DATE_TIME>,False,False,False,False,True,False,False,True,False,False,1475880090,,,,,,,5.875341538547058e+18,,4793.0,2.0,"{'_': 'MessageReplies', 'replies': 0, 'replies_pts': 4701, 'comments': True, 'recent_repliers': [], 'channel_id': 1194086373, 'max_id': None, 'read_max_id': None}",2024-01-24T23:56:02+00:00,,,,[],
apkmaza_net,https://t.me/apkmaza_net,7289,2024-01-25 00:46:59,imo MOD APK Latest v2023.12.2051 (No Ads) 2024,False,False,False,False,True,False,False,True,False,False,1475880090,,,,,,,5.875341538547058e+18,,5556.0,1.0,"{'_': 'MessageReplies', 'replies': 0, 'replies_pts': 4701, 'comments': True, 'recent_repliers': [], 'channel_id': 1194086373, 'max_id': None, 'read_max_id': None}",2024-01-25T00:47:02+00:00,,,,[],
apkmaza_net,https://t.me/apkmaza_net,7290,2024-01-26 09:29:48,"Eroflix MOD APK v10.1 (+18 Content) (Premium, Ad-Free) – Classic Erotic Movies",False,False,False,False,True,False,False,True,True,False,1475880090,,,,,,,5.882233058386623e+18,,5392.0,2.0,"{'_': 'MessageReplies', 'replies': 6, 'replies_pts': 4701, 'comments': True, 'recent_repliers': [{'_': 'PeerUser', 'user_id': 6924958119}, {'_': 'PeerChannel', 'channel_id': 1194086373}, {'_': 'PeerUser', 'user_id': 1284128915}], 'channel_id': 1194086373, 'max_id': 2679, 'read_max_id': None}",2024-01-26T09:29:52+00:00,,,,[],
apkmaza_net,https://t.me/apkmaza_net,7291,2024-01-26 09:29:54,,False,False,False,False,True,,False,,,,1475880090,,,,7290.0,False,False,,,,,,,,,,,
apkmaza_net,https://t.me/apkmaza_net,7292,2024-01-27 20:31:54,<PERSON> VISION APK v2.6.1r (Unlocked) – Your Gateway to Movies,False,False,False,False,True,False,False,True,False,False,1475880090,,,,,,,5.88422574711831e+18,,4687.0,2.0,"{'_': 'MessageReplies', 'replies': 6, 'replies_pts': 4701, 'comments': True, 'recent_repliers': [{'_': 'PeerChannel', 'channel_id': 1194086373}, {'_': 'PeerUser', 'user_id': 1999452685}, {'_': 'PeerUser', 'user_id': 6924958119}], 'channel_id': 1194086373, 'max_id': 2780, 'read_max_id': None}",2024-01-27T20:32:00+00:00,,,,[],
apkmaza_net,https://t.me/apkmaza_net,7293,2024-01-30 08:25:04,SnapBG MOD APK v3.5.6 (Unlocked) Background Removal App,False,False,False,False,True,False,False,True,False,False,1475880090,,,,,,,5.893489166942061e+18,,3926.0,0.0,"{'_': 'MessageReplies', 'replies': 0, 'replies_pts': 4701, 'comments': True, 'recent_repliers': [], 'channel_id': 1194086373, 'max_id': None, 'read_max_id': None}",2024-01-30T08:25:07+00:00,,,,[],
apkmaza_net,https://t.me/apkmaza_net,7294,2024-01-30 08:25:41,<NRP> Photo Editor MOD APK v1.51.163 (Pro Unlocked),False,False,False,False,True,False,False,True,False,False,1475880090,,,,,,,5.893489166942061e+18,,3821.0,0.0,"{'_': 'MessageReplies', 'replies': 0, 'replies_pts': 4701, 'comments': True, 'recent_repliers': [], 'channel_id': 1194086373, 'max_id': None, 'read_max_id': None}",2024-01-30T08:25:44+00:00,,,,[],
apkmaza_net,https://t.me/apkmaza_net,7295,2024-01-30 08:26:03,Photomath MOD APK Latest v8.35.0 (Plus Unlocked + No Ads),False,False,False,False,True,False,False,True,False,False,1475880090,,,,,,,5.893489166942061e+18,,3504.0,0.0,"{'_': 'MessageReplies', 'replies': 0, 'replies_pts': 4701, 'comments': True, 'recent_repliers': [], 'channel_id': 1194086373, 'max_id': None, 'read_max_id': None}",2024-01-30T08:26:06+00:00,,,,[],
apkmaza_net,https://t.me/apkmaza_net,7296,2024-01-30 08:26:21,"YouTube ReVanced MOD APK v19.03.36 (Premium, No Ads) Download",False,False,False,False,True,False,False,True,False,False,1475880090,,,,,,,5.893489166942061e+18,,3621.0,10.0,"{'_': 'MessageReplies', 'replies': 8, 'replies_pts': 4701, 'comments': True, 'recent_repliers': [{'_': 'PeerChannel', 'channel_id': 1194086373}, {'_': 'PeerUser', 'user_id': 6037035994}, {'_': 'PeerUser', 'user_id': 6956862260}], 'channel_id': 1194086373, 'max_id': 2801, 'read_max_id': None}",2024-01-30T08:26:24+00:00,,,,[],
apkmaza_net,https://t.me/apkmaza_net,7297,2024-01-30 21:47:00,Coffee Cam MOD APK v2.6.5 (Pro Unlocked + No Ads),False,False,False,False,True,False,False,True,False,False,1475880090,,,,,,,5.895740966755745e+18,,3443.0,0.0,"{'_': 'MessageReplies', 'replies': 1, 'replies_pts': 4701, 'comments': True, 'recent_repliers': [{'_': 'PeerUser', 'user_id': 5829694616}], 'channel_id': 1194086373, 'max_id': 2734, 'read_max_id': None}",2024-01-30T21:47:04+00:00,,,,[],
apkmaza_net,https://t.me/apkmaza_net,7298,2024-01-30 22:47:00,Smart AudioBook Player MOD APK v10.5.4 (All Unlocked),False,False,False,False,True,False,False,True,False,False,1475880090,,,,,,,5.895740966755745e+18,,3564.0,1.0,"{'_': 'MessageReplies', 'replies': 0, 'replies_pts': 4701, 'comments': True, 'recent_repliers': [], 'channel_id': 1194086373, 'max_id': None, 'read_max_id': None}",2024-01-30T22:47:03+00:00,,,,[],
apkmaza_net,https://t.me/apkmaza_net,7299,2024-01-30 22:48:00,SnapTube MOD APK v7.14.1.71471101 (VIP Unlocked + No Ads),False,False,False,False,True,False,False,True,False,False,1475880090,,,,,,,5.895740966755745e+18,,3623.0,7.0,"{'_': 'MessageReplies', 'replies': 0, 'replies_pts': 4701, 'comments': True, 'recent_repliers': [], 'channel_id': 1194086373, 'max_id': None, 'read_max_id': None}",2024-01-30T22:48:03+00:00,,,,[],
apkmaza_net,https://t.me/apkmaza_net,7300,2024-01-30 23:48:00,Truecaller Premium MOD APK v13.53.6 (All Unlocked) 2024 Latest,False,False,False,False,True,False,False,True,False,False,1475880090,,,,,,,5.895740966755745e+18,,3644.0,5.0,"{'_': 'MessageReplies', 'replies': 0, 'replies_pts': 4701, 'comments': True, 'recent_repliers': [], 'channel_id': 1194086373, 'max_id': None, 'read_max_id': None}",2024-01-30T23:48:03+00:00,,,,[],
apkmaza_net,https://t.me/apkmaza_net,7301,2024-01-31 00:48:01,"YouTube ReVanced MOD APK v19.04.34 (Premium, No Ads) Download",False,False,False,False,True,False,False,True,False,False,1475880090,,,,,,,5.895740966755745e+18,,4099.0,5.0,"{'_': 'MessageReplies', 'replies': 2, 'replies_pts': 4701, 'comments': True, 'recent_repliers': [{'_': 'PeerUser', 'user_id': 1240062938}, {'_': 'PeerUser', 'user_id': 1999452685}], 'channel_id': 1194086373, 'max_id': 2777, 'read_max_id': None}",2024-01-31T00:48:04+00:00,,,,[],
apkmaza_net,https://t.me/apkmaza_net,7302,2024-02-01 19:30:45,PickU MOD APK v3.9.22 (Premium Unlocked + No Watermark),False,False,False,False,True,False,False,True,False,False,1475880090,,,,,,,5.900277276854045e+18,,3299.0,0.0,"{'_': 'MessageReplies', 'replies': 0, 'replies_pts': 4701, 'comments': True, 'recent_repliers': [], 'channel_id': 1194086373, 'max_id': None, 'read_max_id': None}",2024-02-01T19:30:50+00:00,,,,[],
apkmaza_net,https://t.me/apkmaza_net,7303,2024-02-01 19:46:02,<PERSON>: Meditation & Sleep MOD APK v1.23.2 (Premium Unlocked) 2024,False,False,False,False,True,False,False,True,False,False,1475880090,,,,,,,5.900277276854045e+18,,3313.0,0.0,"{'_': 'MessageReplies', 'replies': 1, 'replies_pts': 4701, 'comments': True, 'recent_repliers': [{'_': 'PeerUser', 'user_id': 6956862260}], 'channel_id': 1194086373, 'max_id': 2807, 'read_max_id': None}",2024-02-01T19:46:06+00:00,,,,[],
apkmaza_net,https://t.me/apkmaza_net,7304,2024-02-01 19:57:01,SnapBG MOD APK v3.5.8 (Unlocked) Background Removal App,False,False,False,False,True,False,False,True,False,False,1475880090,,,,,,,5.900277276854045e+18,,3549.0,0.0,"{'_': 'MessageReplies', 'replies': 0, 'replies_pts': 4701, 'comments': True, 'recent_repliers': [], 'channel_id': 1194086373, 'max_id': None, 'read_max_id': None}",2024-02-01T19:57:04+00:00,,,,[],
apkmaza_net,https://t.me/apkmaza_net,7305,2024-02-01 20:10:32,<NRP> MOD APK v5.12.7 (PRO Unlocked + No Watermark) 2024,False,False,False,False,True,False,False,True,False,False,1475880090,,,,,,,5.900277276854045e+18,,3249.0,2.0,"{'_': 'MessageReplies', 'replies': 0, 'replies_pts': 4701, 'comments': True, 'recent_repliers': [], 'channel_id': 1194086373, 'max_id': None, 'read_max_id': None}",2024-02-01T20:10:37+00:00,,,,[],
apkmaza_net,https://t.me/apkmaza_net,7306,2024-02-01 20:28:02,Simply Piano by JoyTunes MOD APK v7.22.6 (Premium Unlocked),False,False,False,False,True,False,False,True,False,False,1475880090,,,,,,,5.900277276854045e+18,,3020.0,1.0,"{'_': 'MessageReplies', 'replies': 0, 'replies_pts': 4701, 'comments': True, 'recent_repliers': [], 'channel_id': 1194086373, 'max_id': None, 'read_max_id': None}",2024-02-01T20:28:06+00:00,,,,[],
apkmaza_net,https://t.me/apkmaza_net,7307,2024-02-01 20:49:04,Perfect Me MOD APK v8.7.1 (Premium Unlocked) Download,False,False,False,False,True,False,False,True,False,False,1475880090,,,,,,,5.900277276854045e+18,,3152.0,0.0,"{'_': 'MessageReplies', 'replies': 0, 'replies_pts': 4701, 'comments': True, 'recent_repliers': [], 'channel_id': 1194086373, 'max_id': None, 'read_max_id': None}",2024-02-01T20:49:09+00:00,,,,[],
apkmaza_net,https://t.me/apkmaza_net,7308,2024-02-01 21:08:03,<PERSON> MOD APK v2.35.755 (No Watermark / Premium Unlocked) 2024,False,False,False,False,True,False,False,True,False,False,1475880090,,,,,,,5.900277276854045e+18,,3496.0,0.0,"{'_': 'MessageReplies', 'replies': 1, 'replies_pts': 4701, 'comments': True, 'recent_repliers': [{'_': 'PeerUser', 'user_id': 6641071264}], 'channel_id': 1194086373, 'max_id': 2827, 'read_max_id': None}",2024-02-01T21:08:08+00:00,,,,[],
apkmaza_net,https://t.me/apkmaza_net,7309,2024-02-01 21:30:25,NewProfilePic MOD APK v0.5.28 (Premium Unlocked) 2024,False,False,False,False,True,False,False,True,False,False,1475880090,,,,,,,5.900277276854045e+18,,3525.0,5.0,"{'_': 'MessageReplies', 'replies': 0, 'replies_pts': 4701, 'comments': True, 'recent_repliers': [], 'channel_id': 1194086373, 'max_id': None, 'read_max_id': None}",2024-02-01T21:30:29+00:00,,,,[],
apkmaza_net,https://t.me/apkmaza_net,7310,2024-02-01 21:45:23,YMusic MOD APK v3.8.11 (Premium Unlocked) Download <DATE_TIME>,False,False,False,False,True,False,False,True,False,False,1475880090,,,,,,,5.900277276854045e+18,,3475.0,0.0,"{'_': 'MessageReplies', 'replies': 1, 'replies_pts': 4701, 'comments': True, 'recent_repliers': [{'_': 'PeerUser', 'user_id': 6433653606}], 'channel_id': 1194086373, 'max_id': 2790, 'read_max_id': None}",2024-02-01T21:45:27+00:00,,,,[],
apkmaza_net,https://t.me/apkmaza_net,7311,2024-02-01 22:06:02,pixiv MOD APK v6.97.0 (No Ads + All Unlocked) 2024,False,False,False,False,True,False,False,True,False,False,1475880090,,,,,,,5.900277276854045e+18,,3932.0,1.0,"{'_': 'MessageReplies', 'replies': 0, 'replies_pts': 4701, 'comments': True, 'recent_repliers': [], 'channel_id': 1194086373, 'max_id': None, 'read_max_id': None}",2024-02-01T22:06:05+00:00,,,,[],
apkmaza_net,https://t.me/apkmaza_net,7312,2024-02-01 22:31:02,Adguard MOD APK v4.4.48 (Nightly) (Pro / Premium Unlocked),False,False,False,False,True,False,False,True,False,False,1475880090,,,,,,,5.900277276854045e+18,,4286.0,3.0,"{'_': 'MessageReplies', 'replies': 0, 'replies_pts': 4701, 'comments': True, 'recent_repliers': [], 'channel_id': 1194086373, 'max_id': None, 'read_max_id': None}",2024-02-01T22:31:05+00:00,,,,[],
apkmaza_net,https://t.me/apkmaza_net,7313,2024-02-01 23:01:37,<PERSON> VISION APK v2.6.2r (Unlocked) – Your Gateway to Movies,False,False,False,False,True,False,False,True,False,False,1475880090,,,,,,,5.900277276854045e+18,,4411.0,1.0,"{'_': 'MessageReplies', 'replies': 4, 'replies_pts': 4701, 'comments': True, 'recent_repliers': [{'_': 'PeerUser', 'user_id': 6300820020}, {'_': 'PeerUser', 'user_id': 6376341160}, {'_': 'PeerUser', 'user_id': 1240062938}], 'channel_id': 1194086373, 'max_id': 2803, 'read_max_id': None}",2024-02-01T23:01:40+00:00,,,,[],
apkmaza_net,https://t.me/apkmaza_net,7314,2024-02-04 09:22:38,Shazam MOD APK v14.10.1-240130 (Premium Unlocked / No Ads),False,False,False,False,True,False,False,True,False,False,1475880090,,,,,,,5.908836171717394e+18,,3600.0,3.0,"{'_': 'MessageReplies', 'replies': 0, 'replies_pts': 4701, 'comments': True, 'recent_repliers': [], 'channel_id': 1194086373, 'max_id': None, 'read_max_id': None}",2024-02-04T09:22:42+00:00,,,,[],
apkmaza_net,https://t.me/apkmaza_net,7315,2024-02-04 09:32:01,Flud+ MOD APK v1.11.0.5 (Paid+ All Unlocked),False,False,False,False,True,False,False,True,False,False,1475880090,,,,,,,5.908836171717394e+18,,3624.0,3.0,"{'_': 'MessageReplies', 'replies': 0, 'replies_pts': 4701, 'comments': True, 'recent_repliers': [], 'channel_id': 1194086373, 'max_id': None, 'read_max_id': None}",2024-02-04T09:32:04+00:00,,,,[],
apkmaza_net,https://t.me/apkmaza_net,7316,2024-02-04 09:43:01,AVG Cleaner MOD APK v24.02.0 (Premium Unlocked) Free App,False,False,False,False,True,False,False,True,False,False,1475880090,,,,,,,5.908836171717394e+18,,3407.0,1.0,"{'_': 'MessageReplies', 'replies': 0, 'replies_pts': 4701, 'comments': True, 'recent_repliers': [], 'channel_id': 1194086373, 'max_id': None, 'read_max_id': None}",2024-02-04T09:43:04+00:00,,,,[],
apkmaza_net,https://t.me/apkmaza_net,7317,2024-02-04 10:03:01,Avast Cleanup MOD APK v24.02.0 (Premium Unlocked) Download <DATE_TIME>,False,False,False,False,True,False,False,True,False,False,1475880090,,,,,,,5.908836171717394e+18,,3359.0,1.0,"{'_': 'MessageReplies', 'replies': 0, 'replies_pts': 4701, 'comments': True, 'recent_repliers': [], 'channel_id': 1194086373, 'max_id': None, 'read_max_id': None}",2024-02-04T10:03:04+00:00,,,,[],
apkmaza_net,https://t.me/apkmaza_net,7318,2024-02-04 10:14:01,<PERSON> MOD APK v3.5.4 (Pro / VIP Unlocked) Download <DATE_TIME>,False,False,False,False,True,False,False,True,False,False,1475880090,,,,,,,5.908836171717394e+18,,3447.0,2.0,"{'_': 'MessageReplies', 'replies': 0, 'replies_pts': 4701, 'comments': True, 'recent_repliers': [], 'channel_id': 1194086373, 'max_id': None, 'read_max_id': None}",2024-02-04T10:14:04+00:00,,,,[],
apkmaza_net,https://t.me/apkmaza_net,7319,2024-02-04 10:25:12,WPS Office MOD APK Latest v18.7 (Premium Unlocked),False,False,False,False,True,False,False,True,False,False,1475880090,,,,,,,5.908836171717394e+18,,3524.0,3.0,"{'_': 'MessageReplies', 'replies': 0, 'replies_pts': 4701, 'comments': True, 'recent_repliers': [], 'channel_id': 1194086373, 'max_id': None, 'read_max_id': None}",2024-02-04T10:25:15+00:00,,,,[],
apkmaza_net,https://t.me/apkmaza_net,7320,2024-02-04 10:36:01,Adobe Express: Graphic Design MOD APK v8.25.3 (Pro Unlocked),False,False,False,False,True,False,False,True,False,False,1475880090,,,,,,,5.908836171717394e+18,,3642.0,2.0,"{'_': 'MessageReplies', 'replies': 0, 'replies_pts': 4701, 'comments': True, 'recent_repliers': [], 'channel_id': 1194086373, 'max_id': None, 'read_max_id': None}",2024-02-04T10:36:04+00:00,,,,[],
apkmaza_net,https://t.me/apkmaza_net,7321,2024-02-04 10:44:01,"The Economist App v3.45.0 (All Unlocked, No Ads) 2024 Latest",False,False,False,False,True,False,False,True,False,False,1475880090,,,,,,,5.908836171717394e+18,,4079.0,1.0,"{'_': 'MessageReplies', 'replies': 0, 'replies_pts': 4701, 'comments': True, 'recent_repliers': [], 'channel_id': 1194086373, 'max_id': None, 'read_max_id': None}",2024-02-04T10:44:04+00:00,,,,[],
apkmaza_net,https://t.me/apkmaza_net,7322,2024-02-04 10:55:10,<PERSON> Exercise For Women MOD APK v3.0.314 (The Best Kegel Trainer App),False,False,False,False,True,False,False,True,False,False,1475880090,,,,,,,5.908836171717394e+18,,4628.0,3.0,"{'_': 'MessageReplies', 'replies': 1, 'replies_pts': 4701, 'comments': True, 'recent_repliers': [{'_': 'PeerUser', 'user_id': 1284128915}], 'channel_id': 1194086373, 'max_id': 2822, 'read_max_id': None}",2024-02-04T10:55:13+00:00,,,,[],
apkmaza_net,https://t.me/apkmaza_net,7323,2024-02-04 10:59:01,"YouTube ReVanced MOD APK v19.04.36 (Premium, No Ads) Download",False,False,False,False,True,False,False,True,False,False,1475880090,,,,,,,5.908836171717394e+18,,4936.0,10.0,"{'_': 'MessageReplies', 'replies': 0, 'replies_pts': 4701, 'comments': True, 'recent_repliers': [], 'channel_id': 1194086373, 'max_id': None, 'read_max_id': None}",2024-02-04T10:59:04+00:00,,,,[],
apkmaza_net,https://t.me/apkmaza_net,7324,2024-02-05 09:27:46,Home Workouts MOD APK v1.2.18 (Premium) – No Equipment,False,False,False,False,True,False,False,True,False,False,1475880090,,,,,,,5.911216236434408e+18,,4789.0,8.0,"{'_': 'MessageReplies', 'replies': 1, 'replies_pts': 4701, 'comments': True, 'recent_repliers': [{'_': 'PeerUser', 'user_id': 46383326}], 'channel_id': 1194086373, 'max_id': 2824, 'read_max_id': None}",2024-02-05T09:27:49+00:00,,,,[],
apkmaza_net,https://t.me/apkmaza_net,7325,2024-02-09 20:18:04,TapScanner MOD APK v3.0.5 (Pro Unlocked / No Ads),False,False,False,False,True,False,False,True,False,False,1475880090,,,,,,,5.92248418621468e+18,,3065.0,2.0,"{'_': 'MessageReplies', 'replies': 0, 'replies_pts': 4701, 'comments': True, 'recent_repliers': [], 'channel_id': 1194086373, 'max_id': None, 'read_max_id': None}",2024-02-09T20:18:07+00:00,,,,[],
apkmaza_net,https://t.me/apkmaza_net,7326,2024-02-09 21:29:01,ToonMe Pro MOD APK v0.6.109 (No Watermark/Pro Unlocked),False,False,False,False,True,False,False,True,False,False,1475880090,,,,,,,5.92248418621468e+18,,3117.0,2.0,"{'_': 'MessageReplies', 'replies': 0, 'replies_pts': 4701, 'comments': True, 'recent_repliers': [], 'channel_id': 1194086373, 'max_id': None, 'read_max_id': None}",2024-02-09T21:29:04+00:00,,,,[],
apkmaza_net,https://t.me/apkmaza_net,7327,2024-02-09 22:10:20,PicShot Photo Editor MOD APK v6.7.5.1 (Pro Unlocked),False,False,False,False,True,False,False,True,False,False,1475880090,,,,,,,5.92248418621468e+18,,2921.0,0.0,"{'_': 'MessageReplies', 'replies': 1, 'replies_pts': 4701, 'comments': True, 'recent_repliers': [{'_': 'PeerUser', 'user_id': 5810668928}], 'channel_id': 1194086373, 'max_id': 2835, 'read_max_id': None}",2024-02-09T22:10:23+00:00,,,,[],
apkmaza_net,https://t.me/apkmaza_net,7328,2024-02-09 22:38:01,OfficeSuite MOD APK v14.2.50882 (Premium Unlocked) Download,False,False,False,False,True,False,False,True,False,False,1475880090,,,,,,,5.92248418621468e+18,,2744.0,2.0,"{'_': 'MessageReplies', 'replies': 0, 'replies_pts': 4701, 'comments': True, 'recent_repliers': [], 'channel_id': 1194086373, 'max_id': None, 'read_max_id': None}",2024-02-09T22:38:04+00:00,,,,[],
apkmaza_net,https://t.me/apkmaza_net,7329,2024-02-09 23:18:01,Audiomack MOD APK v6.36.0 (Premium Unlocked + No Ads),False,False,False,False,True,False,False,True,False,False,1475880090,,,,,,,5.92248418621468e+18,,3022.0,1.0,"{'_': 'MessageReplies', 'replies': 0, 'replies_pts': 4701, 'comments': True, 'recent_repliers': [], 'channel_id': 1194086373, 'max_id': None, 'read_max_id': None}",2024-02-09T23:18:04+00:00,,,,[],
apkmaza_net,https://t.me/apkmaza_net,7330,2024-02-09 23:50:09,Adobe Photoshop Express MOD APK v12.6.295 (Premium Unlocked) 2024,False,False,False,False,True,False,False,True,False,False,1475880090,,,,,,,5.92248418621468e+18,,3465.0,3.0,"{'_': 'MessageReplies', 'replies': 1, 'replies_pts': 4701, 'comments': True, 'recent_repliers': [{'_': 'PeerUser', 'user_id': 5828832520}], 'channel_id': 1194086373, 'max_id': 2870, 'read_max_id': None}",2024-02-09T23:50:12+00:00,,,,[],
apkmaza_net,https://t.me/apkmaza_net,7331,2024-02-10 00:20:08,Adguard MOD APK v4.4.60 (Nightly) (Pro / Premium Unlocked),False,False,False,False,True,False,False,True,False,False,1475880090,,,,,,,5.92248418621468e+18,,3594.0,2.0,"{'_': 'MessageReplies', 'replies': 0, 'replies_pts': 4701, 'comments': True, 'recent_repliers': [], 'channel_id': 1194086373, 'max_id': None, 'read_max_id': None}",2024-02-10T00:20:11+00:00,,,,[],
apkmaza_net,https://t.me/apkmaza_net,7332,2024-02-10 00:55:05,TeaTV MOD APK v10.7.9r (Ads Free Version),False,False,False,False,True,False,False,True,False,False,1475880090,,,,,,,5.92248418621468e+18,,3468.0,1.0,"{'_': 'MessageReplies', 'replies': 2, 'replies_pts': 4701, 'comments': True, 'recent_repliers': [{'_': 'PeerUser', 'user_id': 5598313566}, {'_': 'PeerUser', 'user_id': 986460315}], 'channel_id': 1194086373, 'max_id': 2949, 'read_max_id': None}",2024-02-10T00:55:09+00:00,,,,[],
apkmaza_net,https://t.me/apkmaza_net,7333,2024-02-10 01:41:01,Xnxx MOD APK v1.30 (+18 Content) (No Ads + All Unlocked),False,False,False,False,True,False,False,True,True,False,1475880090,,,,,,,5.92248418621468e+18,,3404.0,12.0,"{'_': 'MessageReplies', 'replies': 2, 'replies_pts': 4701, 'comments': True, 'recent_repliers': [{'_': 'PeerUser', 'user_id': 1160830682}, {'_': 'PeerUser', 'user_id': 5417241747}], 'channel_id': 1194086373, 'max_id': 2845, 'read_max_id': None}",2024-02-10T01:41:04+00:00,,,,[],
apkmaza_net,https://t.me/apkmaza_net,7334,2024-02-10 02:20:07,<PERSON> VISION APK v2.6.3r (Unlocked) – Your Gateway to Movies,False,False,False,False,True,False,False,True,False,False,1475880090,,,,,,,5.92248418621468e+18,,3962.0,5.0,"{'_': 'MessageReplies', 'replies': 0, 'replies_pts': 4701, 'comments': True, 'recent_repliers': [], 'channel_id': 1194086373, 'max_id': None, 'read_max_id': None}",2024-02-10T02:20:10+00:00,,,,[],
apkmaza_net,https://t.me/apkmaza_net,7335,2024-02-11 15:41:41,PicsApp Photo Editor MOD APK v1.9.7.6 (Pro Unlocked) 2024,False,False,False,False,True,False,False,True,False,False,1475880090,,,,,,,5.929486915642442e+18,,3270.0,1.0,"{'_': 'MessageReplies', 'replies': 0, 'replies_pts': 4701, 'comments': True, 'recent_repliers': [], 'channel_id': 1194086373, 'max_id': None, 'read_max_id': None}",2024-02-11T15:41:46+00:00,,,,[],
apkmaza_net,https://t.me/apkmaza_net,7336,2024-02-11 16:30:30,"<PERSON> MOD APK v6.2.1 (Premium, All Unlocked)",False,False,False,False,True,False,False,True,False,False,1475880090,,,,,,,5.929486915642442e+18,,3013.0,1.0,"{'_': 'MessageReplies', 'replies': 0, 'replies_pts': 4701, 'comments': True, 'recent_repliers': [], 'channel_id': 1194086373, 'max_id': None, 'read_max_id': None}",2024-02-11T16:30:35+00:00,,,,[],
apkmaza_net,https://t.me/apkmaza_net,7337,2024-02-11 16:52:01,GoCut MOD APK v3.0.2 (Ads-Free/Premium Unlocked),False,False,False,False,True,False,False,True,False,False,1475880090,,,,,,,5.929486915642442e+18,,2937.0,0.0,"{'_': 'MessageReplies', 'replies': 0, 'replies_pts': 4701, 'comments': True, 'recent_repliers': [], 'channel_id': 1194086373, 'max_id': None, 'read_max_id': None}",2024-02-11T16:52:04+00:00,,,,[],
apkmaza_net,https://t.me/apkmaza_net,7338,2024-02-11 17:30:32,khttps://apkmaza.net/castify/,False,False,False,False,True,False,False,True,False,False,1475880090,,,,,,,5.929486915642442e+18,,3124.0,4.0,"{'_': 'MessageReplies', 'replies': 1, 'replies_pts': 4701, 'comments': True, 'recent_repliers': [{'_': 'PeerUser', 'user_id': 5560300235}], 'channel_id': 1194086373, 'max_id': 2852, 'read_max_id': None}",2024-02-11T17:30:37+00:00,,,,[],
apkmaza_net,https://t.me/apkmaza_net,7339,2024-02-11 17:53:01,Download Alora MOD APK v0.198 (Subscription Unlocked) 2024,False,False,False,False,True,False,False,True,False,False,1475880090,,,,,,,5.929486915642442e+18,,3477.0,0.0,"{'_': 'MessageReplies', 'replies': 0, 'replies_pts': 4701, 'comments': True, 'recent_repliers': [], 'channel_id': 1194086373, 'max_id': None, 'read_max_id': None}",2024-02-11T17:53:05+00:00,,,,[],
apkmaza_net,https://t.me/apkmaza_net,7340,2024-02-11 18:30:51,MX Player MOD APK v1.80.3 (No Ads – Removed Trackers),False,False,False,False,True,False,False,True,False,False,1475880090,,,,,,,5.929486915642442e+18,,3432.0,9.0,"{'_': 'MessageReplies', 'replies': 4, 'replies_pts': 4701, 'comments': True, 'recent_repliers': [{'_': 'PeerUser', 'user_id': 1284128915}, {'_': 'PeerUser', 'user_id': 5560827061}, {'_': 'PeerUser', 'user_id': 6364869772}], 'channel_id': 1194086373, 'max_id': 2900, 'read_max_id': None}",2024-02-11T18:30:55+00:00,,,,[],
apkmaza_net,https://t.me/apkmaza_net,7341,2024-02-11 18:54:02,Download IPTV Pro MOD APK v7.1.4 (Paid Unlocked) 2024,False,False,False,False,True,False,False,True,False,False,1475880090,,,,,,,5.929486915642442e+18,,3942.0,5.0,"{'_': 'MessageReplies', 'replies': 4, 'replies_pts': 4701, 'comments': True, 'recent_repliers': [{'_': 'PeerUser', 'user_id': 1192975191}, {'_': 'PeerUser', 'user_id': 6158449290}, {'_': 'PeerUser', 'user_id': 5249270957}], 'channel_id': 1194086373, 'max_id': 2863, 'read_max_id': None}",2024-02-11T18:54:05+00:00,,,,[],
apkmaza_net,https://t.me/apkmaza_net,7342,2024-02-13 09:32:19,Photify AI MOD APK v1.1.3 (Unlocked) – The Ultimate Photo Editor,False,False,False,False,True,False,False,True,False,False,1475880090,,,,,,,5.933753450254941e+18,,3576.0,1.0,"{'_': 'MessageReplies', 'replies': 2, 'replies_pts': 4701, 'comments': True, 'recent_repliers': [{'_': 'PeerUser', 'user_id': 2076640318}, {'_': 'PeerUser', 'user_id': 6971043480}], 'channel_id': 1194086373, 'max_id': 2921, 'read_max_id': None}",2024-02-13T09:32:23+00:00,,,,[],
apkmaza_net,https://t.me/apkmaza_net,7343,2024-02-13 10:20:00,"YouTube ReVanced MOD APK v19.04.38 (Premium, No Ads) Download",False,False,False,False,True,False,False,True,False,False,1475880090,,,,,,,5.933753450254941e+18,,3082.0,4.0,"{'_': 'MessageReplies', 'replies': 2, 'replies_pts': 4701, 'comments': True, 'recent_repliers': [{'_': 'PeerUser', 'user_id': 6915008634}, {'_': 'PeerUser', 'user_id': 921642309}], 'channel_id': 1194086373, 'max_id': 2875, 'read_max_id': None}",2024-02-13T10:20:03+00:00,,,,[],
apkmaza_net,https://t.me/apkmaza_net,7344,2024-02-13 10:43:00,UK <NRP> MOD APK v1.1.2 (Unlocked + Ad-Free) 2024,False,False,False,False,True,False,False,True,False,False,1475880090,,,,,,,5.933753450254941e+18,,2987.0,1.0,"{'_': 'MessageReplies', 'replies': 0, 'replies_pts': 4701, 'comments': True, 'recent_repliers': [], 'channel_id': 1194086373, 'max_id': None, 'read_max_id': None}",2024-02-13T10:43:03+00:00,,,,[],
apkmaza_net,https://t.me/apkmaza_net,7345,2024-02-13 11:10:00,JioCinema MOD APK v24.02.010 (Ads Removed + No Google) 2024,False,False,False,False,True,False,False,True,False,False,1475880090,,,,,,,5.933753450254941e+18,,3427.0,2.0,"{'_': 'MessageReplies', 'replies': 0, 'replies_pts': 4701, 'comments': True, 'recent_repliers': [], 'channel_id': 1194086373, 'max_id': None, 'read_max_id': None}",2024-02-13T11:10:03+00:00,,,,[],
apkmaza_net,https://t.me/apkmaza_net,7346,2024-02-13 12:39:59,"Eroflix MOD APK v10.2 (+18 Content) (Premium, Ad-Free) – Classic Erotic Movies",False,False,False,False,True,False,False,True,False,False,1475880090,,,,,,,5.933753450254941e+18,,3630.0,3.0,"{'_': 'MessageReplies', 'replies': 2, 'replies_pts': 4701, 'comments': True, 'recent_repliers': [{'_': 'PeerUser', 'user_id': 5732869518}], 'channel_id': 1194086373, 'max_id': 2872, 'read_max_id': None}",2024-02-13T12:40:02+00:00,,,,[],
apkmaza_net,https://t.me/apkmaza_net,7347,2024-02-14 09:41:15,,False,False,False,False,True,,False,,,,1475880090,,,,7333.0,False,False,,,,,,,,,,,
apkmaza_net,https://t.me/apkmaza_net,7348,2024-02-14 09:52:01,"EUT VPN MOD APK v1.7.1 (Premium, All Unlocked) Download",False,False,False,False,True,False,False,True,False,False,1475880090,,,,,,,5.938204092935553e+18,,2862.0,2.0,"{'_': 'MessageReplies', 'replies': 3, 'replies_pts': 4701, 'comments': True, 'recent_repliers': [{'_': 'PeerUser', 'user_id': 870830861}, {'_': 'PeerUser', 'user_id': 6687504280}], 'channel_id': 1194086373, 'max_id': 2910, 'read_max_id': None}",2024-02-14T09:52:04+00:00,,,,[],
apkmaza_net,https://t.me/apkmaza_net,7349,2024-02-14 10:03:00,GoPro Quik MOD APK v12.8.1 (Premium + All Unlocked) Latest,False,False,False,False,True,False,False,True,False,False,1475880090,,,,,,,5.938204092935553e+18,,3014.0,2.0,"{'_': 'MessageReplies', 'replies': 0, 'replies_pts': 4701, 'comments': True, 'recent_repliers': [], 'channel_id': 1194086373, 'max_id': None, 'read_max_id': None}",2024-02-14T10:03:03+00:00,,,,[],
apkmaza_net,https://t.me/apkmaza_net,7350,2024-02-14 10:14:00,Flixoid MOD APK v1.<IP_ADDRESS> (All Unlocked) Download,False,False,False,False,True,False,False,True,False,False,1475880090,,,,,,,5.938204092935553e+18,,3081.0,1.0,"{'_': 'MessageReplies', 'replies': 0, 'replies_pts': 4701, 'comments': True, 'recent_repliers': [], 'channel_id': 1194086373, 'max_id': None, 'read_max_id': None}",2024-02-14T10:14:03+00:00,,,,[],
apkmaza_net,https://t.me/apkmaza_net,7351,2024-02-14 10:23:00,"YouTube ReVanced MOD APK v19.05.36 (Premium, No Ads) Download",False,False,False,False,True,False,False,True,False,False,1475880090,,,,,,,5.938204092935553e+18,,3390.0,9.0,"{'_': 'MessageReplies', 'replies': 4, 'replies_pts': 4701, 'comments': True, 'recent_repliers': [{'_': 'PeerUser', 'user_id': 6956862260}, {'_': 'PeerUser', 'user_id': 1461855641}, {'_': 'PeerUser', 'user_id': 6915008634}], 'channel_id': 1194086373, 'max_id': 2902, 'read_max_id': None}",2024-02-14T10:23:03+00:00,,,,[],
apkmaza_net,https://t.me/apkmaza_net,7352,2024-02-15 15:29:34,Telegram MOD APK v10.8.0 (Premium Unlocked / No Ads) 2024,False,False,False,False,True,False,False,True,False,False,1475880090,,,,,,,5.940791510083683e+18,,3041.0,5.0,"{'_': 'MessageReplies', 'replies': 0, 'replies_pts': 4701, 'comments': True, 'recent_repliers': [], 'channel_id': 1194086373, 'max_id': None, 'read_max_id': None}",2024-02-15T15:29:38+00:00,,,,[],
apkmaza_net,https://t.me/apkmaza_net,7353,2024-02-15 15:49:59,"TeraBox MOD APK v3.24.0 (Premium Version, No Ads) Download",False,False,False,False,True,False,False,True,False,False,1475880090,,,,,,,5.940791510083683e+18,,3113.0,4.0,"{'_': 'MessageReplies', 'replies': 1, 'replies_pts': 4701, 'comments': True, 'recent_repliers': [{'_': 'PeerUser', 'user_id': 6525826165}], 'channel_id': 1194086373, 'max_id': 2945, 'read_max_id': None}",2024-02-15T15:50:03+00:00,,,,[],
apkmaza_net,https://t.me/apkmaza_net,7354,2024-02-15 16:09:59,SnapTube MOD APK v7.15.0.71560210 (VIP Unlocked + No Ads),False,False,False,False,True,False,False,True,False,False,1475880090,,,,,,,5.940791510083683e+18,,3245.0,4.0,"{'_': 'MessageReplies', 'replies': 1, 'replies_pts': 4701, 'comments': True, 'recent_repliers': [{'_': 'PeerUser', 'user_id': 6687504280}], 'channel_id': 1194086373, 'max_id': 2909, 'read_max_id': None}",2024-02-15T16:10:03+00:00,,,,[],
apkmaza_net,https://t.me/apkmaza_net,7355,2024-02-17 20:10:23,Lj Video Downloader MOD APK v1.1.46 (Unlocked All),False,False,False,False,True,False,False,True,False,False,1475880090,,,,,,,5.947198175360172e+18,,2301.0,1.0,"{'_': 'MessageReplies', 'replies': 0, 'replies_pts': 4701, 'comments': True, 'recent_repliers': [], 'channel_id': 1194086373, 'max_id': None, 'read_max_id': None}",2024-02-17T20:10:28+00:00,,,,[],
apkmaza_net,https://t.me/apkmaza_net,7356,2024-02-17 20:35:18,<NRP> MOD APK v5.139.5 (Premium Unlocked) 2024,False,False,False,False,True,False,False,True,False,False,1475880090,,,,,,,5.947198175360172e+18,,2410.0,2.0,"{'_': 'MessageReplies', 'replies': 2, 'replies_pts': 4701, 'comments': True, 'recent_repliers': [{'_': 'PeerUser', 'user_id': 1644766429}, {'_': 'PeerUser', 'user_id': 921642309}], 'channel_id': 1194086373, 'max_id': 2939, 'read_max_id': None}",2024-02-17T20:35:22+00:00,,,,[],
apkmaza_net,https://t.me/apkmaza_net,7357,2024-02-17 20:48:01,<NRP> MOD APK v31.15.0 (Premium Unlocked + No Ads),False,False,False,False,True,False,False,True,False,False,1475880090,,,,,,,5.947198175360172e+18,,2417.0,0.0,"{'_': 'MessageReplies', 'replies': 0, 'replies_pts': 4701, 'comments': True, 'recent_repliers': [], 'channel_id': 1194086373, 'max_id': None, 'read_max_id': None}",2024-02-17T20:48:05+00:00,,,,[],
apkmaza_net,https://t.me/apkmaza_net,7358,2024-02-17 21:19:01,UTS (Unreserved Train Tickets) MOD APK v15.1.28 (No Ads) 2024,False,False,False,False,True,False,False,True,False,False,1475880090,,,,,,,5.947198175360172e+18,,2455.0,1.0,"{'_': 'MessageReplies', 'replies': 0, 'replies_pts': 4701, 'comments': True, 'recent_repliers': [], 'channel_id': 1194086373, 'max_id': None, 'read_max_id': None}",2024-02-17T21:19:05+00:00,,,,[],
apkmaza_net,https://t.me/apkmaza_net,7359,2024-02-17 21:38:01,Malloc MOD APK v2024.02.140 (Premium Unlocked) 2024,False,False,False,False,True,False,False,True,False,False,1475880090,,,,,,,5.947198175360172e+18,,2880.0,0.0,"{'_': 'MessageReplies', 'replies': 0, 'replies_pts': 4701, 'comments': True, 'recent_repliers': [], 'channel_id': 1194086373, 'max_id': None, 'read_max_id': None}",2024-02-17T21:38:04+00:00,,,,[],
apkmaza_net,https://t.me/apkmaza_net,7360,2024-02-17 22:25:15,Telegram MOD APK v10.8.1 (Premium Unlocked / No Ads) 2024,False,False,False,False,True,False,False,True,False,False,1475880090,,,,,,,5.947198175360172e+18,,3011.0,2.0,"{'_': 'MessageReplies', 'replies': 0, 'replies_pts': 4701, 'comments': True, 'recent_repliers': [], 'channel_id': 1194086373, 'max_id': None, 'read_max_id': None}",2024-02-17T22:25:18+00:00,,,,[],
apkmaza_net,https://t.me/apkmaza_net,7361,2024-02-17 22:41:01,Castle MOD APK v1.8.8 (Unlocked) – Your Ultimate Entertainment Companion,False,False,False,False,True,False,False,True,False,False,1475880090,,,,,,,5.947198175360172e+18,,3001.0,3.0,"{'_': 'MessageReplies', 'replies': 8, 'replies_pts': 4701, 'comments': True, 'recent_repliers': [{'_': 'PeerUser', 'user_id': 5022147492}, {'_': 'PeerUser', 'user_id': 324782974}, {'_': 'PeerUser', 'user_id': 6662053950}], 'channel_id': 1194086373, 'max_id': 2954, 'read_max_id': None}",2024-02-17T22:41:04+00:00,,,,[],
