Channel ID,URL,Post ID,date,message,out,mentioned,media_unread,silent,post,from_scheduled,legacy,edit_hide,pinned,noforwards,peer_channel,from_id_user,fwd_from,via_bot_id,reply_to_msg_id,reply_to_scheduled,forum_topic,media_photo_id,reply_markup,views,forwards,replies,edit_date,post_author,grouped_id,reactions,restriction_reason,ttl_period
apkresult,https://t.me/apkresult,816,2024-01-02 16:37:00,https://t.me/apkresult?boost,False,False,False,False,True,False,False,False,False,False,1690419201,,,,,,,,,6097,0,,,,,,[],
apkresult,https://t.me/apkresult,817,2024-02-05 16:03:05,https://apkresult.in/,False,False,False,False,True,False,False,False,False,False,1690419201,,,,,,,,,2817,0,,,,,,[],
apkresult,https://t.me/apkresult,818,2024-02-05 16:05:53,"Apkresult.com website is currently down due to unexpected technical issues. Please visit <PERSON> which is also the official domain of Apkresult, to safely access all the services and downloads during the maintenance.",False,False,False,False,True,False,False,False,False,False,1690419201,,,,817.0,False,False,,,3028,1,,2024-02-05T16:06:15+00:00,,,,[],
apkresult,https://t.me/apkresult,819,2024-02-21 13:20:24,https://apkbharat.com/en/flyme-earning-apk,False,False,False,False,True,False,False,False,False,False,1690419201,,,,,,,,,1153,0,,2024-02-21T13:21:39+00:00,,,,[],
apkresult,https://t.me/apkresult,821,2024-02-21 13:32:00,<PERSON>,False,False,False,False,True,False,False,True,False,False,1690419201,,,,,,,,,1155,0,"{'_': 'MessageReplies', 'replies': 0, 'replies_pts': 2799, 'comments': True, 'recent_repliers': [], 'channel_id': 1377229395, 'max_id': None, 'read_max_id': None}",2024-02-21T14:15:29+00:00,,,"{'_': 'MessageReactions', 'results': [{'_': 'ReactionCount', 'reaction': {'_': 'ReactionEmoji', 'emoticon': '👍'}, 'count': 3, 'chosen_order': None}], 'min': False, 'can_see_list': False, 'reactions_as_tags': False, 'recent_reactions': []}",[],
apkresult,https://t.me/apkresult,822,2024-02-24 13:20:49,https://apkbharat.com/en/radish-rumble-mod-apk,False,False,False,False,True,False,False,True,False,False,1690419201,,,,,,,,,448,0,"{'_': 'MessageReplies', 'replies': 1, 'replies_pts': 2799, 'comments': True, 'recent_repliers': [{'_': 'PeerUser', 'user_id': 1472111300}], 'channel_id': 1377229395, 'max_id': 2216, 'read_max_id': None}",2024-02-24T13:20:52+00:00,,,,[],
