Channel ID,URL,Post ID,date,message,out,mentioned,media_unread,silent,post,from_scheduled,legacy,edit_hide,pinned,noforwards,peer_channel,from_id_user,fwd_from,via_bot_id,reply_to_msg_id,reply_to_scheduled,forum_topic,media_photo_id,reply_markup,views,forwards,replies,edit_date,post_author,grouped_id,reactions,restriction_reason,ttl_period
droidapks,https://t.me/droidapks,176,2024-01-07 11:17:34,"Convert Torrents & YouTube Videos to DDL (Direct Download Links) & More

By The GamesDrive Community 

📣How it Works:
1 - Create private channel
2 - Add bot to your channel as admin @gamesdrivenet_bot
3 - Get channel id by forwarding any message to <NRP>
4 - Do /usetting in their group then choose <PERSON> then <PERSON> destination
5 - Enter the id you got from @my_id_bot  now it should send all your new requests to that channel instead.

Tap the Button Below to Join 👇🏼",False,False,False,False,True,False,False,False,False,False,1297717832,,,,,,,5.823468920705761e+18,"{'_': 'ReplyInlineMarkup', 'rows': [{'_': 'KeyboardButtonRow', 'buttons': [{'_': 'KeyboardButtonUrl', 'text': 'Join GamesDrive', 'url': 'https://t.me/+qkrAOiq7k7ozNzRk'}]}, {'_': 'KeyboardButtonRow', 'buttons': [{'_': 'KeyboardButtonUrl', 'text': 'Chat Group', 'url': 'https://t.me/+orrvWq7LuEAyYzEx'}]}]}",3047,33,,2024-01-08T14:33:35+00:00,,,"{'_': 'MessageReactions', 'results': [{'_': 'ReactionCount', 'reaction': {'_': 'ReactionEmoji', 'emoticon': '🔥'}, 'count': 3, 'chosen_order': None}, {'_': 'ReactionCount', 'reaction': {'_': 'ReactionEmoji', 'emoticon': '👍'}, 'count': 1, 'chosen_order': None}], 'min': False, 'can_see_list': False, 'reactions_as_tags': False, 'recent_reactions': []}",[],
droidapks,https://t.me/droidapks,185,2024-01-17 22:11:36,"Samsung has unveiled the new Galaxy S24 series, featuring cutting-edge mobile AI technology that promises to enhance everyday experiences.

The Galaxy AI brings innovative features like Live Translate for real-time voice and text translations, AI-powered note-taking, and a gesture-driven Circle to Search function for intuitive online searches. 

Additionally, the ProVisual Engine in the Galaxy S24 series offers advanced AI-powered tools for photography and video editing, making it easier for users to capture and share high-quality content.

More info in comments 🔽",False,False,False,False,True,False,False,False,False,False,1297717832,,,,,,,5.854954909340911e+18,,2350,8,"{'_': 'MessageReplies', 'replies': 7, 'replies_pts': 209329, 'comments': True, 'recent_repliers': [{'_': 'PeerUser', 'user_id': 1171203615}, {'_': 'PeerUser', 'user_id': 1603088437}, {'_': 'PeerUser', 'user_id': 736079831}], 'channel_id': 1473489781, 'max_id': 133392, 'read_max_id': None}",2024-01-17T22:19:31+00:00,,1.3644235970385044e+16,"{'_': 'MessageReactions', 'results': [{'_': 'ReactionCount', 'reaction': {'_': 'ReactionEmoji', 'emoticon': '👍'}, 'count': 1, 'chosen_order': None}], 'min': False, 'can_see_list': False, 'reactions_as_tags': False, 'recent_reactions': []}",[],
droidapks,https://t.me/droidapks,186,2024-01-17 22:11:36,,False,False,False,False,True,False,False,True,False,False,1297717832,,,,,,,5.854954909340911e+18,,2394,8,,2024-01-17T22:11:42+00:00,,1.3644235970385044e+16,,[],
droidapks,https://t.me/droidapks,187,2024-01-17 22:11:36,,False,False,False,False,True,False,False,True,False,False,1297717832,,,,,,,5.854954909340911e+18,,2569,8,,2024-01-17T22:11:42+00:00,,1.3644235970385044e+16,,[],
droidapks,https://t.me/droidapks,188,2024-01-17 22:11:36,,False,False,False,False,True,False,False,True,False,False,1297717832,,,,,,,5.854954909340911e+18,,2518,8,,2024-01-17T22:11:42+00:00,,1.3644235970385044e+16,,[],
droidapks,https://t.me/droidapks,189,2024-01-17 22:11:37,,False,False,False,False,True,False,False,True,False,False,1297717832,,,,,,,5.854954909340911e+18,,2821,8,,2024-01-17T22:11:42+00:00,,1.3644235970385044e+16,,[],
droidapks,https://t.me/droidapks,190,2024-01-17 22:11:37,,False,False,False,False,True,False,False,True,False,False,1297717832,,,,,,,5.854954909340911e+18,,2823,8,,2024-01-17T22:11:42+00:00,,1.3644235970385044e+16,,[],
droidapks,https://t.me/droidapks,191,2024-01-17 22:11:37,,False,False,False,False,True,False,False,True,False,False,1297717832,,,,,,,5.854954909340911e+18,,2893,8,,2024-01-17T22:11:42+00:00,,1.3644235970385044e+16,,[],
droidapks,https://t.me/droidapks,192,2024-01-31 00:29:02,Compilation of Reverse Engineering Resources for those interested,False,False,False,False,True,False,False,True,False,False,1297717832,,,,,,,5.895236969523429e+18,"{'_': 'ReplyInlineMarkup', 'rows': [{'_': 'KeyboardButtonRow', 'buttons': [{'_': 'KeyboardButtonUrl', 'text': 'View Resources', 'url': 'https://github.com/wtsxDev/reverse-engineering'}]}, {'_': 'KeyboardButtonRow', 'buttons': [{'_': 'KeyboardButtonUrl', 'text': 'Chat Group', 'url': 'https://t.me/+orrvWq7LuEAyYzEx'}]}]}",2099,14,,2024-01-31T00:29:05+00:00,,,,[],
droidapks,https://t.me/droidapks,193,2024-02-08 14:11:13,"Google's Gemini Ultra and the New Mobile App Experience

Google has introduced a significant update to its AI offerings by rebranding Bard to Gemini and launching a new mobile app. Alongside this, they've unveiled an advanced AI model named Ultra 1.0. 

To access the enhanced capabilities of Gemini Advanced, including the Ultra 1.0 model, users can subscribe to the Google One AI Premium Plan. 

This subscription is priced at $19.99 per month, following a <DATE_TIME> trial at no cost. Subscribers not only gain access to the advanced AI features but also receive all the benefits of the existing Google One Premium plan, which includes 2TB of storage. 

Additionally, AI Premium subscribers will soon be able to use Gemini across various Google applications such as Gmail, Docs, Slides, and Sheets, enhancing productivity and creativity across Google's ecosystem.

Link: https://blog.google/products/gemini/bard-gemini-advanced-app",False,False,False,False,True,False,False,False,False,False,1297717832,,,,,,,5.920534232407589e+18,,1496,3,"{'_': 'MessageReplies', 'replies': 13, 'replies_pts': 209329, 'comments': True, 'recent_repliers': [{'_': 'PeerUser', 'user_id': 736079831}, {'_': 'PeerUser', 'user_id': 1934522041}], 'channel_id': 1473489781, 'max_id': 135443, 'read_max_id': None}",2024-02-08T14:58:19+00:00,,,"{'_': 'MessageReactions', 'results': [{'_': 'ReactionCount', 'reaction': {'_': 'ReactionEmoji', 'emoticon': '🔥'}, 'count': 3, 'chosen_order': None}, {'_': 'ReactionCount', 'reaction': {'_': 'ReactionEmoji', 'emoticon': '👍'}, 'count': 2, 'chosen_order': None}, {'_': 'ReactionCount', 'reaction': {'_': 'ReactionEmoji', 'emoticon': '❤'}, 'count': 1, 'chosen_order': None}], 'min': False, 'can_see_list': False, 'reactions_as_tags': False, 'recent_reactions': []}",[],
