Channel ID,URL,Post ID,date,message,out,mentioned,media_unread,silent,post,from_scheduled,legacy,edit_hide,pinned,noforwards,peer_channel,from_id_user,fwd_from,via_bot_id,reply_to_msg_id,reply_to_scheduled,forum_topic,media_photo_id,reply_markup,views,forwards,replies,edit_date,post_author,grouped_id,reactions,restriction_reason,ttl_period
emtech_ch,https://t.me/emtech_ch,1090,2024-01-08 10:36:40,"€M-T€CH DARKNET ™:
ALL files will expire soon in <DATE_TIME><PERSON> OFFERS⭐

🔝New offers available buy Premium for a year @200gh🔗 + Zivpn unlimited file 

🔝buy <DATE_TIME> @ 70gh  + Zivpn unlimited file

<DATE_TIME> @100gh + Zivpn unlimited file

💢<PERSON> 🔥",False,False,False,False,True,False,False,True,False,False,1320946220,,,,,,,,,690,2,"{'_': 'MessageReplies', 'replies': 0, 'replies_pts': 5041, 'comments': True, 'recent_repliers': [], 'channel_id': 1640130766, 'max_id': None, 'read_max_id': None}",2024-01-13T06:45:08+00:00,EM-TECH™ Expert,,"{'_': 'MessageReactions', 'results': [{'_': 'ReactionCount', 'reaction': {'_': 'ReactionEmoji', 'emoticon': '👍'}, 'count': 2, 'chosen_order': None}], 'min': False, 'can_see_list': False, 'reactions_as_tags': False, 'recent_reactions': []}",[],
emtech_ch,https://t.me/emtech_ch,1091,2024-01-08 11:46:02,<NRP>️all networks unlimited http injector,False,False,False,False,True,False,False,True,False,False,1320946220,,,,,,,,,733,11,"{'_': 'MessageReplies', 'replies': 0, 'replies_pts': 5041, 'comments': True, 'recent_repliers': [], 'channel_id': 1640130766, 'max_id': None, 'read_max_id': None}",2024-01-17T13:38:19+00:00,EM-TECH™ Expert,1.363771489587542e+16,"{'_': 'MessageReactions', 'results': [{'_': 'ReactionCount', 'reaction': {'_': 'ReactionEmoji', 'emoticon': '👍'}, 'count': 2, 'chosen_order': None}], 'min': False, 'can_see_list': False, 'reactions_as_tags': False, 'recent_reactions': []}",[],
emtech_ch,https://t.me/emtech_ch,1092,2024-01-08 11:46:02,,False,False,False,False,True,False,False,True,False,False,1320946220,,,,,,,,,723,12,,2024-01-08T11:46:06+00:00,EM-TECH™ Expert,1.363771489587542e+16,,[],
emtech_ch,https://t.me/emtech_ch,1093,2024-01-08 11:46:35,All networks unlimited AIO Tunnel VPN,False,False,False,False,True,False,False,True,False,False,1320946220,,,,,,,,,706,9,"{'_': 'MessageReplies', 'replies': 0, 'replies_pts': 5041, 'comments': True, 'recent_repliers': [], 'channel_id': 1640130766, 'max_id': None, 'read_max_id': None}",2024-01-08T11:46:38+00:00,EM-TECH™ Expert,1.3637715163487724e+16,,[],
emtech_ch,https://t.me/emtech_ch,1094,2024-01-08 11:46:35,,False,False,False,False,True,False,False,True,False,False,1320946220,,,,,,,,,694,9,,2024-01-08T11:46:38+00:00,EM-TECH™ Expert,1.3637715163487724e+16,,[],
emtech_ch,https://t.me/emtech_ch,1095,2024-01-08 11:47:05,All networks unlimited socksip,False,False,False,False,True,False,False,True,False,False,1320946220,,,,,,,,,691,11,"{'_': 'MessageReplies', 'replies': 0, 'replies_pts': 5041, 'comments': True, 'recent_repliers': [], 'channel_id': 1640130766, 'max_id': None, 'read_max_id': None}",2024-01-08T11:47:08+00:00,EM-TECH™ Expert,1.3637715401339132e+16,,[],
emtech_ch,https://t.me/emtech_ch,1097,2024-01-08 11:53:22,MTN iOS,False,False,False,False,True,False,False,False,False,False,1320946220,,,,,,,,,669,4,"{'_': 'MessageReplies', 'replies': 0, 'replies_pts': 5041, 'comments': True, 'recent_repliers': [], 'channel_id': 1640130766, 'max_id': None, 'read_max_id': None}",2024-01-08T11:53:34+00:00,EM-TECH™ Expert,1.3637718423457628e+16,,[],
emtech_ch,https://t.me/emtech_ch,1098,2024-01-08 11:53:23,All networks unlimited internet iOS,False,False,False,False,True,False,False,False,False,False,1320946220,,,,,,,,,686,4,,2024-01-08T11:55:17+00:00,EM-TECH™ Expert,1.3637718423457628e+16,,[],
emtech_ch,https://t.me/emtech_ch,1099,2024-01-08 11:53:23,DIGILEAN VODAFONE,False,False,False,False,True,False,False,False,False,False,1320946220,,,,,,,,,703,4,,2024-01-08T11:53:58+00:00,EM-TECH™ Expert,1.3637718423457628e+16,,[],
emtech_ch,https://t.me/emtech_ch,1100,2024-01-08 11:53:23,MTN iOS,False,False,False,False,True,False,False,False,False,False,1320946220,,,,,,,,,731,4,,2024-01-08T11:54:19+00:00,EM-TECH™ Expert,1.3637718423457628e+16,,[],
emtech_ch,https://t.me/emtech_ch,1101,2024-01-08 11:53:23,MTN iOS,False,False,False,False,True,False,False,False,False,False,1320946220,,,,,,,,,775,4,,2024-01-08T11:54:38+00:00,EM-TECH™ Expert,1.3637718423457628e+16,,[],
emtech_ch,https://t.me/emtech_ch,1102,2024-01-08 11:53:23,MTN iOS,False,False,False,False,True,False,False,False,False,False,1320946220,,,,,,,,,787,4,,2024-01-08T11:54:48+00:00,EM-TECH™ Expert,1.3637718423457628e+16,,[],
emtech_ch,https://t.me/emtech_ch,1103,2024-01-08 11:53:23,unlimited all networks iOS,False,False,False,False,True,False,False,False,False,False,1320946220,,,,,,,,,790,4,,2024-01-08T11:55:01+00:00,EM-TECH™ Expert,1.3637718423457628e+16,,[],
emtech_ch,https://t.me/emtech_ch,1104,2024-01-08 11:53:23,MTN iOS,False,False,False,False,True,False,False,False,False,False,1320946220,,,,,,,,,872,5,,2024-01-08T11:55:33+00:00,EM-TECH™ Expert,1.3637718423457628e+16,,[],
emtech_ch,https://t.me/emtech_ch,1105,2024-01-08 11:53:23,Vodafone unlimited,False,False,False,False,True,False,False,False,False,False,1320946220,,,,,,,,,869,4,,2024-01-08T11:55:44+00:00,EM-TECH™ Expert,1.3637718423457628e+16,,[],
emtech_ch,https://t.me/emtech_ch,1106,2024-01-09 07:22:43,Hi i'm online contact @darkdanterb for your premium files,False,False,False,False,True,False,False,True,False,False,1320946220,,,,,,,,,1283,2,"{'_': 'MessageReplies', 'replies': 0, 'replies_pts': 5041, 'comments': True, 'recent_repliers': [], 'channel_id': 1640130766, 'max_id': None, 'read_max_id': None}",2024-01-09T07:22:46+00:00,EM-TECH™ Expert,,,[],
emtech_ch,https://t.me/emtech_ch,1107,2024-01-09 17:01:59,"Spotify v8.8.96.364 (Premium)

(Fix – No updates showing on Playstore) ✅

👇👇👇👇
Note: Login with FB/Email/Phone manually

--- ---- ------
👇👇👇
Wrong password?
Reset password and test in the Go Gmail app
---- ---- ---",False,False,False,False,True,False,False,False,False,False,1320946220,,,,,,,,,663,6,"{'_': 'MessageReplies', 'replies': 0, 'replies_pts': 5041, 'comments': True, 'recent_repliers': [], 'channel_id': 1640130766, 'max_id': None, 'read_max_id': None}",2024-01-11T11:48:43+00:00,EM-TECH™ Expert,1.3638557751997684e+16,"{'_': 'MessageReactions', 'results': [{'_': 'ReactionCount', 'reaction': {'_': 'ReactionEmoji', 'emoticon': '👍'}, 'count': 3, 'chosen_order': None}], 'min': False, 'can_see_list': False, 'reactions_as_tags': False, 'recent_reactions': []}",[],
emtech_ch,https://t.me/emtech_ch,1108,2024-01-09 17:01:59,"Amoled Black Theme
(Arm7+Arm8+ML)",False,False,False,False,True,False,False,True,False,False,1320946220,,,,,,,,,725,6,,2024-01-09T17:02:04+00:00,EM-TECH™ Expert,1.3638557751997684e+16,,[],
emtech_ch,https://t.me/emtech_ch,1109,2024-01-09 17:01:59,"(<NRP>)

#Lite Version ⚡",False,False,False,False,True,False,False,True,False,False,1320946220,,,,,,,,,861,6,,2024-01-09T17:02:04+00:00,EM-TECH™ Expert,1.3638557751997684e+16,,[],
emtech_ch,https://t.me/emtech_ch,1110,2024-01-09 17:01:59,"Amoled Black 
(Arm7+En)

#Lite Version ⚡️

Most stable ✅



All premium apps are uploaded to @emtech_tut",False,False,False,False,True,False,False,False,False,False,1320946220,,,,,,,,,972,6,,2024-01-09T17:03:24+00:00,EM-TECH™ Expert,1.3638557751997684e+16,,[],
emtech_ch,https://t.me/emtech_ch,1111,2024-01-09 22:39:19,<PERSON> network is down <DATE_TIME> and you may have airtime but can't purchase flexi to connect. Just chillax it will be resolved hopefully by <DATE_TIME>,False,False,False,False,True,False,False,True,False,False,1320946220,,,,,,,,,827,0,"{'_': 'MessageReplies', 'replies': 0, 'replies_pts': 5041, 'comments': True, 'recent_repliers': [], 'channel_id': 1640130766, 'max_id': None, 'read_max_id': None}",2024-01-09T22:39:22+00:00,q_skylar,,,[],
emtech_ch,https://t.me/emtech_ch,1112,2024-01-10 13:31:40,Hi i'm online contact @darkdanterb for your premium files,False,False,False,False,True,False,False,True,False,False,1320946220,,,,,,,,,807,0,"{'_': 'MessageReplies', 'replies': 0, 'replies_pts': 5041, 'comments': True, 'recent_repliers': [], 'channel_id': 1640130766, 'max_id': None, 'read_max_id': None}",2024-01-10T13:31:43+00:00,EM-TECH™ Expert,,,[],
emtech_ch,https://t.me/emtech_ch,1113,2024-01-11 13:29:18,"<NRP>️Hi I'm online contact @darkdanterb for your Premium unlimited file for Android, iOS and PC",False,False,False,False,True,False,False,False,False,False,1320946220,,,,,,,,,716,0,"{'_': 'MessageReplies', 'replies': 0, 'replies_pts': 5041, 'comments': True, 'recent_repliers': [], 'channel_id': 1640130766, 'max_id': None, 'read_max_id': None}",2024-01-12T00:48:35+00:00,Dante,,"{'_': 'MessageReactions', 'results': [{'_': 'ReactionCount', 'reaction': {'_': 'ReactionEmoji', 'emoticon': '👍'}, 'count': 1, 'chosen_order': None}], 'min': False, 'can_see_list': False, 'reactions_as_tags': False, 'recent_reactions': []}",[],
emtech_ch,https://t.me/emtech_ch,1115,2024-01-12 07:10:01,premium Zivpn supercharged⚡,False,False,False,False,True,False,False,True,False,False,1320946220,,"{'_': 'MessageFwdHeader', 'date': '2024-01-12T00:46:05+00:00', 'imported': False, 'saved_out': False, 'from_id': {'_': 'PeerChannel', 'channel_id': 1320946220}, 'from_name': None, 'channel_post': 1114, 'post_author': 'EM-TECH™ Expert', 'saved_from_peer': None, 'saved_from_msg_id': None, 'saved_from_id': None, 'saved_from_name': None, 'saved_date': None, 'psa_type': None}",,,,,,,880,0,"{'_': 'MessageReplies', 'replies': 0, 'replies_pts': 5041, 'comments': True, 'recent_repliers': [], 'channel_id': 1640130766, 'max_id': None, 'read_max_id': None}",2024-01-12T07:10:37+00:00,EM-TECH™ Expert,,"{'_': 'MessageReactions', 'results': [{'_': 'ReactionCount', 'reaction': {'_': 'ReactionEmoji', 'emoticon': '⚡'}, 'count': 2, 'chosen_order': None}], 'min': False, 'can_see_list': False, 'reactions_as_tags': False, 'recent_reactions': []}",[],
emtech_ch,https://t.me/emtech_ch,1116,2024-01-17 10:15:06,Hi I'm online  get your private file now from @darkdanterb,False,False,False,False,True,False,False,False,False,False,1320946220,,,,,,,,,804,0,"{'_': 'MessageReplies', 'replies': 0, 'replies_pts': 5041, 'comments': True, 'recent_repliers': [], 'channel_id': 1640130766, 'max_id': None, 'read_max_id': None}",2024-01-17T12:13:43+00:00,EM-TECH™ Expert,,,[],
emtech_ch,https://t.me/emtech_ch,1117,2024-01-18 08:09:15,Hi I'm online  get your private file now from @darkdanterb,False,False,False,False,True,False,False,True,False,False,1320946220,,,,,,,,,713,0,"{'_': 'MessageReplies', 'replies': 0, 'replies_pts': 5041, 'comments': True, 'recent_repliers': [], 'channel_id': 1640130766, 'max_id': None, 'read_max_id': None}",2024-01-18T08:09:18+00:00,EM-TECH™ Expert,,,[],
emtech_ch,https://t.me/emtech_ch,1118,2024-01-18 13:15:09,VPN servers are back and working very fast just contact @darkdanterb and get your Premium file,False,False,False,False,True,False,False,False,False,False,1320946220,,,,,,,,,719,0,"{'_': 'MessageReplies', 'replies': 0, 'replies_pts': 5041, 'comments': True, 'recent_repliers': [], 'channel_id': 1640130766, 'max_id': None, 'read_max_id': None}",2024-01-18T13:16:39+00:00,EM-TECH™ Expert,,,[],
emtech_ch,https://t.me/emtech_ch,1119,2024-01-18 13:30:57,⚡️I'll be uploading a free <DATE_TIME> trial for AIO Tunnel vpn and Npv Tunnel iOS file only because of our members who are not in Ghana 🔥🥳,False,False,False,False,True,False,False,True,False,False,1320946220,,,,,,,,,740,0,"{'_': 'MessageReplies', 'replies': 0, 'replies_pts': 5041, 'comments': True, 'recent_repliers': [], 'channel_id': 1640130766, 'max_id': None, 'read_max_id': None}",2024-01-18T13:59:47+00:00,EM-TECH™ Expert,,"{'_': 'MessageReactions', 'results': [{'_': 'ReactionCount', 'reaction': {'_': 'ReactionEmoji', 'emoticon': '👏'}, 'count': 3, 'chosen_order': None}], 'min': False, 'can_see_list': False, 'reactions_as_tags': False, 'recent_reactions': []}",[],
emtech_ch,https://t.me/emtech_ch,1120,2024-01-19 08:11:09,"🖤FREE <DATE_TIME> PREMIUM TRIAL AIO TUNNEL 

🖤 Unblock all networks internet connection

🖤works for all networks 

🖤 EM-TECH DARKNET
@emtech_ch",False,False,False,False,True,False,False,True,False,False,1320946220,,,,,,,,,657,5,"{'_': 'MessageReplies', 'replies': 0, 'replies_pts': 5041, 'comments': True, 'recent_repliers': [], 'channel_id': 1640130766, 'max_id': None, 'read_max_id': None}",2024-01-19T08:35:23+00:00,EM-TECH™ Expert,1.36452149590841e+16,"{'_': 'MessageReactions', 'results': [{'_': 'ReactionCount', 'reaction': {'_': 'ReactionEmoji', 'emoticon': '👍'}, 'count': 3, 'chosen_order': None}], 'min': False, 'can_see_list': False, 'reactions_as_tags': False, 'recent_reactions': []}",[],
emtech_ch,https://t.me/emtech_ch,1121,2024-01-19 08:11:09,,False,False,False,False,True,False,False,True,False,False,1320946220,,,,,,,,,784,5,,2024-01-19T08:11:12+00:00,EM-TECH™ Expert,1.36452149590841e+16,,[],
emtech_ch,https://t.me/emtech_ch,1122,2024-01-19 08:11:10,"🔝AIO TUNNEL VPN

How to set it up
click here
click here
click here",False,False,False,False,True,False,False,False,False,False,1320946220,,,,,,,,,853,5,,2024-01-19T08:13:13+00:00,EM-TECH™ Expert,1.36452149590841e+16,,[],
emtech_ch,https://t.me/emtech_ch,1123,2024-01-22 12:07:51,"Good <DATE_TIME> to you all lovelies 😘 

Here comes our yet cheap offer, this time round on call. [AFA]

hit  any admin up with the below requirements and get ease on calls too.

Just 6ghs and you are cool to talk with all babes 😘 for <DATE_TIME>.

REQUIREMENTS NEEDED
✅ Full Name:
✅ Phone Number:
✅ Ghana Card ID Number 
✅ Location:
✅ Occupation:

Just fill up and send with

💰 11ghs only for registration 

It's worth subscription 🙌

Contact 👇👇

@darkdanterb

@q_skylar",False,False,False,False,True,False,False,True,False,False,1320946220,,,,,,,,,773,0,"{'_': 'MessageReplies', 'replies': 0, 'replies_pts': 5041, 'comments': True, 'recent_repliers': [], 'channel_id': 1640130766, 'max_id': None, 'read_max_id': None}",2024-01-25T02:39:30+00:00,q_skylar,,"{'_': 'MessageReactions', 'results': [{'_': 'ReactionCount', 'reaction': {'_': 'ReactionEmoji', 'emoticon': '👍'}, 'count': 3, 'chosen_order': None}], 'min': False, 'can_see_list': False, 'reactions_as_tags': False, 'recent_reactions': []}",[],
emtech_ch,https://t.me/emtech_ch,1124,2024-01-22 12:08:15,Hi i'm online buy your premium file from @darkdanterb,False,False,False,False,True,False,False,True,False,False,1320946220,,,,,,,,,842,0,"{'_': 'MessageReplies', 'replies': 0, 'replies_pts': 5041, 'comments': True, 'recent_repliers': [], 'channel_id': 1640130766, 'max_id': None, 'read_max_id': None}",2024-01-22T12:08:19+00:00,Dante,,,[],
emtech_ch,https://t.me/emtech_ch,1125,2024-02-13 13:37:30,"◾Hi, my apologies to y'all for any inconveniences caused during my absence,especially Premium users.I'll do my best to reply all your messages and fix all the problems caused.Thanks for choosing EM TECH ™ DARKNET CHANNEL",False,False,False,False,True,False,False,False,False,False,1320946220,,,,,,,,,530,0,"{'_': 'MessageReplies', 'replies': 0, 'replies_pts': 5041, 'comments': True, 'recent_repliers': [], 'channel_id': 1640130766, 'max_id': None, 'read_max_id': None}",2024-02-13T13:38:36+00:00,EM-TECH™ Expert,,,[],
emtech_ch,https://t.me/emtech_ch,1126,2024-02-13 16:41:06,https://whatsapp.com/channel/0029VaPJoCpGJP8CAEpAEn05,False,False,False,False,True,False,False,True,False,False,1320946220,,,,,,,,,572,0,"{'_': 'MessageReplies', 'replies': 0, 'replies_pts': 5041, 'comments': True, 'recent_repliers': [], 'channel_id': 1640130766, 'max_id': None, 'read_max_id': None}",2024-02-13T16:41:10+00:00,EM-TECH™ Expert,,,[],
emtech_ch,https://t.me/emtech_ch,1127,2024-02-14 06:02:32,"Hi i'm online ,contact @darkdanterb for error fixing ,renewal or to buy premium file",False,False,False,False,True,False,False,True,False,False,1320946220,,,,,,,,,550,0,"{'_': 'MessageReplies', 'replies': 0, 'replies_pts': 5041, 'comments': True, 'recent_repliers': [], 'channel_id': 1640130766, 'max_id': None, 'read_max_id': None}",2024-02-14T06:02:35+00:00,EM-TECH™ Expert,,,[],
emtech_ch,https://t.me/emtech_ch,1128,2024-02-17 08:26:17,"◾The reason why channel hasn't been active is because most of my VPN servers are under maintenance and will be restored in time.
◾Free files will be uploaded soon",False,False,False,False,True,False,False,True,False,False,1320946220,,,,,,,,,440,0,"{'_': 'MessageReplies', 'replies': 0, 'replies_pts': 5041, 'comments': True, 'recent_repliers': [], 'channel_id': 1640130766, 'max_id': None, 'read_max_id': None}",2024-02-17T08:26:20+00:00,EM-TECH™ Expert,,,[],
emtech_ch,https://t.me/emtech_ch,1129,2024-02-17 08:26:22,"Hi i'm online ,contact @darkdanterb for error fixing ,renewal or to buy premium file",False,False,False,False,True,False,False,True,False,False,1320946220,,,,,,,,,488,0,"{'_': 'MessageReplies', 'replies': 0, 'replies_pts': 5041, 'comments': True, 'recent_repliers': [], 'channel_id': 1640130766, 'max_id': None, 'read_max_id': None}",2024-02-17T08:26:25+00:00,EM-TECH™ Expert,,,[],
emtech_ch,https://t.me/emtech_ch,1130,2024-02-18 18:08:43,"Servers are now working well speed is restored
You can now get your personal VPN file very affordable 🙈🥳

contact @darkdanterb",False,False,False,False,True,False,False,True,False,False,1320946220,,,,,,,,,462,0,"{'_': 'MessageReplies', 'replies': 0, 'replies_pts': 5041, 'comments': True, 'recent_repliers': [], 'channel_id': 1640130766, 'max_id': None, 'read_max_id': None}",2024-02-18T18:08:47+00:00,EM-TECH™ Expert,,,[],
emtech_ch,https://t.me/emtech_ch,1131,2024-02-19 15:50:05,"🤖Add this chat gpt extension to your windows chrome,Edge... browser very helpful.",False,False,False,False,True,False,False,False,False,False,1320946220,,,,,,,,,409,1,"{'_': 'MessageReplies', 'replies': 0, 'replies_pts': 5041, 'comments': True, 'recent_repliers': [], 'channel_id': 1640130766, 'max_id': None, 'read_max_id': None}",2024-02-19T15:51:25+00:00,EM-TECH™ Expert,,,[],
emtech_ch,https://t.me/emtech_ch,1132,2024-02-19 15:50:09,https://sider.ai/invited?c=3ac395736ef49300d019556aabdec91c,False,False,False,False,True,False,False,True,False,False,1320946220,,,,,,,,,432,2,"{'_': 'MessageReplies', 'replies': 0, 'replies_pts': 5041, 'comments': True, 'recent_repliers': [], 'channel_id': 1640130766, 'max_id': None, 'read_max_id': None}",2024-02-19T15:50:12+00:00,EM-TECH™ Expert,,,[],
emtech_ch,https://t.me/emtech_ch,1133,2024-02-19 16:12:00,💢BEFORE I START TO UPLOAD FREE INTERNET FILES FOR YOU TO IMPORT  AND USE YOU NEED TO READ AND UNDERSTAND THIS.🛜⚠️,False,False,False,False,True,False,False,True,False,False,1320946220,,,,,,,,,431,0,"{'_': 'MessageReplies', 'replies': 0, 'replies_pts': 5041, 'comments': True, 'recent_repliers': [], 'channel_id': 1640130766, 'max_id': None, 'read_max_id': None}",2024-02-19T22:04:44+00:00,EM-TECH™ Expert,,"{'_': 'MessageReactions', 'results': [{'_': 'ReactionCount', 'reaction': {'_': 'ReactionEmoji', 'emoticon': '👍'}, 'count': 1, 'chosen_order': None}, {'_': 'ReactionCount', 'reaction': {'_': 'ReactionEmoji', 'emoticon': '❤'}, 'count': 1, 'chosen_order': None}], 'min': False, 'can_see_list': False, 'reactions_as_tags': False, 'recent_reactions': []}",[],
emtech_ch,https://t.me/emtech_ch,1134,2024-02-20 08:39:40,⚠️click to view in browser,False,False,False,False,True,False,False,True,False,False,1320946220,,,,,,,,,394,0,"{'_': 'MessageReplies', 'replies': 0, 'replies_pts': 5041, 'comments': True, 'recent_repliers': [], 'channel_id': 1640130766, 'max_id': None, 'read_max_id': None}",2024-02-20T08:39:43+00:00,EM-TECH™ Expert,,,[],
emtech_ch,https://t.me/emtech_ch,1135,2024-02-20 08:41:42,⚠️BEFORE YOU IMPORT FILE IN ANY CHANNEL OR TRY TO BUY FILE YOU HAVE TO UNDERSTAND THIS ABOUT FREE INTERNET,False,False,False,False,True,False,False,False,False,False,1320946220,,,,,,,,,391,3,"{'_': 'MessageReplies', 'replies': 0, 'replies_pts': 5041, 'comments': True, 'recent_repliers': [], 'channel_id': 1640130766, 'max_id': None, 'read_max_id': None}",2024-02-20T09:49:11+00:00,EM-TECH™ Expert,,"{'_': 'MessageReactions', 'results': [{'_': 'ReactionCount', 'reaction': {'_': 'ReactionEmoji', 'emoticon': '👍'}, 'count': 2, 'chosen_order': None}], 'min': False, 'can_see_list': False, 'reactions_as_tags': False, 'recent_reactions': []}",[],
emtech_ch,https://t.me/emtech_ch,1136,2024-02-20 12:04:59,"<PERSON> New APN settings will be Added to Tutorial Channel
@emtech_tut",False,False,False,False,True,False,False,True,False,False,1320946220,,,,,,,,,400,0,"{'_': 'MessageReplies', 'replies': 0, 'replies_pts': 5041, 'comments': True, 'recent_repliers': [], 'channel_id': 1640130766, 'max_id': None, 'read_max_id': None}",2024-02-25T05:43:22+00:00,EM-TECH™ Expert,,"{'_': 'MessageReactions', 'results': [{'_': 'ReactionCount', 'reaction': {'_': 'ReactionEmoji', 'emoticon': '❤'}, 'count': 1, 'chosen_order': None}], 'min': False, 'can_see_list': False, 'reactions_as_tags': False, 'recent_reactions': []}",[],
emtech_ch,https://t.me/emtech_ch,1137,2024-02-21 07:43:54,HI,False,False,False,False,True,False,False,True,False,False,1320946220,,,,1129.0,False,False,,,367,0,"{'_': 'MessageReplies', 'replies': 0, 'replies_pts': 5041, 'comments': True, 'recent_repliers': [], 'channel_id': 1640130766, 'max_id': None, 'read_max_id': None}",2024-03-01T13:42:52+00:00,EM-TECH™ Expert,,"{'_': 'MessageReactions', 'results': [{'_': 'ReactionCount', 'reaction': {'_': 'ReactionEmoji', 'emoticon': '❤'}, 'count': 1, 'chosen_order': None}], 'min': False, 'can_see_list': False, 'reactions_as_tags': False, 'recent_reactions': []}",[],
emtech_ch,https://t.me/emtech_ch,1138,2024-02-23 14:50:43,Buy premium MTNGH iOS and get hot 4 independent free net files <PERSON>🎀.,False,False,False,False,True,False,False,True,False,False,1320946220,,,,,,,5.963126976405422e+18,,335,0,"{'_': 'MessageReplies', 'replies': 0, 'replies_pts': 5041, 'comments': True, 'recent_repliers': [], 'channel_id': 1640130766, 'max_id': None, 'read_max_id': None}",2024-02-23T14:50:46+00:00,EM-TECH™ Expert,,,[],
emtech_ch,https://t.me/emtech_ch,1139,2024-02-23 14:53:44,Buy premium MTNGH Android and get hot 4 independent <DATE_TIME> free net files + 1 Zivpn unlimited file <PERSON>🎀.,False,False,False,False,True,False,False,True,False,False,1320946220,,,,,,,5.963126976405422e+18,,373,0,"{'_': 'MessageReplies', 'replies': 0, 'replies_pts': 5041, 'comments': True, 'recent_repliers': [], 'channel_id': 1640130766, 'max_id': None, 'read_max_id': None}",2024-02-26T17:30:02+00:00,EM-TECH™ Expert,,"{'_': 'MessageReactions', 'results': [{'_': 'ReactionCount', 'reaction': {'_': 'ReactionEmoji', 'emoticon': '❤'}, 'count': 1, 'chosen_order': None}], 'min': False, 'can_see_list': False, 'reactions_as_tags': False, 'recent_reactions': []}",[],
emtech_ch,https://t.me/emtech_ch,1140,2024-02-26 10:26:45,"Hi i'm online ,contact @darkdanterb for error fixing ,renewal or to buy premium file",False,False,False,False,True,False,False,True,False,False,1320946220,,,,,,,,,282,0,"{'_': 'MessageReplies', 'replies': 0, 'replies_pts': 5041, 'comments': True, 'recent_repliers': [], 'channel_id': 1640130766, 'max_id': None, 'read_max_id': None}",2024-02-26T10:26:48+00:00,EM-TECH™ Expert,,,[],
emtech_ch,https://t.me/emtech_ch,1141,2024-02-27 05:37:10,⭕<PERSON> can now buy premium file for <DATE_TIME> or more from <PERSON> from any country.Very easy and convenient. Just contact @darkdanterb now,False,False,False,False,True,False,False,True,False,False,1320946220,,,,,,,,,253,0,"{'_': 'MessageReplies', 'replies': 0, 'replies_pts': 5041, 'comments': True, 'recent_repliers': [], 'channel_id': 1640130766, 'max_id': None, 'read_max_id': None}",2024-02-27T05:37:13+00:00,EM-TECH™ Expert,,,[],
emtech_ch,https://t.me/emtech_ch,1142,2024-03-01 08:21:33,<PERSON> IOS FREE TRIAL 🇬🇭,False,False,False,False,True,False,False,True,False,False,1320946220,,,,,,,,,161,3,"{'_': 'MessageReplies', 'replies': 0, 'replies_pts': 5041, 'comments': True, 'recent_repliers': [], 'channel_id': 1640130766, 'max_id': None, 'read_max_id': None}",2024-03-01T08:21:36+00:00,EM-TECH™ Expert,,,[],
emtech_ch,https://t.me/emtech_ch,1143,2024-03-01 08:22:14,Vodafone iOS 🇬🇭 trial,False,False,False,False,True,False,False,False,False,False,1320946220,,,,,,,,,167,3,"{'_': 'MessageReplies', 'replies': 0, 'replies_pts': 5041, 'comments': True, 'recent_repliers': [], 'channel_id': 1640130766, 'max_id': None, 'read_max_id': None}",2024-03-01T08:28:00+00:00,EM-TECH™ Expert,,,[],
emtech_ch,https://t.me/emtech_ch,1144,2024-03-01 12:39:32,Kenya iOS files Npv Tunnel 🇰🇪,False,False,False,False,True,False,False,True,False,False,1320946220,,,,,,,,,142,0,"{'_': 'MessageReplies', 'replies': 0, 'replies_pts': 5041, 'comments': True, 'recent_repliers': [], 'channel_id': 1640130766, 'max_id': None, 'read_max_id': None}",2024-03-01T12:39:35+00:00,EM-TECH™ Expert,1.367437417856658e+16,,[],
emtech_ch,https://t.me/emtech_ch,1145,2024-03-01 12:39:32,,False,False,False,False,True,False,False,True,False,False,1320946220,,,,,,,,,145,0,,2024-03-01T12:39:35+00:00,EM-TECH™ Expert,1.367437417856658e+16,,[],
emtech_ch,https://t.me/emtech_ch,1146,2024-03-01 12:39:32,,False,False,False,False,True,False,False,True,False,False,1320946220,,,,,,,,,146,0,,2024-03-01T12:39:35+00:00,EM-TECH™ Expert,1.367437417856658e+16,,[],
emtech_ch,https://t.me/emtech_ch,1147,2024-03-01 13:02:12,south Africa 🇿🇦 trial iOS,False,False,False,False,True,False,False,True,False,False,1320946220,,,,,,,,,141,0,"{'_': 'MessageReplies', 'replies': 0, 'replies_pts': 5041, 'comments': True, 'recent_repliers': [], 'channel_id': 1640130766, 'max_id': None, 'read_max_id': None}",2024-03-01T13:02:15+00:00,Dante,,,[],
emtech_ch,https://t.me/emtech_ch,1148,2024-03-01 13:36:36,,False,False,False,False,True,False,False,True,False,False,1320946220,,,,,,,,,132,0,"{'_': 'MessageReplies', 'replies': 0, 'replies_pts': 5041, 'comments': True, 'recent_repliers': [], 'channel_id': 1640130766, 'max_id': None, 'read_max_id': None}",2024-03-01T13:36:39+00:00,Dante,1.3674401573220932e+16,,[],
emtech_ch,https://t.me/emtech_ch,1149,2024-03-01 13:36:36,,False,False,False,False,True,False,False,True,False,False,1320946220,,,,,,,,,132,0,,2024-03-01T13:36:39+00:00,Dante,1.3674401573220932e+16,,[],
emtech_ch,https://t.me/emtech_ch,1150,2024-03-01 13:36:36,,False,False,False,False,True,False,False,True,False,False,1320946220,,,,,,,,,133,0,,2024-03-01T13:36:39+00:00,Dante,1.3674401573220932e+16,,[],
emtech_ch,https://t.me/emtech_ch,1151,2024-03-01 13:56:13,🇪<PERSON> Ethiopia - Ethiotele,False,False,False,False,True,False,False,True,False,False,1320946220,,,,,,,,,129,1,"{'_': 'MessageReplies', 'replies': 0, 'replies_pts': 5041, 'comments': True, 'recent_repliers': [], 'channel_id': 1640130766, 'max_id': None, 'read_max_id': None}",2024-03-01T13:56:17+00:00,Dante,1.3674410991184772e+16,,[],
emtech_ch,https://t.me/emtech_ch,1152,2024-03-01 13:56:14,,False,False,False,False,True,False,False,True,False,False,1320946220,,,,,,,,,129,1,,2024-03-01T13:56:17+00:00,Dante,1.3674410991184772e+16,,[],
emtech_ch,https://t.me/emtech_ch,1153,2024-03-01 14:11:13,GreeceVodafone🇬🇷,False,False,False,False,True,False,False,True,False,False,1320946220,,,,,,,,,123,0,"{'_': 'MessageReplies', 'replies': 3, 'replies_pts': 5041, 'comments': True, 'recent_repliers': [{'_': 'PeerChannel', 'channel_id': 1320946220}, {'_': 'PeerUser', 'user_id': 5168394497}], 'channel_id': 1640130766, 'max_id': 1714, 'read_max_id': None}",2024-03-01T14:11:17+00:00,Dante,,,[],
emtech_ch,https://t.me/emtech_ch,1156,2024-03-03 09:42:12,,False,False,False,False,True,False,False,True,False,False,1320946220,,,,,,,,,13,0,,2024-03-03T09:42:15+00:00,Dante,1.3675671455266492e+16,,[],
emtech_ch,https://t.me/emtech_ch,1157,2024-03-03 09:42:12,,False,False,False,False,True,False,False,True,False,False,1320946220,,,,,,,,,13,0,,2024-03-03T09:42:15+00:00,Dante,1.3675671455266492e+16,,[],
emtech_ch,https://t.me/emtech_ch,1160,2024-03-03 10:07:32,,False,False,False,False,True,False,False,True,False,False,1320946220,,,,,,,,,19,0,,2024-03-03T10:07:36+00:00,Dante,1.3675683617091876e+16,,[],
emtech_ch,https://t.me/emtech_ch,1161,2024-03-03 10:07:32,,False,False,False,False,True,False,False,True,False,False,1320946220,,,,,,,,,19,0,,2024-03-03T10:07:36+00:00,Dante,1.3675683617091876e+16,,[],
emtech_ch,https://t.me/emtech_ch,1162,2024-03-03 10:07:32,,False,False,False,False,True,False,False,True,False,False,1320946220,,,,,,,,,19,0,,2024-03-03T10:07:36+00:00,Dante,1.3675683617091876e+16,,[],
emtech_ch,https://t.me/emtech_ch,1163,2024-03-03 10:07:32,,False,False,False,False,True,False,False,True,False,False,1320946220,,,,,,,,,19,0,,2024-03-03T10:07:36+00:00,Dante,1.3675683617091876e+16,,[],
emtech_ch,https://t.me/emtech_ch,1164,2024-03-03 10:17:39,,False,False,False,False,True,False,False,True,False,False,1320946220,,,,,,,,,10,0,"{'_': 'MessageReplies', 'replies': 0, 'replies_pts': 5085, 'comments': True, 'recent_repliers': [], 'channel_id': 1640130766, 'max_id': None, 'read_max_id': None}",2024-03-03T10:17:42+00:00,Dante,1.3675688479149692e+16,,[],
emtech_ch,https://t.me/emtech_ch,1165,2024-03-03 10:17:40,,False,False,False,False,True,False,False,True,False,False,1320946220,,,,,,,,,10,0,,2024-03-03T10:17:42+00:00,Dante,1.3675688479149692e+16,,[],
emtech_ch,https://t.me/emtech_ch,1166,2024-03-03 10:17:40,,False,False,False,False,True,False,False,True,False,False,1320946220,,,,,,,,,10,0,,2024-03-03T10:17:42+00:00,Dante,1.3675688479149692e+16,,[],
emtech_ch,https://t.me/emtech_ch,1168,2024-03-03 10:50:25,unlimited http custom,False,False,False,False,True,False,False,True,False,False,1320946220,,,,,,,,,23,0,"{'_': 'MessageReplies', 'replies': 0, 'replies_pts': 5094, 'comments': True, 'recent_repliers': [], 'channel_id': 1640130766, 'max_id': None, 'read_max_id': None}",2024-03-03T10:50:28+00:00,EM-TECH™ Expert,,,[],
emtech_ch,https://t.me/emtech_ch,1169,2024-03-03 10:50:26,unlimited Zivpn,False,False,False,False,True,False,False,True,False,False,1320946220,,,,,,,,,23,0,"{'_': 'MessageReplies', 'replies': 0, 'replies_pts': 5094, 'comments': True, 'recent_repliers': [], 'channel_id': 1640130766, 'max_id': None, 'read_max_id': None}",2024-03-03T10:50:28+00:00,EM-TECH™ Expert,,,[],
emtech_ch,https://t.me/emtech_ch,1170,2024-03-03 10:52:19,I recommend you buy your private file very cheap from @darkdanterb .All files uploaded above will expire soon,False,False,False,False,True,False,False,True,False,False,1320946220,,,,,,,,,20,0,"{'_': 'MessageReplies', 'replies': 1, 'replies_pts': 5094, 'comments': True, 'recent_repliers': [{'_': 'PeerUser', 'user_id': 609517172}], 'channel_id': 1640130766, 'max_id': 1748, 'read_max_id': None}",2024-03-03T10:52:22+00:00,Dante,,,[],
emtech_ch,https://t.me/emtech_ch,1174,2024-03-10 08:37:04,"Important Update 

Recent Update of Npv Tunnel on both iPhone  & Android requires you to watch ads to keep VPN connected

Android Update 
https://play.google.com/store/apps/details?id=com.napsternetlabs.napsternetv

iPhone Update
https://apps.apple.com/gh/app/npv-tunnel/id1629465476

✅✅✅✅✅✅✅✅✅",False,False,False,False,True,False,False,True,False,False,1320946220,,,,,,,6.010210993474486e+18,,18,0,"{'_': 'MessageReplies', 'replies': 1, 'replies_pts': 5126, 'comments': True, 'recent_repliers': [{'_': 'PeerUser', 'user_id': 609517172}], 'channel_id': 1640130766, 'max_id': 1756, 'read_max_id': None}",2024-03-10T08:37:07+00:00,Coded_Skylartech,,,[],
emtech_ch,https://t.me/emtech_ch,1176,2024-03-12 09:24:58,New update of http injector seems to contain error .Can't export config.waiting for next update,False,False,False,False,True,False,False,True,False,False,1320946220,,,,,,,,,19,0,"{'_': 'MessageReplies', 'replies': 0, 'replies_pts': 5142, 'comments': True, 'recent_repliers': [], 'channel_id': 1640130766, 'max_id': None, 'read_max_id': None}",2024-03-12T09:25:01+00:00,EM-TECH™ Expert,,,[],
emtech_ch,https://t.me/emtech_ch,1177,2024-03-12 09:25:15,"Hi i'm online ,contact @darkdanterb and buy your private file",False,False,False,False,True,False,False,True,False,False,1320946220,,,,,,,,,19,0,"{'_': 'MessageReplies', 'replies': 1, 'replies_pts': 5142, 'comments': True, 'recent_repliers': [{'_': 'PeerUser', 'user_id': 609517172}], 'channel_id': 1640130766, 'max_id': 1762, 'read_max_id': None}",2024-03-12T09:25:19+00:00,EM-TECH™ Expert,,,[],
emtech_ch,https://t.me/emtech_ch,1179,2024-03-18 21:47:08,Unlimited All networks http injector <DATE_TIME>  🌐,False,False,False,False,True,False,False,False,False,False,1320946220,,,,,,,,,28,0,"{'_': 'MessageReplies', 'replies': 0, 'replies_pts': 5166, 'comments': True, 'recent_repliers': [], 'channel_id': 1640130766, 'max_id': None, 'read_max_id': None}",2024-03-18T21:47:58+00:00,Dante,,,[],
emtech_ch,https://t.me/emtech_ch,1180,2024-03-18 21:47:08,<PERSON>🇬🇭 NEW UNLIMITED INTERNET TEST IOS 3DAYS pass=emtech,False,False,False,False,True,False,False,False,False,False,1320946220,,,,,,,,,28,0,"{'_': 'MessageReplies', 'replies': 4, 'replies_pts': 5166, 'comments': True, 'recent_repliers': [{'_': 'PeerUser', 'user_id': 609517172}, {'_': 'PeerUser', 'user_id': 5195060851}, {'_': 'PeerChannel', 'channel_id': 1320946220}], 'channel_id': 1640130766, 'max_id': 1771, 'read_max_id': None}",2024-03-18T21:54:15+00:00,Dante,,,[],
emtech_ch,https://t.me/emtech_ch,1181,2024-03-18 21:56:21,"Hi i'm online ,contact @darkdanterb and buy your private file",False,False,False,False,True,False,False,True,False,False,1320946220,,,,,,,,,19,0,"{'_': 'MessageReplies', 'replies': 1, 'replies_pts': 5166, 'comments': True, 'recent_repliers': [{'_': 'PeerUser', 'user_id': 609517172}], 'channel_id': 1640130766, 'max_id': 1773, 'read_max_id': None}",2024-03-18T22:13:21+00:00,EM-TECH™ Expert,,"{'_': 'MessageReactions', 'results': [], 'min': False, 'can_see_list': False, 'reactions_as_tags': False, 'recent_reactions': []}",[],
emtech_ch,https://t.me/emtech_ch,1187,2024-03-22 09:55:05,free trial <DATE_TIME>,False,False,False,False,True,False,False,True,False,False,1320946220,,,,,,,,,14,0,"{'_': 'MessageReplies', 'replies': 0, 'replies_pts': 5228, 'comments': True, 'recent_repliers': [], 'channel_id': 1640130766, 'max_id': None, 'read_max_id': None}",2024-03-22T09:58:49+00:00,Dante,1.3688810446762108e+16,"{'_': 'MessageReactions', 'results': [{'_': 'ReactionCount', 'reaction': {'_': 'ReactionEmoji', 'emoticon': '👍'}, 'count': 1, 'chosen_order': None}], 'min': False, 'can_see_list': False, 'reactions_as_tags': False, 'recent_reactions': []}",[],
emtech_ch,https://t.me/emtech_ch,1194,2024-03-22 10:35:44,🛜BUY FILE TO <PERSON> MORE WITH SPEED ON BOTH ANDROID AND IOS,False,False,False,False,True,False,False,True,False,False,1320946220,,,,,,,,,12,0,"{'_': 'MessageReplies', 'replies': 1, 'replies_pts': 5243, 'comments': True, 'recent_repliers': [{'_': 'PeerUser', 'user_id': 609517172}], 'channel_id': 1640130766, 'max_id': 1807, 'read_max_id': None}",2024-03-22T10:35:47+00:00,Dante,,,[],
emtech_ch,https://t.me/emtech_ch,1197,2024-03-27 07:45:19,Files hasn't expire so scroll upwards and import,False,False,False,False,True,False,False,True,False,False,1320946220,,,,,,,,,24,0,"{'_': 'MessageReplies', 'replies': 1, 'replies_pts': 5333, 'comments': True, 'recent_repliers': [{'_': 'PeerUser', 'user_id': 609517172}], 'channel_id': 1640130766, 'max_id': 1844, 'read_max_id': None}",2024-03-27T07:45:22+00:00,EM-TECH™ Expert,,,[],
emtech_ch,https://t.me/emtech_ch,1211,2024-04-01 09:21:08,"APN
MIME

proxy
<IP_ADDRESS>

sever
Server:Apache/<DATE_TIME> (<NRP>)",False,False,False,False,True,False,False,True,False,False,1320946220,,,,,,,6.039831110877298e+18,,26,1,"{'_': 'MessageReplies', 'replies': 0, 'replies_pts': 5409, 'comments': True, 'recent_repliers': [], 'channel_id': 1640130766, 'max_id': None, 'read_max_id': None}",2024-04-01T09:21:11+00:00,EM-TECH™ Expert,,,[],
emtech_ch,https://t.me/emtech_ch,1213,2024-04-02 14:48:59,Free unlimited internet 🇬🇭,False,False,False,False,True,False,False,True,False,False,1320946220,,,5039476264.0,,,,,"{'_': 'ReplyInlineMarkup', 'rows': [{'_': 'KeyboardButtonRow', 'buttons': [{'_': 'KeyboardButtonUrl', 'text': 'GET', 'url': 'https://t.me/darkdanterb'}, {'_': 'KeyboardButtonUrl', 'text': 'JOIN', 'url': 'https://t.me/emtech_ch'}]}]}",10,0,,2024-04-02T14:49:02+00:00,Dante,,,[],
emtech_ch,https://t.me/emtech_ch,1214,2024-04-02 14:49:17,BUY FILE TO <PERSON> MORE WITH SPEED ON BOTH ANDROID AND IOS,False,False,False,False,True,False,False,True,False,False,1320946220,,"{'_': 'MessageFwdHeader', 'date': '2024-03-28T10:55:24+00:00', 'imported': False, 'saved_out': False, 'from_id': {'_': 'PeerChannel', 'channel_id': 1320946220}, 'from_name': None, 'channel_post': 1206, 'post_author': 'Dante', 'saved_from_peer': None, 'saved_from_msg_id': None, 'saved_from_id': None, 'saved_from_name': None, 'saved_date': None, 'psa_type': None}",5039476264.0,,,,,"{'_': 'ReplyInlineMarkup', 'rows': [{'_': 'KeyboardButtonRow', 'buttons': [{'_': 'KeyboardButtonUrl', 'text': 'BUY', 'url': 'https://t.me/darkdanterb'}, {'_': 'KeyboardButtonUrl', 'text': 'RENEW', 'url': 'https://t.me/darkdanterb'}, {'_': 'KeyboardButtonUrl', 'text': 'MTN IOS', 'url': 'https://t.me/emtech_ch/1191?single'}, {'_': 'KeyboardButtonUrl', 'text': 'TELECEL IOS', 'url': 'https://t.me/emtech_ch/1190?single'}, {'_': 'KeyboardButtonUrl', 'text': 'MTN H.I', 'url': 'https://t.me/emtech_ch/1187?single'}, {'_': 'KeyboardButtonUrl', 'text': 'TELECEL H.I', 'url': 'https://t.me/emtech_ch/1193'}, {'_': 'KeyboardButtonUrl', 'text': 'ALLNET', 'url': 'https://t.me/emtech_ch/1188?single'}]}]}",2,0,,2024-04-02T14:49:20+00:00,Dante,,,[],
