Channel ID,URL,Post ID,date,message,out,mentioned,media_unread,silent,post,from_scheduled,legacy,edit_hide,pinned,noforwards,peer_channel,from_id_user,fwd_from,via_bot_id,reply_to_msg_id,reply_to_scheduled,forum_topic,media_photo_id,reply_markup,views,forwards,replies,edit_date,post_author,grouped_id,reactions,restriction_reason,ttl_period
fxmods,https://t.me/fxmods,1539,2024-01-01 06:22:46,"💠 TeraBox : 1TB Cloud Storage
🚛 Version : 3.22.4
<PERSON>
💻 Features & Mod:-
◉ 1TB permanent free cloud storage
◉ Access all the content you have 
◉ Photos & Online video playback
◉ Premium Ad-Free Experience
⭐️ Login through number or Gmail 
<PERSON>📥 Link : Click Here To Download
<PERSON>
🌙 Modded By Awesome <PERSON>",False,False,False,False,True,False,False,True,False,False,1685729649,,,,,,,,,508,3,"{'_': 'MessageReplies', 'replies': 0, 'replies_pts': 37837, 'comments': True, 'recent_repliers': [], 'channel_id': 1158181236, 'max_id': None, 'read_max_id': None}",2024-01-01T11:50:26+00:00,blackdex,,"{'_': 'MessageReactions', 'results': [{'_': 'ReactionCount', 'reaction': {'_': 'ReactionEmoji', 'emoticon': '👍'}, 'count': 2, 'chosen_order': None}], 'min': False, 'can_see_list': False, 'reactions_as_tags': False, 'recent_reactions': []}",[],
fxmods,https://t.me/fxmods,1540,2024-01-05 04:28:31,"💠 Mind Notes
🚛 Version : 3.22.4
<PERSON>
💻 Features & Mod:-
◉ Mind Notes, GoodNotes, Notepad, make good notes, notebook memo, sticky notes
◉ Pro Unlocked
◉ Debug Info Removed
◉ Reduced size
⭐️ Google login will not work.
<PERSON>📥 Link : Click Here To Download
<PERSON>
🌙 Modded By Awesome <PERSON>",False,False,False,False,True,False,False,True,False,False,1685729649,,,,,,,,,433,2,"{'_': 'MessageReplies', 'replies': 0, 'replies_pts': 37837, 'comments': True, 'recent_repliers': [], 'channel_id': 1158181236, 'max_id': None, 'read_max_id': None}",2024-01-05T11:12:37+00:00,blackdex,,"{'_': 'MessageReactions', 'results': [{'_': 'ReactionCount', 'reaction': {'_': 'ReactionEmoji', 'emoticon': '👍'}, 'count': 2, 'chosen_order': None}], 'min': False, 'can_see_list': False, 'reactions_as_tags': False, 'recent_reactions': []}",[],
fxmods,https://t.me/fxmods,1541,2024-01-06 14:22:47,"🚨 TATA PLAY ALL LIVE TV CHANNEL'S IPTV 

NOTE : PLAY IN NETWORK STREAMER OR OTT NAVIGATOR ONLY!

Thanks  To @M3UIndia For Providing

Shared By Awesome <PERSON>",False,False,False,False,True,False,False,True,False,False,1685729649,,,,,,,,,395,6,"{'_': 'MessageReplies', 'replies': 1, 'replies_pts': 37837, 'comments': True, 'recent_repliers': [{'_': 'PeerUser', 'user_id': 1860983159}], 'channel_id': 1158181236, 'max_id': 27906, 'read_max_id': None}",2024-01-06T14:31:37+00:00,blackdex,,"{'_': 'MessageReactions', 'results': [{'_': 'ReactionCount', 'reaction': {'_': 'ReactionEmoji', 'emoticon': '👍'}, 'count': 3, 'chosen_order': None}], 'min': False, 'can_see_list': False, 'reactions_as_tags': False, 'recent_reactions': []}",[],
fxmods,https://t.me/fxmods,1542,2024-01-07 04:54:25,"💠 Xrecorder
🚛 Version : <IP_ADDRESS>
🤖 Cpu : arm64-v8a
<PERSON>
💻 Features & Mod:-
◉ Pro Unlocked
◉ Debug Info Removed
◉ Reduced size
<PERSON>📥 Link : Click Here To Download
<PERSON>
🌙 Modded By Awesome <PERSON>",False,False,False,False,True,False,False,True,False,False,1685729649,,,,,,,6.111684358961217e+18,,457,2,"{'_': 'MessageReplies', 'replies': 0, 'replies_pts': 37837, 'comments': True, 'recent_repliers': [], 'channel_id': 1158181236, 'max_id': None, 'read_max_id': None}",2024-01-07T04:54:28+00:00,blackdex,,,[],
fxmods,https://t.me/fxmods,1543,2024-01-07 05:48:29,,False,False,False,False,True,False,False,True,False,False,1685729649,,,,,,,,,419,0,"{'_': 'MessageReplies', 'replies': 0, 'replies_pts': 37837, 'comments': True, 'recent_repliers': [], 'channel_id': 1158181236, 'max_id': None, 'read_max_id': None}",2024-01-07T05:48:32+00:00,Superdock,,,[],
fxmods,https://t.me/fxmods,1544,2024-01-07 05:48:32,"2X Aha Premium account

Link: <NRP>",False,False,False,False,True,False,False,True,False,False,1685729649,,,,,,,,,385,0,"{'_': 'MessageReplies', 'replies': 0, 'replies_pts': 37837, 'comments': True, 'recent_repliers': [], 'channel_id': 1158181236, 'max_id': None, 'read_max_id': None}",2024-01-07T05:59:32+00:00,Superdock,,"{'_': 'MessageReactions', 'results': [{'_': 'ReactionCount', 'reaction': {'_': 'ReactionEmoji', 'emoticon': '🔥'}, 'count': 3, 'chosen_order': None}], 'min': False, 'can_see_list': False, 'reactions_as_tags': False, 'recent_reactions': []}",[],
fxmods,https://t.me/fxmods,1545,2024-01-07 09:43:46,"💠 Auto clicker 
🚛 Version : 2.1.4
<PERSON>
💻 Features & Mod:-
◉ Pro Unlocked
◉ Debug Info Removed
◉ Reduced size
<PERSON>📥 Link : Click Here To Download
<PERSON>
🌙 Modded By Awesome <PERSON>",False,False,False,False,True,False,False,True,False,False,1685729649,,,,,,,,,430,4,"{'_': 'MessageReplies', 'replies': 6, 'replies_pts': 37837, 'comments': True, 'recent_repliers': [{'_': 'PeerUser', 'user_id': 5798143340}, {'_': 'PeerUser', 'user_id': 5550920520}, {'_': 'PeerUser', 'user_id': 609517172}], 'channel_id': 1158181236, 'max_id': 27949, 'read_max_id': None}",2024-01-07T09:43:49+00:00,blackdex,,,[],
fxmods,https://t.me/fxmods,1546,2024-01-08 14:05:43,,False,False,False,False,True,False,False,True,False,False,1685729649,,,,,,,,,395,0,"{'_': 'MessageReplies', 'replies': 0, 'replies_pts': 37837, 'comments': True, 'recent_repliers': [], 'channel_id': 1158181236, 'max_id': None, 'read_max_id': None}",2024-01-08T14:05:46+00:00,Superdock,,,[],
fxmods,https://t.me/fxmods,1547,2024-01-08 14:05:46,"<PERSON>

link:https://satansync.com/threads/33-ip-vanish-premium-accounts.242/",False,False,False,False,True,False,False,True,False,False,1685729649,,,,,,,,,404,0,"{'_': 'MessageReplies', 'replies': 0, 'replies_pts': 37837, 'comments': True, 'recent_repliers': [], 'channel_id': 1158181236, 'max_id': None, 'read_max_id': None}",2024-01-08T14:05:49+00:00,Superdock,,,[],
fxmods,https://t.me/fxmods,1548,2024-01-10 13:20:16,"💠 Video Player - PRO Version by Recorder & Music Apps
🚛 Version : 6.6.5(88)
<PERSON>
💻 Features & Mod:-
◉ Pro Unlocked
◉ Debug Info Removed
◉ Reduced size
<PERSON>📥 Link : Click Here To Download
<PERSON>",False,False,False,False,True,False,False,True,False,False,1685729649,,,,,,,,,410,1,"{'_': 'MessageReplies', 'replies': 0, 'replies_pts': 37837, 'comments': True, 'recent_repliers': [], 'channel_id': 1158181236, 'max_id': None, 'read_max_id': None}",2024-01-10T13:20:19+00:00,blackdex,,,[],
fxmods,https://t.me/fxmods,1549,2024-01-11 06:43:35,"💠 PLAYit-All in One Video Player
📯 Version : <IP_ADDRESS>(20712007)
<PERSON> : armeabi-v7a
<PERSON>
💻 Features & Mod:-
◉ Pro Unlocked
◉ Debug Info Removed
◉ Reduced size
<PERSON>📥 Link : Click Here To Download
<PERSON>",False,False,False,False,True,False,False,False,False,False,1685729649,,,,,,,,,435,1,"{'_': 'MessageReplies', 'replies': 0, 'replies_pts': 37837, 'comments': True, 'recent_repliers': [], 'channel_id': 1158181236, 'max_id': None, 'read_max_id': None}",2024-01-11T06:45:03+00:00,blackdex,,,[],
fxmods,https://t.me/fxmods,1550,2024-01-14 10:52:14,"💠 E2PDF SMS Call Backup Restore
🚛 Version : <DATE_TIME>
<PERSON>
💻 Features & Mod:-
◉ Premium Unlocked
◉ Debug Info Removed
◉ <PERSON>
<PERSON>📥 Link : Click Here To Download
<PERSON>
🌙 Modded By Awesome <PERSON>",False,False,False,False,True,False,False,True,False,False,1685729649,,,,,,,,,367,1,"{'_': 'MessageReplies', 'replies': 0, 'replies_pts': 37837, 'comments': True, 'recent_repliers': [], 'channel_id': 1158181236, 'max_id': None, 'read_max_id': None}",2024-01-14T10:52:17+00:00,blackdex,,,[],
fxmods,https://t.me/fxmods,1551,2024-01-14 12:43:50,"Fixed.apk

💠 E2PDF SMS Call Backup Restore
🚛 Version : <DATE_TIME>
<PERSON>
💻 Features & Mod:-
◉ Premium Unlocked
◉ Debug Info Removed
◉ <PERSON>
<PERSON>📥 Link : Click Here To Download
<PERSON>
🌙 Modded By Awesome <PERSON>",False,False,False,False,True,False,False,True,False,False,1685729649,,,,,,,,,347,2,"{'_': 'MessageReplies', 'replies': 2, 'replies_pts': 37837, 'comments': True, 'recent_repliers': [{'_': 'PeerUser', 'user_id': 5798143340}, {'_': 'PeerUser', 'user_id': 21894734}], 'channel_id': 1158181236, 'max_id': 28080, 'read_max_id': None}",2024-01-14T12:43:53+00:00,blackdex,,,[],
fxmods,https://t.me/fxmods,1552,2024-01-15 02:17:53,Happy Makar Sankranti To You And Your Family 💕,False,False,False,False,True,False,False,True,False,False,1685729649,,,,,,,6.134303877240044e+18,,359,1,"{'_': 'MessageReplies', 'replies': 0, 'replies_pts': 37837, 'comments': True, 'recent_repliers': [], 'channel_id': 1158181236, 'max_id': None, 'read_max_id': None}",2024-01-15T03:42:46+00:00,blackdex,,"{'_': 'MessageReactions', 'results': [{'_': 'ReactionCount', 'reaction': {'_': 'ReactionEmoji', 'emoticon': '❤'}, 'count': 3, 'chosen_order': None}], 'min': False, 'can_see_list': False, 'reactions_as_tags': False, 'recent_reactions': []}",[],
fxmods,https://t.me/fxmods,1553,2024-01-15 04:31:15,"💠 Offline Music Mp3 Player
🚛 Version : <DATE_TIME>
<PERSON>
💻 Features & Mod:-
◉ Premium Unlocked
◉ Debug Info Removed
<PERSON>📥 Link : Click Here To Download
<PERSON>
🌙 Modded By Awesome <PERSON>",False,False,False,False,True,False,False,True,False,False,1685729649,,,,,,,,,390,1,"{'_': 'MessageReplies', 'replies': 0, 'replies_pts': 37837, 'comments': True, 'recent_repliers': [], 'channel_id': 1158181236, 'max_id': None, 'read_max_id': None}",2024-01-15T04:31:18+00:00,blackdex,,,[],
fxmods,https://t.me/fxmods,1554,2024-01-15 07:01:08,"💠 WiFi Router Manager(Pro) 
🦋 Version : 1.0.11
<PERSON>
💻 Features & Mod:-
◉ Paid Apk
◉ Debug Info Removed
<PERSON>📥 Link : Click Here To Download
<PERSON>",False,False,False,False,True,False,False,True,False,False,1685729649,,,,,,,,,434,2,"{'_': 'MessageReplies', 'replies': 0, 'replies_pts': 37837, 'comments': True, 'recent_repliers': [], 'channel_id': 1158181236, 'max_id': None, 'read_max_id': None}",2024-01-15T07:01:53+00:00,blackdex,,"{'_': 'MessageReactions', 'results': [{'_': 'ReactionCount', 'reaction': {'_': 'ReactionEmoji', 'emoticon': '👍'}, 'count': 2, 'chosen_order': None}], 'min': False, 'can_see_list': False, 'reactions_as_tags': False, 'recent_reactions': []}",[],
fxmods,https://t.me/fxmods,1555,2024-01-15 09:30:59,"💠 SD Maid Pro
🦋 Version : 5.6.1
━━━━━━━━━━━━━━━━━━
💻 Features & Mod:-
◉ Paid Apk
◉ Purchased By <PERSON>📥 Link : Click Here To Download
<PERSON>",False,False,False,False,True,False,False,True,False,False,1685729649,,,,,,,,,515,1,"{'_': 'MessageReplies', 'replies': 0, 'replies_pts': 37837, 'comments': True, 'recent_repliers': [], 'channel_id': 1158181236, 'max_id': None, 'read_max_id': None}",2024-01-15T09:31:02+00:00,blackdex,,,[],
fxmods,https://t.me/fxmods,1556,2024-01-19 12:25:42,,False,False,False,False,True,False,False,True,False,False,1685729649,,,,,,,,,413,0,"{'_': 'MessageReplies', 'replies': 0, 'replies_pts': 37837, 'comments': True, 'recent_repliers': [], 'channel_id': 1158181236, 'max_id': None, 'read_max_id': None}",2024-01-19T12:25:45+00:00,Superdock,,,[],
fxmods,https://t.me/fxmods,1557,2024-01-19 12:25:45,"<PERSON> Premium account 
link: https://satansync.com/threads/9x-ipvanish-premium-accounts.311/",False,False,False,False,True,False,False,True,False,False,1685729649,,,,,,,,,397,0,"{'_': 'MessageReplies', 'replies': 0, 'replies_pts': 37837, 'comments': True, 'recent_repliers': [], 'channel_id': 1158181236, 'max_id': None, 'read_max_id': None}",2024-01-19T12:25:45+00:00,Superdock,,,[],
fxmods,https://t.me/fxmods,1558,2024-01-21 05:03:44,,False,False,False,False,True,False,False,True,False,False,1685729649,,,,,,,,,342,0,"{'_': 'MessageReplies', 'replies': 0, 'replies_pts': 37837, 'comments': True, 'recent_repliers': [], 'channel_id': 1158181236, 'max_id': None, 'read_max_id': None}",2024-01-21T05:03:47+00:00,Superdock,,,[],
fxmods,https://t.me/fxmods,1559,2024-01-21 05:03:47,"44X Crunchyroll premium accounts

Link: https://satansync.com/threads/44x-crunchyroll-premium-accounts.335/",False,False,False,False,True,False,False,True,False,False,1685729649,,,,,,,,,325,0,"{'_': 'MessageReplies', 'replies': 0, 'replies_pts': 37837, 'comments': True, 'recent_repliers': [], 'channel_id': 1158181236, 'max_id': None, 'read_max_id': None}",2024-01-21T05:03:50+00:00,Superdock,,,[],
fxmods,https://t.me/fxmods,1560,2024-01-22 05:05:48,"जय श्रीराम, शुभ दीपावली!
🚩<PERSON>",False,False,False,False,True,False,False,True,False,False,1685729649,,,,,,,6.156473325895925e+18,,378,0,"{'_': 'MessageReplies', 'replies': 0, 'replies_pts': 37837, 'comments': True, 'recent_repliers': [], 'channel_id': 1158181236, 'max_id': None, 'read_max_id': None}",2024-01-22T05:06:17+00:00,blackdex,,"{'_': 'MessageReactions', 'results': [{'_': 'ReactionCount', 'reaction': {'_': 'ReactionEmoji', 'emoticon': '❤'}, 'count': 6, 'chosen_order': None}, {'_': 'ReactionCount', 'reaction': {'_': 'ReactionEmoji', 'emoticon': '👍'}, 'count': 1, 'chosen_order': None}, {'_': 'ReactionCount', 'reaction': {'_': 'ReactionEmoji', 'emoticon': '🔥'}, 'count': 1, 'chosen_order': None}, {'_': 'ReactionCount', 'reaction': {'_': 'ReactionEmoji', 'emoticon': '🥰'}, 'count': 1, 'chosen_order': None}], 'min': False, 'can_see_list': False, 'reactions_as_tags': False, 'recent_reactions': []}",[],
fxmods,https://t.me/fxmods,1561,2024-01-22 07:04:42,<PERSON>,False,False,False,False,True,False,False,True,False,False,1685729649,,,,,,,6.15692195240986e+18,,404,0,"{'_': 'MessageReplies', 'replies': 0, 'replies_pts': 37837, 'comments': True, 'recent_repliers': [], 'channel_id': 1158181236, 'max_id': None, 'read_max_id': None}",2024-01-22T07:04:55+00:00,blackdex,,"{'_': 'MessageReactions', 'results': [{'_': 'ReactionCount', 'reaction': {'_': 'ReactionEmoji', 'emoticon': '🥰'}, 'count': 9, 'chosen_order': None}, {'_': 'ReactionCount', 'reaction': {'_': 'ReactionEmoji', 'emoticon': '🔥'}, 'count': 1, 'chosen_order': None}, {'_': 'ReactionCount', 'reaction': {'_': 'ReactionEmoji', 'emoticon': '👌'}, 'count': 1, 'chosen_order': None}], 'min': False, 'can_see_list': False, 'reactions_as_tags': False, 'recent_reactions': []}",[],
fxmods,https://t.me/fxmods,1562,2024-01-23 05:31:25,"💠 TeraBox
🦋 Version : 3.23.4
<PERSON>
💻 Features & Mod:-
◉ Premium Unlocked
◉ Debug Info Removed
◉ Ads Removed
<PERSON>📥 Link : Click Here To Download
<PERSON>Modded By Awesome <PERSON>",False,False,False,False,True,False,False,True,False,False,1685729649,,,,,,,,,420,1,"{'_': 'MessageReplies', 'replies': 0, 'replies_pts': 37837, 'comments': True, 'recent_repliers': [], 'channel_id': 1158181236, 'max_id': None, 'read_max_id': None}",2024-01-23T05:31:28+00:00,blackdex,,,[],
fxmods,https://t.me/fxmods,1563,2024-01-24 07:36:07,,False,False,False,False,True,False,False,True,False,False,1685729649,,,,,,,,,375,0,"{'_': 'MessageReplies', 'replies': 0, 'replies_pts': 37837, 'comments': True, 'recent_repliers': [], 'channel_id': 1158181236, 'max_id': None, 'read_max_id': None}",2024-01-24T07:36:10+00:00,Superdock,,,[],
fxmods,https://t.me/fxmods,1564,2024-01-24 07:36:15,"30X Crunchyroll premium accounts 

Link: https://satansync.com/threads/30x-crunchyroll-premium-accounts.414/",False,False,False,False,True,False,False,True,False,False,1685729649,,,,,,,,,357,0,"{'_': 'MessageReplies', 'replies': 0, 'replies_pts': 37837, 'comments': True, 'recent_repliers': [], 'channel_id': 1158181236, 'max_id': None, 'read_max_id': None}",2024-01-24T08:21:46+00:00,Superdock,,"{'_': 'MessageReactions', 'results': [{'_': 'ReactionCount', 'reaction': {'_': 'ReactionEmoji', 'emoticon': '👍'}, 'count': 2, 'chosen_order': None}, {'_': 'ReactionCount', 'reaction': {'_': 'ReactionEmoji', 'emoticon': '🔥'}, 'count': 1, 'chosen_order': None}], 'min': False, 'can_see_list': False, 'reactions_as_tags': False, 'recent_reactions': []}",[],
fxmods,https://t.me/fxmods,1565,2024-01-24 08:29:45,"💠 NoMad Offline Music Player
🦋 Version : 1.27.15
<PERSON>
💻 Features & Mod:-
◉ Premium/Pro Unlocked
◉ Debug Info Removed
◉ Reduced Size
<PERSON>📥 Link : Click Here To Download
<PERSON>Modded By Awesome <PERSON>",False,False,False,False,True,False,False,True,False,False,1685729649,,,,,,,,,351,2,"{'_': 'MessageReplies', 'replies': 0, 'replies_pts': 37837, 'comments': True, 'recent_repliers': [], 'channel_id': 1158181236, 'max_id': None, 'read_max_id': None}",2024-01-24T08:33:03+00:00,blackdex,,"{'_': 'MessageReactions', 'results': [{'_': 'ReactionCount', 'reaction': {'_': 'ReactionEmoji', 'emoticon': '👍'}, 'count': 2, 'chosen_order': None}], 'min': False, 'can_see_list': False, 'reactions_as_tags': False, 'recent_reactions': []}",[],
fxmods,https://t.me/fxmods,1566,2024-01-24 13:56:43,"Hey <PERSON> is now 29rs , go buy now 😉

Ps Link: https://play.google.com/store/apps/details?id=com.mojang.minecraftpe",False,False,False,False,True,False,False,True,False,False,1685729649,,,,,,,6.165563100191899e+18,,383,0,"{'_': 'MessageReplies', 'replies': 0, 'replies_pts': 37837, 'comments': True, 'recent_repliers': [], 'channel_id': 1158181236, 'max_id': None, 'read_max_id': None}",2024-01-24T13:56:47+00:00,blackdex,,,[],
fxmods,https://t.me/fxmods,1567,2024-01-24 15:34:28,"💠 Rotation Control Pro
🦋 Version : 1.2
<PERSON>
💻 Features & Mod:-
◉ Paid Apk
<PERSON>📥 Link : Click Here To Download
<PERSON>Purchased By Awesome <PERSON>",False,False,False,False,True,False,False,True,False,False,1685729649,,,,,,,,,415,1,"{'_': 'MessageReplies', 'replies': 0, 'replies_pts': 37837, 'comments': True, 'recent_repliers': [], 'channel_id': 1158181236, 'max_id': None, 'read_max_id': None}",2024-01-24T15:34:31+00:00,blackdex,,,[],
fxmods,https://t.me/fxmods,1568,2024-01-26 02:05:20,"Happy Republic Day To All Indians 🇮🇳

#JaiHind
#JaiBharat",False,False,False,False,True,False,False,True,False,False,1685729649,,,,,,,6.16815135485865e+18,,416,1,"{'_': 'MessageReplies', 'replies': 0, 'replies_pts': 37837, 'comments': True, 'recent_repliers': [], 'channel_id': 1158181236, 'max_id': None, 'read_max_id': None}",2024-01-26T02:24:51+00:00,blackdex,,"{'_': 'MessageReactions', 'results': [{'_': 'ReactionCount', 'reaction': {'_': 'ReactionEmoji', 'emoticon': '👍'}, 'count': 2, 'chosen_order': None}], 'min': False, 'can_see_list': False, 'reactions_as_tags': False, 'recent_reactions': []}",[],
fxmods,https://t.me/fxmods,1570,2024-01-28 06:12:52,"💠 Sync Notifications
🦋 Version : 2.58
<PERSON>
💻 Features & Mod:-
◉ Removed Ads
◉ Debug Info Removed
<PERSON>📥 Link : Click Here To Download
<PERSON>Modded By Awesome <PERSON>",False,False,False,False,True,False,False,False,False,False,1685729649,,,,,,,,,365,0,"{'_': 'MessageReplies', 'replies': 0, 'replies_pts': 37837, 'comments': True, 'recent_repliers': [], 'channel_id': 1158181236, 'max_id': None, 'read_max_id': None}",2024-01-28T06:28:14+00:00,blackdex,,,[],
fxmods,https://t.me/fxmods,1572,2024-01-28 12:30:24,"💠 UniMote
🦋 Version : 1.6.3
<PERSON>
💻 Features & Mod:-
◉ Removed Ads
◉ Debug Info Removed
<PERSON>📥 Link : Click Here To Download
<PERSON>Modded By Awesome <PERSON>",False,False,False,False,True,False,False,True,False,False,1685729649,,,,,,,,,361,0,"{'_': 'MessageReplies', 'replies': 0, 'replies_pts': 37837, 'comments': True, 'recent_repliers': [], 'channel_id': 1158181236, 'max_id': None, 'read_max_id': None}",2024-01-28T12:30:27+00:00,blackdex,,,[],
fxmods,https://t.me/fxmods,1573,2024-01-29 03:31:14,"💠 App Finder
🦋 Version : 1.1.0
<PERSON>
💻 Features & Mod:-
◉ Plus Unlocked 
◉ Debug Info Removed
<PERSON>📥 Link : Click Here To Download
<PERSON>Modded By Awesome <PERSON>",False,False,False,False,True,False,False,True,False,False,1685729649,,,,,,,,,393,0,"{'_': 'MessageReplies', 'replies': 1, 'replies_pts': 37837, 'comments': True, 'recent_repliers': [{'_': 'PeerUser', 'user_id': 21894734}], 'channel_id': 1158181236, 'max_id': 28245, 'read_max_id': None}",2024-02-01T10:51:11+00:00,blackdex,,"{'_': 'MessageReactions', 'results': [], 'min': False, 'can_see_list': False, 'reactions_as_tags': False, 'recent_reactions': []}",[],
fxmods,https://t.me/fxmods,1574,2024-01-30 12:11:35,"💠 Audio Editor Maker <PERSON>
🦋 Version : <DATE_TIME>
<PERSON>
💻 Features & Mod:-
◉ Pro Unlocked 
◉ Debug Info Removed
<PERSON>📥 Link : Click Here To Download
<PERSON>Modded By Awesome <PERSON>",False,False,False,False,True,False,False,True,False,False,1685729649,,,,,,,,,419,0,"{'_': 'MessageReplies', 'replies': 0, 'replies_pts': 37837, 'comments': True, 'recent_repliers': [], 'channel_id': 1158181236, 'max_id': None, 'read_max_id': None}",2024-01-30T12:11:38+00:00,blackdex,,,[],
fxmods,https://t.me/fxmods,1575,2024-01-31 10:58:38,"💠 <PERSON>🦋 Version : 1.85F
<PERSON>
💻 Features & Mod:-
◉ Click Here
<PERSON>📥 Link : Click Here To Download
<PERSON>",False,False,False,False,True,False,False,True,False,False,1685729649,,,,,,,,,468,0,"{'_': 'MessageReplies', 'replies': 2, 'replies_pts': 37837, 'comments': True, 'recent_repliers': [{'_': 'PeerUser', 'user_id': 5392314565}, {'_': 'PeerUser', 'user_id': 5798143340}], 'channel_id': 1158181236, 'max_id': 28256, 'read_max_id': None}",2024-01-31T10:58:41+00:00,blackdex,,,[],
fxmods,https://t.me/fxmods,1576,2024-02-03 12:45:51,Link: https://satansync.com/threads/crunchyroll-premium-session.816/,False,False,False,False,True,False,False,True,False,False,1685729649,,"{'_': 'MessageFwdHeader', 'date': '2024-02-03T12:40:35+00:00', 'imported': False, 'saved_out': False, 'from_id': {'_': 'PeerChannel', 'channel_id': 1914894066}, 'from_name': None, 'channel_post': 848, 'post_author': 'Superdock ( Orginal )', 'saved_from_peer': None, 'saved_from_msg_id': None, 'saved_from_id': None, 'saved_from_name': None, 'saved_date': None, 'psa_type': None}",,,,,,,325,0,"{'_': 'MessageReplies', 'replies': 2, 'replies_pts': 37837, 'comments': True, 'recent_repliers': [{'_': 'PeerUser', 'user_id': 5525059916}, {'_': 'PeerUser', 'user_id': 1860983159}], 'channel_id': 1158181236, 'max_id': 28269, 'read_max_id': None}",2024-02-03T12:45:54+00:00,Superdock ( Orginal ),,,[],
fxmods,https://t.me/fxmods,1577,2024-02-06 11:26:54,"✅New Auto Pay Netflix Bot Launch 
——————————————————
🔘Start - Refer - Withdraw Netflix 📺 { 1 INVITE= 1 POINT}
📌 INVITE 5 FRIENDS 
——————————————————
✅ Account List From Our Bot✅

✔️ 5 Points = Private Netflix Account
✔️ 20 Points = Netflix On Mail
✔️ 8 Points = Crunchyroll premium 
——————————————————
➡️ Bot Link : <PERSON>
➡️ Bot Link : <PERSON>
——————————————————
✅What Are You Waiting For Just Start Our Bot And Grab Your Favourite Netflix Account Now...✅
——————————————————
👀HOW TO START BOT?
FIRST JOIN ALL CHANNEL AND CLICK ✅JOINED. THAN CLICK INVITE YOU GOT YOUR INVITE LINK SHARE TO YOUR FRIENDS.",False,False,False,False,True,False,False,True,False,False,1685729649,,,,,,,6.201868948371257e+18,,347,1,"{'_': 'MessageReplies', 'replies': 1, 'replies_pts': 37837, 'comments': True, 'recent_repliers': [{'_': 'PeerUser', 'user_id': 5689908502}], 'channel_id': 1158181236, 'max_id': 28369, 'read_max_id': None}",2024-02-06T11:40:05+00:00,Superdock ( Orginal ),,"{'_': 'MessageReactions', 'results': [{'_': 'ReactionCount', 'reaction': {'_': 'ReactionEmoji', 'emoticon': '👍'}, 'count': 2, 'chosen_order': None}], 'min': False, 'can_see_list': False, 'reactions_as_tags': False, 'recent_reactions': []}",[],
fxmods,https://t.me/fxmods,1578,2024-02-10 04:47:45,,False,False,False,False,True,False,False,True,False,False,1685729649,,,,,,,,,218,0,"{'_': 'MessageReplies', 'replies': 0, 'replies_pts': 37837, 'comments': True, 'recent_repliers': [], 'channel_id': 1158181236, 'max_id': None, 'read_max_id': None}",2024-02-10T04:47:48+00:00,Superdock ( Orginal ),,,[],
fxmods,https://t.me/fxmods,1579,2024-02-10 04:49:09,"10X Crunchyroll accounts

Link: Open",False,False,False,False,True,False,False,True,False,False,1685729649,,,,,,,,,195,1,"{'_': 'MessageReplies', 'replies': 1, 'replies_pts': 37837, 'comments': True, 'recent_repliers': [{'_': 'PeerUser', 'user_id': 5254194517}], 'channel_id': 1158181236, 'max_id': 28293, 'read_max_id': None}",2024-02-10T04:49:12+00:00,Superdock ( Orginal ),,,[],
fxmods,https://t.me/fxmods,1580,2024-02-10 04:55:36,Thanks,False,False,False,False,True,False,False,True,False,False,1685729649,,"{'_': 'MessageFwdHeader', 'date': '2024-02-10T04:53:17+00:00', 'imported': False, 'saved_out': False, 'from_id': None, 'from_name': 'Sampreet', 'channel_post': None, 'post_author': None, 'saved_from_peer': None, 'saved_from_msg_id': None, 'saved_from_id': None, 'saved_from_name': None, 'saved_date': None, 'psa_type': None}",,,,,6.213125881560415e+18,,211,1,"{'_': 'MessageReplies', 'replies': 0, 'replies_pts': 37837, 'comments': True, 'recent_repliers': [], 'channel_id': 1158181236, 'max_id': None, 'read_max_id': None}",2024-02-10T04:55:39+00:00,Superdock ( Orginal ),,,[],
fxmods,https://t.me/fxmods,1581,2024-02-10 04:55:36,Finally,False,False,False,False,True,False,False,True,False,False,1685729649,,"{'_': 'MessageFwdHeader', 'date': '2024-02-10T04:54:05+00:00', 'imported': False, 'saved_out': False, 'from_id': None, 'from_name': 'Electrical se', 'channel_post': None, 'post_author': None, 'saved_from_peer': None, 'saved_from_msg_id': None, 'saved_from_id': None, 'saved_from_name': None, 'saved_date': None, 'psa_type': None}",,,,,6.213125881560415e+18,,228,1,,2024-02-10T04:55:39+00:00,Superdock ( Orginal ),,,[],
fxmods,https://t.me/fxmods,1582,2024-02-10 04:55:37,Got,False,False,False,False,True,False,False,True,False,False,1685729649,,"{'_': 'MessageFwdHeader', 'date': '2024-02-10T04:55:00+00:00', 'imported': False, 'saved_out': False, 'from_id': None, 'from_name': 'Dharun M', 'channel_post': None, 'post_author': None, 'saved_from_peer': None, 'saved_from_msg_id': None, 'saved_from_id': None, 'saved_from_name': None, 'saved_date': None, 'psa_type': None}",,,,,6.213125881560415e+18,,220,1,,2024-02-10T04:55:39+00:00,Superdock ( Orginal ),,,[],
fxmods,https://t.me/fxmods,1583,2024-02-10 12:55:23,"Anime streaming/downloading 

Android
• Dantotsu (<PERSON> fork) (both manga and anime) {personal recommendation}
• Aniyomi (both manga and anime)
• Cloudstream
• Animity
• Animescrap
• Fetch
• Animiru
• AniStream
• Mangayomi (both manga and anime)
• <PERSON> (closed source)
• Kaizoyu

Windows/Linux 
• animdl
• anipy-cli
• Animos
• Mangayomi (both manga and anime)
• Akuse

IOS
• NineAnimator

some websites
• Aniwave (previously 9anime.to) {personal recommendation}
• Aniwatch (previously zoro.to)
• Gogoanime : Link_1 Link_2  (name might change to anitaku in future)
• animepahe
• kaguya
• anix
• Muse Asia (YouTube)
• AniOne Asia (YouTube)
• Anime World (In HINDI only)

Manga/manhwa/manwha

Android 
• Tachiyomi
• Tachi j2k {personal recommendation}
• Dontotsu (both manga and anime)
• Neko
• TachiyomiSY
• TachiyomiAZ
• Aniyomi (both manga and anime)
• Mangayomi (both manga and anime)

Windows
• Tachidesk
• Mangayomi (both manga and anime)
• houdoku
• Sorayomi
• Tachidesk JUI

Some websites
• Mangadex
• Manganato
• Comick {personal recommendation}
• mangafire

Have everything anime/manga/light novel
• OtakuWorld (Android + AndroidTV)",False,False,False,False,True,False,False,True,False,False,1685729649,,,,,,,,,272,8,"{'_': 'MessageReplies', 'replies': 0, 'replies_pts': 37837, 'comments': True, 'recent_repliers': [], 'channel_id': 1158181236, 'max_id': None, 'read_max_id': None}",2024-02-10T12:56:03+00:00,blackdex [ 𝐎𝐅𝐅𝐋𝐈𝐍𝐄 𝐃𝐔𝐄 𝐓𝐎 𝐄𝐗𝐀𝐌𝐒 ],,"{'_': 'MessageReactions', 'results': [{'_': 'ReactionCount', 'reaction': {'_': 'ReactionEmoji', 'emoticon': '👍'}, 'count': 2, 'chosen_order': None}], 'min': False, 'can_see_list': False, 'reactions_as_tags': False, 'recent_reactions': []}",[],
fxmods,https://t.me/fxmods,1584,2024-02-11 13:46:14,"逆向你妈的死人头







The developer is on next level  🫡",False,False,False,False,True,False,False,True,False,False,1685729649,,,,,,,6.217392819899842e+18,,256,1,"{'_': 'MessageReplies', 'replies': 2, 'replies_pts': 37837, 'comments': True, 'recent_repliers': [{'_': 'PeerUser', 'user_id': 5798143340}, {'_': 'PeerUser', 'user_id': 1249551266}], 'channel_id': 1158181236, 'max_id': 28323, 'read_max_id': None}",2024-02-11T13:47:05+00:00,blackdex [ 𝐎𝐅𝐅𝐋𝐈𝐍𝐄 𝐃𝐔𝐄 𝐓𝐎 𝐄𝐗𝐀𝐌𝐒 ],,"{'_': 'MessageReactions', 'results': [{'_': 'ReactionCount', 'reaction': {'_': 'ReactionEmoji', 'emoticon': '👍'}, 'count': 5, 'chosen_order': None}], 'min': False, 'can_see_list': False, 'reactions_as_tags': False, 'recent_reactions': []}",[],
fxmods,https://t.me/fxmods,1585,2024-02-13 12:26:13,"Successfully modified seekho app 🤣🤣🤣🤣
It was easy as eating cake 🤣



If you guys want then give reaction's 👍",False,False,False,False,True,False,False,True,False,False,1685729649,,,,,,,6.22212011430889e+18,,255,0,"{'_': 'MessageReplies', 'replies': 0, 'replies_pts': 37837, 'comments': True, 'recent_repliers': [], 'channel_id': 1158181236, 'max_id': None, 'read_max_id': None}",2024-02-13T12:26:31+00:00,blackdex [ 𝐎𝐅𝐅𝐋𝐈𝐍𝐄 𝐃𝐔𝐄 𝐓𝐎 𝐄𝐗𝐀𝐌𝐒 ],,"{'_': 'MessageReactions', 'results': [{'_': 'ReactionCount', 'reaction': {'_': 'ReactionEmoji', 'emoticon': '👍'}, 'count': 11, 'chosen_order': None}], 'min': False, 'can_see_list': False, 'reactions_as_tags': False, 'recent_reactions': []}",[],
fxmods,https://t.me/fxmods,1586,2024-02-13 13:20:41,"💠 <PERSON> Version : <DATE_TIME>
<PERSON>
💻 Features & Mod:-
◉ Premium Unlocked
◉ No Ads
◉ Debug Info Removed
<PERSON>📥 Link : Click Here To Download
<PERSON> Modified By <PERSON>

#1st_on_internet
#1st_on_telegram",False,False,False,False,True,False,False,False,False,False,1685729649,,,,,,,,,281,0,"{'_': 'MessageReplies', 'replies': 0, 'replies_pts': 37837, 'comments': True, 'recent_repliers': [], 'channel_id': 1158181236, 'max_id': None, 'read_max_id': None}",2024-02-13T13:37:22+00:00,blackdex [ 𝐎𝐅𝐅𝐋𝐈𝐍𝐄 𝐃𝐔𝐄 𝐓𝐎 𝐄𝐗𝐀𝐌𝐒 ],,"{'_': 'MessageReactions', 'results': [{'_': 'ReactionCount', 'reaction': {'_': 'ReactionEmoji', 'emoticon': '👍'}, 'count': 2, 'chosen_order': None}], 'min': False, 'can_see_list': False, 'reactions_as_tags': False, 'recent_reactions': []}",[],
fxmods,https://t.me/fxmods,1587,2024-02-15 06:46:24,"💠 Dumpster
🦋 Version : <PHONE_NUMBER>
<PERSON>
💻 Features & Mod:-
◉ Premium Unlocked
◉ No Ads
◉ All Features Unlocked 
<PERSON>📥 Link : Click Here To Download
<PERSON> Modified By Awesome <PERSON>",False,False,False,False,True,False,False,True,False,False,1685729649,,,,,,,,,275,0,"{'_': 'MessageReplies', 'replies': 0, 'replies_pts': 37837, 'comments': True, 'recent_repliers': [], 'channel_id': 1158181236, 'max_id': None, 'read_max_id': None}",2024-02-15T06:46:27+00:00,blackdex [ 𝐎𝐅𝐅𝐋𝐈𝐍𝐄 𝐃𝐔𝐄 𝐓𝐎 𝐄𝐗𝐀𝐌𝐒 ],,,[],
fxmods,https://t.me/fxmods,1588,2024-02-22 13:50:22,"<PERSON> Latest Version Mod Done ✓ 
Uploading soon;)",False,False,False,False,True,False,False,True,False,False,1685729649,,,,,,,6.249046771821034e+18,,132,0,"{'_': 'MessageReplies', 'replies': 5, 'replies_pts': 37837, 'comments': True, 'recent_repliers': [{'_': 'PeerUser', 'user_id': 1444636202}, {'_': 'PeerUser', 'user_id': 609517172}, {'_': 'PeerUser', 'user_id': 5798143340}], 'channel_id': 1158181236, 'max_id': 28357, 'read_max_id': None}",2024-02-22T14:00:18+00:00,blackdex [ 𝐎𝐅𝐅𝐋𝐈𝐍𝐄 𝐃𝐔𝐄 𝐓𝐎 𝐄𝐗𝐀𝐌𝐒 ],,"{'_': 'MessageReactions', 'results': [{'_': 'ReactionCount', 'reaction': {'_': 'ReactionEmoji', 'emoticon': '👍'}, 'count': 3, 'chosen_order': None}], 'min': False, 'can_see_list': False, 'reactions_as_tags': False, 'recent_reactions': []}",[],
fxmods,https://t.me/fxmods,1589,2024-02-22 14:00:38,"💠 TeraBox
🦋 Version : 3.24.5
<PERSON>
💻 Features & Mod:-
◉ Premium Unlocked
◉ Debug Info Removed
◉ Ads Removed
<PERSON>📥 Link : Click Here To Download
<PERSON>Modded By Awesome <PERSON>",False,False,False,False,True,False,False,True,False,False,1685729649,,,,,,,,,130,0,"{'_': 'MessageReplies', 'replies': 3, 'replies_pts': 37837, 'comments': True, 'recent_repliers': [{'_': 'PeerUser', 'user_id': 5798143340}, {'_': 'PeerUser', 'user_id': 1444636202}, {'_': 'PeerUser', 'user_id': 878609691}], 'channel_id': 1158181236, 'max_id': 28363, 'read_max_id': None}",2024-02-22T14:00:41+00:00,blackdex [ 𝐎𝐅𝐅𝐋𝐈𝐍𝐄 𝐃𝐔𝐄 𝐓𝐎 𝐄𝐗𝐀𝐌𝐒 ],,,[],
fxmods,https://t.me/fxmods,1591,2024-03-07 03:28:33,"So finnally after long time i got holiday's and so i thought to update the terabox mod , well it's working fine now i will upload it by <DATE_TIME>;)",False,False,False,False,True,False,False,True,False,False,1685729649,,,,,,,6.28930243942952e+18,,20,0,"{'_': 'MessageReplies', 'replies': 0, 'replies_pts': 37895, 'comments': True, 'recent_repliers': [], 'channel_id': 1158181236, 'max_id': None, 'read_max_id': None}",2024-03-07T03:41:41+00:00,blackdex [ 𝐎𝐅𝐅𝐋𝐈𝐍𝐄 𝐃𝐔𝐄 𝐓𝐎 𝐄𝐗𝐀𝐌𝐒 ],,"{'_': 'MessageReactions', 'results': [{'_': 'ReactionCount', 'reaction': {'_': 'ReactionEmoji', 'emoticon': '👍'}, 'count': 1, 'chosen_order': None}], 'min': False, 'can_see_list': False, 'reactions_as_tags': False, 'recent_reactions': []}",[],
fxmods,https://t.me/fxmods,1592,2024-03-07 03:36:48,"💠 TeraBox
🦋 Version : 3.24.5
<PERSON>
💻 Features & Mod:-
◉ Bug Fixes 
◉ Premium Unlocked
◉ Debug Info Removed
◉ Ads Removed
<PERSON>📥 Link : Click Here To Download
<PERSON>Modded By Awesome <PERSON>",False,False,False,False,True,False,False,True,False,False,1685729649,,,,,,,,,15,0,"{'_': 'MessageReplies', 'replies': 0, 'replies_pts': 37895, 'comments': True, 'recent_repliers': [], 'channel_id': 1158181236, 'max_id': None, 'read_max_id': None}",2024-03-07T03:41:38+00:00,blackdex [ 𝐎𝐅𝐅𝐋𝐈𝐍𝐄 𝐃𝐔𝐄 𝐓𝐎 𝐄𝐗𝐀𝐌𝐒 ],,"{'_': 'MessageReactions', 'results': [{'_': 'ReactionCount', 'reaction': {'_': 'ReactionEmoji', 'emoticon': '👍'}, 'count': 1, 'chosen_order': None}], 'min': False, 'can_see_list': False, 'reactions_as_tags': False, 'recent_reactions': []}",[],
fxmods,https://t.me/fxmods,1594,2024-03-07 19:28:47,"🔖 | Overview🎗️
Binge on Originals, International Shows, Movies, LIVE Sports, TV shows and more!

💠 Mod Info :
◉ Ads Removed Permanently
◉ Auto Login
◉ Premium Unlocked

Note: Premium Subscription Available for a Year (might renew), No Logouts , No Pin 😉

~ Reactions toh banta hai",False,False,False,False,True,False,False,False,False,False,1685729649,,,,,,,,,6,0,"{'_': 'MessageReplies', 'replies': 0, 'replies_pts': 37906, 'comments': True, 'recent_repliers': [], 'channel_id': 1158181236, 'max_id': None, 'read_max_id': None}",2024-03-07T19:30:45+00:00,regex ×͜×,,,[],
fxmods,https://t.me/fxmods,1596,2024-03-08 04:48:48,"<NRP> Remini:AI Premium
ℹ️ App Info: Click Here

Ⓜ<PERSON>:
🔰Premium Unlock
🔰All Ads Removed
🔰Enhance Photos
🔰Enhance+ Unlock
🔰Optimised/Faster

©️MODDED BY: <PERSON>

SHARE & SUPPORT US 💚",False,False,False,False,True,False,False,True,False,False,1685729649,,,,,,,,,6,0,"{'_': 'MessageReplies', 'replies': 0, 'replies_pts': 37912, 'comments': True, 'recent_repliers': [], 'channel_id': 1158181236, 'max_id': None, 'read_max_id': None}",2024-03-08T04:48:51+00:00,τнє𝗙𝗼𝗻𝗞『🇮🇳』,,,[],
fxmods,https://t.me/fxmods,1598,2024-03-09 05:53:51,"💠 <PERSON>
🦋 Version : 2.5
<PERSON>
💻 Features & Mod:-
◉ Block Ads On Tv / Mobile
◉ Premium Unlocked
◉ Debug Info Removed
◉ Ads Removed
◉ Working On Tv/Fire tv Stick 
━━━━━━━━━━━━━━━━━━
📥 Link : Click Here To Download
<PERSON>Modded By Awesome <PERSON>",False,False,False,False,True,False,False,True,False,False,1685729649,,,,,,,,,9,0,"{'_': 'MessageReplies', 'replies': 0, 'replies_pts': 37930, 'comments': True, 'recent_repliers': [], 'channel_id': 1158181236, 'max_id': None, 'read_max_id': None}",2024-03-09T05:53:54+00:00,blackdex [ 𝐎𝐅𝐅𝐋𝐈𝐍𝐄 𝐃𝐔𝐄 𝐓𝐎 𝐄𝐗𝐀𝐌𝐒 ],,,[],
fxmods,https://t.me/fxmods,1600,2024-03-12 02:02:40,"😴 <PERSON> to all our esteemed members! <DATE_TIME> bring you peace, prosperity, and spiritual fulfillment. Let's embrace the blessings of <DATE_TIME> with gratitude and compassion. Wishing you and your loved ones a blessed <DATE_TIME> filled with joy and harmony.

#RamadanMubarak",False,False,False,False,True,False,False,False,False,False,1685729649,,,,,,,6.014726022009831e+18,,17,0,"{'_': 'MessageReplies', 'replies': 0, 'replies_pts': 37981, 'comments': True, 'recent_repliers': [], 'channel_id': 1158181236, 'max_id': None, 'read_max_id': None}",2024-03-12T02:03:01+00:00,blackdex [ 𝐎𝐅𝐅𝐋𝐈𝐍𝐄 𝐃𝐔𝐄 𝐓𝐎 𝐄𝐗𝐀𝐌𝐒 ],,,[],
fxmods,https://t.me/fxmods,1602,2024-03-12 11:33:37,<DATE_TIME> paid apk for free,False,False,False,False,True,False,False,True,False,False,1685729649,,,,1601.0,0.0,0.0,,,25,1,,2024-03-12T11:46:53+00:00,blackdex [ 𝐎𝐅𝐅𝐋𝐈𝐍𝐄 𝐃𝐔𝐄 𝐓𝐎 𝐄𝐗𝐀𝐌𝐒 ],,"{'_': 'MessageReactions', 'results': [{'_': 'ReactionCount', 'reaction': {'_': 'ReactionEmoji', 'emoticon': '👍'}, 'count': 1, 'chosen_order': None}], 'min': False, 'can_see_list': False, 'reactions_as_tags': False, 'recent_reactions': []}",[],
fxmods,https://t.me/fxmods,1605,2024-03-22 15:13:55,"Ipl Available all Languages

Link :- Click me",False,False,False,False,True,False,False,True,False,False,1685729649,,,,,,,,,152,2,"{'_': 'MessageReplies', 'replies': 0, 'replies_pts': 38038, 'comments': True, 'recent_repliers': [], 'channel_id': 1158181236, 'max_id': None, 'read_max_id': None}",2024-03-22T19:29:09+00:00,blackdex,,"{'_': 'MessageReactions', 'results': [{'_': 'ReactionCount', 'reaction': {'_': 'ReactionEmoji', 'emoticon': '👍'}, 'count': 2, 'chosen_order': None}, {'_': 'ReactionCount', 'reaction': {'_': 'ReactionEmoji', 'emoticon': '😁'}, 'count': 1, 'chosen_order': None}], 'min': False, 'can_see_list': False, 'reactions_as_tags': False, 'recent_reactions': []}",[],
fxmods,https://t.me/fxmods,1606,2024-03-26 03:44:48,,False,False,False,False,True,False,False,True,False,False,1685729649,,,,,,,,,20,0,"{'_': 'MessageReplies', 'replies': 0, 'replies_pts': 38038, 'comments': True, 'recent_repliers': [], 'channel_id': 1158181236, 'max_id': None, 'read_max_id': None}",2024-03-26T03:44:51+00:00,Superdock ( Orginal ),,,[],
fxmods,https://t.me/fxmods,1607,2024-03-26 03:44:57,"6X Crunchyroll accounts

Link: Open",False,False,False,False,True,False,False,True,False,False,1685729649,,,,,,,,,20,0,"{'_': 'MessageReplies', 'replies': 0, 'replies_pts': 38038, 'comments': True, 'recent_repliers': [], 'channel_id': 1158181236, 'max_id': None, 'read_max_id': None}",2024-03-26T03:45:00+00:00,Superdock ( Orginal ),,,[],
fxmods,https://t.me/fxmods,1610,2024-03-31 03:50:41,Stay Tuned For New TeraBox Update 😎,False,False,False,False,True,False,False,True,False,False,1685729649,,,,,,,6.071401031763345e+18,,117,0,"{'_': 'MessageReplies', 'replies': 0, 'replies_pts': 38083, 'comments': True, 'recent_repliers': [], 'channel_id': 1158181236, 'max_id': None, 'read_max_id': None}",2024-03-31T03:50:44+00:00,blackdex,,,[],
fxmods,https://t.me/fxmods,1611,2024-03-31 03:54:40,"💠 TeraBox
🦋 Version : 3.26.2
<PERSON>
💻 Features & Mod:-
◉ Bug Fixes 
◉ Premium Unlocked
◉ Debug Info Removed
◉ Ads Removed
<PERSON>📥 Link : Click Here To Download
<PERSON>Modded By Awesome <PERSON>",False,False,False,False,True,False,False,True,False,False,1685729649,,,,,,,,,118,0,"{'_': 'MessageReplies', 'replies': 0, 'replies_pts': 38083, 'comments': True, 'recent_repliers': [], 'channel_id': 1158181236, 'max_id': None, 'read_max_id': None}",2024-03-31T03:54:43+00:00,blackdex,,,[],
fxmods,https://t.me/fxmods,1612,2024-04-01 10:25:55,"A new virus as been taken placed on South Asia and it's been heading towards India.
As of prime minister order soon lockdown will be held. All elections will be postponed.
Said by PANDEMIC TIMES",False,False,False,False,True,False,False,True,False,False,1685729649,,,,,,,6.078146913556873e+18,,81,1,"{'_': 'MessageReplies', 'replies': 11, 'replies_pts': 38083, 'comments': True, 'recent_repliers': [{'_': 'PeerUser', 'user_id': 21894734}, {'_': 'PeerUser', 'user_id': 5798143340}, {'_': 'PeerUser', 'user_id': 1860983159}], 'channel_id': 1158181236, 'max_id': 28516, 'read_max_id': None}",2024-04-01T10:32:16+00:00,blackdex,,"{'_': 'MessageReactions', 'results': [{'_': 'ReactionCount', 'reaction': {'_': 'ReactionEmoji', 'emoticon': '👏'}, 'count': 4, 'chosen_order': None}], 'min': False, 'can_see_list': False, 'reactions_as_tags': False, 'recent_reactions': []}",[],
