Channel ID,URL,Post ID,date,message,out,mentioned,media_unread,silent,post,from_scheduled,legacy,edit_hide,pinned,noforwards,peer_channel,from_id_user,fwd_from,via_bot_id,reply_to_msg_id,reply_to_scheduled,forum_topic,media_photo_id,reply_markup,views,forwards,replies,edit_date,post_author,grouped_id,reactions,restriction_reason,ttl_period
hexonmods,https://t.me/hexonmods,2166,2024-02-20 13:58:28,"📲 Canva Pro Invitation Link 

👤 Total Mem: 264/500 (236 Left)

⭐️ Feature - Use Paid Stuffs 

‼️ Team Created by Other 🙏

👇 ACCESS LINK/TEAM LINK👇

🔗 https://link.vipurl.in/ccDw0v 🔗

⭕ HOW TO BYPASS LINK ⭕

📣 If the team completes 500 members then you can message (Comment) me and I will prepare another team.",False,False,False,True,True,False,False,True,False,False,1834665426,,,,,,,6.11175436692814e+18,,4198.0,12.0,"{'_': 'MessageReplies', 'replies': 4, 'replies_pts': 16478, 'comments': True, 'recent_repliers': [{'_': 'PeerUser', 'user_id': 1174100666}, {'_': 'PeerChannel', 'channel_id': 1817962555}, {'_': 'PeerUser', 'user_id': 1014717692}], 'channel_id': 1817962555, 'max_id': 7221, 'read_max_id': None}",2024-02-20T14:00:05+00:00,,,"{'_': 'MessageReactions', 'results': [{'_': 'ReactionCount', 'reaction': {'_': 'ReactionEmoji', 'emoticon': '🤪'}, 'count': 4, 'chosen_order': None}, {'_': 'ReactionCount', 'reaction': {'_': 'ReactionEmoji', 'emoticon': '👍'}, 'count': 3, 'chosen_order': None}, {'_': 'ReactionCount', 'reaction': {'_': 'ReactionEmoji', 'emoticon': '❤'}, 'count': 2, 'chosen_order': None}, {'_': 'ReactionCount', 'reaction': {'_': 'ReactionEmoji', 'emoticon': '🔥'}, 'count': 1, 'chosen_order': None}], 'min': False, 'can_see_list': False, 'reactions_as_tags': False, 'recent_reactions': []}",[],
hexonmods,https://t.me/hexonmods,2167,2024-02-20 14:52:14,"📱 Chat AI - AI Chatbot Assistant v116.0 [Premium]

📲 Google Play Store Link: 
https://play.google.com/store/apps/details?id=com.msc.ai.chat.bot.aichat

📄 App Overview:
<PERSON> is an intelligent artificial intelligence interactive application that brings a unique and convenient experience to users.

🎁 Mod Information ;
■ Premium features Unlocked;
<PERSON>📥 Mirror Download Links👇
🔗 Click Here To Download [1]
🔗 Click Here To Download [2]
<PERSON>⭕ HOW TO DOWNLOAD ⭕
<PERSON>

📨  <PERSON>",False,False,False,True,True,False,False,True,False,False,1834665426,,,,,,,,,4321.0,15.0,"{'_': 'MessageReplies', 'replies': 1, 'replies_pts': 16478, 'comments': True, 'recent_repliers': [{'_': 'PeerUser', 'user_id': 609517172}], 'channel_id': 1817962555, 'max_id': 6980, 'read_max_id': None}",2024-02-20T15:06:40+00:00,,,"{'_': 'MessageReactions', 'results': [{'_': 'ReactionCount', 'reaction': {'_': 'ReactionEmoji', 'emoticon': '👍'}, 'count': 2, 'chosen_order': None}, {'_': 'ReactionCount', 'reaction': {'_': 'ReactionEmoji', 'emoticon': '❤'}, 'count': 1, 'chosen_order': None}], 'min': False, 'can_see_list': False, 'reactions_as_tags': False, 'recent_reactions': []}",[],
hexonmods,https://t.me/hexonmods,2168,2024-02-20 16:09:41,"📱 SnapEdit - AI photo editor v5.6.5 (Pro)

📲 Google Play Store Link: 
https://play.google.com/store/apps/details?id=snapedit.app.remove

🎁 Mod Information ;
■ Pro Features Unlocked
■ Onboard intro Bypassed 
■ CPUs arch: Universal
■ Full Multi Languages
■ All debug Info Removed
■ Original Signature Changed
<PERSON>📥 Mirror Download Links👇
🔗 Click Here To Download [1]
🔗 Click Here To Download [2]
<PERSON>⭕ HOW TO DOWNLOAD ⭕
<PERSON>

📨  <PERSON>",False,False,False,True,True,False,False,True,False,False,1834665426,,,,,,,,,4309.0,5.0,"{'_': 'MessageReplies', 'replies': 1, 'replies_pts': 16478, 'comments': True, 'recent_repliers': [{'_': 'PeerUser', 'user_id': 609517172}], 'channel_id': 1817962555, 'max_id': 6986, 'read_max_id': None}",2024-02-20T22:48:03+00:00,,,"{'_': 'MessageReactions', 'results': [{'_': 'ReactionCount', 'reaction': {'_': 'ReactionEmoji', 'emoticon': '👍'}, 'count': 2, 'chosen_order': None}, {'_': 'ReactionCount', 'reaction': {'_': 'ReactionEmoji', 'emoticon': '❤'}, 'count': 2, 'chosen_order': None}], 'min': False, 'can_see_list': False, 'reactions_as_tags': False, 'recent_reactions': []}",[],
hexonmods,https://t.me/hexonmods,2170,2024-02-21 00:31:01,"📱 IPTV Pro v7.1.5 (Paid) (Patched)

📲 Google Play Store Link: 
https://play.google.com/store/apps/details?id=ru.iptvremote.android.iptv.pro

📄 App Overview:
IPTV Pro is a premium streaming service that offers a wide range of live TV channels and on-demand content on various devices.
<PERSON>
📥 Mirror Download Links👇
🔗 Click Here To Download [1]
🔗 Click Here To Download [2]
<PERSON>⭕ HOW TO DOWNLOAD ⭕
<PERSON>

📨  <PERSON>",False,False,False,True,True,False,False,True,False,False,1834665426,,,,,,,,,4060.0,3.0,"{'_': 'MessageReplies', 'replies': 1, 'replies_pts': 16478, 'comments': True, 'recent_repliers': [{'_': 'PeerUser', 'user_id': 609517172}], 'channel_id': 1817962555, 'max_id': 6999, 'read_max_id': None}",2024-02-21T00:32:19+00:00,,,"{'_': 'MessageReactions', 'results': [{'_': 'ReactionCount', 'reaction': {'_': 'ReactionEmoji', 'emoticon': '👍'}, 'count': 4, 'chosen_order': None}, {'_': 'ReactionCount', 'reaction': {'_': 'ReactionEmoji', 'emoticon': '❤'}, 'count': 1, 'chosen_order': None}], 'min': False, 'can_see_list': False, 'reactions_as_tags': False, 'recent_reactions': []}",[],
hexonmods,https://t.me/hexonmods,2171,2024-02-21 00:53:22,,False,False,False,True,True,,False,,,,1834665426,,,,2165.0,False,False,,,,,,,,,,,
hexonmods,https://t.me/hexonmods,2172,2024-02-21 03:10:58,"📱 Super VPN Proxy - Proxy Master v3.3.9 [Premium]

📲 Google Play Store Link: 
https://play.google.com/store/apps/details?id=com.free.vpn.proxy.master.app

📄 App Overview:
Proxy Master - a secure, fast and free VPN trusted by 10,000,000+ users, to help you protect online privacy

🎁 Mod Information ;
■ Premium Features Unlocked;
<PERSON>📥 Mirror Download Links👇
🔗 Click Here To Download [1]
🔗 Click Here To Download [2]
<PERSON>⭕ HOW TO DOWNLOAD ⭕
<PERSON>

📨  <PERSON>",False,False,False,True,True,False,False,True,False,False,1834665426,,,,,,,,,3705.0,7.0,"{'_': 'MessageReplies', 'replies': 1, 'replies_pts': 16478, 'comments': True, 'recent_repliers': [{'_': 'PeerUser', 'user_id': 609517172}], 'channel_id': 1817962555, 'max_id': 7005, 'read_max_id': None}",2024-02-21T03:21:53+00:00,,,"{'_': 'MessageReactions', 'results': [{'_': 'ReactionCount', 'reaction': {'_': 'ReactionEmoji', 'emoticon': '👍'}, 'count': 3, 'chosen_order': None}], 'min': False, 'can_see_list': False, 'reactions_as_tags': False, 'recent_reactions': []}",[],
hexonmods,https://t.me/hexonmods,2173,2024-02-21 05:36:21,"📱 Photo Art: Hidden Face AI v2.16.0 (Premium)

📲 Google Play Store Link: 
https://play.google.com/store/apps/details?id=com.negroni.android.photoeditor.app

📄 App Overview:
Photo Art: Hidden Face AI app has amazing photo editing filters camera effects and selfie tools.

🎁 Mod Information ;
■ Premium/Pro Features Unlocked;
<PERSON>📥 Mirror Download Links👇
🔗 Click Here To Download [1]
🔗 Click Here To Download [2]
<PERSON>⭕ HOW TO DOWNLOAD ⭕
<PERSON>

📨  <PERSON>",False,False,False,True,True,False,False,True,False,False,1834665426,,,,,,,,,3677.0,8.0,"{'_': 'MessageReplies', 'replies': 1, 'replies_pts': 16478, 'comments': True, 'recent_repliers': [{'_': 'PeerUser', 'user_id': 609517172}], 'channel_id': 1817962555, 'max_id': 7007, 'read_max_id': None}",2024-02-21T05:52:20+00:00,,,"{'_': 'MessageReactions', 'results': [{'_': 'ReactionCount', 'reaction': {'_': 'ReactionEmoji', 'emoticon': '👍'}, 'count': 5, 'chosen_order': None}], 'min': False, 'can_see_list': False, 'reactions_as_tags': False, 'recent_reactions': []}",[],
hexonmods,https://t.me/hexonmods,2176,2024-02-21 09:32:31,"📱 WeNote: Notes Notepad Notebook v5.67 [Premium]

📲 Google Play Store Link: 
https://play.google.com/store/apps/details?id=com.yocto.wenote

📄 App Overview:
Simple notepad & memo. Take notes, shopping list, to-do list, calendar, reminder

🎁 Mod Information ;
■ Premium Features Unlocked;
<PERSON>📥 Mirror Download Links👇
🔗 Click Here To Download [1]
🔗 Click Here To Download [2]
<PERSON>⭕ HOW TO DOWNLOAD ⭕
<PERSON>

📨  <PERSON>",False,False,False,True,True,False,False,True,False,False,1834665426,,,,,,,,,3571.0,2.0,"{'_': 'MessageReplies', 'replies': 3, 'replies_pts': 16478, 'comments': True, 'recent_repliers': [{'_': 'PeerUser', 'user_id': 1335800307}, {'_': 'PeerUser', 'user_id': 656649359}, {'_': 'PeerUser', 'user_id': 609517172}], 'channel_id': 1817962555, 'max_id': 7041, 'read_max_id': None}",2024-02-21T10:19:39+00:00,,,"{'_': 'MessageReactions', 'results': [{'_': 'ReactionCount', 'reaction': {'_': 'ReactionEmoji', 'emoticon': '👍'}, 'count': 5, 'chosen_order': None}, {'_': 'ReactionCount', 'reaction': {'_': 'ReactionEmoji', 'emoticon': '❤'}, 'count': 1, 'chosen_order': None}], 'min': False, 'can_see_list': False, 'reactions_as_tags': False, 'recent_reactions': []}",[],
hexonmods,https://t.me/hexonmods,2177,2024-02-21 11:54:39,"📱 PhotoDirector: AI Photo Editor v18.10.5 (Premium)

📲 Google Play Store Link: 
https://play.google.com/store/apps/details?id=com.cyberlink.photodirector

📄 App Overview:
PhotoDirector is a simple and easy to use photo editor, giving you the power to quickly and easily add effects to your mobile images.

🎁 Mod Information ;
■ Premium features Unlocked;
<PERSON>📥 Mirror Download Links👇
🔗 Click Here To Download [1]
🔗 Click Here To Download [2]
<PERSON>⭕ HOW TO DOWNLOAD ⭕
<PERSON>

📨  <PERSON>",False,False,False,True,True,False,False,True,False,False,1834665426,,,,,,,,,3624.0,1.0,"{'_': 'MessageReplies', 'replies': 1, 'replies_pts': 16478, 'comments': True, 'recent_repliers': [{'_': 'PeerUser', 'user_id': 609517172}], 'channel_id': 1817962555, 'max_id': 7046, 'read_max_id': None}",2024-02-21T12:20:07+00:00,,,"{'_': 'MessageReactions', 'results': [{'_': 'ReactionCount', 'reaction': {'_': 'ReactionEmoji', 'emoticon': '👍'}, 'count': 2, 'chosen_order': None}], 'min': False, 'can_see_list': False, 'reactions_as_tags': False, 'recent_reactions': []}",[],
hexonmods,https://t.me/hexonmods,2178,2024-02-21 13:52:44,"📱 Clipboard - Copy Paste & Notes v4.12.0 (Pro)

📲 Google Play Store Link: 
https://play.google.com/store/apps/details?id=com.mason.ship.clipboard

📄 App Overview:
Copy and paste text, manage clipboard history, backup restore clipboard history.

🎁 Mod Information ;
■ Pro/VIP Feature Unlocked 
<PERSON>📥 Mirror Download Links👇
🔗 Click Here To Download [1]
🔗 Click Here To Download [2]
<PERSON>⭕ HOW TO DOWNLOAD ⭕
<PERSON>

📨  <PERSON>",False,False,False,True,True,False,False,True,False,False,1834665426,,,,,,,,,3748.0,3.0,"{'_': 'MessageReplies', 'replies': 1, 'replies_pts': 16478, 'comments': True, 'recent_repliers': [{'_': 'PeerUser', 'user_id': 609517172}], 'channel_id': 1817962555, 'max_id': 7053, 'read_max_id': None}",2024-02-21T14:38:37+00:00,,,"{'_': 'MessageReactions', 'results': [{'_': 'ReactionCount', 'reaction': {'_': 'ReactionEmoji', 'emoticon': '👍'}, 'count': 6, 'chosen_order': None}], 'min': False, 'can_see_list': False, 'reactions_as_tags': False, 'recent_reactions': []}",[],
hexonmods,https://t.me/hexonmods,2180,2024-02-21 15:01:03,"📱 Meme Generator PRO v4.6532 [Patched] [Mod]

📲 Google Play Store Link: 
https://play.google.com/store/apps/details?id=com.zombodroid.MemeGeneratorFullGplay

📄 App Overview:
With Meme Generator you can create the funniest memes and share them with your friends through your favorite apps.

🎁 Mod Information ;
■ Pro/VIP Feature Unlocked 
<PERSON>📥 Mirror Download Links👇
🔗 Click Here To Download [1]
🔗 Click Here To Download [2]
<PERSON>⭕ HOW TO DOWNLOAD ⭕
<PERSON>

📨  <PERSON>",False,False,False,True,True,False,False,True,False,False,1834665426,,,,,,,,,3804.0,2.0,"{'_': 'MessageReplies', 'replies': 1, 'replies_pts': 16478, 'comments': True, 'recent_repliers': [{'_': 'PeerUser', 'user_id': 609517172}], 'channel_id': 1817962555, 'max_id': 7056, 'read_max_id': None}",2024-02-21T15:09:02+00:00,,,"{'_': 'MessageReactions', 'results': [{'_': 'ReactionCount', 'reaction': {'_': 'ReactionEmoji', 'emoticon': '👍'}, 'count': 3, 'chosen_order': None}], 'min': False, 'can_see_list': False, 'reactions_as_tags': False, 'recent_reactions': []}",[],
hexonmods,https://t.me/hexonmods,2226,2024-02-25 02:35:02,"📱 Wallpaper 4K: Cool Backgrounds v1.6.6 (Pro)

📲 Google Play Store Link: 
<PERSON>:
This 4K wallpapers app presents a curated collection of cool backgrounds that will leave you in awe. From mesmerizing landscapes to vibrant illustrations

🎁 Mod Information ;
■ Premium Features Unlocked;
<PERSON>📥 Mirror Download Links👇
🔗 Click Here To Download [1]
🔗 Click Here To Download [2]
<PERSON>⭕️ HOW TO DOWNLOAD ⭕️
<PERSON>

📨  <PERSON>",False,False,False,True,True,False,False,True,False,False,1834665426,,,,,,,,,259.0,0.0,"{'_': 'MessageReplies', 'replies': 1, 'replies_pts': 16478, 'comments': True, 'recent_repliers': [{'_': 'PeerUser', 'user_id': 609517172}], 'channel_id': 1817962555, 'max_id': 7264, 'read_max_id': None}",2024-02-25T02:45:42+00:00,,,"{'_': 'MessageReactions', 'results': [{'_': 'ReactionCount', 'reaction': {'_': 'ReactionEmoji', 'emoticon': '👍'}, 'count': 3, 'chosen_order': None}], 'min': False, 'can_see_list': False, 'reactions_as_tags': False, 'recent_reactions': []}",[],
hexonmods,https://t.me/hexonmods,2228,2024-02-25 04:37:41,"📱 AutoResponder for Messenger v3.5.8 [Premium]

📲 Google Play Store Link: 
https://play.google.com/store/apps/details?id=tkstudio.autoresponderforfb

📄 App Overview:
Automatically reply to any Facebook Messenger and Business Suite messages.

🎁 Mod Information ;
■ PRO Features Unlocked;
■ Apk Fully Optimized;
■ All debug Info Removed;
■ CPU Arch: Universal;
<PERSON>",False,False,False,True,True,False,False,True,False,False,1834665426,,,,,,,,,1014.0,1.0,"{'_': 'MessageReplies', 'replies': 0, 'replies_pts': 16502, 'comments': True, 'recent_repliers': [], 'channel_id': 1817962555, 'max_id': None, 'read_max_id': None}",2024-02-25T04:40:16+00:00,,,"{'_': 'MessageReactions', 'results': [{'_': 'ReactionCount', 'reaction': {'_': 'ReactionEmoji', 'emoticon': '👍'}, 'count': 3, 'chosen_order': None}], 'min': False, 'can_see_list': False, 'reactions_as_tags': False, 'recent_reactions': []}",[],
hexonmods,https://t.me/hexonmods,2229,2024-02-25 05:52:01,"📱 Noizz: video editor with music <PERSON> (Pro)

📲 Google Play Store Link: 
https://play.google.com/store/apps/details?id=com.yy.biu

📄 App Overview:
Noizz offers a wide range of powerful editing tools and features that allow users to create stunning videos with just a few taps.

🎁 Mod Information ;
■ Premium features unlocked;
<PERSON>📥 Mirror Download Links👇
🔗 Click Here To Download [1]
🔗 Click Here To Download [2]
<PERSON>⭕ HOW TO DOWNLOAD ⭕
<PERSON>

📨  <PERSON>",False,False,False,True,True,False,False,True,False,False,1834665426,,,,,,,,,748.0,2.0,"{'_': 'MessageReplies', 'replies': 1, 'replies_pts': 16502, 'comments': True, 'recent_repliers': [{'_': 'PeerUser', 'user_id': 609517172}], 'channel_id': 1817962555, 'max_id': 7271, 'read_max_id': None}",2024-02-25T06:22:50+00:00,,,"{'_': 'MessageReactions', 'results': [], 'min': False, 'can_see_list': False, 'reactions_as_tags': False, 'recent_reactions': []}",[],
hexonmods,https://t.me/hexonmods,2230,2024-02-25 06:43:40,"📱 Wifi Hotspot - Speed Test v1.0.8 [PRO]

📲 Google Play Store Link: 
https://play.google.com/store/apps/details?id=co.piontech.wifihotspot.mobilehotspot.wifimanager

📄 App Overview:
Wifi Hotspot - Speed Test: The optimal WiFi sharing and management solution for you

🎁 Mod Information ;
■ Premium features unlocked;
<PERSON>📥 Mirror Download Links👇
🔗 Click Here To Download [1]
🔗 Click Here To Download [2]
<PERSON>⭕ HOW TO DOWNLOAD ⭕
<PERSON>

📨  <PERSON>",False,False,False,True,True,False,False,True,False,False,1834665426,,,,,,,,,529.0,1.0,"{'_': 'MessageReplies', 'replies': 1, 'replies_pts': 16502, 'comments': True, 'recent_repliers': [{'_': 'PeerUser', 'user_id': 609517172}], 'channel_id': 1817962555, 'max_id': 7273, 'read_max_id': None}",2024-02-25T07:43:19+00:00,,,"{'_': 'MessageReactions', 'results': [{'_': 'ReactionCount', 'reaction': {'_': 'ReactionEmoji', 'emoticon': '👍'}, 'count': 1, 'chosen_order': None}], 'min': False, 'can_see_list': False, 'reactions_as_tags': False, 'recent_reactions': []}",[],
hexonmods,https://t.me/hexonmods,2232,2024-02-25 11:22:05,"📱 WhisperAI - your ai friends v1.2.16 (VIP)

📲 Google Play Store Link: 
https://play.google.com/store/apps/details?id=com.bytejourney.and.whisper

📄 App Overview:
WhisperAI is an advanced AI system designed for computer generated voices, capable of producing natural and high-quality speech synthesis.

🎁 Mod Information ;
■ Pro/VIP Feature Unlocked 
<PERSON>📥 Mirror Download Links👇
🔗 Click Here To Download [1]
🔗 Click Here To Download [2]
<PERSON>⭕ HOW TO DOWNLOAD ⭕
<PERSON>

📨  <PERSON>",False,False,False,True,True,False,False,True,False,False,1834665426,,,,,,,,,5172.0,5.0,"{'_': 'MessageReplies', 'replies': 1, 'replies_pts': 17228, 'comments': True, 'recent_repliers': [{'_': 'PeerUser', 'user_id': 609517172}], 'channel_id': 1817962555, 'max_id': 7289, 'read_max_id': None}",2024-02-25T12:44:29+00:00,,,"{'_': 'MessageReactions', 'results': [{'_': 'ReactionCount', 'reaction': {'_': 'ReactionEmoji', 'emoticon': '👍'}, 'count': 6, 'chosen_order': None}, {'_': 'ReactionCount', 'reaction': {'_': 'ReactionEmoji', 'emoticon': '🔥'}, 'count': 2, 'chosen_order': None}, {'_': 'ReactionCount', 'reaction': {'_': 'ReactionEmoji', 'emoticon': '❤'}, 'count': 1, 'chosen_order': None}], 'min': False, 'can_see_list': False, 'reactions_as_tags': False, 'recent_reactions': []}",[],
hexonmods,https://t.me/hexonmods,2233,2024-02-25 13:56:41,"📱 Photoleap: Photo Editor/AI Art v1.48.0 (Premium)

📲 Google Play Store Link: 
<PERSON> Mod Information ;
■ Premium Features Unlocked
■ Apk Fully Optimized
■ All debug Info Removed
■ CPUs arch: Universal 
<PERSON>📥 Mirror Download Links👇
🔗 Click Here To Download [1]
🔗 Click Here To Download [2]
<PERSON>⭕ HOW TO DOWNLOAD ⭕
<PERSON>

📨  <PERSON>",False,False,False,True,True,False,False,True,False,False,1834665426,,,,,,,,,5244.0,7.0,"{'_': 'MessageReplies', 'replies': 1, 'replies_pts': 17228, 'comments': True, 'recent_repliers': [{'_': 'PeerUser', 'user_id': 609517172}], 'channel_id': 1817962555, 'max_id': 7291, 'read_max_id': None}",2024-02-25T14:04:22+00:00,,,"{'_': 'MessageReactions', 'results': [{'_': 'ReactionCount', 'reaction': {'_': 'ReactionEmoji', 'emoticon': '👍'}, 'count': 4, 'chosen_order': None}], 'min': False, 'can_see_list': False, 'reactions_as_tags': False, 'recent_reactions': []}",[],
hexonmods,https://t.me/hexonmods,2234,2024-02-25 15:58:04,"📲 Canva Pro Invitation Link 

👤 Total Mem: 170/500 (330 Left)

⭐️ Feature - Use Paid Stuffs 

‼️ Team Created by Other 🙏

👇 ACCESS LINK/TEAM LINK👇

🔗 https://link.vipurl.in/BEKOd 🔗

⭕ HOW TO BYPASS LINK ⭕

📣 If the team completes 500 members then you can message (Comment) me and I will prepare another team.",False,False,False,True,True,False,False,True,False,False,1834665426,,,,,,,6.11175436692814e+18,,5329.0,11.0,"{'_': 'MessageReplies', 'replies': 1, 'replies_pts': 17228, 'comments': True, 'recent_repliers': [{'_': 'PeerUser', 'user_id': 425111168}], 'channel_id': 1817962555, 'max_id': 7429, 'read_max_id': None}",2024-02-25T15:59:26+00:00,,,"{'_': 'MessageReactions', 'results': [{'_': 'ReactionCount', 'reaction': {'_': 'ReactionEmoji', 'emoticon': '👍'}, 'count': 13, 'chosen_order': None}, {'_': 'ReactionCount', 'reaction': {'_': 'ReactionEmoji', 'emoticon': '❤'}, 'count': 5, 'chosen_order': None}], 'min': False, 'can_see_list': False, 'reactions_as_tags': False, 'recent_reactions': []}",[],
hexonmods,https://t.me/hexonmods,2235,2024-02-26 01:24:14,"📱 Web Video Cast Browser to TV v5.10.0 build 4896 [Premium] [Mod Extra]

📲 Google Play Store Link: 
<PERSON>:
Web Video Caster® allows you to watch on your TV videos from your favorite websites including movies, TV shows, live streams of news, sports, and IPTV.

🎁 Mod Information ;
■ Premium features unlocked;
<PERSON>📥 Mirror Download Links👇
🔗 Click Here To Download [1]
🔗 Click Here To Download [2]
<PERSON>⭕ HOW TO DOWNLOAD ⭕
<PERSON>

📨  <PERSON>",False,False,False,True,True,False,False,True,False,False,1834665426,,,,,,,,,4836.0,4.0,"{'_': 'MessageReplies', 'replies': 1, 'replies_pts': 17228, 'comments': True, 'recent_repliers': [{'_': 'PeerUser', 'user_id': 609517172}], 'channel_id': 1817962555, 'max_id': 7322, 'read_max_id': None}",2024-02-26T01:34:00+00:00,,,"{'_': 'MessageReactions', 'results': [{'_': 'ReactionCount', 'reaction': {'_': 'ReactionEmoji', 'emoticon': '👍'}, 'count': 6, 'chosen_order': None}], 'min': False, 'can_see_list': False, 'reactions_as_tags': False, 'recent_reactions': []}",[],
hexonmods,https://t.me/hexonmods,2236,2024-02-26 05:08:16,"📱 AI Chat - Chatbot Assistant v1.36 (PRO)

📲 Google Play Store Link: 
<PERSON> Overview:
An AI chatbot assistant is a computer program designed to interact with users and provide helpful information or perform tasks.

🎁 Mod Information ;
■ PRO features Unlocked;
<PERSON>📥 Mirror Download Links👇
🔗 Click Here To Download [1]
🔗 Click Here To Download [2]
<PERSON>⭕ HOW TO DOWNLOAD ⭕
<PERSON>

📨  <PERSON>",False,False,False,True,True,False,False,True,False,False,1834665426,,,,,,,,,4340.0,8.0,"{'_': 'MessageReplies', 'replies': 1, 'replies_pts': 17228, 'comments': True, 'recent_repliers': [{'_': 'PeerUser', 'user_id': 609517172}], 'channel_id': 1817962555, 'max_id': 7326, 'read_max_id': None}",2024-02-26T07:01:31+00:00,,,"{'_': 'MessageReactions', 'results': [{'_': 'ReactionCount', 'reaction': {'_': 'ReactionEmoji', 'emoticon': '👍'}, 'count': 5, 'chosen_order': None}], 'min': False, 'can_see_list': False, 'reactions_as_tags': False, 'recent_reactions': []}",[],
hexonmods,https://t.me/hexonmods,2237,2024-02-26 06:29:18,"📱 Super VPN Proxy - Proxy Master v3.4.0 [Premium]

📲 Google Play Store Link: 
https://play.google.com/store/apps/details?id=com.free.vpn.proxy.master.app

📄 App Overview:
Proxy Master - a secure, fast and free VPN trusted by 10,000,000+ users, to help you protect online privacy

🎁 Mod Information ;
■ Premium Features Unlocked;
<PERSON>📥 Mirror Download Links👇
🔗 Click Here To Download [1]
🔗 Click Here To Download [2]
<PERSON>⭕ HOW TO DOWNLOAD ⭕
<PERSON>

📨  <PERSON>",False,False,False,True,True,False,False,True,False,False,1834665426,,,,,,,,,4499.0,8.0,"{'_': 'MessageReplies', 'replies': 1, 'replies_pts': 17228, 'comments': True, 'recent_repliers': [{'_': 'PeerUser', 'user_id': 609517172}], 'channel_id': 1817962555, 'max_id': 7334, 'read_max_id': None}",2024-02-26T07:01:34+00:00,,,"{'_': 'MessageReactions', 'results': [{'_': 'ReactionCount', 'reaction': {'_': 'ReactionEmoji', 'emoticon': '👍'}, 'count': 4, 'chosen_order': None}], 'min': False, 'can_see_list': False, 'reactions_as_tags': False, 'recent_reactions': []}",[],
hexonmods,https://t.me/hexonmods,2238,2024-02-26 08:40:52,"📱 SnapBG: Remove Background AI (MagicCut) v4.0.0 (Pro)

📲 Google Play Store Link: 
https://play.google.com/store/apps/details?id=snapedit.app.magiccut

📄 App Overview:
SnapBG utilizes powerful algorithms and machine learning technology to automatically detect and remove backgrounds from your images.

🎁 Mod Information ;
■ Pro Features Unlocked;
<PERSON>📥 Mirror Download Links👇
🔗 Click Here To Download [1]
🔗 Click Here To Download [2]
<PERSON>⭕ HOW TO DOWNLOAD ⭕
<PERSON>

📨  <PERSON>",False,False,False,True,True,False,False,True,False,False,1834665426,,,,,,,,,4489.0,3.0,"{'_': 'MessageReplies', 'replies': 1, 'replies_pts': 17228, 'comments': True, 'recent_repliers': [{'_': 'PeerUser', 'user_id': 609517172}], 'channel_id': 1817962555, 'max_id': 7336, 'read_max_id': None}",2024-02-26T08:59:55+00:00,,,"{'_': 'MessageReactions', 'results': [{'_': 'ReactionCount', 'reaction': {'_': 'ReactionEmoji', 'emoticon': '👍'}, 'count': 7, 'chosen_order': None}], 'min': False, 'can_see_list': False, 'reactions_as_tags': False, 'recent_reactions': []}",[],
hexonmods,https://t.me/hexonmods,2239,2024-02-26 09:25:30,"📱 NetGuard - no-root firewall v2.328 [Final] [Pro] [Mod]

📲 Google Play Store Link: 
https://play.google.com/store/apps/details?id=eu.faircode.netguard&hl=en

📄 App Overview:
NetGuard is an internet security app which offers simple and advanced ways to restrict apps' access to the internet.

🎁 Mod Information ;
■ Premium Features Unlocked;
<PERSON>📥 Mirror Download Links👇
🔗 Click Here To Download [1]
🔗 Click Here To Download [2]
<PERSON>⭕ HOW TO DOWNLOAD ⭕
<PERSON>

📨  <PERSON>",False,False,False,True,True,False,False,True,False,False,1834665426,,,,,,,,,4761.0,6.0,"{'_': 'MessageReplies', 'replies': 1, 'replies_pts': 17228, 'comments': True, 'recent_repliers': [{'_': 'PeerUser', 'user_id': 609517172}], 'channel_id': 1817962555, 'max_id': 7338, 'read_max_id': None}",2024-02-26T09:57:59+00:00,,,"{'_': 'MessageReactions', 'results': [{'_': 'ReactionCount', 'reaction': {'_': 'ReactionEmoji', 'emoticon': '👍'}, 'count': 6, 'chosen_order': None}, {'_': 'ReactionCount', 'reaction': {'_': 'ReactionEmoji', 'emoticon': '😢'}, 'count': 1, 'chosen_order': None}], 'min': False, 'can_see_list': False, 'reactions_as_tags': False, 'recent_reactions': []}",[],
hexonmods,https://t.me/hexonmods,2240,2024-02-26 11:46:12,"📱 Chat AI - AI Chatbot Assistant <PERSON> [Premium]

📲 Google Play Store Link: 
https://play.google.com/store/apps/details?id=com.msc.ai.chat.bot.aichat

📄 App Overview:
<PERSON> is an intelligent artificial intelligence interactive application that brings a unique and convenient experience to users.

🎁 Mod Information ;
■ Premium features Unlocked;
<PERSON>📥 Mirror Download Links👇
🔗 Click Here To Download [1]
🔗 Click Here To Download [2]
<PERSON>⭕ HOW TO DOWNLOAD ⭕
<PERSON>

📨  <PERSON>",False,False,False,True,True,False,False,True,False,False,1834665426,,,,,,,,,4830.0,8.0,"{'_': 'MessageReplies', 'replies': 1, 'replies_pts': 17228, 'comments': True, 'recent_repliers': [{'_': 'PeerUser', 'user_id': 609517172}], 'channel_id': 1817962555, 'max_id': 7342, 'read_max_id': None}",2024-02-26T11:59:19+00:00,,,"{'_': 'MessageReactions', 'results': [{'_': 'ReactionCount', 'reaction': {'_': 'ReactionEmoji', 'emoticon': '👍'}, 'count': 5, 'chosen_order': None}, {'_': 'ReactionCount', 'reaction': {'_': 'ReactionEmoji', 'emoticon': '😢'}, 'count': 2, 'chosen_order': None}], 'min': False, 'can_see_list': False, 'reactions_as_tags': False, 'recent_reactions': []}",[],
hexonmods,https://t.me/hexonmods,2241,2024-02-26 14:03:53,"📱 inShot - Video Editor & Maker v2.020.1441 (Pro)

📲 Google Play Store Link: 
https://play.google.com/store/apps/details?id=com.camerasideas.instashot

🎁 Mod Information ;
■ Pro Features Unlocked
■ AOSP Compatible/No Google
■ CPUs: arm64, arm-v7a
■ Full Multi Languages
■ All debug Info Removed
<PERSON>📥 Mirror Download Links👇
🔗 Click Here To Download [1]
🔗 Click Here To Download [2]
<PERSON>⭕ HOW TO DOWNLOAD ⭕
<PERSON>

📨  <PERSON>",False,False,False,True,True,False,False,True,False,False,1834665426,,,,,,,,,4836.0,8.0,"{'_': 'MessageReplies', 'replies': 1, 'replies_pts': 17228, 'comments': True, 'recent_repliers': [{'_': 'PeerUser', 'user_id': 609517172}], 'channel_id': 1817962555, 'max_id': 7354, 'read_max_id': None}",2024-02-26T14:05:17+00:00,,,"{'_': 'MessageReactions', 'results': [{'_': 'ReactionCount', 'reaction': {'_': 'ReactionEmoji', 'emoticon': '👍'}, 'count': 8, 'chosen_order': None}], 'min': False, 'can_see_list': False, 'reactions_as_tags': False, 'recent_reactions': []}",[],
hexonmods,https://t.me/hexonmods,2242,2024-02-27 00:30:42,"📱 Universal TV Remote Control v1.6.4 build 44 [Pro]

📲 Google Play Store Link: 
https://play.google.com/store/apps/details?id=sensustech.universal.tv.remote.control

📄 App Overview:
UniMote - Universal Remote Control for all TV. Our app will help you to control your TV. Your Android device will become tv remote control for Smart TV Samsung LG Android TV Google TV Roku Fire TV Sony etc.

🎁 Mod Information ;
■ Premium Features Unlocked;
<PERSON>📥 Mirror Download Links👇
🔗 Click Here To Download [1]
🔗 Click Here To Download [2]
<PERSON>⭕ HOW TO DOWNLOAD ⭕
<PERSON>

📨  <PERSON>",False,False,False,True,True,False,False,True,False,False,1834665426,,,,,,,,,4323.0,7.0,"{'_': 'MessageReplies', 'replies': 1, 'replies_pts': 17228, 'comments': True, 'recent_repliers': [{'_': 'PeerUser', 'user_id': 609517172}], 'channel_id': 1817962555, 'max_id': 7366, 'read_max_id': None}",2024-02-27T00:50:46+00:00,,,"{'_': 'MessageReactions', 'results': [{'_': 'ReactionCount', 'reaction': {'_': 'ReactionEmoji', 'emoticon': '👍'}, 'count': 6, 'chosen_order': None}, {'_': 'ReactionCount', 'reaction': {'_': 'ReactionEmoji', 'emoticon': '❤'}, 'count': 1, 'chosen_order': None}, {'_': 'ReactionCount', 'reaction': {'_': 'ReactionEmoji', 'emoticon': '🔥'}, 'count': 1, 'chosen_order': None}], 'min': False, 'can_see_list': False, 'reactions_as_tags': False, 'recent_reactions': []}",[],
hexonmods,https://t.me/hexonmods,2243,2024-02-27 02:50:39,"📱 <PERSON> AI anything v5.0.8 b511 (Premium) (Gemini Bot)

📲 Google Play Store Link:
<PERSON> Mod Information :
■ Premium Features Unlocked
■ Oneboard Intro Disabled
■ Rating dialog Disabled
■ Apk Fully Optimized
■ All debug Info Removed
■ CPUs arch: arm64-v8a 
<PERSON>📥 Mirror Download Links👇
🔗 Click Here To Download [1]
🔗 Click Here To Download [2]
<PERSON>⭕️ HOW TO DOWNLOAD ⭕️
<PERSON>

📨  <PERSON>",False,False,False,True,True,False,False,True,False,False,1834665426,,,,,,,,,4348.0,7.0,"{'_': 'MessageReplies', 'replies': 1, 'replies_pts': 17228, 'comments': True, 'recent_repliers': [{'_': 'PeerUser', 'user_id': 609517172}], 'channel_id': 1817962555, 'max_id': 7368, 'read_max_id': None}",2024-02-27T08:12:20+00:00,,,"{'_': 'MessageReactions', 'results': [{'_': 'ReactionCount', 'reaction': {'_': 'ReactionEmoji', 'emoticon': '👍'}, 'count': 3, 'chosen_order': None}], 'min': False, 'can_see_list': False, 'reactions_as_tags': False, 'recent_reactions': []}",[],
hexonmods,https://t.me/hexonmods,2244,2024-02-27 04:34:33,"📱 Truecaller: Identify Caller ID v13.56.8 [Gold] [Mod Lite]

📲 Google Play Store Link: 
https://play.google.com/store/apps/details?id=com.truecaller

🎁 Mod Information ;
■ Gold Feature Unlocked
■ Multi Languages Support
■ CPUs: arm-v7a, arm64-v8a
■ Debug info Removed
★ Cloud & Assistant not working
★ Google drive backup broken.
<PERSON>
📥 Mirror Download Links👇
🔗 Click Here To Download [1]
🔗 Click Here To Download [2]
<PERSON>⭕ HOW TO DOWNLOAD ⭕
<PERSON>

📨  <PERSON>",False,False,False,True,True,False,False,True,False,False,1834665426,,,,,,,,,4220.0,3.0,"{'_': 'MessageReplies', 'replies': 1, 'replies_pts': 17228, 'comments': True, 'recent_repliers': [{'_': 'PeerUser', 'user_id': 609517172}], 'channel_id': 1817962555, 'max_id': 7370, 'read_max_id': None}",2024-02-27T04:35:43+00:00,,,"{'_': 'MessageReactions', 'results': [{'_': 'ReactionCount', 'reaction': {'_': 'ReactionEmoji', 'emoticon': '👍'}, 'count': 10, 'chosen_order': None}, {'_': 'ReactionCount', 'reaction': {'_': 'ReactionEmoji', 'emoticon': '❤'}, 'count': 1, 'chosen_order': None}], 'min': False, 'can_see_list': False, 'reactions_as_tags': False, 'recent_reactions': []}",[],
hexonmods,https://t.me/hexonmods,2245,2024-02-27 06:39:39,"📱 Flirtly: AI Girl & Companion v1.90 (Pro)

📲 Google Play Store Link:
https://play.google.com/store/apps/details?id=com.flirtly.aidate

🎁 Mod Information :
■ PRO Features Unlocked
■ Ads Disabled (Except credit)
■ Maximum Coin Added
■ Apk Fully Optimized
■ All debug Info Removed
■ CPUs arch: Universal
<PERSON>📥 Mirror Download Links👇
🔗 Click Here To Download [1]
🔗 Click Here To Download [2]
<PERSON>⭕ HOW TO DOWNLOAD ⭕
<PERSON>

📨  <PERSON>",False,False,False,True,True,False,False,True,False,False,1834665426,,,,,,,,,4114.0,7.0,"{'_': 'MessageReplies', 'replies': 1, 'replies_pts': 17228, 'comments': True, 'recent_repliers': [{'_': 'PeerUser', 'user_id': 609517172}], 'channel_id': 1817962555, 'max_id': 7378, 'read_max_id': None}",2024-02-27T06:39:48+00:00,,,"{'_': 'MessageReactions', 'results': [{'_': 'ReactionCount', 'reaction': {'_': 'ReactionEmoji', 'emoticon': '👍'}, 'count': 7, 'chosen_order': None}], 'min': False, 'can_see_list': False, 'reactions_as_tags': False, 'recent_reactions': []}",[],
hexonmods,https://t.me/hexonmods,2246,2024-02-27 08:32:39,"📱 Grammar Check by AI Writing v1.7.0 (Premium)

📲 Google Play Store Link: 
https://play.google.com/store/apps/details?id=ai.metaverselabs.grammargpt

📄 App Overview:
Enhance your writing skills with the assistance of Grammar Check by AI Writing a comprehensive grammar spelling

🎁 Mod Information ;
■ Premium Features Unlocked;
<PERSON>📥 Mirror Download Links👇
🔗 Click Here To Download [1]
🔗 Click Here To Download [2]
<PERSON>⭕ HOW TO DOWNLOAD ⭕
<PERSON>

📨  <PERSON>",False,False,False,True,True,False,False,True,False,False,1834665426,,,,,,,,,4124.0,8.0,"{'_': 'MessageReplies', 'replies': 1, 'replies_pts': 17228, 'comments': True, 'recent_repliers': [{'_': 'PeerUser', 'user_id': 609517172}], 'channel_id': 1817962555, 'max_id': 7380, 'read_max_id': None}",2024-02-27T08:34:00+00:00,,,"{'_': 'MessageReactions', 'results': [{'_': 'ReactionCount', 'reaction': {'_': 'ReactionEmoji', 'emoticon': '👍'}, 'count': 11, 'chosen_order': None}, {'_': 'ReactionCount', 'reaction': {'_': 'ReactionEmoji', 'emoticon': '🥰'}, 'count': 1, 'chosen_order': None}], 'min': False, 'can_see_list': False, 'reactions_as_tags': False, 'recent_reactions': []}",[],
hexonmods,https://t.me/hexonmods,2247,2024-02-27 11:16:39,"📱 Internet Speed Test: Wifi Test v1.1.1 (Premium)

📲 Google Play Store Link: 
https://play.google.com/store/apps/details?id=com.topzonestudio.internet.speed.test.meter.speedx

📄 App Overview:
Network speed test & Wifi analyzer. Broadband speed check & ping test.

🎁 Mod Information ;
■ Premium features unlocked;
<PERSON>📥 Mirror Download Links👇
🔗 Click Here To Download [1]
🔗 Click Here To Download [2]
<PERSON>⭕ HOW TO DOWNLOAD ⭕
<PERSON>

📨  <PERSON>",False,False,False,True,True,False,False,True,False,False,1834665426,,,,,,,,,4272.0,0.0,"{'_': 'MessageReplies', 'replies': 1, 'replies_pts': 17228, 'comments': True, 'recent_repliers': [{'_': 'PeerUser', 'user_id': 609517172}], 'channel_id': 1817962555, 'max_id': 7388, 'read_max_id': None}",2024-02-27T11:18:26+00:00,,,"{'_': 'MessageReactions', 'results': [{'_': 'ReactionCount', 'reaction': {'_': 'ReactionEmoji', 'emoticon': '👍'}, 'count': 5, 'chosen_order': None}, {'_': 'ReactionCount', 'reaction': {'_': 'ReactionEmoji', 'emoticon': '❤'}, 'count': 1, 'chosen_order': None}], 'min': False, 'can_see_list': False, 'reactions_as_tags': False, 'recent_reactions': []}",[],
hexonmods,https://t.me/hexonmods,2248,2024-02-27 11:17:35,"📱 Wynk Music: MP3, Song, Podcast v3.54.0.1 (Mod)

📲 Google Play Store Link: 
https://play.google.com/store/apps/details?id=com.bsbportal.music

📄 App Overview:
Wynk Music is the one-stop music app for the latest to the greatest songs that you love.

🎁 Mod Information ;
■ Ads Removed/No Ads
<PERSON>📥 Mirror Download Links👇
🔗 Click Here To Download [1]
🔗 Click Here To Download [2]
<PERSON>⭕ HOW TO DOWNLOAD ⭕
<PERSON>

📨  <PERSON>",False,False,False,True,True,False,False,True,False,False,1834665426,,,,,,,,,4461.0,1.0,"{'_': 'MessageReplies', 'replies': 1, 'replies_pts': 17228, 'comments': True, 'recent_repliers': [{'_': 'PeerUser', 'user_id': 609517172}], 'channel_id': 1817962555, 'max_id': 7390, 'read_max_id': None}",2024-02-27T11:18:29+00:00,,,"{'_': 'MessageReactions', 'results': [{'_': 'ReactionCount', 'reaction': {'_': 'ReactionEmoji', 'emoticon': '👍'}, 'count': 4, 'chosen_order': None}, {'_': 'ReactionCount', 'reaction': {'_': 'ReactionEmoji', 'emoticon': '❤'}, 'count': 2, 'chosen_order': None}, {'_': 'ReactionCount', 'reaction': {'_': 'ReactionEmoji', 'emoticon': '🥰'}, 'count': 2, 'chosen_order': None}], 'min': False, 'can_see_list': False, 'reactions_as_tags': False, 'recent_reactions': []}",[],
hexonmods,https://t.me/hexonmods,2249,2024-02-27 14:38:28,"📱 AdGuard: Content Blocker v4.4.83 (Nightly) (Premium)

📲 Google Play Store Link: 
https://play.google.com/store/apps/details?id=com.adguard.android.contentblocker

📄 App Overview:
AdGuard is a unique no root ad blocker for Android that removes ads in apps and browsers, protects your privacy,

🎁 Mod Information ;
■ Premium Features Unlocked;
<PERSON>📥 Mirror Download Links👇
🔗 Click Here To Download [1]
🔗 Click Here To Download [2]
<PERSON>⭕ HOW TO DOWNLOAD ⭕
<PERSON>

📨  <PERSON>",False,False,False,True,True,False,False,True,False,False,1834665426,,,,,,,,,4276.0,4.0,"{'_': 'MessageReplies', 'replies': 1, 'replies_pts': 17228, 'comments': True, 'recent_repliers': [{'_': 'PeerUser', 'user_id': 609517172}], 'channel_id': 1817962555, 'max_id': 7396, 'read_max_id': None}",2024-02-27T14:47:53+00:00,,,"{'_': 'MessageReactions', 'results': [{'_': 'ReactionCount', 'reaction': {'_': 'ReactionEmoji', 'emoticon': '👍'}, 'count': 8, 'chosen_order': None}], 'min': False, 'can_see_list': False, 'reactions_as_tags': False, 'recent_reactions': []}",[],
hexonmods,https://t.me/hexonmods,2250,2024-02-27 16:11:23,"📱 SnapEdit - AI photo editor v5.6.5 (Pro)

📲 Google Play Store Link: 
https://play.google.com/store/apps/details?id=snapedit.app.remove

🎁 Mod Information ;
■ Pro Features Unlocked
■ Onboard intro Bypassed 
■ CPUs arch: Universal
■ Full Multi Languages
■ All debug Info Removed
■ Original Signature Changed
<PERSON>📥 Mirror Download Links👇
🔗 Click Here To Download [1]
🔗 Click Here To Download [2]
<PERSON>⭕ HOW TO DOWNLOAD ⭕
<PERSON>

📨  <PERSON>",False,False,False,True,True,False,False,True,False,False,1834665426,,,,,,,,,4153.0,4.0,"{'_': 'MessageReplies', 'replies': 1, 'replies_pts': 17228, 'comments': True, 'recent_repliers': [{'_': 'PeerUser', 'user_id': 609517172}], 'channel_id': 1817962555, 'max_id': 7402, 'read_max_id': None}",2024-02-27T16:16:54+00:00,,,"{'_': 'MessageReactions', 'results': [{'_': 'ReactionCount', 'reaction': {'_': 'ReactionEmoji', 'emoticon': '👍'}, 'count': 9, 'chosen_order': None}, {'_': 'ReactionCount', 'reaction': {'_': 'ReactionEmoji', 'emoticon': '❤'}, 'count': 1, 'chosen_order': None}], 'min': False, 'can_see_list': False, 'reactions_as_tags': False, 'recent_reactions': []}",[],
hexonmods,https://t.me/hexonmods,2251,2024-02-28 01:07:52,"📱 Shazam: Find Music & Concerts v14.14.<PHONE_NUMBER> [Mod Extra]

📲 Google Play Store Link: 
https://play.google.com/store/apps/details?id=com.shazam.android

🎁 Mod Information ;
■ All Type Ads Disabled;;
■ Google Login broken;
■ Debug code removed;
■ Country restriction disabled;
■ AOSP compatible mode;
■ Full Multi Languages;
■ CPUs: arm, arm-v7a, arm64;
■ Original signature changed;
<PERSON>📥 Mirror Download Links👇
🔗 Click Here To Download [1]
🔗 Click Here To Download [2]
<PERSON>⭕ HOW TO DOWNLOAD ⭕
<PERSON>

📨  <PERSON>",False,False,False,True,True,False,False,True,False,False,1834665426,,,,,,,,,3925.0,2.0,"{'_': 'MessageReplies', 'replies': 2, 'replies_pts': 17228, 'comments': True, 'recent_repliers': [{'_': 'PeerUser', 'user_id': 522892972}, {'_': 'PeerUser', 'user_id': 609517172}], 'channel_id': 1817962555, 'max_id': 7414, 'read_max_id': None}",2024-02-28T01:08:10+00:00,,,"{'_': 'MessageReactions', 'results': [{'_': 'ReactionCount', 'reaction': {'_': 'ReactionEmoji', 'emoticon': '👍'}, 'count': 7, 'chosen_order': None}], 'min': False, 'can_see_list': False, 'reactions_as_tags': False, 'recent_reactions': []}",[],
hexonmods,https://t.me/hexonmods,2252,2024-02-28 03:27:32,"📱 Facetune AI Photo/Video Editor v2.32.0.1 [VIP]

📲 Google Play Store Link: 
<DATE_TIME>

📄 App Overview:
Start editing photos & videos with Facetune, the world’s premier photo editor powered by AI!

🎁 Mod Information ;
■ VIP Features Unlocked;
<PERSON>📥 Mirror Download Links👇
🔗 Click Here To Download [1]
🔗 Click Here To Download [2]
<PERSON>⭕ HOW TO DOWNLOAD ⭕
<PERSON>

📨  <PERSON>",False,False,False,True,True,False,False,True,False,False,1834665426,,,,,,,,,3818.0,4.0,"{'_': 'MessageReplies', 'replies': 1, 'replies_pts': 17228, 'comments': True, 'recent_repliers': [{'_': 'PeerUser', 'user_id': 609517172}], 'channel_id': 1817962555, 'max_id': 7416, 'read_max_id': None}",2024-02-28T04:23:00+00:00,,,"{'_': 'MessageReactions', 'results': [{'_': 'ReactionCount', 'reaction': {'_': 'ReactionEmoji', 'emoticon': '👍'}, 'count': 3, 'chosen_order': None}, {'_': 'ReactionCount', 'reaction': {'_': 'ReactionEmoji', 'emoticon': '❤'}, 'count': 1, 'chosen_order': None}, {'_': 'ReactionCount', 'reaction': {'_': 'ReactionEmoji', 'emoticon': '😱'}, 'count': 1, 'chosen_order': None}], 'min': False, 'can_see_list': False, 'reactions_as_tags': False, 'recent_reactions': []}",[],
hexonmods,https://t.me/hexonmods,2253,2024-02-28 05:18:57,"📱 Grid Photo Collage Maker Quick v7.16.0 [Pro]

📲 Google Play Store Link: 
https://play.google.com/store/apps/details?id=mobi.charmer.collagequick&hl=en

📄 App Overview:
Quick Grid is the video photo collage maker and photo editor <PERSON> collage maker allows you to create video photo layouts that can play 20 videos or photos on exhibit.

🎁 Mod Information ;
■ Premium features unlocked;
<PERSON>📥 Mirror Download Links👇
🔗 Click Here To Download [1]
🔗 Click Here To Download [2]
<PERSON>⭕ HOW TO DOWNLOAD ⭕
<PERSON>

📨  <PERSON>",False,False,False,True,True,False,False,True,False,False,1834665426,,,,,,,,,3622.0,2.0,"{'_': 'MessageReplies', 'replies': 1, 'replies_pts': 17228, 'comments': True, 'recent_repliers': [{'_': 'PeerUser', 'user_id': 609517172}], 'channel_id': 1817962555, 'max_id': 7421, 'read_max_id': None}",2024-02-28T05:32:39+00:00,,,"{'_': 'MessageReactions', 'results': [{'_': 'ReactionCount', 'reaction': {'_': 'ReactionEmoji', 'emoticon': '👍'}, 'count': 6, 'chosen_order': None}], 'min': False, 'can_see_list': False, 'reactions_as_tags': False, 'recent_reactions': []}",[],
hexonmods,https://t.me/hexonmods,2254,2024-02-28 06:21:32,"📱 TuneIn Radio Pro - Live Radio v33.5 [Paid] [Mod Extra]

📲 Google Play Store Link:
https://play.google.com/store/apps/details?id=radiotime.player

📄 App Overview:
With TuneIn stream local AM/FM stations (100000+ global stations) on all your devices plus live news sports coverage like NFL and MLB music for every mood podcasts for every passion and more.
<PERSON>
📥 Mirror Download Links👇
🔗 Click Here To Download [1]
🔗 Click Here To Download [2]
<PERSON>⭕ HOW TO DOWNLOAD ⭕
<PERSON>

📨  <PERSON>",False,False,False,True,True,False,False,True,False,False,1834665426,,,,,,,,,3750.0,0.0,"{'_': 'MessageReplies', 'replies': 1, 'replies_pts': 17228, 'comments': True, 'recent_repliers': [{'_': 'PeerUser', 'user_id': 609517172}], 'channel_id': 1817962555, 'max_id': 7426, 'read_max_id': None}",2024-02-28T06:22:13+00:00,,,"{'_': 'MessageReactions', 'results': [{'_': 'ReactionCount', 'reaction': {'_': 'ReactionEmoji', 'emoticon': '👍'}, 'count': 12, 'chosen_order': None}], 'min': False, 'can_see_list': False, 'reactions_as_tags': False, 'recent_reactions': []}",[],
hexonmods,https://t.me/hexonmods,2255,2024-02-28 09:56:48,"📱 ChatBot - AI Chat v1.3.2 [VIP]

📲 Google Play Store Link: 
https://play.google.com/store/apps/details?id=com.xphotokit.chatgptassist

📄 App Overview:
Easy and private chatting ,powered by ChatGPT, no account or password required.

🎁 Mod Information ;
■ PRO / VIP Features Unlocked;
<PERSON>📥 Mirror Download Links👇
🔗 Click Here To Download [1]
🔗 Click Here To Download [2]
<PERSON>⭕ HOW TO DOWNLOAD ⭕
<PERSON>

📨  <PERSON>",False,False,False,True,True,False,False,False,False,False,1834665426,,,,,,,,,3620.0,5.0,"{'_': 'MessageReplies', 'replies': 1, 'replies_pts': 17228, 'comments': True, 'recent_repliers': [{'_': 'PeerUser', 'user_id': 609517172}], 'channel_id': 1817962555, 'max_id': 7431, 'read_max_id': None}",2024-02-28T09:57:15+00:00,,,"{'_': 'MessageReactions', 'results': [{'_': 'ReactionCount', 'reaction': {'_': 'ReactionEmoji', 'emoticon': '👍'}, 'count': 4, 'chosen_order': None}, {'_': 'ReactionCount', 'reaction': {'_': 'ReactionEmoji', 'emoticon': '🤣'}, 'count': 1, 'chosen_order': None}], 'min': False, 'can_see_list': False, 'reactions_as_tags': False, 'recent_reactions': []}",[],
hexonmods,https://t.me/hexonmods,2256,2024-02-28 11:04:35,"📱 Logo Maker And <PERSON> 3D v1.1.6 (Premium)

📲 Google Play Store Link: 
https://play.google.com/store/apps/details?id=com.ss.logo.creator.esports.gaming.logo.maker.app

🎁 Mod Information ;
■ Premium Unlocked
■ Ads Removed / No Ads
■ Apk Fully Optimized
■ All debug Info Removed
■ Screenshot Allowed 
■ CPUs arch: Universal
<PERSON>📥 Mirror Download Links👇
🔗 Click Here To Download [1]
🔗 Click Here To Download [2]
<PERSON>⭕ HOW TO DOWNLOAD ⭕
<PERSON>

📨  <PERSON>",False,False,False,True,True,False,False,True,False,False,1834665426,,,,,,,,,3756.0,0.0,"{'_': 'MessageReplies', 'replies': 1, 'replies_pts': 17228, 'comments': True, 'recent_repliers': [{'_': 'PeerUser', 'user_id': 609517172}], 'channel_id': 1817962555, 'max_id': 7433, 'read_max_id': None}",2024-02-28T12:37:13+00:00,,,"{'_': 'MessageReactions', 'results': [{'_': 'ReactionCount', 'reaction': {'_': 'ReactionEmoji', 'emoticon': '👍'}, 'count': 2, 'chosen_order': None}], 'min': False, 'can_see_list': False, 'reactions_as_tags': False, 'recent_reactions': []}",[],
hexonmods,https://t.me/hexonmods,2257,2024-02-28 11:07:34,"📱 AI Chatting - AI Character v1.09.4 (Premium)

📲 Google Play Store Link: 
https://play.google.com/store/apps/details?id=com.dywx.aichatting

📄 App Overview:
<PERSON>, a revolutionary chat product that is powered by ChatGPT, an advanced artificial intelligence technology

🎁 Mod Information ;
■ Premium Features Unlocked;
<PERSON>📥 Mirror Download Links👇
🔗 Click Here To Download [1]
🔗 Click Here To Download [2]
<PERSON>⭕ HOW TO DOWNLOAD ⭕
<PERSON>

📨  <PERSON>",False,False,False,True,True,False,False,True,False,False,1834665426,,,,,,,,,4036.0,6.0,"{'_': 'MessageReplies', 'replies': 1, 'replies_pts': 17228, 'comments': True, 'recent_repliers': [{'_': 'PeerUser', 'user_id': 609517172}], 'channel_id': 1817962555, 'max_id': 7435, 'read_max_id': None}",2024-02-28T11:07:52+00:00,,,"{'_': 'MessageReactions', 'results': [{'_': 'ReactionCount', 'reaction': {'_': 'ReactionEmoji', 'emoticon': '👍'}, 'count': 7, 'chosen_order': None}], 'min': False, 'can_see_list': False, 'reactions_as_tags': False, 'recent_reactions': []}",[],
hexonmods,https://t.me/hexonmods,2258,2024-02-28 13:53:54,"📱 Flat Equalizer - Bass Booster v5.1.2 [Pro]

📲 Google Play Store Link: 
https://play.google.com/store/apps/details?id=com.jazibkhan.equalizer

📄 App Overview:
Equalizer Bass Boost Volume Booster and <PERSON> for your phone that follows Google's Material Design.

🎁 Mod Information ;
■ Premium Features Unlocked;
<PERSON>📥 Mirror Download Links👇
🔗 Click Here To Download [1]
🔗 Click Here To Download [2]
<PERSON>⭕ HOW TO DOWNLOAD ⭕
<PERSON>

📨  <PERSON>",False,False,False,True,True,False,False,True,False,False,1834665426,,,,,,,,,4112.0,0.0,"{'_': 'MessageReplies', 'replies': 3, 'replies_pts': 17228, 'comments': True, 'recent_repliers': [{'_': 'PeerUser', 'user_id': 1365771171}, {'_': 'PeerUser', 'user_id': 609517172}], 'channel_id': 1817962555, 'max_id': 7439, 'read_max_id': None}",2024-02-28T14:40:44+00:00,,,"{'_': 'MessageReactions', 'results': [{'_': 'ReactionCount', 'reaction': {'_': 'ReactionEmoji', 'emoticon': '👍'}, 'count': 6, 'chosen_order': None}], 'min': False, 'can_see_list': False, 'reactions_as_tags': False, 'recent_reactions': []}",[],
hexonmods,https://t.me/hexonmods,2259,2024-02-28 17:00:57,"📱 TeraBox: Cloud Storage Space v3.25.0 [Premium]

📲 Google Play Store Link:
https://play.google.com/store/apps/details?id=com.dubox.drive

🎁 Mod Information :
■ Premium Features Unlocked
■ All debug Info Removed
■ CPUs: arm-v7a, arm64-v8a
★ Note : Some Features are Server Sided like 2TB Storage.
★ Login With Email Option because Google Login not works after mod.
<PERSON>
📥 Mirror Download Links👇
🔗 Click Here To Download [1]
🔗 Click Here To Download [2]
<PERSON>⭕ HOW TO DOWNLOAD ⭕
<PERSON>

📨  <PERSON>",False,False,False,True,True,False,False,True,False,False,1834665426,,,,,,,,,3931.0,4.0,"{'_': 'MessageReplies', 'replies': 1, 'replies_pts': 17228, 'comments': True, 'recent_repliers': [{'_': 'PeerUser', 'user_id': 609517172}], 'channel_id': 1817962555, 'max_id': 7441, 'read_max_id': None}",2024-02-28T17:01:55+00:00,,,"{'_': 'MessageReactions', 'results': [{'_': 'ReactionCount', 'reaction': {'_': 'ReactionEmoji', 'emoticon': '👍'}, 'count': 7, 'chosen_order': None}, {'_': 'ReactionCount', 'reaction': {'_': 'ReactionEmoji', 'emoticon': '❤'}, 'count': 1, 'chosen_order': None}], 'min': False, 'can_see_list': False, 'reactions_as_tags': False, 'recent_reactions': []}",[],
hexonmods,https://t.me/hexonmods,2260,2024-02-29 01:20:56,"📱 BBVPN VPN: Unlimited VPN Proxy v3.8.0 (Premium)

📲 Google Play Store Link: 
https://play.google.com/store/apps/details?id=bbv.avdev.bbvpn&hl=en

🎁 Mod Information ;
■ PRO features Unlocked
■ All Debug code removed
■ Original signature changed
■ Full Multi Languages
■ CPU arch: Universal;
<PERSON>📥 Mirror Download Links👇
🔗 Click Here To Download [1]
🔗 Click Here To Download [2]
<PERSON>⭕ HOW TO DOWNLOAD ⭕
<PERSON>

📨  <PERSON>",False,False,False,True,True,False,False,True,False,False,1834665426,,,,,,,,,3436.0,11.0,"{'_': 'MessageReplies', 'replies': 1, 'replies_pts': 17228, 'comments': True, 'recent_repliers': [{'_': 'PeerUser', 'user_id': 609517172}], 'channel_id': 1817962555, 'max_id': 7449, 'read_max_id': None}",2024-02-29T01:27:29+00:00,,,"{'_': 'MessageReactions', 'results': [{'_': 'ReactionCount', 'reaction': {'_': 'ReactionEmoji', 'emoticon': '👍'}, 'count': 3, 'chosen_order': None}, {'_': 'ReactionCount', 'reaction': {'_': 'ReactionEmoji', 'emoticon': '❤'}, 'count': 1, 'chosen_order': None}], 'min': False, 'can_see_list': False, 'reactions_as_tags': False, 'recent_reactions': []}",[],
hexonmods,https://t.me/hexonmods,2262,2024-02-29 02:31:29,"📱 Cast to TV+ Chromecast Roku TV v12.178 (Premium)

📲 Google Play Store Link: 
https://play.google.com/store/apps/details?id=com.castify&hl=en

📄 App Overview:
Cast to TV by Castify for Android with over 5,000,000 users so far. Cast videos, music, photos from Chromecast, IPTV to Roku, DLNA, Web Browser, Smart TV +more.

🎁 Mod Information ;
■ Premium Features Unlocked;
<PERSON>📥 Mirror Download Links👇
🔗 Click Here To Download [1]
🔗 Click Here To Download [2]
<PERSON>⭕ HOW TO DOWNLOAD ⭕
<PERSON>

📨  <PERSON>",False,False,False,True,True,False,False,True,False,False,1834665426,,,,,,,,,3296.0,4.0,"{'_': 'MessageReplies', 'replies': 1, 'replies_pts': 17228, 'comments': True, 'recent_repliers': [{'_': 'PeerUser', 'user_id': 609517172}], 'channel_id': 1817962555, 'max_id': 7453, 'read_max_id': None}",2024-02-29T03:30:35+00:00,,,"{'_': 'MessageReactions', 'results': [{'_': 'ReactionCount', 'reaction': {'_': 'ReactionEmoji', 'emoticon': '👍'}, 'count': 4, 'chosen_order': None}, {'_': 'ReactionCount', 'reaction': {'_': 'ReactionEmoji', 'emoticon': '🔥'}, 'count': 1, 'chosen_order': None}], 'min': False, 'can_see_list': False, 'reactions_as_tags': False, 'recent_reactions': []}",[],
hexonmods,https://t.me/hexonmods,2263,2024-02-29 04:31:11,"❤️ Duolingo: language lessons v5.140.3 [Unlocked]

📲 Google Play Store Link: 
https://play.google.com/store/apps/details?id=com.duolingo

🎁 Mod Information ;
■ Premium features unlocked;
■ Start Lessons unlocked;
■ Special Offers features ✓;
■ Power-Ups features ✓;
■ Outfits features Unlocked;
■ Bonus features Unlocked;
■ Download Offline Enabled;
■ Ads layouts disabled;
■ Debug code removed;
■ Original signature changed
<PERSON>📥 Mirror Download Links👇
🔗 Click Here To Download [1]
🔗 Click Here To Download [2]
<PERSON>⭕ HOW TO DOWNLOAD ⭕
<PERSON>

📨  <PERSON>",False,False,False,True,True,False,False,True,False,False,1834665426,,,,,,,,,3461.0,5.0,"{'_': 'MessageReplies', 'replies': 1, 'replies_pts': 17228, 'comments': True, 'recent_repliers': [{'_': 'PeerUser', 'user_id': 609517172}], 'channel_id': 1817962555, 'max_id': 7459, 'read_max_id': None}",2024-02-29T07:44:36+00:00,,,"{'_': 'MessageReactions', 'results': [{'_': 'ReactionCount', 'reaction': {'_': 'ReactionEmoji', 'emoticon': '👍'}, 'count': 3, 'chosen_order': None}, {'_': 'ReactionCount', 'reaction': {'_': 'ReactionEmoji', 'emoticon': '❤'}, 'count': 1, 'chosen_order': None}], 'min': False, 'can_see_list': False, 'reactions_as_tags': False, 'recent_reactions': []}",[],
hexonmods,https://t.me/hexonmods,2264,2024-02-29 07:35:15,"📱 Beelinguapp Language Audiobook v3.060 (Premium)

📲 Google Play Store Link: 
https://play.google.com/store/apps/details?id=com.david.android.languageswitch

🎁 Mod Information ;
■ Premium Features Unlocked
■ AOSP Compatible / No Google
■ CPUs arch: Universal
■ Full Multi Languages
■ All debug Info Removed
■ Original Signature Changed
<PERSON>📥 Mirror Download Links👇
🔗 Click Here To Download [1]
🔗 Click Here To Download [2]
<PERSON>⭕ HOW TO DOWNLOAD ⭕
<PERSON>

📨  <PERSON>",False,False,False,True,True,False,False,True,False,False,1834665426,,,,,,,,,3293.0,3.0,"{'_': 'MessageReplies', 'replies': 1, 'replies_pts': 17228, 'comments': True, 'recent_repliers': [{'_': 'PeerUser', 'user_id': 609517172}], 'channel_id': 1817962555, 'max_id': 7463, 'read_max_id': None}",2024-02-29T07:44:36+00:00,,,"{'_': 'MessageReactions', 'results': [{'_': 'ReactionCount', 'reaction': {'_': 'ReactionEmoji', 'emoticon': '👍'}, 'count': 5, 'chosen_order': None}], 'min': False, 'can_see_list': False, 'reactions_as_tags': False, 'recent_reactions': []}",[],
hexonmods,https://t.me/hexonmods,2265,2024-02-29 09:29:01,"📱 AI Art Generator v8.6.2 (Pro)

📲 Google Play Store Link: 
https://play.google.com/store/apps/details?id=com.aesoft.app.lockscreen.patternlocker

📄 App Overview:
Transform your words and photo into Anime Art masterpieces with the power of AI Art! Our ""AI Anime Art""

🎁 Mod Information ;
■ Premium Features Unlocked;
<PERSON>📥 Mirror Download Links👇
🔗 Click Here To Download [1]
🔗 Click Here To Download [2]
<PERSON>⭕ HOW TO DOWNLOAD ⭕
<PERSON>

📨  <PERSON>",False,False,False,True,True,False,False,True,False,False,1834665426,,,,,,,,,3280.0,17.0,"{'_': 'MessageReplies', 'replies': 1, 'replies_pts': 17228, 'comments': True, 'recent_repliers': [{'_': 'PeerUser', 'user_id': 609517172}], 'channel_id': 1817962555, 'max_id': 7469, 'read_max_id': None}",2024-02-29T12:07:43+00:00,,,"{'_': 'MessageReactions', 'results': [{'_': 'ReactionCount', 'reaction': {'_': 'ReactionEmoji', 'emoticon': '👍'}, 'count': 5, 'chosen_order': None}, {'_': 'ReactionCount', 'reaction': {'_': 'ReactionEmoji', 'emoticon': '😁'}, 'count': 1, 'chosen_order': None}], 'min': False, 'can_see_list': False, 'reactions_as_tags': False, 'recent_reactions': []}",[],
hexonmods,https://t.me/hexonmods,2266,2024-02-29 11:16:26,"📱 Pixelcut AI Photo Editor <PERSON> (Pro)

📲 Google Play Store Link: 
https://play.google.com/store/apps/details?id=com.circular.pixels

🎁 Mod Information ;
■ PRO Features Unlocked;
■ Ads Removed (Except credit);
■ Apk Fully Optimized;
■ All debug Info Removed;
■ CPU Arch: Universal;
<PERSON>📥 Mirror Download Links👇
🔗 Click Here To Download [1]
🔗 Click Here To Download [2]
<PERSON>⭕ HOW TO DOWNLOAD ⭕
<PERSON>

📨  <PERSON>",False,False,False,True,True,False,False,True,False,False,1834665426,,,,,,,,,3434.0,4.0,"{'_': 'MessageReplies', 'replies': 1, 'replies_pts': 17228, 'comments': True, 'recent_repliers': [{'_': 'PeerUser', 'user_id': 609517172}], 'channel_id': 1817962555, 'max_id': 7471, 'read_max_id': None}",2024-02-29T11:26:58+00:00,,,"{'_': 'MessageReactions', 'results': [{'_': 'ReactionCount', 'reaction': {'_': 'ReactionEmoji', 'emoticon': '👍'}, 'count': 7, 'chosen_order': None}], 'min': False, 'can_see_list': False, 'reactions_as_tags': False, 'recent_reactions': []}",[],
hexonmods,https://t.me/hexonmods,2267,2024-02-29 13:18:52,"📱 AI Art Photo Editor: SelfieU v6.12.9200 [VIP]

📲 Google Play Store Link: 
https://play.google.com/store/apps/details?id=com.cam001.selfie361

📄 App Overview:
SelfieU - The ultimate AI Photo Editor and Mirror that transforms your photos into stunning Anime Portrait Manga and <PERSON> creations!

🎁 Mod Information ;
■ VIP/Pro Features Unlocked;
<PERSON>📥 Mirror Download Links👇
🔗 Click Here To Download [1]
🔗 Click Here To Download [2]
<PERSON>⭕ HOW TO DOWNLOAD ⭕
<PERSON>

📨  <PERSON>",False,False,False,True,True,False,False,True,False,False,1834665426,,,,,,,,,3482.0,7.0,"{'_': 'MessageReplies', 'replies': 1, 'replies_pts': 17228, 'comments': True, 'recent_repliers': [{'_': 'PeerUser', 'user_id': 609517172}], 'channel_id': 1817962555, 'max_id': 7475, 'read_max_id': None}",2024-02-29T15:37:22+00:00,,,"{'_': 'MessageReactions', 'results': [{'_': 'ReactionCount', 'reaction': {'_': 'ReactionEmoji', 'emoticon': '👍'}, 'count': 4, 'chosen_order': None}], 'min': False, 'can_see_list': False, 'reactions_as_tags': False, 'recent_reactions': []}",[],
hexonmods,https://t.me/hexonmods,2268,2024-02-29 15:51:40,"📱 Anime Maker <US_PASSPORT> (Premium)

📲 Google Play Store Link: 
https://play.google.com/store/apps/details?id=kenmaz.net.animemaker

📄 App Overview:
AnimeMaker is app creating and sharing animation like a flipbook.

🎁 Mod Information ;
■ VIP/Pro Features Unlocked;
<PERSON>📥 Mirror Download Links👇
🔗 Click Here To Download [1]
🔗 Click Here To Download [2]
<PERSON>⭕ HOW TO DOWNLOAD ⭕
<PERSON>

📨  <PERSON>",False,False,False,True,True,False,False,True,False,False,1834665426,,,,,,,,,3364.0,9.0,"{'_': 'MessageReplies', 'replies': 1, 'replies_pts': 17228, 'comments': True, 'recent_repliers': [{'_': 'PeerUser', 'user_id': 609517172}], 'channel_id': 1817962555, 'max_id': 7485, 'read_max_id': None}",2024-02-29T16:24:05+00:00,,,"{'_': 'MessageReactions', 'results': [{'_': 'ReactionCount', 'reaction': {'_': 'ReactionEmoji', 'emoticon': '👍'}, 'count': 6, 'chosen_order': None}, {'_': 'ReactionCount', 'reaction': {'_': 'ReactionEmoji', 'emoticon': '❤'}, 'count': 1, 'chosen_order': None}], 'min': False, 'can_see_list': False, 'reactions_as_tags': False, 'recent_reactions': []}",[],
hexonmods,https://t.me/hexonmods,2269,2024-03-01 00:30:26,"📱 Secure VPN－Safer Internet v4.2.3 [Vip]

📲 Google Play Store Link: 
https://play.google.com/store/apps/details?id=com.fast.free.unblock.secure.vpn

📄 App Overview:
Secure VPN is a lightning-fast app provide free VPN service. Not need any configuration just simply click one button you can access the Internet securely and anonymously.

🎁 Mod Information ;
■ Premium Features Unlocked;
<PERSON>📥 Mirror Download Links👇
🔗 Click Here To Download [1]
🔗 Click Here To Download [2]
<PERSON>⭕ HOW TO DOWNLOAD ⭕
<PERSON>✈️  <PERSON>",False,False,False,True,True,False,False,True,False,False,1834665426,,,,,,,,,2705.0,4.0,"{'_': 'MessageReplies', 'replies': 1, 'replies_pts': 17228, 'comments': True, 'recent_repliers': [{'_': 'PeerUser', 'user_id': 609517172}], 'channel_id': 1817962555, 'max_id': 7487, 'read_max_id': None}",2024-03-01T01:00:46+00:00,,,"{'_': 'MessageReactions', 'results': [{'_': 'ReactionCount', 'reaction': {'_': 'ReactionEmoji', 'emoticon': '👍'}, 'count': 2, 'chosen_order': None}], 'min': False, 'can_see_list': False, 'reactions_as_tags': False, 'recent_reactions': []}",[],
hexonmods,https://t.me/hexonmods,2271,2024-03-01 02:24:12,"📱 Filmora：AI Video Editor, Maker v13.1.84 [Unlocked]

📲 Google Play Store Link: 
https://play.google.com/store/apps/details?id=com.wondershare.filmorago

🎁 Mod Information ;
■ PRO Features Unlocked;
■ Full Multi Languages;
■ Apk Fully Optimized;
■ All debug Info Removed;
■ CPUs: arm64-v8a, arm-v7a
<PERSON>📥 Mirror Download Links👇
🔗 Click Here To Download [1]
🔗 Click Here To Download [2]
<PERSON>⭕ HOW TO DOWNLOAD ⭕
<PERSON>

📨  <PERSON>",False,False,False,True,True,False,False,True,False,False,1834665426,,,,,,,,,2551.0,3.0,"{'_': 'MessageReplies', 'replies': 1, 'replies_pts': 17228, 'comments': True, 'recent_repliers': [{'_': 'PeerUser', 'user_id': 609517172}], 'channel_id': 1817962555, 'max_id': 7491, 'read_max_id': None}",2024-03-01T02:25:57+00:00,,,"{'_': 'MessageReactions', 'results': [{'_': 'ReactionCount', 'reaction': {'_': 'ReactionEmoji', 'emoticon': '👍'}, 'count': 8, 'chosen_order': None}], 'min': False, 'can_see_list': False, 'reactions_as_tags': False, 'recent_reactions': []}",[],
hexonmods,https://t.me/hexonmods,2272,2024-03-01 04:06:55,"🆔 An𝖎meL០𝒗er (📺) Mod Apk
📆 #Updated - 1st March 2024 
<PERSON>🔖 Mod Features :
👑 <PERSON>
🔘 𝐀𝐥𝐥 𝐌𝐨𝐯-𝐢𝐞𝐬 𝐔𝐧𝐥𝐨𝐜𝐤𝐞𝐝
🔘 𝐀𝐥𝐥 𝐖𝐞𝐛-𝐒𝐞𝐫𝐢𝐞𝐬 𝐔𝐧𝐥𝐨𝐜𝐤𝐞𝐝
🔘 𝐍𝐨 𝐍𝐞𝐞𝐝 𝐋𝐨𝐠𝐢𝐧 (𝐁𝐲𝐩𝐚𝐬𝐬𝐞𝐝) 
🔘 <PERSON> 𝐃𝐢𝐬𝐚𝐛𝐥𝐞𝐝
🔘 𝐂𝐚𝐧𝐚𝐫𝐲 <PERSON>
🔘 𝐒𝐜𝐫𝐞𝐞𝐧𝐬𝐡𝐨𝐭 <PERSON>
🔘 <PERSON> 
🔘 𝐀𝐥𝐥 𝐀𝐝𝐬 𝐑𝐞𝐦𝐨𝐯𝐞𝐝 / 𝐍𝐨 𝐀𝐝𝐬
<PERSON>📥 Download Links Here👇
🔗 Click Here To Download [1]
🔗 Click Here To Download [2]
<PERSON> JOIN TG ✅ @OTTMODS4U ✅
🔔 Unmute Our Channel & Get More PREMIUM/PRO 0TT MODS ✅",False,False,False,True,True,False,False,True,False,False,1834665426,,,,,,,6.271659624310619e+18,,2423.0,6.0,"{'_': 'MessageReplies', 'replies': 0, 'replies_pts': 17228, 'comments': True, 'recent_repliers': [], 'channel_id': 1817962555, 'max_id': None, 'read_max_id': None}",2024-03-01T04:15:29+00:00,,,"{'_': 'MessageReactions', 'results': [{'_': 'ReactionCount', 'reaction': {'_': 'ReactionEmoji', 'emoticon': '👍'}, 'count': 8, 'chosen_order': None}], 'min': False, 'can_see_list': False, 'reactions_as_tags': False, 'recent_reactions': []}",[],
hexonmods,https://t.me/hexonmods,2273,2024-03-01 05:44:37,"📱 Custom Volume Panel <PERSON> (Pro)

📲 Google Play Store Link: 
https://play.google.com/store/apps/details?id=com.codingbatch.volumepanelcustomizer

📄 App Overview:
Exclusive slick volume panel designs
Top customization for your slider panel
Simple and intuitive app UI
Beautiful volume sliders design

🎁 Mod Information ;
■ Pro Features Unlocked;
<PERSON>📥 Mirror Download Links👇
🔗 Click Here To Download [1]
🔗 Click Here To Download [2]
<PERSON>⭕ HOW TO DOWNLOAD ⭕
<PERSON>✈️  <PERSON>",False,False,False,True,True,False,False,False,False,False,1834665426,,,,,,,,,2355.0,4.0,"{'_': 'MessageReplies', 'replies': 1, 'replies_pts': 17228, 'comments': True, 'recent_repliers': [{'_': 'PeerUser', 'user_id': 609517172}], 'channel_id': 1817962555, 'max_id': 7502, 'read_max_id': None}",2024-03-01T10:07:33+00:00,,,"{'_': 'MessageReactions', 'results': [{'_': 'ReactionCount', 'reaction': {'_': 'ReactionEmoji', 'emoticon': '👍'}, 'count': 2, 'chosen_order': None}], 'min': False, 'can_see_list': False, 'reactions_as_tags': False, 'recent_reactions': []}",[],
hexonmods,https://t.me/hexonmods,2274,2024-03-01 07:33:08,"📱 Live Wallpaper & Theme v5.1.109 (VIP)

📲 Google Play Store Link: 
https://play.google.com/store/apps/details?id=com.bluetreesky.livewallpaper

🎁 Mod Information ;
■ VIP Features Unlocked;
■ Ads Removed (Except credit);
■ Apk Fully Optimized;
■ All debug Info Removed;
■ CPU Arch: Universal;
<PERSON>📥 Mirror Download Links👇
🔗 Click Here To Download [1]
🔗 Click Here To Download [2]
<PERSON>⭕ HOW TO DOWNLOAD ⭕
<PERSON>

📨  <PERSON>",False,False,False,True,True,False,False,True,False,False,1834665426,,,,,,,,,2245.0,3.0,"{'_': 'MessageReplies', 'replies': 1, 'replies_pts': 17228, 'comments': True, 'recent_repliers': [{'_': 'PeerUser', 'user_id': 609517172}], 'channel_id': 1817962555, 'max_id': 7504, 'read_max_id': None}",2024-03-01T10:07:36+00:00,,,"{'_': 'MessageReactions', 'results': [{'_': 'ReactionCount', 'reaction': {'_': 'ReactionEmoji', 'emoticon': '👍'}, 'count': 1, 'chosen_order': None}], 'min': False, 'can_see_list': False, 'reactions_as_tags': False, 'recent_reactions': []}",[],
hexonmods,https://t.me/hexonmods,2275,2024-03-01 07:35:49,"📱 Free VPN Super -Fast & Secure v2.3.3.6 (Premium)

📲 Google Play Store Link: 
https://play.google.com/store/apps/details?id=con.hotspot.vpn.free.master

📄 App Overview:
Lightning-fast VPN client with secure. VPN Free - Unlimited Proxy & Fast VPN Master

🎁 Mod Information ;
■ Premium features unlocked;
<PERSON>📥 Mirror Download Links👇
🔗 Click Here To Download [1]
🔗 Click Here To Download [2]
<PERSON>⭕ HOW TO DOWNLOAD ⭕
<PERSON>

📨  <PERSON>",False,False,False,True,True,False,False,True,False,False,1834665426,,,,,,,,,2444.0,2.0,"{'_': 'MessageReplies', 'replies': 1, 'replies_pts': 17228, 'comments': True, 'recent_repliers': [{'_': 'PeerUser', 'user_id': 609517172}], 'channel_id': 1817962555, 'max_id': 7506, 'read_max_id': None}",2024-03-01T10:07:39+00:00,,,"{'_': 'MessageReactions', 'results': [{'_': 'ReactionCount', 'reaction': {'_': 'ReactionEmoji', 'emoticon': '👍'}, 'count': 1, 'chosen_order': None}], 'min': False, 'can_see_list': False, 'reactions_as_tags': False, 'recent_reactions': []}",[],
hexonmods,https://t.me/hexonmods,2276,2024-03-01 09:45:25,"📱 Letter Fonts - Stylish Text v1.4.1.1 (Pro)

📲 Google Play Store Link: 
https://play.google.com/store/apps/details?id=com.neupanedinesh.fonts.stylishletters

📄 App Overview:
Stylish Text Generator
Unlimited possibilities with the Letter Fonts app to use our stylish fonts create stunning font art and share them with your friends!

🎁 Mod Information ;
■ Premium features unlocked;
<PERSON>📥 Mirror Download Links👇
🔗 Click Here To Download [1]
🔗 Click Here To Download [2]
<PERSON>⭕ HOW TO DOWNLOAD ⭕
<PERSON>

📨  <PERSON>",False,False,False,True,True,False,False,True,False,False,1834665426,,,,,,,,,2373.0,6.0,"{'_': 'MessageReplies', 'replies': 1, 'replies_pts': 17228, 'comments': True, 'recent_repliers': [{'_': 'PeerUser', 'user_id': 609517172}], 'channel_id': 1817962555, 'max_id': 7508, 'read_max_id': None}",2024-03-01T10:07:42+00:00,,,"{'_': 'MessageReactions', 'results': [{'_': 'ReactionCount', 'reaction': {'_': 'ReactionEmoji', 'emoticon': '👍'}, 'count': 2, 'chosen_order': None}], 'min': False, 'can_see_list': False, 'reactions_as_tags': False, 'recent_reactions': []}",[],
hexonmods,https://t.me/hexonmods,2277,2024-03-01 11:36:52,"📱 Screen Recorder - eRecorder v2.9.62 (Pro)

📲 Google Play Store Link:
https://play.google.com/store/apps/details?id=com.vtool.screenrecorder.screenrecording.videoeditor

🎁 Mod Information :
■ PRO Features Unlocked;
■ Ads Removed (Except credit);
■ Full Multi Language;
■ Apk Fully Optimized;
■ All debug Info Removed;
■ CPUs arch: Universal
★ Useless items Removed From Settings;
<PERSON>📥 Mirror Download Links👇
🔗 Click Here To Download [1]
🔗 Click Here To Download [2]
<PERSON>⭕ HOW TO DOWNLOAD ⭕
<PERSON>

📨  <PERSON>",False,False,False,True,True,False,False,True,False,False,1834665426,,,,,,,,,2420.0,2.0,"{'_': 'MessageReplies', 'replies': 1, 'replies_pts': 17228, 'comments': True, 'recent_repliers': [{'_': 'PeerUser', 'user_id': 609517172}], 'channel_id': 1817962555, 'max_id': 7512, 'read_max_id': None}",2024-03-01T11:45:18+00:00,,,"{'_': 'MessageReactions', 'results': [{'_': 'ReactionCount', 'reaction': {'_': 'ReactionEmoji', 'emoticon': '👍'}, 'count': 3, 'chosen_order': None}], 'min': False, 'can_see_list': False, 'reactions_as_tags': False, 'recent_reactions': []}",[],
hexonmods,https://t.me/hexonmods,2278,2024-03-01 14:18:22,"📱 Promeo - Story & Reels Maker v6.9.5 [Premium]

📲 Google Play Store Link: 
https://play.google.com/store/apps/details?id=com.cyberlink.addirector

🎁 Mod Information ;
■ Premium Features Unlocked;
■ Apk Fully Optimized;
■ All debug Info Removed;
■ CPUs arch: arm64-v8a
<PERSON>📥 Mirror Download Links👇
🔗 Click Here To Download [1]
🔗 Click Here To Download [2]
<PERSON>⭕ HOW TO DOWNLOAD ⭕
<PERSON>

📨  <PERSON>",False,False,False,True,True,False,False,False,False,False,1834665426,,,,,,,,,2231.0,4.0,"{'_': 'MessageReplies', 'replies': 1, 'replies_pts': 17228, 'comments': True, 'recent_repliers': [{'_': 'PeerUser', 'user_id': 609517172}], 'channel_id': 1817962555, 'max_id': 7520, 'read_max_id': None}",2024-03-01T15:42:41+00:00,,,"{'_': 'MessageReactions', 'results': [{'_': 'ReactionCount', 'reaction': {'_': 'ReactionEmoji', 'emoticon': '👍'}, 'count': 2, 'chosen_order': None}], 'min': False, 'can_see_list': False, 'reactions_as_tags': False, 'recent_reactions': []}",[],
hexonmods,https://t.me/hexonmods,2279,2024-03-01 16:20:17,"📱 Malloc: Privacy & Security v2024.02.280 (Premium)

📲 Google Play Store Link: 
https://play.google.com/store/apps/details?id=com.mallocprivacy.antistalkerfree

🎁 Mod Information ;
■ Premium features Unlocked
■ AOSP compatible
■ All Debug code removed
■ Original signature changed
■ Language: Full Multi
■ CPU architectures: Universal;
<PERSON>📥 Mirror Download Links👇
🔗 Click Here To Download [1]
🔗 Click Here To Download [2]
<PERSON>⭕ HOW TO DOWNLOAD ⭕
<PERSON>

📨  <PERSON>",False,False,False,True,True,False,False,True,False,False,1834665426,,,,,,,,,1930.0,2.0,"{'_': 'MessageReplies', 'replies': 1, 'replies_pts': 17228, 'comments': True, 'recent_repliers': [{'_': 'PeerUser', 'user_id': 609517172}], 'channel_id': 1817962555, 'max_id': 7524, 'read_max_id': None}",2024-03-01T18:22:26+00:00,,,"{'_': 'MessageReactions', 'results': [{'_': 'ReactionCount', 'reaction': {'_': 'ReactionEmoji', 'emoticon': '👍'}, 'count': 1, 'chosen_order': None}], 'min': False, 'can_see_list': False, 'reactions_as_tags': False, 'recent_reactions': []}",[],
hexonmods,https://t.me/hexonmods,2280,2024-03-02 00:31:20,"📱 Universal Remote for All TV v1.2.3 (Premium)

📲 Google Play Store Link: 
https://play.google.com/store/apps/details?id=com.control.remote.roku

📄 App Overview:
TV Remote: Universal Control is an easy-to-use and versatile app that allows you to control multiple devices with just one application.

🎁 Mod Information ;
■ Premium features unlocked;
<PERSON>📥 Mirror Download Links👇
🔗 Click Here To Download [1]
🔗 Click Here To Download [2]
<PERSON>⭕ HOW TO DOWNLOAD ⭕
<PERSON>

📨  <PERSON>",False,False,False,True,True,False,False,True,False,False,1834665426,,,,,,,,,774.0,1.0,"{'_': 'MessageReplies', 'replies': 1, 'replies_pts': 17228, 'comments': True, 'recent_repliers': [{'_': 'PeerUser', 'user_id': 609517172}], 'channel_id': 1817962555, 'max_id': 7538, 'read_max_id': None}",2024-03-02T00:35:25+00:00,,,"{'_': 'MessageReactions', 'results': [{'_': 'ReactionCount', 'reaction': {'_': 'ReactionEmoji', 'emoticon': '👍'}, 'count': 3, 'chosen_order': None}, {'_': 'ReactionCount', 'reaction': {'_': 'ReactionEmoji', 'emoticon': '❤'}, 'count': 1, 'chosen_order': None}], 'min': False, 'can_see_list': False, 'reactions_as_tags': False, 'recent_reactions': []}",[],
hexonmods,https://t.me/hexonmods,2281,2024-03-02 02:36:27,"▶️ SnapTube - YouTube Downloader HD Video v7.16.0.71650110 [Final] [Vip]

🎁 Mod Information ;
■ VIP Features Unlocked;
■ Debug code removed;
■ No forced ads on exit;
■ No promo player popup;
■ Full Multi Languages;
■ CPUs: armeabi;
■ Original signature changed;
<PERSON>📥 Mirror Download Links👇
🔗 Click Here To Download [1]
🔗 Click Here To Download [2]
<PERSON>⭕ HOW TO DOWNLOAD ⭕
<PERSON>

📨  <PERSON>",False,False,False,True,True,False,False,True,False,False,1834665426,,,,,,,,,391.0,1.0,"{'_': 'MessageReplies', 'replies': 1, 'replies_pts': 17228, 'comments': True, 'recent_repliers': [{'_': 'PeerUser', 'user_id': 609517172}], 'channel_id': 1817962555, 'max_id': 7540, 'read_max_id': None}",2024-03-02T02:42:57+00:00,,,"{'_': 'MessageReactions', 'results': [{'_': 'ReactionCount', 'reaction': {'_': 'ReactionEmoji', 'emoticon': '👍'}, 'count': 3, 'chosen_order': None}], 'min': False, 'can_see_list': False, 'reactions_as_tags': False, 'recent_reactions': []}",[],
