Channel ID,URL,Post ID,date,message,out,mentioned,media_unread,silent,post,from_scheduled,legacy,edit_hide,pinned,noforwards,peer_channel,from_id_user,fwd_from,via_bot_id,reply_to_msg_id,reply_to_scheduled,forum_topic,media_photo_id,reply_markup,views,forwards,replies,edit_date,post_author,grouped_id,reactions,restriction_reason,ttl_period
hostapk,https://t.me/hostapk,2516,2024-01-03 16:11:42,"RaspController v5.7.0 APK [Pro] [Latest]
Explore this article
IntroductionKey Features :Remote Access and ControlReal-time MonitoringFile ManagementGPIO ControlPackage ManagementUser Interface and AccessibilitySecurity MeasuresConclusion

Introduction

RaspController is a versatile application designed to streamline the management and control of Raspberry Pi devices, offering a user-friendly interface for both beginners and experienced users. This application serves as a centralized hub for monitoring, configuring, and…
https://hostapk.com/raspcontroller/",False,False,False,False,True,False,False,True,False,False,1271366020,,,,,,,5779495048369516564,,939,0,,2024-01-03T22:15:02+00:00,,,"{'_': 'MessageReactions', 'results': [{'_': 'ReactionCount', 'reaction': {'_': 'ReactionEmoji', 'emoticon': '👍'}, 'count': 1, 'chosen_order': None}], 'min': False, 'can_see_list': False, 'reactions_as_tags': False, 'recent_reactions': []}",[],
hostapk,https://t.me/hostapk,2517,2024-01-03 16:28:03,"Wallcandy – Wallpaper & Widget v1.12.9 MOD APK [Premium Unlocked] [Latest]
Explore this article
Enjoy a wide selection of artistic wallpapersHigh resolution wallpaperAlmost all wallpapers in this app are freeEasy to use, realistic and easy interfaceNo interruptions from spam adsUse your wayKey features :

WallCandy is an application that gives you many options to change your phone’s wallpaper. Here you can admire over 10000 unique and…
https://hostapk.com/wallcandy-wallpaper-widget/",False,False,False,False,True,False,False,True,False,False,1271366020,,,,,,,6038510215160246412,,947,0,,2024-01-03T22:15:06+00:00,,,"{'_': 'MessageReactions', 'results': [{'_': 'ReactionCount', 'reaction': {'_': 'ReactionEmoji', 'emoticon': '👍'}, 'count': 1, 'chosen_order': None}], 'min': False, 'can_see_list': False, 'reactions_as_tags': False, 'recent_reactions': []}",[],
hostapk,https://t.me/hostapk,2518,2024-01-03 16:39:51,"Hotstar v23.12.18.10 APK [Premium Mod] [Latest]
Explore this article
Content VarietyExclusive OriginalsLive Sports StreamingUser-Friendly InterfaceFlexible Subscription PlansConclusion
Disney+ Hotstar is a popular streaming service that combines the magic of Disney content with a vast array of regional and international shows and movies. Launched as a collaboration between Disney and Star India, the platform offers a diverse range of entertainment options, making…
https://hostapk.com/hotstar/",False,False,False,False,True,False,False,True,False,False,1271366020,,,,,,,5901214485962665604,,1053,2,,2024-01-03T22:15:11+00:00,,,"{'_': 'MessageReactions', 'results': [{'_': 'ReactionCount', 'reaction': {'_': 'ReactionEmoji', 'emoticon': '👍'}, 'count': 2, 'chosen_order': None}], 'min': False, 'can_see_list': False, 'reactions_as_tags': False, 'recent_reactions': []}",[],
hostapk,https://t.me/hostapk,2526,2024-01-09 15:12:04,"Malwarebytes Mobile Security v5.3.4+89 MOD APK [Premium Unlocked] [Latest]
Explore this article
Protect your device from malware and appsDifference between free and premium versionPuts protection on your wayAdjust or remove the <NRP> safer web experienceNo ads during the experienceKey features :
Protect your smartphone or tablet from scammers. Malwarebytes Security detects ransomware, PUPs, Android hacks, phishing schemes, viruses and malware.

Malwarebytes Security is an…
https://hostapk.com/malwarebytes-anti-malware/",False,False,False,False,True,False,False,True,False,False,1271366020,,,,,,,5916835075859787887,,899,1,,2024-01-09T18:22:38+00:00,,,"{'_': 'MessageReactions', 'results': [{'_': 'ReactionCount', 'reaction': {'_': 'ReactionEmoji', 'emoticon': '👍'}, 'count': 3, 'chosen_order': None}, {'_': 'ReactionCount', 'reaction': {'_': 'ReactionEmoji', 'emoticon': '👏'}, 'count': 1, 'chosen_order': None}], 'min': False, 'can_see_list': False, 'reactions_as_tags': False, 'recent_reactions': []}",[],
hostapk,https://t.me/hostapk,2527,2024-01-09 15:49:22,"<PERSON> (exchange rate) v5.50 MOD APK [Pro Unlocked] [Latest]
Explore this article
IntroductionKey Features :Real-time Exchange RatesUser-Friendly InterfaceCustomizable Currency ListHistorical Data AnalysisMulti-Currency ConversionOffline ModeCurrency AlertsConclusion

Introduction

<PERSON> is a powerful mobile application designed to provide users with accurate and up-to-date exchange rate information. This versatile tool caters to individuals, travelers, and businesses alike, offering a wide range of features to make currency conversion…
https://hostapk.com/acurrency-pro-exchange-rate/",False,False,False,False,True,False,False,False,False,False,1271366020,,,,,,,5833626745994064629,,935,0,,,,,,[],
hostapk,https://t.me/hostapk,2528,2024-01-09 16:05:48,"FotMob Pro – Live Soccer Scores v182.11277.20240105 MOD APK [Pro Unlocked] [Latest]
Explore this article
Breaking NewsGet match updatesOfficial highlightsLive play by <PERSON> to dark modeDownloads
FotMob is an application that helps track all information, statistics and results of international or local soccer matches for all soccer fans. Its convenience is that the information can be reported instantly along with various ways for the user to…
https://hostapk.com/fotmob-pro-live-soccer-scores/",False,False,False,False,True,False,False,True,False,False,1271366020,,,,,,,5808692240342691878,,1085,1,,2024-01-15T03:29:20+00:00,,,"{'_': 'MessageReactions', 'results': [{'_': 'ReactionCount', 'reaction': {'_': 'ReactionEmoji', 'emoticon': '❤'}, 'count': 1, 'chosen_order': None}], 'min': False, 'can_see_list': False, 'reactions_as_tags': False, 'recent_reactions': []}",[],
hostapk,https://t.me/hostapk,2529,2024-01-09 16:31:49,"AOA: Always on Display v5.8.8 MOD APK [Pro Unlocked] [Latest]
Explore this article
Can be used on many different devicesDisplay information on the lock screenA lot of information is displayedVarious unique viewing modesAdd edge lighting for more uniqueness

AOA: Always on Display is one of the useful tools every phone needs to optimize user experience. If you use your phone a lot and have many…
https://hostapk.com/always-on-amoled-apk/",False,False,False,False,True,False,False,True,False,False,1271366020,,,,,,,5997807106448797517,,1111,0,,2024-01-09T22:23:09+00:00,,,"{'_': 'MessageReactions', 'results': [{'_': 'ReactionCount', 'reaction': {'_': 'ReactionEmoji', 'emoticon': '👍'}, 'count': 2, 'chosen_order': None}], 'min': False, 'can_see_list': False, 'reactions_as_tags': False, 'recent_reactions': []}",[],
hostapk,https://t.me/hostapk,2530,2024-01-11 09:15:26,"Bottom Quick Settings v6.2.1 MOD APK [Premium Unlocked]  [Latest]
Explore this article
Key Features :Quick Access PanelCustomization OptionsToggle SwitchesNotification Panel IntegrationAccessibilityCompatibilityConclusion

Introduction

Bottom Quick Settings is a mobile application designed to enhance the user experience by providing quick and convenient access to essential device settings directly from the bottom of the screen. This app is particularly useful for users who want to streamline their…
https://hostapk.com/bottom-quick-settings-notification-customization/",False,False,False,False,True,False,False,True,False,False,1271366020,,,,,,,5837862060489290367,,1156,0,,2024-01-11T11:28:31+00:00,,,"{'_': 'MessageReactions', 'results': [{'_': 'ReactionCount', 'reaction': {'_': 'ReactionEmoji', 'emoticon': '❤'}, 'count': 1, 'chosen_order': None}], 'min': False, 'can_see_list': False, 'reactions_as_tags': False, 'recent_reactions': []}",[],
hostapk,https://t.me/hostapk,2531,2024-01-17 13:52:42,"StrongLifts Weight Lifting Log v3.7.2 MOD APK [Pro Unlocked] [Latest]
Explore this article
SIMPLE AND EASY TO USE APPDAILY TRACKER AND PLANNER FOR YOUCREATE GOOD RESULTS FOR USERSFEATURES IN THE FREE VERSIONAUTOMATIC REST TIMER TO ENSURE FOCUS DURING EXERCISE
Developers created StrongLifts Weight Lifting Log to help people train more effectively. This workout planner with its own timer allows users to track workouts to build…
https://hostapk.com/stronglifts-weight-lifting-log/",False,False,False,False,True,False,False,True,False,False,1271366020,,,,,,,5854002534702756557,,904,0,,2024-01-17T21:59:33+00:00,,,"{'_': 'MessageReactions', 'results': [{'_': 'ReactionCount', 'reaction': {'_': 'ReactionEmoji', 'emoticon': '👍'}, 'count': 1, 'chosen_order': None}], 'min': False, 'can_see_list': False, 'reactions_as_tags': False, 'recent_reactions': []}",[],
hostapk,https://t.me/hostapk,2532,2024-01-18 15:30:45,"MT Manager v2.14.5 Final APK + MOD [VIP Unlocked] [Latest]
Explore this article
Innovative and friendly interfaceThe ultimate all-purpose file managerAdvanced file editor for CODERBuilt-in AI to run programsLink with other external <NRP> and organize your storage

MT Manager is a versatile utility that helps you flexibly manage your files and the entire structure of your device (copying, handling folders, etc.). The most impressive thing…
https://hostapk.com/mt-manager-2/",False,False,False,False,True,False,False,True,False,False,1271366020,,,,,,,5799773178111830422,,784,1,,2024-01-18T22:01:37+00:00,,,"{'_': 'MessageReactions', 'results': [{'_': 'ReactionCount', 'reaction': {'_': 'ReactionEmoji', 'emoticon': '👍'}, 'count': 2, 'chosen_order': None}, {'_': 'ReactionCount', 'reaction': {'_': 'ReactionEmoji', 'emoticon': '👎'}, 'count': 1, 'chosen_order': None}], 'min': False, 'can_see_list': False, 'reactions_as_tags': False, 'recent_reactions': []}",[],
hostapk,https://t.me/hostapk,2533,2024-01-18 15:47:22,"Improve English: Vocab, <PERSON> MOD APK [Pro Unlocked] [Latest]
Explore this article
MEMORY VOCABULARY FASTEST WAYHAVE TENS OF TESTS TO TEST MY ENGLISH LEVELGET MORE THAN 250 POPULAR AND NEWEST LANGUAGESHAVE A LOT OF INTERESTING WORD GAMES FOR LEARNING REVIEW PURPOSE

Improve your English: Vocabulary, Grammar, and Flashcards is a useful learning application for students of all ages. It helps you recall knowledge in…
https://hostapk.com/improve-english-vocabulary-grammar-word-games/",False,False,False,False,True,False,False,True,False,False,1271366020,,,,,,,5860810044982014684,,823,1,,2024-01-18T22:01:42+00:00,,,"{'_': 'MessageReactions', 'results': [{'_': 'ReactionCount', 'reaction': {'_': 'ReactionEmoji', 'emoticon': '👍'}, 'count': 1, 'chosen_order': None}], 'min': False, 'can_see_list': False, 'reactions_as_tags': False, 'recent_reactions': []}",[],
hostapk,https://t.me/hostapk,2534,2024-01-18 16:30:02,"MIUI-ify – Notification Shade v1.9.1 MOD APK [Premium Unlocked] [Latest]
MIUI-ify provides a smooth, fast and native feeling MIUI 10 styled quick setting and notification panel at the bottom of your screen, allowing you to toggle settings like WiFi, Bluetooth, Flash and many more, as well as adding shortcuts to apps and websites in the panel too!

NOTIFICATION SHADE
– Control all notifications
– Reply,…
https://hostapk.com/miui-ify-notification-shade/",False,False,False,False,True,False,False,True,False,False,1271366020,,,,,,,5858605137621267158,,854,0,,2024-01-18T22:01:46+00:00,,,"{'_': 'MessageReactions', 'results': [{'_': 'ReactionCount', 'reaction': {'_': 'ReactionEmoji', 'emoticon': '👍'}, 'count': 1, 'chosen_order': None}], 'min': False, 'can_see_list': False, 'reactions_as_tags': False, 'recent_reactions': []}",[],
hostapk,https://t.me/hostapk,2535,2024-01-19 16:03:45,"Deezer Music for Android TV v4.0.1 APK [Mod] [Latest]
Explore this article
Sleek Interface for Seamless NavigationAccess to a Vast Music LibraryPersonalized Playlists and RecommendationsHigh-Quality Audio StreamingSeamless Integration with TV ControlsOffline Listening for ConvenienceConclusion
Deezer Music, a renowned music streaming service, has extended its reach to the large screen with the introduction of the Deezer Music app for Android TV. This dedicated application aims…
https://hostapk.com/deezer-music-for-android-tv/",False,False,False,False,True,False,False,True,False,False,1271366020,,,,,,,5862693027364057729,,881,1,,2024-01-19T16:30:34+00:00,,,"{'_': 'MessageReactions', 'results': [{'_': 'ReactionCount', 'reaction': {'_': 'ReactionEmoji', 'emoticon': '❤'}, 'count': 2, 'chosen_order': None}, {'_': 'ReactionCount', 'reaction': {'_': 'ReactionEmoji', 'emoticon': '👎'}, 'count': 1, 'chosen_order': None}], 'min': False, 'can_see_list': False, 'reactions_as_tags': False, 'recent_reactions': []}",[],
hostapk,https://t.me/hostapk,2536,2024-01-20 15:08:16,"Microphone Blocker & Guard v6.1.9 build 6111 MOD APK [Subscribed Unlocked] [Mod] [Latest]
Explore this article
Understanding the ThreatKey Features :Real-time Mic Access MonitoringApp Permission ControlNotification AlertsOne-Tap Microphone BlockUser-Friendly InterfaceConclusion
In an era where technology permeates every aspect of our lives, concerns about digital privacy have become increasingly prevalent. One area of particular concern is the unauthorized access to our device’s microphones, which can potentially compromise our private…
https://hostapk.com/micro-guard-pro-blocker/",False,False,False,False,True,False,False,True,False,False,1271366020,,,,,,,5865124915156464257,,894,0,,2024-01-20T18:38:17+00:00,,,"{'_': 'MessageReactions', 'results': [{'_': 'ReactionCount', 'reaction': {'_': 'ReactionEmoji', 'emoticon': '👍'}, 'count': 2, 'chosen_order': None}], 'min': False, 'can_see_list': False, 'reactions_as_tags': False, 'recent_reactions': []}",[],
hostapk,https://t.me/hostapk,2537,2024-01-20 16:40:10,"RedBox TV v2.5 APK + MOD [Official/Optimized/No ADS] [Latest]
Explore this article
WATCH MULTIPLE TV CHANNELS IN YOUR WAYCONVENIENT TO WATCH TV CHANNELS YOU LIKEEXPERIENCE TV CHANNELS IN THE MOST COMFORTABLE WAY

WATCH MULTIPLE TV CHANNELS IN YOUR WAY

When you experience RedBox TV, you are taken to a library with a variety of TV channels that are easy to find. With an estimated…
https://hostapk.com/redbox-mod-apk/",False,False,False,False,True,False,False,True,False,False,1271366020,,,,,,,5865019447939543733,,886,3,,2024-01-20T22:35:33+00:00,,,"{'_': 'MessageReactions', 'results': [{'_': 'ReactionCount', 'reaction': {'_': 'ReactionEmoji', 'emoticon': '👍'}, 'count': 3, 'chosen_order': None}], 'min': False, 'can_see_list': False, 'reactions_as_tags': False, 'recent_reactions': []}",[],
hostapk,https://t.me/hostapk,2538,2024-01-22 06:04:37,"SnapEdit – Remove objects v5.5.3 MOD APK [Pro Unlocked] [Latest]
Explore this article
How to use <NRP>

When taking pictures, people can take multiple objects around them, including the ones they don’t want photographed. The problem is removing them from the image. This difficult method, which <DATE_TIME> could only be done with professional software, can now be done with simple programs like…
https://hostapk.com/snapedit-remove-objects/",False,False,False,False,True,False,False,True,False,False,1271366020,,,,,,,5970661044827303896,,852,2,,2024-01-22T07:10:03+00:00,,,"{'_': 'MessageReactions', 'results': [{'_': 'ReactionCount', 'reaction': {'_': 'ReactionEmoji', 'emoticon': '👍'}, 'count': 1, 'chosen_order': None}], 'min': False, 'can_see_list': False, 'reactions_as_tags': False, 'recent_reactions': []}",[],
hostapk,https://t.me/hostapk,2539,2024-01-22 16:08:30,"Shuttle VPN -Fast & Secure VPN v2.98 build 229 APK + MOD [Premium Unlocked] [Latest]
Explore this article
This is the fastest performing VPN and it’s freeSimple and clear interface20+ free VPN server locations worldwideChoose the site you wantStable connection and less breakage

VPNs: Shuttle VPN – Free VPN Proxy – Fast VPN is a popular and famous unblocking app all over the world. It will help you meet all…
https://hostapk.com/shuttle-vpn-free/",False,False,False,False,True,False,False,True,False,False,1271366020,,,,,,,5923815664731140164,,802,0,,2024-01-22T22:08:47+00:00,,,"{'_': 'MessageReactions', 'results': [{'_': 'ReactionCount', 'reaction': {'_': 'ReactionEmoji', 'emoticon': '👍'}, 'count': 2, 'chosen_order': None}], 'min': False, 'can_see_list': False, 'reactions_as_tags': False, 'recent_reactions': []}",[],
hostapk,https://t.me/hostapk,2540,2024-01-23 15:44:47,"Waze Navigation & Live Traffic v4.101.0.0 RC APK + MOD [Optimized] [Latest]
Explore this article
High precision positioningAccess offline maps in many countries of the worldGPS tracking for familyMeet your friends in real time with ETA SHAREGood cruise controlQuick funding for gas stationsKey features :
Waze – GPS, MAPS, Traffic Alerts & Live Navigation is a smart traffic alert and driving directions tool with useful features. Users…
https://hostapk.com/waze-navigation/",False,False,False,False,True,False,False,True,False,False,1271366020,,,,,,,5959494890066915408,,797,0,,2024-01-23T22:18:55+00:00,,,"{'_': 'MessageReactions', 'results': [{'_': 'ReactionCount', 'reaction': {'_': 'ReactionEmoji', 'emoticon': '👍'}, 'count': 2, 'chosen_order': None}], 'min': False, 'can_see_list': False, 'reactions_as_tags': False, 'recent_reactions': []}",[],
hostapk,https://t.me/hostapk,2541,2024-01-23 16:07:13,"Gardenscapes v7.6.2 MOD APK [Unlimited Coins, Stars] [Latest]
Explore this article
NEW STORY WITH GAMES OF THE SAME GENREINCREDIBLE GENERATION WITH EXCELLENT CHALLENGESUNIQUE GRAPHIC DESIGN WILL GIVE YOU A NEW EXPERIENCE

Gardenscapes will transport you to a cultivate that was once a awesome family pride, but presently it is covered up beneath numerous diverse layers. On the off chance that you’re a individual…
https://hostapk.com/gardenscapes/",False,False,False,False,True,False,False,True,False,False,1271366020,,,,,,,5871652681330832114,,781,0,,2024-01-23T22:19:01+00:00,,,"{'_': 'MessageReactions', 'results': [{'_': 'ReactionCount', 'reaction': {'_': 'ReactionEmoji', 'emoticon': '👍'}, 'count': 1, 'chosen_order': None}], 'min': False, 'can_see_list': False, 'reactions_as_tags': False, 'recent_reactions': []}",[],
hostapk,https://t.me/hostapk,2542,2024-01-23 16:55:08,"Warplanes WW2 Dogfight v2.3.4 MOD APK [Free Purchases] [Latest]
Explore this article
DANGEROUS MISSIONSTHE MOST POWERFUL PLANT AGAINVARIETY OF INGREDIENTS

Warplanes: WW2 Dogfight will let players hop into the ridiculous and unsafe world war 2. Typically a unused activity amusement, where players will be role-playing to gotten to be brilliant pioneers. Discuss fights continuously grant players diverse shocks, which appear to be exceptionally <DATE_TIME>",False,False,False,False,True,False,False,True,False,False,1271366020,,,,,,,5874355650279092933,,752,0,,2024-01-23T22:19:07+00:00,,,"{'_': 'MessageReactions', 'results': [{'_': 'ReactionCount', 'reaction': {'_': 'ReactionEmoji', 'emoticon': '👍'}, 'count': 1, 'chosen_order': None}], 'min': False, 'can_see_list': False, 'reactions_as_tags': False, 'recent_reactions': []}",[],
hostapk,https://t.me/hostapk,2543,2024-01-24 15:27:42,"Battery HD Pro v1.99.10 APK (Google Play) [Paid] [Latest]
Explore this article
Control battery consumptionChoose the display information you wantMonitor relevant battery dataCustomize some display items you want
Battery HD Pro helps you calculate the remaining time you have available to perform certain actions on your device. Users can get information about battery usage.

Battery HD Pro helps users get information about battery usage…
https://hostapk.com/battery-hd-pro/",False,False,False,False,True,False,False,False,False,False,1271366020,,,,,,,5968888352910454745,,707,0,,,,,,[],
hostapk,https://t.me/hostapk,2544,2024-01-24 15:54:47,"TPlayer – All Format Video Player v7.4b APK + MOD [Optimized/No ADS] [Latest]
Explore this article
ALL-IN-ONE VIDEO PLAYER WITH ANY FORMATPRIVATE STORAGE, HANDYSUBTITLES FOR EACH VIDEO
With the current improvement of science and innovation, ordinarily the web, world occasions are best known through pictures and recordings on social systems. The require for excitement by observing energizing recordings gets to be a steady require. Be that as it…
https://hostapk.com/tplayer-all-format-video-player/",False,False,False,False,True,False,False,False,False,False,1271366020,,,,,,,5876181445171589817,,831,0,,,,,,[],
hostapk,https://t.me/hostapk,2545,2024-01-24 16:40:14,"Tapet Wallpapers v8.068.004 APK + MOD [Premium Unlocked] [Latest]
Explore this article
Use your photo as wallpaperProvide ever-changing wallpapersEasily adjust background spacingNumber of wallpapers with different designsVariety of Image Quality You Can’t MissVersatile color systemAdvanced color adjustment

Tapet guides the user through an image system of modifiable designs and colors. User settings are required for the automatic change feature to work.

Tapet is an…
https://hostapk.com/tapet/",False,False,False,False,True,False,False,False,False,False,1271366020,,,,,,,5968728395443449779,,870,2,,,,,,[],
hostapk,https://t.me/hostapk,2546,2024-01-24 16:52:17,"WiFi Analyzer Premium v5.0 MOD APK [Full Patched] [Latest]
Explore this article
Understanding the WiFi LandscapeKey Features :Signal Strength AnalysisChannel Interference DetectionNetwork Security AssessmentSpeed and Performance TestingNetwork Diagnostics and TroubleshootingConclusion
WiFi Analyzer Premium: Optimizing Wireless Networks

WiFi Analyzer Premium is a powerful application designed to enhance the performance of wireless networks by providing comprehensive insights and tools for optimizing WiFi connections. In an increasingly…
https://hostapk.com/wifi-analyzer-premium/",False,False,False,False,True,False,False,True,False,False,1271366020,,,,,,,6015929403126690005,,983,0,,2024-01-24T22:27:00+00:00,,,"{'_': 'MessageReactions', 'results': [{'_': 'ReactionCount', 'reaction': {'_': 'ReactionEmoji', 'emoticon': '👍'}, 'count': 1, 'chosen_order': None}, {'_': 'ReactionCount', 'reaction': {'_': 'ReactionEmoji', 'emoticon': '🔥'}, 'count': 1, 'chosen_order': None}], 'min': False, 'can_see_list': False, 'reactions_as_tags': False, 'recent_reactions': []}",[],
hostapk,https://t.me/hostapk,2547,2024-01-27 14:02:04,"Super VPN Proxy – Proxy Master v3.3.3 APK [Premium] [Latest]
Explore this article
Key Features :Virtual Private Network (VPN) CapabilitiesAnonymous BrowsingGlobal Server NetworkData EncryptionUser-Friendly InterfaceSpeed OptimizationNo-Logs PolicyConclusion
In the ever-evolving landscape of digital connectivity, ensuring online privacy and security has become paramount. Super VPN Proxy – Proxy Master emerges as a noteworthy player in this realm, offering users a comprehensive solution for safeguarding their online…
https://hostapk.com/proxy-master-free-vpn-proxy-secure-vpn-unblock/",False,False,False,False,True,False,False,True,False,False,1271366020,,,,,,,5885541497464533607,,738,0,,2024-01-27T14:07:18+00:00,,,"{'_': 'MessageReactions', 'results': [{'_': 'ReactionCount', 'reaction': {'_': 'ReactionEmoji', 'emoticon': '👎'}, 'count': 1, 'chosen_order': None}], 'min': False, 'can_see_list': False, 'reactions_as_tags': False, 'recent_reactions': []}",[],
hostapk,https://t.me/hostapk,2548,2024-01-27 14:16:55,"Vinylage Music Player v2.3.2 APK [Mod] [Latest]
Explore this article
Key Features :Authentic Vinyl SimulationIntuitive User InterfaceExtensive Format SupportCustomization OptionsDynamic EqualizerAlbum Art DisplayConclusion
Vinylage Audio Player is a unique application that takes music enthusiasts on a nostalgic journey by replicating the classic aesthetics of vinyl record players. This application is designed to bring the vintage charm of analog sound systems to the…
https://hostapk.com/vinylage-music-player/",False,False,False,False,True,False,False,False,False,False,1271366020,,,,,,,5885103269066420989,,828,1,,,,,,[],
hostapk,https://t.me/hostapk,2549,2024-01-27 15:34:16,"Weather Elite by WeatherBug v5.78.0-4 MOD APK [Premium Unlocked] [Latest]
Explore this article
Real-Time Weather UpdatesAdvanced ForecastingInteractive Maps and RadarPersonalized Weather ExperienceUser-Friendly InterfaceConclusion

WeatherBug is a widely acclaimed application that serves as your ultimate weather companion, delivering real-time and accurate weather information right at your fingertips. Whether you’re planning your day, making travel decisions, or simply staying informed about the current weather conditions, WeatherBug has…
https://hostapk.com/weather-elite-by-weatherbug/",False,False,False,False,True,False,False,False,False,False,1271366020,,,,,,,5885424253447287363,,872,1,,,,,,[],
hostapk,https://t.me/hostapk,2550,2024-01-28 15:33:10,"Eyecon: Caller ID & Spam Block v4.0.496 APK + MOD [Premium Unlocked] [Latest]
Explore this article
Make friends fastUpdate valid informationSecure your connectionUploading photos is easyChange your messagingAdd new shared link

Eyecon wants to provide our customers with the most impressive and exciting calls. It’s a leading communication application and you’ll find a wide range of exciting features through dedicated applications.

Eyecon presents impressive views and great features.…
https://hostapk.com/caller-id-calls-phone-book-contacts-eyecon/",False,False,False,False,True,False,False,True,False,False,1271366020,,,,,,,5984174334790447034,,751,1,,2024-01-28T15:33:31+00:00,,,"{'_': 'MessageReactions', 'results': [{'_': 'ReactionCount', 'reaction': {'_': 'ReactionEmoji', 'emoticon': '❤'}, 'count': 2, 'chosen_order': None}], 'min': False, 'can_see_list': False, 'reactions_as_tags': False, 'recent_reactions': []}",[],
hostapk,https://t.me/hostapk,2551,2024-01-28 15:33:51,"Eyecon: Caller ID & Spam Block v4.0.496 APK + MOD [Premium Unlocked] [Latest]
Explore this article
Make friends fastUpdate valid informationSecure your connectionUploading photos is easyChange your messagingAdd new shared link
Eyecon wants to provide our customers with the most impressive and exciting calls. It’s a leading communication application and you’ll find a wide range of exciting features through dedicated applications.

Eyecon presents impressive views and great features.…
https://hostapk.com/caller-id-calls-phone-book-contacts-eyecon/",False,False,False,False,True,False,False,True,False,False,1271366020,,,,,,,5984174334790447034,,764,0,,2024-01-28T17:43:23+00:00,,,"{'_': 'MessageReactions', 'results': [{'_': 'ReactionCount', 'reaction': {'_': 'ReactionEmoji', 'emoticon': '👍'}, 'count': 2, 'chosen_order': None}, {'_': 'ReactionCount', 'reaction': {'_': 'ReactionEmoji', 'emoticon': '💩'}, 'count': 1, 'chosen_order': None}], 'min': False, 'can_see_list': False, 'reactions_as_tags': False, 'recent_reactions': []}",[],
hostapk,https://t.me/hostapk,2566,2024-02-09 04:59:55,"Translate voice – Translator (Talkao) v393 MOD APK [Premium Unlocked] [Latest]
Explore this article
Language differenceSpelling errorsWord suggestionsTranslations store
<PERSON> – A language dictionary made in over 125 different languages ​​around the world. This application helps you create exciting stories in different languages ​​with the help of a virtual assistant that translates different texts by voice. Switch between different languages ​​to suit your workflow. Thanks…
https://hostapk.com/talkao-translate-voice-translator/",False,False,False,False,True,False,False,True,False,False,1271366020,,,,,,,5975495524440191002,,797,0,,2024-02-18T14:58:24+00:00,,,"{'_': 'MessageReactions', 'results': [{'_': 'ReactionCount', 'reaction': {'_': 'ReactionEmoji', 'emoticon': '👍'}, 'count': 1, 'chosen_order': None}], 'min': False, 'can_see_list': False, 'reactions_as_tags': False, 'recent_reactions': []}",[],
hostapk,https://t.me/hostapk,2574,2024-02-15 11:35:35,"Poweramp Music Player v3-build-976 APK [Full Patched] [Latest]
Explore this article
Develop everything successfullyMusic touches people’s heartsExcellence in every detailGood Impression

In our busy lives, music is an essential nourishment for each of us. Come to the music paradise Poweramp Full Version Unlocker and let the melody of youth fly together. This is one of the applications sought and accepted by young people.…
https://hostapk.com/poweramp-music-player/",False,False,False,False,True,False,False,True,False,False,1271366020,,,,,,,5820291495310241817,,583,1,,2024-02-24T14:34:30+00:00,,,"{'_': 'MessageReactions', 'results': [{'_': 'ReactionCount', 'reaction': {'_': 'ReactionEmoji', 'emoticon': '👍'}, 'count': 1, 'chosen_order': None}], 'min': False, 'can_see_list': False, 'reactions_as_tags': False, 'recent_reactions': []}",[],
hostapk,https://t.me/hostapk,2578,2024-02-18 09:04:51,"<NRP> v8.5.2 APK + MOD [Pro Unlocked] [Latest]
Explore this article
SIMPLE INTERFACE AND EASY TO USE FOR EVERYONEEASILY CREATE LEVEL-BASED TESTSREVIEW AND MEMORIZE THE KNOWLEDGEA GOOD EXAM PREPARATION TOOL
<NRP> will be an internet apparatus that creates instructing less demanding for instructors and is considered the leading nowadays when it coordinating numerous valuable highlights. Paper tests have continuously been seen as a…
https://hostapk.com/testmaker/",False,False,False,False,True,False,False,True,False,False,1271366020,,,,,,,5896367701268476257,,582,0,,2024-02-18T11:33:41+00:00,,,"{'_': 'MessageReactions', 'results': [{'_': 'ReactionCount', 'reaction': {'_': 'ReactionEmoji', 'emoticon': '👍'}, 'count': 1, 'chosen_order': None}], 'min': False, 'can_see_list': False, 'reactions_as_tags': False, 'recent_reactions': []}",[],
hostapk,https://t.me/hostapk,2581,2024-02-21 15:50:40,"Network Signal Info Pro v5.78.09 APK [Paid] [Latest]
An easy-to-use app that provides information about WiFi (WLAN) and cellular networks.

Network Signal Info

Network Signal Info Pro is easy to use and provides accurate data about your current wireless (WLAN) or cellular network (Cellular) signal strength. So what are the odds? It’s the only one in the world. This app is only compatible…
https://hostapk.com/network-signal-info-pro/",False,False,False,False,True,False,False,False,False,False,1271366020,,,,,,,5990967847771287650,,363,1,,,,,,[],
hostapk,https://t.me/hostapk,2582,2024-02-21 16:17:49,"Picture Manager v6.0.3 APK + MOD [Premium Unlocked] [Latest]
Explore this article
Change the location of your photo gallery folderClean up storage and optimize large filesProvides a lot of additional data from GPXKey features :

Picture Manager is a must-have application that allows you to organize and rename your photos. Use the provided data and rename it to another format.

Picture Manager has many…
https://hostapk.com/picture-manager/",False,False,False,False,True,False,False,True,False,False,1271366020,,,,,,,5986965049920565175,,375,0,,2024-02-21T21:47:39+00:00,,,"{'_': 'MessageReactions', 'results': [{'_': 'ReactionCount', 'reaction': {'_': 'ReactionEmoji', 'emoticon': '👍'}, 'count': 1, 'chosen_order': None}], 'min': False, 'can_see_list': False, 'reactions_as_tags': False, 'recent_reactions': []}",[],
hostapk,https://t.me/hostapk,2583,2024-02-22 14:50:09,"ToonApp: Cartoon Photo Editor v2.6.44 MOD APK [Pro Unlocked] [Latest]
Explore this article
Start drawing your own comics with fun conceptsSmooth interface with elegant designIntuitive background remover or editorAdd more beautiful effects with cartoon styleQuickly cartoonize everything via filtersCreate new stickers from cartoon avatarsKey features :

ToonApp Mod APK is an easy-to-use photo editor specialized in cartoon-like style, presenting users with a wide range of…
https://hostapk.com/toonapp-ai-cartoon-photo-editor-cartoon-yourself/",False,False,False,False,True,False,False,True,False,False,1271366020,,,,,,,5946302558714834943,,330,0,,2024-02-22T22:16:35+00:00,,,"{'_': 'MessageReactions', 'results': [{'_': 'ReactionCount', 'reaction': {'_': 'ReactionEmoji', 'emoticon': '👍'}, 'count': 2, 'chosen_order': None}, {'_': 'ReactionCount', 'reaction': {'_': 'ReactionEmoji', 'emoticon': '🥴'}, 'count': 1, 'chosen_order': None}], 'min': False, 'can_see_list': False, 'reactions_as_tags': False, 'recent_reactions': []}",[],
hostapk,https://t.me/hostapk,2585,2024-02-23 11:23:52,"Camera Clash: Shoot Battle War v2.2.0 MOD APK [God Mode, One Hit] [Latest]
Camera Clash: Shoot Fight War is an Android amusement that combines the classes of blend astound and side-scrolling shooter. You’ll collect and combine distinctive weapons, select and overhaul different courageous women, and battle against waves of zombie creatures in a post-apocalyptic world. The amusement highlights :

- Simple to choose up and play: You’ll control…
https://hostapk.com/camera-clash-shoot-battle-war/",False,False,False,False,True,False,False,True,False,False,1271366020,,,,,,,5966660347215590182,,296,0,,2024-02-23T16:31:06+00:00,,,"{'_': 'MessageReactions', 'results': [{'_': 'ReactionCount', 'reaction': {'_': 'ReactionEmoji', 'emoticon': '🙈'}, 'count': 2, 'chosen_order': None}], 'min': False, 'can_see_list': False, 'reactions_as_tags': False, 'recent_reactions': []}",[],
hostapk,https://t.me/hostapk,2587,2024-02-23 12:09:08,"Medieval Merge v1.57.0 MOD APK [Unlimited Energy, Free Shopping] [Latest]
Explore this article
EMBARK ON A NEW JOURNEY TO RESCUE THE INNOCENTSFASCINATING MERGE SYSTEM GAMEPLAYCOMPLETE QUESTS TO RENOVATE EVERYTHINGUPGRADE YOUR VILLAGES WITH NEW LOOKSVARIOUS ITEMS TO MERGE AND UNLOCKCOMPLETE THOUSANDS OF EVENTS AND CHALLENGESSOLVE THRILLING MYSTERIES IN CASTLESFIGHT AGAINST TERRIFYING CREATURES

Medieval Consolidate Mod APK is an protest combine diversion where you may take after…
https://hostapk.com/medieval-merge/",False,False,False,False,True,False,False,True,False,False,1271366020,,,,,,,5964152421322175433,,300,0,,2024-02-23T16:30:48+00:00,,,"{'_': 'MessageReactions', 'results': [{'_': 'ReactionCount', 'reaction': {'_': 'ReactionEmoji', 'emoticon': '🤮'}, 'count': 2, 'chosen_order': None}], 'min': False, 'can_see_list': False, 'reactions_as_tags': False, 'recent_reactions': []}",[],
hostapk,https://t.me/hostapk,2603,2024-02-29 15:22:05,"Sense V2 Flip Clock & Weather v6.54.0 APK [Premium] [Latest]
Explore this article
WEATHER FORECAST OF TEMPERATURE AND PRECIPITATION FOR A DAY WITH LOVELY <PERSON> ON BOTH SUNRISE AND SUNSET TIMES OR AVERAGE HUMIDITY FOR <DATE_TIME> IS ALSO PROVIDEDVARIES BY REGION OR CHOOSE TO VIEW MANUALLY

Sense V2 Flip Clock & Climate as a climate master, continuously reminding and giving all data almost the…
https://hostapk.com/sense-v2-flip-clock-weather/",False,False,False,False,True,False,False,False,False,False,1271366020,,,,,,,5981942880236843951,,20,0,,,,,,[],
hostapk,https://t.me/hostapk,2605,2024-03-02 05:06:08,"Cross <PERSON> – Mix your music v4.0.1 APK [Patched] [Latest]
Explore this article
Intuitive InterfaceAdvanced Mixing CapabilitiesExtensive Music Library IntegrationSample Decks and EffectsLive RecordingCloud Storage and CollaborationConclusion
Cross DJ Pro is a powerful and versatile music mixing application designed for both amateur and professional DJs. With its comprehensive set of features and user-friendly interface, this app has become a go-to choice for DJs who want…
https://hostapk.com/cross-dj-pro/",False,False,False,False,True,False,False,False,False,False,1271366020,,,,,,,5883132832560296154,,12,0,,,,,,[],
hostapk,https://t.me/hostapk,2607,2024-03-02 07:03:13,"LightX Pro v2.2.1 b423 MOD APK [Premium Unlocked] [Latest]
Explore this article
Cut photo with color effect to make it coolCreate your own new lookQuick processing of next questionProfessional image editing experience
LightX provides users with a professional photo editing team through beautiful color layers and rich dynamic effects. What’s particularly interesting is that the variety of editing styles allows the application to meet…
https://hostapk.com/lightx-photo-editor-photo-effects/",False,False,False,False,True,False,False,False,False,False,1271366020,,,,,,,5799576593163726894,,62,0,,,,,,[],
hostapk,https://t.me/hostapk,2609,2024-03-03 15:16:52,"Sleep Monitor: Sleep Tracker v2.6.8 MOD APK [Pro Unlocked] [Latest]
Explore this article
Sleep Monitor Sleep Tracker: Enhancing Your Sleep QualityKey Features :Sleep TrackingSmart AlarmSleep Trends AnalysisSleep Environment MonitoringPersonalized RecommendationsIntegration with Health AppsConclusion

Sleep Monitor Sleep Tracker: Enhancing Your Sleep Quality

In <DATE_TIME>’s fast-paced world, where stress and distractions abound, quality sleep has become a precious commodity. The Sleep Monitor Sleep Tracker application offers a…
https://hostapk.com/sleep-monitor-sleep-cycle-tracker-recorder/",False,False,False,False,True,False,False,False,False,False,1271366020,,,,,,,5993465311124370131,,22,0,,,,,,[],
hostapk,https://t.me/hostapk,2610,2024-03-03 15:25:16,"Dictionary – Merriam-Webster v5.5.2 APK + MOD [Premium Unlocked] [Latest]
Explore this article
Newly updated crossword game helps improve vocabularyWord search by record function; no need to type every wordVocabulary updated <DATE_TIME> with many interesting topics for you to choose fromMore synonyms appear every time you search vocabularyAdd example sentences to help users understand the use of difficult wordsSave your favorite words and example sentences…
https://hostapk.com/dictionary-merriam-webster/",False,False,False,False,True,False,False,False,False,False,1271366020,,,,,,,5891901347597496544,,16,0,,,,,,[],
hostapk,https://t.me/hostapk,2612,2024-03-03 16:25:54,"Offline Music Player: Play MP3 v1.02.35.0302 MOD APK [Pro Unlocked] [Latest]
Explore this article
Some basic functions commonly usedSmart lyrics displayCreate <NRP> features :Downloads

My Music is your music paradise with everything from music sharing to customization.

If you haven’t found a good music player application, what are you waiting for without visiting My Music right away? It’s the perfect choice with the best features. Needless…
https://hostapk.com/offline-music-player-play-mp3/",False,False,False,False,True,False,False,False,False,False,1271366020,,,,,,,5991168332549697417,,16,0,,,,,,[],
hostapk,https://t.me/hostapk,2614,2024-03-05 14:58:01,"WillyWeather v4.0.5 Plus APK [Premium Unlocked] [Latest]
Explore this article
LOCAL WEATHER FOR AMERICANSWEATHER DATAFEATURES :

LOCAL WEATHER FOR AMERICANS

WillyWeather is a feature-rich weather app that includes NOAA radar and satellite, detailed wind, rain, tide, swell and UV forecasts, as well as moon phases, and sunrise and sunset times.

Going beyond the average weather service, we process and fine-tune forecast data…
https://hostapk.com/willyweather/",False,False,False,False,True,False,False,False,False,False,1271366020,,,,,,,5998052718448587595,,46,0,,,,,,[],
hostapk,https://t.me/hostapk,2615,2024-03-05 15:22:07,"ML Manager Pro: APK Extractor v4.1 APK [Patched] [Latest]
Explore this article
Effortless ExtractionOrganize with EaseAdvanced Features for Power UsersSecure and ReliableExperience the Future of APK Management
In the ever-evolving world of Android applications, managing your APKs efficiently can be a game-changer. Enter ML Manager Pro: APK Extractor, a powerful tool designed to streamline the process of extracting, organizing, and managing your Android application…
https://hostapk.com/ml-manager-pro-apk-extractor/",False,False,False,False,True,False,False,False,False,False,1271366020,,,,,,,6022600238956654601,,24,0,,,,,,[],
hostapk,https://t.me/hostapk,2616,2024-03-05 15:47:21,"Sound Profile (Volume control) v11.64 APK [Subscribed Unlocked] APK [Latest]
Explore this article
Key Features :Customizable ProfilesGranular ControlAutomated Profile SwitchingWidget SupportBattery OptimizationConclusion
The Sound Profile (Volume Control) application is a versatile tool designed to provide users with convenient control over their device’s audio settings. With the ever-increasing importance of customizable audio experiences in our daily lives, this application serves as a valuable asset for users…
https://hostapk.com/sound-profile-volume-control-scheduler/",False,False,False,False,True,False,False,False,False,False,1271366020,,,,,,,5997872793678623408,,4,0,,,,,,[],
hostapk,https://t.me/hostapk,2618,2024-03-05 16:34:42,"Punch Boxing v3.7.2 MOD APK [Unlimited Money] [Latest]
Explore this article
ENJOY INTENSE MATCHESPRACTICE SKILLS
Punch Boxing Amusement has an activity fashion combined with reenactment components that guarantee to assist players get the most excellent experience—inspired by the celebrated boxing don within the West to bring you sensational and energizing battles. Your engaging minutes will not be squandered by the alluring gameplay and…
https://hostapk.com/punch-boxing/",False,False,False,False,True,False,False,False,False,False,1271366020,,,,,,,5998219595107906474,,16,0,,,,,,[],
hostapk,https://t.me/hostapk,2620,2024-03-06 15:20:51,"vFlat Scan v1.8.0.240229.1400e3ad6 MOD APK [Premium Unlocked] [Latest]
vFlat Filter – PDF Scanner, OCR is an app that lets you filter different sorts of archives, such as books, notes, IDs, and QR codes, and spare them as PDF or JPG records. You’ll moreover utilize the app to change over pictures to content utilizing its OCR highlight.

The app is simple to utilize and…
https://hostapk.com/vflat-scan/",False,False,False,False,True,False,False,False,False,False,1271366020,,,,,,,6000285921053881236,,33,0,,,,,,[],
hostapk,https://t.me/hostapk,2622,2024-03-08 16:13:51,"ChatOn – AI Chat Bot Assistant v1.34.323-343 MOD APK [Pro Unlocked] [Latest]
Explore this article
AI WRITING ASSISTANTPDF MASTERTEXT-TO-IMAGE GENERATORIMAGE-TO-TEXT CONVERTERPRO AI REWRITERSOCIAL MEDIA POSTS CREATORTEXT SUMMARIZERTEXT-TO-SPEECH OPTIONVOICE-TO-TEXT FUNCTIONAUTHENTICITY BOOSTERMATH GURUEXPERT CODEREMAIL GENERATOR
Welcome to the AI world! Meet ChatOn, your trusty AI virtual assistant and AI chat companion powered by ChatGPT API and <PERSON>. Whether you’re a business person getting ready for a presentation or a…
https://hostapk.com/chaton-ai-chat-bot-assistant/",False,False,False,False,True,False,False,False,False,False,1271366020,,,,,,,6009455212374373017,,21,0,,,,,,[],
hostapk,https://t.me/hostapk,2624,2024-03-10 15:32:20,"AR Plan 3D Tape Measure, Ruler v4.8.6 MOD APK [Premium Unlocked] [Latest]
AR Plan 3D Tape Measure is an innovative application designed to revolutionize the way measurements are taken in both personal and professional settings. Leveraging augmented reality (AR) technology, this app allows users to accurately measure distances and dimensions in 3D space using their smartphone or tablet camera.

The app provides a virtual tape measure and…
https://hostapk.com/ar-plan-3d-tape-measure/",False,False,False,False,True,False,False,False,False,False,1271366020,,,,,,,6013639519837991485,,13,0,,,,,,[],
hostapk,https://t.me/hostapk,2626,2024-03-12 16:47:52,"<NRP>! for Photographers Pro v10.5.1 APK [Patched] [Latest]
Explore this article
Streamline Your Planning ProcessOptimize Your CompositionStay Ahead of the <PERSON> Your Creative Potential
Planit! for Photographers Pro is an indispensable tool designed to elevate your photography experience to new heights. Whether you’re a seasoned professional or an amateur enthusiast, this application offers a comprehensive suite of features tailored to meet the unique…
https://hostapk.com/planit-for-photographers-pro/",False,False,False,False,True,False,False,False,False,False,1271366020,,,,,,,6020522527052378860,,40,0,,,,,,[],
hostapk,https://t.me/hostapk,2628,2024-03-12 17:58:51,"Audiomack – Download New Music v6.38.1 MOD APK [Premium Unlocked] [Latest]
Explore this article
Enjoy new version featuresEnjoy popular songListen offlineUnlimited music experienceEasily find and add favoritesFollow your favorite artists
<PERSON> – Stream and download the best new music, listen to music offline without internet connection, listen to MP3!

<PERSON>: Download New Music Offline Free Listen to music online from all of <DATE_TIME>’s most…
https://hostapk.com/audiomack-free-music-downloads/",False,False,False,False,True,False,False,False,False,False,1271366020,,,,,,,5953050665301422121,,29,1,,,,,,[],
hostapk,https://t.me/hostapk,2630,2024-03-14 17:15:06,"Smart Tools v2.1.12 APK [Patched] [Latest]
Explore this article
Streamlined EfficiencyPrecision at Your FingertipsIntuitive InterfaceVersatility RedefinedConclusion
In <DATE_TIME>’s fast-paced world, where time is of the essence, the demand for smart solutions to streamline tasks and boost productivity has never been greater. Enter Smart Tools – a revolutionary application designed to simplify your <DATE_TIME> routines while ensuring precision and accuracy.

Streamlined Efficiency…
https://hostapk.com/smart-tools-apk/",False,False,False,False,True,False,False,True,False,False,1271366020,,,,,,,5887795912913301898,,964,0,,2024-03-15T05:24:10+00:00,,,"{'_': 'MessageReactions', 'results': [{'_': 'ReactionCount', 'reaction': {'_': 'ReactionEmoji', 'emoticon': '👍'}, 'count': 2, 'chosen_order': None}], 'min': False, 'can_see_list': False, 'reactions_as_tags': False, 'recent_reactions': []}",[],
hostapk,https://t.me/hostapk,2631,2024-03-16 17:51:05,"My Notes – Notepad v2.2.4 MOD APK [Premium Unlocked] [Latest]
My Notes – Notepad is an easy-to-use, intuitive, secure app that lets you save and store a large number of notes and sync them via Google Drive between all Android devices you use.

You can use My Notes as a notepad, notebook, journal, agenda or diary.

Key Features:
– Lock app with password or PIN.…
https://hostapk.com/my-notes-notepad/",False,False,False,False,True,False,False,False,False,False,1271366020,,,,,,,6031918926419571682,,870,0,,,,,,[],
hostapk,https://t.me/hostapk,2632,2024-03-16 18:07:05,"<PERSON> APK + MOD [Vip Unlocked] [Latest]
Explore this article
Simple interface for quick setupDual window operation for multitaskingWide window adjustmentCustomize Quick Access ShortcutsPlay games without interruptionOptimizing a good integrated systemKey features :

VMOS PRO is an application that creates a virtual system on your device to prevent virus intrusion and data theft when you access standard websites on your device.

<PERSON>…
https://hostapk.com/vmos-pro/",False,False,False,False,True,False,False,True,False,False,1271366020,,,,,,,5993201093326253982,,843,1,,2024-03-16T22:25:02+00:00,,,"{'_': 'MessageReactions', 'results': [{'_': 'ReactionCount', 'reaction': {'_': 'ReactionEmoji', 'emoticon': '👍'}, 'count': 2, 'chosen_order': None}], 'min': False, 'can_see_list': False, 'reactions_as_tags': False, 'recent_reactions': []}",[],
hostapk,https://t.me/hostapk,2633,2024-03-16 18:16:09,"Poppin icon pack <PERSON> [Patched] [Latest]
Poppin Icon Pack is an application that helps you change the icon of any application that has icons designed with striking strokes. The application interface is straightforward and can be used by any user. Also, you need to install a suitable launcher to use them. Additionally, the look and feel of your app on your…
https://hostapk.com/poppin-icon-pack/",False,False,False,False,True,False,False,True,False,False,1271366020,,,,,,,5777379618062446510,,878,0,,2024-03-16T22:25:07+00:00,,,"{'_': 'MessageReactions', 'results': [{'_': 'ReactionCount', 'reaction': {'_': 'ReactionEmoji', 'emoticon': '👍'}, 'count': 1, 'chosen_order': None}], 'min': False, 'can_see_list': False, 'reactions_as_tags': False, 'recent_reactions': []}",[],
hostapk,https://t.me/hostapk,2634,2024-03-16 18:29:39,"<PERSON> – Substratum Theme v2.6.9 APK [Full Patched] [Latest]
Explore this article
Fresh and modern UI designQuick setup and installationBeautiful wallpaper of the same materialA good foundation icon packAdditional support widgets for a broader user experienceKey features :
<PERSON> is a material theme provider with innovative designs that users can explore and install on different devices. It will change the whole atmosphere while…
https://hostapk.com/liv-dark-substratum-theme/",False,False,False,False,True,False,False,True,False,False,1271366020,,,,,,,5858510167304417428,,899,0,,2024-03-16T22:25:12+00:00,,,"{'_': 'MessageReactions', 'results': [{'_': 'ReactionCount', 'reaction': {'_': 'ReactionEmoji', 'emoticon': '👍'}, 'count': 1, 'chosen_order': None}], 'min': False, 'can_see_list': False, 'reactions_as_tags': False, 'recent_reactions': []}",[],
hostapk,https://t.me/hostapk,2635,2024-03-17 16:35:59,"Car Simulator 2 v1.50.15 MOD APK [Free Shopping/Unlimited Money] [Latest]
Explore this article
IMMENSELY FUN DRIVING SIMULATOREXPLORE DENSE CITIES BY YOURSELFAUTHENTIC CONTROLS AND INTERACTIONSIMMERSES YOURSELF IN FASCINATING RACESUNLOCK NEW CARS THROUGH MISSIONSCUSTOMIZE THE CARS TO EVERY DETAILDRIVES IN DIFFERENT PERSPECTIVESTAKE CARE AND FIX YOUR CARS
Car Test system 2 Mod APK – A new open environment, over 70 modern cars, and unimaginable gameplay are all…
https://hostapk.com/car-simulator-2/",False,False,False,False,True,False,False,True,False,False,1271366020,,,,,,,6033734280246571848,,943,0,,2024-03-17T17:07:24+00:00,,,"{'_': 'MessageReactions', 'results': [{'_': 'ReactionCount', 'reaction': {'_': 'ReactionEmoji', 'emoticon': '👍'}, 'count': 1, 'chosen_order': None}, {'_': 'ReactionCount', 'reaction': {'_': 'ReactionEmoji', 'emoticon': '🥱'}, 'count': 1, 'chosen_order': None}], 'min': False, 'can_see_list': False, 'reactions_as_tags': False, 'recent_reactions': []}",[],
hostapk,https://t.me/hostapk,2636,2024-03-17 17:00:29,"Bus Simulator Indonesia v4.2 MOD APK [Max Fuel, Unlocked All Bus] [Latest]
Explore this article
VERY FUN GAMEPLAYCUSTOMIZE YOUR BUSGRAPHICS OF THE GAME

Transport Test system Indonesia will take you to a wonderful nation known for its culture and antiquated design. In the event that you have got ever imagined of once setting foot in Indonesia or going by this put but still have not found all…
https://hostapk.com/bus-simulator-indonesia/",False,False,False,False,True,False,False,True,False,False,1271366020,,,,,,,6033949269129540412,,1031,1,,2024-03-17T17:05:45+00:00,,,"{'_': 'MessageReactions', 'results': [{'_': 'ReactionCount', 'reaction': {'_': 'ReactionEmoji', 'emoticon': '😁'}, 'count': 1, 'chosen_order': None}, {'_': 'ReactionCount', 'reaction': {'_': 'ReactionEmoji', 'emoticon': '😡'}, 'count': 1, 'chosen_order': None}], 'min': False, 'can_see_list': False, 'reactions_as_tags': False, 'recent_reactions': []}",[],
hostapk,https://t.me/hostapk,2637,2024-03-17 17:56:21,"Rage Swarm v1.6.91 MOD APK [Unlimited Money] [Latest]
Prepare yourself for an adrenaline-fueled experience like no other in <PERSON>, where you’ll wield powerful weapons to carve your way through hordes of enemies and face off against formidable bosses. With each mission presenting a new challenge, arm yourself with upgrades and enhancements to bolster your chances of success.

In <PERSON>, a vast…
https://hostapk.com/rage-swarm-v1.6.91-mod-apk-unlimited-money-latest/",False,False,False,False,True,False,False,True,False,False,1271366020,,,,,,,6036440878442197811,,1135,0,,2024-03-17T22:06:01+00:00,,,"{'_': 'MessageReactions', 'results': [{'_': 'ReactionCount', 'reaction': {'_': 'ReactionEmoji', 'emoticon': '👍'}, 'count': 1, 'chosen_order': None}, {'_': 'ReactionCount', 'reaction': {'_': 'ReactionEmoji', 'emoticon': '👎'}, 'count': 1, 'chosen_order': None}], 'min': False, 'can_see_list': False, 'reactions_as_tags': False, 'recent_reactions': []}",[],
hostapk,https://t.me/hostapk,2638,2024-03-20 17:58:23,"App Manager v6.47 MOD APK [Premium Unlocked] [Latest]
Explore this article
Easy installationManage application flowCustomizing UtilitiesApplication order

App Manager is a tool that allows you to optimally manage and arrange applications on your device. Thanks to the app, you can install or remove other apps with just one touch. No need to go to the App Store to easily download the software you…
https://hostapk.com/app-manager/",False,False,False,False,True,False,False,True,False,False,1271366020,,,,,,,5982319119371972536,,912,1,,2024-03-20T21:45:22+00:00,,,"{'_': 'MessageReactions', 'results': [{'_': 'ReactionCount', 'reaction': {'_': 'ReactionEmoji', 'emoticon': '👍'}, 'count': 2, 'chosen_order': None}], 'min': False, 'can_see_list': False, 'reactions_as_tags': False, 'recent_reactions': []}",[],
hostapk,https://t.me/hostapk,2639,2024-03-22 16:47:57,"Rosetta Stone: Learn, Practice v8.23.0 MOD APK [Premium Unlocked] [Latest]
Explore this article
Wide range of fun lessonsDepth and detailed structureChoose your preferred teaching stylePersonalize lessons and levelsVarious practical language toolsTrack your progress

<PERSON> is one of the most effective and versatile foreign language teaching applications thanks to its unique transmission of lessons to its users. It completely transcends common sense and…
https://hostapk.com/rosetta-stone-learn-to-speak-read-new-languages/",False,False,False,False,True,False,False,True,False,False,1271366020,,,,,,,5957459423460961084,,807,0,,2024-03-22T22:13:54+00:00,,,"{'_': 'MessageReactions', 'results': [{'_': 'ReactionCount', 'reaction': {'_': 'ReactionEmoji', 'emoticon': '👍'}, 'count': 1, 'chosen_order': None}], 'min': False, 'can_see_list': False, 'reactions_as_tags': False, 'recent_reactions': []}",[],
hostapk,https://t.me/hostapk,2640,2024-03-24 18:05:35,"Flirtly: AI Girl & Companion v1.119 MOD APK [Pro Unlocked]
Explore this article
Flirtly – Your AI Girlfriend and CompanionDiscover Your Virtual LoveExperience Romance Like Never BeforeChatbot Meets Dating SimulatorKey Features :Get Ready to Flirt and Spark Love!Unleash Your ImaginationSafety and Privacy GuaranteedAn Exclusive Community of RomanceYour AI Love Story Awaits!

<PERSON> – Your AI Girlfriend and Companion

Are you ready to dive into the…
https://hostapk.com/flirtly-ai-girl-companion-v1.119-mod-apk-pro-unlocked/",False,False,False,False,True,False,False,True,False,False,1271366020,,,,,,,5766181178032894743,,754,0,,2024-03-24T22:15:49+00:00,,,"{'_': 'MessageReactions', 'results': [{'_': 'ReactionCount', 'reaction': {'_': 'ReactionEmoji', 'emoticon': '👍'}, 'count': 1, 'chosen_order': None}], 'min': False, 'can_see_list': False, 'reactions_as_tags': False, 'recent_reactions': []}",[],
hostapk,https://t.me/hostapk,2641,2024-03-24 18:22:05,"Shadow Knight v3.24.256 MOD APK [No Skill CD, Immortality] [Latest]
Explore this article
AWAKENING CONTENT HAS JUST BEEN ADDED TO THE <PERSON> IMPRESSIVE ROLE-PLAYING STORYFULLY EQUIPPED TO COMPLETE THE TASK WELLTHE NOBLE QUEST THAT EVERY HERO CAN DO

Shadow Knight permits players to role-play as a dim legend with his supreme control and enchanted sword traveling to numerous parts of the world to battle fiendish.…
https://hostapk.com/shadow-knight/",False,False,False,False,True,False,False,True,False,False,1271366020,,,,,,,5766101841397003121,,820,1,,2024-03-24T22:15:46+00:00,,,"{'_': 'MessageReactions', 'results': [{'_': 'ReactionCount', 'reaction': {'_': 'ReactionEmoji', 'emoticon': '👍'}, 'count': 1, 'chosen_order': None}], 'min': False, 'can_see_list': False, 'reactions_as_tags': False, 'recent_reactions': []}",[],
hostapk,https://t.me/hostapk,2642,2024-03-27 16:04:07,"Subtitle Downloader Pro v14.2 MOD APK [Pro Unlocked] [Latest]
Subtitle Downloader Pro

Download subtitles for your tv-shows and movies, from the most popular subtitle providers, to your PC or tablet/phone! Over 60 languages supported.

Features
– Download subtitles for videos to your phones SD-card or a PC (network share/drive: Samba/SMB and SFTP/SSH are supported)
– Download multiple subtitles at the same time (long press…
https://hostapk.com/subtitle-downloader-pro/",False,False,False,False,True,False,False,True,False,False,1271366020,,,,,,,5774994145981608803,,644,0,,2024-03-28T03:47:15+00:00,,,"{'_': 'MessageReactions', 'results': [{'_': 'ReactionCount', 'reaction': {'_': 'ReactionEmoji', 'emoticon': '👍'}, 'count': 1, 'chosen_order': None}], 'min': False, 'can_see_list': False, 'reactions_as_tags': False, 'recent_reactions': []}",[],
hostapk,https://t.me/hostapk,2643,2024-03-30 16:55:17,"Diseases Dictionary Offline v5.0 MOD APK [Premium Unlocked] [Latest]
Explore this article
BRING FULL INFORMATION ABOUT DISEASESPROVIDE REASONABLE TREATMENT METHODSCREATE YOUR OWN FAVORITES

As an academic enthusiast, you cannot ignore the offline disease and treatment dictionary because this application will provide you with rich information about diseases around the world. Through that, you can research and learn more to improve your skills.

BRING FULL…
https://hostapk.com/disorder-diseases-dictionary-offline/",False,False,False,False,True,False,False,False,False,False,1271366020,,,,,,,5783858524688855978,,362,0,,,,,,[],
hostapk,https://t.me/hostapk,2644,2024-03-30 17:38:57,"ChatAI: AI Chatbot App v30.3 MOD APK [Premium Unlocked] [Latest]
Powerful and Intelligent AI Assistant Chat:
AI chatbots act like personal assistants and can answer any question in your life.

AI assistant chat: AI chatbots are chatbot apps that use API technology to provide powerful search, conversation, text completion, and other advanced AI capabilities.
Finally, AI assistant chat:
The AI ​​chatbot has an easy-to-use interface…
https://hostapk.com/chatai-ai-chatbot-app/",False,False,False,False,True,False,False,False,False,False,1271366020,,,,,,,5786057307426238576,,336,0,,,,,,[],
hostapk,https://t.me/hostapk,2645,2024-03-30 17:56:09,"Cinema HD v3.0.3 APK + MOD [Optimized/No ADS] [Latest]
Explore this article
Explore our endless content libraryStream all the content you love with your familyDownload your favorite content to watch offlineGreat customization for your personal experienceEnjoy free services and content without ads

Cinema HD is a complete wrap-up for the entire entertainment industry, including film, music, broadcasting, and more, allowing users to unlock and…
https://hostapk.com/cinema-mod/",False,False,False,False,True,False,False,True,False,False,1271366020,,,,,,,6020333600030961773,,349,0,,2024-03-30T18:00:55+00:00,,,"{'_': 'MessageReactions', 'results': [], 'min': False, 'can_see_list': False, 'reactions_as_tags': False, 'recent_reactions': []}",[],
hostapk,https://t.me/hostapk,2646,2024-03-30 18:11:02,"Speed Test WiFi Analyzer v2024.03.77376 MOD APK [Premium Unlocked] [Latest]
Explore this article
Speed Test WiFi AnalyzerCheck your network connectionFix slow network conditionsAnother connection detectedRestrict accessKey features :

Speed Test WiFi Analyzer

Speed ​​Test WiFi Analyzer Mod APK will fix slow network connection. The application is specialized on the connection and recovery side, so don’t worry and let the application take all the responsibility this…
https://hostapk.com/analiti-wifi-tester-analyzer/",False,False,False,False,True,False,False,True,False,False,1271366020,,,,,,,5844689868783988917,,367,0,,2024-03-30T22:29:17+00:00,,,"{'_': 'MessageReactions', 'results': [{'_': 'ReactionCount', 'reaction': {'_': 'ReactionEmoji', 'emoticon': '👍'}, 'count': 2, 'chosen_order': None}], 'min': False, 'can_see_list': False, 'reactions_as_tags': False, 'recent_reactions': []}",[],
hostapk,https://t.me/hostapk,2647,2024-04-01 16:44:13,"Remote Control for All TV v11.3 MOD APK [Premium Unlocked] [Latest]
Explore this article
Control support for various devicesLearn about screen <PERSON> control by smart IR deviceAccess the menu to customize your favorite channelsKey features :
This utility will carry you a lot thrilling studies along side handy capabilities to make it less difficult so that it will use. Along with <DATE_TIME> era 4.0, with…
https://hostapk.com/remote-control-for-all-tv/",False,False,False,False,True,False,False,False,False,False,1271366020,,,,,,,6040605764063703283,,132,0,,,,,,[],
hostapk,https://t.me/hostapk,2648,2024-04-01 16:55:00,"Signals – Crypto v14.2 APK [Premium Mod] [Latest]
Explore this article
Key Features :Real-Time Market AnalysisAI-Powered PredictionsCustomizable AlertsPortfolio ManagementCommunity InsightsSecurity and ReliabilityConclusionDownloads
Signals – Crypto is a cutting-edge application designed to revolutionize the way users engage with cryptocurrency trading. Built upon advanced algorithms and real-time data analytics, this platform empowers traders with unparalleled insights and tools to make informed investment decisions in the…
https://hostapk.com/signals-crypto/",False,False,False,False,True,False,False,False,False,False,1271366020,,,,,,,5804570669466366474,,132,1,,,,,,[],
hostapk,https://t.me/hostapk,2649,2024-04-01 17:07:52,"Headway: Fun & Easy Growth v3.41.1 MOD APK [Premium Unlocked] [Latest]
Explore this article
VARIOUS TOPICSDIVERSE VOCABULARYEASY TO USEATTRACTIVE FEATUREKEY FEATURES :

If you love reading books but don’t have time, you can use Headway Premium Mod APK. This is a full-featured program, not a manual.

<DATE_TIME>, with the constant development of science and technology, reading books doesn’t seem to get as much attention or popularity…
https://hostapk.com/headway-the-easiest-way/",False,False,False,False,True,False,False,False,False,False,1271366020,,,,,,,6052046801026002982,,122,0,,,,,,[],
hostapk,https://t.me/hostapk,2650,2024-04-01 17:34:37,"Shadow Slayer: <PERSON> v1.2.37 MOD APK [Unlimited Gems, God Mode] [Latest]
Shadow Slayer Mod Apk is an action RPG set in the once happy and peaceful world of Foliga, now overrun by undead bosses.

Shadow Slayer is an action RPG set in the once happy and peaceful world of Foliga, now overrun by undead bosses. Join the heroes on their quest to restore peace to this…
https://hostapk.com/shadow-slayer-demon-hunter/",False,False,False,False,True,False,False,True,False,False,1271366020,,,,,,,5790956649635230312,,123,0,,2024-04-01T21:18:22+00:00,,,"{'_': 'MessageReactions', 'results': [{'_': 'ReactionCount', 'reaction': {'_': 'ReactionEmoji', 'emoticon': '👍'}, 'count': 1, 'chosen_order': None}], 'min': False, 'can_see_list': False, 'reactions_as_tags': False, 'recent_reactions': []}",[],
hostapk,https://t.me/hostapk,2651,2024-04-01 17:52:03,"Rush Hour 3D v1.1.5 MOD APK + OBB [Money, Free Rewards] [Latest]
Explore this article
START AN OUTRAGEOUS CAREER WITH INTOXICATING RACING GAMEPLAYSMOOTH AND DYNAMIC CONTROL FOR HIGH-PACED RACINGMAGNIFICENT AND EXQUISITE GRAPHICS QUALITYCOLLECT AND UPGRADE YOUR FAVORITE VEHICLESACHIEVE THE HIGHEST SCORE POSSIBLE IN EVERY RUN

Rush Hour 3D is a highly entertaining fast-paced game with realistic and challenging 3D graphics that allows players to perform exceptional driving…
https://hostapk.com/rush-hour-3d/",False,False,False,False,True,False,False,True,False,False,1271366020,,,,,,,5791054544824808186,,111,0,,2024-04-01T21:52:19+00:00,,,"{'_': 'MessageReactions', 'results': [{'_': 'ReactionCount', 'reaction': {'_': 'ReactionEmoji', 'emoticon': '👍'}, 'count': 1, 'chosen_order': None}], 'min': False, 'can_see_list': False, 'reactions_as_tags': False, 'recent_reactions': []}",[],
