Channel ID,URL,Post ID,date,message,out,mentioned,media_unread,silent,post,from_scheduled,legacy,edit_hide,pinned,noforwards,peer_channel,from_id_user,fwd_from,via_bot_id,reply_to_msg_id,reply_to_scheduled,forum_topic,media_photo_id,reply_markup,views,forwards,replies,edit_date,post_author,grouped_id,reactions,restriction_reason,ttl_period
itsmealexaliza,https://t.me/itsmealexaliza,958,2024-01-03 13:07:17,"Poweramp Equalizer_build-982-uni L00K

Thanks to efraim a  😊

Mod info:-
◉ Premium Features Unlocked
 
◉ Release by 
 Alexa Mods & Alexa Mods Official
◉ Arch: armeabi-v7a & arm64-v8a

-: playstore link:-

What a new

new Settings Shortcuts in Main Menu option

AutoEq presets/devices database update

bug fixes and stability improvements",False,False,False,False,True,False,False,True,False,False,1709661992,,,,,,,,,18016.0,24.0,"{'_': 'MessageReplies', 'replies': 2, 'replies_pts': 98482, 'comments': True, 'recent_repliers': [{'_': 'PeerUser', 'user_id': 1523867600}, {'_': 'PeerUser', 'user_id': 1356559037}], 'channel_id': 1545367659, 'max_id': 55015, 'read_max_id': None}",2024-01-03T13:11:14+00:00,,,"{'_': 'MessageReactions', 'results': [{'_': 'ReactionCount', 'reaction': {'_': 'ReactionEmoji', 'emoticon': '👍'}, 'count': 11, 'chosen_order': None}, {'_': 'ReactionCount', 'reaction': {'_': 'ReactionEmoji', 'emoticon': '🤡'}, 'count': 1, 'chosen_order': None}], 'min': False, 'can_see_list': False, 'reactions_as_tags': False, 'recent_reactions': []}",[],
itsmealexaliza,https://t.me/itsmealexaliza,959,2024-01-03 13:07:18,"Tasker_6.2.22 Nightly L00K

Automate your life in <DATE_TIME>

About :-Automate everything from settings to photos, SMS to speech. ADC2 prize winner.

Mod info:-
◉ Paid Patched
◉ Release by 
 Alexa Mods & Alexa Mods Official
◉ Arch: universal 

-: playstore link:-

Note- Import XML manually from Taskernet rather than direct Import Button from their site Because that Needs google Login & That won't Work.",False,False,False,False,True,False,False,True,False,False,1709661992,,,,,,,,,22999.0,22.0,"{'_': 'MessageReplies', 'replies': 1, 'replies_pts': 98482, 'comments': True, 'recent_repliers': [{'_': 'PeerUser', 'user_id': 2118320693}], 'channel_id': 1545367659, 'max_id': 55055, 'read_max_id': None}",2024-01-03T13:11:14+00:00,,,"{'_': 'MessageReactions', 'results': [{'_': 'ReactionCount', 'reaction': {'_': 'ReactionEmoji', 'emoticon': '👍'}, 'count': 19, 'chosen_order': None}, {'_': 'ReactionCount', 'reaction': {'_': 'ReactionEmoji', 'emoticon': '❤'}, 'count': 3, 'chosen_order': None}, {'_': 'ReactionCount', 'reaction': {'_': 'ReactionEmoji', 'emoticon': '🤡'}, 'count': 1, 'chosen_order': None}], 'min': False, 'can_see_list': False, 'reactions_as_tags': False, 'recent_reactions': []}",[],
itsmealexaliza,https://t.me/itsmealexaliza,960,2024-01-04 09:31:40,,False,False,False,True,True,,False,,,,1709661992,,,,957.0,False,False,,,,,,,,,,,
itsmealexaliza,https://t.me/itsmealexaliza,962,2024-01-06 11:32:25,360 jiagu verified with phone number account available very cheap price.... If anyone  need just dm <PERSON>,False,False,False,False,True,False,False,True,False,False,1709661992,,,,,,,,,23010.0,11.0,"{'_': 'MessageReplies', 'replies': 5, 'replies_pts': 98482, 'comments': True, 'recent_repliers': [{'_': 'PeerUser', 'user_id': 5088175545}, {'_': 'PeerUser', 'user_id': 5426705127}, {'_': 'PeerUser', 'user_id': 2118320693}], 'channel_id': 1545367659, 'max_id': 55612, 'read_max_id': None}",2024-01-06T11:37:24+00:00,,,"{'_': 'MessageReactions', 'results': [{'_': 'ReactionCount', 'reaction': {'_': 'ReactionEmoji', 'emoticon': '🤡'}, 'count': 13, 'chosen_order': None}, {'_': 'ReactionCount', 'reaction': {'_': 'ReactionEmoji', 'emoticon': '👍'}, 'count': 7, 'chosen_order': None}, {'_': 'ReactionCount', 'reaction': {'_': 'ReactionEmoji', 'emoticon': '🔥'}, 'count': 4, 'chosen_order': None}], 'min': False, 'can_see_list': False, 'reactions_as_tags': False, 'recent_reactions': []}",[],
itsmealexaliza,https://t.me/itsmealexaliza,963,2024-01-12 08:21:42,Who send me money not got service dm me. Get Your money. Your money will be refund.. <PERSON>,False,False,False,False,True,False,False,True,False,False,1709661992,,,,,,,,,19597.0,2.0,"{'_': 'MessageReplies', 'replies': 11, 'replies_pts': 98482, 'comments': True, 'recent_repliers': [{'_': 'PeerUser', 'user_id': 1939391496}, {'_': 'PeerUser', 'user_id': 5426705127}, {'_': 'PeerUser', 'user_id': 2118320693}], 'channel_id': 1545367659, 'max_id': 55556, 'read_max_id': None}",2024-01-12T11:59:46+00:00,,,"{'_': 'MessageReactions', 'results': [{'_': 'ReactionCount', 'reaction': {'_': 'ReactionEmoji', 'emoticon': '👍'}, 'count': 10, 'chosen_order': None}], 'min': False, 'can_see_list': False, 'reactions_as_tags': False, 'recent_reactions': []}",[],
itsmealexaliza,https://t.me/itsmealexaliza,964,2024-01-15 12:14:29,"<DATE_TIME> arm extra 100 key free join Arm Extra Official Group.


Join Arm Extra Group
https://t.me/armextra",False,False,False,False,True,False,False,False,False,False,1709661992,,,,,,,,,17545.0,4.0,"{'_': 'MessageReplies', 'replies': 9, 'replies_pts': 98482, 'comments': True, 'recent_repliers': [{'_': 'PeerUser', 'user_id': 1710626037}, {'_': 'PeerUser', 'user_id': 5426705127}], 'channel_id': 1545367659, 'max_id': 55573, 'read_max_id': None}",2024-01-15T12:15:58+00:00,,,"{'_': 'MessageReactions', 'results': [{'_': 'ReactionCount', 'reaction': {'_': 'ReactionEmoji', 'emoticon': '🤡'}, 'count': 11, 'chosen_order': None}, {'_': 'ReactionCount', 'reaction': {'_': 'ReactionEmoji', 'emoticon': '👍'}, 'count': 10, 'chosen_order': None}, {'_': 'ReactionCount', 'reaction': {'_': 'ReactionEmoji', 'emoticon': '❤'}, 'count': 6, 'chosen_order': None}, {'_': 'ReactionCount', 'reaction': {'_': 'ReactionEmoji', 'emoticon': '🔥'}, 'count': 2, 'chosen_order': None}], 'min': False, 'can_see_list': False, 'reactions_as_tags': False, 'recent_reactions': []}",[],
itsmealexaliza,https://t.me/itsmealexaliza,965,2024-01-27 02:12:35,"Niagara_Launcher_v1.11.3-release

Mod info:-
◉ Premium Features Unlocked
 
◉ Release by 
 Alexa Mods & Alexa Mods Official
◉ Arch: armeabi-v7a & arm64-v8a

-: playstore link :-",False,False,False,False,True,False,False,True,False,False,1709661992,,,,,,,,,12998.0,16.0,"{'_': 'MessageReplies', 'replies': 1, 'replies_pts': 98482, 'comments': True, 'recent_repliers': [{'_': 'PeerUser', 'user_id': 6249029101}], 'channel_id': 1545367659, 'max_id': 55534, 'read_max_id': None}",2024-01-27T02:13:14+00:00,,,"{'_': 'MessageReactions', 'results': [{'_': 'ReactionCount', 'reaction': {'_': 'ReactionEmoji', 'emoticon': '👍'}, 'count': 9, 'chosen_order': None}, {'_': 'ReactionCount', 'reaction': {'_': 'ReactionEmoji', 'emoticon': '🐳'}, 'count': 1, 'chosen_order': None}], 'min': False, 'can_see_list': False, 'reactions_as_tags': False, 'recent_reactions': []}",[],
itsmealexaliza,https://t.me/itsmealexaliza,966,2024-01-28 19:20:47,Upcoming mods VPhoneGaga v3.8.2 MOD APK,False,False,False,False,True,False,False,True,False,False,1709661992,,,,,,,,,13896.0,12.0,"{'_': 'MessageReplies', 'replies': 12, 'replies_pts': 98482, 'comments': True, 'recent_repliers': [{'_': 'PeerUser', 'user_id': 1339205066}, {'_': 'PeerUser', 'user_id': 5113921565}, {'_': 'PeerUser', 'user_id': 1312492704}], 'channel_id': 1545367659, 'max_id': 55786, 'read_max_id': None}",2024-01-28T19:20:58+00:00,,,"{'_': 'MessageReactions', 'results': [{'_': 'ReactionCount', 'reaction': {'_': 'ReactionEmoji', 'emoticon': '🔥'}, 'count': 22, 'chosen_order': None}, {'_': 'ReactionCount', 'reaction': {'_': 'ReactionEmoji', 'emoticon': '👍'}, 'count': 7, 'chosen_order': None}, {'_': 'ReactionCount', 'reaction': {'_': 'ReactionEmoji', 'emoticon': '🤡'}, 'count': 5, 'chosen_order': None}, {'_': 'ReactionCount', 'reaction': {'_': 'ReactionEmoji', 'emoticon': '😱'}, 'count': 1, 'chosen_order': None}], 'min': False, 'can_see_list': False, 'reactions_as_tags': False, 'recent_reactions': []}",[],
itsmealexaliza,https://t.me/itsmealexaliza,967,2024-02-01 18:14:30,360 jiagu paid & latest version kill sign available. KILL Sign Support Android  5 to 14 . With dump dex repack. For purchase or demo DM @alexaliza,False,False,False,False,True,False,False,True,False,False,1709661992,,,,,,,,,10418.0,7.0,"{'_': 'MessageReplies', 'replies': 0, 'replies_pts': 98482, 'comments': True, 'recent_repliers': [], 'channel_id': 1545367659, 'max_id': None, 'read_max_id': None}",2024-02-01T18:41:27+00:00,,,"{'_': 'MessageReactions', 'results': [{'_': 'ReactionCount', 'reaction': {'_': 'ReactionEmoji', 'emoticon': '👍'}, 'count': 5, 'chosen_order': None}, {'_': 'ReactionCount', 'reaction': {'_': 'ReactionEmoji', 'emoticon': '❤'}, 'count': 2, 'chosen_order': None}], 'min': False, 'can_see_list': False, 'reactions_as_tags': False, 'recent_reactions': []}",[],
itsmealexaliza,https://t.me/itsmealexaliza,970,2024-02-02 05:58:52,"Iriun Webcam_[Pro]_2.8.5

#Request

🅿️App Info : Click Here

🌀Mod Info:

๏ Pro Features Unlocked
๏ Ads Disabled/Removed
๏ Cpu Arch Arm64-v8a, Armeabi-v7a 
๏ Full Multi language support
๏ A12, A13, A14 Support

Join Telegram For More Update! 

☀️Join @itsmealexaliza For More..",False,False,False,False,True,False,False,True,False,False,1709661992,,,,,,,,,11211.0,23.0,"{'_': 'MessageReplies', 'replies': 3, 'replies_pts': 98482, 'comments': True, 'recent_repliers': [{'_': 'PeerUser', 'user_id': 972162420}, {'_': 'PeerUser', 'user_id': 1939391496}, {'_': 'PeerUser', 'user_id': 5915210996}], 'channel_id': 1545367659, 'max_id': 56333, 'read_max_id': None}",2024-02-02T13:38:15+00:00,,,"{'_': 'MessageReactions', 'results': [{'_': 'ReactionCount', 'reaction': {'_': 'ReactionEmoji', 'emoticon': '👍'}, 'count': 20, 'chosen_order': None}], 'min': False, 'can_see_list': False, 'reactions_as_tags': False, 'recent_reactions': []}",[],
itsmealexaliza,https://t.me/itsmealexaliza,971,2024-02-07 09:45:03,Amyway,False,False,False,False,True,False,False,True,False,False,1709661992,,,,,,,6.204245422495612e+18,,6821.0,3.0,"{'_': 'MessageReplies', 'replies': 5, 'replies_pts': 98482, 'comments': True, 'recent_repliers': [{'_': 'PeerUser', 'user_id': 228420325}, {'_': 'PeerUser', 'user_id': 5456906419}, {'_': 'PeerUser', 'user_id': 6209434217}], 'channel_id': 1545367659, 'max_id': 55828, 'read_max_id': None}",2024-02-07T09:54:00+00:00,,1.365839282766678e+16,"{'_': 'MessageReactions', 'results': [{'_': 'ReactionCount', 'reaction': {'_': 'ReactionEmoji', 'emoticon': '😱'}, 'count': 10, 'chosen_order': None}, {'_': 'ReactionCount', 'reaction': {'_': 'ReactionEmoji', 'emoticon': '👍'}, 'count': 6, 'chosen_order': None}, {'_': 'ReactionCount', 'reaction': {'_': 'ReactionEmoji', 'emoticon': '❤'}, 'count': 1, 'chosen_order': None}], 'min': False, 'can_see_list': False, 'reactions_as_tags': False, 'recent_reactions': []}",[],
itsmealexaliza,https://t.me/itsmealexaliza,972,2024-02-07 09:45:04,"This kid say if np manager buy from me it's not working, seriously boss.",False,False,False,False,True,False,False,True,False,False,1709661992,,,,,,,6.204245422495612e+18,,6903.0,3.0,,2024-02-07T09:45:07+00:00,,1.365839282766678e+16,,[],
itsmealexaliza,https://t.me/itsmealexaliza,973,2024-02-07 09:45:04,,False,False,False,False,True,False,False,True,False,False,1709661992,,,,,,,6.204245422495612e+18,,7424.0,3.0,,2024-02-07T09:45:07+00:00,,1.365839282766678e+16,,[],
itsmealexaliza,https://t.me/itsmealexaliza,974,2024-02-07 09:45:05,,False,False,False,False,True,False,False,True,False,False,1709661992,,,,,,,6.204245422495612e+18,,7815.0,3.0,,2024-02-07T09:45:07+00:00,,1.365839282766678e+16,,[],
itsmealexaliza,https://t.me/itsmealexaliza,975,2024-02-07 09:45:06,,False,False,False,False,True,False,False,True,False,False,1709661992,,,,,,,6.204245422495612e+18,,8327.0,3.0,,2024-02-07T09:45:07+00:00,,1.365839282766678e+16,,[],
itsmealexaliza,https://t.me/itsmealexaliza,976,2024-02-07 09:45:07,Anyway no hate anyone keep growing all of you dear.,False,False,False,False,True,False,False,False,False,False,1709661992,,,,,,,6.204245422495612e+18,,8096.0,3.0,,2024-02-07T09:45:35+00:00,,1.365839282766678e+16,,[],
itsmealexaliza,https://t.me/itsmealexaliza,977,2024-02-08 00:37:37,,False,False,False,False,True,False,False,True,False,False,1709661992,,,,,,,,,7152.0,0.0,"{'_': 'MessageReplies', 'replies': 0, 'replies_pts': 98482, 'comments': True, 'recent_repliers': [], 'channel_id': 1545367659, 'max_id': None, 'read_max_id': None}",2024-02-08T00:40:25+00:00,,,"{'_': 'MessageReactions', 'results': [{'_': 'ReactionCount', 'reaction': {'_': 'ReactionEmoji', 'emoticon': '👍'}, 'count': 7, 'chosen_order': None}, {'_': 'ReactionCount', 'reaction': {'_': 'ReactionEmoji', 'emoticon': '❤'}, 'count': 1, 'chosen_order': None}], 'min': False, 'can_see_list': False, 'reactions_as_tags': False, 'recent_reactions': []}",[],
itsmealexaliza,https://t.me/itsmealexaliza,978,2024-02-08 00:59:14,"Ready For Publish VPhoneGaga v3.8.2 MOD APK ,",False,False,False,False,True,False,False,False,False,False,1709661992,,,,,,,,,7741.0,7.0,"{'_': 'MessageReplies', 'replies': 5, 'replies_pts': 98482, 'comments': True, 'recent_repliers': [{'_': 'PeerUser', 'user_id': 1339205066}, {'_': 'PeerUser', 'user_id': 5863019754}, {'_': 'PeerUser', 'user_id': 5113921565}], 'channel_id': 1545367659, 'max_id': 56309, 'read_max_id': None}",2024-02-08T01:11:41+00:00,,,"{'_': 'MessageReactions', 'results': [{'_': 'ReactionCount', 'reaction': {'_': 'ReactionEmoji', 'emoticon': '❤'}, 'count': 12, 'chosen_order': None}, {'_': 'ReactionCount', 'reaction': {'_': 'ReactionEmoji', 'emoticon': '👍'}, 'count': 5, 'chosen_order': None}, {'_': 'ReactionCount', 'reaction': {'_': 'ReactionEmoji', 'emoticon': '🔥'}, 'count': 1, 'chosen_order': None}, {'_': 'ReactionCount', 'reaction': {'_': 'ReactionEmoji', 'emoticon': '🤡'}, 'count': 1, 'chosen_order': None}], 'min': False, 'can_see_list': False, 'reactions_as_tags': False, 'recent_reactions': []}",[],
itsmealexaliza,https://t.me/itsmealexaliza,979,2024-02-08 01:19:27,,False,False,False,False,True,False,False,True,False,False,1709661992,,,,,,,,,7496.0,1.0,"{'_': 'MessageReplies', 'replies': 2, 'replies_pts': 98482, 'comments': True, 'recent_repliers': [{'_': 'PeerUser', 'user_id': 2036478189}, {'_': 'PeerUser', 'user_id': 1100534810}], 'channel_id': 1545367659, 'max_id': 55876, 'read_max_id': None}",2024-02-10T11:14:16+00:00,,,"{'_': 'MessageReactions', 'results': [{'_': 'ReactionCount', 'reaction': {'_': 'ReactionEmoji', 'emoticon': '👍'}, 'count': 3, 'chosen_order': None}], 'min': False, 'can_see_list': False, 'reactions_as_tags': False, 'recent_reactions': []}",[],
itsmealexaliza,https://t.me/itsmealexaliza,980,2024-02-08 01:38:39,"Ready For Publish VMOS Pro_3.0.1 VIP  MOD APK ,",False,False,False,False,True,False,False,True,False,False,1709661992,,,,,,,,,8356.0,7.0,"{'_': 'MessageReplies', 'replies': 4, 'replies_pts': 98482, 'comments': True, 'recent_repliers': [{'_': 'PeerUser', 'user_id': 5371517733}, {'_': 'PeerUser', 'user_id': 1100534810}, {'_': 'PeerUser', 'user_id': 1427933782}], 'channel_id': 1545367659, 'max_id': 55902, 'read_max_id': None}",2024-02-08T01:59:10+00:00,,,"{'_': 'MessageReactions', 'results': [{'_': 'ReactionCount', 'reaction': {'_': 'ReactionEmoji', 'emoticon': '👍'}, 'count': 14, 'chosen_order': None}, {'_': 'ReactionCount', 'reaction': {'_': 'ReactionEmoji', 'emoticon': '🔥'}, 'count': 2, 'chosen_order': None}, {'_': 'ReactionCount', 'reaction': {'_': 'ReactionEmoji', 'emoticon': '😱'}, 'count': 1, 'chosen_order': None}], 'min': False, 'can_see_list': False, 'reactions_as_tags': False, 'recent_reactions': []}",[],
itsmealexaliza,https://t.me/itsmealexaliza,983,2024-02-09 19:56:11,"<PERSON> vip unlocked

Source [Unknown]",False,False,False,False,True,False,False,False,False,False,1709661992,,,,,,,,,9643.0,64.0,"{'_': 'MessageReplies', 'replies': 10, 'replies_pts': 98482, 'comments': True, 'recent_repliers': [{'_': 'PeerUser', 'user_id': 887688194}, {'_': 'PeerUser', 'user_id': 5033924188}, {'_': 'PeerUser', 'user_id': 1339205066}], 'channel_id': 1545367659, 'max_id': 56026, 'read_max_id': None}",2024-02-09T20:22:21+00:00,,,"{'_': 'MessageReactions', 'results': [{'_': 'ReactionCount', 'reaction': {'_': 'ReactionEmoji', 'emoticon': '👍'}, 'count': 8, 'chosen_order': None}], 'min': False, 'can_see_list': False, 'reactions_as_tags': False, 'recent_reactions': []}",[],
itsmealexaliza,https://t.me/itsmealexaliza,985,2024-02-14 08:44:10,,False,False,False,False,True,False,False,True,False,False,1709661992,,,,,,,6.226291850403234e+18,,6749.0,3.0,"{'_': 'MessageReplies', 'replies': 1, 'replies_pts': 98482, 'comments': True, 'recent_repliers': [{'_': 'PeerUser', 'user_id': 1339205066}], 'channel_id': 1545367659, 'max_id': 56142, 'read_max_id': None}",2024-02-14T10:42:17+00:00,,,"{'_': 'MessageReactions', 'results': [{'_': 'ReactionCount', 'reaction': {'_': 'ReactionEmoji', 'emoticon': '❤'}, 'count': 13, 'chosen_order': None}, {'_': 'ReactionCount', 'reaction': {'_': 'ReactionEmoji', 'emoticon': '🤡'}, 'count': 8, 'chosen_order': None}, {'_': 'ReactionCount', 'reaction': {'_': 'ReactionEmoji', 'emoticon': '👍'}, 'count': 3, 'chosen_order': None}], 'min': False, 'can_see_list': False, 'reactions_as_tags': False, 'recent_reactions': []}",[],
itsmealexaliza,https://t.me/itsmealexaliza,987,2024-02-15 05:38:28,,False,False,False,False,True,False,False,True,False,False,1709661992,,,,,,,6.22899291668098e+18,,5688.0,1.0,,2024-02-15T05:38:30+00:00,,1.3663804059027396e+16,,[],
itsmealexaliza,https://t.me/itsmealexaliza,989,2024-02-15 05:38:29,"<PERSON> Alert, Don't pay Others guy.",False,False,False,False,True,False,False,False,False,False,1709661992,,,,,,,6.22899291668098e+18,,5767.0,1.0,,2024-02-15T05:39:16+00:00,,1.3663804059027396e+16,,[],
