Channel ID,URL,Post ID,date,message,out,mentioned,media_unread,silent,post,from_scheduled,legacy,edit_hide,pinned,noforwards,peer_channel,from_id_user,fwd_from,via_bot_id,reply_to_msg_id,reply_to_scheduled,forum_topic,media_photo_id,reply_markup,views,forwards,replies,edit_date,post_author,grouped_id,reactions,restriction_reason,ttl_period
jarveecrackednew,https://t.me/jarveecrackednew,330,2024-01-13 09:36:47,"——— Susocial crack update to v <IP_ADDRESS>———--ADDITIONS--
- Instagram Unfollow Tool - Added ""Pause tool if no more results"" option. Use this option if you want to pause the tool for x-y minutes if you no longer get results z times. Useful if you want to save API calls when there are no more users to unfollow.- Advanced Instagram profile settings. - Added option ""Use FB upload when sending direct messages."" If you're having trouble sending images using the Contacts tool, enable this option.
- Instagram tracking tool. Added the option “Monitor using the built-in browser every x – y percent of the tool’s execution.” Use this option if you want to alternate between using EB and API. If you set the percentage to 20-20, this means that on average, 1 in 5 executions will be done using EB, the other 4 will be done using <PERSON> repost tool - added the “Do not repost pinned posts” option. Use this option if you don't want to repost pinned posts.
- Instagram Stories Viewer Tool - Added ""Customize Video Duration"" option. Use this option if you want to control the number of views of stories. If this checkbox is cleared, the viewing duration is random. Customize how <DATE_TIME> you have to watch stories before clicking to move on to the next one. If you set it to 10 - 10 percent, that means 10% of the stories will be clicked after x <DATE_TIME>, the remaining 90% will be viewed completely and automatically move on to the next story.- Instagram story viewer tool. Added ""Allow viewing the same stories again"" option. Use it if you want to allow the same stories to be viewed again.
--Twitter--
- Global Tools - a new TW Engagement tool.--CORRECTIONS--
- Facebook - Campaign - corrected entering the group name when publishing messages in groups. (error code 91)- Facebook - Campaign - fixed display of the link to the group on the control panel with error code 175 - too many pending posts.
- Linkedin - Connections synchronization - fixed error code 89 - the Connections link could not be determined.- Youtube - Comment - fixed error in sending comments to short videos.
- Pinterest - Creating boards - fixed a timeout error when creating boards.- Youtube - Follow - fixed tracking in the normal UI.
- Settings - fixed phone check sms-activate.org- Posting on Instagram. Fixed a problem with publishing posts in the carousel with videos.
-------------------For purchases and updates, please contact the contacts below!
Telegram: @Neuronsoft",False,False,False,False,True,False,False,False,False,False,1360764504,,,,,,,,,1296,0,,,,,,[],
jarveecrackednew,https://t.me/jarveecrackednew,332,2024-01-18 13:16:45,,False,False,False,False,True,False,False,False,False,False,1360764504,,,,,,,5.28310527687615e+18,,4210,3,,,,,,[],
jarveecrackednew,https://t.me/jarveecrackednew,334,2024-02-01 12:14:00,"——Susocial crack update to v <IP_ADDRESS>———- Social profiles - Perform actions on selected accounts - EXPORT SELECTED PROFILES - added cookie column to export/import file.
  - Campaigns - What to Post - Share Post - Added a new option to use OpenAI to create a post caption.--INST--
- View Instagram videos. Added a new source for watching videos based on a specific post <PERSON> a new source for viewing videos based on hashtag searches.
- Instagram Reel Viewer - added the option to view the latest videos.- Instagram story viewer tool. The Tools menu also displays the number of stories you've liked. We've also added a ""Like"" column to the story viewer in the View Social Profile Statistics section so you can see how many stories each account has liked in <DATE_TIME>.
- Advanced Instagram profile settings. Perform random actions using the API. Added the ability to specify the execution of actions only between certain time intervals.--FB--
- Facebook - Destination Lists - Groups - Post As - Added the ability to post messages as anonymous.--Fix--
- Linkedin - Finder - search for groups has been fixed.- Linkedin - Connector - fixed detection of 1st contact
- Linkedin - Page synchronization - page extraction fixed.- Facebook - Random actions - Fixed accepting friend requests
- Facebook - Contact Upcoming Birthdays - Fixed retrieving upcoming birthdays.- Facebook - Adding emails to groups - Fixed selecting the correct number of emails to invite.
- Facebook - Contact - Extract Members - Fixed extracting friends from the target profile.- Facebook - Campaign - fixed deleting messages after splitting messages between campaigns was activated in the message list.
- Facebook - Cover photo - timeout bug fixed.- Facebook - Comment and Like - fixed identification of the ""Like"" button (error code 168).
- Facebook - Campaign - Fixed selecting multiple sales groups as additional destinations.- Twitter - Extracting likes - fixed extracting likes. (error code 61)
- Twitter - Like replies - fixed getting replies. (error code 81)- Pinterest - Campaign - adding tags to the post text has been fixed.
- Instagram - fixed problem with subscription in the built-in browser.- Instagram - Fixed a problem with captcha in the built-in browser.
- Instagram - Fixed an issue with the external API reading messages from some specific users.- Facebook - Campaign - messaging on pages has been fixed. (error code 163)
- Pinterest - Campaign - added the function of publishing carousel images in business accounts.- Twitter - Unfollow - do not unfollow users who follow you
-------------------For purchases and updates, please contact the contacts below!
Telegram: @Neuronsoft",False,False,False,False,True,False,False,False,False,False,1360764504,,,,,,,,,3368,0,,,,,,[],
jarveecrackednew,https://t.me/jarveecrackednew,335,2024-02-17 08:38:03,"———Jarvee crack update to <IP_ADDRESS> ———-------------------
To purchase and update, contact the contacts below!Telegram: @Neuronsoft",False,False,False,False,True,False,False,False,False,False,1360764504,,,,,,,5.370893570887769e+18,,2751,0,,2024-02-17T08:38:12+00:00,,,,[],
jarveecrackednew,https://t.me/jarveecrackednew,337,2024-02-17 08:39:01,"——— Susocial crack update to <IP_ADDRESS> ———General
- Social Profiles - Added column called '#CAPTCHA VERIFICATIONS'. If you want to see how many captcha verifications the accounts got in <DATE_TIME> enable the column by pressing the manage columns button and checking #CAPTCHA VERIFICATIONS- Social Profiles - Execute Actions On Selected Accounts - added EXPORT SELECTED PROFILES WITH COOKIES (normal export will not include cookies anymore)
<PERSON> - When adding users to tag in tag specific users( Repost or Campaign Tool) do not do an api call to verify them, verify them at execution
- Instagram Social Profiles - Actions on Selected Profiles - Added 'IMPORT PROFILES FROM BINARY FILES AS REGULAR ACCOUNTS'. Useful if you have Instagram scraper accounts exported as binary and you want to import them back in as normal/regular accounts to be able to use ToolsLinkedin
- Linkedin - Like as Page, Comment as Page, Share Posts - added new option to Like, Comment or Share directly (skip the extracted list) Reddit
- Reddit - Comment - added option to use AI generated content for comment sourcesQuora
- Quora - Answers - Use Questions - added new option to use OpenAI to generate answers
Fix- Linkedin - Like - fixed copying sources to other accounts
- Linkedin - Joiner - fixed clicking on join button (error code 191)- Quora - Answer - changed typing method when adding the answer
- Fixed issue with monitor folder stopping after 500 posts- Instagram - Fixed issue with detecting compromised accounts
- Instagram Follow Tool - Fixed issue with sometimes importing followers in follow followers of target accounts source crashing the app- Instagram Reel Viewer Tool - Fixed issue with Limit max views per user not working in some situation
- Facebook - Like Exchange - fixed extracting the correct post link- Instagram - Campaign - fixed error code 52 - could not identify the Next button
- Linkedin - Fast friend sync - added option to select the number of contacts to sync- Social Profiles - Fixed issue with 2FA secret key not updating when importing existing accounts via csv(updating the accounts)
- Youtube - Like Exchange - fixed adding user channel links as source- Instagram Follow Tool - Fixed issue with Follow different users option not working when using Follow using suggested users source
----------------------------For purchases and updates, please contact the contacts below!
Telegram: @Neuronsoft",False,False,False,False,True,False,False,False,False,False,1360764504,,,,,,,,,2799,0,,,,,,[],
jarveecrackednew,https://t.me/jarveecrackednew,339,2024-03-18 08:15:58,,False,False,False,False,True,False,False,False,False,False,1360764504,,,,,,,5.458578124259317e+18,,1796,0,,,,,,[],
jarveecrackednew,https://t.me/jarveecrackednew,341,2024-03-20 09:03:34,"———Jarvee crack update to <IP_ADDRESS> ———-------------------
To purchase and update, contact the contacts below!Telegram: @Neuronsoft",False,False,False,False,True,False,False,False,False,False,1360764504,,,,,,,5.465492081008039e+18,,362,0,,,,,,[],
jarveecrackednew,https://t.me/jarveecrackednew,343,2024-03-27 18:27:49,"——— Susocial crack update to <IP_ADDRESS> ———General
- Campaigns - Advanced Settings - Facebook - extended Use Reels Video Posts to also support profiles- Pinterest - Campaign - Advanced settings/ Advanced post settings - added option to select adding the tags in the specific tag field or in the post description
Instagram- Instagram Contact Tool - Auto Reply To New messages - Added option called 'Reply only to users followed through our app'.Check this option if you want to reply only to users that were followed through our software
- Instagram Scrape Tool - When scraping users by location add an option to not allow duplicated users- Settings Social Platforms Instagram - Export - Added option to automatically export viewed reels <DATE_TIME>( done from the Reels Viewer Tool)
- Instagram - Send message - enabled skipping already contacted user when sending message trough EB. Option: Skip sending the message if the user has already been contactedPinterest
- Pinterest - new React tool- Pinterest - Repin - Sources - Repin from a provided list of Pins - added option to split items with other accounts
Fix
- Instagram - Like - fixed error code 45 - cannot find the like button - when contextual actions are enabled. (via EB)- Instagram - Campaign - fixed clicking on Post button (error code 52) (via EB)
- Facebook - Campaign - fixed extracting posts for Share posts- Facebook - Comment & Like - fixed commenting & liking live videos
- Facebook - Sync groups on mobile UI - increased wait time when new groups are not being loaded while scrolling- Twitter - Follow - Extract users - fixed extracting users when using x.com links as sources
- Instagram Scrape Tool - Fixed issue when scraping additional user info sometimes some users do not have their complete profile data available- Instagram Spin Syntax - Fixed issue with sometimes the spin generating the same result
- Instagram Campaigns Advanced Settings - Invite collaborator - Fixed issue with post not going through when using the invite collaborator option- Facebook - Contact - Extract members - improvements made on page scrolling when extracting users
- Linkedin - Search and contact - fixed closing InMail popups so the next message will not go out to the same contact- Linkedin - Cancel connection request - fixed finding cancelable requests
----------------------------For purchases and updates, please contact the contacts below!
Telegram: @Neuronsoft",False,False,False,False,True,False,False,False,False,False,1360764504,,,,,,,,,27,1,,,,,,[],
