Channel ID,URL,Post ID,date,message,out,mentioned,media_unread,silent,post,from_scheduled,legacy,edit_hide,pinned,noforwards,peer_channel,from_id_user,fwd_from,via_bot_id,reply_to_msg_id,reply_to_scheduled,forum_topic,media_photo_id,reply_markup,views,forwards,replies,edit_date,post_author,grouped_id,reactions,restriction_reason,ttl_period
kronosmods,https://t.me/kronosmods,148,2024-01-15 12:07:01,Share Your Lockscreen Setup,False,False,False,False,True,False,False,True,False,False,1743954360,,,,,,,6.136573917779835e+18,,4607.0,2.0,"{'_': 'MessageReplies', 'replies': 161, 'replies_pts': 19350, 'comments': True, 'recent_repliers': [{'_': 'PeerUser', 'user_id': 6801217232}, {'_': 'PeerChannel', 'channel_id': 1921863715}, {'_': 'PeerUser', 'user_id': 1183588352}], 'channel_id': 1916313335, 'max_id': 13189, 'read_max_id': None}",2024-01-15T12:07:16+00:00,,,"{'_': 'MessageReactions', 'results': [{'_': 'ReactionCount', 'reaction': {'_': 'ReactionEmoji', 'emoticon': '🔥'}, 'count': 13, 'chosen_order': None}, {'_': 'ReactionCount', 'reaction': {'_': 'ReactionEmoji', 'emoticon': '🥰'}, 'count': 4, 'chosen_order': None}, {'_': 'ReactionCount', 'reaction': {'_': 'ReactionEmoji', 'emoticon': '👍'}, 'count': 3, 'chosen_order': None}, {'_': 'ReactionCount', 'reaction': {'_': 'ReactionEmoji', 'emoticon': '🎉'}, 'count': 2, 'chosen_order': None}], 'min': False, 'can_see_list': False, 'reactions_as_tags': False, 'recent_reactions': []}",[],
kronosmods,https://t.me/kronosmods,149,2024-01-15 17:09:07,"Hello Fam,
RemodedUI is officially making a comeback! 🚀 
We've got a fresh new look and a revamped experience. Can you guess what the new name will be? Comment your guesses below! Stay tuned for the big reveal! 

#itsResurrectionTime #GuessTheName",False,False,False,False,True,False,False,True,False,False,1743954360,,"{'_': 'MessageFwdHeader', 'date': '2024-01-15T17:02:10+00:00', 'imported': False, 'saved_out': False, 'from_id': {'_': 'PeerChannel', 'channel_id': 2019966845}, 'from_name': None, 'channel_post': 7, 'post_author': None, 'saved_from_peer': None, 'saved_from_msg_id': None, 'saved_from_id': None, 'saved_from_name': None, 'saved_date': None, 'psa_type': None}",,,,,,,4308.0,2.0,"{'_': 'MessageReplies', 'replies': 16, 'replies_pts': 19350, 'comments': True, 'recent_repliers': [{'_': 'PeerUser', 'user_id': 1623457379}, {'_': 'PeerUser', 'user_id': 5934252250}, {'_': 'PeerUser', 'user_id': 1140024306}], 'channel_id': 1916313335, 'max_id': 11919, 'read_max_id': None}",2024-01-15T17:10:44+00:00,,,"{'_': 'MessageReactions', 'results': [{'_': 'ReactionCount', 'reaction': {'_': 'ReactionEmoji', 'emoticon': '🔥'}, 'count': 13, 'chosen_order': None}, {'_': 'ReactionCount', 'reaction': {'_': 'ReactionEmoji', 'emoticon': '❤'}, 'count': 2, 'chosen_order': None}], 'min': False, 'can_see_list': False, 'reactions_as_tags': False, 'recent_reactions': []}",[],
kronosmods,https://t.me/kronosmods,152,2024-01-16 03:53:21,,False,False,False,True,True,,False,,,,1743954360,,,,151.0,False,False,,,,,,,,,,,
kronosmods,https://t.me/kronosmods,153,2024-01-16 13:21:58,"Control Center Mods: ft. MIUI/HyperOS | Install Magisk/KernelSU Module for Customization 🤯

✨ Many CC Styles inbuilt 🤩
✨ Works on MIUI/HyperOS 😍

Download:
✨ Click here to download
✨ Click here to download [Optional]

Credits: KronosMods

Don't Miss:
⚡️⚡️ https://youtu.be/HF-KfnsmDD8
⚡️⚡️ https://youtu.be/HF-KfnsmDD8",False,False,False,False,True,False,False,True,False,False,1743954360,,"{'_': 'MessageFwdHeader', 'date': '2024-01-11T07:02:07+00:00', 'imported': False, 'saved_out': False, 'from_id': {'_': 'PeerChannel', 'channel_id': 1482016122}, 'from_name': None, 'channel_post': 827, 'post_author': None, 'saved_from_peer': None, 'saved_from_msg_id': None, 'saved_from_id': None, 'saved_from_name': None, 'saved_date': None, 'psa_type': None}",,,,,6.12282088274223e+18,,5692.0,24.0,"{'_': 'MessageReplies', 'replies': 17, 'replies_pts': 20125, 'comments': True, 'recent_repliers': [{'_': 'PeerUser', 'user_id': 1291571591}, {'_': 'PeerUser', 'user_id': 325903302}, {'_': 'PeerUser', 'user_id': 5029065523}], 'channel_id': 1916313335, 'max_id': 13928, 'read_max_id': None}",2024-01-16T13:23:02+00:00,,,"{'_': 'MessageReactions', 'results': [{'_': 'ReactionCount', 'reaction': {'_': 'ReactionEmoji', 'emoticon': '👍'}, 'count': 8, 'chosen_order': None}, {'_': 'ReactionCount', 'reaction': {'_': 'ReactionEmoji', 'emoticon': '🔥'}, 'count': 7, 'chosen_order': None}, {'_': 'ReactionCount', 'reaction': {'_': 'ReactionEmoji', 'emoticon': '❤'}, 'count': 3, 'chosen_order': None}, {'_': 'ReactionCount', 'reaction': {'_': 'ReactionEmoji', 'emoticon': '🥰'}, 'count': 1, 'chosen_order': None}, {'_': 'ReactionCount', 'reaction': {'_': 'ReactionEmoji', 'emoticon': '👌'}, 'count': 1, 'chosen_order': None}, {'_': 'ReactionCount', 'reaction': {'_': 'ReactionEmoji', 'emoticon': '\U0001fae1'}, 'count': 1, 'chosen_order': None}], 'min': False, 'can_see_list': False, 'reactions_as_tags': False, 'recent_reactions': []}",[],
kronosmods,https://t.me/kronosmods,155,2024-01-17 12:41:20,"Our dear owner @SoutaEver and his one and only Redmi 9 phone motherboard dead 
🥲🥲",False,False,False,False,True,False,False,True,False,False,1743954360,,,,,,,,,6569.0,1.0,"{'_': 'MessageReplies', 'replies': 48, 'replies_pts': 20125, 'comments': True, 'recent_repliers': [{'_': 'PeerUser', 'user_id': 5057219978}, {'_': 'PeerUser', 'user_id': 1493809809}, {'_': 'PeerUser', 'user_id': 939973304}], 'channel_id': 1916313335, 'max_id': 12210, 'read_max_id': None}",2024-01-17T13:21:17+00:00,,,"{'_': 'MessageReactions', 'results': [{'_': 'ReactionCount', 'reaction': {'_': 'ReactionEmoji', 'emoticon': '😱'}, 'count': 5, 'chosen_order': None}, {'_': 'ReactionCount', 'reaction': {'_': 'ReactionEmoji', 'emoticon': '\U0001fae1'}, 'count': 3, 'chosen_order': None}, {'_': 'ReactionCount', 'reaction': {'_': 'ReactionEmoji', 'emoticon': '👍'}, 'count': 1, 'chosen_order': None}], 'min': False, 'can_see_list': False, 'reactions_as_tags': False, 'recent_reactions': []}",[],
kronosmods,https://t.me/kronosmods,157,2024-01-20 06:37:48,,False,False,False,True,True,,False,,,,1743954360,,,,156.0,False,False,,,,,,,,,,,
kronosmods,https://t.me/kronosmods,159,2024-01-21 11:58:49,,False,False,False,True,True,,False,,,,1743954360,,,,158.0,False,False,,,,,,,,,,,
kronosmods,https://t.me/kronosmods,162,2024-01-22 06:34:58,"Attention!! ⚠️⚠️

Recently there have been many malicious people sending magisk modules claiming to be to pass safetynet and other things, such as performance modules and things like that, but in reality these modules are malicious and inside them there are scripts that lead to the death of the device (hardbrick). For the good of the community, we will recommend that you do not install ""dubious"" modules, and even if it is a known module, check the scripts to see if there is anything unusual. Thank you for understanding.

 By: @Richard_GXs",False,False,False,False,True,False,False,True,False,False,1743954360,,"{'_': 'MessageFwdHeader', 'date': '2024-01-21T23:54:12+00:00', 'imported': False, 'saved_out': False, 'from_id': {'_': 'PeerChannel', 'channel_id': 1803223910}, 'from_name': None, 'channel_post': 112, 'post_author': 'Bedircan AYAYDIN <Alt1>', 'saved_from_peer': None, 'saved_from_msg_id': None, 'saved_from_id': None, 'saved_from_name': None, 'saved_date': None, 'psa_type': None}",,,,,5.003571011202952e+18,,5079.0,12.0,"{'_': 'MessageReplies', 'replies': 21, 'replies_pts': 20125, 'comments': True, 'recent_repliers': [{'_': 'PeerUser', 'user_id': 1288547289}, {'_': 'PeerUser', 'user_id': 5793811669}, {'_': 'PeerUser', 'user_id': 609517172}], 'channel_id': 1916313335, 'max_id': 13061, 'read_max_id': None}",2024-01-22T06:35:52+00:00,,1.3647242383223968e+16,"{'_': 'MessageReactions', 'results': [{'_': 'ReactionCount', 'reaction': {'_': 'ReactionEmoji', 'emoticon': '❤'}, 'count': 18, 'chosen_order': None}, {'_': 'ReactionCount', 'reaction': {'_': 'ReactionEmoji', 'emoticon': '👍'}, 'count': 9, 'chosen_order': None}, {'_': 'ReactionCount', 'reaction': {'_': 'ReactionEmoji', 'emoticon': '😱'}, 'count': 4, 'chosen_order': None}], 'min': False, 'can_see_list': False, 'reactions_as_tags': False, 'recent_reactions': []}",[],
kronosmods,https://t.me/kronosmods,163,2024-01-22 06:34:58,,False,False,False,False,True,False,False,True,False,False,1743954360,,"{'_': 'MessageFwdHeader', 'date': '2024-01-21T23:54:12+00:00', 'imported': False, 'saved_out': False, 'from_id': {'_': 'PeerChannel', 'channel_id': 1803223910}, 'from_name': None, 'channel_post': 113, 'post_author': 'Bedircan AYAYDIN <Alt1>', 'saved_from_peer': None, 'saved_from_msg_id': None, 'saved_from_id': None, 'saved_from_name': None, 'saved_date': None, 'psa_type': None}",,,,,5.003571011202952e+18,,5171.0,13.0,,2024-01-22T06:35:01+00:00,,1.3647242383223968e+16,,[],
kronosmods,https://t.me/kronosmods,164,2024-01-23 10:37:08,"Finally I bought Poco x6 8/256GB on EMI
Thankyou Soo Much For Supporting Me.

Thanks For Donation :
@pirate_1974
@Angel07H
@Sayan_07_dz (My Bro)",False,False,False,False,True,False,False,False,False,False,1743954360,,,,,,,6.161445656779145e+18,,5317.0,2.0,"{'_': 'MessageReplies', 'replies': 63, 'replies_pts': 20125, 'comments': True, 'recent_repliers': [{'_': 'PeerUser', 'user_id': 721601225}, {'_': 'PeerUser', 'user_id': 1165912061}, {'_': 'PeerUser', 'user_id': 939973304}], 'channel_id': 1916313335, 'max_id': 13541, 'read_max_id': None}",2024-01-23T12:11:50+00:00,,1.3648049829404532e+16,"{'_': 'MessageReactions', 'results': [{'_': 'ReactionCount', 'reaction': {'_': 'ReactionEmoji', 'emoticon': '❤'}, 'count': 30, 'chosen_order': None}, {'_': 'ReactionCount', 'reaction': {'_': 'ReactionEmoji', 'emoticon': '👍'}, 'count': 12, 'chosen_order': None}, {'_': 'ReactionCount', 'reaction': {'_': 'ReactionEmoji', 'emoticon': '\U0001fae1'}, 'count': 5, 'chosen_order': None}, {'_': 'ReactionCount', 'reaction': {'_': 'ReactionEmoji', 'emoticon': '😁'}, 'count': 3, 'chosen_order': None}, {'_': 'ReactionCount', 'reaction': {'_': 'ReactionEmoji', 'emoticon': '👌'}, 'count': 2, 'chosen_order': None}, {'_': 'ReactionCount', 'reaction': {'_': 'ReactionEmoji', 'emoticon': '🔥'}, 'count': 1, 'chosen_order': None}], 'min': False, 'can_see_list': False, 'reactions_as_tags': False, 'recent_reactions': []}",[],
kronosmods,https://t.me/kronosmods,165,2024-01-23 10:37:08,,False,False,False,False,True,False,False,True,False,False,1743954360,,,,,,,6.161445656779145e+18,,5015.0,2.0,,2024-01-23T10:37:11+00:00,,1.3648049829404532e+16,,[],
kronosmods,https://t.me/kronosmods,166,2024-01-23 11:03:38,"Just a simple reminder to everyone, 

If you don't like something/someone it's ok, but please don't insult/trash talk about someone(not just us I am referring to each and every devs who have been contributing or have contributed in the past to the community), you know it really hurts when you realise you have given so much to the community and they constantly show hates against the <PERSON>.

I request you to please try to atleast appreciate their works and keep supporting, ( support doesn't mean you'll have to pay or do something vulgar, just a little good gestures are enough).",False,False,False,False,True,False,False,True,False,False,1743954360,,,,,,,,,6288.0,1.0,"{'_': 'MessageReplies', 'replies': 2, 'replies_pts': 20125, 'comments': True, 'recent_repliers': [{'_': 'PeerUser', 'user_id': 6768774049}], 'channel_id': 1916313335, 'max_id': 12819, 'read_max_id': None}",2024-01-23T11:04:04+00:00,,,"{'_': 'MessageReactions', 'results': [{'_': 'ReactionCount', 'reaction': {'_': 'ReactionEmoji', 'emoticon': '❤'}, 'count': 26, 'chosen_order': None}, {'_': 'ReactionCount', 'reaction': {'_': 'ReactionEmoji', 'emoticon': '👍'}, 'count': 7, 'chosen_order': None}, {'_': 'ReactionCount', 'reaction': {'_': 'ReactionEmoji', 'emoticon': '🔥'}, 'count': 3, 'chosen_order': None}, {'_': 'ReactionCount', 'reaction': {'_': 'ReactionEmoji', 'emoticon': '👏'}, 'count': 2, 'chosen_order': None}, {'_': 'ReactionCount', 'reaction': {'_': 'ReactionEmoji', 'emoticon': '🥰'}, 'count': 1, 'chosen_order': None}], 'min': False, 'can_see_list': False, 'reactions_as_tags': False, 'recent_reactions': []}",[],
kronosmods,https://t.me/kronosmods,168,2024-01-25 18:48:12,"""Happy Republic Day! India 🇮🇳 Celebrating the spirit of unity, democracy, and progress. Let's honor our rich heritage and stride forward with hope and pride. #RepublicDay2024",False,False,False,False,True,False,False,True,False,False,1743954360,,,,,,,5.012864044826209e+18,,8769.0,4.0,"{'_': 'MessageReplies', 'replies': 1, 'replies_pts': 20125, 'comments': True, 'recent_repliers': [{'_': 'PeerUser', 'user_id': 5905933349}], 'channel_id': 1916313335, 'max_id': 13058, 'read_max_id': None}",2024-01-25T18:49:09+00:00,,,"{'_': 'MessageReactions', 'results': [{'_': 'ReactionCount', 'reaction': {'_': 'ReactionEmoji', 'emoticon': '❤'}, 'count': 9, 'chosen_order': None}, {'_': 'ReactionCount', 'reaction': {'_': 'ReactionEmoji', 'emoticon': '👍'}, 'count': 2, 'chosen_order': None}, {'_': 'ReactionCount', 'reaction': {'_': 'ReactionEmoji', 'emoticon': '🥰'}, 'count': 2, 'chosen_order': None}, {'_': 'ReactionCount', 'reaction': {'_': 'ReactionEmoji', 'emoticon': '🎉'}, 'count': 2, 'chosen_order': None}, {'_': 'ReactionCount', 'reaction': {'_': 'ReactionEmoji', 'emoticon': '\U0001fae1'}, 'count': 2, 'chosen_order': None}], 'min': False, 'can_see_list': False, 'reactions_as_tags': False, 'recent_reactions': []}",[],
kronosmods,https://t.me/kronosmods,173,2024-01-31 13:28:13,,False,False,False,False,True,False,False,True,False,False,1743954360,,,,,,,6.185741633937587e+18,,9469.0,4.0,,2024-01-31T13:28:16+00:00,,1.3653661545266092e+16,,[],
kronosmods,https://t.me/kronosmods,184,2024-03-09 11:46:08,"HyperOs iOS Launcher

Soon........

Based on Eu",False,False,False,False,True,False,False,False,True,False,1743954360,,,,,,,6.296124741576146e+18,,1467.0,5.0,"{'_': 'MessageReplies', 'replies': 62, 'replies_pts': 20125, 'comments': True, 'recent_repliers': [{'_': 'PeerUser', 'user_id': 6408635712}, {'_': 'PeerUser', 'user_id': 6361399971}, {'_': 'PeerUser', 'user_id': 5215312812}], 'channel_id': 1916313335, 'max_id': 14724, 'read_max_id': None}",2024-03-09T11:46:39+00:00,,,"{'_': 'MessageReactions', 'results': [{'_': 'ReactionCount', 'reaction': {'_': 'ReactionEmoji', 'emoticon': '🔥'}, 'count': 33, 'chosen_order': None}, {'_': 'ReactionCount', 'reaction': {'_': 'ReactionEmoji', 'emoticon': '👍'}, 'count': 8, 'chosen_order': None}, {'_': 'ReactionCount', 'reaction': {'_': 'ReactionEmoji', 'emoticon': '❤'}, 'count': 4, 'chosen_order': None}, {'_': 'ReactionCount', 'reaction': {'_': 'ReactionEmoji', 'emoticon': '😁'}, 'count': 1, 'chosen_order': None}], 'min': False, 'can_see_list': False, 'reactions_as_tags': False, 'recent_reactions': []}",[],
kronosmods,https://t.me/kronosmods,185,2024-03-09 13:43:49,,False,False,False,True,True,,False,,,,1743954360,,,,184.0,False,False,,,,,,,,,,,
kronosmods,https://t.me/kronosmods,191,2024-03-13 21:50:23,"<PERSON> Mod V1.0

Download: here
Screenshot: here

Changelogs:
• Based On <PERSON> Latest 
• Only For HyperOs 
• iOS Recent
• Recent Animation 
• Optimize Unlock Animation 
• Dock 
• Folder Bounce Animation 
• Miui 12 Unlock Animation
• Bounce Unlock Animation
• More!

Instructions:
• Magisk/Ksu/Aptach Supported 
• Flash In Magisk
• Reboot the device
• Now Enjoy
 

Join Channel | Support",False,False,False,False,True,False,False,True,False,False,1743954360,,,,,,,,,54.0,0.0,"{'_': 'MessageReplies', 'replies': 2, 'replies_pts': 20284, 'comments': True, 'recent_repliers': [{'_': 'PeerUser', 'user_id': 939973304}, {'_': 'PeerUser', 'user_id': 1724852278}], 'channel_id': 1916313335, 'max_id': 14874, 'read_max_id': None}",2024-03-13T21:50:41+00:00,,,"{'_': 'MessageReactions', 'results': [{'_': 'ReactionCount', 'reaction': {'_': 'ReactionEmoji', 'emoticon': '🔥'}, 'count': 1, 'chosen_order': None}], 'min': False, 'can_see_list': False, 'reactions_as_tags': False, 'recent_reactions': []}",[],
kronosmods,https://t.me/kronosmods,194,2024-03-14 12:14:32,,False,False,False,False,True,False,False,True,False,False,1743954360,,,,,,,,,164.0,0.0,"{'_': 'MessageReplies', 'replies': 2, 'replies_pts': 20542, 'comments': True, 'recent_repliers': [{'_': 'PeerUser', 'user_id': 146217553}, {'_': 'PeerUser', 'user_id': 899934751}], 'channel_id': 1916313335, 'max_id': 15070, 'read_max_id': None}",2024-03-14T12:19:08+00:00,,,"{'_': 'MessageReactions', 'results': [{'_': 'ReactionCount', 'reaction': {'_': 'ReactionEmoji', 'emoticon': '🔥'}, 'count': 3, 'chosen_order': None}], 'min': False, 'can_see_list': False, 'reactions_as_tags': False, 'recent_reactions': []}",[],
kronosmods,https://t.me/kronosmods,199,2024-03-17 10:27:41,"#Advertisement 

❌ PRIVATE GROUP №1 ❌
They are robbing Crypto Exchanges for Millions of dollars!
<DATE_TIME> profit = 50,000$+

👉 https://t.me/+BT9cWw0OJ644YWI1
👉 https://t.me/+BT9cWw0OJ644YWI1
👉 https://t.me/+BT9cWw0OJ644YWI1

Go fast! Only the first 1000 subs will be accepted! 👀🚀",False,False,False,False,True,False,False,True,False,False,1743954360,,,,,,,,,168.0,1.0,"{'_': 'MessageReplies', 'replies': 0, 'replies_pts': 0, 'comments': True, 'recent_repliers': [], 'channel_id': 777, 'max_id': None, 'read_max_id': None}",2024-03-17T10:29:28+00:00,,,,[],
kronosmods,https://t.me/kronosmods,207,2024-03-17 14:48:10,,False,False,False,False,True,False,False,True,False,False,1743954360,,,,,,,6.320859926385245e+18,,287.0,0.0,,2024-03-17T14:48:13+00:00,,1.3685495120593276e+16,,[],
kronosmods,https://t.me/kronosmods,210,2024-03-18 18:49:03,"Monthly Subscription
Your contribution fuels this channel and helps to bring more of the things you enjoy.",False,False,False,False,True,False,False,True,False,False,1743954360,,,6675346585.0,,,,,"{'_': 'ReplyInlineMarkup', 'rows': [{'_': 'KeyboardButtonRow', 'buttons': [{'_': 'KeyboardButtonUrl', 'text': 'Subscribe', 'url': 'https://t.me/tribute/app?startapp=s4i1'}]}]}",183.0,0.0,,2024-03-18T18:50:55+00:00,,,"{'_': 'MessageReactions', 'results': [{'_': 'ReactionCount', 'reaction': {'_': 'ReactionEmoji', 'emoticon': '😁'}, 'count': 3, 'chosen_order': None}, {'_': 'ReactionCount', 'reaction': {'_': 'ReactionEmoji', 'emoticon': '❤'}, 'count': 2, 'chosen_order': None}, {'_': 'ReactionCount', 'reaction': {'_': 'ReactionEmoji', 'emoticon': '🔥'}, 'count': 2, 'chosen_order': None}], 'min': False, 'can_see_list': False, 'reactions_as_tags': False, 'recent_reactions': []}",[],
kronosmods,https://t.me/kronosmods,212,2024-03-18 18:50:14,,False,False,False,True,True,,False,,,,1743954360,,,,211.0,False,False,,,,,,,,,,,
kronosmods,https://t.me/kronosmods,213,2024-03-20 13:30:18,"🎁GIVEAWAY ALERT

➡️App names: Pix material you Dark/light & Material you icons
➡️Promo Codes: 20
➡️Timing: <DATE_TIME>

➡️Terms & Conditions
• Join @WallpaperWave @DevPashaPuma
• Time to redeem code is <DATE_TIME> after it ends
• That’s it, hit the <NRP> button below :D

Total participants: 92",False,False,False,False,True,False,False,True,False,False,1743954360,,"{'_': 'MessageFwdHeader', 'date': '2024-03-20T10:17:05+00:00', 'imported': False, 'saved_out': False, 'from_id': {'_': 'PeerChannel', 'channel_id': 1378310433}, 'from_name': None, 'channel_post': 840, 'post_author': None, 'saved_from_peer': None, 'saved_from_msg_id': None, 'saved_from_id': None, 'saved_from_name': None, 'saved_date': None, 'psa_type': None}",,,,,6.327727033630703e+18,,3116.0,1.0,"{'_': 'MessageReplies', 'replies': 3, 'replies_pts': 22381, 'comments': True, 'recent_repliers': [{'_': 'PeerUser', 'user_id': 1750227339}, {'_': 'PeerUser', 'user_id': 1623457379}], 'channel_id': 1916313335, 'max_id': 15823, 'read_max_id': None}",2024-03-20T13:57:15+00:00,,,"{'_': 'MessageReactions', 'results': [{'_': 'ReactionCount', 'reaction': {'_': 'ReactionEmoji', 'emoticon': '👍'}, 'count': 5, 'chosen_order': None}, {'_': 'ReactionCount', 'reaction': {'_': 'ReactionEmoji', 'emoticon': '\U0001fae1'}, 'count': 1, 'chosen_order': None}], 'min': False, 'can_see_list': False, 'reactions_as_tags': False, 'recent_reactions': []}",[],
kronosmods,https://t.me/kronosmods,214,2024-03-21 13:10:24,"Important Post,

We've noticed a user, @TechBotYT, reportedly using and monetizing others' content without permission. We encourage our users and the community to report these actions to the platform, and make sure to /ban & block ensuring we uphold respect and creativity of the original creators in our community.",False,False,False,False,True,False,False,True,False,False,1743954360,,,,,,,6.332114544587028e+18,,4385.0,5.0,"{'_': 'MessageReplies', 'replies': 12, 'replies_pts': 22381, 'comments': True, 'recent_repliers': [{'_': 'PeerUser', 'user_id': 1716830782}, {'_': 'PeerUser', 'user_id': 939973304}, {'_': 'PeerUser', 'user_id': 6900622761}], 'channel_id': 1916313335, 'max_id': 16061, 'read_max_id': None}",2024-03-21T13:10:32+00:00,,,"{'_': 'MessageReactions', 'results': [{'_': 'ReactionCount', 'reaction': {'_': 'ReactionEmoji', 'emoticon': '👍'}, 'count': 21, 'chosen_order': None}, {'_': 'ReactionCount', 'reaction': {'_': 'ReactionEmoji', 'emoticon': '😱'}, 'count': 7, 'chosen_order': None}, {'_': 'ReactionCount', 'reaction': {'_': 'ReactionEmoji', 'emoticon': '💯'}, 'count': 4, 'chosen_order': None}], 'min': False, 'can_see_list': False, 'reactions_as_tags': False, 'recent_reactions': []}",[],
kronosmods,https://t.me/kronosmods,219,2024-03-31 13:38:52,,False,False,False,False,True,False,False,True,False,False,1743954360,,,,,,,4.920451591455223e+18,,1036.0,4.0,,2024-03-31T13:38:54+00:00,,1.3695138650722592e+16,,[],
