Channel ID,URL,Post ID,date,message,out,mentioned,media_unread,silent,post,from_scheduled,legacy,edit_hide,pinned,noforwards,peer_channel,from_id_user,fwd_from,via_bot_id,reply_to_msg_id,reply_to_scheduled,forum_topic,media_photo_id,reply_markup,views,forwards,replies,edit_date,post_author,grouped_id,reactions,restriction_reason,ttl_period
lizamodsofficial,https://t.me/lizamodsofficial,1153,2024-01-01 04:39:32,"Wishing you a year filled with joy, success, and endless possibilities. Happy New Year 2024!",False,False,False,False,True,False,False,True,False,False,1742120797,,,,,,,6.093691568432203e+18,,13341.0,2.0,"{'_': 'MessageReplies', 'replies': 8, 'replies_pts': 75045, 'comments': True, 'recent_repliers': [{'_': 'PeerUser', 'user_id': 6556962232}, {'_': 'PeerUser', 'user_id': 1914197874}, {'_': 'PeerUser', 'user_id': 609517172}], 'channel_id': 1577766302, 'max_id': 56684, 'read_max_id': None}",2024-01-01T04:41:55+00:00,Liza,,"{'_': 'MessageReactions', 'results': [{'_': 'ReactionCount', 'reaction': {'_': 'ReactionEmoji', 'emoticon': '❤'}, 'count': 48, 'chosen_order': None}, {'_': 'ReactionCount', 'reaction': {'_': 'ReactionEmoji', 'emoticon': '👍'}, 'count': 10, 'chosen_order': None}, {'_': 'ReactionCount', 'reaction': {'_': 'ReactionEmoji', 'emoticon': '🔥'}, 'count': 2, 'chosen_order': None}, {'_': 'ReactionCount', 'reaction': {'_': 'ReactionEmoji', 'emoticon': '🥰'}, 'count': 2, 'chosen_order': None}, {'_': 'ReactionCount', 'reaction': {'_': 'ReactionEmoji', 'emoticon': '👏'}, 'count': 1, 'chosen_order': None}], 'min': False, 'can_see_list': False, 'reactions_as_tags': False, 'recent_reactions': []}",[],
lizamodsofficial,https://t.me/lizamodsofficial,1154,2024-01-02 09:33:50,"AI Chat Open Assistant <PERSON> (Chat Smith) <PERSON> [Premium] [Latest]


𒆜 Mod Features:

● Premium Features Unlocked
● Removed <NRP> info
● Removed Vibration
● Update Disabled
● CPU Arch A32 & A64


Download Links [46 MB]
https://RSlinks.net/y94xvnc
https://RSlinks.net/y94xvnc



<PERSON> @LizaModsOfficial For More..",False,False,False,False,True,False,False,True,False,False,1742120797,,,,,,,6.097993119913065e+18,,13524.0,26.0,"{'_': 'MessageReplies', 'replies': 4, 'replies_pts': 75045, 'comments': True, 'recent_repliers': [{'_': 'PeerUser', 'user_id': 5834088068}, {'_': 'PeerUser', 'user_id': 1352712596}, {'_': 'PeerUser', 'user_id': 6633302652}], 'channel_id': 1577766302, 'max_id': 56730, 'read_max_id': None}",2024-01-02T09:34:30+00:00,Liza,,"{'_': 'MessageReactions', 'results': [{'_': 'ReactionCount', 'reaction': {'_': 'ReactionEmoji', 'emoticon': '👍'}, 'count': 6, 'chosen_order': None}, {'_': 'ReactionCount', 'reaction': {'_': 'ReactionEmoji', 'emoticon': '🔥'}, 'count': 2, 'chosen_order': None}, {'_': 'ReactionCount', 'reaction': {'_': 'ReactionEmoji', 'emoticon': '🥰'}, 'count': 1, 'chosen_order': None}], 'min': False, 'can_see_list': False, 'reactions_as_tags': False, 'recent_reactions': []}",[],
lizamodsofficial,https://t.me/lizamodsofficial,1155,2024-01-02 14:39:38,"TENADA: 3D Animated Text Art v4.8.1 [Premium] [Latest]


𒆜 Mod Features:

● Premium Unlocked 
● Removed Debug Codes
● CPU Archs arm64-v8a


Download Links [155 MB]
https://RSlinks.net/hlpev4dj
https://RSlinks.net/hlpev4dj



<PERSON> @LizaModsOfficial For More..",False,False,False,False,True,False,False,False,False,False,1742120797,,,,,,,6.224116831719897e+18,,13176.0,8.0,"{'_': 'MessageReplies', 'replies': 1, 'replies_pts': 75045, 'comments': True, 'recent_repliers': [{'_': 'PeerUser', 'user_id': 609517172}], 'channel_id': 1577766302, 'max_id': 56697, 'read_max_id': None}",2024-01-02T15:03:35+00:00,Liza,,"{'_': 'MessageReactions', 'results': [{'_': 'ReactionCount', 'reaction': {'_': 'ReactionEmoji', 'emoticon': '👍'}, 'count': 8, 'chosen_order': None}, {'_': 'ReactionCount', 'reaction': {'_': 'ReactionEmoji', 'emoticon': '🔥'}, 'count': 1, 'chosen_order': None}], 'min': False, 'can_see_list': False, 'reactions_as_tags': False, 'recent_reactions': []}",[],
lizamodsofficial,https://t.me/lizamodsofficial,1156,2024-01-02 17:20:19,"#FastestAI

UniChat - AI  v5.0 [Premium] [Latest]


𒆜 Mod Features:

● Premium Features Unlocked
● Removed <NRP> info
● CPU Arch Arm32 & Arm64


Download Links [21.8 MB]
https://RSlinks.net/5ei6oy8a
https://RSlinks.net/5ei6oy8a



☀️Join @LizaModsOfficial For More..",False,False,False,False,True,False,False,True,False,False,1742120797,,,,,,,6.100661196547013e+18,,13031.0,7.0,"{'_': 'MessageReplies', 'replies': 1, 'replies_pts': 75045, 'comments': True, 'recent_repliers': [{'_': 'PeerUser', 'user_id': 609517172}], 'channel_id': 1577766302, 'max_id': 56713, 'read_max_id': None}",2024-01-02T17:25:38+00:00,Liza,,"{'_': 'MessageReactions', 'results': [{'_': 'ReactionCount', 'reaction': {'_': 'ReactionEmoji', 'emoticon': '👍'}, 'count': 6, 'chosen_order': None}, {'_': 'ReactionCount', 'reaction': {'_': 'ReactionEmoji', 'emoticon': '🔥'}, 'count': 1, 'chosen_order': None}], 'min': False, 'can_see_list': False, 'reactions_as_tags': False, 'recent_reactions': []}",[],
lizamodsofficial,https://t.me/lizamodsofficial,1158,2024-01-02 17:31:10,"Filmora v13.1.68 [Premium] [Latest]


𒆜 Mod Features:

● Premium Unlocked
● Removed Debug Codes
● APK Size Decrease 
● Removed Unnecessary Files
● CPU Arch arm64 Only


Download Links [82 MB]
https://RSlinks.net/xvnzp2tg
https://RSlinks.net/xvnzp2tg


☀️Join @LizaModsOfficial For More..",False,False,False,False,True,False,False,False,False,False,1742120797,,,,,,,6.093893629463608e+18,,13377.0,7.0,"{'_': 'MessageReplies', 'replies': 1, 'replies_pts': 75045, 'comments': True, 'recent_repliers': [{'_': 'PeerUser', 'user_id': 609517172}], 'channel_id': 1577766302, 'max_id': 56717, 'read_max_id': None}",2024-01-03T09:38:23+00:00,Liza,,"{'_': 'MessageReactions', 'results': [{'_': 'ReactionCount', 'reaction': {'_': 'ReactionEmoji', 'emoticon': '👍'}, 'count': 4, 'chosen_order': None}, {'_': 'ReactionCount', 'reaction': {'_': 'ReactionEmoji', 'emoticon': '🔥'}, 'count': 1, 'chosen_order': None}], 'min': False, 'can_see_list': False, 'reactions_as_tags': False, 'recent_reactions': []}",[],
lizamodsofficial,https://t.me/lizamodsofficial,1160,2024-01-02 17:53:27,"Flow Productivity Launcher  v18.5 [Premium] [Latest]


𒆜 Mod Features:

● Premium Features Unlocked
● Removed <NRP> info
● CPU Arch Universal


Download Links [15.28 MB]
https://RSlinks.net/xlweg1p
https://RSlinks.net/xlweg1p



☀️Join @LizaModsOfficial For More..",False,False,False,False,True,False,False,True,False,False,1742120797,,,,,,,6.100661196547013e+18,,15416.0,8.0,"{'_': 'MessageReplies', 'replies': 1, 'replies_pts': 75045, 'comments': True, 'recent_repliers': [{'_': 'PeerUser', 'user_id': 609517172}], 'channel_id': 1577766302, 'max_id': 56721, 'read_max_id': None}",2024-01-03T10:47:36+00:00,Liza,,"{'_': 'MessageReactions', 'results': [{'_': 'ReactionCount', 'reaction': {'_': 'ReactionEmoji', 'emoticon': '👍'}, 'count': 8, 'chosen_order': None}, {'_': 'ReactionCount', 'reaction': {'_': 'ReactionEmoji', 'emoticon': '🔥'}, 'count': 1, 'chosen_order': None}], 'min': False, 'can_see_list': False, 'reactions_as_tags': False, 'recent_reactions': []}",[],
lizamodsofficial,https://t.me/lizamodsofficial,1161,2024-01-02 17:59:41,"Spotify v8.8.96.364 [PRO] (Latest)


𒆜 Mod Features:

● Premium
● Ad-free 
● Unlimited skips
● Play on demand
● Removed Debug Codes
● Amoled black theme
● Minor Bug Fixed
● CPU Arch armv7a & arm64


Download Links [72 MB]
https://RSlinks.net/b2c1yft
https://RSlinks.net/b2c1yft



☀️Join @LizaModsOfficial For More..",False,False,False,False,True,False,False,False,False,False,1742120797,,,,,,,6.17025906710949e+18,,16362.0,66.0,"{'_': 'MessageReplies', 'replies': 5, 'replies_pts': 75045, 'comments': True, 'recent_repliers': [{'_': 'PeerUser', 'user_id': 609517172}, {'_': 'PeerUser', 'user_id': 1345504518}, {'_': 'PeerUser', 'user_id': 1294371439}], 'channel_id': 1577766302, 'max_id': 56744, 'read_max_id': None}",2024-01-02T18:38:17+00:00,Liza,,"{'_': 'MessageReactions', 'results': [{'_': 'ReactionCount', 'reaction': {'_': 'ReactionEmoji', 'emoticon': '👍'}, 'count': 7, 'chosen_order': None}, {'_': 'ReactionCount', 'reaction': {'_': 'ReactionEmoji', 'emoticon': '🥰'}, 'count': 2, 'chosen_order': None}, {'_': 'ReactionCount', 'reaction': {'_': 'ReactionEmoji', 'emoticon': '🔥'}, 'count': 1, 'chosen_order': None}], 'min': False, 'can_see_list': False, 'reactions_as_tags': False, 'recent_reactions': []}",[],
lizamodsofficial,https://t.me/lizamodsofficial,1162,2024-01-02 18:36:13,"Bazaart Photo Editor - Design v2.4.2 [Premium] [Latest]

Turn blurry photos into HD, boost resolution and quality with the enhance tool


𒆜 Mod Features:

● Premium Unlocked
● Enabled Developer Settings
● Reduced App Size
● Premium Features Unlocked
● Removed <NRP> info
● Removed Onboard
● CPU Arch armv7a & armv8a


Download Links [32 MB]
https://RSlinks.net/d7rifml6
<PERSON>☀️Join @LizaModsOfficial For More..",False,False,False,False,True,False,False,False,False,False,1742120797,,,,,,,6.100661196547014e+18,,17443.0,13.0,"{'_': 'MessageReplies', 'replies': 7, 'replies_pts': 75045, 'comments': True, 'recent_repliers': [{'_': 'PeerUser', 'user_id': 609517172}, {'_': 'PeerUser', 'user_id': 1929512753}, {'_': 'PeerUser', 'user_id': 5926647475}], 'channel_id': 1577766302, 'max_id': 56893, 'read_max_id': None}",2024-01-02T18:50:34+00:00,Liza,,"{'_': 'MessageReactions', 'results': [{'_': 'ReactionCount', 'reaction': {'_': 'ReactionEmoji', 'emoticon': '👍'}, 'count': 8, 'chosen_order': None}, {'_': 'ReactionCount', 'reaction': {'_': 'ReactionEmoji', 'emoticon': '❤'}, 'count': 1, 'chosen_order': None}, {'_': 'ReactionCount', 'reaction': {'_': 'ReactionEmoji', 'emoticon': '🔥'}, 'count': 1, 'chosen_order': None}], 'min': False, 'can_see_list': False, 'reactions_as_tags': False, 'recent_reactions': []}",[],
lizamodsofficial,https://t.me/lizamodsofficial,1163,2024-01-03 06:19:46,"Secure VPN - Safer Internet  v4.2.1 [PRO] [Latest]


𒆜 Mod Features:

● Pro Unlocked
● VIP Server Unlocked
● Removed <NRP> info
● CPU Arch Universal


Download Links [9 MB]
<PERSON>



<PERSON> @LizaModsOfficial For More..",False,False,False,False,True,False,False,True,False,False,1742120797,,,,,,,6.100661196547014e+18,,19548.0,17.0,"{'_': 'MessageReplies', 'replies': 9, 'replies_pts': 75045, 'comments': True, 'recent_repliers': [{'_': 'PeerUser', 'user_id': 1079595234}, {'_': 'PeerUser', 'user_id': 5062056015}, {'_': 'PeerUser', 'user_id': 609517172}], 'channel_id': 1577766302, 'max_id': 56763, 'read_max_id': None}",2024-01-03T08:31:31+00:00,Liza,,"{'_': 'MessageReactions', 'results': [{'_': 'ReactionCount', 'reaction': {'_': 'ReactionEmoji', 'emoticon': '👍'}, 'count': 13, 'chosen_order': None}, {'_': 'ReactionCount', 'reaction': {'_': 'ReactionEmoji', 'emoticon': '🔥'}, 'count': 1, 'chosen_order': None}], 'min': False, 'can_see_list': False, 'reactions_as_tags': False, 'recent_reactions': []}",[],
lizamodsofficial,https://t.me/lizamodsofficial,1164,2024-01-05 08:05:59,"<IP_ADDRESS>: Faster & Safer Internet v6.32 [UNLIMITED] [LATEST]



𒆜 Mod Features:

● Enabled WARP+ 
● Removed Debug Codes
● Removed Unnecessary Files
● Cleaned & Zipalign 
● Update Disabled
● CPU Arch armv7a & arm64


Download Links [17 MB]
https://RSlinks.net/1nghqatd
https://RSlinks.net/1nghqatd


☀️Join @LizaModsOfficial For More..",False,False,False,False,True,False,False,True,False,False,1742120797,,,,,,,6.057613701411879e+18,,20831.0,20.0,"{'_': 'MessageReplies', 'replies': 1, 'replies_pts': 75045, 'comments': True, 'recent_repliers': [{'_': 'PeerUser', 'user_id': 609517172}], 'channel_id': 1577766302, 'max_id': 56802, 'read_max_id': None}",2024-01-05T08:13:57+00:00,Liza,,"{'_': 'MessageReactions', 'results': [{'_': 'ReactionCount', 'reaction': {'_': 'ReactionEmoji', 'emoticon': '👍'}, 'count': 14, 'chosen_order': None}, {'_': 'ReactionCount', 'reaction': {'_': 'ReactionEmoji', 'emoticon': '❤'}, 'count': 5, 'chosen_order': None}, {'_': 'ReactionCount', 'reaction': {'_': 'ReactionEmoji', 'emoticon': '🥰'}, 'count': 1, 'chosen_order': None}], 'min': False, 'can_see_list': False, 'reactions_as_tags': False, 'recent_reactions': []}",[],
lizamodsofficial,https://t.me/lizamodsofficial,1166,2024-01-08 12:40:47,"Moises v2.26.0 [Premium] [Latest]



𒆜 Mod Features:

● Premium Unlocked 
● Cleaned & Optimised
● APK Size Reduce '56 MB 🔥
● Removed Debug Codes
● Google Drive Broken [If you guys want it. Report here @lizamodsbot]
● CPU Arch armabi-v7a & arm64-v8a


Download Links [56 MB]
https://RSlinks.net/zuon5c7j
https://RSlinks.net/zuon5c7j



☀️Join @LizaModsOfficial For More..",False,False,False,False,True,False,False,False,False,False,1742120797,,,,,,,6.293885191009188e+18,,24341.0,28.0,"{'_': 'MessageReplies', 'replies': 1, 'replies_pts': 75045, 'comments': True, 'recent_repliers': [{'_': 'PeerUser', 'user_id': 609517172}], 'channel_id': 1577766302, 'max_id': 56915, 'read_max_id': None}",2024-01-08T13:21:41+00:00,Liza,,"{'_': 'MessageReactions', 'results': [{'_': 'ReactionCount', 'reaction': {'_': 'ReactionEmoji', 'emoticon': '👍'}, 'count': 34, 'chosen_order': None}, {'_': 'ReactionCount', 'reaction': {'_': 'ReactionEmoji', 'emoticon': '🔥'}, 'count': 12, 'chosen_order': None}, {'_': 'ReactionCount', 'reaction': {'_': 'ReactionEmoji', 'emoticon': '❤'}, 'count': 5, 'chosen_order': None}, {'_': 'ReactionCount', 'reaction': {'_': 'ReactionEmoji', 'emoticon': '🤯'}, 'count': 4, 'chosen_order': None}, {'_': 'ReactionCount', 'reaction': {'_': 'ReactionEmoji', 'emoticon': '👏'}, 'count': 3, 'chosen_order': None}, {'_': 'ReactionCount', 'reaction': {'_': 'ReactionEmoji', 'emoticon': '😍'}, 'count': 1, 'chosen_order': None}], 'min': False, 'can_see_list': False, 'reactions_as_tags': False, 'recent_reactions': []}",[],
lizamodsofficial,https://t.me/lizamodsofficial,1167,2024-02-07 04:39:23,"Inshot v2.016.1439 [Pro] [Latest]


𒆜 Mod Features:

● Enabled Developer Settings
● Cleaned Setting
● CPU <PERSON> arm64-v8a


Download Links [67 MB]
https://RSlinks.net/8wfdj1ot
https://RSlinks.net/8wfdj1ot


☀️Join @LizaModsOfficial For More..",False,False,False,False,True,False,False,True,False,False,1742120797,,,,,,,6.226368631533582e+18,,11141.0,7.0,"{'_': 'MessageReplies', 'replies': 1, 'replies_pts': 75045, 'comments': True, 'recent_repliers': [{'_': 'PeerUser', 'user_id': 609517172}], 'channel_id': 1577766302, 'max_id': 56917, 'read_max_id': None}",2024-02-07T04:39:50+00:00,Liza,,"{'_': 'MessageReactions', 'results': [{'_': 'ReactionCount', 'reaction': {'_': 'ReactionEmoji', 'emoticon': '👍'}, 'count': 8, 'chosen_order': None}, {'_': 'ReactionCount', 'reaction': {'_': 'ReactionEmoji', 'emoticon': '❤'}, 'count': 4, 'chosen_order': None}], 'min': False, 'can_see_list': False, 'reactions_as_tags': False, 'recent_reactions': []}",[],
lizamodsofficial,https://t.me/lizamodsofficial,1168,2024-02-09 07:39:05,"Photoleap: Photo Editor/AI Art v1.47.0 [Premium] [Latest]


𒆜 Mod Features:
● Premium Unlocked 
● Pro/Paid Features Unlocked
● Optimized & Cleaned
● AntiAnalytics
● Removed Debug Codes
● Intro Screen Bypassed
● Removed Unwanted dialogs
● CPU Arch armabi-v7a & arm64-v8a


Download Links [177MB]
https://RSlinks.net/j7iu6d2x
https://RSlinks.net/j7iu6d2x


☀️Join @LizaModsOfficial For More..",False,False,False,False,True,False,False,False,False,False,1742120797,,,,,,,6.138734642812008e+18,,9220.0,4.0,"{'_': 'MessageReplies', 'replies': 0, 'replies_pts': 75045, 'comments': True, 'recent_repliers': [], 'channel_id': 1577766302, 'max_id': None, 'read_max_id': None}",2024-02-09T07:39:19+00:00,Liza,,"{'_': 'MessageReactions', 'results': [{'_': 'ReactionCount', 'reaction': {'_': 'ReactionEmoji', 'emoticon': '👍'}, 'count': 6, 'chosen_order': None}, {'_': 'ReactionCount', 'reaction': {'_': 'ReactionEmoji', 'emoticon': '❤'}, 'count': 2, 'chosen_order': None}, {'_': 'ReactionCount', 'reaction': {'_': 'ReactionEmoji', 'emoticon': '👏'}, 'count': 1, 'chosen_order': None}], 'min': False, 'can_see_list': False, 'reactions_as_tags': False, 'recent_reactions': []}",[],
lizamodsofficial,https://t.me/lizamodsofficial,1169,2024-02-09 13:06:26,"SnapEdit - AI Photo Editor v5.6.4 [Premium] [Latest]


Mod Features :

● Pro/Premium Unlocked
● Paid/Premium Features Unlocked
● No Ads
● Removed Debugs Codes
● AntiAnalytics 
● Optimized & Cleaned
● Unwanted Popups & Onboard Popup Removed

AI Art Generator 🔥

Download Links [23 MB]
https://RSlinks.net/g3n2p8e9
https://RSlinks.net/g3n2p8e9

Join @LizaModsOfficial For More..",False,False,False,False,True,False,False,False,False,False,1742120797,,,,,,,6.27136745486534e+18,,9004.0,11.0,"{'_': 'MessageReplies', 'replies': 1, 'replies_pts': 75045, 'comments': True, 'recent_repliers': [{'_': 'PeerUser', 'user_id': 609517172}], 'channel_id': 1577766302, 'max_id': 56921, 'read_max_id': None}",2024-02-09T13:31:09+00:00,Liza,,"{'_': 'MessageReactions', 'results': [{'_': 'ReactionCount', 'reaction': {'_': 'ReactionEmoji', 'emoticon': '👍'}, 'count': 17, 'chosen_order': None}], 'min': False, 'can_see_list': False, 'reactions_as_tags': False, 'recent_reactions': []}",[],
lizamodsofficial,https://t.me/lizamodsofficial,1170,2024-02-10 17:25:02,"Alight Motion v5.0.249.1002172 [Premium] [Latest]


𒆜 Mod Features:

● No watermark
● XML import & export Supported
● Login as a guest Supported
● Project Package Works 
● APK Size Reduced
● Import Project packege larger than 5 MB [ may not work with guest login]
● CPU Arch arm64-v8a & armabi-v7a 

Facing any issue Report Here lizamods.me


Download Links [85 MB]
https://RSlinks.net/mnud7o2k
https://RSlinks.net/mnud7o2k



☀️Join @LizaModsOfficial For More..",False,False,False,False,True,False,False,True,False,False,1742120797,,,,,,,6.125232378029915e+18,,7813.0,7.0,"{'_': 'MessageReplies', 'replies': 1, 'replies_pts': 75045, 'comments': True, 'recent_repliers': [{'_': 'PeerUser', 'user_id': 609517172}], 'channel_id': 1577766302, 'max_id': 56923, 'read_max_id': None}",2024-02-10T18:44:21+00:00,Liza,,"{'_': 'MessageReactions', 'results': [{'_': 'ReactionCount', 'reaction': {'_': 'ReactionEmoji', 'emoticon': '👍'}, 'count': 8, 'chosen_order': None}], 'min': False, 'can_see_list': False, 'reactions_as_tags': False, 'recent_reactions': []}",[],
lizamodsofficial,https://t.me/lizamodsofficial,1171,2024-02-10 17:32:34,"Umagic AI - AI Art Generator v1.5.1 [Premium] [Latest]


𒆜 Mod Features:

● Premium Unlocked
● Removed <NRP> info
● CPU Arch armv7a & armv8a 


Download Links [15 MB]
https://RSlinks.net/4b9pnfuc
https://RSlinks.net/4b9pnfuc



☀️Join @LizaModsOfficial For More..",False,False,False,False,True,False,False,True,False,False,1742120797,,,,,,,6.215043322465076e+18,,8232.0,8.0,"{'_': 'MessageReplies', 'replies': 1, 'replies_pts': 75045, 'comments': True, 'recent_repliers': [{'_': 'PeerUser', 'user_id': 609517172}], 'channel_id': 1577766302, 'max_id': 56925, 'read_max_id': None}",2024-02-10T21:42:02+00:00,Liza,,"{'_': 'MessageReactions', 'results': [{'_': 'ReactionCount', 'reaction': {'_': 'ReactionEmoji', 'emoticon': '👍'}, 'count': 5, 'chosen_order': None}], 'min': False, 'can_see_list': False, 'reactions_as_tags': False, 'recent_reactions': []}",[],
lizamodsofficial,https://t.me/lizamodsofficial,1173,2024-02-12 14:30:41,"WOMBO Dream - AI Art Generator v4.1.0 [Premium] [Latest]


𒆜 Mod Features:

● Premium Unlocked
● Removed <NRP> info
● App Size Reduced
● Cleaned & Optimized
● AntiAnalytics 
● CPU Arch armv8a 


Download Links [54 MB]
https://RSlinks.net/16ucwlo9
https://RSlinks.net/16ucwlo9


☀️Join @LizaModsOfficial For More..",False,False,False,False,True,False,False,True,False,False,1742120797,,,,,,,6.219473134554299e+18,,6514.0,3.0,"{'_': 'MessageReplies', 'replies': 1, 'replies_pts': 75045, 'comments': True, 'recent_repliers': [{'_': 'PeerUser', 'user_id': 609517172}], 'channel_id': 1577766302, 'max_id': 56929, 'read_max_id': None}",2024-02-12T14:33:10+00:00,Liza,,"{'_': 'MessageReactions', 'results': [{'_': 'ReactionCount', 'reaction': {'_': 'ReactionEmoji', 'emoticon': '👍'}, 'count': 5, 'chosen_order': None}], 'min': False, 'can_see_list': False, 'reactions_as_tags': False, 'recent_reactions': []}",[],
lizamodsofficial,https://t.me/lizamodsofficial,1174,2024-02-12 19:11:43,"<PERSON> v1.11.4 [Pro] [Latest]


𒆜 Mod Features:

● Pro/Premium Unlocked
● Pro/Paid Features Unlocked
● Optimized 
● Material Icon Pack Unlocked
● Sticker Icon Pack Unlocked
● CPU <PERSON>


Download Links [10 MB]
https://RSlinks.net/wivmgbh3
https://RSlinks.net/wivmgbh3


☀️Join @LizaModsOfficial For More..",False,False,False,False,True,False,False,True,False,False,1742120797,,,,,,,6.251114639660269e+18,,7035.0,7.0,"{'_': 'MessageReplies', 'replies': 1, 'replies_pts': 75045, 'comments': True, 'recent_repliers': [{'_': 'PeerUser', 'user_id': 609517172}], 'channel_id': 1577766302, 'max_id': 56931, 'read_max_id': None}",2024-02-13T14:28:40+00:00,Liza,,"{'_': 'MessageReactions', 'results': [{'_': 'ReactionCount', 'reaction': {'_': 'ReactionEmoji', 'emoticon': '👍'}, 'count': 2, 'chosen_order': None}, {'_': 'ReactionCount', 'reaction': {'_': 'ReactionEmoji', 'emoticon': '❤'}, 'count': 1, 'chosen_order': None}], 'min': False, 'can_see_list': False, 'reactions_as_tags': False, 'recent_reactions': []}",[],
lizamodsofficial,https://t.me/lizamodsofficial,1186,2024-02-15 18:58:17,"Utool - AI Video Enhancer , Art v1.23.18 [PREMIUM] [LATEST]


𒆜 Mod Features:
● Premium Features Unlocked
● Premium Unlocked
● Removed <NRP> info
● CPU Arch arm7a & armv8a


Download Links [36 MB]
https://RSlinks.net/syg71kdr
https://RSlinks.net/syg71kdr



☀️Join @LizaModsOfficial For More..",False,False,False,False,True,False,False,True,False,False,1742120797,,,,,,,6.230941672192195e+18,,8102.0,8.0,"{'_': 'MessageReplies', 'replies': 1, 'replies_pts': 75045, 'comments': True, 'recent_repliers': [{'_': 'PeerUser', 'user_id': 609517172}], 'channel_id': 1577766302, 'max_id': 56955, 'read_max_id': None}",2024-02-15T19:00:01+00:00,Liza,,"{'_': 'MessageReactions', 'results': [{'_': 'ReactionCount', 'reaction': {'_': 'ReactionEmoji', 'emoticon': '👍'}, 'count': 7, 'chosen_order': None}, {'_': 'ReactionCount', 'reaction': {'_': 'ReactionEmoji', 'emoticon': '❤'}, 'count': 2, 'chosen_order': None}, {'_': 'ReactionCount', 'reaction': {'_': 'ReactionEmoji', 'emoticon': '🤯'}, 'count': 2, 'chosen_order': None}, {'_': 'ReactionCount', 'reaction': {'_': 'ReactionEmoji', 'emoticon': '🔥'}, 'count': 1, 'chosen_order': None}, {'_': 'ReactionCount', 'reaction': {'_': 'ReactionEmoji', 'emoticon': '😱'}, 'count': 1, 'chosen_order': None}, {'_': 'ReactionCount', 'reaction': {'_': 'ReactionEmoji', 'emoticon': '😈'}, 'count': 1, 'chosen_order': None}], 'min': False, 'can_see_list': False, 'reactions_as_tags': False, 'recent_reactions': []}",[],
lizamodsofficial,https://t.me/lizamodsofficial,1187,2024-02-17 14:47:22,"nzb30 - sonarr / Radarr / SAB v17.4 [PREMIUM] [LATEST]


𒆜 Mod Features:
● Premium Features Unlocked
● Premium Unlocked
● Removed <NRP> info
● CPU Arch armv8a


Download Links [18.5 MB]
https://RSlinks.net/zevunhp4
https://RSlinks.net/zevunhp4



☀️Join @LizaModsOfficial For More..",False,False,False,False,True,False,False,True,False,False,1742120797,,,,,,,6.235593001514679e+18,,6259.0,0.0,"{'_': 'MessageReplies', 'replies': 1, 'replies_pts': 75045, 'comments': True, 'recent_repliers': [{'_': 'PeerUser', 'user_id': 609517172}], 'channel_id': 1577766302, 'max_id': 56957, 'read_max_id': None}",2024-02-17T14:49:45+00:00,Liza,,"{'_': 'MessageReactions', 'results': [{'_': 'ReactionCount', 'reaction': {'_': 'ReactionEmoji', 'emoticon': '👍'}, 'count': 2, 'chosen_order': None}, {'_': 'ReactionCount', 'reaction': {'_': 'ReactionEmoji', 'emoticon': '❤'}, 'count': 2, 'chosen_order': None}, {'_': 'ReactionCount', 'reaction': {'_': 'ReactionEmoji', 'emoticon': '🥰'}, 'count': 2, 'chosen_order': None}, {'_': 'ReactionCount', 'reaction': {'_': 'ReactionEmoji', 'emoticon': '🔥'}, 'count': 1, 'chosen_order': None}, {'_': 'ReactionCount', 'reaction': {'_': 'ReactionEmoji', 'emoticon': '😱'}, 'count': 1, 'chosen_order': None}], 'min': False, 'can_see_list': False, 'reactions_as_tags': False, 'recent_reactions': []}",[],
lizamodsofficial,https://t.me/lizamodsofficial,1189,2024-02-19 13:36:45,"Spotify v8.9.10.616  [PRO] (Latest)

𒆜 Mod Features:

● Premium
● Ad-free 
● Unlimited skips
● Play on demand
● Removed Debug Codes
● Amoled black theme
● Minor Bug Fixed
● Updated Ad Patches
● CPU Arch armv7a & arm64


Download Links [76 MB]
https://RSlinks.net/q9fksjr4
https://RSlinks.net/q9fksjr4



<PERSON> @LizaModsOfficial For More..",False,False,False,False,True,False,False,True,False,False,1742120797,,,,,,,6.17025906710949e+18,,6537.0,33.0,"{'_': 'MessageReplies', 'replies': 1, 'replies_pts': 75045, 'comments': True, 'recent_repliers': [{'_': 'PeerUser', 'user_id': 609517172}], 'channel_id': 1577766302, 'max_id': 56961, 'read_max_id': None}",2024-02-19T13:38:34+00:00,Liza,,"{'_': 'MessageReactions', 'results': [{'_': 'ReactionCount', 'reaction': {'_': 'ReactionEmoji', 'emoticon': '❤'}, 'count': 10, 'chosen_order': None}, {'_': 'ReactionCount', 'reaction': {'_': 'ReactionEmoji', 'emoticon': '👍'}, 'count': 5, 'chosen_order': None}, {'_': 'ReactionCount', 'reaction': {'_': 'ReactionEmoji', 'emoticon': '\U0001fae1'}, 'count': 2, 'chosen_order': None}], 'min': False, 'can_see_list': False, 'reactions_as_tags': False, 'recent_reactions': []}",[],
lizamodsofficial,https://t.me/lizamodsofficial,1190,2024-02-19 18:17:02,"<PERSON> v1.1.9 [PREMIUM] [LATEST]

About this app
""ABox"" is a versatile voice transformation application that helps users protect their privacy, restore confidence for individuals with vocal cord damage, and enables gender diverse individuals to express themselves freely. Whatever your needs may be, ABox provides a solution for voice freedom.
𒆜 Mod Features:
● Premium Features Unlocked
● Premium Unlocked
● Removed <NRP> info
● CPU Arch armv7a & armv8a


*Login Required for Access premium.


Download Links [280 MB]
https://RSlinks.net/5732a8io
https://RSlinks.net/5732a8io




☀️Join @LizaModsOfficial For More..",False,False,False,False,True,False,False,False,False,False,1742120797,,,,,,,6.242189560180227e+18,,7485.0,18.0,"{'_': 'MessageReplies', 'replies': 1, 'replies_pts': 75045, 'comments': True, 'recent_repliers': [{'_': 'PeerUser', 'user_id': 609517172}], 'channel_id': 1577766302, 'max_id': 56963, 'read_max_id': None}",2024-02-20T15:55:35+00:00,Liza,,"{'_': 'MessageReactions', 'results': [{'_': 'ReactionCount', 'reaction': {'_': 'ReactionEmoji', 'emoticon': '👍'}, 'count': 9, 'chosen_order': None}, {'_': 'ReactionCount', 'reaction': {'_': 'ReactionEmoji', 'emoticon': '❤'}, 'count': 3, 'chosen_order': None}, {'_': 'ReactionCount', 'reaction': {'_': 'ReactionEmoji', 'emoticon': '🔥'}, 'count': 2, 'chosen_order': None}], 'min': False, 'can_see_list': False, 'reactions_as_tags': False, 'recent_reactions': []}",[],
lizamodsofficial,https://t.me/lizamodsofficial,1191,2024-02-20 15:55:29,"Bugs Fixed Kindly Re-Download.
Sorry for inconvenience",False,False,False,False,True,False,False,True,False,False,1742120797,,,,1190.0,False,False,,,6417.0,2.0,"{'_': 'MessageReplies', 'replies': 1, 'replies_pts': 75045, 'comments': True, 'recent_repliers': [{'_': 'PeerUser', 'user_id': 609517172}], 'channel_id': 1577766302, 'max_id': 56965, 'read_max_id': None}",2024-02-20T17:14:15+00:00,Liza,,"{'_': 'MessageReactions', 'results': [{'_': 'ReactionCount', 'reaction': {'_': 'ReactionEmoji', 'emoticon': '❤'}, 'count': 8, 'chosen_order': None}, {'_': 'ReactionCount', 'reaction': {'_': 'ReactionEmoji', 'emoticon': '😍'}, 'count': 1, 'chosen_order': None}], 'min': False, 'can_see_list': False, 'reactions_as_tags': False, 'recent_reactions': []}",[],
lizamodsofficial,https://t.me/lizamodsofficial,1192,2024-02-21 12:53:09,"SnapTube v7.14.0.71450510 [VIP] [LATEST]


Free Download Access to Every Video Link'


𒆜 Mod Features:

● Premium Unlocked 
● Ads Removed/Disabled
● Removed Debug Codes
● CPU Arch Universal


Download Links
https://RSlinks.net/seupytwj
https://RSlinks.net/seupytwj



☀️Join @LizaModsOfficial For More..",False,False,False,False,True,False,False,False,False,False,1742120797,,,,,,,6.246639081874373e+18,,5343.0,5.0,"{'_': 'MessageReplies', 'replies': 1, 'replies_pts': 75045, 'comments': True, 'recent_repliers': [{'_': 'PeerUser', 'user_id': 609517172}], 'channel_id': 1577766302, 'max_id': 56967, 'read_max_id': None}",2024-02-22T07:08:50+00:00,Liza,,"{'_': 'MessageReactions', 'results': [{'_': 'ReactionCount', 'reaction': {'_': 'ReactionEmoji', 'emoticon': '👍'}, 'count': 8, 'chosen_order': None}, {'_': 'ReactionCount', 'reaction': {'_': 'ReactionEmoji', 'emoticon': '❤'}, 'count': 4, 'chosen_order': None}, {'_': 'ReactionCount', 'reaction': {'_': 'ReactionEmoji', 'emoticon': '🥰'}, 'count': 1, 'chosen_order': None}], 'min': False, 'can_see_list': False, 'reactions_as_tags': False, 'recent_reactions': []}",[],
lizamodsofficial,https://t.me/lizamodsofficial,1194,2024-02-21 17:46:53,"YouTube v19.02.39  [Premium] [Latest]


𒆜 Mod Features:

● Bug fixed 
● Updated translations 
● Direct download support via SnapTube
● Multi Language Supported
● CPU Arch armabi-v7a &  arm64-v8a 

● For layout customisation visit [Profile icon/Three Dot/Settings/ReVanced Settings]

app size: max 103.77M

Download Links 101 MB
https://RSlinks.net/n4bm5iu1
https://RSlinks.net/n4bm5iu1


arm64-v8a : 77MB
https://RSlinks.net/9jrgp2a3
https://RSlinks.net/9jrgp2a3


armabi-v7a: 77MB
https://RSlinks.net/y96ocg3n
https://RSlinks.net/y96ocg3n

If you don't no what download, kindly go with the first option. it's usually the default.


**MicroG Required' Download
** SnapTube' Download



☀️Join @LizaModsOfficial For More..",False,False,False,False,True,False,False,True,False,False,1742120797,,,,,,,6.228620431347268e+18,,5365.0,29.0,"{'_': 'MessageReplies', 'replies': 1, 'replies_pts': 75045, 'comments': True, 'recent_repliers': [{'_': 'PeerUser', 'user_id': 609517172}], 'channel_id': 1577766302, 'max_id': 56971, 'read_max_id': None}",2024-02-21T19:50:00+00:00,Liza,,"{'_': 'MessageReactions', 'results': [{'_': 'ReactionCount', 'reaction': {'_': 'ReactionEmoji', 'emoticon': '👍'}, 'count': 9, 'chosen_order': None}, {'_': 'ReactionCount', 'reaction': {'_': 'ReactionEmoji', 'emoticon': '😎'}, 'count': 4, 'chosen_order': None}, {'_': 'ReactionCount', 'reaction': {'_': 'ReactionEmoji', 'emoticon': '❤'}, 'count': 1, 'chosen_order': None}, {'_': 'ReactionCount', 'reaction': {'_': 'ReactionEmoji', 'emoticon': '🔥'}, 'count': 1, 'chosen_order': None}, {'_': 'ReactionCount', 'reaction': {'_': 'ReactionEmoji', 'emoticon': '🥰'}, 'count': 1, 'chosen_order': None}], 'min': False, 'can_see_list': False, 'reactions_as_tags': False, 'recent_reactions': []}",[],
lizamodsofficial,https://t.me/lizamodsofficial,1196,2024-02-22 07:34:38,"Adobe Photoshop Express v12.6.298 [Premium] [Latest]


𒆜 Mod Features:
● Premium Unlocked 
● Pro/Paid Features Unlocked
● Cleaned & Optimised
● Removed Debug Codes
● Login with email [Recommended]
● Fb login fixed [<DATE_TIME> not works in some devices]
● CPU Arch arm64-v8a Only


Download Links
https://RSlinks.net/cwzaj2sy
https://RSlinks.net/cwzaj2sy



☀️Join @LizaModsOfficial For More..",False,False,False,False,True,False,False,True,False,False,1742120797,,,,,,,6.129790618231223e+18,,5917.0,6.0,"{'_': 'MessageReplies', 'replies': 1, 'replies_pts': 75045, 'comments': True, 'recent_repliers': [{'_': 'PeerUser', 'user_id': 609517172}], 'channel_id': 1577766302, 'max_id': 56975, 'read_max_id': None}",2024-02-22T08:30:54+00:00,Liza,,"{'_': 'MessageReactions', 'results': [{'_': 'ReactionCount', 'reaction': {'_': 'ReactionEmoji', 'emoticon': '👍'}, 'count': 1, 'chosen_order': None}, {'_': 'ReactionCount', 'reaction': {'_': 'ReactionEmoji', 'emoticon': '🔥'}, 'count': 1, 'chosen_order': None}], 'min': False, 'can_see_list': False, 'reactions_as_tags': False, 'recent_reactions': []}",[],
lizamodsofficial,https://t.me/lizamodsofficial,1197,2024-02-22 07:36:22,"Graphing Scientific Calculator v6.9.0.162 [PREMIUM] [LATEST]


𒆜 Mod Features:
● Premium Features Unlocked
● Premium Unlocked
● Removed <NRP> info
● CPU Arch armv8a


Download Links [25.5 MB]
https://RSlinks.net/9uhjzxqk
https://RSlinks.net/9uhjzxqk



☀️Join @LizaModsOfficial For More..",False,False,False,False,True,False,False,True,False,False,1742120797,,,,,,,6.248890881688059e+18,,6283.0,3.0,"{'_': 'MessageReplies', 'replies': 1, 'replies_pts': 75045, 'comments': True, 'recent_repliers': [{'_': 'PeerUser', 'user_id': 609517172}], 'channel_id': 1577766302, 'max_id': 56977, 'read_max_id': None}",2024-02-22T08:30:29+00:00,Liza,,"{'_': 'MessageReactions', 'results': [{'_': 'ReactionCount', 'reaction': {'_': 'ReactionEmoji', 'emoticon': '👍'}, 'count': 5, 'chosen_order': None}, {'_': 'ReactionCount', 'reaction': {'_': 'ReactionEmoji', 'emoticon': '🔥'}, 'count': 3, 'chosen_order': None}, {'_': 'ReactionCount', 'reaction': {'_': 'ReactionEmoji', 'emoticon': '❤'}, 'count': 1, 'chosen_order': None}], 'min': False, 'can_see_list': False, 'reactions_as_tags': False, 'recent_reactions': []}",[],
lizamodsofficial,https://t.me/lizamodsofficial,1198,2024-02-24 06:50:15,"AOA: Always on Display v9.5.9 [PREMIUM] [LATEST]


𒆜 Mod Features:
● Premium Features Unlocked
● Premium Unlocked
● Removed <NRP> info
● CPU Arch armv7a & armv8a


Download Links [19 MB]
https://RSlinks.net/ymkgr3n6
https://RSlinks.net/ymkgr3n6



<PERSON> @LizaModsOfficial For More..",False,False,False,False,True,False,False,True,False,False,1742120797,,,,,,,6.253493334282714e+18,,4966.0,7.0,"{'_': 'MessageReplies', 'replies': 1, 'replies_pts': 75045, 'comments': True, 'recent_repliers': [{'_': 'PeerUser', 'user_id': 609517172}], 'channel_id': 1577766302, 'max_id': 56980, 'read_max_id': None}",2024-02-24T07:03:30+00:00,Liza,,"{'_': 'MessageReactions', 'results': [{'_': 'ReactionCount', 'reaction': {'_': 'ReactionEmoji', 'emoticon': '👍'}, 'count': 5, 'chosen_order': None}], 'min': False, 'can_see_list': False, 'reactions_as_tags': False, 'recent_reactions': []}",[],
lizamodsofficial,https://t.me/lizamodsofficial,1199,2024-02-24 06:50:15,"<PERSON>: Always on: Edge Music Lighting v1.9.3.0 [PREMIUM] [LATEST]


𒆜 Mod Features:
● Premium Features Unlocked
● Premium Unlocked
● Removed <NRP> info
● CPU Arch armv7a & armv8a


Download Links [25 MB]
https://RSlinks.net/3tyvo1xk
https://RSlinks.net/3tyvo1xk


<PERSON> @LizaModsOfficial For More..",False,False,False,False,True,False,False,True,False,False,1742120797,,,,,,,6.253493334282714e+18,,5137.0,7.0,,2024-02-24T12:30:17+00:00,Liza,,"{'_': 'MessageReactions', 'results': [{'_': 'ReactionCount', 'reaction': {'_': 'ReactionEmoji', 'emoticon': '👍'}, 'count': 7, 'chosen_order': None}, {'_': 'ReactionCount', 'reaction': {'_': 'ReactionEmoji', 'emoticon': '🤯'}, 'count': 1, 'chosen_order': None}], 'min': False, 'can_see_list': False, 'reactions_as_tags': False, 'recent_reactions': []}",[],
