Channel ID,URL,Post ID,date,message,out,mentioned,media_unread,silent,post,from_scheduled,legacy,edit_hide,pinned,noforwards,peer_channel,from_id_user,fwd_from,via_bot_id,reply_to_msg_id,reply_to_scheduled,forum_topic,media_photo_id,reply_markup,views,forwards,replies,edit_date,post_author,grouped_id,reactions,restriction_reason,ttl_period
mobile_phone_location_track,https://t.me/mobile_phone_location_track,5609,2024-02-16 18:02:01,"📮 Blu M0vies ( i8+) (Ad-Free)

🔶 Version - v4.0
♻️ Blu Movies is an AI Bot mobile application with one mission to search the Internet for ADULT movies and index them along with their streaming servers for you to watch and download if possible Features and Mod : ● Premium Features Unlocked. ● Ad removed.

➖➖➖➖➖➖➖➖➖➖➖
⭕️Link: 𝐂𝐥𝐢𝐜𝐤 𝐡𝐞𝐫𝐞 𝐭𝐨 <PERSON>
➖🤔How To Open Link ✅➖

❤️ OTT Post Join  Chennal  👇
🔗@CRACKED_PRO_APPS_PRIVATE",False,False,False,True,True,False,False,True,False,False,1189759015,,"{'_': 'MessageFwdHeader', 'date': '2024-02-07T09:50:24+00:00', 'imported': False, 'saved_out': False, 'from_id': {'_': 'PeerChannel', 'channel_id': 1926371740}, 'from_name': None, 'channel_post': 507, 'post_author': None, 'saved_from_peer': None, 'saved_from_msg_id': None, 'saved_from_id': None, 'saved_from_name': None, 'saved_date': None, 'psa_type': None}",,,,,6.073190632966438e+18,,1080,4,,2024-02-16T18:03:31+00:00,,,"{'_': 'MessageReactions', 'results': [{'_': 'ReactionCount', 'reaction': {'_': 'ReactionEmoji', 'emoticon': '👍'}, 'count': 2, 'chosen_order': None}], 'min': False, 'can_see_list': False, 'reactions_as_tags': False, 'recent_reactions': []}",[],1209600
mobile_phone_location_track,https://t.me/mobile_phone_location_track,5610,2024-02-17 02:01:21,"📮 PipePipe (NewPipe fork) v3.2.1

🔶 Android: 5.0 and up  #update 🔔
♻️ Features & Mod Info ◉ Best alternative to YouTube Premium 
◉ Watch videos at resolutions up to 4K
◉ Download Video in multiple resolutions
◉ Download any video as an MP3 file
◉ Popup mode (floating player)
◉ Listen to audio in the background
◉ Show/hide subtitles/closed captions
◉ Multi Languages & CPUs: Universal

➖➖➖➖➖➖➖➖➖➖➖
⭕️Link: 𝐂𝐥𝐢𝐜𝐤 𝐡𝐞𝐫𝐞 𝐭𝐨 𝐃𝐨𝐰𝐧𝐥𝐨𝐚𝐝
➖➖➖➖➖➖➖➖➖➖➖
➖🤔How To Open Link ✅➖

❤️ OTT Post Join  Chennal  👇
🔗@CRACKED_PRO_APPS_PRIVATE",False,False,False,True,True,False,False,True,False,False,1189759015,,,,,,,6.233454421333884e+18,,1188,0,,2024-02-17T13:38:43+00:00,,,"{'_': 'MessageReactions', 'results': [{'_': 'ReactionCount', 'reaction': {'_': 'ReactionEmoji', 'emoticon': '❤'}, 'count': 1, 'chosen_order': None}], 'min': False, 'can_see_list': False, 'reactions_as_tags': False, 'recent_reactions': []}",[],1209600
mobile_phone_location_track,https://t.me/mobile_phone_location_track,5611,2024-02-17 03:32:01,"📮 MASTER H@CK PACK #Updated 

♻️ MOD Features & Information:
✅PUBG CARD!NG
✅AMAZON CARD!NG
✅ALI EXPRESS CAR!NG
✅AND MANY MOREE✔️
☄️ 𝘄𝗼𝗿𝗸𝗶𝗻𝗴 𝟭𝟬𝟬%
▪️𝗪𝗼𝗿𝗸 𝘄𝗶𝘁𝗵𝗼𝘂𝘁 𝗮𝗻𝘆 𝗽𝗿𝗼𝗯𝗹𝗲𝗺 
▪️𝗙𝘂𝗹𝗹𝘆 <PERSON> 
▪️𝗗𝗿𝗼𝗽𝗽𝗶𝗻𝗴 𝗜𝗻 𝗦𝗼𝗺𝗲𝗱𝗮𝘆𝘀 ❤️

➖➖➖➖➖➖➖➖➖➖➖
⭕️Link: 𝐂𝐥𝐢𝐜𝐤 𝐡𝐞𝐫𝐞 𝐭𝐨 <PERSON>
➖🤔How To Open Link ✅➖

❤️ OTT Post Join  Chennal  👇
🔗@CRACKED_PRO_APPS_PRIVATE",False,False,False,True,True,False,False,True,False,False,1189759015,,,,,,,5.075822896676449e+18,,1156,15,,2024-02-23T14:19:29+00:00,,,"{'_': 'MessageReactions', 'results': [{'_': 'ReactionCount', 'reaction': {'_': 'ReactionEmoji', 'emoticon': '❤'}, 'count': 1, 'chosen_order': None}], 'min': False, 'can_see_list': False, 'reactions_as_tags': False, 'recent_reactions': []}",[],1209600
mobile_phone_location_track,https://t.me/mobile_phone_location_track,5612,2024-02-17 05:02:01,"📮 Game H@ck Krne wala App | How To Hack Any Game 🎮

♻️ Full Tution In Hindi Language

✅ Password 🔑 4321

➖➖➖➖➖➖➖➖➖➖➖
⭕️Link: 𝐂𝐥𝐢𝐜𝐤 𝐡𝐞𝐫𝐞 𝐭𝐨 𝐃𝐨𝐰𝐧𝐥𝐨𝐚𝐝    
➖➖➖➖➖➖➖➖➖➖➖
➖🤔How To Open Link ✅➖

❤️ OTT Post Join  Chennal  👇
🔗@CRACKED_PRO_APPS_PRIVATE",False,False,False,True,True,False,False,True,False,False,1189759015,,,,,,,6.122791440741415e+18,,1128,6,,2024-02-17T06:01:22+00:00,,,"{'_': 'MessageReactions', 'results': [{'_': 'ReactionCount', 'reaction': {'_': 'ReactionEmoji', 'emoticon': '😢'}, 'count': 1, 'chosen_order': None}], 'min': False, 'can_see_list': False, 'reactions_as_tags': False, 'recent_reactions': []}",[],1209600
mobile_phone_location_track,https://t.me/mobile_phone_location_track,5613,2024-02-17 06:31:00,"📮 13 Best Tools to Create YouTube Videos from Start to Finish in 2023💯

 ♻️ Discover the top 13+ AI tools stack for creating YouTube videos for beginners that covers everything from keyword research, script writing, adding voiceover to video editing and thumbnail creation. Ideal for both faceless and non-faceless channels.

➖➖➖➖➖➖➖➖➖➖➖
⭕️Link: 𝐂𝐥𝐢𝐜𝐤 𝐡𝐞𝐫𝐞 𝐭𝐨 𝐃𝐨𝐰𝐧𝐥𝐨𝐚𝐝    
➖➖➖➖➖➖➖➖➖➖➖
➖🤔How To Open Link ✅➖

❤️ OTT Post Join  Chennal  👇
🔗@CRACKED_PRO_APPS_PRIVATE",False,False,False,True,True,False,False,True,False,False,1189759015,,,,,,,6.111723623552236e+18,,1149,8,,2024-02-17T12:15:42+00:00,,,"{'_': 'MessageReactions', 'results': [{'_': 'ReactionCount', 'reaction': {'_': 'ReactionEmoji', 'emoticon': '👍'}, 'count': 2, 'chosen_order': None}, {'_': 'ReactionCount', 'reaction': {'_': 'ReactionEmoji', 'emoticon': '❤'}, 'count': 1, 'chosen_order': None}], 'min': False, 'can_see_list': False, 'reactions_as_tags': False, 'recent_reactions': []}",[],1209600
mobile_phone_location_track,https://t.me/mobile_phone_location_track,5614,2024-02-17 08:01:56,"📮 NO WIFI? H@CK YOUR NEIGHBORS WIFI WITH ONLY YOUR PHONE

♻️ Sharing our Post will help us much <PERSON> for your Support us 💙

➖➖➖➖➖➖➖➖➖➖➖
⭕️Link: 𝐂𝐥𝐢𝐜𝐤 𝐡𝐞𝐫𝐞 𝐭𝐨 𝐃𝐨𝐰𝐧𝐥𝐨𝐚𝐝    
➖➖➖➖➖➖➖➖➖➖➖
➖🤔How To Open Link ✅➖

❤️ OTT Post Join  Chennal  👇
🔗@CRACKED_PRO_APPS_PRIVATE",False,False,False,True,True,False,False,True,False,False,1189759015,,,,,,,6.235265377114372e+18,,1139,14,,2024-02-17T13:39:18+00:00,,,"{'_': 'MessageReactions', 'results': [{'_': 'ReactionCount', 'reaction': {'_': 'ReactionEmoji', 'emoticon': '❤'}, 'count': 2, 'chosen_order': None}], 'min': False, 'can_see_list': False, 'reactions_as_tags': False, 'recent_reactions': []}",[],1209600
mobile_phone_location_track,https://t.me/mobile_phone_location_track,5615,2024-02-17 09:31:01,"📮 Unchaste - Ch1

♻️ Mod information <PERSON> game - The story revolves around a woman who's name is <PERSON>. She is in a bit of a financial pickle because her husband recently lost his job. She has a friend named <PERSON>, who she meets at a quiet cafe to discuss some job opportunities. <PERSON> has never fully understood what <PERSON> does for a living, but she's well aware that her friend from college makes a ton of money. Against her better judgment, <PERSON> agrees to work with <PERSON>, even though she has no idea what she's getting herself into. Note only for 18 💦🔞💦

➖➖➖➖➖➖➖➖➖➖➖
⭕️Link: 𝐂𝐥𝐢𝐜𝐤 𝐡𝐞𝐫𝐞 𝐭𝐨 <PERSON>
➖🤔How To Open Link ✅➖

❤️ OTT Post Join  Chennal  👇
🔗@CRACKED_PRO_APPS_PRIVATE",False,False,False,True,True,False,False,True,False,False,1189759015,,"{'_': 'MessageFwdHeader', 'date': '2024-02-17T07:02:14+00:00', 'imported': False, 'saved_out': False, 'from_id': {'_': 'PeerChannel', 'channel_id': 1926371740}, 'from_name': None, 'channel_post': 586, 'post_author': None, 'saved_from_peer': None, 'saved_from_msg_id': None, 'saved_from_id': None, 'saved_from_name': None, 'saved_date': None, 'psa_type': None}",,,,,6.224370801726045e+18,,1032,2,,2024-02-22T05:44:03+00:00,,,"{'_': 'MessageReactions', 'results': [{'_': 'ReactionCount', 'reaction': {'_': 'ReactionEmoji', 'emoticon': '👍'}, 'count': 1, 'chosen_order': None}], 'min': False, 'can_see_list': False, 'reactions_as_tags': False, 'recent_reactions': []}",[],1209600
mobile_phone_location_track,https://t.me/mobile_phone_location_track,5616,2024-02-17 11:01:38,"📮 Telegram v10.8.1 [Premium]

🔶 Android: 6.0 and up  #update 
♻️ Mod Info ★ Only these Premium features work, others are server side:
✓ :  No Ads
✓ :  Premium app icons
✓ :  10 Pinned chats
✓ :  10 favorite stickers
✓ :  20 folders
✓ :  200 chats per folder
✓ :  Advanced chat management
◉ Multi Languages & CPUs: Universal

➖➖➖➖➖➖➖➖➖➖➖
⭕️Link: 𝐂𝐥𝐢𝐜𝐤 𝐡𝐞𝐫𝐞 𝐭𝐨 <PERSON>
➖🤔How To Open Link ✅➖

❤️ OTT Post Join  Chennal  👇
🔗@CRACKED_PRO_APPS_PRIVATE",False,False,False,True,True,False,False,True,False,False,1189759015,,"{'_': 'MessageFwdHeader', 'date': '2024-02-17T08:13:40+00:00', 'imported': False, 'saved_out': False, 'from_id': {'_': 'PeerChannel', 'channel_id': 1926371740}, 'from_name': None, 'channel_post': 587, 'post_author': None, 'saved_from_peer': None, 'saved_from_msg_id': None, 'saved_from_id': None, 'saved_from_name': None, 'saved_date': None, 'psa_type': None}",,,,,5.924817242514636e+18,,1003,4,,2024-02-17T11:37:36+00:00,,,"{'_': 'MessageReactions', 'results': [{'_': 'ReactionCount', 'reaction': {'_': 'ReactionEmoji', 'emoticon': '🤣'}, 'count': 2, 'chosen_order': None}, {'_': 'ReactionCount', 'reaction': {'_': 'ReactionEmoji', 'emoticon': '👍'}, 'count': 1, 'chosen_order': None}], 'min': False, 'can_see_list': False, 'reactions_as_tags': False, 'recent_reactions': []}",[],1209600
mobile_phone_location_track,https://t.me/mobile_phone_location_track,5617,2024-02-17 12:31:33,"📮 HOW TO TRACK ANYONE LOCATION USING IP ADDRESS AND SOME DETAILS USING PHONE NUMBER 💀

♻️ COMMAND - ➡️ apt update && apt upgrade 

➡️pkg install git

➡️ pkg install python3

➡️ git clone https://github.com/HunxByts/GhostTrack.git
➡<NRP> cd GhostTrack
➡️ <NRP> install -r requirements.txt

➡️ python3 GhostTR.py

JUST COPY THESE COMMAND IN TERMUX 🤪

➖➖➖➖➖➖➖➖➖➖➖
⭕️Link: 𝐃𝐨𝐰𝐧𝐥𝐨𝐚𝐝 Tutorial Video 
➖➖➖➖➖➖➖➖➖➖➖
➖🤔How To Open Link ✅➖

❤️ OTT Post Join  Chennal  👇
🔗@CRACKED_PRO_APPS_PRIVATE",False,False,False,True,True,False,False,True,False,False,1189759015,,,,,,,6.235265377114372e+18,,1206,18,,2024-02-17T13:39:49+00:00,,,"{'_': 'MessageReactions', 'results': [{'_': 'ReactionCount', 'reaction': {'_': 'ReactionEmoji', 'emoticon': '❤'}, 'count': 2, 'chosen_order': None}, {'_': 'ReactionCount', 'reaction': {'_': 'ReactionEmoji', 'emoticon': '👍'}, 'count': 1, 'chosen_order': None}], 'min': False, 'can_see_list': False, 'reactions_as_tags': False, 'recent_reactions': []}",[],1209600
mobile_phone_location_track,https://t.me/mobile_phone_location_track,5618,2024-02-17 14:02:01,"📮 LoginCrack: Bypass Logins 

♻️ Looking to bypass logins Check out LoginCrack! It's a tool designed to help you with that.

➖➖➖➖➖➖➖➖➖➖➖
⭕️Link: 𝐂𝐥𝐢𝐜𝐤 𝐡𝐞𝐫𝐞 𝐭𝐨 𝐃𝐨𝐰𝐧𝐥𝐨𝐚𝐝    
➖➖➖➖➖➖➖➖➖➖➖
➖🤔How To Open Link ✅➖

❤️ OTT Post Join  Chennal  👇
🔗@CRACKED_PRO_APPS_PRIVATE",False,False,False,True,True,False,False,False,False,False,1189759015,,,,,,,6.23082380969966e+18,,1199,7,,,,,,[],1209600
mobile_phone_location_track,https://t.me/mobile_phone_location_track,5619,2024-02-17 15:32:01,"📮 Meesho Refund Trick Without RETURN PRODUCT⚠️

♻️ Meesho Refund Trick Order PRODUCT And Without Return You Get Refund😍😮

➖➖➖➖➖➖➖➖➖➖➖
⭕️Link: 𝐂𝐥𝐢𝐜𝐤 𝐡𝐞𝐫𝐞 𝐭𝐨 <PERSON>
➖🤔How To Open Link ✅➖

❤️ OTT Post Join  Chennal  👇
🔗@CRACKED_PRO_APPS_PRIVATE",False,False,False,True,True,False,False,True,False,False,1189759015,,,,,,,6.235265377114372e+18,,1228,8,,2024-02-17T15:32:37+00:00,,,"{'_': 'MessageReactions', 'results': [{'_': 'ReactionCount', 'reaction': {'_': 'ReactionEmoji', 'emoticon': '👍'}, 'count': 2, 'chosen_order': None}], 'min': False, 'can_see_list': False, 'reactions_as_tags': False, 'recent_reactions': []}",[],1209600
mobile_phone_location_track,https://t.me/mobile_phone_location_track,5620,2024-02-17 17:00:51,"📮 WHATSAPP SP¥ APK MOD ☄️

♻️yCHANGELOG:  ✅ Removed idle resources. ⚠️
✅ Changes in the anti-ban. ‼️
✅ Can Hack Up To 5 Whatsapps Simultaneously. ✔️
✅ Other fixes and improvements. ⚡️

➖➖➖➖➖➖➖➖➖➖➖
⭕️Link: 𝐂𝐥𝐢𝐜𝐤 𝐡𝐞𝐫𝐞 𝐭𝐨 𝐃𝐨𝐰𝐧𝐥𝐨𝐚𝐝
➖➖➖➖➖➖➖➖➖➖➖
➖🤔How To Open Link ✅➖

❤️ OTT Post Join  Chennal  👇
🔗@CRACKED_PRO_APPS_PRIVATE",False,False,False,True,True,False,False,False,False,False,1189759015,,"{'_': 'MessageFwdHeader', 'date': '2024-02-11T03:32:11+00:00', 'imported': False, 'saved_out': False, 'from_id': {'_': 'PeerChannel', 'channel_id': 1926371740}, 'from_name': None, 'channel_post': 541, 'post_author': None, 'saved_from_peer': None, 'saved_from_msg_id': None, 'saved_from_id': None, 'saved_from_name': None, 'saved_date': None, 'psa_type': None}",,,,,6.215337166947597e+18,,1006,5,,,,,,[],1209600
mobile_phone_location_track,https://t.me/mobile_phone_location_track,5621,2024-02-17 18:02:01,"📮 HOW TO CREATE FAKE WHATSAPP ACCOUNT 💸

♻️ More info In this post I will tell you how to make WhatsApp account without any problem.

✨ Tutorial + APK Zip Inside

➖➖➖➖➖➖➖➖➖➖➖
⭕️Link: 𝐂𝐥𝐢𝐜𝐤 𝐡𝐞𝐫𝐞 𝐭𝐨 <PERSON>
➖🤔How To Open Link ✅➖

❤️ OTT Post Join  Chennal  👇
🔗@CRACKED_PRO_APPS_PRIVATE",False,False,False,True,True,False,False,True,False,False,1189759015,,,,,,,6.273600691830372e+18,,1197,8,,2024-02-17T18:27:55+00:00,,,"{'_': 'MessageReactions', 'results': [{'_': 'ReactionCount', 'reaction': {'_': 'ReactionEmoji', 'emoticon': '👍'}, 'count': 2, 'chosen_order': None}], 'min': False, 'can_see_list': False, 'reactions_as_tags': False, 'recent_reactions': []}",[],1209600
mobile_phone_location_track,https://t.me/mobile_phone_location_track,5622,2024-02-18 02:01:01,"<PERSON>: AI Photo Editor v1.6.5 (Pro) (Remini alternative)

🔶 Android: 5.0 and up  #update 🔔 
♻️ Features & Mod Info ◉ Unblur photo, and bring clarity
◉ Remove unwanted objects 
◉ Remove background automatically
◉ Pro / Paid Features Unlocked
◉ Multi Languages & CPUs: Arm32/64
⚠️ AI Art / AI Instant Background will not work as it's server-sided

➖➖➖➖➖➖➖➖➖➖➖
⭕️Link: 𝐂𝐥𝐢𝐜𝐤 𝐡𝐞𝐫𝐞 𝐭𝐨 <PERSON>
➖🤔How To Open Link ✅➖

❤️ OTT Post Join  Chennal  👇
🔗@CRACKED_PRO_APPS_PRIVATE",False,False,False,True,True,False,False,True,False,False,1189759015,,,,,,,5.98534644425043e+18,,1180,3,,2024-02-18T02:46:43+00:00,,,"{'_': 'MessageReactions', 'results': [{'_': 'ReactionCount', 'reaction': {'_': 'ReactionEmoji', 'emoticon': '❤'}, 'count': 1, 'chosen_order': None}], 'min': False, 'can_see_list': False, 'reactions_as_tags': False, 'recent_reactions': []}",[],1209600
mobile_phone_location_track,https://t.me/mobile_phone_location_track,5623,2024-02-18 03:32:01,"📮 Remove Telegram Limitation Tutorial 2024 😌

♻️ About Info :- 
● Remove Limitation 
● Latest Tutorial 2024

Here's The Steps To Do

➖➖➖➖➖➖➖➖➖➖➖
⭕️Link: 𝐂𝐥𝐢𝐜𝐤 𝐡𝐞𝐫𝐞 𝐭𝐨 <PERSON>
➖🤔How To Open Link ✅➖

❤️ OTT Post Join  Chennal  👇
🔗@CRACKED_PRO_APPS_PRIVATE",False,False,False,True,True,False,False,False,False,False,1189759015,,,,,,,6.235265377114372e+18,,1167,6,,,,,,[],1209600
mobile_phone_location_track,https://t.me/mobile_phone_location_track,5624,2024-02-18 05:03:01,"📮 𝘐𝘯𝘴𝘵𝘢𝘨𝘳𝘢𝘮 <PERSON><PERSON>💣
⎆<PERSON>💀
⎆<PERSON>⚡
⎆<PERSON>👌🏻

➖➖➖➖➖➖➖➖➖➖➖
⭕️Link: 𝐂𝐥𝐢𝐜𝐤 𝐡𝐞𝐫𝐞 𝐭𝐨 <PERSON>
➖🤔How To Open Link ✅➖

❤️ OTT Post Join  Chennal  👇
🔗@CRACKED_PRO_APPS_PRIVATE",False,False,False,True,True,False,False,True,False,False,1189759015,,,,,,,6.233402331970518e+18,,1121,9,,2024-02-18T11:05:51+00:00,,,"{'_': 'MessageReactions', 'results': [], 'min': False, 'can_see_list': False, 'reactions_as_tags': False, 'recent_reactions': []}",[],1209600
mobile_phone_location_track,https://t.me/mobile_phone_location_track,5625,2024-02-18 06:31:30,"📮 How To Crack Premium Account On Android 😀

♻️ Stuffs Required ❓
Termux ✅
Good Internet Connection ✅
Android Phone ✅
Patientce✅
Let's Start 🤩

➖➖➖➖➖➖➖➖➖➖➖
⭕️Link: 𝐂𝐥𝐢𝐜𝐤 𝐡𝐞𝐫𝐞 𝐭𝐨 <PERSON>
➖🤔How To Open Link ✅➖

❤️ OTT Post Join  Chennal  👇
🔗@CRACKED_PRO_APPS_PRIVATE",False,False,False,True,True,False,False,True,False,False,1189759015,,,,,,,6.237517176928057e+18,,1126,12,,2024-02-18T06:40:29+00:00,,,"{'_': 'MessageReactions', 'results': [{'_': 'ReactionCount', 'reaction': {'_': 'ReactionEmoji', 'emoticon': '👍'}, 'count': 1, 'chosen_order': None}], 'min': False, 'can_see_list': False, 'reactions_as_tags': False, 'recent_reactions': []}",[],1209600
mobile_phone_location_track,https://t.me/mobile_phone_location_track,5626,2024-02-18 08:03:01,"​​📮 Complete Course of Android 

♻️ ▫️ Droidjack
▫️ Spynote
▫️ <PERSON>
▫️ The Fatrat
▫️ HoverWatch
▫️ Hack Whatsapp Without Access
▫️ Hack Android Without Router
▫️ Trace Location Of Android Phone
▫️ Port Forwarding With Routers
▫️ RAT Tools For Windows

➖➖➖➖➖➖➖➖➖➖➖
⭕️Link: 𝐂𝐥𝐢𝐜𝐤 𝐡𝐞𝐫𝐞 𝐭𝐨 <PERSON>
➖🤔How To Open Link ✅➖

❤️ OTT Post Join  Chennal  👇
🔗@CRACKED_PRO_APPS_PRIVATE",False,False,False,True,True,False,False,True,False,False,1189759015,,"{'_': 'MessageFwdHeader', 'date': '2024-02-18T04:07:13+00:00', 'imported': False, 'saved_out': False, 'from_id': {'_': 'PeerChannel', 'channel_id': 1926371740}, 'from_name': None, 'channel_post': 590, 'post_author': None, 'saved_from_peer': None, 'saved_from_msg_id': None, 'saved_from_id': None, 'saved_from_name': None, 'saved_date': None, 'psa_type': None}",,,,,,,995,5,,2024-02-18T08:24:39+00:00,,,"{'_': 'MessageReactions', 'results': [{'_': 'ReactionCount', 'reaction': {'_': 'ReactionEmoji', 'emoticon': '👍'}, 'count': 4, 'chosen_order': None}], 'min': False, 'can_see_list': False, 'reactions_as_tags': False, 'recent_reactions': []}",[],1209600
mobile_phone_location_track,https://t.me/mobile_phone_location_track,5627,2024-02-18 09:33:01,"📮 Unknown Faceless Channels Making $10k/month | Discover their Secrets (With Proof)

♻️ Discover the hidden secrets of Search Based Channels and learn how to make over $10,000 per month on YouTube from Ad revenue alone! <PERSON>
⭕️Link: 𝐂𝐥𝐢𝐜𝐤 𝐡𝐞𝐫𝐞 𝐭𝐨 <PERSON>
➖🤔How To Open Link ✅➖

❤️ OTT Post Join  Chennal  👇
🔗@CRACKED_PRO_APPS_PRIVATE",False,False,False,True,True,False,False,True,False,False,1189759015,,,,,,,6.237517176928057e+18,,1153,11,,2024-02-21T16:17:04+00:00,,,"{'_': 'MessageReactions', 'results': [{'_': 'ReactionCount', 'reaction': {'_': 'ReactionEmoji', 'emoticon': '👍'}, 'count': 1, 'chosen_order': None}], 'min': False, 'can_see_list': False, 'reactions_as_tags': False, 'recent_reactions': []}",[],1209600
mobile_phone_location_track,https://t.me/mobile_phone_location_track,5628,2024-02-18 11:01:01,"📮 Wynk Music v3.53.3.2 - MOD APK

♻️ AMOLED BLACK 
• ADFREE.
• SUPPOOT HD DOWNLOADS.
• OFFLINE PLAYABLE

➖➖➖➖➖➖➖➖➖➖➖
⭕️Link: 𝐂𝐥𝐢𝐜𝐤 𝐡𝐞𝐫𝐞 𝐭𝐨 <PERSON>
➖🤔How To Open Link ✅➖

❤️ OTT Post Join  Chennal  👇
🔗@CRACKED_PRO_APPS_PRIVATE",False,False,False,True,True,False,False,True,False,False,1189759015,,,,,,,6.237517176928057e+18,,1163,1,,2024-02-19T11:12:21+00:00,,,"{'_': 'MessageReactions', 'results': [{'_': 'ReactionCount', 'reaction': {'_': 'ReactionEmoji', 'emoticon': '👍'}, 'count': 1, 'chosen_order': None}], 'min': False, 'can_see_list': False, 'reactions_as_tags': False, 'recent_reactions': []}",[],1209600
mobile_phone_location_track,https://t.me/mobile_phone_location_track,5629,2024-02-18 12:16:42,"📮 UNLIMITED INTERNET TRICK FOR JIO/AIRTEL/BSNL 2024 New Method Latest 🚫

♻️ High Speed, Work Without Any Active Plan
❤ Work After Daily Data Limit
❤ This app is also available for international users.

🟥Recharge Your Girlfriend/Boyfriend's Phone And Make Them Happy❤️

➖➖➖➖➖➖➖➖➖➖➖
⭕️Link: 𝐂𝐥𝐢𝐜𝐤 𝐡𝐞𝐫𝐞 𝐭𝐨 <PERSON>
➖🤔How To Open Link ✅➖

❤️ OTT Post Join  Chennal  👇
🔗@CRACKED_PRO_APPS_PRIVATE",False,False,False,True,True,False,False,True,False,False,1189759015,,,,,,,6.107063249028625e+18,,1209,17,,2024-02-18T13:39:55+00:00,,,"{'_': 'MessageReactions', 'results': [{'_': 'ReactionCount', 'reaction': {'_': 'ReactionEmoji', 'emoticon': '👍'}, 'count': 2, 'chosen_order': None}], 'min': False, 'can_see_list': False, 'reactions_as_tags': False, 'recent_reactions': []}",[],1209600
mobile_phone_location_track,https://t.me/mobile_phone_location_track,5630,2024-02-18 14:40:00,"​​​​​​​​​​​​​​​​​​​​ ​​​​​​​​<PERSON> MOD (Real VIP/Premium)

♻️ Mod Info: #Latest_Update
Pro / Paid features unlocked
Login required
All Type Ads Removed 
DOWNLOAD Song Not Working 

➖➖➖➖➖➖➖➖➖➖➖
⭕️Link: 𝐂𝐥𝐢𝐜𝐤 𝐡𝐞𝐫𝐞 𝐭𝐨 <PERSON>
➖🤔How To Open Link ✅➖

❤️ OTT Post Join  Chennal  👇
🔗@CRACKED_PRO_APPS_PRIVATE",False,False,False,True,True,False,False,False,False,False,1189759015,,,,,,,6.235265377114372e+18,,1161,6,,,,,,[],1209600
mobile_phone_location_track,https://t.me/mobile_phone_location_track,5631,2024-02-18 15:29:01,"📮  Dreamland [v0.2.7] [ i8+]  [Adult Game] [High Quality] 

♻️ About:- Welcome to Dreamland! A town which hosts the wildest college spring break activities filled with hot girls, parties and sex. However, if you look close enough, you’ll discover that Dreamland also hides a dark and horrifying mystery which haunts you and your friends…​

➖➖➖➖➖➖➖➖➖➖➖
⭕️Link: 𝐂𝐥𝐢𝐜𝐤 𝐡𝐞𝐫𝐞 𝐭𝐨 <PERSON>
➖🤔How To Open Link ✅➖

❤️ OTT Post Join  Chennal  👇
🔗@CRACKED_PRO_APPS_PRIVATE",False,False,False,True,True,False,False,False,False,False,1189759015,,"{'_': 'MessageFwdHeader', 'date': '2024-02-18T06:34:20+00:00', 'imported': False, 'saved_out': False, 'from_id': {'_': 'PeerChannel', 'channel_id': 1926371740}, 'from_name': None, 'channel_post': 591, 'post_author': None, 'saved_from_peer': None, 'saved_from_msg_id': None, 'saved_from_id': None, 'saved_from_name': None, 'saved_date': None, 'psa_type': None}",,,,,,,963,3,,,,,,[],1209600
mobile_phone_location_track,https://t.me/mobile_phone_location_track,5632,2024-02-18 17:05:53,"📮 DramaWorld v4.0a MOD APK (Premium) Unlocked (15 MB)

♻<PERSON> 𝗮𝗻𝗱 𝗠𝗼𝗱 :~  ➥ Exclusive foreign, <NRP> and <NRP> films and series with a variety of viewing quality (more than 15 servers for viewing).
➥ You can watch episodes and movies in different qualities!
➥ Beautiful, distinctive and easy-to-use design.
➥ Various and powerful servers for viewing and downloading.
➥ A huge library of <NRP> and international films.

➖➖➖➖➖➖➖➖➖➖➖
⭕️Link: 𝐂𝐥𝐢𝐜𝐤 𝐡𝐞𝐫𝐞 𝐭𝐨 <PERSON>
➖🤔How To Open Link ✅➖

❤️ OTT Post Join  Chennal  👇
🔗@CRACKED_PRO_APPS_PRIVATE",False,False,False,True,True,False,False,True,False,False,1189759015,,,,,,,5.947255796641416e+18,,1142,1,,2024-02-18T17:06:52+00:00,,,"{'_': 'MessageReactions', 'results': [{'_': 'ReactionCount', 'reaction': {'_': 'ReactionEmoji', 'emoticon': '👍'}, 'count': 2, 'chosen_order': None}, {'_': 'ReactionCount', 'reaction': {'_': 'ReactionEmoji', 'emoticon': '❤'}, 'count': 1, 'chosen_order': None}], 'min': False, 'can_see_list': False, 'reactions_as_tags': False, 'recent_reactions': []}",[],1209600
mobile_phone_location_track,https://t.me/mobile_phone_location_track,5633,2024-02-18 18:00:43,"📮 XV!DE0S PRO APK + M0D [𝐏𝐫𝐞𝐦𝐢𝐮𝐦]

♻️ <PERSON> :~
➥ <PERSON>
➥ <PERSON> 𝐑𝐞𝐦𝐨𝐯𝐞𝐝.
➥ 𝐍𝐨 𝐍𝐞𝐞𝐝 𝐕𝐏𝐍 😁
➥ 𝐀𝐥𝐥 𝐃𝐞𝐯𝐢𝐜𝐞𝐬 𝐒𝐮𝐩𝐩𝐨𝐫𝐭𝐞𝐝.

➖➖➖➖➖➖➖➖➖➖➖
⭕️Link: 𝐂𝐥𝐢𝐜𝐤 𝐡𝐞𝐫𝐞 𝐭𝐨 <PERSON>
➖🤔How To Open Link ✅➖

❤️ OTT Post Join  Chennal  👇
🔗@CRACKED_PRO_APPS_PRIVATE",False,False,False,True,True,False,False,True,False,False,1189759015,,"{'_': 'MessageFwdHeader', 'date': '2024-02-03T17:30:45+00:00', 'imported': False, 'saved_out': False, 'from_id': {'_': 'PeerChannel', 'channel_id': 1926371740}, 'from_name': None, 'channel_post': 491, 'post_author': None, 'saved_from_peer': None, 'saved_from_msg_id': None, 'saved_from_id': None, 'saved_from_name': None, 'saved_date': None, 'psa_type': None}",,,,,6.194721615984573e+18,,945,0,,2024-02-19T01:47:46+00:00,,,"{'_': 'MessageReactions', 'results': [{'_': 'ReactionCount', 'reaction': {'_': 'ReactionEmoji', 'emoticon': '👍'}, 'count': 3, 'chosen_order': None}], 'min': False, 'can_see_list': False, 'reactions_as_tags': False, 'recent_reactions': []}",[],1209600
mobile_phone_location_track,https://t.me/mobile_phone_location_track,5634,2024-02-19 02:02:01,"📮 FREE Gift Cards Method - <DATE_TIME>

♻️ Amazon Gift Cards, Play Store Gift Cards, IOS Gift Cards, Steam Gift Cards, Ebay Gift Cards ✔️

✔️ Any Digital Products Available in G2A

✅ Video Tutorial -- English - Hindi-

➖➖➖➖➖➖➖➖➖➖➖
⭕️Link: 𝐂𝐥𝐢𝐜𝐤 𝐡𝐞𝐫𝐞 𝐭𝐨 <PERSON>
➖🤔How To Open Link ✅➖

❤️ OTT Post Join  Chennal  👇
🔗@CRACKED_PRO_APPS_PRIVATE",False,False,False,True,True,False,False,True,False,False,1189759015,,,,,,,6.199500183713201e+18,,1086,11,,2024-02-19T04:11:17+00:00,,,"{'_': 'MessageReactions', 'results': [{'_': 'ReactionCount', 'reaction': {'_': 'ReactionEmoji', 'emoticon': '👍'}, 'count': 2, 'chosen_order': None}, {'_': 'ReactionCount', 'reaction': {'_': 'ReactionEmoji', 'emoticon': '❤'}, 'count': 1, 'chosen_order': None}], 'min': False, 'can_see_list': False, 'reactions_as_tags': False, 'recent_reactions': []}",[],1209600
mobile_phone_location_track,https://t.me/mobile_phone_location_track,5635,2024-02-19 03:35:31,"📮 HOW TO H₹CK USERS ON THEIR SOCIAL MEDIAS

♻️ Get sensitive information of users on Telegram, Instagram, Facebook, etc without sending any link or any kind of phishing. 

 SpEye This is hacking tool/exploit which will help you in doxing.

🧠 Features
» Dox - Phone No., Name of a person, IP Address
» Uses Latest doxing website's api
🧪 Tested On Windows Only

➖➖➖➖➖➖➖➖➖➖➖
⭕️Link: 𝐂𝐥𝐢𝐜𝐤 𝐡𝐞𝐫𝐞 𝐭𝐨 <PERSON>
➖🤔How To Open Link ✅➖

❤️ OTT Post Join  Chennal  👇
🔗@CRACKED_PRO_APPS_PRIVATE",False,False,False,True,True,False,False,True,False,False,1189759015,,,,,,,6.32793069238994e+18,,1070,9,,2024-02-19T09:50:01+00:00,,,"{'_': 'MessageReactions', 'results': [{'_': 'ReactionCount', 'reaction': {'_': 'ReactionEmoji', 'emoticon': '👌'}, 'count': 2, 'chosen_order': None}], 'min': False, 'can_see_list': False, 'reactions_as_tags': False, 'recent_reactions': []}",[],1209600
mobile_phone_location_track,https://t.me/mobile_phone_location_track,5636,2024-02-19 05:01:01,"📮 Do you want this tool 

🔶 Then give 30 reaction ☑️
♻️ Very very useful for everyone 
git clone 
cd King-Hacking 
bash  King-Hacking.sh

➖➖➖➖➖➖➖➖➖➖➖
⭕️Link: 𝐂𝐥𝐢𝐜𝐤 𝐡𝐞𝐫𝐞 𝐭𝐨 <PERSON>
➖🤔How To Open Link ✅➖

❤️ OTT Post Join  Chennal  👇
🔗@CRACKED_PRO_APPS_PRIVATE",False,False,False,True,True,False,False,True,False,False,1189759015,,,,,,,5.186451345731858e+18,,1080,10,,2024-02-19T05:03:13+00:00,,,"{'_': 'MessageReactions', 'results': [{'_': 'ReactionCount', 'reaction': {'_': 'ReactionEmoji', 'emoticon': '👍'}, 'count': 9, 'chosen_order': None}, {'_': 'ReactionCount', 'reaction': {'_': 'ReactionEmoji', 'emoticon': '👌'}, 'count': 2, 'chosen_order': None}, {'_': 'ReactionCount', 'reaction': {'_': 'ReactionEmoji', 'emoticon': '🔥'}, 'count': 1, 'chosen_order': None}], 'min': False, 'can_see_list': False, 'reactions_as_tags': False, 'recent_reactions': []}",[],1209600
mobile_phone_location_track,https://t.me/mobile_phone_location_track,5639,2024-02-19 09:29:01,"📮 Websites that gives Free Rdp/Vps

♻️ we're going to show you how to create RDP for Lifetime 2023. Simply follow my steps to create, No need CR or DB required!, Hope you enjoy and create your own!!

➖➖➖➖➖➖➖➖➖➖➖
⭕️Link: 𝐂𝐥𝐢𝐜𝐤 𝐡𝐞𝐫𝐞 𝐭𝐨 <PERSON>
➖🤔How To Open Link ✅➖

❤️ OTT Post Join  Chennal  👇
🔗@CRACKED_PRO_APPS_PRIVATE",False,False,False,True,True,False,False,True,False,False,1189759015,,,,,,,6.278266297624149e+18,,1098,8,,2024-02-19T16:01:26+00:00,,,"{'_': 'MessageReactions', 'results': [{'_': 'ReactionCount', 'reaction': {'_': 'ReactionEmoji', 'emoticon': '👍'}, 'count': 1, 'chosen_order': None}], 'min': False, 'can_see_list': False, 'reactions_as_tags': False, 'recent_reactions': []}",[],1209600
mobile_phone_location_track,https://t.me/mobile_phone_location_track,5640,2024-02-19 11:01:01,"​​📮 GTA 3 : Grand Theft Auto:III [Paid]

♻️ Mod info : ✨ Paid (N€tflix 😍) VERSION APK
✨ Android 11 or Upper devices

🟢 Adjust Graphics resolution according to your device performance from Graphics settings.

➖➖➖➖➖➖➖➖➖➖➖
⭕️Link: 𝐂𝐥𝐢𝐜𝐤 𝐡𝐞𝐫𝐞 𝐭𝐨 <PERSON>
➖🤔How To Open Link ✅➖

❤️ OTT Post Join  Chennal  👇
🔗@CRACKED_PRO_APPS_PRIVATE",False,False,False,True,True,False,False,True,False,False,1189759015,,,,,,,6.239880804805229e+18,,1120,3,,2024-02-19T11:31:53+00:00,,,"{'_': 'MessageReactions', 'results': [{'_': 'ReactionCount', 'reaction': {'_': 'ReactionEmoji', 'emoticon': '👍'}, 'count': 2, 'chosen_order': None}], 'min': False, 'can_see_list': False, 'reactions_as_tags': False, 'recent_reactions': []}",[],1209600
mobile_phone_location_track,https://t.me/mobile_phone_location_track,5641,2024-02-19 12:29:01,"📮 Only A Dream – Final Version 1.0 (Full Game) [tightbuns]

♻️ Mod information info: Accompany <PERSON> in this short story, as she attempts to shed the aura of horniness thrust upon her by a recurring dream that always leaves her wanting for more.​ Only for adults 🔞💯

➖➖➖➖➖➖➖➖➖➖➖
⭕️Link: 𝐂𝐥𝐢𝐜𝐤 𝐡𝐞𝐫𝐞 𝐭𝐨 <PERSON>
➖🤔How To Open Link ✅➖

❤️ OTT Post Join  Chennal  👇
🔗@CRACKED_PRO_APPS_PRIVATE",False,False,False,True,True,False,False,True,False,False,1189759015,,"{'_': 'MessageFwdHeader', 'date': '2024-02-18T16:16:37+00:00', 'imported': False, 'saved_out': False, 'from_id': {'_': 'PeerChannel', 'channel_id': 1926371740}, 'from_name': None, 'channel_post': 593, 'post_author': None, 'saved_from_peer': None, 'saved_from_msg_id': None, 'saved_from_id': None, 'saved_from_name': None, 'saved_date': None, 'psa_type': None}",,,,,6.237927406434369e+18,,829,6,,2024-02-19T17:42:12+00:00,,,"{'_': 'MessageReactions', 'results': [{'_': 'ReactionCount', 'reaction': {'_': 'ReactionEmoji', 'emoticon': '👍'}, 'count': 1, 'chosen_order': None}], 'min': False, 'can_see_list': False, 'reactions_as_tags': False, 'recent_reactions': []}",[],1209600
mobile_phone_location_track,https://t.me/mobile_phone_location_track,5642,2024-02-19 14:09:28,"📮 Instagram Organic Growth H@cks

♻️ The Supercharged Mastermind is exclusively for 6 and 7 figure Creator CEOs who are in the info/knowledge space selling coaching, consulting, or online courses who want to build a content machine, earn more income, and grow an authentic industry leading brand

➖➖➖➖➖➖➖➖➖➖➖
⭕️Link: 𝐂𝐥𝐢𝐜𝐤 𝐡𝐞𝐫𝐞 𝐭𝐨 𝐃𝐨𝐰𝐧𝐥𝐨𝐚𝐝    
➖➖➖➖➖➖➖➖➖➖➖
➖🤔How To Open Link ✅➖

❤️ OTT Post Join  Chennal  👇
🔗@CRACKED_PRO_APPS_PRIVATE",False,False,False,True,True,False,False,True,False,False,1189759015,,"{'_': 'MessageFwdHeader', 'date': '2024-02-17T05:02:54+00:00', 'imported': False, 'saved_out': False, 'from_id': {'_': 'PeerChannel', 'channel_id': 1548840014}, 'from_name': None, 'channel_post': 12047, 'post_author': None, 'saved_from_peer': None, 'saved_from_msg_id': None, 'saved_from_id': None, 'saved_from_name': None, 'saved_date': None, 'psa_type': None}",,,,,6.118505449927064e+18,,921,5,,2024-02-19T14:12:11+00:00,,,"{'_': 'MessageReactions', 'results': [{'_': 'ReactionCount', 'reaction': {'_': 'ReactionEmoji', 'emoticon': '👍'}, 'count': 1, 'chosen_order': None}, {'_': 'ReactionCount', 'reaction': {'_': 'ReactionEmoji', 'emoticon': '❤'}, 'count': 1, 'chosen_order': None}], 'min': False, 'can_see_list': False, 'reactions_as_tags': False, 'recent_reactions': []}",[],1209600
mobile_phone_location_track,https://t.me/mobile_phone_location_track,5643,2024-02-19 15:34:01,"📮 HOW TO MAKE EDU MAIL 📬

♻️ EDU MAIL CAN BE USED TO GET MANY FREE TRIAL FOR UPTO 6 MONTH EVEN YT PREMIUM FOR A GOOD PRICE.

➖➖➖➖➖➖➖➖➖➖➖
⭕️Link: 𝐂𝐥𝐢𝐜𝐤 𝐡𝐞𝐫𝐞 𝐭𝐨 <PERSON>
➖🤔How To Open Link ✅➖

❤️ OTT Post Join  Chennal  👇
🔗@CRACKED_PRO_APPS_PRIVATE",False,False,False,True,True,False,False,True,False,False,1189759015,,,,,,,6.237517176928057e+18,,1071,4,,2024-02-19T16:01:42+00:00,,,"{'_': 'MessageReactions', 'results': [{'_': 'ReactionCount', 'reaction': {'_': 'ReactionEmoji', 'emoticon': '👍'}, 'count': 1, 'chosen_order': None}, {'_': 'ReactionCount', 'reaction': {'_': 'ReactionEmoji', 'emoticon': '😢'}, 'count': 1, 'chosen_order': None}], 'min': False, 'can_see_list': False, 'reactions_as_tags': False, 'recent_reactions': []}",[],1209600
mobile_phone_location_track,https://t.me/mobile_phone_location_track,5644,2024-02-19 16:59:45,"<PERSON> (Premium Unlocked) #Updated

♻️  Mod info
 🟢 VIP Features Unlocked 
 🟢 Login With Email id or Phone no

➖➖➖➖➖➖➖➖➖➖➖
⭕️Link: 𝐂𝐥𝐢𝐜𝐤 𝐡𝐞𝐫𝐞 𝐭𝐨 <PERSON>
➖🤔How To Open Link ✅➖

❤️ OTT Post Join  Chennal  👇
🔗@CRACKED_PRO_APPS_PRIVATE",False,False,False,True,True,False,False,False,False,False,1189759015,,,,,,,,,1096,6,,,,,,[],1209600
mobile_phone_location_track,https://t.me/mobile_phone_location_track,5645,2024-02-19 18:01:01,"📮 Er0Flix [ i8+] Videos v10.3

♻️ Features & Mod Info: #Updated
✅ Premium 18+ content for free
✅ No need to buy <PERSON>,PHub
✅ Naughty America,much more
🎧 18+ movies & videos to watch
🎶 Not for kids! Don't Even Try!

➖➖➖➖➖➖➖➖➖➖➖
⭕️Link: 𝐂𝐥𝐢𝐜𝐤 𝐡𝐞𝐫𝐞 𝐭𝐨 <PERSON>
➖🤔How To Open Link ✅➖

❤️ OTT Post Join  Chennal  👇
🔗@CRACKED_PRO_APPS_PRIVATE",False,False,False,True,True,False,False,True,False,False,1189759015,,"{'_': 'MessageFwdHeader', 'date': '2024-02-19T17:42:34+00:00', 'imported': False, 'saved_out': False, 'from_id': {'_': 'PeerChannel', 'channel_id': 1926371740}, 'from_name': None, 'channel_post': 598, 'post_author': None, 'saved_from_peer': None, 'saved_from_msg_id': None, 'saved_from_id': None, 'saved_from_name': None, 'saved_date': None, 'psa_type': None}",,,,,,,933,4,,2024-02-19T18:19:47+00:00,,,"{'_': 'MessageReactions', 'results': [{'_': 'ReactionCount', 'reaction': {'_': 'ReactionEmoji', 'emoticon': '👍'}, 'count': 2, 'chosen_order': None}, {'_': 'ReactionCount', 'reaction': {'_': 'ReactionEmoji', 'emoticon': '❤'}, 'count': 2, 'chosen_order': None}], 'min': False, 'can_see_list': False, 'reactions_as_tags': False, 'recent_reactions': []}",[],1209600
mobile_phone_location_track,https://t.me/mobile_phone_location_track,5646,2024-02-20 02:02:22,"📮 Hill Climb Racing Mod

🔶 Version - v1.60.3
♻️ Race uphill to win in this offline physics based driving game! Features and Mod :
● Premium Features Unlocked.
● Ad removed.

➖➖➖➖➖➖➖➖➖➖➖
⭕️Link: 𝐂𝐥𝐢𝐜𝐤 𝐡𝐞𝐫𝐞 𝐭𝐨 𝐃𝐨𝐰𝐧𝐥𝐨𝐚𝐝
➖➖➖➖➖➖➖➖➖➖➖
➖🤔How To Open Link ✅➖

❤️ OTT Post Join  Chennal  👇
🔗@CRACKED_PRO_APPS_PRIVATE",False,False,False,True,True,False,False,False,False,False,1189759015,,,,,,,6.273823299985325e+18,,1004,3,,,,,,[],1209600
mobile_phone_location_track,https://t.me/mobile_phone_location_track,5647,2024-02-20 03:30:45,"​​​​​​​​​​📮 ibis Paint X Prime [Mod] [Premium] 

🔶 Version: v11.2.2 🔔#update
♻️ Features & Mod Info: 🔥
❤️ Very popular and versatile drawing app
❤️ Smooth drawing at up to 60 fps
❤️ Recording drawing process as a video
❤️ Provides over 1000 fonts & 80 filters
❤️ Clipping mask features.
⭐️Mod/Pro Subscription Unlocked

➖➖➖➖➖➖➖➖➖➖➖
⭕️Link: 𝐂𝐥𝐢𝐜𝐤 𝐡𝐞𝐫𝐞 𝐭𝐨 <PERSON>
➖🤔How To Open Link ✅➖

❤️ OTT Post Join  Chennal  👇
🔗@CRACKED_PRO_APPS_PRIVATE",False,False,False,True,True,False,False,False,False,False,1189759015,,,,,,,,,1027,1,,,,,,[],1209600
mobile_phone_location_track,https://t.me/mobile_phone_location_track,5648,2024-02-20 05:01:01,"📮 GTA SA Andreas definitive Edition Mod Apk 

♻️ Free Download Link 👇😋

➖➖➖➖➖➖➖➖➖➖➖
⭕️Link: 𝐂𝐥𝐢𝐜𝐤 𝐡𝐞𝐫𝐞 𝐭𝐨 <PERSON>
➖🤔How To Open Link ✅➖

❤️ OTT Post Join  Chennal  👇
🔗@CRACKED_PRO_APPS_PRIVATE",False,False,False,True,True,False,False,True,False,False,1189759015,,,,,,,6.242543800492867e+18,,1027,6,,2024-02-20T05:14:26+00:00,,,"{'_': 'MessageReactions', 'results': [{'_': 'ReactionCount', 'reaction': {'_': 'ReactionEmoji', 'emoticon': '👍'}, 'count': 1, 'chosen_order': None}], 'min': False, 'can_see_list': False, 'reactions_as_tags': False, 'recent_reactions': []}",[],1209600
mobile_phone_location_track,https://t.me/mobile_phone_location_track,5649,2024-02-20 06:35:32,"📮 HOW TO CONTROL OTHER PHONE WITH YOURS PHONE 

 ♻️ SPY ON YOUR GF-BF OR BROTHER-SISTER OR ANY FAMILY MEMBERS 😁

➖➖➖➖➖➖➖➖➖➖➖
⭕️Link: 𝐂𝐥𝐢𝐜𝐤 𝐡𝐞𝐫𝐞 𝐭𝐨 <PERSON>
➖🤔How To Open Link ✅➖

❤️ OTT Post Join  Chennal  👇
🔗@CRACKED_PRO_APPS_PRIVATE",False,False,False,True,True,False,False,True,False,False,1189759015,,,,,,,6.194884927821036e+18,,1031,15,,2024-02-20T08:02:17+00:00,,,"{'_': 'MessageReactions', 'results': [{'_': 'ReactionCount', 'reaction': {'_': 'ReactionEmoji', 'emoticon': '👍'}, 'count': 1, 'chosen_order': None}], 'min': False, 'can_see_list': False, 'reactions_as_tags': False, 'recent_reactions': []}",[],1209600
mobile_phone_location_track,https://t.me/mobile_phone_location_track,5650,2024-02-20 08:02:02,"📮 HOW TO H@CK WHATSAPP ACCOUNTS ?? #NewMethod 😮

♻️ H@ck & Spy Your Boyfriend/Girlfriend WhatsApp Account In 1min For Free😘
☑️Just Open The Link Follow The Instructions And Spy Other's WhatsApp Accounts. 🔴

➖➖➖➖➖➖➖➖➖➖➖
⭕️Link: 𝐂𝐥𝐢𝐜𝐤 𝐡𝐞𝐫𝐞 𝐭𝐨 <PERSON>
➖🤔How To Open Link ✅➖

❤️ OTT Post Join  Chennal  👇
🔗@CRACKED_PRO_APPS_PRIVATE",False,False,False,True,True,False,False,False,False,False,1189759015,,,,,,,6.223978911730088e+18,,1057,11,,,,,,[],1209600
mobile_phone_location_track,https://t.me/mobile_phone_location_track,5651,2024-02-20 09:29:01,"📮 0NLYFANS [Premium-Accounts + Balance]

♻️ Requirements: 5.0+ Overview: onlyfans. A Lazy Day in My Life | Kicking It with K Get ready to relax with kickingitwithk as she shows you what she does on <DATE_TIME>!

➖➖➖➖➖➖➖➖➖➖➖
⭕️Link: 𝐂𝐥𝐢𝐜𝐤 𝐡𝐞𝐫𝐞 𝐭𝐨 <PERSON>
➖🤔How To Open Link ✅➖

❤️ OTT Post Join  Chennal  👇
🔗@CRACKED_PRO_APPS_PRIVATE",False,False,False,True,True,False,False,False,False,False,1189759015,,"{'_': 'MessageFwdHeader', 'date': '2024-02-20T09:00:26+00:00', 'imported': False, 'saved_out': False, 'from_id': {'_': 'PeerChannel', 'channel_id': 1926371740}, 'from_name': None, 'channel_post': 601, 'post_author': None, 'saved_from_peer': None, 'saved_from_msg_id': None, 'saved_from_id': None, 'saved_from_name': None, 'saved_date': None, 'psa_type': None}",,,,,6.095963756455639e+18,,842,6,,,,,,[],1209600
mobile_phone_location_track,https://t.me/mobile_phone_location_track,5652,2024-02-20 11:01:01,"📮 How To H₹ck Any WiFi Without Downloading Any App 📶 

♻️ About info :- In This Video We Will Teach You To H₹ck Wifi Password Easily And No need To download Third Party Apps

➖➖➖➖➖➖➖➖➖➖➖
⭕️Link: 𝐂𝐥𝐢𝐜𝐤 𝐡𝐞𝐫𝐞 𝐭𝐨 <PERSON>
➖🤔How To Open Link ✅➖

❤️ OTT Post Join  Chennal  👇
🔗@CRACKED_PRO_APPS_PRIVATE",False,False,False,True,True,False,False,True,False,False,1189759015,,,,,,,6.152395967412944e+18,,1006,7,,2024-02-20T11:01:42+00:00,,,"{'_': 'MessageReactions', 'results': [{'_': 'ReactionCount', 'reaction': {'_': 'ReactionEmoji', 'emoticon': '👍'}, 'count': 1, 'chosen_order': None}, {'_': 'ReactionCount', 'reaction': {'_': 'ReactionEmoji', 'emoticon': '❤'}, 'count': 1, 'chosen_order': None}, {'_': 'ReactionCount', 'reaction': {'_': 'ReactionEmoji', 'emoticon': '😢'}, 'count': 1, 'chosen_order': None}], 'min': False, 'can_see_list': False, 'reactions_as_tags': False, 'recent_reactions': []}",[],1209600
mobile_phone_location_track,https://t.me/mobile_phone_location_track,5653,2024-02-20 12:31:21,"📮 PlayStation Games Online
 
♻️ - Play 1000+ Games for free
- No Need to Download Mostly
- Could be Useful
- Educational Purpose Only

➖➖➖➖➖➖➖➖➖➖➖
⭕️Link: 𝐂𝐥𝐢𝐜𝐤 𝐡𝐞𝐫𝐞 𝐭𝐨 <PERSON>
➖🤔How To Open Link ✅➖

❤️ OTT Post Join  Chennal  👇
🔗@CRACKED_PRO_APPS_PRIVATE",False,False,False,True,True,False,False,False,False,False,1189759015,,,,,,,6.242199786497358e+18,,1012,3,,,,,,[],1209600
mobile_phone_location_track,https://t.me/mobile_phone_location_track,5654,2024-02-20 14:06:13,"<PERSON> [AD-FREE

♻️ No paid subscription is required to access the channel's live content. Series and movies, sports, hot content 😍and much more... it's all there.

🚫No ads
<NRP>Unlimited free content
🚫Secure and virus-free
<NRP>Exclusive live streaming content
📺Including Star+, Pr!me video, N€tflix, HB0 MAX, D!sney+.

➖➖➖➖➖➖➖➖➖➖➖
⭕️Link: 𝐂𝐥𝐢𝐜𝐤 𝐡𝐞𝐫𝐞 𝐭𝐨 𝐃𝐨𝐰𝐧𝐥𝐨𝐚𝐝
➖➖➖➖➖➖➖➖➖➖➖
➖🤔How To Open Link ✅➖

❤️ OTT Post Join  Chennal  👇
🔗@CRACKED_PRO_APPS_PRIVATE",False,False,False,True,True,False,False,True,False,False,1189759015,,"{'_': 'MessageFwdHeader', 'date': '2024-02-20T12:04:55+00:00', 'imported': False, 'saved_out': False, 'from_id': {'_': 'PeerChannel', 'channel_id': 1926371740}, 'from_name': None, 'channel_post': 603, 'post_author': None, 'saved_from_peer': None, 'saved_from_msg_id': None, 'saved_from_id': None, 'saved_from_name': None, 'saved_date': None, 'psa_type': None}",,,,,6.21507325409216e+18,,855,5,,2024-02-20T15:46:14+00:00,,,"{'_': 'MessageReactions', 'results': [{'_': 'ReactionCount', 'reaction': {'_': 'ReactionEmoji', 'emoticon': '👍'}, 'count': 1, 'chosen_order': None}], 'min': False, 'can_see_list': False, 'reactions_as_tags': False, 'recent_reactions': []}",[],1209600
mobile_phone_location_track,https://t.me/mobile_phone_location_track,5655,2024-02-20 14:57:28,"📮 Ji0Saavn v9.10.2 -  Music & Radio  JioTunes, Podcasts, Songs Mod - APK

♻<PERSON>.
🔘 Pro Features Unlocked.
🔘 Offline Play.
🔘 Removed Pro TAB (upgrade).

➖➖➖➖➖➖➖➖➖➖➖
⭕️Link: 𝐂𝐥𝐢𝐜𝐤 𝐡𝐞𝐫𝐞 𝐭𝐨 <PERSON>
➖🤔How To Open Link ✅➖

❤️ OTT Post Join  Chennal  👇
🔗@CRACKED_PRO_APPS_PRIVATE",False,False,False,True,True,False,False,False,False,False,1189759015,,"{'_': 'MessageFwdHeader', 'date': '2024-02-14T04:05:16+00:00', 'imported': False, 'saved_out': False, 'from_id': {'_': 'PeerChannel', 'channel_id': 1926371740}, 'from_name': None, 'channel_post': 564, 'post_author': None, 'saved_from_peer': None, 'saved_from_msg_id': None, 'saved_from_id': None, 'saved_from_name': None, 'saved_date': None, 'psa_type': None}",,,,,6.224445358063336e+18,,850,3,,,,,,[],1209600
mobile_phone_location_track,https://t.me/mobile_phone_location_track,5656,2024-02-20 16:01:21,"📮 AdGuard Ad Blocker v4.4.79 (Mod)

🔶 Android: 7.0 and up  #update ♻️  Overview  AdGuard is the best way to get rid of intrusive ads and online tracking, and to protect your device from malware. Features & Mod Info  ◉ The world's most advanced ad blocker!
◉ Premium / Paid features unlocked
◉ Disabled startup / Analytics disabled 
◉ Multi Languages & CPUs: Universal

➖➖➖➖➖➖➖➖➖➖➖
⭕️Link: 𝐂𝐥𝐢𝐜𝐤 𝐡𝐞𝐫𝐞 𝐭𝐨 <PERSON>
➖🤔How To Open Link ✅➖

❤️ OTT Post Join  Chennal  👇
🔗@CRACKED_PRO_APPS_PRIVATE",False,False,False,True,True,False,False,False,False,False,1189759015,,,,,,,6.244795600306553e+18,,1035,0,,,,,,[],1209600
mobile_phone_location_track,https://t.me/mobile_phone_location_track,5657,2024-02-20 17:02:01,"📮 SnapEdit - AI photo editor v5.6.5

🔶 Android: 7.0 and up  #update🔔
♻️ Features & Mod Info ◉ Powerful Image Enhancement Tools
◉ Remove Background In One Click
◉ Remove People In Your Photo
◉ Remove Unwanted Objects
◉ Artistic Filters And Anime Effects
◉ Sky Replacement In Your Photo
◉ Pro / Paid Features Unlocked
◉ Multi Languages & CPUs: Universal

➖➖➖➖➖➖➖➖➖➖➖
⭕️Link: 𝐂𝐥𝐢𝐜𝐤 𝐡𝐞𝐫𝐞 𝐭𝐨 <PERSON>
➖🤔How To Open Link ✅➖

❤️ OTT Post Join  Chennal  👇
🔗@CRACKED_PRO_APPS_PRIVATE",False,False,False,True,True,False,False,True,False,False,1189759015,,,,,,,5.933684808087618e+18,,1002,1,,2024-02-20T17:15:25+00:00,,,"{'_': 'MessageReactions', 'results': [{'_': 'ReactionCount', 'reaction': {'_': 'ReactionEmoji', 'emoticon': '👍'}, 'count': 1, 'chosen_order': None}], 'min': False, 'can_see_list': False, 'reactions_as_tags': False, 'recent_reactions': []}",[],1209600
mobile_phone_location_track,https://t.me/mobile_phone_location_track,5658,2024-02-20 18:02:01,"📮 l8+ insta x*x premium #Fixed_links_Problem 
 
🔶  Version - Latest
♻️  Watch Indian & hollywood x*x video  Features and Mod :
◾️ Premium Features Unlocked.
▫️ Ad removed.
◾️ No neee VPN

➖➖➖➖➖➖➖➖➖➖➖
⭕️Link: 𝐂𝐥𝐢𝐜𝐤 𝐡𝐞𝐫𝐞 𝐭𝐨 <PERSON>
➖🤔How To Open Link ✅➖

❤️ OTT Post Join  Chennal  👇
🔗@CRACKED_PRO_APPS_PRIVATE",False,False,False,True,True,False,False,True,False,False,1189759015,,"{'_': 'MessageFwdHeader', 'date': '2024-02-20T17:40:48+00:00', 'imported': False, 'saved_out': False, 'from_id': {'_': 'PeerChannel', 'channel_id': 1926371740}, 'from_name': None, 'channel_post': 605, 'post_author': None, 'saved_from_peer': None, 'saved_from_msg_id': None, 'saved_from_id': None, 'saved_from_name': None, 'saved_date': None, 'psa_type': None}",,,,,6.059658762974771e+18,,853,5,,2024-02-20T20:36:44+00:00,,,"{'_': 'MessageReactions', 'results': [], 'min': False, 'can_see_list': False, 'reactions_as_tags': False, 'recent_reactions': []}",[],1209600
mobile_phone_location_track,https://t.me/mobile_phone_location_track,5659,2024-02-21 02:01:01,"📮 A selection of sites for anonymous phone numbers.
 
♻️  𝑺𝒉𝒂𝒓𝒆 & 𝑺𝒖𝒑𝒑𝒐𝒓𝒕/𝑼𝒏𝒎𝒖𝒕𝒆 & 𝑷𝒊𝒏 𝑪𝒉𝒂𝒏𝒏𝒆𝒍 
📌 𝗣𝗶𝗻 𝗼𝘂𝗿 𝗰𝗵𝗮𝗻𝗻𝗲𝗹 𝗴𝗲𝘁 <NRP> 𝗶𝗻𝘀𝘁𝗮𝗻𝘁 𝘂𝗽𝗱𝗮𝘁𝗲 👨‍💻

➖➖➖➖➖➖➖➖➖➖➖
⭕️Link: 𝐂𝐥𝐢𝐜𝐤 𝐡𝐞𝐫𝐞 𝐭𝐨 <PERSON>
➖🤔How To Open Link ✅➖

❤️ OTT Post Join  Chennal  👇
🔗@CRACKED_PRO_APPS_PRIVATE",False,False,False,True,True,False,False,True,False,False,1189759015,,,,,,,6.057820383828097e+18,,932,3,,2024-02-21T03:05:18+00:00,,,"{'_': 'MessageReactions', 'results': [], 'min': False, 'can_see_list': False, 'reactions_as_tags': False, 'recent_reactions': []}",[],1209600
mobile_phone_location_track,https://t.me/mobile_phone_location_track,5660,2024-02-21 03:34:01,"📮 Flixeon HD v2.0 MOD APK (Premium Unlock

♻️Watch 1080p movies and TV shows for free on Android with the Flaxion app!

➖➖➖➖➖➖➖➖➖➖➖
⭕️Link: 𝐂𝐥𝐢𝐜𝐤 𝐡𝐞𝐫𝐞 𝐭𝐨 𝐃𝐨𝐰𝐧𝐥𝐨𝐚𝐝
➖➖➖➖➖➖➖➖➖➖➖
➖🤔How To Open Link ✅➖

❤️ OTT Post Join Chennal 👇
🔗@CRACKED_PRO_APPS_PRIVATE",False,False,False,True,True,False,False,True,False,False,1189759015,,"{'_': 'MessageFwdHeader', 'date': '2024-02-20T18:09:59+00:00', 'imported': False, 'saved_out': False, 'from_id': {'_': 'PeerChannel', 'channel_id': 1926371740}, 'from_name': None, 'channel_post': 607, 'post_author': None, 'saved_from_peer': None, 'saved_from_msg_id': None, 'saved_from_id': None, 'saved_from_name': None, 'saved_date': None, 'psa_type': None}",,,,,6.230783132064397e+18,,776,8,,2024-02-21T04:16:51+00:00,,,"{'_': 'MessageReactions', 'results': [{'_': 'ReactionCount', 'reaction': {'_': 'ReactionEmoji', 'emoticon': '👍'}, 'count': 1, 'chosen_order': None}, {'_': 'ReactionCount', 'reaction': {'_': 'ReactionEmoji', 'emoticon': '❤'}, 'count': 1, 'chosen_order': None}], 'min': False, 'can_see_list': False, 'reactions_as_tags': False, 'recent_reactions': []}",[],1209600
mobile_phone_location_track,https://t.me/mobile_phone_location_track,5661,2024-02-21 05:01:14,"📮 JIO Unlimited internet configs #latest 

♻️ Requirements: <PERSON> but you can try on other sim.
🔥 STABLE SPEED
✅ App: DARK TUNNEL

How To Apply Config Video Link:- 🔗https://link.vipurl.in/EfgyYlj

➖➖➖➖➖➖➖➖➖➖➖
⭕️Link:  𝐃𝐨𝐰𝐧𝐥𝐨𝐚𝐝 Config File
➖➖➖➖➖➖➖➖➖➖➖
➖🤔How To Open Link ✅➖

❤️ OTT Post Join  Chennal  👇
🔗@CRACKED_PRO_APPS_PRIVATE",False,False,False,True,True,False,False,True,False,False,1189759015,,,,,,,6.219983024481746e+18,,928,8,,2024-02-21T06:27:12+00:00,,,"{'_': 'MessageReactions', 'results': [{'_': 'ReactionCount', 'reaction': {'_': 'ReactionEmoji', 'emoticon': '👍'}, 'count': 2, 'chosen_order': None}], 'min': False, 'can_see_list': False, 'reactions_as_tags': False, 'recent_reactions': []}",[],1209600
mobile_phone_location_track,https://t.me/mobile_phone_location_track,5663,2024-02-21 06:31:25,"📮 FamPay UPI TO Number | You Can Find Any Fampay UPI Number ⚡

♻️ KINDLY GIVE REACTIONS ON EVERY POST ✔️

➖➖➖➖➖➖➖➖➖➖➖
⭕️Link: 𝐂𝐥𝐢𝐜𝐤 𝐡𝐞𝐫𝐞 𝐭𝐨 <PERSON>
➖🤔How To Open Link ✅➖

❤️ OTT Post Join  Chennal  👇
🔗@CRACKED_PRO_APPS_PRIVATE",False,False,False,True,True,False,False,True,False,False,1189759015,,,,,,,6.246834502886341e+18,,924,2,,2024-02-21T17:19:57+00:00,,,"{'_': 'MessageReactions', 'results': [{'_': 'ReactionCount', 'reaction': {'_': 'ReactionEmoji', 'emoticon': '👍'}, 'count': 1, 'chosen_order': None}], 'min': False, 'can_see_list': False, 'reactions_as_tags': False, 'recent_reactions': []}",[],1209600
mobile_phone_location_track,https://t.me/mobile_phone_location_track,5664,2024-02-21 08:01:16,"📮 How To Create Your Own Proxies 

♻️ Many of us probably didn’t know about this trick, turn any VPS/RDP into a proxy.

➖➖➖➖➖➖➖➖➖➖➖
⭕️Link: 𝐂𝐥𝐢𝐜𝐤 𝐡𝐞𝐫𝐞 𝐭𝐨 <PERSON>
➖🤔How To Open Link ✅➖

❤️ OTT Post Join  Chennal  👇
🔗@CRACKED_PRO_APPS_PRIVATE",False,False,False,True,True,False,False,False,False,False,1189759015,,,,,,,6.246834502886341e+18,,952,7,,,,,,[],1209600
mobile_phone_location_track,https://t.me/mobile_phone_location_track,5665,2024-02-21 09:31:30,"📮 Aibi: AI Photo Enhancer-Luminate v1.48.0 [PRO]

🔶 Version:-v1.48.0
♻️ Requirements: 7.0 and up
Overview: Photo editor app to enhance photo quality, fix blurry photo & restore old photos

➖➖➖➖➖➖➖➖➖➖➖
⭕️Link: 𝐂𝐥𝐢𝐜𝐤 𝐡𝐞𝐫𝐞 𝐭𝐨 𝐃𝐨𝐰𝐧𝐥𝐨𝐚𝐝
➖➖➖➖➖➖➖➖➖➖➖
➖🤔How To Open Link ✅➖

❤️ OTT Post Join  Chennal  👇
🔗@CRACKED_PRO_APPS_PRIVATE",False,False,False,True,True,False,False,False,False,False,1189759015,,,,,,,6.246834502886341e+18,,962,0,,,,,,[],1209600
mobile_phone_location_track,https://t.me/mobile_phone_location_track,5666,2024-02-21 11:01:01,"📮 How to Become Ethical H@cker In <DATE_TIME> Complete Guide 👑

♻️ If you want to start Hacking anything like Social Media, Android Phones, or Someone's PC or anything, here is the perfect guide for you to get started ✨

➖➖➖➖➖➖➖➖➖➖➖
⭕️Link: 𝐂𝐥𝐢𝐜𝐤 𝐡𝐞𝐫𝐞 𝐭𝐨 𝐃𝐨𝐰𝐧𝐥𝐨𝐚𝐝
➖➖➖➖➖➖➖➖➖➖➖
➖🤔How To Open Link ✅➖

❤️ OTT Post Join  Chennal  👇
🔗@CRACKED_PRO_APPS_PRIVATE",False,False,False,True,True,False,False,True,False,False,1189759015,,,,,,,6.24446434665888e+18,,989,4,,2024-02-21T11:50:39+00:00,,,"{'_': 'MessageReactions', 'results': [{'_': 'ReactionCount', 'reaction': {'_': 'ReactionEmoji', 'emoticon': '👍'}, 'count': 2, 'chosen_order': None}, {'_': 'ReactionCount', 'reaction': {'_': 'ReactionEmoji', 'emoticon': '❤'}, 'count': 1, 'chosen_order': None}], 'min': False, 'can_see_list': False, 'reactions_as_tags': False, 'recent_reactions': []}",[],1209600
mobile_phone_location_track,https://t.me/mobile_phone_location_track,5667,2024-02-21 12:31:01,"📮 Roommate Corruption ( i8+)

♻️ Featured & Advantage Roommate Corruption tells a story about a guy who’s about to go to university. He left his hometown and is now looking for a place where he can live for <DATE_TIME>,
until he finds a suitable flat and finishes his enrollment. <PERSON>

➖➖➖➖➖➖➖➖➖➖➖
⭕️Link: 𝐂𝐥𝐢𝐜𝐤 𝐡𝐞𝐫𝐞 𝐭𝐨 𝐃𝐨𝐰𝐧𝐥𝐨𝐚𝐝
➖➖➖➖➖➖➖➖➖➖➖
➖🤔How To Open Link ✅➖

❤️ OTT Post Join  Chennal  👇
🔗@CRACKED_PRO_APPS_PRIVATE",False,False,False,True,True,False,False,False,False,False,1189759015,,"{'_': 'MessageFwdHeader', 'date': '2024-02-21T12:03:22+00:00', 'imported': False, 'saved_out': False, 'from_id': {'_': 'PeerChannel', 'channel_id': 1926371740}, 'from_name': None, 'channel_post': 609, 'post_author': None, 'saved_from_peer': None, 'saved_from_msg_id': None, 'saved_from_id': None, 'saved_from_name': None, 'saved_date': None, 'psa_type': None}",,,,,6.201718122004724e+18,,838,2,,,,,,[],1209600
mobile_phone_location_track,https://t.me/mobile_phone_location_track,5668,2024-02-21 14:02:01,"📮 Dragon and Tiger win Tricks

♻️ 100% Working  
 
➖➖➖➖➖➖➖➖➖➖➖
⭕️Link: 𝐂𝐥𝐢𝐜𝐤 𝐡𝐞𝐫𝐞 𝐭𝐨 𝐃𝐨𝐰𝐧𝐥𝐨𝐚𝐝
➖➖➖➖➖➖➖➖➖➖➖
➖🤔How To Open Link ✅➖

❤️ OTT Post Join  Chennal  👇
🔗@CRACKED_PRO_APPS_PRIVATE",False,False,False,True,True,False,False,True,False,False,1189759015,,,,,,,,,954,4,,2024-02-22T12:54:36+00:00,,,"{'_': 'MessageReactions', 'results': [{'_': 'ReactionCount', 'reaction': {'_': 'ReactionEmoji', 'emoticon': '👍'}, 'count': 1, 'chosen_order': None}], 'min': False, 'can_see_list': False, 'reactions_as_tags': False, 'recent_reactions': []}",[],1209600
mobile_phone_location_track,https://t.me/mobile_phone_location_track,5669,2024-02-21 15:36:10,"📮 CumTube X 🔞 v3.2.2 APK + MOD [Premium]

♻️ <PERSON> :~ ➥ Premium Unlocked <DATE_TIME>
➥ All Premium Videos Available
➥ ADS Removed
➥ All Android Version Supported
➥ P0RNHUB Available In This MOD 😁

⚠Must Connect VPN To Work Properly

📥 𝙑𝙥𝙣 𝙇𝙞𝙣𝙠  🔗 Click Here 

➖➖➖➖➖➖➖➖➖➖➖
⭕️Link: 𝐂𝐥𝐢𝐜𝐤 𝐡𝐞𝐫𝐞 𝐭𝐨 𝐃𝐨𝐰𝐧𝐥𝐨𝐚𝐝
➖➖➖➖➖➖➖➖➖➖➖
➖🤔How To Open Link ✅➖

❤️ OTT Post Join  Chennal  👇
🔗@CRACKED_PRO_APPS_PRIVATE",False,False,False,True,True,False,False,True,False,False,1189759015,,"{'_': 'MessageFwdHeader', 'date': '2024-02-10T16:24:01+00:00', 'imported': False, 'saved_out': False, 'from_id': {'_': 'PeerChannel', 'channel_id': 1926371740}, 'from_name': None, 'channel_post': 537, 'post_author': None, 'saved_from_peer': None, 'saved_from_msg_id': None, 'saved_from_id': None, 'saved_from_name': None, 'saved_date': None, 'psa_type': None}",,,,,6.158691367266662e+18,,834,2,,2024-02-21T15:55:30+00:00,,,"{'_': 'MessageReactions', 'results': [{'_': 'ReactionCount', 'reaction': {'_': 'ReactionEmoji', 'emoticon': '😢'}, 'count': 1, 'chosen_order': None}], 'min': False, 'can_see_list': False, 'reactions_as_tags': False, 'recent_reactions': []}",[],1209600
mobile_phone_location_track,https://t.me/mobile_phone_location_track,5670,2024-02-21 17:04:01,"📮 This Best LOCATION MONITORING Tool Will Blow Your Mind

➖➖➖➖➖➖➖➖➖➖➖
⭕️Link: 𝐂𝐥𝐢𝐜𝐤 𝐡𝐞𝐫𝐞 𝐭𝐨 𝐃𝐨𝐰𝐧𝐥𝐨𝐚𝐝
➖➖➖➖➖➖➖➖➖➖➖
➖🤔How To Open Link ✅➖

❤️ OTT Post Join  Chennal  👇
🔗@CRACKED_PRO_APPS_PRIVATE",False,False,False,True,True,False,False,True,False,False,1189759015,,,,,,,6.102940037474794e+18,,955,5,,2024-02-21T23:06:47+00:00,,,"{'_': 'MessageReactions', 'results': [], 'min': False, 'can_see_list': False, 'reactions_as_tags': False, 'recent_reactions': []}",[],1209600
mobile_phone_location_track,https://t.me/mobile_phone_location_track,5671,2024-02-21 18:02:01,"📮 D€SI XX i8+ APP DOWNLOAD 🔞

🔶 ONE OF THE BEST 18+ VIDEO APP 🫦
♻️ Enjoy Hundreds Of Free Sex Videos , Of Different Categories For Free. 18+ HD Videos App Is Strictly Made For Grown Ups And Adults 🚫

➖➖➖➖➖➖➖➖➖➖➖
⭕️Link: 𝐂𝐥𝐢𝐜𝐤 𝐡𝐞𝐫𝐞 𝐭𝐨 <PERSON>
➖🤔How To Open Link ✅➖

❤️ OTT Post Join  Chennal  👇
🔗@CRACKED_PRO_APPS_PRIVATE",False,False,False,True,True,False,False,True,False,False,1189759015,,"{'_': 'MessageFwdHeader', 'date': '2024-02-08T18:38:18+00:00', 'imported': False, 'saved_out': False, 'from_id': {'_': 'PeerChannel', 'channel_id': 1926371740}, 'from_name': None, 'channel_post': 524, 'post_author': None, 'saved_from_peer': None, 'saved_from_msg_id': None, 'saved_from_id': None, 'saved_from_name': None, 'saved_date': None, 'psa_type': None}",,,,,6.210975425795045e+18,,784,4,,2024-02-21T18:50:13+00:00,,,"{'_': 'MessageReactions', 'results': [{'_': 'ReactionCount', 'reaction': {'_': 'ReactionEmoji', 'emoticon': '👍'}, 'count': 1, 'chosen_order': None}], 'min': False, 'can_see_list': False, 'reactions_as_tags': False, 'recent_reactions': []}",[],1209600
mobile_phone_location_track,https://t.me/mobile_phone_location_track,5672,2024-02-22 02:00:34,"📮 How to send Secret Message in Image File  STEGANOGRAPHY

♻️ In this tutorial we will teach you how to a secret message in image file ( You Send Secret Message Many way #Anonymous )

➖➖➖➖➖➖➖➖➖➖➖
⭕️Link: 𝐂𝐥𝐢𝐜𝐤 𝐡𝐞𝐫𝐞 𝐭𝐨 <PERSON>
➖🤔How To Open Link ✅➖

❤️ OTT Post Join  Chennal  👇
🔗@CRACKED_PRO_APPS_PRIVATE",False,False,False,True,True,False,False,False,False,False,1189759015,,,,,,,6.219531181037303e+18,,876,5,,,,,,[],1209600
mobile_phone_location_track,https://t.me/mobile_phone_location_track,5673,2024-02-22 03:29:01,"📮 2DS SHOP 2023 SHIP US !!!

♻️ Its Paid But Now Free!! ⭐️
Give Some Reaction  ⭐️📮

➖➖➖➖➖➖➖➖➖➖➖
⭕️Link: 𝐂𝐥𝐢𝐜𝐤 𝐡𝐞𝐫𝐞 𝐭𝐨 𝐃𝐨𝐰𝐧𝐥𝐨𝐚𝐝
➖➖➖➖➖➖➖➖➖➖➖
➖🤔How To Open Link ✅➖

❤️ OTT Post Join  Chennal  👇
🔗@CRACKED_PRO_APPS_PRIVATE",False,False,False,True,True,False,False,True,False,False,1189759015,,,,,,,6.249086302700026e+18,,862,1,,2024-02-22T05:04:18+00:00,,,"{'_': 'MessageReactions', 'results': [{'_': 'ReactionCount', 'reaction': {'_': 'ReactionEmoji', 'emoticon': '👍'}, 'count': 1, 'chosen_order': None}, {'_': 'ReactionCount', 'reaction': {'_': 'ReactionEmoji', 'emoticon': '❤'}, 'count': 1, 'chosen_order': None}], 'min': False, 'can_see_list': False, 'reactions_as_tags': False, 'recent_reactions': []}",[],1209600
mobile_phone_location_track,https://t.me/mobile_phone_location_track,5674,2024-02-22 05:02:01,"📮 𝙃𝙊𝙒 𝙏𝙊 𝙈𝘼𝙆𝙀 𝙔𝙊𝙐𝙍 𝙊𝙒𝙉 𝘽𝙄𝙉

❤️ Exclusive on telegram 
♻️ More info ▪<NRP> 𝙈𝘼𝙆𝙄𝙉𝙂 𝘽𝙄𝙉 𝙔𝙊𝙐 𝘾𝘼𝙉 𝙂𝙀𝙏 𝙋𝙍𝙀𝙈𝙄𝙐𝙈 <PERSON> 𝙊𝙁 𝘼𝙉𝙔 𝘼𝙋𝙋
▫️you can get Pr!me video, N€tflix, crunchy roll etc

➖➖➖➖➖➖➖➖➖➖➖
⭕️Link: 𝐂𝐥𝐢𝐜𝐤 𝐡𝐞𝐫𝐞 𝐭𝐨 𝐃𝐨𝐰𝐧𝐥𝐨𝐚𝐝
➖➖➖➖➖➖➖➖➖➖➖
➖🤔How To Open Link ✅➖

❤️ OTT Post Join  Chennal  👇
🔗@CRACKED_PRO_APPS_PRIVATE",False,False,False,True,True,False,False,False,False,False,1189759015,,"{'_': 'MessageFwdHeader', 'date': '2024-02-22T02:56:37+00:00', 'imported': False, 'saved_out': False, 'from_id': {'_': 'PeerChannel', 'channel_id': 1926371740}, 'from_name': None, 'channel_post': 610, 'post_author': None, 'saved_from_peer': None, 'saved_from_msg_id': None, 'saved_from_id': None, 'saved_from_name': None, 'saved_date': None, 'psa_type': None}",,,,,6.140718015759628e+18,,719,2,,,,,,[],1209600
mobile_phone_location_track,https://t.me/mobile_phone_location_track,5675,2024-02-22 06:31:24,"​​​​​​​​​​​​​​​​​​​​​​​​​​📮 ( I8+) Oye Entertainment

​​​​​​​​​​​​♻️ Premium Fully Unlocked
♀️AutoLogin, No Need Login
​​​​​​​​​​​​♀️Adfree, All Ads Removed
♀️Work on All Android Versions

➖➖➖➖➖➖➖➖➖➖➖
⭕️Link: 𝐂𝐥𝐢𝐜𝐤 𝐡𝐞𝐫𝐞 𝐭𝐨 𝐃𝐨𝐰𝐧𝐥𝐨𝐚𝐝
➖➖➖➖➖➖➖➖➖➖➖
➖🤔How To Open Link ✅➖

❤️ OTT Post Join  Chennal  👇
🔗@CRACKED_PRO_APPS_PRIVATE",False,False,False,True,True,False,False,True,False,False,1189759015,,"{'_': 'MessageFwdHeader', 'date': '2024-02-22T04:11:13+00:00', 'imported': False, 'saved_out': False, 'from_id': {'_': 'PeerChannel', 'channel_id': 1926371740}, 'from_name': None, 'channel_post': 612, 'post_author': None, 'saved_from_peer': None, 'saved_from_msg_id': None, 'saved_from_id': None, 'saved_from_name': None, 'saved_date': None, 'psa_type': None}",,,,,,,724,1,,2024-02-22T11:25:59+00:00,,,"{'_': 'MessageReactions', 'results': [{'_': 'ReactionCount', 'reaction': {'_': 'ReactionEmoji', 'emoticon': '👍'}, 'count': 1, 'chosen_order': None}], 'min': False, 'can_see_list': False, 'reactions_as_tags': False, 'recent_reactions': []}",[],1209600
mobile_phone_location_track,https://t.me/mobile_phone_location_track,5676,2024-02-22 08:01:04,"📮 AI Image Editing Tools 🖼️

♻️ 𝑺𝒉𝒂𝒓𝒆 & 𝑺𝒖𝒑𝒑𝒐𝒓𝒕/𝑼𝒏𝒎𝒖𝒕𝒆 & 𝑷𝒊𝒏 𝑪𝒉𝒂𝒏𝒏𝒆𝒍

📌 𝗣𝗶𝗻 𝗼𝘂𝗿 𝗰𝗵𝗮𝗻𝗻𝗲𝗹 𝗴𝗲𝘁 <NRP> 𝗶𝗻𝘀𝘁𝗮𝗻𝘁 𝘂𝗽𝗱𝗮𝘁𝗲 👨‍💻

➖➖➖➖➖➖➖➖➖➖➖
⭕️Link: 𝐂𝐥𝐢𝐜𝐤 𝐡𝐞𝐫𝐞 𝐭𝐨 <PERSON>
➖🤔How To Open Link ✅➖

❤️ OTT Post Join  Chennal  👇
🔗@CRACKED_PRO_APPS_PRIVATE",False,False,False,True,True,False,False,True,False,False,1189759015,,,,,,,6.111841069432945e+18,,876,1,,2024-02-22T12:35:08+00:00,,,"{'_': 'MessageReactions', 'results': [{'_': 'ReactionCount', 'reaction': {'_': 'ReactionEmoji', 'emoticon': '👍'}, 'count': 1, 'chosen_order': None}], 'min': False, 'can_see_list': False, 'reactions_as_tags': False, 'recent_reactions': []}",[],1209600
mobile_phone_location_track,https://t.me/mobile_phone_location_track,5677,2024-02-22 09:29:01,"<PERSON> HUB v2.1.4f (Ads/Pro)

♻️ Mod Features  #Update 
✓ : All Ads Removed 
✓ : Premium Unlocked
✓ : Movie&Webseries <PERSON>

➖➖➖➖➖➖➖➖➖➖➖
⭕️Link: 𝐂𝐥𝐢𝐜𝐤 𝐡𝐞𝐫𝐞 𝐭𝐨 <PERSON>
➖🤔How To Open Link ✅➖

❤️ OTT Post Join  Chennal  👇
🔗@CRACKED_PRO_APPS_PRIVATE",False,False,False,True,True,False,False,False,False,False,1189759015,,"{'_': 'MessageFwdHeader', 'date': '2024-02-22T09:17:36+00:00', 'imported': False, 'saved_out': False, 'from_id': {'_': 'PeerChannel', 'channel_id': 1926371740}, 'from_name': None, 'channel_post': 613, 'post_author': None, 'saved_from_peer': None, 'saved_from_msg_id': None, 'saved_from_id': None, 'saved_from_name': None, 'saved_date': None, 'psa_type': None}",,,,,,,720,0,,,,,,[],1209600
mobile_phone_location_track,https://t.me/mobile_phone_location_track,5678,2024-02-22 11:02:01,"📮 (GTA 5) Grand Theft Auto V 🎮

🔶 Version : (2.00 APK + MOD) (Beta) 
♻️ GAME DESCRIPTION  Grand Theft Auto V, or GTA 5, is known for vast open-world gameplay and full freedom with endless entertainment potential. It is also known for its online function, where chaos reigns and every place the player passes is filled with humor or excitement created by hundreds of players. Some unique content even made it popular and became one of the best-selling content on the market.

➖➖➖➖➖➖➖➖➖➖➖
⭕️Link: 𝐂𝐥𝐢𝐜𝐤 𝐡𝐞𝐫𝐞 𝐭𝐨 <PERSON>
➖🤔How To Open Link ✅➖

❤️ OTT Post Join  Chennal  👇
🔗@CRACKED_PRO_APPS_PRIVATE",False,False,False,True,True,False,False,True,False,False,1189759015,,,,,,,6.156861767033141e+18,,858,4,,2024-02-22T21:24:36+00:00,,,"{'_': 'MessageReactions', 'results': [{'_': 'ReactionCount', 'reaction': {'_': 'ReactionEmoji', 'emoticon': '👍'}, 'count': 2, 'chosen_order': None}], 'min': False, 'can_see_list': False, 'reactions_as_tags': False, 'recent_reactions': []}",[],1209600
mobile_phone_location_track,https://t.me/mobile_phone_location_track,5679,2024-02-22 12:29:01,"📮 0megle Mod Apk v5.7.9 (Premium Unlocked) 

♻️ Features: ◼️ Omegle / Tango / Tinder Etc
◽️ Many Function In One App
◼️ Do Video Calls With Strangers
◽️ Easy To Use Free To Use
✅ Make Your Night Awesome

➖➖➖➖➖➖➖➖➖➖➖
⭕️Link: 𝐂𝐥𝐢𝐜𝐤 𝐡𝐞𝐫𝐞 𝐭𝐨 𝐃𝐨𝐰𝐧𝐥𝐨𝐚𝐝
➖➖➖➖➖➖➖➖➖➖➖
➖🤔How To Open Link ✅➖

❤️ OTT Post Join  Chennal  👇
🔗@CRACKED_PRO_APPS_PRIVATE",False,False,False,True,True,False,False,False,False,False,1189759015,,,,,,,6.212817769196534e+18,,826,2,,,,,,[],1209600
mobile_phone_location_track,https://t.me/mobile_phone_location_track,5680,2024-02-22 14:02:40,"​​ ​​​​​​​​​​📮 MINECRAFT : Original Paid Apk
[700 rupees / $9 Game For Free!]  

🎀 Game Version v1.20.60.20
♻️ About :  Get the latest version of the Minecraft MOD APK with unlocked all of the paid features. Enjoy a game made up of blocks, creatures, & community

➖➖➖➖➖➖➖➖➖➖➖
⭕️Link: 𝐂𝐥𝐢𝐜𝐤 𝐡𝐞𝐫𝐞 𝐭𝐨 <PERSON>
➖🤔How To Open Link ✅➖

❤️ OTT Post Join  Chennal  👇
🔗@CRACKED_PRO_APPS_PRIVATE",False,False,False,True,True,False,False,False,False,False,1189759015,,,,,,,,,821,1,,,,,,[],1209600
mobile_phone_location_track,https://t.me/mobile_phone_location_track,5681,2024-02-22 15:31:19,"📮 P0Rπ 300 !8+ APP LATEST VERSION 🔥

🥇 FIRST EVER IN TELEGRA
♻️ Really high definition porn and truly free! We're sure you'll like our best collection of 4K, 60FPS and 1080p free HD p0rn videos with the hottest girls ever! 😈

➖➖➖➖➖➖➖➖➖➖➖
⭕️Link: 𝐂𝐥𝐢𝐜𝐤 𝐡𝐞𝐫𝐞 𝐭𝐨 <PERSON>
➖🤔How To Open Link ✅➖

❤️ OTT Post Join  Chennal  👇
🔗@CRACKED_PRO_APPS_PRIVATE",False,False,False,True,True,False,False,False,False,False,1189759015,,"{'_': 'MessageFwdHeader', 'date': '2024-02-22T13:46:11+00:00', 'imported': False, 'saved_out': False, 'from_id': {'_': 'PeerChannel', 'channel_id': 1926371740}, 'from_name': None, 'channel_post': 614, 'post_author': None, 'saved_from_peer': None, 'saved_from_msg_id': None, 'saved_from_id': None, 'saved_from_name': None, 'saved_date': None, 'psa_type': None}",,,,,6.249215491021323e+18,,662,2,,,,,,[],1209600
mobile_phone_location_track,https://t.me/mobile_phone_location_track,5682,2024-02-22 17:00:53,"📮 Spotify Premium APK (Most Stable Version)

🔶 Version: 8.10.9.722 (Fix 🔥)  
♻️ Mod Info: 🔵 Dark Amoled Theme
🔵 Unlocked Next Track;
🔵 Unlocked Pevious Track;
🔵 Unlocked Seeking FWD/BWD
🔵 Unlocked/Able to Select Any Songs & Albums
🔵 Unlocked Repeat Once/All;
🔵 Unlocked Shuffle;
🔵 Unlocked Very High Audio (Visual, WIP);
🔵 Disabled Force Shuffle;
🔵 Unlocked Spotify Connect (Premium Bypass);  & More....➖

⚠️ Note: Some server-side features [Downloads] require paid subscription.

➖➖➖➖➖➖➖➖➖➖➖
⭕️Link: 𝐂𝐥𝐢𝐜𝐤 𝐡𝐞𝐫𝐞 𝐭𝐨 <PERSON>
➖🤔How To Open Link ✅➖

❤️ OTT Post Join  Chennal  👇
🔗@CRACKED_PRO_APPS_PRIVATE",False,False,False,True,True,False,False,True,False,False,1189759015,,,,,,,6.246834502886341e+18,,760,1,,2024-02-24T23:25:12+00:00,,,"{'_': 'MessageReactions', 'results': [{'_': 'ReactionCount', 'reaction': {'_': 'ReactionEmoji', 'emoticon': '😢'}, 'count': 1, 'chosen_order': None}], 'min': False, 'can_see_list': False, 'reactions_as_tags': False, 'recent_reactions': []}",[],1209600
mobile_phone_location_track,https://t.me/mobile_phone_location_track,5683,2024-02-22 17:01:01,"​​📮 Voice Changer Mod Apk  v1.02.76.0219 (Premium) #Updated

♻️ Mod info
🟢 Premium Features Unlocked

➖➖➖➖➖➖➖➖➖➖➖
⭕️Link: 𝐂𝐥𝐢𝐜𝐤 𝐡𝐞𝐫𝐞 𝐭𝐨 <PERSON>
➖🤔How To Open Link ✅➖

❤️ OTT Post Join  Chennal  👇
🔗@CRACKED_PRO_APPS_PRIVATE",False,False,False,True,True,False,False,False,False,False,1189759015,,,,,,,,,788,1,,,,,,[],1209600
mobile_phone_location_track,https://t.me/mobile_phone_location_track,5684,2024-02-22 18:05:45,"📮 M@gis TV MOD V4.24.1 #Updated 

♻️ M@gis TV PRO is a professional streaming application that offers high-quality private content to users. With access to more than 1200 live channels, 16000 series 🎬and movies🎞, exclusive sports content, children's content, and more.

It works with all types of Android devices, including cell phones📱, TV box, Fire TV stick, Mi stick, Smart TV📺 with Android system and computers💻 with emulator.
💠𝗠𝗢𝗗 𝗙𝗘𝗔𝗧𝗨𝗥𝗘𝗦:  Premium Unlocked  ◉ Ads Free

➖➖➖➖➖➖➖➖➖➖➖
⭕️Link: 𝐂𝐥𝐢𝐜𝐤 𝐡𝐞𝐫𝐞 𝐭𝐨 𝐃𝐨𝐰𝐧𝐥𝐨𝐚𝐝
➖➖➖➖➖➖➖➖➖➖➖
➖🤔How To Open Link ✅➖

❤️ OTT Post Join Chennal 👇
🔗@CRACKED_PRO_APPS_PRIVATE",False,False,False,True,True,False,False,True,False,False,1189759015,,"{'_': 'MessageFwdHeader', 'date': '2024-02-13T11:13:42+00:00', 'imported': False, 'saved_out': False, 'from_id': {'_': 'PeerChannel', 'channel_id': 1926371740}, 'from_name': None, 'channel_post': 560, 'post_author': None, 'saved_from_peer': None, 'saved_from_msg_id': None, 'saved_from_id': None, 'saved_from_name': None, 'saved_date': None, 'psa_type': None}",,,,,5.96091897666822e+18,,661,5,,2024-02-22T21:01:49+00:00,,,"{'_': 'MessageReactions', 'results': [{'_': 'ReactionCount', 'reaction': {'_': 'ReactionEmoji', 'emoticon': '👍'}, 'count': 2, 'chosen_order': None}], 'min': False, 'can_see_list': False, 'reactions_as_tags': False, 'recent_reactions': []}",[],1209600
mobile_phone_location_track,https://t.me/mobile_phone_location_track,5685,2024-02-23 02:02:01,"01 Introduction
02 Creative Cloud
03 Main Menu
04 Menu Keyboard Shortcuts
05 Tools
06 Tools Keyboard Shortcuts
07 Workspaces
08 Layers
09 Preferences
10 Scripts
11 Automate
12 Export
13 Layer Styles
14 Fill Adjustment Layer
15 Filters
16 Brushes
17 Extensions
18 US Paper Presets
19 International Paper Presets
20 Photo Presets
21 Web Presets
22 Mobile Presets
23 Film Video Presets
24 Icon Presets
25 Art Illustration Presets
26 Project Management
27 File Management
28 Graphic Design 
29 Web Design
30 Mobile Design
31 App Design
32 Icon Design
33 Video Design
34 Print Design
35 Photo Editing

➖➖➖➖➖➖➖➖➖➖➖
⭕️Link: 𝐂𝐥𝐢𝐜𝐤 𝐡𝐞𝐫𝐞 𝐭𝐨 <PERSON>
➖🤔How To Open Link ✅➖

❤️ OTT Post Join  Chennal  👇
🔗@CRACKED_PRO_APPS_PRIVATE",False,False,False,True,True,False,False,True,False,False,1189759015,,,,,,,6.061989663201147e+18,,777,4,,2024-02-23T02:07:46+00:00,,,"{'_': 'MessageReactions', 'results': [{'_': 'ReactionCount', 'reaction': {'_': 'ReactionEmoji', 'emoticon': '👍'}, 'count': 2, 'chosen_order': None}], 'min': False, 'can_see_list': False, 'reactions_as_tags': False, 'recent_reactions': []}",[],1209600
mobile_phone_location_track,https://t.me/mobile_phone_location_track,5686,2024-02-23 03:31:19,"📮 Youtube Watchtime Method 
 
♻️ About Info :- 
● Watchtime Trick
● Full Tutorial 2024

➖➖➖➖➖➖➖➖➖➖➖
⭕️Link: 𝐂𝐥𝐢𝐜𝐤 𝐡𝐞𝐫𝐞 𝐭𝐨 <PERSON>
➖🤔How To Open Link ✅➖

❤️ OTT Post Join  Chennal  👇
🔗@CRACKED_PRO_APPS_PRIVATE",False,False,False,True,True,False,False,True,False,False,1189759015,,,,,,,6.093517716745993e+18,,758,2,,2024-02-23T03:49:51+00:00,,,"{'_': 'MessageReactions', 'results': [{'_': 'ReactionCount', 'reaction': {'_': 'ReactionEmoji', 'emoticon': '❤'}, 'count': 2, 'chosen_order': None}, {'_': 'ReactionCount', 'reaction': {'_': 'ReactionEmoji', 'emoticon': '👍'}, 'count': 1, 'chosen_order': None}], 'min': False, 'can_see_list': False, 'reactions_as_tags': False, 'recent_reactions': []}",[],1209600
mobile_phone_location_track,https://t.me/mobile_phone_location_track,5687,2024-02-23 05:02:32,"📮 UNLIMITED INSTAGRAM FOLLOWERS METHOD 

🔶 CREDIT - F2WCARDER
♻️ SIMILAR WEBSITES - TAKIPC , <PERSON> , <PERSON> , FASTFOLLOW , INSTAFOL

💕 WEBSITE LINK - CLICK

➖➖➖➖➖➖➖➖➖➖➖
⭕️Link:  𝐃𝐨𝐰𝐧𝐥𝐨𝐚𝐝 Tutorial Video  
➖➖➖➖➖➖➖➖➖➖➖
➖🤔How To Open Link ✅➖

❤️ OTT Post Join  Chennal  👇
🔗@CRACKED_PRO_APPS_PRIVATE",False,False,False,True,True,False,False,False,False,False,1189759015,,,,,,,6.251467290835009e+18,,775,7,,,,,,[],1209600
mobile_phone_location_track,https://t.me/mobile_phone_location_track,5688,2024-02-23 06:34:01,"📮 Truecaller MOD APK (GOLD Unlocked)

✅ Version: 13.57.6
🔶 Google Drive Backup Not Working!
♻️ Mod Info: 🔵 Premium Unlocked
🔵 Server sided won't work
🔵 Gold Unlocked
🔵 Premium Plan Unlocked
🔵 Spam Alert Unlocked
🔵 Who Viewed My Profile Unlocked
🔵 All Export Unlocked
🔵 Optimized & Supported

➖➖➖➖➖➖➖➖➖➖➖
⭕️Link: 𝐂𝐥𝐢𝐜𝐤 𝐡𝐞𝐫𝐞 𝐭𝐨 <PERSON>
➖🤔How To Open Link ✅➖

❤️ OTT Post Join  Chennal  👇
🔗@CRACKED_PRO_APPS_PRIVATE",False,False,False,True,True,False,False,False,False,False,1189759015,,,,,,,6.251467290835009e+18,,766,1,,,,,,[],1209600
mobile_phone_location_track,https://t.me/mobile_phone_location_track,5689,2024-02-23 08:01:02,"📮 YM / GB Whatsapp : GB WhatsApp Version (Antiban & Safe v36.2) #Updated

♻️ Features & MOD :-
   ✨Fully 100% Anti-Ban
   ✨Hide Your Last Seen
   ✨Hide Your Status Seen
   ✨Hide Your Message Seen
   ✨Hide blue ticks
   ✨Save Status & One-Time Images

➖➖➖➖➖➖➖➖➖➖➖
⭕️Link: 𝐂𝐥𝐢𝐜𝐤 𝐡𝐞𝐫𝐞 𝐭𝐨 <PERSON>
➖🤔How To Open Link ✅➖

❤️ OTT Post Join  Chennal  👇
🔗@CRACKED_PRO_APPS_PRIVATE",False,False,False,True,True,False,False,False,False,False,1189759015,,,,,,,,,761,5,,,,,,[],1209600
mobile_phone_location_track,https://t.me/mobile_phone_location_track,5690,2024-02-23 09:41:03,"📮 Telegram Premium v10.8.1 APK (MOD 1, 2)

♻️ MOD Info ✔️ Only these Premium features work, others are server side:
✔️ No Ads
✔️ Premium app icons
✔️ 10 Pinned chats
✔️ 10 favorite stickers
✔️ 20 folders
✔️ 200 chats per folder
✔️ Advanced chat management
⚡️Download speed much faster than ever

⚠️Note:  No need to uninstall the official Telegram app. You can use the Telegram Mod along with the official app.

➖➖➖➖➖➖➖➖➖➖➖
⭕️Link: 𝐂𝐥𝐢𝐜𝐤 𝐡𝐞𝐫𝐞 𝐭𝐨 <PERSON>
➖🤔How To Open Link ✅➖

❤️ OTT Post Join  Chennal  👇
🔗@CRACKED_PRO_APPS_PRIVATE",False,False,False,True,True,False,False,False,False,False,1189759015,,,,,,,6.251467290835009e+18,,771,1,,,,,,[],1209600
mobile_phone_location_track,https://t.me/mobile_phone_location_track,5691,2024-02-23 11:02:12,"📮 Remini Mod Premium⚡

♻️ Premium Unlocked
~ All Ads Removed
~ Image Quality Enhance 
~ Face,Colour,BlurBg etc...
~ All Features Unlocked 
~ Support All Devices

~ Uninstall old apk & install new mod.

➖➖➖➖➖➖➖➖➖➖➖
⭕️Link: 𝐂𝐥𝐢𝐜𝐤 𝐡𝐞𝐫𝐞 𝐭𝐨 <PERSON>
➖🤔How To Open Link ✅➖

❤️ OTT Post Join  Chennal  👇
🔗@CRACKED_PRO_APPS_PRIVATE",False,False,False,True,True,False,False,False,False,False,1189759015,,,,,,,6.253719090648694e+18,,750,6,,,,,,[],1209600
mobile_phone_location_track,https://t.me/mobile_phone_location_track,5692,2024-02-23 12:38:54,"📮 Innocence Or Money – Season 1 Remaster 

♻️ Mod information  Info: <PERSON> is the MC of the history. She is very innocent and comes from a little town called <PERSON>, she has never been to the city and has no idea what will await her when she arrives and the situations she will face. But you will help her and decide what to do in most of those situations, will she be a hardworking and honest girl? or you will lead her to a dark path and find out how deep the rabbit hole goes… her future will be in your hands!
The decisions you make will not only affect <PERSON> but her environment, will you corrupt all those close to her. 💯 Only for adults 🔞💦

➖➖➖➖➖➖➖➖➖➖➖
⭕️Link: 𝐂𝐥𝐢𝐜𝐤 𝐡𝐞𝐫𝐞 𝐭𝐨 <PERSON>
➖🤔How To Open Link ✅➖

❤️ OTT Post Join  Chennal  👇
🔗@CRACKED_PRO_APPS_PRIVATE",False,False,False,True,True,False,False,True,False,False,1189759015,,"{'_': 'MessageFwdHeader', 'date': '2024-02-23T12:38:44+00:00', 'imported': False, 'saved_out': False, 'from_id': {'_': 'PeerChannel', 'channel_id': 1926371740}, 'from_name': None, 'channel_post': 618, 'post_author': None, 'saved_from_peer': None, 'saved_from_msg_id': None, 'saved_from_id': None, 'saved_from_name': None, 'saved_date': None, 'psa_type': None}",,,,,6.253787097160858e+18,,638,1,,2024-02-23T12:41:32+00:00,,,"{'_': 'MessageReactions', 'results': [{'_': 'ReactionCount', 'reaction': {'_': 'ReactionEmoji', 'emoticon': '👍'}, 'count': 2, 'chosen_order': None}], 'min': False, 'can_see_list': False, 'reactions_as_tags': False, 'recent_reactions': []}",[],1209600
mobile_phone_location_track,https://t.me/mobile_phone_location_track,5693,2024-02-23 14:01:01,"📮 Canta - Uninstall any app without root! v1.3.0

🔶 Android: 9.0 and up  #update 🔔
♻️ Overview & Features ✅
◉ Uninstall any app without root!  
Powered by Shizuku. [System Apps]
◉ Uninstall apps easily by single click
◉ Remove apps individually or batch
◉ Searching apps 
◉ Multi Languages & CPUs: Arm32/64
✍️ | Release by GitHub 

➖➖➖➖➖➖➖➖➖➖➖
⭕️Link: 𝐂𝐥𝐢𝐜𝐤 𝐡𝐞𝐫𝐞 𝐭𝐨 <PERSON>
➖🤔How To Open Link ✅➖

❤️ OTT Post Join  Chennal  👇
🔗@CRACKED_PRO_APPS_PRIVATE",False,False,False,True,True,False,False,True,False,False,1189759015,,,,,,,6.253719090648694e+18,,749,5,,2024-02-23T14:15:21+00:00,,,"{'_': 'MessageReactions', 'results': [{'_': 'ReactionCount', 'reaction': {'_': 'ReactionEmoji', 'emoticon': '👍'}, 'count': 1, 'chosen_order': None}, {'_': 'ReactionCount', 'reaction': {'_': 'ReactionEmoji', 'emoticon': '❤'}, 'count': 1, 'chosen_order': None}], 'min': False, 'can_see_list': False, 'reactions_as_tags': False, 'recent_reactions': []}",[],1209600
mobile_phone_location_track,https://t.me/mobile_phone_location_track,5694,2024-02-23 15:32:16,"📮 Bypass OTP On Almost Any Site 🔰

🔶 Price - 800$ [ Private Method] 
♻️ This Method Is Exclusively Release Here And Used By Many <PERSON> To Exploit The Vulnerabilities Of A Website With OTP Functionality. 
Also, Nowadays, Unacademy's OTP Vulnerability Is Exposed. 
🌀 This Mainly Requires A Tool Burp Suite Available For Free, Which Can Help You Change The Response Of The OTP Verification From The Client-Side.
🌀 We Have Also Attached A Page Where These Vulnerabilities Are Explained Very Precisel

➖➖➖➖➖➖➖➖➖➖➖
⭕️Link: 𝐂𝐥𝐢𝐜𝐤 𝐡𝐞𝐫𝐞 𝐭𝐨 <PERSON>
➖🤔How To Open Link ✅➖

❤️ OTT Post Join  Chennal  👇
🔗@CRACKED_PRO_APPS_PRIVATE",False,False,False,True,True,False,False,True,False,False,1189759015,,,,,,,6.224445358063336e+18,,744,1,,2024-02-23T15:32:39+00:00,,,"{'_': 'MessageReactions', 'results': [{'_': 'ReactionCount', 'reaction': {'_': 'ReactionEmoji', 'emoticon': '👍'}, 'count': 1, 'chosen_order': None}, {'_': 'ReactionCount', 'reaction': {'_': 'ReactionEmoji', 'emoticon': '❤'}, 'count': 1, 'chosen_order': None}], 'min': False, 'can_see_list': False, 'reactions_as_tags': False, 'recent_reactions': []}",[],1209600
mobile_phone_location_track,https://t.me/mobile_phone_location_track,5695,2024-02-23 17:01:26,"​​📮 (18+) F!kfap - Short Videos

♻️ Mod Features
✓ : All Ads Removed
✓ : No login required
✓ : Screenshot/Record
✪ : This app is only for adults

➖➖➖➖➖➖➖➖➖➖➖
⭕️Link: 𝐂𝐥𝐢𝐜𝐤 𝐡𝐞𝐫𝐞 𝐭𝐨 <PERSON>
➖🤔How To Open Link ✅➖

❤️ OTT Post Join  Chennal  👇
🔗@CRACKED_PRO_APPS_PRIVATE",False,False,False,True,True,False,False,False,False,False,1189759015,,"{'_': 'MessageFwdHeader', 'date': '2024-02-23T17:01:20+00:00', 'imported': False, 'saved_out': False, 'from_id': {'_': 'PeerChannel', 'channel_id': 1926371740}, 'from_name': None, 'channel_post': 621, 'post_author': None, 'saved_from_peer': None, 'saved_from_msg_id': None, 'saved_from_id': None, 'saved_from_name': None, 'saved_date': None, 'psa_type': None}",,,,,,,593,3,,,,,,[],1209600
mobile_phone_location_track,https://t.me/mobile_phone_location_track,5698,2024-02-24 02:00:26,"📮 PGT +: Pro GFX & Optimizer APK v0.23.3 Latest 2024 [Paid for Free]

♻️ PGT Pro GFX & Optimizer APK&nbsp;is the best app for PUBG and BGMI. It has an int...

➖➖➖➖➖➖➖➖➖➖➖
⭕️Link: 𝐂𝐥𝐢𝐜𝐤 𝐡𝐞𝐫𝐞 𝐭𝐨 <PERSON>
➖🤔How To Open Link ✅➖

❤️ OTT Post Join  Chennal  👇
🔗@CRACKED_PRO_APPS_PRIVATE",False,False,False,True,True,False,False,False,False,False,1189759015,,,,,,,6.253719090648694e+18,,568,0,,,,,,[],1209600
mobile_phone_location_track,https://t.me/mobile_phone_location_track,5699,2024-02-24 03:22:54,"📮 Most View How To download Tutorial Video

❤️ Prosess Long But Ezzi   Please Seen Full Tutorial Video  Any problem

💕𝑺𝒉𝒂𝒓𝒆 & 𝑺𝒖𝒑𝒑𝒐𝒓𝒕/𝑼𝒏𝒎𝒖𝒕𝒆 & 𝑷𝒊𝒏 𝑪𝒉𝒂𝒏𝒏𝒆𝒍 😔",False,False,False,True,True,False,False,True,False,False,1189759015,,,,,,,,,551,0,,2024-02-24T10:38:08+00:00,,,"{'_': 'MessageReactions', 'results': [{'_': 'ReactionCount', 'reaction': {'_': 'ReactionEmoji', 'emoticon': '👍'}, 'count': 1, 'chosen_order': None}], 'min': False, 'can_see_list': False, 'reactions_as_tags': False, 'recent_reactions': []}",[],1209600
mobile_phone_location_track,https://t.me/mobile_phone_location_track,5701,2024-02-24 03:29:01,"📮 HOW TO LOGIN WITH COOKIES BYPASS 2FA IN 1 MINUTE 🍪

♻️ Video tutorial - 👇Enjoy 👍❤️

➖➖➖➖➖➖➖➖➖➖➖
⭕️Link: 𝐂𝐥𝐢𝐜𝐤 𝐡𝐞𝐫𝐞 𝐭𝐨 <PERSON>
➖🤔How To Open Link ✅➖

❤️ OTT Post Join  Chennal  👇
🔗@CRACKED_PRO_APPS_PRIVATE",False,False,False,True,True,False,False,False,False,False,1189759015,,,,,,,6.255798335856295e+18,,575,3,,,,,,[],1209600
mobile_phone_location_track,https://t.me/mobile_phone_location_track,5702,2024-02-24 05:01:09,"​📮 PhotoLab <PERSON> v3.13.0 (Premium Unlocked) #Updated

♻️ Mod info
🟢 Premium Features Unlocked

➖➖➖➖➖➖➖➖➖➖➖
⭕️Link: 𝐂𝐥𝐢𝐜𝐤 𝐡𝐞𝐫𝐞 𝐭𝐨 <PERSON>
➖🤔How To Open Link ✅➖

❤️ OTT Post Join  Chennal  👇
🔗@CRACKED_PRO_APPS_PRIVATE",False,False,False,True,True,False,False,True,False,False,1189759015,,,,,,,,,541,0,,2024-02-24T05:54:52+00:00,,,"{'_': 'MessageReactions', 'results': [{'_': 'ReactionCount', 'reaction': {'_': 'ReactionEmoji', 'emoticon': '👍'}, 'count': 1, 'chosen_order': None}], 'min': False, 'can_see_list': False, 'reactions_as_tags': False, 'recent_reactions': []}",[],1209600
mobile_phone_location_track,https://t.me/mobile_phone_location_track,5704,2024-02-24 08:02:24,"📮 UK Turk$ App v1.1.2 (Premium) 

♻️ Overview: watch 0tt/shows/anime/cartoons
💋  Enjoy N€tflix, Am@zon Pr!me, Apple TV+, Hulu, Hb0max, H0tstar + D!sney, S0nyliv, Z€€5, Mx & L!veTv ❌  i8+ Content 🚧

➖➖➖➖➖➖➖➖➖➖➖
⭕️Link: 𝐂𝐥𝐢𝐜𝐤 𝐡𝐞𝐫𝐞 𝐭𝐨 <PERSON>
➖🤔How To Open Link ✅➖

❤️ OTT Post Join  Chennal  👇
🔗@CRACKED_PRO_APPS_PRIVATE",False,False,False,True,True,False,False,False,False,False,1189759015,,"{'_': 'MessageFwdHeader', 'date': '2024-02-24T03:46:33+00:00', 'imported': False, 'saved_out': False, 'from_id': {'_': 'PeerChannel', 'channel_id': 1926371740}, 'from_name': None, 'channel_post': 626, 'post_author': None, 'saved_from_peer': None, 'saved_from_msg_id': None, 'saved_from_id': None, 'saved_from_name': None, 'saved_date': None, 'psa_type': None}",,,,,6.253719090648694e+18,,374,3,,,,,,[],1209600
mobile_phone_location_track,https://t.me/mobile_phone_location_track,5705,2024-02-24 09:31:01,"📮 HOW TO H@CK  VISA CARD M@STER CARD AND MANY MORE WITH ⚡( CARD SPY V1)  

♻️ Features  User Name Capture  ➡️E-mail Capture ➡️Address Capture➡️City Capture ➡️Country Capture ➡️Zip Code Capture  ➡️Card Own Name Capture ➡️Credit Card Number Capture ➡️Exp Month Capture ➡️Exp Year Capture  ➡️Cvv Capture REQUIRED 😘

✅ Infinityfree  For Hosting 🔵
🔗 https://www.infinityfree.com/ 

✅ Demo Site 
🔗 http://molasop.rf.gd/ ✅

❤️ Zip Password - @yash_hacking_1 @afraxratofficials ✅

Admin Password - 42342423

Script Link 🔗 - Click hare

➖➖➖➖➖➖➖➖➖➖➖
⭕️Link: 𝐃𝐨𝐰𝐧𝐥𝐨𝐚𝐝 tutorial 
➖➖➖➖➖➖➖➖➖➖➖
➖🤔How To Open Link ✅➖

❤️ OTT Post Join  Chennal  👇
🔗@CRACKED_PRO_APPS_PRIVATE",False,False,False,True,True,False,False,False,False,False,1189759015,,"{'_': 'MessageFwdHeader', 'date': '2024-02-24T07:10:18+00:00', 'imported': False, 'saved_out': False, 'from_id': {'_': 'PeerChannel', 'channel_id': 1926371740}, 'from_name': None, 'channel_post': 628, 'post_author': None, 'saved_from_peer': None, 'saved_from_msg_id': None, 'saved_from_id': None, 'saved_from_name': None, 'saved_date': None, 'psa_type': None}",,,,,6.165566226928089e+18,,381,4,,,,,,[],1209600
mobile_phone_location_track,https://t.me/mobile_phone_location_track,5706,2024-02-24 11:02:01,"📮 UNLIMITED INTERNET🔥🔥

♻️ VI & Jio Sim Working Multi-Device ALL STATE Allowed TRY 🤌

🔥 STABLE SPEED
If you are having any query/problem ask in discussion group

✅ App: DARK TUNNEL How To Apply Config Video Link:- 🔗 https://link.vipurl.in/EfgyYlj

➖➖➖➖➖➖➖➖➖➖➖➖
⭕️ 𝐷𝑜𝑤𝑛𝑙𝑜𝑎𝑑 𝐿𝑖𝑛𝑘(Vi <PERSON>)👇
🔗 https://link.vipurl.in/FfPBXsZO

 ⭕️ 𝐷𝑜𝑤𝑛𝑙𝑜𝑎𝑑 𝐿𝑖𝑛𝑘(Jio)👇
🔗https://link.vipurl.in/BrQj8
➖➖➖➖➖➖➖➖➖➖➖
➖🤔How To Open Link ✅➖

❤️ OTT Post Join  Chennal  👇
🔗@CRACKED_PRO_APPS_PRIVATE",False,False,False,True,True,False,False,False,False,False,1189759015,,,,,,,6.253507086767996e+18,,455,4,,,,,,[],1209600
mobile_phone_location_track,https://t.me/mobile_phone_location_track,5707,2024-02-24 12:29:01,"📮 HOW TO CONTROL OTHER PHONE WITH YOURS PHONE 2024 #Updated 

 ♻️ SPY ON YOUR GF-BF OR BROTHER-SISTER OR ANY FAMILY MEMBERS 😁

➖➖➖➖➖➖➖➖➖➖➖
⭕️Link: 𝐂𝐥𝐢𝐜𝐤 𝐡𝐞𝐫𝐞 𝐭𝐨 <PERSON>
➖🤔How To Open Link ✅➖

❤️ OTT Post Join  Chennal  👇
🔗@CRACKED_PRO_APPS_PRIVATE",False,False,False,True,True,False,False,False,False,False,1189759015,,,,,,,6.255798335856295e+18,,435,4,,,,,,[],1209600
mobile_phone_location_track,https://t.me/mobile_phone_location_track,5708,2024-02-24 14:18:34,"📮 Lovely - Meet and Date Locals  APK (Latest) Totaly Free 
 
♻️ Mod Information :- 
🌀Unlimited chat with girls.
🌀Unlimited Chatting feature.
🌀No daily limit for Lovely Coins.
🌀Private Chat feature available.
🌀See who viewed your profile & inbox message counter.
🌀Change your profile photo and add a lovely picture to your profile.

➖➖➖➖➖➖➖➖➖➖➖
⭕️Link: 𝐂𝐥𝐢𝐜𝐤 𝐡𝐞𝐫𝐞 𝐭𝐨 <PERSON>
➖🤔How To Open Link ✅➖

❤️ OTT Post Join  Chennal  👇
🔗@CRACKED_PRO_APPS_PRIVATE",False,False,False,True,True,False,False,False,False,False,1189759015,,,,,,,6.255798335856295e+18,,424,0,,,,,,[],1209600
mobile_phone_location_track,https://t.me/mobile_phone_location_track,5709,2024-02-24 15:31:52,"📮 4k P❤️RN <DATE_TIME> [18+] 

♻️ About:- 4 Watch 4K premium Quality Stuff without vpn (may require vpn in some regions).

🔞This App is only for people over the Age of l8+. kids and underage are Advised strictly to stay away from any [l8+] Title Apps.

➖➖➖➖➖➖➖➖➖➖➖
⭕️Link: 𝐂𝐥𝐢𝐜𝐤 𝐡𝐞𝐫𝐞 𝐭𝐨 <PERSON>
➖🤔How To Open Link ✅➖

❤️ OTT Post Join  Chennal  👇
🔗@CRACKED_PRO_APPS_PRIVATE",False,False,False,True,True,False,False,False,False,False,1189759015,,"{'_': 'MessageFwdHeader', 'date': '2024-02-24T14:51:11+00:00', 'imported': False, 'saved_out': False, 'from_id': {'_': 'PeerChannel', 'channel_id': 1926371740}, 'from_name': None, 'channel_post': 629, 'post_author': None, 'saved_from_peer': None, 'saved_from_msg_id': None, 'saved_from_id': None, 'saved_from_name': None, 'saved_date': None, 'psa_type': None}",,,,,6.332622029332789e+18,,332,1,,,,,,[],1209600
mobile_phone_location_track,https://t.me/mobile_phone_location_track,5710,2024-02-24 17:02:01,"📮 Unlimited Instagram/telegram followers,like method 

♻️ Website - smm-center

➡️ Credit - f2wmethod

❤️ Give credit otherwise you are gay

➖➖➖➖➖➖➖➖➖➖➖
⭕️Link: 𝐂𝐥𝐢𝐜𝐤 𝐡𝐞𝐫𝐞 𝐭𝐨 <PERSON>
➖🤔How To Open Link ✅➖

❤️ OTT Post Join  Chennal  👇
🔗@CRACKED_PRO_APPS_PRIVATE",False,False,False,True,True,False,False,False,False,False,1189759015,,,,,,,6.255798335856295e+18,,327,1,,,,,,[],1209600
mobile_phone_location_track,https://t.me/mobile_phone_location_track,5711,2024-02-24 18:01:01,"📮 Canva Premium Link #Updated 🔥

♻️ Join & Get Full Features of Canva Pro😍
 
➡️ 2000  Slot
➡️ Exp: <DATE_TIME>
➡️ Updated: <DATE_TIME>

➖➖➖➖➖➖➖➖➖➖➖
⭕️Link: 1 https://link.vipurl.in/oDja

⭕️Link: 2 https://link.vipurl.in/HKJf

⭕️Link: 3 https://link.vipurl.in/A7vp
➖➖➖➖➖➖➖➖➖➖➖
➖🤔How To Open Link ✅➖

❤️ OTT Post Join  Chennal  👇
🔗@CRACKED_PRO_APPS_PRIVATE",False,False,False,True,True,False,False,False,False,False,1189759015,,,,,,,6.11175436692814e+18,,259,1,,,,,,[],1209600
mobile_phone_location_track,https://t.me/mobile_phone_location_track,5712,2024-02-25 02:01:01,"📮  Wink Pro : Ai Video Enhancer

🔶 Version - v1.6.7.5 🔔[Premium]
♻️ Features & Mod:-
◉ Ads Removed 
◉ Quality Enhance Working 
◉ All Features Unlocked 
◉ Working In All Devices 
⭐️Mod/Pro subscription unlocked

❤️ App Clear Data Needed When you got High Traffic Alert.

➖➖➖➖➖➖➖➖➖➖➖
⭕️Link: 𝐂𝐥𝐢𝐜𝐤 𝐡𝐞𝐫𝐞 𝐭𝐨 <PERSON>
➖🤔How To Open Link ✅➖

❤️ OTT Post Join  Chennal  👇
🔗@CRACKED_PRO_APPS_PRIVATE",False,False,False,True,True,False,False,False,False,False,1189759015,,,,,,,,,76,1,,,,,,[],1209600
mobile_phone_location_track,https://t.me/mobile_phone_location_track,5714,2024-02-25 05:01:20,"📮 YouTube Premium (Orginal Theme)

🔶 Version:- V19.06.32 [#Update].
♻<PERSON> ➥  Premium Features Of Youtube.
➥  Pip Mode Of Youtube Premium. 
➥  Ads Free.
➥  Play Background.
➥ Option to swtich to old Yt UI.

✅Note:- Download Microg #Must 🌀MicroG Link 🔗 Click Here 

➖➖➖➖➖➖➖➖➖➖➖
⭕️Link: 𝐂𝐥𝐢𝐜𝐤 𝐡𝐞𝐫𝐞 𝐭𝐨 𝐃𝐨𝐰𝐧𝐥𝐨𝐚𝐝 Apk
➖➖➖➖➖➖➖➖➖➖➖
➖🤔How To Open Link ✅➖

❤️ OTT Post Join  Chennal  👇
🔗@CRACKED_PRO_APPS_PRIVATE",False,False,False,True,True,False,False,False,False,False,1189759015,,,,,,,6.111738634462935e+18,,197,3,,,,,,[],1209600
mobile_phone_location_track,https://t.me/mobile_phone_location_track,5715,2024-02-25 08:00:43,"​​📮 Candy Crush Saga (MOD, Unlocked) v1.262.2 

➖➖➖➖➖➖➖➖➖➖➖
⭕️Link: 𝐂𝐥𝐢𝐜𝐤 𝐡𝐞𝐫𝐞 𝐭𝐨 <PERSON>
➖🤔How To Open Link ✅➖

❤️ OTT Post Join  Chennal  👇
🔗@CRACKED_PRO_APPS_PRIVATE",False,False,False,True,True,False,False,False,False,False,1189759015,,,,,,,,,22,1,,,,,,[],1209600
