Channel ID,URL,Post ID,date,message,out,mentioned,media_unread,silent,post,from_scheduled,legacy,edit_hide,pinned,noforwards,peer_channel,from_id_user,fwd_from,via_bot_id,reply_to_msg_id,reply_to_scheduled,forum_topic,media_photo_id,reply_markup,views,forwards,replies,edit_date,post_author,grouped_id,reactions,restriction_reason,ttl_period
noctivagous_mods,https://t.me/noctivagous_mods,145,2024-02-16 07:24:36,"Netflix v8.104.0 Mod

❏ Highlighted Features :
★ Ads Removed
★ Most Content Available

⚡️Note: Uninstall Original Apk Then Install This one. Some servers may not work so switch to the alternative one. Don't forget to Give Feedback

Request : <PERSON> : @Noctivagous_Mods",False,False,False,False,True,False,False,False,False,False,1763224949,,,,,,,,,437,4,,2024-02-16T09:23:39+00:00,,,"{'_': 'MessageReactions', 'results': [{'_': 'ReactionCount', 'reaction': {'_': 'ReactionEmoji', 'emoticon': '❤'}, 'count': 6, 'chosen_order': None}, {'_': 'ReactionCount', 'reaction': {'_': 'ReactionEmoji', 'emoticon': '😍'}, 'count': 1, 'chosen_order': None}], 'min': False, 'can_see_list': False, 'reactions_as_tags': False, 'recent_reactions': []}",[],
