Channel ID,URL,Post ID,date,message,out,mentioned,media_unread,silent,post,from_scheduled,legacy,edit_hide,pinned,noforwards,peer_channel,from_id_user,fwd_from,via_bot_id,reply_to_msg_id,reply_to_scheduled,forum_topic,media_photo_id,reply_markup,views,forwards,replies,edit_date,post_author,grouped_id,reactions,restriction_reason,ttl_period
paaidcrackedapks,https://t.me/paaidcrackedapks,793,2024-01-05 16:16:03,,False,False,False,False,True,False,False,True,False,False,1477413150,,,,,,,,,1406,3,,2024-02-06T05:34:57+00:00,,1.3635770904268468e+16,"{'_': 'MessageReactions', 'results': [{'_': 'ReactionCount', 'reaction': {'_': 'ReactionEmoji', 'emoticon': '👍'}, 'count': 2, 'chosen_order': None}], 'min': False, 'can_see_list': False, 'reactions_as_tags': False, 'recent_reactions': []}",[],
paaidcrackedapks,https://t.me/paaidcrackedapks,794,2024-01-05 16:16:03,,False,False,False,False,True,False,False,False,False,False,1477413150,,,,,,,,,1402,3,,,,1.3635770904268468e+16,,[],
paaidcrackedapks,https://t.me/paaidcrackedapks,795,2024-01-05 16:16:04,,False,False,False,False,True,False,False,False,False,False,1477413150,,,,,,,,,1410,3,,,,1.3635770904268468e+16,,[],
paaidcrackedapks,https://t.me/paaidcrackedapks,796,2024-01-05 16:16:05,"⚡️ Open Source Telegram Client For Windows x64, Linux & MacOS

📌 Extra Features in Comparison to Official Telegram

🔄 v1.1.7 (TDesktop v4.13.1)

 [Fix] Show sender's avatar in groups",False,False,False,False,True,False,False,False,False,False,1477413150,,,,,,,,,1430,3,,2024-01-05T16:17:35+00:00,,1.3635770904268468e+16,,[],
paaidcrackedapks,https://t.me/paaidcrackedapks,798,2024-03-12 06:02:24,2️⃣🔠🔠 Premium Crunchyroll Accounts,False,False,False,False,True,False,False,False,False,False,1477413150,,,,,,,,,13,0,,2024-03-12T06:02:35+00:00,,,,[],
paaidcrackedapks,https://t.me/paaidcrackedapks,800,2024-03-23 13:56:29,"Invite your friends and get bonuses for each invited friend! 🎁

Your referral link: https://t.me/notcoin_bot?start=rp_31894545",False,False,False,False,True,False,False,False,False,False,1477413150,,,,,,,,,21,0,,,,,,[],
paaidcrackedapks,https://t.me/paaidcrackedapks,801,2024-03-23 13:59:44,"4M → 5M

<DATE_TIME>

<NRP>",False,False,False,False,True,False,False,False,False,False,1477413150,,"{'_': 'MessageFwdHeader', 'date': '2024-03-21T20:17:37+00:00', 'imported': False, 'saved_out': False, 'from_id': {'_': 'PeerChannel', 'channel_id': 2007141958}, 'from_name': None, 'channel_post': 310, 'post_author': None, 'saved_from_peer': None, 'saved_from_msg_id': None, 'saved_from_id': None, 'saved_from_name': None, 'saved_date': None, 'psa_type': None}",,,,,5.467689244542754e+18,,18,0,,,,,,[],
