Channel ID,URL,Post ID,date,message,out,mentioned,media_unread,silent,post,from_scheduled,legacy,edit_hide,pinned,noforwards,peer_channel,from_id_user,fwd_from,via_bot_id,reply_to_msg_id,reply_to_scheduled,forum_topic,media_photo_id,reply_markup,views,forwards,replies,edit_date,post_author,grouped_id,reactions,restriction_reason,ttl_period
pc_softwares,https://t.me/pc_softwares,4646,2024-02-24 06:31:32,Channel : @pc_softwares,False,False,False,False,True,False,False,False,False,False,1186469504,,,,,,,,,313,0,,2024-02-24T06:40:04+00:00,,,,[],
pc_softwares,https://t.me/pc_softwares,4650,2024-02-24 06:31:32,Channel : @pc_softwares,False,False,False,False,True,False,False,False,False,False,1186469504,,,,,,,,,319,0,,2024-02-24T06:39:40+00:00,,,,[],
pc_softwares,https://t.me/pc_softwares,4690,2024-02-24 06:35:40,,False,False,False,False,True,False,False,True,False,False,1186469504,,,,,,,6.107222695394522e+18,,301,0,,2024-02-24T06:35:43+00:00,,,,[],
pc_softwares,https://t.me/pc_softwares,4692,2024-02-24 06:35:41,"Trimble Tekla Structures 2023 Technical Setup Details
Software Full Name: Trimble Tekla Structures <DATE_TIME>
Setup File Name: Tekla_Structures_2022-13-06.rar
Full Setup Size: 3.3 GB
Setup Type: Offline Installer / Full Standalone Setup
Compatibility Architecture: 32 Bit (x86) / 64 Bit (x64)
Latest Version Release Added On: 13th Jun 2023
Developers: Trimble",False,False,False,False,True,False,False,True,False,False,1186469504,,,,,,,,,343,0,,2024-02-24T06:35:43+00:00,,,,[],
pc_softwares,https://t.me/pc_softwares,4693,2024-02-24 06:35:41,"System Requirements For Trimble Tekla Structures <DATE_TIME>
Before you start Trimble Tekla Structures <DATE_TIME> free download, make sure your PC meets minimum system requirements.

Operating System: Window 8.<DATE_TIME>
Memory (RAM): 16 GB of RAM required.
Hard Disk Space: 5 GB of free space required.
Processor:  Intel Core i7 CPU 3+ GHz",False,False,False,False,True,False,False,True,False,False,1186469504,,,,,,,,,379,0,,2024-02-24T06:35:43+00:00,,,,[],
pc_softwares,https://t.me/pc_softwares,4694,2024-02-24 06:35:41,Channel : @pc_softwares,False,False,False,False,True,False,False,False,False,False,1186469504,,,,,,,,,349,1,,2024-02-24T06:38:57+00:00,,,,[],
pc_softwares,https://t.me/pc_softwares,4695,2024-02-24 06:35:41,Channel : @pc_softwares,False,False,False,False,True,False,False,False,False,False,1186469504,,,,,,,,,381,1,,2024-02-24T06:38:51+00:00,,,,[],
pc_softwares,https://t.me/pc_softwares,4696,2024-02-24 06:35:41,Channel : @pc_softwares,False,False,False,False,True,False,False,False,False,False,1186469504,,,,,,,,,379,1,,2024-02-24T06:38:45+00:00,,,,[],
pc_softwares,https://t.me/pc_softwares,4697,2024-02-24 06:35:57,Channel : @pc_softwares,False,False,False,False,True,False,False,False,False,False,1186469504,,,,,,,,,352,2,"{'_': 'MessageReplies', 'replies': 0, 'replies_pts': 12107, 'comments': True, 'recent_repliers': [], 'channel_id': 1333903492, 'max_id': None, 'read_max_id': None}",2024-02-24T06:38:39+00:00,,,,[],
pc_softwares,https://t.me/pc_softwares,4698,2024-02-24 06:35:59,,False,False,False,False,True,False,False,True,False,False,1186469504,,,,,,,,,355,0,"{'_': 'MessageReplies', 'replies': 0, 'replies_pts': 12107, 'comments': True, 'recent_repliers': [], 'channel_id': 1333903492, 'max_id': None, 'read_max_id': None}",2024-02-24T06:36:00+00:00,,,,[],
pc_softwares,https://t.me/pc_softwares,4699,2024-02-24 06:36:24,"CreativeMarket – Art Portrait Photoshop Action [ATN, ABR] Overview
CreativeMarket – Art Portrait Photoshop Action is an impressive pack that will enhance your photography as well as design work. This pack ahs been designed for the designers as well as photographers and the actions included in it will improve as well as add beautiful effects into your images thus letting you to create awesome and stunning looks. It has got 5 different effect options and you have the flexibility to experiment as well as find the perfect style for your artistic needs.",False,False,False,False,True,False,False,True,False,False,1186469504,,,,,,,6.107222695394522e+18,,368,2,"{'_': 'MessageReplies', 'replies': 0, 'replies_pts': 12107, 'comments': True, 'recent_repliers': [], 'channel_id': 1333903492, 'max_id': None, 'read_max_id': None}",2024-02-24T06:36:27+00:00,,,,[],
pc_softwares,https://t.me/pc_softwares,4700,2024-02-24 06:36:24,"This pack is compatible with vCS4 and above and it provides wide software compatibility. This pack includes ATN files for Photoshop actions, 5 different effect looks, a brush file and a very handy PDF guide. It also includes masking options as well as organized layers for easy and smooth customization. It allows you to achieve high-quality results easily even if you are newbie in Photoshop field. All in all, CreativeMarket – Art Portrait Photoshop Action is an impressive pack that will enhance your photography as well as design work.",False,False,False,False,True,False,False,True,False,False,1186469504,,,,,,,,,370,1,,2024-02-24T06:36:27+00:00,,,,[],
pc_softwares,https://t.me/pc_softwares,4701,2024-02-24 06:36:24,"Features of CreativeMarket – Art Portrait Photoshop Action                                                                                                                                                                                      An impressive pack that will enhance your photography as well as design work.
Actions included in it will improve as well as add beautiful effects into your images.
Lets you to create awesome and stunning looks.
It has got 5 different effect options and you have the flexibility to experiment as well as find the perfect style for you artistic needs.
This pack includes ATN files for Photoshop actions, 5 different effect looks, a brush file and a very handy PDF guide.
It also includes masking options as well as organized layers for easy and smooth customization.
It allows you to achieve high-quality results easily even if you are newbie in Photoshop field.",False,False,False,False,True,False,False,True,False,False,1186469504,,,,,,,,,376,1,,2024-02-24T07:55:56+00:00,,,"{'_': 'MessageReactions', 'results': [{'_': 'ReactionCount', 'reaction': {'_': 'ReactionEmoji', 'emoticon': '👍'}, 'count': 1, 'chosen_order': None}], 'min': False, 'can_see_list': False, 'reactions_as_tags': False, 'recent_reactions': []}",[],
pc_softwares,https://t.me/pc_softwares,4702,2024-02-24 06:36:24,,False,False,False,False,True,False,False,True,False,False,1186469504,,,,,,,6.107222695394522e+18,,387,1,,2024-02-24T06:36:28+00:00,,,,[],
pc_softwares,https://t.me/pc_softwares,4703,2024-02-24 06:36:24,,False,False,False,False,True,False,False,True,False,False,1186469504,,,,,,,6.107222695394522e+18,,391,1,,2024-02-24T06:36:28+00:00,,,,[],
pc_softwares,https://t.me/pc_softwares,4704,2024-02-24 06:36:24,,False,False,False,False,True,False,False,True,False,False,1186469504,,,,,,,6.107222695394522e+18,,390,1,,2024-02-24T06:36:28+00:00,,,,[],
pc_softwares,https://t.me/pc_softwares,4705,2024-02-24 06:36:24,"CreativeMarket – Art Portrait Photoshop Action Technical Setup Details
Software Full Name: CreativeMarket – Art Portrait Photoshop Action [ATN, ABR]
Setup File Name: CreativeMarket_Art_Portrait_Photoshop_Action_6569458.rar
Full Setup Size: 38 MB
Setup Type: Offline Installer / Full Standalone Setup
Compatibility Architecture: 32 Bit (x86) / 64 Bit (x64)
Latest Version Release Added On: 13th Jun 2023
Developers: CreativeMarket",False,False,False,False,True,False,False,True,False,False,1186469504,,,,,,,,,401,1,,2024-02-24T06:36:28+00:00,,,,[],
pc_softwares,https://t.me/pc_softwares,4706,2024-02-24 06:36:25,"System Requirements For CreativeMarket – Art Portrait Photoshop Action
Before you start CreativeMarket – Art Portrait Photoshop Action free download, make sure your PC meets minimum system requirements.

Operating System: Windows 7/8/8.<DATE_TIME>
Memory (RAM): 1 GB of RAM required.
Hard Disk Space: 100 MB of free space required.
Processor: Intel Dual Core processor or later.",False,False,False,False,True,False,False,True,False,False,1186469504,,,,,,,,,440,1,,2024-02-24T06:36:28+00:00,,,,[],
pc_softwares,https://t.me/pc_softwares,4707,2024-02-24 06:36:35,Channel : @pc_softwares,False,False,False,False,True,False,False,False,False,False,1186469504,,,,,,,,,452,7,"{'_': 'MessageReplies', 'replies': 0, 'replies_pts': 12107, 'comments': True, 'recent_repliers': [], 'channel_id': 1333903492, 'max_id': None, 'read_max_id': None}",2024-02-24T06:38:34+00:00,,,,[],
pc_softwares,https://t.me/pc_softwares,4708,2024-02-24 06:36:36,,False,False,False,False,True,False,False,True,False,False,1186469504,,,,,,,,,454,0,"{'_': 'MessageReplies', 'replies': 0, 'replies_pts': 12107, 'comments': True, 'recent_repliers': [], 'channel_id': 1333903492, 'max_id': None, 'read_max_id': None}",2024-02-24T06:36:38+00:00,,,,[],
pc_softwares,https://t.me/pc_softwares,4709,2024-02-24 06:37:15,"Reallusion Cartoon Animator <DATE_TIME> Overview
Reallusion Cartoon Animator <DATE_TIME> is a sophisticated tool that can be utilized to generate stylish and gorgeous two-dimensional cartoons fast and effortlessly. It is an excellent tool for creators, designers, cartoonists, advertisers, instructors, the creators of social platforms and creative professionals to effortlessly morph 2D figures from stationary pictures, photographs, artwork, as well as stacked editing PSD files. It comes with a large animation collection from which you can choose action recordings with various figure types. You can also make multiple angle characters in two dimensions and change their look.",False,False,False,False,True,False,False,True,False,False,1186469504,,,,,,,6.107222695394522e+18,,468,4,"{'_': 'MessageReplies', 'replies': 0, 'replies_pts': 12107, 'comments': True, 'recent_repliers': [], 'channel_id': 1333903492, 'max_id': None, 'read_max_id': None}",2024-02-25T04:43:40+00:00,,,"{'_': 'MessageReactions', 'results': [{'_': 'ReactionCount', 'reaction': {'_': 'ReactionEmoji', 'emoticon': '👍'}, 'count': 1, 'chosen_order': None}], 'min': False, 'can_see_list': False, 'reactions_as_tags': False, 'recent_reactions': []}",[],
pc_softwares,https://t.me/pc_softwares,4710,2024-02-24 06:37:15,"Reallusion Cartoon Animator <DATE_TIME> has a basic user interface with all selections and functions which enable people to utilize it with ease. It offers a comprehensive collection of resources and abilities to assist you in creating outstanding two-dimensional figures in realtime motion utilizing recording devices, pictures, parts and others. It also allows you to convert photographs into characters that move, manipulate them with your gestures, synchronize their voices motion from sound, create 3D gradient sceneries, create 2D visual enhancements, and use digital assets. This fantastic tool lets you easily design complex animated figures with expressive face emotions for simulated creation, live television programs, and stream online transmission.",False,False,False,False,True,False,False,True,False,False,1186469504,,,,,,,,,486,3,,2024-02-24T06:37:18+00:00,,,,[],
pc_softwares,https://t.me/pc_softwares,4711,2024-02-24 06:37:15,"Features of Reallusion Cartoon Animator <DATE_TIME>Utilized to generate stylish and gorgeous two-dimensional cartoons fast and effortlessly. 
Excellent tool for professionals to effortlessly morph 2D figures from stationary pictures, artwork and stacked editing files. 
Comes with a large animation collection from which you can choose action recordings with various figure types.
Make multiple angle characters in two dimensions and change their look. 
Assist you in creating outstanding 2D figures in real time motion utilizing recording devices, pictures, parts and others. 
Convert photographs into characters that move, manipulate them with your gestures, synchronize their voices.
Create 3D gradient sceneries and 2D visual enhancements as well as use digital assets. 
Lets you easily design complex animated figures with expressive face emotions for simulated creation.",False,False,False,False,True,False,False,True,False,False,1186469504,,,,,,,,,520,3,,2024-02-24T06:37:18+00:00,,,,[],
pc_softwares,https://t.me/pc_softwares,4712,2024-02-24 06:37:15,,False,False,False,False,True,False,False,True,False,False,1186469504,,,,,,,6.107222695394522e+18,,570,3,,2024-02-24T06:37:18+00:00,,,,[],
pc_softwares,https://t.me/pc_softwares,4713,2024-02-24 06:37:15,,False,False,False,False,True,False,False,True,False,False,1186469504,,,,,,,6.107222695394522e+18,,602,3,,2024-02-24T06:37:18+00:00,,,,[],
pc_softwares,https://t.me/pc_softwares,4714,2024-02-24 06:37:15,,False,False,False,False,True,False,False,True,False,False,1186469504,,,,,,,6.107222695394522e+18,,656,3,,2024-02-24T07:17:03+00:00,,,"{'_': 'MessageReactions', 'results': [{'_': 'ReactionCount', 'reaction': {'_': 'ReactionEmoji', 'emoticon': '❤'}, 'count': 1, 'chosen_order': None}], 'min': False, 'can_see_list': False, 'reactions_as_tags': False, 'recent_reactions': []}",[],
pc_softwares,https://t.me/pc_softwares,4715,2024-02-24 06:37:16,"Reallusion Cartoon Animator 2023 Technical Setup Details
Software Full Name: Reallusion Cartoon Animator <DATE_TIME>
Setup File Name: Reallusion_Cartoon_Animator_5.1.1801.1.rar
Full Setup Size: 566 MB
Setup Type: Offline Installer / Full Standalone Setup
Compatibility Architecture: 64 Bit (x64)
Latest Version Release Added On: 11th Jun 2023
Developers: Reallusion",False,False,False,False,True,False,False,True,False,False,1186469504,,,,,,,,,842,3,,2024-02-24T06:37:19+00:00,,,,[],
pc_softwares,https://t.me/pc_softwares,4716,2024-02-24 06:37:16,"System Requirements For Reallusion Cartoon Animator <DATE_TIME>
Before you start Reallusion Cartoon Animator <DATE_TIME> free download, make sure your PC meets minimum system requirements.

Operating System: Window <DATE_TIME>
Memory (RAM): 2 GB of RAM required.
Hard Disk Space: 1 GB of free space required.
Processor: Intel Dual Core or higher processor",False,False,False,False,True,False,False,True,False,False,1186469504,,,,,,,,,854,4,,2024-02-24T06:37:19+00:00,,,,[],
pc_softwares,https://t.me/pc_softwares,4717,2024-02-24 06:37:25,Channel : @pc_softwares,False,False,False,False,True,False,False,False,False,False,1186469504,,,,,,,,,854,10,"{'_': 'MessageReplies', 'replies': 0, 'replies_pts': 12107, 'comments': True, 'recent_repliers': [], 'channel_id': 1333903492, 'max_id': None, 'read_max_id': None}",2024-02-24T17:36:11+00:00,,,"{'_': 'MessageReactions', 'results': [{'_': 'ReactionCount', 'reaction': {'_': 'ReactionEmoji', 'emoticon': '❤'}, 'count': 1, 'chosen_order': None}], 'min': False, 'can_see_list': False, 'reactions_as_tags': False, 'recent_reactions': []}",[],
pc_softwares,https://t.me/pc_softwares,4718,2024-02-24 06:37:26,,False,False,False,False,True,False,False,True,False,False,1186469504,,,,,,,,,834,0,"{'_': 'MessageReplies', 'replies': 0, 'replies_pts': 12107, 'comments': True, 'recent_repliers': [], 'channel_id': 1333903492, 'max_id': None, 'read_max_id': None}",2024-02-24T06:38:04+00:00,,,"{'_': 'MessageReactions', 'results': [{'_': 'ReactionCount', 'reaction': {'_': 'ReactionEmoji', 'emoticon': '❤'}, 'count': 6, 'chosen_order': None}], 'min': False, 'can_see_list': False, 'reactions_as_tags': False, 'recent_reactions': []}",[],
