Channel ID,URL,Post ID,date,message,out,mentioned,media_unread,silent,post,from_scheduled,legacy,edit_hide,pinned,noforwards,peer_channel,from_id_user,fwd_from,via_bot_id,reply_to_msg_id,reply_to_scheduled,forum_topic,media_photo_id,reply_markup,views,forwards,replies,edit_date,post_author,grouped_id,reactions,restriction_reason,ttl_period
pradzeemods,https://t.me/pradzeemods,4788,2024-01-16 18:53:25,"⏳ Rave – Watch Party
🎯 v5.6.54 [Premium]

ℹ️ App Details: Enjoy YouTube, watch Netflix and listen to music with your friends!

🅿️ Gp Link: <PERSON>⚙️ Mod Features:
❂ Pro / Paid Features Unlocked
❂ Arm64-v8a only
<PERSON>📥 Download Below 📥
🔗 DevUpload 🔗
🔗 DropGalaxy 🔗",False,False,False,False,True,False,False,True,False,False,1781255367,,,,,,,5.852533784736547e+18,,12515,18,"{'_': 'MessageReplies', 'replies': 2, 'replies_pts': 27475, 'comments': True, 'recent_repliers': [{'_': 'PeerUser', 'user_id': 795444616}, {'_': 'PeerUser', 'user_id': 6808361355}], 'channel_id': 1541589093, 'max_id': 12566, 'read_max_id': None}",2024-01-16T18:53:35+00:00,,,"{'_': 'MessageReactions', 'results': [{'_': 'ReactionCount', 'reaction': {'_': 'ReactionEmoji', 'emoticon': '👍'}, 'count': 20, 'chosen_order': None}], 'min': False, 'can_see_list': False, 'reactions_as_tags': False, 'recent_reactions': []}",[],
pradzeemods,https://t.me/pradzeemods,4820,2024-01-29 23:44:37,"🔥 Investing.com: Stock Market v6.21.7 [Premium]

ℹ️ App Details: Get real-time stock alerts and breaking news to track volatile markets now!

🅿️ Gp Link: com.fusionmedia.investing

⚙️ Mod Features:
◉ Pro / Paid Features Unlocked
◉ CPUs: universal",False,False,False,False,True,False,False,True,False,False,1781255367,,,,,,,,,7619,44,"{'_': 'MessageReplies', 'replies': 0, 'replies_pts': 27475, 'comments': True, 'recent_repliers': [], 'channel_id': 1541589093, 'max_id': None, 'read_max_id': None}",2024-01-30T00:02:14+00:00,,,"{'_': 'MessageReactions', 'results': [{'_': 'ReactionCount', 'reaction': {'_': 'ReactionEmoji', 'emoticon': '❤'}, 'count': 6, 'chosen_order': None}, {'_': 'ReactionCount', 'reaction': {'_': 'ReactionEmoji', 'emoticon': '🤩'}, 'count': 6, 'chosen_order': None}, {'_': 'ReactionCount', 'reaction': {'_': 'ReactionEmoji', 'emoticon': '👍'}, 'count': 2, 'chosen_order': None}, {'_': 'ReactionCount', 'reaction': {'_': 'ReactionEmoji', 'emoticon': '🎉'}, 'count': 1, 'chosen_order': None}, {'_': 'ReactionCount', 'reaction': {'_': 'ReactionEmoji', 'emoticon': '🤗'}, 'count': 1, 'chosen_order': None}], 'min': False, 'can_see_list': False, 'reactions_as_tags': False, 'recent_reactions': []}",[],
pradzeemods,https://t.me/pradzeemods,4893,2024-02-21 07:30:40,"⏳ Add Text: Text on Photo Editor
🎯 v11.0.0 [Premium]

ℹ️ App Details: All-in-one editor for text creation with 1000+ fonts

🅿️ Gp Link: com.nand.addtext

⚙️ Mod Features:
❂ Pro / Paid Features Unlocked
❂ Universal CPU",False,False,False,False,True,False,False,True,False,False,1781255367,,,,,,,,,3520,19,"{'_': 'MessageReplies', 'replies': 0, 'replies_pts': 27475, 'comments': True, 'recent_repliers': [], 'channel_id': 1541589093, 'max_id': None, 'read_max_id': None}",2024-02-21T07:30:49+00:00,,,"{'_': 'MessageReactions', 'results': [{'_': 'ReactionCount', 'reaction': {'_': 'ReactionEmoji', 'emoticon': '❤'}, 'count': 7, 'chosen_order': None}, {'_': 'ReactionCount', 'reaction': {'_': 'ReactionEmoji', 'emoticon': '👍'}, 'count': 1, 'chosen_order': None}, {'_': 'ReactionCount', 'reaction': {'_': 'ReactionEmoji', 'emoticon': '🔥'}, 'count': 1, 'chosen_order': None}], 'min': False, 'can_see_list': False, 'reactions_as_tags': False, 'recent_reactions': []}",[],
pradzeemods,https://t.me/pradzeemods,4906,2024-02-23 07:55:00,"⏳ Video Compressor - ShrinkVid
🎯 v1.1.114 [Premium]

ℹ️ App Details: Best video compressor app to reduce video file size. Compress video to any size.

🅿️ Gp Link: com.freeconvert.video_compressor

⚙️ Mod Features:
❂ Pro / Paid Features Unlocked
❂ Arm64-v8a Only",False,False,False,False,True,False,False,True,False,False,1781255367,,,,,,,,,2463,26,"{'_': 'MessageReplies', 'replies': 0, 'replies_pts': 27475, 'comments': True, 'recent_repliers': [], 'channel_id': 1541589093, 'max_id': None, 'read_max_id': None}",2024-02-23T07:55:50+00:00,,,"{'_': 'MessageReactions', 'results': [{'_': 'ReactionCount', 'reaction': {'_': 'ReactionEmoji', 'emoticon': '🥰'}, 'count': 5, 'chosen_order': None}, {'_': 'ReactionCount', 'reaction': {'_': 'ReactionEmoji', 'emoticon': '👍'}, 'count': 3, 'chosen_order': None}, {'_': 'ReactionCount', 'reaction': {'_': 'ReactionEmoji', 'emoticon': '❤'}, 'count': 2, 'chosen_order': None}], 'min': False, 'can_see_list': False, 'reactions_as_tags': False, 'recent_reactions': []}",[],
pradzeemods,https://t.me/pradzeemods,4908,2024-02-23 15:28:56,"Thanks for 20k Subscribers 
i Couldn't have done it alone
                      thanks <PERSON>",False,False,False,False,True,False,False,False,True,False,1781255367,,,,,,,5.965222679927702e+18,,2322,1,"{'_': 'MessageReplies', 'replies': 1, 'replies_pts': 27475, 'comments': True, 'recent_repliers': [{'_': 'PeerChannel', 'channel_id': 1785562992}], 'channel_id': 1541589093, 'max_id': 12690, 'read_max_id': None}",2024-02-23T15:29:13+00:00,,,"{'_': 'MessageReactions', 'results': [{'_': 'ReactionCount', 'reaction': {'_': 'ReactionEmoji', 'emoticon': '🎉'}, 'count': 35, 'chosen_order': None}, {'_': 'ReactionCount', 'reaction': {'_': 'ReactionEmoji', 'emoticon': '❤'}, 'count': 6, 'chosen_order': None}, {'_': 'ReactionCount', 'reaction': {'_': 'ReactionEmoji', 'emoticon': '🥰'}, 'count': 2, 'chosen_order': None}, {'_': 'ReactionCount', 'reaction': {'_': 'ReactionEmoji', 'emoticon': '👏'}, 'count': 2, 'chosen_order': None}, {'_': 'ReactionCount', 'reaction': {'_': 'ReactionEmoji', 'emoticon': '🔥'}, 'count': 1, 'chosen_order': None}, {'_': 'ReactionCount', 'reaction': {'_': 'ReactionEmoji', 'emoticon': '\U0001fae1'}, 'count': 1, 'chosen_order': None}], 'min': False, 'can_see_list': False, 'reactions_as_tags': False, 'recent_reactions': []}",[],
pradzeemods,https://t.me/pradzeemods,4916,2024-02-24 20:38:30,"i have opened the group back for commenting, now you can request and comment the issues you encounter with mods, in their respective places",False,False,False,False,True,False,False,True,False,False,1781255367,,,,,,,,,829,0,"{'_': 'MessageReplies', 'replies': 15, 'replies_pts': 27475, 'comments': True, 'recent_repliers': [{'_': 'PeerUser', 'user_id': 6183820087}, {'_': 'PeerUser', 'user_id': 5342907663}, {'_': 'PeerUser', 'user_id': 6828339684}], 'channel_id': 1541589093, 'max_id': 12742, 'read_max_id': None}",2024-02-24T20:39:19+00:00,,,"{'_': 'MessageReactions', 'results': [{'_': 'ReactionCount', 'reaction': {'_': 'ReactionEmoji', 'emoticon': '👏'}, 'count': 13, 'chosen_order': None}, {'_': 'ReactionCount', 'reaction': {'_': 'ReactionEmoji', 'emoticon': '👍'}, 'count': 2, 'chosen_order': None}, {'_': 'ReactionCount', 'reaction': {'_': 'ReactionEmoji', 'emoticon': '🔥'}, 'count': 1, 'chosen_order': None}, {'_': 'ReactionCount', 'reaction': {'_': 'ReactionEmoji', 'emoticon': '🥰'}, 'count': 1, 'chosen_order': None}], 'min': False, 'can_see_list': False, 'reactions_as_tags': False, 'recent_reactions': []}",[],
pradzeemods,https://t.me/pradzeemods,4919,2024-02-24 22:41:15,"⏳ VPN Indonesia - Fast Super VPN
🎯 v1.8.5.1 [Premium]

ℹ️ App Details: Fast unlimited VPN proxy, stable VPN servers. Protect online privacy and secure

🅿️ Gp Link: free.vpn.secure.turbo.proxy.hotspot.vpnindonesia

⚙️ Mod Features:
❂ Pro / Paid Features Unlocked
❂ Arm64-v8a only",False,False,False,False,True,False,False,True,False,False,1781255367,,,,,,,,,598,6,"{'_': 'MessageReplies', 'replies': 0, 'replies_pts': 27475, 'comments': True, 'recent_repliers': [], 'channel_id': 1541589093, 'max_id': None, 'read_max_id': None}",2024-02-24T22:43:36+00:00,,,"{'_': 'MessageReactions', 'results': [{'_': 'ReactionCount', 'reaction': {'_': 'ReactionEmoji', 'emoticon': '🔥'}, 'count': 5, 'chosen_order': None}, {'_': 'ReactionCount', 'reaction': {'_': 'ReactionEmoji', 'emoticon': '👍'}, 'count': 1, 'chosen_order': None}], 'min': False, 'can_see_list': False, 'reactions_as_tags': False, 'recent_reactions': []}",[],
pradzeemods,https://t.me/pradzeemods,4920,2024-02-24 22:45:52,"⏳ Vivid Art: AI Image Generator
🎯 v1.0.9 [Premium]

ℹ️ App Details: AI image and art generator

🅿️ Gp Link: <PERSON>
❂ Pro / Paid Features Unlocked
❂ CPUs: Arm64-v8a
❂ Full Multi Languages
❂ All debug Info Removed",False,False,False,False,True,False,False,True,False,False,1781255367,,,,,,,,,624,7,"{'_': 'MessageReplies', 'replies': 0, 'replies_pts': 27475, 'comments': True, 'recent_repliers': [], 'channel_id': 1541589093, 'max_id': None, 'read_max_id': None}",2024-02-24T22:47:03+00:00,,,"{'_': 'MessageReactions', 'results': [{'_': 'ReactionCount', 'reaction': {'_': 'ReactionEmoji', 'emoticon': '🔥'}, 'count': 5, 'chosen_order': None}, {'_': 'ReactionCount', 'reaction': {'_': 'ReactionEmoji', 'emoticon': '👍'}, 'count': 2, 'chosen_order': None}, {'_': 'ReactionCount', 'reaction': {'_': 'ReactionEmoji', 'emoticon': '❤'}, 'count': 1, 'chosen_order': None}], 'min': False, 'can_see_list': False, 'reactions_as_tags': False, 'recent_reactions': []}",[],
