Channel ID,URL,Post ID,date,message,out,mentioned,media_unread,silent,post,from_scheduled,legacy,edit_hide,pinned,noforwards,peer_channel,from_id_user,fwd_from,via_bot_id,reply_to_msg_id,reply_to_scheduled,forum_topic,media_photo_id,reply_markup,views,forwards,replies,edit_date,post_author,grouped_id,reactions,restriction_reason,ttl_period
publicmodsglobal,https://t.me/publicmodsglobal,88,2024-02-08 01:07:18,,False,False,False,False,True,False,False,True,False,False,1921187663,,,,,,,,,3178,0,"{'_': 'MessageReplies', 'replies': 2, 'replies_pts': 1991, 'comments': True, 'recent_repliers': [{'_': 'PeerUser', 'user_id': 953516098}, {'_': 'PeerUser', 'user_id': 5157284930}], 'channel_id': 1933717536, 'max_id': 992, 'read_max_id': None}",2024-03-23T06:56:30+00:00,,,"{'_': 'MessageReactions', 'results': [], 'min': False, 'can_see_list': False, 'reactions_as_tags': False, 'recent_reactions': []}",[],
publicmodsglobal,https://t.me/publicmodsglobal,89,2024-02-09 18:03:17,"1.Create account 
2.Key Recharge

Get key
https://pastebin.com/saaYYHr8

Login Password : <NRP>

Note, the same account doesn't use key multiple times otherwise I'll ban your account.",False,False,False,False,True,False,False,True,False,False,1921187663,,,,,,,,,2962,8,"{'_': 'MessageReplies', 'replies': 0, 'replies_pts': 1991, 'comments': True, 'recent_repliers': [], 'channel_id': 1933717536, 'max_id': None, 'read_max_id': None}",2024-02-10T04:37:50+00:00,,,"{'_': 'MessageReactions', 'results': [{'_': 'ReactionCount', 'reaction': {'_': 'ReactionEmoji', 'emoticon': '👍'}, 'count': 4, 'chosen_order': None}], 'min': False, 'can_see_list': False, 'reactions_as_tags': False, 'recent_reactions': []}",[],
