Channel ID,URL,Post ID,date,message,out,mentioned,media_unread,silent,post,from_scheduled,legacy,edit_hide,pinned,noforwards,peer_channel,from_id_user,fwd_from,via_bot_id,reply_to_msg_id,reply_to_scheduled,forum_topic,media_photo_id,reply_markup,views,forwards,replies,edit_date,post_author,grouped_id,reactions,restriction_reason,ttl_period
satanmodss,https://t.me/satanmodss,621,2024-01-18 19:52:43,,False,False,False,True,True,,False,,,,1885189998,,,,620.0,False,False,,,,,,,,,,,
satanmodss,https://t.me/satanmodss,670,2024-02-22 21:04:23,Photo Quality can be changed in upcoming Gallery Editor,False,False,False,False,True,False,False,True,False,False,1885189998,,,,,,,5.386548559177964e+18,,1169.0,1.0,"{'_': 'MessageReplies', 'replies': 3, 'replies_pts': 37604, 'comments': True, 'recent_repliers': [{'_': 'PeerUser', 'user_id': 973313846}, {'_': 'PeerUser', 'user_id': 4548158}, {'_': 'PeerUser', 'user_id': 502281079}], 'channel_id': 1246767419, 'max_id': 25782, 'read_max_id': None}",2024-02-22T21:04:27+00:00,Satan,,"{'_': 'MessageReactions', 'results': [{'_': 'ReactionCount', 'reaction': {'_': 'ReactionEmoji', 'emoticon': '👍'}, 'count': 16, 'chosen_order': None}, {'_': 'ReactionCount', 'reaction': {'_': 'ReactionEmoji', 'emoticon': '🔥'}, 'count': 8, 'chosen_order': None}, {'_': 'ReactionCount', 'reaction': {'_': 'ReactionEmoji', 'emoticon': '❤'}, 'count': 3, 'chosen_order': None}, {'_': 'ReactionCount', 'reaction': {'_': 'ReactionEmoji', 'emoticon': '🥰'}, 'count': 2, 'chosen_order': None}], 'min': False, 'can_see_list': False, 'reactions_as_tags': False, 'recent_reactions': []}",[],
satanmodss,https://t.me/satanmodss,671,2024-02-23 19:45:13,"Security Center Mod CN v8.8.3
#Security

What's Unlocked
• Many Mod toggles in settings
• Removed countdown to install apps from unknown sources
• New Video Toolbox with all options
• Game Turbo with all options
• <PERSON> for every game
• Paid Voice Changer (showoff maybe)
• Option to disable any app
• More Toolbox shortcuts
• Touch Controls (may not work)
• Performance Mode
• Incognito Mode, Auto tasks
• Cn permissions
• Theatre Mode
• Disabling System Apps
• Bg autostart option
• Battery Temperature
• Excellent Battery
• Daily Data Plan
• Optimize Charging, Boost Charging Speed etc
• Many Tool box Shortcuts
• Shutdown Confirmation & more
• All Shortcuts

Instructions
• Disable System Verification 
• Clear data/Uninstall updates twice
• For Combos : MiMacro

Links
• Download
• Screenshots
• Screenshots

💌 Donate
• Paypal

Other Links
• <PERSON>

@SatanModss @SatanModsChat @HyperOS_Mods",False,False,False,False,True,False,False,False,True,False,1885189998,,,,,,,6.25343700149166e+18,,1017.0,21.0,"{'_': 'MessageReplies', 'replies': 19, 'replies_pts': 37604, 'comments': True, 'recent_repliers': [{'_': 'PeerUser', 'user_id': 672478207}, {'_': 'PeerUser', 'user_id': 2081661812}, {'_': 'PeerUser', 'user_id': 5006590444}], 'channel_id': 1246767419, 'max_id': 25907, 'read_max_id': None}",2024-02-23T19:56:49+00:00,Satan,,"{'_': 'MessageReactions', 'results': [{'_': 'ReactionCount', 'reaction': {'_': 'ReactionEmoji', 'emoticon': '👍'}, 'count': 4, 'chosen_order': None}, {'_': 'ReactionCount', 'reaction': {'_': 'ReactionEmoji', 'emoticon': '🔥'}, 'count': 3, 'chosen_order': None}, {'_': 'ReactionCount', 'reaction': {'_': 'ReactionEmoji', 'emoticon': '❤'}, 'count': 2, 'chosen_order': None}, {'_': 'ReactionCount', 'reaction': {'_': 'ReactionEmoji', 'emoticon': '🥰'}, 'count': 2, 'chosen_order': None}, {'_': 'ReactionCount', 'reaction': {'_': 'ReactionEmoji', 'emoticon': '👏'}, 'count': 2, 'chosen_order': None}], 'min': False, 'can_see_list': False, 'reactions_as_tags': False, 'recent_reactions': []}",[],
satanmodss,https://t.me/satanmodss,672,2024-02-23 19:45:15,,False,False,False,True,True,,False,,,,1885189998,,,,671.0,False,False,,,,,,,,,,,
satanmodss,https://t.me/satanmodss,674,2024-02-25 16:30:52,,False,False,False,False,True,False,False,True,False,False,1885189998,,,,673.0,False,False,6.258176171485282e+18,,771.0,8.0,,2024-02-25T17:06:19+00:00,Satan,1.3671029220597364e+16,"{'_': 'MessageReactions', 'results': [{'_': 'ReactionCount', 'reaction': {'_': 'ReactionEmoji', 'emoticon': '👍'}, 'count': 2, 'chosen_order': None}, {'_': 'ReactionCount', 'reaction': {'_': 'ReactionEmoji', 'emoticon': '🔥'}, 'count': 1, 'chosen_order': None}], 'min': False, 'can_see_list': False, 'reactions_as_tags': False, 'recent_reactions': []}",[],
satanmodss,https://t.me/satanmodss,675,2024-02-25 16:30:52,,False,False,False,False,True,False,False,True,False,False,1885189998,,,,673.0,False,False,6.258176171485282e+18,,797.0,8.0,,2024-02-25T16:30:55+00:00,Satan,1.3671029220597364e+16,,[],
satanmodss,https://t.me/satanmodss,677,2024-02-25 16:59:21,something cooking .. let's see,False,False,False,False,True,False,False,True,True,False,1885189998,,"{'_': 'MessageFwdHeader', 'date': '2024-02-25T16:58:04+00:00', 'imported': False, 'saved_out': False, 'from_id': None, 'from_name': 'Satan', 'channel_post': None, 'post_author': None, 'saved_from_peer': None, 'saved_from_msg_id': None, 'saved_from_id': None, 'saved_from_name': None, 'saved_date': None, 'psa_type': None}",,,,,6.257822390734145e+18,,689.0,4.0,"{'_': 'MessageReplies', 'replies': 5, 'replies_pts': 37604, 'comments': True, 'recent_repliers': [{'_': 'PeerUser', 'user_id': 5729469208}, {'_': 'PeerUser', 'user_id': 515732823}, {'_': 'PeerUser', 'user_id': 5006590444}], 'channel_id': 1246767419, 'max_id': 25997, 'read_max_id': None}",2024-02-25T16:59:41+00:00,Satan,,"{'_': 'MessageReactions', 'results': [{'_': 'ReactionCount', 'reaction': {'_': 'ReactionEmoji', 'emoticon': '❤\u200d🔥'}, 'count': 8, 'chosen_order': None}, {'_': 'ReactionCount', 'reaction': {'_': 'ReactionEmoji', 'emoticon': '😁'}, 'count': 2, 'chosen_order': None}, {'_': 'ReactionCount', 'reaction': {'_': 'ReactionEmoji', 'emoticon': '❤'}, 'count': 1, 'chosen_order': None}, {'_': 'ReactionCount', 'reaction': {'_': 'ReactionEmoji', 'emoticon': '👏'}, 'count': 1, 'chosen_order': None}, {'_': 'ReactionCount', 'reaction': {'_': 'ReactionEmoji', 'emoticon': '🤩'}, 'count': 1, 'chosen_order': None}, {'_': 'ReactionCount', 'reaction': {'_': 'ReactionEmoji', 'emoticon': '💋'}, 'count': 1, 'chosen_order': None}], 'min': False, 'can_see_list': False, 'reactions_as_tags': False, 'recent_reactions': []}",[],
satanmodss,https://t.me/satanmodss,678,2024-02-25 17:04:27,,False,False,False,True,True,,False,,,,1885189998,,,,677.0,False,False,,,,,,,,,,,
satanmodss,https://t.me/satanmodss,679,2024-02-25 17:31:41,"Exclusive on our Channel 
Ai Portrait working 🔥🔥🔥

My Ai Photo Shots 😁

@SatanModss @Hyper_OS_Mods",False,False,False,False,True,False,False,False,True,False,1885189998,,,,,,,,,668.0,5.0,"{'_': 'MessageReplies', 'replies': 10, 'replies_pts': 37604, 'comments': True, 'recent_repliers': [{'_': 'PeerUser', 'user_id': 5006590444}, {'_': 'PeerUser', 'user_id': 1866572576}, {'_': 'PeerUser', 'user_id': 1831372552}], 'channel_id': 1246767419, 'max_id': 25991, 'read_max_id': None}",2024-02-25T18:09:29+00:00,Satan,,"{'_': 'MessageReactions', 'results': [{'_': 'ReactionCount', 'reaction': {'_': 'ReactionEmoji', 'emoticon': '❤\u200d🔥'}, 'count': 12, 'chosen_order': None}, {'_': 'ReactionCount', 'reaction': {'_': 'ReactionEmoji', 'emoticon': '🔥'}, 'count': 3, 'chosen_order': None}, {'_': 'ReactionCount', 'reaction': {'_': 'ReactionEmoji', 'emoticon': '🏆'}, 'count': 1, 'chosen_order': None}], 'min': False, 'can_see_list': False, 'reactions_as_tags': False, 'recent_reactions': []}",[],
satanmodss,https://t.me/satanmodss,680,2024-02-25 17:32:03,,False,False,False,True,True,,False,,,,1885189998,,,,679.0,False,False,,,,,,,,,,,
satanmodss,https://t.me/satanmodss,683,2024-02-25 17:38:21,"Some Ai Shots..🔥Hd and Normal

@SatanModss @HyperOS_Mods",False,False,False,False,True,False,False,False,False,False,1885189998,,,,,,,6.260564581323751e+18,,670.0,2.0,,2024-02-25T18:13:41+00:00,Satan,1.3671061607222292e+16,,[],
satanmodss,https://t.me/satanmodss,686,2024-02-25 22:31:35,,False,False,False,True,True,,False,,,,1885189998,,,,685.0,False,False,,,,,,,,,,,
satanmodss,https://t.me/satanmodss,688,2024-02-26 05:40:27,,False,False,False,True,True,,False,,,,1885189998,,,,687.0,False,False,,,,,,,,,,,
satanmodss,https://t.me/satanmodss,690,2024-02-26 05:47:13,,False,False,False,False,True,False,False,True,False,False,1885189998,,,,,,,6.262816381137436e+18,,175.0,0.0,,2024-02-26T05:47:16+00:00,Satan,1.3671411463334884e+16,,[],
satanmodss,https://t.me/satanmodss,695,2024-02-26 19:55:27,Share Your Ai Shots of your creativity 📱 🔥🔥,False,False,False,False,True,False,False,True,True,False,1885189998,,,,693.0,False,False,,,1263.0,1.0,"{'_': 'MessageReplies', 'replies': 32, 'replies_pts': 38587, 'comments': True, 'recent_repliers': [{'_': 'PeerUser', 'user_id': 629543808}, {'_': 'PeerUser', 'user_id': 5006590444}, {'_': 'PeerUser', 'user_id': 701342015}], 'channel_id': 1246767419, 'max_id': 26799, 'read_max_id': None}",2024-02-26T19:55:32+00:00,Satan,,"{'_': 'MessageReactions', 'results': [{'_': 'ReactionCount', 'reaction': {'_': 'ReactionEmoji', 'emoticon': '👍'}, 'count': 7, 'chosen_order': None}], 'min': False, 'can_see_list': False, 'reactions_as_tags': False, 'recent_reactions': []}",[],
satanmodss,https://t.me/satanmodss,697,2024-02-28 11:36:01,"<PERSON>
#Joyose

What's Unlocked
• <PERSON>
• Cloud Control Disabled

Links
• Download
• Screenshots

💌 Donate
• Paypal

@SatanModss @SatanModsChat @HyperOS_Mods",False,False,False,False,True,False,False,True,True,False,1885189998,,,,,,,6.251185201677975e+18,,1070.0,10.0,"{'_': 'MessageReplies', 'replies': 4, 'replies_pts': 38587, 'comments': True, 'recent_repliers': [{'_': 'PeerUser', 'user_id': 609517172}, {'_': 'PeerUser', 'user_id': 6486715364}, {'_': 'PeerUser', 'user_id': 6974494158}], 'channel_id': 1246767419, 'max_id': 26785, 'read_max_id': None}",2024-02-28T11:36:05+00:00,Satan,,"{'_': 'MessageReactions', 'results': [{'_': 'ReactionCount', 'reaction': {'_': 'ReactionEmoji', 'emoticon': '👍'}, 'count': 4, 'chosen_order': None}], 'min': False, 'can_see_list': False, 'reactions_as_tags': False, 'recent_reactions': []}",[],
satanmodss,https://t.me/satanmodss,709,2024-02-29 15:35:18,,False,False,False,True,True,,False,,,,1885189998,,,,708.0,False,False,,,,,,,,,,,
satanmodss,https://t.me/satanmodss,711,2024-03-07 20:21:48,,False,False,False,True,True,,False,,,,1885189998,,,,710.0,False,False,,,,,,,,,,,
satanmodss,https://t.me/satanmodss,712,2024-03-08 20:27:48,"<PERSON>

What's Unlocked
• Now xiaomi phone users can use this pad app on their phone
• All features unlocked like pdf, copy Image, etc

Links
• Downlaod
• Screenshots

Donate 💌
• Paypal

@SatanModss @HyperOS_Mods",False,False,False,True,True,False,False,True,True,False,1885189998,,,,,,,6.296153736900361e+18,,1202.0,3.0,"{'_': 'MessageReplies', 'replies': 3, 'replies_pts': 39402, 'comments': True, 'recent_repliers': [{'_': 'PeerUser', 'user_id': 5006590444}, {'_': 'PeerUser', 'user_id': 6554678934}], 'channel_id': 1246767419, 'max_id': 27121, 'read_max_id': None}",2024-03-08T20:27:53+00:00,@SatanModss,,"{'_': 'MessageReactions', 'results': [{'_': 'ReactionCount', 'reaction': {'_': 'ReactionEmoji', 'emoticon': '👍'}, 'count': 1, 'chosen_order': None}, {'_': 'ReactionCount', 'reaction': {'_': 'ReactionEmoji', 'emoticon': '❤'}, 'count': 1, 'chosen_order': None}, {'_': 'ReactionCount', 'reaction': {'_': 'ReactionEmoji', 'emoticon': '💯'}, 'count': 1, 'chosen_order': None}], 'min': False, 'can_see_list': False, 'reactions_as_tags': False, 'recent_reactions': []}",[],
satanmodss,https://t.me/satanmodss,713,2024-03-08 20:27:51,,False,False,False,True,True,,False,,,,1885189998,,,,712.0,False,False,,,,,,,,,,,
satanmodss,https://t.me/satanmodss,714,2024-03-09 11:06:13,"Gallery Editor Mod v1.<DATE_TIME>
#Gallery_Editor

What's New
• Ai Expansion & Erase Pro unlocked but doesn't work
What's Unlocked
• Cutout, Art, ID, Video Effects 
• Mi clip & Vlog/Video Editor
• Background blur/bokeh
• Sky & Text on Sky Filter
• Color Focus Filter
• All Beautify options: 
 Smart,Skin,Face,Body,Hd Portrait
• Animal Beauty
• Leica, Film & Master Filters
• Leica, Redmi & Poco Art frames & device watermark on it
• Disney Frames, Bokeh, Stickers, Backgrounds
• All Remover options: 
  Objects,People,Line,food 
  shadow
• Video Effects & increased limit
   to 20 secs
• Import Filters for video
• Screenshot Frame for many
  devices And Much more !!
Links
• Download
• NewScreenshots
• Screenshots
• Screenshots

💌 Donate
• Paypal

Instructions
• Disable sign verification and install it
• Uninstall updates if any then install

@SatanModss @HyperOS_Mods",False,False,False,True,True,False,False,False,True,False,1885189998,,,,,,,6.219695815723695e+18,,1042.0,4.0,"{'_': 'MessageReplies', 'replies': 20, 'replies_pts': 39402, 'comments': True, 'recent_repliers': [{'_': 'PeerUser', 'user_id': 788519565}, {'_': 'PeerUser', 'user_id': 819807521}, {'_': 'PeerUser', 'user_id': 5006590444}], 'channel_id': 1246767419, 'max_id': 27344, 'read_max_id': None}",2024-03-09T12:20:06+00:00,@SatanModss,,"{'_': 'MessageReactions', 'results': [{'_': 'ReactionCount', 'reaction': {'_': 'ReactionEmoji', 'emoticon': '❤'}, 'count': 6, 'chosen_order': None}, {'_': 'ReactionCount', 'reaction': {'_': 'ReactionEmoji', 'emoticon': '👍'}, 'count': 2, 'chosen_order': None}, {'_': 'ReactionCount', 'reaction': {'_': 'ReactionEmoji', 'emoticon': '🔥'}, 'count': 1, 'chosen_order': None}], 'min': False, 'can_see_list': False, 'reactions_as_tags': False, 'recent_reactions': []}",[],
satanmodss,https://t.me/satanmodss,715,2024-03-09 11:06:16,,False,False,False,True,True,,False,,,,1885189998,,,,714.0,False,False,,,,,,,,,,,
satanmodss,https://t.me/satanmodss,718,2024-03-11 21:41:02,"HyperOS Gallery & Gallery Editor Mod Ports
(for Aosp/Non-miui Roms)

#Port #Ported_Gallery
#Ported_Gallery_Editor

What's Unlocked
• All features (Read Notes)

Links
• Downlaod - Gallery Mod Port v3.6.2.3
• Download - Gallery Editor Mod Port v1.<DATE_TIME>
• Screenshots • Screenshots

Notes
• For Non-Miui Roms
• No root required, just direct install apks
• Some features may not work as these are ports

Donate 💌
• Paypal

@SatanModss @HyperOS_Mods",False,False,False,True,True,False,False,False,True,False,1885189998,,,,,,,6.303007761675435e+18,,520.0,7.0,"{'_': 'MessageReplies', 'replies': 2, 'replies_pts': 39402, 'comments': True, 'recent_repliers': [{'_': 'PeerUser', 'user_id': 1060797864}, {'_': 'PeerUser', 'user_id': 725867307}], 'channel_id': 1246767419, 'max_id': 27448, 'read_max_id': None}",2024-03-12T02:35:45+00:00,@SatanModss,,"{'_': 'MessageReactions', 'results': [{'_': 'ReactionCount', 'reaction': {'_': 'ReactionEmoji', 'emoticon': '❤'}, 'count': 4, 'chosen_order': None}, {'_': 'ReactionCount', 'reaction': {'_': 'ReactionEmoji', 'emoticon': '🔥'}, 'count': 2, 'chosen_order': None}, {'_': 'ReactionCount', 'reaction': {'_': 'ReactionEmoji', 'emoticon': '👍'}, 'count': 1, 'chosen_order': None}, {'_': 'ReactionCount', 'reaction': {'_': 'ReactionEmoji', 'emoticon': '🥰'}, 'count': 1, 'chosen_order': None}, {'_': 'ReactionCount', 'reaction': {'_': 'ReactionEmoji', 'emoticon': '🗿'}, 'count': 1, 'chosen_order': None}], 'min': False, 'can_see_list': False, 'reactions_as_tags': False, 'recent_reactions': []}",[],
satanmodss,https://t.me/satanmodss,719,2024-03-11 21:41:05,,False,False,False,True,True,,False,,,,1885189998,,,,718.0,False,False,,,,,,,,,,,
satanmodss,https://t.me/satanmodss,721,2024-03-12 16:20:04,,False,False,False,True,True,,False,,,,1885189998,,,,720.0,False,False,,,,,,,,,,,
satanmodss,https://t.me/satanmodss,722,2024-03-13 17:34:38,"<PERSON>, Gallery Editor & Bokeh Mod Ports
(for Aosp/Non-miui Roms)

#Port #Ported_Gallery
#Ported_Gallery_Editor
#Ported_Bokeh

What's Unlocked
• All features (Read Notes)

Links
• Downlaod - Gallery Mod Port v3.6.2.3
• Download - Gallery Editor Port v1.<IP_ADDRESS>
• Download - Bokeh Port v2.<IP_ADDRESS>
• Screenshots • Screenshots
• Screenshots

Notes
• For Non-Miui Roms
• No root required, just direct install apks
• Some features may not work as these are ports

Donate 💌
• Paypal

@SatanModss @HyperOS_Mods",False,False,False,True,True,False,False,True,True,False,1885189998,,,,,,,6.310054986964386e+18,,2886.0,15.0,"{'_': 'MessageReplies', 'replies': 11, 'replies_pts': 41949, 'comments': True, 'recent_repliers': [{'_': 'PeerUser', 'user_id': 5498825281}, {'_': 'PeerUser', 'user_id': 7077839456}, {'_': 'PeerUser', 'user_id': 1438045922}], 'channel_id': 1246767419, 'max_id': 28240, 'read_max_id': None}",2024-03-13T17:34:44+00:00,@SatanModss,,"{'_': 'MessageReactions', 'results': [{'_': 'ReactionCount', 'reaction': {'_': 'ReactionEmoji', 'emoticon': '👍'}, 'count': 3, 'chosen_order': None}, {'_': 'ReactionCount', 'reaction': {'_': 'ReactionEmoji', 'emoticon': '❤'}, 'count': 1, 'chosen_order': None}, {'_': 'ReactionCount', 'reaction': {'_': 'ReactionEmoji', 'emoticon': '🥰'}, 'count': 1, 'chosen_order': None}, {'_': 'ReactionCount', 'reaction': {'_': 'ReactionEmoji', 'emoticon': '👏'}, 'count': 1, 'chosen_order': None}], 'min': False, 'can_see_list': False, 'reactions_as_tags': False, 'recent_reactions': []}",[],
satanmodss,https://t.me/satanmodss,723,2024-03-13 17:34:41,,False,False,False,True,True,,False,,,,1885189998,,,,722.0,False,False,,,,,,,,,,,
satanmodss,https://t.me/satanmodss,724,2024-03-13 17:45:45,"So Xiaomi gonna remove ""play video sound with screen off"" feature from Security Toolbox in future updates because of Google (YouTube).",False,False,False,True,True,False,False,True,False,False,1885189998,,,,,,,,,2855.0,6.0,"{'_': 'MessageReplies', 'replies': 6, 'replies_pts': 41949, 'comments': True, 'recent_repliers': [{'_': 'PeerUser', 'user_id': 1135816683}, {'_': 'PeerUser', 'user_id': 997365164}, {'_': 'PeerUser', 'user_id': 4548158}], 'channel_id': 1246767419, 'max_id': 27900, 'read_max_id': None}",2024-03-13T18:22:23+00:00,@SatanModss,,"{'_': 'MessageReactions', 'results': [{'_': 'ReactionCount', 'reaction': {'_': 'ReactionEmoji', 'emoticon': '😱'}, 'count': 7, 'chosen_order': None}, {'_': 'ReactionCount', 'reaction': {'_': 'ReactionEmoji', 'emoticon': '👍'}, 'count': 3, 'chosen_order': None}], 'min': False, 'can_see_list': False, 'reactions_as_tags': False, 'recent_reactions': []}",[],
satanmodss,https://t.me/satanmodss,725,2024-03-14 21:11:32,"<PERSON>, Gallery Editor, Bokeh, File Manager, Weather Mod Ports
(for Aosp/Non-miui Roms)

#Port #Ports

What's Unlocked
• All features (Read Notes)

Links
• Downlaod - Gallery Mod Port v3.6.2.3
• Download - Gallery Editor Port v1.<IP_ADDRESS>
• Screenshots • Screenshots

• Download - Bokeh Port v2.<IP_ADDRESS>
• Screenshots

• Download - File Manager Port v5.0.2.9
• Screenshots

• Download - Weather Port v15.0.7.1
• Screenshots

Notes
• For Non-Miui Roms
• No root required, just direct install apks
• Some features may not work as these are ports

Donate 💌
• Paypal

@SatanModss @HyperOS_Mods",False,False,False,True,True,False,False,True,True,False,1885189998,,,,,,,6.312155359116115e+18,,2855.0,29.0,"{'_': 'MessageReplies', 'replies': 1, 'replies_pts': 41949, 'comments': True, 'recent_repliers': [{'_': 'PeerUser', 'user_id': 1698423378}], 'channel_id': 1246767419, 'max_id': 28203, 'read_max_id': None}",2024-03-14T21:11:41+00:00,@SatanModss,,"{'_': 'MessageReactions', 'results': [{'_': 'ReactionCount', 'reaction': {'_': 'ReactionEmoji', 'emoticon': '🤯'}, 'count': 7, 'chosen_order': None}, {'_': 'ReactionCount', 'reaction': {'_': 'ReactionEmoji', 'emoticon': '👍'}, 'count': 3, 'chosen_order': None}, {'_': 'ReactionCount', 'reaction': {'_': 'ReactionEmoji', 'emoticon': '❤'}, 'count': 2, 'chosen_order': None}, {'_': 'ReactionCount', 'reaction': {'_': 'ReactionEmoji', 'emoticon': '🔥'}, 'count': 1, 'chosen_order': None}, {'_': 'ReactionCount', 'reaction': {'_': 'ReactionEmoji', 'emoticon': '👏'}, 'count': 1, 'chosen_order': None}], 'min': False, 'can_see_list': False, 'reactions_as_tags': False, 'recent_reactions': []}",[],
satanmodss,https://t.me/satanmodss,726,2024-03-14 21:11:39,,False,False,False,True,True,,False,,,,1885189998,,,,725.0,False,False,,,,,,,,,,,
satanmodss,https://t.me/satanmodss,727,2024-03-15 21:52:27,"Gallery Editor <PERSON>

What's New
• New Movie Filters
What's Unlocked
• Ai Expansion & Erase Pro (not working rn)
• Cutout, Art, ID, Video Effects 
• Mi clip & Vlog/Video Editor
• Background blur/bokeh
• Sky & Text on Sky Filter
• Color Focus Filter
• All Beautify options: 
 Smart,Skin,Face,Body,Hd Portrait
• Animal Beauty
• Leica, Film & Master Filters
• Leica, Redmi & Poco Art frames & device watermark on it
• Disney Frames, Bokeh, Stickers, Backgrounds
• All Remover options: 
  Objects,People,Line,food 
  shadow
• Video Effects & increased limit
   to 20 secs
• Import Filters for video
• Screenshot Frame for many
  devices And Much more !!

Links
• Download
• NewScreenshots
• Screenshots
• Screenshots

💌 Donate
• Paypal

Instructions
• Disable sign verification and install it
• This is in apks format so use mt manager or Sai installer
• Uninstall updates if any then install

@SatanModss @HyperOS_Mods",False,False,False,True,True,False,False,True,True,False,1885189998,,,,,,,6.219695815723695e+18,,2572.0,14.0,"{'_': 'MessageReplies', 'replies': 23, 'replies_pts': 41949, 'comments': True, 'recent_repliers': [{'_': 'PeerUser', 'user_id': 701342015}, {'_': 'PeerUser', 'user_id': 458433155}, {'_': 'PeerUser', 'user_id': 6554678934}], 'channel_id': 1246767419, 'max_id': 28704, 'read_max_id': None}",2024-03-15T21:52:53+00:00,Satan,,"{'_': 'MessageReactions', 'results': [{'_': 'ReactionCount', 'reaction': {'_': 'ReactionEmoji', 'emoticon': '❤'}, 'count': 5, 'chosen_order': None}, {'_': 'ReactionCount', 'reaction': {'_': 'ReactionEmoji', 'emoticon': '👍'}, 'count': 4, 'chosen_order': None}, {'_': 'ReactionCount', 'reaction': {'_': 'ReactionEmoji', 'emoticon': '❤\u200d🔥'}, 'count': 1, 'chosen_order': None}, {'_': 'ReactionCount', 'reaction': {'_': 'ReactionEmoji', 'emoticon': '🔥'}, 'count': 1, 'chosen_order': None}, {'_': 'ReactionCount', 'reaction': {'_': 'ReactionEmoji', 'emoticon': '👏'}, 'count': 1, 'chosen_order': None}], 'min': False, 'can_see_list': False, 'reactions_as_tags': False, 'recent_reactions': []}",[],
satanmodss,https://t.me/satanmodss,728,2024-03-15 21:52:30,,False,False,False,True,True,,False,,,,1885189998,,,,727.0,False,False,,,,,,,,,,,
satanmodss,https://t.me/satanmodss,729,2024-03-17 09:59:45,So Ai Portrait also available to global users now ...in gallery v3.6.x.x series,False,False,False,True,True,False,False,True,True,False,1885189998,,,,,,,6.321194079135842e+18,,2424.0,2.0,"{'_': 'MessageReplies', 'replies': 12, 'replies_pts': 41949, 'comments': True, 'recent_repliers': [{'_': 'PeerUser', 'user_id': 1866572576}, {'_': 'PeerUser', 'user_id': 1611239881}, {'_': 'PeerUser', 'user_id': 5006590444}], 'channel_id': 1246767419, 'max_id': 28575, 'read_max_id': None}",2024-03-17T10:00:12+00:00,Satan,,"{'_': 'MessageReactions', 'results': [{'_': 'ReactionCount', 'reaction': {'_': 'ReactionEmoji', 'emoticon': '🔥'}, 'count': 11, 'chosen_order': None}, {'_': 'ReactionCount', 'reaction': {'_': 'ReactionEmoji', 'emoticon': '👍'}, 'count': 2, 'chosen_order': None}, {'_': 'ReactionCount', 'reaction': {'_': 'ReactionEmoji', 'emoticon': '❤'}, 'count': 1, 'chosen_order': None}], 'min': False, 'can_see_list': False, 'reactions_as_tags': False, 'recent_reactions': []}",[],
satanmodss,https://t.me/satanmodss,730,2024-03-17 09:59:47,,False,False,False,True,True,,False,,,,1885189998,,,,729.0,False,False,,,,,,,,,,,
satanmodss,https://t.me/satanmodss,731,2024-03-17 17:13:54,"HyperOS Gallery Mod CN v3.<DATE_TIME>
#Gallery

What's New
• Global Ai Portrait Unlocked and Working
What's Unlocked
• Recommended Tab
• Creativity Features :
 Art- Cutout - Mi Clip   -  ID
Video Editor  - Video Effects
• Pdf • Recognize Text (Ocr) 
• Ios like <PERSON> feature
• Video Compression
• Recognize Table (Scanner)
• Remover2 • Peripheral
• Protective Watermark
• Clipboard  • HDR option
• Google Lens Added for all roms
• Nearby Share added for all roms
• Identify objects on Photos
• Documents, Refocus & Dynamic Capture (needs bokeh mod)  & Much more

Links
• Default Mod : Download (<PERSON> for Gl rom)
• Plus Mod : Download (<PERSON> for cn rom)
• Secreenshots
• What's Ai Portrait
• Screenshots
• Screenshots

Donate 💌
• Paypal

Intructions
• Disable Signature Verification
• Use with Gallery Editor Mod for mostly features
• For pdf : <PERSON>
• For person <PERSON> : Mi Ai Engine

@SatanModss @SatanModsChat
@HyperOS_Mods",False,False,False,True,True,False,False,False,True,False,1885189998,,,,,,,6.260564581323751e+18,,2489.0,18.0,"{'_': 'MessageReplies', 'replies': 5, 'replies_pts': 41949, 'comments': True, 'recent_repliers': [{'_': 'PeerUser', 'user_id': 1832991791}, {'_': 'PeerUser', 'user_id': 861362414}, {'_': 'PeerUser', 'user_id': 5006590444}], 'channel_id': 1246767419, 'max_id': 29209, 'read_max_id': None}",2024-03-17T17:14:32+00:00,Satan,,"{'_': 'MessageReactions', 'results': [{'_': 'ReactionCount', 'reaction': {'_': 'ReactionEmoji', 'emoticon': '❤'}, 'count': 5, 'chosen_order': None}, {'_': 'ReactionCount', 'reaction': {'_': 'ReactionEmoji', 'emoticon': '👍'}, 'count': 4, 'chosen_order': None}, {'_': 'ReactionCount', 'reaction': {'_': 'ReactionEmoji', 'emoticon': '🔥'}, 'count': 1, 'chosen_order': None}, {'_': 'ReactionCount', 'reaction': {'_': 'ReactionEmoji', 'emoticon': '🥰'}, 'count': 1, 'chosen_order': None}, {'_': 'ReactionCount', 'reaction': {'_': 'ReactionEmoji', 'emoticon': '🤯'}, 'count': 1, 'chosen_order': None}], 'min': False, 'can_see_list': False, 'reactions_as_tags': False, 'recent_reactions': []}",[],
satanmodss,https://t.me/satanmodss,732,2024-03-17 17:13:57,,False,False,False,True,True,,False,,,,1885189998,,,,731.0,False,False,,,,,,,,,,,
satanmodss,https://t.me/satanmodss,733,2024-03-18 10:00:00,"Ai Portraits Mod v1.0.0.1-Gl
#Ai_Portraits

What's Unlocked
• Removed beta permissions thing
• Access to everyone now

Links
• Download

💌 Donate
• Paypal

Instructions
• Disable sign verification and install it
• Use with this Gallery Mod

@SatanModss @HyperOS_Mods",False,False,False,True,True,False,False,True,True,False,1885189998,,,,,,,6.323517896961146e+18,,2856.0,20.0,"{'_': 'MessageReplies', 'replies': 17, 'replies_pts': 41949, 'comments': True, 'recent_repliers': [{'_': 'PeerUser', 'user_id': 7077839456}, {'_': 'PeerUser', 'user_id': 1866572576}, {'_': 'PeerUser', 'user_id': 5006590444}], 'channel_id': 1246767419, 'max_id': 28802, 'read_max_id': None}",2024-03-18T10:00:46+00:00,Satan,,"{'_': 'MessageReactions', 'results': [{'_': 'ReactionCount', 'reaction': {'_': 'ReactionEmoji', 'emoticon': '👍'}, 'count': 5, 'chosen_order': None}, {'_': 'ReactionCount', 'reaction': {'_': 'ReactionEmoji', 'emoticon': '❤'}, 'count': 4, 'chosen_order': None}, {'_': 'ReactionCount', 'reaction': {'_': 'ReactionEmoji', 'emoticon': '🔥'}, 'count': 1, 'chosen_order': None}, {'_': 'ReactionCount', 'reaction': {'_': 'ReactionEmoji', 'emoticon': '🥰'}, 'count': 1, 'chosen_order': None}], 'min': False, 'can_see_list': False, 'reactions_as_tags': False, 'recent_reactions': []}",[],
satanmodss,https://t.me/satanmodss,734,2024-03-18 10:00:04,,False,False,False,True,True,,False,,,,1885189998,,,,733.0,False,False,,,,,,,,,,,
satanmodss,https://t.me/satanmodss,735,2024-03-18 10:00:43,"if anyone having issue of seeing ""beta permissions thing"" or network issue then they can try this !!",False,False,False,True,True,False,False,True,False,False,1885189998,,,,733.0,False,False,,,2514.0,0.0,"{'_': 'MessageReplies', 'replies': 0, 'replies_pts': 41949, 'comments': True, 'recent_repliers': [], 'channel_id': 1246767419, 'max_id': None, 'read_max_id': None}",2024-03-18T10:00:49+00:00,Satan,,"{'_': 'MessageReactions', 'results': [{'_': 'ReactionCount', 'reaction': {'_': 'ReactionEmoji', 'emoticon': '👍'}, 'count': 10, 'chosen_order': None}], 'min': False, 'can_see_list': False, 'reactions_as_tags': False, 'recent_reactions': []}",[],
satanmodss,https://t.me/satanmodss,736,2024-03-20 10:56:35,"File Manager <PERSON>
#File_Manager

What's Unlocked
• Storage Tab as default
  instead of Recent
• Copy image to clipboard
• Midrive disabled by default
• Removed 10sec countdown
  to turn off <NRP>
• Other things

Links
• Download
• Screenshots

Donate 💌
• Paypal

@SatanModss @HyperOS_Mods",False,False,False,True,True,False,False,True,True,False,1885189998,,,,,,,6.271599159761026e+18,,2272.0,4.0,"{'_': 'MessageReplies', 'replies': 1, 'replies_pts': 41949, 'comments': True, 'recent_repliers': [{'_': 'PeerUser', 'user_id': 5498825281}], 'channel_id': 1246767419, 'max_id': 28894, 'read_max_id': None}",2024-03-20T10:56:39+00:00,Satan,,"{'_': 'MessageReactions', 'results': [{'_': 'ReactionCount', 'reaction': {'_': 'ReactionEmoji', 'emoticon': '👍'}, 'count': 5, 'chosen_order': None}, {'_': 'ReactionCount', 'reaction': {'_': 'ReactionEmoji', 'emoticon': '🗿'}, 'count': 2, 'chosen_order': None}], 'min': False, 'can_see_list': False, 'reactions_as_tags': False, 'recent_reactions': []}",[],
satanmodss,https://t.me/satanmodss,737,2024-03-20 10:56:38,,False,False,False,True,True,,False,,,,1885189998,,,,736.0,False,False,,,,,,,,,,,
satanmodss,https://t.me/satanmodss,738,2024-03-21 11:38:11,"Gallery Editor Mod v1.<IP_ADDRESS>
#Gallery_Editor

What's New
• New Atmosphere Filters in video/vlog editor 
What's Unlocked
• Ai Expansion & Erase Pro (not working for mostly)
• Cutout, Art, ID, Video Effects 
• Mi clip & Vlog/Video Editor
• Background blur/bokeh
• Sky & Text on Sky Filter
• Color Focus Filter
• All Beautify options: 
 Smart,Skin,Face,Body,Hd Portrait
• Animal Beauty
• Leica, Film & Master Filters
• Leica, Redmi & Poco Art frames & device watermark on it
• Disney Frames, Bokeh, Stickers, Backgrounds
• All Remover options: 
  Objects,People,Line,food 
  shadow
• Video Effects & increased limit
   to 20 secs
• Import Filters for video
• Screenshot Frame for many
  devices And Much more !!

Links
• Download
• NewScreenshots
• Screenshots
• Screenshots

💌 Donate
• Paypal

Instructions
• Disable sign verification and install it
• Uninstall updates if any then install

@SatanModss @HyperOS_Mods",False,False,False,True,True,False,False,True,True,False,1885189998,,,,,,,6.219695815723695e+18,,2466.0,7.0,"{'_': 'MessageReplies', 'replies': 13, 'replies_pts': 41949, 'comments': True, 'recent_repliers': [{'_': 'PeerUser', 'user_id': 5006590444}, {'_': 'PeerUser', 'user_id': 1712639023}, {'_': 'PeerUser', 'user_id': 502281079}], 'channel_id': 1246767419, 'max_id': 29025, 'read_max_id': None}",2024-03-21T11:38:25+00:00,Satan,,"{'_': 'MessageReactions', 'results': [{'_': 'ReactionCount', 'reaction': {'_': 'ReactionEmoji', 'emoticon': '👍'}, 'count': 4, 'chosen_order': None}, {'_': 'ReactionCount', 'reaction': {'_': 'ReactionEmoji', 'emoticon': '❤'}, 'count': 3, 'chosen_order': None}, {'_': 'ReactionCount', 'reaction': {'_': 'ReactionEmoji', 'emoticon': '🔥'}, 'count': 2, 'chosen_order': None}, {'_': 'ReactionCount', 'reaction': {'_': 'ReactionEmoji', 'emoticon': '👏'}, 'count': 2, 'chosen_order': None}, {'_': 'ReactionCount', 'reaction': {'_': 'ReactionEmoji', 'emoticon': '❤\u200d🔥'}, 'count': 1, 'chosen_order': None}], 'min': False, 'can_see_list': False, 'reactions_as_tags': False, 'recent_reactions': []}",[],
satanmodss,https://t.me/satanmodss,739,2024-03-21 11:38:14,,False,False,False,True,True,,False,,,,1885189998,,,,738.0,False,False,,,,,,,,,,,
satanmodss,https://t.me/satanmodss,740,2024-03-22 21:44:13,"Gallery Editor Mod v1.7.1.4
#Gallery_Editor

What's Unlocked
• Ai Expansion & Erase Pro (not working for mostly)
• Cutout, Art, ID, Video Effects 
• Mi clip & Vlog/Video Editor
• Background blur/bokeh
• Sky & Text on Sky Filter
• Color Focus Filter
• All Beautify options: 
 Smart,Skin,Face,Body,Hd Portrait
• Animal Beauty
• Leica, Film & Master Filters
• Leica, Redmi & Poco Art frames & device watermark on it
• Disney Frames, Bokeh, Stickers, Backgrounds
• All Remover options: 
  Objects,People,Line,food 
  shadow
• Video Effects & increased limit
   to 20 secs
• Import Filters for video
• Screenshot Frame for many
  devices And Much more !!

Links
• Download
• NewScreenshots
• Screenshots
• Screenshots

💌 Donate
• Paypal

Instructions
• Disable sign verification and install it
• Uninstall updates if any then install

@SatanModss @HyperOS_Mods",False,False,False,True,True,False,False,True,True,False,1885189998,,,,,,,6.219695815723695e+18,,2338.0,15.0,"{'_': 'MessageReplies', 'replies': 27, 'replies_pts': 41949, 'comments': True, 'recent_repliers': [{'_': 'PeerUser', 'user_id': 6932629067}, {'_': 'PeerUser', 'user_id': 609517172}, {'_': 'PeerUser', 'user_id': 5446789586}], 'channel_id': 1246767419, 'max_id': 29433, 'read_max_id': None}",2024-03-22T21:44:16+00:00,Satan,,"{'_': 'MessageReactions', 'results': [{'_': 'ReactionCount', 'reaction': {'_': 'ReactionEmoji', 'emoticon': '❤'}, 'count': 3, 'chosen_order': None}, {'_': 'ReactionCount', 'reaction': {'_': 'ReactionEmoji', 'emoticon': '👍'}, 'count': 2, 'chosen_order': None}, {'_': 'ReactionCount', 'reaction': {'_': 'ReactionEmoji', 'emoticon': '🔥'}, 'count': 1, 'chosen_order': None}], 'min': False, 'can_see_list': False, 'reactions_as_tags': False, 'recent_reactions': []}",[],
satanmodss,https://t.me/satanmodss,741,2024-03-22 21:44:15,,False,False,False,True,True,,False,,,,1885189998,,,,740.0,False,False,,,,,,,,,,,
satanmodss,https://t.me/satanmodss,742,2024-03-25 08:10:15,"<PERSON> v2.3.17
#Joyose

What's Unlocked
• <PERSON>
• Cloud Control Disabled

Links
• Download
• Screenshots

💌 Donate
• Paypal

@SatanModss @SatanModsChat @HyperOS_Mods",False,False,False,True,True,False,False,True,True,False,1885189998,,,,,,,6.251185201677975e+18,,2060.0,11.0,"{'_': 'MessageReplies', 'replies': 3, 'replies_pts': 41949, 'comments': True, 'recent_repliers': [{'_': 'PeerUser', 'user_id': 954390368}, {'_': 'PeerUser', 'user_id': 6974494158}, {'_': 'PeerUser', 'user_id': 1220895332}], 'channel_id': 1246767419, 'max_id': 29390, 'read_max_id': None}",2024-03-25T08:10:18+00:00,Satan,,"{'_': 'MessageReactions', 'results': [{'_': 'ReactionCount', 'reaction': {'_': 'ReactionEmoji', 'emoticon': '👍'}, 'count': 4, 'chosen_order': None}, {'_': 'ReactionCount', 'reaction': {'_': 'ReactionEmoji', 'emoticon': '🔥'}, 'count': 2, 'chosen_order': None}, {'_': 'ReactionCount', 'reaction': {'_': 'ReactionEmoji', 'emoticon': '❤'}, 'count': 1, 'chosen_order': None}], 'min': False, 'can_see_list': False, 'reactions_as_tags': False, 'recent_reactions': []}",[],
satanmodss,https://t.me/satanmodss,743,2024-03-25 08:10:17,,False,False,False,True,True,,False,,,,1885189998,,,,742.0,False,False,,,,,,,,,,,
satanmodss,https://t.me/satanmodss,744,2024-03-25 08:32:45,"<PERSON> #Bokeh

What's Unlocked
• Added Support for A10
• All Document features
• Refocus & Dynamic Capture

Links
• Download
• Screenshot

Instructions
• Use with Gallery Mod

@SatanModss @SatanModsChat @HyperOS_Mods",False,False,False,True,True,False,False,True,True,False,1885189998,,,,,,,6.057877713051565e+18,,2325.0,13.0,"{'_': 'MessageReplies', 'replies': 6, 'replies_pts': 41949, 'comments': True, 'recent_repliers': [{'_': 'PeerUser', 'user_id': 5006590444}, {'_': 'PeerUser', 'user_id': 4548158}, {'_': 'PeerUser', 'user_id': 1154169169}], 'channel_id': 1246767419, 'max_id': 29185, 'read_max_id': None}",2024-03-25T08:32:49+00:00,Satan,,"{'_': 'MessageReactions', 'results': [{'_': 'ReactionCount', 'reaction': {'_': 'ReactionEmoji', 'emoticon': '👍'}, 'count': 4, 'chosen_order': None}, {'_': 'ReactionCount', 'reaction': {'_': 'ReactionEmoji', 'emoticon': '❤'}, 'count': 1, 'chosen_order': None}], 'min': False, 'can_see_list': False, 'reactions_as_tags': False, 'recent_reactions': []}",[],
satanmodss,https://t.me/satanmodss,745,2024-03-25 08:32:48,,False,False,False,True,True,,False,,,,1885189998,,,,744.0,False,False,,,,,,,,,,,
satanmodss,https://t.me/satanmodss,746,2024-03-29 10:32:09,"Screen Recorder Mod v3.<IP_ADDRESS> #Screen_Recorder

What's Unlocked
• Recording upto 90fps
• Recording of both 
  system+mic sound together

Links
• Download
• Screenshots

Donate 💌
• Paypal

@SatanModss  @HyperOS_Mods",False,False,False,True,True,False,False,True,True,False,1885189998,,,,,,,6.165541694074895e+18,,1419.0,6.0,"{'_': 'MessageReplies', 'replies': 0, 'replies_pts': 41949, 'comments': True, 'recent_repliers': [], 'channel_id': 1246767419, 'max_id': None, 'read_max_id': None}",2024-03-29T10:32:12+00:00,Satan,,"{'_': 'MessageReactions', 'results': [{'_': 'ReactionCount', 'reaction': {'_': 'ReactionEmoji', 'emoticon': '👍'}, 'count': 5, 'chosen_order': None}, {'_': 'ReactionCount', 'reaction': {'_': 'ReactionEmoji', 'emoticon': '👏'}, 'count': 1, 'chosen_order': None}], 'min': False, 'can_see_list': False, 'reactions_as_tags': False, 'recent_reactions': []}",[],
satanmodss,https://t.me/satanmodss,747,2024-03-29 10:32:11,,False,False,False,True,True,,False,,,,1885189998,,,,746.0,False,False,,,,,,,,,,,
satanmodss,https://t.me/satanmodss,748,2024-04-01 10:02:50,"<PERSON>
#Joyose

What's Unlocked
• <PERSON>
• Cloud Control Disabled

Links
• Download
• Screenshots

💌 Donate
• Paypal

@SatanModss @SatanModsChat @HyperOS_Mods",False,False,False,True,True,False,False,True,True,False,1885189998,,,,,,,6.251185201677975e+18,,763.0,7.0,"{'_': 'MessageReplies', 'replies': 1, 'replies_pts': 41949, 'comments': True, 'recent_repliers': [{'_': 'PeerUser', 'user_id': 609517172}], 'channel_id': 1246767419, 'max_id': 29439, 'read_max_id': None}",2024-04-01T10:02:53+00:00,Satan,,"{'_': 'MessageReactions', 'results': [{'_': 'ReactionCount', 'reaction': {'_': 'ReactionEmoji', 'emoticon': '👍'}, 'count': 7, 'chosen_order': None}], 'min': False, 'can_see_list': False, 'reactions_as_tags': False, 'recent_reactions': []}",[],
satanmodss,https://t.me/satanmodss,749,2024-04-01 10:02:52,,False,False,False,True,True,,False,,,,1885189998,,,,748.0,False,False,,,,,,,,,,,
satanmodss,https://t.me/satanmodss,750,2024-04-01 11:41:09,"App Vault Mod v5.11.1
#<NRP>

What's Unlocked
• Paid Widgets for free
• All devices can add widgets on -1 screen
• Widgets Grouping on -1 screen

Instructions
• Use with Theme Manager <PERSON> and <PERSON>

Links
• Download
• Screenshots

💌 Donate
• Paypal

@SatanModss @SatanModsChat",False,False,False,True,True,False,False,True,True,False,1885189998,,,,,,,6.292034283442912e+18,,743.0,10.0,"{'_': 'MessageReplies', 'replies': 1, 'replies_pts': 41949, 'comments': True, 'recent_repliers': [{'_': 'PeerUser', 'user_id': 5006590444}], 'channel_id': 1246767419, 'max_id': 29444, 'read_max_id': None}",2024-04-01T11:41:12+00:00,Satan,,"{'_': 'MessageReactions', 'results': [{'_': 'ReactionCount', 'reaction': {'_': 'ReactionEmoji', 'emoticon': '👍'}, 'count': 4, 'chosen_order': None}, {'_': 'ReactionCount', 'reaction': {'_': 'ReactionEmoji', 'emoticon': '❤'}, 'count': 1, 'chosen_order': None}], 'min': False, 'can_see_list': False, 'reactions_as_tags': False, 'recent_reactions': []}",[],
satanmodss,https://t.me/satanmodss,751,2024-04-01 11:41:14,,False,False,False,True,True,,False,,,,1885189998,,,,750.0,False,False,,,,,,,,,,,
satanmodss,https://t.me/satanmodss,752,2024-04-01 15:52:09,"Mi Canvas Mod v1.1.2

What's Unlocked
• Now xiaomi phone users can use this pad app on their phone
• All features unlocked like pdf, copy Image, etc

Links
• Downlaod
• Screenshots

Donate 💌
• Paypal

@SatanModss @HyperOS_Mods",False,False,False,True,True,False,False,True,True,False,1885189998,,,,,,,6.296153736900361e+18,,537.0,6.0,"{'_': 'MessageReplies', 'replies': 3, 'replies_pts': 41949, 'comments': True, 'recent_repliers': [{'_': 'PeerUser', 'user_id': 6974494158}, {'_': 'PeerUser', 'user_id': 1938131186}, {'_': 'PeerUser', 'user_id': 609517172}], 'channel_id': 1246767419, 'max_id': 29464, 'read_max_id': None}",2024-04-01T15:52:12+00:00,Satan,,"{'_': 'MessageReactions', 'results': [{'_': 'ReactionCount', 'reaction': {'_': 'ReactionEmoji', 'emoticon': '👍'}, 'count': 2, 'chosen_order': None}], 'min': False, 'can_see_list': False, 'reactions_as_tags': False, 'recent_reactions': []}",[],
satanmodss,https://t.me/satanmodss,753,2024-04-01 15:52:19,,False,False,False,True,True,,False,,,,1885189998,,,,752.0,False,False,,,,,,,,,,,
satanmodss,https://t.me/satanmodss,755,2024-04-02 09:29:18,,False,False,False,True,True,,False,,,,1885189998,,,,754.0,False,False,,,,,,,,,,,
