Channel ID,URL,Post ID,date,message,out,mentioned,media_unread,silent,post,from_scheduled,legacy,edit_hide,pinned,noforwards,peer_channel,from_id_user,fwd_from,via_bot_id,reply_to_msg_id,reply_to_scheduled,forum_topic,media_photo_id,reply_markup,views,forwards,replies,edit_date,post_author,grouped_id,reactions,restriction_reason,ttl_period
spotify_mod_capcut_hotstar_apk,https://t.me/spotify_mod_capcut_hotstar_apk,349,2024-01-02 09:29:46,,False,False,False,False,True,False,False,True,False,False,1372021175,,,,,,,,,3398,0,"{'_': 'MessageReplies', 'replies': 0, 'replies_pts': 1554, 'comments': True, 'recent_repliers': [], 'channel_id': 1888819354, 'max_id': None, 'read_max_id': None}",2024-01-02T09:29:49+00:00,,,,[],
spotify_mod_capcut_hotstar_apk,https://t.me/spotify_mod_capcut_hotstar_apk,350,2024-01-02 09:29:46,"<PERSON> Editor <PERSON>🔰

 🌐Version: V1.162.33 (PRO)

⚡<PERSON>️Vip Unlocked

📥 Download - 
https://RSlinks.net/8v5i32xq

 ➖@Anonymous_CreewZ ➖",False,False,False,False,True,False,False,True,False,False,1372021175,,,,,,,,,4250,5,,2024-01-02T09:29:49+00:00,,,,[],
spotify_mod_capcut_hotstar_apk,https://t.me/spotify_mod_capcut_hotstar_apk,351,2024-01-04 15:09:31,,False,False,False,False,True,False,False,True,False,False,1372021175,,,,,,,,,3467,0,"{'_': 'MessageReplies', 'replies': 0, 'replies_pts': 1554, 'comments': True, 'recent_repliers': [], 'channel_id': 1888819354, 'max_id': None, 'read_max_id': None}",2024-01-04T15:09:34+00:00,,,,[],
spotify_mod_capcut_hotstar_apk,https://t.me/spotify_mod_capcut_hotstar_apk,352,2024-01-04 15:09:31,"🔰How To Find Out If You Have Been Hacked or If You are Being Monitored🔰 

➡<PERSON> installed GTA V mod menus when you were younger?
➡<PERSON> installed cracked programms?
➡<PERSON> installed some kind of cheats from the internet?
✔️Then theres mostly a 99% chance that you have gotten a hidden trojan already.

⭐️10 different Methods
⭐️23 different helpful tools
⭐️Detailed <NRP>THIS IS THE MOST DETAILLED POST YOU WILL EVER SEE SO <PERSON>!

🔗Tutorial Link:- 
https://RSlinks.net/dcb6j84h

➖@Anonymous_CreeWz➖",False,False,False,False,True,False,False,True,False,False,1372021175,,,,,,,,,4522,3,,2024-01-04T15:09:34+00:00,,,,[],
spotify_mod_capcut_hotstar_apk,https://t.me/spotify_mod_capcut_hotstar_apk,353,2024-01-07 10:03:37,,False,False,False,False,True,False,False,True,False,False,1372021175,,,,,,,,,3704,0,"{'_': 'MessageReplies', 'replies': 0, 'replies_pts': 1554, 'comments': True, 'recent_repliers': [], 'channel_id': 1888819354, 'max_id': None, 'read_max_id': None}",2024-01-07T10:03:40+00:00,,,,[],
spotify_mod_capcut_hotstar_apk,https://t.me/spotify_mod_capcut_hotstar_apk,354,2024-01-07 10:03:37,"🔰 Auto Clicker Mod Apk🔰

 🌐Version: <NRP>

⚡<PERSON>️ Premium features unlocked
➡️ Ads Removed

📥 Download - 
https://rslinks.net/mt4q8zjn

 ➖@Anonymous_CreewZ ➖",False,False,False,False,True,False,False,True,False,False,1372021175,,,,,,,,,4686,1,,2024-01-07T10:03:40+00:00,,,,[],
spotify_mod_capcut_hotstar_apk,https://t.me/spotify_mod_capcut_hotstar_apk,355,2024-01-12 05:32:54,,False,False,False,False,True,False,False,True,False,False,1372021175,,,,,,,,,3707,0,"{'_': 'MessageReplies', 'replies': 0, 'replies_pts': 1554, 'comments': True, 'recent_repliers': [], 'channel_id': 1888819354, 'max_id': None, 'read_max_id': None}",2024-01-12T05:32:57+00:00,,,,[],
spotify_mod_capcut_hotstar_apk,https://t.me/spotify_mod_capcut_hotstar_apk,356,2024-01-12 05:32:54,"🔰Duolingo Mod Apk🔰 

🆚 Version: 5.134.2

Ⓜ️ Mod Features 

▶️All Unlocked 
▶️Best app to learn languages

📥 Download - 
https://rslinks.net/axeiqc1n

➖@Anonymous_CreeWz➖",False,False,False,False,True,False,False,True,False,False,1372021175,,,,,,,,,4630,3,,2024-01-12T05:32:57+00:00,,,,[],
spotify_mod_capcut_hotstar_apk,https://t.me/spotify_mod_capcut_hotstar_apk,357,2024-01-16 17:11:02,,False,False,False,False,True,False,False,True,False,False,1372021175,,,,,,,,,3866,0,"{'_': 'MessageReplies', 'replies': 0, 'replies_pts': 1554, 'comments': True, 'recent_repliers': [], 'channel_id': 1888819354, 'max_id': None, 'read_max_id': None}",2024-01-16T17:11:05+00:00,,,,[],
spotify_mod_capcut_hotstar_apk,https://t.me/spotify_mod_capcut_hotstar_apk,358,2024-01-16 17:11:02,"🔰 Spotify: Listen to new music and play podcasts <PERSON>🔰

 🆚 Version: V8.9.4.304

Ⓜ️ Mod Features:

▶️Disabled Ads
▶️Unlocked Volume Control and Voice Feature
▶️Unlocked Spotify Connect 
▶️And More...

📥 Download :- 
https://rslinks.net/aq1jz836

 ➖@Anonymous_CreeWz➖",False,False,False,False,True,False,False,True,False,False,1372021175,,,,,,,,,4616,27,,2024-01-16T17:11:05+00:00,,,,[],
spotify_mod_capcut_hotstar_apk,https://t.me/spotify_mod_capcut_hotstar_apk,359,2024-01-18 16:46:42,,False,False,False,False,True,False,False,True,False,False,1372021175,,,,,,,,,4071,0,"{'_': 'MessageReplies', 'replies': 0, 'replies_pts': 1554, 'comments': True, 'recent_repliers': [], 'channel_id': 1888819354, 'max_id': None, 'read_max_id': None}",2024-01-18T16:46:45+00:00,,,,[],
spotify_mod_capcut_hotstar_apk,https://t.me/spotify_mod_capcut_hotstar_apk,360,2024-01-18 16:46:42,"🔰CapCut Pro : Video Editor <PERSON>🔰

🆚 Version: 10.8.0

Ⓜ️ Mod Features

▶️Glitch video effect,filters,overlays
▶️Add sounds and music in videos
▶️Video speed control, slow & fast.
▶️IF show Any Error Clear App Data
⚠️Note: Must Use 🇺🇸 USA VPN 

📥 Download - 
https://rslinks.net/zsi6fvar

➖@Anonymous_CreeWz ➖",False,False,False,False,True,False,False,True,False,False,1372021175,,,,,,,,,4693,23,,2024-01-18T16:46:45+00:00,,,,[],
spotify_mod_capcut_hotstar_apk,https://t.me/spotify_mod_capcut_hotstar_apk,361,2024-01-23 14:11:02,,False,False,False,False,True,False,False,True,False,False,1372021175,,,,,,,,,3631,0,"{'_': 'MessageReplies', 'replies': 0, 'replies_pts': 1554, 'comments': True, 'recent_repliers': [], 'channel_id': 1888819354, 'max_id': None, 'read_max_id': None}",2024-01-23T14:11:05+00:00,,,,[],
spotify_mod_capcut_hotstar_apk,https://t.me/spotify_mod_capcut_hotstar_apk,362,2024-01-23 14:11:02,"🔰 Advanced Download Manager & Torrent downloader Mod Apk🔰

🆚 Version: 14.0.27

Ⓜ️ Mod Features

▶️Pro features unlocked
▶️Optimized graphics and cleaned resources for fast load
▶️Disabled / Removed unwanted Permissions+Receivers and Services
▶️Appbrain removed
▶️Analytics/Crashlytics disabled

📥 Download - 
https://rslinks.net/o7xjv2iy

 ➖<PERSON>",False,False,False,False,True,False,False,True,False,False,1372021175,,,,,,,,,4123,1,,2024-01-23T14:11:05+00:00,,,,[],
spotify_mod_capcut_hotstar_apk,https://t.me/spotify_mod_capcut_hotstar_apk,363,2024-01-29 05:27:43,,False,False,False,False,True,False,False,True,False,False,1372021175,,,,,,,,,3162,0,"{'_': 'MessageReplies', 'replies': 0, 'replies_pts': 1554, 'comments': True, 'recent_repliers': [], 'channel_id': 1888819354, 'max_id': None, 'read_max_id': None}",2024-01-29T05:27:46+00:00,,,,[],
spotify_mod_capcut_hotstar_apk,https://t.me/spotify_mod_capcut_hotstar_apk,364,2024-01-29 05:27:44,"🔰 Free VPN - limitless secure hotspot proxy vpnify Mod Apk🔰

🆚 Version: 2.1.7

Ⓜ️ Mod Features

▶️Premium Unlocked
▶️Ads Removed
▶️All Servers Unlocked

📥 Download - 
https://rslinks.net/tfdxbaiw

➖@Anonymous_CreeWz➖",False,False,False,False,True,False,False,True,False,False,1372021175,,,,,,,,,3708,1,,2024-01-29T05:27:46+00:00,,,,[],
spotify_mod_capcut_hotstar_apk,https://t.me/spotify_mod_capcut_hotstar_apk,365,2024-02-02 16:22:29,,False,False,False,False,True,False,False,True,False,False,1372021175,,,,,,,,,2905,0,"{'_': 'MessageReplies', 'replies': 0, 'replies_pts': 1554, 'comments': True, 'recent_repliers': [], 'channel_id': 1888819354, 'max_id': None, 'read_max_id': None}",2024-02-02T16:22:32+00:00,,,,[],
spotify_mod_capcut_hotstar_apk,https://t.me/spotify_mod_capcut_hotstar_apk,366,2024-02-02 16:22:29,"🔰 <PERSON>: Learn coding in JavaScript, Python and HTML Mod Apk🔰

 🌐Version: 4.29

⚡<PERSON>️Premium Unlocked
➡️Store Items Activated
➡️All Projects Unlocked

📥 Download -
https://rslinks.net/ti1kx95w

➖ @Anonymous_CreeWz➖",False,False,False,False,True,False,False,True,False,False,1372021175,,,,,,,,,3508,3,,2024-02-02T16:22:32+00:00,,,,[],
spotify_mod_capcut_hotstar_apk,https://t.me/spotify_mod_capcut_hotstar_apk,367,2024-02-09 03:36:12,,False,False,False,False,True,False,False,True,False,False,1372021175,,,,,,,,,2439,0,"{'_': 'MessageReplies', 'replies': 0, 'replies_pts': 1554, 'comments': True, 'recent_repliers': [], 'channel_id': 1888819354, 'max_id': None, 'read_max_id': None}",2024-02-09T03:36:15+00:00,,,,[],
spotify_mod_capcut_hotstar_apk,https://t.me/spotify_mod_capcut_hotstar_apk,368,2024-02-09 03:36:12,"🔰 Spotify: Listen to new music and play podcasts <PERSON>🔰

 🆚 Version: v.8.9.6.458

Ⓜ️ Mod Features:

▶️Disabled Ads
▶️Unlocked Volume Control and Voice Feature
▶️Unlocked Spotify Connect 
▶️And More...

📥 Download :- 
https://rslinks.net/2ps9qjeg

 ➖<PERSON>",False,False,False,False,True,False,False,True,False,False,1372021175,,,,,,,,,2735,15,,2024-02-09T03:36:15+00:00,,,,[],
spotify_mod_capcut_hotstar_apk,https://t.me/spotify_mod_capcut_hotstar_apk,369,2024-02-13 10:29:27,,False,False,False,False,True,False,False,True,False,False,1372021175,,,,,,,,,1869,0,"{'_': 'MessageReplies', 'replies': 0, 'replies_pts': 1554, 'comments': True, 'recent_repliers': [], 'channel_id': 1888819354, 'max_id': None, 'read_max_id': None}",2024-02-13T10:29:30+00:00,,,,[],
spotify_mod_capcut_hotstar_apk,https://t.me/spotify_mod_capcut_hotstar_apk,370,2024-02-13 10:29:32,"🔰 EroFlix (18+) Mod Apk 🔰 

Ⓜ️ Version : 10.2 🔞🔞

⭕️ Features:- 

▶<PERSON> Removed

☑️ Download Mod - 
https://rslinks.net/3aqc6f1t

➖ @Anonymous_CreeWz➖",False,False,False,False,True,False,False,True,False,False,1372021175,,,,,,,,,2052,0,"{'_': 'MessageReplies', 'replies': 1, 'replies_pts': 1554, 'comments': True, 'recent_repliers': [{'_': 'PeerUser', 'user_id': 1982132875}], 'channel_id': 1888819354, 'max_id': 929, 'read_max_id': None}",2024-02-13T10:29:35+00:00,,,,[],
spotify_mod_capcut_hotstar_apk,https://t.me/spotify_mod_capcut_hotstar_apk,371,2024-02-17 16:29:02,,False,False,False,False,True,False,False,True,False,False,1372021175,,,,,,,,,1283,0,"{'_': 'MessageReplies', 'replies': 0, 'replies_pts': 1554, 'comments': True, 'recent_repliers': [], 'channel_id': 1888819354, 'max_id': None, 'read_max_id': None}",2024-02-17T16:29:05+00:00,,,,[],
spotify_mod_capcut_hotstar_apk,https://t.me/spotify_mod_capcut_hotstar_apk,372,2024-02-17 16:29:03,"​🔰 <PERSON>🔰 

ℹ️ <PERSON> is the most advanced, top-rated, fun, and bizarre deepfake and face swapping app Ever.

Ⓜ️ Version 4.5.0

⭕ Mod Features:-
▶️Pro Features Unlocked
▶️Watermark Disabled
▶️All Debug Info Removed
▶️All devices are Supported 

☑️ Download Mod:-
https://RSlinks.net/uo7lchp5

➖ @Anonymous_CreeWz➖",False,False,False,False,True,False,False,True,False,False,1372021175,,,,,,,,,1412,1,,2024-02-17T16:29:05+00:00,,,,[],
spotify_mod_capcut_hotstar_apk,https://t.me/spotify_mod_capcut_hotstar_apk,373,2024-02-22 04:35:28,,False,False,False,False,True,False,False,True,False,False,1372021175,,,,,,,,,680,0,"{'_': 'MessageReplies', 'replies': 0, 'replies_pts': 1554, 'comments': True, 'recent_repliers': [], 'channel_id': 1888819354, 'max_id': None, 'read_max_id': None}",2024-02-22T04:35:31+00:00,,,,[],
spotify_mod_capcut_hotstar_apk,https://t.me/spotify_mod_capcut_hotstar_apk,374,2024-02-22 04:35:33,"​🔰CapCut Pro : Video Editor <PERSON>🔰

🆚 Version: 11.1.0

Ⓜ️ Mod Features

▶️Glitch video effect,filters,overlays
▶️Add sounds and music in videos
▶️Video speed control, slow & fast.
▶️IF show Any Error Clear App Data
⚠️Note: Must Use 🇺🇸 USA VPN 

📥 Download - 
https://RSlinks.net/cpub8mkn

➖@Anonymous_CreeWz ➖",False,False,False,False,True,False,False,True,False,False,1372021175,,,,,,,,,694,1,"{'_': 'MessageReplies', 'replies': 3, 'replies_pts': 1554, 'comments': True, 'recent_repliers': [{'_': 'PeerUser', 'user_id': 5647245991}, {'_': 'PeerUser', 'user_id': 5303391260}], 'channel_id': 1888819354, 'max_id': 938, 'read_max_id': None}",2024-02-22T04:35:36+00:00,,,,[],
spotify_mod_capcut_hotstar_apk,https://t.me/spotify_mod_capcut_hotstar_apk,376,2024-02-26 13:58:11,"🔰 TikTok Mod Apk🔰

 🆚 Version: 33.6.3

Ⓜ️ Mod Features 

▶️No Watermark 
▶<PERSON> Removed  
▶️Country restriction removed.
▶️ users need vpn

📥 Download -
https://rslinks.net/pmr8yh

 ➖<PERSON>",False,False,False,False,True,False,False,True,False,False,1372021175,,,,,,,,,821,0,,2024-02-26T13:58:14+00:00,,,,[],
spotify_mod_capcut_hotstar_apk,https://t.me/spotify_mod_capcut_hotstar_apk,378,2024-03-02 16:27:43,"​​🔰 pornHub Mod  Apk🔰

 🆚 Version: 6.12.0 (Updated)

Ⓜ Mod Features

▶️Premium Unlocked
▶️No Ads
▶️All Content HD 
▶️Download Option Working (Login) 

Note 📝: Use VPN Else App won't Work 

📥 Download - https://RSlinks.net/o9dmnk1

 ➖@Anonymous_CreeWz➖",False,False,False,False,True,False,False,True,False,False,1372021175,,,,,,,,,49,1,"{'_': 'MessageReplies', 'replies': 0, 'replies_pts': 1565, 'comments': True, 'recent_repliers': [], 'channel_id': 1888819354, 'max_id': None, 'read_max_id': None}",2024-03-02T16:27:46+00:00,,,,[],
spotify_mod_capcut_hotstar_apk,https://t.me/spotify_mod_capcut_hotstar_apk,380,2024-03-08 10:39:43,"​​​​​<PERSON> [ VIP ] 🔰

 🆚 Version: V7.16.1.71671601

Ⓜ Mod Features

▶️VIP Unlocked
▶️No forced ads on exit 
▶️Best App To Download Video From YouTube and Other Websites

📥 Download - 
https://RSlinks.net/zyd2mhvi

 ➖<PERSON>",False,False,False,False,True,False,False,True,False,False,1372021175,,,,,,,,,39,0,,2024-03-08T10:39:46+00:00,,,,[],
spotify_mod_capcut_hotstar_apk,https://t.me/spotify_mod_capcut_hotstar_apk,382,2024-03-12 16:57:41,"🔰 Zedge Mod Apk🔰

 🆚 Version: v8.34.3

Ⓜ️ Mod Features

▶️Premium Unlocked                                                                                                                                                                                                                                                                                                                                                                                                                                                                                                                                                                                                                                                                                                                                                                                                                                                                                                                                                                                                                                                                                                                                                                                                                                                                                                                                                                                                                                                                                                                                                                                                                                                                     
▶<PERSON> Removed   

📥 Download - 
https://rslinks.net/817d2bxg

 ➖@Anonymus_CreeWz ➖",False,False,False,False,True,False,False,True,False,False,1372021175,,,,,,,,,9,0,,2024-03-12T16:57:44+00:00,,,,[],
spotify_mod_capcut_hotstar_apk,https://t.me/spotify_mod_capcut_hotstar_apk,384,2024-03-19 04:11:36,"​​🔰 BLu Mov!€s Adfree Mod🔰 

☮️Version- 5.0(🔞)

🆒App Features:- 

▶️ All Categories 18+ Vids 
▶️ Full HD Content🔥
▶️ Download video & much more 

🔗Download Now- 
https://RSlinks.net/k96csen7

➖ @Anonymous_CreeWz ➖",False,False,False,False,True,False,False,True,False,False,1372021175,,,,,,,,,21,1,"{'_': 'MessageReplies', 'replies': 0, 'replies_pts': 1578, 'comments': True, 'recent_repliers': [], 'channel_id': 1888819354, 'max_id': None, 'read_max_id': None}",2024-03-19T04:11:39+00:00,,,,[],
spotify_mod_capcut_hotstar_apk,https://t.me/spotify_mod_capcut_hotstar_apk,386,2024-03-25 13:03:29,"​​​​<DATE_TIME> SECURE Vpn Premium Mod 🔰

 🆚 Version:  4.2.2

Ⓜ️ Mod Features

▶️Unlimited access 
▶️No need to log in
▶️ Unlimited server
▶️No Ads   

📥 Download - 
https://RSlinks.net/6ijxyvc4

 ➖<PERSON>",False,False,False,False,True,False,False,True,False,False,1372021175,,,,,,,,,19,0,,2024-03-25T13:03:32+00:00,,,,[],
spotify_mod_capcut_hotstar_apk,https://t.me/spotify_mod_capcut_hotstar_apk,388,2024-03-30 15:03:50,"​​​​​🔰 YouTube Revanced Mod🔰

🆚 Version: Latest 

Ⓜ️ Mod Features

▶️Background Play Enabled 
▶️ Shorts & Upload Button Enabled 
▶️ <PERSON> enabled 
▶️Fixed Auto Close Issue
▶️ Optimized & Zipaligned 
▶️ Blocks all kinds of ads 
▶️ CPU Armeabi-v7a arm64-v8a 

📥 Download -
https://RSlinks.net/2xa7pbw9

✴<DATE_TIME> MicroG - 
https://10drives.com/b/arFOkraryEdybxOb

➖@Anonymous_CreeWz ➖",False,False,False,False,True,False,False,True,False,False,1372021175,,,,,,,,,36,3,,2024-03-30T15:03:53+00:00,,,,[],
