Channel ID,URL,Post ID,date,message,out,mentioned,media_unread,silent,post,from_scheduled,legacy,edit_hide,pinned,noforwards,peer_channel,from_id_user,fwd_from,via_bot_id,reply_to_msg_id,reply_to_scheduled,forum_topic,media_photo_id,reply_markup,views,forwards,replies,edit_date,post_author,grouped_id,reactions,restriction_reason,ttl_period
techguruzgh1,https://t.me/techguruzgh1,819,2024-01-08 12:12:41,"Network Speed and Usage Monitor 

✅ Install to check your Network Speed & Mobile Data Usage",False,False,False,False,True,False,False,True,False,False,1828773274,,,,,,,,,985,5,,2024-01-09T07:16:55+00:00,Tech Guruz GH | 🇬🇭,,"{'_': 'MessageReactions', 'results': [{'_': 'ReactionCount', 'reaction': {'_': 'ReactionEmoji', 'emoticon': '👍'}, 'count': 1, 'chosen_order': None}], 'min': False, 'can_see_list': False, 'reactions_as_tags': False, 'recent_reactions': []}",[],
techguruzgh1,https://t.me/techguruzgh1,820,2024-01-09 20:24:31,,False,False,False,False,True,False,False,False,False,False,1828773274,,,,,,,,,909,3,,,Tech Guruz GH | 🇬🇭,,,[],
techguruzgh1,https://t.me/techguruzgh1,821,2024-01-10 11:48:38,,False,False,False,False,True,False,False,True,False,False,1828773274,,,,,,,,,845,6,,2024-01-12T20:56:37+00:00,Tech Guruz GH | 🇬🇭,,"{'_': 'MessageReactions', 'results': [{'_': 'ReactionCount', 'reaction': {'_': 'ReactionEmoji', 'emoticon': '👍'}, 'count': 1, 'chosen_order': None}], 'min': False, 'can_see_list': False, 'reactions_as_tags': False, 'recent_reactions': []}",[],
techguruzgh1,https://t.me/techguruzgh1,822,2024-01-10 11:48:38,,False,False,False,False,True,False,False,False,False,False,1828773274,,,,,,,,,818,7,,,Tech Guruz GH | 🇬🇭,,,[],
techguruzgh1,https://t.me/techguruzgh1,823,2024-01-10 11:48:39,USE THIS APP TO DOWNLOAD MOVIES ON DIMMO,False,False,False,False,True,False,False,False,False,False,1828773274,,,,,,,,,826,1,,,Tech Guruz GH | 🇬🇭,,,[],
techguruzgh1,https://t.me/techguruzgh1,824,2024-01-17 09:56:19,"Blok Ads Via Custom Domain Name System 

- Change it under Settings>Network & Internet > Private DNS

1. CloudFlare DNS (recommended)
1dot1dot1dot1.cloudflare-dns.com

2. Adguard DNS \[Adblocking Supported]
dns.adguard.com

3. Uncensored DNS
anycast.censurfridns.dk
unicast.censurfridns.dk

4. Google DNS
dns.google

5. Quad9 DNS
dns.quad9.net

6. Tiar DNS [Adblocking Dns Supported] (Recommend)
dot.tiar.app",False,False,False,False,True,False,False,True,False,False,1828773274,,,,,,,,,645,5,,2024-01-31T12:20:40+00:00,Tech Guruz GH | 🇬🇭,,"{'_': 'MessageReactions', 'results': [{'_': 'ReactionCount', 'reaction': {'_': 'ReactionEmoji', 'emoticon': '👍'}, 'count': 2, 'chosen_order': None}], 'min': False, 'can_see_list': False, 'reactions_as_tags': False, 'recent_reactions': []}",[],
techguruzgh1,https://t.me/techguruzgh1,825,2024-01-17 12:51:15,"How To Block Ads On Your Phone Via Custom DNS

Samsung Phones 
👉 Open  Settings
👉 Connections
👉 More Connection Settings
👉 Private DNS
👉 Tap on private DNS  provider hostname 
👉 Input dot.tiar.app
👉 Save

✅✅✅✅✅✅✅✅✅

Other Phones
👉 Open Settings
👉 Network & Internet
👉 Private DNS
👉 Input dot.tiar.app
👉 Save

✅✅✅✅✅✅✅✅✅

Universal Method
✳️ Open settings
✳️ Search Private DNS 
✳️ input dot.tiar.app at private DNS  provider hostname 
✳️ Save

✅✅✅✅✅✅✅✅✅",False,False,False,False,True,False,False,True,False,False,1828773274,,,,,,,,,729,6,,2024-01-17T15:25:57+00:00,Tech Guruz GH | 🇬🇭,,"{'_': 'MessageReactions', 'results': [{'_': 'ReactionCount', 'reaction': {'_': 'ReactionEmoji', 'emoticon': '👍'}, 'count': 2, 'chosen_order': None}, {'_': 'ReactionCount', 'reaction': {'_': 'ReactionEmoji', 'emoticon': '❤'}, 'count': 1, 'chosen_order': None}], 'min': False, 'can_see_list': False, 'reactions_as_tags': False, 'recent_reactions': []}",[],
techguruzgh1,https://t.me/techguruzgh1,826,2024-01-17 15:09:34,https://youtu.be/xu2w2ZvLU38,False,False,False,False,True,False,False,False,False,False,1828773274,,,,,,,,,791,1,,,Tech Guruz GH | 🇬🇭,,,[],
techguruzgh1,https://t.me/techguruzgh1,827,2024-01-19 14:04:05,"Football Live

✅ 𝑭𝒐𝒐𝒕𝒃𝒂𝒍𝒍 <PERSON> 𝑽𝑷𝑵𝒔 
<PERSON> 𝒅𝒆𝒗𝒊𝒄𝒆𝒔",False,False,False,False,True,False,False,False,False,False,1828773274,,,,,,,,,765,17,,,Tech Guruz GH | 🇬🇭,,,[],
techguruzgh1,https://t.me/techguruzgh1,828,2024-01-20 17:00:12,"🔄🔄🔄🔄 UPDATED 🔄🔄🔄🔄

🌟Watch Christian Movies and TV Series!
🌟Listen to Christian Praise Music, Worship songs
🌟Listen to Christian Radio Channels!
🌟Prayer Requests, Christian Blog &  Many more

➖➖@reversalxmods➖➖",False,False,False,False,True,False,False,False,False,False,1828773274,,,,,,,,,711,5,,,Tech Guruz GH | 🇬🇭,,,[],
techguruzgh1,https://t.me/techguruzgh1,829,2024-01-24 20:20:54,"Postwizz [Pro]

Post maker for Instagram with 10K+ design templates. Quick & Easy to Customize.",False,False,False,False,True,False,False,False,False,False,1828773274,,,,,,,,,530,1,,,Tech Guruz GH | 🇬🇭,1.3649021238778964e+16,,[],
techguruzgh1,https://t.me/techguruzgh1,830,2024-01-24 20:20:55,"Visiting Card Maker  [Pro]

Design visiting card or business cards with templates & visiting card maker app",False,False,False,False,True,False,False,False,False,False,1828773274,,,,,,,,,537,1,,,Tech Guruz GH | 🇬🇭,1.3649021238778964e+16,,[],
techguruzgh1,https://t.me/techguruzgh1,831,2024-01-24 20:20:55,"Invitation Maker  [Premium]

Party Invitation Card Maker, Baby Shower & Birthday Invitation Maker with RSVP",False,False,False,False,True,False,False,False,False,False,1828773274,,,,,,,,,567,1,,,Tech Guruz GH | 🇬🇭,1.3649021238778964e+16,,[],
techguruzgh1,https://t.me/techguruzgh1,832,2024-01-24 20:20:55,"Poster Maker [Pro]

Create a poster with the poster maker. 10000+ design templates. Quick & Easy.",False,False,False,False,True,False,False,False,False,False,1828773274,,,,,,,,,575,2,,,Tech Guruz GH | 🇬🇭,1.3649021238778964e+16,,[],
techguruzgh1,https://t.me/techguruzgh1,833,2024-01-24 20:21:29,"Banner Maker v61.0 [Pro]

Create a banner with banner maker & thumbnail maker. Quick & Easy to Use.",False,False,False,False,True,False,False,False,False,False,1828773274,,,,,,,,,537,1,,,Tech Guruz GH | 🇬🇭,,,[],
techguruzgh1,https://t.me/techguruzgh1,834,2024-01-24 20:21:50,"YuFace  [Premium]

AI selfie camera, camera AI, cute filters. Hair color changer & eye makeup",False,False,False,False,True,False,False,False,False,False,1828773274,,,,,,,,,549,2,,,Tech Guruz GH | 🇬🇭,1.3649021683317132e+16,,[],
techguruzgh1,https://t.me/techguruzgh1,835,2024-01-24 20:21:51,"VCUT v2.6.8 [VIP]

Edit video with songs, slideshow maker, photo editor and vlog maker",False,False,False,False,True,False,False,False,False,False,1828773274,,,,,,,,,606,2,,,Tech Guruz GH | 🇬🇭,1.3649021683317132e+16,,[],
techguruzgh1,https://t.me/techguruzgh1,836,2024-01-24 20:22:14,"Sleep Alora  [Pro]

Relax, Meditate, & Reduce Stress With Our REM Sleep Tracker, AI Sleep Therapy",False,False,False,False,True,False,False,True,False,False,1828773274,,,,,,,,,639,3,,2024-02-01T11:51:11+00:00,Tech Guruz GH | 🇬🇭,,"{'_': 'MessageReactions', 'results': [{'_': 'ReactionCount', 'reaction': {'_': 'ReactionEmoji', 'emoticon': '👍'}, 'count': 1, 'chosen_order': None}], 'min': False, 'can_see_list': False, 'reactions_as_tags': False, 'recent_reactions': []}",[],
techguruzgh1,https://t.me/techguruzgh1,837,2024-01-24 20:22:39,"Pencil Photo Sketch [Pro]

Create beautiful pencil sketch & drawing of your photos with Pencil Photo Sketch",False,False,False,False,True,False,False,False,False,False,1828773274,,,,,,,,,674,2,,,Tech Guruz GH | 🇬🇭,,,[],
techguruzgh1,https://t.me/techguruzgh1,838,2024-01-24 20:22:54,"Daily Expenses  [Premium]

Improve control in your finances",False,False,False,False,True,False,False,False,False,False,1828773274,,,,,,,,,691,1,,,Tech Guruz GH | 🇬🇭,,,[],
techguruzgh1,https://t.me/techguruzgh1,839,2024-01-24 20:23:09,"Pregnancy [Premium]

All-in-one pregnancy app, contraction timer, kick counter & due date calculator",False,False,False,False,True,False,False,True,False,False,1828773274,,,,,,,,,740,3,,2024-02-11T11:00:40+00:00,Tech Guruz GH | 🇬🇭,,"{'_': 'MessageReactions', 'results': [{'_': 'ReactionCount', 'reaction': {'_': 'ReactionEmoji', 'emoticon': '👍'}, 'count': 1, 'chosen_order': None}], 'min': False, 'can_see_list': False, 'reactions_as_tags': False, 'recent_reactions': []}",[],
techguruzgh1,https://t.me/techguruzgh1,840,2024-01-24 20:23:22,"AppLock v5.8.5in [VIP]

Protect your privacy.",False,False,False,False,True,False,False,True,False,False,1828773274,,,,,,,,,776,3,,2024-01-24T20:48:28+00:00,Tech Guruz GH | 🇬🇭,,"{'_': 'MessageReactions', 'results': [{'_': 'ReactionCount', 'reaction': {'_': 'ReactionEmoji', 'emoticon': '❤'}, 'count': 1, 'chosen_order': None}], 'min': False, 'can_see_list': False, 'reactions_as_tags': False, 'recent_reactions': []}",[],
techguruzgh1,https://t.me/techguruzgh1,842,2024-01-24 20:24:00,"Dictionary v27.4.1 [Premium]

Get trusted definitions, thesaurus and pronunciations",False,False,False,False,True,False,False,False,False,False,1828773274,,,,,,,,,890,3,,,Tech Guruz GH | 🇬🇭,,,[],
techguruzgh1,https://t.me/techguruzgh1,843,2024-01-24 20:24:16,"<PERSON> v13.53.5 [Gold]

Call Blocker & Call Recorder: Block spam calls and texts with call screening",False,False,False,False,True,False,False,True,False,False,1828773274,,,,,,,,,898,5,,2024-01-25T08:16:07+00:00,Tech Guruz GH | 🇬🇭,,"{'_': 'MessageReactions', 'results': [{'_': 'ReactionCount', 'reaction': {'_': 'ReactionEmoji', 'emoticon': '👍'}, 'count': 1, 'chosen_order': None}], 'min': False, 'can_see_list': False, 'reactions_as_tags': False, 'recent_reactions': []}",[],
techguruzgh1,https://t.me/techguruzgh1,844,2024-01-27 07:17:06,Watch Anime,False,False,False,False,True,False,False,False,False,False,1828773274,,,,,,,,,876,2,,2024-01-27T07:17:42+00:00,Tech Guruz GH | 🇬🇭,,,[],
techguruzgh1,https://t.me/techguruzgh1,845,2024-01-27 07:17:18,"𝐎𝐍  𝐒𝐓𝐑𝐄𝐀𝐌   

Modded Features 
✮ Premium unlocked
✪ Support all devices 
✪ Working in all countries
✪ No more hunting for accounts
✪ No payment 

 ⫷ watch all movies for free ⫸

༒༒༒༒༒༒༒༒༒",False,False,False,False,True,False,False,False,False,False,1828773274,,,,,,,,,870,10,,2024-01-27T07:18:08+00:00,Tech Guruz GH | 🇬🇭,,,[],
techguruzgh1,https://t.me/techguruzgh1,846,2024-01-29 11:15:15,"WATCH LIVE FOOTBALL MATCHES ON 
YACINE TV PREMIUM 

✨✨✨✨✨✨✨✨✨

NOTE
✅ When installing make sure to bypass play protect restrictions

✅ Install YTV Pro alongside to get it working

❌ Most Channels are in Arabic

techguruzgh©️",False,False,False,False,True,False,False,True,False,False,1828773274,,,,,,,,,876,7,,2024-01-29T11:29:23+00:00,Tech Guruz GH | 🇬🇭,1.3652215320198092e+16,"{'_': 'MessageReactions', 'results': [{'_': 'ReactionCount', 'reaction': {'_': 'ReactionEmoji', 'emoticon': '👍'}, 'count': 1, 'chosen_order': None}], 'min': False, 'can_see_list': False, 'reactions_as_tags': False, 'recent_reactions': []}",[],
techguruzgh1,https://t.me/techguruzgh1,847,2024-01-29 11:15:15,Install for Yacine TV Premium to work,False,False,False,False,True,False,False,False,False,False,1828773274,,,,,,,,,826,6,,,Tech Guruz GH | 🇬🇭,1.3652215320198092e+16,,[],
techguruzgh1,https://t.me/techguruzgh1,848,2024-01-31 02:01:05,"WATCH & DOWNLOAD MOVIES 

https://hdtoday.tv/",False,False,False,False,True,False,False,False,False,False,1828773274,,,,,,,,,733,1,,,Tech Guruz GH | 🇬🇭,,,[],
techguruzgh1,https://t.me/techguruzgh1,849,2024-01-31 21:09:38,"<PERSON>  [Gold]

Call Blocker & Call Recorder: Block spam calls and texts with call screening",False,False,False,False,True,False,False,True,False,False,1828773274,,,,,,,,,789,1,,2024-02-01T08:14:01+00:00,Tech Guruz GH | 🇬🇭,,"{'_': 'MessageReactions', 'results': [{'_': 'ReactionCount', 'reaction': {'_': 'ReactionEmoji', 'emoticon': '👍'}, 'count': 1, 'chosen_order': None}], 'min': False, 'can_see_list': False, 'reactions_as_tags': False, 'recent_reactions': []}",[],
techguruzgh1,https://t.me/techguruzgh1,850,2024-02-01 22:52:48,"‼️Some websites you can watch and download movies for free‼️
 
Moviesjoy.to
Goku.to
fmovies2.cx
fmovies.to
flixtor.to
hdtoday.tv
Yts.rs
Fzmedia.eu.org
Epikmovies.com
Anymovies.xyz
Vmovee.com
123moviesc.org
Putlocker-new.site
Putlocker.red
Primewire.st
Moviestars.to
Couchtuner.tv
Solarmovies.one",False,False,False,False,True,False,False,False,False,False,1828773274,,,,,,,,,756,18,,2024-02-10T12:31:04+00:00,Tech Guruz GH | 🇬🇭,,"{'_': 'MessageReactions', 'results': [{'_': 'ReactionCount', 'reaction': {'_': 'ReactionEmoji', 'emoticon': '👍'}, 'count': 1, 'chosen_order': None}], 'min': False, 'can_see_list': False, 'reactions_as_tags': False, 'recent_reactions': []}",[],
techguruzgh1,https://t.me/techguruzgh1,851,2024-02-02 05:54:23,https://hdtoday.tv/,False,False,False,False,True,False,False,True,False,False,1828773274,,,,,,,5.899883179244897e+18,,805,2,,2024-02-02T06:02:51+00:00,Tech Guruz GH | 🇬🇭,,"{'_': 'MessageReactions', 'results': [{'_': 'ReactionCount', 'reaction': {'_': 'ReactionEmoji', 'emoticon': '👍'}, 'count': 2, 'chosen_order': None}, {'_': 'ReactionCount', 'reaction': {'_': 'ReactionEmoji', 'emoticon': '❤'}, 'count': 1, 'chosen_order': None}], 'min': False, 'can_see_list': False, 'reactions_as_tags': False, 'recent_reactions': []}",[],
techguruzgh1,https://t.me/techguruzgh1,852,2024-02-06 04:46:33,"2C TV

✳<PERSON> all Ghanaian Channels for free on your Android Device

NOTE
✅ No Data required to stream on MTN
⚙ Set Internet Profile by using mms as your APN (APN  mms) in other to stream without data 

😍 CHANNELS 
👉 GTV & GTV Sports Plus 
👉  UTV, Kessben TV, Adom TV
👉  <PERSON>, <PERSON>, Joy News
👉 Citi, Metro , GHOne and many more...

Video Tutorials 
https://t.me/techguruzgh1/853

techguruzgh©️",False,False,False,False,True,False,False,False,False,False,1828773274,,,,,,,,,756,20,,2024-02-07T18:09:58+00:00,Tech Guruz GH | 🇬🇭,,"{'_': 'MessageReactions', 'results': [{'_': 'ReactionCount', 'reaction': {'_': 'ReactionEmoji', 'emoticon': '👍'}, 'count': 3, 'chosen_order': None}], 'min': False, 'can_see_list': False, 'reactions_as_tags': False, 'recent_reactions': []}",[],
techguruzgh1,https://t.me/techguruzgh1,853,2024-02-07 18:07:26,How To Stream  2C TV  For Free On MTN,False,False,False,False,True,False,False,True,False,False,1828773274,,,,,,,,,756,7,,2024-02-08T09:48:29+00:00,Tech Guruz GH | 🇬🇭,,"{'_': 'MessageReactions', 'results': [{'_': 'ReactionCount', 'reaction': {'_': 'ReactionEmoji', 'emoticon': '👍'}, 'count': 4, 'chosen_order': None}, {'_': 'ReactionCount', 'reaction': {'_': 'ReactionEmoji', 'emoticon': '❤'}, 'count': 1, 'chosen_order': None}], 'min': False, 'can_see_list': False, 'reactions_as_tags': False, 'recent_reactions': []}",[],
techguruzgh1,https://t.me/techguruzgh1,854,2024-02-10 16:52:47,https://getintopc.com/softwares/operating-systems/windows-11-pro-incl-office-2021-march-2023-free-download-8201184/?id=000247773563,False,False,False,False,True,False,False,False,False,False,1828773274,,,,,,,,,613,4,,,Tech Guruz GH | 🇬🇭,,,[],
techguruzgh1,https://t.me/techguruzgh1,855,2024-02-10 16:52:47,scroll down and click on download 64bit x64,False,False,False,False,True,False,False,False,False,False,1828773274,,,,,,,,,652,0,,,Tech Guruz GH | 🇬🇭,,,[],
techguruzgh1,https://t.me/techguruzgh1,856,2024-02-21 05:23:55,"New GBWhatsApp Updates 

Version : <PHONE_NUMBER> 

❇️ Improved Anti-Ban Protection ❇<NRP>

✅ Many Fixes And Improvements ✅ 

Read The Changelog After Installation For Detailed Information 

🔽 Download From Files Below  🔽",False,False,False,False,True,False,False,True,False,False,1828773274,,,,,,,5.956530842941636e+18,,377,0,,2024-02-22T08:09:20+00:00,Tech Guruz GH | 🇬🇭,,"{'_': 'MessageReactions', 'results': [], 'min': False, 'can_see_list': False, 'reactions_as_tags': False, 'recent_reactions': []}",[],
techguruzgh1,https://t.me/techguruzgh1,857,2024-02-21 05:24:07,,False,False,False,False,True,False,False,True,False,False,1828773274,,,,,,,,,385,16,,2024-02-21T17:23:15+00:00,Tech Guruz GH | 🇬🇭,1.3667944379259412e+16,"{'_': 'MessageReactions', 'results': [{'_': 'ReactionCount', 'reaction': {'_': 'ReactionEmoji', 'emoticon': '❤'}, 'count': 1, 'chosen_order': None}], 'min': False, 'can_see_list': False, 'reactions_as_tags': False, 'recent_reactions': []}",[],
techguruzgh1,https://t.me/techguruzgh1,858,2024-02-21 05:24:07,,False,False,False,False,True,False,False,False,False,False,1828773274,,,,,,,,,383,7,,,Tech Guruz GH | 🇬🇭,1.3667944379259412e+16,,[],
techguruzgh1,https://t.me/techguruzgh1,859,2024-02-21 05:24:07,,False,False,False,False,True,False,False,False,False,False,1828773274,,,,,,,,,380,6,,,Tech Guruz GH | 🇬🇭,1.3667944379259412e+16,,[],
techguruzgh1,https://t.me/techguruzgh1,861,2024-03-04 08:12:07,,False,False,False,False,True,False,False,False,False,False,1828773274,,,,,,,,,19,1,,,Tech Guruz GH | 🇬🇭,1.3676319418742804e+16,,[],
techguruzgh1,https://t.me/techguruzgh1,871,2024-03-10 19:30:05,"Code to check if your phone is been tracked

*#21#

*#62#",False,False,False,False,True,False,False,False,False,False,1828773274,,,,,,,,,18,1,,,Tech Guruz GH | 🇬🇭,,,[],
techguruzgh1,https://t.me/techguruzgh1,873,2024-03-11 06:03:14,,False,False,False,False,True,False,False,False,False,False,1828773274,,,,,,,,,23,0,,,Tech Guruz GH | 🇬🇭,1.3681095954328524e+16,,[],
techguruzgh1,https://t.me/techguruzgh1,874,2024-03-11 06:03:14,,False,False,False,False,True,False,False,False,False,False,1828773274,,,,,,,,,23,0,,,Tech Guruz GH | 🇬🇭,1.3681095954328524e+16,,[],
techguruzgh1,https://t.me/techguruzgh1,875,2024-03-11 06:03:14,,False,False,False,False,True,False,False,False,False,False,1828773274,,,,,,,,,23,0,,,Tech Guruz GH | 🇬🇭,1.3681095954328524e+16,,[],
techguruzgh1,https://t.me/techguruzgh1,877,2024-03-11 06:03:14,,False,False,False,False,True,False,False,False,False,False,1828773274,,,,,,,,,23,0,,,Tech Guruz GH | 🇬🇭,1.3681095954328524e+16,,[],
techguruzgh1,https://t.me/techguruzgh1,882,2024-03-12 22:24:58,Try your luck,False,False,False,False,True,False,False,False,False,False,1828773274,,,,881.0,0.0,0.0,,,20,0,,,Tech Guruz GH | 🇬🇭,,,[],
techguruzgh1,https://t.me/techguruzgh1,885,2024-03-19 19:55:16,"Watch and stream Movies. Series,  Anime, etc....",False,False,False,False,True,False,False,True,False,False,1828773274,,,,,,,,,505,1,"{'_': 'MessageReplies', 'replies': 0, 'replies_pts': 24, 'comments': True, 'recent_repliers': [], 'channel_id': 2133914069, 'max_id': None, 'read_max_id': None}",2024-03-21T10:42:55+00:00,Tech Guruz GH | 🇬🇭,,"{'_': 'MessageReactions', 'results': [], 'min': False, 'can_see_list': False, 'reactions_as_tags': False, 'recent_reactions': []}",[],
techguruzgh1,https://t.me/techguruzgh1,886,2024-03-21 12:11:57,https://play.google.com/store/apps/details?id=com.mxtech.videoplayer.pro,False,False,False,False,True,False,False,True,False,False,1828773274,,,,,,,,,380,5,"{'_': 'MessageReplies', 'replies': 0, 'replies_pts': 24, 'comments': True, 'recent_repliers': [], 'channel_id': 2133914069, 'max_id': None, 'read_max_id': None}",2024-03-21T12:12:00+00:00,Tech Guruz GH | 🇬🇭,,,[],
techguruzgh1,https://t.me/techguruzgh1,887,2024-03-21 12:12:10,,False,False,False,False,True,False,False,True,False,False,1828773274,,,,,,,,,387,6,"{'_': 'MessageReplies', 'replies': 0, 'replies_pts': 24, 'comments': True, 'recent_repliers': [], 'channel_id': 2133914069, 'max_id': None, 'read_max_id': None}",2024-03-21T12:12:14+00:00,Tech Guruz GH | 🇬🇭,,,[],
techguruzgh1,https://t.me/techguruzgh1,888,2024-03-23 16:28:01,,False,False,False,False,True,False,False,True,False,False,1828773274,,,,,,,,,251,1,"{'_': 'MessageReplies', 'replies': 0, 'replies_pts': 24, 'comments': True, 'recent_repliers': [], 'channel_id': 2133914069, 'max_id': None, 'read_max_id': None}",2024-03-23T16:28:04+00:00,Tech Guruz GH | 🇬🇭,,,[],
techguruzgh1,https://t.me/techguruzgh1,889,2024-03-25 20:17:58,"✅ Premium Unlocked
✅ Ads Removed",False,False,False,False,True,False,False,True,False,False,1828773274,,,,,,,,,97,1,"{'_': 'MessageReplies', 'replies': 0, 'replies_pts': 24, 'comments': True, 'recent_repliers': [], 'channel_id': 2133914069, 'max_id': None, 'read_max_id': None}",2024-03-25T20:18:01+00:00,Tech Guruz GH | 🇬🇭,1.3691183030433964e+16,,[],
techguruzgh1,https://t.me/techguruzgh1,890,2024-03-25 20:17:58,"Truecaller v13.62.6 
Call Blocker & Call Recorder: Block spam calls and texts with call screening",False,False,False,False,True,False,False,True,False,False,1828773274,,,,,,,,,101,2,,2024-03-25T20:18:01+00:00,Tech Guruz GH | 🇬🇭,1.3691183030433964e+16,,[],
techguruzgh1,https://t.me/techguruzgh1,892,2024-03-31 16:32:32,,False,False,False,False,True,False,False,True,False,False,1828773274,,,,,,,,,198,3,"{'_': 'MessageReplies', 'replies': 0, 'replies_pts': 39, 'comments': True, 'recent_repliers': [], 'channel_id': 2133914069, 'max_id': None, 'read_max_id': None}",2024-03-31T16:32:35+00:00,Tech Guruz GH | 🇬🇭,1.3695222017264492e+16,,[],
techguruzgh1,https://t.me/techguruzgh1,893,2024-03-31 16:32:32,,False,False,False,False,True,False,False,True,False,False,1828773274,,,,,,,,,198,4,,2024-03-31T16:32:35+00:00,Tech Guruz GH | 🇬🇭,1.3695222017264492e+16,,[],
techguruzgh1,https://t.me/techguruzgh1,894,2024-03-31 16:32:50,,False,False,False,False,True,False,False,True,False,False,1828773274,,,,,,,,,198,3,"{'_': 'MessageReplies', 'replies': 0, 'replies_pts': 39, 'comments': True, 'recent_repliers': [], 'channel_id': 2133914069, 'max_id': None, 'read_max_id': None}",2024-03-31T16:32:53+00:00,Tech Guruz GH | 🇬🇭,1.3695222161427748e+16,,[],
techguruzgh1,https://t.me/techguruzgh1,895,2024-03-31 16:32:50,,False,False,False,False,True,False,False,True,False,False,1828773274,,,,,,,,,198,4,,2024-03-31T16:32:53+00:00,Tech Guruz GH | 🇬🇭,1.3695222161427748e+16,,[],
