Channel ID,URL,Post ID,date,message,out,mentioned,media_unread,silent,post,from_scheduled,legacy,edit_hide,pinned,noforwards,peer_channel,from_id_user,fwd_from,via_bot_id,reply_to_msg_id,reply_to_scheduled,forum_topic,media_photo_id,reply_markup,views,forwards,replies,edit_date,post_author,grouped_id,reactions,restriction_reason,ttl_period
techfornerdz,https://t.me/techfornerdz,1553,2024-01-27 20:31:30,"After a brief review and reconsideration , we decided not to implement this. But, our stance remains clear and same. We don't take guarantee of any mods regarding how long they will work.

If any mods stop working, don't come and cry in chat.",False,False,False,False,True,False,False,True,False,False,1365015671,,,,1550.0,False,False,,,2750,0,"{'_': 'MessageReplies', 'replies': 0, 'replies_pts': 77538, 'comments': True, 'recent_repliers': [], 'channel_id': 1178850212, 'max_id': None, 'read_max_id': None}",2024-02-09T10:54:39+00:00,,,"{'_': 'MessageReactions', 'results': [], 'min': False, 'can_see_list': False, 'reactions_as_tags': False, 'recent_reactions': []}",[],
techfornerdz,https://t.me/techfornerdz,1554,2024-01-28 09:07:06,"VIMUSIC APP
• A free alternative to Spotify/YTMusic/etc

🔗 Download Now ⬇️

• Play (almost) any song or video from YouTube Music
• Background playback
• Cache audio chunks for offline playback
• Search for songs, albums, artists videos and playlists
• Bookmark artists and albums
• Import playlists
• Fetch, display and edit songs lyrics or synchronized lyrics
• Local playlist management
• Reorder songs in playlist or queue
• Light/Dark/Dynamic theme
• Skip silence
• Sleep timer
• Audio normalization
• Android Auto
• Persistent queue
• Open YouTube/YouTube Music links (watch, playlist, channel)
• And many more (maybe)


‎ 
Shared by modding_kingdom.t.me

#OpenSourceApp
#NonModdedApp",False,False,False,False,True,False,False,False,False,False,1365015671,,,,,,,,,2876,3,"{'_': 'MessageReplies', 'replies': 0, 'replies_pts': 77538, 'comments': True, 'recent_repliers': [], 'channel_id': 1178850212, 'max_id': None, 'read_max_id': None}",2024-01-28T10:25:21+00:00,,,"{'_': 'MessageReactions', 'results': [{'_': 'ReactionCount', 'reaction': {'_': 'ReactionEmoji', 'emoticon': '👍'}, 'count': 5, 'chosen_order': None}, {'_': 'ReactionCount', 'reaction': {'_': 'ReactionEmoji', 'emoticon': '🔥'}, 'count': 2, 'chosen_order': None}], 'min': False, 'can_see_list': False, 'reactions_as_tags': False, 'recent_reactions': []}",[],
techfornerdz,https://t.me/techfornerdz,1555,2024-02-06 16:01:23,"CANVA TEAM INVITE 

OVER",False,False,False,False,True,False,False,False,False,False,1365015671,,,,,,,6.20160643567516e+18,,1903,1,"{'_': 'MessageReplies', 'replies': 3, 'replies_pts': 77538, 'comments': True, 'recent_repliers': [{'_': 'PeerUser', 'user_id': 766260131}, {'_': 'PeerChannel', 'channel_id': 1178850212}], 'channel_id': 1178850212, 'max_id': 35757, 'read_max_id': None}",2024-02-07T16:21:40+00:00,,,"{'_': 'MessageReactions', 'results': [{'_': 'ReactionCount', 'reaction': {'_': 'ReactionEmoji', 'emoticon': '❤'}, 'count': 2, 'chosen_order': None}, {'_': 'ReactionCount', 'reaction': {'_': 'ReactionEmoji', 'emoticon': '👍'}, 'count': 1, 'chosen_order': None}], 'min': False, 'can_see_list': False, 'reactions_as_tags': False, 'recent_reactions': []}",[],
techfornerdz,https://t.me/techfornerdz,1561,2024-02-20 15:19:23,"Get Premium for Helping Telegram Send SMS Codes

Telegram has launched a program which allows users to get Premium for sending SMS messages with OTP codes to other users. A user from Indonesia shared screenshots of the feature with @tginfo.

Terms of Service have appeared for the new program, which is called “Peer-to-Peer Login Program”.

On the page Telegram informs that only users from some countries can participate. Telegram will be using user’s phone to send no more than 150 SMS codes <DATE_TIME>, at the user’s expense. When the user reaches the minimum quota, they will be rewarded with a transferable gift code that grants access to a <DATE_TIME> Telegram Premium subscription. The messenger won't compensate carrier rates and fees for sending the messages.

Telegram warns that theoretically program participants can see phone numbers of the users who receive the OTP codes. The same way, receivers will know the codes are sent from other Telegram users.

@tginfo confirmed existence of the feature in Telegram for Android <DATE_TIME> (4404) code. The Terms of Service point out that the program is only available to Android users.

We speculate that the program will be used in countries which have high SMS fees, like Indonesia.

#P2PL #Premium",False,False,False,False,True,False,False,True,False,False,1365015671,,,,,,,5.377595047014422e+18,,659,3,"{'_': 'MessageReplies', 'replies': 0, 'replies_pts': 77538, 'comments': True, 'recent_repliers': [], 'channel_id': 1178850212, 'max_id': None, 'read_max_id': None}",2024-02-20T16:40:46+00:00,,,"{'_': 'MessageReactions', 'results': [{'_': 'ReactionCount', 'reaction': {'_': 'ReactionEmoji', 'emoticon': '🤣'}, 'count': 3, 'chosen_order': None}], 'min': False, 'can_see_list': False, 'reactions_as_tags': False, 'recent_reactions': []}",[],
techfornerdz,https://t.me/techfornerdz,1562,2024-02-21 02:30:48,"🌀 <PERSON> [ Mod By Mr Intruder ] 
<PERSON>

ℹ️ Mod details 
▪️ Premium Unlocked
▪️ Unlimited Scan
▪️ Ads Removed
▪️ VIP Theme 
▪️ Many More 🤩

⬇️ Download - https://devuploads.com/nc6jnoaqkebj

🔸 PS link - https://play.google.com/store/apps/details?id=com.cv.docscanner",False,False,False,False,True,False,False,True,False,False,1365015671,,,,,,,,,599,0,"{'_': 'MessageReplies', 'replies': 0, 'replies_pts': 77538, 'comments': True, 'recent_repliers': [], 'channel_id': 1178850212, 'max_id': None, 'read_max_id': None}",2024-02-21T05:17:57+00:00,,,"{'_': 'MessageReactions', 'results': [{'_': 'ReactionCount', 'reaction': {'_': 'ReactionEmoji', 'emoticon': '❤'}, 'count': 1, 'chosen_order': None}, {'_': 'ReactionCount', 'reaction': {'_': 'ReactionEmoji', 'emoticon': '🔥'}, 'count': 1, 'chosen_order': None}, {'_': 'ReactionCount', 'reaction': {'_': 'ReactionEmoji', 'emoticon': '🥰'}, 'count': 1, 'chosen_order': None}], 'min': False, 'can_see_list': False, 'reactions_as_tags': False, 'recent_reactions': []}",[],
techfornerdz,https://t.me/techfornerdz,1563,2024-02-22 06:38:56,"➕ Plus Messenger (Another retarded telegram client)

Version: 10.8.1.0_20741 (AppCenter version)

Mod info:
- Premium unlocked (server side features will not work)
- Full chat translation working 
- Enabled premium badge for all
- Faster download speed unlocked
- Copying text is now allowed on forward restricted channels
- Disappearing photos will never disappear now
- Proxy channels removed when proxy is enabled
- Screenshot restrictions removed
- Update pop-up added
- Removed premium badge for all users to avoid confusion, only users with real premium subscription will have it.
- Opening of Copyrighted channels

Notes: 
- To access Internal storage inside the app, Give full access to files: tg://settings/externalstorage
- Adding stories functionality gets unlocked with premium mod, but the stories feature is server sided. It will be unlocked gradually account by account. So just wait until you get that feature.
- If you still didn't get the story feature, read more about it here 
- Ignore any detection warning, it is due to protection. 

Downloads
-> Click Here To Download <-

Modded and Shared by RS Bro",False,False,False,False,True,False,False,True,False,False,1365015671,,,,,,,,,498,2,"{'_': 'MessageReplies', 'replies': 0, 'replies_pts': 77538, 'comments': True, 'recent_repliers': [], 'channel_id': 1178850212, 'max_id': None, 'read_max_id': None}",2024-02-23T03:06:07+00:00,,,"{'_': 'MessageReactions', 'results': [{'_': 'ReactionCount', 'reaction': {'_': 'ReactionEmoji', 'emoticon': '👀'}, 'count': 1, 'chosen_order': None}], 'min': False, 'can_see_list': False, 'reactions_as_tags': False, 'recent_reactions': []}",[],
techfornerdz,https://t.me/techfornerdz,1564,2024-02-22 23:05:56,"🌀 Advanced Download Manager PRO [Mod by Mr Intruder]
<PERSON> Mod details 
▪️Ad Free
▪️PRO Unlocked
▪️Encrypted all resources

[ More mod info available in below link ]

⬇️ Download - https://devuploads.com/f5bxb9rmivnv

🔸 PS link - 
https://play.google.com/store/apps/details?id=com.dv.adm",False,False,False,False,True,False,False,True,False,False,1365015671,,,,,,,6.059727555465948e+18,,405,1,"{'_': 'MessageReplies', 'replies': 0, 'replies_pts': 77538, 'comments': True, 'recent_repliers': [], 'channel_id': 1178850212, 'max_id': None, 'read_max_id': None}",2024-02-22T23:05:59+00:00,,,"{'_': 'MessageReactions', 'results': [{'_': 'ReactionCount', 'reaction': {'_': 'ReactionEmoji', 'emoticon': '👍'}, 'count': 2, 'chosen_order': None}, {'_': 'ReactionCount', 'reaction': {'_': 'ReactionEmoji', 'emoticon': '❤'}, 'count': 1, 'chosen_order': None}], 'min': False, 'can_see_list': False, 'reactions_as_tags': False, 'recent_reactions': []}",[],
techfornerdz,https://t.me/techfornerdz,1565,2024-02-23 19:06:35,⌛️DevilMinati is officially Dead starting <DATE_TIME>.,False,False,False,False,True,False,False,True,False,False,1365015671,,,,,,,,,291,0,"{'_': 'MessageReplies', 'replies': 0, 'replies_pts': 77538, 'comments': True, 'recent_repliers': [], 'channel_id': 1178850212, 'max_id': None, 'read_max_id': None}",2024-02-23T19:20:49+00:00,,,"{'_': 'MessageReactions', 'results': [{'_': 'ReactionCount', 'reaction': {'_': 'ReactionEmoji', 'emoticon': '😁'}, 'count': 3, 'chosen_order': None}, {'_': 'ReactionCount', 'reaction': {'_': 'ReactionEmoji', 'emoticon': '🤣'}, 'count': 2, 'chosen_order': None}, {'_': 'ReactionCount', 'reaction': {'_': 'ReactionEmoji', 'emoticon': '👍'}, 'count': 1, 'chosen_order': None}], 'min': False, 'can_see_list': False, 'reactions_as_tags': False, 'recent_reactions': []}",[],
