Channel ID,URL,Post ID,date,message,out,mentioned,media_unread,silent,post,from_scheduled,legacy,edit_hide,pinned,noforwards,peer_channel,from_id_user,fwd_from,via_bot_id,reply_to_msg_id,reply_to_scheduled,forum_topic,media_photo_id,reply_markup,views,forwards,replies,edit_date,post_author,grouped_id,reactions,restriction_reason,ttl_period
tiptoptech2,https://t.me/tiptoptech2,537,2024-01-28 11:20:51,"One of our members income by Navi App😱🔥 Just in <DATE_TIME> 😎

If You want to earn too, Download Navi app through my link :- https://g.navi.com/Ggvbi
After downloading register and login into the app. 
And ""Invest 10 Rs in digital gold"". 10rs investment is necessary to start earning. 
For more details watch video which is pinned in our chat.",False,False,False,False,True,False,False,False,False,False,1711291055,,,,,,,6.174715714154379e+18,,4525.0,4.0,"{'_': 'MessageReplies', 'replies': 10, 'replies_pts': 106675, 'comments': True, 'recent_repliers': [{'_': 'PeerChannel', 'channel_id': 1711291055}, {'_': 'PeerUser', 'user_id': 5561476773}, {'_': 'PeerUser', 'user_id': 1116316888}], 'channel_id': 1725291611, 'max_id': 52270, 'read_max_id': None}",2024-01-28T11:25:29+00:00,,1.365152681199574e+16,"{'_': 'MessageReactions', 'results': [{'_': 'ReactionCount', 'reaction': {'_': 'ReactionEmoji', 'emoticon': '👍'}, 'count': 3, 'chosen_order': None}, {'_': 'ReactionCount', 'reaction': {'_': 'ReactionEmoji', 'emoticon': '🔥'}, 'count': 1, 'chosen_order': None}, {'_': 'ReactionCount', 'reaction': {'_': 'ReactionEmoji', 'emoticon': '🥰'}, 'count': 1, 'chosen_order': None}, {'_': 'ReactionCount', 'reaction': {'_': 'ReactionEmoji', 'emoticon': '😢'}, 'count': 1, 'chosen_order': None}], 'min': False, 'can_see_list': False, 'reactions_as_tags': False, 'recent_reactions': []}",[],
tiptoptech2,https://t.me/tiptoptech2,538,2024-01-28 11:20:51,,False,False,False,False,True,False,False,False,False,False,1711291055,,,,,,,6.174715714154379e+18,,4842.0,4.0,,2024-01-28T12:17:10+00:00,,1.365152681199574e+16,,[],
tiptoptech2,https://t.me/tiptoptech2,539,2024-01-28 11:20:51,,False,False,False,False,True,False,False,True,False,False,1711291055,,,,,,,6.174715714154379e+18,,4585.0,4.0,,2024-01-28T11:20:54+00:00,,1.365152681199574e+16,,[],
tiptoptech2,https://t.me/tiptoptech2,540,2024-01-30 11:30:54,"Play Ludo and earn ₹10000 <DATE_TIME>.  https://jaipurludo.com/login/911009  Register Now, My refer code is 911009.

Game play in ""Ludo King app""
⚡INSTANT WITHDRAWAL 
⚡ GamePlay with real players in LUDO KING <NRP>
⚡24×7 coustomer support ☎️📞 direct call support

It's Time leave all telegram ludo Groups 😎 and stop playing in fake bot playing games.",False,False,False,False,True,False,False,False,False,False,1711291055,,,,,,,6.181304073727359e+18,,4806.0,0.0,"{'_': 'MessageReplies', 'replies': 0, 'replies_pts': 106675, 'comments': True, 'recent_repliers': [], 'channel_id': 1725291611, 'max_id': None, 'read_max_id': None}",2024-01-30T11:34:11+00:00,,1.3652914033075108e+16,"{'_': 'MessageReactions', 'results': [{'_': 'ReactionCount', 'reaction': {'_': 'ReactionEmoji', 'emoticon': '👍'}, 'count': 7, 'chosen_order': None}, {'_': 'ReactionCount', 'reaction': {'_': 'ReactionEmoji', 'emoticon': '❤'}, 'count': 1, 'chosen_order': None}], 'min': False, 'can_see_list': False, 'reactions_as_tags': False, 'recent_reactions': []}",[],
tiptoptech2,https://t.me/tiptoptech2,541,2024-01-30 11:30:54,,False,False,False,False,True,False,False,True,False,False,1711291055,,,,,,,6.181304073727359e+18,,4666.0,0.0,,2024-01-30T11:30:57+00:00,,1.3652914033075108e+16,,[],
tiptoptech2,https://t.me/tiptoptech2,542,2024-02-01 14:57:37,"PayTm Payments Bank Banded !
<PERSON> nikalne <PERSON>. In a surprising move, the Reserve Bank of India (RBI) has restricted all services provided by Paytm Payments Bank (PPBL), effective <DATE_TIME>. Debit and credit transactions, including wallet operations, cease post this date, with withdrawals allowed",False,False,False,False,True,False,False,True,False,False,1711291055,,,,,,,,,3634.0,1.0,"{'_': 'MessageReplies', 'replies': 0, 'replies_pts': 106675, 'comments': True, 'recent_repliers': [], 'channel_id': 1725291611, 'max_id': None, 'read_max_id': None}",2024-02-01T20:10:45+00:00,,,"{'_': 'MessageReactions', 'results': [{'_': 'ReactionCount', 'reaction': {'_': 'ReactionEmoji', 'emoticon': '👍'}, 'count': 2, 'chosen_order': None}, {'_': 'ReactionCount', 'reaction': {'_': 'ReactionEmoji', 'emoticon': '👏'}, 'count': 1, 'chosen_order': None}], 'min': False, 'can_see_list': False, 'reactions_as_tags': False, 'recent_reactions': []}",[],
tiptoptech2,https://t.me/tiptoptech2,543,2024-02-01 15:01:48,"⚡๏Ad Free Music App
⚡<PERSON> 
๏ Without Any Ads
๏ Enable Download Musics
๏ Clean UI and Customizations
๏ Made in India 🥳
❤️ Supports Importing From Spotify & Youtube Music
Use this Music App! <PERSON> service is paused! 😅",False,False,False,False,True,False,False,False,False,False,1711291055,,,,,,,,,3995.0,33.0,"{'_': 'MessageReplies', 'replies': 0, 'replies_pts': 106675, 'comments': True, 'recent_repliers': [], 'channel_id': 1725291611, 'max_id': None, 'read_max_id': None}",2024-02-02T14:21:34+00:00,,,"{'_': 'MessageReactions', 'results': [{'_': 'ReactionCount', 'reaction': {'_': 'ReactionEmoji', 'emoticon': '👍'}, 'count': 13, 'chosen_order': None}, {'_': 'ReactionCount', 'reaction': {'_': 'ReactionEmoji', 'emoticon': '👎'}, 'count': 2, 'chosen_order': None}, {'_': 'ReactionCount', 'reaction': {'_': 'ReactionEmoji', 'emoticon': '❤'}, 'count': 1, 'chosen_order': None}, {'_': 'ReactionCount', 'reaction': {'_': 'ReactionEmoji', 'emoticon': '🔥'}, 'count': 1, 'chosen_order': None}], 'min': False, 'can_see_list': False, 'reactions_as_tags': False, 'recent_reactions': []}",[],
tiptoptech2,https://t.me/tiptoptech2,544,2024-02-02 14:19:12,"Free Earning App through Your internet 😎
No investment No terms and conditions 💰
App link :- https://r.honeygain.me/ROHIT6A773

Invest Your Internet and Earn unlimited money 🤑💰",False,False,False,False,True,False,False,False,False,False,1711291055,,,,,,,6.190336888167053e+18,,3693.0,3.0,"{'_': 'MessageReplies', 'replies': 0, 'replies_pts': 106675, 'comments': True, 'recent_repliers': [], 'channel_id': 1725291611, 'max_id': None, 'read_max_id': None}",2024-02-03T18:16:32+00:00,,1.3655068422825396e+16,"{'_': 'MessageReactions', 'results': [{'_': 'ReactionCount', 'reaction': {'_': 'ReactionEmoji', 'emoticon': '👍'}, 'count': 2, 'chosen_order': None}], 'min': False, 'can_see_list': False, 'reactions_as_tags': False, 'recent_reactions': []}",[],
tiptoptech2,https://t.me/tiptoptech2,545,2024-02-02 14:19:13,,False,False,False,False,True,False,False,True,False,False,1711291055,,,,,,,6.190336888167053e+18,,4430.0,3.0,,2024-02-02T14:19:16+00:00,,1.3655068422825396e+16,,[],
tiptoptech2,https://t.me/tiptoptech2,546,2024-02-02 14:19:13,,False,False,False,False,True,False,False,True,False,False,1711291055,,,,,,,6.190336888167053e+18,,4484.0,2.0,,2024-02-02T14:19:16+00:00,,1.3655068422825396e+16,,[],
tiptoptech2,https://t.me/tiptoptech2,547,2024-02-04 04:54:52,<PERSON> support: only with mobile number,False,False,False,False,True,False,False,False,False,False,1711291055,,,,,,,,,4172.0,40.0,"{'_': 'MessageReplies', 'replies': 1, 'replies_pts': 106675, 'comments': True, 'recent_repliers': [{'_': 'PeerUser', 'user_id': 5079106986}], 'channel_id': 1725291611, 'max_id': 52315, 'read_max_id': None}",2024-02-04T04:58:46+00:00,,,"{'_': 'MessageReactions', 'results': [{'_': 'ReactionCount', 'reaction': {'_': 'ReactionEmoji', 'emoticon': '🤮'}, 'count': 13, 'chosen_order': None}, {'_': 'ReactionCount', 'reaction': {'_': 'ReactionEmoji', 'emoticon': '👍'}, 'count': 7, 'chosen_order': None}, {'_': 'ReactionCount', 'reaction': {'_': 'ReactionEmoji', 'emoticon': '🤨'}, 'count': 4, 'chosen_order': None}, {'_': 'ReactionCount', 'reaction': {'_': 'ReactionEmoji', 'emoticon': '❤'}, 'count': 2, 'chosen_order': None}, {'_': 'ReactionCount', 'reaction': {'_': 'ReactionEmoji', 'emoticon': '😴'}, 'count': 1, 'chosen_order': None}], 'min': False, 'can_see_list': False, 'reactions_as_tags': False, 'recent_reactions': []}",[],
tiptoptech2,https://t.me/tiptoptech2,550,2024-02-08 01:43:24,"How to earn rewards with Navi? 
✅ Install Navi, use link below 
✅ Buy Digital Gold ➡️ win extra gold upto ₹100 
✅ Complete KYC for Mutual Funds ➡️ win upto ₹250 cash reward 
🤔 Why use Navi? 
🟢 Start investing with just ₹1 🤯 
🟡 Digital Gold of 99.5% purity
Download Now: https://g.navi.com/Ggvbi",False,False,False,False,True,False,False,True,False,False,1711291055,,,,,,,,,2864.0,2.0,"{'_': 'MessageReplies', 'replies': 0, 'replies_pts': 106675, 'comments': True, 'recent_repliers': [], 'channel_id': 1725291611, 'max_id': None, 'read_max_id': None}",2024-02-10T19:27:39+00:00,,1.365885283274374e+16,"{'_': 'MessageReactions', 'results': [{'_': 'ReactionCount', 'reaction': {'_': 'ReactionEmoji', 'emoticon': '👍'}, 'count': 5, 'chosen_order': None}], 'min': False, 'can_see_list': False, 'reactions_as_tags': False, 'recent_reactions': []}",[],
tiptoptech2,https://t.me/tiptoptech2,552,2024-02-08 01:45:56,"Just invest 1Rs only 😨 in digital Gold 🥇 and win <PERSON> cashback amount in your bank account through Upi 🧧

Watch video Carefully and do  the same 🤑💰",False,False,False,False,True,False,False,True,False,False,1711291055,,,,550.0,False,False,,,2684.0,2.0,"{'_': 'MessageReplies', 'replies': 0, 'replies_pts': 106675, 'comments': True, 'recent_repliers': [], 'channel_id': 1725291611, 'max_id': None, 'read_max_id': None}",2024-02-08T02:15:56+00:00,,,"{'_': 'MessageReactions', 'results': [{'_': 'ReactionCount', 'reaction': {'_': 'ReactionEmoji', 'emoticon': '👍'}, 'count': 3, 'chosen_order': None}], 'min': False, 'can_see_list': False, 'reactions_as_tags': False, 'recent_reactions': []}",[],
tiptoptech2,https://t.me/tiptoptech2,553,2024-02-08 02:15:13,"Earn 15000Rs every month 🤑🤑🤑💰. With investing just 1rs in digital gold 😍.

Link:- https://g.navi.com/Ggvbi",False,False,False,False,True,False,False,True,False,False,1711291055,,,,,,,6.206490986016782e+18,,2732.0,0.0,"{'_': 'MessageReplies', 'replies': 0, 'replies_pts': 106675, 'comments': True, 'recent_repliers': [], 'channel_id': 1725291611, 'max_id': None, 'read_max_id': None}",2024-02-08T16:05:21+00:00,,,"{'_': 'MessageReactions', 'results': [{'_': 'ReactionCount', 'reaction': {'_': 'ReactionEmoji', 'emoticon': '👍'}, 'count': 2, 'chosen_order': None}, {'_': 'ReactionCount', 'reaction': {'_': 'ReactionEmoji', 'emoticon': '🥰'}, 'count': 1, 'chosen_order': None}], 'min': False, 'can_see_list': False, 'reactions_as_tags': False, 'recent_reactions': []}",[],
tiptoptech2,https://t.me/tiptoptech2,555,2024-02-08 13:37:38,<PERSON> logo <PERSON> card verification me problem face karni pad <PERSON>. Ab fix <PERSON> problem. Ab sabhi log <DATE_TIME> ka investment <PERSON> h,False,False,False,False,True,False,False,True,False,False,1711291055,,,,550.0,False,False,,,2578.0,0.0,"{'_': 'MessageReplies', 'replies': 0, 'replies_pts': 106675, 'comments': True, 'recent_repliers': [], 'channel_id': 1725291611, 'max_id': None, 'read_max_id': None}",2024-02-11T14:06:15+00:00,,,"{'_': 'MessageReactions', 'results': [{'_': 'ReactionCount', 'reaction': {'_': 'ReactionEmoji', 'emoticon': '👍'}, 'count': 2, 'chosen_order': None}], 'min': False, 'can_see_list': False, 'reactions_as_tags': False, 'recent_reactions': []}",[],
tiptoptech2,https://t.me/tiptoptech2,580,2024-02-09 05:04:32,,False,False,False,False,True,False,False,True,False,False,1711291055,,,,,,,6.210994585644153e+18,,2312.0,0.0,"{'_': 'MessageReplies', 'replies': 0, 'replies_pts': 106675, 'comments': True, 'recent_repliers': [], 'channel_id': 1725291611, 'max_id': None, 'read_max_id': None}",2024-02-11T14:06:14+00:00,,1.3659640576893644e+16,"{'_': 'MessageReactions', 'results': [{'_': 'ReactionCount', 'reaction': {'_': 'ReactionEmoji', 'emoticon': '👍'}, 'count': 1, 'chosen_order': None}], 'min': False, 'can_see_list': False, 'reactions_as_tags': False, 'recent_reactions': []}",[],
tiptoptech2,https://t.me/tiptoptech2,581,2024-02-09 05:04:32,,False,False,False,False,True,False,False,True,False,False,1711291055,,,,,,,6.210994585644153e+18,,2262.0,0.0,,2024-02-09T05:04:35+00:00,,1.3659640576893644e+16,,[],
tiptoptech2,https://t.me/tiptoptech2,582,2024-02-09 05:04:32,,False,False,False,False,True,False,False,True,False,False,1711291055,,,,,,,6.210994585644153e+18,,2232.0,0.0,,2024-02-09T05:04:35+00:00,,1.3659640576893644e+16,,[],
tiptoptech2,https://t.me/tiptoptech2,583,2024-02-09 05:04:32,,False,False,False,False,True,False,False,True,False,False,1711291055,,,,,,,6.210994585644153e+18,,2222.0,0.0,,2024-02-09T05:04:35+00:00,,1.3659640576893644e+16,,[],
tiptoptech2,https://t.me/tiptoptech2,584,2024-02-09 05:04:32,,False,False,False,False,True,False,False,True,False,False,1711291055,,,,,,,6.210994585644153e+18,,2249.0,0.0,,2024-02-09T05:04:35+00:00,,1.3659640576893644e+16,,[],
tiptoptech2,https://t.me/tiptoptech2,585,2024-02-09 05:04:32,,False,False,False,False,True,False,False,True,False,False,1711291055,,,,,,,6.210994585644153e+18,,2222.0,0.0,,2024-02-09T05:04:35+00:00,,1.3659640576893644e+16,,[],
tiptoptech2,https://t.me/tiptoptech2,586,2024-02-09 05:04:32,,False,False,False,False,True,False,False,True,False,False,1711291055,,,,,,,6.210994585644153e+18,,2200.0,0.0,,2024-02-09T05:04:35+00:00,,1.3659640576893644e+16,,[],
tiptoptech2,https://t.me/tiptoptech2,587,2024-02-09 05:04:32,,False,False,False,False,True,False,False,True,False,False,1711291055,,,,,,,6.210994585644153e+18,,2262.0,0.0,,2024-02-09T05:04:35+00:00,,1.3659640576893644e+16,,[],
tiptoptech2,https://t.me/tiptoptech2,588,2024-02-09 05:04:32,,False,False,False,False,True,False,False,True,False,False,1711291055,,,,,,,6.210994585644153e+18,,2405.0,0.0,,2024-02-09T05:04:35+00:00,,1.3659640576893644e+16,,[],
tiptoptech2,https://t.me/tiptoptech2,589,2024-02-09 05:04:32,,False,False,False,False,True,False,False,True,False,False,1711291055,,,,,,,6.210994585644153e+18,,2202.0,0.0,,2024-02-09T05:04:36+00:00,,1.3659640576893644e+16,,[],
tiptoptech2,https://t.me/tiptoptech2,590,2024-02-09 05:04:33,,False,False,False,False,True,False,False,True,False,False,1711291055,,,,,,,6.210994585644153e+18,,2254.0,0.0,"{'_': 'MessageReplies', 'replies': 0, 'replies_pts': 106675, 'comments': True, 'recent_repliers': [], 'channel_id': 1725291611, 'max_id': None, 'read_max_id': None}",2024-02-11T14:06:11+00:00,,1.3659640587428436e+16,"{'_': 'MessageReactions', 'results': [{'_': 'ReactionCount', 'reaction': {'_': 'ReactionEmoji', 'emoticon': '👍'}, 'count': 1, 'chosen_order': None}], 'min': False, 'can_see_list': False, 'reactions_as_tags': False, 'recent_reactions': []}",[],
tiptoptech2,https://t.me/tiptoptech2,591,2024-02-09 05:04:33,,False,False,False,False,True,False,False,True,False,False,1711291055,,,,,,,6.210994585644153e+18,,2190.0,0.0,,2024-02-09T05:04:36+00:00,,1.3659640587428436e+16,,[],
tiptoptech2,https://t.me/tiptoptech2,592,2024-02-09 05:04:33,,False,False,False,False,True,False,False,True,False,False,1711291055,,,,,,,6.210994585644153e+18,,2244.0,0.0,,2024-02-09T05:04:36+00:00,,1.3659640587428436e+16,,[],
tiptoptech2,https://t.me/tiptoptech2,593,2024-02-09 05:04:33,,False,False,False,False,True,False,False,True,False,False,1711291055,,,,,,,6.210994585644153e+18,,2240.0,0.0,,2024-02-09T05:04:36+00:00,,1.3659640587428436e+16,,[],
tiptoptech2,https://t.me/tiptoptech2,594,2024-02-09 05:04:33,,False,False,False,False,True,False,False,True,False,False,1711291055,,,,,,,6.210994585644153e+18,,2377.0,0.0,,2024-02-09T05:04:36+00:00,,1.3659640587428436e+16,,[],
tiptoptech2,https://t.me/tiptoptech2,595,2024-02-09 05:04:33,,False,False,False,False,True,False,False,True,False,False,1711291055,,,,,,,6.210994585644153e+18,,2231.0,0.0,,2024-02-09T05:04:36+00:00,,1.3659640587428436e+16,,[],
tiptoptech2,https://t.me/tiptoptech2,596,2024-02-09 05:04:34,,False,False,False,False,True,False,False,True,False,False,1711291055,,,,,,,6.210994585644153e+18,,2420.0,0.0,,2024-02-09T05:04:36+00:00,,1.3659640587428436e+16,,[],
tiptoptech2,https://t.me/tiptoptech2,597,2024-02-09 05:04:34,,False,False,False,False,True,False,False,True,False,False,1711291055,,,,,,,6.210994585644153e+18,,2366.0,0.0,,2024-02-09T05:04:36+00:00,,1.3659640587428436e+16,,[],
tiptoptech2,https://t.me/tiptoptech2,598,2024-02-09 05:04:34,,False,False,False,False,True,False,False,True,False,False,1711291055,,,,,,,6.210994585644153e+18,,2445.0,0.0,,2024-02-09T05:04:36+00:00,,1.3659640587428436e+16,,[],
tiptoptech2,https://t.me/tiptoptech2,599,2024-02-09 05:04:34,,False,False,False,False,True,False,False,True,False,False,1711291055,,,,,,,6.210994585644153e+18,,2322.0,0.0,,2024-02-09T05:04:36+00:00,,1.3659640587428436e+16,,[],
tiptoptech2,https://t.me/tiptoptech2,600,2024-02-09 05:04:34,,False,False,False,False,True,False,False,True,False,False,1711291055,,,,,,,6.210994585644153e+18,,2490.0,0.0,"{'_': 'MessageReplies', 'replies': 0, 'replies_pts': 106675, 'comments': True, 'recent_repliers': [], 'channel_id': 1725291611, 'max_id': None, 'read_max_id': None}",2024-02-11T14:06:10+00:00,,1.3659640595828508e+16,"{'_': 'MessageReactions', 'results': [{'_': 'ReactionCount', 'reaction': {'_': 'ReactionEmoji', 'emoticon': '👍'}, 'count': 1, 'chosen_order': None}], 'min': False, 'can_see_list': False, 'reactions_as_tags': False, 'recent_reactions': []}",[],
tiptoptech2,https://t.me/tiptoptech2,601,2024-02-09 05:04:34,,False,False,False,False,True,False,False,True,False,False,1711291055,,,,,,,6.210994585644153e+18,,2504.0,0.0,,2024-02-09T05:04:36+00:00,,1.3659640595828508e+16,,[],
tiptoptech2,https://t.me/tiptoptech2,602,2024-02-09 05:04:34,,False,False,False,False,True,False,False,True,False,False,1711291055,,,,,,,6.210994585644153e+18,,2591.0,0.0,,2024-02-09T05:04:36+00:00,,1.3659640595828508e+16,,[],
tiptoptech2,https://t.me/tiptoptech2,603,2024-02-09 05:04:34,,False,False,False,False,True,False,False,True,False,False,1711291055,,,,,,,6.210994585644153e+18,,2594.0,0.0,,2024-02-09T05:04:36+00:00,,1.3659640595828508e+16,,[],
tiptoptech2,https://t.me/tiptoptech2,604,2024-02-09 05:04:42,"<PERSON> app download to <PERSON> But ""digital Gold me 1Rs"" investment <PERSON>.
Toh enki earings bhi zero hai .
Friends sirf digital gold me 1rs ka investment <PERSON> "" ONLY 1RS"".
agar en photos me aapka <PERSON> name ya number <PERSON> to <PERSON> navi app me jaake 1rs digital gold me investment kro aur <PERSON> through 100rs account me withdraw kro 💲💰😌.

<PERSON> app uninstall <PERSON> to wo wapas download Neeche di gyi link se hi <PERSON>.
Link:- https://g.navi.com/Ggvbi",False,False,False,False,True,False,False,True,False,False,1711291055,,,,,,,,,2993.0,0.0,"{'_': 'MessageReplies', 'replies': 0, 'replies_pts': 106675, 'comments': True, 'recent_repliers': [], 'channel_id': 1725291611, 'max_id': None, 'read_max_id': None}",2024-02-09T16:21:35+00:00,,,"{'_': 'MessageReactions', 'results': [{'_': 'ReactionCount', 'reaction': {'_': 'ReactionEmoji', 'emoticon': '👍'}, 'count': 3, 'chosen_order': None}], 'min': False, 'can_see_list': False, 'reactions_as_tags': False, 'recent_reactions': []}",[],
tiptoptech2,https://t.me/tiptoptech2,605,2024-02-11 14:03:12,,False,False,False,False,True,False,False,True,False,False,1711291055,,,,,,,6.217329482017127e+18,,2100.0,0.0,"{'_': 'MessageReplies', 'replies': 0, 'replies_pts': 106675, 'comments': True, 'recent_repliers': [], 'channel_id': 1725291611, 'max_id': None, 'read_max_id': None}",2024-02-11T14:03:15+00:00,,1.3661281540144356e+16,,[],
tiptoptech2,https://t.me/tiptoptech2,606,2024-02-11 14:03:12,,False,False,False,False,True,False,False,True,False,False,1711291055,,,,,,,6.217329482017127e+18,,2069.0,0.0,,2024-02-11T14:03:15+00:00,,1.3661281540144356e+16,,[],
tiptoptech2,https://t.me/tiptoptech2,607,2024-02-11 14:03:12,,False,False,False,False,True,False,False,True,False,False,1711291055,,,,,,,6.217329482017127e+18,,2081.0,0.0,,2024-02-11T14:03:15+00:00,,1.3661281540144356e+16,,[],
tiptoptech2,https://t.me/tiptoptech2,608,2024-02-11 14:03:13,,False,False,False,False,True,False,False,True,False,False,1711291055,,,,,,,6.217329482017127e+18,,2113.0,0.0,,2024-02-11T14:03:15+00:00,,1.3661281540144356e+16,,[],
tiptoptech2,https://t.me/tiptoptech2,609,2024-02-11 14:03:13,,False,False,False,False,True,False,False,True,False,False,1711291055,,,,,,,6.217329482017127e+18,,2100.0,0.0,,2024-02-11T14:03:15+00:00,,1.3661281540144356e+16,,[],
tiptoptech2,https://t.me/tiptoptech2,610,2024-02-11 14:03:13,,False,False,False,False,True,False,False,True,False,False,1711291055,,,,,,,6.217329482017127e+18,,2192.0,0.0,,2024-02-11T14:03:15+00:00,,1.3661281540144356e+16,,[],
tiptoptech2,https://t.me/tiptoptech2,611,2024-02-11 14:03:13,,False,False,False,False,True,False,False,True,False,False,1711291055,,,,,,,6.217329482017127e+18,,2081.0,0.0,,2024-02-11T14:03:15+00:00,,1.3661281540144356e+16,,[],
tiptoptech2,https://t.me/tiptoptech2,612,2024-02-11 14:03:13,,False,False,False,False,True,False,False,True,False,False,1711291055,,,,,,,6.217329482017127e+18,,2192.0,0.0,,2024-02-11T14:03:15+00:00,,1.3661281540144356e+16,,[],
tiptoptech2,https://t.me/tiptoptech2,613,2024-02-11 14:03:13,,False,False,False,False,True,False,False,True,False,False,1711291055,,,,,,,6.217329482017127e+18,,2155.0,0.0,,2024-02-11T14:03:15+00:00,,1.3661281540144356e+16,,[],
tiptoptech2,https://t.me/tiptoptech2,614,2024-02-11 14:03:13,,False,False,False,False,True,False,False,True,False,False,1711291055,,,,,,,6.217329482017127e+18,,2217.0,0.0,,2024-02-11T14:03:15+00:00,,1.3661281540144356e+16,,[],
tiptoptech2,https://t.me/tiptoptech2,615,2024-02-11 14:03:15,,False,False,False,False,True,False,False,True,False,False,1711291055,,,,,,,6.217329482017127e+18,,2119.0,0.0,"{'_': 'MessageReplies', 'replies': 0, 'replies_pts': 106675, 'comments': True, 'recent_repliers': [], 'channel_id': 1725291611, 'max_id': None, 'read_max_id': None}",2024-02-11T14:03:18+00:00,,1.3661281563025692e+16,,[],
tiptoptech2,https://t.me/tiptoptech2,616,2024-02-11 14:03:15,,False,False,False,False,True,False,False,True,False,False,1711291055,,,,,,,6.217329482017127e+18,,2123.0,0.0,,2024-02-11T14:03:18+00:00,,1.3661281563025692e+16,,[],
tiptoptech2,https://t.me/tiptoptech2,617,2024-02-11 14:03:15,,False,False,False,False,True,False,False,True,False,False,1711291055,,,,,,,6.217329482017127e+18,,2101.0,0.0,,2024-02-11T14:03:18+00:00,,1.3661281563025692e+16,,[],
tiptoptech2,https://t.me/tiptoptech2,618,2024-02-11 14:03:15,,False,False,False,False,True,False,False,True,False,False,1711291055,,,,,,,6.217329482017127e+18,,1969.0,0.0,,2024-02-11T14:03:19+00:00,,1.3661281563025692e+16,,[],
tiptoptech2,https://t.me/tiptoptech2,619,2024-02-11 14:03:16,,False,False,False,False,True,False,False,True,False,False,1711291055,,,,,,,6.217329482017127e+18,,2087.0,0.0,,2024-02-11T14:03:19+00:00,,1.3661281563025692e+16,,[],
tiptoptech2,https://t.me/tiptoptech2,620,2024-02-11 14:03:16,,False,False,False,False,True,False,False,True,False,False,1711291055,,,,,,,6.217329482017127e+18,,2065.0,0.0,,2024-02-11T14:03:19+00:00,,1.3661281563025692e+16,,[],
tiptoptech2,https://t.me/tiptoptech2,621,2024-02-11 14:03:16,,False,False,False,False,True,False,False,True,False,False,1711291055,,,,,,,6.217329482017127e+18,,2286.0,0.0,,2024-02-11T14:03:19+00:00,,1.3661281563025692e+16,,[],
tiptoptech2,https://t.me/tiptoptech2,622,2024-02-11 14:03:16,,False,False,False,False,True,False,False,True,False,False,1711291055,,,,,,,6.217329482017127e+18,,2199.0,0.0,,2024-02-11T14:03:19+00:00,,1.3661281563025692e+16,,[],
tiptoptech2,https://t.me/tiptoptech2,623,2024-02-11 14:03:16,,False,False,False,False,True,False,False,True,False,False,1711291055,,,,,,,6.217329482017127e+18,,2817.0,0.0,,2024-02-11T14:03:19+00:00,,1.3661281563025692e+16,,[],
tiptoptech2,https://t.me/tiptoptech2,624,2024-02-11 14:03:16,,False,False,False,False,True,False,False,True,False,False,1711291055,,,,,,,6.217329482017127e+18,,2649.0,0.0,,2024-02-11T14:03:19+00:00,,1.3661281563025692e+16,,[],
tiptoptech2,https://t.me/tiptoptech2,625,2024-02-11 14:03:17,,False,False,False,False,True,False,False,True,False,False,1711291055,,,,,,,6.217329482017127e+18,,2285.0,0.0,"{'_': 'MessageReplies', 'replies': 4, 'replies_pts': 106675, 'comments': True, 'recent_repliers': [{'_': 'PeerChannel', 'channel_id': 1711291055}, {'_': 'PeerUser', 'user_id': 681615660}], 'channel_id': 1725291611, 'max_id': 52467, 'read_max_id': None}",2024-02-11T14:08:43+00:00,,1.3661281576320244e+16,"{'_': 'MessageReactions', 'results': [{'_': 'ReactionCount', 'reaction': {'_': 'ReactionEmoji', 'emoticon': '👍'}, 'count': 1, 'chosen_order': None}], 'min': False, 'can_see_list': False, 'reactions_as_tags': False, 'recent_reactions': []}",[],
tiptoptech2,https://t.me/tiptoptech2,626,2024-02-11 14:03:17,,False,False,False,False,True,False,False,True,False,False,1711291055,,,,,,,6.217329482017127e+18,,2624.0,0.0,,2024-02-11T14:03:19+00:00,,1.3661281576320244e+16,,[],
tiptoptech2,https://t.me/tiptoptech2,627,2024-02-11 14:03:17,,False,False,False,False,True,False,False,True,False,False,1711291055,,,,,,,6.217329482017127e+18,,3047.0,0.0,,2024-02-11T14:03:19+00:00,,1.3661281576320244e+16,,[],
tiptoptech2,https://t.me/tiptoptech2,628,2024-02-11 14:03:17,,False,False,False,False,True,False,False,True,False,False,1711291055,,,,,,,6.217329482017127e+18,,2905.0,0.0,,2024-02-11T14:03:19+00:00,,1.3661281576320244e+16,,[],
tiptoptech2,https://t.me/tiptoptech2,629,2024-02-11 14:06:11,"<PERSON> app download  <PERSON> and ""digital Gold me 1Rs"" investment <PERSON>.
digital gold me 1rs ka investment krke "" ONLY 1RS"".
Karke 100rs Earn kiye hai 💲💰😌.

 Neeche <PERSON> se <PERSON> download kro and earn kro.
Note:- For more details check pinned video message 🤑
Link:- https://g.navi.com/Ggvbi",False,False,False,False,True,False,False,False,False,False,1711291055,,,,,,,,,2830.0,0.0,"{'_': 'MessageReplies', 'replies': 0, 'replies_pts': 106675, 'comments': True, 'recent_repliers': [], 'channel_id': 1725291611, 'max_id': None, 'read_max_id': None}",2024-02-11T14:09:43+00:00,,,"{'_': 'MessageReactions', 'results': [{'_': 'ReactionCount', 'reaction': {'_': 'ReactionEmoji', 'emoticon': '🔥'}, 'count': 2, 'chosen_order': None}, {'_': 'ReactionCount', 'reaction': {'_': 'ReactionEmoji', 'emoticon': '👍'}, 'count': 1, 'chosen_order': None}], 'min': False, 'can_see_list': False, 'reactions_as_tags': False, 'recent_reactions': []}",[],
tiptoptech2,https://t.me/tiptoptech2,630,2024-02-12 06:16:05,"🌀 Hotstar Ads Free Pro Apk 

💠Ⓜ️od info:- (Premium Not Unlocked)
🔶 Screen Recording Unlocked 
🔷 Ads Removed 
🌟 HD Quality Also Unlocked",False,False,False,False,True,False,False,True,True,False,1711291055,,,,,,,,,3098.0,43.0,"{'_': 'MessageReplies', 'replies': 1, 'replies_pts': 106675, 'comments': True, 'recent_repliers': [{'_': 'PeerUser', 'user_id': 5820454158}], 'channel_id': 1725291611, 'max_id': 52491, 'read_max_id': None}",2024-02-13T01:10:32+00:00,,,"{'_': 'MessageReactions', 'results': [{'_': 'ReactionCount', 'reaction': {'_': 'ReactionEmoji', 'emoticon': '👍'}, 'count': 9, 'chosen_order': None}], 'min': False, 'can_see_list': False, 'reactions_as_tags': False, 'recent_reactions': []}",[],
tiptoptech2,https://t.me/tiptoptech2,631,2024-02-12 06:16:57,"🌀 JIO CINEMA M0D APK

💠 Mod Features :- 
🔶 Not Premium Only Ads-Free
🔶 Watch TATA IPL/WPL✅.
🔶 All TVs Unlocked.
🔶 Ads Disabled /Removed
🔶 Removed Unwanted Permissions
🔶 All Sim Users can use 🌟",False,False,False,False,True,False,False,True,False,False,1711291055,,,,,,,,,3296.0,31.0,"{'_': 'MessageReplies', 'replies': 0, 'replies_pts': 106675, 'comments': True, 'recent_repliers': [], 'channel_id': 1725291611, 'max_id': None, 'read_max_id': None}",2024-02-14T03:54:24+00:00,,,"{'_': 'MessageReactions', 'results': [{'_': 'ReactionCount', 'reaction': {'_': 'ReactionEmoji', 'emoticon': '👍'}, 'count': 7, 'chosen_order': None}], 'min': False, 'can_see_list': False, 'reactions_as_tags': False, 'recent_reactions': []}",[],
tiptoptech2,https://t.me/tiptoptech2,632,2024-02-12 07:36:40,"https://youtu.be/q9y7DYFx_nM?si=XlMY0tbXicDpkjur

500 Subscribers complete Hone par Channel owner (My Friend)  <PERSON> 
""10 Netflix Accounts ka Giveaway""
 hoga.
So Go and Subscribe Now <PERSON>️Note:- Giveaway Winners 🏆 Channel Subscribers me se hi select Kiye jaayenge ✨

🏆Tip to Win:- put some extra efforts example-- Like comment ....etc",False,False,False,False,True,False,False,False,False,False,1711291055,,,,,,,,,3834.0,0.0,"{'_': 'MessageReplies', 'replies': 0, 'replies_pts': 106675, 'comments': True, 'recent_repliers': [], 'channel_id': 1725291611, 'max_id': None, 'read_max_id': None}",2024-02-13T09:06:40+00:00,,,"{'_': 'MessageReactions', 'results': [{'_': 'ReactionCount', 'reaction': {'_': 'ReactionEmoji', 'emoticon': '👍'}, 'count': 7, 'chosen_order': None}, {'_': 'ReactionCount', 'reaction': {'_': 'ReactionEmoji', 'emoticon': '❤'}, 'count': 1, 'chosen_order': None}, {'_': 'ReactionCount', 'reaction': {'_': 'ReactionEmoji', 'emoticon': '🥰'}, 'count': 1, 'chosen_order': None}], 'min': False, 'can_see_list': False, 'reactions_as_tags': False, 'recent_reactions': []}",[],
tiptoptech2,https://t.me/tiptoptech2,633,2024-02-13 08:57:36,,False,False,False,True,True,,False,,,,1711291055,,,,630.0,False,False,,,,,,,,,,,
tiptoptech2,https://t.me/tiptoptech2,634,2024-02-16 04:15:04,"~ BOMBitUP Mod Update ⚡

~ Message Bomber
~ Email Bomber
~ WhatsApp Bomber
~ All Ads Removed
~ All Devices Support",False,False,False,False,True,False,False,True,False,False,1711291055,,,,,,,,,2822.0,34.0,"{'_': 'MessageReplies', 'replies': 1, 'replies_pts': 106675, 'comments': True, 'recent_repliers': [{'_': 'PeerUser', 'user_id': 1554368359}], 'channel_id': 1725291611, 'max_id': 52510, 'read_max_id': None}",2024-02-16T08:48:32+00:00,,,"{'_': 'MessageReactions', 'results': [{'_': 'ReactionCount', 'reaction': {'_': 'ReactionEmoji', 'emoticon': '👎'}, 'count': 11, 'chosen_order': None}, {'_': 'ReactionCount', 'reaction': {'_': 'ReactionEmoji', 'emoticon': '🥰'}, 'count': 3, 'chosen_order': None}, {'_': 'ReactionCount', 'reaction': {'_': 'ReactionEmoji', 'emoticon': '👍'}, 'count': 1, 'chosen_order': None}], 'min': False, 'can_see_list': False, 'reactions_as_tags': False, 'recent_reactions': []}",[],
tiptoptech2,https://t.me/tiptoptech2,635,2024-02-23 09:49:16,"Hey Buddy! Join me on Junglee Poker & win huge rewards.
 Here's what you can enjoy:
1. ✅200% Welcome Bonus up to ₹20,000
2. ✅1 CR+ in Freeroll and GTD Tournaments
3. ✅2 Lakh+ in Daily Leaderboards
Use code <PERSON> to avail bonus on your 1st deposit.
⏳Don't Wait, click on this link to download Junglee Poker & register :https://qw25y.app.link/OE0O1w9TLBb?utm_source=raf&utm_campaign=pkwhtasapp&refCode=FBFT8KASGR",False,False,False,False,True,False,False,True,False,False,1711291055,,,,,,,6.251466934352725e+18,,1059.0,0.0,"{'_': 'MessageReplies', 'replies': 0, 'replies_pts': 106675, 'comments': True, 'recent_repliers': [], 'channel_id': 1725291611, 'max_id': None, 'read_max_id': None}",2024-02-23T11:00:52+00:00,,1.366945405530462e+16,"{'_': 'MessageReactions', 'results': [{'_': 'ReactionCount', 'reaction': {'_': 'ReactionEmoji', 'emoticon': '👍'}, 'count': 3, 'chosen_order': None}], 'min': False, 'can_see_list': False, 'reactions_as_tags': False, 'recent_reactions': []}",[],
tiptoptech2,https://t.me/tiptoptech2,636,2024-02-23 09:49:17,,False,False,False,False,True,False,False,True,False,False,1711291055,,,,,,,6.251466934352725e+18,,1058.0,0.0,,2024-02-23T09:49:20+00:00,,1.366945405530462e+16,,[],
tiptoptech2,https://t.me/tiptoptech2,637,2024-02-24 16:02:02,"How to earn rewards with Navi? 
✅ Install Navi, use link below 
✅ Buy Digital Gold ➡️ win extra gold upto ₹100 
✅ Complete KYC for Mutual Funds ➡️ win upto ₹250 cash reward 
🤔 Why use Navi? 
🟢 Start investing with just ₹1 🤯 
🟡 Digital Gold of 99.5% purity
Download Now: https://g.navi.com/Ggvbi",False,False,False,False,True,False,False,False,False,False,1711291055,,,,,,,6.255745954435152e+18,,531.0,0.0,"{'_': 'MessageReplies', 'replies': 0, 'replies_pts': 106675, 'comments': True, 'recent_repliers': [], 'channel_id': 1725291611, 'max_id': None, 'read_max_id': None}",2024-02-25T00:51:11+00:00,,,"{'_': 'MessageReactions', 'results': [{'_': 'ReactionCount', 'reaction': {'_': 'ReactionEmoji', 'emoticon': '👍'}, 'count': 2, 'chosen_order': None}], 'min': False, 'can_see_list': False, 'reactions_as_tags': False, 'recent_reactions': []}",[],
