Channel ID,URL,Post ID,date,message,out,mentioned,media_unread,silent,post,from_scheduled,legacy,edit_hide,pinned,noforwards,peer_channel,from_id_user,fwd_from,via_bot_id,reply_to_msg_id,reply_to_scheduled,forum_topic,media_photo_id,reply_markup,views,forwards,replies,edit_date,post_author,grouped_id,reactions,restriction_reason,ttl_period
toonxtech,https://t.me/toonxtech,492,2024-01-23 04:16:24,,False,False,False,False,True,False,False,True,False,False,1730518268,,,,,,,,,60617,149,"{'_': 'MessageReplies', 'replies': 34, 'replies_pts': 12058, 'comments': True, 'recent_repliers': [{'_': 'PeerUser', 'user_id': 5406730746}, {'_': 'PeerUser', 'user_id': 6885689449}, {'_': 'PeerUser', 'user_id': 836158767}], 'channel_id': 1832712233, 'max_id': 6821, 'read_max_id': None}",2024-01-23T04:16:54+00:00,,1.36478670773469e+16,"{'_': 'MessageReactions', 'results': [{'_': 'ReactionCount', 'reaction': {'_': 'ReactionEmoji', 'emoticon': '\U0001fae1'}, 'count': 41, 'chosen_order': None}, {'_': 'ReactionCount', 'reaction': {'_': 'ReactionEmoji', 'emoticon': '👍'}, 'count': 26, 'chosen_order': None}, {'_': 'ReactionCount', 'reaction': {'_': 'ReactionEmoji', 'emoticon': '🔥'}, 'count': 5, 'chosen_order': None}, {'_': 'ReactionCount', 'reaction': {'_': 'ReactionEmoji', 'emoticon': '❤'}, 'count': 2, 'chosen_order': None}, {'_': 'ReactionCount', 'reaction': {'_': 'ReactionEmoji', 'emoticon': '😁'}, 'count': 2, 'chosen_order': None}], 'min': False, 'can_see_list': False, 'reactions_as_tags': False, 'recent_reactions': []}",[],
toonxtech,https://t.me/toonxtech,505,2024-01-28 02:27:15,"CapCut v11.0.0 (Pro)

Pro Unlocked (Everything set to free)
Note: VPN Required if app nit available in your country",False,False,False,False,True,False,False,True,False,False,1730518268,,,,,,,,,45309,488,"{'_': 'MessageReplies', 'replies': 83, 'replies_pts': 12058, 'comments': True, 'recent_repliers': [{'_': 'PeerUser', 'user_id': 1055247854}, {'_': 'PeerUser', 'user_id': 5836838663}, {'_': 'PeerUser', 'user_id': 6177236132}], 'channel_id': 1832712233, 'max_id': 8056, 'read_max_id': None}",2024-01-28T02:27:21+00:00,,1.3651270681835644e+16,"{'_': 'MessageReactions', 'results': [{'_': 'ReactionCount', 'reaction': {'_': 'ReactionEmoji', 'emoticon': '👍'}, 'count': 115, 'chosen_order': None}, {'_': 'ReactionCount', 'reaction': {'_': 'ReactionEmoji', 'emoticon': '❤'}, 'count': 55, 'chosen_order': None}, {'_': 'ReactionCount', 'reaction': {'_': 'ReactionEmoji', 'emoticon': '\U0001fae1'}, 'count': 28, 'chosen_order': None}, {'_': 'ReactionCount', 'reaction': {'_': 'ReactionEmoji', 'emoticon': '🔥'}, 'count': 16, 'chosen_order': None}, {'_': 'ReactionCount', 'reaction': {'_': 'ReactionEmoji', 'emoticon': '🤩'}, 'count': 12, 'chosen_order': None}, {'_': 'ReactionCount', 'reaction': {'_': 'ReactionEmoji', 'emoticon': '🕊'}, 'count': 11, 'chosen_order': None}, {'_': 'ReactionCount', 'reaction': {'_': 'ReactionEmoji', 'emoticon': '😱'}, 'count': 9, 'chosen_order': None}, {'_': 'ReactionCount', 'reaction': {'_': 'ReactionEmoji', 'emoticon': '🙏'}, 'count': 2, 'chosen_order': None}], 'min': False, 'can_see_list': False, 'reactions_as_tags': False, 'recent_reactions': []}",[],
toonxtech,https://t.me/toonxtech,534,2024-02-05 15:08:17,,False,False,False,False,True,False,False,True,False,False,1730518268,,,,,,,,,45113,44,"{'_': 'MessageReplies', 'replies': 6, 'replies_pts': 12058, 'comments': True, 'recent_repliers': [{'_': 'PeerUser', 'user_id': 5224701737}, {'_': 'PeerUser', 'user_id': 1859306814}, {'_': 'PeerUser', 'user_id': 6652906627}], 'channel_id': 1832712233, 'max_id': 7704, 'read_max_id': None}",2024-02-05T15:28:01+00:00,,,"{'_': 'MessageReactions', 'results': [{'_': 'ReactionCount', 'reaction': {'_': 'ReactionEmoji', 'emoticon': '👍'}, 'count': 14, 'chosen_order': None}, {'_': 'ReactionCount', 'reaction': {'_': 'ReactionEmoji', 'emoticon': '❤'}, 'count': 12, 'chosen_order': None}, {'_': 'ReactionCount', 'reaction': {'_': 'ReactionEmoji', 'emoticon': '🔥'}, 'count': 1, 'chosen_order': None}], 'min': False, 'can_see_list': False, 'reactions_as_tags': False, 'recent_reactions': []}",[],
toonxtech,https://t.me/toonxtech,535,2024-02-05 15:27:38,,False,False,False,False,True,False,False,True,False,False,1730518268,,,,,,,,,44776,160,"{'_': 'MessageReplies', 'replies': 21, 'replies_pts': 12058, 'comments': True, 'recent_repliers': [{'_': 'PeerUser', 'user_id': 6040437735}, {'_': 'PeerUser', 'user_id': 1737770683}, {'_': 'PeerUser', 'user_id': 6019000987}], 'channel_id': 1832712233, 'max_id': 7839, 'read_max_id': None}",2024-02-05T15:28:16+00:00,,,"{'_': 'MessageReactions', 'results': [{'_': 'ReactionCount', 'reaction': {'_': 'ReactionEmoji', 'emoticon': '👍'}, 'count': 50, 'chosen_order': None}, {'_': 'ReactionCount', 'reaction': {'_': 'ReactionEmoji', 'emoticon': '❤'}, 'count': 25, 'chosen_order': None}, {'_': 'ReactionCount', 'reaction': {'_': 'ReactionEmoji', 'emoticon': '😱'}, 'count': 3, 'chosen_order': None}], 'min': False, 'can_see_list': False, 'reactions_as_tags': False, 'recent_reactions': []}",[],
toonxtech,https://t.me/toonxtech,536,2024-02-05 17:01:34,,False,False,False,False,True,False,False,True,False,False,1730518268,,,,,,,,,42990,83,"{'_': 'MessageReplies', 'replies': 50, 'replies_pts': 12058, 'comments': True, 'recent_repliers': [{'_': 'PeerUser', 'user_id': 5909845077}, {'_': 'PeerUser', 'user_id': 5371373440}], 'channel_id': 1832712233, 'max_id': 8242, 'read_max_id': None}",2024-02-05T17:17:46+00:00,,,"{'_': 'MessageReactions', 'results': [{'_': 'ReactionCount', 'reaction': {'_': 'ReactionEmoji', 'emoticon': '👍'}, 'count': 36, 'chosen_order': None}, {'_': 'ReactionCount', 'reaction': {'_': 'ReactionEmoji', 'emoticon': '🔥'}, 'count': 14, 'chosen_order': None}, {'_': 'ReactionCount', 'reaction': {'_': 'ReactionEmoji', 'emoticon': '❤'}, 'count': 13, 'chosen_order': None}], 'min': False, 'can_see_list': False, 'reactions_as_tags': False, 'recent_reactions': []}",[],
toonxtech,https://t.me/toonxtech,537,2024-02-07 16:29:24,,False,False,False,False,True,False,False,True,False,False,1730518268,,,,,,,,,38046,62,"{'_': 'MessageReplies', 'replies': 18, 'replies_pts': 12058, 'comments': True, 'recent_repliers': [{'_': 'PeerUser', 'user_id': 6304022212}, {'_': 'PeerUser', 'user_id': 6299455641}, {'_': 'PeerUser', 'user_id': 6478940774}], 'channel_id': 1832712233, 'max_id': 7824, 'read_max_id': None}",2024-02-07T16:29:54+00:00,,,"{'_': 'MessageReactions', 'results': [{'_': 'ReactionCount', 'reaction': {'_': 'ReactionEmoji', 'emoticon': '👍'}, 'count': 25, 'chosen_order': None}, {'_': 'ReactionCount', 'reaction': {'_': 'ReactionEmoji', 'emoticon': '\U0001fae1'}, 'count': 8, 'chosen_order': None}, {'_': 'ReactionCount', 'reaction': {'_': 'ReactionEmoji', 'emoticon': '🕊'}, 'count': 7, 'chosen_order': None}, {'_': 'ReactionCount', 'reaction': {'_': 'ReactionEmoji', 'emoticon': '❤'}, 'count': 2, 'chosen_order': None}], 'min': False, 'can_see_list': False, 'reactions_as_tags': False, 'recent_reactions': []}",[],
toonxtech,https://t.me/toonxtech,559,2024-02-21 15:39:23,,False,False,False,False,True,False,False,True,False,False,1730518268,,,,,,,,,12761,18,"{'_': 'MessageReplies', 'replies': 5, 'replies_pts': 12058, 'comments': True, 'recent_repliers': [{'_': 'PeerUser', 'user_id': 6063902464}, {'_': 'PeerUser', 'user_id': 579225450}, {'_': 'PeerUser', 'user_id': 488601619}], 'channel_id': 1832712233, 'max_id': 8154, 'read_max_id': None}",2024-02-21T15:40:11+00:00,,1.3668239705106036e+16,"{'_': 'MessageReactions', 'results': [{'_': 'ReactionCount', 'reaction': {'_': 'ReactionEmoji', 'emoticon': '👍'}, 'count': 23, 'chosen_order': None}, {'_': 'ReactionCount', 'reaction': {'_': 'ReactionEmoji', 'emoticon': '❤'}, 'count': 3, 'chosen_order': None}], 'min': False, 'can_see_list': False, 'reactions_as_tags': False, 'recent_reactions': []}",[],
toonxtech,https://t.me/toonxtech,566,2024-02-21 17:08:21,,False,False,False,False,True,False,False,True,False,False,1730518268,,,,,,,,,13347,46,,2024-02-21T17:08:24+00:00,,1.3668282409491324e+16,,[],
toonxtech,https://t.me/toonxtech,568,2024-02-22 14:12:42,"CapCut v11.1.0 <US_PASSPORT> (Pro)

Stable ✅",False,False,False,False,True,False,False,True,False,False,1730518268,,,,,,,,,11245,104,"{'_': 'MessageReplies', 'replies': 40, 'replies_pts': 12058, 'comments': True, 'recent_repliers': [{'_': 'PeerUser', 'user_id': 1885811342}, {'_': 'PeerUser', 'user_id': 5905697072}, {'_': 'PeerUser', 'user_id': 1322366783}], 'channel_id': 1832712233, 'max_id': 8396, 'read_max_id': None}",2024-02-22T14:13:04+00:00,,,"{'_': 'MessageReactions', 'results': [{'_': 'ReactionCount', 'reaction': {'_': 'ReactionEmoji', 'emoticon': '❤'}, 'count': 42, 'chosen_order': None}, {'_': 'ReactionCount', 'reaction': {'_': 'ReactionEmoji', 'emoticon': '👍'}, 'count': 22, 'chosen_order': None}, {'_': 'ReactionCount', 'reaction': {'_': 'ReactionEmoji', 'emoticon': '🔥'}, 'count': 6, 'chosen_order': None}, {'_': 'ReactionCount', 'reaction': {'_': 'ReactionEmoji', 'emoticon': '\U0001fae1'}, 'count': 5, 'chosen_order': None}, {'_': 'ReactionCount', 'reaction': {'_': 'ReactionEmoji', 'emoticon': '😁'}, 'count': 3, 'chosen_order': None}], 'min': False, 'can_see_list': False, 'reactions_as_tags': False, 'recent_reactions': []}",[],
toonxtech,https://t.me/toonxtech,570,2024-02-23 03:05:00,,False,False,False,False,True,False,False,True,False,False,1730518268,,,,,,,,,9317,12,,2024-02-23T03:05:03+00:00,,,,[],
toonxtech,https://t.me/toonxtech,571,2024-02-23 03:05:00,,False,False,False,False,True,False,False,True,False,False,1730518268,,,,,,,,,9287,28,,2024-02-23T03:37:43+00:00,,,"{'_': 'MessageReactions', 'results': [{'_': 'ReactionCount', 'reaction': {'_': 'ReactionEmoji', 'emoticon': '👍'}, 'count': 7, 'chosen_order': None}], 'min': False, 'can_see_list': False, 'reactions_as_tags': False, 'recent_reactions': []}",[],
toonxtech,https://t.me/toonxtech,572,2024-02-23 03:05:00,,False,False,False,False,True,False,False,True,False,False,1730518268,,,,,,,,,9241,10,,2024-02-23T04:36:19+00:00,,,"{'_': 'MessageReactions', 'results': [{'_': 'ReactionCount', 'reaction': {'_': 'ReactionEmoji', 'emoticon': '👍'}, 'count': 2, 'chosen_order': None}, {'_': 'ReactionCount', 'reaction': {'_': 'ReactionEmoji', 'emoticon': '❤'}, 'count': 2, 'chosen_order': None}], 'min': False, 'can_see_list': False, 'reactions_as_tags': False, 'recent_reactions': []}",[],
toonxtech,https://t.me/toonxtech,574,2024-02-23 03:05:01,,False,False,False,False,True,False,False,True,False,False,1730518268,,,,,,,,,9241,9,,2024-02-23T16:02:08+00:00,,,"{'_': 'MessageReactions', 'results': [{'_': 'ReactionCount', 'reaction': {'_': 'ReactionEmoji', 'emoticon': '❤'}, 'count': 4, 'chosen_order': None}], 'min': False, 'can_see_list': False, 'reactions_as_tags': False, 'recent_reactions': []}",[],
toonxtech,https://t.me/toonxtech,595,2024-02-23 16:37:18,,False,False,False,False,True,False,False,True,False,False,1730518268,,,,,,,,,7657,34,,2024-02-23T17:17:39+00:00,,,"{'_': 'MessageReactions', 'results': [{'_': 'ReactionCount', 'reaction': {'_': 'ReactionEmoji', 'emoticon': '🔥'}, 'count': 11, 'chosen_order': None}], 'min': False, 'can_see_list': False, 'reactions_as_tags': False, 'recent_reactions': []}",[],
toonxtech,https://t.me/toonxtech,598,2024-02-24 04:00:34,,False,False,False,False,True,False,False,True,False,False,1730518268,,,,,,,,,5339,17,"{'_': 'MessageReplies', 'replies': 1, 'replies_pts': 12058, 'comments': True, 'recent_repliers': [{'_': 'PeerUser', 'user_id': 5918423862}], 'channel_id': 1832712233, 'max_id': 8361, 'read_max_id': None}",2024-02-24T04:34:48+00:00,,,"{'_': 'MessageReactions', 'results': [{'_': 'ReactionCount', 'reaction': {'_': 'ReactionEmoji', 'emoticon': '👍'}, 'count': 5, 'chosen_order': None}], 'min': False, 'can_see_list': False, 'reactions_as_tags': False, 'recent_reactions': []}",[],
toonxtech,https://t.me/toonxtech,601,2024-02-24 04:00:35,,False,False,False,False,True,False,False,True,False,False,1730518268,,,,,,,,,5392,5,,2024-02-24T07:01:18+00:00,,,"{'_': 'MessageReactions', 'results': [{'_': 'ReactionCount', 'reaction': {'_': 'ReactionEmoji', 'emoticon': '👍'}, 'count': 4, 'chosen_order': None}, {'_': 'ReactionCount', 'reaction': {'_': 'ReactionEmoji', 'emoticon': '❤'}, 'count': 1, 'chosen_order': None}], 'min': False, 'can_see_list': False, 'reactions_as_tags': False, 'recent_reactions': []}",[],
toonxtech,https://t.me/toonxtech,602,2024-02-24 04:00:35,,False,False,False,False,True,False,False,True,False,False,1730518268,,,,,,,,,5414,5,,2024-02-24T07:17:22+00:00,,,"{'_': 'MessageReactions', 'results': [{'_': 'ReactionCount', 'reaction': {'_': 'ReactionEmoji', 'emoticon': '👍'}, 'count': 1, 'chosen_order': None}], 'min': False, 'can_see_list': False, 'reactions_as_tags': False, 'recent_reactions': []}",[],
toonxtech,https://t.me/toonxtech,603,2024-02-24 04:00:35,,False,False,False,False,True,False,False,True,False,False,1730518268,,,,,,,,,5442,9,,2024-02-24T04:27:34+00:00,,,"{'_': 'MessageReactions', 'results': [{'_': 'ReactionCount', 'reaction': {'_': 'ReactionEmoji', 'emoticon': '👍'}, 'count': 4, 'chosen_order': None}], 'min': False, 'can_see_list': False, 'reactions_as_tags': False, 'recent_reactions': []}",[],
toonxtech,https://t.me/toonxtech,604,2024-02-24 04:00:35,,False,False,False,False,True,False,False,True,False,False,1730518268,,,,,,,,,5366,19,,2024-02-24T05:29:35+00:00,,,"{'_': 'MessageReactions', 'results': [{'_': 'ReactionCount', 'reaction': {'_': 'ReactionEmoji', 'emoticon': '👍'}, 'count': 4, 'chosen_order': None}], 'min': False, 'can_see_list': False, 'reactions_as_tags': False, 'recent_reactions': []}",[],
toonxtech,https://t.me/toonxtech,605,2024-02-24 04:00:35,,False,False,False,False,True,False,False,True,False,False,1730518268,,,,,,,,,5384,8,,2024-02-24T04:00:37+00:00,,,,[],
toonxtech,https://t.me/toonxtech,606,2024-02-24 04:00:35,,False,False,False,False,True,False,False,True,False,False,1730518268,,,,,,,,,5396,2,,2024-02-24T04:00:37+00:00,,,,[],
toonxtech,https://t.me/toonxtech,607,2024-02-24 04:00:35,,False,False,False,False,True,False,False,True,False,False,1730518268,,,,,,,,,5575,4,,2024-02-24T06:59:18+00:00,,,"{'_': 'MessageReactions', 'results': [{'_': 'ReactionCount', 'reaction': {'_': 'ReactionEmoji', 'emoticon': '👍'}, 'count': 2, 'chosen_order': None}], 'min': False, 'can_see_list': False, 'reactions_as_tags': False, 'recent_reactions': []}",[],
toonxtech,https://t.me/toonxtech,608,2024-02-24 04:00:35,,False,False,False,False,True,False,False,True,False,False,1730518268,,,,,,,,,5662,19,,2024-02-24T04:07:50+00:00,,,"{'_': 'MessageReactions', 'results': [{'_': 'ReactionCount', 'reaction': {'_': 'ReactionEmoji', 'emoticon': '👍'}, 'count': 5, 'chosen_order': None}, {'_': 'ReactionCount', 'reaction': {'_': 'ReactionEmoji', 'emoticon': '\U0001fae1'}, 'count': 3, 'chosen_order': None}, {'_': 'ReactionCount', 'reaction': {'_': 'ReactionEmoji', 'emoticon': '🔥'}, 'count': 2, 'chosen_order': None}, {'_': 'ReactionCount', 'reaction': {'_': 'ReactionEmoji', 'emoticon': '❤'}, 'count': 1, 'chosen_order': None}], 'min': False, 'can_see_list': False, 'reactions_as_tags': False, 'recent_reactions': []}",[],
toonxtech,https://t.me/toonxtech,609,2024-02-24 06:59:32,,False,False,False,False,True,False,False,True,False,False,1730518268,,,,,,,,,4733,3,"{'_': 'MessageReplies', 'replies': 4, 'replies_pts': 12058, 'comments': True, 'recent_repliers': [{'_': 'PeerUser', 'user_id': 543720515}, {'_': 'PeerUser', 'user_id': 1984266425}, {'_': 'PeerUser', 'user_id': 1312493134}], 'channel_id': 1832712233, 'max_id': 8429, 'read_max_id': None}",2024-02-24T09:38:43+00:00,,,"{'_': 'MessageReactions', 'results': [], 'min': False, 'can_see_list': False, 'reactions_as_tags': False, 'recent_reactions': []}",[],
toonxtech,https://t.me/toonxtech,610,2024-02-24 06:59:32,,False,False,False,False,True,False,False,True,False,False,1730518268,,,,,,,,,4800,6,,2024-02-24T06:59:35+00:00,,,,[],
toonxtech,https://t.me/toonxtech,611,2024-02-24 06:59:32,,False,False,False,False,True,False,False,True,False,False,1730518268,,,,,,,,,4710,9,,2024-02-24T10:10:51+00:00,,,"{'_': 'MessageReactions', 'results': [{'_': 'ReactionCount', 'reaction': {'_': 'ReactionEmoji', 'emoticon': '❤'}, 'count': 3, 'chosen_order': None}], 'min': False, 'can_see_list': False, 'reactions_as_tags': False, 'recent_reactions': []}",[],
toonxtech,https://t.me/toonxtech,618,2024-02-24 06:59:33,,False,False,False,False,True,False,False,True,False,False,1730518268,,,,,,,,,5135,6,,2024-02-24T07:40:58+00:00,,,"{'_': 'MessageReactions', 'results': [{'_': 'ReactionCount', 'reaction': {'_': 'ReactionEmoji', 'emoticon': '👍'}, 'count': 5, 'chosen_order': None}], 'min': False, 'can_see_list': False, 'reactions_as_tags': False, 'recent_reactions': []}",[],
toonxtech,https://t.me/toonxtech,620,2024-02-24 06:59:33,,False,False,False,False,True,False,False,True,False,False,1730518268,,,,,,,,,5993,4,,2024-02-24T07:41:16+00:00,,,"{'_': 'MessageReactions', 'results': [{'_': 'ReactionCount', 'reaction': {'_': 'ReactionEmoji', 'emoticon': '👍'}, 'count': 7, 'chosen_order': None}, {'_': 'ReactionCount', 'reaction': {'_': 'ReactionEmoji', 'emoticon': '🔥'}, 'count': 1, 'chosen_order': None}], 'min': False, 'can_see_list': False, 'reactions_as_tags': False, 'recent_reactions': []}",[],
toonxtech,https://t.me/toonxtech,621,2024-02-24 06:59:33,,False,False,False,False,True,False,False,True,False,False,1730518268,,,,,,,,,6586,55,,2024-02-24T07:01:20+00:00,,,"{'_': 'MessageReactions', 'results': [{'_': 'ReactionCount', 'reaction': {'_': 'ReactionEmoji', 'emoticon': '🕊'}, 'count': 36, 'chosen_order': None}, {'_': 'ReactionCount', 'reaction': {'_': 'ReactionEmoji', 'emoticon': '👍'}, 'count': 11, 'chosen_order': None}, {'_': 'ReactionCount', 'reaction': {'_': 'ReactionEmoji', 'emoticon': '🔥'}, 'count': 3, 'chosen_order': None}], 'min': False, 'can_see_list': False, 'reactions_as_tags': False, 'recent_reactions': []}",[],
toonxtech,https://t.me/toonxtech,622,2024-02-24 06:59:33,,False,False,False,False,True,False,False,True,False,False,1730518268,,,,,,,,,6792,1,,2024-02-24T07:41:19+00:00,,,"{'_': 'MessageReactions', 'results': [{'_': 'ReactionCount', 'reaction': {'_': 'ReactionEmoji', 'emoticon': '👍'}, 'count': 8, 'chosen_order': None}, {'_': 'ReactionCount', 'reaction': {'_': 'ReactionEmoji', 'emoticon': '🔥'}, 'count': 1, 'chosen_order': None}], 'min': False, 'can_see_list': False, 'reactions_as_tags': False, 'recent_reactions': []}",[],
toonxtech,https://t.me/toonxtech,624,2024-02-24 06:59:34,,False,False,False,False,True,False,False,True,False,False,1730518268,,,,,,,,,6805,8,,2024-02-24T07:09:46+00:00,,,"{'_': 'MessageReactions', 'results': [{'_': 'ReactionCount', 'reaction': {'_': 'ReactionEmoji', 'emoticon': '👍'}, 'count': 10, 'chosen_order': None}], 'min': False, 'can_see_list': False, 'reactions_as_tags': False, 'recent_reactions': []}",[],
toonxtech,https://t.me/toonxtech,626,2024-02-24 09:34:28,"Spotify (Fix Versions)🔥 ✅


Install as update and
Forec close 2 times/clear app from recents and enjoy

If u face password errors the Reset using email😅",False,False,False,False,True,False,False,True,False,False,1730518268,,,,,,,,,5801,37,"{'_': 'MessageReplies', 'replies': 21, 'replies_pts': 12074, 'comments': True, 'recent_repliers': [{'_': 'PeerUser', 'user_id': 5102405116}, {'_': 'PeerUser', 'user_id': 5642140244}, {'_': 'PeerUser', 'user_id': 6457477783}], 'channel_id': 1832712233, 'max_id': 8456, 'read_max_id': None}",2024-02-24T09:35:00+00:00,,1.367013814711294e+16,"{'_': 'MessageReactions', 'results': [{'_': 'ReactionCount', 'reaction': {'_': 'ReactionEmoji', 'emoticon': '👍'}, 'count': 31, 'chosen_order': None}, {'_': 'ReactionCount', 'reaction': {'_': 'ReactionEmoji', 'emoticon': '❤'}, 'count': 7, 'chosen_order': None}], 'min': False, 'can_see_list': False, 'reactions_as_tags': False, 'recent_reactions': []}",[],
toonxtech,https://t.me/toonxtech,627,2024-02-24 09:34:28,(Amoled Black),False,False,False,False,True,False,False,True,False,False,1730518268,,,,,,,,,5752,36,,2024-02-24T09:34:31+00:00,,1.367013814711294e+16,,[],
toonxtech,https://t.me/toonxtech,629,2024-02-26 12:01:35,,False,False,False,False,True,False,False,True,False,False,1730518268,,,,,,,,,10711,6,,2024-02-26T12:07:53+00:00,,,"{'_': 'MessageReactions', 'results': [{'_': 'ReactionCount', 'reaction': {'_': 'ReactionEmoji', 'emoticon': '👍'}, 'count': 3, 'chosen_order': None}], 'min': False, 'can_see_list': False, 'reactions_as_tags': False, 'recent_reactions': []}",[],
toonxtech,https://t.me/toonxtech,630,2024-02-26 12:01:35,,False,False,False,False,True,False,False,True,False,False,1730518268,,,,,,,,,10074,6,,2024-02-27T03:33:34+00:00,,,"{'_': 'MessageReactions', 'results': [{'_': 'ReactionCount', 'reaction': {'_': 'ReactionEmoji', 'emoticon': '👍'}, 'count': 2, 'chosen_order': None}], 'min': False, 'can_see_list': False, 'reactions_as_tags': False, 'recent_reactions': []}",[],
toonxtech,https://t.me/toonxtech,631,2024-02-26 12:01:35,,False,False,False,False,True,False,False,True,False,False,1730518268,,,,,,,,,9990,11,,2024-02-26T12:07:54+00:00,,,"{'_': 'MessageReactions', 'results': [{'_': 'ReactionCount', 'reaction': {'_': 'ReactionEmoji', 'emoticon': '👍'}, 'count': 7, 'chosen_order': None}, {'_': 'ReactionCount', 'reaction': {'_': 'ReactionEmoji', 'emoticon': '❤'}, 'count': 1, 'chosen_order': None}], 'min': False, 'can_see_list': False, 'reactions_as_tags': False, 'recent_reactions': []}",[],
toonxtech,https://t.me/toonxtech,632,2024-02-26 12:01:35,,False,False,False,False,True,False,False,True,False,False,1730518268,,,,,,,,,9904,16,,2024-02-26T15:55:58+00:00,,,"{'_': 'MessageReactions', 'results': [{'_': 'ReactionCount', 'reaction': {'_': 'ReactionEmoji', 'emoticon': '👍'}, 'count': 2, 'chosen_order': None}, {'_': 'ReactionCount', 'reaction': {'_': 'ReactionEmoji', 'emoticon': '🔥'}, 'count': 2, 'chosen_order': None}], 'min': False, 'can_see_list': False, 'reactions_as_tags': False, 'recent_reactions': []}",[],
toonxtech,https://t.me/toonxtech,633,2024-02-26 12:01:35,,False,False,False,False,True,False,False,False,False,False,1730518268,,,,,,,,,9643,12,,2024-02-26T13:32:59+00:00,,,"{'_': 'MessageReactions', 'results': [{'_': 'ReactionCount', 'reaction': {'_': 'ReactionEmoji', 'emoticon': '❤'}, 'count': 2, 'chosen_order': None}, {'_': 'ReactionCount', 'reaction': {'_': 'ReactionEmoji', 'emoticon': '👍'}, 'count': 1, 'chosen_order': None}], 'min': False, 'can_see_list': False, 'reactions_as_tags': False, 'recent_reactions': []}",[],
toonxtech,https://t.me/toonxtech,634,2024-02-26 12:01:35,,False,False,False,False,True,False,False,True,False,False,1730518268,,,,,,,,,9327,50,,2024-02-26T12:07:58+00:00,,,"{'_': 'MessageReactions', 'results': [{'_': 'ReactionCount', 'reaction': {'_': 'ReactionEmoji', 'emoticon': '👍'}, 'count': 6, 'chosen_order': None}, {'_': 'ReactionCount', 'reaction': {'_': 'ReactionEmoji', 'emoticon': '🔥'}, 'count': 2, 'chosen_order': None}, {'_': 'ReactionCount', 'reaction': {'_': 'ReactionEmoji', 'emoticon': '🤩'}, 'count': 2, 'chosen_order': None}], 'min': False, 'can_see_list': False, 'reactions_as_tags': False, 'recent_reactions': []}",[],
toonxtech,https://t.me/toonxtech,635,2024-02-26 12:01:35,,False,False,False,False,True,False,False,True,False,False,1730518268,,,,,,,,,9064,13,,2024-02-26T21:14:32+00:00,,,"{'_': 'MessageReactions', 'results': [{'_': 'ReactionCount', 'reaction': {'_': 'ReactionEmoji', 'emoticon': '👍'}, 'count': 3, 'chosen_order': None}, {'_': 'ReactionCount', 'reaction': {'_': 'ReactionEmoji', 'emoticon': '❤'}, 'count': 2, 'chosen_order': None}], 'min': False, 'can_see_list': False, 'reactions_as_tags': False, 'recent_reactions': []}",[],
toonxtech,https://t.me/toonxtech,636,2024-02-26 12:01:35,,False,False,False,False,True,False,False,True,False,False,1730518268,,,,,,,,,9166,18,,2024-02-26T15:32:39+00:00,,,"{'_': 'MessageReactions', 'results': [{'_': 'ReactionCount', 'reaction': {'_': 'ReactionEmoji', 'emoticon': '👍'}, 'count': 7, 'chosen_order': None}], 'min': False, 'can_see_list': False, 'reactions_as_tags': False, 'recent_reactions': []}",[],
toonxtech,https://t.me/toonxtech,637,2024-02-26 12:01:36,,False,False,False,False,True,False,False,True,False,False,1730518268,,,,,,,,,9848,4,,2024-02-26T12:01:38+00:00,,,,[],
toonxtech,https://t.me/toonxtech,638,2024-02-26 12:01:36,,False,False,False,False,True,False,False,True,False,False,1730518268,,,,,,,,,9939,9,,2024-02-28T04:47:25+00:00,,,"{'_': 'MessageReactions', 'results': [{'_': 'ReactionCount', 'reaction': {'_': 'ReactionEmoji', 'emoticon': '👍'}, 'count': 2, 'chosen_order': None}, {'_': 'ReactionCount', 'reaction': {'_': 'ReactionEmoji', 'emoticon': '\U0001fae1'}, 'count': 1, 'chosen_order': None}], 'min': False, 'can_see_list': False, 'reactions_as_tags': False, 'recent_reactions': []}",[],
toonxtech,https://t.me/toonxtech,639,2024-02-26 12:01:36,,False,False,False,False,True,False,False,True,False,False,1730518268,,,,,,,,,10050,59,,2024-02-26T16:20:52+00:00,,,"{'_': 'MessageReactions', 'results': [{'_': 'ReactionCount', 'reaction': {'_': 'ReactionEmoji', 'emoticon': '❤'}, 'count': 17, 'chosen_order': None}, {'_': 'ReactionCount', 'reaction': {'_': 'ReactionEmoji', 'emoticon': '👍'}, 'count': 1, 'chosen_order': None}], 'min': False, 'can_see_list': False, 'reactions_as_tags': False, 'recent_reactions': []}",[],
toonxtech,https://t.me/toonxtech,640,2024-02-26 12:01:36,,False,False,False,False,True,False,False,False,False,False,1730518268,,,,,,,,,10327,15,,2024-02-26T13:31:39+00:00,,,"{'_': 'MessageReactions', 'results': [{'_': 'ReactionCount', 'reaction': {'_': 'ReactionEmoji', 'emoticon': '👍'}, 'count': 13, 'chosen_order': None}], 'min': False, 'can_see_list': False, 'reactions_as_tags': False, 'recent_reactions': []}",[],
toonxtech,https://t.me/toonxtech,641,2024-02-26 12:01:36,,False,False,False,False,True,False,False,True,False,False,1730518268,,,,,,,,,10938,4,,2024-02-26T13:02:35+00:00,,,"{'_': 'MessageReactions', 'results': [], 'min': False, 'can_see_list': False, 'reactions_as_tags': False, 'recent_reactions': []}",[],
toonxtech,https://t.me/toonxtech,642,2024-02-26 12:01:36,,False,False,False,False,True,False,False,True,False,False,1730518268,,,,,,,,,11359,2,,2024-02-27T22:54:18+00:00,,,"{'_': 'MessageReactions', 'results': [{'_': 'ReactionCount', 'reaction': {'_': 'ReactionEmoji', 'emoticon': '👍'}, 'count': 1, 'chosen_order': None}], 'min': False, 'can_see_list': False, 'reactions_as_tags': False, 'recent_reactions': []}",[],
toonxtech,https://t.me/toonxtech,643,2024-02-26 12:01:36,,False,False,False,False,True,False,False,False,False,False,1730518268,,,,,,,,,11846,45,,2024-02-26T15:55:42+00:00,,,"{'_': 'MessageReactions', 'results': [{'_': 'ReactionCount', 'reaction': {'_': 'ReactionEmoji', 'emoticon': '👍'}, 'count': 7, 'chosen_order': None}, {'_': 'ReactionCount', 'reaction': {'_': 'ReactionEmoji', 'emoticon': '🔥'}, 'count': 7, 'chosen_order': None}], 'min': False, 'can_see_list': False, 'reactions_as_tags': False, 'recent_reactions': []}",[],
toonxtech,https://t.me/toonxtech,644,2024-02-26 12:01:36,,False,False,False,False,True,False,False,True,False,False,1730518268,,,,,,,,,12040,2,,2024-03-01T11:15:24+00:00,,,"{'_': 'MessageReactions', 'results': [], 'min': False, 'can_see_list': False, 'reactions_as_tags': False, 'recent_reactions': []}",[],
toonxtech,https://t.me/toonxtech,645,2024-02-26 12:01:36,https://play.google.com/store/apps/details?id=com.dv.adm,False,False,False,False,True,False,False,False,False,False,1730518268,,,,,,,,,12152,16,,2024-02-26T18:03:17+00:00,,,"{'_': 'MessageReactions', 'results': [{'_': 'ReactionCount', 'reaction': {'_': 'ReactionEmoji', 'emoticon': '👍'}, 'count': 4, 'chosen_order': None}, {'_': 'ReactionCount', 'reaction': {'_': 'ReactionEmoji', 'emoticon': '😱'}, 'count': 1, 'chosen_order': None}], 'min': False, 'can_see_list': False, 'reactions_as_tags': False, 'recent_reactions': []}",[],
toonxtech,https://t.me/toonxtech,646,2024-02-26 12:01:37,,False,False,False,False,True,False,False,True,False,False,1730518268,,,,,,,,,11747,24,,2024-02-26T12:08:04+00:00,,,"{'_': 'MessageReactions', 'results': [{'_': 'ReactionCount', 'reaction': {'_': 'ReactionEmoji', 'emoticon': '👍'}, 'count': 8, 'chosen_order': None}, {'_': 'ReactionCount', 'reaction': {'_': 'ReactionEmoji', 'emoticon': '❤'}, 'count': 1, 'chosen_order': None}], 'min': False, 'can_see_list': False, 'reactions_as_tags': False, 'recent_reactions': []}",[],
toonxtech,https://t.me/toonxtech,647,2024-02-26 12:01:37,,False,False,False,False,True,False,False,True,False,False,1730518268,,,,,,,,,11897,16,,2024-02-26T21:42:37+00:00,,,"{'_': 'MessageReactions', 'results': [{'_': 'ReactionCount', 'reaction': {'_': 'ReactionEmoji', 'emoticon': '❤'}, 'count': 4, 'chosen_order': None}, {'_': 'ReactionCount', 'reaction': {'_': 'ReactionEmoji', 'emoticon': '👍'}, 'count': 3, 'chosen_order': None}], 'min': False, 'can_see_list': False, 'reactions_as_tags': False, 'recent_reactions': []}",[],
toonxtech,https://t.me/toonxtech,648,2024-02-26 12:01:37,,False,False,False,False,True,False,False,True,False,False,1730518268,,,,,,,,,12003,10,,2024-02-26T12:01:38+00:00,,,,[],
toonxtech,https://t.me/toonxtech,649,2024-02-26 12:01:37,,False,False,False,False,True,False,False,True,False,False,1730518268,,,,,,,,,11621,13,,2024-02-26T14:58:56+00:00,,,"{'_': 'MessageReactions', 'results': [{'_': 'ReactionCount', 'reaction': {'_': 'ReactionEmoji', 'emoticon': '👍'}, 'count': 7, 'chosen_order': None}], 'min': False, 'can_see_list': False, 'reactions_as_tags': False, 'recent_reactions': []}",[],
toonxtech,https://t.me/toonxtech,650,2024-02-26 12:01:37,,False,False,False,False,True,False,False,True,False,False,1730518268,,,,,,,,,11729,140,,2024-02-26T12:03:06+00:00,,,"{'_': 'MessageReactions', 'results': [{'_': 'ReactionCount', 'reaction': {'_': 'ReactionEmoji', 'emoticon': '❤'}, 'count': 38, 'chosen_order': None}, {'_': 'ReactionCount', 'reaction': {'_': 'ReactionEmoji', 'emoticon': '\U0001fae1'}, 'count': 9, 'chosen_order': None}, {'_': 'ReactionCount', 'reaction': {'_': 'ReactionEmoji', 'emoticon': '🔥'}, 'count': 5, 'chosen_order': None}, {'_': 'ReactionCount', 'reaction': {'_': 'ReactionEmoji', 'emoticon': '👍'}, 'count': 3, 'chosen_order': None}], 'min': False, 'can_see_list': False, 'reactions_as_tags': False, 'recent_reactions': []}",[],
toonxtech,https://t.me/toonxtech,651,2024-02-26 12:01:37,,False,False,False,False,True,False,False,True,False,False,1730518268,,,,,,,,,11767,17,,2024-02-26T12:03:02+00:00,,,"{'_': 'MessageReactions', 'results': [{'_': 'ReactionCount', 'reaction': {'_': 'ReactionEmoji', 'emoticon': '❤'}, 'count': 11, 'chosen_order': None}, {'_': 'ReactionCount', 'reaction': {'_': 'ReactionEmoji', 'emoticon': '👍'}, 'count': 2, 'chosen_order': None}], 'min': False, 'can_see_list': False, 'reactions_as_tags': False, 'recent_reactions': []}",[],
toonxtech,https://t.me/toonxtech,652,2024-02-26 12:01:37,,False,False,False,False,True,False,False,False,False,False,1730518268,,,,,,,,,12215,12,,2024-02-26T12:02:58+00:00,,,"{'_': 'MessageReactions', 'results': [{'_': 'ReactionCount', 'reaction': {'_': 'ReactionEmoji', 'emoticon': '❤'}, 'count': 8, 'chosen_order': None}, {'_': 'ReactionCount', 'reaction': {'_': 'ReactionEmoji', 'emoticon': '👍'}, 'count': 2, 'chosen_order': None}, {'_': 'ReactionCount', 'reaction': {'_': 'ReactionEmoji', 'emoticon': '😁'}, 'count': 2, 'chosen_order': None}], 'min': False, 'can_see_list': False, 'reactions_as_tags': False, 'recent_reactions': []}",[],
toonxtech,https://t.me/toonxtech,653,2024-02-26 12:01:37,,False,False,False,False,True,False,False,True,False,False,1730518268,,,,,,,,,12618,13,,2024-02-26T12:02:55+00:00,,,"{'_': 'MessageReactions', 'results': [{'_': 'ReactionCount', 'reaction': {'_': 'ReactionEmoji', 'emoticon': '👍'}, 'count': 8, 'chosen_order': None}, {'_': 'ReactionCount', 'reaction': {'_': 'ReactionEmoji', 'emoticon': '🔥'}, 'count': 3, 'chosen_order': None}], 'min': False, 'can_see_list': False, 'reactions_as_tags': False, 'recent_reactions': []}",[],
toonxtech,https://t.me/toonxtech,654,2024-02-26 12:01:37,,False,False,False,False,True,False,False,True,False,False,1730518268,,,,,,,,,13077,9,,2024-02-26T12:02:54+00:00,,,"{'_': 'MessageReactions', 'results': [{'_': 'ReactionCount', 'reaction': {'_': 'ReactionEmoji', 'emoticon': '👍'}, 'count': 9, 'chosen_order': None}, {'_': 'ReactionCount', 'reaction': {'_': 'ReactionEmoji', 'emoticon': '\U0001fae1'}, 'count': 3, 'chosen_order': None}, {'_': 'ReactionCount', 'reaction': {'_': 'ReactionEmoji', 'emoticon': '🔥'}, 'count': 1, 'chosen_order': None}], 'min': False, 'can_see_list': False, 'reactions_as_tags': False, 'recent_reactions': []}",[],
toonxtech,https://t.me/toonxtech,655,2024-02-26 12:01:38,,False,False,False,False,True,False,False,True,False,False,1730518268,,,,,,,,,13288,11,,2024-02-26T12:02:49+00:00,,,"{'_': 'MessageReactions', 'results': [{'_': 'ReactionCount', 'reaction': {'_': 'ReactionEmoji', 'emoticon': '👍'}, 'count': 5, 'chosen_order': None}, {'_': 'ReactionCount', 'reaction': {'_': 'ReactionEmoji', 'emoticon': '🔥'}, 'count': 3, 'chosen_order': None}], 'min': False, 'can_see_list': False, 'reactions_as_tags': False, 'recent_reactions': []}",[],
toonxtech,https://t.me/toonxtech,656,2024-02-26 12:01:38,,False,False,False,False,True,False,False,True,False,False,1730518268,,,,,,,,,13201,24,,2024-02-26T12:02:44+00:00,,,"{'_': 'MessageReactions', 'results': [{'_': 'ReactionCount', 'reaction': {'_': 'ReactionEmoji', 'emoticon': '👍'}, 'count': 14, 'chosen_order': None}, {'_': 'ReactionCount', 'reaction': {'_': 'ReactionEmoji', 'emoticon': '❤'}, 'count': 7, 'chosen_order': None}], 'min': False, 'can_see_list': False, 'reactions_as_tags': False, 'recent_reactions': []}",[],
toonxtech,https://t.me/toonxtech,657,2024-02-26 12:01:38,,False,False,False,False,True,False,False,True,False,False,1730518268,,,,,,,,,13590,64,,2024-02-26T12:02:42+00:00,,,"{'_': 'MessageReactions', 'results': [{'_': 'ReactionCount', 'reaction': {'_': 'ReactionEmoji', 'emoticon': '❤'}, 'count': 18, 'chosen_order': None}, {'_': 'ReactionCount', 'reaction': {'_': 'ReactionEmoji', 'emoticon': '👍'}, 'count': 7, 'chosen_order': None}, {'_': 'ReactionCount', 'reaction': {'_': 'ReactionEmoji', 'emoticon': '🔥'}, 'count': 6, 'chosen_order': None}, {'_': 'ReactionCount', 'reaction': {'_': 'ReactionEmoji', 'emoticon': '😁'}, 'count': 1, 'chosen_order': None}], 'min': False, 'can_see_list': False, 'reactions_as_tags': False, 'recent_reactions': []}",[],
toonxtech,https://t.me/toonxtech,658,2024-02-26 12:01:38,,False,False,False,False,True,False,False,True,False,False,1730518268,,,,,,,,,13634,9,,2024-02-26T12:02:40+00:00,,,"{'_': 'MessageReactions', 'results': [{'_': 'ReactionCount', 'reaction': {'_': 'ReactionEmoji', 'emoticon': '❤'}, 'count': 16, 'chosen_order': None}, {'_': 'ReactionCount', 'reaction': {'_': 'ReactionEmoji', 'emoticon': '👍'}, 'count': 5, 'chosen_order': None}, {'_': 'ReactionCount', 'reaction': {'_': 'ReactionEmoji', 'emoticon': '\U0001fae1'}, 'count': 3, 'chosen_order': None}], 'min': False, 'can_see_list': False, 'reactions_as_tags': False, 'recent_reactions': []}",[],
toonxtech,https://t.me/toonxtech,659,2024-02-26 12:02:41,,False,False,False,False,True,False,False,True,False,False,1730518268,,,,,,,,,14179,76,"{'_': 'MessageReplies', 'replies': 44, 'replies_pts': 12573, 'comments': True, 'recent_repliers': [{'_': 'PeerUser', 'user_id': 6895791275}, {'_': 'PeerUser', 'user_id': 6435849084}, {'_': 'PeerUser', 'user_id': 5514515725}], 'channel_id': 1832712233, 'max_id': 8791, 'read_max_id': None}",2024-02-26T12:08:12+00:00,,,"{'_': 'MessageReactions', 'results': [{'_': 'ReactionCount', 'reaction': {'_': 'ReactionEmoji', 'emoticon': '👍'}, 'count': 21, 'chosen_order': None}, {'_': 'ReactionCount', 'reaction': {'_': 'ReactionEmoji', 'emoticon': '🔥'}, 'count': 18, 'chosen_order': None}, {'_': 'ReactionCount', 'reaction': {'_': 'ReactionEmoji', 'emoticon': '❤'}, 'count': 4, 'chosen_order': None}, {'_': 'ReactionCount', 'reaction': {'_': 'ReactionEmoji', 'emoticon': '😁'}, 'count': 3, 'chosen_order': None}, {'_': 'ReactionCount', 'reaction': {'_': 'ReactionEmoji', 'emoticon': '🤩'}, 'count': 1, 'chosen_order': None}], 'min': False, 'can_see_list': False, 'reactions_as_tags': False, 'recent_reactions': []}",[],
toonxtech,https://t.me/toonxtech,660,2024-02-28 06:09:18,,False,False,False,False,True,False,False,True,False,False,1730518268,,,,,,,,,9202,53,"{'_': 'MessageReplies', 'replies': 14, 'replies_pts': 12573, 'comments': True, 'recent_repliers': [{'_': 'PeerChannel', 'channel_id': 1832712233}, {'_': 'PeerUser', 'user_id': 1378251645}, {'_': 'PeerUser', 'user_id': 6374445671}], 'channel_id': 1832712233, 'max_id': 8774, 'read_max_id': None}",2024-02-28T06:09:45+00:00,,,"{'_': 'MessageReactions', 'results': [{'_': 'ReactionCount', 'reaction': {'_': 'ReactionEmoji', 'emoticon': '👍'}, 'count': 14, 'chosen_order': None}, {'_': 'ReactionCount', 'reaction': {'_': 'ReactionEmoji', 'emoticon': '🕊'}, 'count': 4, 'chosen_order': None}, {'_': 'ReactionCount', 'reaction': {'_': 'ReactionEmoji', 'emoticon': '🔥'}, 'count': 3, 'chosen_order': None}], 'min': False, 'can_see_list': False, 'reactions_as_tags': False, 'recent_reactions': []}",[],
toonxtech,https://t.me/toonxtech,661,2024-02-28 06:10:22,,False,False,False,False,True,False,False,True,False,False,1730518268,,,,,,,,,9390,11,"{'_': 'MessageReplies', 'replies': 14, 'replies_pts': 12573, 'comments': True, 'recent_repliers': [{'_': 'PeerUser', 'user_id': 5770135031}, {'_': 'PeerUser', 'user_id': 6589946394}, {'_': 'PeerUser', 'user_id': 1041081681}], 'channel_id': 1832712233, 'max_id': 8721, 'read_max_id': None}",2024-02-28T07:06:51+00:00,,,"{'_': 'MessageReactions', 'results': [{'_': 'ReactionCount', 'reaction': {'_': 'ReactionEmoji', 'emoticon': '👍'}, 'count': 10, 'chosen_order': None}, {'_': 'ReactionCount', 'reaction': {'_': 'ReactionEmoji', 'emoticon': '❤'}, 'count': 1, 'chosen_order': None}], 'min': False, 'can_see_list': False, 'reactions_as_tags': False, 'recent_reactions': []}",[],
toonxtech,https://t.me/toonxtech,662,2024-02-28 06:10:22,,False,False,False,False,True,False,False,True,False,False,1730518268,,,,,,,,,9455,20,,2024-02-28T11:31:47+00:00,,,"{'_': 'MessageReactions', 'results': [{'_': 'ReactionCount', 'reaction': {'_': 'ReactionEmoji', 'emoticon': '❤'}, 'count': 4, 'chosen_order': None}], 'min': False, 'can_see_list': False, 'reactions_as_tags': False, 'recent_reactions': []}",[],
toonxtech,https://t.me/toonxtech,663,2024-02-28 06:10:22,,False,False,False,False,True,False,False,True,False,False,1730518268,,,,,,,,,9837,14,,2024-02-28T06:13:51+00:00,,,"{'_': 'MessageReactions', 'results': [{'_': 'ReactionCount', 'reaction': {'_': 'ReactionEmoji', 'emoticon': '👍'}, 'count': 2, 'chosen_order': None}], 'min': False, 'can_see_list': False, 'reactions_as_tags': False, 'recent_reactions': []}",[],
toonxtech,https://t.me/toonxtech,664,2024-02-28 06:10:23,,False,False,False,False,True,False,False,True,False,False,1730518268,,,,,,,,,9904,19,,2024-02-28T11:09:27+00:00,,,"{'_': 'MessageReactions', 'results': [{'_': 'ReactionCount', 'reaction': {'_': 'ReactionEmoji', 'emoticon': '👍'}, 'count': 5, 'chosen_order': None}], 'min': False, 'can_see_list': False, 'reactions_as_tags': False, 'recent_reactions': []}",[],
toonxtech,https://t.me/toonxtech,665,2024-02-28 06:10:23,,False,False,False,False,True,False,False,True,False,False,1730518268,,,,,,,,,10016,15,,2024-02-28T08:25:35+00:00,,,"{'_': 'MessageReactions', 'results': [{'_': 'ReactionCount', 'reaction': {'_': 'ReactionEmoji', 'emoticon': '❤'}, 'count': 5, 'chosen_order': None}, {'_': 'ReactionCount', 'reaction': {'_': 'ReactionEmoji', 'emoticon': '👍'}, 'count': 1, 'chosen_order': None}], 'min': False, 'can_see_list': False, 'reactions_as_tags': False, 'recent_reactions': []}",[],
toonxtech,https://t.me/toonxtech,666,2024-02-28 06:10:23,,False,False,False,False,True,False,False,True,False,False,1730518268,,,,,,,,,10064,27,,2024-02-28T06:10:25+00:00,,,,[],
toonxtech,https://t.me/toonxtech,667,2024-02-28 06:10:23,,False,False,False,False,True,False,False,True,False,False,1730518268,,,,,,,,,10254,13,,2024-02-28T06:10:25+00:00,,,,[],
toonxtech,https://t.me/toonxtech,668,2024-02-28 06:10:23,,False,False,False,False,True,False,False,True,False,False,1730518268,,,,,,,,,10529,7,,2024-02-28T06:10:25+00:00,,,,[],
toonxtech,https://t.me/toonxtech,669,2024-02-28 06:10:23,,False,False,False,False,True,False,False,True,False,False,1730518268,,,,,,,,,10635,10,,2024-02-28T06:10:25+00:00,,,,[],
toonxtech,https://t.me/toonxtech,670,2024-02-28 06:10:23,,False,False,False,False,True,False,False,True,False,False,1730518268,,,,,,,,,10774,13,,2024-02-28T15:15:47+00:00,,,"{'_': 'MessageReactions', 'results': [{'_': 'ReactionCount', 'reaction': {'_': 'ReactionEmoji', 'emoticon': '👍'}, 'count': 3, 'chosen_order': None}, {'_': 'ReactionCount', 'reaction': {'_': 'ReactionEmoji', 'emoticon': '❤'}, 'count': 1, 'chosen_order': None}], 'min': False, 'can_see_list': False, 'reactions_as_tags': False, 'recent_reactions': []}",[],
toonxtech,https://t.me/toonxtech,671,2024-02-28 06:10:23,,False,False,False,False,True,False,False,True,False,False,1730518268,,,,,,,,,11020,12,,2024-02-28T06:20:45+00:00,,,"{'_': 'MessageReactions', 'results': [{'_': 'ReactionCount', 'reaction': {'_': 'ReactionEmoji', 'emoticon': '👍'}, 'count': 17, 'chosen_order': None}], 'min': False, 'can_see_list': False, 'reactions_as_tags': False, 'recent_reactions': []}",[],
toonxtech,https://t.me/toonxtech,672,2024-02-28 06:10:23,,False,False,False,False,True,False,False,True,False,False,1730518268,,,,,,,,,11296,29,,2024-02-28T12:07:27+00:00,,,"{'_': 'MessageReactions', 'results': [{'_': 'ReactionCount', 'reaction': {'_': 'ReactionEmoji', 'emoticon': '👍'}, 'count': 15, 'chosen_order': None}], 'min': False, 'can_see_list': False, 'reactions_as_tags': False, 'recent_reactions': []}",[],
toonxtech,https://t.me/toonxtech,673,2024-02-28 06:10:24,,False,False,False,False,True,False,False,True,False,False,1730518268,,,,,,,,,11399,20,,2024-02-28T07:37:27+00:00,,,"{'_': 'MessageReactions', 'results': [{'_': 'ReactionCount', 'reaction': {'_': 'ReactionEmoji', 'emoticon': '👍'}, 'count': 15, 'chosen_order': None}, {'_': 'ReactionCount', 'reaction': {'_': 'ReactionEmoji', 'emoticon': '🕊'}, 'count': 5, 'chosen_order': None}], 'min': False, 'can_see_list': False, 'reactions_as_tags': False, 'recent_reactions': []}",[],
toonxtech,https://t.me/toonxtech,674,2024-02-28 06:10:24,,False,False,False,False,True,False,False,True,False,False,1730518268,,,,,,,,,11471,61,,2024-02-28T06:13:49+00:00,,,"{'_': 'MessageReactions', 'results': [{'_': 'ReactionCount', 'reaction': {'_': 'ReactionEmoji', 'emoticon': '👍'}, 'count': 33, 'chosen_order': None}, {'_': 'ReactionCount', 'reaction': {'_': 'ReactionEmoji', 'emoticon': '🤩'}, 'count': 9, 'chosen_order': None}, {'_': 'ReactionCount', 'reaction': {'_': 'ReactionEmoji', 'emoticon': '\U0001fae1'}, 'count': 5, 'chosen_order': None}], 'min': False, 'can_see_list': False, 'reactions_as_tags': False, 'recent_reactions': []}",[],
toonxtech,https://t.me/toonxtech,676,2024-03-01 03:33:59,"BlackHole Music v1.15.11 (Stable)

Listen & Download Music 🔥

#update 🔥",False,False,False,False,True,False,False,True,False,False,1730518268,,,,,,,,,5791,29,"{'_': 'MessageReplies', 'replies': 27, 'replies_pts': 12573, 'comments': True, 'recent_repliers': [{'_': 'PeerUser', 'user_id': 6834206727}, {'_': 'PeerUser', 'user_id': 6895791275}, {'_': 'PeerUser', 'user_id': 6885311016}], 'channel_id': 1832712233, 'max_id': 8794, 'read_max_id': None}",2024-03-01T03:34:04+00:00,,1.367411231882262e+16,"{'_': 'MessageReactions', 'results': [{'_': 'ReactionCount', 'reaction': {'_': 'ReactionEmoji', 'emoticon': '🔥'}, 'count': 13, 'chosen_order': None}, {'_': 'ReactionCount', 'reaction': {'_': 'ReactionEmoji', 'emoticon': '👍'}, 'count': 9, 'chosen_order': None}, {'_': 'ReactionCount', 'reaction': {'_': 'ReactionEmoji', 'emoticon': '🕊'}, 'count': 3, 'chosen_order': None}], 'min': False, 'can_see_list': False, 'reactions_as_tags': False, 'recent_reactions': []}",[],
toonxtech,https://t.me/toonxtech,677,2024-03-01 03:34:00,,False,False,False,False,True,False,False,True,False,False,1730518268,,,,,,,,,5770,24,,2024-03-01T03:34:02+00:00,,1.367411231882262e+16,,[],
