id,Channel ID,URL,message,date,views,forwards,reactions
30863,acgr18,https://t.me/acgr18,"#Suppai #2d #壁尻 #土下座 #后入 
士下座那个后入的姿势真不错

❤️更多精彩动画资源❤️
  ❤️加入万人聊天群❤️",2024-02-25T06:24:20+00:00,71951.0,785.0,"👍: 48, ❤: 22, 🔥: 4, 😁: 4, 🤔: 3"
219288,acgr18,https://t.me/acgr18,https://twitter.com/suppainoga_suki,2024-03-08T14:05:25+00:00,,,
219284,acgr18,https://t.me/acgr18,可恶为什么我在推特搜不到这个作者,2024-03-08T13:48:19+00:00,,,
213296,acgr18,https://t.me/acgr18,看不了😡,2024-02-26T08:10:44+00:00,,,
213292,acgr18,https://t.me/acgr18,真好啊,2024-02-26T07:59:37+00:00,,,
213211,acgr18,https://t.me/acgr18,<DATE_TIME>,2024-02-26T05:48:34+00:00,,,
213068,acgr18,https://t.me/acgr18,<PERSON>,2024-02-25T18:20:33+00:00,,,
213067,acgr18,https://t.me/acgr18,<PERSON>,2024-02-25T18:20:27+00:00,,,
212578,acgr18,https://t.me/acgr18,收藏不了嘞,2024-02-25T10:30:07+00:00,,,
212502,acgr18,https://t.me/acgr18,怎么禁转发了，收藏不了了啊,2024-02-25T08:11:47+00:00,,,
212453,acgr18,https://t.me/acgr18,那是土下座。。。,2024-02-25T07:03:30+00:00,,,
