id,Channel ID,URL,message,date,views,forwards,reactions
30833,acgr18,https://t.me/acgr18,"#群友分享 #群友自购 来自英雄的自购分享~
#yesui #莉音 #rio #碧蓝档案 #巨乳  2024.2

❤️更多精彩动画资源❤️
  ❤️加入万人聊天群❤️",2024-02-23T15:39:59+00:00,63952.0,282.0,"👍: 65, 🥰: 9, ❤: 6, 😁: 2, 🤔: 1"
227391,acgr18,https://t.me/acgr18,批烂烧🐔，爱了,2024-03-22T16:23:38+00:00,,,
217043,acgr18,https://t.me/acgr18,+1,2024-03-04T08:44:10+00:00,,,
211753,acgr18,https://t.me/acgr18,<NRP>,2024-02-24T02:41:40+00:00,,,👍: 1
211734,acgr18,https://t.me/acgr18,,2024-02-24T02:10:17+00:00,,,
211733,acgr18,https://t.me/acgr18,开保存吧，我头上第四楼什么都会做的,2024-02-24T02:10:14+00:00,,,👍: 4
211651,acgr18,https://t.me/acgr18,视频都非常的好看(๑•̀ㅁ•́ฅ),2024-02-23T18:50:52+00:00,,,
211601,acgr18,https://t.me/acgr18,开放保存叭，我什么都会做的，这app视频进度太难拖了😭,2024-02-23T17:24:41+00:00,,,
211554,acgr18,https://t.me/acgr18,同道中人,2024-02-23T16:27:02+00:00,,,
211553,acgr18,https://t.me/acgr18,,2024-02-23T16:26:57+00:00,,,
211552,acgr18,https://t.me/acgr18,+3,2024-02-23T16:26:53+00:00,,,
211545,acgr18,https://t.me/acgr18,我属于懒得翻自己买了个900多G的盘想看什么都是下下来的,2024-02-23T16:15:58+00:00,,,
211539,acgr18,https://t.me/acgr18,我都直接转发到自己创建的只有自己的tlg群里，直接当收藏夹,2024-02-23T16:14:10+00:00,,,
211537,acgr18,https://t.me/acgr18,为什么要关阿,2024-02-23T16:13:34+00:00,,,❤: 1
211536,acgr18,https://t.me/acgr18,大伙不都是下载自己看的嘛,2024-02-23T16:13:26+00:00,,,👍: 1
211534,acgr18,https://t.me/acgr18,嗯？频道又关分享了？又有人盗资源？,2024-02-23T16:12:14+00:00,,,
211488,acgr18,https://t.me/acgr18,冲了,2024-02-23T15:42:53+00:00,,,
