id,Channel ID,URL,message,date,views,forwards,reactions
30821,acgr18,https://t.me/acgr18,"tg新晋动画频道主
https://t.me/t1314522
后续会长期分享自购资源，感兴趣的群友可以先订阅起来了
ps 扫了一眼，好多巨乳，大！",2024-02-23T13:20:32+00:00,55849.0,376.0,"❤: 45, 👍: 30, 🤔: 7, 🥰: 3, 👏: 3, 😁: 3, 🎃: 1"
212177,acgr18,https://t.me/acgr18,<PERSON>,2024-02-24T16:10:44+00:00,,,
211996,acgr18,https://t.me/acgr18,有弹幕翻译最好😘,2024-02-24T13:20:27+00:00,,,
211794,acgr18,https://t.me/acgr18,对啊,2024-02-24T04:45:18+00:00,,,
211563,acgr18,https://t.me/acgr18,第三个是奶刀吗,2024-02-23T16:38:09+00:00,,,
211558,acgr18,https://t.me/acgr18,远古资源,2024-02-23T16:32:24+00:00,,,
211533,acgr18,https://t.me/acgr18,,2024-02-23T16:11:59+00:00,,,
211529,acgr18,https://t.me/acgr18,<PERSON>,2024-02-23T16:05:04+00:00,,,
211528,acgr18,https://t.me/acgr18,巨乳恐惧症😰,2024-02-23T16:04:42+00:00,,,
211526,acgr18,https://t.me/acgr18,这不就是rihnne吗？,2024-02-23T15:59:25+00:00,,,
211334,acgr18,https://t.me/acgr18,<PERSON>,2024-02-23T13:55:40+00:00,,,
211317,acgr18,https://t.me/acgr18,,2024-02-23T13:46:59+00:00,,,👍: 2
