id,Channel ID,URL,message,date,views,forwards,reactions
30797,acgr18,https://t.me/acgr18,"#LikeHugeB #mmd #姬子  #卡芙卡 #崩三 #抖音风 #抖阴 #mmd #舞啪

❤️更多精彩动画资源❤️
  ❤️加入万人聊天群❤️",2024-02-23T01:30:31+00:00,71663.0,1155.0,"👍: 42, ❤: 15, 😁: 4"
232940,acgr18,https://t.me/acgr18,<PERSON>,2024-04-01T16:36:31+00:00,,,
232938,acgr18,https://t.me/acgr18,<PERSON>,2024-04-01T16:31:41+00:00,,,
232933,acgr18,https://t.me/acgr18,这有没有搞错啊,2024-04-01T16:19:34+00:00,,,
