id,Channel ID,URL,message,date,views,forwards,reactions
30798,acgr18,https://t.me/acgr18,"#崩三 #原神 #崩铁 #LikeHugeB #米三家 #烧鸡 #淫趴 #乱交 #纯啪
miHoYo宇宙妊娠浄化地獄

❤️更多精彩动画资源❤️
  ❤️加入万人聊天群❤️",2024-02-23T04:36:28+00:00,69887.0,1413.0,"👍: 52, ❤: 21, 😁: 7"
221697,acgr18,https://t.me/acgr18,666,2024-03-12T19:04:41+00:00,,,
215174,acgr18,https://t.me/acgr18,爱看,2024-02-29T10:24:46+00:00,,,
212990,acgr18,https://t.me/acgr18,6,2024-02-25T15:57:59+00:00,,,
211661,acgr18,https://t.me/acgr18,这bgm一听就知道是天真烂漫机能,2024-02-23T19:59:51+00:00,,,
211293,acgr18,https://t.me/acgr18,<PERSON>,2024-02-23T13:03:51+00:00,,,
211264,acgr18,https://t.me/acgr18,<PERSON>,2024-02-23T11:07:03+00:00,,,
211246,acgr18,https://t.me/acgr18,淫神,2024-02-23T10:32:19+00:00,,,
211207,acgr18,https://t.me/acgr18,场面确实挺壮观的😋😋,2024-02-23T09:09:25+00:00,,,
211201,acgr18,https://t.me/acgr18,这下入夜狂飙了,2024-02-23T08:57:46+00:00,,,
211127,acgr18,https://t.me/acgr18,<PERSON>,2024-02-23T06:10:21+00:00,,,
211104,acgr18,https://t.me/acgr18,666,2024-02-23T05:05:11+00:00,,,
