id,Channel ID,URL,message,date,views,forwards,reactions
30783,acgr18,https://t.me/acgr18,"#choirbox #妮露 #粉毛 #短片 2024.2
这个粉毛是谁，好可爱

❤️更多精彩动画资源❤️
  ❤️加入万人聊天群❤️",2024-02-22T13:03:47+00:00,61681.0,355.0,"👍: 23, ❤: 10"
260263,acgr18,https://t.me/acgr18,,2024-05-16T05:01:23+00:00,,,
260262,acgr18,https://t.me/acgr18,<PERSON>,2024-05-16T05:01:04+00:00,,,
214371,acgr18,https://t.me/acgr18,do ror o,2024-02-27T19:56:33+00:00,,,
213100,acgr18,https://t.me/acgr18,,2024-02-25T21:29:32+00:00,,,👍: 1
212288,acgr18,https://t.me/acgr18,,2024-02-24T19:30:44+00:00,,,
211711,acgr18,https://t.me/acgr18,腹黑阿姐桃乐丝。,2024-02-24T01:09:35+00:00,,,
211626,acgr18,https://t.me/acgr18,,2024-02-23T17:50:52+00:00,,,
211622,acgr18,https://t.me/acgr18,<DATE_TIME>,2024-02-23T17:49:56+00:00,,,
211587,acgr18,https://t.me/acgr18,,2024-02-23T17:06:50+00:00,,,
211362,acgr18,https://t.me/acgr18,,2024-02-23T14:09:26+00:00,,,
211006,acgr18,https://t.me/acgr18,我🍑,2024-02-23T00:53:30+00:00,,,
211003,acgr18,https://t.me/acgr18,看满离,2024-02-23T00:39:46+00:00,,,
210983,acgr18,https://t.me/acgr18,<PERSON>,2024-02-22T21:43:09+00:00,,,
210773,acgr18,https://t.me/acgr18,nikke玩家再在此,2024-02-22T16:14:33+00:00,,,
210772,acgr18,https://t.me/acgr18,不用看就有这图,2024-02-22T16:14:03+00:00,,,
210767,acgr18,https://t.me/acgr18,我就知道会有这b图,2024-02-22T16:04:43+00:00,,,
210727,acgr18,https://t.me/acgr18,,2024-02-22T14:47:12+00:00,,,
210657,acgr18,https://t.me/acgr18,doro甚至还有周边抱枕,2024-02-22T13:15:50+00:00,,,👍: 2
210652,acgr18,https://t.me/acgr18,<PERSON>,2024-02-22T13:10:20+00:00,,,
210648,acgr18,https://t.me/acgr18,,2024-02-22T13:05:43+00:00,,,"👍: 13, 🥰: 1"
210646,acgr18,https://t.me/acgr18,<PERSON>,2024-02-22T13:05:11+00:00,,,👍: 2
210645,acgr18,https://t.me/acgr18,NIKKE:胜利女神里的桃乐丝,2024-02-22T13:04:44+00:00,,,🥰: 11
