id,Channel ID,URL,message,date,views,forwards,reactions
30856,acgr18,https://t.me/acgr18,"#Femdom68 #花火 #足交 #手冲 #黑丝 2024.2

❤️更多精彩动画资源❤️
  ❤️加入万人聊天群❤️",2024-02-24T13:05:22+00:00,83041.0,1018.0,"👍: 60, ❤: 21, 🥰: 5, 👏: 3"
233701,acgr18,https://t.me/acgr18,这必须是AI啊🤣,2024-04-03T04:30:27+00:00,,,
213124,acgr18,https://t.me/acgr18,所以，有作者名就是最大的好事，至少我可以去找作者😂,2024-02-26T01:25:06+00:00,,,👍: 1
213114,acgr18,https://t.me/acgr18,√,2024-02-26T00:22:53+00:00,,,
213102,acgr18,https://t.me/acgr18,终于来了，爱看🥵,2024-02-25T21:30:42+00:00,,,👍: 1
212443,acgr18,https://t.me/acgr18,femdom68,2024-02-25T06:42:45+00:00,,,
212264,acgr18,https://t.me/acgr18,<PERSON>,2024-02-24T18:02:36+00:00,,,
212230,acgr18,https://t.me/acgr18,好难崩的ai配音,2024-02-24T17:24:11+00:00,,,👍: 4
212167,acgr18,https://t.me/acgr18,花火这种天生烧鸡居然不拿来焯？不焯怎么行？必须焯！,2024-02-24T15:52:53+00:00,,,👍: 6
212159,acgr18,https://t.me/acgr18,<PERSON>,2024-02-24T15:29:23+00:00,,,
212130,acgr18,https://t.me/acgr18,毫无感情的捧读给我整笑了，应该是ai吧,2024-02-24T15:06:56+00:00,,,
