id,Channel ID,URL,message,date,views,forwards,reactions
30851,acgr18,https://t.me/acgr18,"#FPSBlyck #3d #雷电将军 #短片 2024.2
又一个3d作者做了原神

❤️更多精彩动画资源❤️
  ❤️加入万人聊天群❤️",2024-02-24T10:14:41+00:00,75589.0,208.0,"👍: 43, ❤: 9, 🤨: 1"
212875,acgr18,https://t.me/acgr18,怎么插眼不了🤌,2024-02-25T15:02:12+00:00,,,
212589,acgr18,https://t.me/acgr18,下载不了还不能录屏,2024-02-25T11:11:00+00:00,,,
212280,acgr18,https://t.me/acgr18,我去雷军（,2024-02-24T18:59:23+00:00,,,
212101,acgr18,https://t.me/acgr18,不让下载难受啊,2024-02-24T14:22:57+00:00,,,
212077,acgr18,https://t.me/acgr18,咋不让下载了,2024-02-24T14:13:41+00:00,,,
211962,acgr18,https://t.me/acgr18,<PERSON>,2024-02-24T12:31:53+00:00,,,
211945,acgr18,https://t.me/acgr18,<PERSON>,2024-02-24T11:24:14+00:00,,,
211935,acgr18,https://t.me/acgr18,怎么转发不了啊,2024-02-24T10:56:58+00:00,,,
