id,Channel ID,URL,message,date,views,forwards,reactions
30764,acgr18,https://t.me/acgr18,"#Nekololisama 2024年2月最新的作品 2/3/4p 总共10部4k画质
#4k

❤️更多精彩动画资源❤️
  ❤️加入万人聊天群❤️",2024-02-22T07:26:51+00:00,60205.0,465.0,"👍: 31, ❤: 10, 🥰: 1, 😁: 1"
210441,acgr18,https://t.me/acgr18,有男声，估计是截的av,2024-02-22T10:05:31+00:00,,,
210405,acgr18,https://t.me/acgr18,这配音不像演的，感觉怪怪的,2024-02-22T08:54:08+00:00,,,👍: 1
