id,Channel ID,URL,message,date,views,forwards,reactions
30795,acgr18,https://t.me/acgr18,"#LikeHugeB #mmd #剧情 #纯啪 #原神 #全体催眠 #淫趴 
催眠雷電将軍

❤️更多精彩动画资源❤️
  ❤️加入万人聊天群❤️",2024-02-23T01:30:27+00:00,70626.0,773.0,"🤣: 29, 👍: 24, ❤: 6, 🥰: 2, 😁: 1"
245636,acgr18,https://t.me/acgr18,哈哈哈,2024-04-22T14:41:40+00:00,,,
216189,acgr18,https://t.me/acgr18,耗丸吗,2024-03-02T11:39:44+00:00,,,
211908,acgr18,https://t.me/acgr18,bgm不是坤版不是很认可,2024-02-24T09:28:23+00:00,,,
211652,acgr18,https://t.me/acgr18,,2024-02-23T18:54:02+00:00,,,👍: 5
211541,acgr18,https://t.me/acgr18,这狐狸长得和狗一样,2024-02-23T16:14:29+00:00,,,😍: 2
211330,acgr18,https://t.me/acgr18,,2024-02-23T13:53:55+00:00,,,
211329,acgr18,https://t.me/acgr18,,2024-02-23T13:53:53+00:00,,,
211083,acgr18,https://t.me/acgr18,<PERSON>,2024-02-23T04:21:20+00:00,,,
211062,acgr18,https://t.me/acgr18,这开头的粉狐狸真是没绷住😄,2024-02-23T03:34:14+00:00,,,
211031,acgr18,https://t.me/acgr18,这几把弹的都穿模了🤣,2024-02-23T01:57:21+00:00,,,
211026,acgr18,https://t.me/acgr18,小黑子🙊,2024-02-23T01:40:42+00:00,,,
