id,Channel ID,URL,message,date,views,forwards,reactions
30760,acgr18,https://t.me/acgr18,"我找了下Bbaltong的视频资源，总共是找到包括最新作品在内169个带cv的短视频，应该是少了几个，但我懒得检查了🤪
因为都是短视频所以我干脆合并了一下，不过顺序很乱，同一个角色的片段可能间隔很远
#群友分享 感谢大佬收集整理~
#Bbaltong #像素风 #合集

❤️更多精彩动画资源❤️
  ❤️加入万人聊天群❤️",2024-02-21T16:00:16+00:00,60339.0,1685.0,"🫡: 182, 👍: 57, ❤: 28, 🔥: 8, 🤔: 4"
213097,acgr18,https://t.me/acgr18,😍,2024-02-25T20:25:01+00:00,,,
211703,acgr18,https://t.me/acgr18,又咋了，不让下载。,2024-02-24T00:44:10+00:00,,,
211555,acgr18,https://t.me/acgr18,😍,2024-02-23T16:28:54+00:00,,,
210606,acgr18,https://t.me/acgr18,,2024-02-22T11:56:12+00:00,,,
210318,acgr18,https://t.me/acgr18,👍🏿👍🏿👍🏿👍🏿,2024-02-22T04:23:34+00:00,,,
210212,acgr18,https://t.me/acgr18,而你，我的朋友，你才是真正的英雄👍,2024-02-21T18:54:03+00:00,,,
210100,acgr18,https://t.me/acgr18,"<PERSON>: 8txf
我把未合并的169p原视频顺带压缩上传了，但是没整理过，所以很乱。",2024-02-21T16:15:14+00:00,,,"🫡: 7, 👍: 3"
