id,Channel ID,URL,message,date,views,forwards,reactions
30785,acgr18,https://t.me/acgr18,"#紙飛行機 #mmd #卡芙卡 #纯啪 #监狱 #轮奸

❤️更多精彩动画资源❤️
  ❤️加入万人聊天群❤️",2024-02-22T13:05:29+00:00,71744.0,1714.0,"❤: 68, 👍: 16, 🔥: 6, 🤩: 3, 😁: 2, 🤔: 1"
222993,acgr18,https://t.me/acgr18,这个作者有没有新作品啊,2024-03-14T20:01:18+00:00,,,
213412,acgr18,https://t.me/acgr18,为什么都不能转发收藏夹了🥹,2024-02-26T11:13:44+00:00,,,
210847,acgr18,https://t.me/acgr18,铸币了,2024-02-22T17:42:11+00:00,,,
210822,acgr18,https://t.me/acgr18,你是故意的还是不小心的,2024-02-22T16:59:17+00:00,,,
210821,acgr18,https://t.me/acgr18,哈哈哈哈,2024-02-22T16:58:46+00:00,,,
210745,acgr18,https://t.me/acgr18,乐,2024-02-22T15:19:12+00:00,,,
210744,acgr18,https://t.me/acgr18,#紙飛行機#kunkun kiss ur eyes,2024-02-22T15:17:15+00:00,,,👍: 11
210713,acgr18,https://t.me/acgr18,有没有这个作者的id,2024-02-22T14:39:55+00:00,,,
