id,Channel ID,URL,message,date,views,forwards,reactions
30966,acgr18,https://t.me/acgr18,"240228  羽那
#群友分享 感谢Noir哥哥的分享~
<PERSON>
#偶像大师 #ImasSC #Hana #3D

❤️更多精彩动画资源❤️
  ❤️加入万人聊天群❤️",2024-02-29T13:35:42+00:00,77887.0,754.0,"❤: 66, 👍: 33"
221459,acgr18,https://t.me/acgr18,卑女,2024-03-12T15:27:49+00:00,,,
216358,acgr18,https://t.me/acgr18,神中神,2024-03-02T16:46:57+00:00,,,
215726,acgr18,https://t.me/acgr18,najar的口是真的无敌，太涩了🥵🥵之前那个两个人的也很涩,2024-03-01T13:44:00+00:00,,,
215524,acgr18,https://t.me/acgr18,艺术品来了😍,2024-03-01T03:41:01+00:00,,,
215521,acgr18,https://t.me/acgr18,我超mygo,2024-03-01T03:19:28+00:00,,,👀: 1
215511,acgr18,https://t.me/acgr18,,2024-03-01T02:54:39+00:00,,,
215510,acgr18,https://t.me/acgr18,突然想起来这算不算赛博奴隶主，以前看到一个做了一个显示内脏的二次元少女的艺术生作品,2024-03-01T02:54:12+00:00,,,
215463,acgr18,https://t.me/acgr18,羽那好耶,2024-02-29T23:40:07+00:00,,,
215444,acgr18,https://t.me/acgr18,我想起来了，我早就是羽那p了,2024-02-29T22:24:53+00:00,,,
215376,acgr18,https://t.me/acgr18,<PERSON>,2024-02-29T17:42:49+00:00,,,
215351,acgr18,https://t.me/acgr18,好爽,2024-02-29T17:04:29+00:00,,,
215323,acgr18,https://t.me/acgr18,好多细节的口交,2024-02-29T15:59:25+00:00,,,
215284,acgr18,https://t.me/acgr18,,2024-02-29T15:00:57+00:00,,,
215283,acgr18,https://t.me/acgr18,神中神！,2024-02-29T15:00:30+00:00,,,
215276,acgr18,https://t.me/acgr18,najar终于又出口交了，他的口交作品真的独一档，虽然没人声没对话，但各种小细节都能感觉到角色的爱意，太棒了,2024-02-29T14:50:46+00:00,,,
