id,Channel ID,URL,message,date,views,forwards,reactions
30920,acgr18,https://t.me/acgr18,"#Yuluer #闲云 #甘雨  #花火

❤️更多精彩动画资源❤️
  ❤️加入万人聊天群❤️",2024-02-27T10:19:02+00:00,74844.0,881.0,"👍: 24, ❤: 17, 🤔: 3"
247354,acgr18,https://t.me/acgr18,,2024-04-25T09:42:48+00:00,,,
247352,acgr18,https://t.me/acgr18,,2024-04-25T09:39:52+00:00,,,
247350,acgr18,https://t.me/acgr18,,2024-04-25T09:37:23+00:00,,,
247348,acgr18,https://t.me/acgr18,,2024-04-25T09:35:15+00:00,,,
246646,acgr18,https://t.me/acgr18,1.5倍速版,2024-04-24T05:37:12+00:00,,,
215542,acgr18,https://t.me/acgr18,<PERSON>,2024-03-01T04:53:28+00:00,,,
