id,Channel ID,URL,message,date,views,forwards,reactions
30893,acgr18,https://t.me/acgr18,"#女奥 #哥布林 #战败 
从头干到尾，怎么都女奥了还是被哥布林干

❤️更多精彩动画资源❤️
  ❤️加入万人聊天群❤️",2024-02-26T05:34:40+00:00,67310.0,386.0,"👍: 31, ❤: 12"
219994,acgr18,https://t.me/acgr18,大哥们有作者吗,2024-03-09T17:27:33+00:00,,,
218939,acgr18,https://t.me/acgr18,兄弟们,2024-03-07T18:00:35+00:00,,,
218918,acgr18,https://t.me/acgr18,<PERSON>,2024-03-07T17:17:16+00:00,,,
218917,acgr18,https://t.me/acgr18,xdm球作者,2024-03-07T17:17:08+00:00,,,
214893,acgr18,https://t.me/acgr18,求作者,2024-02-28T21:23:05+00:00,,,
213840,acgr18,https://t.me/acgr18,这分明是故意战败然后打算把哥布林抽干啊😱,2024-02-26T16:42:18+00:00,,,"👍: 4, 😱: 2"
213369,acgr18,https://t.me/acgr18,<PERSON>,2024-02-26T09:20:00+00:00,,,
213310,acgr18,https://t.me/acgr18,😍,2024-02-26T09:03:31+00:00,,,👍: 1
213243,acgr18,https://t.me/acgr18,哥布林=黑鬼,2024-02-26T06:50:49+00:00,,,
213220,acgr18,https://t.me/acgr18,无声差了点,2024-02-26T06:16:10+00:00,,,
