id,Channel ID,URL,message,date,views,forwards,reactions
30985,acgr18,https://t.me/acgr18,"#eki #Arisananades #圣路易斯 #小马拉大车 #健身房 #群P #舞啪

❤️更多精彩动画资源❤️
  ❤️加入万人聊天群❤️",2024-03-01T08:02:10+00:00,77865.0,1665.0,"❤: 52, 👍: 22, 😁: 6, 🍌: 1"
228328,acgr18,https://t.me/acgr18,更一下这个作者的,2024-03-24T13:32:59+00:00,,,
221994,acgr18,https://t.me/acgr18,太爱了，多来点圣姨作品，作者在那个平台，我要去支持一下,2024-03-13T10:19:22+00:00,,,
216572,acgr18,https://t.me/acgr18,好怪，好喜欢，多来点这种,2024-03-03T06:30:10+00:00,,,
216490,acgr18,https://t.me/acgr18,<NRP>,2024-03-03T01:34:05+00:00,,,👍: 1
216167,acgr18,https://t.me/acgr18,还得是圣姨,2024-03-02T10:50:17+00:00,,,
215998,acgr18,https://t.me/acgr18,<NRP>,2024-03-02T02:04:30+00:00,,,
215935,acgr18,https://t.me/acgr18,,2024-03-01T19:34:55+00:00,,,
215934,acgr18,https://t.me/acgr18,只有累死的牛，没有耕坏的地啊……,2024-03-01T19:34:50+00:00,,,
