id,Channel ID,URL,message,date,views,forwards,reactions
30926,acgr18,https://t.me/acgr18,"#群友分享 #淫语 #配音 #mmd
❤️更多精彩动画资源❤️
  ❤️加入万人聊天群❤️",2024-02-27T12:32:41+00:00,73824.0,310.0,"👍: 27, ❤: 5"
222240,acgr18,https://t.me/acgr18,<PERSON>,2024-03-13T17:14:09+00:00,,,
222239,acgr18,https://t.me/acgr18,终于找到了,2024-03-13T17:13:56+00:00,,,
218234,acgr18,https://t.me/acgr18,"<PERSON>
原帖
https://bbs.imoutolove.me/read.php?tid-1912907.html",2024-03-06T08:04:29+00:00,,,👍: 2
218232,acgr18,https://t.me/acgr18,作者是另外一个人,2024-03-06T08:03:48+00:00,,,
218231,acgr18,https://t.me/acgr18,不是他,2024-03-06T08:03:39+00:00,,,
215764,acgr18,https://t.me/acgr18,全损音质,2024-03-01T15:28:29+00:00,,,
214956,acgr18,https://t.me/acgr18,我耳机怎么漏电了,2024-02-29T02:05:33+00:00,,,
214945,acgr18,https://t.me/acgr18,电麻了,2024-02-29T01:49:52+00:00,,,
214853,acgr18,https://t.me/acgr18,抽象,2024-02-28T18:05:31+00:00,,,
214789,acgr18,https://t.me/acgr18,歌是谁唱的啊,2024-02-28T16:38:21+00:00,,,
214776,acgr18,https://t.me/acgr18,全损音质,2024-02-28T16:18:40+00:00,,,
214396,acgr18,https://t.me/acgr18,会玩,2024-02-27T23:33:08+00:00,,,
214345,acgr18,https://t.me/acgr18,怎么还有电音,2024-02-27T18:28:25+00:00,,,
214315,acgr18,https://t.me/acgr18,有知道歌曲出处的吗,2024-02-27T17:15:11+00:00,,,
214310,acgr18,https://t.me/acgr18,xiaodidi09,2024-02-27T17:12:06+00:00,,,👍: 4
214177,acgr18,https://t.me/acgr18,作者谁啊,2024-02-27T13:32:40+00:00,,,
