id,Channel ID,URL,message,date,views,forwards,reactions
30932,acgr18,https://t.me/acgr18,"#Dance Carniva #爆乳 #超爆乳警告 #2b 2024.2
又一个把鸡儿当打气筒用的，这也充的太大了

❤️更多精彩动画资源❤️
  ❤️加入万人聊天群❤️",2024-02-28T05:47:23+00:00,66191.0,758.0,"👍: 27, 😱: 7, ❤: 2, 🤔: 2"
242131,acgr18,https://t.me/acgr18,只要不是黑皮就好,2024-04-16T21:06:50+00:00,,,
218109,acgr18,https://t.me/acgr18,前面还行，变成黑皮后就是shi,2024-03-06T03:04:08+00:00,,,👍: 1
216813,acgr18,https://t.me/acgr18,重口啊，好离谱,2024-03-03T15:54:16+00:00,,,
215253,acgr18,https://t.me/acgr18,<PERSON>,2024-02-29T13:47:25+00:00,,,👌: 1
215205,acgr18,https://t.me/acgr18,那个小孩子？这个作者捏的2b的女儿,2024-02-29T12:09:11+00:00,,,
214939,acgr18,https://t.me/acgr18,兄弟们，那个黑皮是谁啊？,2024-02-29T01:37:37+00:00,,,
214781,acgr18,https://t.me/acgr18,不过我觉得变黑皮大肚子之前的那部还是可以的,2024-02-28T16:23:33+00:00,,,❤: 1
214780,acgr18,https://t.me/acgr18,确实,2024-02-28T16:23:11+00:00,,,
214779,acgr18,https://t.me/acgr18,更新完了，之前问过这是这系列最后一部，不过没说后续更什么，我是觉得最后这部模型算是水准回来了一点，但是剧情又太少了，如果后面的还是模型拉胯或者剧情短没意思干脆不支持了,2024-02-28T16:22:56+00:00,,,
214651,acgr18,https://t.me/acgr18,前三四部是真的好看，后面越来越烂了,2024-02-28T12:53:34+00:00,,,
214634,acgr18,https://t.me/acgr18,<PERSON>,2024-02-28T11:39:17+00:00,,,
214588,acgr18,https://t.me/acgr18,烧,2024-02-28T09:18:42+00:00,,,
214486,acgr18,https://t.me/acgr18,草，还没更新完啊,2024-02-28T05:49:32+00:00,,,
