id,Channel ID,URL,message,date,views,forwards,reactions
30937,acgr18,https://t.me/acgr18,"#TDonTran #3d #短片 #肥臀 #<NRP>
这个皮肤雪白的妹子真好看

❤️更多精彩动画资源❤️
  ❤️加入万人聊天群❤️",2024-02-28T11:19:18+00:00,65278.0,426.0,"👍: 38, ❤: 6, 👏: 2, 🤔: 1"
214992,acgr18,https://t.me/acgr18,好涩，社保了,2024-02-29T04:20:01+00:00,,,
214969,acgr18,https://t.me/acgr18,肛脱太色了还有吗,2024-02-29T03:02:52+00:00,,,
214833,acgr18,https://t.me/acgr18,人家可是艾尔登的女王，能不好看吗,2024-02-28T17:36:59+00:00,,,
214655,acgr18,https://t.me/acgr18,视觉冲击,2024-02-28T13:08:04+00:00,,,
