id,Channel ID,URL,message,date,views,forwards,reactions
30969,acgr18,https://t.me/acgr18,"#VAM #槟榔 #林静姝 #浴室  #正太 #小马拉大车

❤️更多精彩动画资源❤️
  ❤️加入万人聊天群❤️",2024-02-29T14:12:26+00:00,81572.0,1137.0,"🥰: 18, 👍: 15, ❤: 7, 👏: 2"
216886,acgr18,https://t.me/acgr18,有木有原神的,2024-03-03T18:33:50+00:00,,,👏: 1
216759,acgr18,https://t.me/acgr18,小马能有多大，跟个牙签一样，不知道那些喜欢小马拉大车的都是什么癖好，我只能说不理解,2024-03-03T13:32:13+00:00,,,
216726,acgr18,https://t.me/acgr18,防倒狗懂吗？,2024-03-03T11:58:58+00:00,,,
