id,Channel ID,URL,message,date,views,forwards,reactions
30993,acgr18,https://t.me/acgr18,"#Nyakumi  #纯啪 #futa #扶她注意！ #百合

❤️更多精彩动画资源❤️
  ❤️加入万人聊天群❤️",2024-03-01T13:36:16+00:00,67013.0,509.0,"❤: 29, 🤯: 20, 👍: 12, 🤣: 3"
253695,acgr18,https://t.me/acgr18,逆天,2024-05-04T05:55:17+00:00,,,
241620,acgr18,https://t.me/acgr18,这下看懂了🐒,2024-04-15T18:42:24+00:00,,,
218039,acgr18,https://t.me/acgr18,这他妈,2024-03-05T18:10:52+00:00,,,
216954,acgr18,https://t.me/acgr18,真是强而有力啊卡芙卡,2024-03-04T04:52:06+00:00,,,
216840,acgr18,https://t.me/acgr18,难蚌,2024-03-03T16:35:46+00:00,,,
216517,acgr18,https://t.me/acgr18,难绷,2024-03-03T02:19:17+00:00,,,
215942,acgr18,https://t.me/acgr18,乐,2024-03-01T19:53:32+00:00,,,
215731,acgr18,https://t.me/acgr18,南蚌,2024-03-01T14:03:28+00:00,,,
215729,acgr18,https://t.me/acgr18,好好好，知道流莹怎么死的了,2024-03-01T13:55:54+00:00,,,
