id,Channel ID,URL,message,date,views,forwards,reactions
6408,hacktheirsystem,https://t.me/hacktheirsystem,"<PERSON>Wireshark Guide New🚩

Wireshark is a free open source tool that analyzes network traffic in real-time for Windows, Mac, Unix, and <NRP> systems. 

Wireshark tricks that you can use while analyzing network traffic:

🚩Filter Packets🚩
Wireshark allows you to apply filters to focus on specific packets. Use the filter bar at the top to specify protocols, ports, IP addresses, or other criteria to narrow down your analysis.

🚩Follow TCP Stream🚩
Right-click on a TCP packet and select ""Follow > TCP Stream"" to see the entire conversation between the client and server. This can be useful to understand the context of a particular network session. 

🚩<PERSON> Packets<PERSON> 
You can colorize packets based on certain criteria to make them stand out. Navigate to ""View > Coloring Rules"" to define custom coloring rules based on protocols, IP addresses, or other fields. 

🚩Exporting Objects🚩
Wireshark allows you to extract and save files transferred over the network. Navigate to ""File > Export Objects"" to retrieve HTTP objects, images, or other files. 

🚩IO Graphs🚩
Wireshark offers IO graphs for visualizing packet information over time. You can create graphs based on packet length, TCP throughput, or other fields by selecting ""Statistics > IO Graphs."" 

🚩Tshark Command-Line Tool<DATE_TIME> 
Tshark is the command-line version of Wireshark, offering similar functionality. It can be useful for automated packet analysis, scripting, or analyzing large packet captures.

<PERSON>Coloring Filters🚩
You can define coloring filters to highlight packets of interest. Navigate to ""View > Coloring Rules"" and select ""Colorize Conversation"" to easily spot packets related to a specific IP, port, or MAC address. 

🚩Expert Info<PERSON> 
Wireshark's expert info feature flags packets with potential issues. Check the Info column or go to ""View > Time Display Format > Expert Info"" to identify potential network problems, such as retransmissions or suspicious traffic.

☘Password : @its_me_kali

♡ ㅤ    ❍ㅤ    ⎙ㅤ  ⌲           
ˡᶦᵏᵉ  ᶜᵒᵐᵐᵉⁿᵗ  ˢᵃᵛᵉ  <DATE_TIME>",2024-01-24T05:03:37+00:00,724.0,,👍: 1
22578,hacktheirsystem,https://t.me/hacktheirsystem,?,2024-01-29T06:59:39+00:00,,,
22577,hacktheirsystem,https://t.me/hacktheirsystem,?,2024-01-29T06:59:33+00:00,,,
22572,hacktheirsystem,https://t.me/hacktheirsystem,,2024-01-28T18:32:05+00:00,,,
22560,hacktheirsystem,https://t.me/hacktheirsystem,<PERSON>,2024-01-25T14:34:38+00:00,,,
