id,Channel ID,URL,message,date,views,forwards,reactions
6335,hacktheirsystem,https://t.me/hacktheirsystem,Certified Blackhat Methodology to unethical hacking.pdf,2024-01-09T09:42:36+00:00,477.0,,👍: 1
22353,hacktheirsystem,https://t.me/hacktheirsystem,Join the group chat @HackTheSystems and you'll be able to,2024-01-10T07:47:44+00:00,,,
22350,hacktheirsystem,https://t.me/hacktheirsystem,.?!,2024-01-09T22:52:37+00:00,,,
22349,hacktheirsystem,https://t.me/hacktheirsystem,"If You're Interested In 🇺🇲 US Citizenship 🏡
Then You're In The Right Spot
 
https://t.me/usacitizenship",2024-01-09T22:51:54+00:00,,,
22348,hacktheirsystem,https://t.me/hacktheirsystem,allow us to save these files after downloaded !! That's could be great.!,2024-01-09T22:51:53+00:00,,,
