id,Channel ID,URL,message,date,views,forwards,reactions
1136,emaillogspam,https://t.me/emaillogspam,"AWS SES inbox hotmail.com , for sale : 
50K , 103K , 229K / day

@Ipboyz",2024-02-01T00:15:39+00:00,87.0,3.0,
1178,emaillogspam,https://t.me/emaillogspam,"His a great guy ,will surely recommend ✅",2024-03-04T09:05:27+00:00,,,❤: 1
1177,emaillogspam,https://t.me/emaillogspam,Yes I've had good deals with him,2024-03-04T09:04:24+00:00,,,👍: 2
1176,emaillogspam,https://t.me/emaillogspam,Of course his legit bro 💯,2024-03-04T09:03:04+00:00,,,💯: 1
1175,emaillogspam,https://t.me/emaillogspam,ANYBODY HERE TRUST THIS GUY?,2024-03-04T09:00:34+00:00,,,
