id,Channel ID,URL,message,date,views,forwards,reactions
216,hacking_tools_yt,https://t.me/hacking_tools_yt,EagleSpy V4 Full Cracked Available 🔥,2024-04-01T17:03:11+00:00,2307.0,,"🔥: 7, 👍: 2, ❤: 1"
3820,hacking_tools_yt,https://t.me/hacking_tools_yt,Where can I download it?,2024-05-16T13:57:04+00:00,,,
3793,hacking_tools_yt,https://t.me/hacking_tools_yt,Possible download link,2024-05-04T19:47:25+00:00,,,
3769,hacking_tools_yt,https://t.me/hacking_tools_yt,Link,2024-04-27T16:41:06+00:00,,,
3747,hacking_tools_yt,https://t.me/hacking_tools_yt,Link?,2024-04-19T14:27:47+00:00,,,
3728,hacking_tools_yt,https://t.me/hacking_tools_yt,,2024-04-09T22:16:32+00:00,,,
3727,hacking_tools_yt,https://t.me/hacking_tools_yt,❤️❤️❤️,2024-04-09T22:15:52+00:00,,,
3726,hacking_tools_yt,https://t.me/hacking_tools_yt,Link,2024-04-09T21:57:15+00:00,,,
3708,hacking_tools_yt,https://t.me/hacking_tools_yt,link,2024-04-01T18:15:52+00:00,,,
3705,hacking_tools_yt,https://t.me/hacking_tools_yt,Link?,2024-04-01T18:05:10+00:00,,,
3698,hacking_tools_yt,https://t.me/hacking_tools_yt,link?,2024-04-01T17:04:26+00:00,,,
