id,Channel ID,URL,message,date,views,forwards,reactions
2508,ongoing_ety_anime,https://t.me/ongoing_ety_anime,"Captain <PERSON> 
Season 02

Episode - 20 [ Captain Tsubasa Season 02 ] [480p][Sub]☜Click

Episode - 20 [ Captain Tsubasa Season 02 ] [720p][Sub]☜Click

Episode - 20 [ Captain Tsubasa Season 02 ] [1080p][Sub]☜Click

Next episode...",2024-02-18T11:40:06+00:00,19610.0,,"👍: 4, ❤: 1"
54566,ongoing_ety_anime,https://t.me/ongoing_ety_anime,Welcome back 𝙕𝙚𝙣𝙞𝙩𝙨𝙪! I hope you bought pizza for us!,2024-02-21T01:52:41+00:00,,,
54565,ongoing_ety_anime,https://t.me/ongoing_ety_anime,Season?,2024-02-21T01:52:40+00:00,,,
54564,ongoing_ety_anime,https://t.me/ongoing_ety_anime,"Need first episode, please
Thanks",2024-02-21T00:30:50+00:00,,,
