id,Channel ID,URL,message,date,views,forwards,reactions
2599,ongoing_ety_anime,https://t.me/ongoing_ety_anime,"<PERSON>
Episode 19

Episode - 19 [ Ragna Crimson ] [480p][Sub]☜Click

Episode - 19 [ Ragna Crimson ] [720p][Sub]☜Click

Episode - 19 [ Ragna Crimson ] [1080p][Sub]☜Click

Next episode...",2024-02-24T16:36:49+00:00,23492.0,4.0,👍: 8
60293,ongoing_ety_anime,https://t.me/ongoing_ety_anime,Solo leveling,2024-02-24T17:44:06+00:00,,,
60189,ongoing_ety_anime,https://t.me/ongoing_ety_anime,:( solo leveling,2024-02-24T16:41:03+00:00,,,
