id,Channel ID,URL,message,date,views,forwards,reactions
2519,ongoing_ety_anime,https://t.me/ongoing_ety_anime,"Meiji Gekken <DATE_TIME> Episode 06

Episode - 06 [Meiji Gekken <DATE_TIME>] [480p][Sub]☜Click

Episode - 06 [Meiji Gekken <DATE_TIME>] [720p][Sub]☜Click

Episode - 06 [Meiji Gekken <DATE_TIME>] [1080p][Sub]☜Click

Next episode...",2024-02-18T17:21:23+00:00,18184.0,1.0,👍: 4
48663,ongoing_ety_anime,https://t.me/ongoing_ety_anime,How can I download,2024-02-19T09:57:21+00:00,,,
48600,ongoing_ety_anime,https://t.me/ongoing_ety_anime,Welcome to the greatest group again Karannn,2024-02-19T01:37:14+00:00,,,
48599,ongoing_ety_anime,https://t.me/ongoing_ety_anime,"I can't restrict people here!
Make sure I'm admin and can restrict users.",2024-02-19T01:37:13+00:00,,,
