id,Channel ID,URL,message,date,views,forwards,reactions
2611,ongoing_ety_anime,https://t.me/ongoing_ety_anime,"Bucchigiri Episode 06.5

Episode - 06.5 [Bucchigiri] [480p][Sub]☜Click

Episode - 06.5 [Bucchigiri] [<DATE_TIME>☜Click

Episode - 06.5 [Bucchigiri] [1080p][Sub]☜Click

Next episode...",2024-02-25T03:02:37+00:00,16488.0,7.0,👍: 3
61816,ongoing_ety_anime,https://t.me/ongoing_ety_anime,<PERSON> is sad,2024-02-25T05:12:52+00:00,,,
61799,ongoing_ety_anime,https://t.me/ongoing_ety_anime,<PERSON>,2024-02-25T04:29:54+00:00,,,
61795,ongoing_ety_anime,https://t.me/ongoing_ety_anime,<PERSON> its a recap too?,2024-02-25T04:29:30+00:00,,,
61794,ongoing_ety_anime,https://t.me/ongoing_ety_anime,What,2024-02-25T04:29:19+00:00,,,
