id,Channel ID,URL,message,date,views,forwards,reactions
2583,ongoing_ety_anime,https://t.me/ongoing_ety_anime,"Demon Slayer Movie (Hashira Training Arc.)

<PERSON>█████████████
┃Demon Slayer Movie ☜𝗖𝗹𝗶𝗰𝗸
┃███████████████
Bot #1 ⬆️

┃███████████████
┃Demon Slayer Movie ☜𝗖𝗹𝗶𝗰𝗸
┃███████████████
Bot #2 ⬆️

#camp Rip",2024-02-24T01:40:26+00:00,11520.0,44.0,"👍: 14, 🔥: 7, ❤: 6, 👏: 1, 🙏: 1"
73861,ongoing_ety_anime,https://t.me/ongoing_ety_anime,riyal,2024-03-04T14:23:00+00:00,,,
73858,ongoing_ety_anime,https://t.me/ongoing_ety_anime,u won't get hd that quick,2024-03-04T14:22:36+00:00,,,
73857,ongoing_ety_anime,https://t.me/ongoing_ety_anime,😂😂lol,2024-03-04T14:22:12+00:00,,,
73854,ongoing_ety_anime,https://t.me/ongoing_ety_anime,😂😂3gb wasted,2024-03-04T14:20:26+00:00,,,
61844,ongoing_ety_anime,https://t.me/ongoing_ety_anime,<NRP>,2024-02-25T09:00:50+00:00,,,
61843,ongoing_ety_anime,https://t.me/ongoing_ety_anime,Can you please drop a pic of the quality,2024-02-25T08:59:01+00:00,,,
59733,ongoing_ety_anime,https://t.me/ongoing_ety_anime,I haven't watched it yet😂🫠,2024-02-24T13:58:47+00:00,,,
59732,ongoing_ety_anime,https://t.me/ongoing_ety_anime,Fake shit every where 🚶🤦🏽‍♂️😂,2024-02-24T13:58:21+00:00,,,
59706,ongoing_ety_anime,https://t.me/ongoing_ety_anime,Bro,2024-02-24T12:46:27+00:00,,,
59705,ongoing_ety_anime,https://t.me/ongoing_ety_anime,Thanks,2024-02-24T12:46:23+00:00,,,
59703,ongoing_ety_anime,https://t.me/ongoing_ety_anime,<NRP>,2024-02-24T12:45:07+00:00,,,
59702,ongoing_ety_anime,https://t.me/ongoing_ety_anime,Hall print hai?,2024-02-24T12:44:55+00:00,,,
59701,ongoing_ety_anime,https://t.me/ongoing_ety_anime,<NRP>,2024-02-24T12:44:39+00:00,,,
59700,ongoing_ety_anime,https://t.me/ongoing_ety_anime,Bro what language,2024-02-24T12:44:29+00:00,,,
59527,ongoing_ety_anime,https://t.me/ongoing_ety_anime,"Now another hd cam print is added it's better so u an watch that 

It's 3.3gb",2024-02-24T10:31:15+00:00,,,
59526,ongoing_ety_anime,https://t.me/ongoing_ety_anime,Lol,2024-02-24T10:30:32+00:00,,,
59392,ongoing_ety_anime,https://t.me/ongoing_ety_anime,😂,2024-02-24T08:59:50+00:00,,,
59391,ongoing_ety_anime,https://t.me/ongoing_ety_anime,Rushed to download the 1080p version only to get disappointed big time,2024-02-24T08:57:45+00:00,,,
59390,ongoing_ety_anime,https://t.me/ongoing_ety_anime,I swear <PERSON>😂,2024-02-24T08:57:19+00:00,,,
59389,ongoing_ety_anime,https://t.me/ongoing_ety_anime,Lol 😂,2024-02-24T08:56:05+00:00,,,
59388,ongoing_ety_anime,https://t.me/ongoing_ety_anime,Nah u mentioned #camp then rip🤦🏾‍♂The RIP part got me thinking is there a camp guy whose dead,2024-02-24T08:55:35+00:00,,,
59199,ongoing_ety_anime,https://t.me/ongoing_ety_anime,Hall dub mtlb ...cinema hall me recorded,2024-02-24T02:46:26+00:00,,,
59190,ongoing_ety_anime,https://t.me/ongoing_ety_anime,Aur dekh hall dub🤡,2024-02-24T02:45:38+00:00,,,
59188,ongoing_ety_anime,https://t.me/ongoing_ety_anime,Yeah on 31 march,2024-02-24T02:39:45+00:00,,,
59184,ongoing_ety_anime,https://t.me/ongoing_ety_anime,"Wait for <DATE_TIME> 
I hope they will release real one",2024-02-24T02:35:58+00:00,,,
59177,ongoing_ety_anime,https://t.me/ongoing_ety_anime,"I clearly mentioned below that it is 
<PERSON>",2024-02-24T02:29:18+00:00,,,
59176,ongoing_ety_anime,https://t.me/ongoing_ety_anime,Wtf is this quality 💀😡,2024-02-24T02:27:30+00:00,,,
59175,ongoing_ety_anime,https://t.me/ongoing_ety_anime,What do u mean fake ??,2024-02-24T02:24:46+00:00,,,
59174,ongoing_ety_anime,https://t.me/ongoing_ety_anime,C'mon admin u should have atleast warned us that it's fake🤦🏾‍♂,2024-02-24T02:24:06+00:00,,,
