id,Channel ID,URL,message,date,views,forwards,reactions
2511,ongoing_ety_anime,https://t.me/ongoing_ety_anime,"🚨ATTENTION EVERYONE 📢

Calling 📞 all Anime group members! <PERSON> for the Jujutsu Kaisen♟, Naruto🍜 & One Piece🍗  Quiz!

Attention all anime enthusiasts ❤️‍🔥, aspiring to get a special role in the GC, We're thrilled to announce a special✨ quiz competition 🏆 to get a special role in our group, and this time, it's all about 3⃣ of the most popular🗣 anime series: <PERSON>, Naruto and One piece.

Ready to test your knowledge 📖 and claim your Special role in the group and also Win Rs 200💸 , It will be distributed among Top 1 winners of all 3 quiz 👑. 
<PERSON> your calendars <DATE_TIME> at 🕕 6pm !

Group - https://t.me/ETY_Anime_Group",2024-02-18T13:56:12+00:00,18488.0,5.0,"👍: 11, ❤: 2"
47586,ongoing_ety_anime,https://t.me/ongoing_ety_anime,,2024-02-18T15:10:57+00:00,,,
47359,ongoing_ety_anime,https://t.me/ongoing_ety_anime,,2024-02-18T14:02:01+00:00,,,
47350,ongoing_ety_anime,https://t.me/ongoing_ety_anime,Wow,2024-02-18T14:01:00+00:00,,,
47349,ongoing_ety_anime,https://t.me/ongoing_ety_anime,Yup,2024-02-18T14:00:52+00:00,,,
47346,ongoing_ety_anime,https://t.me/ongoing_ety_anime,Hell is earth,2024-02-18T14:00:34+00:00,,,
47345,ongoing_ety_anime,https://t.me/ongoing_ety_anime,Company <PERSON>?,2024-02-18T14:00:29+00:00,,,
47341,ongoing_ety_anime,https://t.me/ongoing_ety_anime,Hn hell se baat kr rha hu,2024-02-18T13:59:53+00:00,,,
47335,ongoing_ety_anime,https://t.me/ongoing_ety_anime,<PERSON> bhai?,2024-02-18T13:59:30+00:00,,,
47330,ongoing_ety_anime,https://t.me/ongoing_ety_anime,Lol 😂,2024-02-18T13:58:14+00:00,,,
47328,ongoing_ety_anime,https://t.me/ongoing_ety_anime,Bahut <PERSON> diya bhai,2024-02-18T13:56:51+00:00,,,
