id,Channel ID,URL,message,date,views,forwards,reactions
2559,ongoing_ety_anime,https://t.me/ongoing_ety_anime,"Chained Soldier Episode 08

Episode - 08 [Chained Soldier] [480p][Sub]☜Click

Episode - 08 [Chained Soldier] [720p][Sub]☜Click

Episode - 08 [Chained Soldier] [1080p][Sub]☜Click

Next episode...",2024-02-22T16:01:36+00:00,16025.0,4.0,👍: 4
58152,ongoing_ety_anime,https://t.me/ongoing_ety_anime,Both trainers must have at least 1 pokemon to battle,2024-02-23T00:32:55+00:00,,,
58151,ongoing_ety_anime,https://t.me/ongoing_ety_anime,/challenge@HeXamonbot,2024-02-23T00:32:54+00:00,,,
57633,ongoing_ety_anime,https://t.me/ongoing_ety_anime,<PERSON>,2024-02-22T19:20:21+00:00,,,
57625,ongoing_ety_anime,https://t.me/ongoing_ety_anime,<PERSON>,2024-02-22T19:20:06+00:00,,,
57613,ongoing_ety_anime,https://t.me/ongoing_ety_anime,Both trainers must have at least 1 pokemon to battle,2024-02-22T19:19:03+00:00,,,
57612,ongoing_ety_anime,https://t.me/ongoing_ety_anime,/challenge@HeXamonbot,2024-02-22T19:19:02+00:00,,,
57611,ongoing_ety_anime,https://t.me/ongoing_ety_anime,Both trainers must have at least 1 pokemon to battle,2024-02-22T19:18:54+00:00,,,
57610,ongoing_ety_anime,https://t.me/ongoing_ety_anime,/challenge@HeXamonbot,2024-02-22T19:18:52+00:00,,,
56851,ongoing_ety_anime,https://t.me/ongoing_ety_anime,When will get <PERSON> new movie? 🥺,2024-02-22T16:40:20+00:00,,,
56806,ongoing_ety_anime,https://t.me/ongoing_ety_anime,<PERSON>,2024-02-22T16:11:58+00:00,,,😁: 1
56802,ongoing_ety_anime,https://t.me/ongoing_ety_anime,Pfp changed?,2024-02-22T16:10:57+00:00,,,
56798,ongoing_ety_anime,https://t.me/ongoing_ety_anime,Thanks,2024-02-22T16:10:13+00:00,,,
56797,ongoing_ety_anime,https://t.me/ongoing_ety_anime,<DATE_TIME>,2024-02-22T16:09:25+00:00,,,
56782,ongoing_ety_anime,https://t.me/ongoing_ety_anime,When does eps 9 comes out,2024-02-22T16:02:01+00:00,,,👍: 1
