id,Channel ID,URL,message,date,views,forwards,reactions
2504,ongoing_ety_anime,https://t.me/ongoing_ety_anime,"Mashle : Magic And Muscles Season 2 Episode 06

Episode - 06 [Mashle: Magic And Muscles] [480p][Sub]☜Click

Episode - 06 [Mashle: Magic And Muscles] [720p][Sub]☜Click

Episode - 06 [Mashle: Magic And Muscles] [1080p][Sub]☜Click

Next episode...",2024-02-18T08:14:34+00:00,19332.0,13.0,"👍: 8, ❤: 5, 👏: 1"
75600,ongoing_ety_anime,https://t.me/ongoing_ety_anime,,2024-03-08T12:47:12+00:00,,,👎: 2
75598,ongoing_ety_anime,https://t.me/ongoing_ety_anime,💀,2024-03-08T12:46:58+00:00,,,
75596,ongoing_ety_anime,https://t.me/ongoing_ety_anime,ओह,2024-03-08T12:43:50+00:00,,,
75595,ongoing_ety_anime,https://t.me/ongoing_ety_anime,"<PERSON>, मेरे दोस्त निहाल",2024-03-08T12:39:23+00:00,,,👍: 1
75594,ongoing_ety_anime,https://t.me/ongoing_ety_anime,Wtf.,2024-03-08T12:38:30+00:00,,,
75579,ongoing_ety_anime,https://t.me/ongoing_ety_anime,Answer it 😂 @why_nihal,2024-03-08T10:57:20+00:00,,,
75578,ongoing_ety_anime,https://t.me/ongoing_ety_anime,"Nihal..!! is no longer AFK!
Time you were AFK for: 14h:10m:23s",2024-03-08T10:57:00+00:00,,,
75577,ongoing_ety_anime,https://t.me/ongoing_ety_anime,"What's poppin, my dude <PERSON>..!!?",2024-03-08T10:57:00+00:00,,,👍: 1
75576,ongoing_ety_anime,https://t.me/ongoing_ety_anime,🗿,2024-03-08T10:56:59+00:00,,,
75575,ongoing_ety_anime,https://t.me/ongoing_ety_anime,Buy Android device,2024-03-08T10:55:35+00:00,,,
75574,ongoing_ety_anime,https://t.me/ongoing_ety_anime,Can’t watch it,2024-03-08T10:25:28+00:00,,,
46848,ongoing_ety_anime,https://t.me/ongoing_ety_anime,88,2024-02-18T10:22:22+00:00,,,
46831,ongoing_ety_anime,https://t.me/ongoing_ety_anime,77,2024-02-18T08:32:17+00:00,,,👍: 1
