id,Channel ID,URL,message,date,views,forwards,reactions
2603,ongoing_ety_anime,https://t.me/ongoing_ety_anime,"Solo Leveling Season 1 Episode 07.5

┃███████████████
<PERSON> E07.5 [Sub]☜𝗖𝗹𝗶𝗰𝗸
┃███████████████
Bot #3 ⬆️

┃███████████████
<PERSON> E07.5 [Sub]☜𝗖𝗹𝗶𝗰𝗸
┃███████████████
Bot #2 ⬆️

Next Episode...",2024-02-24T18:02:58+00:00,22756.0,28.0,"👍: 8, ❤: 7, 👌: 1, 😇: 1, 🗿: 1"
62336,ongoing_ety_anime,https://t.me/ongoing_ety_anime,<PERSON> I want to match solo leveling. Could you please send me the link of the first episode 🌝🖐🏻,2024-02-26T01:41:48+00:00,,,
61710,ongoing_ety_anime,https://t.me/ongoing_ety_anime,.5,2024-02-25T01:47:55+00:00,,,
61709,ongoing_ety_anime,https://t.me/ongoing_ety_anime,😮‍💨😮‍💨,2024-02-25T00:05:26+00:00,,,
61708,ongoing_ety_anime,https://t.me/ongoing_ety_anime,<DATE_TIME>,2024-02-24T21:11:17+00:00,,,👍: 1
61707,ongoing_ety_anime,https://t.me/ongoing_ety_anime,??,2024-02-24T21:10:59+00:00,,,
61706,ongoing_ety_anime,https://t.me/ongoing_ety_anime,Is it even possible,2024-02-24T21:10:12+00:00,,,
61618,ongoing_ety_anime,https://t.me/ongoing_ety_anime,Does anyone have exams ?,2024-02-24T20:45:50+00:00,,,
61559,ongoing_ety_anime,https://t.me/ongoing_ety_anime,you enjoyed the time saved by typing Thnx instead of Thanks.,2024-02-24T20:43:44+00:00,,,😁: 1
61526,ongoing_ety_anime,https://t.me/ongoing_ety_anime,tathya,2024-02-24T20:41:34+00:00,,,
61525,ongoing_ety_anime,https://t.me/ongoing_ety_anime,Thnx for advice,2024-02-24T20:41:22+00:00,,,
61516,ongoing_ety_anime,https://t.me/ongoing_ety_anime,maturity is when you realise that <PERSON> is not a masterpiece. Just an average.,2024-02-24T20:41:07+00:00,,,👍: 3
60699,ongoing_ety_anime,https://t.me/ongoing_ety_anime,It means no episode released <DATE_TIME> right,2024-02-24T18:40:05+00:00,,,👍: 1
60656,ongoing_ety_anime,https://t.me/ongoing_ety_anime,Recap,2024-02-24T18:25:57+00:00,,,
60544,ongoing_ety_anime,https://t.me/ongoing_ety_anime,<DATE_TIME>,2024-02-24T18:15:10+00:00,,,
60543,ongoing_ety_anime,https://t.me/ongoing_ety_anime,Yes,2024-02-24T18:15:05+00:00,,,
60536,ongoing_ety_anime,https://t.me/ongoing_ety_anime,When is episode 8 coming?,2024-02-24T18:11:39+00:00,,,
60533,ongoing_ety_anime,https://t.me/ongoing_ety_anime,Like manga is it extra episode,2024-02-24T18:09:22+00:00,,,👍: 1
60531,ongoing_ety_anime,https://t.me/ongoing_ety_anime,. 5 means,2024-02-24T18:08:57+00:00,,,
60528,ongoing_ety_anime,https://t.me/ongoing_ety_anime,Is this a recap or something,2024-02-24T18:07:21+00:00,,,👍: 1
