id,Channel ID,URL,message,date,views,forwards,reactions
2692,ongoing_ety_anime,https://t.me/ongoing_ety_anime,"The Witch And The Beast Episode 07

Episode - 07 [The Witch And The Beast] [480p][Sub]☜Click

Episode - 07 [The Witch And The Beast] [720p][Sub]☜Click

Episode - 07 [The Witch And The Beast] [1080p][Sub]☜Click

Next episode...",2024-02-29T22:10:13+00:00,21390.0,6.0,"👍: 8, ❤: 8, 😁: 1"
71758,ongoing_ety_anime,https://t.me/ongoing_ety_anime,If want dm me u will give files,2024-03-01T14:41:47+00:00,,,
71700,ongoing_ety_anime,https://t.me/ongoing_ety_anime,<PERSON>,2024-03-01T06:21:47+00:00,,,
71694,ongoing_ety_anime,https://t.me/ongoing_ety_anime,Hello everyone,2024-03-01T02:13:05+00:00,,,
71685,ongoing_ety_anime,https://t.me/ongoing_ety_anime,I feel ur pain,2024-03-01T00:45:42+00:00,,,
71684,ongoing_ety_anime,https://t.me/ongoing_ety_anime,"I can’t save or watch 
Change this bot to ETY #2 😭😭😭",2024-02-29T23:53:06+00:00,,,
