id,Channel ID,URL,message,date,views,forwards,reactions
2653,ongoing_ety_anime,https://t.me/ongoing_ety_anime,"The Seven Deadly Sins: Four Knights of the Apocalypse
 Season 01

Episode - 19 [ Four Knights of The Apocalypse ] [480p][Sub]☜Click

Episode - 19 [ Four Knights of The Apocalypse ] [720p][Sub]☜Click

Episode - 19 [ Four Knights of The Apocalypse ] [1080p][Sub]☜Click

Next episode...",2024-02-27T17:22:13+00:00,19469.0,11.0,"👍: 4, ❤: 2"
68546,ongoing_ety_anime,https://t.me/ongoing_ety_anime,Will be fixed soon,2024-02-28T09:20:26+00:00,,,
68505,ongoing_ety_anime,https://t.me/ongoing_ety_anime,It ain't starting,2024-02-28T07:03:36+00:00,,,
