id,Channel ID,URL,message,date,views,forwards,reactions
2649,ongoing_ety_anime,https://t.me/ongoing_ety_anime,"Synduality Noir Cour 2 Episode 20

Episode - 20 [Synduality Noir] [480p][Sub]☜Click

Episode - 20 [Synduality Noir] [720p][Sub]☜Click

Episode - 20 [Synduality Noir] [1080p][Sub]☜Click

Next episode...",2024-02-26T18:43:37+00:00,20306.0,2.0,👍: 6
66134,ongoing_ety_anime,https://t.me/ongoing_ety_anime,You peice of shit,2024-02-27T11:50:34+00:00,,,
66133,ongoing_ety_anime,https://t.me/ongoing_ety_anime,Create a better bot let us be able to save,2024-02-27T11:50:30+00:00,,,
66132,ongoing_ety_anime,https://t.me/ongoing_ety_anime,Peice of fucks,2024-02-27T11:50:20+00:00,,,
66130,ongoing_ety_anime,https://t.me/ongoing_ety_anime,Waste of time,2024-02-27T11:50:15+00:00,,,
66129,ongoing_ety_anime,https://t.me/ongoing_ety_anime,I can’t even watch,2024-02-27T11:50:12+00:00,,,
66128,ongoing_ety_anime,https://t.me/ongoing_ety_anime,Are you mad or something I download anime and the bot tells me I can’t save,2024-02-27T11:50:08+00:00,,,
66127,ongoing_ety_anime,https://t.me/ongoing_ety_anime,Please how I can I watch it when I can’t save it,2024-02-27T11:49:52+00:00,,,
65793,ongoing_ety_anime,https://t.me/ongoing_ety_anime,Movie i need,2024-02-27T05:36:41+00:00,,,👍: 1
65792,ongoing_ety_anime,https://t.me/ongoing_ety_anime,<PERSON> met <NRP>,2024-02-27T05:36:32+00:00,,,
