id,Channel ID,URL,message,date,views,forwards,reactions
2680,ongoing_ety_anime,https://t.me/ongoing_ety_anime,"Chained Soldier Episode 09

Episode - 09 [Chained Soldier] [480p][Sub]☜Click

Episode - 09 [Chained Soldier] [720p][Sub]☜Click

Episode - 09 [Chained Soldier] [1080p][Sub]☜Click

Next episode...",2024-02-29T16:14:49+00:00,15826.0,3.0,"👍: 3, ❤: 1, 👏: 1, 😇: 1"
70567,ongoing_ety_anime,https://t.me/ongoing_ety_anime,Thanks dude ✨😉,2024-02-29T16:16:22+00:00,,,👍: 1
70564,ongoing_ety_anime,https://t.me/ongoing_ety_anime,Sorry for the problem!,2024-02-29T16:15:13+00:00,,,
