id,Channel ID,URL,message,date,views,forwards,reactions
2641,ongoing_ety_anime,https://t.me/ongoing_ety_anime,"Tsukimichi Season 2 Episode 08

Episode - 08 [Tsukimichi] [480p][Sub]☜Click

Episode - 08 [Tsukimichi] [<DATE_TIME>☜Click

Episode - 08 [Tsukimichi] [1080p][Sub]☜Click

Next episode...",2024-02-26T16:34:23+00:00,17044.0,4.0,"👍: 7, ❤: 1"
64254,ongoing_ety_anime,https://t.me/ongoing_ety_anime,Yes lala,2024-02-26T17:41:48+00:00,,,
64242,ongoing_ety_anime,https://t.me/ongoing_ety_anime,<PERSON>?,2024-02-26T17:41:21+00:00,,,
64241,ongoing_ety_anime,https://t.me/ongoing_ety_anime,<PERSON>😂,2024-02-26T17:41:15+00:00,,,
64133,ongoing_ety_anime,https://t.me/ongoing_ety_anime,Ye aditya <PERSON>,2024-02-26T17:35:20+00:00,,,
64131,ongoing_ety_anime,https://t.me/ongoing_ety_anime,Hii,2024-02-26T17:35:08+00:00,,,
64130,ongoing_ety_anime,https://t.me/ongoing_ety_anime,😂😂,2024-02-26T17:35:08+00:00,,,
64128,ongoing_ety_anime,https://t.me/ongoing_ety_anime,Hi,2024-02-26T17:35:05+00:00,,,
62968,ongoing_ety_anime,https://t.me/ongoing_ety_anime,Hii,2024-02-26T16:34:49+00:00,,,
62966,ongoing_ety_anime,https://t.me/ongoing_ety_anime,I'm excited for the upcoming episode of Tsukimichi Season 2! Can't wait to see what happens next.,2024-02-26T16:34:38+00:00,,,👍: 1
