id,Channel ID,URL,message,date,views,forwards,reactions
2662,ongoing_ety_anime,https://t.me/ongoing_ety_anime,"Bottom Tier Character Tomozaki Season 2 Episode 09

Episode - 09 [Tomozaki] [480p][Sub]☜Click

Episode - 09 [Tomozaki] [<DATE_TIME>☜Click

Episode - 09 [Tomozaki] [1080p][Sub]☜Click

Next episode...",2024-02-28T14:02:00+00:00,14723.0,2.0,👍: 2
68765,ongoing_ety_anime,https://t.me/ongoing_ety_anime,Aur classroom of the elite ka ep 9 kb <PERSON> bro,2024-02-28T14:10:34+00:00,,,
68739,ongoing_ety_anime,https://t.me/ongoing_ety_anime,1096,2024-02-28T14:06:24+00:00,,,
68737,ongoing_ety_anime,https://t.me/ongoing_ety_anime,One piece new episode updated <PERSON>,2024-02-28T14:05:58+00:00,,,
68718,ongoing_ety_anime,https://t.me/ongoing_ety_anime,I'm excited for the next episode of Bottom Tier Character Tomozaki. Can't wait to see what happens next!,2024-02-28T14:02:13+00:00,,,
