id,Channel ID,URL,message,date,views,forwards,reactions
2666,ongoing_ety_anime,https://t.me/ongoing_ety_anime,"Classroom Of The Elite Season 3 Episode 09

┃███████████████
┃Classroom Of The Elite S3 E09 [Sub]☜𝗖𝗹𝗶𝗰𝗸
┃███████████████
Bot #3 ⬆️

┃███████████████
┃Classroom Of The Elite S3 E09 [Sub]☜𝗖𝗹𝗶𝗰𝗸
┃███████████████
Bot #2 ⬆️",2024-02-28T15:26:23+00:00,15874.0,10.0,❤: 1
75132,ongoing_ety_anime,https://t.me/ongoing_ety_anime,Nice,2024-03-06T19:08:18+00:00,,,
69429,ongoing_ety_anime,https://t.me/ongoing_ety_anime,What happened bro,2024-02-28T15:28:19+00:00,,,
69426,ongoing_ety_anime,https://t.me/ongoing_ety_anime,I'm excited for the latest episode of Classroom of the Elite Season 3! Can't wait to see what unfolds in this episode.,2024-02-28T15:26:39+00:00,,,
