id,Channel ID,URL,message,date,views,forwards,reactions
2694,ongoing_ety_anime,https://t.me/ongoing_ety_anime,<DATE_TIME>,2024-03-01T18:23:00+00:00,8684.0,1.0,"🍾: 15, 👍: 10, 👾: 3, ⚡: 1"
124847,ongoing_ety_anime,https://t.me/ongoing_ety_anime,hello please help me,2024-06-02T10:17:59+00:00,,,
72102,ongoing_ety_anime,https://t.me/ongoing_ety_anime,,2024-03-02T07:08:41+00:00,,,
72101,ongoing_ety_anime,https://t.me/ongoing_ety_anime,Happy birthday bro,2024-03-02T07:07:36+00:00,,,
72090,ongoing_ety_anime,https://t.me/ongoing_ety_anime,Tamila,2024-03-02T05:21:50+00:00,,,
72057,ongoing_ety_anime,https://t.me/ongoing_ety_anime,What s on <DATE_TIME>,2024-03-02T04:50:07+00:00,,,
72032,ongoing_ety_anime,https://t.me/ongoing_ety_anime,Happy birthday bro,2024-03-02T02:39:46+00:00,,,
72025,ongoing_ety_anime,https://t.me/ongoing_ety_anime,Happy birthday bro,2024-03-02T02:09:47+00:00,,,
72024,ongoing_ety_anime,https://t.me/ongoing_ety_anime,Yes bro,2024-03-02T02:09:39+00:00,,,
72018,ongoing_ety_anime,https://t.me/ongoing_ety_anime,happy bday broo❤️,2024-03-02T00:50:05+00:00,,,
72017,ongoing_ety_anime,https://t.me/ongoing_ety_anime,"Public exam bro,😢😢😢",2024-03-01T23:42:04+00:00,,,
72016,ongoing_ety_anime,https://t.me/ongoing_ety_anime,Happy Birthday! 🎂<PERSON>/ Belated 😅,2024-03-01T22:28:23+00:00,,,
71996,ongoing_ety_anime,https://t.me/ongoing_ety_anime,Wishing you a very happy birthday bro,2024-03-01T18:59:53+00:00,,,👍: 1
71995,ongoing_ety_anime,https://t.me/ongoing_ety_anime,Happy birthday bro have <DATE_TIME> ahead 🥳🥳,2024-03-01T18:46:19+00:00,,,👍: 1
71994,ongoing_ety_anime,https://t.me/ongoing_ety_anime,<DATE_TIME> not any anime,2024-03-01T18:42:09+00:00,,,
71993,ongoing_ety_anime,https://t.me/ongoing_ety_anime,Happy brother's day,2024-03-01T18:41:31+00:00,,,
71992,ongoing_ety_anime,https://t.me/ongoing_ety_anime,"Happy birthday
Enjoy your day bro",2024-03-01T18:31:30+00:00,,,
71991,ongoing_ety_anime,https://t.me/ongoing_ety_anime,Wish you happy birthday,2024-03-01T18:25:35+00:00,,,
71990,ongoing_ety_anime,https://t.me/ongoing_ety_anime,<PERSON>?,2024-03-01T18:25:00+00:00,,,
71989,ongoing_ety_anime,https://t.me/ongoing_ety_anime,It's my birthday da,2024-03-01T18:24:01+00:00,,,
71988,ongoing_ety_anime,https://t.me/ongoing_ety_anime,<PERSON>,2024-03-01T18:23:45+00:00,,,
