id,Channel ID,URL,message,date,views,forwards,reactions
422,instabotproject,https://t.me/instabotproject,"CAN YOU FIND ANYONE USING ONLY NAME?😂/ СМОЖЕШЬ ЛИ ТЫ НАЙТИ КОГО-ТО, ЗНАЯ ТОЛЬКО ИМЯ?😂

What else can you do? Click and find out! 

Что ты еще можешь? <PERSON>!

#memes",2021-11-19T16:57:02+00:00,80182.0,7.0,"👍: 4, ❤: 4"
340623,instabotproject,https://t.me/instabotproject,https://www.instagram.com/fajarfhrsyh,2021-12-18T17:33:51+00:00,,,
340442,instabotproject,https://t.me/instabotproject,<PERSON> me acepta en el grupo ?,2021-12-15T15:01:14+00:00,,,
340204,instabotproject,https://t.me/instabotproject,Follow Instagram,2021-12-11T16:12:03+00:00,,,
340203,instabotproject,https://t.me/instabotproject,https://www.instagram.com/p/CXJBuhqpJB0/?utm_medium=copy_link,2021-12-11T16:11:28+00:00,,,
340093,instabotproject,https://t.me/instabotproject,https://instagram.com/sonurajput_______?utm_medium=copy_link,2021-12-09T16:39:55+00:00,,,
340092,instabotproject,https://t.me/instabotproject,https://t.me/itzao,2021-12-09T16:39:24+00:00,,,
340040,instabotproject,https://t.me/instabotproject,Pls like 😊,2021-12-09T05:56:29+00:00,,,
340039,instabotproject,https://t.me/instabotproject,https://www.instagram.com/___abishek_abi___/p/CW6F4hVB6Te/?utm_medium=copy_link,2021-12-09T05:55:59+00:00,,,
339623,instabotproject,https://t.me/instabotproject,Send on my page here in Telagram please,2021-11-30T19:10:31+00:00,,,
339586,instabotproject,https://t.me/instabotproject,Send on my page I am available for you to chat here please,2021-11-29T17:47:45+00:00,,,
339581,instabotproject,https://t.me/instabotproject,<PERSON>,2021-11-29T17:35:24+00:00,,,
339577,instabotproject,https://t.me/instabotproject,https://www.instagram.com/p/CWXNH-uIb3HSF7a4GBH1QHkfAGy8yMbloRiPvk0/?utm_medium=copy_link,2021-11-29T10:33:38+00:00,,,
339423,instabotproject,https://t.me/instabotproject,<PERSON>very beautiful and wonderful Send in my page I am available for you in chat,2021-11-24T12:47:40+00:00,,,
339422,instabotproject,https://t.me/instabotproject,Am good and you,2021-11-24T12:41:36+00:00,,,
339261,instabotproject,https://t.me/instabotproject,"<PERSON>, how are you",2021-11-20T19:21:41+00:00,,,
339236,instabotproject,https://t.me/instabotproject,How can I do that,2021-11-20T14:09:19+00:00,,,
