id,Channel ID,URL,message,date,views,forwards,reactions
184,albin_mods,https://t.me/albin_mods,"<NRP> New Release

❖ <PERSON> | Playstore

» Version : <IP_ADDRESS>
» Released : 13 feb
» v7a & v8a
» Size app : 78.0MB

❖ Feature Moded

➥ Premium Unlocked
➥ Remove ads
➥ access all feature
➥ add font default
➥ disable ads tracker
➥ and other

Note 
⭐ Remove pairip for stable app
⭐ removed some languages to reduce apk size

enjoy your app😎👍

Moded by @albin_mods
Join @albin_mods_cm",2024-02-13T02:25:50+00:00,1410.0,4.0,"🔥: 2, 👍: 1"
3296,albin_mods,https://t.me/albin_mods,limit,2024-02-13T05:05:51+00:00,,,
3295,albin_mods,https://t.me/albin_mods,oke,2024-02-13T05:05:50+00:00,,,
3286,albin_mods,https://t.me/albin_mods,videoleap pro please provide,2024-02-13T02:45:53+00:00,,,
3276,albin_mods,https://t.me/albin_mods,,2024-02-13T02:26:16+00:00,,,
3275,albin_mods,https://t.me/albin_mods,Enjoy😎👍,2024-02-13T02:26:16+00:00,,,
