id,Channel ID,URL,message,date,views,forwards,reactions
200,albin_mods,https://t.me/albin_mods,"<NRP> New Updated

• Name : Ccleaner | Playstore
• Version : 24.03.1
• Released : 22 feb
• arm :  v7a & v8a
• Size app : 25.6MB

❖ Feature Moded

➥ Premium Unlocked
➥ Remove ads
➥ Multi Mac supported
➥ Auto Dashboard
➥ Remove promo app
➥ and Others

Enjoy Your moded😎👍

Moded by @albin_mods
Join Group @albin_mods_cm",2024-02-22T14:23:53+00:00,1372.0,1.0,"🔥: 2, 👍: 1"
3633,albin_mods,https://t.me/albin_mods,<PERSON>,2024-02-22T15:06:42+00:00,,,
3632,albin_mods,https://t.me/albin_mods,How do you mod these apps?,2024-02-22T14:55:08+00:00,,,👍: 1
3631,albin_mods,https://t.me/albin_mods,<PERSON> you,2024-02-22T14:28:54+00:00,,,
3630,albin_mods,https://t.me/albin_mods,<PERSON>,2024-02-22T14:28:53+00:00,,,
3627,albin_mods,https://t.me/albin_mods,Yoi.. if you use that APK your cellphone will immediately shine🗿👍,2024-02-22T14:28:20+00:00,,,
3626,albin_mods,https://t.me/albin_mods,<PERSON>.. <PERSON> kinclong🗿👍,2024-02-22T14:28:18+00:00,,,
3622,albin_mods,https://t.me/albin_mods,What's this for? Make it a trash/cache cleaner?🗿,2024-02-22T14:24:59+00:00,,,
3621,albin_mods,https://t.me/albin_mods,<PERSON>? <PERSON>/cache gtu?🗿,2024-02-22T14:24:58+00:00,,,
