id,Channel ID,URL,message,date,views,forwards,reactions
192,albin_mods,https://t.me/albin_mods,"<NRP> New Update

❖ <PERSON> | Playstore

» Base Version : 13.55.6
» Release date : 17 feb
» v7a & v8a
» Size app : 59MB

❖ Feature Moded

➥ Premium Unlocked
➥ Remove ads
➥ Contact profile GOLD
➥ subscription GOLD
➥ unlimited expire time
➥ remove promotion banner
➥ add font default
➥ and other

Enjoy Your moded😎👍

Moded by @albin_mods
Join Group @albin_mods_cm",2024-02-16T17:36:02+00:00,1384.0,2.0,"👍: 5, 🔥: 1"
4286,albin_mods,https://t.me/albin_mods,true caller is made in a lite version,2024-03-08T17:24:47+00:00,,,
4285,albin_mods,https://t.me/albin_mods,true caller <PERSON> versi lite,2024-03-08T17:24:45+00:00,,,
3366,albin_mods,https://t.me/albin_mods,enjoy😎👍,2024-02-16T17:37:08+00:00,,,
3365,albin_mods,https://t.me/albin_mods,,2024-02-16T17:37:08+00:00,,,
