id,Channel ID,URL,message,date,views,forwards,reactions
123,albin_mods,https://t.me/albin_mods,"💠 New Release

❖ Pawxy Premium

» Base Version : 1.8.2
» Release date : 6 jan
» v7a & v8a
» Size app : 19.4MB

❖ Feature Moded

➥ Premium Unlocked
➥ Remove ads
➥ All VPN Unclocked
➥ add font default
➥ Add-Free
➥ and other

Enjoy your search browser and use  Free VPN

Enjoy Your moded😎👍

Moded by @albin_mods
Join @albin_mods_cm",2024-01-05T17:18:39+00:00,1295.0,2.0,"👍: 2, 🔥: 2, 🥰: 1"
1515,albin_mods,https://t.me/albin_mods,enjoy <PERSON>,2024-01-05T17:19:53+00:00,,,
1514,albin_mods,https://t.me/albin_mods,,2024-01-05T17:19:53+00:00,,,
