id,Channel ID,URL,message,date,views,forwards,reactions
170,albin_mods,https://t.me/albin_mods,"<NRP> New Update

❖ SnapTik | Playstore

» Base Version : 1.8.2
» Released : 1 feb
<PERSON>
» Size app : 38.4MB

❖ Feature Moded

» Premium Unlocked
» Remove ads
» Download unlimited
» Disable ads tracker
» Download HD Resolution
» and Others

note 
this version is different from different versions so just press ""later""

Enjoy Your moded😎👍

Moded by @albin_mods
join @albin_mods_cm",2024-02-01T08:08:33+00:00,1769.0,3.0,"👍: 5, 🔥: 2"
2404,albin_mods,https://t.me/albin_mods,enjoy bro😇,2024-02-01T08:31:20+00:00,,,
2402,albin_mods,https://t.me/albin_mods,Thank you 😊,2024-02-01T08:26:01+00:00,,,
