id,Channel ID,URL,message,date,views,forwards,reactions
136,albin_mods,https://t.me/albin_mods,"<NRP> New Update

» Webtoon | Play Store
» Version : 3.1.8
» Released : 14 jan
» v7a & v8a
» Size app : 32MB

❖ <PERSON> Remove ads
➥ Disable ads tracker
➥ Daily episode Pass
➥ remove mtm in setting
➥ and others

enjoy your app😎👍

Note 
the coin feature is not available due to server side... so enjoy the app without the slightest ad interference

Moded by @albin_mods
Join Group @albin_mods_cm",2024-01-14T13:52:42+00:00,1460.0,1.0,"👍: 3, 🔥: 3"
1766,albin_mods,https://t.me/albin_mods,limit,2024-01-14T18:49:39+00:00,,,
1765,albin_mods,https://t.me/albin_mods,oke,2024-01-14T18:49:38+00:00,,,❤: 1
1764,albin_mods,https://t.me/albin_mods,Alight Motion bro update  version tutorial  please,2024-01-14T18:09:04+00:00,,,
1759,albin_mods,https://t.me/albin_mods,ready😎,2024-01-14T14:40:04+00:00,,,
1758,albin_mods,https://t.me/albin_mods,<PERSON>,2024-01-14T14:40:03+00:00,,,
1755,albin_mods,https://t.me/albin_mods,Thank you bro<PERSON>,2024-01-14T14:28:46+00:00,,,
1754,albin_mods,https://t.me/albin_mods,<PERSON><PERSON>,2024-01-14T14:28:45+00:00,,,
1752,albin_mods,https://t.me/albin_mods,no... server side coin huh...,2024-01-14T13:54:39+00:00,,,
1751,albin_mods,https://t.me/albin_mods,gak.. server side coin ya..,2024-01-14T13:54:37+00:00,,,
1750,albin_mods,https://t.me/albin_mods,Also d coin is version g,2024-01-14T13:53:38+00:00,,,
1749,albin_mods,https://t.me/albin_mods,<PERSON> bang,2024-01-14T13:53:37+00:00,,,
