id,Channel ID,URL,message,date,views,forwards,reactions
122,albin_mods,https://t.me/albin_mods,"💠 New Update

❖ YouTube Music vanced

» Base Version : 6.33.50
» Release date : 5 jan
» v7a & v8a
» Size app : 39.4MB

❖ Feature Moded

➥ Click here

Enjoy Your moded😎👍

Moded by @albin_mods
Join Group @albin_mods_cm",2024-01-05T06:30:09+00:00,1301.0,7.0,"👍: 4, 🔥: 2, ❤: 1, 👏: 1"
2083,albin_mods,https://t.me/albin_mods,click icon share and goto web youtube Downloader otomatic download on momery internal.. or click button download👍,2024-01-25T11:15:09+00:00,,,
2074,albin_mods,https://t.me/albin_mods,how to download song?,2024-01-25T11:10:58+00:00,,,
1512,albin_mods,https://t.me/albin_mods,OK bro,2024-01-05T15:10:37+00:00,,,
1511,albin_mods,https://t.me/albin_mods,Oke bang,2024-01-05T15:10:36+00:00,,,
1509,albin_mods,https://t.me/albin_mods,default bro,2024-01-05T09:42:33+00:00,,,
1508,albin_mods,https://t.me/albin_mods,<PERSON> bang,2024-01-05T09:42:32+00:00,,,
1503,albin_mods,https://t.me/albin_mods,"Bro. You can change the name of the application to ORI like in the Play Store, bro.<PERSON>",2024-01-05T08:42:26+00:00,,,
1502,albin_mods,https://t.me/albin_mods,Bang . <PERSON> bisa di ganti ORI seperti di Play store bang .🙏,2024-01-05T08:42:25+00:00,,,
1501,albin_mods,https://t.me/albin_mods,ohh,2024-01-05T08:07:30+00:00,,,
1499,albin_mods,https://t.me/albin_mods,server side bro,2024-01-05T06:36:27+00:00,,,
1498,albin_mods,https://t.me/albin_mods,Premium Song's isn't downloading,2024-01-05T06:34:52+00:00,,,
1497,albin_mods,https://t.me/albin_mods,update guys👍,2024-01-05T06:30:39+00:00,,,
