id,Channel ID,URL,message,date,views,forwards,reactions
178,albin_mods,https://t.me/albin_mods,"<NRP> New Update

» Name : Moises | Playstore
» Version : 2.28.0
» Released : 6 feb
» v7a Only
» Size app : 56.6MB

❖ Feature Moded

➥ Premium Unlocked
➥ Remove ads
➥ disable ads tracker
➥ Premium Account
➥ and Others

Note 
Please Login using facebook or email🙏

Enjoy Your moded😎👍

Moded by @albin_mods
Group @albin_mods_cm",2024-02-06T14:11:27+00:00,1506.0,5.0,"🔥: 3, 👍: 2"
2909,albin_mods,https://t.me/albin_mods,,2024-02-06T14:12:59+00:00,,,
2908,albin_mods,https://t.me/albin_mods,enjoy😎👍,2024-02-06T14:12:59+00:00,,,
2907,albin_mods,https://t.me/albin_mods,OMG THAT THE APPLICATION I NEEDED THANK YOU,2024-02-06T14:11:40+00:00,,,❤: 2
