id,Channel ID,URL,message,date,views,forwards,reactions
187,albin_mods,https://t.me/albin_mods,"<NRP> New Update

» Name : Moises | Playstore
» Version : 2.30.0
» Released : 14 feb
» v7a Only
» Size app : 56.6MB

❖ Feature Moded

➥ Premium Unlocked
➥ Remove ads
➥ disable ads tracker
➥ Premium Account
➥ and Others

Note 
Please Login using facebook or email🙏

Enjoy Your moded😎👍

Moded by @albin_mods
Group @albin_mods_cm",2024-02-14T15:45:24+00:00,1312.0,6.0,"👍: 4, 🔥: 1, 👏: 1"
4057,albin_mods,https://t.me/albin_mods,next version 2.35.0 bro.. +5 version,2024-03-04T02:46:24+00:00,,,
4055,albin_mods,https://t.me/albin_mods,"Plz update bro, 2.31.0 version is out",2024-03-03T21:45:29+00:00,,,
3328,albin_mods,https://t.me/albin_mods,<PERSON> I will try again than :),2024-02-14T15:50:05+00:00,,,👍: 1
3327,albin_mods,https://t.me/albin_mods,"very easy bro, you should be able to",2024-02-14T15:48:16+00:00,,,
3326,albin_mods,https://t.me/albin_mods,Need tut for this as I tried before after modified it stop playing but your seems to be working,2024-02-14T15:46:28+00:00,,,
3324,albin_mods,https://t.me/albin_mods,enjoy😎👍,2024-02-14T15:45:45+00:00,,,
