id,Channel ID,URL,message,date,views,forwards,reactions
175,albin_mods,https://t.me/albin_mods,"<NRP> New Release

❖ Thermer | Playstore

» Base Version : 6.1.2
» Release date : 5 feb
» v7a only
» Size app : 29.4MB 

❖ Feature Moded

➥ Premium Unlocked
➥ Remove ads
➥ Disable ads popup
➥ and other

Moded by @albin_mods
Join @albin_mods_cm",2024-02-04T17:09:18+00:00,1849.0,2.0,"👍: 2, 🔥: 1"
2772,albin_mods,https://t.me/albin_mods,Ok enjoy 🕶️👍,2024-02-04T17:47:50+00:00,,,👍: 1
2767,albin_mods,https://t.me/albin_mods,enjoy😎👍,2024-02-04T17:09:49+00:00,,,
