id,Channel ID,URL,message,date,views,forwards,reactions
147,albin_mods,https://t.me/albin_mods,"<NRP> New Release

» Name : ZoZo Player | Playstore
» Version : 2.0.2
» Released : 19 jan
» Universal
» Size app : 8.1MB

❖ Feature Moded

➥ Add-Free
➥ Replaying Anime Without ads

Note 
this app plugin for anilab app

Enjoy Your moded😎👍

Moded by @albin_mods
Join Group @albin_mods_cm",2024-01-19T08:13:04+00:00,1494.0,,"👍: 2, 🔥: 1"
1936,albin_mods,https://t.me/albin_mods,What's the function of this bro?,2024-01-20T08:00:41+00:00,,,
1935,albin_mods,https://t.me/albin_mods,<PERSON> apa bang,2024-01-20T08:00:40+00:00,,,
