id,Channel ID,URL,message,date,views,forwards,reactions
177,albin_mods,https://t.me/albin_mods,"<NRP> New Update

» Name : AudioLab | Playstore
» Version : <DATE_TIME>
» Released : 6 feb
» v7a & v8a
» Size app : 32.5MB

◈ Feature Moded

➥ Premium Unlocked
➥ Remove ads
➥ disable ads tracker
➥ add font default
➥ and Others

Note 
remove pairip for stable app

Warning 
some other features don't work due to pairip being removed, so use other features☻

Enjoy Your moded😎👍

Moded by @albin_mods
Join Group @albin_mods_cm",2024-02-06T10:31:14+00:00,1595.0,2.0,"👍: 3, 🔥: 2"
2899,albin_mods,https://t.me/albin_mods,Thank U bro,2024-02-06T10:52:46+00:00,,,
2898,albin_mods,https://t.me/albin_mods,,2024-02-06T10:35:27+00:00,,,
2897,albin_mods,https://t.me/albin_mods,enjoy😎👍,2024-02-06T10:35:27+00:00,,,❤: 2
