id,Channel ID,URL,message,date,views,forwards,reactions
203,albin_mods,https://t.me/albin_mods,"<NRP> New Fixed

❖ Alight Motion | Playstore

• Version : 5.0.249
• Fixed On : 25 feb
• v7a & v8a
• Size app : 89.9MB
• Multi Language✅

Note 
this is a fixed version because many of you have crashed or the app is not installed, hope it works well in this fixed version🌚
Please Login using facebook or email

Enjoy Your moded😎👍

Moded by @albin_mods
Join @albin_mods_cm",2024-02-25T01:47:13+00:00,1453.0,20.0,"👍: 4, 🔥: 4, ❤: 1"
3704,albin_mods,https://t.me/albin_mods,i fixed Xml,2024-02-25T13:53:32+00:00,,,
3703,albin_mods,https://t.me/albin_mods,record screen bro,2024-02-25T12:55:00+00:00,,,
3702,albin_mods,https://t.me/albin_mods,also I dont know if that's skill issues but I cant import XMLs,2024-02-25T12:47:04+00:00,,,
3701,albin_mods,https://t.me/albin_mods,sorry I'm new but how to use alight packs? After I register with Email and use a link to a pack it tells me that the email is not the one linked to the subscription.,2024-02-25T12:41:54+00:00,,,
3687,albin_mods,https://t.me/albin_mods,"Can't join in, your post has been blocked by the admin🗿",2024-02-25T03:57:44+00:00,,,
3686,albin_mods,https://t.me/albin_mods,<PERSON> banh <PERSON>,2024-02-25T03:57:43+00:00,,,
3685,albin_mods,https://t.me/albin_mods,What?,2024-02-25T03:18:26+00:00,,,
3684,albin_mods,https://t.me/albin_mods,<NRP>?,2024-02-25T03:18:26+00:00,,,
3683,albin_mods,https://t.me/albin_mods,Thank you so much because you can't discuss this account on my account🗿,2024-02-25T02:36:28+00:00,,,
3682,albin_mods,https://t.me/albin_mods,Thanks banh <PERSON> ituu gabisa <PERSON>,2024-02-25T02:36:27+00:00,,,
