id,Channel ID,URL,message,date,views,forwards,reactions
206,albin_mods,https://t.me/albin_mods,"<NRP> New Update

❖ SnapEdit | Playstore

• Version : 5.6.5
• Release : 26 feb
• Arm : Universal
• Size app : 26.5MB

❖ Feature Moded

➥ Premium Unlocked
➥ Remove ads
➥ Unlimited AI
➥ Super eraser AI
➥ Best Quality
➥ Disable ads tracker
➥ and other

Note 
Remove more image for reduce size
Enjoy Your moded😎👍

Moded by @albin_mods
join @albin_mods_cm",2024-02-26T06:51:43+00:00,1355.0,5.0,"👍: 2, 🔥: 2"
4705,albin_mods,https://t.me/albin_mods,no,2024-03-16T09:31:40+00:00,,,
4702,albin_mods,https://t.me/albin_mods,use TOKEN?,2024-03-16T08:52:23+00:00,,,
