id,Channel ID,URL,message,date,views,forwards,reactions
216,albin_mods,https://t.me/albin_mods,example : upcoming this feature😂👍,2024-03-02T03:56:25+00:00,1333.0,,"😱: 4, 🔥: 2, 👍: 1, 😁: 1"
3914,albin_mods,https://t.me/albin_mods,yo,2024-03-02T04:38:05+00:00,,,
3913,albin_mods,https://t.me/albin_mods,<PERSON>,2024-03-02T04:38:04+00:00,,,
3910,albin_mods,https://t.me/albin_mods,"https://youtube.com/@albin_senpai

This one bro",2024-03-02T04:14:47+00:00,,,
3908,albin_mods,https://t.me/albin_mods,"Yo, just search for <PERSON> on YouTube... the channel is down :)",2024-03-02T04:03:58+00:00,,,
3907,albin_mods,https://t.me/albin_mods,<PERSON> aja <PERSON> youtube.. channel ya udh down :),2024-03-02T04:03:57+00:00,,,
3904,albin_mods,https://t.me/albin_mods,It turns out the admin has a YouTube channel,2024-03-02T04:01:35+00:00,,,
3899,albin_mods,https://t.me/albin_mods,<PERSON>,2024-03-02T03:58:48+00:00,,,
