id,Channel ID,URL,message,date,views,forwards,reactions
223,albin_mods,https://t.me/albin_mods,"<NRP> New Release

❖ Funimate Premium

🅿️ Playstore : click

• Version : 13.2.0
• Release : 4 mar
• arm : v7a & v8a
• Size app : 248.8MB 

❖ Feature Mods
➥ Premium Unlocked
➥ Remove ads
➥ disable ads tracker
➥ Unlimited credit😱😱
➥ and other 

Note:
if the application crashes or errors it is common because this application is so large in size so just understand<PERSON>

please login via your existing email or create a new account.

enjoy your app😎👍 

Moded by @albin_mods
Join @albin_mods_cm",2024-03-04T14:37:08+00:00,1302.0,14.0,"❤: 3, 🔥: 1"
4149,albin_mods,https://t.me/albin_mods,Bring more updates on Funimate Pro,2024-03-05T19:02:00+00:00,,,
4101,albin_mods,https://t.me/albin_mods,,2024-03-04T14:37:34+00:00,,,
4100,albin_mods,https://t.me/albin_mods,,2024-03-04T14:37:34+00:00,,,
4099,albin_mods,https://t.me/albin_mods,enjoy <PERSON>,2024-03-04T14:37:34+00:00,,,🔥: 2
