id,Channel ID,URL,message,date,views,forwards,reactions
238,albin_mods,https://t.me/albin_mods,"<NRP> New Updated

• Name : Ccleaner | Playstore
• Version : 24.05.0
• Released : 11 mar
• arm :  v7a & v8a
• Size app : 25.6MB

❖ Feature Moded

➥ Premium Unlocked
➥ Remove ads
➥ Multi Mac supported
➥ Auto Dashboard
➥ and Others

Enjoy Your moded😎👍

Moded by @albin_mods
Join Group @albin_mods_cm",2024-03-11T15:50:31+00:00,1527.0,3.0,"🔥: 3, 👍: 2, ❤: 1"
4481,albin_mods,https://t.me/albin_mods,Check,2024-03-11T16:01:09+00:00,,,
4480,albin_mods,https://t.me/albin_mods,Cek,2024-03-11T16:01:08+00:00,,,
4479,albin_mods,https://t.me/albin_mods,If the node video won't be shared here bro... just DM,2024-03-11T16:00:06+00:00,,,
4478,albin_mods,https://t.me/albin_mods,<PERSON> video gak bakalan di share disini bro.. dm aja,2024-03-11T16:00:05+00:00,,,
4475,albin_mods,https://t.me/albin_mods,Node video mod banh,2024-03-11T15:56:29+00:00,,,
