id,Channel ID,URL,message,date,views,forwards,reactions
250,albin_mods,https://t.me/albin_mods,"<NRP> New Update

❖ SnapEdit | Playstore

• Version : 5.6.8
• Release : 18 mar
• Arm : Universal
• Size app : 25.7MB

❖ Feature Moded

➥ Premium Unlocked
➥ Remove ads
➥ Disable ads tracker
➥ remove banner Pro
➥ and other

Enjoy Your moded😎👍

Moded by @albin_mods
join @albin_mods_cm",2024-03-18T04:05:07+00:00,1675.0,2.0,"👍: 6, ❤: 2, 🔥: 1"
4893,albin_mods,https://t.me/albin_mods,?,2024-03-19T11:06:57+00:00,,,
4892,albin_mods,https://t.me/albin_mods,,2024-03-19T11:05:22+00:00,,,
4891,albin_mods,https://t.me/albin_mods,,2024-03-19T11:05:22+00:00,,,
4868,albin_mods,https://t.me/albin_mods,The developer of this app deleted old app of snaptik and released this one with new package name.,2024-03-18T17:35:22+00:00,,,
4867,albin_mods,https://t.me/albin_mods,I'm talking about this app.,2024-03-18T17:34:29+00:00,,,
4866,albin_mods,https://t.me/albin_mods,That's totally different app.,2024-03-18T17:33:56+00:00,,,
4827,albin_mods,https://t.me/albin_mods,"https://t.me/albin_mods/251


use this bro",2024-03-18T15:13:32+00:00,,,
4823,albin_mods,https://t.me/albin_mods,wait,2024-03-18T14:09:40+00:00,,,
4819,albin_mods,https://t.me/albin_mods,"Last updated on <DATE_TIME>. Don't know when dev will release next update. So if possible, unlock pro.",2024-03-18T12:37:35+00:00,,,
4817,albin_mods,https://t.me/albin_mods,https://play.google.com/store/apps/details?id=com.meitu.wink,2024-03-18T12:30:32+00:00,,,
4815,albin_mods,https://t.me/albin_mods,this old version bro,2024-03-18T11:59:42+00:00,,,
4812,albin_mods,https://t.me/albin_mods,+ different package name,2024-03-18T11:34:53+00:00,,,
4810,albin_mods,https://t.me/albin_mods,No. It's not available in group. It's different version.,2024-03-18T11:33:47+00:00,,,
4790,albin_mods,https://t.me/albin_mods,What apk,2024-03-18T06:07:17+00:00,,,
4788,albin_mods,https://t.me/albin_mods,version 5.7.2 bang,2024-03-18T06:00:29+00:00,,,
4766,albin_mods,https://t.me/albin_mods,already in group bro👍,2024-03-18T04:18:52+00:00,,,
4765,albin_mods,https://t.me/albin_mods,Enjoy👍,2024-03-18T04:18:47+00:00,,,
4764,albin_mods,https://t.me/albin_mods,,2024-03-18T04:18:47+00:00,,,
4762,albin_mods,https://t.me/albin_mods,,2024-03-18T04:06:04+00:00,,,
