id,Channel ID,URL,message,date,views,forwards,reactions
244,albin_mods,https://t.me/albin_mods,"<NRP> New Update

Base Updated✅

❖ YouTube <PERSON>

• Version : <DATE_TIME>
• Release : 13 mar
• arm : v7a & v8a
• Size app : 82.5MB

❖ <PERSON> Click Here

➢ Fixed menu feature
• Menu history has been fixed
• update Manager dont show
• fixed crash scrolling video<NRP>
• and more

Note : Please Use Vanced MicroG plugin for open app and crash issue

Enjoy Your moded😎👍

Moded by @albin_mods
Join @albin_mods_cm",2024-03-13T09:48:23+00:00,2076.0,12.0,"👍: 6, ❤: 2, 🔥: 2"
5597,albin_mods,https://t.me/albin_mods,Fixed,2024-04-05T23:54:01+00:00,,,
5342,albin_mods,https://t.me/albin_mods,"this is YouTube, right?",2024-03-28T15:09:11+00:00,,,
5340,albin_mods,https://t.me/albin_mods,"no i mean, yt link",2024-03-28T15:08:30+00:00,,,
5339,albin_mods,https://t.me/albin_mods,"<NRP> New Update

• Name : Moises | Playstore
• Version : 2.35.0
• Released : 28 mar
• arm : v7a
• Size app : 56.6MB

❖ Feature Moded

➥ Premium Unlocked
➥ Remove ads
➥ disable ads tracker
➥ Premium Account
➥ and Others

Login fb dont work.. pls login using email⚡

Enjoy Your moded😎👍

Moded by @albin_mods
Group @albin_mods_cm",2024-03-28T15:07:51+00:00,,,
5338,albin_mods,https://t.me/albin_mods,yeah same problem.. try using old version,2024-03-28T15:07:16+00:00,,,
5337,albin_mods,https://t.me/albin_mods,share link you opened.,2024-03-28T15:07:15+00:00,,,
5336,albin_mods,https://t.me/albin_mods,"Thanks, but still having issues even after fresh install",2024-03-28T15:06:03+00:00,,,
5311,albin_mods,https://t.me/albin_mods,ohh delete old version and install last version bro,2024-03-28T14:18:04+00:00,,,
5310,albin_mods,https://t.me/albin_mods,,2024-03-28T14:08:54+00:00,,,
5296,albin_mods,https://t.me/albin_mods,send screenshoot,2024-03-28T08:30:56+00:00,,,
5295,albin_mods,https://t.me/albin_mods,PKG be invalid,2024-03-28T04:53:42+00:00,,,
4585,albin_mods,https://t.me/albin_mods,Telegram hind web site mod open app,2024-03-13T09:52:03+00:00,,,
