id,Channel ID,URL,message,date,views,forwards,reactions
220,albin_mods,https://t.me/albin_mods,"<NRP> New Update 

❖ Muslim Pro | Playstore

• Version : 15.0
• Release : 3 mar
• arm : Universal
• Size app : 51.0MB 

❖ Feature Mods
➥ Premium Unlocked
➥ Remove ads
➥ disable ads tracker
➥ and other 

enjoy your app😎👍 

Moded by @albin_mods
Join @albin_mods_cm",2024-03-03T04:26:38+00:00,1437.0,1.0,"❤: 6, 🔥: 1, 🤮: 1"
4218,albin_mods,https://t.me/albin_mods,"Oh yeah😁 okay... it's okay to share, thanks for trying🙏",2024-03-07T11:53:17+00:00,,,
4217,albin_mods,https://t.me/albin_mods,"Owalahh😁 ok.. gpp bg, <PERSON>",2024-03-07T11:53:16+00:00,,,
4216,albin_mods,https://t.me/albin_mods,"I can't, bro.. when I press the menu, it won't work..",2024-03-07T11:41:09+00:00,,,
4215,albin_mods,https://t.me/albin_mods,gak bisa bang.. pas di pencet <PERSON>..,2024-03-07T11:41:08+00:00,,,
4214,albin_mods,https://t.me/albin_mods,Okay gpp,2024-03-07T11:32:24+00:00,,,
4213,albin_mods,https://t.me/albin_mods,Oke gpp bang,2024-03-07T11:32:23+00:00,,,
4205,albin_mods,https://t.me/albin_mods,remove iklan gpp bree?,2024-03-06T22:29:56+00:00,,,
4203,albin_mods,https://t.me/albin_mods,"Try this bro 🙏

https://apkcombo.com/id/faceswap-ai-face-swap-photo/com.ai.faceswap/",2024-03-06T18:41:19+00:00,,,
4202,albin_mods,https://t.me/albin_mods,"<PERSON> bang 🙏

https://apkcombo.com/id/faceswap-ai-face-swap-photo/com.ai.faceswap/",2024-03-06T18:41:18+00:00,,,
3971,albin_mods,https://t.me/albin_mods,Just use it first... because there's nothing new,2024-03-03T09:36:24+00:00,,,
3970,albin_mods,https://t.me/albin_mods,<PERSON> dulu.. soalnya gak <PERSON> baru,2024-03-03T09:36:23+00:00,,,
3969,albin_mods,https://t.me/albin_mods,<DATE_TIME> didn't the DH update v 15.1 my brother,2024-03-03T09:01:53+00:00,,,
3968,albin_mods,https://t.me/albin_mods,1 maret buknnya dh update v 15.1 abangku,2024-03-03T09:01:52+00:00,,,
