id,Channel ID,URL,message,date,views,forwards,reactions
237,albin_mods,https://t.me/albin_mods,"<NRP> New Update

❖ <PERSON> | Playstore

• Version : 24.4.3
• Released : 11 mar
• v7a & v8a
• Size app : 74.1MB

❖ Feature Moded

➥ Premium Unlocked
➥ Subscription gold
➥ Remove info debug
➥ disable ads tracker
➥ Bypass Login Activity🙈
➥ and other

Note 
Fixed Experimental Feature😈

Please Login using facebook

enjoy your app😎👍

Moded by @albin_mods
Join @albin_mods_cm",2024-03-11T09:58:47+00:00,1532.0,7.0,"👍: 1, ❤: 1"
4473,albin_mods,https://t.me/albin_mods,What's this,2024-03-11T13:47:53+00:00,,,
4471,albin_mods,https://t.me/albin_mods,Can't,2024-03-11T11:58:56+00:00,,,
4470,albin_mods,https://t.me/albin_mods,gak bisa,2024-03-11T11:58:55+00:00,,,
4469,albin_mods,https://t.me/albin_mods,Can you mod the game?,2024-03-11T11:04:21+00:00,,,
4464,albin_mods,https://t.me/albin_mods,try work or not😂👍,2024-03-11T09:59:39+00:00,,,
