id,Channel ID,URL,message,date,views,forwards,reactions
225,albin_mods,https://t.me/albin_mods,"<NRP> New Update

❖ InShot Premium

🅿️ Playstore : click

• Version : 2.020
• Release : 5 mar
• arm : v7a & v8a
• Size app : 71.6MB

❖ Feature Moded

➥ Premium Unlocked
➥ Remove ads
➥ unclock all feature
➥ Premium lifetime
➥ Disable ads Tracke
➥ and other

Sorry guys, updates are a bit slow🙈

Enjoy Your moded😎👍

Moded by @albin_mods
Join @albin_mods_cm",2024-03-05T14:42:24+00:00,1689.0,3.0,"👍: 2, 🔥: 2"
4633,albin_mods,https://t.me/albin_mods,"strong, nanti died cobaa😁",2024-03-15T03:48:14+00:00,,,
4632,albin_mods,https://t.me/albin_mods,"makasii, <PERSON>",2024-03-15T03:48:13+00:00,,,
4631,albin_mods,https://t.me/albin_mods,"I'm proud, but I can't do it😞",2024-03-15T03:47:43+00:00,,,
4630,albin_mods,https://t.me/albin_mods,"<PERSON>, <PERSON>😞",2024-03-15T03:47:42+00:00,,,
4611,albin_mods,https://t.me/albin_mods,"Delete Facebook apk, login to Facebook via Google Chrome",2024-03-14T10:41:12+00:00,,,
4610,albin_mods,https://t.me/albin_mods,"Hapus apk facebook, login facebok <PERSON> chrome",2024-03-14T10:41:11+00:00,,,
4600,albin_mods,https://t.me/albin_mods,try logging in via email,2024-03-13T14:24:09+00:00,,,
4599,albin_mods,https://t.me/albin_mods,coba login <PERSON> email,2024-03-13T14:24:08+00:00,,,
4596,albin_mods,https://t.me/albin_mods,bang 😞😞,2024-03-13T13:19:57+00:00,,,
4199,albin_mods,https://t.me/albin_mods,New version and,2024-03-06T18:08:12+00:00,,,
4198,albin_mods,https://t.me/albin_mods,New version dan,2024-03-06T18:08:10+00:00,,,
4150,albin_mods,https://t.me/albin_mods,https://t.me/albin_mods/203,2024-03-05T21:33:58+00:00,,,
4146,albin_mods,https://t.me/albin_mods,Alight motion mod APK lagba,2024-03-05T17:48:19+00:00,,,
