id,Channel ID,URL,message,date,views,forwards,reactions
242,albin_mods,https://t.me/albin_mods,"<NRP> New Update

❖ Panda video | Playstore

• Version : 1.2.4 Last
• Release : 13 mar
• v7a
• Size app : 67.4MB

❖ Feature Moded

➥ Premium Unlocked
➥ Remove ads
➥ Disable promotion ads
➥ And Other

⚠️ Remove pairip for stable app
please login via fb or email🗿

Enjoy Your moded😎👍

Moded by @albin_mods
Join @albin_mods_cm",2024-03-12T17:27:52+00:00,1782.0,,"👍: 4, 🔥: 2"
4558,albin_mods,https://t.me/albin_mods,Please turn off the data when using the application.,2024-03-13T06:56:24+00:00,,,
4552,albin_mods,https://t.me/albin_mods,There are ads,2024-03-13T00:32:55+00:00,,,👍: 1
4551,albin_mods,https://t.me/albin_mods,,2024-03-13T00:32:05+00:00,,,
4541,albin_mods,https://t.me/albin_mods,Enjoy👍,2024-03-12T17:28:30+00:00,,,
