id,Channel ID,URL,message,date,views,forwards,reactions
222,albin_mods,https://t.me/albin_mods,"<NRP> New Update 

❖ Muslim Pro

🅿️ Playstore : click

• Version : 15.1
• Release : 3 mar
• arm : Universal
• Size app : 51.9MB 

❖ Feature Mods
➥ Premium Unlocked
➥ Remove ads
➥ disable ads tracker
➥ and other 

enjoy your app😎👍 

Moded by @albin_mods
Join @albin_mods_cm",2024-03-03T16:39:18+00:00,1300.0,2.0,"❤: 4, 👍: 3, 🔥: 1, 🌭: 1"
4037,albin_mods,https://t.me/albin_mods,,2024-03-03T16:43:55+00:00,,,
4035,albin_mods,https://t.me/albin_mods,Well done my brother✍️,2024-03-03T16:42:49+00:00,,,
4034,albin_mods,https://t.me/albin_mods,Mantap abangku✍️,2024-03-03T16:42:48+00:00,,,
4032,albin_mods,https://t.me/albin_mods,Thank u,2024-03-03T16:40:00+00:00,,,
4030,albin_mods,https://t.me/albin_mods,enjoy😎👍,2024-03-03T16:39:41+00:00,,,
