id,Channel ID,URL,message,date,views,forwards,reactions
253,albin_mods,https://t.me/albin_mods,"<NRP> New Update

❖ SnapEdit | Playstore

• Version : 5.7.4
• Release : 19 mar
• Arm : v7a & v8a
• Size app : 40.0MB

❖ Feature Moded

➥ Premium Unlocked
➥ Remove ads
➥ Disable ads tracker
➥ remove banner Pro
➥ and other

Enjoy Your moded😎👍

Moded by @albin_mods
join @albin_mods_cm",2024-03-19T14:44:50+00:00,1769.0,2.0,"👍: 4, 🔥: 3, 🤔: 1"
5530,albin_mods,https://t.me/albin_mods,"https://t.me/albin_mods_cm/5516

Use this cocobox mod , google login working 100 percent ..
Try this let me know.
First un install old cocobox ok",2024-04-02T15:01:00+00:00,,,👍: 1
5528,albin_mods,https://t.me/albin_mods,how to mod cocobox bro.. im try but login google still error,2024-04-02T05:55:56+00:00,,,
5519,albin_mods,https://t.me/albin_mods,"Hi vijay , i have shared cocobox link in group 
Its working 100 percent , go and download ok",2024-04-01T23:46:11+00:00,,,
4926,albin_mods,https://t.me/albin_mods,https://t.me/albin_mods/133,2024-03-20T11:08:37+00:00,,,
4925,albin_mods,https://t.me/albin_mods,Cocobox mod apk,2024-03-20T08:46:33+00:00,,,
