id,Channel ID,URL,message,date,views,forwards,reactions
246,albin_mods,https://t.me/albin_mods,"<NRP> New Update

❖ Formulia | Playstore

• Version : 7.6.0
• Released : 15 mar
• Universal
• Size app : 12.3MB

❖ Feature Moded

➥ Premium Unlocked
➥ Remove ads
➥ and Others

Note 
Remove pairip for stable app✅

Enjoy Your moded😎👍

Moded by @albin_mods
join @albin_mods_cm",2024-03-14T18:56:49+00:00,1927.0,,"👍: 2, 🔥: 2"
4690,albin_mods,https://t.me/albin_mods,No,2024-03-15T18:22:33+00:00,,,
4689,albin_mods,https://t.me/albin_mods,gak,2024-03-15T18:22:32+00:00,,,
4688,albin_mods,https://t.me/albin_mods,"Bro, can you mod netflix?",2024-03-15T17:59:47+00:00,,,
4682,albin_mods,https://t.me/albin_mods,💀💀,2024-03-15T17:53:23+00:00,,,
4681,albin_mods,https://t.me/albin_mods,"https://play.google.com/store/apps/details?id=com.gojek.gopay

Please mod bro",2024-03-15T17:51:34+00:00,,,
4680,albin_mods,https://t.me/albin_mods,oke wait bro,2024-03-15T17:51:34+00:00,,,
4678,albin_mods,https://t.me/albin_mods,don't be lazy,2024-03-15T17:39:40+00:00,,,
4677,albin_mods,https://t.me/albin_mods,gak lah males,2024-03-15T17:39:39+00:00,,,
4676,albin_mods,https://t.me/albin_mods,let it disappear🤣,2024-03-15T17:39:27+00:00,,,
4675,albin_mods,https://t.me/albin_mods,<PERSON>🤣,2024-03-15T17:39:26+00:00,,,
4674,albin_mods,https://t.me/albin_mods,"If apk 18 is not possible, just ask, don't be banned",2024-03-15T17:35:55+00:00,,,
4672,albin_mods,https://t.me/albin_mods,You can do it😎.. here you are free to req any apk as long as it's not webserver + server side🗿,2024-03-15T17:14:16+00:00,,,
4671,albin_mods,https://t.me/albin_mods,<PERSON> disini bebas <PERSON> webserver + server side🗿,2024-03-15T17:14:15+00:00,,,🤩: 1
4670,albin_mods,https://t.me/albin_mods,Thank you bro 🔥,2024-03-15T17:04:33+00:00,,,
4669,albin_mods,https://t.me/albin_mods,<PERSON> bg 🔥,2024-03-15T17:04:32+00:00,,,
4668,albin_mods,https://t.me/albin_mods,"Wih, bsa request <PERSON>?",2024-03-15T17:04:02+00:00,,,
4667,albin_mods,https://t.me/albin_mods,that's it,2024-03-15T15:26:02+00:00,,,
4666,albin_mods,https://t.me/albin_mods,tuh,2024-03-15T15:26:01+00:00,,,❤: 1
4647,albin_mods,https://t.me/albin_mods,oke wait,2024-03-15T07:36:41+00:00,,,
4646,albin_mods,https://t.me/albin_mods,Always 😀,2024-03-15T06:24:15+00:00,,,
4645,albin_mods,https://t.me/albin_mods,<PERSON>,2024-03-15T06:24:14+00:00,,,
4644,albin_mods,https://t.me/albin_mods,It can't be modded... if you remove the ads you can... do you want to?,2024-03-15T06:20:34+00:00,,,
4643,albin_mods,https://t.me/albin_mods,gak bisa di <PERSON>.. <PERSON>?,2024-03-15T06:20:33+00:00,,,
4642,albin_mods,https://t.me/albin_mods,"because it's not PlayStore, right?",2024-03-15T06:11:18+00:00,,,
4641,albin_mods,https://t.me/albin_mods,karna gk PlayStore kh?,2024-03-15T06:11:17+00:00,,,
4640,albin_mods,https://t.me/albin_mods,no bro,2024-03-15T06:08:58+00:00,,,
4639,albin_mods,https://t.me/albin_mods,gak bro,2024-03-15T06:08:57+00:00,,,
4638,albin_mods,https://t.me/albin_mods,nop,2024-03-15T06:08:42+00:00,,,
4637,albin_mods,https://t.me/albin_mods,"Can this be modded or not?

https://apkcombo.com/id/wolf-game-booster-gfx-tool/com.wolf.gamebooster.free/",2024-03-15T04:40:23+00:00,,,
4636,albin_mods,https://t.me/albin_mods,"<PERSON> mod ngga bang? 

https://apkcombo.com/id/wolf-game-booster-gfx-tool/com.wolf.gamebooster.free/",2024-03-15T04:40:21+00:00,,,
4635,albin_mods,https://t.me/albin_mods,Snapchat no primium possible?,2024-03-15T04:16:18+00:00,,,
4627,albin_mods,https://t.me/albin_mods,enjoy👍,2024-03-14T18:57:16+00:00,,,
