id,Channel ID,URL,message,date,views,forwards,reactions
250,onlinehackingx,https://t.me/onlinehackingx,"<PERSON>: DLL Hijacking and Hooking API

This new article about a way to get the Master Password of a KeePass database.

https://skr1x.github.io/keepass-dll-hijacking/

#keepass #dll #hijacking #redteam

<PERSON>❤️  Telegram Channel - @OnlineHackingX 🏮
<PERSON>",2023-12-20T15:28:42+00:00,76321.0,32.0,"❤: 53, 👍: 50, 😱: 16, 🔥: 10, 🤔: 10, 🥰: 8, 😁: 7, 🤯: 1"
251533,onlinehackingx,https://t.me/onlinehackingx,سلام,2024-04-01T07:22:07+00:00,,,👍: 1
168285,onlinehackingx,https://t.me/onlinehackingx,Password hack,2024-01-04T17:13:21+00:00,,,👍: 4
168283,onlinehackingx,https://t.me/onlinehackingx,I'd,2024-01-04T17:13:12+00:00,,,
110129,onlinehackingx,https://t.me/onlinehackingx,<PERSON>,2023-12-22T05:55:21+00:00,,,
109466,onlinehackingx,https://t.me/onlinehackingx,<PERSON> vlogs 88,2023-12-22T02:57:09+00:00,,,
109457,onlinehackingx,https://t.me/onlinehackingx,Please,2023-12-22T02:56:38+00:00,,,
109455,onlinehackingx,https://t.me/onlinehackingx,Bhai log mere channel <PERSON> subscribe  <PERSON>,2023-12-22T02:56:33+00:00,,,
109445,onlinehackingx,https://t.me/onlinehackingx,Hello,2023-12-22T02:55:24+00:00,,,
109166,onlinehackingx,https://t.me/onlinehackingx,Hhh,2023-12-22T01:49:09+00:00,,,
109076,onlinehackingx,https://t.me/onlinehackingx,Link,2023-12-22T00:04:59+00:00,,,
108090,onlinehackingx,https://t.me/onlinehackingx,Hello guys,2023-12-21T16:19:37+00:00,,,
108087,onlinehackingx,https://t.me/onlinehackingx,I want proff,2023-12-21T16:19:10+00:00,,,
108069,onlinehackingx,https://t.me/onlinehackingx,How I can trust you,2023-12-21T16:17:12+00:00,,,
108063,onlinehackingx,https://t.me/onlinehackingx,Please bhai follower <PERSON> please 🥺🥺🥺🥺,2023-12-21T16:16:03+00:00,,,
107633,onlinehackingx,https://t.me/onlinehackingx,Snap chat hake link send me,2023-12-21T15:14:31+00:00,,,
107441,onlinehackingx,https://t.me/onlinehackingx,Oooooooo,2023-12-21T14:44:07+00:00,,,
107303,onlinehackingx,https://t.me/onlinehackingx,<PERSON>,2023-12-21T14:31:16+00:00,,,
107301,onlinehackingx,https://t.me/onlinehackingx,Bolo sir,2023-12-21T14:31:11+00:00,,,
107285,onlinehackingx,https://t.me/onlinehackingx,😔,2023-12-21T14:30:17+00:00,,,
107284,onlinehackingx,https://t.me/onlinehackingx,Please give me 1 link facbook hacker,2023-12-21T14:30:09+00:00,,,
107273,onlinehackingx,https://t.me/onlinehackingx,All <PERSON>,2023-12-21T14:29:46+00:00,,,
107269,onlinehackingx,https://t.me/onlinehackingx,Hallo,2023-12-21T14:29:41+00:00,,,
107268,onlinehackingx,https://t.me/onlinehackingx,Hiii,2023-12-21T14:29:39+00:00,,,
107011,onlinehackingx,https://t.me/onlinehackingx,Start,2023-12-21T13:51:38+00:00,,,
106590,onlinehackingx,https://t.me/onlinehackingx,Hi,2023-12-21T11:17:58+00:00,,,
104693,onlinehackingx,https://t.me/onlinehackingx,<PERSON>,2023-12-20T23:52:41+00:00,,,👍: 1
104649,onlinehackingx,https://t.me/onlinehackingx,I need to hack one account,2023-12-20T20:00:41+00:00,,,
104647,onlinehackingx,https://t.me/onlinehackingx,I need telegram account hecking,2023-12-20T20:00:32+00:00,,,
104354,onlinehackingx,https://t.me/onlinehackingx,<PERSON> k pass hacking ke complete tutorial hai shoro sy,2023-12-20T17:02:27+00:00,,,
104122,onlinehackingx,https://t.me/onlinehackingx,Help admin,2023-12-20T16:07:26+00:00,,,
104121,onlinehackingx,https://t.me/onlinehackingx,Hii,2023-12-20T16:07:05+00:00,,,👍: 1
104107,onlinehackingx,https://t.me/onlinehackingx,Sorry,2023-12-20T16:01:44+00:00,,,
104090,onlinehackingx,https://t.me/onlinehackingx,S,2023-12-20T15:53:55+00:00,,,
104057,onlinehackingx,https://t.me/onlinehackingx,<PERSON> key bata do,2023-12-20T15:46:37+00:00,,,
104038,onlinehackingx,https://t.me/onlinehackingx,<PERSON> path ka use <PERSON>,2023-12-20T15:38:54+00:00,,,
104023,onlinehackingx,https://t.me/onlinehackingx,,2023-12-20T15:32:58+00:00,,,
104022,onlinehackingx,https://t.me/onlinehackingx,,2023-12-20T15:32:39+00:00,,,
104021,onlinehackingx,https://t.me/onlinehackingx,I think drugs,2023-12-20T15:32:04+00:00,,,😁: 1
104020,onlinehackingx,https://t.me/onlinehackingx,Don't know,2023-12-20T15:31:57+00:00,,,
104019,onlinehackingx,https://t.me/onlinehackingx,What is this,2023-12-20T15:31:41+00:00,,,
104018,onlinehackingx,https://t.me/onlinehackingx,Follow <PERSON> na ?,2023-12-20T15:31:32+00:00,,,
104017,onlinehackingx,https://t.me/onlinehackingx,<PERSON> bro,2023-12-20T15:31:21+00:00,,,
104015,onlinehackingx,https://t.me/onlinehackingx,Free fire hacking,2023-12-20T15:31:00+00:00,,,
104014,onlinehackingx,https://t.me/onlinehackingx,Yeah,2023-12-20T15:30:56+00:00,,,
104002,onlinehackingx,https://t.me/onlinehackingx,go tutorial,2023-12-20T15:29:56+00:00,,,
104000,onlinehackingx,https://t.me/onlinehackingx,Free,2023-12-20T15:29:33+00:00,,,
103999,onlinehackingx,https://t.me/onlinehackingx,Bro shh server needed any free ??,2023-12-20T15:29:05+00:00,,,
