id,Channel ID,URL,message,date,views,forwards,reactions
251,onlinehackingx,https://t.me/onlinehackingx,"Cobalt Strike 4.9 Licensed

c0565d03d5f6335311927c6f93f3f5689804da596e6734b1ac26bf4b12cc85ed

verify.cobaltstrike.com


What is Cobalt strike 👉 https://youtu.be/9BUxptcYZCk?si=CMrdCgbPJ8LI4jft",2023-12-22T08:45:31+00:00,69366.0,48.0,"👍: 65, ❤: 11, 🔥: 9, 🤔: 7, 🥰: 5, 🤯: 2, 😁: 1, 😱: 1"
198977,onlinehackingx,https://t.me/onlinehackingx,Hi,2024-01-23T16:05:04+00:00,,,
198264,onlinehackingx,https://t.me/onlinehackingx,Hi,2024-01-22T20:39:51+00:00,,,
172274,onlinehackingx,https://t.me/onlinehackingx,Sir email id ko recover Karne Bali link do,2024-01-06T12:15:04+00:00,,,
165018,onlinehackingx,https://t.me/onlinehackingx,Kisiko Instragram pasword heck karna. Aata he kya ............?,2024-01-03T14:56:20+00:00,,,
143009,onlinehackingx,https://t.me/onlinehackingx,How?,2023-12-28T17:51:35+00:00,,,
143007,onlinehackingx,https://t.me/onlinehackingx,How?,2023-12-28T17:51:31+00:00,,,
129075,onlinehackingx,https://t.me/onlinehackingx,Keylogger,2023-12-26T03:07:07+00:00,,,
129070,onlinehackingx,https://t.me/onlinehackingx,Please how to access wathsapp account just with IP,2023-12-26T03:06:04+00:00,,,
128793,onlinehackingx,https://t.me/onlinehackingx,How,2023-12-25T21:25:28+00:00,,,
128792,onlinehackingx,https://t.me/onlinehackingx,Please hack this number for me gays,2023-12-25T21:24:56+00:00,,,
128791,onlinehackingx,https://t.me/onlinehackingx,<PHONE_NUMBER>,2023-12-25T21:23:58+00:00,,,
128786,onlinehackingx,https://t.me/onlinehackingx,Okey,2023-12-25T21:15:56+00:00,,,
128783,onlinehackingx,https://t.me/onlinehackingx,I want to hack whatsapp help me,2023-12-25T20:47:59+00:00,,,
125283,onlinehackingx,https://t.me/onlinehackingx,Hack,2023-12-25T09:33:02+00:00,,,
117808,onlinehackingx,https://t.me/onlinehackingx,Hello,2023-12-23T20:45:18+00:00,,,
117623,onlinehackingx,https://t.me/onlinehackingx,Satart,2023-12-23T17:33:32+00:00,,,
117322,onlinehackingx,https://t.me/onlinehackingx,Plzz anyone tell me how to i hack another one wifi password,2023-12-23T16:09:16+00:00,,,
116219,onlinehackingx,https://t.me/onlinehackingx,Bro tab banavo me <PERSON> but <PERSON> he,2023-12-23T13:41:25+00:00,,,
116213,onlinehackingx,https://t.me/onlinehackingx,<PERSON> free fire ka phishing page <PERSON> please <PERSON>,2023-12-23T13:38:25+00:00,,,
115626,onlinehackingx,https://t.me/onlinehackingx,<PERSON>,2023-12-23T10:06:04+00:00,,,
114655,onlinehackingx,https://t.me/onlinehackingx,Text me bro,2023-12-23T06:19:37+00:00,,,👍: 1
114651,onlinehackingx,https://t.me/onlinehackingx,Craxrat,2023-12-23T06:19:06+00:00,,,
113562,onlinehackingx,https://t.me/onlinehackingx,I'd hack <PERSON> na <PERSON>,2023-12-23T02:39:56+00:00,,,
113509,onlinehackingx,https://t.me/onlinehackingx,"Username : 1
Password  : 1",2023-12-23T02:19:14+00:00,,,
112670,onlinehackingx,https://t.me/onlinehackingx,Yes sir,2023-12-22T16:27:15+00:00,,,
112669,onlinehackingx,https://t.me/onlinehackingx,S,2023-12-22T16:27:02+00:00,,,
112417,onlinehackingx,https://t.me/onlinehackingx,Yes,2023-12-22T15:46:18+00:00,,,
112416,onlinehackingx,https://t.me/onlinehackingx,<NRP> ahh nuvvu ?,2023-12-22T15:46:13+00:00,,,
111985,onlinehackingx,https://t.me/onlinehackingx,Its a backdoor for your device,2023-12-22T14:25:18+00:00,,,
111734,onlinehackingx,https://t.me/onlinehackingx,<PERSON> try to speak in English please,2023-12-22T13:24:54+00:00,,,
111449,onlinehackingx,https://t.me/onlinehackingx,@OnlineHackingX_Bot craxrat password,2023-12-22T11:43:35+00:00,,,
111443,onlinehackingx,https://t.me/onlinehackingx,<PERSON>,2023-12-22T11:40:28+00:00,,,
111439,onlinehackingx,https://t.me/onlinehackingx,<PERSON> question tha,2023-12-22T11:39:30+00:00,,,
111094,onlinehackingx,https://t.me/onlinehackingx,Same,2023-12-22T10:18:42+00:00,,,
111033,onlinehackingx,https://t.me/onlinehackingx,<NRP> 7.1ka login pass kya he,2023-12-22T10:12:14+00:00,,,👍: 1
110924,onlinehackingx,https://t.me/onlinehackingx,Sir <PERSON> 50 ya usse <PERSON> member add <PERSON> se <NRP> telegram <PERSON> 5 member hi add <PERSON> and <PERSON> script banate the ab o log <PERSON> sir app <PERSON> plz sir <PERSON> sir <PERSON>,2023-12-22T09:14:33+00:00,,,
110922,onlinehackingx,https://t.me/onlinehackingx,What is this maaa  <NRP> <PERSON>,2023-12-22T09:12:57+00:00,,,
110919,onlinehackingx,https://t.me/onlinehackingx,Sir ye I'd kyu hide <PERSON> sapne mere,2023-12-22T09:12:14+00:00,,,
110907,onlinehackingx,https://t.me/onlinehackingx,Ok,2023-12-22T09:09:52+00:00,,,
110902,onlinehackingx,https://t.me/onlinehackingx,WhatsApp ka script please,2023-12-22T09:08:21+00:00,,,
110901,onlinehackingx,https://t.me/onlinehackingx,Telegram walo ne per id 5 member <PERSON>,2023-12-22T09:08:00+00:00,,,
110899,onlinehackingx,https://t.me/onlinehackingx,Telegram memeber adding ka script <PERSON> plz,2023-12-22T09:07:43+00:00,,,
110898,onlinehackingx,https://t.me/onlinehackingx,Ok sir,2023-12-22T09:07:21+00:00,,,
110897,onlinehackingx,https://t.me/onlinehackingx,https://youtu.be/9BUxptcYZCk?si=CMrdCgbPJ8LI4jft,2023-12-22T09:06:35+00:00,,,
110896,onlinehackingx,https://t.me/onlinehackingx,What is this ??,2023-12-22T09:05:09+00:00,,,
110855,onlinehackingx,https://t.me/onlinehackingx,I don't know,2023-12-22T08:54:30+00:00,,,👍: 1
110853,onlinehackingx,https://t.me/onlinehackingx,What is this,2023-12-22T08:53:54+00:00,,,
110831,onlinehackingx,https://t.me/onlinehackingx,<PERSON>,2023-12-22T08:51:13+00:00,,,
110823,onlinehackingx,https://t.me/onlinehackingx,Hy,2023-12-22T08:49:25+00:00,,,
110817,onlinehackingx,https://t.me/onlinehackingx,Please subscribe gys,2023-12-22T08:46:23+00:00,,,
110814,onlinehackingx,https://t.me/onlinehackingx,Zna,2023-12-22T08:46:12+00:00,,,
