id,Channel ID,URL,message,date,views,forwards,reactions
257,onlinehackingx,https://t.me/onlinehackingx,🥳HAPPY NEW YEAR ALL MEMBERS🥳,2023-12-31T18:36:17+00:00,70585.0,12.0,"❤: 324, 👍: 51, 🥰: 32, 🔥: 25, 😭: 16, 😢: 13, 😎: 11, 😍: 10, 😁: 9, 😇: 9, 🥴: 7"
196993,onlinehackingx,https://t.me/onlinehackingx,Usse hack <PERSON>,2024-01-22T02:39:57+00:00,,,👍: 2
167483,onlinehackingx,https://t.me/onlinehackingx,Merko massage kro,2024-01-04T12:57:50+00:00,,,
166534,onlinehackingx,https://t.me/onlinehackingx,Same to you,2024-01-04T06:01:26+00:00,,,👍: 1
166054,onlinehackingx,https://t.me/onlinehackingx,Which type of help u want,2024-01-04T03:45:48+00:00,,,
165844,onlinehackingx,https://t.me/onlinehackingx,UQCGoiWVo14h9lUOFti0dVU2Tfgk_fH0yQd2F1R31VS7YBzG,2024-01-03T21:21:21+00:00,,,
165478,onlinehackingx,https://t.me/onlinehackingx,"🔥ᴘɪɴᴋ ᴄᴀʟʟ sᴘᴏᴏғɪɴɢ ᴠɪᴘ

ʟᴏᴄᴋᴇᴅ :- 
ʙᴀɴɢʟᴀᴅᴇsʜ 🇧🇩
ɪɴᴅɪᴀ <PERSON>sᴜᴘᴘᴏʀᴛ ᴄᴏᴜɴᴛʀᴇs 👇
ᴜɴɪᴛᴇᴅ <PERSON> 🇦🇪
sᴀᴜᴅɪ ᴀʀᴀʙɪᴀ  ᴜɴʟᴏᴄᴋᴇᴅ 🇸🇦
ᴘᴀᴋɪsᴛᴀɴ <PERSON> ᴜɴʟᴏᴄᴋᴇᴅ 🇳🇬
ɢᴇʀᴍᴀɴ ᴜɴʟᴏᴄᴋᴇᴅ 🇩🇪
ᴍᴇxɪᴄᴏ ᴜɴʟᴏᴄᴋᴇᴅ 🇲🇽
ᴄᴀɴᴀᴅᴀ ᴜɴʟᴏᴄᴋᴇᴅ <DATE_TIME>🇦
<PERSON>🇾
ᴜsᴀ ᴜɴʟᴏᴄᴋᴇᴅ 🇺🇸
ᴜᴋ ᴜɴʟᴏᴄᴋᴇᴅ 🇬🇧

ᴅᴍ ᴜs :- 𝐈𝐌ɽᷝ𝐚ᷟ𝐍──┼●
@Mr_Anonymous_Network",2024-01-03T16:48:48+00:00,,,
165473,onlinehackingx,https://t.me/onlinehackingx,camera hacking bot was not working,2024-01-03T16:46:54+00:00,,,
165472,onlinehackingx,https://t.me/onlinehackingx,Hii sir,2024-01-03T16:46:53+00:00,,,
164585,onlinehackingx,https://t.me/onlinehackingx,Eu já uso <PERSON>,2024-01-03T12:47:50+00:00,,,
164584,onlinehackingx,https://t.me/onlinehackingx,<PERSON>,2024-01-03T12:45:27+00:00,,,
164583,onlinehackingx,https://t.me/onlinehackingx,Bing image creator,2024-01-03T12:44:17+00:00,,,
164415,onlinehackingx,https://t.me/onlinehackingx,What it this ?,2024-01-03T11:29:53+00:00,,,
164414,onlinehackingx,https://t.me/onlinehackingx,,2024-01-03T11:29:47+00:00,,,
163321,onlinehackingx,https://t.me/onlinehackingx,<PERSON>,2024-01-03T06:52:42+00:00,,,
163316,onlinehackingx,https://t.me/onlinehackingx,<PERSON> sake is. <PERSON>,2024-01-03T06:51:47+00:00,,,
163313,onlinehackingx,https://t.me/onlinehackingx,Iss no. <PERSON>. <PERSON> do,2024-01-03T06:51:23+00:00,,,
163312,onlinehackingx,https://t.me/onlinehackingx,<PHONE_NUMBER>,2024-01-03T06:51:14+00:00,,,
163311,onlinehackingx,https://t.me/onlinehackingx,Bhai log ajjj mere <PERSON>,2024-01-03T06:51:06+00:00,,,
162393,onlinehackingx,https://t.me/onlinehackingx,hehe,2024-01-02T18:49:52+00:00,,,
162159,onlinehackingx,https://t.me/onlinehackingx,<PERSON> ga 😷❌,2024-01-02T16:56:24+00:00,,,
162158,onlinehackingx,https://t.me/onlinehackingx,Aise kuch nhi krenge bs attendance <PERSON>😃,2024-01-02T16:56:01+00:00,,,
162157,onlinehackingx,https://t.me/onlinehackingx,❌<PERSON> gnd fd dy gy 😷❌,2024-01-02T16:53:50+00:00,,,
162156,onlinehackingx,https://t.me/onlinehackingx,With source code,2024-01-02T16:52:16+00:00,,,👍: 2
162155,onlinehackingx,https://t.me/onlinehackingx,How to hack college erp,2024-01-02T16:52:01+00:00,,,"👍: 1, 😁: 1"
161383,onlinehackingx,https://t.me/onlinehackingx,Hi,2024-01-02T11:55:12+00:00,,,
161309,onlinehackingx,https://t.me/onlinehackingx,I em türkey,2024-01-02T10:55:46+00:00,,,
160462,onlinehackingx,https://t.me/onlinehackingx,Happy new year sir,2024-01-02T05:57:27+00:00,,,
160384,onlinehackingx,https://t.me/onlinehackingx,phishing link only 40 ru@pees,2024-01-02T05:01:05+00:00,,,
160364,onlinehackingx,https://t.me/onlinehackingx,Koi clash of clan game <PERSON> he kya,2024-01-02T04:48:31+00:00,,,
160228,onlinehackingx,https://t.me/onlinehackingx,,2024-01-02T02:10:13+00:00,,,
160222,onlinehackingx,https://t.me/onlinehackingx,Use Google link,2024-01-02T02:01:03+00:00,,,
160173,onlinehackingx,https://t.me/onlinehackingx,Why?,2024-01-01T21:55:47+00:00,,,👎: 1
159900,onlinehackingx,https://t.me/onlinehackingx,<PERSON> clan he ?,2024-01-01T18:19:07+00:00,,,
159701,onlinehackingx,https://t.me/onlinehackingx,Haaa,2024-01-01T17:20:12+00:00,,,
159691,onlinehackingx,https://t.me/onlinehackingx,Koi clash of clan game <PERSON> he kya,2024-01-01T17:17:13+00:00,,,
159521,onlinehackingx,https://t.me/onlinehackingx,Any hack to my girlfriend number help me,2024-01-01T16:35:56+00:00,,,
159254,onlinehackingx,https://t.me/onlinehackingx,Any hack to my girlfriend number help me,2024-01-01T15:36:54+00:00,,,👍: 1
158247,onlinehackingx,https://t.me/onlinehackingx,Camera hacking bot not working,2024-01-01T10:30:32+00:00,,,👎: 1
157834,onlinehackingx,https://t.me/onlinehackingx,💫,2024-01-01T08:59:48+00:00,,,
157833,onlinehackingx,https://t.me/onlinehackingx,💫,2024-01-01T08:59:48+00:00,,,
157832,onlinehackingx,https://t.me/onlinehackingx,💫,2024-01-01T08:59:47+00:00,,,
157831,onlinehackingx,https://t.me/onlinehackingx,💫,2024-01-01T08:59:47+00:00,,,
157830,onlinehackingx,https://t.me/onlinehackingx,💫,2024-01-01T08:59:47+00:00,,,
157829,onlinehackingx,https://t.me/onlinehackingx,💫,2024-01-01T08:59:47+00:00,,,
157828,onlinehackingx,https://t.me/onlinehackingx,💫,2024-01-01T08:59:46+00:00,,,
157827,onlinehackingx,https://t.me/onlinehackingx,💫,2024-01-01T08:59:46+00:00,,,
157826,onlinehackingx,https://t.me/onlinehackingx,💫,2024-01-01T08:59:46+00:00,,,
157825,onlinehackingx,https://t.me/onlinehackingx,💫,2024-01-01T08:59:46+00:00,,,
157824,onlinehackingx,https://t.me/onlinehackingx,💫,2024-01-01T08:59:46+00:00,,,
157823,onlinehackingx,https://t.me/onlinehackingx,💫,2024-01-01T08:59:45+00:00,,,
157822,onlinehackingx,https://t.me/onlinehackingx,💫,2024-01-01T08:59:45+00:00,,,
157821,onlinehackingx,https://t.me/onlinehackingx,💫,2024-01-01T08:59:44+00:00,,,
157820,onlinehackingx,https://t.me/onlinehackingx,💫,2024-01-01T08:59:43+00:00,,,
157687,onlinehackingx,https://t.me/onlinehackingx,,2024-01-01T08:23:58+00:00,,,👍: 1
157608,onlinehackingx,https://t.me/onlinehackingx,Don't trust this fellow,2024-01-01T08:10:39+00:00,,,
157605,onlinehackingx,https://t.me/onlinehackingx,Hee had taken my <PERSON>,2024-01-01T08:10:26+00:00,,,
157594,onlinehackingx,https://t.me/onlinehackingx,Broo he is <PERSON>,2024-01-01T08:10:01+00:00,,,
157592,onlinehackingx,https://t.me/onlinehackingx,Hello bro,2024-01-01T08:05:32+00:00,,,
157589,onlinehackingx,https://t.me/onlinehackingx,check my bio,2024-01-01T08:04:15+00:00,,,
157588,onlinehackingx,https://t.me/onlinehackingx,Hello guys,2024-01-01T08:04:14+00:00,,,
157512,onlinehackingx,https://t.me/onlinehackingx,Happy <DATE_TIME> 🎊🥂,2024-01-01T06:57:44+00:00,,,👍: 2
157016,onlinehackingx,https://t.me/onlinehackingx,Happy new year,2024-01-01T05:20:35+00:00,,,
156863,onlinehackingx,https://t.me/onlinehackingx,Mine to,2024-01-01T04:06:37+00:00,,,😢: 1
156858,onlinehackingx,https://t.me/onlinehackingx,<DATE_TIME> was w.o.r.s.t year of my life 😭,2024-01-01T04:03:54+00:00,,,
156832,onlinehackingx,https://t.me/onlinehackingx,Happy new year,2024-01-01T03:51:17+00:00,,,
156669,onlinehackingx,https://t.me/onlinehackingx,Happy New Year,2024-01-01T02:36:10+00:00,,,
156624,onlinehackingx,https://t.me/onlinehackingx,𝕆𝕜,2024-01-01T02:00:35+00:00,,,
156623,onlinehackingx,https://t.me/onlinehackingx,𝕆𝕜,2024-01-01T02:00:22+00:00,,,
156618,onlinehackingx,https://t.me/onlinehackingx,𝔸𝕝𝕝 𝕠𝕗 <NRP> 𝕙𝕒𝕡𝕡𝕪 <NRP> 𝕪𝕖𝕒𝕣,2024-01-01T01:47:28+00:00,,,
156617,onlinehackingx,https://t.me/onlinehackingx,मुझे हैकिंग <PERSON> मुझे सिखा सकता है क्या 😔😔,2024-01-01T01:47:20+00:00,,,
156611,onlinehackingx,https://t.me/onlinehackingx,Құтты болсын ешактар,2024-01-01T01:33:27+00:00,,,
156590,onlinehackingx,https://t.me/onlinehackingx,Happy new year 🎊<PERSON>,2024-01-01T00:34:29+00:00,,,
156583,onlinehackingx,https://t.me/onlinehackingx,Same to you,2024-01-01T00:28:45+00:00,,,
156582,onlinehackingx,https://t.me/onlinehackingx,Bro,2024-01-01T00:28:40+00:00,,,
156581,onlinehackingx,https://t.me/onlinehackingx,Tq,2024-01-01T00:28:34+00:00,,,
156546,onlinehackingx,https://t.me/onlinehackingx,Who can help,2023-12-31T22:39:20+00:00,,,
156545,onlinehackingx,https://t.me/onlinehackingx,I need help with hacking,2023-12-31T22:39:09+00:00,,,👍: 1
156543,onlinehackingx,https://t.me/onlinehackingx,H...n...y..,2023-12-31T22:20:50+00:00,,,
156531,onlinehackingx,https://t.me/onlinehackingx,"Happy New Year to you brother 

What is your surprise for us for the new year 🙏",2023-12-31T20:52:29+00:00,,,
156519,onlinehackingx,https://t.me/onlinehackingx,<PERSON>؟,2023-12-31T20:05:21+00:00,,,
156518,onlinehackingx,https://t.me/onlinehackingx,"<PERSON> happy New Year Mei

Sms spy auto hide app
Plz 🙏",2023-12-31T20:04:36+00:00,,,
156517,onlinehackingx,https://t.me/onlinehackingx,Same to you brother,2023-12-31T20:03:09+00:00,,,
156471,onlinehackingx,https://t.me/onlinehackingx,Ok,2023-12-31T19:34:05+00:00,,,
156468,onlinehackingx,https://t.me/onlinehackingx,Same to you ☺️,2023-12-31T19:24:28+00:00,,,
156457,onlinehackingx,https://t.me/onlinehackingx,Happy <DATE_TIME> guys,2023-12-31T19:15:14+00:00,,,
156455,onlinehackingx,https://t.me/onlinehackingx,happy new year to all,2023-12-31T19:14:23+00:00,,,
156453,onlinehackingx,https://t.me/onlinehackingx,Same to you🥳🥳,2023-12-31T19:10:53+00:00,,,
156442,onlinehackingx,https://t.me/onlinehackingx,I wish everyone's dreams come true and make their days happy <DATE_TIME>... N happy new year for everyone 🐙🥳,2023-12-31T18:59:24+00:00,,,🔥: 1
156422,onlinehackingx,https://t.me/onlinehackingx,Happy new <DATE_TIME> 🎉🎉<NRP>,2023-12-31T18:47:02+00:00,,,
156401,onlinehackingx,https://t.me/onlinehackingx,Happy new year,2023-12-31T18:44:32+00:00,,,
156369,onlinehackingx,https://t.me/onlinehackingx,Hy,2023-12-31T18:40:18+00:00,,,
156367,onlinehackingx,https://t.me/onlinehackingx,Hy,2023-12-31T18:39:58+00:00,,,
156366,onlinehackingx,https://t.me/onlinehackingx,Happy new year,2023-12-31T18:39:56+00:00,,,❤: 1
156364,onlinehackingx,https://t.me/onlinehackingx,Happy diwali 🎇,2023-12-31T18:39:44+00:00,,,
156360,onlinehackingx,https://t.me/onlinehackingx,12:12,2023-12-31T18:38:28+00:00,,,
156356,onlinehackingx,https://t.me/onlinehackingx,Happy new year all of you 🎊❣️,2023-12-31T18:37:49+00:00,,,
156355,onlinehackingx,https://t.me/onlinehackingx,All of you happy new year,2023-12-31T18:37:44+00:00,,,
156354,onlinehackingx,https://t.me/onlinehackingx,Same to you all,2023-12-31T18:37:42+00:00,,,
156352,onlinehackingx,https://t.me/onlinehackingx,Same to you,2023-12-31T18:37:26+00:00,,,
156350,onlinehackingx,https://t.me/onlinehackingx,❤️❤️❤️❤️,2023-12-31T18:37:14+00:00,,,
156349,onlinehackingx,https://t.me/onlinehackingx,Bhi log,2023-12-31T18:37:11+00:00,,,
156348,onlinehackingx,https://t.me/onlinehackingx,Same tooo u,2023-12-31T18:37:08+00:00,,,
156347,onlinehackingx,https://t.me/onlinehackingx,Happy new year all 💕🎉🥳,2023-12-31T18:37:01+00:00,,,
156346,onlinehackingx,https://t.me/onlinehackingx,Same to you,2023-12-31T18:36:59+00:00,,,
156345,onlinehackingx,https://t.me/onlinehackingx,Happy new <DATE_TIME>,2023-12-31T18:36:54+00:00,,,
156344,onlinehackingx,https://t.me/onlinehackingx,😢🥺😭,2023-12-31T18:36:50+00:00,,,
156343,onlinehackingx,https://t.me/onlinehackingx,Happy new Bhai,2023-12-31T18:36:49+00:00,,,
156342,onlinehackingx,https://t.me/onlinehackingx,Same to you,2023-12-31T18:36:48+00:00,,,
156341,onlinehackingx,https://t.me/onlinehackingx,Heppy new year bro,2023-12-31T18:36:34+00:00,,,❤: 1
