id,Channel ID,URL,message,date,views,forwards,reactions
252,onlinehackingx,https://t.me/onlinehackingx,Using <PERSON> to Spoof your MAC Address,2023-12-23T17:37:24+00:00,73635.0,62.0,"👍: 89, ❤: 13, 😱: 10, 🔥: 8, 😁: 5, 🤩: 2, 😈: 1"
271649,onlinehackingx,https://t.me/onlinehackingx,Awesome 👍,2024-05-18T12:54:12+00:00,,,
217588,onlinehackingx,https://t.me/onlinehackingx,Send me tool bro,2024-02-13T04:04:58+00:00,,,
125152,onlinehackingx,https://t.me/onlinehackingx,<PERSON>,2023-12-25T08:52:11+00:00,,,
125151,onlinehackingx,https://t.me/onlinehackingx,Free fire hack,2023-12-25T08:51:55+00:00,,,
124458,onlinehackingx,https://t.me/onlinehackingx,Bro phone <PERSON> opes <PERSON>,2023-12-25T06:41:10+00:00,,,
124250,onlinehackingx,https://t.me/onlinehackingx,Hi,2023-12-25T05:48:59+00:00,,,
123008,onlinehackingx,https://t.me/onlinehackingx,Can someone help me about what’s app hacking,2023-12-24T18:57:27+00:00,,,
122776,onlinehackingx,https://t.me/onlinehackingx,Start,2023-12-24T18:09:57+00:00,,,
122710,onlinehackingx,https://t.me/onlinehackingx,Hello,2023-12-24T18:01:44+00:00,,,
122318,onlinehackingx,https://t.me/onlinehackingx,Sar,2023-12-24T16:47:26+00:00,,,
122317,onlinehackingx,https://t.me/onlinehackingx,Hyy,2023-12-24T16:47:21+00:00,,,
121976,onlinehackingx,https://t.me/onlinehackingx,S,2023-12-24T16:09:51+00:00,,,
121967,onlinehackingx,https://t.me/onlinehackingx,How,2023-12-24T16:09:07+00:00,,,
121959,onlinehackingx,https://t.me/onlinehackingx,Start,2023-12-24T16:08:09+00:00,,,
121944,onlinehackingx,https://t.me/onlinehackingx,Kaise,2023-12-24T16:07:36+00:00,,,
120311,onlinehackingx,https://t.me/onlinehackingx,Reply please,2023-12-24T12:11:12+00:00,,,
120310,onlinehackingx,https://t.me/onlinehackingx,<PERSON>,2023-12-24T12:09:42+00:00,,,
120309,onlinehackingx,https://t.me/onlinehackingx,Hi mujhe call spoofing apk send kro,2023-12-24T12:09:32+00:00,,,
120301,onlinehackingx,https://t.me/onlinehackingx,Hello sir,2023-12-24T12:07:35+00:00,,,
119826,onlinehackingx,https://t.me/onlinehackingx,Hii😘,2023-12-24T09:55:54+00:00,,,
118791,onlinehackingx,https://t.me/onlinehackingx,Hi,2023-12-24T06:51:46+00:00,,,👍: 1
118575,onlinehackingx,https://t.me/onlinehackingx,M s g me,2023-12-24T05:50:33+00:00,,,
118498,onlinehackingx,https://t.me/onlinehackingx,Phishing use karo,2023-12-24T05:36:28+00:00,,,
118497,onlinehackingx,https://t.me/onlinehackingx,,2023-12-24T05:36:14+00:00,,,
118496,onlinehackingx,https://t.me/onlinehackingx,Hi,2023-12-24T05:35:58+00:00,,,
118353,onlinehackingx,https://t.me/onlinehackingx,Hlo,2023-12-24T04:42:59+00:00,,,
118248,onlinehackingx,https://t.me/onlinehackingx,Anybody's help,2023-12-24T03:51:57+00:00,,,
118247,onlinehackingx,https://t.me/onlinehackingx,Bro gmail backing tool needed bro,2023-12-24T03:51:41+00:00,,,
117847,onlinehackingx,https://t.me/onlinehackingx,<PERSON> replied,2023-12-24T01:30:37+00:00,,,
117834,onlinehackingx,https://t.me/onlinehackingx,Tg hack,2023-12-23T22:15:49+00:00,,,
117783,onlinehackingx,https://t.me/onlinehackingx,<PERSON> a join 6elam free fire I'd sell <PERSON> ami oi <PERSON> dea6e dea abar bol6a poysa deta <PERSON>,2023-12-23T19:25:46+00:00,,,
117782,onlinehackingx,https://t.me/onlinehackingx,<PERSON> log tomader kajthaka help lagba,2023-12-23T19:25:44+00:00,,,
117689,onlinehackingx,https://t.me/onlinehackingx,There is any tee broken issue fixed method bro ? Android,2023-12-23T18:53:32+00:00,,,
117674,onlinehackingx,https://t.me/onlinehackingx,"Any one can help, with ""camera hacking bot"" I'm having some kinds of problem that it isn't sending me snapshots that it takes while the one already gave camera access 💀 just why",2023-12-23T18:22:26+00:00,,,👍: 1
117649,onlinehackingx,https://t.me/onlinehackingx,ddnt know u could do this,2023-12-23T18:04:31+00:00,,,
117639,onlinehackingx,https://t.me/onlinehackingx,Hi,2023-12-23T17:49:53+00:00,,,
117628,onlinehackingx,https://t.me/onlinehackingx,send the full command,2023-12-23T17:41:01+00:00,,,
117627,onlinehackingx,https://t.me/onlinehackingx,💀,2023-12-23T17:40:35+00:00,,,
117625,onlinehackingx,https://t.me/onlinehackingx,i am know,2023-12-23T17:37:51+00:00,,,
