id,Channel ID,URL,message,date,views,forwards,reactions
260,onlinehackingx,https://t.me/onlinehackingx,"🐉Penetration Testing Tools for <PERSON>

🔹Enumeration Tools
🔹Password Cracking
🔹Web App Security
🔹Intercepting Proxies
🔹Privilege Escalation
🔹Network Exploitation
🔹<PERSON>
🔹Social Engineering
🔹Evasion",2024-01-09T20:34:49+00:00,67769.0,65.0,"❤: 83, 👍: 75, 🔥: 8, 🥰: 7, 🤔: 3, 😱: 3"
281446,onlinehackingx,https://t.me/onlinehackingx,Hlo,2024-06-14T08:33:03+00:00,,,👍: 1
280934,onlinehackingx,https://t.me/onlinehackingx,WhatsApp tools and commands do <PERSON>,2024-06-12T07:33:47+00:00,,,
280833,onlinehackingx,https://t.me/onlinehackingx,Yes,2024-06-11T18:27:12+00:00,,,
280830,onlinehackingx,https://t.me/onlinehackingx,Hello sir,2024-06-11T18:23:30+00:00,,,
280829,onlinehackingx,https://t.me/onlinehackingx,Bta do koi yrrr <PERSON>,2024-06-11T18:23:16+00:00,,,
264571,onlinehackingx,https://t.me/onlinehackingx,Kya help,2024-05-02T01:04:26+00:00,,,👍: 1
264570,onlinehackingx,https://t.me/onlinehackingx,<PERSON>,2024-05-02T01:04:19+00:00,,,👍: 1
264566,onlinehackingx,https://t.me/onlinehackingx,Hello guy's  i need  help,2024-05-01T21:35:29+00:00,,,👍: 1
254714,onlinehackingx,https://t.me/onlinehackingx,Pssword cracking,2024-04-08T06:59:57+00:00,,,👍: 1
249043,onlinehackingx,https://t.me/onlinehackingx,Bhai password cracking do,2024-03-27T15:35:39+00:00,,,
248748,onlinehackingx,https://t.me/onlinehackingx,Please broo,2024-03-26T11:22:24+00:00,,,
237060,onlinehackingx,https://t.me/onlinehackingx,<PERSON>,2024-03-06T16:56:45+00:00,,,
221562,onlinehackingx,https://t.me/onlinehackingx,I need,2024-02-19T09:20:05+00:00,,,
217586,onlinehackingx,https://t.me/onlinehackingx,Send me tool <PERSON>,2024-02-13T04:02:56+00:00,,,
196247,onlinehackingx,https://t.me/onlinehackingx,<PERSON> ye?,2024-01-21T13:05:35+00:00,,,
187251,onlinehackingx,https://t.me/onlinehackingx,locked pdf,2024-01-14T12:18:06+00:00,,,
187249,onlinehackingx,https://t.me/onlinehackingx,bypass please,2024-01-14T12:17:40+00:00,,,
186487,onlinehackingx,https://t.me/onlinehackingx,Did anyone know to track location?,2024-01-14T01:48:53+00:00,,,
186183,onlinehackingx,https://t.me/onlinehackingx,<PERSON> otaman,2024-01-13T16:12:08+00:00,,,
186182,onlinehackingx,https://t.me/onlinehackingx,Hazil,2024-01-13T16:11:55+00:00,,,
186181,onlinehackingx,https://t.me/onlinehackingx,<PERSON>😂,2024-01-13T16:11:48+00:00,,,
186180,onlinehackingx,https://t.me/onlinehackingx,Hey! 😉,2024-01-13T16:11:24+00:00,,,
186179,onlinehackingx,https://t.me/onlinehackingx,Hello bro why are laughing? 😁,2024-01-13T16:11:24+00:00,,,
186178,onlinehackingx,https://t.me/onlinehackingx,Hello! 😅,2024-01-13T16:08:06+00:00,,,
186177,onlinehackingx,https://t.me/onlinehackingx,Hello who can help me about hacking website passwords,2024-01-13T16:08:05+00:00,,,
185923,onlinehackingx,https://t.me/onlinehackingx,Do bhai <PERSON>,2024-01-13T13:17:48+00:00,,,
185919,onlinehackingx,https://t.me/onlinehackingx,<PERSON>,2024-01-13T13:15:54+00:00,,,
185912,onlinehackingx,https://t.me/onlinehackingx,<PERSON> please <PERSON> movie download <PERSON>,2024-01-13T13:12:07+00:00,,,
185094,onlinehackingx,https://t.me/onlinehackingx,Bhai password <PERSON>,2024-01-13T06:29:19+00:00,,,
185000,onlinehackingx,https://t.me/onlinehackingx,Hello! 😅,2024-01-13T04:47:05+00:00,,,
184999,onlinehackingx,https://t.me/onlinehackingx,Hello,2024-01-13T04:47:04+00:00,,,
184998,onlinehackingx,https://t.me/onlinehackingx,Hi there! 😊,2024-01-13T04:46:37+00:00,,,
184997,onlinehackingx,https://t.me/onlinehackingx,Hello,2024-01-13T04:46:37+00:00,,,
184265,onlinehackingx,https://t.me/onlinehackingx,Camera hack,2024-01-12T18:29:31+00:00,,,
184224,onlinehackingx,https://t.me/onlinehackingx,Hi,2024-01-12T18:01:45+00:00,,,
184113,onlinehackingx,https://t.me/onlinehackingx,Hiii,2024-01-12T16:47:00+00:00,,,
183979,onlinehackingx,https://t.me/onlinehackingx,And wifi hacking,2024-01-12T14:37:37+00:00,,,
183978,onlinehackingx,https://t.me/onlinehackingx,Network explotation,2024-01-12T14:37:19+00:00,,,
183714,onlinehackingx,https://t.me/onlinehackingx,Camera hacking bot,2024-01-12T13:14:19+00:00,,,
183070,onlinehackingx,https://t.me/onlinehackingx,This one,2024-01-12T07:07:34+00:00,,,
183065,onlinehackingx,https://t.me/onlinehackingx,Link pls,2024-01-12T07:02:27+00:00,,,
182929,onlinehackingx,https://t.me/onlinehackingx,ban it edit?,2024-01-12T05:46:32+00:00,,,
182767,onlinehackingx,https://t.me/onlinehackingx,<PERSON> account hack <PERSON> recover <PERSON>,2024-01-12T03:45:18+00:00,,,
182765,onlinehackingx,https://t.me/onlinehackingx,Red teammer,2024-01-12T03:44:56+00:00,,,
182764,onlinehackingx,https://t.me/onlinehackingx,Hii,2024-01-12T03:44:43+00:00,,,
182747,onlinehackingx,https://t.me/onlinehackingx,<PERSON>,2024-01-12T03:41:09+00:00,,,
182746,onlinehackingx,https://t.me/onlinehackingx,Account recover <PERSON>,2024-01-12T03:41:03+00:00,,,
182726,onlinehackingx,https://t.me/onlinehackingx,Hi there! 😊,2024-01-12T03:38:45+00:00,,,
182725,onlinehackingx,https://t.me/onlinehackingx,Hello,2024-01-12T03:38:44+00:00,,,
182724,onlinehackingx,https://t.me/onlinehackingx,Hii,2024-01-12T03:37:13+00:00,,,
182722,onlinehackingx,https://t.me/onlinehackingx,<PERSON>,2024-01-12T03:36:29+00:00,,,
182720,onlinehackingx,https://t.me/onlinehackingx,Mujhe password cracking sikhna hai,2024-01-12T03:36:03+00:00,,,
182718,onlinehackingx,https://t.me/onlinehackingx,Hey! 😉,2024-01-12T03:35:38+00:00,,,
182717,onlinehackingx,https://t.me/onlinehackingx,Hello,2024-01-12T03:35:37+00:00,,,
182692,onlinehackingx,https://t.me/onlinehackingx,Hi there! 😊,2024-01-12T02:53:45+00:00,,,
182691,onlinehackingx,https://t.me/onlinehackingx,Hello sir,2024-01-12T02:53:45+00:00,,,❤: 1
182689,onlinehackingx,https://t.me/onlinehackingx,"Password cracking bro , <PERSON>",2024-01-12T02:47:33+00:00,,,
182688,onlinehackingx,https://t.me/onlinehackingx,Hii,2024-01-12T02:42:46+00:00,,,
182683,onlinehackingx,https://t.me/onlinehackingx,Password cracking,2024-01-12T01:46:51+00:00,,,
182668,onlinehackingx,https://t.me/onlinehackingx,What is the,2024-01-11T22:38:17+00:00,,,
182538,onlinehackingx,https://t.me/onlinehackingx,Bro can you help me privacy,2024-01-11T18:18:18+00:00,,,
182140,onlinehackingx,https://t.me/onlinehackingx,Password cracking,2024-01-11T13:44:10+00:00,,,👍: 1
182072,onlinehackingx,https://t.me/onlinehackingx,Start,2024-01-11T12:50:05+00:00,,,
182067,onlinehackingx,https://t.me/onlinehackingx,Hlo bro,2024-01-11T12:24:29+00:00,,,
181962,onlinehackingx,https://t.me/onlinehackingx,Hi,2024-01-11T10:01:51+00:00,,,
181925,onlinehackingx,https://t.me/onlinehackingx,<PERSON> I'd WhatsApp chat <PERSON>,2024-01-11T09:11:19+00:00,,,
181602,onlinehackingx,https://t.me/onlinehackingx,Password crack,2024-01-11T06:24:00+00:00,,,
181570,onlinehackingx,https://t.me/onlinehackingx,Group link,2024-01-11T05:53:01+00:00,,,
181446,onlinehackingx,https://t.me/onlinehackingx,Hii,2024-01-11T04:53:55+00:00,,,
181357,onlinehackingx,https://t.me/onlinehackingx,Hi there! 😊,2024-01-11T03:09:42+00:00,,,
181356,onlinehackingx,https://t.me/onlinehackingx,Hello,2024-01-11T03:09:41+00:00,,,
181355,onlinehackingx,https://t.me/onlinehackingx,Hi,2024-01-11T03:09:36+00:00,,,
181323,onlinehackingx,https://t.me/onlinehackingx,Hi there! 😊,2024-01-11T02:14:45+00:00,,,👍: 1
181322,onlinehackingx,https://t.me/onlinehackingx,Hello,2024-01-11T02:14:45+00:00,,,
181276,onlinehackingx,https://t.me/onlinehackingx,not working bro:(,2024-01-11T00:25:15+00:00,,,
181270,onlinehackingx,https://t.me/onlinehackingx,not working,2024-01-11T00:22:17+00:00,,,
181258,onlinehackingx,https://t.me/onlinehackingx,pass plssssssss,2024-01-10T20:27:51+00:00,,,
181204,onlinehackingx,https://t.me/onlinehackingx,Link,2024-01-10T19:19:13+00:00,,,
180883,onlinehackingx,https://t.me/onlinehackingx,Link,2024-01-10T16:29:02+00:00,,,
180866,onlinehackingx,https://t.me/onlinehackingx,??,2024-01-10T16:14:38+00:00,,,
180865,onlinehackingx,https://t.me/onlinehackingx,Bro how can i get USA number for telegram,2024-01-10T16:14:36+00:00,,,
180466,onlinehackingx,https://t.me/onlinehackingx,Hii,2024-01-10T12:57:24+00:00,,,
180394,onlinehackingx,https://t.me/onlinehackingx,Bh,2024-01-10T11:25:48+00:00,,,
180215,onlinehackingx,https://t.me/onlinehackingx,Web whatsapp secret,2024-01-10T08:03:16+00:00,,,👍: 4
180133,onlinehackingx,https://t.me/onlinehackingx,Please,2024-01-10T06:26:33+00:00,,,👍: 2
180109,onlinehackingx,https://t.me/onlinehackingx,<PERSON> provide <PERSON> do saare,2024-01-10T05:40:42+00:00,,,
180073,onlinehackingx,https://t.me/onlinehackingx,places sir how can gallery hacking by <PERSON> tools and apps upload a videos,2024-01-10T04:48:37+00:00,,,
180067,onlinehackingx,https://t.me/onlinehackingx,Android hack <PERSON>,2024-01-10T04:30:10+00:00,,,🥰: 1
180066,onlinehackingx,https://t.me/onlinehackingx,WhatsApp hack <PERSON> scan <PERSON> or bage password <PERSON>,2024-01-10T04:29:16+00:00,,,👍: 2
180064,onlinehackingx,https://t.me/onlinehackingx,WhatsApp hack <PERSON>,2024-01-10T04:28:35+00:00,,,
180063,onlinehackingx,https://t.me/onlinehackingx,Please start this telegram bot,2024-01-10T04:27:55+00:00,,,
180025,onlinehackingx,https://t.me/onlinehackingx,Nice,2024-01-10T03:56:22+00:00,,,
179974,onlinehackingx,https://t.me/onlinehackingx,ha bhai password cracking <PERSON> lawo do plz,2024-01-10T01:44:25+00:00,,,👍: 5
179973,onlinehackingx,https://t.me/onlinehackingx,Bhai password cracking <PERSON> bhai 🙏🙏🥺🥺,2024-01-10T01:35:11+00:00,,,👍: 6
179925,onlinehackingx,https://t.me/onlinehackingx,Is it possible to hack a website made with WordPress?,2024-01-09T21:05:24+00:00,,,👍: 8
179913,onlinehackingx,https://t.me/onlinehackingx,Help me sir <PERSON>,2024-01-09T20:49:57+00:00,,,
179911,onlinehackingx,https://t.me/onlinehackingx,.........?,2024-01-09T20:39:05+00:00,,,
179908,onlinehackingx,https://t.me/onlinehackingx,Link,2024-01-09T20:35:44+00:00,,,
179907,onlinehackingx,https://t.me/onlinehackingx,?????????,2024-01-09T20:35:42+00:00,,,👍: 1
179906,onlinehackingx,https://t.me/onlinehackingx,Does anyone have a shortcode?,2024-01-09T20:35:38+00:00,,,
