id,Channel ID,URL,message,date,views,forwards,reactions
274,onlinehackingx,https://t.me/onlinehackingx,"✳️ How to <PERSON> – Sqlmap Full Tutorial in Depth – SQL Injection ✳️


🌀 In this article, we will look at different types of <NRP> commands that can be useful while using different SQL injection scenarios. <PERSON>. The <NRP> tool can be found in every checkbox toolbox. It is one of the most well-known and powerful tools when it comes to exploiting the vulnerability of SQL injections, which itself is at the top of OWASP's top 10 risk list. 🌀  

☣️ Test a Website for SQL Injection Vulnerability

☢️ Overview :

         ◽️ Crawl
         ◽️ Techniques
         ◽️ Batch
         ◽️ Risk
         ◽️ Level
         ◽️ Threads
         ◽️ Enumeration DBS
         <NRP> HEADERS
         <PERSON>
         ◽️ COOKIE
         ◽️ More...... 


⭕️ Link :- https://wwu.onlinehacking.org/how-to-use-sqlmap-tutorials-sql-injection


<PERSON>♥️  Telegram Channel - @OnlineHackingX ♥️
<PERSON>",2024-01-31T10:19:47+00:00,69508.0,168.0,"👍: 95, ❤: 14, 🔥: 11, 😭: 11, 🤔: 8, 😈: 4, 🤯: 2"
268275,onlinehackingx,https://t.me/onlinehackingx,???,2024-05-08T13:10:20+00:00,,,
268271,onlinehackingx,https://t.me/onlinehackingx,Hii,2024-05-08T12:24:11+00:00,,,
231230,onlinehackingx,https://t.me/onlinehackingx,Mmmmmmmmmmsssssssssssssssssssssssssssssssssssssssssssss,2024-02-29T16:54:02+00:00,,,
221128,onlinehackingx,https://t.me/onlinehackingx,@CameraHackingXBot this bot please open🥺,2024-02-18T12:24:41+00:00,,,
219657,onlinehackingx,https://t.me/onlinehackingx,Mmmmmsssssgggg kr bhai,2024-02-16T18:06:20+00:00,,,
219652,onlinehackingx,https://t.me/onlinehackingx,Dog rat,2024-02-16T17:41:51+00:00,,,
219620,onlinehackingx,https://t.me/onlinehackingx,Hotspot hake,2024-02-16T15:33:49+00:00,,,
219612,onlinehackingx,https://t.me/onlinehackingx,Yes,2024-02-16T15:24:12+00:00,,,👍: 1
219566,onlinehackingx,https://t.me/onlinehackingx,Bluetooth hacking,2024-02-16T14:45:38+00:00,,,
219493,onlinehackingx,https://t.me/onlinehackingx,Please do this,2024-02-16T10:34:14+00:00,,,
219492,onlinehackingx,https://t.me/onlinehackingx,,2024-02-16T10:34:07+00:00,,,
219491,onlinehackingx,https://t.me/onlinehackingx,,2024-02-16T10:34:07+00:00,,,
219490,onlinehackingx,https://t.me/onlinehackingx,He haressment me,2024-02-16T10:34:00+00:00,,,
219489,onlinehackingx,https://t.me/onlinehackingx,Hey everyone please vanish this account,2024-02-16T10:33:48+00:00,,,
219480,onlinehackingx,https://t.me/onlinehackingx,Can I use internet if government ban internet perticular area,2024-02-16T09:52:58+00:00,,,
219370,onlinehackingx,https://t.me/onlinehackingx,Yes,2024-02-16T02:58:02+00:00,,,❤: 1
219323,onlinehackingx,https://t.me/onlinehackingx,<PERSON>,2024-02-15T19:00:01+00:00,,,
219322,onlinehackingx,https://t.me/onlinehackingx,Hmm,2024-02-15T18:59:41+00:00,,,
218666,onlinehackingx,https://t.me/onlinehackingx,Help plese,2024-02-14T21:55:09+00:00,,,
218580,onlinehackingx,https://t.me/onlinehackingx,📱📱,2024-02-14T16:53:22+00:00,,,
218410,onlinehackingx,https://t.me/onlinehackingx,Noice,2024-02-14T12:36:07+00:00,,,
218399,onlinehackingx,https://t.me/onlinehackingx,<PERSON> report,2024-02-14T11:49:16+00:00,,,👍: 1
218398,onlinehackingx,https://t.me/onlinehackingx,<PERSON> banned,2024-02-14T11:49:11+00:00,,,👍: 1
217818,onlinehackingx,https://t.me/onlinehackingx,<PERSON> uska channal banned larva salte ho ??,2024-02-13T14:36:20+00:00,,,
217106,onlinehackingx,https://t.me/onlinehackingx,Phone camera heck,2024-02-12T05:44:42+00:00,,,
216084,onlinehackingx,https://t.me/onlinehackingx,How to unban your WhatsApp account,2024-02-10T18:32:57+00:00,,,
214298,onlinehackingx,https://t.me/onlinehackingx,Hey I am not sure if you can send me the 100 and the nun and the nun is <PERSON> to riksha and you can send it to you and you can send me kya search <PERSON>,2024-02-08T05:45:48+00:00,,,
214297,onlinehackingx,https://t.me/onlinehackingx,Hello sir,2024-02-08T05:45:19+00:00,,,
213704,onlinehackingx,https://t.me/onlinehackingx,Yes,2024-02-07T07:40:19+00:00,,,
213690,onlinehackingx,https://t.me/onlinehackingx,1,2024-02-07T06:23:54+00:00,,,
213369,onlinehackingx,https://t.me/onlinehackingx,Yes,2024-02-06T16:48:16+00:00,,,
213368,onlinehackingx,https://t.me/onlinehackingx,Hacking,2024-02-06T16:47:30+00:00,,,
213100,onlinehackingx,https://t.me/onlinehackingx,This is Dograt and i want to edit this...  How i can ?,2024-02-06T08:32:37+00:00,,,
212717,onlinehackingx,https://t.me/onlinehackingx,What,2024-02-05T12:45:41+00:00,,,
211993,onlinehackingx,https://t.me/onlinehackingx,WhatsApp <PERSON>,2024-02-04T14:09:49+00:00,,,
211466,onlinehackingx,https://t.me/onlinehackingx,Sms free learning,2024-02-04T00:44:35+00:00,,,
211183,onlinehackingx,https://t.me/onlinehackingx,Why is the camera bot not working? How to use <NRP> if it doesn't work?,2024-02-03T14:28:44+00:00,,,👍: 2
210902,onlinehackingx,https://t.me/onlinehackingx,<PERSON> h sir,2024-02-03T11:30:55+00:00,,,
210385,onlinehackingx,https://t.me/onlinehackingx,<PERSON>,2024-02-03T02:56:18+00:00,,,
209493,onlinehackingx,https://t.me/onlinehackingx,<PERSON>..<PERSON> telegram <PERSON> profile <PERSON> ta ta profile pic change <PERSON> hath <PERSON> veer <PERSON>,2024-02-02T04:20:06+00:00,,,❤: 1
208248,onlinehackingx,https://t.me/onlinehackingx,@OnlineHackingX_Bot Please help me to hack any colour prediction game please <PERSON>,2024-02-01T09:35:09+00:00,,,👍: 1
208136,onlinehackingx,https://t.me/onlinehackingx,Inst,2024-02-01T07:49:28+00:00,,,
206899,onlinehackingx,https://t.me/onlinehackingx,Free unlimited redeem code hack please mere se <PERSON> mat mangna <PERSON>,2024-01-31T14:26:00+00:00,,,👍: 2
