id,Channel ID,URL,message,date,views,forwards,reactions
256,onlinehackingx,https://t.me/onlinehackingx,"SMTP Smuggling - Spoofing E-Mails Worldwide . Very cool, and detailed research. In short, thanks to message smoothing, it allows you to send a message on behalf of any mail server user, bypassing filters.

https://sec-consult.com/blog/detail/smtp-smuggling-spoofing-e-mails-worldwide/

#initial #fishing #pentest #redteam",2023-12-28T11:05:35+00:00,74504.0,41.0,"👍: 43, ❤: 11, 🔥: 4"
277615,onlinehackingx,https://t.me/onlinehackingx,Email spoofing tool <PERSON> crate,2024-06-02T01:32:03+00:00,,,
189629,onlinehackingx,https://t.me/onlinehackingx,Please give me camra HACKING BOT,2024-01-16T06:18:37+00:00,,,
174114,onlinehackingx,https://t.me/onlinehackingx,Sir <NRP> group lo pettadhi sir please sir,2024-01-07T09:43:48+00:00,,,
165942,onlinehackingx,https://t.me/onlinehackingx,<PERSON> phone ka camera se photo <PERSON> to kaise le link bhej <PERSON> please <PERSON> do,2024-01-04T02:17:04+00:00,,,
164668,onlinehackingx,https://t.me/onlinehackingx,hi admin am facing difficulties using clipper made by you please contact me,2024-01-03T13:18:50+00:00,,,
156840,onlinehackingx,https://t.me/onlinehackingx,<PERSON>,2024-01-01T03:56:53+00:00,,,
156839,onlinehackingx,https://t.me/onlinehackingx,<PERSON> bomber Ki link dedo,2024-01-01T03:55:12+00:00,,,
156332,onlinehackingx,https://t.me/onlinehackingx,Plz,2023-12-31T18:22:58+00:00,,,
156331,onlinehackingx,https://t.me/onlinehackingx,Guys Jake Flow Kar Do,2023-12-31T18:22:53+00:00,,,
155421,onlinehackingx,https://t.me/onlinehackingx,<PERSON>,2023-12-31T14:47:51+00:00,,,
155417,onlinehackingx,https://t.me/onlinehackingx,<PERSON> hacker <PERSON>,2023-12-31T14:47:20+00:00,,,
155413,onlinehackingx,https://t.me/onlinehackingx,Waah bade tejasvi log jain,2023-12-31T14:46:45+00:00,,,
155409,onlinehackingx,https://t.me/onlinehackingx,"<PERSON> ,, <PERSON> 💋",2023-12-31T14:46:23+00:00,,,
155337,onlinehackingx,https://t.me/onlinehackingx,Is there anyone hacking here in Bangladesh?,2023-12-31T14:32:48+00:00,,,
154562,onlinehackingx,https://t.me/onlinehackingx,Bd ?,2023-12-31T11:15:39+00:00,,,
154555,onlinehackingx,https://t.me/onlinehackingx,<PHONE_NUMBER> = Can anyone find out the location  of this number place,2023-12-31T11:15:11+00:00,,,
154030,onlinehackingx,https://t.me/onlinehackingx,Haking,2023-12-31T08:58:06+00:00,,,
152974,onlinehackingx,https://t.me/onlinehackingx,Start,2023-12-31T03:00:25+00:00,,,
152450,onlinehackingx,https://t.me/onlinehackingx,Hake,2023-12-30T19:12:46+00:00,,,
148179,onlinehackingx,https://t.me/onlinehackingx,Free fire hacking tricks <PERSON>😊❤️,2023-12-30T03:25:55+00:00,,,
148177,onlinehackingx,https://t.me/onlinehackingx,Start,2023-12-30T03:25:17+00:00,,,
147771,onlinehackingx,https://t.me/onlinehackingx,"All Anime full episodes in <NRP>
<PERSON>",2023-12-29T17:49:29+00:00,,,
145858,onlinehackingx,https://t.me/onlinehackingx,Hii,2023-12-29T13:46:29+00:00,,,
144924,onlinehackingx,https://t.me/onlinehackingx,Start,2023-12-29T08:55:32+00:00,,,
144904,onlinehackingx,https://t.me/onlinehackingx,Email account hack link,2023-12-29T08:31:32+00:00,,,
143609,onlinehackingx,https://t.me/onlinehackingx,He,2023-12-29T01:58:22+00:00,,,
143608,onlinehackingx,https://t.me/onlinehackingx,<PERSON>,2023-12-29T01:58:19+00:00,,,
143607,onlinehackingx,https://t.me/onlinehackingx,<PERSON>,2023-12-29T01:58:15+00:00,,,
143606,onlinehackingx,https://t.me/onlinehackingx,Nhi,2023-12-29T01:58:12+00:00,,,
143605,onlinehackingx,https://t.me/onlinehackingx,<PERSON>,2023-12-29T01:58:09+00:00,,,
143604,onlinehackingx,https://t.me/onlinehackingx,<PERSON>,2023-12-29T01:58:05+00:00,,,
143603,onlinehackingx,https://t.me/onlinehackingx,Bhai,2023-12-29T01:57:59+00:00,,,
142671,onlinehackingx,https://t.me/onlinehackingx,"<PHONE_NUMBER>



The number is <NRP> You can hack it",2023-12-28T17:35:14+00:00,,,👎: 4
142553,onlinehackingx,https://t.me/onlinehackingx,الان زبان فارسی رو متوجه میشید؟,2023-12-28T17:25:02+00:00,,,
142418,onlinehackingx,https://t.me/onlinehackingx,ای بابا,2023-12-28T17:15:59+00:00,,,
142394,onlinehackingx,https://t.me/onlinehackingx,<PERSON>,2023-12-28T17:14:47+00:00,,,
141582,onlinehackingx,https://t.me/onlinehackingx,Bro how to bypass gmail password and 2step verification bro????,2023-12-28T14:46:52+00:00,,,
141581,onlinehackingx,https://t.me/onlinehackingx,Bro how to bypass gmail password and 2step verification bro????,2023-12-28T14:46:47+00:00,,,
140839,onlinehackingx,https://t.me/onlinehackingx,Start,2023-12-28T12:54:28+00:00,,,
140469,onlinehackingx,https://t.me/onlinehackingx,Wait kro me upload <PERSON>,2023-12-28T11:34:34+00:00,,,"😍: 1, 🍾: 1"
140454,onlinehackingx,https://t.me/onlinehackingx,Use loader to bypass authentication,2023-12-28T11:30:02+00:00,,,
