id,Channel ID,URL,message,date,views,forwards,reactions
258,onlinehackingx,https://t.me/onlinehackingx,"Control Your Android device Using IP Address Wireless 

I am compressor this video and video quality low",2024-01-04T14:29:02+00:00,66282.0,532.0,"👍: 171, ❤: 51, 😱: 41, 🔥: 24, 🥰: 10, 😁: 10, 🤯: 8, 🥴: 7, 😢: 6, 😇: 4, 😐: 3"
283354,onlinehackingx,https://t.me/onlinehackingx,Metasploit,2024-06-20T02:26:06+00:00,,,
283342,onlinehackingx,https://t.me/onlinehackingx,Whats tool your are using in <NRP> linux ???,2024-06-19T23:41:19+00:00,,,👍: 1
281521,onlinehackingx,https://t.me/onlinehackingx,?,2024-06-14T14:30:39+00:00,,,
274412,onlinehackingx,https://t.me/onlinehackingx,Plz,2024-05-25T13:41:01+00:00,,,
274410,onlinehackingx,https://t.me/onlinehackingx,Sir <PERSON> made <PERSON> mod apk,2024-05-25T13:40:51+00:00,,,
262116,onlinehackingx,https://t.me/onlinehackingx,Where is tool?,2024-04-26T23:33:21+00:00,,,👍: 4
259450,onlinehackingx,https://t.me/onlinehackingx,Sir help me pilz 🙏,2024-04-17T16:45:04+00:00,,,
255421,onlinehackingx,https://t.me/onlinehackingx,How,2024-04-10T05:09:11+00:00,,,
255415,onlinehackingx,https://t.me/onlinehackingx,I need a mobile number last location,2024-04-10T05:06:59+00:00,,,👍: 1
255413,onlinehackingx,https://t.me/onlinehackingx,Hi,2024-04-10T05:06:20+00:00,,,
255077,onlinehackingx,https://t.me/onlinehackingx,Can any one help me,2024-04-08T22:09:42+00:00,,,👍: 2
244385,onlinehackingx,https://t.me/onlinehackingx,<PERSON> ha bhai ss bejo dekha,2024-03-17T17:32:13+00:00,,,
244384,onlinehackingx,https://t.me/onlinehackingx,Bro ye run ni ho rha Virtual machine me in n,2024-03-17T17:27:49+00:00,,,
215757,onlinehackingx,https://t.me/onlinehackingx,i am need tool,2024-02-10T13:43:37+00:00,,,👍: 1
206893,onlinehackingx,https://t.me/onlinehackingx,Bro don't work it,2024-01-31T14:19:03+00:00,,,
206892,onlinehackingx,https://t.me/onlinehackingx,Bro don't work it,2024-01-31T14:18:53+00:00,,,
195265,onlinehackingx,https://t.me/onlinehackingx,Please give full video,2024-01-20T14:26:00+00:00,,,
192609,onlinehackingx,https://t.me/onlinehackingx,And what is the link to download this one,2024-01-18T05:58:40+00:00,,,👍: 2
192608,onlinehackingx,https://t.me/onlinehackingx,Let me know,2024-01-18T05:58:14+00:00,,,👍: 2
192607,onlinehackingx,https://t.me/onlinehackingx,What is the tool name,2024-01-18T05:58:10+00:00,,,👍: 2
188018,onlinehackingx,https://t.me/onlinehackingx,What's about ghost in kali,2024-01-15T04:38:10+00:00,,,
186475,onlinehackingx,https://t.me/onlinehackingx,When will you publish it?,2024-01-13T22:38:43+00:00,,,
183287,onlinehackingx,https://t.me/onlinehackingx,How bro,2024-01-12T10:24:25+00:00,,,
183282,onlinehackingx,https://t.me/onlinehackingx,Not working,2024-01-12T10:22:35+00:00,,,
182682,onlinehackingx,https://t.me/onlinehackingx,Can you tell me bro,2024-01-12T01:42:06+00:00,,,
181933,onlinehackingx,https://t.me/onlinehackingx,<PERSON>,2024-01-11T09:14:17+00:00,,,
181927,onlinehackingx,https://t.me/onlinehackingx,<PERSON> ph m jasa <PERSON> chalava <PERSON> sb mara phone m <PERSON> live ho sakta h aasa bro ky,2024-01-11T09:13:16+00:00,,,👍: 1
181250,onlinehackingx,https://t.me/onlinehackingx,if wirless debugging not turned on than ?!!!,2024-01-10T20:09:39+00:00,,,
179959,onlinehackingx,https://t.me/onlinehackingx,Its awesome😉,2024-01-09T22:00:55+00:00,,,👍: 1
179958,onlinehackingx,https://t.me/onlinehackingx,Contact me,2024-01-09T22:00:39+00:00,,,👍: 1
179957,onlinehackingx,https://t.me/onlinehackingx,I will tell p.r.i.c.e,2024-01-09T22:00:32+00:00,,,👍: 1
179947,onlinehackingx,https://t.me/onlinehackingx,I have craxs rat,2024-01-09T21:58:38+00:00,,,
179945,onlinehackingx,https://t.me/onlinehackingx,Kodu nerden <PERSON>,2024-01-09T21:17:31+00:00,,,
179944,onlinehackingx,https://t.me/onlinehackingx,"<PERSON> karpawgi
<PERSON> WiFi connect karke 🥲",2024-01-09T21:15:34+00:00,,,👍: 1
179243,onlinehackingx,https://t.me/onlinehackingx,i need gmail hack,2024-01-09T14:59:52+00:00,,,
177827,onlinehackingx,https://t.me/onlinehackingx,8 ball pool ka hack chaiyea,2024-01-09T04:55:20+00:00,,,
177704,onlinehackingx,https://t.me/onlinehackingx,.,2024-01-08T22:26:47+00:00,,,
177701,onlinehackingx,https://t.me/onlinehackingx,Can you tell me?,2024-01-08T22:24:01+00:00,,,
177699,onlinehackingx,https://t.me/onlinehackingx,What?,2024-01-08T22:23:54+00:00,,,
177693,onlinehackingx,https://t.me/onlinehackingx,Adb,2024-01-08T22:17:18+00:00,,,
177691,onlinehackingx,https://t.me/onlinehackingx,Which app?,2024-01-08T22:11:12+00:00,,,
176849,onlinehackingx,https://t.me/onlinehackingx,Yeah,2024-01-08T16:02:35+00:00,,,
176706,onlinehackingx,https://t.me/onlinehackingx,Can you teach me about this link?,2024-01-08T15:12:01+00:00,,,
176545,onlinehackingx,https://t.me/onlinehackingx,Call bomber php bro do plz,2024-01-08T12:52:18+00:00,,,
175986,onlinehackingx,https://t.me/onlinehackingx,Hi,2024-01-08T04:24:56+00:00,,,
175959,onlinehackingx,https://t.me/onlinehackingx,It needs to connect with same sifi network,2024-01-08T04:07:41+00:00,,,
175917,onlinehackingx,https://t.me/onlinehackingx,"bro its not a bot , its a method to control android via adb (android debbug bridge ) it cab be used to hack various devices",2024-01-07T23:33:21+00:00,,,👍: 2
175915,onlinehackingx,https://t.me/onlinehackingx,How do I use the bot? Please answer my question,2024-01-07T22:06:33+00:00,,,
175495,onlinehackingx,https://t.me/onlinehackingx,😂😂😂😂,2024-01-07T16:32:49+00:00,,,
175494,onlinehackingx,https://t.me/onlinehackingx,<PERSON>,2024-01-07T16:32:33+00:00,,,
175493,onlinehackingx,https://t.me/onlinehackingx,uske <PERSON> build option on <PERSON> or adv ki help se hi hoga jo only laptop <PERSON> use <PERSON>,2024-01-07T16:31:57+00:00,,,
175479,onlinehackingx,https://t.me/onlinehackingx,How to hack someones camera,2024-01-07T16:22:51+00:00,,,
175478,onlinehackingx,https://t.me/onlinehackingx,Asslamoalaikum,2024-01-07T16:22:39+00:00,,,
175351,onlinehackingx,https://t.me/onlinehackingx,"What the name of this tool, how to make and the step",2024-01-07T15:41:20+00:00,,,
175339,onlinehackingx,https://t.me/onlinehackingx,Kya hum yah Mobile main <PERSON> sakty hain?,2024-01-07T15:28:20+00:00,,,
175338,onlinehackingx,https://t.me/onlinehackingx,Or kitni dair eski Access rahti hy,2024-01-07T15:28:00+00:00,,,
175337,onlinehackingx,https://t.me/onlinehackingx,Hi All yah hacking kysy <PERSON>,2024-01-07T15:27:34+00:00,,,
174932,onlinehackingx,https://t.me/onlinehackingx,Yes,2024-01-07T13:49:30+00:00,,,
174782,onlinehackingx,https://t.me/onlinehackingx,Cmd,2024-01-07T13:13:59+00:00,,,
174781,onlinehackingx,https://t.me/onlinehackingx,<PERSON> terminal,2024-01-07T13:11:23+00:00,,,
174751,onlinehackingx,https://t.me/onlinehackingx,aint that simply usin sum protocol?,2024-01-07T12:36:02+00:00,,,
174735,onlinehackingx,https://t.me/onlinehackingx,supported on <PERSON>?,2024-01-07T12:26:28+00:00,,,
174720,onlinehackingx,https://t.me/onlinehackingx,<PERSON>,2024-01-07T12:11:59+00:00,,,
174719,onlinehackingx,https://t.me/onlinehackingx,Camera hack kise ki photo kah pr aati h  vo link bajn,2024-01-07T12:11:26+00:00,,,👍: 1
174717,onlinehackingx,https://t.me/onlinehackingx,Tool name GitHub link,2024-01-07T12:06:05+00:00,,,
174110,onlinehackingx,https://t.me/onlinehackingx,Sir <NRP> group pettadhi sir please sir,2024-01-07T09:42:54+00:00,,,
173984,onlinehackingx,https://t.me/onlinehackingx,Command <PERSON>,2024-01-07T08:02:20+00:00,,,
173968,onlinehackingx,https://t.me/onlinehackingx,Tool please,2024-01-07T07:57:14+00:00,,,
173967,onlinehackingx,https://t.me/onlinehackingx,O level <PERSON>,2024-01-07T07:56:48+00:00,,,
172667,onlinehackingx,https://t.me/onlinehackingx,Tool name <PERSON>,2024-01-06T15:57:22+00:00,,,
172664,onlinehackingx,https://t.me/onlinehackingx,<PERSON>,2024-01-06T15:50:29+00:00,,,
172663,onlinehackingx,https://t.me/onlinehackingx,Uska camera permission off <PERSON>,2024-01-06T15:47:59+00:00,,,
172661,onlinehackingx,https://t.me/onlinehackingx,Camera hack k link baj diye tha pr koi pic ni aari uski,2024-01-06T15:46:08+00:00,,,
172423,onlinehackingx,https://t.me/onlinehackingx,?,2024-01-06T14:25:49+00:00,,,
172421,onlinehackingx,https://t.me/onlinehackingx,How to solve it,2024-01-06T14:25:45+00:00,,,
172420,onlinehackingx,https://t.me/onlinehackingx,Bot work nhi kr rha,2024-01-06T14:25:38+00:00,,,
172370,onlinehackingx,https://t.me/onlinehackingx,"'2-step verification' was active for my Google account. Now that I don't have the access to my mobile number that I used for the verification process, and also don't have the back up codes, how can I access my account?",2024-01-06T13:18:42+00:00,,,
171472,onlinehackingx,https://t.me/onlinehackingx,Tool,2024-01-06T02:47:15+00:00,,,
171462,onlinehackingx,https://t.me/onlinehackingx,Tool,2024-01-06T01:18:53+00:00,,,
171325,onlinehackingx,https://t.me/onlinehackingx,There is a <NRP> here,2024-01-05T21:23:37+00:00,,,
170539,onlinehackingx,https://t.me/onlinehackingx,What code?,2024-01-05T15:14:42+00:00,,,
170538,onlinehackingx,https://t.me/onlinehackingx,It still doesnt work,2024-01-05T15:14:39+00:00,,,
170493,onlinehackingx,https://t.me/onlinehackingx,Bhai camera hacking bot kaise milega ☝️,2024-01-05T14:38:12+00:00,,,
170427,onlinehackingx,https://t.me/onlinehackingx,Code ?,2024-01-05T14:16:03+00:00,,,
170305,onlinehackingx,https://t.me/onlinehackingx,So what do i do?,2024-01-05T13:28:36+00:00,,,
170303,onlinehackingx,https://t.me/onlinehackingx,Yeah konsa bot <PERSON>,2024-01-05T13:28:15+00:00,,,
170294,onlinehackingx,https://t.me/onlinehackingx,Ill send photo,2024-01-05T13:27:02+00:00,,,
170289,onlinehackingx,https://t.me/onlinehackingx,<PERSON>...,2024-01-05T13:26:21+00:00,,,
170287,onlinehackingx,https://t.me/onlinehackingx,Also camera hacking bot doesnt work 😕,2024-01-05T13:25:57+00:00,,,
170267,onlinehackingx,https://t.me/onlinehackingx,Send in pv,2024-01-05T13:16:35+00:00,,,
170264,onlinehackingx,https://t.me/onlinehackingx,Pls wallapaper,2024-01-05T13:13:15+00:00,,,
170091,onlinehackingx,https://t.me/onlinehackingx,It's fully fake,2024-01-05T11:09:57+00:00,,,
169931,onlinehackingx,https://t.me/onlinehackingx,it's fake,2024-01-05T09:33:56+00:00,,,
169929,onlinehackingx,https://t.me/onlinehackingx,fake,2024-01-05T09:33:48+00:00,,,
169668,onlinehackingx,https://t.me/onlinehackingx,"H
Good link <PERSON>",2024-01-05T06:22:25+00:00,,,
169667,onlinehackingx,https://t.me/onlinehackingx,Bhai camera hacking bot kaam nhi kr rha,2024-01-05T06:19:22+00:00,,,
169481,onlinehackingx,https://t.me/onlinehackingx,Yes,2024-01-05T05:38:55+00:00,,,
169478,onlinehackingx,https://t.me/onlinehackingx,He is using rooted android,2024-01-05T05:25:54+00:00,,,
169469,onlinehackingx,https://t.me/onlinehackingx,😂 rooted,2024-01-05T05:24:52+00:00,,,
169467,onlinehackingx,https://t.me/onlinehackingx,Microsoft app se <PERSON>,2024-01-05T05:24:19+00:00,,,
169462,onlinehackingx,https://t.me/onlinehackingx,<PERSON> aaya,2024-01-05T05:23:30+00:00,,,
169455,onlinehackingx,https://t.me/onlinehackingx,Koi bhe phone ka <PERSON>,2024-01-05T05:21:34+00:00,,,
168751,onlinehackingx,https://t.me/onlinehackingx,Hi kya koi muze rat sikha <PERSON> h,2024-01-05T01:44:16+00:00,,,
168725,onlinehackingx,https://t.me/onlinehackingx,"Okay,,,, It’s a pity that the camera function doesn’t work with an iPhone <PERSON>",2024-01-04T23:36:04+00:00,,,
168724,onlinehackingx,https://t.me/onlinehackingx,‼️Under construction ‼️,2024-01-04T23:33:49+00:00,,,👍: 1
168723,onlinehackingx,https://t.me/onlinehackingx,Doesn’t work either,2024-01-04T23:26:36+00:00,,,
168717,onlinehackingx,https://t.me/onlinehackingx,Bro how Can i Support you,2024-01-04T23:06:50+00:00,,,
168715,onlinehackingx,https://t.me/onlinehackingx,Koi cloud seller pata h ?,2024-01-04T23:03:51+00:00,,,
168714,onlinehackingx,https://t.me/onlinehackingx,Yes,2024-01-04T23:03:32+00:00,,,
168712,onlinehackingx,https://t.me/onlinehackingx,Bro,2024-01-04T22:57:36+00:00,,,
168711,onlinehackingx,https://t.me/onlinehackingx,<PERSON>,2024-01-04T22:55:55+00:00,,,
168710,onlinehackingx,https://t.me/onlinehackingx,Ok its work,2024-01-04T22:55:51+00:00,,,
168708,onlinehackingx,https://t.me/onlinehackingx,Check now,2024-01-04T22:54:22+00:00,,,👍: 1
168706,onlinehackingx,https://t.me/onlinehackingx,Ok wait I check,2024-01-04T22:51:49+00:00,,,👍: 1
168705,onlinehackingx,https://t.me/onlinehackingx,This,2024-01-04T22:49:07+00:00,,,
168704,onlinehackingx,https://t.me/onlinehackingx,,2024-01-04T22:48:42+00:00,,,
168703,onlinehackingx,https://t.me/onlinehackingx,Bot name?,2024-01-04T22:47:17+00:00,,,
168695,onlinehackingx,https://t.me/onlinehackingx,Bots down,2024-01-04T22:44:55+00:00,,,
168647,onlinehackingx,https://t.me/onlinehackingx,All the bot are Down please repair this bot <PERSON>,2024-01-04T20:04:16+00:00,,,
168616,onlinehackingx,https://t.me/onlinehackingx,<PERSON> dikhkhat,2024-01-04T19:43:47+00:00,,,
168528,onlinehackingx,https://t.me/onlinehackingx,i cant give root permissions 😎,2024-01-04T18:56:39+00:00,,,
168519,onlinehackingx,https://t.me/onlinehackingx,mat bhej ye sab,2024-01-04T18:44:20+00:00,,,
168517,onlinehackingx,https://t.me/onlinehackingx,Wireless debugging device connect method,2024-01-04T18:43:26+00:00,,,
168467,onlinehackingx,https://t.me/onlinehackingx,It's a fake video 😒,2024-01-04T18:06:37+00:00,,,
168464,onlinehackingx,https://t.me/onlinehackingx,Anyone tell me which software is using in this video,2024-01-04T18:02:50+00:00,,,
168463,onlinehackingx,https://t.me/onlinehackingx,?,2024-01-04T18:02:24+00:00,,,
168452,onlinehackingx,https://t.me/onlinehackingx,Please,2024-01-04T17:59:48+00:00,,,
168451,onlinehackingx,https://t.me/onlinehackingx,Hey! 😉,2024-01-04T17:59:23+00:00,,,
168450,onlinehackingx,https://t.me/onlinehackingx,Hello Sir help me my phone is lost please help me my phone tracking,2024-01-04T17:59:22+00:00,,,
168409,onlinehackingx,https://t.me/onlinehackingx,setup video,2024-01-04T17:41:50+00:00,,,
168404,onlinehackingx,https://t.me/onlinehackingx,<PERSON> skta ye laptop <PERSON> ?,2024-01-04T17:39:48+00:00,,,
168243,onlinehackingx,https://t.me/onlinehackingx,<PERSON> reply,2024-01-04T17:01:40+00:00,,,
168195,onlinehackingx,https://t.me/onlinehackingx,<PERSON>,2024-01-04T16:44:39+00:00,,,
168119,onlinehackingx,https://t.me/onlinehackingx,"Heloo 
Can any one help me how to coonect wifi adapter to termux",2024-01-04T16:36:41+00:00,,,
168079,onlinehackingx,https://t.me/onlinehackingx,Hack,2024-01-04T16:31:44+00:00,,,
168070,onlinehackingx,https://t.me/onlinehackingx,Btao user id,2024-01-04T16:30:56+00:00,,,
168040,onlinehackingx,https://t.me/onlinehackingx,Bro it's just screen mirroring in Google home don't be fool,2024-01-04T16:18:52+00:00,,,
167975,onlinehackingx,https://t.me/onlinehackingx,Hp,2024-01-04T15:54:26+00:00,,,
167935,onlinehackingx,https://t.me/onlinehackingx,iPad no gras 90fps id safe,2024-01-04T15:39:42+00:00,,,
167929,onlinehackingx,https://t.me/onlinehackingx,<PERSON>,2024-01-04T15:36:57+00:00,,,
167928,onlinehackingx,https://t.me/onlinehackingx,Bgmi hack,2024-01-04T15:34:55+00:00,,,
167909,onlinehackingx,https://t.me/onlinehackingx,Humko,2024-01-04T15:23:30+00:00,,,
167908,onlinehackingx,https://t.me/onlinehackingx,Ek I'd de rhe h,2024-01-04T15:22:53+00:00,,,
167906,onlinehackingx,https://t.me/onlinehackingx,Chahiye,2024-01-04T15:22:40+00:00,,,
167905,onlinehackingx,https://t.me/onlinehackingx,Password,2024-01-04T15:22:32+00:00,,,
167904,onlinehackingx,https://t.me/onlinehackingx,I'd,2024-01-04T15:22:15+00:00,,,
167901,onlinehackingx,https://t.me/onlinehackingx,Hii,2024-01-04T15:21:19+00:00,,,
167900,onlinehackingx,https://t.me/onlinehackingx,Tutorial?,2024-01-04T15:21:02+00:00,,,👍: 2
167876,onlinehackingx,https://t.me/onlinehackingx,<PERSON> pas <PERSON> ha free main,2024-01-04T15:12:43+00:00,,,
167859,onlinehackingx,https://t.me/onlinehackingx,<PERSON> username not found,2024-01-04T15:02:47+00:00,,,
167846,onlinehackingx,https://t.me/onlinehackingx,In red LAN?,2024-01-04T14:59:42+00:00,,,
167844,onlinehackingx,https://t.me/onlinehackingx,In  <PERSON>,2024-01-04T14:59:29+00:00,,,
167843,onlinehackingx,https://t.me/onlinehackingx,<PERSON>,2024-01-04T14:59:08+00:00,,,
167841,onlinehackingx,https://t.me/onlinehackingx,Hack,2024-01-04T14:59:03+00:00,,,
167839,onlinehackingx,https://t.me/onlinehackingx,Id,2024-01-04T14:58:53+00:00,,,
167837,onlinehackingx,https://t.me/onlinehackingx,Hi,2024-01-04T14:58:33+00:00,,,
167828,onlinehackingx,https://t.me/onlinehackingx,It is just adb tools,2024-01-04T14:55:44+00:00,,,
167814,onlinehackingx,https://t.me/onlinehackingx,@admins,2024-01-04T14:50:17+00:00,,,
167813,onlinehackingx,https://t.me/onlinehackingx,Link doesn't work vro,2024-01-04T14:50:11+00:00,,,
167806,onlinehackingx,https://t.me/onlinehackingx,How to control on mobile,2024-01-04T14:48:34+00:00,,,
167780,onlinehackingx,https://t.me/onlinehackingx,Usb debugging means ?,2024-01-04T14:44:01+00:00,,,
167779,onlinehackingx,https://t.me/onlinehackingx,How to track lost mobile by disabling find my device,2024-01-04T14:43:08+00:00,,,
167772,onlinehackingx,https://t.me/onlinehackingx,HOW IS link,2024-01-04T14:41:12+00:00,,,
167768,onlinehackingx,https://t.me/onlinehackingx,is it free ?,2024-01-04T14:40:26+00:00,,,
167760,onlinehackingx,https://t.me/onlinehackingx,Link is not working,2024-01-04T14:39:20+00:00,,,
167747,onlinehackingx,https://t.me/onlinehackingx,Okay,2024-01-04T14:37:14+00:00,,,
167746,onlinehackingx,https://t.me/onlinehackingx,Its only work for rooted device and also <PERSON> debugging must be on,2024-01-04T14:36:53+00:00,,,
167743,onlinehackingx,https://t.me/onlinehackingx,Where is tool,2024-01-04T14:36:14+00:00,,,
167733,onlinehackingx,https://t.me/onlinehackingx,Link is not working,2024-01-04T14:33:31+00:00,,,
167730,onlinehackingx,https://t.me/onlinehackingx,Bro drop DDOs tool,2024-01-04T14:33:15+00:00,,,👍: 3
167729,onlinehackingx,https://t.me/onlinehackingx,Only root me kaam <PERSON> to btao,2024-01-04T14:33:11+00:00,,,👍: 4
167728,onlinehackingx,https://t.me/onlinehackingx,Can you contact me ? I need a question,2024-01-04T14:32:34+00:00,,,
167726,onlinehackingx,https://t.me/onlinehackingx,How to control on mobile,2024-01-04T14:32:18+00:00,,,
