id,Channel ID,URL,message,date,views,forwards,reactions
264,onlinehackingx,https://t.me/onlinehackingx,"@ONLINEHACKINGX

<PERSON> 𝐇ᴀᴄᴋ <PERSON>, 𝐅ᴀᴄᴇʙᴏᴏᴋ, 𝐓ᴡɪᴛᴛᴇʀ 𝐎ʀ 𝐀ɴʏ 𝐒ᴏᴄɪᴀʟ 𝐌ᴇᴅɪᴀ 𝐀ᴄᴄᴏᴜɴᴛs.

<PERSON> 𝐓ᴏ <PERSON> 𝐌ᴇᴅɪᴀ <PERSON> 𝐖ʜᴀᴛ <PERSON> 𝐈ɴ 𝐓ʜɪs 𝐓ᴜᴛᴏʀɪᴀʟ 𝐕ɪᴅᴇᴏ❓

 - 𝐈ᴘ 𝐎ғ 𝐕ɪᴄᴛɪᴍ✅
 - 𝐔sᴇʀɴᴀᴍᴇ 𝐎ғ 𝐕ɪᴄᴛɪᴍ (𝐆ғ)✅
 - 𝐏ᴀssᴡᴏʀᴅ 𝐎ғ 𝐕ɪᴄᴛɪᴍ (𝐆ғ)✅
 - 33 𝐒ᴏᴄɪᴀʟ 𝐌ᴇᴅɪᴀ 𝐇ᴀᴄᴋɪɴɢ✅
 - 𝐒ᴏᴍᴇ  𝐊ɴᴏᴡʟᴇᴅɢᴇ 𝐎ғ 𝐓ᴇʀᴍᴜx✅
 - 𝐇ᴏᴡ 𝐇ᴀᴄᴋɪɴɢ <PERSON>✅
 - @ONLINEHACKINGX✅",2024-01-17T07:55:19+00:00,68430.0,985.0,"👍: 175, 🔥: 40, ❤: 34, 🤔: 18, 🥴: 17, 😱: 4, 😁: 2, 😍: 2, 😈: 2, 😭: 2"
280316,onlinehackingx,https://t.me/onlinehackingx,Use RAT,2024-06-10T06:05:23+00:00,,,👍: 1
280315,onlinehackingx,https://t.me/onlinehackingx,Tell me how can I spy my frnd account?,2024-06-10T06:02:12+00:00,,,👍: 1
279133,onlinehackingx,https://t.me/onlinehackingx,How can I download termux,2024-06-06T10:16:32+00:00,,,👍: 1
279131,onlinehackingx,https://t.me/onlinehackingx,I need link,2024-06-06T10:15:41+00:00,,,👍: 1
277255,onlinehackingx,https://t.me/onlinehackingx,Gd,2024-05-31T17:59:40+00:00,,,
265931,onlinehackingx,https://t.me/onlinehackingx,file extension spoofer,2024-05-03T18:30:18+00:00,,,
265896,onlinehackingx,https://t.me/onlinehackingx,Ok,2024-05-03T17:58:22+00:00,,,
265892,onlinehackingx,https://t.me/onlinehackingx,Where,2024-05-03T17:56:42+00:00,,,
265890,onlinehackingx,https://t.me/onlinehackingx,I need bruteforce can anyone help me on this,2024-05-03T17:55:50+00:00,,,
265889,onlinehackingx,https://t.me/onlinehackingx,This was phising,2024-05-03T17:55:32+00:00,,,
262408,onlinehackingx,https://t.me/onlinehackingx,Send me page link,2024-04-28T01:22:43+00:00,,,
258164,onlinehackingx,https://t.me/onlinehackingx,Isko udha do,2024-04-15T04:30:56+00:00,,,
258163,onlinehackingx,https://t.me/onlinehackingx,fake_20kk,2024-04-15T04:30:45+00:00,,,
258158,onlinehackingx,https://t.me/onlinehackingx,<NRP> bhai 🤣,2024-04-15T04:20:01+00:00,,,
258155,onlinehackingx,https://t.me/onlinehackingx,For you,2024-04-15T04:16:54+00:00,,,👍: 1
258150,onlinehackingx,https://t.me/onlinehackingx,Please make video warning freee,2024-04-15T04:06:37+00:00,,,
258149,onlinehackingx,https://t.me/onlinehackingx,It's showing warning nobody going through,2024-04-15T04:06:00+00:00,,,
257274,onlinehackingx,https://t.me/onlinehackingx,Pass victim,2024-04-13T13:07:34+00:00,,,
257272,onlinehackingx,https://t.me/onlinehackingx,Victim,2024-04-13T13:07:23+00:00,,,👍: 1
257270,onlinehackingx,https://t.me/onlinehackingx,Victim,2024-04-13T13:07:00+00:00,,,
255410,onlinehackingx,https://t.me/onlinehackingx,Bro give me hydra full tutorial,2024-04-10T04:04:39+00:00,,,
252226,onlinehackingx,https://t.me/onlinehackingx,Do,2024-04-02T02:45:56+00:00,,,
252225,onlinehackingx,https://t.me/onlinehackingx,Bot,2024-04-02T02:45:54+00:00,,,
248002,onlinehackingx,https://t.me/onlinehackingx,Hello,2024-03-24T16:43:43+00:00,,,
247457,onlinehackingx,https://t.me/onlinehackingx,Bhai,2024-03-23T12:05:00+00:00,,,
247404,onlinehackingx,https://t.me/onlinehackingx,Open hi nhi <PERSON> video,2024-03-23T09:33:39+00:00,,,
247082,onlinehackingx,https://t.me/onlinehackingx,Its not working,2024-03-22T11:32:38+00:00,,,
247081,onlinehackingx,https://t.me/onlinehackingx,Which termux should i download please help,2024-03-22T11:32:30+00:00,,,
246343,onlinehackingx,https://t.me/onlinehackingx,Koi ha <PERSON> teach kerda,2024-03-21T11:20:34+00:00,,,
246342,onlinehackingx,https://t.me/onlinehackingx,<PERSON> ethical hacking learn kerna ha through termux,2024-03-21T11:20:25+00:00,,,
245542,onlinehackingx,https://t.me/onlinehackingx,Hlo,2024-03-19T21:46:15+00:00,,,
245541,onlinehackingx,https://t.me/onlinehackingx,Hi,2024-03-19T21:29:13+00:00,,,
245511,onlinehackingx,https://t.me/onlinehackingx,Yes,2024-03-19T17:05:54+00:00,,,
245510,onlinehackingx,https://t.me/onlinehackingx,Can anyone help please,2024-03-19T17:02:23+00:00,,,
245509,onlinehackingx,https://t.me/onlinehackingx,"<PERSON> try <PERSON> 
But <PERSON>",2024-03-19T17:01:56+00:00,,,
245294,onlinehackingx,https://t.me/onlinehackingx,insttaa account,2024-03-19T08:44:50+00:00,,,
245291,onlinehackingx,https://t.me/onlinehackingx,can someone help in hacking a cybber buly guy ?i can show proofs,2024-03-19T08:44:34+00:00,,,👍: 1
245290,onlinehackingx,https://t.me/onlinehackingx,hi,2024-03-19T08:44:16+00:00,,,
245159,onlinehackingx,https://t.me/onlinehackingx,Kese,2024-03-19T05:29:21+00:00,,,
244792,onlinehackingx,https://t.me/onlinehackingx,Bruteforce se <PERSON> skte h koi bta do bhai,2024-03-18T14:00:07+00:00,,,
244418,onlinehackingx,https://t.me/onlinehackingx,Can anyone help please,2024-03-17T19:32:55+00:00,,,
244095,onlinehackingx,https://t.me/onlinehackingx,Password,2024-03-17T11:37:22+00:00,,,
244093,onlinehackingx,https://t.me/onlinehackingx,<PERSON>,2024-03-17T11:37:20+00:00,,,
244091,onlinehackingx,https://t.me/onlinehackingx,Bro use <PERSON>,2024-03-17T11:36:56+00:00,,,
244090,onlinehackingx,https://t.me/onlinehackingx,Need password,2024-03-17T11:35:15+00:00,,,👍: 1
243643,onlinehackingx,https://t.me/onlinehackingx,<PERSON> id hack,2024-03-17T06:13:50+00:00,,,
243641,onlinehackingx,https://t.me/onlinehackingx,I need this,2024-03-17T06:13:12+00:00,,,
243640,onlinehackingx,https://t.me/onlinehackingx,Pass deso,2024-03-17T06:12:58+00:00,,,
243639,onlinehackingx,https://t.me/onlinehackingx,Hi,2024-03-17T06:12:53+00:00,,,
243536,onlinehackingx,https://t.me/onlinehackingx,Hii,2024-03-16T20:04:09+00:00,,,
241998,onlinehackingx,https://t.me/onlinehackingx,Noo brother I have snapchat password taskinshaik15 this account,2024-03-16T06:14:54+00:00,,,
241997,onlinehackingx,https://t.me/onlinehackingx,Can you hack for me?,2024-03-16T06:14:02+00:00,,,
241990,onlinehackingx,https://t.me/onlinehackingx,"Hello brother
I have a snapchat password hack",2024-03-16T06:00:19+00:00,,,
241806,onlinehackingx,https://t.me/onlinehackingx,Hii,2024-03-15T20:53:01+00:00,,,
240588,onlinehackingx,https://t.me/onlinehackingx,Why dear bro?,2024-03-14T08:59:04+00:00,,,
240587,onlinehackingx,https://t.me/onlinehackingx,Hack <PERSON>,2024-03-14T08:54:01+00:00,,,🤔: 3
240532,onlinehackingx,https://t.me/onlinehackingx,There are many termux,2024-03-14T07:15:47+00:00,,,
240531,onlinehackingx,https://t.me/onlinehackingx,Which termux I should download from Fdroid,2024-03-14T07:15:37+00:00,,,
235148,onlinehackingx,https://t.me/onlinehackingx,doesn't have to be your gf,2024-03-03T22:19:27+00:00,,,
229494,onlinehackingx,https://t.me/onlinehackingx,How,2024-02-28T16:06:00+00:00,,,
229493,onlinehackingx,https://t.me/onlinehackingx,Hoe,2024-02-28T16:05:55+00:00,,,
226077,onlinehackingx,https://t.me/onlinehackingx,Not downloading,2024-02-25T07:08:07+00:00,,,
221704,onlinehackingx,https://t.me/onlinehackingx,Normal hai phishing,2024-02-19T13:26:55+00:00,,,
220055,onlinehackingx,https://t.me/onlinehackingx,Any one pls help,2024-02-17T13:37:45+00:00,,,
220053,onlinehackingx,https://t.me/onlinehackingx,Bro my face book account reback,2024-02-17T13:37:37+00:00,,,
219481,onlinehackingx,https://t.me/onlinehackingx,Can I use internet if government block internet in perticular area,2024-02-16T09:56:33+00:00,,,
218211,onlinehackingx,https://t.me/onlinehackingx,<PERSON> do,2024-02-14T04:16:27+00:00,,,
212959,onlinehackingx,https://t.me/onlinehackingx,Netflix hack karneka koi video <PERSON>?,2024-02-05T18:51:33+00:00,,,
212958,onlinehackingx,https://t.me/onlinehackingx,Hii,2024-02-05T18:51:24+00:00,,,
208279,onlinehackingx,https://t.me/onlinehackingx,Apk moding zip pasward send me,2024-02-01T10:18:05+00:00,,,
208274,onlinehackingx,https://t.me/onlinehackingx,No password just download and play,2024-02-01T10:13:34+00:00,,,👍: 1
208220,onlinehackingx,https://t.me/onlinehackingx,<PERSON>,2024-02-01T08:52:55+00:00,,,
208047,onlinehackingx,https://t.me/onlinehackingx,Yes I need it 🙏,2024-02-01T04:48:41+00:00,,,
206623,onlinehackingx,https://t.me/onlinehackingx,Both,2024-01-31T07:40:21+00:00,,,👍: 1
201984,onlinehackingx,https://t.me/onlinehackingx,Hi,2024-01-26T10:08:45+00:00,,,
200118,onlinehackingx,https://t.me/onlinehackingx,Can u give me?,2024-01-24T18:14:22+00:00,,,
199526,onlinehackingx,https://t.me/onlinehackingx,Hi,2024-01-24T10:23:00+00:00,,,
199524,onlinehackingx,https://t.me/onlinehackingx,No,2024-01-24T10:11:23+00:00,,,
199200,onlinehackingx,https://t.me/onlinehackingx,Isko use <PERSON>,2024-01-23T18:37:41+00:00,,,👍: 1
199197,onlinehackingx,https://t.me/onlinehackingx,Telegram account will be hacked??,2024-01-23T18:35:26+00:00,,,👍: 1
198465,onlinehackingx,https://t.me/onlinehackingx,Instragram password hack <PERSON> please massage,2024-01-23T06:33:02+00:00,,,
198464,onlinehackingx,https://t.me/onlinehackingx,Instragram password hack,2024-01-23T06:31:00+00:00,,,👍: 4
198322,onlinehackingx,https://t.me/onlinehackingx,Video,2024-01-23T00:51:23+00:00,,,
198079,onlinehackingx,https://t.me/onlinehackingx,termux to Hacking,2024-01-22T17:01:30+00:00,,,
198078,onlinehackingx,https://t.me/onlinehackingx,Wifi. Hacking tools,2024-01-22T17:01:15+00:00,,,
197991,onlinehackingx,https://t.me/onlinehackingx,Yes,2024-01-22T15:24:40+00:00,,,
197967,onlinehackingx,https://t.me/onlinehackingx,Hyy,2024-01-22T14:25:21+00:00,,,
197912,onlinehackingx,https://t.me/onlinehackingx,Hyy,2024-01-22T14:12:02+00:00,,,
197407,onlinehackingx,https://t.me/onlinehackingx,Not working,2024-01-22T12:41:11+00:00,,,
197398,onlinehackingx,https://t.me/onlinehackingx,@ViralAiBot,2024-01-22T12:31:56+00:00,,,
197397,onlinehackingx,https://t.me/onlinehackingx,U have?,2024-01-22T12:31:00+00:00,,,
197269,onlinehackingx,https://t.me/onlinehackingx,Hi,2024-01-22T09:55:21+00:00,,,
196779,onlinehackingx,https://t.me/onlinehackingx,Join fast,2024-01-21T16:51:08+00:00,,,👍: 1
196468,onlinehackingx,https://t.me/onlinehackingx,<PERSON>,2024-01-21T14:26:19+00:00,,,
196467,onlinehackingx,https://t.me/onlinehackingx,<PERSON>,2024-01-21T14:26:07+00:00,,,
196275,onlinehackingx,https://t.me/onlinehackingx,Teach me bro,2024-01-21T13:16:53+00:00,,,👍: 2
196103,onlinehackingx,https://t.me/onlinehackingx,<PERSON> isse,2024-01-21T08:17:26+00:00,,,
196032,onlinehackingx,https://t.me/onlinehackingx,How,2024-01-21T05:53:11+00:00,,,
196026,onlinehackingx,https://t.me/onlinehackingx,Hi,2024-01-21T05:39:35+00:00,,,
196018,onlinehackingx,https://t.me/onlinehackingx,Hi,2024-01-21T05:34:43+00:00,,,
195896,onlinehackingx,https://t.me/onlinehackingx,A jao,2024-01-21T03:04:59+00:00,,,
195895,onlinehackingx,https://t.me/onlinehackingx,M <PERSON>,2024-01-21T03:04:53+00:00,,,
195887,onlinehackingx,https://t.me/onlinehackingx,How to do phishing,2024-01-21T02:55:06+00:00,,,
195607,onlinehackingx,https://t.me/onlinehackingx,Reply,2024-01-20T18:36:56+00:00,,,
195606,onlinehackingx,https://t.me/onlinehackingx,How to instgram password hack I need help me,2024-01-20T18:36:03+00:00,,,
195050,onlinehackingx,https://t.me/onlinehackingx,Report @MissRose_bot,2024-01-20T10:07:11+00:00,,,
195042,onlinehackingx,https://t.me/onlinehackingx,<PERSON> massage kro Bhai...,2024-01-20T10:01:00+00:00,,,
195018,onlinehackingx,https://t.me/onlinehackingx,Luxury Shield 12.8.9 is ka password <PERSON> file data ho or password <PERSON> data,2024-01-20T09:32:03+00:00,,,😢: 1
194831,onlinehackingx,https://t.me/onlinehackingx,I need it,2024-01-20T07:14:45+00:00,,,
194830,onlinehackingx,https://t.me/onlinehackingx,I need hacking ji,2024-01-20T07:14:38+00:00,,,
194411,onlinehackingx,https://t.me/onlinehackingx,<PERSON>,2024-01-19T17:49:12+00:00,,,
194410,onlinehackingx,https://t.me/onlinehackingx,<PERSON> link share kato,2024-01-19T17:49:11+00:00,,,
194142,onlinehackingx,https://t.me/onlinehackingx,<PERSON>,2024-01-19T11:37:14+00:00,,,
193948,onlinehackingx,https://t.me/onlinehackingx,Ese us <PERSON>,2024-01-19T09:13:38+00:00,,,
193814,onlinehackingx,https://t.me/onlinehackingx,Text me,2024-01-19T07:23:52+00:00,,,
193750,onlinehackingx,https://t.me/onlinehackingx,Hi,2024-01-19T06:21:42+00:00,,,
193707,onlinehackingx,https://t.me/onlinehackingx,<PERSON> rat work nhi kr rha,2024-01-19T04:33:46+00:00,,,
193675,onlinehackingx,https://t.me/onlinehackingx,Ok,2024-01-19T03:15:39+00:00,,,
193645,onlinehackingx,https://t.me/onlinehackingx,Its very emergency,2024-01-19T01:41:34+00:00,,,
193644,onlinehackingx,https://t.me/onlinehackingx,Can anyone help me to track live location with ime no,2024-01-19T01:41:14+00:00,,,
193643,onlinehackingx,https://t.me/onlinehackingx,Hi,2024-01-19T01:40:51+00:00,,,
192883,onlinehackingx,https://t.me/onlinehackingx,Free me teaching mil sakata he esi koi website,2024-01-18T13:21:49+00:00,,,👍: 1
192800,onlinehackingx,https://t.me/onlinehackingx,Ok,2024-01-18T11:28:45+00:00,,,
192566,onlinehackingx,https://t.me/onlinehackingx,<PERSON>,2024-01-18T05:08:28+00:00,,,
192372,onlinehackingx,https://t.me/onlinehackingx,Without phishing,2024-01-18T00:03:21+00:00,,,
192357,onlinehackingx,https://t.me/onlinehackingx,<PERSON> fake phone pay chayie,2024-01-17T22:12:59+00:00,,,
192354,onlinehackingx,https://t.me/onlinehackingx,Hi,2024-01-17T21:50:55+00:00,,,
192346,onlinehackingx,https://t.me/onlinehackingx,<PERSON> phone number <PERSON> please contact me,2024-01-17T20:31:45+00:00,,,
192284,onlinehackingx,https://t.me/onlinehackingx,Working android 13,2024-01-17T18:26:18+00:00,,,
192283,onlinehackingx,https://t.me/onlinehackingx,Anti adb,2024-01-17T18:25:49+00:00,,,
192282,onlinehackingx,https://t.me/onlinehackingx,Anti stop,2024-01-17T18:25:43+00:00,,,
192281,onlinehackingx,https://t.me/onlinehackingx,anti reset,2024-01-17T18:25:38+00:00,,,
192280,onlinehackingx,https://t.me/onlinehackingx,anti uninstall,2024-01-17T18:25:24+00:00,,,
192279,onlinehackingx,https://t.me/onlinehackingx,Fud payload,2024-01-17T18:25:19+00:00,,,
192271,onlinehackingx,https://t.me/onlinehackingx,Hey bro,2024-01-17T18:20:56+00:00,,,
192183,onlinehackingx,https://t.me/onlinehackingx,<PERSON> tool,2024-01-17T16:39:25+00:00,,,
192176,onlinehackingx,https://t.me/onlinehackingx,Bro,2024-01-17T16:27:55+00:00,,,
192175,onlinehackingx,https://t.me/onlinehackingx,Easy,2024-01-17T16:27:54+00:00,,,
191954,onlinehackingx,https://t.me/onlinehackingx,😂,2024-01-17T13:36:09+00:00,,,
191953,onlinehackingx,https://t.me/onlinehackingx,What if i dont have a girlfriend? Do i need to obtain one than hack her?,2024-01-17T13:35:36+00:00,,,
191890,onlinehackingx,https://t.me/onlinehackingx,Yes tell,2024-01-17T13:14:44+00:00,,,
191884,onlinehackingx,https://t.me/onlinehackingx,Argent h,2024-01-17T13:10:32+00:00,,,
191882,onlinehackingx,https://t.me/onlinehackingx,Hello bro,2024-01-17T13:10:10+00:00,,,👍: 3
191881,onlinehackingx,https://t.me/onlinehackingx,Yes,2024-01-17T13:09:39+00:00,,,
191874,onlinehackingx,https://t.me/onlinehackingx,Anyone can track live location with someone's phone number?,2024-01-17T13:08:23+00:00,,,
191800,onlinehackingx,https://t.me/onlinehackingx,Kya,2024-01-17T12:10:53+00:00,,,
191772,onlinehackingx,https://t.me/onlinehackingx,,2024-01-17T11:41:35+00:00,,,"👍: 5, 👎: 2"
191770,onlinehackingx,https://t.me/onlinehackingx,Hy,2024-01-17T11:40:56+00:00,,,
191752,onlinehackingx,https://t.me/onlinehackingx,It's real,2024-01-17T11:36:07+00:00,,,
191721,onlinehackingx,https://t.me/onlinehackingx,Phising method <PERSON>,2024-01-17T11:18:05+00:00,,,
191718,onlinehackingx,https://t.me/onlinehackingx,Hy,2024-01-17T10:59:47+00:00,,,
191707,onlinehackingx,https://t.me/onlinehackingx,Bhai ye download <PERSON>,2024-01-17T10:11:49+00:00,,,
191695,onlinehackingx,https://t.me/onlinehackingx,😂😂 yeah,2024-01-17T09:44:50+00:00,,,
191694,onlinehackingx,https://t.me/onlinehackingx,<PERSON> pretending to be hacker🤣🤣,2024-01-17T09:44:28+00:00,,,
191632,onlinehackingx,https://t.me/onlinehackingx,😂😂,2024-01-17T08:55:14+00:00,,,
191631,onlinehackingx,https://t.me/onlinehackingx,@hackerrango,2024-01-17T08:55:09+00:00,,,
191628,onlinehackingx,https://t.me/onlinehackingx,Is this working or fake anyone tell me pls,2024-01-17T08:49:02+00:00,,,
191619,onlinehackingx,https://t.me/onlinehackingx,Please unlimited redeem code hack,2024-01-17T08:32:20+00:00,,,👍: 3
191618,onlinehackingx,https://t.me/onlinehackingx,@ONLINEHACKINGX,2024-01-17T08:29:59+00:00,,,
191610,onlinehackingx,https://t.me/onlinehackingx,😁😁😁😁,2024-01-17T08:20:56+00:00,,,
191609,onlinehackingx,https://t.me/onlinehackingx,😂😂,2024-01-17T08:18:43+00:00,,,
191608,onlinehackingx,https://t.me/onlinehackingx,<PERSON>,2024-01-17T08:18:01+00:00,,,
191607,onlinehackingx,https://t.me/onlinehackingx,🤣🤣🤣,2024-01-17T08:17:55+00:00,,,👍: 1
191606,onlinehackingx,https://t.me/onlinehackingx,<PERSON>,2024-01-17T08:17:38+00:00,,,
191605,onlinehackingx,https://t.me/onlinehackingx,😂😂,2024-01-17T08:17:23+00:00,,,
191604,onlinehackingx,https://t.me/onlinehackingx,😂😂,2024-01-17T08:17:12+00:00,,,
191598,onlinehackingx,https://t.me/onlinehackingx,pls\,2024-01-17T08:16:53+00:00,,,
191597,onlinehackingx,https://t.me/onlinehackingx,write me,2024-01-17T08:16:49+00:00,,,
191596,onlinehackingx,https://t.me/onlinehackingx,who can steal passwords from website,2024-01-17T08:16:45+00:00,,,
191595,onlinehackingx,https://t.me/onlinehackingx,hello,2024-01-17T08:16:28+00:00,,,
191594,onlinehackingx,https://t.me/onlinehackingx,He,2024-01-17T08:16:00+00:00,,,
191593,onlinehackingx,https://t.me/onlinehackingx,<PERSON> hw,2024-01-17T08:16:00+00:00,,,
191592,onlinehackingx,https://t.me/onlinehackingx,<PERSON> kudh <PERSON> he,2024-01-17T08:15:56+00:00,,,
191591,onlinehackingx,https://t.me/onlinehackingx,or fasaa na ve aata,2024-01-17T08:15:45+00:00,,,
191590,onlinehackingx,https://t.me/onlinehackingx,muje haasa na ve <PERSON>,2024-01-17T08:15:37+00:00,,,
191589,onlinehackingx,https://t.me/onlinehackingx,Yhi kr skta he bs tu,2024-01-17T08:15:24+00:00,,,
191588,onlinehackingx,https://t.me/onlinehackingx,😂😂😂😂😂😂😂😂😂😂,2024-01-17T08:15:23+00:00,,,
191587,onlinehackingx,https://t.me/onlinehackingx,<PERSON>,2024-01-17T08:15:17+00:00,,,
191586,onlinehackingx,https://t.me/onlinehackingx,On indignation,2024-01-17T08:15:10+00:00,,,
191585,onlinehackingx,https://t.me/onlinehackingx,😂😂,2024-01-17T08:14:54+00:00,,,
191580,onlinehackingx,https://t.me/onlinehackingx,😭,2024-01-17T08:13:59+00:00,,,
191579,onlinehackingx,https://t.me/onlinehackingx,Someone is blackmailing me to pay money. I want help,2024-01-17T08:13:52+00:00,,,
191577,onlinehackingx,https://t.me/onlinehackingx,<PERSON>,2024-01-17T08:13:10+00:00,,,
191576,onlinehackingx,https://t.me/onlinehackingx,tm log aik group bna kr aik dosry ko hacking sikha do . <PERSON> hum b seekh lain gy ap sb sy . <PERSON>,2024-01-17T08:13:00+00:00,,,
191575,onlinehackingx,https://t.me/onlinehackingx,<PERSON>,2024-01-17T08:12:57+00:00,,,
191574,onlinehackingx,https://t.me/onlinehackingx,Bhai me keh <PERSON>,2024-01-17T08:12:54+00:00,,,
191571,onlinehackingx,https://t.me/onlinehackingx,rat <PERSON> <NRP> he,2024-01-17T08:12:17+00:00,,,
191563,onlinehackingx,https://t.me/onlinehackingx,<PERSON> he <PERSON> he,2024-01-17T08:10:48+00:00,,,
191562,onlinehackingx,https://t.me/onlinehackingx,<PERSON> need 🤣🤣🤣,2024-01-17T08:10:37+00:00,,,
191561,onlinehackingx,https://t.me/onlinehackingx,<PERSON>,2024-01-17T08:10:30+00:00,,,👍: 1
191560,onlinehackingx,https://t.me/onlinehackingx,<PERSON> spy to rat,2024-01-17T08:10:26+00:00,,,
191555,onlinehackingx,https://t.me/onlinehackingx,Or kya he,2024-01-17T08:09:53+00:00,,,
191554,onlinehackingx,https://t.me/onlinehackingx,😂😂,2024-01-17T08:09:45+00:00,,,
191553,onlinehackingx,https://t.me/onlinehackingx,<NRP> agr network se bhar he to bs rat se hi possible he bruteforce,2024-01-17T08:09:24+00:00,,,
191551,onlinehackingx,https://t.me/onlinehackingx,matlab aak banda <PERSON> phishing <PERSON> knowledge <PERSON> acc kaise hack hoga,2024-01-17T08:08:53+00:00,,,
191550,onlinehackingx,https://t.me/onlinehackingx,<PERSON> ye auto delete kaise hora,2024-01-17T08:08:24+00:00,,,
191549,onlinehackingx,https://t.me/onlinehackingx,<PERSON>,2024-01-17T08:08:22+00:00,,,
191546,onlinehackingx,https://t.me/onlinehackingx,lol,2024-01-17T08:08:05+00:00,,,
191543,onlinehackingx,https://t.me/onlinehackingx,😭😭,2024-01-17T08:07:11+00:00,,,
191542,onlinehackingx,https://t.me/onlinehackingx,<NRP>,2024-01-17T08:06:51+00:00,,,
191541,onlinehackingx,https://t.me/onlinehackingx,abe koi bc admin <PERSON>,2024-01-17T08:06:46+00:00,,,
191540,onlinehackingx,https://t.me/onlinehackingx,Pta he,2024-01-17T08:06:46+00:00,,,
191539,onlinehackingx,https://t.me/onlinehackingx,Ha bhai,2024-01-17T08:06:44+00:00,,,👍: 1
191538,onlinehackingx,https://t.me/onlinehackingx,Ok,2024-01-17T08:06:43+00:00,,,
191537,onlinehackingx,https://t.me/onlinehackingx,Which One?,2024-01-17T08:06:38+00:00,,,
191533,onlinehackingx,https://t.me/onlinehackingx,lol,2024-01-17T08:05:59+00:00,,,
191529,onlinehackingx,https://t.me/onlinehackingx,<PERSON>,2024-01-17T08:05:38+00:00,,,
191528,onlinehackingx,https://t.me/onlinehackingx,Basically <PERSON> to yehi 2 <PERSON> is <PERSON> b <PERSON>?,2024-01-17T08:05:28+00:00,,,
191525,onlinehackingx,https://t.me/onlinehackingx,Nhi hoga,2024-01-17T08:04:56+00:00,,,
191524,onlinehackingx,https://t.me/onlinehackingx,<PERSON> ya bruteforce <PERSON>,2024-01-17T08:04:54+00:00,,,👍: 1
191519,onlinehackingx,https://t.me/onlinehackingx,🙏🙏🙏im <PERSON> Brother,2024-01-17T08:03:44+00:00,,,
191518,onlinehackingx,https://t.me/onlinehackingx,😂😂 question to question,2024-01-17T08:03:44+00:00,,,
191516,onlinehackingx,https://t.me/onlinehackingx,Or disable it,2024-01-17T08:03:32+00:00,,,
191515,onlinehackingx,https://t.me/onlinehackingx,I am an <NRP> and I want a program to hack accounts,2024-01-17T08:03:25+00:00,,,
191513,onlinehackingx,https://t.me/onlinehackingx,😂,2024-01-17T08:03:06+00:00,,,
191511,onlinehackingx,https://t.me/onlinehackingx,What is this,2024-01-17T08:03:01+00:00,,,
191510,onlinehackingx,https://t.me/onlinehackingx,احبكم,2024-01-17T08:02:57+00:00,,,
191509,onlinehackingx,https://t.me/onlinehackingx,Sb pta he,2024-01-17T08:02:55+00:00,,,
191508,onlinehackingx,https://t.me/onlinehackingx,كيف اخترق,2024-01-17T08:02:53+00:00,,,
191507,onlinehackingx,https://t.me/onlinehackingx,Video send,2024-01-17T08:02:52+00:00,,,👍: 1
191505,onlinehackingx,https://t.me/onlinehackingx,يعلمني,2024-01-17T08:02:48+00:00,,,
191503,onlinehackingx,https://t.me/onlinehackingx,عربي,2024-01-17T08:02:40+00:00,,,
191500,onlinehackingx,https://t.me/onlinehackingx,Ok,2024-01-17T08:02:17+00:00,,,
191499,onlinehackingx,https://t.me/onlinehackingx,I am your dad in this field,2024-01-17T08:02:16+00:00,,,👍: 11
191498,onlinehackingx,https://t.me/onlinehackingx,Don't think me a noob,2024-01-17T08:02:10+00:00,,,
191496,onlinehackingx,https://t.me/onlinehackingx,Using a binder,2024-01-17T08:01:59+00:00,,,
191491,onlinehackingx,https://t.me/onlinehackingx,yes that's a good question . Now teach us how we can attach a virus with video,2024-01-17T08:01:44+00:00,,,"😁: 8, 👍: 1"
191488,onlinehackingx,https://t.me/onlinehackingx,yes,2024-01-17T08:01:29+00:00,,,
191487,onlinehackingx,https://t.me/onlinehackingx,I don't need,2024-01-17T08:01:26+00:00,,,
191486,onlinehackingx,https://t.me/onlinehackingx,.,2024-01-17T08:01:20+00:00,,,
191485,onlinehackingx,https://t.me/onlinehackingx,For this,2024-01-17T08:01:19+00:00,,,
191484,onlinehackingx,https://t.me/onlinehackingx,yes,2024-01-17T08:01:17+00:00,,,👍: 2
191483,onlinehackingx,https://t.me/onlinehackingx,sorry u can Teach Me,2024-01-17T08:01:16+00:00,,,
191480,onlinehackingx,https://t.me/onlinehackingx,how virus attached?,2024-01-17T08:01:05+00:00,,,
191479,onlinehackingx,https://t.me/onlinehackingx,why ?,2024-01-17T08:00:54+00:00,,,👍: 2
191478,onlinehackingx,https://t.me/onlinehackingx,I am saying,2024-01-17T08:00:46+00:00,,,
191476,onlinehackingx,https://t.me/onlinehackingx,who says?,2024-01-17T08:00:33+00:00,,,❤: 1
191475,onlinehackingx,https://t.me/onlinehackingx,lol,2024-01-17T08:00:20+00:00,,,
191470,onlinehackingx,https://t.me/onlinehackingx,Same question I asked,2024-01-17T07:59:45+00:00,,,
191469,onlinehackingx,https://t.me/onlinehackingx,why??,2024-01-17T07:59:10+00:00,,,
191468,onlinehackingx,https://t.me/onlinehackingx,Oooh but me my computer i use win10,2024-01-17T07:59:05+00:00,,,👍: 2
191467,onlinehackingx,https://t.me/onlinehackingx,In this virus,2024-01-17T07:59:03+00:00,,,"🥴: 9, 👍: 4"
191466,onlinehackingx,https://t.me/onlinehackingx,Why??,2024-01-17T07:58:56+00:00,,,
191465,onlinehackingx,https://t.me/onlinehackingx,Why,2024-01-17T07:58:47+00:00,,,
191461,onlinehackingx,https://t.me/onlinehackingx,انا لا اعرف استعمل لكي اصيد حسابات,2024-01-17T07:57:42+00:00,,,
191460,onlinehackingx,https://t.me/onlinehackingx,Yes,2024-01-17T07:57:26+00:00,,,👍: 3
191459,onlinehackingx,https://t.me/onlinehackingx,video need,2024-01-17T07:57:21+00:00,,,👍: 3
191455,onlinehackingx,https://t.me/onlinehackingx,by phone or computer ?,2024-01-17T07:57:00+00:00,,,👍: 5
191454,onlinehackingx,https://t.me/onlinehackingx,How,2024-01-17T07:56:52+00:00,,,👍: 5
191453,onlinehackingx,https://t.me/onlinehackingx,Don't download this video,2024-01-17T07:56:49+00:00,,,👍: 11
191450,onlinehackingx,https://t.me/onlinehackingx,You can use phishing,2024-01-17T07:56:26+00:00,,,
191447,onlinehackingx,https://t.me/onlinehackingx,i need it,2024-01-17T07:56:11+00:00,,,
191445,onlinehackingx,https://t.me/onlinehackingx,hell nah im not downloading this video,2024-01-17T07:55:57+00:00,,,
