id,Channel ID,URL,message,date,views,forwards,reactions
267,onlinehackingx,https://t.me/onlinehackingx,"💡 Website hacking Course 💡


✅PASS- @OnlinehackingX✅


Topic ⭐️

1 installing metasploit framework
2 installing Nessus
3 installing vega
4 blind sql injection
5 Adminpanel bypass by sqli injection
6 password dump by Sql injection
7 dios of sqli injection
8 routed quirey
9 CSRF
10 subdomain
11 knockpy
11 LFI Attack
12 RFI attack
13 shell uploading (xss+rce) 
14 xss attack
15 reflected xss attack
16 defacement 
17 owsap zap scanner
18 installing hackbar",2024-01-22T16:52:22+00:00,66400.0,744.0,"👍: 138, 🔥: 17, ❤: 16, 🥰: 13, 🥴: 8, 🤔: 5, 😁: 2, 😱: 1, 😐: 1, 😎: 1"
249799,onlinehackingx,https://t.me/onlinehackingx,Files password,2024-03-29T08:27:00+00:00,,,
249798,onlinehackingx,https://t.me/onlinehackingx,Can you help how to complaint cyber crime,2024-03-29T08:24:28+00:00,,,👍: 5
249797,onlinehackingx,https://t.me/onlinehackingx,@OnlinehackingX not working?,2024-03-29T08:22:53+00:00,,,
241603,onlinehackingx,https://t.me/onlinehackingx,Hi,2024-03-15T16:56:34+00:00,,,
240267,onlinehackingx,https://t.me/onlinehackingx,Ok✅,2024-03-13T16:28:16+00:00,,,
240266,onlinehackingx,https://t.me/onlinehackingx,Galley hack karake do <PERSON>,2024-03-13T16:27:29+00:00,,,
227641,onlinehackingx,https://t.me/onlinehackingx,<PERSON> tho batao,2024-02-26T17:43:29+00:00,,,
227640,onlinehackingx,https://t.me/onlinehackingx,??,2024-02-26T17:43:10+00:00,,,
227637,onlinehackingx,https://t.me/onlinehackingx,Please tell me how to hack WhatsApp,2024-02-26T17:35:05+00:00,,,
222372,onlinehackingx,https://t.me/onlinehackingx,Help,2024-02-20T18:57:13+00:00,,,
215474,onlinehackingx,https://t.me/onlinehackingx,What about capitals and small letter,2024-02-09T19:05:44+00:00,,,
215465,onlinehackingx,https://t.me/onlinehackingx,?,2024-02-09T19:02:56+00:00,,,
215463,onlinehackingx,https://t.me/onlinehackingx,I try both @ and without But steel not working,2024-02-09T19:00:38+00:00,,,
215455,onlinehackingx,https://t.me/onlinehackingx,Pass not working,2024-02-09T18:56:21+00:00,,,
215454,onlinehackingx,https://t.me/onlinehackingx,Try removeing the @,2024-02-09T18:56:20+00:00,,,
215453,onlinehackingx,https://t.me/onlinehackingx,Password not working?,2024-02-09T18:55:24+00:00,,,
208425,onlinehackingx,https://t.me/onlinehackingx,bro i have aviator code but how make apk app,2024-02-01T13:51:29+00:00,,,
206708,onlinehackingx,https://t.me/onlinehackingx,What app  heck,2024-01-31T10:01:54+00:00,,,👍: 2
206702,onlinehackingx,https://t.me/onlinehackingx,,2024-01-31T09:37:00+00:00,,,
206651,onlinehackingx,https://t.me/onlinehackingx,Bro,2024-01-31T09:16:02+00:00,,,
206650,onlinehackingx,https://t.me/onlinehackingx,Please help me,2024-01-31T09:15:57+00:00,,,
206649,onlinehackingx,https://t.me/onlinehackingx,Any one knows wifi hacking,2024-01-31T09:15:44+00:00,,,
206647,onlinehackingx,https://t.me/onlinehackingx,Help me sir,2024-01-31T09:13:03+00:00,,,
206646,onlinehackingx,https://t.me/onlinehackingx,<PERSON>,2024-01-31T09:12:50+00:00,,,
206645,onlinehackingx,https://t.me/onlinehackingx,Sir wifi hacking,2024-01-31T09:12:39+00:00,,,
206644,onlinehackingx,https://t.me/onlinehackingx,"Hii
Sir",2024-01-31T09:11:55+00:00,,,
205593,onlinehackingx,https://t.me/onlinehackingx,"Display the names of all the files in home directory. Can you  
display the names of all the files in home directory that are bigger than  
500 KB?",2024-01-30T14:26:01+00:00,,,👍: 2
204928,onlinehackingx,https://t.me/onlinehackingx,Aviation hack,2024-01-29T11:24:21+00:00,,,
204874,onlinehackingx,https://t.me/onlinehackingx,Camera hacking,2024-01-29T09:36:35+00:00,,,
204853,onlinehackingx,https://t.me/onlinehackingx,Capcut,2024-01-29T08:37:47+00:00,,,
204628,onlinehackingx,https://t.me/onlinehackingx,Open sms,2024-01-28T21:36:11+00:00,,,
204505,onlinehackingx,https://t.me/onlinehackingx,Aviator heck,2024-01-28T16:31:56+00:00,,,❤: 3
204405,onlinehackingx,https://t.me/onlinehackingx,Cooler trading hack free me please,2024-01-28T14:52:39+00:00,,,👍: 1
204025,onlinehackingx,https://t.me/onlinehackingx,Camera hacking?,2024-01-28T06:45:19+00:00,,,
203626,onlinehackingx,https://t.me/onlinehackingx,Yes,2024-01-27T18:00:54+00:00,,,
203235,onlinehackingx,https://t.me/onlinehackingx,Hi,2024-01-27T11:51:19+00:00,,,
203194,onlinehackingx,https://t.me/onlinehackingx,When,2024-01-27T10:52:36+00:00,,,
203191,onlinehackingx,https://t.me/onlinehackingx,Admin?,2024-01-27T10:46:29+00:00,,,
203190,onlinehackingx,https://t.me/onlinehackingx,"Hi
Who is know lost btc wallet finder app?",2024-01-27T10:46:22+00:00,,,👍: 1
203095,onlinehackingx,https://t.me/onlinehackingx,Plass,2024-01-27T08:41:41+00:00,,,
203094,onlinehackingx,https://t.me/onlinehackingx,Bro,2024-01-27T08:41:35+00:00,,,
203015,onlinehackingx,https://t.me/onlinehackingx,Broo I want free number for otp purpose how to do that,2024-01-27T06:40:34+00:00,,,
202968,onlinehackingx,https://t.me/onlinehackingx,Bro can you hack website,2024-01-27T05:23:33+00:00,,,
202781,onlinehackingx,https://t.me/onlinehackingx,coming soon,2024-01-26T21:12:24+00:00,,,
202746,onlinehackingx,https://t.me/onlinehackingx,Im new,2024-01-26T18:35:33+00:00,,,
202745,onlinehackingx,https://t.me/onlinehackingx,Anyone guide pls,2024-01-26T18:35:31+00:00,,,
202744,onlinehackingx,https://t.me/onlinehackingx,Where is that hack bot?,2024-01-26T18:35:25+00:00,,,
202724,onlinehackingx,https://t.me/onlinehackingx,Nice,2024-01-26T18:21:41+00:00,,,
202713,onlinehackingx,https://t.me/onlinehackingx,camera hacking bot coming soon,2024-01-26T17:56:00+00:00,,,
202702,onlinehackingx,https://t.me/onlinehackingx,Why is there any reason,2024-01-26T17:38:50+00:00,,,
202587,onlinehackingx,https://t.me/onlinehackingx,no,2024-01-26T16:28:24+00:00,,,👍: 1
202585,onlinehackingx,https://t.me/onlinehackingx,I pay if need,2024-01-26T16:24:48+00:00,,,👍: 1
202584,onlinehackingx,https://t.me/onlinehackingx,Bro wake the camera phishing bot,2024-01-26T16:24:30+00:00,,,👍: 1
202054,onlinehackingx,https://t.me/onlinehackingx,Please,2024-01-26T11:14:07+00:00,,,
201470,onlinehackingx,https://t.me/onlinehackingx,can you use botnet panel and builder with just 1 ssh,2024-01-26T01:33:04+00:00,,,🫡: 1
200585,onlinehackingx,https://t.me/onlinehackingx,Hi,2024-01-25T10:19:36+00:00,,,
200473,onlinehackingx,https://t.me/onlinehackingx,downloading failed could not complete download,2024-01-25T07:56:11+00:00,,,
200280,onlinehackingx,https://t.me/onlinehackingx,Camera hack,2024-01-25T04:13:53+00:00,,,
199989,onlinehackingx,https://t.me/onlinehackingx,<PERSON> par,2024-01-24T16:59:35+00:00,,,
199988,onlinehackingx,https://t.me/onlinehackingx,Hack this Account,2024-01-24T16:59:21+00:00,,,
199985,onlinehackingx,https://t.me/onlinehackingx,,2024-01-24T16:58:58+00:00,,,
199871,onlinehackingx,https://t.me/onlinehackingx,Hi,2024-01-24T16:02:55+00:00,,,
199835,onlinehackingx,https://t.me/onlinehackingx,Unlimited paytm hack please,2024-01-24T15:38:40+00:00,,,
199778,onlinehackingx,https://t.me/onlinehackingx,How,2024-01-24T14:35:18+00:00,,,
199777,onlinehackingx,https://t.me/onlinehackingx,Viewer,2024-01-24T14:35:13+00:00,,,
199570,onlinehackingx,https://t.me/onlinehackingx,"How to open it , admin please send tutorial also",2024-01-24T11:23:34+00:00,,,
199422,onlinehackingx,https://t.me/onlinehackingx,Youtube cheanal hacking,2024-01-24T08:02:56+00:00,,,
199334,onlinehackingx,https://t.me/onlinehackingx,Whatapp hack,2024-01-24T06:09:58+00:00,,,👍: 3
199261,onlinehackingx,https://t.me/onlinehackingx,Keylogger and screen cast kro,2024-01-24T02:28:48+00:00,,,
199241,onlinehackingx,https://t.me/onlinehackingx,guys does hook botnet work,2024-01-23T23:37:41+00:00,,,"❤: 4, 👎: 1"
199127,onlinehackingx,https://t.me/onlinehackingx,WhatsApp hacking,2024-01-23T17:28:16+00:00,,,
198947,onlinehackingx,https://t.me/onlinehackingx,Bolo,2024-01-23T15:20:54+00:00,,,👍: 1
198743,onlinehackingx,https://t.me/onlinehackingx,Hello,2024-01-23T11:12:12+00:00,,,
198671,onlinehackingx,https://t.me/onlinehackingx,Telegram id hack 🥲,2024-01-23T10:41:20+00:00,,,
198623,onlinehackingx,https://t.me/onlinehackingx,maybe phishing),2024-01-23T09:31:44+00:00,,,👍: 1
198620,onlinehackingx,https://t.me/onlinehackingx,<PERSON> scamr nhi chahiye original <PERSON>,2024-01-23T09:27:36+00:00,,,
198564,onlinehackingx,https://t.me/onlinehackingx,🙏 please <PERSON> help kr do call details niklwana h scamr door rhe please,2024-01-23T08:51:11+00:00,,,
198360,onlinehackingx,https://t.me/onlinehackingx,How to use,2024-01-23T04:19:55+00:00,,,
198351,onlinehackingx,https://t.me/onlinehackingx,Google play redeem code hack,2024-01-23T03:18:57+00:00,,,👍: 5
198350,onlinehackingx,https://t.me/onlinehackingx,Instragram password 🔑 hacking,2024-01-23T03:18:23+00:00,,,👍: 6
198206,onlinehackingx,https://t.me/onlinehackingx,You are kids,2024-01-22T18:40:21+00:00,,,
198203,onlinehackingx,https://t.me/onlinehackingx,<PERSON>[ scanner,2024-01-22T18:34:23+00:00,,,
198183,onlinehackingx,https://t.me/onlinehackingx,Camera hacking,2024-01-22T18:11:50+00:00,,,
198145,onlinehackingx,https://t.me/onlinehackingx,U want to learn?,2024-01-22T17:59:52+00:00,,,
198144,onlinehackingx,https://t.me/onlinehackingx,WhatsApp hacking,2024-01-22T17:58:50+00:00,,,
198143,onlinehackingx,https://t.me/onlinehackingx,Start,2024-01-22T17:58:27+00:00,,,
198088,onlinehackingx,https://t.me/onlinehackingx,Password hacking bro,2024-01-22T17:12:24+00:00,,,
198070,onlinehackingx,https://t.me/onlinehackingx,Snapchat id hack,2024-01-22T16:55:04+00:00,,,
