id,Channel ID,URL,message,date,views,forwards,reactions
30855,acgr18,https://t.me/acgr18,"#Pewposterous #肉便器 #爆操 #社保 #短片 2024.2 
这个姿势够顶

❤️更多精彩动画资源❤️
  ❤️加入万人聊天群❤️",2024-02-24T13:05:17+00:00,74634.0,128.0,"👍: 33, ❤: 9"
232149,acgr18,https://t.me/acgr18,<PERSON>,2024-03-30T20:07:57+00:00,,,
222602,acgr18,https://t.me/acgr18,纳尔逊,2024-03-14T13:59:25+00:00,,,👍: 1
218283,acgr18,https://t.me/acgr18,这个叫啥姿势,2024-03-06T10:58:32+00:00,,,
