id,Channel ID,URL,message,date,views,forwards,reactions
30870,acgr18,https://t.me/acgr18,"#MMD #<NRP> Ax #蒂法 #丰乳肥臀 #连体黑丝 #开裆 2024.2

❤️更多精彩动画资源❤️
  ❤️加入万人聊天群❤️",2024-02-25T07:42:15+00:00,68485.0,459.0,"👍: 30, ❤: 11, ❤‍🔥: 2, 🔥: 2, 🤔: 1"
238125,acgr18,https://t.me/acgr18,这种我的最爱,2024-04-09T17:42:56+00:00,,,
238118,acgr18,https://t.me/acgr18,<DATE_TIME>,2024-04-09T17:37:16+00:00,,,
238117,acgr18,https://t.me/acgr18,<PERSON>,2024-04-09T17:36:36+00:00,,,
238078,acgr18,https://t.me/acgr18,,2024-04-09T16:22:32+00:00,,,👍: 1
238075,acgr18,https://t.me/acgr18,wait2long 现在好像叫这个,2024-04-09T16:21:17+00:00,,,
235361,acgr18,https://t.me/acgr18,<PERSON>,2024-04-05T16:12:22+00:00,,,❤: 1
218336,acgr18,https://t.me/acgr18,好棒,2024-03-06T12:57:53+00:00,,,
214701,acgr18,https://t.me/acgr18,iw找不到,2024-02-28T13:58:40+00:00,,,
213189,acgr18,https://t.me/acgr18,有啊,2024-02-26T05:02:34+00:00,,,
213176,acgr18,https://t.me/acgr18,这位现在在iwara还有号么,2024-02-26T03:52:07+00:00,,,
212998,acgr18,https://t.me/acgr18,哎，最坏的局面到来了,2024-02-25T16:12:10+00:00,,,
212607,acgr18,https://t.me/acgr18,謝謝告知~可惜我用電腦的就沒辦法了,2024-02-25T12:17:32+00:00,,,
212599,acgr18,https://t.me/acgr18,手机可以直接下😂估计盗狗太多了,2024-02-25T11:56:37+00:00,,,
212513,acgr18,https://t.me/acgr18,<NRP>,2024-02-25T08:24:57+00:00,,,👍: 1
