id,Channel ID,URL,message,date,views,forwards,reactions
30843,acgr18,https://t.me/acgr18,"#Peh-koi #恋活 #菲伦 #阮梅 #ntr 2024.2

❤️更多精彩动画资源❤️
  ❤️加入万人聊天群❤️",2024-02-24T02:28:00+00:00,66424.0,499.0,"👍: 39, ❤: 13, 🔥: 2, 🤔: 2"
212405,acgr18,https://t.me/acgr18,怎么又禁止了，倒狗又开始了？,2024-02-25T05:31:51+00:00,,,👍: 1
212274,acgr18,https://t.me/acgr18,保存不了，怎么撸,2024-02-24T18:44:17+00:00,,,
211886,acgr18,https://t.me/acgr18,<PERSON>,2024-02-24T08:41:29+00:00,,,
211868,acgr18,https://t.me/acgr18,收藏不了了，寄😭😭,2024-02-24T07:48:47+00:00,,,
