id,Channel ID,URL,message,date,views,forwards,reactions
30800,acgr18,https://t.me/acgr18,"#Amplected #巨乳 #露西 #麦当妹

❤️更多精彩动画资源❤️
  ❤️加入万人聊天群❤️",2024-02-23T06:27:56+00:00,68638.0,533.0,"👍: 32, ❤: 14, 🤔: 3, 🔥: 1"
212605,acgr18,https://t.me/acgr18,我去邦比,2024-02-25T12:08:12+00:00,,,
211628,acgr18,https://t.me/acgr18,<PERSON>😭,2024-02-23T17:52:37+00:00,,,
211571,acgr18,https://t.me/acgr18,为什么不允许保存到相册了？😭,2024-02-23T16:44:58+00:00,,,
211565,acgr18,https://t.me/acgr18,<NRP>,2024-02-23T16:39:10+00:00,,,
211402,acgr18,https://t.me/acgr18,画风不错,2024-02-23T15:16:35+00:00,,,👍: 1
