id,Channel ID,URL,message,date,views,forwards,reactions
30867,acgr18,https://t.me/acgr18,"#yuluer #原神

❤️更多精彩动画资源❤️
  ❤️加入万人聊天群❤️",2024-02-25T06:24:26+00:00,68100.0,307.0,"👍: 18, ❤: 7, 😁: 3, 🥰: 2, 👏: 2"
246136,acgr18,https://t.me/acgr18,,2024-04-23T08:21:14+00:00,,,
245799,acgr18,https://t.me/acgr18,,2024-04-22T18:31:26+00:00,,,
245798,acgr18,https://t.me/acgr18,,2024-04-22T18:31:05+00:00,,,
245796,acgr18,https://t.me/acgr18,这个作画风格不错，就是动的太慢了，我给他剪辑了个二倍速,2024-04-22T18:27:58+00:00,,,
213110,acgr18,https://t.me/acgr18,我去，又禁止转发了,2024-02-25T23:31:19+00:00,,,
