id,Channel ID,URL,message,date,views,forwards,reactions
30842,acgr18,https://t.me/acgr18,"#fgg99 #赵灵儿 #骑乘位 #女上摇

❤️更多精彩动画资源❤️
  ❤️加入万人聊天群❤️",2024-02-24T02:27:53+00:00,66212.0,445.0,"❤: 38, 👍: 19, 😁: 2, 🤔: 2, 🔥: 1"
212396,acgr18,https://t.me/acgr18,继承zero的新作者，加油,2024-02-25T04:59:15+00:00,,,
212268,acgr18,https://t.me/acgr18,还有其他这种频道吗,2024-02-24T18:19:17+00:00,,,😎: 1
212164,acgr18,https://t.me/acgr18,太強了，國漫第一👍,2024-02-24T15:46:24+00:00,,,
211946,acgr18,https://t.me/acgr18,不放开下载，搞笑,2024-02-24T11:24:56+00:00,,,
211885,acgr18,https://t.me/acgr18,下载不了,2024-02-24T08:38:02+00:00,,,
