id,Channel ID,URL,message,date,views,forwards,reactions
30763,acgr18,https://t.me/acgr18,"#灰葉  #Lapin gris #薄码 #戴套 #偶像 <DATE_TIME>
动画为什么要还戴套啊

❤️更多精彩动画资源❤️
  ❤️加入万人聊天群❤️",2024-02-22T05:01:52+00:00,61006.0,250.0,"👍: 10, ❤: 8"
214205,acgr18,https://t.me/acgr18,安全生产,2024-02-27T14:28:27+00:00,,,
211517,acgr18,https://t.me/acgr18,因为避孕套很色,2024-02-23T15:49:09+00:00,,,
210327,acgr18,https://t.me/acgr18,防止赛博艾滋病吧,2024-02-22T05:28:06+00:00,,,👍: 24
