id,Channel ID,URL,message,date,views,forwards,reactions
30762,acgr18,https://t.me/acgr18,"#Mokujinhornywood #女神异闻录 #闻女神异味 #Makoto #战败 #多P #轮奸  #调教 #社保 24.1
<PERSON>
不自量力，上门挑衅，求操得操
雌小鬼行为

❤️更多精彩动画资源❤️
  ❤️加入万人聊天群❤️",2024-02-22T02:19:26+00:00,66033.0,808.0,"👍: 26, ❤: 10, 🔥: 2, 🥰: 2, 😁: 2"
217152,acgr18,https://t.me/acgr18,,2024-03-04T13:12:12+00:00,,,
217151,acgr18,https://t.me/acgr18,,2024-03-04T13:12:11+00:00,,,
217150,acgr18,https://t.me/acgr18,,2024-03-04T13:12:11+00:00,,,
217149,acgr18,https://t.me/acgr18,,2024-03-04T13:12:11+00:00,,,
217137,acgr18,https://t.me/acgr18,第一次见女神异闻录的,2024-03-04T13:00:23+00:00,,,
210791,acgr18,https://t.me/acgr18,这一代的比目鱼式建模真的很难绷,2024-02-22T16:32:22+00:00,,,
210363,acgr18,https://t.me/acgr18,<PERSON>,2024-02-22T06:52:53+00:00,,,
210309,acgr18,https://t.me/acgr18,新岛真的姐姐就是雌大鬼了,2024-02-22T03:19:32+00:00,,,
210307,acgr18,https://t.me/acgr18,好 现在就没人知道了,2024-02-22T03:01:26+00:00,,,
210305,acgr18,https://t.me/acgr18,这个不是如龙是女神异闻录5吧,2024-02-22T02:48:42+00:00,,,
