id,Channel ID,URL,message,date,views,forwards,reactions
30775,acgr18,https://t.me/acgr18,"#<PERSON> Idol 
(还得是穿了衣服的更涩😚 <PERSON>
#1080p #120fps",2024-02-22T08:53:19+00:00,49108.0,340.0,"👍: 17, ❤: 8"
215508,acgr18,https://t.me/acgr18,<PERSON> <DATE_TIME>,2024-03-01T02:44:25+00:00,,,
211407,acgr18,https://t.me/acgr18,好，我带头冲,2024-02-23T15:19:13+00:00,,,
211208,acgr18,https://t.me/acgr18,不觉得有种西瓜条特效的感觉吗,2024-02-23T09:14:57+00:00,,,
211016,acgr18,https://t.me/acgr18,<PERSON>? <PERSON>,2024-02-23T01:22:57+00:00,,,❤: 1
211010,acgr18,https://t.me/acgr18,千万别看完，最后几秒那咧个大牙差点给我吓萎,2024-02-23T01:11:42+00:00,,,🤣: 1
