id,Channel ID,URL,message,date,views,forwards,reactions
30899,acgr18,https://t.me/acgr18,"#sodeno19 2024.2 #优菈 #绫华 #宵宫
宵宫的是长篇，不过比较喜欢绫华这个
绫华这个姿势太涩了，想变成200斤的大肚子肥宅顶着20cm大肉棒高高跃起然后狠狠插入

❤️更多精彩动画资源❤️
  ❤️加入万人聊天群❤️",2024-02-26T13:14:52+00:00,64621.0,895.0,"👍: 31, 👏: 25, 🤯: 11, ❤: 8"
233853,acgr18,https://t.me/acgr18,好涩,2024-04-03T10:19:55+00:00,,,
214649,acgr18,https://t.me/acgr18,逆天,2024-02-28T12:46:25+00:00,,,
214183,acgr18,https://t.me/acgr18,是的，感觉雷电将军的那个比较涩,2024-02-27T13:55:03+00:00,,,
214025,acgr18,https://t.me/acgr18,绫华这个视频有点眼熟，貌似还有一个相同姿势的雷军的视频,2024-02-27T06:00:27+00:00,,,
213642,acgr18,https://t.me/acgr18,<PERSON>,2024-02-26T15:56:14+00:00,,,
213522,acgr18,https://t.me/acgr18,入珠,2024-02-26T14:45:00+00:00,,,
213521,acgr18,https://t.me/acgr18,第一个这个牛子上还有颗粒是最欢乐的 太有意思了,2024-02-26T14:43:24+00:00,,,
