id,Channel ID,URL,message,date,views,forwards,reactions
30995,acgr18,https://t.me/acgr18,"#DiLucia #卡夫卡 #烧鸡 2024.2
吃鸡鸡的坏女人

❤️更多精彩动画资源❤️
  ❤️加入万人聊天群❤️",2024-03-01T13:36:20+00:00,64576.0,712.0,"👍: 9, 🥰: 7, 😁: 2"
222422,acgr18,https://t.me/acgr18,,2024-03-14T06:08:31+00:00,,,
216146,acgr18,https://t.me/acgr18,有点音画不同步啊,2024-03-02T10:06:03+00:00,,,
215970,acgr18,https://t.me/acgr18,感觉有的部分声音对不上,2024-03-01T23:35:39+00:00,,,
215737,acgr18,https://t.me/acgr18,name please,2024-03-01T14:33:41+00:00,,,
