id,Channel ID,URL,message,date,views,forwards,reactions
30942,acgr18,https://t.me/acgr18,"#YuukiS 2024.2 #亚丝娜 #喜多川海梦 #夜店 #喷泉少女
喷泉真涩，我也想找个妹子把她透成喷泉

❤️更多精彩动画资源❤️
  ❤️加入万人聊天群❤️",2024-02-28T13:46:28+00:00,71367.0,1180.0,"👍: 32, ❤: 13, 🤣: 2, 🤔: 1"
215414,acgr18,https://t.me/acgr18,这有点像烟花，看着还怪好看的😂,2024-02-29T20:30:27+00:00,,,
215208,acgr18,https://t.me/acgr18,,2024-02-29T12:15:37+00:00,,,👍: 2
215207,acgr18,https://t.me/acgr18,性别不要卡的那么死,2024-02-29T12:15:24+00:00,,,
