id,Channel ID,URL,message,date,views,forwards,reactions
30924,acgr18,https://t.me/acgr18,"#VAM #淫舞 #弹力摇

❤️更多精彩动画资源❤️
  ❤️加入万人聊天群❤️",2024-02-27T10:19:04+00:00,73053.0,478.0,"👍: 24, ❤: 9"
279462,acgr18,https://t.me/acgr18,应该是zeromylove，他的好多视频都是这个BGM,2024-06-10T20:06:16+00:00,,,
260126,acgr18,https://t.me/acgr18,有大佬知道这个vam场景作者是谁吗,2024-05-15T18:11:13+00:00,,,
232162,acgr18,https://t.me/acgr18,能给个出处吗？,2024-03-30T22:02:58+00:00,,,
214273,acgr18,https://t.me/acgr18,请不要把我的耳屎推来推去,2024-02-27T15:57:17+00:00,,,
214252,acgr18,https://t.me/acgr18,<PERSON>加油,2024-02-27T15:16:45+00:00,,,
