id,Channel ID,URL,message,date,views,forwards,reactions
30934,acgr18,https://t.me/acgr18,"#群友分享 #アオモリの怪人 #黑丝 #裤袜 #按摩棒 #疏通下水道 
狠狠通下水道

❤️更多精彩动画资源❤️
  ❤️加入万人聊天群❤️",2024-02-28T06:54:58+00:00,66065.0,355.0,"👍: 23, 🤔: 4, ❤: 2"
214636,acgr18,https://t.me/acgr18,<PERSON>,2024-02-28T11:56:49+00:00,,,
214565,acgr18,https://t.me/acgr18,草,2024-02-28T08:50:50+00:00,,,
214563,acgr18,https://t.me/acgr18,把你妈骚逼放心交给我.mp4,2024-02-28T08:43:34+00:00,,,
214536,acgr18,https://t.me/acgr18,可惜有🐴,2024-02-28T07:27:29+00:00,,,
