id,Channel ID,URL,message,date,views,forwards,reactions
30976,acgr18,https://t.me/acgr18,"#Jellymation #肛交 #短片  #2d 2024.2

❤️更多精彩动画资源❤️
  ❤️加入万人聊天群❤️",2024-03-01T03:16:08+00:00,65420.0,196.0,"👍: 18, ❤: 4"
215698,acgr18,https://t.me/acgr18,谢谢,2024-03-01T12:05:30+00:00,,,
215662,acgr18,https://t.me/acgr18,膽大黨（ダンダダン）　綾瀬桃,2024-03-01T10:41:35+00:00,,,
215622,acgr18,https://t.me/acgr18,这个是哪个动漫的人物？,2024-03-01T08:37:34+00:00,,,
