id,Channel ID,URL,message,date,views,forwards,reactions
30897,acgr18,https://t.me/acgr18,"#zombie_alone #碧蓝档案 #榨精 2023.12

❤️更多精彩动画资源❤️
  ❤️加入万人聊天群❤️",2024-02-26T10:21:08+00:00,69517.0,799.0,"👍: 27, ❤: 8, 🐳: 5, 🥰: 3"
214299,acgr18,https://t.me/acgr18,要到高質量這頻道才能，為你獻上沒法存,2024-02-27T16:56:42+00:00,,,👍: 1
213538,acgr18,https://t.me/acgr18,我这随便保存呀,2024-02-26T15:33:02+00:00,,,
213525,acgr18,https://t.me/acgr18,自杀了,2024-02-26T15:02:47+00:00,,,
213516,acgr18,https://t.me/acgr18,不让保存主要还是怕导✓吧？,2024-02-26T14:38:28+00:00,,,
213449,acgr18,https://t.me/acgr18,<PERSON>管😭,2024-02-26T12:22:39+00:00,,,👍: 2
213430,acgr18,https://t.me/acgr18,不让保存了，为什么呢,2024-02-26T11:44:57+00:00,,,
