id,Channel ID,URL,message,date,views,forwards,reactions
30962,acgr18,https://t.me/acgr18,"#dva #肛交 #差分

❤️更多精彩动画资源❤️
  ❤️加入万人聊天群❤️",2024-02-29T11:13:57+00:00,59790.0,527.0,"👍: 24, ❤: 6"
219722,acgr18,https://t.me/acgr18,求这个作者,2024-03-09T06:36:05+00:00,,,
216754,acgr18,https://t.me/acgr18,应该是右下角但我搜不到,2024-03-03T13:26:37+00:00,,,
216547,acgr18,https://t.me/acgr18,射膠水笑死,2024-03-03T03:55:11+00:00,,,
215332,acgr18,https://t.me/acgr18,没作者名字么？,2024-02-29T16:07:44+00:00,,,
