id,Channel ID,URL,message,date,views,forwards,reactions
30948,acgr18,https://t.me/acgr18,"#NaStay #抖音风 #崩三 #原神 #崩铁 #舞啪 #mmd 2024.1

❤️更多精彩动画资源❤️
  ❤️加入万人聊天群❤️",2024-02-29T01:11:04+00:00,63999.0,1003.0,"👍: 29, 🤣: 17, ❤: 8, 🤨: 3, ❤‍🔥: 2, 🤓: 2, 🤔: 1"
232206,acgr18,https://t.me/acgr18,,2024-03-31T01:51:37+00:00,,,
232205,acgr18,https://t.me/acgr18,这玩意儿出来的时候绷不住了,2024-03-31T01:51:32+00:00,,,
218901,acgr18,https://t.me/acgr18,这作者在哪个平台,2024-03-07T16:48:44+00:00,,,
217847,acgr18,https://t.me/acgr18,再多点！！,2024-03-05T16:22:03+00:00,,,
215630,acgr18,https://t.me/acgr18,气笑了,2024-03-01T09:19:32+00:00,,,
214981,acgr18,https://t.me/acgr18,哈哈哈我也是,2024-02-29T03:59:48+00:00,,,
214962,acgr18,https://t.me/acgr18,byd第二个视频给我笑软了,2024-02-29T02:17:58+00:00,,,
