id,Channel ID,URL,message,date,views,forwards,reactions
30978,acgr18,https://t.me/acgr18,"#MMDLDx 2024.2 #MMDLinuxDx #mmd #舞啪 #丰乳肥臀

❤️更多精彩动画资源❤️
  ❤️加入万人聊天群❤️",2024-03-01T06:18:58+00:00,60797.0,239.0,"👍: 12, ❤: 12"
215583,acgr18,https://t.me/acgr18,好好好,2024-03-01T06:33:36+00:00,,,
215582,acgr18,https://t.me/acgr18,,2024-03-01T06:32:22+00:00,,,👍: 3
215581,acgr18,https://t.me/acgr18,窝趣，莉莉,2024-03-01T06:32:20+00:00,,,
