id,Channel ID,URL,message,date,views,forwards,reactions
14283,hubsurfs,https://t.me/hubsurfs,Grammarly Cookie Updated ✅                                                                     Check sleekhub.com.ng,2024-02-21T06:40:32+00:00,432.0,,
66290,hubsurfs,https://t.me/hubsurfs,"Apologies for the earlier comment I didn't notice the timer. However, I can confirm that it's working. Thanks",2024-02-21T20:54:54+00:00,,,
66279,hubsurfs,https://t.me/hubsurfs,They are not misleading on the blog it takes you to wait for the timer and access the cookie,2024-02-21T18:12:12+00:00,,,
66278,hubsurfs,https://t.me/hubsurfs,"Hello,
Is the android app no longer working? All the cookies links on that site are quite misleading.",2024-02-21T18:00:34+00:00,,,
