id,Channel ID,URL,message,date,views,forwards,reactions
14341,hubsurfs,https://t.me/hubsurfs,Semrush <PERSON>,2024-02-25T22:16:49+00:00,320.0,,❤: 1
66623,hubsurfs,https://t.me/hubsurfs,please add me. <EMAIL_ADDRESS>,2024-03-09T16:17:05+00:00,,,
66404,hubsurfs,https://t.me/hubsurfs,Sure,2024-02-26T06:42:07+00:00,,,👍: 1
66402,hubsurfs,https://t.me/hubsurfs,If there is any giveaway please also post on WhatsApp channel,2024-02-26T04:34:02+00:00,,,
66401,hubsurfs,https://t.me/hubsurfs,,2024-02-26T02:37:52+00:00,,,
66400,hubsurfs,https://t.me/hubsurfs,Incoreect password,2024-02-26T02:37:27+00:00,,,
66399,hubsurfs,https://t.me/hubsurfs,It's not working,2024-02-26T02:37:14+00:00,,,
66398,hubsurfs,https://t.me/hubsurfs,Any chatgpt Coockies?,2024-02-25T23:20:21+00:00,,,
66396,hubsurfs,https://t.me/hubsurfs,,2024-02-25T22:23:00+00:00,,,
66395,hubsurfs,https://t.me/hubsurfs,Thanks,2024-02-25T22:22:31+00:00,,,
