id,Channel ID,URL,message,date,views,forwards,reactions
14330,hubsurfs,https://t.me/hubsurfs,"A humble request subscribe to our YouTube channel 

https://youtube.com/@FreemiumTips?si=UTjNH0ghmpUgHoGZ",2024-02-25T16:26:15+00:00,351.0,,❤: 2
66381,hubsurfs,https://t.me/hubsurfs,,2024-02-25T16:34:55+00:00,,,❤: 1
66380,hubsurfs,https://t.me/hubsurfs,Screenshot is allowed,2024-02-25T16:34:32+00:00,,,
66379,hubsurfs,https://t.me/hubsurfs,Lol thanks,2024-02-25T16:34:04+00:00,,,
66378,hubsurfs,https://t.me/hubsurfs,"Sending screenshots not allowed, but done <PERSON>",2024-02-25T16:33:45+00:00,,,
