id,Channel ID,URL,message,date,views,forwards,reactions
14295,hubsurfs,https://t.me/hubsurfs,"🔰BIN GEMINI AI & GOOGLE ONE 2TB BY <PERSON>

https://bit.ly/3OS52xJ


FREE FOR YOU BY @hubsurfs


SHARE AND ENOY😘❤️",2024-02-21T14:18:25+00:00,405.0,2.0,
66285,hubsurfs,https://t.me/hubsurfs,I can't understand what should i do,2024-02-21T18:34:06+00:00,,,
66283,hubsurfs,https://t.me/hubsurfs,The full guide is here,2024-02-21T18:21:31+00:00,,,
66282,hubsurfs,https://t.me/hubsurfs,We are not providing the account,2024-02-21T18:21:15+00:00,,,
66281,hubsurfs,https://t.me/hubsurfs,"Hi I need it
And comment on site
I write my email",2024-02-21T18:17:16+00:00,,,
