id,Channel ID,URL,message,date,views,forwards,reactions
14235,hubsurfs,https://t.me/hubsurfs,"Open AI | GPT4 | Unlimited Access For Free

1. Go to julius.ai
2. Create a new account, use random infos (no verification is necessary)
3. You have free 15 messages, after that logout, and repeat",2024-02-05T12:52:53+00:00,708.0,9.0,"🔥: 6, 👍: 1"
66560,hubsurfs,https://t.me/hubsurfs,Verification IS necessary 🙄<PERSON>,2024-03-04T22:08:52+00:00,,,
66128,hubsurfs,https://t.me/hubsurfs,not working on ios,2024-02-07T06:32:28+00:00,,,
66115,hubsurfs,https://t.me/hubsurfs,This is AMAZING! Thanks for these updates,2024-02-05T16:39:13+00:00,,,
