id,Channel ID,URL,message,date,views,forwards,reactions
14308,hubsurfs,https://t.me/hubsurfs,First 10 to send mail gets wordtune invite,2024-02-22T19:43:55+00:00,394.0,,
66347,hubsurfs,https://t.me/hubsurfs,<EMAIL_ADDRESS>,2024-02-23T12:40:40+00:00,,,
66344,hubsurfs,https://t.me/hubsurfs,<EMAIL_ADDRESS>,2024-02-23T11:30:09+00:00,,,
66340,hubsurfs,https://t.me/hubsurfs,<EMAIL_ADDRESS>,2024-02-23T10:35:46+00:00,,,
66330,hubsurfs,https://t.me/hubsurfs,<EMAIL_ADDRESS>,2024-02-23T04:52:26+00:00,,,
66329,hubsurfs,https://t.me/hubsurfs,<EMAIL_ADDRESS>,2024-02-23T04:35:18+00:00,,,
66328,hubsurfs,https://t.me/hubsurfs,<EMAIL_ADDRESS>,2024-02-23T04:25:37+00:00,,,
66326,hubsurfs,https://t.me/hubsurfs,<EMAIL_ADDRESS>,2024-02-23T03:16:39+00:00,,,
66325,hubsurfs,https://t.me/hubsurfs,<EMAIL_ADDRESS>,2024-02-23T03:09:32+00:00,,,
66324,hubsurfs,https://t.me/hubsurfs,<EMAIL_ADDRESS>,2024-02-22T20:21:59+00:00,,,
66322,hubsurfs,https://t.me/hubsurfs,already added,2024-02-22T20:07:08+00:00,,,
66321,hubsurfs,https://t.me/hubsurfs,Idk🫠🫠,2024-02-22T20:06:27+00:00,,,
66319,hubsurfs,https://t.me/hubsurfs,deleted by who😂,2024-02-22T20:04:16+00:00,,,🤣: 1
66318,hubsurfs,https://t.me/hubsurfs,Invitation deleted and not found,2024-02-22T20:03:02+00:00,,,
66317,hubsurfs,https://t.me/hubsurfs,join and send screenshot,2024-02-22T19:59:50+00:00,,,
66316,hubsurfs,https://t.me/hubsurfs,<EMAIL_ADDRESS>,2024-02-22T19:55:38+00:00,,,
66315,hubsurfs,https://t.me/hubsurfs,Send again,2024-02-22T19:49:37+00:00,,,
66314,hubsurfs,https://t.me/hubsurfs,Ok,2024-02-22T19:48:27+00:00,,,
66313,hubsurfs,https://t.me/hubsurfs,invite sent,2024-02-22T19:46:52+00:00,,,
66312,hubsurfs,https://t.me/hubsurfs,join what,2024-02-22T19:46:39+00:00,,,
66311,hubsurfs,https://t.me/hubsurfs,join and send screenshot,2024-02-22T19:46:02+00:00,,,
66310,hubsurfs,https://t.me/hubsurfs,<EMAIL_ADDRESS>,2024-02-22T19:44:06+00:00,,,
