id,Channel ID,URL,message,date,views,forwards,reactions
135,hackingcraze24_7d,https://t.me/hackingcraze24_7d,"<PERSON>.Ai Lifetime [Glitch] ($129 Value) 

Resume Builder 

Steps : 

1. Create account on REZI.AI

2. Click ""AI Credits"" and select ""Lifetime""

3. Click Coupon / Redemption Code & Enter Code ""hirednow""

Redeem Code = hirednow",2023-10-10T19:08:44+00:00,2065.0,,
336,hackingcraze24_7d,https://t.me/hackingcraze24_7d,"Okay, hoping similar kind of trick (bug)  again",2023-10-14T11:15:34+00:00,,,
325,hackingcraze24_7d,https://t.me/hackingcraze24_7d,<PERSON>,2023-10-12T16:31:56+00:00,,,
324,hackingcraze24_7d,https://t.me/hackingcraze24_7d,Please send this again,2023-10-12T15:41:59+00:00,,,
322,hackingcraze24_7d,https://t.me/hackingcraze24_7d,"It's done now. Large number of people claimed the coupon, maybe they realised this bug. 
It worked for us , I can sure you that.",2023-10-12T06:04:54+00:00,,,
321,hackingcraze24_7d,https://t.me/hackingcraze24_7d,Showing invalid coupon,2023-10-12T05:59:10+00:00,,,
319,hackingcraze24_7d,https://t.me/hackingcraze24_7d,Thankyou sir,2023-10-10T19:54:14+00:00,,,
318,hackingcraze24_7d,https://t.me/hackingcraze24_7d,Amazing thank you so much,2023-10-10T19:13:16+00:00,,,
