id,Channel ID,URL,message,date,views,forwards,reactions
1714,medploy123,https://t.me/medploy123,,2024-02-11T02:39:17+00:00,307.0,5.0,❤: 2
3416,medploy123,https://t.me/medploy123,how many mail it send per sec,2024-02-11T02:51:34+00:00,,,
3415,medploy123,https://t.me/medploy123,Yes 🙌,2024-02-11T02:50:57+00:00,,,
3414,medploy123,https://t.me/medploy123,devil sender always work ?,2024-02-11T02:50:35+00:00,,,
3410,medploy123,https://t.me/medploy123,shell can upload a scamma ? i learn something,2024-02-11T02:44:45+00:00,,,
3408,medploy123,https://t.me/medploy123,Bad cPanel use shell,2024-02-11T02:44:25+00:00,,,
3407,medploy123,https://t.me/medploy123,bro you know why when i uplad a scamma on cpanel it doesn't work ?,2024-02-11T02:43:54+00:00,,,
