id,Channel ID,URL,message,date,views,forwards,reactions
1979,medploy123,https://t.me/medploy123,smtp 100k limit inbox offcie,2024-03-26T22:21:47+00:00,221.0,,
3874,medploy123,https://t.me/medploy123,Dm me <NRP>,2024-03-26T22:46:48+00:00,,,
3873,medploy123,https://t.me/medploy123,Inbox office and hotmail,2024-03-26T22:46:25+00:00,,,
3872,medploy123,https://t.me/medploy123,How much?? Would it inbox hotmail??,2024-03-26T22:46:05+00:00,,,
3870,medploy123,https://t.me/medploy123,smtp,2024-03-26T22:23:56+00:00,,,
3869,medploy123,https://t.me/medploy123,this is a webmail,2024-03-26T22:23:46+00:00,,,
