id,Channel ID,URL,message,date,views,forwards,reactions
177,accountsforsalelucagency,https://t.me/accountsforsalelucagency,"‼️ PAGES WITH POSTS AND AGED ARE ALWAYS BETTER FOR FACEBOOK ADS ‼️

Luca Marketing Agency bring you an old-aged since <DATE_TIME> page with 1⃣6⃣0⃣0⃣ followers

‼️ Warranty back in <DATE_TIME> and page live for ads when sharing page - not warranty anything else

Contact us now to get it 🔥
✅https://t.me/Alice_LucaAgency
✅https://t.me/aimee_lucagency
✅https://t.me/Hazel_Lucagency
✅https://t.me/Christina_LucaAgency  

Check out our website: https://lucagency.net/",2023-08-24T07:43:13+00:00,155.0,1.0,
114,accountsforsalelucagency,https://t.me/accountsforsalelucagency,Bro   need follower what mather,2023-08-24T15:31:15+00:00,,,
113,accountsforsalelucagency,https://t.me/accountsforsalelucagency,https://t.me/+DSiZd41guCc1NGE0 ad this,2023-08-24T14:40:19+00:00,,,
