id,Channel ID,URL,message,date,views,forwards,reactions
182,accountsforsalelucagency,https://t.me/accountsforsalelucagency,"⭐⭐⭐⭐⭐⭐⭐⭐  ⭐⭐⭐⭐⭐⭐⭐  ⭐⭐⭐  ⭐⭐⭐⭐<NRP>

<DATE_TIME> we have 250$ limit ad account have history spend
🍀 Spent $151.38
🍀 Threshold $10
🍀 Time zone +3EU

‼️Warranty back in <DATE_TIME> - not warranty anything else

Contact us now to get it 🔥
✅https://t.me/Alice_LucaAgency
✅https://t.me/aimee_lucagency
✅https://t.me/Hazel_Lucagency
✅https://t.me/Jena_lucagency

Check out our website: https://lucagency.net/",2023-08-30T07:27:15+00:00,186.0,1.0,
123,accountsforsalelucagency,https://t.me/accountsforsalelucagency,"This is for sale and don’t have rate, just have price to purchase. Rate is for facebook rental service, if you want to rent, pls text us in direct",2023-09-05T12:25:05+00:00,,,
121,accountsforsalelucagency,https://t.me/accountsforsalelucagency,Rate?,2023-09-02T12:31:07+00:00,,,
