id,Channel ID,URL,message,date,views,forwards,reactions
434,blacktoolshq2023,https://t.me/blacktoolshq2023,"👽Bot Auto Exploit Laravel APPKEY RCE by drcrypter.ru🧨

Description: Must powerful exploit🐻‍❄️ Laravel very popup many old cve but still active in <DATE_TIME>
In this exploit, same as Laravel SMTP cracking, but to get shell by exploit, get a leaked appkey, so in this feature in modern bypass, upload shell and dynamaic payload generate.

[X] Feature: 🔥
* Support Big List.txt (website)
* Friendly to check the result on the titlebar of your CMD.
* Managed all https and http by checking auto because some domains have https that will bypass easily with shell.
* Multi-threaded and very fast with a big list
* Bypass Execute Shell
* Auto-Grab SMTP, Log, Sendgrid, Twilio, and more
* Auto SAVE Filter as well in Folder Result
* Valid Shell before saving result without dead result
* Free requests to fix bugs and support some features

Warning: Don't deal with another similar name on Telegram or Facebook. We deal in forums and TG :    https://drcrypter.ru or TG : https://t.me/purplef0x
❤️------> Price: 150$ <------ <PERSON>",2023-10-14T20:27:17+00:00,1981.0,5.0,"👍: 2, ❤: 2, 😱: 1"
40072,blacktoolshq2023,https://t.me/blacktoolshq2023,dm,2023-10-21T13:16:23+00:00,,,
40071,blacktoolshq2023,https://t.me/blacktoolshq2023,easy sir,2023-10-21T13:16:18+00:00,,,
39706,blacktoolshq2023,https://t.me/blacktoolshq2023,"Can you teach how to use it, it I purchase",2023-10-20T01:05:46+00:00,,,❤: 1
