id,Channel ID,URL,message,date,views,forwards,reactions
435,blacktoolshq2023,https://t.me/blacktoolshq2023,Our forums back sorry for waiting and let enjoy ❤️❣️: drcrypter.ru,2023-10-15T04:42:27+00:00,2103.0,3.0,"❤: 1, 🥰: 1"
38826,blacktoolshq2023,https://t.me/blacktoolshq2023,Htteps décrypter.ru,2023-10-16T07:24:03+00:00,,,
38751,blacktoolshq2023,https://t.me/blacktoolshq2023,Yes,2023-10-15T20:09:06+00:00,,,
38736,blacktoolshq2023,https://t.me/blacktoolshq2023,Https drcrypter.ru,2023-10-15T18:04:13+00:00,,,❤: 1
