id,Channel ID,URL,message,date,views,forwards,reactions
462,blacktoolshq2023,https://t.me/blacktoolshq2023,"[ Program ] Magic Dork 3.4.5 Cracked CLEANED🏆[✅]

Download LINK : https://drcrypter.ru/threads/magic-dork-3-4-5-cracked-cleaned.1136/

<PERSON> : Many Tools are unique, but this one stands out because of its high quality. I've never seen tools with so many features that make it easy for hackers and spammers to dump databases.",2023-12-06T16:43:44+00:00,2108.0,25.0,"👍: 1, ❤: 1"
61259,blacktoolshq2023,https://t.me/blacktoolshq2023,SMTPEX V5,2023-12-06T20:45:01+00:00,,,
61138,blacktoolshq2023,https://t.me/blacktoolshq2023,Admin can you crack a tool,2023-12-06T16:57:16+00:00,,,
