id,Channel ID,URL,message,date,views,forwards,reactions
432,blacktoolshq2023,https://t.me/blacktoolshq2023,https://t.me/blacktoolshq2023?boost,2023-10-09T16:18:27+00:00,2043.0,1.0,
40073,blacktoolshq2023,https://t.me/blacktoolshq2023,welcome boss,2023-10-21T13:16:34+00:00,,,👍: 1
38677,blacktoolshq2023,https://t.me/blacktoolshq2023,Hii I'm new I'm small spammer 😅,2023-10-15T06:12:52+00:00,,,❤: 1
38587,blacktoolshq2023,https://t.me/blacktoolshq2023,i know but what u will pay me to boost ur group,2023-10-14T11:33:38+00:00,,,
38586,blacktoolshq2023,https://t.me/blacktoolshq2023,only premium user click with free without pay,2023-10-14T11:32:05+00:00,,,
38585,blacktoolshq2023,https://t.me/blacktoolshq2023,what u pay for?,2023-10-14T11:31:50+00:00,,,
38584,blacktoolshq2023,https://t.me/blacktoolshq2023,for stories,2023-10-14T11:31:16+00:00,,,
38583,blacktoolshq2023,https://t.me/blacktoolshq2023,boot for love,2023-10-14T11:31:10+00:00,,,
38179,blacktoolshq2023,https://t.me/blacktoolshq2023,what for boost?,2023-10-12T00:21:15+00:00,,,❤: 1
