id,Channel ID,URL,message,date,views,forwards,reactions
451,blacktoolshq2023,https://t.me/blacktoolshq2023,"Title : <PERSON> based on python [http://drcrypter.ru] 
Links and Download : https://drcrypter.ru/threads/xeon-sender-v5-based-on-python.91/
Description: It's a very big api and you can use it in one tools
If you want to send SMS  text with your marketing or trick to target people spreading android.",2023-11-12T12:18:37+00:00,2126.0,8.0,👍: 1
71820,blacktoolshq2023,https://t.me/blacktoolshq2023,j,2023-12-22T23:49:58+00:00,,,
53623,blacktoolshq2023,https://t.me/blacktoolshq2023,https://t.me/cyberbreakers,2023-11-25T15:53:25+00:00,,,
50238,blacktoolshq2023,https://t.me/blacktoolshq2023,Is this a free sms sender?,2023-11-18T20:28:18+00:00,,,
47397,blacktoolshq2023,https://t.me/blacktoolshq2023,with api,2023-11-12T13:56:58+00:00,,,
47390,blacktoolshq2023,https://t.me/blacktoolshq2023,work,2023-11-12T13:23:01+00:00,,,
47389,blacktoolshq2023,https://t.me/blacktoolshq2023,It’s work bro?,2023-11-12T13:18:40+00:00,,,
