id,Channel ID,URL,message,date,views,forwards,reactions
1025,hackers_asylum,https://t.me/hackers_asylum,Link Updated⚡️✅,2024-02-25T18:41:25+00:00,2787.0,1.0,"❤: 9, 🔥: 3, 👌: 2, 🆒: 2"
13835,hackers_asylum,https://t.me/hackers_asylum,,2024-02-26T14:09:38+00:00,,,
13821,hackers_asylum,https://t.me/hackers_asylum,"Amazing, more leaks of courses like this!",2024-02-26T11:53:52+00:00,,,
13810,hackers_asylum,https://t.me/hackers_asylum,"Dm me i have it.
Not selling it. I'm giving for free",2024-02-26T03:13:59+00:00,,,
13809,hackers_asylum,https://t.me/hackers_asylum,Where is the beginner course.,2024-02-26T01:10:40+00:00,,,
13805,hackers_asylum,https://t.me/hackers_asylum,Can you get the new <PERSON> red pill course?,2024-02-25T19:34:22+00:00,,,
