id,Channel ID,URL,message,date,views,forwards,reactions
1027,hackers_asylum,https://t.me/hackers_asylum,🚨R00TK1T hacking group's latest announcement<PERSON>They recently announced on their channel about their latest mission regarding their intentions to disrupt Saudi Arabia's networks and infrastructure which is concerning. The potential cyber threats posed by such actions demand heightened vigilance and robust cybersecurity measures.,2024-02-26T16:51:27+00:00,2686.0,6.0,"😱: 6, ⚡: 1, ❤: 1, 🔥: 1, 🤩: 1"
13847,hackers_asylum,https://t.me/hackers_asylum,mr. <PERSON> vibes,2024-02-26T19:34:05+00:00,,,
13846,hackers_asylum,https://t.me/hackers_asylum,We'll see what happens,2024-02-26T18:17:40+00:00,,,
13844,hackers_asylum,https://t.me/hackers_asylum,corrupt country btw i m from Morocco,2024-02-26T17:34:50+00:00,,,
13841,hackers_asylum,https://t.me/hackers_asylum,Why morocco?,2024-02-26T17:23:53+00:00,,,
13840,hackers_asylum,https://t.me/hackers_asylum,we want next Morocco makee it happen R00TK1T,2024-02-26T17:09:35+00:00,,,
