id,Channel ID,URL,message,date,views,forwards,reactions
1054,hackers_asylum,https://t.me/hackers_asylum,"Breaking: Cyber threat alert! ⚠️⚠

<PERSON> announced malevolent intentions towards Nestle, promising chaos and disruption in the digital infrastructure of the company.😀",2024-03-09T04:22:12+00:00,2815.0,,"🔥: 7, ⚡: 4, 😱: 4, ❤: 3, 🤩: 1"
14395,hackers_asylum,https://t.me/hackers_asylum,For begginer,2024-03-09T04:25:11+00:00,,,
14394,hackers_asylum,https://t.me/hackers_asylum,Vro do I need hi-tech laptop or computer to do these stuffs and learn cyber security,2024-03-09T04:25:00+00:00,,,
