id,Channel ID,URL,message,date,views,forwards,reactions
1005,hackers_asylum,https://t.me/hackers_asylum,"⚡️🔼ANDREW TATE – WAR ROOM TRADING ACADEMY MILLIONAIRE FOUNDERS EDITION COURSE 🕯📊

📱 Watch From Here - 
https://t.me/DownloadedFiles/43

Share Us For More Contents Like This 📱",2024-02-14T05:08:24+00:00,4408.0,58.0,"❤: 12, 👍: 1, 🔥: 1, 🤩: 1, 🙏: 1"
15436,hackers_asylum,https://t.me/hackers_asylum,Post more war room and capital club contents🔥🔥🔥,2024-03-23T06:40:25+00:00,,,
13670,hackers_asylum,https://t.me/hackers_asylum,"This is just the intro, are there any more videos?",2024-02-21T23:11:08+00:00,,,
13197,hackers_asylum,https://t.me/hackers_asylum,,2024-02-14T17:08:53+00:00,,,
13196,hackers_asylum,https://t.me/hackers_asylum,Pls who has <PERSON> funnel university course,2024-02-14T17:08:42+00:00,,,
13195,hackers_asylum,https://t.me/hackers_asylum,Sharing my channel > Saying Thanks..,2024-02-14T17:07:58+00:00,,,
13194,hackers_asylum,https://t.me/hackers_asylum,Great content thanks again,2024-02-14T17:07:58+00:00,,,
13187,hackers_asylum,https://t.me/hackers_asylum,Great vidéo More war room contente plz,2024-02-14T14:47:21+00:00,,,👍: 2
13173,hackers_asylum,https://t.me/hackers_asylum,"Real , but lowk scary 😂",2024-02-14T07:23:12+00:00,,,
13169,hackers_asylum,https://t.me/hackers_asylum,"old tate was weird as shit , I love him but , His old content lowk fucking weird",2024-02-14T05:20:05+00:00,,,
