id,Channel ID,URL,message,date,views,forwards,reactions
877,hackers_asylum,https://t.me/hackers_asylum,"🧨 FREE 100TB CLOUD STORAGE FROM :- NITOFLARE 🕹

 1) Go To This Link :- https://www.nitroflare.com/register?referrer=1961428

2) Make An Account With Any Email Address

3) after creating the account check your storage it will be 500GB

4) let’s make it 100TB storage for free

5) below the storage circle chart, click on “GET MORE STORAGE” option

6)  congratulations YOU GOT 100TB STORAGE FOR FREE

@Hackers_Asylum Share With Your Friends And Give reactions ☺️",2024-01-07T04:37:29+00:00,2608.0,41.0,"🔥: 14, 👍: 8, ❤: 2"
10094,hackers_asylum,https://t.me/hackers_asylum,No don't have any seperate channel,2024-01-08T08:46:46+00:00,,,
10093,hackers_asylum,https://t.me/hackers_asylum,Is There any seperate channel you have for this?,2024-01-08T08:46:21+00:00,,,
10092,hackers_asylum,https://t.me/hackers_asylum,Yes I do,2024-01-08T08:41:21+00:00,,,
10091,hackers_asylum,https://t.me/hackers_asylum,Limited time 😃,2024-01-08T08:41:15+00:00,,,
10090,hackers_asylum,https://t.me/hackers_asylum,,2024-01-08T08:33:57+00:00,,,
10089,hackers_asylum,https://t.me/hackers_asylum,Is it forever or for a limited time?,2024-01-08T08:33:34+00:00,,,
10088,hackers_asylum,https://t.me/hackers_asylum,"Hey asylum, 

Do you upload courses of <NRP> creators?",2024-01-08T08:32:54+00:00,,,
10087,hackers_asylum,https://t.me/hackers_asylum,It takes time to upload there,2024-01-08T08:31:22+00:00,,,
10086,hackers_asylum,https://t.me/hackers_asylum,Upload from ftp upload,2024-01-08T04:42:53+00:00,,,
10084,hackers_asylum,https://t.me/hackers_asylum,Oh okay but it's useless,2024-01-08T04:40:13+00:00,,,
10083,hackers_asylum,https://t.me/hackers_asylum,,2024-01-08T04:37:43+00:00,,,
10082,hackers_asylum,https://t.me/hackers_asylum,Anyone?,2024-01-08T04:36:48+00:00,,,
10080,hackers_asylum,https://t.me/hackers_asylum,How to upload any thing here?,2024-01-08T04:33:09+00:00,,,
10069,hackers_asylum,https://t.me/hackers_asylum,"I found out why it doesn't work, my WiFi broadband doesn't allow that website from the ""high court"" lmao",2024-01-07T10:06:02+00:00,,,
10068,hackers_asylum,https://t.me/hackers_asylum,"Click on the link and see in upper right hand side corner ...
And sign in from there",2024-01-07T09:47:52+00:00,,,
10067,hackers_asylum,https://t.me/hackers_asylum,What does it show to you send ss,2024-01-07T09:47:14+00:00,,,
10066,hackers_asylum,https://t.me/hackers_asylum,It does...,2024-01-07T09:46:54+00:00,,,
10065,hackers_asylum,https://t.me/hackers_asylum,The link,2024-01-07T09:40:52+00:00,,,
10064,hackers_asylum,https://t.me/hackers_asylum,Doesn't work,2024-01-07T09:40:49+00:00,,,
