id,Channel ID,URL,message,date,views,forwards,reactions
1038,hackers_asylum,https://t.me/hackers_asylum,"<PERSON>The official system of the Iraqi Ministry of Commerce has been breached by the <PERSON> Drag0nz team, resulting in the exposure of data belonging to nearly 20 million <NRP> citizens.....Shockingly data is available on private forum.",2024-02-29T16:44:48+00:00,2908.0,6.0,"❤: 5, 👍: 3"
14028,hackers_asylum,https://t.me/hackers_asylum,Whats the private forum?,2024-02-29T20:27:05+00:00,,,
14016,hackers_asylum,https://t.me/hackers_asylum,Thats good,2024-02-29T17:15:24+00:00,,,
14015,hackers_asylum,https://t.me/hackers_asylum,Yes few members of their team are already arrested.,2024-02-29T17:14:44+00:00,,,
14014,hackers_asylum,https://t.me/hackers_asylum,"If it was real, then it can be used by the terror1sts",2024-02-29T17:13:54+00:00,,,
14013,hackers_asylum,https://t.me/hackers_asylum,"For scamming, blackmailing frauding etc",2024-02-29T17:13:11+00:00,,,
14012,hackers_asylum,https://t.me/hackers_asylum,"Maybe they just upload the index, not really a hard job, but still the data is not on public and not online, its a gui, and only offline",2024-02-29T17:13:08+00:00,,,
14011,hackers_asylum,https://t.me/hackers_asylum,How is this data used? Just for Ads!,2024-02-29T17:12:04+00:00,,,
14008,hackers_asylum,https://t.me/hackers_asylum,"Could be...
This hacker group have leaked many other sensitive data.",2024-02-29T17:02:51+00:00,,,
14005,hackers_asylum,https://t.me/hackers_asylum,"And the data is not stored online, its a close system, a LAN network and cant be breached and leaked",2024-02-29T16:52:35+00:00,,,
14004,hackers_asylum,https://t.me/hackers_asylum,"Its the moc

They can put the <DATE_TIME> breach data which is in millions",2024-02-29T16:52:02+00:00,,,
14002,hackers_asylum,https://t.me/hackers_asylum,What is this bro,2024-02-29T16:50:36+00:00,,,
14001,hackers_asylum,https://t.me/hackers_asylum,/report@Tele_Search_bot,2024-02-29T16:50:30+00:00,,,
14000,hackers_asylum,https://t.me/hackers_asylum,/report@Tele_Search_bot,2024-02-29T16:50:22+00:00,,,
13998,hackers_asylum,https://t.me/hackers_asylum,Or may be someone is paying them,2024-02-29T16:47:11+00:00,,,
13997,hackers_asylum,https://t.me/hackers_asylum,Lol they are doing it for fun and for fame.,2024-02-29T16:46:49+00:00,,,
13996,hackers_asylum,https://t.me/hackers_asylum,Can you explain to us the reasons for this cyber war at this time?,2024-02-29T16:45:56+00:00,,,
