id,Channel ID,URL,message,date,views,forwards,reactions
1018,hackers_asylum,https://t.me/hackers_asylum,"🚨LockBit Ransomware Gang Exposed: NCA and Law Enforcement Sting Reveals Affiliate Details


In a groundbreaking development, the National Crime Agency (NCA) and international law enforcement agencies have uncovered a major breakthrough in the fight against cybercrime. A substantial amount of data was exfiltrated from LockBit's platform before its corruption, marking a pivotal moment in dismantling the criminal infrastructure behind the nefarious LockBit ransomware operations.


The exposed data has empowered the NCA and its partners to initiate coordinated enquiries aimed at identifying the hackers associated with LockBit's affiliate network. This proactive approach serves as a significant blow to the illicit activities of those who pay to be a part of LockBit's network.


For the first time, some fundamental details pertaining to this revelation have been published, underscoring the resolute efforts of law enforcement to disrupt cybercriminal activities and hold perpetrators accountable for their actions.",2024-02-21T17:33:43+00:00,3188.0,5.0,"🗿: 4, ❤: 1, 🔥: 1, 😱: 1"
13674,hackers_asylum,https://t.me/hackers_asylum,<PERSON> has be caught,2024-02-22T03:44:47+00:00,,,
13661,hackers_asylum,https://t.me/hackers_asylum,Can anyone hack it and give it to me?,2024-02-21T17:56:50+00:00,,,
13659,hackers_asylum,https://t.me/hackers_asylum,Okay dm,2024-02-21T17:52:58+00:00,,,
13658,hackers_asylum,https://t.me/hackers_asylum,Can I saw that?,2024-02-21T17:52:53+00:00,,,
13657,hackers_asylum,https://t.me/hackers_asylum,They use to post a lot of leaked databases,2024-02-21T17:52:18+00:00,,,
13656,hackers_asylum,https://t.me/hackers_asylum,Can you show me that in personal?,2024-02-21T17:52:08+00:00,,,
13655,hackers_asylum,https://t.me/hackers_asylum,WHAT THE * ARE YOU TALKING ABOUT PRO ❓,2024-02-21T17:52:01+00:00,,,
13652,hackers_asylum,https://t.me/hackers_asylum,Yeah,2024-02-21T17:50:47+00:00,,,
13650,hackers_asylum,https://t.me/hackers_asylum,I see.  Then it was probably a scam channel.,2024-02-21T17:50:38+00:00,,,
13648,hackers_asylum,https://t.me/hackers_asylum,Then it's scam maybe,2024-02-21T17:48:24+00:00,,,
13647,hackers_asylum,https://t.me/hackers_asylum,A channel and a group,2024-02-21T17:44:00+00:00,,,
13646,hackers_asylum,https://t.me/hackers_asylum,They do,2024-02-21T17:43:42+00:00,,,
13645,hackers_asylum,https://t.me/hackers_asylum,They ain't have telegram channel,2024-02-21T17:43:12+00:00,,,
13644,hackers_asylum,https://t.me/hackers_asylum,,2024-02-21T17:41:28+00:00,,,
13642,hackers_asylum,https://t.me/hackers_asylum,Time to leave their telegram channel💀,2024-02-21T17:35:03+00:00,,,
