id,Channel ID,URL,message,date,views,forwards,reactions
1040,hackers_asylum,https://t.me/hackers_asylum,"🇺🇸Data from the US National Institutes of Health, including sensitive patient details, has been reportedly leaked on a private forum, raising concerns about data security and privacy.

Website: http://nih.gov",2024-03-01T10:03:04+00:00,2892.0,3.0,"😱: 3, 🗿: 2, ❤: 1, 🆒: 1"
16128,hackers_asylum,https://t.me/hackers_asylum,You need to be an admin to do this.,2024-04-01T01:16:25+00:00,,,
16127,hackers_asylum,https://t.me/hackers_asylum,/ban,2024-04-01T01:16:25+00:00,,,
14102,hackers_asylum,https://t.me/hackers_asylum,You need to be an admin to do this.,2024-03-03T11:48:52+00:00,,,
14075,hackers_asylum,https://t.me/hackers_asylum,You need to be an admin to do this.,2024-03-02T10:29:48+00:00,,,
14066,hackers_asylum,https://t.me/hackers_asylum,Mistakenly clicked on the previous message and command got executed,2024-03-02T05:15:11+00:00,,,
14064,hackers_asylum,https://t.me/hackers_asylum,You need to be an admin to do this.,2024-03-02T05:14:08+00:00,,,👍: 1
14063,hackers_asylum,https://t.me/hackers_asylum,/ban,2024-03-02T05:14:07+00:00,,,
14055,hackers_asylum,https://t.me/hackers_asylum,"Hacking news because it is hackers asylum.

Courses because I get subs from it.",2024-03-01T13:55:31+00:00,,,👍: 3
14054,hackers_asylum,https://t.me/hackers_asylum,"Another one bites the dust...!
Banned ⏤͟͞𝗗𝗔𝗥𝗞 𝗛𝗔𝗖𝗞𝗘𝗥 ●🚩.",2024-03-01T13:54:14+00:00,,,
14053,hackers_asylum,https://t.me/hackers_asylum,/ban,2024-03-01T13:54:13+00:00,,,
14044,hackers_asylum,https://t.me/hackers_asylum,Why did you change the content and make it all international news and not courses?,2024-03-01T11:16:49+00:00,,,
14040,hackers_asylum,https://t.me/hackers_asylum,What forum is this bro?,2024-03-01T10:16:44+00:00,,,
