id,Channel ID,URL,message,date,views,forwards,reactions
1029,hackers_asylum,https://t.me/hackers_asylum,"📊Get Any Book For Free | How To Download Scribd
<PERSON>, ISSUU, SlideShare,
Academia & More🔍

1. Go To http://docdownloader.com➕ 

2. Insert URL😮
3. Download and use📎
4. Enjoy!⌛

🔤🔤🔤🔤🔤                    🔤🔤
😭       @Hackers_Asylum.        😭",2024-02-27T18:31:26+00:00,2998.0,113.0,"🔥: 15, ❤: 5, ⚡: 2, 👍: 2, 😱: 1, 🤩: 1"
13900,hackers_asylum,https://t.me/hackers_asylum,🚀,2024-02-28T07:33:19+00:00,,,
13894,hackers_asylum,https://t.me/hackers_asylum,Can u give new link for educate.io by <PERSON> one does not work also updated if can please,2024-02-27T21:23:40+00:00,,,
13888,hackers_asylum,https://t.me/hackers_asylum,thankss🔥,2024-02-27T18:35:04+00:00,,,
