id,Channel ID,URL,message,date,views,forwards,reactions
904,hackers_asylum,https://t.me/hackers_asylum,"💣<PERSON> RAT v3 Full Version – Lifetime🪓

 
🧨Cypher RAT v3 Full Version – Lifetime
Cypher RAT V3 Full Version –

 LifetimeFeatures:
~ Anti-Kill
~ Anti-Delete
~ Screen control (VNC)
~ Apk Full injection With Real APP Spy
~ Clean APK FUD
~ Stealer 2FA Google Authenticator Code
~ Bypass Chinese Phones Protection
~ Crypto Stealer Clipboard
~ All FUD Feature.
~ Friendly Support

Tested on Android: 5.6,7, 8,9,10,11 and 12
Application Features:


🪬Super Mode:

🩸Anti-Kill
🩸Anti-Delete
🩸Realtime Monitor Active App
🩸Auto Click Start Screen Record
🩸New Fake App Skin Changer
🩸Anti shutdown phone

Download Link -

https://www.4shared.com/s/fq5RmqF2Ojq

https://www.mirrored.to/files/1KADAG5T/Cypher_RAT_V3_Cracked.zip_links

https://mega.nz/file/wv012CDT#0Q1thqaxcPaF-HBjEknsnwi29ukVKqqiMpAYmm9wISE

Note: It may contain Virus, so use VM or RDP",2024-01-24T08:55:34+00:00,3162.0,34.0,🔥: 2
19082,hackers_asylum,https://t.me/hackers_asylum,It does not work,2024-06-03T06:45:10+00:00,,,
11137,hackers_asylum,https://t.me/hackers_asylum,"It may contain Virus, so use VM or RDP",2024-01-25T01:27:00+00:00,,,
11131,hackers_asylum,https://t.me/hackers_asylum,DON'T,2024-01-24T22:20:31+00:00,,,
11130,hackers_asylum,https://t.me/hackers_asylum,So how can we use it ?,2024-01-24T22:13:00+00:00,,,
11112,hackers_asylum,https://t.me/hackers_asylum,Nope,2024-01-24T12:37:03+00:00,,,👍: 1
11111,hackers_asylum,https://t.me/hackers_asylum,So I should not install it right?😅,2024-01-24T12:35:32+00:00,,,
11109,hackers_asylum,https://t.me/hackers_asylum,The application hackers make you install in your phone to get access of it,2024-01-24T12:34:01+00:00,,,
11108,hackers_asylum,https://t.me/hackers_asylum,A rat remote access tool ..,2024-01-24T12:33:40+00:00,,,
11107,hackers_asylum,https://t.me/hackers_asylum,what is this?,2024-01-24T12:25:08+00:00,,,
