id,Channel ID,URL,message,date,views,forwards,reactions
905,hackers_asylum,https://t.me/hackers_asylum,"<PERSON> – Agency Navigator Latest 

Here - https://t.me/HackerS_AsyLum/940


Share Us With Your Friends And Give Reactions For Motivation @Hackers_Asylum",2024-01-24T09:03:55+00:00,4462.0,22.0,"🔥: 13, ❤: 2"
12796,hackers_asylum,https://t.me/hackers_asylum,Yeah I downloaded that course brother,2024-02-07T08:54:36+00:00,,,
12795,hackers_asylum,https://t.me/hackers_asylum,Yeah I saw that but it only has one module,2024-02-07T08:53:54+00:00,,,
12718,hackers_asylum,https://t.me/hackers_asylum,"Uploaded on channel 
Tyson 4d and pen to profit.",2024-02-06T16:18:03+00:00,,,
12716,hackers_asylum,https://t.me/hackers_asylum,<PERSON> trash course wanna learn copy waych tyson 4d better,2024-02-06T16:08:39+00:00,,,
12715,hackers_asylum,https://t.me/hackers_asylum,Bro can I get pen to profit full course,2024-02-06T15:59:21+00:00,,,
11330,hackers_asylum,https://t.me/hackers_asylum,You can copy it through mega in <DATE_TIME> but you will have to download all those rar files,2024-01-27T12:04:29+00:00,,,
11328,hackers_asylum,https://t.me/hackers_asylum,Mega is a cloud storage,2024-01-27T12:04:10+00:00,,,
11327,hackers_asylum,https://t.me/hackers_asylum,"Thx bro 
What's the difference between these Rar file and mega link?",2024-01-27T12:03:24+00:00,,,
11325,hackers_asylum,https://t.me/hackers_asylum,"https://mega.nz/folder/zFRRnTab#e1fz8jwF3LLtCYogXAl1ZQ

https://mega.nz/folder/CZZTlTAa#h4dKmHTtNrh9j-oE59BVyw",2024-01-27T11:51:57+00:00,,,
11280,hackers_asylum,https://t.me/hackers_asylum,<PERSON> course,2024-01-27T05:01:38+00:00,,,👍: 1
11261,hackers_asylum,https://t.me/hackers_asylum,What is this exactly?,2024-01-26T18:12:52+00:00,,,
11257,hackers_asylum,https://t.me/hackers_asylum,Thank you so much,2024-01-26T17:45:34+00:00,,,
11136,hackers_asylum,https://t.me/hackers_asylum,Inbox,2024-01-25T01:26:24+00:00,,,
11075,hackers_asylum,https://t.me/hackers_asylum,Alr thanks G,2024-01-24T09:06:02+00:00,,,
11074,hackers_asylum,https://t.me/hackers_asylum,"@CipherSentinel 
On your Website? 
This is also a popular course...",2024-01-24T09:06:02+00:00,,,
11073,hackers_asylum,https://t.me/hackers_asylum,No I don't have time I will ask my friend,2024-01-24T09:05:54+00:00,,,
11072,hackers_asylum,https://t.me/hackers_asylum,Yeah,2024-01-24T09:05:23+00:00,,,
11071,hackers_asylum,https://t.me/hackers_asylum,On mega?,2024-01-24T09:05:17+00:00,,,
11069,hackers_asylum,https://t.me/hackers_asylum,Can u upload it?,2024-01-24T09:04:34+00:00,,,
