id,Channel ID,URL,message,date,views,forwards,reactions
1051,hackers_asylum,https://t.me/hackers_asylum,"🇮🇱Huge Telecom #CyberAttack on #Israel

🚨Anonymous Sudan strikes again, launching a disruptive DDoS attack on Partner Communications Ltd, a major telecommunications company in Israel.",2024-03-08T03:56:49+00:00,2882.0,1.0,"🔥: 20, 🗿: 5, 😱: 2"
14353,hackers_asylum,https://t.me/hackers_asylum,,2024-03-08T09:48:47+00:00,,,❤: 2
14349,hackers_asylum,https://t.me/hackers_asylum,,2024-03-08T07:41:03+00:00,,,
