id,Channel ID,URL,message,date,views,forwards,reactions
1049,hackers_asylum,https://t.me/hackers_asylum,"<PERSON>Download <PERSON> IQ Course For Free 🔍


📣In DateIQ You’ll learn my exact framework to get hot girls off the street and in your bed

🤡Direct/Dismissive Approach (Hot & Cold)
▶️Understand the deep & dark 
💸psychological attraction triggers
💸The two archetypes of men (Carnivore & Herbivore)
🔼When a woman wants you to break the touch barrier

📊Sales Page: here

👀Free Download Mega code : https://mega.nz/folder/IekE3bxb#EMRiL2nDmXnlO5_1hRMvuA

Password : hacksnation.com/u/Robert_California

SHare Us For More - @Hackers_Asylum",2024-03-05T13:04:43+00:00,3346.0,57.0,"🔥: 5, ⚡: 2, ❤: 2, 🤩: 2"
17132,hackers_asylum,https://t.me/hackers_asylum,Bro give access pls,2024-04-29T10:35:45+00:00,,,
17089,hackers_asylum,https://t.me/hackers_asylum,Bro approve mine too!,2024-04-27T18:50:12+00:00,,,
17038,hackers_asylum,https://t.me/hackers_asylum,what is this link?,2024-04-25T17:44:45+00:00,,,
14719,hackers_asylum,https://t.me/hackers_asylum,"<PERSON> of Abhinav By 1 
Total Points: 1",2024-03-14T09:42:23+00:00,,,
14699,hackers_asylum,https://t.me/hackers_asylum,Sharing my channel > Saying Thanks..,2024-03-14T04:01:51+00:00,,,
14698,hackers_asylum,https://t.me/hackers_asylum,Thanks,2024-03-14T04:01:51+00:00,,,
14697,hackers_asylum,https://t.me/hackers_asylum,Done,2024-03-14T04:01:32+00:00,,,
14696,hackers_asylum,https://t.me/hackers_asylum,Approve,2024-03-14T03:52:49+00:00,,,
14695,hackers_asylum,https://t.me/hackers_asylum,https://drive.google.com/drive/folders/1RMpTogNKvVDmpQ3l-03nJgwONPUQHkRG,2024-03-14T03:51:44+00:00,,,🔥: 1
14688,hackers_asylum,https://t.me/hackers_asylum,You can share here to all our members ❤️❤️,2024-03-14T03:21:19+00:00,,,
14687,hackers_asylum,https://t.me/hackers_asylum,I have dateiq course in google drive,2024-03-14T03:19:12+00:00,,,
14387,hackers_asylum,https://t.me/hackers_asylum,Where and how brother,2024-03-09T03:14:14+00:00,,,
14345,hackers_asylum,https://t.me/hackers_asylum,Yes,2024-03-08T04:21:03+00:00,,,
14322,hackers_asylum,https://t.me/hackers_asylum,You know what we need,2024-03-07T16:40:56+00:00,,,
14302,hackers_asylum,https://t.me/hackers_asylum,Yes you can do dropshipping from India... Dm,2024-03-07T10:01:28+00:00,,,
14294,hackers_asylum,https://t.me/hackers_asylum,Sorry to bother you guys but please @CipherSentinel @PhilosopherMindset @Hacker_mindset answer me I have stucked. And one more question can I do tiktok dropshipping from India?,2024-03-07T09:47:49+00:00,,,
14273,hackers_asylum,https://t.me/hackers_asylum,"Brother can we get the files which are mentioned in the tiktok dropshipping course of <PERSON> capital club course (like the theme of shopify store, images and so on) ????",2024-03-07T03:42:18+00:00,,,
14267,hackers_asylum,https://t.me/hackers_asylum,Yes it is,2024-03-06T16:53:08+00:00,,,
14264,hackers_asylum,https://t.me/hackers_asylum,Bro is this link working,2024-03-06T16:41:30+00:00,,,
14207,hackers_asylum,https://t.me/hackers_asylum,Working bro,2024-03-05T15:09:16+00:00,,,
14205,hackers_asylum,https://t.me/hackers_asylum,Mega imposes a limit of <DATE_TIME> after downloading some files.,2024-03-05T14:39:21+00:00,,,
14204,hackers_asylum,https://t.me/hackers_asylum,"@PhilosopherMindset Brother, upload these files on Telegram, people are facing problem.",2024-03-05T14:38:37+00:00,,,
14203,hackers_asylum,https://t.me/hackers_asylum,After downloading put all files in one folder and just extract one file from all of them.,2024-03-05T14:34:53+00:00,,,
14201,hackers_asylum,https://t.me/hackers_asylum,For Android,2024-03-05T14:31:20+00:00,,,
14200,hackers_asylum,https://t.me/hackers_asylum,Use Zarchiver,2024-03-05T14:31:14+00:00,,,
14191,hackers_asylum,https://t.me/hackers_asylum,Change your name to jokerology,2024-03-05T13:17:05+00:00,,,🤣: 1
14188,hackers_asylum,https://t.me/hackers_asylum,Nope. Search on Google what's is Zip Split Compression,2024-03-05T13:16:25+00:00,,,
14187,hackers_asylum,https://t.me/hackers_asylum,I will not,2024-03-05T13:16:05+00:00,,,
14186,hackers_asylum,https://t.me/hackers_asylum,Bro sounds like he's tryna hack my pc,2024-03-05T13:15:35+00:00,,,
14185,hackers_asylum,https://t.me/hackers_asylum,"Download all the files, make sure they are in same folder, make sure there names are right as in mega folder.
extract 001 part and it will extract all parts automatically.",2024-03-05T13:14:44+00:00,,,❤: 1
14184,hackers_asylum,https://t.me/hackers_asylum,"something's off, why are the files like this",2024-03-05T13:13:31+00:00,,,
14183,hackers_asylum,https://t.me/hackers_asylum,Just download,2024-03-05T13:12:14+00:00,,,
14182,hackers_asylum,https://t.me/hackers_asylum,do we need to decode the course? or straight just download it,2024-03-05T13:12:04+00:00,,,
