id,Channel ID,URL,message,date,views,forwards,reactions
1002,hackers_asylum,https://t.me/hackers_asylum,"✨ DEEP WEB AND DARK WEB 1.3 GB FULL COURSE [NOOB TO PRO] ✨

✅ɪɴᴛʀᴏᴅᴜᴄᴛɪᴏɴ
✅ɪɴsᴛᴀʟʟɪɴɢ ᴛᴏʀ
<PERSON>ᴄʀʏᴘᴛᴏᴄᴜʀʀᴇɴᴄɪᴇs
⚠️ᴅᴀɴɢᴇʀs

🔽DOWNLOAD LINK 🔗
https://mega.nz/folder/8r8hDSCK#h_u_pdZzi4WKFtTiPFDmkg

🔤🔤🔤🔤🔤           🔤🔤
@Hackers_Asylum 🔤",2024-02-09T14:09:26+00:00,4621.0,129.0,"🔥: 9, ❤: 2, 👍: 1, ⚡: 1, 👌: 1"
13076,hackers_asylum,https://t.me/hackers_asylum,think so,2024-02-11T10:22:24+00:00,,,
13031,hackers_asylum,https://t.me/hackers_asylum,There are courses for that?,2024-02-11T03:16:51+00:00,,,
13026,hackers_asylum,https://t.me/hackers_asylum,please drop a sport betting course,2024-02-10T22:46:40+00:00,,,
12955,hackers_asylum,https://t.me/hackers_asylum,Ya,2024-02-10T10:46:33+00:00,,,
12952,hackers_asylum,https://t.me/hackers_asylum,Use termux to install,2024-02-10T10:37:36+00:00,,,
12944,hackers_asylum,https://t.me/hackers_asylum,How to install kali in Android non root device?,2024-02-10T07:10:23+00:00,,,
12909,hackers_asylum,https://t.me/hackers_asylum,Does anyone has <PERSON> course? I just saw it on <PERSON>'s story,2024-02-09T18:59:35+00:00,,,❤: 1
12906,hackers_asylum,https://t.me/hackers_asylum,"NOW the ban is removed, i will download",2024-02-09T17:12:23+00:00,,,❤: 1
12904,hackers_asylum,https://t.me/hackers_asylum,kidding man 💀,2024-02-09T16:24:59+00:00,,,
12903,hackers_asylum,https://t.me/hackers_asylum,Ban?,2024-02-09T16:24:38+00:00,,,
12902,hackers_asylum,https://t.me/hackers_asylum,Make a new account,2024-02-09T16:24:29+00:00,,,
12901,hackers_asylum,https://t.me/hackers_asylum,"@Glitchmindset can you download these ""https://mega.nz/folder/8r8hDSCK#h_u_pdZzi4WKFtTiPFDmkg"" "" https://mega.nz/folder/figmjSiD#zIHXM7OR3smYzmQnJmmqkA "" and send them in telegram as mega has ip banned me temporarly",2024-02-09T16:02:35+00:00,,,
12899,hackers_asylum,https://t.me/hackers_asylum,☠️☠️☠️,2024-02-09T15:04:34+00:00,,,
12898,hackers_asylum,https://t.me/hackers_asylum,cp?,2024-02-09T15:02:54+00:00,,,
12897,hackers_asylum,https://t.me/hackers_asylum,https://www.udemy.com/course/introduction-to-dark-web-anonymity-and-cryptocurrency/,2024-02-09T14:21:00+00:00,,,
12896,hackers_asylum,https://t.me/hackers_asylum,https://mega.nz/folder/figmjSiD#zIHXM7OR3smYzmQnJmmqkA,2024-02-09T14:19:26+00:00,,,
