id,Channel ID,URL,message,date,views,forwards,reactions
1001,hackers_asylum,https://t.me/hackers_asylum,"💸<PERSON> - EasyGrow 2024 Updates🔥


1 Acquisition Genesis (Start Here)
2 Self Transcendence
3 Sales Systems
4. Outbound Systems
5. Inbound Systems
6 Paid Systems
7 Agency Service Delivery
8 GoHighLevel Mastery
9 Google Ads Mastery
10 Masterclasses
11 Coaching Call Recordings
12 Community

🔽Download Link 🔗

https://mega.nz/folder/tiEk2TwD#vt36IYw0_vY1ZPtpN5KdzQ

Share us For More Amazing Contents ✅ @Hackers_Asylum",2024-02-08T11:18:02+00:00,4306.0,65.0,"🔥: 11, ❤: 2, 👌: 2, ⚡: 1"
17174,hackers_asylum,https://t.me/hackers_asylum,You need to be an admin to do this.,2024-04-29T19:31:48+00:00,,,
17173,hackers_asylum,https://t.me/hackers_asylum,<PERSON>,2024-04-29T19:31:47+00:00,,,
17149,hackers_asylum,https://t.me/hackers_asylum,Do any one have the new Facebook ads module??,2024-04-29T16:13:08+00:00,,,
17055,hackers_asylum,https://t.me/hackers_asylum,Link don't work for <PERSON> course can we have a new one,2024-04-26T10:10:37+00:00,,,
16375,hackers_asylum,https://t.me/hackers_asylum,this link isn't working,2024-04-08T09:42:25+00:00,,,
16374,hackers_asylum,https://t.me/hackers_asylum,"@PhilosopherMindset 
I believe there’s a missing file : 
3 Sales Systems > 3 Imperium Conversion Playbook.mp4",2024-04-08T07:53:55+00:00,,,
16252,hackers_asylum,https://t.me/hackers_asylum,"https://mega.nz/folder/QiEiQYoZ#Y6qEZlMhDWlEBy7IScq_jw
<PERSON>",2024-04-03T14:04:21+00:00,,,"🔥: 4, ⚡: 1"
16251,hackers_asylum,https://t.me/hackers_asylum,"@PhilosopherMindset
Bro pls update the link the folders are missing",2024-04-03T12:12:26+00:00,,,
16130,hackers_asylum,https://t.me/hackers_asylum,The link stopped working,2024-04-01T02:48:15+00:00,,,
13680,hackers_asylum,https://t.me/hackers_asylum,You need to be an admin to do this.,2024-02-22T13:17:08+00:00,,,
13679,hackers_asylum,https://t.me/hackers_asylum,<PERSON>,2024-02-22T13:17:07+00:00,,,
13627,hackers_asylum,https://t.me/hackers_asylum,You need to be an admin to do this.,2024-02-21T15:42:40+00:00,,,
13626,hackers_asylum,https://t.me/hackers_asylum,<PERSON>,2024-02-21T15:42:40+00:00,,,
12887,hackers_asylum,https://t.me/hackers_asylum,"I've kicked Ultra.
Reason:
don't promote without permission",2024-02-09T12:56:31+00:00,,,
12886,hackers_asylum,https://t.me/hackers_asylum,/dkick don't promote without permission,2024-02-09T12:56:30+00:00,,,
12879,hackers_asylum,https://t.me/hackers_asylum,Sharing my channel > Saying Thanks..,2024-02-09T05:09:49+00:00,,,👍: 1
12878,hackers_asylum,https://t.me/hackers_asylum,Thanks!,2024-02-09T05:09:49+00:00,,,
12876,hackers_asylum,https://t.me/hackers_asylum,https://t.me/HackerS_AsyLum/897,2024-02-09T03:49:43+00:00,,,❤: 1
12875,hackers_asylum,https://t.me/hackers_asylum,Sharing my channel > Saying Thanks..,2024-02-09T00:00:12+00:00,,,
12874,hackers_asylum,https://t.me/hackers_asylum,Does anyone have <PERSON>’s EDUCATE IO course? The links seem to be broken all over. I have agency navigator and six figure sales rep but need pen to profit from EDUCATE. Thanks,2024-02-09T00:00:11+00:00,,,
12868,hackers_asylum,https://t.me/hackers_asylum,Really?,2024-02-08T21:57:42+00:00,,,
12866,hackers_asylum,https://t.me/hackers_asylum,he is a fake bro,2024-02-08T21:57:33+00:00,,,
12865,hackers_asylum,https://t.me/hackers_asylum,I'm finding <PERSON> course do you guys have it? Thank you.,2024-02-08T21:56:12+00:00,,,
