id,Channel ID,URL,message,date,views,forwards,reactions
991,hackers_asylum,https://t.me/hackers_asylum,"📊UPSCALE ANY IMAGE UP TO 4K☄️ MAKE IT HIGH-RESOLUTION WITHOUT EFFORT ⚡️FREE METHOD👀

🌐Website Link -
<PERSON>

🔤🔤🔤🔤🔤. 🔤🔤@Hackers_Asylum",2024-02-04T14:46:31+00:00,2966.0,56.0,"👍: 5, ❤: 2, 🔥: 1"
12640,hackers_asylum,https://t.me/hackers_asylum,ok,2024-02-05T16:43:08+00:00,,,
12639,hackers_asylum,https://t.me/hackers_asylum,Oh. If i find any website like that i will share,2024-02-05T16:40:54+00:00,,,
12638,hackers_asylum,https://t.me/hackers_asylum,"Photo enhancer, but i saw this website needs credits 
I'm in search of a free enhancer without any purchases or any credits",2024-02-05T16:37:31+00:00,,,
12637,hackers_asylum,https://t.me/hackers_asylum,Enhancer bot?,2024-02-05T16:36:36+00:00,,,
12624,hackers_asylum,https://t.me/hackers_asylum,<PERSON> enhancer bot mast banega,2024-02-05T12:00:34+00:00,,,
