id,Channel ID,URL,message,date,views,forwards,reactions
1019,hackers_asylum,https://t.me/hackers_asylum,"💵HOW I TURNED $6K INTO $1M IN 8 MONTHS BY BUILDING A
PERSONAL BRAND (And How You
Can Too...)📊💸

💸Sales Page - https://www.antiprophet.co/order-of-the-anti-prophet

<PERSON>Download Link -  https://mega.nz/folder/uqIT0DBa#u-1_gLeFUBlNdLP0NQlf7Q

Give reactions for motivation
Share Us - @Hackers_Asylum",2024-02-23T11:45:28+00:00,3148.0,95.0,"❤: 18, 🔥: 3, 👌: 2, ⚡: 1"
13729,hackers_asylum,https://t.me/hackers_asylum,Sharing my channel > Saying Thanks..,2024-02-23T13:45:00+00:00,,,
13728,hackers_asylum,https://t.me/hackers_asylum,Thanks for sharing really appreciate,2024-02-23T13:45:00+00:00,,,
13726,hackers_asylum,https://t.me/hackers_asylum,Thank You so much!,2024-02-23T12:05:14+00:00,,,❤: 1
13724,hackers_asylum,https://t.me/hackers_asylum,cheers,2024-02-23T11:51:56+00:00,,,
13723,hackers_asylum,https://t.me/hackers_asylum,Sharing my channel > Saying Thanks..,2024-02-23T11:51:51+00:00,,,
13722,hackers_asylum,https://t.me/hackers_asylum,thanks bro,2024-02-23T11:51:50+00:00,,,
13721,hackers_asylum,https://t.me/hackers_asylum,Lol,2024-02-23T11:48:50+00:00,,,
13720,hackers_asylum,https://t.me/hackers_asylum,Sharing my channel > Saying Thanks..,2024-02-23T11:48:44+00:00,,,
13719,hackers_asylum,https://t.me/hackers_asylum,😂thx,2024-02-23T11:48:43+00:00,,,
13717,hackers_asylum,https://t.me/hackers_asylum,Bro ur doing work of god,2024-02-23T11:47:31+00:00,,,
