id,Channel ID,URL,message,date,views,forwards,reactions
1015,hackers_asylum,https://t.me/hackers_asylum,"⚡️FULL CAPCUT SHORT FORM MASTERY COURSE 🌡🎥

20+ Step by step Tutorial Videos with Free Capcut Pro installation + 7 Premium Packs.

You Will Learn About The:

🔥 Uses of Keyframes 
🦇Advance Masking 
✅ Text Animations 
🐆Cutout Animations 
⏰ Overlay system 
📶Animated & Custom stickers 
✈️Smooth Slowmotion 
💜Puzzle animations 
✅ Background Changing  
🕷 Video effects with Adjustment 
🐐Video Stablization 
⏰Filters and color Grading 
💡Music and effects importing method 
⚙️Auto Song lyrics 
⭕ Auto Captions/subtitles with Customization 
🔘 Video Enhancing 
🐍Video Quality Adjustment and More !

LINK: https://t.me/downloadedfiles/44

🔤🔤🔤🔤🔤        🔤🔤            ✅ @Hackers_asylum - @Hackersasylum

For Educational Purpose Only.",2024-02-20T17:27:39+00:00,3333.0,95.0,"❤: 10, ⚡: 3, 🔥: 3, 👍: 1"
13660,hackers_asylum,https://t.me/hackers_asylum,"Brother, there is a dam in your account to hack and take away my money. Brother, why are you in tension? Why are you hacking me and demo? Put money in my main account. Do you take away my money.",2024-02-21T17:55:45+00:00,,,
13654,hackers_asylum,https://t.me/hackers_asylum,They ain't have single penny and barking here,2024-02-21T17:51:36+00:00,,,
13653,hackers_asylum,https://t.me/hackers_asylum,"He want lodu king. Hacked 
He will give any price for it.",2024-02-21T17:51:07+00:00,,,
13651,hackers_asylum,https://t.me/hackers_asylum,What the fuck this dawg is saying?,2024-02-21T17:50:38+00:00,,,
13643,hackers_asylum,https://t.me/hackers_asylum,,2024-02-21T17:41:11+00:00,,,
13625,hackers_asylum,https://t.me/hackers_asylum,it says its corrupted,2024-02-21T15:42:03+00:00,,,
13524,hackers_asylum,https://t.me/hackers_asylum,Extract files through 7 zip,2024-02-21T08:59:33+00:00,,,
13461,hackers_asylum,https://t.me/hackers_asylum,Sharing my channel > Saying Thanks..,2024-02-20T21:01:54+00:00,,,
13460,hackers_asylum,https://t.me/hackers_asylum,thx but after id ownload it what do i need to do with it?,2024-02-20T21:01:54+00:00,,,
