id,Channel ID,URL,message,date,views,forwards,reactions
872,hackers_asylum,https://t.me/hackers_asylum,<DATE_TIME> 🎄,2023-12-25T01:29:39+00:00,3514.0,1.0,"🎅: 24, 🥱: 2, 👍: 1, ❤: 1, 🔥: 1"
10012,hackers_asylum,https://t.me/hackers_asylum,damn,2024-01-04T12:32:43+00:00,,,
10011,hackers_asylum,https://t.me/hackers_asylum,Exam.,2024-01-04T12:32:06+00:00,,,
10002,hackers_asylum,https://t.me/hackers_asylum,"<PERSON> where have u been we miss u, you haven't posted in a long time are u ok?",2024-01-04T11:38:16+00:00,,,
9813,hackers_asylum,https://t.me/hackers_asylum,,2023-12-25T05:50:04+00:00,,,
9812,hackers_asylum,https://t.me/hackers_asylum,Merry <DATE_TIME> to you aswell,2023-12-25T05:48:54+00:00,,,
9811,hackers_asylum,https://t.me/hackers_asylum,Haram!!!,2023-12-25T05:35:28+00:00,,,
9809,hackers_asylum,https://t.me/hackers_asylum,Can you find the course on tube mastery and monetization by <PERSON> par <DATE_TIME>?,2023-12-25T01:59:38+00:00,,,
9808,hackers_asylum,https://t.me/hackers_asylum,Haram!!!,2023-12-25T01:37:37+00:00,,,
9806,hackers_asylum,https://t.me/hackers_asylum,<DATE_TIME> was supposed to be my holiday but it didn't happen.,2023-12-25T01:31:23+00:00,,,
