id,Channel ID,URL,message,date,views,forwards,reactions
1105,hackers_asylum,https://t.me/hackers_asylum,"Should I create a website where people can watch courses without downloading? This will allow people to watch longer courses without downloading. And it will be easier to update courses and add lectures. And many more, like a preview of a course etc. Without Registration",2024-03-27T15:20:12+00:00,3184.0,5.0,"👍: 119, 🔥: 29, ❤: 9, 🤩: 5, 👌: 2, 💅: 2, 🍾: 1, 👀: 1, 🤝: 1, 🗿: 1"
16296,hackers_asylum,https://t.me/hackers_asylum,<NRP>,2024-04-05T11:59:46+00:00,,,
16132,hackers_asylum,https://t.me/hackers_asylum,Yes please,2024-04-01T04:00:20+00:00,,,
16090,hackers_asylum,https://t.me/hackers_asylum,Where can I find them?,2024-03-31T15:49:47+00:00,,,
15935,hackers_asylum,https://t.me/hackers_asylum,please do this!🥹,2024-03-29T10:13:52+00:00,,,
15863,hackers_asylum,https://t.me/hackers_asylum,Wowww nice initiative,2024-03-28T13:24:40+00:00,,,🔥: 1
15856,hackers_asylum,https://t.me/hackers_asylum,"Try it, I haven't tried it so I can't say anything.",2024-03-28T04:13:15+00:00,,,
15852,hackers_asylum,https://t.me/hackers_asylum,yes please,2024-03-27T23:45:12+00:00,,,
15851,hackers_asylum,https://t.me/hackers_asylum,What is the risk? Can spotify detect you’re theme is pirated? Who knows but I don’t think spotify would bother with smaller stores. Maybe as your business scales it could be a problem,2024-03-27T22:24:33+00:00,,,
15848,hackers_asylum,https://t.me/hackers_asylum,You can use nulled Shopify themes but there is risk in nulled themes.,2024-03-27T18:33:17+00:00,,,
15847,hackers_asylum,https://t.me/hackers_asylum,yes it will happen,2024-03-27T18:31:57+00:00,,,
15846,hackers_asylum,https://t.me/hackers_asylum,"I have unlimited storage and bandwidth.

I will try it once and see what happens. Can't give up before doing it, right?",2024-03-27T18:31:19+00:00,,,👍: 1
15845,hackers_asylum,https://t.me/hackers_asylum,Yes,2024-03-27T18:30:52+00:00,,,
15842,hackers_asylum,https://t.me/hackers_asylum,SO useful! Thank you!,2024-03-27T17:35:39+00:00,,,
15841,hackers_asylum,https://t.me/hackers_asylum,Sure,2024-03-27T17:23:00+00:00,,,
15840,hackers_asylum,https://t.me/hackers_asylum,If you make it possible for people to also upload courses it would be  extremely useful,2024-03-27T17:14:32+00:00,,,
15839,hackers_asylum,https://t.me/hackers_asylum,"Bro website gets ban , i had one earlier, even the cost gets crazier cause u need atleast 2tb storage even if u start",2024-03-27T17:05:42+00:00,,,
15838,hackers_asylum,https://t.me/hackers_asylum,Definitely,2024-03-27T17:03:25+00:00,,,
15835,hackers_asylum,https://t.me/hackers_asylum,"I’m looking for Shopify themes, does anybody know where can I find them?",2024-03-27T16:54:10+00:00,,,
15833,hackers_asylum,https://t.me/hackers_asylum,Absolutely will be beneficial for everyone💪💪,2024-03-27T16:32:27+00:00,,,
15832,hackers_asylum,https://t.me/hackers_asylum,Can we download those videos from website?,2024-03-27T16:30:55+00:00,,,
15830,hackers_asylum,https://t.me/hackers_asylum,"That won't happen because even a forum can't be banned quickly.

If it lasts even for <DATE_TIME> then we will make our own server.",2024-03-27T16:05:18+00:00,,,😁: 1
15828,hackers_asylum,https://t.me/hackers_asylum,We will see if it happens then we will keep switching domains and hosting.,2024-03-27T16:03:47+00:00,,,🥰: 1
15826,hackers_asylum,https://t.me/hackers_asylum,The website could easily get banned because of copyright issues,2024-03-27T16:01:16+00:00,,,
15825,hackers_asylum,https://t.me/hackers_asylum,"I can make it for you, or even assessting, contact me",2024-03-27T15:54:37+00:00,,,
15824,hackers_asylum,https://t.me/hackers_asylum,"less popular courses are hard to find and they almost never get leaked
i have uploaded other smm courses, seach on channel ''SMM''",2024-03-27T15:46:12+00:00,,,👍: 2
15823,hackers_asylum,https://t.me/hackers_asylum,Lol 😂😭 not that one! the <NRP> guy,2024-03-27T15:44:20+00:00,,,
15822,hackers_asylum,https://t.me/hackers_asylum,https://www.cbsnews.com/miami/news/adam-walsh-case-40-years-later/,2024-03-27T15:43:47+00:00,,,
15821,hackers_asylum,https://t.me/hackers_asylum,Awesome,2024-03-27T15:41:22+00:00,,,
15820,hackers_asylum,https://t.me/hackers_asylum,Please sir,2024-03-27T15:41:02+00:00,,,
15819,hackers_asylum,https://t.me/hackers_asylum,Great idea man! We are looking forward to it,2024-03-27T15:38:55+00:00,,,
15818,hackers_asylum,https://t.me/hackers_asylum,Oh yh 100% gotta be careful tho that you dont get in any trouble with the law,2024-03-27T15:35:57+00:00,,,
15816,hackers_asylum,https://t.me/hackers_asylum,Is. anyone able to get their hands on <PERSON> SMM course??????,2024-03-27T15:33:19+00:00,,,
15815,hackers_asylum,https://t.me/hackers_asylum,<PERSON>,2024-03-27T15:32:28+00:00,,,
15814,hackers_asylum,https://t.me/hackers_asylum,Yes that option would be available.,2024-03-27T15:31:23+00:00,,,
15813,hackers_asylum,https://t.me/hackers_asylum,"Yes, this option will always be there.",2024-03-27T15:31:19+00:00,,,
15812,hackers_asylum,https://t.me/hackers_asylum,💯,2024-03-27T15:30:24+00:00,,,
15811,hackers_asylum,https://t.me/hackers_asylum,It would be great if you could create the website with all those courses plus also have the option for people to download the videos if they feel like it or need to watch them offline <PERSON>,2024-03-27T15:30:14+00:00,,,"👍: 1, 👏: 1"
15810,hackers_asylum,https://t.me/hackers_asylum,💯,2024-03-27T15:30:12+00:00,,,
15809,hackers_asylum,https://t.me/hackers_asylum,REVOLUTIONARY,2024-03-27T15:29:43+00:00,,,👍: 5
15808,hackers_asylum,https://t.me/hackers_asylum,Absolute value,2024-03-27T15:24:57+00:00,,,
15806,hackers_asylum,https://t.me/hackers_asylum,Definitely,2024-03-27T15:24:42+00:00,,,
15804,hackers_asylum,https://t.me/hackers_asylum,It will be easy to update the course.,2024-03-27T15:20:50+00:00,,,
