id,Channel ID,URL,message,date,views,forwards,reactions
1107,hackers_asylum,https://t.me/hackers_asylum,"🤘➡️Leveraged Edits by Brett Fully UTuber (After Effects and Premiere Pro Advance)🔥

⚡️Downlod After Effects and Premiere Pro Advance Leveraged Edits by Brett Fully For Free📍


Download Links -

Part 1 [ 1,33GB ] Mega Link - https://mega.nz/file/Ef0mGBpa#MuIMQO9VDiT43v1RNWodU9JOErr9kaRci8V42wUyhug

Part 2 [ 5,42GB ] - MEGA Link - https://mega.nz/file/9XcHCDoT#At2NxJWBBiBaF_SEWgzNUdpJMBLuVNrmLsVVjN7lTK0

Part 3 [ 6,3GB ] - MEGA Link - https://mega.nz/file/ADEl3bSQ#vGCXoMzSyCG7SoeofDamSSoxcWIw6JL6ZYlqkrvitpY

Part 4 [ 384.1 MB ] - Chapter 3 Tools To Leverage Your Edits (Google Drive Link) - https://drive.google.com/file/d/1Kz4maigbkbxLWZ4AbP3RaGqiR3koBb3MQ/view

Part 5 [ 9GB ] - Chapter 4 Optimal Workflow (Google Drive Link) - https://drive.google.com/file/d/1rt8UH9jaXSf9MagFGSnZfpeZej_fgjhm/view

Part 6 [ 2,28GB ]
Leveraged Editor Asset Pack zip - MEGA Link - https://mega.nz/file/BOtXUCbC#696YqcZ07cIpgIG4JxDdRk2mPjXoBP4bTndi6sOYyNk

Part 7 [ 17GB ] - Mega Link - https://mega.nz/file/VmtmmBzB#Hj1jdIxOS2sxKJhEsTG-KwdWSNtSDzk3vonSkHP7tjc

Password : themasterminds7

GIVE REACTIONS FOR 🔤🔤🔤🔤🔤🔤🔤🔤🔤🔤. 

SHARE US FOR MORE - 
 🔤🔤🔤🔤🔤🔤🔤       🔤🔤🔤🔤🔤🔤",2024-03-28T13:24:29+00:00,4279.0,178.0,"⚡: 25, ❤: 15, 🔥: 5, 👍: 4, 🤩: 4, 😱: 2, 🗿: 2, 👌: 1, 🏆: 1, 💅: 1"
16186,hackers_asylum,https://t.me/hackers_asylum,can i get full course on google drive,2024-04-01T23:18:01+00:00,,,
15928,hackers_asylum,https://t.me/hackers_asylum,YES IT IS,2024-03-29T08:27:53+00:00,,,
15927,hackers_asylum,https://t.me/hackers_asylum,This one,2024-03-29T08:04:06+00:00,,,
15926,hackers_asylum,https://t.me/hackers_asylum,which one?,2024-03-29T08:03:27+00:00,,,
15925,hackers_asylum,https://t.me/hackers_asylum,Is this link working,2024-03-29T07:41:27+00:00,,,
15919,hackers_asylum,https://t.me/hackers_asylum,Sharing my channel > Saying Thanks..,2024-03-28T20:34:07+00:00,,,
15918,hackers_asylum,https://t.me/hackers_asylum,Thanks a lot... Ab 1.8gb ke upar ke saare files download <PERSON>😆,2024-03-28T20:34:06+00:00,,,
15916,hackers_asylum,https://t.me/hackers_asylum,"yes, of course. You are addressing <PERSON> right? The file uploading system used by psdly... Yes you can bypass that too.",2024-03-28T19:16:46+00:00,,,
15913,hackers_asylum,https://t.me/hackers_asylum,Not possible,2024-03-28T18:17:35+00:00,,,😁: 1
15912,hackers_asylum,https://t.me/hackers_asylum,No,2024-03-28T18:15:31+00:00,,,
15911,hackers_asylum,https://t.me/hackers_asylum,Sharing my channel > Saying Thanks..,2024-03-28T18:15:26+00:00,,,
15910,hackers_asylum,https://t.me/hackers_asylum,"Thanks a lot, I was talking about the second section you addressed... Can we do it with psdly.com as well?",2024-03-28T18:15:25+00:00,,,
15907,hackers_asylum,https://t.me/hackers_asylum,He is talking about the forum,2024-03-28T17:41:41+00:00,,,😢: 1
15906,hackers_asylum,https://t.me/hackers_asylum,"I am facing difficulty to understand your question. 

If you are talking about shortened links such as linkvertise and others, use bypass.vip and similar tools which will bypass the mid ads and take you straight to the destination url. 

And if you are talking about websites where you have to pay in order to download any file, or must take their membership, then use premium link grabbers such as anydebrid, hotdebrid, and similar tools. Here, you have to wait for <DATE_TIME> but you will end up getting the locked file. I personally have used some tools, some of the download will remain slow while some average..",2024-03-28T17:34:08+00:00,,,"❤: 2, 🔥: 1"
15905,hackers_asylum,https://t.me/hackers_asylum,"Is there anyone who can help me taking out link from locked webistes?.. Like, I head to a site and wanna download a file, but somewhere it's locked, somewhere have to purchase premium, somewhere have do to other things.. Please help..",2024-03-28T17:28:03+00:00,,,👍: 1
15903,hackers_asylum,https://t.me/hackers_asylum,"change ip address, use a vpn or proxium website",2024-03-28T17:02:48+00:00,,,
15902,hackers_asylum,https://t.me/hackers_asylum,is there any way to go around 'Transfer Quota Exceeded' prompt when trying to download the Mega file?,2024-03-28T16:59:53+00:00,,,👍: 1
15901,hackers_asylum,https://t.me/hackers_asylum,glad to hear... let us know if you face any issues while extracting these parts.,2024-03-28T16:57:13+00:00,,,
15900,hackers_asylum,https://t.me/hackers_asylum,This one worked. Cheers Brother.,2024-03-28T16:56:57+00:00,,,🤝: 1
15899,hackers_asylum,https://t.me/hackers_asylum,"https://drive.google.com/file/d/1lV1ITDmqFtUSaUGXMeCNe2rnlPMxuWxt/view

try this, isn't it the one you were complaining of?",2024-03-28T16:55:37+00:00,,,
15898,hackers_asylum,https://t.me/hackers_asylum,hmm ok,2024-03-28T16:48:50+00:00,,,
15887,hackers_asylum,https://t.me/hackers_asylum,You can download the content from this gdrive and then replace with a mega link?,2024-03-28T16:12:52+00:00,,,
15886,hackers_asylum,https://t.me/hackers_asylum,"Link is not working when i share it in this group.
idk wtf is the problem",2024-03-28T15:58:22+00:00,,,
15879,hackers_asylum,https://t.me/hackers_asylum,"Still the same brother.

I'm pretty sure this will be the same for everyone, just says doesn't exist..",2024-03-28T15:40:02+00:00,,,
15876,hackers_asylum,https://t.me/hackers_asylum,https://drive.google.com/file/d/1Kz4maigbkbxLWZ4AbP3RaGqiR3koBb3MQ/view,2024-03-28T15:38:02+00:00,,,
15874,hackers_asylum,https://t.me/hackers_asylum,"still doesn't work, it says it doesn't exist.",2024-03-28T15:15:58+00:00,,,
15871,hackers_asylum,https://t.me/hackers_asylum,Sharing my channel > Saying Thanks..,2024-03-28T14:16:35+00:00,,,
15870,hackers_asylum,https://t.me/hackers_asylum,Your are the King thanks bro 🙏👑,2024-03-28T14:16:35+00:00,,,
15869,hackers_asylum,https://t.me/hackers_asylum,https://drive.google.com/file/d/1Kz4maigbkbxLWZ4AbP3RaGqiR3koBb3MQ/view,2024-03-28T14:00:54+00:00,,,🤝: 4
15867,hackers_asylum,https://t.me/hackers_asylum,"The first google drive Link does not work, can you reupload this?",2024-03-28T13:53:52+00:00,,,
15866,hackers_asylum,https://t.me/hackers_asylum,"Bro I love you, thank you so much",2024-03-28T13:52:49+00:00,,,
15865,hackers_asylum,https://t.me/hackers_asylum,this course is so good,2024-03-28T13:37:36+00:00,,,❤: 2
