id,Channel ID,URL,message,date,views,forwards,reactions
1106,hackers_asylum,https://t.me/hackers_asylum,"🗂 600+ Massive Websites Collection That You May Find Useful In Every Way of Internet Use! <PERSON>🎭 No wonder if you feel you have reached near the end of surface web!!


• Alternative search engines
• Miscellaneous Interesting sites
• Useful sites
• Science / math sites
• Tech sites
• Privacy / Security related sites
• Learning sites
• Image (editors, generators etc.) sites
• Aesthetic / cool sites
• Book sites
• Humour / fun / Random sites
• Audio / music / sound sites
• Image boards and related sites
• Data compression sites
• Text tools and related sites
• Video / TV / Movie / Anime sites
• Gaymen related sites
• Alternative / Paranormal / Conspiracy / Bizarre sites
• Niche interest sites
• File conversion sites
• Conversational Chatbots
• SMS verification sites
• Torrenting sites


💻Link:- https://teletype.in/@encryptedj/yB61eqTAjm_


~Regards Team Hackers Asylum",2024-03-28T00:39:51+00:00,3563.0,96.0,"🙏: 10, ❤: 6, 👍: 4, ⚡: 2, 🔥: 1, 👌: 1, 🏆: 1, 💅: 1"
15855,hackers_asylum,https://t.me/hackers_asylum,Sharing my channel > Saying Thanks..,2024-03-28T00:42:39+00:00,,,🔥: 2
15854,hackers_asylum,https://t.me/hackers_asylum,Thanks you,2024-03-28T00:42:39+00:00,,,
