id,Channel ID,URL,message,date,views,forwards,reactions
1016,hackers_asylum,https://t.me/hackers_asylum,"😒😒Dark Web Market Places To Get Everything You Want 🕸✔️

Note :- Don't Touch These Links if You don't know How to Use Dark Web

ASAP Market 🐋
http://asap4u2ihsunfdsumm66pmado3mt3lemdiu3fbx5b7wj5hb3xpgmwkqd.onion http://asap2u4pvplnkzl7ecle45wajojnftja45wvovl3jrvhangeyq67ziid.onion


Archetyp Market🐹
http://4pt4axjgzmm4ibmxplfiuvopxzf775e5bqseyllafcecryfthdupjwyd.onion 


Incognito Market🖥
http://incognito75yd2w2qylg7xadz2rd7o2peqt5gcvmd2irxqbqj7c6exid.onion http://incognitolonzsx5xjswcbuchyasvwnq5tqxvmprys2mpopsmyn3p5id.onion http://incognitox3vs5grdnmh52k35m64vib5fsbdrxzilujjptiqzeyrxhid.onion 


Tor2door Market💭
http://t2didmjqj7yqzlc44oiqmwr3u62xdg4pvzfrtxdy2wsewgrt2zelwhyd.onion http://t2dscdthkhqjxxk5cwdei2lwx7q2jd344d6psy732wegrfidn2hls6ad.onion http://qgma4evyuxoqw6zolgk3y5nsjnd7mbzmuqvajlwop3jbakghe34puuad.onion 


Bohemia Market🤬
http://bohemiaobko4cecexkj5xmlaove6yn726dstp5wfw4pojjwp6762paqd.onion 

For Educational Purpose Only - @Hackers_Asylum",2024-02-21T14:29:40+00:00,3211.0,103.0,"❤: 3, 🎉: 1, 👌: 1"
13640,hackers_asylum,https://t.me/hackers_asylum,https://socradar.io/10-best-dark-deep-web-browsers-for-anonymity/,2024-02-21T17:22:48+00:00,,,❤: 1
13639,hackers_asylum,https://t.me/hackers_asylum,There Are other browsers which you can use to access Dark web as well.,2024-02-21T17:22:36+00:00,,,
13637,hackers_asylum,https://t.me/hackers_asylum,I know,2024-02-21T17:20:05+00:00,,,
13636,hackers_asylum,https://t.me/hackers_asylum,Not secure at all,2024-02-21T17:19:18+00:00,,,
13635,hackers_asylum,https://t.me/hackers_asylum,"Do some research on Tor, It was originally a CIA Project. There must be some other ways to access it.",2024-02-21T17:19:11+00:00,,,
13634,hackers_asylum,https://t.me/hackers_asylum,No other Safe method available.,2024-02-21T17:13:11+00:00,,,
13633,hackers_asylum,https://t.me/hackers_asylum,Anyone knows how we can access DW with full security? Without using Tor,2024-02-21T17:09:56+00:00,,,
13612,hackers_asylum,https://t.me/hackers_asylum,Made it earlier also but Google declared it malicious,2024-02-21T14:43:22+00:00,,,
13611,hackers_asylum,https://t.me/hackers_asylum,"Brother, I have created a forum, so I am talking about posting content in it.",2024-02-21T14:42:28+00:00,,,
13605,hackers_asylum,https://t.me/hackers_asylum,Im not <NRP> but i kinda understand this one,2024-02-21T14:41:54+00:00,,,
13594,hackers_asylum,https://t.me/hackers_asylum,😒,2024-02-21T14:39:01+00:00,,,
13590,hackers_asylum,https://t.me/hackers_asylum,<PERSON> co owner ka option <PERSON> but haa co owner <PERSON>,2024-02-21T14:38:09+00:00,,,
13589,hackers_asylum,https://t.me/hackers_asylum,<PERSON> but w,2024-02-21T14:38:05+00:00,,,
13588,hackers_asylum,https://t.me/hackers_asylum,Okay. Mod nhi co owner,2024-02-21T14:37:52+00:00,,,
13587,hackers_asylum,https://t.me/hackers_asylum,Nhi karunga is ads vagera naa laga raha jab 10k honge tab lagaunga,2024-02-21T14:37:29+00:00,,,
13586,hackers_asylum,https://t.me/hackers_asylum,Tu fir band <PERSON>😃,2024-02-21T14:37:05+00:00,,,
13584,hackers_asylum,https://t.me/hackers_asylum,Mm. <PERSON>.,2024-02-21T14:36:38+00:00,,,
13582,hackers_asylum,https://t.me/hackers_asylum,Moderator banaunga new startup <PERSON> to famous hoga to earning hogi,2024-02-21T14:36:01+00:00,,,
13581,hackers_asylum,https://t.me/hackers_asylum,<PERSON>?,2024-02-21T14:35:36+00:00,,,
13580,hackers_asylum,https://t.me/hackers_asylum,Page half pe cut jaata,2024-02-21T14:35:36+00:00,,,
13579,hackers_asylum,https://t.me/hackers_asylum,Telegram me <PERSON> so For More Info: lagake forum <PERSON>,2024-02-21T14:35:24+00:00,,,
13578,hackers_asylum,https://t.me/hackers_asylum,😀,2024-02-21T14:35:15+00:00,,,
13577,hackers_asylum,https://t.me/hackers_asylum,Yes Good Point.,2024-02-21T14:34:58+00:00,,,
13576,hackers_asylum,https://t.me/hackers_asylum,No,2024-02-21T14:34:49+00:00,,,
13574,hackers_asylum,https://t.me/hackers_asylum,No,2024-02-21T14:33:24+00:00,,,
13573,hackers_asylum,https://t.me/hackers_asylum,@PhilosopherMindset forum.telemodsapk.com yaha post <PERSON>.,2024-02-21T14:33:20+00:00,,,
