id,Channel ID,URL,message,date,views,forwards,reactions
1037,hackers_asylum,https://t.me/hackers_asylum,"JUST IN: 💰 #Bitcoin hits $64,000

📊🔵 Ethereum just hits $3500",2024-02-29T11:41:57+00:00,2702.0,1.0,"🔥: 14, ⚡: 3, 🤩: 3"
14421,hackers_asylum,https://t.me/hackers_asylum,Hey admin can you upload <PERSON> ? It seems like it’s nowhere on the internet,2024-03-10T04:40:33+00:00,,,
13992,hackers_asylum,https://t.me/hackers_asylum,Holding eth 🔥,2024-02-29T13:29:05+00:00,,,⚡: 1
13991,hackers_asylum,https://t.me/hackers_asylum,we should make profits out of this bullrun🤙🏻,2024-02-29T12:36:40+00:00,,,❤: 6
13986,hackers_asylum,https://t.me/hackers_asylum,@enSearchBot,2024-02-29T12:00:06+00:00,,,
13985,hackers_asylum,https://t.me/hackers_asylum,Nah i don't,2024-02-29T11:59:41+00:00,,,
13984,hackers_asylum,https://t.me/hackers_asylum,hey admin do you know any good forex channel,2024-02-29T11:57:50+00:00,,,
13983,hackers_asylum,https://t.me/hackers_asylum,Yeah deffinetly,2024-02-29T11:47:38+00:00,,,
13982,hackers_asylum,https://t.me/hackers_asylum,It will reach 70k this time💸,2024-02-29T11:44:33+00:00,,,
13979,hackers_asylum,https://t.me/hackers_asylum,İ have expected this to happen,2024-02-29T11:43:20+00:00,,,
