id,Channel ID,URL,message,date,views,forwards,reactions
995,hackers_asylum,https://t.me/hackers_asylum,,,,,
12717,hackers_asylum,https://t.me/hackers_asylum,Facts🤡🤡,2024-02-06T16:17:29+00:00,,,
12713,hackers_asylum,https://t.me/hackers_asylum,"Money making course should be done by someone who has started from 0 or is poor and has become rich from poor, this is how one gets experience.",2024-02-06T13:55:51+00:00,,,
12712,hackers_asylum,https://t.me/hackers_asylum,"And money making courses lol Meaning who makes money making course? 

All money making courses are scam in themselves.",2024-02-06T13:53:41+00:00,,,
12711,hackers_asylum,https://t.me/hackers_asylum,Nowadays everyone has started creating courses to earn money.,2024-02-06T13:52:27+00:00,,,
12710,hackers_asylum,https://t.me/hackers_asylum,++,2024-02-06T13:51:25+00:00,,,
12704,hackers_asylum,https://t.me/hackers_asylum,Wdym why? Do you even fathom how much time and dedication it takes to build a full blown course? Let alone the course of someone else.,2024-02-06T12:43:32+00:00,,,
12703,hackers_asylum,https://t.me/hackers_asylum,Why,2024-02-06T12:42:07+00:00,,,
12702,hackers_asylum,https://t.me/hackers_asylum,Lmao,2024-02-06T12:19:21+00:00,,,
12700,hackers_asylum,https://t.me/hackers_asylum,This biz model is trash. A greedy 21 kid that make money selling you an hypothetical biz model,2024-02-06T11:25:51+00:00,,,
