id,Channel ID,URL,message,date,views,forwards,reactions
1024,hackers_asylum,https://t.me/hackers_asylum,"🔮CHESSLY.COM INTERMEDIATE CHESS COURSE LEAKED<PERSON><PERSON>$


🔫 Intermediate Chess course will build on all the beginner chess lessons you learned and take you to the next level. If you want to break past 1500 Elo in chess, this is the course for you.

💵Sales Page -
https://chessly.com/courses/ce41ec54-444...d6593120d8

👮‍♂️Download LINK: https://drive.google.com/drive/folders/16iZlUrwZ4LdWF5KOGBFniZkCd0OZrc0Q?usp=share_link

Share Us 😧 <PERSON>",2024-02-25T18:05:19+00:00,4176.0,94.0,"🔥: 8, ⚡: 3, ❤: 2, 👍: 1"
13803,hackers_asylum,https://t.me/hackers_asylum,"Because every time I see it, I know there is a new course",2024-02-25T18:48:33+00:00,,,❤: 2
13802,hackers_asylum,https://t.me/hackers_asylum,What do you mean?,2024-02-25T18:47:07+00:00,,,
13800,hackers_asylum,https://t.me/hackers_asylum,Wdym?,2024-02-25T18:42:07+00:00,,,
13799,hackers_asylum,https://t.me/hackers_asylum,Updated,2024-02-25T18:42:02+00:00,,,
13798,hackers_asylum,https://t.me/hackers_asylum,Updated,2024-02-25T18:41:51+00:00,,,🔥: 1
13796,hackers_asylum,https://t.me/hackers_asylum,"The link doesn’t work, unfortunately",2024-02-25T18:25:50+00:00,,,👍: 1
13794,hackers_asylum,https://t.me/hackers_asylum,A word Leaked has become one of my favorite words,2024-02-25T18:21:12+00:00,,,
13793,hackers_asylum,https://t.me/hackers_asylum,Didn't work,2024-02-25T18:20:41+00:00,,,
13790,hackers_asylum,https://t.me/hackers_asylum,Learn from Doctor <PERSON> (application),2024-02-25T18:06:58+00:00,,,
13789,hackers_asylum,https://t.me/hackers_asylum,Any course for beginners who don't know anything about chess,2024-02-25T18:06:14+00:00,,,
