id,Channel ID,URL,message,date,views,forwards,reactions
1020,hackers_asylum,https://t.me/hackers_asylum,"Camera Confidence By <PERSON>

Price - 150$

<PERSON>:
https://cameraconfidence.aliabdaal.com/#pricing

<PERSON>:
https://mega.nz/folder/sqMXCZKA#oIAYwyQ9gdtc5YzK7G5Qlw

Give Reactions And Share Us - @Hackers_Asylum",2024-02-24T06:20:20+00:00,3093.0,56.0,"❤: 9, 🔥: 4, ⚡: 3"
13765,hackers_asylum,https://t.me/hackers_asylum,Search on channel,2024-02-25T04:47:06+00:00,,,
13763,hackers_asylum,https://t.me/hackers_asylum,You have hamza files?,2024-02-24T22:11:18+00:00,,,
