id,Channel ID,URL,message,date,views,forwards,reactions
998,hackers_asylum,https://t.me/hackers_asylum,"🚀Build Your Own SMTP Email Server and Send Unlimited Emails

🔥A course that will teach you how to create your own SMTP server and send unlimited emails.

📂Folders:

1. Getting Started
2. Part One: Preparing Yourself
3. General Concepts
4. Part Two: Building a Mail Server
5. Getting a VPS Machine
6. Part Three: Other Methods to Create SMTP Server
7. Mail Server With Webmin/WHM
8. Spam and Inbox
9. Students Q&A
10. Getting a Domain Name
11. <PERSON> Mail Server
12. Cpanel Mail Server
13. Bonus

⬇️Download: https://weblab.telemodsapk.com/courses/build-your-own-smtp-email-server-and-send-unlimited-emails/",2024-02-07T00:37:27+00:00,3441.0,66.0,🔥: 6
16967,hackers_asylum,https://t.me/hackers_asylum,would you dear sir provide another link please,2024-04-24T03:05:54+00:00,,,
16966,hackers_asylum,https://t.me/hackers_asylum,this doesnt work,2024-04-24T03:05:30+00:00,,,
12767,hackers_asylum,https://t.me/hackers_asylum,"Can anyone provide ""Freelance 101 Academy"" by <PERSON>?",2024-02-07T04:25:18+00:00,,,
12741,hackers_asylum,https://t.me/hackers_asylum,of course you can,2024-02-07T02:49:52+00:00,,,
12740,hackers_asylum,https://t.me/hackers_asylum,Can we download this in phone,2024-02-07T02:48:44+00:00,,,
12739,hackers_asylum,https://t.me/hackers_asylum,W,2024-02-07T02:21:00+00:00,,,
