id,Channel ID,URL,message,date,views,forwards,reactions
992,hackers_asylum,https://t.me/hackers_asylum,"😔👍Download Tharun Speaks Video Editing Course For Free 😍


The ultimate beginner-friendly video editing course to kickstart your freelance career.

📊What You’ll Learn:

👉 Video Editing
📹YouTube
🎆 Sound Design
🔥 Storytelling
🔥Color Grading
🔥Freelancing
🔥 AI Tools
🔥Start your Agency

LANGUAGE: ENGLISH

⚡️DOWNLOAD LINK:  https://drive.google.com/drive/folders/1TqfgwyDNGMCUDarGpjSc8COdp7OcRkjU?usp=sharing

<PERSON>

Alt link - 
https://drive.google.com/drive/folders/1ACT8cB6JZzuuBt_EcQhKMdzCQzQBv4bu

🔤🔤🔤🔤🔤 🔤🔤  ➖  @Hackers_Asylum",2024-02-05T10:51:37+00:00,4230.0,113.0,"🔥: 5, 👍: 4, ❤: 1"
13359,hackers_asylum,https://t.me/hackers_asylum,https://mega.nz/folder/AikG1KiQ#482W6XQPpKO0pHbN4ASxuA,2024-02-20T03:44:39+00:00,,,
13294,hackers_asylum,https://t.me/hackers_asylum,Thank you so much ☺️,2024-02-17T14:23:59+00:00,,,❤: 1
13293,hackers_asylum,https://t.me/hackers_asylum,Thank you so much ☺️,2024-02-17T14:23:37+00:00,,,
13292,hackers_asylum,https://t.me/hackers_asylum,https://mega.nz/folder/AikG1KiQ#482W6XQPpKO0pHbN4ASxuA,2024-02-17T14:18:07+00:00,,,
13291,hackers_asylum,https://t.me/hackers_asylum,https://mega.nz/folder/AikG1KiQ#482W6XQPpKO0pHbN4ASxuA,2024-02-17T14:18:04+00:00,,,
13120,hackers_asylum,https://t.me/hackers_asylum,Course turtorial not working alt links working but course not working plz fix,2024-02-12T01:04:24+00:00,,,
13080,hackers_asylum,https://t.me/hackers_asylum,https://drive.google.com/drive/folders/1ACT8cB6JZzuuBt_EcQhKMdzCQzQBv4bu,2024-02-11T10:36:48+00:00,,,
12821,hackers_asylum,https://t.me/hackers_asylum,Its not working pal.... <PERSON> playback limit is already exceeded,2024-02-07T11:49:29+00:00,,,
12701,hackers_asylum,https://t.me/hackers_asylum,I know,2024-02-06T12:19:11+00:00,,,
12699,hackers_asylum,https://t.me/hackers_asylum,Brother before u it already uploaded in many channel,2024-02-06T11:07:29+00:00,,,
12670,hackers_asylum,https://t.me/hackers_asylum,Done deal,2024-02-05T22:46:13+00:00,,,
12669,hackers_asylum,https://t.me/hackers_asylum,Sharing my channel > Saying Thanks..,2024-02-05T22:45:34+00:00,,,
12668,hackers_asylum,https://t.me/hackers_asylum,Admin thanks  for this course i really appreciate your efforts towards this community,2024-02-05T22:45:33+00:00,,,"❤: 1, 🔥: 1"
12643,hackers_asylum,https://t.me/hackers_asylum,Will be added,2024-02-05T17:09:15+00:00,,,
12642,hackers_asylum,https://t.me/hackers_asylum,"Some telegram channel are selling this course after i uploaded it here🤡

Sed",2024-02-05T17:09:08+00:00,,,
12627,hackers_asylum,https://t.me/hackers_asylum,And I only have 40 lectures,2024-02-05T12:06:40+00:00,,,
12626,hackers_asylum,https://t.me/hackers_asylum,As it have 45 LEC,2024-02-05T12:06:33+00:00,,,
12625,hackers_asylum,https://t.me/hackers_asylum,Not full,2024-02-05T12:06:22+00:00,,,
