id,Channel ID,URL,message,date,views,forwards,reactions
1028,hackers_asylum,https://t.me/hackers_asylum,"💸The Forex Trading Academy | <PERSON> those that don't know me, here's a little bit of background. I'm a Nottingham-based, professional forex trading expert. Trading was initially a hobby for me, but after quickly amassing a bank of knowledge and finding a great deal of success in the market, I decided that I wanted to help others do the
same.
Hi, my name's <PERSON> and welcome to my forex trading academy 12. For those of you that have seen my trading accuracy and analysis breakdowns before on social media, I'm sure that you'll be pleased to find that all of my teachings have been collated right here on this website for everyone to access.

🗑Sales Page:- 
https://www.steveluke.co.uk/

Price - 180€ 

⭐️Download Link - https://mega.nz/folder/ogExyaLL#KO7M4dZ3HKbCxDSw9o7RWw

Share Us 🤝😭
@Hackers_Asylum🛡⌛️",2024-02-27T04:03:31+00:00,2806.0,66.0,"⚡: 5, ❤: 4, 🔥: 4, 🙏: 2"
13886,hackers_asylum,https://t.me/hackers_asylum,"Leak this course bro

https://go.higherselfcircle.com/misc-610808241702503179401",2024-02-27T18:19:59+00:00,,,
13849,hackers_asylum,https://t.me/hackers_asylum,Wew.,2024-02-27T04:04:16+00:00,,,
