id,Channel ID,URL,message,date,views,forwards,reactions
989,hackers_asylum,https://t.me/hackers_asylum,"🔴 UDEMY DOWNLOAD METHOD <DATE_TIME>🔥 

🔘 Download this browser

link: click me <NRP>

Go to your Udemy account and download your course.. it works like IDM.

You can download Video and Audio separately. But you can easily merge with ffmpeg fast and quick

⬇️ Installation video - https://www.youtube.com/watch?v=YgkmBMGrles

☄Merge video - https://www.youtube.com/watch?v=oW29F11XYmI

Sample code that you can edit

ffmpeg -i python.mp4 -i python.mp3 -c:v copy -c:a aac -map 0:v -map 1:a output.mp4 

Share Us @Hackers_asylum and give reactions.🔥",2024-02-03T11:57:58+00:00,3034.0,82.0,"🔥: 8, ❤: 3, 🥰: 2, 👍: 1"
16713,hackers_asylum,https://t.me/hackers_asylum,did it work ? without buying it ?,2024-04-16T17:46:17+00:00,,,
13221,hackers_asylum,https://t.me/hackers_asylum,without buying course,2024-02-15T10:33:59+00:00,,,
