id,Channel ID,URL,message,date,views,forwards,reactions
1066,hackers_asylum,https://t.me/hackers_asylum,"🔥The Ultimate NFT Course 2024: Buy, Sell, Create & Trade NFTs📈📉

NFT Training from an award-winning digital agency owner. Learn how to buy, mint, sell, create and trade NFTs in <DATE_TIME>

Download :-
https://mega.nz/folder/wr9GkJwa#0OpxWMl3imJEHyJ7d4qljg

@Hackers_asylum",2024-03-12T17:09:57+00:00,3581.0,70.0,"❤: 7, 🔥: 2, 👍: 1, 🤩: 1"
14706,hackers_asylum,https://t.me/hackers_asylum,https://mega.nz/folder/wr9GkJwa#0OpxWMl3imJEHyJ7d4qljg/folder/UuECCZZK,2024-03-14T05:22:34+00:00,,,
14586,hackers_asylum,https://t.me/hackers_asylum,The link is not working,2024-03-12T20:32:17+00:00,,,
