id,Channel ID,URL,message,date,views,forwards,reactions
1064,hackers_asylum,https://t.me/hackers_asylum,"<PERSON>: “ I do not consent to being sent to the UK. Romania is my home and I wish to clear my name here.” 

Prosecutors office is asking the judge to reject the <NRP> arrest warrant and keep the defendants in Romania pending trial. (Court source)",2024-03-12T13:14:14+00:00,3584.0,4.0,"💔: 15, 👀: 4, 🗿: 4, 👍: 2"
14558,hackers_asylum,https://t.me/hackers_asylum,You need to kill him to stop him #freethetates,2024-03-12T14:31:49+00:00,,,
14542,hackers_asylum,https://t.me/hackers_asylum,"Uk gives asylum for bankrupts
Even <PERSON> and get asylum there",2024-03-12T13:19:16+00:00,,,
14541,hackers_asylum,https://t.me/hackers_asylum,They are being taken to prison.,2024-03-12T13:18:50+00:00,,,
14540,hackers_asylum,https://t.me/hackers_asylum,"Yeah, the worst thing for him would be if they send him to UK. Then he'll be fucked.",2024-03-12T13:18:29+00:00,,,
14539,hackers_asylum,https://t.me/hackers_asylum,This is also true,2024-03-12T13:18:28+00:00,,,
14538,hackers_asylum,https://t.me/hackers_asylum,So are they officially arrested as of right now or what is happening?,2024-03-12T13:18:19+00:00,,,
14535,hackers_asylum,https://t.me/hackers_asylum,"Killing him would create many problems for Matrix. 
  They never kill the leaders, they imprisone them.",2024-03-12T13:17:38+00:00,,,
14534,hackers_asylum,https://t.me/hackers_asylum,Really G,2024-03-12T13:17:26+00:00,,,
14530,hackers_asylum,https://t.me/hackers_asylum,"Of course they're innocent. This is another proof of the Matrix being real, they ain't gonna stop untill they kill him.",2024-03-12T13:15:05+00:00,,,
