id,Channel ID,URL,message,date,views,forwards,reactions
1071,hackers_asylum,https://t.me/hackers_asylum,"✨ALL POPULAR AI IN ONE PACKAGE [MIDJOURNEY, GPT4, GEMINI CLOUDE AI ETC FOR FREE] ✨

Website Link - 
https://www.chatgot.io/

〰️[FREE] CREATE SHORT VIDEOS USING AI FOR FREE!

Website Link - 
https://haiper.ai/

Give Reactions for motivation 👀
Share Us For MOre 📊📈 
@Hackers_Asylum 🔥",2024-03-16T10:52:48+00:00,3095.0,114.0,"👍: 17, ❤: 8, 🔥: 5, 🤩: 2, 🎉: 1, 👌: 1"
15018,hackers_asylum,https://t.me/hackers_asylum,Patched,2024-03-16T19:38:09+00:00,,,
14992,hackers_asylum,https://t.me/hackers_asylum,Obviously,2024-03-16T13:12:51+00:00,,,
14991,hackers_asylum,https://t.me/hackers_asylum,Only 3.5 is free,2024-03-16T13:05:56+00:00,,,
14990,hackers_asylum,https://t.me/hackers_asylum,Awesome,2024-03-16T13:00:45+00:00,,,❤: 1
14972,hackers_asylum,https://t.me/hackers_asylum,Wew.,2024-03-16T10:54:39+00:00,,,
