id,Channel ID,URL,message,date,views,forwards,reactions
1076,hackers_asylum,https://t.me/hackers_asylum,"💻 NordVPN Premium Account - TESTED ☑️

Email: <EMAIL_ADDRESS>

Pass: Imamaniac1

Note: Kindly refrain from changing the password to ensure that more people can get benefited.",2024-03-19T08:40:18+00:00,2690.0,23.0,"❤: 18, 🔥: 10, 🤩: 3, 👍: 2"
20261,hackers_asylum,https://t.me/hackers_asylum,/profile@ChatFightBot,2024-06-22T06:29:17+00:00,,,
20260,hackers_asylum,https://t.me/hackers_asylum,Same here,2024-06-22T06:07:34+00:00,,,
16755,hackers_asylum,https://t.me/hackers_asylum,/profile@ChatFightBot,2024-04-18T11:34:06+00:00,,,
16402,hackers_asylum,https://t.me/hackers_asylum,I know it's been <DATE_TIME> but u guys still share the code 😶,2024-04-10T18:19:24+00:00,,,
16401,hackers_asylum,https://t.me/hackers_asylum,"Hmm got ""account locked for security reasons, we sent a email"" what shd I do",2024-04-10T18:14:34+00:00,,,
15700,hackers_asylum,https://t.me/hackers_asylum,they asking me for confirmation message,2024-03-25T16:13:45+00:00,,,
15268,hackers_asylum,https://t.me/hackers_asylum,Doesn’t work anymore,2024-03-21T11:08:09+00:00,,,
15267,hackers_asylum,https://t.me/hackers_asylum,Needs to be unlocked,2024-03-21T11:08:05+00:00,,,
15221,hackers_asylum,https://t.me/hackers_asylum,u have to pay and prove youre a baller,2024-03-20T09:06:31+00:00,,,
15220,hackers_asylum,https://t.me/hackers_asylum,<PERSON> hunting..Any one with an idea to get access to that exclusive paid group,2024-03-20T05:53:40+00:00,,,
15186,hackers_asylum,https://t.me/hackers_asylum,/topusers@ChatFightBot,2024-03-19T16:30:30+00:00,,,
15185,hackers_asylum,https://t.me/hackers_asylum,/profile@ChatFightBot,2024-03-19T16:29:49+00:00,,,
15183,hackers_asylum,https://t.me/hackers_asylum,/profile@ChatFightBot,2024-03-19T16:29:41+00:00,,,
15171,hackers_asylum,https://t.me/hackers_asylum,Sharing my channel > Saying Thanks..,2024-03-19T13:56:03+00:00,,,
15170,hackers_asylum,https://t.me/hackers_asylum,"Thanks for the premium account, the fun part is, no one can change the password. Thanks admin. <PERSON>",2024-03-19T13:56:02+00:00,,,
15169,hackers_asylum,https://t.me/hackers_asylum,Tnx brother got,2024-03-19T13:53:53+00:00,,,
15168,hackers_asylum,https://t.me/hackers_asylum,Brother code pls,2024-03-19T13:51:28+00:00,,,
15162,hackers_asylum,https://t.me/hackers_asylum,I am interested,2024-03-19T13:34:07+00:00,,,
15156,hackers_asylum,https://t.me/hackers_asylum,Don't u think someone will hack the account or use it to hack other accounts if someone puts the account it in their phone,2024-03-19T10:47:17+00:00,,,
15155,hackers_asylum,https://t.me/hackers_asylum,hack what ?,2024-03-19T10:44:32+00:00,,,
15154,hackers_asylum,https://t.me/hackers_asylum,why ?,2024-03-19T10:44:27+00:00,,,
15144,hackers_asylum,https://t.me/hackers_asylum,🤘,2024-03-19T08:53:04+00:00,,,
15142,hackers_asylum,https://t.me/hackers_asylum,Nice thing but its should be in giveaway not all time post,2024-03-19T08:52:27+00:00,,,
15140,hackers_asylum,https://t.me/hackers_asylum,I didn’t realise it was a friends,2024-03-19T08:52:14+00:00,,,
15139,hackers_asylum,https://t.me/hackers_asylum,Wdym,2024-03-19T08:50:08+00:00,,,
15138,hackers_asylum,https://t.me/hackers_asylum,1 friend gave me this to share in channel...,2024-03-19T08:49:11+00:00,,,
15136,hackers_asylum,https://t.me/hackers_asylum,Only 5 devices can use at the same time,2024-03-19T08:48:18+00:00,,,
15135,hackers_asylum,https://t.me/hackers_asylum,<PERSON>,2024-03-19T08:47:29+00:00,,,
15134,hackers_asylum,https://t.me/hackers_asylum,<NRP> han,2024-03-19T08:44:28+00:00,,,
15133,hackers_asylum,https://t.me/hackers_asylum,,2024-03-19T08:43:22+00:00,,,
15132,hackers_asylum,https://t.me/hackers_asylum,Add courses. People here watch courses more.,2024-03-19T08:42:06+00:00,,,
15131,hackers_asylum,https://t.me/hackers_asylum,Hn,2024-03-19T08:41:47+00:00,,,
15129,hackers_asylum,https://t.me/hackers_asylum,More in future,2024-03-19T08:41:28+00:00,,,
15128,hackers_asylum,https://t.me/hackers_asylum,Why papyal qr in dp?,2024-03-19T08:41:19+00:00,,,
15127,hackers_asylum,https://t.me/hackers_asylum,Legend,2024-03-19T08:40:55+00:00,,,
15126,hackers_asylum,https://t.me/hackers_asylum,😂😂,2024-03-19T08:40:53+00:00,,,
15125,hackers_asylum,https://t.me/hackers_asylum,Ab ye ek account <PERSON> na higa,2024-03-19T08:40:51+00:00,,,🔥: 1
15124,hackers_asylum,https://t.me/hackers_asylum,,2024-03-19T08:40:38+00:00,,,
