id,Channel ID,URL,message,date,views,forwards,reactions
1072,hackers_asylum,https://t.me/hackers_asylum,"🛡[GET] FREE 1 MILLION MIDJOURNEY PROMTS🔝

💎1 Million <PERSON> that you can create the image in the word you want as an Excel file I hope it will be useful to you
Good Luck!✨⭐️


✔️Download : https://www.mediafire.com/file/rp6l3vnvnt00a5j/1M_prompts1.xlsx/file

Give Reactions for motivation 👀
Share Us For MOre 📊📈 
@Hackers_Asylum 🔥 @HackersAsylum 🤘",2024-03-16T10:54:50+00:00,3119.0,76.0,"🔥: 13, ❤: 5, 👍: 3, 🤩: 1, 👌: 1"
15157,hackers_asylum,https://t.me/hackers_asylum,,2024-03-19T11:15:09+00:00,,,
15149,hackers_asylum,https://t.me/hackers_asylum,If not then do it again and sleep,2024-03-19T09:25:18+00:00,,,
14980,hackers_asylum,https://t.me/hackers_asylum,1 million bytes maybe,2024-03-16T11:03:37+00:00,,,
14978,hackers_asylum,https://t.me/hackers_asylum,Not 1 million prompt just 50 prompt only,2024-03-16T11:01:13+00:00,,,
14976,hackers_asylum,https://t.me/hackers_asylum,Do Masturbation & Sleep.,2024-03-16T10:56:25+00:00,,,
14975,hackers_asylum,https://t.me/hackers_asylum,Yes I did on purpose,2024-03-16T10:55:47+00:00,,,
14974,hackers_asylum,https://t.me/hackers_asylum,together 2,2024-03-16T10:55:10+00:00,,,
