id,Channel ID,URL,message,date,views,forwards,reactions
1081,hackers_asylum,https://t.me/hackers_asylum,"✉️Telegram's NEW CRYPTO CURRENCY NOTCOIN 🤑

✉️ NOTCOIN, a new crypto project backed by Telegram and Ton coin. You Can earn money by tapping.

🤑 Notcoin price - 

<DATE_TIME>
10M Notcoin = 7.5 TON * $3.8 = $28.5

Now
10M Notcoin = 7.5 TON * $4.2 = $31.5

🤑  Click Here To Start Farming   🤑",2024-03-20T17:03:27+00:00,3625.0,18.0,"🔥: 4, 👍: 1, 🤩: 1, 👌: 1"
15714,hackers_asylum,https://t.me/hackers_asylum,i wonder the same thing,2024-03-25T20:15:46+00:00,,,
15706,hackers_asylum,https://t.me/hackers_asylum,Pls how do I start to mine the notcoin,2024-03-25T17:10:35+00:00,,,
15380,hackers_asylum,https://t.me/hackers_asylum,Bro wtf😅😭😭,2024-03-22T14:21:42+00:00,,,
15373,hackers_asylum,https://t.me/hackers_asylum,From this,2024-03-22T14:05:54+00:00,,,
15372,hackers_asylum,https://t.me/hackers_asylum,Have u ever received money,2024-03-22T14:05:50+00:00,,,
15370,hackers_asylum,https://t.me/hackers_asylum,For <PERSON>,2024-03-22T14:05:30+00:00,,,👍: 1
15369,hackers_asylum,https://t.me/hackers_asylum,Yes,2024-03-22T14:02:07+00:00,,,
15368,hackers_asylum,https://t.me/hackers_asylum,Hey bro I got 5 reffial is that enough to withdraw,2024-03-22T13:30:26+00:00,,,
15352,hackers_asylum,https://t.me/hackers_asylum,You can sell them only after you have accumulated 10million not coin,2024-03-22T09:40:26+00:00,,,
15349,hackers_asylum,https://t.me/hackers_asylum,And then how to withdraw the coins<PERSON>,2024-03-22T09:14:43+00:00,,,
15319,hackers_asylum,https://t.me/hackers_asylum,How does it work😭😭,2024-03-22T04:37:43+00:00,,,
15271,hackers_asylum,https://t.me/hackers_asylum,Nope,2024-03-21T13:19:55+00:00,,,
15270,hackers_asylum,https://t.me/hackers_asylum,Scam?,2024-03-21T13:15:39+00:00,,,
15269,hackers_asylum,https://t.me/hackers_asylum,I don't know it is fluctuating,2024-03-21T11:19:53+00:00,,,
15265,hackers_asylum,https://t.me/hackers_asylum,Why ?,2024-03-21T10:59:22+00:00,,,
15264,hackers_asylum,https://t.me/hackers_asylum,"No Notcoin 
10million Notcoin 20$",2024-03-21T10:23:23+00:00,,,
15262,hackers_asylum,https://t.me/hackers_asylum,1 ton  = 10$ ?,2024-03-21T09:46:36+00:00,,,
15258,hackers_asylum,https://t.me/hackers_asylum,In Uzbekistan price is 10$,2024-03-21T04:56:03+00:00,,,
