id,Channel ID,URL,message,date,views,forwards,reactions
1063,hackers_asylum,https://t.me/hackers_asylum,"☣️ <PERSON>, his brother <PERSON> arrested in Romania over UK sexual offence charges 👀

🧵Source - 
https://www.bbc.com/news/uk-68542187

https://www.hindustantimes.com/world-news/us-news/andrew-tate-his-brother-tristan-arrested-in-romania-over-uk-sexual-offence-charges-101710233306582.html",2024-03-12T12:59:33+00:00,3489.0,7.0,"🗿: 7, 💔: 5, 👍: 1, 💊: 1"
14527,hackers_asylum,https://t.me/hackers_asylum,Yes,2024-03-12T13:11:55+00:00,,,
14524,hackers_asylum,https://t.me/hackers_asylum,Real?,2024-03-12T13:09:12+00:00,,,
14523,hackers_asylum,https://t.me/hackers_asylum,"Ic, Lol",2024-03-12T13:02:37+00:00,,,
14522,hackers_asylum,https://t.me/hackers_asylum,memecoin on <PERSON>,2024-03-12T13:02:08+00:00,,,
14521,hackers_asylum,https://t.me/hackers_asylum,What's that?,2024-03-12T13:01:31+00:00,,,
14520,hackers_asylum,https://t.me/hackers_asylum,"good for me, $TEPG will pump hard lmfaooo",2024-03-12T13:00:07+00:00,,,
14519,hackers_asylum,https://t.me/hackers_asylum,Screw the Matrix,2024-03-12T13:00:06+00:00,,,🤣: 1
