id,Channel ID,URL,message,date,views,forwards,reactions
638,aceofhacking,https://t.me/aceofhacking,,2024-02-19T18:25:10+00:00,3306.0,3.0,
18669,aceofhacking,https://t.me/aceofhacking,"<PERSON>, <PERSON> bit late with this, but is there any chance we could get new cookies for Crello, MOZ and what not?! Thanks dawg 🙏🏼",2024-04-27T15:56:45+00:00,,,
18666,aceofhacking,https://t.me/aceofhacking,Yas,2024-04-11T18:40:01+00:00,,,
18662,aceofhacking,https://t.me/aceofhacking,Its an educational app. I can pay. Pls reach out if yes.,2024-03-28T20:25:31+00:00,,,
18661,aceofhacking,https://t.me/aceofhacking,"Hi, i would like you to hack an app and download its contents. 
Can u do that?",2024-03-28T19:55:46+00:00,,,
18648,aceofhacking,https://t.me/aceofhacking,netflix not working,2024-03-10T08:46:27+00:00,,,
18642,aceofhacking,https://t.me/aceofhacking,Hi,2024-03-01T16:35:15+00:00,,,
