id,Channel ID,URL,message,date,views,forwards,reactions
653,watchhoursyt,https://t.me/watchhoursyt,"INDIAN INSTAGRAM FOLLOWERS 👤

100 % Permanent <PERSON> 

* Start Time - INSTANT 
* Followers Type - INDIAN 🇮🇳
( Stories Enabled Accounts ) 
*Quality - Premium 

Price :- Rs. 320 Rs. 250 per 1000 Followers

Old Accounts And High Quality ✅",2024-02-07T07:41:40+00:00,630.0,2.0,"👍: 2, ❤: 2"
1374803,watchhoursyt,https://t.me/watchhoursyt,tarun_bana_xr_001,2024-02-21T05:18:34+00:00,,,
1374802,watchhoursyt,https://t.me/watchhoursyt,https://www.instagram.com/reel/C3hUsIJvI-E/?igsh=MzRlODBiNWFlZA==,2024-02-21T05:18:30+00:00,,,
1372885,watchhoursyt,https://t.me/watchhoursyt,Hii,2024-02-18T18:31:17+00:00,,,
1369991,watchhoursyt,https://t.me/watchhoursyt,How to buy?,2024-02-15T04:05:19+00:00,,,
