id,Channel ID,URL,message,date,views,forwards,reactions
654,watchhoursyt,https://t.me/watchhoursyt,"YouTube Subscribers

Quality - Good Quality Subs

Price ~  Rs. 350 Rs. 200 For 100 Subscribers 

Offer Valid For Limited Time✅
(Time wasters Don't msg)

Msg - @YTHANKS 

@YouTubeproof | @WatchhoursYT

🔥🔥🔥🔥🔥🔥🔥🔥🔥🔥🔥",2024-02-22T07:34:23+00:00,809.0,3.0,"👍: 1, ❤: 1"
1423458,watchhoursyt,https://t.me/watchhoursyt,200,2024-03-29T17:44:36+00:00,,,
1409707,watchhoursyt,https://t.me/watchhoursyt,"⚡️ Permanent YouTube Subscribers

Quality - Good Quality Subs

Price ~  Rs. 350 Rs. 250 For 100 Subscribers 

Offer Valid For Limited Time✅
(Time wasters Don't msg)

Msg - https://t.me/YTHANKS 

🔥🔥🔥🔥🔥🔥🔥🔥🔥🔥🔥",2024-03-20T14:09:12+00:00,,,
1409706,watchhoursyt,https://t.me/watchhoursyt,100 Subs for Rs. 200,2024-03-20T14:09:11+00:00,,,
1409604,watchhoursyt,https://t.me/watchhoursyt,"⚡️ Permanent YouTube Subscribers

Quality - Good Quality Subs

Price ~  Rs. 350 Rs. 250 For 100 Subscribers 

Offer Valid For Limited Time✅
(Time wasters Don't msg)

<PERSON> 

🔥🔥🔥🔥🔥🔥🔥🔥🔥🔥🔥",2024-03-20T13:18:52+00:00,,,
1409603,watchhoursyt,https://t.me/watchhoursyt,For 90 how many subscribers,2024-03-20T13:18:51+00:00,,,
1375960,watchhoursyt,https://t.me/watchhoursyt,"⚡️ Permanent YouTube Subscribers

Quality - Good Quality Subs

Price ~  Rs. 350 Rs. 250 For 100 Subscribers 

Offer Valid For Limited Time✅
(Time wasters Don't msg)

<PERSON> 

🔥🔥🔥🔥🔥🔥🔥🔥🔥🔥🔥",2024-02-22T07:34:27+00:00,,,
