id,Channel ID,URL,message,date,views,forwards,reactions
406,hackingandcrackingtools,https://t.me/hackingandcrackingtools,,2023-10-27T12:37:29+00:00,4784.0,93.0,"❤: 7, 👍: 1"
2910,hackingandcrackingtools,https://t.me/hackingandcrackingtools,Good,2023-11-13T07:54:08+00:00,,,
2616,hackingandcrackingtools,https://t.me/hackingandcrackingtools,Yes,2023-11-04T13:29:21+00:00,,,
2612,hackingandcrackingtools,https://t.me/hackingandcrackingtools,"<PERSON>
so if i install this my pc will get virus?",2023-11-04T13:17:40+00:00,,,
2611,hackingandcrackingtools,https://t.me/hackingandcrackingtools,Virus,2023-11-04T13:17:03+00:00,,,
2610,hackingandcrackingtools,https://t.me/hackingandcrackingtools,is this a tool?,2023-11-04T13:16:44+00:00,,,
2459,hackingandcrackingtools,https://t.me/hackingandcrackingtools,link group expired,2023-10-30T06:18:13+00:00,,,
2415,hackingandcrackingtools,https://t.me/hackingandcrackingtools,How to use,2023-10-28T14:12:38+00:00,,,
2414,hackingandcrackingtools,https://t.me/hackingandcrackingtools,TikTok live battle point,2023-10-28T14:08:06+00:00,,,
2411,hackingandcrackingtools,https://t.me/hackingandcrackingtools,how to use,2023-10-28T09:53:32+00:00,,,
