id,Channel ID,URL,message,date,views,forwards,reactions
381,hackingandcrackingtools,https://t.me/hackingandcrackingtools,"⏺ DARK METHOD CLOUD LOGS 
 

🛡 <DATE_TIME> upload 1.000+ very fresh logs
🛡 Geo - EU|USA, BR | DE, AR | GB
🛡 Domian: GooglePay, binance, crypto, cc, paypal, roblox, fortnite, youtube, ea, steam.",2023-10-21T23:37:21+00:00,3329.0,64.0,❤: 3
2870,hackingandcrackingtools,https://t.me/hackingandcrackingtools,How can I use it,2023-11-12T13:40:03+00:00,,,
2172,hackingandcrackingtools,https://t.me/hackingandcrackingtools,Can you explain more?,2023-10-22T11:40:39+00:00,,,
2131,hackingandcrackingtools,https://t.me/hackingandcrackingtools,HOW TO USE IT?,2023-10-22T03:35:52+00:00,,,
