id,Channel ID,URL,message,date,views,forwards,reactions
399,hackingandcrackingtools,https://t.me/hackingandcrackingtools,"Admin Password - 42342423

Script Pasword -
 @yash_hacking_1@afraxratofficials  ✅",2023-10-25T03:39:07+00:00,4028.0,75.0,"👍: 6, 😱: 1, 👌: 1, 😍: 1"
2834,hackingandcrackingtools,https://t.me/hackingandcrackingtools,yes,2023-11-11T16:35:49+00:00,,,
2313,hackingandcrackingtools,https://t.me/hackingandcrackingtools,how do i run the html and they are no steps in the file,2023-10-25T11:34:35+00:00,,,
