id,Channel ID,URL,message,date,views,forwards,reactions
398,hackingandcrackingtools,https://t.me/hackingandcrackingtools,"———————————————————
👍ONE REACTION MOTIVATE US❣️
———————————————————
🆔 @OurAllNetwork
🆑 For more Click me
———————————————————-
Don't forget Share And Support  US
—————————————————-——-",2023-10-25T03:15:12+00:00,4051.0,100.0,"❤: 6, 🔥: 2, 👍: 1"
8782,hackingandcrackingtools,https://t.me/hackingandcrackingtools,"OTP bypass

Is there anyone who installed this pls??",2024-03-26T05:58:02+00:00,,,
8780,hackingandcrackingtools,https://t.me/hackingandcrackingtools,Is there anyone who installed this pls??,2024-03-26T05:56:46+00:00,,,
8734,hackingandcrackingtools,https://t.me/hackingandcrackingtools,How to install ?,2024-03-23T20:28:44+00:00,,,
2928,hackingandcrackingtools,https://t.me/hackingandcrackingtools,How do we sit it up,2023-11-13T14:28:55+00:00,,,
2927,hackingandcrackingtools,https://t.me/hackingandcrackingtools,File,2023-11-13T14:28:50+00:00,,,
2926,hackingandcrackingtools,https://t.me/hackingandcrackingtools,Theres no main py,2023-11-13T14:28:49+00:00,,,
2340,hackingandcrackingtools,https://t.me/hackingandcrackingtools,how to install ?,2023-10-25T21:14:34+00:00,,,
2283,hackingandcrackingtools,https://t.me/hackingandcrackingtools,Tutorial?,2023-10-25T03:20:40+00:00,,,
