id,Channel ID,URL,message,date,views,forwards,reactions
411,hackingandcrackingtools,https://t.me/hackingandcrackingtools,😒 I'm back 🔙 what you want next,2023-11-04T13:28:42+00:00,3851.0,2.0,"❤: 4, 👍: 1"
2730,hackingandcrackingtools,https://t.me/hackingandcrackingtools,CRAXS v7,2023-11-09T17:03:31+00:00,,,
2625,hackingandcrackingtools,https://t.me/hackingandcrackingtools,Buy it,2023-11-04T16:05:31+00:00,,,
2624,hackingandcrackingtools,https://t.me/hackingandcrackingtools,Rats...🐏🐏,2023-11-04T15:08:06+00:00,,,
2623,hackingandcrackingtools,https://t.me/hackingandcrackingtools,Contests on rdp,2023-11-04T14:52:00+00:00,,,
2622,hackingandcrackingtools,https://t.me/hackingandcrackingtools,Rdp,2023-11-04T13:55:58+00:00,,,
2621,hackingandcrackingtools,https://t.me/hackingandcrackingtools,Panale azure 200$,2023-11-04T13:36:43+00:00,,,
2620,hackingandcrackingtools,https://t.me/hackingandcrackingtools,Rdp azure,2023-11-04T13:36:23+00:00,,,
2618,hackingandcrackingtools,https://t.me/hackingandcrackingtools,Vcc gift,2023-11-04T13:29:53+00:00,,,
2615,hackingandcrackingtools,https://t.me/hackingandcrackingtools,rdps,2023-11-04T13:29:01+00:00,,,
