id,Channel ID,URL,message,date,views,forwards,reactions
532,hackingandcrackingtools,https://t.me/hackingandcrackingtools,VIP <PERSON> (it's still working with hq paid proxy),2024-02-26T06:35:58+00:00,2596.0,14.0,❤: 4
8314,hackingandcrackingtools,https://t.me/hackingandcrackingtools,"Hello, I would like to learn about the pages, their payment gateways and their security (2D, 3D) ECT… please 🙏",2024-02-26T21:30:38+00:00,,,
8298,hackingandcrackingtools,https://t.me/hackingandcrackingtools,can you tell in one short video please,2024-02-26T08:19:44+00:00,,,
8295,hackingandcrackingtools,https://t.me/hackingandcrackingtools,Edit .bat files,2024-02-26T08:08:59+00:00,,,
8294,hackingandcrackingtools,https://t.me/hackingandcrackingtools,tell there use,2024-02-26T07:45:31+00:00,,,
