id,Channel ID,URL,message,date,views,forwards,reactions
546,hackingandcrackingtools,https://t.me/hackingandcrackingtools,"AMSI patched  for bypass 
Find the AMSI DLL: First off, you gotta locate the AMSI DLL file on the target system. Usually, it's named something like ""amsi.dll"" or ""amsi64.dll"". Once you find it, you're ready to dive in.

Patch the AMSI Scan Buffer: This is where the magic happens. You wanna locate the function responsible for scanning the buffer for suspicious stuff. It's usually called something like ""AmsiScanBuffer"". Now, you gotta mess with this function to make it ignore whatever you throw at it.

Break It: Once you find the ""AmsiScanBuffer"" function, you wanna mess with its code. Look for the code that checks for suspicious stuff in the buffer and change it so it always returns a clean result. You can NOP out the checks or redirect the flow elsewhere. Get creative with it!

Cover Your Tracks: After you're done patching, make sure to cover your tracks. You don't want anyone finding out what you did. Patching AMSI might raise some eyebrows, so make sure you clean up any evidence of your tampering.
✍️✍️✍️✍️✍️✍️✍️✍️
👍ONE REACTION MOTIVATE US ❣️
✍️✍️✍️✍️✍️✍️✍️✍️
📌 @OurAllNetwork 
👑 For more Click me 💻
✍️✍️✍️✍️✍️✍️✍️✍️
📸Don't forget Share And Support  US🌐
😀😀😀😀😀😀😀😀",2024-03-06T13:25:16+00:00,3106.0,20.0,"❤: 5, 👍: 3"
8440,hackingandcrackingtools,https://t.me/hackingandcrackingtools,What is this???,2024-03-06T13:29:30+00:00,,,
8438,hackingandcrackingtools,https://t.me/hackingandcrackingtools,What's this????,2024-03-06T13:26:19+00:00,,,
