id,Channel ID,URL,message,date,views,forwards,reactions
564,hackingandcrackingtools,https://t.me/hackingandcrackingtools,"Posted By <NRP>

⚠️ Use on your virtual computer.I will not be responsible for damage caused by using it on main Computer.Also,if you organize any crime using tools from my channel,you will be solely responsible for it.For educational purpose I provide you.I and my channel do not support any illegal Activity ⚠️

Don't Share Without credit
Expect us ❣
Stay With DarKnetJoKer",2024-03-26T07:00:08+00:00,3959.0,62.0,"👍: 4, ❤: 1"
9726,hackingandcrackingtools,https://t.me/hackingandcrackingtools,What's this use of this and is it for free,2024-05-11T11:39:45+00:00,,,
8796,hackingandcrackingtools,https://t.me/hackingandcrackingtools,What can this do?,2024-03-26T10:52:54+00:00,,,
