id,Channel ID,URL,message,date,views,forwards,reactions
14241,hubsurfs,https://t.me/hubsurfs,Grammarly Cookie                                                                                  https://paste.fo/e7915d87200a,2024-02-06T20:46:54+00:00,847.0,,❤: 2
66134,hubsurfs,https://t.me/hubsurfs,How can i use it ?,2024-02-07T13:19:49+00:00,,,
66129,hubsurfs,https://t.me/hubsurfs,Working perfectly! Putting the paste link here directly is so easy to assess on PC. Thank you,2024-02-07T08:54:38+00:00,,,
66127,hubsurfs,https://t.me/hubsurfs,Thank so much,2024-02-06T22:49:31+00:00,,,
