id,Channel ID,URL,message,date,views,forwards,reactions
14322,hubsurfs,https://t.me/hubsurfs,Primevideo Cookie Updated ✅                                                                                                                                                Check sleekhub.com.ng,2024-02-24T16:32:57+00:00,408.0,,
66361,hubsurfs,https://t.me/hubsurfs,please not how to use session share cookies but how to see the cookies after the redirecting,2024-02-24T16:54:56+00:00,,,
66360,hubsurfs,https://t.me/hubsurfs,https://sleekhub.com.ng/how-to-use-sleekhub-cookies/,2024-02-24T16:52:40+00:00,,,
66358,hubsurfs,https://t.me/hubsurfs,nothing is show please fix it,2024-02-24T16:40:56+00:00,,,
