id,Channel ID,URL,message,date,views,forwards,reactions
14319,hubsurfs,https://t.me/hubsurfs,Semrush Cookie Updated ✅                                                                                                                                                Check sleekhub.com.ng,2024-02-23T08:53:27+00:00,441.0,1.0,
66353,hubsurfs,https://t.me/hubsurfs,can u update chatgpt sir,2024-02-23T19:10:41+00:00,,,
66352,hubsurfs,https://t.me/hubsurfs,No,2024-02-23T19:01:33+00:00,,,❤: 1
66350,hubsurfs,https://t.me/hubsurfs,"do u have udemy, sir",2024-02-23T18:59:15+00:00,,,
66346,hubsurfs,https://t.me/hubsurfs,Not available now...use the website,2024-02-23T12:23:46+00:00,,,
66345,hubsurfs,https://t.me/hubsurfs,I please can you give me the name of your app in google play store ?,2024-02-23T11:39:13+00:00,,,
