id,Channel ID,URL,message,date,views,forwards,reactions
14277,hubsurfs,https://t.me/hubsurfs,Want Growthbarseo Giveaway?,2024-02-20T09:52:16+00:00,444.0,,
66218,hubsurfs,https://t.me/hubsurfs,Sent,2024-02-20T16:24:26+00:00,,,
66217,hubsurfs,https://t.me/hubsurfs,Sent,2024-02-20T16:24:22+00:00,,,
66216,hubsurfs,https://t.me/hubsurfs,Sent,2024-02-20T16:24:19+00:00,,,
66215,hubsurfs,https://t.me/hubsurfs,<EMAIL_ADDRESS>,2024-02-20T15:34:41+00:00,,,
66214,hubsurfs,https://t.me/hubsurfs,<EMAIL_ADDRESS>,2024-02-20T14:32:53+00:00,,,
66213,hubsurfs,https://t.me/hubsurfs,<EMAIL_ADDRESS>,2024-02-20T14:16:44+00:00,,,
66212,hubsurfs,https://t.me/hubsurfs,Sent,2024-02-20T14:08:22+00:00,,,❤: 1
66211,hubsurfs,https://t.me/hubsurfs,Sent,2024-02-20T14:08:19+00:00,,,
66210,hubsurfs,https://t.me/hubsurfs,Sent,2024-02-20T14:08:16+00:00,,,
66196,hubsurfs,https://t.me/hubsurfs,<EMAIL_ADDRESS>,2024-02-20T12:47:07+00:00,,,
66195,hubsurfs,https://t.me/hubsurfs,<EMAIL_ADDRESS>,2024-02-20T11:15:39+00:00,,,
66194,hubsurfs,https://t.me/hubsurfs,Please <PERSON>: <EMAIL_ADDRESS>,2024-02-20T11:09:21+00:00,,,
