Channel ID,URL,Post ID,date,message,out,mentioned,media_unread,silent,post,from_scheduled,legacy,edit_hide,pinned,noforwards,peer_channel,from_id_user,fwd_from,via_bot_id,reply_to_msg_id,reply_to_scheduled,forum_topic,media_photo_id,reply_markup,views,forwards,replies,edit_date,post_author,grouped_id,reactions,restriction_reason,ttl_period
combolistoo,https://t.me/combolistoo,6130,2024-02-15 00:45:31,"New Fresh Combos And Configs Uploaded In Cloud

If You Want To Join Cloud Dm me

♾ Support : @xR_offname •
🚸 Channel : @Offname_cloud  •
🚸 Channel2 :@Combo_Selling •
🔺 Web: xreactor.org •",False,False,False,False,True,False,False,True,False,False,1668160407,,"{'_': 'MessageFwdHeader', 'date': '2024-02-15T00:44:47+00:00', 'imported': False, 'saved_out': False, 'from_id': {'_': 'PeerChannel', 'channel_id': 1860629139}, 'from_name': None, 'channel_post': 261, 'post_author': None, 'saved_from_peer': None, 'saved_from_msg_id': None, 'saved_from_id': None, 'saved_from_name': None, 'saved_date': None, 'psa_type': None}",,,,,5.93810331582292e+18,,118,0,"{'_': 'MessageReplies', 'replies': 0, 'replies_pts': 1937, 'comments': True, 'recent_repliers': [], 'channel_id': 2106773805, 'max_id': None, 'read_max_id': None}",2024-02-15T00:45:34+00:00,Combo List Seller | [χƦ],,,[],
combolistoo,https://t.me/combolistoo,6131,2024-02-15 06:46:13,"Combo maker pro v5.1❤️‍🔥

I have updated the tool's server so that it will never stop

Price list:

<DATE_TIME> = 40$
<DATE_TIME> = 80$ 60$ 
<DATE_TIME> = 120$ 80$
Hwid reset (to run the license key on another device) = 5$
Lifetime = 250$ (contains unlimited hwid reset)

U can make unlimited combolists through your subscription

Dm:@XVEGOX",False,False,False,False,True,False,False,True,False,False,1668160407,,"{'_': 'MessageFwdHeader', 'date': '2024-02-14T20:49:51+00:00', 'imported': False, 'saved_out': False, 'from_id': {'_': 'PeerChannel', 'channel_id': 1350883853}, 'from_name': None, 'channel_post': 12534, 'post_author': 'ⓍVEGOⓍ', 'saved_from_peer': None, 'saved_from_msg_id': None, 'saved_from_id': None, 'saved_from_name': None, 'saved_date': None, 'psa_type': None}",,,,,,,118,0,"{'_': 'MessageReplies', 'replies': 0, 'replies_pts': 1937, 'comments': True, 'recent_repliers': [], 'channel_id': 2106773805, 'max_id': None, 'read_max_id': None}",2024-02-15T06:46:16+00:00,ⓍVEGOⓍ,,,[],
combolistoo,https://t.me/combolistoo,6132,2024-02-15 12:25:12,Just toooodaaay<NRP>,False,False,False,False,True,False,False,True,False,False,1668160407,,,,,,,,,123,0,"{'_': 'MessageReplies', 'replies': 0, 'replies_pts': 1937, 'comments': True, 'recent_repliers': [], 'channel_id': 2106773805, 'max_id': None, 'read_max_id': None}",2024-02-15T12:25:15+00:00,error offensive [lg owner],,,[],
combolistoo,https://t.me/combolistoo,6133,2024-02-15 12:25:12,"🤨Offer 100k 8$
😠2TB combo email pass phone pass user pass worldwide all target available
😆@error_offensive",False,False,False,False,True,False,False,True,False,False,1668160407,,,,,,,,,138,0,"{'_': 'MessageReplies', 'replies': 0, 'replies_pts': 1937, 'comments': True, 'recent_repliers': [], 'channel_id': 2106773805, 'max_id': None, 'read_max_id': None}",2024-02-15T12:25:15+00:00,error offensive [lg owner],,,[],
combolistoo,https://t.me/combolistoo,6134,2024-02-15 13:46:58,"🫰😆cloud combo legion team
🤨Start work 15 feb
👆price for sub:
<DATE_TIME> 15$ month 25$ lifetime 500$
😆about legion team cloud:
dayli 30 post 
🤜combo tools tutorial dumping dorklist and etc...
about click🫰
contact to buy sub:
@error_offensive
suggest for plan cloud:
lifetime
about team legion:@legion_team_WP",False,False,False,False,True,False,False,True,False,False,1668160407,,,,,,,,,143,0,"{'_': 'MessageReplies', 'replies': 0, 'replies_pts': 1937, 'comments': True, 'recent_repliers': [], 'channel_id': 2106773805, 'max_id': None, 'read_max_id': None}",2024-02-15T13:47:01+00:00,error offensive [lg owner],,,[],
combolistoo,https://t.me/combolistoo,6135,2024-02-15 13:58:10,"31kk
CORP UHQ 
CREATE BY @error_offebsive
TODAY ONLY SELL CORP DBS 
300KK = 5000$ / MORE READY FOR SELL 
TO BUY SEND MSG
TEST THATS BASE IF GOOD SEND MESSAGE TO BUY MORE...",False,False,False,False,True,False,False,True,False,False,1668160407,,,,,,,,,155,7,"{'_': 'MessageReplies', 'replies': 3, 'replies_pts': 1937, 'comments': True, 'recent_repliers': [{'_': 'PeerChannel', 'channel_id': 2106773805}, {'_': 'PeerUser', 'user_id': 6916806934}], 'channel_id': 2106773805, 'max_id': 919, 'read_max_id': None}",2024-02-15T13:58:14+00:00,error offensive [lg owner],,,[],
combolistoo,https://t.me/combolistoo,6136,2024-02-16 03:05:45,"Combo maker pro v5.1❤️‍🔥

I have updated the tool's server so that it will never stop

Price list:

<DATE_TIME> = 40$
<DATE_TIME> = 80$ 60$ 
<DATE_TIME> = 120$ 80$
Hwid reset (to run the license key on another device) = 5$
Lifetime = 250$ (contains unlimited hwid reset)

U can make unlimited combolists through your subscription

Dm:@XVEGOX",False,False,False,False,True,False,False,True,False,False,1668160407,,"{'_': 'MessageFwdHeader', 'date': '2024-02-14T20:49:57+00:00', 'imported': False, 'saved_out': False, 'from_id': {'_': 'PeerChannel', 'channel_id': 1780390634}, 'from_name': None, 'channel_post': 2875, 'post_author': 'ⓍVEGOⓍ', 'saved_from_peer': None, 'saved_from_msg_id': None, 'saved_from_id': None, 'saved_from_name': None, 'saved_date': None, 'psa_type': None}",,,,,,,141,0,"{'_': 'MessageReplies', 'replies': 0, 'replies_pts': 1937, 'comments': True, 'recent_repliers': [], 'channel_id': 2106773805, 'max_id': None, 'read_max_id': None}",2024-02-16T03:05:48+00:00,ⓍVEGOⓍ,,,[],
combolistoo,https://t.me/combolistoo,6137,2024-02-16 09:53:37,"<PERSON><DATE_TIME> per acc fb
15k available
start sell 10+ line
@error_offensive",False,False,False,False,True,False,False,True,False,False,1668160407,,,,,,,,,131,0,"{'_': 'MessageReplies', 'replies': 0, 'replies_pts': 1937, 'comments': True, 'recent_repliers': [], 'channel_id': 2106773805, 'max_id': None, 'read_max_id': None}",2024-02-16T09:53:40+00:00,error offensive [lg owner],,,[],
combolistoo,https://t.me/combolistoo,6138,2024-02-16 10:09:06,"Combo maker pro v5.1❤️‍🔥

I have updated the tool's server so that it will never stop

Price list:

<DATE_TIME> = 40$
<DATE_TIME> = 80$ 60$ 
<DATE_TIME> = 120$ 80$
Hwid reset (to run the license key on another device) = 5$
Lifetime = 250$ (contains unlimited hwid reset)

U can make unlimited combolists through your subscription

Dm:@XVEGOX",False,False,False,False,True,False,False,True,False,False,1668160407,,"{'_': 'MessageFwdHeader', 'date': '2024-02-16T03:05:45+00:00', 'imported': False, 'saved_out': False, 'from_id': {'_': 'PeerChannel', 'channel_id': 1350883853}, 'from_name': None, 'channel_post': 12550, 'post_author': 'Forward Tag Removerッ', 'saved_from_peer': None, 'saved_from_msg_id': None, 'saved_from_id': None, 'saved_from_name': None, 'saved_date': None, 'psa_type': None}",,,,,,,141,0,"{'_': 'MessageReplies', 'replies': 0, 'replies_pts': 1937, 'comments': True, 'recent_repliers': [], 'channel_id': 2106773805, 'max_id': None, 'read_max_id': None}",2024-02-16T10:09:10+00:00,ⓍVEGOⓍ,,,[],
combolistoo,https://t.me/combolistoo,6139,2024-02-16 15:51:57,"🫰😆cloud combo legion team
🤨Start work 15 feb
👆price for sub:
<DATE_TIME> 15$ month 25$ lifetime 500$
😆about legion team cloud:
dayli 30 post 
🤜combo tools tutorial dumping dorklist and etc...
about click🫰
contact to buy sub:
@error_offensive
suggest for plan cloud:
lifetime
about team legion:@legion_team_wp
75/120",False,False,False,False,True,False,False,True,False,False,1668160407,,,,,,,,,144,0,"{'_': 'MessageReplies', 'replies': 0, 'replies_pts': 1937, 'comments': True, 'recent_repliers': [], 'channel_id': 2106773805, 'max_id': None, 'read_max_id': None}",2024-02-16T15:52:00+00:00,error offensive [lg owner],,,[],
combolistoo,https://t.me/combolistoo,6140,2024-02-17 00:08:39,"Combo maker pro v5.1❤️‍🔥

I have updated the tool's server so that it will never stop

Price list:

<DATE_TIME> = 40$
<DATE_TIME> = 80$ 60$ 
<DATE_TIME> = 120$ 80$
Hwid reset (to run the license key on another device) = 5$
Lifetime = 250$ (contains unlimited hwid reset)

U can make unlimited combolists through your subscription

Dm:@XVEGOX",False,False,False,False,True,False,False,True,False,False,1668160407,,"{'_': 'MessageFwdHeader', 'date': '2024-02-16T10:09:07+00:00', 'imported': False, 'saved_out': False, 'from_id': {'_': 'PeerChannel', 'channel_id': 1350883853}, 'from_name': None, 'channel_post': 12555, 'post_author': 'Forward Tag Removerッ', 'saved_from_peer': None, 'saved_from_msg_id': None, 'saved_from_id': None, 'saved_from_name': None, 'saved_date': None, 'psa_type': None}",,,,,,,149,0,"{'_': 'MessageReplies', 'replies': 0, 'replies_pts': 1937, 'comments': True, 'recent_repliers': [], 'channel_id': 2106773805, 'max_id': None, 'read_max_id': None}",2024-02-17T00:08:42+00:00,ⓍVEGOⓍ,,,[],
combolistoo,https://t.me/combolistoo,6141,2024-02-17 11:32:22,"🤨Offer 100k 8$
😠2TB combo email pass 
😆phone pass user pass 
🗺worldwide all target 

available

👁‍🗨@error_offensive",False,False,False,False,True,False,False,True,False,False,1668160407,,,,,,,,,141,0,"{'_': 'MessageReplies', 'replies': 1, 'replies_pts': 1937, 'comments': True, 'recent_repliers': [{'_': 'PeerUser', 'user_id': 6495064520}], 'channel_id': 2106773805, 'max_id': 926, 'read_max_id': None}",2024-02-17T11:32:27+00:00,error offensive [lg owner],,,[],
combolistoo,https://t.me/combolistoo,6142,2024-02-17 17:09:32,,False,False,False,False,True,False,False,True,False,False,1668160407,,,,,,,,,128,3,"{'_': 'MessageReplies', 'replies': 0, 'replies_pts': 1937, 'comments': True, 'recent_repliers': [], 'channel_id': 2106773805, 'max_id': None, 'read_max_id': None}",2024-02-17T17:09:37+00:00,XCrackZ [🇬🇧] #[VX],,,[],
combolistoo,https://t.me/combolistoo,6143,2024-02-17 17:09:33,,False,False,False,False,True,False,False,True,False,False,1668160407,,,,,,,,,123,3,,2024-02-17T17:09:37+00:00,XCrackZ [🇬🇧] #[VX],1.3665518179415228e+16,,[],
combolistoo,https://t.me/combolistoo,6144,2024-02-17 17:09:33,,False,False,False,False,True,False,False,True,False,False,1668160407,,,,,,,,,127,3,,2024-02-17T17:09:37+00:00,XCrackZ [🇬🇧] #[VX],1.3665518179415228e+16,,[],
combolistoo,https://t.me/combolistoo,6145,2024-02-17 17:09:34,,False,False,False,False,True,False,False,True,False,False,1668160407,,,,,,,,,127,3,,2024-02-17T17:09:37+00:00,XCrackZ [🇬🇧] #[VX],1.3665518179415228e+16,,[],
combolistoo,https://t.me/combolistoo,6146,2024-02-17 17:09:35,,False,False,False,False,True,False,False,True,False,False,1668160407,,,,,,,,,129,4,,2024-02-17T17:09:37+00:00,XCrackZ [🇬🇧] #[VX],1.3665518179415228e+16,,[],
combolistoo,https://t.me/combolistoo,6147,2024-02-17 17:09:35,,False,False,False,False,True,False,False,True,False,False,1668160407,,,,,,,,,136,3,,2024-02-17T17:09:37+00:00,XCrackZ [🇬🇧] #[VX],1.3665518179415228e+16,,[],
combolistoo,https://t.me/combolistoo,6148,2024-02-17 17:09:36,,False,False,False,False,True,False,False,True,False,False,1668160407,,,,,,,,,135,3,,2024-02-17T17:09:37+00:00,XCrackZ [🇬🇧] #[VX],1.3665518179415228e+16,,[],
combolistoo,https://t.me/combolistoo,6149,2024-02-17 17:09:38,,False,False,False,False,True,False,False,True,False,False,1668160407,,,,,,,,,147,3,,2024-02-17T17:09:38+00:00,XCrackZ [🇬🇧] #[VX],1.3665518179415228e+16,,[],
combolistoo,https://t.me/combolistoo,6150,2024-02-17 17:09:39,,False,False,False,False,True,False,False,True,False,False,1668160407,,,,,,,,,143,3,,2024-02-17T17:09:42+00:00,XCrackZ [🇬🇧] #[VX],1.3665518179415228e+16,,[],
combolistoo,https://t.me/combolistoo,6151,2024-02-17 17:09:39,,False,False,False,False,True,False,False,True,False,False,1668160407,,,,,,,,,145,4,,2024-02-17T17:09:42+00:00,XCrackZ [🇬🇧] #[VX],1.3665518179415228e+16,,[],
combolistoo,https://t.me/combolistoo,6152,2024-02-17 17:09:40,"🏆11x COMBO + LOGS  @XCrackZ

📕KEEP SUPPORTING :- @SRILEGITS                                    

🗣IF ANYONE INTEREST TO COMBO DM ME HERE @XCRACKZ  ✨ NEW HOTMAIL FRESH VALID MAIL COMBO ARE IN STOCK ....WE SELL ALL TARGET COMBOS...!💥NEW FRESH DATA IN STOCK.. AND ALL TYPE DOMAINS COMBO ARE AVAILABLE⚡️ HIGHHITRATE .. PAYMENT PROOFS ARE HERE:- @XCRACKZ_PROOFS🚀                                
                                
IF ANY ONE INTEREST TO BUY ANY TARGET COMBOS DM ME HERE @XCRACKZ",False,False,False,False,True,False,False,True,False,False,1668160407,,,,,,,,,167,4,,2024-02-17T17:09:43+00:00,XCrackZ [🇬🇧] #[VX],1.3665518179415228e+16,,[],
combolistoo,https://t.me/combolistoo,6153,2024-02-17 20:06:08,"🤨Offer 100k 8$
😠2TB combo email pass 
😆phone pass user pass 
🗺worldwide all target 

available

👁‍🗨@error_offensive",False,False,False,False,True,False,False,True,False,False,1668160407,,,,,,,,,134,0,"{'_': 'MessageReplies', 'replies': 0, 'replies_pts': 1937, 'comments': True, 'recent_repliers': [], 'channel_id': 2106773805, 'max_id': None, 'read_max_id': None}",2024-02-17T20:06:14+00:00,error offensive [lg owner],,,[],
combolistoo,https://t.me/combolistoo,6154,2024-02-17 22:01:40,"It email pass
<PERSON> 
100k 500-1k hit warranty
80$ 
@error_offensive",False,False,False,False,True,False,False,True,False,False,1668160407,,,,,,,,,128,0,"{'_': 'MessageReplies', 'replies': 0, 'replies_pts': 1937, 'comments': True, 'recent_repliers': [], 'channel_id': 2106773805, 'max_id': None, 'read_max_id': None}",2024-02-17T22:01:44+00:00,error offensive [lg owner],,,[],
combolistoo,https://t.me/combolistoo,6155,2024-02-17 22:55:00,"LG WP
SIZE:900k
COUNTRY:usa
TYPE:EMAIL;Password
TARGET:mix
ID:@error_offensive",False,False,False,False,True,False,False,True,False,False,1668160407,,"{'_': 'MessageFwdHeader', 'date': '2024-02-17T22:54:35+00:00', 'imported': False, 'saved_out': False, 'from_id': None, 'from_name': 'MR leads (LG)', 'channel_post': None, 'post_author': None, 'saved_from_peer': None, 'saved_from_msg_id': None, 'saved_from_id': None, 'saved_from_name': None, 'saved_date': None, 'psa_type': None}",,,,,,,114,5,"{'_': 'MessageReplies', 'replies': 2, 'replies_pts': 1937, 'comments': True, 'recent_repliers': [{'_': 'PeerChannel', 'channel_id': 2106773805}, {'_': 'PeerUser', 'user_id': 1964843914}], 'channel_id': 2106773805, 'max_id': 942, 'read_max_id': None}",2024-02-17T22:55:03+00:00,error offensive [lg owner],,,[],
combolistoo,https://t.me/combolistoo,6156,2024-02-17 22:57:10,"Combo maker pro v5.1❤️‍🔥

I have updated the tool's server so that it will never stop

Price list:

<DATE_TIME> = 40$
<DATE_TIME> = 80$ 60$ 
<DATE_TIME> = 120$ 80$
Hwid reset (to run the license key on another device) = 5$
Lifetime = 250$ (contains unlimited hwid reset)

U can make unlimited combolists through your subscription

Dm:@XVEGOX",False,False,False,False,True,False,False,True,False,False,1668160407,,"{'_': 'MessageFwdHeader', 'date': '2024-02-14T20:49:51+00:00', 'imported': False, 'saved_out': False, 'from_id': {'_': 'PeerChannel', 'channel_id': 1350883853}, 'from_name': None, 'channel_post': 12534, 'post_author': 'ⓍVEGOⓍ', 'saved_from_peer': None, 'saved_from_msg_id': None, 'saved_from_id': None, 'saved_from_name': None, 'saved_date': None, 'psa_type': None}",,,,,,,67,0,"{'_': 'MessageReplies', 'replies': 0, 'replies_pts': 1937, 'comments': True, 'recent_repliers': [], 'channel_id': 2106773805, 'max_id': None, 'read_max_id': None}",2024-02-17T22:57:13+00:00,ⓍVEGOⓍ,,,[],
combolistoo,https://t.me/combolistoo,6157,2024-02-17 22:59:20,"LG WP combolist free
SIZE:7k
COUNTRY:it us de br and etc...
TYPE:EMAIL;Password
TARGET:<PERSON>",False,False,False,False,True,False,False,True,False,False,1668160407,,"{'_': 'MessageFwdHeader', 'date': '2024-02-17T22:58:27+00:00', 'imported': False, 'saved_out': False, 'from_id': None, 'from_name': 'MR leads (LG)', 'channel_post': None, 'post_author': None, 'saved_from_peer': None, 'saved_from_msg_id': None, 'saved_from_id': None, 'saved_from_name': None, 'saved_date': None, 'psa_type': None}",,,,,,,112,4,"{'_': 'MessageReplies', 'replies': 0, 'replies_pts': 1937, 'comments': True, 'recent_repliers': [], 'channel_id': 2106773805, 'max_id': None, 'read_max_id': None}",2024-02-17T22:59:23+00:00,error offensive [lg owner],,,[],
combolistoo,https://t.me/combolistoo,6158,2024-02-17 23:10:57,"Selling mail:pass
[GMAIL] [DUMP] 5,565,205 mails. Private. Price - $400
[HOTMAIL] 16.031.327 mails. Private. Price - $620
[YAHOO] [DUMP] 8,143,643 mails. Private. Price - $390
[HOTMAIL] 2,506,306 mails. Private. Price - $270
[YAHOO] [DUMP] 5,340,828 mails. Private. Price - $360
[AOL] [DUMP] 1,073,074 mails. Private. Price - $250
[HOTMAIL] [DUMP] 8,055,358 mails. Private. Price - $400
[YAHOO] [DUMP] 24,825,253 mails. Private. Price - $600
[HOTMAIL] [DUMP] 3,596,996 mails. Private. Price - $320
[HOTMAIL] 25,472,002 mails. Private. Price - $600
[BRAZIL] [DUMP] 261,739 mails. Private. Price - $230
[UNITED STATES] [DUMP] 4,869,749 mails. Private. Price - $400
[FRANCE] [DUMP] 3,651,312 mails. Private. Price - $310           
[CANADA] [DUMP] 48,339
mails. Private. Price - $110
contact:
👨‍💻@error_offensive",False,False,False,False,True,False,False,True,False,False,1668160407,,,,,,,,,119,0,"{'_': 'MessageReplies', 'replies': 0, 'replies_pts': 1937, 'comments': True, 'recent_repliers': [], 'channel_id': 2106773805, 'max_id': None, 'read_max_id': None}",2024-02-17T23:11:00+00:00,error offensive [lg owner],,,[],
combolistoo,https://t.me/combolistoo,6159,2024-02-18 00:31:47,"Combo maker pro v5.1❤️‍🔥

I have updated the tool's server so that it will never stop

Price list:

<DATE_TIME> = 40$
<DATE_TIME> = 80$ 60$ 
<DATE_TIME> = 120$ 80$
Hwid reset (to run the license key on another device) = 5$
Lifetime = 250$ (contains unlimited hwid reset)

U can make unlimited combolists through your subscription

Dm:@XVEGOX",False,False,False,False,True,False,False,True,False,False,1668160407,,"{'_': 'MessageFwdHeader', 'date': '2024-02-18T00:30:46+00:00', 'imported': False, 'saved_out': False, 'from_id': {'_': 'PeerChannel', 'channel_id': 1350883853}, 'from_name': None, 'channel_post': 12587, 'post_author': 'ⓍVEGOⓍ', 'saved_from_peer': None, 'saved_from_msg_id': None, 'saved_from_id': None, 'saved_from_name': None, 'saved_date': None, 'psa_type': None}",,,,,5.949357268304773e+18,,126,0,"{'_': 'MessageReplies', 'replies': 0, 'replies_pts': 1937, 'comments': True, 'recent_repliers': [], 'channel_id': 2106773805, 'max_id': None, 'read_max_id': None}",2024-02-18T00:31:50+00:00,ⓍVEGOⓍ,,,[],
combolistoo,https://t.me/combolistoo,6160,2024-02-18 06:21:42,"Selling mail:pass
[GMAIL] [DUMP] 5,565,205 mails. Private. Price - $400
[HOTMAIL] 16.031.327 mails. Private. Price - $620
[YAHOO] [DUMP] 8,143,643 mails. Private. Price - $390
[HOTMAIL] 2,506,306 mails. Private. Price - $270
[YAHOO] [DUMP] 5,340,828 mails. Private. Price - $360
[AOL] [DUMP] 1,073,074 mails. Private. Price - $250
[HOTMAIL] [DUMP] 8,055,358 mails. Private. Price - $400
[YAHOO] [DUMP] 24,825,253 mails. Private. Price - $600
[HOTMAIL] [DUMP] 3,596,996 mails. Private. Price - $320
[HOTMAIL] 25,472,002 mails. Private. Price - $600
[BRAZIL] [DUMP] 261,739 mails. Private. Price - $230
[UNITED STATES] [DUMP] 4,869,749 mails. Private. Price - $400
[FRANCE] [DUMP] 3,651,312 mails. Private. Price - $310           
[CANADA] [DUMP] 48,339
mails. Private. Price - soldout
contact:
👨‍💻@error_offensive",False,False,False,False,True,False,False,True,False,False,1668160407,,,,,,,,,134,1,"{'_': 'MessageReplies', 'replies': 0, 'replies_pts': 1937, 'comments': True, 'recent_repliers': [], 'channel_id': 2106773805, 'max_id': None, 'read_max_id': None}",2024-02-18T06:21:45+00:00,error offensive [lg owner],,,[],
combolistoo,https://t.me/combolistoo,6161,2024-02-18 13:37:10,Filefactory.com <PERSON>,False,False,False,False,True,False,False,True,False,False,1668160407,,"{'_': 'MessageFwdHeader', 'date': '2024-02-18T13:34:48+00:00', 'imported': False, 'saved_out': False, 'from_id': {'_': 'PeerChannel', 'channel_id': 1842056364}, 'from_name': None, 'channel_post': 607, 'post_author': None, 'saved_from_peer': None, 'saved_from_msg_id': None, 'saved_from_id': None, 'saved_from_name': None, 'saved_date': None, 'psa_type': None}",,,,,5.08456671135673e+18,,109,0,"{'_': 'MessageReplies', 'replies': 0, 'replies_pts': 1937, 'comments': True, 'recent_repliers': [], 'channel_id': 2106773805, 'max_id': None, 'read_max_id': None}",2024-02-18T13:37:13+00:00,[] ₳ⱠØ₦Ɇ ĐɆVłⱠⱫ1 The New era👑,,,[],
combolistoo,https://t.me/combolistoo,6162,2024-02-18 13:37:11,"Filefactory.com  <PERSON>
🥳☹️😣🙁☹️🙁☹️☹️
📋Capture:✅
🧠Bot : 80
🔎Cpm: 1000+
📡Proxy:  ✅
✅Combo:  Email:Pass
🟰🟰🟰🟰🟰🟰🟰🟰🟰🟰🟰🟰🟰🟰🟰🟰
🈲 By : @Alone_Devilz1

☹️☹️☹️🤩<PERSON>☹️
Send Reaction guys for more configs
😣☹️🙁☹️🙁😶‍🌫️😣🥳",False,False,False,False,True,False,False,True,False,False,1668160407,,"{'_': 'MessageFwdHeader', 'date': '2024-02-18T13:34:48+00:00', 'imported': False, 'saved_out': False, 'from_id': {'_': 'PeerChannel', 'channel_id': 1842056364}, 'from_name': None, 'channel_post': 608, 'post_author': None, 'saved_from_peer': None, 'saved_from_msg_id': None, 'saved_from_id': None, 'saved_from_name': None, 'saved_date': None, 'psa_type': None}",,,,,,,108,0,,2024-02-18T13:37:13+00:00,[] ₳ⱠØ₦Ɇ ĐɆVłⱠⱫ1 The New era👑,,,[],
combolistoo,https://t.me/combolistoo,6163,2024-02-18 15:16:18,"🤨Offer 100k 8$
😠2TB combo email pass 
😆phone pass user pass 
🗺worldwide all target 

available

👁‍🗨@error_offensive",False,False,False,False,True,False,False,True,False,False,1668160407,,,,,,,,,118,1,"{'_': 'MessageReplies', 'replies': 0, 'replies_pts': 1937, 'comments': True, 'recent_repliers': [], 'channel_id': 2106773805, 'max_id': None, 'read_max_id': None}",2024-02-18T15:16:21+00:00,error offensive [lg owner],,,[],
combolistoo,https://t.me/combolistoo,6164,2024-02-18 23:49:54,"Combo maker pro v5.1❤️‍🔥

I have updated the tool's server so that it will never stop

Price list:

<DATE_TIME> = 40$
<DATE_TIME> = 80$ 60$ 
<DATE_TIME> = 120$ 80$
Hwid reset (to run the license key on another device) = 5$
Lifetime = 250$ (contains unlimited hwid reset)

U can make unlimited combolists through your subscription

Dm:@XVEGOX",False,False,False,False,True,False,False,True,False,False,1668160407,,"{'_': 'MessageFwdHeader', 'date': '2024-02-14T20:49:51+00:00', 'imported': False, 'saved_out': False, 'from_id': {'_': 'PeerChannel', 'channel_id': 1350883853}, 'from_name': None, 'channel_post': 12534, 'post_author': 'ⓍVEGOⓍ', 'saved_from_peer': None, 'saved_from_msg_id': None, 'saved_from_id': None, 'saved_from_name': None, 'saved_date': None, 'psa_type': None}",,,,,,,68,0,"{'_': 'MessageReplies', 'replies': 0, 'replies_pts': 1937, 'comments': True, 'recent_repliers': [], 'channel_id': 2106773805, 'max_id': None, 'read_max_id': None}",2024-02-18T23:49:57+00:00,ⓍVEGOⓍ,,,[],
combolistoo,https://t.me/combolistoo,6165,2024-02-19 00:25:08,"Combo List UHQ UK Domains 

Type:Email:Password

Count:1Milion Lines

Good For:Streaming,Shopping Targeted

Do Not Sell The Combo List❌

(Combo List Order Will Accept For Buy Dm❗️ )

🧑‍💻ID: ⁩ @xR_offname •",False,False,False,False,True,False,False,True,False,False,1668160407,,,,,,,,,96,4,"{'_': 'MessageReplies', 'replies': 0, 'replies_pts': 1937, 'comments': True, 'recent_repliers': [], 'channel_id': 2106773805, 'max_id': None, 'read_max_id': None}",2024-02-19T00:25:11+00:00,Combo List Seller | [χƦ],1.3666418468392916e+16,,[],
combolistoo,https://t.me/combolistoo,6166,2024-02-19 00:25:08,"Combo List UHQ USA Mix Domains

Type:Email:Password

Count:600k Lines 

Good For:Every Thing

Do Not Sell The Combo List❌

(Combo List Order Will Accept For Buy Dm❗️ )

🧑‍💻ID: ⁩ @xR_offname •",False,False,False,False,True,False,False,True,False,False,1668160407,,,,,,,,,117,4,,2024-02-19T00:25:11+00:00,Combo List Seller | [χƦ],1.3666418468392916e+16,,[],
combolistoo,https://t.me/combolistoo,6167,2024-02-19 00:25:08,"Combo List UHQ UK AND FR

Type:Email:Password

Count:500K Lines 

Good For:Mail Access, Streaming,Shopping,Dating

Do Not Sell The Combo List❌

(Combo List Order Will Accept For Buy Dm❗️ )

🧑‍💻ID: ⁩ @xR_offname •",False,False,False,False,True,False,False,True,False,False,1668160407,,,,,,,,,127,2,,2024-02-19T00:25:11+00:00,Combo List Seller | [χƦ],1.3666418468392916e+16,,[],
combolistoo,https://t.me/combolistoo,6168,2024-02-19 00:25:08,"Combo List UHQ ITaly Mix Domains 

Type:Email:Password

Count:1.5Milion Lines

Good For:Every Thing

Do Not Sell The Combo List❌

(Combo List Order Will Accept For Buy Dm❗️ )

🧑‍💻ID: ⁩ @xR_offname •",False,False,False,False,True,False,False,True,False,False,1668160407,,,,,,,,,136,6,,2024-02-19T00:25:11+00:00,Combo List Seller | [χƦ],1.3666418468392916e+16,,[],
combolistoo,https://t.me/combolistoo,6169,2024-02-19 00:34:12,"New Fresh Combos And Configs Uploaded In Cloud

If You Want To Join Cloud Dm me

♾ Support : @xR_offname •
🚸 Channel : @Offname_cloud  •
🚸 Channel2 :@Combo_Selling •
🔺 Web: xreactor.org •",False,False,False,False,True,False,False,True,False,False,1668160407,,"{'_': 'MessageFwdHeader', 'date': '2024-02-19T00:31:56+00:00', 'imported': False, 'saved_out': False, 'from_id': {'_': 'PeerChannel', 'channel_id': 1860629139}, 'from_name': None, 'channel_post': 263, 'post_author': None, 'saved_from_peer': None, 'saved_from_msg_id': None, 'saved_from_id': None, 'saved_from_name': None, 'saved_date': None, 'psa_type': None}",,,,,5.951877834286941e+18,,130,0,"{'_': 'MessageReplies', 'replies': 0, 'replies_pts': 1937, 'comments': True, 'recent_repliers': [], 'channel_id': 2106773805, 'max_id': None, 'read_max_id': None}",2024-02-19T00:34:15+00:00,Combo List Seller | [χƦ],,,[],
combolistoo,https://t.me/combolistoo,6170,2024-02-19 10:39:18,"Offer price source just 4H 
100k 12$
1m 70$
10m 300$
@error_offensive
just combolist usa mix available",False,False,False,False,True,False,False,True,False,False,1668160407,,,,,,,,,145,0,"{'_': 'MessageReplies', 'replies': 0, 'replies_pts': 1937, 'comments': True, 'recent_repliers': [], 'channel_id': 2106773805, 'max_id': None, 'read_max_id': None}",2024-02-19T10:39:21+00:00,error offensive [lg owner],,,[],
combolistoo,https://t.me/combolistoo,6171,2024-02-19 12:47:55,"LG WP combolist free
SIZE:10kk
COUNTRY:it us de br ca and etc...
TYPE:EMAIL;Password
TARGET:mix
ID:@error_offensive",False,False,False,False,True,False,False,True,False,False,1668160407,,,,,,,,,154,3,"{'_': 'MessageReplies', 'replies': 0, 'replies_pts': 1937, 'comments': True, 'recent_repliers': [], 'channel_id': 2106773805, 'max_id': None, 'read_max_id': None}",2024-02-19T12:47:58+00:00,error offensive [lg owner],,,[],
combolistoo,https://t.me/combolistoo,6172,2024-02-19 14:28:45,"LG WP combolist free
<DATE_TIME>
COUNTRY:fr
TYPE:EMAIL;Password
TARGET:mix
ID:@error_offensive",False,False,False,False,True,False,False,True,False,False,1668160407,,,,,,,,,155,3,"{'_': 'MessageReplies', 'replies': 0, 'replies_pts': 1937, 'comments': True, 'recent_repliers': [], 'channel_id': 2106773805, 'max_id': None, 'read_max_id': None}",2024-02-19T14:28:48+00:00,error offensive [lg owner],,,[],
combolistoo,https://t.me/combolistoo,6173,2024-02-19 16:10:53,Millets.co.uk Full Capture Configs,False,False,False,False,True,False,False,True,False,False,1668160407,,"{'_': 'MessageFwdHeader', 'date': '2024-02-19T16:09:16+00:00', 'imported': False, 'saved_out': False, 'from_id': {'_': 'PeerChannel', 'channel_id': 1842056364}, 'from_name': None, 'channel_post': 609, 'post_author': None, 'saved_from_peer': None, 'saved_from_msg_id': None, 'saved_from_id': None, 'saved_from_name': None, 'saved_date': None, 'psa_type': None}",,,,,5.089527222489951e+18,,118,0,"{'_': 'MessageReplies', 'replies': 0, 'replies_pts': 1937, 'comments': True, 'recent_repliers': [], 'channel_id': 2106773805, 'max_id': None, 'read_max_id': None}",2024-02-19T16:10:58+00:00,[] ₳ⱠØ₦Ɇ ĐɆVłⱠⱫ1 The New era👑,,,[],
combolistoo,https://t.me/combolistoo,6174,2024-02-19 16:10:54,"Filefactory.com  <PERSON>
🥳☹️😣🙁☹️🙁☹️☹️
📋Capture:✅
🧠Bot : 80
🔎Cpm: 1000+
📡Proxy:  ✅
✅Combo:  Email:Pass
🟰🟰🟰🟰🟰🟰🟰🟰🟰🟰🟰🟰🟰🟰🟰🟰
🈲 By : @Alone_Devilz1

☹️☹️☹️🤩<PERSON>☹️
Send Reaction guys for more configs
😣☹️🙁☹️🙁😶‍🌫️😣🥳",False,False,False,False,True,False,False,True,False,False,1668160407,,"{'_': 'MessageFwdHeader', 'date': '2024-02-19T16:09:16+00:00', 'imported': False, 'saved_out': False, 'from_id': {'_': 'PeerChannel', 'channel_id': 1842056364}, 'from_name': None, 'channel_post': 610, 'post_author': None, 'saved_from_peer': None, 'saved_from_msg_id': None, 'saved_from_id': None, 'saved_from_name': None, 'saved_date': None, 'psa_type': None}",,,,,,,134,0,,2024-02-19T16:10:58+00:00,[] ₳ⱠØ₦Ɇ ĐɆVłⱠⱫ1 The New era👑,,,[],
combolistoo,https://t.me/combolistoo,6175,2024-02-19 16:25:44,"leak uk fb 
TIME:12 <DATE_TIME> 
Just now working 
@error_offensive",False,False,False,False,True,False,False,True,False,False,1668160407,,,,,,,,,147,2,"{'_': 'MessageReplies', 'replies': 0, 'replies_pts': 1937, 'comments': True, 'recent_repliers': [], 'channel_id': 2106773805, 'max_id': None, 'read_max_id': None}",2024-02-19T16:25:48+00:00,error offensive [lg owner],,,[],
combolistoo,https://t.me/combolistoo,6176,2024-02-19 16:38:38,"base for sell available
price:<PERSON>hit warranty:
2,5% ^high quality^


@error_offensive",False,False,False,False,True,False,False,True,False,False,1668160407,,,,,,,,,147,0,"{'_': 'MessageReplies', 'replies': 0, 'replies_pts': 1937, 'comments': True, 'recent_repliers': [], 'channel_id': 2106773805, 'max_id': None, 'read_max_id': None}",2024-02-19T16:38:42+00:00,error offensive [lg owner],,,[],
combolistoo,https://t.me/combolistoo,6177,2024-02-19 17:08:02,"info 
unkown:phone:name:lastname:status:city:country:time

country:spain
size:800mg
12k$
@error_offensive",False,False,False,False,True,False,False,True,False,False,1668160407,,,,,,,,,158,0,"{'_': 'MessageReplies', 'replies': 0, 'replies_pts': 1937, 'comments': True, 'recent_repliers': [], 'channel_id': 2106773805, 'max_id': None, 'read_max_id': None}",2024-02-19T17:08:07+00:00,error offensive [lg owner],,,[],
combolistoo,https://t.me/combolistoo,6178,2024-02-19 17:11:33,"info 
unkown:phone:name:lastname:status:city:country:time

country:spain
size:800mg
12k$
@error_offensive",False,False,False,False,True,False,False,True,False,False,1668160407,,"{'_': 'MessageFwdHeader', 'date': '2024-02-19T17:10:53+00:00', 'imported': False, 'saved_out': False, 'from_id': None, 'from_name': 'MR leads (LG)', 'channel_post': None, 'post_author': None, 'saved_from_peer': None, 'saved_from_msg_id': None, 'saved_from_id': None, 'saved_from_name': None, 'saved_date': None, 'psa_type': None}",,,,,,,167,2,"{'_': 'MessageReplies', 'replies': 0, 'replies_pts': 1937, 'comments': True, 'recent_repliers': [], 'channel_id': 2106773805, 'max_id': None, 'read_max_id': None}",2024-02-19T17:11:38+00:00,error offensive [lg owner],,,[],
combolistoo,https://t.me/combolistoo,6179,2024-02-19 20:06:51,"------6---
selling post
-----6----
Dbs with guerantee 2-5% hit+
any country and any target
order accept
-6@error_offensive",False,False,False,False,True,False,False,True,False,False,1668160407,,,,,,,,,159,0,"{'_': 'MessageReplies', 'replies': 0, 'replies_pts': 1937, 'comments': True, 'recent_repliers': [], 'channel_id': 2106773805, 'max_id': None, 'read_max_id': None}",2024-02-19T20:06:56+00:00,error offensive [lg owner],,,[],
combolistoo,https://t.me/combolistoo,6189,2024-02-20 06:26:44,"Combo maker pro v5.1❤️‍🔥

I have updated the tool's server so that it will never stop

Price list:

<DATE_TIME> = 40$
<DATE_TIME> = 80$ 60$ 
<DATE_TIME> = 120$ 80$
Hwid reset (to run the license key on another device) = 5$
Lifetime = 250$ (contains unlimited hwid reset)

U can make unlimited combolists through your subscription

Dm:@XVEGOX",False,False,False,False,True,False,False,True,False,False,1668160407,,"{'_': 'MessageFwdHeader', 'date': '2024-02-20T06:25:50+00:00', 'imported': False, 'saved_out': False, 'from_id': {'_': 'PeerChannel', 'channel_id': 1350883853}, 'from_name': None, 'channel_post': 12619, 'post_author': 'ⓍVEGOⓍ', 'saved_from_peer': None, 'saved_from_msg_id': None, 'saved_from_id': None, 'saved_from_name': None, 'saved_date': None, 'psa_type': None}",,,,,5.954159466943463e+18,,157,0,"{'_': 'MessageReplies', 'replies': 0, 'replies_pts': 1937, 'comments': True, 'recent_repliers': [], 'channel_id': 2106773805, 'max_id': None, 'read_max_id': None}",2024-02-20T06:26:47+00:00,ⓍVEGOⓍ,,,[],
combolistoo,https://t.me/combolistoo,6190,2024-02-20 12:42:44,"Offer price source just 4H 
100k 12$
1m 70$
10m 300$
@error_offensive
just combolist usa mix available",False,False,False,False,True,False,False,True,False,False,1668160407,,,,,,,,,150,0,"{'_': 'MessageReplies', 'replies': 0, 'replies_pts': 1937, 'comments': True, 'recent_repliers': [], 'channel_id': 2106773805, 'max_id': None, 'read_max_id': None}",2024-02-20T12:42:47+00:00,error offensive [lg owner],,,[],
combolistoo,https://t.me/combolistoo,6191,2024-02-20 16:18:17,"30m hotmail base 
1.3k$
payment crypto
warranty hit 70k 
seller 
👨🏻‍💻
@error_offensive",False,False,False,False,True,False,False,True,False,False,1668160407,,,,,,,,,157,0,"{'_': 'MessageReplies', 'replies': 0, 'replies_pts': 1937, 'comments': True, 'recent_repliers': [], 'channel_id': 2106773805, 'max_id': None, 'read_max_id': None}",2024-02-20T16:18:21+00:00,error offensive [lg owner],,,[],
combolistoo,https://t.me/combolistoo,6192,2024-02-20 18:38:11,"LG WP combolist free
SIZE:70k
COUNTRY:es (spain)
TYPE:EMAIL;Password
TARGET:CORP|
ID:@error_offensive",False,False,False,False,True,False,False,True,False,False,1668160407,,,,,,,,,164,2,"{'_': 'MessageReplies', 'replies': 0, 'replies_pts': 1937, 'comments': True, 'recent_repliers': [], 'channel_id': 2106773805, 'max_id': None, 'read_max_id': None}",2024-02-20T18:38:17+00:00,error offensive [lg owner],,,[],
combolistoo,https://t.me/combolistoo,6193,2024-02-21 03:07:15,"-Name: carrefouregypt.com by <PERSON>: .svb
-API: WEB
-Proxies: LQ-HQ
-Combos: Mail:Pass (Targeted egypt )
-Captures: Full capture
-Website: carrefouregypt.com
-Bots: 50-100
-CPM: HIGH
-Use: shopping
>Author: @xcrackz

🔔If Any One Interested To Buy Config like Dating, Banking, Streaming Configs Available and making custom orders too <PERSON> Here <PERSON>",False,False,False,False,True,False,False,True,False,False,1668160407,,,,,,,,,162,1,"{'_': 'MessageReplies', 'replies': 0, 'replies_pts': 1937, 'comments': True, 'recent_repliers': [], 'channel_id': 2106773805, 'max_id': None, 'read_max_id': None}",2024-02-21T03:07:18+00:00,XCrackZ [🇬🇧] #[VX],,,[],
combolistoo,https://t.me/combolistoo,6194,2024-02-21 12:08:36,"uhq base available
fa 
gaming
shopping
special target
order...<PERSON>",False,False,False,False,True,False,False,True,False,False,1668160407,,,,,,,,,141,0,"{'_': 'MessageReplies', 'replies': 0, 'replies_pts': 1937, 'comments': True, 'recent_repliers': [], 'channel_id': 2106773805, 'max_id': None, 'read_max_id': None}",2024-02-21T12:08:39+00:00,error offensive [lg owner],,,[],
combolistoo,https://t.me/combolistoo,6195,2024-02-21 16:32:52,DruryHotels.com Full Capture Configs (Leak from VIP config channel),False,False,False,False,True,False,False,True,False,False,1668160407,,"{'_': 'MessageFwdHeader', 'date': '2024-02-11T02:07:30+00:00', 'imported': False, 'saved_out': False, 'from_id': {'_': 'PeerChannel', 'channel_id': 2039122960}, 'from_name': None, 'channel_post': 24, 'post_author': None, 'saved_from_peer': None, 'saved_from_msg_id': None, 'saved_from_id': None, 'saved_from_name': None, 'saved_date': None, 'psa_type': None}",,,,,5.094106331937353e+18,,111,0,"{'_': 'MessageReplies', 'replies': 0, 'replies_pts': 1937, 'comments': True, 'recent_repliers': [], 'channel_id': 2106773805, 'max_id': None, 'read_max_id': None}",2024-02-21T16:32:56+00:00,[] ₳ⱠØ₦Ɇ ĐɆVłⱠⱫ1 The New era👑,,,[],
combolistoo,https://t.me/combolistoo,6196,2024-02-21 16:32:53,"Full Capture Configs for VIP member only

<PERSON> : Email:Pass
✅ Proxy : True

Leak From #ALONE_VIP_CONFIGS
(Join Vip config channel now at just 30$/week or 70$/month there are daily new configs uploading and 40+ private configs are drop now resently too..

Ib @ALone_DeviLz1 to buy the vip access",False,False,False,False,True,False,False,True,False,False,1668160407,,"{'_': 'MessageFwdHeader', 'date': '2024-02-11T02:08:24+00:00', 'imported': False, 'saved_out': False, 'from_id': {'_': 'PeerChannel', 'channel_id': 2039122960}, 'from_name': None, 'channel_post': 25, 'post_author': None, 'saved_from_peer': None, 'saved_from_msg_id': None, 'saved_from_id': None, 'saved_from_name': None, 'saved_date': None, 'psa_type': None}",,,,,,,119,0,,2024-02-21T16:32:56+00:00,[] ₳ⱠØ₦Ɇ ĐɆVłⱠⱫ1 The New era👑,,,[],
combolistoo,https://t.me/combolistoo,6197,2024-02-21 19:37:22,"30m hotmail base 
1.3k$
payment crypto
warranty hit 70k 
seller 
👨🏻‍💻
@error_offensive",False,False,False,False,True,False,False,True,False,False,1668160407,,,,,,,,,145,0,"{'_': 'MessageReplies', 'replies': 0, 'replies_pts': 1937, 'comments': True, 'recent_repliers': [], 'channel_id': 2106773805, 'max_id': None, 'read_max_id': None}",2024-02-21T19:37:25+00:00,error offensive [lg owner],,,[],
combolistoo,https://t.me/combolistoo,6198,2024-02-21 20:41:01,"7,7k$
200kk combolist
suhq
FA
Target
mix country
warranty hit <PERSON>
2kk
@error_offensive
escrow👨‍💻",False,False,False,False,True,False,False,True,False,False,1668160407,,,,,,,,,146,0,"{'_': 'MessageReplies', 'replies': 0, 'replies_pts': 1937, 'comments': True, 'recent_repliers': [], 'channel_id': 2106773805, 'max_id': None, 'read_max_id': None}",2024-02-21T20:41:05+00:00,error offensive [lg owner],,,[],
combolistoo,https://t.me/combolistoo,6199,2024-02-22 11:57:28,test available,False,False,False,False,True,False,False,True,False,False,1668160407,,,,,,,,,124,0,"{'_': 'MessageReplies', 'replies': 0, 'replies_pts': 1937, 'comments': True, 'recent_repliers': [], 'channel_id': 2106773805, 'max_id': None, 'read_max_id': None}",2024-02-22T11:57:31+00:00,error offensive [lg owner],,,[],
combolistoo,https://t.me/combolistoo,6200,2024-02-22 11:57:28,"30m hotmail base 
600$
payment crypto
warranty hit 70k 
seller 
👨🏻‍💻
@error_offensive",False,False,False,False,True,False,False,True,False,False,1668160407,,,,,,,,,123,0,"{'_': 'MessageReplies', 'replies': 0, 'replies_pts': 1937, 'comments': True, 'recent_repliers': [], 'channel_id': 2106773805, 'max_id': None, 'read_max_id': None}",2024-02-22T11:57:31+00:00,error offensive [lg owner],,,[],
combolistoo,https://t.me/combolistoo,6201,2024-02-22 12:51:04,test file 9k from 30m,False,False,False,False,True,False,False,True,False,False,1668160407,,,,,,,,,117,0,"{'_': 'MessageReplies', 'replies': 0, 'replies_pts': 1937, 'comments': True, 'recent_repliers': [], 'channel_id': 2106773805, 'max_id': None, 'read_max_id': None}",2024-02-22T12:51:07+00:00,error offensive [lg owner],,,[],
combolistoo,https://t.me/combolistoo,6202,2024-02-22 12:51:04,,False,False,False,False,True,False,False,True,False,False,1668160407,,"{'_': 'MessageFwdHeader', 'date': '2024-02-22T12:35:32+00:00', 'imported': False, 'saved_out': False, 'from_id': None, 'from_name': 'error offensive [lg owner]', 'channel_post': None, 'post_author': None, 'saved_from_peer': None, 'saved_from_msg_id': None, 'saved_from_id': None, 'saved_from_name': None, 'saved_date': None, 'psa_type': None}",,,,,,,121,5,"{'_': 'MessageReplies', 'replies': 0, 'replies_pts': 1937, 'comments': True, 'recent_repliers': [], 'channel_id': 2106773805, 'max_id': None, 'read_max_id': None}",2024-02-22T12:51:07+00:00,error offensive [lg owner],,,[],
combolistoo,https://t.me/combolistoo,6203,2024-02-22 17:41:38,"2TB
Big package off 
dbs <DATE_TIME>
10.000$
Leads all country about 300gb
Combolist email:password 1TB
email pass
about 1000x target
and all country filter
combolist user pass 500gb
about 1000x target 
and all country
combolist phone pass
500gb
1000x target
and all country filtered
<PERSON>",False,False,False,False,True,False,False,True,False,False,1668160407,,,,,,,,,113,1,"{'_': 'MessageReplies', 'replies': 0, 'replies_pts': 1937, 'comments': True, 'recent_repliers': [], 'channel_id': 2106773805, 'max_id': None, 'read_max_id': None}",2024-02-22T17:41:41+00:00,error offensive [lg owner],,,[],
combolistoo,https://t.me/combolistoo,6204,2024-02-22 18:11:45,"LG WP combolist free
SIZE:17k
COUNTRY:MIX
TYPE:EMAIL;Password
TARGET:mix target
ID:@error_offensive",False,False,False,False,True,False,False,True,False,False,1668160407,,"{'_': 'MessageFwdHeader', 'date': '2024-02-22T18:09:01+00:00', 'imported': False, 'saved_out': False, 'from_id': None, 'from_name': 'MR leads (LG)', 'channel_post': None, 'post_author': None, 'saved_from_peer': None, 'saved_from_msg_id': None, 'saved_from_id': None, 'saved_from_name': None, 'saved_date': None, 'psa_type': None}",,,,,,,117,5,"{'_': 'MessageReplies', 'replies': 0, 'replies_pts': 1937, 'comments': True, 'recent_repliers': [], 'channel_id': 2106773805, 'max_id': None, 'read_max_id': None}",2024-02-22T18:11:49+00:00,error offensive [lg owner],1.3669004044747084e+16,,[],
combolistoo,https://t.me/combolistoo,6205,2024-02-22 18:11:45,"LG WP combolist free
SIZE:133k
COUNTRY:MIX
TYPE:EMAIL;Password
TARGET:hard target
ID:@error_offensive",False,False,False,False,True,False,False,True,False,False,1668160407,,"{'_': 'MessageFwdHeader', 'date': '2024-02-22T18:09:43+00:00', 'imported': False, 'saved_out': False, 'from_id': None, 'from_name': 'MR leads (LG)', 'channel_post': None, 'post_author': None, 'saved_from_peer': None, 'saved_from_msg_id': None, 'saved_from_id': None, 'saved_from_name': None, 'saved_date': None, 'psa_type': None}",,,,,,,110,5,,2024-02-22T18:11:49+00:00,error offensive [lg owner],1.3669004044747084e+16,,[],
combolistoo,https://t.me/combolistoo,6206,2024-02-22 18:26:27,"Combolist 
uhq
100k 80$
1m 700$
10m 1k$

@error_offesnive",False,False,False,False,True,False,False,True,False,False,1668160407,,,,,,,,,114,0,"{'_': 'MessageReplies', 'replies': 0, 'replies_pts': 1937, 'comments': True, 'recent_repliers': [], 'channel_id': 2106773805, 'max_id': None, 'read_max_id': None}",2024-02-22T18:26:30+00:00,error offensive [lg owner],,,[],
combolistoo,https://t.me/combolistoo,6207,2024-02-23 06:02:20,"2TB
Big package off 
dbs <DATE_TIME>
10.000$
Leads all country about 300gb
Combolist email:password 1TB
email pass
about 1000x target
and all country filter
combolist user pass 500gb
about 1000x target 
and all country
combolist phone pass
500gb
1000x target
and all country filtered
<PERSON>",False,False,False,False,True,False,False,True,False,False,1668160407,,,,,,,,,103,0,"{'_': 'MessageReplies', 'replies': 0, 'replies_pts': 1937, 'comments': True, 'recent_repliers': [], 'channel_id': 2106773805, 'max_id': None, 'read_max_id': None}",2024-02-23T06:02:23+00:00,error offensive [lg owner],,,[],
combolistoo,https://t.me/combolistoo,6208,2024-02-23 11:20:24,"<DATE_TIME> only 
COMBO MAKER PRO V5.1
40$/month 2months

To buy:@XVEGOX",False,False,False,False,True,False,False,True,False,False,1668160407,,"{'_': 'MessageFwdHeader', 'date': '2023-12-24T14:10:20+00:00', 'imported': False, 'saved_out': False, 'from_id': {'_': 'PeerChannel', 'channel_id': 1350883853}, 'from_name': None, 'channel_post': 11760, 'post_author': 'ⓍVEGOⓍ', 'saved_from_peer': None, 'saved_from_msg_id': None, 'saved_from_id': None, 'saved_from_name': None, 'saved_date': None, 'psa_type': None}",,,,,,,101,0,"{'_': 'MessageReplies', 'replies': 0, 'replies_pts': 1937, 'comments': True, 'recent_repliers': [], 'channel_id': 2106773805, 'max_id': None, 'read_max_id': None}",2024-02-23T11:20:27+00:00,ⓍVEGOⓍ,,,[],
combolistoo,https://t.me/combolistoo,6209,2024-02-23 14:28:25,"2TB
Big package off 
dbs <DATE_TIME>
10.000$
Leads all country about 300gb
Combolist email:password 1TB
email pass
about 1000x target
and all country filter
combolist user pass 500gb
about 1000x target 
and all country
combolist phone pass
500gb
1000x target
and all country filtered
<PERSON>",False,False,False,False,True,False,False,True,False,False,1668160407,,,,,,,,,92,0,"{'_': 'MessageReplies', 'replies': 0, 'replies_pts': 1937, 'comments': True, 'recent_repliers': [], 'channel_id': 2106773805, 'max_id': None, 'read_max_id': None}",2024-02-23T14:28:28+00:00,error offensive [lg owner],,,[],
combolistoo,https://t.me/combolistoo,6210,2024-02-23 19:58:30,PandaVpn Full Capture Configs,False,False,False,False,True,False,False,True,False,False,1668160407,,"{'_': 'MessageFwdHeader', 'date': '2024-02-23T19:54:47+00:00', 'imported': False, 'saved_out': False, 'from_id': {'_': 'PeerChannel', 'channel_id': 1842056364}, 'from_name': None, 'channel_post': 619, 'post_author': None, 'saved_from_peer': None, 'saved_from_msg_id': None, 'saved_from_id': None, 'saved_from_name': None, 'saved_date': None, 'psa_type': None}",,,,,6.253665034190307e+18,,72,0,"{'_': 'MessageReplies', 'replies': 0, 'replies_pts': 1937, 'comments': True, 'recent_repliers': [], 'channel_id': 2106773805, 'max_id': None, 'read_max_id': None}",2024-02-23T19:58:33+00:00,[] ₳ⱠØ₦Ɇ ĐɆVłⱠⱫ1 The New era👑,,,[],
combolistoo,https://t.me/combolistoo,6211,2024-02-23 19:58:30,"Filefactory.com  <PERSON>
🥳☹️😣🙁☹️🙁☹️☹️
📋Capture:✅
🧠Bot : 80
🔎Cpm: 1000+
📡Proxy:  ✅
✅Combo:  Email:Pass
🟰🟰🟰🟰🟰🟰🟰🟰🟰🟰🟰🟰🟰🟰🟰🟰
🈲 By : @Alone_Devilz1

☹️☹️☹️🤩<PERSON>☹️
Send Reaction guys for more configs
😣☹️🙁☹️🙁😶‍🌫️😣🥳",False,False,False,False,True,False,False,True,False,False,1668160407,,"{'_': 'MessageFwdHeader', 'date': '2024-02-23T19:54:47+00:00', 'imported': False, 'saved_out': False, 'from_id': {'_': 'PeerChannel', 'channel_id': 1842056364}, 'from_name': None, 'channel_post': 620, 'post_author': None, 'saved_from_peer': None, 'saved_from_msg_id': None, 'saved_from_id': None, 'saved_from_name': None, 'saved_date': None, 'psa_type': None}",,,,,,,73,0,,2024-02-23T19:58:33+00:00,[] ₳ⱠØ₦Ɇ ĐɆVłⱠⱫ1 The New era👑,,,[],
combolistoo,https://t.me/combolistoo,6212,2024-02-24 00:26:54,"Combo List UHQ USA MiX Domains

Type:Email:Password

Count:700k Lines 

Good For:MailAccess,Shopping,Streaming,Dating,Facebook

Do Not Sell The Combo List❌

(Combo List Order Will Accept For Buy Dm❗️ )

🧑‍💻ID: ⁩ @xR_offname •",False,False,False,False,True,False,False,True,False,False,1668160407,,,,,,,,,51,2,"{'_': 'MessageReplies', 'replies': 0, 'replies_pts': 1937, 'comments': True, 'recent_repliers': [], 'channel_id': 2106773805, 'max_id': None, 'read_max_id': None}",2024-02-24T00:26:57+00:00,Combo List Seller | [χƦ],1.3669875314181244e+16,,[],
combolistoo,https://t.me/combolistoo,6213,2024-02-24 00:26:54,"Combo List UHQ Hotmail USA

Type:Email:Password

Count:1Milion Lines 

Good For:MailAccess,Facebook

Do Not Sell The Combo List❌

(Combo List Order Will Accept For Buy Dm❗️ )

🧑‍💻ID: ⁩ @xR_offname •",False,False,False,False,True,False,False,True,False,False,1668160407,,,,,,,,,65,4,,2024-02-24T00:26:57+00:00,Combo List Seller | [χƦ],1.3669875314181244e+16,,[],
combolistoo,https://t.me/combolistoo,6214,2024-02-24 00:26:54,"Combo List UHQ Mix Germany Mail Access

Type:Email:Password

Count:1Milion Lines 

Good For:MailAccess,Shopping Targeted

Do Not Sell The Combo List❌

(Combo List Order Will Accept For Buy Dm❗️ )

🧑‍💻ID: ⁩ @xR_offname •",False,False,False,False,True,False,False,True,False,False,1668160407,,,,,,,,,67,2,,2024-02-24T00:26:57+00:00,Combo List Seller | [χƦ],1.3669875314181244e+16,,[],
combolistoo,https://t.me/combolistoo,6215,2024-02-24 00:26:54,"Combo List UHQ Streaming And Shopping

Type:Email:Password

Count:800K Lines 

Good For:Streaming And Shopping Targeted

Do Not Sell The Combo List❌

(Combo List Order Will Accept For Buy Dm❗️ )

🧑‍💻ID: ⁩ @xR_offname •",False,False,False,False,True,False,False,True,False,False,1668160407,,,,,,,,,67,2,,2024-02-24T00:26:57+00:00,Combo List Seller | [χƦ],1.3669875314181244e+16,,[],
combolistoo,https://t.me/combolistoo,6216,2024-02-24 01:47:34,"New Fresh Combos And Configs Uploaded In Cloud

If You Want To Join Cloud Dm me

♾ Support : @xR_offname •
🚸 Channel : @Offname_cloud  •
🚸 Channel2 :@Combo_Selling •
🔺 Web: xreactor.org •",False,False,False,False,True,False,False,True,False,False,1668160407,,"{'_': 'MessageFwdHeader', 'date': '2024-02-24T01:47:03+00:00', 'imported': False, 'saved_out': False, 'from_id': {'_': 'PeerChannel', 'channel_id': 1860629139}, 'from_name': None, 'channel_post': 266, 'post_author': None, 'saved_from_peer': None, 'saved_from_msg_id': None, 'saved_from_id': None, 'saved_from_name': None, 'saved_date': None, 'psa_type': None}",,,,,5.967645960605646e+18,,61,0,"{'_': 'MessageReplies', 'replies': 0, 'replies_pts': 1937, 'comments': True, 'recent_repliers': [], 'channel_id': 2106773805, 'max_id': None, 'read_max_id': None}",2024-02-24T01:47:37+00:00,Combo List Seller | [χƦ],,,[],
combolistoo,https://t.me/combolistoo,6217,2024-02-24 01:47:34,"<PERSON> (UPDATED🔥)

All Type Of Combo Lists And Fresh Configs 

Targeted Combo Lists And Configs

Uploading Daily Combo List And Fresh Config

🔥<DATE_TIME> Special Offer For Price🔥

💵<DATE_TIME> = 30$   20$
💵<DATE_TIME> = 45$   30$
💵<DATE_TIME> = 75$  45$
💵<DATE_TIME> = 100$  70$

Support : @xR_offname

♾ Support : @xR_offname •
🚸 Channel : @Offname_Cloud  •
🔺 Web: xreactor.org •",False,False,False,False,True,False,False,True,False,False,1668160407,,"{'_': 'MessageFwdHeader', 'date': '2024-02-09T19:36:35+00:00', 'imported': False, 'saved_out': False, 'from_id': {'_': 'PeerChannel', 'channel_id': 1860629139}, 'from_name': None, 'channel_post': 260, 'post_author': None, 'saved_from_peer': None, 'saved_from_msg_id': None, 'saved_from_id': None, 'saved_from_name': None, 'saved_date': None, 'psa_type': None}",,,,,,,59,0,,2024-02-24T01:47:37+00:00,Combo List Seller | [χƦ],,,[],
combolistoo,https://t.me/combolistoo,6218,2024-02-24 07:50:21,"Combo maker pro v5.1❤️‍🔥

I have updated the tool's server so that it will never stop

Price list:

<DATE_TIME> = 40$
<DATE_TIME> = 80$ 60$ 
<DATE_TIME> = 120$ 80$
Hwid reset (to run the license key on another device) = 5$
Lifetime = 250$ (contains unlimited hwid reset)

U can make unlimited combolists through your subscription

Dm:@XVEGOX",False,False,False,False,True,False,False,True,False,False,1668160407,,"{'_': 'MessageFwdHeader', 'date': '2024-02-14T20:49:51+00:00', 'imported': False, 'saved_out': False, 'from_id': {'_': 'PeerChannel', 'channel_id': 1350883853}, 'from_name': None, 'channel_post': 12534, 'post_author': 'ⓍVEGOⓍ', 'saved_from_peer': None, 'saved_from_msg_id': None, 'saved_from_id': None, 'saved_from_name': None, 'saved_date': None, 'psa_type': None}",,,,,,,58,0,"{'_': 'MessageReplies', 'replies': 0, 'replies_pts': 1937, 'comments': True, 'recent_repliers': [], 'channel_id': 2106773805, 'max_id': None, 'read_max_id': None}",2024-02-24T07:50:24+00:00,ⓍVEGOⓍ,,,[],
combolistoo,https://t.me/combolistoo,6219,2024-02-24 08:15:18,"canada
usa
uk
eu
leads
info private 
@error_offensive",False,False,False,False,True,False,False,True,False,False,1668160407,,,,,,,,,64,0,"{'_': 'MessageReplies', 'replies': 0, 'replies_pts': 1937, 'comments': True, 'recent_repliers': [], 'channel_id': 2106773805, 'max_id': None, 'read_max_id': None}",2024-02-24T08:15:21+00:00,error offensive [lg owner],,,[],
combolistoo,https://t.me/combolistoo,6220,2024-02-24 08:17:52,"10m office 365combolist email password
warranty hit0.1%
0price0dm
@error_offensive",False,False,False,False,True,False,False,True,False,False,1668160407,,,,,,,,,74,0,"{'_': 'MessageReplies', 'replies': 0, 'replies_pts': 1937, 'comments': True, 'recent_repliers': [], 'channel_id': 2106773805, 'max_id': None, 'read_max_id': None}",2024-02-24T08:17:56+00:00,error offensive [lg owner],,,[],
combolistoo,https://t.me/combolistoo,6221,2024-02-24 09:29:35,"LG WP combolist free
SIZE:1n
COUNTRY:usa
TYPE:EMAIL;Password
TARGET:shop|
ID:@error_offensive",False,False,False,False,True,False,False,True,False,False,1668160407,,,,,,,,,78,0,"{'_': 'MessageReplies', 'replies': 0, 'replies_pts': 1937, 'comments': True, 'recent_repliers': [], 'channel_id': 2106773805, 'max_id': None, 'read_max_id': None}",2024-02-24T09:29:38+00:00,error offensive [lg owner],1.3670135804777588e+16,,[],
combolistoo,https://t.me/combolistoo,6222,2024-02-24 09:29:35,"LG WP
SIZE:1m
COUNTRY:usa
TYPE:email pass
TARGET:mix
ID:@error_offensive",False,False,False,False,True,False,False,True,False,False,1668160407,,,,,,,,,81,1,,2024-02-24T09:29:38+00:00,error offensive [lg owner],1.3670135804777588e+16,,[],
combolistoo,https://t.me/combolistoo,6223,2024-02-24 09:29:35,"LG WP
SIZE:1m
COUNTRY:shop
TYPE:email pass
<PERSON>:de(germany)
ID:@error_offensive",False,False,False,False,True,False,False,True,False,False,1668160407,,,,,,,,,79,1,,2024-02-24T09:29:38+00:00,error offensive [lg owner],1.3670135804777588e+16,,[],
combolistoo,https://t.me/combolistoo,6224,2024-02-24 14:51:20,"LG WP
SIZE:330k
COUNTRY:usa
TYPE:email pass
TARGET:mix
ID:@error_offensive",False,False,False,False,True,False,False,True,False,False,1668160407,,,,,,,,,72,3,"{'_': 'MessageReplies', 'replies': 0, 'replies_pts': 1937, 'comments': True, 'recent_repliers': [], 'channel_id': 2106773805, 'max_id': None, 'read_max_id': None}",2024-02-24T14:51:23+00:00,error offensive [lg owner],1.3670290241282308e+16,,[],
combolistoo,https://t.me/combolistoo,6225,2024-02-24 14:51:20,"LG WP
SIZE:1m
COUNTRY:usa
TYPE:email pass
<PERSON>:<PERSON>",False,False,False,False,True,False,False,True,False,False,1668160407,,,,,,,,,72,3,,2024-02-24T14:51:23+00:00,error offensive [lg owner],1.3670290241282308e+16,,[],
combolistoo,https://t.me/combolistoo,6226,2024-02-24 14:57:55,"Combolist 
uhq
100k 80$
1m 700$
10m 1k$

@error_offesnive",False,False,False,False,True,False,False,True,False,False,1668160407,,,,,,,,,71,0,"{'_': 'MessageReplies', 'replies': 0, 'replies_pts': 1937, 'comments': True, 'recent_repliers': [], 'channel_id': 2106773805, 'max_id': None, 'read_max_id': None}",2024-02-24T14:57:58+00:00,error offensive [lg owner],,,[],
combolistoo,https://t.me/combolistoo,6227,2024-02-24 15:03:30,"big dbs now available with 
60% offer
34m hotmail uhq fa target 600$
23m gmail uhq crypto target 400$
@error_offensive",False,False,False,False,True,False,False,True,False,False,1668160407,,,,,,,,,73,0,"{'_': 'MessageReplies', 'replies': 0, 'replies_pts': 1937, 'comments': True, 'recent_repliers': [], 'channel_id': 2106773805, 'max_id': None, 'read_max_id': None}",2024-02-24T15:03:34+00:00,error offensive [lg owner],,,[],
combolistoo,https://t.me/combolistoo,6228,2024-02-24 19:23:08,"LG WP
<DATE_TIME>
COUNTRY:usa
TYPE:email pass
TARGET:streaming/netfilix/etc...
ID:@error_offensive",False,False,False,False,True,False,False,True,False,False,1668160407,,,,,,,,,64,1,"{'_': 'MessageReplies', 'replies': 0, 'replies_pts': 1937, 'comments': True, 'recent_repliers': [], 'channel_id': 2106773805, 'max_id': None, 'read_max_id': None}",2024-02-24T19:23:11+00:00,error offensive [lg owner],1.3670420704963948e+16,,[],
combolistoo,https://t.me/combolistoo,6229,2024-02-24 19:23:08,"LG WP
SIZE:300k
COUNTRY:USA
TYPE:email pass
TARGET:crypto/coinbase/etc...
ID:@error_offensive",False,False,False,False,True,False,False,True,False,False,1668160407,,,,,,,,,63,1,,2024-02-24T19:23:11+00:00,error offensive [lg owner],1.3670420704963948e+16,,[],
combolistoo,https://t.me/combolistoo,6230,2024-02-24 19:23:08,"LG WP
SIZE:330k
COUNTRY:usa
TYPE:email pass
TARGET:mix
ID:@error_offensive",False,False,False,False,True,False,False,True,False,False,1668160407,,,,,,,,,64,1,,2024-02-24T19:23:11+00:00,error offensive [lg owner],1.3670420704963948e+16,,[],
combolistoo,https://t.me/combolistoo,6231,2024-02-24 19:25:00,"combolist uhq available
for sell
target:Dm
country:dm
price:<PERSON>",False,False,False,False,True,False,False,True,False,False,1668160407,,,,,,,,,72,0,"{'_': 'MessageReplies', 'replies': 0, 'replies_pts': 1937, 'comments': True, 'recent_repliers': [], 'channel_id': 2106773805, 'max_id': None, 'read_max_id': None}",2024-02-24T19:25:03+00:00,error offensive [lg owner],,,[],
combolistoo,https://t.me/combolistoo,6232,2024-02-24 20:36:32,still available,False,False,False,False,True,False,False,True,False,False,1668160407,,,,,,,,,63,0,"{'_': 'MessageReplies', 'replies': 0, 'replies_pts': 1937, 'comments': True, 'recent_repliers': [], 'channel_id': 2106773805, 'max_id': None, 'read_max_id': None}",2024-02-24T20:36:35+00:00,error offensive [lg owner],,,[],
combolistoo,https://t.me/combolistoo,6233,2024-02-24 20:36:32,"big dbs now available with 
60% offer
34m hotmail uhq fa target 600$
23m gmail uhq crypto target 400$
@error_offensive",False,False,False,False,True,False,False,True,False,False,1668160407,,,,,,,,,66,0,"{'_': 'MessageReplies', 'replies': 0, 'replies_pts': 1937, 'comments': True, 'recent_repliers': [], 'channel_id': 2106773805, 'max_id': None, 'read_max_id': None}",2024-02-24T20:36:35+00:00,error offensive [lg owner],,,[],
combolistoo,https://t.me/combolistoo,6234,2024-02-24 21:38:24,"2TB
Big package off 
dbs <DATE_TIME>
2048$
Leads all country about 300gb
Combolist email:password 1TB
email pass
about 1000x target
and all country filter
combolist user pass 500gb
about 1000x target 
and all country
combolist phone pass
500gb
1000x target
and all country filtered
<PERSON>",False,False,False,False,True,False,False,True,False,False,1668160407,,,,,,,,,62,0,"{'_': 'MessageReplies', 'replies': 0, 'replies_pts': 1937, 'comments': True, 'recent_repliers': [], 'channel_id': 2106773805, 'max_id': None, 'read_max_id': None}",2024-02-24T21:38:27+00:00,error offensive [lg owner],,,[],
combolistoo,https://t.me/combolistoo,6235,2024-02-24 22:29:55,"/👨‍💻/:combolist
👆👆👆👆👆
Quality:uhq(ultra high quality)
50m line from all country available <DATE_TIME>
to buy send message
👨‍💻@error_offensive",False,False,False,False,True,False,False,True,False,False,1668160407,,,,,,,,,62,1,"{'_': 'MessageReplies', 'replies': 0, 'replies_pts': 1937, 'comments': True, 'recent_repliers': [], 'channel_id': 2106773805, 'max_id': None, 'read_max_id': None}",2024-02-24T22:29:58+00:00,error offensive [lg owner],,,[],
combolistoo,https://t.me/combolistoo,6247,2024-02-25 07:23:20,"LG WP
<NRP>m
COUNTRY:usa
TYPE:email pass
<PERSON>:MIX
ID:@error_offensive",False,False,False,False,True,False,False,True,False,False,1668160407,,,,,,,,,30,2,"{'_': 'MessageReplies', 'replies': 0, 'replies_pts': 1937, 'comments': True, 'recent_repliers': [], 'channel_id': 2106773805, 'max_id': None, 'read_max_id': None}",2024-02-25T07:23:24+00:00,error offensive [lg owner],1.367076640734094e+16,,[],
combolistoo,https://t.me/combolistoo,6248,2024-02-25 07:23:21,"LG WP
SIZE:3,7m
COUNTRY:USA
TYPE:email pass
<PERSON>:Mix
ID:@error_offensive",False,False,False,False,True,False,False,True,False,False,1668160407,,,,,,,,,30,2,,2024-02-25T07:23:24+00:00,error offensive [lg owner],1.367076640734094e+16,,[],
combolistoo,https://t.me/combolistoo,6249,2024-02-25 07:23:21,"LG WP
SIZE:500k
COUNTRY:usa
TYPE:email pass
<PERSON>:aws
ID:@error_offensive",False,False,False,False,True,False,False,True,False,False,1668160407,,,,,,,,,30,2,,2024-02-25T07:23:24+00:00,error offensive [lg owner],1.367076640734094e+16,,[],
combolistoo,https://t.me/combolistoo,6251,2024-02-25 14:59:32,"400m hotmail.com
1.6k$
1m hit warranty
@error_offensive",False,False,False,False,True,False,False,True,False,False,1668160407,,,,,,,,,133,1,"{'_': 'MessageReplies', 'replies': 0, 'replies_pts': 2054, 'comments': True, 'recent_repliers': [], 'channel_id': 2106773805, 'max_id': None, 'read_max_id': None}",2024-02-25T14:59:35+00:00,error offensive [lg owner],,,[],
combolistoo,https://t.me/combolistoo,6252,2024-02-25 15:00:35,,False,False,False,False,True,False,False,True,False,False,1668160407,,,,,,,5.96963087115156e+18,,131,1,"{'_': 'MessageReplies', 'replies': 0, 'replies_pts': 2054, 'comments': True, 'recent_repliers': [], 'channel_id': 2106773805, 'max_id': None, 'read_max_id': None}",2024-02-25T15:00:38+00:00,error offensive [lg owner],,,[],
combolistoo,https://t.me/combolistoo,6253,2024-02-25 15:14:18,"Combo maker pro v5.1❤️‍🔥

I have updated the tool's server so that it will never stop

Price list:

<DATE_TIME> = 40$
<DATE_TIME> = 80$ 60$ 
<DATE_TIME> = 120$ 80$
Hwid reset (to run the license key on another device) = 5$
Lifetime = 250$ (contains unlimited hwid reset)

U can make unlimited combolists through your subscription

Dm:@XVEGOX",False,False,False,False,True,False,False,True,False,False,1668160407,,"{'_': 'MessageFwdHeader', 'date': '2024-02-24T07:50:27+00:00', 'imported': False, 'saved_out': False, 'from_id': {'_': 'PeerChannel', 'channel_id': 1350883853}, 'from_name': None, 'channel_post': 12690, 'post_author': 'Forward Tag Removerッ', 'saved_from_peer': None, 'saved_from_msg_id': None, 'saved_from_id': None, 'saved_from_name': None, 'saved_date': None, 'psa_type': None}",,,,,,,120,0,"{'_': 'MessageReplies', 'replies': 0, 'replies_pts': 2054, 'comments': True, 'recent_repliers': [], 'channel_id': 2106773805, 'max_id': None, 'read_max_id': None}",2024-02-25T15:14:21+00:00,ⓍVEGOⓍ,,,[],
combolistoo,https://t.me/combolistoo,6254,2024-02-25 16:54:39,Dazn.com Full Capture Configs,False,False,False,False,True,False,False,True,False,False,1668160407,,"{'_': 'MessageFwdHeader', 'date': '2024-02-25T16:53:29+00:00', 'imported': False, 'saved_out': False, 'from_id': {'_': 'PeerChannel', 'channel_id': 1842056364}, 'from_name': None, 'channel_post': 623, 'post_author': None, 'saved_from_peer': None, 'saved_from_msg_id': None, 'saved_from_id': None, 'saved_from_name': None, 'saved_date': None, 'psa_type': None}",,,,,5.105051321651801e+18,,100,0,"{'_': 'MessageReplies', 'replies': 0, 'replies_pts': 2054, 'comments': True, 'recent_repliers': [], 'channel_id': 2106773805, 'max_id': None, 'read_max_id': None}",2024-02-25T16:54:42+00:00,[] ₳ⱠØ₦Ɇ ĐɆVłⱠⱫ1 The New era👑,,,[],
combolistoo,https://t.me/combolistoo,6255,2024-02-25 16:54:39,"Filefactory.com  <PERSON>
🥳☹️😣🙁☹️🙁☹️☹️
📋Capture:✅
🧠Bot : 80
🔎Cpm: 1000+
📡Proxy:  ✅
✅Combo:  Email:Pass
🟰🟰🟰🟰🟰🟰🟰🟰🟰🟰🟰🟰🟰🟰🟰🟰
🈲 By : @Alone_Devilz1

☹️☹️☹️🤩<PERSON>☹️
Send Reaction guys for more configs
😣☹️🙁☹️🙁😶‍🌫️😣🥳",False,False,False,False,True,False,False,True,False,False,1668160407,,"{'_': 'MessageFwdHeader', 'date': '2024-02-25T16:53:30+00:00', 'imported': False, 'saved_out': False, 'from_id': {'_': 'PeerChannel', 'channel_id': 1842056364}, 'from_name': None, 'channel_post': 624, 'post_author': None, 'saved_from_peer': None, 'saved_from_msg_id': None, 'saved_from_id': None, 'saved_from_name': None, 'saved_date': None, 'psa_type': None}",,,,,,,106,1,,2024-02-25T16:54:42+00:00,[] ₳ⱠØ₦Ɇ ĐɆVłⱠⱫ1 The New era👑,,,[],
combolistoo,https://t.me/combolistoo,6256,2024-02-25 21:32:33,"LG WP
SIZE:585k
COUNTRY:<PERSON>:email pass
TARGET:mix
ID:@error_offensive",False,False,False,False,True,False,False,True,False,False,1668160407,,,,,,,,,127,3,"{'_': 'MessageReplies', 'replies': 0, 'replies_pts': 2054, 'comments': True, 'recent_repliers': [], 'channel_id': 2106773805, 'max_id': None, 'read_max_id': None}",2024-02-25T21:32:36+00:00,error offensive [lg owner],,,[],
combolistoo,https://t.me/combolistoo,6257,2024-02-25 21:42:41,"400m hotmail uhq
hit warranty
1m-2m
price:<PERSON>",False,False,False,False,True,False,False,True,False,False,1668160407,,,,,,,5.96963087115156e+18,,125,1,"{'_': 'MessageReplies', 'replies': 0, 'replies_pts': 2054, 'comments': True, 'recent_repliers': [], 'channel_id': 2106773805, 'max_id': None, 'read_max_id': None}",2024-02-25T21:42:44+00:00,error offensive [lg owner],,,[],
combolistoo,https://t.me/combolistoo,6258,2024-02-25 22:28:38,"<DATE_TIME> only 
COMBO MAKER PRO V5.1
40$/month 2months

To buy:@XVEGOX",False,False,False,False,True,False,False,True,False,False,1668160407,,"{'_': 'MessageFwdHeader', 'date': '2023-12-24T14:10:20+00:00', 'imported': False, 'saved_out': False, 'from_id': {'_': 'PeerChannel', 'channel_id': 1350883853}, 'from_name': None, 'channel_post': 11760, 'post_author': 'ⓍVEGOⓍ', 'saved_from_peer': None, 'saved_from_msg_id': None, 'saved_from_id': None, 'saved_from_name': None, 'saved_date': None, 'psa_type': None}",,,,,,,78,0,"{'_': 'MessageReplies', 'replies': 0, 'replies_pts': 2054, 'comments': True, 'recent_repliers': [], 'channel_id': 2106773805, 'max_id': None, 'read_max_id': None}",2024-02-25T22:28:41+00:00,ⓍVEGOⓍ,,,[],
combolistoo,https://t.me/combolistoo,6259,2024-02-26 01:54:39,"The combo from :
Combo maker pro v5.1❤️‍🔥

I have updated the tool's server so that it will never stop

Price list:

<DATE_TIME> = 40$
<DATE_TIME> = 80$ 60$ 
<DATE_TIME> = 120$ 80$
Hwid reset (to run the license key on another device) = 5$
Lifetime = 250$ (contains unlimited hwid reset)

U can make unlimited combolists through your subscription

Dm:@XVEGOX",False,False,False,False,True,False,False,True,False,False,1668160407,,"{'_': 'MessageFwdHeader', 'date': '2024-02-26T01:52:03+00:00', 'imported': False, 'saved_out': False, 'from_id': {'_': 'PeerChannel', 'channel_id': 1350883853}, 'from_name': None, 'channel_post': 12726, 'post_author': 'ⓍVEGOⓍ', 'saved_from_peer': None, 'saved_from_msg_id': None, 'saved_from_id': None, 'saved_from_name': None, 'saved_date': None, 'psa_type': None}",,,,,5.971837840096608e+18,,123,0,"{'_': 'MessageReplies', 'replies': 0, 'replies_pts': 2054, 'comments': True, 'recent_repliers': [], 'channel_id': 2106773805, 'max_id': None, 'read_max_id': None}",2024-02-26T01:54:42+00:00,ⓍVEGOⓍ,,,[],
combolistoo,https://t.me/combolistoo,6260,2024-02-26 07:54:43,"leads from specific countries like Israel, America and Switzerland for experienced spammers for sale, but have a phone number, name, 100k, 500$
crypto payment method
@error_offensive",False,False,False,False,True,False,False,True,False,False,1668160407,,,,,,,,,113,0,"{'_': 'MessageReplies', 'replies': 0, 'replies_pts': 2054, 'comments': True, 'recent_repliers': [], 'channel_id': 2106773805, 'max_id': None, 'read_max_id': None}",2024-02-26T07:54:46+00:00,error offensive [lg owner],,,[],
combolistoo,https://t.me/combolistoo,6261,2024-02-26 08:46:01,✅,False,False,False,False,True,False,False,True,False,False,1668160407,,,,,,,,,118,0,"{'_': 'MessageReplies', 'replies': 0, 'replies_pts': 2054, 'comments': True, 'recent_repliers': [], 'channel_id': 2106773805, 'max_id': None, 'read_max_id': None}",2024-02-26T08:46:04+00:00,error offensive [lg owner],,,[],
combolistoo,https://t.me/combolistoo,6262,2024-02-26 08:46:01,"Combolist
email pass
username password
((( phone pass sold out!
accept order✅
and big dbs now available:
Hotmail uhq 400kk 
gmail uhq 100kk 
aol 30kk 
@error_offensive",False,False,False,False,True,False,False,True,False,False,1668160407,,,,,,,,,128,0,"{'_': 'MessageReplies', 'replies': 0, 'replies_pts': 2054, 'comments': True, 'recent_repliers': [], 'channel_id': 2106773805, 'max_id': None, 'read_max_id': None}",2024-02-26T08:46:04+00:00,error offensive [lg owner],,,[],
combolistoo,https://t.me/combolistoo,6263,2024-02-26 12:01:41,"LG WP
SIZE:1kk
COUNTRY:spain
TYPE:email pass
<PERSON>:SHOPPING-BANK
ID:@error_offensive",False,False,False,False,True,False,False,True,False,False,1668160407,,,,,,,,,123,3,"{'_': 'MessageReplies', 'replies': 0, 'replies_pts': 2054, 'comments': True, 'recent_repliers': [], 'channel_id': 2106773805, 'max_id': None, 'read_max_id': None}",2024-02-26T12:01:44+00:00,error offensive [lg owner],,,[],
combolistoo,https://t.me/combolistoo,6264,2024-02-26 12:01:54,"♾  For order

🔥  Fresh and private 

📱 @error_offensive",False,False,False,False,True,False,False,True,False,False,1668160407,,,,,,,,,118,0,"{'_': 'MessageReplies', 'replies': 0, 'replies_pts': 2054, 'comments': True, 'recent_repliers': [], 'channel_id': 2106773805, 'max_id': None, 'read_max_id': None}",2024-02-26T12:01:58+00:00,error offensive [lg owner],,,[],
combolistoo,https://t.me/combolistoo,6265,2024-02-26 12:03:47,"400m hotmail uhq
hit warranty
1m-2m
price:<PERSON>
fresh",False,False,False,False,True,False,False,True,False,False,1668160407,,,,,,,5.96963087115156e+18,,115,0,"{'_': 'MessageReplies', 'replies': 0, 'replies_pts': 2054, 'comments': True, 'recent_repliers': [], 'channel_id': 2106773805, 'max_id': None, 'read_max_id': None}",2024-02-26T12:03:50+00:00,error offensive [lg owner],,,[],
combolistoo,https://t.me/combolistoo,6266,2024-02-26 14:40:17,CmxCinemas.com  Full Capture Configs #Leak From VIP config Cloud,False,False,False,False,True,False,False,True,False,False,1668160407,,"{'_': 'MessageFwdHeader', 'date': '2024-02-10T04:27:36+00:00', 'imported': False, 'saved_out': False, 'from_id': {'_': 'PeerChannel', 'channel_id': 2039122960}, 'from_name': None, 'channel_post': 17, 'post_author': None, 'saved_from_peer': None, 'saved_from_msg_id': None, 'saved_from_id': None, 'saved_from_name': None, 'saved_date': None, 'psa_type': None}",,,,,5.060330983999516e+18,,78,0,"{'_': 'MessageReplies', 'replies': 0, 'replies_pts': 2054, 'comments': True, 'recent_repliers': [], 'channel_id': 2106773805, 'max_id': None, 'read_max_id': None}",2024-02-26T14:40:20+00:00,[] ₳ⱠØ₦Ɇ ĐɆVłⱠⱫ1 The New era👑,,,[],
combolistoo,https://t.me/combolistoo,6267,2024-02-26 14:40:18,"CmxCinemas.com Full Capture Configs for VIP member only

<PERSON> : Email:Pass
✅ Proxy : True

#VIP_CONFIGS_LEAK

(We upload <DATE_TIME> new configs on VIP config more then 100+ Config upcoming config uploading regularly /daily base)

70$/Month only Buy VIP access now and get access to many Private configs

✅Ib @ALone_DeviLz1 to buy
Vouch : @Alone_Devilz_Vouch",False,False,False,False,True,False,False,True,False,False,1668160407,,"{'_': 'MessageFwdHeader', 'date': '2024-02-10T04:28:39+00:00', 'imported': False, 'saved_out': False, 'from_id': {'_': 'PeerChannel', 'channel_id': 2039122960}, 'from_name': None, 'channel_post': 18, 'post_author': None, 'saved_from_peer': None, 'saved_from_msg_id': None, 'saved_from_id': None, 'saved_from_name': None, 'saved_date': None, 'psa_type': None}",,,,,,,84,0,,2024-02-26T14:40:20+00:00,[] ₳ⱠØ₦Ɇ ĐɆVłⱠⱫ1 The New era👑,,,[],
combolistoo,https://t.me/combolistoo,6268,2024-02-26 20:30:28,"Combo List UHQ UK Domains 

Type:Email:Password

Count:700K Lines

Good For:Streaming,Shopping Targeted

Do Not Sell The Combo List❌

(Combo List Order Will Accept For Buy Dm❗️ )

🧑‍💻ID: ⁩ @xR_offname •",False,False,False,False,True,False,False,True,False,False,1668160407,,,,,,,,,89,5,"{'_': 'MessageReplies', 'replies': 0, 'replies_pts': 2054, 'comments': True, 'recent_repliers': [], 'channel_id': 2106773805, 'max_id': None, 'read_max_id': None}",2024-02-26T20:30:31+00:00,Combo List Seller | [χƦ],1.3671835427815476e+16,,[],
combolistoo,https://t.me/combolistoo,6269,2024-02-26 20:30:28,"Combo List UHQ Mix Mail Access Combo 

Type:Email:Password

Count:500k Lines

Good For:<NRP>

Do Not Sell The Combo List❌

(Combo List Order Will Accept For Buy Dm❗️ )

🧑‍💻ID: ⁩ @xR_offname •",False,False,False,False,True,False,False,True,False,False,1668160407,,,,,,,,,108,4,,2024-02-26T20:30:31+00:00,Combo List Seller | [χƦ],1.3671835427815476e+16,,[],
combolistoo,https://t.me/combolistoo,6270,2024-02-26 20:30:29,"Combo List UHQ iTALY Mix 

Type:Email:Password

Count:200K Lines

Good For:MailAccess , Shopping , Streaming

Do Not Sell The Combo List❌

(Combo List Order Will Accept For Buy Dm❗️ )

🧑‍💻ID: ⁩ @xR_offname •",False,False,False,False,True,False,False,True,False,False,1668160407,,,,,,,,,112,4,,2024-02-26T20:30:31+00:00,Combo List Seller | [χƦ],1.3671835427815476e+16,,[],
combolistoo,https://t.me/combolistoo,6271,2024-02-26 20:30:29,"Combo List UHQ USA Mix Domains

Type:Email:Password

Count:800K Lines

Good For:<NRP>

Do Not Sell The Combo List❌

(Combo List Order Will Accept For Buy Dm❗️ )

🧑‍💻ID: ⁩ @xR_offname •",False,False,False,False,True,False,False,True,False,False,1668160407,,,,,,,,,116,3,,2024-02-26T20:30:31+00:00,Combo List Seller | [χƦ],1.3671835427815476e+16,,[],
combolistoo,https://t.me/combolistoo,6272,2024-02-26 20:39:29,"New Fresh Combos And Configs Uploaded In Cloud

If You Want To Join Cloud Dm me

♾ Support : @xR_offname •
🚸 Channel : @Offname_cloud  •
🚸 Channel2 :@Combo_Selling •
🔺 Web: xreactor.org •",False,False,False,False,True,False,False,True,False,False,1668160407,,"{'_': 'MessageFwdHeader', 'date': '2024-02-26T20:37:51+00:00', 'imported': False, 'saved_out': False, 'from_id': {'_': 'PeerChannel', 'channel_id': 1860629139}, 'from_name': None, 'channel_post': 269, 'post_author': None, 'saved_from_peer': None, 'saved_from_msg_id': None, 'saved_from_id': None, 'saved_from_name': None, 'saved_date': None, 'psa_type': None}",,,,,5.974291808315884e+18,,95,0,"{'_': 'MessageReplies', 'replies': 0, 'replies_pts': 2054, 'comments': True, 'recent_repliers': [], 'channel_id': 2106773805, 'max_id': None, 'read_max_id': None}",2024-02-26T20:39:32+00:00,Combo List Seller | [χƦ],,,[],
combolistoo,https://t.me/combolistoo,6274,2024-02-26 21:08:50,"Config And Combo List Order Will Be Accept🔥🔥

For Order Dm Me✅

20% Discount For <DATE_TIME>

🧑‍💻ID:@xR_Offname",False,False,False,False,True,False,False,True,False,False,1668160407,,,,,,,,,114,0,"{'_': 'MessageReplies', 'replies': 0, 'replies_pts': 2054, 'comments': True, 'recent_repliers': [], 'channel_id': 2106773805, 'max_id': None, 'read_max_id': None}",2024-02-26T21:08:53+00:00,Combo List Seller | [χƦ],,,[],
combolistoo,https://t.me/combolistoo,6275,2024-02-26 21:28:10,"<PERSON> <NRP>


🧧To buy Private Combo Cloud ib @ALone_DeviLz1 its just 9$/Month and <DATE_TIME> only

🈲     @ALone_DeviLz1
✅ Join : @DailyCombolist2

🏳️Send your reactions guys)",False,False,False,False,True,False,False,True,False,False,1668160407,,"{'_': 'MessageFwdHeader', 'date': '2024-02-26T21:25:32+00:00', 'imported': False, 'saved_out': False, 'from_id': {'_': 'PeerChannel', 'channel_id': 1704295282}, 'from_name': None, 'channel_post': 1345, 'post_author': None, 'saved_from_peer': None, 'saved_from_msg_id': None, 'saved_from_id': None, 'saved_from_name': None, 'saved_date': None, 'psa_type': None}",,,,,,,86,0,"{'_': 'MessageReplies', 'replies': 0, 'replies_pts': 2054, 'comments': True, 'recent_repliers': [], 'channel_id': 2106773805, 'max_id': None, 'read_max_id': None}",2024-02-26T21:28:13+00:00,[] ₳ⱠØ₦Ɇ ĐɆVłⱠⱫ1 The New era👑,1.3671863123517224e+16,,[],
combolistoo,https://t.me/combolistoo,6276,2024-02-26 21:28:11,"✅ 810k Gaming Combolist


🧧To buy Private Combo Cloud ib @ALone_DeviLz1 its just 9$/Month and <DATE_TIME> only

🈲     @ALone_DeviLz1
✅ Join : @DailyCombolist2

🏳️Send your reactions guys)",False,False,False,False,True,False,False,True,False,False,1668160407,,"{'_': 'MessageFwdHeader', 'date': '2024-02-26T21:26:13+00:00', 'imported': False, 'saved_out': False, 'from_id': {'_': 'PeerChannel', 'channel_id': 1704295282}, 'from_name': None, 'channel_post': 1346, 'post_author': None, 'saved_from_peer': None, 'saved_from_msg_id': None, 'saved_from_id': None, 'saved_from_name': None, 'saved_date': None, 'psa_type': None}",,,,,,,90,0,,2024-02-26T21:28:13+00:00,[] ₳ⱠØ₦Ɇ ĐɆVłⱠⱫ1 The New era👑,1.3671863123517224e+16,,[],
combolistoo,https://t.me/combolistoo,6277,2024-02-27 04:53:41,"The combo from :
Combo maker pro v5.1❤️‍🔥

I have updated the tool's server so that it will never stop

Price list:

<DATE_TIME> = 40$
<DATE_TIME> = 80$ 60$ 
<DATE_TIME> = 120$ 80$
Hwid reset (to run the license key on another device) = 5$
Lifetime = 250$ (contains unlimited hwid reset)

U can make unlimited combolists through your subscription

Dm:@XVEGOX",False,False,False,False,True,False,False,True,False,False,1668160407,,"{'_': 'MessageFwdHeader', 'date': '2024-02-26T01:54:40+00:00', 'imported': False, 'saved_out': False, 'from_id': {'_': 'PeerChannel', 'channel_id': 1350883853}, 'from_name': None, 'channel_post': 12728, 'post_author': 'Forward Tag Removerッ', 'saved_from_peer': None, 'saved_from_msg_id': None, 'saved_from_id': None, 'saved_from_name': None, 'saved_date': None, 'psa_type': None}",,,,,5.971837840096608e+18,,121,0,"{'_': 'MessageReplies', 'replies': 0, 'replies_pts': 2054, 'comments': True, 'recent_repliers': [], 'channel_id': 2106773805, 'max_id': None, 'read_max_id': None}",2024-02-27T04:53:44+00:00,ⓍVEGOⓍ,,,[],
combolistoo,https://t.me/combolistoo,6278,2024-02-27 19:54:29,"♾  For order

🔥  Fresh and private 

📱 @error_offensive",False,False,False,False,True,False,False,True,False,False,1668160407,,,,,,,,,122,0,"{'_': 'MessageReplies', 'replies': 0, 'replies_pts': 2054, 'comments': True, 'recent_repliers': [], 'channel_id': 2106773805, 'max_id': None, 'read_max_id': None}",2024-02-27T19:54:33+00:00,error offensive [lg owner],,,[],
combolistoo,https://t.me/combolistoo,6279,2024-02-28 01:03:20,"TODAY ONLY 
Combo maker pro v5.1❤️‍🔥
<DATE_TIME>

Dm: <PERSON>",False,False,False,False,True,False,False,True,False,False,1668160407,,"{'_': 'MessageFwdHeader', 'date': '2024-02-28T01:02:33+00:00', 'imported': False, 'saved_out': False, 'from_id': {'_': 'PeerChannel', 'channel_id': 1350883853}, 'from_name': None, 'channel_post': 12755, 'post_author': 'ⓍVEGOⓍ', 'saved_from_peer': None, 'saved_from_msg_id': None, 'saved_from_id': None, 'saved_from_name': None, 'saved_date': None, 'psa_type': None}",,,,,,,113,0,"{'_': 'MessageReplies', 'replies': 0, 'replies_pts': 2054, 'comments': True, 'recent_repliers': [], 'channel_id': 2106773805, 'max_id': None, 'read_max_id': None}",2024-02-28T01:03:23+00:00,ⓍVEGOⓍ,,,[],
combolistoo,https://t.me/combolistoo,6280,2024-02-28 15:22:48,"♾  For order

🔥  Fresh and private 

📱 @error_offensive",False,False,False,False,True,False,False,True,False,False,1668160407,,,,,,,,,126,0,"{'_': 'MessageReplies', 'replies': 0, 'replies_pts': 2054, 'comments': True, 'recent_repliers': [], 'channel_id': 2106773805, 'max_id': None, 'read_max_id': None}",2024-02-28T15:22:51+00:00,error offensive [lg owner],,,[],
combolistoo,https://t.me/combolistoo,6282,2024-02-28 19:18:30,"-combolist uhq usa target bank
-10m emailpass dbs
-with hit warranty
-payment method crypto
-@error_offensive",False,False,False,False,True,False,False,True,False,False,1668160407,,,,,,,,,116,0,"{'_': 'MessageReplies', 'replies': 0, 'replies_pts': 2054, 'comments': True, 'recent_repliers': [], 'channel_id': 2106773805, 'max_id': None, 'read_max_id': None}",2024-02-28T19:18:34+00:00,error offensive [lg owner],,,[],
combolistoo,https://t.me/combolistoo,6283,2024-02-29 00:58:26,"TODAY ONLY 
Combo maker pro v5.1❤️‍🔥
<DATE_TIME>

Dm: <PERSON>",False,False,False,False,True,False,False,True,False,False,1668160407,,"{'_': 'MessageFwdHeader', 'date': '2024-02-28T01:02:33+00:00', 'imported': False, 'saved_out': False, 'from_id': {'_': 'PeerChannel', 'channel_id': 1350883853}, 'from_name': None, 'channel_post': 12755, 'post_author': 'ⓍVEGOⓍ', 'saved_from_peer': None, 'saved_from_msg_id': None, 'saved_from_id': None, 'saved_from_name': None, 'saved_date': None, 'psa_type': None}",,,,,,,29,0,"{'_': 'MessageReplies', 'replies': 0, 'replies_pts': 2054, 'comments': True, 'recent_repliers': [], 'channel_id': 2106773805, 'max_id': None, 'read_max_id': None}",2024-02-29T00:58:29+00:00,ⓍVEGOⓍ,,,[],
combolistoo,https://t.me/combolistoo,6284,2024-02-29 04:46:02,"Spider man 2 ps5 🕷 🔥
Primary account: 40$
Secondary account: 30$

🔹Store:
@GAMEZOSTORE

SELLER 1:
@cyber_punk0",False,False,False,False,True,False,False,True,False,False,1668160407,,"{'_': 'MessageFwdHeader', 'date': '2024-02-22T00:42:20+00:00', 'imported': False, 'saved_out': False, 'from_id': {'_': 'PeerChannel', 'channel_id': 2088718885}, 'from_name': None, 'channel_post': 67, 'post_author': None, 'saved_from_peer': None, 'saved_from_msg_id': None, 'saved_from_id': None, 'saved_from_name': None, 'saved_date': None, 'psa_type': None}",,,,,5.960809021210477e+18,,103,0,"{'_': 'MessageReplies', 'replies': 0, 'replies_pts': 2054, 'comments': True, 'recent_repliers': [], 'channel_id': 2106773805, 'max_id': None, 'read_max_id': None}",2024-02-29T04:46:05+00:00,ⓍVEGOⓍ,,,[],
combolistoo,https://t.me/combolistoo,6285,2024-02-29 15:11:10,"combolist uhq 
to buy send message
discount 12% for buyers big dbs
@error_offensive",False,False,False,False,True,False,False,True,False,False,1668160407,,,,,,,,,81,0,"{'_': 'MessageReplies', 'replies': 0, 'replies_pts': 2054, 'comments': True, 'recent_repliers': [], 'channel_id': 2106773805, 'max_id': None, 'read_max_id': None}",2024-02-29T15:11:14+00:00,error offensive [lg owner],,,[],
combolistoo,https://t.me/combolistoo,6286,2024-02-29 15:48:37,Windscribe.com Full cap config,False,False,False,False,True,False,False,True,False,False,1668160407,,"{'_': 'MessageFwdHeader', 'date': '2024-02-29T15:46:59+00:00', 'imported': False, 'saved_out': False, 'from_id': {'_': 'PeerChannel', 'channel_id': 1842056364}, 'from_name': None, 'channel_post': 628, 'post_author': None, 'saved_from_peer': None, 'saved_from_msg_id': None, 'saved_from_id': None, 'saved_from_name': None, 'saved_date': None, 'psa_type': None}",,,,,5.118527219629665e+18,,72,0,"{'_': 'MessageReplies', 'replies': 0, 'replies_pts': 2054, 'comments': True, 'recent_repliers': [], 'channel_id': 2106773805, 'max_id': None, 'read_max_id': None}",2024-02-29T15:48:40+00:00,[] ₳ⱠØ₦Ɇ ĐɆVłⱠⱫ1 The New era👑,,,[],
combolistoo,https://t.me/combolistoo,6287,2024-02-29 15:48:38,"Windscribe.com  Fc Configs
🥳☹️😣🙁☹️🙁☹️☹️
📋Capture:✅
🧠Bot : 50
🔎Cpm: 1000+
📡Proxy:  ✅
✅Combo:  Email:Pass
🟰🟰🟰🟰🟰🟰🟰🟰🟰🟰🟰🟰🟰🟰🟰🟰
🈲 By : @Alone_Devilz1

☹️☹️☹️🤩<PERSON>☹️
Send Reaction guys for more configs
😣☹️🙁☹️🙁😶‍🌫️😣🥳",False,False,False,False,True,False,False,True,False,False,1668160407,,"{'_': 'MessageFwdHeader', 'date': '2024-02-29T15:47:00+00:00', 'imported': False, 'saved_out': False, 'from_id': {'_': 'PeerChannel', 'channel_id': 1842056364}, 'from_name': None, 'channel_post': 629, 'post_author': None, 'saved_from_peer': None, 'saved_from_msg_id': None, 'saved_from_id': None, 'saved_from_name': None, 'saved_date': None, 'psa_type': None}",,,,,,,87,0,,2024-02-29T15:48:40+00:00,[] ₳ⱠØ₦Ɇ ĐɆVłⱠⱫ1 The New era👑,,,[],
combolistoo,https://t.me/combolistoo,6288,2024-02-29 16:29:07,"Investor for business combo, if there is one, send a message, the money will be returned to him with 30% interest per month with any product he wants.
@error_offensive",False,False,False,False,True,False,False,True,False,False,1668160407,,,,,,,,,100,0,"{'_': 'MessageReplies', 'replies': 0, 'replies_pts': 2054, 'comments': True, 'recent_repliers': [], 'channel_id': 2106773805, 'max_id': None, 'read_max_id': None}",2024-02-29T16:29:10+00:00,error offensive [lg owner],,,[],
combolistoo,https://t.me/combolistoo,6289,2024-02-29 17:11:30,,False,False,False,False,True,False,False,True,False,False,1668160407,,,,,,,,,97,4,"{'_': 'MessageReplies', 'replies': 0, 'replies_pts': 2054, 'comments': True, 'recent_repliers': [], 'channel_id': 2106773805, 'max_id': None, 'read_max_id': None}",2024-02-29T17:11:34+00:00,error offensive [lg owner],,,[],
combolistoo,https://t.me/combolistoo,6290,2024-02-29 17:14:32,"LG WP
SIZE:34m
COUNTRY:USA
TYPE:em:pass
<PERSON>:FA
Id<IP_ADDRESS>@error_OFFENSIVE",False,False,False,False,True,False,False,True,False,False,1668160407,,,,,,,,,97,0,"{'_': 'MessageReplies', 'replies': 0, 'replies_pts': 2054, 'comments': True, 'recent_repliers': [], 'channel_id': 2106773805, 'max_id': None, 'read_max_id': None}",2024-02-29T17:14:35+00:00,error offensive [lg owner],,,[],
combolistoo,https://t.me/combolistoo,6291,2024-02-29 18:26:08,"Combolist uhq 100k 80$
@error_offensive
for order :👆",False,False,False,False,True,False,False,True,False,False,1668160407,,,,,,,,,92,0,"{'_': 'MessageReplies', 'replies': 0, 'replies_pts': 2054, 'comments': True, 'recent_repliers': [], 'channel_id': 2106773805, 'max_id': None, 'read_max_id': None}",2024-02-29T18:26:11+00:00,error offensive [lg owner],,,[],
combolistoo,https://t.me/combolistoo,6292,2024-02-29 18:57:05,"LG WP
SIZE:1.8m
COUNTRY:USA
TYPE:em:pass
<PERSON>:streaming
Id
<IP_ADDRESS>@error_OFFENSIVE",False,False,False,False,True,False,False,True,False,False,1668160407,,,,,,,,,94,2,"{'_': 'MessageReplies', 'replies': 0, 'replies_pts': 2054, 'comments': True, 'recent_repliers': [], 'channel_id': 2106773805, 'max_id': None, 'read_max_id': None}",2024-02-29T18:57:08+00:00,error offensive [lg owner],,,[],
combolistoo,https://t.me/combolistoo,6293,2024-02-29 19:00:57,"🔗Combolist 
🎲100k-1m-10m-100m
🆔@error_offensive",False,False,False,False,True,False,False,True,False,False,1668160407,,,,,,,,,92,0,"{'_': 'MessageReplies', 'replies': 0, 'replies_pts': 2054, 'comments': True, 'recent_repliers': [], 'channel_id': 2106773805, 'max_id': None, 'read_max_id': None}",2024-02-29T19:01:00+00:00,error offensive [lg owner],,,[],
combolistoo,https://t.me/combolistoo,6294,2024-02-29 19:36:26,"Alone VIP Channel Today Post Update 

✅Regular Many Private combo upload there.
now its more then 1000Gb Of combo cloud are stock there
✅ Many <PERSON> are post there even checker are there too

⚡️Best Cheap cloud + Private staff

💲best Subscription Prices 
💲9$ for <DATE_TIME>
💲20$ for <DATE_TIME>💲70$ for <DATE_TIME>
💲150$ Lifetime access

ib @ALone_DeviLz1 to buy
Proof : @Alone_Devilz_Vouch",False,False,False,False,True,False,False,True,False,False,1668160407,,"{'_': 'MessageFwdHeader', 'date': '2024-02-29T19:27:59+00:00', 'imported': False, 'saved_out': False, 'from_id': {'_': 'PeerChannel', 'channel_id': 1704295282}, 'from_name': None, 'channel_post': 1353, 'post_author': None, 'saved_from_peer': None, 'saved_from_msg_id': None, 'saved_from_id': None, 'saved_from_name': None, 'saved_date': None, 'psa_type': None}",,,,,5.118808832045329e+18,,79,0,"{'_': 'MessageReplies', 'replies': 0, 'replies_pts': 2054, 'comments': True, 'recent_repliers': [], 'channel_id': 2106773805, 'max_id': None, 'read_max_id': None}",2024-02-29T19:36:29+00:00,[] ₳ⱠØ₦Ɇ ĐɆVłⱠⱫ1 The New era👑,,,[],
combolistoo,https://t.me/combolistoo,6295,2024-02-29 22:04:26,"47.957m combolist bussines doamin
price 4k$
100% private
hitrate high for any target need bussines doamin like office 365
@error_offensive",False,False,False,False,True,False,False,True,False,False,1668160407,,,,,,,,,103,0,"{'_': 'MessageReplies', 'replies': 0, 'replies_pts': 2054, 'comments': True, 'recent_repliers': [], 'channel_id': 2106773805, 'max_id': None, 'read_max_id': None}",2024-02-29T22:04:30+00:00,error offensive [lg owner],,,[],
combolistoo,https://t.me/combolistoo,6296,2024-03-01 02:02:43,"Combo maker pro v5.1❤️‍🔥

I have updated the tool's server so that it will never stop

Price list:

<DATE_TIME> = 40$
<DATE_TIME> = 80$ 60$ 
<DATE_TIME> = 120$ 80$
Hwid reset (to run the license key on another device) = 5$
Lifetime = 250$ (contains unlimited hwid reset)

U can make unlimited combolists through your subscription

Dm:@XVEGOX",False,False,False,False,True,False,False,True,False,False,1668160407,,"{'_': 'MessageFwdHeader', 'date': '2024-02-14T20:49:51+00:00', 'imported': False, 'saved_out': False, 'from_id': {'_': 'PeerChannel', 'channel_id': 1350883853}, 'from_name': None, 'channel_post': 12534, 'post_author': 'ⓍVEGOⓍ', 'saved_from_peer': None, 'saved_from_msg_id': None, 'saved_from_id': None, 'saved_from_name': None, 'saved_date': None, 'psa_type': None}",,,,,,,95,0,"{'_': 'MessageReplies', 'replies': 0, 'replies_pts': 2054, 'comments': True, 'recent_repliers': [], 'channel_id': 2106773805, 'max_id': None, 'read_max_id': None}",2024-03-01T02:02:46+00:00,ⓍVEGOⓍ,,,[],
combolistoo,https://t.me/combolistoo,6297,2024-03-01 10:07:39,"still available 47-48m 2024 fresh
bussines doamin corp combolist
@error_offensive
give me your offer",False,False,False,False,True,False,False,True,False,False,1668160407,,,,,,,,,87,0,"{'_': 'MessageReplies', 'replies': 0, 'replies_pts': 2054, 'comments': True, 'recent_repliers': [], 'channel_id': 2106773805, 'max_id': None, 'read_max_id': None}",2024-03-01T10:07:42+00:00,error offensive [lg owner],,,[],
combolistoo,https://t.me/combolistoo,6298,2024-03-01 13:32:53,"COMBO MAKER PRO TOOL V5

- More HQ PRIVATE🚀🔒

- GETTING COMBOLIST FROM REAL LIVE DBs🌐

- YOU CAN WRITE THE TYPE 🔠

- NO PROXY NEED: ✅

- TOOL CAN GIVE U COMBO UP TO 6M↗️

- LICENSE PROTECT🔐: ✅


- DUPLICATE COMBOLIST PROBLEM FIXED✅

- MONTHLY SUBSCRIPTION PRICE: 40$💵



DM: <PERSON>",False,False,False,False,True,False,False,True,False,False,1668160407,,"{'_': 'MessageFwdHeader', 'date': '2023-10-31T22:50:13+00:00', 'imported': False, 'saved_out': False, 'from_id': {'_': 'PeerChannel', 'channel_id': 1350883853}, 'from_name': None, 'channel_post': 10699, 'post_author': 'Forward Tag Removerッ', 'saved_from_peer': None, 'saved_from_msg_id': None, 'saved_from_id': None, 'saved_from_name': None, 'saved_date': None, 'psa_type': None}",,,,,,,71,1,"{'_': 'MessageReplies', 'replies': 0, 'replies_pts': 2054, 'comments': True, 'recent_repliers': [], 'channel_id': 2106773805, 'max_id': None, 'read_max_id': None}",2024-03-01T13:32:56+00:00,ⓍVEGOⓍ,,,[],
combolistoo,https://t.me/combolistoo,6299,2024-03-01 14:58:40,"selling cheap combolist with any amount
just in dm give me your target 
just for 1 h 
@error_offenisve",False,False,False,False,True,False,False,True,False,False,1668160407,,,,,,,,,70,0,"{'_': 'MessageReplies', 'replies': 0, 'replies_pts': 2054, 'comments': True, 'recent_repliers': [], 'channel_id': 2106773805, 'max_id': None, 'read_max_id': None}",2024-03-01T14:58:43+00:00,error offensive [lg owner],,,[],
combolistoo,https://t.me/combolistoo,6300,2024-03-01 15:45:19,"LG WP
SIZE:490k
COUNTRY:de
TYPE:em:pass
<PERSON>:mix
Id
:@error_OFFENSIVE",False,False,False,False,True,False,False,True,False,False,1668160407,,,,,,,,,70,2,"{'_': 'MessageReplies', 'replies': 0, 'replies_pts': 2054, 'comments': True, 'recent_repliers': [], 'channel_id': 2106773805, 'max_id': None, 'read_max_id': None}",2024-03-01T15:45:22+00:00,error offensive [lg owner],,,[],
combolistoo,https://t.me/combolistoo,6301,2024-03-01 15:54:19,"Combolist
uhq
hq
mq
with any amount
can sell
balance combo:3 billion price all: 20k$
seller:@error_offensive",False,False,False,False,True,False,False,True,False,False,1668160407,,,,,,,,,67,0,"{'_': 'MessageReplies', 'replies': 0, 'replies_pts': 2054, 'comments': True, 'recent_repliers': [], 'channel_id': 2106773805, 'max_id': None, 'read_max_id': None}",2024-03-01T15:54:22+00:00,error offensive [lg owner],,,[],
combolistoo,https://t.me/combolistoo,6302,2024-03-01 19:28:51,"LG WP
SIZE:5m
COUNTRY:USA
TYPE:em:pass
<PERSON>:MIX
Id @error_offensive",False,False,False,False,True,False,False,True,False,False,1668160407,,,,,,,,,54,2,"{'_': 'MessageReplies', 'replies': 0, 'replies_pts': 2054, 'comments': True, 'recent_repliers': [], 'channel_id': 2106773805, 'max_id': None, 'read_max_id': None}",2024-03-01T19:28:54+00:00,error offensive [lg owner],,,[],
combolistoo,https://t.me/combolistoo,6303,2024-03-01 20:20:26,"🏙️All types of targets 🌌available for sale Various 🌉🌃orders for Spam and 
<NRP>cracking and... 
✅will be accepted
🪪@error_offensive",False,False,False,False,True,False,False,True,False,False,1668160407,,,,,,,,,46,0,"{'_': 'MessageReplies', 'replies': 0, 'replies_pts': 2054, 'comments': True, 'recent_repliers': [], 'channel_id': 2106773805, 'max_id': None, 'read_max_id': None}",2024-03-01T20:20:29+00:00,error offensive [lg owner],,,[],
combolistoo,https://t.me/combolistoo,6304,2024-03-01 20:30:36,"47.957m combolist bussines doamin
price 4k$
100% private
hitrate high for any target need bussines doamin like office 365
@error_offensive",False,False,False,False,True,False,False,True,False,False,1668160407,,,,,,,,,48,0,"{'_': 'MessageReplies', 'replies': 0, 'replies_pts': 2054, 'comments': True, 'recent_repliers': [], 'channel_id': 2106773805, 'max_id': None, 'read_max_id': None}",2024-03-01T20:30:42+00:00,error offensive [lg owner],,,[],
combolistoo,https://t.me/combolistoo,6305,2024-03-01 21:50:45,"combolist
order
email:pass
user:pass
phone:pass
100k-500k-5m-10m-100m
start sell 40$ to 60000$
@error_offensive",False,False,False,False,True,False,False,True,False,False,1668160407,,,,,,,,,39,2,"{'_': 'MessageReplies', 'replies': 0, 'replies_pts': 2054, 'comments': True, 'recent_repliers': [], 'channel_id': 2106773805, 'max_id': None, 'read_max_id': None}",2024-03-01T21:50:48+00:00,error offensive [lg owner],,,[],
combolistoo,https://t.me/combolistoo,6306,2024-03-01 22:28:42,"LG WP
SIZE:31k
COUNTRY:USA
TYPE:em:pass
<PERSON>:twitter
Id @error_offensive",False,False,False,False,True,False,False,True,False,False,1668160407,,,,,,,,,35,2,"{'_': 'MessageReplies', 'replies': 0, 'replies_pts': 2054, 'comments': True, 'recent_repliers': [], 'channel_id': 2106773805, 'max_id': None, 'read_max_id': None}",2024-03-01T22:28:45+00:00,error offensive [lg owner],1.367465697739742e+16,,[],
combolistoo,https://t.me/combolistoo,6307,2024-03-01 22:28:42,"LG WP
SIZE:100k
COUNTRY:uk
TYPE:em:pass
<PERSON>:bank.shop
Id @error_offensive",False,False,False,False,True,False,False,True,False,False,1668160407,,,,,,,,,35,2,,2024-03-01T22:28:45+00:00,error offensive [lg owner],1.367465697739742e+16,,[],
combolistoo,https://t.me/combolistoo,6308,2024-03-01 23:17:25,"Combo List UHQ Crops Domains

Type:Email:Password

Count:500K Lines

Good For:Every Thing

Do Not Sell The Combo List❌

(Combo List Order Will Accept For Buy Dm❗️ )

🧑‍💻ID: ⁩ @xR_offname •",False,False,False,False,True,False,False,True,False,False,1668160407,,,,,,,,,28,2,"{'_': 'MessageReplies', 'replies': 0, 'replies_pts': 2054, 'comments': True, 'recent_repliers': [], 'channel_id': 2106773805, 'max_id': None, 'read_max_id': None}",2024-03-01T23:17:28+00:00,Combo List Seller | [χƦ],1.367468036337378e+16,,[],
combolistoo,https://t.me/combolistoo,6309,2024-03-01 23:17:25,"Combo List UHQ France Mix Domains 

Type:Email:Password

Count:800K Lines

Good For:Shopping,Streaming,Mail Access

Do Not Sell The Combo List❌

(Combo List Order Will Accept For Buy Dm❗️ )

🧑‍💻ID: ⁩ @xR_offname •",False,False,False,False,True,False,False,True,False,False,1668160407,,,,,,,,,32,2,,2024-03-01T23:17:28+00:00,Combo List Seller | [χƦ],1.367468036337378e+16,,[],
combolistoo,https://t.me/combolistoo,6310,2024-03-01 23:17:25,"Combo List UHQ USA Mix Domains 

Type:Email:Password

Count:700K Lines

Good For:Every Thing

Do Not Sell The Combo List❌

(Combo List Order Will Accept For Buy Dm❗️ )

🧑‍💻ID: ⁩ @xR_offname •",False,False,False,False,True,False,False,True,False,False,1668160407,,,,,,,,,33,3,,2024-03-01T23:17:28+00:00,Combo List Seller | [χƦ],1.367468036337378e+16,,[],
combolistoo,https://t.me/combolistoo,6311,2024-03-01 23:40:11,"New Fresh Combos And Configs Uploaded In Cloud

If You Want To Join Cloud Dm me

♾ Support : @xR_offname •
🚸 Channel : @Offname_cloud  •
🚸 Channel2 :@Combo_Selling •
🔺 Web: xreactor.org •",False,False,False,False,True,False,False,True,False,False,1668160407,,"{'_': 'MessageFwdHeader', 'date': '2024-03-01T23:39:19+00:00', 'imported': False, 'saved_out': False, 'from_id': {'_': 'PeerChannel', 'channel_id': 1860629139}, 'from_name': None, 'channel_post': 273, 'post_author': None, 'saved_from_peer': None, 'saved_from_msg_id': None, 'saved_from_id': None, 'saved_from_name': None, 'saved_date': None, 'psa_type': None}",,,,,5.985827716810786e+18,,27,0,"{'_': 'MessageReplies', 'replies': 0, 'replies_pts': 2054, 'comments': True, 'recent_repliers': [], 'channel_id': 2106773805, 'max_id': None, 'read_max_id': None}",2024-03-01T23:40:14+00:00,Combo List Seller | [χƦ],,,[],
combolistoo,https://t.me/combolistoo,6312,2024-03-02 00:28:34,"<DATE_TIME> only 
COMBO MAKER PRO V5.1
40$/month 2months

To buy:@XVEGOX",False,False,False,False,True,False,False,True,False,False,1668160407,,"{'_': 'MessageFwdHeader', 'date': '2023-12-24T14:10:20+00:00', 'imported': False, 'saved_out': False, 'from_id': {'_': 'PeerChannel', 'channel_id': 1350883853}, 'from_name': None, 'channel_post': 11760, 'post_author': 'ⓍVEGOⓍ', 'saved_from_peer': None, 'saved_from_msg_id': None, 'saved_from_id': None, 'saved_from_name': None, 'saved_date': None, 'psa_type': None}",,,,,,,22,0,"{'_': 'MessageReplies', 'replies': 0, 'replies_pts': 2054, 'comments': True, 'recent_repliers': [], 'channel_id': 2106773805, 'max_id': None, 'read_max_id': None}",2024-03-02T00:28:37+00:00,ⓍVEGOⓍ,,,[],
