Channel ID,URL,Post ID,date,message,out,mentioned,media_unread,silent,post,from_scheduled,legacy,edit_hide,pinned,noforwards,peer_channel,from_id_user,fwd_from,via_bot_id,reply_to_msg_id,reply_to_scheduled,forum_topic,media_photo_id,reply_markup,views,forwards,replies,edit_date,post_author,grouped_id,reactions,restriction_reason,ttl_period
hubsurfs,https://t.me/hubsurfs,14235,2024-02-05 12:52:53,"Open AI | GPT4 | Unlimited Access For Free

1. Go to julius.ai
2. Create a new account, use random infos (no verification is necessary)
3. You have free 15 messages, after that logout, and repeat",False,False,False,False,True,False,False,True,False,False,1194206262,,,,,,,,,549.0,7.0,"{'_': 'MessageReplies', 'replies': 2, 'replies_pts': 147888, 'comments': True, 'recent_repliers': [{'_': 'PeerUser', 'user_id': 926820864}, {'_': 'PeerUser', 'user_id': 560872009}], 'channel_id': 1352284575, 'max_id': 66128, 'read_max_id': None}",2024-02-05T13:41:08+00:00,,,"{'_': 'MessageReactions', 'results': [{'_': 'ReactionCount', 'reaction': {'_': 'ReactionEmoji', 'emoticon': '🔥'}, 'count': 6, 'chosen_order': None}, {'_': 'ReactionCount', 'reaction': {'_': 'ReactionEmoji', 'emoticon': '👍'}, 'count': 1, 'chosen_order': None}], 'min': False, 'can_see_list': False, 'reactions_as_tags': False, 'recent_reactions': []}",[],
hubsurfs,https://t.me/hubsurfs,14236,2024-02-05 17:50:17,,False,False,False,False,True,False,False,True,False,False,1194206262,,,,,,,,,511.0,0.0,"{'_': 'MessageReplies', 'replies': 0, 'replies_pts': 147888, 'comments': True, 'recent_repliers': [], 'channel_id': 1352284575, 'max_id': None, 'read_max_id': None}",2024-02-05T17:50:21+00:00,,,,[],
hubsurfs,https://t.me/hubsurfs,14237,2024-02-06 09:55:42,"How To Get IDM Lifetime License Key (Without Crack/virus)

How To Get IDM Lifetime License Key (Without Crack/virus)

1. First, Download IMD From IDM Site
2. Install IDM on Your PC
3. Now search on Windows search ""PowerShell"" and Open your PowerShell

4. Paste the command????
irm https://massgrave.dev/ias | iex

5. Then Type ""1""

 Worked 100/100
✦•<PERSON>•✦",False,False,False,False,True,False,False,True,False,False,1194206262,,,,,,,,,495.0,8.0,"{'_': 'MessageReplies', 'replies': 1, 'replies_pts': 147888, 'comments': True, 'recent_repliers': [{'_': 'PeerUser', 'user_id': 5271150680}], 'channel_id': 1352284575, 'max_id': 66118, 'read_max_id': None}",2024-02-07T10:04:28+00:00,,,"{'_': 'MessageReactions', 'results': [{'_': 'ReactionCount', 'reaction': {'_': 'ReactionEmoji', 'emoticon': '❤'}, 'count': 4, 'chosen_order': None}], 'min': False, 'can_see_list': False, 'reactions_as_tags': False, 'recent_reactions': []}",[],
hubsurfs,https://t.me/hubsurfs,14238,2024-02-06 17:09:30,"🟢ZOOG VPN🟢

<EMAIL_ADDRESS>:rasulovxurshid
<EMAIL_ADDRESS>:Mamong1315
<EMAIL_ADDRESS>:159357
<EMAIL_ADDRESS>:<PERSON> only
<EMAIL_ADDRESS>:Slytherin3
<EMAIL_ADDRESS>:1111111Aa
<EMAIL_ADDRESS>:<PERSON>
<EMAIL_ADDRESS>:Mjpmdmld00
<EMAIL_ADDRESS>:Arsenal20
<EMAIL_ADDRESS>:Mf846870
<EMAIL_ADDRESS>:<PERSON>
<EMAIL_ADDRESS>:admin228
<EMAIL_ADDRESS>:<PERSON><EMAIL_ADDRESS>:338111qwe
<EMAIL_ADDRESS>:15935722
<EMAIL_ADDRESS>:<PHONE_NUMBER>
<EMAIL_ADDRESS>:zaqxswcd
<EMAIL_ADDRESS>:anusherchik21
<EMAIL_ADDRESS>:Mslogistics12
<EMAIL_ADDRESS>:39datiro2
<EMAIL_ADDRESS>:<PERSON>
<EMAIL_ADDRESS>:Error404
<EMAIL_ADDRESS>:braintax49
<EMAIL_ADDRESS>:1q2w3e4r5t
<EMAIL_ADDRESS>:<US_PASSPORT>
<EMAIL_ADDRESS>:<PERSON>
<EMAIL_ADDRESS>:vbcrfv4556",False,False,False,False,True,False,False,True,False,False,1194206262,,,,,,,5.913563229903241e+18,,456.0,2.0,"{'_': 'MessageReplies', 'replies': 1, 'replies_pts': 147888, 'comments': True, 'recent_repliers': [{'_': 'PeerUser', 'user_id': 5460278713}], 'channel_id': 1352284575, 'max_id': 66121, 'read_max_id': None}",2024-02-12T15:43:11+00:00,,,"{'_': 'MessageReactions', 'results': [{'_': 'ReactionCount', 'reaction': {'_': 'ReactionEmoji', 'emoticon': '🥰'}, 'count': 1, 'chosen_order': None}], 'min': False, 'can_see_list': False, 'reactions_as_tags': False, 'recent_reactions': []}",[],
hubsurfs,https://t.me/hubsurfs,14239,2024-02-06 17:21:26,"📱 Wondershare Accounts

🟣For MAC & Windows
<NRP>: https://www.wondershare.com
🟣Format: Login:Pass | Info

<EMAIL_ADDRESS>:Price234 | Country = USA | Products = [Filmora AI Credits, <PERSON>]

<EMAIL_ADDRESS>:Mati2009 | First Name = Mateusz | Last Name = CieÅ›lik | Country = PL | Products = [Wondershare Drive, Wondershare Drive, TTS, STT, Filmora AI Credits, Filmora AI Credits, Virbo, Virbo, Virbo, <PERSON>, Wondershare Document Cloud]

<EMAIL_ADDRESS>:qaz36477: | Country = SAU | Products = [Wondershare Document Cloud]
<EMAIL_ADDRESS>:Profumo@2002 | Products = [Dr.<PERSON>, Dr.<PERSON> (<PERSON>)]

<EMAIL_ADDRESS>:NNAAPPOO96 | First Name = di | Last Name = napoli | Country = FR | Products = [<PERSON>, Filmora AI Credits]

<EMAIL_ADDRESS>:20062613 | First Name = Felipe | Last Name = Theran | Country = CO | Products = [Silence Detection Add-on for Windows]

<EMAIL_ADDRESS>:bolso221 | Country = URY | Products = [Wondershare Filmora]

<EMAIL_ADDRESS>:Marik009 | Products = [STT, TTS]",False,False,False,False,True,False,False,True,False,False,1194206262,,,,,,,,,652.0,3.0,"{'_': 'MessageReplies', 'replies': 1, 'replies_pts': 147888, 'comments': True, 'recent_repliers': [{'_': 'PeerUser', 'user_id': 6503569442}], 'channel_id': 1352284575, 'max_id': 66126, 'read_max_id': None}",2024-02-10T10:23:25+00:00,,,"{'_': 'MessageReactions', 'results': [{'_': 'ReactionCount', 'reaction': {'_': 'ReactionEmoji', 'emoticon': '👍'}, 'count': 1, 'chosen_order': None}], 'min': False, 'can_see_list': False, 'reactions_as_tags': False, 'recent_reactions': []}",[],
hubsurfs,https://t.me/hubsurfs,14240,2024-02-06 20:40:17,Codecademy Cookie                                                                                 https://paste.fo/557780e4dd04,False,False,False,False,True,False,False,False,False,False,1194206262,,,,,,,,,641.0,0.0,"{'_': 'MessageReplies', 'replies': 0, 'replies_pts': 147888, 'comments': True, 'recent_repliers': [], 'channel_id': 1352284575, 'max_id': None, 'read_max_id': None}",2024-02-06T20:41:50+00:00,,,,[],
hubsurfs,https://t.me/hubsurfs,14241,2024-02-06 20:46:54,Grammarly Cookie                                                                                  https://paste.fo/e7915d87200a,False,False,False,False,True,False,False,False,False,False,1194206262,,,,,,,,,697.0,0.0,"{'_': 'MessageReplies', 'replies': 3, 'replies_pts': 147888, 'comments': True, 'recent_repliers': [{'_': 'PeerUser', 'user_id': 1172084832}, {'_': 'PeerUser', 'user_id': 560872009}, {'_': 'PeerUser', 'user_id': 1857869249}], 'channel_id': 1352284575, 'max_id': 66134, 'read_max_id': None}",2024-02-09T08:38:50+00:00,,,"{'_': 'MessageReactions', 'results': [{'_': 'ReactionCount', 'reaction': {'_': 'ReactionEmoji', 'emoticon': '❤'}, 'count': 2, 'chosen_order': None}], 'min': False, 'can_see_list': False, 'reactions_as_tags': False, 'recent_reactions': []}",[],
hubsurfs,https://t.me/hubsurfs,14242,2024-02-07 13:03:14,Cookies now being updated on sleekhub.com.ng,False,False,False,False,True,False,False,True,False,False,1194206262,,,,,,,,,683.0,0.0,"{'_': 'MessageReplies', 'replies': 0, 'replies_pts': 147888, 'comments': True, 'recent_repliers': [], 'channel_id': 1352284575, 'max_id': None, 'read_max_id': None}",2024-02-07T13:03:17+00:00,,,,[],
hubsurfs,https://t.me/hubsurfs,14243,2024-02-07 13:05:23,Chatgpt Plus Cookie Updated🔄,False,False,False,False,True,False,False,True,False,False,1194206262,,,,,,,,,694.0,0.0,"{'_': 'MessageReplies', 'replies': 2, 'replies_pts': 147888, 'comments': True, 'recent_repliers': [{'_': 'PeerUser', 'user_id': 937102083}, {'_': 'PeerUser', 'user_id': 2131671949}], 'channel_id': 1352284575, 'max_id': 66142, 'read_max_id': None}",2024-02-07T13:05:26+00:00,,,,[],
hubsurfs,https://t.me/hubsurfs,14244,2024-02-07 13:07:26,Grammarly Cookie Updated🔄,False,False,False,False,True,False,False,True,False,False,1194206262,,,,,,,,,682.0,0.0,"{'_': 'MessageReplies', 'replies': 2, 'replies_pts': 147888, 'comments': True, 'recent_repliers': [{'_': 'PeerChannel', 'channel_id': 1352284575}, {'_': 'PeerUser', 'user_id': 1172084832}], 'channel_id': 1352284575, 'max_id': 66136, 'read_max_id': None}",2024-02-09T09:02:15+00:00,,,"{'_': 'MessageReactions', 'results': [{'_': 'ReactionCount', 'reaction': {'_': 'ReactionEmoji', 'emoticon': '❤'}, 'count': 1, 'chosen_order': None}], 'min': False, 'can_see_list': False, 'reactions_as_tags': False, 'recent_reactions': []}",[],
hubsurfs,https://t.me/hubsurfs,14245,2024-02-07 13:11:17,Netflix Cookie Updated 🔄,False,False,False,False,True,False,False,True,False,False,1194206262,,,,,,,,,681.0,0.0,"{'_': 'MessageReplies', 'replies': 3, 'replies_pts': 147888, 'comments': True, 'recent_repliers': [{'_': 'PeerChannel', 'channel_id': 1352284575}, {'_': 'PeerUser', 'user_id': 926820864}, {'_': 'PeerUser', 'user_id': 1522208898}], 'channel_id': 1352284575, 'max_id': 66139, 'read_max_id': None}",2024-02-07T13:13:48+00:00,,,"{'_': 'MessageReactions', 'results': [{'_': 'ReactionCount', 'reaction': {'_': 'ReactionEmoji', 'emoticon': '❤'}, 'count': 3, 'chosen_order': None}], 'min': False, 'can_see_list': False, 'reactions_as_tags': False, 'recent_reactions': []}",[],
hubsurfs,https://t.me/hubsurfs,14246,2024-02-08 20:03:48,Semrush Cookie Updated 🔄                                                                     Check sleekhub.com.ng,False,False,False,False,True,False,False,True,False,False,1194206262,,,,,,,,,624.0,0.0,"{'_': 'MessageReplies', 'replies': 1, 'replies_pts': 147888, 'comments': True, 'recent_repliers': [{'_': 'PeerUser', 'user_id': 775153665}], 'channel_id': 1352284575, 'max_id': 66144, 'read_max_id': None}",2024-02-08T20:03:51+00:00,,,,[],
hubsurfs,https://t.me/hubsurfs,14247,2024-02-09 12:32:24,"<PERSON> VPN Premium 

🔵Promo :- 3 Month Trial Subscription

⚡Link :- https://campaigns.avira.com/en/crm/trial/prime",False,False,False,False,True,False,False,True,False,False,1194206262,,,,,,,6.21054238142246e+18,,663.0,3.0,"{'_': 'MessageReplies', 'replies': 0, 'replies_pts': 147888, 'comments': True, 'recent_repliers': [], 'channel_id': 1352284575, 'max_id': None, 'read_max_id': None}",2024-02-09T20:06:08+00:00,,,"{'_': 'MessageReactions', 'results': [{'_': 'ReactionCount', 'reaction': {'_': 'ReactionEmoji', 'emoticon': '❤'}, 'count': 1, 'chosen_order': None}], 'min': False, 'can_see_list': False, 'reactions_as_tags': False, 'recent_reactions': []}",[],
hubsurfs,https://t.me/hubsurfs,14248,2024-02-12 07:53:20,FRESH CANVA HUBSURF INVITE                                                            https://www.canva.com/brand/join?token=OZ8JhSChk01vWTeHJm4RPg&referrer=team-invite,False,False,False,False,True,False,False,False,False,False,1194206262,,,,,,,,,537.0,0.0,"{'_': 'MessageReplies', 'replies': 0, 'replies_pts': 147888, 'comments': True, 'recent_repliers': [], 'channel_id': 1352284575, 'max_id': None, 'read_max_id': None}",2024-02-12T07:53:26+00:00,,,,[],
hubsurfs,https://t.me/hubsurfs,14249,2024-02-12 08:57:52,Semrush Cookie Updated 🔄                                                                     Check sleekhub.com.ng,False,False,False,False,True,False,False,True,False,False,1194206262,,,,,,,,,499.0,0.0,"{'_': 'MessageReplies', 'replies': 0, 'replies_pts': 147888, 'comments': True, 'recent_repliers': [], 'channel_id': 1352284575, 'max_id': None, 'read_max_id': None}",2024-02-12T08:57:55+00:00,,,,[],
hubsurfs,https://t.me/hubsurfs,14250,2024-02-12 10:51:04,"Create a Prefessional CV Online Maker❤️

Website Link 👇🏼

--> www.odesk.com 
--> www.elance.com 
--> www.99designs.com
--> www.mastpanel.online",False,False,False,False,True,False,False,True,False,False,1194206262,,,,,,,,,463.0,2.0,"{'_': 'MessageReplies', 'replies': 0, 'replies_pts': 147888, 'comments': True, 'recent_repliers': [], 'channel_id': 1352284575, 'max_id': None, 'read_max_id': None}",2024-02-12T15:44:05+00:00,,,"{'_': 'MessageReactions', 'results': [{'_': 'ReactionCount', 'reaction': {'_': 'ReactionEmoji', 'emoticon': '❤'}, 'count': 1, 'chosen_order': None}], 'min': False, 'can_see_list': False, 'reactions_as_tags': False, 'recent_reactions': []}",[],
hubsurfs,https://t.me/hubsurfs,14251,2024-02-12 10:51:04,"SHOPIFY K PAID THEMES CHIYE ❓

▶️IMPACT
https://themes.shopify.com/themes/impact/styles/sound

▶️IMPLUSE
https://themes.shopify.com/themes/impulse/styles/modern

▶<DATE_TIME>
https://themes.shopify.com/themes/motion/styles/classic

▶️KALLES
https://themeforest.net/item/kalles-clean-versatile-shopify-theme/26320622


999 REACTS ONLY 😂",False,False,False,False,True,False,False,True,False,False,1194206262,,,,,,,,,481.0,2.0,,2024-02-12T11:12:14+00:00,,,"{'_': 'MessageReactions', 'results': [{'_': 'ReactionCount', 'reaction': {'_': 'ReactionEmoji', 'emoticon': '😍'}, 'count': 7, 'chosen_order': None}, {'_': 'ReactionCount', 'reaction': {'_': 'ReactionEmoji', 'emoticon': '🥰'}, 'count': 2, 'chosen_order': None}], 'min': False, 'can_see_list': False, 'reactions_as_tags': False, 'recent_reactions': []}",[],
hubsurfs,https://t.me/hubsurfs,14252,2024-02-13 07:24:04,"🔴 Cloudflare Warp+ Keys

💖 Traffic: 2400 TB
💖 For 5 Devices

7T83s4Ej-3IV90h1t-j2dO41c6
4759bgNJ-3Wj10Ae5-j60u7v4b
sYO4071C-1j3Ro92A-7Vcl8L51
u8g5R0C1-19Mt80hA-W570zEi4
r62l94sS-F3EJ0R64-6N9q74ki
F5q246oc-q54FZ8A3-X3690gqf
9N0l87Wx-60Y4nfB2-2s8X3U6y
h0F548Nj-z46b1Ua3-E9sC128Q
12lKN8k9-8who75k2-ZHV432m1
96qA7J4w-4795SUTl-Mg5F36J8
Yg91vG57-0S17f9Dx-fhx7198v
2F7v06EC-6z7xj52E-75pWI1r8
O238oY1x-564QF3uj-5jRo93g4
x64zU8H1-O9x8h4e3-5X6xr1u7
28CtO04E-g823fR7q-3420kMBJ
6p78Z4Br-2N7l1i0D-W4dnE972
42yQS81V-6415SRtu-eX3Q54a7
64Xh7SP8-v850HG9s-68x4oP2H
IPr5A327-5m06J3Rj-tX10Ys49
E8S76gV0-1o0q95ul-hI0295so
VNMq2890-3R14IjH9-WA9d021Y
aN6cw758-418r5EWe-904ja8vO
I630jBO7-0awA8m71-Sp0P341B
Y4J7u3I8-35IO70Vx-Ub7uD153
mBv91G24-Nm541Is9-ut2WF986
219hO3Zs-34Ai1RC6-6D31fG5o
0lK38M1F-KP951sO3-YE3581BR
L5n6r0B3-L750c9Fd-032rUna5
1sR32o5x-389F0aIU-Ct7c9f81
2Tj73pE1-G9r6H0k1-PFj5K723
8f924dzQ-3i29ZHR0-AL01s64z
01ikX32m-Mue507L1-97wPK4V8
FY20Oy56-A0U53SR4-HA41Wx67
2Dmj64y3-0wOE34T7-fn98q65G",False,False,False,False,True,False,False,True,False,False,1194206262,,,,,,,,,469.0,1.0,"{'_': 'MessageReplies', 'replies': 0, 'replies_pts': 147888, 'comments': True, 'recent_repliers': [], 'channel_id': 1352284575, 'max_id': None, 'read_max_id': None}",2024-02-13T13:54:41+00:00,,,"{'_': 'MessageReactions', 'results': [{'_': 'ReactionCount', 'reaction': {'_': 'ReactionEmoji', 'emoticon': '❤'}, 'count': 2, 'chosen_order': None}, {'_': 'ReactionCount', 'reaction': {'_': 'ReactionEmoji', 'emoticon': '👍'}, 'count': 1, 'chosen_order': None}], 'min': False, 'can_see_list': False, 'reactions_as_tags': False, 'recent_reactions': []}",[],
hubsurfs,https://t.me/hubsurfs,14253,2024-02-14 07:19:43,"Netflix

<EMAIL_ADDRESS>:16.Avril2003 | PLAN = Essentiel | [Essential] | Country = France | <PERSON> = 1 | PAYMENT METHODE = MASTERCARD [CC]
<EMAIL_ADDRESS>:Inmyta88 | PLAN = Estándar | [Standard] | Country = Spain | <PERSON> = 2 | PHONENUMMBER = <DATE_TIME> | PAYMENT METHODE = VISA [CC]
<EMAIL_ADDRESS>:<PERSON> | PLAN = Standard | Country = United Kingdom | <PERSON> = 2 | PAYMENT METHODE = MASTERCARD [CC]
<EMAIL_ADDRESS>:commando1998 | PLAN = Standard | Country = France | <PERSON> = 2 | PHONENUMMBER = <PHONE_NUMBER> | PAYMENT METHODE = VISA [CC]
<EMAIL_ADDRESS>:<PERSON> | PLAN = Standard | Country = Belgium | Max Streams = 2 | PHONENUMMBER = <PHONE_NUMBER> | PAYMENT METHODE = VISA [CC]
<EMAIL_ADDRESS>:r0ckandr0LL | PLAN = Standard | Country = Canada | <PERSON> = 2 | PAYMENT METHODE = VISA [CC]
<EMAIL_ADDRESS>:Yanis2508@ | PLAN = Essentiel | [Essential] | Country = France | <PERSON> = 1 | PHONENUMMBER = <PHONE_NUMBER> | PAYMENT METHODE = [PAYPAL]
<EMAIL_ADDRESS>:<PERSON> | PLAN = Standard | Country = France | <PERSON> = 2 | PHONENUMMBER = <PHONE_NUMBER> | PAYMENT METHODE = MASTERCARD [CC]
<EMAIL_ADDRESS>:Delta411 | PLAN = Standard | Country = Australia | <PERSON> = 2 | PAYMENT METHODE = MASTERCARD [CC]
<EMAIL_ADDRESS>:241f66a6 | PLAN = Estándar | [Standard] | Country = Spain | <PERSON> = 2 | PHONENUMMBER = <US_PASSPORT> | PAYMENT METHODE = MASTERCARD [CC]",False,False,False,False,True,False,False,True,False,False,1194206262,,,,,,,,,474.0,2.0,"{'_': 'MessageReplies', 'replies': 0, 'replies_pts': 147888, 'comments': True, 'recent_repliers': [], 'channel_id': 1352284575, 'max_id': None, 'read_max_id': None}",2024-02-14T07:19:46+00:00,,,,[],
hubsurfs,https://t.me/hubsurfs,14254,2024-02-14 14:48:00,Quillbot on your mail available 10$ per year text @ABDULBASITTECH01,False,False,False,False,True,False,False,True,False,False,1194206262,,,,,,,,,448.0,0.0,"{'_': 'MessageReplies', 'replies': 0, 'replies_pts': 147888, 'comments': True, 'recent_repliers': [], 'channel_id': 1352284575, 'max_id': None, 'read_max_id': None}",2024-02-14T16:25:19+00:00,,,"{'_': 'MessageReactions', 'results': [{'_': 'ReactionCount', 'reaction': {'_': 'ReactionEmoji', 'emoticon': '👍'}, 'count': 1, 'chosen_order': None}, {'_': 'ReactionCount', 'reaction': {'_': 'ReactionEmoji', 'emoticon': '🔥'}, 'count': 1, 'chosen_order': None}], 'min': False, 'can_see_list': False, 'reactions_as_tags': False, 'recent_reactions': []}",[],
hubsurfs,https://t.me/hubsurfs,14255,2024-02-14 18:42:41,"🔴 Cloudflare WARP+ Keys

✅ Speed: Unlimited
✅ Traffic: 20 PB+
✅ For 5 Devices

40S81zmC-JtS20D76-81mcQ25X
U1m60B7i-<PERSON>-3U0K6i2k
j9dn381N-MZe518z2-pXSh6475
QS08V5o2-5VjiM809-7BZ624Ww
4rgd78E1-g8RHd635-186To4mY
0X5ElY83-aVj908U7-H96wua85
68Ck49dB-2U1Fd5P7-5wSl1s78
41W2jTQ5-O76GL0w3-5864pRJk
z54wAU09-78y5Lnw6<PERSON>
71x5d0GQ-1SIW56f9-56Hnz1E4
30Kl25JZ-qKI609S5-ou98h3z4
KCf05N12-62I4wBN5-6lNd9P80
47Io0M1V-8G7gK4A1-zhA4538x
G18fV7Y9-0Urj1y25-H0XPs457
C270c6zD-2Ng5O0V9-02M84OXf
84z7G9iW-9kPFL405-64UxWj03",False,False,False,False,True,False,False,True,False,False,1194206262,,,,,,,,,467.0,0.0,"{'_': 'MessageReplies', 'replies': 0, 'replies_pts': 147888, 'comments': True, 'recent_repliers': [], 'channel_id': 1352284575, 'max_id': None, 'read_max_id': None}",2024-02-20T13:38:11+00:00,,,"{'_': 'MessageReactions', 'results': [], 'min': False, 'can_see_list': False, 'reactions_as_tags': False, 'recent_reactions': []}",[],
hubsurfs,https://t.me/hubsurfs,14256,2024-02-15 08:00:37,Coursera Plus Giveaway                                                  Claim Account,False,False,False,False,True,False,False,True,False,False,1194206262,,,,,,,5.940708621509837e+18,,471.0,0.0,"{'_': 'MessageReplies', 'replies': 0, 'replies_pts': 147888, 'comments': True, 'recent_repliers': [], 'channel_id': 1352284575, 'max_id': None, 'read_max_id': None}",2024-02-15T08:00:40+00:00,,,,[],
hubsurfs,https://t.me/hubsurfs,14257,2024-02-15 09:00:14,SEMRUSH GURU                                                             CLAIM ACCOUNT,False,False,False,False,True,False,False,False,False,False,1194206262,,,,,,,5.940708621509837e+18,,478.0,1.0,"{'_': 'MessageReplies', 'replies': 0, 'replies_pts': 147888, 'comments': True, 'recent_repliers': [], 'channel_id': 1352284575, 'max_id': None, 'read_max_id': None}",2024-02-15T09:26:03+00:00,,,"{'_': 'MessageReactions', 'results': [{'_': 'ReactionCount', 'reaction': {'_': 'ReactionEmoji', 'emoticon': '🔥'}, 'count': 2, 'chosen_order': None}, {'_': 'ReactionCount', 'reaction': {'_': 'ReactionEmoji', 'emoticon': '👨\u200d💻'}, 'count': 2, 'chosen_order': None}], 'min': False, 'can_see_list': False, 'reactions_as_tags': False, 'recent_reactions': []}",[],
hubsurfs,https://t.me/hubsurfs,14258,2024-02-16 10:33:35,Moz Cookie                                                                                                       Get here,False,False,False,False,True,False,False,True,False,False,1194206262,,,,,,,,,398.0,0.0,"{'_': 'MessageReplies', 'replies': 0, 'replies_pts': 147888, 'comments': True, 'recent_repliers': [], 'channel_id': 1352284575, 'max_id': None, 'read_max_id': None}",2024-02-16T10:33:38+00:00,,,,[],
hubsurfs,https://t.me/hubsurfs,14259,2024-02-16 15:55:36,"Join our whatsapp channel here for alot of premium account Giveaways

https://whatsapp.com/channel/0029Va7wtJeHrDZeILOVP720",False,False,False,False,True,False,False,True,True,False,1194206262,,,,,,,,,423.0,1.0,"{'_': 'MessageReplies', 'replies': 0, 'replies_pts': 147888, 'comments': True, 'recent_repliers': [], 'channel_id': 1352284575, 'max_id': None, 'read_max_id': None}",2024-02-16T15:55:40+00:00,,,,[],
hubsurfs,https://t.me/hubsurfs,14260,2024-02-17 07:42:49,,False,False,False,True,True,,False,,,,1194206262,,,,14259.0,False,False,,,,,,,,,,,
hubsurfs,https://t.me/hubsurfs,14261,2024-02-18 10:34:44,https://youtu.be/bMioqqTv3oE?si=61cBUmqYWcvC8vCk,False,False,False,False,True,False,False,True,False,False,1194206262,,,,,,,,,373.0,0.0,"{'_': 'MessageReplies', 'replies': 0, 'replies_pts': 147888, 'comments': True, 'recent_repliers': [], 'channel_id': 1352284575, 'max_id': None, 'read_max_id': None}",2024-02-18T10:34:47+00:00,,,,[],
hubsurfs,https://t.me/hubsurfs,14262,2024-02-18 16:19:26,"Figma for User Interface and User Experience UIUX 

https://whatsapp.com/channel/0029Va7wtJeHrDZeILOVP720",False,False,False,False,True,False,False,True,False,False,1194206262,,,,,,,,,336.0,0.0,"{'_': 'MessageReplies', 'replies': 0, 'replies_pts': 147888, 'comments': True, 'recent_repliers': [], 'channel_id': 1352284575, 'max_id': None, 'read_max_id': None}",2024-02-18T16:19:30+00:00,,,,[],
hubsurfs,https://t.me/hubsurfs,14263,2024-02-18 18:30:47,"🔴 Cloudflare WARP+ Keys

✅ Speed: Unlimited
✅ Traffic: 24 PB+
✅ For 5 Devices

59enlV14-XnRv9580-Nc634r1k
<PERSON>
21rC9X8Q-3J6p12tW-y3G61k5f
B51hiK42-Bsv6n027-F083fVn4
0eDCG692-EQ1Bf678-5O8AJa92
H78UV45j-364iXQ2O-h6jfD743
Dco196A2-F1K2j8m0-e3qg9k70
9P6A8z5b-k6f42y5d-i6853aMl
47Wv63xj-0UA246tO-b145qwE3
W50LHU32-M283edG7-eEt2Z183
49q1I6dh-A46C3Mz2-F07D28ti
28C9suw1-k54T3U7s-1I653ina
0Tl916FD-05SC1J6z-r715M2ve
CF9r816b-2e41t0Gf-yJh83Y24
H01ce5F3-d7g8E52J-1C65aR2r
R35w9rx6-ec8731rO-DIl793T8
UC140Nv6-h62Gb8D5-0yx3Rs16
8i6U72ND-tP9o7M41-n9w5t2N1
nh6V04w7-2cKk48T1-TVML3621
u1Jk6q49-nE6ge340-r975Rdk6
Vc78Bg16-q2zn68K9-0Y7b2li1
57YIt6H0-qd7Fw364-O439ZUn8
fS982O4D-q1K6ge82-7j5HBD30
76E5TPd8-9k310EWV-1R2A68jg
AU4918Rk-nM59Yv82-ZuiE3674
4aE85Lb6-qf9072tM-EC1c837x
1X3B62tr-m3HEl487-6XQ2U50h
J17y5u3R-3ou7x0D2-w0v2aF31
pW7840JD-U1f6JZ58-WwX89n72
57IPH62O-bI36n0i1-Z3b078IP",False,False,False,False,True,False,False,True,False,False,1194206262,,,,,,,,,366.0,0.0,"{'_': 'MessageReplies', 'replies': 0, 'replies_pts': 147888, 'comments': True, 'recent_repliers': [], 'channel_id': 1352284575, 'max_id': None, 'read_max_id': None}",2024-02-18T19:00:59+00:00,,,"{'_': 'MessageReactions', 'results': [{'_': 'ReactionCount', 'reaction': {'_': 'ReactionEmoji', 'emoticon': '🤯'}, 'count': 1, 'chosen_order': None}], 'min': False, 'can_see_list': False, 'reactions_as_tags': False, 'recent_reactions': []}",[],
hubsurfs,https://t.me/hubsurfs,14264,2024-02-19 06:21:49,Primevideo Cookie Updated ✅                                                                     Check sleekhub.com.ng,False,False,False,False,True,False,False,True,False,False,1194206262,,,,,,,,,325.0,1.0,"{'_': 'MessageReplies', 'replies': 0, 'replies_pts': 147888, 'comments': True, 'recent_repliers': [], 'channel_id': 1352284575, 'max_id': None, 'read_max_id': None}",2024-02-19T06:21:52+00:00,,,,[],
hubsurfs,https://t.me/hubsurfs,14265,2024-02-19 06:22:13,Canva Cookie Updated ✅                                                                                                                                      Check sleekhub.com.ng,False,False,False,False,True,False,False,False,False,False,1194206262,,,,,,,,,314.0,1.0,"{'_': 'MessageReplies', 'replies': 0, 'replies_pts': 147888, 'comments': True, 'recent_repliers': [], 'channel_id': 1352284575, 'max_id': None, 'read_max_id': None}",2024-02-19T06:24:30+00:00,,,,[],
hubsurfs,https://t.me/hubsurfs,14266,2024-02-19 06:24:43,Grammarly Cookie Updated ✅                                                                     Check sleekhub.com.ng,False,False,False,False,True,False,False,True,False,False,1194206262,,,,,,,,,315.0,0.0,"{'_': 'MessageReplies', 'replies': 0, 'replies_pts': 147888, 'comments': True, 'recent_repliers': [], 'channel_id': 1352284575, 'max_id': None, 'read_max_id': None}",2024-02-19T06:24:46+00:00,,,,[],
hubsurfs,https://t.me/hubsurfs,14267,2024-02-19 06:45:06,Moz Cookie Updated ✅                                                                                                                                                Check sleekhub.com.ng,False,False,False,False,True,False,False,False,False,False,1194206262,,,,,,,,,307.0,1.0,"{'_': 'MessageReplies', 'replies': 0, 'replies_pts': 147888, 'comments': True, 'recent_repliers': [], 'channel_id': 1352284575, 'max_id': None, 'read_max_id': None}",2024-02-19T07:05:23+00:00,,,,[],
hubsurfs,https://t.me/hubsurfs,14268,2024-02-19 07:05:43,Skillshare Cookie Updated ✅                                                                                                                                                Check sleekhub.com.ng,False,False,False,False,True,False,False,True,False,False,1194206262,,,,,,,,,298.0,1.0,"{'_': 'MessageReplies', 'replies': 0, 'replies_pts': 147888, 'comments': True, 'recent_repliers': [], 'channel_id': 1352284575, 'max_id': None, 'read_max_id': None}",2024-02-19T07:05:46+00:00,,,,[],
hubsurfs,https://t.me/hubsurfs,14269,2024-02-19 07:40:14,Codecademy Cookie Updated ✅                                                                                                                                                Check sleekhub.com.ng,False,False,False,False,True,False,False,True,False,False,1194206262,,,,,,,,,286.0,1.0,"{'_': 'MessageReplies', 'replies': 0, 'replies_pts': 147888, 'comments': True, 'recent_repliers': [], 'channel_id': 1352284575, 'max_id': None, 'read_max_id': None}",2024-02-19T07:40:17+00:00,,,,[],
hubsurfs,https://t.me/hubsurfs,14270,2024-02-19 16:17:57,"🔰 Meditopia Premium Working Accounts 🔰

<EMAIL_ADDRESS>:fcvsfcvs | Premium = true

<EMAIL_ADDRESS>:louisld5 | Premium = true

<EMAIL_ADDRESS>:le851209 | Premium = true

<EMAIL_ADDRESS>:kermelie | Premium = true

<EMAIL_ADDRESS>:<PERSON> | Premium = true

<EMAIL_ADDRESS>:cabine321 | Premium = true

<EMAIL_ADDRESS>:zooplancton | Premium = true

🔸Share & Support US 👍",False,False,False,False,True,False,False,True,False,False,1194206262,,,,,,,,,281.0,0.0,"{'_': 'MessageReplies', 'replies': 0, 'replies_pts': 147888, 'comments': True, 'recent_repliers': [], 'channel_id': 1352284575, 'max_id': None, 'read_max_id': None}",2024-02-19T16:18:00+00:00,,,,[],
hubsurfs,https://t.me/hubsurfs,14273,2024-02-19 17:31:46,,False,False,False,False,True,False,False,True,False,False,1194206262,,,,,,,,,277.0,0.0,"{'_': 'MessageReplies', 'replies': 0, 'replies_pts': 147888, 'comments': True, 'recent_repliers': [], 'channel_id': 1352284575, 'max_id': None, 'read_max_id': None}",2024-02-19T17:31:50+00:00,,,,[],
hubsurfs,https://t.me/hubsurfs,14274,2024-02-19 17:34:55,Mubi <DATE_TIME> Giveaway                                                    User : <EMAIL_ADDRESS>                      Password :<EMAIL_ADDRESS>                                                     Send Screenshot @Abdulbasittech01,False,False,False,False,True,False,False,False,False,False,1194206262,,,,,,,5.953798384747921e+18,,285.0,0.0,"{'_': 'MessageReplies', 'replies': 0, 'replies_pts': 147888, 'comments': True, 'recent_repliers': [], 'channel_id': 1352284575, 'max_id': None, 'read_max_id': None}",2024-02-19T17:36:08+00:00,,,,[],
hubsurfs,https://t.me/hubsurfs,14275,2024-02-19 17:46:40,Anyone has a google play console for sell text @ABDULBASITTECH01,False,False,False,False,True,False,False,False,False,False,1194206262,,,,,,,,,281.0,0.0,"{'_': 'MessageReplies', 'replies': 0, 'replies_pts': 147888, 'comments': True, 'recent_repliers': [], 'channel_id': 1352284575, 'max_id': None, 'read_max_id': None}",2024-02-19T17:46:51+00:00,,,,[],
hubsurfs,https://t.me/hubsurfs,14276,2024-02-20 09:48:22,"Free Graphic Design Tools ✨
🔸🔸🔸🔸🔸🔸🔸🔸🔸
1. Canva
   - URL: https://www.canva.com
   - Description: Create stunning designs with easy-to-use tools and a vast library of templates on Canva.

2. Crello
   - URL: https://crello.com
   - Description: Crello offers a user-friendly design platform with customizable templates for various graphic needs.

3. Snappa
   - URL: https://snappa.com
   - Description: Design engaging visuals quickly using <PERSON>'s drag-and-drop editor and extensive graphic library.

4. PicMonkey
   - URL: https://picmonkey.com
   - Description: Edit photos and design graphics effortlessly with <PERSON>'s versatile tools and effects.

5. <PERSON>
   - URL: https://designcap.com
   - Description: Create professional-looking designs and posters easily with DesignCap's intuitive interface and templates.

6. <PERSON> https://mastpanel.online 
- Description 
Quality Services of social media.",False,False,False,False,True,False,False,True,False,False,1194206262,,,,,,,,,310.0,1.0,"{'_': 'MessageReplies', 'replies': 0, 'replies_pts': 147888, 'comments': True, 'recent_repliers': [], 'channel_id': 1352284575, 'max_id': None, 'read_max_id': None}",2024-02-20T09:48:25+00:00,,,,[],
hubsurfs,https://t.me/hubsurfs,14277,2024-02-20 09:52:16,Want Growthbarseo Giveaway?,False,False,False,False,True,False,False,True,False,False,1194206262,,,,,,,,,306.0,0.0,"{'_': 'MessageReplies', 'replies': 12, 'replies_pts': 147888, 'comments': True, 'recent_repliers': [{'_': 'PeerChannel', 'channel_id': 1352284575}, {'_': 'PeerUser', 'user_id': 671447123}, {'_': 'PeerUser', 'user_id': 1647734914}], 'channel_id': 1352284575, 'max_id': 66218, 'read_max_id': None}",2024-02-20T09:52:19+00:00,,,,[],
hubsurfs,https://t.me/hubsurfs,14281,2024-02-21 06:09:05,"Netflix Premium

https://bit.ly/3T3HMiY",False,False,False,False,True,False,False,True,False,False,1194206262,,,,,,,,,266.0,0.0,"{'_': 'MessageReplies', 'replies': 0, 'replies_pts': 147888, 'comments': True, 'recent_repliers': [], 'channel_id': 1352284575, 'max_id': None, 'read_max_id': None}",2024-02-21T06:09:08+00:00,,,,[],
hubsurfs,https://t.me/hubsurfs,14282,2024-02-21 06:24:31,Updating Cookies Now,False,False,False,False,True,False,False,True,False,False,1194206262,,,,,,,,,261.0,0.0,"{'_': 'MessageReplies', 'replies': 0, 'replies_pts': 147888, 'comments': True, 'recent_repliers': [], 'channel_id': 1352284575, 'max_id': None, 'read_max_id': None}",2024-02-21T06:24:34+00:00,,,,[],
hubsurfs,https://t.me/hubsurfs,14283,2024-02-21 06:40:32,Grammarly Cookie Updated ✅                                                                     Check sleekhub.com.ng,False,False,False,False,True,False,False,True,False,False,1194206262,,,,,,,,,261.0,0.0,"{'_': 'MessageReplies', 'replies': 3, 'replies_pts': 147888, 'comments': True, 'recent_repliers': [{'_': 'PeerUser', 'user_id': 1180752418}, {'_': 'PeerChannel', 'channel_id': 1352284575}], 'channel_id': 1352284575, 'max_id': 66290, 'read_max_id': None}",2024-02-21T06:40:35+00:00,,,,[],
hubsurfs,https://t.me/hubsurfs,14284,2024-02-21 06:46:43,Primevideo Cookie Updated ✅                                                                     Check sleekhub.com.ng,False,False,False,False,True,False,False,True,False,False,1194206262,,,,,,,,,262.0,0.0,"{'_': 'MessageReplies', 'replies': 0, 'replies_pts': 147888, 'comments': True, 'recent_repliers': [], 'channel_id': 1352284575, 'max_id': None, 'read_max_id': None}",2024-02-21T06:46:46+00:00,,,,[],
hubsurfs,https://t.me/hubsurfs,14285,2024-02-21 06:46:43,Canva Cookie Updated ✅                                                                                                                                      Check sleekhub.com.ng,False,False,False,False,True,False,False,True,False,False,1194206262,,,,,,,,,260.0,1.0,,2024-02-21T06:46:46+00:00,,,,[],
hubsurfs,https://t.me/hubsurfs,14286,2024-02-21 06:46:44,Moz Cookie Updated ✅                                                                                                                                                Check sleekhub.com.ng,False,False,False,False,True,False,False,True,False,False,1194206262,,,,,,,,,259.0,0.0,,2024-02-21T06:46:46+00:00,,,,[],
hubsurfs,https://t.me/hubsurfs,14287,2024-02-21 06:46:44,Skillshare Cookie Updated ✅                                                                                                                                                Check sleekhub.com.ng,False,False,False,False,True,False,False,True,False,False,1194206262,,,,,,,,,242.0,1.0,,2024-02-21T06:46:46+00:00,,,,[],
hubsurfs,https://t.me/hubsurfs,14288,2024-02-21 06:46:44,Codecademy Cookie Updated ✅                                                                                                                                                Check sleekhub.com.ng,False,False,False,False,True,False,False,True,False,False,1194206262,,,,,,,,,242.0,1.0,,2024-02-21T06:46:46+00:00,,,,[],
hubsurfs,https://t.me/hubsurfs,14289,2024-02-21 06:49:33,Chatgpt Cookie Updated ✅                                                                                                                                                Check sleekhub.com.ng,False,False,False,False,True,False,False,True,False,False,1194206262,,,,,,,,,237.0,1.0,"{'_': 'MessageReplies', 'replies': 0, 'replies_pts': 147888, 'comments': True, 'recent_repliers': [], 'channel_id': 1352284575, 'max_id': None, 'read_max_id': None}",2024-02-21T06:49:36+00:00,,,,[],
hubsurfs,https://t.me/hubsurfs,14290,2024-02-21 06:53:31,Netflix Cookie Updated ✅                                                                                                                                                Check sleekhub.com.ng,False,False,False,False,True,False,False,True,False,False,1194206262,,,,,,,,,240.0,0.0,"{'_': 'MessageReplies', 'replies': 0, 'replies_pts': 147888, 'comments': True, 'recent_repliers': [], 'channel_id': 1352284575, 'max_id': None, 'read_max_id': None}",2024-02-21T06:53:34+00:00,,,,[],
hubsurfs,https://t.me/hubsurfs,14291,2024-02-21 07:03:07,"Now let get back to wordtune premium  
 
Follow the instruction below 
 
Go to link below   
                                                                                  https://bit.ly/3T7f2Gb

Comment your mail for wordtune invite 

First 50 mail get the invite",False,False,False,False,True,False,False,True,False,False,1194206262,,,,,,,,,249.0,1.0,"{'_': 'MessageReplies', 'replies': 1, 'replies_pts': 147888, 'comments': True, 'recent_repliers': [{'_': 'PeerUser', 'user_id': 5257383861}], 'channel_id': 1352284575, 'max_id': 66299, 'read_max_id': None}",2024-02-21T07:03:10+00:00,,,,[],
hubsurfs,https://t.me/hubsurfs,14292,2024-02-21 07:47:33,If you get your wordtune invite send screenshot to @ABDULBASITTECH01,False,False,False,False,True,False,False,True,False,False,1194206262,,,,,,,,,250.0,0.0,"{'_': 'MessageReplies', 'replies': 0, 'replies_pts': 147888, 'comments': True, 'recent_repliers': [], 'channel_id': 1352284575, 'max_id': None, 'read_max_id': None}",2024-02-21T07:47:37+00:00,,,,[],
hubsurfs,https://t.me/hubsurfs,14293,2024-02-21 08:36:43,"Freepik cookies 🍪 

Download Now",False,False,False,False,True,False,False,True,False,False,1194206262,,,,,,,,,244.0,0.0,"{'_': 'MessageReplies', 'replies': 1, 'replies_pts': 147888, 'comments': True, 'recent_repliers': [{'_': 'PeerUser', 'user_id': 5064488456}], 'channel_id': 1352284575, 'max_id': 66286, 'read_max_id': None}",2024-02-21T13:50:36+00:00,,,"{'_': 'MessageReactions', 'results': [{'_': 'ReactionCount', 'reaction': {'_': 'ReactionEmoji', 'emoticon': '👍'}, 'count': 1, 'chosen_order': None}], 'min': False, 'can_see_list': False, 'reactions_as_tags': False, 'recent_reactions': []}",[],
hubsurfs,https://t.me/hubsurfs,14295,2024-02-21 14:18:25,"🔰BIN GEMINI AI & GOOGLE ONE 2TB BY <PERSON>

https://bit.ly/3OS52xJ


FREE FOR YOU BY @hubsurfs


SHARE AND ENOY😘❤️",False,False,False,False,True,False,False,False,False,False,1194206262,,,,,,,5.958802743202267e+18,,236.0,1.0,"{'_': 'MessageReplies', 'replies': 4, 'replies_pts': 147888, 'comments': True, 'recent_repliers': [{'_': 'PeerUser', 'user_id': 869300147}, {'_': 'PeerChannel', 'channel_id': 1352284575}], 'channel_id': 1352284575, 'max_id': 66285, 'read_max_id': None}",2024-02-21T14:19:38+00:00,,,,[],
hubsurfs,https://t.me/hubsurfs,14296,2024-02-21 14:24:00,"🐕 Get Upto <DATE_TIME> of Apple Music Subscription for Free! 
🔸🔸🔸🔸🔸🔸🔸🔸🔸
✅STATUS: 100% WORKING

shazam.com/applemusic

KEEP SUPPORTING US ! 😝",False,False,False,False,True,False,False,True,False,False,1194206262,,,,,,,,,220.0,0.0,"{'_': 'MessageReplies', 'replies': 0, 'replies_pts': 147888, 'comments': True, 'recent_repliers': [], 'channel_id': 1352284575, 'max_id': None, 'read_max_id': None}",2024-02-21T14:24:03+00:00,,,,[],
hubsurfs,https://t.me/hubsurfs,14297,2024-02-21 14:25:20,"👽  Latest Collection of Fantabulous Websites for Various Stuffs - 2024 
🔸🔸🔸🔸🔸🔸🔸🔸🔸

1️⃣ https://ftuapps.dev - Get Modified Apps!

2️⃣ https://quickdraw.withgoogle.com/ - Draw anything and the website will guess it!

3️⃣ https://www.dedigger.com/ - Find everything exists on Google Drive (Movie, Games, Software, Ebooks etc)

4️⃣ 
https://www.mastpanel.online/ - Social Media Cheap & Fast Services 
5️⃣ https://www.thetremendoustech.com/ - Amazing Hacks, Tutorials & Methods!

6️⃣ https://anonchatgpt.com/ - Browse ChatGPT in Incognito mode (No signup, No history!

7️⃣ https://ucoupons.com/ - Get up to date discount coupons for Udemy courses!

8️⃣ https://www.anydebrid.com/ - Fileaxa & other premium link bypasser!

9️⃣ https://www.typelit.io/ - Master Touch-Typing and improve typing speed with classic literature!

1️⃣0️⃣ https://www.zoomquilt.org - Bored?? Visit this amazing illusion site!

1️⃣1️⃣ <NRP> off before your friends with this amazing fake hacking website!
🔸🔸🔸🔸🔸🔸🔸🔸🔸
✅ Join our community For free content 

https://whatsapp.com/channel/0029Va7wtJeHrDZeILOVP720
🔸🔸🔸🔸🔸🔸🔸🔸🔸
❤️ DM me if you want to send this type of content in your channel",False,False,False,False,True,False,False,True,False,False,1194206262,,,,,,,,,245.0,7.0,"{'_': 'MessageReplies', 'replies': 0, 'replies_pts': 147888, 'comments': True, 'recent_repliers': [], 'channel_id': 1352284575, 'max_id': None, 'read_max_id': None}",2024-02-21T16:23:46+00:00,,,"{'_': 'MessageReactions', 'results': [{'_': 'ReactionCount', 'reaction': {'_': 'ReactionEmoji', 'emoticon': '👍'}, 'count': 1, 'chosen_order': None}], 'min': False, 'can_see_list': False, 'reactions_as_tags': False, 'recent_reactions': []}",[],
hubsurfs,https://t.me/hubsurfs,14298,2024-02-21 18:39:13,"Designs.ai Premium Account

Claim Account",False,False,False,False,True,False,False,True,False,False,1194206262,,,,,,,5.960698163809601e+18,,248.0,0.0,"{'_': 'MessageReplies', 'replies': 0, 'replies_pts': 147888, 'comments': True, 'recent_repliers': [], 'channel_id': 1352284575, 'max_id': None, 'read_max_id': None}",2024-02-21T18:39:16+00:00,,,,[],
hubsurfs,https://t.me/hubsurfs,14299,2024-02-21 18:49:26,"Pixlr Premium <DATE_TIME>

Claim Account",False,False,False,False,True,False,False,True,False,False,1194206262,,,,,,,5.960698163809601e+18,,259.0,0.0,"{'_': 'MessageReplies', 'replies': 1, 'replies_pts': 147888, 'comments': True, 'recent_repliers': [{'_': 'PeerUser', 'user_id': 926820864}], 'channel_id': 1352284575, 'max_id': 66291, 'read_max_id': None}",2024-02-21T18:52:07+00:00,,,"{'_': 'MessageReactions', 'results': [{'_': 'ReactionCount', 'reaction': {'_': 'ReactionEmoji', 'emoticon': '👨\u200d💻'}, 'count': 2, 'chosen_order': None}], 'min': False, 'can_see_list': False, 'reactions_as_tags': False, 'recent_reactions': []}",[],
hubsurfs,https://t.me/hubsurfs,14300,2024-02-21 18:58:02,Share screenshot if you got the account,False,False,False,False,True,False,False,True,False,False,1194206262,,,,,,,,,259.0,0.0,"{'_': 'MessageReplies', 'replies': 0, 'replies_pts': 147888, 'comments': True, 'recent_repliers': [], 'channel_id': 1352284575, 'max_id': None, 'read_max_id': None}",2024-02-21T18:58:05+00:00,,,,[],
hubsurfs,https://t.me/hubsurfs,14301,2024-02-22 05:09:19,Semrush Cookie Updated ✅                                                                                                                                                Check sleekhub.com.ng,False,False,False,False,True,False,False,True,False,False,1194206262,,,,,,,,,242.0,0.0,"{'_': 'MessageReplies', 'replies': 0, 'replies_pts': 147888, 'comments': True, 'recent_repliers': [], 'channel_id': 1352284575, 'max_id': None, 'read_max_id': None}",2024-02-22T05:09:22+00:00,,,,[],
hubsurfs,https://t.me/hubsurfs,14302,2024-02-22 11:06:47,"No screenshot no giveaway

Any giveaway starting from <DATE_TIME> if you don't share screenshot account will be recovered",False,False,False,False,True,False,False,False,False,False,1194206262,,,,,,,,,234.0,0.0,"{'_': 'MessageReplies', 'replies': 0, 'replies_pts': 147888, 'comments': True, 'recent_repliers': [], 'channel_id': 1352284575, 'max_id': None, 'read_max_id': None}",2024-02-22T11:09:38+00:00,,,,[],
hubsurfs,https://t.me/hubsurfs,14304,2024-02-22 15:33:47,,False,False,False,False,True,False,False,True,False,False,1194206262,,"{'_': 'MessageFwdHeader', 'date': '2024-02-22T15:33:15+00:00', 'imported': False, 'saved_out': False, 'from_id': None, 'from_name': 'ثاقب پرویز', 'channel_post': None, 'post_author': None, 'saved_from_peer': None, 'saved_from_msg_id': None, 'saved_from_id': None, 'saved_from_name': None, 'saved_date': None, 'psa_type': None}",,,,,,,210.0,1.0,"{'_': 'MessageReplies', 'replies': 0, 'replies_pts': 147888, 'comments': True, 'recent_repliers': [], 'channel_id': 1352284575, 'max_id': None, 'read_max_id': None}",2024-02-22T15:33:50+00:00,,,,[],
hubsurfs,https://t.me/hubsurfs,14305,2024-02-22 17:50:45,"Canva Fresh Invite 

Join here",False,False,False,False,True,False,False,True,False,False,1194206262,,,,,,,,,202.0,1.0,"{'_': 'MessageReplies', 'replies': 0, 'replies_pts': 147888, 'comments': True, 'recent_repliers': [], 'channel_id': 1352284575, 'max_id': None, 'read_max_id': None}",2024-02-22T17:50:48+00:00,,,,[],
hubsurfs,https://t.me/hubsurfs,14306,2024-02-22 17:55:15,"Falcon Rewired Programme 

Download here",False,False,False,False,True,False,False,True,False,False,1194206262,,,,,,,5.962949963623287e+18,,227.0,1.0,"{'_': 'MessageReplies', 'replies': 0, 'replies_pts': 147888, 'comments': True, 'recent_repliers': [], 'channel_id': 1352284575, 'max_id': None, 'read_max_id': None}",2024-02-22T17:55:18+00:00,,,,[],
hubsurfs,https://t.me/hubsurfs,14307,2024-02-22 18:10:01,"Astra Premium Starter Templates Plugin Free  v4.0.13

Download here - http://tinyurl.com/mr2fd6af",False,False,False,False,True,False,False,True,False,False,1194206262,,,,,,,,,230.0,0.0,"{'_': 'MessageReplies', 'replies': 0, 'replies_pts': 147888, 'comments': True, 'recent_repliers': [], 'channel_id': 1352284575, 'max_id': None, 'read_max_id': None}",2024-02-22T18:10:04+00:00,,,,[],
hubsurfs,https://t.me/hubsurfs,14308,2024-02-22 19:43:55,First 10 to send mail gets wordtune invite,False,False,False,False,True,False,False,True,False,False,1194206262,,,,,,,,,225.0,0.0,"{'_': 'MessageReplies', 'replies': 21, 'replies_pts': 147888, 'comments': True, 'recent_repliers': [{'_': 'PeerUser', 'user_id': 1704934622}, {'_': 'PeerUser', 'user_id': 6475955473}, {'_': 'PeerUser', 'user_id': 5901064525}], 'channel_id': 1352284575, 'max_id': 66347, 'read_max_id': None}",2024-02-22T19:43:58+00:00,,,,[],
hubsurfs,https://t.me/hubsurfs,14309,2024-02-22 20:06:08,Primevideo Cookie Updated ✅                                                                                                                                                Check sleekhub.com.ng,False,False,False,False,True,False,False,True,False,False,1194206262,,,,,,,,,233.0,2.0,"{'_': 'MessageReplies', 'replies': 0, 'replies_pts': 147888, 'comments': True, 'recent_repliers': [], 'channel_id': 1352284575, 'max_id': None, 'read_max_id': None}",2024-02-22T20:06:12+00:00,,,,[],
hubsurfs,https://t.me/hubsurfs,14310,2024-02-22 20:12:51,Grammarly  Cookie Updated ✅                                                                                                                                                Check sleekhub.com.ng,False,False,False,False,True,False,False,True,False,False,1194206262,,,,,,,,,238.0,1.0,"{'_': 'MessageReplies', 'replies': 0, 'replies_pts': 147888, 'comments': True, 'recent_repliers': [], 'channel_id': 1352284575, 'max_id': None, 'read_max_id': None}",2024-02-22T20:12:54+00:00,,,,[],
hubsurfs,https://t.me/hubsurfs,14311,2024-02-23 08:18:35,Canva Cookie Updated ✅                                                                                                                                      Check sleekhub.com.ng,False,False,False,False,True,False,False,True,False,False,1194206262,,,,,,,,,230.0,0.0,"{'_': 'MessageReplies', 'replies': 0, 'replies_pts': 147888, 'comments': True, 'recent_repliers': [], 'channel_id': 1352284575, 'max_id': None, 'read_max_id': None}",2024-02-23T08:18:39+00:00,,,,[],
hubsurfs,https://t.me/hubsurfs,14312,2024-02-23 08:18:36,Skillshare Cookie Updated ✅                                                                                                                                                Check sleekhub.com.ng,False,False,False,False,True,False,False,True,False,False,1194206262,,,,,,,,,236.0,1.0,,2024-02-23T08:18:39+00:00,,,,[],
hubsurfs,https://t.me/hubsurfs,14313,2024-02-23 08:18:36,Codecademy Cookie Updated ✅                                                                                                                                                Check sleekhub.com.ng,False,False,False,False,True,False,False,True,False,False,1194206262,,,,,,,,,243.0,1.0,,2024-02-23T08:18:39+00:00,,,,[],
hubsurfs,https://t.me/hubsurfs,14314,2024-02-23 08:18:36,Chatgpt Cookie Updated ✅                                                                                                                                                Check sleekhub.com.ng,False,False,False,False,True,False,False,True,False,False,1194206262,,,,,,,,,249.0,0.0,,2024-02-23T08:18:39+00:00,,,,[],
hubsurfs,https://t.me/hubsurfs,14315,2024-02-23 08:18:36,Primevideo Cookie Updated ✅                                                                                                                                                Check sleekhub.com.ng,False,False,False,False,True,False,False,True,False,False,1194206262,,,,,,,,,248.0,1.0,,2024-02-23T08:18:39+00:00,,,,[],
hubsurfs,https://t.me/hubsurfs,14316,2024-02-23 08:18:36,Grammarly  Cookie Updated ✅                                                                                                                                                Check sleekhub.com.ng,False,False,False,False,True,False,False,True,False,False,1194206262,,,,,,,,,250.0,0.0,,2024-02-23T08:18:39+00:00,,,,[],
hubsurfs,https://t.me/hubsurfs,14317,2024-02-23 08:25:41,"Wondershare Premium Logs

Get logs here",False,False,False,False,True,False,False,True,False,False,1194206262,,,,,,,,,252.0,0.0,"{'_': 'MessageReplies', 'replies': 0, 'replies_pts': 147888, 'comments': True, 'recent_repliers': [], 'channel_id': 1352284575, 'max_id': None, 'read_max_id': None}",2024-02-23T08:25:44+00:00,,,,[],
hubsurfs,https://t.me/hubsurfs,14319,2024-02-23 08:53:27,Semrush Cookie Updated ✅                                                                                                                                                Check sleekhub.com.ng,False,False,False,False,True,False,False,True,False,False,1194206262,,,,,,,,,249.0,1.0,"{'_': 'MessageReplies', 'replies': 5, 'replies_pts': 147888, 'comments': True, 'recent_repliers': [{'_': 'PeerUser', 'user_id': 5800207335}, {'_': 'PeerChannel', 'channel_id': 1352284575}, {'_': 'PeerUser', 'user_id': 5565804516}], 'channel_id': 1352284575, 'max_id': 66353, 'read_max_id': None}",2024-02-23T08:53:30+00:00,,,,[],
hubsurfs,https://t.me/hubsurfs,14320,2024-02-24 16:29:03,Semrush Cookie Updated ✅                                                                                                                                                Check sleekhub.com.ng,False,False,False,False,True,False,False,True,False,False,1194206262,,,,,,,,,191.0,0.0,"{'_': 'MessageReplies', 'replies': 0, 'replies_pts': 147888, 'comments': True, 'recent_repliers': [], 'channel_id': 1352284575, 'max_id': None, 'read_max_id': None}",2024-02-24T16:29:06+00:00,,,,[],
hubsurfs,https://t.me/hubsurfs,14321,2024-02-24 16:32:48,Canva Cookie Updated ✅                                                                                                                                                Check sleekhub.com.ng,False,False,False,False,True,False,False,True,False,False,1194206262,,,,,,,,,192.0,0.0,"{'_': 'MessageReplies', 'replies': 1, 'replies_pts': 147888, 'comments': True, 'recent_repliers': [{'_': 'PeerUser', 'user_id': 1629188673}], 'channel_id': 1352284575, 'max_id': 66359, 'read_max_id': None}",2024-02-24T16:32:51+00:00,,,,[],
hubsurfs,https://t.me/hubsurfs,14322,2024-02-24 16:32:57,Primevideo Cookie Updated ✅                                                                                                                                                Check sleekhub.com.ng,False,False,False,False,True,False,False,True,False,False,1194206262,,,,,,,,,193.0,0.0,"{'_': 'MessageReplies', 'replies': 3, 'replies_pts': 147888, 'comments': True, 'recent_repliers': [{'_': 'PeerUser', 'user_id': 1629188673}, {'_': 'PeerChannel', 'channel_id': 1352284575}], 'channel_id': 1352284575, 'max_id': 66361, 'read_max_id': None}",2024-02-24T16:33:00+00:00,,,,[],
hubsurfs,https://t.me/hubsurfs,14324,2024-02-24 17:45:36,How to access and use cookies                                                      https://youtu.be/lbFkVFLEn4w,False,False,False,False,True,False,False,False,False,False,1194206262,,,,,,,,,178.0,0.0,"{'_': 'MessageReplies', 'replies': 0, 'replies_pts': 147888, 'comments': True, 'recent_repliers': [], 'channel_id': 1352284575, 'max_id': None, 'read_max_id': None}",2024-02-24T17:45:51+00:00,,,,[],
hubsurfs,https://t.me/hubsurfs,14325,2024-02-24 17:51:00,Any dead cookie?,False,False,False,False,True,False,False,True,False,False,1194206262,,,,,,,,,174.0,0.0,"{'_': 'MessageReplies', 'replies': 3, 'replies_pts': 147888, 'comments': True, 'recent_repliers': [{'_': 'PeerChannel', 'channel_id': 1352284575}, {'_': 'PeerUser', 'user_id': 6475955473}, {'_': 'PeerUser', 'user_id': 5800207335}], 'channel_id': 1352284575, 'max_id': 66375, 'read_max_id': None}",2024-02-24T17:51:03+00:00,,,,[],
hubsurfs,https://t.me/hubsurfs,14326,2024-02-24 17:54:54,Drop reactions for giveaway,False,False,False,False,True,False,False,True,False,False,1194206262,,,,,,,,,179.0,0.0,"{'_': 'MessageReplies', 'replies': 0, 'replies_pts': 147888, 'comments': True, 'recent_repliers': [], 'channel_id': 1352284575, 'max_id': None, 'read_max_id': None}",2024-02-24T17:55:01+00:00,,,"{'_': 'MessageReactions', 'results': [{'_': 'ReactionCount', 'reaction': {'_': 'ReactionEmoji', 'emoticon': '👍'}, 'count': 2, 'chosen_order': None}, {'_': 'ReactionCount', 'reaction': {'_': 'ReactionEmoji', 'emoticon': '❤\u200d🔥'}, 'count': 2, 'chosen_order': None}], 'min': False, 'can_see_list': False, 'reactions_as_tags': False, 'recent_reactions': []}",[],
hubsurfs,https://t.me/hubsurfs,14327,2024-02-24 17:58:28,<PERSON>                                                       http://tinyurl.com/323tb873,False,False,False,False,True,False,False,False,False,False,1194206262,,,,,,,,,174.0,0.0,"{'_': 'MessageReplies', 'replies': 3, 'replies_pts': 147888, 'comments': True, 'recent_repliers': [{'_': 'PeerUser', 'user_id': 869300147}, {'_': 'PeerChannel', 'channel_id': 1352284575}, {'_': 'PeerUser', 'user_id': 1878308173}], 'channel_id': 1352284575, 'max_id': 66371, 'read_max_id': None}",2024-02-24T17:58:38+00:00,,,,[],
hubsurfs,https://t.me/hubsurfs,14328,2024-02-24 18:40:45,<PERSON>                                                      http://tinyurl.com/366vze9h,False,False,False,False,True,False,False,False,False,False,1194206262,,,,,,,,,177.0,0.0,"{'_': 'MessageReplies', 'replies': 0, 'replies_pts': 147888, 'comments': True, 'recent_repliers': [], 'channel_id': 1352284575, 'max_id': None, 'read_max_id': None}",2024-02-24T18:43:11+00:00,,,,[],
hubsurfs,https://t.me/hubsurfs,14329,2024-02-24 18:43:36,Wordtune Cookie Updated ✅                                                                                                                                                Check sleekhub.com.ng,False,False,False,False,True,False,False,True,False,False,1194206262,,,,,,,,,190.0,0.0,"{'_': 'MessageReplies', 'replies': 0, 'replies_pts': 147888, 'comments': True, 'recent_repliers': [], 'channel_id': 1352284575, 'max_id': None, 'read_max_id': None}",2024-02-25T12:55:06+00:00,,,"{'_': 'MessageReactions', 'results': [{'_': 'ReactionCount', 'reaction': {'_': 'ReactionEmoji', 'emoticon': '👍'}, 'count': 1, 'chosen_order': None}], 'min': False, 'can_see_list': False, 'reactions_as_tags': False, 'recent_reactions': []}",[],
hubsurfs,https://t.me/hubsurfs,14330,2024-02-25 16:26:15,"A humble request subscribe to our YouTube channel 

https://youtube.com/@FreemiumTips?si=UTjNH0ghmpUgHoGZ",False,False,False,False,True,False,False,True,True,False,1194206262,,,,,,,,,128.0,0.0,"{'_': 'MessageReplies', 'replies': 4, 'replies_pts': 147888, 'comments': True, 'recent_repliers': [{'_': 'PeerUser', 'user_id': 560872009}, {'_': 'PeerChannel', 'channel_id': 1352284575}], 'channel_id': 1352284575, 'max_id': 66381, 'read_max_id': None}",2024-02-25T16:52:10+00:00,,,"{'_': 'MessageReactions', 'results': [{'_': 'ReactionCount', 'reaction': {'_': 'ReactionEmoji', 'emoticon': '❤'}, 'count': 2, 'chosen_order': None}], 'min': False, 'can_see_list': False, 'reactions_as_tags': False, 'recent_reactions': []}",[],
hubsurfs,https://t.me/hubsurfs,14331,2024-02-25 17:58:59,"Official Website: Sleekhub.com.ng

Channel Link: t.me/hubsurfs

Backup Channel: https://t.me/sleekhubbackup

YouTube channel: https://youtube.com/@FreemiumTips?si=UTjNH0ghmpUgHoGZ

Whatsapp Channel: https://whatsapp.com/channel/0029Va7wtJeHrDZeILOVP720

100% off udemy coupon: https://t.me/udemyscoupon",False,False,False,False,True,False,False,False,False,False,1194206262,,,,,,,,,117.0,1.0,"{'_': 'MessageReplies', 'replies': 0, 'replies_pts': 147888, 'comments': True, 'recent_repliers': [], 'channel_id': 1352284575, 'max_id': None, 'read_max_id': None}",2024-02-25T18:27:04+00:00,,,"{'_': 'MessageReactions', 'results': [], 'min': False, 'can_see_list': False, 'reactions_as_tags': False, 'recent_reactions': []}",[],
hubsurfs,https://t.me/hubsurfs,14332,2024-02-25 17:59:14,,False,False,False,True,True,,False,,,,1194206262,,,,14330.0,False,False,,,,,,,,,,,
hubsurfs,https://t.me/hubsurfs,14333,2024-02-25 19:09:01,"Canva Fresh Invite 

Join here",False,False,False,False,True,False,False,True,False,False,1194206262,,,,,,,,,97.0,0.0,"{'_': 'MessageReplies', 'replies': 0, 'replies_pts': 147888, 'comments': True, 'recent_repliers': [], 'channel_id': 1352284575, 'max_id': None, 'read_max_id': None}",2024-02-25T19:28:32+00:00,,,"{'_': 'MessageReactions', 'results': [{'_': 'ReactionCount', 'reaction': {'_': 'ReactionEmoji', 'emoticon': '❤'}, 'count': 1, 'chosen_order': None}], 'min': False, 'can_see_list': False, 'reactions_as_tags': False, 'recent_reactions': []}",[],
hubsurfs,https://t.me/hubsurfs,14334,2024-02-25 19:09:02,Primevideo Cookie Updated ✅                                                                                                                                                Check sleekhub.com.ng,False,False,False,False,True,False,False,True,False,False,1194206262,,,,,,,,,96.0,0.0,,2024-02-25T19:09:04+00:00,,,,[],
hubsurfs,https://t.me/hubsurfs,14335,2024-02-25 19:09:02,Skillshare Cookie Updated ✅                                                                                                                                                Check sleekhub.com.ng,False,False,False,False,True,False,False,True,False,False,1194206262,,,,,,,,,99.0,0.0,,2024-02-25T19:09:04+00:00,,,,[],
hubsurfs,https://t.me/hubsurfs,14336,2024-02-25 19:09:02,Codecademy Cookie Updated ✅                                                                                                                                                Check sleekhub.com.ng,False,False,False,False,True,False,False,True,False,False,1194206262,,,,,,,,,99.0,0.0,,2024-02-25T19:09:04+00:00,,,,[],
hubsurfs,https://t.me/hubsurfs,14337,2024-02-25 19:09:02,Primevideo Cookie Updated ✅                                                                                                                                                Check sleekhub.com.ng,False,False,False,False,True,False,False,True,False,False,1194206262,,,,,,,,,100.0,0.0,,2024-02-25T19:09:04+00:00,,,,[],
hubsurfs,https://t.me/hubsurfs,14338,2024-02-25 19:09:02,Semrush Cookie Updated ✅                                                                                                                                                Check sleekhub.com.ng,False,False,False,False,True,False,False,True,False,False,1194206262,,,,,,,,,102.0,0.0,,2024-02-25T19:09:04+00:00,,,,[],
hubsurfs,https://t.me/hubsurfs,14339,2024-02-25 21:48:12,"Semrush Pro Giveaway

Claim Account

http://tinyurl.com/bffppw4e",False,False,False,False,True,False,False,True,False,False,1194206262,,,,,,,5.971909823748491e+18,,92.0,0.0,"{'_': 'MessageReplies', 'replies': 3, 'replies_pts': 147888, 'comments': True, 'recent_repliers': [{'_': 'PeerUser', 'user_id': 5257383861}, {'_': 'PeerChannel', 'channel_id': 1352284575}], 'channel_id': 1352284575, 'max_id': 66392, 'read_max_id': None}",2024-02-25T21:48:15+00:00,,,,[],
hubsurfs,https://t.me/hubsurfs,14340,2024-02-25 22:14:57,Another Semrush if you claim you must send screenshot or else you'll be kicked out,False,False,False,False,True,False,False,True,False,False,1194206262,,,,,,,,,83.0,0.0,"{'_': 'MessageReplies', 'replies': 0, 'replies_pts': 147888, 'comments': True, 'recent_repliers': [], 'channel_id': 1352284575, 'max_id': None, 'read_max_id': None}",2024-02-25T22:15:00+00:00,,,,[],
hubsurfs,https://t.me/hubsurfs,14341,2024-02-25 22:16:49,Semrush <PERSON>,False,False,False,False,True,False,False,False,False,False,1194206262,,,,,,,5.971909823748491e+18,,93.0,0.0,"{'_': 'MessageReplies', 'replies': 8, 'replies_pts': 147888, 'comments': True, 'recent_repliers': [{'_': 'PeerChannel', 'channel_id': 1352284575}, {'_': 'PeerUser', 'user_id': 6475955473}, {'_': 'PeerUser', 'user_id': 5716043585}], 'channel_id': 1352284575, 'max_id': 66404, 'read_max_id': None}",2024-02-25T23:20:27+00:00,,,"{'_': 'MessageReactions', 'results': [{'_': 'ReactionCount', 'reaction': {'_': 'ReactionEmoji', 'emoticon': '❤'}, 'count': 1, 'chosen_order': None}], 'min': False, 'can_see_list': False, 'reactions_as_tags': False, 'recent_reactions': []}",[],
hubsurfs,https://t.me/hubsurfs,14342,2024-02-25 22:23:15,,False,False,False,False,True,False,False,True,False,False,1194206262,,"{'_': 'MessageFwdHeader', 'date': '2024-02-25T22:23:00+00:00', 'imported': False, 'saved_out': False, 'from_id': None, 'from_name': 'Ajit', 'channel_post': None, 'post_author': None, 'saved_from_peer': None, 'saved_from_msg_id': None, 'saved_from_id': None, 'saved_from_name': None, 'saved_date': None, 'psa_type': None}",,,,,6.260045946842889e+18,,93.0,0.0,"{'_': 'MessageReplies', 'replies': 0, 'replies_pts': 0, 'comments': True, 'recent_repliers': [], 'channel_id': 777, 'max_id': None, 'read_max_id': None}",2024-02-25T22:23:26+00:00,,,,[],
hubsurfs,https://t.me/hubsurfs,14343,2024-02-26 06:42:56,"For whatsapp channel giveaway join now 

https://whatsapp.com/channel/0029Va7wtJeHrDZeILOVP720",False,False,False,False,True,False,False,False,False,False,1194206262,,,,,,,,,43.0,0.0,"{'_': 'MessageReplies', 'replies': 0, 'replies_pts': 147888, 'comments': True, 'recent_repliers': [], 'channel_id': 1352284575, 'max_id': None, 'read_max_id': None}",2024-02-26T06:47:27+00:00,,,,[],
hubsurfs,https://t.me/hubsurfs,14345,2024-02-26 13:49:45,"Grammarly Cookies Updated        
      
📲Subscribe our channel     
      
http://www.youtube.com/channel/UC9UKGKLPw2eEQUiUcomkHfw       
      
Check Blog: https://sleekhub.com.ng/      
      
🧩How to use  cookies: https://sleekhub.com.ng/how-to-use-sleekhub-cookies/          
      
👨‍👨‍👧‍👦 Join our group chat :  https://t.me/+Rua8_7RveWA1NWFk",False,False,False,False,True,False,False,False,False,False,1194206262,,,,,,,,,25.0,0.0,"{'_': 'MessageReplies', 'replies': 0, 'replies_pts': 147905, 'comments': True, 'recent_repliers': [], 'channel_id': 1352284575, 'max_id': None, 'read_max_id': None}",2024-02-26T14:10:48+00:00,,,,[],
hubsurfs,https://t.me/hubsurfs,14347,2024-02-26 16:12:27,"Canva Cookies Updated        
      
📲Subscribe our channel     
      
http://www.youtube.com/channel/UC9UKGKLPw2eEQUiUcomkHfw       
      
Check Blog: https://sleekhub.com.ng/      
      
🧩How to use  cookies: https://sleekhub.com.ng/how-to-use-sleekhub-cookies/          
      
👨‍👨‍👧‍👦 Join our group chat :  https://t.me/+Rua8_7RveWA1NWFk",False,False,False,False,True,False,False,True,False,False,1194206262,,,,,,,,,24.0,0.0,"{'_': 'MessageReplies', 'replies': 0, 'replies_pts': 147920, 'comments': True, 'recent_repliers': [], 'channel_id': 1352284575, 'max_id': None, 'read_max_id': None}",2024-02-26T16:12:30+00:00,,,,[],
hubsurfs,https://t.me/hubsurfs,14348,2024-02-26 16:12:54,"Primevideo Cookies Updated        
      
📲Subscribe our channel     
      
http://www.youtube.com/channel/UC9UKGKLPw2eEQUiUcomkHfw       
      
Check Blog: https://sleekhub.com.ng/      
      
🧩How to use  cookies: https://sleekhub.com.ng/how-to-use-sleekhub-cookies/          
      
👨‍👨‍👧‍👦 Join our group chat :  https://t.me/+Rua8_7RveWA1NWFk",False,False,False,False,True,False,False,True,False,False,1194206262,,,,,,,,,27.0,0.0,"{'_': 'MessageReplies', 'replies': 0, 'replies_pts': 147920, 'comments': True, 'recent_repliers': [], 'channel_id': 1352284575, 'max_id': None, 'read_max_id': None}",2024-02-26T16:12:58+00:00,,,,[],
hubsurfs,https://t.me/hubsurfs,14349,2024-02-26 16:13:15,"Codecademy Cookies Updated        
      
📲Subscribe our channel     
      
http://www.youtube.com/channel/UC9UKGKLPw2eEQUiUcomkHfw       
      
Check Blog: https://sleekhub.com.ng/      
      
🧩How to use  cookies: https://sleekhub.com.ng/how-to-use-sleekhub-cookies/          
      
👨‍👨‍👧‍👦 Join our group chat :  https://t.me/+Rua8_7RveWA1NWFk",False,False,False,False,True,False,False,True,False,False,1194206262,,,,,,,,,26.0,0.0,"{'_': 'MessageReplies', 'replies': 0, 'replies_pts': 147920, 'comments': True, 'recent_repliers': [], 'channel_id': 1352284575, 'max_id': None, 'read_max_id': None}",2024-02-26T16:13:18+00:00,,,,[],
hubsurfs,https://t.me/hubsurfs,14350,2024-02-26 16:14:55,"Web Development Wizardry: HTML & CSS Course for Beginners.                                                                                               Publisher : 
 
Price : $44 
 
Course Language : English 
 
Description 
 
More than 26,000 student enrolled on this Web Development Wizardry: HTML and CSS Course for Beginners 2023.                                                                                         http://tinyurl.com/4shk9p6n",False,False,False,False,True,False,False,True,False,False,1194206262,,"{'_': 'MessageFwdHeader', 'date': '2024-02-26T10:49:08+00:00', 'imported': False, 'saved_out': False, 'from_id': {'_': 'PeerChannel', 'channel_id': 2088919560}, 'from_name': None, 'channel_post': 70, 'post_author': None, 'saved_from_peer': None, 'saved_from_msg_id': None, 'saved_from_id': None, 'saved_from_name': None, 'saved_date': None, 'psa_type': None}",,,,,,,25.0,0.0,"{'_': 'MessageReplies', 'replies': 0, 'replies_pts': 147920, 'comments': True, 'recent_repliers': [], 'channel_id': 1352284575, 'max_id': None, 'read_max_id': None}",2024-02-26T16:14:58+00:00,,,,[],
hubsurfs,https://t.me/hubsurfs,14351,2024-02-26 16:14:55,"Exploring Frequency Distribution Tables Part-2                                             Publisher : 
 
Price : $89 
 
Course Language : English 
 
Description 
 
How to form Frequency Distribution Table                                         http://tinyurl.com/tr3sttmy",False,False,False,False,True,False,False,True,False,False,1194206262,,"{'_': 'MessageFwdHeader', 'date': '2024-02-26T10:50:25+00:00', 'imported': False, 'saved_out': False, 'from_id': {'_': 'PeerChannel', 'channel_id': 2088919560}, 'from_name': None, 'channel_post': 71, 'post_author': None, 'saved_from_peer': None, 'saved_from_msg_id': None, 'saved_from_id': None, 'saved_from_name': None, 'saved_date': None, 'psa_type': None}",,,,,,,23.0,0.0,,2024-02-26T16:14:58+00:00,,,,[],
hubsurfs,https://t.me/hubsurfs,14352,2024-02-26 16:14:55,"Learn basic <NRP> in <DATE_TIME>                                                                  Publisher : <PERSON> 
 
Price : $89 
 
Course Language : English 
 
Description 
 
Speak <NRP> now easily and fast                                                       http://tinyurl.com/yzb6wn3m",False,False,False,False,True,False,False,True,False,False,1194206262,,"{'_': 'MessageFwdHeader', 'date': '2024-02-26T10:51:37+00:00', 'imported': False, 'saved_out': False, 'from_id': {'_': 'PeerChannel', 'channel_id': 2088919560}, 'from_name': None, 'channel_post': 72, 'post_author': None, 'saved_from_peer': None, 'saved_from_msg_id': None, 'saved_from_id': None, 'saved_from_name': None, 'saved_date': None, 'psa_type': None}",,,,,,,23.0,1.0,,2024-02-26T16:14:58+00:00,,,,[],
hubsurfs,https://t.me/hubsurfs,14354,2024-02-27 20:32:18,<PERSON> Updated                                                                              http://tinyurl.com/4wrvcmkc,False,False,False,False,True,False,False,False,False,False,1194206262,,,,,,,,,19.0,0.0,"{'_': 'MessageReplies', 'replies': 0, 'replies_pts': 147936, 'comments': True, 'recent_repliers': [], 'channel_id': 1352284575, 'max_id': None, 'read_max_id': None}",2024-02-27T20:32:25+00:00,,,,[],
hubsurfs,https://t.me/hubsurfs,14355,2024-02-27 20:42:07,Primevideo Cookies Updated                                                               http://tinyurl.com/mr9f4ut5,False,False,False,False,True,False,False,True,False,False,1194206262,,,,,,,,,14.0,0.0,"{'_': 'MessageReplies', 'replies': 0, 'replies_pts': 147936, 'comments': True, 'recent_repliers': [], 'channel_id': 1352284575, 'max_id': None, 'read_max_id': None}",2024-02-27T20:42:10+00:00,,,,[],
hubsurfs,https://t.me/hubsurfs,14356,2024-02-27 20:43:39,Grammarly Cookie Updated                                                              http://tinyurl.com/3fphyz6a,False,False,False,False,True,False,False,False,False,False,1194206262,,,,,,,,,13.0,0.0,"{'_': 'MessageReplies', 'replies': 0, 'replies_pts': 147936, 'comments': True, 'recent_repliers': [], 'channel_id': 1352284575, 'max_id': None, 'read_max_id': None}",2024-02-27T20:43:45+00:00,,,,[],
hubsurfs,https://t.me/hubsurfs,14358,2024-02-28 16:23:38,Any dead cookie? Comment here,False,False,False,False,True,False,False,False,False,False,1194206262,,,,,,,,,12.0,0.0,"{'_': 'MessageReplies', 'replies': 0, 'replies_pts': 147961, 'comments': True, 'recent_repliers': [], 'channel_id': 1352284575, 'max_id': None, 'read_max_id': None}",2024-02-28T16:23:54+00:00,,,,[],
hubsurfs,https://t.me/hubsurfs,14359,2024-02-28 16:26:47,"🟠 CrunchyRoll Premium Accounts

<EMAIL_ADDRESS>:Arod1616 | Country = United StatesD | Plan = cr_fan_pack.1_month | Subscription = Premium  | Cracked By = @noobpirate
<EMAIL_ADDRESS>:<PERSON>! | Plan = cr.ios.fanpack.monthly | Subscription = Premium  | Cracked By = @noobpirate
<EMAIL_ADDRESS>:Mohd0243 | Plan = cr.ios.fanpack.annually | Subscription = Premium  | Cracked By = @noobpirate
<EMAIL_ADDRESS>:houseofcards13 | Country = CanadaD | Plan = cr_premium.1_month | Subscription = Premium  | Cracked By = @noobpirate
<EMAIL_ADDRESS>:Camus0813@ | Country = United StatesD | Plan = cr_fan_pack.1_month | Subscription = Premium  | Cracked By = @noobpirate
<EMAIL_ADDRESS>:2wsxCDE# | Country = <NRP> ArabiaR | Plan = cr_fan_pack.1_year | Subscription = Premium  | Cracked By = @noobpirate
<EMAIL_ADDRESS>:102993 | Country = United StatesD | Plan = cr_fan_pack.1_month | Subscription = Premium  | Cracked By = @noobpirate
<EMAIL_ADDRESS>:dr@Gon21 | Plan = crunchyroll.google.premium.monthly | Subscription = Premium  | Cracked By = @noobpirate
<EMAIL_ADDRESS>:1023726j | Plan = cr.ios.fanpack.monthly | Subscription = Premium  | Cracked By = @noobpirate
<EMAIL_ADDRESS>:Familys3 | Plan = cr.ios.anime.monthly.7dayft | Subscription = Premium  | Cracked By = @noobpirate
<EMAIL_ADDRESS>:Arr199771 | Country = United StatesD | Plan = cr_fan_pack.1_month | Subscription = Premium  | Cracked By = @noobpirate
<EMAIL_ADDRESS>:Mother26 | Country = United StatesD | Plan = cr_premium.1_month | Subscription = Premium  | Cracked By = @noobpirate
<EMAIL_ADDRESS>:monkey | Plan = crunchyroll.google.premium.monthly | Subscription = Premium  | Cracked By = @noobpirate",False,False,False,False,True,False,False,True,False,False,1194206262,,,,,,,,,10.0,0.0,"{'_': 'MessageReplies', 'replies': 0, 'replies_pts': 147961, 'comments': True, 'recent_repliers': [], 'channel_id': 1352284575, 'max_id': None, 'read_max_id': None}",2024-02-28T16:26:50+00:00,,,,[],
