Channel ID,URL,Post ID,date,message,out,mentioned,media_unread,silent,post,from_scheduled,legacy,edit_hide,pinned,noforwards,peer_channel,from_id_user,fwd_from,via_bot_id,reply_to_msg_id,reply_to_scheduled,forum_topic,media_photo_id,reply_markup,views,forwards,replies,edit_date,post_author,grouped_id,reactions,restriction_reason,ttl_period
medploy123,https://t.me/medploy123,1712,2024-02-11 01:25:54,Anyone want buy Dm me this my telegram user <NRP>,False,False,False,False,True,False,False,True,False,False,1736125550,,,,,,,,,216.0,0.0,"{'_': 'MessageReplies', 'replies': 0, 'replies_pts': 5898, 'comments': True, 'recent_repliers': [], 'channel_id': 1806369048, 'max_id': None, 'read_max_id': None}",2024-02-11T01:25:57+00:00,Med Ploy Killer,,,[],
medploy123,https://t.me/medploy123,1713,2024-02-11 01:26:01,Video son,False,False,False,False,True,False,False,True,False,False,1736125550,,,,,,,,,219.0,0.0,"{'_': 'MessageReplies', 'replies': 0, 'replies_pts': 5898, 'comments': True, 'recent_repliers': [], 'channel_id': 1806369048, 'max_id': None, 'read_max_id': None}",2024-02-11T01:26:04+00:00,Med Ploy Killer,,,[],
medploy123,https://t.me/medploy123,1714,2024-02-11 02:39:17,,False,False,False,False,True,False,False,True,False,False,1736125550,,,,,,,,,225.0,3.0,"{'_': 'MessageReplies', 'replies': 6, 'replies_pts': 5898, 'comments': True, 'recent_repliers': [{'_': 'PeerUser', 'user_id': 6830767234}, {'_': 'PeerChannel', 'channel_id': 1806369048}], 'channel_id': 1806369048, 'max_id': 3416, 'read_max_id': None}",2024-02-11T02:39:43+00:00,Med Ploy Killer,,"{'_': 'MessageReactions', 'results': [{'_': 'ReactionCount', 'reaction': {'_': 'ReactionEmoji', 'emoticon': '❤'}, 'count': 2, 'chosen_order': None}], 'min': False, 'can_see_list': False, 'reactions_as_tags': False, 'recent_reactions': []}",[],
medploy123,https://t.me/medploy123,1715,2024-02-12 00:52:13,,False,False,False,False,True,False,False,True,False,False,1736125550,,,,,,,,,198.0,9.0,"{'_': 'MessageReplies', 'replies': 0, 'replies_pts': 5898, 'comments': True, 'recent_repliers': [], 'channel_id': 1806369048, 'max_id': None, 'read_max_id': None}",2024-02-12T00:52:16+00:00,Med Ploy Killer,,,[],
medploy123,https://t.me/medploy123,1716,2024-02-12 00:52:30,"[ Office <PERSON> ]
[ ⚡️ ]

==========================",False,False,False,False,True,False,False,True,False,False,1736125550,,,,,,,5.931422103351968e+18,,201.0,5.0,"{'_': 'MessageReplies', 'replies': 0, 'replies_pts': 5898, 'comments': True, 'recent_repliers': [], 'channel_id': 1806369048, 'max_id': None, 'read_max_id': None}",2024-02-12T00:52:33+00:00,Med Ploy Killer,,,[],
medploy123,https://t.me/medploy123,1723,2024-02-16 19:29:23,150$,False,False,False,False,True,False,False,True,False,False,1736125550,,,,,,,,,155.0,0.0,"{'_': 'MessageReplies', 'replies': 0, 'replies_pts': 5898, 'comments': True, 'recent_repliers': [], 'channel_id': 1806369048, 'max_id': None, 'read_max_id': None}",2024-02-16T19:29:28+00:00,Med Ploy Killer,,,[],
medploy123,https://t.me/medploy123,1724,2024-02-16 19:29:26,Dm me for buy,False,False,False,False,True,False,False,True,False,False,1736125550,,,,,,,,,153.0,0.0,"{'_': 'MessageReplies', 'replies': 0, 'replies_pts': 5898, 'comments': True, 'recent_repliers': [], 'channel_id': 1806369048, 'max_id': None, 'read_max_id': None}",2024-02-16T19:29:28+00:00,Med Ploy Killer,,,[],
medploy123,https://t.me/medploy123,1727,2024-02-17 00:32:27,https://www.tous-inclus.online/admin.php,False,False,False,False,True,False,False,True,False,False,1736125550,,,,,,,,,145.0,0.0,"{'_': 'MessageReplies', 'replies': 0, 'replies_pts': 5898, 'comments': True, 'recent_repliers': [], 'channel_id': 1806369048, 'max_id': None, 'read_max_id': None}",2024-02-17T00:32:30+00:00,Med Ploy Killer,,,[],
medploy123,https://t.me/medploy123,1753,2024-02-19 22:55:20,Checker,False,False,False,False,True,False,False,True,False,False,1736125550,,,,,,,,,187.0,0.0,"{'_': 'MessageReplies', 'replies': 1, 'replies_pts': 6021, 'comments': True, 'recent_repliers': [{'_': 'PeerUser', 'user_id': 6830767234}], 'channel_id': 1806369048, 'max_id': 3480, 'read_max_id': None}",2024-02-19T22:55:20+00:00,Med Ploy Killer,,,[],
medploy123,https://t.me/medploy123,1754,2024-02-20 22:36:58,"http://assalaam.ac.id/
http://iambilingual.edu.vn shells acses give me ur price",False,False,False,False,True,False,False,True,False,False,1736125550,,,,,,,,,178.0,0.0,"{'_': 'MessageReplies', 'replies': 0, 'replies_pts': 6021, 'comments': True, 'recent_repliers': [], 'channel_id': 1806369048, 'max_id': None, 'read_max_id': None}",2024-02-20T22:55:30+00:00,Med Ploy Killer,,"{'_': 'MessageReactions', 'results': [{'_': 'ReactionCount', 'reaction': {'_': 'ReactionEmoji', 'emoticon': '❤'}, 'count': 2, 'chosen_order': None}], 'min': False, 'can_see_list': False, 'reactions_as_tags': False, 'recent_reactions': []}",[],
medploy123,https://t.me/medploy123,1755,2024-02-20 23:31:02,"I SELL COURSE GET <DATE_TIME> ACCESS 
CPANELS-WHMS-WEBSHELLS-WP-LOGOS..
COURSE INCLUDES TUTORIAL + ALL TOOLS 
🛒IF YOU WANT TO BUY, SEND A MESSAGE",False,False,False,False,True,False,False,True,False,False,1736125550,,,,,,,,,177.0,0.0,"{'_': 'MessageReplies', 'replies': 0, 'replies_pts': 6021, 'comments': True, 'recent_repliers': [], 'channel_id': 1806369048, 'max_id': None, 'read_max_id': None}",2024-02-20T23:31:05+00:00,Med Ploy Killer,,,[],
medploy123,https://t.me/medploy123,1756,2024-02-20 23:31:20,https://t.me/medployboy,False,False,False,False,True,False,False,True,False,False,1736125550,,,,,,,,,168.0,0.0,"{'_': 'MessageReplies', 'replies': 0, 'replies_pts': 6021, 'comments': True, 'recent_repliers': [], 'channel_id': 1806369048, 'max_id': None, 'read_max_id': None}",2024-02-20T23:31:23+00:00,Med Ploy Killer,,,[],
medploy123,https://t.me/medploy123,1757,2024-02-21 01:09:30,"http://witchygypsy.com/xmrlpc.php
http://bestbudcpa.com/xmrlpc.php
http://ebsso.fr/xmrlpc.php
http://aircond.hk/xmrlpc.php",False,False,False,False,True,False,False,True,False,False,1736125550,,,,,,,,,175.0,2.0,"{'_': 'MessageReplies', 'replies': 0, 'replies_pts': 6021, 'comments': True, 'recent_repliers': [], 'channel_id': 1806369048, 'max_id': None, 'read_max_id': None}",2024-02-21T01:09:33+00:00,Med Ploy Killer,,,[],
medploy123,https://t.me/medploy123,1758,2024-02-21 01:09:41,do ur best to skip password,False,False,False,False,True,False,False,True,False,False,1736125550,,,,1757.0,False,False,,,175.0,0.0,"{'_': 'MessageReplies', 'replies': 1, 'replies_pts': 6021, 'comments': True, 'recent_repliers': [{'_': 'PeerChannel', 'channel_id': 1806369048}], 'channel_id': 1806369048, 'max_id': 3488, 'read_max_id': None}",2024-02-21T01:09:44+00:00,Med Ploy Killer,,,[],
medploy123,https://t.me/medploy123,1759,2024-02-21 01:18:06,password : anon,False,False,False,False,True,False,False,True,False,False,1736125550,,,,1757.0,False,False,,,177.0,1.0,"{'_': 'MessageReplies', 'replies': 0, 'replies_pts': 6021, 'comments': True, 'recent_repliers': [], 'channel_id': 1806369048, 'max_id': None, 'read_max_id': None}",2024-02-21T01:18:09+00:00,Med Ploy Killer,,,[],
medploy123,https://t.me/medploy123,1760,2024-02-21 01:44:39,https://meetapandit.com/xmlrpc.php#,False,False,False,False,True,False,False,True,False,False,1736125550,,,,,,,,,163.0,0.0,"{'_': 'MessageReplies', 'replies': 0, 'replies_pts': 6021, 'comments': True, 'recent_repliers': [], 'channel_id': 1806369048, 'max_id': None, 'read_max_id': None}",2024-02-21T01:44:42+00:00,Med Ploy Killer,,,[],
medploy123,https://t.me/medploy123,1761,2024-02-21 01:44:58,http://pantagisnj.com/wso.php,False,False,False,False,True,False,False,True,False,False,1736125550,,,,,,,,,173.0,0.0,"{'_': 'MessageReplies', 'replies': 0, 'replies_pts': 6021, 'comments': True, 'recent_repliers': [], 'channel_id': 1806369048, 'max_id': None, 'read_max_id': None}",2024-02-21T01:45:01+00:00,AGTBIGMAX 32,,,[],
medploy123,https://t.me/medploy123,1762,2024-02-21 01:45:16,http://houseofmakeye.com/m.php,False,False,False,False,True,False,False,True,False,False,1736125550,,,,,,,,,173.0,0.0,"{'_': 'MessageReplies', 'replies': 0, 'replies_pts': 6021, 'comments': True, 'recent_repliers': [], 'channel_id': 1806369048, 'max_id': None, 'read_max_id': None}",2024-02-21T01:45:19+00:00,AGTBIGMAX 32,,,[],
medploy123,https://t.me/medploy123,1763,2024-02-21 03:51:44,,False,False,False,False,True,False,False,True,False,False,1736125550,,,,,,,,,302.0,1.0,"{'_': 'MessageReplies', 'replies': 0, 'replies_pts': 6021, 'comments': True, 'recent_repliers': [], 'channel_id': 1806369048, 'max_id': None, 'read_max_id': None}",2024-02-21T03:51:47+00:00,Med Ploy Killer,1.366790003348602e+16,,[],
medploy123,https://t.me/medploy123,1764,2024-02-21 03:51:44,,False,False,False,False,True,False,False,True,False,False,1736125550,,,,,,,,,314.0,4.0,,2024-02-21T03:51:47+00:00,Med Ploy Killer,1.366790003348602e+16,,[],
medploy123,https://t.me/medploy123,1765,2024-02-21 03:51:44,,False,False,False,False,True,False,False,True,False,False,1736125550,,,,,,,,,313.0,1.0,,2024-02-21T03:51:47+00:00,Med Ploy Killer,1.366790003348602e+16,,[],
medploy123,https://t.me/medploy123,1767,2024-02-22 16:16:29,,False,False,False,False,True,False,False,True,False,False,1736125550,,,,,,,,,173.0,0.0,"{'_': 'MessageReplies', 'replies': 0, 'replies_pts': 6021, 'comments': True, 'recent_repliers': [], 'channel_id': 1806369048, 'max_id': None, 'read_max_id': None}",2024-02-22T16:16:33+00:00,Med Ploy Killer,,,[],
medploy123,https://t.me/medploy123,1768,2024-02-22 16:16:34,NEW backdoors Took <DATE_TIME> to get it  [ i am back XD ],False,False,False,False,True,False,False,True,False,False,1736125550,,,,1767.0,False,False,,,176.0,0.0,"{'_': 'MessageReplies', 'replies': 0, 'replies_pts': 6021, 'comments': True, 'recent_repliers': [], 'channel_id': 1806369048, 'max_id': None, 'read_max_id': None}",2024-02-22T16:16:37+00:00,Med Ploy Killer,,,[],
medploy123,https://t.me/medploy123,1804,2024-02-26 02:07:24,<PERSON>,False,False,False,False,True,False,False,True,False,False,1736125550,,,,,,,,,174.0,0.0,"{'_': 'MessageReplies', 'replies': 0, 'replies_pts': 6194, 'comments': True, 'recent_repliers': [], 'channel_id': 1806369048, 'max_id': None, 'read_max_id': None}",2024-02-26T02:07:27+00:00,Med Ploy Killer,,,[],
medploy123,https://t.me/medploy123,1805,2024-02-26 02:07:29,Limit 500 k,False,False,False,False,True,False,False,True,False,False,1736125550,,,,,,,,,177.0,0.0,"{'_': 'MessageReplies', 'replies': 0, 'replies_pts': 6194, 'comments': True, 'recent_repliers': [], 'channel_id': 1806369048, 'max_id': None, 'read_max_id': None}",2024-02-26T02:07:32+00:00,Med Ploy Killer,,,[],
medploy123,https://t.me/medploy123,1806,2024-02-26 02:12:46,AKIA266ASTW4DFQRPRT6|DkCUQi6xRFfqx2jGgLWRqoECjpTJb3W0cpgY0a1M|ap-south-1,False,False,False,False,True,False,False,True,False,False,1736125550,,,,,,,,,186.0,0.0,"{'_': 'MessageReplies', 'replies': 0, 'replies_pts': 6194, 'comments': True, 'recent_repliers': [], 'channel_id': 1806369048, 'max_id': None, 'read_max_id': None}",2024-02-26T02:12:49+00:00,Med Ploy Killer,,,[],
medploy123,https://t.me/medploy123,1807,2024-02-26 02:12:48,aws,False,False,False,False,True,False,False,True,False,False,1736125550,,,,,,,,,187.0,0.0,"{'_': 'MessageReplies', 'replies': 0, 'replies_pts': 6194, 'comments': True, 'recent_repliers': [], 'channel_id': 1806369048, 'max_id': None, 'read_max_id': None}",2024-02-26T02:12:49+00:00,Med Ploy Killer,,,[],
medploy123,https://t.me/medploy123,1808,2024-02-26 02:12:54,scert,False,False,False,False,True,False,False,True,False,False,1736125550,,,,,,,,,185.0,0.0,"{'_': 'MessageReplies', 'replies': 0, 'replies_pts': 6194, 'comments': True, 'recent_repliers': [], 'channel_id': 1806369048, 'max_id': None, 'read_max_id': None}",2024-02-26T02:12:57+00:00,Med Ploy Killer,,,[],
medploy123,https://t.me/medploy123,1809,2024-02-26 02:12:56,key,False,False,False,False,True,False,False,True,False,False,1736125550,,,,,,,,,188.0,0.0,"{'_': 'MessageReplies', 'replies': 3, 'replies_pts': 6194, 'comments': True, 'recent_repliers': [{'_': 'PeerChannel', 'channel_id': 1806369048}, {'_': 'PeerUser', 'user_id': 6830767234}], 'channel_id': 1806369048, 'max_id': 3581, 'read_max_id': None}",2024-02-26T02:12:57+00:00,Med Ploy Killer,,,[],
medploy123,https://t.me/medploy123,1810,2024-02-26 02:44:31,I need <PERSON> ram vs smtp,False,False,False,False,True,False,False,True,False,False,1736125550,,,,,,,,,189.0,0.0,"{'_': 'MessageReplies', 'replies': 0, 'replies_pts': 6194, 'comments': True, 'recent_repliers': [], 'channel_id': 1806369048, 'max_id': None, 'read_max_id': None}",2024-02-26T02:44:34+00:00,Med Ploy Killer,,,[],
medploy123,https://t.me/medploy123,1811,2024-02-26 16:29:44,,False,False,False,False,True,False,False,True,False,False,1736125550,,,,,,,,,194.0,10.0,"{'_': 'MessageReplies', 'replies': 0, 'replies_pts': 6194, 'comments': True, 'recent_repliers': [], 'channel_id': 1806369048, 'max_id': None, 'read_max_id': None}",2024-02-27T00:21:16+00:00,Med Ploy Killer,,"{'_': 'MessageReactions', 'results': [{'_': 'ReactionCount', 'reaction': {'_': 'ReactionEmoji', 'emoticon': '❤'}, 'count': 1, 'chosen_order': None}], 'min': False, 'can_see_list': False, 'reactions_as_tags': False, 'recent_reactions': []}",[],
medploy123,https://t.me/medploy123,1812,2024-02-27 00:22:18,"Spamming course 2023 Topic 1
What is spamming.
What is scampage.
What is Cpanel.
What is domain?
How to host scam page on Cpanel
How to edit scam page..
How to use letters..
How to encrypt scam page
How to encrypt letters
How to dump leads.
How to extract leads.
How to use senders.

Spamming course <DATE_TIME> Topic 2
How to hack cpanels
How to hack shells
How to make millions of links part 1
How to make millions of links part 2
How to make millions of links part 3
How to make millions of links part 4
How to make millions of links part 5
How to crack smtps..
How to check sendgrid valid smtps
How to make private dorks
How to make millions of sql links
How to hack php mailers
How to hack wordpress drupal joomla site..

Spamming course 2023 topic 3
How to code letters.
How to code scam page
How to add PHP on it.
How to make your scampage fud for long time.
How to code fake trading website
How to code fake credit card grabber
How to make bitcoin stealer
How to spread the stealers..

Spamming course 2023 topic 4
What is carding?
How to cashout PayPal
How card gift cards..
How to card amazon
How to card Walmart
How to know the website is credible are not
How to use drop..
How to hide your identity in carding and spamming. Spamming Course <DATE_TIME> download.

Spamming course 2023 Bonus pack
And i will update many more things
contact <NRP>",False,False,False,False,True,False,False,True,False,False,1736125550,,,,,,,,,175.0,1.0,"{'_': 'MessageReplies', 'replies': 0, 'replies_pts': 6194, 'comments': True, 'recent_repliers': [], 'channel_id': 1806369048, 'max_id': None, 'read_max_id': None}",2024-02-27T00:22:22+00:00,Med Ploy Killer,,,[],
medploy123,https://t.me/medploy123,1815,2024-02-27 20:44:44,Laravel IPs Dm me for buy @medployboy,False,False,False,False,True,False,False,True,False,False,1736125550,,,,,,,,,285.0,1.0,"{'_': 'MessageReplies', 'replies': 0, 'replies_pts': 6194, 'comments': True, 'recent_repliers': [], 'channel_id': 1806369048, 'max_id': None, 'read_max_id': None}",2024-02-27T20:44:47+00:00,Med Ploy Killer,,,[],
medploy123,https://t.me/medploy123,1817,2024-02-27 21:34:30,,False,False,False,False,True,False,False,True,False,False,1736125550,,,,,,,,,180.0,1.0,"{'_': 'MessageReplies', 'replies': 0, 'replies_pts': 6194, 'comments': True, 'recent_repliers': [], 'channel_id': 1806369048, 'max_id': None, 'read_max_id': None}",2024-02-27T21:34:33+00:00,Med Ploy Killer,,,[],
medploy123,https://t.me/medploy123,1937,2024-03-15 07:06:24,,False,False,False,False,True,False,False,True,False,False,1736125550,,,,,,,,,8.0,0.0,"{'_': 'MessageReplies', 'replies': 0, 'replies_pts': 6250, 'comments': True, 'recent_repliers': [], 'channel_id': 1806369048, 'max_id': None, 'read_max_id': None}",2024-03-15T07:06:26+00:00,Gov,1.3683891072219388e+16,,[],
medploy123,https://t.me/medploy123,1938,2024-03-15 07:06:24,,False,False,False,False,True,False,False,True,False,False,1736125550,,,,,,,,,8.0,0.0,,2024-03-15T07:06:26+00:00,Gov,1.3683891072219388e+16,,[],
medploy123,https://t.me/medploy123,1939,2024-03-15 07:06:24,,False,False,False,False,True,False,False,True,False,False,1736125550,,,,,,,,,8.0,0.0,,2024-03-15T07:06:26+00:00,Gov,1.3683891072219388e+16,,[],
medploy123,https://t.me/medploy123,1941,2024-03-16 05:05:48,☄️PUBG <PERSON> ☄️,False,False,False,False,True,False,False,True,False,False,1736125550,,,,,,,,,242.0,6.0,"{'_': 'MessageReplies', 'replies': 0, 'replies_pts': 6519, 'comments': True, 'recent_repliers': [], 'channel_id': 1806369048, 'max_id': None, 'read_max_id': None}",2024-03-16T05:05:51+00:00,Gov,,,[],
medploy123,https://t.me/medploy123,1942,2024-03-16 19:12:35,,False,False,False,False,True,False,False,True,False,False,1736125550,,,,,,,,,221.0,1.0,"{'_': 'MessageReplies', 'replies': 0, 'replies_pts': 6519, 'comments': True, 'recent_repliers': [], 'channel_id': 1806369048, 'max_id': None, 'read_max_id': None}",2024-03-16T19:12:38+00:00,Med Ploy Killer,,,[],
medploy123,https://t.me/medploy123,1943,2024-03-16 19:12:39,base Vietnam 🇻🇳,False,False,False,False,True,False,False,True,False,False,1736125550,,,,,,,,,225.0,0.0,"{'_': 'MessageReplies', 'replies': 0, 'replies_pts': 6519, 'comments': True, 'recent_repliers': [], 'channel_id': 1806369048, 'max_id': None, 'read_max_id': None}",2024-03-16T19:12:42+00:00,Med Ploy Killer,,,[],
medploy123,https://t.me/medploy123,1944,2024-03-18 04:02:10,,False,False,False,False,True,False,False,True,False,False,1736125550,,,,,,,,,194.0,5.0,"{'_': 'MessageReplies', 'replies': 0, 'replies_pts': 6519, 'comments': True, 'recent_repliers': [], 'channel_id': 1806369048, 'max_id': None, 'read_max_id': None}",2024-03-18T04:02:13+00:00,Gov,,,[],
medploy123,https://t.me/medploy123,1945,2024-03-18 05:31:41,"🔺3xSmtps🔺

EMail:<EMAIL_ADDRESS>  SMTP Server:mx.tewizu.com  IP:<IP_ADDRESS>  Port:2525  SSL/TLS:None  Username:<EMAIL_ADDRESS>  Password:DwRWs1mpi3

EMail:<EMAIL_ADDRESS>  SMTP Server:mx.tewizu.com  IP:<IP_ADDRESS>  Port:2525  SSL/TLS:None  Username:<EMAIL_ADDRESS>  Password:nEvFxfZ4eu

EMail:<EMAIL_ADDRESS>  SMTP Server:mx.tewizu.com  IP:<IP_ADDRESS>  Port:2525  SSL/TLS:None  Username:<EMAIL_ADDRESS>  Password:e15sLs3ilJ

<PERSON>Admin👑 : @government1337✅ <NRP>
<PERSON>",False,False,False,False,True,False,False,False,False,False,1736125550,,,,,,,,,196.0,2.0,"{'_': 'MessageReplies', 'replies': 0, 'replies_pts': 6519, 'comments': True, 'recent_repliers': [], 'channel_id': 1806369048, 'max_id': None, 'read_max_id': None}",2024-03-18T17:47:48+00:00,Gov,,,[],
medploy123,https://t.me/medploy123,1946,2024-03-19 01:53:12,"👑 𝙲𝚊𝚜𝚙𝚎𝚛𝚂𝚎𝚌𝚞𝚛𝚒𝚝𝚢 𝚂𝚝𝚎𝚊𝚕𝚎𝚛 V1.5

Features : 
Steal All browsers Data (Passwords, Cookies, History, Credit Cards, Downloads) 🔄
Form Grabber for  Chrome , Brave, Edge, CốcCốc, Opera, Firefox browsers  🟡
Steal Telegram , Discord Session 📱
Steal Files ✔️
Get  System Info 💻
Support +20 Browser  ❗️
Fully Optimised  ⚡️
Anti-Virus Evasion 🔐
No Setup Needed ❗️
Bypass Windows Defender 🔐
Fully Crypted 🔐

Prices : 
<DATE_TIME> 500$
<DATE_TIME> 1000$
<DATE_TIME> 2000$

XLSM & RAR & PY & BAT & EXE & INK STUB
NO CRYPTER NEEDED
Text Me For more information <NRP>",False,False,False,False,True,False,False,True,False,False,1736125550,,,,,,,6.037237221213455e+18,,205.0,0.0,"{'_': 'MessageReplies', 'replies': 0, 'replies_pts': 6519, 'comments': True, 'recent_repliers': [], 'channel_id': 1806369048, 'max_id': None, 'read_max_id': None}",2024-03-19T09:50:10+00:00,Med Ploy Killer,,"{'_': 'MessageReactions', 'results': [], 'min': False, 'can_see_list': False, 'reactions_as_tags': False, 'recent_reactions': []}",[],
medploy123,https://t.me/medploy123,1947,2024-03-19 23:49:37,https://qbdigitals.com/xxx.php#,False,False,False,False,True,False,False,True,False,False,1736125550,,,,,,,,,192.0,0.0,"{'_': 'MessageReplies', 'replies': 0, 'replies_pts': 6519, 'comments': True, 'recent_repliers': [], 'channel_id': 1806369048, 'max_id': None, 'read_max_id': None}",2024-03-19T23:49:40+00:00,Med Ploy Killer,,,[],
medploy123,https://t.me/medploy123,1948,2024-03-19 23:54:40,https://kutchrachanagvtrust.org/xxx.php,False,False,False,False,True,False,False,True,False,False,1736125550,,,,,,,,,196.0,0.0,"{'_': 'MessageReplies', 'replies': 0, 'replies_pts': 6519, 'comments': True, 'recent_repliers': [], 'channel_id': 1806369048, 'max_id': None, 'read_max_id': None}",2024-03-19T23:54:43+00:00,Med Ploy Killer,,,[],
medploy123,https://t.me/medploy123,1949,2024-03-20 00:00:14,https://itqplus.com/xxx.php,False,False,False,False,True,False,False,True,False,False,1736125550,,,,,,,,,190.0,0.0,"{'_': 'MessageReplies', 'replies': 0, 'replies_pts': 6519, 'comments': True, 'recent_repliers': [], 'channel_id': 1806369048, 'max_id': None, 'read_max_id': None}",2024-03-20T00:00:17+00:00,Med Ploy Killer,,,[],
medploy123,https://t.me/medploy123,1950,2024-03-20 00:04:43,'<EMAIL_ADDRESS>'|'5L6g3MXvAsnTNOJt',False,False,False,False,True,False,False,True,False,False,1736125550,,,,,,,,,209.0,4.0,"{'_': 'MessageReplies', 'replies': 0, 'replies_pts': 6519, 'comments': True, 'recent_repliers': [], 'channel_id': 1806369048, 'max_id': None, 'read_max_id': None}",2024-03-20T00:04:46+00:00,Med Ploy Killer,,,[],
medploy123,https://t.me/medploy123,1951,2024-03-20 00:32:20,https://alkhalej.org/mailerpypass403.php,False,False,False,False,True,False,False,True,False,False,1736125550,,,,,,,,,209.0,0.0,"{'_': 'MessageReplies', 'replies': 0, 'replies_pts': 6519, 'comments': True, 'recent_repliers': [], 'channel_id': 1806369048, 'max_id': None, 'read_max_id': None}",2024-03-20T00:32:23+00:00,Med Ploy Killer,,,[],
medploy123,https://t.me/medploy123,1952,2024-03-20 00:32:22,mailer,False,False,False,False,True,False,False,True,False,False,1736125550,,,,,,,,,212.0,0.0,"{'_': 'MessageReplies', 'replies': 0, 'replies_pts': 6519, 'comments': True, 'recent_repliers': [], 'channel_id': 1806369048, 'max_id': None, 'read_max_id': None}",2024-03-20T00:32:23+00:00,Med Ploy Killer,,,[],
medploy123,https://t.me/medploy123,1953,2024-03-20 01:09:48,morocaan shell http://rhtalk.ma/xxx.php#,False,False,False,False,True,False,False,True,False,False,1736125550,,,,,,,,,208.0,0.0,"{'_': 'MessageReplies', 'replies': 0, 'replies_pts': 6519, 'comments': True, 'recent_repliers': [], 'channel_id': 1806369048, 'max_id': None, 'read_max_id': None}",2024-03-20T01:09:52+00:00,Med Ploy Killer,,,[],
medploy123,https://t.me/medploy123,1954,2024-03-20 12:52:21,,False,False,False,False,True,False,False,True,False,False,1736125550,,,,,,,,,212.0,1.0,"{'_': 'MessageReplies', 'replies': 0, 'replies_pts': 6519, 'comments': True, 'recent_repliers': [], 'channel_id': 1806369048, 'max_id': None, 'read_max_id': None}",2024-03-23T11:35:59+00:00,Gov,,"{'_': 'MessageReactions', 'results': [{'_': 'ReactionCount', 'reaction': {'_': 'ReactionEmoji', 'emoticon': '👍'}, 'count': 1, 'chosen_order': None}], 'min': False, 'can_see_list': False, 'reactions_as_tags': False, 'recent_reactions': []}",[],
medploy123,https://t.me/medploy123,1955,2024-03-20 23:58:59,<EMAIL_ADDRESS>|Test@123,False,False,False,False,True,False,False,True,False,False,1736125550,,,,,,,,,199.0,1.0,"{'_': 'MessageReplies', 'replies': 0, 'replies_pts': 6519, 'comments': True, 'recent_repliers': [], 'channel_id': 1806369048, 'max_id': None, 'read_max_id': None}",2024-03-21T05:12:20+00:00,Med Ploy Killer,,"{'_': 'MessageReactions', 'results': [{'_': 'ReactionCount', 'reaction': {'_': 'ReactionEmoji', 'emoticon': '🤔'}, 'count': 1, 'chosen_order': None}], 'min': False, 'can_see_list': False, 'reactions_as_tags': False, 'recent_reactions': []}",[],
medploy123,https://t.me/medploy123,1957,2024-03-21 09:31:11,"➡️Ionos 100K Limit Smtp 

➡️Gmail|Office Admin|Hotmail|Outlook

➡️Limit 100K

➡️Inbox With Letter 

➡️Test On  + Letter 

⭐️Dm To Buy @medployboy @government1337✅",False,False,False,False,True,False,False,False,False,False,1736125550,,,,,,,,,188.0,0.0,"{'_': 'MessageReplies', 'replies': 0, 'replies_pts': 6519, 'comments': True, 'recent_repliers': [], 'channel_id': 1806369048, 'max_id': None, 'read_max_id': None}",2024-03-21T18:47:58+00:00,Gov,,,[],
medploy123,https://t.me/medploy123,1958,2024-03-21 09:35:47,"Simple Shell 

https://haustiere.7uptheme.net/wp-content/uploads/gravity_forms/d/d/e/g/lvibkdrthnm.php

⭐️Dm To Buy @government1337 <NRP>. For More✅",False,False,False,False,True,False,False,False,False,False,1736125550,,,,,,,,,186.0,0.0,"{'_': 'MessageReplies', 'replies': 0, 'replies_pts': 6519, 'comments': True, 'recent_repliers': [], 'channel_id': 1806369048, 'max_id': None, 'read_max_id': None}",2024-03-21T18:47:23+00:00,Gov,,,[],
medploy123,https://t.me/medploy123,1959,2024-03-22 22:26:51,,False,False,False,False,True,False,False,True,False,False,1736125550,,,,,,,,,164.0,3.0,"{'_': 'MessageReplies', 'replies': 0, 'replies_pts': 6519, 'comments': True, 'recent_repliers': [], 'channel_id': 1806369048, 'max_id': None, 'read_max_id': None}",2024-03-22T22:26:54+00:00,Med Ploy Killer,,,[],
medploy123,https://t.me/medploy123,1960,2024-03-23 01:07:21,"Live - <CREDIT_CARD>|02|2029|533 checked by checker.top
Live - <CREDIT_CARD>|08|2029|480 checked by checker.top",False,False,False,False,True,False,False,True,False,False,1736125550,,,,,,,,,155.0,0.0,"{'_': 'MessageReplies', 'replies': 0, 'replies_pts': 6519, 'comments': True, 'recent_repliers': [], 'channel_id': 1806369048, 'max_id': None, 'read_max_id': None}",2024-03-23T01:07:24+00:00,Med Ploy Killer,,,[],
medploy123,https://t.me/medploy123,1961,2024-03-23 01:16:20,"Live - <CREDIT_CARD>|02|2029|533 checked by checker.top
Live - <CREDIT_CARD>|08|2029|480 checked by checker.top
Live - <CREDIT_CARD>|10|2027|411 checked by checker.top
Live - <CREDIT_CARD>|01|2029|682 checked by checker.top
Live - <CREDIT_CARD>|01|2026|585 checked by checker.top
Live - <CREDIT_CARD>|11|2026|195 checked by checker.top
Live - <CREDIT_CARD>|01|2026|158 checked by checker.top
Live - <CREDIT_CARD>|04|2027|357 checked by checker.top",False,False,False,False,True,False,False,True,False,False,1736125550,,,,,,,,,160.0,0.0,"{'_': 'MessageReplies', 'replies': 0, 'replies_pts': 6519, 'comments': True, 'recent_repliers': [], 'channel_id': 1806369048, 'max_id': None, 'read_max_id': None}",2024-03-23T01:16:23+00:00,Med Ploy Killer,,,[],
medploy123,https://t.me/medploy123,1962,2024-03-23 01:42:28,,False,False,False,False,True,False,False,True,False,False,1736125550,,,,,,,,,164.0,2.0,"{'_': 'MessageReplies', 'replies': 0, 'replies_pts': 6519, 'comments': True, 'recent_repliers': [], 'channel_id': 1806369048, 'max_id': None, 'read_max_id': None}",2024-03-23T01:42:31+00:00,Med Ploy Killer,,,[],
medploy123,https://t.me/medploy123,1963,2024-03-23 09:43:17,"3x RDP IN STOCK

8 vCPU Cores
24 GB RAM
Storage
300 GB NVMe
2 Snapshots
Region
European Union
1.2 TB SSD
Windows Server <DATE_TIME> Datacenter
32 TB Out + Unlimited In

⭐️Dm To Buy @government1337✅",False,False,False,False,True,False,False,True,False,False,1736125550,,,,,,,6.050974201663308e+18,,156.0,0.0,"{'_': 'MessageReplies', 'replies': 0, 'replies_pts': 6519, 'comments': True, 'recent_repliers': [], 'channel_id': 1806369048, 'max_id': None, 'read_max_id': None}",2024-03-23T09:43:20+00:00,Gov,,,[],
medploy123,https://t.me/medploy123,1964,2024-03-23 10:02:08,"5k Cpanels For Sale

Take In One Hand

⭐️ Telegram: @government1337 <NRP>",False,False,False,False,True,False,False,False,False,False,1736125550,,,,,,,6.050974201663308e+18,,155.0,0.0,"{'_': 'MessageReplies', 'replies': 0, 'replies_pts': 6519, 'comments': True, 'recent_repliers': [], 'channel_id': 1806369048, 'max_id': None, 'read_max_id': None}",2024-03-23T13:29:58+00:00,Gov,,,[],
medploy123,https://t.me/medploy123,1965,2024-03-23 11:04:18,"<NRP>Godaddy Cookies With Shopper ID⭐

✔️1 cookies = 3$
✔️If you want you need to buy in bulk minimum 5

🫥Cookies Contain

⭐️FRESH-DOMAIN
⭐️FRESH-WEBMAILS
⭐️PREMIUM-DOMAIN
⭐️PREMIUM-EMAILS

<PERSON>Contact @government1337✅
<PERSON>@medployboy",False,False,False,False,True,False,False,False,False,False,1736125550,,,,,,,6.048483416984371e+18,,157.0,0.0,"{'_': 'MessageReplies', 'replies': 0, 'replies_pts': 6519, 'comments': True, 'recent_repliers': [], 'channel_id': 1806369048, 'max_id': None, 'read_max_id': None}",2024-03-23T13:30:11+00:00,Gov,,,[],
medploy123,https://t.me/medploy123,1966,2024-03-23 14:19:42,"[+] E-mail : <EMAIL_ADDRESS> 
[+] E-mail Password : 2578_6MK1 
[+] Host : smtp.office365.com 
[+] Port : 587

[+] E-mail : <EMAIL_ADDRESS> 
[+] E-mail Password : 30301181402924 
[+] Host : smtp.office365.com 
[+] Port : 587

🔥🔥🔥🔥🅰🅰🅰🅰🔥🔥🔥🔥

🆘 Limited Smtp Stock Available - Hurry up ✨

⭐️ Telegram: @government1337 <NRP>",False,False,False,False,True,False,False,False,False,False,1736125550,,,,,,,,,165.0,3.0,"{'_': 'MessageReplies', 'replies': 0, 'replies_pts': 6519, 'comments': True, 'recent_repliers': [], 'channel_id': 1806369048, 'max_id': None, 'read_max_id': None}",2024-03-23T15:08:16+00:00,Gov,,,[],
medploy123,https://t.me/medploy123,1967,2024-03-23 16:56:33,"☄️100GB Private Logs Available☄️

Date : <DATE_TIME>
Clean Logs

If intreseted dm
━━━━━━━━━━━━━━━━━━
📧Contact @government1337✅ <NRP><PERSON>",False,False,False,False,True,False,False,True,False,False,1736125550,,,,,,,,,163.0,0.0,"{'_': 'MessageReplies', 'replies': 1, 'replies_pts': 6519, 'comments': True, 'recent_repliers': [{'_': 'PeerChannel', 'channel_id': 1806369048}], 'channel_id': 1806369048, 'max_id': 3841, 'read_max_id': None}",2024-03-23T16:56:36+00:00,Gov,,,[],
medploy123,https://t.me/medploy123,1968,2024-03-23 23:56:26,"2x RDP IN STOCK

<DATE_TIME> /cheapest in market
8 vCPU Cores
24 GB RAM
Storage
300 GB NVMe
2 Snapshots
Region uni
European Union
1.2 TB SSD
Windows Server <DATE_TIME> Datacenter
32 TB Out + Unlimited In

⭐️Dm To Buy @government1337 <NRP>",False,False,False,False,True,False,False,True,False,False,1736125550,,,,,,,,,164.0,0.0,"{'_': 'MessageReplies', 'replies': 0, 'replies_pts': 6519, 'comments': True, 'recent_repliers': [], 'channel_id': 1806369048, 'max_id': None, 'read_max_id': None}",2024-03-23T23:56:29+00:00,Gov,,,[],
medploy123,https://t.me/medploy123,1969,2024-03-24 00:17:00,contact me here only im admin here for help or anythnig dm me <NRP>,False,False,False,False,True,False,False,False,True,False,1736125550,,,,,,,,,166.0,0.0,"{'_': 'MessageReplies', 'replies': 0, 'replies_pts': 6519, 'comments': True, 'recent_repliers': [], 'channel_id': 1806369048, 'max_id': None, 'read_max_id': None}",2024-03-24T00:17:23+00:00,Med Ploy Killer,,,[],
medploy123,https://t.me/medploy123,1970,2024-03-24 00:17:05,,False,False,False,False,True,,False,,,,1736125550,,,,1969.0,False,False,,,,,,,,,,,
medploy123,https://t.me/medploy123,1971,2024-03-24 03:19:12,,False,False,False,False,True,False,False,True,False,False,1736125550,,,,,,,,,165.0,3.0,"{'_': 'MessageReplies', 'replies': 0, 'replies_pts': 6519, 'comments': True, 'recent_repliers': [], 'channel_id': 1806369048, 'max_id': None, 'read_max_id': None}",2024-03-24T03:19:15+00:00,Med Ploy Killer,,,[],
medploy123,https://t.me/medploy123,1972,2024-03-24 04:35:25,"1x Cpanel

[+] p3plzcpnl487234.prod.phx3.secureserver.net |  USER = tgozgt4asfh2 | PASS = UUUful1905  | VALID CPANEL

@government1337✅",False,False,False,False,True,False,False,True,False,False,1736125550,,,,,,,,,160.0,1.0,"{'_': 'MessageReplies', 'replies': 0, 'replies_pts': 6519, 'comments': True, 'recent_repliers': [], 'channel_id': 1806369048, 'max_id': None, 'read_max_id': None}",2024-03-24T04:35:28+00:00,Gov,,,[],
medploy123,https://t.me/medploy123,1973,2024-03-24 05:27:32,"Good Cpanel For You All

URL: <PERSON>
Username: clembets
Password: mqYOYo.2On58*3

dm me to buy premium Ones
⭐️Dm To Buy @government1337 <NRP>",False,False,False,False,True,False,False,True,False,False,1736125550,,,,,,,,,164.0,1.0,"{'_': 'MessageReplies', 'replies': 0, 'replies_pts': 6519, 'comments': True, 'recent_repliers': [], 'channel_id': 1806369048, 'max_id': None, 'read_max_id': None}",2024-03-24T05:27:35+00:00,Gov,,,[],
medploy123,https://t.me/medploy123,1974,2024-03-24 17:55:46,"<NRP>️1x Jp Smtp For you all

<EMAIL_ADDRESS>|sic03snm

Dm to Buy Private One
⭐️Dm To Buy @government1337 <NRP>",False,False,False,False,True,False,False,True,False,False,1736125550,,,,,,,,,163.0,2.0,"{'_': 'MessageReplies', 'replies': 0, 'replies_pts': 6519, 'comments': True, 'recent_repliers': [], 'channel_id': 1806369048, 'max_id': None, 'read_max_id': None}",2024-03-25T07:21:53+00:00,Gov,,"{'_': 'MessageReactions', 'results': [], 'min': False, 'can_see_list': False, 'reactions_as_tags': False, 'recent_reactions': []}",[],
medploy123,https://t.me/medploy123,1975,2024-03-25 04:41:55,"Dm to Buy Private One
⭐️Dm To Buy @government1337✅ <NRP>",False,False,False,False,True,False,False,False,False,False,1736125550,,,,,,,,,161.0,1.0,"{'_': 'MessageReplies', 'replies': 0, 'replies_pts': 6519, 'comments': True, 'recent_repliers': [], 'channel_id': 1806369048, 'max_id': None, 'read_max_id': None}",2024-03-25T04:42:03+00:00,Gov,,,[],
medploy123,https://t.me/medploy123,1976,2024-03-25 06:34:55,"⭐️Node SMTP TO SMS Sender AVAILABLE ⭐️

⭐️FEATURES 

🔥Working with SMTP
🔥SMTP ROTATING
🔥High inbox rate
🔥Auto Encryption Added
🔥Advanced Automation
🔥Bulk Email Sending 
🔥Fast Sending

If interested

DM TO BUY : @government1337✅ <NRP>✅",False,False,False,False,True,False,False,False,False,False,1736125550,,,,,,,,,151.0,0.0,"{'_': 'MessageReplies', 'replies': 0, 'replies_pts': 6519, 'comments': True, 'recent_repliers': [], 'channel_id': 1806369048, 'max_id': None, 'read_max_id': None}",2024-03-25T06:35:02+00:00,Gov,,,[],
medploy123,https://t.me/medploy123,1977,2024-03-25 09:41:45,"Sample Logs

Some Wallets From Logs 
Cheak If you find Something From it and Tell me i dont know how to use these 
their will be file called Wallets In logs u can check their 

DM TO BUY Private Ones : @government1337✅  <NRP>✅",False,False,False,False,True,False,False,False,False,False,1736125550,,,,,,,,,158.0,1.0,"{'_': 'MessageReplies', 'replies': 0, 'replies_pts': 6519, 'comments': True, 'recent_repliers': [], 'channel_id': 1806369048, 'max_id': None, 'read_max_id': None}",2024-03-25T09:41:51+00:00,Gov,,,[],
medploy123,https://t.me/medploy123,1978,2024-03-26 00:25:28,Bad luck haha,False,False,False,False,True,False,False,True,False,False,1736125550,,,,,,,5.76949288987589e+18,,158.0,0.0,"{'_': 'MessageReplies', 'replies': 0, 'replies_pts': 6519, 'comments': True, 'recent_repliers': [], 'channel_id': 1806369048, 'max_id': None, 'read_max_id': None}",2024-03-26T00:25:31+00:00,Med Ploy Killer,,,[],
medploy123,https://t.me/medploy123,1979,2024-03-26 22:21:47,smtp 100k limit inbox offcie,False,False,False,False,True,False,False,True,False,False,1736125550,,,,,,,5.771824193829194e+18,,152.0,0.0,"{'_': 'MessageReplies', 'replies': 5, 'replies_pts': 6519, 'comments': True, 'recent_repliers': [{'_': 'PeerChannel', 'channel_id': 1806369048}, {'_': 'PeerUser', 'user_id': 974501526}, {'_': 'PeerUser', 'user_id': 5760178556}], 'channel_id': 1806369048, 'max_id': 3874, 'read_max_id': None}",2024-03-26T22:21:51+00:00,Med Ploy Killer,,,[],
medploy123,https://t.me/medploy123,1980,2024-03-26 22:21:54,<PERSON> for buy @medployboy,False,False,False,False,True,False,False,True,False,False,1736125550,,,,,,,,,158.0,0.0,"{'_': 'MessageReplies', 'replies': 3, 'replies_pts': 6519, 'comments': True, 'recent_repliers': [{'_': 'PeerChannel', 'channel_id': 1806369048}, {'_': 'PeerUser', 'user_id': 5760178556}], 'channel_id': 1806369048, 'max_id': 3868, 'read_max_id': None}",2024-03-26T22:21:57+00:00,Med Ploy Killer,,,[],
medploy123,https://t.me/medploy123,1982,2024-03-26 23:04:11,best sender hotmail killer good price dm me,False,False,False,False,True,False,False,True,False,False,1736125550,,,,,,,5.771824193829194e+18,,175.0,1.0,"{'_': 'MessageReplies', 'replies': 2, 'replies_pts': 6519, 'comments': True, 'recent_repliers': [{'_': 'PeerChannel', 'channel_id': 1806369048}, {'_': 'PeerUser', 'user_id': 1401708051}], 'channel_id': 1806369048, 'max_id': 3902, 'read_max_id': None}",2024-03-26T23:04:14+00:00,Med Ploy Killer,,,[],
medploy123,https://t.me/medploy123,1983,2024-03-26 23:04:15,<NRP>,False,False,False,False,True,False,False,True,False,False,1736125550,,,,,,,,,163.0,0.0,"{'_': 'MessageReplies', 'replies': 0, 'replies_pts': 6519, 'comments': True, 'recent_repliers': [], 'channel_id': 1806369048, 'max_id': None, 'read_max_id': None}",2024-03-26T23:04:18+00:00,Med Ploy Killer,,,[],
medploy123,https://t.me/medploy123,1984,2024-03-27 01:18:19,http://gpkanpur.co.in/image/,False,False,False,False,True,False,False,True,False,False,1736125550,,,,,,,,,157.0,0.0,"{'_': 'MessageReplies', 'replies': 0, 'replies_pts': 6519, 'comments': True, 'recent_repliers': [], 'channel_id': 1806369048, 'max_id': None, 'read_max_id': None}",2024-03-27T01:18:22+00:00,Med Ploy Killer,,,[],
medploy123,https://t.me/medploy123,1985,2024-03-27 01:34:42,http://gpkanpur.co.in/cron.php?,False,False,False,False,True,False,False,True,False,False,1736125550,,,,,,,,,161.0,0.0,"{'_': 'MessageReplies', 'replies': 0, 'replies_pts': 6519, 'comments': True, 'recent_repliers': [], 'channel_id': 1806369048, 'max_id': None, 'read_max_id': None}",2024-03-27T01:34:45+00:00,Med Ploy Killer,,,[],
medploy123,https://t.me/medploy123,1986,2024-03-27 01:34:48,password <PERSON>,False,False,False,False,True,False,False,True,False,False,1736125550,,,,,,,,,164.0,0.0,"{'_': 'MessageReplies', 'replies': 0, 'replies_pts': 6519, 'comments': True, 'recent_repliers': [], 'channel_id': 1806369048, 'max_id': None, 'read_max_id': None}",2024-03-27T01:34:51+00:00,Med Ploy Killer,,,[],
medploy123,https://t.me/medploy123,1988,2024-03-27 02:31:23,"Update version good for get shell. Very powerful tools
 Bot AGT V3.0 Privat Shells 2024 

unlimited update For lifetime key
Join And Share❣️

is free for <DATE_TIME>",False,False,False,False,True,False,False,True,False,False,1736125550,,"{'_': 'MessageFwdHeader', 'date': '2024-03-25T04:28:36+00:00', 'imported': False, 'saved_out': False, 'from_id': {'_': 'PeerChannel', 'channel_id': 1761449562}, 'from_name': None, 'channel_post': 36, 'post_author': None, 'saved_from_peer': None, 'saved_from_msg_id': None, 'saved_from_id': None, 'saved_from_name': None, 'saved_date': None, 'psa_type': None}",,,,,,,158.0,4.0,"{'_': 'MessageReplies', 'replies': 0, 'replies_pts': 6523, 'comments': True, 'recent_repliers': [], 'channel_id': 1806369048, 'max_id': None, 'read_max_id': None}",2024-03-27T02:31:26+00:00,Med Ploy Killer,,,[],
medploy123,https://t.me/medploy123,1990,2024-03-28 22:41:59,https://sserti.org/panell/director/events/index.html,False,False,False,False,True,False,False,True,False,False,1736125550,,,,,,,,,138.0,0.0,"{'_': 'MessageReplies', 'replies': 0, 'replies_pts': 6562, 'comments': True, 'recent_repliers': [], 'channel_id': 1806369048, 'max_id': None, 'read_max_id': None}",2024-03-28T22:42:02+00:00,Med Ploy Killer,,,[],
medploy123,https://t.me/medploy123,1991,2024-03-28 22:42:04,hacked,False,False,False,False,True,False,False,True,False,False,1736125550,,,,,,,,,141.0,0.0,"{'_': 'MessageReplies', 'replies': 0, 'replies_pts': 6562, 'comments': True, 'recent_repliers': [], 'channel_id': 1806369048, 'max_id': None, 'read_max_id': None}",2024-03-28T22:42:07+00:00,Med Ploy Killer,,,[],
medploy123,https://t.me/medploy123,1992,2024-03-28 22:42:06,manul,False,False,False,False,True,False,False,True,False,False,1736125550,,,,,,,,,141.0,0.0,"{'_': 'MessageReplies', 'replies': 0, 'replies_pts': 6562, 'comments': True, 'recent_repliers': [], 'channel_id': 1806369048, 'max_id': None, 'read_max_id': None}",2024-03-28T22:42:07+00:00,Med Ploy Killer,,,[],
medploy123,https://t.me/medploy123,1993,2024-03-28 23:16:57,https://sserti.org/panell,False,False,False,False,True,False,False,True,False,False,1736125550,,,,,,,,,141.0,0.0,"{'_': 'MessageReplies', 'replies': 0, 'replies_pts': 6562, 'comments': True, 'recent_repliers': [], 'channel_id': 1806369048, 'max_id': None, 'read_max_id': None}",2024-03-28T23:17:00+00:00,Med Ploy Killer,,,[],
medploy123,https://t.me/medploy123,1994,2024-03-28 23:17:02,Hack this site it <PERSON>,False,False,False,False,True,False,False,True,False,False,1736125550,,,,,,,,,140.0,0.0,"{'_': 'MessageReplies', 'replies': 0, 'replies_pts': 6562, 'comments': True, 'recent_repliers': [], 'channel_id': 1806369048, 'max_id': None, 'read_max_id': None}",2024-03-28T23:17:05+00:00,Med Ploy Killer,,,[],
medploy123,https://t.me/medploy123,1995,2024-03-28 23:17:12,Bypass admin panel,False,False,False,False,True,False,False,True,False,False,1736125550,,,,,,,,,141.0,0.0,"{'_': 'MessageReplies', 'replies': 0, 'replies_pts': 6562, 'comments': True, 'recent_repliers': [], 'channel_id': 1806369048, 'max_id': None, 'read_max_id': None}",2024-03-28T23:17:15+00:00,Med Ploy Killer,,,[],
medploy123,https://t.me/medploy123,1996,2024-03-29 02:16:07,https://freguesiadeviseu.pt/content.php,False,False,False,False,True,False,False,True,False,False,1736125550,,,,,,,,,128.0,0.0,"{'_': 'MessageReplies', 'replies': 0, 'replies_pts': 6562, 'comments': True, 'recent_repliers': [], 'channel_id': 1806369048, 'max_id': None, 'read_max_id': None}",2024-03-29T02:16:10+00:00,Med Ploy Killer,,,[],
medploy123,https://t.me/medploy123,1997,2024-03-29 02:19:17,shells stock 3k sell good shells dm me <NRP>,False,False,False,False,True,False,False,False,False,False,1736125550,,,,,,,,,132.0,0.0,"{'_': 'MessageReplies', 'replies': 0, 'replies_pts': 6562, 'comments': True, 'recent_repliers': [], 'channel_id': 1806369048, 'max_id': None, 'read_max_id': None}",2024-03-29T02:19:30+00:00,Med Ploy Killer,,,[],
medploy123,https://t.me/medploy123,1998,2024-03-30 00:51:44,,False,False,False,False,True,False,False,True,False,False,1736125550,,,,,,,,,122.0,1.0,"{'_': 'MessageReplies', 'replies': 0, 'replies_pts': 6562, 'comments': True, 'recent_repliers': [], 'channel_id': 1806369048, 'max_id': None, 'read_max_id': None}",2024-03-30T00:53:00+00:00,Med Ploy Killer,1.3694079232685116e+16,"{'_': 'MessageReactions', 'results': [{'_': 'ReactionCount', 'reaction': {'_': 'ReactionEmoji', 'emoticon': '❤'}, 'count': 2, 'chosen_order': None}], 'min': False, 'can_see_list': False, 'reactions_as_tags': False, 'recent_reactions': []}",[],
medploy123,https://t.me/medploy123,1999,2024-03-30 00:51:44,,False,False,False,False,True,False,False,True,False,False,1736125550,,,,,,,,,122.0,1.0,,2024-03-30T00:51:47+00:00,Med Ploy Killer,1.3694079232685116e+16,,[],
medploy123,https://t.me/medploy123,2000,2024-03-30 00:51:44,,False,False,False,False,True,False,False,True,False,False,1736125550,,,,,,,,,122.0,1.0,,2024-03-30T00:51:47+00:00,Med Ploy Killer,1.3694079232685116e+16,,[],
medploy123,https://t.me/medploy123,2001,2024-03-30 00:51:44,,False,False,False,False,True,False,False,True,False,False,1736125550,,,,,,,,,120.0,1.0,,2024-03-30T00:51:47+00:00,Med Ploy Killer,1.3694079232685116e+16,,[],
medploy123,https://t.me/medploy123,2002,2024-03-30 00:51:44,,False,False,False,False,True,False,False,True,False,False,1736125550,,,,,,,,,122.0,1.0,,2024-03-30T00:51:47+00:00,Med Ploy Killer,1.3694079232685116e+16,,[],
medploy123,https://t.me/medploy123,2003,2024-03-30 00:51:44,,False,False,False,False,True,False,False,True,False,False,1736125550,,,,,,,,,126.0,1.0,,2024-03-30T00:51:47+00:00,Med Ploy Killer,1.3694079232685116e+16,,[],
medploy123,https://t.me/medploy123,2004,2024-03-30 00:51:44,,False,False,False,False,True,False,False,True,False,False,1736125550,,,,,,,,,127.0,1.0,,2024-03-30T00:51:47+00:00,Med Ploy Killer,1.3694079232685116e+16,,[],
medploy123,https://t.me/medploy123,2005,2024-03-30 00:52:16,<NRP> if u need anything dm me admin,False,False,False,False,True,False,False,True,False,False,1736125550,,,,,,,,,119.0,0.0,"{'_': 'MessageReplies', 'replies': 0, 'replies_pts': 6562, 'comments': True, 'recent_repliers': [], 'channel_id': 1806369048, 'max_id': None, 'read_max_id': None}",2024-03-30T00:52:19+00:00,Med Ploy Killer,,,[],
medploy123,https://t.me/medploy123,2006,2024-03-30 00:52:36,smtp cracker v6 <DATE_TIME> got from <DATE_TIME>,False,False,False,False,True,False,False,True,False,False,1736125550,,,,,,,,,120.0,0.0,"{'_': 'MessageReplies', 'replies': 0, 'replies_pts': 6562, 'comments': True, 'recent_repliers': [], 'channel_id': 1806369048, 'max_id': None, 'read_max_id': None}",2024-03-30T00:52:39+00:00,Med Ploy Killer,,,[],
medploy123,https://t.me/medploy123,2007,2024-03-30 00:52:40,<PERSON> for buy,False,False,False,False,True,False,False,True,False,False,1736125550,,,,,,,,,121.0,0.0,"{'_': 'MessageReplies', 'replies': 0, 'replies_pts': 6562, 'comments': True, 'recent_repliers': [], 'channel_id': 1806369048, 'max_id': None, 'read_max_id': None}",2024-03-30T00:52:43+00:00,Med Ploy Killer,,,[],
medploy123,https://t.me/medploy123,2008,2024-03-30 02:53:19,http://whiteriverfamilyservices.com/wp-content/about.php,False,False,False,False,True,False,False,True,False,False,1736125550,,,,,,,,,120.0,1.0,"{'_': 'MessageReplies', 'replies': 0, 'replies_pts': 6562, 'comments': True, 'recent_repliers': [], 'channel_id': 1806369048, 'max_id': None, 'read_max_id': None}",2024-03-30T02:53:22+00:00,Med Ploy Killer,,,[],
medploy123,https://t.me/medploy123,2009,2024-03-30 02:53:21,free,False,False,False,False,True,False,False,True,False,False,1736125550,,,,,,,,,125.0,0.0,"{'_': 'MessageReplies', 'replies': 0, 'replies_pts': 6562, 'comments': True, 'recent_repliers': [], 'channel_id': 1806369048, 'max_id': None, 'read_max_id': None}",2024-03-30T02:53:22+00:00,Med Ploy Killer,,,[],
medploy123,https://t.me/medploy123,2010,2024-03-30 02:53:22,shells,False,False,False,False,True,False,False,True,False,False,1736125550,,,,,,,,,127.0,0.0,"{'_': 'MessageReplies', 'replies': 0, 'replies_pts': 6562, 'comments': True, 'recent_repliers': [], 'channel_id': 1806369048, 'max_id': None, 'read_max_id': None}",2024-03-30T02:53:24+00:00,Med Ploy Killer,,,[],
medploy123,https://t.me/medploy123,2011,2024-03-30 02:53:26,everyday,False,False,False,False,True,False,False,True,False,False,1736125550,,,,,,,,,126.0,0.0,"{'_': 'MessageReplies', 'replies': 0, 'replies_pts': 6562, 'comments': True, 'recent_repliers': [], 'channel_id': 1806369048, 'max_id': None, 'read_max_id': None}",2024-03-30T02:53:29+00:00,Med Ploy Killer,,,[],
medploy123,https://t.me/medploy123,2012,2024-03-30 03:39:19,"😝 ADD  VIP  😤
  🙁😝😤☹️
2000 shells hacked fresh all php wso shell",False,False,False,False,True,False,False,True,False,False,1736125550,,,,,,,,,128.0,0.0,"{'_': 'MessageReplies', 'replies': 0, 'replies_pts': 6562, 'comments': True, 'recent_repliers': [], 'channel_id': 1806369048, 'max_id': None, 'read_max_id': None}",2024-03-30T03:39:22+00:00,Med Ploy Killer,,,[],
medploy123,https://t.me/medploy123,2013,2024-03-30 03:41:08,"<NRP>FNBO <PERSON> 

configuration/telegram.php Edit your info",False,False,False,False,True,False,False,True,False,False,1736125550,,,,,,,,,128.0,0.0,"{'_': 'MessageReplies', 'replies': 0, 'replies_pts': 6562, 'comments': True, 'recent_repliers': [], 'channel_id': 1806369048, 'max_id': None, 'read_max_id': None}",2024-03-30T03:41:11+00:00,Med Ploy Killer,,,[],
medploy123,https://t.me/medploy123,2014,2024-03-30 03:41:42,,False,False,False,False,True,False,False,True,False,False,1736125550,,,,,,,,,133.0,7.0,"{'_': 'MessageReplies', 'replies': 1, 'replies_pts': 6562, 'comments': True, 'recent_repliers': [{'_': 'PeerUser', 'user_id': 693146498}], 'channel_id': 1806369048, 'max_id': 3916, 'read_max_id': None}",2024-03-30T03:41:45+00:00,Med Ploy Killer,,,[],
medploy123,https://t.me/medploy123,2015,2024-03-30 15:01:51,"⚠️⚠️⚠️
If you want to buy database Let me Know Guys 
 Tell me which database you want in dm i will try to dump it 
✔️@government1337 ✅️ @medployboy",False,False,False,False,True,False,False,False,False,False,1736125550,,,,,,,,,118.0,1.0,"{'_': 'MessageReplies', 'replies': 0, 'replies_pts': 6562, 'comments': True, 'recent_repliers': [], 'channel_id': 1806369048, 'max_id': None, 'read_max_id': None}",2024-03-30T16:26:20+00:00,Gov,,,[],
medploy123,https://t.me/medploy123,2016,2024-03-30 16:35:14,http://jcbermudezfordoral.com//chosen.php?p=,False,False,False,False,True,False,False,True,False,False,1736125550,,,,,,,,,116.0,1.0,"{'_': 'MessageReplies', 'replies': 0, 'replies_pts': 6562, 'comments': True, 'recent_repliers': [], 'channel_id': 1806369048, 'max_id': None, 'read_max_id': None}",2024-03-30T16:35:17+00:00,Med Ploy Killer,,,[],
medploy123,https://t.me/medploy123,2017,2024-03-30 16:42:05,who need this page good price dm me,False,False,False,False,True,False,False,True,False,False,1736125550,,,,,,,,,114.0,0.0,"{'_': 'MessageReplies', 'replies': 0, 'replies_pts': 6562, 'comments': True, 'recent_repliers': [], 'channel_id': 1806369048, 'max_id': None, 'read_max_id': None}",2024-03-30T16:42:08+00:00,Med Ploy Killer,,,[],
