Channel ID,URL,Post ID,date,message,out,mentioned,media_unread,silent,post,from_scheduled,legacy,edit_hide,pinned,noforwards,peer_channel,from_id_user,fwd_from,via_bot_id,reply_to_msg_id,reply_to_scheduled,forum_topic,media_photo_id,reply_markup,views,forwards,replies,edit_date,post_author,grouped_id,reactions,restriction_reason,ttl_period
paacraxpro,https://t.me/paacraxpro,6435,2024-01-18 04:35:25,https://controlc.com/b0e67d9b,False,False,False,False,True,False,False,False,False,False,1555506754,,,,,,,,,433.0,1.0,,,Joshy,,,[],
paacraxpro,https://t.me/paacraxpro,6436,2024-01-18 04:54:00,"Ye these are kinda “threats” i get in my inbox sometimes 🤣🤣🤣 

These kids tho. I cant do nothin but to laugh at their innocence and cuteness.",False,False,False,False,True,False,False,False,False,False,1555506754,,,,,,,4.990224426100436e+18,,358.0,0.0,,,Joshy,,,[],
paacraxpro,https://t.me/paacraxpro,6437,2024-01-21 10:32:42,Sent bro,False,False,False,False,True,False,False,True,False,False,1555506754,,"{'_': 'MessageFwdHeader', 'date': '2024-01-21T10:19:17+00:00', 'imported': False, 'saved_out': False, 'from_id': None, 'from_name': 'San D', 'channel_post': None, 'post_author': None, 'saved_from_peer': None, 'saved_from_msg_id': None, 'saved_from_id': None, 'saved_from_name': None, 'saved_date': None, 'psa_type': None}",,,,,5.866434721267958e+18,,253.0,0.0,,2024-01-30T13:53:45+00:00,Joshy,,"{'_': 'MessageReactions', 'results': [{'_': 'ReactionCount', 'reaction': {'_': 'ReactionEmoji', 'emoticon': '👍'}, 'count': 1, 'chosen_order': None}], 'min': False, 'can_see_list': False, 'reactions_as_tags': False, 'recent_reactions': []}",[],
paacraxpro,https://t.me/paacraxpro,6438,2024-01-21 10:32:42,Bro I been going crazy with yo linkable debit you got my vouch as usual 🙏,False,False,False,False,True,False,False,False,False,False,1555506754,,"{'_': 'MessageFwdHeader', 'date': '2024-01-21T10:19:24+00:00', 'imported': False, 'saved_out': False, 'from_id': None, 'from_name': 'San D', 'channel_post': None, 'post_author': None, 'saved_from_peer': None, 'saved_from_msg_id': None, 'saved_from_id': None, 'saved_from_name': None, 'saved_date': None, 'psa_type': None}",,,,,5.866434721267958e+18,,240.0,0.0,,,Joshy,,,[],
paacraxpro,https://t.me/paacraxpro,6439,2024-01-21 10:32:42,Yes its sent,False,False,False,False,True,False,False,False,False,False,1555506754,,"{'_': 'MessageFwdHeader', 'date': '2024-01-21T10:22:10+00:00', 'imported': False, 'saved_out': False, 'from_id': None, 'from_name': 'Nike Bills', 'channel_post': None, 'post_author': None, 'saved_from_peer': None, 'saved_from_msg_id': None, 'saved_from_id': None, 'saved_from_name': None, 'saved_date': None, 'psa_type': None}",,,,,5.866434721267958e+18,,256.0,0.0,,,Joshy,,,[],
paacraxpro,https://t.me/paacraxpro,6440,2024-01-21 10:32:42,We locked in fs no cap ur the best on telegram I stamp that I fwy gangly thanks 🙏,False,False,False,False,True,False,False,False,False,False,1555506754,,"{'_': 'MessageFwdHeader', 'date': '2024-01-21T10:22:23+00:00', 'imported': False, 'saved_out': False, 'from_id': None, 'from_name': 'Nike Bills', 'channel_post': None, 'post_author': None, 'saved_from_peer': None, 'saved_from_msg_id': None, 'saved_from_id': None, 'saved_from_name': None, 'saved_date': None, 'psa_type': None}",,,,,5.866434721267958e+18,,244.0,0.0,,,Joshy,,,[],
paacraxpro,https://t.me/paacraxpro,6441,2024-01-21 10:32:42,Sent <PERSON> please check,False,False,False,False,True,False,False,False,False,False,1555506754,,"{'_': 'MessageFwdHeader', 'date': '2024-01-21T10:23:48+00:00', 'imported': False, 'saved_out': False, 'from_id': None, 'from_name': 'Anti Mob', 'channel_post': None, 'post_author': None, 'saved_from_peer': None, 'saved_from_msg_id': None, 'saved_from_id': None, 'saved_from_name': None, 'saved_date': None, 'psa_type': None}",,,,,5.866434721267958e+18,,270.0,0.0,,,Joshy,,,[],
paacraxpro,https://t.me/paacraxpro,6442,2024-01-21 10:32:42,Definitely gonna vouch you for debit card ur legit <PERSON>! really appreciate that!,False,False,False,False,True,False,False,False,False,False,1555506754,,"{'_': 'MessageFwdHeader', 'date': '2024-01-21T10:24:08+00:00', 'imported': False, 'saved_out': False, 'from_id': None, 'from_name': 'Anti Mob', 'channel_post': None, 'post_author': None, 'saved_from_peer': None, 'saved_from_msg_id': None, 'saved_from_id': None, 'saved_from_name': None, 'saved_date': None, 'psa_type': None}",,,,,5.866434721267958e+18,,257.0,0.0,,,Joshy,,,[],
paacraxpro,https://t.me/paacraxpro,6443,2024-01-21 10:32:42,<PERSON> sent,False,False,False,False,True,False,False,False,False,False,1555506754,,"{'_': 'MessageFwdHeader', 'date': '2024-01-21T10:26:11+00:00', 'imported': False, 'saved_out': False, 'from_id': None, 'from_name': 'ViZ AV', 'channel_post': None, 'post_author': None, 'saved_from_peer': None, 'saved_from_msg_id': None, 'saved_from_id': None, 'saved_from_name': None, 'saved_date': None, 'psa_type': None}",,,,,,,281.0,0.0,,,Joshy,,,[],
paacraxpro,https://t.me/paacraxpro,6444,2024-01-21 10:32:42,The log looks good bruh you deserve reward fr you been the realest vendor you never let me down <PERSON>,False,False,False,False,True,False,False,False,False,False,1555506754,,"{'_': 'MessageFwdHeader', 'date': '2024-01-21T10:26:27+00:00', 'imported': False, 'saved_out': False, 'from_id': None, 'from_name': 'ViZ AV', 'channel_post': None, 'post_author': None, 'saved_from_peer': None, 'saved_from_msg_id': None, 'saved_from_id': None, 'saved_from_name': None, 'saved_date': None, 'psa_type': None}",,,,,5.866434721267958e+18,,324.0,0.0,,,Joshy,,,[],
paacraxpro,https://t.me/paacraxpro,6445,2024-01-24 03:00:46,"✅  Spamming CLASSES 

Join my <DATE_TIME> Spamming course now!! 

Where I teach
how to get cpanel,shell
how to host scampage 
How to generate/validate email and sms leads
How to spam email/sms leads INBOX HIT


➡️Classes will be on anydesk
💵All tools will be provided
🏧Will guide you till you get results 
Free support always 

DM @ThePaaBot",False,False,False,False,True,False,False,False,False,False,1555506754,,,,,,,4.92271750882641e+18,,304.0,0.0,,,Joshy,1.364852197010348e+16,,[],
paacraxpro,https://t.me/paacraxpro,6446,2024-01-24 03:00:46,,False,False,False,False,True,False,False,False,False,False,1555506754,,,,,,,4.92271750882641e+18,,306.0,0.0,,,Joshy,1.364852197010348e+16,,[],
paacraxpro,https://t.me/paacraxpro,6447,2024-01-24 03:00:46,"Introducing #Giftcards Carding for those who are interested only in giftcards..

You can even be absolute beginner to take this course

You will be taught about
✅ Cards
✅ Giftcard sites
✅ GC methods
✅ Payment gateways
✅ Successful order processing

And many more. 

Completely focussed only on GIFTCARDS

START CARDING GIFTCARDS FROM <DATE_TIME>!

DM @joshythebot to join the #course",False,False,False,False,True,False,False,True,False,False,1555506754,,,,,,,6.055429066296766e+18,,390.0,0.0,,2024-01-25T08:16:25+00:00,Joshy,,"{'_': 'MessageReactions', 'results': [], 'min': False, 'can_see_list': False, 'reactions_as_tags': False, 'recent_reactions': []}",[],
paacraxpro,https://t.me/paacraxpro,6448,2024-01-25 08:09:56,https://controlc.com/2166bfed,False,False,False,False,True,False,False,True,False,False,1555506754,,,,,,,,,447.0,3.0,,2024-01-25T08:32:11+00:00,Joshy,,"{'_': 'MessageReactions', 'results': [], 'min': False, 'can_see_list': False, 'reactions_as_tags': False, 'recent_reactions': []}",[],
paacraxpro,https://t.me/paacraxpro,6449,2024-01-25 08:09:56,https://controlc.com/9a6e86ea,False,False,False,False,True,False,False,False,False,False,1555506754,,,,,,,,,450.0,1.0,,,Joshy,,,[],
paacraxpro,https://t.me/paacraxpro,6450,2024-01-25 08:09:56,https://controlc.com/b8c1d12f,False,False,False,False,True,False,False,False,False,False,1555506754,,,,,,,,,459.0,1.0,,,Joshy,,,[],
paacraxpro,https://t.me/paacraxpro,6451,2024-01-28 16:51:55,"HOPE YALL HAD A GREAT WEEKEND.

DROPPING CCS SOON! STAY <PERSON>",False,False,False,False,True,False,False,False,False,False,1555506754,,,,,,,,,270.0,0.0,,,Joshy,,,[],
paacraxpro,https://t.me/paacraxpro,6452,2024-01-29 02:06:35,"FREE BANK LOG

UserName : britt_canal
Password : 0Bankingbitch0
|--===-====-===-- WELLSFARGO --===-====-===--|
------------- CONFIRM WELLSFARGO LOG -------------
UserName : brittany_canal
Password : 0Bankingbitch0
|------------------- EMAIL INFO ----------------|
Email : <EMAIL_ADDRESS>
Email Password : <PERSON>
|-------------- CONFIRM EMAIL INFO -------------|
Email : <EMAIL_ADDRESS>
Email Password : <PERSON>
|------------------- Fullz INFO ----------------|
Full Name : <PERSON> : <DATE_TIME>
SSN : <US_PASSPORT>
ITIN :
MMN : <PERSON>
DL : 39066296
Street Address : 1300 Crossing Place
City : Austin
State : TEXAS
Zip/Postal Code : 78741
Phone Number : <PHONE_NUMBER>
Phone Carrier : T mobilE
<PERSON> : 0000
|------------------ CARD DETAILS @PaaCraXPro-----------------|
Bank Info : WELLSFARGO | United States of America
Type : VISA - DEBIT
Level : TRADITIONAL
Name On Card : Brittany Canales
Card Number : <CREDIT_CARD>
Expiry date : <DATE_TIME>
CVV : 976
ATM PIN : 7734
|------------ 💻🌏 DEVICE INFO 🌏💻 -----------|
IP ADDRESS : <IP_ADDRESS>

⭐️ Join @PaaCraXPro for more
⭐️ DM @ThePaaBot to buy Logs",False,False,False,False,True,False,False,False,False,False,1555506754,,,,,,,,,337.0,2.0,,2024-01-29T02:11:30+00:00,Joshy,,"{'_': 'MessageReactions', 'results': [{'_': 'ReactionCount', 'reaction': {'_': 'ReactionEmoji', 'emoticon': '❤'}, 'count': 2, 'chosen_order': None}, {'_': 'ReactionCount', 'reaction': {'_': 'ReactionEmoji', 'emoticon': '❤\u200d🔥'}, 'count': 1, 'chosen_order': None}, {'_': 'ReactionCount', 'reaction': {'_': 'ReactionEmoji', 'emoticon': '🎅'}, 'count': 1, 'chosen_order': None}], 'min': False, 'can_see_list': False, 'reactions_as_tags': False, 'recent_reactions': []}",[],
paacraxpro,https://t.me/paacraxpro,6453,2024-01-29 02:11:21,"FREE BANK LOG

UserName : Salasiel11
Password : ramirez11
|------------------- EMAIL INFO ----------------|
Email : <EMAIL_ADDRESS>
Email Password : ramirez11
|-------------- CONFIRM EMAIL INFO -------------|
Email : <EMAIL_ADDRESS>
Email Password : ramirezdurantes11
|------------------- Fullz INFO ----------------|
Full Name : <PERSON>
DOB : <DATE_TIME>
SSN : <US_PASSPORT>
ITIN :
MMN : <PERSON>
DL : R562758012974
Street Address : 9560 muirkirk rd apt t1
City : Laurel
State : <PERSON>Postal Code : <DATE_TIME>
Phone Number : <PHONE_NUMBER>
Phone Carrier :
<PERSON> :
|------------------ CARD DETAILS @PaaCraXPro-----------------|
Bank Info : | United States of America
Type : VISA - DEBIT
Level : TRADITIONAL
Name On Card : <PERSON> r <NRP>
Card Number : <CREDIT_CARD>
Expiry date : <DATE_TIME>
CVV : 760
ATM PIN : 1122
|------------ 💻🌏 DEVICE INFO 🌏💻 -----------|
IP ADDRESS : <IP_ADDRESS>

⭐️ Join @PaaCraXPro for more
⭐️ DM @ThePaaBot to buy Logs",False,False,False,False,True,False,False,True,False,False,1555506754,,,,,,,,,353.0,4.0,,2024-01-29T02:13:30+00:00,Joshy,,"{'_': 'MessageReactions', 'results': [{'_': 'ReactionCount', 'reaction': {'_': 'ReactionEmoji', 'emoticon': '❤'}, 'count': 1, 'chosen_order': None}, {'_': 'ReactionCount', 'reaction': {'_': 'ReactionEmoji', 'emoticon': '🔥'}, 'count': 1, 'chosen_order': None}, {'_': 'ReactionCount', 'reaction': {'_': 'ReactionEmoji', 'emoticon': '🏆'}, 'count': 1, 'chosen_order': None}, {'_': 'ReactionCount', 'reaction': {'_': 'ReactionEmoji', 'emoticon': '🎅'}, 'count': 1, 'chosen_order': None}], 'min': False, 'can_see_list': False, 'reactions_as_tags': False, 'recent_reactions': []}",[],
paacraxpro,https://t.me/paacraxpro,6454,2024-01-29 02:15:08,"All of my early tax filers and upcoming filers please check your status <DATE_TIME>. The IRS has deployed a new feature within their website on “Where’s my refund” that now tell you when you may have to verify or send in more documentation to get your refund released. This is great and will allow tax payers to fix their problem quick and get refund sooner

⚠️Important ⚠️
📌Never call the IRS without your paperwork handy, you’ll be asked questions and if you fail to answer correctly you’ll be forced to go into the office and that could take <DATE_TIME> before you’re appointment.

📌 Never file without your 1099-G unemployment nor <DATE_TIME>, that will get your return rejected or (With the 1099G) you’ll be accepted then later told to file a amendment and add the form.

📌If you file early and happen to get a W2 remember to file an amendment AFTER your taxes is released. Doing so while the 1st return is being processed will cause massive delays I’m talking nearly 200 days +.

Dm me @ThePaaBot for your tax refund",False,False,False,False,True,False,False,True,False,False,1555506754,,,,,,,,,335.0,1.0,,2024-01-29T02:15:17+00:00,Joshy,,"{'_': 'MessageReactions', 'results': [{'_': 'ReactionCount', 'reaction': {'_': 'ReactionEmoji', 'emoticon': '⚡'}, 'count': 1, 'chosen_order': None}, {'_': 'ReactionCount', 'reaction': {'_': 'ReactionEmoji', 'emoticon': '❤'}, 'count': 1, 'chosen_order': None}, {'_': 'ReactionCount', 'reaction': {'_': 'ReactionEmoji', 'emoticon': '🔥'}, 'count': 1, 'chosen_order': None}], 'min': False, 'can_see_list': False, 'reactions_as_tags': False, 'recent_reactions': []}",[],
paacraxpro,https://t.me/paacraxpro,6455,2024-01-29 02:19:00,Sent <PERSON>,False,False,False,False,True,False,False,False,False,False,1555506754,,"{'_': 'MessageFwdHeader', 'date': '2024-01-29T02:01:06+00:00', 'imported': False, 'saved_out': False, 'from_id': None, 'from_name': 'Jerry Rag', 'channel_post': None, 'post_author': None, 'saved_from_peer': None, 'saved_from_msg_id': None, 'saved_from_id': None, 'saved_from_name': None, 'saved_date': None, 'psa_type': None}",,,,,5.888848927225135e+18,,213.0,0.0,,,Joshy,,,[],
paacraxpro,https://t.me/paacraxpro,6456,2024-01-29 02:19:00,Good biz i respect <PERSON> am in the account keep doing the real shit here,False,False,False,False,True,False,False,False,False,False,1555506754,,"{'_': 'MessageFwdHeader', 'date': '2024-01-29T02:01:55+00:00', 'imported': False, 'saved_out': False, 'from_id': None, 'from_name': 'Jerry Rag', 'channel_post': None, 'post_author': None, 'saved_from_peer': None, 'saved_from_msg_id': None, 'saved_from_id': None, 'saved_from_name': None, 'saved_date': None, 'psa_type': None}",,,,,5.888848927225135e+18,,205.0,0.0,,,Joshy,,,[],
paacraxpro,https://t.me/paacraxpro,6457,2024-01-29 02:19:00,SayLess the cc pop good. U a real nigga bro I ain’t gon lie big vouched I’ll need more cc frm you,False,False,False,False,True,False,False,False,False,False,1555506754,,"{'_': 'MessageFwdHeader', 'date': '2024-01-29T01:59:40+00:00', 'imported': False, 'saved_out': False, 'from_id': None, 'from_name': 'Unknown 09', 'channel_post': None, 'post_author': None, 'saved_from_peer': None, 'saved_from_msg_id': None, 'saved_from_id': None, 'saved_from_name': None, 'saved_date': None, 'psa_type': None}",,,,,5.888848927225135e+18,,217.0,0.0,,,Joshy,,,[],
paacraxpro,https://t.me/paacraxpro,6458,2024-01-29 02:19:00,,False,False,False,False,True,False,False,False,False,False,1555506754,,"{'_': 'MessageFwdHeader', 'date': '2024-01-29T02:03:49+00:00', 'imported': False, 'saved_out': False, 'from_id': None, 'from_name': 'Money Talks', 'channel_post': None, 'post_author': None, 'saved_from_peer': None, 'saved_from_msg_id': None, 'saved_from_id': None, 'saved_from_name': None, 'saved_date': None, 'psa_type': None}",,,,,5.888848927225135e+18,,215.0,0.0,,,Joshy,1.3651957923767968e+16,,[],
paacraxpro,https://t.me/paacraxpro,6459,2024-01-29 02:19:00,,False,False,False,False,True,False,False,False,False,False,1555506754,,"{'_': 'MessageFwdHeader', 'date': '2024-01-29T02:03:49+00:00', 'imported': False, 'saved_out': False, 'from_id': None, 'from_name': 'Money Talks', 'channel_post': None, 'post_author': None, 'saved_from_peer': None, 'saved_from_msg_id': None, 'saved_from_id': None, 'saved_from_name': None, 'saved_date': None, 'psa_type': None}",,,,,5.888848927225135e+18,,242.0,0.0,,,Joshy,1.3651957923767968e+16,,[],
paacraxpro,https://t.me/paacraxpro,6460,2024-01-29 02:19:00,"You da real fucking goat. For sure gotta give bro that just first deal with u, thanks for da linkable card love u dude we good ❤️",False,False,False,False,True,False,False,False,False,False,1555506754,,"{'_': 'MessageFwdHeader', 'date': '2024-01-29T02:04:06+00:00', 'imported': False, 'saved_out': False, 'from_id': None, 'from_name': 'Money Talks', 'channel_post': None, 'post_author': None, 'saved_from_peer': None, 'saved_from_msg_id': None, 'saved_from_id': None, 'saved_from_name': None, 'saved_date': None, 'psa_type': None}",,,,,,,232.0,0.0,,,Joshy,,,[],
paacraxpro,https://t.me/paacraxpro,6461,2024-01-29 02:19:00,You’ve been loyal to me <PERSON>. <PERSON> I’m in definitely we gonna do more shit,False,False,False,False,True,False,False,False,False,False,1555506754,,"{'_': 'MessageFwdHeader', 'date': '2024-01-29T02:07:49+00:00', 'imported': False, 'saved_out': False, 'from_id': None, 'from_name': 'Jas 🕰️', 'channel_post': None, 'post_author': None, 'saved_from_peer': None, 'saved_from_msg_id': None, 'saved_from_id': None, 'saved_from_name': None, 'saved_date': None, 'psa_type': None}",,,,,5.888848927225135e+18,,214.0,0.0,,,Joshy,,,[],
paacraxpro,https://t.me/paacraxpro,6462,2024-01-29 02:19:01,Sent please check,False,False,False,False,True,False,False,False,False,False,1555506754,,"{'_': 'MessageFwdHeader', 'date': '2024-01-29T02:08:57+00:00', 'imported': False, 'saved_out': False, 'from_id': None, 'from_name': 'Multi Jr.', 'channel_post': None, 'post_author': None, 'saved_from_peer': None, 'saved_from_msg_id': None, 'saved_from_id': None, 'saved_from_name': None, 'saved_date': None, 'psa_type': None}",,,,,5.888848927225135e+18,,233.0,0.0,,,Joshy,,,[],
paacraxpro,https://t.me/paacraxpro,6463,2024-01-29 02:19:01,Bet Appreciate you <PERSON> we locked in …First time stopping coming for that chat next your logs legit,False,False,False,False,True,False,False,False,False,False,1555506754,,"{'_': 'MessageFwdHeader', 'date': '2024-01-29T02:09:26+00:00', 'imported': False, 'saved_out': False, 'from_id': None, 'from_name': 'Multi Jr.', 'channel_post': None, 'post_author': None, 'saved_from_peer': None, 'saved_from_msg_id': None, 'saved_from_id': None, 'saved_from_name': None, 'saved_date': None, 'psa_type': None}",,,,,5.888848927225135e+18,,275.0,0.0,,,Joshy,,,[],
paacraxpro,https://t.me/paacraxpro,6464,2024-01-29 02:19:01,It valid logs the logged in come through thanks joshyyyyy,False,False,False,False,True,False,False,False,False,False,1555506754,,"{'_': 'MessageFwdHeader', 'date': '2024-01-29T02:12:54+00:00', 'imported': False, 'saved_out': False, 'from_id': None, 'from_name': 'Hotmail Buyer', 'channel_post': None, 'post_author': None, 'saved_from_peer': None, 'saved_from_msg_id': None, 'saved_from_id': None, 'saved_from_name': None, 'saved_date': None, 'psa_type': None}",,,,,5.888848927225135e+18,,294.0,0.0,,,Joshy,,,[],
paacraxpro,https://t.me/paacraxpro,6467,2024-01-29 16:33:23,https://controlc.com/de5c62f7,False,False,False,False,True,False,False,False,False,False,1555506754,,,,,,,,,387.0,1.0,,,Joshy,,,[],
paacraxpro,https://t.me/paacraxpro,6468,2024-01-29 16:33:23,https://controlc.com/51812bdb,False,False,False,False,True,False,False,False,False,False,1555506754,,,,,,,,,399.0,1.0,,,Joshy,,,[],
paacraxpro,https://t.me/paacraxpro,6469,2024-01-29 16:33:23,https://controlc.com/b5797797,False,False,False,False,True,False,False,False,False,False,1555506754,,,,,,,,,410.0,1.0,,,Joshy,,,[],
paacraxpro,https://t.me/paacraxpro,6470,2024-01-29 16:33:30,"🤩<NRP>️FIRE LINKABLES⭐️🤩

<PERSON> on sale!! 

Can be linked to cashapp, paypal or <PERSON>!! 

🤑 Same day cashout! 
💯 Free walkthrough

<PERSON> or @JoshyTheBot to buy",False,False,False,False,True,False,False,False,False,False,1555506754,,,,,,,,,429.0,1.0,,,Joshy,,,[],
paacraxpro,https://t.me/paacraxpro,6471,2024-01-30 13:46:55,"🤩🤑TAX REFUND🤑🤩

Tax refund is going crazy yall! Dont sleep on this wave! 

They are even offering advance claim!!

We had a great time off since <DATE_TIME> lol!! Time to get back to work!! 

Tax Refund sauce is complete beginners friendly, its risk free and confirmed income. You can repeat the sauce multiple times!!

<PERSON> or @JoshyTheBot to get started with Tax Refund Sauce!!!",False,False,False,False,True,False,False,False,False,False,1555506754,,,,,,,5.028622846770916e+18,,388.0,0.0,,,Joshy,1.3652979323940888e+16,,[],
paacraxpro,https://t.me/paacraxpro,6472,2024-01-30 13:46:55,,False,False,False,False,True,False,False,False,False,False,1555506754,,,,,,,5.028622846770916e+18,,406.0,0.0,,,Joshy,1.3652979323940888e+16,,[],
paacraxpro,https://t.me/paacraxpro,6475,2024-02-05 02:46:56,Invite your friends to @PaaCraxPro and send me the screenshot at @ThePaaBot and get a free cc or a sauce for every successful referral!!,False,False,False,False,True,False,False,False,False,False,1555506754,,,,,,,,,343.0,1.0,,,Joshy,,,[],
paacraxpro,https://t.me/paacraxpro,6476,2024-02-05 09:17:50,https://controlc.com/1ea5f971,False,False,False,False,True,False,False,False,False,False,1555506754,,,,,,,,,333.0,1.0,,,Joshy,,,[],
paacraxpro,https://t.me/paacraxpro,6477,2024-02-05 09:17:50,https://controlc.com/668329bb,False,False,False,False,True,False,False,False,False,False,1555506754,,,,,,,,,324.0,1.0,,,Joshy,,,[],
paacraxpro,https://t.me/paacraxpro,6478,2024-02-05 09:17:50,https://controlc.com/56e28b3e,False,False,False,False,True,False,False,False,False,False,1555506754,,,,,,,,,321.0,1.0,,,Joshy,,,[],
paacraxpro,https://t.me/paacraxpro,6481,2024-02-07 16:49:17,"💯✅HIGH SCORE <PERSON> on sale! With high credit score! 

Suitable for
✅ Loans
✅ Tax Refuns
✅ Open ups
✅ Verifications 
And a lot more 

<PERSON> or @JoshyTheBot to buy",False,False,False,False,True,False,False,False,False,False,1555506754,,,,,,,,,237.0,0.0,,,Joshy,,,[],
paacraxpro,https://t.me/paacraxpro,6482,2024-02-08 09:08:26,https://controlc.com/021f75e8,False,False,False,False,True,False,False,False,False,False,1555506754,,,,,,,,,266.0,1.0,,,Joshy,,,[],
paacraxpro,https://t.me/paacraxpro,6483,2024-02-08 09:08:26,https://controlc.com/bf3c826d,False,False,False,False,True,False,False,False,False,False,1555506754,,,,,,,,,281.0,1.0,,,Joshy,,,[],
paacraxpro,https://t.me/paacraxpro,6484,2024-02-08 09:08:26,<PERSON>,False,False,False,False,True,False,False,False,False,False,1555506754,,,,,,,,,284.0,3.0,,,Joshy,,,[],
paacraxpro,https://t.me/paacraxpro,6485,2024-02-08 09:08:26,https://controlc.com/7e8f7967,False,False,False,False,True,False,False,False,False,False,1555506754,,,,,,,,,279.0,1.0,,,Joshy,,,[],
paacraxpro,https://t.me/paacraxpro,6486,2024-02-08 16:40:13,"✅  Spamming CLASSES 

Join the best spamming classes by PremiumAccountsArena ( @PaaCraxPro )

Join my <DATE_TIME> Spamming course now!! 

Where I teach
how to get cpanel,shell
how to host scampage 
How to generate/validate email and sms leads
How to spam email/sms leads INBOX HIT


➡️Classes will be on anydesk
💵All tools will be provided
🏧Will guide you till you get results 
Free support always 

DM @ThePaaBot",False,False,False,False,True,False,False,False,False,False,1555506754,,,,,,,4.92271750882641e+18,,222.0,0.0,,,Joshy,1.3659283306159392e+16,,[],
paacraxpro,https://t.me/paacraxpro,6487,2024-02-08 16:40:13,,False,False,False,False,True,False,False,False,False,False,1555506754,,,,,,,4.92271750882641e+18,,216.0,0.0,,,Joshy,1.3659283306159392e+16,,[],
paacraxpro,https://t.me/paacraxpro,6488,2024-02-10 17:15:32,"❤️‍🔥🔥CASHAPP SAUCE🔥❤️‍🔥

Cashapp is hitting back to back! People been takin full advantage of the this shit!! 

Look at all the feedbacks and cashout amounts!! 

Fun Fact: Cashapp Sauce gives an average ROI (Return On Investment)of 130%!!! 

Sauce comes with 
❤️‍🔥 Full walkthrough 
❤️‍🔥 Free linkable 
❤️‍🔥 Step by step guide!

This sauce is designed to work in ANY COUNTRY even if your country doesn’t support cashapp!!

<PERSON> to buy!!",False,False,False,False,True,False,False,True,False,False,1555506754,,,,,,,,,174.0,0.0,,2024-02-11T17:01:13+00:00,Joshy,,"{'_': 'MessageReactions', 'results': [], 'min': False, 'can_see_list': False, 'reactions_as_tags': False, 'recent_reactions': []}",[],
paacraxpro,https://t.me/paacraxpro,6489,2024-02-11 03:02:20,"Cool Everything went through I’m speechless rn boss I fuck with you fr, thanks for the tutorial and guide. I will let you know how  if everything pop preciate you boss",False,False,False,False,True,False,False,False,False,False,1555506754,,"{'_': 'MessageFwdHeader', 'date': '2024-02-11T02:54:08+00:00', 'imported': False, 'saved_out': False, 'from_id': None, 'from_name': 'Thug Semi', 'channel_post': None, 'post_author': None, 'saved_from_peer': None, 'saved_from_msg_id': None, 'saved_from_id': None, 'saved_from_name': None, 'saved_date': None, 'psa_type': None}",,,,,5.929220941202702e+18,,166.0,0.0,,,Joshy,,,[],
paacraxpro,https://t.me/paacraxpro,6490,2024-02-11 03:02:20,,False,False,False,False,True,False,False,False,False,False,1555506754,,"{'_': 'MessageFwdHeader', 'date': '2024-02-11T02:56:10+00:00', 'imported': False, 'saved_out': False, 'from_id': None, 'from_name': 'Dawn M', 'channel_post': None, 'post_author': None, 'saved_from_peer': None, 'saved_from_msg_id': None, 'saved_from_id': None, 'saved_from_name': None, 'saved_date': None, 'psa_type': None}",,,,,5.929220941202702e+18,,160.0,0.0,,,Joshy,,,[],
paacraxpro,https://t.me/paacraxpro,6491,2024-02-11 03:02:20,"Good looking submitted <PERSON> you great biz fasho can vouch for ya fasho, you super legit <PERSON>",False,False,False,False,True,False,False,False,False,False,1555506754,,"{'_': 'MessageFwdHeader', 'date': '2024-02-11T02:56:13+00:00', 'imported': False, 'saved_out': False, 'from_id': None, 'from_name': 'Dawn M', 'channel_post': None, 'post_author': None, 'saved_from_peer': None, 'saved_from_msg_id': None, 'saved_from_id': None, 'saved_from_name': None, 'saved_date': None, 'psa_type': None}",,,,,,,145.0,0.0,,,Joshy,,,[],
paacraxpro,https://t.me/paacraxpro,6492,2024-02-11 03:02:20,Sent,False,False,False,False,True,False,False,False,False,False,1555506754,,"{'_': 'MessageFwdHeader', 'date': '2024-02-11T02:58:37+00:00', 'imported': False, 'saved_out': False, 'from_id': None, 'from_name': 'Dave Dealer', 'channel_post': None, 'post_author': None, 'saved_from_peer': None, 'saved_from_msg_id': None, 'saved_from_id': None, 'saved_from_name': None, 'saved_date': None, 'psa_type': None}",,,,,5.929220941202702e+18,,158.0,0.0,,,Joshy,,,[],
paacraxpro,https://t.me/paacraxpro,6493,2024-02-11 03:02:21,,False,False,False,False,True,False,False,False,False,False,1555506754,,"{'_': 'MessageFwdHeader', 'date': '2024-02-11T02:59:20+00:00', 'imported': False, 'saved_out': False, 'from_id': None, 'from_name': 'Dave Dealer', 'channel_post': None, 'post_author': None, 'saved_from_peer': None, 'saved_from_msg_id': None, 'saved_from_id': None, 'saved_from_name': None, 'saved_date': None, 'psa_type': None}",,,,,5.929220941202702e+18,,184.0,0.0,,,Joshy,,,[],
paacraxpro,https://t.me/paacraxpro,6494,2024-02-11 03:02:21,Valid tut bro everything walkthrough was lit ima gonna send my niggas on ur way rn you vouched fasho,False,False,False,False,True,False,False,False,False,False,1555506754,,"{'_': 'MessageFwdHeader', 'date': '2024-02-11T03:00:25+00:00', 'imported': False, 'saved_out': False, 'from_id': None, 'from_name': 'Dave Dealer', 'channel_post': None, 'post_author': None, 'saved_from_peer': None, 'saved_from_msg_id': None, 'saved_from_id': None, 'saved_from_name': None, 'saved_date': None, 'psa_type': None}",,,,,,,170.0,0.0,,,Joshy,,,[],
paacraxpro,https://t.me/paacraxpro,6495,2024-02-11 03:18:35,"🤩⭐️TAX REFUND SAUCE⭐️🤩

Tax refund sauce is hitting back to back!! Its the time of year we start hustling., makin that bag!! 

Dont sleep on this wave people before you get serious we be cashin out! 

I have walked through atleat 90 brothers <DATE_TIME> on Tax Refund Sauce! Everyone of them got atleast 30x their investment! 

Sauce comes with
⭐️ Free Walkthrough
⭐️ Free Fullz
⭐️ Step by step guide

<PERSON> or @JoshyTheBot to buy 🎉💰",False,False,False,False,True,False,False,False,False,False,1555506754,,,,,,,5.062175084042628e+18,,298.0,1.0,,,Joshy,,,[],
paacraxpro,https://t.me/paacraxpro,6496,2024-02-11 06:25:46,https://controlc.com/032df6f6,False,False,False,False,True,False,False,False,False,False,1555506754,,,,,,,,,291.0,1.0,,,Joshy,,,[],
paacraxpro,https://t.me/paacraxpro,6497,2024-02-11 06:25:46,https://controlc.com/9c243439,False,False,False,False,True,False,False,False,False,False,1555506754,,,,,,,,,352.0,2.0,,,Joshy,,,[],
paacraxpro,https://t.me/paacraxpro,6498,2024-02-11 06:25:46,<PERSON>,False,False,False,False,True,False,False,False,False,False,1555506754,,,,,,,,,310.0,1.0,,,Joshy,,,[],
paacraxpro,https://t.me/paacraxpro,6499,2024-02-11 06:25:46,https://controlc.com/e0c44656,False,False,False,False,True,False,False,False,False,False,1555506754,,,,,,,,,300.0,1.0,,,Joshy,,,[],
paacraxpro,https://t.me/paacraxpro,6500,2024-02-11 06:25:46,https://controlc.com/782f812a,False,False,False,False,True,False,False,False,False,False,1555506754,,,,,,,,,287.0,1.0,,,Joshy,,,[],
paacraxpro,https://t.me/paacraxpro,6501,2024-02-11 06:25:46,https://controlc.com/db09ef71,False,False,False,False,True,False,False,False,False,False,1555506754,,,,,,,,,294.0,1.0,,,Joshy,,,[],
paacraxpro,https://t.me/paacraxpro,6504,2024-02-12 11:31:56,"🤩 TAX REFUND SAUCE 🤩

Tax refund sauce is hitting back to back yaal!! With a minimum hit of about $2000 its the best way to get started!!

One good application can make you enough to settle you for the rest of <DATE_TIME>!! 

⭐️ Sauce comes with free walkthrough
⭐️ Full support until first hit

🤩 Sauce can be repeated multiple times!! 

<PERSON> to get started!!",False,False,False,False,True,False,False,False,False,False,1555506754,,,,,,,5.044521037584248e+18,,223.0,0.0,,,Joshy,1.3661900130696888e+16,,[],
paacraxpro,https://t.me/paacraxpro,6505,2024-02-12 11:31:56,,False,False,False,False,True,False,False,False,False,False,1555506754,,,,,,,5.044521037584248e+18,,218.0,0.0,,,Joshy,1.3661900130696888e+16,,[],
paacraxpro,https://t.me/paacraxpro,6506,2024-02-13 09:48:15,"😍🚀IPHONE 15 SAUCE🚀😍

iPhone 15 sauce is hitting like crazy!! Everyones getting their new iphone this <DATE_TIME>!!

Dont get left behind, get your new iphone now!! 

Sauce comes with 
<PERSON>
✅ Full Step by step tutorial 
✅ Free Walkthrough 

<PERSON> now to get started!!",False,False,False,False,True,False,False,False,False,False,1555506754,,,,,,,5.028406882930372e+18,,218.0,1.0,,,Joshy,,,[],
paacraxpro,https://t.me/paacraxpro,6507,2024-02-16 17:29:57,"👉🏻🔥CASHAPP GLITCH🔥👈🏻

CASHAPP CASHAPP CASHAPP!!! Cashapp sauce is everywhere around the town! Everyones been cashin out. 

This shit is makin people filthy rich!!

If youre not into cashapp yet, youre wasting a lot of time and opportunity!!

It works in any country in any device. So, stop saying excuses and get this bread now! 

Get your hands on cashapp before its too late!! 

✅ Sauce comes with free linkable
✅ Free Walkthrough 
✅ Step by step tutorial

Dm @JoshyTheBot or @ThePaaBot to buy",False,False,False,False,True,False,False,False,False,False,1555506754,,,,,,,,,199.0,1.0,,,Joshy,,,[],
paacraxpro,https://t.me/paacraxpro,6508,2024-02-16 17:30:03,"🤩💰CASHAPP GLITCH💰🤩

Cashapp sauce is still green and hitting!

You can basically cashout $1000s with this sauce!! 

Cashapp sauce is undoubtedly one of my best sellers ever!! This sauce made people survive throughout <DATE_TIME>!

Its a one time investment as you can repeat this sauce again and again!!

Now the sauce comes with 
✅ Free linkable 
✅ Free walk through 
✅ Step by step tutorial

Dont just sit there and wait for the things to happen! Do something about it! Take action! Now!!

<PERSON> or @JoshyTheBot now!",False,False,False,False,True,False,False,False,False,False,1555506754,,,,,,,,,185.0,1.0,,,Joshy,,,[],
paacraxpro,https://t.me/paacraxpro,6509,2024-02-16 17:30:20,,False,False,False,False,True,False,False,False,False,False,1555506754,,,,,,,4.931816371273182e+18,,208.0,2.0,,,Joshy,1.3664836961200824e+16,,[],
paacraxpro,https://t.me/paacraxpro,6510,2024-02-16 17:30:20,"🤩PREMIUM GROUP🤩

🌟LIFETIME OFFER🌟

Tired of competition? The free giveaways are too hard to claim? Thats because huge traffic on those giveaways..

Join our premium group now to get exclusive drops like

✅ Private Premium accounts like Netflix, Amazon Prime, YT Premium, Spotify and more..
✅ CCs (a lot)
<PERSON> Private tools
<PERSON> AOLs
✅ Tutorials
✅ Many more.

And most importantly, less competition. So everyone gets a piece of the drops

Now its usually $99 a month. 

Theres an offer goin on where you can get a lifetime access to the private group for just $80 ✅✅
  

And Premium Group members get special discounts on any purchase🔥🔥😱

Limited time offer <PERSON>

<PERSON> now <PERSON>",False,False,False,False,True,False,False,False,False,False,1555506754,,,,,,,4.931816371273182e+18,,219.0,2.0,,,Joshy,1.3664836961200824e+16,,[],
paacraxpro,https://t.me/paacraxpro,6511,2024-02-17 07:42:24,"<PERSON>️x1000 Hotmail FA Available in Stock
Country : United State | United Kingdom

🎫100 % Private | Full Access

🕰️Delivery Time : Instant 

💰Payment Method :

USDT TRC20 
BITCOIN (BTC)
ETHEREUM (ETH)
LITECOIN (LTC)
TRON (TRX)

» To purchase, <PERSON>",False,False,False,False,True,False,False,False,False,False,1555506754,,,,,,,5.080231895354158e+18,,168.0,1.0,,,Joshy,,,[],
paacraxpro,https://t.me/paacraxpro,6512,2024-02-17 08:03:32,"Apple Music <DATE_TIME> (Free)

https://www.shazam.com/applemusic

- Claim the Offer Now
- Share Proofs @PremiumAccountsArena_Bot

- Join Us For More @PaaCraxPro",False,False,False,False,True,False,False,True,False,False,1555506754,,,,,,,5.080231895354158e+18,,192.0,2.0,,2024-02-17T08:03:41+00:00,Joshy,,"{'_': 'MessageReactions', 'results': [{'_': 'ReactionCount', 'reaction': {'_': 'ReactionEmoji', 'emoticon': '❤'}, 'count': 1, 'chosen_order': None}, {'_': 'ReactionCount', 'reaction': {'_': 'ReactionEmoji', 'emoticon': '🏆'}, 'count': 1, 'chosen_order': None}], 'min': False, 'can_see_list': False, 'reactions_as_tags': False, 'recent_reactions': []}",[],
paacraxpro,https://t.me/paacraxpro,6513,2024-02-17 16:51:49,"<CREDIT_CARD>|09|26|480|Sanchez Virginia|1903 <PERSON> <EMAIL_ADDRESS>

⭐️ Join @PaaCraXPro for more
⭐️ DM @ThePaaBot to buy Logs",False,False,False,False,True,False,False,False,False,False,1555506754,,,,,,,,,257.0,4.0,,,Joshy,,,[],
paacraxpro,https://t.me/paacraxpro,6514,2024-02-17 16:52:19,"<CREDIT_CARD>|09|26|700|Cody Tonya|6733 SE Cougar Mountain Way|Bellevue|WA|98006|US|<PHONE_NUMBER>|tc

⭐️ Join @PaaCraXPro for more
⭐️ DM @ThePaaBot to buy Logs",False,False,False,False,True,False,False,False,False,False,1555506754,,,,,,,,,209.0,2.0,,,Joshy,,,[],
paacraxpro,https://t.me/paacraxpro,6515,2024-02-17 16:52:38,ALL CCS WILL BE DELETED IN <DATE_TIME>!,False,False,False,False,True,False,False,False,False,False,1555506754,,,,,,,,,213.0,1.0,,,Joshy,,,[],
paacraxpro,https://t.me/paacraxpro,6516,2024-02-18 17:03:03,"🤩$40 SALE🤩

$40 sale is back yall!!!<PERSON>

Buy any sauce, method, course, tools, ccs, IDs, subscriptions, premium accounts anything at just $40!! <PERSON>

🕰️  Sale is for <DATE_TIME> 🕰️ 

Sale covers
<PERSON>
Coinbase
Ccs
Carding course
Spamming course
Tools
Scama pages
Vpns
Premium accounts
Loan sauces
Fullz
Tax refund sauce
PREMIUM GROUP MEMBERSHIPS
LOAN GROUP MEMBERSHIP
PRIVILEGED MEMBERSHIP
Coinomi sauce and etc


Literally everything I sell can be bought at $40 within <DATE_TIME> 😳😱

Take full advantage of this sale

<PERSON> or @JoshyTheBot for your orders 💯💰🔥✅",False,False,False,False,True,False,False,True,False,False,1555506754,,,,,,,,,147.0,0.0,,2024-02-19T05:50:50+00:00,Joshy,,"{'_': 'MessageReactions', 'results': [], 'min': False, 'can_see_list': False, 'reactions_as_tags': False, 'recent_reactions': []}",[],
paacraxpro,https://t.me/paacraxpro,6517,2024-02-19 05:50:43,<PERSON>,False,False,False,False,True,False,False,False,False,False,1555506754,,,,,,,,,156.0,1.0,,,Joshy,,,[],
paacraxpro,https://t.me/paacraxpro,6518,2024-02-19 05:50:43,https://controlc.com/008818c0,False,False,False,False,True,False,False,False,False,False,1555506754,,,,,,,,,159.0,1.0,,,Joshy,,,[],
paacraxpro,https://t.me/paacraxpro,6519,2024-02-19 05:50:43,https://controlc.com/2f57b9de,False,False,False,False,True,False,False,False,False,False,1555506754,,,,,,,,,162.0,3.0,,,Joshy,,,[],
paacraxpro,https://t.me/paacraxpro,6520,2024-02-19 05:50:44,https://controlc.com/d96a4d2a,False,False,False,False,True,False,False,False,False,False,1555506754,,,,,,,,,156.0,1.0,,,Joshy,,,[],
paacraxpro,https://t.me/paacraxpro,6521,2024-02-19 05:50:44,https://controlc.com/e7289bd1,False,False,False,False,True,False,False,False,False,False,1555506754,,,,,,,,,160.0,1.0,,,Joshy,,,[],
paacraxpro,https://t.me/paacraxpro,6522,2024-02-19 05:50:44,https://controlc.com/a5027aeb,False,False,False,False,True,False,False,False,False,False,1555506754,,,,,,,,,166.0,1.0,,,Joshy,,,[],
paacraxpro,https://t.me/paacraxpro,6523,2024-02-19 05:50:44,https://controlc.com/a5027aeb,False,False,False,False,True,False,False,False,False,False,1555506754,,,,,,,,,170.0,1.0,,,Joshy,,,[],
paacraxpro,https://t.me/paacraxpro,6524,2024-02-19 05:50:44,https://controlc.com/9f1b9330,False,False,False,False,True,False,False,False,False,False,1555506754,,,,,,,,,174.0,1.0,,,Joshy,,,[],
paacraxpro,https://t.me/paacraxpro,6525,2024-02-19 05:50:44,https://controlc.com/ea29d76a,False,False,False,False,True,False,False,False,False,False,1555506754,,,,,,,,,179.0,1.0,,,Joshy,,,[],
paacraxpro,https://t.me/paacraxpro,6526,2024-02-19 05:50:44,https://controlc.com/11730e0f,False,False,False,False,True,False,False,False,False,False,1555506754,,,,,,,,,177.0,1.0,,,Joshy,,,[],
paacraxpro,https://t.me/paacraxpro,6527,2024-02-19 05:50:44,https://controlc.com/807ed94c,False,False,False,False,True,False,False,False,False,False,1555506754,,,,,,,,,178.0,1.0,,,Joshy,,,[],
paacraxpro,https://t.me/paacraxpro,6528,2024-02-19 05:50:44,https://controlc.com/df44d941,False,False,False,False,True,False,False,False,False,False,1555506754,,,,,,,,,178.0,1.0,,,Joshy,,,[],
paacraxpro,https://t.me/paacraxpro,6529,2024-02-19 05:50:44,https://controlc.com/1e54b738,False,False,False,False,True,False,False,False,False,False,1555506754,,,,,,,,,177.0,1.0,,,Joshy,,,[],
paacraxpro,https://t.me/paacraxpro,6530,2024-02-19 16:13:31,"TODAYS GIVEAWAYS DROPPED!!

✅ AMC+
✅ STEAM
✅ NETFLIX 
N more

================
🛍️🤑Check Our Shop:
<PERSON> https://shoppy.gg/@amal004
================



👉🏻 Whatsapp  Channel
https://whatsapp.com/channel/0029VaDqQpNJ3jv55EYEdO1M

👉🏻WEBSITE: 
premiumaccountsarena.weebly.com/

👉🏻 Only in Telegram Giveaways
 channel <NRP>

👉🏻 JOIN DISCORD FOR MORE:
 https://discord.gg/7skMQugaqt

Social Media Accounts:

Reddit: https://www.reddit.com/r/CashoutSauces/s/EpJDKK2EQ9

Viber: <PERSON>

ICQ: https://icq.im/AoLG0bhcGpjkVEbEMH4

Element: https://matrix.to/#/%23premiumaccountsarena%3Amatrix.org



⭐️ <PERSON> BY: t.me/PaaCraxPro ⭐️

🧨🧨🧨🧨🧨🧨🧨🧨🧨🧨🧨🧨
Donate BTC here: bc1qd9a0ld4k472d02ej6f9585ukr6ad7tce2eckfj
<PERSON>
🧨🧨🧨🧨🧨🧨🧨🧨🧨🧨🧨🧨🧨",False,False,False,False,True,False,False,False,False,False,1555506754,,,,,,,,,210.0,3.0,,,Joshy,,,[],
paacraxpro,https://t.me/paacraxpro,6531,2024-02-19 16:13:31,"<PERSON>APPLEPAY SAUCE🤩🔥

Apple pay sauce us banging like shit yall!!

Dont miss this wave. A lot of em are already doin it!

Sauce comes with a free attachable debit card 

<PERSON> or @JoshyTheBot for the sauce

EXTRA 20% OFF FOR PREMIUM GROUP MEMBERS",False,False,False,False,True,False,False,False,False,False,1555506754,,,,,,,,,121.0,0.0,,,Joshy,,,[],
paacraxpro,https://t.me/paacraxpro,6532,2024-02-20 04:25:23,"💥 TAX SAUCE 💥

A lot of retards are submitting tax returns only to get rejected cuz they are all using cheap brunt methods to file taxes that are posted on other groups or channels for free! 

This is where my tax sauce differs. 

👉🏻First I will teach you how to make a good W2 Form!

👉🏻And then, I will show you how to get a good EIN.

Amount approval will be between $5000 to $10,000. 

People think my tax refund sauce is only about how to file taxes lol no thats not it! 

I will help you make a W2 and EIN to maximise the approval amount. 

#W2Claim 

🏷️Price: $300
💰Payment: Crypto

<PERSON> or @JoshyTheBot to buy",False,False,False,False,True,False,False,False,False,False,1555506754,,,,,,,5.089514470732049e+18,,126.0,1.0,,,Joshy,,,[],
paacraxpro,https://t.me/paacraxpro,6533,2024-02-20 15:54:30,,False,False,False,False,True,False,False,False,False,False,1555506754,,,,,,,4.931816371273182e+18,,108.0,0.0,,,Joshy,1.3667555762394496e+16,,[],
paacraxpro,https://t.me/paacraxpro,6534,2024-02-20 15:54:30,"🤩PREMIUM GROUP🤩

🌟LIFETIME OFFER🌟

Tired of competition? The free giveaways are too hard to claim? Thats because huge traffic on those giveaways..

Join our premium group now to get exclusive drops like

✅ Private Premium accounts like Netflix, Amazon Prime, YT Premium, Spotify and more..
✅ CCs (a lot)
<PERSON> Private tools
<PERSON> AOLs
✅ Tutorials
✅ Many more.

And most importantly, less competition. So everyone gets a piece of the drops

Now its usually $99 a month. 

Theres an offer goin on where you can get a lifetime access to the private group for just $80 ✅✅
  

And Premium Group members get special discounts on any purchase🔥🔥😱

Limited time offer <PERSON>

<PERSON> now <PERSON>",False,False,False,False,True,False,False,False,False,False,1555506754,,,,,,,4.931816371273182e+18,,108.0,0.0,,,Joshy,1.3667555762394496e+16,,[],
paacraxpro,https://t.me/paacraxpro,6535,2024-02-21 09:10:00,"😍🚀IPHONE 15 SAUCE🚀😍

iPhone 15 sauce is hitting like crazy!! Everyones getting their new iphone this <DATE_TIME>!!

Dont get left behind, get your new iphone now!! 

Sauce comes with 
<PERSON>
✅ Full Step by step tutorial 
✅ Free Walkthrough 

<PERSON> now to get started!!",False,False,False,False,True,False,False,False,False,False,1555506754,,,,,,,5.028406882930372e+18,,110.0,0.0,,,Joshy,,,[],
paacraxpro,https://t.me/paacraxpro,6536,2024-02-21 17:38:42,"Introducing #Giftcards Carding for those who are interested only in giftcards..

You can even be absolute beginner to take this course

You will be taught about
✅ Cards
✅ Giftcard sites
✅ GC methods
✅ Payment gateways
✅ Successful order processing

And many more. 

Completely focussed only on GIFTCARDS

START CARDING GIFTCARDS FROM <DATE_TIME>!

DM @joshythebot to join the #course",False,False,False,False,True,False,False,False,False,False,1555506754,,,,,,,6.055429066296766e+18,,96.0,0.0,,,Joshy,,,[],
paacraxpro,https://t.me/paacraxpro,6537,2024-02-22 08:13:06,<PERSON> gang your totally verified here fasho it’s all good. My niggas been asking where I been shopping sauces so I’m bring you some more big spenders! Bless you big dawg you real vendor,False,False,False,False,True,False,False,False,False,False,1555506754,,"{'_': 'MessageFwdHeader', 'date': '2024-02-22T08:08:18+00:00', 'imported': False, 'saved_out': False, 'from_id': None, 'from_name': 'Gold & Silver', 'channel_post': None, 'post_author': None, 'saved_from_peer': None, 'saved_from_msg_id': None, 'saved_from_id': None, 'saved_from_name': None, 'saved_date': None, 'psa_type': None}",,,,,5.960976086848356e+18,,74.0,0.0,,,Joshy,,,[],
paacraxpro,https://t.me/paacraxpro,6538,2024-02-22 08:13:06,"<PERSON>, it’s legit linkable card good biz I’m comin back for more no cappp, only real vendor here 💯💯",False,False,False,False,True,False,False,False,False,False,1555506754,,"{'_': 'MessageFwdHeader', 'date': '2024-02-22T08:09:54+00:00', 'imported': False, 'saved_out': False, 'from_id': None, 'from_name': 'Fett Fam', 'channel_post': None, 'post_author': None, 'saved_from_peer': None, 'saved_from_msg_id': None, 'saved_from_id': None, 'saved_from_name': None, 'saved_date': None, 'psa_type': None}",,,,,5.960976086848356e+18,,78.0,0.0,,,Joshy,1.3668716690417224e+16,,[],
paacraxpro,https://t.me/paacraxpro,6539,2024-02-22 08:13:06,,False,False,False,False,True,False,False,False,False,False,1555506754,,"{'_': 'MessageFwdHeader', 'date': '2024-02-22T08:09:54+00:00', 'imported': False, 'saved_out': False, 'from_id': None, 'from_name': 'Fett Fam', 'channel_post': None, 'post_author': None, 'saved_from_peer': None, 'saved_from_msg_id': None, 'saved_from_id': None, 'saved_from_name': None, 'saved_date': None, 'psa_type': None}",,,,,5.960976086848356e+18,,74.0,0.0,,,Joshy,1.3668716690417224e+16,,[],
paacraxpro,https://t.me/paacraxpro,6540,2024-02-22 08:13:06,"<DATE_TIME> live linkable vouched, happy to shop with you boss, it linked to my Apple Pay smoothly glooks thanks <PERSON>!!",False,False,False,False,True,False,False,False,False,False,1555506754,,"{'_': 'MessageFwdHeader', 'date': '2024-02-22T08:10:49+00:00', 'imported': False, 'saved_out': False, 'from_id': None, 'from_name': 'HUBB🔥', 'channel_post': None, 'post_author': None, 'saved_from_peer': None, 'saved_from_msg_id': None, 'saved_from_id': None, 'saved_from_name': None, 'saved_date': None, 'psa_type': None}",,,,,5.960976086848356e+18,,81.0,0.0,,,Joshy,,,[],
paacraxpro,https://t.me/paacraxpro,6541,2024-02-22 08:13:06,"<PERSON> it worked good I jus linked to my my cash app acct. you goat for this shit I swear never meet anyone like you here, that’s fact thank you so much brother",False,False,False,False,True,False,False,False,False,False,1555506754,,"{'_': 'MessageFwdHeader', 'date': '2024-02-22T08:11:59+00:00', 'imported': False, 'saved_out': False, 'from_id': None, 'from_name': 'Jonni bo', 'channel_post': None, 'post_author': None, 'saved_from_peer': None, 'saved_from_msg_id': None, 'saved_from_id': None, 'saved_from_name': None, 'saved_date': None, 'psa_type': None}",,,,,,,86.0,0.0,,,Joshy,,,[],
paacraxpro,https://t.me/paacraxpro,6542,2024-02-22 08:17:21,"💰FIRE LINKABLES💰

And the wait is over. The linkables you all been asking for are back in stock!!

🔥 Fire bins
🔥 HQ Linkables
🔥 100% guaranteed hit
🔥 Instant replacement warranty 💯💯

Connect it to your Cashapp, <PERSON>, Coinbase or whatever and cashout instantly 🔥🔥

💰 <PERSON> or @JoshyTheBot to buy",False,False,False,False,True,False,False,True,False,False,1555506754,,,,,,,,,110.0,2.0,,2024-02-22T14:03:03+00:00,Joshy,,"{'_': 'MessageReactions', 'results': [{'_': 'ReactionCount', 'reaction': {'_': 'ReactionEmoji', 'emoticon': '❤'}, 'count': 1, 'chosen_order': None}], 'min': False, 'can_see_list': False, 'reactions_as_tags': False, 'recent_reactions': []}",[],
paacraxpro,https://t.me/paacraxpro,6544,2024-02-27 15:52:18,"💥 TAX SAUCE 💥

Tired of seeing peeps getting their tax returns rejected? 🙄 Don't settle for those basic, cheap methods floating around other groups. It's time to level up with my Tax Sauce! 🚀

👉🏻 Learn the secrets to crafting a killer W2 Form that gets the green light every time!

👉🏻 Need an EIN? I got you covered. Get the deets on how to score a solid one.

Approvals? We're talking $5000 to $10,000, no cap! 💸💰

It's not just about filing taxes, my friends. It's about maximizing your return. Let's whip up that W2 and EIN to unlock those big bucks! 💪🏻💼

#W2Claim

🏷️ Price: $300
💰 Payment: Crypto

Ready to level up your tax game? Hit up @ThePaaBot or @JoshyTheBot to snag your Tax Sauce <DATE_TIME>! 📲💥",False,False,False,False,True,False,False,False,False,False,1555506754,,,,,,,5.111758690473586e+18,,12.0,0.0,,,Joshy,,,[],
paacraxpro,https://t.me/paacraxpro,6546,2024-02-28 16:54:19,https://controlc.com/008818c0,False,False,False,False,True,False,False,False,False,False,1555506754,,,,,,,,,20.0,0.0,,,Joshy,,,[],
paacraxpro,https://t.me/paacraxpro,6547,2024-02-28 16:54:19,https://controlc.com/2f57b9de,False,False,False,False,True,False,False,False,False,False,1555506754,,,,,,,,,20.0,0.0,,,Joshy,,,[],
paacraxpro,https://t.me/paacraxpro,6548,2024-02-28 16:54:19,https://controlc.com/d96a4d2a,False,False,False,False,True,False,False,False,False,False,1555506754,,,,,,,,,20.0,0.0,,,Joshy,,,[],
paacraxpro,https://t.me/paacraxpro,6549,2024-02-28 16:54:19,https://controlc.com/e7289bd1,False,False,False,False,True,False,False,False,False,False,1555506754,,,,,,,,,20.0,0.0,,,Joshy,,,[],
paacraxpro,https://t.me/paacraxpro,6551,2024-02-29 01:34:23,"<PERSON>! <NRP>

Hey Squaddies! It’s time for a special giveaway from Premium Accounts Arena! 🌟

To show our appreciation for your support, we’re giving away a FREE premium cashout sauce to one lucky winner! 💰✨

How to Enter:
1️⃣ Drop a Reaction on this post ❤️
2️⃣ Subscribe to @PaaCraxPro on Telegram 🚀
3️⃣ Send “I’m in!” to <PERSON>: Share this post on your Telegram channel or group and send a screenshot to @ThePaaBot for an extra chance to win! 🌐

Giveaway Details:
🎁 Prize: FREE premium cashout sauce
🔥 Winner Announcement: 3rd <DATE_TIME>

Don’t miss your chance to boost your wallet with this exclusive sauce! Join the giveaway now and get ready to secure those bags! 💼💥

Good luck, Squaddies! 🍀✨

- @JoshyTheBot",False,False,False,False,True,False,False,True,False,False,1555506754,,,,,,,5.116251703006572e+18,,9.0,0.0,,2024-02-29T01:46:11+00:00,Joshy,,"{'_': 'MessageReactions', 'results': [{'_': 'ReactionCount', 'reaction': {'_': 'ReactionEmoji', 'emoticon': '❤'}, 'count': 2, 'chosen_order': None}], 'min': False, 'can_see_list': False, 'reactions_as_tags': False, 'recent_reactions': []}",[],
paacraxpro,https://t.me/paacraxpro,6553,2024-03-01 01:25:56,https://controlc.com/5cca4e60,False,False,False,False,True,False,False,False,False,False,1555506754,,,,,,,,,5.0,0.0,,,Joshy,,,[],
paacraxpro,https://t.me/paacraxpro,6554,2024-03-01 01:25:56,<NRP>,False,False,False,False,True,False,False,False,False,False,1555506754,,,,,,,,,5.0,0.0,,,Joshy,,,[],
paacraxpro,https://t.me/paacraxpro,6555,2024-03-01 01:25:56,<NRP>,False,False,False,False,True,False,False,False,False,False,1555506754,,,,,,,,,5.0,0.0,,,Joshy,,,[],
paacraxpro,https://t.me/paacraxpro,6556,2024-03-01 01:25:57,https://controlc.com/3b7a16d2,False,False,False,False,True,False,False,False,False,False,1555506754,,,,,,,,,5.0,0.0,,,Joshy,,,[],
paacraxpro,https://t.me/paacraxpro,6557,2024-03-01 01:25:57,https://controlc.com/480fe169,False,False,False,False,True,False,False,False,False,False,1555506754,,,,,,,,,5.0,0.0,,,Joshy,,,[],
paacraxpro,https://t.me/paacraxpro,6558,2024-03-01 01:25:57,https://controlc.com/bb2a0e98,False,False,False,False,True,False,False,False,False,False,1555506754,,,,,,,,,5.0,0.0,,,Joshy,,,[],
paacraxpro,https://t.me/paacraxpro,6559,2024-03-01 01:25:57,https://controlc.com/18a48cfb,False,False,False,False,True,False,False,False,False,False,1555506754,,,,,,,,,6.0,0.0,,,Joshy,,,[],
paacraxpro,https://t.me/paacraxpro,6560,2024-03-01 01:25:57,https://controlc.com/4fb25fab,False,False,False,False,True,False,False,False,False,False,1555506754,,,,,,,,,6.0,0.0,,,Joshy,,,[],
paacraxpro,https://t.me/paacraxpro,6561,2024-03-01 01:25:57,https://controlc.com/00ddeeb3,False,False,False,False,True,False,False,False,False,False,1555506754,,,,,,,,,6.0,0.0,,,Joshy,,,[],
paacraxpro,https://t.me/paacraxpro,6562,2024-03-01 01:25:57,https://controlc.com/1f7c090e,False,False,False,False,True,False,False,False,False,False,1555506754,,,,,,,,,6.0,0.0,,,Joshy,,,[],
paacraxpro,https://t.me/paacraxpro,6563,2024-03-01 01:25:57,https://controlc.com/99d0808b,False,False,False,False,True,False,False,False,False,False,1555506754,,,,,,,,,6.0,0.0,,,Joshy,,,[],
paacraxpro,https://t.me/paacraxpro,6564,2024-03-01 01:25:57,https://controlc.com/6a6c7af6,False,False,False,False,True,False,False,False,False,False,1555506754,,,,,,,,,6.0,0.0,,,Joshy,,,[],
paacraxpro,https://t.me/paacraxpro,6566,2024-03-02 01:59:12,"😍🤩OPORTUN LOAN🤩😍

<PERSON> is back and paying again!!<PERSON>

For those of you dont know it, we have raped this loan sauce back in <DATE_TIME>! And then, sadly they have stopped accepting new borrowers. 

And now recently they have started accepting new applicants, they are paying anywhere between $1500 to $16000! Depends on the heads you use to apply for the loan! (Dm @JoshyTheBot for HQ high score heads)

⭐️ Its a same day approval loan 💸
⭐️ minimum to 0 rejections!!
⭐️ Everyone get approved if you follow my sauce 

Sauce has two version.
✅Version 1: Only Method & Walkthrough 
✅Version 2: Method & Walkthrough + Heads 

Dm @JoshyTheBot or @ThePaaBot to buy",False,False,False,False,True,False,False,False,False,False,1555506754,,,,,,,5.156708942020193e+18,,7.0,0.0,,,Joshy,,,[],
paacraxpro,https://t.me/paacraxpro,6567,2024-03-02 01:59:12,"🤑💸OPORTUN LOAN SAUCE💸🤑

OPORTUN Sauce is firing!!! 

Every application is getting approved instantly using my method!

It can be $1500 all the way upto $16000 all in same day!! 

Dont sleep on this wave guys! This right here is a game changer!! 

Sauce has two version.
✅Version 1: Only Method & Walkthrough 
✅Version 2: Method & Walkthrough + Heads 


Dm @JoshyTheBot or @ThePaaBot to buy",False,False,False,False,True,False,False,False,False,False,1555506754,,,,6566.0,False,False,5.158960741833879e+18,,6.0,0.0,,,Joshy,,,[],
paacraxpro,https://t.me/paacraxpro,6568,2024-03-02 02:04:25,"💯✅FLASH SALE ON CCS✅💯

Upto 45% off on all cc purchases! Applicable to <PERSON>!!

🔥Linkables works on cashapp, applepay, paypal, coinbase and etc

🔥Ccs work on all online stores like amazon, bestbuy, apple, walmart, newegg and etc

<PERSON> or @JoshyTheBot to buy",False,False,False,False,True,False,False,False,False,False,1555506754,,,,,,,5.16148400076054e+18,,5.0,0.0,,,Joshy,,,[],
paacraxpro,https://t.me/paacraxpro,6570,2024-03-02 02:06:59,"🫸🏻⭐️OUR SERVICES⭐️🫷🏻

Heres a list of services we are offering!

✅ CRACKING ✅
👉🏻 Full A to Z cracking course
👉🏻 Combos
👉🏻 Configs
👉🏻 Proxies
👉🏻 Checkers
👉🏻 Combo & Dorking tools
👉🏻 Combo editors
👉🏻 And more
==========

✅ CARDING ✅
👉🏻 Full A to Z carding course
👉🏻 CCs
👉🏻 Amazon, bestbuy, steam, psn n more methods 
👉🏻 Proxies/Socks
👉🏻 MAC changers
👉🏻 Hard disk serial number spoofers 
👉🏻 Legal Content
👉🏻 And more
==========

 ✅ SPAMMING ✅
👉🏻 Full A to Z spamming course
👉🏻 Spam pages with admin (various banks n websites)
👉🏻 Lead
👉🏻 Cpanles & Webmails
👉🏻 SMTP
👉🏻 Website cloner 
👉🏻 And more
==========

✅ HACKING ✅
👉🏻 Full A to Z hacking course
👉🏻 Mobile Hacking
👉🏻 PC Hacking
👉🏻 Wifi Hacking 
👉🏻 Bruteforcers and dehashers
👉🏻 Tools and softwares
👉🏻 Social media hacking and doxing
👉🏻 And more
==========

✅ LOANS ✅
👉🏻 Education Loans
👉🏻 Business Loans
👉🏻 Personal Loans & Instant loans
👉🏻 FEMA
👉🏻 MA food assistance 
👉🏻 Advantage Loans
👉🏻 And more
==========

<PERSON> or @JoshyTheBot to buy✅💯💯",False,False,False,False,True,False,False,False,True,False,1555506754,,"{'_': 'MessageFwdHeader', 'date': '2023-07-21T08:23:18+00:00', 'imported': False, 'saved_out': False, 'from_id': None, 'from_name': 'Button maker', 'channel_post': None, 'post_author': None, 'saved_from_peer': None, 'saved_from_msg_id': None, 'saved_from_id': None, 'saved_from_name': None, 'saved_date': None, 'psa_type': None}",,,,,6.185708820387446e+18,"{'_': 'ReplyInlineMarkup', 'rows': [{'_': 'KeyboardButtonRow', 'buttons': [{'_': 'KeyboardButtonUrl', 'text': 'Visit Store', 'url': 'https://shoppy.gg/@amal004'}]}]}",6.0,0.0,,,Joshy,,,[],
paacraxpro,https://t.me/paacraxpro,6571,2024-03-02 02:07:06,,False,False,False,False,True,,False,,,,1555506754,,,,6570.0,False,False,,,,,,,,,,,
paacraxpro,https://t.me/paacraxpro,6573,2024-03-05 10:57:31,https://controlc.com/1a8fc04b,False,False,False,False,True,False,False,False,False,False,1555506754,,,,,,,,,9.0,1.0,,,Joshy,,,[],
paacraxpro,https://t.me/paacraxpro,6574,2024-03-05 10:57:31,https://controlc.com/c4b70cb4,False,False,False,False,True,False,False,False,False,False,1555506754,,,,,,,,,9.0,1.0,,,Joshy,,,[],
paacraxpro,https://t.me/paacraxpro,6576,2024-03-06 02:31:42,,False,False,False,False,True,False,False,False,False,False,1555506754,,,,,,,5.131970415726538e+18,,1.0,0.0,,,Joshy,,,[],
paacraxpro,https://t.me/paacraxpro,6577,2024-03-06 02:31:49,"🔥💥 SPAMMING PRIVATE COURSE 💥🔥

Yo, hustlers! 😎 Ready to level up your spamming game with the hottest Private Course of <DATE_TIME>? 🔥💰

✨ Here's the breakdown:

1️⃣ Gold Rush Package
💸 Price: $100
🔹 Basic cPanel
🔹 1-2GB Remote Desktop Protocol
🔹 Live Spamming with proof
🔹 10+ WORKING CASHOUT METHODS
🔹 <DATE_TIME> Scampages Provided
🔹 How to open Bank Drop
🔹 eBook on generating leads using Social Media
🔹 Gateway SCRIPT (UGS)
🔹 <NRP> and Validator
🔹 <DATE_TIME> support
🔹 Latest URL Shortener

2️⃣ Platinum Prestige Package
💸 Price: $200
🔹 Bulletproof cPanel
🔹 8GB Remote Desktop Protocol
🔹 Live Spamming Class
🔹 Live Video on making your own SMTP & WHM
🔹 <NRP> and Validator
🔹 10K USA validated numbers
🔹 4 REAL Darkweb onions
🔹 Access to gateway with 15 credits
🔹 Best site for generating loan & tax docs
🔹 Amazon & eBay Valid Email Checker
🔹 PayPal Scampage & checker
🔹 CC TO BTC & Logs to BTC ebook

3️⃣ Diamond Dynasty Package
💸 Price: $300
🔹 Bulletproof cPanel
🔹 16GB Remote Desktop Protocol
🔹 Complete Live Spamming Class
🔹 Live Video on making SMTP & WHM
🔹 <NRP> and Validator
🔹 25K USA validated numbers
🔹 4 REAL Darkweb onions
🔹 Access to gateway with 15 credits
🔹 Latest URL Shortener
🔹 Forums & sites for spamming
🔹 Private SMTPtoSMS
🔹 Amazon, eBay, PayPal tools
🔹 CC TO BTC & Logs to BTC ebook

4️⃣ Elite Empire Package
💸 Price: $500
🔹 Full course From A to Z
🔹 Brand New Scampage
🔹 Bulletproof cPanel
🔹 Complete Live Spamming Class
🔹 Live Video on making SMTP & WHM
🔹 <NRP> and Validator
🔹 25K USA validated numbers
🔹 4 REAL Darkweb onions
🔹 Access to gateway with 15 credits
🔹 Latest URL Shortener
🔹 Private SMTP (AWS, OFFICE, SENDGRID etc)
🔹 Private Mail Sender
🔹 Private sites & tools
🔹 eBook on ACH, Zelle & more
🔹 Complete Carding Course

🚀 Learn via:
- TUT's (including videos)
- Zoom sessions
- Personalized Team Viewer support

💬 Contact: <PERSON> or @JoshyTheBot to grab your spot in the course! Let's level up your spamming game together! 🌟💻🔥",False,False,False,False,True,False,False,False,False,False,1555506754,,,,6576.0,False,False,,,1.0,0.0,,,Joshy,,,[],
paacraxpro,https://t.me/paacraxpro,6579,2024-03-06 02:39:51,,False,False,False,True,True,,False,,,,1555506754,,,,6576.0,False,False,,,,,,,,,,,
paacraxpro,https://t.me/paacraxpro,6580,2024-03-06 02:39:55,,False,False,False,True,True,,False,,,,1555506754,,,,6578.0,False,False,,,,,,,,,,,
paacraxpro,https://t.me/paacraxpro,6582,2024-03-07 10:21:52,"🤑💸OPORTUN LOAN SAUCE💸🤑

OPORTUN Sauce is firing!!! 

Every application is getting approved instantly using my method!

It can be $1500 all the way upto $16000 all in same day!! 

Dont sleep on this wave guys! This right here is a game changer!! 

Sauce has two version.
✅Version 1: Only Method & Walkthrough 
✅Version 2: Method & Walkthrough + Heads 


Dm @JoshyTheBot or @ThePaaBot to buy",False,False,False,False,True,False,False,False,False,False,1555506754,,,,6581.0,False,False,5.158960741833879e+18,,20.0,2.0,,,Joshy,,,[],
paacraxpro,https://t.me/paacraxpro,6583,2024-03-07 10:23:55,"TODAYS GIVEAWAYS DROPPED!!

✅ &PIZZA
✅ WENDYS
✅ EXPRESSVPN 
N more

================
🛍️🤑Check Our Shop:
<PERSON> https://shoppy.gg/@amal004
================



👉🏻 Whatsapp  Channel
https://whatsapp.com/channel/0029VaDqQpNJ3jv55EYEdO1M

👉🏻WEBSITE: 
premiumaccountsarena.weebly.com/

👉🏻 Only in Telegram Giveaways
 channel <NRP>

👉🏻 JOIN DISCORD FOR MORE:
 https://discord.gg/7skMQugaqt

Social Media Accounts:

Reddit: https://www.reddit.com/r/CashoutSauces/s/EpJDKK2EQ9

Viber: <PERSON>

ICQ: https://icq.im/AoLG0bhcGpjkVEbEMH4

Element: https://matrix.to/#/%23premiumaccountsarena%3Amatrix.org



⭐️ <PERSON> BY: t.me/PaaCraxPro ⭐️

🧨🧨🧨🧨🧨🧨🧨🧨🧨🧨🧨🧨
Donate BTC here: bc1qd9a0ld4k472d02ej6f9585ukr6ad7tce2eckfj
<PERSON>
🧨🧨🧨🧨🧨🧨🧨🧨🧨🧨🧨🧨🧨",False,False,False,False,True,False,False,False,False,False,1555506754,,,,,,,,,25.0,2.0,,,Joshy,,,[],
paacraxpro,https://t.me/paacraxpro,6585,2024-03-10 02:23:34,,False,False,False,False,True,,False,,,,1555506754,,,,6584.0,False,False,,,,,,,,,,,
paacraxpro,https://t.me/paacraxpro,6586,2024-03-10 02:23:52,,False,False,False,False,True,False,False,False,False,False,1555506754,,"{'_': 'MessageFwdHeader', 'date': '2024-03-06T02:31:42+00:00', 'imported': False, 'saved_out': False, 'from_id': {'_': 'PeerChannel', 'channel_id': 1555506754}, 'from_name': None, 'channel_post': 6576, 'post_author': 'Joshy', 'saved_from_peer': None, 'saved_from_msg_id': None, 'saved_from_id': None, 'saved_from_name': None, 'saved_date': None, 'psa_type': None}",,,,,5.131970415726538e+18,,10.0,0.0,,,Joshy,,,[],
paacraxpro,https://t.me/paacraxpro,6587,2024-03-10 02:28:14,,False,False,False,False,True,False,False,False,False,False,1555506754,,,,,,,5.145666559627342e+18,,23.0,1.0,,,Joshy,1.3680301559436208e+16,,[],
paacraxpro,https://t.me/paacraxpro,6588,2024-03-10 02:28:15,,False,False,False,False,True,False,False,False,False,False,1555506754,,,,,,,5.145666559627342e+18,,23.0,1.0,,,Joshy,1.3680301559436208e+16,,[],
paacraxpro,https://t.me/paacraxpro,6589,2024-03-10 02:28:15,,False,False,False,False,True,False,False,False,False,False,1555506754,,,,,,,5.145666559627342e+18,,23.0,1.0,,,Joshy,1.3680301559436208e+16,,[],
paacraxpro,https://t.me/paacraxpro,6590,2024-03-10 02:28:15,,False,False,False,False,True,False,False,False,False,False,1555506754,,,,,,,5.145666559627342e+18,,23.0,1.0,,,Joshy,1.3680301559436208e+16,,[],
paacraxpro,https://t.me/paacraxpro,6591,2024-03-10 02:28:15,,False,False,False,False,True,False,False,False,False,False,1555506754,,,,,,,5.145666559627342e+18,,23.0,1.0,,,Joshy,1.3680301559436208e+16,,[],
paacraxpro,https://t.me/paacraxpro,6592,2024-03-10 02:28:15,,False,False,False,False,True,False,False,False,False,False,1555506754,,,,,,,5.145666559627342e+18,,23.0,1.0,,,Joshy,1.3680301559436208e+16,,[],
paacraxpro,https://t.me/paacraxpro,6593,2024-03-10 02:28:15,,False,False,False,False,True,False,False,False,False,False,1555506754,,,,,,,5.145666559627342e+18,,23.0,1.0,,2024-03-10T02:28:53+00:00,Joshy,1.3680301559436208e+16,,[],
paacraxpro,https://t.me/paacraxpro,6594,2024-03-10 02:30:16,"💥💰 TAX REFUND METHOD 💰💥

🚀 <PERSON>, hustlers! The Tax Refund Method is straight-up hitting left and right! 📈💼 Don't sleep on this opportunity, gang—it could set you up for <DATE_TIME>! 💸💯

🔥 Just take a look at all the approvals rolling in... 🤑💥 This ain't your average tax game, it's a whole new level of stacking those checks! 💵💳

💡 Why settle for less when you could be securing your bag for <DATE_TIME>? 🌟 Don't miss out on this chance to level up your hustle! 💪✨

💯 Sauce Comes with <PERSON>, Walkthrough and complete support. 

<PERSON>: $2,500!!

Ready to make <DATE_TIME> of financial success? 🔥💸 Hit me up @ThePaaBot or @JoshyTheBot to get in on the Tax Refund Method and secure those bags! <PERSON> make <DATE_TIME> legendary together! 🌟✨",False,False,False,False,True,False,False,True,False,False,1555506754,,,,6587.0,False,False,,,20.0,1.0,,2024-03-10T02:37:54+00:00,Joshy,,"{'_': 'MessageReactions', 'results': [], 'min': False, 'can_see_list': False, 'reactions_as_tags': False, 'recent_reactions': []}",[],
paacraxpro,https://t.me/paacraxpro,6596,2024-03-14 17:17:18,"🔥😍 SPAMMING COURSE <DATE_TIME> 😍🔥

Yo fam, introducing the hottest spamming course of <DATE_TIME>! 💥

🚀 Quick intro: What's the deal?
Spamming ain't about cracking, it's a whole new game. It's the art of scoring bank logs, CCs, and more for yourself. Why rely on others when you can secure your own stash, right?

🔥 Here's the lowdown:
This course is a zero to hero journey, perfect for newbies and pros alike. We got you covered, from the basics to the advanced stuff.

✅ Course Contents:
i) SMTP
ii) MAILER
iii) CPANEL
iv) PHISHING / SCAM PAGE
v) LEADS
vi) ENCRYPTED LETTERS
vii) OFFICE365
viii) Email verifier and extractor

🤩❤️ LIVE SUPPORT AND TRAINING INCLUDED ❤️🤩

All tools and tutorials provided, so you're set up for success! 💯

Ready to level up your spam game in <DATE_TIME>? Hit up @JoshyTheBot or @ThePaaBot to join the spamming course! 💥✅

Or cop it here: [ https://shoppy.gg/product/bYS4ZVI ] 💳🔥",False,False,False,False,True,False,False,False,False,False,1555506754,,,,,,,5.116251703006572e+18,,4.0,0.0,,,Joshy,,,[],
paacraxpro,https://t.me/paacraxpro,6597,2024-03-14 17:17:18,"💥 TAX SAUCE 💥

Tired of seeing peeps getting their tax returns rejected? 🙄 Don't settle for those basic, cheap methods floating around other groups. It's time to level up with my Tax Sauce! 🚀

👉🏻 Learn the secrets to crafting a killer W2 Form that gets the green light every time!

👉🏻 Need an EIN? I got you covered. Get the deets on how to score a solid one.

Approvals? We're talking $5000 to $10,000, no cap! 💸💰

It's not just about filing taxes, my friends. It's about maximizing your return. Let's whip up that W2 and EIN to unlock those big bucks! 💪🏻💼

#W2Claim

🏷️ Price: $300
💰 Payment: Crypto

Ready to level up your tax game? Hit up @ThePaaBot or @JoshyTheBot to snag your Tax Sauce <DATE_TIME>! 📲💥",False,False,False,False,True,False,False,False,False,False,1555506754,,,,,,,5.111758690473586e+18,,4.0,0.0,,,Joshy,,,[],
paacraxpro,https://t.me/paacraxpro,6599,2024-03-15 01:25:12,"<CREDIT_CARD>|11|2027|773
532678
DEBIT
STANDARD
MASTERCARD
ALLIANCE BANK MALAYSIA BERHAD
MY

⭐️Join @PaaCraxPro for more
<NRP>️DM @ThePaaBot to buy fresh ccs",False,False,False,False,True,False,False,False,False,False,1555506754,,,,,,,,,19.0,0.0,,2024-03-15T01:46:14+00:00,Joshy,,,[],
paacraxpro,https://t.me/paacraxpro,6600,2024-03-15 01:25:32,"<CREDIT_CARD> <DATE_TIME> 827
452088
CREDIT
INFINITE
VISA
TORONTO-DOMINION BANK
CA

⭐️Join @PaaCraxPro for more
<NRP>️DM @ThePaaBot to buy fresh ccs",False,False,False,False,True,False,False,False,False,False,1555506754,,,,,,,,,17.0,0.0,,2024-03-15T01:46:20+00:00,Joshy,,,[],
paacraxpro,https://t.me/paacraxpro,6601,2024-03-15 01:25:49,"<CREDIT_CARD>|06|26|090|Yapardi Yunxu|435 Jalan Holis|Kecamatan B
530795
DEBIT
GOLD
MASTERCARD
PT. BANK CENTRAL ASIA
ID

⭐️Join @PaaCraxPro for more
<NRP>️DM @ThePaaBot to buy fresh ccs",False,False,False,False,True,False,False,False,False,False,1555506754,,,,,,,,,17.0,0.0,,2024-03-15T01:46:26+00:00,Joshy,,,[],
paacraxpro,https://t.me/paacraxpro,6602,2024-03-15 01:26:02,"<CREDIT_CARD>|09|2025|452
451014
CREDIT
CLASSIC
VISA
ROYAL BANK OF CANADA
CA

⭐️Join @PaaCraxPro for more
<NRP>️DM @ThePaaBot to buy fresh ccs",False,False,False,False,True,False,False,False,False,False,1555506754,,,,,,,,,16.0,0.0,,2024-03-15T01:46:32+00:00,Joshy,,,[],
paacraxpro,https://t.me/paacraxpro,6603,2024-03-15 01:26:19,"<PERSON>
371728
CREDIT
GOLD
AMERICAN EXPRESS
AMERICAN EXPRESS US CONSUMER
US

⭐️Join @PaaCraxPro for more
<NRP>️DM @ThePaaBot to buy fresh ccs",False,False,False,False,True,False,False,False,False,False,1555506754,,,,,,,,,15.0,0.0,,2024-03-15T01:46:37+00:00,Joshy,,,[],
paacraxpro,https://t.me/paacraxpro,6604,2024-03-15 01:26:32,"Number:  <CREDIT_CARD>
Exp Date:  <DATE_TIME>
CVV2:  886
First Name:  JOANNE PAOLOZZI
Last Name:  VANNER
<DATE_TIME>
CREDIT
STANDARD
MASTERCARD
CAPITAL ONE BANK (CANADA BRANCH)
CA

⭐️Join @PaaCraxPro for more
<NRP>️DM @ThePaaBot to buy fresh ccs",False,False,False,False,True,False,False,False,False,False,1555506754,,,,,,,,,15.0,0.0,,2024-03-15T01:46:43+00:00,Joshy,,,[],
paacraxpro,https://t.me/paacraxpro,6605,2024-03-15 01:26:45,"<DATE_TIME> Bagtuna|4254 <PERSON>
517982
CREDIT
GOLD
MASTERCARD
RIZAL COMMERCIAL BANKING CORPORATION
PH

⭐️Join @PaaCraxPro for more
<NRP>️DM @ThePaaBot to buy fresh ccs",False,False,False,False,True,False,False,False,False,False,1555506754,,,,,,,,,16.0,0.0,,2024-03-15T01:46:50+00:00,Joshy,,,[],
paacraxpro,https://t.me/paacraxpro,6606,2024-03-15 01:27:02,"<PERSON> Blommel<IP_ADDRESS> DORIC DR<IP_ADDRESS>TALLAHASSEE<IP_ADDRESS>Florida<IP_ADDRESS>32303-3510
<DATE_TIME>
DEBIT
STANDARD
MASTERCARD
FISERV SOLUTIONS LLC
US

⭐️Join @PaaCraxPro for more
<NRP>️DM @ThePaaBot to buy fresh ccs",False,False,False,False,True,False,False,False,False,False,1555506754,,,,,,,,,16.0,0.0,,2024-03-15T01:46:56+00:00,Joshy,,,[],
paacraxpro,https://t.me/paacraxpro,6608,2024-03-15 01:27:24,"Card :
<CREDIT_CARD>
Expired :
<DATE_TIME>
Cvv :
760
<DATE_TIME>
DEBIT
CLASSIC
VISA
REDSTONE F.C.U.
US

⭐️Join @PaaCraxPro for more
<NRP>️DM @ThePaaBot to buy fresh ccs",False,False,False,False,True,False,False,False,False,False,1555506754,,,,,,,,,16.0,0.0,,2024-03-15T01:47:02+00:00,Joshy,,,[],
paacraxpro,https://t.me/paacraxpro,6610,2024-03-16 04:48:58,Sent it should be there in 30 man i really need this im countin on you <PERSON>,False,False,False,False,True,False,False,False,False,False,1555506754,,"{'_': 'MessageFwdHeader', 'date': '2024-03-16T04:42:26+00:00', 'imported': False, 'saved_out': False, 'from_id': None, 'from_name': 'H Billy', 'channel_post': None, 'post_author': None, 'saved_from_peer': None, 'saved_from_msg_id': None, 'saved_from_id': None, 'saved_from_name': None, 'saved_date': None, 'psa_type': None}",,,,,6.028140239962358e+18,,6.0,0.0,,,Joshy,,,[],
paacraxpro,https://t.me/paacraxpro,6611,2024-03-16 04:48:58,"Yea my man, all the hard workin hours we put into it worth it I paid you like 350 or somethin you show me how to bang 43Grand! I guess thats why everyones talkin about <PERSON> Im glad i was on that fb chat bless my man",False,False,False,False,True,False,False,False,False,False,1555506754,,"{'_': 'MessageFwdHeader', 'date': '2024-03-16T04:44:59+00:00', 'imported': False, 'saved_out': False, 'from_id': None, 'from_name': 'H Billy', 'channel_post': None, 'post_author': None, 'saved_from_peer': None, 'saved_from_msg_id': None, 'saved_from_id': None, 'saved_from_name': None, 'saved_date': None, 'psa_type': None}",,,,,6.028140239962358e+18,,7.0,0.0,,,Joshy,,,[],
paacraxpro,https://t.me/paacraxpro,6612,2024-03-16 04:48:59,"Another tax refund vouch 👆🏻👆🏻
We put in hard workin days, spent <DATE_TIME> and hit good bread! 

Thanks <PERSON> for your generous 20% 😊😊


<PERSON> or @JoshyTheBot for tax refund sauce!",False,False,False,False,True,False,False,False,False,False,1555506754,,"{'_': 'MessageFwdHeader', 'date': '2024-03-16T04:47:23+00:00', 'imported': False, 'saved_out': False, 'from_id': {'_': 'PeerChannel', 'channel_id': 1730989870}, 'from_name': None, 'channel_post': 2867, 'post_author': 'Josh', 'saved_from_peer': None, 'saved_from_msg_id': None, 'saved_from_id': None, 'saved_from_name': None, 'saved_date': None, 'psa_type': None}",,6611.0,False,False,,,7.0,0.0,,,Joshy,,,[],
paacraxpro,https://t.me/paacraxpro,6614,2024-03-19 00:53:42,"🔥💥 SPAMMING PRIVATE COURSE 💥🔥

Yo, hustlers! 😎 Ready to level up your spamming game with the hottest Private Course of <DATE_TIME>? 🔥💰

✨ Here's the breakdown:

1️⃣ Gold Rush Package
💸 Price: $100
🔹 Basic cPanel
🔹 1-2GB Remote Desktop Protocol
🔹 Live Spamming with proof
🔹 10+ WORKING CASHOUT METHODS
🔹 2024 Scampages Provided
🔹 How to open Bank Drop
🔹 eBook on generating leads using Social Media
🔹 Gateway SCRIPT (UGS)
🔹 <NRP> and Validator
🔹 <DATE_TIME> support
🔹 Latest URL Shortener

2️⃣ Platinum Prestige Package
💸 Price: $200
🔹 Bulletproof cPanel
🔹 8GB Remote Desktop Protocol
🔹 Live Spamming Class
🔹 Live Video on making your own SMTP & WHM
🔹 <NRP> and Validator
🔹 10K USA validated numbers
🔹 4 REAL Darkweb onions
🔹 Access to gateway with 15 credits
🔹 Best site for generating loan & tax docs
🔹 Amazon & eBay Valid Email Checker
🔹 PayPal Scampage & checker
🔹 CC TO BTC & Logs to BTC ebook

3️⃣ Diamond Dynasty Package
💸 Price: $300
🔹 Bulletproof cPanel
🔹 16GB Remote Desktop Protocol
🔹 Complete Live Spamming Class
🔹 Live Video on making SMTP & WHM
🔹 <NRP> and Validator
🔹 25K USA validated numbers
🔹 4 REAL Darkweb onions
🔹 Access to gateway with 15 credits
🔹 Latest URL Shortener
🔹 Forums & sites for spamming
🔹 Private SMTPtoSMS
🔹 Amazon, eBay, PayPal tools
🔹 CC TO BTC & Logs to BTC ebook

4️⃣ Elite Empire Package
💸 Price: $500
🔹 Full course From A to Z
🔹 Brand New Scampage
🔹 Bulletproof cPanel
🔹 Complete Live Spamming Class
🔹 Live Video on making SMTP & WHM
🔹 <NRP> and Validator
🔹 25K USA validated numbers
🔹 4 REAL Darkweb onions
🔹 Access to gateway with 15 credits
🔹 Latest URL Shortener
🔹 Private SMTP (AWS, OFFICE, SENDGRID etc)
🔹 Private Mail Sender
🔹 Private sites & tools
🔹 eBook on ACH, Zelle & more
🔹 Complete Carding Course

🚀 Learn via:
- TUT's (including videos)
- Zoom sessions
- Personalized Team Viewer support

💬 Contact: <PERSON> or @JoshyTheBot to grab your spot in the course! Let's level up your spamming game together! 🌟💻🔥",False,False,False,False,True,False,False,False,False,False,1555506754,,"{'_': 'MessageFwdHeader', 'date': '2024-03-10T02:22:27+00:00', 'imported': False, 'saved_out': False, 'from_id': None, 'from_name': 'Button maker', 'channel_post': None, 'post_author': None, 'saved_from_peer': None, 'saved_from_msg_id': None, 'saved_from_id': None, 'saved_from_name': None, 'saved_date': None, 'psa_type': None}",,,,,,"{'_': 'ReplyInlineMarkup', 'rows': [{'_': 'KeyboardButtonRow', 'buttons': [{'_': 'KeyboardButtonUrl', 'text': 'Join Now!', 'url': 'http://t.me/ThePaaBot'}]}]}",7.0,0.0,,,Joshy,,,[],
paacraxpro,https://t.me/paacraxpro,6615,2024-03-19 00:53:42,,False,False,False,False,True,False,False,False,False,False,1555506754,,"{'_': 'MessageFwdHeader', 'date': '2024-03-19T00:52:25+00:00', 'imported': False, 'saved_out': False, 'from_id': {'_': 'PeerChannel', 'channel_id': 1730989870}, 'from_name': None, 'channel_post': 2881, 'post_author': 'Josh', 'saved_from_peer': None, 'saved_from_msg_id': None, 'saved_from_id': None, 'saved_from_name': None, 'saved_date': None, 'psa_type': None}",,,,,5.145666559627342e+18,,7.0,0.0,,,Joshy,1.3686476981456536e+16,,[],
paacraxpro,https://t.me/paacraxpro,6616,2024-03-19 00:53:42,,False,False,False,False,True,False,False,False,False,False,1555506754,,"{'_': 'MessageFwdHeader', 'date': '2024-03-19T00:52:25+00:00', 'imported': False, 'saved_out': False, 'from_id': {'_': 'PeerChannel', 'channel_id': 1730989870}, 'from_name': None, 'channel_post': 2882, 'post_author': 'Josh', 'saved_from_peer': None, 'saved_from_msg_id': None, 'saved_from_id': None, 'saved_from_name': None, 'saved_date': None, 'psa_type': None}",,,,,5.145666559627342e+18,,7.0,0.0,,,Joshy,1.3686476981456536e+16,,[],
paacraxpro,https://t.me/paacraxpro,6617,2024-03-19 00:53:42,,False,False,False,False,True,False,False,False,False,False,1555506754,,"{'_': 'MessageFwdHeader', 'date': '2024-03-19T00:52:25+00:00', 'imported': False, 'saved_out': False, 'from_id': {'_': 'PeerChannel', 'channel_id': 1730989870}, 'from_name': None, 'channel_post': 2883, 'post_author': 'Josh', 'saved_from_peer': None, 'saved_from_msg_id': None, 'saved_from_id': None, 'saved_from_name': None, 'saved_date': None, 'psa_type': None}",,,,,5.145666559627342e+18,,7.0,0.0,,,Joshy,1.3686476981456536e+16,,[],
paacraxpro,https://t.me/paacraxpro,6618,2024-03-19 00:53:43,,False,False,False,False,True,False,False,False,False,False,1555506754,,"{'_': 'MessageFwdHeader', 'date': '2024-03-19T00:52:25+00:00', 'imported': False, 'saved_out': False, 'from_id': {'_': 'PeerChannel', 'channel_id': 1730989870}, 'from_name': None, 'channel_post': 2884, 'post_author': 'Josh', 'saved_from_peer': None, 'saved_from_msg_id': None, 'saved_from_id': None, 'saved_from_name': None, 'saved_date': None, 'psa_type': None}",,,,,5.145666559627342e+18,,7.0,0.0,,,Joshy,1.3686476981456536e+16,,[],
paacraxpro,https://t.me/paacraxpro,6619,2024-03-19 00:53:43,,False,False,False,False,True,False,False,False,False,False,1555506754,,"{'_': 'MessageFwdHeader', 'date': '2024-03-19T00:52:25+00:00', 'imported': False, 'saved_out': False, 'from_id': {'_': 'PeerChannel', 'channel_id': 1730989870}, 'from_name': None, 'channel_post': 2885, 'post_author': 'Josh', 'saved_from_peer': None, 'saved_from_msg_id': None, 'saved_from_id': None, 'saved_from_name': None, 'saved_date': None, 'psa_type': None}",,,,,5.145666559627342e+18,,7.0,0.0,,,Joshy,1.3686476981456536e+16,,[],
paacraxpro,https://t.me/paacraxpro,6620,2024-03-19 00:53:43,,False,False,False,False,True,False,False,False,False,False,1555506754,,"{'_': 'MessageFwdHeader', 'date': '2024-03-19T00:52:25+00:00', 'imported': False, 'saved_out': False, 'from_id': {'_': 'PeerChannel', 'channel_id': 1730989870}, 'from_name': None, 'channel_post': 2886, 'post_author': 'Josh', 'saved_from_peer': None, 'saved_from_msg_id': None, 'saved_from_id': None, 'saved_from_name': None, 'saved_date': None, 'psa_type': None}",,,,,5.145666559627342e+18,,7.0,0.0,,,Joshy,1.3686476981456536e+16,,[],
paacraxpro,https://t.me/paacraxpro,6621,2024-03-19 00:53:43,,False,False,False,False,True,False,False,False,False,False,1555506754,,"{'_': 'MessageFwdHeader', 'date': '2024-03-19T00:52:26+00:00', 'imported': False, 'saved_out': False, 'from_id': {'_': 'PeerChannel', 'channel_id': 1730989870}, 'from_name': None, 'channel_post': 2887, 'post_author': 'Josh', 'saved_from_peer': None, 'saved_from_msg_id': None, 'saved_from_id': None, 'saved_from_name': None, 'saved_date': None, 'psa_type': None}",,,,,5.145666559627342e+18,,7.0,0.0,,,Joshy,1.3686476981456536e+16,,[],
paacraxpro,https://t.me/paacraxpro,6622,2024-03-19 00:53:43,"💥💰 TAX REFUND METHOD 💰💥

🚀 <PERSON>, hustlers! The Tax Refund Method is straight-up hitting left and right! 📈💼 Don't sleep on this opportunity, gang—it could set you up for <DATE_TIME>! 💸💯

🔥 Just take a look at all the approvals rolling in... 🤑💥 This ain't your average tax game, it's a whole new level of stacking those checks! 💵💳

💡 Why settle for less when you could be securing your bag for <DATE_TIME>? 🌟 Don't miss out on this chance to level up your hustle! 💪✨

💯 Sauce Comes with <PERSON>, Walkthrough and complete support. 

<PERSON>: $2,500!!

Ready to make <DATE_TIME> of financial success? 🔥💸 Hit me up @ThePaaBot or @JoshyTheBot to get in on the Tax Refund Method and secure those bags! <PERSON> make <DATE_TIME> legendary together! 🌟✨",False,False,False,False,True,False,False,False,False,False,1555506754,,"{'_': 'MessageFwdHeader', 'date': '2024-03-19T00:52:26+00:00', 'imported': False, 'saved_out': False, 'from_id': {'_': 'PeerChannel', 'channel_id': 1730989870}, 'from_name': None, 'channel_post': 2888, 'post_author': 'Josh', 'saved_from_peer': None, 'saved_from_msg_id': None, 'saved_from_id': None, 'saved_from_name': None, 'saved_date': None, 'psa_type': None}",,6615.0,False,False,,,8.0,0.0,,,Joshy,,,[],
paacraxpro,https://t.me/paacraxpro,6624,2024-03-22 10:23:22,https://paanew.blogspot.com/2024/03/mstech-pdf-split-merge.html,False,False,False,False,True,False,False,False,False,False,1555506754,,,,,,,,,9.0,1.0,,,Joshy,,,[],
paacraxpro,https://t.me/paacraxpro,6625,2024-03-22 10:23:22,https://paanew.blogspot.com/2024/03/x3-windows-10-11-keys.html,False,False,False,False,True,False,False,False,False,False,1555506754,,,,,,,,,9.0,1.0,,,Joshy,,,[],
paacraxpro,https://t.me/paacraxpro,6626,2024-03-22 10:23:22,https://paanew.blogspot.com/2024/03/looking-for-high-quality-png-images.html,False,False,False,False,True,False,False,False,False,False,1555506754,,,,,,,,,7.0,1.0,,,Joshy,,,[],
paacraxpro,https://t.me/paacraxpro,6627,2024-03-22 10:30:39,"🔥💸 UNLEASH THE TAX REFUND SAUCE 💸🔥

Yo hustlers! 🌟 Tax refund sauce is payin huge numbers! Dont sleep on it💰✨

💰 Hits upto a whooping $100,000!! Just <PERSON> this sauce could go way hight than a 100k

❇️ Sauce tells you how to make your W2 and EIN in a way to get paid higher!! 

🌟 This shit is serious it could settle through <DATE_TIME>!!

Ready to take the plunge? 🌊 Hit me up @ThePaaBot or @JoshyTheBot to grab your Tax Refund Sauce <DATE_TIME>!  

Limited slots available—act fast and secure your spot! 💥🔥",False,False,False,False,True,False,False,True,False,False,1555506754,,,,,,,5.181476807235448e+18,,5.0,1.0,,2024-03-22T10:30:44+00:00,Joshy,,"{'_': 'MessageReactions', 'results': [{'_': 'ReactionCount', 'reaction': {'_': 'ReactionEmoji', 'emoticon': '❤'}, 'count': 1, 'chosen_order': None}], 'min': False, 'can_see_list': False, 'reactions_as_tags': False, 'recent_reactions': []}",[],
paacraxpro,https://t.me/paacraxpro,6629,2024-03-27 13:18:09,https://controlc.com/cb4c531a,False,False,False,False,True,False,False,False,False,False,1555506754,,,,,,,,,13.0,1.0,,,Joshy,,,[],
paacraxpro,https://t.me/paacraxpro,6630,2024-03-27 13:18:09,https://controlc.com/fa7a865b,False,False,False,False,True,False,False,False,False,False,1555506754,,,,,,,,,13.0,1.0,,,Joshy,,,[],
paacraxpro,https://t.me/paacraxpro,6631,2024-03-27 13:18:09,https://controlc.com/20945d82,False,False,False,False,True,False,False,False,False,False,1555506754,,,,,,,,,13.0,1.0,,,Joshy,,,[],
paacraxpro,https://t.me/paacraxpro,6632,2024-03-27 13:18:09,https://controlc.com/7d6308d9,False,False,False,False,True,False,False,False,False,False,1555506754,,,,,,,,,13.0,1.0,,,Joshy,,,[],
paacraxpro,https://t.me/paacraxpro,6634,2024-03-31 03:06:06,,False,False,False,False,True,False,False,False,False,False,1555506754,,,,,,,5.145666559627342e+18,,11.0,0.0,,,Joshy,1.3694834933239872e+16,,[],
paacraxpro,https://t.me/paacraxpro,6635,2024-03-31 03:06:06,,False,False,False,False,True,False,False,False,False,False,1555506754,,,,,,,5.145666559627342e+18,,11.0,0.0,,,Joshy,1.3694834933239872e+16,,[],
paacraxpro,https://t.me/paacraxpro,6636,2024-03-31 03:06:06,,False,False,False,False,True,False,False,False,False,False,1555506754,,,,,,,5.145666559627342e+18,,10.0,0.0,,,Joshy,1.3694834933239872e+16,,[],
paacraxpro,https://t.me/paacraxpro,6637,2024-03-31 03:06:06,,False,False,False,False,True,False,False,False,False,False,1555506754,,,,,,,5.145666559627342e+18,,11.0,0.0,,,Joshy,1.3694834933239872e+16,,[],
paacraxpro,https://t.me/paacraxpro,6638,2024-03-31 03:06:06,,False,False,False,False,True,False,False,False,False,False,1555506754,,,,,,,5.145666559627342e+18,,12.0,0.0,,,Joshy,1.3694834933239872e+16,,[],
paacraxpro,https://t.me/paacraxpro,6639,2024-03-31 03:06:06,,False,False,False,False,True,False,False,False,False,False,1555506754,,,,,,,5.145666559627342e+18,,12.0,0.0,,,Joshy,1.3694834933239872e+16,,[],
paacraxpro,https://t.me/paacraxpro,6640,2024-03-31 03:06:06,"💥💰 TAX REFUND METHOD 💰💥

🚀 <PERSON>, hustlers! The Tax Refund Method is straight-up hitting left and right! 📈💼 Don't sleep on this opportunity, gang—it could set you up for <DATE_TIME>! 💸💯

🔥 Just take a look at all the approvals rolling in... 🤑💥 This ain't your average tax game, it's a whole new level of stacking those checks! 💵💳

💡 Why settle for less when you could be securing your bag for <DATE_TIME>? 🌟 Don't miss out on this chance to level up your hustle! 💪✨

💯 Sauce Comes with <PERSON>, Walkthrough and complete support. 

<PERSON>: $2,500!!

Ready to make <DATE_TIME> of financial success? 🔥💸 Hit me up @ThePaaBot or @JoshyTheBot to get in on the Tax Refund Method and secure those bags! <PERSON> make <DATE_TIME> legendary together! 🌟✨",False,False,False,False,True,False,False,False,False,False,1555506754,,,,6633.0,False,False,,,11.0,0.0,,,Joshy,,,[],
paacraxpro,https://t.me/paacraxpro,6642,2024-04-02 01:25:24,"🔥🎃IPHONE 15 SAUCE🎃🔥

Iphone 15 sauce is hitting so fine!! Order iphone 15 pro max same day!! 

People been ordering iphone 15s <DATE_TIME>! Dont miss this iphone wave guys!! 

Sauce comes with 
🎃 Step by step tutorial
🎃 CC and <PERSON> Free Walkthrough 

❌ No verifications 
👍🏻 Safe method 

<PERSON> or @JoshyTheBot to buy",False,False,False,False,True,False,False,False,False,False,1555506754,,,,,,,,,1.0,0.0,,,Joshy,,,[],
paacraxpro,https://t.me/paacraxpro,6643,2024-04-02 01:25:24,"❤️✅APPLE PAY SAUCE✅❤️

Apple pay sauce on fire y'all 🔥🔥

<NRP> hard as we speak!
Dont miss this wave 🌊🌊🌊

✅ No id.me or such verifications
✅ Easy step by step method
✅ 💯 Sure hit

<PERSON> or <PERSON> for the sauce 🔥🔥",False,False,False,False,True,False,False,False,False,False,1555506754,,,,,,,,,1.0,0.0,,,Joshy,,,[],
