Channel ID,URL,Post ID,date,message,out,mentioned,media_unread,silent,post,from_scheduled,legacy,edit_hide,pinned,noforwards,peer_channel,from_id_user,fwd_from,via_bot_id,reply_to_msg_id,reply_to_scheduled,forum_topic,media_photo_id,reply_markup,views,forwards,replies,edit_date,post_author,grouped_id,reactions,restriction_reason,ttl_period
surfshark_ipvanish_nord_vpn_free,https://t.me/surfshark_ipvanish_nord_vpn_free,3667,2024-02-13 14:30:48,,False,False,False,False,True,False,False,False,False,False,1506406968,,,,,,,,,807,0,,,,,,[],
surfshark_ipvanish_nord_vpn_free,https://t.me/surfshark_ipvanish_nord_vpn_free,3668,2024-02-13 15:01:04,"❤️ Buy Premium Accounts now
❤️With <DATE_TIME> Guarantee And Cheapest
❤️Trusted And Genuine Check Proofs On @UnMate_Proofs

👍 Message : @UnMate
Or Buy Directly From 
Https://shoppy.gg/@Telisay

Quality Products Are Always Bit Expensive ❤️",False,False,False,False,True,False,False,False,False,False,1506406968,,,,,,,,,810,0,,,,,,[],
surfshark_ipvanish_nord_vpn_free,https://t.me/surfshark_ipvanish_nord_vpn_free,3669,2024-02-13 15:30:55,"🔰 OnlyFans & Blacked 🔰

https://urlsh.us/GQgmo

How To Open Links:- @Unmate_Links_Open

Note : Don’t change password or Email. Else it will be closed. 

✅ Use it wisely.

✅ Buy Private Account at 12$ (1 Year Guarantee)

❤️ Buy Now : Https://shoppy.gg/@Telisay

Check Our Proofs On @UnMate_Proofs

➖ @UnMate ➖",False,False,False,False,True,False,False,False,False,False,1506406968,,,,,,,,,862,0,,,,,,[],
surfshark_ipvanish_nord_vpn_free,https://t.me/surfshark_ipvanish_nord_vpn_free,3670,2024-02-13 15:30:55,,False,False,False,False,True,False,False,False,False,False,1506406968,,,,,,,,,853,0,,,,,,[],
surfshark_ipvanish_nord_vpn_free,https://t.me/surfshark_ipvanish_nord_vpn_free,3672,2024-02-13 16:31:13,,False,False,False,False,True,False,False,False,False,False,1506406968,,,,,,,,,999,0,,,,,,[],
surfshark_ipvanish_nord_vpn_free,https://t.me/surfshark_ipvanish_nord_vpn_free,3673,2024-02-13 17:01:03,"❤️ Buy Premium Accounts now
❤️With <DATE_TIME> Guarantee And Cheapest
❤️Trusted And Genuine Check Proofs On @UnMate_Proofs

👍 Message : @UnMate
Or Buy Directly From 
Https://shoppy.gg/@Telisay

Quality Products Are Always Bit Expensive ❤️",False,False,False,False,True,False,False,False,False,False,1506406968,,,,,,,,,1024,0,,,,,,[],
surfshark_ipvanish_nord_vpn_free,https://t.me/surfshark_ipvanish_nord_vpn_free,3674,2024-02-13 17:30:40,"🔰 Surfshark 🔰

https://urlsh.us/AfDzW

How To Open Links:- @Unmate_Links_Open

Note : Don’t change password or Email. Else it will be closed. 

✅ Use it wisely.

✅ Buy Private Account at 12$ (1 Year Guarantee)

❤️ Buy Now : Https://shoppy.gg/@Telisay

Check Our Proofs On @UnMate_Proofs

➖ @UnMate ➖",False,False,False,False,True,False,False,False,False,False,1506406968,,,,,,,,,1202,1,,,,,,[],
surfshark_ipvanish_nord_vpn_free,https://t.me/surfshark_ipvanish_nord_vpn_free,3675,2024-02-13 17:30:40,,False,False,False,False,True,False,False,False,False,False,1506406968,,,,,,,,,1210,0,,,,,,[],
surfshark_ipvanish_nord_vpn_free,https://t.me/surfshark_ipvanish_nord_vpn_free,3676,2024-02-13 18:28:01,"🔰 Express Keys 🔰

https://urlsh.us/iyJIe

How To Open Links:- @Unmate_Links_Open

Note : Don’t change password or Email. Else it will be closed. 

✅ Use it wisely.

✅ Buy Private Account at 12$ (1 Year Guarantee)

❤️ Buy Now : Https://shoppy.gg/@Telisay

Check Our Proofs On @UnMate_Proofs

➖ @UnMate ➖",False,False,False,False,True,False,False,False,False,False,1506406968,,,,,,,,,1344,1,,,,,,[],
surfshark_ipvanish_nord_vpn_free,https://t.me/surfshark_ipvanish_nord_vpn_free,3677,2024-02-13 18:28:01,,False,False,False,False,True,False,False,False,False,False,1506406968,,,,,,,,,1395,0,,,,,,[],
surfshark_ipvanish_nord_vpn_free,https://t.me/surfshark_ipvanish_nord_vpn_free,3678,2024-02-14 07:00:19,"✅❇️ BUY PRIVATE ACCOUNT ✅❇️

🅿️ Get your private account with <DATE_TIME> validity & Unlimited Replacements

✅ Message : @UnMate

Terms: 
• <DATE_TIME> warranty 
• Unlimited Replacements
• Don't change email or password (Accounts On your email also available)
• <DATE_TIME> time

✅ Message : @UnMate

Accounts available:
● Adult/P○rn
● VPN/Antivirus
● Streaming
● Education
● Stocks
● Bank Accounts/Verifications
● Crypto accounts

✅ Refund Policy:
● If we are unable to replace within <DATE_TIME> #<PERSON>
● Don't change email or password (Else no refund)


✅ Message : @UnMate",False,False,False,False,True,False,False,False,False,False,1506406968,,,,,,,,,1574,0,,,,,,[],
surfshark_ipvanish_nord_vpn_free,https://t.me/surfshark_ipvanish_nord_vpn_free,3679,2024-02-15 11:01:39,"❤️ Buy Premium Accounts now
❤️With <DATE_TIME> Guarantee And Cheapest
❤️Trusted And Genuine Check Proofs On @UnMate_Proofs

👍 Message : @UnMate
Or Buy Directly From 
Https://shoppy.gg/@Telisay

Quality Products Are Always Bit Expensive ❤️",False,False,False,False,True,False,False,False,False,False,1506406968,,,,,,,,,1406,0,,,,,,[],
surfshark_ipvanish_nord_vpn_free,https://t.me/surfshark_ipvanish_nord_vpn_free,3680,2024-02-19 06:38:54,"🔰 Express VPN Mobile 🔰

https://urlsh.us/uYkMg

How To Open Links:- @Unmate_Links_Open

Note : Don’t change password or Email. Else it will be closed. 

✅ Use it wisely.

✅ Buy Private Account at 15$ (1 Year Guarantee)

❤️ Buy Now : Https://shoppy.gg/@Telisay

Check Our Proofs On @UnMate_Proofs

➖ @UnMate ➖",False,False,False,False,True,False,False,False,False,False,1506406968,,,,,,,,,568,1,,,,,,[],
surfshark_ipvanish_nord_vpn_free,https://t.me/surfshark_ipvanish_nord_vpn_free,3681,2024-02-19 06:38:54,,False,False,False,False,True,False,False,False,False,False,1506406968,,,,,,,,,537,0,,,,,,[],
surfshark_ipvanish_nord_vpn_free,https://t.me/surfshark_ipvanish_nord_vpn_free,3682,2024-02-19 07:39:21,"🔰 Express Keys 🔰

https://urlsh.us/sFjoF

How To Open Links:- @Unmate_Links_Open

Note : Don’t change password or Email. Else it will be closed. 

✅ Use it wisely.

✅ Buy Private Account at 12$ (1 Year Guarantee)

❤️ Buy Now : Https://shoppy.gg/@Telisay

Check Our Proofs On @UnMate_Proofs

➖ @UnMate ➖",False,False,False,False,True,False,False,False,False,False,1506406968,,,,,,,,,560,1,,,,,,[],
surfshark_ipvanish_nord_vpn_free,https://t.me/surfshark_ipvanish_nord_vpn_free,3683,2024-02-19 07:39:21,,False,False,False,False,True,False,False,False,False,False,1506406968,,,,,,,,,484,0,,,,,,[],
surfshark_ipvanish_nord_vpn_free,https://t.me/surfshark_ipvanish_nord_vpn_free,3684,2024-02-19 08:32:01,"🔰 Surfshark 🔰

https://urlsh.us/YOBUC

How To Open Links:- @Unmate_Links_Open

Note : Don’t change password or Email. Else it will be closed. 

✅ Use it wisely.

✅ Buy Private Account at 12$ (1 Year Guarantee)

❤️ Buy Now : Https://shoppy.gg/@Telisay

Check Our Proofs On @UnMate_Proofs

➖ @UnMate ➖",False,False,False,False,True,False,False,False,False,False,1506406968,,,,,,,,,529,2,,,,,,[],
surfshark_ipvanish_nord_vpn_free,https://t.me/surfshark_ipvanish_nord_vpn_free,3685,2024-02-19 08:32:01,,False,False,False,False,True,False,False,False,False,False,1506406968,,,,,,,,,437,0,,,,,,[],
surfshark_ipvanish_nord_vpn_free,https://t.me/surfshark_ipvanish_nord_vpn_free,3686,2024-02-19 09:01:01,"❤️ Buy Premium Accounts now
❤️With <DATE_TIME> Guarantee And Cheapest
❤️Trusted And Genuine Check Proofs On @UnMate_Proofs

👍 Message : @UnMate
Or Buy Directly From 
Https://shoppy.gg/@Telisay

Quality Products Are Always Bit Expensive ❤️",False,False,False,False,True,False,False,False,False,False,1506406968,,,,,,,,,429,0,,,,,,[],
surfshark_ipvanish_nord_vpn_free,https://t.me/surfshark_ipvanish_nord_vpn_free,3687,2024-02-19 09:30:24,"🔰 <PERSON> 🔰

https://urlsh.us/ujsSC

How To Open Links:- @Unmate_Links_Open

Note : Don’t change password or Email. Else it will be closed. 

✅ Use it wisely.

✅ Buy Private Account at 12$ (1 Year Guarantee)

❤️ Buy Now : Https://shoppy.gg/@Telisay

Check Our Proofs On @UnMate_Proofs

➖ @UnMate ➖",False,False,False,False,True,False,False,False,False,False,1506406968,,,,,,,,,445,2,,,,,,[],
surfshark_ipvanish_nord_vpn_free,https://t.me/surfshark_ipvanish_nord_vpn_free,3688,2024-02-19 09:30:24,,False,False,False,False,True,False,False,False,False,False,1506406968,,,,,,,,,443,0,,,,,,[],
surfshark_ipvanish_nord_vpn_free,https://t.me/surfshark_ipvanish_nord_vpn_free,3689,2024-02-19 10:30:15,"🔰 Express Keys 🔰

https://urlsh.us/Njftq

How To Open Links:- @Unmate_Links_Open

Note : Don’t change password or Email. Else it will be closed. 

✅ Use it wisely.

✅ Buy Private Account at 12$ (1 Year Guarantee)

❤️ Buy Now : Https://shoppy.gg/@Telisay

Check Our Proofs On @UnMate_Proofs

➖ @UnMate ➖",False,False,False,False,True,False,False,False,False,False,1506406968,,,,,,,,,503,2,,,,,,[],
surfshark_ipvanish_nord_vpn_free,https://t.me/surfshark_ipvanish_nord_vpn_free,3690,2024-02-19 10:30:15,,False,False,False,False,True,False,False,False,False,False,1506406968,,,,,,,,,458,0,,,,,,[],
surfshark_ipvanish_nord_vpn_free,https://t.me/surfshark_ipvanish_nord_vpn_free,3691,2024-02-19 10:39:02,"🔰 OnlyFans With Balance And CC Attached 🔰

https://urlsh.us/Njftq

How To Open Links:- @Unmate_Links_Open

Note : Don’t change password or Email. Else it will be closed. 

✅ Use it wisely.

✅ Buy Private Account at 12$ (1 Year Guarantee)

❤️ Buy Now : Https://shoppy.gg/@Telisay

Check Our Proofs On @UnMate_Proofs

➖ @UnMate ➖",False,False,False,False,True,False,False,False,False,False,1506406968,,,,,,,,,484,0,,,,,,[],
surfshark_ipvanish_nord_vpn_free,https://t.me/surfshark_ipvanish_nord_vpn_free,3692,2024-02-19 10:39:02,,False,False,False,False,True,False,False,False,False,False,1506406968,,,,,,,,,459,0,,,,,,[],
surfshark_ipvanish_nord_vpn_free,https://t.me/surfshark_ipvanish_nord_vpn_free,3693,2024-02-19 11:01:01,"❤️ Buy Premium Accounts now
❤️With <DATE_TIME> Guarantee And Cheapest
❤️Trusted And Genuine Check Proofs On @UnMate_Proofs

👍 Message : @UnMate
Or Buy Directly From 
Https://shoppy.gg/@Telisay

Quality Products Are Always Bit Expensive ❤️",False,False,False,False,True,False,False,False,False,False,1506406968,,,,,,,,,455,0,,,,,,[],
surfshark_ipvanish_nord_vpn_free,https://t.me/surfshark_ipvanish_nord_vpn_free,3694,2024-02-19 11:31:01,"🔰 WindScribe Vpn 🔰

https://urlsh.us/anAdl

How To Open Links:- @Unmate_Links_Open

Note : Don’t change password or Email. Else it will be closed. 

✅ Use it wisely.

✅ Buy Private Account at 12$ (1 Year Guarantee)

❤️ Buy Now : Https://shoppy.gg/@unmate

Check Our Proofs On @UnMate_Proofs

➖ @UnMate ➖",False,False,False,False,True,False,False,False,False,False,1506406968,,,,,,,,,500,3,,,,,,[],
surfshark_ipvanish_nord_vpn_free,https://t.me/surfshark_ipvanish_nord_vpn_free,3695,2024-02-19 11:31:01,,False,False,False,False,True,False,False,False,False,False,1506406968,,,,,,,,,482,0,,,,,,[],
surfshark_ipvanish_nord_vpn_free,https://t.me/surfshark_ipvanish_nord_vpn_free,3696,2024-02-19 12:32:01,"🔰 Surfshark 🔰

https://urlsh.us/YOBUC

How To Open Links:- @Unmate_Links_Open

Note : Don’t change password or Email. Else it will be closed. 

✅ Use it wisely.

✅ Buy Private Account at 12$ (1 Year Guarantee)

❤️ Buy Now : Https://shoppy.gg/@Telisay

Check Our Proofs On @UnMate_Proofs

➖ @UnMate ➖",False,False,False,False,True,False,False,False,False,False,1506406968,,,,,,,,,561,2,,,,,,[],
surfshark_ipvanish_nord_vpn_free,https://t.me/surfshark_ipvanish_nord_vpn_free,3697,2024-02-19 12:32:01,,False,False,False,False,True,False,False,False,False,False,1506406968,,,,,,,,,553,0,,,,,,[],
surfshark_ipvanish_nord_vpn_free,https://t.me/surfshark_ipvanish_nord_vpn_free,3698,2024-02-19 12:35:12,"🔰 Nord VPN <DATE_TIME> Links:- @Unmate_Links_Open

Note : Don’t change password or Email. Else it will be closed. 

✅ Use it wisely.

✅ Buy Private Account at 12$ (1 Year Guarantee)

❤️ Buy Now : Https://shoppy.gg/@Telisay

Check Our Proofs On @UnMate_Proofs

➖ @UnMate ➖",False,False,False,False,True,False,False,False,False,False,1506406968,,,,,,,,,700,3,,,,,,[],
surfshark_ipvanish_nord_vpn_free,https://t.me/surfshark_ipvanish_nord_vpn_free,3699,2024-02-19 12:35:12,,False,False,False,False,True,False,False,False,False,False,1506406968,,,,,,,,,668,0,,,,,,[],
surfshark_ipvanish_nord_vpn_free,https://t.me/surfshark_ipvanish_nord_vpn_free,3700,2024-02-19 13:01:01,"❤️ Buy Premium Accounts now
❤️With <DATE_TIME> Guarantee And Cheapest
❤️Trusted And Genuine Check Proofs On @UnMate_Proofs

👍 Message : @UnMate
Or Buy Directly From 
Https://shoppy.gg/@Telisay

Quality Products Are Always Bit Expensive ❤️",False,False,False,False,True,False,False,False,False,False,1506406968,,,,,,,,,636,0,,,,,,[],
surfshark_ipvanish_nord_vpn_free,https://t.me/surfshark_ipvanish_nord_vpn_free,3701,2024-02-19 13:33:01,"🔰 Hotspot Shield  🔰

https://urlsh.us/htnZN

How To Open Links:- @Unmate_Links_Open

Note : Don’t change password or Email. Else it will be closed. 

✅ Use it wisely.

✅ Buy Private Account at 12$ (1 Year Guarantee)

❤️ Buy Now : Https://shoppy.gg/@Telisay

Check Our Proofs On @UnMate_Proofs

➖ @UnMate ➖",False,False,False,False,True,False,False,False,False,False,1506406968,,,,,,,,,652,1,,,,,,[],
surfshark_ipvanish_nord_vpn_free,https://t.me/surfshark_ipvanish_nord_vpn_free,3702,2024-02-19 13:33:01,,False,False,False,False,True,False,False,False,False,False,1506406968,,,,,,,,,634,0,,,,,,[],
surfshark_ipvanish_nord_vpn_free,https://t.me/surfshark_ipvanish_nord_vpn_free,3703,2024-02-19 14:31:01,"🔰 <PERSON> 🔰

https://urlsh.us/qDxCe 

How To Open Links:- @Unmate_Links_Open

Note : Don’t change password or Email. Else it will be closed. 

✅ Use it wisely.

✅ Buy Private Account at 12$ (1 Year Guarantee)

❤️ Buy Now : Https://shoppy.gg/@Telisay

Check Our Proofs On @UnMate_Proofs

➖ @UnMate ➖",False,False,False,False,True,False,False,False,False,False,1506406968,,,,,,,,,716,2,,,,,,[],
surfshark_ipvanish_nord_vpn_free,https://t.me/surfshark_ipvanish_nord_vpn_free,3704,2024-02-19 14:31:01,,False,False,False,False,True,False,False,False,False,False,1506406968,,,,,,,,,665,0,,,,,,[],
surfshark_ipvanish_nord_vpn_free,https://t.me/surfshark_ipvanish_nord_vpn_free,3706,2024-02-19 15:30:38,"🔰 Express VPN Mobile 🔰

https://urlsh.us/Enrdy

How To Open Links:- @Unmate_Links_Open

Note : Don’t change password or Email. Else it will be closed. 

✅ Use it wisely.

✅ Buy Private Account at 15$ (1 Year Guarantee)

❤️ Buy Now : Https://shoppy.gg/@Telisay

Check Our Proofs On @UnMate_Proofs

➖ @UnMate ➖",False,False,False,False,True,False,False,False,False,False,1506406968,,,,,,,,,806,1,,,,,,[],
surfshark_ipvanish_nord_vpn_free,https://t.me/surfshark_ipvanish_nord_vpn_free,3708,2024-02-19 16:30:14,"🔰 Express Keys 🔰

https://urlsh.us/dGyld

How To Open Links:- @Unmate_Links_Open

Note : Don’t change password or Email. Else it will be closed. 

✅ Use it wisely.

✅ Buy Private Account at 12$ (1 Year Guarantee)

❤️ Buy Now : Https://shoppy.gg/@Telisay

Check Our Proofs On @UnMate_Proofs

➖ @UnMate ➖",False,False,False,False,True,False,False,False,False,False,1506406968,,,,,,,,,893,2,,,,,,[],
surfshark_ipvanish_nord_vpn_free,https://t.me/surfshark_ipvanish_nord_vpn_free,3710,2024-02-19 17:01:01,"❤️ Buy Premium Accounts now
❤️With <DATE_TIME> Guarantee And Cheapest
❤️Trusted And Genuine Check Proofs On @UnMate_Proofs

👍 Message : @UnMate
Or Buy Directly From 
Https://shoppy.gg/@Telisay

Quality Products Are Always Bit Expensive ❤️",False,False,False,False,True,False,False,False,False,False,1506406968,,,,,,,,,987,0,,,,,,[],
surfshark_ipvanish_nord_vpn_free,https://t.me/surfshark_ipvanish_nord_vpn_free,3711,2024-02-19 17:30:14,"🔰 Surfshark 🔰

https://urlsh.us/ETldW

How To Open Links:- @Unmate_Links_Open

Note : Don’t change password or Email. Else it will be closed. 

✅ Use it wisely.

✅ Buy Private Account at 12$ (1 Year Guarantee)

❤️ Buy Now : Https://shoppy.gg/@Telisay

Check Our Proofs On @UnMate_Proofs

➖ @UnMate ➖",False,False,False,False,True,False,False,False,False,False,1506406968,,,,,,,,,1069,4,,,,,,[],
surfshark_ipvanish_nord_vpn_free,https://t.me/surfshark_ipvanish_nord_vpn_free,3712,2024-02-19 17:30:14,,False,False,False,False,True,False,False,False,False,False,1506406968,,,,,,,,,1110,0,,,,,,[],
surfshark_ipvanish_nord_vpn_free,https://t.me/surfshark_ipvanish_nord_vpn_free,3713,2024-02-20 07:01:53,"✅❇️ BUY PRIVATE ACCOUNT ✅❇️

🅿️ Get your private account with <DATE_TIME> validity & Unlimited Replacements

✅ Message : @UnMate

Terms: 
• <DATE_TIME> warranty 
• Unlimited Replacements
• Don't change email or password (Accounts On your email also available)
• <DATE_TIME> time

✅ Message : @UnMate

Accounts available:
● Adult/P○rn
● VPN/Antivirus
● Streaming
● Education
● Stocks
● Bank Accounts/Verifications
● Crypto accounts

✅ Refund Policy:
● If we are unable to replace within <DATE_TIME> #<PERSON>
● Don't change email or password (Else no refund)


✅ Message : @UnMate",False,False,False,False,True,False,False,False,False,False,1506406968,,,,,,,,,1189,0,,,,,,[],
surfshark_ipvanish_nord_vpn_free,https://t.me/surfshark_ipvanish_nord_vpn_free,3714,2024-02-21 07:01:01,"❤️ Buy Premium Accounts now
❤️With <DATE_TIME> Guarantee And Cheapest
❤️Trusted And Genuine Check Proofs On @UnMate_Proofs

👍 Message : @UnMate
Or Buy Directly From 
Https://shoppy.gg/@Telisay

Quality Products Are Always Bit Expensive ❤️",False,False,False,False,True,False,False,False,False,False,1506406968,,,,,,,,,974,0,,,,,,[],
surfshark_ipvanish_nord_vpn_free,https://t.me/surfshark_ipvanish_nord_vpn_free,3717,2024-02-24 08:30:11,"🔰 Surfshark 🔰

https://urlsh.us/AoCDq

How To Open Links:- @Unmate_Links_Open

Note : Don’t change password or Email. Else it will be closed. 

✅ Use it wisely.

✅ Buy Private Account at 12$ (1 Year Guarantee)

❤️ Buy Now : Https://shoppy.gg/@Telisay

Check Our Proofs On @UnMate_Proofs

➖ @UnMate ➖",False,False,False,False,True,False,False,False,False,False,1506406968,,,,,,,,,300,1,,,,,,[],
surfshark_ipvanish_nord_vpn_free,https://t.me/surfshark_ipvanish_nord_vpn_free,3718,2024-02-24 08:30:11,,False,False,False,False,True,False,False,False,False,False,1506406968,,,,,,,,,276,0,,,,,,[],
surfshark_ipvanish_nord_vpn_free,https://t.me/surfshark_ipvanish_nord_vpn_free,3719,2024-02-24 09:02:12,"❤️ Buy Premium Accounts now
❤️With <DATE_TIME> Guarantee And Cheapest
❤️Trusted And Genuine Check Proofs On @UnMate_Proofs

👍 Message : @UnMate
Or Buy Directly From 
Https://shoppy.gg/@Telisay

Quality Products Are Always Bit Expensive ❤️",False,False,False,False,True,False,False,False,False,False,1506406968,,,,,,,,,273,0,,,,,,[],
surfshark_ipvanish_nord_vpn_free,https://t.me/surfshark_ipvanish_nord_vpn_free,3720,2024-02-24 09:30:20,"🔰 Express VPN Mobile 🔰

https://urlsh.us/oKYFn

How To Open Links:- @Unmate_Links_Open

Note : Don’t change password or Email. Else it will be closed. 

✅ Use it wisely.

✅ Buy Private Account at 15$ (1 Year Guarantee)

❤️ Buy Now : Https://shoppy.gg/@Telisay

Check Our Proofs On @UnMate_Proofs

➖ @UnMate ➖",False,False,False,False,True,False,False,False,False,False,1506406968,,,,,,,,,280,1,,,,,,[],
surfshark_ipvanish_nord_vpn_free,https://t.me/surfshark_ipvanish_nord_vpn_free,3721,2024-02-24 09:30:20,,False,False,False,False,True,False,False,False,False,False,1506406968,,,,,,,,,268,0,,,,,,[],
surfshark_ipvanish_nord_vpn_free,https://t.me/surfshark_ipvanish_nord_vpn_free,3722,2024-02-24 10:31:06,"🔰 Nord VPN 🔰

https://urlsh.us/dMGEW

How To Open Links:- @Unmate_Links_Open

Note : Don’t change password or Email. Else it will be closed. 

✅ Use it wisely.

✅ Buy Private Account at 12$ (1 Year Guarantee)

❤️ Buy Now : Https://shoppy.gg/@Telisay

Check Our Proofs On @UnMate_Proofs

➖ @UnMate ➖",False,False,False,False,True,False,False,False,False,False,1506406968,,,,,,,,,271,1,,,,,,[],
surfshark_ipvanish_nord_vpn_free,https://t.me/surfshark_ipvanish_nord_vpn_free,3723,2024-02-24 10:31:06,,False,False,False,False,True,False,False,False,False,False,1506406968,,,,,,,,,257,0,,,,,,[],
surfshark_ipvanish_nord_vpn_free,https://t.me/surfshark_ipvanish_nord_vpn_free,3724,2024-02-24 11:00:12,"❤️ Buy Premium Accounts now
❤️With <DATE_TIME> Guarantee And Cheapest
❤️Trusted And Genuine Check Proofs On @UnMate_Proofs

👍 Message : @UnMate
Or Buy Directly From 
Https://shoppy.gg/@Telisay

Quality Products Are Always Bit Expensive ❤️",False,False,False,False,True,False,False,False,False,False,1506406968,,,,,,,,,261,1,,,,,,[],
surfshark_ipvanish_nord_vpn_free,https://t.me/surfshark_ipvanish_nord_vpn_free,3725,2024-02-24 11:30:14,"🔰 PornPortal <DATE_TIME> @Unmate_Links_Open

Note : Don’t change password or Email. Else it will be closed. 

✅ Use it wisely.

✅ Buy Private Account at 12$ (1 Year Guarantee)

❤️ Buy Now : Https://shoppy.gg/@unmate

Check Our Proofs On @UnMate_Proofs

➖ @UnMate ➖",False,False,False,False,True,False,False,False,False,False,1506406968,,,,,,,,,275,0,,,,,,[],
surfshark_ipvanish_nord_vpn_free,https://t.me/surfshark_ipvanish_nord_vpn_free,3726,2024-02-24 11:30:14,,False,False,False,False,True,False,False,False,False,False,1506406968,,,,,,,,,256,0,,,,,,[],
surfshark_ipvanish_nord_vpn_free,https://t.me/surfshark_ipvanish_nord_vpn_free,3727,2024-02-24 12:30:28,"🔰 <PERSON> <DATE_TIME> @Unmate_Links_Open

Note : Don’t change password or Email. Else it will be closed. 

✅ Use it wisely.

✅ Buy Private Account at 12$ (1 Year Guarantee)

❤️ Buy Now : Https://shoppy.gg/@Telisay

Check Our Proofs On @UnMate_Proofs

➖ @UnMate ➖",False,False,False,False,True,False,False,False,False,False,1506406968,,,,,,,,,259,1,,,,,,[],
surfshark_ipvanish_nord_vpn_free,https://t.me/surfshark_ipvanish_nord_vpn_free,3728,2024-02-24 12:30:28,,False,False,False,False,True,False,False,False,False,False,1506406968,,,,,,,,,246,0,,,,,,[],
surfshark_ipvanish_nord_vpn_free,https://t.me/surfshark_ipvanish_nord_vpn_free,3729,2024-02-24 13:01:18,"❤️ Buy Premium Accounts now
❤️With <DATE_TIME> Guarantee And Cheapest
❤️Trusted And Genuine Check Proofs On @UnMate_Proofs

👍 Message : @UnMate
Or Buy Directly From 
Https://shoppy.gg/@Telisay

Quality Products Are Always Bit Expensive ❤️",False,False,False,False,True,False,False,False,False,False,1506406968,,,,,,,,,239,0,,,,,,[],
surfshark_ipvanish_nord_vpn_free,https://t.me/surfshark_ipvanish_nord_vpn_free,3730,2024-02-24 13:30:52,,False,False,False,False,True,False,False,False,False,False,1506406968,,,,,,,,,226,0,,,,,,[],
surfshark_ipvanish_nord_vpn_free,https://t.me/surfshark_ipvanish_nord_vpn_free,3731,2024-02-24 13:31:04,"🔰 Hotspot Shield  🔰

https://urlsh.us/uZODY

How To Open Links:- @Unmate_Links_Open

Note : Don’t change password or Email. Else it will be closed. 

✅ Use it wisely.

✅ Buy Private Account at 12$ (1 Year Guarantee)

❤️ Buy Now : Https://shoppy.gg/@Telisay

Check Our Proofs On @UnMate_Proofs

➖ @UnMate ➖",False,False,False,False,True,False,False,False,False,False,1506406968,,,,,,,,,241,1,,,,,,[],
surfshark_ipvanish_nord_vpn_free,https://t.me/surfshark_ipvanish_nord_vpn_free,3732,2024-02-24 14:31:04,"🔰 Mullad Vpn 🔰

https://urlsh.us/YRECs

How To Open Links:- @Unmate_Links_Open

Note : Don’t change password or Email. Else it will be closed. 

✅ Use it wisely.

✅ Buy Private Account at 12$ (1 Year Guarantee)

❤️ Buy Now : Https://shoppy.gg/@unmate

Check Our Proofs On @UnMate_Proofs

➖ @UnMate ➖",False,False,False,False,True,False,False,False,False,False,1506406968,,,,,,,,,232,1,,,,,,[],
surfshark_ipvanish_nord_vpn_free,https://t.me/surfshark_ipvanish_nord_vpn_free,3733,2024-02-24 14:31:04,,False,False,False,False,True,False,False,False,False,False,1506406968,,,,,,,,,228,0,,,,,,[],
surfshark_ipvanish_nord_vpn_free,https://t.me/surfshark_ipvanish_nord_vpn_free,3734,2024-02-24 15:00:14,"❤️ Buy Premium Accounts now
❤️With <DATE_TIME> Guarantee And Cheapest
❤️Trusted And Genuine Check Proofs On @UnMate_Proofs

👍 Message : @UnMate
Or Buy Directly From 
Https://shoppy.gg/@Telisay

Quality Products Are Always Bit Expensive ❤️",False,False,False,False,True,False,False,False,False,False,1506406968,,,,,,,,,237,0,,,,,,[],
surfshark_ipvanish_nord_vpn_free,https://t.me/surfshark_ipvanish_nord_vpn_free,3735,2024-02-24 15:32:01,"🔰 OnlyFans With Balance And CC Attached <DATE_TIME> @Unmate_Links_Open

Note : Don’t change password or Email. Else it will be closed. 

✅ Use it wisely.

✅ Buy Private Account at 12$ (1 Year Guarantee)

❤️ Buy Now : Https://shoppy.gg/@Telisay

Check Our Proofs On @UnMate_Proofs

➖ @UnMate ➖",False,False,False,False,True,False,False,False,False,False,1506406968,,,,,,,,,251,0,,,,,,[],
surfshark_ipvanish_nord_vpn_free,https://t.me/surfshark_ipvanish_nord_vpn_free,3736,2024-02-24 15:32:01,,False,False,False,False,True,False,False,False,False,False,1506406968,,,,,,,,,250,0,,,,,,[],
surfshark_ipvanish_nord_vpn_free,https://t.me/surfshark_ipvanish_nord_vpn_free,3737,2024-02-24 16:30:28,"🔰 Express Keys 🔰

https://urlsh.us/Lnhsz

How To Open Links:- @Unmate_Links_Open

Note : Don’t change password or Email. Else it will be closed. 

✅ Use it wisely.

✅ Buy Private Account at 12$ (1 Year Guarantee)

❤️ Buy Now : Https://shoppy.gg/@Telisay

Check Our Proofs On @UnMate_Proofs

➖ @UnMate ➖",False,False,False,False,True,False,False,False,False,False,1506406968,,,,,,,,,253,0,,,,,,[],
surfshark_ipvanish_nord_vpn_free,https://t.me/surfshark_ipvanish_nord_vpn_free,3738,2024-02-24 16:30:28,,False,False,False,False,True,False,False,False,False,False,1506406968,,,,,,,,,254,0,,,,,,[],
surfshark_ipvanish_nord_vpn_free,https://t.me/surfshark_ipvanish_nord_vpn_free,3740,2024-02-25 07:01:50,"✅❇️ BUY PRIVATE ACCOUNT ✅❇️

🅿️ Get your private account with <DATE_TIME> validity & Unlimited Replacements

✅ Message : @UnMate

Terms: 
• <DATE_TIME> warranty 
• Unlimited Replacements
• Don't change email or password (Accounts On your email also available)
• <DATE_TIME> time

✅ Message : @UnMate

Accounts available:
● Adult/P○rn
● VPN/Antivirus
● Streaming
● Education
● Stocks
● Bank Accounts/Verifications
● Crypto accounts

✅ Refund Policy:
● If we are unable to replace within <DATE_TIME> #<PERSON>
● Don't change email or password (Else no refund)


✅ Message : @UnMate",False,False,False,False,True,False,False,False,False,False,1506406968,,,,,,,,,59,0,,,,,,[],
surfshark_ipvanish_nord_vpn_free,https://t.me/surfshark_ipvanish_nord_vpn_free,3742,2024-03-01 07:31:10,"🔰 Express VPN Mobile 🔰

https://urlsh.us/fWfFX

How To Open Links:- @Unmate_Links_Open

Note : Don’t change password or Email. Else it will be closed. 

✅ Use it wisely.

✅ Buy Private Account at 15$ (1 Year Guarantee)

❤️ Buy Now : Https://shoppy.gg/@Telisay

Check Our Proofs On @UnMate_Proofs

➖ @UnMate ➖",False,False,False,False,True,False,False,False,False,False,1506406968,,,,,,,,,319,0,,,,,,[],
surfshark_ipvanish_nord_vpn_free,https://t.me/surfshark_ipvanish_nord_vpn_free,3743,2024-03-01 07:31:10,,False,False,False,False,True,False,False,False,False,False,1506406968,,,,,,,,,297,0,,,,,,[],
surfshark_ipvanish_nord_vpn_free,https://t.me/surfshark_ipvanish_nord_vpn_free,3744,2024-03-01 08:30:17,"🔰 Surfshark 🔰

https://urlsh.us/pvpLT

How To Open Links:- @Unmate_Links_Open

Note : Don’t change password or Email. Else it will be closed. 

✅ Use it wisely.

✅ Buy Private Account at 12$ (1 Year Guarantee)

❤️ Buy Now : Https://shoppy.gg/@Telisay

Check Our Proofs On @UnMate_Proofs

➖ @UnMate ➖",False,False,False,False,True,False,False,False,False,False,1506406968,,,,,,,,,275,0,,,,,,[],
surfshark_ipvanish_nord_vpn_free,https://t.me/surfshark_ipvanish_nord_vpn_free,3745,2024-03-01 08:30:17,,False,False,False,False,True,False,False,False,False,False,1506406968,,,,,,,,,237,0,,,,,,[],
surfshark_ipvanish_nord_vpn_free,https://t.me/surfshark_ipvanish_nord_vpn_free,3746,2024-03-01 09:01:31,"❤️ Buy Premium Accounts now
❤️With <DATE_TIME> Guarantee And Cheapest
❤️Trusted And Genuine Check Proofs On @UnMate_Proofs

👍 Message : @UnMate
Or Buy Directly From 
Https://shoppy.gg/@Telisay

Quality Products Are Always Bit Expensive ❤️",False,False,False,False,True,False,False,False,False,False,1506406968,,,,,,,,,235,0,,,,,,[],
surfshark_ipvanish_nord_vpn_free,https://t.me/surfshark_ipvanish_nord_vpn_free,3747,2024-03-01 09:30:46,"🔰 Express Keys <DATE_TIME>

How To Open Links:- @Unmate_Links_Open

Note : Don’t change password or Email. Else it will be closed. 

✅ Use it wisely.

✅ Buy Private Account at 12$ (1 Year Guarantee)

❤️ Buy Now : Https://shoppy.gg/@Telisay

Check Our Proofs On @UnMate_Proofs

➖ @UnMate ➖",False,False,False,False,True,False,False,False,False,False,1506406968,,,,,,,,,259,0,,,,,,[],
surfshark_ipvanish_nord_vpn_free,https://t.me/surfshark_ipvanish_nord_vpn_free,3748,2024-03-01 09:30:46,,False,False,False,False,True,False,False,False,False,False,1506406968,,,,,,,,,252,0,,,,,,[],
surfshark_ipvanish_nord_vpn_free,https://t.me/surfshark_ipvanish_nord_vpn_free,3749,2024-03-01 10:30:38,"🔰 <PERSON> 🔰

https://urlsh.us/dtudQ

How To Open Links:- @Unmate_Links_Open

Note : Don’t change password or Email. Else it will be closed. 

✅ Use it wisely.

✅ Buy Private Account at 12$ (1 Year Guarantee)

❤️ Buy Now : Https://shoppy.gg/@Telisay

Check Our Proofs On @UnMate_Proofs

➖ @UnMate ➖",False,False,False,False,True,False,False,False,False,False,1506406968,,,,,,,,,260,0,,,,,,[],
surfshark_ipvanish_nord_vpn_free,https://t.me/surfshark_ipvanish_nord_vpn_free,3750,2024-03-01 10:30:38,,False,False,False,False,True,False,False,False,False,False,1506406968,,,,,,,,,252,0,,,,,,[],
surfshark_ipvanish_nord_vpn_free,https://t.me/surfshark_ipvanish_nord_vpn_free,3751,2024-03-01 11:00:58,"❤️ Buy Premium Accounts now
❤️With <DATE_TIME> Guarantee And Cheapest
❤️Trusted And Genuine Check Proofs On @UnMate_Proofs

👍 Message : @UnMate
Or Buy Directly From 
Https://shoppy.gg/@Telisay

Quality Products Are Always Bit Expensive ❤️",False,False,False,False,True,False,False,False,False,False,1506406968,,,,,,,,,245,0,,,,,,[],
surfshark_ipvanish_nord_vpn_free,https://t.me/surfshark_ipvanish_nord_vpn_free,3752,2024-03-01 11:30:32,"🔰 Hotspot Shield  🔰

https://urlsh.us/yoCPj

How To Open Links:- @Unmate_Links_Open

Note : Don’t change password or Email. Else it will be closed. 

✅ Use it wisely.

✅ Buy Private Account at 12$ (1 Year Guarantee)

❤️ Buy Now : Https://shoppy.gg/@Telisay

Check Our Proofs On @UnMate_Proofs

➖ @UnMate ➖",False,False,False,False,True,False,False,False,False,False,1506406968,,,,,,,,,263,1,,,,,,[],
surfshark_ipvanish_nord_vpn_free,https://t.me/surfshark_ipvanish_nord_vpn_free,3753,2024-03-01 11:30:32,,False,False,False,False,True,False,False,False,False,False,1506406968,,,,,,,,,250,0,,,,,,[],
surfshark_ipvanish_nord_vpn_free,https://t.me/surfshark_ipvanish_nord_vpn_free,3754,2024-03-01 12:30:43,,False,False,False,False,True,False,False,False,False,False,1506406968,,,,,,,,,224,0,,,,,,[],
surfshark_ipvanish_nord_vpn_free,https://t.me/surfshark_ipvanish_nord_vpn_free,3755,2024-03-01 12:30:44,"🔰 WindScribe Vpn 🔰

https://urlsh.us/nsdih

How To Open Links:- @Unmate_Links_Open

Note : Don’t change password or Email. Else it will be closed. 

✅ Use it wisely.

✅ Buy Private Account at 12$ (1 Year Guarantee)

❤️ Buy Now : Https://shoppy.gg/@unmate

Check Our Proofs On @UnMate_Proofs

➖ @UnMate ➖",False,False,False,False,True,False,False,False,False,False,1506406968,,,,,,,,,217,1,,,,,,[],
surfshark_ipvanish_nord_vpn_free,https://t.me/surfshark_ipvanish_nord_vpn_free,3756,2024-03-01 13:01:19,"❤️ Buy Premium Accounts now
❤️With <DATE_TIME> Guarantee And Cheapest
❤️Trusted And Genuine Check Proofs On @UnMate_Proofs

👍 Message : @UnMate
Or Buy Directly From 
Https://shoppy.gg/@Telisay

Quality Products Are Always Bit Expensive ❤️",False,False,False,False,True,False,False,False,False,False,1506406968,,,,,,,,,202,0,,,,,,[],
surfshark_ipvanish_nord_vpn_free,https://t.me/surfshark_ipvanish_nord_vpn_free,3757,2024-03-01 13:30:35,"🔰 CyberGhost 🔰

https://urlsh.us/BBZED

How To Open Links:- @Unmate_Links_Open

Note : Don’t change password or Email. Else it will be closed. 

✅ Use it wisely.

✅ Buy Private Account at 12$ (1 Year Guarantee)

❤️ Buy Now : Https://shoppy.gg/@unmate

Check Our Proofs On @UnMate_Proofs

➖ @UnMate ➖",False,False,False,False,True,False,False,False,False,False,1506406968,,,,,,,,,213,0,,,,,,[],
surfshark_ipvanish_nord_vpn_free,https://t.me/surfshark_ipvanish_nord_vpn_free,3758,2024-03-01 13:30:35,,False,False,False,False,True,False,False,False,False,False,1506406968,,,,,,,,,206,0,,,,,,[],
surfshark_ipvanish_nord_vpn_free,https://t.me/surfshark_ipvanish_nord_vpn_free,3759,2024-03-01 14:30:49,"🔰 <PERSON> 🔰

https://urlsh.us/wqApm 

How To Open Links:- @Unmate_Links_Open

Note : Don’t change password or Email. Else it will be closed. 

✅ Use it wisely.

✅ Buy Private Account at 12$ (1 Year Guarantee)

❤️ Buy Now : Https://shoppy.gg/@Telisay

Check Our Proofs On @UnMate_Proofs

➖ @UnMate ➖",False,False,False,False,True,False,False,False,False,False,1506406968,,,,,,,,,190,1,,,,,,[],
surfshark_ipvanish_nord_vpn_free,https://t.me/surfshark_ipvanish_nord_vpn_free,3760,2024-03-01 14:30:49,,False,False,False,False,True,False,False,False,False,False,1506406968,,,,,,,,,184,0,,,,,,[],
surfshark_ipvanish_nord_vpn_free,https://t.me/surfshark_ipvanish_nord_vpn_free,3761,2024-03-01 14:30:54,"🔰 Surfshark 🔰

https://urlsh.us/pvpLT

How To Open Links:- @Unmate_Links_Open

Note : Don’t change password or Email. Else it will be closed. 

✅ Use it wisely.

✅ Buy Private Account at 12$ (1 Year Guarantee)

❤️ Buy Now : Https://shoppy.gg/@Telisay

Check Our Proofs On @UnMate_Proofs

➖ @UnMate ➖",False,False,False,False,True,False,False,False,False,False,1506406968,,,,,,,,,215,1,,,,,,[],
surfshark_ipvanish_nord_vpn_free,https://t.me/surfshark_ipvanish_nord_vpn_free,3762,2024-03-01 14:30:54,,False,False,False,False,True,False,False,False,False,False,1506406968,,,,,,,,,206,0,,,,,,[],
surfshark_ipvanish_nord_vpn_free,https://t.me/surfshark_ipvanish_nord_vpn_free,3763,2024-03-01 15:00:26,"❤️ Buy Premium Accounts now
❤️With <DATE_TIME> Guarantee And Cheapest
❤️Trusted And Genuine Check Proofs On @UnMate_Proofs

👍 Message : @UnMate
Or Buy Directly From 
Https://shoppy.gg/@Telisay

Quality Products Are Always Bit Expensive ❤️",False,False,False,False,True,False,False,False,False,False,1506406968,,,,,,,,,209,0,,,,,,[],
surfshark_ipvanish_nord_vpn_free,https://t.me/surfshark_ipvanish_nord_vpn_free,3764,2024-03-01 15:31:01,"🔰 OnlyFans With Balance And CC Attached <DATE_TIME> @Unmate_Links_Open

Note : Don’t change password or Email. Else it will be closed. 

✅ Use it wisely.

✅ Buy Private Account at 12$ (1 Year Guarantee)

❤️ Buy Now : Https://shoppy.gg/@Telisay

Check Our Proofs On @UnMate_Proofs

➖ @UnMate ➖",False,False,False,False,True,False,False,False,False,False,1506406968,,,,,,,,,226,1,,,,,,[],
surfshark_ipvanish_nord_vpn_free,https://t.me/surfshark_ipvanish_nord_vpn_free,3765,2024-03-01 15:31:01,,False,False,False,False,True,False,False,False,False,False,1506406968,,,,,,,,,239,0,,,,,,[],
surfshark_ipvanish_nord_vpn_free,https://t.me/surfshark_ipvanish_nord_vpn_free,3766,2024-03-01 16:30:30,"🔰 Express VPN Mobile <DATE_TIME>

How To Open Links:- @Unmate_Links_Open

Note : Don’t change password or Email. Else it will be closed. 

✅ Use it wisely.

✅ Buy Private Account at 15$ (1 Year Guarantee)

❤️ Buy Now : Https://shoppy.gg/@Telisay

Check Our Proofs On @UnMate_Proofs

➖ @UnMate ➖",False,False,False,False,True,False,False,False,False,False,1506406968,,,,,,,,,217,0,,,,,,[],
surfshark_ipvanish_nord_vpn_free,https://t.me/surfshark_ipvanish_nord_vpn_free,3767,2024-03-01 16:30:37,,False,False,False,False,True,False,False,False,False,False,1506406968,,,,,,,,,223,0,,,,,,[],
surfshark_ipvanish_nord_vpn_free,https://t.me/surfshark_ipvanish_nord_vpn_free,3768,2024-03-01 17:00:14,"❤️ Buy Premium Accounts now
❤️With <DATE_TIME> Guarantee And Cheapest
❤️Trusted And Genuine Check Proofs On @UnMate_Proofs

👍 Message : @UnMate
Or Buy Directly From 
Https://shoppy.gg/@Telisay

Quality Products Are Always Bit Expensive ❤️",False,False,False,False,True,False,False,False,False,False,1506406968,,,,,,,,,218,0,,,,,,[],
surfshark_ipvanish_nord_vpn_free,https://t.me/surfshark_ipvanish_nord_vpn_free,3769,2024-03-01 17:30:25,"🔰 Surfshark 🔰

https://urlsh.us/XgxCB

How To Open Links:- @Unmate_Links_Open

Note : Don’t change password or Email. Else it will be closed. 

✅ Use it wisely.

✅ Buy Private Account at 12$ (1 Year Guarantee)

❤️ Buy Now : Https://shoppy.gg/@Telisay

Check Our Proofs On @UnMate_Proofs

➖ @UnMate ➖",False,False,False,False,True,False,False,False,False,False,1506406968,,,,,,,,,233,1,,,,,,[],
surfshark_ipvanish_nord_vpn_free,https://t.me/surfshark_ipvanish_nord_vpn_free,3770,2024-03-01 17:30:25,,False,False,False,False,True,False,False,False,False,False,1506406968,,,,,,,,,243,0,,,,,,[],
surfshark_ipvanish_nord_vpn_free,https://t.me/surfshark_ipvanish_nord_vpn_free,3771,2024-03-01 18:27:01,"🔰 Express Keys 🔰

https://urlsh.us/BnOYj

How To Open Links:- @Unmate_Links_Open

Note : Don’t change password or Email. Else it will be closed. 

✅ Use it wisely.

✅ Buy Private Account at 12$ (1 Year Guarantee)

❤️ Buy Now : Https://shoppy.gg/@Telisay

Check Our Proofs On @UnMate_Proofs

➖ @UnMate ➖",False,False,False,False,True,False,False,False,False,False,1506406968,,,,,,,,,213,0,,,,,,[],
surfshark_ipvanish_nord_vpn_free,https://t.me/surfshark_ipvanish_nord_vpn_free,3772,2024-03-01 18:27:01,,False,False,False,False,True,False,False,False,False,False,1506406968,,,,,,,,,213,0,,,,,,[],
