Channel ID,URL,Post ID,date,message,out,mentioned,media_unread,silent,post,from_scheduled,legacy,edit_hide,pinned,noforwards,peer_channel,from_id_user,fwd_from,via_bot_id,reply_to_msg_id,reply_to_scheduled,forum_topic,media_photo_id,reply_markup,views,forwards,replies,edit_date,post_author,grouped_id,reactions,restriction_reason,ttl_period
xaunfovdrops,https://t.me/xaunfovdrops,2552,2024-02-03 15:12:46,"1.Open Chrome and click on the three dots.
2.Select “Extensions” followed by “Visit Chrome Web Store”.
3.Add the Tampermonkey extension to Chrome and enable it.
4.Install the Linkvertise bypass script from Greasy Fork.
5.Go to Linkvertise, refresh the page, and wait <DATE_TIME>.
6.You can now bypass the credit limit!",False,False,False,False,True,0.0,False,1.0,0.0,0.0,1825524462,,,,,,,,,646.0,6.0,"{'_': 'MessageReplies', 'replies': 4, 'replies_pts': 5617, 'comments': True, 'recent_repliers': [{'_': 'PeerUser', 'user_id': 6201440862}, {'_': 'PeerUser', 'user_id': 1800107866}, {'_': 'PeerUser', 'user_id': 6378306051}], 'channel_id': 1846454363, 'max_id': 3030, 'read_max_id': None}",2024-02-03T15:20:58+00:00,drkxstarc.ae,,"{'_': 'MessageReactions', 'results': [{'_': 'ReactionCount', 'reaction': {'_': 'ReactionEmoji', 'emoticon': '❤'}, 'count': 2, 'chosen_order': None}], 'min': False, 'can_see_list': False, 'reactions_as_tags': False, 'recent_reactions': []}",[],
xaunfovdrops,https://t.me/xaunfovdrops,2553,2024-02-03 15:48:31,"need chat gpt + 
Vs anything you want 
@hulktff",False,False,False,False,True,0.0,False,1.0,0.0,0.0,1825524462,,,,,,,,,626.0,0.0,"{'_': 'MessageReplies', 'replies': 0, 'replies_pts': 5617, 'comments': True, 'recent_repliers': [], 'channel_id': 1846454363, 'max_id': None, 'read_max_id': None}",2024-02-03T15:48:35+00:00,𝐇 𝐔 𝐋 𝐊,,,[],
xaunfovdrops,https://t.me/xaunfovdrops,2554,2024-02-03 16:17:32,"for sell just 99$ USDT or btc 
Dm: @dropurl",False,False,False,True,True,0.0,False,0.0,0.0,0.0,1825524462,,,,,,,5.904342441924871e+18,,671.0,0.0,"{'_': 'MessageReplies', 'replies': 3, 'replies_pts': 5617, 'comments': True, 'recent_repliers': [{'_': 'PeerUser', 'user_id': 5147192355}, {'_': 'PeerUser', 'user_id': 5974180670}], 'channel_id': 1846454363, 'max_id': 3097, 'read_max_id': None}",2024-02-03T16:18:18+00:00,FH4 VVV/VVV,,,[],
xaunfovdrops,https://t.me/xaunfovdrops,2555,2024-02-03 17:03:37,"bank logs 10Gb for 50$
DM:@dropurl",False,False,False,True,True,0.0,False,1.0,0.0,0.0,1825524462,,,,,,,,,664.0,0.0,"{'_': 'MessageReplies', 'replies': 0, 'replies_pts': 5617, 'comments': True, 'recent_repliers': [], 'channel_id': 1846454363, 'max_id': None, 'read_max_id': None}",2024-02-03T17:03:40+00:00,FH4 VVV/VVV,,,[],
xaunfovdrops,https://t.me/xaunfovdrops,2556,2024-02-03 17:44:57,"DISNEY + SUBSCRIPTION
GUYS IT TAKE LOTS PATIENCE AND STRUGGLE... 
AND YOU GUYS DONT EVEN  BOTHER TO SEND SCREENSHOT 😢

SEND SCREENSHOT OR GAY 😋
@HULKTFF",False,False,False,False,True,0.0,False,1.0,0.0,0.0,1825524462,,"{'_': 'MessageFwdHeader', 'date': '2024-02-03T17:42:48+00:00', 'imported': False, 'saved_out': False, 'from_id': None, 'from_name': '𝐇 𝐔 𝐋 𝐊', 'channel_post': None, 'post_author': None, 'saved_from_peer': None, 'saved_from_msg_id': None, 'saved_from_id': None, 'saved_from_name': None, 'saved_date': None, 'psa_type': None}",,,,,,,675.0,5.0,"{'_': 'MessageReplies', 'replies': 8, 'replies_pts': 5617, 'comments': True, 'recent_repliers': [{'_': 'PeerUser', 'user_id': 1603292725}, {'_': 'PeerUser', 'user_id': 6084426350}, {'_': 'PeerUser', 'user_id': 1278209817}], 'channel_id': 1846454363, 'max_id': 3046, 'read_max_id': None}",2024-02-03T17:55:57+00:00,𝐇 𝐔 𝐋 𝐊,,"{'_': 'MessageReactions', 'results': [{'_': 'ReactionCount', 'reaction': {'_': 'ReactionEmoji', 'emoticon': '🥰'}, 'count': 6, 'chosen_order': None}, {'_': 'ReactionCount', 'reaction': {'_': 'ReactionEmoji', 'emoticon': '👍'}, 'count': 1, 'chosen_order': None}, {'_': 'ReactionCount', 'reaction': {'_': 'ReactionEmoji', 'emoticon': '\U0001fae1'}, 'count': 1, 'chosen_order': None}], 'min': False, 'can_see_list': False, 'reactions_as_tags': False, 'recent_reactions': []}",[],
xaunfovdrops,https://t.me/xaunfovdrops,2557,2024-02-03 17:52:02,for sell 20$,False,False,False,True,True,0.0,False,1.0,0.0,0.0,1825524462,,,,,,,5.904342441924871e+18,,656.0,0.0,"{'_': 'MessageReplies', 'replies': 2, 'replies_pts': 5617, 'comments': True, 'recent_repliers': [{'_': 'PeerUser', 'user_id': 5147192355}, {'_': 'PeerUser', 'user_id': 6801332527}], 'channel_id': 1846454363, 'max_id': 3045, 'read_max_id': None}",2024-02-03T20:26:18+00:00,FH4 VVV/VVV,,"{'_': 'MessageReactions', 'results': [{'_': 'ReactionCount', 'reaction': {'_': 'ReactionEmoji', 'emoticon': '❤'}, 'count': 1, 'chosen_order': None}], 'min': False, 'can_see_list': False, 'reactions_as_tags': False, 'recent_reactions': []}",[],
xaunfovdrops,https://t.me/xaunfovdrops,2558,2024-02-03 19:01:41,TOMORROW 100+ CRUNCHYROLL ACCOUNTS 😋🤳,False,False,False,False,True,0.0,False,1.0,0.0,0.0,1825524462,,,,,,,,,693.0,0.0,"{'_': 'MessageReplies', 'replies': 1, 'replies_pts': 5617, 'comments': True, 'recent_repliers': [{'_': 'PeerUser', 'user_id': 6237473887}], 'channel_id': 1846454363, 'max_id': 3044, 'read_max_id': None}",2024-02-03T19:02:26+00:00,𝐇 𝐔 𝐋 𝐊,,"{'_': 'MessageReactions', 'results': [{'_': 'ReactionCount', 'reaction': {'_': 'ReactionEmoji', 'emoticon': '🎉'}, 'count': 4, 'chosen_order': None}, {'_': 'ReactionCount', 'reaction': {'_': 'ReactionEmoji', 'emoticon': '👍'}, 'count': 2, 'chosen_order': None}, {'_': 'ReactionCount', 'reaction': {'_': 'ReactionEmoji', 'emoticon': '❤'}, 'count': 1, 'chosen_order': None}, {'_': 'ReactionCount', 'reaction': {'_': 'ReactionEmoji', 'emoticon': '🔥'}, 'count': 1, 'chosen_order': None}], 'min': False, 'can_see_list': False, 'reactions_as_tags': False, 'recent_reactions': []}",[],
xaunfovdrops,https://t.me/xaunfovdrops,2559,2024-02-03 20:12:01,"<PERSON>

💳| BIN : 43988200069xxxxx
📆| MM/YY: 02|2030
💳| CVV: RND 

⁉️| IP: USA 

💳| CC GEN: @SDBB_Bot

❤️| USE GEN OR GET LIVE FOR GREATER EFFICIENCY
😎😎😎😎😎😎😎😎😎😎😎

✈️SEND SCREENSHOT  : @HULKTFF  😈",False,False,False,False,True,0.0,False,1.0,0.0,0.0,1825524462,,,,,,,,,730.0,2.0,"{'_': 'MessageReplies', 'replies': 3, 'replies_pts': 5617, 'comments': True, 'recent_repliers': [{'_': 'PeerUser', 'user_id': 1800107866}, {'_': 'PeerUser', 'user_id': 6348449168}, {'_': 'PeerUser', 'user_id': 6826001957}], 'channel_id': 1846454363, 'max_id': 3073, 'read_max_id': None}",2024-02-03T20:12:05+00:00,𝐇 𝐔 𝐋 𝐊,,,[],
xaunfovdrops,https://t.me/xaunfovdrops,2560,2024-02-03 20:48:20,"<CREDIT_CARD>|02|2030|412
Result - CCN Live ❎
<CREDIT_CARD>|02|2030|699
Result - CCN Live ❎


TRY ON HULU 
IP USA",False,False,False,False,True,0.0,False,1.0,0.0,0.0,1825524462,,,,,,,,,700.0,0.0,"{'_': 'MessageReplies', 'replies': 0, 'replies_pts': 5617, 'comments': True, 'recent_repliers': [], 'channel_id': 1846454363, 'max_id': None, 'read_max_id': None}",2024-02-03T20:48:24+00:00,𝐇 𝐔 𝐋 𝐊,,,[],
xaunfovdrops,https://t.me/xaunfovdrops,2561,2024-02-04 05:16:23,Cloud Warp + keys Everyone??,False,False,False,True,True,0.0,False,1.0,0.0,0.0,1825524462,,,,,,,,,668.0,0.0,"{'_': 'MessageReplies', 'replies': 0, 'replies_pts': 5617, 'comments': True, 'recent_repliers': [], 'channel_id': 1846454363, 'max_id': None, 'read_max_id': None}",2024-02-04T05:16:26+00:00,drkxstarc.ae,,,[],
xaunfovdrops,https://t.me/xaunfovdrops,2562,2024-02-04 05:17:33,"🔴 Cloudflare Warp+

💖 Speed: Unlimited
💖 Traffic: 2400 TB
💖 For 5 Devices
💖 Site: https://<IP_ADDRESS>

🟢Keys:

M9X4iW51-3fPx85G1-A09X5Kh4
e07Mb25g-0613VPmc-6D824jfu
hy0s926M-02Hr4Xx1-eY86z7X3
3z1dr04v-Ff26tG85-92rMe45C
<NRP>-2L0q8sc1-wGz8W917
L9gR61N5-Q3Yf826o-dOoE7093
09jwm42i-0794ugUD-P46j2T3O
7kbO820m-1d58r6zc-q43R8Dl9
09EkQ8W5-Cwa9407S-80x39AOQ
p50PZ3Q7-QM14Dl56-6a8h5N7X
e5294OUF-Gv0g1a56-d072Efk6
246OJ0De-s0738DJB-3SRLO692
5ap3m7R1-W89MZ35g-03Jb7h8g
N462zf8c-g6p0Vm75-2zg630pP
yN6YP412-yd305rx4-WD8b64u7
S4J10fj6-x81q35Xn-bx0e97O1
9gM3j2B5-w6Se804v-D2987QMx
8Ka34t6X-1y7b84jO-i3D12Od8
N4eA739z-O5p2I67Y-R2f34Y7S
HkV2803C-zv2F683h-8mk6U2f3
I624HTw1-17Ur95nD-EK92f18x
wz26l04H-O832Zn0r-587lkeE6
u4h3DF56-SB9U14C6-4YnCp963
M65d48Zf-a3T8Y46i-T84ML6K9
x4I9H7s5-5Z4ua16f-7TZ95FY6
z1P670WV-y18Xv5z9-z6s20U1H
y740FmJ6-4q7to2M5-8Oc92z1R
y8rG21q5-4YVG7v58-ez630o9d
15YjR76d-7146CXYA-th3106TI
f0y69St1-U13eCm82-9P3uk7I0
9Ycq64h1-6Vd584tf-WK09vD57
50Yq82Om-8l29X0Ua-2yz3N57b
Cdp5190o-71p32XHw-sp5R094d
5Zk2i7V1-N2317qMg-2L5o16nh
cW4E185Z-m6J0sI54-Uz7n5m41
9OFw23j6-x34nrS91-S85LxG12
8j410PWE-fRO0S521-6F78kQV3
w82nc75j-Y51L3f0x-9P34mg0W
y56l7K3k-c5tS380d-539GpOw7
e483d9An-735hL9Jv-Ip48b2B1
T476StL9-1s39I2zc-DR4B150W
0F5M4V9C-53M0xs1R-XA849bZ0
jmZ2F704-O47Z8BP9-483J5SlG
61u3P5ov-Nv9b27O6-Vb7t5u61
<PERSON>-kij0O395-257Gxs4c
7NpK903W-MY6359ND-GM6274LJ
7JeM20m6-54D9kzq6-74m9hYK5
7DH01CA4-4wS5G1g2-g31ARI78
t9m278IB-3HS168zq-8WuN579A
1qf7s6i9-dNk41t79-x2B57WY1
JLWM8932-T1XQ789b-7308AYDV
O6deq825-8Q4P9tu2-r1z803Nq
4QA029aC-6Q9h25xz-8GH9i2b6
0gTG817S-1AuK6p73-3k04QH7y
2Cq86x7v-5P0V3qz8-YCy695N1
24p3zhI5-98gFp6a2-ys048pH9
5374ZyDM-R91xB72T-0MxU91A3
U5W72eh1-KH174Jp2-y53X7qH1
50K41cMX-1C3zj0t9-7Nz940Xt
63rQ2ES7-3I607sXZ-<DATE_TIME>
41gNb23V-61gH3Ok5-CW4X7d38
7r6F4CI5-K0F6Lv45-t1J4UP58
8C5k7ic2-N85Z7Tt3-1ZW345Pq
H94T3KO7-m91WuU42-<DATE_TIME>
615e8Bif-Ct2Tw957-G2z1PU43
t3Ih296x-8P50qR6z-<NRP>
p3z7Md25-40C8qMI7-Jv51hi39
sgK712l4-6Pl4qa91-D13JNG27
90cN23dy-xj901Lh3-yiw0897G",False,False,False,True,True,0.0,False,1.0,0.0,0.0,1825524462,,,,,,,,,661.0,3.0,"{'_': 'MessageReplies', 'replies': 1, 'replies_pts': 5617, 'comments': True, 'recent_repliers': [{'_': 'PeerUser', 'user_id': 1278209817}], 'channel_id': 1846454363, 'max_id': 3062, 'read_max_id': None}",2024-02-25T21:55:54+00:00,drkxstarc.ae,,"{'_': 'MessageReactions', 'results': [], 'min': False, 'can_see_list': False, 'reactions_as_tags': False, 'recent_reactions': []}",[],
xaunfovdrops,https://t.me/xaunfovdrops,2563,2024-02-04 06:20:25,"😃 ANYONE NEED ADMIN TO THEIR CHANNEL 🔥🗿
AM HERE  !
🌟|SKILLS
COOKIES CRACKING
ACCOUNTS CRACKING
TRIALS APPS 
EDU MAKER 
✓✓✓✓✓✓
ALL IN ONE 
THE GUY YOU NEED <PERSON>
@hulktff",False,False,False,False,True,0.0,False,1.0,0.0,0.0,1825524462,,,,,,,,,717.0,1.0,"{'_': 'MessageReplies', 'replies': 1, 'replies_pts': 5617, 'comments': True, 'recent_repliers': [{'_': 'PeerUser', 'user_id': 6592545155}], 'channel_id': 1846454363, 'max_id': 3059, 'read_max_id': None}",2024-02-04T06:20:28+00:00,𝐇 𝐔 𝐋 𝐊,,,[],
xaunfovdrops,https://t.me/xaunfovdrops,2564,2024-02-04 07:03:56,"📺 100+ CRUNCHYROLL ACCOUNTS 📺
👑DROP SCREENSHOT OF YOU GET HITS 😮✨
@HULKTFF 😵",False,False,False,False,True,0.0,False,1.0,0.0,0.0,1825524462,,,,,,,,,744.0,4.0,"{'_': 'MessageReplies', 'replies': 2, 'replies_pts': 5617, 'comments': True, 'recent_repliers': [{'_': 'PeerUser', 'user_id': 6084426350}, {'_': 'PeerUser', 'user_id': 5974180670}], 'channel_id': 1846454363, 'max_id': 3070, 'read_max_id': None}",2024-02-04T09:24:48+00:00,𝐇 𝐔 𝐋 𝐊 [AFK EXAMS TILL FEB 27],,"{'_': 'MessageReactions', 'results': [{'_': 'ReactionCount', 'reaction': {'_': 'ReactionEmoji', 'emoticon': '❤'}, 'count': 1, 'chosen_order': None}], 'min': False, 'can_see_list': False, 'reactions_as_tags': False, 'recent_reactions': []}",[],
xaunfovdrops,https://t.me/xaunfovdrops,2565,2024-02-04 07:29:10,"Send screenshot in comments...
Y'all very bad not sending screenshot 😭😭😢",False,False,False,False,True,0.0,False,1.0,0.0,0.0,1825524462,,,,2564.0,False,False,,,745.0,0.0,"{'_': 'MessageReplies', 'replies': 0, 'replies_pts': 5617, 'comments': True, 'recent_repliers': [], 'channel_id': 1846454363, 'max_id': None, 'read_max_id': None}",2024-02-04T07:29:13+00:00,𝐇 𝐔 𝐋 𝐊 [AFK EXAMS TILL FEB 27],,,[],
xaunfovdrops,https://t.me/xaunfovdrops,2567,2024-02-04 08:00:15,,False,False,False,False,True,0.0,False,1.0,0.0,0.0,1825524462,,"{'_': 'MessageFwdHeader', 'date': '2024-02-04T08:00:02+00:00', 'imported': False, 'saved_out': False, 'from_id': {'_': 'PeerChannel', 'channel_id': 2065731760}, 'from_name': None, 'channel_post': 28, 'post_author': None, 'saved_from_peer': None, 'saved_from_msg_id': None, 'saved_from_id': None, 'saved_from_name': None, 'saved_date': None, 'psa_type': None}",,,,,,,836.0,0.0,"{'_': 'MessageReplies', 'replies': 0, 'replies_pts': 5617, 'comments': True, 'recent_repliers': [], 'channel_id': 1846454363, 'max_id': None, 'read_max_id': None}",2024-02-04T08:30:47+00:00,𝐇 𝐔 𝐋 𝐊 [AFK EXAMS TILL FEB 27],,"{'_': 'MessageReactions', 'results': [{'_': 'ReactionCount', 'reaction': {'_': 'ReactionEmoji', 'emoticon': '👍'}, 'count': 3, 'chosen_order': None}], 'min': False, 'can_see_list': False, 'reactions_as_tags': False, 'recent_reactions': []}",[],
xaunfovdrops,https://t.me/xaunfovdrops,2568,2024-02-04 08:21:57,"NETFLIX HITS WINS 
WITH 93 VOTES 💀💀",False,False,False,False,True,0.0,False,1.0,0.0,0.0,1825524462,,,,,,,,,870.0,0.0,"{'_': 'MessageReplies', 'replies': 2, 'replies_pts': 5617, 'comments': True, 'recent_repliers': [{'_': 'PeerUser', 'user_id': 6220599809}, {'_': 'PeerUser', 'user_id': 5097577347}], 'channel_id': 1846454363, 'max_id': 3069, 'read_max_id': None}",2024-02-04T08:22:00+00:00,𝐇 𝐔 𝐋 𝐊 [AFK EXAMS TILL FEB 27],,,[],
xaunfovdrops,https://t.me/xaunfovdrops,2569,2024-02-04 11:30:15,FORTNITE REDEEM CODE,False,False,False,False,True,0.0,False,1.0,0.0,0.0,1825524462,,,,,,,,,834.0,0.0,"{'_': 'MessageReplies', 'replies': 5, 'replies_pts': 5617, 'comments': True, 'recent_repliers': [{'_': 'PeerUser', 'user_id': 6126611403}, {'_': 'PeerUser', 'user_id': 5165001828}, {'_': 'PeerUser', 'user_id': 1293937406}], 'channel_id': 1846454363, 'max_id': 3116, 'read_max_id': None}",2024-02-04T11:30:21+00:00,drkxstarc.ae,,"{'_': 'MessageReactions', 'results': [{'_': 'ReactionCount', 'reaction': {'_': 'ReactionEmoji', 'emoticon': '❤'}, 'count': 7, 'chosen_order': None}, {'_': 'ReactionCount', 'reaction': {'_': 'ReactionEmoji', 'emoticon': '\U0001fae1'}, 'count': 1, 'chosen_order': None}], 'min': False, 'can_see_list': False, 'reactions_as_tags': False, 'recent_reactions': []}",[],
xaunfovdrops,https://t.me/xaunfovdrops,2570,2024-02-04 11:30:42,<PERSON>),False,False,False,False,True,0.0,False,1.0,0.0,0.0,1825524462,,,,,,,,,852.0,0.0,"{'_': 'MessageReplies', 'replies': 5, 'replies_pts': 5617, 'comments': True, 'recent_repliers': [{'_': 'PeerUser', 'user_id': 6220599809}, {'_': 'PeerUser', 'user_id': 5974180670}, {'_': 'PeerUser', 'user_id': 1293937406}], 'channel_id': 1846454363, 'max_id': 3112, 'read_max_id': None}",2024-02-04T11:30:45+00:00,drkxstarc.ae,,,[],
xaunfovdrops,https://t.me/xaunfovdrops,2571,2024-02-04 11:31:21,https://www.fortnite.com/redeem,False,False,False,False,True,0.0,False,1.0,0.0,0.0,1825524462,,,,,,,,,852.0,0.0,"{'_': 'MessageReplies', 'replies': 5, 'replies_pts': 5617, 'comments': True, 'recent_repliers': [{'_': 'PeerUser', 'user_id': 6378306051}, {'_': 'PeerUser', 'user_id': 5325069106}, {'_': 'PeerUser', 'user_id': 5974180670}], 'channel_id': 1846454363, 'max_id': 3115, 'read_max_id': None}",2024-02-04T11:31:25+00:00,drkxstarc.ae,,,[],
xaunfovdrops,https://t.me/xaunfovdrops,2572,2024-02-04 15:30:03,3$ USDT vs Anything,False,False,False,True,True,0.0,False,1.0,0.0,0.0,1825524462,,,,,,,,,813.0,0.0,"{'_': 'MessageReplies', 'replies': 7, 'replies_pts': 5617, 'comments': True, 'recent_repliers': [{'_': 'PeerUser', 'user_id': 6544064716}, {'_': 'PeerUser', 'user_id': 6084426350}, {'_': 'PeerUser', 'user_id': 5726623498}], 'channel_id': 1846454363, 'max_id': 3110, 'read_max_id': None}",2024-02-04T15:30:08+00:00,FH4 VVV/VVV,,,[],
xaunfovdrops,https://t.me/xaunfovdrops,2573,2024-02-04 17:29:25,4$ usdt okay?,False,False,False,False,True,0.0,False,1.0,0.0,0.0,1825524462,,,,2572.0,False,False,,,824.0,0.0,"{'_': 'MessageReplies', 'replies': 3, 'replies_pts': 5617, 'comments': True, 'recent_repliers': [{'_': 'PeerUser', 'user_id': 5147192355}], 'channel_id': 1846454363, 'max_id': 3109, 'read_max_id': None}",2024-02-04T17:29:29+00:00,𝐇 𝐔 𝐋 𝐊 [AFK EXAMS TILL FEB 27],,,[],
xaunfovdrops,https://t.me/xaunfovdrops,2575,2024-02-05 16:02:31,6k hotmail hits 👾,False,False,False,False,True,0.0,False,1.0,0.0,0.0,1825524462,,,,,,,5.911210502653068e+18,,789.0,1.0,"{'_': 'MessageReplies', 'replies': 2, 'replies_pts': 5617, 'comments': True, 'recent_repliers': [{'_': 'PeerUser', 'user_id': 5334958584}], 'channel_id': 1846454363, 'max_id': 3122, 'read_max_id': None}",2024-02-05T16:04:54+00:00,jx7 !,,"{'_': 'MessageReactions', 'results': [{'_': 'ReactionCount', 'reaction': {'_': 'ReactionEmoji', 'emoticon': '❤'}, 'count': 3, 'chosen_order': None}, {'_': 'ReactionCount', 'reaction': {'_': 'ReactionEmoji', 'emoticon': '🔥'}, 'count': 1, 'chosen_order': None}, {'_': 'ReactionCount', 'reaction': {'_': 'ReactionEmoji', 'emoticon': '😱'}, 'count': 1, 'chosen_order': None}, {'_': 'ReactionCount', 'reaction': {'_': 'ReactionEmoji', 'emoticon': '🤩'}, 'count': 1, 'chosen_order': None}], 'min': False, 'can_see_list': False, 'reactions_as_tags': False, 'recent_reactions': []}",[],
xaunfovdrops,https://t.me/xaunfovdrops,2576,2024-02-05 16:06:20,,False,False,False,False,True,0.0,False,1.0,0.0,0.0,1825524462,,,,,,,,,787.0,0.0,"{'_': 'MessageReplies', 'replies': 0, 'replies_pts': 5617, 'comments': True, 'recent_repliers': [], 'channel_id': 1846454363, 'max_id': None, 'read_max_id': None}",2024-02-05T16:06:25+00:00,jx7 !,,,[],
xaunfovdrops,https://t.me/xaunfovdrops,2577,2024-02-05 16:06:35,enjoy + screen ❤️‍🔥,False,False,False,False,True,0.0,False,1.0,0.0,0.0,1825524462,,,,,,,,,806.0,13.0,"{'_': 'MessageReplies', 'replies': 1, 'replies_pts': 5617, 'comments': True, 'recent_repliers': [{'_': 'PeerUser', 'user_id': 6801332527}], 'channel_id': 1846454363, 'max_id': 3164, 'read_max_id': None}",2024-02-05T16:08:10+00:00,jx7 !,,"{'_': 'MessageReactions', 'results': [{'_': 'ReactionCount', 'reaction': {'_': 'ReactionEmoji', 'emoticon': '❤'}, 'count': 3, 'chosen_order': None}, {'_': 'ReactionCount', 'reaction': {'_': 'ReactionEmoji', 'emoticon': '🔥'}, 'count': 1, 'chosen_order': None}, {'_': 'ReactionCount', 'reaction': {'_': 'ReactionEmoji', 'emoticon': '🎉'}, 'count': 1, 'chosen_order': None}], 'min': False, 'can_see_list': False, 'reactions_as_tags': False, 'recent_reactions': []}",[],
xaunfovdrops,https://t.me/xaunfovdrops,2579,2024-02-05 17:45:35,"<EMAIL_ADDRESS>:Jamaica#1 | Status = ACTIVE | Plan = [ Disney+, Hulu, and ESPN+ - Hulu Sold Live w/ No Ads ] | isFreeTrial = False ❌ | Bundle = 🐧 True 🐧 | CONFIG BY = @WebSellerr

<EMAIL_ADDRESS>:Cookies13! | Status = ACTIVE | Plan = [ Disney Bundle Duo Basic: Disney+ (With Ads), Hulu (With Ads) ] | Next Renew = [<DATE_TIME>] | Bundle = 🐧 True 🐧 | CONFIG BY = @WebSellerr

<EMAIL_ADDRESS>:nodoka92 | Status = ACTIVE | Plan = [ Disney Plus Monthly - JP - Web ] | Next Renew = [<DATE_TIME>] | Bundle = False ❌ | CONFIG BY = @WebSellerr

<EMAIL_ADDRESS>:Tucker_1981g | Status = ACTIVE | Plan = [ Disney+ Add-on With Ads - Hulu Sold ] | isFreeTrial = False ❌ | Bundle = False ❌ | CONFIG BY = @WebSellerr


enjoy + screen ❤️‍🔥",False,False,False,False,True,0.0,False,0.0,0.0,0.0,1825524462,,,,,,,,,840.0,1.0,"{'_': 'MessageReplies', 'replies': 0, 'replies_pts': 5617, 'comments': True, 'recent_repliers': [], 'channel_id': 1846454363, 'max_id': None, 'read_max_id': None}",2024-02-05T17:47:47+00:00,𝐇 𝐔 𝐋 𝐊 [AFK EXAMS TILL FEB 27],,"{'_': 'MessageReactions', 'results': [{'_': 'ReactionCount', 'reaction': {'_': 'ReactionEmoji', 'emoticon': '❤'}, 'count': 3, 'chosen_order': None}, {'_': 'ReactionCount', 'reaction': {'_': 'ReactionEmoji', 'emoticon': '👍'}, 'count': 2, 'chosen_order': None}, {'_': 'ReactionCount', 'reaction': {'_': 'ReactionEmoji', 'emoticon': '\U0001fae1'}, 'count': 1, 'chosen_order': None}], 'min': False, 'can_see_list': False, 'reactions_as_tags': False, 'recent_reactions': []}",[],
xaunfovdrops,https://t.me/xaunfovdrops,2580,2024-02-05 17:45:58,,False,False,False,False,True,0.0,False,1.0,0.0,0.0,1825524462,,,,2579.0,False,False,,,812.0,1.0,"{'_': 'MessageReplies', 'replies': 0, 'replies_pts': 5617, 'comments': True, 'recent_repliers': [], 'channel_id': 1846454363, 'max_id': None, 'read_max_id': None}",2024-02-05T19:54:32+00:00,𝐇 𝐔 𝐋 𝐊 [AFK EXAMS TILL FEB 27],,"{'_': 'MessageReactions', 'results': [{'_': 'ReactionCount', 'reaction': {'_': 'ReactionEmoji', 'emoticon': '\U0001fae1'}, 'count': 2, 'chosen_order': None}], 'min': False, 'can_see_list': False, 'reactions_as_tags': False, 'recent_reactions': []}",[],
xaunfovdrops,https://t.me/xaunfovdrops,2584,2024-02-06 10:34:43,"💳  🌐🌐🌐 🌐 🌐🌐🌐 : 537370

⚡️ 🔡🔡🔡🔡 ✅ 🔡🔡🔡 ✅

⚡️ 💎💎💎 ✅ 💎💎💎💎 ✅",False,False,False,False,True,0.0,False,1.0,0.0,0.0,1825524462,,,,,,,,,783.0,1.0,"{'_': 'MessageReplies', 'replies': 0, 'replies_pts': 5617, 'comments': True, 'recent_repliers': [], 'channel_id': 1846454363, 'max_id': None, 'read_max_id': None}",2024-02-06T10:34:46+00:00,𝗥𝗘𝗗𝗢𝕏,,,[],
xaunfovdrops,https://t.me/xaunfovdrops,2586,2024-02-07 01:45:58,"☁️ YOUTUBE PREMIUM BIN ☁️


⭐️ BIN: 601121184495xxxx
🫧 Date: <DATE_TIME>
⚡️Cvv: Generated (random)
<DATE_TIME> IP: United States 🇺🇸

📝 METHOD:

1- Use new account
2- Enter Youtube Music (app)
3- Try to make the purchase from there
4- Once you have invoiced, you use YouTube premium.


✅ Recommendations:

• Use a good VPN
• Use a fraud-free IP (optional)",False,False,False,False,True,0.0,False,1.0,0.0,0.0,1825524462,,,,,,,,,815.0,3.0,"{'_': 'MessageReplies', 'replies': 5, 'replies_pts': 5617, 'comments': True, 'recent_repliers': [{'_': 'PeerUser', 'user_id': 6084426350}, {'_': 'PeerUser', 'user_id': 6348449168}, {'_': 'PeerUser', 'user_id': 1603292725}], 'channel_id': 1846454363, 'max_id': 3209, 'read_max_id': None}",2024-02-15T19:01:22+00:00,𝐇 𝐔 𝐋 𝐊 [AFK EXAMS TILL FEB 27],,"{'_': 'MessageReactions', 'results': [{'_': 'ReactionCount', 'reaction': {'_': 'ReactionEmoji', 'emoticon': '❤'}, 'count': 1, 'chosen_order': None}], 'min': False, 'can_see_list': False, 'reactions_as_tags': False, 'recent_reactions': []}",[],
xaunfovdrops,https://t.me/xaunfovdrops,2588,2024-02-07 13:42:04,$100.000 AMZ SC FIRST PERSON WHO WILL DM ME!!,False,False,False,False,True,0.0,False,1.0,0.0,0.0,1825524462,,,,,,,,,745.0,0.0,"{'_': 'MessageReplies', 'replies': 2, 'replies_pts': 5617, 'comments': True, 'recent_repliers': [{'_': 'PeerUser', 'user_id': 5942790685}, {'_': 'PeerUser', 'user_id': 5147192355}], 'channel_id': 1846454363, 'max_id': 3219, 'read_max_id': None}",2024-02-07T13:42:07+00:00,drkxstarc.ae,,,[],
xaunfovdrops,https://t.me/xaunfovdrops,2589,2024-02-07 13:42:57,GIVEAWAY WILL START IN 2 MINS,False,False,False,False,True,0.0,False,1.0,0.0,0.0,1825524462,,,,,,,,,755.0,0.0,"{'_': 'MessageReplies', 'replies': 0, 'replies_pts': 5617, 'comments': True, 'recent_repliers': [], 'channel_id': 1846454363, 'max_id': None, 'read_max_id': None}",2024-02-07T13:43:00+00:00,drkxstarc.ae,,,[],
xaunfovdrops,https://t.me/xaunfovdrops,2590,2024-02-07 13:44:14,"cookies editor for kiwi browser

https://www.up-4ever.net/jl8e69pgm4mo",False,False,False,False,True,0.0,False,1.0,0.0,0.0,1825524462,,,,,,,,,776.0,1.0,"{'_': 'MessageReplies', 'replies': 0, 'replies_pts': 5617, 'comments': True, 'recent_repliers': [], 'channel_id': 1846454363, 'max_id': None, 'read_max_id': None}",2024-02-07T13:44:17+00:00,FH4 VVV/VVV,,,[],
xaunfovdrops,https://t.me/xaunfovdrops,2591,2024-02-07 13:45:24,1,False,False,False,False,True,0.0,False,1.0,0.0,0.0,1825524462,,,,,,,,,772.0,0.0,"{'_': 'MessageReplies', 'replies': 0, 'replies_pts': 5617, 'comments': True, 'recent_repliers': [], 'channel_id': 1846454363, 'max_id': None, 'read_max_id': None}",2024-02-07T13:45:27+00:00,drkxstarc.ae,,,[],
xaunfovdrops,https://t.me/xaunfovdrops,2592,2024-02-07 13:45:26,2,False,False,False,False,True,0.0,False,1.0,0.0,0.0,1825524462,,,,,,,,,772.0,0.0,"{'_': 'MessageReplies', 'replies': 0, 'replies_pts': 5617, 'comments': True, 'recent_repliers': [], 'channel_id': 1846454363, 'max_id': None, 'read_max_id': None}",2024-02-07T13:45:27+00:00,drkxstarc.ae,,,[],
xaunfovdrops,https://t.me/xaunfovdrops,2593,2024-02-07 13:45:29,3,False,False,False,False,True,0.0,False,1.0,0.0,0.0,1825524462,,,,,,,,,779.0,0.0,"{'_': 'MessageReplies', 'replies': 1, 'replies_pts': 5617, 'comments': True, 'recent_repliers': [{'_': 'PeerUser', 'user_id': 5147192355}], 'channel_id': 1846454363, 'max_id': 3226, 'read_max_id': None}",2024-02-07T13:45:29+00:00,drkxstarc.ae,,,[],
xaunfovdrops,https://t.me/xaunfovdrops,2594,2024-02-07 13:45:38,FIRST PERSON TO DM,False,False,False,False,True,0.0,False,1.0,0.0,0.0,1825524462,,,,,,,,,810.0,0.0,"{'_': 'MessageReplies', 'replies': 3, 'replies_pts': 5617, 'comments': True, 'recent_repliers': [{'_': 'PeerUser', 'user_id': 1800107866}, {'_': 'PeerUser', 'user_id': 5974180670}, {'_': 'PeerUser', 'user_id': 6178567696}], 'channel_id': 1846454363, 'max_id': 3232, 'read_max_id': None}",2024-02-07T13:45:41+00:00,drkxstarc.ae,,,[],
xaunfovdrops,https://t.me/xaunfovdrops,2595,2024-02-07 13:47:23,,False,False,False,False,True,0.0,False,1.0,0.0,0.0,1825524462,,,,,,,6.20423812105121e+18,,827.0,0.0,"{'_': 'MessageReplies', 'replies': 0, 'replies_pts': 5617, 'comments': True, 'recent_repliers': [], 'channel_id': 1846454363, 'max_id': None, 'read_max_id': None}",2024-02-07T21:57:18+00:00,drkxstarc.ae,,"{'_': 'MessageReactions', 'results': [], 'min': False, 'can_see_list': False, 'reactions_as_tags': False, 'recent_reactions': []}",[],
xaunfovdrops,https://t.me/xaunfovdrops,2596,2024-02-07 13:47:25,WINNER!!,False,False,False,False,True,0.0,False,1.0,0.0,0.0,1825524462,,,,,,,,,813.0,0.0,"{'_': 'MessageReplies', 'replies': 4, 'replies_pts': 5617, 'comments': True, 'recent_repliers': [{'_': 'PeerUser', 'user_id': 5147192355}, {'_': 'PeerUser', 'user_id': 6084426350}, {'_': 'PeerUser', 'user_id': 6671444451}], 'channel_id': 1846454363, 'max_id': 3246, 'read_max_id': None}",2024-02-07T13:47:26+00:00,drkxstarc.ae,,,[],
xaunfovdrops,https://t.me/xaunfovdrops,2597,2024-02-07 13:51:24,1,False,False,False,False,True,0.0,False,1.0,0.0,0.0,1825524462,,,,,,,,,834.0,0.0,"{'_': 'MessageReplies', 'replies': 0, 'replies_pts': 5617, 'comments': True, 'recent_repliers': [], 'channel_id': 1846454363, 'max_id': None, 'read_max_id': None}",2024-02-07T13:51:27+00:00,drkxstarc.ae,,,[],
xaunfovdrops,https://t.me/xaunfovdrops,2598,2024-02-07 13:51:26,2,False,False,False,False,True,0.0,False,1.0,0.0,0.0,1825524462,,,,,,,,,829.0,0.0,"{'_': 'MessageReplies', 'replies': 0, 'replies_pts': 5617, 'comments': True, 'recent_repliers': [], 'channel_id': 1846454363, 'max_id': None, 'read_max_id': None}",2024-02-07T13:51:28+00:00,drkxstarc.ae,,,[],
xaunfovdrops,https://t.me/xaunfovdrops,2599,2024-02-07 13:51:29,3,False,False,False,False,True,0.0,False,1.0,0.0,0.0,1825524462,,,,,,,,,841.0,0.0,"{'_': 'MessageReplies', 'replies': 0, 'replies_pts': 5617, 'comments': True, 'recent_repliers': [], 'channel_id': 1846454363, 'max_id': None, 'read_max_id': None}",2024-02-07T13:51:32+00:00,drkxstarc.ae,,,[],
xaunfovdrops,https://t.me/xaunfovdrops,2600,2024-02-07 13:51:33,DM ME!!,False,False,False,False,True,0.0,False,1.0,0.0,0.0,1825524462,,,,,,,,,836.0,0.0,"{'_': 'MessageReplies', 'replies': 1, 'replies_pts': 5617, 'comments': True, 'recent_repliers': [{'_': 'PeerUser', 'user_id': 1293937406}], 'channel_id': 1846454363, 'max_id': 3252, 'read_max_id': None}",2024-02-07T13:51:37+00:00,drkxstarc.ae,,,[],
xaunfovdrops,https://t.me/xaunfovdrops,2601,2024-02-07 13:52:39,,False,False,False,False,True,0.0,False,1.0,0.0,0.0,1825524462,,,,,,,6.20423812105121e+18,,887.0,0.0,"{'_': 'MessageReplies', 'replies': 1, 'replies_pts': 5617, 'comments': True, 'recent_repliers': [{'_': 'PeerUser', 'user_id': 6826001957}], 'channel_id': 1846454363, 'max_id': 3270, 'read_max_id': None}",2024-02-07T13:52:42+00:00,drkxstarc.ae,,,[],
xaunfovdrops,https://t.me/xaunfovdrops,2602,2024-02-07 13:52:42,Winner!!,False,False,False,False,True,0.0,False,1.0,0.0,0.0,1825524462,,,,,,,,,912.0,0.0,"{'_': 'MessageReplies', 'replies': 1, 'replies_pts': 5617, 'comments': True, 'recent_repliers': [{'_': 'PeerUser', 'user_id': 5966823324}], 'channel_id': 1846454363, 'max_id': 3255, 'read_max_id': None}",2024-02-07T13:52:45+00:00,drkxstarc.ae,,,[],
xaunfovdrops,https://t.me/xaunfovdrops,2604,2024-02-08 20:16:26,,False,False,False,False,True,0.0,False,1.0,0.0,0.0,1825524462,,"{'_': 'MessageFwdHeader', 'date': '2024-02-08T20:12:54+00:00', 'imported': False, 'saved_out': False, 'from_id': None, 'from_name': '𝐋 𝐎 𝐊 𝐈', 'channel_post': None, 'post_author': None, 'saved_from_peer': None, 'saved_from_msg_id': None, 'saved_from_id': None, 'saved_from_name': None, 'saved_date': None, 'psa_type': None}",,,,,,,848.0,7.0,"{'_': 'MessageReplies', 'replies': 11, 'replies_pts': 5617, 'comments': True, 'recent_repliers': [{'_': 'PeerUser', 'user_id': 5165001828}, {'_': 'PeerUser', 'user_id': 6084426350}, {'_': 'PeerUser', 'user_id': 5724865915}], 'channel_id': 1846454363, 'max_id': 3337, 'read_max_id': None}",2024-02-08T20:16:30+00:00,𝐇 𝐔 𝐋 𝐊 [AFK EXAMS TILL FEB 27] 🇵🇸,1.3659387091750236e+16,,[],
xaunfovdrops,https://t.me/xaunfovdrops,2605,2024-02-08 20:16:27,,False,False,False,False,True,0.0,False,1.0,0.0,0.0,1825524462,,"{'_': 'MessageFwdHeader', 'date': '2024-02-08T20:15:05+00:00', 'imported': False, 'saved_out': False, 'from_id': None, 'from_name': '𝐋 𝐎 𝐊 𝐈', 'channel_post': None, 'post_author': None, 'saved_from_peer': None, 'saved_from_msg_id': None, 'saved_from_id': None, 'saved_from_name': None, 'saved_date': None, 'psa_type': None}",,,,,,,886.0,8.0,,2024-02-08T20:16:30+00:00,𝐇 𝐔 𝐋 𝐊 [AFK EXAMS TILL FEB 27] 🇵🇸,1.3659387091750236e+16,,[],
xaunfovdrops,https://t.me/xaunfovdrops,2606,2024-02-08 20:17:00,1k stream and 1k paypal hits...,False,False,False,False,True,0.0,False,1.0,0.0,0.0,1825524462,,,,,,,,,852.0,0.0,"{'_': 'MessageReplies', 'replies': 3, 'replies_pts': 5617, 'comments': True, 'recent_repliers': [{'_': 'PeerUser', 'user_id': 6801332527}, {'_': 'PeerUser', 'user_id': 992352687}, {'_': 'PeerUser', 'user_id': 5724865915}], 'channel_id': 1846454363, 'max_id': 3332, 'read_max_id': None}",2024-02-08T21:23:18+00:00,𝐇 𝐔 𝐋 𝐊 [AFK EXAMS TILL FEB 27] 🇵🇸,,"{'_': 'MessageReactions', 'results': [{'_': 'ReactionCount', 'reaction': {'_': 'ReactionEmoji', 'emoticon': '👍'}, 'count': 2, 'chosen_order': None}, {'_': 'ReactionCount', 'reaction': {'_': 'ReactionEmoji', 'emoticon': '❤'}, 'count': 1, 'chosen_order': None}], 'min': False, 'can_see_list': False, 'reactions_as_tags': False, 'recent_reactions': []}",[],
xaunfovdrops,https://t.me/xaunfovdrops,2608,2024-02-08 21:00:57,"i need fc 24 [PC] vs anything you want
Dm:  @prod_jx7",False,False,False,False,True,0.0,False,0.0,0.0,0.0,1825524462,,,,,,,,,836.0,0.0,"{'_': 'MessageReplies', 'replies': 5, 'replies_pts': 5617, 'comments': True, 'recent_repliers': [{'_': 'PeerUser', 'user_id': 6220599809}, {'_': 'PeerUser', 'user_id': 5724865915}, {'_': 'PeerChannel', 'channel_id': 1846454363}], 'channel_id': 1846454363, 'max_id': 3355, 'read_max_id': None}",2024-02-08T21:01:17+00:00,jx7 !,,,[],
xaunfovdrops,https://t.me/xaunfovdrops,2609,2024-02-09 11:27:12,"I need Netflix pvt combo vs Anything!

@hulktff",False,False,False,False,True,0.0,False,1.0,0.0,0.0,1825524462,,,,,,,,,783.0,0.0,"{'_': 'MessageReplies', 'replies': 0, 'replies_pts': 5617, 'comments': True, 'recent_repliers': [], 'channel_id': 1846454363, 'max_id': None, 'read_max_id': None}",2024-02-09T11:28:30+00:00,𝐇 𝐔 𝐋 𝐊 [AFK EXAMS TILL FEB 27] 🇵🇸,,"{'_': 'MessageReactions', 'results': [{'_': 'ReactionCount', 'reaction': {'_': 'ReactionEmoji', 'emoticon': '❤'}, 'count': 2, 'chosen_order': None}], 'min': False, 'can_see_list': False, 'reactions_as_tags': False, 'recent_reactions': []}",[],
xaunfovdrops,https://t.me/xaunfovdrops,2610,2024-02-09 15:56:45,"SELLING MY EPIC GAMES ACCOUNT (FA) GAMES: TOMB RAIDER ALL EDITION + DEATH STRANDING + GHOSTWIRE TOKYO + PAYDAY 2 + SAINTS ROW 2 + STAR WARS SQUADRON + THE OUTER WORLS + ELDER SCROLLS ONLINE <PERSON> (NEW ORDER) + VAMPYR + THE EVIL WITHIN +  CONTROL + AMONG US + BIOSHOCK +  EVIL DEAD + VANISHING OF ETHAN CARTER +BORDERLANDS 3  124 GAMES MORE.. 
                   DM FOR PRICE
      ONLY BITCOIN IS ACCEPTED",False,False,False,True,True,0.0,False,1.0,0.0,0.0,1825524462,,,,,,,,,797.0,0.0,"{'_': 'MessageReplies', 'replies': 0, 'replies_pts': 5617, 'comments': True, 'recent_repliers': [], 'channel_id': 1846454363, 'max_id': None, 'read_max_id': None}",2024-02-09T15:56:49+00:00,drkxstarc.ae,,,[],
xaunfovdrops,https://t.me/xaunfovdrops,2611,2024-02-09 15:57:05,,False,False,False,False,True,0.0,False,1.0,0.0,0.0,1825524462,,,,,,,,,785.0,0.0,"{'_': 'MessageReplies', 'replies': 0, 'replies_pts': 5617, 'comments': True, 'recent_repliers': [], 'channel_id': 1846454363, 'max_id': None, 'read_max_id': None}",2024-02-09T15:57:10+00:00,drkxstarc.ae,,,[],
xaunfovdrops,https://t.me/xaunfovdrops,2612,2024-02-09 17:18:01,I NEED A PAYPAL FULL KYC ACCOUNT AND I WILL GIVE HIM  AMAZON STORE CARD GEN + METHOD HOW TO USE,False,False,False,True,True,0.0,False,1.0,0.0,0.0,1825524462,,,,,,,,,768.0,0.0,"{'_': 'MessageReplies', 'replies': 4, 'replies_pts': 5617, 'comments': True, 'recent_repliers': [{'_': 'PeerUser', 'user_id': 6378306051}, {'_': 'PeerUser', 'user_id': 5724865915}, {'_': 'PeerUser', 'user_id': 5594213431}], 'channel_id': 1846454363, 'max_id': 3381, 'read_max_id': None}",2024-02-09T17:18:05+00:00,drkxstarc.ae,,,[],
xaunfovdrops,https://t.me/xaunfovdrops,2613,2024-02-10 04:21:10,"<EMAIL_ADDRESS>:arisa0421 | Status = ACTIVE | Plan = [ Disney Plus - JP - JCOM - Monthly A La Carte ] | Bundle = False ❌ | 

<EMAIL_ADDRESS>:kitty525 | Status = ACTIVE | Plan = 
[ Disney Plus - JP - JCOM - <DATE_TIME> Promo ] | Bundle = False 

<EMAIL_ADDRESS>:Soccer130 | Status = ACTIVE | Plan = [ Disney Plus - JP - Docomo - Default ] | Bundle = False ❌ | 

<EMAIL_ADDRESS>:hachi825 | Status = ACTIVE | Plan = [ Disney Plus Monthly - JP - Web ] | Next Renew = [<DATE_TIME>] | Bundle = False ❌ 

<EMAIL_ADDRESS>:tatuya28 | Status = ACTIVE | Plan = [ Disney Plus Yearly - JP - Web ] | Next Renew = [<DATE_TIME>] | Bundle = False ❌ |

<EMAIL_ADDRESS>:Fcukyou1 | Status = ACTIVE | Plan = [ Disney+ - JP - HJ Holdings - Bundle ] | Bundle = False ❌ | 

<EMAIL_ADDRESS>:816love | Status = ACTIVE | Plan = [ Disney Plus Monthly - Apple - 2021 ] | Next Renew = [<DATE_TIME>] | Bundle = False ❌ | 

<EMAIL_ADDRESS>:<PERSON> | Status = ACTIVE | Plan = [ Disney Plus Monthly - Apple - 2021 ] | Next Renew = [<DATE_TIME>] | Bundle = False ❌ 

<EMAIL_ADDRESS>:Diamondroad-964 | Status = ACTIVE | Plan = [ Disney Plus - JP - Docomo - Default ] | Bundle = False ❌ | 

<EMAIL_ADDRESS>:megumu68 | Status = ACTIVE | Plan = [ Disney Plus - JP - JCOM - Monthly A La Carte ] | Bundle = False ❌

<EMAIL_ADDRESS>:<PERSON> | Status = ACTIVE | Plan = [ Disney Plus Yearly - JP - Web ] | Next Renew = [<DATE_TIME>] | Bundle = False ❌ 

<EMAIL_ADDRESS>:mituo42 | Status = ACTIVE | Plan = [ Disney Plus Standard Monthly - JP - Web ] | Next Renew = [<DATE_TIME>] | Bundle = False ❌ 

<EMAIL_ADDRESS>:rinrin15 | Status = ACTIVE | Plan = [ Disney Plus Monthly - JP - Web ] | Next Renew = [<DATE_TIME>] | Bundle = False ❌ 

<EMAIL_ADDRESS>:<PERSON> | Status = ACTIVE | Plan = [ Disney Plus - JP - Docomo - Default ] | Bundle = False

<EMAIL_ADDRESS>:<PERSON> | Status = ACTIVE | Plan = [ Disney+ - JP - HJ Holdings - Bundle ] | Bundle = False ❌ 

<EMAIL_ADDRESS>:Mizunoso127 | Status = ACTIVE | Plan = [ Disney Plus Monthly - JP - Web ] | Next Renew = [<DATE_TIME>] | Bundle = False ❌ 

<EMAIL_ADDRESS>:<PERSON> | Status = ACTIVE | Plan = [ Disney Plus Monthly - JP - Web ] | Next Renew = [<DATE_TIME>] | Bundle = False ❌ 

<EMAIL_ADDRESS>:<PERSON> | Status = ACTIVE | Plan = [ Disney Plus Standard - Monthly ] | Next Renew = [<DATE_TIME>] | Bundle = False ❌ | 

<EMAIL_ADDRESS>:<PERSON> | Status = ACTIVE | Plan = [ Disney Plus - JP - JCOM - <DATE_TIME> Promo ] | Bundle = False ❌ | 

<EMAIL_ADDRESS>:4437kond | Status = ACTIVE | Plan = [ Disney Plus - JP - Docomo - Default ] | Bundle = False ❌ | 

<EMAIL_ADDRESS>:<PERSON> | Status = ACTIVE | Plan = [ Disney Plus Standard - Yearly ] | Next Renew = [<DATE_TIME>] | Bundle = FALSE ✔️

<EMAIL_ADDRESS>:yoona0530 | Status = ACTIVE | Plan = [ Disney Plus Yearly - Apple - 2021 ] | Next Renew = [<DATE_TIME>] | Bundle = False ❌ 

<EMAIL_ADDRESS>:lunalun7 | Status = ACTIVE | Plan = [ Disney Plus - JP - Docomo - Default ] | Bundle = False ❌ 

<EMAIL_ADDRESS>:19850501sy | Status = ACTIVE | Plan = [ Disney Plus - JP - Docomo - Default ] | Bundle = False ❌


CONNECT VPN TO JAPAN IF DINT WORK ....
SCREENSHOT TO @HULKTFF
NO SS NO DROP ☔",False,False,False,False,True,0.0,False,1.0,0.0,0.0,1825524462,,,,,,,,,730.0,2.0,"{'_': 'MessageReplies', 'replies': 0, 'replies_pts': 5617, 'comments': True, 'recent_repliers': [], 'channel_id': 1846454363, 'max_id': None, 'read_max_id': None}",2024-02-10T09:54:45+00:00,𝐇 𝐔 𝐋 𝐊 [AFK EXAMS TILL FEB 27] 🇵🇸,,"{'_': 'MessageReactions', 'results': [{'_': 'ReactionCount', 'reaction': {'_': 'ReactionEmoji', 'emoticon': '👍'}, 'count': 1, 'chosen_order': None}], 'min': False, 'can_see_list': False, 'reactions_as_tags': False, 'recent_reactions': []}",[],
xaunfovdrops,https://t.me/xaunfovdrops,2614,2024-02-10 04:21:11,,False,False,False,False,True,0.0,False,1.0,0.0,0.0,1825524462,,,,,,,,,769.0,1.0,,2024-02-10T04:21:13+00:00,𝐇 𝐔 𝐋 𝐊 [AFK EXAMS TILL FEB 27] 🇵🇸,,,[],
xaunfovdrops,https://t.me/xaunfovdrops,2615,2024-02-10 04:30:13,"🤖 ↯ BIN PLAY PASS 1MONTH AND YOUTUBE PREUMIN ↯ 🤖

💳 | BIN¹ : 546775758082xxxx|05|2025

🌐 | IP: JAPAN [🇯🇵🇯🇵 ]

🌐 | You create a Google account (WITHOUT VPN) > You connect to IP JAPAN [🇯🇵 ] and add the cards pay.google.com > Enter the PlayStore app WITHOUT VPN > Log in to the account with the added card > Click on your profile and select ""PlayPass"" > Subscribe and confirm the p4go .

🤖 | Pass with generated full houses or take out Lives for greater effectiveness.

🎬 You buy directly on YT normally, if you get an error you buy it on YT Music.

Credit @shivanshuowner",False,False,False,False,True,0.0,False,1.0,0.0,0.0,1825524462,,,,,,,,,956.0,1.0,"{'_': 'MessageReplies', 'replies': 0, 'replies_pts': 5617, 'comments': True, 'recent_repliers': [], 'channel_id': 1846454363, 'max_id': None, 'read_max_id': None}",2024-02-10T04:30:16+00:00,𝐇 𝐔 𝐋 𝐊 [AFK EXAMS TILL FEB 27] 🇵🇸,,,[],
xaunfovdrops,https://t.me/xaunfovdrops,2616,2024-02-10 06:44:24,WINDOWS <DATE_TIME> CHECKED KEYS,False,False,False,False,True,0.0,False,1.0,0.0,0.0,1825524462,,,,,,,,,951.0,0.0,"{'_': 'MessageReplies', 'replies': 0, 'replies_pts': 5617, 'comments': True, 'recent_repliers': [], 'channel_id': 1846454363, 'max_id': None, 'read_max_id': None}",2024-02-18T16:11:35+00:00,drkxstarc.ae,,"{'_': 'MessageReactions', 'results': [{'_': 'ReactionCount', 'reaction': {'_': 'ReactionEmoji', 'emoticon': '👍'}, 'count': 1, 'chosen_order': None}], 'min': False, 'can_see_list': False, 'reactions_as_tags': False, 'recent_reactions': []}",[],
xaunfovdrops,https://t.me/xaunfovdrops,2617,2024-02-10 06:44:33,,False,False,False,False,True,0.0,False,1.0,0.0,0.0,1825524462,,,,,,,,,981.0,3.0,"{'_': 'MessageReplies', 'replies': 0, 'replies_pts': 5617, 'comments': True, 'recent_repliers': [], 'channel_id': 1846454363, 'max_id': None, 'read_max_id': None}",2024-02-10T06:44:36+00:00,drkxstarc.ae,,,[],
xaunfovdrops,https://t.me/xaunfovdrops,2622,2024-02-11 18:21:34,"iPad users 
I need you . Dm.
@hulktff",False,False,False,False,True,0.0,False,1.0,0.0,0.0,1825524462,,,,,,,,,826.0,1.0,"{'_': 'MessageReplies', 'replies': 5, 'replies_pts': 5617, 'comments': True, 'recent_repliers': [{'_': 'PeerUser', 'user_id': 778341157}, {'_': 'PeerUser', 'user_id': 5819647194}, {'_': 'PeerUser', 'user_id': 5974180670}], 'channel_id': 1846454363, 'max_id': 3429, 'read_max_id': None}",2024-02-11T18:21:38+00:00,𝐇 𝐔 𝐋 𝐊 [AFK EXAMS TILL FEB 27] 🇵🇸,,,[],
xaunfovdrops,https://t.me/xaunfovdrops,2623,2024-02-12 01:20:05,I need google pay vs anyrhing you want <PERSON>,False,False,False,False,True,0.0,False,1.0,0.0,0.0,1825524462,,,,,,,,,796.0,0.0,"{'_': 'MessageReplies', 'replies': 0, 'replies_pts': 5617, 'comments': True, 'recent_repliers': [], 'channel_id': 1846454363, 'max_id': None, 'read_max_id': None}",2024-02-12T01:20:08+00:00,jx7 !,,,[],
xaunfovdrops,https://t.me/xaunfovdrops,2624,2024-02-12 03:33:18,who dint came.. they was unlucky 😂😂 .. I found ios glitch in which I gifted every one tg premium 😹😹,False,False,False,False,True,0.0,False,1.0,0.0,0.0,1825524462,,,,2622.0,False,False,,,770.0,0.0,"{'_': 'MessageReplies', 'replies': 1, 'replies_pts': 5617, 'comments': True, 'recent_repliers': [{'_': 'PeerUser', 'user_id': 1800107866}], 'channel_id': 1846454363, 'max_id': 3415, 'read_max_id': None}",2024-02-12T03:33:21+00:00,𝐇 𝐔 𝐋 𝐊 [AFK EXAMS TILL FEB 27] 🇵🇸,,,[],
xaunfovdrops,https://t.me/xaunfovdrops,2625,2024-02-12 03:33:30,,False,False,False,False,True,0.0,False,0.0,0.0,0.0,1825524462,,,,,,,6.219716805228871e+18,,774.0,0.0,"{'_': 'MessageReplies', 'replies': 0, 'replies_pts': 5617, 'comments': True, 'recent_repliers': [], 'channel_id': 1846454363, 'max_id': None, 'read_max_id': None}",2024-02-12T03:35:04+00:00,𝐇 𝐔 𝐋 𝐊 [AFK EXAMS TILL FEB 27] 🇵🇸,1.3661670479352524e+16,,[],
xaunfovdrops,https://t.me/xaunfovdrops,2627,2024-02-12 03:33:31,,False,False,False,False,True,0.0,False,0.0,0.0,0.0,1825524462,,,,,,,6.219716805228871e+18,,795.0,0.0,,2024-02-12T03:34:46+00:00,𝐇 𝐔 𝐋 𝐊 [AFK EXAMS TILL FEB 27] 🇵🇸,1.3661670479352524e+16,,[],
xaunfovdrops,https://t.me/xaunfovdrops,2628,2024-02-12 05:15:07,"I need iPad users 
@hulktff",False,False,False,False,True,0.0,False,1.0,0.0,0.0,1825524462,,,,,,,,,782.0,0.0,"{'_': 'MessageReplies', 'replies': 0, 'replies_pts': 5617, 'comments': True, 'recent_repliers': [], 'channel_id': 1846454363, 'max_id': None, 'read_max_id': None}",2024-02-12T05:15:10+00:00,𝐇 𝐔 𝐋 𝐊 [AFK EXAMS TILL FEB 27] 🇵🇸,,,[],
xaunfovdrops,https://t.me/xaunfovdrops,2629,2024-02-12 08:09:03,"guys .. I know it's unfair for those who don't have iPad!!
But trick works only in iPad or iPhone .. so :(",False,False,False,False,True,0.0,False,1.0,0.0,0.0,1825524462,,,,,,,,,800.0,0.0,"{'_': 'MessageReplies', 'replies': 6, 'replies_pts': 5617, 'comments': True, 'recent_repliers': [{'_': 'PeerUser', 'user_id': 5797280053}, {'_': 'PeerUser', 'user_id': 6084426350}, {'_': 'PeerUser', 'user_id': 6720944201}], 'channel_id': 1846454363, 'max_id': 3432, 'read_max_id': None}",2024-02-12T08:09:06+00:00,𝐇 𝐔 𝐋 𝐊 [AFK EXAMS TILL FEB 27] 🇵🇸,,,[],
xaunfovdrops,https://t.me/xaunfovdrops,2630,2024-02-12 10:27:54,"Need iOS user 
@hulktff dm asaap 
Will give you the premium",False,False,False,False,True,0.0,False,1.0,0.0,0.0,1825524462,,,,,,,,,810.0,2.0,"{'_': 'MessageReplies', 'replies': 6, 'replies_pts': 5617, 'comments': True, 'recent_repliers': [{'_': 'PeerUser', 'user_id': 1800107866}, {'_': 'PeerUser', 'user_id': 5797280053}, {'_': 'PeerUser', 'user_id': 5551170371}], 'channel_id': 1846454363, 'max_id': 3439, 'read_max_id': None}",2024-02-12T10:27:57+00:00,𝐇 𝐔 𝐋 𝐊 [AFK EXAMS TILL FEB 27] 🇵🇸,,,[],
xaunfovdrops,https://t.me/xaunfovdrops,2631,2024-02-13 08:01:25,"Nitro Gaming Discord is available for $2 @c7c_9 

Youtube premium 2$  

Netflix 3$ paypal",False,False,False,False,True,0.0,False,1.0,0.0,0.0,1825524462,,,,,,,,,753.0,1.0,"{'_': 'MessageReplies', 'replies': 0, 'replies_pts': 5617, 'comments': True, 'recent_repliers': [], 'channel_id': 1846454363, 'max_id': None, 'read_max_id': None}",2024-02-13T08:01:28+00:00,لمى (الاحتياطي),,,[],
xaunfovdrops,https://t.me/xaunfovdrops,2632,2024-02-13 08:19:35,Only Netflix for three dollars,False,False,False,False,True,0.0,False,1.0,0.0,0.0,1825524462,,,,,,,,,762.0,0.0,"{'_': 'MessageReplies', 'replies': 4, 'replies_pts': 5617, 'comments': True, 'recent_repliers': [{'_': 'PeerUser', 'user_id': 5275969736}, {'_': 'PeerUser', 'user_id': 1800107866}], 'channel_id': 1846454363, 'max_id': 3453, 'read_max_id': None}",2024-02-13T08:19:38+00:00,لمى (الاحتياطي),,,[],
xaunfovdrops,https://t.me/xaunfovdrops,2633,2024-02-13 08:41:01,"Sucessfully patxhed 🤣🤣🤣
TOOK MORE THAN 80 TG PREMIUM 😆😆",False,False,False,False,True,0.0,False,1.0,0.0,0.0,1825524462,,,,2630.0,False,False,,,796.0,0.0,"{'_': 'MessageReplies', 'replies': 8, 'replies_pts': 5617, 'comments': True, 'recent_repliers': [{'_': 'PeerUser', 'user_id': 6710747245}, {'_': 'PeerUser', 'user_id': 6801332527}, {'_': 'PeerUser', 'user_id': 1743675158}], 'channel_id': 1846454363, 'max_id': 3452, 'read_max_id': None}",2024-02-13T08:41:59+00:00,𝐇 𝐔 𝐋 𝐊 [AFK EXAMS TILL FEB 27] 🇵🇸,,"{'_': 'MessageReactions', 'results': [{'_': 'ReactionCount', 'reaction': {'_': 'ReactionEmoji', 'emoticon': '❤'}, 'count': 2, 'chosen_order': None}, {'_': 'ReactionCount', 'reaction': {'_': 'ReactionEmoji', 'emoticon': '👏'}, 'count': 1, 'chosen_order': None}, {'_': 'ReactionCount', 'reaction': {'_': 'ReactionEmoji', 'emoticon': '🤣'}, 'count': 1, 'chosen_order': None}], 'min': False, 'can_see_list': False, 'reactions_as_tags': False, 'recent_reactions': []}",[],
xaunfovdrops,https://t.me/xaunfovdrops,2634,2024-02-13 18:38:39,A Netflix account is available via your email for only $5,False,False,False,False,True,0.0,False,1.0,0.0,0.0,1825524462,,,,,,,,,777.0,3.0,"{'_': 'MessageReplies', 'replies': 3, 'replies_pts': 5617, 'comments': True, 'recent_repliers': [{'_': 'PeerUser', 'user_id': 6966418543}, {'_': 'PeerUser', 'user_id': 6801332527}, {'_': 'PeerUser', 'user_id': 6698461693}], 'channel_id': 1846454363, 'max_id': 3460, 'read_max_id': None}",2024-02-13T18:43:19+00:00,لمى (الاحتياطي),,"{'_': 'MessageReactions', 'results': [{'_': 'ReactionCount', 'reaction': {'_': 'ReactionEmoji', 'emoticon': '👎'}, 'count': 1, 'chosen_order': None}, {'_': 'ReactionCount', 'reaction': {'_': 'ReactionEmoji', 'emoticon': '❤'}, 'count': 1, 'chosen_order': None}], 'min': False, 'can_see_list': False, 'reactions_as_tags': False, 'recent_reactions': []}",[],
xaunfovdrops,https://t.me/xaunfovdrops,2635,2024-02-13 18:40:29,"H U L K Here 🔨

🗣I Need Singapore Dump (Spammed Ccs) 💳
🗣Take 100 Netflix Accs In Exchange 📱

Inbox - @nftsiu 💙",False,False,False,False,True,0.0,False,1.0,0.0,0.0,1825524462,,,,,,,,,793.0,0.0,"{'_': 'MessageReplies', 'replies': 0, 'replies_pts': 5617, 'comments': True, 'recent_repliers': [], 'channel_id': 1846454363, 'max_id': None, 'read_max_id': None}",2024-02-13T18:40:33+00:00,𝐇 𝐔 𝐋 𝐊 [ complete off till dont msg ] 🇵🇸,,,[],
xaunfovdrops,https://t.me/xaunfovdrops,2636,2024-02-13 18:56:41,"🏴‍☠️ <EMAIL_ADDRESS>:jolicoeur974 | Steam Msgs = [68]

🏴‍☠️ <EMAIL_ADDRESS>:K5RTXyXj | 

🏴‍☠️ <EMAIL_ADDRESS>:filipe10 |


Note : i made mono for both password and email .. dont just click for email and run .. take password tooo


Hotmails linked with stream 🫠
Drop ss @hulktff",False,False,False,False,True,0.0,False,1.0,0.0,0.0,1825524462,,,,,,,,,903.0,0.0,"{'_': 'MessageReplies', 'replies': 2, 'replies_pts': 5617, 'comments': True, 'recent_repliers': [{'_': 'PeerUser', 'user_id': 2016373279}, {'_': 'PeerUser', 'user_id': 6698461693}], 'channel_id': 1846454363, 'max_id': 3472, 'read_max_id': None}",2024-02-16T08:42:31+00:00,𝐇 𝐔 𝐋 𝐊 [ complete off till dont msg ] 🇵🇸,,"{'_': 'MessageReactions', 'results': [{'_': 'ReactionCount', 'reaction': {'_': 'ReactionEmoji', 'emoticon': '👍'}, 'count': 1, 'chosen_order': None}, {'_': 'ReactionCount', 'reaction': {'_': 'ReactionEmoji', 'emoticon': '👎'}, 'count': 1, 'chosen_order': None}], 'min': False, 'can_see_list': False, 'reactions_as_tags': False, 'recent_reactions': []}",[],
xaunfovdrops,https://t.me/xaunfovdrops,2637,2024-02-14 12:03:57,"needed smsman accounts 
Even 1 $ is fine
<PERSON>
Take something",False,False,False,False,True,0.0,False,1.0,0.0,0.0,1825524462,,,,,,,,,888.0,0.0,"{'_': 'MessageReplies', 'replies': 2, 'replies_pts': 5617, 'comments': True, 'recent_repliers': [{'_': 'PeerUser', 'user_id': 6711092013}, {'_': 'PeerUser', 'user_id': 5974180670}], 'channel_id': 1846454363, 'max_id': 3476, 'read_max_id': None}",2024-02-14T12:04:00+00:00,𝐇 𝐔 𝐋 𝐊 [ complete off dont msg ] 🇵🇸,,,[],
xaunfovdrops,https://t.me/xaunfovdrops,2638,2024-02-14 12:50:30,I need <PERSON> vs Anything <PERSON>,False,False,False,False,True,0.0,False,1.0,0.0,0.0,1825524462,,,,,,,,,872.0,0.0,"{'_': 'MessageReplies', 'replies': 1, 'replies_pts': 5617, 'comments': True, 'recent_repliers': [{'_': 'PeerUser', 'user_id': 5724865915}], 'channel_id': 1846454363, 'max_id': 3477, 'read_max_id': None}",2024-02-14T13:39:30+00:00,FH4 VVV/VVV,,"{'_': 'MessageReactions', 'results': [{'_': 'ReactionCount', 'reaction': {'_': 'ReactionEmoji', 'emoticon': '👍'}, 'count': 2, 'chosen_order': None}, {'_': 'ReactionCount', 'reaction': {'_': 'ReactionEmoji', 'emoticon': '❤'}, 'count': 1, 'chosen_order': None}], 'min': False, 'can_see_list': False, 'reactions_as_tags': False, 'recent_reactions': []}",[],
xaunfovdrops,https://t.me/xaunfovdrops,2639,2024-02-14 20:38:00,Need fortnite account @c7c_9,False,False,False,False,True,0.0,False,1.0,0.0,0.0,1825524462,,,,,,,,,827.0,0.0,"{'_': 'MessageReplies', 'replies': 0, 'replies_pts': 5617, 'comments': True, 'recent_repliers': [], 'channel_id': 1846454363, 'max_id': None, 'read_max_id': None}",2024-02-14T20:38:04+00:00,Dev !,,,[],
xaunfovdrops,https://t.me/xaunfovdrops,2640,2024-02-14 21:07:45,Need fortnite account @c7c_9,False,False,False,False,True,0.0,False,1.0,0.0,0.0,1825524462,,,,,,,,,792.0,0.0,"{'_': 'MessageReplies', 'replies': 1, 'replies_pts': 5617, 'comments': True, 'recent_repliers': [{'_': 'PeerUser', 'user_id': 6698461693}], 'channel_id': 1846454363, 'max_id': 3483, 'read_max_id': None}",2024-02-14T21:07:49+00:00,Dev !,,,[],
xaunfovdrops,https://t.me/xaunfovdrops,2641,2024-02-14 21:09:30,Me need,False,False,False,False,True,0.0,False,1.0,0.0,0.0,1825524462,,,,2640.0,False,False,,,764.0,0.0,"{'_': 'MessageReplies', 'replies': 0, 'replies_pts': 5617, 'comments': True, 'recent_repliers': [], 'channel_id': 1846454363, 'max_id': None, 'read_max_id': None}",2024-02-14T21:09:33+00:00,Dev !,,,[],
xaunfovdrops,https://t.me/xaunfovdrops,2642,2024-02-14 21:12:04,"To purchase, please privately @c7c_9",False,False,False,False,True,0.0,False,1.0,0.0,0.0,1825524462,,,,,,,5.938173478408667e+18,,739.0,1.0,"{'_': 'MessageReplies', 'replies': 3, 'replies_pts': 5617, 'comments': True, 'recent_repliers': [{'_': 'PeerUser', 'user_id': 1030661471}, {'_': 'PeerUser', 'user_id': 6568692390}, {'_': 'PeerUser', 'user_id': 6307231433}], 'channel_id': 1846454363, 'max_id': 3585, 'read_max_id': None}",2024-02-14T21:12:09+00:00,Dev !,1.3663560994500732e+16,,[],
xaunfovdrops,https://t.me/xaunfovdrops,2643,2024-02-14 21:12:04,,False,False,False,False,True,0.0,False,1.0,0.0,0.0,1825524462,,,,,,,5.938173478408667e+18,,767.0,1.0,,2024-02-14T21:12:09+00:00,Dev !,1.3663560994500732e+16,,[],
xaunfovdrops,https://t.me/xaunfovdrops,2644,2024-02-14 21:12:04,,False,False,False,False,True,0.0,False,1.0,0.0,0.0,1825524462,,,,,,,5.938173478408667e+18,,801.0,1.0,,2024-02-14T21:12:09+00:00,Dev !,1.3663560994500732e+16,,[],
xaunfovdrops,https://t.me/xaunfovdrops,2645,2024-02-14 21:12:04,,False,False,False,False,True,0.0,False,1.0,0.0,0.0,1825524462,,,,,,,5.938173478408667e+18,,816.0,1.0,,2024-02-14T21:12:09+00:00,Dev !,1.3663560994500732e+16,,[],
xaunfovdrops,https://t.me/xaunfovdrops,2646,2024-02-14 21:12:04,,False,False,False,False,True,0.0,False,1.0,0.0,0.0,1825524462,,,,,,,5.938173478408667e+18,,781.0,1.0,,2024-02-14T21:12:09+00:00,Dev !,1.3663560994500732e+16,,[],
xaunfovdrops,https://t.me/xaunfovdrops,2647,2024-02-16 06:00:45,"✅ AMAZON PRIME/MUSIC 🤩

<DATE_TIME>|BIN : 532655523442xxxx
🍉|DATE : <DATE_TIME>
🍡|IP :
OWN OR VPN TO AUSTRALIA

ADDRESS :
Address: 456 Kent Street
City: Sydney
State: New South Wales
Zip: <DATE_TIME>
Phone: +61 2 9265 xxxx


amazon
http://amazon.es

Connect VPN Australia 
We create our Prime Video:
Prime video
http://primevideo.com

We create Amazon music:
music.amazon.com

Enjoy By @Hulktff",False,False,False,False,True,0.0,False,1.0,0.0,0.0,1825524462,,,,,,,,,781.0,2.0,"{'_': 'MessageReplies', 'replies': 0, 'replies_pts': 5617, 'comments': True, 'recent_repliers': [], 'channel_id': 1846454363, 'max_id': None, 'read_max_id': None}",2024-02-16T09:41:57+00:00,𝐇 𝐔 𝐋 𝐊 [ complete off dont msg ] 🇵🇸,,"{'_': 'MessageReactions', 'results': [{'_': 'ReactionCount', 'reaction': {'_': 'ReactionEmoji', 'emoticon': '👍'}, 'count': 2, 'chosen_order': None}, {'_': 'ReactionCount', 'reaction': {'_': 'ReactionEmoji', 'emoticon': '❤'}, 'count': 2, 'chosen_order': None}], 'min': False, 'can_see_list': False, 'reactions_as_tags': False, 'recent_reactions': []}",[],
xaunfovdrops,https://t.me/xaunfovdrops,2650,2024-02-17 08:11:22,,False,False,False,False,True,0.0,False,1.0,0.0,0.0,1825524462,,,,,,,,,712.0,1.0,"{'_': 'MessageReplies', 'replies': 0, 'replies_pts': 5617, 'comments': True, 'recent_repliers': [], 'channel_id': 1846454363, 'max_id': None, 'read_max_id': None}",2024-02-17T08:11:25+00:00,𝗥𝗘𝗗𝗢𝕏,,,[],
xaunfovdrops,https://t.me/xaunfovdrops,2651,2024-02-17 08:11:22,"<EMAIL_ADDRESS>:<PERSON> | PLAN = Basic | Country = India | <PERSON> = 1 | PAYMENT METHODE = [UPI]
<EMAIL_ADDRESS>:asitnayak04 | PLAN = Basic | Country = India | <PERSON> = 1 | PHONENUMMBER = <DATE_TIME> | PAYMENT METHODE = [UPI]
<EMAIL_ADDRESS>:nayan774 | PLAN = Basic | Country = India | <PERSON> = 1 | PAYMENT METHODE = [UPI]
<EMAIL_ADDRESS>:ayaan2501 | PLAN = Basic | Country = India | <PERSON> = 1 | PAYMENT METHODE = VISA [CC]
<EMAIL_ADDRESS>:Aroma@123 | PLAN = Basic | Country = India | <PERSON> = 1 | PAYMENT METHODE = [UPI]
<EMAIL_ADDRESS>:123s@123s | PLAN = Basic | Country = India | <PERSON> = 1 | PAYMENT METHODE = [UPI]
<EMAIL_ADDRESS>:<PERSON> PLAN = Basic | Country = India | <PERSON> = 1 | PAYMENT METHODE = [UPI]
<EMAIL_ADDRESS>:Anuanshu#1 | PLAN = Basic | Country = India | <PERSON> = 1 | PAYMENT METHODE = VISA [CC]
<EMAIL_ADDRESS>:Shiv@ni07 | PLAN = Mobile | [Mobile] | Country = India | <PERSON> = 1 | PAYMENT METHODE = [UPI]
<EMAIL_ADDRESS>:pampaP1980 | PLAN = Basic | Country = Malaysia | <PERSON> = 1 | PAYMENT METHODE = VISA [CC]
<EMAIL_ADDRESS>:<US_PASSPORT> | PLAN = Basic | Country = India | <PERSON> = 1 | PHONENUMMBER = <PHONE_NUMBER> | PAYMENT METHODE = [UPI]
<EMAIL_ADDRESS>:Naga@1994 | PLAN = Basic | Country = India | <PERSON> = 1 | PHONENUMMBER = <PHONE_NUMBER> | PAYMENT METHODE = [UPI]
<EMAIL_ADDRESS>:b8866139489 | PLAN = Mobile | [Mobile] | Country = India | <PERSON> = 1 | PHONENUMMBER = <PHONE_NUMBER> | PAYMENT METHODE = [UPI]
<EMAIL_ADDRESS>:vijayalaxmi* | PLAN = Mobile | [Mobile] | Country = India | <PERSON> = 1 | PAYMENT METHODE = [UPI]
<EMAIL_ADDRESS>:mahesh3969 | PLAN = Basic | Country = India | <PERSON> = 1 | PHONENUMMBER = <PHONE_NUMBER> | PAYMENT METHODE = [UPI]
<EMAIL_ADDRESS>:samsunny87 | PLAN = Basic | Country = India | <PERSON> = 1 | PAYMENT METHODE = [UPI]
<EMAIL_ADDRESS>:Nitin@1705 | PLAN = Basic | Country = India | <PERSON> = 1 | PHONENUMMBER = <PHONE_NUMBER> | PAYMENT METHODE = VISA [CC]",False,False,False,False,True,0.0,False,1.0,0.0,0.0,1825524462,,,,,,,,,855.0,1.0,,2024-02-17T13:52:28+00:00,𝗥𝗘𝗗𝗢𝕏,,"{'_': 'MessageReactions', 'results': [], 'min': False, 'can_see_list': False, 'reactions_as_tags': False, 'recent_reactions': []}",[],
xaunfovdrops,https://t.me/xaunfovdrops,2653,2024-02-17 22:01:16,i need account clickbank vs anything @prod_jx7,False,False,False,False,True,0.0,False,1.0,0.0,0.0,1825524462,,,,,,,,,802.0,0.0,"{'_': 'MessageReplies', 'replies': 0, 'replies_pts': 5617, 'comments': True, 'recent_repliers': [], 'channel_id': 1846454363, 'max_id': None, 'read_max_id': None}",2024-02-17T22:01:19+00:00,jx7 !,,,[],
xaunfovdrops,https://t.me/xaunfovdrops,2654,2024-02-19 02:26:06,"⭐️ BIN CANVA PRO ⭐️

💳<PERSON> ➸532678000915xxxx
<PERSON> ➸<DATE_TIME>
⚙Cvv ➸generado
➡️Ip ➸Malaysia 
- - - - - - - - - - - - - - - - - - - - -
🚮Nota: [ Crunchyrrol, BOOKMATE, MAGELLAN TV y fubo tv]
- - - - - - - - - - - - - - - - - - - - - 
🔊Vpn: 🔴🔵",False,False,False,False,True,0.0,False,1.0,0.0,0.0,1825524462,,,,,,,,,747.0,1.0,"{'_': 'MessageReplies', 'replies': 1, 'replies_pts': 5617, 'comments': True, 'recent_repliers': [{'_': 'PeerUser', 'user_id': 6801332527}], 'channel_id': 1846454363, 'max_id': 3517, 'read_max_id': None}",2024-02-19T02:26:09+00:00,𝐇 𝐔 𝐋 𝐊 [ complete off TILL 10PM ] 🇵🇸,,,[],
xaunfovdrops,https://t.me/xaunfovdrops,2656,2024-02-19 15:41:01,"<NRP> i need good active admin <NRP>

⭐️~skills required ⭐️
⭐️ Cookies cracking 
⭐️ Account cracking
⭐️ ott trial hitters
⭐️ [method making + edit ]

♤DM @HULKTFF ♤

CHANNEL SUBS :- 270
AVERAGE VIEWS :- 60-70",False,False,False,False,True,0.0,False,1.0,0.0,0.0,1825524462,,,,,,,,,690.0,0.0,"{'_': 'MessageReplies', 'replies': 6, 'replies_pts': 5617, 'comments': True, 'recent_repliers': [{'_': 'PeerUser', 'user_id': 6126611403}, {'_': 'PeerUser', 'user_id': 5726623498}, {'_': 'PeerUser', 'user_id': 570925468}], 'channel_id': 1846454363, 'max_id': 3532, 'read_max_id': None}",2024-02-19T16:42:00+00:00,𝐇 𝐔 𝐋 𝐊 [ complete off TILL 10PM ] 🇵🇸,,"{'_': 'MessageReactions', 'results': [{'_': 'ReactionCount', 'reaction': {'_': 'ReactionEmoji', 'emoticon': '❤'}, 'count': 3, 'chosen_order': None}], 'min': False, 'can_see_list': False, 'reactions_as_tags': False, 'recent_reactions': []}",[],
xaunfovdrops,https://t.me/xaunfovdrops,2657,2024-02-22 00:21:23,"XBOX GAME PASS <NRP>

💳 BIN: 439137002533xxxx
📆 DATE: <DATE_TIME>
🔐CVV: 000
🌐IP:Thailand.



🔝LINK:https://www.xbox.com/th-TH",False,False,False,False,True,0.0,False,1.0,0.0,0.0,1825524462,,,,,,,,,480.0,5.0,"{'_': 'MessageReplies', 'replies': 5, 'replies_pts': 5617, 'comments': True, 'recent_repliers': [{'_': 'PeerUser', 'user_id': 6720944201}], 'channel_id': 1846454363, 'max_id': 3539, 'read_max_id': None}",2024-02-22T13:53:08+00:00,𝐇 𝐔 𝐋 𝐊 [ complete off TILL 10PM ] 🇵🇸,,"{'_': 'MessageReactions', 'results': [{'_': 'ReactionCount', 'reaction': {'_': 'ReactionEmoji', 'emoticon': '👍'}, 'count': 1, 'chosen_order': None}, {'_': 'ReactionCount', 'reaction': {'_': 'ReactionEmoji', 'emoticon': '❤'}, 'count': 1, 'chosen_order': None}], 'min': False, 'can_see_list': False, 'reactions_as_tags': False, 'recent_reactions': []}",[],
xaunfovdrops,https://t.me/xaunfovdrops,2658,2024-02-22 15:26:01,"🔴 Cloudflare Warp+ 🔴

⚙️ Speed: Unlimited
⚙️ Traffic: 2400 TB
⚙️ For 5 Devices
📎 Site: https://<IP_ADDRESS>

☄️ CLICK ON ANY KEY TO COPY ⚡️

93QTr70C-2Pr4Y7n5-j7k863rZ
20q57woC-7c86f4VO-l6sdr341
RwN156K9-Q53h7Ab9-38myY70f
73W8Ls4n-3H50cIL8-hNV89A57
1pW6vY42-7N4Bu92t-8O1Ss29I
M42y8rT0-7qpGz201-49aHm8Q2
R93s7Pk0-z29xT1i6-501Mg4Aw
6f5ku07R-YQ32LO75-7hx39sg0
tM9I843F-X4mr60u8-7gL8Jq36
2L7cj8Q5-pb8Af457-Z849A7Yr
K6O1p8T4-6q0WpE15-O8Aq3T79
72QY50Aw-Ox9cW317-Dz041L7i
<PERSON>
J937M1Vv-1rFS02k3-4E25Nq9v
sa9x20n6-0KG73Tg8-2H63S4XR
1dEV0y73-P91vcb30-1B5Xfo78
Bw79CV63-25XN8yz1-0Z2f9LW4
04dpY1g5-3fQ4A2c8-2M9fFB17
7s8i5U6o-QhB743x6-8bA376Zd
b512wN3T-P5063lsq-x9PI1u65
cYOB4157-kd83n0D2-6fd3kK51
Pa7Nw539-<DATE_TIME>
QL150MI3-p0a9u86x-9316TkgC
0HQz82G5-0E7y9CA4-U8qJ15F4
9s48j6rm-7ilx643P-ayK715I9
h4U812IV-1835WJXj-4X93G0La
0ZQ94k6R-gaT802o1-V1K3S8e4
k9X3z56J-635kI9wu-906DTc7H
Ix2v18F5-ZvNO7418-d1JX508z
H1G9n30L-j7W45G1m-4J3MG81k
jA862ln4-DGC31A08-13rYf8z5
C09fgu43-9V4Q6K0p-1ioZ49m7
N0pO695d-3FJi15U9-96l8Xj3Q
d35Z68XE-o6172GBg-q7Z51z6s

🐹 Send Screenshot: @Redox_Private_Bot

Credit:✔️AlienKeys ✔️@Redox_Bin",False,False,False,False,True,0.0,False,1.0,0.0,0.0,1825524462,,"{'_': 'MessageFwdHeader', 'date': '2024-02-22T15:25:03+00:00', 'imported': False, 'saved_out': False, 'from_id': {'_': 'PeerChannel', 'channel_id': 1988741296}, 'from_name': None, 'channel_post': 3798, 'post_author': '𝗥𝗘𝗗𝗢𝕏', 'saved_from_peer': None, 'saved_from_msg_id': None, 'saved_from_id': None, 'saved_from_name': None, 'saved_date': None, 'psa_type': None}",,,,,6.249018828763808e+18,,353.0,1.0,"{'_': 'MessageReplies', 'replies': 0, 'replies_pts': 5617, 'comments': True, 'recent_repliers': [], 'channel_id': 1846454363, 'max_id': None, 'read_max_id': None}",2024-02-22T15:27:11+00:00,𝗥𝗘𝗗𝗢𝕏,,"{'_': 'MessageReactions', 'results': [{'_': 'ReactionCount', 'reaction': {'_': 'ReactionEmoji', 'emoticon': '👍'}, 'count': 2, 'chosen_order': None}, {'_': 'ReactionCount', 'reaction': {'_': 'ReactionEmoji', 'emoticon': '🔥'}, 'count': 1, 'chosen_order': None}, {'_': 'ReactionCount', 'reaction': {'_': 'ReactionEmoji', 'emoticon': '🤔'}, 'count': 1, 'chosen_order': None}], 'min': False, 'can_see_list': False, 'reactions_as_tags': False, 'recent_reactions': []}",[],
xaunfovdrops,https://t.me/xaunfovdrops,2659,2024-02-22 15:45:46,,False,False,False,False,True,0.0,False,1.0,0.0,0.0,1825524462,,"{'_': 'MessageFwdHeader', 'date': '2024-02-22T15:29:36+00:00', 'imported': False, 'saved_out': False, 'from_id': None, 'from_name': 'Kha M', 'channel_post': None, 'post_author': None, 'saved_from_peer': None, 'saved_from_msg_id': None, 'saved_from_id': None, 'saved_from_name': None, 'saved_date': None, 'psa_type': None}",,,,,5.960634100077412e+18,,356.0,0.0,"{'_': 'MessageReplies', 'replies': 0, 'replies_pts': 5617, 'comments': True, 'recent_repliers': [], 'channel_id': 1846454363, 'max_id': None, 'read_max_id': None}",2024-02-22T15:45:49+00:00,𝗥𝗘𝗗𝗢𝕏,,,[],
xaunfovdrops,https://t.me/xaunfovdrops,2660,2024-02-22 15:46:27,,False,False,False,False,True,0.0,False,1.0,0.0,0.0,1825524462,,"{'_': 'MessageFwdHeader', 'date': '2024-02-22T15:38:13+00:00', 'imported': False, 'saved_out': False, 'from_id': None, 'from_name': 'احمد', 'channel_post': None, 'post_author': None, 'saved_from_peer': None, 'saved_from_msg_id': None, 'saved_from_id': None, 'saved_from_name': None, 'saved_date': None, 'psa_type': None}",,,,,6.248793579203969e+18,,364.0,0.0,"{'_': 'MessageReplies', 'replies': 0, 'replies_pts': 5617, 'comments': True, 'recent_repliers': [], 'channel_id': 1846454363, 'max_id': None, 'read_max_id': None}",2024-02-22T15:46:30+00:00,𝗥𝗘𝗗𝗢𝕏,,,[],
xaunfovdrops,https://t.me/xaunfovdrops,2661,2024-02-22 15:48:35,✅✅,False,False,False,False,True,0.0,False,1.0,0.0,0.0,1825524462,,"{'_': 'MessageFwdHeader', 'date': '2024-02-22T15:47:59+00:00', 'imported': False, 'saved_out': False, 'from_id': None, 'from_name': 'ARMAN GAMERYT', 'channel_post': None, 'post_author': None, 'saved_from_peer': None, 'saved_from_msg_id': None, 'saved_from_id': None, 'saved_from_name': None, 'saved_date': None, 'psa_type': None}",,,,,6.248978563445407e+18,,362.0,0.0,"{'_': 'MessageReplies', 'replies': 0, 'replies_pts': 5617, 'comments': True, 'recent_repliers': [], 'channel_id': 1846454363, 'max_id': None, 'read_max_id': None}",2024-02-24T05:09:43+00:00,𝗥𝗘𝗗𝗢𝕏,,"{'_': 'MessageReactions', 'results': [], 'min': False, 'can_see_list': False, 'reactions_as_tags': False, 'recent_reactions': []}",[],
xaunfovdrops,https://t.me/xaunfovdrops,2662,2024-02-22 15:54:27,,False,False,False,False,True,0.0,False,1.0,0.0,0.0,1825524462,,"{'_': 'MessageFwdHeader', 'date': '2024-02-22T15:48:37+00:00', 'imported': False, 'saved_out': False, 'from_id': None, 'from_name': 'Mahos', 'channel_post': None, 'post_author': None, 'saved_from_peer': None, 'saved_from_msg_id': None, 'saved_from_id': None, 'saved_from_name': None, 'saved_date': None, 'psa_type': None}",,,,,5.960675937353843e+18,,386.0,0.0,"{'_': 'MessageReplies', 'replies': 0, 'replies_pts': 5617, 'comments': True, 'recent_repliers': [], 'channel_id': 1846454363, 'max_id': None, 'read_max_id': None}",2024-02-22T15:54:30+00:00,𝗥𝗘𝗗𝗢𝕏,,,[],
xaunfovdrops,https://t.me/xaunfovdrops,2663,2024-02-22 15:54:27,Working 💪,False,False,False,False,True,0.0,False,1.0,0.0,0.0,1825524462,,"{'_': 'MessageFwdHeader', 'date': '2024-02-22T15:48:41+00:00', 'imported': False, 'saved_out': False, 'from_id': None, 'from_name': 'P.Ã.Ï.Ñ ❤️\u200d🩹', 'channel_post': None, 'post_author': None, 'saved_from_peer': None, 'saved_from_msg_id': None, 'saved_from_id': None, 'saved_from_name': None, 'saved_date': None, 'psa_type': None}",,,,,,,382.0,0.0,,2024-02-22T15:54:30+00:00,𝗥𝗘𝗗𝗢𝕏,,,[],
xaunfovdrops,https://t.me/xaunfovdrops,2664,2024-02-22 15:55:25,,False,False,False,False,True,0.0,False,1.0,0.0,0.0,1825524462,,"{'_': 'MessageFwdHeader', 'date': '2024-02-22T15:53:47+00:00', 'imported': False, 'saved_out': False, 'from_id': None, 'from_name': 'Deepansh Daryani', 'channel_post': None, 'post_author': None, 'saved_from_peer': None, 'saved_from_msg_id': None, 'saved_from_id': None, 'saved_from_name': None, 'saved_date': None, 'psa_type': None}",,,,,6.251316928324943e+18,,406.0,0.0,"{'_': 'MessageReplies', 'replies': 0, 'replies_pts': 5617, 'comments': True, 'recent_repliers': [], 'channel_id': 1846454363, 'max_id': None, 'read_max_id': None}",2024-02-22T15:55:28+00:00,𝗥𝗘𝗗𝗢𝕏,,,[],
xaunfovdrops,https://t.me/xaunfovdrops,2665,2024-02-22 16:22:36,,False,False,False,False,True,0.0,False,1.0,0.0,0.0,1825524462,,"{'_': 'MessageFwdHeader', 'date': '2024-02-22T16:17:21+00:00', 'imported': False, 'saved_out': False, 'from_id': None, 'from_name': '.....', 'channel_post': None, 'post_author': None, 'saved_from_peer': None, 'saved_from_msg_id': None, 'saved_from_id': None, 'saved_from_name': None, 'saved_date': None, 'psa_type': None}",,,,,6.251003756489587e+18,,438.0,0.0,"{'_': 'MessageReplies', 'replies': 0, 'replies_pts': 5617, 'comments': True, 'recent_repliers': [], 'channel_id': 1846454363, 'max_id': None, 'read_max_id': None}",2024-02-22T16:22:39+00:00,𝗥𝗘𝗗𝗢𝕏,,,[],
xaunfovdrops,https://t.me/xaunfovdrops,2676,2024-02-22 17:55:25,IF ANYONE HAVE STEAM CHECKER DROP IT IN MY DM I WILL GIVE HIM AMAZON STORE CARD,False,False,False,False,True,0.0,False,1.0,0.0,0.0,1825524462,,,,,,,,,413.0,0.0,"{'_': 'MessageReplies', 'replies': 2, 'replies_pts': 5617, 'comments': True, 'recent_repliers': [{'_': 'PeerUser', 'user_id': 6378306051}, {'_': 'PeerUser', 'user_id': 6698461693}], 'channel_id': 1846454363, 'max_id': 3569, 'read_max_id': None}",2024-02-22T17:55:29+00:00,drkxstarc.ae,,,[],
xaunfovdrops,https://t.me/xaunfovdrops,2677,2024-02-22 18:06:52,legit!!,False,False,False,False,True,0.0,False,1.0,0.0,0.0,1825524462,,"{'_': 'MessageFwdHeader', 'date': '2024-02-22T18:06:11+00:00', 'imported': False, 'saved_out': False, 'from_id': None, 'from_name': 'Pitachu', 'channel_post': None, 'post_author': None, 'saved_from_peer': None, 'saved_from_msg_id': None, 'saved_from_id': None, 'saved_from_name': None, 'saved_date': None, 'psa_type': None}",,,,,5.961016515375514e+18,,438.0,1.0,"{'_': 'MessageReplies', 'replies': 0, 'replies_pts': 5617, 'comments': True, 'recent_repliers': [], 'channel_id': 1846454363, 'max_id': None, 'read_max_id': None}",2024-02-22T18:06:55+00:00,𝗥𝗘𝗗𝗢𝕏,,,[],
xaunfovdrops,https://t.me/xaunfovdrops,2678,2024-02-22 18:08:05,i delete all because people give negative reaction without trying From now no more RDP drop again,False,False,False,False,True,0.0,False,1.0,0.0,0.0,1825524462,,,,,,,,,439.0,0.0,"{'_': 'MessageReplies', 'replies': 10, 'replies_pts': 5617, 'comments': True, 'recent_repliers': [{'_': 'PeerUser', 'user_id': 1089734964}, {'_': 'PeerUser', 'user_id': 5435281060}, {'_': 'PeerUser', 'user_id': 6084426350}], 'channel_id': 1846454363, 'max_id': 3623, 'read_max_id': None}",2024-02-22T18:08:19+00:00,𝗥𝗘𝗗𝗢𝕏,,"{'_': 'MessageReactions', 'results': [{'_': 'ReactionCount', 'reaction': {'_': 'ReactionEmoji', 'emoticon': '😭'}, 'count': 13, 'chosen_order': None}], 'min': False, 'can_see_list': False, 'reactions_as_tags': False, 'recent_reactions': []}",[],
xaunfovdrops,https://t.me/xaunfovdrops,2679,2024-02-24 14:49:09,i need <PERSON> vs anything @prod_jx7,False,False,False,False,True,0.0,False,1.0,0.0,0.0,1825524462,,,,,,,,,290.0,1.0,"{'_': 'MessageReplies', 'replies': 7, 'replies_pts': 5617, 'comments': True, 'recent_repliers': [{'_': 'PeerUser', 'user_id': 5152556375}, {'_': 'PeerUser', 'user_id': 6378306051}], 'channel_id': 1846454363, 'max_id': 3620, 'read_max_id': None}",2024-02-24T14:49:12+00:00,jx7 !,,,[],
xaunfovdrops,https://t.me/xaunfovdrops,2680,2024-02-24 14:59:46,"I NEED COMBO MAKER !!!
TAKE RDP !!!
@hulktff",False,False,False,False,True,0.0,False,1.0,0.0,0.0,1825524462,,,,,,,,,284.0,0.0,"{'_': 'MessageReplies', 'replies': 1, 'replies_pts': 5617, 'comments': True, 'recent_repliers': [{'_': 'PeerUser', 'user_id': 6602013864}], 'channel_id': 1846454363, 'max_id': 3590, 'read_max_id': None}",2024-02-24T15:02:42+00:00,𝐇 𝐔 𝐋 𝐊 [ 🇵🇸 ],,"{'_': 'MessageReactions', 'results': [{'_': 'ReactionCount', 'reaction': {'_': 'ReactionEmoji', 'emoticon': '❤'}, 'count': 3, 'chosen_order': None}], 'min': False, 'can_see_list': False, 'reactions_as_tags': False, 'recent_reactions': []}",[],
xaunfovdrops,https://t.me/xaunfovdrops,2682,2024-02-29 17:24:58,"Free Discord Nitro - 1 Month


https://na.alienwarearena.com/ucf/show/2170237/boards/contest-and-giveaways-global/Giveaway/one-month-of-discord-nitro-exclusive-key-giveaway",False,False,False,True,True,0.0,False,1.0,0.0,0.0,1825524462,,,,,,,,,62.0,2.0,"{'_': 'MessageReplies', 'replies': 0, 'replies_pts': 5648, 'comments': True, 'recent_repliers': [], 'channel_id': 1846454363, 'max_id': None, 'read_max_id': None}",2024-02-29T17:25:01+00:00,drkxstarc.ae,,,[],
xaunfovdrops,https://t.me/xaunfovdrops,2683,2024-02-29 17:30:21,"anyone can teach me combo making take 
16 <PERSON> for <DATE_TIME> 
@HuLktff",False,False,False,False,True,0.0,False,1.0,0.0,0.0,1825524462,,,,,,,,,44.0,0.0,"{'_': 'MessageReplies', 'replies': 0, 'replies_pts': 5648, 'comments': True, 'recent_repliers': [], 'channel_id': 1846454363, 'max_id': None, 'read_max_id': None}",2024-02-29T17:30:24+00:00,𝐇 𝐔 𝐋 𝐊 [ 🇵🇸 ],,,[],
xaunfovdrops,https://t.me/xaunfovdrops,2685,2024-03-02 17:40:39,"🔰DUOLINGO SUPER BIN  <DATE_TIME>
📤| BIN:532678000915xxxx
🧬| GEN: https:/namsogen.co
📤| FECHA: RND
📤| CVV: 000
📤| IP: US
GEN: https://tools.rsoblog.com/gate1.php",False,False,False,False,True,0.0,False,1.0,0.0,0.0,1825524462,,,,,,,,,53.0,1.0,"{'_': 'MessageReplies', 'replies': 0, 'replies_pts': 5667, 'comments': True, 'recent_repliers': [], 'channel_id': 1846454363, 'max_id': None, 'read_max_id': None}",2024-03-02T17:40:42+00:00,drkxstarc.ae,,,[],
xaunfovdrops,https://t.me/xaunfovdrops,2686,2024-03-02 17:40:39,"🔰 BIN MULTIFUNCTIONAL 🔰
📤| BIN:532678000915xxxx
🧬| GEN: https:/namsogen.co
📤| FECHA: RND
📤| CVV: RND
📤| IP: EU
GEN: https://efestivalticket.com/namso-gen/

• CДИVДPR0(ZIP 10080/A1A1A1)
• LINK HOSTSPOTSHIELD
TRIAL (ZIP <DATE_TIME>): https://order.hotspotshield.com/trial
LINK MICяOSOFT365: https://www.microsoft.com/en-us/microsoft-365/try
TIDAL (chile IP): http://www.tidal.com/
DUOLINGO SUPER(cvv 000, zip
10001): http://www.duolingo.com/super
LINK PRIMEVIDEO: http://www.primevideo.com/",False,False,False,False,True,0.0,False,1.0,0.0,0.0,1825524462,,,,,,,,,52.0,1.0,"{'_': 'MessageReplies', 'replies': 0, 'replies_pts': 5667, 'comments': True, 'recent_repliers': [], 'channel_id': 1846454363, 'max_id': None, 'read_max_id': None}",2024-03-02T17:40:42+00:00,drkxstarc.ae,,,[],
xaunfovdrops,https://t.me/xaunfovdrops,2688,2024-03-04 13:50:49,<PERSON> ما عندو Acc FF؟,False,False,False,False,True,0.0,False,1.0,0.0,0.0,1825524462,,,,2687.0,False,False,,,17.0,0.0,"{'_': 'MessageReplies', 'replies': 1, 'replies_pts': 5681, 'comments': True, 'recent_repliers': [{'_': 'PeerUser', 'user_id': 6601333425}], 'channel_id': 1846454363, 'max_id': 3676, 'read_max_id': None}",2024-03-04T13:50:52+00:00,jx7 !,,,[],
xaunfovdrops,https://t.me/xaunfovdrops,2690,2024-03-13 19:49:31,"- 𝐀𝐩𝐩𝐫𝐨𝐯𝐞𝐝 ✅

- 𝗖𝗮𝗿𝗱: <CREDIT_CARD>|03|2024|645
- 𝐆𝐚𝐭𝐞𝐰𝐚𝐲: Braintree Auth
- 𝐑𝐞𝐬𝐩𝐨𝐧𝐬𝐞: Approved

- 𝗜𝗻𝗳𝗼: MASTERCARD - DEBIT - PREPAID
- 𝐈𝐬𝐬𝐮𝐞𝐫: SUNRISE BANKS, NATIONAL ASSOCIATION
- 𝐂𝐨𝐮𝐧𝐭𝐫𝐲: UNITED STATES 🇺🇸

- 𝗧𝗶𝗺𝗲: 12.91 𝐬𝐞𝐜𝐨𝐧𝐝𝐬",False,False,False,False,True,0.0,False,1.0,0.0,0.0,1825524462,,,,,,,,,35.0,0.0,"{'_': 'MessageReplies', 'replies': 0, 'replies_pts': 5814, 'comments': True, 'recent_repliers': [], 'channel_id': 1846454363, 'max_id': None, 'read_max_id': None}",2024-03-13T20:15:08+00:00,𝗥𝗘𝗗𝗢𝕏,,"{'_': 'MessageReactions', 'results': [{'_': 'ReactionCount', 'reaction': {'_': 'ReactionEmoji', 'emoticon': '👍'}, 'count': 1, 'chosen_order': None}], 'min': False, 'can_see_list': False, 'reactions_as_tags': False, 'recent_reactions': []}",[],
xaunfovdrops,https://t.me/xaunfovdrops,2692,2024-03-17 01:27:58,"↯ MASS STRIPE SK BASED AUTH 

Card -»<CREDIT_CARD>|04|25|821
Status -» Live 🟢
Response -» Approved
Gateway -»  STRIPE AUTH SITE BASED 2
———————————————————————————-
Card -»<CREDIT_CARD>|02|25|530
Status -» Live 🟢
Response -» Approved
Gateway -»  STRIPE AUTH SITE BASED 2
———————————————————————————-
Card -»<CREDIT_CARD>|03|28|781
Status -» Live 🟢
Response -» Approved
Gateway -»  STRIPE AUTH SITE BASED 2
———————————————————————————-
Card -»<CREDIT_CARD>|06|26|422
Status -» Live 🟢
Response -» Approved
Gateway -»  STRIPE AUTH SITE BASED 2
———————————————————————————-
Card -»<CREDIT_CARD>|01|28|931
Status -» Live 🟢
Response -» Approved
Gateway -»  STRIPE AUTH SITE BASED 2
———————————————————————————-
Card -»<CREDIT_CARD>|07|25|101
Status -» Live 🟢
Response -» Approved
Gateway -»  STRIPE AUTH SITE BASED 2
———————————————————————————-
Card -»<CREDIT_CARD>|05|25|989
Status -» Live 🟢
Response -» Approved
Gateway -»  STRIPE AUTH SITE BASED 2
———————————————————————————-
Card -»<CREDIT_CARD>|02|33|623
Status -» Live 🟢
Response -» Approved
Gateway -»  STRIPE AUTH SITE BASED 2
———————————————————————————-
Card -»<CREDIT_CARD>|12|28|614
Status -» Live 🟢
Response -» Approved
Gateway -»  STRIPE AUTH SITE BASED 2
———————————————————————————-
Card -»<CREDIT_CARD>|10|26|911
Status -» Live 🟢
Response -» Approved
Gateway -»  STRIPE AUTH SITE BASED 2
———————————————————————————-
Card -»<CREDIT_CARD>|06|25|037
Status -» Live 🟢
Response -» Approved
Gateway -»  STRIPE AUTH SITE BASED 2
———————————————————————————-
Card -»<CREDIT_CARD>|06|26|839
Status -» Live 🟢
Response -» Approved
Gateway -»  STRIPE AUTH SITE BASED 2
———————————————————————————-
Card -»<CREDIT_CARD>|04|27|192
Status -» Live 🟢
Response -» Approved
Gateway -»  STRIPE AUTH SITE BASED 2
———————————————————————————-
Card -»<CREDIT_CARD>|02|27|176
Status -» Live 🟢
Response -» Approved
Gateway -»  STRIPE AUTH SITE BASED 2
———————————————————————————-
Card -»<CREDIT_CARD>|01|26|947
Status -» Dead 🔴
Response -» Generic Decline 🚫
Gateway -»  STRIPE AUTH SITE BASED 2
———————————————————————————-
Card -»<CREDIT_CARD>|01|25|000
Status -» Live 🟢
Response -» Approved
Gateway -»  STRIPE AUTH SITE BASED 2
———————————————————————————-
Card -»<CREDIT_CARD>|04|25|447
Status -» Live 🟢
Response -» Approved
Gateway -»  STRIPE AUTH SITE BASED 2
———————————————————————————-
Card -»<CREDIT_CARD>|01|27|465
Status -» Live 🟢
Response -» Approved
Gateway -»  STRIPE AUTH SITE BASED 2
———————————————————————————-
Card -»<CREDIT_CARD>|08|26|772
Status -» Live 🟢
Response -» Approved
Gateway -»  STRIPE AUTH SITE BASED 2
———————————————————————————-
Card -»<CREDIT_CARD>|07|24|664
Status -» Live 🟢
Response -» Approved
Gateway -»  STRIPE AUTH SITE BASED 2
———————————————————————————-
""
－－－－－－－－－－－－－－－－
┏<PERSON> Live! 🌐 
┣Total CC Checked-» 20
┣Credit Deducted -»  20
┣Time Taken -» 0 Hours 00 Minutes 58 Seconds
┣Checked by -»  𝗥𝗘𝗗𝗢𝕏 ♻️ [ PREMIUM]
┣Bot by -» @bad_tokyo_xd
－－－－－－－－－－－－－－－－",False,False,False,False,True,0.0,False,1.0,0.0,0.0,1825524462,,,,,,,,,29.0,0.0,"{'_': 'MessageReplies', 'replies': 0, 'replies_pts': 5822, 'comments': True, 'recent_repliers': [], 'channel_id': 1846454363, 'max_id': None, 'read_max_id': None}",2024-03-17T01:28:01+00:00,𝗥𝗘𝗗𝗢𝕏,,,[],
xaunfovdrops,https://t.me/xaunfovdrops,2698,2024-03-24 14:01:47,,False,False,False,False,True,,False,,,,1825524462,,,,2696.0,False,False,,,,,,,,,,,
xaunfovdrops,https://t.me/xaunfovdrops,2700,2024-03-26 19:21:24,"↯ MASS STRIPE SK BASED CVV 

Card -»<CREDIT_CARD>|10|2026|113
Status -» Dead 🔴
Response -» Generic Decline 🚫
Gateway -»  Stripe CVV(SK BASED)
———————————————————————————-
Card -»<CREDIT_CARD>|11|2025|768
Status -» Live 🟢
Response -» Insufficient Funds ❎
Gateway -»  Stripe CVV(SK BASED)
———————————————————————————-
Card -»<CREDIT_CARD>|12|2024|224
Status -» Dead 🔴
Response -» Generic Decline 🚫
Gateway -»  Stripe CVV(SK BASED)
———————————————————————————-
""
－－－－－－－－－－－－－－－－
┏<PERSON> Live! 🌐 
┣Total CC Checked-» 3
┣Credit Deducted -»  3
┣Time Taken -» 0 Hours 00 Minutes 03 Seconds
┣Checked by -»  𝗥𝗘𝗗𝗢𝕏 ♻️ [ PREMIUM]
┣Bot by -» @bad_tokyo_xd
－－－－－－－－－－－－－－－－",False,False,False,False,True,0.0,False,1.0,0.0,0.0,1825524462,,,,2699.0,False,False,,,14.0,0.0,,2024-03-26T19:21:27+00:00,𝗥𝗘𝗗𝗢𝕏,,,[],
