id,Channel ID,URL,message,date,views,forwards,reactions
997,direct_mods_here,https://t.me/direct_mods_here,"🥫 UNLIMITED JIO SAVAN PRO  METHOD 🥫

🐴Tool used : Burp Suite 

🐴Bin : 51453350

🐴Hit with <PERSON>🐴IP : USA 

🦅Don't share without credit ❌",2024-02-16T11:48:38+00:00,1989.0,9.0,"👍: 4, ❤: 1, 👏: 1"
1982,direct_mods_here,https://t.me/direct_mods_here,Help the credit card for betting tips to join premium,2024-02-16T15:32:45+00:00,,,
1974,direct_mods_here,https://t.me/direct_mods_here,Hii bro i want one help,2024-02-16T12:02:34+00:00,,,
