id,Channel ID,URL,message,date,views,forwards,reactions
1000,direct_mods_here,https://t.me/direct_mods_here,"🎭 Website Hacking [Basic To Advance] 🎭

💎 Size - 440.1 MB
💎 Duration - 02:38:23

⚠️ Note - This Is Only For Education Purpose We Are Not Responsible For Anything",2024-02-18T11:33:02+00:00,1872.0,59.0,👍: 4
1999,direct_mods_here,https://t.me/direct_mods_here,Thank you sir,2024-02-18T14:07:56+00:00,,,
1998,direct_mods_here,https://t.me/direct_mods_here,Thank brother <PERSON>,2024-02-18T11:35:23+00:00,,,"👍: 2, ❤: 1"
