id,Channel ID,URL,message,date,views,forwards,reactions
986,direct_mods_here,https://t.me/direct_mods_here,"📷 How to hack victim camera using a link

Steps:

1. Open terminal

2. Git clone https://github.com/techchipnet/CamPhish.git

3. cd CamPhish

4. <PERSON>Ngrok: 1 and continue

Live Youtube TV: 2 and continue

5. Get the link

6. Send it to victim, and you will get the photo

🔔Unmute Notification & Share Channel For More Content ✅",2024-02-11T12:22:51+00:00,2269.0,42.0,👍: 2
2112,direct_mods_here,https://t.me/direct_mods_here,Sir link se camphish package hi install ni dikharha,2024-03-05T15:12:47+00:00,,,
1933,direct_mods_here,https://t.me/direct_mods_here,??,2024-02-12T17:02:35+00:00,,,
1915,direct_mods_here,https://t.me/direct_mods_here,Video plz,2024-02-11T15:52:25+00:00,,,
1914,direct_mods_here,https://t.me/direct_mods_here,Please sir video,2024-02-11T15:22:30+00:00,,,👍: 1
