id,Channel ID,URL,message,date,views,forwards,reactions
998,direct_mods_here,https://t.me/direct_mods_here,"<PERSON> UPI TO Number 🎭

📥 You Can Find Any Fampay UPI Number 

💎 Full Video Tutorial 
💎 Very Easy Method 
💎 100% Working 
💎 Don't Sell 

⚠️ Note - The person whose number you extract can also extract yours if the other person knows this method. 

🎁 Share Us For More",2024-02-17T10:17:31+00:00,1860.0,24.0,"👍: 7, 👎: 1"
1987,direct_mods_here,https://t.me/direct_mods_here,Cyberark tools ka training kawa do please <PERSON>,2024-02-18T04:49:42+00:00,,,👍: 1
1986,direct_mods_here,https://t.me/direct_mods_here,"<PERSON>, Learner Licence me <PERSON> face authentication cheat kaise <PERSON>?",2024-02-18T04:41:19+00:00,,,
