id,Channel ID,URL,message,date,views,forwards,reactions
1078,direct_mods_here,https://t.me/direct_mods_here,"NETFLIX ON MAIL METHOD 

YOU JUST NEED PRIVATE COOKIES

Sharing Without Credits is Crime 💀


100% WORKING",2024-03-05T08:43:01+00:00,3933.0,29.0,"👍: 3, 🔥: 2"
2141,direct_mods_here,https://t.me/direct_mods_here,Bro can you suggest some app or website for virtual number for WhatsApp,2024-03-10T02:43:02+00:00,,,
2108,direct_mods_here,https://t.me/direct_mods_here,Where are private cookies link,2024-03-05T11:48:44+00:00,,,
2106,direct_mods_here,https://t.me/direct_mods_here,"Whats the mean of 
NETFLIX ON MAIL METHOD",2024-03-05T08:47:21+00:00,,,
