Channel ID,URL,Post ID,date,message,out,mentioned,media_unread,silent,post,from_scheduled,legacy,edit_hide,pinned,noforwards,peer_channel,from_id_user,fwd_from,via_bot_id,reply_to_msg_id,reply_to_scheduled,forum_topic,media_photo_id,reply_markup,views,forwards,replies,edit_date,post_author,grouped_id,reactions,restriction_reason,ttl_period
anime_wars,https://t.me/anime_wars,1860,2024-01-01 14:16:25,"[🇬🇧] I've Somehow <PERSON> Stronger When I Improved My Farm-Related Skills
[🇯🇵] <PERSON> no Skill <PERSON> Tsuyoku Natta.
┏<PERSON> 🆎 TYPE: SERIES
┣ 🎭 GENRES: Adventure, Fantasy, Slice of Life
┣ 🔢 EPISODES: 12
┣ 🕓 DURATION: <DATE_TIME>/ep
┣ 💯 SCORE: 61/100
<PERSON> AUDIO: <NRP>
┣ ⌨️ SUBTITLES: <NRP>
┣ 📣 CHANNEL: @Anime_Wars
┣ ❤️ QUALITY:  360p, 720p, 1080p
<PERSON>",False,False,False,False,True,False,False,True,False,False,1325182781,,,,,,,6.186048178638403e+18,"{'_': 'ReplyInlineMarkup', 'rows': [{'_': 'KeyboardButtonRow', 'buttons': [{'_': 'KeyboardButtonUrl', 'text': '🍿 Watch 🍿', 'url': 'https://t.me/ive_ve_Somehow_Gotten_Stronger'}]}, {'_': 'KeyboardButtonRow', 'buttons': [{'_': 'KeyboardButtonUrl', 'text': '📚 Synopsis 📚', 'url': 'https://t.me/ive_ve_Somehow_Gotten_Stronger/38'}, {'_': 'KeyboardButtonUrl', 'text': '🗣 Discuss 🗣', 'url': 'https://t.me/Anime_Chat_English'}]}]}",209082,179,,2024-01-01T14:16:28+00:00,Anime Wars ⚔️,,,[],
anime_wars,https://t.me/anime_wars,1862,2024-01-04 21:16:25,"[🇬🇧] Chained Soldier
[🇯🇵] Mato Seihei no Slave
┏<PERSON> 🆎 TYPE: SERIES
┣ 🎭 GENRES: Action, Adventure, Drama, Ecchi, Fantasy, Romance
┣ 🔢 EPISODES: 12
┣ 🕓 DURATION: <DATE_TIME>/ep
┣ 💯 SCORE: 81
<PERSON> AUDIO: <NRP>
┣ ⌨️ SUBTITLES: <NRP>
┣ 📣 CHANNEL: @Anime_Wars
┣ ❤️ QUALITY: 360p, 720p, 1080p
<PERSON>",False,False,False,False,True,False,False,True,False,False,1325182781,,,,,,,,"{'_': 'ReplyInlineMarkup', 'rows': [{'_': 'KeyboardButtonRow', 'buttons': [{'_': 'KeyboardButtonUrl', 'text': '🍿 Watch 🍿', 'url': 'https://t.me/Chained_Soldier_English_dub_AG'}]}, {'_': 'KeyboardButtonRow', 'buttons': [{'_': 'KeyboardButtonUrl', 'text': '🌟 PV 🌟', 'url': 'https://t.me/Chained_Soldier_English_dub_AG/227'}, {'_': 'KeyboardButtonUrl', 'text': '🗣 Discuss 🗣', 'url': 'https://t.me/Anime_Chat_English'}]}]}",209316,86,,2024-01-04T21:16:29+00:00,Anime Wars ⚔️,,,[],
anime_wars,https://t.me/anime_wars,1869,2024-01-07 02:21:47,"[🇬🇧] MASHLE: MAGIC AND MUSCLES
[🇯🇵] MASHLE: MAGIC AND MUSCLES
┏<PERSON> 🆎 TYPE: SERIES
┣ 🎭 GENRES: Action, Comedy, Fantasy
┣ 🔢 EPISODES: 12
┣ 🕓 DURATION: <DATE_TIME>/ep
┣ 💯 SCORE: 75
┣ 🗣 AUDIO: <NRP>
┣ ⌨️ SUBTITLES: <NRP>
┣ 📣 CHANNEL: @Anime_Wars
┣ ❤️ QUALITY: 360p, 720p, 1080p
<PERSON>",False,False,False,False,True,False,False,False,False,False,1325182781,,,,,,,6.111692420614831e+18,"{'_': 'ReplyInlineMarkup', 'rows': [{'_': 'KeyboardButtonRow', 'buttons': [{'_': 'KeyboardButtonUrl', 'text': '🍿 Watch 🍿', 'url': 'https://t.me/Mashle_Magic_and_Muscles3'}]}, {'_': 'KeyboardButtonRow', 'buttons': [{'_': 'KeyboardButtonUrl', 'text': '🗣 Discuss 🗣', 'url': 'https://t.me/Anime_Chat_English'}]}]}",190077,131,,2024-01-07T02:22:21+00:00,Anime Wars ⚔️,,,[],
anime_wars,https://t.me/anime_wars,1870,2024-01-08 01:37:13,"[🇬🇧] Blue Exorcist
[🇯🇵] Ao no Exorcist
┏<PERSON> 🆎 TYPE: SERIES
┣ 🎭 GENRES: Action, Fantasy, Supernatural
┣ 🔢 EPISODES: 25
┣ 🕓 DURATION: <DATE_TIME>/ep
┣ 💯 SCORE: 73/100
<PERSON> AUDIO: <NRP>, <NRP>
┣ ⌨️ SUBTITLES: <NRP>
┣ 📣 CHANNEL: @Anime_Wars
┣ 👀 QUALITY: 720p & 1080p
<PERSON>",False,False,False,False,True,False,False,False,False,False,1325182781,,,,,,,6.064145277222236e+18,"{'_': 'ReplyInlineMarkup', 'rows': [{'_': 'KeyboardButtonRow', 'buttons': [{'_': 'KeyboardButtonUrl', 'text': '🍿 Watch 🍿', 'url': 'https://t.me/Blue_Exorcist_Ao_No'}]}, {'_': 'KeyboardButtonRow', 'buttons': [{'_': 'KeyboardButtonUrl', 'text': '📚 Synopsis 📚', 'url': 'https://t.me/Blue_Exorcist_Ao_No/27'}, {'_': 'KeyboardButtonUrl', 'text': '🗣 Discuss 🗣', 'url': 'https://t.me/Anime_Chat_English'}]}]}",195467,134,,,Anime Wars ⚔️,,,[],
anime_wars,https://t.me/anime_wars,1873,2024-01-09 10:48:09,"[🇬🇧] TSUKIMICHI -Moonlit Fantasy-
[🇯🇵] <PERSON> Michibiku Isekai Douchuu
┏<PERSON> 🆎 TYPE: SERIES
┣ 🎭 GENRES: Action, Adventure, Comedy, Fantasy
┣ 🔢 EPISODES: 12
┣ 🕓 DURATION: <DATE_TIME>/ep
┣ 💯 SCORE: 76/100
<PERSON> AUDIO: <NRP>, <NRP>
┣ ⌨️ SUBTITLES: <NRP>
┣ 📣 CHANNEL: @Anime_Wars
┣ 👀 QUALITY: 720p & 1080p
<PERSON>",False,False,False,False,True,False,False,False,False,False,1325182781,,,,,,,6.118296551307723e+18,"{'_': 'ReplyInlineMarkup', 'rows': [{'_': 'KeyboardButtonRow', 'buttons': [{'_': 'KeyboardButtonUrl', 'text': '🍿 Watch 🍿', 'url': 'https://t.me/TSUKIMICHI_Moonlit_Fantasy_ga'}]}, {'_': 'KeyboardButtonRow', 'buttons': [{'_': 'KeyboardButtonUrl', 'text': '🗣 Discuss 🗣', 'url': 'https://t.me/Anime_Chat_English'}]}]}",193878,97,,,Anime Wars ⚔️,,,[],
anime_wars,https://t.me/anime_wars,1875,2024-01-12 09:21:14,"[🇬🇧] Delicious in Dungeon
[🇯🇵] Dungeon <PERSON>
┏<PERSON> 🆎 TYPE: SERIES
┣ 🎭 GENRES: Adventure, Comedy, Fantasy
┣ 🔢 EPISODES: 24
┣ 🕓 DURATION: <DATE_TIME>/ep
┣ 💯 SCORE: 81
<PERSON> AUDIO: <NRP>
┣ ⌨️ SUBTITLES: <NRP>
┣ 📣 CHANNEL: @Anime_Wars
┣ ❤️ QUALITY: 360p, 720p, 1080p
<PERSON>",False,False,False,False,True,False,False,False,False,False,1325182781,,,,,,,,"{'_': 'ReplyInlineMarkup', 'rows': [{'_': 'KeyboardButtonRow', 'buttons': [{'_': 'KeyboardButtonUrl', 'text': '🍿 Watch 🍿', 'url': 'https://t.me/Delicious_in_Dungeon_Meshi'}]}, {'_': 'KeyboardButtonRow', 'buttons': [{'_': 'KeyboardButtonUrl', 'text': '🗣 Discuss 🗣', 'url': 'https://t.me/Anime_Chat_English'}]}]}",209086,47,,,Anime Wars ⚔️,,,[],
anime_wars,https://t.me/anime_wars,1876,2024-01-13 17:18:41,"👇 Solo Leveling Episode 05👇
┏<PERSON> @Solo_Leveling_AnimeWars
<PERSON>",False,False,False,False,True,False,False,False,True,False,1325182781,,,,,,,6.109567318041411e+18,"{'_': 'ReplyInlineMarkup', 'rows': [{'_': 'KeyboardButtonRow', 'buttons': [{'_': 'KeyboardButtonUrl', 'text': '🍿 Watch 🍿', 'url': 'https://t.me/Solo_Leveling_AnimeWars'}]}]}",252923,109,,2024-02-09T09:12:34+00:00,Anime Wars ⚔️,,,[],
anime_wars,https://t.me/anime_wars,1877,2024-01-14 03:27:17,"👇 One Piece Episode 1092👇
┏<PERSON> https://t.me/One3_Piece
🔸 https://t.me/One3_Piece
🔸 https://t.me/One3_Piece
┗<PERSON>",False,False,False,False,True,False,False,False,False,False,1325182781,,,,,,,6.23115561739811e+18,"{'_': 'ReplyInlineMarkup', 'rows': [{'_': 'KeyboardButtonRow', 'buttons': [{'_': 'KeyboardButtonUrl', 'text': '🍿 Watch 🍿', 'url': 'https://t.me/One3_Piece'}]}]}",257104,61,,2024-02-09T09:12:41+00:00,Anime Wars ⚔️,,,[],
anime_wars,https://t.me/anime_wars,1947,2024-01-26 08:12:26,"[🇬🇧] The Dangers in My Heart
[🇯🇵] <PERSON> no <PERSON> no <PERSON>
┏<PERSON> 🆎 TYPE: SERIES
┣ 🎭 GENRES: Comedy, Romance, Slice of Life
┣ 🔢 EPISODES: 12
┣ 🕓 DURATION: <DATE_TIME>/ep
┣ 💯 SCORE: 81
<PERSON> AUDIO: <NRP>
┣ ⌨️ SUBTITLES: <NRP>
┣ 📣 CHANNEL: @Anime_Wars
┣ 👀 QUALITY: 360P, 720p, 1080p
<PERSON>",False,False,False,False,True,False,False,True,False,False,1325182781,,,,,,,6.16770692882273e+18,"{'_': 'ReplyInlineMarkup', 'rows': [{'_': 'KeyboardButtonRow', 'buttons': [{'_': 'KeyboardButtonUrl', 'text': '🍿 Watch 🍿', 'url': 'https://t.me/The_dangers_2_in_my_Heart_Season'}]}, {'_': 'KeyboardButtonRow', 'buttons': [{'_': 'KeyboardButtonUrl', 'text': '🗣 Discuss 🗣', 'url': 'https://t.me/Anime_Chat_English'}]}]}",183983,176,,2024-01-26T08:12:30+00:00,Anime Wars ⚔️,,,[],
anime_wars,https://t.me/anime_wars,1949,2024-01-28 12:39:59,"High School <NRP>
┏<PERSON> 🆎 TYPE: SERIES
┣ 🎭 GENRES: Action, Comedy, Ecchi, Fantasy, Romance
┣ 🔢 EPISODES: 12
┣ 🕓 DURATION: <DATE_TIME>/ep
┣ 💯 SCORE: 68/100
<PERSON> AUDIO: <NRP>, <NRP>
┣ ⌨️ SUBTITLES: <NRP>
┣ 📣 CHANNEL: @Anime_Wars
┣ 👀 QUALITY: 720p & 1080p
<PERSON>",False,False,False,False,True,False,False,False,False,False,1325182781,,,,,,,6.174954982487473e+18,"{'_': 'ReplyInlineMarkup', 'rows': [{'_': 'KeyboardButtonRow', 'buttons': [{'_': 'KeyboardButtonUrl', 'text': '🍿 Watch 🍿', 'url': 'https://t.me/High_School_Dxd_Born_Hero'}]}, {'_': 'KeyboardButtonRow', 'buttons': [{'_': 'KeyboardButtonUrl', 'text': '📚 Synopsis 📚', 'url': 'https://t.me/High_School_Dxd_Born_Hero/102'}, {'_': 'KeyboardButtonUrl', 'text': '🗣 Discuss 🗣', 'url': 'https://t.me/Anime_Chat_English'}]}]}",172441,340,,2024-01-28T12:41:45+00:00,Anime Wars ⚔️,,,[],
anime_wars,https://t.me/anime_wars,1985,2024-02-09 09:11:11,"[🇬🇧] Kaguya-sama: Love is War
[🇯🇵] Kaguya-sama <PERSON>: Tensaitachi no <PERSON>
┏<PERSON> 🆎 TYPE: SERIES
┣ 🎭 GENRES: Comedy, Psychological, Romance, Slice of Life
┣ 🔢 EPISODES: 12
┣ 🕓 DURATION: <DATE_TIME>/ep
┣ 💯 SCORE: 85/100
<PERSON> AUDIO: <NRP>, <NRP>
┣ ⌨️ SUBTITLES: <NRP>
┣ 📣 CHANNEL: @Anime_Wars
┣ 👀 QUALITY: 720p & 1080p
<PERSON>",False,False,False,False,True,False,False,False,False,False,1325182781,,,,,,,6.208687582615814e+18,"{'_': 'ReplyInlineMarkup', 'rows': [{'_': 'KeyboardButtonRow', 'buttons': [{'_': 'KeyboardButtonUrl', 'text': '🍿 Watch 🍿', 'url': 'https://t.me/Kaguyasama_Sama_Love_War_is/157'}]}, {'_': 'KeyboardButtonRow', 'buttons': [{'_': 'KeyboardButtonUrl', 'text': '📚 Synopsis 📚', 'url': 'https://t.me/Kaguyasama_Sama_Love_War_is/104'}, {'_': 'KeyboardButtonUrl', 'text': '🗣 Discuss 🗣', 'url': 'https://t.me/Anime_Chat_English'}]}]}",138475,96,,,Anime Wars ⚔️,,,[],
anime_wars,https://t.me/anime_wars,1988,2024-02-10 07:12:29,"[🇬🇧] Lookism
[🇯🇵] Oemojisangjuui
┏<PERSON> 🆎 TYPE: SERIES
┣ 🎭 GENRES: Action, Comedy, Drama, Supernatural
┣ 🔢 EPISODES: 8
┣ 🕓 DURATION: <DATE_TIME>/ep
┣ 💯 SCORE: 75/100
<PERSON> AUDIO: <NRP>, <NRP>
┣ ⌨️ SUBTITLES: <NRP>
┣ 📣 CHANNEL: @Anime_Wars
┣ 👀 QUALITY: 720p & 1080p
<PERSON>",False,False,False,False,True,False,False,False,False,False,1325182781,,,,,,,6.210939382429497e+18,"{'_': 'ReplyInlineMarkup', 'rows': [{'_': 'KeyboardButtonRow', 'buttons': [{'_': 'KeyboardButtonUrl', 'text': '🍿 Watch 🍿', 'url': 'https://t.me/Lookism_Oemojisangjuui'}]}, {'_': 'KeyboardButtonRow', 'buttons': [{'_': 'KeyboardButtonUrl', 'text': '📚 Synopsis 📚', 'url': 'https://t.me/Lookism_Oemojisangjuui/136'}, {'_': 'KeyboardButtonUrl', 'text': '🗣 Discuss 🗣', 'url': 'https://t.me/Anime_Chat_English'}]}]}",129673,110,,,Anime Wars ⚔️,,,[],
anime_wars,https://t.me/anime_wars,1989,2024-02-14 07:34:21,"[🇬🇧] A Couple of Cuckoos
[🇯🇵] Kakkou no <PERSON>
┏<PERSON> 🆎 TYPE: SERIES
┣ 🎭 GENRES: Comedy, Romance
┣ 🔢 EPISODES: 24
┣ 🕓 DURATION: <DATE_TIME>/ep
┣ 💯 SCORE: 67/100
<PERSON> AUDIO: <NRP>, <NRP>
┣ ⌨️ SUBTITLES: <NRP>
┣ 📣 CHANNEL: @Anime_Wars
┣ 👀 QUALITY: 720p & 1080p
<PERSON>",False,False,False,False,True,False,False,False,False,False,1325182781,,,,,,,6.222249835206131e+18,"{'_': 'ReplyInlineMarkup', 'rows': [{'_': 'KeyboardButtonRow', 'buttons': [{'_': 'KeyboardButtonUrl', 'text': '🍿 Watch 🍿', 'url': 'https://t.me/A_Couple_Of_Cuckoos_s'}]}, {'_': 'KeyboardButtonRow', 'buttons': [{'_': 'KeyboardButtonUrl', 'text': '📚 Synopsis 📚', 'url': 'https://t.me/A_Couple_Of_Cuckoos_s/270'}, {'_': 'KeyboardButtonUrl', 'text': '🗣 Discuss 🗣', 'url': 'https://t.me/Anime_Chat_English'}]}]}",114096,126,,,Anime Wars ⚔️,,,[],
anime_wars,https://t.me/anime_wars,1990,2024-02-16 15:23:16,"<PERSON>
┏<PERSON> 🆎 TYPE: SERIES
┣ 🎭 GENRES: Action, Adventure
┣ 🔢 EPISODES: 12
┣ 🕓 DURATION: <DATE_TIME>/ep
┣ 💯 SCORE: 75/100
<PERSON> AUDIO: <NRP>
┣ ⌨️ SUBTITLES: <NRP>
┣ 📣 CHANNEL: @Anime_Wars
┣ ❤️ QUALITY: 480p, 720p & 1080p
<PERSON>",False,False,False,False,True,False,False,False,False,False,1325182781,,,,,,,6.226645833017834e+18,"{'_': 'ReplyInlineMarkup', 'rows': [{'_': 'KeyboardButtonRow', 'buttons': [{'_': 'KeyboardButtonUrl', 'text': '🍿 Watch 🍿', 'url': 'https://t.me/Ninja_Kamui_Anime_Episodes'}]}, {'_': 'KeyboardButtonRow', 'buttons': [{'_': 'KeyboardButtonUrl', 'text': '📚 Synopsis 📚', 'url': 'https://t.me/Ninja_Kamui_Anime_Episodes/428'}, {'_': 'KeyboardButtonUrl', 'text': '🗣 Discuss 🗣', 'url': 'https://t.me/Anime_Chat_English'}]}]}",108807,161,,,Anime Wars ⚔️,,,[],
anime_wars,https://t.me/anime_wars,1991,2024-02-19 11:22:03,"Naruto
┏<PERSON> 🆎 TYPE: SERIES
┣ 🎭 GENRES: Action, Adventure, Comedy, Drama, Fantasy, Supernatural
┣ 🔢 EPISODES: 720
┣ 🕓 DURATION: <DATE_TIME>/ep
┣ 💯 SCORE: 79/100
<PERSON> AUDIO: <NRP>
┣ ⌨️ SUBTITLES: <NRP>
┣ 📣 CHANNEL: @Anime_Wars
┣ ❤️ QUALITY: 720p
<PERSON>",False,False,False,False,True,False,False,False,False,False,1325182781,,,,,,,6.239936312962563e+18,"{'_': 'ReplyInlineMarkup', 'rows': [{'_': 'KeyboardButtonRow', 'buttons': [{'_': 'KeyboardButtonUrl', 'text': '🍿 Watch 🍿', 'url': 'https://t.me/Naruto_Shippuden_Movies_Boruto'}]}, {'_': 'KeyboardButtonRow', 'buttons': [{'_': 'KeyboardButtonUrl', 'text': '🌟 NARUTO MOVIES 🌟', 'url': 'https://t.me/Naruto_Shippuden_The_Movies'}]}]}",91383,90,,,Anime Wars ⚔️,,,[],
anime_wars,https://t.me/anime_wars,1994,2024-02-21 17:34:12,"[🇬🇧] Classroom of the Elite
[🇯🇵] <PERSON> Shijou Shugi no Kyoushitsu e
┏<PERSON> 🆎 TYPE: SERIES
┣ 🎭 GENRES: Drama, Psychological
┣ 🔢 EPISODES: 12
┣ 🕓 DURATION: <DATE_TIME>/ep
┣ 💯 SCORE: 76/100
<PERSON> AUDIO: <NRP>, <NRP>
┣ ⌨️ SUBTITLES: <NRP>
┣ 📣 CHANNEL: @Anime_Wars
┣ ❤️ QUALITY: 720p, 1080p
<PERSON>",False,False,False,False,True,False,False,False,False,False,1325182781,,,,,,,5.073778625387539e+18,"{'_': 'ReplyInlineMarkup', 'rows': [{'_': 'KeyboardButtonRow', 'buttons': [{'_': 'KeyboardButtonUrl', 'text': '🍿 Watch 🍿', 'url': 'https://t.me/Classroom_of_the_Elite_Subs_Dub'}]}, {'_': 'KeyboardButtonRow', 'buttons': [{'_': 'KeyboardButtonUrl', 'text': '📚 Synopsis 📚', 'url': 'https://t.me/Classroom_of_the_Elite_Subs_Dub/87'}, {'_': 'KeyboardButtonUrl', 'text': '🗣 Discuss 🗣', 'url': 'https://t.me/Anime_Chat_English'}]}]}",71236,32,,,Anime Wars ⚔️,,,[],
anime_wars,https://t.me/anime_wars,1995,2024-02-24 05:15:29,"<PERSON>
┏<PERSON> 🆎 TYPE: SERIES
┣ 🎭 GENRES: Action, Adventure, Fantasy
┣ 🔢 EPISODES: 148 [6 Seasons]
┣ 🕓 DURATION: <DATE_TIME>/ep
┣ 💯 SCORE: 82/100
<PERSON> AUDIO: <NRP>, <NRP>
┣ ⌨️ SUBTITLES: <NRP>
┣ 📣 CHANNEL: @Anime_Wars
┣ ❤️ QUALITY: 720p, 1080p
<PERSON>",False,False,False,False,True,False,False,False,False,False,1325182781,,,,,,,6.098222307957912e+18,"{'_': 'ReplyInlineMarkup', 'rows': [{'_': 'KeyboardButtonRow', 'buttons': [{'_': 'KeyboardButtonUrl', 'text': '🍿 Watch 🍿', 'url': 'https://t.me/Hunter_x_Hunter_English_dub_AG'}]}, {'_': 'KeyboardButtonRow', 'buttons': [{'_': 'KeyboardButtonUrl', 'text': '📚 Synopsis 📚', 'url': 'https://t.me/Hunter_x_Hunter_English_dub_AG/33'}, {'_': 'KeyboardButtonUrl', 'text': '🗣 Discuss 🗣', 'url': 'https://t.me/Anime_Chat_English'}]}]}",27108,46,,,Anime Wars ⚔️,,,[],
