Channel ID,URL,Post ID,date,message,out,mentioned,media_unread,silent,post,from_scheduled,legacy,edit_hide,pinned,noforwards,peer_channel,from_id_user,fwd_from,via_bot_id,reply_to_msg_id,reply_to_scheduled,forum_topic,media_photo_id,reply_markup,views,forwards,replies,edit_date,post_author,grouped_id,reactions,restriction_reason,ttl_period
pinay_vivamax_movies_series,https://t.me/pinay_vivamax_movies_series,63,2024-02-01 07:05:43,"<PERSON> At Pelikula (<DATE_TIME>) <PERSON> (With Esub)

 Uploaded By ✅ @VivaMaX",False,False,False,False,True,False,False,True,False,False,1965508800,,"{'_': 'MessageFwdHeader', 'date': '2024-02-01T07:05:06+00:00', 'imported': False, 'saved_out': False, 'from_id': {'_': 'PeerChannel', 'channel_id': 1755263615}, 'from_name': None, 'channel_post': 503, 'post_author': None, 'saved_from_peer': None, 'saved_from_msg_id': None, 'saved_from_id': None, 'saved_from_name': None, 'saved_date': None, 'psa_type': None}",,,,,,,620056,1714,"{'_': 'MessageReplies', 'replies': 0, 'replies_pts': 0, 'comments': True, 'recent_repliers': [], 'channel_id': 777, 'max_id': None, 'read_max_id': None}",2024-02-16T18:25:27+00:00,,,"{'_': 'MessageReactions', 'results': [{'_': 'ReactionCount', 'reaction': {'_': 'ReactionEmoji', 'emoticon': '👍'}, 'count': 319, 'chosen_order': None}, {'_': 'ReactionCount', 'reaction': {'_': 'ReactionEmoji', 'emoticon': '❤'}, 'count': 286, 'chosen_order': None}, {'_': 'ReactionCount', 'reaction': {'_': 'ReactionEmoji', 'emoticon': '🔥'}, 'count': 32, 'chosen_order': None}, {'_': 'ReactionCount', 'reaction': {'_': 'ReactionEmoji', 'emoticon': '🥰'}, 'count': 31, 'chosen_order': None}, {'_': 'ReactionCount', 'reaction': {'_': 'ReactionEmoji', 'emoticon': '👏'}, 'count': 26, 'chosen_order': None}, {'_': 'ReactionCount', 'reaction': {'_': 'ReactionEmoji', 'emoticon': '😎'}, 'count': 12, 'chosen_order': None}, {'_': 'ReactionCount', 'reaction': {'_': 'ReactionEmoji', 'emoticon': '👌'}, 'count': 11, 'chosen_order': None}, {'_': 'ReactionCount', 'reaction': {'_': 'ReactionEmoji', 'emoticon': '🦄'}, 'count': 11, 'chosen_order': None}, {'_': 'ReactionCount', 'reaction': {'_': 'ReactionEmoji', 'emoticon': '🤷\u200d♀'}, 'count': 7, 'chosen_order': None}, {'_': 'ReactionCount', 'reaction': {'_': 'ReactionEmoji', 'emoticon': '😡'}, 'count': 1, 'chosen_order': None}], 'min': False, 'can_see_list': False, 'reactions_as_tags': False, 'recent_reactions': []}",[],8035200
pinay_vivamax_movies_series,https://t.me/pinay_vivamax_movies_series,76,2024-02-17 19:31:34,"<PERSON> (<DATE_TIME>) Full HD Movie Free Download 💯

📀 Quality: 480p, 720p, 1080p 
🎭 Genre: 🎭 #Drama 🌹 #Romance
<PERSON> First Sign-up On Terabox Then Watch Full Movies & Web Series..🔥

• 480p 👉  https://teraboxapp.com/s/1rdGfqT1YNOOWJEBhLePqfA

• 720p 👉  https://teraboxapp.com/s/1rdGfqT1YNOOWJEBhLePqfA

• 1080p 👉  https://teraboxapp.com/s/1rdGfqT1YNOOWJEBhLePqfA

📨  @VivaMaX
<PERSON> TO PLAY TERABOX MOVIE👇
@HOW_TO_DOWNLOAD_MOVIES_HD",False,False,False,False,True,False,False,True,False,False,1965508800,,"{'_': 'MessageFwdHeader', 'date': '2024-02-16T19:59:39+00:00', 'imported': False, 'saved_out': False, 'from_id': {'_': 'PeerChannel', 'channel_id': 1920336098}, 'from_name': None, 'channel_post': 135, 'post_author': None, 'saved_from_peer': None, 'saved_from_msg_id': None, 'saved_from_id': None, 'saved_from_name': None, 'saved_date': None, 'psa_type': None}",,,,,6.233192600127519e+18,,254148,192,"{'_': 'MessageReplies', 'replies': 318, 'replies_pts': 26583, 'comments': True, 'recent_repliers': [{'_': 'PeerUser', 'user_id': 5878415659}, {'_': 'PeerUser', 'user_id': 6645310756}, {'_': 'PeerUser', 'user_id': 6302821033}], 'channel_id': 2068247958, 'max_id': 12950, 'read_max_id': None}",2024-02-17T19:39:09+00:00,,,"{'_': 'MessageReactions', 'results': [{'_': 'ReactionCount', 'reaction': {'_': 'ReactionEmoji', 'emoticon': '👍'}, 'count': 673, 'chosen_order': None}, {'_': 'ReactionCount', 'reaction': {'_': 'ReactionEmoji', 'emoticon': '❤'}, 'count': 239, 'chosen_order': None}, {'_': 'ReactionCount', 'reaction': {'_': 'ReactionEmoji', 'emoticon': '🔥'}, 'count': 40, 'chosen_order': None}, {'_': 'ReactionCount', 'reaction': {'_': 'ReactionEmoji', 'emoticon': '🤷\u200d♀'}, 'count': 38, 'chosen_order': None}, {'_': 'ReactionCount', 'reaction': {'_': 'ReactionEmoji', 'emoticon': '😡'}, 'count': 35, 'chosen_order': None}, {'_': 'ReactionCount', 'reaction': {'_': 'ReactionEmoji', 'emoticon': '🥰'}, 'count': 20, 'chosen_order': None}, {'_': 'ReactionCount', 'reaction': {'_': 'ReactionEmoji', 'emoticon': '👏'}, 'count': 19, 'chosen_order': None}, {'_': 'ReactionCount', 'reaction': {'_': 'ReactionEmoji', 'emoticon': '🙊'}, 'count': 18, 'chosen_order': None}], 'min': False, 'can_see_list': False, 'reactions_as_tags': False, 'recent_reactions': []}",[],8035200
pinay_vivamax_movies_series,https://t.me/pinay_vivamax_movies_series,80,2024-02-29 01:54:18,"📽 Title : <NRP>
<DATE_TIME> : 2024
🔊 Language : #<NRP>
💿 Quality : HDRip

Uploaded By ✅ @PinoyHubTv",False,False,False,False,True,False,False,True,False,False,1965508800,,"{'_': 'MessageFwdHeader', 'date': '2024-02-29T01:53:52+00:00', 'imported': False, 'saved_out': False, 'from_id': {'_': 'PeerChannel', 'channel_id': 1755263615}, 'from_name': None, 'channel_post': 506, 'post_author': None, 'saved_from_peer': None, 'saved_from_msg_id': None, 'saved_from_id': None, 'saved_from_name': None, 'saved_date': None, 'psa_type': None}",,,,,6.233192600127519e+18,,93695,43,"{'_': 'MessageReplies', 'replies': 0, 'replies_pts': 27597, 'comments': True, 'recent_repliers': [], 'channel_id': 2068247958, 'max_id': None, 'read_max_id': None}",2024-02-29T01:55:03+00:00,,,"{'_': 'MessageReactions', 'results': [{'_': 'ReactionCount', 'reaction': {'_': 'ReactionEmoji', 'emoticon': '👍'}, 'count': 46, 'chosen_order': None}, {'_': 'ReactionCount', 'reaction': {'_': 'ReactionEmoji', 'emoticon': '❤'}, 'count': 31, 'chosen_order': None}], 'min': False, 'can_see_list': False, 'reactions_as_tags': False, 'recent_reactions': []}",[],8035200
pinay_vivamax_movies_series,https://t.me/pinay_vivamax_movies_series,81,2024-02-29 01:54:30,"Salawahan (<DATE_TIME>) <PERSON> (With Esub)

 Uploaded By 🌐 @VivaMaX",False,False,False,False,True,False,False,True,False,False,1965508800,,"{'_': 'MessageFwdHeader', 'date': '2024-02-29T01:53:52+00:00', 'imported': False, 'saved_out': False, 'from_id': {'_': 'PeerChannel', 'channel_id': 1755263615}, 'from_name': None, 'channel_post': 507, 'post_author': None, 'saved_from_peer': None, 'saved_from_msg_id': None, 'saved_from_id': None, 'saved_from_name': None, 'saved_date': None, 'psa_type': None}",,,,,,,91487,516,"{'_': 'MessageReplies', 'replies': 2, 'replies_pts': 27597, 'comments': True, 'recent_repliers': [{'_': 'PeerUser', 'user_id': 6984614949}, {'_': 'PeerUser', 'user_id': 940597619}], 'channel_id': 2068247958, 'max_id': 13626, 'read_max_id': None}",2024-02-29T01:56:04+00:00,,,"{'_': 'MessageReactions', 'results': [{'_': 'ReactionCount', 'reaction': {'_': 'ReactionEmoji', 'emoticon': '👍'}, 'count': 86, 'chosen_order': None}, {'_': 'ReactionCount', 'reaction': {'_': 'ReactionEmoji', 'emoticon': '❤'}, 'count': 37, 'chosen_order': None}, {'_': 'ReactionCount', 'reaction': {'_': 'ReactionEmoji', 'emoticon': '🔥'}, 'count': 5, 'chosen_order': None}, {'_': 'ReactionCount', 'reaction': {'_': 'ReactionEmoji', 'emoticon': '🥰'}, 'count': 2, 'chosen_order': None}], 'min': False, 'can_see_list': False, 'reactions_as_tags': False, 'recent_reactions': []}",[],8035200
pinay_vivamax_movies_series,https://t.me/pinay_vivamax_movies_series,82,2024-02-29 01:54:35,"📽 Title : Takas
<DATE_TIME> : 2024
🔊 Language : #<NRP>
💿 Quality : HDRip

Uploaded By ✅ @PinoyHubTv",False,False,False,False,True,False,False,True,False,False,1965508800,,"{'_': 'MessageFwdHeader', 'date': '2024-02-29T01:53:52+00:00', 'imported': False, 'saved_out': False, 'from_id': {'_': 'PeerChannel', 'channel_id': 1755263615}, 'from_name': None, 'channel_post': 508, 'post_author': None, 'saved_from_peer': None, 'saved_from_msg_id': None, 'saved_from_id': None, 'saved_from_name': None, 'saved_date': None, 'psa_type': None}",,,,,6.233192600127519e+18,,90066,48,"{'_': 'MessageReplies', 'replies': 0, 'replies_pts': 27597, 'comments': True, 'recent_repliers': [], 'channel_id': 2068247958, 'max_id': None, 'read_max_id': None}",2024-02-29T02:15:48+00:00,,,"{'_': 'MessageReactions', 'results': [{'_': 'ReactionCount', 'reaction': {'_': 'ReactionEmoji', 'emoticon': '👍'}, 'count': 40, 'chosen_order': None}, {'_': 'ReactionCount', 'reaction': {'_': 'ReactionEmoji', 'emoticon': '❤'}, 'count': 19, 'chosen_order': None}], 'min': False, 'can_see_list': False, 'reactions_as_tags': False, 'recent_reactions': []}",[],8035200
pinay_vivamax_movies_series,https://t.me/pinay_vivamax_movies_series,83,2024-02-29 01:54:40,"Takas (<DATE_TIME>) <PERSON> (With Esub)

 Uploaded By 💯 @VivaMaX",False,False,False,False,True,False,False,True,False,False,1965508800,,"{'_': 'MessageFwdHeader', 'date': '2024-02-29T01:53:52+00:00', 'imported': False, 'saved_out': False, 'from_id': {'_': 'PeerChannel', 'channel_id': 1755263615}, 'from_name': None, 'channel_post': 509, 'post_author': None, 'saved_from_peer': None, 'saved_from_msg_id': None, 'saved_from_id': None, 'saved_from_name': None, 'saved_date': None, 'psa_type': None}",,,,,,,88693,507,"{'_': 'MessageReplies', 'replies': 3, 'replies_pts': 27597, 'comments': True, 'recent_repliers': [{'_': 'PeerUser', 'user_id': 6984614949}, {'_': 'PeerUser', 'user_id': 6933343115}, {'_': 'PeerUser', 'user_id': 6607433740}], 'channel_id': 2068247958, 'max_id': 13494, 'read_max_id': None}",2024-02-29T01:55:35+00:00,,,"{'_': 'MessageReactions', 'results': [{'_': 'ReactionCount', 'reaction': {'_': 'ReactionEmoji', 'emoticon': '❤'}, 'count': 64, 'chosen_order': None}, {'_': 'ReactionCount', 'reaction': {'_': 'ReactionEmoji', 'emoticon': '👍'}, 'count': 35, 'chosen_order': None}, {'_': 'ReactionCount', 'reaction': {'_': 'ReactionEmoji', 'emoticon': '🔥'}, 'count': 8, 'chosen_order': None}, {'_': 'ReactionCount', 'reaction': {'_': 'ReactionEmoji', 'emoticon': '🤷\u200d♀'}, 'count': 6, 'chosen_order': None}], 'min': False, 'can_see_list': False, 'reactions_as_tags': False, 'recent_reactions': []}",[],8035200
pinay_vivamax_movies_series,https://t.me/pinay_vivamax_movies_series,84,2024-02-29 01:54:43,"📽 Title : <NRP>
<DATE_TIME> : 2024
🔊 Language : #<NRP>
💿 Quality : HDRip

Uploaded By ✅ @PinoyHubTv",False,False,False,False,True,False,False,True,False,False,1965508800,,"{'_': 'MessageFwdHeader', 'date': '2024-02-29T01:53:52+00:00', 'imported': False, 'saved_out': False, 'from_id': {'_': 'PeerChannel', 'channel_id': 1755263615}, 'from_name': None, 'channel_post': 510, 'post_author': None, 'saved_from_peer': None, 'saved_from_msg_id': None, 'saved_from_id': None, 'saved_from_name': None, 'saved_date': None, 'psa_type': None}",,,,,6.233192600127519e+18,,95596,50,"{'_': 'MessageReplies', 'replies': 2, 'replies_pts': 27597, 'comments': True, 'recent_repliers': [{'_': 'PeerUser', 'user_id': 6287558215}, {'_': 'PeerUser', 'user_id': 5541209463}], 'channel_id': 2068247958, 'max_id': 13487, 'read_max_id': None}",2024-02-29T02:51:29+00:00,,,"{'_': 'MessageReactions', 'results': [{'_': 'ReactionCount', 'reaction': {'_': 'ReactionEmoji', 'emoticon': '👍'}, 'count': 71, 'chosen_order': None}, {'_': 'ReactionCount', 'reaction': {'_': 'ReactionEmoji', 'emoticon': '❤'}, 'count': 20, 'chosen_order': None}, {'_': 'ReactionCount', 'reaction': {'_': 'ReactionEmoji', 'emoticon': '👏'}, 'count': 3, 'chosen_order': None}], 'min': False, 'can_see_list': False, 'reactions_as_tags': False, 'recent_reactions': []}",[],8035200
pinay_vivamax_movies_series,https://t.me/pinay_vivamax_movies_series,85,2024-02-29 01:54:47,"Katas (<DATE_TIME>) <PERSON> (With Esub)

 Uploaded By 💯 @VivaMaX",False,False,False,False,True,False,False,True,False,False,1965508800,,"{'_': 'MessageFwdHeader', 'date': '2024-02-29T01:53:52+00:00', 'imported': False, 'saved_out': False, 'from_id': {'_': 'PeerChannel', 'channel_id': 1755263615}, 'from_name': None, 'channel_post': 511, 'post_author': None, 'saved_from_peer': None, 'saved_from_msg_id': None, 'saved_from_id': None, 'saved_from_name': None, 'saved_date': None, 'psa_type': None}",,,,,,,95901,611,"{'_': 'MessageReplies', 'replies': 2, 'replies_pts': 27597, 'comments': True, 'recent_repliers': [{'_': 'PeerUser', 'user_id': 5541209463}, {'_': 'PeerUser', 'user_id': 6534841055}], 'channel_id': 2068247958, 'max_id': 13457, 'read_max_id': None}",2024-02-29T01:55:39+00:00,,,"{'_': 'MessageReactions', 'results': [{'_': 'ReactionCount', 'reaction': {'_': 'ReactionEmoji', 'emoticon': '❤'}, 'count': 90, 'chosen_order': None}, {'_': 'ReactionCount', 'reaction': {'_': 'ReactionEmoji', 'emoticon': '👍'}, 'count': 78, 'chosen_order': None}, {'_': 'ReactionCount', 'reaction': {'_': 'ReactionEmoji', 'emoticon': '🔥'}, 'count': 5, 'chosen_order': None}, {'_': 'ReactionCount', 'reaction': {'_': 'ReactionEmoji', 'emoticon': '🥰'}, 'count': 4, 'chosen_order': None}], 'min': False, 'can_see_list': False, 'reactions_as_tags': False, 'recent_reactions': []}",[],8035200
pinay_vivamax_movies_series,https://t.me/pinay_vivamax_movies_series,88,2024-02-29 02:00:29,"📽 Title : Salitan
🗓 Year : 2024
🔊 Language : #<NRP>
💿 Quality : HDRip

Uploaded By ✅ @pinayfilms",False,False,False,False,True,False,False,True,False,False,1965508800,,"{'_': 'MessageFwdHeader', 'date': '2024-02-29T01:53:52+00:00', 'imported': False, 'saved_out': False, 'from_id': {'_': 'PeerChannel', 'channel_id': 1755263615}, 'from_name': None, 'channel_post': 512, 'post_author': None, 'saved_from_peer': None, 'saved_from_msg_id': None, 'saved_from_id': None, 'saved_from_name': None, 'saved_date': None, 'psa_type': None}",,,,,6.233192600127519e+18,,100263,58,"{'_': 'MessageReplies', 'replies': 3, 'replies_pts': 27597, 'comments': True, 'recent_repliers': [{'_': 'PeerUser', 'user_id': 5892588193}, {'_': 'PeerUser', 'user_id': 6638882831}], 'channel_id': 2068247958, 'max_id': 13470, 'read_max_id': None}",2024-02-29T02:43:06+00:00,,,"{'_': 'MessageReactions', 'results': [{'_': 'ReactionCount', 'reaction': {'_': 'ReactionEmoji', 'emoticon': '👍'}, 'count': 92, 'chosen_order': None}, {'_': 'ReactionCount', 'reaction': {'_': 'ReactionEmoji', 'emoticon': '❤'}, 'count': 40, 'chosen_order': None}, {'_': 'ReactionCount', 'reaction': {'_': 'ReactionEmoji', 'emoticon': '🥰'}, 'count': 6, 'chosen_order': None}, {'_': 'ReactionCount', 'reaction': {'_': 'ReactionEmoji', 'emoticon': '👏'}, 'count': 4, 'chosen_order': None}, {'_': 'ReactionCount', 'reaction': {'_': 'ReactionEmoji', 'emoticon': '🔥'}, 'count': 1, 'chosen_order': None}], 'min': False, 'can_see_list': False, 'reactions_as_tags': False, 'recent_reactions': []}",[],8035200
pinay_vivamax_movies_series,https://t.me/pinay_vivamax_movies_series,89,2024-02-29 02:00:35,"Salitan (<DATE_TIME>) <PERSON> (With Esub)

 Uploaded By ✨ @VivaMaX",False,False,False,False,True,False,False,True,False,False,1965508800,,"{'_': 'MessageFwdHeader', 'date': '2024-02-29T01:53:53+00:00', 'imported': False, 'saved_out': False, 'from_id': {'_': 'PeerChannel', 'channel_id': 1755263615}, 'from_name': None, 'channel_post': 513, 'post_author': None, 'saved_from_peer': None, 'saved_from_msg_id': None, 'saved_from_id': None, 'saved_from_name': None, 'saved_date': None, 'psa_type': None}",,,,,,,100258,732,"{'_': 'MessageReplies', 'replies': 73, 'replies_pts': 27597, 'comments': True, 'recent_repliers': [{'_': 'PeerUser', 'user_id': 6689936096}, {'_': 'PeerUser', 'user_id': 940597619}, {'_': 'PeerUser', 'user_id': 6485162290}], 'channel_id': 2068247958, 'max_id': 13646, 'read_max_id': None}",2024-02-29T02:00:38+00:00,,,"{'_': 'MessageReactions', 'results': [{'_': 'ReactionCount', 'reaction': {'_': 'ReactionEmoji', 'emoticon': '👍'}, 'count': 237, 'chosen_order': None}, {'_': 'ReactionCount', 'reaction': {'_': 'ReactionEmoji', 'emoticon': '❤'}, 'count': 117, 'chosen_order': None}, {'_': 'ReactionCount', 'reaction': {'_': 'ReactionEmoji', 'emoticon': '🔥'}, 'count': 30, 'chosen_order': None}, {'_': 'ReactionCount', 'reaction': {'_': 'ReactionEmoji', 'emoticon': '🤷\u200d♀'}, 'count': 28, 'chosen_order': None}, {'_': 'ReactionCount', 'reaction': {'_': 'ReactionEmoji', 'emoticon': '😡'}, 'count': 16, 'chosen_order': None}, {'_': 'ReactionCount', 'reaction': {'_': 'ReactionEmoji', 'emoticon': '🥰'}, 'count': 3, 'chosen_order': None}], 'min': False, 'can_see_list': False, 'reactions_as_tags': False, 'recent_reactions': []}",[],8035200
pinay_vivamax_movies_series,https://t.me/pinay_vivamax_movies_series,90,2024-03-01 10:56:51,"🎥 <PERSON> (<DATE_TIME>) Full HD Movie Free Download 💯

📀 Quality: 480p, 720p, 1080p 
🎭 Genre: 🎭 #Drama 🌹 #Romance
<PERSON> First Sign-up On Terabox Then Watch Full Movies & Web Series..🔥

• 480p 👉  https://teraboxapp.com/s/1UWquNsk_46UjUz5Ri7hh1w

• 720p 👉  https://teraboxapp.com/s/1ETI7Zc8G1gcu4symeLl-Hw

• 1080p 👉  https://teraboxapp.com/s/1U0tc4UvASnJt-4j1sSyrRw

📨  @VivaMaX
<PERSON> TO PLAY TERABOX MOVIE👇
@HOW_TO_DOWNLOAD_MOVIES_HD",False,False,False,False,True,False,False,True,False,False,1965508800,,"{'_': 'MessageFwdHeader', 'date': '2024-03-01T10:28:40+00:00', 'imported': False, 'saved_out': False, 'from_id': {'_': 'PeerChannel', 'channel_id': 1920336098}, 'from_name': None, 'channel_post': 136, 'post_author': None, 'saved_from_peer': None, 'saved_from_msg_id': None, 'saved_from_id': None, 'saved_from_name': None, 'saved_date': None, 'psa_type': None}",,,,,6.271813126441777e+18,,50659,52,"{'_': 'MessageReplies', 'replies': 34, 'replies_pts': 27597, 'comments': True, 'recent_repliers': [{'_': 'PeerUser', 'user_id': 6187008509}, {'_': 'PeerUser', 'user_id': 6464895995}, {'_': 'PeerUser', 'user_id': 6922912940}], 'channel_id': 2068247958, 'max_id': 13645, 'read_max_id': None}",2024-03-01T10:58:07+00:00,,,"{'_': 'MessageReactions', 'results': [{'_': 'ReactionCount', 'reaction': {'_': 'ReactionEmoji', 'emoticon': '👍'}, 'count': 161, 'chosen_order': None}, {'_': 'ReactionCount', 'reaction': {'_': 'ReactionEmoji', 'emoticon': '❤'}, 'count': 58, 'chosen_order': None}, {'_': 'ReactionCount', 'reaction': {'_': 'ReactionEmoji', 'emoticon': '🔥'}, 'count': 9, 'chosen_order': None}, {'_': 'ReactionCount', 'reaction': {'_': 'ReactionEmoji', 'emoticon': '😡'}, 'count': 9, 'chosen_order': None}, {'_': 'ReactionCount', 'reaction': {'_': 'ReactionEmoji', 'emoticon': '🤷\u200d♀'}, 'count': 1, 'chosen_order': None}], 'min': False, 'can_see_list': False, 'reactions_as_tags': False, 'recent_reactions': []}",[],8035200
