Channel ID,URL,Post ID,date,message,out,mentioned,media_unread,silent,post,from_scheduled,legacy,edit_hide,pinned,noforwards,peer_channel,from_id_user,fwd_from,via_bot_id,reply_to_msg_id,reply_to_scheduled,forum_topic,media_photo_id,reply_markup,views,forwards,replies,edit_date,post_author,grouped_id,reactions,restriction_reason,ttl_period
qtmovie,https://t.me/qtmovie,786,2024-02-08 12:47:00,"Jaπh!t Me!π Ja@π! <DATE_TIME> and 720p Download link here 👇👇👇👇

  <PERSON> 𝙡𝙞𝙣𝙠 🔗 https://Seturl.in/jizn0R


𝙽𝚎𝚠 𝙼𝚘𝚟𝚒𝚎𝚜 𝙲𝚑𝚊𝚗𝚗𝚎𝚕👇
https://t.me/+Gmk32Ps6WfgzOWU1


𝙃𝙤𝙬 𝙩𝙤 <NRP> 👉
https://t.me/new_movie_by_qtmovie/55",False,False,False,True,True,False,False,True,False,False,1941720928,,,,,,,6.064523779805134e+18,,5246,4,,2024-02-08T12:51:49+00:00,,,"{'_': 'MessageReactions', 'results': [{'_': 'ReactionCount', 'reaction': {'_': 'ReactionEmoji', 'emoticon': '👍'}, 'count': 2, 'chosen_order': None}], 'min': False, 'can_see_list': False, 'reactions_as_tags': False, 'recent_reactions': []}",[],
qtmovie,https://t.me/qtmovie,809,2024-02-08 12:47:08,"𝕃𝕦𝕕𝕠 𝟚𝟘𝟚𝟘


<PERSON> ᴍᴏᴠɪᴇ ᴄʜᴀɴɴᴇʟ 👉 https://t.me/+Gmk32Ps6WfgzOWU1

𝙃𝙤𝙬 𝙩𝙤 𝘿𝙤𝙬𝙣𝙡𝙖𝙤𝙙 𝙢𝙤𝙫𝙞𝙚👇👇
https://t.me/new_movie_by_qtmovie/55",False,False,False,True,True,False,False,True,False,False,1941720928,,,,,,,6.163621427081755e+18,,8649,13,,2024-02-09T06:20:56+00:00,,,"{'_': 'MessageReactions', 'results': [{'_': 'ReactionCount', 'reaction': {'_': 'ReactionEmoji', 'emoticon': '👍'}, 'count': 3, 'chosen_order': None}, {'_': 'ReactionCount', 'reaction': {'_': 'ReactionEmoji', 'emoticon': '❤'}, 'count': 1, 'chosen_order': None}], 'min': False, 'can_see_list': False, 'reactions_as_tags': False, 'recent_reactions': []}",[],
qtmovie,https://t.me/qtmovie,812,2024-02-08 12:47:48,"<PERSON> M¥ W!πdøw (<DATE_TIME>) Part 1 Hindi dubbed

480p = https://Seturl.in/aGrJF6Da

720p = https://Seturl.in/aGrJF6Da

1080p = https://Seturl.in/aGrJF6Da

SECOND PART 2👇👇👇👇

Thπøu@h M¥ W!πdøw(2023) Part 2 Hindi dubbed

480p = https://Seturl.in/tAcuXV

720p = https://Seturl.in/tAcuXV

1080p = https://Seturl.in/tAcuXV


<PERSON> wo ye video <PERSON> same tarike se download <PERSON>
https://t.me/new_movie_by_qtmovie/55",False,False,False,True,True,False,False,True,False,False,1941720928,,,,,,,6.231211043951066e+18,,10511,23,,2024-02-09T11:48:34+00:00,,,"{'_': 'MessageReactions', 'results': [{'_': 'ReactionCount', 'reaction': {'_': 'ReactionEmoji', 'emoticon': '👍'}, 'count': 5, 'chosen_order': None}, {'_': 'ReactionCount', 'reaction': {'_': 'ReactionEmoji', 'emoticon': '❤'}, 'count': 1, 'chosen_order': None}], 'min': False, 'can_see_list': False, 'reactions_as_tags': False, 'recent_reactions': []}",[],
qtmovie,https://t.me/qtmovie,832,2024-02-12 05:39:42,"𝕄𝕐 𝔽𝕒𝕦𝕝𝕥 (𝟚𝟘𝟚𝟛) ℍ𝕚𝕟𝕕𝕚 𝔻𝕦𝕓𝕓𝕖𝕕

480p = https://Seturl.in/6D7GhK6n 

720p = https://Seturl.in/6D7GhK6n 

1080p = https://Seturl.in/6D7GhK6n 
 _ _ _ _ _ _ _ _ _ _ _ _ _ _ _ _ _ _ _ _ _ _ _ _ _ _ _ 

𝙃𝙤𝙬 𝙩𝙤 𝘿𝙤𝙬𝙣𝙡𝙖𝙤𝙙 𝙢𝙤𝙫𝙞𝙚👇👇
https://t.me/new_movie_by_qtmovie/55

New Movies Download Link 👉 https://t.me/+Gmk32Ps6WfgzOWU1",False,False,False,True,True,False,False,False,False,False,1941720928,,,,,,,6.08683366100669e+18,,31314,52,"{'_': 'MessageReplies', 'replies': 0, 'replies_pts': 184896, 'comments': True, 'recent_repliers': [], 'channel_id': 1658802982, 'max_id': None, 'read_max_id': None}",2024-02-12T05:56:25+00:00,,,"{'_': 'MessageReactions', 'results': [{'_': 'ReactionCount', 'reaction': {'_': 'ReactionEmoji', 'emoticon': '👍'}, 'count': 21, 'chosen_order': None}, {'_': 'ReactionCount', 'reaction': {'_': 'ReactionEmoji', 'emoticon': '❤'}, 'count': 4, 'chosen_order': None}, {'_': 'ReactionCount', 'reaction': {'_': 'ReactionEmoji', 'emoticon': '🔥'}, 'count': 2, 'chosen_order': None}], 'min': False, 'can_see_list': False, 'reactions_as_tags': False, 'recent_reactions': []}",[],
qtmovie,https://t.me/qtmovie,836,2024-02-14 09:38:46,"La#d of the Lø$t <DATE_TIME> Movie Hindi Dubbed Download link here 👇👇

  • 480p 👇
     https://Seturl.in/EC9WZo

  • 720p 👇
    https://Seturl.in/EC9WZo
_ _  _ _ _ _ _ _ _ _ _ _ _ _ _ _ _ _ _ _ _ _ _ _ _ _ _ _ _ 

𝙃𝙤𝙬 𝙩𝙤 𝘿𝙤𝙬𝙣𝙡𝙖𝙤𝙙 𝙢𝙤𝙫𝙞𝙚👇👇
https://t.me/new_movie_by_qtmovie/55

<PERSON> 𝗠𝗲 𝗶𝘀𝘀 𝗥𝗲𝗲𝗹 𝗠𝗮𝗶 𝗕𝘁𝗮𝘆𝗮 𝗴𝘆𝗮 𝗵𝗮𝗶 <PERSON>",False,False,False,True,True,False,False,True,False,False,1941720928,,,,,,,6.203862783859211e+18,,31522,17,"{'_': 'MessageReplies', 'replies': 0, 'replies_pts': 184896, 'comments': True, 'recent_repliers': [], 'channel_id': 1658802982, 'max_id': None, 'read_max_id': None}",2024-02-14T09:45:40+00:00,,,"{'_': 'MessageReactions', 'results': [{'_': 'ReactionCount', 'reaction': {'_': 'ReactionEmoji', 'emoticon': '👍'}, 'count': 26, 'chosen_order': None}], 'min': False, 'can_see_list': False, 'reactions_as_tags': False, 'recent_reactions': []}",[],
qtmovie,https://t.me/qtmovie,840,2024-02-15 14:36:53,,False,False,False,True,True,False,False,True,False,False,1941720928,,,,,,,,,24840,2,,2024-02-16T06:28:56+00:00,,,"{'_': 'MessageReactions', 'results': [], 'min': False, 'can_see_list': False, 'reactions_as_tags': False, 'recent_reactions': []}",[],
qtmovie,https://t.me/qtmovie,841,2024-02-15 14:37:06,"Guys Paise 🤑 <PERSON> to jaldii join karlo 😍👇🏻

<PERSON>Mera hi <PERSON> Jaldii Request Daaldo Mai Sabki Accept Karlunga😋",False,False,False,True,True,False,False,False,False,False,1941720928,,,,,,,,,24556,3,"{'_': 'MessageReplies', 'replies': 0, 'replies_pts': 184896, 'comments': True, 'recent_repliers': [], 'channel_id': 1658802982, 'max_id': None, 'read_max_id': None}",2024-02-15T18:11:34+00:00,,,"{'_': 'MessageReactions', 'results': [{'_': 'ReactionCount', 'reaction': {'_': 'ReactionEmoji', 'emoticon': '👍'}, 'count': 8, 'chosen_order': None}, {'_': 'ReactionCount', 'reaction': {'_': 'ReactionEmoji', 'emoticon': '👎'}, 'count': 1, 'chosen_order': None}], 'min': False, 'can_see_list': False, 'reactions_as_tags': False, 'recent_reactions': []}",[],
qtmovie,https://t.me/qtmovie,843,2024-02-16 12:46:20,"<PERSON>


<PERSON> 🔗 https://Seturl.in/0gS17f


_ _  _ _ _ _ _ _ _ _ _ _ _ _ _ _ _ _ _ _ _ _ _ _ _ _ _ _ _ 

𝙃𝙤𝙬 𝙩𝙤 𝘿𝙤𝙬𝙣𝙡𝙖𝙤𝙙 𝙢𝙤𝙫𝙞𝙚👇👇
https://t.me/new_movie_by_qtmovie/55

<PERSON> 𝗠𝗲 𝗶𝘀𝘀 𝗥𝗲𝗲𝗹 𝗠𝗮𝗶 𝗕𝘁𝗮𝘆𝗮 𝗴𝘆𝗮 𝗵𝗮𝗶 <NRP>
https://www.instagram.com/reel/C3aJrivy6ie/?igsh=MXZ6eWF2Z2toMHJqcA==",False,False,False,True,True,False,False,True,False,False,1941720928,,,,,,,6.231052362089348e+18,,24087,17,"{'_': 'MessageReplies', 'replies': 3, 'replies_pts': 184896, 'comments': True, 'recent_repliers': [{'_': 'PeerUser', 'user_id': 6868198142}, {'_': 'PeerUser', 'user_id': 6910864311}, {'_': 'PeerUser', 'user_id': 5116297707}], 'channel_id': 1658802982, 'max_id': 83400, 'read_max_id': None}",2024-02-16T13:20:44+00:00,,,"{'_': 'MessageReactions', 'results': [{'_': 'ReactionCount', 'reaction': {'_': 'ReactionEmoji', 'emoticon': '👍'}, 'count': 18, 'chosen_order': None}, {'_': 'ReactionCount', 'reaction': {'_': 'ReactionEmoji', 'emoticon': '❤'}, 'count': 1, 'chosen_order': None}], 'min': False, 'can_see_list': False, 'reactions_as_tags': False, 'recent_reactions': []}",[],
qtmovie,https://t.me/qtmovie,850,2024-02-17 04:15:05,"𝕁𝕒𝕚𝕝𝕓𝕒𝕚𝕥 𝟚𝟘𝟙𝟜 ℍ𝕚𝕟𝕕𝕚 𝕕𝕦𝕓𝕓𝕖𝕕

<PERSON> _  _ _ _ _ _ _ _ _ _ _ _ _ _ _ _ _ _ _ _ _ _ _ _ _ _ _ _ 

𝙃𝙤𝙬 𝙩𝙤 𝘿𝙤𝙬𝙣𝙡𝙖𝙤𝙙 𝙢𝙤𝙫𝙞𝙚👇👇
https://t.me/new_movie_by_qtmovie/55

<PERSON> 𝗠𝗲 𝗶𝘀𝘀 𝗥𝗲𝗲𝗹 𝗠𝗮𝗶 𝗕𝘁𝗮𝘆𝗮 𝗴𝘆𝗮 𝗵𝗮𝗶 <NRP>",False,False,False,True,True,False,False,False,False,False,1941720928,,,,,,,6.233303908499962e+18,,23701,23,"{'_': 'MessageReplies', 'replies': 0, 'replies_pts': 184896, 'comments': True, 'recent_repliers': [], 'channel_id': 1658802982, 'max_id': None, 'read_max_id': None}",2024-02-17T04:26:32+00:00,,,"{'_': 'MessageReactions', 'results': [{'_': 'ReactionCount', 'reaction': {'_': 'ReactionEmoji', 'emoticon': '👍'}, 'count': 12, 'chosen_order': None}, {'_': 'ReactionCount', 'reaction': {'_': 'ReactionEmoji', 'emoticon': '👎'}, 'count': 2, 'chosen_order': None}, {'_': 'ReactionCount', 'reaction': {'_': 'ReactionEmoji', 'emoticon': '❤'}, 'count': 2, 'chosen_order': None}], 'min': False, 'can_see_list': False, 'reactions_as_tags': False, 'recent_reactions': []}",[],
qtmovie,https://t.me/qtmovie,852,2024-02-18 04:46:16,"𝕐𝕖 𝕃𝕒𝕣𝕜𝕚 𝕊𝕒𝕥𝕙 <PERSON>


<PERSON>

_ _  _ _ _ _ _ _ _ _ _ _ _ _ _ _ _ _ _ _ _ _ _ _ _ _ _ _ _ 
𝙃𝙤𝙬 𝙩𝙤 <PERSON>
https://t.me/new_movie_by_qtmovie/55

<PERSON> 𝗠𝗲 𝗶𝘀𝘀 𝗥𝗲𝗲𝗹 𝗠𝗮𝗶 𝗕𝘁𝗮𝘆𝗮 𝗴𝘆𝗮 𝗵𝗮𝗶 ❤https://www.instagram.com/reel/C3ecSaDrlHO/?igsh=czB4YzZqN3J6bHZq",False,False,False,True,True,False,False,False,False,False,1941720928,,,,,,,6.235555708313648e+18,,23323,33,"{'_': 'MessageReplies', 'replies': 0, 'replies_pts': 184896, 'comments': True, 'recent_repliers': [], 'channel_id': 1658802982, 'max_id': None, 'read_max_id': None}",2024-02-18T05:03:21+00:00,,,"{'_': 'MessageReactions', 'results': [{'_': 'ReactionCount', 'reaction': {'_': 'ReactionEmoji', 'emoticon': '👍'}, 'count': 25, 'chosen_order': None}], 'min': False, 'can_see_list': False, 'reactions_as_tags': False, 'recent_reactions': []}",[],
qtmovie,https://t.me/qtmovie,868,2024-02-24 06:24:38,"X: Pa$t !$ Pπe$eπt Movie Hindi Dubbed 480p and 720p Download link here 👇👇👇👇

  • 480p 👇
   https://Seturl.in/inhw0XT

  • 720p 👇
   https://Seturl.in/inhw0XT


How to Download 👇
https://t.me/new_movie_by_qtmovie/55",False,False,False,True,True,False,False,True,False,False,1941720928,,,,,,,6.05766249653533e+18,,6735,3,"{'_': 'MessageReplies', 'replies': 11, 'replies_pts': 184896, 'comments': True, 'recent_repliers': [{'_': 'PeerUser', 'user_id': 6868198142}, {'_': 'PeerUser', 'user_id': 6395309931}, {'_': 'PeerUser', 'user_id': 6584168708}], 'channel_id': 1658802982, 'max_id': 83339, 'read_max_id': None}",2024-02-24T09:56:20+00:00,,,"{'_': 'MessageReactions', 'results': [{'_': 'ReactionCount', 'reaction': {'_': 'ReactionEmoji', 'emoticon': '👍'}, 'count': 4, 'chosen_order': None}], 'min': False, 'can_see_list': False, 'reactions_as_tags': False, 'recent_reactions': []}",[],
qtmovie,https://t.me/qtmovie,870,2024-02-24 12:56:31,,False,False,False,True,True,False,False,True,False,False,1941720928,,,,,,,6.255814691091758e+18,,5380,2,,2024-02-24T12:56:34+00:00,,1.3670235130692372e+16,,[],
qtmovie,https://t.me/qtmovie,872,2024-02-27 04:14:15,"G!πl$ Tø Bu¥ <DATE_TIME> movie Hindi Dubbed 480p and 720p👇

Download Link 🔗 https://Seturl.in/nPQRW 

(<NRP> 𝚔𝚘 <PERSON> 𝙳𝚘𝚠𝚗𝚕𝚘𝚊𝚍 𝚔𝚊𝚛𝚎)
𝙃𝙤𝙬 𝙩𝙤 <NRP> 👉 https://t.me/new_movie_by_qtmovie/55",False,False,False,True,True,False,False,True,False,False,1941720928,,,,,,,6.242005671155449e+18,,14347,22,"{'_': 'MessageReplies', 'replies': 2, 'replies_pts': 189111, 'comments': True, 'recent_repliers': [{'_': 'PeerUser', 'user_id': 1195733628}, {'_': 'PeerUser', 'user_id': 6536066608}], 'channel_id': 1658802982, 'max_id': 85077, 'read_max_id': None}",2024-02-27T04:18:31+00:00,,,"{'_': 'MessageReactions', 'results': [{'_': 'ReactionCount', 'reaction': {'_': 'ReactionEmoji', 'emoticon': '👍'}, 'count': 18, 'chosen_order': None}, {'_': 'ReactionCount', 'reaction': {'_': 'ReactionEmoji', 'emoticon': '❤'}, 'count': 1, 'chosen_order': None}], 'min': False, 'can_see_list': False, 'reactions_as_tags': False, 'recent_reactions': []}",[],
qtmovie,https://t.me/qtmovie,873,2024-02-27 16:32:55,"✨✨JACKPOT 🔥💥💥💵💵💵💵

Isko bolte he level to level
<PERSON>
Join&Earn with us 🤑",False,False,False,True,True,False,False,True,False,False,1941720928,,,,,,,6.255814691091758e+18,,12177,0,"{'_': 'MessageReplies', 'replies': 0, 'replies_pts': 189111, 'comments': True, 'recent_repliers': [], 'channel_id': 1658802982, 'max_id': None, 'read_max_id': None}",2024-02-27T16:58:08+00:00,,1.3672412600484356e+16,"{'_': 'MessageReactions', 'results': [{'_': 'ReactionCount', 'reaction': {'_': 'ReactionEmoji', 'emoticon': '👍'}, 'count': 10, 'chosen_order': None}, {'_': 'ReactionCount', 'reaction': {'_': 'ReactionEmoji', 'emoticon': '❤'}, 'count': 1, 'chosen_order': None}, {'_': 'ReactionCount', 'reaction': {'_': 'ReactionEmoji', 'emoticon': '🔥'}, 'count': 1, 'chosen_order': None}], 'min': False, 'can_see_list': False, 'reactions_as_tags': False, 'recent_reactions': []}",[],
qtmovie,https://t.me/qtmovie,874,2024-02-27 16:32:55,,False,False,False,True,True,False,False,True,False,False,1941720928,,,,,,,6.255814691091758e+18,,11886,0,,2024-02-27T16:32:58+00:00,,1.3672412600484356e+16,,[],
qtmovie,https://t.me/qtmovie,875,2024-02-28 04:09:05,"M!ddle €l@$$ love  Movie Hindi Dubbed Download link here 👇👇

  <PERSON> 🔗 https://Seturl.in/QwuGOvl


_ _  _ _ _ _ _ _ _ _ _ _ _ _ _ _ _ _ _ _ _ _ _ _ _ _ _ _ _ 

𝙃𝙤𝙬 𝙩𝙤 𝘿𝙤𝙬𝙣𝙡𝙖𝙤𝙙 𝙢𝙤𝙫𝙞𝙚👇👇
https://t.me/new_movie_by_qtmovie/55",False,False,False,True,True,False,False,False,False,False,1941720928,,,,,,,6.267022532804722e+18,,12132,19,"{'_': 'MessageReplies', 'replies': 2, 'replies_pts': 189111, 'comments': True, 'recent_repliers': [{'_': 'PeerUser', 'user_id': 6342299071}, {'_': 'PeerUser', 'user_id': 6283495265}], 'channel_id': 1658802982, 'max_id': 85036, 'read_max_id': None}",2024-02-28T04:20:52+00:00,,,"{'_': 'MessageReactions', 'results': [{'_': 'ReactionCount', 'reaction': {'_': 'ReactionEmoji', 'emoticon': '👍'}, 'count': 14, 'chosen_order': None}], 'min': False, 'can_see_list': False, 'reactions_as_tags': False, 'recent_reactions': []}",[],
qtmovie,https://t.me/qtmovie,876,2024-02-28 14:04:20,"Guys Paise 🤑 <PERSON> to jaldii join karlo 😍👇🏻

<PERSON>Mera hi <PERSON> Jaldii Request Daaldo Mai Sabki Accept Karlunga😋",False,False,False,True,True,False,False,True,False,False,1941720928,,,,,,,,,10521,1,"{'_': 'MessageReplies', 'replies': 2, 'replies_pts': 189111, 'comments': True, 'recent_repliers': [{'_': 'PeerUser', 'user_id': 6283495265}], 'channel_id': 1658802982, 'max_id': 85031, 'read_max_id': None}",2024-02-28T15:06:19+00:00,,,"{'_': 'MessageReactions', 'results': [{'_': 'ReactionCount', 'reaction': {'_': 'ReactionEmoji', 'emoticon': '👍'}, 'count': 4, 'chosen_order': None}], 'min': False, 'can_see_list': False, 'reactions_as_tags': False, 'recent_reactions': []}",[],
qtmovie,https://t.me/qtmovie,877,2024-02-29 04:52:10,"Mìke <PERSON> D@te$ movie 720p Hindi Dubbed Download link here 👇👇

https://Seturl.in/fBhK

_ _  _ _ _ _ _ _ _ _ _ _ _ _ _ _ _ _ _ _ _ _ _ _ _ _ _ _ _ 

𝙃𝙤𝙬 𝙩𝙤 𝘿𝙤𝙬𝙣𝙡𝙖𝙤𝙙 𝙢𝙤𝙫𝙞𝙚👇👇
https://t.me/new_movie_by_qtmovie/55",False,False,False,True,True,False,False,True,False,False,1941720928,,,,,,,6.269481100933971e+18,,10275,14,"{'_': 'MessageReplies', 'replies': 1, 'replies_pts': 189111, 'comments': True, 'recent_repliers': [{'_': 'PeerUser', 'user_id': 5342076050}], 'channel_id': 1658802982, 'max_id': 85051, 'read_max_id': None}",2024-02-29T05:39:00+00:00,,,"{'_': 'MessageReactions', 'results': [{'_': 'ReactionCount', 'reaction': {'_': 'ReactionEmoji', 'emoticon': '👍'}, 'count': 17, 'chosen_order': None}, {'_': 'ReactionCount', 'reaction': {'_': 'ReactionEmoji', 'emoticon': '❤'}, 'count': 3, 'chosen_order': None}], 'min': False, 'can_see_list': False, 'reactions_as_tags': False, 'recent_reactions': []}",[],
qtmovie,https://t.me/qtmovie,878,2024-02-29 14:25:47,"✨✨JACKPOT 🔥💥💥💵💵💵💵

Isko bolte he level to level
<PERSON>
Join&Earn with us 🤑",False,False,False,True,True,False,False,False,False,False,1941720928,,,,,,,,,8178,1,"{'_': 'MessageReplies', 'replies': 4, 'replies_pts': 189111, 'comments': True, 'recent_repliers': [{'_': 'PeerUser', 'user_id': 1195733628}, {'_': 'PeerUser', 'user_id': 6474331565}, {'_': 'PeerUser', 'user_id': 6509582731}], 'channel_id': 1658802982, 'max_id': 85085, 'read_max_id': None}",2024-02-29T14:30:20+00:00,,,"{'_': 'MessageReactions', 'results': [{'_': 'ReactionCount', 'reaction': {'_': 'ReactionEmoji', 'emoticon': '👍'}, 'count': 2, 'chosen_order': None}], 'min': False, 'can_see_list': False, 'reactions_as_tags': False, 'recent_reactions': []}",[],
qtmovie,https://t.me/qtmovie,879,2024-03-01 04:38:52,"𝔸𝕟𝕪𝕠𝕟𝕖 𝕓𝕦𝕥 𝕪𝕠𝕦 ℍ𝕚𝕟𝕕𝕚 𝕕𝕦𝕓𝕓𝕖𝕕

<PERSON> 🔗 https://Seturl.in/wLfDWR4C

_ _  _ _ _ _ _ _ _ _ _ _ _ _ _ _ _ _ _ _ _ _ _ _ _ _ _ _ _ 

𝙃𝙤𝙬 𝙩𝙤 𝘿𝙤𝙬𝙣𝙡𝙖𝙤𝙙 𝙢𝙤𝙫𝙞𝙚👇👇
https://t.me/new_movie_by_qtmovie/55

 ㅤ ㅤ🤑<PERSON> 💸💰👉 https://t.me/+pwe2MBnkoyc5Yjg1",False,False,False,True,True,False,False,True,False,False,1941720928,,,,,,,6.273788966016762e+18,,7004,8,"{'_': 'MessageReplies', 'replies': 7, 'replies_pts': 189111, 'comments': True, 'recent_repliers': [{'_': 'PeerUser', 'user_id': 5212481563}, {'_': 'PeerUser', 'user_id': 1195733628}, {'_': 'PeerUser', 'user_id': 6536066608}], 'channel_id': 1658802982, 'max_id': 85098, 'read_max_id': None}",2024-03-01T04:49:39+00:00,,,"{'_': 'MessageReactions', 'results': [{'_': 'ReactionCount', 'reaction': {'_': 'ReactionEmoji', 'emoticon': '👍'}, 'count': 8, 'chosen_order': None}, {'_': 'ReactionCount', 'reaction': {'_': 'ReactionEmoji', 'emoticon': '❤'}, 'count': 1, 'chosen_order': None}], 'min': False, 'can_see_list': False, 'reactions_as_tags': False, 'recent_reactions': []}",[],
qtmovie,https://t.me/qtmovie,880,2024-03-01 13:49:58,"✨✨JACKPOT 🔥💥💥💵💵💵💵

Isko bolte he level to level
<PERSON>
Join&Earn with us 🤑",False,False,False,True,True,False,False,True,False,False,1941720928,,,,,,,,,4281,0,"{'_': 'MessageReplies', 'replies': 6, 'replies_pts': 189111, 'comments': True, 'recent_repliers': [{'_': 'PeerUser', 'user_id': 6474331565}, {'_': 'PeerUser', 'user_id': 1195733628}], 'channel_id': 1658802982, 'max_id': 85096, 'read_max_id': None}",2024-03-01T13:54:49+00:00,,,"{'_': 'MessageReactions', 'results': [{'_': 'ReactionCount', 'reaction': {'_': 'ReactionEmoji', 'emoticon': '👍'}, 'count': 3, 'chosen_order': None}, {'_': 'ReactionCount', 'reaction': {'_': 'ReactionEmoji', 'emoticon': '❤'}, 'count': 1, 'chosen_order': None}], 'min': False, 'can_see_list': False, 'reactions_as_tags': False, 'recent_reactions': []}",[],
