Channel ID,URL,Post ID,date,message,out,mentioned,media_unread,silent,post,from_scheduled,legacy,edit_hide,pinned,noforwards,peer_channel,from_id_user,fwd_from,via_bot_id,reply_to_msg_id,reply_to_scheduled,forum_topic,media_photo_id,reply_markup,views,forwards,replies,edit_date,post_author,grouped_id,reactions,restriction_reason,ttl_period
ruffgseries,https://t.me/ruffgseries,4119,2024-02-22 05:03:25,"The Last Thing He Told Me
Season      1            Complete
  
🎥<PERSON>  CLICK HERE 🟡",False,False,False,False,True,False,False,True,False,False,1582901893,,,,,,,5.893276703499861e+18,,23875,19,"{'_': 'MessageReplies', 'replies': 0, 'replies_pts': 245505, 'comments': True, 'recent_repliers': [], 'channel_id': 1387000365, 'max_id': None, 'read_max_id': None}",2024-02-22T05:41:14+00:00,,,"{'_': 'MessageReactions', 'results': [{'_': 'ReactionCount', 'reaction': {'_': 'ReactionEmoji', 'emoticon': '❤'}, 'count': 13, 'chosen_order': None}, {'_': 'ReactionCount', 'reaction': {'_': 'ReactionEmoji', 'emoticon': '👍'}, 'count': 10, 'chosen_order': None}], 'min': False, 'can_see_list': False, 'reactions_as_tags': False, 'recent_reactions': []}",[],259200
ruffgseries,https://t.me/ruffgseries,4120,2024-02-22 05:03:33,"<PERSON>Season    1 - 3            Complete

🎥<PERSON>  CLICK HERE 🟡",False,False,False,False,True,False,False,True,False,False,1582901893,,,,,,,5.91360444870438e+18,,23731,11,"{'_': 'MessageReplies', 'replies': 0, 'replies_pts': 245505, 'comments': True, 'recent_repliers': [], 'channel_id': 1387000365, 'max_id': None, 'read_max_id': None}",2024-02-22T06:00:16+00:00,,,"{'_': 'MessageReactions', 'results': [{'_': 'ReactionCount', 'reaction': {'_': 'ReactionEmoji', 'emoticon': '👍'}, 'count': 7, 'chosen_order': None}, {'_': 'ReactionCount', 'reaction': {'_': 'ReactionEmoji', 'emoticon': '❤'}, 'count': 7, 'chosen_order': None}, {'_': 'ReactionCount', 'reaction': {'_': 'ReactionEmoji', 'emoticon': '👎'}, 'count': 1, 'chosen_order': None}, {'_': 'ReactionCount', 'reaction': {'_': 'ReactionEmoji', 'emoticon': '🔥'}, 'count': 1, 'chosen_order': None}], 'min': False, 'can_see_list': False, 'reactions_as_tags': False, 'recent_reactions': []}",[],259200
ruffgseries,https://t.me/ruffgseries,4121,2024-02-22 05:03:46,"​️Truth Be Told
Season      1 - 3             Complete

🎥<PERSON>  CLICK HERE 🟡",False,False,False,False,True,False,False,True,False,False,1582901893,,,,,,,6.041579291415789e+18,,22582,8,"{'_': 'MessageReplies', 'replies': 0, 'replies_pts': 245505, 'comments': True, 'recent_repliers': [], 'channel_id': 1387000365, 'max_id': None, 'read_max_id': None}",2024-02-22T06:13:04+00:00,,,"{'_': 'MessageReactions', 'results': [{'_': 'ReactionCount', 'reaction': {'_': 'ReactionEmoji', 'emoticon': '👍'}, 'count': 12, 'chosen_order': None}, {'_': 'ReactionCount', 'reaction': {'_': 'ReactionEmoji', 'emoticon': '❤'}, 'count': 3, 'chosen_order': None}], 'min': False, 'can_see_list': False, 'reactions_as_tags': False, 'recent_reactions': []}",[],259200
ruffgseries,https://t.me/ruffgseries,4122,2024-02-22 05:03:55,"See 
Season     1 - 3          Complete

🎥<PERSON>  CLICK HERE 🟡",False,False,False,False,True,False,False,True,False,False,1582901893,,,,,,,5.782787578888568e+18,,22785,23,"{'_': 'MessageReplies', 'replies': 2, 'replies_pts': 245505, 'comments': True, 'recent_repliers': [{'_': 'PeerUser', 'user_id': 1408564845}, {'_': 'PeerUser', 'user_id': 5440651373}], 'channel_id': 1387000365, 'max_id': 104699, 'read_max_id': None}",2024-02-22T05:04:15+00:00,,,"{'_': 'MessageReactions', 'results': [{'_': 'ReactionCount', 'reaction': {'_': 'ReactionEmoji', 'emoticon': '👍'}, 'count': 16, 'chosen_order': None}, {'_': 'ReactionCount', 'reaction': {'_': 'ReactionEmoji', 'emoticon': '❤'}, 'count': 13, 'chosen_order': None}, {'_': 'ReactionCount', 'reaction': {'_': 'ReactionEmoji', 'emoticon': '🔥'}, 'count': 1, 'chosen_order': None}], 'min': False, 'can_see_list': False, 'reactions_as_tags': False, 'recent_reactions': []}",[],259200
ruffgseries,https://t.me/ruffgseries,4123,2024-02-22 05:06:00,"​️The Oval
Season     5       Episode   18

🎥<PERSON>  CLICK HERE  🟡
New Episode Update",False,False,False,False,True,False,False,True,False,False,1582901893,,,,,,,6.039327491602103e+18,,22892,11,"{'_': 'MessageReplies', 'replies': 1, 'replies_pts': 245505, 'comments': True, 'recent_repliers': [{'_': 'PeerUser', 'user_id': 6675891932}], 'channel_id': 1387000365, 'max_id': 104819, 'read_max_id': None}",2024-02-22T05:14:17+00:00,,,"{'_': 'MessageReactions', 'results': [{'_': 'ReactionCount', 'reaction': {'_': 'ReactionEmoji', 'emoticon': '👍'}, 'count': 13, 'chosen_order': None}, {'_': 'ReactionCount', 'reaction': {'_': 'ReactionEmoji', 'emoticon': '❤'}, 'count': 2, 'chosen_order': None}, {'_': 'ReactionCount', 'reaction': {'_': 'ReactionEmoji', 'emoticon': '🔥'}, 'count': 1, 'chosen_order': None}], 'min': False, 'can_see_list': False, 'reactions_as_tags': False, 'recent_reactions': []}",[],259200
ruffgseries,https://t.me/ruffgseries,4124,2024-02-22 05:09:43,"Wura
Season      1 - 2       Episode   47

🎥<PERSON> HERE  🟡
New Episode Update",False,False,False,False,True,False,False,True,False,False,1582901893,,,,,,,5.782846054868304e+18,,23825,6,"{'_': 'MessageReplies', 'replies': 3, 'replies_pts': 245505, 'comments': True, 'recent_repliers': [{'_': 'PeerUser', 'user_id': 1580903969}, {'_': 'PeerUser', 'user_id': 1408564845}, {'_': 'PeerUser', 'user_id': 6739742358}], 'channel_id': 1387000365, 'max_id': 104701, 'read_max_id': None}",2024-02-22T05:24:19+00:00,,,"{'_': 'MessageReactions', 'results': [{'_': 'ReactionCount', 'reaction': {'_': 'ReactionEmoji', 'emoticon': '❤'}, 'count': 6, 'chosen_order': None}, {'_': 'ReactionCount', 'reaction': {'_': 'ReactionEmoji', 'emoticon': '👍'}, 'count': 5, 'chosen_order': None}, {'_': 'ReactionCount', 'reaction': {'_': 'ReactionEmoji', 'emoticon': '👏'}, 'count': 1, 'chosen_order': None}], 'min': False, 'can_see_list': False, 'reactions_as_tags': False, 'recent_reactions': []}",[],259200
ruffgseries,https://t.me/ruffgseries,4125,2024-02-22 05:16:26,"Good Trouble
Season     1 - 5            Episode  18
 
🎥<PERSON>CLICK HERE  🟡
New Episode Update",False,False,False,False,True,False,False,True,False,False,1582901893,,,,,,,5.836999867279457e+18,,24140,10,"{'_': 'MessageReplies', 'replies': 0, 'replies_pts': 245505, 'comments': True, 'recent_repliers': [], 'channel_id': 1387000365, 'max_id': None, 'read_max_id': None}",2024-02-22T07:20:04+00:00,,,"{'_': 'MessageReactions', 'results': [{'_': 'ReactionCount', 'reaction': {'_': 'ReactionEmoji', 'emoticon': '👍'}, 'count': 10, 'chosen_order': None}, {'_': 'ReactionCount', 'reaction': {'_': 'ReactionEmoji', 'emoticon': '❤'}, 'count': 2, 'chosen_order': None}], 'min': False, 'can_see_list': False, 'reactions_as_tags': False, 'recent_reactions': []}",[],259200
ruffgseries,https://t.me/ruffgseries,4126,2024-02-22 10:18:08,"​Sistas 
Season    7           Episode  8

🎥🍿 CLICK HERE  🟡
New Episode Update",False,False,False,False,True,False,False,True,False,False,1582901893,,,,,,,5.832193764515495e+18,,21792,4,"{'_': 'MessageReplies', 'replies': 1, 'replies_pts': 245505, 'comments': True, 'recent_repliers': [{'_': 'PeerUser', 'user_id': 6586489795}], 'channel_id': 1387000365, 'max_id': 104711, 'read_max_id': None}",2024-02-22T10:28:08+00:00,,,"{'_': 'MessageReactions', 'results': [{'_': 'ReactionCount', 'reaction': {'_': 'ReactionEmoji', 'emoticon': '👍'}, 'count': 12, 'chosen_order': None}, {'_': 'ReactionCount', 'reaction': {'_': 'ReactionEmoji', 'emoticon': '❤'}, 'count': 2, 'chosen_order': None}, {'_': 'ReactionCount', 'reaction': {'_': 'ReactionEmoji', 'emoticon': '👏'}, 'count': 2, 'chosen_order': None}], 'min': False, 'can_see_list': False, 'reactions_as_tags': False, 'recent_reactions': []}",[],259200
ruffgseries,https://t.me/ruffgseries,4127,2024-02-22 10:18:31,"Double Cross
Season      1 - 5             Episode 6

🎥<PERSON> HERE  🟡
New Episode Update",False,False,False,False,True,False,False,True,False,False,1582901893,,,,,,,5.884105122961802e+18,,21493,19,"{'_': 'MessageReplies', 'replies': 0, 'replies_pts': 245505, 'comments': True, 'recent_repliers': [], 'channel_id': 1387000365, 'max_id': None, 'read_max_id': None}",2024-02-22T10:19:08+00:00,,,"{'_': 'MessageReactions', 'results': [{'_': 'ReactionCount', 'reaction': {'_': 'ReactionEmoji', 'emoticon': '👍'}, 'count': 14, 'chosen_order': None}], 'min': False, 'can_see_list': False, 'reactions_as_tags': False, 'recent_reactions': []}",[],259200
ruffgseries,https://t.me/ruffgseries,4128,2024-02-22 10:18:52,"Halo
Season      1 - 2             Episode   4

🎥<PERSON> HERE 🟡
New Episode Update",False,False,False,False,True,False,False,True,False,False,1582901893,,,,,,,5.999206110441094e+18,,21264,18,"{'_': 'MessageReplies', 'replies': 1, 'replies_pts': 245505, 'comments': True, 'recent_repliers': [{'_': 'PeerUser', 'user_id': 847140069}], 'channel_id': 1387000365, 'max_id': 104797, 'read_max_id': None}",2024-02-22T10:29:23+00:00,,,"{'_': 'MessageReactions', 'results': [{'_': 'ReactionCount', 'reaction': {'_': 'ReactionEmoji', 'emoticon': '👍'}, 'count': 13, 'chosen_order': None}, {'_': 'ReactionCount', 'reaction': {'_': 'ReactionEmoji', 'emoticon': '❤'}, 'count': 2, 'chosen_order': None}, {'_': 'ReactionCount', 'reaction': {'_': 'ReactionEmoji', 'emoticon': '😁'}, 'count': 2, 'chosen_order': None}], 'min': False, 'can_see_list': False, 'reactions_as_tags': False, 'recent_reactions': []}",[],259200
ruffgseries,https://t.me/ruffgseries,4129,2024-02-22 10:19:32,"Extended Family
Season      1           Episode 9

🎥<PERSON> HERE  🟡
New Episode Update",False,False,False,False,True,False,False,True,False,False,1582901893,,,,,,,5.920139469078512e+18,,21681,4,"{'_': 'MessageReplies', 'replies': 0, 'replies_pts': 245505, 'comments': True, 'recent_repliers': [], 'channel_id': 1387000365, 'max_id': None, 'read_max_id': None}",2024-02-22T10:28:26+00:00,,,"{'_': 'MessageReactions', 'results': [{'_': 'ReactionCount', 'reaction': {'_': 'ReactionEmoji', 'emoticon': '👍'}, 'count': 5, 'chosen_order': None}, {'_': 'ReactionCount', 'reaction': {'_': 'ReactionEmoji', 'emoticon': '❤'}, 'count': 3, 'chosen_order': None}], 'min': False, 'can_see_list': False, 'reactions_as_tags': False, 'recent_reactions': []}",[],259200
ruffgseries,https://t.me/ruffgseries,4130,2024-02-22 10:21:55,"Sexy Beast
Season         1              Episode 7

🎥<PERSON> HERE 🟡
New Episode Update",False,False,False,False,True,False,False,True,False,False,1582901893,,,,,,,5.922391268892197e+18,,22486,13,"{'_': 'MessageReplies', 'replies': 0, 'replies_pts': 245505, 'comments': True, 'recent_repliers': [], 'channel_id': 1387000365, 'max_id': None, 'read_max_id': None}",2024-02-22T10:22:18+00:00,,,"{'_': 'MessageReactions', 'results': [{'_': 'ReactionCount', 'reaction': {'_': 'ReactionEmoji', 'emoticon': '👍'}, 'count': 5, 'chosen_order': None}, {'_': 'ReactionCount', 'reaction': {'_': 'ReactionEmoji', 'emoticon': '❤'}, 'count': 5, 'chosen_order': None}, {'_': 'ReactionCount', 'reaction': {'_': 'ReactionEmoji', 'emoticon': '👏'}, 'count': 1, 'chosen_order': None}], 'min': False, 'can_see_list': False, 'reactions_as_tags': False, 'recent_reactions': []}",[],259200
ruffgseries,https://t.me/ruffgseries,4131,2024-02-22 10:22:25,"Tokyo Vice
Season      1 - 2           Episode 4

🎥<PERSON> HERE 🟡
New Episode Update",False,False,False,False,True,False,False,True,False,False,1582901893,,,,,,,5.981254126396358e+18,,22377,12,"{'_': 'MessageReplies', 'replies': 2, 'replies_pts': 245505, 'comments': True, 'recent_repliers': [{'_': 'PeerUser', 'user_id': 5683223681}], 'channel_id': 1387000365, 'max_id': 104936, 'read_max_id': None}",2024-02-22T10:28:42+00:00,,,"{'_': 'MessageReactions', 'results': [{'_': 'ReactionCount', 'reaction': {'_': 'ReactionEmoji', 'emoticon': '👍'}, 'count': 8, 'chosen_order': None}, {'_': 'ReactionCount', 'reaction': {'_': 'ReactionEmoji', 'emoticon': '👏'}, 'count': 1, 'chosen_order': None}], 'min': False, 'can_see_list': False, 'reactions_as_tags': False, 'recent_reactions': []}",[],259200
ruffgseries,https://t.me/ruffgseries,4132,2024-02-22 10:28:05,"Not Dead Yet 
Season     1 - 2            Episode  3

🎥<PERSON>   CLICK HERE 🟡
New Episode Update",False,False,False,False,True,False,False,True,False,False,1582901893,,,,,,,5.99441394055104e+18,,22313,16,"{'_': 'MessageReplies', 'replies': 0, 'replies_pts': 245505, 'comments': True, 'recent_repliers': [], 'channel_id': 1387000365, 'max_id': None, 'read_max_id': None}",2024-02-22T10:28:46+00:00,,,"{'_': 'MessageReactions', 'results': [{'_': 'ReactionCount', 'reaction': {'_': 'ReactionEmoji', 'emoticon': '👍'}, 'count': 3, 'chosen_order': None}, {'_': 'ReactionCount', 'reaction': {'_': 'ReactionEmoji', 'emoticon': '❤'}, 'count': 3, 'chosen_order': None}], 'min': False, 'can_see_list': False, 'reactions_as_tags': False, 'recent_reactions': []}",[],259200
ruffgseries,https://t.me/ruffgseries,4133,2024-02-22 10:28:22,"<PERSON>              Episode  4
  
🎥<PERSON> HERE 🟡
New Episode Update",False,False,False,False,True,False,False,True,False,False,1582901893,,,,,,,5.922391268892197e+18,,23416,12,"{'_': 'MessageReplies', 'replies': 0, 'replies_pts': 245505, 'comments': True, 'recent_repliers': [], 'channel_id': 1387000365, 'max_id': None, 'read_max_id': None}",2024-02-22T10:28:51+00:00,,,"{'_': 'MessageReactions', 'results': [{'_': 'ReactionCount', 'reaction': {'_': 'ReactionEmoji', 'emoticon': '👍'}, 'count': 3, 'chosen_order': None}, {'_': 'ReactionCount', 'reaction': {'_': 'ReactionEmoji', 'emoticon': '❤'}, 'count': 1, 'chosen_order': None}], 'min': False, 'can_see_list': False, 'reactions_as_tags': False, 'recent_reactions': []}",[],259200
ruffgseries,https://t.me/ruffgseries,4134,2024-02-22 10:31:55,"Resident Alien
Season      1 - 3             Episode   2

🎥<PERSON> HERE 🟡
New Episode Update",False,False,False,False,True,False,False,True,False,False,1582901893,,,,,,,5.945239223596597e+18,,23384,15,"{'_': 'MessageReplies', 'replies': 0, 'replies_pts': 245505, 'comments': True, 'recent_repliers': [], 'channel_id': 1387000365, 'max_id': None, 'read_max_id': None}",2024-02-22T10:46:26+00:00,,,"{'_': 'MessageReactions', 'results': [{'_': 'ReactionCount', 'reaction': {'_': 'ReactionEmoji', 'emoticon': '👍'}, 'count': 10, 'chosen_order': None}, {'_': 'ReactionCount', 'reaction': {'_': 'ReactionEmoji', 'emoticon': '❤'}, 'count': 2, 'chosen_order': None}], 'min': False, 'can_see_list': False, 'reactions_as_tags': False, 'recent_reactions': []}",[],259200
ruffgseries,https://t.me/ruffgseries,4135,2024-02-22 10:34:39,"Allegiance
Season      1            Episode   3

🎥<PERSON> HERE  🟡
New Episode Update",False,False,False,False,True,False,False,True,False,False,1582901893,,,,,,,5.940808380715221e+18,,24122,12,"{'_': 'MessageReplies', 'replies': 0, 'replies_pts': 245505, 'comments': True, 'recent_repliers': [], 'channel_id': 1387000365, 'max_id': None, 'read_max_id': None}",2024-02-22T10:48:07+00:00,,,"{'_': 'MessageReactions', 'results': [{'_': 'ReactionCount', 'reaction': {'_': 'ReactionEmoji', 'emoticon': '👍'}, 'count': 7, 'chosen_order': None}, {'_': 'ReactionCount', 'reaction': {'_': 'ReactionEmoji', 'emoticon': '❤'}, 'count': 4, 'chosen_order': None}, {'_': 'ReactionCount', 'reaction': {'_': 'ReactionEmoji', 'emoticon': '👏'}, 'count': 1, 'chosen_order': None}], 'min': False, 'can_see_list': False, 'reactions_as_tags': False, 'recent_reactions': []}",[],259200
ruffgseries,https://t.me/ruffgseries,4136,2024-02-22 11:20:01,"Wild Cards
Season      1            Episode  7

🎥<PERSON> HERE 🟡
New Episode Update",False,False,False,False,True,False,False,True,False,False,1582901893,,,,,,,5.843521191002882e+18,,25082,10,"{'_': 'MessageReplies', 'replies': 2, 'replies_pts': 245505, 'comments': True, 'recent_repliers': [{'_': 'PeerUser', 'user_id': 6051912263}, {'_': 'PeerUser', 'user_id': 6779652716}], 'channel_id': 1387000365, 'max_id': 104730, 'read_max_id': None}",2024-02-22T11:25:48+00:00,,,"{'_': 'MessageReactions', 'results': [{'_': 'ReactionCount', 'reaction': {'_': 'ReactionEmoji', 'emoticon': '👍'}, 'count': 10, 'chosen_order': None}, {'_': 'ReactionCount', 'reaction': {'_': 'ReactionEmoji', 'emoticon': '❤'}, 'count': 7, 'chosen_order': None}], 'min': False, 'can_see_list': False, 'reactions_as_tags': False, 'recent_reactions': []}",[],259200
ruffgseries,https://t.me/ruffgseries,4138,2024-02-22 17:31:41,"Chicago PD
Season       1 - 11              Episode   5

🎥<PERSON> HERE  🟡
New Episode Update",False,False,False,False,True,False,False,True,False,False,1582901893,,,,,,,5.85487539661136e+18,,22911,9,"{'_': 'MessageReplies', 'replies': 0, 'replies_pts': 245505, 'comments': True, 'recent_repliers': [], 'channel_id': 1387000365, 'max_id': None, 'read_max_id': None}",2024-02-22T17:37:06+00:00,,,"{'_': 'MessageReactions', 'results': [{'_': 'ReactionCount', 'reaction': {'_': 'ReactionEmoji', 'emoticon': '👍'}, 'count': 7, 'chosen_order': None}, {'_': 'ReactionCount', 'reaction': {'_': 'ReactionEmoji', 'emoticon': '❤'}, 'count': 2, 'chosen_order': None}], 'min': False, 'can_see_list': False, 'reactions_as_tags': False, 'recent_reactions': []}",[],259200
ruffgseries,https://t.me/ruffgseries,4139,2024-02-22 17:32:04,"Chicago Med
Season      1 - 9             Episode   5

🎥<PERSON> HERE  🟡
New Episode Update",False,False,False,False,True,False,False,True,False,False,1582901893,,,,,,,5.85487539661136e+18,,23076,9,"{'_': 'MessageReplies', 'replies': 2, 'replies_pts': 245505, 'comments': True, 'recent_repliers': [{'_': 'PeerUser', 'user_id': 5754847648}, {'_': 'PeerUser', 'user_id': 5835039759}], 'channel_id': 1387000365, 'max_id': 104783, 'read_max_id': None}",2024-02-22T17:51:32+00:00,,,"{'_': 'MessageReactions', 'results': [{'_': 'ReactionCount', 'reaction': {'_': 'ReactionEmoji', 'emoticon': '👍'}, 'count': 8, 'chosen_order': None}, {'_': 'ReactionCount', 'reaction': {'_': 'ReactionEmoji', 'emoticon': '❤'}, 'count': 1, 'chosen_order': None}], 'min': False, 'can_see_list': False, 'reactions_as_tags': False, 'recent_reactions': []}",[],259200
ruffgseries,https://t.me/ruffgseries,4140,2024-02-22 17:32:23,"Chicago Fire
Season      1 - 12           Episode  5

🎥<PERSON> HERE   🟡
New Episode Update",False,False,False,False,True,False,False,True,False,False,1582901893,,,,,,,5.85487539661136e+18,,23357,9,"{'_': 'MessageReplies', 'replies': 0, 'replies_pts': 245505, 'comments': True, 'recent_repliers': [], 'channel_id': 1387000365, 'max_id': None, 'read_max_id': None}",2024-02-22T17:47:44+00:00,,,"{'_': 'MessageReactions', 'results': [{'_': 'ReactionCount', 'reaction': {'_': 'ReactionEmoji', 'emoticon': '👍'}, 'count': 12, 'chosen_order': None}, {'_': 'ReactionCount', 'reaction': {'_': 'ReactionEmoji', 'emoticon': '❤'}, 'count': 3, 'chosen_order': None}], 'min': False, 'can_see_list': False, 'reactions_as_tags': False, 'recent_reactions': []}",[],259200
ruffgseries,https://t.me/ruffgseries,4141,2024-02-22 17:33:08,"Avatar the Last Airbender
Season      1               Complete

🎥<PERSON>  CLICK HERE 🟡
New Series Premier",False,False,False,False,True,False,False,True,False,False,1582901893,,,,,,,5.963077283633806e+18,,23837,58,"{'_': 'MessageReplies', 'replies': 11, 'replies_pts': 245505, 'comments': True, 'recent_repliers': [{'_': 'PeerUser', 'user_id': 5464859704}, {'_': 'PeerUser', 'user_id': 712830879}, {'_': 'PeerUser', 'user_id': 6746616510}], 'channel_id': 1387000365, 'max_id': 104879, 'read_max_id': None}",2024-02-22T17:33:57+00:00,,,"{'_': 'MessageReactions', 'results': [{'_': 'ReactionCount', 'reaction': {'_': 'ReactionEmoji', 'emoticon': '❤'}, 'count': 38, 'chosen_order': None}, {'_': 'ReactionCount', 'reaction': {'_': 'ReactionEmoji', 'emoticon': '👍'}, 'count': 20, 'chosen_order': None}, {'_': 'ReactionCount', 'reaction': {'_': 'ReactionEmoji', 'emoticon': '🥰'}, 'count': 4, 'chosen_order': None}], 'min': False, 'can_see_list': False, 'reactions_as_tags': False, 'recent_reactions': []}",[],259200
ruffgseries,https://t.me/ruffgseries,4144,2024-02-23 05:08:02,"Sex Life
Season     1 - 2          Complete

🎥<PERSON>  CLICK HERE  🟡",False,False,False,False,True,False,False,True,False,False,1582901893,,,,,,,5.76958093241049e+18,,20401,22,"{'_': 'MessageReplies', 'replies': 0, 'replies_pts': 245505, 'comments': True, 'recent_repliers': [], 'channel_id': 1387000365, 'max_id': None, 'read_max_id': None}",2024-02-23T06:43:31+00:00,,,"{'_': 'MessageReactions', 'results': [{'_': 'ReactionCount', 'reaction': {'_': 'ReactionEmoji', 'emoticon': '❤'}, 'count': 14, 'chosen_order': None}, {'_': 'ReactionCount', 'reaction': {'_': 'ReactionEmoji', 'emoticon': '👍'}, 'count': 6, 'chosen_order': None}, {'_': 'ReactionCount', 'reaction': {'_': 'ReactionEmoji', 'emoticon': '🎉'}, 'count': 1, 'chosen_order': None}], 'min': False, 'can_see_list': False, 'reactions_as_tags': False, 'recent_reactions': []}",[],259200
ruffgseries,https://t.me/ruffgseries,4145,2024-02-23 05:08:28,"Keep Breathing
Season      1            Complete

🎥<PERSON>  CLICK HERE 🟡",False,False,False,False,True,False,False,True,False,False,1582901893,,,,,,,5.904496987733082e+18,,20499,10,"{'_': 'MessageReplies', 'replies': 2, 'replies_pts': 245505, 'comments': True, 'recent_repliers': [{'_': 'PeerChannel', 'channel_id': 1387000365}, {'_': 'PeerUser', 'user_id': 5881584950}], 'channel_id': 1387000365, 'max_id': 104827, 'read_max_id': None}",2024-02-23T05:11:19+00:00,,,"{'_': 'MessageReactions', 'results': [{'_': 'ReactionCount', 'reaction': {'_': 'ReactionEmoji', 'emoticon': '❤'}, 'count': 12, 'chosen_order': None}, {'_': 'ReactionCount', 'reaction': {'_': 'ReactionEmoji', 'emoticon': '👍'}, 'count': 9, 'chosen_order': None}], 'min': False, 'can_see_list': False, 'reactions_as_tags': False, 'recent_reactions': []}",[],259200
ruffgseries,https://t.me/ruffgseries,4146,2024-02-23 05:09:07,"A Small Light
Season       1           Complete 

🎥<PERSON>  CLICK HERE 🟡",False,False,False,False,True,False,False,True,False,False,1582901893,,,,,,,5.94953837848571e+18,,19953,8,"{'_': 'MessageReplies', 'replies': 0, 'replies_pts': 245505, 'comments': True, 'recent_repliers': [], 'channel_id': 1387000365, 'max_id': None, 'read_max_id': None}",2024-02-23T14:53:58+00:00,,,"{'_': 'MessageReactions', 'results': [], 'min': False, 'can_see_list': False, 'reactions_as_tags': False, 'recent_reactions': []}",[],259200
ruffgseries,https://t.me/ruffgseries,4147,2024-02-23 05:09:34,"Resident Evil
Season      1            Complete

🎥<PERSON>  CLICK HERE 🟡",False,False,False,False,True,False,False,True,False,False,1582901893,,,,,,,5.947012735852198e+18,,20417,16,"{'_': 'MessageReplies', 'replies': 1, 'replies_pts': 245505, 'comments': True, 'recent_repliers': [{'_': 'PeerUser', 'user_id': 5639610600}], 'channel_id': 1387000365, 'max_id': 104828, 'read_max_id': None}",2024-02-23T05:36:04+00:00,,,"{'_': 'MessageReactions', 'results': [{'_': 'ReactionCount', 'reaction': {'_': 'ReactionEmoji', 'emoticon': '👍'}, 'count': 11, 'chosen_order': None}, {'_': 'ReactionCount', 'reaction': {'_': 'ReactionEmoji', 'emoticon': '❤'}, 'count': 5, 'chosen_order': None}, {'_': 'ReactionCount', 'reaction': {'_': 'ReactionEmoji', 'emoticon': '👎'}, 'count': 2, 'chosen_order': None}, {'_': 'ReactionCount', 'reaction': {'_': 'ReactionEmoji', 'emoticon': '😁'}, 'count': 1, 'chosen_order': None}], 'min': False, 'can_see_list': False, 'reactions_as_tags': False, 'recent_reactions': []}",[],259200
ruffgseries,https://t.me/ruffgseries,4148,2024-02-23 07:20:55,"Young Sheldon
Season     1 - 7             Episode  2

🎥<PERSON> HERE 🟡
New Episode Update",False,False,False,False,True,False,False,False,False,False,1582901893,,,,,,,5.785112947197066e+18,,19929,22,"{'_': 'MessageReplies', 'replies': 0, 'replies_pts': 245505, 'comments': True, 'recent_repliers': [], 'channel_id': 1387000365, 'max_id': None, 'read_max_id': None}",2024-02-24T16:27:59+00:00,,,"{'_': 'MessageReactions', 'results': [{'_': 'ReactionCount', 'reaction': {'_': 'ReactionEmoji', 'emoticon': '👍'}, 'count': 13, 'chosen_order': None}, {'_': 'ReactionCount', 'reaction': {'_': 'ReactionEmoji', 'emoticon': '❤'}, 'count': 5, 'chosen_order': None}], 'min': False, 'can_see_list': False, 'reactions_as_tags': False, 'recent_reactions': []}",[],259200
ruffgseries,https://t.me/ruffgseries,4149,2024-02-23 09:32:03,"Ghosts
Season      1 - 3              Episode  2

🎥<PERSON> HERE 🟡
New Episode Update",False,False,False,False,True,False,False,True,False,False,1582901893,,,,,,,6.041707354455653e+18,,19346,13,"{'_': 'MessageReplies', 'replies': 1, 'replies_pts': 245505, 'comments': True, 'recent_repliers': [{'_': 'PeerUser', 'user_id': 1628812152}], 'channel_id': 1387000365, 'max_id': 104866, 'read_max_id': None}",2024-02-23T11:01:45+00:00,,,"{'_': 'MessageReactions', 'results': [{'_': 'ReactionCount', 'reaction': {'_': 'ReactionEmoji', 'emoticon': '❤'}, 'count': 6, 'chosen_order': None}, {'_': 'ReactionCount', 'reaction': {'_': 'ReactionEmoji', 'emoticon': '👍'}, 'count': 2, 'chosen_order': None}], 'min': False, 'can_see_list': False, 'reactions_as_tags': False, 'recent_reactions': []}",[],259200
ruffgseries,https://t.me/ruffgseries,4150,2024-02-23 09:35:20,"Masters of The Air
Season       1            Episode 6

🎥<PERSON> HERE  🟡
New Episode Update",False,False,False,False,True,False,False,True,False,False,1582901893,,,,,,,5.879923315169149e+18,,19362,7,"{'_': 'MessageReplies', 'replies': 0, 'replies_pts': 245505, 'comments': True, 'recent_repliers': [], 'channel_id': 1387000365, 'max_id': None, 'read_max_id': None}",2024-02-23T11:17:42+00:00,,,"{'_': 'MessageReactions', 'results': [{'_': 'ReactionCount', 'reaction': {'_': 'ReactionEmoji', 'emoticon': '👍'}, 'count': 9, 'chosen_order': None}, {'_': 'ReactionCount', 'reaction': {'_': 'ReactionEmoji', 'emoticon': '❤'}, 'count': 2, 'chosen_order': None}], 'min': False, 'can_see_list': False, 'reactions_as_tags': False, 'recent_reactions': []}",[],259200
ruffgseries,https://t.me/ruffgseries,4151,2024-02-23 09:36:26,"Hightown
Season      1 - 3              Episode 5

🎥<PERSON> HERE  🟡
New Episode Update",False,False,False,False,True,False,False,True,False,False,1582901893,,,,,,,5.881890474615226e+18,,19585,12,"{'_': 'MessageReplies', 'replies': 0, 'replies_pts': 245505, 'comments': True, 'recent_repliers': [], 'channel_id': 1387000365, 'max_id': None, 'read_max_id': None}",2024-02-23T09:50:27+00:00,,,"{'_': 'MessageReactions', 'results': [{'_': 'ReactionCount', 'reaction': {'_': 'ReactionEmoji', 'emoticon': '👍'}, 'count': 6, 'chosen_order': None}, {'_': 'ReactionCount', 'reaction': {'_': 'ReactionEmoji', 'emoticon': '👏'}, 'count': 1, 'chosen_order': None}], 'min': False, 'can_see_list': False, 'reactions_as_tags': False, 'recent_reactions': []}",[],259200
ruffgseries,https://t.me/ruffgseries,4154,2024-02-23 11:03:56,"Expats
Season      1             Episode  5

🎥<PERSON> HERE  🟡
New Episode Update",False,False,False,False,True,False,False,True,False,False,1582901893,,,,,,,5.879638674801541e+18,,19305,11,"{'_': 'MessageReplies', 'replies': 1, 'replies_pts': 245505, 'comments': True, 'recent_repliers': [{'_': 'PeerUser', 'user_id': 5639610600}], 'channel_id': 1387000365, 'max_id': 104850, 'read_max_id': None}",2024-02-23T11:17:02+00:00,,,"{'_': 'MessageReactions', 'results': [{'_': 'ReactionCount', 'reaction': {'_': 'ReactionEmoji', 'emoticon': '👍'}, 'count': 4, 'chosen_order': None}, {'_': 'ReactionCount', 'reaction': {'_': 'ReactionEmoji', 'emoticon': '❤'}, 'count': 3, 'chosen_order': None}], 'min': False, 'can_see_list': False, 'reactions_as_tags': False, 'recent_reactions': []}",[],259200
ruffgseries,https://t.me/ruffgseries,4155,2024-02-23 11:10:56,"So Help Me Todd
Season      1 - 2             Episode  2

🎥<PERSON> HERE  🟡
New Episode Update",False,False,False,False,True,False,False,True,False,False,1582901893,,,,,,,5.945008089931563e+18,,19901,4,"{'_': 'MessageReplies', 'replies': 1, 'replies_pts': 245505, 'comments': True, 'recent_repliers': [{'_': 'PeerUser', 'user_id': 6959001775}], 'channel_id': 1387000365, 'max_id': 104856, 'read_max_id': None}",2024-02-23T14:22:11+00:00,,,"{'_': 'MessageReactions', 'results': [{'_': 'ReactionCount', 'reaction': {'_': 'ReactionEmoji', 'emoticon': '👍'}, 'count': 4, 'chosen_order': None}, {'_': 'ReactionCount', 'reaction': {'_': 'ReactionEmoji', 'emoticon': '❤'}, 'count': 3, 'chosen_order': None}], 'min': False, 'can_see_list': False, 'reactions_as_tags': False, 'recent_reactions': []}",[],259200
ruffgseries,https://t.me/ruffgseries,4156,2024-02-23 11:11:42,"Law and Order: Organized Crime
Season      1 - 4            Episode 5

🎥<PERSON> HERE  🟡
New Season Premier",False,False,False,False,True,False,False,True,False,False,1582901893,,,,,,,5.902342447453815e+18,,20793,9,"{'_': 'MessageReplies', 'replies': 0, 'replies_pts': 245505, 'comments': True, 'recent_repliers': [], 'channel_id': 1387000365, 'max_id': None, 'read_max_id': None}",2024-02-23T11:22:31+00:00,,,"{'_': 'MessageReactions', 'results': [{'_': 'ReactionCount', 'reaction': {'_': 'ReactionEmoji', 'emoticon': '❤'}, 'count': 11, 'chosen_order': None}, {'_': 'ReactionCount', 'reaction': {'_': 'ReactionEmoji', 'emoticon': '👍'}, 'count': 10, 'chosen_order': None}], 'min': False, 'can_see_list': False, 'reactions_as_tags': False, 'recent_reactions': []}",[],259200
ruffgseries,https://t.me/ruffgseries,4157,2024-02-23 11:11:51,"Law and Order Toronto: Criminal Intent
Season      1             Episode   1

🎥<PERSON> HERE  🟡
New Series Premier",False,False,False,False,True,False,False,True,False,False,1582901893,,,,,,,5.965343862429957e+18,,21681,14,"{'_': 'MessageReplies', 'replies': 2, 'replies_pts': 245505, 'comments': True, 'recent_repliers': [{'_': 'PeerUser', 'user_id': 5957896271}, {'_': 'PeerUser', 'user_id': 6620051761}], 'channel_id': 1387000365, 'max_id': 104917, 'read_max_id': None}",2024-02-23T11:20:49+00:00,,,"{'_': 'MessageReactions', 'results': [{'_': 'ReactionCount', 'reaction': {'_': 'ReactionEmoji', 'emoticon': '👍'}, 'count': 11, 'chosen_order': None}, {'_': 'ReactionCount', 'reaction': {'_': 'ReactionEmoji', 'emoticon': '❤'}, 'count': 2, 'chosen_order': None}], 'min': False, 'can_see_list': False, 'reactions_as_tags': False, 'recent_reactions': []}",[],259200
ruffgseries,https://t.me/ruffgseries,4158,2024-02-23 12:35:59,"Some people are asking why I don't post movies, well i post movies Daily but in the movie channel. If you haven't joined my movie channel you must be among those who ask this question.

Join now @RuffgMovies3

https://t.me/+Z1l7WdLLYvQzY2Y8
https://t.me/+Z1l7WdLLYvQzY2Y8",False,False,False,False,True,False,False,False,False,False,1582901893,,,,,,,,,21286,7,"{'_': 'MessageReplies', 'replies': 11, 'replies_pts': 245505, 'comments': True, 'recent_repliers': [{'_': 'PeerUser', 'user_id': 5253827702}, {'_': 'PeerUser', 'user_id': 6845285382}, {'_': 'PeerUser', 'user_id': 5755002984}], 'channel_id': 1387000365, 'max_id': 104948, 'read_max_id': None}",2024-02-23T19:32:04+00:00,,,"{'_': 'MessageReactions', 'results': [{'_': 'ReactionCount', 'reaction': {'_': 'ReactionEmoji', 'emoticon': '👍'}, 'count': 13, 'chosen_order': None}, {'_': 'ReactionCount', 'reaction': {'_': 'ReactionEmoji', 'emoticon': '❤'}, 'count': 6, 'chosen_order': None}], 'min': False, 'can_see_list': False, 'reactions_as_tags': False, 'recent_reactions': []}",[],259200
ruffgseries,https://t.me/ruffgseries,4161,2024-02-24 05:35:49,"First Kill
Season      1             Complete

🎥<PERSON>  CLICK HERE 🟡",False,False,False,False,True,False,False,True,False,False,1582901893,,,,,,,5.908985340226551e+18,,14301,15,"{'_': 'MessageReplies', 'replies': 3, 'replies_pts': 245505, 'comments': True, 'recent_repliers': [{'_': 'PeerUser', 'user_id': 1919469809}, {'_': 'PeerUser', 'user_id': 6441069506}, {'_': 'PeerUser', 'user_id': 964786588}], 'channel_id': 1387000365, 'max_id': 105015, 'read_max_id': None}",2024-02-24T07:46:18+00:00,,,"{'_': 'MessageReactions', 'results': [{'_': 'ReactionCount', 'reaction': {'_': 'ReactionEmoji', 'emoticon': '❤'}, 'count': 8, 'chosen_order': None}, {'_': 'ReactionCount', 'reaction': {'_': 'ReactionEmoji', 'emoticon': '👍'}, 'count': 4, 'chosen_order': None}], 'min': False, 'can_see_list': False, 'reactions_as_tags': False, 'recent_reactions': []}",[],259200
ruffgseries,https://t.me/ruffgseries,4162,2024-02-24 05:36:53,"<NRP> <PERSON> 
Season       1            Complete 

🎥<PERSON>  CLICK HERE 🟡",False,False,False,False,True,False,False,True,False,False,1582901893,,,,,,,5.832624725828944e+18,,14345,12,"{'_': 'MessageReplies', 'replies': 1, 'replies_pts': 245505, 'comments': True, 'recent_repliers': [{'_': 'PeerUser', 'user_id': 1249256081}], 'channel_id': 1387000365, 'max_id': 105029, 'read_max_id': None}",2024-02-24T05:36:56+00:00,,,,[],259200
ruffgseries,https://t.me/ruffgseries,4163,2024-02-24 05:37:13,"Urban Legend
Season       1               Complete

🎥<PERSON>  CLICK HERE 🟡",False,False,False,False,True,False,False,True,False,False,1582901893,,,,,,,6.014647149230407e+18,,14161,9,"{'_': 'MessageReplies', 'replies': 1, 'replies_pts': 245505, 'comments': True, 'recent_repliers': [{'_': 'PeerUser', 'user_id': 6441069506}], 'channel_id': 1387000365, 'max_id': 105000, 'read_max_id': None}",2024-02-24T12:00:03+00:00,,,"{'_': 'MessageReactions', 'results': [{'_': 'ReactionCount', 'reaction': {'_': 'ReactionEmoji', 'emoticon': '👍'}, 'count': 5, 'chosen_order': None}], 'min': False, 'can_see_list': False, 'reactions_as_tags': False, 'recent_reactions': []}",[],259200
ruffgseries,https://t.me/ruffgseries,4164,2024-02-24 05:38:06,"Secret Invasion
Season      1          Complete 
   
🎥<PERSON> HERE  🟡
New Series update",False,False,False,False,True,False,False,True,False,False,1582901893,,,,,,,5.807424490550967e+18,,14487,12,"{'_': 'MessageReplies', 'replies': 2, 'replies_pts': 245505, 'comments': True, 'recent_repliers': [{'_': 'PeerUser', 'user_id': 6321390197}, {'_': 'PeerUser', 'user_id': 6207224959}], 'channel_id': 1387000365, 'max_id': 104955, 'read_max_id': None}",2024-02-24T05:42:01+00:00,,,"{'_': 'MessageReactions', 'results': [{'_': 'ReactionCount', 'reaction': {'_': 'ReactionEmoji', 'emoticon': '👍'}, 'count': 9, 'chosen_order': None}, {'_': 'ReactionCount', 'reaction': {'_': 'ReactionEmoji', 'emoticon': '❤'}, 'count': 7, 'chosen_order': None}], 'min': False, 'can_see_list': False, 'reactions_as_tags': False, 'recent_reactions': []}",[],259200
ruffgseries,https://t.me/ruffgseries,4165,2024-02-24 09:01:45,"Fire Country 
​️Season     1 - 2          Episode 2

🎥<PERSON>  CLICK HERE 🟡
New Episode Update",False,False,False,False,True,False,False,True,False,False,1582901893,,,,,,,6.041707354455653e+18,,13261,6,"{'_': 'MessageReplies', 'replies': 0, 'replies_pts': 245505, 'comments': True, 'recent_repliers': [], 'channel_id': 1387000365, 'max_id': None, 'read_max_id': None}",2024-02-24T10:50:00+00:00,,,"{'_': 'MessageReactions', 'results': [{'_': 'ReactionCount', 'reaction': {'_': 'ReactionEmoji', 'emoticon': '❤'}, 'count': 6, 'chosen_order': None}, {'_': 'ReactionCount', 'reaction': {'_': 'ReactionEmoji', 'emoticon': '👍'}, 'count': 2, 'chosen_order': None}], 'min': False, 'can_see_list': False, 'reactions_as_tags': False, 'recent_reactions': []}",[],259200
ruffgseries,https://t.me/ruffgseries,4166,2024-02-24 09:02:25,"<PERSON>
Season      1 - 7          Episode 2

🎥<PERSON>  CLICK HERE 🟡
New Episode Update",False,False,False,False,True,False,False,True,False,False,1582901893,,,,,,,6.041579291415789e+18,,13597,8,"{'_': 'MessageReplies', 'replies': 1, 'replies_pts': 245505, 'comments': True, 'recent_repliers': [{'_': 'PeerUser', 'user_id': 1683200952}], 'channel_id': 1387000365, 'max_id': 105025, 'read_max_id': None}",2024-02-24T14:12:09+00:00,,,"{'_': 'MessageReactions', 'results': [{'_': 'ReactionCount', 'reaction': {'_': 'ReactionEmoji', 'emoticon': '👍'}, 'count': 8, 'chosen_order': None}, {'_': 'ReactionCount', 'reaction': {'_': 'ReactionEmoji', 'emoticon': '❤'}, 'count': 4, 'chosen_order': None}], 'min': False, 'can_see_list': False, 'reactions_as_tags': False, 'recent_reactions': []}",[],259200
ruffgseries,https://t.me/ruffgseries,4167,2024-02-24 09:02:57,"Blue Bloods
Season       1 - 14             Episode  2

🎥<PERSON> HERE 🟡
New Episode Update",False,False,False,False,True,False,False,True,False,False,1582901893,,,,,,,5.945008089931563e+18,,14556,6,"{'_': 'MessageReplies', 'replies': 1, 'replies_pts': 245505, 'comments': True, 'recent_repliers': [{'_': 'PeerUser', 'user_id': 5021951917}], 'channel_id': 1387000365, 'max_id': 104974, 'read_max_id': None}",2024-02-24T10:02:45+00:00,,,"{'_': 'MessageReactions', 'results': [{'_': 'ReactionCount', 'reaction': {'_': 'ReactionEmoji', 'emoticon': '👍'}, 'count': 4, 'chosen_order': None}, {'_': 'ReactionCount', 'reaction': {'_': 'ReactionEmoji', 'emoticon': '❤'}, 'count': 3, 'chosen_order': None}], 'min': False, 'can_see_list': False, 'reactions_as_tags': False, 'recent_reactions': []}",[],259200
ruffgseries,https://t.me/ruffgseries,4168,2024-02-24 09:50:48,"AlRawabi School for Girls
Season     1             Complete 

🎥<PERSON>  CLICK HERE 🟡",False,False,False,False,True,False,False,True,False,False,1582901893,,,,,,,5.819089613136969e+18,,14182,14,"{'_': 'MessageReplies', 'replies': 6, 'replies_pts': 245505, 'comments': True, 'recent_repliers': [{'_': 'PeerUser', 'user_id': 6256092372}, {'_': 'PeerChannel', 'channel_id': 1387000365}, {'_': 'PeerUser', 'user_id': 2146748902}], 'channel_id': 1387000365, 'max_id': 105016, 'read_max_id': None}",2024-02-24T10:00:50+00:00,,,"{'_': 'MessageReactions', 'results': [{'_': 'ReactionCount', 'reaction': {'_': 'ReactionEmoji', 'emoticon': '👍'}, 'count': 11, 'chosen_order': None}, {'_': 'ReactionCount', 'reaction': {'_': 'ReactionEmoji', 'emoticon': '❤'}, 'count': 11, 'chosen_order': None}], 'min': False, 'can_see_list': False, 'reactions_as_tags': False, 'recent_reactions': []}",[],259200
ruffgseries,https://t.me/ruffgseries,4171,2024-02-24 18:36:03,"Formula 1: Drive to Survive
Season        1 - 6             Complete

🎥<PERSON>  CLICK HERE  🟡
New Season Premier",False,False,False,False,True,False,False,False,False,False,1582901893,,,,,,,5.969687384331239e+18,,7264,6,"{'_': 'MessageReplies', 'replies': 0, 'replies_pts': 245505, 'comments': True, 'recent_repliers': [], 'channel_id': 1387000365, 'max_id': None, 'read_max_id': None}",2024-02-24T19:25:07+00:00,,,"{'_': 'MessageReactions', 'results': [{'_': 'ReactionCount', 'reaction': {'_': 'ReactionEmoji', 'emoticon': '👍'}, 'count': 2, 'chosen_order': None}, {'_': 'ReactionCount', 'reaction': {'_': 'ReactionEmoji', 'emoticon': '❤'}, 'count': 2, 'chosen_order': None}], 'min': False, 'can_see_list': False, 'reactions_as_tags': False, 'recent_reactions': []}",[],259200
ruffgseries,https://t.me/ruffgseries,4172,2024-02-24 19:09:42,"<PERSON>
Season        1             Complete

🎥<PERSON>  CLICK HERE  🟡
New Series Premier",False,False,False,False,True,False,False,True,False,False,1582901893,,,,,,,5.969687384331239e+18,,6435,5,"{'_': 'MessageReplies', 'replies': 2, 'replies_pts': 245505, 'comments': True, 'recent_repliers': [{'_': 'PeerUser', 'user_id': 5591709104}, {'_': 'PeerUser', 'user_id': 1781807965}], 'channel_id': 1387000365, 'max_id': 105039, 'read_max_id': None}",2024-02-24T19:19:03+00:00,,,"{'_': 'MessageReactions', 'results': [{'_': 'ReactionCount', 'reaction': {'_': 'ReactionEmoji', 'emoticon': '👍'}, 'count': 8, 'chosen_order': None}, {'_': 'ReactionCount', 'reaction': {'_': 'ReactionEmoji', 'emoticon': '❤'}, 'count': 7, 'chosen_order': None}, {'_': 'ReactionCount', 'reaction': {'_': 'ReactionEmoji', 'emoticon': '🔥'}, 'count': 1, 'chosen_order': None}], 'min': False, 'can_see_list': False, 'reactions_as_tags': False, 'recent_reactions': []}",[],259200
ruffgseries,https://t.me/ruffgseries,4214,2024-02-28 06:31:37,"From Scratch
Season      1           Complete

🎥<PERSON>  CLICK HERE 🟡",False,False,False,False,True,False,False,True,False,False,1582901893,,,,,,,5.913299411537083e+18,,27292,22,"{'_': 'MessageReplies', 'replies': 0, 'replies_pts': 247187, 'comments': True, 'recent_repliers': [], 'channel_id': 1387000365, 'max_id': None, 'read_max_id': None}",2024-02-28T07:53:43+00:00,,,"{'_': 'MessageReactions', 'results': [{'_': 'ReactionCount', 'reaction': {'_': 'ReactionEmoji', 'emoticon': '👍'}, 'count': 19, 'chosen_order': None}, {'_': 'ReactionCount', 'reaction': {'_': 'ReactionEmoji', 'emoticon': '❤'}, 'count': 12, 'chosen_order': None}, {'_': 'ReactionCount', 'reaction': {'_': 'ReactionEmoji', 'emoticon': '😁'}, 'count': 1, 'chosen_order': None}], 'min': False, 'can_see_list': False, 'reactions_as_tags': False, 'recent_reactions': []}",[],259200
ruffgseries,https://t.me/ruffgseries,4215,2024-02-28 06:32:02,"Carnival Row
Season      1 - 2            Complete 

🎥<PERSON>  CLICK HERE 🟡",False,False,False,False,True,False,False,True,False,False,1582901893,,,,,,,6.012554903156801e+18,,26346,28,"{'_': 'MessageReplies', 'replies': 1, 'replies_pts': 247187, 'comments': True, 'recent_repliers': [{'_': 'PeerUser', 'user_id': 6116270917}], 'channel_id': 1387000365, 'max_id': 105770, 'read_max_id': None}",2024-02-28T06:32:13+00:00,,,"{'_': 'MessageReactions', 'results': [{'_': 'ReactionCount', 'reaction': {'_': 'ReactionEmoji', 'emoticon': '👍'}, 'count': 11, 'chosen_order': None}, {'_': 'ReactionCount', 'reaction': {'_': 'ReactionEmoji', 'emoticon': '❤'}, 'count': 11, 'chosen_order': None}, {'_': 'ReactionCount', 'reaction': {'_': 'ReactionEmoji', 'emoticon': '🥰'}, 'count': 3, 'chosen_order': None}], 'min': False, 'can_see_list': False, 'reactions_as_tags': False, 'recent_reactions': []}",[],259200
ruffgseries,https://t.me/ruffgseries,4216,2024-02-28 06:32:25,"MH370 The Plane That Disappeared
Season        1              Complete

🎥<PERSON>  CLICK HERE 🟡",False,False,False,False,True,False,False,True,False,False,1582901893,,,,,,,5.913299411537083e+18,,24402,40,"{'_': 'MessageReplies', 'replies': 1, 'replies_pts': 247187, 'comments': True, 'recent_repliers': [{'_': 'PeerUser', 'user_id': 6255993202}], 'channel_id': 1387000365, 'max_id': 105800, 'read_max_id': None}",2024-02-28T06:38:29+00:00,,,"{'_': 'MessageReactions', 'results': [{'_': 'ReactionCount', 'reaction': {'_': 'ReactionEmoji', 'emoticon': '❤'}, 'count': 9, 'chosen_order': None}, {'_': 'ReactionCount', 'reaction': {'_': 'ReactionEmoji', 'emoticon': '👍'}, 'count': 7, 'chosen_order': None}, {'_': 'ReactionCount', 'reaction': {'_': 'ReactionEmoji', 'emoticon': '🥰'}, 'count': 3, 'chosen_order': None}], 'min': False, 'can_see_list': False, 'reactions_as_tags': False, 'recent_reactions': []}",[],259200
ruffgseries,https://t.me/ruffgseries,4217,2024-02-28 06:32:43,"The Midnight Club
Season      1           Complete

🎥<PERSON>  CLICK HERE 🟡",False,False,False,False,True,False,False,True,False,False,1582901893,,,,,,,5.913299411537083e+18,,24179,18,"{'_': 'MessageReplies', 'replies': 0, 'replies_pts': 247187, 'comments': True, 'recent_repliers': [], 'channel_id': 1387000365, 'max_id': None, 'read_max_id': None}",2024-02-28T09:31:30+00:00,,,"{'_': 'MessageReactions', 'results': [{'_': 'ReactionCount', 'reaction': {'_': 'ReactionEmoji', 'emoticon': '👏'}, 'count': 5, 'chosen_order': None}, {'_': 'ReactionCount', 'reaction': {'_': 'ReactionEmoji', 'emoticon': '👍'}, 'count': 4, 'chosen_order': None}, {'_': 'ReactionCount', 'reaction': {'_': 'ReactionEmoji', 'emoticon': '❤'}, 'count': 4, 'chosen_order': None}], 'min': False, 'can_see_list': False, 'reactions_as_tags': False, 'recent_reactions': []}",[],259200
ruffgseries,https://t.me/ruffgseries,4218,2024-02-28 06:45:05,"FBI 
Season     1 - 6            Episode  3

🎥<PERSON>  CLICK HERE  🟡
New Episode Update",False,False,False,False,True,False,False,True,False,False,1582901893,,,,,,,6.050590188637371e+18,,24268,18,"{'_': 'MessageReplies', 'replies': 0, 'replies_pts': 247187, 'comments': True, 'recent_repliers': [], 'channel_id': 1387000365, 'max_id': None, 'read_max_id': None}",2024-02-28T06:45:23+00:00,,,"{'_': 'MessageReactions', 'results': [{'_': 'ReactionCount', 'reaction': {'_': 'ReactionEmoji', 'emoticon': '❤'}, 'count': 6, 'chosen_order': None}, {'_': 'ReactionCount', 'reaction': {'_': 'ReactionEmoji', 'emoticon': '👍'}, 'count': 3, 'chosen_order': None}, {'_': 'ReactionCount', 'reaction': {'_': 'ReactionEmoji', 'emoticon': '👏'}, 'count': 2, 'chosen_order': None}], 'min': False, 'can_see_list': False, 'reactions_as_tags': False, 'recent_reactions': []}",[],259200
ruffgseries,https://t.me/ruffgseries,4219,2024-02-28 06:45:18,"FBI: Most Wanted
Season     1 - 5             Episode  3

🎥<PERSON>  CLICK HERE  🟡
New New Episode Update",False,False,False,False,True,False,False,True,False,False,1582901893,,,,,,,6.050590188637371e+18,,23695,17,"{'_': 'MessageReplies', 'replies': 0, 'replies_pts': 247187, 'comments': True, 'recent_repliers': [], 'channel_id': 1387000365, 'max_id': None, 'read_max_id': None}",2024-02-28T06:45:30+00:00,,,"{'_': 'MessageReactions', 'results': [{'_': 'ReactionCount', 'reaction': {'_': 'ReactionEmoji', 'emoticon': '👍'}, 'count': 12, 'chosen_order': None}, {'_': 'ReactionCount', 'reaction': {'_': 'ReactionEmoji', 'emoticon': '❤'}, 'count': 6, 'chosen_order': None}], 'min': False, 'can_see_list': False, 'reactions_as_tags': False, 'recent_reactions': []}",[],259200
ruffgseries,https://t.me/ruffgseries,4220,2024-02-28 06:45:37,"FBI: International
Season     1 - 2              Episode  3

🎥<PERSON>  CLICK HERE  🟡
New New Episode Update",False,False,False,False,True,False,False,True,False,False,1582901893,,,,,,,5.859719149058638e+18,,23253,11,"{'_': 'MessageReplies', 'replies': 0, 'replies_pts': 247187, 'comments': True, 'recent_repliers': [], 'channel_id': 1387000365, 'max_id': None, 'read_max_id': None}",2024-02-28T06:45:45+00:00,,,"{'_': 'MessageReactions', 'results': [{'_': 'ReactionCount', 'reaction': {'_': 'ReactionEmoji', 'emoticon': '👍'}, 'count': 8, 'chosen_order': None}, {'_': 'ReactionCount', 'reaction': {'_': 'ReactionEmoji', 'emoticon': '🔥'}, 'count': 3, 'chosen_order': None}, {'_': 'ReactionCount', 'reaction': {'_': 'ReactionEmoji', 'emoticon': '❤'}, 'count': 1, 'chosen_order': None}], 'min': False, 'can_see_list': False, 'reactions_as_tags': False, 'recent_reactions': []}",[],259200
ruffgseries,https://t.me/ruffgseries,4221,2024-02-28 06:51:15,"​️The Good Doctor
Season     1 - 7         Episode  2

🎥<PERSON>  CLICK HERE  🟡
New Episode Update",False,False,False,False,True,False,False,True,False,False,1582901893,,,,,,,6.041707354455653e+18,,22846,17,"{'_': 'MessageReplies', 'replies': 1, 'replies_pts': 247187, 'comments': True, 'recent_repliers': [{'_': 'PeerUser', 'user_id': 644269482}], 'channel_id': 1387000365, 'max_id': 105699, 'read_max_id': None}",2024-02-28T06:51:30+00:00,,,"{'_': 'MessageReactions', 'results': [{'_': 'ReactionCount', 'reaction': {'_': 'ReactionEmoji', 'emoticon': '👍'}, 'count': 9, 'chosen_order': None}, {'_': 'ReactionCount', 'reaction': {'_': 'ReactionEmoji', 'emoticon': '❤'}, 'count': 7, 'chosen_order': None}, {'_': 'ReactionCount', 'reaction': {'_': 'ReactionEmoji', 'emoticon': '🥰'}, 'count': 1, 'chosen_order': None}], 'min': False, 'can_see_list': False, 'reactions_as_tags': False, 'recent_reactions': []}",[],259200
ruffgseries,https://t.me/ruffgseries,4222,2024-02-28 06:53:18,"The Rookie
Season     1 - 6          Episode  2

🎥<PERSON>  CLICK HERE 🟡
New Episode Update",False,False,False,False,True,False,False,False,False,False,1582901893,,,,,,,5.976831302218925e+18,,22438,9,"{'_': 'MessageReplies', 'replies': 1, 'replies_pts': 247187, 'comments': True, 'recent_repliers': [{'_': 'PeerUser', 'user_id': 5447715080}], 'channel_id': 1387000365, 'max_id': 105781, 'read_max_id': None}",2024-02-28T13:38:10+00:00,,,"{'_': 'MessageReactions', 'results': [{'_': 'ReactionCount', 'reaction': {'_': 'ReactionEmoji', 'emoticon': '👍'}, 'count': 7, 'chosen_order': None}, {'_': 'ReactionCount', 'reaction': {'_': 'ReactionEmoji', 'emoticon': '❤'}, 'count': 5, 'chosen_order': None}], 'min': False, 'can_see_list': False, 'reactions_as_tags': False, 'recent_reactions': []}",[],259200
ruffgseries,https://t.me/ruffgseries,4223,2024-02-28 06:53:40,"Run the Burbs
Season       1 - 3             Episode  8

🎥<PERSON> HERE  🟡
New Episode Update",False,False,False,False,True,False,False,True,False,False,1582901893,,,,,,,5.877243616353699e+18,,22953,4,"{'_': 'MessageReplies', 'replies': 0, 'replies_pts': 247187, 'comments': True, 'recent_repliers': [], 'channel_id': 1387000365, 'max_id': None, 'read_max_id': None}",2024-02-28T11:22:43+00:00,,,"{'_': 'MessageReactions', 'results': [{'_': 'ReactionCount', 'reaction': {'_': 'ReactionEmoji', 'emoticon': '👍'}, 'count': 6, 'chosen_order': None}, {'_': 'ReactionCount', 'reaction': {'_': 'ReactionEmoji', 'emoticon': '❤'}, 'count': 4, 'chosen_order': None}, {'_': 'ReactionCount', 'reaction': {'_': 'ReactionEmoji', 'emoticon': '👏'}, 'count': 2, 'chosen_order': None}], 'min': False, 'can_see_list': False, 'reactions_as_tags': False, 'recent_reactions': []}",[],259200
ruffgseries,https://t.me/ruffgseries,4224,2024-02-28 06:54:05,"Son Of a Critch
Season      1 - 3               Episode   8

🎥<PERSON> HERE  🟡
New Episode Update",False,False,False,False,True,False,False,True,False,False,1582901893,,,,,,,5.837133728525173e+18,,23376,11,"{'_': 'MessageReplies', 'replies': 0, 'replies_pts': 247187, 'comments': True, 'recent_repliers': [], 'channel_id': 1387000365, 'max_id': None, 'read_max_id': None}",2024-02-28T06:56:20+00:00,,,"{'_': 'MessageReactions', 'results': [{'_': 'ReactionCount', 'reaction': {'_': 'ReactionEmoji', 'emoticon': '👍'}, 'count': 7, 'chosen_order': None}, {'_': 'ReactionCount', 'reaction': {'_': 'ReactionEmoji', 'emoticon': '❤'}, 'count': 1, 'chosen_order': None}], 'min': False, 'can_see_list': False, 'reactions_as_tags': False, 'recent_reactions': []}",[],259200
ruffgseries,https://t.me/ruffgseries,4225,2024-02-28 06:54:47,"Hudson & Rex
Season   1 - 6      Episode   8

🎥<PERSON>  CLICK HERE  🟡
New Episode Update",False,False,False,False,True,False,False,True,False,False,1582901893,,,,,,,5.821458820176657e+18,,24333,10,"{'_': 'MessageReplies', 'replies': 0, 'replies_pts': 247187, 'comments': True, 'recent_repliers': [], 'channel_id': 1387000365, 'max_id': None, 'read_max_id': None}",2024-02-28T10:07:32+00:00,,,"{'_': 'MessageReactions', 'results': [{'_': 'ReactionCount', 'reaction': {'_': 'ReactionEmoji', 'emoticon': '👍'}, 'count': 6, 'chosen_order': None}, {'_': 'ReactionCount', 'reaction': {'_': 'ReactionEmoji', 'emoticon': '🥰'}, 'count': 3, 'chosen_order': None}, {'_': 'ReactionCount', 'reaction': {'_': 'ReactionEmoji', 'emoticon': '❤'}, 'count': 1, 'chosen_order': None}, {'_': 'ReactionCount', 'reaction': {'_': 'ReactionEmoji', 'emoticon': '👏'}, 'count': 1, 'chosen_order': None}], 'min': False, 'can_see_list': False, 'reactions_as_tags': False, 'recent_reactions': []}",[],259200
ruffgseries,https://t.me/ruffgseries,4226,2024-02-28 06:55:27,"The New Look
Season       1              Episode  5

🎥🍿😀 CLICK HERE  🟡
New Episode Update",False,False,False,False,True,False,False,True,False,False,1582901893,,,,,,,5.93630478108785e+18,,24693,11,"{'_': 'MessageReplies', 'replies': 0, 'replies_pts': 247187, 'comments': True, 'recent_repliers': [], 'channel_id': 1387000365, 'max_id': None, 'read_max_id': None}",2024-02-28T10:07:37+00:00,,,"{'_': 'MessageReactions', 'results': [{'_': 'ReactionCount', 'reaction': {'_': 'ReactionEmoji', 'emoticon': '👍'}, 'count': 4, 'chosen_order': None}, {'_': 'ReactionCount', 'reaction': {'_': 'ReactionEmoji', 'emoticon': '🔥'}, 'count': 2, 'chosen_order': None}, {'_': 'ReactionCount', 'reaction': {'_': 'ReactionEmoji', 'emoticon': '❤'}, 'count': 1, 'chosen_order': None}], 'min': False, 'can_see_list': False, 'reactions_as_tags': False, 'recent_reactions': []}",[],259200
ruffgseries,https://t.me/ruffgseries,4227,2024-02-28 06:57:56,"Constellation
Season     1             Episode  4

🎥<PERSON> HERE 🟡
New Episode Update",False,False,False,False,True,False,False,True,False,False,1582901893,,,,,,,5.95869325160099e+18,,24657,11,"{'_': 'MessageReplies', 'replies': 0, 'replies_pts': 247187, 'comments': True, 'recent_repliers': [], 'channel_id': 1387000365, 'max_id': None, 'read_max_id': None}",2024-02-28T07:02:31+00:00,,,"{'_': 'MessageReactions', 'results': [{'_': 'ReactionCount', 'reaction': {'_': 'ReactionEmoji', 'emoticon': '👍'}, 'count': 11, 'chosen_order': None}, {'_': 'ReactionCount', 'reaction': {'_': 'ReactionEmoji', 'emoticon': '❤'}, 'count': 4, 'chosen_order': None}], 'min': False, 'can_see_list': False, 'reactions_as_tags': False, 'recent_reactions': []}",[],259200
ruffgseries,https://t.me/ruffgseries,4228,2024-02-28 07:16:45,"Death and Other Details
Season     1           Episode  8

🎥<PERSON> HERE  🟡
New Episode Update",False,False,False,False,True,False,False,True,False,False,1582901893,,,,,,,5.852509569710933e+18,,25693,17,"{'_': 'MessageReplies', 'replies': 3, 'replies_pts': 247187, 'comments': True, 'recent_repliers': [{'_': 'PeerUser', 'user_id': 1107256325}, {'_': 'PeerUser', 'user_id': 6863981335}], 'channel_id': 1387000365, 'max_id': 105728, 'read_max_id': None}",2024-02-28T10:08:23+00:00,,,"{'_': 'MessageReactions', 'results': [{'_': 'ReactionCount', 'reaction': {'_': 'ReactionEmoji', 'emoticon': '👍'}, 'count': 8, 'chosen_order': None}, {'_': 'ReactionCount', 'reaction': {'_': 'ReactionEmoji', 'emoticon': '❤'}, 'count': 5, 'chosen_order': None}], 'min': False, 'can_see_list': False, 'reactions_as_tags': False, 'recent_reactions': []}",[],259200
ruffgseries,https://t.me/ruffgseries,4229,2024-02-28 07:17:11,"<PERSON>     1 - 2         Episode  2

🎥<PERSON> HERE 🟡
New Episode Update",False,False,False,False,True,False,False,False,False,False,1582901893,,,,,,,6.041707354455653e+18,,26973,8,"{'_': 'MessageReplies', 'replies': 2, 'replies_pts': 247187, 'comments': True, 'recent_repliers': [{'_': 'PeerUser', 'user_id': 1270940298}], 'channel_id': 1387000365, 'max_id': 105428, 'read_max_id': None}",2024-03-01T13:46:50+00:00,,,"{'_': 'MessageReactions', 'results': [{'_': 'ReactionCount', 'reaction': {'_': 'ReactionEmoji', 'emoticon': '👍'}, 'count': 10, 'chosen_order': None}, {'_': 'ReactionCount', 'reaction': {'_': 'ReactionEmoji', 'emoticon': '❤'}, 'count': 10, 'chosen_order': None}, {'_': 'ReactionCount', 'reaction': {'_': 'ReactionEmoji', 'emoticon': '🐳'}, 'count': 2, 'chosen_order': None}], 'min': False, 'can_see_list': False, 'reactions_as_tags': False, 'recent_reactions': []}",[],259200
ruffgseries,https://t.me/ruffgseries,4230,2024-02-28 08:11:37,"Some people are asking why I don't post movies, well i post movies Daily but in the movie channel. If you haven't joined my movie channel you must be among those who ask this question.

Join now @RuffgMovies3  ✅

✈️https://t.me/+ExQdrqiQCEc0YTc0 
✈️https://t.me/+ExQdrqiQCEc0YTc0",False,False,False,False,True,False,False,False,False,False,1582901893,,,,,,,,,27318,7,"{'_': 'MessageReplies', 'replies': 13, 'replies_pts': 247187, 'comments': True, 'recent_repliers': [{'_': 'PeerUser', 'user_id': 6630503454}, {'_': 'PeerUser', 'user_id': 6437101529}, {'_': 'PeerUser', 'user_id': 6036435090}], 'channel_id': 1387000365, 'max_id': 105581, 'read_max_id': None}",2024-02-28T09:12:13+00:00,,,"{'_': 'MessageReactions', 'results': [{'_': 'ReactionCount', 'reaction': {'_': 'ReactionEmoji', 'emoticon': '👍'}, 'count': 14, 'chosen_order': None}, {'_': 'ReactionCount', 'reaction': {'_': 'ReactionEmoji', 'emoticon': '👏'}, 'count': 3, 'chosen_order': None}, {'_': 'ReactionCount', 'reaction': {'_': 'ReactionEmoji', 'emoticon': '🤯'}, 'count': 3, 'chosen_order': None}, {'_': 'ReactionCount', 'reaction': {'_': 'ReactionEmoji', 'emoticon': '❤'}, 'count': 2, 'chosen_order': None}], 'min': False, 'can_see_list': False, 'reactions_as_tags': False, 'recent_reactions': []}",[],259200
ruffgseries,https://t.me/ruffgseries,4231,2024-02-28 13:13:33,"<PERSON> 1 is down Due to copyright.
All files in it will be restored <DATE_TIME> God willing. Be patient",False,False,False,False,True,False,False,True,False,False,1582901893,,,,,,,,,25850,1,"{'_': 'MessageReplies', 'replies': 5, 'replies_pts': 247187, 'comments': True, 'recent_repliers': [{'_': 'PeerUser', 'user_id': 6113215384}, {'_': 'PeerUser', 'user_id': 1628812152}, {'_': 'PeerUser', 'user_id': 6937622170}], 'channel_id': 1387000365, 'max_id': 105561, 'read_max_id': None}",2024-02-28T13:13:43+00:00,,,"{'_': 'MessageReactions', 'results': [{'_': 'ReactionCount', 'reaction': {'_': 'ReactionEmoji', 'emoticon': '😭'}, 'count': 25, 'chosen_order': None}, {'_': 'ReactionCount', 'reaction': {'_': 'ReactionEmoji', 'emoticon': '💔'}, 'count': 15, 'chosen_order': None}, {'_': 'ReactionCount', 'reaction': {'_': 'ReactionEmoji', 'emoticon': '🙏'}, 'count': 7, 'chosen_order': None}, {'_': 'ReactionCount', 'reaction': {'_': 'ReactionEmoji', 'emoticon': '🕊'}, 'count': 7, 'chosen_order': None}, {'_': 'ReactionCount', 'reaction': {'_': 'ReactionEmoji', 'emoticon': '🔥'}, 'count': 6, 'chosen_order': None}, {'_': 'ReactionCount', 'reaction': {'_': 'ReactionEmoji', 'emoticon': '👍'}, 'count': 5, 'chosen_order': None}, {'_': 'ReactionCount', 'reaction': {'_': 'ReactionEmoji', 'emoticon': '❤'}, 'count': 4, 'chosen_order': None}, {'_': 'ReactionCount', 'reaction': {'_': 'ReactionEmoji', 'emoticon': '👏'}, 'count': 1, 'chosen_order': None}], 'min': False, 'can_see_list': False, 'reactions_as_tags': False, 'recent_reactions': []}",[],259200
ruffgseries,https://t.me/ruffgseries,4232,2024-02-28 15:53:24,"​️The Oval
Season     5       Episode   19

🎥<PERSON>  CLICK HERE  🟡
New Episode Update",False,False,False,False,True,False,False,True,False,False,1582901893,,,,,,,6.039327491602103e+18,,25206,9,"{'_': 'MessageReplies', 'replies': 1, 'replies_pts': 247187, 'comments': True, 'recent_repliers': [{'_': 'PeerUser', 'user_id': 1628480050}], 'channel_id': 1387000365, 'max_id': 105493, 'read_max_id': None}",2024-02-28T16:07:00+00:00,,,"{'_': 'MessageReactions', 'results': [{'_': 'ReactionCount', 'reaction': {'_': 'ReactionEmoji', 'emoticon': '👍'}, 'count': 14, 'chosen_order': None}, {'_': 'ReactionCount', 'reaction': {'_': 'ReactionEmoji', 'emoticon': '❤'}, 'count': 3, 'chosen_order': None}], 'min': False, 'can_see_list': False, 'reactions_as_tags': False, 'recent_reactions': []}",[],259200
ruffgseries,https://t.me/ruffgseries,4235,2024-02-29 04:55:30,"Fifa Uncovered
Season      1            Complete

🎥<PERSON>  CLICK HERE  🟡",False,False,False,False,True,False,False,True,False,False,1582901893,,,,,,,5.913299411537083e+18,,21319,19,"{'_': 'MessageReplies', 'replies': 1, 'replies_pts': 247187, 'comments': True, 'recent_repliers': [{'_': 'PeerUser', 'user_id': 5898976396}], 'channel_id': 1387000365, 'max_id': 105684, 'read_max_id': None}",2024-02-29T06:26:32+00:00,,,"{'_': 'MessageReactions', 'results': [{'_': 'ReactionCount', 'reaction': {'_': 'ReactionEmoji', 'emoticon': '👍'}, 'count': 9, 'chosen_order': None}, {'_': 'ReactionCount', 'reaction': {'_': 'ReactionEmoji', 'emoticon': '❤'}, 'count': 4, 'chosen_order': None}, {'_': 'ReactionCount', 'reaction': {'_': 'ReactionEmoji', 'emoticon': '👏'}, 'count': 3, 'chosen_order': None}], 'min': False, 'can_see_list': False, 'reactions_as_tags': False, 'recent_reactions': []}",[],259200
ruffgseries,https://t.me/ruffgseries,4236,2024-02-29 04:55:51,"The Hardy Boys
Season      1 - 3             Complete

🎥<PERSON>  CLICK HERE   🟡
New Season Update",False,False,False,False,True,False,False,True,False,False,1582901893,,,,,,,5.911162407609287e+18,,21196,26,"{'_': 'MessageReplies', 'replies': 0, 'replies_pts': 247187, 'comments': True, 'recent_repliers': [], 'channel_id': 1387000365, 'max_id': None, 'read_max_id': None}",2024-02-29T08:16:40+00:00,,,"{'_': 'MessageReactions', 'results': [{'_': 'ReactionCount', 'reaction': {'_': 'ReactionEmoji', 'emoticon': '❤'}, 'count': 6, 'chosen_order': None}, {'_': 'ReactionCount', 'reaction': {'_': 'ReactionEmoji', 'emoticon': '👍'}, 'count': 5, 'chosen_order': None}], 'min': False, 'can_see_list': False, 'reactions_as_tags': False, 'recent_reactions': []}",[],259200
ruffgseries,https://t.me/ruffgseries,4237,2024-02-29 04:56:50,"The <PERSON>
Season      1 - 3             Complete 

🎥<PERSON>  CLICK HERE 🟡",False,False,False,False,True,False,False,True,False,False,1582901893,,,,,,,5.9268605216661e+18,,20950,23,"{'_': 'MessageReplies', 'replies': 2, 'replies_pts': 247187, 'comments': True, 'recent_repliers': [{'_': 'PeerUser', 'user_id': 5404936985}], 'channel_id': 1387000365, 'max_id': 105544, 'read_max_id': None}",2024-02-29T05:18:21+00:00,,,"{'_': 'MessageReactions', 'results': [{'_': 'ReactionCount', 'reaction': {'_': 'ReactionEmoji', 'emoticon': '❤'}, 'count': 13, 'chosen_order': None}, {'_': 'ReactionCount', 'reaction': {'_': 'ReactionEmoji', 'emoticon': '👍'}, 'count': 4, 'chosen_order': None}, {'_': 'ReactionCount', 'reaction': {'_': 'ReactionEmoji', 'emoticon': '❤\u200d🔥'}, 'count': 4, 'chosen_order': None}], 'min': False, 'can_see_list': False, 'reactions_as_tags': False, 'recent_reactions': []}",[],259200
ruffgseries,https://t.me/ruffgseries,4238,2024-02-29 05:11:44,"Narco Saints
Season      1           Complete

🎥<PERSON>  CLICK HERE  🟡",False,False,False,False,True,False,False,True,False,False,1582901893,,,,,,,5.913299411537083e+18,,20584,22,"{'_': 'MessageReplies', 'replies': 2, 'replies_pts': 247187, 'comments': True, 'recent_repliers': [{'_': 'PeerUser', 'user_id': 5809029301}, {'_': 'PeerUser', 'user_id': 6774676401}], 'channel_id': 1387000365, 'max_id': 105660, 'read_max_id': None}",2024-02-29T08:16:52+00:00,,,"{'_': 'MessageReactions', 'results': [{'_': 'ReactionCount', 'reaction': {'_': 'ReactionEmoji', 'emoticon': '👍'}, 'count': 6, 'chosen_order': None}, {'_': 'ReactionCount', 'reaction': {'_': 'ReactionEmoji', 'emoticon': '❤'}, 'count': 6, 'chosen_order': None}, {'_': 'ReactionCount', 'reaction': {'_': 'ReactionEmoji', 'emoticon': '🤯'}, 'count': 3, 'chosen_order': None}, {'_': 'ReactionCount', 'reaction': {'_': 'ReactionEmoji', 'emoticon': '🔥'}, 'count': 2, 'chosen_order': None}], 'min': False, 'can_see_list': False, 'reactions_as_tags': False, 'recent_reactions': []}",[],259200
ruffgseries,https://t.me/ruffgseries,4239,2024-02-29 06:04:08,"Allegiance
Season      1            Episode   4

🎥<PERSON> HERE  🟡
New Episode Update",False,False,False,False,True,False,False,True,False,False,1582901893,,,,,,,5.940808380715221e+18,,20062,14,"{'_': 'MessageReplies', 'replies': 0, 'replies_pts': 247187, 'comments': True, 'recent_repliers': [], 'channel_id': 1387000365, 'max_id': None, 'read_max_id': None}",2024-02-29T06:06:33+00:00,,,"{'_': 'MessageReactions', 'results': [{'_': 'ReactionCount', 'reaction': {'_': 'ReactionEmoji', 'emoticon': '👍'}, 'count': 10, 'chosen_order': None}, {'_': 'ReactionCount', 'reaction': {'_': 'ReactionEmoji', 'emoticon': '❤'}, 'count': 4, 'chosen_order': None}, {'_': 'ReactionCount', 'reaction': {'_': 'ReactionEmoji', 'emoticon': '🔥'}, 'count': 2, 'chosen_order': None}], 'min': False, 'can_see_list': False, 'reactions_as_tags': False, 'recent_reactions': []}",[],259200
ruffgseries,https://t.me/ruffgseries,4240,2024-02-29 06:05:44,"Star Wars The Bad Batch
Season     1 - 3         Episode  4

🎥<PERSON> HERE 🟡
New Episode Update",False,False,False,False,True,False,False,True,False,False,1582901893,,,,,,,5.908985340226551e+18,,20313,16,"{'_': 'MessageReplies', 'replies': 3, 'replies_pts': 247187, 'comments': True, 'recent_repliers': [{'_': 'PeerUser', 'user_id': 1867593597}, {'_': 'PeerUser', 'user_id': 6937622170}, {'_': 'PeerUser', 'user_id': 814942695}], 'channel_id': 1387000365, 'max_id': 105674, 'read_max_id': None}",2024-02-29T06:06:33+00:00,,,"{'_': 'MessageReactions', 'results': [{'_': 'ReactionCount', 'reaction': {'_': 'ReactionEmoji', 'emoticon': '👍'}, 'count': 15, 'chosen_order': None}, {'_': 'ReactionCount', 'reaction': {'_': 'ReactionEmoji', 'emoticon': '❤'}, 'count': 2, 'chosen_order': None}, {'_': 'ReactionCount', 'reaction': {'_': 'ReactionEmoji', 'emoticon': '🔥'}, 'count': 2, 'chosen_order': None}], 'min': False, 'can_see_list': False, 'reactions_as_tags': False, 'recent_reactions': []}",[],259200
ruffgseries,https://t.me/ruffgseries,4243,2024-02-29 13:00:32,"Good Trouble
Season     1 - 5            Episode  19
 
🎥<PERSON>CLICK HERE  🟡
New Episode Update",False,False,False,False,True,False,False,True,False,False,1582901893,,,,,,,5.836999867279457e+18,,17785,9,"{'_': 'MessageReplies', 'replies': 0, 'replies_pts': 247187, 'comments': True, 'recent_repliers': [], 'channel_id': 1387000365, 'max_id': None, 'read_max_id': None}",2024-02-29T13:25:12+00:00,,,"{'_': 'MessageReactions', 'results': [{'_': 'ReactionCount', 'reaction': {'_': 'ReactionEmoji', 'emoticon': '👍'}, 'count': 4, 'chosen_order': None}, {'_': 'ReactionCount', 'reaction': {'_': 'ReactionEmoji', 'emoticon': '❤'}, 'count': 2, 'chosen_order': None}, {'_': 'ReactionCount', 'reaction': {'_': 'ReactionEmoji', 'emoticon': '👏'}, 'count': 1, 'chosen_order': None}], 'min': False, 'can_see_list': False, 'reactions_as_tags': False, 'recent_reactions': []}",[],259200
ruffgseries,https://t.me/ruffgseries,4244,2024-02-29 13:00:52,"Halo
Season      1 - 2             Episode   5

🎥<PERSON> HERE 🟡
New Episode Update",False,False,False,False,True,False,False,True,False,False,1582901893,,,,,,,5.999206110441094e+18,,17952,15,"{'_': 'MessageReplies', 'replies': 2, 'replies_pts': 247187, 'comments': True, 'recent_repliers': [{'_': 'PeerUser', 'user_id': 1614162831}, {'_': 'PeerUser', 'user_id': 6808483906}], 'channel_id': 1387000365, 'max_id': 105664, 'read_max_id': None}",2024-02-29T13:01:43+00:00,,,"{'_': 'MessageReactions', 'results': [{'_': 'ReactionCount', 'reaction': {'_': 'ReactionEmoji', 'emoticon': '🔥'}, 'count': 8, 'chosen_order': None}, {'_': 'ReactionCount', 'reaction': {'_': 'ReactionEmoji', 'emoticon': '❤'}, 'count': 6, 'chosen_order': None}, {'_': 'ReactionCount', 'reaction': {'_': 'ReactionEmoji', 'emoticon': '👍'}, 'count': 5, 'chosen_order': None}], 'min': False, 'can_see_list': False, 'reactions_as_tags': False, 'recent_reactions': []}",[],259200
ruffgseries,https://t.me/ruffgseries,4245,2024-02-29 13:01:14,"Resident Alien
Season      1 - 3             Episode   3

🎥<PERSON> HERE 🟡
New Episode Update",False,False,False,False,True,False,False,False,False,False,1582901893,,,,,,,5.945239223596597e+18,,17536,15,"{'_': 'MessageReplies', 'replies': 0, 'replies_pts': 247187, 'comments': True, 'recent_repliers': [], 'channel_id': 1387000365, 'max_id': None, 'read_max_id': None}",2024-03-01T13:48:59+00:00,,,"{'_': 'MessageReactions', 'results': [{'_': 'ReactionCount', 'reaction': {'_': 'ReactionEmoji', 'emoticon': '👍'}, 'count': 3, 'chosen_order': None}, {'_': 'ReactionCount', 'reaction': {'_': 'ReactionEmoji', 'emoticon': '❤'}, 'count': 3, 'chosen_order': None}, {'_': 'ReactionCount', 'reaction': {'_': 'ReactionEmoji', 'emoticon': '🔥'}, 'count': 2, 'chosen_order': None}], 'min': False, 'can_see_list': False, 'reactions_as_tags': False, 'recent_reactions': []}",[],259200
ruffgseries,https://t.me/ruffgseries,4246,2024-02-29 13:02:14,"​️The Oval
Season     5       Episode   20

🎥<PERSON>  CLICK HERE  🟡
New Episode Update",False,False,False,False,True,False,False,True,False,False,1582901893,,,,,,,6.039327491602103e+18,,17625,3,"{'_': 'MessageReplies', 'replies': 5, 'replies_pts': 247187, 'comments': True, 'recent_repliers': [{'_': 'PeerUser', 'user_id': 5429687636}, {'_': 'PeerUser', 'user_id': 5929607098}, {'_': 'PeerUser', 'user_id': 6966487314}], 'channel_id': 1387000365, 'max_id': 105734, 'read_max_id': None}",2024-02-29T13:24:13+00:00,,,"{'_': 'MessageReactions', 'results': [{'_': 'ReactionCount', 'reaction': {'_': 'ReactionEmoji', 'emoticon': '👍'}, 'count': 5, 'chosen_order': None}, {'_': 'ReactionCount', 'reaction': {'_': 'ReactionEmoji', 'emoticon': '🔥'}, 'count': 2, 'chosen_order': None}, {'_': 'ReactionCount', 'reaction': {'_': 'ReactionEmoji', 'emoticon': '❤'}, 'count': 1, 'chosen_order': None}], 'min': False, 'can_see_list': False, 'reactions_as_tags': False, 'recent_reactions': []}",[],259200
ruffgseries,https://t.me/ruffgseries,4247,2024-02-29 13:02:30,"Wild Cards
Season      1            Episode  8

🎥<PERSON> HERE 🟡
New Episode Update",False,False,False,False,True,False,False,True,False,False,1582901893,,,,,,,5.843521191002882e+18,,18195,13,"{'_': 'MessageReplies', 'replies': 0, 'replies_pts': 247187, 'comments': True, 'recent_repliers': [], 'channel_id': 1387000365, 'max_id': None, 'read_max_id': None}",2024-02-29T13:03:24+00:00,,,"{'_': 'MessageReactions', 'results': [{'_': 'ReactionCount', 'reaction': {'_': 'ReactionEmoji', 'emoticon': '👍'}, 'count': 7, 'chosen_order': None}, {'_': 'ReactionCount', 'reaction': {'_': 'ReactionEmoji', 'emoticon': '❤'}, 'count': 2, 'chosen_order': None}], 'min': False, 'can_see_list': False, 'reactions_as_tags': False, 'recent_reactions': []}",[],259200
ruffgseries,https://t.me/ruffgseries,4248,2024-02-29 13:09:13,"Chicago PD
Season       1 - 11              Episode   6

🎥<PERSON> HERE  🟡
New Episode Update",False,False,False,False,True,False,False,True,False,False,1582901893,,,,,,,5.85487539661136e+18,,19028,9,"{'_': 'MessageReplies', 'replies': 0, 'replies_pts': 247187, 'comments': True, 'recent_repliers': [], 'channel_id': 1387000365, 'max_id': None, 'read_max_id': None}",2024-02-29T13:17:59+00:00,,,"{'_': 'MessageReactions', 'results': [{'_': 'ReactionCount', 'reaction': {'_': 'ReactionEmoji', 'emoticon': '👍'}, 'count': 6, 'chosen_order': None}, {'_': 'ReactionCount', 'reaction': {'_': 'ReactionEmoji', 'emoticon': '❤'}, 'count': 1, 'chosen_order': None}], 'min': False, 'can_see_list': False, 'reactions_as_tags': False, 'recent_reactions': []}",[],259200
ruffgseries,https://t.me/ruffgseries,4249,2024-02-29 13:10:02,"Chicago Med
Season      1 - 9             Episode   6

🎥<PERSON> HERE  🟡
New Episode Update",False,False,False,False,True,False,False,True,False,False,1582901893,,,,,,,5.85487539661136e+18,,19643,10,"{'_': 'MessageReplies', 'replies': 2, 'replies_pts': 247187, 'comments': True, 'recent_repliers': [{'_': 'PeerUser', 'user_id': 6899703126}, {'_': 'PeerUser', 'user_id': 6777976052}], 'channel_id': 1387000365, 'max_id': 105768, 'read_max_id': None}",2024-02-29T13:10:28+00:00,,,"{'_': 'MessageReactions', 'results': [{'_': 'ReactionCount', 'reaction': {'_': 'ReactionEmoji', 'emoticon': '👍'}, 'count': 7, 'chosen_order': None}, {'_': 'ReactionCount', 'reaction': {'_': 'ReactionEmoji', 'emoticon': '❤'}, 'count': 2, 'chosen_order': None}, {'_': 'ReactionCount', 'reaction': {'_': 'ReactionEmoji', 'emoticon': '🔥'}, 'count': 2, 'chosen_order': None}], 'min': False, 'can_see_list': False, 'reactions_as_tags': False, 'recent_reactions': []}",[],259200
ruffgseries,https://t.me/ruffgseries,4250,2024-02-29 13:22:07,"Chicago Fire
Season      1 - 12           Episode  6

🎥<PERSON> HERE   🟡
New Episode Update",False,False,False,False,True,False,False,True,False,False,1582901893,,,,,,,5.85487539661136e+18,,20069,6,"{'_': 'MessageReplies', 'replies': 3, 'replies_pts': 247187, 'comments': True, 'recent_repliers': [{'_': 'PeerUser', 'user_id': 2106899180}, {'_': 'PeerUser', 'user_id': 5031228205}, {'_': 'PeerUser', 'user_id': 6350977580}], 'channel_id': 1387000365, 'max_id': 105708, 'read_max_id': None}",2024-02-29T13:23:54+00:00,,,"{'_': 'MessageReactions', 'results': [{'_': 'ReactionCount', 'reaction': {'_': 'ReactionEmoji', 'emoticon': '👍'}, 'count': 8, 'chosen_order': None}, {'_': 'ReactionCount', 'reaction': {'_': 'ReactionEmoji', 'emoticon': '❤'}, 'count': 2, 'chosen_order': None}, {'_': 'ReactionCount', 'reaction': {'_': 'ReactionEmoji', 'emoticon': '👏'}, 'count': 1, 'chosen_order': None}], 'min': False, 'can_see_list': False, 'reactions_as_tags': False, 'recent_reactions': []}",[],259200
ruffgseries,https://t.me/ruffgseries,4253,2024-02-29 16:23:54,"Succession
Season       1 - 4            Complete 
  
🎥<PERSON> HERE  🟡",False,False,False,False,True,False,False,True,False,False,1582901893,,,,,,,5.78286194195233e+18,,18797,16,"{'_': 'MessageReplies', 'replies': 3, 'replies_pts': 247187, 'comments': True, 'recent_repliers': [{'_': 'PeerUser', 'user_id': 5031228205}, {'_': 'PeerUser', 'user_id': 1211760986}, {'_': 'PeerUser', 'user_id': 1161744840}], 'channel_id': 1387000365, 'max_id': 105661, 'read_max_id': None}",2024-02-29T16:24:26+00:00,,,"{'_': 'MessageReactions', 'results': [{'_': 'ReactionCount', 'reaction': {'_': 'ReactionEmoji', 'emoticon': '👍'}, 'count': 11, 'chosen_order': None}, {'_': 'ReactionCount', 'reaction': {'_': 'ReactionEmoji', 'emoticon': '❤'}, 'count': 4, 'chosen_order': None}], 'min': False, 'can_see_list': False, 'reactions_as_tags': False, 'recent_reactions': []}",[],259200
ruffgseries,https://t.me/ruffgseries,4258,2024-03-01 05:14:49,"Good Omens
Season      1 - 2           Complete

🎥<PERSON>  CLICK HERE  🟡
New Season Update",False,False,False,False,True,False,False,True,False,False,1582901893,,,,,,,5.918247677718543e+18,,13956,19,"{'_': 'MessageReplies', 'replies': 0, 'replies_pts': 247187, 'comments': True, 'recent_repliers': [], 'channel_id': 1387000365, 'max_id': None, 'read_max_id': None}",2024-03-01T10:43:16+00:00,,,"{'_': 'MessageReactions', 'results': [{'_': 'ReactionCount', 'reaction': {'_': 'ReactionEmoji', 'emoticon': '👍'}, 'count': 5, 'chosen_order': None}], 'min': False, 'can_see_list': False, 'reactions_as_tags': False, 'recent_reactions': []}",[],259200
ruffgseries,https://t.me/ruffgseries,4259,2024-03-01 05:17:14,"This Fool
Season      1 - 2          Complete
 
🎥🍿  CLICK HERE  🟡
New Season Update",False,False,False,False,True,False,False,True,False,False,1582901893,,"{'_': 'MessageFwdHeader', 'date': '2024-02-01T07:28:46+00:00', 'imported': False, 'saved_out': False, 'from_id': {'_': 'PeerChannel', 'channel_id': 1847409308}, 'from_name': None, 'channel_post': 364, 'post_author': None, 'saved_from_peer': None, 'saved_from_msg_id': None, 'saved_from_id': None, 'saved_from_name': None, 'saved_date': None, 'psa_type': None}",,,,,5.904496987733082e+18,,13698,7,"{'_': 'MessageReplies', 'replies': 0, 'replies_pts': 247187, 'comments': True, 'recent_repliers': [], 'channel_id': 1387000365, 'max_id': None, 'read_max_id': None}",2024-03-01T05:28:36+00:00,,,"{'_': 'MessageReactions', 'results': [{'_': 'ReactionCount', 'reaction': {'_': 'ReactionEmoji', 'emoticon': '👍'}, 'count': 7, 'chosen_order': None}, {'_': 'ReactionCount', 'reaction': {'_': 'ReactionEmoji', 'emoticon': '❤'}, 'count': 1, 'chosen_order': None}], 'min': False, 'can_see_list': False, 'reactions_as_tags': False, 'recent_reactions': []}",[],259200
ruffgseries,https://t.me/ruffgseries,4260,2024-03-01 05:18:04,"Big Dogs
Season      1           Complete

🎥<PERSON>  CLICK HERE 🟡",False,False,False,False,True,False,False,True,False,False,1582901893,,,,,,,5.918247677718544e+18,,13610,11,"{'_': 'MessageReplies', 'replies': 0, 'replies_pts': 247187, 'comments': True, 'recent_repliers': [], 'channel_id': 1387000365, 'max_id': None, 'read_max_id': None}",2024-03-01T05:18:37+00:00,,,"{'_': 'MessageReactions', 'results': [{'_': 'ReactionCount', 'reaction': {'_': 'ReactionEmoji', 'emoticon': '👍'}, 'count': 3, 'chosen_order': None}, {'_': 'ReactionCount', 'reaction': {'_': 'ReactionEmoji', 'emoticon': '❤'}, 'count': 3, 'chosen_order': None}, {'_': 'ReactionCount', 'reaction': {'_': 'ReactionEmoji', 'emoticon': '🥰'}, 'count': 1, 'chosen_order': None}], 'min': False, 'can_see_list': False, 'reactions_as_tags': False, 'recent_reactions': []}",[],259200
ruffgseries,https://t.me/ruffgseries,4261,2024-03-01 05:18:32,"Just Beyond
Season    1        Complete

🎥<PERSON>  CLICK HERE  🟡",False,False,False,False,True,False,False,True,False,False,1582901893,,,,,,,5.920186743783538e+18,,13679,16,"{'_': 'MessageReplies', 'replies': 2, 'replies_pts': 247187, 'comments': True, 'recent_repliers': [{'_': 'PeerUser', 'user_id': 1447112371}], 'channel_id': 1387000365, 'max_id': 105671, 'read_max_id': None}",2024-03-01T05:18:51+00:00,,,"{'_': 'MessageReactions', 'results': [{'_': 'ReactionCount', 'reaction': {'_': 'ReactionEmoji', 'emoticon': '👍'}, 'count': 3, 'chosen_order': None}, {'_': 'ReactionCount', 'reaction': {'_': 'ReactionEmoji', 'emoticon': '❤'}, 'count': 1, 'chosen_order': None}], 'min': False, 'can_see_list': False, 'reactions_as_tags': False, 'recent_reactions': []}",[],259200
ruffgseries,https://t.me/ruffgseries,4262,2024-03-01 05:58:01,"So Help Me Todd
Season      1 - 2             Episode  3

🎥<PERSON> HERE  🟡
New Episode Update",False,False,False,False,True,False,False,True,False,False,1582901893,,,,,,,5.945008089931563e+18,,13113,6,"{'_': 'MessageReplies', 'replies': 0, 'replies_pts': 247187, 'comments': True, 'recent_repliers': [], 'channel_id': 1387000365, 'max_id': None, 'read_max_id': None}",2024-03-01T11:29:09+00:00,,,"{'_': 'MessageReactions', 'results': [{'_': 'ReactionCount', 'reaction': {'_': 'ReactionEmoji', 'emoticon': '👍'}, 'count': 3, 'chosen_order': None}], 'min': False, 'can_see_list': False, 'reactions_as_tags': False, 'recent_reactions': []}",[],259200
ruffgseries,https://t.me/ruffgseries,4263,2024-03-01 05:58:53,"Ghosts
Season      1 - 3              Episode  3

🎥<PERSON> HERE 🟡
New Episode Update",False,False,False,False,True,False,False,True,False,False,1582901893,,,,,,,6.041707354455653e+18,,13264,8,"{'_': 'MessageReplies', 'replies': 3, 'replies_pts': 247187, 'comments': True, 'recent_repliers': [{'_': 'PeerUser', 'user_id': 5764733962}, {'_': 'PeerUser', 'user_id': 646619553}, {'_': 'PeerUser', 'user_id': 5739631002}], 'channel_id': 1387000365, 'max_id': 105789, 'read_max_id': None}",2024-03-01T06:16:09+00:00,,,"{'_': 'MessageReactions', 'results': [{'_': 'ReactionCount', 'reaction': {'_': 'ReactionEmoji', 'emoticon': '👍'}, 'count': 5, 'chosen_order': None}, {'_': 'ReactionCount', 'reaction': {'_': 'ReactionEmoji', 'emoticon': '❤'}, 'count': 1, 'chosen_order': None}], 'min': False, 'can_see_list': False, 'reactions_as_tags': False, 'recent_reactions': []}",[],259200
ruffgseries,https://t.me/ruffgseries,4264,2024-03-01 06:51:34,"All the Queen's Men
Season     1 - 3             Episode  16

🎥<PERSON>   CLICK HERE 🟡
New Episode Update",False,False,False,False,True,False,False,True,False,False,1582901893,,,,,,,6.039455554641968e+18,,12676,11,"{'_': 'MessageReplies', 'replies': 6, 'replies_pts': 247187, 'comments': True, 'recent_repliers': [{'_': 'PeerUser', 'user_id': 1026148167}, {'_': 'PeerUser', 'user_id': 6282280497}, {'_': 'PeerUser', 'user_id': 6158723398}], 'channel_id': 1387000365, 'max_id': 105803, 'read_max_id': None}",2024-03-01T06:54:43+00:00,,,"{'_': 'MessageReactions', 'results': [{'_': 'ReactionCount', 'reaction': {'_': 'ReactionEmoji', 'emoticon': '🥰'}, 'count': 10, 'chosen_order': None}, {'_': 'ReactionCount', 'reaction': {'_': 'ReactionEmoji', 'emoticon': '👍'}, 'count': 5, 'chosen_order': None}, {'_': 'ReactionCount', 'reaction': {'_': 'ReactionEmoji', 'emoticon': '❤'}, 'count': 4, 'chosen_order': None}], 'min': False, 'can_see_list': False, 'reactions_as_tags': False, 'recent_reactions': []}",[],259200
ruffgseries,https://t.me/ruffgseries,4265,2024-03-01 06:55:53,"Dead Hot 
Season      1             Episode   1 - 6

🎥<PERSON> HERE 🟡
New Series Premier",False,False,False,False,True,False,False,True,False,False,1582901893,,,,,,,5.983525373821961e+18,,13002,14,"{'_': 'MessageReplies', 'replies': 0, 'replies_pts': 247187, 'comments': True, 'recent_repliers': [], 'channel_id': 1387000365, 'max_id': None, 'read_max_id': None}",2024-03-01T08:13:16+00:00,,,"{'_': 'MessageReactions', 'results': [{'_': 'ReactionCount', 'reaction': {'_': 'ReactionEmoji', 'emoticon': '👍'}, 'count': 6, 'chosen_order': None}, {'_': 'ReactionCount', 'reaction': {'_': 'ReactionEmoji', 'emoticon': '❤'}, 'count': 2, 'chosen_order': None}], 'min': False, 'can_see_list': False, 'reactions_as_tags': False, 'recent_reactions': []}",[],259200
ruffgseries,https://t.me/ruffgseries,4266,2024-03-01 07:04:29,"The Completely Made-Up Adventures of <PERSON>
Season       1              Episode  1 - 2

🎥<PERSON> HERE 🟡
New Series Premier",False,False,False,False,True,False,False,True,False,False,1582901893,,,,,,,5.983525373821961e+18,,13209,11,"{'_': 'MessageReplies', 'replies': 0, 'replies_pts': 247187, 'comments': True, 'recent_repliers': [], 'channel_id': 1387000365, 'max_id': None, 'read_max_id': None}",2024-03-01T17:52:14+00:00,,,"{'_': 'MessageReactions', 'results': [{'_': 'ReactionCount', 'reaction': {'_': 'ReactionEmoji', 'emoticon': '👍'}, 'count': 2, 'chosen_order': None}], 'min': False, 'can_see_list': False, 'reactions_as_tags': False, 'recent_reactions': []}",[],259200
ruffgseries,https://t.me/ruffgseries,4267,2024-03-01 07:14:44,"<PERSON>                 Episode 1

🎥<PERSON> HERE 🟡
New Series Premier",False,False,False,False,True,False,False,True,False,False,1582901893,,,,,,,5.983525373821961e+18,,13516,9,"{'_': 'MessageReplies', 'replies': 0, 'replies_pts': 247187, 'comments': True, 'recent_repliers': [], 'channel_id': 1387000365, 'max_id': None, 'read_max_id': None}",2024-03-01T08:00:33+00:00,,,"{'_': 'MessageReactions', 'results': [{'_': 'ReactionCount', 'reaction': {'_': 'ReactionEmoji', 'emoticon': '👍'}, 'count': 6, 'chosen_order': None}, {'_': 'ReactionCount', 'reaction': {'_': 'ReactionEmoji', 'emoticon': '❤'}, 'count': 1, 'chosen_order': None}], 'min': False, 'can_see_list': False, 'reactions_as_tags': False, 'recent_reactions': []}",[],259200
ruffgseries,https://t.me/ruffgseries,4269,2024-03-01 07:22:06,"BMF - Black Mafia Family
Season       1 - 3              Episode  1

🎥<PERSON>  CLICK HERE 🟡
New Season Premier",False,False,False,False,True,False,False,True,False,False,1582901893,,,,,,,5.983525373821961e+18,,13768,11,"{'_': 'MessageReplies', 'replies': 2, 'replies_pts': 247187, 'comments': True, 'recent_repliers': [{'_': 'PeerUser', 'user_id': 1260439424}, {'_': 'PeerUser', 'user_id': 6970470883}], 'channel_id': 1387000365, 'max_id': 105759, 'read_max_id': None}",2024-03-01T07:23:30+00:00,,,"{'_': 'MessageReactions', 'results': [{'_': 'ReactionCount', 'reaction': {'_': 'ReactionEmoji', 'emoticon': '❤'}, 'count': 9, 'chosen_order': None}, {'_': 'ReactionCount', 'reaction': {'_': 'ReactionEmoji', 'emoticon': '👍'}, 'count': 6, 'chosen_order': None}], 'min': False, 'can_see_list': False, 'reactions_as_tags': False, 'recent_reactions': []}",[],259200
ruffgseries,https://t.me/ruffgseries,4272,2024-03-01 09:53:10,"Masters of The Air
Season       1            Episode 7

🎥<PERSON> HERE  🟡
New Episode Update",False,False,False,False,True,False,False,True,False,False,1582901893,,,,,,,5.879923315169149e+18,,12631,9,"{'_': 'MessageReplies', 'replies': 0, 'replies_pts': 247187, 'comments': True, 'recent_repliers': [], 'channel_id': 1387000365, 'max_id': None, 'read_max_id': None}",2024-03-01T10:22:42+00:00,,,"{'_': 'MessageReactions', 'results': [{'_': 'ReactionCount', 'reaction': {'_': 'ReactionEmoji', 'emoticon': '👍'}, 'count': 8, 'chosen_order': None}, {'_': 'ReactionCount', 'reaction': {'_': 'ReactionEmoji', 'emoticon': '👎'}, 'count': 1, 'chosen_order': None}], 'min': False, 'can_see_list': False, 'reactions_as_tags': False, 'recent_reactions': []}",[],259200
ruffgseries,https://t.me/ruffgseries,4273,2024-03-01 09:53:33,"Young Sheldon
Season     1 - 7             Episode  3

🎥<PERSON> HERE 🟡
New Episode Update",False,False,False,False,True,False,False,True,False,False,1582901893,,,,,,,5.785112947197066e+18,,13127,6,"{'_': 'MessageReplies', 'replies': 0, 'replies_pts': 247187, 'comments': True, 'recent_repliers': [], 'channel_id': 1387000365, 'max_id': None, 'read_max_id': None}",2024-03-01T17:52:23+00:00,,,"{'_': 'MessageReactions', 'results': [{'_': 'ReactionCount', 'reaction': {'_': 'ReactionEmoji', 'emoticon': '👍'}, 'count': 5, 'chosen_order': None}, {'_': 'ReactionCount', 'reaction': {'_': 'ReactionEmoji', 'emoticon': '❤'}, 'count': 1, 'chosen_order': None}], 'min': False, 'can_see_list': False, 'reactions_as_tags': False, 'recent_reactions': []}",[],259200
ruffgseries,https://t.me/ruffgseries,4274,2024-03-01 09:59:35,"Not Dead Yet 
Season     1 - 2            Episode  4

🎥<PERSON>   CLICK HERE 🟡
New Episode Update",False,False,False,False,True,False,False,True,False,False,1582901893,,,,,,,5.99441394055104e+18,,13397,6,"{'_': 'MessageReplies', 'replies': 0, 'replies_pts': 247187, 'comments': True, 'recent_repliers': [], 'channel_id': 1387000365, 'max_id': None, 'read_max_id': None}",2024-03-01T13:48:36+00:00,,,"{'_': 'MessageReactions', 'results': [{'_': 'ReactionCount', 'reaction': {'_': 'ReactionEmoji', 'emoticon': '👍'}, 'count': 6, 'chosen_order': None}], 'min': False, 'can_see_list': False, 'reactions_as_tags': False, 'recent_reactions': []}",[],259200
ruffgseries,https://t.me/ruffgseries,4275,2024-03-01 10:00:13,"Tokyo Vice
Season      1 - 2           Episode 5

🎥<PERSON> HERE 🟡
New Episode Update",False,False,False,False,True,False,False,True,False,False,1582901893,,,,,,,5.981254126396358e+18,,14309,5,"{'_': 'MessageReplies', 'replies': 2, 'replies_pts': 247187, 'comments': True, 'recent_repliers': [{'_': 'PeerUser', 'user_id': 2065458044}, {'_': 'PeerUser', 'user_id': 5498055153}], 'channel_id': 1387000365, 'max_id': 105788, 'read_max_id': None}",2024-03-01T10:00:18+00:00,,,"{'_': 'MessageReactions', 'results': [{'_': 'ReactionCount', 'reaction': {'_': 'ReactionEmoji', 'emoticon': '👍'}, 'count': 9, 'chosen_order': None}, {'_': 'ReactionCount', 'reaction': {'_': 'ReactionEmoji', 'emoticon': '❤'}, 'count': 3, 'chosen_order': None}, {'_': 'ReactionCount', 'reaction': {'_': 'ReactionEmoji', 'emoticon': '😇'}, 'count': 1, 'chosen_order': None}], 'min': False, 'can_see_list': False, 'reactions_as_tags': False, 'recent_reactions': []}",[],259200
ruffgseries,https://t.me/ruffgseries,4277,2024-03-01 11:14:40,"The Walking Dead: The Ones Who Live
Season       1              Episode  1

🎥<PERSON> HERE  🟡
New Series Premier",False,False,False,False,True,False,False,True,False,False,1582901893,,,,,,,5.971867385176637e+18,,13685,9,"{'_': 'MessageReplies', 'replies': 6, 'replies_pts': 247187, 'comments': True, 'recent_repliers': [{'_': 'PeerUser', 'user_id': 6158057077}, {'_': 'PeerUser', 'user_id': 1766190278}, {'_': 'PeerUser', 'user_id': 5249376331}], 'channel_id': 1387000365, 'max_id': 105796, 'read_max_id': None}",2024-03-01T11:23:08+00:00,,,"{'_': 'MessageReactions', 'results': [{'_': 'ReactionCount', 'reaction': {'_': 'ReactionEmoji', 'emoticon': '👍'}, 'count': 18, 'chosen_order': None}, {'_': 'ReactionCount', 'reaction': {'_': 'ReactionEmoji', 'emoticon': '❤'}, 'count': 4, 'chosen_order': None}], 'min': False, 'can_see_list': False, 'reactions_as_tags': False, 'recent_reactions': []}",[],259200
ruffgseries,https://t.me/ruffgseries,4278,2024-03-01 17:38:36,"Hightown
Season      1 - 3              Episode 6

🎥<PERSON> HERE  🟡
New Episode Update",False,False,False,False,True,False,False,True,False,False,1582901893,,,,,,,5.881890474615226e+18,,8689,4,"{'_': 'MessageReplies', 'replies': 1, 'replies_pts': 247187, 'comments': True, 'recent_repliers': [{'_': 'PeerUser', 'user_id': 5814564281}], 'channel_id': 1387000365, 'max_id': 105810, 'read_max_id': None}",2024-03-01T17:52:27+00:00,,,"{'_': 'MessageReactions', 'results': [{'_': 'ReactionCount', 'reaction': {'_': 'ReactionEmoji', 'emoticon': '👍'}, 'count': 3, 'chosen_order': None}], 'min': False, 'can_see_list': False, 'reactions_as_tags': False, 'recent_reactions': []}",[],259200
ruffgseries,https://t.me/ruffgseries,4281,2024-03-01 19:24:33,"Some people are asking why I don't post movies, well i post movies Daily but in the movie channel. If you haven't joined my movie channel you must be among those who ask this question.

Join now @RuffgMovies3  ✅

✈️https://t.me/+ExQdrqiQCEc0YTc0 
✈️https://t.me/+ExQdrqiQCEc0YTc0",False,False,False,False,True,False,False,True,False,False,1582901893,,,,,,,,,6364,0,"{'_': 'MessageReplies', 'replies': 6, 'replies_pts': 247187, 'comments': True, 'recent_repliers': [{'_': 'PeerUser', 'user_id': 5490584719}, {'_': 'PeerUser', 'user_id': 6308728636}, {'_': 'PeerUser', 'user_id': 5253827702}], 'channel_id': 1387000365, 'max_id': 105818, 'read_max_id': None}",2024-03-01T19:38:30+00:00,,,"{'_': 'MessageReactions', 'results': [{'_': 'ReactionCount', 'reaction': {'_': 'ReactionEmoji', 'emoticon': '👍'}, 'count': 6, 'chosen_order': None}, {'_': 'ReactionCount', 'reaction': {'_': 'ReactionEmoji', 'emoticon': '❤'}, 'count': 1, 'chosen_order': None}], 'min': False, 'can_see_list': False, 'reactions_as_tags': False, 'recent_reactions': []}",[],259200
