Channel ID,URL,Post ID,date,message,out,mentioned,media_unread,silent,post,from_scheduled,legacy,edit_hide,pinned,noforwards,peer_channel,from_id_user,fwd_from,via_bot_id,reply_to_msg_id,reply_to_scheduled,forum_topic,media_photo_id,reply_markup,views,forwards,replies,edit_date,post_author,grouped_id,reactions,restriction_reason,ttl_period
solo_leveling_hindi,https://t.me/solo_leveling_hindi,17,2024-02-02 12:30:37,"Solo Leveling S1
• Episode: 1 to 6 Added 💃
• Audio track: Hindi | #Official
• Quality: 480p, 720p, 1080p
<PERSON> Solo leveling Hindi S1⬇️

• Download in Hindi | Ep 2",False,False,False,False,True,False,False,False,False,False,2049629207,,,,,,,6.260541968320936e+18,,30385,23,"{'_': 'MessageReplies', 'replies': 0, 'replies_pts': 0, 'comments': True, 'recent_repliers': [], 'channel_id': 777, 'max_id': None, 'read_max_id': None}",2024-02-25T18:47:40+00:00,,,"{'_': 'MessageReactions', 'results': [{'_': 'ReactionCount', 'reaction': {'_': 'ReactionEmoji', 'emoticon': '👍'}, 'count': 74, 'chosen_order': None}, {'_': 'ReactionCount', 'reaction': {'_': 'ReactionEmoji', 'emoticon': '🤔'}, 'count': 30, 'chosen_order': None}, {'_': 'ReactionCount', 'reaction': {'_': 'ReactionEmoji', 'emoticon': '❤'}, 'count': 15, 'chosen_order': None}, {'_': 'ReactionCount', 'reaction': {'_': 'ReactionEmoji', 'emoticon': '😇'}, 'count': 1, 'chosen_order': None}], 'min': False, 'can_see_list': False, 'reactions_as_tags': False, 'recent_reactions': []}",[],
solo_leveling_hindi,https://t.me/solo_leveling_hindi,18,2024-02-02 12:30:37,"Ep 1 To 6  Download 🫴🫴🙂
https://t.me/+0bmnlq4HVHc3ZWQ1
https://t.me/+0bmnlq4HVHc3ZWQ1
https://t.me/+0bmnlq4HVHc3ZWQ1

Download In Hindi✨",False,False,False,False,True,False,False,False,False,False,2049629207,,,,17.0,False,False,,,30386,21,"{'_': 'MessageReplies', 'replies': 0, 'replies_pts': 0, 'comments': True, 'recent_repliers': [], 'channel_id': 777, 'max_id': None, 'read_max_id': None}",2024-02-25T18:47:32+00:00,,,"{'_': 'MessageReactions', 'results': [{'_': 'ReactionCount', 'reaction': {'_': 'ReactionEmoji', 'emoticon': '👍'}, 'count': 43, 'chosen_order': None}, {'_': 'ReactionCount', 'reaction': {'_': 'ReactionEmoji', 'emoticon': '🔥'}, 'count': 6, 'chosen_order': None}, {'_': 'ReactionCount', 'reaction': {'_': 'ReactionEmoji', 'emoticon': '💔'}, 'count': 4, 'chosen_order': None}, {'_': 'ReactionCount', 'reaction': {'_': 'ReactionEmoji', 'emoticon': '🤓'}, 'count': 4, 'chosen_order': None}, {'_': 'ReactionCount', 'reaction': {'_': 'ReactionEmoji', 'emoticon': '❤'}, 'count': 3, 'chosen_order': None}, {'_': 'ReactionCount', 'reaction': {'_': 'ReactionEmoji', 'emoticon': '😁'}, 'count': 3, 'chosen_order': None}, {'_': 'ReactionCount', 'reaction': {'_': 'ReactionEmoji', 'emoticon': '🗿'}, 'count': 1, 'chosen_order': None}], 'min': False, 'can_see_list': False, 'reactions_as_tags': False, 'recent_reactions': []}",[],
