Channel ID,URL,Post ID,date,message,out,mentioned,media_unread,silent,post,from_scheduled,legacy,edit_hide,pinned,noforwards,peer_channel,from_id_user,fwd_from,via_bot_id,reply_to_msg_id,reply_to_scheduled,forum_topic,media_photo_id,reply_markup,views,forwards,replies,edit_date,post_author,grouped_id,reactions,restriction_reason,ttl_period
spy_x_family_in_hindi_dubbed_d,https://t.me/spy_x_family_in_hindi_dubbed_d,2,2024-01-21 08:21:33,,False,False,False,False,True,,False,,,,2018249550,,,,,,,,,,,,,,,,,
spy_x_family_in_hindi_dubbed_d,https://t.me/spy_x_family_in_hindi_dubbed_d,3,2024-01-21 08:22:03,"📟 Episode - 1 FHD | Part 1 End
🎧 Language - Hindi #Official
📀 Quality : 480p
📡 https://t.me/Crunchyroll_official_chanel",False,False,False,False,True,False,False,False,False,False,2018249550,,"{'_': 'MessageFwdHeader', 'date': '2024-01-21T08:05:52+00:00', 'imported': False, 'saved_out': False, 'from_id': {'_': 'PeerChannel', 'channel_id': 2092122702}, 'from_name': None, 'channel_post': 3, 'post_author': None, 'saved_from_peer': None, 'saved_from_msg_id': None, 'saved_from_id': None, 'saved_from_name': None, 'saved_date': None, 'psa_type': None}",,,,,,,67.0,0.0,,,,,,[],
spy_x_family_in_hindi_dubbed_d,https://t.me/spy_x_family_in_hindi_dubbed_d,4,2024-01-21 08:22:03,"📟 Episode - 2 FHD | Part 1 End
🎧 Language - Hindi #Official
📀 Quality : 480p
📡 https://t.me/Crunchyroll_official_chanel",False,False,False,False,True,False,False,False,False,False,2018249550,,"{'_': 'MessageFwdHeader', 'date': '2024-01-21T08:05:52+00:00', 'imported': False, 'saved_out': False, 'from_id': {'_': 'PeerChannel', 'channel_id': 2092122702}, 'from_name': None, 'channel_post': 4, 'post_author': None, 'saved_from_peer': None, 'saved_from_msg_id': None, 'saved_from_id': None, 'saved_from_name': None, 'saved_date': None, 'psa_type': None}",,,,,,,60.0,0.0,,,,,,[],
spy_x_family_in_hindi_dubbed_d,https://t.me/spy_x_family_in_hindi_dubbed_d,5,2024-01-21 08:22:03,"📟 Episode - 3 FHD | Part 1 End
🎧 Language - Hindi #Official
📀 Quality : 480p
📡 https://t.me/Crunchyroll_official_chanel",False,False,False,False,True,False,False,False,False,False,2018249550,,"{'_': 'MessageFwdHeader', 'date': '2024-01-21T08:05:53+00:00', 'imported': False, 'saved_out': False, 'from_id': {'_': 'PeerChannel', 'channel_id': 2092122702}, 'from_name': None, 'channel_post': 5, 'post_author': None, 'saved_from_peer': None, 'saved_from_msg_id': None, 'saved_from_id': None, 'saved_from_name': None, 'saved_date': None, 'psa_type': None}",,,,,,,47.0,0.0,,,,,,[],
spy_x_family_in_hindi_dubbed_d,https://t.me/spy_x_family_in_hindi_dubbed_d,6,2024-01-21 08:22:03,"📟 Episode - 4 FHD | Part 1 End
🎧 Language - Hindi #Official
📀 Quality : 480p
📡 https://t.me/Crunchyroll_official_chanel",False,False,False,False,True,False,False,False,False,False,2018249550,,"{'_': 'MessageFwdHeader', 'date': '2024-01-21T08:05:53+00:00', 'imported': False, 'saved_out': False, 'from_id': {'_': 'PeerChannel', 'channel_id': 2092122702}, 'from_name': None, 'channel_post': 6, 'post_author': None, 'saved_from_peer': None, 'saved_from_msg_id': None, 'saved_from_id': None, 'saved_from_name': None, 'saved_date': None, 'psa_type': None}",,,,,,,49.0,0.0,,,,,,[],
spy_x_family_in_hindi_dubbed_d,https://t.me/spy_x_family_in_hindi_dubbed_d,7,2024-01-21 08:22:03,"📟 Episode - 5 FHD | Part 1 End
🎧 Language - Hindi #Official
📀 Quality : 480p
📡 https://t.me/Crunchyroll_official_chanel",False,False,False,False,True,False,False,False,False,False,2018249550,,"{'_': 'MessageFwdHeader', 'date': '2024-01-21T08:05:53+00:00', 'imported': False, 'saved_out': False, 'from_id': {'_': 'PeerChannel', 'channel_id': 2092122702}, 'from_name': None, 'channel_post': 7, 'post_author': None, 'saved_from_peer': None, 'saved_from_msg_id': None, 'saved_from_id': None, 'saved_from_name': None, 'saved_date': None, 'psa_type': None}",,,,,,,51.0,0.0,,,,,,[],
spy_x_family_in_hindi_dubbed_d,https://t.me/spy_x_family_in_hindi_dubbed_d,8,2024-01-21 08:22:03,"📟 Episode - 6 FHD | Part 1 End
🎧 Language - Hindi #Official
📀 Quality : 480p
📡 https://t.me/Crunchyroll_official_chanel",False,False,False,False,True,False,False,False,False,False,2018249550,,"{'_': 'MessageFwdHeader', 'date': '2024-01-21T08:05:53+00:00', 'imported': False, 'saved_out': False, 'from_id': {'_': 'PeerChannel', 'channel_id': 2092122702}, 'from_name': None, 'channel_post': 8, 'post_author': None, 'saved_from_peer': None, 'saved_from_msg_id': None, 'saved_from_id': None, 'saved_from_name': None, 'saved_date': None, 'psa_type': None}",,,,,,,51.0,0.0,,,,,,[],
spy_x_family_in_hindi_dubbed_d,https://t.me/spy_x_family_in_hindi_dubbed_d,9,2024-01-21 08:22:03,"📟 Episode - 7 FHD | Part 1 End
🎧 Language - Hindi #Official
📀 Quality : 480p
📡 https://t.me/Crunchyroll_official_chanel",False,False,False,False,True,False,False,False,False,False,2018249550,,"{'_': 'MessageFwdHeader', 'date': '2024-01-21T08:05:53+00:00', 'imported': False, 'saved_out': False, 'from_id': {'_': 'PeerChannel', 'channel_id': 2092122702}, 'from_name': None, 'channel_post': 9, 'post_author': None, 'saved_from_peer': None, 'saved_from_msg_id': None, 'saved_from_id': None, 'saved_from_name': None, 'saved_date': None, 'psa_type': None}",,,,,,,51.0,0.0,,,,,,[],
spy_x_family_in_hindi_dubbed_d,https://t.me/spy_x_family_in_hindi_dubbed_d,10,2024-01-21 08:22:03,"📟 Episode - 8 FHD | Part 1 End
🎧 Language - Hindi #Official
📀 Quality : 480p
📡 https://t.me/Crunchyroll_official_chanel",False,False,False,False,True,False,False,False,False,False,2018249550,,"{'_': 'MessageFwdHeader', 'date': '2024-01-21T08:05:53+00:00', 'imported': False, 'saved_out': False, 'from_id': {'_': 'PeerChannel', 'channel_id': 2092122702}, 'from_name': None, 'channel_post': 10, 'post_author': None, 'saved_from_peer': None, 'saved_from_msg_id': None, 'saved_from_id': None, 'saved_from_name': None, 'saved_date': None, 'psa_type': None}",,,,,,,54.0,0.0,,,,,,[],
spy_x_family_in_hindi_dubbed_d,https://t.me/spy_x_family_in_hindi_dubbed_d,11,2024-01-21 08:22:03,"📟 Episode - 9 FHD | Part 1 End
🎧 Language - Hindi #Official
📀 Quality : 480p
📡 https://t.me/Crunchyroll_official_chanel",False,False,False,False,True,False,False,False,False,False,2018249550,,"{'_': 'MessageFwdHeader', 'date': '2024-01-21T08:05:53+00:00', 'imported': False, 'saved_out': False, 'from_id': {'_': 'PeerChannel', 'channel_id': 2092122702}, 'from_name': None, 'channel_post': 11, 'post_author': None, 'saved_from_peer': None, 'saved_from_msg_id': None, 'saved_from_id': None, 'saved_from_name': None, 'saved_date': None, 'psa_type': None}",,,,,,,56.0,0.0,,,,,,[],
spy_x_family_in_hindi_dubbed_d,https://t.me/spy_x_family_in_hindi_dubbed_d,12,2024-01-21 08:22:03,"📟 Episode - 10 FHD | Part 1 End
🎧 Language - Hindi #Official
📀 Quality : 480p
📡 https://t.me/Crunchyroll_official_chanel",False,False,False,False,True,False,False,False,False,False,2018249550,,"{'_': 'MessageFwdHeader', 'date': '2024-01-21T08:05:53+00:00', 'imported': False, 'saved_out': False, 'from_id': {'_': 'PeerChannel', 'channel_id': 2092122702}, 'from_name': None, 'channel_post': 12, 'post_author': None, 'saved_from_peer': None, 'saved_from_msg_id': None, 'saved_from_id': None, 'saved_from_name': None, 'saved_date': None, 'psa_type': None}",,,,,,,62.0,0.0,,,,,,[],
spy_x_family_in_hindi_dubbed_d,https://t.me/spy_x_family_in_hindi_dubbed_d,13,2024-01-21 08:22:03,"📟 Episode - 11 FHD | Part 1 End
🎧 Language - Hindi #Official
📀 Quality : 480p
📡 https://t.me/Crunchyroll_official_chanel",False,False,False,False,True,False,False,False,False,False,2018249550,,"{'_': 'MessageFwdHeader', 'date': '2024-01-21T08:05:53+00:00', 'imported': False, 'saved_out': False, 'from_id': {'_': 'PeerChannel', 'channel_id': 2092122702}, 'from_name': None, 'channel_post': 13, 'post_author': None, 'saved_from_peer': None, 'saved_from_msg_id': None, 'saved_from_id': None, 'saved_from_name': None, 'saved_date': None, 'psa_type': None}",,,,,,,63.0,0.0,,,,,,[],
spy_x_family_in_hindi_dubbed_d,https://t.me/spy_x_family_in_hindi_dubbed_d,14,2024-01-21 08:22:03,"📟 Episode - 12 FHD | Part 1 End
🎧 Language - Hindi #Official
📀 Quality : 480p
📡 https://t.me/Crunchyroll_official_chanel",False,False,False,False,True,False,False,False,False,False,2018249550,,"{'_': 'MessageFwdHeader', 'date': '2024-01-21T08:05:53+00:00', 'imported': False, 'saved_out': False, 'from_id': {'_': 'PeerChannel', 'channel_id': 2092122702}, 'from_name': None, 'channel_post': 14, 'post_author': None, 'saved_from_peer': None, 'saved_from_msg_id': None, 'saved_from_id': None, 'saved_from_name': None, 'saved_date': None, 'psa_type': None}",,,,,,,66.0,0.0,,,,,,[],
spy_x_family_in_hindi_dubbed_d,https://t.me/spy_x_family_in_hindi_dubbed_d,23,2024-02-17 14:27:46,"📟 Episode - 13
🎧 Language - Hindi #Official
📀 Quality : 720p
📡 https://t.me/Crunchyroll_official_chanel",False,False,False,False,True,False,False,False,False,False,2018249550,,,,,,,,,15.0,1.0,,2024-02-17T14:29:46+00:00,,,,[],
spy_x_family_in_hindi_dubbed_d,https://t.me/spy_x_family_in_hindi_dubbed_d,24,2024-02-17 14:27:46,"📟 Episode - 13
🎧 Language - Hindi #Official
📀 Quality : 480p
📡 https://t.me/Crunchyroll_official_chanel",False,False,False,False,True,False,False,False,False,False,2018249550,,,,,,,,,15.0,0.0,,2024-02-17T14:29:32+00:00,,,,[],
spy_x_family_in_hindi_dubbed_d,https://t.me/spy_x_family_in_hindi_dubbed_d,25,2024-02-17 14:27:46,"📟 Episode - 14
🎧 Language - Hindi #Official
📀 Quality : 720p
📡 https://t.me/Crunchyroll_official_chanel",False,False,False,False,True,False,False,False,False,False,2018249550,,,,,,,,,15.0,1.0,,2024-02-17T14:29:20+00:00,,,,[],
spy_x_family_in_hindi_dubbed_d,https://t.me/spy_x_family_in_hindi_dubbed_d,26,2024-02-17 14:27:47,"📟 Episode - 14
🎧 Language - Hindi #Official
📀 Quality : 480p
📡 https://t.me/Crunchyroll_official_chanel",False,False,False,False,True,False,False,False,False,False,2018249550,,,,,,,,,13.0,0.0,,2024-02-17T14:29:06+00:00,,,,[],
spy_x_family_in_hindi_dubbed_d,https://t.me/spy_x_family_in_hindi_dubbed_d,27,2024-02-17 14:27:47,"📟 Episode - 15
🎧 Language - Hindi #Official
📀 Quality : 720p
⛩ https://t.me/Crunchyroll_official_chanel",False,False,False,False,True,False,False,False,False,False,2018249550,,,,,,,,,14.0,1.0,,2024-02-17T15:15:39+00:00,,,,[],
spy_x_family_in_hindi_dubbed_d,https://t.me/spy_x_family_in_hindi_dubbed_d,28,2024-02-17 14:27:47,"📟 Episode - 15
🎧 Language - Hindi #Official
📀 Quality : 480p",False,False,False,False,True,False,False,False,False,False,2018249550,,,,,,,,,15.0,0.0,,,,,,[],
spy_x_family_in_hindi_dubbed_d,https://t.me/spy_x_family_in_hindi_dubbed_d,29,2024-02-17 14:27:47,"📟 Episode - 16
🎧 Language - Hindi #Official
📀 Quality : 720p
⛩ https://t.me/Crunchyroll_official_chanel",False,False,False,False,True,False,False,False,False,False,2018249550,,,,,,,,,18.0,1.0,,2024-02-17T15:15:55+00:00,,,,[],
spy_x_family_in_hindi_dubbed_d,https://t.me/spy_x_family_in_hindi_dubbed_d,31,2024-02-17 14:27:47,"📟 Episode - 17
🎧 Language - Hindi #Official
📀 Quality : 720p
⛩ https://t.me/Crunchyroll_official_chanel",False,False,False,False,True,False,False,False,False,False,2018249550,,,,,,,,,17.0,1.0,,2024-02-17T15:16:11+00:00,,,,[],
spy_x_family_in_hindi_dubbed_d,https://t.me/spy_x_family_in_hindi_dubbed_d,33,2024-02-17 14:27:47,"📟 Episode - 18
🎧 Language - Hindi #Official
📀 Quality : 720p
⛩ https://t.me/Crunchyroll_official_chanel",False,False,False,False,True,False,False,False,False,False,2018249550,,,,,,,,,13.0,1.0,,2024-02-17T15:16:25+00:00,,,,[],
spy_x_family_in_hindi_dubbed_d,https://t.me/spy_x_family_in_hindi_dubbed_d,34,2024-02-17 14:27:47,"📟 Episode - 18
🎧 Language - Hindi #Official
📀 Quality : 480p",False,False,False,False,True,False,False,False,False,False,2018249550,,,,,,,,,14.0,0.0,,,,,,[],
spy_x_family_in_hindi_dubbed_d,https://t.me/spy_x_family_in_hindi_dubbed_d,35,2024-02-17 14:27:47,"📟 Episode - 19
🎧 Language - Hindi #Official
📀 Quality : 720p",False,False,False,False,True,False,False,False,False,False,2018249550,,,,,,,,,15.0,1.0,,,,,,[],
spy_x_family_in_hindi_dubbed_d,https://t.me/spy_x_family_in_hindi_dubbed_d,36,2024-02-17 14:27:47,"📟 Episode - 19
🎧 Language - Hindi #Official
📀 Quality : 480p
⛩ https://t.me/Crunchyroll_official_chanel",False,False,False,False,True,False,False,False,False,False,2018249550,,,,,,,,,13.0,0.0,,2024-02-17T15:18:25+00:00,,,,[],
spy_x_family_in_hindi_dubbed_d,https://t.me/spy_x_family_in_hindi_dubbed_d,37,2024-02-17 14:27:47,"📟 Episode - 20
🎧 Language - Hindi #Official
📀 Quality : 720p
⛩ https://t.me/Crunchyroll_official_chanel",False,False,False,False,True,False,False,False,False,False,2018249550,,,,,,,,,15.0,1.0,,2024-02-17T15:18:17+00:00,,,,[],
spy_x_family_in_hindi_dubbed_d,https://t.me/spy_x_family_in_hindi_dubbed_d,38,2024-02-17 14:27:47,"📟 Episode - 20
🎧 Language - Hindi #Official
📀 Quality : 480p
⛩ https://t.me/Crunchyroll_official_chanel",False,False,False,False,True,False,False,False,False,False,2018249550,,,,,,,,,13.0,0.0,,2024-02-17T15:18:10+00:00,,,,[],
spy_x_family_in_hindi_dubbed_d,https://t.me/spy_x_family_in_hindi_dubbed_d,39,2024-02-17 14:27:47,"📟 Episode - 21
🎧 Language - Hindi #Official
📀 Quality : 720p
⛩ https://t.me/Crunchyroll_official_chanel",False,False,False,False,True,False,False,False,False,False,2018249550,,,,,,,,,23.0,0.0,,2024-02-17T15:18:01+00:00,,,,[],
spy_x_family_in_hindi_dubbed_d,https://t.me/spy_x_family_in_hindi_dubbed_d,41,2024-02-17 14:27:47,"📟 Episode - 22
🎧 Language - Hindi #Official
📀 Quality : 720p
⛩ https://t.me/Crunchyroll_official_chanel",False,False,False,False,True,False,False,False,False,False,2018249550,,,,,,,,,16.0,1.0,,2024-02-17T15:17:46+00:00,,,,[],
spy_x_family_in_hindi_dubbed_d,https://t.me/spy_x_family_in_hindi_dubbed_d,42,2024-02-17 14:27:47,"📟 Episode - 22
🎧 Language - Hindi #Official
📀 Quality : 480p
⛩ https://t.me/Crunchyroll_official_chanel",False,False,False,False,True,False,False,False,False,False,2018249550,,,,,,,,,16.0,0.0,,2024-02-17T15:17:35+00:00,,,,[],
spy_x_family_in_hindi_dubbed_d,https://t.me/spy_x_family_in_hindi_dubbed_d,43,2024-02-17 14:27:47,"📟 Episode - 23
🎧 Language - Hindi #Official
📀 Quality : 720p
⛩ https://t.me/Crunchyroll_official_chanel",False,False,False,False,True,False,False,False,False,False,2018249550,,,,,,,,,24.0,1.0,,2024-02-17T15:17:26+00:00,,,,[],
spy_x_family_in_hindi_dubbed_d,https://t.me/spy_x_family_in_hindi_dubbed_d,44,2024-02-17 14:27:48,"📟 Episode - 23
🎧 Language - Hindi #Official
📀 Quality : 480p",False,False,False,False,True,False,False,False,False,False,2018249550,,,,,,,,,23.0,0.0,,,,,,[],
spy_x_family_in_hindi_dubbed_d,https://t.me/spy_x_family_in_hindi_dubbed_d,45,2024-02-17 14:27:48,"📟 Episode - 24
🎧 Language - Hindi #Official
📀 Quality : 720p
https://t.me/Crunchyroll_official_chanel",False,False,False,False,True,False,False,False,False,False,2018249550,,,,,,,,,15.0,1.0,,2024-02-17T14:28:42+00:00,,,,[],
spy_x_family_in_hindi_dubbed_d,https://t.me/spy_x_family_in_hindi_dubbed_d,46,2024-02-17 14:27:48,"📟 Episode - 24
🎧 Language - Hindi #Official
📀 Quality : 480p
https://t.me/Crunchyroll_official_chanel",False,False,False,False,True,False,False,False,False,False,2018249550,,,,,,,,,16.0,0.0,,2024-02-17T14:28:35+00:00,,,,[],
spy_x_family_in_hindi_dubbed_d,https://t.me/spy_x_family_in_hindi_dubbed_d,47,2024-02-17 14:27:48,"📟 Episode - 25
🎧 Language - Hindi #Official
📀 Quality : 480p
📡 https://t.me/Crunchyroll_official_chanel",False,False,False,False,True,False,False,False,False,False,2018249550,,,,,,,,,17.0,0.0,,2024-02-17T14:28:27+00:00,,,,[],
spy_x_family_in_hindi_dubbed_d,https://t.me/spy_x_family_in_hindi_dubbed_d,48,2024-02-17 14:27:48,"📟 Episode - 25
🎧 Language - Hindi #Official
📀 Quality : 1080p
📡 https://t.me/Crunchyroll_official_chanel",False,False,False,False,True,False,False,False,False,False,2018249550,,,,,,,,,17.0,1.0,,2024-02-17T14:28:16+00:00,,,,[],
spy_x_family_in_hindi_dubbed_d,https://t.me/spy_x_family_in_hindi_dubbed_d,49,2024-02-17 14:30:25,"📟 Episode - 12 FHD | Part 2 End
🎧 Language - Hindi #Official
📀 Quality : 480p
📡 https://t.me/Crunchyroll_official_chanel",False,False,False,False,True,False,False,False,False,False,2018249550,,,,,,,6.152325139107266e+18,,18.0,0.0,,,,,,[],
spy_x_family_in_hindi_dubbed_d,https://t.me/spy_x_family_in_hindi_dubbed_d,50,2024-02-17 14:30:25,"📟 Episode - 1 FHD | Part 2 End
🎧 Language - Hindi #Official
📀 Quality : 480p
📡 https://t.me/Crunchyroll_official_chanel",False,False,False,False,True,False,False,False,False,False,2018249550,,,,,,,,,19.0,0.0,,,,,,[],
spy_x_family_in_hindi_dubbed_d,https://t.me/spy_x_family_in_hindi_dubbed_d,51,2024-02-17 14:30:25,"📟 Episode - 2 FHD | Part 2 End
🎧 Language - Hindi #Official
📀 Quality : 480p
📡 https://t.me/Crunchyroll_official_chanel",False,False,False,False,True,False,False,False,False,False,2018249550,,,,,,,,,19.0,0.0,,,,,,[],
spy_x_family_in_hindi_dubbed_d,https://t.me/spy_x_family_in_hindi_dubbed_d,52,2024-02-17 14:30:25,"📟 Episode - 3 FHD | Part 2 End
🎧 Language - Hindi #Official
📀 Quality : 480p
📡 https://t.me/Crunchyroll_official_chanel",False,False,False,False,True,False,False,False,False,False,2018249550,,,,,,,,,20.0,0.0,,,,,,[],
spy_x_family_in_hindi_dubbed_d,https://t.me/spy_x_family_in_hindi_dubbed_d,53,2024-02-17 14:30:25,"📟 Episode - 4 FHD | Part 2 End
🎧 Language - Hindi #Official
📀 Quality : 480p
📡 https://t.me/Crunchyroll_official_chanel",False,False,False,False,True,False,False,False,False,False,2018249550,,,,,,,,,23.0,0.0,,,,,,[],
spy_x_family_in_hindi_dubbed_d,https://t.me/spy_x_family_in_hindi_dubbed_d,54,2024-02-17 14:30:25,"Spy x Family S2 
[ Ep 5 ] Hindi #official 
• Quality: 480p
<PERSON> Our channel's 
https://t.me/Crunchyroll_official_chanel",False,False,False,False,True,False,False,False,False,False,2018249550,,,,,,,,,26.0,0.0,,2024-02-17T14:30:48+00:00,,,,[],
spy_x_family_in_hindi_dubbed_d,https://t.me/spy_x_family_in_hindi_dubbed_d,55,2024-02-17 14:30:26,"Spy x Family S2 
[ Ep 5 ] Hindi #official 
• Quality: 720p
<PERSON> Our channel's 
https://t.me/Crunchyroll_official_chanel",False,False,False,False,True,False,False,False,False,False,2018249550,,,,,,,,,27.0,0.0,,2024-02-17T14:30:37+00:00,,,,[],
spy_x_family_in_hindi_dubbed_d,https://t.me/spy_x_family_in_hindi_dubbed_d,56,2024-02-17 14:30:26,<PERSON>,False,False,False,False,True,False,False,False,False,False,2018249550,,,,,,,,,26.0,0.0,,,,,,[],
spy_x_family_in_hindi_dubbed_d,https://t.me/spy_x_family_in_hindi_dubbed_d,57,2024-02-17 14:31:56,"📟 Episode - S2 EP-6
🎧 Language - Hindi #Official
📀 Quality : 480p
📡 https://t.me/Crunchyroll_official_chanel",False,False,False,False,True,False,False,False,False,False,2018249550,,,,,,,,,30.0,0.0,,2024-02-17T14:32:07+00:00,,,,[],
spy_x_family_in_hindi_dubbed_d,https://t.me/spy_x_family_in_hindi_dubbed_d,58,2024-02-17 14:31:56,"📟 Episode - S2 EP-6
🎧 Language - Hindi #Official
📀 Quality : 720p
📡 https://t.me/Crunchyroll_official_chanel",False,False,False,False,True,False,False,False,False,False,2018249550,,,,,,,,,31.0,0.0,,2024-02-17T14:33:43+00:00,,,,[],
spy_x_family_in_hindi_dubbed_d,https://t.me/spy_x_family_in_hindi_dubbed_d,59,2024-02-17 14:31:56,"📟 Episode - S2 EP-6
🎧 Language - Hindi #Official
📀 Quality : 1080p
📡 https://t.me/Crunchyroll_official_chanel",False,False,False,False,True,False,False,False,False,False,2018249550,,,,,,,,,32.0,0.0,,2024-02-23T14:10:10+00:00,,,"{'_': 'MessageReactions', 'results': [{'_': 'ReactionCount', 'reaction': {'_': 'ReactionEmoji', 'emoticon': '❤'}, 'count': 1, 'chosen_order': None}], 'min': False, 'can_see_list': False, 'reactions_as_tags': False, 'recent_reactions': []}",[],
spy_x_family_in_hindi_dubbed_d,https://t.me/spy_x_family_in_hindi_dubbed_d,60,2024-02-23 22:23:55,"Spy_X_Family_In_Hindi_Dubbed_d s2
╰──────────────
<PERSON>██████████████
┃ Download┃Ep 7<PERSON>██████████████
<PERSON>",False,False,False,False,True,False,False,False,False,False,2018249550,,"{'_': 'MessageFwdHeader', 'date': '2024-02-23T22:19:30+00:00', 'imported': False, 'saved_out': False, 'from_id': {'_': 'PeerChannel', 'channel_id': 2138483135}, 'from_name': None, 'channel_post': 187, 'post_author': 'Prince Ra', 'saved_from_peer': None, 'saved_from_msg_id': None, 'saved_from_id': None, 'saved_from_name': None, 'saved_date': None, 'psa_type': None}",,,,,6.253572847012267e+18,,7.0,0.0,,,,,,[],
spy_x_family_in_hindi_dubbed_d,https://t.me/spy_x_family_in_hindi_dubbed_d,62,2024-02-26 04:25:39,"Spy x Family S2 
[ Ep 7 ] Hindi #official 
• Quality: 720p
<PERSON> Our channel's",False,False,False,False,True,False,False,False,False,False,2018249550,,,,,,,,,24.0,0.0,,2024-02-26T04:26:01+00:00,,,,[],
spy_x_family_in_hindi_dubbed_d,https://t.me/spy_x_family_in_hindi_dubbed_d,63,2024-02-26 04:25:39,"Spy x Family S2 
[ Ep 7 ] Hindi #official 
• Quality: 1080p
<PERSON> Our channel's",False,False,False,False,True,False,False,False,False,False,2018249550,,,,,,,,,21.0,0.0,,2024-02-26T04:26:07+00:00,,,,[],
spy_x_family_in_hindi_dubbed_d,https://t.me/spy_x_family_in_hindi_dubbed_d,64,2024-02-26 04:25:39,"Spy x Family S2 
[ Ep 8 ] Hindi #official 
• Quality: 480p
<PERSON> Our channel's",False,False,False,False,True,False,False,False,False,False,2018249550,,,,,,,,,23.0,0.0,,2024-02-26T04:26:13+00:00,,,,[],
spy_x_family_in_hindi_dubbed_d,https://t.me/spy_x_family_in_hindi_dubbed_d,65,2024-02-26 04:25:39,"Spy x Family S2 
[ Ep 8 ] Hindi #official 
• Quality: 720p
<PERSON> Our channe",False,False,False,False,True,False,False,False,False,False,2018249550,,,,,,,,,25.0,0.0,,2024-02-26T04:26:19+00:00,,,,[],
spy_x_family_in_hindi_dubbed_d,https://t.me/spy_x_family_in_hindi_dubbed_d,66,2024-02-26 04:25:39,"Spy x Family S2 
[ Ep 8 ] Hindi #official 
• Quality: 1080p
<PERSON> Our chanhttps://t.me/Crunchyroll_official_chanel",False,False,False,False,True,False,False,False,False,False,2018249550,,,,,,,,,25.0,0.0,,2024-02-26T05:19:45+00:00,,,,[],
