Channel ID,URL,Post ID,date,message,out,mentioned,media_unread,silent,post,from_scheduled,legacy,edit_hide,pinned,noforwards,peer_channel,from_id_user,fwd_from,via_bot_id,reply_to_msg_id,reply_to_scheduled,forum_topic,media_photo_id,reply_markup,views,forwards,replies,edit_date,post_author,grouped_id,reactions,restriction_reason,ttl_period
survivalmyanmar,https://t.me/survivalmyanmar,10764,2024-02-22 05:54:27,"Europe.Outside.Your.Tent.S04E01.1080p

https://t.me/varietyshow1/3",False,False,False,False,True,False,False,False,False,False,1525300629,,"{'_': 'MessageFwdHeader', 'date': '2024-02-20T06:31:27+00:00', 'imported': False, 'saved_out': False, 'from_id': {'_': 'PeerChannel', 'channel_id': 1879835106}, 'from_name': None, 'channel_post': 386, 'post_author': None, 'saved_from_peer': None, 'saved_from_msg_id': None, 'saved_from_id': None, 'saved_from_name': None, 'saved_date': None, 'psa_type': None}",,,,,,,2977,0,,,,,,[],
survivalmyanmar,https://t.me/survivalmyanmar,10765,2024-02-22 05:54:27,"Europe.Outside.Your.Tent.S04E01.720p

https://t.me/varietyshow1/3",False,False,False,False,True,False,False,False,False,False,1525300629,,"{'_': 'MessageFwdHeader', 'date': '2024-02-20T06:35:34+00:00', 'imported': False, 'saved_out': False, 'from_id': {'_': 'PeerChannel', 'channel_id': 1879835106}, 'from_name': None, 'channel_post': 387, 'post_author': None, 'saved_from_peer': None, 'saved_from_msg_id': None, 'saved_from_id': None, 'saved_from_name': None, 'saved_date': None, 'psa_type': None}",,,,,,,3053,0,,,,,,[],
survivalmyanmar,https://t.me/survivalmyanmar,10766,2024-02-22 05:54:28,"Europe.Outside.Your.Tent.S04E01.480p

https://t.me/varietyshow1/3",False,False,False,False,True,False,False,False,False,False,1525300629,,"{'_': 'MessageFwdHeader', 'date': '2024-02-20T06:39:00+00:00', 'imported': False, 'saved_out': False, 'from_id': {'_': 'PeerChannel', 'channel_id': 1879835106}, 'from_name': None, 'channel_post': 388, 'post_author': None, 'saved_from_peer': None, 'saved_from_msg_id': None, 'saved_from_id': None, 'saved_from_name': None, 'saved_date': None, 'psa_type': None}",,,,,,,2834,0,,,,,,[],
survivalmyanmar,https://t.me/survivalmyanmar,10767,2024-02-22 05:54:28,"Europe.Outside.Your.Tent.S04E01.360p

https://t.me/varietyshow1/3",False,False,False,False,True,False,False,False,False,False,1525300629,,"{'_': 'MessageFwdHeader', 'date': '2024-02-20T07:45:45+00:00', 'imported': False, 'saved_out': False, 'from_id': {'_': 'PeerChannel', 'channel_id': 1879835106}, 'from_name': None, 'channel_post': 389, 'post_author': None, 'saved_from_peer': None, 'saved_from_msg_id': None, 'saved_from_id': None, 'saved_from_name': None, 'saved_date': None, 'psa_type': None}",,,,,,,3110,0,,,,,,[],
survivalmyanmar,https://t.me/survivalmyanmar,10768,2024-02-22 09:55:30,The Third Marriage - တတိယမြောက် မင်္ဂလာပွဲ Ep -80 (720p),False,False,False,False,True,False,False,False,False,False,1525300629,,"{'_': 'MessageFwdHeader', 'date': '2024-02-21T03:38:37+00:00', 'imported': False, 'saved_out': False, 'from_id': {'_': 'PeerChannel', 'channel_id': 1638546727}, 'from_name': None, 'channel_post': 1069, 'post_author': None, 'saved_from_peer': None, 'saved_from_msg_id': None, 'saved_from_id': None, 'saved_from_name': None, 'saved_date': None, 'psa_type': None}",,,,,,,3240,0,,,,,,[],
survivalmyanmar,https://t.me/survivalmyanmar,10769,2024-02-22 09:55:30,The Third Marriage - တတိယမြောက် မင်္ဂလာပွဲ Ep -80 (480p),False,False,False,False,True,False,False,False,False,False,1525300629,,"{'_': 'MessageFwdHeader', 'date': '2024-02-21T03:41:01+00:00', 'imported': False, 'saved_out': False, 'from_id': {'_': 'PeerChannel', 'channel_id': 1638546727}, 'from_name': None, 'channel_post': 1070, 'post_author': None, 'saved_from_peer': None, 'saved_from_msg_id': None, 'saved_from_id': None, 'saved_from_name': None, 'saved_date': None, 'psa_type': None}",,,,,,,3017,0,,,,,,[],
survivalmyanmar,https://t.me/survivalmyanmar,10770,2024-02-22 09:55:30,The Third Marriage - တတိယမြောက် မင်္ဂလာပွဲ Ep -80 (360p),False,False,False,False,True,False,False,False,False,False,1525300629,,"{'_': 'MessageFwdHeader', 'date': '2024-02-21T03:42:10+00:00', 'imported': False, 'saved_out': False, 'from_id': {'_': 'PeerChannel', 'channel_id': 1638546727}, 'from_name': None, 'channel_post': 1071, 'post_author': None, 'saved_from_peer': None, 'saved_from_msg_id': None, 'saved_from_id': None, 'saved_from_name': None, 'saved_date': None, 'psa_type': None}",,,,,,,2822,0,,,,,,[],
survivalmyanmar,https://t.me/survivalmyanmar,10771,2024-02-22 09:55:30,The Third Marriage - တတိယမြောက် မင်္ဂလာပွဲ Ep -80 (1080p),False,False,False,False,True,False,False,False,False,False,1525300629,,"{'_': 'MessageFwdHeader', 'date': '2024-02-21T03:46:20+00:00', 'imported': False, 'saved_out': False, 'from_id': {'_': 'PeerChannel', 'channel_id': 1638546727}, 'from_name': None, 'channel_post': 1072, 'post_author': None, 'saved_from_peer': None, 'saved_from_msg_id': None, 'saved_from_id': None, 'saved_from_name': None, 'saved_date': None, 'psa_type': None}",,,,,,,2870,0,,,,,,[],
survivalmyanmar,https://t.me/survivalmyanmar,10772,2024-02-22 09:55:30,The Third Marriage - တတိယမြောက် မင်္ဂလာပွဲ Ep -81 (720p),False,False,False,False,True,False,False,False,False,False,1525300629,,"{'_': 'MessageFwdHeader', 'date': '2024-02-22T06:40:09+00:00', 'imported': False, 'saved_out': False, 'from_id': {'_': 'PeerChannel', 'channel_id': 1638546727}, 'from_name': None, 'channel_post': 1073, 'post_author': None, 'saved_from_peer': None, 'saved_from_msg_id': None, 'saved_from_id': None, 'saved_from_name': None, 'saved_date': None, 'psa_type': None}",,,,,,,3384,0,,,,,,[],
survivalmyanmar,https://t.me/survivalmyanmar,10773,2024-02-22 09:55:30,The Third Marriage - တတိယမြောက် မင်္ဂလာပွဲ Ep -81 (480p),False,False,False,False,True,False,False,False,False,False,1525300629,,"{'_': 'MessageFwdHeader', 'date': '2024-02-22T06:42:19+00:00', 'imported': False, 'saved_out': False, 'from_id': {'_': 'PeerChannel', 'channel_id': 1638546727}, 'from_name': None, 'channel_post': 1074, 'post_author': None, 'saved_from_peer': None, 'saved_from_msg_id': None, 'saved_from_id': None, 'saved_from_name': None, 'saved_date': None, 'psa_type': None}",,,,,,,3782,0,,,,,,[],
survivalmyanmar,https://t.me/survivalmyanmar,10774,2024-02-22 09:55:31,The Third Marriage - တတိယမြောက် မင်္ဂလာပွဲ Ep -81 (360p),False,False,False,False,True,False,False,False,False,False,1525300629,,"{'_': 'MessageFwdHeader', 'date': '2024-02-22T06:43:36+00:00', 'imported': False, 'saved_out': False, 'from_id': {'_': 'PeerChannel', 'channel_id': 1638546727}, 'from_name': None, 'channel_post': 1075, 'post_author': None, 'saved_from_peer': None, 'saved_from_msg_id': None, 'saved_from_id': None, 'saved_from_name': None, 'saved_date': None, 'psa_type': None}",,,,,,,3531,0,,,,,,[],
survivalmyanmar,https://t.me/survivalmyanmar,10775,2024-02-22 09:55:31,The Third Marriage - တတိယမြောက် မင်္ဂလာပွဲ Ep -81 (1080p),False,False,False,False,True,False,False,False,False,False,1525300629,,"{'_': 'MessageFwdHeader', 'date': '2024-02-22T06:47:05+00:00', 'imported': False, 'saved_out': False, 'from_id': {'_': 'PeerChannel', 'channel_id': 1638546727}, 'from_name': None, 'channel_post': 1076, 'post_author': None, 'saved_from_peer': None, 'saved_from_msg_id': None, 'saved_from_id': None, 'saved_from_name': None, 'saved_date': None, 'psa_type': None}",,,,,,,4022,0,,,,,,[],
survivalmyanmar,https://t.me/survivalmyanmar,10776,2024-02-22 13:57:44,Time the Series Ep06 (720p),False,False,False,False,True,False,False,False,False,False,1525300629,,"{'_': 'MessageFwdHeader', 'date': '2024-02-15T16:55:37+00:00', 'imported': False, 'saved_out': False, 'from_id': {'_': 'PeerChannel', 'channel_id': 1945974507}, 'from_name': None, 'channel_post': 241, 'post_author': None, 'saved_from_peer': None, 'saved_from_msg_id': None, 'saved_from_id': None, 'saved_from_name': None, 'saved_date': None, 'psa_type': None}",,,,,,,3755,0,,,,,,[],
survivalmyanmar,https://t.me/survivalmyanmar,10780,2024-02-22 16:10:51,"ကွာရှင်းဘုရင်မ ဂင်ဆာရာ Ep7 (720P)

https://t.me/+Dw6_SFE7-7EzNGNl",False,False,False,False,True,False,False,False,False,False,1525300629,,"{'_': 'MessageFwdHeader', 'date': '2024-02-21T16:34:46+00:00', 'imported': False, 'saved_out': False, 'from_id': {'_': 'PeerChannel', 'channel_id': 1702883113}, 'from_name': None, 'channel_post': 116, 'post_author': None, 'saved_from_peer': None, 'saved_from_msg_id': None, 'saved_from_id': None, 'saved_from_name': None, 'saved_date': None, 'psa_type': None}",,,,,,,3438,0,,,,,,[],
survivalmyanmar,https://t.me/survivalmyanmar,10782,2024-02-22 16:10:51,"ကွာရှင်းဘုရင်မ ဂင်ဆာရာ Ep7 (360P)

https://t.me/+Dw6_SFE7-7EzNGNl",False,False,False,False,True,False,False,False,False,False,1525300629,,"{'_': 'MessageFwdHeader', 'date': '2024-02-21T16:42:05+00:00', 'imported': False, 'saved_out': False, 'from_id': {'_': 'PeerChannel', 'channel_id': 1702883113}, 'from_name': None, 'channel_post': 118, 'post_author': None, 'saved_from_peer': None, 'saved_from_msg_id': None, 'saved_from_id': None, 'saved_from_name': None, 'saved_date': None, 'psa_type': None}",,,,,,,3587,0,,,,,,[],
survivalmyanmar,https://t.me/survivalmyanmar,10783,2024-02-22 16:10:51,"ကွာရှင်းဘုရင်မ ဂင်ဆာရာ Ep7 (1080P)

https://t.me/+Dw6_SFE7-7EzNGNl",False,False,False,False,True,False,False,False,False,False,1525300629,,"{'_': 'MessageFwdHeader', 'date': '2024-02-21T16:49:00+00:00', 'imported': False, 'saved_out': False, 'from_id': {'_': 'PeerChannel', 'channel_id': 1702883113}, 'from_name': None, 'channel_post': 119, 'post_author': None, 'saved_from_peer': None, 'saved_from_msg_id': None, 'saved_from_id': None, 'saved_from_name': None, 'saved_date': None, 'psa_type': None}",,,,,,,3840,0,,,,,,[],
survivalmyanmar,https://t.me/survivalmyanmar,10784,2024-02-23 01:00:53,"ကွာရှင်းဘုရင်မ ဂင်ဆာရာ <PERSON> (720P)

https://t.me/+Dw6_SFE7-7EzNGNl",False,False,False,False,True,False,False,False,False,False,1525300629,,"{'_': 'MessageFwdHeader', 'date': '2024-02-22T16:00:38+00:00', 'imported': False, 'saved_out': False, 'from_id': {'_': 'PeerChannel', 'channel_id': 1702883113}, 'from_name': None, 'channel_post': 120, 'post_author': None, 'saved_from_peer': None, 'saved_from_msg_id': None, 'saved_from_id': None, 'saved_from_name': None, 'saved_date': None, 'psa_type': None}",,,,,,,3344,0,,,,,,[],
survivalmyanmar,https://t.me/survivalmyanmar,10785,2024-02-23 01:00:53,"ကွာရှင်းဘုရင်မ ဂင်ဆာရာ <PERSON> (480P)

https://t.me/+Dw6_SFE7-7EzNGNl",False,False,False,False,True,False,False,False,False,False,1525300629,,"{'_': 'MessageFwdHeader', 'date': '2024-02-22T16:09:29+00:00', 'imported': False, 'saved_out': False, 'from_id': {'_': 'PeerChannel', 'channel_id': 1702883113}, 'from_name': None, 'channel_post': 121, 'post_author': None, 'saved_from_peer': None, 'saved_from_msg_id': None, 'saved_from_id': None, 'saved_from_name': None, 'saved_date': None, 'psa_type': None}",,,,,,,3623,0,,,,,,[],
survivalmyanmar,https://t.me/survivalmyanmar,10786,2024-02-23 01:00:53,"ကွာရှင်းဘုရင်မ ဂင်ဆာရာ <PERSON> (360P)

https://t.me/+Dw6_SFE7-7EzNGNl",False,False,False,False,True,False,False,False,False,False,1525300629,,"{'_': 'MessageFwdHeader', 'date': '2024-02-22T16:15:58+00:00', 'imported': False, 'saved_out': False, 'from_id': {'_': 'PeerChannel', 'channel_id': 1702883113}, 'from_name': None, 'channel_post': 122, 'post_author': None, 'saved_from_peer': None, 'saved_from_msg_id': None, 'saved_from_id': None, 'saved_from_name': None, 'saved_date': None, 'psa_type': None}",,,,,,,3492,0,,,,,,[],
survivalmyanmar,https://t.me/survivalmyanmar,10787,2024-02-23 01:00:54,"ကွာရှင်းဘုရင်မ ဂင်ဆာရာ <PERSON> (1080P)

https://t.me/+Dw6_SFE7-7EzNGNl",False,False,False,False,True,False,False,False,False,False,1525300629,,"{'_': 'MessageFwdHeader', 'date': '2024-02-22T16:26:57+00:00', 'imported': False, 'saved_out': False, 'from_id': {'_': 'PeerChannel', 'channel_id': 1702883113}, 'from_name': None, 'channel_post': 123, 'post_author': None, 'saved_from_peer': None, 'saved_from_msg_id': None, 'saved_from_id': None, 'saved_from_name': None, 'saved_date': None, 'psa_type': None}",,,,,,,3930,0,,,,,,[],
survivalmyanmar,https://t.me/survivalmyanmar,10789,2024-02-23 07:59:47,The Third Marriage - တတိယမြောက် မင်္ဂလာပွဲ Ep -82 (480p),False,False,False,False,True,False,False,False,False,False,1525300629,,"{'_': 'MessageFwdHeader', 'date': '2024-02-23T06:20:54+00:00', 'imported': False, 'saved_out': False, 'from_id': {'_': 'PeerChannel', 'channel_id': 1638546727}, 'from_name': None, 'channel_post': 1078, 'post_author': None, 'saved_from_peer': None, 'saved_from_msg_id': None, 'saved_from_id': None, 'saved_from_name': None, 'saved_date': None, 'psa_type': None}",,,,,,,3362,0,,,,,,[],
survivalmyanmar,https://t.me/survivalmyanmar,10790,2024-02-23 07:59:47,The Third Marriage - တတိယမြောက် မင်္ဂလာပွဲ Ep -82 (360p),False,False,False,False,True,False,False,False,False,False,1525300629,,"{'_': 'MessageFwdHeader', 'date': '2024-02-23T06:22:19+00:00', 'imported': False, 'saved_out': False, 'from_id': {'_': 'PeerChannel', 'channel_id': 1638546727}, 'from_name': None, 'channel_post': 1079, 'post_author': None, 'saved_from_peer': None, 'saved_from_msg_id': None, 'saved_from_id': None, 'saved_from_name': None, 'saved_date': None, 'psa_type': None}",,,,,,,2955,0,,,,,,[],
survivalmyanmar,https://t.me/survivalmyanmar,10793,2024-02-23 10:05:12,Time the series Ep7 (480p),False,False,False,False,True,False,False,False,False,False,1525300629,,"{'_': 'MessageFwdHeader', 'date': '2024-02-23T05:58:05+00:00', 'imported': False, 'saved_out': False, 'from_id': {'_': 'PeerChannel', 'channel_id': 1945974507}, 'from_name': None, 'channel_post': 270, 'post_author': None, 'saved_from_peer': None, 'saved_from_msg_id': None, 'saved_from_id': None, 'saved_from_name': None, 'saved_date': None, 'psa_type': None}",,,,,,,3116,0,,,,,,[],
survivalmyanmar,https://t.me/survivalmyanmar,10795,2024-02-23 10:05:12,Time the series Ep7 (1080p),False,False,False,False,True,False,False,False,False,False,1525300629,,"{'_': 'MessageFwdHeader', 'date': '2024-02-23T05:58:06+00:00', 'imported': False, 'saved_out': False, 'from_id': {'_': 'PeerChannel', 'channel_id': 1945974507}, 'from_name': None, 'channel_post': 272, 'post_author': None, 'saved_from_peer': None, 'saved_from_msg_id': None, 'saved_from_id': None, 'saved_from_name': None, 'saved_date': None, 'psa_type': None}",,,,,,,3084,0,,,,,,[],
survivalmyanmar,https://t.me/survivalmyanmar,10796,2024-02-23 13:37:34,"Our Love Triangle Episode 8 [1080p]

https://t.me/+Gy9vDsHmh09kZjM1",False,False,False,False,True,False,False,False,False,False,1525300629,,"{'_': 'MessageFwdHeader', 'date': '2024-02-23T13:22:57+00:00', 'imported': False, 'saved_out': False, 'from_id': {'_': 'PeerChannel', 'channel_id': 1631836622}, 'from_name': None, 'channel_post': 5214, 'post_author': None, 'saved_from_peer': None, 'saved_from_msg_id': None, 'saved_from_id': None, 'saved_from_name': None, 'saved_date': None, 'psa_type': None}",,,,,,,2781,0,,,,,,[],
survivalmyanmar,https://t.me/survivalmyanmar,10797,2024-02-23 13:37:34,"Our Love Triangle Episode 8 [720p]

https://t.me/+Gy9vDsHmh09kZjM1",False,False,False,False,True,False,False,False,False,False,1525300629,,"{'_': 'MessageFwdHeader', 'date': '2024-02-23T13:26:37+00:00', 'imported': False, 'saved_out': False, 'from_id': {'_': 'PeerChannel', 'channel_id': 1631836622}, 'from_name': None, 'channel_post': 5215, 'post_author': None, 'saved_from_peer': None, 'saved_from_msg_id': None, 'saved_from_id': None, 'saved_from_name': None, 'saved_date': None, 'psa_type': None}",,,,,,,2916,0,,,,,,[],
survivalmyanmar,https://t.me/survivalmyanmar,10798,2024-02-23 13:37:34,"Our Love Triangle Episode 8 [480p]

https://t.me/+Gy9vDsHmh09kZjM1",False,False,False,False,True,False,False,False,False,False,1525300629,,"{'_': 'MessageFwdHeader', 'date': '2024-02-23T13:36:39+00:00', 'imported': False, 'saved_out': False, 'from_id': {'_': 'PeerChannel', 'channel_id': 1631836622}, 'from_name': None, 'channel_post': 5216, 'post_author': None, 'saved_from_peer': None, 'saved_from_msg_id': None, 'saved_from_id': None, 'saved_from_name': None, 'saved_date': None, 'psa_type': None}",,,,,,,2659,0,,,,,,[],
survivalmyanmar,https://t.me/survivalmyanmar,10799,2024-02-23 13:37:34,"Our Love Triangle Episode 8 [360p]

https://t.me/+Gy9vDsHmh09kZjM1",False,False,False,False,True,False,False,False,False,False,1525300629,,"{'_': 'MessageFwdHeader', 'date': '2024-02-23T13:37:18+00:00', 'imported': False, 'saved_out': False, 'from_id': {'_': 'PeerChannel', 'channel_id': 1631836622}, 'from_name': None, 'channel_post': 5217, 'post_author': None, 'saved_from_peer': None, 'saved_from_msg_id': None, 'saved_from_id': None, 'saved_from_name': None, 'saved_date': None, 'psa_type': None}",,,,,,,2903,0,,,,,,[],
survivalmyanmar,https://t.me/survivalmyanmar,10801,2024-02-23 14:54:42,"The New Thing 5 [720p]

https://t.me/+ADHf_TMCqUA2NzZl",False,False,False,False,True,False,False,False,False,False,1525300629,,"{'_': 'MessageFwdHeader', 'date': '2024-02-23T14:19:19+00:00', 'imported': False, 'saved_out': False, 'from_id': {'_': 'PeerChannel', 'channel_id': 1879835106}, 'from_name': None, 'channel_post': 407, 'post_author': None, 'saved_from_peer': None, 'saved_from_msg_id': None, 'saved_from_id': None, 'saved_from_name': None, 'saved_date': None, 'psa_type': None}",,,,,,,2748,0,,,,,,[],
survivalmyanmar,https://t.me/survivalmyanmar,10802,2024-02-23 14:54:43,"The New Thing 5 [480p]

https://t.me/+ADHf_TMCqUA2NzZl",False,False,False,False,True,False,False,False,False,False,1525300629,,"{'_': 'MessageFwdHeader', 'date': '2024-02-23T14:21:38+00:00', 'imported': False, 'saved_out': False, 'from_id': {'_': 'PeerChannel', 'channel_id': 1879835106}, 'from_name': None, 'channel_post': 408, 'post_author': None, 'saved_from_peer': None, 'saved_from_msg_id': None, 'saved_from_id': None, 'saved_from_name': None, 'saved_date': None, 'psa_type': None}",,,,,,,2610,0,,,,,,[],
survivalmyanmar,https://t.me/survivalmyanmar,10803,2024-02-23 14:54:43,"The New Thing 5 [360p]

https://t.me/+ADHf_TMCqUA2NzZl",False,False,False,False,True,False,False,False,False,False,1525300629,,"{'_': 'MessageFwdHeader', 'date': '2024-02-23T14:22:51+00:00', 'imported': False, 'saved_out': False, 'from_id': {'_': 'PeerChannel', 'channel_id': 1879835106}, 'from_name': None, 'channel_post': 409, 'post_author': None, 'saved_from_peer': None, 'saved_from_msg_id': None, 'saved_from_id': None, 'saved_from_name': None, 'saved_date': None, 'psa_type': None}",,,,,,,2833,0,,,,,,[],
survivalmyanmar,https://t.me/survivalmyanmar,10804,2024-02-24 00:57:24,"Between Him and Her - Episode (9)[1080p]

<PERSON>",False,False,False,False,True,False,False,False,False,False,1525300629,,"{'_': 'MessageFwdHeader', 'date': '2024-02-23T22:09:36+00:00', 'imported': False, 'saved_out': False, 'from_id': {'_': 'PeerChannel', 'channel_id': 1620915725}, 'from_name': None, 'channel_post': 994, 'post_author': None, 'saved_from_peer': None, 'saved_from_msg_id': None, 'saved_from_id': None, 'saved_from_name': None, 'saved_date': None, 'psa_type': None}",,,,,,,2190,0,,,,,,[],
survivalmyanmar,https://t.me/survivalmyanmar,10805,2024-02-24 00:57:24,"Between Him and Her - Episode (9)[720p]

<PERSON>",False,False,False,False,True,False,False,False,False,False,1525300629,,"{'_': 'MessageFwdHeader', 'date': '2024-02-23T22:09:37+00:00', 'imported': False, 'saved_out': False, 'from_id': {'_': 'PeerChannel', 'channel_id': 1620915725}, 'from_name': None, 'channel_post': 995, 'post_author': None, 'saved_from_peer': None, 'saved_from_msg_id': None, 'saved_from_id': None, 'saved_from_name': None, 'saved_date': None, 'psa_type': None}",,,,,,,2052,0,,,,,,[],
survivalmyanmar,https://t.me/survivalmyanmar,10806,2024-02-24 00:57:24,"Between Him and Her - Episode (9)[480p]

<PERSON>",False,False,False,False,True,False,False,False,False,False,1525300629,,"{'_': 'MessageFwdHeader', 'date': '2024-02-23T22:33:30+00:00', 'imported': False, 'saved_out': False, 'from_id': {'_': 'PeerChannel', 'channel_id': 1620915725}, 'from_name': None, 'channel_post': 996, 'post_author': None, 'saved_from_peer': None, 'saved_from_msg_id': None, 'saved_from_id': None, 'saved_from_name': None, 'saved_date': None, 'psa_type': None}",,,,,,,1666,0,,,,,,[],
survivalmyanmar,https://t.me/survivalmyanmar,10807,2024-02-24 00:57:24,"Between Him and Her - Episode (9)[360p]

<PERSON>",False,False,False,False,True,False,False,False,False,False,1525300629,,"{'_': 'MessageFwdHeader', 'date': '2024-02-23T22:33:30+00:00', 'imported': False, 'saved_out': False, 'from_id': {'_': 'PeerChannel', 'channel_id': 1620915725}, 'from_name': None, 'channel_post': 997, 'post_author': None, 'saved_from_peer': None, 'saved_from_msg_id': None, 'saved_from_id': None, 'saved_from_name': None, 'saved_date': None, 'psa_type': None}",,,,,,,1809,0,,,,,,[],
survivalmyanmar,https://t.me/survivalmyanmar,10814,2024-02-24 01:33:32,"Crime Scene-Episode (6)[480p]

https://t.me/+KokL0f6SmPc4Y2Q1",False,False,False,False,True,False,False,False,False,False,1525300629,,"{'_': 'MessageFwdHeader', 'date': '2024-02-18T11:33:56+00:00', 'imported': False, 'saved_out': False, 'from_id': {'_': 'PeerChannel', 'channel_id': 1879835106}, 'from_name': None, 'channel_post': 328, 'post_author': None, 'saved_from_peer': None, 'saved_from_msg_id': None, 'saved_from_id': None, 'saved_from_name': None, 'saved_date': None, 'psa_type': None}",,,,,,,2178,0,,,,,,[],
survivalmyanmar,https://t.me/survivalmyanmar,10815,2024-02-24 01:33:32,"Crime Scene-Episode (6)[360p]

https://t.me/+KokL0f6SmPc4Y2Q1",False,False,False,False,True,False,False,False,False,False,1525300629,,"{'_': 'MessageFwdHeader', 'date': '2024-02-18T11:36:05+00:00', 'imported': False, 'saved_out': False, 'from_id': {'_': 'PeerChannel', 'channel_id': 1879835106}, 'from_name': None, 'channel_post': 329, 'post_author': None, 'saved_from_peer': None, 'saved_from_msg_id': None, 'saved_from_id': None, 'saved_from_name': None, 'saved_date': None, 'psa_type': None}",,,,,,,2514,0,,,,,,[],
survivalmyanmar,https://t.me/survivalmyanmar,10820,2024-02-24 06:50:40,The Third Marriage - တတိယမြောက် မင်္ဂလာပွဲ Ep -83 (720p),False,False,False,False,True,False,False,False,False,False,1525300629,,"{'_': 'MessageFwdHeader', 'date': '2024-02-24T06:11:32+00:00', 'imported': False, 'saved_out': False, 'from_id': {'_': 'PeerChannel', 'channel_id': 1638546727}, 'from_name': None, 'channel_post': 1082, 'post_author': None, 'saved_from_peer': None, 'saved_from_msg_id': None, 'saved_from_id': None, 'saved_from_name': None, 'saved_date': None, 'psa_type': None}",,,,,,,2077,0,,,,,,[],
survivalmyanmar,https://t.me/survivalmyanmar,10821,2024-02-24 06:50:40,The Third Marriage - တတိယမြောက် မင်္ဂလာပွဲ Ep -83 (480p),False,False,False,False,True,False,False,False,False,False,1525300629,,"{'_': 'MessageFwdHeader', 'date': '2024-02-24T06:13:02+00:00', 'imported': False, 'saved_out': False, 'from_id': {'_': 'PeerChannel', 'channel_id': 1638546727}, 'from_name': None, 'channel_post': 1083, 'post_author': None, 'saved_from_peer': None, 'saved_from_msg_id': None, 'saved_from_id': None, 'saved_from_name': None, 'saved_date': None, 'psa_type': None}",,,,,,,2184,0,,,,,,[],
survivalmyanmar,https://t.me/survivalmyanmar,10822,2024-02-24 06:50:40,The Third Marriage - တတိယမြောက် မင်္ဂလာပွဲ Ep -83 (360p),False,False,False,False,True,False,False,False,False,False,1525300629,,"{'_': 'MessageFwdHeader', 'date': '2024-02-24T06:14:56+00:00', 'imported': False, 'saved_out': False, 'from_id': {'_': 'PeerChannel', 'channel_id': 1638546727}, 'from_name': None, 'channel_post': 1084, 'post_author': None, 'saved_from_peer': None, 'saved_from_msg_id': None, 'saved_from_id': None, 'saved_from_name': None, 'saved_date': None, 'psa_type': None}",,,,,,,2055,0,,,,,,[],
survivalmyanmar,https://t.me/survivalmyanmar,10823,2024-02-24 06:50:40,The Third Marriage - တတိယမြောက် မင်္ဂလာပွဲ Ep -83 (1080p),False,False,False,False,True,False,False,False,False,False,1525300629,,"{'_': 'MessageFwdHeader', 'date': '2024-02-24T06:18:43+00:00', 'imported': False, 'saved_out': False, 'from_id': {'_': 'PeerChannel', 'channel_id': 1638546727}, 'from_name': None, 'channel_post': 1085, 'post_author': None, 'saved_from_peer': None, 'saved_from_msg_id': None, 'saved_from_id': None, 'saved_from_name': None, 'saved_date': None, 'psa_type': None}",,,,,,,2048,0,,,,,,[],
survivalmyanmar,https://t.me/survivalmyanmar,10824,2024-02-24 08:32:55,"ln Cold Blood - အတ္တနှောတဲ့ သွေးရင်း  Ep24 (720p)

https://t.me/incoldblood_sm",False,False,False,False,True,False,False,False,False,False,1525300629,,"{'_': 'MessageFwdHeader', 'date': '2024-02-24T06:01:36+00:00', 'imported': False, 'saved_out': False, 'from_id': {'_': 'PeerChannel', 'channel_id': 1631836622}, 'from_name': None, 'channel_post': 5222, 'post_author': None, 'saved_from_peer': None, 'saved_from_msg_id': None, 'saved_from_id': None, 'saved_from_name': None, 'saved_date': None, 'psa_type': None}",,,,,,,1706,0,,,,,,[],
survivalmyanmar,https://t.me/survivalmyanmar,10825,2024-02-24 08:32:55,"ln Cold Blood - အတ္တနှောတဲ့ သွေးရင်း  Ep24 (480p)

https://t.me/incoldblood_sm",False,False,False,False,True,False,False,False,False,False,1525300629,,"{'_': 'MessageFwdHeader', 'date': '2024-02-24T06:04:14+00:00', 'imported': False, 'saved_out': False, 'from_id': {'_': 'PeerChannel', 'channel_id': 1631836622}, 'from_name': None, 'channel_post': 5223, 'post_author': None, 'saved_from_peer': None, 'saved_from_msg_id': None, 'saved_from_id': None, 'saved_from_name': None, 'saved_date': None, 'psa_type': None}",,,,,,,1907,0,,,,,,[],
survivalmyanmar,https://t.me/survivalmyanmar,10826,2024-02-24 08:32:55,"ln Cold Blood - အတ္တနှောတဲ့ သွေးရင်း  Ep24 (360p)

https://t.me/incoldblood_sm",False,False,False,False,True,False,False,False,False,False,1525300629,,"{'_': 'MessageFwdHeader', 'date': '2024-02-24T06:05:44+00:00', 'imported': False, 'saved_out': False, 'from_id': {'_': 'PeerChannel', 'channel_id': 1631836622}, 'from_name': None, 'channel_post': 5224, 'post_author': None, 'saved_from_peer': None, 'saved_from_msg_id': None, 'saved_from_id': None, 'saved_from_name': None, 'saved_date': None, 'psa_type': None}",,,,,,,2143,0,,,,,,[],
survivalmyanmar,https://t.me/survivalmyanmar,10830,2024-02-24 11:19:28,ရင်ထဲကအလှစစ် Ep2 (360p),False,False,False,False,True,False,False,False,False,False,1525300629,,"{'_': 'MessageFwdHeader', 'date': '2024-02-22T17:30:06+00:00', 'imported': False, 'saved_out': False, 'from_id': {'_': 'PeerChannel', 'channel_id': 1945974507}, 'from_name': None, 'channel_post': 267, 'post_author': None, 'saved_from_peer': None, 'saved_from_msg_id': None, 'saved_from_id': None, 'saved_from_name': None, 'saved_date': None, 'psa_type': None}",,,,,,,2025,0,,,,,,[],
survivalmyanmar,https://t.me/survivalmyanmar,10831,2024-02-24 11:19:28,ရင်ထဲကအလှစစ် Ep2 (1080p),False,False,False,False,True,False,False,False,False,False,1525300629,,"{'_': 'MessageFwdHeader', 'date': '2024-02-22T17:30:06+00:00', 'imported': False, 'saved_out': False, 'from_id': {'_': 'PeerChannel', 'channel_id': 1945974507}, 'from_name': None, 'channel_post': 268, 'post_author': None, 'saved_from_peer': None, 'saved_from_msg_id': None, 'saved_from_id': None, 'saved_from_name': None, 'saved_date': None, 'psa_type': None}",,,,,,,2181,0,,,,,,[],
survivalmyanmar,https://t.me/survivalmyanmar,10840,2024-02-24 14:02:23,"Weekly Idol-Episode (651) [1080p]

https://t.me/+UB1vshz6ey5mYThl",False,False,False,False,True,False,False,False,False,False,1525300629,,"{'_': 'MessageFwdHeader', 'date': '2024-02-22T20:32:30+00:00', 'imported': False, 'saved_out': False, 'from_id': {'_': 'PeerChannel', 'channel_id': 1879835106}, 'from_name': None, 'channel_post': 402, 'post_author': None, 'saved_from_peer': None, 'saved_from_msg_id': None, 'saved_from_id': None, 'saved_from_name': None, 'saved_date': None, 'psa_type': None}",,,,,,,1179,0,,,,,,[],
survivalmyanmar,https://t.me/survivalmyanmar,10844,2024-02-25 01:26:56,"I Live Alone-Episode (534)[1080p]

https://t.me/ilivealone_sm",False,False,False,False,True,False,False,False,False,False,1525300629,,"{'_': 'MessageFwdHeader', 'date': '2024-02-24T20:14:19+00:00', 'imported': False, 'saved_out': False, 'from_id': {'_': 'PeerChannel', 'channel_id': 1879835106}, 'from_name': None, 'channel_post': 426, 'post_author': None, 'saved_from_peer': None, 'saved_from_msg_id': None, 'saved_from_id': None, 'saved_from_name': None, 'saved_date': None, 'psa_type': None}",,,,,,,454,0,,,,,,[],
survivalmyanmar,https://t.me/survivalmyanmar,10847,2024-02-25 01:26:56,"I Live Alone-Episode (<DATE_TIME>]

https://t.me/ilivealone_sm",False,False,False,False,True,False,False,False,False,False,1525300629,,"{'_': 'MessageFwdHeader', 'date': '2024-02-24T22:53:45+00:00', 'imported': False, 'saved_out': False, 'from_id': {'_': 'PeerChannel', 'channel_id': 1879835106}, 'from_name': None, 'channel_post': 429, 'post_author': None, 'saved_from_peer': None, 'saved_from_msg_id': None, 'saved_from_id': None, 'saved_from_name': None, 'saved_date': None, 'psa_type': None}",,,,,,,303,0,,,,,,[],
survivalmyanmar,https://t.me/survivalmyanmar,10848,2024-02-25 01:26:56,"The Season Red Carpet E08 (1080P)

https://t.me/varietyshow_sm/110",False,False,False,False,True,False,False,False,False,False,1525300629,,"{'_': 'MessageFwdHeader', 'date': '2024-02-24T22:58:38+00:00', 'imported': False, 'saved_out': False, 'from_id': {'_': 'PeerChannel', 'channel_id': 1879835106}, 'from_name': None, 'channel_post': 430, 'post_author': None, 'saved_from_peer': None, 'saved_from_msg_id': None, 'saved_from_id': None, 'saved_from_name': None, 'saved_date': None, 'psa_type': None}",,,,,,,272,0,,,,,,[],
survivalmyanmar,https://t.me/survivalmyanmar,10849,2024-02-25 01:26:56,"The Season Red Carpet E08 (720P)

https://t.me/varietyshow_sm/110",False,False,False,False,True,False,False,False,False,False,1525300629,,"{'_': 'MessageFwdHeader', 'date': '2024-02-24T23:04:30+00:00', 'imported': False, 'saved_out': False, 'from_id': {'_': 'PeerChannel', 'channel_id': 1879835106}, 'from_name': None, 'channel_post': 431, 'post_author': None, 'saved_from_peer': None, 'saved_from_msg_id': None, 'saved_from_id': None, 'saved_from_name': None, 'saved_date': None, 'psa_type': None}",,,,,,,363,0,,,,,,[],
survivalmyanmar,https://t.me/survivalmyanmar,10850,2024-02-25 01:26:57,"The Season Red Carpet E08 (480P)

https://t.me/varietyshow_sm/110",False,False,False,False,True,False,False,False,False,False,1525300629,,"{'_': 'MessageFwdHeader', 'date': '2024-02-24T23:08:40+00:00', 'imported': False, 'saved_out': False, 'from_id': {'_': 'PeerChannel', 'channel_id': 1879835106}, 'from_name': None, 'channel_post': 432, 'post_author': None, 'saved_from_peer': None, 'saved_from_msg_id': None, 'saved_from_id': None, 'saved_from_name': None, 'saved_date': None, 'psa_type': None}",,,,,,,423,0,,,,,,[],
survivalmyanmar,https://t.me/survivalmyanmar,10851,2024-02-25 01:26:57,"The Season Red Carpet E08 (360P)

https://t.me/varietyshow_sm/110",False,False,False,False,True,False,False,False,False,False,1525300629,,"{'_': 'MessageFwdHeader', 'date': '2024-02-24T23:11:19+00:00', 'imported': False, 'saved_out': False, 'from_id': {'_': 'PeerChannel', 'channel_id': 1879835106}, 'from_name': None, 'channel_post': 433, 'post_author': None, 'saved_from_peer': None, 'saved_from_msg_id': None, 'saved_from_id': None, 'saved_from_name': None, 'saved_date': None, 'psa_type': None}",,,,,,,423,0,,,,,,[],
survivalmyanmar,https://t.me/survivalmyanmar,10852,2024-02-25 02:11:34,"Return of Superman-Episode (515)[1080p]

https://t.me/returnofsuperman_sm",False,False,False,False,True,False,False,False,False,False,1525300629,,"{'_': 'MessageFwdHeader', 'date': '2024-02-21T17:21:53+00:00', 'imported': False, 'saved_out': False, 'from_id': {'_': 'PeerChannel', 'channel_id': 1879835106}, 'from_name': None, 'channel_post': 394, 'post_author': None, 'saved_from_peer': None, 'saved_from_msg_id': None, 'saved_from_id': None, 'saved_from_name': None, 'saved_date': None, 'psa_type': None}",,,,,,,151,0,,,,,,[],
survivalmyanmar,https://t.me/survivalmyanmar,10854,2024-02-25 02:11:34,"Return of Superman-Episode (515)[480p]

https://t.me/returnofsuperman_sm",False,False,False,False,True,False,False,False,False,False,1525300629,,"{'_': 'MessageFwdHeader', 'date': '2024-02-21T17:31:02+00:00', 'imported': False, 'saved_out': False, 'from_id': {'_': 'PeerChannel', 'channel_id': 1879835106}, 'from_name': None, 'channel_post': 396, 'post_author': None, 'saved_from_peer': None, 'saved_from_msg_id': None, 'saved_from_id': None, 'saved_from_name': None, 'saved_date': None, 'psa_type': None}",,,,,,,151,0,,,,,,[],
survivalmyanmar,https://t.me/survivalmyanmar,10855,2024-02-25 02:11:34,"Return of Superman-Episode (515)[360p]

https://t.me/returnofsuperman_sm",False,False,False,False,True,False,False,False,False,False,1525300629,,"{'_': 'MessageFwdHeader', 'date': '2024-02-21T17:33:46+00:00', 'imported': False, 'saved_out': False, 'from_id': {'_': 'PeerChannel', 'channel_id': 1879835106}, 'from_name': None, 'channel_post': 397, 'post_author': None, 'saved_from_peer': None, 'saved_from_msg_id': None, 'saved_from_id': None, 'saved_from_name': None, 'saved_date': None, 'psa_type': None}",,,,,,,181,0,,,,,,[],
survivalmyanmar,https://t.me/survivalmyanmar,10856,2024-02-25 02:11:34,"Amazing Saturday-Episode (302)[1080p]

https://t.me/amazingsaturday_sm",False,False,False,False,True,False,False,False,False,False,1525300629,,"{'_': 'MessageFwdHeader', 'date': '2024-02-24T17:23:38+00:00', 'imported': False, 'saved_out': False, 'from_id': {'_': 'PeerChannel', 'channel_id': 1879835106}, 'from_name': None, 'channel_post': 418, 'post_author': None, 'saved_from_peer': None, 'saved_from_msg_id': None, 'saved_from_id': None, 'saved_from_name': None, 'saved_date': None, 'psa_type': None}",,,,,,,272,0,,,,,,[],
survivalmyanmar,https://t.me/survivalmyanmar,10857,2024-02-25 02:11:34,"Amazing Saturday-Episode (302)[720p]

https://t.me/amazingsaturday_sm",False,False,False,False,True,False,False,False,False,False,1525300629,,"{'_': 'MessageFwdHeader', 'date': '2024-02-24T17:28:12+00:00', 'imported': False, 'saved_out': False, 'from_id': {'_': 'PeerChannel', 'channel_id': 1879835106}, 'from_name': None, 'channel_post': 419, 'post_author': None, 'saved_from_peer': None, 'saved_from_msg_id': None, 'saved_from_id': None, 'saved_from_name': None, 'saved_date': None, 'psa_type': None}",,,,,,,332,0,,,,,,[],
survivalmyanmar,https://t.me/survivalmyanmar,10858,2024-02-25 02:11:34,"Amazing Saturday-Episode (302)[480p]

https://t.me/amazingsaturday_sm",False,False,False,False,True,False,False,False,False,False,1525300629,,"{'_': 'MessageFwdHeader', 'date': '2024-02-24T17:32:40+00:00', 'imported': False, 'saved_out': False, 'from_id': {'_': 'PeerChannel', 'channel_id': 1879835106}, 'from_name': None, 'channel_post': 420, 'post_author': None, 'saved_from_peer': None, 'saved_from_msg_id': None, 'saved_from_id': None, 'saved_from_name': None, 'saved_date': None, 'psa_type': None}",,,,,,,392,0,,,,,,[],
survivalmyanmar,https://t.me/survivalmyanmar,10860,2024-02-25 02:41:34,"EXchange S3 Ep11 (1080p)

https://t.me/datingshowmyanmar/1469",False,False,False,False,True,False,False,False,False,False,1525300629,,"{'_': 'MessageFwdHeader', 'date': '2024-02-24T06:23:26+00:00', 'imported': False, 'saved_out': False, 'from_id': {'_': 'PeerChannel', 'channel_id': 1753462225}, 'from_name': None, 'channel_post': 2083, 'post_author': None, 'saved_from_peer': None, 'saved_from_msg_id': None, 'saved_from_id': None, 'saved_from_name': None, 'saved_date': None, 'psa_type': None}",,,,,,,31,0,,,,,,[],
survivalmyanmar,https://t.me/survivalmyanmar,10861,2024-02-25 02:41:34,"EXchange S3 Ep11 (720p)

https://t.me/datingshowmyanmar/1469",False,False,False,False,True,False,False,False,False,False,1525300629,,"{'_': 'MessageFwdHeader', 'date': '2024-02-24T07:00:12+00:00', 'imported': False, 'saved_out': False, 'from_id': {'_': 'PeerChannel', 'channel_id': 1753462225}, 'from_name': None, 'channel_post': 2093, 'post_author': None, 'saved_from_peer': None, 'saved_from_msg_id': None, 'saved_from_id': None, 'saved_from_name': None, 'saved_date': None, 'psa_type': None}",,,,,,,61,0,,,,,,[],
survivalmyanmar,https://t.me/survivalmyanmar,10862,2024-02-25 02:41:35,"EXchange S3 Ep11 (480p)

https://t.me/datingshowmyanmar/1469",False,False,False,False,True,False,False,False,False,False,1525300629,,"{'_': 'MessageFwdHeader', 'date': '2024-02-24T07:04:11+00:00', 'imported': False, 'saved_out': False, 'from_id': {'_': 'PeerChannel', 'channel_id': 1753462225}, 'from_name': None, 'channel_post': 2094, 'post_author': None, 'saved_from_peer': None, 'saved_from_msg_id': None, 'saved_from_id': None, 'saved_from_name': None, 'saved_date': None, 'psa_type': None}",,,,,,,91,0,,,,,,[],
survivalmyanmar,https://t.me/survivalmyanmar,10863,2024-02-25 02:41:35,"EXchange S3 Ep11 (360p)

https://t.me/datingshowmyanmar/1469",False,False,False,False,True,False,False,False,False,False,1525300629,,"{'_': 'MessageFwdHeader', 'date': '2024-02-24T07:58:34+00:00', 'imported': False, 'saved_out': False, 'from_id': {'_': 'PeerChannel', 'channel_id': 1753462225}, 'from_name': None, 'channel_post': 2095, 'post_author': None, 'saved_from_peer': None, 'saved_from_msg_id': None, 'saved_from_id': None, 'saved_from_name': None, 'saved_date': None, 'psa_type': None}",,,,,,,91,0,,,,,,[],
survivalmyanmar,https://t.me/survivalmyanmar,11328,2024-03-01 09:56:38,"Hangout With Yoo-Episode (223)[1080p]

https://t.me/hangoutwithyoo_sm",False,False,False,False,True,False,False,False,False,False,1525300629,,"{'_': 'MessageFwdHeader', 'date': '2024-02-26T13:27:32+00:00', 'imported': False, 'saved_out': False, 'from_id': {'_': 'PeerChannel', 'channel_id': 1879835106}, 'from_name': None, 'channel_post': 458, 'post_author': None, 'saved_from_peer': None, 'saved_from_msg_id': None, 'saved_from_id': None, 'saved_from_name': None, 'saved_date': None, 'psa_type': None}",,,,,,,576,0,,,,,,[],
survivalmyanmar,https://t.me/survivalmyanmar,11329,2024-03-01 09:56:38,"Hangout With Yoo-Episode (223)[720p]

https://t.me/hangoutwithyoo_sm",False,False,False,False,True,False,False,False,False,False,1525300629,,"{'_': 'MessageFwdHeader', 'date': '2024-02-26T13:31:23+00:00', 'imported': False, 'saved_out': False, 'from_id': {'_': 'PeerChannel', 'channel_id': 1879835106}, 'from_name': None, 'channel_post': 459, 'post_author': None, 'saved_from_peer': None, 'saved_from_msg_id': None, 'saved_from_id': None, 'saved_from_name': None, 'saved_date': None, 'psa_type': None}",,,,,,,607,0,,,,,,[],
survivalmyanmar,https://t.me/survivalmyanmar,11330,2024-03-01 09:56:38,"Hangout With Yoo-Episode (223)[480p]

https://t.me/hangoutwithyoo_sm",False,False,False,False,True,False,False,False,False,False,1525300629,,"{'_': 'MessageFwdHeader', 'date': '2024-02-26T13:35:18+00:00', 'imported': False, 'saved_out': False, 'from_id': {'_': 'PeerChannel', 'channel_id': 1879835106}, 'from_name': None, 'channel_post': 460, 'post_author': None, 'saved_from_peer': None, 'saved_from_msg_id': None, 'saved_from_id': None, 'saved_from_name': None, 'saved_date': None, 'psa_type': None}",,,,,,,394,0,,,,,,[],
survivalmyanmar,https://t.me/survivalmyanmar,11331,2024-03-01 09:56:38,"Hangout With Yoo-Episode (223)[360p]

https://t.me/hangoutwithyoo_sm",False,False,False,False,True,False,False,False,False,False,1525300629,,"{'_': 'MessageFwdHeader', 'date': '2024-02-26T13:38:28+00:00', 'imported': False, 'saved_out': False, 'from_id': {'_': 'PeerChannel', 'channel_id': 1879835106}, 'from_name': None, 'channel_post': 461, 'post_author': None, 'saved_from_peer': None, 'saved_from_msg_id': None, 'saved_from_id': None, 'saved_from_name': None, 'saved_date': None, 'psa_type': None}",,,,,,,426,0,,,,,,[],
survivalmyanmar,https://t.me/survivalmyanmar,11332,2024-03-01 09:59:14,Actor On Road Ep 04 (720p),False,False,False,False,True,False,False,False,False,False,1525300629,,"{'_': 'MessageFwdHeader', 'date': '2024-02-15T20:54:03+00:00', 'imported': False, 'saved_out': False, 'from_id': {'_': 'PeerChannel', 'channel_id': 1879835106}, 'from_name': None, 'channel_post': 288, 'post_author': None, 'saved_from_peer': None, 'saved_from_msg_id': None, 'saved_from_id': None, 'saved_from_name': None, 'saved_date': None, 'psa_type': None}",,,,,,,459,0,,,,,,[],
survivalmyanmar,https://t.me/survivalmyanmar,11333,2024-03-01 09:59:14,Actor On Road Ep 04 (480p),False,False,False,False,True,False,False,False,False,False,1525300629,,"{'_': 'MessageFwdHeader', 'date': '2024-02-15T20:54:03+00:00', 'imported': False, 'saved_out': False, 'from_id': {'_': 'PeerChannel', 'channel_id': 1879835106}, 'from_name': None, 'channel_post': 289, 'post_author': None, 'saved_from_peer': None, 'saved_from_msg_id': None, 'saved_from_id': None, 'saved_from_name': None, 'saved_date': None, 'psa_type': None}",,,,,,,366,0,,,,,,[],
survivalmyanmar,https://t.me/survivalmyanmar,11334,2024-03-01 09:59:14,Actor On Road Ep 04 (1080p),False,False,False,False,True,False,False,False,False,False,1525300629,,"{'_': 'MessageFwdHeader', 'date': '2024-02-15T20:54:03+00:00', 'imported': False, 'saved_out': False, 'from_id': {'_': 'PeerChannel', 'channel_id': 1879835106}, 'from_name': None, 'channel_post': 290, 'post_author': None, 'saved_from_peer': None, 'saved_from_msg_id': None, 'saved_from_id': None, 'saved_from_name': None, 'saved_date': None, 'psa_type': None}",,,,,,,364,0,,,,,,[],
survivalmyanmar,https://t.me/survivalmyanmar,11335,2024-03-01 09:59:14,Actor On Road Ep 04 (360p),False,False,False,False,True,False,False,False,False,False,1525300629,,"{'_': 'MessageFwdHeader', 'date': '2024-02-15T20:54:03+00:00', 'imported': False, 'saved_out': False, 'from_id': {'_': 'PeerChannel', 'channel_id': 1879835106}, 'from_name': None, 'channel_post': 291, 'post_author': None, 'saved_from_peer': None, 'saved_from_msg_id': None, 'saved_from_id': None, 'saved_from_name': None, 'saved_date': None, 'psa_type': None}",,,,,,,334,0,,,,,,[],
survivalmyanmar,https://t.me/survivalmyanmar,11336,2024-03-01 09:59:14,Actor On Road Ep 05 (720p),False,False,False,False,True,False,False,False,False,False,1525300629,,"{'_': 'MessageFwdHeader', 'date': '2024-02-15T22:16:34+00:00', 'imported': False, 'saved_out': False, 'from_id': {'_': 'PeerChannel', 'channel_id': 1879835106}, 'from_name': None, 'channel_post': 292, 'post_author': None, 'saved_from_peer': None, 'saved_from_msg_id': None, 'saved_from_id': None, 'saved_from_name': None, 'saved_date': None, 'psa_type': None}",,,,,,,394,0,,,,,,[],
survivalmyanmar,https://t.me/survivalmyanmar,11337,2024-03-01 09:59:14,Actor On Road Ep 05 (480p),False,False,False,False,True,False,False,False,False,False,1525300629,,"{'_': 'MessageFwdHeader', 'date': '2024-02-15T22:16:34+00:00', 'imported': False, 'saved_out': False, 'from_id': {'_': 'PeerChannel', 'channel_id': 1879835106}, 'from_name': None, 'channel_post': 293, 'post_author': None, 'saved_from_peer': None, 'saved_from_msg_id': None, 'saved_from_id': None, 'saved_from_name': None, 'saved_date': None, 'psa_type': None}",,,,,,,393,0,,,,,,[],
survivalmyanmar,https://t.me/survivalmyanmar,11338,2024-03-01 09:59:14,Actor On Road Ep 05 (360p),False,False,False,False,True,False,False,False,False,False,1525300629,,"{'_': 'MessageFwdHeader', 'date': '2024-02-15T22:16:34+00:00', 'imported': False, 'saved_out': False, 'from_id': {'_': 'PeerChannel', 'channel_id': 1879835106}, 'from_name': None, 'channel_post': 294, 'post_author': None, 'saved_from_peer': None, 'saved_from_msg_id': None, 'saved_from_id': None, 'saved_from_name': None, 'saved_date': None, 'psa_type': None}",,,,,,,335,0,,,,,,[],
survivalmyanmar,https://t.me/survivalmyanmar,11339,2024-03-01 09:59:14,Actor On Road Ep 05 (1080p),False,False,False,False,True,False,False,False,False,False,1525300629,,"{'_': 'MessageFwdHeader', 'date': '2024-02-15T22:16:34+00:00', 'imported': False, 'saved_out': False, 'from_id': {'_': 'PeerChannel', 'channel_id': 1879835106}, 'from_name': None, 'channel_post': 295, 'post_author': None, 'saved_from_peer': None, 'saved_from_msg_id': None, 'saved_from_id': None, 'saved_from_name': None, 'saved_date': None, 'psa_type': None}",,,,,,,368,0,,,,,,[],
survivalmyanmar,https://t.me/survivalmyanmar,11340,2024-03-01 09:59:14,Actor On Road Ep 06 (720p),False,False,False,False,True,False,False,False,False,False,1525300629,,"{'_': 'MessageFwdHeader', 'date': '2024-02-16T16:52:56+00:00', 'imported': False, 'saved_out': False, 'from_id': {'_': 'PeerChannel', 'channel_id': 1879835106}, 'from_name': None, 'channel_post': 305, 'post_author': None, 'saved_from_peer': None, 'saved_from_msg_id': None, 'saved_from_id': None, 'saved_from_name': None, 'saved_date': None, 'psa_type': None}",,,,,,,430,0,,,,,,[],
survivalmyanmar,https://t.me/survivalmyanmar,11341,2024-03-01 09:59:14,Actor On Road Ep 06 (480p),False,False,False,False,True,False,False,False,False,False,1525300629,,"{'_': 'MessageFwdHeader', 'date': '2024-02-16T16:52:56+00:00', 'imported': False, 'saved_out': False, 'from_id': {'_': 'PeerChannel', 'channel_id': 1879835106}, 'from_name': None, 'channel_post': 306, 'post_author': None, 'saved_from_peer': None, 'saved_from_msg_id': None, 'saved_from_id': None, 'saved_from_name': None, 'saved_date': None, 'psa_type': None}",,,,,,,521,0,,,,,,[],
survivalmyanmar,https://t.me/survivalmyanmar,11342,2024-03-01 09:59:15,Actor On Road Ep 06 (360p),False,False,False,False,True,False,False,False,False,False,1525300629,,"{'_': 'MessageFwdHeader', 'date': '2024-02-16T16:52:56+00:00', 'imported': False, 'saved_out': False, 'from_id': {'_': 'PeerChannel', 'channel_id': 1879835106}, 'from_name': None, 'channel_post': 307, 'post_author': None, 'saved_from_peer': None, 'saved_from_msg_id': None, 'saved_from_id': None, 'saved_from_name': None, 'saved_date': None, 'psa_type': None}",,,,,,,523,0,,,,,,[],
survivalmyanmar,https://t.me/survivalmyanmar,11343,2024-03-01 09:59:15,Actor On Road Ep 06 (1080p),False,False,False,False,True,False,False,False,False,False,1525300629,,"{'_': 'MessageFwdHeader', 'date': '2024-02-16T16:52:56+00:00', 'imported': False, 'saved_out': False, 'from_id': {'_': 'PeerChannel', 'channel_id': 1879835106}, 'from_name': None, 'channel_post': 308, 'post_author': None, 'saved_from_peer': None, 'saved_from_msg_id': None, 'saved_from_id': None, 'saved_from_name': None, 'saved_date': None, 'psa_type': None}",,,,,,,616,0,,,,,,[],
survivalmyanmar,https://t.me/survivalmyanmar,11344,2024-03-01 10:15:54,Na Na Tour with Seventeen Episode 5 (1080p) [ <PERSON>,False,False,False,False,True,False,False,False,False,False,1525300629,,"{'_': 'MessageFwdHeader', 'date': '2024-02-02T21:37:47+00:00', 'imported': False, 'saved_out': False, 'from_id': {'_': 'PeerChannel', 'channel_id': 1965045448}, 'from_name': None, 'channel_post': 929, 'post_author': None, 'saved_from_peer': None, 'saved_from_msg_id': None, 'saved_from_id': None, 'saved_from_name': None, 'saved_date': None, 'psa_type': None}",,,,,,,469,0,,,,,,[],
survivalmyanmar,https://t.me/survivalmyanmar,11345,2024-03-01 10:15:54,Na Na Tour with Seventeen Episode 5 (720p) [ <PERSON>,False,False,False,False,True,False,False,False,False,False,1525300629,,"{'_': 'MessageFwdHeader', 'date': '2024-02-03T04:28:03+00:00', 'imported': False, 'saved_out': False, 'from_id': {'_': 'PeerChannel', 'channel_id': 1965045448}, 'from_name': None, 'channel_post': 944, 'post_author': None, 'saved_from_peer': None, 'saved_from_msg_id': None, 'saved_from_id': None, 'saved_from_name': None, 'saved_date': None, 'psa_type': None}",,,,,,,437,0,,,,,,[],
survivalmyanmar,https://t.me/survivalmyanmar,11346,2024-03-01 10:15:54,Na Na Tour with Seventeen Episode 5 (480p) [ <PERSON>,False,False,False,False,True,False,False,False,False,False,1525300629,,"{'_': 'MessageFwdHeader', 'date': '2024-02-03T04:28:10+00:00', 'imported': False, 'saved_out': False, 'from_id': {'_': 'PeerChannel', 'channel_id': 1965045448}, 'from_name': None, 'channel_post': 945, 'post_author': None, 'saved_from_peer': None, 'saved_from_msg_id': None, 'saved_from_id': None, 'saved_from_name': None, 'saved_date': None, 'psa_type': None}",,,,,,,404,0,,,,,,[],
survivalmyanmar,https://t.me/survivalmyanmar,11347,2024-03-01 10:15:55,Na Na Tour with Seventeen Episode 5 (360p) [ <PERSON>,False,False,False,False,True,False,False,False,False,False,1525300629,,"{'_': 'MessageFwdHeader', 'date': '2024-02-03T04:36:42+00:00', 'imported': False, 'saved_out': False, 'from_id': {'_': 'PeerChannel', 'channel_id': 1965045448}, 'from_name': None, 'channel_post': 946, 'post_author': None, 'saved_from_peer': None, 'saved_from_msg_id': None, 'saved_from_id': None, 'saved_from_name': None, 'saved_date': None, 'psa_type': None}",,,,,,,436,0,,,,,,[],
survivalmyanmar,https://t.me/survivalmyanmar,11348,2024-03-01 10:15:55,Na Na Tour with Seventeen Episode 6 (1080p) [ <PERSON>,False,False,False,False,True,False,False,False,False,False,1525300629,,"{'_': 'MessageFwdHeader', 'date': '2024-02-09T15:20:55+00:00', 'imported': False, 'saved_out': False, 'from_id': {'_': 'PeerChannel', 'channel_id': 1965045448}, 'from_name': None, 'channel_post': 991, 'post_author': None, 'saved_from_peer': None, 'saved_from_msg_id': None, 'saved_from_id': None, 'saved_from_name': None, 'saved_date': None, 'psa_type': None}",,,,,,,473,0,,,,,,[],
survivalmyanmar,https://t.me/survivalmyanmar,11349,2024-03-01 10:15:55,Na Na Tour with Seventeen Episode 6 (720p) [ <PERSON>,False,False,False,False,True,False,False,False,False,False,1525300629,,"{'_': 'MessageFwdHeader', 'date': '2024-02-09T15:25:47+00:00', 'imported': False, 'saved_out': False, 'from_id': {'_': 'PeerChannel', 'channel_id': 1965045448}, 'from_name': None, 'channel_post': 993, 'post_author': None, 'saved_from_peer': None, 'saved_from_msg_id': None, 'saved_from_id': None, 'saved_from_name': None, 'saved_date': None, 'psa_type': None}",,,,,,,445,0,,,,,,[],
survivalmyanmar,https://t.me/survivalmyanmar,11350,2024-03-01 10:15:55,Na Na Tour with Seventeen Episode 6 (480p) [ <PERSON>,False,False,False,False,True,False,False,False,False,False,1525300629,,"{'_': 'MessageFwdHeader', 'date': '2024-02-09T15:32:45+00:00', 'imported': False, 'saved_out': False, 'from_id': {'_': 'PeerChannel', 'channel_id': 1965045448}, 'from_name': None, 'channel_post': 994, 'post_author': None, 'saved_from_peer': None, 'saved_from_msg_id': None, 'saved_from_id': None, 'saved_from_name': None, 'saved_date': None, 'psa_type': None}",,,,,,,444,0,,,,,,[],
survivalmyanmar,https://t.me/survivalmyanmar,11351,2024-03-01 10:15:55,Na Na Tour with Seventeen Episode 6 (360p) [ <PERSON>,False,False,False,False,True,False,False,False,False,False,1525300629,,"{'_': 'MessageFwdHeader', 'date': '2024-02-09T15:48:31+00:00', 'imported': False, 'saved_out': False, 'from_id': {'_': 'PeerChannel', 'channel_id': 1965045448}, 'from_name': None, 'channel_post': 1004, 'post_author': None, 'saved_from_peer': None, 'saved_from_msg_id': None, 'saved_from_id': None, 'saved_from_name': None, 'saved_date': None, 'psa_type': None}",,,,,,,473,0,,,,,,[],
survivalmyanmar,https://t.me/survivalmyanmar,11352,2024-03-01 10:15:55,Na Na Tour with Seventeen Final Episode (1080p) [ <PERSON>,False,False,False,False,True,False,False,False,False,False,1525300629,,"{'_': 'MessageFwdHeader', 'date': '2024-02-17T13:14:29+00:00', 'imported': False, 'saved_out': False, 'from_id': {'_': 'PeerChannel', 'channel_id': 1965045448}, 'from_name': None, 'channel_post': 1117, 'post_author': None, 'saved_from_peer': None, 'saved_from_msg_id': None, 'saved_from_id': None, 'saved_from_name': None, 'saved_date': None, 'psa_type': None}",,,,,,,595,0,,,,,,[],
survivalmyanmar,https://t.me/survivalmyanmar,11353,2024-03-01 10:15:55,Na Na Tour with Seventeen Final Episode (720p) [ <PERSON>,False,False,False,False,True,False,False,False,False,False,1525300629,,"{'_': 'MessageFwdHeader', 'date': '2024-02-17T14:13:58+00:00', 'imported': False, 'saved_out': False, 'from_id': {'_': 'PeerChannel', 'channel_id': 1965045448}, 'from_name': None, 'channel_post': 1119, 'post_author': None, 'saved_from_peer': None, 'saved_from_msg_id': None, 'saved_from_id': None, 'saved_from_name': None, 'saved_date': None, 'psa_type': None}",,,,,,,656,0,,,,,,[],
survivalmyanmar,https://t.me/survivalmyanmar,11354,2024-03-01 10:15:55,Na Na Tour with Seventeen Final Episode (480p) [ <PERSON>,False,False,False,False,True,False,False,False,False,False,1525300629,,"{'_': 'MessageFwdHeader', 'date': '2024-02-17T15:32:52+00:00', 'imported': False, 'saved_out': False, 'from_id': {'_': 'PeerChannel', 'channel_id': 1965045448}, 'from_name': None, 'channel_post': 1120, 'post_author': None, 'saved_from_peer': None, 'saved_from_msg_id': None, 'saved_from_id': None, 'saved_from_name': None, 'saved_date': None, 'psa_type': None}",,,,,,,658,0,,,,,,[],
survivalmyanmar,https://t.me/survivalmyanmar,11355,2024-03-01 10:15:55,Na Na Tour with Seventeen Final Episode (360p) [ <PERSON>,False,False,False,False,True,False,False,False,False,False,1525300629,,"{'_': 'MessageFwdHeader', 'date': '2024-02-17T15:33:00+00:00', 'imported': False, 'saved_out': False, 'from_id': {'_': 'PeerChannel', 'channel_id': 1965045448}, 'from_name': None, 'channel_post': 1121, 'post_author': None, 'saved_from_peer': None, 'saved_from_msg_id': None, 'saved_from_id': None, 'saved_from_name': None, 'saved_date': None, 'psa_type': None}",,,,,,,750,0,,,,,,[],
survivalmyanmar,https://t.me/survivalmyanmar,11356,2024-03-01 10:19:32,"EXchange S3 Ep9 (720p)

https://t.me/datingshowmyanmar/1469",False,False,False,False,True,False,False,False,False,False,1525300629,,"{'_': 'MessageFwdHeader', 'date': '2024-02-10T07:14:22+00:00', 'imported': False, 'saved_out': False, 'from_id': {'_': 'PeerChannel', 'channel_id': 1753462225}, 'from_name': None, 'channel_post': 1858, 'post_author': None, 'saved_from_peer': None, 'saved_from_msg_id': None, 'saved_from_id': None, 'saved_from_name': None, 'saved_date': None, 'psa_type': None}",,,,,,,654,0,,,,,,[],
survivalmyanmar,https://t.me/survivalmyanmar,11357,2024-03-01 10:19:32,"EXchange S3 Ep9 (480p)

https://t.me/datingshowmyanmar/1469",False,False,False,False,True,False,False,False,False,False,1525300629,,"{'_': 'MessageFwdHeader', 'date': '2024-02-10T10:04:52+00:00', 'imported': False, 'saved_out': False, 'from_id': {'_': 'PeerChannel', 'channel_id': 1753462225}, 'from_name': None, 'channel_post': 1860, 'post_author': None, 'saved_from_peer': None, 'saved_from_msg_id': None, 'saved_from_id': None, 'saved_from_name': None, 'saved_date': None, 'psa_type': None}",,,,,,,720,0,,,,,,[],
survivalmyanmar,https://t.me/survivalmyanmar,11358,2024-03-01 10:19:32,"EXchange S3 Ep9 (360p)

https://t.me/datingshowmyanmar/1469",False,False,False,False,True,False,False,False,False,False,1525300629,,"{'_': 'MessageFwdHeader', 'date': '2024-02-10T10:04:52+00:00', 'imported': False, 'saved_out': False, 'from_id': {'_': 'PeerChannel', 'channel_id': 1753462225}, 'from_name': None, 'channel_post': 1861, 'post_author': None, 'saved_from_peer': None, 'saved_from_msg_id': None, 'saved_from_id': None, 'saved_from_name': None, 'saved_date': None, 'psa_type': None}",,,,,,,759,0,,,,,,[],
survivalmyanmar,https://t.me/survivalmyanmar,11359,2024-03-01 10:19:32,"EXchange S3 Ep9 (1080p)

https://t.me/datingshowmyanmar/1469",False,False,False,False,True,False,False,False,False,False,1525300629,,"{'_': 'MessageFwdHeader', 'date': '2024-02-10T10:11:09+00:00', 'imported': False, 'saved_out': False, 'from_id': {'_': 'PeerChannel', 'channel_id': 1753462225}, 'from_name': None, 'channel_post': 1862, 'post_author': None, 'saved_from_peer': None, 'saved_from_msg_id': None, 'saved_from_id': None, 'saved_from_name': None, 'saved_date': None, 'psa_type': None}",,,,,,,762,0,,,,,,[],
survivalmyanmar,https://t.me/survivalmyanmar,11364,2024-03-01 10:30:12,"The Season Red Carpet E06 (1080P)

https://t.me/varietyshow_sm/110",False,False,False,False,True,False,False,False,False,False,1525300629,,"{'_': 'MessageFwdHeader', 'date': '2024-02-10T21:54:21+00:00', 'imported': False, 'saved_out': False, 'from_id': {'_': 'PeerChannel', 'channel_id': 1879835106}, 'from_name': None, 'channel_post': 177, 'post_author': None, 'saved_from_peer': None, 'saved_from_msg_id': None, 'saved_from_id': None, 'saved_from_name': None, 'saved_date': None, 'psa_type': None}",,,,,,,623,0,,,,,,[],
survivalmyanmar,https://t.me/survivalmyanmar,11365,2024-03-01 10:30:12,"The Season Red Carpet E06 (720P)

https://t.me/varietyshow_sm/110",False,False,False,False,True,False,False,False,False,False,1525300629,,"{'_': 'MessageFwdHeader', 'date': '2024-02-10T21:54:21+00:00', 'imported': False, 'saved_out': False, 'from_id': {'_': 'PeerChannel', 'channel_id': 1879835106}, 'from_name': None, 'channel_post': 178, 'post_author': None, 'saved_from_peer': None, 'saved_from_msg_id': None, 'saved_from_id': None, 'saved_from_name': None, 'saved_date': None, 'psa_type': None}",,,,,,,615,0,,,,,,[],
survivalmyanmar,https://t.me/survivalmyanmar,11366,2024-03-01 10:30:12,"The Season Red Carpet E06 (480P)

https://t.me/varietyshow_sm/110",False,False,False,False,True,False,False,False,False,False,1525300629,,"{'_': 'MessageFwdHeader', 'date': '2024-02-10T21:54:21+00:00', 'imported': False, 'saved_out': False, 'from_id': {'_': 'PeerChannel', 'channel_id': 1879835106}, 'from_name': None, 'channel_post': 179, 'post_author': None, 'saved_from_peer': None, 'saved_from_msg_id': None, 'saved_from_id': None, 'saved_from_name': None, 'saved_date': None, 'psa_type': None}",,,,,,,643,0,,,,,,[],
survivalmyanmar,https://t.me/survivalmyanmar,11367,2024-03-01 10:30:12,"The Season Red Carpet E06 (360P)

https://t.me/varietyshow_sm/110",False,False,False,False,True,False,False,False,False,False,1525300629,,"{'_': 'MessageFwdHeader', 'date': '2024-02-10T21:54:21+00:00', 'imported': False, 'saved_out': False, 'from_id': {'_': 'PeerChannel', 'channel_id': 1879835106}, 'from_name': None, 'channel_post': 180, 'post_author': None, 'saved_from_peer': None, 'saved_from_msg_id': None, 'saved_from_id': None, 'saved_from_name': None, 'saved_date': None, 'psa_type': None}",,,,,,,668,0,,,,,,[],
survivalmyanmar,https://t.me/survivalmyanmar,11368,2024-03-01 10:41:49,"I.am.Ground.E03.1080p

https://t.me/varietyshow_sm/135",False,False,False,False,True,False,False,False,False,False,1525300629,,"{'_': 'MessageFwdHeader', 'date': '2024-02-08T21:31:53+00:00', 'imported': False, 'saved_out': False, 'from_id': {'_': 'PeerChannel', 'channel_id': 1879835106}, 'from_name': None, 'channel_post': 137, 'post_author': None, 'saved_from_peer': None, 'saved_from_msg_id': None, 'saved_from_id': None, 'saved_from_name': None, 'saved_date': None, 'psa_type': None}",,,,,,,552,0,,,,,,[],
survivalmyanmar,https://t.me/survivalmyanmar,11369,2024-03-01 10:41:49,"I.am.Ground.E03.720p

https://t.me/varietyshow_sm/135",False,False,False,False,True,False,False,False,False,False,1525300629,,"{'_': 'MessageFwdHeader', 'date': '2024-02-08T21:31:54+00:00', 'imported': False, 'saved_out': False, 'from_id': {'_': 'PeerChannel', 'channel_id': 1879835106}, 'from_name': None, 'channel_post': 138, 'post_author': None, 'saved_from_peer': None, 'saved_from_msg_id': None, 'saved_from_id': None, 'saved_from_name': None, 'saved_date': None, 'psa_type': None}",,,,,,,548,0,,,,,,[],
survivalmyanmar,https://t.me/survivalmyanmar,11370,2024-03-01 10:41:49,"I.am.Ground.E03.480p

https://t.me/varietyshow_sm/135",False,False,False,False,True,False,False,False,False,False,1525300629,,"{'_': 'MessageFwdHeader', 'date': '2024-02-08T21:31:54+00:00', 'imported': False, 'saved_out': False, 'from_id': {'_': 'PeerChannel', 'channel_id': 1879835106}, 'from_name': None, 'channel_post': 139, 'post_author': None, 'saved_from_peer': None, 'saved_from_msg_id': None, 'saved_from_id': None, 'saved_from_name': None, 'saved_date': None, 'psa_type': None}",,,,,,,550,0,,,,,,[],
survivalmyanmar,https://t.me/survivalmyanmar,11371,2024-03-01 10:41:49,"I.am.Ground.E03.360p

https://t.me/varietyshow_sm/135",False,False,False,False,True,False,False,False,False,False,1525300629,,"{'_': 'MessageFwdHeader', 'date': '2024-02-08T21:31:54+00:00', 'imported': False, 'saved_out': False, 'from_id': {'_': 'PeerChannel', 'channel_id': 1879835106}, 'from_name': None, 'channel_post': 140, 'post_author': None, 'saved_from_peer': None, 'saved_from_msg_id': None, 'saved_from_id': None, 'saved_from_name': None, 'saved_date': None, 'psa_type': None}",,,,,,,609,0,,,,,,[],
survivalmyanmar,https://t.me/survivalmyanmar,11372,2024-03-01 10:43:30,"3 Meals a Day Ep1 (720p)

https://t.me/+Il9gGm6epPc1ZGQ1",False,False,False,False,True,False,False,False,False,False,1525300629,,"{'_': 'MessageFwdHeader', 'date': '2024-02-12T15:26:19+00:00', 'imported': False, 'saved_out': False, 'from_id': {'_': 'PeerChannel', 'channel_id': 1879835106}, 'from_name': None, 'channel_post': 206, 'post_author': None, 'saved_from_peer': None, 'saved_from_msg_id': None, 'saved_from_id': None, 'saved_from_name': None, 'saved_date': None, 'psa_type': None}",,,,,,,505,0,,,,,,[],
survivalmyanmar,https://t.me/survivalmyanmar,11373,2024-03-01 10:43:30,"3 Meals a Day Ep1 (480p)

https://t.me/+Il9gGm6epPc1ZGQ1",False,False,False,False,True,False,False,False,False,False,1525300629,,"{'_': 'MessageFwdHeader', 'date': '2024-02-12T15:26:19+00:00', 'imported': False, 'saved_out': False, 'from_id': {'_': 'PeerChannel', 'channel_id': 1879835106}, 'from_name': None, 'channel_post': 207, 'post_author': None, 'saved_from_peer': None, 'saved_from_msg_id': None, 'saved_from_id': None, 'saved_from_name': None, 'saved_date': None, 'psa_type': None}",,,,,,,420,0,,,,,,[],
survivalmyanmar,https://t.me/survivalmyanmar,11374,2024-03-01 10:43:30,"3 Meals a Day Ep1 (360p)

https://t.me/+Il9gGm6epPc1ZGQ1",False,False,False,False,True,False,False,False,False,False,1525300629,,"{'_': 'MessageFwdHeader', 'date': '2024-02-12T15:26:19+00:00', 'imported': False, 'saved_out': False, 'from_id': {'_': 'PeerChannel', 'channel_id': 1879835106}, 'from_name': None, 'channel_post': 208, 'post_author': None, 'saved_from_peer': None, 'saved_from_msg_id': None, 'saved_from_id': None, 'saved_from_name': None, 'saved_date': None, 'psa_type': None}",,,,,,,418,0,,,,,,[],
survivalmyanmar,https://t.me/survivalmyanmar,11375,2024-03-01 10:43:30,"3 Meals a Day Ep1 (1080p)

https://t.me/+Il9gGm6epPc1ZGQ1",False,False,False,False,True,False,False,False,False,False,1525300629,,"{'_': 'MessageFwdHeader', 'date': '2024-02-12T15:26:19+00:00', 'imported': False, 'saved_out': False, 'from_id': {'_': 'PeerChannel', 'channel_id': 1879835106}, 'from_name': None, 'channel_post': 209, 'post_author': None, 'saved_from_peer': None, 'saved_from_msg_id': None, 'saved_from_id': None, 'saved_from_name': None, 'saved_date': None, 'psa_type': None}",,,,,,,447,0,,,,,,[],
survivalmyanmar,https://t.me/survivalmyanmar,11376,2024-03-01 10:43:30,"3 Meals a Day Ep2 (720p)

https://t.me/+Il9gGm6epPc1ZGQ1",False,False,False,False,True,False,False,False,False,False,1525300629,,"{'_': 'MessageFwdHeader', 'date': '2024-02-12T15:26:19+00:00', 'imported': False, 'saved_out': False, 'from_id': {'_': 'PeerChannel', 'channel_id': 1879835106}, 'from_name': None, 'channel_post': 210, 'post_author': None, 'saved_from_peer': None, 'saved_from_msg_id': None, 'saved_from_id': None, 'saved_from_name': None, 'saved_date': None, 'psa_type': None}",,,,,,,451,0,,,,,,[],
survivalmyanmar,https://t.me/survivalmyanmar,11377,2024-03-01 10:43:30,"3 Meals a Day Ep2 (1080p)

https://t.me/+Il9gGm6epPc1ZGQ1",False,False,False,False,True,False,False,False,False,False,1525300629,,"{'_': 'MessageFwdHeader', 'date': '2024-02-12T15:26:19+00:00', 'imported': False, 'saved_out': False, 'from_id': {'_': 'PeerChannel', 'channel_id': 1879835106}, 'from_name': None, 'channel_post': 211, 'post_author': None, 'saved_from_peer': None, 'saved_from_msg_id': None, 'saved_from_id': None, 'saved_from_name': None, 'saved_date': None, 'psa_type': None}",,,,,,,479,0,,,,,,[],
survivalmyanmar,https://t.me/survivalmyanmar,11378,2024-03-01 10:43:30,"3 Meals a Day Ep2 (480p)

https://t.me/+Il9gGm6epPc1ZGQ1",False,False,False,False,True,False,False,False,False,False,1525300629,,"{'_': 'MessageFwdHeader', 'date': '2024-02-12T15:26:19+00:00', 'imported': False, 'saved_out': False, 'from_id': {'_': 'PeerChannel', 'channel_id': 1879835106}, 'from_name': None, 'channel_post': 212, 'post_author': None, 'saved_from_peer': None, 'saved_from_msg_id': None, 'saved_from_id': None, 'saved_from_name': None, 'saved_date': None, 'psa_type': None}",,,,,,,542,0,,,,,,[],
survivalmyanmar,https://t.me/survivalmyanmar,11379,2024-03-01 10:43:31,"3 Meals a Day Ep2 (360p)

https://t.me/+Il9gGm6epPc1ZGQ1",False,False,False,False,True,False,False,False,False,False,1525300629,,"{'_': 'MessageFwdHeader', 'date': '2024-02-12T15:26:19+00:00', 'imported': False, 'saved_out': False, 'from_id': {'_': 'PeerChannel', 'channel_id': 1879835106}, 'from_name': None, 'channel_post': 213, 'post_author': None, 'saved_from_peer': None, 'saved_from_msg_id': None, 'saved_from_id': None, 'saved_from_name': None, 'saved_date': None, 'psa_type': None}",,,,,,,570,0,,,,,,[],
survivalmyanmar,https://t.me/survivalmyanmar,11380,2024-03-01 10:48:04,"Doctor <PERSON> (8)[1080p]

https://t.me/behind_your_touch_sm/1188",False,False,False,False,True,False,False,False,False,False,1525300629,,"{'_': 'MessageFwdHeader', 'date': '2024-02-19T01:43:04+00:00', 'imported': False, 'saved_out': False, 'from_id': {'_': 'PeerChannel', 'channel_id': 1506309700}, 'from_name': None, 'channel_post': 1489, 'post_author': None, 'saved_from_peer': None, 'saved_from_msg_id': None, 'saved_from_id': None, 'saved_from_name': None, 'saved_date': None, 'psa_type': None}",,,,,,,614,0,,,,,,[],
survivalmyanmar,https://t.me/survivalmyanmar,11381,2024-03-01 10:48:04,"Doctor <PERSON> (8)[720p]

https://t.me/behind_your_touch_sm/1188",False,False,False,False,True,False,False,False,False,False,1525300629,,"{'_': 'MessageFwdHeader', 'date': '2024-02-19T01:43:04+00:00', 'imported': False, 'saved_out': False, 'from_id': {'_': 'PeerChannel', 'channel_id': 1506309700}, 'from_name': None, 'channel_post': 1490, 'post_author': None, 'saved_from_peer': None, 'saved_from_msg_id': None, 'saved_from_id': None, 'saved_from_name': None, 'saved_date': None, 'psa_type': None}",,,,,,,679,0,,,,,,[],
survivalmyanmar,https://t.me/survivalmyanmar,11382,2024-03-01 10:48:04,"Doctor <PERSON> (8)[480p]

https://t.me/behind_your_touch_sm/1188",False,False,False,False,True,False,False,False,False,False,1525300629,,"{'_': 'MessageFwdHeader', 'date': '2024-02-19T01:43:04+00:00', 'imported': False, 'saved_out': False, 'from_id': {'_': 'PeerChannel', 'channel_id': 1506309700}, 'from_name': None, 'channel_post': 1491, 'post_author': None, 'saved_from_peer': None, 'saved_from_msg_id': None, 'saved_from_id': None, 'saved_from_name': None, 'saved_date': None, 'psa_type': None}",,,,,,,737,0,,,,,,[],
survivalmyanmar,https://t.me/survivalmyanmar,11383,2024-03-01 10:48:04,"Doctor <PERSON> (<DATE_TIME>]

https://t.me/behind_your_touch_sm/1188",False,False,False,False,True,False,False,False,False,False,1525300629,,"{'_': 'MessageFwdHeader', 'date': '2024-02-19T01:43:04+00:00', 'imported': False, 'saved_out': False, 'from_id': {'_': 'PeerChannel', 'channel_id': 1506309700}, 'from_name': None, 'channel_post': 1492, 'post_author': None, 'saved_from_peer': None, 'saved_from_msg_id': None, 'saved_from_id': None, 'saved_from_name': None, 'saved_date': None, 'psa_type': None}",,,,,,,768,0,,,,,,[],
survivalmyanmar,https://t.me/survivalmyanmar,11384,2024-03-01 11:05:23,In cold blood - အတ္တနှောတဲ့ သွေးရင်း  Ep12 (720p),False,False,False,False,True,False,False,False,False,False,1525300629,,"{'_': 'MessageFwdHeader', 'date': '2024-02-07T02:53:56+00:00', 'imported': False, 'saved_out': False, 'from_id': {'_': 'PeerChannel', 'channel_id': 1589506974}, 'from_name': None, 'channel_post': 97, 'post_author': None, 'saved_from_peer': None, 'saved_from_msg_id': None, 'saved_from_id': None, 'saved_from_name': None, 'saved_date': None, 'psa_type': None}",,,,,,,593,0,,,,,,[],
survivalmyanmar,https://t.me/survivalmyanmar,11385,2024-03-01 11:05:23,In cold blood - အတ္တနှောတဲ့ သွေးရင်း  Ep12 (480p),False,False,False,False,True,False,False,False,False,False,1525300629,,"{'_': 'MessageFwdHeader', 'date': '2024-02-07T02:56:05+00:00', 'imported': False, 'saved_out': False, 'from_id': {'_': 'PeerChannel', 'channel_id': 1589506974}, 'from_name': None, 'channel_post': 98, 'post_author': None, 'saved_from_peer': None, 'saved_from_msg_id': None, 'saved_from_id': None, 'saved_from_name': None, 'saved_date': None, 'psa_type': None}",,,,,,,589,0,,,,,,[],
survivalmyanmar,https://t.me/survivalmyanmar,11386,2024-03-01 11:05:23,In cold blood - အတ္တနှောတဲ့ သွေးရင်း  Ep12 (360p),False,False,False,False,True,False,False,False,False,False,1525300629,,"{'_': 'MessageFwdHeader', 'date': '2024-02-07T02:57:34+00:00', 'imported': False, 'saved_out': False, 'from_id': {'_': 'PeerChannel', 'channel_id': 1589506974}, 'from_name': None, 'channel_post': 99, 'post_author': None, 'saved_from_peer': None, 'saved_from_msg_id': None, 'saved_from_id': None, 'saved_from_name': None, 'saved_date': None, 'psa_type': None}",,,,,,,526,0,,,,,,[],
survivalmyanmar,https://t.me/survivalmyanmar,11387,2024-03-01 11:05:23,In cold blood - အတ္တနှောတဲ့ သွေးရင်း  Ep12 (1080p),False,False,False,False,True,False,False,False,False,False,1525300629,,"{'_': 'MessageFwdHeader', 'date': '2024-02-07T03:04:06+00:00', 'imported': False, 'saved_out': False, 'from_id': {'_': 'PeerChannel', 'channel_id': 1589506974}, 'from_name': None, 'channel_post': 100, 'post_author': None, 'saved_from_peer': None, 'saved_from_msg_id': None, 'saved_from_id': None, 'saved_from_name': None, 'saved_date': None, 'psa_type': None}",,,,,,,497,0,,,,,,[],
survivalmyanmar,https://t.me/survivalmyanmar,11388,2024-03-01 11:05:23,In cold blood - အတ္တနှောတဲ့ သွေးရင်း  Ep15 (720p),False,False,False,False,True,False,False,False,False,False,1525300629,,"{'_': 'MessageFwdHeader', 'date': '2024-02-10T07:51:39+00:00', 'imported': False, 'saved_out': False, 'from_id': {'_': 'PeerChannel', 'channel_id': 1589506974}, 'from_name': None, 'channel_post': 109, 'post_author': None, 'saved_from_peer': None, 'saved_from_msg_id': None, 'saved_from_id': None, 'saved_from_name': None, 'saved_date': None, 'psa_type': None}",,,,,,,466,0,,,,,,[],
survivalmyanmar,https://t.me/survivalmyanmar,11389,2024-03-01 11:05:24,In cold blood - အတ္တနှောတဲ့ သွေးရင်း  Ep15 (480p),False,False,False,False,True,False,False,False,False,False,1525300629,,"{'_': 'MessageFwdHeader', 'date': '2024-02-10T07:51:39+00:00', 'imported': False, 'saved_out': False, 'from_id': {'_': 'PeerChannel', 'channel_id': 1589506974}, 'from_name': None, 'channel_post': 110, 'post_author': None, 'saved_from_peer': None, 'saved_from_msg_id': None, 'saved_from_id': None, 'saved_from_name': None, 'saved_date': None, 'psa_type': None}",,,,,,,464,0,,,,,,[],
survivalmyanmar,https://t.me/survivalmyanmar,11390,2024-03-01 11:05:24,In cold blood - အတ္တနှောတဲ့ သွေးရင်း  Ep15 (360p),False,False,False,False,True,False,False,False,False,False,1525300629,,"{'_': 'MessageFwdHeader', 'date': '2024-02-10T07:53:28+00:00', 'imported': False, 'saved_out': False, 'from_id': {'_': 'PeerChannel', 'channel_id': 1589506974}, 'from_name': None, 'channel_post': 111, 'post_author': None, 'saved_from_peer': None, 'saved_from_msg_id': None, 'saved_from_id': None, 'saved_from_name': None, 'saved_date': None, 'psa_type': None}",,,,,,,467,0,,,,,,[],
survivalmyanmar,https://t.me/survivalmyanmar,11391,2024-03-01 11:05:24,In cold blood - အတ္တနှောတဲ့ သွေးရင်း  Ep15 (1080p),False,False,False,False,True,False,False,False,False,False,1525300629,,"{'_': 'MessageFwdHeader', 'date': '2024-02-10T07:53:28+00:00', 'imported': False, 'saved_out': False, 'from_id': {'_': 'PeerChannel', 'channel_id': 1589506974}, 'from_name': None, 'channel_post': 112, 'post_author': None, 'saved_from_peer': None, 'saved_from_msg_id': None, 'saved_from_id': None, 'saved_from_name': None, 'saved_date': None, 'psa_type': None}",,,,,,,496,0,,,,,,[],
survivalmyanmar,https://t.me/survivalmyanmar,11392,2024-03-01 11:05:24,"ln Cold Blood - အတ္တနှောတဲ့ သွေးရင်း  Ep21  (720p)

https://t.me/incoldblood_sm",False,False,False,False,True,False,False,False,False,False,1525300629,,"{'_': 'MessageFwdHeader', 'date': '2024-02-21T02:32:39+00:00', 'imported': False, 'saved_out': False, 'from_id': {'_': 'PeerChannel', 'channel_id': 1631836622}, 'from_name': None, 'channel_post': 5181, 'post_author': None, 'saved_from_peer': None, 'saved_from_msg_id': None, 'saved_from_id': None, 'saved_from_name': None, 'saved_date': None, 'psa_type': None}",,,,,,,589,0,,,,,,[],
survivalmyanmar,https://t.me/survivalmyanmar,11393,2024-03-01 11:05:24,"ln Cold Blood - အတ္တနှောတဲ့ သွေးရင်း  Ep21  (480p)

https://t.me/incoldblood_sm",False,False,False,False,True,False,False,False,False,False,1525300629,,"{'_': 'MessageFwdHeader', 'date': '2024-02-21T02:34:51+00:00', 'imported': False, 'saved_out': False, 'from_id': {'_': 'PeerChannel', 'channel_id': 1631836622}, 'from_name': None, 'channel_post': 5182, 'post_author': None, 'saved_from_peer': None, 'saved_from_msg_id': None, 'saved_from_id': None, 'saved_from_name': None, 'saved_date': None, 'psa_type': None}",,,,,,,619,0,,,,,,[],
survivalmyanmar,https://t.me/survivalmyanmar,11394,2024-03-01 11:05:24,"ln Cold Blood - အတ္တနှောတဲ့ သွေးရင်း  Ep21  (360p)

https://t.me/incoldblood_sm",False,False,False,False,True,False,False,False,False,False,1525300629,,"{'_': 'MessageFwdHeader', 'date': '2024-02-21T02:36:11+00:00', 'imported': False, 'saved_out': False, 'from_id': {'_': 'PeerChannel', 'channel_id': 1631836622}, 'from_name': None, 'channel_post': 5183, 'post_author': None, 'saved_from_peer': None, 'saved_from_msg_id': None, 'saved_from_id': None, 'saved_from_name': None, 'saved_date': None, 'psa_type': None}",,,,,,,504,0,,,,,,[],
survivalmyanmar,https://t.me/survivalmyanmar,11395,2024-03-01 11:05:24,"ln Cold Blood - အတ္တနှောတဲ့ သွေးရင်း  Ep21  (1080p)

https://t.me/incoldblood_sm",False,False,False,False,True,False,False,False,False,False,1525300629,,"{'_': 'MessageFwdHeader', 'date': '2024-02-21T02:41:39+00:00', 'imported': False, 'saved_out': False, 'from_id': {'_': 'PeerChannel', 'channel_id': 1631836622}, 'from_name': None, 'channel_post': 5184, 'post_author': None, 'saved_from_peer': None, 'saved_from_msg_id': None, 'saved_from_id': None, 'saved_from_name': None, 'saved_date': None, 'psa_type': None}",,,,,,,541,0,,,,,,[],
survivalmyanmar,https://t.me/survivalmyanmar,11396,2024-03-01 11:05:24,"ln Cold Blood - အတ္တနှောတဲ့ သွေးရင်း  Ep22 (720p)

https://t.me/incoldblood_sm",False,False,False,False,True,False,False,False,False,False,1525300629,,"{'_': 'MessageFwdHeader', 'date': '2024-02-22T06:30:58+00:00', 'imported': False, 'saved_out': False, 'from_id': {'_': 'PeerChannel', 'channel_id': 1631836622}, 'from_name': None, 'channel_post': 5202, 'post_author': None, 'saved_from_peer': None, 'saved_from_msg_id': None, 'saved_from_id': None, 'saved_from_name': None, 'saved_date': None, 'psa_type': None}",,,,,,,573,0,,,,,,[],
survivalmyanmar,https://t.me/survivalmyanmar,11397,2024-03-01 11:05:24,"ln Cold Blood - အတ္တနှောတဲ့ သွေးရင်း  Ep22 (480p)

https://t.me/incoldblood_sm",False,False,False,False,True,False,False,False,False,False,1525300629,,"{'_': 'MessageFwdHeader', 'date': '2024-02-22T06:33:30+00:00', 'imported': False, 'saved_out': False, 'from_id': {'_': 'PeerChannel', 'channel_id': 1631836622}, 'from_name': None, 'channel_post': 5203, 'post_author': None, 'saved_from_peer': None, 'saved_from_msg_id': None, 'saved_from_id': None, 'saved_from_name': None, 'saved_date': None, 'psa_type': None}",,,,,,,510,0,,,,,,[],
survivalmyanmar,https://t.me/survivalmyanmar,11398,2024-03-01 11:05:25,"ln Cold Blood - အတ္တနှောတဲ့ သွေးရင်း  Ep22 (360p)

https://t.me/incoldblood_sm",False,False,False,False,True,False,False,False,False,False,1525300629,,"{'_': 'MessageFwdHeader', 'date': '2024-02-22T06:34:22+00:00', 'imported': False, 'saved_out': False, 'from_id': {'_': 'PeerChannel', 'channel_id': 1631836622}, 'from_name': None, 'channel_post': 5204, 'post_author': None, 'saved_from_peer': None, 'saved_from_msg_id': None, 'saved_from_id': None, 'saved_from_name': None, 'saved_date': None, 'psa_type': None}",,,,,,,513,0,,,,,,[],
survivalmyanmar,https://t.me/survivalmyanmar,11399,2024-03-01 11:05:25,"ln Cold Blood - အတ္တနှောတဲ့ သွေးရင်း  Ep22 (1080p)

https://t.me/incoldblood_sm",False,False,False,False,True,False,False,False,False,False,1525300629,,"{'_': 'MessageFwdHeader', 'date': '2024-02-22T06:38:00+00:00', 'imported': False, 'saved_out': False, 'from_id': {'_': 'PeerChannel', 'channel_id': 1631836622}, 'from_name': None, 'channel_post': 5205, 'post_author': None, 'saved_from_peer': None, 'saved_from_msg_id': None, 'saved_from_id': None, 'saved_from_name': None, 'saved_date': None, 'psa_type': None}",,,,,,,513,0,,,,,,[],
survivalmyanmar,https://t.me/survivalmyanmar,11400,2024-03-01 11:05:25,"ln Cold Blood - အတ္တနှောတဲ့ သွေးရင်း  Ep23 (720p)

https://t.me/incoldblood_sm",False,False,False,False,True,False,False,False,False,False,1525300629,,"{'_': 'MessageFwdHeader', 'date': '2024-02-23T06:13:09+00:00', 'imported': False, 'saved_out': False, 'from_id': {'_': 'PeerChannel', 'channel_id': 1631836622}, 'from_name': None, 'channel_post': 5210, 'post_author': None, 'saved_from_peer': None, 'saved_from_msg_id': None, 'saved_from_id': None, 'saved_from_name': None, 'saved_date': None, 'psa_type': None}",,,,,,,1461,0,,,,,,[],
survivalmyanmar,https://t.me/survivalmyanmar,11401,2024-03-01 11:05:25,"ln Cold Blood - အတ္တနှောတဲ့ သွေးရင်း  Ep23 (480p)

https://t.me/incoldblood_sm",False,False,False,False,True,False,False,False,False,False,1525300629,,"{'_': 'MessageFwdHeader', 'date': '2024-02-23T06:13:10+00:00', 'imported': False, 'saved_out': False, 'from_id': {'_': 'PeerChannel', 'channel_id': 1631836622}, 'from_name': None, 'channel_post': 5211, 'post_author': None, 'saved_from_peer': None, 'saved_from_msg_id': None, 'saved_from_id': None, 'saved_from_name': None, 'saved_date': None, 'psa_type': None}",,,,,,,1912,0,,,,,,[],
survivalmyanmar,https://t.me/survivalmyanmar,11402,2024-03-01 11:05:25,"ln Cold Blood - အတ္တနှောတဲ့ သွေးရင်း  Ep23 (360p)

https://t.me/incoldblood_sm",False,False,False,False,True,False,False,False,False,False,1525300629,,"{'_': 'MessageFwdHeader', 'date': '2024-02-23T06:13:10+00:00', 'imported': False, 'saved_out': False, 'from_id': {'_': 'PeerChannel', 'channel_id': 1631836622}, 'from_name': None, 'channel_post': 5212, 'post_author': None, 'saved_from_peer': None, 'saved_from_msg_id': None, 'saved_from_id': None, 'saved_from_name': None, 'saved_date': None, 'psa_type': None}",,,,,,,996,0,,,,,,[],
survivalmyanmar,https://t.me/survivalmyanmar,11403,2024-03-01 11:05:25,"ln Cold Blood - အတ္တနှောတဲ့ သွေးရင်း  Ep23 (1080p)

https://t.me/incoldblood_sm",False,False,False,False,True,False,False,False,False,False,1525300629,,"{'_': 'MessageFwdHeader', 'date': '2024-02-23T06:16:48+00:00', 'imported': False, 'saved_out': False, 'from_id': {'_': 'PeerChannel', 'channel_id': 1631836622}, 'from_name': None, 'channel_post': 5213, 'post_author': None, 'saved_from_peer': None, 'saved_from_msg_id': None, 'saved_from_id': None, 'saved_from_name': None, 'saved_date': None, 'psa_type': None}",,,,,,,581,0,,,,,,[],
survivalmyanmar,https://t.me/survivalmyanmar,11404,2024-03-01 11:05:25,"ln Cold Blood - အတ္တနှောတဲ့ သွေးရင်း  Ep24 (720p)

https://t.me/incoldblood_sm",False,False,False,False,True,False,False,False,False,False,1525300629,,"{'_': 'MessageFwdHeader', 'date': '2024-02-24T06:01:36+00:00', 'imported': False, 'saved_out': False, 'from_id': {'_': 'PeerChannel', 'channel_id': 1631836622}, 'from_name': None, 'channel_post': 5222, 'post_author': None, 'saved_from_peer': None, 'saved_from_msg_id': None, 'saved_from_id': None, 'saved_from_name': None, 'saved_date': None, 'psa_type': None}",,,,,,,582,0,,,,,,[],
survivalmyanmar,https://t.me/survivalmyanmar,11405,2024-03-01 11:05:25,"ln Cold Blood - အတ္တနှောတဲ့ သွေးရင်း  Ep24 (480p)

https://t.me/incoldblood_sm",False,False,False,False,True,False,False,False,False,False,1525300629,,"{'_': 'MessageFwdHeader', 'date': '2024-02-24T06:04:14+00:00', 'imported': False, 'saved_out': False, 'from_id': {'_': 'PeerChannel', 'channel_id': 1631836622}, 'from_name': None, 'channel_post': 5223, 'post_author': None, 'saved_from_peer': None, 'saved_from_msg_id': None, 'saved_from_id': None, 'saved_from_name': None, 'saved_date': None, 'psa_type': None}",,,,,,,619,0,,,,,,[],
survivalmyanmar,https://t.me/survivalmyanmar,11406,2024-03-01 11:05:25,"ln Cold Blood - အတ္တနှောတဲ့ သွေးရင်း  Ep24 (360p)

https://t.me/incoldblood_sm",False,False,False,False,True,False,False,False,False,False,1525300629,,"{'_': 'MessageFwdHeader', 'date': '2024-02-24T06:05:44+00:00', 'imported': False, 'saved_out': False, 'from_id': {'_': 'PeerChannel', 'channel_id': 1631836622}, 'from_name': None, 'channel_post': 5224, 'post_author': None, 'saved_from_peer': None, 'saved_from_msg_id': None, 'saved_from_id': None, 'saved_from_name': None, 'saved_date': None, 'psa_type': None}",,,,,,,621,0,,,,,,[],
survivalmyanmar,https://t.me/survivalmyanmar,11407,2024-03-01 11:05:25,"ln Cold Blood - အတ္တနှောတဲ့ သွေးရင်း  Ep24 (1080p)

https://t.me/incoldblood_sm",False,False,False,False,True,False,False,False,False,False,1525300629,,"{'_': 'MessageFwdHeader', 'date': '2024-02-24T06:09:27+00:00', 'imported': False, 'saved_out': False, 'from_id': {'_': 'PeerChannel', 'channel_id': 1631836622}, 'from_name': None, 'channel_post': 5225, 'post_author': None, 'saved_from_peer': None, 'saved_from_msg_id': None, 'saved_from_id': None, 'saved_from_name': None, 'saved_date': None, 'psa_type': None}",,,,,,,622,0,,,,,,[],
survivalmyanmar,https://t.me/survivalmyanmar,11408,2024-03-01 11:05:25,"ln Cold Blood - အတ္တနှောတဲ့ သွေးရင်း  Ep25 (720p)

https://t.me/incoldblood_sm",False,False,False,False,True,False,False,False,False,False,1525300629,,"{'_': 'MessageFwdHeader', 'date': '2024-02-27T06:08:14+00:00', 'imported': False, 'saved_out': False, 'from_id': {'_': 'PeerChannel', 'channel_id': 1631836622}, 'from_name': None, 'channel_post': 5267, 'post_author': None, 'saved_from_peer': None, 'saved_from_msg_id': None, 'saved_from_id': None, 'saved_from_name': None, 'saved_date': None, 'psa_type': None}",,,,,,,589,0,,,,,,[],
survivalmyanmar,https://t.me/survivalmyanmar,11409,2024-03-01 11:05:25,"ln Cold Blood - အတ္တနှောတဲ့ သွေးရင်း  Ep25 (480p)

https://t.me/incoldblood_sm",False,False,False,False,True,False,False,False,False,False,1525300629,,"{'_': 'MessageFwdHeader', 'date': '2024-02-27T06:09:34+00:00', 'imported': False, 'saved_out': False, 'from_id': {'_': 'PeerChannel', 'channel_id': 1631836622}, 'from_name': None, 'channel_post': 5268, 'post_author': None, 'saved_from_peer': None, 'saved_from_msg_id': None, 'saved_from_id': None, 'saved_from_name': None, 'saved_date': None, 'psa_type': None}",,,,,,,593,0,,,,,,[],
survivalmyanmar,https://t.me/survivalmyanmar,11410,2024-03-01 11:05:26,"ln Cold Blood - အတ္တနှောတဲ့ သွေးရင်း  Ep25 (360p)

https://t.me/incoldblood_sm",False,False,False,False,True,False,False,False,False,False,1525300629,,"{'_': 'MessageFwdHeader', 'date': '2024-02-27T06:11:24+00:00', 'imported': False, 'saved_out': False, 'from_id': {'_': 'PeerChannel', 'channel_id': 1631836622}, 'from_name': None, 'channel_post': 5269, 'post_author': None, 'saved_from_peer': None, 'saved_from_msg_id': None, 'saved_from_id': None, 'saved_from_name': None, 'saved_date': None, 'psa_type': None}",,,,,,,600,0,,,,,,[],
survivalmyanmar,https://t.me/survivalmyanmar,11411,2024-03-01 11:05:26,"ln Cold Blood - အတ္တနှောတဲ့ သွေးရင်း  Ep25 (1080p)

https://t.me/incoldblood_sm",False,False,False,False,True,False,False,False,False,False,1525300629,,"{'_': 'MessageFwdHeader', 'date': '2024-02-27T06:13:41+00:00', 'imported': False, 'saved_out': False, 'from_id': {'_': 'PeerChannel', 'channel_id': 1631836622}, 'from_name': None, 'channel_post': 5270, 'post_author': None, 'saved_from_peer': None, 'saved_from_msg_id': None, 'saved_from_id': None, 'saved_from_name': None, 'saved_date': None, 'psa_type': None}",,,,,,,648,0,,,,,,[],
survivalmyanmar,https://t.me/survivalmyanmar,11412,2024-03-01 11:05:26,"ln Cold Blood - အတ္တနှောတဲ့ သွေးရင်း  Ep26 (720p)

https://t.me/incoldblood_sm",False,False,False,False,True,False,False,False,False,False,1525300629,,"{'_': 'MessageFwdHeader', 'date': '2024-02-28T04:28:30+00:00', 'imported': False, 'saved_out': False, 'from_id': {'_': 'PeerChannel', 'channel_id': 1631836622}, 'from_name': None, 'channel_post': 5271, 'post_author': None, 'saved_from_peer': None, 'saved_from_msg_id': None, 'saved_from_id': None, 'saved_from_name': None, 'saved_date': None, 'psa_type': None}",,,,,,,641,0,,,,,,[],
survivalmyanmar,https://t.me/survivalmyanmar,11413,2024-03-01 11:05:26,"ln Cold Blood - အတ္တနှောတဲ့ သွေးရင်း  Ep26 (480p)

https://t.me/incoldblood_sm",False,False,False,False,True,False,False,False,False,False,1525300629,,"{'_': 'MessageFwdHeader', 'date': '2024-02-28T04:30:47+00:00', 'imported': False, 'saved_out': False, 'from_id': {'_': 'PeerChannel', 'channel_id': 1631836622}, 'from_name': None, 'channel_post': 5272, 'post_author': None, 'saved_from_peer': None, 'saved_from_msg_id': None, 'saved_from_id': None, 'saved_from_name': None, 'saved_date': None, 'psa_type': None}",,,,,,,632,0,,,,,,[],
survivalmyanmar,https://t.me/survivalmyanmar,11414,2024-03-01 11:05:26,"ln Cold Blood - အတ္တနှောတဲ့ သွေးရင်း  Ep26 (360p)

https://t.me/incoldblood_sm",False,False,False,False,True,False,False,False,False,False,1525300629,,"{'_': 'MessageFwdHeader', 'date': '2024-02-28T04:32:16+00:00', 'imported': False, 'saved_out': False, 'from_id': {'_': 'PeerChannel', 'channel_id': 1631836622}, 'from_name': None, 'channel_post': 5273, 'post_author': None, 'saved_from_peer': None, 'saved_from_msg_id': None, 'saved_from_id': None, 'saved_from_name': None, 'saved_date': None, 'psa_type': None}",,,,,,,699,0,,,,,,[],
survivalmyanmar,https://t.me/survivalmyanmar,11415,2024-03-01 11:05:26,"ln Cold Blood - အတ္တနှောတဲ့ သွေးရင်း  Ep26 (1080p)

https://t.me/incoldblood_sm",False,False,False,False,True,False,False,False,False,False,1525300629,,"{'_': 'MessageFwdHeader', 'date': '2024-02-28T04:37:53+00:00', 'imported': False, 'saved_out': False, 'from_id': {'_': 'PeerChannel', 'channel_id': 1631836622}, 'from_name': None, 'channel_post': 5274, 'post_author': None, 'saved_from_peer': None, 'saved_from_msg_id': None, 'saved_from_id': None, 'saved_from_name': None, 'saved_date': None, 'psa_type': None}",,,,,,,823,0,,,,,,[],
survivalmyanmar,https://t.me/survivalmyanmar,11416,2024-03-01 11:05:26,"ln Cold Blood - အတ္တနှောတဲ့ သွေးရင်း  Ep27 (720p)

https://t.me/incoldblood_sm",False,False,False,False,True,False,False,False,False,False,1525300629,,"{'_': 'MessageFwdHeader', 'date': '2024-02-29T06:44:32+00:00', 'imported': False, 'saved_out': False, 'from_id': {'_': 'PeerChannel', 'channel_id': 1631836622}, 'from_name': None, 'channel_post': 5295, 'post_author': None, 'saved_from_peer': None, 'saved_from_msg_id': None, 'saved_from_id': None, 'saved_from_name': None, 'saved_date': None, 'psa_type': None}",,,,,,,767,0,,,,,,[],
survivalmyanmar,https://t.me/survivalmyanmar,11417,2024-03-01 11:05:26,"ln Cold Blood - အတ္တနှောတဲ့ သွေးရင်း  Ep27 (480p)

https://t.me/incoldblood_sm",False,False,False,False,True,False,False,False,False,False,1525300629,,"{'_': 'MessageFwdHeader', 'date': '2024-02-29T06:47:09+00:00', 'imported': False, 'saved_out': False, 'from_id': {'_': 'PeerChannel', 'channel_id': 1631836622}, 'from_name': None, 'channel_post': 5296, 'post_author': None, 'saved_from_peer': None, 'saved_from_msg_id': None, 'saved_from_id': None, 'saved_from_name': None, 'saved_date': None, 'psa_type': None}",,,,,,,723,0,,,,,,[],
survivalmyanmar,https://t.me/survivalmyanmar,11418,2024-03-01 11:05:26,"ln Cold Blood - အတ္တနှောတဲ့ သွေးရင်း  Ep27 (360p)

https://t.me/incoldblood_sm",False,False,False,False,True,False,False,False,False,False,1525300629,,"{'_': 'MessageFwdHeader', 'date': '2024-02-29T06:48:38+00:00', 'imported': False, 'saved_out': False, 'from_id': {'_': 'PeerChannel', 'channel_id': 1631836622}, 'from_name': None, 'channel_post': 5297, 'post_author': None, 'saved_from_peer': None, 'saved_from_msg_id': None, 'saved_from_id': None, 'saved_from_name': None, 'saved_date': None, 'psa_type': None}",,,,,,,758,0,,,,,,[],
survivalmyanmar,https://t.me/survivalmyanmar,11419,2024-03-01 11:05:26,"ln Cold Blood - အတ္တနှောတဲ့ သွေးရင်း  Ep27 (1080p)

https://t.me/incoldblood_sm",False,False,False,False,True,False,False,False,False,False,1525300629,,"{'_': 'MessageFwdHeader', 'date': '2024-02-29T06:52:37+00:00', 'imported': False, 'saved_out': False, 'from_id': {'_': 'PeerChannel', 'channel_id': 1631836622}, 'from_name': None, 'channel_post': 5298, 'post_author': None, 'saved_from_peer': None, 'saved_from_msg_id': None, 'saved_from_id': None, 'saved_from_name': None, 'saved_date': None, 'psa_type': None}",,,,,,,790,0,,,,,,[],
survivalmyanmar,https://t.me/survivalmyanmar,11420,2024-03-01 11:05:27,"ln Cold Blood - အတ္တနှောတဲ့ သွေးရင်း  Ep28 (720p)

https://t.me/incoldblood_sm",False,False,False,False,True,False,False,False,False,False,1525300629,,"{'_': 'MessageFwdHeader', 'date': '2024-03-01T04:51:58+00:00', 'imported': False, 'saved_out': False, 'from_id': {'_': 'PeerChannel', 'channel_id': 1631836622}, 'from_name': None, 'channel_post': 5315, 'post_author': None, 'saved_from_peer': None, 'saved_from_msg_id': None, 'saved_from_id': None, 'saved_from_name': None, 'saved_date': None, 'psa_type': None}",,,,,,,1031,0,,,,,,[],
survivalmyanmar,https://t.me/survivalmyanmar,11421,2024-03-01 11:05:27,"ln Cold Blood - အတ္တနှောတဲ့ သွေးရင်း  Ep28 (480p)

https://t.me/incoldblood_sm",False,False,False,False,True,False,False,False,False,False,1525300629,,"{'_': 'MessageFwdHeader', 'date': '2024-03-01T04:51:58+00:00', 'imported': False, 'saved_out': False, 'from_id': {'_': 'PeerChannel', 'channel_id': 1631836622}, 'from_name': None, 'channel_post': 5316, 'post_author': None, 'saved_from_peer': None, 'saved_from_msg_id': None, 'saved_from_id': None, 'saved_from_name': None, 'saved_date': None, 'psa_type': None}",,,,,,,1224,0,,,,,,[],
survivalmyanmar,https://t.me/survivalmyanmar,11422,2024-03-01 11:05:27,"ln Cold Blood - အတ္တနှောတဲ့ သွေးရင်း  Ep28 (360p)

https://t.me/incoldblood_sm",False,False,False,False,True,False,False,False,False,False,1525300629,,"{'_': 'MessageFwdHeader', 'date': '2024-03-01T04:51:58+00:00', 'imported': False, 'saved_out': False, 'from_id': {'_': 'PeerChannel', 'channel_id': 1631836622}, 'from_name': None, 'channel_post': 5317, 'post_author': None, 'saved_from_peer': None, 'saved_from_msg_id': None, 'saved_from_id': None, 'saved_from_name': None, 'saved_date': None, 'psa_type': None}",,,,,,,1326,0,,,,,,[],
survivalmyanmar,https://t.me/survivalmyanmar,11423,2024-03-01 11:05:27,"ln Cold Blood - အတ္တနှောတဲ့ သွေးရင်း  <NRP> (1080p)

https://t.me/incoldblood_sm",False,False,False,False,True,False,False,False,False,False,1525300629,,"{'_': 'MessageFwdHeader', 'date': '2024-03-01T04:51:58+00:00', 'imported': False, 'saved_out': False, 'from_id': {'_': 'PeerChannel', 'channel_id': 1631836622}, 'from_name': None, 'channel_post': 5318, 'post_author': None, 'saved_from_peer': None, 'saved_from_msg_id': None, 'saved_from_id': None, 'saved_from_name': None, 'saved_date': None, 'psa_type': None}",,,,,,,1430,0,,,,,,[],
survivalmyanmar,https://t.me/survivalmyanmar,11424,2024-03-01 11:33:53,"ကွာရှင်းဘုရင်မ ဂင်ဆာရာ Ep9 (1080P)

https://t.me/+Dw6_SFE7-7EzNGNl",False,False,False,False,True,False,False,False,False,False,1525300629,,"{'_': 'MessageFwdHeader', 'date': '2024-02-28T18:28:38+00:00', 'imported': False, 'saved_out': False, 'from_id': {'_': 'PeerChannel', 'channel_id': 1702883113}, 'from_name': None, 'channel_post': 124, 'post_author': None, 'saved_from_peer': None, 'saved_from_msg_id': None, 'saved_from_id': None, 'saved_from_name': None, 'saved_date': None, 'psa_type': None}",,,,,,,1297,0,,,,,,[],
survivalmyanmar,https://t.me/survivalmyanmar,11425,2024-03-01 11:33:53,"ကွာရှင်းဘုရင်မ ဂင်ဆာရာ Ep9 (720P)

https://t.me/+Dw6_SFE7-7EzNGNl",False,False,False,False,True,False,False,False,False,False,1525300629,,"{'_': 'MessageFwdHeader', 'date': '2024-02-28T18:32:54+00:00', 'imported': False, 'saved_out': False, 'from_id': {'_': 'PeerChannel', 'channel_id': 1702883113}, 'from_name': None, 'channel_post': 125, 'post_author': None, 'saved_from_peer': None, 'saved_from_msg_id': None, 'saved_from_id': None, 'saved_from_name': None, 'saved_date': None, 'psa_type': None}",,,,,,,1340,0,,,,,,[],
survivalmyanmar,https://t.me/survivalmyanmar,11426,2024-03-01 11:33:53,"ကွာရှင်းဘုရင်မ ဂင်ဆာရာ Ep9 (480P)

https://t.me/+Dw6_SFE7-7EzNGNl",False,False,False,False,True,False,False,False,False,False,1525300629,,"{'_': 'MessageFwdHeader', 'date': '2024-02-28T18:35:37+00:00', 'imported': False, 'saved_out': False, 'from_id': {'_': 'PeerChannel', 'channel_id': 1702883113}, 'from_name': None, 'channel_post': 126, 'post_author': None, 'saved_from_peer': None, 'saved_from_msg_id': None, 'saved_from_id': None, 'saved_from_name': None, 'saved_date': None, 'psa_type': None}",,,,,,,1423,0,,,,,,[],
survivalmyanmar,https://t.me/survivalmyanmar,11427,2024-03-01 11:33:53,"ကွာရှင်းဘုရင်မ ဂင်ဆာရာ Ep9 (360P)

https://t.me/+Dw6_SFE7-7EzNGNl",False,False,False,False,True,False,False,False,False,False,1525300629,,"{'_': 'MessageFwdHeader', 'date': '2024-02-28T18:38:27+00:00', 'imported': False, 'saved_out': False, 'from_id': {'_': 'PeerChannel', 'channel_id': 1702883113}, 'from_name': None, 'channel_post': 127, 'post_author': None, 'saved_from_peer': None, 'saved_from_msg_id': None, 'saved_from_id': None, 'saved_from_name': None, 'saved_date': None, 'psa_type': None}",,,,,,,1496,0,,,,,,[],
survivalmyanmar,https://t.me/survivalmyanmar,11428,2024-03-01 11:33:53,"ကွာရှင်းဘုရင်မ ဂင်ဆာရာ Ep10 (1080P)

https://t.me/+Dw6_SFE7-7EzNGNl",False,False,False,False,True,False,False,False,False,False,1525300629,,"{'_': 'MessageFwdHeader', 'date': '2024-02-29T18:10:55+00:00', 'imported': False, 'saved_out': False, 'from_id': {'_': 'PeerChannel', 'channel_id': 1702883113}, 'from_name': None, 'channel_post': 128, 'post_author': None, 'saved_from_peer': None, 'saved_from_msg_id': None, 'saved_from_id': None, 'saved_from_name': None, 'saved_date': None, 'psa_type': None}",,,,,,,1603,0,,,,,,[],
survivalmyanmar,https://t.me/survivalmyanmar,11429,2024-03-01 11:33:53,"ကွာရှင်းဘုရင်မ ဂင်ဆာရာ Ep10 (720P)

https://t.me/+Dw6_SFE7-7EzNGNl",False,False,False,False,True,False,False,False,False,False,1525300629,,"{'_': 'MessageFwdHeader', 'date': '2024-02-29T18:14:09+00:00', 'imported': False, 'saved_out': False, 'from_id': {'_': 'PeerChannel', 'channel_id': 1702883113}, 'from_name': None, 'channel_post': 129, 'post_author': None, 'saved_from_peer': None, 'saved_from_msg_id': None, 'saved_from_id': None, 'saved_from_name': None, 'saved_date': None, 'psa_type': None}",,,,,,,2632,0,,,,,,[],
survivalmyanmar,https://t.me/survivalmyanmar,11430,2024-03-01 11:33:53,"ကွာရှင်းဘုရင်မ ဂင်ဆာရာ Ep10 (480P)

https://t.me/+Dw6_SFE7-7EzNGNl",False,False,False,False,True,False,False,False,False,False,1525300629,,"{'_': 'MessageFwdHeader', 'date': '2024-02-29T18:18:04+00:00', 'imported': False, 'saved_out': False, 'from_id': {'_': 'PeerChannel', 'channel_id': 1702883113}, 'from_name': None, 'channel_post': 130, 'post_author': None, 'saved_from_peer': None, 'saved_from_msg_id': None, 'saved_from_id': None, 'saved_from_name': None, 'saved_date': None, 'psa_type': None}",,,,,,,3086,0,,,,,,[],
survivalmyanmar,https://t.me/survivalmyanmar,11431,2024-03-01 11:33:53,"ကွာရှင်းဘုရင်မ ဂင်ဆာရာ Ep10 (360P)

https://t.me/+Dw6_SFE7-7EzNGNl",False,False,False,False,True,False,False,False,False,False,1525300629,,"{'_': 'MessageFwdHeader', 'date': '2024-02-29T18:20:01+00:00', 'imported': False, 'saved_out': False, 'from_id': {'_': 'PeerChannel', 'channel_id': 1702883113}, 'from_name': None, 'channel_post': 131, 'post_author': None, 'saved_from_peer': None, 'saved_from_msg_id': None, 'saved_from_id': None, 'saved_from_name': None, 'saved_date': None, 'psa_type': None}",,,,,,,3187,0,,,,,,[],
