Channel ID,URL,Post ID,date,message,out,mentioned,media_unread,silent,post,from_scheduled,legacy,edit_hide,pinned,noforwards,peer_channel,from_id_user,fwd_from,via_bot_id,reply_to_msg_id,reply_to_scheduled,forum_topic,media_photo_id,reply_markup,views,forwards,replies,edit_date,post_author,grouped_id,reactions,restriction_reason,ttl_period
apk_in,https://t.me/apk_in,863,2024-02-17 18:15:21,"Canva: Design, Photo & Video by Canva

Version: 2.251.1
Updated: <DATE_TIME>, <DATE_TIME>
Size: 18.19MB


Request Apk Files @Apkrequestbot 

Premium Unlocked
Unlimited Money
Moded ☑️

Download tutorial : HERE",False,False,False,False,True,False,False,True,False,False,1319542257,,,,,,,5869712129207152387,"{'_': 'ReplyInlineMarkup', 'rows': [{'_': 'KeyboardButtonRow', 'buttons': [{'_': 'KeyboardButtonUrl', 'text': 'Download Mod', 'url': 'https://devuploads.com/10o2p6ipnl01'}]}]}",631,0,,2024-02-17T18:15:26+00:00,,,"{'_': 'MessageReactions', 'results': [{'_': 'ReactionCount', 'reaction': {'_': 'ReactionEmoji', 'emoticon': '👍'}, 'count': 3, 'chosen_order': None}, {'_': 'ReactionCount', 'reaction': {'_': 'ReactionEmoji', 'emoticon': '❤'}, 'count': 1, 'chosen_order': None}, {'_': 'ReactionCount', 'reaction': {'_': 'ReactionEmoji', 'emoticon': '👏'}, 'count': 1, 'chosen_order': None}], 'min': False, 'can_see_list': False, 'reactions_as_tags': False, 'recent_reactions': []}",[],
apk_in,https://t.me/apk_in,864,2024-02-21 02:37:31,"RFS - Real Flight Simulator by RORTOS

Version: 2.2.5
Updated: <DATE_TIME>, <DATE_TIME>
Size: 433.15MB


Request Apk Files @Apkrequestbot 

Premium Unlocked
Unlimited Money
Moded ☑️

Download tutorial : HERE",False,False,False,False,True,False,False,True,False,False,1319542257,,,,,,,5813169108093610861,"{'_': 'ReplyInlineMarkup', 'rows': [{'_': 'KeyboardButtonRow', 'buttons': [{'_': 'KeyboardButtonUrl', 'text': 'Download Apk File ', 'url': 'https://devuploads.com/5wxc4nr0vh0v'}]}]}",499,0,,2024-02-21T02:37:32+00:00,,,"{'_': 'MessageReactions', 'results': [{'_': 'ReactionCount', 'reaction': {'_': 'ReactionEmoji', 'emoticon': '❤'}, 'count': 2, 'chosen_order': None}, {'_': 'ReactionCount', 'reaction': {'_': 'ReactionEmoji', 'emoticon': '👍'}, 'count': 1, 'chosen_order': None}, {'_': 'ReactionCount', 'reaction': {'_': 'ReactionEmoji', 'emoticon': '❤\u200d🔥'}, 'count': 1, 'chosen_order': None}], 'min': False, 'can_see_list': False, 'reactions_as_tags': False, 'recent_reactions': []}",[],
apk_in,https://t.me/apk_in,865,2024-02-28 10:17:22,"FanCode : Live Cricket & Score by Sporta Technologies Private Limited

Version: 6.13.1
Updated: <DATE_TIME>, <DATE_TIME>
Size: 89.20MB

Request Apk Files @Apkrequestbot 

Premium Unlocked
Unlimited Money
Moded ☑️

Download tutorial : HERE",False,False,False,False,True,False,False,False,False,False,1319542257,,,,,,,6034172014723444486,"{'_': 'ReplyInlineMarkup', 'rows': [{'_': 'KeyboardButtonRow', 'buttons': [{'_': 'KeyboardButtonUrl', 'text': 'Download Mod Apk', 'url': 'https://devuploads.com/b546ry4nx2hy'}]}]}",196,0,,2024-02-28T10:17:35+00:00,,,"{'_': 'MessageReactions', 'results': [{'_': 'ReactionCount', 'reaction': {'_': 'ReactionEmoji', 'emoticon': '🥰'}, 'count': 1, 'chosen_order': None}, {'_': 'ReactionCount', 'reaction': {'_': 'ReactionEmoji', 'emoticon': '👀'}, 'count': 1, 'chosen_order': None}], 'min': False, 'can_see_list': False, 'reactions_as_tags': False, 'recent_reactions': []}",[],
apk_in,https://t.me/apk_in,866,2024-03-01 02:01:14,"CapCut - Video Editor by Bytedance Pte. Ltd.

Version: 11.1.0
Updated: <DATE_TIME>, <DATE_TIME>
Size: 241.75MB


Request Apk Files @Apkrequestbot 

Premium Unlocked
Unlimited Money
Moded ☑️

Download tutorial : HERE",False,False,False,False,True,False,False,True,False,False,1319542257,,,,,,,5867479682516102995,"{'_': 'ReplyInlineMarkup', 'rows': [{'_': 'KeyboardButtonRow', 'buttons': [{'_': 'KeyboardButtonUrl', 'text': 'Download Mod Apk', 'url': 'https://devuploads.com/2k82xhf88iuz'}]}]}",94,1,,2024-03-01T02:01:18+00:00,,,"{'_': 'MessageReactions', 'results': [{'_': 'ReactionCount', 'reaction': {'_': 'ReactionEmoji', 'emoticon': '👍'}, 'count': 1, 'chosen_order': None}], 'min': False, 'can_see_list': False, 'reactions_as_tags': False, 'recent_reactions': []}",[],
apk_in,https://t.me/apk_in,867,2024-03-01 02:03:27,"Spotify: Music and Podcasts by Spotify AB

Version: <DATE_TIME>.512
Updated: <DATE_TIME>, <DATE_TIME>
Size: 84.03MB


Request Apk Files @Apkrequestbot 

Premium Unlocked
Unlimited Money
Moded ☑️

Download tutorial : HERE",False,False,False,False,True,False,False,True,False,False,1319542257,,,,,,,5804123623500394751,"{'_': 'ReplyInlineMarkup', 'rows': [{'_': 'KeyboardButtonRow', 'buttons': [{'_': 'KeyboardButtonUrl', 'text': 'Download Mod Apk', 'url': 'https://devuploads.com/d4hdrrfsngs2'}]}]}",92,0,,2024-03-01T02:03:34+00:00,,,"{'_': 'MessageReactions', 'results': [{'_': 'ReactionCount', 'reaction': {'_': 'ReactionEmoji', 'emoticon': '👍'}, 'count': 1, 'chosen_order': None}], 'min': False, 'can_see_list': False, 'reactions_as_tags': False, 'recent_reactions': []}",[],
apk_in,https://t.me/apk_in,868,2024-03-01 02:09:30,"KineMaster-Video Editor&Maker by KineMaster, Video Editor Experts Group

Version: <IP_ADDRESS>
Updated: <DATE_TIME>, <DATE_TIME>
Size: 162.57MB


Request Apk Files @Apkrequestbot 

Premium Unlocked
Unlimited Money
Moded ☑️

Download tutorial : HERE",False,False,False,False,True,False,False,True,False,False,1319542257,,,,,,,6020460696703184233,"{'_': 'ReplyInlineMarkup', 'rows': [{'_': 'KeyboardButtonRow', 'buttons': [{'_': 'KeyboardButtonUrl', 'text': 'Download Mod Apk', 'url': 'https://devuploads.com/drvrtkb2gcpq'}]}]}",95,0,,2024-03-01T02:09:31+00:00,,,"{'_': 'MessageReactions', 'results': [{'_': 'ReactionCount', 'reaction': {'_': 'ReactionEmoji', 'emoticon': '👍'}, 'count': 1, 'chosen_order': None}, {'_': 'ReactionCount', 'reaction': {'_': 'ReactionEmoji', 'emoticon': '❤'}, 'count': 1, 'chosen_order': None}], 'min': False, 'can_see_list': False, 'reactions_as_tags': False, 'recent_reactions': []}",[],
apk_in,https://t.me/apk_in,870,2024-03-04 02:43:29,"Wynk Music: MP3, Song, Podcast by Airtel

Version: <IP_ADDRESS>
Updated: <DATE_TIME>, <DATE_TIME>
Size: 36.61MB


Request Apk Files @Apkrequestbot 

Premium Unlocked
Unlimited Money
Moded ☑️

Download tutorial : HERE",False,False,False,False,True,False,False,True,False,False,1319542257,,,,,,,5770471923376041873,"{'_': 'ReplyInlineMarkup', 'rows': [{'_': 'KeyboardButtonRow', 'buttons': [{'_': 'KeyboardButtonUrl', 'text': 'Download Mod Apk', 'url': 'https://devuploads.com/9eaql2gsro3d'}]}]}",6,0,,2024-03-04T02:43:32+00:00,,,"{'_': 'MessageReactions', 'results': [{'_': 'ReactionCount', 'reaction': {'_': 'ReactionEmoji', 'emoticon': '👍'}, 'count': 1, 'chosen_order': None}], 'min': False, 'can_see_list': False, 'reactions_as_tags': False, 'recent_reactions': []}",[],
apk_in,https://t.me/apk_in,872,2024-03-20 03:29:36,"<PERSON>: Cloud Storage Space 

Version: 3.26.0
Updated: <DATE_TIME>
Size: 112.50MB



Request Apk Files @Apkrequestbot 

Premium Unlocked
Unlimited Money
Moded ☑️

Download tutorial : HERE",False,False,False,False,True,False,False,True,False,False,1319542257,,,,,,,5898723520895103726,"{'_': 'ReplyInlineMarkup', 'rows': [{'_': 'KeyboardButtonRow', 'buttons': [{'_': 'KeyboardButtonUrl', 'text': 'Download Mod Apk', 'url': 'https://devuploads.com/ohb4w601mi9g'}]}]}",12,0,,2024-03-20T03:29:40+00:00,,,"{'_': 'MessageReactions', 'results': [{'_': 'ReactionCount', 'reaction': {'_': 'ReactionEmoji', 'emoticon': '👍'}, 'count': 1, 'chosen_order': None}], 'min': False, 'can_see_list': False, 'reactions_as_tags': False, 'recent_reactions': []}",[],
apk_in,https://t.me/apk_in,874,2024-03-26 02:20:47,"Crunchyroll by Crunchyroll, LLC

Version: 3.52.4
Updated: <DATE_TIME>
Size: 18.23MB


Request Apk Files @Apkrequestbot 

Premium Unlocked
Unlimited Money
Moded ☑️

Download tutorial : HERE",False,False,False,False,True,False,False,False,False,False,1319542257,,,,,,,5928052452400147197,"{'_': 'ReplyInlineMarkup', 'rows': [{'_': 'KeyboardButtonRow', 'buttons': [{'_': 'KeyboardButtonUrl', 'text': 'Download Mod Apk', 'url': 'https://devuploads.com/91wj62z5fdwx'}]}]}",21,1,,2024-03-26T02:21:51+00:00,,,"{'_': 'MessageReactions', 'results': [{'_': 'ReactionCount', 'reaction': {'_': 'ReactionEmoji', 'emoticon': '👍'}, 'count': 1, 'chosen_order': None}], 'min': False, 'can_see_list': False, 'reactions_as_tags': False, 'recent_reactions': []}",[],
