Channel ID,URL,Post ID,date,message,out,mentioned,media_unread,silent,post,from_scheduled,legacy,edit_hide,pinned,noforwards,peer_channel,from_id_user,fwd_from,via_bot_id,reply_to_msg_id,reply_to_scheduled,forum_topic,media_photo_id,reply_markup,views,forwards,replies,edit_date,post_author,grouped_id,reactions,restriction_reason,ttl_period
app_modz,https://t.me/app_modz,670,2024-01-01 05:56:36,"🔥 Magis TV PRO Apk v5.12.0#Update

📺1200 TV channels.30,000+ series🎥 and movies🎬, exclusive sports content, content for children👶, and more.

It works with all types of Android devices, including cell phones📲, TV box, Fire TV stick, Mi stick, Smart TV 📺with Android system and computers 💻with emulator.

🏷   Premium Version
🟢   NO ads
🤩Supports 3 devices to log in at the same time.
👨‍💻Channels   and groups  provide <DATE_TIME> event updates, movies and newly added series 
🫂24-hour technical support.

📥 Download link :  
https://www.magispro.com/descargar?type=TURIN

When you register on the official website for the first time, you will get the free accounts that last for <DATE_TIME>.

👇🏻Registration link:
🔗https://www.magispro.com/index.php?route=account/register

🌟If you are willing to become RESELLER, they will give you free <DATE_TIME> and <DATE_TIME> accounts.
🔗https://t.me/magistvpro_venta",False,False,False,False,True,False,False,True,False,False,1550762529,,,,,,,5.794434860180423e+18,,79212.0,74.0,"{'_': 'MessageReplies', 'replies': 97, 'replies_pts': 22757, 'comments': True, 'recent_repliers': [{'_': 'PeerUser', 'user_id': 6299292847}], 'channel_id': 1700698764, 'max_id': 16804, 'read_max_id': None}",2024-01-01T05:57:46+00:00,,,"{'_': 'MessageReactions', 'results': [{'_': 'ReactionCount', 'reaction': {'_': 'ReactionEmoji', 'emoticon': '👍'}, 'count': 127, 'chosen_order': None}, {'_': 'ReactionCount', 'reaction': {'_': 'ReactionEmoji', 'emoticon': '❤'}, 'count': 5, 'chosen_order': None}, {'_': 'ReactionCount', 'reaction': {'_': 'ReactionEmoji', 'emoticon': '😁'}, 'count': 3, 'chosen_order': None}, {'_': 'ReactionCount', 'reaction': {'_': 'ReactionEmoji', 'emoticon': '🎉'}, 'count': 2, 'chosen_order': None}, {'_': 'ReactionCount', 'reaction': {'_': 'ReactionEmoji', 'emoticon': '🕊'}, 'count': 2, 'chosen_order': None}], 'min': False, 'can_see_list': False, 'reactions_as_tags': False, 'recent_reactions': []}",[],
app_modz,https://t.me/app_modz,679,2024-01-07 10:46:47,"Mod Features
◉ ads removed & skin purchased & infinite energy
◉ CPUs: arm64-v8a 
◉ All debug Info Removed",False,False,False,False,True,False,False,True,False,False,1550762529,,,,,,,,,51496.0,26.0,"{'_': 'MessageReplies', 'replies': 7, 'replies_pts': 22757, 'comments': True, 'recent_repliers': [{'_': 'PeerUser', 'user_id': 5712651624}, {'_': 'PeerUser', 'user_id': 6717680786}, {'_': 'PeerChannel', 'channel_id': 1700698764}], 'channel_id': 1700698764, 'max_id': 14399, 'read_max_id': None}",2024-01-07T10:47:35+00:00,,,"{'_': 'MessageReactions', 'results': [{'_': 'ReactionCount', 'reaction': {'_': 'ReactionEmoji', 'emoticon': '👍'}, 'count': 17, 'chosen_order': None}], 'min': False, 'can_see_list': False, 'reactions_as_tags': False, 'recent_reactions': []}",[],
app_modz,https://t.me/app_modz,680,2024-01-07 10:47:03,"PowerDirector_13.1.0_(Appmodz).apk

Mod Features
◉ Pro Features Unlocked
◉ CPUs: armeabi-v7a Arm64-v8a x86 x86-64
◉ All debug Info Removed",False,False,False,False,True,False,False,True,False,False,1550762529,,,,,,,,,53596.0,46.0,"{'_': 'MessageReplies', 'replies': 3, 'replies_pts': 22757, 'comments': True, 'recent_repliers': [{'_': 'PeerUser', 'user_id': 1966937537}, {'_': 'PeerUser', 'user_id': 5814989748}, {'_': 'PeerUser', 'user_id': 1529439271}], 'channel_id': 1700698764, 'max_id': 17053, 'read_max_id': None}",2024-01-07T10:47:37+00:00,,,"{'_': 'MessageReactions', 'results': [{'_': 'ReactionCount', 'reaction': {'_': 'ReactionEmoji', 'emoticon': '👍'}, 'count': 37, 'chosen_order': None}, {'_': 'ReactionCount', 'reaction': {'_': 'ReactionEmoji', 'emoticon': '❤'}, 'count': 1, 'chosen_order': None}], 'min': False, 'can_see_list': False, 'reactions_as_tags': False, 'recent_reactions': []}",[],
app_modz,https://t.me/app_modz,681,2024-01-07 10:47:16,"AI Chat v3.0.5.1

Mod Features
◉ Pro Features Unlocked
◉ CPUs: armeabi-v7a Arm64-v8a x86 x86-64
◉ All debug Info Removed",False,False,False,False,True,False,False,True,False,False,1550762529,,,,,,,,,57464.0,115.0,"{'_': 'MessageReplies', 'replies': 13, 'replies_pts': 22757, 'comments': True, 'recent_repliers': [{'_': 'PeerUser', 'user_id': 5070351613}, {'_': 'PeerUser', 'user_id': 5845261673}, {'_': 'PeerUser', 'user_id': 6195767309}], 'channel_id': 1700698764, 'max_id': 15328, 'read_max_id': None}",2024-01-07T10:47:39+00:00,,,"{'_': 'MessageReactions', 'results': [{'_': 'ReactionCount', 'reaction': {'_': 'ReactionEmoji', 'emoticon': '👍'}, 'count': 33, 'chosen_order': None}, {'_': 'ReactionCount', 'reaction': {'_': 'ReactionEmoji', 'emoticon': '❤'}, 'count': 5, 'chosen_order': None}, {'_': 'ReactionCount', 'reaction': {'_': 'ReactionEmoji', 'emoticon': '🕊'}, 'count': 3, 'chosen_order': None}, {'_': 'ReactionCount', 'reaction': {'_': 'ReactionEmoji', 'emoticon': '🎉'}, 'count': 2, 'chosen_order': None}, {'_': 'ReactionCount', 'reaction': {'_': 'ReactionEmoji', 'emoticon': '🦄'}, 'count': 1, 'chosen_order': None}], 'min': False, 'can_see_list': False, 'reactions_as_tags': False, 'recent_reactions': []}",[],
app_modz,https://t.me/app_modz,682,2024-01-07 10:47:55,"🔥 CapCut MOD APK v10.7.0 Latest  (Pro) 

  ◉ Pro Features Unlocked
  ◉ AI effects 
  ◉ VPN required if not available in your country 
  ◉ Login Required If Pro features don't work
  ◉ Login Via Number/Email/Tiktok-Id",False,False,False,False,True,False,False,True,False,False,1550762529,,,,,,,,,54683.0,222.0,"{'_': 'MessageReplies', 'replies': 31, 'replies_pts': 22757, 'comments': True, 'recent_repliers': [{'_': 'PeerUser', 'user_id': 959697019}, {'_': 'PeerUser', 'user_id': 1305616459}, {'_': 'PeerUser', 'user_id': 655366602}], 'channel_id': 1700698764, 'max_id': 15965, 'read_max_id': None}",2024-01-07T10:48:02+00:00,,,"{'_': 'MessageReactions', 'results': [{'_': 'ReactionCount', 'reaction': {'_': 'ReactionEmoji', 'emoticon': '👍'}, 'count': 57, 'chosen_order': None}, {'_': 'ReactionCount', 'reaction': {'_': 'ReactionEmoji', 'emoticon': '❤'}, 'count': 6, 'chosen_order': None}, {'_': 'ReactionCount', 'reaction': {'_': 'ReactionEmoji', 'emoticon': '🔥'}, 'count': 5, 'chosen_order': None}, {'_': 'ReactionCount', 'reaction': {'_': 'ReactionEmoji', 'emoticon': '🦄'}, 'count': 3, 'chosen_order': None}, {'_': 'ReactionCount', 'reaction': {'_': 'ReactionEmoji', 'emoticon': '🎉'}, 'count': 1, 'chosen_order': None}], 'min': False, 'can_see_list': False, 'reactions_as_tags': False, 'recent_reactions': []}",[],
app_modz,https://t.me/app_modz,683,2024-01-07 10:48:27,"📱│Alight Motion 5.0.229.1001615 ( Exclusive ) MOD APK 
🅿️ │ Play Store / Official Site Link 
➖➖➖➖➖➖➖➖➖➖➖➖
🔰 | Features & Mod Info ✅
Make your own Animations, Video and Photo Edits, Visual Effects, and more!

◉ Premium Features Unlocked
◉ 4K 60fps Export Unlocked 
◉ Multi Languages & CPUs: Armeabi-v7a, Arm64-v8a  x86 x86_64
➖➖➖➖➖➖➖➖➖➖➖➖
📎│ Direct Download Link  👇⬇️

📥  CLICK HERE TO DOWNLOAD MOD 
<PERSON>️ Tutorial ➜ [How To Download] 🌟",False,False,False,False,True,False,False,False,False,False,1550762529,,,,,,,6.192538329489193e+18,,58157.0,34.0,"{'_': 'MessageReplies', 'replies': 6, 'replies_pts': 22757, 'comments': True, 'recent_repliers': [{'_': 'PeerUser', 'user_id': 6678408146}, {'_': 'PeerUser', 'user_id': 1596419179}, {'_': 'PeerUser', 'user_id': 6408422038}], 'channel_id': 1700698764, 'max_id': 14377, 'read_max_id': None}",2024-01-08T04:31:29+00:00,,,"{'_': 'MessageReactions', 'results': [{'_': 'ReactionCount', 'reaction': {'_': 'ReactionEmoji', 'emoticon': '👍'}, 'count': 29, 'chosen_order': None}, {'_': 'ReactionCount', 'reaction': {'_': 'ReactionEmoji', 'emoticon': '❤'}, 'count': 3, 'chosen_order': None}, {'_': 'ReactionCount', 'reaction': {'_': 'ReactionEmoji', 'emoticon': '😁'}, 'count': 3, 'chosen_order': None}, {'_': 'ReactionCount', 'reaction': {'_': 'ReactionEmoji', 'emoticon': '🎉'}, 'count': 2, 'chosen_order': None}, {'_': 'ReactionCount', 'reaction': {'_': 'ReactionEmoji', 'emoticon': '🕊'}, 'count': 2, 'chosen_order': None}], 'min': False, 'can_see_list': False, 'reactions_as_tags': False, 'recent_reactions': []}",[],
app_modz,https://t.me/app_modz,684,2024-01-07 10:48:38,"📱│SmartWatch & BT Sync Watch App  (Premium) MOD APK
🅿️ │ Play Store / Official Site Link 
➖➖➖➖➖➖➖➖➖➖➖➖
🔰 | Features & Mod Info ✅

◉ Premium Unlocked
◉ All Faces Unlocked
◉ Multi Languages & CPUs: Armeabi-v7a,
➖➖➖➖➖➖➖➖➖➖➖➖
📎│ Direct Download Link  👇⬇️

📥  CLICK HERE TO DOWNLOAD MOD 
<PERSON>️ Tutorial ➜ [How To Download] 🌟",False,False,False,False,True,False,False,True,False,False,1550762529,,,,,,,6.114066601226648e+18,,58438.0,25.0,"{'_': 'MessageReplies', 'replies': 30, 'replies_pts': 22757, 'comments': True, 'recent_repliers': [{'_': 'PeerUser', 'user_id': 6444013884}, {'_': 'PeerUser', 'user_id': 5407299787}, {'_': 'PeerUser', 'user_id': 6506598027}], 'channel_id': 1700698764, 'max_id': 14696, 'read_max_id': None}",2024-01-07T10:48:48+00:00,,,"{'_': 'MessageReactions', 'results': [{'_': 'ReactionCount', 'reaction': {'_': 'ReactionEmoji', 'emoticon': '👍'}, 'count': 40, 'chosen_order': None}, {'_': 'ReactionCount', 'reaction': {'_': 'ReactionEmoji', 'emoticon': '❤'}, 'count': 2, 'chosen_order': None}, {'_': 'ReactionCount', 'reaction': {'_': 'ReactionEmoji', 'emoticon': '😁'}, 'count': 1, 'chosen_order': None}, {'_': 'ReactionCount', 'reaction': {'_': 'ReactionEmoji', 'emoticon': '🕊'}, 'count': 1, 'chosen_order': None}], 'min': False, 'can_see_list': False, 'reactions_as_tags': False, 'recent_reactions': []}",[],
app_modz,https://t.me/app_modz,686,2024-01-08 06:32:32,"🆓Tele Latino #Update LATEST VERSION 5.42 APK FREE

✨Highlights of the Update
❤️Add New Part - Event, it's easier to find soccer⚽️ competitions.
🗣Dramatically increase the speed of the software.

————👇👇DOWNLOAD NOW👇👇————
🎁MOBILE: <NRP>
🎁TV: https://app.latino10.com/app/teleLatino_appmodz-group.apk
——————👆👆FREE LINK👆👆——————

🌟Highlight:
💯 NO Ads | 🔎Advanced | 📌7*24h Tecnical Support

😘Subscribe to us:
TG: <PERSON> https://twitter.com/TeleLatino_Info
INS: https://www.instagram.com/telelatino_info/
TikTok: https://<EMAIL_ADDRESS>",False,False,False,False,True,False,False,True,False,False,1550762529,,,,,,,6.107378263404954e+18,,66574.0,16.0,"{'_': 'MessageReplies', 'replies': 45, 'replies_pts': 22757, 'comments': True, 'recent_repliers': [{'_': 'PeerUser', 'user_id': 6647179708}, {'_': 'PeerUser', 'user_id': 5719989019}, {'_': 'PeerUser', 'user_id': 1334088707}], 'channel_id': 1700698764, 'max_id': 16473, 'read_max_id': None}",2024-01-08T07:38:31+00:00,,,"{'_': 'MessageReactions', 'results': [{'_': 'ReactionCount', 'reaction': {'_': 'ReactionEmoji', 'emoticon': '👍'}, 'count': 58, 'chosen_order': None}, {'_': 'ReactionCount', 'reaction': {'_': 'ReactionEmoji', 'emoticon': '❤'}, 'count': 14, 'chosen_order': None}], 'min': False, 'can_see_list': False, 'reactions_as_tags': False, 'recent_reactions': []}",[],
app_modz,https://t.me/app_modz,690,2024-01-12 05:39:52,"Mod Features
◉ VIP Features Unlocked
◉ Full Multi Languages 
◉ CPUs: Universal 
◉ All debug Info Removed",False,False,False,False,True,False,False,True,False,False,1550762529,,,,,,,,,48368.0,13.0,"{'_': 'MessageReplies', 'replies': 1, 'replies_pts': 22757, 'comments': True, 'recent_repliers': [{'_': 'PeerUser', 'user_id': 2060745284}], 'channel_id': 1700698764, 'max_id': 14449, 'read_max_id': None}",2024-01-12T05:45:38+00:00,,,"{'_': 'MessageReactions', 'results': [{'_': 'ReactionCount', 'reaction': {'_': 'ReactionEmoji', 'emoticon': '👍'}, 'count': 18, 'chosen_order': None}], 'min': False, 'can_see_list': False, 'reactions_as_tags': False, 'recent_reactions': []}",[],
app_modz,https://t.me/app_modz,691,2024-01-12 05:40:02,"◉ VIP Unlocked
◉ Full Multi Languages 
◉ All debug Info Removed
◉ CPUs arch: arm64-v8a, armeabi-v7a",False,False,False,False,True,False,False,True,False,False,1550762529,,,,,,,,,47043.0,32.0,"{'_': 'MessageReplies', 'replies': 1, 'replies_pts': 22757, 'comments': True, 'recent_repliers': [{'_': 'PeerUser', 'user_id': 2060745284}], 'channel_id': 1700698764, 'max_id': 14450, 'read_max_id': None}",2024-01-12T06:09:09+00:00,,,"{'_': 'MessageReactions', 'results': [{'_': 'ReactionCount', 'reaction': {'_': 'ReactionEmoji', 'emoticon': '👍'}, 'count': 24, 'chosen_order': None}, {'_': 'ReactionCount', 'reaction': {'_': 'ReactionEmoji', 'emoticon': '😁'}, 'count': 5, 'chosen_order': None}, {'_': 'ReactionCount', 'reaction': {'_': 'ReactionEmoji', 'emoticon': '❤'}, 'count': 1, 'chosen_order': None}], 'min': False, 'can_see_list': False, 'reactions_as_tags': False, 'recent_reactions': []}",[],
app_modz,https://t.me/app_modz,692,2024-01-12 05:40:12,"Mod Info:
◉ VIP Unlocked
◉ Full Multi Languages 
◉ All debug Info Removed
◉ CPUs arch: arm64-v8a, armeabi-v7a",False,False,False,False,True,False,False,True,False,False,1550762529,,,,,,,,,48560.0,124.0,"{'_': 'MessageReplies', 'replies': 2, 'replies_pts': 22757, 'comments': True, 'recent_repliers': [{'_': 'PeerUser', 'user_id': 1261291776}, {'_': 'PeerUser', 'user_id': 6396096251}], 'channel_id': 1700698764, 'max_id': 16632, 'read_max_id': None}",2024-01-12T06:09:11+00:00,,,"{'_': 'MessageReactions', 'results': [{'_': 'ReactionCount', 'reaction': {'_': 'ReactionEmoji', 'emoticon': '👍'}, 'count': 18, 'chosen_order': None}, {'_': 'ReactionCount', 'reaction': {'_': 'ReactionEmoji', 'emoticon': '❤'}, 'count': 4, 'chosen_order': None}, {'_': 'ReactionCount', 'reaction': {'_': 'ReactionEmoji', 'emoticon': '🦄'}, 'count': 4, 'chosen_order': None}], 'min': False, 'can_see_list': False, 'reactions_as_tags': False, 'recent_reactions': []}",[],
app_modz,https://t.me/app_modz,693,2024-01-12 05:40:22,"Mod Info:
◉ Pro Unlocked
◉ Full Multi Languages 
◉ All debug Info Removed
◉ CPUs arch: Universal",False,False,False,False,True,False,False,True,False,False,1550762529,,,,,,,,,51421.0,23.0,"{'_': 'MessageReplies', 'replies': 1, 'replies_pts': 22757, 'comments': True, 'recent_repliers': [{'_': 'PeerUser', 'user_id': 5996482515}], 'channel_id': 1700698764, 'max_id': 15343, 'read_max_id': None}",2024-01-12T05:42:39+00:00,,,"{'_': 'MessageReactions', 'results': [{'_': 'ReactionCount', 'reaction': {'_': 'ReactionEmoji', 'emoticon': '👍'}, 'count': 14, 'chosen_order': None}, {'_': 'ReactionCount', 'reaction': {'_': 'ReactionEmoji', 'emoticon': '❤'}, 'count': 3, 'chosen_order': None}], 'min': False, 'can_see_list': False, 'reactions_as_tags': False, 'recent_reactions': []}",[],
app_modz,https://t.me/app_modz,694,2024-01-12 05:40:34,"Mod Info:
◉ Pro Unlocked
◉ Full Multi Languages 
◉ All debug Info Removed
◉ CPUs arch: Universal",False,False,False,False,True,False,False,True,False,False,1550762529,,,,,,,,,55011.0,86.0,"{'_': 'MessageReplies', 'replies': 12, 'replies_pts': 22757, 'comments': True, 'recent_repliers': [{'_': 'PeerUser', 'user_id': 777909833}, {'_': 'PeerUser', 'user_id': 985446906}, {'_': 'PeerChannel', 'channel_id': 1700698764}], 'channel_id': 1700698764, 'max_id': 16164, 'read_max_id': None}",2024-01-12T06:09:14+00:00,,,"{'_': 'MessageReactions', 'results': [{'_': 'ReactionCount', 'reaction': {'_': 'ReactionEmoji', 'emoticon': '👍'}, 'count': 21, 'chosen_order': None}], 'min': False, 'can_see_list': False, 'reactions_as_tags': False, 'recent_reactions': []}",[],
app_modz,https://t.me/app_modz,695,2024-01-12 05:40:49,"Mod Info:
◉ Paid Features Unlocked
◉ Full Multi Languages 
◉ All debug Info Removed
◉ CPUs arch: Universal",False,False,False,False,True,False,False,True,False,False,1550762529,,,,,,,,,54064.0,21.0,"{'_': 'MessageReplies', 'replies': 2, 'replies_pts': 22757, 'comments': True, 'recent_repliers': [{'_': 'PeerUser', 'user_id': 2060745284}, {'_': 'PeerUser', 'user_id': 518478871}], 'channel_id': 1700698764, 'max_id': 14446, 'read_max_id': None}",2024-01-12T06:09:16+00:00,,,"{'_': 'MessageReactions', 'results': [{'_': 'ReactionCount', 'reaction': {'_': 'ReactionEmoji', 'emoticon': '👍'}, 'count': 19, 'chosen_order': None}], 'min': False, 'can_see_list': False, 'reactions_as_tags': False, 'recent_reactions': []}",[],
app_modz,https://t.me/app_modz,696,2024-01-12 05:40:59,"Mod Info:
◉ Premium Features Unlocked
◉ Multi Languages
◉ CPUs: armeabi-v7a, arm64-v8a
◉ Debug Info Removed
Cloud & Assistant not working

 ➜ Note: Google Drive Backup Won't Work",False,False,False,False,True,False,False,True,False,False,1550762529,,,,,,,,,52386.0,139.0,"{'_': 'MessageReplies', 'replies': 39, 'replies_pts': 22757, 'comments': True, 'recent_repliers': [{'_': 'PeerUser', 'user_id': 1412791441}, {'_': 'PeerUser', 'user_id': 6088776768}, {'_': 'PeerUser', 'user_id': 6848360167}], 'channel_id': 1700698764, 'max_id': 16514, 'read_max_id': None}",2024-01-12T05:42:44+00:00,,,"{'_': 'MessageReactions', 'results': [{'_': 'ReactionCount', 'reaction': {'_': 'ReactionEmoji', 'emoticon': '👍'}, 'count': 52, 'chosen_order': None}, {'_': 'ReactionCount', 'reaction': {'_': 'ReactionEmoji', 'emoticon': '❤'}, 'count': 11, 'chosen_order': None}, {'_': 'ReactionCount', 'reaction': {'_': 'ReactionEmoji', 'emoticon': '🔥'}, 'count': 4, 'chosen_order': None}, {'_': 'ReactionCount', 'reaction': {'_': 'ReactionEmoji', 'emoticon': '⚡'}, 'count': 1, 'chosen_order': None}, {'_': 'ReactionCount', 'reaction': {'_': 'ReactionEmoji', 'emoticon': '❤\u200d🔥'}, 'count': 1, 'chosen_order': None}], 'min': False, 'can_see_list': False, 'reactions_as_tags': False, 'recent_reactions': []}",[],
app_modz,https://t.me/app_modz,697,2024-01-13 01:48:17,"🆓Tele Latino #Update V4.8.0 APK FOR Android FREE

🥳Enjoy All Live Channels📶 FREE
         🥰Don't Miss Any Exciting Moment
                   Much More Series📺 and Movies📽

————👇👇DOWNLOAD NOW👇👇————
🎁MOBILE: <NRP>
🎁TV: https://app.latino10.com/app/teleLatino_appmodz-group.apk
——————👆👆FREE LINK👆👆——————

🌟Highlight:
💯 NO Ads | 🔎Advanced | 📌7*24h Tecnical Support

😘Subscribe to us:
TG: <PERSON> https://twitter.com/TeleLatino_Info
INS: https://www.instagram.com/telelatino_info/
TikTok: https://<EMAIL_ADDRESS>
YouTube: https://www.youtube.com/@telelatino_oficial",False,False,False,False,True,False,False,True,False,False,1550762529,,,,,,,6.127531645822156e+18,,51330.0,31.0,"{'_': 'MessageReplies', 'replies': 16, 'replies_pts': 22757, 'comments': True, 'recent_repliers': [{'_': 'PeerUser', 'user_id': 1723847659}, {'_': 'PeerUser', 'user_id': 6647206157}, {'_': 'PeerUser', 'user_id': 6927774567}], 'channel_id': 1700698764, 'max_id': 16879, 'read_max_id': None}",2024-01-13T02:11:11+00:00,,,"{'_': 'MessageReactions', 'results': [{'_': 'ReactionCount', 'reaction': {'_': 'ReactionEmoji', 'emoticon': '👍'}, 'count': 35, 'chosen_order': None}, {'_': 'ReactionCount', 'reaction': {'_': 'ReactionEmoji', 'emoticon': '❤'}, 'count': 7, 'chosen_order': None}, {'_': 'ReactionCount', 'reaction': {'_': 'ReactionEmoji', 'emoticon': '😁'}, 'count': 3, 'chosen_order': None}], 'min': False, 'can_see_list': False, 'reactions_as_tags': False, 'recent_reactions': []}",[],
app_modz,https://t.me/app_modz,698,2024-01-13 09:19:56,"<NRP> We are thrilled to announce that our Telegram channel has reached a remarkable milestone - 100,000 subscribers! 🙌 

Thank you to each and every one of you for joining us on this amazing journey. We are so grateful for your support and for being part of our community.

Let's keep growing and spreading the love for our channel. Invite your friends and family to join us and let's continue to use Free Exclusive MODS available on Appmodz.
Thank you again for being part of our 100k strong community. We couldn't have done it without you! <PERSON>I still remember when Appmodz had only 100 subscribers . Thankyou Everyone I am grateful & Thanks For being everytime with us ❤️

This Beautiful Journey was started on <DATE_TIME>.... Still Keeps going We won't stop till end 🔥",False,False,False,False,True,False,False,False,True,False,1550762529,,,,,,,,,56304.0,3.0,"{'_': 'MessageReplies', 'replies': 55, 'replies_pts': 22757, 'comments': True, 'recent_repliers': [{'_': 'PeerUser', 'user_id': 1529439271}, {'_': 'PeerUser', 'user_id': 5831170871}, {'_': 'PeerUser', 'user_id': 6738151693}], 'channel_id': 1700698764, 'max_id': 17146, 'read_max_id': None}",2024-01-13T09:58:03+00:00,,,"{'_': 'MessageReactions', 'results': [{'_': 'ReactionCount', 'reaction': {'_': 'ReactionEmoji', 'emoticon': '🎉'}, 'count': 100, 'chosen_order': None}, {'_': 'ReactionCount', 'reaction': {'_': 'ReactionEmoji', 'emoticon': '👍'}, 'count': 76, 'chosen_order': None}, {'_': 'ReactionCount', 'reaction': {'_': 'ReactionEmoji', 'emoticon': '❤'}, 'count': 43, 'chosen_order': None}, {'_': 'ReactionCount', 'reaction': {'_': 'ReactionEmoji', 'emoticon': '🔥'}, 'count': 14, 'chosen_order': None}, {'_': 'ReactionCount', 'reaction': {'_': 'ReactionEmoji', 'emoticon': '❤\u200d🔥'}, 'count': 10, 'chosen_order': None}, {'_': 'ReactionCount', 'reaction': {'_': 'ReactionEmoji', 'emoticon': '\U0001fae1'}, 'count': 7, 'chosen_order': None}, {'_': 'ReactionCount', 'reaction': {'_': 'ReactionEmoji', 'emoticon': '⚡'}, 'count': 3, 'chosen_order': None}, {'_': 'ReactionCount', 'reaction': {'_': 'ReactionEmoji', 'emoticon': '😁'}, 'count': 3, 'chosen_order': None}, {'_': 'ReactionCount', 'reaction': {'_': 'ReactionEmoji', 'emoticon': '🕊'}, 'count': 3, 'chosen_order': None}, {'_': 'ReactionCount', 'reaction': {'_': 'ReactionEmoji', 'emoticon': '💘'}, 'count': 3, 'chosen_order': None}, {'_': 'ReactionCount', 'reaction': {'_': 'ReactionEmoji', 'emoticon': '🦄'}, 'count': 3, 'chosen_order': None}], 'min': False, 'can_see_list': False, 'reactions_as_tags': False, 'recent_reactions': []}",[],
app_modz,https://t.me/app_modz,699,2024-01-14 08:39:00,"Mod Info:
◉ Pro Unlocked
◉ Full Multi Languages 
◉ All debug Info Removed
◉ CPUs arch: Universal",False,False,False,False,True,False,False,True,False,False,1550762529,,,,,,,,,50968.0,18.0,"{'_': 'MessageReplies', 'replies': 0, 'replies_pts': 22757, 'comments': True, 'recent_repliers': [], 'channel_id': 1700698764, 'max_id': None, 'read_max_id': None}",2024-01-14T14:26:41+00:00,,,"{'_': 'MessageReactions', 'results': [{'_': 'ReactionCount', 'reaction': {'_': 'ReactionEmoji', 'emoticon': '❤'}, 'count': 10, 'chosen_order': None}, {'_': 'ReactionCount', 'reaction': {'_': 'ReactionEmoji', 'emoticon': '👍'}, 'count': 4, 'chosen_order': None}], 'min': False, 'can_see_list': False, 'reactions_as_tags': False, 'recent_reactions': []}",[],
app_modz,https://t.me/app_modz,700,2024-01-14 08:39:09,"Mod Info:
◉ Pro Unlocked
◉ Full Multi Languages 
◉ All debug Info Removed
◉ CPUs arch: Universal",False,False,False,False,True,False,False,True,False,False,1550762529,,,,,,,,,49622.0,21.0,"{'_': 'MessageReplies', 'replies': 1, 'replies_pts': 22757, 'comments': True, 'recent_repliers': [{'_': 'PeerUser', 'user_id': 490230802}], 'channel_id': 1700698764, 'max_id': 14735, 'read_max_id': None}",2024-01-14T14:13:04+00:00,,,"{'_': 'MessageReactions', 'results': [{'_': 'ReactionCount', 'reaction': {'_': 'ReactionEmoji', 'emoticon': '👍'}, 'count': 14, 'chosen_order': None}], 'min': False, 'can_see_list': False, 'reactions_as_tags': False, 'recent_reactions': []}",[],
app_modz,https://t.me/app_modz,701,2024-01-14 08:39:17,"Mod Info:
◉ VIP Unlocked
◉ Full Multi Languages 
◉ All debug Info Removed
◉ CPUs arch: Universal",False,False,False,False,True,False,False,True,False,False,1550762529,,,,,,,,,50489.0,23.0,"{'_': 'MessageReplies', 'replies': 0, 'replies_pts': 22757, 'comments': True, 'recent_repliers': [], 'channel_id': 1700698764, 'max_id': None, 'read_max_id': None}",2024-01-14T14:26:46+00:00,,,"{'_': 'MessageReactions', 'results': [{'_': 'ReactionCount', 'reaction': {'_': 'ReactionEmoji', 'emoticon': '👍'}, 'count': 15, 'chosen_order': None}], 'min': False, 'can_see_list': False, 'reactions_as_tags': False, 'recent_reactions': []}",[],
app_modz,https://t.me/app_modz,702,2024-01-14 08:39:32,"Mod Info:
◉ Premium Features Unlocked
◉ Multi Languages
◉ CPUs: armeabi-v7a, arm64-v8a
◉ Debug Info Removed
Cloud & Assistant not working

 ➜ Note: Google Drive Backup Won't Work",False,False,False,False,True,False,False,True,False,False,1550762529,,,,,,,,,56956.0,109.0,"{'_': 'MessageReplies', 'replies': 21, 'replies_pts': 22757, 'comments': True, 'recent_repliers': [{'_': 'PeerUser', 'user_id': 1689091045}, {'_': 'PeerUser', 'user_id': 6392943877}, {'_': 'PeerUser', 'user_id': 5069178301}], 'channel_id': 1700698764, 'max_id': 14904, 'read_max_id': None}",2024-01-14T08:39:40+00:00,,,"{'_': 'MessageReactions', 'results': [{'_': 'ReactionCount', 'reaction': {'_': 'ReactionEmoji', 'emoticon': '👍'}, 'count': 40, 'chosen_order': None}, {'_': 'ReactionCount', 'reaction': {'_': 'ReactionEmoji', 'emoticon': '❤'}, 'count': 7, 'chosen_order': None}, {'_': 'ReactionCount', 'reaction': {'_': 'ReactionEmoji', 'emoticon': '⚡'}, 'count': 2, 'chosen_order': None}, {'_': 'ReactionCount', 'reaction': {'_': 'ReactionEmoji', 'emoticon': '🕊'}, 'count': 2, 'chosen_order': None}], 'min': False, 'can_see_list': False, 'reactions_as_tags': False, 'recent_reactions': []}",[],
app_modz,https://t.me/app_modz,703,2024-01-14 08:39:41,"Mod Info:
◉ Pro Unlocked
◉ Full Multi Languages 
◉ All debug Info Removed
◉ CPUs arch: Universal

Note - Press Pro button and then press back button or close Pro Activity, Everytime 4 points will increase with this. You can do as many times as you can.",False,False,False,False,True,False,False,True,False,False,1550762529,,,,,,,,,57656.0,40.0,"{'_': 'MessageReplies', 'replies': 5, 'replies_pts': 22757, 'comments': True, 'recent_repliers': [{'_': 'PeerUser', 'user_id': 5992085975}, {'_': 'PeerUser', 'user_id': 6682920053}, {'_': 'PeerUser', 'user_id': 1824613199}], 'channel_id': 1700698764, 'max_id': 14911, 'read_max_id': None}",2024-01-14T08:40:04+00:00,,,"{'_': 'MessageReactions', 'results': [{'_': 'ReactionCount', 'reaction': {'_': 'ReactionEmoji', 'emoticon': '👍'}, 'count': 18, 'chosen_order': None}, {'_': 'ReactionCount', 'reaction': {'_': 'ReactionEmoji', 'emoticon': '❤'}, 'count': 2, 'chosen_order': None}, {'_': 'ReactionCount', 'reaction': {'_': 'ReactionEmoji', 'emoticon': '💘'}, 'count': 2, 'chosen_order': None}, {'_': 'ReactionCount', 'reaction': {'_': 'ReactionEmoji', 'emoticon': '🕊'}, 'count': 1, 'chosen_order': None}], 'min': False, 'can_see_list': False, 'reactions_as_tags': False, 'recent_reactions': []}",[],
app_modz,https://t.me/app_modz,704,2024-01-14 08:40:05,"📱│Alight Motion 5.0.237.1001886  ( Exclusive ) MOD APK 
🅿️ │ Play Store / Official Site Link 
➖➖➖➖➖➖➖➖➖➖➖➖
🔰 | Features & Mod Info ✅
Make your own Animations, Video and Photo Edits, Visual Effects, and more!

◉ Premium Features Unlocked
◉ 4K 60fps Export Unlocked 
◉ Multi Languages & CPUs: Armeabi-v7a, Arm64-v8a  
➖➖➖➖➖➖➖➖➖➖➖➖
📎│ Direct Download Link  👇⬇️

📥  CLICK HERE TO DOWNLOAD MOD 
<PERSON>️ Tutorial ➜ [How To Download] 🌟",False,False,False,False,True,False,False,True,False,False,1550762529,,,,,,,6.192538329489193e+18,,63169.0,48.0,"{'_': 'MessageReplies', 'replies': 16, 'replies_pts': 22757, 'comments': True, 'recent_repliers': [{'_': 'PeerUser', 'user_id': 1412791441}, {'_': 'PeerUser', 'user_id': 6457119139}, {'_': 'PeerUser', 'user_id': 89724217}], 'channel_id': 1700698764, 'max_id': 16469, 'read_max_id': None}",2024-01-14T08:40:10+00:00,,,"{'_': 'MessageReactions', 'results': [{'_': 'ReactionCount', 'reaction': {'_': 'ReactionEmoji', 'emoticon': '👍'}, 'count': 23, 'chosen_order': None}, {'_': 'ReactionCount', 'reaction': {'_': 'ReactionEmoji', 'emoticon': '❤'}, 'count': 9, 'chosen_order': None}], 'min': False, 'can_see_list': False, 'reactions_as_tags': False, 'recent_reactions': []}",[],
app_modz,https://t.me/app_modz,705,2024-01-14 08:40:14,"📱│LightX 2.2.0 b413 (Premium) MOD APK 
🅿️ │ Play Store / Official Site Link 
➖➖➖➖➖➖➖➖➖➖➖➖
🔰 | Features & Mod Info ✅

◉ Premium Features Unlocked
◉ 4K  Export Unlocked 
◉ Multi Languages & CPUs: Universal 

Note:➜ Login Reqd For Using Pro Features 
➖➖➖➖➖➖➖➖➖➖➖➖
📎│ Direct Download Link  👇⬇️

📥  CLICK HERE TO DOWNLOAD MOD 
<PERSON>️ Tutorial ➜ [How To Download] 🌟",False,False,False,False,True,False,False,True,False,False,1550762529,,,,,,,6.131830362624605e+18,,65875.0,48.0,"{'_': 'MessageReplies', 'replies': 30, 'replies_pts': 22757, 'comments': True, 'recent_repliers': [{'_': 'PeerUser', 'user_id': 6877201375}, {'_': 'PeerUser', 'user_id': 1412791441}, {'_': 'PeerUser', 'user_id': 6574881803}], 'channel_id': 1700698764, 'max_id': 17050, 'read_max_id': None}",2024-01-14T08:52:13+00:00,,,"{'_': 'MessageReactions', 'results': [{'_': 'ReactionCount', 'reaction': {'_': 'ReactionEmoji', 'emoticon': '👍'}, 'count': 61, 'chosen_order': None}, {'_': 'ReactionCount', 'reaction': {'_': 'ReactionEmoji', 'emoticon': '❤'}, 'count': 6, 'chosen_order': None}, {'_': 'ReactionCount', 'reaction': {'_': 'ReactionEmoji', 'emoticon': '🔥'}, 'count': 2, 'chosen_order': None}, {'_': 'ReactionCount', 'reaction': {'_': 'ReactionEmoji', 'emoticon': '🕊'}, 'count': 2, 'chosen_order': None}], 'min': False, 'can_see_list': False, 'reactions_as_tags': False, 'recent_reactions': []}",[],
app_modz,https://t.me/app_modz,707,2024-01-18 03:56:40,"Mod Features
◉ Pro Features Unlocked
◉ CPUs: Arm64-v8a 
◉ All debug Info Removed",False,False,False,False,True,False,False,True,False,False,1550762529,,,,,,,,,51152.0,50.0,"{'_': 'MessageReplies', 'replies': 2, 'replies_pts': 22757, 'comments': True, 'recent_repliers': [{'_': 'PeerUser', 'user_id': 113999821}, {'_': 'PeerUser', 'user_id': 2017931969}], 'channel_id': 1700698764, 'max_id': 16328, 'read_max_id': None}",2024-01-18T04:05:16+00:00,,,"{'_': 'MessageReactions', 'results': [{'_': 'ReactionCount', 'reaction': {'_': 'ReactionEmoji', 'emoticon': '👍'}, 'count': 28, 'chosen_order': None}], 'min': False, 'can_see_list': False, 'reactions_as_tags': False, 'recent_reactions': []}",[],
app_modz,https://t.me/app_modz,708,2024-01-18 03:56:49,"Mod Features
◉ Pro Features Unlocked
◉ CPUs:  Arm64-v8a
◉ All debug Info Removed",False,False,False,False,True,False,False,True,False,False,1550762529,,,,,,,,,58062.0,21.0,"{'_': 'MessageReplies', 'replies': 2, 'replies_pts': 22757, 'comments': True, 'recent_repliers': [{'_': 'PeerUser', 'user_id': 1513079290}, {'_': 'PeerUser', 'user_id': 6368872380}], 'channel_id': 1700698764, 'max_id': 14945, 'read_max_id': None}",2024-01-18T04:00:03+00:00,,,"{'_': 'MessageReactions', 'results': [{'_': 'ReactionCount', 'reaction': {'_': 'ReactionEmoji', 'emoticon': '👍'}, 'count': 24, 'chosen_order': None}, {'_': 'ReactionCount', 'reaction': {'_': 'ReactionEmoji', 'emoticon': '❤'}, 'count': 2, 'chosen_order': None}], 'min': False, 'can_see_list': False, 'reactions_as_tags': False, 'recent_reactions': []}",[],
app_modz,https://t.me/app_modz,709,2024-01-18 03:56:57,"Mod Features 
◉ Premium Unlocked
◉ Multilingual
◉ Armeabi Arm64v8a Armeabi-v7a x86 x86_64 mips mips64",False,False,False,False,True,False,False,True,False,False,1550762529,,,,,,,,,61274.0,18.0,"{'_': 'MessageReplies', 'replies': 1, 'replies_pts': 22757, 'comments': True, 'recent_repliers': [{'_': 'PeerUser', 'user_id': 6982592081}], 'channel_id': 1700698764, 'max_id': 15750, 'read_max_id': None}",2024-01-18T03:57:09+00:00,,,"{'_': 'MessageReactions', 'results': [{'_': 'ReactionCount', 'reaction': {'_': 'ReactionEmoji', 'emoticon': '👍'}, 'count': 19, 'chosen_order': None}, {'_': 'ReactionCount', 'reaction': {'_': 'ReactionEmoji', 'emoticon': '❤'}, 'count': 3, 'chosen_order': None}], 'min': False, 'can_see_list': False, 'reactions_as_tags': False, 'recent_reactions': []}",[],
app_modz,https://t.me/app_modz,710,2024-01-18 03:57:05,"Mod Features
◉ Pro Features Unlocked
◉ CPUs: Universal 
◉ All debug Info Removed",False,False,False,False,True,False,False,True,False,False,1550762529,,,,,,,,,58402.0,20.0,"{'_': 'MessageReplies', 'replies': 3, 'replies_pts': 22757, 'comments': True, 'recent_repliers': [{'_': 'PeerUser', 'user_id': 700570286}, {'_': 'PeerChannel', 'channel_id': 1700698764}, {'_': 'PeerUser', 'user_id': 6571089371}], 'channel_id': 1700698764, 'max_id': 14971, 'read_max_id': None}",2024-01-18T03:57:23+00:00,,,"{'_': 'MessageReactions', 'results': [{'_': 'ReactionCount', 'reaction': {'_': 'ReactionEmoji', 'emoticon': '👍'}, 'count': 22, 'chosen_order': None}, {'_': 'ReactionCount', 'reaction': {'_': 'ReactionEmoji', 'emoticon': '❤'}, 'count': 1, 'chosen_order': None}], 'min': False, 'can_see_list': False, 'reactions_as_tags': False, 'recent_reactions': []}",[],
app_modz,https://t.me/app_modz,711,2024-01-18 03:57:14,"Mod Features
◉ Pro Features Unlocked
◉ CPUs: Universal 
◉ All debug Info Removed",False,False,False,False,True,False,False,True,False,False,1550762529,,,,,,,,,57614.0,39.0,"{'_': 'MessageReplies', 'replies': 3, 'replies_pts': 22757, 'comments': True, 'recent_repliers': [{'_': 'PeerUser', 'user_id': 863597536}, {'_': 'PeerChannel', 'channel_id': 1700698764}, {'_': 'PeerUser', 'user_id': 1901852952}], 'channel_id': 1700698764, 'max_id': 15224, 'read_max_id': None}",2024-01-18T03:57:35+00:00,,,"{'_': 'MessageReactions', 'results': [{'_': 'ReactionCount', 'reaction': {'_': 'ReactionEmoji', 'emoticon': '👍'}, 'count': 27, 'chosen_order': None}, {'_': 'ReactionCount', 'reaction': {'_': 'ReactionEmoji', 'emoticon': '❤'}, 'count': 2, 'chosen_order': None}], 'min': False, 'can_see_list': False, 'reactions_as_tags': False, 'recent_reactions': []}",[],
app_modz,https://t.me/app_modz,712,2024-01-18 03:57:22,"Mod Info:
◉ Premium Features Unlocked
◉ Multi Languages
◉ CPUs: armeabi-v7a, arm64-v8a
◉ Debug Info Removed
Cloud & Assistant not working

 ➜ Note: Google Drive Backup Won't Work",False,False,False,False,True,False,False,True,False,False,1550762529,,,,,,,,,56233.0,141.0,"{'_': 'MessageReplies', 'replies': 49, 'replies_pts': 22757, 'comments': True, 'recent_repliers': [{'_': 'PeerUser', 'user_id': 6379183893}, {'_': 'PeerUser', 'user_id': 1073819042}, {'_': 'PeerUser', 'user_id': 6580105314}], 'channel_id': 1700698764, 'max_id': 16329, 'read_max_id': None}",2024-01-18T04:00:35+00:00,,,"{'_': 'MessageReactions', 'results': [{'_': 'ReactionCount', 'reaction': {'_': 'ReactionEmoji', 'emoticon': '👍'}, 'count': 39, 'chosen_order': None}, {'_': 'ReactionCount', 'reaction': {'_': 'ReactionEmoji', 'emoticon': '❤'}, 'count': 6, 'chosen_order': None}, {'_': 'ReactionCount', 'reaction': {'_': 'ReactionEmoji', 'emoticon': '😁'}, 'count': 4, 'chosen_order': None}], 'min': False, 'can_see_list': False, 'reactions_as_tags': False, 'recent_reactions': []}",[],
app_modz,https://t.me/app_modz,713,2024-01-18 04:44:16,"📱│<PERSON> v3.23.3 (Premium) MOD APK 
🅿️ │ Play Store / Official Site Link 
➖➖➖➖➖➖➖➖➖➖➖➖
🔰 | Features & Mod Info ✅

◉ Premium Features Unlocked
◉ Login Via Email OR number
◉ Full  Multi Languages 
◉ CPUs: Armeabi-v7a, Arm64-v8a 
➖➖➖➖➖➖➖➖➖➖➖➖
📎│ Direct Download Link  👇⬇️

📥  CLICK HERE TO DOWNLOAD MOD 

<PERSON>
🔄 ♻️  Tutorial : How To Download ⭐",False,False,False,False,True,False,False,True,False,False,1550762529,,,,,,,6.186198408004483e+18,,63672.0,46.0,"{'_': 'MessageReplies', 'replies': 10, 'replies_pts': 22757, 'comments': True, 'recent_repliers': [{'_': 'PeerUser', 'user_id': 1735586315}, {'_': 'PeerUser', 'user_id': 1646503023}, {'_': 'PeerUser', 'user_id': 1302739598}], 'channel_id': 1700698764, 'max_id': 15091, 'read_max_id': None}",2024-01-18T04:47:52+00:00,,,"{'_': 'MessageReactions', 'results': [{'_': 'ReactionCount', 'reaction': {'_': 'ReactionEmoji', 'emoticon': '👍'}, 'count': 32, 'chosen_order': None}], 'min': False, 'can_see_list': False, 'reactions_as_tags': False, 'recent_reactions': []}",[],
app_modz,https://t.me/app_modz,714,2024-01-18 04:45:20,"📱│CapCut v10.8.0  ( Premium ) MOD APK 
🅿️ │ Play Store / Official Site Link 
➖➖➖➖➖➖➖➖➖➖➖➖
🔰 | Features & Mod Info ✅

◉ Pro & Vip Features Unlocked
◉ <NRP> Users Use Vpn 
◉ Login Reqd For Pro Features
◉ Facebook/Email Login works
➖➖➖➖➖➖➖➖➖➖➖➖
📎│ Direct Download Link  👇⬇️

📥  Armeabi-v7a Download Link 
📥  Arm64-v8a Download Link

<PERSON>️ Tutorial ➜ [How To Download] 🌟",False,False,False,False,True,False,False,False,False,False,1550762529,,,,,,,6.168065880714493e+18,,68622.0,92.0,"{'_': 'MessageReplies', 'replies': 56, 'replies_pts': 22757, 'comments': True, 'recent_repliers': [{'_': 'PeerUser', 'user_id': 936661541}, {'_': 'PeerUser', 'user_id': 655366602}, {'_': 'PeerChannel', 'channel_id': 1700698764}], 'channel_id': 1700698764, 'max_id': 16457, 'read_max_id': None}",2024-01-18T04:51:03+00:00,,,"{'_': 'MessageReactions', 'results': [{'_': 'ReactionCount', 'reaction': {'_': 'ReactionEmoji', 'emoticon': '👍'}, 'count': 49, 'chosen_order': None}, {'_': 'ReactionCount', 'reaction': {'_': 'ReactionEmoji', 'emoticon': '🆒'}, 'count': 5, 'chosen_order': None}, {'_': 'ReactionCount', 'reaction': {'_': 'ReactionEmoji', 'emoticon': '❤'}, 'count': 2, 'chosen_order': None}, {'_': 'ReactionCount', 'reaction': {'_': 'ReactionEmoji', 'emoticon': '🔥'}, 'count': 1, 'chosen_order': None}], 'min': False, 'can_see_list': False, 'reactions_as_tags': False, 'recent_reactions': []}",[],
app_modz,https://t.me/app_modz,715,2024-01-18 07:01:12,"<PERSON> v8.9.4.304 [Premium] [Mod]
🅿️ │ Play Store / Official Site Link 
<PERSON>
☑ | Features & Mod Info <NRP>

◉ Listen to music and podcasts
◉ Enjoy amazing sound quality
◉ Audio & video & visual ads blocked
◉ Premium / Paid Features Unlocked 
◉ Multi Languages 
⚠️ | Note: Some server-side features Don't work!
<PERSON> DOWNLOAD LINKS
📥 : CLICK HERE TO DOWNLOAD  ✅

<PERSON>️ Tutorial : How To Download Mod",False,False,False,False,True,False,False,True,False,False,1550762529,,,,,,,6.145416263304854e+18,,77307.0,193.0,"{'_': 'MessageReplies', 'replies': 67, 'replies_pts': 22757, 'comments': True, 'recent_repliers': [{'_': 'PeerUser', 'user_id': 6029418451}, {'_': 'PeerUser', 'user_id': 6880186713}, {'_': 'PeerUser', 'user_id': 5032204945}], 'channel_id': 1700698764, 'max_id': 17128, 'read_max_id': None}",2024-01-18T07:01:37+00:00,,,"{'_': 'MessageReactions', 'results': [{'_': 'ReactionCount', 'reaction': {'_': 'ReactionEmoji', 'emoticon': '👍'}, 'count': 85, 'chosen_order': None}, {'_': 'ReactionCount', 'reaction': {'_': 'ReactionEmoji', 'emoticon': '❤\u200d🔥'}, 'count': 15, 'chosen_order': None}, {'_': 'ReactionCount', 'reaction': {'_': 'ReactionEmoji', 'emoticon': '❤'}, 'count': 15, 'chosen_order': None}, {'_': 'ReactionCount', 'reaction': {'_': 'ReactionEmoji', 'emoticon': '🔥'}, 'count': 9, 'chosen_order': None}, {'_': 'ReactionCount', 'reaction': {'_': 'ReactionEmoji', 'emoticon': '👏'}, 'count': 7, 'chosen_order': None}, {'_': 'ReactionCount', 'reaction': {'_': 'ReactionEmoji', 'emoticon': '😁'}, 'count': 4, 'chosen_order': None}, {'_': 'ReactionCount', 'reaction': {'_': 'ReactionEmoji', 'emoticon': '🎉'}, 'count': 3, 'chosen_order': None}, {'_': 'ReactionCount', 'reaction': {'_': 'ReactionEmoji', 'emoticon': '🕊'}, 'count': 2, 'chosen_order': None}, {'_': 'ReactionCount', 'reaction': {'_': 'ReactionEmoji', 'emoticon': '\U0001fae1'}, 'count': 2, 'chosen_order': None}], 'min': False, 'can_see_list': False, 'reactions_as_tags': False, 'recent_reactions': []}",[],
app_modz,https://t.me/app_modz,723,2024-01-22 14:07:52,"✨<DATE_TIME>, in Ayodhya <DATE_TIME>, <PERSON> opening is like having another Diwali. It's a big celebration! 🍀

<PERSON> is like a bright light in our hearts, showing that good things can triumph over bad things, just like on Diwali.

This place is important because it brings us together, reminding us of our shared history. Let's be kind to each other and live peacefully. 

The temple is like a special light that can guide us to understanding and friendship. May it bring happiness, <PERSON>'s Blessings and harmony to everyone's Life, like Diwali does.""Jai Shri Ram! Happy Diwali"" 🪔✨",False,False,False,False,True,False,False,False,False,False,1550762529,,,,,,,6.156800787087474e+18,,76236.0,9.0,"{'_': 'MessageReplies', 'replies': 28, 'replies_pts': 22757, 'comments': True, 'recent_repliers': [{'_': 'PeerUser', 'user_id': 679018269}, {'_': 'PeerUser', 'user_id': 6172444165}, {'_': 'PeerUser', 'user_id': 2059037298}], 'channel_id': 1700698764, 'max_id': 16112, 'read_max_id': None}",2024-01-22T14:37:45+00:00,,,"{'_': 'MessageReactions', 'results': [{'_': 'ReactionCount', 'reaction': {'_': 'ReactionEmoji', 'emoticon': '❤'}, 'count': 198, 'chosen_order': None}, {'_': 'ReactionCount', 'reaction': {'_': 'ReactionEmoji', 'emoticon': '👍'}, 'count': 69, 'chosen_order': None}, {'_': 'ReactionCount', 'reaction': {'_': 'ReactionEmoji', 'emoticon': '🎉'}, 'count': 18, 'chosen_order': None}, {'_': 'ReactionCount', 'reaction': {'_': 'ReactionEmoji', 'emoticon': '🔥'}, 'count': 14, 'chosen_order': None}, {'_': 'ReactionCount', 'reaction': {'_': 'ReactionEmoji', 'emoticon': '😁'}, 'count': 10, 'chosen_order': None}, {'_': 'ReactionCount', 'reaction': {'_': 'ReactionEmoji', 'emoticon': '🍾'}, 'count': 5, 'chosen_order': None}, {'_': 'ReactionCount', 'reaction': {'_': 'ReactionEmoji', 'emoticon': '🕊'}, 'count': 4, 'chosen_order': None}, {'_': 'ReactionCount', 'reaction': {'_': 'ReactionEmoji', 'emoticon': '🆒'}, 'count': 4, 'chosen_order': None}, {'_': 'ReactionCount', 'reaction': {'_': 'ReactionEmoji', 'emoticon': '💘'}, 'count': 4, 'chosen_order': None}, {'_': 'ReactionCount', 'reaction': {'_': 'ReactionEmoji', 'emoticon': '❤\u200d🔥'}, 'count': 2, 'chosen_order': None}, {'_': 'ReactionCount', 'reaction': {'_': 'ReactionEmoji', 'emoticon': '🦄'}, 'count': 2, 'chosen_order': None}], 'min': False, 'can_see_list': False, 'reactions_as_tags': False, 'recent_reactions': []}",[],
app_modz,https://t.me/app_modz,726,2024-01-23 15:46:07,"Mod Features 
◉ Premium Unlocked
◉ Armeabi Arm64v8a Armeabi-v7a x86 x86_64 mips mips64",False,False,False,False,True,False,False,False,False,False,1550762529,,,,,,,,,71809.0,84.0,"{'_': 'MessageReplies', 'replies': 1, 'replies_pts': 22757, 'comments': True, 'recent_repliers': [{'_': 'PeerUser', 'user_id': 5102572283}], 'channel_id': 1700698764, 'max_id': 15439, 'read_max_id': None}",2024-01-23T15:46:45+00:00,,,"{'_': 'MessageReactions', 'results': [{'_': 'ReactionCount', 'reaction': {'_': 'ReactionEmoji', 'emoticon': '👍'}, 'count': 26, 'chosen_order': None}], 'min': False, 'can_see_list': False, 'reactions_as_tags': False, 'recent_reactions': []}",[],
app_modz,https://t.me/app_modz,727,2024-01-23 15:46:26,"Mod Features 
◉ Premium Unlocked
◉  Arm64v8a Armeabi-v7a x86 x86_64 mips mips64",False,False,False,False,True,False,False,True,False,False,1550762529,,,,,,,,,65342.0,82.0,"{'_': 'MessageReplies', 'replies': 1, 'replies_pts': 22757, 'comments': True, 'recent_repliers': [{'_': 'PeerUser', 'user_id': 5971230031}], 'channel_id': 1700698764, 'max_id': 16526, 'read_max_id': None}",2024-01-23T15:46:47+00:00,,,"{'_': 'MessageReactions', 'results': [{'_': 'ReactionCount', 'reaction': {'_': 'ReactionEmoji', 'emoticon': '👍'}, 'count': 27, 'chosen_order': None}, {'_': 'ReactionCount', 'reaction': {'_': 'ReactionEmoji', 'emoticon': '❤'}, 'count': 2, 'chosen_order': None}], 'min': False, 'can_see_list': False, 'reactions_as_tags': False, 'recent_reactions': []}",[],
app_modz,https://t.me/app_modz,728,2024-01-23 15:46:39,"Mod Features 
◉ Premium Unlocked
◉ <PERSON>",False,False,False,False,True,False,False,True,False,False,1550762529,,,,,,,,,62407.0,65.0,"{'_': 'MessageReplies', 'replies': 15, 'replies_pts': 22757, 'comments': True, 'recent_repliers': [{'_': 'PeerUser', 'user_id': 6241712115}, {'_': 'PeerUser', 'user_id': 1643494531}, {'_': 'PeerUser', 'user_id': 5843043839}], 'channel_id': 1700698764, 'max_id': 17153, 'read_max_id': None}",2024-01-23T15:46:50+00:00,,,"{'_': 'MessageReactions', 'results': [{'_': 'ReactionCount', 'reaction': {'_': 'ReactionEmoji', 'emoticon': '👍'}, 'count': 13, 'chosen_order': None}, {'_': 'ReactionCount', 'reaction': {'_': 'ReactionEmoji', 'emoticon': '🔥'}, 'count': 4, 'chosen_order': None}, {'_': 'ReactionCount', 'reaction': {'_': 'ReactionEmoji', 'emoticon': '❤'}, 'count': 3, 'chosen_order': None}], 'min': False, 'can_see_list': False, 'reactions_as_tags': False, 'recent_reactions': []}",[],
app_modz,https://t.me/app_modz,729,2024-01-23 15:46:47,"Mod Info:
◉ Premium Features Unlocked
◉ Multi Languages
◉ CPUs: armeabi-v7a, arm64-v8a
◉ Debug Info Removed
Cloud & Assistant not working

Note➜ Google Drive Backup Won't Work",False,False,False,False,True,False,False,True,False,False,1550762529,,,,,,,,,62753.0,163.0,"{'_': 'MessageReplies', 'replies': 8, 'replies_pts': 22757, 'comments': True, 'recent_repliers': [{'_': 'PeerUser', 'user_id': 728495513}, {'_': 'PeerUser', 'user_id': 855301115}, {'_': 'PeerUser', 'user_id': 5387616909}], 'channel_id': 1700698764, 'max_id': 16318, 'read_max_id': None}",2024-01-23T15:46:53+00:00,,,"{'_': 'MessageReactions', 'results': [{'_': 'ReactionCount', 'reaction': {'_': 'ReactionEmoji', 'emoticon': '👍'}, 'count': 40, 'chosen_order': None}, {'_': 'ReactionCount', 'reaction': {'_': 'ReactionEmoji', 'emoticon': '👏'}, 'count': 3, 'chosen_order': None}, {'_': 'ReactionCount', 'reaction': {'_': 'ReactionEmoji', 'emoticon': '❤'}, 'count': 2, 'chosen_order': None}, {'_': 'ReactionCount', 'reaction': {'_': 'ReactionEmoji', 'emoticon': '💘'}, 'count': 2, 'chosen_order': None}], 'min': False, 'can_see_list': False, 'reactions_as_tags': False, 'recent_reactions': []}",[],
app_modz,https://t.me/app_modz,730,2024-01-23 15:47:03,"📱│<PERSON> v3.23.4 (Premium) MOD APK 
🅿️ │ Play Store / Official Site Link 
➖➖➖➖➖➖➖➖➖➖➖➖
🔰 | Features & Mod Info ✅

◉ Premium Features Unlocked
◉ Login Via Email OR number
◉ Full  Multi Languages 
◉ CPUs: Armeabi-v7a, Arm64-v8a 
➖➖➖➖➖➖➖➖➖➖➖➖
📎│ Direct Download Link  👇⬇️

📥  CLICK HERE TO DOWNLOAD MOD 

<PERSON>
🔄 ♻️  Tutorial : How To Download ⭐",False,False,False,False,True,False,False,True,False,False,1550762529,,,,,,,6.186198408004483e+18,,67278.0,79.0,"{'_': 'MessageReplies', 'replies': 10, 'replies_pts': 22757, 'comments': True, 'recent_repliers': [{'_': 'PeerUser', 'user_id': 1257597646}, {'_': 'PeerUser', 'user_id': 6899960538}, {'_': 'PeerUser', 'user_id': 1914579888}], 'channel_id': 1700698764, 'max_id': 17144, 'read_max_id': None}",2024-01-23T15:47:53+00:00,,,"{'_': 'MessageReactions', 'results': [{'_': 'ReactionCount', 'reaction': {'_': 'ReactionEmoji', 'emoticon': '👍'}, 'count': 33, 'chosen_order': None}, {'_': 'ReactionCount', 'reaction': {'_': 'ReactionEmoji', 'emoticon': '❤'}, 'count': 6, 'chosen_order': None}, {'_': 'ReactionCount', 'reaction': {'_': 'ReactionEmoji', 'emoticon': '🕊'}, 'count': 1, 'chosen_order': None}], 'min': False, 'can_see_list': False, 'reactions_as_tags': False, 'recent_reactions': []}",[],
app_modz,https://t.me/app_modz,731,2024-01-23 15:47:11,"📱│TrueCaller v13.49.11 (GOLD) MOD APK 
🅿️ │ Play Store / Official Site Link 
➖➖➖➖➖➖➖➖➖➖➖➖
🔰 | Features & Mod Info ✅

◉ Premium / Paid features unlocked 
◉ Ads Permissions / Services / Providers removed from Android.manifest;
◉ Ads links removed and invokes methods nullified;
◉ Debug code removed;
◉ Analytics / Crashlytics / Firebase disabled;
◉ Dark Amoled Version 
◉ Languages: Full Multi Languages;
◉ CPUs: armeabi-v7a, arm64-v8a;
◉ Release By Balatan
NOTE➜ Google Drive Back-up Works
➖➖➖➖➖➖➖➖➖➖➖➖
📎│ Direct Download Link  👇⬇️

📥  CLICK HERE TO DOWNLOAD MOD 
<PERSON>️ Tutorial ➜ [How To Download] 🌟",False,False,False,False,True,False,False,True,False,False,1550762529,,,,,,,6.174521594517503e+18,,87649.0,108.0,"{'_': 'MessageReplies', 'replies': 51, 'replies_pts': 22757, 'comments': True, 'recent_repliers': [{'_': 'PeerUser', 'user_id': 1940824343}, {'_': 'PeerUser', 'user_id': 6659295577}, {'_': 'PeerUser', 'user_id': 5431245229}], 'channel_id': 1700698764, 'max_id': 16499, 'read_max_id': None}",2024-01-23T15:47:33+00:00,,,"{'_': 'MessageReactions', 'results': [{'_': 'ReactionCount', 'reaction': {'_': 'ReactionEmoji', 'emoticon': '👍'}, 'count': 72, 'chosen_order': None}, {'_': 'ReactionCount', 'reaction': {'_': 'ReactionEmoji', 'emoticon': '❤'}, 'count': 21, 'chosen_order': None}, {'_': 'ReactionCount', 'reaction': {'_': 'ReactionEmoji', 'emoticon': '👏'}, 'count': 4, 'chosen_order': None}, {'_': 'ReactionCount', 'reaction': {'_': 'ReactionEmoji', 'emoticon': '🕊'}, 'count': 2, 'chosen_order': None}], 'min': False, 'can_see_list': False, 'reactions_as_tags': False, 'recent_reactions': []}",[],
app_modz,https://t.me/app_modz,732,2024-01-24 19:24:45,"🔥 CapCut MOD APK v10.8.1 Latest  (Pro) 

  ◉ Pro Features Unlocked
  ◉ AI effects 
  ◉ VPN required if not available in your country 
  ◉ Login Required If Pro features don't work
  ◉ Login Via Number/Email/Tiktok-Id",False,False,False,False,True,False,False,True,False,False,1550762529,,,,,,,,,89602.0,472.0,"{'_': 'MessageReplies', 'replies': 88, 'replies_pts': 22757, 'comments': True, 'recent_repliers': [{'_': 'PeerUser', 'user_id': 1310412498}, {'_': 'PeerUser', 'user_id': 1706809869}, {'_': 'PeerUser', 'user_id': 1389142594}], 'channel_id': 1700698764, 'max_id': 17198, 'read_max_id': None}",2024-01-24T19:29:59+00:00,,,"{'_': 'MessageReactions', 'results': [{'_': 'ReactionCount', 'reaction': {'_': 'ReactionEmoji', 'emoticon': '👍'}, 'count': 86, 'chosen_order': None}, {'_': 'ReactionCount', 'reaction': {'_': 'ReactionEmoji', 'emoticon': '❤'}, 'count': 43, 'chosen_order': None}, {'_': 'ReactionCount', 'reaction': {'_': 'ReactionEmoji', 'emoticon': '⚡'}, 'count': 7, 'chosen_order': None}, {'_': 'ReactionCount', 'reaction': {'_': 'ReactionEmoji', 'emoticon': '🔥'}, 'count': 7, 'chosen_order': None}, {'_': 'ReactionCount', 'reaction': {'_': 'ReactionEmoji', 'emoticon': '🕊'}, 'count': 6, 'chosen_order': None}, {'_': 'ReactionCount', 'reaction': {'_': 'ReactionEmoji', 'emoticon': '👏'}, 'count': 1, 'chosen_order': None}], 'min': False, 'can_see_list': False, 'reactions_as_tags': False, 'recent_reactions': []}",[],
app_modz,https://t.me/app_modz,734,2024-01-29 16:15:20,"Apk - Chemistry neet papers

Libs - arm 64

Pro features unlocked",False,False,False,False,True,False,False,True,False,False,1550762529,,,,,,,,,74564.0,73.0,"{'_': 'MessageReplies', 'replies': 10, 'replies_pts': 22757, 'comments': True, 'recent_repliers': [{'_': 'PeerUser', 'user_id': 5040027676}, {'_': 'PeerUser', 'user_id': 5831170871}, {'_': 'PeerUser', 'user_id': 6922144229}], 'channel_id': 1700698764, 'max_id': 17120, 'read_max_id': None}",2024-01-29T16:20:41+00:00,,,"{'_': 'MessageReactions', 'results': [{'_': 'ReactionCount', 'reaction': {'_': 'ReactionEmoji', 'emoticon': '👍'}, 'count': 26, 'chosen_order': None}, {'_': 'ReactionCount', 'reaction': {'_': 'ReactionEmoji', 'emoticon': '❤'}, 'count': 9, 'chosen_order': None}], 'min': False, 'can_see_list': False, 'reactions_as_tags': False, 'recent_reactions': []}",[],
app_modz,https://t.me/app_modz,735,2024-01-29 16:15:34,"Apk - Yotools SEO Tools

Libs - universal

Pro feature unlocked",False,False,False,False,True,False,False,True,False,False,1550762529,,,,,,,,,78926.0,62.0,"{'_': 'MessageReplies', 'replies': 4, 'replies_pts': 22757, 'comments': True, 'recent_repliers': [{'_': 'PeerUser', 'user_id': 6952259517}, {'_': 'PeerUser', 'user_id': 1459750214}, {'_': 'PeerUser', 'user_id': 1157513152}], 'channel_id': 1700698764, 'max_id': 16440, 'read_max_id': None}",2024-01-29T16:20:39+00:00,,,"{'_': 'MessageReactions', 'results': [{'_': 'ReactionCount', 'reaction': {'_': 'ReactionEmoji', 'emoticon': '👍'}, 'count': 32, 'chosen_order': None}, {'_': 'ReactionCount', 'reaction': {'_': 'ReactionEmoji', 'emoticon': '❤'}, 'count': 15, 'chosen_order': None}, {'_': 'ReactionCount', 'reaction': {'_': 'ReactionEmoji', 'emoticon': '🎉'}, 'count': 4, 'chosen_order': None}, {'_': 'ReactionCount', 'reaction': {'_': 'ReactionEmoji', 'emoticon': '🕊'}, 'count': 2, 'chosen_order': None}], 'min': False, 'can_see_list': False, 'reactions_as_tags': False, 'recent_reactions': []}",[],
app_modz,https://t.me/app_modz,736,2024-01-29 16:15:49,"Apk - in tags

Libs - universal

Pro/premium feature unlocked",False,False,False,False,True,False,False,True,False,False,1550762529,,,,,,,,,88503.0,41.0,"{'_': 'MessageReplies', 'replies': 13, 'replies_pts': 22757, 'comments': True, 'recent_repliers': [{'_': 'PeerUser', 'user_id': 5639476804}, {'_': 'PeerUser', 'user_id': 888914357}, {'_': 'PeerUser', 'user_id': 453337115}], 'channel_id': 1700698764, 'max_id': 17051, 'read_max_id': None}",2024-01-29T16:16:33+00:00,,,"{'_': 'MessageReactions', 'results': [{'_': 'ReactionCount', 'reaction': {'_': 'ReactionEmoji', 'emoticon': '👍'}, 'count': 42, 'chosen_order': None}, {'_': 'ReactionCount', 'reaction': {'_': 'ReactionEmoji', 'emoticon': '❤'}, 'count': 10, 'chosen_order': None}, {'_': 'ReactionCount', 'reaction': {'_': 'ReactionEmoji', 'emoticon': '🔥'}, 'count': 2, 'chosen_order': None}], 'min': False, 'can_see_list': False, 'reactions_as_tags': False, 'recent_reactions': []}",[],
app_modz,https://t.me/app_modz,737,2024-01-29 16:20:55,"Mod Features 
◉ Premium Unlocked
◉ Armeabi-v7a",False,False,False,False,True,False,False,False,False,False,1550762529,,,,,,,,,93627.0,63.0,"{'_': 'MessageReplies', 'replies': 53, 'replies_pts': 22757, 'comments': True, 'recent_repliers': [{'_': 'PeerUser', 'user_id': 5905491409}, {'_': 'PeerUser', 'user_id': 5428907610}, {'_': 'PeerUser', 'user_id': 6880186713}], 'channel_id': 1700698764, 'max_id': 16829, 'read_max_id': None}",2024-01-29T16:21:52+00:00,,,"{'_': 'MessageReactions', 'results': [{'_': 'ReactionCount', 'reaction': {'_': 'ReactionEmoji', 'emoticon': '👍'}, 'count': 47, 'chosen_order': None}, {'_': 'ReactionCount', 'reaction': {'_': 'ReactionEmoji', 'emoticon': '❤'}, 'count': 16, 'chosen_order': None}, {'_': 'ReactionCount', 'reaction': {'_': 'ReactionEmoji', 'emoticon': '🦄'}, 'count': 5, 'chosen_order': None}, {'_': 'ReactionCount', 'reaction': {'_': 'ReactionEmoji', 'emoticon': '👏'}, 'count': 4, 'chosen_order': None}, {'_': 'ReactionCount', 'reaction': {'_': 'ReactionEmoji', 'emoticon': '🎉'}, 'count': 2, 'chosen_order': None}], 'min': False, 'can_see_list': False, 'reactions_as_tags': False, 'recent_reactions': []}",[],
app_modz,https://t.me/app_modz,741,2024-02-02 16:07:55,"❏ Premium & Gold Unlocked
❏ All Features Unlocked
❏ Background Eraser Unlocked 
❏ No Watermark
❏ All Export Unlocked
❏ Optimized
❏ Arm- Armeabi V7a, Arm64 v8a

❏ MOD By App_Modz",False,False,False,False,True,False,False,True,False,False,1550762529,,,,,,,,,85130.0,220.0,"{'_': 'MessageReplies', 'replies': 46, 'replies_pts': 22757, 'comments': True, 'recent_repliers': [{'_': 'PeerUser', 'user_id': 6659181442}, {'_': 'PeerUser', 'user_id': 6568748782}, {'_': 'PeerUser', 'user_id': 6057512271}], 'channel_id': 1700698764, 'max_id': 17074, 'read_max_id': None}",2024-02-02T16:08:22+00:00,,,"{'_': 'MessageReactions', 'results': [{'_': 'ReactionCount', 'reaction': {'_': 'ReactionEmoji', 'emoticon': '👍'}, 'count': 101, 'chosen_order': None}, {'_': 'ReactionCount', 'reaction': {'_': 'ReactionEmoji', 'emoticon': '❤'}, 'count': 18, 'chosen_order': None}, {'_': 'ReactionCount', 'reaction': {'_': 'ReactionEmoji', 'emoticon': '🔥'}, 'count': 8, 'chosen_order': None}, {'_': 'ReactionCount', 'reaction': {'_': 'ReactionEmoji', 'emoticon': '\U0001fae1'}, 'count': 4, 'chosen_order': None}, {'_': 'ReactionCount', 'reaction': {'_': 'ReactionEmoji', 'emoticon': '🎉'}, 'count': 3, 'chosen_order': None}, {'_': 'ReactionCount', 'reaction': {'_': 'ReactionEmoji', 'emoticon': '⚡'}, 'count': 2, 'chosen_order': None}], 'min': False, 'can_see_list': False, 'reactions_as_tags': False, 'recent_reactions': []}",[],
app_modz,https://t.me/app_modz,753,2024-02-19 10:54:05,"Mod Info:
◉ Premium Features Unlocked
◉ Multi Languages
◉ CPUs: armeabi-v7a, arm64-v8a
◉ Debug Info Removed
Cloud & Assistant not working

Note➜ Google Drive Backup Won't Work",False,False,False,False,True,False,False,True,False,False,1550762529,,,,,,,,,31628.0,141.0,"{'_': 'MessageReplies', 'replies': 19, 'replies_pts': 22757, 'comments': True, 'recent_repliers': [{'_': 'PeerUser', 'user_id': 733003796}, {'_': 'PeerUser', 'user_id': 6632443515}, {'_': 'PeerUser', 'user_id': 1466169390}], 'channel_id': 1700698764, 'max_id': 17151, 'read_max_id': None}",2024-02-19T10:56:08+00:00,,,"{'_': 'MessageReactions', 'results': [{'_': 'ReactionCount', 'reaction': {'_': 'ReactionEmoji', 'emoticon': '👍'}, 'count': 42, 'chosen_order': None}, {'_': 'ReactionCount', 'reaction': {'_': 'ReactionEmoji', 'emoticon': '❤'}, 'count': 10, 'chosen_order': None}, {'_': 'ReactionCount', 'reaction': {'_': 'ReactionEmoji', 'emoticon': '👏'}, 'count': 3, 'chosen_order': None}, {'_': 'ReactionCount', 'reaction': {'_': 'ReactionEmoji', 'emoticon': '🔥'}, 'count': 1, 'chosen_order': None}, {'_': 'ReactionCount', 'reaction': {'_': 'ReactionEmoji', 'emoticon': '🎉'}, 'count': 1, 'chosen_order': None}], 'min': False, 'can_see_list': False, 'reactions_as_tags': False, 'recent_reactions': []}",[],
app_modz,https://t.me/app_modz,754,2024-02-19 10:59:31,"Mod Features 
◉ Premium Unlocked
◉ Multilingual
◉ Armeabi Arm64v8a Armeabi-v7a",False,False,False,False,True,False,False,True,False,False,1550762529,,,,,,,,,32187.0,37.0,"{'_': 'MessageReplies', 'replies': 5, 'replies_pts': 22757, 'comments': True, 'recent_repliers': [{'_': 'PeerUser', 'user_id': 5865885704}, {'_': 'PeerUser', 'user_id': 6385715350}, {'_': 'PeerUser', 'user_id': 5604983883}], 'channel_id': 1700698764, 'max_id': 17311, 'read_max_id': None}",2024-02-19T11:11:52+00:00,,,"{'_': 'MessageReactions', 'results': [{'_': 'ReactionCount', 'reaction': {'_': 'ReactionEmoji', 'emoticon': '👍'}, 'count': 34, 'chosen_order': None}, {'_': 'ReactionCount', 'reaction': {'_': 'ReactionEmoji', 'emoticon': '❤'}, 'count': 2, 'chosen_order': None}, {'_': 'ReactionCount', 'reaction': {'_': 'ReactionEmoji', 'emoticon': '👏'}, 'count': 1, 'chosen_order': None}], 'min': False, 'can_see_list': False, 'reactions_as_tags': False, 'recent_reactions': []}",[],
app_modz,https://t.me/app_modz,755,2024-02-19 10:59:41,"<PERSON>
◉ Multilingual
◉ Armeabi Arm64v8a Armeabi-v7a",False,False,False,False,True,False,False,True,False,False,1550762529,,,,,,,,,32916.0,43.0,"{'_': 'MessageReplies', 'replies': 24, 'replies_pts': 22757, 'comments': True, 'recent_repliers': [{'_': 'PeerUser', 'user_id': 6144368880}, {'_': 'PeerUser', 'user_id': 6968043120}, {'_': 'PeerUser', 'user_id': 5539264039}], 'channel_id': 1700698764, 'max_id': 17157, 'read_max_id': None}",2024-02-19T11:04:05+00:00,,,"{'_': 'MessageReactions', 'results': [{'_': 'ReactionCount', 'reaction': {'_': 'ReactionEmoji', 'emoticon': '👍'}, 'count': 39, 'chosen_order': None}, {'_': 'ReactionCount', 'reaction': {'_': 'ReactionEmoji', 'emoticon': '❤'}, 'count': 6, 'chosen_order': None}, {'_': 'ReactionCount', 'reaction': {'_': 'ReactionEmoji', 'emoticon': '🔥'}, 'count': 5, 'chosen_order': None}], 'min': False, 'can_see_list': False, 'reactions_as_tags': False, 'recent_reactions': []}",[],
app_modz,https://t.me/app_modz,763,2024-02-23 19:36:08,"❏ Premium Unlocked
❏ All Features Unlocked
❏ No Watermark
❏ All Export Unlocked
❏ Optimized
❏ <PERSON> 
❏ MOD By App_Modz",False,False,False,False,True,False,False,True,False,False,1550762529,,,,,,,,,9881.0,19.0,"{'_': 'MessageReplies', 'replies': 0, 'replies_pts': 22757, 'comments': True, 'recent_repliers': [], 'channel_id': 1700698764, 'max_id': None, 'read_max_id': None}",2024-02-23T20:11:04+00:00,,,"{'_': 'MessageReactions', 'results': [{'_': 'ReactionCount', 'reaction': {'_': 'ReactionEmoji', 'emoticon': '👍'}, 'count': 6, 'chosen_order': None}, {'_': 'ReactionCount', 'reaction': {'_': 'ReactionEmoji', 'emoticon': '👏'}, 'count': 1, 'chosen_order': None}], 'min': False, 'can_see_list': False, 'reactions_as_tags': False, 'recent_reactions': []}",[],
app_modz,https://t.me/app_modz,764,2024-02-23 19:36:16,"❏ Premium Unlocked
❏ Optimized
❏ <PERSON>
❏ MOD By App_Modz",False,False,False,False,True,False,False,True,False,False,1550762529,,,,,,,,,9767.0,14.0,"{'_': 'MessageReplies', 'replies': 0, 'replies_pts': 22757, 'comments': True, 'recent_repliers': [], 'channel_id': 1700698764, 'max_id': None, 'read_max_id': None}",2024-02-23T20:11:05+00:00,,,"{'_': 'MessageReactions', 'results': [{'_': 'ReactionCount', 'reaction': {'_': 'ReactionEmoji', 'emoticon': '👍'}, 'count': 7, 'chosen_order': None}], 'min': False, 'can_see_list': False, 'reactions_as_tags': False, 'recent_reactions': []}",[],
app_modz,https://t.me/app_modz,765,2024-02-23 19:36:24,"❏ Premium Unlocked
❏ Optimized
❏ <PERSON>
❏ MOD By App_Modz",False,False,False,False,True,False,False,True,False,False,1550762529,,,,,,,,,9411.0,8.0,"{'_': 'MessageReplies', 'replies': 0, 'replies_pts': 22757, 'comments': True, 'recent_repliers': [], 'channel_id': 1700698764, 'max_id': None, 'read_max_id': None}",2024-02-23T19:36:34+00:00,,,"{'_': 'MessageReactions', 'results': [{'_': 'ReactionCount', 'reaction': {'_': 'ReactionEmoji', 'emoticon': '👍'}, 'count': 5, 'chosen_order': None}, {'_': 'ReactionCount', 'reaction': {'_': 'ReactionEmoji', 'emoticon': '❤'}, 'count': 1, 'chosen_order': None}, {'_': 'ReactionCount', 'reaction': {'_': 'ReactionEmoji', 'emoticon': '👏'}, 'count': 1, 'chosen_order': None}], 'min': False, 'can_see_list': False, 'reactions_as_tags': False, 'recent_reactions': []}",[],
app_modz,https://t.me/app_modz,766,2024-02-23 19:36:31,"❏ Premium Unlocked
❏ Lessons Unlocked
❏ Optimized
❏ <PERSON>
❏ MOD By App_Modz",False,False,False,False,True,False,False,True,False,False,1550762529,,,,,,,,,8650.0,6.0,"{'_': 'MessageReplies', 'replies': 1, 'replies_pts': 22757, 'comments': True, 'recent_repliers': [{'_': 'PeerUser', 'user_id': 6968043120}], 'channel_id': 1700698764, 'max_id': 17163, 'read_max_id': None}",2024-02-23T19:36:36+00:00,,,"{'_': 'MessageReactions', 'results': [{'_': 'ReactionCount', 'reaction': {'_': 'ReactionEmoji', 'emoticon': '👍'}, 'count': 8, 'chosen_order': None}, {'_': 'ReactionCount', 'reaction': {'_': 'ReactionEmoji', 'emoticon': '🎉'}, 'count': 1, 'chosen_order': None}], 'min': False, 'can_see_list': False, 'reactions_as_tags': False, 'recent_reactions': []}",[],
app_modz,https://t.me/app_modz,767,2024-02-23 19:36:42,"❏ Premium Unlocked
❏ Optimized
❏ Architecture:- Arm7
❏ MOD By App_Modz",False,False,False,False,True,False,False,True,False,False,1550762529,,,,,,,,,8404.0,18.0,"{'_': 'MessageReplies', 'replies': 0, 'replies_pts': 22757, 'comments': True, 'recent_repliers': [], 'channel_id': 1700698764, 'max_id': None, 'read_max_id': None}",2024-02-23T20:11:10+00:00,,,"{'_': 'MessageReactions', 'results': [{'_': 'ReactionCount', 'reaction': {'_': 'ReactionEmoji', 'emoticon': '👍'}, 'count': 4, 'chosen_order': None}, {'_': 'ReactionCount', 'reaction': {'_': 'ReactionEmoji', 'emoticon': '🆒'}, 'count': 2, 'chosen_order': None}], 'min': False, 'can_see_list': False, 'reactions_as_tags': False, 'recent_reactions': []}",[],
app_modz,https://t.me/app_modz,768,2024-02-23 19:36:50,"❏ Premium Unlocked
❏ Optimized
❏ <PERSON>
❏ MOD By App_Modz",False,False,False,False,True,False,False,True,False,False,1550762529,,,,,,,,,8303.0,9.0,"{'_': 'MessageReplies', 'replies': 1, 'replies_pts': 22757, 'comments': True, 'recent_repliers': [{'_': 'PeerUser', 'user_id': 6968043120}], 'channel_id': 1700698764, 'max_id': 17165, 'read_max_id': None}",2024-02-23T19:54:47+00:00,,,"{'_': 'MessageReactions', 'results': [{'_': 'ReactionCount', 'reaction': {'_': 'ReactionEmoji', 'emoticon': '👍'}, 'count': 8, 'chosen_order': None}], 'min': False, 'can_see_list': False, 'reactions_as_tags': False, 'recent_reactions': []}",[],
app_modz,https://t.me/app_modz,769,2024-02-23 19:36:57,"❏ Premium Unlocked
❏ Optimized
❏ Architecture:- arm64v8a 
❏ MOD By App_Modz",False,False,False,False,True,False,False,True,False,False,1550762529,,,,,,,,,8620.0,13.0,"{'_': 'MessageReplies', 'replies': 0, 'replies_pts': 22757, 'comments': True, 'recent_repliers': [], 'channel_id': 1700698764, 'max_id': None, 'read_max_id': None}",2024-02-23T20:11:13+00:00,,,"{'_': 'MessageReactions', 'results': [{'_': 'ReactionCount', 'reaction': {'_': 'ReactionEmoji', 'emoticon': '👍'}, 'count': 4, 'chosen_order': None}], 'min': False, 'can_see_list': False, 'reactions_as_tags': False, 'recent_reactions': []}",[],
app_modz,https://t.me/app_modz,770,2024-02-23 19:37:03,"❏ Premium Unlocked
❏ Lessons Unlocked
❏ Optimized
❏ <PERSON>
❏ MOD By App_Modz",False,False,False,False,True,False,False,True,False,False,1550762529,,,,,,,,,8933.0,12.0,"{'_': 'MessageReplies', 'replies': 2, 'replies_pts': 22757, 'comments': True, 'recent_repliers': [{'_': 'PeerUser', 'user_id': 6354839843}, {'_': 'PeerUser', 'user_id': 6968043120}], 'channel_id': 1700698764, 'max_id': 17169, 'read_max_id': None}",2024-02-23T20:11:14+00:00,,,"{'_': 'MessageReactions', 'results': [{'_': 'ReactionCount', 'reaction': {'_': 'ReactionEmoji', 'emoticon': '👍'}, 'count': 5, 'chosen_order': None}, {'_': 'ReactionCount', 'reaction': {'_': 'ReactionEmoji', 'emoticon': '🔥'}, 'count': 2, 'chosen_order': None}], 'min': False, 'can_see_list': False, 'reactions_as_tags': False, 'recent_reactions': []}",[],
app_modz,https://t.me/app_modz,771,2024-02-23 19:37:15,"❏ Premium Unlocked
❏ Optimized
❏ <PERSON>
❏ MOD By App_Modz",False,False,False,False,True,False,False,False,False,False,1550762529,,,,,,,,,9545.0,10.0,"{'_': 'MessageReplies', 'replies': 3, 'replies_pts': 22757, 'comments': True, 'recent_repliers': [{'_': 'PeerUser', 'user_id': 6354839843}, {'_': 'PeerUser', 'user_id': 1075281371}, {'_': 'PeerUser', 'user_id': 6968043120}], 'channel_id': 1700698764, 'max_id': 17174, 'read_max_id': None}",2024-02-24T19:11:20+00:00,,,"{'_': 'MessageReactions', 'results': [{'_': 'ReactionCount', 'reaction': {'_': 'ReactionEmoji', 'emoticon': '👍'}, 'count': 3, 'chosen_order': None}], 'min': False, 'can_see_list': False, 'reactions_as_tags': False, 'recent_reactions': []}",[],
app_modz,https://t.me/app_modz,772,2024-02-23 19:37:24,"❏ Premium Unlocked
❏ Optimized
❏ Architecture:- Arm7
❏ MOD By App_Modz",False,False,False,False,True,False,False,True,False,False,1550762529,,,,,,,,,9543.0,8.0,"{'_': 'MessageReplies', 'replies': 3, 'replies_pts': 22757, 'comments': True, 'recent_repliers': [{'_': 'PeerUser', 'user_id': 5513867362}, {'_': 'PeerUser', 'user_id': 6354839843}, {'_': 'PeerUser', 'user_id': 6968043120}], 'channel_id': 1700698764, 'max_id': 17181, 'read_max_id': None}",2024-02-23T20:11:17+00:00,,,"{'_': 'MessageReactions', 'results': [{'_': 'ReactionCount', 'reaction': {'_': 'ReactionEmoji', 'emoticon': '👍'}, 'count': 3, 'chosen_order': None}], 'min': False, 'can_see_list': False, 'reactions_as_tags': False, 'recent_reactions': []}",[],
app_modz,https://t.me/app_modz,773,2024-02-23 19:38:14,"❏ Premium & Gold Unlocked
❏ All Features Unlocked
❏ Background Eraser Unlocked 
❏ No Watermark
❏ All Export Unlocked
❏ Optimized
❏ Arm- Armeabi V7a, Arm64 v8a

❏ MOD By App_Modz",False,False,False,False,True,False,False,True,False,False,1550762529,,,,,,,,,10147.0,46.0,"{'_': 'MessageReplies', 'replies': 29, 'replies_pts': 22757, 'comments': True, 'recent_repliers': [{'_': 'PeerUser', 'user_id': 6476322025}], 'channel_id': 1700698764, 'max_id': 17249, 'read_max_id': None}",2024-02-23T19:38:20+00:00,,,"{'_': 'MessageReactions', 'results': [{'_': 'ReactionCount', 'reaction': {'_': 'ReactionEmoji', 'emoticon': '👍'}, 'count': 10, 'chosen_order': None}, {'_': 'ReactionCount', 'reaction': {'_': 'ReactionEmoji', 'emoticon': '🔥'}, 'count': 5, 'chosen_order': None}, {'_': 'ReactionCount', 'reaction': {'_': 'ReactionEmoji', 'emoticon': '😁'}, 'count': 1, 'chosen_order': None}], 'min': False, 'can_see_list': False, 'reactions_as_tags': False, 'recent_reactions': []}",[],
app_modz,https://t.me/app_modz,774,2024-02-23 19:38:27,"📱│TrueCaller <PERSON> (GOLD) MOD APK 
🅿️ │ Play Store / Official Site Link 
➖➖➖➖➖➖➖➖➖➖➖➖
🔰 | Features & Mod Info ✅
Truecaller is a World's Best Spam Call Blocker & Spam Detector.

◉ Premium & Gold Features Unlocked
◉ Drive Backup Doesn't works
◉ Multi Languages & CPUs: Armeabi-v7a, Arm64-v8a 
➖➖➖➖➖➖➖➖➖➖➖➖
📎│ Direct Download Link  👇⬇️

📥  CLICK HERE TO DOWNLOAD MOD 

<PERSON>️ Tutorial ➜ [How To Download] 🌟",False,False,False,False,True,False,False,True,False,False,1550762529,,,,,,,6.174521594517503e+18,,11400.0,14.0,"{'_': 'MessageReplies', 'replies': 6, 'replies_pts': 22757, 'comments': True, 'recent_repliers': [{'_': 'PeerUser', 'user_id': 6951310165}, {'_': 'PeerUser', 'user_id': 5315680775}, {'_': 'PeerUser', 'user_id': 1940824343}], 'channel_id': 1700698764, 'max_id': 17268, 'read_max_id': None}",2024-02-23T19:40:30+00:00,,,"{'_': 'MessageReactions', 'results': [{'_': 'ReactionCount', 'reaction': {'_': 'ReactionEmoji', 'emoticon': '👍'}, 'count': 14, 'chosen_order': None}, {'_': 'ReactionCount', 'reaction': {'_': 'ReactionEmoji', 'emoticon': '❤'}, 'count': 4, 'chosen_order': None}, {'_': 'ReactionCount', 'reaction': {'_': 'ReactionEmoji', 'emoticon': '🔥'}, 'count': 2, 'chosen_order': None}], 'min': False, 'can_see_list': False, 'reactions_as_tags': False, 'recent_reactions': []}",[],
app_modz,https://t.me/app_modz,775,2024-02-23 19:38:37,"📱│Ask AI v1.9.80 (Exclusive) MOD APK 
🅿️ │ Play Store / Official Site Link 
➖➖➖➖➖➖➖➖➖➖➖➖
🔰 | Features & Mod Info ✅
Ask <PERSON> assistant to write anything. <PERSON> app writer based on ChatGPT API!

◉ Premium Features Unlocked
◉ ASK anything AI
◉ GPT 4 Unlocked
◉ Multi Languages & CPUs: Arm64-v8a  
➖➖➖➖➖➖➖➖➖➖➖➖
📎│ Direct Download Link  👇⬇️

📥  CLICK HERE TO DOWNLOAD MOD 
<PERSON>️ Tutorial ➜ [How To Download] 🌟",False,False,False,False,True,False,False,True,True,False,1550762529,,,,,,,6.253511394620194e+18,,12149.0,10.0,"{'_': 'MessageReplies', 'replies': 25, 'replies_pts': 22757, 'comments': True, 'recent_repliers': [{'_': 'PeerUser', 'user_id': 794321026}, {'_': 'PeerUser', 'user_id': 6323228180}, {'_': 'PeerUser', 'user_id': 515336160}], 'channel_id': 1700698764, 'max_id': 17307, 'read_max_id': None}",2024-02-23T20:04:27+00:00,,,"{'_': 'MessageReactions', 'results': [{'_': 'ReactionCount', 'reaction': {'_': 'ReactionEmoji', 'emoticon': '👍'}, 'count': 17, 'chosen_order': None}, {'_': 'ReactionCount', 'reaction': {'_': 'ReactionEmoji', 'emoticon': '❤'}, 'count': 3, 'chosen_order': None}, {'_': 'ReactionCount', 'reaction': {'_': 'ReactionEmoji', 'emoticon': '\U0001fae1'}, 'count': 3, 'chosen_order': None}, {'_': 'ReactionCount', 'reaction': {'_': 'ReactionEmoji', 'emoticon': '🕊'}, 'count': 2, 'chosen_order': None}], 'min': False, 'can_see_list': False, 'reactions_as_tags': False, 'recent_reactions': []}",[],
app_modz,https://t.me/app_modz,776,2024-02-23 19:38:40,,False,False,False,True,True,,False,,,,1550762529,,,,775.0,False,False,,,,,,,,,,,
app_modz,https://t.me/app_modz,779,2024-02-25 09:16:17,"❏ Premium Unlocked
❏ Optimized
❏ Architecture:- Arm8
❏ MOD By App_Modz",False,False,False,False,True,False,False,True,False,False,1550762529,,,,,,,,,19304.0,33.0,"{'_': 'MessageReplies', 'replies': 0, 'replies_pts': 23398, 'comments': True, 'recent_repliers': [], 'channel_id': 1700698764, 'max_id': None, 'read_max_id': None}",2024-02-25T14:25:23+00:00,,,"{'_': 'MessageReactions', 'results': [{'_': 'ReactionCount', 'reaction': {'_': 'ReactionEmoji', 'emoticon': '👍'}, 'count': 7, 'chosen_order': None}, {'_': 'ReactionCount', 'reaction': {'_': 'ReactionEmoji', 'emoticon': '🔥'}, 'count': 5, 'chosen_order': None}, {'_': 'ReactionCount', 'reaction': {'_': 'ReactionEmoji', 'emoticon': '❤'}, 'count': 1, 'chosen_order': None}], 'min': False, 'can_see_list': False, 'reactions_as_tags': False, 'recent_reactions': []}",[],
app_modz,https://t.me/app_modz,780,2024-02-25 09:16:25,"❏ Premium Unlocked
❏ Optimized
❏ Architecture:- Arm7
❏ MOD By App_Modz",False,False,False,False,True,False,False,True,False,False,1550762529,,,,,,,,,19027.0,24.0,"{'_': 'MessageReplies', 'replies': 0, 'replies_pts': 23398, 'comments': True, 'recent_repliers': [], 'channel_id': 1700698764, 'max_id': None, 'read_max_id': None}",2024-02-25T09:17:29+00:00,,,"{'_': 'MessageReactions', 'results': [{'_': 'ReactionCount', 'reaction': {'_': 'ReactionEmoji', 'emoticon': '👍'}, 'count': 9, 'chosen_order': None}, {'_': 'ReactionCount', 'reaction': {'_': 'ReactionEmoji', 'emoticon': '🕊'}, 'count': 4, 'chosen_order': None}, {'_': 'ReactionCount', 'reaction': {'_': 'ReactionEmoji', 'emoticon': '❤'}, 'count': 1, 'chosen_order': None}, {'_': 'ReactionCount', 'reaction': {'_': 'ReactionEmoji', 'emoticon': '🔥'}, 'count': 1, 'chosen_order': None}], 'min': False, 'can_see_list': False, 'reactions_as_tags': False, 'recent_reactions': []}",[],
app_modz,https://t.me/app_modz,781,2024-02-25 09:16:36,"❏ Premium Unlocked
❏ Optimized
❏ Architecture:- Arm8
❏ MOD By App_Modz",False,False,False,False,True,False,False,True,False,False,1550762529,,,,,,,,,19335.0,47.0,"{'_': 'MessageReplies', 'replies': 0, 'replies_pts': 23398, 'comments': True, 'recent_repliers': [], 'channel_id': 1700698764, 'max_id': None, 'read_max_id': None}",2024-02-26T00:44:37+00:00,,,"{'_': 'MessageReactions', 'results': [{'_': 'ReactionCount', 'reaction': {'_': 'ReactionEmoji', 'emoticon': '👍'}, 'count': 8, 'chosen_order': None}, {'_': 'ReactionCount', 'reaction': {'_': 'ReactionEmoji', 'emoticon': '🔥'}, 'count': 2, 'chosen_order': None}], 'min': False, 'can_see_list': False, 'reactions_as_tags': False, 'recent_reactions': []}",[],
app_modz,https://t.me/app_modz,782,2024-02-25 09:16:44,"❏ Premium Unlocked
❏ Optimized
❏ Architecture:- Arm8
❏ MOD By App_Modz",False,False,False,False,True,False,False,True,False,False,1550762529,,,,,,,,,19716.0,55.0,"{'_': 'MessageReplies', 'replies': 0, 'replies_pts': 23398, 'comments': True, 'recent_repliers': [], 'channel_id': 1700698764, 'max_id': None, 'read_max_id': None}",2024-02-25T20:29:38+00:00,,,"{'_': 'MessageReactions', 'results': [{'_': 'ReactionCount', 'reaction': {'_': 'ReactionEmoji', 'emoticon': '👍'}, 'count': 7, 'chosen_order': None}, {'_': 'ReactionCount', 'reaction': {'_': 'ReactionEmoji', 'emoticon': '🔥'}, 'count': 3, 'chosen_order': None}], 'min': False, 'can_see_list': False, 'reactions_as_tags': False, 'recent_reactions': []}",[],
app_modz,https://t.me/app_modz,783,2024-02-25 09:16:56,"❏ Premium Unlocked
❏ Optimized
❏ <PERSON>
❏ MOD By App_Modz",False,False,False,False,True,False,False,True,False,False,1550762529,,,,,,,,,19958.0,18.0,"{'_': 'MessageReplies', 'replies': 0, 'replies_pts': 23398, 'comments': True, 'recent_repliers': [], 'channel_id': 1700698764, 'max_id': None, 'read_max_id': None}",2024-02-26T00:44:42+00:00,,,"{'_': 'MessageReactions', 'results': [{'_': 'ReactionCount', 'reaction': {'_': 'ReactionEmoji', 'emoticon': '👍'}, 'count': 7, 'chosen_order': None}, {'_': 'ReactionCount', 'reaction': {'_': 'ReactionEmoji', 'emoticon': '❤'}, 'count': 3, 'chosen_order': None}, {'_': 'ReactionCount', 'reaction': {'_': 'ReactionEmoji', 'emoticon': '🔥'}, 'count': 1, 'chosen_order': None}], 'min': False, 'can_see_list': False, 'reactions_as_tags': False, 'recent_reactions': []}",[],
app_modz,https://t.me/app_modz,784,2024-02-25 09:17:04,"❏ Premium Unlocked
❏ Optimized
❏ Architecture:- Arm8
❏ MOD By App_Modz",False,False,False,False,True,False,False,True,False,False,1550762529,,,,,,,,,20189.0,18.0,"{'_': 'MessageReplies', 'replies': 2, 'replies_pts': 23398, 'comments': True, 'recent_repliers': [{'_': 'PeerUser', 'user_id': 6276333045}, {'_': 'PeerUser', 'user_id': 5470957278}], 'channel_id': 1700698764, 'max_id': 17662, 'read_max_id': None}",2024-02-25T09:18:34+00:00,,,"{'_': 'MessageReactions', 'results': [{'_': 'ReactionCount', 'reaction': {'_': 'ReactionEmoji', 'emoticon': '👍'}, 'count': 7, 'chosen_order': None}, {'_': 'ReactionCount', 'reaction': {'_': 'ReactionEmoji', 'emoticon': '🔥'}, 'count': 2, 'chosen_order': None}], 'min': False, 'can_see_list': False, 'reactions_as_tags': False, 'recent_reactions': []}",[],
app_modz,https://t.me/app_modz,785,2024-02-25 09:17:27,"❏ Premium Unlocked
❏ Optimized
❏ Architecture:- Arm8
❏ MOD By App_Modz",False,False,False,False,True,False,False,True,False,False,1550762529,,,,,,,,,21561.0,24.0,"{'_': 'MessageReplies', 'replies': 1, 'replies_pts': 23398, 'comments': True, 'recent_repliers': [{'_': 'PeerUser', 'user_id': 5470957278}], 'channel_id': 1700698764, 'max_id': 17371, 'read_max_id': None}",2024-02-25T12:35:24+00:00,,,"{'_': 'MessageReactions', 'results': [{'_': 'ReactionCount', 'reaction': {'_': 'ReactionEmoji', 'emoticon': '👍'}, 'count': 9, 'chosen_order': None}, {'_': 'ReactionCount', 'reaction': {'_': 'ReactionEmoji', 'emoticon': '❤'}, 'count': 1, 'chosen_order': None}, {'_': 'ReactionCount', 'reaction': {'_': 'ReactionEmoji', 'emoticon': '🔥'}, 'count': 1, 'chosen_order': None}], 'min': False, 'can_see_list': False, 'reactions_as_tags': False, 'recent_reactions': []}",[],
app_modz,https://t.me/app_modz,786,2024-02-25 09:18:21,"📱│<PERSON> v6.2.2 (Exclusive) MOD APK 
🅿️ │ Play Store / Official Site Link 
➖➖➖➖➖➖➖➖➖➖➖➖
<DATE_TIME> | AirBrush - Selfie Photo Editor turn your <DATE_TIME> photo into a colorful work of art

◉ Premium Features Unlocked
◉ 4K Export Unlocked
◉ Optimized 
◉ Multi Languages & CPUs: Arm-v7a Arm64
➖➖➖➖➖➖➖➖➖➖➖➖
📎│ Direct Download Link  👇⬇️

📥  CLICK HERE TO DOWNLOAD MOD 
<PERSON>️ Tutorial ➜ [How To Download] 🌟",False,False,False,False,True,False,False,False,False,False,1550762529,,,,,,,6.255631197203975e+18,,23318.0,14.0,"{'_': 'MessageReplies', 'replies': 2, 'replies_pts': 23398, 'comments': True, 'recent_repliers': [{'_': 'PeerUser', 'user_id': 5927631153}, {'_': 'PeerUser', 'user_id': 5470957278}], 'channel_id': 1700698764, 'max_id': 17482, 'read_max_id': None}",2024-02-25T09:41:52+00:00,,,"{'_': 'MessageReactions', 'results': [{'_': 'ReactionCount', 'reaction': {'_': 'ReactionEmoji', 'emoticon': '👍'}, 'count': 8, 'chosen_order': None}, {'_': 'ReactionCount', 'reaction': {'_': 'ReactionEmoji', 'emoticon': '❤'}, 'count': 4, 'chosen_order': None}], 'min': False, 'can_see_list': False, 'reactions_as_tags': False, 'recent_reactions': []}",[],
app_modz,https://t.me/app_modz,787,2024-02-25 09:18:30,"📱│PhotoApp v2.4.9 (Remini Alternative) MOD APK 
🅿️ │ Play Store / Official Site Link 
➖➖➖➖➖➖➖➖➖➖➖➖
🔰 | Features & Mod Info ✅
Powerful AI enhancing Tool As Remini Alternative. Enjoy 

◉ Premium Features Unlocked
◉ 4K 60fps Export Unlocked 
◉ Multi Languages & CPUs: Arm64-v8a  
➖➖➖➖➖➖➖➖➖➖➖➖
📎│ Direct Download Link  👇⬇️

📥  CLICK HERE TO DOWNLOAD MOD 
<PERSON>️ Tutorial ➜ [How To Download] 🌟",False,False,False,False,True,False,False,True,True,False,1550762529,,,,,,,6.255631197203975e+18,,26169.0,44.0,"{'_': 'MessageReplies', 'replies': 44, 'replies_pts': 23398, 'comments': True, 'recent_repliers': [{'_': 'PeerUser', 'user_id': 1537199208}, {'_': 'PeerUser', 'user_id': 5510434966}, {'_': 'PeerUser', 'user_id': 6880186713}], 'channel_id': 1700698764, 'max_id': 17644, 'read_max_id': None}",2024-02-25T09:18:46+00:00,,,"{'_': 'MessageReactions', 'results': [{'_': 'ReactionCount', 'reaction': {'_': 'ReactionEmoji', 'emoticon': '👍'}, 'count': 47, 'chosen_order': None}, {'_': 'ReactionCount', 'reaction': {'_': 'ReactionEmoji', 'emoticon': '❤'}, 'count': 5, 'chosen_order': None}, {'_': 'ReactionCount', 'reaction': {'_': 'ReactionEmoji', 'emoticon': '🔥'}, 'count': 5, 'chosen_order': None}], 'min': False, 'can_see_list': False, 'reactions_as_tags': False, 'recent_reactions': []}",[],
app_modz,https://t.me/app_modz,788,2024-02-25 09:18:32,,False,False,False,True,True,,False,,,,1550762529,,,,787.0,False,False,,,,,,,,,,,
app_modz,https://t.me/app_modz,791,2024-02-28 05:39:20,"❏ Premium Unlocked
❏ Optimized
❏ Architecture:- arm8
❏ MOD By App_Modz",False,False,False,False,True,False,False,True,False,False,1550762529,,,,,,,,,13569.0,14.0,"{'_': 'MessageReplies', 'replies': 0, 'replies_pts': 23398, 'comments': True, 'recent_repliers': [], 'channel_id': 1700698764, 'max_id': None, 'read_max_id': None}",2024-02-28T05:41:43+00:00,,,"{'_': 'MessageReactions', 'results': [{'_': 'ReactionCount', 'reaction': {'_': 'ReactionEmoji', 'emoticon': '👍'}, 'count': 9, 'chosen_order': None}, {'_': 'ReactionCount', 'reaction': {'_': 'ReactionEmoji', 'emoticon': '❤'}, 'count': 3, 'chosen_order': None}], 'min': False, 'can_see_list': False, 'reactions_as_tags': False, 'recent_reactions': []}",[],
app_modz,https://t.me/app_modz,792,2024-02-28 05:39:31,"❏ Premium Unlocked
❏ Optimized
❏ Architecture:- Arm8
❏ MOD By App_Modz",False,False,False,False,True,False,False,True,False,False,1550762529,,,,,,,,,14795.0,29.0,"{'_': 'MessageReplies', 'replies': 5, 'replies_pts': 23398, 'comments': True, 'recent_repliers': [{'_': 'PeerUser', 'user_id': 988356990}, {'_': 'PeerUser', 'user_id': 985693860}, {'_': 'PeerUser', 'user_id': 1977361826}], 'channel_id': 1700698764, 'max_id': 17565, 'read_max_id': None}",2024-02-28T05:41:39+00:00,,,"{'_': 'MessageReactions', 'results': [{'_': 'ReactionCount', 'reaction': {'_': 'ReactionEmoji', 'emoticon': '👍'}, 'count': 13, 'chosen_order': None}, {'_': 'ReactionCount', 'reaction': {'_': 'ReactionEmoji', 'emoticon': '❤'}, 'count': 3, 'chosen_order': None}], 'min': False, 'can_see_list': False, 'reactions_as_tags': False, 'recent_reactions': []}",[],
app_modz,https://t.me/app_modz,793,2024-02-28 05:39:39,"❏ Premium Unlocked
❏ Optimized
❏ Architecture:- Arm8
❏ MOD By App_Modz",False,False,False,False,True,False,False,True,False,False,1550762529,,,,,,,,,13509.0,28.0,"{'_': 'MessageReplies', 'replies': 2, 'replies_pts': 23398, 'comments': True, 'recent_repliers': [{'_': 'PeerUser', 'user_id': 5026096700}], 'channel_id': 1700698764, 'max_id': 17503, 'read_max_id': None}",2024-02-28T05:41:19+00:00,,,"{'_': 'MessageReactions', 'results': [{'_': 'ReactionCount', 'reaction': {'_': 'ReactionEmoji', 'emoticon': '👍'}, 'count': 7, 'chosen_order': None}, {'_': 'ReactionCount', 'reaction': {'_': 'ReactionEmoji', 'emoticon': '❤'}, 'count': 3, 'chosen_order': None}, {'_': 'ReactionCount', 'reaction': {'_': 'ReactionEmoji', 'emoticon': '🕊'}, 'count': 1, 'chosen_order': None}], 'min': False, 'can_see_list': False, 'reactions_as_tags': False, 'recent_reactions': []}",[],
app_modz,https://t.me/app_modz,794,2024-02-28 05:39:49,"❏ Premium Unlocked
❏ Optimized
❏ <PERSON>
❏ MOD By App_Modz",False,False,False,False,True,False,False,True,False,False,1550762529,,,,,,,,,12464.0,9.0,"{'_': 'MessageReplies', 'replies': 0, 'replies_pts': 23398, 'comments': True, 'recent_repliers': [], 'channel_id': 1700698764, 'max_id': None, 'read_max_id': None}",2024-02-28T05:41:36+00:00,,,"{'_': 'MessageReactions', 'results': [{'_': 'ReactionCount', 'reaction': {'_': 'ReactionEmoji', 'emoticon': '👍'}, 'count': 4, 'chosen_order': None}, {'_': 'ReactionCount', 'reaction': {'_': 'ReactionEmoji', 'emoticon': '❤'}, 'count': 2, 'chosen_order': None}], 'min': False, 'can_see_list': False, 'reactions_as_tags': False, 'recent_reactions': []}",[],
app_modz,https://t.me/app_modz,795,2024-02-28 05:40:00,"❏ Premium Unlocked
❏ Optimized
❏ Architecture:- Arm8
❏ MOD By App_Modz",False,False,False,False,True,False,False,True,False,False,1550762529,,,,,,,,,11634.0,12.0,"{'_': 'MessageReplies', 'replies': 0, 'replies_pts': 23398, 'comments': True, 'recent_repliers': [], 'channel_id': 1700698764, 'max_id': None, 'read_max_id': None}",2024-02-28T05:41:33+00:00,,,"{'_': 'MessageReactions', 'results': [{'_': 'ReactionCount', 'reaction': {'_': 'ReactionEmoji', 'emoticon': '👍'}, 'count': 9, 'chosen_order': None}, {'_': 'ReactionCount', 'reaction': {'_': 'ReactionEmoji', 'emoticon': '❤'}, 'count': 3, 'chosen_order': None}], 'min': False, 'can_see_list': False, 'reactions_as_tags': False, 'recent_reactions': []}",[],
app_modz,https://t.me/app_modz,796,2024-02-28 05:40:11,"❏ Premium Unlocked
❏ Optimized
❏ Architecture:- Arm7 Arm8
❏ MOD By App_Modz",False,False,False,False,True,False,False,True,False,False,1550762529,,,,,,,,,11135.0,12.0,"{'_': 'MessageReplies', 'replies': 0, 'replies_pts': 23398, 'comments': True, 'recent_repliers': [], 'channel_id': 1700698764, 'max_id': None, 'read_max_id': None}",2024-02-28T05:40:18+00:00,,,"{'_': 'MessageReactions', 'results': [{'_': 'ReactionCount', 'reaction': {'_': 'ReactionEmoji', 'emoticon': '👍'}, 'count': 7, 'chosen_order': None}, {'_': 'ReactionCount', 'reaction': {'_': 'ReactionEmoji', 'emoticon': '❤'}, 'count': 2, 'chosen_order': None}], 'min': False, 'can_see_list': False, 'reactions_as_tags': False, 'recent_reactions': []}",[],
app_modz,https://t.me/app_modz,797,2024-02-28 05:40:19,"❏ Premium Unlocked
❏ Optimized
❏ <PERSON>
❏ MOD By App_Modz",False,False,False,False,True,False,False,True,False,False,1550762529,,,,,,,,,11528.0,15.0,"{'_': 'MessageReplies', 'replies': 0, 'replies_pts': 23398, 'comments': True, 'recent_repliers': [], 'channel_id': 1700698764, 'max_id': None, 'read_max_id': None}",2024-02-28T05:40:22+00:00,,,"{'_': 'MessageReactions', 'results': [{'_': 'ReactionCount', 'reaction': {'_': 'ReactionEmoji', 'emoticon': '👍'}, 'count': 9, 'chosen_order': None}, {'_': 'ReactionCount', 'reaction': {'_': 'ReactionEmoji', 'emoticon': '❤'}, 'count': 1, 'chosen_order': None}], 'min': False, 'can_see_list': False, 'reactions_as_tags': False, 'recent_reactions': []}",[],
app_modz,https://t.me/app_modz,798,2024-02-28 05:40:28,"❏ Premium Unlocked
❏ Optimized
❏ Architecture:- Arm8 
❏ MOD By App_Modz",False,False,False,False,True,False,False,True,False,False,1550762529,,,,,,,,,12325.0,20.0,"{'_': 'MessageReplies', 'replies': 1, 'replies_pts': 23398, 'comments': True, 'recent_repliers': [{'_': 'PeerUser', 'user_id': 728495513}], 'channel_id': 1700698764, 'max_id': 17537, 'read_max_id': None}",2024-02-28T05:41:24+00:00,,,"{'_': 'MessageReactions', 'results': [{'_': 'ReactionCount', 'reaction': {'_': 'ReactionEmoji', 'emoticon': '👍'}, 'count': 6, 'chosen_order': None}, {'_': 'ReactionCount', 'reaction': {'_': 'ReactionEmoji', 'emoticon': '🔥'}, 'count': 2, 'chosen_order': None}, {'_': 'ReactionCount', 'reaction': {'_': 'ReactionEmoji', 'emoticon': '❤'}, 'count': 1, 'chosen_order': None}], 'min': False, 'can_see_list': False, 'reactions_as_tags': False, 'recent_reactions': []}",[],
app_modz,https://t.me/app_modz,799,2024-02-28 05:40:36,"❏ Premium Unlocked
❏ Optimized
❏ <PERSON>
❏ MOD By App_Modz",False,False,False,False,True,False,False,True,False,False,1550762529,,,,,,,,,12430.0,11.0,"{'_': 'MessageReplies', 'replies': 0, 'replies_pts': 23398, 'comments': True, 'recent_repliers': [], 'channel_id': 1700698764, 'max_id': None, 'read_max_id': None}",2024-02-28T05:41:22+00:00,,,"{'_': 'MessageReactions', 'results': [{'_': 'ReactionCount', 'reaction': {'_': 'ReactionEmoji', 'emoticon': '👍'}, 'count': 4, 'chosen_order': None}, {'_': 'ReactionCount', 'reaction': {'_': 'ReactionEmoji', 'emoticon': '❤'}, 'count': 2, 'chosen_order': None}], 'min': False, 'can_see_list': False, 'reactions_as_tags': False, 'recent_reactions': []}",[],
app_modz,https://t.me/app_modz,800,2024-02-28 05:40:44,"❏ Premium Unlocked
❏ Optimized
❏ Architecture:- arm7
❏ MOD By App_Modz",False,False,False,False,True,False,False,True,False,False,1550762529,,,,,,,,,13592.0,19.0,"{'_': 'MessageReplies', 'replies': 0, 'replies_pts': 23398, 'comments': True, 'recent_repliers': [], 'channel_id': 1700698764, 'max_id': None, 'read_max_id': None}",2024-02-28T05:41:20+00:00,,,"{'_': 'MessageReactions', 'results': [{'_': 'ReactionCount', 'reaction': {'_': 'ReactionEmoji', 'emoticon': '👍'}, 'count': 6, 'chosen_order': None}, {'_': 'ReactionCount', 'reaction': {'_': 'ReactionEmoji', 'emoticon': '❤'}, 'count': 3, 'chosen_order': None}], 'min': False, 'can_see_list': False, 'reactions_as_tags': False, 'recent_reactions': []}",[],
app_modz,https://t.me/app_modz,801,2024-02-28 05:40:51,"❏ Premium Unlocked
❏ Optimized
❏ Architecture:- Arm8_arm7
❏ MOD By App_Modz",False,False,False,False,True,False,False,True,False,False,1550762529,,,,,,,,,13611.0,15.0,"{'_': 'MessageReplies', 'replies': 4, 'replies_pts': 23398, 'comments': True, 'recent_repliers': [{'_': 'PeerUser', 'user_id': 1701349847}, {'_': 'PeerUser', 'user_id': 7056014549}, {'_': 'PeerUser', 'user_id': 6749658932}], 'channel_id': 1700698764, 'max_id': 17726, 'read_max_id': None}",2024-02-28T05:41:18+00:00,,,"{'_': 'MessageReactions', 'results': [{'_': 'ReactionCount', 'reaction': {'_': 'ReactionEmoji', 'emoticon': '👍'}, 'count': 5, 'chosen_order': None}, {'_': 'ReactionCount', 'reaction': {'_': 'ReactionEmoji', 'emoticon': '❤'}, 'count': 2, 'chosen_order': None}], 'min': False, 'can_see_list': False, 'reactions_as_tags': False, 'recent_reactions': []}",[],
app_modz,https://t.me/app_modz,802,2024-02-28 05:41:02,"❏ Premium Unlocked
❏ Optimized
❏ Architecture:- arm7_arm8
❏ MOD By App_Modz",False,False,False,False,True,False,False,True,False,False,1550762529,,,,,,,,,14802.0,11.0,"{'_': 'MessageReplies', 'replies': 0, 'replies_pts': 23398, 'comments': True, 'recent_repliers': [], 'channel_id': 1700698764, 'max_id': None, 'read_max_id': None}",2024-02-28T05:41:16+00:00,,,"{'_': 'MessageReactions', 'results': [{'_': 'ReactionCount', 'reaction': {'_': 'ReactionEmoji', 'emoticon': '👍'}, 'count': 8, 'chosen_order': None}, {'_': 'ReactionCount', 'reaction': {'_': 'ReactionEmoji', 'emoticon': '❤'}, 'count': 2, 'chosen_order': None}], 'min': False, 'can_see_list': False, 'reactions_as_tags': False, 'recent_reactions': []}",[],
app_modz,https://t.me/app_modz,803,2024-02-28 05:41:09,"❏ Premium Unlocked
❏ Optimized
❏ <PERSON>
❏ MOD By App_Modz",False,False,False,False,True,False,False,True,False,False,1550762529,,,,,,,,,15466.0,14.0,"{'_': 'MessageReplies', 'replies': 1, 'replies_pts': 23398, 'comments': True, 'recent_repliers': [{'_': 'PeerUser', 'user_id': 6344408816}], 'channel_id': 1700698764, 'max_id': 17508, 'read_max_id': None}",2024-02-28T05:41:14+00:00,,,"{'_': 'MessageReactions', 'results': [{'_': 'ReactionCount', 'reaction': {'_': 'ReactionEmoji', 'emoticon': '👍'}, 'count': 6, 'chosen_order': None}, {'_': 'ReactionCount', 'reaction': {'_': 'ReactionEmoji', 'emoticon': '❤'}, 'count': 1, 'chosen_order': None}], 'min': False, 'can_see_list': False, 'reactions_as_tags': False, 'recent_reactions': []}",[],
app_modz,https://t.me/app_modz,804,2024-02-28 05:41:20,"<PERSON> v8.9.10.616 [Premium] [Mod Lite]
🅿️ │ Play Store / Official Site Link 
<PERSON>
☑ | Features & Mod Info <NRP>

◉ Listen to music and podcasts
◉ Enjoy amazing sound quality
◉ Audio & video & visual ads blocked
◉ Premium / Paid Features Unlocked 
◉ Multi Languages 
⚠️ | Note: Some server-side features Don't work!
<PERSON> DOWNLOAD LINKS
📥 : CLICK HERE TO DOWNLOAD  ✅

<PERSON>️ Tutorial : How To Download Mod",False,False,False,False,True,False,False,True,False,False,1550762529,,,,,,,6.145416263304854e+18,,17283.0,33.0,"{'_': 'MessageReplies', 'replies': 20, 'replies_pts': 23398, 'comments': True, 'recent_repliers': [{'_': 'PeerUser', 'user_id': 1491279049}, {'_': 'PeerUser', 'user_id': 5990084154}, {'_': 'PeerUser', 'user_id': 6684178956}], 'channel_id': 1700698764, 'max_id': 17699, 'read_max_id': None}",2024-02-28T05:41:51+00:00,,,"{'_': 'MessageReactions', 'results': [{'_': 'ReactionCount', 'reaction': {'_': 'ReactionEmoji', 'emoticon': '👍'}, 'count': 12, 'chosen_order': None}, {'_': 'ReactionCount', 'reaction': {'_': 'ReactionEmoji', 'emoticon': '❤'}, 'count': 7, 'chosen_order': None}], 'min': False, 'can_see_list': False, 'reactions_as_tags': False, 'recent_reactions': []}",[],
app_modz,https://t.me/app_modz,805,2024-02-28 05:41:29,"📱│<PERSON> v3.25.0 (Premium) MOD APK 
🅿️ │ Play Store / Official Site Link 
➖➖➖➖➖➖➖➖➖➖➖➖
🔰 | Features & Mod Info ✅

◉ Premium Features Unlocked
◉ Login Via Email OR number
◉ Full  Multi Languages 
◉ CPUs: Armeabi-v7a, Arm64-v8a 
➖➖➖➖➖➖➖➖➖➖➖➖
📎│ Direct Download Link  👇⬇️

📥  CLICK HERE TO DOWNLOAD MOD 

<PERSON>
🔄 ♻️  Tutorial : How To Download ⭐",False,False,False,False,True,False,False,True,False,False,1550762529,,,,,,,6.186198408004483e+18,,18013.0,36.0,"{'_': 'MessageReplies', 'replies': 32, 'replies_pts': 23398, 'comments': True, 'recent_repliers': [{'_': 'PeerUser', 'user_id': 5896306198}, {'_': 'PeerUser', 'user_id': 6508359670}, {'_': 'PeerUser', 'user_id': 5990084154}], 'channel_id': 1700698764, 'max_id': 17705, 'read_max_id': None}",2024-02-28T05:41:54+00:00,,,"{'_': 'MessageReactions', 'results': [{'_': 'ReactionCount', 'reaction': {'_': 'ReactionEmoji', 'emoticon': '👍'}, 'count': 28, 'chosen_order': None}, {'_': 'ReactionCount', 'reaction': {'_': 'ReactionEmoji', 'emoticon': '❤'}, 'count': 2, 'chosen_order': None}, {'_': 'ReactionCount', 'reaction': {'_': 'ReactionEmoji', 'emoticon': '🔥'}, 'count': 2, 'chosen_order': None}], 'min': False, 'can_see_list': False, 'reactions_as_tags': False, 'recent_reactions': []}",[],
app_modz,https://t.me/app_modz,809,2024-03-01 03:41:17,"🔥 Magis TV PRO Apk v5.12.0#Update

📺1200 TV channels.30,000+ series🎥 and movies🎬, exclusive sports content, content for children👶, and more.

It works with all types of Android devices, including cell phones📲, TV box, Fire TV stick, Mi stick, Smart TV 📺with Android system and computers 💻with emulator.

🏷   Premium Version
🟢   NO ads
🤩Supports 3 devices to log in at the same time.
👨‍💻Channels   and groups  provide <DATE_TIME> event updates, movies and newly added series 
🫂24-hour technical support.

📥 Download link :  
https://www.magispro.com/descargar?type=TURIN

When you register on the official website for the first time, you will get the free accounts that last for <DATE_TIME>.

👇🏻Registration link:
🔗https://www.magispro.com/index.php?route=account/register

🌟If you are willing to become RESELLER, they will give you free <DATE_TIME> and <DATE_TIME> accounts.
🔗https://t.me/magistvpro_venta",False,False,False,False,True,False,False,True,False,False,1550762529,,,,,,,5.972317519224095e+18,,9539.0,26.0,"{'_': 'MessageReplies', 'replies': 20, 'replies_pts': 23398, 'comments': True, 'recent_repliers': [{'_': 'PeerUser', 'user_id': 6543707275}, {'_': 'PeerUser', 'user_id': 6880186713}, {'_': 'PeerUser', 'user_id': 661457920}], 'channel_id': 1700698764, 'max_id': 17752, 'read_max_id': None}",2024-03-01T03:41:51+00:00,,,"{'_': 'MessageReactions', 'results': [{'_': 'ReactionCount', 'reaction': {'_': 'ReactionEmoji', 'emoticon': '👍'}, 'count': 20, 'chosen_order': None}, {'_': 'ReactionCount', 'reaction': {'_': 'ReactionEmoji', 'emoticon': '🔥'}, 'count': 1, 'chosen_order': None}], 'min': False, 'can_see_list': False, 'reactions_as_tags': False, 'recent_reactions': []}",[],
