Channel ID,URL,Post ID,date,message,out,mentioned,media_unread,silent,post,from_scheduled,legacy,edit_hide,pinned,noforwards,peer_channel,from_id_user,fwd_from,via_bot_id,reply_to_msg_id,reply_to_scheduled,forum_topic,media_photo_id,reply_markup,views,forwards,replies,edit_date,post_author,grouped_id,reactions,restriction_reason,ttl_period
balatan_mods,https://t.me/balatan_mods,4075,2024-02-23 23:00:10,"☰ FilmPlus v1.9.9r [Mod Lite]

⚙️ <PERSON>: Android 4.4 and up

ℹ️ Overview: Fast & free movies and tv shows.

🔗 App Info: Source

❏ Read Mod Info: Click Here

★ Release by Balatan

🔄 Channel ➜ @Mixrootmods",False,False,False,False,True,False,False,True,False,False,1852176756,,,,,,,,,1550,9,,2024-02-23T23:07:25+00:00,,,"{'_': 'MessageReactions', 'results': [{'_': 'ReactionCount', 'reaction': {'_': 'ReactionEmoji', 'emoticon': '👍'}, 'count': 6, 'chosen_order': None}], 'min': False, 'can_see_list': False, 'reactions_as_tags': False, 'recent_reactions': []}",[],
balatan_mods,https://t.me/balatan_mods,4076,2024-02-23 23:00:17,BPlayer v1.3.1,False,False,False,False,True,False,False,True,False,False,1852176756,,,,,,,,,1522,6,,2024-02-24T01:53:13+00:00,,,"{'_': 'MessageReactions', 'results': [{'_': 'ReactionCount', 'reaction': {'_': 'ReactionEmoji', 'emoticon': '❤'}, 'count': 4, 'chosen_order': None}, {'_': 'ReactionCount', 'reaction': {'_': 'ReactionEmoji', 'emoticon': '👍'}, 'count': 1, 'chosen_order': None}], 'min': False, 'can_see_list': False, 'reactions_as_tags': False, 'recent_reactions': []}",[],
balatan_mods,https://t.me/balatan_mods,4077,2024-02-23 23:00:25,"☰ ES File Explorer File Manager v4.<IP_ADDRESS> [Premium] [Mod Lite]

⚙️ <PERSON>: Android 4.4 and up

ℹ️ Overview: Free, Safe, Simple, Manage your files efficiently and easily with ES File Explorer (File Manager)!

🅿️ App Info: Play Store

◉ CPUs: armeabi-v7a

❏ Read Mod Info: Click Here

★ Release by Balatan

🔄 Channel ➜ @Mixrootmods",False,False,False,False,True,False,False,True,False,False,1852176756,,,,,,,,,1494,6,,2024-02-23T23:07:26+00:00,,,"{'_': 'MessageReactions', 'results': [{'_': 'ReactionCount', 'reaction': {'_': 'ReactionEmoji', 'emoticon': '👍'}, 'count': 9, 'chosen_order': None}, {'_': 'ReactionCount', 'reaction': {'_': 'ReactionEmoji', 'emoticon': '🥰'}, 'count': 2, 'chosen_order': None}], 'min': False, 'can_see_list': False, 'reactions_as_tags': False, 'recent_reactions': []}",[],
balatan_mods,https://t.me/balatan_mods,4078,2024-02-23 23:00:32,◉ CPU: arm64-v8a,False,False,False,False,True,False,False,True,False,False,1852176756,,,,,,,,,1476,12,,2024-02-24T01:53:18+00:00,,,"{'_': 'MessageReactions', 'results': [{'_': 'ReactionCount', 'reaction': {'_': 'ReactionEmoji', 'emoticon': '❤'}, 'count': 5, 'chosen_order': None}, {'_': 'ReactionCount', 'reaction': {'_': 'ReactionEmoji', 'emoticon': '👍'}, 'count': 4, 'chosen_order': None}], 'min': False, 'can_see_list': False, 'reactions_as_tags': False, 'recent_reactions': []}",[],
balatan_mods,https://t.me/balatan_mods,4079,2024-02-23 23:00:40,"#Tools
☰ <PERSON> Premium - system info v4.6.2 build 337 [Paid] [Mod Extra]

⚙️ <PERSON>: Android 6.0 and up

ℹ️ Overview: Learn the vast amount of system information about device and monitor it's state

🅿️ App Info: Play Store

❏ Read Mod Info: Click Here

★ Release by Balatan

🔄 Channel ➜ @Mixrootmods",False,False,False,False,True,False,False,True,False,False,1852176756,,,,,,,,,1505,5,,2024-02-23T23:07:27+00:00,,,"{'_': 'MessageReactions', 'results': [{'_': 'ReactionCount', 'reaction': {'_': 'ReactionEmoji', 'emoticon': '👍'}, 'count': 9, 'chosen_order': None}, {'_': 'ReactionCount', 'reaction': {'_': 'ReactionEmoji', 'emoticon': '❤'}, 'count': 2, 'chosen_order': None}], 'min': False, 'can_see_list': False, 'reactions_as_tags': False, 'recent_reactions': []}",[],
balatan_mods,https://t.me/balatan_mods,4080,2024-02-23 23:00:48,"#Health
☰ Bluelight Filter for Eye Care v5.5.10 [Unlocked] [Mod Extra]

⚙️ <PERSON>: Android 4.4 and up

ℹ️ Overview: Automatically adjust screen color according to external light to protect eyes

🅿️ App Info: Play Store

❏ Read Mod Info: Click Here

★ Release by Balatan

🔄 Channel ➜ @Mixrootmods",False,False,False,False,True,False,False,True,False,False,1852176756,,,,,,,,,1488,4,,2024-02-23T23:07:29+00:00,,,"{'_': 'MessageReactions', 'results': [{'_': 'ReactionCount', 'reaction': {'_': 'ReactionEmoji', 'emoticon': '👍'}, 'count': 5, 'chosen_order': None}], 'min': False, 'can_see_list': False, 'reactions_as_tags': False, 'recent_reactions': []}",[],
balatan_mods,https://t.me/balatan_mods,4081,2024-02-23 23:00:55,"☰ BeeTV v3.8.0 [Mod Extra]

⚙️ <PERSON>: Android 4.4 and up

ℹ️ Overview: Watch movies & tv shows for free on Android device, Amazon Fire Stick, Fire TV, Nvidia Shield, etc.

🔗 App Info: Source

❏ Read Mod Info: Click Here

★ Release by Balatan

🔄 Channel ➜ @Mixrootmods",False,False,False,False,True,False,False,True,False,False,1852176756,,,,,,,,,1564,6,,2024-02-24T01:54:11+00:00,,,"{'_': 'MessageReactions', 'results': [{'_': 'ReactionCount', 'reaction': {'_': 'ReactionEmoji', 'emoticon': '❤'}, 'count': 4, 'chosen_order': None}, {'_': 'ReactionCount', 'reaction': {'_': 'ReactionEmoji', 'emoticon': '👍'}, 'count': 1, 'chosen_order': None}], 'min': False, 'can_see_list': False, 'reactions_as_tags': False, 'recent_reactions': []}",[],
balatan_mods,https://t.me/balatan_mods,4082,2024-02-23 23:01:01,HB Player v1.1.6,False,False,False,False,True,False,False,True,False,False,1852176756,,,,,,,,,1507,6,,2024-02-25T06:30:29+00:00,,,"{'_': 'MessageReactions', 'results': [{'_': 'ReactionCount', 'reaction': {'_': 'ReactionEmoji', 'emoticon': '👍'}, 'count': 1, 'chosen_order': None}], 'min': False, 'can_see_list': False, 'reactions_as_tags': False, 'recent_reactions': []}",[],
balatan_mods,https://t.me/balatan_mods,4083,2024-02-23 23:01:22,"#Health
☰ Balance: Meditation & Sleep v1.113.0 [Subscribed] [Mod Extra]

⚙️ <PERSON>: Android 5.0 and up

ℹ️ Overview: Get a free year of anxiety relief. Meditate, breathe, focus, and calm your mind.

🅿️ App Info: Play Store

❏ Read Mod Info: Click Here

★ Release by Balatan

🔄 Channel ➜ @Mixrootmods",False,False,False,False,True,False,False,True,False,False,1852176756,,,,,,,,,1569,4,,2024-02-24T01:54:15+00:00,,,"{'_': 'MessageReactions', 'results': [{'_': 'ReactionCount', 'reaction': {'_': 'ReactionEmoji', 'emoticon': '❤'}, 'count': 3, 'chosen_order': None}, {'_': 'ReactionCount', 'reaction': {'_': 'ReactionEmoji', 'emoticon': '👍'}, 'count': 1, 'chosen_order': None}], 'min': False, 'can_see_list': False, 'reactions_as_tags': False, 'recent_reactions': []}",[],
balatan_mods,https://t.me/balatan_mods,4084,2024-02-23 23:01:40,"#Business
☰ Email Aqua Mail - Fast, Secure v1.50.0 build <US_PASSPORT> [Pro] [Mod Extra]

⚙️ <PERSON>: Android 5.0 and up

ℹ️ Overview: Email client for Gmail, Yahoo, Outlook, Hotmail, GMX, AOL, IMAP, <PERSON>, Office365

🅿️ App Info: Play Store

❏ Read Mod Info: Click Here

★ Release by Balatan

🔄 Channel ➜ @Mixrootmods",False,False,False,False,True,False,False,True,False,False,1852176756,,,,,,,,,1634,7,,2024-02-24T01:54:19+00:00,,,"{'_': 'MessageReactions', 'results': [{'_': 'ReactionCount', 'reaction': {'_': 'ReactionEmoji', 'emoticon': '❤'}, 'count': 5, 'chosen_order': None}, {'_': 'ReactionCount', 'reaction': {'_': 'ReactionEmoji', 'emoticon': '👍'}, 'count': 2, 'chosen_order': None}, {'_': 'ReactionCount', 'reaction': {'_': 'ReactionEmoji', 'emoticon': '🔥'}, 'count': 2, 'chosen_order': None}], 'min': False, 'can_see_list': False, 'reactions_as_tags': False, 'recent_reactions': []}",[],
balatan_mods,https://t.me/balatan_mods,4085,2024-02-23 23:01:52,"#Health
☰ adidas Running: Run Tracker v13.28 [Premium] [Mod Extra]

⚙️ <PERSON>: Android 8.0 and up

ℹ️ Overview: Start '24 right with adidas Running: activity tracker for health and fitness

🅿️ App Info: Play Store

❏ Read Mod Info: Click Here

★ Release by Balatan

🔄 Channel ➜ @Mixrootmods",False,False,False,False,True,False,False,True,False,False,1852176756,,,,,,,,,1837,4,,2024-02-23T23:41:50+00:00,,,"{'_': 'MessageReactions', 'results': [{'_': 'ReactionCount', 'reaction': {'_': 'ReactionEmoji', 'emoticon': '👍'}, 'count': 6, 'chosen_order': None}], 'min': False, 'can_see_list': False, 'reactions_as_tags': False, 'recent_reactions': []}",[],
balatan_mods,https://t.me/balatan_mods,4086,2024-02-23 23:02:04,"#Health
☰ <PERSON> v9.2.5.1 [Premium] [Mod Extra]

⚙️ <PERSON>: Android 6.0 and up

ℹ️ Overview: Set up your <DATE_TIME> goals and step towards a healthier you.

🅿️ App Info: Play Store

❏ Read Mod Info: Click Here

★ Release by Balatan

🔄 Channel ➜ @Mixrootmods",False,False,False,False,True,False,False,True,False,False,1852176756,,,,,,,,,1871,2,,2024-02-24T01:55:04+00:00,,,"{'_': 'MessageReactions', 'results': [{'_': 'ReactionCount', 'reaction': {'_': 'ReactionEmoji', 'emoticon': '👍'}, 'count': 4, 'chosen_order': None}, {'_': 'ReactionCount', 'reaction': {'_': 'ReactionEmoji', 'emoticon': '❤'}, 'count': 2, 'chosen_order': None}], 'min': False, 'can_see_list': False, 'reactions_as_tags': False, 'recent_reactions': []}",[],
balatan_mods,https://t.me/balatan_mods,4089,2024-02-23 23:02:40,"#Entertainment
☰ SeriesGuide – Show & Movie Manager v72.0.1 [Beta] [Premium] [Mod]

⚙️ <PERSON>: Android 5.0 and up

ℹ️ Overview: Keep track of your favorite TV shows and movies.

🅿️ App Info: Play Store

❏ Read Mod Info: Click Here

★ Release by Balatan

🔄 Channel ➜ @Mixrootmods",False,False,False,False,True,False,False,True,False,False,1852176756,,,,,,,,,2927,3,,2024-02-23T23:13:25+00:00,,,"{'_': 'MessageReactions', 'results': [{'_': 'ReactionCount', 'reaction': {'_': 'ReactionEmoji', 'emoticon': '👍'}, 'count': 4, 'chosen_order': None}, {'_': 'ReactionCount', 'reaction': {'_': 'ReactionEmoji', 'emoticon': '❤'}, 'count': 1, 'chosen_order': None}], 'min': False, 'can_see_list': False, 'reactions_as_tags': False, 'recent_reactions': []}",[],
balatan_mods,https://t.me/balatan_mods,4090,2024-02-24 10:05:41,"#Entertainment
☰ SeriesGuide – Show & Movie Manager v72.0.2 [Beta] [Premium] [Mod]

⚙️ <PERSON>: Android 5.0 and up

ℹ️ Overview: Keep track of your favorite TV shows and movies.

🅿️ App Info: Play Store

❏ Read Mod Info: Click Here

★ Release by Balatan

🔄 Channel ➜ @Mixrootmods",False,False,False,False,True,False,False,True,False,False,1852176756,,,,,,,,,2605,3,,2024-02-24T10:06:03+00:00,,,"{'_': 'MessageReactions', 'results': [{'_': 'ReactionCount', 'reaction': {'_': 'ReactionEmoji', 'emoticon': '👍'}, 'count': 6, 'chosen_order': None}, {'_': 'ReactionCount', 'reaction': {'_': 'ReactionEmoji', 'emoticon': '🥴'}, 'count': 2, 'chosen_order': None}], 'min': False, 'can_see_list': False, 'reactions_as_tags': False, 'recent_reactions': []}",[],
balatan_mods,https://t.me/balatan_mods,4091,2024-02-25 08:19:08,"#Health
☰ Calorie Counter - MyFitnessPal v24.7.0 [Subscribed] [Mod Extra]

⚙️ <PERSON>: Android 9 and up

ℹ️ Overview: Join over 200 million goal-getters on the road to wellness <DATE_TIME>!

🅿️ App Info: Play Store

❏ Read Mod Info: Click Here

★ Release by Balatan

🔄 Channel ➜ @Mixrootmods",False,False,False,False,True,False,False,False,False,False,1852176756,,,,,,,,,202,3,,,,,,[],
balatan_mods,https://t.me/balatan_mods,4092,2024-02-25 08:19:24,"#Education
☰ Lumosity: Brain Training v2024.02.15.2500033 [Subscribed] [Mod Extra]

⚙️ <PERSON>: Android 5.0 and up

ℹ️ Overview: Train your cognition with games that target memory, reasoning, and more.

🅿️ App Info: Play Store

❏ Read Mod Info: Click Here

★ Release by Balatan

🔄 Channel ➜ @Mixrootmods",False,False,False,False,True,False,False,False,False,False,1852176756,,,,,,,,,247,3,,,,,,[],
balatan_mods,https://t.me/balatan_mods,4093,2024-02-25 08:19:38,"#Social
☰ Friendly Social Browser v8.2.1 [Premium] [Mod Extra]

⚙️ <PERSON>: Android 5.0 and up

ℹ️ Overview: All in one social app. Facebook, Instagram, Twitter and more. Stop the ads!

🅿️ App Info: Play Store

❏ Read Mod Info: Click Here

★ Release by Balatan

🔄 Channel ➜ @Mixrootmods",False,False,False,False,True,False,False,False,False,False,1852176756,,,,,,,,,177,3,,,,,,[],
balatan_mods,https://t.me/balatan_mods,4094,2024-02-25 08:20:14,"#Health
☰ <PERSON>: Fitness, Home Workout v1.66.2 [Unlocked] [Mod Extra]

⚙️ <PERSON>: Android 8.0 and up

ℹ️ Overview: Your personal workout app. Workout routines & training plan at home.

🅿️ App Info: Play Store

❏ Read Mod Info: Click Here

★ Release by Balatan

🔄 Channel ➜ @Mixrootmods",False,False,False,False,True,False,False,True,False,False,1852176756,,,,,,,,,172,2,,2024-02-25T08:24:05+00:00,,,"{'_': 'MessageReactions', 'results': [{'_': 'ReactionCount', 'reaction': {'_': 'ReactionEmoji', 'emoticon': '👍'}, 'count': 1, 'chosen_order': None}], 'min': False, 'can_see_list': False, 'reactions_as_tags': False, 'recent_reactions': []}",[],
balatan_mods,https://t.me/balatan_mods,4095,2024-02-25 08:20:50,"#Tools
☰ Turbo Alarm: Alarm Clock v9.1.4 [Pro] [Mod Extra]

⚙️ <PERSON>: Android 5.0 and up

ℹ️ Overview: Taste your new wake-up. Finally, the ultimate alarm clock.

🅿️ App Info: Play Store

❏ Read Mod Info: Click Here

★ Release by Balatan

🔄 Channel ➜ @Mixrootmods",False,False,False,False,True,False,False,True,False,False,1852176756,,,,,,,,,168,2,,2024-02-25T08:21:02+00:00,,,"{'_': 'MessageReactions', 'results': [{'_': 'ReactionCount', 'reaction': {'_': 'ReactionEmoji', 'emoticon': '🔥'}, 'count': 1, 'chosen_order': None}], 'min': False, 'can_see_list': False, 'reactions_as_tags': False, 'recent_reactions': []}",[],
balatan_mods,https://t.me/balatan_mods,4096,2024-02-25 08:20:58,"☰ <PERSON> [Mod Extra]

⚙️ <PERSON>: Android 4.4 and up

ℹ️ Overview: Watch movies & tv shows for free on Android device, Amazon Fire TV, Nvidia Shield, etc.

🔗 App Info: Source

❏ Read Mod Info: Click Here

★ Release by Balatan

🔄 Channel ➜ @Mixrootmods",False,False,False,False,True,False,False,True,False,False,1852176756,,,,,,,,,340,6,,2024-02-25T08:21:04+00:00,,,"{'_': 'MessageReactions', 'results': [{'_': 'ReactionCount', 'reaction': {'_': 'ReactionEmoji', 'emoticon': '🔥'}, 'count': 1, 'chosen_order': None}], 'min': False, 'can_see_list': False, 'reactions_as_tags': False, 'recent_reactions': []}",[],
balatan_mods,https://t.me/balatan_mods,4097,2024-02-25 08:21:03,BPlayer v1.3.1,False,False,False,False,True,False,False,True,False,False,1852176756,,,,,,,,,336,3,,2024-02-25T08:21:09+00:00,,,"{'_': 'MessageReactions', 'results': [{'_': 'ReactionCount', 'reaction': {'_': 'ReactionEmoji', 'emoticon': '🔥'}, 'count': 1, 'chosen_order': None}], 'min': False, 'can_see_list': False, 'reactions_as_tags': False, 'recent_reactions': []}",[],
balatan_mods,https://t.me/balatan_mods,4098,2024-02-25 08:21:10,"#Tools
☰ Device Info: System & CPU Info v3.<DATE_TIME> [Donate] [Mod Extra]

⚙️ <PERSON>: Android 6.0 and up

ℹ️ Overview: View details of CPU, RAM, OS, Sensors, Storage, Display, Camera, Battery, Apps

🅿️ App Info: Play Store

❏ Read Mod Info: Click Here

★ Release by Balatan

🔄 Channel ➜ @Mixrootmods",False,False,False,False,True,False,False,True,False,False,1852176756,,,,,,,,,161,6,,2024-02-25T08:22:44+00:00,,,"{'_': 'MessageReactions', 'results': [], 'min': False, 'can_see_list': False, 'reactions_as_tags': False, 'recent_reactions': []}",[],
balatan_mods,https://t.me/balatan_mods,4099,2024-02-25 08:21:20,"#Tools
☰ Avast Cleanup – Phone Cleaner v24.04.0 build <DATE_TIME> [Pro] [Mod Extra]

⚙️ <PERSON>: Android 8.0 and up

ℹ️ Overview: Storage Cleaner: Clear junk to make space on your device

🅿️ App Info: Play Store

❏ Read Mod Info: Click Here

★ Release by Balatan

🔄 Channel ➜ @Mixrootmods",False,False,False,False,True,False,False,False,False,False,1852176756,,,,,,,,,163,2,,,,,,[],
balatan_mods,https://t.me/balatan_mods,4100,2024-02-25 08:21:29,"#Tools
☰ Ampere v4.15 [Pro] [Mod Lite]

⚙️ <PERSON>: Android 5.0 and up

ℹ️ Overview: Measure the charging and discharging current of your battery.

🅿️ App Info: Play Store

❏ Read Mod Info: Click Here

★ Release by Balatan

🔄 Channel ➜ @Mixrootmods",False,False,False,False,True,False,False,False,False,False,1852176756,,,,,,,,,162,3,,,,,,[],
balatan_mods,https://t.me/balatan_mods,4103,2024-02-25 08:21:54,"#Photography
☰ Photo Lab PRO Picture Editor v3.13.0 [Paid] [Mod Extra]

⚙️ <PERSON>: Android 5.1 and up

ℹ️ Overview: Fantastic photo frames, filters, effects, collages and montages for your images!

🅿️ App Info: Play Store

❏ Read Mod Info: Click Here

★ Release by Balatan

🔄 Channel ➜ @Mixrootmods",False,False,False,False,True,False,False,True,False,False,1852176756,,,,,,,,,176,2,,2024-02-25T08:44:12+00:00,,,"{'_': 'MessageReactions', 'results': [{'_': 'ReactionCount', 'reaction': {'_': 'ReactionEmoji', 'emoticon': '❤'}, 'count': 1, 'chosen_order': None}], 'min': False, 'can_see_list': False, 'reactions_as_tags': False, 'recent_reactions': []}",[],
balatan_mods,https://t.me/balatan_mods,4104,2024-02-25 08:23:22,"#Education
☰ Drops: Language Learning Games v38.15 [Premium] [Mod Extra]

⚙️ <PERSON>: Android 7.0 and up

ℹ️ Overview: Learn languages & vocabulary fast - Spanish, <NRP>, <NRP>, French, English.

🅿️ App Info: Play Store

❏ Read Mod Info: Click Here

★ Release by Balatan

🔄 Channel ➜ @Mixrootmods",False,False,False,False,True,False,False,True,False,False,1852176756,,,,,,,,,161,5,,2024-02-25T08:46:03+00:00,,,"{'_': 'MessageReactions', 'results': [{'_': 'ReactionCount', 'reaction': {'_': 'ReactionEmoji', 'emoticon': '👍'}, 'count': 1, 'chosen_order': None}], 'min': False, 'can_see_list': False, 'reactions_as_tags': False, 'recent_reactions': []}",[],
balatan_mods,https://t.me/balatan_mods,4105,2024-02-25 08:24:43,"#Video_Players
☰ Web Video Cast | Browser to TV v5.10.0 build 4896 [Premium] [Mod Extra]

⚙️ <PERSON>: Android 5.0 and up

ℹ️ Overview: Cast movies, tv shows and live streams to Chromecast, Roku, DLNA, Fire TV & more

🅿️ App Info: Play Store

❏ Read Mod Info: Click Here

★ Release by Balatan

🔄 Channel ➜ @Mixrootmods",False,False,False,False,True,False,False,False,False,False,1852176756,,,,,,,,,155,3,,,,,,[],
balatan_mods,https://t.me/balatan_mods,4106,2024-02-25 08:24:57,"#Tools
☰ GPS Data v2.5.02 [Premium] [Mod Extra]

⚙️ <PERSON>: Android 4.4 and up

ℹ️ Overview: Check GPS coordinates, altitude, speed, location and all other GPS data.

🅿️ App Info: Play Store

❏ Read Mod Info: Click Here

★ Release by Balatan

🔄 Channel ➜ @Mixrootmods",False,False,False,False,True,False,False,True,False,False,1852176756,,,,,,,,,147,6,,2024-02-25T08:32:11+00:00,,,"{'_': 'MessageReactions', 'results': [{'_': 'ReactionCount', 'reaction': {'_': 'ReactionEmoji', 'emoticon': '👍'}, 'count': 1, 'chosen_order': None}], 'min': False, 'can_see_list': False, 'reactions_as_tags': False, 'recent_reactions': []}",[],
balatan_mods,https://t.me/balatan_mods,4160,2024-02-27 21:34:18,"#Music
☰ TuneIn Radio Pro - Live Radio v33.5 [Paid] [Mod Extra]

⚙️ <PERSON>: Android 5.0 and up

ℹ️ Overview: Live Sports, Ad Free News & Talk, DJ Curated Music, Podcasts and AM & FM Radio

🅿️ App Info: Play Store

❏ Read Mod Info: Click Here

★ Release by Balatan

🔄 Channel ➜ @Mixrootmods",False,False,False,False,True,False,False,True,False,False,1852176756,,,,,,,,,2011,7,,2024-02-27T21:34:59+00:00,,,"{'_': 'MessageReactions', 'results': [{'_': 'ReactionCount', 'reaction': {'_': 'ReactionEmoji', 'emoticon': '👍'}, 'count': 12, 'chosen_order': None}, {'_': 'ReactionCount', 'reaction': {'_': 'ReactionEmoji', 'emoticon': '🥰'}, 'count': 1, 'chosen_order': None}], 'min': False, 'can_see_list': False, 'reactions_as_tags': False, 'recent_reactions': []}",[],
balatan_mods,https://t.me/balatan_mods,4161,2024-02-27 21:34:29,"#Maps
☰ All-In-One Offline Maps v3.15 [Plus] [Mod Extra]

⚙️ <PERSON>: Android 2.1 and up

ℹ️ Overview: OfflineMaps offers you to access a wide range of maps!

🅿️ App Info: Play Store

❏ Read Mod Info: Click Here

★ Release by Balatan

🔄 Channel ➜ @Mixrootmods",False,False,False,False,True,False,False,True,False,False,1852176756,,,,,,,,,2060,15,,2024-02-27T21:35:01+00:00,,,"{'_': 'MessageReactions', 'results': [{'_': 'ReactionCount', 'reaction': {'_': 'ReactionEmoji', 'emoticon': '👍'}, 'count': 15, 'chosen_order': None}, {'_': 'ReactionCount', 'reaction': {'_': 'ReactionEmoji', 'emoticon': '❤'}, 'count': 2, 'chosen_order': None}], 'min': False, 'can_see_list': False, 'reactions_as_tags': False, 'recent_reactions': []}",[],
balatan_mods,https://t.me/balatan_mods,4163,2024-02-27 21:34:45,SL Bridge: v4 build 4 Mod v2,False,False,False,False,True,False,False,True,False,False,1852176756,,,,,,,,,2186,9,,2024-02-27T21:35:06+00:00,,,"{'_': 'MessageReactions', 'results': [{'_': 'ReactionCount', 'reaction': {'_': 'ReactionEmoji', 'emoticon': '👍'}, 'count': 8, 'chosen_order': None}, {'_': 'ReactionCount', 'reaction': {'_': 'ReactionEmoji', 'emoticon': '🥰'}, 'count': 3, 'chosen_order': None}], 'min': False, 'can_see_list': False, 'reactions_as_tags': False, 'recent_reactions': []}",[],
balatan_mods,https://t.me/balatan_mods,4164,2024-02-28 08:32:25,"#Music
☰ TuneIn Radio Pro - Live Radio v33.5.2 [Paid]

⚙️ <PERSON>: Android 5.0 and up

ℹ️ Overview: Live Sports, Ad Free News & Talk, DJ Curated Music, Podcasts and AM & FM Radio

🅿️ App Info: Play Store

❏ Read Mod Info: Click Here

★ Release by Balatan

🔄 Channel ➜ @Mixrootmods",False,False,False,False,True,False,False,True,False,False,1852176756,,,,,,,,,3415,15,,2024-02-28T08:34:37+00:00,,,"{'_': 'MessageReactions', 'results': [{'_': 'ReactionCount', 'reaction': {'_': 'ReactionEmoji', 'emoticon': '👍'}, 'count': 11, 'chosen_order': None}], 'min': False, 'can_see_list': False, 'reactions_as_tags': False, 'recent_reactions': []}",[],
balatan_mods,https://t.me/balatan_mods,4165,2024-02-28 14:05:42,"#Productivity
☰ Genius Scan Enterprise v7.15.0 build <DATE_TIME> [Paid]

⚙️ <PERSON>: Android 5.0 and up

ℹ️ Overview: Genius Scan is a document scanner app in your pocket.

🅿️ App Info: Play Store

❏ Read Mod Info: Click Here

★ Release by Balatan

🔄 Channel ➜ @Mixrootmods",False,False,False,False,True,False,False,True,False,False,1852176756,,,,,,,,,2047,15,,2024-02-28T14:40:21+00:00,,,"{'_': 'MessageReactions', 'results': [{'_': 'ReactionCount', 'reaction': {'_': 'ReactionEmoji', 'emoticon': '👍'}, 'count': 13, 'chosen_order': None}], 'min': False, 'can_see_list': False, 'reactions_as_tags': False, 'recent_reactions': []}",[],
balatan_mods,https://t.me/balatan_mods,4166,2024-02-28 14:05:54,"#Video_Players
☰ Flud+ v1.11.2 [Paid] [Patched] [Mod Extra]

⚙️ <PERSON>: Android 7.0 and up

ℹ️ Overview: Flud is a simple and beautiful BitTorrent client for Android.

🅿️ App Info: Play Store

❏ Read Mod Info: Click Here

★ Release by Balatan

🔄 Channel ➜ @Mixrootmods",False,False,False,False,True,False,False,True,False,False,1852176756,,,,,,,,,2017,10,,2024-02-28T14:06:03+00:00,,,"{'_': 'MessageReactions', 'results': [{'_': 'ReactionCount', 'reaction': {'_': 'ReactionEmoji', 'emoticon': '👍'}, 'count': 12, 'chosen_order': None}], 'min': False, 'can_see_list': False, 'reactions_as_tags': False, 'recent_reactions': []}",[],
balatan_mods,https://t.me/balatan_mods,4167,2024-02-29 01:12:18,"#Education
☰ Learn 50 Languages v15.2 [Unlocked] [Mod Extra]

⚙️ <PERSON>: Android 6.0 and up

ℹ️ Overview: Learn 50 languages fast using your native language!

🅿️ App Info: Play Store

❏ Read Mod Info: Click Here

★ Release by Balatan

🔄 Channel ➜ @Mixrootmods",False,False,False,False,True,False,False,True,False,False,1852176756,,,,,,,,,1765,10,,2024-02-29T01:13:29+00:00,,,"{'_': 'MessageReactions', 'results': [{'_': 'ReactionCount', 'reaction': {'_': 'ReactionEmoji', 'emoticon': '👍'}, 'count': 9, 'chosen_order': None}, {'_': 'ReactionCount', 'reaction': {'_': 'ReactionEmoji', 'emoticon': '🔥'}, 'count': 1, 'chosen_order': None}], 'min': False, 'can_see_list': False, 'reactions_as_tags': False, 'recent_reactions': []}",[],
balatan_mods,https://t.me/balatan_mods,4168,2024-02-29 01:12:29,"#Maps
☰ Circuit Route Planner v3.26.2 [Premium] [Mod Extra]

⚙️ <PERSON>: Android 6.0 and up

ℹ️ Overview: Optimize your route. Finish work faster and get home earlier.

🅿️ App Info: Play Store

❏ Read Mod Info: Click Here

★ Release by Balatan

🔄 Channel ➜ @Mixrootmods",False,False,False,False,True,False,False,True,False,False,1852176756,,,,,,,,,1722,11,,2024-02-29T09:01:57+00:00,,,"{'_': 'MessageReactions', 'results': [{'_': 'ReactionCount', 'reaction': {'_': 'ReactionEmoji', 'emoticon': '👍'}, 'count': 2, 'chosen_order': None}], 'min': False, 'can_see_list': False, 'reactions_as_tags': False, 'recent_reactions': []}",[],
balatan_mods,https://t.me/balatan_mods,4169,2024-02-29 01:12:41,"#Productivity
☰ Swiftly switch - Pro v3.7.9 [Paid]

⚙️ <PERSON>: Android 5.0 and up

ℹ️ Overview: Uninstall the free version first if you encounter 505 error when installing

🅿️ App Info: Play Store

❏ Read Mod Info: Click Here

★ Release by Balatan

🔄 Channel ➜ @Mixrootmods",False,False,False,False,True,False,False,True,False,False,1852176756,,,,,,,,,1585,11,,2024-02-29T01:48:11+00:00,,,"{'_': 'MessageReactions', 'results': [{'_': 'ReactionCount', 'reaction': {'_': 'ReactionEmoji', 'emoticon': '👍'}, 'count': 10, 'chosen_order': None}, {'_': 'ReactionCount', 'reaction': {'_': 'ReactionEmoji', 'emoticon': '🔥'}, 'count': 3, 'chosen_order': None}, {'_': 'ReactionCount', 'reaction': {'_': 'ReactionEmoji', 'emoticon': '❤'}, 'count': 2, 'chosen_order': None}], 'min': False, 'can_see_list': False, 'reactions_as_tags': False, 'recent_reactions': []}",[],
balatan_mods,https://t.me/balatan_mods,4170,2024-02-29 01:12:52,"#Photography
☰ Retrica v7.6.0 [Premium] [Mod Extra]

⚙️ <PERSON>: Android 5.0 and up

ℹ️ Overview: The catalyst of great photos.

🅿️ App Info: Play Store

❏ Read Mod Info: Click Here

★ Release by Balatan

🔄 Channel ➜ @Mixrootmods",False,False,False,False,True,False,False,True,False,False,1852176756,,,,,,,,,2602,9,,2024-02-29T09:02:09+00:00,,,"{'_': 'MessageReactions', 'results': [{'_': 'ReactionCount', 'reaction': {'_': 'ReactionEmoji', 'emoticon': '👍'}, 'count': 3, 'chosen_order': None}], 'min': False, 'can_see_list': False, 'reactions_as_tags': False, 'recent_reactions': []}",[],
balatan_mods,https://t.me/balatan_mods,4171,2024-02-29 01:13:02,"#Music
☰ Volume Control v6.1.3 [Premium] [Mod Extra]

⚙️ <PERSON>: Android 4.4 and up

ℹ️ Overview: This is an amazing app that lets you take control of your device’s volume.

🅿️ App Info: Play Store

❏ Read Mod Info: Click Here

★ Release by Balatan

🔄 Channel ➜ @Mixrootmods",False,False,False,False,True,False,False,True,False,False,1852176756,,,,,,,,,1576,11,,2024-02-29T02:27:22+00:00,,,"{'_': 'MessageReactions', 'results': [{'_': 'ReactionCount', 'reaction': {'_': 'ReactionEmoji', 'emoticon': '👍'}, 'count': 8, 'chosen_order': None}], 'min': False, 'can_see_list': False, 'reactions_as_tags': False, 'recent_reactions': []}",[],
balatan_mods,https://t.me/balatan_mods,4172,2024-02-29 01:13:12,"#News
☰ The New York Times v10.48.0 [Subscribed] [Mod Extra]

⚙️ <PERSON>: Android 10 and up

ℹ️ Overview: Read, watch and listen to original, independent journalism.

🅿️ App Info: Play Store

❏ Read Mod Info: Click Here

★ Release by Balatan

🔄 Channel ➜ @Mixrootmods",False,False,False,False,True,False,False,True,False,False,1852176756,,,,,,,,,1577,7,,2024-02-29T08:04:38+00:00,,,"{'_': 'MessageReactions', 'results': [{'_': 'ReactionCount', 'reaction': {'_': 'ReactionEmoji', 'emoticon': '👍'}, 'count': 7, 'chosen_order': None}], 'min': False, 'can_see_list': False, 'reactions_as_tags': False, 'recent_reactions': []}",[],
balatan_mods,https://t.me/balatan_mods,4173,2024-02-29 01:13:20,"#Tools
☰ Netmonitor: Cell & WiFi v1.22.0 [Premium] [Mod Extra]

⚙️ <PERSON>: Android 5.1 and up

ℹ️ Overview: App for cell network & WiFi monitoring

🅿️ App Info: Play Store

❏ Read Mod Info: Click Here

★ Release by Balatan

🔄 Channel ➜ @Mixrootmods",False,False,False,False,True,False,False,True,False,False,1852176756,,,,,,,,,2561,14,,2024-02-29T01:50:11+00:00,,,"{'_': 'MessageReactions', 'results': [{'_': 'ReactionCount', 'reaction': {'_': 'ReactionEmoji', 'emoticon': '👍'}, 'count': 8, 'chosen_order': None}, {'_': 'ReactionCount', 'reaction': {'_': 'ReactionEmoji', 'emoticon': '❤'}, 'count': 1, 'chosen_order': None}, {'_': 'ReactionCount', 'reaction': {'_': 'ReactionEmoji', 'emoticon': '🔥'}, 'count': 1, 'chosen_order': None}], 'min': False, 'can_see_list': False, 'reactions_as_tags': False, 'recent_reactions': []}",[],
balatan_mods,https://t.me/balatan_mods,4174,2024-02-29 01:13:27,"#Tools
☰ My APK v2.7.8 [Mod Extra]

⚙️ <PERSON>: Android 4.1 and up

ℹ️ Overview: Backup your installed apps. Install regular and split APKs easily

🅿️ App Info: Play Store

❏ Read Mod Info: Click Here

★ Release by Balatan

🔄 Channel ➜ @Mixrootmods",False,False,False,False,True,False,False,True,False,False,1852176756,,,,,,,,,2571,27,,2024-02-29T01:14:36+00:00,,,"{'_': 'MessageReactions', 'results': [{'_': 'ReactionCount', 'reaction': {'_': 'ReactionEmoji', 'emoticon': '👍'}, 'count': 9, 'chosen_order': None}, {'_': 'ReactionCount', 'reaction': {'_': 'ReactionEmoji', 'emoticon': '❤'}, 'count': 2, 'chosen_order': None}, {'_': 'ReactionCount', 'reaction': {'_': 'ReactionEmoji', 'emoticon': '🔥'}, 'count': 2, 'chosen_order': None}], 'min': False, 'can_see_list': False, 'reactions_as_tags': False, 'recent_reactions': []}",[],
balatan_mods,https://t.me/balatan_mods,4175,2024-02-29 01:13:36,"#Personalization
☰ Always On: Edge Music Lighting v1.9.4.0 [Pro] [Mod Extra]

⚙️ <PERSON>: Android 5.0 and up

ℹ️ Overview: Edge Music Visualizer & Always On Displays (AOD) from the creators of Muviz

🅿️ App Info: Play Store

❏ Read Mod Info: Click Here

★ Release by Balatan

🔄 Channel ➜ @Mixrootmods",False,False,False,False,True,False,False,True,False,False,1852176756,,,,,,,,,1645,8,,2024-02-29T01:50:44+00:00,,,"{'_': 'MessageReactions', 'results': [{'_': 'ReactionCount', 'reaction': {'_': 'ReactionEmoji', 'emoticon': '👍'}, 'count': 9, 'chosen_order': None}, {'_': 'ReactionCount', 'reaction': {'_': 'ReactionEmoji', 'emoticon': '🔥'}, 'count': 3, 'chosen_order': None}, {'_': 'ReactionCount', 'reaction': {'_': 'ReactionEmoji', 'emoticon': '❤'}, 'count': 1, 'chosen_order': None}, {'_': 'ReactionCount', 'reaction': {'_': 'ReactionEmoji', 'emoticon': '🥰'}, 'count': 1, 'chosen_order': None}], 'min': False, 'can_see_list': False, 'reactions_as_tags': False, 'recent_reactions': []}",[],
balatan_mods,https://t.me/balatan_mods,4176,2024-02-29 01:13:49,"#Music
☰ MediaMonkey v2.0.0.1165 [Pro] [Mod Extra]

⚙️ <PERSON>: Android 6.0 and up

ℹ️ Overview: A media player for serious collectors that syncs between your device and PC.

🅿️ App Info: Play Store

❏ Read Mod Info: Click Here

★ Release by Balatan

🔄 Channel ➜ @Mixrootmods",False,False,False,False,True,False,False,True,False,False,1852176756,,,,,,,,,1595,9,,2024-02-29T01:51:59+00:00,,,"{'_': 'MessageReactions', 'results': [{'_': 'ReactionCount', 'reaction': {'_': 'ReactionEmoji', 'emoticon': '👍'}, 'count': 8, 'chosen_order': None}, {'_': 'ReactionCount', 'reaction': {'_': 'ReactionEmoji', 'emoticon': '❤'}, 'count': 2, 'chosen_order': None}], 'min': False, 'can_see_list': False, 'reactions_as_tags': False, 'recent_reactions': []}",[],
balatan_mods,https://t.me/balatan_mods,4177,2024-02-29 01:14:01,"#News
☰ The Guardian - News & Sport v6.125.20009 [Subscribed] [Mod Extra]

⚙️ <PERSON>: Android 8.0 and up

ℹ️ Overview: World news, sport, business & opinion. Read award-winning news live & on the go.

🅿️ App Info: Play Store

❏ Read Mod Info: Click Here

★ Release by Balatan

🔄 Channel ➜ @Mixrootmods",False,False,False,False,True,False,False,True,False,False,1852176756,,,,,,,,,1671,4,,2024-02-29T01:51:56+00:00,,,"{'_': 'MessageReactions', 'results': [{'_': 'ReactionCount', 'reaction': {'_': 'ReactionEmoji', 'emoticon': '👍'}, 'count': 8, 'chosen_order': None}, {'_': 'ReactionCount', 'reaction': {'_': 'ReactionEmoji', 'emoticon': '🔥'}, 'count': 2, 'chosen_order': None}], 'min': False, 'can_see_list': False, 'reactions_as_tags': False, 'recent_reactions': []}",[],
balatan_mods,https://t.me/balatan_mods,4178,2024-02-29 01:14:24,"#Video_Players
☰ Filmora：AI Video Editor, Maker v13.1.83 [Unlocked] [Mod Extra]

⚙️ <PERSON>: Android 7.0 and up

ℹ️ Overview: Pro Video Editor with Music, Video Effect, Filter, Slideshow, Merge & Trim Video

🅿️ App Info: Play Store

❏ Read Mod Info: Click Here

★ Release by Balatan

🔄 Channel ➜ @Mixrootmods",False,False,False,False,True,False,False,True,False,False,1852176756,,,,,,,,,2695,28,,2024-02-29T01:14:53+00:00,,,"{'_': 'MessageReactions', 'results': [{'_': 'ReactionCount', 'reaction': {'_': 'ReactionEmoji', 'emoticon': '👍'}, 'count': 12, 'chosen_order': None}, {'_': 'ReactionCount', 'reaction': {'_': 'ReactionEmoji', 'emoticon': '❤'}, 'count': 1, 'chosen_order': None}, {'_': 'ReactionCount', 'reaction': {'_': 'ReactionEmoji', 'emoticon': '🥰'}, 'count': 1, 'chosen_order': None}], 'min': False, 'can_see_list': False, 'reactions_as_tags': False, 'recent_reactions': []}",[],
balatan_mods,https://t.me/balatan_mods,4179,2024-02-29 01:14:47,"#Education
☰ Elevate - Brain Training Games v5.131.0 [Pro] [Mod Extra]

⚙️ <PERSON>: Android 7.0 and up

ℹ️ Overview: Improve your cognitive skills: Math, word, grammar, vocabulary & memory puzzles.

🅿️ App Info: Play Store

❏ Read Mod Info: Click Here

★ Release by Balatan

🔄 Channel ➜ @Mixrootmods",False,False,False,False,True,False,False,True,False,False,1852176756,,,,,,,,,1700,13,,2024-02-29T01:16:44+00:00,,,"{'_': 'MessageReactions', 'results': [{'_': 'ReactionCount', 'reaction': {'_': 'ReactionEmoji', 'emoticon': '👍'}, 'count': 8, 'chosen_order': None}], 'min': False, 'can_see_list': False, 'reactions_as_tags': False, 'recent_reactions': []}",[],
balatan_mods,https://t.me/balatan_mods,4180,2024-02-29 01:15:09,"#Education
☰ Duolingo: language lessons v5.140.3 [Unlocked] [Mod Extra]

⚙️ <PERSON>: Android 9 and up

ℹ️ Overview: Learn <NRP>, <NRP>, <NRP>, <NRP>, English and more languages for free.

🅿️ App Info: Play Store

❏ Read Mod Info: Click Here

★ Release by Balatan

🔄 Channel ➜ @Mixrootmods",False,False,False,False,True,False,False,True,False,False,1852176756,,,,,,,,,1741,23,,2024-02-29T01:17:10+00:00,,,"{'_': 'MessageReactions', 'results': [{'_': 'ReactionCount', 'reaction': {'_': 'ReactionEmoji', 'emoticon': '👍'}, 'count': 13, 'chosen_order': None}, {'_': 'ReactionCount', 'reaction': {'_': 'ReactionEmoji', 'emoticon': '🔥'}, 'count': 3, 'chosen_order': None}, {'_': 'ReactionCount', 'reaction': {'_': 'ReactionEmoji', 'emoticon': '🥰'}, 'count': 3, 'chosen_order': None}, {'_': 'ReactionCount', 'reaction': {'_': 'ReactionEmoji', 'emoticon': '❤'}, 'count': 1, 'chosen_order': None}], 'min': False, 'can_see_list': False, 'reactions_as_tags': False, 'recent_reactions': []}",[],
balatan_mods,https://t.me/balatan_mods,4181,2024-02-29 01:15:22,"#Weather
☰ <PERSON>: NOAA Weather Radar Live v1.72.1 [Premium] [Mod Extra]

⚙️ <PERSON>: Android 7.0 and up

ℹ️ Overview: All-in-one weather app with real-time NOAA radar. Anticipate any conditions!

🅿️ App Info: Play Store

❏ Read Mod Info: Click Here

★ Release by Balatan

🔄 Channel ➜ @Mixrootmods",False,False,False,False,True,False,False,True,False,False,1852176756,,,,,,,,,1740,10,,2024-02-29T01:52:23+00:00,,,"{'_': 'MessageReactions', 'results': [{'_': 'ReactionCount', 'reaction': {'_': 'ReactionEmoji', 'emoticon': '👍'}, 'count': 8, 'chosen_order': None}, {'_': 'ReactionCount', 'reaction': {'_': 'ReactionEmoji', 'emoticon': '❤'}, 'count': 1, 'chosen_order': None}], 'min': False, 'can_see_list': False, 'reactions_as_tags': False, 'recent_reactions': []}",[],
balatan_mods,https://t.me/balatan_mods,4182,2024-02-29 01:15:37,"#Health
☰ Balance: Meditation & Sleep v1.114.0 [Subscribed] [Mod Extra]

⚙️ <PERSON>: Android 5.0 and up

ℹ️ Overview: Get a free year of anxiety relief. Meditate, breathe, focus, and calm your mind.

🅿️ App Info: Play Store

❏ Read Mod Info: Click Here

★ Release by Balatan

🔄 Channel ➜ @Mixrootmods",False,False,False,False,True,False,False,True,False,False,1852176756,,,,,,,,,1850,5,,2024-02-29T01:52:27+00:00,,,"{'_': 'MessageReactions', 'results': [{'_': 'ReactionCount', 'reaction': {'_': 'ReactionEmoji', 'emoticon': '👍'}, 'count': 7, 'chosen_order': None}, {'_': 'ReactionCount', 'reaction': {'_': 'ReactionEmoji', 'emoticon': '❤'}, 'count': 1, 'chosen_order': None}], 'min': False, 'can_see_list': False, 'reactions_as_tags': False, 'recent_reactions': []}",[],
balatan_mods,https://t.me/balatan_mods,4183,2024-02-29 01:15:49,"#Tools
☰ CCleaner – Phone Cleaner v24.04.0 build <DATE_TIME> [Pro] [Mod Extra]

⚙️ <PERSON>: Android 8.0 and up

ℹ️ Overview: Junk Cleaner: Clear junk to make space on your device with our master cleaner

🅿️ App Info: Play Store

❏ Read Mod Info: Click Here

★ Release by Balatan

🔄 Channel ➜ @Mixrootmods",False,False,False,False,True,False,False,True,False,False,1852176756,,,,,,,,,1930,21,,2024-02-29T01:52:31+00:00,,,"{'_': 'MessageReactions', 'results': [{'_': 'ReactionCount', 'reaction': {'_': 'ReactionEmoji', 'emoticon': '🔥'}, 'count': 11, 'chosen_order': None}, {'_': 'ReactionCount', 'reaction': {'_': 'ReactionEmoji', 'emoticon': '👍'}, 'count': 7, 'chosen_order': None}, {'_': 'ReactionCount', 'reaction': {'_': 'ReactionEmoji', 'emoticon': '❤'}, 'count': 1, 'chosen_order': None}], 'min': False, 'can_see_list': False, 'reactions_as_tags': False, 'recent_reactions': []}",[],
balatan_mods,https://t.me/balatan_mods,4184,2024-02-29 01:16:13,"#Entertainment
☰ Plex: Stream Movies & TV v10.10.0.5899 [Unlocked] [Mod Extra]

⚙️ <PERSON>: Android 5.0 and up

ℹ️ Overview: Watch TV shows, movies, and stream Live TV channels without a subscription!

🅿️ App Info: Play Store

◉ CPUs: All-in-One <PERSON>

❏ Read Mod Info: Click Here

★ Release by Balatan

🔄 Channel ➜ @Mixrootmods",False,False,False,False,True,False,False,True,False,False,1852176756,,,,,,,,,3245,20,,2024-02-29T01:28:45+00:00,,,"{'_': 'MessageReactions', 'results': [{'_': 'ReactionCount', 'reaction': {'_': 'ReactionEmoji', 'emoticon': '👍'}, 'count': 10, 'chosen_order': None}, {'_': 'ReactionCount', 'reaction': {'_': 'ReactionEmoji', 'emoticon': '❤'}, 'count': 1, 'chosen_order': None}, {'_': 'ReactionCount', 'reaction': {'_': 'ReactionEmoji', 'emoticon': '🔥'}, 'count': 1, 'chosen_order': None}, {'_': 'ReactionCount', 'reaction': {'_': 'ReactionEmoji', 'emoticon': '💔'}, 'count': 1, 'chosen_order': None}], 'min': False, 'can_see_list': False, 'reactions_as_tags': False, 'recent_reactions': []}",[],
balatan_mods,https://t.me/balatan_mods,4185,2024-02-29 01:16:34,◉ CPU: armeabi-v7a,False,False,False,False,True,False,False,True,False,False,1852176756,,,,,,,,,3172,16,,2024-02-29T01:52:37+00:00,,,"{'_': 'MessageReactions', 'results': [{'_': 'ReactionCount', 'reaction': {'_': 'ReactionEmoji', 'emoticon': '❤'}, 'count': 5, 'chosen_order': None}, {'_': 'ReactionCount', 'reaction': {'_': 'ReactionEmoji', 'emoticon': '👍'}, 'count': 3, 'chosen_order': None}], 'min': False, 'can_see_list': False, 'reactions_as_tags': False, 'recent_reactions': []}",[],
balatan_mods,https://t.me/balatan_mods,4186,2024-02-29 01:16:45,◉ CPU: arm64-v8a,False,False,False,False,True,False,False,True,False,False,1852176756,,,,,,,,,3174,16,,2024-02-29T01:52:39+00:00,,,"{'_': 'MessageReactions', 'results': [{'_': 'ReactionCount', 'reaction': {'_': 'ReactionEmoji', 'emoticon': '👍'}, 'count': 7, 'chosen_order': None}, {'_': 'ReactionCount', 'reaction': {'_': 'ReactionEmoji', 'emoticon': '🔥'}, 'count': 3, 'chosen_order': None}], 'min': False, 'can_see_list': False, 'reactions_as_tags': False, 'recent_reactions': []}",[],
balatan_mods,https://t.me/balatan_mods,4188,2024-02-29 12:19:07,"#Entertainment
☰ SeriesGuide – Show & Movie Manager v72.0.3 [Beta] [Premium] [Mod]

⚙️ <PERSON>: Android 5.0 and up

ℹ️ Overview: Keep track of your favorite TV shows and movies.

🅿️ App Info: Play Store

❏ Read Mod Info: Click Here

★ Release by Balatan

🔄 Channel ➜ @Mixrootmods",False,False,False,False,True,False,False,True,False,False,1852176756,,,,,,,,,1869,3,,2024-02-29T12:22:52+00:00,,,"{'_': 'MessageReactions', 'results': [{'_': 'ReactionCount', 'reaction': {'_': 'ReactionEmoji', 'emoticon': '👍'}, 'count': 6, 'chosen_order': None}], 'min': False, 'can_see_list': False, 'reactions_as_tags': False, 'recent_reactions': []}",[],
balatan_mods,https://t.me/balatan_mods,4189,2024-02-29 12:19:21,"#Communication
☰ FolderSync Pro v3.5.9 build <PHONE_NUMBER> [Paid]

⚙️ <PERSON>: Android 7.0 and up

ℹ️ Overview: FolderSync enables easy sync of files between cloud storage and Android devices.

🅿️ App Info: Play Store

❏ Read Mod Info: Click Here

★ Release by Balatan

🔄 Channel ➜ @Mixrootmods",False,False,False,False,True,False,False,True,False,False,1852176756,,,,,,,,,2892,15,,2024-02-29T12:35:57+00:00,,,"{'_': 'MessageReactions', 'results': [{'_': 'ReactionCount', 'reaction': {'_': 'ReactionEmoji', 'emoticon': '👍'}, 'count': 12, 'chosen_order': None}], 'min': False, 'can_see_list': False, 'reactions_as_tags': False, 'recent_reactions': []}",[],
balatan_mods,https://t.me/balatan_mods,4213,2024-02-29 23:30:36,"#Productivity
☰ Alarm Clock Xtreme & Timer v24.03.0 build 70004108 [Pro] [Mod Extra]

⚙️ <PERSON>: Android 8.0 and up

ℹ️ Overview: Alarm Clock Xtreme: Sleep better & wake up easier with our smart alarm clock

🅿️ App Info: Play Store

❏ Read Mod Info: Click Here

★ Release by Balatan

🔄 Channel ➜ @Mixrootmods",False,False,False,False,True,False,False,True,False,False,1852176756,,,,,,,,,1647,6,,2024-02-29T23:30:40+00:00,,,"{'_': 'MessageReactions', 'results': [{'_': 'ReactionCount', 'reaction': {'_': 'ReactionEmoji', 'emoticon': '👍'}, 'count': 10, 'chosen_order': None}, {'_': 'ReactionCount', 'reaction': {'_': 'ReactionEmoji', 'emoticon': '👏'}, 'count': 2, 'chosen_order': None}], 'min': False, 'can_see_list': False, 'reactions_as_tags': False, 'recent_reactions': []}",[],
balatan_mods,https://t.me/balatan_mods,4214,2024-02-29 23:30:45,"#Music
☰ Podcast Addict v2024.4 build 21108 [Premium] [Mod Extra]

⚙️ <PERSON>: Android 5.0 and up

ℹ️ Overview: Podcast Addict: Your all-in-one podcast player for Android!

🅿️ App Info: Play Store

❏ Read Mod Info: Click Here

★ Release by Balatan

🔄 Channel ➜ @Mixrootmods",False,False,False,False,True,False,False,True,False,False,1852176756,,,,,,,,,1743,8,,2024-02-29T23:30:50+00:00,,,"{'_': 'MessageReactions', 'results': [{'_': 'ReactionCount', 'reaction': {'_': 'ReactionEmoji', 'emoticon': '👍'}, 'count': 10, 'chosen_order': None}, {'_': 'ReactionCount', 'reaction': {'_': 'ReactionEmoji', 'emoticon': '🎉'}, 'count': 1, 'chosen_order': None}], 'min': False, 'can_see_list': False, 'reactions_as_tags': False, 'recent_reactions': []}",[],
balatan_mods,https://t.me/balatan_mods,4215,2024-02-29 23:30:53,"#Music
☰ Smart AudioBook Player v10.7.1 [Unlocked] [Mod Extra]

⚙️ <PERSON>: Android 11 and up

ℹ️ Overview: This application is full of useful features for playing audio books

🅿️ App Info: Play Store

❏ Read Mod Info: Click Here

★ Release by Balatan

🔄 Channel ➜ @Mixrootmods",False,False,False,False,True,False,False,True,False,False,1852176756,,,,,,,,,1780,15,,2024-02-29T23:30:57+00:00,,,"{'_': 'MessageReactions', 'results': [{'_': 'ReactionCount', 'reaction': {'_': 'ReactionEmoji', 'emoticon': '👍'}, 'count': 15, 'chosen_order': None}, {'_': 'ReactionCount', 'reaction': {'_': 'ReactionEmoji', 'emoticon': '🎉'}, 'count': 2, 'chosen_order': None}], 'min': False, 'can_see_list': False, 'reactions_as_tags': False, 'recent_reactions': []}",[],
balatan_mods,https://t.me/balatan_mods,4216,2024-03-01 10:32:20,"#Entertainment
☰ SeriesGuide – Show & Movie Manager v72.0.4 [Beta] [Premium] [Mod]

⚙️ <PERSON>: Android 5.0 and up

ℹ️ Overview: Keep track of your favorite TV shows and movies.

🅿️ App Info: Play Store

❏ Read Mod Info: Click Here

★ Release by Balatan

🔄 Channel ➜ @Mixrootmods",False,False,False,False,True,False,False,True,False,False,1852176756,,,,,,,,,1478,3,,2024-03-01T10:32:33+00:00,,,"{'_': 'MessageReactions', 'results': [{'_': 'ReactionCount', 'reaction': {'_': 'ReactionEmoji', 'emoticon': '👍'}, 'count': 7, 'chosen_order': None}], 'min': False, 'can_see_list': False, 'reactions_as_tags': False, 'recent_reactions': []}",[],
balatan_mods,https://t.me/balatan_mods,4217,2024-03-01 10:32:28,"#Photography
☰ ProShot v8.24 build 496 [Paid]

⚙️ <PERSON>: Android 7.0 and up

ℹ️ Overview: Welcome to ProShot, the most powerful camera app on Android.

🅿️ App Info: Play Store

❏ Read Mod Info: Click Here

★ Release by Balatan

🔄 Channel ➜ @Mixrootmods",False,False,False,False,True,False,False,True,False,False,1852176756,,,,,,,,,1513,16,,2024-03-01T10:40:34+00:00,,,"{'_': 'MessageReactions', 'results': [{'_': 'ReactionCount', 'reaction': {'_': 'ReactionEmoji', 'emoticon': '👍'}, 'count': 11, 'chosen_order': None}], 'min': False, 'can_see_list': False, 'reactions_as_tags': False, 'recent_reactions': []}",[],
balatan_mods,https://t.me/balatan_mods,4218,2024-03-01 16:05:39,"#Personalization
☰ Smart Launcher 6 v6.4 build 011 [Pro] [Mod Extra]

⚙️ <PERSON>: Android 7.0 and up

ℹ️ Overview: Simplify and Beautify: Your Android, Your Way.

🅿️ App Info: Play Store

❏ Read Mod Info: Click Here

✿ Download SL Bridge: Click Here

★ Release by Balatan

🔄 Channel ➜ @Mixrootmods",False,False,False,False,True,False,False,True,False,False,1852176756,,,,,,,,,1208,7,,2024-03-01T16:19:41+00:00,,,"{'_': 'MessageReactions', 'results': [{'_': 'ReactionCount', 'reaction': {'_': 'ReactionEmoji', 'emoticon': '👍'}, 'count': 6, 'chosen_order': None}, {'_': 'ReactionCount', 'reaction': {'_': 'ReactionEmoji', 'emoticon': '❤'}, 'count': 2, 'chosen_order': None}, {'_': 'ReactionCount', 'reaction': {'_': 'ReactionEmoji', 'emoticon': '🔥'}, 'count': 1, 'chosen_order': None}], 'min': False, 'can_see_list': False, 'reactions_as_tags': False, 'recent_reactions': []}",[],
balatan_mods,https://t.me/balatan_mods,4219,2024-03-01 16:05:47,SL Bridge: v4 build 4 Mod v2,False,False,False,False,True,False,False,True,False,False,1852176756,,,,,,,,,1198,3,,2024-03-01T17:50:37+00:00,,,"{'_': 'MessageReactions', 'results': [{'_': 'ReactionCount', 'reaction': {'_': 'ReactionEmoji', 'emoticon': '👍'}, 'count': 3, 'chosen_order': None}], 'min': False, 'can_see_list': False, 'reactions_as_tags': False, 'recent_reactions': []}",[],
balatan_mods,https://t.me/balatan_mods,4220,2024-03-01 16:05:56,"#Music
☰ Smart AudioBook Player v10.7.2 [Unlocked] [Mod Extra]

⚙️ <PERSON>: Android 11 and up

ℹ️ Overview: This application is full of useful features for playing audio books

🅿️ App Info: Play Store

❏ Read Mod Info: Click Here

★ Release by Balatan

🔄 Channel ➜ @Mixrootmods",False,False,False,False,True,False,False,True,False,False,1852176756,,,,,,,,,1222,6,,2024-03-01T16:19:57+00:00,,,"{'_': 'MessageReactions', 'results': [{'_': 'ReactionCount', 'reaction': {'_': 'ReactionEmoji', 'emoticon': '👍'}, 'count': 8, 'chosen_order': None}, {'_': 'ReactionCount', 'reaction': {'_': 'ReactionEmoji', 'emoticon': '🥰'}, 'count': 1, 'chosen_order': None}], 'min': False, 'can_see_list': False, 'reactions_as_tags': False, 'recent_reactions': []}",[],
balatan_mods,https://t.me/balatan_mods,4221,2024-03-01 16:06:31,"#Photography
☰ Photoshop Express Photo Editor v12.9.319 build 1626 [Premium] [Mod Extra]

⚙️ <PERSON>: Android 9 and up

ℹ️ Overview: Using retouch, object removal and more, transform photos with Photoshop Express.

🅿️ App Info: Play Store

❏ Read Mod Info: Click Here

★ Release by Balatan

🔄 Channel ➜ @Mixrootmods",False,False,False,False,True,False,False,True,False,False,1852176756,,,,,,,,,1235,6,,2024-03-01T16:19:54+00:00,,,"{'_': 'MessageReactions', 'results': [{'_': 'ReactionCount', 'reaction': {'_': 'ReactionEmoji', 'emoticon': '👍'}, 'count': 8, 'chosen_order': None}, {'_': 'ReactionCount', 'reaction': {'_': 'ReactionEmoji', 'emoticon': '🔥'}, 'count': 2, 'chosen_order': None}], 'min': False, 'can_see_list': False, 'reactions_as_tags': False, 'recent_reactions': []}",[],
balatan_mods,https://t.me/balatan_mods,4222,2024-03-01 21:39:00,"#News
☰ The Wall Street Journal v5.17.1.1 [Subscribed] [Mod Extra]

⚙️ <PERSON>: Android 5.0 and up

ℹ️ Overview: WSJ: Award-winning business & markets coverage, breaking news & global headlines

🅿️ App Info: Play Store

❏ Read Mod Info: Click Here

★ Release by Balatan

🔄 Channel ➜ @Mixrootmods",False,False,False,False,True,False,False,True,False,False,1852176756,,,,,,,,,644,2,,2024-03-01T21:39:34+00:00,,,"{'_': 'MessageReactions', 'results': [{'_': 'ReactionCount', 'reaction': {'_': 'ReactionEmoji', 'emoticon': '👍'}, 'count': 5, 'chosen_order': None}], 'min': False, 'can_see_list': False, 'reactions_as_tags': False, 'recent_reactions': []}",[],
balatan_mods,https://t.me/balatan_mods,4224,2024-03-01 21:39:21,"#Photography
☰ Retrica v7.6.2 [Premium] [Mod Extra]

⚙️ <PERSON>: Android 5.0 and up

ℹ️ Overview: The catalyst of great photos.

🅿️ App Info: Play Store

❏ Read Mod Info: Click Here

★ Release by Balatan

🔄 Channel ➜ @Mixrootmods",False,False,False,False,True,False,False,True,False,False,1852176756,,,,,,,,,634,0,,2024-03-01T21:39:40+00:00,,,"{'_': 'MessageReactions', 'results': [{'_': 'ReactionCount', 'reaction': {'_': 'ReactionEmoji', 'emoticon': '👍'}, 'count': 7, 'chosen_order': None}], 'min': False, 'can_see_list': False, 'reactions_as_tags': False, 'recent_reactions': []}",[],
balatan_mods,https://t.me/balatan_mods,4225,2024-03-01 21:39:33,"#Education
☰ Imprint: Learn Visually v2.7.2 [Premium] [Mod Extra]

⚙️ <PERSON>: Android 8.0 and up

ℹ️ Overview: Read faster. Remember more.

🅿️ App Info: Play Store

❏ Read Mod Info: Click Here

★ Release by Balatan

🔄 Channel ➜ @Mixrootmods",False,False,False,False,True,False,False,True,False,False,1852176756,,,,,,,,,609,0,,2024-03-01T21:47:43+00:00,,,"{'_': 'MessageReactions', 'results': [{'_': 'ReactionCount', 'reaction': {'_': 'ReactionEmoji', 'emoticon': '👍'}, 'count': 6, 'chosen_order': None}, {'_': 'ReactionCount', 'reaction': {'_': 'ReactionEmoji', 'emoticon': '❤'}, 'count': 1, 'chosen_order': None}], 'min': False, 'can_see_list': False, 'reactions_as_tags': False, 'recent_reactions': []}",[],
balatan_mods,https://t.me/balatan_mods,4226,2024-03-01 21:39:41,"#Entertainment
☰ IMDb: Movies & TV shows <PERSON> [Mod Extra]

⚙️ <PERSON>: Android 9.0 and up

ℹ️ Overview: IMDb — the world’s most popular source of movie, TV, and celebrity information

🅿️ App Info: Play Store

❏ Read Mod Info: Click Here

★ Release by Balatan

🔄 Channel ➜ @Mixrootmods",False,False,False,False,True,False,False,True,False,False,1852176756,,,,,,,,,601,4,,2024-03-01T21:41:53+00:00,,,"{'_': 'MessageReactions', 'results': [{'_': 'ReactionCount', 'reaction': {'_': 'ReactionEmoji', 'emoticon': '👍'}, 'count': 3, 'chosen_order': None}], 'min': False, 'can_see_list': False, 'reactions_as_tags': False, 'recent_reactions': []}",[],
balatan_mods,https://t.me/balatan_mods,4227,2024-03-01 21:40:14,"#Video_Players
☰ Filmora：AI Video Editor, Maker v13.1.85 [Unlocked] [Mod Extra]

⚙️ <PERSON>: Android 7.0 and up

ℹ️ Overview: Pro Video Editor with Music, Video Effect, Filter, Slideshow, Merge & Trim Video

🅿️ App Info: Play Store

❏ Read Mod Info: Click Here

★ Release by Balatan

🔄 Channel ➜ @Mixrootmods",False,False,False,False,True,False,False,True,False,False,1852176756,,,,,,,,,603,3,,2024-03-01T21:57:01+00:00,,,"{'_': 'MessageReactions', 'results': [{'_': 'ReactionCount', 'reaction': {'_': 'ReactionEmoji', 'emoticon': '👍'}, 'count': 4, 'chosen_order': None}], 'min': False, 'can_see_list': False, 'reactions_as_tags': False, 'recent_reactions': []}",[],
balatan_mods,https://t.me/balatan_mods,4228,2024-03-01 21:40:37,"#Education
☰ Duolingo: language lessons <PERSON> [Unlocked] [Mod Extra]

⚙️ <PERSON>: Android 9 and up

ℹ️ Overview: Learn <NRP>, <NRP>, <NRP>, <NRP>, English and more languages for free.

🅿️ App Info: Play Store

❏ Read Mod Info: Click Here

★ Release by Balatan

🔄 Channel ➜ @Mixrootmods",False,False,False,False,True,False,False,True,False,False,1852176756,,,,,,,,,602,6,,2024-03-01T21:42:01+00:00,,,"{'_': 'MessageReactions', 'results': [{'_': 'ReactionCount', 'reaction': {'_': 'ReactionEmoji', 'emoticon': '🔥'}, 'count': 6, 'chosen_order': None}, {'_': 'ReactionCount', 'reaction': {'_': 'ReactionEmoji', 'emoticon': '👍'}, 'count': 4, 'chosen_order': None}], 'min': False, 'can_see_list': False, 'reactions_as_tags': False, 'recent_reactions': []}",[],
balatan_mods,https://t.me/balatan_mods,4229,2024-03-01 21:40:50,"#Tools
☰ CCleaner – Phone Cleaner v24.04.0 build <US_PASSPORT> [Pro] [Mod Extra]

⚙️ <PERSON>: Android 8.0 and up

ℹ️ Overview: Junk Cleaner: Clear junk to make space on your device with our master cleaner

🅿️ App Info: Play Store

❏ Read Mod Info: Click Here

★ Release by Balatan

🔄 Channel ➜ @Mixrootmods",False,False,False,False,True,False,False,True,False,False,1852176756,,,,,,,,,612,7,,2024-03-01T21:54:32+00:00,,,"{'_': 'MessageReactions', 'results': [{'_': 'ReactionCount', 'reaction': {'_': 'ReactionEmoji', 'emoticon': '👍'}, 'count': 5, 'chosen_order': None}], 'min': False, 'can_see_list': False, 'reactions_as_tags': False, 'recent_reactions': []}",[],
balatan_mods,https://t.me/balatan_mods,4230,2024-03-01 21:41:00,"#Tools
☰ <PERSON> v4.4.4 [Premium] [Mod Extra]

⚙️ <PERSON>: Android 5.0 and up

ℹ️ Overview: The smart, stylish, calculator you can customize or just enjoy!

🅿️ App Info: Play Store

❏ Read Mod Info: Click Here

★ Release by Balatan

🔄 Channel ➜ @Mixrootmods",False,False,False,False,True,False,False,True,False,False,1852176756,,,,,,,,,617,3,,2024-03-01T21:42:14+00:00,,,"{'_': 'MessageReactions', 'results': [{'_': 'ReactionCount', 'reaction': {'_': 'ReactionEmoji', 'emoticon': '👍'}, 'count': 5, 'chosen_order': None}], 'min': False, 'can_see_list': False, 'reactions_as_tags': False, 'recent_reactions': []}",[],
balatan_mods,https://t.me/balatan_mods,4231,2024-03-01 21:41:11,"#Productivity
☰ AVG Cleaner – Storage Cleaner v24.04.0 [Pro] [Mod Extra]

⚙️ <PERSON>: Android 8.0 and up

ℹ️ Overview: Clean your phone and remove hidden junk from storage with our master cleaner app

🅿️ App Info: Play Store

❏ Read Mod Info: Click Here

★ Release by Balatan

🔄 Channel ➜ @Mixrootmods",False,False,False,False,True,False,False,True,False,False,1852176756,,,,,,,,,638,2,,2024-03-01T22:13:57+00:00,,,"{'_': 'MessageReactions', 'results': [{'_': 'ReactionCount', 'reaction': {'_': 'ReactionEmoji', 'emoticon': '👍'}, 'count': 4, 'chosen_order': None}], 'min': False, 'can_see_list': False, 'reactions_as_tags': False, 'recent_reactions': []}",[],
balatan_mods,https://t.me/balatan_mods,4232,2024-03-01 21:41:22,"#Tools
☰ X-plore File Manager v4.36.02 [Donate] [Mod Extra]

⚙️ <PERSON>: Android 7.0 and up

ℹ️ Overview: X-plore is dual-pane file manager with tree view, LAN/Root/Clouds and more.

🅿️ App Info: Play Store

❏ Read Mod Info: Click Here

★ Release by Balatan

🔄 Channel ➜ @Mixrootmods",False,False,False,False,True,False,False,True,False,False,1852176756,,,,,,,,,707,5,,2024-03-01T21:54:42+00:00,,,"{'_': 'MessageReactions', 'results': [{'_': 'ReactionCount', 'reaction': {'_': 'ReactionEmoji', 'emoticon': '👍'}, 'count': 6, 'chosen_order': None}], 'min': False, 'can_see_list': False, 'reactions_as_tags': False, 'recent_reactions': []}",[],
balatan_mods,https://t.me/balatan_mods,4233,2024-03-01 21:41:32,"#Tools
☰ <PERSON>One Toolbox v2.9.0f [Pro] [Mod Extra]

⚙️ <PERSON>: Android 5.0 and up

ℹ️ Overview: The ENTIRE 3C collection in just one package! *

🅿️ App Info: Play Store

❏ Read Mod Info: Click Here

★ Release by Balatan

🔄 Channel ➜ @Mixrootmods",False,False,False,False,True,False,False,True,False,False,1852176756,,,,,,,,,717,0,,2024-03-01T21:41:35+00:00,,,"{'_': 'MessageReactions', 'results': [{'_': 'ReactionCount', 'reaction': {'_': 'ReactionEmoji', 'emoticon': '👍'}, 'count': 6, 'chosen_order': None}], 'min': False, 'can_see_list': False, 'reactions_as_tags': False, 'recent_reactions': []}",[],
balatan_mods,https://t.me/balatan_mods,4234,2024-03-01 21:42:56,"#Photography
☰ AI Photo Editor, Collage-Fotor v7.<DATE_TIME> [Pro] [Mod Extra]

⚙️ <PERSON>: Android 6.0 and up

ℹ️ Overview: AI photo enhancer, professional headshot, restore old photos, ai picture editor

🅿️ App Info: Play Store

❏ Read Mod Info: Click Here

★ Release by Balatan

🔄 Channel ➜ @Mixrootmods",False,False,False,False,True,False,False,True,False,False,1852176756,,,,,,,,,731,2,,2024-03-01T21:49:26+00:00,,,"{'_': 'MessageReactions', 'results': [{'_': 'ReactionCount', 'reaction': {'_': 'ReactionEmoji', 'emoticon': '👍'}, 'count': 6, 'chosen_order': None}], 'min': False, 'can_see_list': False, 'reactions_as_tags': False, 'recent_reactions': []}",[],
balatan_mods,https://t.me/balatan_mods,4235,2024-03-01 21:44:04,"#Music
☰ Cross <PERSON> v4.0.1 [Paid] [Patched] [Mod Extra]

⚙️ <PERSON>: Android 6.0 and up

ℹ️ Overview: Mix, scratch and share on-the-go with the perfect DJ app!

🅿️ App Info: Play Store

❏ Read Mod Info: Click Here

★ Release by Balatan

🔄 Channel ➜ @Mixrootmods",False,False,False,False,True,False,False,True,False,False,1852176756,,,,,,,,,728,7,,2024-03-01T21:49:29+00:00,,,"{'_': 'MessageReactions', 'results': [{'_': 'ReactionCount', 'reaction': {'_': 'ReactionEmoji', 'emoticon': '👍'}, 'count': 8, 'chosen_order': None}], 'min': False, 'can_see_list': False, 'reactions_as_tags': False, 'recent_reactions': []}",[],
