Channel ID,URL,Post ID,date,message,out,mentioned,media_unread,silent,post,from_scheduled,legacy,edit_hide,pinned,noforwards,peer_channel,from_id_user,fwd_from,via_bot_id,reply_to_msg_id,reply_to_scheduled,forum_topic,media_photo_id,reply_markup,views,forwards,replies,edit_date,post_author,grouped_id,reactions,restriction_reason,ttl_period
best_cracking_soft,https://t.me/best_cracking_soft,1083,2024-02-06 16:29:33,"Xtream Exploit GUI v.3.0 Update
☆☆☆☆☆☆☆☆☆☆☆☆

Updating is not forced 👈

👉 For updates - Go to the link you received when you purchased, download the new version. Use your key file. All updates free! 👌


Test it, update  available 🚀",False,False,False,False,True,False,False,False,True,False,1649847818,,,,,,,,,5545,76,,2024-02-10T21:24:14+00:00,,,"{'_': 'MessageReactions', 'results': [{'_': 'ReactionCount', 'reaction': {'_': 'ReactionEmoji', 'emoticon': '❤'}, 'count': 2, 'chosen_order': None}], 'min': False, 'can_see_list': False, 'reactions_as_tags': False, 'recent_reactions': []}",[],
best_cracking_soft,https://t.me/best_cracking_soft,1084,2024-02-06 17:45:52,,False,False,False,False,True,False,False,True,False,False,1649847818,,,,,,,,,1036,15,,2024-02-06T17:47:41+00:00,,,"{'_': 'MessageReactions', 'results': [{'_': 'ReactionCount', 'reaction': {'_': 'ReactionEmoji', 'emoticon': '👍'}, 'count': 3, 'chosen_order': None}], 'min': False, 'can_see_list': False, 'reactions_as_tags': False, 'recent_reactions': []}",[],
best_cracking_soft,https://t.me/best_cracking_soft,1085,2024-02-06 17:46:17,,False,False,False,False,True,False,False,True,False,False,1649847818,,,,,,,,,1035,15,,2024-02-06T17:47:38+00:00,,,"{'_': 'MessageReactions', 'results': [{'_': 'ReactionCount', 'reaction': {'_': 'ReactionEmoji', 'emoticon': '👍'}, 'count': 3, 'chosen_order': None}], 'min': False, 'can_see_list': False, 'reactions_as_tags': False, 'recent_reactions': []}",[],
best_cracking_soft,https://t.me/best_cracking_soft,1086,2024-02-06 17:47:29,like for more,False,False,False,False,True,False,False,True,False,False,1649847818,,,,,,,,,1030,2,,2024-02-06T17:47:37+00:00,,,"{'_': 'MessageReactions', 'results': [{'_': 'ReactionCount', 'reaction': {'_': 'ReactionEmoji', 'emoticon': '🔥'}, 'count': 5, 'chosen_order': None}], 'min': False, 'can_see_list': False, 'reactions_as_tags': False, 'recent_reactions': []}",[],
best_cracking_soft,https://t.me/best_cracking_soft,1090,2024-02-06 18:02:19,,False,False,False,False,True,False,False,True,False,False,1649847818,,,,,,,,,1016,14,,2024-02-06T18:02:27+00:00,,,"{'_': 'MessageReactions', 'results': [{'_': 'ReactionCount', 'reaction': {'_': 'ReactionEmoji', 'emoticon': '👍'}, 'count': 2, 'chosen_order': None}], 'min': False, 'can_see_list': False, 'reactions_as_tags': False, 'recent_reactions': []}",[],
best_cracking_soft,https://t.me/best_cracking_soft,1091,2024-02-06 18:02:35,,False,False,False,False,True,False,False,False,False,False,1649847818,,,,,,,,,1013,16,,,,,,[],
best_cracking_soft,https://t.me/best_cracking_soft,1095,2024-02-06 19:31:29,just check,False,False,False,False,True,False,False,True,False,False,1649847818,,,,,,,,,1038,13,,2024-02-06T19:31:30+00:00,,,"{'_': 'MessageReactions', 'results': [{'_': 'ReactionCount', 'reaction': {'_': 'ReactionEmoji', 'emoticon': '🔥'}, 'count': 2, 'chosen_order': None}], 'min': False, 'can_see_list': False, 'reactions_as_tags': False, 'recent_reactions': []}",[],
best_cracking_soft,https://t.me/best_cracking_soft,1097,2024-02-10 15:35:56,"Free malware crypter FUD

DONT UPLOAD TO VT OR ANY.RUN FOR SAVE CRYPT FUD",False,False,False,False,True,False,False,True,False,False,1649847818,,,,,,,,,814,22,,2024-02-10T15:45:50+00:00,,,"{'_': 'MessageReactions', 'results': [{'_': 'ReactionCount', 'reaction': {'_': 'ReactionEmoji', 'emoticon': '❤'}, 'count': 2, 'chosen_order': None}], 'min': False, 'can_see_list': False, 'reactions_as_tags': False, 'recent_reactions': []}",[],
best_cracking_soft,https://t.me/best_cracking_soft,1098,2024-02-10 20:26:37,"🔥Update <PERSON>
💥Free, Fast, NonSK, SK💥

👉🏻FREE CC CHECKER👈🏻

🌈Add 45 Gateways for all (Charge, Auth, 3D, CCN Charge, Mass Checking and other)",False,False,False,False,True,False,False,True,True,False,1649847818,,,,,,,,,1479,31,,2024-02-10T20:42:07+00:00,,,"{'_': 'MessageReactions', 'results': [{'_': 'ReactionCount', 'reaction': {'_': 'ReactionEmoji', 'emoticon': '❤'}, 'count': 1, 'chosen_order': None}], 'min': False, 'can_see_list': False, 'reactions_as_tags': False, 'recent_reactions': []}",[],
best_cracking_soft,https://t.me/best_cracking_soft,1099,2024-02-10 20:38:00,"🧬 <PERSON>: 0 / 67

✅ Bkav
✅ Lionic
✅ MicroWorld-eScan
✅ CMC
✅ CAT-QuickHeal
✅ ALYac
✅ Malwarebytes
✅ Zillya
✅ Sangfor
✅ Trustlook
✅ Alibaba
✅ K7GW
✅ K7AntiVirus
✅ BitDefenderTheta
✅ VirIT
✅ Cyren
✅ SymantecMobileInsight
✅ Symantec
✅ ESET-NOD32
✅ Baidu
✅ TrendMicro-HouseCall
<PERSON> BitDefender
✅ NANO-Antivirus
✅ SUPERAntiSpyware
✅ Tencent
✅ Ad-Aware
✅ TACHYON
✅ Emsisoft
✅ Comodo
✅ F-Secure
<PERSON> VIPRE
✅ TrendMicro
✅ McAfee-GW-Edition
✅ FireEye
✅ Sophos
✅ GData
✅ Jiangmin
✅ Avira
✅ Antiy-AVL
✅ Kingsoft
✅ Microsoft
✅ Gridinsoft
✅ Arcabit
✅ ViRobot
✅ ZoneAlarm
✅ Avast-Mobile
✅ Cynet
✅ <DATE_TIME>
✅ AhnLab-V3
✅ McAfee
✅ MAX
✅ VBA32
✅ Zoner
✅ Rising
✅ Yandex
✅ Ikarus
✅ MaxSecure
✅ Fortinet
✅ Panda
    
🔖 Nome do arquivo: <NRP>
🔒 Tipo de arquivo: Unknown
📁 <PERSON> do arquivo: 459 KB

🎉 Magic
• File

⚜️ Link para VirusTotal
🚨 GBFX247 Forum, You can find the cheapest Forex trading tools here!",False,False,False,False,True,False,False,True,False,False,1649847818,,"{'_': 'MessageFwdHeader', 'date': '2024-02-10T20:35:58+00:00', 'imported': False, 'saved_out': False, 'from_id': None, 'from_name': 'VirusTotal', 'channel_post': None, 'post_author': None, 'saved_from_peer': None, 'saved_from_msg_id': None, 'saved_from_id': None, 'saved_from_name': None, 'saved_date': None, 'psa_type': None}",,,,,,,824,0,,2024-02-10T21:48:44+00:00,,,"{'_': 'MessageReactions', 'results': [{'_': 'ReactionCount', 'reaction': {'_': 'ReactionEmoji', 'emoticon': '❤'}, 'count': 1, 'chosen_order': None}], 'min': False, 'can_see_list': False, 'reactions_as_tags': False, 'recent_reactions': []}",[],
best_cracking_soft,https://t.me/best_cracking_soft,1101,2024-02-12 04:04:14,"💣NEW CC CHECKER
☠️MAX 300 THREADS
👻CPM ~1000",False,False,False,False,True,False,False,False,False,False,1649847818,,,,,,,,,1070,22,,,,,,[],
best_cracking_soft,https://t.me/best_cracking_soft,1102,2024-02-19 13:57:03,"Stalker Portal Player v7.1 ( PC )

It is the best IPTV portal player, which allows you to watch the best channels in the world. This player is developed from the <NRP> team and is 100% compatible with them because it is updated every time

Support:
● MAC 
● M3U URL
● M3U FILE

-Virustotal v7.1 ✅ 0/57",False,False,False,False,True,False,False,False,False,False,1649847818,,,,,,,,,1373,19,,2024-02-19T14:00:00+00:00,,,"{'_': 'MessageReactions', 'results': [{'_': 'ReactionCount', 'reaction': {'_': 'ReactionEmoji', 'emoticon': '🔥'}, 'count': 2, 'chosen_order': None}], 'min': False, 'can_see_list': False, 'reactions_as_tags': False, 'recent_reactions': []}",[],
best_cracking_soft,https://t.me/best_cracking_soft,1103,2024-02-20 19:15:51,Xtream exploit,False,False,False,False,True,False,False,False,False,False,1649847818,,,,,,,,,1509,21,,,,,,[],
best_cracking_soft,https://t.me/best_cracking_soft,1104,2024-02-20 19:18:45,,False,False,False,False,True,False,False,False,False,False,1649847818,,,,,,,,,404,12,,,,,,[],
best_cracking_soft,https://t.me/best_cracking_soft,1105,2024-02-20 19:40:25,"🔥Update <PERSON>
💥Free, Fast, NonSK, SK💥

👉🏻FREE CC CHECKER👈🏻

🌈Add 45 Gateways for all (Charge, Auth, 3D, CCN Charge, Mass Checking and other)",False,False,False,False,True,False,False,False,False,False,1649847818,,,,,,,,,467,16,,,,,,[],
best_cracking_soft,https://t.me/best_cracking_soft,1106,2024-02-20 19:45:47,HWID SPOOFER FOR UNBAN HW,False,False,False,False,True,False,False,False,False,False,1649847818,,,,,,,,,400,10,,,,,,[],
best_cracking_soft,https://t.me/best_cracking_soft,1131,2024-03-19 14:50:01,,False,False,False,False,True,False,False,False,False,False,1649847818,,,,,,,,,65,6,,,,1.3686878406470226e+16,,[],
best_cracking_soft,https://t.me/best_cracking_soft,1136,2024-03-19 14:50:01,,False,False,False,False,True,False,False,False,False,False,1649847818,,,,,,,,,63,5,,,,1.3686878406470226e+16,,[],
best_cracking_soft,https://t.me/best_cracking_soft,1278,2024-03-20 16:53:22,"BLACKBERRY <PERSON> VM MODULES - WORK!
Malware Clean check in Virustotal",False,False,False,False,True,False,False,False,False,False,1649847818,,,,,,,,,13,1,,,,,,[],
best_cracking_soft,https://t.me/best_cracking_soft,1279,2024-03-20 16:53:32,"Bonusbitcoin Accounts Checker By X-SLAYER- - WORK!
Malware Clean check in Virustotal",False,False,False,False,True,False,False,False,False,False,1649847818,,,,,,,,,13,0,,,,,,[],
best_cracking_soft,https://t.me/best_cracking_soft,1280,2024-03-20 16:53:42,"BTCspinner L4x Bot FINAL - WORK!
Malware Clean check in Virustotal",False,False,False,False,True,False,False,False,False,False,1649847818,,,,,,,,,13,0,,,,,,[],
best_cracking_soft,https://t.me/best_cracking_soft,1281,2024-03-20 16:53:57,"BulkSHA1PasswordCracker - WORK!
Malware Clean check in Virustotal",False,False,False,False,True,False,False,False,False,False,1649847818,,,,,,,,,13,0,,,,,,[],
best_cracking_soft,https://t.me/best_cracking_soft,1282,2024-03-20 16:54:07,"CBS CHECKER - WORK!
Malware Clean check in Virustotal",False,False,False,False,True,False,False,False,False,False,1649847818,,,,,,,,,13,1,,,,,,[],
best_cracking_soft,https://t.me/best_cracking_soft,1283,2024-03-20 16:54:21,"Checker N3tflix Cracked BY Scorpio - WORK!
Malware Clean check in Virustotal",False,False,False,False,True,False,False,False,False,False,1649847818,,,,,,,,,13,1,,,,,,[],
best_cracking_soft,https://t.me/best_cracking_soft,1284,2024-03-20 16:54:29,"ChromePasswordDecryptor - WORK!
Malware Clean check in Virustotal",False,False,False,False,True,False,False,False,False,False,1649847818,,,,,,,,,13,1,,,,,,[],
best_cracking_soft,https://t.me/best_cracking_soft,1285,2024-03-20 16:54:41,"<PERSON> v1.0 By Scorpio - WORK!
Malware Clean check in Virustotal",False,False,False,False,True,False,False,False,False,False,1649847818,,,,,,,,,13,1,,,,,,[],
best_cracking_soft,https://t.me/best_cracking_soft,1286,2024-03-20 16:55:00,"DARKAIO - ALL IN ONE CHECKER - WORK!
Malware Clean check in Virustotal",False,False,False,False,True,False,False,False,False,False,1649847818,,,,,,,,,14,1,,,,,,[],
best_cracking_soft,https://t.me/best_cracking_soft,1287,2024-03-20 16:55:12,"<PERSON> - WORK!
Malware Clean check in Virustotal",False,False,False,False,True,False,False,False,False,False,1649847818,,,,,,,,,12,0,,,,,,[],
best_cracking_soft,https://t.me/best_cracking_soft,1288,2024-03-20 16:55:27,"Digital Keylogger_v3.3 - WORK!
Malware Clean check in Virustotal",False,False,False,False,True,False,False,False,False,False,1649847818,,,,,,,,,11,1,,,,,,[],
best_cracking_soft,https://t.me/best_cracking_soft,1289,2024-03-20 16:55:41,"Directv Now Checker by RubiconT - WORK!
Malware Clean check in Virustotal",False,False,False,False,True,False,False,False,False,False,1649847818,,,,,,,,,10,0,,,,,,[],
best_cracking_soft,https://t.me/best_cracking_soft,1290,2024-03-20 16:55:53,"Discord Auto Typer [MESSAGE SPAMMER] - WORK!
Malware Clean check in Virustotal",False,False,False,False,True,False,False,False,False,False,1649847818,,,,,,,,,11,0,,,,,,[],
best_cracking_soft,https://t.me/best_cracking_soft,1291,2024-03-20 16:56:01,"Discord Checker by xPolish - WORK!
Malware Clean check in Virustotal",False,False,False,False,True,False,False,False,False,False,1649847818,,,,,,,,,10,0,,,,,,[],
best_cracking_soft,https://t.me/best_cracking_soft,1292,2024-03-20 16:56:07,"DNSCrypt-Proxy 2.0.45 - WORK!
Malware Clean check in Virustotal",False,False,False,False,True,False,False,False,False,False,1649847818,,,,,,,,,10,0,,,,,,[],
best_cracking_soft,https://t.me/best_cracking_soft,1293,2024-03-20 16:56:21,"Dork Generator by N3RoX - WORK!
Malware Clean check in Virustotal",False,False,False,False,True,False,False,False,False,False,1649847818,,,,,,,,,9,0,,,,,,[],
best_cracking_soft,https://t.me/best_cracking_soft,1294,2024-03-20 16:56:31,"<PERSON> - WORK!
Malware Clean check in Virustotal",False,False,False,False,True,False,False,False,False,False,1649847818,,,,,,,,,9,0,,,,,,[],
best_cracking_soft,https://t.me/best_cracking_soft,1295,2024-03-20 16:56:39,"Dox Tool V3 Cracked - WORK!
Malware Clean check in Virustotal",False,False,False,False,True,False,False,False,False,False,1649847818,,,,,,,,,10,0,,,,,,[],
best_cracking_soft,https://t.me/best_cracking_soft,1296,2024-03-20 16:56:50,"<PERSON>!
Malware Clean check in Virustotal",False,False,False,False,True,False,False,False,False,False,1649847818,,,,,,,,,10,0,,,,,,[],
best_cracking_soft,https://t.me/best_cracking_soft,1297,2024-03-20 16:57:00,"ebay Checker Account  By X-KILLER - WORK!
Malware Clean check in Virustotal",False,False,False,False,True,False,False,False,False,False,1649847818,,,,,,,,,10,1,,,,,,[],
best_cracking_soft,https://t.me/best_cracking_soft,1298,2024-03-20 16:57:07,"Email Checker by Shield - WORK!
Malware Clean check in Virustotal",False,False,False,False,True,False,False,False,False,False,1649847818,,,,,,,,,9,0,,,,,,[],
best_cracking_soft,https://t.me/best_cracking_soft,1299,2024-03-20 16:57:17,"<PERSON>!
Malware Clean check in Virustotal",False,False,False,False,True,False,False,False,False,False,1649847818,,,,,,,,,10,0,,,,,,[],
best_cracking_soft,https://t.me/best_cracking_soft,1300,2024-03-20 16:57:31,"FireFlood - WORK!
Malware Clean check in Virustotal",False,False,False,False,True,False,False,False,False,False,1649847818,,,,,,,,,10,0,,,,,,[],
best_cracking_soft,https://t.me/best_cracking_soft,1301,2024-03-20 16:57:42,"Fortnite Checker OtimCLR3_ - WORK!
Malware Clean check in Virustotal",False,False,False,False,True,False,False,False,False,False,1649847818,,,,,,,,,10,0,,,,,,[],
best_cracking_soft,https://t.me/best_cracking_soft,1302,2024-03-20 16:57:51,"Free VPN Test <IP_ADDRESS> - WORK!
Malware Clean check in Virustotal",False,False,False,False,True,False,False,False,False,False,1649847818,,,,,,,,,12,0,,,,,,[],
best_cracking_soft,https://t.me/best_cracking_soft,1303,2024-03-20 16:58:03,"GC <PERSON>!
Malware Clean check in Virustotal",False,False,False,False,True,False,False,False,False,False,1649847818,,,,,,,,,11,0,,,,,,[],
best_cracking_soft,https://t.me/best_cracking_soft,1304,2024-03-20 16:58:18,"Godaddy.com REG CHECKER BY ZARAMSIM Fixed By x-slayer.fun - WORK!
Malware Clean check in Virustotal",False,False,False,False,True,False,False,False,False,False,1649847818,,,,,,,,,14,0,,,,,,[],
best_cracking_soft,https://t.me/best_cracking_soft,1305,2024-03-20 16:58:28,"Grammarly Checker By X-SLAYER - WORK!
Malware Clean check in Virustotal",False,False,False,False,True,False,False,False,False,False,1649847818,,,,,,,,,9,0,,,,,,[],
best_cracking_soft,https://t.me/best_cracking_soft,1306,2024-03-20 16:58:42,"H1N1 Loader - WORK!
Malware Clean check in Virustotal",False,False,False,False,True,False,False,False,False,False,1649847818,,,,,,,,,9,0,,,,,,[],
best_cracking_soft,https://t.me/best_cracking_soft,1307,2024-03-20 16:58:55,"<PERSON> - WORK!
Malware Clean check in Virustotal",False,False,False,False,True,False,False,False,False,False,1649847818,,,,,,,,,11,0,,,,,,[],
best_cracking_soft,https://t.me/best_cracking_soft,1308,2024-03-20 16:59:09,"Hash Analyzer 1.0 - WORK!
Malware Clean check in Virustotal",False,False,False,False,True,False,False,False,False,False,1649847818,,,,,,,,,9,0,,,,,,[],
best_cracking_soft,https://t.me/best_cracking_soft,1309,2024-03-20 16:59:17,"HixerX - Yahoo Checker - WORK!
Malware Clean check in Virustotal",False,False,False,False,True,False,False,False,False,False,1649847818,,,,,,,,,8,0,,,,,,[],
best_cracking_soft,https://t.me/best_cracking_soft,1310,2024-03-20 16:59:27,"Hoic - WORK!
Malware Clean check in Virustotal",False,False,False,False,True,False,False,False,False,False,1649847818,,,,,,,,,9,0,,,,,,[],
best_cracking_soft,https://t.me/best_cracking_soft,1311,2024-03-20 16:59:41,"HQ Proxy Checker By MrPrinceX - WORK!
Malware Clean check in Virustotal",False,False,False,False,True,False,False,False,False,False,1649847818,,,,,,,,,9,0,,,,,,[],
best_cracking_soft,https://t.me/best_cracking_soft,1312,2024-03-20 17:00:01,"HQ Proxy Leecher v0 1 - WORK!
Malware Clean check in Virustotal",False,False,False,False,True,False,False,False,False,False,1649847818,,,,,,,,,8,0,,,,,,[],
best_cracking_soft,https://t.me/best_cracking_soft,1313,2024-03-20 17:00:14,"Hulu Checker by RubiconT - WORK!
Malware Clean check in Virustotal",False,False,False,False,True,False,False,False,False,False,1649847818,,,,,,,,,7,0,,,,,,[],
best_cracking_soft,https://t.me/best_cracking_soft,1314,2024-03-20 17:00:32,"Hulu Checker by <PERSON> - WORK!
Malware Clean check in Virustotal",False,False,False,False,True,False,False,False,False,False,1649847818,,,,,,,,,7,0,,,,,,[],
best_cracking_soft,https://t.me/best_cracking_soft,1315,2024-03-20 17:00:41,"ICQ Steal0r - WORK!
Malware Clean check in Virustotal",False,False,False,False,True,False,False,False,False,False,1649847818,,,,,,,,,7,0,,,,,,[],
best_cracking_soft,https://t.me/best_cracking_soft,1316,2024-03-20 17:00:50,"Injection Framework - Automatized Sql Injection Tool - WORK!
Malware Clean check in Virustotal",False,False,False,False,True,False,False,False,False,False,1649847818,,,,,,,,,7,0,,,,,,[],
best_cracking_soft,https://t.me/best_cracking_soft,1317,2024-03-20 17:01:06,"instagram Checker by <PERSON> - WORK!
Malware Clean check in Virustotal",False,False,False,False,True,False,False,False,False,False,1649847818,,,,,,,,,8,1,,,,,,[],
best_cracking_soft,https://t.me/best_cracking_soft,1318,2024-03-20 17:01:21,"<PERSON> For you - WORK!
Malware Clean check in Virustotal",False,False,False,False,True,False,False,False,False,False,1649847818,,,,,,,,,9,0,,,,,,[],
best_cracking_soft,https://t.me/best_cracking_soft,1319,2024-03-20 17:01:31,"Jays youtube Bot v1.0b - WORK!
Malware Clean check in Virustotal",False,False,False,False,True,False,False,False,False,False,1649847818,,,,,,,,,10,1,,,,,,[],
best_cracking_soft,https://t.me/best_cracking_soft,1320,2024-03-20 17:01:45,"KeyLogger By Typix - WORK!
Malware Clean check in Virustotal",False,False,False,False,True,False,False,False,False,False,1649847818,,,,,,,,,9,1,,,,,,[],
best_cracking_soft,https://t.me/best_cracking_soft,1321,2024-03-20 17:01:58,"LF Shell Booter - WORK!
Malware Clean check in Virustotal",False,False,False,False,True,False,False,False,False,False,1649847818,,,,,,,,,9,1,,,,,,[],
best_cracking_soft,https://t.me/best_cracking_soft,1322,2024-03-20 17:02:07,"LOL Checker by AC - Cleaned - WORK!
Malware Clean check in Virustotal",False,False,False,False,True,False,False,False,False,False,1649847818,,,,,,,,,9,0,,,,,,[],
best_cracking_soft,https://t.me/best_cracking_soft,1323,2024-03-20 17:02:23,"Miner Builder v1.0 Final - WORK!
Malware Clean check in Virustotal",False,False,False,False,True,False,False,False,False,False,1649847818,,,,,,,,,6,0,,,,,,[],
best_cracking_soft,https://t.me/best_cracking_soft,1324,2024-03-20 17:02:31,"<PERSON> SQL Exploit Scanner - WORK!
Malware Clean check in Virustotal",False,False,False,False,True,False,False,False,False,False,1649847818,,,,,,,,,6,0,,,,,,[],
best_cracking_soft,https://t.me/best_cracking_soft,1325,2024-03-20 17:02:47,"Multi-Vuln-Checker By-P.S - WORK!
Malware Clean check in Virustotal",False,False,False,False,True,False,False,False,False,False,1649847818,,,,,,,,,6,0,,,,,,[],
best_cracking_soft,https://t.me/best_cracking_soft,1326,2024-03-20 17:02:58,"<PERSON>!
Malware Clean check in Virustotal",False,False,False,False,True,False,False,False,False,False,1649847818,,,,,,,,,7,0,,,,,,[],
best_cracking_soft,https://t.me/best_cracking_soft,1327,2024-03-20 17:03:12,"Netflix Checker v0.2.1 - WORK!
Malware Clean check in Virustotal",False,False,False,False,True,False,False,False,False,False,1649847818,,,,,,,,,8,0,,,,,,[],
best_cracking_soft,https://t.me/best_cracking_soft,1330,2024-03-20 17:03:49,"Origin by ColorPage - WORK!
Malware Clean check in Virustotal",False,False,False,False,True,False,False,False,False,False,1649847818,,,,,,,,,8,0,,,,,,[],
best_cracking_soft,https://t.me/best_cracking_soft,1331,2024-03-20 17:04:05,"Origin Checker - WORK!
Malware Clean check in Virustotal",False,False,False,False,True,False,False,False,False,False,1649847818,,,,,,,,,9,0,,,,,,[],
best_cracking_soft,https://t.me/best_cracking_soft,1332,2024-03-20 17:04:18,"OwnZ Crypter 3.5.9 - WORK!
Malware Clean check in Virustotal",False,False,False,False,True,False,False,False,False,False,1649847818,,,,,,,,,10,0,,,,,,[],
best_cracking_soft,https://t.me/best_cracking_soft,1333,2024-03-20 17:04:34,"PiiBot 1.6 (Pinteres BOT) - WORK!
Malware Clean check in Virustotal",False,False,False,False,True,False,False,False,False,False,1649847818,,,,,,,,,12,0,,,,,,[],
best_cracking_soft,https://t.me/best_cracking_soft,1334,2024-03-20 17:04:42,"PlaystationChecker V2 - Cracked By PC-RET - WORK!
Malware Clean check in Virustotal",False,False,False,False,True,False,False,False,False,False,1649847818,,,,,,,,,10,1,,,,,,[],
best_cracking_soft,https://t.me/best_cracking_soft,1335,2024-03-20 17:04:52,"Privoxy for Windows and Linux 3.0.31 - WORK!
Malware Clean check in Virustotal",False,False,False,False,True,False,False,False,False,False,1649847818,,,,,,,,,10,1,,,,,,[],
best_cracking_soft,https://t.me/best_cracking_soft,1336,2024-03-20 17:05:02,"Proxy Checker v0.2 By X-SLAYER - WORK!
Malware Clean check in Virustotal",False,False,False,False,True,False,False,False,False,False,1649847818,,,,,,,,,10,1,,,,,,[],
best_cracking_soft,https://t.me/best_cracking_soft,1337,2024-03-20 17:05:12,"Proxy Checker v1 by WolfCrawler - WORK!
Malware Clean check in Virustotal",False,False,False,False,True,False,False,False,False,False,1649847818,,,,,,,,,10,1,,,,,,[],
best_cracking_soft,https://t.me/best_cracking_soft,1338,2024-03-20 17:05:20,"Proxy Grabber by Mathian - WORK!
Malware Clean check in Virustotal",False,False,False,False,True,False,False,False,False,False,1649847818,,,,,,,,,10,1,,,,,,[],
best_cracking_soft,https://t.me/best_cracking_soft,1339,2024-03-20 17:05:28,"ProxyFire Master Suite Professional 1.25 - WORK!
Malware Clean check in Virustotal",False,False,False,False,True,False,False,False,False,False,1649847818,,,,,,,,,8,1,,,,,,[],
best_cracking_soft,https://t.me/best_cracking_soft,1340,2024-03-20 17:05:35,"ProxyPAC - WORK!
Malware Clean check in Virustotal",False,False,False,False,True,False,False,False,False,False,1649847818,,,,,,,,,7,1,,,,,,[],
best_cracking_soft,https://t.me/best_cracking_soft,1341,2024-03-20 17:05:48,"ProxyPal 1.2 - WORK!
Malware Clean check in Virustotal",False,False,False,False,True,False,False,False,False,False,1649847818,,,,,,,,,7,1,,,,,,[],
best_cracking_soft,https://t.me/best_cracking_soft,1342,2024-03-20 17:06:02,"qqtube Accounts Checker By X-SLAYER - WORK!
Malware Clean check in Virustotal",False,False,False,False,True,False,False,False,False,False,1649847818,,,,,,,,,7,1,,,,,,[],
best_cracking_soft,https://t.me/best_cracking_soft,1343,2024-03-20 17:06:23,"RedLions Binder - WORK!
Malware Clean check in Virustotal",False,False,False,False,True,False,False,False,False,False,1649847818,,,,,,,,,7,1,,,,,,[],
best_cracking_soft,https://t.me/best_cracking_soft,1344,2024-03-20 17:06:30,"RinLogger - WORK!
Malware Clean check in Virustotal",False,False,False,False,True,False,False,False,False,False,1649847818,,,,,,,,,7,1,,,,,,[],
best_cracking_soft,https://t.me/best_cracking_soft,1345,2024-03-20 17:06:50,"<PERSON> - WORK!
Malware Clean check in Virustotal",False,False,False,False,True,False,False,False,False,False,1649847818,,,,,,,,,7,0,,,,,,[],
best_cracking_soft,https://t.me/best_cracking_soft,1346,2024-03-20 17:07:06,"Silent Keylogger v1.6 Public Version By BUNNN - WORK!
Malware Clean check in Virustotal",False,False,False,False,True,False,False,False,False,False,1649847818,,,,,,,,,5,0,,,,,,[],
best_cracking_soft,https://t.me/best_cracking_soft,1347,2024-03-20 17:07:20,"Smoke Loader Original Stub - WORK!
Malware Clean check in Virustotal",False,False,False,False,True,False,False,False,False,False,1649847818,,,,,,,,,4,0,,,,,,[],
best_cracking_soft,https://t.me/best_cracking_soft,1348,2024-03-20 17:07:34,"Social Club Checker - WORK!
Malware Clean check in Virustotal",False,False,False,False,True,False,False,False,False,False,1649847818,,,,,,,,,3,0,,,,,,[],
best_cracking_soft,https://t.me/best_cracking_soft,1349,2024-03-20 17:07:46,"Spotify Account Checker By <PERSON>!
Malware Clean check in Virustotal",False,False,False,False,True,False,False,False,False,False,1649847818,,,,,,,,,3,0,,,,,,[],
best_cracking_soft,https://t.me/best_cracking_soft,1350,2024-03-20 17:07:56,"SQLIHelperV.2.5 - WORK!
Malware Clean check in Virustotal",False,False,False,False,True,False,False,False,False,False,1649847818,,,,,,,,,4,0,,,,,,[],
best_cracking_soft,https://t.me/best_cracking_soft,1351,2024-03-20 17:08:09,"Steam AchievementManager - WORK!
Malware Clean check in Virustotal",False,False,False,False,True,False,False,False,False,False,1649847818,,,,,,,,,4,0,,,,,,[],
best_cracking_soft,https://t.me/best_cracking_soft,1352,2024-03-20 17:08:20,"<PERSON> Checker Account  By X-KILLER - WORK!
Malware Clean check in Virustotal",False,False,False,False,True,False,False,False,False,False,1649847818,,,,,,,,,4,0,,,,,,[],
best_cracking_soft,https://t.me/best_cracking_soft,1353,2024-03-20 17:08:29,"TOD TV Checker by 9LIMBO - WORK!
Malware Clean check in Virustotal",False,False,False,False,True,False,False,False,False,False,1649847818,,,,,,,,,4,0,,,,,,[],
best_cracking_soft,https://t.me/best_cracking_soft,1354,2024-03-20 17:08:47,"Tube Ranking 2.5 - WORK!
Malware Clean check in Virustotal",False,False,False,False,True,False,False,False,False,False,1649847818,,,,,,,,,5,0,,,,,,[],
best_cracking_soft,https://t.me/best_cracking_soft,1355,2024-03-20 17:08:56,"Udemy Accounts Checker By X-SLAYER - WORK!
Malware Clean check in Virustotal",False,False,False,False,True,False,False,False,False,False,1649847818,,,,,,,,,5,0,,,,,,[],
best_cracking_soft,https://t.me/best_cracking_soft,1356,2024-03-20 17:09:02,"UDP Unicorn - WORK!
Malware Clean check in Virustotal",False,False,False,False,True,False,False,False,False,False,1649847818,,,,,,,,,5,0,,,,,,[],
best_cracking_soft,https://t.me/best_cracking_soft,1357,2024-03-20 17:09:10,"UltimateLogger - WORK!
Malware Clean check in Virustotal",False,False,False,False,True,False,False,False,False,False,1649847818,,,,,,,,,5,0,,,,,,[],
best_cracking_soft,https://t.me/best_cracking_soft,1358,2024-03-20 17:09:20,"Unknown Logger Public V 1.5 - WORK!
Malware Clean check in Virustotal",False,False,False,False,True,False,False,False,False,False,1649847818,,,,,,,,,5,0,,,,,,[],
best_cracking_soft,https://t.me/best_cracking_soft,1359,2024-03-20 17:09:36,"Uplay Account Generator - Freedom FoxY - WORK!
Malware Clean check in Virustotal",False,False,False,False,True,False,False,False,False,False,1649847818,,,,,,,,,5,1,,,,,,[],
best_cracking_soft,https://t.me/best_cracking_soft,1360,2024-03-20 17:09:51,"ValoKeker Cracked By SpArtOr & Cox - Valorant Checker - WORK!
Malware Clean check in Virustotal",False,False,False,False,True,False,False,False,False,False,1649847818,,,,,,,,,6,0,,,,,,[],
best_cracking_soft,https://t.me/best_cracking_soft,1361,2024-03-20 17:10:07,"Wiki Bomber <IP_ADDRESS> - WORK!
Malware Clean check in Virustotal",False,False,False,False,True,False,False,False,False,False,1649847818,,,,,,,,,6,2,,,,,,[],
best_cracking_soft,https://t.me/best_cracking_soft,1362,2024-03-20 17:10:23,"XCodeExploitScanner - WORK!
Malware Clean check in Virustotal",False,False,False,False,True,False,False,False,False,False,1649847818,,,,,,,,,6,1,,,,,,[],
best_cracking_soft,https://t.me/best_cracking_soft,1363,2024-03-20 17:10:29,"<PERSON>!
Malware Clean check in Virustotal",False,False,False,False,True,False,False,False,False,False,1649847818,,,,,,,,,6,1,,,,,,[],
best_cracking_soft,https://t.me/best_cracking_soft,1364,2024-03-20 17:10:45,"Yahoo Checker by YB - WORK!
Malware Clean check in Virustotal",False,False,False,False,True,False,False,False,False,False,1649847818,,,,,,,,,5,1,,,,,,[],
best_cracking_soft,https://t.me/best_cracking_soft,1365,2024-03-20 17:10:59,"Yahoo v1.1 by <PERSON>!
Malware Clean check in Virustotal",False,False,False,False,True,False,False,False,False,False,1649847818,,,,,,,,,4,1,,,,,,[],
best_cracking_soft,https://t.me/best_cracking_soft,1366,2024-03-20 17:11:09,"ОјProxy Tool v1.81 - WORK!
Malware Clean check in Virustotal",False,False,False,False,True,False,False,False,False,False,1649847818,,,,,,,,,4,1,,,,,,[],
best_cracking_soft,https://t.me/best_cracking_soft,1367,2024-03-20 17:11:17,"Binance[brute_checker] - WORK!
Malware Clean check in Virustotal",False,False,False,False,True,False,False,False,False,False,1649847818,,,,,,,,,5,1,,,,,,[],
best_cracking_soft,https://t.me/best_cracking_soft,1368,2024-03-20 17:11:32,"Bitcoin Fake Transaction Vector76 attack Full Version - WORK!
Malware Clean check in Virustotal",False,False,False,False,True,False,False,False,False,False,1649847818,,,,,,,,,4,1,,,,,,[],
best_cracking_soft,https://t.me/best_cracking_soft,1369,2024-03-20 17:11:45,"BNB Claimer - WORK!
Malware Clean check in Virustotal",False,False,False,False,True,False,False,False,False,False,1649847818,,,,,,,,,4,1,,,,,,[],
best_cracking_soft,https://t.me/best_cracking_soft,1370,2024-03-20 17:12:00,"CC Checker V4 - WORK!
Malware Clean check in Virustotal",False,False,False,False,True,False,False,False,False,False,1649847818,,,,,,,,,3,1,,,,,,[],
best_cracking_soft,https://t.me/best_cracking_soft,1371,2024-03-20 17:12:07,"CC CHECKER [NON SK] - WORK!
Malware Clean check in Virustotal",False,False,False,False,True,False,False,False,False,False,1649847818,,,,,,,,,3,1,,,,,,[],
best_cracking_soft,https://t.me/best_cracking_soft,1372,2024-03-20 17:12:20,"CC CHECKER [UPDATED API] NO SK - WORK!
Malware Clean check in Virustotal",False,False,False,False,True,False,False,False,False,False,1649847818,,,,,,,,,3,1,,,,,,[],
best_cracking_soft,https://t.me/best_cracking_soft,1373,2024-03-20 17:12:31,"CCDonation - WORK!
Malware Clean check in Virustotal",False,False,False,False,True,False,False,False,False,False,1649847818,,,,,,,,,3,1,,,,,,[],
best_cracking_soft,https://t.me/best_cracking_soft,1374,2024-03-20 17:12:47,"ChargeCCChecker - WORK!
Malware Clean check in Virustotal",False,False,False,False,True,False,False,False,False,False,1649847818,,,,,,,,,3,1,,,,,,[],
best_cracking_soft,https://t.me/best_cracking_soft,1375,2024-03-20 17:12:59,"ChatGrabber[1.4] - WORK!
Malware Clean check in Virustotal",False,False,False,False,True,False,False,False,False,False,1649847818,,,,,,,,,3,1,,,,,,[],
best_cracking_soft,https://t.me/best_cracking_soft,1376,2024-03-20 17:13:16,"cVPN[nulled] - WORK!
Malware Clean check in Virustotal",False,False,False,False,True,False,False,False,False,False,1649847818,,,,,,,,,2,1,,,,,,[],
best_cracking_soft,https://t.me/best_cracking_soft,1377,2024-03-20 17:13:40,"cVPN[X22.23] - WORK!
Malware Clean check in Virustotal",False,False,False,False,True,False,False,False,False,False,1649847818,,,,,,,,,2,1,,,,,,[],
best_cracking_soft,https://t.me/best_cracking_soft,1379,2024-03-20 17:14:40,"DICEBOT <DATE_TIME> - WORK!
Malware Clean check in Virustotal",False,False,False,False,True,False,False,False,False,False,1649847818,,,,,,,,,11,1,,,,,,[],
best_cracking_soft,https://t.me/best_cracking_soft,1380,2024-03-20 17:14:54,"ETH-BNB AutoAirdrop - WORK!
Malware Clean check in Virustotal",False,False,False,False,True,False,False,False,False,False,1649847818,,,,,,,,,10,2,,,,,,[],
best_cracking_soft,https://t.me/best_cracking_soft,1381,2024-03-20 17:15:12,"FastXChecker - WORK!
Malware Clean check in Virustotal",False,False,False,False,True,False,False,False,False,False,1649847818,,,,,,,,,10,1,,,,,,[],
best_cracking_soft,https://t.me/best_cracking_soft,1382,2024-03-20 17:15:18,"Flash BTC Transaction (Core Network) Full Version 10.0.1 - WORK!
Malware Clean check in Virustotal",False,False,False,False,True,False,False,False,False,False,1649847818,,,,,,,,,11,1,,,,,,[],
best_cracking_soft,https://t.me/best_cracking_soft,1383,2024-03-20 17:15:31,"ForCryptoBot - WORK!
Malware Clean check in Virustotal",False,False,False,False,True,False,False,False,False,False,1649847818,,,,,,,,,12,1,,,,,,[],
best_cracking_soft,https://t.me/best_cracking_soft,1384,2024-03-20 17:15:38,"INSTABan[injuan] - WORK!
Malware Clean check in Virustotal",False,False,False,False,True,False,False,False,False,False,1649847818,,,,,,,,,13,1,,,,,,[],
best_cracking_soft,https://t.me/best_cracking_soft,1385,2024-03-20 17:15:46,"Just[Insta]Cracker - WORK!
Malware Clean check in Virustotal",False,False,False,False,True,False,False,False,False,False,1649847818,,,,,,,,,13,1,,,,,,[],
best_cracking_soft,https://t.me/best_cracking_soft,1386,2024-03-20 17:15:57,"LeacherGifts - WORK!
Malware Clean check in Virustotal",False,False,False,False,True,False,False,False,False,False,1649847818,,,,,,,,,10,0,,,,,,[],
best_cracking_soft,https://t.me/best_cracking_soft,1387,2024-03-20 17:16:02,"<PERSON> - WORK!
Malware Clean check in Virustotal",False,False,False,False,True,False,False,False,False,False,1649847818,,,,,,,,,11,0,,,,,,[],
best_cracking_soft,https://t.me/best_cracking_soft,1388,2024-03-20 17:16:17,"MinerKiller - WORK!
Malware Clean check in Virustotal",False,False,False,False,True,False,False,False,False,False,1649847818,,,,,,,,,11,0,,,,,,[],
best_cracking_soft,https://t.me/best_cracking_soft,1389,2024-03-20 17:16:40,"Netflix Account Checker By X-SLAYER - WORK!
Malware Clean check in Virustotal",False,False,False,False,True,False,False,False,False,False,1649847818,,,,,,,,,13,1,,,,,,[],
best_cracking_soft,https://t.me/best_cracking_soft,1390,2024-03-20 17:16:54,"Netflix Checker[cookies] - WORK!
Malware Clean check in Virustotal",False,False,False,False,True,False,False,False,False,False,1649847818,,,,,,,,,13,0,,,,,,[],
best_cracking_soft,https://t.me/best_cracking_soft,1391,2024-03-20 17:17:08,"Netflix Chrcker[cracked by SHARK] - WORK!
Malware Clean check in Virustotal",False,False,False,False,True,False,False,False,False,False,1649847818,,,,,,,,,15,3,,,,,,[],
best_cracking_soft,https://t.me/best_cracking_soft,1392,2024-03-20 17:17:27,"NEW CryptoBot - WORK!
Malware Clean check in Virustotal",False,False,False,False,True,False,False,False,False,False,1649847818,,,,,,,,,14,0,,,,,,[],
best_cracking_soft,https://t.me/best_cracking_soft,1393,2024-03-20 17:17:38,"NinJaGram BOT - WORK!
Malware Clean check in Virustotal",False,False,False,False,True,False,False,False,False,False,1649847818,,,,,,,,,14,1,,,,,,[],
best_cracking_soft,https://t.me/best_cracking_soft,1394,2024-03-20 17:17:55,"NORD VPN Checker - WORK!
Malware Clean check in Virustotal",False,False,False,False,True,False,False,False,False,False,1649847818,,,,,,,,,15,0,,,,,,[],
best_cracking_soft,https://t.me/best_cracking_soft,1395,2024-03-20 17:18:02,"NordVPN Checker - WORK!
Malware Clean check in Virustotal",False,False,False,False,True,False,False,False,False,False,1649847818,,,,,,,,,14,0,,,,,,[],
best_cracking_soft,https://t.me/best_cracking_soft,1397,2024-03-20 17:18:18,"PAYPAL NEW CHECKER - WORK!
Malware Clean check in Virustotal",False,False,False,False,True,False,False,False,False,False,1649847818,,,,,,,,,14,1,,,,,,[],
best_cracking_soft,https://t.me/best_cracking_soft,1400,2024-03-20 17:19:01,"Proxy Checker by <PERSON> v2 [ All Type ] - WORK!
Malware Clean check in Virustotal",False,False,False,False,True,False,False,False,False,False,1649847818,,,,,,,,,16,1,,,,,,[],
best_cracking_soft,https://t.me/best_cracking_soft,1401,2024-03-20 17:19:10,"ProxyScrape checker v1.1 - WORK!
Malware Clean check in Virustotal",False,False,False,False,True,False,False,False,False,False,1649847818,,,,,,,,,16,0,,,,,,[],
best_cracking_soft,https://t.me/best_cracking_soft,1402,2024-03-20 17:19:26,"SearcherBS[V0.1] - WORK!
Malware Clean check in Virustotal",False,False,False,False,True,False,False,False,False,False,1649847818,,,,,,,,,15,0,,,,,,[],
best_cracking_soft,https://t.me/best_cracking_soft,1403,2024-03-20 17:19:46,"SGDos Panel[by xPore] - WORK!
Malware Clean check in Virustotal",False,False,False,False,True,False,False,False,False,False,1649847818,,,,,,,,,15,0,,,,,,[],
best_cracking_soft,https://t.me/best_cracking_soft,1404,2024-03-20 17:19:54,"<NRP> - WORK!
Malware Clean check in Virustotal",False,False,False,False,True,False,False,False,False,False,1649847818,,,,,,,,,14,0,,,,,,[],
best_cracking_soft,https://t.me/best_cracking_soft,1405,2024-03-20 17:20:09,"streambot - WORK!
Malware Clean check in Virustotal",False,False,False,False,True,False,False,False,False,False,1649847818,,,,,,,,,17,0,,,,,,[],
best_cracking_soft,https://t.me/best_cracking_soft,1406,2024-03-20 17:20:26,"StripeCheckerCC[1.2] - WORK!
Malware Clean check in Virustotal",False,False,False,False,True,False,False,False,False,False,1649847818,,,,,,,,,20,1,,,,,,[],
best_cracking_soft,https://t.me/best_cracking_soft,1407,2024-03-20 17:20:35,"TradingViewPro+ [Cracked] - WORK!
Malware Clean check in Virustotal",False,False,False,False,True,False,False,False,False,False,1649847818,,,,,,,,,20,2,,,,,,[],
best_cracking_soft,https://t.me/best_cracking_soft,1408,2024-03-20 17:20:48,"UnkChecker[Crack by inanal] - WORK!
Malware Clean check in Virustotal",False,False,False,False,True,False,False,False,False,False,1649847818,,,,,,,,,17,1,,,,,,[],
best_cracking_soft,https://t.me/best_cracking_soft,1409,2024-03-20 17:20:56,"WinLicenseKeyGen - WORK!
Malware Clean check in Virustotal",False,False,False,False,True,False,False,False,False,False,1649847818,,,,,,,,,15,2,,,,,,[],
best_cracking_soft,https://t.me/best_cracking_soft,1410,2024-03-20 17:21:16,"XChecker Last version - WORK!
Malware Clean check in Virustotal",False,False,False,False,True,False,False,False,False,False,1649847818,,,,,,,,,14,0,,,,,,[],
best_cracking_soft,https://t.me/best_cracking_soft,1411,2024-03-20 17:21:29,"xRiskyy - SMS Sender - WORK!
Malware Clean check in Virustotal",False,False,False,False,True,False,False,False,False,False,1649847818,,,,,,,,,14,0,,,,,,[],
best_cracking_soft,https://t.me/best_cracking_soft,1412,2024-03-20 17:21:46,"<NRP> GUI v2.8[Crack] - WORK!
Malware Clean check in Virustotal",False,False,False,False,True,False,False,False,False,False,1649847818,,,,,,,,,14,0,,,,,,[],
best_cracking_soft,https://t.me/best_cracking_soft,1413,2024-03-20 17:22:06,"XTreamExploit - WORK!
Malware Clean check in Virustotal",False,False,False,False,True,False,False,False,False,False,1649847818,,,,,,,,,14,0,,,,,,[],
best_cracking_soft,https://t.me/best_cracking_soft,1414,2024-03-20 17:22:29,"YTLite(premium) - WORK!
Malware Clean check in Virustotal",False,False,False,False,True,False,False,False,False,False,1649847818,,,,,,,,,14,3,,,,,,[],
best_cracking_soft,https://t.me/best_cracking_soft,1415,2024-03-20 17:22:47,"[TG] Parser - WORK!
Malware Clean check in Virustotal",False,False,False,False,True,False,False,False,False,False,1649847818,,,,,,,,,15,1,,,,,,[],
best_cracking_soft,https://t.me/best_cracking_soft,1418,2024-03-20 17:23:32,"РЎРЎ РЎheckerV3 - WORK!
Malware Clean check in Virustotal",False,False,False,False,True,False,False,False,False,False,1649847818,,,,,,,,,15,1,,,,,,[],
best_cracking_soft,https://t.me/best_cracking_soft,1419,2024-03-20 17:23:46,"KMSAUTO LITE PORTABLE - AKTIVATOR WINDOWS 10 - WORK!
Malware Clean check in Virustotal",False,False,False,False,True,False,False,False,False,False,1649847818,,,,,,,,,14,1,,,,,,[],
best_cracking_soft,https://t.me/best_cracking_soft,1420,2024-03-20 17:24:06,"Online GPT 4 Version 4.2 - WORK!
Malware Clean check in Virustotal",False,False,False,False,True,False,False,False,False,False,1649847818,,,,,,,,,14,2,,,,,,[],
best_cracking_soft,https://t.me/best_cracking_soft,1421,2024-03-20 17:24:18,"Cheat Engine 7.1 - WORK!
Malware Clean check in Virustotal",False,False,False,False,True,False,False,False,False,False,1649847818,,,,,,,,,14,2,,,,,,[],
best_cracking_soft,https://t.me/best_cracking_soft,1422,2024-03-20 17:24:39,"BLTools v3.8.4 PRO - WORK!
Malware Clean check in Virustotal",False,False,False,False,True,False,False,False,False,False,1649847818,,,,,,,,,14,2,,,,,,[],
best_cracking_soft,https://t.me/best_cracking_soft,1423,2024-03-20 17:24:48,"BLTools v3.8.4 - WORK!
Malware Clean check in Virustotal",False,False,False,False,True,False,False,False,False,False,1649847818,,,,,,,,,14,2,,,,,,[],
best_cracking_soft,https://t.me/best_cracking_soft,1424,2024-03-20 17:25:00,"Numify v3 Cracked - WORK!
Malware Clean check in Virustotal",False,False,False,False,True,False,False,False,False,False,1649847818,,,,,,,,,14,1,,,,,,[],
best_cracking_soft,https://t.me/best_cracking_soft,1425,2024-03-20 17:25:16,"<PERSON> Cracked by SpArtOr - WORK!
Malware Clean check in Virustotal",False,False,False,False,True,False,False,False,False,False,1649847818,,,,,,,,,15,1,,,,,,[],
best_cracking_soft,https://t.me/best_cracking_soft,1426,2024-03-20 17:25:26,"ColdStoneChecker - WORK!
Malware Clean check in Virustotal",False,False,False,False,True,False,False,False,False,False,1649847818,,,,,,,,,16,0,,,,,,[],
best_cracking_soft,https://t.me/best_cracking_soft,1427,2024-03-20 17:25:37,"Twiix - WORK!
Malware Clean check in Virustotal",False,False,False,False,True,False,False,False,False,False,1649847818,,,,,,,,,16,0,,,,,,[],
best_cracking_soft,https://t.me/best_cracking_soft,1428,2024-03-20 17:25:51,"VenomRAT v6.0.3 - WORK!
Malware Clean check in Virustotal",False,False,False,False,True,False,False,False,False,False,1649847818,,,,,,,,,16,1,,,,,,[],
best_cracking_soft,https://t.me/best_cracking_soft,1429,2024-03-20 17:26:08,"LaxyAIO - WORK!
Malware Clean check in Virustotal",False,False,False,False,True,False,False,False,False,False,1649847818,,,,,,,,,17,0,,,,,,[],
best_cracking_soft,https://t.me/best_cracking_soft,1430,2024-03-20 17:26:14,"<NRP> - WORK!
Malware Clean check in Virustotal",False,False,False,False,True,False,False,False,False,False,1649847818,,,,,,,,,17,1,,,,,,[],
best_cracking_soft,https://t.me/best_cracking_soft,1431,2024-03-20 17:26:31,"CoinBase VM brute - WORK!
Malware Clean check in Virustotal",False,False,False,False,True,False,False,False,False,False,1649847818,,,,,,,,,18,1,,,,,,[],
best_cracking_soft,https://t.me/best_cracking_soft,1432,2024-03-20 17:26:40,"Twitch Workshop - WORK!
Malware Clean check in Virustotal",False,False,False,False,True,False,False,False,False,False,1649847818,,,,,,,,,23,1,,,,,,[],
best_cracking_soft,https://t.me/best_cracking_soft,1433,2024-03-20 17:26:53,"<PERSON>!
Malware Clean check in Virustotal",False,False,False,False,True,False,False,False,False,False,1649847818,,,,,,,,,24,2,,,,,,[],
best_cracking_soft,https://t.me/best_cracking_soft,1434,2024-03-20 17:27:09,"ATT Checker - WORK!
Malware Clean check in Virustotal",False,False,False,False,True,False,False,False,False,False,1649847818,,,,,,,,,24,1,,,,,,[],
best_cracking_soft,https://t.me/best_cracking_soft,1435,2024-03-20 17:27:30,"FoodLion Checker - WORK!
Malware Clean check in Virustotal",False,False,False,False,True,False,False,False,False,False,1649847818,,,,,,,,,25,1,,,,,,[],
best_cracking_soft,https://t.me/best_cracking_soft,1436,2024-03-20 17:27:42,"<PERSON>!
Malware Clean check in Virustotal",False,False,False,False,True,False,False,False,False,False,1649847818,,,,,,,,,25,1,,,,,,[],
best_cracking_soft,https://t.me/best_cracking_soft,1438,2024-03-21 20:46:08,"🤩Optimized lolminer specifically for coin gram🤑

💎Pool for mining - https://pool.gramcoin.org/
👉🏻Download the miner from there and replace the exe with a modified one, the speed increase is 5-10%",False,False,False,False,True,False,False,True,False,False,1649847818,,,,,,,,,13,2,,2024-03-21T20:46:25+00:00,,,"{'_': 'MessageReactions', 'results': [{'_': 'ReactionCount', 'reaction': {'_': 'ReactionEmoji', 'emoticon': '🔥'}, 'count': 2, 'chosen_order': None}], 'min': False, 'can_see_list': False, 'reactions_as_tags': False, 'recent_reactions': []}",[],
best_cracking_soft,https://t.me/best_cracking_soft,1440,2024-03-26 18:27:33,"Full version
Unlimited + Free update",False,False,False,False,True,False,False,False,False,False,1649847818,,,,,,,,,84,5,,,,,,[],
best_cracking_soft,https://t.me/best_cracking_soft,1442,2024-03-26 18:57:40,"The full cracked version
Unlimited and does not require activation",False,False,False,False,True,False,False,False,False,False,1649847818,,,,,,,,,101,5,,,,,,[],
best_cracking_soft,https://t.me/best_cracking_soft,1443,2024-03-26 19:06:17,"💥Save💥
🎬 🔠🔠🔠🔠 connections anywhere in the world 🌐

◽️ Connection to Smart TV, Android TV, Android TV Box, PC, Tablets, Smartphones, Xbox
Windows activation
👥 Remotely, within <DATE_TIME>.
🔄 No satellite dishes, wires at home or in the apartment.
🌐 All you need is internet!
📊 Archive of TV channels for <DATE_TIME>!
📱 For sports fans, live broadcasts in 50 frames per second broadcast

🤩 Media library with films, TV series and cartoons.
Adults (Penthouse Gold, Penthouse Quickies, Redlight HD, Dorcel TV HD, Vivid Red HD, Private TV, Hustler HD, Babes HD, XXL, Pink OTV, PassionXXX, Brazzers TV Europe, Blue Hustler, Russian Night, NU ART TV, Nude Art TV HD, <PERSON>)
Full package (1000+ channels, 2500+ including channels from other countries) FREE subscription for <DATE_TIME> only on our channel!!!",False,False,False,False,True,False,False,True,False,False,1649847818,,,,,,,,,189,8,,2024-03-26T19:07:30+00:00,,,"{'_': 'MessageReactions', 'results': [{'_': 'ReactionCount', 'reaction': {'_': 'ReactionEmoji', 'emoticon': '👍'}, 'count': 1, 'chosen_order': None}], 'min': False, 'can_see_list': False, 'reactions_as_tags': False, 'recent_reactions': []}",[],
best_cracking_soft,https://t.me/best_cracking_soft,1445,2024-03-27 04:43:22,Just fulfill the conditions and get a freebie for your friends,False,False,False,False,True,False,False,False,False,False,1649847818,,,,1444.0,0.0,0.0,,,38,0,,,,,,[],
best_cracking_soft,https://t.me/best_cracking_soft,1447,2024-03-27 15:01:00,"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
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
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
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
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
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
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
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
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
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
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
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
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
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
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
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
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
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
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
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
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
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",False,False,False,False,True,False,False,True,False,False,1649847818,,,,,,,,,74,2,,2024-03-27T15:10:16+00:00,,,"{'_': 'MessageReactions', 'results': [{'_': 'ReactionCount', 'reaction': {'_': 'ReactionEmoji', 'emoticon': '👍'}, 'count': 1, 'chosen_order': None}], 'min': False, 'can_see_list': False, 'reactions_as_tags': False, 'recent_reactions': []}",[],
best_cracking_soft,https://t.me/best_cracking_soft,1449,2024-03-28 17:20:39,Just fulfill the conditions and get a freebie for your friends,False,False,False,False,True,False,False,False,False,False,1649847818,,,,1444.0,0.0,0.0,,,49,0,,,,,,[],
