Channel ID,URL,Post ID,date,message,out,mentioned,media_unread,silent,post,from_scheduled,legacy,edit_hide,pinned,noforwards,peer_channel,from_id_user,fwd_from,via_bot_id,reply_to_msg_id,reply_to_scheduled,forum_topic,media_photo_id,reply_markup,views,forwards,replies,edit_date,post_author,grouped_id,reactions,restriction_reason,ttl_period
fantabuloustv,https://t.me/fantabuloustv,563,2024-02-20 18:53:46,,False,False,False,False,True,False,False,True,False,False,1958462315,,,,,,,,,430,3,,2024-02-21T06:50:20+00:00,,1.3667641814463588e+16,"{'_': 'MessageReactions', 'results': [{'_': 'ReactionCount', 'reaction': {'_': 'ReactionEmoji', 'emoticon': '👍'}, 'count': 2, 'chosen_order': None}], 'min': False, 'can_see_list': False, 'reactions_as_tags': False, 'recent_reactions': []}",[],
fantabuloustv,https://t.me/fantabuloustv,565,2024-02-20 18:53:47,,False,False,False,False,True,False,False,False,False,False,1958462315,,,,,,,,,457,2,,,,1.3667641814463588e+16,,[],
fantabuloustv,https://t.me/fantabuloustv,567,2024-02-20 18:53:47,,False,False,False,False,True,False,False,False,False,False,1958462315,,,,,,,,,626,3,,,,1.3667641814463588e+16,,[],
fantabuloustv,https://t.me/fantabuloustv,568,2024-02-20 18:53:48,,False,False,False,False,True,False,False,False,False,False,1958462315,,,,,,,,,632,1,,,,1.3667641814463588e+16,,[],
fantabuloustv,https://t.me/fantabuloustv,569,2024-02-20 18:53:48,,False,False,False,False,True,False,False,False,False,False,1958462315,,,,,,,,,617,5,,,,1.3667641814463588e+16,,[],
fantabuloustv,https://t.me/fantabuloustv,570,2024-02-20 18:53:48,,False,False,False,False,True,False,False,False,False,False,1958462315,,,,,,,,,629,2,,,,1.3667641814463588e+16,,[],
fantabuloustv,https://t.me/fantabuloustv,571,2024-02-20 18:53:48,,False,False,False,False,True,False,False,False,False,False,1958462315,,,,,,,,,633,1,,,,1.3667641814463588e+16,,[],
fantabuloustv,https://t.me/fantabuloustv,572,2024-02-20 18:53:49,,False,False,False,False,True,False,False,False,False,False,1958462315,,,,,,,,,624,3,,,,1.3667641814463588e+16,,[],
fantabuloustv,https://t.me/fantabuloustv,573,2024-02-20 18:58:27,,False,False,False,False,True,False,False,True,False,False,1958462315,,,,,,,,,585,1,,2024-02-20T20:01:47+00:00,,1.366764406005626e+16,"{'_': 'MessageReactions', 'results': [{'_': 'ReactionCount', 'reaction': {'_': 'ReactionEmoji', 'emoticon': '👍'}, 'count': 1, 'chosen_order': None}], 'min': False, 'can_see_list': False, 'reactions_as_tags': False, 'recent_reactions': []}",[],
fantabuloustv,https://t.me/fantabuloustv,574,2024-02-20 18:58:27,"eSound Music v4.13.8
[arm7+arm64]

https://play.google.com/store/apps/details?id=com.esound

Mod Info:
- Premium Unlocked 
- Lyrics Unlocked 
- No Ads
- Reduced apk size",False,False,False,False,True,False,False,False,False,False,1958462315,,,,,,,,,608,2,,,,1.366764406005626e+16,,[],
fantabuloustv,https://t.me/fantabuloustv,575,2024-02-20 19:01:36,"New WA Updates 🥳

Version : <PHONE_NUMBER> 🌟

❇️ Improved Anti-Ban Protection ❇<NRP>

✅ Many Fixes And Improvements ✅ 

Read The Changelog After Installation For Detailed Information 🤩

🔽 Download From Files Below  🔽",False,False,False,False,True,False,False,True,False,False,1958462315,,,,,,,,,620,9,,2024-02-20T19:36:39+00:00,,1.366764556904978e+16,"{'_': 'MessageReactions', 'results': [{'_': 'ReactionCount', 'reaction': {'_': 'ReactionEmoji', 'emoticon': '👍'}, 'count': 4, 'chosen_order': None}, {'_': 'ReactionCount', 'reaction': {'_': 'ReactionEmoji', 'emoticon': '❤'}, 'count': 2, 'chosen_order': None}], 'min': False, 'can_see_list': False, 'reactions_as_tags': False, 'recent_reactions': []}",[],
fantabuloustv,https://t.me/fantabuloustv,576,2024-02-20 19:01:36,,False,False,False,False,True,False,False,False,False,False,1958462315,,,,,,,,,624,13,,,,1.366764556904978e+16,,[],
fantabuloustv,https://t.me/fantabuloustv,577,2024-02-20 19:01:36,,False,False,False,False,True,False,False,False,False,False,1958462315,,,,,,,,,618,12,,,,1.366764556904978e+16,,[],
fantabuloustv,https://t.me/fantabuloustv,578,2024-02-20 19:01:36,,False,False,False,False,True,False,False,False,False,False,1958462315,,,,,,,,,631,12,,,,1.366764556904978e+16,,[],
fantabuloustv,https://t.me/fantabuloustv,579,2024-02-21 09:08:11,,False,False,False,False,True,False,False,True,False,False,1958462315,,,,,,,,,560,0,,2024-02-29T11:07:37+00:00,,1.3668051931504748e+16,"{'_': 'MessageReactions', 'results': [{'_': 'ReactionCount', 'reaction': {'_': 'ReactionEmoji', 'emoticon': '❤'}, 'count': 1, 'chosen_order': None}], 'min': False, 'can_see_list': False, 'reactions_as_tags': False, 'recent_reactions': []}",[],
fantabuloustv,https://t.me/fantabuloustv,580,2024-02-21 09:08:11,,False,False,False,False,True,False,False,False,False,False,1958462315,,,,,,,,,569,1,,,,1.3668051931504748e+16,,[],
fantabuloustv,https://t.me/fantabuloustv,581,2024-02-21 09:08:11,,False,False,False,False,True,False,False,False,False,False,1958462315,,,,,,,,,568,1,,,,1.3668051931504748e+16,,[],
fantabuloustv,https://t.me/fantabuloustv,582,2024-02-21 09:08:11,,False,False,False,False,True,False,False,False,False,False,1958462315,,,,,,,,,571,2,,,,1.3668051931504748e+16,,[],
fantabuloustv,https://t.me/fantabuloustv,583,2024-02-21 09:08:11,,False,False,False,False,True,False,False,False,False,False,1958462315,,,,,,,,,568,0,,,,1.3668051931504748e+16,,[],
fantabuloustv,https://t.me/fantabuloustv,584,2024-02-21 09:08:11,,False,False,False,False,True,False,False,False,False,False,1958462315,,,,,,,,,569,2,,,,1.3668051931504748e+16,,[],
fantabuloustv,https://t.me/fantabuloustv,585,2024-02-21 09:08:12,,False,False,False,False,True,False,False,False,False,False,1958462315,,,,,,,,,566,0,,,,1.3668051931504748e+16,,[],
fantabuloustv,https://t.me/fantabuloustv,586,2024-02-21 09:08:12,,False,False,False,False,True,False,False,False,False,False,1958462315,,,,,,,,,564,1,,,,1.3668051931504748e+16,,[],
fantabuloustv,https://t.me/fantabuloustv,587,2024-02-21 09:08:12,,False,False,False,False,True,False,False,False,False,False,1958462315,,,,,,,,,566,1,,,,1.3668051931504748e+16,,[],
fantabuloustv,https://t.me/fantabuloustv,588,2024-02-21 09:08:12,,False,False,False,False,True,False,False,False,False,False,1958462315,,,,,,,,,570,1,,,,1.3668051931504748e+16,,[],
fantabuloustv,https://t.me/fantabuloustv,589,2024-02-21 09:08:12,,False,False,False,False,True,False,False,False,False,False,1958462315,,,,,,,,,562,0,,,,,,[],
fantabuloustv,https://t.me/fantabuloustv,590,2024-02-21 09:08:13,,False,False,False,False,True,False,False,False,False,False,1958462315,,,,,,,,,561,0,,,,,,[],
fantabuloustv,https://t.me/fantabuloustv,591,2024-02-21 09:08:14,,False,False,False,False,True,False,False,False,False,False,1958462315,,,,,,,,,564,2,,,,,,[],
fantabuloustv,https://t.me/fantabuloustv,592,2024-02-21 09:08:30,,False,False,False,False,True,False,False,False,False,False,1958462315,,,,,,,,,571,5,,,,,,[],
fantabuloustv,https://t.me/fantabuloustv,593,2024-02-21 09:08:32,,False,False,False,False,True,False,False,False,False,False,1958462315,,,,,,,,,584,2,,,,1.3668052100495628e+16,,[],
fantabuloustv,https://t.me/fantabuloustv,594,2024-02-21 09:08:32,,False,False,False,False,True,False,False,False,False,False,1958462315,,,,,,,,,588,1,,,,1.3668052100495628e+16,,[],
fantabuloustv,https://t.me/fantabuloustv,595,2024-02-21 09:08:32,,False,False,False,False,True,False,False,False,False,False,1958462315,,,,,,,,,567,0,,,,1.3668052100495628e+16,,[],
fantabuloustv,https://t.me/fantabuloustv,596,2024-02-21 09:08:32,,False,False,False,False,True,False,False,False,False,False,1958462315,,,,,,,,,562,0,,,,1.3668052100495628e+16,,[],
fantabuloustv,https://t.me/fantabuloustv,597,2024-02-21 09:08:33,,False,False,False,False,True,False,False,False,False,False,1958462315,,,,,,,,,565,0,,,,1.3668052100495628e+16,,[],
fantabuloustv,https://t.me/fantabuloustv,598,2024-02-21 09:08:33,,False,False,False,False,True,False,False,False,False,False,1958462315,,,,,,,,,564,1,,,,1.3668052100495628e+16,,[],
fantabuloustv,https://t.me/fantabuloustv,599,2024-02-21 09:08:33,,False,False,False,False,True,False,False,False,False,False,1958462315,,,,,,,,,567,0,,,,1.3668052100495628e+16,,[],
fantabuloustv,https://t.me/fantabuloustv,600,2024-02-21 09:08:33,,False,False,False,False,True,False,False,False,False,False,1958462315,,,,,,,,,568,2,,,,1.3668052100495628e+16,,[],
fantabuloustv,https://t.me/fantabuloustv,601,2024-02-21 09:08:33,,False,False,False,False,True,False,False,False,False,False,1958462315,,,,,,,,,563,1,,,,1.3668052100495628e+16,,[],
fantabuloustv,https://t.me/fantabuloustv,602,2024-02-21 09:08:33,,False,False,False,False,True,False,False,False,False,False,1958462315,,,,,,,,,564,1,,,,1.3668052100495628e+16,,[],
fantabuloustv,https://t.me/fantabuloustv,603,2024-02-21 09:09:12,,False,False,False,False,True,False,False,False,False,False,1958462315,,,,,,,,,576,0,,,,1.3668052422184236e+16,,[],
fantabuloustv,https://t.me/fantabuloustv,604,2024-02-21 09:09:12,,False,False,False,False,True,False,False,False,False,False,1958462315,,,,,,,,,578,1,,,,1.3668052422184236e+16,,[],
fantabuloustv,https://t.me/fantabuloustv,605,2024-02-21 09:09:12,,False,False,False,False,True,False,False,False,False,False,1958462315,,,,,,,,,578,1,,,,1.3668052422184236e+16,,[],
fantabuloustv,https://t.me/fantabuloustv,606,2024-02-21 09:09:13,,False,False,False,False,True,False,False,False,False,False,1958462315,,,,,,,,,597,8,,,,1.3668052422184236e+16,,[],
fantabuloustv,https://t.me/fantabuloustv,607,2024-02-21 09:09:13,,False,False,False,False,True,False,False,False,False,False,1958462315,,,,,,,,,591,0,,,,1.3668052422184236e+16,,[],
fantabuloustv,https://t.me/fantabuloustv,608,2024-02-21 09:09:13,,False,False,False,False,True,False,False,False,False,False,1958462315,,,,,,,,,587,0,,,,1.3668052422184236e+16,,[],
fantabuloustv,https://t.me/fantabuloustv,609,2024-02-21 09:09:13,,False,False,False,False,True,False,False,False,False,False,1958462315,,,,,,,,,638,1,,,,1.3668052422184236e+16,,[],
fantabuloustv,https://t.me/fantabuloustv,610,2024-02-21 09:09:13,,False,False,False,False,True,False,False,False,False,False,1958462315,,,,,,,,,649,1,,,,1.3668052422184236e+16,,[],
fantabuloustv,https://t.me/fantabuloustv,611,2024-02-21 09:09:13,,False,False,False,False,True,False,False,False,False,False,1958462315,,,,,,,,,666,1,,,,1.3668052422184236e+16,,[],
fantabuloustv,https://t.me/fantabuloustv,612,2024-02-21 09:09:13,,False,False,False,False,True,False,False,False,False,False,1958462315,,,,,,,,,675,0,,,,1.3668052422184236e+16,,[],
fantabuloustv,https://t.me/fantabuloustv,613,2024-02-21 09:09:14,,False,False,False,False,True,False,False,False,False,False,1958462315,,,,,,,,,618,1,,,,,,[],
fantabuloustv,https://t.me/fantabuloustv,614,2024-02-21 09:09:14,,False,False,False,False,True,False,False,False,False,False,1958462315,,,,,,,,,621,0,,,,,,[],
fantabuloustv,https://t.me/fantabuloustv,615,2024-02-21 09:09:15,,False,False,False,False,True,False,False,False,False,False,1958462315,,,,,,,,,615,0,,,,,,[],
fantabuloustv,https://t.me/fantabuloustv,616,2024-02-21 09:09:16,,False,False,False,False,True,False,False,False,False,False,1958462315,,,,,,,,,606,2,,2024-02-27T21:56:20+00:00,,,,[],
fantabuloustv,https://t.me/fantabuloustv,617,2024-02-21 09:09:16,,False,False,False,False,True,False,False,False,False,False,1958462315,,,,,,,,,610,2,,,,,,[],
fantabuloustv,https://t.me/fantabuloustv,618,2024-02-21 09:09:17,,False,False,False,False,True,False,False,False,False,False,1958462315,,,,,,,,,622,1,,2024-02-27T21:56:27+00:00,,,,[],
fantabuloustv,https://t.me/fantabuloustv,619,2024-02-21 09:09:18,,False,False,False,False,True,False,False,False,False,False,1958462315,,,,,,,,,632,1,,,,,,[],
fantabuloustv,https://t.me/fantabuloustv,620,2024-02-21 09:09:19,,False,False,False,False,True,False,False,False,False,False,1958462315,,,,,,,,,651,4,,,,,,[],
fantabuloustv,https://t.me/fantabuloustv,621,2024-02-21 09:09:19,,False,False,False,False,True,False,False,False,False,False,1958462315,,,,,,,,,664,1,,,,,,[],
fantabuloustv,https://t.me/fantabuloustv,622,2024-02-21 09:09:20,,False,False,False,False,True,False,False,False,False,False,1958462315,,,,,,,,,674,3,,,,,,[],
fantabuloustv,https://t.me/fantabuloustv,623,2024-02-21 09:09:21,,False,False,False,False,True,False,False,False,False,False,1958462315,,,,,,,,,681,2,,,,,,[],
fantabuloustv,https://t.me/fantabuloustv,624,2024-02-21 09:09:22,,False,False,False,False,True,False,False,False,False,False,1958462315,,,,,,,,,695,1,,,,,,[],
fantabuloustv,https://t.me/fantabuloustv,625,2024-02-21 09:09:23,,False,False,False,False,True,False,False,False,False,False,1958462315,,,,,,,,,692,0,,,,,,[],
fantabuloustv,https://t.me/fantabuloustv,626,2024-02-21 09:09:23,,False,False,False,False,True,False,False,False,False,False,1958462315,,,,,,,,,716,1,,,,,,[],
fantabuloustv,https://t.me/fantabuloustv,627,2024-02-21 09:09:25,,False,False,False,False,True,False,False,False,False,False,1958462315,,,,,,,,,747,2,,,,,,[],
fantabuloustv,https://t.me/fantabuloustv,628,2024-02-21 09:09:25,,False,False,False,False,True,False,False,False,False,False,1958462315,,,,,,,,,801,2,,,,,,[],
fantabuloustv,https://t.me/fantabuloustv,629,2024-02-21 09:09:26,,False,False,False,False,True,False,False,True,False,False,1958462315,,,,,,,,,832,1,,2024-02-28T04:15:01+00:00,,,"{'_': 'MessageReactions', 'results': [], 'min': False, 'can_see_list': False, 'reactions_as_tags': False, 'recent_reactions': []}",[],
fantabuloustv,https://t.me/fantabuloustv,630,2024-02-21 09:09:26,,False,False,False,False,True,False,False,False,False,False,1958462315,,,,,,,,,833,1,,,,,,[],
fantabuloustv,https://t.me/fantabuloustv,631,2024-02-21 09:09:27,,False,False,False,False,True,False,False,False,False,False,1958462315,,,,,,,,,819,2,,,,,,[],
fantabuloustv,https://t.me/fantabuloustv,632,2024-02-21 09:09:28,,False,False,False,False,True,False,False,False,False,False,1958462315,,,,,,,,,814,1,,,,,,[],
fantabuloustv,https://t.me/fantabuloustv,633,2024-02-21 09:09:28,,False,False,False,False,True,False,False,False,False,False,1958462315,,,,,,,,,714,2,,,,,,[],
fantabuloustv,https://t.me/fantabuloustv,634,2024-02-21 09:09:29,,False,False,False,False,True,False,False,False,False,False,1958462315,,,,,,,,,719,3,,,,,,[],
fantabuloustv,https://t.me/fantabuloustv,635,2024-02-21 09:09:30,,False,False,False,False,True,False,False,True,False,False,1958462315,,,,,,,,,737,2,,2024-02-21T11:28:20+00:00,,,"{'_': 'MessageReactions', 'results': [], 'min': False, 'can_see_list': False, 'reactions_as_tags': False, 'recent_reactions': []}",[],
fantabuloustv,https://t.me/fantabuloustv,636,2024-02-22 10:51:27,"​​​​​​​​​​​​​​​​​​​​​​​​​​​​💠 Adobe Lightroom : Photo Editor 
🚛 Version - v9.1.1🔔 #updated 
<PERSON>
💻 Features & Mod:-
◉ Professional photo editing app
◉ Premium video editing features
◉ Colour correct your image
◉ Lots of useful tools for editing
◉ 200+ exclusive Premium Presets
◉ Remove objects By Healing Brush
⭐️ Premium subscription unlocked
<PERSON>️  / Login via Adobe Account
<PERSON>",False,False,False,False,True,False,False,True,False,False,1958462315,,,,,,,,,769,5,,2024-02-26T17:04:32+00:00,,1.3668792698756172e+16,"{'_': 'MessageReactions', 'results': [{'_': 'ReactionCount', 'reaction': {'_': 'ReactionEmoji', 'emoticon': '👍'}, 'count': 1, 'chosen_order': None}], 'min': False, 'can_see_list': False, 'reactions_as_tags': False, 'recent_reactions': []}",[],
fantabuloustv,https://t.me/fantabuloustv,637,2024-02-22 10:51:27,"💠 ​​​​​​​​​​PhotoRoom [Premium] 
🚛 Version : 4.8.5 🔔#updated 
<PERSON>
💻 Features & Mod:-
◉ Remove background in images
◉ Great AI to remove background
◉ Photo editor & Make graphics
◉ Change backgrounds of Photos
◉ Many more amazing features
⭐️ Mod/Pro Subscription Unlocked
<PERSON>",False,False,False,False,True,False,False,False,False,False,1958462315,,,,,,,,,847,5,,2024-02-22T10:54:38+00:00,,1.3668792698756172e+16,,[],
fantabuloustv,https://t.me/fantabuloustv,638,2024-02-22 10:51:27,"<DATE_TIME>│WPS Office v18.7.2 b1469 [Mod] 
⚙│ Android: 5.0 and up #update 🔔
🅿️ │ Play Store / Official Site Link 
➖➖➖➖➖➖➖➖➖➖➖➖
🔰 | Features & Mod Info ⭐😮
◉ Powerful Office Suite on ur device
◉ PDF, Word, Excel, PowerPoint. etc
◉ Premium / Paid Features Unlocked
◉ Multi Languages & CPUs: Arm32/64
✔️  |  Release by Balatan 
⚠️ Note: Login via account required
➖➖➖➖➖➖➖➖➖➖➖➖",False,False,False,False,True,False,False,False,False,False,1958462315,,,,,,,,,875,6,,,,1.3668792698756172e+16,,[],
fantabuloustv,https://t.me/fantabuloustv,639,2024-02-22 10:51:27,"💠 Photoshop Express Photo Editor v12.6.298 [Premium] [Mod Extra]

🅿️ GP Link 🔗
https://play.google.com/store/apps/details?id=com.adobe.psmobile

💠 Mod Info:
◉ Premium Features Unlocked
◉ Manifest & Resources Cleaned
◉ AOSP Compatible / No Google
◉ Optimized / Zipaligned Graphics
◉ Analytics / Crashlytics / Firebase disabled
◉ Native Crashlytics libs removed
◉ No active trackers or ads
◉ No Adobe ID Account Required
◉ Crash Reports disabled by default
◉ CPUs arch: Armeabi-v7a  
◉ Full Multi Languages
◉ All debug Info Removed
Release by FoxModderz",False,False,False,False,True,False,False,False,False,False,1958462315,,,,,,,,,980,4,,,,1.3668792698756172e+16,,[],
fantabuloustv,https://t.me/fantabuloustv,640,2024-02-27 21:55:46,,False,False,False,False,True,False,False,False,False,False,1958462315,,,,,,,,,402,5,,,,,,[],
fantabuloustv,https://t.me/fantabuloustv,641,2024-02-27 21:55:46,,False,False,False,False,True,False,False,True,False,False,1958462315,,,,,,,,,402,6,,2024-02-28T13:37:38+00:00,,,"{'_': 'MessageReactions', 'results': [{'_': 'ReactionCount', 'reaction': {'_': 'ReactionEmoji', 'emoticon': '👍'}, 'count': 1, 'chosen_order': None}], 'min': False, 'can_see_list': False, 'reactions_as_tags': False, 'recent_reactions': []}",[],
fantabuloustv,https://t.me/fantabuloustv,642,2024-02-27 21:55:46,,False,False,False,False,True,False,False,False,False,False,1958462315,,,,,,,,,417,13,,,,,,[],
fantabuloustv,https://t.me/fantabuloustv,643,2024-02-27 21:55:46,,False,False,False,False,True,False,False,False,False,False,1958462315,,,,,,,,,404,6,,,,,,[],
fantabuloustv,https://t.me/fantabuloustv,644,2024-02-27 21:55:47,,False,False,False,False,True,False,False,False,False,False,1958462315,,,,,,,,,408,9,,,,,,[],
fantabuloustv,https://t.me/fantabuloustv,645,2024-02-27 21:55:48,,False,False,False,False,True,False,False,False,False,False,1958462315,,,,,,,,,402,5,,,,,,[],
fantabuloustv,https://t.me/fantabuloustv,647,2024-03-04 11:39:55,"🔥Loopify v237 [Premium]

ℹ️ Overview:
Your pocket-sized loopstation

🅿️ Play Store:
com.zuidsoft.looper

📝 Mod Info:
✪ Premium Features Unlocked 
✪ Multi Languages 
✪ CPUs: universal 
✪ Debug Info Removed",False,False,False,False,True,False,False,False,False,False,1958462315,,,,,,,,,36,0,,,,,,[],
fantabuloustv,https://t.me/fantabuloustv,648,2024-03-04 11:39:56,"🔥Logo Maker v4.2.8 [Premium]

ℹ️ Overview:
3000+ templates and advanced design tools for designing with ease and creativity

🅿️ Play Store:
com.thmobile.logomaker

📝 Mod Info:
✪ Premium Features Unlocked 
✪ Multi Languages 
✪ CPUs: armeabi-v7a, arm64-v8a 
✪ Debug Info Removed",False,False,False,False,True,False,False,False,False,False,1958462315,,,,,,,,,33,0,,,,,,[],
fantabuloustv,https://t.me/fantabuloustv,649,2024-03-04 11:39:56,"🔥Art Me v5.0 [Premium]

ℹ️ Overview:
Create Your Art Photos with One-tap

🅿️ Play Store:
com.artme.cartoon.editor

📝 Mod Info:
✪ Premium Features Unlocked 
✪ Multi Languages 
✪ CPUs: armeabi-v7a, arm64-v8a 
✪ Debug Info Removed",False,False,False,False,True,False,False,False,False,False,1958462315,,,,,,,,,32,0,,,,,,[],
fantabuloustv,https://t.me/fantabuloustv,650,2024-03-04 11:39:56,"🔥 Control Center v3.1.0 [Premium]

ℹ️ Overview:
Control Center IOS 17 gives you instant access settings and modify as you like

🅿️ Play Store:
com.ios.controlcenter.assistivetouch.applecontrol.notificationcenter

📝 Mod Info:
✪ Premium Features Unlocked 
✪ Multi Languages 
✪ CPUs: universal 
✪ Debug Info Removed",False,False,False,False,True,False,False,True,False,False,1958462315,,,,,,,,,29,0,,2024-03-04T11:45:08+00:00,,,"{'_': 'MessageReactions', 'results': [{'_': 'ReactionCount', 'reaction': {'_': 'ReactionEmoji', 'emoticon': '❤'}, 'count': 1, 'chosen_order': None}], 'min': False, 'can_see_list': False, 'reactions_as_tags': False, 'recent_reactions': []}",[],
fantabuloustv,https://t.me/fantabuloustv,651,2024-03-04 11:39:57,"🔥Mojito v2.29.393 [VIP]

ℹ️ Overview:
Insta story art editor & ig story maker: edit instagram stories with templates.

🅿️ Play Store:
instagram.story.art.collage

📝 Mod Info:
✪ Vip Features Unlocked 
✪ Multi Languages 
✪ CPUs: armeabi-v7a, arm64-v8a 
✪ Debug Info Removed",False,False,False,False,True,False,False,False,False,False,1958462315,,,,,,,,,29,0,,,,,,[],
fantabuloustv,https://t.me/fantabuloustv,652,2024-03-04 11:39:57,"🔥SelfieU v6.13.9207 [VIP]

ℹ️ Overview:
AI photo editing app with excellent results and tons of AI effects and filters

🅿️ Play Store:
com.cam001.selfie361

📝 Mod Info:
✪ Vip Features Unlocked 
✪ Multi Languages 
✪ CPUs: armeabi-v7a, arm64-v8a 
✪ Debug Info Removed",False,False,False,False,True,False,False,False,False,False,1958462315,,,,,,,,,29,0,,,,,,[],
fantabuloustv,https://t.me/fantabuloustv,653,2024-03-04 11:39:57,"🔥<PERSON> v12.11.0 [VIP]

ℹ️ Overview:
Video Editor for Youtube & TikTok, video maker with music, Slideshow editing app

🅿️ Play Store:
mobi.charmer.mymovie

📝 Mod Info:
✪ Vip Features Unlocked 
✪ Multi Languages 
✪ CPUs: armeabi-v7a, arm64-v8a 
✪ Debug Info Removed",False,False,False,False,True,False,False,False,False,False,1958462315,,,,,,,,,29,0,,,,,,[],
fantabuloustv,https://t.me/fantabuloustv,654,2024-03-04 11:39:58,"🔥Truecaller v13.58.6 [Gold]

ℹ️ Overview:
Call Blocker & Call Recorder: Block spam calls and texts with call screening

🅿️ Play Store:
com.truecaller

📝 Mod Info:
✪ Gold Features Unlocked 
✪ Multi Languages 
✪ CPUs: armeabi-v7a, arm64-v8a 
✪ Debug Info Removed

✪ Note:
- Drive Backup May Not Work
- Assistant Feature Won't Work

Amoled Version: Click Here",False,False,False,False,True,False,False,False,False,False,1958462315,,,,,,,,,29,1,,,,,,[],
fantabuloustv,https://t.me/fantabuloustv,655,2024-03-04 11:39:58,"🔥Instories v5.2.7 [Pro]

ℹ️ Overview:
Create video for Instagram: effects, fonts, neon, music. Use collage, templates!

🅿️ Play Store:
io.instories

📝 Mod Info:
✪ Pro Features Unlocked 
✪ Multi Languages 
✪ CPUs: universal 
✪ Debug Info Removed",False,False,False,False,True,False,False,False,False,False,1958462315,,,,,,,,,30,0,,,,,,[],
fantabuloustv,https://t.me/fantabuloustv,656,2024-03-04 11:39:58,"🔥<PERSON> v3.3.3.1 [VIP]

ℹ️ Overview:
Use 5000+ Emojis,Custom keyboard,<PERSON>,Themes,Stickers,Gif with AI Keyboard!

🅿️ Play Store:
com.simejikeyboard

📝 Mod Info:
✪ Vip Features Unlocked 
✪ Multi Languages 
✪ CPUs: armeabi-v7a, arm64-v8a 
✪ Debug Info Removed",False,False,False,False,True,False,False,False,False,False,1958462315,,,,,,,,,31,0,,,,,,[],
fantabuloustv,https://t.me/fantabuloustv,657,2024-03-04 11:39:59,"<PERSON> v7.1.2.2 [Premium]

ℹ️ Overview:
A comprehensive productivity tool designed to streamline and organize your life

🅿️ Play Store:
com.ticktick.task

📝 Mod Info:
✪ Premium Features Unlocked 
✪ Multi Languages 
✪ CPUs: arm64-v8a 
✪ Debug Info Removed",False,False,False,False,True,False,False,False,False,False,1958462315,,,,,,,,,34,0,,,,,,[],
fantabuloustv,https://t.me/fantabuloustv,661,2024-03-04 11:40:49,*using the old mod version I think it will be more stable,False,False,False,False,True,False,False,False,False,False,1958462315,,,,,,,,,41,1,,,,,,[],
fantabuloustv,https://t.me/fantabuloustv,662,2024-03-04 11:40:49,"InShot Premium v2.020.1441 (1441)

Short Info:
• Unlocked Premium",False,False,False,False,True,False,False,True,False,False,1958462315,,,,,,,,,41,0,,2024-03-04T12:14:37+00:00,,,"{'_': 'MessageReactions', 'results': [{'_': 'ReactionCount', 'reaction': {'_': 'ReactionEmoji', 'emoticon': '👍'}, 'count': 1, 'chosen_order': None}], 'min': False, 'can_see_list': False, 'reactions_as_tags': False, 'recent_reactions': []}",[],
fantabuloustv,https://t.me/fantabuloustv,664,2024-03-05 05:38:25,<NRP> Duolingo 5.140.5,False,False,False,False,True,False,False,False,False,False,1958462315,,,,,,,,,15,0,,,,,,[],
fantabuloustv,https://t.me/fantabuloustv,670,2024-03-05 05:39:26,,False,False,False,False,True,False,False,False,False,False,1958462315,,,,,,,,,14,0,,,,,,[],
fantabuloustv,https://t.me/fantabuloustv,671,2024-03-05 05:39:26,,False,False,False,False,True,False,False,False,False,False,1958462315,,,,,,,,,14,0,,,,,,[],
fantabuloustv,https://t.me/fantabuloustv,672,2024-03-05 05:39:27,,False,False,False,False,True,False,False,False,False,False,1958462315,,,,,,,,,14,0,,,,,,[],
fantabuloustv,https://t.me/fantabuloustv,674,2024-03-05 05:39:27,,False,False,False,False,True,False,False,False,False,False,1958462315,,,,,,,,,13,0,,,,,,[],
fantabuloustv,https://t.me/fantabuloustv,675,2024-03-05 05:39:28,,False,False,False,False,True,False,False,False,False,False,1958462315,,,,,,,,,13,0,,,,,,[],
fantabuloustv,https://t.me/fantabuloustv,677,2024-03-05 05:39:28,,False,False,False,False,True,False,False,False,False,False,1958462315,,,,,,,,,15,0,,,,,,[],
fantabuloustv,https://t.me/fantabuloustv,678,2024-03-05 05:39:28,,False,False,False,False,True,False,False,False,False,False,1958462315,,,,,,,,,15,0,,,,,,[],
fantabuloustv,https://t.me/fantabuloustv,679,2024-03-05 05:39:29,,False,False,False,False,True,False,False,False,False,False,1958462315,,,,,,,,,14,0,,,,,,[],
fantabuloustv,https://t.me/fantabuloustv,680,2024-03-05 05:39:29,,False,False,False,False,True,False,False,False,False,False,1958462315,,,,,,,,,13,0,,,,,,[],
fantabuloustv,https://t.me/fantabuloustv,683,2024-03-05 05:39:30,,False,False,False,False,True,False,False,False,False,False,1958462315,,,,,,,,,12,0,,,,,,[],
fantabuloustv,https://t.me/fantabuloustv,686,2024-03-05 05:39:30,,False,False,False,False,True,False,False,False,False,False,1958462315,,,,,,,,,13,0,,,,,,[],
fantabuloustv,https://t.me/fantabuloustv,688,2024-03-05 05:39:31,,False,False,False,False,True,False,False,False,False,False,1958462315,,,,,,,,,397,0,,,,,,[],
fantabuloustv,https://t.me/fantabuloustv,689,2024-03-05 05:39:31,,False,False,False,False,True,False,False,False,False,False,1958462315,,,,,,,,,375,0,,,,,,[],
fantabuloustv,https://t.me/fantabuloustv,690,2024-03-05 05:39:31,,False,False,False,False,True,False,False,False,False,False,1958462315,,,,,,,,,380,0,,,,,,[],
fantabuloustv,https://t.me/fantabuloustv,691,2024-03-05 05:39:32,,False,False,False,False,True,False,False,True,False,False,1958462315,,,,,,,,,396,0,,2024-03-05T07:17:11+00:00,,,"{'_': 'MessageReactions', 'results': [], 'min': False, 'can_see_list': False, 'reactions_as_tags': False, 'recent_reactions': []}",[],
fantabuloustv,https://t.me/fantabuloustv,692,2024-03-05 05:39:32,,False,False,False,False,True,False,False,False,False,False,1958462315,,,,,,,,,416,0,,,,,,[],
fantabuloustv,https://t.me/fantabuloustv,693,2024-03-05 05:39:32,,False,False,False,False,True,False,False,False,False,False,1958462315,,,,,,,,,427,0,,,,,,[],
fantabuloustv,https://t.me/fantabuloustv,694,2024-03-05 05:39:32,,False,False,False,False,True,False,False,False,False,False,1958462315,,,,,,,,,433,3,,,,,,[],
fantabuloustv,https://t.me/fantabuloustv,695,2024-03-05 05:39:33,,False,False,False,False,True,False,False,False,False,False,1958462315,,,,,,,,,419,1,,,,,,[],
fantabuloustv,https://t.me/fantabuloustv,696,2024-03-05 05:39:33,,False,False,False,False,True,False,False,True,False,False,1958462315,,,,,,,,,408,0,,2024-03-05T05:46:55+00:00,,,"{'_': 'MessageReactions', 'results': [], 'min': False, 'can_see_list': False, 'reactions_as_tags': False, 'recent_reactions': []}",[],
fantabuloustv,https://t.me/fantabuloustv,697,2024-03-05 05:39:33,,False,False,False,False,True,False,False,False,False,False,1958462315,,,,,,,,,398,2,,,,,,[],
fantabuloustv,https://t.me/fantabuloustv,698,2024-03-05 05:39:33,,False,False,False,False,True,False,False,False,False,False,1958462315,,,,,,,,,399,3,,,,,,[],
fantabuloustv,https://t.me/fantabuloustv,699,2024-03-05 05:39:34,,False,False,False,False,True,False,False,False,False,False,1958462315,,,,,,,,,396,0,,,,,,[],
fantabuloustv,https://t.me/fantabuloustv,700,2024-03-05 05:39:34,,False,False,False,False,True,False,False,False,False,False,1958462315,,,,,,,,,396,0,,,,,,[],
fantabuloustv,https://t.me/fantabuloustv,701,2024-03-05 05:39:34,,False,False,False,False,True,False,False,False,False,False,1958462315,,,,,,,,,403,2,,,,,,[],
fantabuloustv,https://t.me/fantabuloustv,702,2024-03-05 05:39:34,,False,False,False,False,True,False,False,False,False,False,1958462315,,,,,,,,,401,1,,,,,,[],
fantabuloustv,https://t.me/fantabuloustv,703,2024-03-05 05:39:35,,False,False,False,False,True,False,False,False,False,False,1958462315,,,,,,,,,423,2,,,,,,[],
fantabuloustv,https://t.me/fantabuloustv,704,2024-03-05 05:39:35,,False,False,False,False,True,False,False,False,False,False,1958462315,,,,,,,,,432,3,,,,,,[],
fantabuloustv,https://t.me/fantabuloustv,705,2024-03-05 05:39:35,,False,False,False,False,True,False,False,False,False,False,1958462315,,,,,,,,,442,2,,,,,,[],
fantabuloustv,https://t.me/fantabuloustv,706,2024-03-05 05:39:35,,False,False,False,False,True,False,False,False,False,False,1958462315,,,,,,,,,448,1,,,,,,[],
fantabuloustv,https://t.me/fantabuloustv,707,2024-03-05 05:39:36,,False,False,False,False,True,False,False,False,False,False,1958462315,,,,,,,,,459,1,,,,,,[],
fantabuloustv,https://t.me/fantabuloustv,708,2024-03-05 05:39:36,,False,False,False,False,True,False,False,False,False,False,1958462315,,,,,,,,,482,2,,,,,,[],
fantabuloustv,https://t.me/fantabuloustv,709,2024-03-05 05:42:55,,False,False,False,False,True,False,False,True,False,False,1958462315,,,,,,,,,513,2,,2024-03-05T11:45:16+00:00,,,"{'_': 'MessageReactions', 'results': [{'_': 'ReactionCount', 'reaction': {'_': 'ReactionEmoji', 'emoticon': '👍'}, 'count': 1, 'chosen_order': None}], 'min': False, 'can_see_list': False, 'reactions_as_tags': False, 'recent_reactions': []}",[],
fantabuloustv,https://t.me/fantabuloustv,710,2024-03-05 05:42:57,,False,False,False,False,True,False,False,False,False,False,1958462315,,,,,,,,,531,3,,,,,,[],
fantabuloustv,https://t.me/fantabuloustv,716,2024-03-05 05:42:58,,False,False,False,False,True,False,False,True,False,False,1958462315,,,,,,,,,580,7,,2024-03-05T05:51:12+00:00,,,"{'_': 'MessageReactions', 'results': [{'_': 'ReactionCount', 'reaction': {'_': 'ReactionEmoji', 'emoticon': '❤'}, 'count': 2, 'chosen_order': None}, {'_': 'ReactionCount', 'reaction': {'_': 'ReactionEmoji', 'emoticon': '👏'}, 'count': 2, 'chosen_order': None}], 'min': False, 'can_see_list': False, 'reactions_as_tags': False, 'recent_reactions': []}",[],
fantabuloustv,https://t.me/fantabuloustv,717,2024-03-05 05:42:59,,False,False,False,False,True,False,False,False,False,False,1958462315,,,,,,,,,590,8,,,,,,[],
fantabuloustv,https://t.me/fantabuloustv,720,2024-03-06 11:52:19,CapCutt_v11.2.0-US-arm64-MD.apk,False,False,False,False,True,False,False,False,False,False,1958462315,,,,,,,,,398,5,,,,,,[],
fantabuloustv,https://t.me/fantabuloustv,721,2024-03-06 11:56:36,"<PERSON> v6.6.13 [Premium]

ℹ️ Overview:
Mandarin Chinese Learning App for All Beginners

🅿️ Play Store:
com.chineseskill

📝 Mod Info:
✪ Premium Features Unlocked 
✪ Multi Languages 
✪ CPUs: universal 
✪ Debug Info Removed",False,False,False,False,True,False,False,True,False,False,1958462315,,,,,,,,,408,4,,2024-03-07T08:53:41+00:00,,,"{'_': 'MessageReactions', 'results': [{'_': 'ReactionCount', 'reaction': {'_': 'ReactionEmoji', 'emoticon': '👍'}, 'count': 2, 'chosen_order': None}, {'_': 'ReactionCount', 'reaction': {'_': 'ReactionEmoji', 'emoticon': '❤'}, 'count': 1, 'chosen_order': None}], 'min': False, 'can_see_list': False, 'reactions_as_tags': False, 'recent_reactions': []}",[],
fantabuloustv,https://t.me/fantabuloustv,722,2024-03-06 11:56:36,"🔥Audify Music Player v1.156.3 [Premium]

ℹ️ Overview:
Music Player with stunning design and powerful sound quality

🅿️ Play Store:
com.musicplayer.playermusic

📝 Mod Info:
✪ Premium Features Unlocked 
✪ Multi Languages 
✪ CPUs: universal 
✪ Debug Info Removed",False,False,False,False,True,False,False,True,False,False,1958462315,,,,,,,,,427,4,,2024-03-07T06:56:44+00:00,,,"{'_': 'MessageReactions', 'results': [{'_': 'ReactionCount', 'reaction': {'_': 'ReactionEmoji', 'emoticon': '❤'}, 'count': 1, 'chosen_order': None}], 'min': False, 'can_see_list': False, 'reactions_as_tags': False, 'recent_reactions': []}",[],
fantabuloustv,https://t.me/fantabuloustv,723,2024-03-06 11:56:37,"🔥 Word Office v300321 [Premium]

ℹ️ Overview:
Word Office Reader, Viewer & Editor - PDF, DOC, XLS, PPT, All Document Reader

🅿️ Play Store:
com.officedocument.word.docx.document.viewer

📝 Mod Info:
✪ Premium Features Unlocked 
✪ Multi Languages 
✪ CPUs: universal 
✪ Debug Info Removed",False,False,False,False,True,False,False,True,False,False,1958462315,,,,,,,,,476,3,,2024-03-09T00:29:57+00:00,,,"{'_': 'MessageReactions', 'results': [], 'min': False, 'can_see_list': False, 'reactions_as_tags': False, 'recent_reactions': []}",[],
fantabuloustv,https://t.me/fantabuloustv,724,2024-03-06 11:56:37,"🔥Truecaller v13.59.5 [Gold]

ℹ️ Overview:
Call Blocker & Call Recorder: Block spam calls and texts with call screening

🅿️ Play Store:
com.truecaller

📝 Mod Info:
✪ Gold Features Unlocked 
✪ Multi Languages 
✪ CPUs: armeabi-v7a, arm64-v8a 
✪ Debug Info Removed

✪ Note:
- Drive Backup May Not Work
- Assistant Feature Won't Work

Amoled Version: Click Here",False,False,False,False,True,False,False,True,False,False,1958462315,,,,,,,,,534,7,,2024-03-10T23:48:46+00:00,,,"{'_': 'MessageReactions', 'results': [{'_': 'ReactionCount', 'reaction': {'_': 'ReactionEmoji', 'emoticon': '👍'}, 'count': 1, 'chosen_order': None}], 'min': False, 'can_see_list': False, 'reactions_as_tags': False, 'recent_reactions': []}",[],
fantabuloustv,https://t.me/fantabuloustv,725,2024-03-07 13:00:44,"DSTV FOR ALL SMARTPHONES AND FOR YOUR SMART TV APP

Enjoy anywhere anytime. Watch Sports, <NRP> Plays, Dramas, Anime, Cartoons, Wildlife, Tutorials and Many More 

WITHOUTVMAKING SUBSCRIPTIONS

Watch the Above Video to Learn More

💎 GET PREMIUM DSTV PACKAGES HERE NOW
https://selar.co/6w11b4?currency=USD",False,False,False,False,True,False,False,True,False,False,1958462315,,"{'_': 'MessageFwdHeader', 'date': '2024-03-06T11:12:53+00:00', 'imported': False, 'saved_out': False, 'from_id': {'_': 'PeerChannel', 'channel_id': 1185033107}, 'from_name': None, 'channel_post': 5509, 'post_author': None, 'saved_from_peer': None, 'saved_from_msg_id': None, 'saved_from_id': None, 'saved_from_name': None, 'saved_date': None, 'psa_type': None}",,,,,,,314,2,,2024-03-07T19:34:46+00:00,,,"{'_': 'MessageReactions', 'results': [{'_': 'ReactionCount', 'reaction': {'_': 'ReactionEmoji', 'emoticon': '👍'}, 'count': 1, 'chosen_order': None}], 'min': False, 'can_see_list': False, 'reactions_as_tags': False, 'recent_reactions': []}",[],
fantabuloustv,https://t.me/fantabuloustv,726,2024-03-08 08:59:45,"THIS IS A APPRECIATION I GET JUST NOW FROM A MEMBER OF MY DSTV PREMIUM AND FREE CRYPTO MINING COMMUNITY 

This guy was one of those who purchased the DSTV long ago 

And since he made the Payment ONCE, I keep updating the DSTV for them without collecting any money again from them

I dropped another one <DATE_TIME>.. And he was surprised 😂

LONG STORY SHORT.. Are you still doubting to join the DSTV PREMIUM GROUP? 

Dont JOIN LATE.. Things is about to Change

DSTV FOR ALL SMARTPHONES
Get Access Now
https://selar.co/6w11b4?currency=USD

To JOIN MY FREE CRYPTO MINING GROUP
https://t.me/crypto_mining_project/2485",False,False,False,False,True,False,False,True,False,False,1958462315,,"{'_': 'MessageFwdHeader', 'date': '2024-03-08T08:59:02+00:00', 'imported': False, 'saved_out': False, 'from_id': {'_': 'PeerChannel', 'channel_id': 1185033107}, 'from_name': None, 'channel_post': 5532, 'post_author': None, 'saved_from_peer': None, 'saved_from_msg_id': None, 'saved_from_id': None, 'saved_from_name': None, 'saved_date': None, 'psa_type': None}",,,,,6.005909815655776e+18,,281,1,,2024-03-09T13:02:33+00:00,,,"{'_': 'MessageReactions', 'results': [{'_': 'ReactionCount', 'reaction': {'_': 'ReactionEmoji', 'emoticon': '👍'}, 'count': 1, 'chosen_order': None}], 'min': False, 'can_see_list': False, 'reactions_as_tags': False, 'recent_reactions': []}",[],
fantabuloustv,https://t.me/fantabuloustv,780,2024-04-01 06:54:14,,False,False,False,False,True,False,False,False,False,False,1958462315,,,,,,,,,19,0,,,,,,[],
fantabuloustv,https://t.me/fantabuloustv,785,2024-04-01 06:54:19,,False,False,False,False,True,False,False,False,False,False,1958462315,,,,,,,,,16,0,,,,,,[],
fantabuloustv,https://t.me/fantabuloustv,791,2024-04-01 06:55:00,,False,False,False,False,True,False,False,False,False,False,1958462315,,,,,,,,,15,0,,,,,,[],
fantabuloustv,https://t.me/fantabuloustv,797,2024-04-01 06:55:05,,False,False,False,False,True,False,False,False,False,False,1958462315,,,,,,,,,17,0,,,,,,[],
fantabuloustv,https://t.me/fantabuloustv,799,2024-04-01 06:55:07,,False,False,False,False,True,False,False,False,False,False,1958462315,,,,,,,,,175,0,,,,,,[],
fantabuloustv,https://t.me/fantabuloustv,800,2024-04-01 06:55:08,,False,False,False,False,True,False,False,False,False,False,1958462315,,,,,,,,,173,0,,,,,,[],
fantabuloustv,https://t.me/fantabuloustv,801,2024-04-01 06:55:09,,False,False,False,False,True,False,False,False,False,False,1958462315,,,,,,,,,171,0,,,,,,[],
fantabuloustv,https://t.me/fantabuloustv,802,2024-04-01 06:55:10,,False,False,False,False,True,False,False,False,False,False,1958462315,,,,,,,,,171,0,,,,,,[],
fantabuloustv,https://t.me/fantabuloustv,803,2024-04-01 06:55:10,,False,False,False,False,True,False,False,False,False,False,1958462315,,,,,,,,,170,0,,,,,,[],
