Channel ID,URL,Post ID,date,message,out,mentioned,media_unread,silent,post,from_scheduled,legacy,edit_hide,pinned,noforwards,peer_channel,from_id_user,fwd_from,via_bot_id,reply_to_msg_id,reply_to_scheduled,forum_topic,media_photo_id,reply_markup,views,forwards,replies,edit_date,post_author,grouped_id,reactions,restriction_reason,ttl_period
fm_gbwhatsapp_pro_inshot_pro,https://t.me/fm_gbwhatsapp_pro_inshot_pro,4443,2024-02-14 11:41:13,"
❤️ Join Our Private Channel || This Channel Can Be Banned Any Time To Prevent That Channel From Banning Will Make That Channel Private
❤️👇🏻👇👇

https://t.me/+JVGLrhbC02kxZjI1
https://t.me/+JVGLrhbC02kxZjI1
https://t.me/+JVGLrhbC02kxZjI1

👆👆 Join fast guys ⏩",False,False,False,True,True,False,False,False,False,False,1646822116,,,,,,,,,922,1,,,,,,[],
fm_gbwhatsapp_pro_inshot_pro,https://t.me/fm_gbwhatsapp_pro_inshot_pro,4444,2024-02-17 04:32:09,"How To Find Your First Bug For 
Beginners Full Latest Tutorial 2024 😎

About Info :- 
● Bug Finding Video 
● Latest Tutorial 2024

🎭Share with your <PERSON>",False,False,False,True,True,False,False,False,False,False,1646822116,,,,,,,,,632,5,,,,,,[],
fm_gbwhatsapp_pro_inshot_pro,https://t.me/fm_gbwhatsapp_pro_inshot_pro,4445,2024-02-17 04:32:17,"
❤️ Join Our Private Channel || This Channel Can Be Banned Any Time To Prevent That Channel From Banning Will Make That Channel Private
❤️👇🏻👇👇

https://t.me/+JVGLrhbC02kxZjI1
https://t.me/+JVGLrhbC02kxZjI1
https://t.me/+JVGLrhbC02kxZjI1

👆👆 Join fast guys ⏩",False,False,False,True,True,False,False,False,False,False,1646822116,,"{'_': 'MessageFwdHeader', 'date': '2024-02-14T11:41:13+00:00', 'imported': False, 'saved_out': False, 'from_id': {'_': 'PeerChannel', 'channel_id': 1646822116}, 'from_name': None, 'channel_post': 4443, 'post_author': None, 'saved_from_peer': None, 'saved_from_msg_id': None, 'saved_from_id': None, 'saved_from_name': None, 'saved_date': None, 'psa_type': None}",,,,,,,246,0,,,,,,[],
