Channel ID,URL,Post ID,date,message,out,mentioned,media_unread,silent,post,from_scheduled,legacy,edit_hide,pinned,noforwards,peer_channel,from_id_user,fwd_from,via_bot_id,reply_to_msg_id,reply_to_scheduled,forum_topic,media_photo_id,reply_markup,views,forwards,replies,edit_date,post_author,grouped_id,reactions,restriction_reason,ttl_period
free_adobe_softwares,https://t.me/free_adobe_softwares,842,2024-01-01 05:39:45,"Happy New Year 2024 to everyone, 
Step into the New Year with confidence and a heart full of dreams.",False,False,False,False,True,False,False,True,False,False,1202975508,,,,,,,,,18090,1,"{'_': 'MessageReplies', 'replies': 26, 'replies_pts': 26157, 'comments': True, 'recent_repliers': [{'_': 'PeerUser', 'user_id': 1963400559}, {'_': 'PeerUser', 'user_id': 5724854637}, {'_': 'PeerChannel', 'channel_id': 1573350903}], 'channel_id': 1573350903, 'max_id': 16896, 'read_max_id': None}",2024-01-01T05:43:43+00:00,,,"{'_': 'MessageReactions', 'results': [{'_': 'ReactionCount', 'reaction': {'_': 'ReactionEmoji', 'emoticon': '❤'}, 'count': 44, 'chosen_order': None}, {'_': 'ReactionCount', 'reaction': {'_': 'ReactionEmoji', 'emoticon': '👍'}, 'count': 6, 'chosen_order': None}, {'_': 'ReactionCount', 'reaction': {'_': 'ReactionEmoji', 'emoticon': '🔥'}, 'count': 3, 'chosen_order': None}, {'_': 'ReactionCount', 'reaction': {'_': 'ReactionEmoji', 'emoticon': '🥰'}, 'count': 1, 'chosen_order': None}], 'min': False, 'can_see_list': False, 'reactions_as_tags': False, 'recent_reactions': []}",[],
free_adobe_softwares,https://t.me/free_adobe_softwares,844,2024-01-02 16:13:58,"Adobe Premiere Pro 2024
@free_adobe_softwares
https://t.me/+9F0knyPMCVFmYzM1",False,False,False,False,True,False,False,True,False,False,1202975508,,"{'_': 'MessageFwdHeader', 'date': '2024-01-02T16:13:37+00:00', 'imported': False, 'saved_out': False, 'from_id': {'_': 'PeerChannel', 'channel_id': 1570169944}, 'from_name': None, 'channel_post': 621, 'post_author': None, 'saved_from_peer': None, 'saved_from_msg_id': None, 'saved_from_id': None, 'saved_from_name': None, 'saved_date': None, 'psa_type': None}",,,,,,,17982,279,,2024-01-02T16:16:54+00:00,,,"{'_': 'MessageReactions', 'results': [{'_': 'ReactionCount', 'reaction': {'_': 'ReactionEmoji', 'emoticon': '👍'}, 'count': 14, 'chosen_order': None}, {'_': 'ReactionCount', 'reaction': {'_': 'ReactionEmoji', 'emoticon': '❤'}, 'count': 9, 'chosen_order': None}, {'_': 'ReactionCount', 'reaction': {'_': 'ReactionEmoji', 'emoticon': '🥰'}, 'count': 4, 'chosen_order': None}, {'_': 'ReactionCount', 'reaction': {'_': 'ReactionEmoji', 'emoticon': '👏'}, 'count': 1, 'chosen_order': None}], 'min': False, 'can_see_list': False, 'reactions_as_tags': False, 'recent_reactions': []}",[],
free_adobe_softwares,https://t.me/free_adobe_softwares,845,2024-01-04 07:46:14,"Adobe After Effects <DATE_TIME>

Create cinematic movie titles, intros, and transitions. Start a fire or make it rain. Animate a logo or character.


🖥 Version: 2024.v24.0.2.3

@free_adobe_softwares
https://t.me/+9F0knyPMCVFmYzM1",False,False,False,False,True,False,False,True,False,False,1202975508,,,,,,,5.80978741834847e+18,,19889,48,"{'_': 'MessageReplies', 'replies': 15, 'replies_pts': 26157, 'comments': True, 'recent_repliers': [{'_': 'PeerUser', 'user_id': 6446998886}, {'_': 'PeerUser', 'user_id': 1995416418}, {'_': 'PeerUser', 'user_id': 1252572470}], 'channel_id': 1573350903, 'max_id': 18588, 'read_max_id': None}",2024-01-04T08:40:05+00:00,,,"{'_': 'MessageReactions', 'results': [{'_': 'ReactionCount', 'reaction': {'_': 'ReactionEmoji', 'emoticon': '👍'}, 'count': 7, 'chosen_order': None}, {'_': 'ReactionCount', 'reaction': {'_': 'ReactionEmoji', 'emoticon': '❤'}, 'count': 4, 'chosen_order': None}, {'_': 'ReactionCount', 'reaction': {'_': 'ReactionEmoji', 'emoticon': '🔥'}, 'count': 2, 'chosen_order': None}, {'_': 'ReactionCount', 'reaction': {'_': 'ReactionEmoji', 'emoticon': '🥰'}, 'count': 1, 'chosen_order': None}], 'min': False, 'can_see_list': False, 'reactions_as_tags': False, 'recent_reactions': []}",[],
free_adobe_softwares,https://t.me/free_adobe_softwares,846,2024-01-04 07:46:14,"Adobe After Effects 2024

@free_adobe_softwares
https://t.me/+9F0knyPMCVFmYzM1",False,False,False,False,True,False,False,True,False,False,1202975508,,,,,,,,,21578,257,,2024-01-04T08:20:29+00:00,,,"{'_': 'MessageReactions', 'results': [{'_': 'ReactionCount', 'reaction': {'_': 'ReactionEmoji', 'emoticon': '❤'}, 'count': 18, 'chosen_order': None}, {'_': 'ReactionCount', 'reaction': {'_': 'ReactionEmoji', 'emoticon': '👍'}, 'count': 5, 'chosen_order': None}, {'_': 'ReactionCount', 'reaction': {'_': 'ReactionEmoji', 'emoticon': '🔥'}, 'count': 3, 'chosen_order': None}, {'_': 'ReactionCount', 'reaction': {'_': 'ReactionEmoji', 'emoticon': '🥰'}, 'count': 1, 'chosen_order': None}], 'min': False, 'can_see_list': False, 'reactions_as_tags': False, 'recent_reactions': []}",[],
free_adobe_softwares,https://t.me/free_adobe_softwares,847,2024-01-06 06:02:50,,False,False,False,False,True,False,False,True,False,False,1202975508,,,,,,,6.089061344579015e+18,,19799,59,"{'_': 'MessageReplies', 'replies': 37, 'replies_pts': 26157, 'comments': True, 'recent_repliers': [{'_': 'PeerUser', 'user_id': 6002159008}, {'_': 'PeerChannel', 'channel_id': 1573350903}, {'_': 'PeerUser', 'user_id': 5098900654}], 'channel_id': 1573350903, 'max_id': 18313, 'read_max_id': None}",2024-01-08T22:06:08+00:00,,,"{'_': 'MessageReactions', 'results': [{'_': 'ReactionCount', 'reaction': {'_': 'ReactionEmoji', 'emoticon': '👍'}, 'count': 7, 'chosen_order': None}, {'_': 'ReactionCount', 'reaction': {'_': 'ReactionEmoji', 'emoticon': '❤'}, 'count': 1, 'chosen_order': None}, {'_': 'ReactionCount', 'reaction': {'_': 'ReactionEmoji', 'emoticon': '🔥'}, 'count': 1, 'chosen_order': None}], 'min': False, 'can_see_list': False, 'reactions_as_tags': False, 'recent_reactions': []}",[],
free_adobe_softwares,https://t.me/free_adobe_softwares,848,2024-01-06 06:02:50,,False,False,False,False,True,False,False,True,False,False,1202975508,,,,,,,,,23239,387,,2024-01-06T06:17:53+00:00,,,"{'_': 'MessageReactions', 'results': [{'_': 'ReactionCount', 'reaction': {'_': 'ReactionEmoji', 'emoticon': '👍'}, 'count': 27, 'chosen_order': None}, {'_': 'ReactionCount', 'reaction': {'_': 'ReactionEmoji', 'emoticon': '🔥'}, 'count': 9, 'chosen_order': None}, {'_': 'ReactionCount', 'reaction': {'_': 'ReactionEmoji', 'emoticon': '❤'}, 'count': 2, 'chosen_order': None}], 'min': False, 'can_see_list': False, 'reactions_as_tags': False, 'recent_reactions': []}",[],
free_adobe_softwares,https://t.me/free_adobe_softwares,849,2024-01-07 05:32:55,"Guys if you have Telegram Premium Subscription then you can boost this channel to reach new levels and unlock more features and giveaways in this channel. 

So requesting all telegram premium users to please boost our channel by clicking on this link. 

https://t.me/free_adobe_softwares?boost",False,False,False,False,True,False,False,True,False,False,1202975508,,,,,,,,,21151,5,"{'_': 'MessageReplies', 'replies': 25, 'replies_pts': 26157, 'comments': True, 'recent_repliers': [{'_': 'PeerUser', 'user_id': 6063285842}, {'_': 'PeerUser', 'user_id': 6002648245}, {'_': 'PeerUser', 'user_id': 6607976973}], 'channel_id': 1573350903, 'max_id': 17913, 'read_max_id': None}",2024-01-07T08:21:30+00:00,,,"{'_': 'MessageReactions', 'results': [{'_': 'ReactionCount', 'reaction': {'_': 'ReactionEmoji', 'emoticon': '👍'}, 'count': 16, 'chosen_order': None}, {'_': 'ReactionCount', 'reaction': {'_': 'ReactionEmoji', 'emoticon': '❤'}, 'count': 6, 'chosen_order': None}, {'_': 'ReactionCount', 'reaction': {'_': 'ReactionEmoji', 'emoticon': '🥰'}, 'count': 3, 'chosen_order': None}], 'min': False, 'can_see_list': False, 'reactions_as_tags': False, 'recent_reactions': []}",[],
free_adobe_softwares,https://t.me/free_adobe_softwares,851,2024-01-12 16:07:32,Maxon ZBrush 2024.0,False,False,False,False,True,False,False,True,False,False,1202975508,,,,,,,5.262556697338171e+18,,18446,29,"{'_': 'MessageReplies', 'replies': 9, 'replies_pts': 26157, 'comments': True, 'recent_repliers': [{'_': 'PeerChannel', 'channel_id': 1573350903}, {'_': 'PeerUser', 'user_id': 1883037270}, {'_': 'PeerUser', 'user_id': 5307416769}], 'channel_id': 1573350903, 'max_id': 18481, 'read_max_id': None}",2024-01-12T16:10:49+00:00,,,"{'_': 'MessageReactions', 'results': [{'_': 'ReactionCount', 'reaction': {'_': 'ReactionEmoji', 'emoticon': '👍'}, 'count': 6, 'chosen_order': None}, {'_': 'ReactionCount', 'reaction': {'_': 'ReactionEmoji', 'emoticon': '🔥'}, 'count': 6, 'chosen_order': None}, {'_': 'ReactionCount', 'reaction': {'_': 'ReactionEmoji', 'emoticon': '❤'}, 'count': 4, 'chosen_order': None}, {'_': 'ReactionCount', 'reaction': {'_': 'ReactionEmoji', 'emoticon': '🥰'}, 'count': 1, 'chosen_order': None}], 'min': False, 'can_see_list': False, 'reactions_as_tags': False, 'recent_reactions': []}",[],
free_adobe_softwares,https://t.me/free_adobe_softwares,853,2024-01-14 17:11:15,,False,False,False,False,True,False,False,True,False,False,1202975508,,,,,,,,,18375,1,"{'_': 'MessageReplies', 'replies': 20, 'replies_pts': 26157, 'comments': True, 'recent_repliers': [{'_': 'PeerUser', 'user_id': 2005561953}, {'_': 'PeerUser', 'user_id': 1436456911}, {'_': 'PeerUser', 'user_id': 1150219810}], 'channel_id': 1573350903, 'max_id': 17767, 'read_max_id': None}",2024-01-15T06:12:09+00:00,,,"{'_': 'MessageReactions', 'results': [{'_': 'ReactionCount', 'reaction': {'_': 'ReactionEmoji', 'emoticon': '👍'}, 'count': 9, 'chosen_order': None}, {'_': 'ReactionCount', 'reaction': {'_': 'ReactionEmoji', 'emoticon': '🥰'}, 'count': 6, 'chosen_order': None}], 'min': False, 'can_see_list': False, 'reactions_as_tags': False, 'recent_reactions': []}",[],
free_adobe_softwares,https://t.me/free_adobe_softwares,865,2024-02-04 05:12:28,"Sign up now and get chance to win Lifetime Unlimited data Traffic 

If Your Google Drive is Full and want to transfer Files from One Google Drive to another you can use MultCloud.

It helps in transferring files from one cloud storage to another hasselfree.

<PERSON>

How to Move Files from One Google Drive to Another by MultCloud. 

Step 1. Sign up for MultCloud and log in
multcloud.com/register

Step 2. Click “Add Cloud” and choose the Google Drive icon. Then choose a Google Drive account in the pop-up window to add a Google Drive to MultCloud. After that, add another Google Drive to MultCloud in the same way.

Step 3. Click “Cloud Transfer” on the left, and select files and folders in a Google Drive account as the source. Then click choose another Google Drive account or a folder in it as the destination.

Step 4. Click “Transfer Now” and MultCloud will move your files from one Google Drive account to another immediately.",False,False,False,False,True,False,False,False,False,False,1202975508,,,,,,,6.194923299058858e+18,,11310,21,"{'_': 'MessageReplies', 'replies': 5, 'replies_pts': 26157, 'comments': True, 'recent_repliers': [{'_': 'PeerUser', 'user_id': 1902729549}, {'_': 'PeerUser', 'user_id': 5406487603}, {'_': 'PeerUser', 'user_id': 93274284}], 'channel_id': 1573350903, 'max_id': 18349, 'read_max_id': None}",2024-02-04T05:17:28+00:00,,,"{'_': 'MessageReactions', 'results': [{'_': 'ReactionCount', 'reaction': {'_': 'ReactionEmoji', 'emoticon': '👍'}, 'count': 14, 'chosen_order': None}, {'_': 'ReactionCount', 'reaction': {'_': 'ReactionEmoji', 'emoticon': '❤'}, 'count': 5, 'chosen_order': None}, {'_': 'ReactionCount', 'reaction': {'_': 'ReactionEmoji', 'emoticon': '🥰'}, 'count': 1, 'chosen_order': None}], 'min': False, 'can_see_list': False, 'reactions_as_tags': False, 'recent_reactions': []}",[],
free_adobe_softwares,https://t.me/free_adobe_softwares,866,2024-02-07 02:32:26,"CANVA TEAM INVITE 
Join the team as soon as possible, it might get full any time 


https://www.canva.com/brand/join?token=5pOlTsmUvmQ8c1vgFSDjNQ&referrer=team-invite

https://www.canva.com/brand/join?token=OFaBvwA5Grp3MhLG5KamRA&referrer=team-invite

https://www.canva.com/brand/join?token=JGQCOFuRHJ6KhzfaLy72vA&referrer=team-invite

https://www.canva.com/brand/join?token=hMB3T4kOd00VqulFLSBYjA&referrer=team-invite

send Screenshot after joining",False,False,False,False,True,False,False,True,False,False,1202975508,,"{'_': 'MessageFwdHeader', 'date': '2024-02-06T18:32:50+00:00', 'imported': False, 'saved_out': False, 'from_id': {'_': 'PeerChannel', 'channel_id': 1570169944}, 'from_name': None, 'channel_post': 625, 'post_author': None, 'saved_from_peer': None, 'saved_from_msg_id': None, 'saved_from_id': None, 'saved_from_name': None, 'saved_date': None, 'psa_type': None}",,,,,,,10457,13,"{'_': 'MessageReplies', 'replies': 36, 'replies_pts': 26157, 'comments': True, 'recent_repliers': [{'_': 'PeerUser', 'user_id': 6151199527}, {'_': 'PeerUser', 'user_id': 6739965921}, {'_': 'PeerUser', 'user_id': 5118866859}], 'channel_id': 1573350903, 'max_id': 18536, 'read_max_id': None}",2024-02-07T09:48:44+00:00,,,"{'_': 'MessageReactions', 'results': [{'_': 'ReactionCount', 'reaction': {'_': 'ReactionEmoji', 'emoticon': '👍'}, 'count': 5, 'chosen_order': None}, {'_': 'ReactionCount', 'reaction': {'_': 'ReactionEmoji', 'emoticon': '❤'}, 'count': 1, 'chosen_order': None}, {'_': 'ReactionCount', 'reaction': {'_': 'ReactionEmoji', 'emoticon': '🥰'}, 'count': 1, 'chosen_order': None}], 'min': False, 'can_see_list': False, 'reactions_as_tags': False, 'recent_reactions': []}",[],
free_adobe_softwares,https://t.me/free_adobe_softwares,873,2024-02-20 18:02:44,"Get this Course for completely free. 
This Coupon may expire anytime. 
Claim fast 


Essential Photoshop Course for beginners to Advance. 

https://www.udemy.com/course/graphics-design-video-editing-for-beginner-to-advanced/?couponCode=3D1E00EB235137A5CF98

Coupon Code : 
3D1E00EB235137A5CF98",False,False,False,False,True,False,False,False,False,False,1202975508,,,,,,,6.244258626315337e+18,,3876,6,"{'_': 'MessageReplies', 'replies': 13, 'replies_pts': 26157, 'comments': True, 'recent_repliers': [{'_': 'PeerChannel', 'channel_id': 1573350903}, {'_': 'PeerUser', 'user_id': 1454479202}, {'_': 'PeerUser', 'user_id': 1111824492}], 'channel_id': 1573350903, 'max_id': 18741, 'read_max_id': None}",2024-02-20T18:12:46+00:00,,,"{'_': 'MessageReactions', 'results': [{'_': 'ReactionCount', 'reaction': {'_': 'ReactionEmoji', 'emoticon': '❤'}, 'count': 4, 'chosen_order': None}, {'_': 'ReactionCount', 'reaction': {'_': 'ReactionEmoji', 'emoticon': '👍'}, 'count': 3, 'chosen_order': None}, {'_': 'ReactionCount', 'reaction': {'_': 'ReactionEmoji', 'emoticon': '🥰'}, 'count': 2, 'chosen_order': None}], 'min': False, 'can_see_list': False, 'reactions_as_tags': False, 'recent_reactions': []}",[],
