Channel ID,URL,Post ID,date,message,out,mentioned,media_unread,silent,post,from_scheduled,legacy,edit_hide,pinned,noforwards,peer_channel,from_id_user,fwd_from,via_bot_id,reply_to_msg_id,reply_to_scheduled,forum_topic,media_photo_id,reply_markup,views,forwards,replies,edit_date,post_author,grouped_id,reactions,restriction_reason,ttl_period
happymod_apks,https://t.me/happymod_apks,522,2024-01-04 19:13:41,"🤖 DUMPSTER 🗑️ [PREMIUM]
<PERSON>
🤖 Version: v 3.21.414 🔔 #update
<PERSON>
🤖 Get It Here ➡️ CLICK HERE
<PERSON> VIP Channel ➡️ CLICK HERE
<PERSON> 🔥
❤️Premium Features Unlocked 
━━━━━━━━━━━━━━━━━━",False,False,False,False,True,False,False,True,False,False,1441082605,,"{'_': 'MessageFwdHeader', 'date': '2023-12-31T12:27:06+00:00', 'imported': False, 'saved_out': False, 'from_id': {'_': 'PeerChannel', 'channel_id': 1597218016}, 'from_name': None, 'channel_post': 11273, 'post_author': None, 'saved_from_peer': None, 'saved_from_msg_id': None, 'saved_from_id': None, 'saved_from_name': None, 'saved_date': None, 'psa_type': None}",,,,,5.791929382418367e+18,,7633,4,,2024-01-04T19:13:58+00:00,,,"{'_': 'MessageReactions', 'results': [{'_': 'ReactionCount', 'reaction': {'_': 'ReactionEmoji', 'emoticon': '👍'}, 'count': 5, 'chosen_order': None}, {'_': 'ReactionCount', 'reaction': {'_': 'ReactionEmoji', 'emoticon': '❤'}, 'count': 3, 'chosen_order': None}], 'min': False, 'can_see_list': False, 'reactions_as_tags': False, 'recent_reactions': []}",[],
happymod_apks,https://t.me/happymod_apks,523,2024-01-04 19:13:41,,False,False,False,False,True,False,False,True,False,False,1441082605,,"{'_': 'MessageFwdHeader', 'date': '2023-12-31T12:27:08+00:00', 'imported': False, 'saved_out': False, 'from_id': {'_': 'PeerChannel', 'channel_id': 1597218016}, 'from_name': None, 'channel_post': 11274, 'post_author': None, 'saved_from_peer': None, 'saved_from_msg_id': None, 'saved_from_id': None, 'saved_from_name': None, 'saved_date': None, 'psa_type': None}",,,,,,,7622,14,,2024-01-04T19:13:56+00:00,,,"{'_': 'MessageReactions', 'results': [{'_': 'ReactionCount', 'reaction': {'_': 'ReactionEmoji', 'emoticon': '❤'}, 'count': 5, 'chosen_order': None}, {'_': 'ReactionCount', 'reaction': {'_': 'ReactionEmoji', 'emoticon': '👍'}, 'count': 2, 'chosen_order': None}], 'min': False, 'can_see_list': False, 'reactions_as_tags': False, 'recent_reactions': []}",[],
happymod_apks,https://t.me/happymod_apks,524,2024-01-06 14:48:29,"📍 Location Changer [Premium]
<PERSON>
🤖 Version: v 3.2.2 🔔 #update
<PERSON>️➡️Preview:
Location Changer helps users fake their current locations for various purposes, mainly to avoid detection or tracking from apps or services that they are uncomfortable with or even change many settings for a better website experience.
<PERSON> VIP Channel ➡️ CLICK HERE
<PERSON> 🔥
❤️Premium Features Unlocked 
━━━━━━━━━━━━━━━━━━
🔵Official Channel➡️@Hackbox02✅",False,False,False,False,True,False,False,True,False,False,1441082605,,"{'_': 'MessageFwdHeader', 'date': '2023-12-31T12:27:12+00:00', 'imported': False, 'saved_out': False, 'from_id': {'_': 'PeerChannel', 'channel_id': 1597218016}, 'from_name': None, 'channel_post': 11275, 'post_author': None, 'saved_from_peer': None, 'saved_from_msg_id': None, 'saved_from_id': None, 'saved_from_name': None, 'saved_date': None, 'psa_type': None}",,,,,5.805168619108286e+18,,8208,11,,2024-01-06T14:54:02+00:00,,,"{'_': 'MessageReactions', 'results': [{'_': 'ReactionCount', 'reaction': {'_': 'ReactionEmoji', 'emoticon': '👍'}, 'count': 3, 'chosen_order': None}, {'_': 'ReactionCount', 'reaction': {'_': 'ReactionEmoji', 'emoticon': '❤'}, 'count': 1, 'chosen_order': None}], 'min': False, 'can_see_list': False, 'reactions_as_tags': False, 'recent_reactions': []}",[],
happymod_apks,https://t.me/happymod_apks,525,2024-01-06 14:48:34,,False,False,False,False,True,False,False,True,False,False,1441082605,,"{'_': 'MessageFwdHeader', 'date': '2023-12-31T12:27:14+00:00', 'imported': False, 'saved_out': False, 'from_id': {'_': 'PeerChannel', 'channel_id': 1597218016}, 'from_name': None, 'channel_post': 11276, 'post_author': None, 'saved_from_peer': None, 'saved_from_msg_id': None, 'saved_from_id': None, 'saved_from_name': None, 'saved_date': None, 'psa_type': None}",,,,,,,8646,28,,2024-01-06T14:58:14+00:00,,,"{'_': 'MessageReactions', 'results': [{'_': 'ReactionCount', 'reaction': {'_': 'ReactionEmoji', 'emoticon': '👍'}, 'count': 5, 'chosen_order': None}], 'min': False, 'can_see_list': False, 'reactions_as_tags': False, 'recent_reactions': []}",[],
happymod_apks,https://t.me/happymod_apks,526,2024-01-10 04:28:04,"🤖AI Chat Open Assistant <PERSON>
🤖 Version: v 3.5.3 🔔 #update
<PERSON>
🤖Playstore ➡️ CLICK HERE
<PERSON> VIP Channel ➡️ CLICK HERE
<PERSON> 🔥
❤️Unlimited Messages
❤️ChatGPT 4 access
❤️Premium Unlocked
<PERSON>",False,False,False,False,True,False,False,True,False,False,1441082605,,,,,,,5.82371240669674e+18,,8338,9,,2024-01-10T05:16:53+00:00,,,"{'_': 'MessageReactions', 'results': [{'_': 'ReactionCount', 'reaction': {'_': 'ReactionEmoji', 'emoticon': '👍'}, 'count': 16, 'chosen_order': None}, {'_': 'ReactionCount', 'reaction': {'_': 'ReactionEmoji', 'emoticon': '❤'}, 'count': 4, 'chosen_order': None}, {'_': 'ReactionCount', 'reaction': {'_': 'ReactionEmoji', 'emoticon': '🔥'}, 'count': 1, 'chosen_order': None}], 'min': False, 'can_see_list': False, 'reactions_as_tags': False, 'recent_reactions': []}",[],
happymod_apks,https://t.me/happymod_apks,527,2024-01-10 04:28:04,,False,False,False,False,True,False,False,True,False,False,1441082605,,,,,,,,,8503,36,,2024-01-13T16:36:02+00:00,,,"{'_': 'MessageReactions', 'results': [{'_': 'ReactionCount', 'reaction': {'_': 'ReactionEmoji', 'emoticon': '👍'}, 'count': 13, 'chosen_order': None}, {'_': 'ReactionCount', 'reaction': {'_': 'ReactionEmoji', 'emoticon': '👎'}, 'count': 3, 'chosen_order': None}], 'min': False, 'can_see_list': False, 'reactions_as_tags': False, 'recent_reactions': []}",[],
happymod_apks,https://t.me/happymod_apks,529,2024-01-27 07:09:11,"ℹ️ │ Auto Click v <DATE_TIME>
⚙ │ Android: 6.0 and up  #update 🔔
🤖 │ Playstore / Official Site Link
<PERSON>
☑ | Features & Mod Info ✅
✅Premium Unlocked
<PERSON>👑VIP Link ➜ Click Here
<PERSON>",False,False,False,False,True,False,False,True,False,False,1441082605,,,,,,,5.879951915356374e+18,,5339,9,,2024-01-27T08:03:20+00:00,,,"{'_': 'MessageReactions', 'results': [{'_': 'ReactionCount', 'reaction': {'_': 'ReactionEmoji', 'emoticon': '👍'}, 'count': 4, 'chosen_order': None}, {'_': 'ReactionCount', 'reaction': {'_': 'ReactionEmoji', 'emoticon': '❤'}, 'count': 2, 'chosen_order': None}], 'min': False, 'can_see_list': False, 'reactions_as_tags': False, 'recent_reactions': []}",[],
happymod_apks,https://t.me/happymod_apks,530,2024-01-27 07:09:11,,False,False,False,False,True,False,False,True,False,False,1441082605,,,,,,,,,5598,25,,2024-01-27T07:15:53+00:00,,,"{'_': 'MessageReactions', 'results': [{'_': 'ReactionCount', 'reaction': {'_': 'ReactionEmoji', 'emoticon': '❤'}, 'count': 5, 'chosen_order': None}, {'_': 'ReactionCount', 'reaction': {'_': 'ReactionEmoji', 'emoticon': '🔥'}, 'count': 1, 'chosen_order': None}], 'min': False, 'can_see_list': False, 'reactions_as_tags': False, 'recent_reactions': []}",[],
happymod_apks,https://t.me/happymod_apks,531,2024-02-09 06:58:02,"<PERSON> [Mod]
<PERSON>
🤖 Version: v <DATE_TIME>.616
<PERSON> Get It On Google Playstore
<PERSON> 🔥
🔘 Mod Unlocked.
<PERSON>",False,False,False,False,True,False,False,True,False,False,1441082605,,"{'_': 'MessageFwdHeader', 'date': '2024-02-09T06:57:19+00:00', 'imported': False, 'saved_out': False, 'from_id': {'_': 'PeerChannel', 'channel_id': 1597218016}, 'from_name': None, 'channel_post': 11361, 'post_author': None, 'saved_from_peer': None, 'saved_from_msg_id': None, 'saved_from_id': None, 'saved_from_name': None, 'saved_date': None, 'psa_type': None}",,,,,5.920487069371711e+18,,3298,8,,2024-02-12T04:26:40+00:00,,,"{'_': 'MessageReactions', 'results': [{'_': 'ReactionCount', 'reaction': {'_': 'ReactionEmoji', 'emoticon': '👍'}, 'count': 3, 'chosen_order': None}, {'_': 'ReactionCount', 'reaction': {'_': 'ReactionEmoji', 'emoticon': '❤'}, 'count': 2, 'chosen_order': None}], 'min': False, 'can_see_list': False, 'reactions_as_tags': False, 'recent_reactions': []}",[],
happymod_apks,https://t.me/happymod_apks,532,2024-02-09 06:58:02,,False,False,False,False,True,False,False,True,False,False,1441082605,,"{'_': 'MessageFwdHeader', 'date': '2024-02-09T06:57:21+00:00', 'imported': False, 'saved_out': False, 'from_id': {'_': 'PeerChannel', 'channel_id': 1597218016}, 'from_name': None, 'channel_post': 11362, 'post_author': None, 'saved_from_peer': None, 'saved_from_msg_id': None, 'saved_from_id': None, 'saved_from_name': None, 'saved_date': None, 'psa_type': None}",,,,,,,3472,39,,2024-02-10T18:07:55+00:00,,,"{'_': 'MessageReactions', 'results': [{'_': 'ReactionCount', 'reaction': {'_': 'ReactionEmoji', 'emoticon': '❤'}, 'count': 5, 'chosen_order': None}], 'min': False, 'can_see_list': False, 'reactions_as_tags': False, 'recent_reactions': []}",[],
happymod_apks,https://t.me/happymod_apks,533,2024-02-14 15:03:11,"™️ │ Twitter - X 
⚙ │ Android: 6.0 and up  #update 🔔
🤖 │ Playstore/Official Link
<PERSON>
☑ | Features & Mod Info ✅
✅Able to Download Images/Videos/<PERSON> Read Messages option 
✅Typing Status able to Hide
✅Hide/Show Floating Button
✅Options for Disable/enabling few tabs
✅Added Download Resolution
✅Only Email/FB Login works
<PERSON>",False,False,False,False,True,False,False,True,False,False,1441082605,,"{'_': 'MessageFwdHeader', 'date': '2024-02-14T15:01:48+00:00', 'imported': False, 'saved_out': False, 'from_id': {'_': 'PeerChannel', 'channel_id': 1597218016}, 'from_name': None, 'channel_post': 11363, 'post_author': None, 'saved_from_peer': None, 'saved_from_msg_id': None, 'saved_from_id': None, 'saved_from_name': None, 'saved_date': None, 'psa_type': None}",,,,,5.936248658750194e+18,,2502,5,,2024-02-16T19:19:48+00:00,,,"{'_': 'MessageReactions', 'results': [{'_': 'ReactionCount', 'reaction': {'_': 'ReactionEmoji', 'emoticon': '👍'}, 'count': 3, 'chosen_order': None}, {'_': 'ReactionCount', 'reaction': {'_': 'ReactionEmoji', 'emoticon': '❤'}, 'count': 1, 'chosen_order': None}], 'min': False, 'can_see_list': False, 'reactions_as_tags': False, 'recent_reactions': []}",[],
happymod_apks,https://t.me/happymod_apks,534,2024-02-14 15:03:11,,False,False,False,False,True,False,False,True,False,False,1441082605,,"{'_': 'MessageFwdHeader', 'date': '2024-02-14T15:01:50+00:00', 'imported': False, 'saved_out': False, 'from_id': {'_': 'PeerChannel', 'channel_id': 1597218016}, 'from_name': None, 'channel_post': 11364, 'post_author': None, 'saved_from_peer': None, 'saved_from_msg_id': None, 'saved_from_id': None, 'saved_from_name': None, 'saved_date': None, 'psa_type': None}",,,,,,,2579,11,,2024-02-14T17:43:04+00:00,,,"{'_': 'MessageReactions', 'results': [{'_': 'ReactionCount', 'reaction': {'_': 'ReactionEmoji', 'emoticon': '🔥'}, 'count': 3, 'chosen_order': None}], 'min': False, 'can_see_list': False, 'reactions_as_tags': False, 'recent_reactions': []}",[],
happymod_apks,https://t.me/happymod_apks,535,2024-02-23 09:58:54,"🤖 │ QAI Chat
⚙ │ Android: 6.0 and up  #update 🔔
🤖 │ Playstore/Official Link
<PERSON>
☑ | Features & Mod Info ✅
✅Unlock creativity with QAI Chat: AI chat app fueled by ChatGPT, GPT 4 API. Engage intelligently!
<PERSON>",False,False,False,False,True,False,False,True,False,False,1441082605,,"{'_': 'MessageFwdHeader', 'date': '2024-02-23T09:58:18+00:00', 'imported': False, 'saved_out': False, 'from_id': {'_': 'PeerChannel', 'channel_id': 1597218016}, 'from_name': None, 'channel_post': 11365, 'post_author': None, 'saved_from_peer': None, 'saved_from_msg_id': None, 'saved_from_id': None, 'saved_from_name': None, 'saved_date': None, 'psa_type': None}",,,,,5.965290033604837e+18,,870,5,,2024-02-23T17:25:42+00:00,,,"{'_': 'MessageReactions', 'results': [{'_': 'ReactionCount', 'reaction': {'_': 'ReactionEmoji', 'emoticon': '👍'}, 'count': 3, 'chosen_order': None}], 'min': False, 'can_see_list': False, 'reactions_as_tags': False, 'recent_reactions': []}",[],
happymod_apks,https://t.me/happymod_apks,536,2024-02-23 09:58:54,,False,False,False,False,True,False,False,False,False,False,1441082605,,"{'_': 'MessageFwdHeader', 'date': '2024-02-23T09:58:21+00:00', 'imported': False, 'saved_out': False, 'from_id': {'_': 'PeerChannel', 'channel_id': 1597218016}, 'from_name': None, 'channel_post': 11366, 'post_author': None, 'saved_from_peer': None, 'saved_from_msg_id': None, 'saved_from_id': None, 'saved_from_name': None, 'saved_date': None, 'psa_type': None}",,,,,,,864,13,,,,,,[],
happymod_apks,https://t.me/happymod_apks,538,2024-03-02 08:20:55,,False,False,False,False,True,False,False,False,False,False,1441082605,,"{'_': 'MessageFwdHeader', 'date': '2024-03-02T08:20:28+00:00', 'imported': False, 'saved_out': False, 'from_id': {'_': 'PeerChannel', 'channel_id': 1597218016}, 'from_name': None, 'channel_post': 11368, 'post_author': None, 'saved_from_peer': None, 'saved_from_msg_id': None, 'saved_from_id': None, 'saved_from_name': None, 'saved_date': None, 'psa_type': None}",,,,,,,15,0,,,,,,[],
