Channel ID,URL,Post ID,date,message,out,mentioned,media_unread,silent,post,from_scheduled,legacy,edit_hide,pinned,noforwards,peer_channel,from_id_user,fwd_from,via_bot_id,reply_to_msg_id,reply_to_scheduled,forum_topic,media_photo_id,reply_markup,views,forwards,replies,edit_date,post_author,grouped_id,reactions,restriction_reason,ttl_period
hubhacking,https://t.me/hubhacking,777,2024-01-01 17:03:24,"Xamalicious Android Malware Targeted Users Via Google Play Store Apps

https://latesthackingnews.com/<DATE_TIME>/xamalicious-android-malware-targeted-users-via-google-play-store-apps/",False,False,False,True,True,False,False,True,False,False,1362710724,,,,,,,,,1410.0,4.0,"{'_': 'MessageReplies', 'replies': 0, 'replies_pts': 868, 'comments': True, 'recent_repliers': [], 'channel_id': 1637810999, 'max_id': None, 'read_max_id': None}",2024-01-01T17:03:27+00:00,,,,[],
hubhacking,https://t.me/hubhacking,778,2024-01-02 15:31:24,MaxBulk.Mailer.Pro,False,False,False,True,True,False,False,True,False,False,1362710724,,,,,,,,,1226.0,12.0,"{'_': 'MessageReplies', 'replies': 0, 'replies_pts': 868, 'comments': True, 'recent_repliers': [], 'channel_id': 1637810999, 'max_id': None, 'read_max_id': None}",2024-01-02T15:31:27+00:00,,,,[],
hubhacking,https://t.me/hubhacking,779,2024-01-02 15:31:37,,False,False,False,True,True,False,False,True,False,False,1362710724,,,,,,,,,1183.0,18.0,"{'_': 'MessageReplies', 'replies': 0, 'replies_pts': 868, 'comments': True, 'recent_repliers': [], 'channel_id': 1637810999, 'max_id': None, 'read_max_id': None}",2024-01-02T15:31:40+00:00,,,,[],
hubhacking,https://t.me/hubhacking,780,2024-01-03 21:29:03,"🕸CloakQuest3r - Uncover The True IP Address Of Websites Safeguarded By Cloudflare 

📝CloakQuest3r is a powerful Python tool meticulously crafted to uncover the true IP address of websites safeguarded by Cloudflare, a widely adopted web security and performance enhancement service.

📌Features 

🔹Real IP Detection: CloakQuest3r excels in the art of discovering the real IP address of web servers employing Cloudflare's services. This crucial information is paramount for conducting comprehensive penetration tests and ensuring the security of web assets.

🔹Subdomain Scanning: Subdomain scanning is harnessed as a fundamental component in the process of finding the real IP address. It aids in the identification of the actual server responsible for hosting the website and its associated subdomains.

🔹Threaded Scanning: To enhance efficiency and expedite the real IP detection process, CloakQuest3r utilizes threading. This feature enables scanning of a substantial list of subdomains without significantly extending the execution time.

🔹Detailed Reporting: The tool provides comprehensive output, including the total number of subdomains scanned, the total number of subdomains found, and the time taken for the scan. Any real IP addresses unveiled during the process are also presented, facilitating in-depth analysis and penetration testing.

🔗https://github.com/spyboy-productions/CloakQuest3r",False,False,False,True,True,False,False,True,False,False,1362710724,,,,,,,,,1227.0,13.0,"{'_': 'MessageReplies', 'replies': 0, 'replies_pts': 868, 'comments': True, 'recent_repliers': [], 'channel_id': 1637810999, 'max_id': None, 'read_max_id': None}",2024-01-04T02:00:04+00:00,,,"{'_': 'MessageReactions', 'results': [{'_': 'ReactionCount', 'reaction': {'_': 'ReactionEmoji', 'emoticon': '🔥'}, 'count': 2, 'chosen_order': None}], 'min': False, 'can_see_list': False, 'reactions_as_tags': False, 'recent_reactions': []}",[],
hubhacking,https://t.me/hubhacking,781,2024-01-04 02:49:37,,False,False,False,False,True,False,False,True,False,False,1362710724,,,,,,,,,1141.0,0.0,"{'_': 'MessageReplies', 'replies': 0, 'replies_pts': 868, 'comments': True, 'recent_repliers': [], 'channel_id': 1637810999, 'max_id': None, 'read_max_id': None}",2024-01-04T02:49:40+00:00,,,,[],
hubhacking,https://t.me/hubhacking,782,2024-01-04 06:57:36,"Epic Games Giving A Plague Tale For Free 🔥

Claim it Fast 🥰

https://store.epicgames.com/en-US/p/a-plague-tale-innocence",False,False,False,True,True,False,False,True,False,False,1362710724,,,,,,,,,1249.0,1.0,"{'_': 'MessageReplies', 'replies': 0, 'replies_pts': 868, 'comments': True, 'recent_repliers': [], 'channel_id': 1637810999, 'max_id': None, 'read_max_id': None}",2024-01-04T06:57:39+00:00,,,,[],
hubhacking,https://t.me/hubhacking,783,2024-01-05 19:43:49,"💉SQL injection to RCE

📝SQL injection is a type of web application vulnerability that allows an attacker to execute arbitrary SQL commands on a vulnerable web application’s backend database. If the web application is not properly secured, an attacker can leverage a successful SQL injection attack to achieve Remote Code Execution (RCE) on the target server.

📋In this blog, we will explore how SQL injection vulnerabilities can be exploited to achieve RCE on a vulnerable server, along with examples of payloads that can be used to exploit these vulnerabilities.

🔗https://en.hacks.gr/<DATE_TIME>/sql-injection-to-rce/",False,False,False,True,True,False,False,True,False,False,1362710724,,,,,,,,,1316.0,7.0,"{'_': 'MessageReplies', 'replies': 0, 'replies_pts': 868, 'comments': True, 'recent_repliers': [], 'channel_id': 1637810999, 'max_id': None, 'read_max_id': None}",2024-01-05T19:43:54+00:00,,,,[],
hubhacking,https://t.me/hubhacking,784,2024-01-07 16:10:04,"ESET SMART / HOME Security Premium
Exp: <DATE_TIME>
Key: <PERSON>: 7VGJ-XKJ4-JSV9-2UJ3-HSWP
Key: 2758-XBRD-2F9C-U863-8PF3
Key: DXK7-XF5R-4SPD-AAK7-8VKX
Key: G95H-XHAG-FBSV-M29W-HXXS
Key: JR8S-XVEH-RSXR-WD86-NHV7
Key: FHSD-XJC9-HK5M-5HB8-8JB8
Key: HVVS-XUER-HVVK-6M4J-2XX9
Key: D832-XD9P-B4F9-EE4A-HBXG
Key: S89J-X47S-ACHR-7BGC-S857
Key: TE54-X3VR-JFDD-PU28-F8N9
Key: U8BC-XGTD-P787-AVHN-DHWG
Key: 9RE6-XSUA-FRH5-KJSG-D4D8
Key: BHDE-XMG7-BTDU-8H5H-593X
Key: GVWD-XFFP-UFBN-G2RN-8J32
Key: DWMD-XHJV-7BKP-3SMM-M32E
Key: 6BMP-XPMK-UK9D-D6XK-49RH
Key: D46A-X76E-PNPW-A5DP-3MHJ
Key: BGFD-X9SU-ED9E-V776-K3K3
Key: <PERSON>-MNDC-SNDD-U5UF
Key: N9RW-XKC7-H8BC-45RF-224G
Key: ACDX-XM8W-CTRH-2AD7-SDN5
Key: P3KF-XKPG-5DUK-WC49-A6AM
Key: NEUA-XMKD-JR85-DWMU-79NF
Key: EPE2-X7T2-K69M-PJ4J-C86K
💻Windows <DATE_TIME> RTM Professional Retail
4BND8-8KDXC-K9KKD-8RVW4-VMH26
PVFNH-H82DX-7GXGR-GXKJW-F3KTT
K3GFN-QHKKP-TX4GT-J9DFX-CDKTT
YMDRG-H2N7H-FCGG3-6PVPM-BBH26
NMCH7-3F46Q-9P8FW-MW9PJ-4VV26
4NRW8-XRM2D-49V74-Y38PR-KBT6T
FMN2B-DK9HT-BTC8W-F3TD9-<DATE_TIME>
NV83H-PXY9G-KX9MR-BYK9V-CYT6T
GP6CN-VY2PW-QXTV9-JVMCY-88F9G
4NGQR-V2BMQ-D3PWG-J7Q2J-F3KTT
XNXG7-4CGG9-7GR2P-69BVD-RJRC6
PR3T7-TCN3H-YH2PH-2GCRX-GJF9G
🟠  Avast Secureline VPN
Exp: <DATE_TIME>
For 100 devices
Key: CYPQWS-7WZQZ2-43LFSE
Key: CYVAVP-SDT4R2-43LF3W
Key: ZVCCC4-SHVY42-444FF2
Product: Microsoft Windows 11 Pro for 3 PCs
Key: DNM3H-HHBM4-RFD3R-K6G89-M98XM
Product: Office <DATE_TIME> Pro Plus for 3 PCs
Key: 9CG86-9NVW6-2YBJ7-CV6F6-9K289
Product: Visio 2021 Standard for 3 PCs
Key: N8T94-CQBPB-VR6GH-DJD9V-2R7TX
Product: Project <DATE_TIME> Pro license for 3 PCs
Key: NYG3R-4MWW4-86DJ6-3HTFP-XTRYY",False,False,False,True,True,False,False,True,False,False,1362710724,,,,,,,,,1428.0,11.0,"{'_': 'MessageReplies', 'replies': 1, 'replies_pts': 868, 'comments': True, 'recent_repliers': [{'_': 'PeerUser', 'user_id': 6303858644}], 'channel_id': 1637810999, 'max_id': 385, 'read_max_id': None}",2024-01-07T18:45:42+00:00,,,"{'_': 'MessageReactions', 'results': [{'_': 'ReactionCount', 'reaction': {'_': 'ReactionEmoji', 'emoticon': '👍'}, 'count': 2, 'chosen_order': None}, {'_': 'ReactionCount', 'reaction': {'_': 'ReactionEmoji', 'emoticon': '❤\u200d🔥'}, 'count': 1, 'chosen_order': None}, {'_': 'ReactionCount', 'reaction': {'_': 'ReactionEmoji', 'emoticon': '❤'}, 'count': 1, 'chosen_order': None}], 'min': False, 'can_see_list': False, 'reactions_as_tags': False, 'recent_reactions': []}",[],
hubhacking,https://t.me/hubhacking,785,2024-01-07 18:07:53,,False,False,False,True,True,False,False,True,False,False,1362710724,,,,,,,,,1534.0,13.0,"{'_': 'MessageReplies', 'replies': 0, 'replies_pts': 868, 'comments': True, 'recent_repliers': [], 'channel_id': 1637810999, 'max_id': None, 'read_max_id': None}",2024-01-07T18:07:56+00:00,,,,[],
hubhacking,https://t.me/hubhacking,786,2024-01-12 19:51:12,"🎣Don't Get Hooked!

🔹What is Phishing? 
🔹What is Spear Phishing? 
🔹Why should i care? 
🔹Phishing Indicators",False,False,False,True,True,False,False,True,False,False,1362710724,,,,,,,5.839074963548653e+18,,1250.0,4.0,"{'_': 'MessageReplies', 'replies': 0, 'replies_pts': 868, 'comments': True, 'recent_repliers': [], 'channel_id': 1637810999, 'max_id': None, 'read_max_id': None}",2024-01-12T19:51:16+00:00,,,,[],
hubhacking,https://t.me/hubhacking,787,2024-01-13 17:00:04,<PERSON> https://t.me/addlist/Jm89a1jZEPwyYjkx,False,False,False,False,True,False,False,True,False,False,1362710724,,,,,,,,,1105.0,4.0,"{'_': 'MessageReplies', 'replies': 0, 'replies_pts': 868, 'comments': True, 'recent_repliers': [], 'channel_id': 1637810999, 'max_id': None, 'read_max_id': None}",2024-01-16T00:50:18+00:00,,,"{'_': 'MessageReactions', 'results': [{'_': 'ReactionCount', 'reaction': {'_': 'ReactionEmoji', 'emoticon': '👍'}, 'count': 1, 'chosen_order': None}], 'min': False, 'can_see_list': False, 'reactions_as_tags': False, 'recent_reactions': []}",[],
hubhacking,https://t.me/hubhacking,788,2024-01-13 17:30:37,"🏏 Join the Cricket Streams Community! 🏏

📢 Attention Cricket Enthusiasts!

👉 Join our Telegram group: https://t.me/cricketstreams

🏏 Stay updated with <DATE_TIME> cricket match links and the latest news from the world of cricket! 🌐📰

🔗 Click the link above to become a part of the action",False,False,False,True,True,False,False,True,False,False,1362710724,,,,,,,,,1205.0,1.0,"{'_': 'MessageReplies', 'replies': 0, 'replies_pts': 868, 'comments': True, 'recent_repliers': [], 'channel_id': 1637810999, 'max_id': None, 'read_max_id': None}",2024-01-13T21:54:20+00:00,,,"{'_': 'MessageReactions', 'results': [], 'min': False, 'can_see_list': False, 'reactions_as_tags': False, 'recent_reactions': []}",[],
hubhacking,https://t.me/hubhacking,789,2024-01-15 22:42:27,https://github.com/IntelligenceX/ip2tor,False,False,False,True,True,False,False,True,False,False,1362710724,,,,,,,,,1105.0,5.0,"{'_': 'MessageReplies', 'replies': 0, 'replies_pts': 868, 'comments': True, 'recent_repliers': [], 'channel_id': 1637810999, 'max_id': None, 'read_max_id': None}",2024-01-15T22:42:30+00:00,,,,[],
hubhacking,https://t.me/hubhacking,790,2024-01-18 07:43:33,"Some <PERSON> that might useful in Bug Bounty. 
 
1. org:""http://target. com"" 
2. http.status:""<status_code>"" 
3. product:""<Product_Name>"" 
4. port:<Port_Number> “Service_Message” 
5. port:<Port_Number> “Service_Name” 
6. http.component:""<Component_Name>"" 
7. http.component_category:""<Component_Category> 
8. http.waf:""<firewall_name>"" 
9. http.html:""<Name>"" 
10. http.title:""<Title_Name>"" 
11. ssl.alpn:""<Protocol>"" 
12. http.favicon.hash:""<Favicon_Hash>"" 
13. net:""<Net_Range>"" (for e.g. <IP_ADDRESS>/32) 
14. <PERSON>>"" 
15. asn:""<ASnumber>"" 
16. hostname:""<hosthame>"" 
17. ip:""<IP_Address>"" 
18. all:""<Keyword>"" 
19. “Set-Cookie: phpMyAdmin” 
20. “Set-Cookie: lang="" 
21. “Set-Cookie: PHPSESSID"" 
22. “Set-Cookie: webvpn” 
23. “Set-Cookie:webvpnlogin=1"" 
24. “Set-Cookie:webvpnLang=en” 
25. “Set-Cookie: mongo-express="" 
26. “Set-Cookie: user_id="" 
27. “Set-Cookie: phpMyAdmin="" 
28. “Set-Cookie: _gitlab_session” 
29. “X-elastic-product: Elasticsearch” 
30. “x-drupal-cache” 
31. “access-control-allow-origin” 
32. “WWW-Authenticate”  
33. “X-Magento-Cache-Debug”   
34. “kbn-name: <PERSON>”",False,False,False,True,True,False,False,True,False,False,1362710724,,,,,,,,,1045.0,13.0,"{'_': 'MessageReplies', 'replies': 0, 'replies_pts': 868, 'comments': True, 'recent_repliers': [], 'channel_id': 1637810999, 'max_id': None, 'read_max_id': None}",2024-01-18T07:43:36+00:00,,,,[],
hubhacking,https://t.me/hubhacking,791,2024-01-18 18:34:36,"💠 Linux Privileges Escalation Techniques (Basic to Advanced) Series 👇

🔗 Part 1: http://hacklido.com/blog/158
🔗 Part 2: http://hacklido.com/blog/162
🔗 Part 3: http://hacklido.com/blog/210
🔗 Part 4: http://hacklido.com/blog/224
🔗 Part 5: https://hacklido.com/blog/286",False,False,False,True,True,False,False,True,False,False,1362710724,,,,,,,,,963.0,3.0,"{'_': 'MessageReplies', 'replies': 0, 'replies_pts': 868, 'comments': True, 'recent_repliers': [], 'channel_id': 1637810999, 'max_id': None, 'read_max_id': None}",2024-01-18T18:34:39+00:00,,,,[],
hubhacking,https://t.me/hubhacking,792,2024-01-18 20:08:20,"Burp Suite 101 For Beginners🔥

#1 - Introduction and Installation:
🔗 hacklido.com/blog/621

#2 - Understanding Navigation, Dashboard, Configuration:
🔗hacklido.com/blog/624

#3 - Exploring Burp Proxy and Target Specification:
🔗hacklido.com/blog/625

#4 - Exploring Burp Repeater and Burp Comparer:
🔗hacklido.com/blog/628

#5 - Going deep Into intruder:
🔗hacklido.com/blog/631",False,False,False,True,True,False,False,True,False,False,1362710724,,,,,,,,,1088.0,11.0,"{'_': 'MessageReplies', 'replies': 4, 'replies_pts': 868, 'comments': True, 'recent_repliers': [{'_': 'PeerUser', 'user_id': 5673581965}, {'_': 'PeerChannel', 'channel_id': 1637810999}, {'_': 'PeerUser', 'user_id': 1979056405}], 'channel_id': 1637810999, 'max_id': 429, 'read_max_id': None}",2024-01-19T02:45:11+00:00,,,"{'_': 'MessageReactions', 'results': [{'_': 'ReactionCount', 'reaction': {'_': 'ReactionEmoji', 'emoticon': '👍'}, 'count': 1, 'chosen_order': None}], 'min': False, 'can_see_list': False, 'reactions_as_tags': False, 'recent_reactions': []}",[],
hubhacking,https://t.me/hubhacking,793,2024-01-21 08:02:07,"Iobit Uninstaller Pro

Key: F6741-F743C-7CE93-3C8TC
End: <DATE_TIME>

Key: DB978-6E333-B12DC-7BDTC
End: <DATE_TIME>

Key: 11242-C437D-DE013-6E6TC
End: <DATE_TIME>",False,False,False,True,True,False,False,True,False,False,1362710724,,,,,,,,,936.0,2.0,"{'_': 'MessageReplies', 'replies': 0, 'replies_pts': 868, 'comments': True, 'recent_repliers': [], 'channel_id': 1637810999, 'max_id': None, 'read_max_id': None}",2024-01-21T15:09:17+00:00,,,"{'_': 'MessageReactions', 'results': [{'_': 'ReactionCount', 'reaction': {'_': 'ReactionEmoji', 'emoticon': '👍'}, 'count': 1, 'chosen_order': None}], 'min': False, 'can_see_list': False, 'reactions_as_tags': False, 'recent_reactions': []}",[],
hubhacking,https://t.me/hubhacking,794,2024-01-21 12:40:02,"<PERSON> Editor & Converter

> Status: Active ✅
> Platform: Windows

> VHZCP-NORMD-DMJXU-J23NE
> Download: Click Here

💌 Claim Now For Free",False,False,False,True,True,False,False,True,False,False,1362710724,,,,,,,,,878.0,2.0,"{'_': 'MessageReplies', 'replies': 0, 'replies_pts': 868, 'comments': True, 'recent_repliers': [], 'channel_id': 1637810999, 'max_id': None, 'read_max_id': None}",2024-01-21T15:23:14+00:00,,,"{'_': 'MessageReactions', 'results': [{'_': 'ReactionCount', 'reaction': {'_': 'ReactionEmoji', 'emoticon': '👍'}, 'count': 1, 'chosen_order': None}], 'min': False, 'can_see_list': False, 'reactions_as_tags': False, 'recent_reactions': []}",[],
hubhacking,https://t.me/hubhacking,795,2024-01-22 20:22:07,"@Z3rooT, [<DATE_TIME>]
◆ CC©  ➜ <CREDIT_CARD>|09|2028|553 <PERSON> 𝑹𝑬𝑺𝑼𝑳𝑻 ➜ 𝑰𝑵𝑺𝑼𝑭𝑭𝑰𝑪𝑰𝑬𝑵𝑻 𝑭𝑼𝑵𝑫𝑺 
◆ 𝑮𝑨𝑻𝑬𝑾𝑨𝒀 ➜ 𝑨𝑳𝑻𝑬𝑵𝑬𝑵 <PERSON>
~~~♕~~~♕~~~♕~~~♕
◆ 𝑩𝑰𝑵 ➜ 442742 - unknown ♕ - unknown ♡ 
◆ 𝑪𝑶𝑼𝑵𝑻𝑹𝒀 ➜ unknown ♡ - unknown ♕ 
◆ 𝑩𝑨𝑵𝑲 ➜ unknown ♡
◆ 𝑼𝑹𝑳 ➜ unknown♕ 
~~~♕~~~♕~~~♕~~~♕
◆ 𝑩𝒀: @Z3rooT
◆𝑷𝑹𝑶𝑿𝒀𝑺: 𝑷𝑹𝑶𝑿𝒀 𝑳𝑰𝑽𝑬 ✅

@Z3rooT, [<DATE_TIME>]
◆ CC©  ➜ <CREDIT_CARD>|04|2027|856 <PERSON> 𝑹𝑬𝑺𝑼𝑳𝑻 ➜ 𝑰𝑵𝑺𝑼𝑭𝑭𝑰𝑪𝑰𝑬𝑵𝑻 𝑭𝑼𝑵𝑫𝑺 
◆ 𝑮𝑨𝑻𝑬𝑾𝑨𝒀 ➜ 𝑨𝑳𝑻𝑬𝑵𝑬𝑵 <PERSON>
~~~♕~~~♕~~~♕~~~♕
◆ 𝑩𝑰𝑵 ➜ <DATE_TIME> - unknown ♕ - unknown ♡ 
◆ 𝑪𝑶𝑼𝑵𝑻𝑹𝒀 ➜ unknown ♡ - unknown ♕ 
◆ 𝑩𝑨𝑵𝑲 ➜ unknown ♡
◆ 𝑼𝑹𝑳 ➜ unknown♕ 
~~~♕~~~♕~~~♕~~~♕
◆ 𝑩𝒀: @Z3rooT
◆𝑷𝑹𝑶𝑿𝒀𝑺: 𝑷𝑹𝑶𝑿𝒀 𝑳𝑰𝑽𝑬 ✅

@Z3rooT, [<DATE_TIME>]
◆ CC©  ➜ <CREDIT_CARD>|06|2027|907 <PERSON> 𝑹𝑬𝑺𝑼𝑳𝑻 ➜ 𝑰𝑵𝑺𝑼𝑭𝑭𝑰𝑪𝑰𝑬𝑵𝑻 𝑭𝑼𝑵𝑫𝑺 
◆ 𝑮𝑨𝑻𝑬𝑾𝑨𝒀 ➜ 𝑨𝑳𝑻𝑬𝑵𝑬𝑵 <PERSON>
~~~♕~~~♕~~~♕~~~♕
◆ 𝑩𝑰𝑵 ➜ <DATE_TIME> - unknown ♕ - unknown ♡ 
◆ 𝑪𝑶𝑼𝑵𝑻𝑹𝒀 ➜ unknown ♡ - unknown ♕ 
◆ 𝑩𝑨𝑵𝑲 ➜ unknown ♡
◆ 𝑼𝑹𝑳 ➜ unknown♕ 
~~~♕~~~♕~~~♕~~~♕
◆ 𝑩𝒀: @Z3rooT
◆𝑷𝑹𝑶𝑿𝒀𝑺: 𝑷𝑹𝑶𝑿𝒀 𝑳𝑰𝑽𝑬 ✅

@Z3rooT, [<DATE_TIME>]
◆ CC©  ➜ <CREDIT_CARD>|09|2027|341 <PERSON> 𝑹𝑬𝑺𝑼𝑳𝑻 ➜ 𝑰𝑵𝑺𝑼𝑭𝑭𝑰𝑪𝑰𝑬𝑵𝑻 𝑭𝑼𝑵𝑫𝑺 
◆ 𝑮𝑨𝑻𝑬𝑾𝑨𝒀 ➜ 𝑨𝑳𝑻𝑬𝑵𝑬𝑵 <PERSON>
~~~♕~~~♕~~~♕~~~♕
◆ 𝑩𝑰𝑵 ➜ <DATE_TIME> - unknown ♕ - unknown ♡ 
◆ 𝑪𝑶𝑼𝑵𝑻𝑹𝒀 ➜ unknown ♡ - unknown ♕ 
◆ 𝑩𝑨𝑵𝑲 ➜ unknown ♡
◆ 𝑼𝑹𝑳 ➜ unknown♕ 
~~~♕~~~♕~~~♕~~~♕
◆ 𝑩𝒀: @Z3rooT
◆𝑷𝑹𝑶𝑿𝒀𝑺: 𝑷𝑹𝑶𝑿𝒀 𝑳𝑰𝑽𝑬 ✅

@Z3rooT, [<DATE_TIME>]
◆ CC©  ➜ <CREDIT_CARD>|07|2026|961 𝐀𝐩𝐩𝐫𝐨𝐯𝐞𝐝 ✅
◆ 𝑹𝑬𝑺𝑼𝑳𝑻 ➜ 𝑰𝑵𝑺𝑼𝑭𝑭𝑰𝑪𝑰𝑬𝑵𝑻 𝑭𝑼𝑵𝑫𝑺 
◆ 𝑮𝑨𝑻𝑬𝑾𝑨𝒀 ➜ 𝑨𝑳𝑻𝑬𝑵𝑬𝑵 <PERSON>
~~~♕~~~♕~~~♕~~~♕
◆ 𝑩𝑰𝑵 ➜ <DATE_TIME> - unknown ♕ - unknown ♡ 
◆ 𝑪𝑶𝑼𝑵𝑻𝑹𝒀 ➜ unknown ♡ - unknown ♕ 
◆ 𝑩𝑨𝑵𝑲 ➜ unknown ♡
◆ 𝑼𝑹𝑳 ➜ unknown♕ 
~~~♕~~~♕~~~♕~~~♕
◆ 𝑩𝒀: @Z3rooT
◆𝑷𝑹𝑶𝑿𝒀𝑺: 𝑷𝑹𝑶𝑿𝒀 𝑳𝑰𝑽𝑬 ✅

@Z3rooT, [<DATE_TIME>]
◆ CC©  ➜ <CREDIT_CARD>|09|2027|023 <PERSON> 𝑹𝑬𝑺𝑼𝑳𝑻 ➜ 𝑰𝑵𝑺𝑼𝑭𝑭𝑰𝑪𝑰𝑬𝑵𝑻 𝑭𝑼𝑵𝑫𝑺 
◆ 𝑮𝑨𝑻𝑬𝑾𝑨𝒀 ➜ 𝑨𝑳𝑻𝑬𝑵𝑬𝑵 <PERSON>
~~~♕~~~♕~~~♕~~~♕
◆ 𝑩𝑰𝑵 ➜ 436127 - unknown ♕ - unknown ♡ 
◆ 𝑪𝑶𝑼𝑵𝑻𝑹𝒀 ➜ unknown ♡ - unknown ♕ 
◆ 𝑩𝑨𝑵𝑲 ➜ unknown ♡
◆ 𝑼𝑹𝑳 ➜ unknown♕ 
~~~♕~~~♕~~~♕~~~♕
◆ 𝑩𝒀: @Z3rooT
◆𝑷𝑹𝑶𝑿𝒀𝑺: 𝑷𝑹𝑶𝑿𝒀 𝑳𝑰𝑽𝑬 ✅

@Z3rooT, [<DATE_TIME>]
◆ CC©  ➜ <CREDIT_CARD>|01|2026|081 <PERSON> 𝑹𝑬𝑺𝑼𝑳𝑻 ➜ 𝑰𝑵𝑺𝑼𝑭𝑭𝑰𝑪𝑰𝑬𝑵𝑻 𝑭𝑼𝑵𝑫𝑺 
◆ 𝑮𝑨𝑻𝑬𝑾𝑨𝒀 ➜ 𝑨𝑳𝑻𝑬𝑵𝑬𝑵 <PERSON>
~~~♕~~~♕~~~♕~~~♕
◆ 𝑩𝑰𝑵 ➜ <DATE_TIME> - unknown ♕ - unknown ♡ 
◆ 𝑪𝑶𝑼𝑵𝑻𝑹𝒀 ➜ unknown ♡ - unknown ♕ 
◆ 𝑩𝑨𝑵𝑲 ➜ unknown ♡
◆ 𝑼𝑹𝑳 ➜ unknown♕ 
~~~♕~~~♕~~~♕~~~♕
◆ 𝑩𝒀: @Z3rooT
◆𝑷𝑹𝑶𝑿𝒀𝑺: 𝑷𝑹𝑶𝑿𝒀 𝑳𝑰𝑽𝑬 ✅

@Z3rooT, [<DATE_TIME>]
◆ CC©  ➜ <CREDIT_CARD>|09|2024|228 <PERSON> 𝑹𝑬𝑺𝑼𝑳𝑻 ➜ 𝑰𝑵𝑺𝑼𝑭𝑭𝑰𝑪𝑰𝑬𝑵𝑻 𝑭𝑼𝑵𝑫𝑺 
◆ 𝑮𝑨𝑻𝑬𝑾𝑨𝒀 ➜ 𝑨𝑳𝑻𝑬𝑵𝑬𝑵 <PERSON>
~~~♕~~~♕~~~♕~~~♕
◆ 𝑩𝑰𝑵 ➜ 409013 - unknown ♕ - unknown ♡ 
◆ 𝑪𝑶𝑼𝑵𝑻𝑹𝒀 ➜ unknown ♡ - unknown ♕ 
◆ 𝑩𝑨𝑵𝑲 ➜ unknown ♡
◆ 𝑼𝑹𝑳 ➜ unknown♕ 
~~~♕~~~♕~~~♕~~~♕
◆ 𝑩𝒀: @Z3rooT
◆𝑷𝑹𝑶𝑿𝒀𝑺: 𝑷𝑹𝑶𝑿𝒀 𝑳𝑰𝑽𝑬 ✅

@Z3rooT, [<DATE_TIME>]
◆ CC©  ➜ <CREDIT_CARD>|01|2025|625 𝐀𝐩𝐩𝐫𝐨𝐯𝐞𝐝 ✅
◆ 𝑹𝑬𝑺𝑼𝑳𝑻 ➜ 𝑰𝑵𝑺𝑼𝑭𝑭𝑰𝑪𝑰𝑬𝑵𝑻 𝑭𝑼𝑵𝑫𝑺 
◆ 𝑮𝑨𝑻𝑬𝑾𝑨𝒀 ➜ 𝑨𝑳𝑻𝑬𝑵𝑬𝑵 <PERSON>
~~~♕~~~♕~~~♕~~~♕
◆ 𝑩𝑰𝑵 ➜ 463341 - unknown ♕ - unknown ♡ 
◆ 𝑪𝑶𝑼𝑵𝑻𝑹𝒀 ➜ unknown ♡ - unknown ♕ 
◆ 𝑩𝑨𝑵𝑲 ➜ unknown ♡
◆ 𝑼𝑹𝑳 ➜ unknown♕ 
~~~♕~~~♕~~~♕~~~♕
◆ 𝑩𝒀: @Z3rooT
◆𝑷𝑹𝑶𝑿𝒀𝑺: 𝑷𝑹𝑶𝑿𝒀 𝑳𝑰𝑽𝑬 ✅

<PERSON>, [<DATE_TIME>]
◆ CC©  ➜ <CREDIT_CARD>|09|2028|553 <PERSON> 𝑹𝑬𝑺𝑼𝑳𝑻 ➜ 𝑰𝑵𝑺𝑼𝑭𝑭𝑰𝑪𝑰𝑬𝑵𝑻 𝑭𝑼𝑵𝑫𝑺 
◆ 𝑮𝑨𝑻𝑬𝑾𝑨𝒀 ➜ 𝑨𝑳𝑻𝑬𝑵𝑬𝑵 <PERSON>
~~~♕~~~♕~~~♕~~~♕
◆ 𝑩𝑰𝑵 ➜ 442742 - unknown ♕ - unknown ♡ 
◆ 𝑪𝑶𝑼𝑵𝑻𝑹𝒀 ➜ unknown ♡ - unknown ♕ 
◆ 𝑩𝑨𝑵𝑲 ➜ unknown ♡
◆ 𝑼𝑹𝑳 ➜ unknown♕ 
~~~♕~~~♕~~~♕~~~♕
◆ 𝑩𝒀: @Z3rooT
◆𝑷𝑹𝑶𝑿𝒀𝑺: 𝑷𝑹𝑶𝑿𝒀 𝑳𝑰𝑽𝑬 ✅

@Z3rooT, [<DATE_TIME>]
◆ CC©  ➜ <CREDIT_CARD>|04|2027|856 <PERSON> 𝑹𝑬𝑺𝑼𝑳𝑻 ➜ 𝑰𝑵𝑺𝑼𝑭𝑭𝑰𝑪𝑰𝑬𝑵𝑻 𝑭𝑼𝑵𝑫𝑺 
◆ 𝑮𝑨𝑻𝑬𝑾𝑨𝒀 ➜ 𝑨𝑳𝑻𝑬𝑵𝑬𝑵 <PERSON>
~~~♕~~~♕~~~♕~~~♕
◆ 𝑩𝑰𝑵 ➜ <DATE_TIME> - unknown ♕ - unknown ♡ 
◆ 𝑪𝑶𝑼𝑵𝑻𝑹𝒀 ➜ unknown ♡ - unknown ♕ 
◆ 𝑩𝑨𝑵𝑲 ➜ unknown ♡
◆ 𝑼𝑹𝑳 ➜ unknown♕ 
~~~♕~~~♕~~~♕~~~♕
◆ 𝑩𝒀: @Z3rooT
◆𝑷𝑹𝑶𝑿𝒀𝑺: 𝑷𝑹𝑶𝑿𝒀 𝑳𝑰𝑽𝑬 ✅

@Z3rooT, [<DATE_TIME>]
◆ CC©  ➜ <CREDIT_CARD>|06|2027|907 <PERSON> 𝑹𝑬𝑺𝑼𝑳𝑻 ➜ 𝑰𝑵𝑺𝑼𝑭𝑭𝑰𝑪𝑰𝑬𝑵𝑻 𝑭𝑼𝑵𝑫𝑺 
◆ 𝑮𝑨𝑻𝑬𝑾𝑨𝒀 ➜ 𝑨𝑳𝑻𝑬𝑵𝑬𝑵 <PERSON>
~~~♕~~~♕~~~♕~~~♕
◆ 𝑩𝑰𝑵 ➜ <DATE_TIME> - unknown ♕ - unknown ♡ 
◆ 𝑪𝑶𝑼𝑵𝑻𝑹𝒀 ➜ unknown ♡ - unknown ♕ 
◆ 𝑩𝑨𝑵𝑲 ➜ unknown ♡
◆ 𝑼𝑹𝑳 ➜ unknown♕ 
~~~♕~~~♕~~~♕~~~♕
◆ 𝑩𝒀: @Z3rooT
◆𝑷𝑹𝑶𝑿𝒀𝑺: 𝑷𝑹𝑶𝑿𝒀 𝑳𝑰𝑽𝑬 ✅",False,False,False,True,True,False,False,True,False,False,1362710724,,,,,,,,,754.0,4.0,"{'_': 'MessageReplies', 'replies': 0, 'replies_pts': 868, 'comments': True, 'recent_repliers': [], 'channel_id': 1637810999, 'max_id': None, 'read_max_id': None}",2024-01-22T21:27:20+00:00,,,"{'_': 'MessageReactions', 'results': [{'_': 'ReactionCount', 'reaction': {'_': 'ReactionEmoji', 'emoticon': '👍'}, 'count': 1, 'chosen_order': None}], 'min': False, 'can_see_list': False, 'reactions_as_tags': False, 'recent_reactions': []}",[],
hubhacking,https://t.me/hubhacking,796,2024-01-22 20:22:07,"@Z3rooT, [<DATE_TIME>]
◆ CC©  ➜ <CREDIT_CARD>|09|2027|341 <PERSON> 𝑹𝑬𝑺𝑼𝑳𝑻 ➜ 𝑰𝑵𝑺𝑼𝑭𝑭𝑰𝑪𝑰𝑬𝑵𝑻 𝑭𝑼𝑵𝑫𝑺 
◆ 𝑮𝑨𝑻𝑬𝑾𝑨𝒀 ➜ 𝑨𝑳𝑻𝑬𝑵𝑬𝑵 <PERSON>
~~~♕~~~♕~~~♕~~~♕
◆ 𝑩𝑰𝑵 ➜ <DATE_TIME> - unknown ♕ - unknown ♡ 
◆ 𝑪𝑶𝑼𝑵𝑻𝑹𝒀 ➜ unknown ♡ - unknown ♕ 
◆ 𝑩𝑨𝑵𝑲 ➜ unknown ♡
◆ 𝑼𝑹𝑳 ➜ unknown♕ 
~~~♕~~~♕~~~♕~~~♕
◆ 𝑩𝒀: @Z3rooT
◆𝑷𝑹𝑶𝑿𝒀𝑺: 𝑷𝑹𝑶𝑿𝒀 𝑳𝑰𝑽𝑬 ✅

@Z3rooT, [<DATE_TIME>]
◆ CC©  ➜ <CREDIT_CARD>|07|2026|961 𝐀𝐩𝐩𝐫𝐨𝐯𝐞𝐝 ✅
◆ 𝑹𝑬𝑺𝑼𝑳𝑻 ➜ 𝑰𝑵𝑺𝑼𝑭𝑭𝑰𝑪𝑰𝑬𝑵𝑻 𝑭𝑼𝑵𝑫𝑺 
◆ 𝑮𝑨𝑻𝑬𝑾𝑨𝒀 ➜ 𝑨𝑳𝑻𝑬𝑵𝑬𝑵 <PERSON>
~~~♕~~~♕~~~♕~~~♕
◆ 𝑩𝑰𝑵 ➜ <DATE_TIME> - unknown ♕ - unknown ♡ 
◆ 𝑪𝑶𝑼𝑵𝑻𝑹𝒀 ➜ unknown ♡ - unknown ♕ 
◆ 𝑩𝑨𝑵𝑲 ➜ unknown ♡
◆ 𝑼𝑹𝑳 ➜ unknown♕ 
~~~♕~~~♕~~~♕~~~♕
◆ 𝑩𝒀: @Z3rooT
◆𝑷𝑹𝑶𝑿𝒀𝑺: 𝑷𝑹𝑶𝑿𝒀 𝑳𝑰𝑽𝑬 ✅

@Z3rooT, [<DATE_TIME>]
◆ CC©  ➜ <CREDIT_CARD>|09|2027|023 <PERSON> 𝑹𝑬𝑺𝑼𝑳𝑻 ➜ 𝑰𝑵𝑺𝑼𝑭𝑭𝑰𝑪𝑰𝑬𝑵𝑻 𝑭𝑼𝑵𝑫𝑺 
◆ 𝑮𝑨𝑻𝑬𝑾𝑨𝒀 ➜ 𝑨𝑳𝑻𝑬𝑵𝑬𝑵 <PERSON>
~~~♕~~~♕~~~♕~~~♕
◆ 𝑩𝑰𝑵 ➜ 436127 - unknown ♕ - unknown ♡ 
◆ 𝑪𝑶𝑼𝑵𝑻𝑹𝒀 ➜ unknown ♡ - unknown ♕ 
◆ 𝑩𝑨𝑵𝑲 ➜ unknown ♡
◆ 𝑼𝑹𝑳 ➜ unknown♕ 
~~~♕~~~♕~~~♕~~~♕
◆ 𝑩𝒀: @Z3rooT
◆𝑷𝑹𝑶𝑿𝒀𝑺: 𝑷𝑹𝑶𝑿𝒀 𝑳𝑰𝑽𝑬 ✅

@Z3rooT, [<DATE_TIME>]
◆ CC©  ➜ <CREDIT_CARD>|01|2026|081 <PERSON> 𝑹𝑬𝑺𝑼𝑳𝑻 ➜ 𝑰𝑵𝑺𝑼𝑭𝑭𝑰𝑪𝑰𝑬𝑵𝑻 𝑭𝑼𝑵𝑫𝑺 
◆ 𝑮𝑨𝑻𝑬𝑾𝑨𝒀 ➜ 𝑨𝑳𝑻𝑬𝑵𝑬𝑵 <PERSON>
~~~♕~~~♕~~~♕~~~♕
◆ 𝑩𝑰𝑵 ➜ <DATE_TIME> - unknown ♕ - unknown ♡ 
◆ 𝑪𝑶𝑼𝑵𝑻𝑹𝒀 ➜ unknown ♡ - unknown ♕ 
◆ 𝑩𝑨𝑵𝑲 ➜ unknown ♡
◆ 𝑼𝑹𝑳 ➜ unknown♕ 
~~~♕~~~♕~~~♕~~~♕
◆ 𝑩𝒀: @Z3rooT
◆𝑷𝑹𝑶𝑿𝒀𝑺: 𝑷𝑹𝑶𝑿𝒀 𝑳𝑰𝑽𝑬 ✅

@Z3rooT, [<DATE_TIME>]
◆ CC©  ➜ <CREDIT_CARD>|09|2024|228 <PERSON> 𝑹𝑬𝑺𝑼𝑳𝑻 ➜ 𝑰𝑵𝑺𝑼𝑭𝑭𝑰𝑪𝑰𝑬𝑵𝑻 𝑭𝑼𝑵𝑫𝑺 
◆ 𝑮𝑨𝑻𝑬𝑾𝑨𝒀 ➜ 𝑨𝑳𝑻𝑬𝑵𝑬𝑵 <PERSON>
~~~♕~~~♕~~~♕~~~♕
◆ 𝑩𝑰𝑵 ➜ 409013 - unknown ♕ - unknown ♡ 
◆ 𝑪𝑶𝑼𝑵𝑻𝑹𝒀 ➜ unknown ♡ - unknown ♕ 
◆ 𝑩𝑨𝑵𝑲 ➜ unknown ♡
◆ 𝑼𝑹𝑳 ➜ unknown♕ 
~~~♕~~~♕~~~♕~~~♕
◆ 𝑩𝒀: @Z3rooT
◆𝑷𝑹𝑶𝑿𝒀𝑺: 𝑷𝑹𝑶𝑿𝒀 𝑳𝑰𝑽𝑬 ✅

@Z3rooT, [<DATE_TIME>]
◆ CC©  ➜ <CREDIT_CARD>|01|2025|625 𝐀𝐩𝐩𝐫𝐨𝐯𝐞𝐝 ✅
◆ 𝑹𝑬𝑺𝑼𝑳𝑻 ➜ 𝑰𝑵𝑺𝑼𝑭𝑭𝑰𝑪𝑰𝑬𝑵𝑻 𝑭𝑼𝑵𝑫𝑺 
◆ 𝑮𝑨𝑻𝑬𝑾𝑨𝒀 ➜ 𝑨𝑳𝑻𝑬𝑵𝑬𝑵 <PERSON>
~~~♕~~~♕~~~♕~~~♕
◆ 𝑩𝑰𝑵 ➜ 463341 - unknown ♕ - unknown ♡ 
◆ 𝑪𝑶𝑼𝑵𝑻𝑹𝒀 ➜ unknown ♡ - unknown ♕ 
◆ 𝑩𝑨𝑵𝑲 ➜ unknown ♡
◆ 𝑼𝑹𝑳 ➜ unknown♕ 
~~~♕~~~♕~~~♕~~~♕
◆ 𝑩𝒀: @Z3rooT
◆𝑷𝑹𝑶𝑿𝒀𝑺: 𝑷𝑹𝑶𝑿𝒀 𝑳𝑰𝑽𝑬 ✅

@Z3rooT, [<DATE_TIME>]
◆ CC©  ➜ <CREDIT_CARD>|05|2026|423 𝐀𝐩𝐩𝐫𝐨𝐯𝐞𝐝 ✅
◆ 𝑹𝑬𝑺𝑼𝑳𝑻 ➜ 𝑰𝑵𝑺𝑼𝑭𝑭𝑰𝑪𝑰𝑬𝑵𝑻 𝑭𝑼𝑵𝑫𝑺 
◆ 𝑮𝑨𝑻𝑬𝑾𝑨𝒀 ➜ 𝑨𝑳𝑻𝑬𝑵𝑬𝑵 <PERSON>
~~~♕~~~♕~~~♕~~~♕
◆ 𝑩𝑰𝑵 ➜ 481283 - unknown ♕ - unknown ♡ 
◆ 𝑪𝑶𝑼𝑵𝑻𝑹𝒀 ➜ unknown ♡ - unknown ♕ 
◆ 𝑩𝑨𝑵𝑲 ➜ unknown ♡
◆ 𝑼𝑹𝑳 ➜ unknown♕ 
~~~♕~~~♕~~~♕~~~♕
◆ 𝑩𝒀: @Z3rooT
◆𝑷𝑹𝑶𝑿𝒀𝑺: 𝑷𝑹𝑶𝑿𝒀 𝑳𝑰𝑽𝑬 ✅

@Z3rooT, [<DATE_TIME>]
◆ CC©  ➜ <CREDIT_CARD>|05|2026|405 𝐀𝐩𝐩𝐫𝐨𝐯𝐞𝐝 ✅
◆ 𝑹𝑬𝑺𝑼𝑳𝑻 ➜ 𝑰𝑵𝑺𝑼𝑭𝑭𝑰𝑪𝑰𝑬𝑵𝑻 𝑭𝑼𝑵𝑫𝑺 
◆ 𝑮𝑨𝑻𝑬𝑾𝑨𝒀 ➜ 𝑨𝑳𝑻𝑬𝑵𝑬𝑵 <PERSON>
~~~♕~~~♕~~~♕~~~♕
◆ 𝑩𝑰𝑵 ➜ 439120 - unknown ♕ - unknown ♡ 
◆ 𝑪𝑶𝑼𝑵𝑻𝑹𝒀 ➜ unknown ♡ - unknown ♕ 
◆ 𝑩𝑨𝑵𝑲 ➜ unknown ♡
◆ 𝑼𝑹𝑳 ➜ unknown♕ 
~~~♕~~~♕~~~♕~~~♕
◆ 𝑩𝒀: @Z3rooT
◆𝑷𝑹𝑶𝑿𝒀𝑺: 𝑷𝑹𝑶𝑿𝒀 𝑳𝑰𝑽𝑬 ✅, [<DATE_TIME>]
◆ CC©  ➜ <CREDIT_CARD>|05|2026|423 𝐀𝐩𝐩𝐫𝐨𝐯𝐞𝐝 ✅
◆ 𝑹𝑬𝑺𝑼𝑳𝑻 ➜ 𝑰𝑵𝑺𝑼𝑭𝑭𝑰𝑪𝑰𝑬𝑵𝑻 𝑭𝑼𝑵𝑫𝑺 
◆ 𝑮𝑨𝑻𝑬𝑾𝑨𝒀 ➜ 𝑨𝑳𝑻𝑬𝑵𝑬𝑵 <PERSON>
~~~♕~~~♕~~~♕~~~♕
◆ 𝑩𝑰𝑵 ➜ 481283 - unknown ♕ - unknown ♡ 
◆ 𝑪𝑶𝑼𝑵𝑻𝑹𝒀 ➜ unknown ♡ - unknown ♕ 
◆ 𝑩𝑨𝑵𝑲 ➜ unknown ♡
◆ 𝑼𝑹𝑳 ➜ unknown♕ 
~~~♕~~~♕~~~♕~~~♕
◆ 𝑩𝒀: @Z3rooT
◆𝑷𝑹𝑶𝑿𝒀𝑺: 𝑷𝑹𝑶𝑿𝒀 𝑳𝑰𝑽𝑬 ✅

@Z3rooT, [<DATE_TIME>]
◆ CC©  ➜ <CREDIT_CARD>|05|2026|405 𝐀𝐩𝐩𝐫𝐨𝐯𝐞𝐝 ✅
◆ 𝑹𝑬𝑺𝑼𝑳𝑻 ➜ 𝑰𝑵𝑺𝑼𝑭𝑭𝑰𝑪𝑰𝑬𝑵𝑻 𝑭𝑼𝑵𝑫𝑺 
◆ 𝑮𝑨𝑻𝑬𝑾𝑨𝒀 ➜ 𝑨𝑳𝑻𝑬𝑵𝑬𝑵 <PERSON>
~~~♕~~~♕~~~♕~~~♕
◆ 𝑩𝑰𝑵 ➜ 439120 - unknown ♕ - unknown ♡ 
◆ 𝑪𝑶𝑼𝑵𝑻𝑹𝒀 ➜ unknown ♡ - unknown ♕ 
◆ 𝑩𝑨𝑵𝑲 ➜ unknown ♡
◆ 𝑼𝑹𝑳 ➜ unknown♕ 
~~~♕~~~♕~~~♕~~~♕
◆ 𝑩𝒀: @Z3rooT
◆𝑷𝑹𝑶𝑿𝒀𝑺: 𝑷𝑹𝑶𝑿𝒀 𝑳𝑰𝑽𝑬 ✅",False,False,False,True,True,False,False,True,False,False,1362710724,,,,,,,,,777.0,4.0,"{'_': 'MessageReplies', 'replies': 0, 'replies_pts': 868, 'comments': True, 'recent_repliers': [], 'channel_id': 1637810999, 'max_id': None, 'read_max_id': None}",2024-01-22T20:22:12+00:00,,,,[],
hubhacking,https://t.me/hubhacking,797,2024-01-22 22:59:36,"AI bots that can translate subtitles for videos in different languages. 

<PERSON>: A free transcription, translation and subtitling tool that supports 125+ languages and allows you to edit your subtitles like a word document.

Maestra2: An AI subtitle generator that also offers advanced subtitle editing and styling options, as well as translation to 125+ languages.

RecCloud AI Video Translator3: A simple and powerful tool that can translate your subtitles to 40+ languages and also provide transcription and voice-over services.

AI Open Subtitles4: An online service that uses artificial intelligence from various sources to create and edit subtitles for videos.

Nova AI5: A tool that can translate subtitles in 40 different languages using AI and also help you optimize your video content for social media platforms.",False,False,False,True,True,False,False,True,False,False,1362710724,,,,,,,,,1053.0,7.0,"{'_': 'MessageReplies', 'replies': 0, 'replies_pts': 868, 'comments': True, 'recent_repliers': [], 'channel_id': 1637810999, 'max_id': None, 'read_max_id': None}",2024-01-22T22:59:39+00:00,,,,[],
hubhacking,https://t.me/hubhacking,798,2024-01-23 09:48:14,"Win11 pro keys

MV3JN-WJYBT-7M4W3-V7TTF-KBT6T

N6W37-PRKV6-QQYC6-3GPJF-R3KTT

N6Y6J-8RYP6-2QGX6-8H9QQ-WQKTT

N8WBQ-3TWDJ-76Q7J-CTGQ8-WB49G

<PERSON>-YW9BG-YB9MJ-F68GV-9BT6T",False,False,False,True,True,False,False,True,False,False,1362710724,,,,,,,,,999.0,7.0,"{'_': 'MessageReplies', 'replies': 3, 'replies_pts': 868, 'comments': True, 'recent_repliers': [{'_': 'PeerUser', 'user_id': 1585145630}, {'_': 'PeerChannel', 'channel_id': 1637810999}], 'channel_id': 1637810999, 'max_id': 416, 'read_max_id': None}",2024-01-23T09:48:17+00:00,,,,[],
hubhacking,https://t.me/hubhacking,799,2024-01-23 11:41:59,"Brutal
Brutal is a toolkit to quickly create various payload,powershell attack , virus attack and launch listener for a Human Interface Device.
The Goal
Generate various payload and powershell attack without coding
To help breaking computer very fast and agile 😛
The Payloads Compatibility > target Windows machines only
Requirements
Arduino Software ( I used v1.6.7 )
TeensyDuino
Linux udev rules
How install all requirements ? Visit This Wiki
Supported Hardware
The following hardware has been tested and is known to work.
Teensy 3.x
Usb Cable
Getting Started
Copy and paste the PaensyLib folder inside your Arduino\libraries
git clone https://github.com/Screetsec/Brutal.git
cd Brutal
chmod +x Brutal.sh 
sudo ./Brutal.sh or sudo su ./Brutal.sh",False,False,False,True,True,False,False,True,False,False,1362710724,,,,,,,5.873057977450217e+18,,1275.0,5.0,"{'_': 'MessageReplies', 'replies': 0, 'replies_pts': 868, 'comments': True, 'recent_repliers': [], 'channel_id': 1637810999, 'max_id': None, 'read_max_id': None}",2024-01-24T01:50:05+00:00,,,"{'_': 'MessageReactions', 'results': [], 'min': False, 'can_see_list': False, 'reactions_as_tags': False, 'recent_reactions': []}",[],
hubhacking,https://t.me/hubhacking,800,2024-01-23 12:35:41,"IObit Malware Fighter

> Status: Active ✅
> Version: 11 Pro

> Download: Click Here
> A4FC2-C908C-AFECF-2B43N

🚀Claim Now For Free🚀",False,False,False,True,True,False,False,True,False,False,1362710724,,,,,,,,,1369.0,2.0,"{'_': 'MessageReplies', 'replies': 0, 'replies_pts': 868, 'comments': True, 'recent_repliers': [], 'channel_id': 1637810999, 'max_id': None, 'read_max_id': None}",2024-01-28T12:13:17+00:00,,,"{'_': 'MessageReactions', 'results': [{'_': 'ReactionCount', 'reaction': {'_': 'ReactionEmoji', 'emoticon': '❤'}, 'count': 1, 'chosen_order': None}], 'min': False, 'can_see_list': False, 'reactions_as_tags': False, 'recent_reactions': []}",[],
hubhacking,https://t.me/hubhacking,801,2024-01-26 19:01:53,,False,False,False,True,True,False,False,True,False,False,1362710724,,,,,,,,,1140.0,13.0,"{'_': 'MessageReplies', 'replies': 0, 'replies_pts': 868, 'comments': True, 'recent_repliers': [], 'channel_id': 1637810999, 'max_id': None, 'read_max_id': None}",2024-01-26T21:00:00+00:00,,,"{'_': 'MessageReactions', 'results': [{'_': 'ReactionCount', 'reaction': {'_': 'ReactionEmoji', 'emoticon': '❤'}, 'count': 5, 'chosen_order': None}], 'min': False, 'can_see_list': False, 'reactions_as_tags': False, 'recent_reactions': []}",[],
hubhacking,https://t.me/hubhacking,802,2024-01-29 08:19:39,"Activation Product Key
NWX7H-43P9V-K76HK-KV2W2-9QD4X

[Official Office <DATE_TIME> Pro download link :
https://officecdn.microsoft.com/db/492350f6-3a01-4f97-b9c0-c7c6ddf67d60/media/en-US/ProPlus2021Retail.img",False,False,False,True,True,False,False,True,False,False,1362710724,,,,,,,,,987.0,11.0,"{'_': 'MessageReplies', 'replies': 1, 'replies_pts': 868, 'comments': True, 'recent_repliers': [{'_': 'PeerUser', 'user_id': 2091066317}], 'channel_id': 1637810999, 'max_id': 430, 'read_max_id': None}",2024-01-29T08:19:42+00:00,,,,[],
hubhacking,https://t.me/hubhacking,803,2024-01-29 15:49:24,"https://www.udemy.com/course/crack-windows-passwords

Coupon Code= D3C9F155FD6886281933",False,False,False,True,True,False,False,True,False,False,1362710724,,,,,,,,,944.0,3.0,"{'_': 'MessageReplies', 'replies': 3, 'replies_pts': 868, 'comments': True, 'recent_repliers': [{'_': 'PeerUser', 'user_id': 1089581997}, {'_': 'PeerUser', 'user_id': 5070913058}, {'_': 'PeerUser', 'user_id': 1979056405}], 'channel_id': 1637810999, 'max_id': 431, 'read_max_id': None}",2024-01-30T06:03:11+00:00,,,"{'_': 'MessageReactions', 'results': [], 'min': False, 'can_see_list': False, 'reactions_as_tags': False, 'recent_reactions': []}",[],
hubhacking,https://t.me/hubhacking,804,2024-02-01 17:12:50,"Microsoft Windows 11 Professional license for 3 PCs

VX88T-YNG7H-D44WW-FHFR9-2YT6Y

Microsoft Windows 11 Professional license for 3 PCs

VX88T-YNG7H-D44WW-FHFR9-2YT6Y

Microsoft Office <DATE_TIME> Professional Plus license for 3 PCs

VHJ38-KTNGC-Q38GR-669C3-T6R2X

Microsoft Windows 10 Professional license for 3 PCs

DWW9N-DHF8K-W2336-2Q8B7-CYT6Y

Microsoft Office <DATE_TIME> Professional Plus license for 3 PCs

VHJ38-KTNGC-Q38GR-669C3-T6R2X",False,False,False,True,True,False,False,False,False,False,1362710724,,,,,,,,,737.0,5.0,"{'_': 'MessageReplies', 'replies': 1, 'replies_pts': 868, 'comments': True, 'recent_repliers': [{'_': 'PeerUser', 'user_id': 5750184803}], 'channel_id': 1637810999, 'max_id': 460, 'read_max_id': None}",2024-02-01T17:13:06+00:00,,,,[],
hubhacking,https://t.me/hubhacking,805,2024-02-01 17:14:43,"✨ Fundamental Course
in Web Frameworks | UDEMY ✨

Python Web Frameworks, HTML and Java Script Frameworks, Full Stake Web applications and Web Architecture

https://www.udemy.com/course/web-frameworks
> Code: DDC09C79FC85487DA71E",False,False,False,True,True,False,False,True,False,False,1362710724,,,,,,,,,792.0,3.0,"{'_': 'MessageReplies', 'replies': 6, 'replies_pts': 868, 'comments': True, 'recent_repliers': [{'_': 'PeerUser', 'user_id': 5673581965}, {'_': 'PeerUser', 'user_id': 5415692078}, {'_': 'PeerUser', 'user_id': 5738192886}], 'channel_id': 1637810999, 'max_id': 444, 'read_max_id': None}",2024-02-01T17:14:46+00:00,,,,[],
hubhacking,https://t.me/hubhacking,806,2024-02-02 19:05:08,https://s3.amazonaws.com/wormbase/db-migration/azanium.log,False,False,False,False,True,False,False,True,True,False,1362710724,,,,,,,5.03762999448605e+18,,880.0,4.0,"{'_': 'MessageReplies', 'replies': 0, 'replies_pts': 868, 'comments': True, 'recent_repliers': [], 'channel_id': 1637810999, 'max_id': None, 'read_max_id': None}",2024-02-02T19:05:12+00:00,,,,[],
hubhacking,https://t.me/hubhacking,807,2024-02-02 19:05:23,Amazon data https://s3.amazonaws.com/wormbase/db-migration/WS264.tar.xz,False,False,False,False,True,False,False,True,False,False,1362710724,,,,,,,,,852.0,5.0,"{'_': 'MessageReplies', 'replies': 0, 'replies_pts': 868, 'comments': True, 'recent_repliers': [], 'channel_id': 1637810999, 'max_id': None, 'read_max_id': None}",2024-02-02T19:05:30+00:00,,,,[],
hubhacking,https://t.me/hubhacking,808,2024-02-02 19:05:44,,False,False,False,False,True,False,False,True,False,False,1362710724,,,,,,,,,721.0,1.0,"{'_': 'MessageReplies', 'replies': 0, 'replies_pts': 868, 'comments': True, 'recent_repliers': [], 'channel_id': 1637810999, 'max_id': None, 'read_max_id': None}",2024-02-02T19:05:48+00:00,,,,[],
hubhacking,https://t.me/hubhacking,809,2024-02-02 19:05:46,,False,False,False,True,True,,False,,,,1362710724,,,,806.0,False,False,,,,,,,,,,,
hubhacking,https://t.me/hubhacking,810,2024-02-03 08:47:04,"SwifDoo PDF Pro

> Status: Active ✅
> Version: Pro

> Code: m-swifdoo-bdjfw
> Download: Click Here",False,False,False,True,True,False,False,True,False,False,1362710724,,,,,,,5.904542793559295e+18,,678.0,4.0,"{'_': 'MessageReplies', 'replies': 0, 'replies_pts': 868, 'comments': True, 'recent_repliers': [], 'channel_id': 1637810999, 'max_id': None, 'read_max_id': None}",2024-02-03T08:47:07+00:00,,,,[],
hubhacking,https://t.me/hubhacking,811,2024-02-03 08:50:26,https://www.udemy.com/course/adobe-premiere-pro-2024-guide-to-professional-video-editing/?couponCode=COURSEVANIA_3_FEB,False,False,False,True,True,False,False,True,False,False,1362710724,,,,,,,,,761.0,3.0,"{'_': 'MessageReplies', 'replies': 1, 'replies_pts': 868, 'comments': True, 'recent_repliers': [{'_': 'PeerUser', 'user_id': 1585145630}], 'channel_id': 1637810999, 'max_id': 458, 'read_max_id': None}",2024-02-07T23:54:50+00:00,,,"{'_': 'MessageReactions', 'results': [{'_': 'ReactionCount', 'reaction': {'_': 'ReactionEmoji', 'emoticon': '👍'}, 'count': 1, 'chosen_order': None}], 'min': False, 'can_see_list': False, 'reactions_as_tags': False, 'recent_reactions': []}",[],
hubhacking,https://t.me/hubhacking,812,2024-02-03 18:08:02,"🆔 PandaVpn v6.8.4 APK + MOD [Unlimited Trial] [Unlocked]
➖➖➖➖➖➖➖➖➖
⚙️ <PERSON> :  
★ Unlimited Trial Unlocked After <DATE_TIME> Clear App Data And Trial Reset Again 😂
★ CPUs arch: Universal
★ Full Multi Languages",False,False,False,True,True,False,False,True,False,False,1362710724,,,,,,,,,795.0,2.0,"{'_': 'MessageReplies', 'replies': 0, 'replies_pts': 868, 'comments': True, 'recent_repliers': [], 'channel_id': 1637810999, 'max_id': None, 'read_max_id': None}",2024-02-03T18:08:06+00:00,,,,[],
hubhacking,https://t.me/hubhacking,813,2024-02-03 18:23:15,"⌬ ᴄᴀʀᴅ : <CREDIT_CARD>|12|2026|894
⌬ sᴛᴀᴛᴜs : 𝘾𝘾𝙉 𝙇𝙄𝙑𝙀 ✅
⌬ ʀᴇsᴘᴏɴsᴇ : Security code is incorrect ⚠️
⌬ ɢᴀᴛᴇᴡᴀʏ : STRIPE CHARGE $17",False,False,False,True,True,False,False,True,False,False,1362710724,,,,,,,,,785.0,3.0,"{'_': 'MessageReplies', 'replies': 0, 'replies_pts': 868, 'comments': True, 'recent_repliers': [], 'channel_id': 1637810999, 'max_id': None, 'read_max_id': None}",2024-02-03T18:23:19+00:00,,,,[],
hubhacking,https://t.me/hubhacking,814,2024-02-04 09:26:09,"ESET NOD32 Antivirus 2024 Edition

https://download.eset.com/com/eset/tools/installers/live_eav/latest/eset_nod32_antivirus_live_installer.exe

USAX-<PERSON>-NR48",False,False,False,True,True,False,False,True,False,False,1362710724,,,,,,,,,734.0,3.0,"{'_': 'MessageReplies', 'replies': 0, 'replies_pts': 868, 'comments': True, 'recent_repliers': [], 'channel_id': 1637810999, 'max_id': None, 'read_max_id': None}",2024-02-25T00:08:26+00:00,,,"{'_': 'MessageReactions', 'results': [{'_': 'ReactionCount', 'reaction': {'_': 'ReactionEmoji', 'emoticon': '👍'}, 'count': 1, 'chosen_order': None}], 'min': False, 'can_see_list': False, 'reactions_as_tags': False, 'recent_reactions': []}",[],
hubhacking,https://t.me/hubhacking,815,2024-02-04 10:44:11,https://unstopable.domains,False,False,False,True,True,False,False,True,False,False,1362710724,,,,,,,,,752.0,5.0,"{'_': 'MessageReplies', 'replies': 1, 'replies_pts': 868, 'comments': True, 'recent_repliers': [{'_': 'PeerUser', 'user_id': 1089581997}], 'channel_id': 1637810999, 'max_id': 462, 'read_max_id': None}",2024-02-04T12:44:30+00:00,,,"{'_': 'MessageReactions', 'results': [{'_': 'ReactionCount', 'reaction': {'_': 'ReactionEmoji', 'emoticon': '👍'}, 'count': 1, 'chosen_order': None}], 'min': False, 'can_see_list': False, 'reactions_as_tags': False, 'recent_reactions': []}",[],
hubhacking,https://t.me/hubhacking,816,2024-02-04 16:53:52,"FBI TOOL
FBI is an accurate facebook account information gathering, all sensitive information can be easily gathered even though the target converts all of its privacy to (only me), Sensitive information about residence, date of birth, occupation, phone number and email address.
[ Installation ]
$ apt update && apt upgrade
$ apt install git python2
$ git clone https://github.com/xHak9x/fbi.git
$ cd fbi
[ Setup ]
$ pip2 install -r requirements.txt
[ Running ]
<PERSON>",False,False,False,True,True,False,False,True,False,False,1362710724,,,,,,,5.908904620611191e+18,,877.0,17.0,"{'_': 'MessageReplies', 'replies': 6, 'replies_pts': 868, 'comments': True, 'recent_repliers': [{'_': 'PeerUser', 'user_id': 1904936516}, {'_': 'PeerUser', 'user_id': 5689108574}, {'_': 'PeerUser', 'user_id': 5880054910}], 'channel_id': 1637810999, 'max_id': 489, 'read_max_id': None}",2024-02-04T16:53:55+00:00,,,,[],
hubhacking,https://t.me/hubhacking,817,2024-02-06 07:31:58,"✨ Android App Development
in <DATE_TIME> : MobDevOps+ Android 13 ✨

You don't need <DATE_TIME> for learning <PERSON>! START ! Learn <PERSON> in <DATE_TIME> and write you own applications | NEW 2023

https://www.udemy.com/course/android-kotlin-development
> Use Code: ANDROID-APP-2024",False,False,False,True,True,False,False,True,False,False,1362710724,,,,,,,,,783.0,3.0,"{'_': 'MessageReplies', 'replies': 0, 'replies_pts': 868, 'comments': True, 'recent_repliers': [], 'channel_id': 1637810999, 'max_id': None, 'read_max_id': None}",2024-02-08T04:17:51+00:00,,,"{'_': 'MessageReactions', 'results': [{'_': 'ReactionCount', 'reaction': {'_': 'ReactionEmoji', 'emoticon': '👍'}, 'count': 1, 'chosen_order': None}, {'_': 'ReactionCount', 'reaction': {'_': 'ReactionEmoji', 'emoticon': '❤'}, 'count': 1, 'chosen_order': None}], 'min': False, 'can_see_list': False, 'reactions_as_tags': False, 'recent_reactions': []}",[],
hubhacking,https://t.me/hubhacking,818,2024-02-08 10:24:05,,False,False,False,True,True,False,False,True,False,False,1362710724,,,,,,,,,626.0,3.0,"{'_': 'MessageReplies', 'replies': 2, 'replies_pts': 868, 'comments': True, 'recent_repliers': [{'_': 'PeerUser', 'user_id': 6715995854}, {'_': 'PeerUser', 'user_id': 5416390551}], 'channel_id': 1637810999, 'max_id': 473, 'read_max_id': None}",2024-02-14T13:27:08+00:00,,,"{'_': 'MessageReactions', 'results': [], 'min': False, 'can_see_list': False, 'reactions_as_tags': False, 'recent_reactions': []}",[],
hubhacking,https://t.me/hubhacking,819,2024-02-08 15:46:04,https://www.udemy.com/course/creating-3d-animations-game-asset-avatar-chatbot-with-ai/?ranMID=39197&ranEAID=o689U4nBeH4&ranSiteID=o689U4nBeH4-3CgQiB2r4EtGcAERVSojRA&utm_source=aff-campaign&utm_medium=udemyads&LSNPUBID=o689U4nBeH4&couponCode=B229BEFA735BB726CD40,False,False,False,True,True,False,False,True,False,False,1362710724,,,,,,,,,635.0,3.0,"{'_': 'MessageReplies', 'replies': 0, 'replies_pts': 868, 'comments': True, 'recent_repliers': [], 'channel_id': 1637810999, 'max_id': None, 'read_max_id': None}",2024-02-08T15:46:07+00:00,,,,[],
hubhacking,https://t.me/hubhacking,822,2024-02-08 16:08:53,"njRAT v0.7d Danger Edition [ 2024 ] Crack Download - Hack Windows

It is the best free RAT tool of all time. You can fully control anyone's PC remotely .

Features

Live webcam
Remote desktop
Microphone
Get passwords
DDOS
Crypto miner
Crypto stealer
Ransomware
Spreader
Persistence
Startup
Hidden
Non-Removeable
Vpn
Victim Flag
Live location
System information
File manager
Run any file
Run any script
Download any file


Password: HackingHubWorld",False,False,False,True,True,False,False,True,False,False,1362710724,,,,,,,,,673.0,6.0,"{'_': 'MessageReplies', 'replies': 0, 'replies_pts': 868, 'comments': True, 'recent_repliers': [], 'channel_id': 1637810999, 'max_id': None, 'read_max_id': None}",2024-02-08T16:08:56+00:00,,,,[],
hubhacking,https://t.me/hubhacking,823,2024-02-08 16:09:03,,False,False,False,True,True,False,False,True,False,False,1362710724,,,,,,,,,641.0,7.0,"{'_': 'MessageReplies', 'replies': 13, 'replies_pts': 868, 'comments': True, 'recent_repliers': [{'_': 'PeerUser', 'user_id': 5738192886}, {'_': 'PeerUser', 'user_id': 1933243790}, {'_': 'PeerChannel', 'channel_id': 1637810999}], 'channel_id': 1637810999, 'max_id': 506, 'read_max_id': None}",2024-02-08T16:09:07+00:00,,,,[],
hubhacking,https://t.me/hubhacking,824,2024-02-08 16:09:03,,False,False,False,True,True,False,False,True,False,False,1362710724,,,,,,,5.920259882781623e+18,,593.0,4.0,"{'_': 'MessageReplies', 'replies': 0, 'replies_pts': 868, 'comments': True, 'recent_repliers': [], 'channel_id': 1637810999, 'max_id': None, 'read_max_id': None}",2024-02-08T16:09:07+00:00,,1.3659268348915476e+16,,[],
hubhacking,https://t.me/hubhacking,825,2024-02-08 16:09:04,,False,False,False,True,True,False,False,True,False,False,1362710724,,,,,,,5.920259882781623e+18,,718.0,4.0,,2024-02-08T16:09:07+00:00,,1.3659268348915476e+16,,[],
hubhacking,https://t.me/hubhacking,826,2024-02-08 16:09:04,,False,False,False,True,True,False,False,True,False,False,1362710724,,,,,,,5.920259882781623e+18,,780.0,4.0,,2024-02-08T16:09:07+00:00,,1.3659268348915476e+16,,[],
hubhacking,https://t.me/hubhacking,827,2024-02-08 19:13:06,"Beware of Facebook Ads That Deliver Password-Stealing Malware

https://gbhackers.com/facebook-ads-deliver-malware/",False,False,False,True,True,False,False,True,False,False,1362710724,,,,,,,,,804.0,5.0,"{'_': 'MessageReplies', 'replies': 0, 'replies_pts': 868, 'comments': True, 'recent_repliers': [], 'channel_id': 1637810999, 'max_id': None, 'read_max_id': None}",2024-02-14T13:18:49+00:00,,,"{'_': 'MessageReactions', 'results': [], 'min': False, 'can_see_list': False, 'reactions_as_tags': False, 'recent_reactions': []}",[],
hubhacking,https://t.me/hubhacking,828,2024-02-09 18:59:47,https://click.linksynergy.com/deeplink?id=o689U4nBeH4&mid=39197&murl=https%3A%2F%2Fwww.udemy.com%2Fcourse%2Fandroid-apps-development-masterclass-build-2-apps-java%2F%3FcouponCode%3D5E0BF3FBBB9DC700D541,False,False,False,True,True,False,False,True,False,False,1362710724,,,,,,,,,868.0,2.0,"{'_': 'MessageReplies', 'replies': 0, 'replies_pts': 868, 'comments': True, 'recent_repliers': [], 'channel_id': 1637810999, 'max_id': None, 'read_max_id': None}",2024-02-09T18:59:51+00:00,,,,[],
hubhacking,https://t.me/hubhacking,829,2024-02-09 20:23:08,,False,False,False,True,True,False,False,True,False,False,1362710724,,,,,,,,,852.0,6.0,"{'_': 'MessageReplies', 'replies': 1, 'replies_pts': 868, 'comments': True, 'recent_repliers': [{'_': 'PeerUser', 'user_id': 6808459905}], 'channel_id': 1637810999, 'max_id': 490, 'read_max_id': None}",2024-02-09T20:23:11+00:00,,,,[],
hubhacking,https://t.me/hubhacking,830,2024-02-11 09:01:15,"Windows <DATE_TIME> Keys (Scraped)

- Status: Untested ❗️
- Version: 10 Pro / 11 -

9TPN4-HW9WD-BFXH7-RXPCC-BTDGT
9TTNF-WCPY6-XDT9V-3MY9Q-9D726
9TVNF-TGT96-QDHG6-JC883-DV7CP
9TVNQ-GCV7M-FDMF4-TD38F-W8F9G
9TW9M-VNGKX-WGCTB-47CKX-<PERSON>
9TXRN-PRWJR-29348-7WQT4-DJ3GT
9TYDR-N9MKQ-3DBKY-D9MW7-PWF9G
9V6CN-K236R-R2MJ9-J7TQ2-9QBP6",False,False,False,True,True,False,False,True,False,False,1362710724,,,,,,,,,706.0,3.0,"{'_': 'MessageReplies', 'replies': 0, 'replies_pts': 868, 'comments': True, 'recent_repliers': [], 'channel_id': 1637810999, 'max_id': None, 'read_max_id': None}",2024-02-11T09:01:18+00:00,,,,[],
hubhacking,https://t.me/hubhacking,831,2024-02-12 17:49:51,"Photoshop Courses

<PERSON>
> Code: 419BD04454A375DD3769

https://www.udemy.com/course/adobe-premiere-pro-cc-video-editing-course-for-beginners
> Code: A50B7546C7594B224CD8

https://www.udemy.com/course/graphics-design-and-video-editing-course-for-beginner
> Code: 4EABF066206ACCBA2C7F

https://www.udemy.com/course/graphic-design-masterclass-bootcamp-from-beginner-to-expert
> Code: AB51EACD98AD3F46F58D",False,False,False,True,True,False,False,True,False,False,1362710724,,,,,,,,,613.0,4.0,"{'_': 'MessageReplies', 'replies': 1, 'replies_pts': 868, 'comments': True, 'recent_repliers': [{'_': 'PeerUser', 'user_id': 1933243790}], 'channel_id': 1637810999, 'max_id': 496, 'read_max_id': None}",2024-02-12T18:02:21+00:00,,,"{'_': 'MessageReactions', 'results': [{'_': 'ReactionCount', 'reaction': {'_': 'ReactionEmoji', 'emoticon': '👍'}, 'count': 1, 'chosen_order': None}, {'_': 'ReactionCount', 'reaction': {'_': 'ReactionEmoji', 'emoticon': '❤'}, 'count': 1, 'chosen_order': None}], 'min': False, 'can_see_list': False, 'reactions_as_tags': False, 'recent_reactions': []}",[],
hubhacking,https://t.me/hubhacking,832,2024-02-12 17:58:39," Beware of Fake LastPass Password Manager App That Steals Personal Information

https://cybersecuritynews.com/fake-lastpass-password-manager/",False,False,False,True,True,False,False,True,False,False,1362710724,,,,,,,,,653.0,1.0,"{'_': 'MessageReplies', 'replies': 0, 'replies_pts': 868, 'comments': True, 'recent_repliers': [], 'channel_id': 1637810999, 'max_id': None, 'read_max_id': None}",2024-02-12T17:58:42+00:00,,,,[],
hubhacking,https://t.me/hubhacking,833,2024-02-14 18:52:06,"Short Videos from Long Videos

1. https://vidyo.ai
   Unlocking AI-Powered Video Insights

2. https://2short.ai
   Elevate Your Content with AI-Generated Short Videos

3. https://flixier.com
   Revolutionize Video Editing: Fast, Collaborative, Cloud-Based

4. https://www.steve.ai
   Empowering Workforce Efficiency with AI-Powered Virtual Assistant

5. https://www.opus.pro
   Seamless Project Management: Transforming Ideas into Reality",False,False,False,True,True,False,False,True,False,False,1362710724,,,,,,,,,708.0,9.0,"{'_': 'MessageReplies', 'replies': 1, 'replies_pts': 868, 'comments': True, 'recent_repliers': [{'_': 'PeerUser', 'user_id': 6321044314}], 'channel_id': 1637810999, 'max_id': 509, 'read_max_id': None}",2024-02-14T18:52:09+00:00,,,,[],
hubhacking,https://t.me/hubhacking,834,2024-02-19 19:26:22,https://www.udemy.com/course/build-responsive-website-using-html5-css3-js-and-bootstrap-p/?ranMID=39197&ranEAID=o689U4nBeH4&ranSiteID=o689U4nBeH4-CMXU5Ft.4auy31raqPgNRQ&utm_source=aff-campaign&utm_medium=udemyads&LSNPUBID=o689U4nBeH4&couponCode=410F54407DC0D60D3BD9,False,False,False,True,True,False,False,True,False,False,1362710724,,,,,,,,,470.0,3.0,"{'_': 'MessageReplies', 'replies': 1, 'replies_pts': 868, 'comments': True, 'recent_repliers': [{'_': 'PeerUser', 'user_id': 5738192886}], 'channel_id': 1637810999, 'max_id': 530, 'read_max_id': None}",2024-02-19T19:26:27+00:00,,,,[],
hubhacking,https://t.me/hubhacking,835,2024-02-20 19:39:14,https://www.udemy.com/course/python-for-beginners-course-in-depth/?ranMID=39197&ranEAID=o689U4nBeH4&ranSiteID=o689U4nBeH4-OdQA2_aoKcLMMmi0HWPNBw&utm_source=aff-campaign&LSNPUBID=o689U4nBeH4&utm_medium=udemyads&couponCode=00D05CD0B8B4D16A6DD4,False,False,False,True,True,False,False,True,False,False,1362710724,,,,,,,,,423.0,3.0,"{'_': 'MessageReplies', 'replies': 0, 'replies_pts': 868, 'comments': True, 'recent_repliers': [], 'channel_id': 1637810999, 'max_id': None, 'read_max_id': None}",2024-02-20T19:39:17+00:00,,,,[],
hubhacking,https://t.me/hubhacking,836,2024-02-24 11:12:24,"Sticky Password Premium

> Status: Active ✅
> Version: <PERSON>

> Download: Click Here
> <PERSON>-AD9E5C",False,False,False,True,True,False,False,True,False,False,1362710724,,,,,,,,,242.0,2.0,"{'_': 'MessageReplies', 'replies': 0, 'replies_pts': 868, 'comments': True, 'recent_repliers': [], 'channel_id': 1637810999, 'max_id': None, 'read_max_id': None}",2024-02-24T11:12:27+00:00,,,,[],
hubhacking,https://t.me/hubhacking,837,2024-02-24 15:52:24,https://www.udemy.com/course/python-for-beginners-learn-all-the-basics-of-python/?ranMID=39197&ranEAID=o689U4nBeH4&ranSiteID=o689U4nBeH4-sL1sRJ4VuH6tmNM6hM7KDw&LSNPUBID=o689U4nBeH4&utm_source=aff-campaign&utm_medium=udemyads&couponCode=C169CC014FE6B8719256,False,False,False,True,True,False,False,True,False,False,1362710724,,,,,,,,,194.0,1.0,"{'_': 'MessageReplies', 'replies': 0, 'replies_pts': 868, 'comments': True, 'recent_repliers': [], 'channel_id': 1637810999, 'max_id': None, 'read_max_id': None}",2024-02-24T15:52:27+00:00,,,,[],
hubhacking,https://t.me/hubhacking,839,2024-03-10 09:31:44,"Fraud Bible from earlier

🔥 Topics :

TEMPLATES (CHECKS, STATEMENTS, ETC)
TAXES, BENEFITS, UNEMPLOYMENTS, RELIEF
SPAMMING, BOTNETS, CODING, ETC
SCAMS
OTHER METHODS
ID VERIFICATION TUTORIAL
CRYPTO
CARDING AND LOADING WITH CARDS
ACH, BANK LOADING, OPEN UPS, ENROLLS, CHECKS, LOANS",False,False,False,True,True,False,False,True,False,False,1362710724,,,,,,,,,280.0,12.0,"{'_': 'MessageReplies', 'replies': 0, 'replies_pts': 884, 'comments': True, 'recent_repliers': [], 'channel_id': 1637810999, 'max_id': None, 'read_max_id': None}",2024-03-10T09:31:47+00:00,,,,[],
hubhacking,https://t.me/hubhacking,840,2024-03-11 17:44:57,"🌀 Be A Master Of Canva
With New Tricks, Basics To Advance 🌀

Discover the Art of Professional Design with Canva: Harness the Ultimate Brand-Building and Business-Growth

https://www.udemy.com/course/be-a-master-of-canva-2023-with-new-tricks-basics-to-advance
> Code: CANVALATESTUPDATE",False,False,False,True,True,False,False,True,False,False,1362710724,,,,,,,,,100.0,1.0,"{'_': 'MessageReplies', 'replies': 1, 'replies_pts': 884, 'comments': True, 'recent_repliers': [{'_': 'PeerUser', 'user_id': 6046063368}], 'channel_id': 1637810999, 'max_id': 546, 'read_max_id': None}",2024-03-11T17:45:01+00:00,,,,[],
hubhacking,https://t.me/hubhacking,842,2024-03-15 19:22:31,"🎲 Windows <DATE_TIME> RTM Core/Home Retail

🟢Online CID / Phone Activation

Key: <PERSON>-X4N8V-XYQGP-Q84PD-MDWVH
Key: NFVTF-HCKY7-WVXX6-HX9H2-DDBK7
Key: 2V3TQ-3NKW7-BJPQ2-PYWV2-RVVX7
Key: MWM9N-QV432-KJCHH-JRVDJ-PKCHH
Key: 4GYHN-B7XCP-YP9TP-XTYPT-HFR7H
Key: XMWYT-N3V24-2J7DM-DGB8Y-FGDDV
Key: 4CC86-NBM94-YHQT7-GXKGB-BBHX7
Key: RP6XN-B2FT2-J2BWH-CB6BH-JQKQV
Key: N6YGB-XVXP6-C9FDK-HG6V8-DGPHH
Key: 2XY4W-QVN3P-D7CB2-2CGWR-PPQDV
Key: M8HHT-N7JB7-PHDKW-RG7DV-R9CHH
Key: HWNQK-FRCD3-RM9X2-TJB7Y-QJ3DV
Key: 6TKRW-FNY7W-27DHG-MDXC6-722HH
Key: KMX29-GNBJF-B7XJV-789PQ-7T9QV
Key: 93VBH-7NB4M-9TRW6-89CVH-7QWVH
Key: Q3VN9-XCHY7-C6FT7-63Q46-6F397
Key: 7NVH6-Y323Q-377T6-JHQWW-4VVX7
Key: 8NB2D-P6VMH-FMRGW-83662-76DDV
Key: 9TKVN-T9CQM-TW3C7-C7G3P-YKMK7
Key: WDQNC-3PHDF-WCYRP-RCFQK-GJF7H
Key: N4CQG-J9FXP-9M6FT-GQPP8-MTDDV
Key: 6XP6N-3VTYR-C86T8-8FM2W-Q69QV
Key: <PERSON>-WK9TT-TD4VJ-93KH9-FRG3V
Key: 3CBBD-2BN2D-GW4QT-DC4V2-MP2HH
Key: J3WFN-C4RB9-4F76M-2XXXC-MP2HH
Key: <PERSON>-G2J8K-QV63V
Key: VNWWB-39HTK-J7XB6-92W6X-FRG3V
Key: J2DPV-VN2RJ-VPWQD-HGMXQ-QRR7H",False,False,False,True,True,False,False,True,False,False,1362710724,,,,,,,,,18.0,2.0,"{'_': 'MessageReplies', 'replies': 0, 'replies_pts': 916, 'comments': True, 'recent_repliers': [], 'channel_id': 1637810999, 'max_id': None, 'read_max_id': None}",2024-03-15T19:22:34+00:00,,,,[],
hubhacking,https://t.me/hubhacking,843,2024-03-15 19:23:10,"x1 Windows Key

> Status: Active ✅
> Version: 10 / 11 PRO

W7PGG-NFP2W-RJ63X-GMFPD-9766Y",False,False,False,True,True,False,False,True,False,False,1362710724,,,,,,,,,18.0,1.0,"{'_': 'MessageReplies', 'replies': 0, 'replies_pts': 916, 'comments': True, 'recent_repliers': [], 'channel_id': 1637810999, 'max_id': None, 'read_max_id': None}",2024-03-15T19:23:13+00:00,,,,[],
hubhacking,https://t.me/hubhacking,844,2024-03-15 19:24:05,"50 Premium Modern Fonts

This wonderful fonts bundle has a unique, detailed and handmade look

> Download link :
https://we.tl/t-m5JVOIsG7P

❗️Expires in <DATE_TIME>, Download Now",False,False,False,True,True,False,False,True,False,False,1362710724,,,,,,,,,17.0,1.0,"{'_': 'MessageReplies', 'replies': 0, 'replies_pts': 916, 'comments': True, 'recent_repliers': [], 'channel_id': 1637810999, 'max_id': None, 'read_max_id': None}",2024-03-15T19:24:08+00:00,,,,[],
