Channel ID,URL,Post ID,date,message,out,mentioned,media_unread,silent,post,from_scheduled,legacy,edit_hide,pinned,noforwards,peer_channel,from_id_user,fwd_from,via_bot_id,reply_to_msg_id,reply_to_scheduled,forum_topic,media_photo_id,reply_markup,views,forwards,replies,edit_date,post_author,grouped_id,reactions,restriction_reason,ttl_period
modxcracker,https://t.me/modxcracker,329,2024-01-08 04:04:30,https://youtu.be/ZyTPIfnAguA?si=hrAd1zSlT-Fgaz1j,False,False,False,False,True,False,False,True,False,False,1999239169,,,,,,,,,657.0,6.0,"{'_': 'MessageReplies', 'replies': 0, 'replies_pts': 9173, 'comments': True, 'recent_repliers': [], 'channel_id': 1910039802, 'max_id': None, 'read_max_id': None}",2024-01-12T16:35:52+00:00,,,"{'_': 'MessageReactions', 'results': [{'_': 'ReactionCount', 'reaction': {'_': 'ReactionEmoji', 'emoticon': '👍'}, 'count': 1, 'chosen_order': None}], 'min': False, 'can_see_list': False, 'reactions_as_tags': False, 'recent_reactions': []}",[],
modxcracker,https://t.me/modxcracker,330,2024-01-08 05:17:00,"- Tutorial Coming on Ai Artimind on YouTube.

- Reason you can adjust Video Quality 😁.

- Join : @ModxCracker",False,False,False,True,True,False,False,False,False,False,1999239169,,,,,,,,,626.0,0.0,"{'_': 'MessageReplies', 'replies': 3, 'replies_pts': 9173, 'comments': True, 'recent_repliers': [{'_': 'PeerChannel', 'channel_id': 1999239169}, {'_': 'PeerUser', 'user_id': 1665564124}], 'channel_id': 1910039802, 'max_id': 3978, 'read_max_id': None}",2024-01-08T05:17:26+00:00,,,"{'_': 'MessageReactions', 'results': [{'_': 'ReactionCount', 'reaction': {'_': 'ReactionEmoji', 'emoticon': '👍'}, 'count': 5, 'chosen_order': None}], 'min': False, 'can_see_list': False, 'reactions_as_tags': False, 'recent_reactions': []}",[],
modxcracker,https://t.me/modxcracker,331,2024-01-08 06:01:52,"Issue not fixed still but wait we will try to fix as soon as possible <PERSON>

Sorry for the inconvenience 🙏",False,False,False,False,True,False,False,False,False,False,1999239169,,,,327.0,False,False,,,615.0,0.0,"{'_': 'MessageReplies', 'replies': 0, 'replies_pts': 9173, 'comments': True, 'recent_repliers': [], 'channel_id': 1910039802, 'max_id': None, 'read_max_id': None}",2024-01-08T06:08:28+00:00,,,"{'_': 'MessageReactions', 'results': [{'_': 'ReactionCount', 'reaction': {'_': 'ReactionEmoji', 'emoticon': '👍'}, 'count': 3, 'chosen_order': None}], 'min': False, 'can_see_list': False, 'reactions_as_tags': False, 'recent_reactions': []}",[],
modxcracker,https://t.me/modxcracker,338,2024-01-08 15:30:29,,False,False,False,True,True,,False,,,,1999239169,,,,336.0,False,False,,,,,,,,,,,
modxcracker,https://t.me/modxcracker,386,2024-01-16 05:44:19,Anyone want to purchase course urgent if anyone can purchase now I will also teach other courses dm : <PERSON>,False,False,False,False,True,False,False,True,False,False,1999239169,,,,,,,,,717.0,0.0,"{'_': 'MessageReplies', 'replies': 1, 'replies_pts': 9173, 'comments': True, 'recent_repliers': [{'_': 'PeerUser', 'user_id': 6202357737}], 'channel_id': 1910039802, 'max_id': 4465, 'read_max_id': None}",2024-01-16T05:44:22+00:00,,,,[],
modxcracker,https://t.me/modxcracker,497,2024-02-05 08:19:26,,False,False,False,False,True,,False,,,,1999239169,,,,,,,,,,,,,,,,,
modxcracker,https://t.me/modxcracker,498,2024-02-05 08:20:27,,False,False,False,False,True,,False,,,,1999239169,,,,,,,,,,,,,,,,,
modxcracker,https://t.me/modxcracker,499,2024-02-05 09:29:26,,False,False,False,False,True,,False,,,,1999239169,,,,,,,,,,,,,,,,,
modxcracker,https://t.me/modxcracker,501,2024-02-05 09:48:58,,False,False,False,False,True,,False,,,,1999239169,,,,,,,,,,,,,,,,,
modxcracker,https://t.me/modxcracker,510,2024-02-10 18:09:09,,False,False,False,False,True,,False,,,,1999239169,,,,,,,,,,,,,,,,,
modxcracker,https://t.me/modxcracker,511,2024-02-10 18:10:23,,False,False,False,False,True,,False,,,,1999239169,,,,,,,,,,,,,,,,,
modxcracker,https://t.me/modxcracker,515,2024-02-11 17:32:33,,False,False,False,False,True,,False,,,,1999239169,,,,,,,,,,,,,,,,,
modxcracker,https://t.me/modxcracker,516,2024-02-11 17:34:42,,False,False,False,False,True,,False,,,,1999239169,,,,,,,,,,,,,,,,,
modxcracker,https://t.me/modxcracker,558,2024-02-23 01:57:24,"Apk - Thenics

Security - flutter

Premium subscription active",False,False,False,False,True,False,False,True,False,False,1999239169,,,,,,,,,463.0,3.0,"{'_': 'MessageReplies', 'replies': 0, 'replies_pts': 9173, 'comments': True, 'recent_repliers': [], 'channel_id': 1910039802, 'max_id': None, 'read_max_id': None}",2024-02-23T08:41:48+00:00,,,"{'_': 'MessageReactions', 'results': [{'_': 'ReactionCount', 'reaction': {'_': 'ReactionEmoji', 'emoticon': '👍'}, 'count': 3, 'chosen_order': None}], 'min': False, 'can_see_list': False, 'reactions_as_tags': False, 'recent_reactions': []}",[],
modxcracker,https://t.me/modxcracker,561,2024-02-23 13:50:24,,False,False,False,False,True,,False,,,,1999239169,,,,,,,,,,,,,,,,,
modxcracker,https://t.me/modxcracker,569,2024-02-24 16:29:30,Anyone want to buy 15$ play Store gift card dm : <PERSON>,False,False,False,False,True,False,False,True,False,False,1999239169,,,,,,,,,307.0,0.0,"{'_': 'MessageReplies', 'replies': 3, 'replies_pts': 9173, 'comments': True, 'recent_repliers': [{'_': 'PeerUser', 'user_id': 5977054572}], 'channel_id': 1910039802, 'max_id': 5524, 'read_max_id': None}",2024-02-24T16:29:33+00:00,,,,[],
modxcracker,https://t.me/modxcracker,575,2024-02-25 05:24:18,,False,False,False,False,True,,False,,,,1999239169,,,,,,,,,,,,,,,,,
modxcracker,https://t.me/modxcracker,576,2024-02-25 05:35:02,,False,False,False,False,True,,False,,,,1999239169,,,,,,,,,,,,,,,,,
modxcracker,https://t.me/modxcracker,580,2024-02-25 12:45:24,,False,False,False,False,True,,False,,,,1999239169,,,,,,,,,,,,,,,,,
modxcracker,https://t.me/modxcracker,593,2024-02-28 17:26:47,"Apk - Filmora

Premium Active",False,False,False,False,True,False,False,True,False,False,1999239169,,,,,,,,,49.0,1.0,"{'_': 'MessageReplies', 'replies': 0, 'replies_pts': 9220, 'comments': True, 'recent_repliers': [], 'channel_id': 1910039802, 'max_id': None, 'read_max_id': None}",2024-02-28T17:26:50+00:00,,,,[],
modxcracker,https://t.me/modxcracker,596,2024-02-29 05:57:31,,False,False,False,False,True,,False,,,,1999239169,,,,,,,,,,,,,,,,,
modxcracker,https://t.me/modxcracker,597,2024-03-02 04:58:51,"Install oh my <NRP>

sh -c ""$(curl -fsSL https://github.com/Cabbagec/termux-ohmyzsh/raw/master/install.sh)""

Choose 4 for the theme
Choose roboto for the font

Installing plugins

Install shortcuts by @FairyRoot

git clone https://github.com/fairy-root/Zsh-Shortcuts-Plugin ${ZSH_CUSTOM:-$HOME/.oh-my-zsh/custom}/plugins/shortcuts

Install auto-suggestions

git clone https://github.com/zsh-users/zsh-autosuggestions.git $ZSH_CUSTOM/plugins/zsh-autosuggestions

Install zsh-syntax-highlighting

git clone https://github.com/zsh-users/zsh-syntax-highlighting.git $ZSH_CUSTOM/plugins/zsh-syntax-highlighting

Activating the plugins

Activate the Plugin by adding them to the list of plugins in your .zshrc file:

Open the zshrc file

nano ~/.zshrc

Navigate to where it says
plugins=(git)

And add the plugins so it becomes like this

plugins=(git shortcuts zsh-syntax-highlighting zsh-autosuggestions)

Add these two lines to the end of the file

Change Fairy to your name

PS1=""Fairy %F{cyan}%1~%f $ ""
ZSH_AUTOSUGGEST_HIGHLIGHT_STYLE='fg=cyan'
Press (CTRL X) to quit the file edit
Press (Y) to save the changes
Press Enter to exit

Source the file and reload it by typing

source <DATE_TIME>


Termux command to edit to message of <DATE_TIME> (motd)

nano /data/data/com.termux/files/usr/etc/motd

Clear the file and add an ASCII art of your name
_  
|  ___|
| |_ 
|  _|
|_| 

Press (CTRL X) to quit the file edit
Press (Y) to save the changes
Press Enter to exit

Tutorial by @FairyRoot",False,False,False,False,True,False,False,False,False,False,1999239169,,,,,,,,,98.0,0.0,"{'_': 'MessageReplies', 'replies': 0, 'replies_pts': 9243, 'comments': True, 'recent_repliers': [], 'channel_id': 1910039802, 'max_id': None, 'read_max_id': None}",2024-03-02T05:06:04+00:00,,,,[],
modxcracker,https://t.me/modxcracker,598,2024-03-02 06:26:31,https://youtu.be/KDRRLJE1tcU?si=fQJ0hvdaRqu8pUta,False,False,False,False,True,False,False,True,False,False,1999239169,,,,,,,,,62.0,1.0,"{'_': 'MessageReplies', 'replies': 0, 'replies_pts': 9243, 'comments': True, 'recent_repliers': [], 'channel_id': 1910039802, 'max_id': None, 'read_max_id': None}",2024-03-02T06:26:34+00:00,,,,[],
modxcracker,https://t.me/modxcracker,600,2024-03-03 17:42:50,"Flutter Series.... 

https://youtube.com/playlist?list=PLYQ2xm6xVotbxV7UrbqD4ERXUzRD5Xz_M&si=SRppix0NKNdA7p8d",False,False,False,False,True,False,False,True,False,False,1999239169,,,,,,,6.278344341474886e+18,,56.0,1.0,"{'_': 'MessageReplies', 'replies': 1, 'replies_pts': 9264, 'comments': True, 'recent_repliers': [{'_': 'PeerUser', 'user_id': 652958965}], 'channel_id': 1910039802, 'max_id': 5628, 'read_max_id': None}",2024-03-03T17:42:53+00:00,,,,[],
modxcracker,https://t.me/modxcracker,601,2024-03-03 17:43:19,"Apk - Your Hour

Premium Active",False,False,False,False,True,False,False,True,False,False,1999239169,,,,,,,,,55.0,0.0,"{'_': 'MessageReplies', 'replies': 0, 'replies_pts': 9264, 'comments': True, 'recent_repliers': [], 'channel_id': 1910039802, 'max_id': None, 'read_max_id': None}",2024-03-03T17:43:22+00:00,,,,[],
modxcracker,https://t.me/modxcracker,603,2024-03-04 05:10:55,"<NRP> Special Tutorial ⭐

Topic : How To Kill Signature Of Difficult Signature Using Frida Script Without Root


Used App -> MochiCloner


Carefully Watch The Tutorial 💯


• Install Frida.zip file before applying the codes
Link ->
https://t.me/DevProMax/397


• Frida Inject Code -> https://pastebin.com/HDtDubX4


*Before Blaming Us Fulfill All Requirements. 100% Success Guarantee ✓


Tutorial By : @DipayanBiswasXD",False,False,False,False,True,False,False,True,False,False,1999239169,,"{'_': 'MessageFwdHeader', 'date': '2024-03-04T04:19:31+00:00', 'imported': False, 'saved_out': False, 'from_id': None, 'from_name': '𝑫𝒊𝒑𝒂𝒚𝒂𝒏 𝑩𝒊𝒔𝒘𝒂𝒔 〄', 'channel_post': None, 'post_author': None, 'saved_from_peer': None, 'saved_from_msg_id': None, 'saved_from_id': None, 'saved_from_name': None, 'saved_date': None, 'psa_type': None}",,,,,,,15.0,1.0,"{'_': 'MessageReplies', 'replies': 0, 'replies_pts': 9285, 'comments': True, 'recent_repliers': [], 'channel_id': 1910039802, 'max_id': None, 'read_max_id': None}",2024-03-04T05:44:05+00:00,,,"{'_': 'MessageReactions', 'results': [{'_': 'ReactionCount', 'reaction': {'_': 'ReactionEmoji', 'emoticon': '👍'}, 'count': 1, 'chosen_order': None}], 'min': False, 'can_see_list': False, 'reactions_as_tags': False, 'recent_reactions': []}",[],
modxcracker,https://t.me/modxcracker,604,2024-03-04 05:21:26,https://youtu.be/T1NUuDvUd2c?si=mAH8JR98v_aSfLOH,False,False,False,False,True,False,False,True,False,False,1999239169,,,,,,,,,19.0,0.0,"{'_': 'MessageReplies', 'replies': 0, 'replies_pts': 9285, 'comments': True, 'recent_repliers': [], 'channel_id': 1910039802, 'max_id': None, 'read_max_id': None}",2024-03-04T05:21:29+00:00,,,,[],
modxcracker,https://t.me/modxcracker,606,2024-03-04 14:52:07,"<PERSON>: <PERSON>, Flutter

- Premium subscription active
- Do not Login",False,False,False,False,True,False,False,True,False,False,1999239169,,,,,,,,,49.0,1.0,,2024-03-04T14:52:10+00:00,,1.367651141565366e+16,,[],
modxcracker,https://t.me/modxcracker,609,2024-03-04 17:35:28,Xodo_8.10.0.apk,False,False,False,False,True,False,False,True,False,False,1999239169,,"{'_': 'MessageFwdHeader', 'date': '2024-03-04T17:33:12+00:00', 'imported': False, 'saved_out': False, 'from_id': {'_': 'PeerUser', 'user_id': 6469360896}, 'from_name': None, 'channel_post': None, 'post_author': None, 'saved_from_peer': None, 'saved_from_msg_id': None, 'saved_from_id': None, 'saved_from_name': None, 'saved_date': None, 'psa_type': None}",,,,,,,50.0,0.0,"{'_': 'MessageReplies', 'replies': 0, 'replies_pts': 9303, 'comments': True, 'recent_repliers': [], 'channel_id': 1910039802, 'max_id': None, 'read_max_id': None}",2024-03-04T17:35:31+00:00,,,,[],
modxcracker,https://t.me/modxcracker,611,2024-03-06 09:12:12,"Apk - Alto's Odyssey adventure

--Ads remove purchased
--doubled coiner purchased
--All characters unlocked

--5k coins.",False,False,False,False,True,False,False,True,False,False,1999239169,,,,,,,,,32.0,0.0,"{'_': 'MessageReplies', 'replies': 0, 'replies_pts': 9321, 'comments': True, 'recent_repliers': [], 'channel_id': 1910039802, 'max_id': None, 'read_max_id': None}",2024-03-06T09:12:15+00:00,,,,[],
modxcracker,https://t.me/modxcracker,615,2024-03-07 08:56:30,"Apk - Chatbot Ai 

Premium unlocked",False,False,False,False,True,False,False,True,False,False,1999239169,,,,,,,,,15.0,1.0,"{'_': 'MessageReplies', 'replies': 2, 'replies_pts': 9344, 'comments': True, 'recent_repliers': [{'_': 'PeerUser', 'user_id': 103804341}], 'channel_id': 1910039802, 'max_id': 5661, 'read_max_id': None}",2024-03-07T08:56:33+00:00,,,,[],
modxcracker,https://t.me/modxcracker,617,2024-03-08 06:40:13,शुभ महा शिवरात्रि 2024 ⛩️🙏,False,False,False,False,True,False,False,True,False,False,1999239169,,,,,,,6.291704640407977e+18,,18.0,0.0,"{'_': 'MessageReplies', 'replies': 0, 'replies_pts': 9363, 'comments': True, 'recent_repliers': [], 'channel_id': 1910039802, 'max_id': None, 'read_max_id': None}",2024-03-08T06:40:17+00:00,,,,[],
modxcracker,https://t.me/modxcracker,619,2024-03-09 01:40:28,"Apk - enhance fox

Premium unlocked",False,False,False,False,True,False,False,True,False,False,1999239169,,,,,,,,,7.0,1.0,"{'_': 'MessageReplies', 'replies': 0, 'replies_pts': 9382, 'comments': True, 'recent_repliers': [], 'channel_id': 1910039802, 'max_id': None, 'read_max_id': None}",2024-03-09T01:40:50+00:00,,,"{'_': 'MessageReactions', 'results': [{'_': 'ReactionCount', 'reaction': {'_': 'ReactionEmoji', 'emoticon': '👍'}, 'count': 1, 'chosen_order': None}], 'min': False, 'can_see_list': False, 'reactions_as_tags': False, 'recent_reactions': []}",[],
modxcracker,https://t.me/modxcracker,621,2024-03-09 14:22:18,"Apk - Intro maker

Vip lifetime Active",False,False,False,False,True,False,False,True,False,False,1999239169,,,,,,,,,26.0,1.0,"{'_': 'MessageReplies', 'replies': 0, 'replies_pts': 9393, 'comments': True, 'recent_repliers': [], 'channel_id': 1910039802, 'max_id': None, 'read_max_id': None}",2024-03-09T14:22:21+00:00,,,,[],
modxcracker,https://t.me/modxcracker,624,2024-03-09 17:24:24,,False,False,False,False,True,,False,,,,1999239169,,,,,,,,,,,,,,,,,
modxcracker,https://t.me/modxcracker,626,2024-03-14 05:09:45,"Flutter Keywords Extractor

Based on the video shared here

Since our beloved @PercyXangel didn't include the python file he used to extract the keywords, I have taken it into myself to make it from scratch for the community.

IMPORTANT NOTE:
- Make sure to edit the input and output paths by editing the python file

- input = out_dir/asm/
- output= wherever you want the results to be extracted
And to make a seemless experience, add a shortcut using Aliases or using the <NRP> shortcuts plugin I made.

The python code accesses the <NRP>/asm/ path generated after using b(l)utter to extract the offsets of flutter apps. So make sure to use b(l)utter first, then extract the keywords offsets using this python code.

Thanks to <PERSON> for the great idea
And as always, thank you all

Download

Script made by: @FairyRoot",False,False,False,False,True,False,False,True,False,False,1999239169,,"{'_': 'MessageFwdHeader', 'date': '2024-03-14T05:08:05+00:00', 'imported': False, 'saved_out': False, 'from_id': {'_': 'PeerChannel', 'channel_id': 2123132220}, 'from_name': None, 'channel_post': 211, 'post_author': 'Ejen Ali', 'saved_from_peer': None, 'saved_from_msg_id': None, 'saved_from_id': None, 'saved_from_name': None, 'saved_date': None, 'psa_type': None}",,,,,,,29.0,1.0,"{'_': 'MessageReplies', 'replies': 0, 'replies_pts': 9424, 'comments': True, 'recent_repliers': [], 'channel_id': 1910039802, 'max_id': None, 'read_max_id': None}",2024-03-14T05:09:48+00:00,,,,[],
modxcracker,https://t.me/modxcracker,627,2024-03-14 05:27:17,"<\> Apk Name : <PERSON> Image Generator

<\> Topic: How To Mod 
Flutter Apps  #Flutter

<\> Playstore Link : Click here 

<\> Hint: Available In Video

<\>Tutorial By : @FairyRoot",False,False,False,False,True,False,False,True,False,False,1999239169,,,,,,,,,27.0,1.0,"{'_': 'MessageReplies', 'replies': 0, 'replies_pts': 9424, 'comments': True, 'recent_repliers': [], 'channel_id': 1910039802, 'max_id': None, 'read_max_id': None}",2024-03-14T05:27:20+00:00,,,,[],
modxcracker,https://t.me/modxcracker,628,2024-03-14 05:27:55,I will be Back on 20th march,False,False,False,False,True,False,False,True,False,False,1999239169,,,,,,,,,27.0,0.0,"{'_': 'MessageReplies', 'replies': 0, 'replies_pts': 9424, 'comments': True, 'recent_repliers': [], 'channel_id': 1910039802, 'max_id': None, 'read_max_id': None}",2024-03-14T05:28:16+00:00,,,"{'_': 'MessageReactions', 'results': [{'_': 'ReactionCount', 'reaction': {'_': 'ReactionEmoji', 'emoticon': '❤'}, 'count': 2, 'chosen_order': None}], 'min': False, 'can_see_list': False, 'reactions_as_tags': False, 'recent_reactions': []}",[],
modxcracker,https://t.me/modxcracker,630,2024-03-14 08:01:45,"Picsart

Security: signature kill

Gold Unlocked

You're not forced to login.",False,False,False,False,True,False,False,True,False,False,1999239169,,,,,,,,,41.0,1.0,"{'_': 'MessageReplies', 'replies': 0, 'replies_pts': 9435, 'comments': True, 'recent_repliers': [], 'channel_id': 1910039802, 'max_id': None, 'read_max_id': None}",2024-03-14T08:02:35+00:00,,,"{'_': 'MessageReactions', 'results': [{'_': 'ReactionCount', 'reaction': {'_': 'ReactionEmoji', 'emoticon': '🥰'}, 'count': 2, 'chosen_order': None}], 'min': False, 'can_see_list': False, 'reactions_as_tags': False, 'recent_reactions': []}",[],
modxcracker,https://t.me/modxcracker,632,2024-03-14 09:58:54,"How to use find.py

Download this file👇👇
https://t.me/TDOhex_Discussion/24244",False,False,False,False,True,False,False,True,False,False,1999239169,,,,,,,,,29.0,0.0,"{'_': 'MessageReplies', 'replies': 0, 'replies_pts': 9444, 'comments': True, 'recent_repliers': [], 'channel_id': 1910039802, 'max_id': None, 'read_max_id': None}",2024-03-14T09:58:57+00:00,,,,[],
modxcracker,https://t.me/modxcracker,634,2024-03-15 10:07:25,,False,False,False,False,True,False,False,True,False,False,1999239169,,,,,,,,,11.0,0.0,"{'_': 'MessageReplies', 'replies': 0, 'replies_pts': 9456, 'comments': True, 'recent_repliers': [], 'channel_id': 1910039802, 'max_id': None, 'read_max_id': None}",2024-03-15T10:07:28+00:00,,,,[],
modxcracker,https://t.me/modxcracker,638,2024-03-16 14:25:13,"Apk - sira ai

Text to video generator

Full screen ads removed 
Genrate videos without watching ads..",False,False,False,False,True,False,False,True,False,False,1999239169,,,,,,,,,46.0,1.0,"{'_': 'MessageReplies', 'replies': 0, 'replies_pts': 9472, 'comments': True, 'recent_repliers': [], 'channel_id': 1910039802, 'max_id': None, 'read_max_id': None}",2024-03-16T14:25:16+00:00,,,,[],
modxcracker,https://t.me/modxcracker,639,2024-03-16 14:26:52,,False,False,False,False,True,,False,,,,1999239169,,,,,,,,,,,,,,,,,
modxcracker,https://t.me/modxcracker,641,2024-03-16 14:30:43,,False,False,False,False,True,,False,,,,1999239169,,,,,,,,,,,,,,,,,
modxcracker,https://t.me/modxcracker,643,2024-03-17 11:27:52,https://youtu.be/uwkL-eGWqwk?si=dnRZdk8j2VbUxhYw,False,False,False,False,True,False,False,True,False,False,1999239169,,,,,,,,,27.0,0.0,"{'_': 'MessageReplies', 'replies': 0, 'replies_pts': 9506, 'comments': True, 'recent_repliers': [], 'channel_id': 1910039802, 'max_id': None, 'read_max_id': None}",2024-03-17T11:27:57+00:00,,,"{'_': 'MessageReactions', 'results': [], 'min': False, 'can_see_list': False, 'reactions_as_tags': False, 'recent_reactions': []}",[],
modxcracker,https://t.me/modxcracker,645,2024-03-17 17:36:18,"Apk - Reimagine Ai 

Premium unlocked.",False,False,False,False,True,False,False,True,False,False,1999239169,,,,,,,,,40.0,0.0,"{'_': 'MessageReplies', 'replies': 0, 'replies_pts': 9518, 'comments': True, 'recent_repliers': [], 'channel_id': 1910039802, 'max_id': None, 'read_max_id': None}",2024-03-17T17:36:50+00:00,,,"{'_': 'MessageReactions', 'results': [{'_': 'ReactionCount', 'reaction': {'_': 'ReactionEmoji', 'emoticon': '👍'}, 'count': 2, 'chosen_order': None}], 'min': False, 'can_see_list': False, 'reactions_as_tags': False, 'recent_reactions': []}",[],
modxcracker,https://t.me/modxcracker,654,2024-03-20 09:01:40,<PERSON>,False,False,False,False,True,False,False,True,False,False,1999239169,,,,,,,,,49.0,0.0,"{'_': 'MessageReplies', 'replies': 0, 'replies_pts': 9569, 'comments': True, 'recent_repliers': [], 'channel_id': 1910039802, 'max_id': None, 'read_max_id': None}",2024-03-20T09:01:43+00:00,,,,[],
modxcracker,https://t.me/modxcracker,660,2024-03-21 03:46:01,,False,False,False,False,True,,False,,,,1999239169,,,,,,,,,,,,,,,,,
modxcracker,https://t.me/modxcracker,663,2024-03-21 03:48:52,,False,False,False,False,True,False,False,True,False,False,1999239169,,,,,,,6.330084841827188e+18,,9.0,0.0,,2024-03-21T03:48:55+00:00,,1.3687943461467612e+16,,[],
modxcracker,https://t.me/modxcracker,665,2024-03-21 03:48:52,"Just small updated code with user input field added

echo ""Enter the word to search for:""; read user_input; grep -rih -C 5 ""$user_input"" /storage/emulated/0/MT2/flutter/out_dir/ > $user_input.txt",False,False,False,False,True,False,False,True,False,False,1999239169,,,,662.0,False,False,,,408.0,3.0,,2024-03-21T03:48:55+00:00,,,,[],
modxcracker,https://t.me/modxcracker,666,2024-03-21 04:42:11,Anyone Have Adobe Premier Pro Account or Crack dm : <PERSON> for pc,False,False,False,False,True,False,False,False,False,False,1999239169,,,,,,,,,388.0,0.0,"{'_': 'MessageReplies', 'replies': 0, 'replies_pts': 9660, 'comments': True, 'recent_repliers': [], 'channel_id': 1910039802, 'max_id': None, 'read_max_id': None}",2024-03-21T04:46:05+00:00,,,,[],
modxcracker,https://t.me/modxcracker,667,2024-03-21 14:27:45,"Apk - story lab

Premium unlocked",False,False,False,False,True,False,False,True,False,False,1999239169,,,,,,,,,353.0,0.0,"{'_': 'MessageReplies', 'replies': 1, 'replies_pts': 9660, 'comments': True, 'recent_repliers': [{'_': 'PeerUser', 'user_id': 1611239881}], 'channel_id': 1910039802, 'max_id': 5807, 'read_max_id': None}",2024-03-21T14:27:49+00:00,,,,[],
modxcracker,https://t.me/modxcracker,668,2024-03-21 17:34:45,,False,False,False,False,True,,False,,,,1999239169,,,,,,,,,,,,,,,,,
modxcracker,https://t.me/modxcracker,669,2024-03-22 11:52:51,https://youtu.be/4X5CCLCrlSM?si=xNAfgTX_LEM-HfT7,False,False,False,False,True,False,False,True,False,False,1999239169,,,,,,,,,346.0,1.0,"{'_': 'MessageReplies', 'replies': 0, 'replies_pts': 9660, 'comments': True, 'recent_repliers': [], 'channel_id': 1910039802, 'max_id': None, 'read_max_id': None}",2024-03-22T11:52:54+00:00,,,,[],
modxcracker,https://t.me/modxcracker,670,2024-03-22 11:59:33,"Apk - Ai Picasso art generator

Premium unlocked",False,False,False,False,True,False,False,True,False,False,1999239169,,,,,,,,,346.0,4.0,"{'_': 'MessageReplies', 'replies': 0, 'replies_pts': 9660, 'comments': True, 'recent_repliers': [], 'channel_id': 1910039802, 'max_id': None, 'read_max_id': None}",2024-03-23T17:37:36+00:00,,,"{'_': 'MessageReactions', 'results': [{'_': 'ReactionCount', 'reaction': {'_': 'ReactionEmoji', 'emoticon': '❤'}, 'count': 1, 'chosen_order': None}], 'min': False, 'can_see_list': False, 'reactions_as_tags': False, 'recent_reactions': []}",[],
modxcracker,https://t.me/modxcracker,672,2024-03-23 16:47:09,"Apk - photo video maker: fotoslider

Security - pairrip

Premium unlocked",False,False,False,False,True,False,False,True,False,False,1999239169,,,,,,,,,291.0,1.0,"{'_': 'MessageReplies', 'replies': 0, 'replies_pts': 9660, 'comments': True, 'recent_repliers': [], 'channel_id': 1910039802, 'max_id': None, 'read_max_id': None}",2024-03-23T17:37:33+00:00,,,"{'_': 'MessageReactions', 'results': [{'_': 'ReactionCount', 'reaction': {'_': 'ReactionEmoji', 'emoticon': '❤'}, 'count': 1, 'chosen_order': None}], 'min': False, 'can_see_list': False, 'reactions_as_tags': False, 'recent_reactions': []}",[],
modxcracker,https://t.me/modxcracker,673,2024-03-23 17:57:36,,False,False,False,False,True,,False,,,,1999239169,,,,,,,,,,,,,,,,,
modxcracker,https://t.me/modxcracker,675,2024-03-23 17:58:38,,False,False,False,False,True,,False,,,,1999239169,,,,,,,,,,,,,,,,,
modxcracker,https://t.me/modxcracker,676,2024-03-24 03:39:23,Happy Holi To All ❤️💥,False,False,False,False,True,False,False,True,False,False,1999239169,,,,,,,6.053088498099011e+18,,393.0,3.0,"{'_': 'MessageReplies', 'replies': 0, 'replies_pts': 9660, 'comments': True, 'recent_repliers': [], 'channel_id': 1910039802, 'max_id': None, 'read_max_id': None}",2024-03-24T03:43:39+00:00,,,"{'_': 'MessageReactions', 'results': [{'_': 'ReactionCount', 'reaction': {'_': 'ReactionEmoji', 'emoticon': '🔥'}, 'count': 2, 'chosen_order': None}], 'min': False, 'can_see_list': False, 'reactions_as_tags': False, 'recent_reactions': []}",[],
modxcracker,https://t.me/modxcracker,677,2024-03-24 11:47:23,"Apk - Ai music cover & song creator

Premium unlocked",False,False,False,False,True,False,False,True,False,False,1999239169,,,,,,,,,225.0,4.0,"{'_': 'MessageReplies', 'replies': 0, 'replies_pts': 9660, 'comments': True, 'recent_repliers': [], 'channel_id': 1910039802, 'max_id': None, 'read_max_id': None}",2024-03-24T11:57:44+00:00,,1.36902467483151e+16,"{'_': 'MessageReactions', 'results': [{'_': 'ReactionCount', 'reaction': {'_': 'ReactionEmoji', 'emoticon': '❤'}, 'count': 3, 'chosen_order': None}, {'_': 'ReactionCount', 'reaction': {'_': 'ReactionEmoji', 'emoticon': '👍'}, 'count': 1, 'chosen_order': None}], 'min': False, 'can_see_list': False, 'reactions_as_tags': False, 'recent_reactions': []}",[],
modxcracker,https://t.me/modxcracker,678,2024-03-24 11:47:23,"Game - shadow of death: dark <PERSON>

Unlimited souls, unlimited crystal",False,False,False,False,True,False,False,True,False,False,1999239169,,,,,,,,,228.0,2.0,,2024-03-24T11:47:26+00:00,,1.36902467483151e+16,,[],
modxcracker,https://t.me/modxcracker,679,2024-03-24 18:28:13,"More info- https://t.me/modding_tutorials_precisely/2663

Here's how to add the SSL Certificate to ProxyPin, and add the Zedge Dump script

- The Zedge Dump Script is written in JavaScript, so you can apply to any other website using the same method

Do not forget to add your Discord Webhook URL to the script or else it will not work

With what's left of my Energy",False,False,False,False,True,False,False,True,False,False,1999239169,,,,,,,,,185.0,4.0,"{'_': 'MessageReplies', 'replies': 0, 'replies_pts': 9660, 'comments': True, 'recent_repliers': [], 'channel_id': 1910039802, 'max_id': None, 'read_max_id': None}",2024-03-25T03:39:47+00:00,,,"{'_': 'MessageReactions', 'results': [{'_': 'ReactionCount', 'reaction': {'_': 'ReactionEmoji', 'emoticon': '👍'}, 'count': 2, 'chosen_order': None}], 'min': False, 'can_see_list': False, 'reactions_as_tags': False, 'recent_reactions': []}",[],
modxcracker,https://t.me/modxcracker,682,2024-03-24 18:29:13,"Zedge

Subscription Active
Ads Removed",False,False,False,False,True,False,False,True,False,False,1999239169,,,,,,,,,181.0,3.0,"{'_': 'MessageReplies', 'replies': 0, 'replies_pts': 9660, 'comments': True, 'recent_repliers': [], 'channel_id': 1910039802, 'max_id': None, 'read_max_id': None}",2024-03-24T18:29:16+00:00,,,,[],
modxcracker,https://t.me/modxcracker,683,2024-03-24 18:29:31,"Kick the buddy new method?
Im sorry if the tutorial useless i tried my best to find the method

App:- https://play.google.com/store/apps/details?id=com.playgendary.kickthebuddy

Added unlock blood features offset

Credits @SamuelAjah
Original Credits @SPENCERrrrr

Work new version",False,False,False,False,True,False,False,True,False,False,1999239169,,,,,,,,,204.0,2.0,"{'_': 'MessageReplies', 'replies': 0, 'replies_pts': 9660, 'comments': True, 'recent_repliers': [], 'channel_id': 1910039802, 'max_id': None, 'read_max_id': None}",2024-03-24T18:29:34+00:00,,,,[],
modxcracker,https://t.me/modxcracker,684,2024-03-24 18:29:31,"Apk - Shadow of death 

Size? - https://youtu.be/r2qnArlV54A?si=Q-4-S4Eyde0To4kP",False,False,False,False,True,False,False,True,False,False,1999239169,,,,,,,,,203.0,3.0,,2024-03-24T18:29:34+00:00,,,,[],
modxcracker,https://t.me/modxcracker,686,2024-03-26 12:46:57,https://t.me/ModXCracker?livestream=6cc735c670d807b848,False,False,False,False,True,False,False,True,False,False,1999239169,,,,,,,,,87.0,1.0,"{'_': 'MessageReplies', 'replies': 0, 'replies_pts': 9662, 'comments': True, 'recent_repliers': [], 'channel_id': 1910039802, 'max_id': None, 'read_max_id': None}",2024-03-26T12:47:00+00:00,,,,[],
modxcracker,https://t.me/modxcracker,687,2024-03-26 13:47:29,,False,False,False,False,True,,False,,,,1999239169,,,,,,,,,,,,,,,,,
modxcracker,https://t.me/modxcracker,689,2024-03-26 15:58:13,,False,False,False,False,True,,False,,,,1999239169,,,,,,,,,,,,,,,,,
modxcracker,https://t.me/modxcracker,691,2024-03-26 18:09:44,"Apk - voice Ai 

Security - Hermes/revenue cat

Note - close & restart app once. 
First default voice generation is unlimited.. 

Other voices will try to bring in future",False,False,False,False,True,False,False,True,False,False,1999239169,,,,,,,,,28.0,2.0,"{'_': 'MessageReplies', 'replies': 0, 'replies_pts': 9670, 'comments': True, 'recent_repliers': [], 'channel_id': 1910039802, 'max_id': None, 'read_max_id': None}",2024-03-26T18:09:47+00:00,,,,[],
modxcracker,https://t.me/modxcracker,693,2024-03-27 05:50:53,"Flutter modders try it 🥰

Difficulty:- easy",False,False,False,False,True,False,False,True,False,False,1999239169,,"{'_': 'MessageFwdHeader', 'date': '2024-03-27T05:32:35+00:00', 'imported': False, 'saved_out': False, 'from_id': {'_': 'PeerChannel', 'channel_id': 1852596652}, 'from_name': None, 'channel_post': 2693, 'post_author': '⚔️ P̾E̾R̾C̾Y̾ ⚔️', 'saved_from_peer': None, 'saved_from_msg_id': None, 'saved_from_id': None, 'saved_from_name': None, 'saved_date': None, 'psa_type': None}",,,,,,,73.0,0.0,"{'_': 'MessageReplies', 'replies': 0, 'replies_pts': 9701, 'comments': True, 'recent_repliers': [], 'channel_id': 1910039802, 'max_id': None, 'read_max_id': None}",2024-03-27T05:50:56+00:00,,,,[],
modxcracker,https://t.me/modxcracker,694,2024-03-27 07:55:23,"Anyone want to purchase modding course dm : <PERSON>

Only for 2 members",False,False,False,False,True,False,False,True,False,False,1999239169,,,,,,,,,68.0,0.0,"{'_': 'MessageReplies', 'replies': 5, 'replies_pts': 9701, 'comments': True, 'recent_repliers': [{'_': 'PeerUser', 'user_id': 1248302332}, {'_': 'PeerUser', 'user_id': 6591338007}, {'_': 'PeerUser', 'user_id': 5798143340}], 'channel_id': 1910039802, 'max_id': 5868, 'read_max_id': None}",2024-03-27T07:55:26+00:00,,,,[],
modxcracker,https://t.me/modxcracker,696,2024-03-28 08:16:39,"Video is out if you <PERSON> watch go and checkout ! 

Video - https://youtu.be/N8f4BNwLqkg?si=0OS141oLEdCXBp0J

Android Firebase Database Takeover:

Directory listing that containing sensitive files.
wrkman.app/api/

Vulnerable firebase that contains so much sensitive info including person secret chat app user account login info including name,profile pictures,emailid,mobile no, address

https://wrkman-80287-default-rtdb.firebaseio.com/.json

Thanks to 007 for giving target to test my exploit.

Credits - @lostsec",False,False,False,False,True,False,False,True,False,False,1999239169,,,,,,,6.064609743575562e+18,,394.0,0.0,"{'_': 'MessageReplies', 'replies': 0, 'replies_pts': 9791, 'comments': True, 'recent_repliers': [], 'channel_id': 1910039802, 'max_id': None, 'read_max_id': None}",2024-03-28T08:16:42+00:00,,,,[],
modxcracker,https://t.me/modxcracker,697,2024-03-28 08:16:39,"also if you download the Wrkman app from playstore and register it with your email id number  it will stored in this Database also your chat leak in this json !

Credits - @lostsec",False,False,False,False,True,False,False,True,False,False,1999239169,,,,,,,6.064609743575562e+18,,414.0,0.0,,2024-03-29T06:23:20+00:00,,,"{'_': 'MessageReactions', 'results': [{'_': 'ReactionCount', 'reaction': {'_': 'ReactionEmoji', 'emoticon': '👍'}, 'count': 1, 'chosen_order': None}, {'_': 'ReactionCount', 'reaction': {'_': 'ReactionEmoji', 'emoticon': '🔥'}, 'count': 1, 'chosen_order': None}], 'min': False, 'can_see_list': False, 'reactions_as_tags': False, 'recent_reactions': []}",[],
modxcracker,https://t.me/modxcracker,698,2024-03-28 08:25:55,,False,False,False,False,True,,False,,,,1999239169,,,,,,,,,,,,,,,,,
modxcracker,https://t.me/modxcracker,699,2024-03-28 08:31:10,,False,False,False,False,True,,False,,,,1999239169,,,,,,,,,,,,,,,,,
modxcracker,https://t.me/modxcracker,700,2024-03-28 09:31:08,"Apk - Mate Ai: Ai chatbot

Premium unlocked",False,False,False,False,True,False,False,True,False,False,1999239169,,,,,,,,,453.0,1.0,"{'_': 'MessageReplies', 'replies': 0, 'replies_pts': 9791, 'comments': True, 'recent_repliers': [], 'channel_id': 1910039802, 'max_id': None, 'read_max_id': None}",2024-03-28T10:04:09+00:00,,,"{'_': 'MessageReactions', 'results': [{'_': 'ReactionCount', 'reaction': {'_': 'ReactionEmoji', 'emoticon': '👍'}, 'count': 2, 'chosen_order': None}, {'_': 'ReactionCount', 'reaction': {'_': 'ReactionEmoji', 'emoticon': '❤'}, 'count': 2, 'chosen_order': None}, {'_': 'ReactionCount', 'reaction': {'_': 'ReactionEmoji', 'emoticon': '👏'}, 'count': 1, 'chosen_order': None}], 'min': False, 'can_see_list': False, 'reactions_as_tags': False, 'recent_reactions': []}",[],
modxcracker,https://t.me/modxcracker,701,2024-03-28 11:36:51,Anyone have working fake camera patch working in apk cloner dm : <PERSON>,False,False,False,False,True,False,False,True,False,False,1999239169,,,,,,,,,430.0,0.0,"{'_': 'MessageReplies', 'replies': 0, 'replies_pts': 9791, 'comments': True, 'recent_repliers': [], 'channel_id': 1910039802, 'max_id': None, 'read_max_id': None}",2024-03-28T11:36:54+00:00,,,,[],
modxcracker,https://t.me/modxcracker,702,2024-03-28 14:38:38,,False,False,False,False,True,,False,,,,1999239169,,,,,,,,,,,,,,,,,
modxcracker,https://t.me/modxcracker,703,2024-03-28 14:41:00,,False,False,False,False,True,,False,,,,1999239169,,,,,,,,,,,,,,,,,
modxcracker,https://t.me/modxcracker,704,2024-03-29 10:20:01,"Apk - vocefy Ai voice generator

Based on this tutorial - https://t.me/modding_tutorials_precisely/2637?single

Coincidentally it's just updated after I made tutorial so just offsets changed but place is same

Size? - https://youtu.be/n6bouSqxpB0?si=Cv46rFgOzlSDJPOo

By - @robinxr54",False,False,False,False,True,False,False,True,False,False,1999239169,,,,,,,,,357.0,3.0,"{'_': 'MessageReplies', 'replies': 0, 'replies_pts': 9791, 'comments': True, 'recent_repliers': [], 'channel_id': 1910039802, 'max_id': None, 'read_max_id': None}",2024-03-29T10:20:04+00:00,,,,[],
modxcracker,https://t.me/modxcracker,705,2024-03-29 10:20:20,"Apk - vocefy Ai voice changer

Premium unlocked",False,False,False,False,True,False,False,True,False,False,1999239169,,,,,,,,,382.0,4.0,"{'_': 'MessageReplies', 'replies': 0, 'replies_pts': 9791, 'comments': True, 'recent_repliers': [], 'channel_id': 1910039802, 'max_id': None, 'read_max_id': None}",2024-03-29T10:20:23+00:00,,1.3693660967152236e+16,,[],
modxcracker,https://t.me/modxcracker,706,2024-03-29 10:20:21,"Apk - vocefy Ai voice changer

Premium unlocked",False,False,False,False,True,False,False,True,False,False,1999239169,,,,,,,,,385.0,3.0,,2024-03-29T10:20:23+00:00,,1.3693660967152236e+16,,[],
modxcracker,https://t.me/modxcracker,707,2024-03-30 05:02:34,"Apk - now ai

Premium unlocked",False,False,False,False,True,False,False,True,False,False,1999239169,,,,,,,,,332.0,0.0,"{'_': 'MessageReplies', 'replies': 4, 'replies_pts': 9791, 'comments': True, 'recent_repliers': [{'_': 'PeerUser', 'user_id': 5469508012}, {'_': 'PeerUser', 'user_id': 6626717361}, {'_': 'PeerUser', 'user_id': 998710101}], 'channel_id': 1910039802, 'max_id': 5900, 'read_max_id': None}",2024-03-31T21:42:11+00:00,,,"{'_': 'MessageReactions', 'results': [{'_': 'ReactionCount', 'reaction': {'_': 'ReactionEmoji', 'emoticon': '👍'}, 'count': 1, 'chosen_order': None}], 'min': False, 'can_see_list': False, 'reactions_as_tags': False, 'recent_reactions': []}",[],
modxcracker,https://t.me/modxcracker,708,2024-03-30 18:00:13,,False,False,False,False,True,False,False,True,False,False,1999239169,,,,,,,,,305.0,1.0,"{'_': 'MessageReplies', 'replies': 0, 'replies_pts': 9791, 'comments': True, 'recent_repliers': [], 'channel_id': 1910039802, 'max_id': None, 'read_max_id': None}",2024-03-30T18:01:14+00:00,,,"{'_': 'MessageReactions', 'results': [{'_': 'ReactionCount', 'reaction': {'_': 'ReactionEmoji', 'emoticon': '❤'}, 'count': 3, 'chosen_order': None}, {'_': 'ReactionCount', 'reaction': {'_': 'ReactionEmoji', 'emoticon': '🔥'}, 'count': 3, 'chosen_order': None}], 'min': False, 'can_see_list': False, 'reactions_as_tags': False, 'recent_reactions': []}",[],
modxcracker,https://t.me/modxcracker,709,2024-03-31 13:35:30,Modification by @MrCutex,False,False,False,False,True,False,False,True,False,False,1999239169,,"{'_': 'MessageFwdHeader', 'date': '2024-03-31T12:10:09+00:00', 'imported': False, 'saved_out': False, 'from_id': {'_': 'PeerChannel', 'channel_id': 1357805158}, 'from_name': None, 'channel_post': 1226, 'post_author': None, 'saved_from_peer': None, 'saved_from_msg_id': None, 'saved_from_id': None, 'saved_from_name': None, 'saved_date': None, 'psa_type': None}",,,,,6.073637489953848e+18,,213.0,0.0,"{'_': 'MessageReplies', 'replies': 2, 'replies_pts': 9791, 'comments': True, 'recent_repliers': [{'_': 'PeerUser', 'user_id': 5582279646}, {'_': 'PeerUser', 'user_id': 1181772448}], 'channel_id': 1910039802, 'max_id': 5911, 'read_max_id': None}",2024-03-31T13:35:33+00:00,,1.3695137043838052e+16,,[],
modxcracker,https://t.me/modxcracker,710,2024-03-31 13:35:30,,False,False,False,False,True,False,False,True,False,False,1999239169,,"{'_': 'MessageFwdHeader', 'date': '2024-03-31T12:10:09+00:00', 'imported': False, 'saved_out': False, 'from_id': {'_': 'PeerChannel', 'channel_id': 1357805158}, 'from_name': None, 'channel_post': 1227, 'post_author': None, 'saved_from_peer': None, 'saved_from_msg_id': None, 'saved_from_id': None, 'saved_from_name': None, 'saved_date': None, 'psa_type': None}",,,,,6.073637489953848e+18,,212.0,0.0,,2024-03-31T13:35:33+00:00,,1.3695137043838052e+16,,[],
modxcracker,https://t.me/modxcracker,711,2024-03-31 13:35:30,,False,False,False,False,True,False,False,True,False,False,1999239169,,"{'_': 'MessageFwdHeader', 'date': '2024-03-31T12:10:09+00:00', 'imported': False, 'saved_out': False, 'from_id': {'_': 'PeerChannel', 'channel_id': 1357805158}, 'from_name': None, 'channel_post': 1228, 'post_author': None, 'saved_from_peer': None, 'saved_from_msg_id': None, 'saved_from_id': None, 'saved_from_name': None, 'saved_date': None, 'psa_type': None}",,,,,6.073637489953848e+18,,216.0,0.0,,2024-03-31T13:35:33+00:00,,1.3695137043838052e+16,,[],
modxcracker,https://t.me/modxcracker,712,2024-03-31 13:35:30,KMrite_4.0.0.apk,False,False,False,False,True,False,False,True,False,False,1999239169,,"{'_': 'MessageFwdHeader', 'date': '2024-03-31T12:03:02+00:00', 'imported': False, 'saved_out': False, 'from_id': None, 'from_name': 'Cutex', 'channel_post': None, 'post_author': None, 'saved_from_peer': None, 'saved_from_msg_id': None, 'saved_from_id': None, 'saved_from_name': None, 'saved_date': None, 'psa_type': None}",,,,,,,218.0,2.0,,2024-03-31T16:35:00+00:00,,,"{'_': 'MessageReactions', 'results': [{'_': 'ReactionCount', 'reaction': {'_': 'ReactionEmoji', 'emoticon': '🔥'}, 'count': 1, 'chosen_order': None}], 'min': False, 'can_see_list': False, 'reactions_as_tags': False, 'recent_reactions': []}",[],
modxcracker,https://t.me/modxcracker,713,2024-03-31 16:32:54,"Apk - Hashtag Ai

Security - pairrip

Premium unlocked",False,False,False,False,True,False,False,True,False,False,1999239169,,,,,,,,,252.0,2.0,"{'_': 'MessageReplies', 'replies': 0, 'replies_pts': 9791, 'comments': True, 'recent_repliers': [], 'channel_id': 1910039802, 'max_id': None, 'read_max_id': None}",2024-03-31T16:32:57+00:00,,,,[],
modxcracker,https://t.me/modxcracker,714,2024-04-01 09:23:09,"Apk - Cast chat

Premium unlocked

Server sided features may not work",False,False,False,False,True,False,False,True,False,False,1999239169,,,,,,,,,193.0,0.0,"{'_': 'MessageReplies', 'replies': 0, 'replies_pts': 9791, 'comments': True, 'recent_repliers': [], 'channel_id': 1910039802, 'max_id': None, 'read_max_id': None}",2024-04-01T09:23:12+00:00,,,,[],
modxcracker,https://t.me/modxcracker,715,2024-04-01 17:07:29,"Apk - Reface Ai 

Premium unlocked",False,False,False,False,True,False,False,True,False,False,1999239169,,,,,,,,,118.0,3.0,"{'_': 'MessageReplies', 'replies': 0, 'replies_pts': 9791, 'comments': True, 'recent_repliers': [], 'channel_id': 1910039802, 'max_id': None, 'read_max_id': None}",2024-04-01T17:07:32+00:00,,1.369592999173362e+16,,[],
modxcracker,https://t.me/modxcracker,716,2024-04-01 17:07:29,"Apk - B612 camera & photo editor

Premium unlocked",False,False,False,False,True,False,False,True,False,False,1999239169,,,,,,,,,118.0,2.0,,2024-04-01T17:07:32+00:00,,1.369592999173362e+16,,[],
modxcracker,https://t.me/modxcracker,718,2024-04-02 13:25:06,"Channel for sale : @ModxCracker

<PERSON> : <PERSON>",False,False,False,False,True,False,False,True,False,False,1999239169,,,,,,,,,6.0,0.0,"{'_': 'MessageReplies', 'replies': 0, 'replies_pts': 9800, 'comments': True, 'recent_repliers': [], 'channel_id': 1910039802, 'max_id': None, 'read_max_id': None}",2024-04-02T13:25:09+00:00,,,,[],
modxcracker,https://t.me/modxcracker,720,2024-04-02 23:34:09,"Apk - Paw Ai: Ai cartoon filter

Premium unlocked",False,False,False,False,True,False,False,True,False,False,1999239169,,,,,,,,,9.0,0.0,"{'_': 'MessageReplies', 'replies': 0, 'replies_pts': 9819, 'comments': True, 'recent_repliers': [], 'channel_id': 1910039802, 'max_id': None, 'read_max_id': None}",2024-04-02T23:34:13+00:00,,,,[],
modxcracker,https://t.me/modxcracker,722,2024-04-03 16:44:14,"Apk  - Ai chat

Security - pairrip

Premium unlocked",False,False,False,False,True,False,False,True,False,False,1999239169,,,,,,,,,100.0,2.0,"{'_': 'MessageReplies', 'replies': 0, 'replies_pts': 9856, 'comments': True, 'recent_repliers': [], 'channel_id': 1910039802, 'max_id': None, 'read_max_id': None}",2024-04-03T16:51:27+00:00,,,"{'_': 'MessageReactions', 'results': [{'_': 'ReactionCount', 'reaction': {'_': 'ReactionEmoji', 'emoticon': '👍'}, 'count': 2, 'chosen_order': None}], 'min': False, 'can_see_list': False, 'reactions_as_tags': False, 'recent_reactions': []}",[],
