Channel ID,URL,Post ID,date,message,out,mentioned,media_unread,silent,post,from_scheduled,legacy,edit_hide,pinned,noforwards,peer_channel,from_id_user,fwd_from,via_bot_id,reply_to_msg_id,reply_to_scheduled,forum_topic,media_photo_id,reply_markup,views,forwards,replies,edit_date,post_author,grouped_id,reactions,restriction_reason,ttl_period
pcsoftwareslibrary,https://t.me/pcsoftwareslibrary,358,2024-01-05 09:31:00,"https://t.me/SmartGraphicsHub

Join And Enjoy Free Envato elements , <PERSON> , Freepik File DOwnload",False,False,False,False,True,False,False,False,False,False,1477589237,,,,,,,,,1389.0,0.0,,,Bisnu Ray,,,[],
pcsoftwareslibrary,https://t.me/pcsoftwareslibrary,359,2024-01-05 16:35:00,"Updated Canva Pro Invitation ✅✅

Link : https://thesmartshort.live/05-01-24-canva-pro-invite

Enjoy Everyone | Design made even easier",False,False,False,False,True,False,False,False,False,False,1477589237,,"{'_': 'MessageFwdHeader', 'date': '2023-07-20T12:44:40+00:00', 'imported': False, 'saved_out': False, 'from_id': {'_': 'PeerChannel', 'channel_id': 1631250047}, 'from_name': None, 'channel_post': 1930, 'post_author': None, 'saved_from_peer': None, 'saved_from_msg_id': None, 'saved_from_id': None, 'saved_from_name': None, 'saved_date': None, 'psa_type': None}",,,,,6.183758046241602e+18,,607.0,4.0,,,Bisnu Ray,,,[],
pcsoftwareslibrary,https://t.me/pcsoftwareslibrary,360,2024-01-07 14:33:08,"আশা করছি সবাই ভাল আছেন।

কমবেশি সবাই হয়তো আমাকে চিনেন, 
অনেকেই বলছিলেন Cracking নিয়ে Courses Start করার কথা, ওটার জন্যও সময় বের করতে পারিনাই। কিন্ত প্লেনিং করতেছি <PERSON> Multi Advance একটা Courses নিয়ে আসার। 

কাজের কথায় আসি, কোর্সে মূলত <PERSON> হবে। Targeted Combo Making, Config making, Cracking Tutorial, Mail Access Checker etc সব কিছুই <PERSON> হবে । 

কোর্স করে যেকোন সাইটের একাউন্ট বের করতে পারবেন + যেকোন কোর্স এর প্রিমিয়াম একাউন্ট (হোক বাংলাদেশী <PERSON>) 

সবার মতামতের ভিত্তিতে কোর্স চালু করব। অবশ্যই পেইড কোর্স হবে। 1-2 <PERSON> দিয়ে শিখে মাসে ভাল একটা এমাউন্ট ইনকাম করতে পারবেন এই গ্যারান্টি দিলাম। কোর্স এর পর যদি মনে করেন যে কোর্স করে কিছুই শিখতে <NRP>, তাহলে আপনার টাকা সাথে সাথেই ব্যাক করে দিব ।

পরিশেষে একটা কথাই বলব, <PERSON>,তারা কোর্সটি <PERSON> কারণ কোর্সটা এমন ভাবেই করব,  যেসব জিনিস অন্যরা শিখাতে চায়না, সেগুলোও আপনাদের শিখাব। 

কিছু কথা পাব্লিকলি বলতে পারছিনা, কোর্স <DATE_TIME>, কি কি শিখতে পারবেন এবং আরো বিস্তারিত জানতে এবং কোর্স করা নিয়ে আগ্রহ প্রকাশ করতে আমাকে ইনবক্স করতে পারেন। যদি ভাল রেসপন্স পাই কোর্স চালু করব। 

ইনবক্সঃ- @theSmartBisnu",False,False,False,False,True,False,False,False,False,False,1477589237,,,,,,,,,1524.0,0.0,,2024-01-07T14:38:07+00:00,Bisnu Ray,,"{'_': 'MessageReactions', 'results': [{'_': 'ReactionCount', 'reaction': {'_': 'ReactionEmoji', 'emoticon': '❤'}, 'count': 6, 'chosen_order': None}, {'_': 'ReactionCount', 'reaction': {'_': 'ReactionEmoji', 'emoticon': '👍'}, 'count': 1, 'chosen_order': None}, {'_': 'ReactionCount', 'reaction': {'_': 'ReactionEmoji', 'emoticon': '🖕'}, 'count': 1, 'chosen_order': None}], 'min': False, 'can_see_list': False, 'reactions_as_tags': False, 'recent_reactions': []}",[],
pcsoftwareslibrary,https://t.me/pcsoftwareslibrary,361,2024-01-08 14:16:45,"Study Mate is the most complete Bot to help you with Scribd docs and Chegg answers.

Join this Group For Access : @itsStudyMate
Bot Username : @theStudyMateBot",False,False,False,False,True,False,False,True,False,False,1477589237,,,,,,,,,1433.0,0.0,,2024-01-18T13:56:32+00:00,Bisnu Ray,,"{'_': 'MessageReactions', 'results': [], 'min': False, 'can_see_list': False, 'reactions_as_tags': False, 'recent_reactions': []}",[],
pcsoftwareslibrary,https://t.me/pcsoftwareslibrary,362,2024-01-09 16:13:39,"https://t.me/PremiumNetworkTeam/29166


Announcement about cracking course.",False,False,False,False,True,False,False,False,False,False,1477589237,,,,,,,,,1444.0,0.0,,,Bisnu Ray,,,[],
pcsoftwareslibrary,https://t.me/pcsoftwareslibrary,363,2024-01-11 09:43:38,"<NRP>সুখবর! এখন <PERSON> এর যেকোনো প্রোডাক্ট বিক্রি করে আয় করতে পারবেন। এজন্য <NRP> <PERSON> Affiliate marketing এ যুক্ত হতে হবে<PERSON> প্রকার ইনভেস্ট ছাড়াই যেকোনো প্রোডাক্ট বিক্রি করে মাসে লক্ষাধিক টাকা আয় করার সুযোগ । এ সুযোগ হাত ছাড়া করবেন না।

👉যা লাগবে:
১. নিজের পেজ , গ্রুপ অথবা ইউটিউব চ্যানেল (ফলোয়ার থাকতে হবে)
২. <PERSON> এফিলিয়েট একাউন্ট

✅কিভাবে আবেদন করবেন:
১. প্রথমে <PERSON> করুন
Download: https://t.me/darazaffiliator/3
২. অ্যাপ ইন্সটল করার পর <PERSON> করুন।
৩. সকল তথ্য সঠিকভাবে পূরণ করুন । তারপর তথ্য সাবমিট করুন। রেফার হিসেবে: RidoyHosenRabby (<DATE_TIME> ছাড়া দিবেন, তাহলে দ্রুত <PERSON> রয়েছে)।
৪. সাধারণত এক সপ্তাহ সময় নিয়ে থাকে ভেরিফাই করার জন্য। আপনার আবেদনটি সফল হলে দারাজ অফিসিয়াল ইমেইল থেকে <NRP> মেইল পাঠাবে।

🛑আয় করবেন কিভাবে:
১. আপনার একাউন্টটি সফলভাবে হয়ে গেলে, <NRP> একটি লিংক দেওয়া হবে সেখানে আপনার দারাজ এফিলিয়েটর অ্যাকাউন্টটি লগইন করতে হবে।
২. দারাজের যে কোন প্রোডাক্ট লিংক নিয়ে সেখান থেকে নিজের লিংক জেনারেট করতে হবে।
৩. আপনার তৈরি লিংকটি এবার আপনার ফেসবুক গ্রুপ, পেজ অথবা আপনার ইউটিউব চ্যানেলে শেয়ার করুন।
৪. যারা আপনার লিংক থেকে কোন প্রোডাক্ট ক্রয় করবে, সেখান থেকে আপনি ১০ থেকে ১৮% পর্যন্ত বোনাস পাবেন। 

🤑টাকা উত্তোলন কিভাবে করবেন:
১. আপনার মাধ্যমে কেউ কোন প্রোডাক্ট কিনলে যে বোনাস পাবেন তা আপনার একাউন্টে দেখতে পারবেন।
২. প্রত্যেক মাসের শুরুর দিকে দারাজ টিম আপনার বিকাশ অথবা ব্যাংক একাউন্টে অটো টাকা পেমেন্ট <PERSON>

⚠️ বি: <PERSON>: দ্রুত একাউন্ট পেতে এডমিন প্যানেল <DATE_TIME> করুন।",False,False,False,False,True,False,False,True,False,False,1477589237,,,,,,,,,1622.0,3.0,,2024-01-24T14:33:42+00:00,Bisnu Ray,,"{'_': 'MessageReactions', 'results': [], 'min': False, 'can_see_list': False, 'reactions_as_tags': False, 'recent_reactions': []}",[],
pcsoftwareslibrary,https://t.me/pcsoftwareslibrary,364,2024-01-21 11:54:08,"Hey Everyone 👋 Add Premium Network All Channels and Groups in your Folder 📁 To Get Premium Access Free 🆓

Just Click Here And See Action 🙈",False,False,False,False,True,False,False,True,False,False,1477589237,,,,,,,,,1245.0,0.0,,2024-02-01T17:43:02+00:00,Bisnu Ray,,"{'_': 'MessageReactions', 'results': [{'_': 'ReactionCount', 'reaction': {'_': 'ReactionEmoji', 'emoticon': '👍'}, 'count': 1, 'chosen_order': None}], 'min': False, 'can_see_list': False, 'reactions_as_tags': False, 'recent_reactions': []}",[],
pcsoftwareslibrary,https://t.me/pcsoftwareslibrary,365,2024-01-21 17:31:34,"Getting Started With Google Gemini AI Python Library

In this tutorial, we will learn how to use Google's official Python google-generativeai Python library to work with Gemini AI API.

Watch Now : https://youtu.be/W6BdfsTwacI",False,False,False,False,True,False,False,True,False,False,1477589237,,"{'_': 'MessageFwdHeader', 'date': '2024-01-21T17:29:07+00:00', 'imported': False, 'saved_out': False, 'from_id': {'_': 'PeerChannel', 'channel_id': 1682120933}, 'from_name': None, 'channel_post': 107, 'post_author': '⏤͟͞𝘚𝘔𝘈𝘙𝘛 𝘉𝘐𝘚𝘕𝘜', 'saved_from_peer': None, 'saved_from_msg_id': None, 'saved_from_id': None, 'saved_from_name': None, 'saved_date': None, 'psa_type': None}",,,,,6.152139257217661e+18,"{'_': 'ReplyInlineMarkup', 'rows': [{'_': 'KeyboardButtonRow', 'buttons': [{'_': 'KeyboardButtonUrl', 'text': 'Watch Now 😍', 'url': 'https://youtu.be/W6BdfsTwacI'}]}]}",1232.0,0.0,,2024-01-23T18:07:01+00:00,Bisnu Ray,,"{'_': 'MessageReactions', 'results': [{'_': 'ReactionCount', 'reaction': {'_': 'ReactionEmoji', 'emoticon': '👍'}, 'count': 2, 'chosen_order': None}], 'min': False, 'can_see_list': False, 'reactions_as_tags': False, 'recent_reactions': []}",[],
pcsoftwareslibrary,https://t.me/pcsoftwareslibrary,366,2024-01-23 11:05:16,"Exclusive Canva Pro Invitation ⚡️⚡️

- Link: Click Here to Access Canva Pro

Design like a Pro | Empower Your Creativity",False,False,False,False,True,False,False,True,False,False,1477589237,,"{'_': 'MessageFwdHeader', 'date': '2024-01-23T11:03:51+00:00', 'imported': False, 'saved_out': False, 'from_id': {'_': 'PeerChannel', 'channel_id': 1563987066}, 'from_name': None, 'channel_post': 29411, 'post_author': 'Bisnu Ray', 'saved_from_peer': None, 'saved_from_msg_id': None, 'saved_from_id': None, 'saved_from_name': None, 'saved_date': None, 'psa_type': None}",,,,,6.183758046241602e+18,,1241.0,3.0,,2024-01-26T09:05:48+00:00,Bisnu Ray,,"{'_': 'MessageReactions', 'results': [{'_': 'ReactionCount', 'reaction': {'_': 'ReactionEmoji', 'emoticon': '👍'}, 'count': 2, 'chosen_order': None}, {'_': 'ReactionCount', 'reaction': {'_': 'ReactionEmoji', 'emoticon': '❤'}, 'count': 1, 'chosen_order': None}], 'min': False, 'can_see_list': False, 'reactions_as_tags': False, 'recent_reactions': []}",[],
pcsoftwareslibrary,https://t.me/pcsoftwareslibrary,367,2024-02-01 17:42:35,"Exclusive Canva Pro Invitation ⚡️⚡️

- Link: Click Here to Access Canva Pro

Design like a Pro | Empower Your Creativity",False,False,False,False,True,False,False,True,False,False,1477589237,,"{'_': 'MessageFwdHeader', 'date': '2024-02-01T17:40:56+00:00', 'imported': False, 'saved_out': False, 'from_id': {'_': 'PeerChannel', 'channel_id': 1563987066}, 'from_name': None, 'channel_post': 29536, 'post_author': 'Bisnu Ray', 'saved_from_peer': None, 'saved_from_msg_id': None, 'saved_from_id': None, 'saved_from_name': None, 'saved_date': None, 'psa_type': None}",,,,,6.183758046241602e+18,,975.0,2.0,,2024-02-02T00:58:55+00:00,Bisnu Ray,,"{'_': 'MessageReactions', 'results': [{'_': 'ReactionCount', 'reaction': {'_': 'ReactionEmoji', 'emoticon': '👍'}, 'count': 1, 'chosen_order': None}], 'min': False, 'can_see_list': False, 'reactions_as_tags': False, 'recent_reactions': []}",[],
pcsoftwareslibrary,https://t.me/pcsoftwareslibrary,368,2024-02-04 14:56:29,"Exclusive Canva Pro Invitation ⚡️⚡️

- Link: Click Here to Access Canva Pro

Design like a Pro | Empower Your Creativity",False,False,False,False,True,False,False,True,False,False,1477589237,,,,,,,6.183758046241602e+18,,1126.0,5.0,,2024-02-07T15:20:59+00:00,Bisnu Ray,,"{'_': 'MessageReactions', 'results': [{'_': 'ReactionCount', 'reaction': {'_': 'ReactionEmoji', 'emoticon': '❤'}, 'count': 1, 'chosen_order': None}], 'min': False, 'can_see_list': False, 'reactions_as_tags': False, 'recent_reactions': []}",[],
pcsoftwareslibrary,https://t.me/pcsoftwareslibrary,369,2024-02-14 16:30:45,"Hey Everyone 👋 Add Premium Network All Channels and Groups in your Folder 📁 To Get Premium Access Free 🆓

Just Click Here And See Action 🙈",False,False,False,False,True,False,False,False,False,False,1477589237,,,,,,,,,807.0,0.0,,,Bisnu Ray,,,[],
pcsoftwareslibrary,https://t.me/pcsoftwareslibrary,370,2024-02-17 05:15:29,"Exclusive Canva Pro Invitation ⚡️⚡️

- Link: Click Here to Access Canva Pro

Design like a Pro | Empower Your Creativity",False,False,False,False,True,False,False,False,False,False,1477589237,,,,,,,6.183758046241602e+18,,698.0,1.0,,,Bisnu Ray,,,[],
pcsoftwareslibrary,https://t.me/pcsoftwareslibrary,371,2024-02-21 11:16:08,"Exclusive Canva Pro Invitation ⚡️⚡️

- Link: Click Here to Access Canva Pro

Design like a Pro | Empower Your Creativity",False,False,False,False,True,False,False,False,False,False,1477589237,,"{'_': 'MessageFwdHeader', 'date': '2024-02-21T11:14:19+00:00', 'imported': False, 'saved_out': False, 'from_id': {'_': 'PeerChannel', 'channel_id': 1563987066}, 'from_name': None, 'channel_post': 29963, 'post_author': 'Bisnu Ray', 'saved_from_peer': None, 'saved_from_msg_id': None, 'saved_from_id': None, 'saved_from_name': None, 'saved_date': None, 'psa_type': None}",,,,,6.183758046241602e+18,,423.0,0.0,,,Bisnu Ray,,,[],
pcsoftwareslibrary,https://t.me/pcsoftwareslibrary,372,2024-02-27 11:20:45,"Build a Gemini AI Telegram Bot with Python 

I am going to show how to build a Gemini AI Telegram Bot with Python and Aiogram library.

Watch Now : https://youtu.be/06gZ_zYuxO8",False,False,False,False,True,False,False,False,False,False,1477589237,,"{'_': 'MessageFwdHeader', 'date': '2024-02-27T11:11:07+00:00', 'imported': False, 'saved_out': False, 'from_id': {'_': 'PeerChannel', 'channel_id': 1682120933}, 'from_name': None, 'channel_post': 108, 'post_author': '⏤͟͞𝘚𝘔𝘈𝘙𝘛 𝘉𝘐𝘚𝘕𝘜', 'saved_from_peer': None, 'saved_from_msg_id': None, 'saved_from_id': None, 'saved_from_name': None, 'saved_date': None, 'psa_type': None}",,,,,6.264921726861295e+18,"{'_': 'ReplyInlineMarkup', 'rows': [{'_': 'KeyboardButtonRow', 'buttons': [{'_': 'KeyboardButtonUrl', 'text': 'Watch Now 😍', 'url': 'https://youtu.be/06gZ_zYuxO8'}]}]}",193.0,0.0,,,Bisnu Ray,,,[],
pcsoftwareslibrary,https://t.me/pcsoftwareslibrary,374,2024-03-08 17:08:33,"Hey Everyone 👋 Add Premium Network All Channels and Groups in your Folder 📁 To Get Premium Access Free 🆓

Just Click Here And See Action 🙈",False,False,False,False,True,False,False,False,False,False,1477589237,,,,,,,,,32.0,1.0,,,Bisnu Ray,,,[],
pcsoftwareslibrary,https://t.me/pcsoftwareslibrary,376,2024-03-11 20:30:39,"Join This Group : https://t.me/SmartGraphicsHub

And Get Envato , Motionarray , Freepik and unsplash Free Downloader",False,False,False,False,True,False,False,False,False,False,1477589237,,,,,,,,,5.0,0.0,,,Bisnu Ray,,,[],
pcsoftwareslibrary,https://t.me/pcsoftwareslibrary,378,2024-03-17 09:26:51,"Exclusive Canva Pro Invitation ⚡️⚡️

- Link: Click Here to Access Canva Pro

Design like a Pro | Empower Your Creativity",False,False,False,False,True,False,False,False,False,False,1477589237,,"{'_': 'MessageFwdHeader', 'date': '2024-03-17T09:26:10+00:00', 'imported': False, 'saved_out': False, 'from_id': {'_': 'PeerChannel', 'channel_id': 1563987066}, 'from_name': None, 'channel_post': 30556, 'post_author': 'Bisnu Ray', 'saved_from_peer': None, 'saved_from_msg_id': None, 'saved_from_id': None, 'saved_from_name': None, 'saved_date': None, 'psa_type': None}",,,,,6.183758046241602e+18,,20.0,0.0,,,Bisnu Ray,,,[],
pcsoftwareslibrary,https://t.me/pcsoftwareslibrary,380,2024-03-22 16:23:34,"<PERSON> 🛍

Telegram : https://t.me/Premium_Buy_Sell

Whatsapp : https://chat.whatsapp.com/JZ2OgwU63jl01tvWdL7kHO

Facebook : https://facebook.com/groups/premiummegashop/",False,False,False,False,True,False,False,False,False,False,1477589237,,,,,,,,,23.0,0.0,,,Bisnu Ray,,,[],
pcsoftwareslibrary,https://t.me/pcsoftwareslibrary,382,2024-03-26 15:15:18,"IPL Live Join 

https://t.me/PremiumNetworkTv",False,False,False,False,True,False,False,False,False,False,1477589237,,,,,,,,,444.0,0.0,,,Bisnu Ray,,,[],
pcsoftwareslibrary,https://t.me/pcsoftwareslibrary,383,2024-03-31 09:30:27,"Exclusive Canva Pro Invitation ⚡️⚡️

- Link: Click Here to Access Canva Pro

Design like a Pro | Empower Your Creativity",False,False,False,False,True,False,False,False,False,False,1477589237,,"{'_': 'MessageFwdHeader', 'date': '2024-03-31T09:29:05+00:00', 'imported': False, 'saved_out': False, 'from_id': {'_': 'PeerChannel', 'channel_id': 1563987066}, 'from_name': None, 'channel_post': 30816, 'post_author': 'Bisnu Ray', 'saved_from_peer': None, 'saved_from_msg_id': None, 'saved_from_id': None, 'saved_from_name': None, 'saved_date': None, 'psa_type': None}",,,,,6.183758046241602e+18,,130.0,0.0,,,Bisnu Ray,,,[],
