Channel ID,URL,Post ID,date,message,out,mentioned,media_unread,silent,post,from_scheduled,legacy,edit_hide,pinned,noforwards,peer_channel,from_id_user,fwd_from,via_bot_id,reply_to_msg_id,reply_to_scheduled,forum_topic,media_photo_id,reply_markup,views,forwards,replies,edit_date,post_author,grouped_id,reactions,restriction_reason,ttl_period
piemods,https://t.me/piemods,3205,2024-02-10 21:53:06,"🔥Cool Mi Camera v5.3 [Premium]

ℹ️ Overview:
Cool Mi Camera is inspired by MIUI 12 Camera, has many valuable cool features

🅿️ Play Store:
cool.mi.camera

📝 Mod Info:
✪ Premium Features Unlocked 
✪ Multi Languages 
✪ CPUs: arm64-v8a 
✪ Debug Info Removed",False,False,False,True,True,False,False,True,False,False,1709508402,,,,,,,,,34565,69,"{'_': 'MessageReplies', 'replies': 0, 'replies_pts': 0, 'comments': True, 'recent_repliers': [], 'channel_id': 777, 'max_id': None, 'read_max_id': None}",2024-02-10T21:53:18+00:00,,,"{'_': 'MessageReactions', 'results': [{'_': 'ReactionCount', 'reaction': {'_': 'ReactionEmoji', 'emoticon': '👍'}, 'count': 37, 'chosen_order': None}, {'_': 'ReactionCount', 'reaction': {'_': 'ReactionEmoji', 'emoticon': '🔥'}, 'count': 5, 'chosen_order': None}, {'_': 'ReactionCount', 'reaction': {'_': 'ReactionEmoji', 'emoticon': '🙏'}, 'count': 5, 'chosen_order': None}, {'_': 'ReactionCount', 'reaction': {'_': 'ReactionEmoji', 'emoticon': '❤'}, 'count': 4, 'chosen_order': None}], 'min': False, 'can_see_list': False, 'reactions_as_tags': False, 'recent_reactions': []}",[],
piemods,https://t.me/piemods,3220,2024-02-13 21:52:01,"🔥Vizio Remote v9.3.74 [Pro]

ℹ️ Overview:
 A TV remote for Vizio SmartCast with fluid control and intuitive navigation

🅿️ Play Store:
com.osfunapps.remoteforvizio

📝 Mod Info:
✪ Pro Features Unlocked 
✪ Multi Languages 
✪ CPUs: armeabi-v7a, arm64-v8a 
✪ Debug Info Removed",False,False,False,True,True,False,False,True,False,False,1709508402,,,,,,,,,22405,18,"{'_': 'MessageReplies', 'replies': 0, 'replies_pts': 52262, 'comments': True, 'recent_repliers': [], 'channel_id': 1740231503, 'max_id': None, 'read_max_id': None}",2024-02-14T01:33:47+00:00,,,"{'_': 'MessageReactions', 'results': [{'_': 'ReactionCount', 'reaction': {'_': 'ReactionEmoji', 'emoticon': '👍'}, 'count': 12, 'chosen_order': None}], 'min': False, 'can_see_list': False, 'reactions_as_tags': False, 'recent_reactions': []}",[],
piemods,https://t.me/piemods,3227,2024-02-14 21:43:00,"🔥Motivation v4.47.2 [Premium]

ℹ️ Overview:
Positive quote reminders of the day

🅿️ Play Store:
com.hrd.motivation

📝 Mod Info:
✪ Premium Features Unlocked 
✪ Multi Languages 
✪ CPUs: universal 
✪ Debug Info Removed",False,False,False,True,True,False,False,True,False,False,1709508402,,,,,,,,,22739,24,"{'_': 'MessageReplies', 'replies': 0, 'replies_pts': 52262, 'comments': True, 'recent_repliers': [], 'channel_id': 1740231503, 'max_id': None, 'read_max_id': None}",2024-02-14T22:12:08+00:00,,,"{'_': 'MessageReactions', 'results': [{'_': 'ReactionCount', 'reaction': {'_': 'ReactionEmoji', 'emoticon': '👍'}, 'count': 18, 'chosen_order': None}], 'min': False, 'can_see_list': False, 'reactions_as_tags': False, 'recent_reactions': []}",[],
piemods,https://t.me/piemods,3228,2024-02-14 21:43:00,"🔥Art Filter v2.5.2.9 [Pro]

ℹ️ Overview:
Pencil sketch photo editor, voila! Photo drawing App, photo to sketch filter!

🅿️ Play Store:
com.lyrebirdstudio.art_filter

📝 Mod Info:
✪ Pro Features Unlocked 
✪ Multi Languages 
✪ CPUs: armeabi-v7a, arm64-v8a 
✪ Debug Info Removed",False,False,False,True,True,False,False,True,False,False,1709508402,,,,,,,,,18340,32,"{'_': 'MessageReplies', 'replies': 0, 'replies_pts': 52262, 'comments': True, 'recent_repliers': [], 'channel_id': 1740231503, 'max_id': None, 'read_max_id': None}",2024-02-14T22:07:17+00:00,,,"{'_': 'MessageReactions', 'results': [{'_': 'ReactionCount', 'reaction': {'_': 'ReactionEmoji', 'emoticon': '👍'}, 'count': 16, 'chosen_order': None}], 'min': False, 'can_see_list': False, 'reactions_as_tags': False, 'recent_reactions': []}",[],
piemods,https://t.me/piemods,3234,2024-02-15 22:02:00,"🔥WeNote v5.65 [Premium]

ℹ️ Overview:
Simple notepad & memo. Take notes, shopping list, to-do list, calendar, reminder

🅿️ Play Store:
com.yocto.wenote

📝 Mod Info:
✪ Premium Features Unlocked 
✪ Multi Languages 
✪ CPUs: armeabi-v7a, arm64-v8a 
✪ Debug Info Removed",False,False,False,True,True,False,False,True,False,False,1709508402,,,,,,,,,23564,19,"{'_': 'MessageReplies', 'replies': 0, 'replies_pts': 52262, 'comments': True, 'recent_repliers': [], 'channel_id': 1740231503, 'max_id': None, 'read_max_id': None}",2024-02-15T22:14:03+00:00,,,"{'_': 'MessageReactions', 'results': [{'_': 'ReactionCount', 'reaction': {'_': 'ReactionEmoji', 'emoticon': '👍'}, 'count': 22, 'chosen_order': None}, {'_': 'ReactionCount', 'reaction': {'_': 'ReactionEmoji', 'emoticon': '😍'}, 'count': 2, 'chosen_order': None}, {'_': 'ReactionCount', 'reaction': {'_': 'ReactionEmoji', 'emoticon': '🔥'}, 'count': 1, 'chosen_order': None}], 'min': False, 'can_see_list': False, 'reactions_as_tags': False, 'recent_reactions': []}",[],
piemods,https://t.me/piemods,3236,2024-02-15 22:02:00,"<PERSON> [Premium]

ℹ️ Overview:
Photo & Video Editor. Music, Templates, Filters, Effects, AI Captions & Avatars

🅿️ Play Store:
com.storybeat

📝 Mod Info:
✪ Premium Features Unlocked 
✪ Multi Languages 
✪ CPUs: universal 
✪ Debug Info Removed",False,False,False,True,True,False,False,True,False,False,1709508402,,,,,,,,,18987,43,"{'_': 'MessageReplies', 'replies': 5, 'replies_pts': 52262, 'comments': True, 'recent_repliers': [{'_': 'PeerUser', 'user_id': 43313164}, {'_': 'PeerUser', 'user_id': 386269413}, {'_': 'PeerUser', 'user_id': 5068491358}], 'channel_id': 1740231503, 'max_id': 32995, 'read_max_id': None}",2024-02-15T22:16:18+00:00,,,"{'_': 'MessageReactions', 'results': [{'_': 'ReactionCount', 'reaction': {'_': 'ReactionEmoji', 'emoticon': '👍'}, 'count': 18, 'chosen_order': None}, {'_': 'ReactionCount', 'reaction': {'_': 'ReactionEmoji', 'emoticon': '❤'}, 'count': 4, 'chosen_order': None}, {'_': 'ReactionCount', 'reaction': {'_': 'ReactionEmoji', 'emoticon': '🔥'}, 'count': 2, 'chosen_order': None}, {'_': 'ReactionCount', 'reaction': {'_': 'ReactionEmoji', 'emoticon': '👏'}, 'count': 1, 'chosen_order': None}], 'min': False, 'can_see_list': False, 'reactions_as_tags': False, 'recent_reactions': []}",[],
piemods,https://t.me/piemods,3240,2024-02-15 22:02:05,"🔥PortDroid v0.8.36 [Pro]

ℹ️ Overview:
All-in-one Network Analyser: Port Scanner, Discovery, Ping, Traceroute & more!

🅿️ Play Store:
com.stealthcopter.portdroid

📝 Mod Info:
✪ Pro Features Unlocked 
✪ Multi Languages 
✪ CPUs: universal 
✪ Debug Info Removed",False,False,False,True,True,False,False,True,False,False,1709508402,,,,,,,,,24377,24,"{'_': 'MessageReplies', 'replies': 2, 'replies_pts': 52262, 'comments': True, 'recent_repliers': [{'_': 'PeerUser', 'user_id': 6329178697}, {'_': 'PeerUser', 'user_id': 5769063834}], 'channel_id': 1740231503, 'max_id': 32499, 'read_max_id': None}",2024-02-15T22:30:16+00:00,,,"{'_': 'MessageReactions', 'results': [{'_': 'ReactionCount', 'reaction': {'_': 'ReactionEmoji', 'emoticon': '👍'}, 'count': 18, 'chosen_order': None}, {'_': 'ReactionCount', 'reaction': {'_': 'ReactionEmoji', 'emoticon': '🔥'}, 'count': 2, 'chosen_order': None}, {'_': 'ReactionCount', 'reaction': {'_': 'ReactionEmoji', 'emoticon': '🏆'}, 'count': 1, 'chosen_order': None}], 'min': False, 'can_see_list': False, 'reactions_as_tags': False, 'recent_reactions': []}",[],
piemods,https://t.me/piemods,3247,2024-02-17 06:40:25,"🔥Daily Expenses 3 v3.636.G [Premium]

ℹ️ Overview:
Improve control in your finances.

🅿️ Play Store:
mic.app.gastosdiarios

📝 Mod Info:
✪ Premium Features Unlocked 
✪ Multi Languages 
✪ CPUs: armeabi-v7a, arm64-v8a 
✪ Debug Info Removed",False,False,False,True,True,False,False,True,False,False,1709508402,,,,,,,,,20425,13,"{'_': 'MessageReplies', 'replies': 0, 'replies_pts': 52262, 'comments': True, 'recent_repliers': [], 'channel_id': 1740231503, 'max_id': None, 'read_max_id': None}",2024-02-17T07:52:30+00:00,,,"{'_': 'MessageReactions', 'results': [{'_': 'ReactionCount', 'reaction': {'_': 'ReactionEmoji', 'emoticon': '👍'}, 'count': 11, 'chosen_order': None}, {'_': 'ReactionCount', 'reaction': {'_': 'ReactionEmoji', 'emoticon': '❤'}, 'count': 1, 'chosen_order': None}], 'min': False, 'can_see_list': False, 'reactions_as_tags': False, 'recent_reactions': []}",[],
piemods,https://t.me/piemods,3251,2024-02-17 06:40:33,"🔥<PERSON> v5.5.2 [Premium]

ℹ️ Overview:
Internet Speed Test & WiFi Finder

🅿️ Play Store:
org.speedspot.speedspot

📝 Mod Info:
✪ Premium Features Unlocked 
✪ Multi Languages 
✪ CPUs: universal 
✪ Debug Info Removed",False,False,False,True,True,False,False,True,False,False,1709508402,,,,,,,,,25169,34,"{'_': 'MessageReplies', 'replies': 4, 'replies_pts': 52262, 'comments': True, 'recent_repliers': [{'_': 'PeerUser', 'user_id': 1199774567}, {'_': 'PeerUser', 'user_id': 6629639184}, {'_': 'PeerUser', 'user_id': 6732200332}], 'channel_id': 1740231503, 'max_id': 32558, 'read_max_id': None}",2024-02-17T06:47:19+00:00,,,"{'_': 'MessageReactions', 'results': [{'_': 'ReactionCount', 'reaction': {'_': 'ReactionEmoji', 'emoticon': '👍'}, 'count': 36, 'chosen_order': None}, {'_': 'ReactionCount', 'reaction': {'_': 'ReactionEmoji', 'emoticon': '❤'}, 'count': 3, 'chosen_order': None}], 'min': False, 'can_see_list': False, 'reactions_as_tags': False, 'recent_reactions': []}",[],
piemods,https://t.me/piemods,3257,2024-02-17 21:48:04,"🔥WeNote v5.66 [Premium]

ℹ️ Overview:
Simple notepad & memo. Take notes, shopping list, to-do list, calendar, reminder

🅿️ Play Store:
com.yocto.wenote

📝 Mod Info:
✪ Premium Features Unlocked 
✪ Multi Languages 
✪ CPUs: armeabi-v7a, arm64-v8a 
✪ Debug Info Removed",False,False,False,True,True,False,False,True,False,False,1709508402,,,,,,,,,21269,28,"{'_': 'MessageReplies', 'replies': 0, 'replies_pts': 52262, 'comments': True, 'recent_repliers': [], 'channel_id': 1740231503, 'max_id': None, 'read_max_id': None}",2024-02-17T22:09:04+00:00,,,"{'_': 'MessageReactions', 'results': [{'_': 'ReactionCount', 'reaction': {'_': 'ReactionEmoji', 'emoticon': '👍'}, 'count': 14, 'chosen_order': None}, {'_': 'ReactionCount', 'reaction': {'_': 'ReactionEmoji', 'emoticon': '❤'}, 'count': 1, 'chosen_order': None}, {'_': 'ReactionCount', 'reaction': {'_': 'ReactionEmoji', 'emoticon': '🔥'}, 'count': 1, 'chosen_order': None}], 'min': False, 'can_see_list': False, 'reactions_as_tags': False, 'recent_reactions': []}",[],
piemods,https://t.me/piemods,3258,2024-02-17 21:48:04,"🔥Stickman Draw animation v5.1.12 [Premium]

ℹ️ Overview:
Draw stick man to create funny animations & animated drawing - animate flipbook

🅿️ Play Store:
com.appolo13.stickmandrawanimation

📝 Mod Info:
✪ Premium Features Unlocked 
✪ Multi Languages 
✪ CPUs: universal 
✪ Debug Info Removed",False,False,False,True,True,False,False,True,False,False,1709508402,,,,,,,,,23533,57,"{'_': 'MessageReplies', 'replies': 0, 'replies_pts': 52262, 'comments': True, 'recent_repliers': [], 'channel_id': 1740231503, 'max_id': None, 'read_max_id': None}",2024-02-17T22:08:09+00:00,,,"{'_': 'MessageReactions', 'results': [{'_': 'ReactionCount', 'reaction': {'_': 'ReactionEmoji', 'emoticon': '👍'}, 'count': 21, 'chosen_order': None}, {'_': 'ReactionCount', 'reaction': {'_': 'ReactionEmoji', 'emoticon': '❤'}, 'count': 3, 'chosen_order': None}, {'_': 'ReactionCount', 'reaction': {'_': 'ReactionEmoji', 'emoticon': '🔥'}, 'count': 3, 'chosen_order': None}], 'min': False, 'can_see_list': False, 'reactions_as_tags': False, 'recent_reactions': []}",[],
piemods,https://t.me/piemods,3259,2024-02-17 21:48:04,"🔥SNOW v13.0.10 [VIP]

ℹ️ Overview:
Make every moment special with SNOW

🅿️ Play Store:
com.campmobile.snow

📝 Mod Info:
✪ Vip Features Unlocked 
✪ Multi Languages 
✪ CPUs: armeabi-v7a, arm64-v8a 
✪ Debug Info Removed",False,False,False,True,True,False,False,True,False,False,1709508402,,,,,,,,,24166,42,"{'_': 'MessageReplies', 'replies': 1, 'replies_pts': 52262, 'comments': True, 'recent_repliers': [{'_': 'PeerUser', 'user_id': 6733853567}], 'channel_id': 1740231503, 'max_id': 32649, 'read_max_id': None}",2024-02-17T22:09:05+00:00,,,"{'_': 'MessageReactions', 'results': [{'_': 'ReactionCount', 'reaction': {'_': 'ReactionEmoji', 'emoticon': '👍'}, 'count': 40, 'chosen_order': None}, {'_': 'ReactionCount', 'reaction': {'_': 'ReactionEmoji', 'emoticon': '❤'}, 'count': 6, 'chosen_order': None}, {'_': 'ReactionCount', 'reaction': {'_': 'ReactionEmoji', 'emoticon': '🔥'}, 'count': 3, 'chosen_order': None}, {'_': 'ReactionCount', 'reaction': {'_': 'ReactionEmoji', 'emoticon': '🎉'}, 'count': 1, 'chosen_order': None}], 'min': False, 'can_see_list': False, 'reactions_as_tags': False, 'recent_reactions': []}",[],
piemods,https://t.me/piemods,3261,2024-02-18 21:51:00,"🔥<NRP> <PERSON> [Pro]

ℹ️ Overview:
Trying to easily study to create a just a matter of collection of your own!

🅿️ Play Store:
jp.gr.java_conf.foobar.testmaker.service

📝 Mod Info:
✪ Pro Features Unlocked 
✪ Multi Languages 
✪ CPUs: universal 
✪ Debug Info Removed",False,False,False,True,True,False,False,True,False,False,1709508402,,,,,,,,,19939,23,"{'_': 'MessageReplies', 'replies': 0, 'replies_pts': 52262, 'comments': True, 'recent_repliers': [], 'channel_id': 1740231503, 'max_id': None, 'read_max_id': None}",2024-02-18T21:59:15+00:00,,,"{'_': 'MessageReactions', 'results': [{'_': 'ReactionCount', 'reaction': {'_': 'ReactionEmoji', 'emoticon': '👍'}, 'count': 18, 'chosen_order': None}], 'min': False, 'can_see_list': False, 'reactions_as_tags': False, 'recent_reactions': []}",[],
piemods,https://t.me/piemods,3263,2024-02-18 21:51:01,"🔥Daily Expenses 2 v2.637.G [Premium]

ℹ️ Overview:
Improve control in your finances.

🅿️ Play Store:
mic.app.gastosdiarios_clasico

📝 Mod Info:
✪ Premium Features Unlocked 
✪ Multi Languages 
✪ CPUs: armeabi-v7a, arm64-v8a 
✪ Debug Info Removed",False,False,False,True,True,False,False,True,False,False,1709508402,,,,,,,,,19494,10,"{'_': 'MessageReplies', 'replies': 0, 'replies_pts': 52262, 'comments': True, 'recent_repliers': [], 'channel_id': 1740231503, 'max_id': None, 'read_max_id': None}",2024-02-18T23:01:43+00:00,,,"{'_': 'MessageReactions', 'results': [{'_': 'ReactionCount', 'reaction': {'_': 'ReactionEmoji', 'emoticon': '👍'}, 'count': 11, 'chosen_order': None}, {'_': 'ReactionCount', 'reaction': {'_': 'ReactionEmoji', 'emoticon': '❤'}, 'count': 1, 'chosen_order': None}], 'min': False, 'can_see_list': False, 'reactions_as_tags': False, 'recent_reactions': []}",[],
piemods,https://t.me/piemods,3266,2024-02-18 21:51:05,"🔥Lose It! v16.1.402 [Premium]

ℹ️ Overview:
Lose weight & reach your health goals with Lose It! diet app and food tracker!

🅿️ Play Store:
com.fitnow.loseit

📝 Mod Info:
✪ Premium Features Unlocked 
✪ Multi Languages 
✪ CPUs: universal 
✪ Debug Info Removed",False,False,False,True,True,False,False,True,False,False,1709508402,,,,,,,,,25614,18,"{'_': 'MessageReplies', 'replies': 0, 'replies_pts': 52262, 'comments': True, 'recent_repliers': [], 'channel_id': 1740231503, 'max_id': None, 'read_max_id': None}",2024-02-18T23:01:40+00:00,,,"{'_': 'MessageReactions', 'results': [{'_': 'ReactionCount', 'reaction': {'_': 'ReactionEmoji', 'emoticon': '👍'}, 'count': 16, 'chosen_order': None}, {'_': 'ReactionCount', 'reaction': {'_': 'ReactionEmoji', 'emoticon': '🔥'}, 'count': 1, 'chosen_order': None}, {'_': 'ReactionCount', 'reaction': {'_': 'ReactionEmoji', 'emoticon': '🏆'}, 'count': 1, 'chosen_order': None}], 'min': False, 'can_see_list': False, 'reactions_as_tags': False, 'recent_reactions': []}",[],
piemods,https://t.me/piemods,3267,2024-02-18 21:51:06,"🔥Anime Wallpaper vv48 Stable [Premium]

ℹ️ Overview:
Anime live wallpapers HD with Auto Changer !! Lets join to our Community Anime

🅿️ Play Store:
live.anime.wallpapers

📝 Mod Info:
✪ Premium Features Unlocked 
✪ Multi Languages 
✪ CPUs: universal 
✪ Debug Info Removed",False,False,False,True,True,False,False,True,False,False,1709508402,,,,,,,,,26369,46,"{'_': 'MessageReplies', 'replies': 5, 'replies_pts': 52262, 'comments': True, 'recent_repliers': [{'_': 'PeerUser', 'user_id': 5912981053}, {'_': 'PeerUser', 'user_id': 5550432802}, {'_': 'PeerUser', 'user_id': 5604817337}], 'channel_id': 1740231503, 'max_id': 32749, 'read_max_id': None}",2024-02-18T21:52:16+00:00,,,"{'_': 'MessageReactions', 'results': [{'_': 'ReactionCount', 'reaction': {'_': 'ReactionEmoji', 'emoticon': '👍'}, 'count': 47, 'chosen_order': None}, {'_': 'ReactionCount', 'reaction': {'_': 'ReactionEmoji', 'emoticon': '❤'}, 'count': 7, 'chosen_order': None}], 'min': False, 'can_see_list': False, 'reactions_as_tags': False, 'recent_reactions': []}",[],
piemods,https://t.me/piemods,3275,2024-02-21 21:43:00,"🔥AutoResponder for FM v3.5.8 [Premium]

ℹ️ Overview:
Automatically reply to any Facebook Messenger and Business Suite messages.

🅿️ Play Store:
tkstudio.autoresponderforfb

📝 Mod Info:
✪ Premium Features Unlocked 
✪ Multi Languages 
✪ CPUs: armeabi-v7a, arm64-v8a 
✪ Debug Info Removed",False,False,False,True,True,False,False,True,False,False,1709508402,,,,,,,,,14652,16,"{'_': 'MessageReplies', 'replies': 0, 'replies_pts': 52262, 'comments': True, 'recent_repliers': [], 'channel_id': 1740231503, 'max_id': None, 'read_max_id': None}",2024-02-21T22:01:15+00:00,,,"{'_': 'MessageReactions', 'results': [{'_': 'ReactionCount', 'reaction': {'_': 'ReactionEmoji', 'emoticon': '👍'}, 'count': 11, 'chosen_order': None}], 'min': False, 'can_see_list': False, 'reactions_as_tags': False, 'recent_reactions': []}",[],
piemods,https://t.me/piemods,3277,2024-02-21 21:43:00,"🔥edjing Mix v7.16.01 [Premium]

ℹ️ Overview:
Remix songs, make music & record mixes on the go with edjing Mix - Music DJ app

🅿️ Play Store:
com.edjing.edjingdjturntable

📝 Mod Info:
✪ Premium Features Unlocked 
✪ Multi Languages 
✪ CPUs: universal 
✪ Debug Info Removed",False,False,False,True,True,False,False,True,False,False,1709508402,,,,,,,,,12736,35,"{'_': 'MessageReplies', 'replies': 0, 'replies_pts': 52262, 'comments': True, 'recent_repliers': [], 'channel_id': 1740231503, 'max_id': None, 'read_max_id': None}",2024-02-21T21:48:18+00:00,,,"{'_': 'MessageReactions', 'results': [{'_': 'ReactionCount', 'reaction': {'_': 'ReactionEmoji', 'emoticon': '👍'}, 'count': 15, 'chosen_order': None}, {'_': 'ReactionCount', 'reaction': {'_': 'ReactionEmoji', 'emoticon': '🔥'}, 'count': 2, 'chosen_order': None}], 'min': False, 'can_see_list': False, 'reactions_as_tags': False, 'recent_reactions': []}",[],
piemods,https://t.me/piemods,3278,2024-02-21 21:43:00,"🔥Audify Music Player v1.156.1 [Pro]

ℹ️ Overview:
Music Player with stunning design and powerful sound quality

🅿️ Play Store:
com.musicplayer.playermusic

📝 Mod Info:
✪ Pro Features Unlocked 
✪ Multi Languages 
✪ CPUs: universal 
✪ Debug Info Removed",False,False,False,True,True,False,False,True,False,False,1709508402,,,,,,,,,12758,27,"{'_': 'MessageReplies', 'replies': 0, 'replies_pts': 52262, 'comments': True, 'recent_repliers': [], 'channel_id': 1740231503, 'max_id': None, 'read_max_id': None}",2024-02-21T22:09:22+00:00,,,"{'_': 'MessageReactions', 'results': [{'_': 'ReactionCount', 'reaction': {'_': 'ReactionEmoji', 'emoticon': '👍'}, 'count': 14, 'chosen_order': None}], 'min': False, 'can_see_list': False, 'reactions_as_tags': False, 'recent_reactions': []}",[],
piemods,https://t.me/piemods,3279,2024-02-21 21:43:01,"🔥ChineseSkill v6.6.12 [Premium]

ℹ️ Overview:
Mandarin Chinese Learning App for All Beginners

🅿️ Play Store:
com.chineseskill

📝 Mod Info:
✪ Premium Features Unlocked 
✪ Multi Languages 
✪ CPUs: universal 
✪ Debug Info Removed",False,False,False,True,True,False,False,True,False,False,1709508402,,,,,,,,,15282,17,"{'_': 'MessageReplies', 'replies': 0, 'replies_pts': 52262, 'comments': True, 'recent_repliers': [], 'channel_id': 1740231503, 'max_id': None, 'read_max_id': None}",2024-02-21T22:31:53+00:00,,,"{'_': 'MessageReactions', 'results': [{'_': 'ReactionCount', 'reaction': {'_': 'ReactionEmoji', 'emoticon': '👍'}, 'count': 17, 'chosen_order': None}, {'_': 'ReactionCount', 'reaction': {'_': 'ReactionEmoji', 'emoticon': '🆒'}, 'count': 2, 'chosen_order': None}], 'min': False, 'can_see_list': False, 'reactions_as_tags': False, 'recent_reactions': []}",[],
piemods,https://t.me/piemods,3280,2024-02-21 21:43:05,"🔥Vidshow v2.35.536 [VIP]

ℹ️ Overview:
Make music video with transition & effects for tiktok, instagran, youtube

🅿️ Play Store:
music.video.photo.slideshow.maker

📝 Mod Info:
✪ Vip Features Unlocked 
✪ Multi Languages 
✪ CPUs: armeabi-v7a, arm64-v8a 
✪ Debug Info Removed",False,False,False,True,True,False,False,True,False,False,1709508402,,,,,,,,,16774,23,"{'_': 'MessageReplies', 'replies': 1, 'replies_pts': 52262, 'comments': True, 'recent_repliers': [{'_': 'PeerUser', 'user_id': 1470642178}], 'channel_id': 1740231503, 'max_id': 32954, 'read_max_id': None}",2024-02-21T22:31:54+00:00,,,"{'_': 'MessageReactions', 'results': [{'_': 'ReactionCount', 'reaction': {'_': 'ReactionEmoji', 'emoticon': '👍'}, 'count': 16, 'chosen_order': None}, {'_': 'ReactionCount', 'reaction': {'_': 'ReactionEmoji', 'emoticon': '❤'}, 'count': 1, 'chosen_order': None}], 'min': False, 'can_see_list': False, 'reactions_as_tags': False, 'recent_reactions': []}",[],
piemods,https://t.me/piemods,3281,2024-02-21 21:43:06,"🔥 Dynamic Island iOS16 <PERSON> [Pro]

ℹ️ Overview:
Experience Dynamic Island iOS 16 multitasking feature right on android.

🅿️ Play Store:
com.appsgenz.dynamicisland.phone.ios

📝 Mod Info:
✪ Pro Features Unlocked 
✪ Multi Languages 
✪ CPUs: universal 
✪ Debug Info Removed",False,False,False,True,True,False,False,True,False,False,1709508402,,,,,,,,,17559,35,"{'_': 'MessageReplies', 'replies': 2, 'replies_pts': 52262, 'comments': True, 'recent_repliers': [{'_': 'PeerUser', 'user_id': 1470642178}, {'_': 'PeerUser', 'user_id': 1903845609}], 'channel_id': 1740231503, 'max_id': 32953, 'read_max_id': None}",2024-02-21T22:31:56+00:00,,,"{'_': 'MessageReactions', 'results': [{'_': 'ReactionCount', 'reaction': {'_': 'ReactionEmoji', 'emoticon': '👍'}, 'count': 13, 'chosen_order': None}, {'_': 'ReactionCount', 'reaction': {'_': 'ReactionEmoji', 'emoticon': '👏'}, 'count': 2, 'chosen_order': None}], 'min': False, 'can_see_list': False, 'reactions_as_tags': False, 'recent_reactions': []}",[],
piemods,https://t.me/piemods,3282,2024-02-21 21:43:06,"🔥Anime Stickers v6.1 [Premium]

ℹ️ Overview:
+100000 Anime Sticker for WhatsApp and Update Everyday & Anime Live Wallpapers

🅿️ Play Store:
com.anime_sticker.sticker_anime

📝 Mod Info:
✪ Premium Features Unlocked 
✪ Multi Languages 
✪ CPUs: universal 
✪ Debug Info Removed",False,False,False,True,True,False,False,True,False,False,1709508402,,,,,,,,,17651,45,"{'_': 'MessageReplies', 'replies': 9, 'replies_pts': 52262, 'comments': True, 'recent_repliers': [{'_': 'PeerUser', 'user_id': 722535710}, {'_': 'PeerUser', 'user_id': 6242200040}, {'_': 'PeerUser', 'user_id': 2043418841}], 'channel_id': 1740231503, 'max_id': 33144, 'read_max_id': None}",2024-02-21T21:44:10+00:00,,,"{'_': 'MessageReactions', 'results': [{'_': 'ReactionCount', 'reaction': {'_': 'ReactionEmoji', 'emoticon': '👍'}, 'count': 29, 'chosen_order': None}, {'_': 'ReactionCount', 'reaction': {'_': 'ReactionEmoji', 'emoticon': '❤'}, 'count': 7, 'chosen_order': None}, {'_': 'ReactionCount', 'reaction': {'_': 'ReactionEmoji', 'emoticon': '🔥'}, 'count': 3, 'chosen_order': None}], 'min': False, 'can_see_list': False, 'reactions_as_tags': False, 'recent_reactions': []}",[],
piemods,https://t.me/piemods,3283,2024-02-22 21:59:00,"🔥AutoResponder for IG v3.5.8 [Premium]

ℹ️ Overview:
Automatically reply to any Instagram DMs.

🅿️ Play Store:
tkstudio.autoresponderforig

📝 Mod Info:
✪ Premium Features Unlocked 
✪ Multi Languages 
✪ CPUs: armeabi-v7a, arm64-v8a 
✪ Debug Info Removed",False,False,False,True,True,False,False,True,False,False,1709508402,,,,,,,,,13283,18,"{'_': 'MessageReplies', 'replies': 0, 'replies_pts': 52262, 'comments': True, 'recent_repliers': [], 'channel_id': 1740231503, 'max_id': None, 'read_max_id': None}",2024-02-22T22:08:44+00:00,,,"{'_': 'MessageReactions', 'results': [{'_': 'ReactionCount', 'reaction': {'_': 'ReactionEmoji', 'emoticon': '👍'}, 'count': 19, 'chosen_order': None}, {'_': 'ReactionCount', 'reaction': {'_': 'ReactionEmoji', 'emoticon': '❤'}, 'count': 3, 'chosen_order': None}], 'min': False, 'can_see_list': False, 'reactions_as_tags': False, 'recent_reactions': []}",[],
piemods,https://t.me/piemods,3284,2024-02-22 21:59:00,"🔥I am v4.48.1 [Premium]

ℹ️ Overview:
Improve your self esteem and confidence with the positive affirmation of <DATE_TIME>

🅿️ Play Store:
com.hrd.iam

📝 Mod Info:
✪ Premium Features Unlocked 
✪ Multi Languages 
✪ CPUs: universal 
✪ Debug Info Removed",False,False,False,True,True,False,False,True,False,False,1709508402,,,,,,,,,12686,15,"{'_': 'MessageReplies', 'replies': 0, 'replies_pts': 52262, 'comments': True, 'recent_repliers': [], 'channel_id': 1740231503, 'max_id': None, 'read_max_id': None}",2024-02-23T04:34:38+00:00,,,"{'_': 'MessageReactions', 'results': [{'_': 'ReactionCount', 'reaction': {'_': 'ReactionEmoji', 'emoticon': '👍'}, 'count': 9, 'chosen_order': None}, {'_': 'ReactionCount', 'reaction': {'_': 'ReactionEmoji', 'emoticon': '❤'}, 'count': 2, 'chosen_order': None}], 'min': False, 'can_see_list': False, 'reactions_as_tags': False, 'recent_reactions': []}",[],
piemods,https://t.me/piemods,3285,2024-02-22 21:59:00,"🔥Pencil Photo Sketch v2.0.66 [Pro]

ℹ️ Overview:
Create beautiful pencil sketch & drawing of your photos with Pencil Photo Sketch

🅿️ Play Store:
com.hqgames.pencil.sketch.photo

📝 Mod Info:
✪ Pro Features Unlocked 
✪ Multi Languages 
✪ CPUs: universal 
✪ Debug Info Removed",False,False,False,True,True,False,False,True,False,False,1709508402,,,,,,,,,11700,28,"{'_': 'MessageReplies', 'replies': 0, 'replies_pts': 0, 'comments': True, 'recent_repliers': [], 'channel_id': 777, 'max_id': None, 'read_max_id': None}",2024-02-22T22:08:50+00:00,,,"{'_': 'MessageReactions', 'results': [{'_': 'ReactionCount', 'reaction': {'_': 'ReactionEmoji', 'emoticon': '👍'}, 'count': 17, 'chosen_order': None}, {'_': 'ReactionCount', 'reaction': {'_': 'ReactionEmoji', 'emoticon': '❤'}, 'count': 4, 'chosen_order': None}], 'min': False, 'can_see_list': False, 'reactions_as_tags': False, 'recent_reactions': []}",[],
piemods,https://t.me/piemods,3286,2024-02-22 21:59:00,"🔥Motivation v4.48.1 [Premium]

ℹ️ Overview:
Positive quote reminders of the day

🅿️ Play Store:
com.hrd.motivation

📝 Mod Info:
✪ Premium Features Unlocked 
✪ Multi Languages 
✪ CPUs: universal 
✪ Debug Info Removed",False,False,False,True,True,False,False,True,False,False,1709508402,,,,,,,,,11103,24,"{'_': 'MessageReplies', 'replies': 0, 'replies_pts': 52262, 'comments': True, 'recent_repliers': [], 'channel_id': 1740231503, 'max_id': None, 'read_max_id': None}",2024-02-22T21:59:45+00:00,,,"{'_': 'MessageReactions', 'results': [{'_': 'ReactionCount', 'reaction': {'_': 'ReactionEmoji', 'emoticon': '👍'}, 'count': 15, 'chosen_order': None}, {'_': 'ReactionCount', 'reaction': {'_': 'ReactionEmoji', 'emoticon': '❤'}, 'count': 3, 'chosen_order': None}], 'min': False, 'can_see_list': False, 'reactions_as_tags': False, 'recent_reactions': []}",[],
piemods,https://t.me/piemods,3287,2024-02-22 21:59:01,"🔥Facts v4.48.1 [Premium]

ℹ️ Overview:
Knowledge is power: Learn <DATE_TIME> interesting facts.

🅿️ Play Store:
com.hrd.facts

📝 Mod Info:
✪ Premium Features Unlocked 
✪ Multi Languages 
✪ CPUs: universal 
✪ Debug Info Removed",False,False,False,True,True,False,False,True,False,False,1709508402,,,,,,,,,11583,12,"{'_': 'MessageReplies', 'replies': 2, 'replies_pts': 52262, 'comments': True, 'recent_repliers': [{'_': 'PeerUser', 'user_id': 1429875096}], 'channel_id': 1740231503, 'max_id': 33212, 'read_max_id': None}",2024-02-22T21:59:51+00:00,,,"{'_': 'MessageReactions', 'results': [{'_': 'ReactionCount', 'reaction': {'_': 'ReactionEmoji', 'emoticon': '👍'}, 'count': 11, 'chosen_order': None}, {'_': 'ReactionCount', 'reaction': {'_': 'ReactionEmoji', 'emoticon': '❤'}, 'count': 3, 'chosen_order': None}], 'min': False, 'can_see_list': False, 'reactions_as_tags': False, 'recent_reactions': []}",[],
piemods,https://t.me/piemods,3288,2024-02-22 21:59:05,"🔥SODA v7.4.0 [VIP]

ℹ️ Overview:
the easy and simple beauty camera

🅿️ Play Store:
com.snowcorp.soda.android

📝 Mod Info:
✪ Vip Features Unlocked 
✪ Multi Languages 
✪ CPUs: armeabi-v7a, arm64-v8a 
✪ Debug Info Removed",False,False,False,True,True,False,False,True,False,False,1709508402,,,,,,,,,13932,22,"{'_': 'MessageReplies', 'replies': 0, 'replies_pts': 0, 'comments': True, 'recent_repliers': [], 'channel_id': 777, 'max_id': None, 'read_max_id': None}",2024-02-22T22:41:25+00:00,,,"{'_': 'MessageReactions', 'results': [{'_': 'ReactionCount', 'reaction': {'_': 'ReactionEmoji', 'emoticon': '👍'}, 'count': 13, 'chosen_order': None}, {'_': 'ReactionCount', 'reaction': {'_': 'ReactionEmoji', 'emoticon': '❤'}, 'count': 4, 'chosen_order': None}, {'_': 'ReactionCount', 'reaction': {'_': 'ReactionEmoji', 'emoticon': '🔥'}, 'count': 2, 'chosen_order': None}], 'min': False, 'can_see_list': False, 'reactions_as_tags': False, 'recent_reactions': []}",[],
piemods,https://t.me/piemods,3289,2024-02-22 21:59:05,"🔥AppLock v5.8.6in [Pro]

ℹ️ Overview:
Protect your privacy.

🅿️ Play Store:
com.domobile.applock.ind

📝 Mod Info:
✪ Pro Features Unlocked 
✪ Multi Languages 
✪ CPUs: arm64-v8a 
✪ Debug Info Removed",False,False,False,True,True,False,False,True,False,False,1709508402,,,,,,,,,14410,29,"{'_': 'MessageReplies', 'replies': 0, 'replies_pts': 52262, 'comments': True, 'recent_repliers': [], 'channel_id': 1740231503, 'max_id': None, 'read_max_id': None}",2024-02-22T22:09:02+00:00,,,"{'_': 'MessageReactions', 'results': [{'_': 'ReactionCount', 'reaction': {'_': 'ReactionEmoji', 'emoticon': '👍'}, 'count': 15, 'chosen_order': None}, {'_': 'ReactionCount', 'reaction': {'_': 'ReactionEmoji', 'emoticon': '🔥'}, 'count': 7, 'chosen_order': None}, {'_': 'ReactionCount', 'reaction': {'_': 'ReactionEmoji', 'emoticon': '❤'}, 'count': 4, 'chosen_order': None}], 'min': False, 'can_see_list': False, 'reactions_as_tags': False, 'recent_reactions': []}",[],
piemods,https://t.me/piemods,3290,2024-02-22 21:59:06,"🔥EPIK v4.3.31 [Premium]

ℹ️ Overview:
All-In-One editor for retouching, adjusting, decorating photo and video Editor

🅿️ Play Store:
com.snowcorp.epik

📝 Mod Info:
✪ Premium Features Unlocked 
✪ Multi Languages 
✪ CPUs: armeabi-v7a, arm64-v8a 
✪ Debug Info Removed",False,False,False,True,True,False,False,True,False,False,1709508402,,,,,,,,,15716,55,"{'_': 'MessageReplies', 'replies': 1, 'replies_pts': 52262, 'comments': True, 'recent_repliers': [{'_': 'PeerUser', 'user_id': 916631917}], 'channel_id': 1740231503, 'max_id': 33081, 'read_max_id': None}",2024-02-22T22:41:16+00:00,,,"{'_': 'MessageReactions', 'results': [{'_': 'ReactionCount', 'reaction': {'_': 'ReactionEmoji', 'emoticon': '👍'}, 'count': 18, 'chosen_order': None}, {'_': 'ReactionCount', 'reaction': {'_': 'ReactionEmoji', 'emoticon': '❤'}, 'count': 7, 'chosen_order': None}], 'min': False, 'can_see_list': False, 'reactions_as_tags': False, 'recent_reactions': []}",[],
piemods,https://t.me/piemods,3291,2024-02-22 21:59:06,"🔥NodeVideo v6.11.4 [Premium]

ℹ️ Overview:
Modern VFX Editor, (re)Defined.

🅿️ Play Store:
com.shallwaystudio.nodevideo

📝 Mod Info:
✪ Premium Features Unlocked 
✪ Multi Languages 
✪ CPUs: arm64-v8a 
✪ Debug Info Removed",False,False,False,True,True,False,False,True,False,False,1709508402,,,,,,,,,16213,63,"{'_': 'MessageReplies', 'replies': 5, 'replies_pts': 52262, 'comments': True, 'recent_repliers': [{'_': 'PeerUser', 'user_id': 1109292656}, {'_': 'PeerUser', 'user_id': 2041917014}, {'_': 'PeerUser', 'user_id': 6669475004}], 'channel_id': 1740231503, 'max_id': 33056, 'read_max_id': None}",2024-02-22T21:59:34+00:00,,,"{'_': 'MessageReactions', 'results': [{'_': 'ReactionCount', 'reaction': {'_': 'ReactionEmoji', 'emoticon': '👍'}, 'count': 34, 'chosen_order': None}, {'_': 'ReactionCount', 'reaction': {'_': 'ReactionEmoji', 'emoticon': '❤'}, 'count': 6, 'chosen_order': None}, {'_': 'ReactionCount', 'reaction': {'_': 'ReactionEmoji', 'emoticon': '🔥'}, 'count': 2, 'chosen_order': None}, {'_': 'ReactionCount', 'reaction': {'_': 'ReactionEmoji', 'emoticon': '🏆'}, 'count': 1, 'chosen_order': None}], 'min': False, 'can_see_list': False, 'reactions_as_tags': False, 'recent_reactions': []}",[],
piemods,https://t.me/piemods,3293,2024-02-23 22:02:00,"🔥AutoResponder for VB v3.5.8 [Premium]

ℹ️ Overview:
Automatically reply to any Viber messages.

🅿️ Play Store:
tkstudio.autoresponderforviber

📝 Mod Info:
✪ Premium Features Unlocked 
✪ Multi Languages 
✪ CPUs: armeabi-v7a, arm64-v8a 
✪ Debug Info Removed",False,False,False,True,True,False,False,True,False,False,1709508402,,,,,,,,,10429,10,"{'_': 'MessageReplies', 'replies': 0, 'replies_pts': 52262, 'comments': True, 'recent_repliers': [], 'channel_id': 1740231503, 'max_id': None, 'read_max_id': None}",2024-02-23T22:23:39+00:00,,,"{'_': 'MessageReactions', 'results': [{'_': 'ReactionCount', 'reaction': {'_': 'ReactionEmoji', 'emoticon': '👍'}, 'count': 14, 'chosen_order': None}, {'_': 'ReactionCount', 'reaction': {'_': 'ReactionEmoji', 'emoticon': '❤'}, 'count': 2, 'chosen_order': None}], 'min': False, 'can_see_list': False, 'reactions_as_tags': False, 'recent_reactions': []}",[],
piemods,https://t.me/piemods,3294,2024-02-23 22:02:00,"🔥AutoResponder for SGNL v3.5.8 [Premium]

ℹ️ Overview:
Automatically reply to any Signal messages.

🅿️ Play Store:
tkstudio.autoresponderforsignal

📝 Mod Info:
✪ Premium Features Unlocked 
✪ Multi Languages 
✪ CPUs: armeabi-v7a, arm64-v8a 
✪ Debug Info Removed",False,False,False,True,True,False,False,True,False,False,1709508402,,,,,,,,,10014,12,"{'_': 'MessageReplies', 'replies': 0, 'replies_pts': 52262, 'comments': True, 'recent_repliers': [], 'channel_id': 1740231503, 'max_id': None, 'read_max_id': None}",2024-02-23T22:09:58+00:00,,,"{'_': 'MessageReactions', 'results': [{'_': 'ReactionCount', 'reaction': {'_': 'ReactionEmoji', 'emoticon': '👍'}, 'count': 10, 'chosen_order': None}, {'_': 'ReactionCount', 'reaction': {'_': 'ReactionEmoji', 'emoticon': '❤'}, 'count': 3, 'chosen_order': None}], 'min': False, 'can_see_list': False, 'reactions_as_tags': False, 'recent_reactions': []}",[],
piemods,https://t.me/piemods,3295,2024-02-23 22:02:00,"🔥<DATE_TIME> Before vv4.3.28 [Premium]

ℹ️ Overview:
A date counting app that helps you not to miss your precious moments!

🅿️ Play Store:
com.aboutjsp.thedaybefore

📝 Mod Info:
✪ Premium Features Unlocked 
✪ Multi Languages 
✪ CPUs: armeabi-v7a, arm64-v8a 
✪ Debug Info Removed",False,False,False,True,True,False,False,True,False,False,1709508402,,,,,,,,,8751,7,"{'_': 'MessageReplies', 'replies': 0, 'replies_pts': 52262, 'comments': True, 'recent_repliers': [], 'channel_id': 1740231503, 'max_id': None, 'read_max_id': None}",2024-02-23T22:23:31+00:00,,,"{'_': 'MessageReactions', 'results': [{'_': 'ReactionCount', 'reaction': {'_': 'ReactionEmoji', 'emoticon': '👍'}, 'count': 8, 'chosen_order': None}, {'_': 'ReactionCount', 'reaction': {'_': 'ReactionEmoji', 'emoticon': '❤'}, 'count': 2, 'chosen_order': None}], 'min': False, 'can_see_list': False, 'reactions_as_tags': False, 'recent_reactions': []}",[],
piemods,https://t.me/piemods,3296,2024-02-23 22:02:01,"🔥<DATE_TIME> Before vv4.3.28 [Premium]

ℹ️ Overview:
A date counting app that helps you not to miss your precious moments!

🅿️ Play Store:
com.aboutjsp.thedaybefore

📝 Mod Info:
✪ Premium Features Unlocked 
✪ Multi Languages 
✪ CPUs: armeabi-v7a, arm64-v8a 
✪ Debug Info Removed",False,False,False,True,True,False,False,True,False,False,1709508402,,,,,,,,,9173,8,"{'_': 'MessageReplies', 'replies': 0, 'replies_pts': 52262, 'comments': True, 'recent_repliers': [], 'channel_id': 1740231503, 'max_id': None, 'read_max_id': None}",2024-02-23T22:23:27+00:00,,,"{'_': 'MessageReactions', 'results': [{'_': 'ReactionCount', 'reaction': {'_': 'ReactionEmoji', 'emoticon': '👍'}, 'count': 11, 'chosen_order': None}, {'_': 'ReactionCount', 'reaction': {'_': 'ReactionEmoji', 'emoticon': '❤'}, 'count': 3, 'chosen_order': None}], 'min': False, 'can_see_list': False, 'reactions_as_tags': False, 'recent_reactions': []}",[],
piemods,https://t.me/piemods,3297,2024-02-23 22:02:01,"🔥<NRP> v3.0.8.3 [Premium]

ℹ️ Overview:
Automate WhatsApp, Telegram, SMS, Email: Schedule, Auto-Send, Auto-Reply!

🅿️ Play Store:
com.codefish.sqedit

📝 Mod Info:
✪ Premium Features Unlocked 
✪ Multi Languages 
✪ CPUs: universal 
✪ Debug Info Removed",False,False,False,True,True,False,False,True,False,False,1709508402,,,,,,,,,9131,26,"{'_': 'MessageReplies', 'replies': 0, 'replies_pts': 52262, 'comments': True, 'recent_repliers': [], 'channel_id': 1740231503, 'max_id': None, 'read_max_id': None}",2024-02-23T22:23:24+00:00,,,"{'_': 'MessageReactions', 'results': [{'_': 'ReactionCount', 'reaction': {'_': 'ReactionEmoji', 'emoticon': '❤'}, 'count': 9, 'chosen_order': None}, {'_': 'ReactionCount', 'reaction': {'_': 'ReactionEmoji', 'emoticon': '👍'}, 'count': 7, 'chosen_order': None}, {'_': 'ReactionCount', 'reaction': {'_': 'ReactionEmoji', 'emoticon': '🔥'}, 'count': 1, 'chosen_order': None}], 'min': False, 'can_see_list': False, 'reactions_as_tags': False, 'recent_reactions': []}",[],
piemods,https://t.me/piemods,3298,2024-02-23 22:02:05,"🔥Instories v5.2.1 [Pro]

ℹ️ Overview:
Create video for Instagram: effects, fonts, neon, music. Use collage, templates!

🅿️ Play Store:
io.instories

📝 Mod Info:
✪ Pro Features Unlocked 
✪ Multi Languages 
✪ CPUs: universal 
✪ Debug Info Removed",False,False,False,True,True,False,False,True,False,False,1709508402,,,,,,,,,11322,34,"{'_': 'MessageReplies', 'replies': 0, 'replies_pts': 52262, 'comments': True, 'recent_repliers': [], 'channel_id': 1740231503, 'max_id': None, 'read_max_id': None}",2024-02-23T22:23:19+00:00,,,"{'_': 'MessageReactions', 'results': [{'_': 'ReactionCount', 'reaction': {'_': 'ReactionEmoji', 'emoticon': '👍'}, 'count': 14, 'chosen_order': None}, {'_': 'ReactionCount', 'reaction': {'_': 'ReactionEmoji', 'emoticon': '❤'}, 'count': 3, 'chosen_order': None}], 'min': False, 'can_see_list': False, 'reactions_as_tags': False, 'recent_reactions': []}",[],
piemods,https://t.me/piemods,3299,2024-02-23 22:02:06,"🔥Video Maker v1.516.152 [Pro]

ℹ️ Overview:
Pro video editor app for full screen, edit video with song, AI, effect & slowmo.

🅿️ Play Store:
videoeditor.videomaker.videoeditorforyoutube

📝 Mod Info:
✪ Pro Features Unlocked 
✪ Multi Languages 
✪ CPUs: armeabi-v7a, arm64-v8a 
✪ Debug Info Removed",False,False,False,True,True,False,False,True,False,False,1709508402,,,,,,,,,11681,43,"{'_': 'MessageReplies', 'replies': 0, 'replies_pts': 52262, 'comments': True, 'recent_repliers': [], 'channel_id': 1740231503, 'max_id': None, 'read_max_id': None}",2024-02-23T22:23:15+00:00,,,"{'_': 'MessageReactions', 'results': [{'_': 'ReactionCount', 'reaction': {'_': 'ReactionEmoji', 'emoticon': '👍'}, 'count': 15, 'chosen_order': None}, {'_': 'ReactionCount', 'reaction': {'_': 'ReactionEmoji', 'emoticon': '❤'}, 'count': 3, 'chosen_order': None}], 'min': False, 'can_see_list': False, 'reactions_as_tags': False, 'recent_reactions': []}",[],
piemods,https://t.me/piemods,3300,2024-02-23 22:02:06,"🔥Mint v5.5.3 [Subscribed]

ℹ️ Overview:
Stay ahead in Market & Business News with Mint - Business App - NSE, BSE, Sensex

🅿️ Play Store:
com.htmedia.mint

📝 Mod Info:
✪ Subscribed Features Unlocked 
✪ Multi Languages 
✪ CPUs: universal 
✪ Debug Info Removed",False,False,False,True,True,False,False,True,False,False,1709508402,,,,,,,,,13257,26,"{'_': 'MessageReplies', 'replies': 0, 'replies_pts': 0, 'comments': True, 'recent_repliers': [], 'channel_id': 777, 'max_id': None, 'read_max_id': None}",2024-02-23T22:23:11+00:00,,,"{'_': 'MessageReactions', 'results': [{'_': 'ReactionCount', 'reaction': {'_': 'ReactionEmoji', 'emoticon': '👍'}, 'count': 11, 'chosen_order': None}, {'_': 'ReactionCount', 'reaction': {'_': 'ReactionEmoji', 'emoticon': '❤'}, 'count': 6, 'chosen_order': None}], 'min': False, 'can_see_list': False, 'reactions_as_tags': False, 'recent_reactions': []}",[],
piemods,https://t.me/piemods,3301,2024-02-23 22:02:06,"🔥XY VPN v4.7.964 [VIP]

ℹ️ Overview:
Boost sites webs games. Protect privacy.

🅿️ Play Store:
com.mate.vpn

📝 Mod Info:
✪ Vip Features Unlocked 
✪ Multi Languages 
✪ CPUs: armeabi-v7a, arm64-v8a 
✪ Debug Info Removed",False,False,False,True,True,False,False,True,False,False,1709508402,,,,,,,,,13708,38,"{'_': 'MessageReplies', 'replies': 15, 'replies_pts': 52262, 'comments': True, 'recent_repliers': [{'_': 'PeerUser', 'user_id': 6260984881}, {'_': 'PeerUser', 'user_id': 5642262965}, {'_': 'PeerUser', 'user_id': 5849741038}], 'channel_id': 1740231503, 'max_id': 33197, 'read_max_id': None}",2024-02-23T22:04:05+00:00,,,"{'_': 'MessageReactions', 'results': [{'_': 'ReactionCount', 'reaction': {'_': 'ReactionEmoji', 'emoticon': '👍'}, 'count': 31, 'chosen_order': None}, {'_': 'ReactionCount', 'reaction': {'_': 'ReactionEmoji', 'emoticon': '❤'}, 'count': 4, 'chosen_order': None}, {'_': 'ReactionCount', 'reaction': {'_': 'ReactionEmoji', 'emoticon': '🔥'}, 'count': 2, 'chosen_order': None}, {'_': 'ReactionCount', 'reaction': {'_': 'ReactionEmoji', 'emoticon': '👏'}, 'count': 2, 'chosen_order': None}], 'min': False, 'can_see_list': False, 'reactions_as_tags': False, 'recent_reactions': []}",[],
piemods,https://t.me/piemods,3303,2024-02-24 21:43:00,"🔥VlogU <DATE_TIME> [VIP]

ℹ️ Overview:
Video editor & Video maker, Vlog camera editor photo, cut video with music film.

🅿️ Play Store:
videoeditor.vlogeditor.youtubevlog.vlogstar

📝 Mod Info:
✪ Vip Features Unlocked 
✪ Multi Languages 
✪ CPUs: armeabi-v7a, arm64-v8a 
✪ Debug Info Removed",False,False,False,True,True,False,False,True,False,False,1709508402,,,,,,,,,3269,8,"{'_': 'MessageReplies', 'replies': 0, 'replies_pts': 52262, 'comments': True, 'recent_repliers': [], 'channel_id': 1740231503, 'max_id': None, 'read_max_id': None}",2024-02-24T22:54:31+00:00,,,"{'_': 'MessageReactions', 'results': [{'_': 'ReactionCount', 'reaction': {'_': 'ReactionEmoji', 'emoticon': '👍'}, 'count': 3, 'chosen_order': None}], 'min': False, 'can_see_list': False, 'reactions_as_tags': False, 'recent_reactions': []}",[],
piemods,https://t.me/piemods,3304,2024-02-24 21:43:00,"<PERSON> [Premium]

ℹ️ Overview:
All-in-one baby app: track breast feeding, diaper changes, sleep patterns & more

🅿️ Play Store:
com.wachanga.babycare

📝 Mod Info:
✪ Premium Features Unlocked 
✪ Multi Languages 
✪ CPUs: universal 
✪ Debug Info Removed",False,False,False,True,True,False,False,True,False,False,1709508402,,,,,,,,,3204,5,"{'_': 'MessageReplies', 'replies': 0, 'replies_pts': 52262, 'comments': True, 'recent_repliers': [], 'channel_id': 1740231503, 'max_id': None, 'read_max_id': None}",2024-02-24T22:54:33+00:00,,,"{'_': 'MessageReactions', 'results': [{'_': 'ReactionCount', 'reaction': {'_': 'ReactionEmoji', 'emoticon': '👍'}, 'count': 1, 'chosen_order': None}], 'min': False, 'can_see_list': False, 'reactions_as_tags': False, 'recent_reactions': []}",[],
piemods,https://t.me/piemods,3305,2024-02-24 21:43:00,"🔥SODA v7.4.1 [VIP]

ℹ️ Overview:
the easy and simple beauty camera

🅿️ Play Store:
com.snowcorp.soda.android

📝 Mod Info:
✪ Vip Features Unlocked 
✪ Multi Languages 
✪ CPUs: armeabi-v7a, arm64-v8a 
✪ Debug Info Removed",False,False,False,True,True,False,False,True,False,False,1709508402,,,,,,,,,2793,5,"{'_': 'MessageReplies', 'replies': 0, 'replies_pts': 0, 'comments': True, 'recent_repliers': [], 'channel_id': 777, 'max_id': None, 'read_max_id': None}",2024-02-24T22:06:19+00:00,,,"{'_': 'MessageReactions', 'results': [{'_': 'ReactionCount', 'reaction': {'_': 'ReactionEmoji', 'emoticon': '👍'}, 'count': 2, 'chosen_order': None}], 'min': False, 'can_see_list': False, 'reactions_as_tags': False, 'recent_reactions': []}",[],
piemods,https://t.me/piemods,3306,2024-02-24 21:43:01,"🔥Vidmix v2.35.462 [VIP]

ℹ️ Overview:
AI image generator, Master music video maker with effect & photo & AI painting

🅿️ Play Store:
com.vidmix.music.maker

📝 Mod Info:
✪ Vip Features Unlocked 
✪ Multi Languages 
✪ CPUs: armeabi-v7a, arm64-v8a 
✪ Debug Info Removed",False,False,False,True,True,False,False,True,False,False,1709508402,,,,,,,,,2877,11,"{'_': 'MessageReplies', 'replies': 0, 'replies_pts': 52262, 'comments': True, 'recent_repliers': [], 'channel_id': 1740231503, 'max_id': None, 'read_max_id': None}",2024-02-24T22:06:11+00:00,,,"{'_': 'MessageReactions', 'results': [{'_': 'ReactionCount', 'reaction': {'_': 'ReactionEmoji', 'emoticon': '👍'}, 'count': 3, 'chosen_order': None}], 'min': False, 'can_see_list': False, 'reactions_as_tags': False, 'recent_reactions': []}",[],
piemods,https://t.me/piemods,3307,2024-02-24 21:43:01,"🔥Mivo v3.34.701 [Premium]

ℹ️ Overview:
Face swap & AI art video maker, AI composite video master & reface

🅿️ Play Store:
ins.story.unfold

📝 Mod Info:
✪ Premium Features Unlocked 
✪ Multi Languages 
✪ CPUs: armeabi-v7a, arm64-v8a 
✪ Debug Info Removed",False,False,False,True,True,False,False,True,False,False,1709508402,,,,,,,,,2873,13,"{'_': 'MessageReplies', 'replies': 0, 'replies_pts': 52262, 'comments': True, 'recent_repliers': [], 'channel_id': 1740231503, 'max_id': None, 'read_max_id': None}",2024-02-24T22:06:07+00:00,,,"{'_': 'MessageReactions', 'results': [{'_': 'ReactionCount', 'reaction': {'_': 'ReactionEmoji', 'emoticon': '👍'}, 'count': 2, 'chosen_order': None}], 'min': False, 'can_see_list': False, 'reactions_as_tags': False, 'recent_reactions': []}",[],
piemods,https://t.me/piemods,3308,2024-02-24 21:43:05,"🔥EPIK v4.3.32 [Premium]

ℹ️ Overview:
All-In-One editor for retouching, adjusting, decorating photo and video Editor

🅿️ Play Store:
com.snowcorp.epik

📝 Mod Info:
✪ Premium Features Unlocked 
✪ Multi Languages 
✪ CPUs: armeabi-v7a, arm64-v8a 
✪ Debug Info Removed",False,False,False,True,True,False,False,True,False,False,1709508402,,,,,,,,,3414,11,"{'_': 'MessageReplies', 'replies': 1, 'replies_pts': 52262, 'comments': True, 'recent_repliers': [{'_': 'PeerUser', 'user_id': 1526732407}], 'channel_id': 1740231503, 'max_id': 33222, 'read_max_id': None}",2024-02-24T21:45:59+00:00,,,"{'_': 'MessageReactions', 'results': [{'_': 'ReactionCount', 'reaction': {'_': 'ReactionEmoji', 'emoticon': '🙏'}, 'count': 4, 'chosen_order': None}, {'_': 'ReactionCount', 'reaction': {'_': 'ReactionEmoji', 'emoticon': '👍'}, 'count': 3, 'chosen_order': None}], 'min': False, 'can_see_list': False, 'reactions_as_tags': False, 'recent_reactions': []}",[],
piemods,https://t.me/piemods,3309,2024-02-24 21:43:05,"🔥Mirror v1.34.52 [Premium]

ℹ️ Overview:
Customize emoji & zmoji avatars. My own <PERSON> keyboard, <PERSON> for Whatsapp!

🅿️ Play Store:
com.mirrorai.app

📝 Mod Info:
✪ Premium Features Unlocked 
✪ Multi Languages 
✪ CPUs: universal 
✪ Debug Info Removed",False,False,False,True,True,False,False,True,False,False,1709508402,,,,,,,,,3525,3,"{'_': 'MessageReplies', 'replies': 0, 'replies_pts': 0, 'comments': True, 'recent_repliers': [], 'channel_id': 777, 'max_id': None, 'read_max_id': None}",2024-02-24T21:53:45+00:00,,,"{'_': 'MessageReactions', 'results': [{'_': 'ReactionCount', 'reaction': {'_': 'ReactionEmoji', 'emoticon': '👍'}, 'count': 3, 'chosen_order': None}], 'min': False, 'can_see_list': False, 'reactions_as_tags': False, 'recent_reactions': []}",[],
piemods,https://t.me/piemods,3310,2024-02-24 21:43:06,"🔥Perfect Me v8.7.2 [VIP]

ℹ️ Overview:
Retouch photos and videos. Slim body shape, face tune & AI filter beauty makeup

🅿️ Play Store:
com.accordion.perfectme

📝 Mod Info:
✪ Vip Features Unlocked 
✪ Multi Languages 
✪ CPUs: armeabi-v7a, arm64-v8a 
✪ Debug Info Removed",False,False,False,True,True,False,False,True,False,False,1709508402,,,,,,,,,4076,7,"{'_': 'MessageReplies', 'replies': 0, 'replies_pts': 52262, 'comments': True, 'recent_repliers': [], 'channel_id': 1740231503, 'max_id': None, 'read_max_id': None}",2024-02-24T22:02:12+00:00,,,"{'_': 'MessageReactions', 'results': [{'_': 'ReactionCount', 'reaction': {'_': 'ReactionEmoji', 'emoticon': '👍'}, 'count': 3, 'chosen_order': None}], 'min': False, 'can_see_list': False, 'reactions_as_tags': False, 'recent_reactions': []}",[],
piemods,https://t.me/piemods,3311,2024-02-24 21:43:06,"🔥GoPro Quik v12.9 [Premium]

ℹ️ Overview:
Auto video maker with music & exclusive filters. Video editing made simple.

🅿️ Play Store:
com.gopro.smarty

📝 Mod Info:
✪ Premium Features Unlocked 
✪ Multi Languages 
✪ CPUs: universal 
✪ Debug Info Removed

⬇️ DOWNLOAD NOW! ✅",False,False,False,True,True,False,False,True,False,False,1709508402,,,,,,,,,4139,8,"{'_': 'MessageReplies', 'replies': 1, 'replies_pts': 52262, 'comments': True, 'recent_repliers': [{'_': 'PeerUser', 'user_id': 226334667}], 'channel_id': 1740231503, 'max_id': 33219, 'read_max_id': None}",2024-02-24T21:48:47+00:00,,,"{'_': 'MessageReactions', 'results': [{'_': 'ReactionCount', 'reaction': {'_': 'ReactionEmoji', 'emoticon': '👍'}, 'count': 9, 'chosen_order': None}, {'_': 'ReactionCount', 'reaction': {'_': 'ReactionEmoji', 'emoticon': '❤'}, 'count': 1, 'chosen_order': None}], 'min': False, 'can_see_list': False, 'reactions_as_tags': False, 'recent_reactions': []}",[],
piemods,https://t.me/piemods,3314,2024-02-26 05:13:33,"🔥Rap Fame v3.25.0 [Premium]

ℹ️ Overview:
Recording studio w/ 10k beats, pro vocal FX and a network of 20M rappers & fans!

🅿️ Play Store:
com.komspek.battleme

📝 Mod Info:
✪ Premium Features Unlocked 
✪ Multi Languages 
✪ CPUs: universal 
✪ Debug Info Removed",False,False,False,True,True,False,False,True,False,False,1709508402,,,,,,,,,20136,18,"{'_': 'MessageReplies', 'replies': 0, 'replies_pts': 53007, 'comments': True, 'recent_repliers': [], 'channel_id': 1740231503, 'max_id': None, 'read_max_id': None}",2024-02-26T05:14:18+00:00,,,"{'_': 'MessageReactions', 'results': [{'_': 'ReactionCount', 'reaction': {'_': 'ReactionEmoji', 'emoticon': '👍'}, 'count': 20, 'chosen_order': None}, {'_': 'ReactionCount', 'reaction': {'_': 'ReactionEmoji', 'emoticon': '❤'}, 'count': 2, 'chosen_order': None}, {'_': 'ReactionCount', 'reaction': {'_': 'ReactionEmoji', 'emoticon': '🏆'}, 'count': 1, 'chosen_order': None}], 'min': False, 'can_see_list': False, 'reactions_as_tags': False, 'recent_reactions': []}",[],
piemods,https://t.me/piemods,3315,2024-02-26 05:13:34,"🔥Sleep Alora v0.201-0bda16ce [Pro]

ℹ️ Overview:
Relax, Meditate, & Reduce Stress With Our Sounds, Sleep Tracker, & Sleep Therapy

🅿️ Play Store:
calm.sleep.headspace.relaxingsounds

📝 Mod Info:
✪ Pro Features Unlocked 
✪ Multi Languages 
✪ CPUs: universal 
✪ Debug Info Removed",False,False,False,True,True,False,False,True,False,False,1709508402,,,,,,,,,18850,15,"{'_': 'MessageReplies', 'replies': 0, 'replies_pts': 53007, 'comments': True, 'recent_repliers': [], 'channel_id': 1740231503, 'max_id': None, 'read_max_id': None}",2024-02-26T10:55:42+00:00,,,"{'_': 'MessageReactions', 'results': [{'_': 'ReactionCount', 'reaction': {'_': 'ReactionEmoji', 'emoticon': '👍'}, 'count': 9, 'chosen_order': None}], 'min': False, 'can_see_list': False, 'reactions_as_tags': False, 'recent_reactions': []}",[],
piemods,https://t.me/piemods,3316,2024-02-26 05:13:34,"🔥Launcher xPhone v9.3.0 [Premium]

ℹ️ Overview:
Change your style: simple and easy to use

🅿️ Play Store:
com.xos.iphonex.iphone.applelauncher

📝 Mod Info:
✪ Premium Features Unlocked 
✪ Multi Languages 
✪ CPUs: universal 
✪ Debug Info Removed",False,False,False,True,True,False,False,True,False,False,1709508402,,,,,,,,,17256,31,"{'_': 'MessageReplies', 'replies': 1, 'replies_pts': 53007, 'comments': True, 'recent_repliers': [{'_': 'PeerUser', 'user_id': 5891231868}], 'channel_id': 1740231503, 'max_id': 33339, 'read_max_id': None}",2024-02-26T05:19:17+00:00,,,"{'_': 'MessageReactions', 'results': [{'_': 'ReactionCount', 'reaction': {'_': 'ReactionEmoji', 'emoticon': '👍'}, 'count': 9, 'chosen_order': None}, {'_': 'ReactionCount', 'reaction': {'_': 'ReactionEmoji', 'emoticon': '❤'}, 'count': 2, 'chosen_order': None}], 'min': False, 'can_see_list': False, 'reactions_as_tags': False, 'recent_reactions': []}",[],
piemods,https://t.me/piemods,3317,2024-02-26 05:13:34,"<PERSON> [Premium]

ℹ️ Overview:
Photo & Video Editor. Music, Templates, Filters, Effects, AI Captions & Avatars

🅿️ Play Store:
com.storybeat

📝 Mod Info:
✪ Premium Features Unlocked 
✪ Multi Languages 
✪ CPUs: universal 
✪ Debug Info Removed",False,False,False,True,True,False,False,True,False,False,1709508402,,,,,,,,,17347,41,"{'_': 'MessageReplies', 'replies': 1, 'replies_pts': 53007, 'comments': True, 'recent_repliers': [{'_': 'PeerUser', 'user_id': 6313017219}], 'channel_id': 1740231503, 'max_id': 33329, 'read_max_id': None}",2024-02-26T05:14:11+00:00,,,"{'_': 'MessageReactions', 'results': [{'_': 'ReactionCount', 'reaction': {'_': 'ReactionEmoji', 'emoticon': '👍'}, 'count': 13, 'chosen_order': None}, {'_': 'ReactionCount', 'reaction': {'_': 'ReactionEmoji', 'emoticon': '🔥'}, 'count': 3, 'chosen_order': None}, {'_': 'ReactionCount', 'reaction': {'_': 'ReactionEmoji', 'emoticon': '😍'}, 'count': 2, 'chosen_order': None}], 'min': False, 'can_see_list': False, 'reactions_as_tags': False, 'recent_reactions': []}",[],
piemods,https://t.me/piemods,3318,2024-02-26 05:13:34,"🔥Launcher <DATE_TIME> [Premium]

ℹ️ Overview:
Launcher <DATE_TIME> is simple and fast, trendy. Easily search and browse apps

🅿️ Play Store:
com.launcher.launcher2022

📝 Mod Info:
✪ Premium Features Unlocked 
✪ Multi Languages 
✪ CPUs: universal 
✪ Debug Info Removed",False,False,False,True,True,False,False,True,False,False,1709508402,,,,,,,,,20576,33,"{'_': 'MessageReplies', 'replies': 0, 'replies_pts': 53007, 'comments': True, 'recent_repliers': [], 'channel_id': 1740231503, 'max_id': None, 'read_max_id': None}",2024-02-26T05:22:23+00:00,,,"{'_': 'MessageReactions', 'results': [{'_': 'ReactionCount', 'reaction': {'_': 'ReactionEmoji', 'emoticon': '👍'}, 'count': 15, 'chosen_order': None}, {'_': 'ReactionCount', 'reaction': {'_': 'ReactionEmoji', 'emoticon': '❤'}, 'count': 6, 'chosen_order': None}], 'min': False, 'can_see_list': False, 'reactions_as_tags': False, 'recent_reactions': []}",[],
piemods,https://t.me/piemods,3319,2024-02-26 05:13:41,"🔥Phone 15 Launcher v9.3.0 [Premium]

ℹ️ Overview:
Phone <PERSON> makes a difference style: stylish and colorful

🅿️ Play Store:
com.launcher.ios11.iphonex

📝 Mod Info:
✪ Premium Features Unlocked 
✪ Multi Languages 
✪ CPUs: universal 
✪ Debug Info Removed",False,False,False,True,True,False,False,True,False,False,1709508402,,,,,,,,,22805,49,"{'_': 'MessageReplies', 'replies': 1, 'replies_pts': 53007, 'comments': True, 'recent_repliers': [{'_': 'PeerUser', 'user_id': 6374202465}], 'channel_id': 1740231503, 'max_id': 33492, 'read_max_id': None}",2024-02-26T05:14:03+00:00,,,"{'_': 'MessageReactions', 'results': [{'_': 'ReactionCount', 'reaction': {'_': 'ReactionEmoji', 'emoticon': '👍'}, 'count': 17, 'chosen_order': None}, {'_': 'ReactionCount', 'reaction': {'_': 'ReactionEmoji', 'emoticon': '❤'}, 'count': 3, 'chosen_order': None}, {'_': 'ReactionCount', 'reaction': {'_': 'ReactionEmoji', 'emoticon': '👏'}, 'count': 2, 'chosen_order': None}], 'min': False, 'can_see_list': False, 'reactions_as_tags': False, 'recent_reactions': []}",[],
piemods,https://t.me/piemods,3320,2024-02-26 05:13:41,"🔥BitTorrent v8.1.9 [Pro]

ℹ️ Overview:
Find, download & stream torrents on your phone or tablet (official app)

🅿️ Play Store:
com.bittorrent.client

📝 Mod Info:
✪ Pro Features Unlocked 
✪ Multi Languages 
✪ CPUs: universal 
✪ Debug Info Removed",False,False,False,True,True,False,False,True,False,False,1709508402,,,,,,,,,23865,45,"{'_': 'MessageReplies', 'replies': 3, 'replies_pts': 53007, 'comments': True, 'recent_repliers': [{'_': 'PeerUser', 'user_id': 6221457860}, {'_': 'PeerUser', 'user_id': 5754696435}], 'channel_id': 1740231503, 'max_id': 33718, 'read_max_id': None}",2024-02-26T05:13:53+00:00,,,"{'_': 'MessageReactions', 'results': [{'_': 'ReactionCount', 'reaction': {'_': 'ReactionEmoji', 'emoticon': '👍'}, 'count': 23, 'chosen_order': None}, {'_': 'ReactionCount', 'reaction': {'_': 'ReactionEmoji', 'emoticon': '❤'}, 'count': 7, 'chosen_order': None}, {'_': 'ReactionCount', 'reaction': {'_': 'ReactionEmoji', 'emoticon': '🆒'}, 'count': 4, 'chosen_order': None}, {'_': 'ReactionCount', 'reaction': {'_': 'ReactionEmoji', 'emoticon': '🏆'}, 'count': 2, 'chosen_order': None}], 'min': False, 'can_see_list': False, 'reactions_as_tags': False, 'recent_reactions': []}",[],
piemods,https://t.me/piemods,3321,2024-02-26 10:51:56,"🔥Truecaller v13.58.5 [Gold]

ℹ️ Overview:
Call Blocker & Call Recorder: Block spam calls and texts with call screening

🅿️ Play Store:
com.truecaller

📝 Mod Info:
✪ Gold Features Unlocked 
✪ Multi Languages 
✪ CPUs: armeabi-v7a, arm64-v8a 
✪ Debug Info Removed

✪ Note:
- Drive Backup May Not Work
- Assistant Feature Won't Work

Amoled Version: Click Here",False,False,False,True,True,False,False,False,False,False,1709508402,,,,,,,,,23837,284,"{'_': 'MessageReplies', 'replies': 26, 'replies_pts': 53007, 'comments': True, 'recent_repliers': [{'_': 'PeerUser', 'user_id': 1202420478}, {'_': 'PeerUser', 'user_id': 5865222610}, {'_': 'PeerUser', 'user_id': 5312556258}], 'channel_id': 1740231503, 'max_id': 33561, 'read_max_id': None}",2024-02-26T11:01:45+00:00,,,"{'_': 'MessageReactions', 'results': [{'_': 'ReactionCount', 'reaction': {'_': 'ReactionEmoji', 'emoticon': '👍'}, 'count': 97, 'chosen_order': None}, {'_': 'ReactionCount', 'reaction': {'_': 'ReactionEmoji', 'emoticon': '❤'}, 'count': 17, 'chosen_order': None}, {'_': 'ReactionCount', 'reaction': {'_': 'ReactionEmoji', 'emoticon': '🔥'}, 'count': 6, 'chosen_order': None}, {'_': 'ReactionCount', 'reaction': {'_': 'ReactionEmoji', 'emoticon': '😍'}, 'count': 5, 'chosen_order': None}], 'min': False, 'can_see_list': False, 'reactions_as_tags': False, 'recent_reactions': []}",[],
piemods,https://t.me/piemods,3322,2024-02-27 21:52:00,"🔥Calm Sleep Tracker v0.202-54f94092 [Pro]

ℹ️ Overview:
Relax, Meditate, & Reduce Stress With Our Sounds, Sleep Tracker, & Sleep Therapy

🅿️ Play Store:
calm.sleep.headspace.relaxingsounds

📝 Mod Info:
✪ Pro Features Unlocked 
✪ Multi Languages 
✪ CPUs: universal 
✪ Debug Info Removed",False,False,False,True,True,False,False,True,False,False,1709508402,,,,,,,,,16241,19,"{'_': 'MessageReplies', 'replies': 0, 'replies_pts': 53007, 'comments': True, 'recent_repliers': [], 'channel_id': 1740231503, 'max_id': None, 'read_max_id': None}",2024-02-27T22:13:03+00:00,,,"{'_': 'MessageReactions', 'results': [{'_': 'ReactionCount', 'reaction': {'_': 'ReactionEmoji', 'emoticon': '👍'}, 'count': 13, 'chosen_order': None}], 'min': False, 'can_see_list': False, 'reactions_as_tags': False, 'recent_reactions': []}",[],
piemods,https://t.me/piemods,3323,2024-02-27 21:52:00,"🔥Music Editor <PERSON> [Pro]

ℹ️ Overview:
Music Editor & Ringtone Maker: Song editor, cut, edit music & sound. MP3 cutter

🅿️ Play Store:
com.fragileheart.mp3editor

📝 Mod Info:
✪ Pro Features Unlocked 
✪ Multi Languages 
✪ CPUs: universal 
✪ Debug Info Removed",False,False,False,True,True,False,False,True,False,False,1709508402,,,,,,,,,15717,26,"{'_': 'MessageReplies', 'replies': 0, 'replies_pts': 53007, 'comments': True, 'recent_repliers': [], 'channel_id': 1740231503, 'max_id': None, 'read_max_id': None}",2024-02-27T22:38:22+00:00,,,"{'_': 'MessageReactions', 'results': [{'_': 'ReactionCount', 'reaction': {'_': 'ReactionEmoji', 'emoticon': '👍'}, 'count': 16, 'chosen_order': None}], 'min': False, 'can_see_list': False, 'reactions_as_tags': False, 'recent_reactions': []}",[],
piemods,https://t.me/piemods,3324,2024-02-27 21:52:00,"🔥Lose It! v16.1.500 [Premium]

ℹ️ Overview:
Lose weight & reach your health goals with Lose It! diet app and food tracker!

🅿️ Play Store:
com.fitnow.loseit

📝 Mod Info:
✪ Premium Features Unlocked 
✪ Multi Languages 
✪ CPUs: universal 
✪ Debug Info Removed",False,False,False,True,True,False,False,True,False,False,1709508402,,,,,,,,,14734,18,"{'_': 'MessageReplies', 'replies': 0, 'replies_pts': 53007, 'comments': True, 'recent_repliers': [], 'channel_id': 1740231503, 'max_id': None, 'read_max_id': None}",2024-02-27T22:38:24+00:00,,,"{'_': 'MessageReactions', 'results': [{'_': 'ReactionCount', 'reaction': {'_': 'ReactionEmoji', 'emoticon': '👍'}, 'count': 14, 'chosen_order': None}], 'min': False, 'can_see_list': False, 'reactions_as_tags': False, 'recent_reactions': []}",[],
piemods,https://t.me/piemods,3326,2024-02-27 21:52:01,"🔥BitTorrent v8.2.0 [Pro]

ℹ️ Overview:
Find, download & stream torrents on your phone or tablet (official app)

🅿️ Play Store:
com.bittorrent.client

📝 Mod Info:
✪ Pro Features Unlocked 
✪ Multi Languages 
✪ CPUs: universal 
✪ Debug Info Removed",False,False,False,True,True,False,False,True,False,False,1709508402,,,,,,,,,17253,36,"{'_': 'MessageReplies', 'replies': 4, 'replies_pts': 53007, 'comments': True, 'recent_repliers': [{'_': 'PeerUser', 'user_id': 540000171}, {'_': 'PeerUser', 'user_id': 6221457860}], 'channel_id': 1740231503, 'max_id': 33742, 'read_max_id': None}",2024-02-27T22:38:28+00:00,,,"{'_': 'MessageReactions', 'results': [{'_': 'ReactionCount', 'reaction': {'_': 'ReactionEmoji', 'emoticon': '👍'}, 'count': 21, 'chosen_order': None}], 'min': False, 'can_see_list': False, 'reactions_as_tags': False, 'recent_reactions': []}",[],
piemods,https://t.me/piemods,3327,2024-02-27 21:52:06,"🔥Perfect Me v8.7.3 [VIP]

ℹ️ Overview:
Retouch photos and videos. Slim body shape, face tune & AI filter beauty makeup

🅿️ Play Store:
com.accordion.perfectme

📝 Mod Info:
✪ Vip Features Unlocked 
✪ Multi Languages 
✪ CPUs: armeabi-v7a, arm64-v8a 
✪ Debug Info Removed",False,False,False,True,True,False,False,True,False,False,1709508402,,,,,,,,,17995,37,"{'_': 'MessageReplies', 'replies': 0, 'replies_pts': 53007, 'comments': True, 'recent_repliers': [], 'channel_id': 1740231503, 'max_id': None, 'read_max_id': None}",2024-02-27T22:38:29+00:00,,,"{'_': 'MessageReactions', 'results': [{'_': 'ReactionCount', 'reaction': {'_': 'ReactionEmoji', 'emoticon': '👍'}, 'count': 13, 'chosen_order': None}, {'_': 'ReactionCount', 'reaction': {'_': 'ReactionEmoji', 'emoticon': '🔥'}, 'count': 1, 'chosen_order': None}, {'_': 'ReactionCount', 'reaction': {'_': 'ReactionEmoji', 'emoticon': '🆒'}, 'count': 1, 'chosen_order': None}], 'min': False, 'can_see_list': False, 'reactions_as_tags': False, 'recent_reactions': []}",[],
piemods,https://t.me/piemods,3328,2024-02-27 21:52:06,"🔥VivaVideo v9.14.6 [VIP]

ℹ️ Overview:
Easy-to-use editing app: add music, effect, transition, text, sticker, filter

🅿️ Play Store:
com.quvideo.xiaoying

📝 Mod Info:
✪ Vip Features Unlocked 
✪ Multi Languages 
✪ CPUs: armeabi-v7a, arm64-v8a 
✪ Debug Info Removed",False,False,False,True,True,False,False,True,False,False,1709508402,,,,,,,,,18227,60,"{'_': 'MessageReplies', 'replies': 1, 'replies_pts': 53007, 'comments': True, 'recent_repliers': [{'_': 'PeerUser', 'user_id': 1110908704}], 'channel_id': 1740231503, 'max_id': 33545, 'read_max_id': None}",2024-02-27T22:38:31+00:00,,,"{'_': 'MessageReactions', 'results': [{'_': 'ReactionCount', 'reaction': {'_': 'ReactionEmoji', 'emoticon': '👍'}, 'count': 41, 'chosen_order': None}, {'_': 'ReactionCount', 'reaction': {'_': 'ReactionEmoji', 'emoticon': '❤'}, 'count': 2, 'chosen_order': None}, {'_': 'ReactionCount', 'reaction': {'_': 'ReactionEmoji', 'emoticon': '🙏'}, 'count': 2, 'chosen_order': None}], 'min': False, 'can_see_list': False, 'reactions_as_tags': False, 'recent_reactions': []}",[],
piemods,https://t.me/piemods,3329,2024-02-28 21:42:00,"🔥Postwizz v67.0 [Pro]

ℹ️ Overview:
Create & schedule social media posts with post maker. Simplify Your Marketing.

🅿️ Play Store:
com.bg.socialcardmaker

📝 Mod Info:
✪ Pro Features Unlocked 
✪ Multi Languages 
✪ CPUs: universal 
✪ Debug Info Removed",False,False,False,True,True,False,False,True,False,False,1709508402,,,,,,,,,13703,31,"{'_': 'MessageReplies', 'replies': 0, 'replies_pts': 53007, 'comments': True, 'recent_repliers': [], 'channel_id': 1740231503, 'max_id': None, 'read_max_id': None}",2024-02-28T21:42:51+00:00,,,"{'_': 'MessageReactions', 'results': [{'_': 'ReactionCount', 'reaction': {'_': 'ReactionEmoji', 'emoticon': '👍'}, 'count': 12, 'chosen_order': None}], 'min': False, 'can_see_list': False, 'reactions_as_tags': False, 'recent_reactions': []}",[],
piemods,https://t.me/piemods,3330,2024-02-28 21:42:00,"🔥QR & Barcode Scanner v3.2.0 [Pro]

ℹ️ Overview:
QR Code Reader & barcode scanner app to scan product & custom QR code generator.

🅿️ Play Store:
com.trustedapp.qrcodebarcode

📝 Mod Info:
✪ Pro Features Unlocked 
✪ Multi Languages 
✪ CPUs: universal 
✪ Debug Info Removed",False,False,False,True,True,False,False,True,False,False,1709508402,,,,,,,,,13262,24,"{'_': 'MessageReplies', 'replies': 0, 'replies_pts': 53007, 'comments': True, 'recent_repliers': [], 'channel_id': 1740231503, 'max_id': None, 'read_max_id': None}",2024-02-28T21:42:52+00:00,,,"{'_': 'MessageReactions', 'results': [{'_': 'ReactionCount', 'reaction': {'_': 'ReactionEmoji', 'emoticon': '👍'}, 'count': 9, 'chosen_order': None}, {'_': 'ReactionCount', 'reaction': {'_': 'ReactionEmoji', 'emoticon': '🔥'}, 'count': 1, 'chosen_order': None}], 'min': False, 'can_see_list': False, 'reactions_as_tags': False, 'recent_reactions': []}",[],
piemods,https://t.me/piemods,3331,2024-02-28 21:42:01,"🔥Vizio Remote v9.3.76 [Pro]

ℹ️ Overview:
 A TV remote for Vizio SmartCast with fluid control and intuitive navigation

🅿️ Play Store:
com.osfunapps.remoteforvizio

📝 Mod Info:
✪ Pro Features Unlocked 
✪ Multi Languages 
✪ CPUs: armeabi-v7a, arm64-v8a 
✪ Debug Info Removed",False,False,False,True,True,False,False,True,False,False,1709508402,,,,,,,,,11787,11,"{'_': 'MessageReplies', 'replies': 0, 'replies_pts': 53007, 'comments': True, 'recent_repliers': [], 'channel_id': 1740231503, 'max_id': None, 'read_max_id': None}",2024-02-28T21:42:53+00:00,,,"{'_': 'MessageReactions', 'results': [{'_': 'ReactionCount', 'reaction': {'_': 'ReactionEmoji', 'emoticon': '👍'}, 'count': 14, 'chosen_order': None}], 'min': False, 'can_see_list': False, 'reactions_as_tags': False, 'recent_reactions': []}",[],
piemods,https://t.me/piemods,3332,2024-02-28 21:42:01,"<PERSON>Premium]

ℹ️ Overview:
A comprehensive productivity tool designed to streamline and organize your life

🅿️ Play Store:
com.ticktick.task

📝 Mod Info:
✪ Premium Features Unlocked 
✪ Multi Languages 
✪ CPUs: arm64-v8a 
✪ Debug Info Removed",False,False,False,True,True,False,False,True,False,False,1709508402,,,,,,,,,11688,21,"{'_': 'MessageReplies', 'replies': 2, 'replies_pts': 53007, 'comments': True, 'recent_repliers': [{'_': 'PeerUser', 'user_id': 873310368}, {'_': 'PeerUser', 'user_id': 1938469727}], 'channel_id': 1740231503, 'max_id': 33713, 'read_max_id': None}",2024-02-28T21:42:55+00:00,,,"{'_': 'MessageReactions', 'results': [{'_': 'ReactionCount', 'reaction': {'_': 'ReactionEmoji', 'emoticon': '👍'}, 'count': 19, 'chosen_order': None}], 'min': False, 'can_see_list': False, 'reactions_as_tags': False, 'recent_reactions': []}",[],
piemods,https://t.me/piemods,3333,2024-02-28 21:42:02,"🔥SODA v7.4.10 [VIP]

ℹ️ Overview:
the easy and simple beauty camera

🅿️ Play Store:
com.snowcorp.soda.android

📝 Mod Info:
✪ Vip Features Unlocked 
✪ Multi Languages 
✪ CPUs: armeabi-v7a, arm64-v8a 
✪ Debug Info Removed",False,False,False,True,True,False,False,True,False,False,1709508402,,,,,,,,,11578,16,"{'_': 'MessageReplies', 'replies': 0, 'replies_pts': 0, 'comments': True, 'recent_repliers': [], 'channel_id': 777, 'max_id': None, 'read_max_id': None}",2024-02-28T21:42:56+00:00,,,"{'_': 'MessageReactions', 'results': [{'_': 'ReactionCount', 'reaction': {'_': 'ReactionEmoji', 'emoticon': '👍'}, 'count': 13, 'chosen_order': None}, {'_': 'ReactionCount', 'reaction': {'_': 'ReactionEmoji', 'emoticon': '❤'}, 'count': 2, 'chosen_order': None}, {'_': 'ReactionCount', 'reaction': {'_': 'ReactionEmoji', 'emoticon': '🔥'}, 'count': 1, 'chosen_order': None}], 'min': False, 'can_see_list': False, 'reactions_as_tags': False, 'recent_reactions': []}",[],
piemods,https://t.me/piemods,3334,2024-02-28 21:42:05,"🔥Vidmix v2.35.465 [VIP]

ℹ️ Overview:
AI image generator, Master music video maker with effect & photo & AI painting

🅿️ Play Store:
com.vidmix.music.maker

📝 Mod Info:
✪ Vip Features Unlocked 
✪ Multi Languages 
✪ CPUs: armeabi-v7a, arm64-v8a 
✪ Debug Info Removed",False,False,False,True,True,False,False,True,False,False,1709508402,,,,,,,,,14589,33,"{'_': 'MessageReplies', 'replies': 0, 'replies_pts': 53007, 'comments': True, 'recent_repliers': [], 'channel_id': 1740231503, 'max_id': None, 'read_max_id': None}",2024-02-28T21:42:57+00:00,,,"{'_': 'MessageReactions', 'results': [{'_': 'ReactionCount', 'reaction': {'_': 'ReactionEmoji', 'emoticon': '👍'}, 'count': 14, 'chosen_order': None}, {'_': 'ReactionCount', 'reaction': {'_': 'ReactionEmoji', 'emoticon': '❤'}, 'count': 1, 'chosen_order': None}], 'min': False, 'can_see_list': False, 'reactions_as_tags': False, 'recent_reactions': []}",[],
piemods,https://t.me/piemods,3335,2024-02-28 21:42:06,"🔥EPIK v4.3.33 [Premium]

ℹ️ Overview:
All-In-One editor for retouching, adjusting, decorating photo and video Editor

🅿️ Play Store:
com.snowcorp.epik

📝 Mod Info:
✪ Premium Features Unlocked 
✪ Multi Languages 
✪ CPUs: armeabi-v7a, arm64-v8a 
✪ Debug Info Removed",False,False,False,True,True,False,False,True,False,False,1709508402,,,,,,,,,15006,56,"{'_': 'MessageReplies', 'replies': 2, 'replies_pts': 53007, 'comments': True, 'recent_repliers': [{'_': 'PeerUser', 'user_id': 323953812}, {'_': 'PeerUser', 'user_id': 403700395}], 'channel_id': 1740231503, 'max_id': 33622, 'read_max_id': None}",2024-02-28T21:42:59+00:00,,,"{'_': 'MessageReactions', 'results': [{'_': 'ReactionCount', 'reaction': {'_': 'ReactionEmoji', 'emoticon': '👍'}, 'count': 22, 'chosen_order': None}], 'min': False, 'can_see_list': False, 'reactions_as_tags': False, 'recent_reactions': []}",[],
piemods,https://t.me/piemods,3336,2024-02-28 21:42:06,"🔥Dictionary v27.5.0 [Premium]

ℹ️ Overview:
Get trusted definitions, thesaurus and pronunciations

🅿️ Play Store:
com.bravolol.bravolang.englishchinesecdictionary

📝 Mod Info:
✪ Premium Features Unlocked 
✪ Multi Languages 
✪ CPUs: universal 
✪ Debug Info Removed",False,False,False,True,True,False,False,True,False,False,1709508402,,,,,,,,,16003,43,"{'_': 'MessageReplies', 'replies': 1, 'replies_pts': 53007, 'comments': True, 'recent_repliers': [{'_': 'PeerUser', 'user_id': 330072054}], 'channel_id': 1740231503, 'max_id': 33613, 'read_max_id': None}",2024-02-28T21:43:00+00:00,,,"{'_': 'MessageReactions', 'results': [{'_': 'ReactionCount', 'reaction': {'_': 'ReactionEmoji', 'emoticon': '👍'}, 'count': 14, 'chosen_order': None}, {'_': 'ReactionCount', 'reaction': {'_': 'ReactionEmoji', 'emoticon': '❤'}, 'count': 4, 'chosen_order': None}], 'min': False, 'can_see_list': False, 'reactions_as_tags': False, 'recent_reactions': []}",[],
piemods,https://t.me/piemods,3337,2024-02-28 21:42:06,"🔥Adobe Photoshop Express v12.8.317 [Premium]

ℹ️ Overview:
Using retouch, object removal and more, transform photos with Photoshop Express.

🅿️ Play Store:
com.adobe.psmobile

📝 Mod Info:
✪ Premium Features Unlocked 
✪ Multi Languages 
✪ CPUs: armeabi-v7a, arm64-v8a 
✪ Debug Info Removed",False,False,False,True,True,False,False,True,False,False,1709508402,,,,,,,,,16504,98,"{'_': 'MessageReplies', 'replies': 9, 'replies_pts': 53007, 'comments': True, 'recent_repliers': [{'_': 'PeerUser', 'user_id': 133120485}, {'_': 'PeerUser', 'user_id': 6722316043}, {'_': 'PeerUser', 'user_id': 5619134936}], 'channel_id': 1740231503, 'max_id': 33698, 'read_max_id': None}",2024-02-28T21:43:02+00:00,,,"{'_': 'MessageReactions', 'results': [{'_': 'ReactionCount', 'reaction': {'_': 'ReactionEmoji', 'emoticon': '👍'}, 'count': 38, 'chosen_order': None}, {'_': 'ReactionCount', 'reaction': {'_': 'ReactionEmoji', 'emoticon': '❤'}, 'count': 7, 'chosen_order': None}], 'min': False, 'can_see_list': False, 'reactions_as_tags': False, 'recent_reactions': []}",[],
piemods,https://t.me/piemods,3338,2024-02-29 21:49:00,"🔥Pelicut v2.0.7 [VIP]

ℹ️ Overview:
Pelicut video maker with song, add background music to video album, photo to MV

🅿️ Play Store:
songs.music.images.videomaker

📝 Mod Info:
✪ Vip Features Unlocked 
✪ Multi Languages 
✪ CPUs: armeabi-v7a, arm64-v8a 
✪ Debug Info Removed",False,False,False,True,True,False,False,True,False,False,1709508402,,,,,,,,,10494,30,"{'_': 'MessageReplies', 'replies': 1, 'replies_pts': 53007, 'comments': True, 'recent_repliers': [{'_': 'PeerUser', 'user_id': 5166702545}], 'channel_id': 1740231503, 'max_id': 33720, 'read_max_id': None}",2024-02-29T22:05:21+00:00,,,"{'_': 'MessageReactions', 'results': [{'_': 'ReactionCount', 'reaction': {'_': 'ReactionEmoji', 'emoticon': '👍'}, 'count': 16, 'chosen_order': None}], 'min': False, 'can_see_list': False, 'reactions_as_tags': False, 'recent_reactions': []}",[],
piemods,https://t.me/piemods,3339,2024-02-29 21:49:00,"🔥<DATE_TIME> Before vv4.3.29 [Premium]

ℹ️ Overview:
A date counting app that helps you not to miss your precious moments!

🅿️ Play Store:
com.aboutjsp.thedaybefore

📝 Mod Info:
✪ Premium Features Unlocked 
✪ Multi Languages 
✪ CPUs: armeabi-v7a, arm64-v8a 
✪ Debug Info Removed",False,False,False,True,True,False,False,True,False,False,1709508402,,,,,,,,,10880,17,"{'_': 'MessageReplies', 'replies': 0, 'replies_pts': 53007, 'comments': True, 'recent_repliers': [], 'channel_id': 1740231503, 'max_id': None, 'read_max_id': None}",2024-02-29T21:57:57+00:00,,,"{'_': 'MessageReactions', 'results': [{'_': 'ReactionCount', 'reaction': {'_': 'ReactionEmoji', 'emoticon': '👍'}, 'count': 13, 'chosen_order': None}, {'_': 'ReactionCount', 'reaction': {'_': 'ReactionEmoji', 'emoticon': '🔥'}, 'count': 1, 'chosen_order': None}], 'min': False, 'can_see_list': False, 'reactions_as_tags': False, 'recent_reactions': []}",[],
piemods,https://t.me/piemods,3340,2024-02-29 21:49:00,"🔥WeNote v5.70 [Premium]

ℹ️ Overview:
Simple notepad & memo. Take notes, shopping list, to-do list, calendar, reminder

🅿️ Play Store:
com.yocto.wenote

📝 Mod Info:
✪ Premium Features Unlocked 
✪ Multi Languages 
✪ CPUs: armeabi-v7a, arm64-v8a 
✪ Debug Info Removed",False,False,False,True,True,False,False,True,False,False,1709508402,,,,,,,,,9308,18,"{'_': 'MessageReplies', 'replies': 0, 'replies_pts': 53007, 'comments': True, 'recent_repliers': [], 'channel_id': 1740231503, 'max_id': None, 'read_max_id': None}",2024-02-29T21:57:37+00:00,,,"{'_': 'MessageReactions', 'results': [{'_': 'ReactionCount', 'reaction': {'_': 'ReactionEmoji', 'emoticon': '👍'}, 'count': 13, 'chosen_order': None}, {'_': 'ReactionCount', 'reaction': {'_': 'ReactionEmoji', 'emoticon': '🔥'}, 'count': 1, 'chosen_order': None}], 'min': False, 'can_see_list': False, 'reactions_as_tags': False, 'recent_reactions': []}",[],
piemods,https://t.me/piemods,3341,2024-02-29 21:49:00,"🔥Fonts Aa v18.4.4.1 [Premium]

ℹ️ Overview:
Discover unique font styles and emoji keyboard! Use stylish text and cool fonts!

🅿️ Play Store:
com.neupanedinesh.fonts.fontskeyboard

📝 Mod Info:
✪ Premium Features Unlocked 
✪ Multi Languages 
✪ CPUs: universal 
✪ Debug Info Removed",False,False,False,True,True,False,False,True,False,False,1709508402,,,,,,,,,9495,43,"{'_': 'MessageReplies', 'replies': 0, 'replies_pts': 53007, 'comments': True, 'recent_repliers': [], 'channel_id': 1740231503, 'max_id': None, 'read_max_id': None}",2024-02-29T21:53:46+00:00,,,"{'_': 'MessageReactions', 'results': [{'_': 'ReactionCount', 'reaction': {'_': 'ReactionEmoji', 'emoticon': '👍'}, 'count': 18, 'chosen_order': None}, {'_': 'ReactionCount', 'reaction': {'_': 'ReactionEmoji', 'emoticon': '😍'}, 'count': 1, 'chosen_order': None}], 'min': False, 'can_see_list': False, 'reactions_as_tags': False, 'recent_reactions': []}",[],
piemods,https://t.me/piemods,3342,2024-02-29 21:49:01,"🔥Highlight Cover v8.3.13.1 [Pro]

ℹ️ Overview:
Spark up your Insta Highlight Cover with StoryLight Highlight Cover Maker

🅿️ Play Store:
com.highlight.cover.maker.for.instagram.story.creator.storylight

📝 Mod Info:
✪ Pro Features Unlocked 
✪ Multi Languages 
✪ CPUs: universal 
✪ Debug Info Removed",False,False,False,True,True,False,False,True,False,False,1709508402,,,,,,,,,11053,24,"{'_': 'MessageReplies', 'replies': 0, 'replies_pts': 53007, 'comments': True, 'recent_repliers': [], 'channel_id': 1740231503, 'max_id': None, 'read_max_id': None}",2024-02-29T21:50:02+00:00,,,"{'_': 'MessageReactions', 'results': [{'_': 'ReactionCount', 'reaction': {'_': 'ReactionEmoji', 'emoticon': '👍'}, 'count': 10, 'chosen_order': None}, {'_': 'ReactionCount', 'reaction': {'_': 'ReactionEmoji', 'emoticon': '👏'}, 'count': 1, 'chosen_order': None}], 'min': False, 'can_see_list': False, 'reactions_as_tags': False, 'recent_reactions': []}",[],
piemods,https://t.me/piemods,3343,2024-02-29 21:49:05,"🔥SNOW v13.0.11 [VIP]

ℹ️ Overview:
Make every moment special with SNOW

🅿️ Play Store:
com.campmobile.snow

📝 Mod Info:
✪ Vip Features Unlocked 
✪ Multi Languages 
✪ CPUs: armeabi-v7a, arm64-v8a 
✪ Debug Info Removed",False,False,False,True,True,False,False,True,False,False,1709508402,,,,,,,,,12493,21,"{'_': 'MessageReplies', 'replies': 1, 'replies_pts': 53007, 'comments': True, 'recent_repliers': [{'_': 'PeerUser', 'user_id': 773895547}], 'channel_id': 1740231503, 'max_id': 33735, 'read_max_id': None}",2024-02-29T21:50:06+00:00,,,"{'_': 'MessageReactions', 'results': [{'_': 'ReactionCount', 'reaction': {'_': 'ReactionEmoji', 'emoticon': '👍'}, 'count': 13, 'chosen_order': None}, {'_': 'ReactionCount', 'reaction': {'_': 'ReactionEmoji', 'emoticon': '❤'}, 'count': 2, 'chosen_order': None}, {'_': 'ReactionCount', 'reaction': {'_': 'ReactionEmoji', 'emoticon': '🔥'}, 'count': 1, 'chosen_order': None}, {'_': 'ReactionCount', 'reaction': {'_': 'ReactionEmoji', 'emoticon': '👏'}, 'count': 1, 'chosen_order': None}], 'min': False, 'can_see_list': False, 'reactions_as_tags': False, 'recent_reactions': []}",[],
piemods,https://t.me/piemods,3344,2024-02-29 21:49:05,"<PERSON>Premium]

ℹ️ Overview:
AI picture editor, 3d photo, headshot and background generator, text to image

🅿️ Play Store:
com.lightricks.photoleap

📝 Mod Info:
✪ Premium Features Unlocked 
✪ Multi Languages 
✪ CPUs: universal 
✪ Debug Info Removed",False,False,False,True,True,False,False,True,False,False,1709508402,,,,,,,,,14021,61,"{'_': 'MessageReplies', 'replies': 5, 'replies_pts': 53007, 'comments': True, 'recent_repliers': [{'_': 'PeerUser', 'user_id': 6815298050}, {'_': 'PeerUser', 'user_id': 5318757500}, {'_': 'PeerUser', 'user_id': 1109292656}], 'channel_id': 1740231503, 'max_id': 33777, 'read_max_id': None}",2024-02-29T21:50:10+00:00,,,"{'_': 'MessageReactions', 'results': [{'_': 'ReactionCount', 'reaction': {'_': 'ReactionEmoji', 'emoticon': '👍'}, 'count': 23, 'chosen_order': None}, {'_': 'ReactionCount', 'reaction': {'_': 'ReactionEmoji', 'emoticon': '👏'}, 'count': 3, 'chosen_order': None}], 'min': False, 'can_see_list': False, 'reactions_as_tags': False, 'recent_reactions': []}",[],
piemods,https://t.me/piemods,3345,2024-02-29 21:49:06,"🔥 Word Office v300319 [Premium]

ℹ️ Overview:
Word Office Reader, Viewer & Editor - PDF, DOC, XLS, PPT, All Document Reader

🅿️ Play Store:
com.officedocument.word.docx.document.viewer

📝 Mod Info:
✪ Premium Features Unlocked 
✪ Multi Languages 
✪ CPUs: universal 
✪ Debug Info Removed",False,False,False,True,True,False,False,True,False,False,1709508402,,,,,,,,,14771,46,"{'_': 'MessageReplies', 'replies': 4, 'replies_pts': 53007, 'comments': True, 'recent_repliers': [{'_': 'PeerUser', 'user_id': 849016416}, {'_': 'PeerUser', 'user_id': 1416374399}], 'channel_id': 1740231503, 'max_id': 33756, 'read_max_id': None}",2024-02-29T21:50:14+00:00,,,"{'_': 'MessageReactions', 'results': [{'_': 'ReactionCount', 'reaction': {'_': 'ReactionEmoji', 'emoticon': '👍'}, 'count': 39, 'chosen_order': None}, {'_': 'ReactionCount', 'reaction': {'_': 'ReactionEmoji', 'emoticon': '❤'}, 'count': 2, 'chosen_order': None}, {'_': 'ReactionCount', 'reaction': {'_': 'ReactionEmoji', 'emoticon': '🔥'}, 'count': 2, 'chosen_order': None}, {'_': 'ReactionCount', 'reaction': {'_': 'ReactionEmoji', 'emoticon': '👏'}, 'count': 2, 'chosen_order': None}, {'_': 'ReactionCount', 'reaction': {'_': 'ReactionEmoji', 'emoticon': '🙏'}, 'count': 1, 'chosen_order': None}], 'min': False, 'can_see_list': False, 'reactions_as_tags': False, 'recent_reactions': []}",[],
piemods,https://t.me/piemods,3346,2024-03-01 14:30:06,"#Ad
✅YouCine - v1.11.0 [AD-FREE]<NRP>

💲No paid subscription is required to access the channel's live content. Series and movies, sports, hot content 😍and much more... it's all there.

🔗Link to download👇👇👇
https://app.youcine.vip/app/signyoucinemobile_pie-group.apk

🚫No ads
<NRP>Unlimited free content
🚫Secure and virus-free
<NRP>Exclusive live streaming content

📥Link to download👇👇👇
https://app.youcine.vip/app/cinetv_pie-group.apk 

📺Including Star+, Prime video, Netflix, HBO MAX, Disney+...",False,False,False,True,True,False,False,True,False,False,1709508402,,,,,,,5.12065755776822e+18,,9018,14,"{'_': 'MessageReplies', 'replies': 0, 'replies_pts': 0, 'comments': True, 'recent_repliers': [], 'channel_id': 777, 'max_id': None, 'read_max_id': None}",2024-03-01T14:30:39+00:00,,,"{'_': 'MessageReactions', 'results': [{'_': 'ReactionCount', 'reaction': {'_': 'ReactionEmoji', 'emoticon': '👍'}, 'count': 43, 'chosen_order': None}, {'_': 'ReactionCount', 'reaction': {'_': 'ReactionEmoji', 'emoticon': '❤'}, 'count': 4, 'chosen_order': None}, {'_': 'ReactionCount', 'reaction': {'_': 'ReactionEmoji', 'emoticon': '🙏'}, 'count': 4, 'chosen_order': None}], 'min': False, 'can_see_list': False, 'reactions_as_tags': False, 'recent_reactions': []}",[],
