Channel ID,URL,Post ID,date,message,out,mentioned,media_unread,silent,post,from_scheduled,legacy,edit_hide,pinned,noforwards,peer_channel,from_id_user,fwd_from,via_bot_id,reply_to_msg_id,reply_to_scheduled,forum_topic,media_photo_id,reply_markup,views,forwards,replies,edit_date,post_author,grouped_id,reactions,restriction_reason,ttl_period
premiumappslibrary,https://t.me/premiumappslibrary,6540,2024-02-05 10:37:02,"🔥Flo v9.43.1 [Premium]

ℹ️ Overview:
Ovulation, period & pregnancy tracker. Birth control pill & menstrual reminder.

🅿️ Play Store:
org.iggymedia.periodtracker

📝 Mod Info:
✪ Premium Features Unlocked 
✪ Multi Languages 
✪ CPUs: universal 
✪ Debug Info Removed",False,False,False,False,True,False,False,False,False,False,1227119708,,,,,,,,,193,1,,,Antor °-°,,,[],
premiumappslibrary,https://t.me/premiumappslibrary,6541,2024-02-05 10:37:37,"🔥iSyncr v7.0.4 [Premium]

ℹ️ Overview:
Sync music from iTunes to Android so you can take your iTunes music on the go!

🅿️ Play Store:
iTunes.Sync.Android

📝 Mod Info:
✪ Premium Features Unlocked 
✪ Multi Languages 
✪ CPUs: armeabi-v7a, arm64-v8a 
✪ Debug Info Removed",False,False,False,False,True,False,False,False,False,False,1227119708,,,,,,,,,204,0,,,Antor °-°,,,[],
premiumappslibrary,https://t.me/premiumappslibrary,6542,2024-02-05 10:37:42,"🔥Avast Secure Browser v7.7.8 [Premium]

ℹ️ Overview:
Secure and private browser with built-in VPN and AdBlock for faster browsing.

🅿️ Play Store:
com.avast.android.secure.browser

📝 Mod Info:
✪ Premium Features Unlocked 
✪ Multi Languages 
✪ CPUs: armeabi-v7a, arm64-v8a 
✪ Debug Info Removed",False,False,False,False,True,False,False,True,False,False,1227119708,,,,,,,,,218,2,,2024-02-16T08:38:44+00:00,Antor °-°,,"{'_': 'MessageReactions', 'results': [{'_': 'ReactionCount', 'reaction': {'_': 'ReactionEmoji', 'emoticon': '👍'}, 'count': 1, 'chosen_order': None}], 'min': False, 'can_see_list': False, 'reactions_as_tags': False, 'recent_reactions': []}",[],
premiumappslibrary,https://t.me/premiumappslibrary,6543,2024-02-05 10:37:47,"🔥TestMaker v8.4.5 [Pro]

ℹ️ Overview:
Trying to easily study to create a just a matter of collection of your own!

🅿️ Play Store:
jp.gr.java_conf.foobar.testmaker.service

📝 Mod Info:
✪ Pro Features Unlocked 
✪ Multi Languages 
✪ CPUs: universal 
✪ Debug Info Removed",False,False,False,False,True,False,False,False,False,False,1227119708,,,,,,,,,204,0,,,Antor °-°,,,[],
premiumappslibrary,https://t.me/premiumappslibrary,6544,2024-02-05 10:38:03,"🔥Vieka v2.8.1 [Pro]

ℹ️ Overview:
Special effects templates, transition editor, video editing app, edit programlan

🅿️ Play Store:
com.prime.story.android

📝 Mod Info:
✪ Pro Features Unlocked 
✪ Multi Languages 
✪ CPUs: armeabi-v7a, arm64-v8a 
✪ Debug Info Removed",False,False,False,False,True,False,False,False,False,False,1227119708,,,,,,,,,158,0,,,Antor °-°,,,[],
premiumappslibrary,https://t.me/premiumappslibrary,6545,2024-02-05 10:38:31,"🔥Q Launcher v11.4 [Pro]

ℹ️ Overview:
Q Launcher is Android™12 launcher & Home replacement, Android 12 style features

🅿️ Play Store:
com.launcher.plauncher

📝 Mod Info:
✪ Pro Features Unlocked 
✪ Multi Languages 
✪ CPUs: arm64-v8a 
✪ Debug Info Removed",False,False,False,False,True,False,False,False,False,False,1227119708,,,,,,,,,143,0,,,Antor °-°,,,[],
premiumappslibrary,https://t.me/premiumappslibrary,6546,2024-02-05 10:38:38,"🔥O Launcher v12.0 [Pro]

ℹ️ Overview:
O Launcher, enhanced launcher for Android Oreo™, Android R launcher; Cool launch

🅿️ Play Store:
com.launcher.oreo

📝 Mod Info:
✪ Pro Features Unlocked 
✪ Multi Languages 
✪ CPUs: arm64-v8a 
✪ Debug Info Removed",False,False,False,False,True,False,False,False,False,False,1227119708,,,,,,,,,140,0,,,Antor °-°,,,[],
premiumappslibrary,https://t.me/premiumappslibrary,6547,2024-02-05 10:38:43,"🔥Creative Launcher v8.4 [Premium]

ℹ️ Overview:
Creative Launcher is a unique launcher with innovative features; Quick & smart

🅿️ Play Store:
com.model.creative.launcher

📝 Mod Info:
✪ Premium Features Unlocked 
✪ Multi Languages 
✪ CPUs: arm64-v8a 
✪ Debug Info Removed",False,False,False,False,True,False,False,False,False,False,1227119708,,,,,,,,,140,0,,,Antor °-°,,,[],
premiumappslibrary,https://t.me/premiumappslibrary,6548,2024-02-05 10:38:48,"🔥Video Maker v1.514.150 [Pro]

ℹ️ Overview:
Pro video editor app for full screen, edit video with song, AI, effect & slowmo.

🅿️ Play Store:
videoeditor.videomaker.videoeditorforyoutube

📝 Mod Info:
✪ Pro Features Unlocked 
✪ Multi Languages 
✪ CPUs: armeabi-v7a, arm64-v8a 
✪ Debug Info Removed",False,False,False,False,True,False,False,False,False,False,1227119708,,,,,,,,,156,0,,,Antor °-°,,,[],
premiumappslibrary,https://t.me/premiumappslibrary,6549,2024-02-05 10:38:53,"🔥SODA v7.3.7 [VIP]

ℹ️ Overview:
the easy and simple beauty camera

🅿️ Play Store:
com.snowcorp.soda.android

📝 Mod Info:
✪ Vip Features Unlocked 
✪ Multi Languages 
✪ CPUs: armeabi-v7a, arm64-v8a 
✪ Debug Info Removed",False,False,False,False,True,False,False,False,False,False,1227119708,,,,,,,,,145,0,,,Antor °-°,,,[],
premiumappslibrary,https://t.me/premiumappslibrary,6550,2024-02-05 10:39:17,"🔥Mint v5.5.2 [Subscribed]

ℹ️ Overview:
Stay ahead in Stock Market with Mint's Share Market India App - NSE, BSE, Sensex

🅿️ Play Store:
com.htmedia.mint

📝 Mod Info:
✪ Subscribed Features Unlocked 
✪ Multi Languages 
✪ CPUs: universal 
✪ Debug Info Removed",False,False,False,False,True,False,False,False,False,False,1227119708,,,,,,,,,146,0,,,Antor °-°,,,[],
premiumappslibrary,https://t.me/premiumappslibrary,6551,2024-02-05 10:39:22,"🔥Mockitup v3.7.0 [Premium]

ℹ️ Overview:
3D mockup creator for t shirt, mug & phone case design. Make logos and remove BG

🅿️ Play Store:
com.accordion.mockup

📝 Mod Info:
✪ Premium Features Unlocked 
✪ Multi Languages 
✪ CPUs: armeabi-v7a, arm64-v8a 
✪ Debug Info Removed",False,False,False,False,True,False,False,False,False,False,1227119708,,,,,,,,,166,0,,,Antor °-°,,,[],
premiumappslibrary,https://t.me/premiumappslibrary,6552,2024-02-05 10:39:27,"🔥InVideo(Filmr) v1.88 [Pro]

ℹ️ Overview:
Edit Videos & Photos easily. Add Filters, Transitions and Music

🅿️ Play Store:
com.filmrapp.videoeditor

📝 Mod Info:
✪ Pro Features Unlocked 
✪ Multi Languages 
✪ CPUs: universal 
✪ Debug Info Removed",False,False,False,False,True,False,False,False,False,False,1227119708,,,,,,,,,168,0,,,Antor °-°,,,[],
premiumappslibrary,https://t.me/premiumappslibrary,6553,2024-02-05 10:39:46,"🔥Rap Fame v3.23.0 [Premium]

ℹ️ Overview:
Recording studio w/ 10k beats, pro vocal FX and a network of 20M rappers & fans!

🅿️ Play Store:
com.komspek.battleme

📝 Mod Info:
✪ Premium Features Unlocked 
✪ Multi Languages 
✪ CPUs: universal 
✪ Debug Info Removed",False,False,False,False,True,False,False,False,False,False,1227119708,,,,,,,,,167,0,,,Antor °-°,,,[],
premiumappslibrary,https://t.me/premiumappslibrary,6554,2024-02-05 10:39:50,"🔥AutoResponder for VB v3.5.5 [Premium]

ℹ️ Overview:
Automatically reply to any Viber messages.

🅿️ Play Store:
tkstudio.autoresponderforviber

📝 Mod Info:
✪ Premium Features Unlocked 
✪ Multi Languages 
✪ CPUs: armeabi-v7a, arm64-v8a 
✪ Debug Info Removed",False,False,False,False,True,False,False,False,False,False,1227119708,,,,,,,,,155,0,,,Antor °-°,,,[],
premiumappslibrary,https://t.me/premiumappslibrary,6555,2024-02-05 10:40:31,"🔥AutoResponder for VB v3.5.5 [Premium]

ℹ️ Overview:
Automatically reply to any Viber messages.

🅿️ Play Store:
tkstudio.autoresponderforviber

📝 Mod Info:
✪ Premium Features Unlocked 
✪ Multi Languages 
✪ CPUs: armeabi-v7a, arm64-v8a 
✪ Debug Info Removed",False,False,False,False,True,False,False,False,False,False,1227119708,,,,,,,,,154,0,,,Antor °-°,,,[],
premiumappslibrary,https://t.me/premiumappslibrary,6556,2024-02-05 10:40:40,"🔥AutoResponder for SGNL v3.5.5 [Premium]

ℹ️ Overview:
Automatically reply to any Signal messages.

🅿️ Play Store:
tkstudio.autoresponderforsignal

📝 Mod Info:
✪ Premium Features Unlocked 
✪ Multi Languages 
✪ CPUs: armeabi-v7a, arm64-v8a 
✪ Debug Info Removed",False,False,False,False,True,False,False,False,False,False,1227119708,,,,,,,,,147,0,,,Antor °-°,,,[],
premiumappslibrary,https://t.me/premiumappslibrary,6557,2024-02-05 10:40:48,"🔥Facts v4.46.2 [Premium]

ℹ️ Overview:
Knowledge is power: Learn <DATE_TIME> interesting facts.

🅿️ Play Store:
com.hrd.facts

📝 Mod Info:
✪ Premium Features Unlocked 
✪ Multi Languages 
✪ CPUs: universal 
✪ Debug Info Removed",False,False,False,False,True,False,False,False,False,False,1227119708,,,,,,,,,148,0,,,Antor °-°,,,[],
premiumappslibrary,https://t.me/premiumappslibrary,6559,2024-02-05 10:41:52,"🔥<NRP> v8.4.6 [Pro]

ℹ️ Overview:
Trying to easily study to create a just a matter of collection of your own!

🅿️ Play Store:
jp.gr.java_conf.foobar.testmaker.service

📝 Mod Info:
✪ Pro Features Unlocked 
✪ Multi Languages 
✪ CPUs: universal 
✪ Debug Info Removed",False,False,False,False,True,False,False,False,False,False,1227119708,,,,,,,,,147,0,,,Antor °-°,,,[],
premiumappslibrary,https://t.me/premiumappslibrary,6560,2024-02-05 10:42:00,"🔥<DATE_TIME> Before vv4.3.25 [Premium]

ℹ️ Overview:
A date counting app that helps you not to miss your precious moments!

🅿️ Play Store:
com.aboutjsp.thedaybefore

📝 Mod Info:
✪ Premium Features Unlocked 
✪ Multi Languages 
✪ CPUs: armeabi-v7a, arm64-v8a 
✪ Debug Info Removed",False,False,False,False,True,False,False,False,False,False,1227119708,,,,,,,,,165,0,,,Antor °-°,,,[],
premiumappslibrary,https://t.me/premiumappslibrary,6561,2024-02-05 10:42:07,"🔥<PERSON> v3.3.2.1 [VIP]

ℹ️ Overview:
Use 5000+ Emojis,Custom keyboard,<PERSON>,Themes,Stickers,Gif with AI Keyboard!

🅿️ Play Store:
com.simejikeyboard

📝 Mod Info:
✪ Vip Features Unlocked 
✪ Multi Languages 
✪ CPUs: armeabi-v7a, arm64-v8a 
✪ Debug Info Removed",False,False,False,False,True,False,False,False,False,False,1227119708,,,,,,,,,154,0,,,Antor °-°,,,[],
premiumappslibrary,https://t.me/premiumappslibrary,6562,2024-02-05 10:42:13,"🔥Sight Sing v2024.7 [Premium]

ℹ️ Overview:
Solfege more enjoyable

🅿️ Play Store:
com.deeryard.android.sightsinging

📝 Mod Info:
✪ Premium Features Unlocked 
✪ Multi Languages 
✪ CPUs: universal 
✪ Debug Info Removed",False,False,False,False,True,False,False,False,False,False,1227119708,,,,,,,,,147,0,,,Antor °-°,,,[],
premiumappslibrary,https://t.me/premiumappslibrary,6563,2024-02-05 10:42:19,"🔥Note10 Launcher v9.1 [Premium]

ℹ️ Overview:
Note Launcher, a type of Galaxy Note9 | Note10 | Note20 launcher, many features

🅿️ Play Store:
launcher.launcher.note

📝 Mod Info:
✪ Premium Features Unlocked 
✪ Multi Languages 
✪ CPUs: arm64-v8a 
✪ Debug Info Removed",False,False,False,False,True,False,False,False,False,False,1227119708,,,,,,,,,160,0,,,Antor °-°,,,[],
premiumappslibrary,https://t.me/premiumappslibrary,6564,2024-02-05 10:42:26,"🔥StockWalls v2.5 b42 [Pro]

ℹ️ Overview:
Best Collection of HD, 4k Stock Wallpapers

🅿️ Play Store:
com.arrow.stock.wallpapers

📝 Mod Info:
✪ Pro Features Unlocked 
✪ Multi Languages 
✪ CPUs: armeabi-v7a, arm64-v8a 
✪ Debug Info Removed",False,False,False,False,True,False,False,False,False,False,1227119708,,,,,,,,,165,2,,,Antor °-°,,,[],
premiumappslibrary,https://t.me/premiumappslibrary,6565,2024-02-05 10:42:32,"🔥 Word Office v300308 [Pro]

ℹ️ Overview:
Word Office Reader, Viewer & Editor - PDF, DOC, XLS, PPT, All Document Reader

🅿️ Play Store:
com.officedocument.word.docx.document.viewer

📝 Mod Info:
✪ Pro Features Unlocked 
✪ Multi Languages 
✪ CPUs: universal 
✪ Debug Info Removed",False,False,False,False,True,False,False,False,False,False,1227119708,,,,,,,,,156,1,,,Antor °-°,,,[],
premiumappslibrary,https://t.me/premiumappslibrary,6567,2024-02-05 10:42:47,"🔥<PERSON> v2.7.7 [VIP]

ℹ️ Overview:
Vlog maker with songs, photo editor and beauty camera, slideshow maker

🅿️ Play Store:
com.videomaker.editor.slideshow.songs.record.album

📝 Mod Info:
✪ Vip Features Unlocked 
✪ Multi Languages 
✪ CPUs: armeabi-v7a, arm64-v8a 
✪ Debug Info Removed",False,False,False,False,True,False,False,False,False,False,1227119708,,,,,,,,,156,0,,,Antor °-°,,,[],
premiumappslibrary,https://t.me/premiumappslibrary,6568,2024-02-05 10:42:50,"<PERSON> [Pro]

ℹ️ Overview:
Create animated video ads using promo video maker. 1000+ video templates.

🅿️ Play Store:
com.text.animation.video.maker

📝 Mod Info:
✪ Pro Features Unlocked 
✪ Multi Languages 
✪ CPUs: arm64-v8a 
✪ Debug Info Removed",False,False,False,False,True,False,False,False,False,False,1227119708,,,,,,,,,157,0,,,Antor °-°,,,[],
premiumappslibrary,https://t.me/premiumappslibrary,6571,2024-02-05 10:43:45,"🔥<PERSON> v5.5.1617 [Plus]

ℹ️ Overview:
Beauty camera and photo editor with AI filters, stickers, and pic collage maker

🅿️ Play Store:
com.cam001.selfie

📝 Mod Info:
✪ Plus Features Unlocked 
✪ Multi Languages 
✪ CPUs: armeabi-v7a, arm64-v8a 
✪ Debug Info Removed",False,False,False,False,True,False,False,False,False,False,1227119708,,,,,,,,,170,0,,,Antor °-°,,,[],
premiumappslibrary,https://t.me/premiumappslibrary,6572,2024-02-05 10:43:54,"🔥Adobe Express v8.25.2 [Subscribed]

ℹ️ Overview:
Easily create your brand story with Adobe Express' flyer, card & template maker.

🅿️ Play Store:
com.adobe.spark.post

📝 Mod Info:
✪ Subscribed Features Unlocked 
✪ Multi Languages 
✪ CPUs: universal 
✪ Debug Info Removed",False,False,False,False,True,False,False,False,False,False,1227119708,,,,,,,,,176,0,,,Antor °-°,,,[],
premiumappslibrary,https://t.me/premiumappslibrary,6573,2024-02-05 10:44:03,"🔥Square Home v3.0.8 [Pro]

ℹ️ Overview:
A great windows style launcher on Android!

🅿️ Play Store:
com.ss.squarehome2

📝 Mod Info:
✪ Pro Features Unlocked 
✪ Multi Languages 
✪ CPUs: universal 
✪ Debug Info Removed",False,False,False,False,True,False,False,False,False,False,1227119708,,,,,,,,,180,0,,,Antor °-°,,,[],
premiumappslibrary,https://t.me/premiumappslibrary,6574,2024-02-05 10:44:10,"🔥Photoleap v1.45.0 [Premium]

ℹ️ Overview:
Picture editing, 3d photo, text to image, AI avatars. Edit, add motion, colorize

🅿️ Play Store:
com.lightricks.photoleap

📝 Mod Info:
✪ Premium Features Unlocked 
✪ Multi Languages 
✪ CPUs: universal 
✪ Debug Info Removed",False,False,False,False,True,False,False,False,False,False,1227119708,,,,,,,,,181,1,,,Antor °-°,,,[],
premiumappslibrary,https://t.me/premiumappslibrary,6575,2024-02-05 10:44:13,"🔥<NRP> v8.4.7 [Pro]

ℹ️ Overview:
Trying to easily study to create a just a matter of collection of your own!

🅿️ Play Store:
jp.gr.java_conf.foobar.testmaker.service

📝 Mod Info:
✪ Pro Features Unlocked 
✪ Multi Languages 
✪ CPUs: universal 
✪ Debug Info Removed",False,False,False,False,True,False,False,False,False,False,1227119708,,,,,,,,,172,0,,,Antor °-°,,,[],
premiumappslibrary,https://t.me/premiumappslibrary,6576,2024-02-05 10:44:17,"🔥Noizz v5.12.5 [Pro]

ℹ️ Overview:
Noizz video editor-video maker photos with song, video status maker, video maker

🅿️ Play Store:
com.yy.biu

📝 Mod Info:
✪ Pro Features Unlocked 
✪ Multi Languages 
✪ CPUs: armeabi-v7a, arm64-v8a 
✪ Debug Info Removed",False,False,False,False,True,False,False,False,False,False,1227119708,,,,,,,,,163,0,,,Antor °-°,,,[],
premiumappslibrary,https://t.me/premiumappslibrary,6577,2024-02-05 10:44:36,"<PERSON> v4.45.0 [Premium]

ℹ️ Overview:
All-in-one baby app: track breast feeding, diaper changes, sleep patterns & more

🅿️ Play Store:
com.wachanga.babycare

📝 Mod Info:
✪ Premium Features Unlocked 
✪ Multi Languages 
✪ CPUs: universal 
✪ Debug Info Removed",False,False,False,False,True,False,False,False,False,False,1227119708,,,,,,,,,170,0,,,Antor °-°,,,[],
premiumappslibrary,https://t.me/premiumappslibrary,6578,2024-02-05 10:44:39,"🔥I am v4.46.2 [Premium]

ℹ️ Overview:
Improve your self esteem and confidence with the positive affirmation of <DATE_TIME>

🅿️ Play Store:
com.hrd.iam

📝 Mod Info:
✪ Premium Features Unlocked 
✪ Multi Languages 
✪ CPUs: universal 
✪ Debug Info Removed",False,False,False,False,True,False,False,False,False,False,1227119708,,,,,,,,,167,0,,,Antor °-°,,,[],
premiumappslibrary,https://t.me/premiumappslibrary,6579,2024-02-05 10:44:43,"🔥mAst v2.4.2 [Pro]

ℹ️ Overview:
Master Video Maker & Editor: Lyrical Status Video Editing App With music, effect

🅿️ Play Store:
com.mast.status.video.edit

📝 Mod Info:
✪ Pro Features Unlocked 
✪ Multi Languages 
✪ CPUs: armeabi-v7a, arm64-v8a 
✪ Debug Info Removed",False,False,False,False,True,False,False,False,False,False,1227119708,,,,,,,,,166,0,,,Antor °-°,,,[],
premiumappslibrary,https://t.me/premiumappslibrary,6580,2024-02-05 10:44:51,"🔥Inspiry v9.6.GP [Pro]

ℹ️ Overview:
Collage maker for Instagram Templates photo and video layouts for Insta stories

🅿️ Play Store:
app.inspiry

📝 Mod Info:
✪ Pro Features Unlocked 
✪ Multi Languages 
✪ CPUs: universal 
✪ Debug Info Removed",False,False,False,False,True,False,False,False,False,False,1227119708,,,,,,,,,174,0,,,Antor °-°,,,[],
premiumappslibrary,https://t.me/premiumappslibrary,6581,2024-02-05 10:44:55,"🔥Inspiry v9.6.GP [Pro]

ℹ️ Overview:
Collage maker for Instagram Templates photo and video layouts for Insta stories

🅿️ Play Store:
app.inspiry

📝 Mod Info:
✪ Pro Features Unlocked 
✪ Multi Languages 
✪ CPUs: universal 
✪ Debug Info Removed",False,False,False,False,True,False,False,False,False,False,1227119708,,,,,,,,,169,0,,,Antor °-°,,,[],
premiumappslibrary,https://t.me/premiumappslibrary,6582,2024-02-05 10:44:59,"🔥<PERSON> [Premium]

ℹ️ Overview:
Face swap & AI art video maker, AI composite video master & reface

🅿️ Play Store:
ins.story.unfold

📝 Mod Info:
✪ Premium Features Unlocked 
✪ Multi Languages 
✪ CPUs: armeabi-v7a, arm64-v8a 
✪ Debug Info Removed",False,False,False,False,True,False,False,False,False,False,1227119708,,,,,,,,,177,0,,,Antor °-°,,,[],
premiumappslibrary,https://t.me/premiumappslibrary,6583,2024-02-05 10:45:03,"🔥Vizio Remote v9.3.61 [Pro]

ℹ️ Overview:
 A TV remote for Vizio SmartCast with fluid control and intuitive navigation

🅿️ Play Store:
com.osfunapps.remoteforvizio

📝 Mod Info:
✪ Pro Features Unlocked 
✪ Multi Languages 
✪ CPUs: armeabi-v7a, arm64-v8a 
✪ Debug Info Removed",False,False,False,False,True,False,False,False,False,False,1227119708,,,,,,,,,167,0,,,Antor °-°,,,[],
premiumappslibrary,https://t.me/premiumappslibrary,6584,2024-02-05 10:45:07,"🔥GoPro Quik v12.7 [Premium]

ℹ️ Overview:
Auto video maker with music & exclusive filters. Video editing made simple.

🅿️ Play Store:
com.gopro.smarty

📝 Mod Info:
✪ Premium Features Unlocked 
✪ Multi Languages 
✪ CPUs: universal 
✪ Debug Info Removed",False,False,False,False,True,False,False,False,False,False,1227119708,,,,,,,,,160,0,,,Antor °-°,,,[],
premiumappslibrary,https://t.me/premiumappslibrary,6585,2024-02-05 10:45:19,"🔥Biugo v5.11.7 [VIP]

ℹ️ Overview:
Biugo-mv master video maker, boo video maker, video editor, snack video maker.

🅿️ Play Store:
com.yy.biugo.lite

📝 Mod Info:
✪ Vip Features Unlocked 
✪ Multi Languages 
✪ CPUs: armeabi-v7a, arm64-v8a 
✪ Debug Info Removed",False,False,False,False,True,False,False,False,False,False,1227119708,,,,,,,,,179,0,,,Antor °-°,,,[],
premiumappslibrary,https://t.me/premiumappslibrary,6586,2024-02-05 10:45:31,"🔥Pencil Photo Sketch v2.0.59 [Pro]

ℹ️ Overview:
Create beautiful pencil sketch & drawing of your photos with Pencil Photo Sketch

🅿️ Play Store:
com.hqgames.pencil.sketch.photo

📝 Mod Info:
✪ Pro Features Unlocked 
✪ Multi Languages 
✪ CPUs: universal 
✪ Debug Info Removed",False,False,False,False,True,False,False,False,False,False,1227119708,,,,,,,,,197,0,,,Antor °-°,,,[],
premiumappslibrary,https://t.me/premiumappslibrary,6587,2024-02-05 10:45:34,"<PERSON> v12.10.3 [VIP]

ℹ️ Overview:
Video Editor for Youtube & TikTok, video maker with music, Slideshow editing app

🅿️ Play Store:
mobi.charmer.mymovie

📝 Mod Info:
✪ Vip Features Unlocked 
✪ Multi Languages 
✪ CPUs: armeabi-v7a, arm64-v8a 
✪ Debug Info Removed",False,False,False,False,True,False,False,False,False,False,1227119708,,,,,,,,,194,2,,,Antor °-°,,,[],
premiumappslibrary,https://t.me/premiumappslibrary,6588,2024-02-05 10:45:38,"🔥StoryBit v1.5.7 [Premium]

ℹ️ Overview:
Instagram Story Video Maker With Template & ig Story and Reel Editor

🅿️ Play Store:
storybit.story.maker.animated.storymaker

📝 Mod Info:
✪ Premium Features Unlocked 
✪ Multi Languages 
✪ CPUs: universal 
✪ Debug Info Removed",False,False,False,False,True,False,False,False,False,False,1227119708,,,,,,,,,189,0,,,Antor °-°,,,[],
premiumappslibrary,https://t.me/premiumappslibrary,6589,2024-02-05 10:45:43,"🔥Poster Maker v106.0 [Pro]

ℹ️ Overview:
Create a poster with the poster maker. 10000+ design templates. Quick & Easy.

🅿️ Play Store:
com.nra.flyermaker

📝 Mod Info:
✪ Pro Features Unlocked 
✪ Multi Languages 
✪ CPUs: arm64-v8a 
✪ Debug Info Removed",False,False,False,False,True,False,False,False,False,False,1227119708,,,,,,,,,187,2,,,Antor °-°,,,[],
premiumappslibrary,https://t.me/premiumappslibrary,6590,2024-02-05 10:45:46,"🔥Note20 Launcher v6.9 [Premium]

ℹ️ Overview:
Perfect Note20 Launcher, inspired by Galaxy Note20's launcher with rich features

🅿️ Play Store:
launcher.note10.launcher

📝 Mod Info:
✪ Premium Features Unlocked 
✪ Multi Languages 
✪ CPUs: armeabi-v7a, arm64-v8a 
✪ Debug Info Removed",False,False,False,False,True,False,False,False,False,False,1227119708,,,,,,,,,179,0,,,Antor °-°,,,[],
premiumappslibrary,https://t.me/premiumappslibrary,6591,2024-02-05 10:45:50,"🔥Sticker <PERSON> [Pro]

ℹ️ Overview:
Create custom stickers easily! Ultimate sticker creator!

🅿️ Play Store:
com.photoappworld.photo.sticker.creator.wastickerapps

📝 Mod Info:
✪ Pro Features Unlocked 
✪ Multi Languages 
✪ CPUs: universal 
✪ Debug Info Removed",False,False,False,False,True,False,False,False,False,False,1227119708,,,,,,,,,186,0,,,Antor °-°,,,[],
premiumappslibrary,https://t.me/premiumappslibrary,6592,2024-02-05 10:45:54,"🔥WeNote v5.51 [Premium]

ℹ️ Overview:
Simple notepad & memo. Take notes, shopping list, to-do list, calendar, reminder

🅿️ Play Store:
com.yocto.wenote

📝 Mod Info:
✪ Premium Features Unlocked 
✪ Multi Languages 
✪ CPUs: armeabi-v7a, arm64-v8a 
✪ Debug Info Removed",False,False,False,False,True,False,False,False,False,False,1227119708,,,,,,,,,188,0,,,Antor °-°,,,[],
premiumappslibrary,https://t.me/premiumappslibrary,6593,2024-02-05 10:45:58,"🔥YouCam Makeup v6.17.0 [Premium]

ℹ️ Overview:
Beauty camera to apply makeup, tune your face and try hair color filters!

🅿️ Play Store:
com.cyberlink.youcammakeup

📝 Mod Info:
✪ Premium Features Unlocked 
✪ Multi Languages 
✪ CPUs: armeabi-v7a, arm64-v8a 
✪ Debug Info Removed",False,False,False,False,True,False,False,False,False,False,1227119708,,,,,,,,,190,0,,,Antor °-°,,,[],
premiumappslibrary,https://t.me/premiumappslibrary,6594,2024-02-05 10:46:02,"🔥NodeVideo v6.11.2 [Premium]

ℹ️ Overview:
Modern VFX Editor, (re)Defined.

🅿️ Play Store:
com.shallwaystudio.nodevideo

📝 Mod Info:
✪ Premium Features Unlocked 
✪ Multi Languages 
✪ CPUs: arm64-v8a 
✪ Debug Info Removed",False,False,False,False,True,False,False,True,False,False,1227119708,,,,,,,,,190,0,,2024-02-06T01:39:24+00:00,Antor °-°,,"{'_': 'MessageReactions', 'results': [{'_': 'ReactionCount', 'reaction': {'_': 'ReactionEmoji', 'emoticon': '👍'}, 'count': 1, 'chosen_order': None}], 'min': False, 'can_see_list': False, 'reactions_as_tags': False, 'recent_reactions': []}",[],
premiumappslibrary,https://t.me/premiumappslibrary,6596,2024-02-05 10:46:31,"🔥Noizz v5.12.6 [Pro]

ℹ️ Overview:
Noizz video editor-video maker photos with song, video status maker, video maker

🅿️ Play Store:
com.yy.biu

📝 Mod Info:
✪ Pro Features Unlocked 
✪ Multi Languages 
✪ CPUs: armeabi-v7a, arm64-v8a 
✪ Debug Info Removed",False,False,False,False,True,False,False,False,False,False,1227119708,,,,,,,,,188,0,,,Antor °-°,,,[],
premiumappslibrary,https://t.me/premiumappslibrary,6597,2024-02-05 10:46:35,"🔥Pencil Photo Sketch v2.0.60 [Pro]

ℹ️ Overview:
Create beautiful pencil sketch & drawing of your photos with Pencil Photo Sketch

🅿️ Play Store:
com.hqgames.pencil.sketch.photo

📝 Mod Info:
✪ Pro Features Unlocked 
✪ Multi Languages 
✪ CPUs: universal 
✪ Debug Info Removed",False,False,False,False,True,False,False,True,False,False,1227119708,,,,,,,,,201,0,,2024-02-06T04:54:16+00:00,Antor °-°,,"{'_': 'MessageReactions', 'results': [{'_': 'ReactionCount', 'reaction': {'_': 'ReactionEmoji', 'emoticon': '❤'}, 'count': 1, 'chosen_order': None}], 'min': False, 'can_see_list': False, 'reactions_as_tags': False, 'recent_reactions': []}",[],
premiumappslibrary,https://t.me/premiumappslibrary,6598,2024-02-05 10:46:39,"🔥QR & Barcode Scanner v3.1.7 [Pro]

ℹ️ Overview:
QR Code Reader & barcode scanner app to scan product & custom QR code generator.

🅿️ Play Store:
com.trustedapp.qrcodebarcode

📝 Mod Info:
✪ Pro Features Unlocked 
✪ Multi Languages 
✪ CPUs: universal 
✪ Debug Info Removed",False,False,False,False,True,False,False,False,False,False,1227119708,,,,,,,,,200,0,,,Antor °-°,,,[],
premiumappslibrary,https://t.me/premiumappslibrary,6599,2024-02-05 10:46:43,"🔥Vizio Remote v9.3.64 [Pro]

ℹ️ Overview:
 A TV remote for Vizio SmartCast with fluid control and intuitive navigation

🅿️ Play Store:
com.osfunapps.remoteforvizio

📝 Mod Info:
✪ Pro Features Unlocked 
✪ Multi Languages 
✪ CPUs: armeabi-v7a, arm64-v8a 
✪ Debug Info Removed",False,False,False,False,True,False,False,False,False,False,1227119708,,,,,,,,,204,0,,,Antor °-°,,,[],
premiumappslibrary,https://t.me/premiumappslibrary,6600,2024-02-05 10:46:47,"<PERSON> v12.9 [Premium]

ℹ️ Overview:
<PERSON> is inspired by Android launcher, adding many useful feature

🅿️ Play Store:
launcher.pie.launcher

📝 Mod Info:
✪ Premium Features Unlocked 
✪ Multi Languages 
✪ CPUs: armeabi-v7a, arm64-v8a 
✪ Debug Info Removed",False,False,False,False,True,False,False,False,False,False,1227119708,,,,,,,,,207,0,,,Antor °-°,,,[],
premiumappslibrary,https://t.me/premiumappslibrary,6601,2024-02-05 10:46:50,"<PERSON> v12.9 [Premium]

ℹ️ Overview:
<PERSON> is inspired by Android launcher, adding many useful feature

🅿️ Play Store:
launcher.pie.launcher

📝 Mod Info:
✪ Premium Features Unlocked 
✪ Multi Languages 
✪ CPUs: armeabi-v7a, arm64-v8a 
✪ Debug Info Removed",False,False,False,False,True,False,False,False,False,False,1227119708,,,,,,,,,213,0,,,Antor °-°,,,[],
premiumappslibrary,https://t.me/premiumappslibrary,6602,2024-02-05 10:46:55,"🔥Lumii - Photo Editor v1.620.147 [Pro]

ℹ️ Overview:
Photo Editor with 100+ Filters, Effects! BG Remover, AI Art & Photo Enhancer.

🅿️ Play Store:
photo.editor.photoeditor.filtersforpictures

📝 Mod Info:
✪ Pro Features Unlocked 
✪ Multi Languages 
✪ CPUs: armeabi-v7a, arm64-v8a 
✪ Debug Info Removed",False,False,False,False,True,False,False,False,False,False,1227119708,,,,,,,,,224,0,,,Antor °-°,,,[],
premiumappslibrary,https://t.me/premiumappslibrary,6603,2024-02-05 10:46:58,"🔥Perfect Me v8.7.1 [VIP]

ℹ️ Overview:
Retouch photos and videos. Slim body shape, face tune & AI filter beauty makeup

🅿️ Play Store:
com.accordion.perfectme

📝 Mod Info:
✪ Vip Features Unlocked 
✪ Multi Languages 
✪ CPUs: armeabi-v7a, arm64-v8a 
✪ Debug Info Removed",False,False,False,False,True,False,False,False,False,False,1227119708,,,,,,,,,233,0,,,Antor °-°,,,[],
premiumappslibrary,https://t.me/premiumappslibrary,6604,2024-02-05 10:47:02,"🔥<PERSON> v24.1.0.30991.Beta [Pro]

ℹ️ Overview:
Quickly and easily convert, edit, combine, sign and share PDF documents.

🅿️ Play Store:
com.adobe.reader

📝 Mod Info:
✪ Pro Features Unlocked 
✪ Multi Languages 
✪ CPUs: armeabi-v7a 
✪ Debug Info Removed",False,False,False,False,True,False,False,False,False,False,1227119708,,,,,,,,,239,1,,,Antor °-°,,,[],
premiumappslibrary,https://t.me/premiumappslibrary,6605,2024-02-05 10:47:14,"🔥Sleep Alora v0.197-3356f4a4 [Pro]

ℹ️ Overview:
Relax, Meditate, & Reduce Stress With Our REM Sleep Tracker, AI Sleep Therapy

🅿️ Play Store:
calm.sleep.headspace.relaxingsounds

📝 Mod Info:
✪ Pro Features Unlocked 
✪ Multi Languages 
✪ CPUs: universal 
✪ Debug Info Removed",False,False,False,False,True,False,False,False,False,False,1227119708,,,,,,,,,247,2,,,Antor °-°,,,[],
premiumappslibrary,https://t.me/premiumappslibrary,6606,2024-02-05 10:47:23,"<PERSON> v4.10.0.2 [Premium]

ℹ️ Overview:
Photo & Video Editor. Music, Templates, Filters, Effects, AI Captions & Avatars

🅿️ Play Store:
com.storybeat

📝 Mod Info:
✪ Premium Features Unlocked 
✪ Multi Languages 
✪ CPUs: universal 
✪ Debug Info Removed",False,False,False,True,True,False,False,False,False,False,1227119708,,,,,,,,,236,0,,,Antor °-°,,,[],
premiumappslibrary,https://t.me/premiumappslibrary,6607,2024-02-05 10:47:26,"🔥WeNote v5.53 [Premium]

ℹ️ Overview:
Simple notepad & memo. Take notes, shopping list, to-do list, calendar, reminder

🅿️ Play Store:
com.yocto.wenote

📝 Mod Info:
✪ Premium Features Unlocked 
✪ Multi Languages 
✪ CPUs: armeabi-v7a, arm64-v8a 
✪ Debug Info Removed",False,False,False,True,True,False,False,False,False,False,1227119708,,,,,,,,,237,0,,,Antor °-°,,,[],
premiumappslibrary,https://t.me/premiumappslibrary,6608,2024-02-05 10:47:30,"🔥WeNote v5.53 [Premium]

ℹ️ Overview:
Simple notepad & memo. Take notes, shopping list, to-do list, calendar, reminder

🅿️ Play Store:
com.yocto.wenote

📝 Mod Info:
✪ Premium Features Unlocked 
✪ Multi Languages 
✪ CPUs: armeabi-v7a, arm64-v8a 
✪ Debug Info Removed",False,False,False,True,True,False,False,False,False,False,1227119708,,,,,,,,,255,0,,,Antor °-°,,,[],
premiumappslibrary,https://t.me/premiumappslibrary,6609,2024-02-05 10:47:34,"🔥3D Live Launcher v7.2 [Premium]

ℹ️ Overview:
<PERSON> is a cool launcher with amazing 3D effects and rich features

🅿️ Play Store:
launcher.d3d.launcher

📝 Mod Info:
✪ Premium Features Unlocked 
✪ Multi Languages 
✪ CPUs: armeabi-v7a, arm64-v8a 
✪ Debug Info Removed",False,False,False,True,True,False,False,False,False,False,1227119708,,,,,,,,,251,0,,,Antor °-°,,,[],
premiumappslibrary,https://t.me/premiumappslibrary,6610,2024-02-05 10:47:37,"🔥Square Home v3.0.10 [Pro]

ℹ️ Overview:
A great windows style launcher on Android!

🅿️ Play Store:
com.ss.squarehome2

📝 Mod Info:
✪ Pro Features Unlocked 
✪ Multi Languages 
✪ CPUs: universal 
✪ Debug Info Removed",False,False,False,True,True,False,False,False,False,False,1227119708,,,,,,,,,254,0,,,Antor °-°,,,[],
premiumappslibrary,https://t.me/premiumappslibrary,6611,2024-02-05 10:47:41,"🔥YuFace v3.6.5 [Premium]

ℹ️ Overview:
AI selfie camera, camera AI, cute filters. Hair color changer & eye makeup

🅿️ Play Store:
com.yuapp.beautycamera.selfie.makeup

📝 Mod Info:
✪ Premium Features Unlocked 
✪ Multi Languages 
✪ CPUs: universal 
✪ Debug Info Removed",False,False,False,True,True,False,False,False,False,False,1227119708,,,,,,,,,297,0,,,Antor °-°,,,[],
premiumappslibrary,https://t.me/premiumappslibrary,6612,2024-02-05 10:47:46,"🔥 Word Office v300313 [Premium]

ℹ️ Overview:
Word Office Reader, Viewer & Editor - PDF, DOC, XLS, PPT, All Document Reader

🅿️ Play Store:
com.officedocument.word.docx.document.viewer

📝 Mod Info:
✪ Premium Features Unlocked 
✪ Multi Languages 
✪ CPUs: universal 
✪ Debug Info Removed",False,False,False,True,True,False,False,False,False,False,1227119708,,,,,,,,,440,3,,,Antor °-°,,,[],
premiumappslibrary,https://t.me/premiumappslibrary,6613,2024-02-05 10:47:49,"🔥Daily Expenses 4 v4.102.G [Premium]

ℹ️ Overview:
Improve control in your finances.

🅿️ Play Store:
com.encodemx.gastosdiarios4

📝 Mod Info:
✪ Premium Features Unlocked 
✪ Multi Languages 
✪ CPUs: armeabi-v7a, arm64-v8a 
✪ Debug Info Removed",False,False,False,True,True,False,False,False,False,False,1227119708,,,,,,,,,654,0,,,Antor °-°,,,[],
premiumappslibrary,https://t.me/premiumappslibrary,6614,2024-02-05 10:47:53,"🔥Instasize v4.2.28 [Pro]

ℹ️ Overview:
Easily resize and crop pictures, remove background, and edit with filters

🅿️ Play Store:
com.jsdev.instasize

📝 Mod Info:
✪ Pro Features Unlocked 
✪ Multi Languages 
✪ CPUs: universal 
✪ Debug Info Removed",False,False,False,True,True,False,False,False,False,False,1227119708,,,,,,,,,425,1,,,Antor °-°,,,[],
premiumappslibrary,https://t.me/premiumappslibrary,6615,2024-02-05 10:48:00,"🔥Neon Led KeyBoard v3.4.8 [Premium]

ℹ️ Overview:
Change your Keyboard with colorful light effects, <PERSON>, GIFs & Backgrounds

🅿️ Play Store:
com.cutestudio.neonledkeyboard

📝 Mod Info:
✪ Premium Features Unlocked 
✪ Multi Languages 
✪ CPUs: universal 
✪ Debug Info Removed",False,False,False,True,True,False,False,False,False,False,1227119708,,,,,,,,,365,0,,,Antor °-°,,,[],
premiumappslibrary,https://t.me/premiumappslibrary,6616,2024-02-05 10:48:05,"🔥Vizio Remote v9.3.66 [Pro]

ℹ️ Overview:
 A TV remote for Vizio SmartCast with fluid control and intuitive navigation

🅿️ Play Store:
com.osfunapps.remoteforvizio

📝 Mod Info:
✪ Pro Features Unlocked 
✪ Multi Languages 
✪ CPUs: armeabi-v7a, arm64-v8a 
✪ Debug Info Removed",False,False,False,True,True,False,False,False,False,False,1227119708,,,,,,,,,311,0,,,Antor °-°,,,[],
premiumappslibrary,https://t.me/premiumappslibrary,6617,2024-02-05 10:48:07,"🔥<PERSON> v3.34.697 [Premium]

ℹ️ Overview:
Face swap & AI art video maker, AI composite video master & reface

🅿️ Play Store:
ins.story.unfold

📝 Mod Info:
✪ Premium Features Unlocked 
✪ Multi Languages 
✪ CPUs: armeabi-v7a, arm64-v8a 
✪ Debug Info Removed",False,False,False,True,True,False,False,False,False,False,1227119708,,,,,,,,,334,1,,,Antor °-°,,,[],
premiumappslibrary,https://t.me/premiumappslibrary,6618,2024-02-05 10:48:11,"🔥Vizio Remote v9.3.66 [Pro]

ℹ️ Overview:
 A TV remote for Vizio SmartCast with fluid control and intuitive navigation

🅿️ Play Store:
com.osfunapps.remoteforvizio

📝 Mod Info:
✪ Pro Features Unlocked 
✪ Multi Languages 
✪ CPUs: armeabi-v7a, arm64-v8a 
✪ Debug Info Removed",False,False,False,True,True,False,False,False,False,False,1227119708,,,,,,,,,351,0,,,Antor °-°,,,[],
premiumappslibrary,https://t.me/premiumappslibrary,6619,2024-02-05 10:48:15,"🔥Vizio Remote v9.3.66 [Pro]

ℹ️ Overview:
 A TV remote for Vizio SmartCast with fluid control and intuitive navigation

🅿️ Play Store:
com.osfunapps.remoteforvizio

📝 Mod Info:
✪ Pro Features Unlocked 
✪ Multi Languages 
✪ CPUs: armeabi-v7a, arm64-v8a 
✪ Debug Info Removed",False,False,False,True,True,False,False,False,False,False,1227119708,,,,,,,,,337,0,,,Antor °-°,,,[],
premiumappslibrary,https://t.me/premiumappslibrary,6620,2024-02-05 10:48:30,"🔥Lumii - Photo Editor v1.621.148 [Pro]

ℹ️ Overview:
Photo Editor with 100+ Filters, Effects! BG Remover, AI Art & Photo Enhancer.

🅿️ Play Store:
photo.editor.photoeditor.filtersforpictures

📝 Mod Info:
✪ Pro Features Unlocked 
✪ Multi Languages 
✪ CPUs: armeabi-v7a, arm64-v8a 
✪ Debug Info Removed",False,False,False,True,True,False,False,False,False,False,1227119708,,,,,,,,,348,1,,,Antor °-°,,,[],
premiumappslibrary,https://t.me/premiumappslibrary,6621,2024-02-05 10:48:50,"🔥GoPro Quik v12.7.1 [Premium]

ℹ️ Overview:
Auto video maker with music & exclusive filters. Video editing made simple.

🅿️ Play Store:
com.gopro.smarty

📝 Mod Info:
✪ Premium Features Unlocked 
✪ Multi Languages 
✪ CPUs: universal 
✪ Debug Info Removed",False,False,False,True,True,False,False,False,False,False,1227119708,,,,,,,,,358,1,,,Antor °-°,,,[],
premiumappslibrary,https://t.me/premiumappslibrary,6622,2024-02-05 10:48:53,"🔥TestMaker v8.5.1 [Pro]

ℹ️ Overview:
Trying to easily study to create a just a matter of collection of your own!

🅿️ Play Store:
jp.gr.java_conf.foobar.testmaker.service

📝 Mod Info:
✪ Pro Features Unlocked 
✪ Multi Languages 
✪ CPUs: universal 
✪ Debug Info Removed",False,False,False,True,True,False,False,False,False,False,1227119708,,,,,,,,,362,1,,,Antor °-°,,,[],
premiumappslibrary,https://t.me/premiumappslibrary,6623,2024-02-05 10:48:57,"🔥WeNote v5.56 [Premium]

ℹ️ Overview:
Simple notepad & memo. Take notes, shopping list, to-do list, calendar, reminder

🅿️ Play Store:
com.yocto.wenote

📝 Mod Info:
✪ Premium Features Unlocked 
✪ Multi Languages 
✪ CPUs: armeabi-v7a, arm64-v8a 
✪ Debug Info Removed",False,False,False,True,True,False,False,True,False,False,1227119708,,,,,,,,,429,0,,2024-02-17T15:33:44+00:00,Antor °-°,,"{'_': 'MessageReactions', 'results': [{'_': 'ReactionCount', 'reaction': {'_': 'ReactionEmoji', 'emoticon': '👍'}, 'count': 1, 'chosen_order': None}], 'min': False, 'can_see_list': False, 'reactions_as_tags': False, 'recent_reactions': []}",[],
premiumappslibrary,https://t.me/premiumappslibrary,6624,2024-02-05 10:49:04,"<PERSON> Overview:
Your pocket-sized loopstation

🅿️ Play Store:
com.zuidsoft.looper

📝 Mod Info:
✪ Premium Features Unlocked 
✪ Multi Languages 
✪ CPUs: universal 
✪ Debug Info Removed",False,False,False,True,True,False,False,False,False,False,1227119708,,,,,,,,,418,0,,,Antor °-°,,,[],
premiumappslibrary,https://t.me/premiumappslibrary,6625,2024-02-05 10:49:08,"<PERSON> Overview:
Your pocket-sized loopstation

🅿️ Play Store:
com.zuidsoft.looper

📝 Mod Info:
✪ Premium Features Unlocked 
✪ Multi Languages 
✪ CPUs: universal 
✪ Debug Info Removed",False,False,False,True,True,False,False,False,False,False,1227119708,,,,,,,,,414,0,,,Antor °-°,,,[],
premiumappslibrary,https://t.me/premiumappslibrary,6626,2024-02-05 10:49:13,"🔥TCL Remote v9.3.67 [Pro]

ℹ️ Overview:
TCL Roku TV, Android TV TCL and more

🅿️ Play Store:
com.osfunapps.remotefortcl

📝 Mod Info:
✪ Pro Features Unlocked 
✪ Multi Languages 
✪ CPUs: armeabi-v7a, arm64-v8a 
✪ Debug Info Removed",False,False,False,True,True,False,False,False,False,False,1227119708,,,,,,,,,428,0,,,Antor °-°,,,[],
premiumappslibrary,https://t.me/premiumappslibrary,6627,2024-02-05 10:49:16,"<PERSON> v4.10.1.0 [Premium]

ℹ️ Overview:
Photo & Video Editor. Music, Templates, Filters, Effects, AI Captions & Avatars

🅿️ Play Store:
com.storybeat

📝 Mod Info:
✪ Premium Features Unlocked 
✪ Multi Languages 
✪ CPUs: universal 
✪ Debug Info Removed",False,False,False,True,True,False,False,False,False,False,1227119708,,,,,,,,,500,0,,,Antor °-°,,,[],
premiumappslibrary,https://t.me/premiumappslibrary,6628,2024-02-05 10:49:20,"<PERSON> v4.10.1.0 [Premium]

ℹ️ Overview:
Photo & Video Editor. Music, Templates, Filters, Effects, AI Captions & Avatars

🅿️ Play Store:
com.storybeat

📝 Mod Info:
✪ Premium Features Unlocked 
✪ Multi Languages 
✪ CPUs: universal 
✪ Debug Info Removed",False,False,False,True,True,False,False,False,False,False,1227119708,,,,,,,,,514,0,,,Antor °-°,,,[],
premiumappslibrary,https://t.me/premiumappslibrary,6629,2024-02-05 10:49:31,"🔥Note20 Launcher v6.9.1 [Premium]

ℹ️ Overview:
Perfect Note20 Launcher, inspired by Galaxy Note20's launcher with rich features

🅿️ Play Store:
launcher.note10.launcher

📝 Mod Info:
✪ Premium Features Unlocked 
✪ Multi Languages 
✪ CPUs: armeabi-v7a, arm64-v8a 
✪ Debug Info Removed",False,False,False,True,True,False,False,True,False,False,1227119708,,,,,,,,,500,1,,2024-02-07T03:02:12+00:00,Antor °-°,,"{'_': 'MessageReactions', 'results': [{'_': 'ReactionCount', 'reaction': {'_': 'ReactionEmoji', 'emoticon': '👍'}, 'count': 3, 'chosen_order': None}], 'min': False, 'can_see_list': False, 'reactions_as_tags': False, 'recent_reactions': []}",[],
premiumappslibrary,https://t.me/premiumappslibrary,6630,2024-02-05 10:49:34,"🔥<PERSON> v5.5.1618 [Plus]

ℹ️ Overview:
Beauty camera and photo editor with AI filters, stickers, and pic collage maker

🅿️ Play Store:
com.cam001.selfie

📝 Mod Info:
✪ Plus Features Unlocked 
✪ Multi Languages 
✪ CPUs: armeabi-v7a, arm64-v8a 
✪ Debug Info Removed",False,False,False,True,True,False,False,True,False,False,1227119708,,,,,,,,,492,2,,2024-02-09T15:46:42+00:00,Antor °-°,,"{'_': 'MessageReactions', 'results': [{'_': 'ReactionCount', 'reaction': {'_': 'ReactionEmoji', 'emoticon': '👍'}, 'count': 1, 'chosen_order': None}], 'min': False, 'can_see_list': False, 'reactions_as_tags': False, 'recent_reactions': []}",[],
premiumappslibrary,https://t.me/premiumappslibrary,6631,2024-02-05 10:49:38,"🔥3D Effect Launcher v4.6.1 [Premium]

ℹ️ Overview:
<PERSON> is focus on cool effects, live wallpaper and useful features

🅿️ Play Store:
launcher.d3d.effect.launcher

📝 Mod Info:
✪ Premium Features Unlocked 
✪ Multi Languages 
✪ CPUs: armeabi-v7a, arm64-v8a 
✪ Debug Info Removed",False,False,False,True,True,False,False,True,False,False,1227119708,,,,,,,,,533,0,,2024-02-07T20:28:29+00:00,Antor °-°,,"{'_': 'MessageReactions', 'results': [{'_': 'ReactionCount', 'reaction': {'_': 'ReactionEmoji', 'emoticon': '❤'}, 'count': 1, 'chosen_order': None}], 'min': False, 'can_see_list': False, 'reactions_as_tags': False, 'recent_reactions': []}",[],
premiumappslibrary,https://t.me/premiumappslibrary,6632,2024-02-05 10:49:43,"🔥YouCam Makeup v6.17.1 [Premium]

ℹ️ Overview:
Beauty camera to apply makeup, tune your face and try hair color filters!

🅿️ Play Store:
com.cyberlink.youcammakeup

📝 Mod Info:
✪ Premium Features Unlocked 
✪ Multi Languages 
✪ CPUs: armeabi-v7a, arm64-v8a 
✪ Debug Info Removed",False,False,False,True,True,False,False,False,False,False,1227119708,,,,,,,,,558,1,,,Antor °-°,,,[],
premiumappslibrary,https://t.me/premiumappslibrary,6633,2024-02-05 10:49:46,"🔥Biugo v5.11.8 [VIP]

ℹ️ Overview:
Biugo-mv master video maker, boo video maker, video editor, snack video maker.

🅿️ Play Store:
com.yy.biugo.lite

📝 Mod Info:
✪ Vip Features Unlocked 
✪ Multi Languages 
✪ CPUs: armeabi-v7a, arm64-v8a 
✪ Debug Info Removed",False,False,False,True,True,False,False,False,False,False,1227119708,,,,,,,,,590,0,,,Antor °-°,,,[],
premiumappslibrary,https://t.me/premiumappslibrary,6634,2024-02-05 10:49:50,"🔥Pencil Photo Sketch v2.0.53 [Pro]

ℹ️ Overview:
Create beautiful pencil sketch & drawing of your photos with Pencil Photo Sketch

🅿️ Play Store:
com.hqgames.pencil.sketch.photo

📝 Mod Info:
✪ Pro Features Unlocked 
✪ Multi Languages 
✪ CPUs: universal 
✪ Debug Info Removed",False,False,False,True,True,False,False,False,False,False,1227119708,,,,,,,,,615,0,,,Antor °-°,,,[],
premiumappslibrary,https://t.me/premiumappslibrary,6635,2024-02-05 10:49:54,"<PERSON> [Premium]

ℹ️ Overview:
Simple notepad & memo. Take notes, shopping list, to-do list, calendar, reminder

🅿️ Play Store:
com.yocto.wenote

📝 Mod Info:
✪ Premium Features Unlocked 
✪ Multi Languages 
✪ CPUs: armeabi-v7a, arm64-v8a 
✪ Debug Info Removed",False,False,False,True,True,False,False,False,False,False,1227119708,,,,,,,,,659,4,,,Antor °-°,,,[],
premiumappslibrary,https://t.me/premiumappslibrary,6636,2024-02-05 10:49:57,"🔥Movie maker v42.0 [Pro]

ℹ️ Overview:
Movie maker: Make videos from photos so fast and so easy

🅿️ Play Store:
videoeditor.moviemaker

📝 Mod Info:
✪ Pro Features Unlocked 
✪ Multi Languages 
✪ CPUs: armeabi-v7a, arm64-v8a 
✪ Debug Info Removed",False,False,False,True,True,False,False,False,False,False,1227119708,,,,,,,,,736,1,,,Antor °-°,,,[],
premiumappslibrary,https://t.me/premiumappslibrary,6638,2024-02-05 10:50:10,"🔥<PERSON> [Premium]

ℹ️ Overview:
<PERSON> is inspired by Android launcher, adding many useful feature

🅿️ Play Store:
launcher.pie.launcher

📝 Mod Info:
✪ Premium Features Unlocked 
✪ Multi Languages 
✪ CPUs: armeabi-v7a, arm64-v8a 
✪ Debug Info Removed",False,False,False,True,True,False,False,True,False,False,1227119708,,,,,,,,,839,1,,2024-02-16T13:16:36+00:00,Antor °-°,,"{'_': 'MessageReactions', 'results': [{'_': 'ReactionCount', 'reaction': {'_': 'ReactionEmoji', 'emoticon': '👍'}, 'count': 1, 'chosen_order': None}], 'min': False, 'can_see_list': False, 'reactions_as_tags': False, 'recent_reactions': []}",[],
premiumappslibrary,https://t.me/premiumappslibrary,6639,2024-02-05 10:50:13,"🔥<PERSON> v3.3.2.2 [VIP]

ℹ️ Overview:
Use 5000+ Emojis,Custom keyboard,<PERSON>,Themes,Stickers,Gif with AI Keyboard!

🅿️ Play Store:
com.simejikeyboard

📝 Mod Info:
✪ Vip Features Unlocked 
✪ Multi Languages 
✪ CPUs: armeabi-v7a, arm64-v8a 
✪ Debug Info Removed",False,False,False,True,True,False,False,False,False,False,1227119708,,,,,,,,,1044,1,,,Antor °-°,,,[],
premiumappslibrary,https://t.me/premiumappslibrary,6640,2024-02-05 10:50:17,"🔥3D Live Launcher v7.2.1 [Premium]

ℹ️ Overview:
<PERSON> is a cool launcher with amazing 3D effects and rich features

🅿️ Play Store:
launcher.d3d.launcher

📝 Mod Info:
✪ Premium Features Unlocked 
✪ Multi Languages 
✪ CPUs: armeabi-v7a, arm64-v8a 
✪ Debug Info Removed",False,False,False,True,True,False,False,False,False,False,1227119708,,,,,,,,,1203,0,,,Antor °-°,,,[],
premiumappslibrary,https://t.me/premiumappslibrary,6641,2024-02-05 10:50:41,"🔥Control Center v3.0.0 [Premium]

ℹ️ Overview:
Control Center IOS 17 gives you instant access settings and modify as you like

🅿️ Play Store:
com.ios.controlcenter.assistivetouch.applecontrol.notificationcenter

📝 Mod Info:
✪ Premium Features Unlocked 
✪ Multi Languages 
✪ CPUs: universal 
✪ Debug Info Removed",False,False,False,True,True,False,False,True,False,False,1227119708,,,,,,,,,1484,2,,2024-02-06T19:29:57+00:00,Antor °-°,,"{'_': 'MessageReactions', 'results': [{'_': 'ReactionCount', 'reaction': {'_': 'ReactionEmoji', 'emoticon': '❤'}, 'count': 2, 'chosen_order': None}], 'min': False, 'can_see_list': False, 'reactions_as_tags': False, 'recent_reactions': []}",[],
premiumappslibrary,https://t.me/premiumappslibrary,6643,2024-02-05 10:50:48,"🔥SelfieU v6.12.9200 [VIP]

ℹ️ Overview:
AI photo editing app with excellent results and tons of AI effects and filters

🅿️ Play Store:
com.cam001.selfie361

📝 Mod Info:
✪ Vip Features Unlocked 
✪ Multi Languages 
✪ CPUs: armeabi-v7a, arm64-v8a 
✪ Debug Info Removed",False,False,False,True,True,False,False,True,False,False,1227119708,,,,,,,,,1702,3,,2024-02-06T19:29:52+00:00,Antor °-°,,"{'_': 'MessageReactions', 'results': [{'_': 'ReactionCount', 'reaction': {'_': 'ReactionEmoji', 'emoticon': '👍'}, 'count': 2, 'chosen_order': None}, {'_': 'ReactionCount', 'reaction': {'_': 'ReactionEmoji', 'emoticon': '❤'}, 'count': 1, 'chosen_order': None}, {'_': 'ReactionCount', 'reaction': {'_': 'ReactionEmoji', 'emoticon': '🔥'}, 'count': 1, 'chosen_order': None}, {'_': 'ReactionCount', 'reaction': {'_': 'ReactionEmoji', 'emoticon': '😢'}, 'count': 1, 'chosen_order': None}], 'min': False, 'can_see_list': False, 'reactions_as_tags': False, 'recent_reactions': []}",[],
premiumappslibrary,https://t.me/premiumappslibrary,6644,2024-02-14 16:30:43,"Hey Everyone 👋 Add Premium Network All Channels and Groups in your Folder 📁 To Get Premium Access Free 🆓

Just Click Here And See Action 🙈",False,False,False,False,True,False,False,False,False,False,1227119708,,,,,,,,,958,1,,,Bisnu Ray,,,[],
premiumappslibrary,https://t.me/premiumappslibrary,6645,2024-02-21 11:14:46,"Exclusive Canva Pro Invitation ⚡️⚡️

- Link: Click Here to Access Canva Pro

Design like a Pro | Empower Your Creativity",False,False,False,False,True,False,False,False,False,False,1227119708,,"{'_': 'MessageFwdHeader', 'date': '2024-02-21T11:14:19+00:00', 'imported': False, 'saved_out': False, 'from_id': {'_': 'PeerChannel', 'channel_id': 1563987066}, 'from_name': None, 'channel_post': 29963, 'post_author': 'Bisnu Ray', 'saved_from_peer': None, 'saved_from_msg_id': None, 'saved_from_id': None, 'saved_from_name': None, 'saved_date': None, 'psa_type': None}",,,,,6.183758046241602e+18,,312,0,,,Bisnu Ray,,,[],
