Channel ID,URL,Post ID,date,message,out,mentioned,media_unread,silent,post,from_scheduled,legacy,edit_hide,pinned,noforwards,peer_channel,from_id_user,fwd_from,via_bot_id,reply_to_msg_id,reply_to_scheduled,forum_topic,media_photo_id,reply_markup,views,forwards,replies,edit_date,post_author,grouped_id,reactions,restriction_reason,ttl_period
premiumking007,https://t.me/premiumking007,1321,2024-01-10 16:30:33,"NFS Underground 2
📢 : @PremiumKing007",False,False,False,True,True,False,False,True,False,False,1489623208,,,,,,,6.156949118078007e+18,,672,2,"{'_': 'MessageReplies', 'replies': 0, 'replies_pts': 12487, 'comments': True, 'recent_repliers': [], 'channel_id': 1430467659, 'max_id': None, 'read_max_id': None}",2024-01-10T16:30:36+00:00,,,,[],
premiumking007,https://t.me/premiumking007,1326,2024-02-05 12:47:51,"1DM + Download Manager
📢 : @PremiumKing007",False,False,False,True,True,False,False,True,False,False,1489623208,,,,,,,6.314091066516681e+18,,413,1,"{'_': 'MessageReplies', 'replies': 0, 'replies_pts': 12487, 'comments': True, 'recent_repliers': [], 'channel_id': 1430467659, 'max_id': None, 'read_max_id': None}",2024-02-15T15:02:21+00:00,,,"{'_': 'MessageReactions', 'results': [{'_': 'ReactionCount', 'reaction': {'_': 'ReactionEmoji', 'emoticon': '🔥'}, 'count': 1, 'chosen_order': None}], 'min': False, 'can_see_list': False, 'reactions_as_tags': False, 'recent_reactions': []}",[],
premiumking007,https://t.me/premiumking007,1328,2024-03-06 16:41:29,,False,False,False,True,True,False,False,True,False,False,1489623208,,,,,,,6.27376387052285e+18,,155,0,"{'_': 'MessageReplies', 'replies': 0, 'replies_pts': 12501, 'comments': True, 'recent_repliers': [], 'channel_id': 1430467659, 'max_id': None, 'read_max_id': None}",2024-03-06T16:41:32+00:00,,,,[],
premiumking007,https://t.me/premiumking007,1329,2024-03-06 16:41:35,"🎮 : GTA San Andreas - Extreme Edition
━━━━━━━━━━━━━━━━━
🏵 Repack Features

Repack In 648 MB.
Significantly smaller archive size (compressed from 5.20 GB to 648 MB).
Installation takes <DATE_TIME> (depending on your system).
HDD space after installation:  5.20 GB.

Extreme Edition.
GTA Garage Mod Manager.
<PERSON>.
Camera Hack.
Crazy Trainer.
Teleporter.
Cheats In txt File.
<PERSON>📦 Repack Size: 648 MB
📤 Required Size: 5.2 GB
━━━━━━━━━━━━━━━━━━

Link - CLICK HERE

<PERSON>✿ - ✿● <PERSON>
📢 : @AbhiRepacks",False,False,False,True,True,False,False,False,False,False,1489623208,,,,,,,,,168,1,"{'_': 'MessageReplies', 'replies': 1, 'replies_pts': 12501, 'comments': True, 'recent_repliers': [{'_': 'PeerUser', 'user_id': 299969270}], 'channel_id': 1430467659, 'max_id': 6115, 'read_max_id': None}",2024-03-08T12:20:31+00:00,,,"{'_': 'MessageReactions', 'results': [{'_': 'ReactionCount', 'reaction': {'_': 'ReactionEmoji', 'emoticon': '👍'}, 'count': 2, 'chosen_order': None}], 'min': False, 'can_see_list': False, 'reactions_as_tags': False, 'recent_reactions': []}",[],
