Channel ID,URL,Post ID,date,message,out,mentioned,media_unread,silent,post,from_scheduled,legacy,edit_hide,pinned,noforwards,peer_channel,from_id_user,fwd_from,via_bot_id,reply_to_msg_id,reply_to_scheduled,forum_topic,media_photo_id,reply_markup,views,forwards,replies,edit_date,post_author,grouped_id,reactions,restriction_reason,ttl_period
premiumtechandroid,https://t.me/premiumtechandroid,16356,2024-01-03 05:51:36,"Avast Secure Browser v7.7.5 b5090 [Premium]

Avast Secure Browser gives you the security of unlimited public websites. This is your choice if you are always worried about the current network security problem that may be stolen or any other problems arise

FEATURE:
* Free private browser
* Built-in AdBlocker
* Ultra-fast VPN
* Safe private browsing
* Stay secure online
* Ad Blocker to block invasive ads and trackers
* Sync bookmarks and history securely across all your devices
* QR scanner
* Sleek interface
* PIN lock and fingerprint unlock
* Anti-tracking protection
* Customizable browsing modes
* Encrypted file downloads and manager
* Private media players
* Video downloader
* Group tabs for better organization
* Popular dark mode
* Private search engine options

📥 Download Link : -
https://RSlinks.net/gwj1c6uk",False,False,False,False,True,False,False,True,False,False,1349577697,,,,,,,6.100374863962291e+18,,711,2,,2024-01-08T16:37:29+00:00,,,"{'_': 'MessageReactions', 'results': [{'_': 'ReactionCount', 'reaction': {'_': 'ReactionEmoji', 'emoticon': '👍'}, 'count': 1, 'chosen_order': None}], 'min': False, 'can_see_list': False, 'reactions_as_tags': False, 'recent_reactions': []}",[],
premiumtechandroid,https://t.me/premiumtechandroid,16357,2024-01-03 05:51:57,"VPN 3000: Ultra Fast & Secure v1.3.1 [Ad-Free]

The fastest VPN in the world is now available. Trusted by over 1 million users.

📥 Download Link : -
https://RSlinks.net/equb5a2p",False,False,False,False,True,False,False,False,False,False,1349577697,,,,,,,6.100374863962291e+18,,695,4,,,,,,[],
premiumtechandroid,https://t.me/premiumtechandroid,16358,2024-01-03 05:52:15,"1DM+: Browser & Downloader v16.0 (Patched)(UltraLite)

1DM+ is the fastest and most advanced download manager (with Torrent download support) available on android. It’s upto 500% faster than normal download. And it doesn’t run background services if there’s nothing to download and Smart download option is disabled which increases battery life.

📥 Download Link : -
https://RSlinks.net/k9qarl5p",False,False,False,False,True,False,False,False,False,False,1349577697,,,,,,,6.100374863962291e+18,,765,3,,,,,,[],
premiumtechandroid,https://t.me/premiumtechandroid,16359,2024-01-03 05:52:27,"Video Downloader by InShot v2.1.7 (Pro)

Browse videos with the built-in browser
Play videos offline with the built-in player
All download formats supported, mp3, m4a, <NRP>, m4v, mov, avi, wmv, doc, xls, pdf, txt, etc.
Auto-detect videos and easily download
Full-featured download manager to pause, resume and remove downloads
Download several files at the same time
Save downloaded files in a password-protected folder
Download videos in the background
SD card supported
Resume failed downloads
Fast download speed
Check the progress in the download bar
HD video download supported
Large file download supported
Download video, music, and pictures
Add bookmarks for your favorite websites

How to Use This Video Downloader

Browse website with the built-in browser
Auto-detect videos, and tap the download button
Choose which video you want to download

📥 Download Link : -
https://RSlinks.net/janbh1u5",False,False,False,False,True,False,False,False,False,False,1349577697,,,,,,,6.100374863962291e+18,,728,3,,,,,,[],
premiumtechandroid,https://t.me/premiumtechandroid,16360,2024-01-03 05:52:37,"<PERSON>: Photo/Video Recovery v3.20.413.66b7 (Premium)

<PERSON> is the #1 recycling bin for Android! It’s the quick, easy way to recover and restore your video and picture files. 

Highlights
✔️ Effortlessly backup your Android apps, media files & more.
✔️ Instantly retrieve important files, recently deleted apps, photos, and videos.
✔️ Deleted photo recovery tool – photo recovery with ease!
✔️ Deleted video recovery, restore photos, or undelete any media.
✔️ Internet connection is not required.
✔️ No need to root your device.
✔️ Backup photos and videos to cloud storage *
✔️ Lock screen capabilities*
✔️ Custom themes & designs*
* Comes with a premium account.

📥 Download Link : -
https://RSlinks.net/zckijeh1",False,False,False,False,True,False,False,False,False,False,1349577697,,,,,,,6.100374863962291e+18,,962,4,,,,,,[],
premiumtechandroid,https://t.me/premiumtechandroid,16361,2024-01-03 05:52:45,"Spotify: Music and Podcasts v8.8.80.599 [Mod]

With Spotify, you can play millions of songs and podcasts for free. Listen to the songs and podcasts you love and find music from all over the world.

📥 Download Link : -
https://RSlinks.net/hilzskjq",False,False,False,False,True,False,False,False,False,False,1349577697,,,,,,,6.100374863962291e+18,,913,2,,,,,,[],
premiumtechandroid,https://t.me/premiumtechandroid,16362,2024-01-05 05:32:14,"FMSnapchat/FouadSnapchat v1.70 (Snapchat Mod <IP_ADDRESS>)(FMSC/FouadSC)

FMSC was developed by FMMods Team which provides many great features which are not present in the original SC

Fake Location Changer
Change your location on snap map
★ Privacy Features
Secret Screenshot without knowing
Anti Screen Record without knowing
Hide View Snap
Hide View Story
Hide Read Messages 
Hide Online in chat
Hide Typing.. in chat
Secret Typing

📥 Download Link : -
https://RSlinks.net/o4pdeqj3",False,False,False,True,True,False,False,False,False,False,1349577697,,,,,,,6.107435472369334e+18,,813,2,,,,,,[],
premiumtechandroid,https://t.me/premiumtechandroid,16363,2024-01-05 05:32:23,"Flud+ v1.10.6 [Paid] [Mod Extra]

Flud is a simple and beautiful BitTorrent client for Android. The power of BitTorrent protocol is now in the palm of your hands. Share files with ease from your phone/tablet. Download files directly to your phone/tablet.

📥 Download Link : -
https://RSlinks.net/yfnraswd",False,False,False,True,True,False,False,False,False,False,1349577697,,,,,,,6.107435472369334e+18,,772,1,,,,,,[],
premiumtechandroid,https://t.me/premiumtechandroid,16364,2024-01-05 05:32:33,"CapCut – Video Editor v10.1.0 [PRO]

CapCut is the official free Video Editor and Video Maker with Music for TikTok that is versatile and easy-to-use.

📥 Download Link : -
https://RSlinks.net/fd7o45kt",False,False,False,True,True,False,False,False,False,False,1349577697,,,,,,,6.107435472369334e+18,,626,1,,,,,,[],
premiumtechandroid,https://t.me/premiumtechandroid,16365,2024-01-05 05:32:44,"PLAYit-All in One Video Player v2.7.10.5 (VIP)

All-in-one video player, music player, video downloader & media manager. All formats supported to play all media files.

📥 Download Link : -
https://RSlinks.net/wnf8garo",False,False,False,True,True,False,False,False,False,False,1349577697,,,,,,,6.107435472369334e+18,,733,1,,,,,,[],
premiumtechandroid,https://t.me/premiumtechandroid,16366,2024-01-05 05:35:01,"Sony LIV:Sports, Entertainment v6.15.54 (Unlocked)(Android TV)

SonyLIV live streaming app brings you TV shows, movies & sports all at one place


Phone - https://RSlinks.net/tjrke8os
Android TV - https://RSlinks.net/qx6k4sdn",False,False,False,False,True,False,False,False,False,False,1349577697,,,,,,,6.107435472369334e+18,,728,3,,,,,,[],
premiumtechandroid,https://t.me/premiumtechandroid,16367,2024-01-05 05:35:16,"Filmora – Video Editor & Maker v13.1.62 (Pro)(Mod Extra)

FilmoraGo – video editor and video maker for YouTube and Tik Tok with over 1000 music, over 5000 stickers and filters, text, audio, emoji, backgrounds, etc.

📥 Download Link : -
https://RSlinks.net/5kc6ax1z",False,False,False,False,True,False,False,False,False,False,1349577697,,,,,,,6.107435472369334e+18,,752,1,,,,,,[],
premiumtechandroid,https://t.me/premiumtechandroid,16368,2024-01-05 05:35:25,"SnapTik v1.7.6 [Pro]

SnapTik - All Video Downloader will help you do that!

📥 Download Link : -
https://RSlinks.net/n1cywifb",False,False,False,False,True,False,False,False,False,False,1349577697,,,,,,,6.107435472369334e+18,,910,2,,,,,,[],
premiumtechandroid,https://t.me/premiumtechandroid,16369,2024-01-05 05:35:33,"3X VPN – Unlimited and Safe v4.9.601 [Mod] [VIP]

3X VPN provides the fastest VPN server for you with the smart connection algorithm. All you need to do is just one tap.

– Unblock social network(SNS), games, video stream content.
– Fake IP Worldwide.
– Fast USA and Brazil VPN proxy server for playing Free Fire and Mobile Legends.
– Fast Australia VPN proxy server for playing PUBG and COD
– Change ip to Europe.
– Switch or change countries with ease.
– Bypass School or Workplace WiFi.
– No log leak, no privacy leak.
– 100% Free to use.
– Enjoy Free and Fast Proxy VPN.

📥 Download Link : -
https://RSlinks.net/twvxlkje",False,False,False,False,True,False,False,True,False,False,1349577697,,,,,,,6.107435472369334e+18,,1036,1,,2024-01-06T04:01:28+00:00,,,"{'_': 'MessageReactions', 'results': [{'_': 'ReactionCount', 'reaction': {'_': 'ReactionEmoji', 'emoticon': '👍'}, 'count': 2, 'chosen_order': None}], 'min': False, 'can_see_list': False, 'reactions_as_tags': False, 'recent_reactions': []}",[],
premiumtechandroid,https://t.me/premiumtechandroid,16370,2024-01-09 05:54:40,"[Exclusive] App Finder vAF 1.0.21 b100 (Premium)

Advanced search for Android apps. Many filters & sortings. Detailed result list.

📥 Download Link : - 
https://RSlinks.net/bics13d7",False,False,False,False,True,False,False,False,False,False,1349577697,,,,,,,6.11852904218242e+18,,856,4,,,,,,[],
premiumtechandroid,https://t.me/premiumtechandroid,16371,2024-01-09 05:54:48,"Friendly Social Browser v8.0.8 [Premium] [Mod Extra]

Friendly is the most complete alternative to your favorite social network.

Download your videos
Take control of your news feed with Keyword Filters.
Sort your news feed by most recent posts.
Block Ads
No need for another messenger app to message your friends
Secure your account with Fingerprint & Passcode Lock
Quickly switch between multiple social media accounts
Beautiful material themes

📥 Download Link : - 
https://RSlinks.net/ar4o3di9",False,False,False,False,True,False,False,False,False,False,1349577697,,,,,,,6.11852904218242e+18,,753,1,,,,,,[],
premiumtechandroid,https://t.me/premiumtechandroid,16372,2024-01-09 05:54:59,"PowerDirector – Video Editor App, Best Video Maker v13.0.0 (Premium)(Mod Extra)(Lite)

Movie maker & video editing app with green screen and effects

📥 Download Link : - 
https://RSlinks.net/epigam94",False,False,False,False,True,False,False,False,False,False,1349577697,,,,,,,6.11852904218242e+18,,747,1,,,,,,[],
premiumtechandroid,https://t.me/premiumtechandroid,16373,2024-01-09 05:55:09,"Adobe Express: Graphic Design v8.25.0 [Pro] [Mod Extra] ❌GPlay Rating 4.6 ⭐️

Find just the right professionally designed template for:
• Stories, social posts, and ads for Instagram, Facebook, Snapchat, Twitter, and Pinterest
• Logos
• Posters and flyers
• Banners
• Photo collages
• Invitations
• Business graphics
• Presentations.

📥 Download Link : - 
https://RSlinks.net/pbgjmayc",False,False,False,False,True,False,False,False,False,False,1349577697,,,,,,,6.11852904218242e+18,,759,4,,,,,,[],
premiumtechandroid,https://t.me/premiumtechandroid,16374,2024-01-09 05:55:20,"<DATE_TIME> Cleaner Pro (clear cache, history log) v4.46 (Patched)(Mod Lite)

1-Tap to clean all cache, search histories, calls log, defaults settings and SD card.

★ 1-tap to clear all cached files
★ 1-tap to clear all search and browser navigation history records
★ 1-tap to clear calls log (incoming, outgoing, missed, frequently contacted)
★ list all default apps and clear selected defaults
★ home screen widget shows cache and available size
★ auto clear all cache and history at a specified interval
★ auto clear cache when the device is low on internal storage space
★ clear cache or history for a specified application
★ notify if apps used cache size large than you specified value
★ list applications by either cache, data, code, total size or app name
★ view application on Market
★ uninstall application
★ open application
★ show application details page

📥 Download Link : - 
https://RSlinks.net/e451i98h",False,False,False,False,True,False,False,False,False,False,1349577697,,,,,,,6.11852904218242e+18,,820,1,,,,,,[],
premiumtechandroid,https://t.me/premiumtechandroid,16375,2024-01-09 05:55:29,"Hermit • Lite Apps Browser v26.1.5 [Premium]

With <PERSON>, you can replace your large native apps with Web-based Lite Apps.

Browse faster, save data, block ads, protect your privacy, browse in Night Mode, Reader View, and customize your Lite Apps with over 20 different settings for every Lite App! All in a 3 MB app.

📥 Download Link : - 
https://RSlinks.net/1473qy8c",False,False,False,False,True,False,False,False,False,False,1349577697,,,,,,,6.11852904218242e+18,,845,2,,,,,,[],
premiumtechandroid,https://t.me/premiumtechandroid,16376,2024-01-09 05:55:41,"MX Player Pro 1.74.6 (Patched)(AC3/DTS)(Mod Extra)(Mod Lite)(UltraLite)

Powerful Android Video Player with Hardware Acceleration and Subtitle Supports

📥 Download Link : - 
https://RSlinks.net/dmh6clkf",False,False,False,False,True,False,False,False,False,False,1349577697,,,,,,,6.11852904218242e+18,,994,3,,,,,,[],
premiumtechandroid,https://t.me/premiumtechandroid,16377,2024-01-09 05:55:52,"Thunder VPN (VIP Unlocked) v5.1.16

Thunder VPN – A high speed, ultra secure, lightning fast VPN by Signal-Lab

Why choose Thunder VPN?
✅ Large number of servers, high-speed bandwidth
✅ Choose apps which using VPN (Android 5.0+ required)
✅ Works with Wi-Fi, 5G, LTE/4G, 3G and all mobile data carriers
✅ Strict no-logging policy
<PERSON> choose server
✅ Well-designed UI
✅ No usage and time limit
✅ No registration or configuration required
✅ No additional permissions required
✅ Tiny size with high performance

❌ GPlay Rating 4.8☆

📥 Download Link : - 
https://RSlinks.net/erlhvmji",False,False,False,False,True,False,False,False,False,False,1349577697,,,,,,,6.11852904218242e+18,,1047,3,,,,,,[],
premiumtechandroid,https://t.me/premiumtechandroid,16378,2024-01-19 05:44:12,"SnapTube – YouTube Downloader HD Video v7.12.0.71250110 [Final] [Vip]

Download Videos from YouTube Upto 8K HDR

VIP Premium features:
– No banner ads.
- Inbuilt AdFree YouTube
– Permanently remove app ads
– Enable ‘Batch download’ feature
– Enable ‘2K, 4K & 8K’ download options.

📥 Download Link : - 
https://RSlinks.net/rgjsab76",False,False,False,True,True,False,False,True,False,False,1349577697,,,,,,,6.147488516305697e+18,,796,2,,2024-02-02T16:17:26+00:00,,,"{'_': 'MessageReactions', 'results': [], 'min': False, 'can_see_list': False, 'reactions_as_tags': False, 'recent_reactions': []}",[],
premiumtechandroid,https://t.me/premiumtechandroid,16379,2024-01-19 05:44:22,"Adobe Premiere Rush v2.8.0.2719 [Unlocked]

Adobe Premiere Rush. This application brings a lot of new features so that users can enjoy the best of video editing.

Mod: 
Premium Unlocked.
Unlimited Export Unlocked.

📥 Download Link : - 
https://RSlinks.net/z45v6cfq",False,False,False,True,True,False,False,False,False,False,1349577697,,,,,,,6.147488516305697e+18,,755,2,,,,,,[],
premiumtechandroid,https://t.me/premiumtechandroid,16380,2024-01-19 05:44:32,"CapCut – Video Editor v10.3.0 [PRO]

CapCut is the official free Video Editor and Video Maker with Music for TikTok that is versatile and easy-to-use.

📥 Download Link : - 
https://RSlinks.net/abxpehcg",False,False,False,False,True,False,False,False,False,False,1349577697,,,,,,,6.147488516305697e+18,,769,2,,,,,,[],
premiumtechandroid,https://t.me/premiumtechandroid,16381,2024-01-19 05:44:42,"<PERSON>: Cloud Storage Space v3.21.7 (Mod)

Get 1024 GB Cloud Storage FOREVER. Back Up your Photos & Videos Automatically!
TeraBox is a free cloud storage tool for data backup, files sharing and video display. Get 1TB (1024 GB) of secure cloud storage, and have extra storage space for your devices.

TeraBox Features:
☁️ FREE cloud drive for backup your documents safely
* 1024GB of free cloud storage to back up all your files.
* Upload multiple types of files to TeraBox.
* Multiple privacy protections.
* Safely storage your files with any devices.
* Quickly access recent and important files.
* Intelligent classified album.
* Sharing the files privately.

📥 Download Link : - 
https://RSlinks.net/3lfozkbx",False,False,False,False,True,False,False,False,False,False,1349577697,,,,,,,6.147488516305697e+18,,721,2,,,,,,[],
premiumtechandroid,https://t.me/premiumtechandroid,16382,2024-01-19 05:44:51,"PLAYit-All in One Video Player v2.<DATE_TIME> (VIP)

All-in-one video player, music player, video downloader & media manager. All formats supported to play all media files.

📥 Download Link : - 
https://RSlinks.net/2zox9vfe",False,False,False,False,True,False,False,False,False,False,1349577697,,,,,,,6.147488516305697e+18,,692,2,,,,,,[],
premiumtechandroid,https://t.me/premiumtechandroid,16383,2024-01-19 05:45:07,"SpotiFlyer: Download Music Version - v3.6.4 ( Latest )

Download All your songs from Spotify, Gaana, Jio Saavn, Youtube Music.

📥 Download Link : - 
https://RSlinks.net/e13rgbmp",False,False,False,False,True,False,False,False,False,False,1349577697,,,,,,,6.147488516305697e+18,,776,7,,,,1.3645144860675292e+16,,[],
premiumtechandroid,https://t.me/premiumtechandroid,16384,2024-01-19 05:45:07,,False,False,False,False,True,False,False,False,False,False,1349577697,,,,,,,6.147488516305697e+18,,736,7,,,,1.3645144860675292e+16,,[],
premiumtechandroid,https://t.me/premiumtechandroid,16385,2024-01-19 05:45:13,"Melon VPN – Unblock Proxy VPN v7.9.633 [Premium]

Melon VPN is a fast, unlimited, stable and useful VPN (Virtual Private Network).

★ Easy Use – only “CONNECT” button – One touch to connect to VPN proxy server and connect a better net.
★ Smart choose server
★ Well-designed UI
★ Choose apps which can using Melon VPN
★ Strict no-log policy
★ No usage and time limit
★ No registration or configuration required
★ No additional permissions required

📥 Download Link : - 
https://RSlinks.net/byc5x9rj",False,False,False,False,True,False,False,False,False,False,1349577697,,,,,,,6.147488516305697e+18,,848,2,,,,,,[],
premiumtechandroid,https://t.me/premiumtechandroid,16386,2024-01-19 05:45:24,"(18+) BluMovies v4.6 [Ad Free] Adult Movies

You will have access to a large number of videos for adults.

100% simple and free to use
No ads
Good list of Movies
The app has a search button

📥 Download Link : - 
https://RSlinks.net/93mcbghi",False,False,False,False,True,False,False,False,False,False,1349577697,,,,,,,6.147488516305697e+18,,991,7,,,,,,[],
premiumtechandroid,https://t.me/premiumtechandroid,16387,2024-01-19 05:45:42,"CloudStream v4.3.0 [Free]

Android app for streaming and downloading Movies, TV-Series and Anime.

Features:
– AdFree, No ads whatsoever
– No tracking/analytics
– Bookmarks
– Download and stream movies, tv-shows and anime
– Chromecast
- Also 18+ Version for Hentai 🔞

📥 Download Link : - 
https://RSlinks.net/5n6rwme3",False,False,False,False,True,False,False,False,False,False,1349577697,,,,,,,6.147488516305697e+18,,1086,6,,,,,,[],
premiumtechandroid,https://t.me/premiumtechandroid,16388,2024-01-24 05:43:49,"Tag You 2.5.2 (Pro)

Tag You - A tool for Boosting your videos - SEO quickly and simply for Social videos with Tag You's proprietary keyword to optimize tags

📥 Download Link : - 
https://RSlinks.net/zeo3i58d",False,False,False,False,True,False,False,False,False,False,1349577697,,,,,,,6.161056962238857e+18,,722,1,,,,1.3648600232299476e+16,,[],
premiumtechandroid,https://t.me/premiumtechandroid,16389,2024-01-24 05:43:49,,False,False,False,False,True,False,False,False,False,False,1349577697,,,,,,,6.161056962238857e+18,,671,1,,,,1.3648600232299476e+16,,[],
premiumtechandroid,https://t.me/premiumtechandroid,16390,2024-01-24 05:43:59,"Recover Deleted Messages v22.6.6 [Pro]

Recover Deleted Messages Instantly!
Discover a powerful tool to restore deleted messages in two simple steps. Your messages are safe with the ultimate tool to retrieve deleted text messages!

✔️ SMS Backup and Restore
✔️ Backup Text Messages
✔️ Restore deleted messages directly to INBOX
✔️ Instant Deleted Messages Recovery

📥 Download Link : - 
https://RSlinks.net/th245pw",False,False,False,False,True,False,False,False,False,False,1349577697,,,,,,,6.161056962238857e+18,,879,4,,,,,,[],
premiumtechandroid,https://t.me/premiumtechandroid,16391,2024-01-24 05:44:12,"<PERSON>! Super Wallpaper v1.2.1 (VIP)

Recharge to activate the shock function, and call for cool 3D wallpapers.

📥 Download Link : - 
https://RSlinks.net/6q8v9fw5",False,False,False,False,True,False,False,False,False,False,1349577697,,,,,,,6.161056962238857e+18,,676,6,,,,,,[],
premiumtechandroid,https://t.me/premiumtechandroid,16392,2024-01-24 05:44:24,"KineMaster-Video Editor&Maker v7.3.7.31637.GP [Premium]

KineMaster is the full-featured video editor you are looking for! KineMaster and all of its editing tools are free to use. This also includes unlimited exports in resolutions up to 4K!

📥 Download Link : - 
https://RSlinks.net/lv6g9pwk",False,False,False,False,True,False,False,False,False,False,1349577697,,,,,,,6.161056962238857e+18,,699,1,,,,,,[],
premiumtechandroid,https://t.me/premiumtechandroid,16393,2024-01-24 05:44:32,"Ad Blocker Pro v4.0.1 [Mod]

Ad Blocker Pro is an ad blocking app with unique features. Make your web surfing faster, safer and more comfortable with Ad Blocker Pro!

– One-tap ON/OFF switching
– Turn off blocking during device sleep
– Can be used with all browser apps.
– Web pages load faster and internet browsing becomes smoother.
– The design of websites and apps becomes easier to see.
– Malware and trackers are also blocked, reducing security risks.
– Data usage can be reduced.

📥 Download Link : - 
https://RSlinks.net/56wyqxsu",False,False,False,False,True,False,False,True,False,False,1349577697,,,,,,,6.161056962238857e+18,,677,2,,2024-02-17T08:51:15+00:00,,,"{'_': 'MessageReactions', 'results': [{'_': 'ReactionCount', 'reaction': {'_': 'ReactionEmoji', 'emoticon': '👍'}, 'count': 1, 'chosen_order': None}], 'min': False, 'can_see_list': False, 'reactions_as_tags': False, 'recent_reactions': []}",[],
premiumtechandroid,https://t.me/premiumtechandroid,16394,2024-01-24 05:44:41,"MX Player v1.76.1 (<PERSON>)

Powerful video player with advanced hardware acceleration and subtitle support.

📥 Download Link : - 
https://RSlinks.net/f58qdz92",False,False,False,False,True,False,False,False,False,False,1349577697,,,,,,,6.161056962238857e+18,,679,3,,,,,,[],
premiumtechandroid,https://t.me/premiumtechandroid,16395,2024-01-24 05:44:53,"(18+) Jizztagram (MOD) v1.0.8 b107

Jizztagram is an app for streaming adult content that has been scraped from all over the internet.

❌ If app doesn't work in your location please use vpn ❌

📥 Download Link : - 
https://RSlinks.net/oe9ld6s",False,False,False,False,True,False,False,True,False,False,1349577697,,,,,,,6.161056962238857e+18,,787,1,,2024-02-10T16:51:36+00:00,,,"{'_': 'MessageReactions', 'results': [{'_': 'ReactionCount', 'reaction': {'_': 'ReactionEmoji', 'emoticon': '👍'}, 'count': 1, 'chosen_order': None}], 'min': False, 'can_see_list': False, 'reactions_as_tags': False, 'recent_reactions': []}",[],
premiumtechandroid,https://t.me/premiumtechandroid,16396,2024-01-24 05:45:07,"Flixclusive v1.3.2 Free HD movies & Tv Show

Flixclusive is a modern streaming service app that provides users with a convenient way to play and watch the latest movies and TV shows available on the internet.

📥 Download Link : - 
https://RSlinks.net/31yj6hbs",False,False,False,False,True,False,False,False,False,False,1349577697,,,,,,,,,910,1,,,,,,[],
premiumtechandroid,https://t.me/premiumtechandroid,16397,2024-01-28 06:27:29,"xH@mster Browser v1.5.2 (+18 Adult Content) [Ad-Free]

xH@mster Browser enables you to have an, safe and fast web experience of browsing xH@mster(dot)com website in order to see more of the content that really matters to you.

📥 Download link : - 
https://RSlinks.net/ybtr6sac",False,False,False,False,True,False,False,False,False,False,1349577697,,,,,,,6.174685542009125e+18,,695,4,,,,,,[],
premiumtechandroid,https://t.me/premiumtechandroid,16398,2024-01-28 06:27:39,"Unseen – No Last Seen v3.1.1 (Premium)

READ YOUR MESSAGES INCOGNITO

Unseen, your contacts won’t know that your are reading their messages.

SUPPORTED CHAT APPS
● Messenger
● WhatsApp
● Instagram
● Viber
● Telegram
● KakaoTalk
● Line
● Imo
● VK

📥 Download link : - 
https://RSlinks.net/e78tyuls",False,False,False,False,True,False,False,False,False,False,1349577697,,,,,,,6.174685542009125e+18,,708,1,,,,,,[],
premiumtechandroid,https://t.me/premiumtechandroid,16399,2024-01-28 06:27:48,"Instander v18.0 (Instagram Mod v300.<IP_ADDRESS>)

You will get Cool Features like Hiding DM Seen Tick, Hide Live Stream, Downloader, Watch Stories of Others Without Letting them know, Full-Size DP Viewer & Much More.

1- Save Photo/Video in Direct Message (DM)
2- Save Self Destruct Photo.
3- Download Video/Photo/IGTV/Story/Reels.
4- View Instagram DP at Full Size
5- Hide View Stories
6- Hide Direct Read Messages
7- Hide View Live Stream (New)
8- Disable Ads (Ad Free)
9- Increase Stories/Reels/IGTV/Photo Quality 
10- Remove Liked Posts
11- Stories autoplay with sound
12- Video AutoPlay
13- Download Reels
14- Disabled Analytics & Crashlytics
15– Indicate <PERSON>

📥 Download link : - 
https://RSlinks.net/j6szm4b1",False,False,False,False,True,False,False,False,False,False,1349577697,,,,,,,6.174685542009125e+18,,691,4,,,,,,[],
premiumtechandroid,https://t.me/premiumtechandroid,16400,2024-01-28 06:27:59,"GreenVPN – Pro VPN Master v1.24 [Paid]

– One-click to connecting VPN
– No registration required, no settings required
– No speed limitation, no bandwidth limitation
– Free Proxy Server & Secure VPN Service
– connect as a hare to unblock sites
– Super fast and high VPN speed

📥 Download link : - 
https://RSlinks.net/pmd8t51x",False,False,False,False,True,False,False,False,False,False,1349577697,,,,,,,6.174685542009125e+18,,690,2,,,,,,[],
premiumtechandroid,https://t.me/premiumtechandroid,16401,2024-01-28 06:28:11,"<PERSON> 5.8.3 (Mod)

The Stargon browser is an lightweight web browser, but has 30 built-in features. Swipe gestures will allow you to go backwards and forwards as fast as turning pages in a book. It's also a secure web browser that blocks safe browsing and discoverable hidden tracking tools.

Gestures
Ad unit
DNS VPN
Custom fonts
Night mode
Downloader
Full Screen
Capture
Safe Browsing
Secret mode
Translate

📥 Download link : - 
https://RSlinks.net/wo4rjkup",False,False,False,False,True,False,False,False,False,False,1349577697,,,,,,,6.174685542009125e+18,,676,1,,,,1.365138633288386e+16,,[],
premiumtechandroid,https://t.me/premiumtechandroid,16402,2024-01-28 06:28:11,,False,False,False,False,True,False,False,False,False,False,1349577697,,,,,,,6.174685542009125e+18,,635,1,,,,1.365138633288386e+16,,[],
premiumtechandroid,https://t.me/premiumtechandroid,16403,2024-01-28 06:28:20,"Boom: Music Player, <PERSON> and Equalizer v2.7.12 [Premium]

Best Music Player with 3D Surround Sound, Music Streaming, EQ, <PERSON>.

Boom is a powerful Music Player with a magical 3D surround sound, powerful <PERSON> and an advanced <NRP>.

1- 3D Magical Surround Sound
2- Stream Spotify & TIDAL with Boom Effects
3- 20000+ Radio & 20000+ Podcast Stations Worldwide
4- Play Music from your Device or Cloud
5- Handcrafted Equalizer Presets
6- Custom Equalizer settings
7- Hi-Resolution Audio Support
8- System-Wide Audio FX

📥 Download link : - 
https://RSlinks.net/gt3wqjfb",False,False,False,False,True,False,False,False,False,False,1349577697,,,,,,,6.174685542009125e+18,,644,3,,,,,,[],
premiumtechandroid,https://t.me/premiumtechandroid,16404,2024-01-28 06:28:34,"Video Downloader: All Socials 1.4.2 (Premium)

Fast and simply download all videos from the Internet with video downloader.

* HD video downloader
* Browse videos with the built-in browser
* Play videos offline with the built-in player
* All download formats supported, mp3, m4a, <NRP>, m4v, mov, avi, wmv, etc.
* Auto detect videos and easily download
* Full-featured download manager to pause, resume and remove downloads
* Download several files at the same time
* Save downloaded files in a password-protected folder
* Download videos in the background
* SD card supported
* Resume failed downloads
* Fast download speed with HD video downloader
* Check the progress in the download bar
* HD video download supported
* Large file download supported
* Download video, music and pictures
* Add bookmarks for your favorite websites

📥 Download link : - 
https://RSlinks.net/gwr7tf2y",False,False,False,False,True,False,False,True,False,False,1349577697,,,,,,,6.174685542009125e+18,,896,4,,2024-02-13T14:49:57+00:00,,1.3651386516923828e+16,"{'_': 'MessageReactions', 'results': [{'_': 'ReactionCount', 'reaction': {'_': 'ReactionEmoji', 'emoticon': '👍'}, 'count': 1, 'chosen_order': None}], 'min': False, 'can_see_list': False, 'reactions_as_tags': False, 'recent_reactions': []}",[],
premiumtechandroid,https://t.me/premiumtechandroid,16405,2024-01-28 06:28:34,,False,False,False,False,True,False,False,False,False,False,1349577697,,,,,,,6.174685542009125e+18,,763,4,,,,1.3651386516923828e+16,,[],
premiumtechandroid,https://t.me/premiumtechandroid,16406,2024-01-28 06:28:44,"<PERSON>: Photo/Video Recovery v3.21.414.61e1 (Premium)

<PERSON> is the #1 recycling bin for Android! It’s the quick, easy way to recover and restore your video and picture files. 

Highlights
✔️ Effortlessly backup your Android apps, media files & more.
✔️ Instantly retrieve important files, recently deleted apps, photos, and videos.
✔️ Deleted photo recovery tool – photo recovery with ease!
✔️ Deleted video recovery, restore photos, or undelete any media.
✔️ Internet connection is not required.
✔️ No need to root your device.
✔️ Backup photos and videos to cloud storage *
✔️ Lock screen capabilities*
✔️ Custom themes & designs*
* Comes with a premium account.

📥 Download link : - 
https://RSlinks.net/imtno54l",False,False,False,False,True,False,False,True,False,False,1349577697,,,,,,,6.174685542009125e+18,,888,2,,2024-02-02T09:55:32+00:00,,,"{'_': 'MessageReactions', 'results': [{'_': 'ReactionCount', 'reaction': {'_': 'ReactionEmoji', 'emoticon': '👍'}, 'count': 1, 'chosen_order': None}], 'min': False, 'can_see_list': False, 'reactions_as_tags': False, 'recent_reactions': []}",[],
premiumtechandroid,https://t.me/premiumtechandroid,16407,2024-01-28 06:28:56,"PLAYit-All in One Video Player v2.7.12.7 (VIP)

All-in-one video player, music player, video downloader & media manager. All formats supported to play all media files.

📥 Download link : - 
https://RSlinks.net/bxtof1sm",False,False,False,False,True,False,False,False,False,False,1349577697,,,,,,,6.174685542009125e+18,,943,2,,,,,,[],
premiumtechandroid,https://t.me/premiumtechandroid,16408,2024-02-07 05:08:23,"SnapTik v1.8.1 [Pro]

SnapTik - All Video Downloader will help you do that!

📥 Download Link : - 
https://RSlinks.net/6umgz4c3",False,False,False,False,True,False,False,False,False,False,1349577697,,,,,,,6.204239495440742e+18,,133,1,,,,,,[],
premiumtechandroid,https://t.me/premiumtechandroid,16409,2024-02-07 05:08:33,"Ad Blocker Pro v4.0.3 [Mod]

Ad Blocker Pro is an ad blocking app with unique features. Make your web surfing faster, safer and more comfortable with Ad Blocker Pro!

– One-tap ON/OFF switching
– Turn off blocking during device sleep
– Can be used with all browser apps.
– Web pages load faster and internet browsing becomes smoother.
– The design of websites and apps becomes easier to see.
– Malware and trackers are also blocked, reducing security risks.
– Data usage can be reduced.

📥 Download Link : - 
https://RSlinks.net/yhp8df5g",False,False,False,False,True,False,False,False,False,False,1349577697,,,,,,,6.204239495440742e+18,,137,1,,,,,,[],
premiumtechandroid,https://t.me/premiumtechandroid,16410,2024-02-07 05:08:43,"BitTorrent® - Torrent Downloads v8.1.1 [Pro]

Find torrents and download them directly to your phone or tablet, AD-FREE, with the official BitTorrent® Pro app for Android -- now with battery saving and auto-shutdown features

📥 Download Link : - 
https://RSlinks.net/myec9asz",False,False,False,False,True,False,False,False,False,False,1349577697,,,,,,,6.204239495440742e+18,,128,1,,,,,,[],
premiumtechandroid,https://t.me/premiumtechandroid,16411,2024-02-07 05:08:52,"<PERSON>: Photo/Video Recovery v3.22.415.2127 (Premium)

<PERSON> is the #1 recycling bin for Android! It’s the quick, easy way to recover and restore your video and picture files. 

Highlights
✔️ Effortlessly backup your Android apps, media files & more.
✔️ Instantly retrieve important files, recently deleted apps, photos, and videos.
✔️ Deleted photo recovery tool – photo recovery with ease!
✔️ Deleted video recovery, restore photos, or undelete any media.
✔️ Internet connection is not required.
✔️ No need to root your device.
✔️ Backup photos and videos to cloud storage *
✔️ Lock screen capabilities*
✔️ Custom themes & designs*

📥 Download Link : - 
https://RSlinks.net/kcpelahj",False,False,False,False,True,False,False,False,False,False,1349577697,,,,,,,6.204239495440742e+18,,132,1,,,,,,[],
premiumtechandroid,https://t.me/premiumtechandroid,16412,2024-02-07 05:09:02,"ProShot v8.22.4 build 482 [Paid]

Welcome to ProShot, the most powerful camera app in the world
Auto, Program, Manual, and two fully configurable Custom modes, just like a DSLR*

❎ GPlay Rating 4.5☀️

📥 Download Link : - 
https://RSlinks.net/4mjdkwhe",False,False,False,False,True,False,False,False,False,False,1349577697,,,,,,,6.204239495440742e+18,,131,1,,,,,,[],
premiumtechandroid,https://t.me/premiumtechandroid,16413,2024-02-07 05:09:13,"Turbo VPN – Secure VPN Proxy <IP_ADDRESS> (Premium)

Turbo VPN Premium gives you fast reliable network access for lifetime.

★ More than 500++ Servers
★ Premium and Lifetime
★ Fastest – Super fast and high VPN speed
★ Works with Wi-Fi, LTE/4G, 3G and all mobile data carriers
★ No Login
★ No usage and time limit
★ No registration or configuration required
★ No additional permissions required Turbo VPN Premium Bypass location restrictions at super fast speeds. 

📥 Download Link : - 
https://RSlinks.net/1o9usdmr",False,False,False,False,True,False,False,False,False,False,1349577697,,,,,,,6.204239495440742e+18,,151,1,,,,,,[],
premiumtechandroid,https://t.me/premiumtechandroid,16414,2024-02-07 05:09:24,"HD Video Player All Formats v11.1.0.74 (Premium)

Video player (MP3 player) for all formats like mp3, <NRP>, MOV, etc. It gives the list of features to play videos and songs. This player supports all video formats like HD, Full HD, 4K, Ultra HD video files. It is one of the best Powerful HD video player for android.

📥 Download Link : - 
https://RSlinks.net/riw5fex9",False,False,False,False,True,False,False,False,False,False,1349577697,,,,,,,6.204239495440742e+18,,156,1,,,,1.3658260514327556e+16,,[],
premiumtechandroid,https://t.me/premiumtechandroid,16415,2024-02-07 05:09:24,,False,False,False,False,True,False,False,False,False,False,1349577697,,,,,,,6.204239495440742e+18,,156,1,,,,1.3658260514327556e+16,,[],
premiumtechandroid,https://t.me/premiumtechandroid,16416,2024-02-07 05:09:35,"ViewBox v1.7.18 [Mod]

ViewBox is an application for Android devices (including tablets, TV) for downloading and watching a variety of movies, series, cartoons, TV shows and more.

ViewBox is a new online movie theater for smartphones and Android TV. Tens of thousands of movies, series, cartoons and anime for free in resolutions from SD to Full HD.

Main features:

- a large collection of movies, series and cartoons from many sources
- built-in player in which you can change the playback quality
- sections for bookmarks and favorites have been added to the ViewBox main menu
- convenient content selection (by default, the last episode of the series is played)
- extended support for Android TV, TV boxes and standard remote

📥 Download Link : - 
https://RSlinks.net/wfxdtpji",False,False,False,False,True,False,False,False,False,False,1349577697,,,,,,,6.204239495440742e+18,,206,2,,,,,,[],
premiumtechandroid,https://t.me/premiumtechandroid,16417,2024-02-07 05:09:49,"Ocean Streamz v3.1.4 b15 Premium Mod

Watch movies, tv shows, Anime & live TV for free on any Android device, Android TV, Amazon
Fire Stick, Fire TV, Nvidia Shield, etc without Ads

📥 Download Link : - 
https://RSlinks.net/chetkqao",False,False,False,False,True,False,False,True,False,False,1349577697,,,,,,,6.204239495440742e+18,,232,3,,2024-02-09T05:39:39+00:00,,1.3658260715599804e+16,"{'_': 'MessageReactions', 'results': [{'_': 'ReactionCount', 'reaction': {'_': 'ReactionEmoji', 'emoticon': '👍'}, 'count': 2, 'chosen_order': None}], 'min': False, 'can_see_list': False, 'reactions_as_tags': False, 'recent_reactions': []}",[],
premiumtechandroid,https://t.me/premiumtechandroid,16418,2024-02-07 05:09:49,,False,False,False,False,True,False,False,False,False,False,1349577697,,,,,,,6.204239495440742e+18,,230,3,,,,1.3658260715599804e+16,,[],
