Channel ID,URL,Post ID,date,message,out,mentioned,media_unread,silent,post,from_scheduled,legacy,edit_hide,pinned,noforwards,peer_channel,from_id_user,fwd_from,via_bot_id,reply_to_msg_id,reply_to_scheduled,forum_topic,media_photo_id,reply_markup,views,forwards,replies,edit_date,post_author,grouped_id,reactions,restriction_reason,ttl_period
teamezra,https://t.me/teamezra,947,2024-01-01 23:18:01,,False,False,False,False,True,False,False,True,False,False,1161438913,,,,,,,,,3372.0,1.0,"{'_': 'MessageReplies', 'replies': 3, 'replies_pts': 28021, 'comments': True, 'recent_repliers': [{'_': 'PeerUser', 'user_id': 1665564124}, {'_': 'PeerUser', 'user_id': 1050888090}], 'channel_id': 1672445553, 'max_id': 18199, 'read_max_id': None}",2024-01-02T06:58:30+00:00,,,"{'_': 'MessageReactions', 'results': [{'_': 'ReactionCount', 'reaction': {'_': 'ReactionEmoji', 'emoticon': '👍'}, 'count': 2, 'chosen_order': None}], 'min': False, 'can_see_list': False, 'reactions_as_tags': False, 'recent_reactions': []}",[],
teamezra,https://t.me/teamezra,948,2024-01-08 01:11:38,"CAPCUT VIDEO EDITOR
📢 Version: 10.7.0 (<DATE_TIME>)
⚙️ Mod feature: #latest
      ➕ Premium unlocked
      ➕ Exclusive- Unique on Net  

◀️ Premium Activated
◀️ Must Use VPN Using Pro
✅ Secret Creator Mode Enabled 
➖ Category:
#CapcutMod #CapcutPro
👑 App Info : ClickHere
⚠ Must Enable Business Creator Mode in Settings for Using Pro Features 
⭐️ Released by - @teamezra

React 🔥 if it support on your device
❤️ Read Mod Instructions
❤️ Enable Business Creator Mode
❤️ Must Use Good Vpn

Join my backup channel @ezramods",False,False,False,False,True,False,False,False,False,False,1161438913,,,,,,,,,2753.0,58.0,"{'_': 'MessageReplies', 'replies': 15, 'replies_pts': 28021, 'comments': True, 'recent_repliers': [{'_': 'PeerUser', 'user_id': 889839684}, {'_': 'PeerUser', 'user_id': 1446028373}, {'_': 'PeerUser', 'user_id': 1859643875}], 'channel_id': 1672445553, 'max_id': 18620, 'read_max_id': None}",2024-01-08T22:59:25+00:00,,,"{'_': 'MessageReactions', 'results': [{'_': 'ReactionCount', 'reaction': {'_': 'ReactionEmoji', 'emoticon': '👍'}, 'count': 30, 'chosen_order': None}, {'_': 'ReactionCount', 'reaction': {'_': 'ReactionEmoji', 'emoticon': '🔥'}, 'count': 21, 'chosen_order': None}, {'_': 'ReactionCount', 'reaction': {'_': 'ReactionEmoji', 'emoticon': '👏'}, 'count': 20, 'chosen_order': None}, {'_': 'ReactionCount', 'reaction': {'_': 'ReactionEmoji', 'emoticon': '❤'}, 'count': 16, 'chosen_order': None}, {'_': 'ReactionCount', 'reaction': {'_': 'ReactionEmoji', 'emoticon': '😁'}, 'count': 16, 'chosen_order': None}, {'_': 'ReactionCount', 'reaction': {'_': 'ReactionEmoji', 'emoticon': '🥰'}, 'count': 12, 'chosen_order': None}, {'_': 'ReactionCount', 'reaction': {'_': 'ReactionEmoji', 'emoticon': '🎉'}, 'count': 11, 'chosen_order': None}, {'_': 'ReactionCount', 'reaction': {'_': 'ReactionEmoji', 'emoticon': '👌'}, 'count': 7, 'chosen_order': None}, {'_': 'ReactionCount', 'reaction': {'_': 'ReactionEmoji', 'emoticon': '🏆'}, 'count': 2, 'chosen_order': None}, {'_': 'ReactionCount', 'reaction': {'_': 'ReactionEmoji', 'emoticon': '😘'}, 'count': 2, 'chosen_order': None}, {'_': 'ReactionCount', 'reaction': {'_': 'ReactionEmoji', 'emoticon': '😭'}, 'count': 1, 'chosen_order': None}], 'min': False, 'can_see_list': False, 'reactions_as_tags': False, 'recent_reactions': []}",[],
teamezra,https://t.me/teamezra,949,2024-01-12 15:18:09,"Alight Motion Elite [Pro]

💕Mod Info:
๏ Paid/Premium Features Unlocked
๏ Ads Disabled Removed
๏ Added XML Project import & Export

☀️Join my backup channel @ezramods",False,False,False,False,True,False,False,True,False,False,1161438913,,,,,,,,,2239.0,23.0,"{'_': 'MessageReplies', 'replies': 9, 'replies_pts': 28021, 'comments': True, 'recent_repliers': [{'_': 'PeerUser', 'user_id': 951855154}, {'_': 'PeerUser', 'user_id': 1050888090}], 'channel_id': 1672445553, 'max_id': 18599, 'read_max_id': None}",2024-01-12T15:25:34+00:00,,,"{'_': 'MessageReactions', 'results': [{'_': 'ReactionCount', 'reaction': {'_': 'ReactionEmoji', 'emoticon': '❤'}, 'count': 6, 'chosen_order': None}, {'_': 'ReactionCount', 'reaction': {'_': 'ReactionEmoji', 'emoticon': '👍'}, 'count': 1, 'chosen_order': None}, {'_': 'ReactionCount', 'reaction': {'_': 'ReactionEmoji', 'emoticon': '💯'}, 'count': 1, 'chosen_order': None}, {'_': 'ReactionCount', 'reaction': {'_': 'ReactionEmoji', 'emoticon': '💔'}, 'count': 1, 'chosen_order': None}, {'_': 'ReactionCount', 'reaction': {'_': 'ReactionEmoji', 'emoticon': '😘'}, 'count': 1, 'chosen_order': None}], 'min': False, 'can_see_list': False, 'reactions_as_tags': False, 'recent_reactions': []}",[],
teamezra,https://t.me/teamezra,950,2024-01-12 15:18:26,"Alight Motion [Ultra]

💕Mod Info:
๏ Clone Version (faster)
๏ Paid/Premium Features Unlocked
๏ Ads Disabled Removed
๏ Added XML Project import & Export

☀️Join my backup channel @ezramods",False,False,False,False,True,False,False,True,False,False,1161438913,,,,,,,,,2326.0,37.0,"{'_': 'MessageReplies', 'replies': 21, 'replies_pts': 28021, 'comments': True, 'recent_repliers': [{'_': 'PeerUser', 'user_id': 609517172}, {'_': 'PeerUser', 'user_id': 7020636762}, {'_': 'PeerUser', 'user_id': 799888335}], 'channel_id': 1672445553, 'max_id': 18950, 'read_max_id': None}",2024-01-12T15:25:33+00:00,,,"{'_': 'MessageReactions', 'results': [{'_': 'ReactionCount', 'reaction': {'_': 'ReactionEmoji', 'emoticon': '❤'}, 'count': 12, 'chosen_order': None}, {'_': 'ReactionCount', 'reaction': {'_': 'ReactionEmoji', 'emoticon': '🔥'}, 'count': 3, 'chosen_order': None}, {'_': 'ReactionCount', 'reaction': {'_': 'ReactionEmoji', 'emoticon': '👍'}, 'count': 2, 'chosen_order': None}, {'_': 'ReactionCount', 'reaction': {'_': 'ReactionEmoji', 'emoticon': '👌'}, 'count': 2, 'chosen_order': None}, {'_': 'ReactionCount', 'reaction': {'_': 'ReactionEmoji', 'emoticon': '🤝'}, 'count': 1, 'chosen_order': None}], 'min': False, 'can_see_list': False, 'reactions_as_tags': False, 'recent_reactions': []}",[],
teamezra,https://t.me/teamezra,952,2024-03-09 06:57:41,"<NRP> PUREPIXEL HD + Converter 💎 
📢Version : 2024.03 (103) #Latest
       👑 Paid Application 50rs for every update
😔 <PERSON>: #update
┏<PERSON>➡️ No Watermark
➡️ Get HD + videos In WhatsApp
<PERSON> 
#PurePixelMod #PurePixelPro
✅ App Info: ClickHere

⭐ Purchase Activation Key : pm <PERSON>

⭐ Modded By @teamezra

for key pm : <PERSON>
50₹ per each update

<PERSON> version also available for those who have low end device.for those purepuxel crash",False,False,False,False,True,False,False,False,False,False,1161438913,,,,,,,,,337.0,9.0,"{'_': 'MessageReplies', 'replies': 12, 'replies_pts': 28082, 'comments': True, 'recent_repliers': [{'_': 'PeerUser', 'user_id': 1050888090}, {'_': 'PeerUser', 'user_id': 784800932}, {'_': 'PeerUser', 'user_id': 759549681}], 'channel_id': 1672445553, 'max_id': 19044, 'read_max_id': None}",2024-03-09T09:57:36+00:00,,,"{'_': 'MessageReactions', 'results': [{'_': 'ReactionCount', 'reaction': {'_': 'ReactionEmoji', 'emoticon': '❤\u200d🔥'}, 'count': 3, 'chosen_order': None}, {'_': 'ReactionCount', 'reaction': {'_': 'ReactionEmoji', 'emoticon': '❤'}, 'count': 3, 'chosen_order': None}, {'_': 'ReactionCount', 'reaction': {'_': 'ReactionEmoji', 'emoticon': '😘'}, 'count': 3, 'chosen_order': None}, {'_': 'ReactionCount', 'reaction': {'_': 'ReactionEmoji', 'emoticon': '👍'}, 'count': 2, 'chosen_order': None}, {'_': 'ReactionCount', 'reaction': {'_': 'ReactionEmoji', 'emoticon': '🥰'}, 'count': 1, 'chosen_order': None}, {'_': 'ReactionCount', 'reaction': {'_': 'ReactionEmoji', 'emoticon': '👌'}, 'count': 1, 'chosen_order': None}, {'_': 'ReactionCount', 'reaction': {'_': 'ReactionEmoji', 'emoticon': '🏆'}, 'count': 1, 'chosen_order': None}], 'min': False, 'can_see_list': False, 'reactions_as_tags': False, 'recent_reactions': []}",[],
