id,Channel ID,URL,message,date,views,forwards,reactions
558,krazzzzysam,https://t.me/krazzzzysam,"N@ughty g!rl 2023 Movie Hindi Dubbed Download link here 👇👇

  • 480p 👇
   https://ziplinker.net/Opyc

  • 720p 👇
    https://ziplinker.net/HJkEMkyO
_ _ _ _ _ _ _ _ _ _ _ _ _ _ _ _ _ _

Movie ke bare me iss reel me btaya <PERSON>
https://www.instagram.com/reel/C3c4AKKPd0o/?igsh=MWZpcXlsaXV6NDZ1cQ==

        ⚠️ IMPORTANT ⚠️

• Jisko Download Karne Mai Problem Ho wo ye
   wali video dekhlo 👇👇

https://t.me/KrazzzzySam/541

agr ad blocker show <PERSON> to phone ki settings me jakr private DNS off <PERSON> download <PERSON>",2024-02-17T14:24:25+00:00,221165.0,238.0,"👍: 130, ❤: 13, 🔥: 4, 🥰: 3, 😁: 2"
75428,krazzzzysam,https://t.me/krazzzzysam,Download nhi ho rhi,2024-03-18T11:05:11+00:00,,,👍: 1
73338,krazzzzysam,https://t.me/krazzzzysam,Help me,2024-02-23T05:16:07+00:00,,,
73337,krazzzzysam,https://t.me/krazzzzysam,Link open <PERSON> bhai,2024-02-23T05:15:30+00:00,,,
73216,krazzzzysam,https://t.me/krazzzzysam,"<PERSON>  leak video dekhna hai tho  DM me ₹49 ""350+ video",2024-02-21T07:17:32+00:00,,,
73119,krazzzzysam,https://t.me/krazzzzysam,<PERSON>,2024-02-20T09:41:44+00:00,,,
73060,krazzzzysam,https://t.me/krazzzzysam,Bhai movie 18+ ka problem <PERSON> hai,2024-02-19T11:41:23+00:00,,,
73039,krazzzzysam,https://t.me/krazzzzysam,<PERSON>,2024-02-19T08:20:21+00:00,,,
73018,krazzzzysam,https://t.me/krazzzzysam,Ice age movie all episodes please,2024-02-19T02:02:15+00:00,,,
72957,krazzzzysam,https://t.me/krazzzzysam,Id,2024-02-18T08:08:20+00:00,,,
72956,krazzzzysam,https://t.me/krazzzzysam,Krazy bro,2024-02-18T08:08:11+00:00,,,
72954,krazzzzysam,https://t.me/krazzzzysam,Fast& furious all parts <PERSON>,2024-02-18T07:50:22+00:00,,,
72951,krazzzzysam,https://t.me/krazzzzysam,Instagram or kya I'd <PERSON>,2024-02-18T07:40:23+00:00,,,
72950,krazzzzysam,https://t.me/krazzzzysam,Second part <PERSON>,2024-02-18T07:40:12+00:00,,,
72937,krazzzzysam,https://t.me/krazzzzysam,Hi,2024-02-18T04:36:41+00:00,,,
72928,krazzzzysam,https://t.me/krazzzzysam,"Today Video's Viral 📸😍🔥

01. <PERSON> 🔥📸
https://t.me/+5HuCxwWqUfU5YzAx

02. Instagram viral video <PERSON>
https://t.me/+LquS72BHz_w0NzYx

03. Sexmex watch videos <PERSON>
https://t.me/+flyaceul9RdkMzBh

04. <PERSON> 📸🔥
https://t.me/+_rczzHlVY-syZDY5

<DATE_TIME>. Fully adult videos 📷😀
https://t.me/+SEJ5ku1wxXw5ZmM5

06. <NRP> Bhabhi Videos 🔥
https://t.me/+fBDeZMuJY_04MTNh

<DATE_TIME>. Tharki 2.0😍🔥
https://t.me/+_JgYJkUFSb1jYmYx

<DATE_TIME>. New ∆dult Viral🍑🔞
https://t.me/+1ntVpecITfQ3NjJh

<DATE_TIME>. Desi 2.0 🥵
https://t.me/+CV2Kxv0MgXxlMDVh

10. new adult xxx videos, <PERSON>
https://t.me/+Pa6EOeOSwiE1M2Qx",2024-02-18T02:20:20+00:00,,,😁: 1
72893,krazzzzysam,https://t.me/krazzzzysam,Hi,2024-02-17T17:09:56+00:00,,,
72890,krazzzzysam,https://t.me/krazzzzysam,Muje dm kro <PERSON> movies <PERSON>,2024-02-17T17:07:59+00:00,,,
72884,krazzzzysam,https://t.me/krazzzzysam,Hindi me he kya,2024-02-17T15:57:34+00:00,,,
72875,krazzzzysam,https://t.me/krazzzzysam,Hello,2024-02-17T14:53:22+00:00,,,
72874,krazzzzysam,https://t.me/krazzzzysam,<PERSON> movie <PERSON>,2024-02-17T14:47:07+00:00,,,
72872,krazzzzysam,https://t.me/krazzzzysam,<PERSON>,2024-02-17T14:25:40+00:00,,,
72871,krazzzzysam,https://t.me/krazzzzysam,Aakhir aa hi gya,2024-02-17T14:25:31+00:00,,,
