id,Channel ID,URL,message,date,views,forwards,reactions
481,krazzzzysam,https://t.me/krazzzzysam,"Sallar movie KGF se <PERSON>? <PERSON>

<PERSON>
<PERSON>
<PERSON>

YouTube pr jakr ye video dekho ❤️✨",2023-12-28T07:34:52+00:00,293299.0,100.0,"👍: 179, 👎: 66, ❤: 30, 🤮: 28, 🔥: 12, 🥰: 9"
73911,krazzzzysam,https://t.me/krazzzzysam,<PERSON> super <DATE_TIME> new event,2024-03-01T14:14:07+00:00,,,
69623,krazzzzysam,https://t.me/krazzzzysam,"Hi
my friend
<PERSON> me movies / Web series /  TV shows  download <PERSON> to join karo mere telegram channel ko

Telegram channel name :  Tlsbro 
Link ⬇️

https://t.me/+5lkJC4v3gMM2Yjc9",2024-01-29T15:47:39+00:00,,,
66733,krazzzzysam,https://t.me/krazzzzysam,Sallar move,2024-01-16T15:43:51+00:00,,,
65786,krazzzzysam,https://t.me/krazzzzysam,Hallo,2024-01-11T04:59:24+00:00,,,
65068,krazzzzysam,https://t.me/krazzzzysam,"Bhai full movie🔗 hindi⚡ me available👇💦 he 🧐
Hot 🥵and sexy 👙 movie🔗 👇👇👇
(Request for any movie) 
https://t.me/movieflixzzzORG
https://t.me/movieflixzzzORG
https://t.me/movieflixzzzORG",2024-01-08T05:47:56+00:00,,,
65055,krazzzzysam,https://t.me/krazzzzysam,"Bhai full movie🔗 hindi⚡ me available👇💦 he 🧐
Hot 🥵and sexy 👙 movie🔗 👇👇👇
(Request for any movie) 
https://t.me/movieflixzzzORG
https://t.me/movieflixzzzORG
https://t.me/movieflixzzzORG",2024-01-08T05:45:33+00:00,,,
65054,krazzzzysam,https://t.me/krazzzzysam,"Bhai full movie🔗 hindi⚡ me available👇💦 he 🧐
Hot 🥵and sexy 👙 movie🔗 👇👇👇
(Request for any movie) 
https://t.me/movieflixzzzORG
https://t.me/movieflixzzzORG
https://t.me/movieflixzzzORG",2024-01-08T05:45:33+00:00,,,
65046,krazzzzysam,https://t.me/krazzzzysam,<PERSON>,2024-01-08T04:57:12+00:00,,,
65001,krazzzzysam,https://t.me/krazzzzysam,Hii,2024-01-08T01:57:08+00:00,,,
64954,krazzzzysam,https://t.me/krazzzzysam,Rrr,2024-01-07T17:42:36+00:00,,,
64953,krazzzzysam,https://t.me/krazzzzysam,Salar,2024-01-07T17:42:31+00:00,,,
64425,krazzzzysam,https://t.me/krazzzzysam,"Bhai full movie🔗 hindi⚡ me available👇💦 he 🧐
Hot 🥵and sexy 👙 movie🔗 👇👇👇
(Request for any movie) 
https://t.me/movieflixzzzORG
https://t.me/movieflixzzzORG
https://t.me/movieflixzzzORG",2024-01-06T09:15:05+00:00,,,
64412,krazzzzysam,https://t.me/krazzzzysam,<PERSON> movie <PERSON>,2024-01-06T08:37:16+00:00,,,
64381,krazzzzysam,https://t.me/krazzzzysam,"Bhai full movie🔗 hindi⚡ me available👇💦 he 🧐
Hot 🥵and sexy 👙 movie🔗 👇👇👇
(Request for any movie) 
https://t.me/movieflixzzzORG
https://t.me/movieflixzzzORG
https://t.me/movieflixzzzORG",2024-01-06T08:30:55+00:00,,,
64279,krazzzzysam,https://t.me/krazzzzysam,"Bhai full movie🔗 hindi⚡ me available👇💦 he 🧐
Hot 🥵and sexy 👙 movie🔗 👇👇👇
(Request for any movie) 
https://t.me/movieflixzzzORG
https://t.me/movieflixzzzORG
https://t.me/movieflixzzzORG",2024-01-06T08:19:11+00:00,,,👍: 1
64130,krazzzzysam,https://t.me/krazzzzysam,Movie nhi aa <PERSON>,2024-01-06T02:29:02+00:00,,,
63917,krazzzzysam,https://t.me/krazzzzysam,"Full movie link
 https://t.me/+PcgwQd3NLmZmMWE9

Join now 👆👆👆",2024-01-05T10:27:23+00:00,,,
63910,krazzzzysam,https://t.me/krazzzzysam,Animal,2024-01-05T09:55:06+00:00,,,
63748,krazzzzysam,https://t.me/krazzzzysam,No kgf,2024-01-04T14:57:32+00:00,,,
63728,krazzzzysam,https://t.me/krazzzzysam,No,2024-01-04T13:50:53+00:00,,,
63522,krazzzzysam,https://t.me/krazzzzysam,"Bhai full movie <PERSON> dubbed👇 me available he 👇
Sexy movies available💦💦💦
https://t.me/movieflixzzzORG
https://t.me/movieflixzzzORG
https://t.me/movieflixzzzORG",2024-01-03T11:24:10+00:00,,,
63508,krazzzzysam,https://t.me/krazzzzysam,"<PERSON> full movie link in

https://t.me/+KbdFrCcdTB05ZGZl

Join now 👆👆👆",2024-01-03T10:12:42+00:00,,,
63498,krazzzzysam,https://t.me/krazzzzysam,<PERSON> movie,2024-01-03T09:40:59+00:00,,,
63459,krazzzzysam,https://t.me/krazzzzysam,https://t.me/Movie3sk,2024-01-03T04:26:08+00:00,,,
63458,krazzzzysam,https://t.me/krazzzzysam,https://t.me/Movie3sk,2024-01-03T04:26:06+00:00,,,
63457,krazzzzysam,https://t.me/krazzzzysam,https://t.me/Movie3sk,2024-01-03T04:26:05+00:00,,,
63425,krazzzzysam,https://t.me/krazzzzysam,Xxxx,2024-01-03T02:16:07+00:00,,,
62722,krazzzzysam,https://t.me/krazzzzysam,Dunki movie share kro yrr,2023-12-30T13:39:26+00:00,,,
62678,krazzzzysam,https://t.me/krazzzzysam,"Bhai full movie <PERSON> dubbed👇 me available he 👇
Sexy movies available💦💦💦
https://t.me/movieflixzzzORG
https://t.me/movieflixzzzORG
https://t.me/movieflixzzzORG",2023-12-30T08:39:36+00:00,,,
62665,krazzzzysam,https://t.me/krazzzzysam,<PERSON> do na wonder women ka,2023-12-30T08:15:05+00:00,,,
62664,krazzzzysam,https://t.me/krazzzzysam,Wonder women movie link <PERSON>,2023-12-30T08:14:09+00:00,,,
62648,krazzzzysam,https://t.me/krazzzzysam,<PERSON> movies chahiye toh personally massage <PERSON>...👍,2023-12-30T07:48:49+00:00,,,
62635,krazzzzysam,https://t.me/krazzzzysam,Msg me,2023-12-30T07:29:26+00:00,,,
62605,krazzzzysam,https://t.me/krazzzzysam,"Bhai full movie <PERSON> dubbed👇 me available he 👇
Sexy movies available💦💦💦
https://t.me/movieflixzzzORG
https://t.me/movieflixzzzORG
https://t.me/movieflixzzzORG",2023-12-30T04:02:08+00:00,,,
62601,krazzzzysam,https://t.me/krazzzzysam,"Bhai full movie <PERSON> dubbed👇 me available he 👇
Sexy movies available💦💦💦
https://t.me/movieflixzzzORG
https://t.me/movieflixzzzORG
https://t.me/movieflixzzzORG",2023-12-30T03:46:38+00:00,,,
62558,krazzzzysam,https://t.me/krazzzzysam,Nhi mili bro,2023-12-29T17:50:40+00:00,,,
62541,krazzzzysam,https://t.me/krazzzzysam,"Bhai full movie <PERSON> dubbed👇 me available he 👇

https://t.me/movieflixzzzORG
https://t.me/movieflixzzzORG
https://t.me/movieflixzzzORG",2023-12-29T17:06:31+00:00,,,
62537,krazzzzysam,https://t.me/krazzzzysam,"Bhai full movie <PERSON> dubbed👇 me available he 👇

https://t.me/movieflixzzzORG
https://t.me/movieflixzzzORG
https://t.me/movieflixzzzORG",2023-12-29T17:06:30+00:00,,,
62516,krazzzzysam,https://t.me/krazzzzysam,Wonder women movie link de do please,2023-12-29T15:28:56+00:00,,,
62510,krazzzzysam,https://t.me/krazzzzysam,Nhi bhai mja nhi aaya,2023-12-29T14:29:58+00:00,,,
62343,krazzzzysam,https://t.me/krazzzzysam,"Bhai full movie <PERSON> dubbed👇 me available he 👇

https://t.me/movieflixzzzORG
https://t.me/movieflixzzzORG
https://t.me/movieflixzzzORG",2023-12-28T17:38:29+00:00,,,
62342,krazzzzysam,https://t.me/krazzzzysam,<PERSON> achi nhi he,2023-12-28T17:26:02+00:00,,,
62339,krazzzzysam,https://t.me/krazzzzysam,<PERSON>,2023-12-28T17:17:54+00:00,,,
62338,krazzzzysam,https://t.me/krazzzzysam,Hunterr,2023-12-28T17:17:44+00:00,,,
62336,krazzzzysam,https://t.me/krazzzzysam,<PERSON>,2023-12-28T17:17:28+00:00,,,
62334,krazzzzysam,https://t.me/krazzzzysam,"Bhai full movie <PERSON> dubbed👇 me available he 👇

https://t.me/movieflixzzzORG
https://t.me/movieflixzzzORG
https://t.me/movieflixzzzORG",2023-12-28T16:45:38+00:00,,,
62326,krazzzzysam,https://t.me/krazzzzysam,<PERSON> na hindi me,2023-12-28T16:32:03+00:00,,,
62313,krazzzzysam,https://t.me/krazzzzysam,<PERSON>,2023-12-28T14:16:34+00:00,,,
62311,krazzzzysam,https://t.me/krazzzzysam,<PERSON> copy <PERSON>,2023-12-28T14:12:00+00:00,,,
62304,krazzzzysam,https://t.me/krazzzzysam,"Bhai full movie <PERSON> dubbed👇 me available he 👇

https://t.me/movieflixzzzORG
https://t.me/movieflixzzzORG
https://t.me/movieflixzzzORG",2023-12-28T14:05:56+00:00,,,
62302,krazzzzysam,https://t.me/krazzzzysam,No KGF is best,2023-12-28T13:57:56+00:00,,,
62301,krazzzzysam,https://t.me/krazzzzysam,"All Free OTP
<PERSON>",2023-12-28T13:45:43+00:00,,,
62300,krazzzzysam,https://t.me/krazzzzysam,<PERSON>,2023-12-28T13:09:08+00:00,,,
62290,krazzzzysam,https://t.me/krazzzzysam,https://t.me/movieflixzzzORG/3059,2023-12-28T12:04:56+00:00,,,
62282,krazzzzysam,https://t.me/krazzzzysam,No,2023-12-28T11:50:53+00:00,,,
62276,krazzzzysam,https://t.me/krazzzzysam,https://t.me/Utsavfilm,2023-12-28T11:47:33+00:00,,,
62275,krazzzzysam,https://t.me/krazzzzysam,https://t.me/Utsavfilm,2023-12-28T11:47:26+00:00,,,
62274,krazzzzysam,https://t.me/krazzzzysam,<PERSON> move kgf se acchi nahi ha,2023-12-28T11:43:37+00:00,,,
62273,krazzzzysam,https://t.me/krazzzzysam,Shes the man movie please,2023-12-28T11:36:05+00:00,,,
62264,krazzzzysam,https://t.me/krazzzzysam,<NRP> salaar movie <PERSON> hd me yaha <PERSON>,2023-12-28T08:57:39+00:00,,,
62263,krazzzzysam,https://t.me/krazzzzysam,https://t.me/allgameseller,2023-12-28T08:57:20+00:00,,,
62252,krazzzzysam,https://t.me/krazzzzysam,Na,2023-12-28T08:21:21+00:00,,,
62246,krazzzzysam,https://t.me/krazzzzysam,https://t.me/movieflixzzzORG/3023,2023-12-28T07:58:44+00:00,,,👍: 1
62241,krazzzzysam,https://t.me/krazzzzysam,<PERSON> acchi h,2023-12-28T07:55:26+00:00,,,
62237,krazzzzysam,https://t.me/krazzzzysam,Like send,2023-12-28T07:39:21+00:00,,,
62236,krazzzzysam,https://t.me/krazzzzysam,Dekh <PERSON>,2023-12-28T07:38:26+00:00,,,
62234,krazzzzysam,https://t.me/krazzzzysam,No way,2023-12-28T07:37:12+00:00,,,👍: 1
