id,Channel ID,URL,message,date,views,forwards,reactions
502,krazzzzysam,https://t.me/krazzzzysam,"<PERSON> Movie Hindi Dubbed 480p and 720p Download link here 👇

  • 480p 👇
   https://ziplinker.net/OZTRX

  • 720p 👇
   https://ziplinker.net/hAxh3
_ _ _ _ _ _ _ _ _ _ _ _ _ __ _

Movie ke bare me iss reel me btaya <PERSON>

https://www.instagram.com/reel/C2ADGHiIg1z/?igsh=aGNpbjRscTVscG5l

        ⚠️ IMPORTANT ⚠️

• Jisko Download Karne Mai Problem Ho wo ye
   wali video dekhlo 👇👇

https://t.me/KrazzzzySam/471

agr ad blocker show <PERSON> to phone ki settings me jakr private DNS off <PERSON> download <PERSON>",2024-01-12T13:08:20+00:00,273090.0,310.0,"👍: 168, ❤: 9, 👎: 6, 🥰: 5, 👏: 5"
69607,krazzzzysam,https://t.me/krazzzzysam,"Hi
my friend
<PERSON> me movies / Web series /  TV shows  download <PERSON> to join karo mere telegram channel ko

Telegram channel name :  Tlsbro 
Link ⬇️

https://t.me/+5lkJC4v3gMM2Yjc9",2024-01-29T15:45:43+00:00,,,
66450,krazzzzysam,https://t.me/krazzzzysam,Link please,2024-01-14T11:42:14+00:00,,,
66449,krazzzzysam,https://t.me/krazzzzysam,<PERSON> express,2024-01-14T11:42:09+00:00,,,
66393,krazzzzysam,https://t.me/krazzzzysam,"https://t.me/Movie3sk
https://t.me/Movie3sk
https://t.me/Movie3sk
https://t.me/Movie3sk
https://t.me/Movie3sk
https://t.me/Movie3sk
https://t.me/Movie3sk
https://t.me/Movie3sk
https://t.me/Movie3sk",2024-01-13T18:51:45+00:00,,,
66352,krazzzzysam,https://t.me/krazzzzysam,Hello,2024-01-13T13:12:34+00:00,,,
66289,krazzzzysam,https://t.me/krazzzzysam,H,2024-01-13T07:35:32+00:00,,,
66287,krazzzzysam,https://t.me/krazzzzysam,Full hd,2024-01-13T07:04:26+00:00,,,
66286,krazzzzysam,https://t.me/krazzzzysam,<PERSON> merry Christmas ki link de do,2024-01-13T07:04:22+00:00,,,
66285,krazzzzysam,https://t.me/krazzzzysam,<PERSON> channel hai,2024-01-13T06:48:06+00:00,,,
66284,krazzzzysam,https://t.me/krazzzzysam,Hi,2024-01-13T06:34:40+00:00,,,
66283,krazzzzysam,https://t.me/krazzzzysam,Hi,2024-01-13T05:59:18+00:00,,,
66281,krazzzzysam,https://t.me/krazzzzysam,🐝beekeeper movie link pleade,2024-01-13T04:39:54+00:00,,,
66277,krazzzzysam,https://t.me/krazzzzysam,Bhai ye movie terabox par do,2024-01-13T03:33:24+00:00,,,
66276,krazzzzysam,https://t.me/krazzzzysam,<PERSON> movie bejo na bhai,2024-01-13T03:02:32+00:00,,,
66266,krazzzzysam,https://t.me/krazzzzysam,Legend Of Hanuman S3 E2,2024-01-12T19:26:07+00:00,,,
66262,krazzzzysam,https://t.me/krazzzzysam,<PERSON>,2024-01-12T18:16:22+00:00,,,
66258,krazzzzysam,https://t.me/krazzzzysam,Hotel daze season 2 nd 3,2024-01-12T17:43:43+00:00,,,
66256,krazzzzysam,https://t.me/krazzzzysam,The legend of <PERSON>,2024-01-12T16:58:24+00:00,,,
66247,krazzzzysam,https://t.me/krazzzzysam,or i phone or jada yr,2024-01-12T16:40:38+00:00,,,
66245,krazzzzysam,https://t.me/krazzzzysam,bhai download issu <PERSON>,2024-01-12T16:40:16+00:00,,,
66220,krazzzzysam,https://t.me/krazzzzysam,<PERSON> agent film,2024-01-12T15:05:41+00:00,,,
66215,krazzzzysam,https://t.me/krazzzzysam,Link koi movie download nhi <PERSON> ha,2024-01-12T14:07:24+00:00,,,
66214,krazzzzysam,https://t.me/krazzzzysam,Hlo,2024-01-12T14:06:54+00:00,,,
66213,krazzzzysam,https://t.me/krazzzzysam,Sexappeal,2024-01-12T13:59:29+00:00,,,
66212,krazzzzysam,https://t.me/krazzzzysam,"https://teraboxapp.com/s/1ouQtgeCsOCWAPzx-y4InQA


Xxxxx video group link
https://t.me/onlineearning5001",2024-01-12T13:54:47+00:00,,,
