id,Channel ID,URL,message,date,views,forwards,reactions
485,krazzzzysam,https://t.me/krazzzzysam,"Dekh kr faat <PERSON> me <PERSON>• 480p 👇
   https://ziplinker.net/AApa5GxN

  • 720p 👇
   https://ziplinker.net/AApa5GxN
_ _ _ _ _ _ _ _ _ _ _ _ _ _ _ _ _ _ _ _ _ _ _ _ _ _ _ _ _ _

Movie ke bare me iss reel me btaya <PERSON>https://www.instagram.com/reel/C1heb6pPYbv/?igsh=eWh0YXA5cjRybDNi

                 ⚠️ IMPORTANT ⚠️

• Jisko Download Karne Mai Problem Ho wo ye
   wali video dekhlo 👇

https://t.me/KrazzzzySam/471

agr ad blocker show <PERSON> to phone ki settings me jakr private DNS off <PERSON> download <PERSON>",2023-12-31T17:23:58+00:00,319671.0,395.0,"👍: 191, ❤: 16, 🔥: 11, 🥰: 10, 😁: 8, 👎: 7, 🤯: 5"
71562,krazzzzysam,https://t.me/krazzzzysam,https://youtube.com/@Happy_bhati?si=CUSAYm29EvhypRJ6,2024-02-08T06:25:39+00:00,,,
69619,krazzzzysam,https://t.me/krazzzzysam,"Hi
my friend
<PERSON> me movies / Web series /  TV shows  download <PERSON> to join karo mere telegram channel ko

Telegram channel name :  Tlsbro 
Link ⬇️

https://t.me/+5lkJC4v3gMM2Yjc9",2024-01-29T15:47:14+00:00,,,
66508,krazzzzysam,https://t.me/krazzzzysam,Full movie,2024-01-15T03:15:28+00:00,,,
66507,krazzzzysam,https://t.me/krazzzzysam,<PERSON>. <DATE_TIME>,2024-01-15T03:15:22+00:00,,,
65754,krazzzzysam,https://t.me/krazzzzysam,Section 375 movie please,2024-01-10T16:25:47+00:00,,,
64408,krazzzzysam,https://t.me/krazzzzysam,"Bhai full movie🔗 hindi⚡ me available👇💦 he 🧐
Hot 🥵and sexy 👙 movie🔗 👇👇👇
(Request for any movie) 
https://t.me/movieflixzzzORG
https://t.me/movieflixzzzORG
https://t.me/movieflixzzzORG",2024-01-06T08:35:17+00:00,,,
64346,krazzzzysam,https://t.me/krazzzzysam,"Bhai full movie🔗 hindi⚡ me available👇💦 he 🧐
Hot 🥵and sexy 👙 movie🔗 👇👇👇
(Request for any movie) 
https://t.me/movieflixzzzORG
https://t.me/movieflixzzzORG
https://t.me/movieflixzzzORG",2024-01-06T08:27:01+00:00,,,
64209,krazzzzysam,https://t.me/krazzzzysam,Sir <PERSON> download nhi <PERSON>,2024-01-06T05:59:15+00:00,,,
64047,krazzzzysam,https://t.me/krazzzzysam,<PERSON>  box ki link par bhejye na to <PERSON> dekhana pls,2024-01-05T16:37:24+00:00,,,
63792,krazzzzysam,https://t.me/krazzzzysam,<PERSON> movie de do pizzz,2024-01-04T17:24:38+00:00,,,
63447,krazzzzysam,https://t.me/krazzzzysam,https://t.me/Movie3sk,2024-01-03T04:24:13+00:00,,,
63446,krazzzzysam,https://t.me/krazzzzysam,https://t.me/Movie3sk,2024-01-03T04:24:12+00:00,,,
63445,krazzzzysam,https://t.me/krazzzzysam,https://t.me/Movie3sk,2024-01-03T04:24:12+00:00,,,
63444,krazzzzysam,https://t.me/krazzzzysam,https://t.me/Movie3sk,2024-01-03T04:24:07+00:00,,,
63301,krazzzzysam,https://t.me/krazzzzysam,"Bhai full movie <PERSON> dubbed👇 me available he 👇
Sexy movies available💦💦💦
https://t.me/movieflixzzzORG
https://t.me/movieflixzzzORG
https://t.me/movieflixzzzORG",2024-01-02T12:55:45+00:00,,,
63286,krazzzzysam,https://t.me/krazzzzysam,Into the dark down movie please,2024-01-02T11:29:09+00:00,,,
63270,krazzzzysam,https://t.me/krazzzzysam,"Hello <NRP>

<PERSON> 3 se 4 <PERSON> apne phone se <PERSON> 15 se 20 hazar earn <PERSON> sake 

<PERSON> be <PERSON> chate <PERSON> to <PERSON> 3 se 4 person he chaia Fast DM Me 🚨",2024-01-02T09:27:35+00:00,,,
63257,krazzzzysam,https://t.me/krazzzzysam,"Bhai full movie <PERSON> dubbed👇 me available he 👇
Sexy movies available💦💦💦
https://t.me/movieflixzzzORG
https://t.me/movieflixzzzORG
https://t.me/movieflixzzzORG",2024-01-02T08:03:50+00:00,,,👍: 1
63256,krazzzzysam,https://t.me/krazzzzysam,"Bhai full movie <PERSON> dubbed👇 me available he 👇
Sexy movies available💦💦💦
https://t.me/movieflixzzzORG
https://t.me/movieflixzzzORG
https://t.me/movieflixzzzORG",2024-01-02T08:03:31+00:00,,,
63255,krazzzzysam,https://t.me/krazzzzysam,"Bhai full movie <PERSON> dubbed👇 me available he 👇
Sexy movies available💦💦💦
https://t.me/movieflixzzzORG
https://t.me/movieflixzzzORG
https://t.me/movieflixzzzORG",2024-01-02T08:03:23+00:00,,,
63241,krazzzzysam,https://t.me/krazzzzysam,Muze msg kro me batataa hu kya krnaa hai,2024-01-02T03:05:18+00:00,,,
63240,krazzzzysam,https://t.me/krazzzzysam,99% movie download hone ke bad movie download <PERSON> gyi 🤬🤬🤬,2024-01-02T02:54:14+00:00,,,
63234,krazzzzysam,https://t.me/krazzzzysam,Send me,2024-01-01T23:32:27+00:00,,,
63232,krazzzzysam,https://t.me/krazzzzysam,You Web series link Hindi <DATE_TIME>,2024-01-01T22:59:38+00:00,,,
63224,krazzzzysam,https://t.me/krazzzzysam,"Bhai full movie <PERSON> dubbed👇 me available he 👇
Sexy movies available💦💦💦
https://t.me/movieflixzzzORG
https://t.me/movieflixzzzORG
https://t.me/movieflixzzzORG",2024-01-01T18:31:06+00:00,,,👍: 1
63223,krazzzzysam,https://t.me/krazzzzysam,"Bhai full movie <PERSON> dubbed👇 me available he 👇
Sexy movies available💦💦💦
https://t.me/movieflixzzzORG
https://t.me/movieflixzzzORG
https://t.me/movieflixzzzORG",2024-01-01T18:31:02+00:00,,,
63221,krazzzzysam,https://t.me/krazzzzysam,"Bhai full movie <PERSON> dubbed👇 me available he 👇
Sexy movies available💦💦💦
https://t.me/movieflixzzzORG
https://t.me/movieflixzzzORG
https://t.me/movieflixzzzORG",2024-01-01T18:30:45+00:00,,,
63210,krazzzzysam,https://t.me/krazzzzysam,Rocket Singh movie,2024-01-01T17:09:36+00:00,,,
63201,krazzzzysam,https://t.me/krazzzzysam,Lift movie,2024-01-01T16:16:20+00:00,,,
63194,krazzzzysam,https://t.me/krazzzzysam,Peaky blinders web series download link,2024-01-01T15:46:14+00:00,,,
63106,krazzzzysam,https://t.me/krazzzzysam,Hindi movie <PERSON>,2024-01-01T06:34:17+00:00,,,
63025,krazzzzysam,https://t.me/krazzzzysam,<PERSON> me <PERSON>,2024-01-01T04:02:26+00:00,,,
63024,krazzzzysam,https://t.me/krazzzzysam,<PERSON> he,2024-01-01T04:01:57+00:00,,,
63022,krazzzzysam,https://t.me/krazzzzysam,"Bhai full movie <PERSON> dubbed👇 me available he 👇
Sexy movies available💦💦💦
https://t.me/movieflixzzzORG
https://t.me/movieflixzzzORG
https://t.me/movieflixzzzORG",2024-01-01T03:47:39+00:00,,,
63013,krazzzzysam,https://t.me/krazzzzysam,Happy new year 🎊,2024-01-01T03:17:50+00:00,,,
62999,krazzzzysam,https://t.me/krazzzzysam,Land 100 rupees lo,2024-01-01T01:19:19+00:00,,,
62998,krazzzzysam,https://t.me/krazzzzysam,Happy new year,2024-01-01T00:44:40+00:00,,,
62996,krazzzzysam,https://t.me/krazzzzysam,"Ra100 rupees 50 video
Rs 200 rupees 150 video",2024-01-01T00:18:39+00:00,,,
62995,krazzzzysam,https://t.me/krazzzzysam,Teenage girls and boys sex videos available teenage lesbian and boy and boy,2024-01-01T00:18:33+00:00,,,
62994,krazzzzysam,https://t.me/krazzzzysam,,2024-01-01T00:17:17+00:00,,,
62993,krazzzzysam,https://t.me/krazzzzysam,,2024-01-01T00:17:16+00:00,,,
62989,krazzzzysam,https://t.me/krazzzzysam,<PERSON>,2023-12-31T20:09:17+00:00,,,
62983,krazzzzysam,https://t.me/krazzzzysam,"""মাছকে"" ""<PERSON>,,,,,,, 
             """"""""""""""""""""""""""""""""""""""
              🐟Fish🐠
             """"""""""""""""""""""""""""""""""""""
             🐬🐳🐋🐡

""আমি তোমাকে অনেক করেছি""
            """"""""""""""""""""""""""""""""""
            😐Miss🙂
            """"""""""""""""""""""""""""""""""
           🙂🙃☺😝

""আমার থেকে আগে তোমাকে <PERSON> কেউ না <PERSON>,,,,,,,, 
            """"""""""""""""""""""""""""""""""
            🎀Wish🎀
            """"""""""""""""""""""""""""""""""
           🎀🎀🎀🎀
                """"""""""""""""""""""
          💗💗💗💗
              ""Happy""
                ""New""
                ""Year""
               ''<DATE_TIME>''
         <PERSON>""""""""""""""""""""""""""""""""""""""
         💘💘💘💘
         ❣❣❣❣
            
          """"""""""""""""""""""""""""""""""
            """"Order""""
            """"Order""""
            """"Order""""
       
          """"""""""""""""""""""""""""""""""
,,,,
❤
,,,,,
💙
,,,,,,

      """""""""""""""""""""""""""""""""""""""""""""""""""""" ""কিছু প্রমাণের ভিত্তি হিসেবে ,,,,,,,,
    
             এই আদালতের
               <PERSON>
               
                '''''' সাজা'''''           """"""""""""""""অনুযায়ী""""''""""""""""""' """"""""""""তোমাকে"""""""""""""""""""" ,,,পুরো বছর,,,,
                   ,,,,<DATE_TIME>,,,,
                   ,,,,থাকার,,,,,,
     ,,,,,,দোওয়া কামনা করি,,,,🤲
         ,,,,সঙ্গে""""""""""""""""
       <PERSON>
 """""""""""""""" শুভকামনা ,,,,,,
             <PERSON>🌷🌷🌷
         """"""""""""""""""""""""""""""""""""""""""""""""
,,,,আশা,,  ,,করি,,
,,কেউ,, ,,তোমাকে ,,,,এরকম,,,,ভাবে ,,,,,কখনো,,
,,wish,,,,করে,,,,না,,
,,,থাকে,,,,,,,,,,,,,,,,,,,,,,,,,,,,
        🌴🌴🌴🌴
        ,,,,,,,,,,,,,,,,,,,,,,,,,,

         💖💖💖💖
........তাই.............. 
..............
 Dil se
'''''''''''''''''''''''''''''' 
💛    Dil   💚
   ❤   Se    ❤
      💛      I      💚
         💙   <PERSON>     U      💜
         ❤ Happy ❤
     ❣   NEW❣
  ❣ YEAR  ❣
       💗  2024💗
          💖    In     💖
             💘Advanc💘
       🌺 HAPPY 🙏🌸
   🙏🏻     NEW   🙏🏻 
  🥰    YEAR   🙏🏻
     🙏🌸 2024🙏🌸
         🙏🌷 .....   🙏🌷 
    🙏🌻Happy..🌻🙏
  🙏                          🙏🏻  
🌹 Happy  New Year 2024",2023-12-31T18:33:56+00:00,,,👍: 1
62978,krazzzzysam,https://t.me/krazzzzysam,Aap link <NRP>,2023-12-31T17:47:58+00:00,,,
62977,krazzzzysam,https://t.me/krazzzzysam,"Devotion, a story of love and desire",2023-12-31T17:32:38+00:00,,,
62976,krazzzzysam,https://t.me/krazzzzysam,<PERSON> ye <NRP> me ye <PERSON> hai,2023-12-31T17:28:00+00:00,,,
62975,krazzzzysam,https://t.me/krazzzzysam,<PERSON> unfollow <PERSON>,2023-12-31T17:27:16+00:00,,,😁: 6
62974,krazzzzysam,https://t.me/krazzzzysam,<PERSON>,2023-12-31T17:26:23+00:00,,,
62973,krazzzzysam,https://t.me/krazzzzysam,Video ke bare me batto,2023-12-31T17:25:58+00:00,,,
62971,krazzzzysam,https://t.me/krazzzzysam,Bhai video movie download <PERSON>,2023-12-31T17:25:21+00:00,,,
62970,krazzzzysam,https://t.me/krazzzzysam,Bato,2023-12-31T17:25:06+00:00,,,
62969,krazzzzysam,https://t.me/krazzzzysam,Movi k bare m kuch,2023-12-31T17:24:55+00:00,,,
