id,Channel ID,URL,message,date,views,forwards,reactions
497,krazzzzysam,https://t.me/krazzzzysam,"👇New channel <PERSON> or jakr join krlo for latest møv!e$

https://t.me/+9-DHyl-NmrA0NGY1
https://t.me/+9-DHyl-NmrA0NGY1
https://t.me/+9-DHyl-NmrA0NGY1

<PERSON> hi new channel hai to jao or join krlo",2024-01-08T13:07:34+00:00,268401.0,34.0,"👍: 137, ❤: 16, 👎: 7"
78530,krazzzzysam,https://t.me/krazzzzysam,castle freak <DATE_TIME> movie download link do na,2024-03-31T16:32:20+00:00,,,
71560,krazzzzysam,https://t.me/krazzzzysam,https://youtube.com/@Happy_bhati?si=CUSAYm29EvhypRJ6,2024-02-08T06:25:00+00:00,,,
71360,krazzzzysam,https://t.me/krazzzzysam,https://youtube.com/@Happy_bhati?si=l_ZBFCbDo9lILuN5,2024-02-07T08:34:21+00:00,,,👍: 1
69611,krazzzzysam,https://t.me/krazzzzysam,"Hi
my friend
<PERSON> me movies / Web series /  TV shows  download <PERSON> to join karo mere telegram channel ko

Telegram channel name :  Tlsbro 
Link ⬇️

https://t.me/+5lkJC4v3gMM2Yjc9",2024-01-29T15:46:13+00:00,,,
68844,krazzzzysam,https://t.me/krazzzzysam,Movie,2024-01-25T12:02:49+00:00,,,
68843,krazzzzysam,https://t.me/krazzzzysam,12Fail,2024-01-25T12:02:36+00:00,,,
66563,krazzzzysam,https://t.me/krazzzzysam,Ok,2024-01-15T06:05:47+00:00,,,
66436,krazzzzysam,https://t.me/krazzzzysam,Bro,2024-01-14T09:06:04+00:00,,,
66435,krazzzzysam,https://t.me/krazzzzysam,12th fail movie,2024-01-14T09:06:02+00:00,,,
66123,krazzzzysam,https://t.me/krazzzzysam,<PERSON> animal <PERSON> upload <PERSON>,2024-01-11T19:26:21+00:00,,,
66084,krazzzzysam,https://t.me/krazzzzysam,"https://t.me/Movie3sk
https://t.me/Movie3sk
https://t.me/Movie3sk
https://t.me/Movie3sk
https://t.me/Movie3sk
https://t.me/Movie3sk
https://t.me/Movie3sk
https://t.me/Movie3sk
https://t.me/Movie3sk
https://t.me/Movie3sk",2024-01-11T17:13:32+00:00,,,
65587,krazzzzysam,https://t.me/krazzzzysam,https://instantlinks.in/EknNr,2024-01-10T05:56:50+00:00,,,
65433,krazzzzysam,https://t.me/krazzzzysam,Download ni ho ri,2024-01-09T13:48:24+00:00,,,
65419,krazzzzysam,https://t.me/krazzzzysam,Game se related bat krni Ho to <PERSON> yr,2024-01-09T11:50:47+00:00,,,
65349,krazzzzysam,https://t.me/krazzzzysam,https://t.me/+7cW9zACdZG4wNTQ9,2024-01-09T05:59:14+00:00,,,
65348,krazzzzysam,https://t.me/krazzzzysam,https://t.me/YBfRBgKHbt1kZGRl,2024-01-09T05:59:07+00:00,,,
65347,krazzzzysam,https://t.me/krazzzzysam,https://t.me/PaxTSKSUzXU2OWRl,2024-01-09T05:58:59+00:00,,,
65295,krazzzzysam,https://t.me/krazzzzysam,"https://t.me/Movie3sk
https://t.me/Movie3sk",2024-01-08T18:48:44+00:00,,,
65294,krazzzzysam,https://t.me/krazzzzysam,https://t.me/Movie3sk,2024-01-08T18:48:27+00:00,,,
65293,krazzzzysam,https://t.me/krazzzzysam,https://t.me/Movie3sk,2024-01-08T18:48:25+00:00,,,
65292,krazzzzysam,https://t.me/krazzzzysam,https://t.me/Movie3sk,2024-01-08T18:48:23+00:00,,,
65291,krazzzzysam,https://t.me/krazzzzysam,https://t.me/Movie3sk,2024-01-08T18:48:20+00:00,,,
65276,krazzzzysam,https://t.me/krazzzzysam,Dunki,2024-01-08T17:25:43+00:00,,,
65241,krazzzzysam,https://t.me/krazzzzysam,"Bhai full movie🔗 hindi⚡ me available👇💦 he 🧐
Hot 🥵and sexy 👙 movie🔗 👇👇👇
(Request for any movie) 
https://t.me/movieflixzzzORG
https://t.me/movieflixzzzORG
https://t.me/movieflixzzzORG",2024-01-08T15:27:57+00:00,,,
65239,krazzzzysam,https://t.me/krazzzzysam,<NRP>  ¢нαℓиє  ρєя αρℓσ∂α кяσ иαα,2024-01-08T15:27:44+00:00,,,
65233,krazzzzysam,https://t.me/krazzzzysam,"Bhai full movie🔗 hindi⚡ me available👇💦 he 🧐
Hot 🥵and sexy 👙 movie🔗 👇👇👇
(Request for any movie) 
https://t.me/movieflixzzzORG
https://t.me/movieflixzzzORG
https://t.me/movieflixzzzORG",2024-01-08T15:27:22+00:00,,,
65232,krazzzzysam,https://t.me/krazzzzysam,"Bhai full movie🔗 hindi⚡ me available👇💦 he 🧐
Hot 🥵and sexy 👙 movie🔗 👇👇👇
(Request for any movie) 
https://t.me/movieflixzzzORG
https://t.me/movieflixzzzORG
https://t.me/movieflixzzzORG",2024-01-08T15:27:15+00:00,,,
65231,krazzzzysam,https://t.me/krazzzzysam,<PERSON>,2024-01-08T15:27:08+00:00,,,
65228,krazzzzysam,https://t.me/krazzzzysam,"Bhai full movie🔗 hindi⚡ me available👇💦 he 🧐
Hot 🥵and sexy 👙 movie🔗 👇👇👇
(Request for any movie) 
https://t.me/movieflixzzzORG
https://t.me/movieflixzzzORG
https://t.me/movieflixzzzORG",2024-01-08T15:26:42+00:00,,,
65226,krazzzzysam,https://t.me/krazzzzysam,"Bhai full movie🔗 hindi⚡ me available👇💦 he 🧐
Hot 🥵and sexy 👙 movie🔗 👇👇👇
(Request for any movie) 
https://t.me/movieflixzzzORG
https://t.me/movieflixzzzORG
https://t.me/movieflixzzzORG",2024-01-08T15:26:30+00:00,,,
65225,krazzzzysam,https://t.me/krazzzzysam,"Bhai full movie🔗 hindi⚡ me available👇💦 he 🧐
Hot 🥵and sexy 👙 movie🔗 👇👇👇
(Request for any movie) 
https://t.me/movieflixzzzORG
https://t.me/movieflixzzzORG
https://t.me/movieflixzzzORG",2024-01-08T15:26:26+00:00,,,
65224,krazzzzysam,https://t.me/krazzzzysam,"Bhai full movie🔗 hindi⚡ me available👇💦 he 🧐
Hot 🥵and sexy 👙 movie🔗 👇👇👇
(Request for any movie) 
https://t.me/movieflixzzzORG
https://t.me/movieflixzzzORG
https://t.me/movieflixzzzORG",2024-01-08T15:26:20+00:00,,,
65223,krazzzzysam,https://t.me/krazzzzysam,"Bhai full movie🔗 hindi⚡ me available👇💦 he 🧐
Hot 🥵and sexy 👙 movie🔗 👇👇👇
(Request for any movie) 
https://t.me/movieflixzzzORG
https://t.me/movieflixzzzORG
https://t.me/movieflixzzzORG",2024-01-08T15:26:17+00:00,,,
65222,krazzzzysam,https://t.me/krazzzzysam,"Bhai full movie🔗 hindi⚡ me available👇💦 he 🧐
Hot 🥵and sexy 👙 movie🔗 👇👇👇
(Request for any movie) 
https://t.me/movieflixzzzORG
https://t.me/movieflixzzzORG
https://t.me/movieflixzzzORG",2024-01-08T15:26:09+00:00,,,
65214,krazzzzysam,https://t.me/krazzzzysam,BFG movie dal do,2024-01-08T15:14:03+00:00,,,
65207,krazzzzysam,https://t.me/krazzzzysam,hii 🥀,2024-01-08T14:50:56+00:00,,,
65202,krazzzzysam,https://t.me/krazzzzysam,Love movie <DATE_TIME>,2024-01-08T14:21:12+00:00,,,
65201,krazzzzysam,https://t.me/krazzzzysam,<PERSON> ѕα¢яє∂ gαмєѕ,2024-01-08T14:14:41+00:00,,,
65200,krazzzzysam,https://t.me/krazzzzysam,Hello,2024-01-08T14:10:44+00:00,,,
65199,krazzzzysam,https://t.me/krazzzzysam,"Love
Movie",2024-01-08T14:09:17+00:00,,,
65196,krazzzzysam,https://t.me/krazzzzysam,Hallo,2024-01-08T13:41:22+00:00,,,
65195,krazzzzysam,https://t.me/krazzzzysam,"All Movies Available Free 

Join Group and send movie name 

Massage me personally",2024-01-08T13:40:39+00:00,,,
65194,krazzzzysam,https://t.me/krazzzzysam,"Bhai full movie🔗 hindi⚡ me available👇💦 he 🧐
Hot 🥵and sexy 👙 movie🔗 👇👇👇
(Request for any movie) 
https://t.me/movieflixzzzORG
https://t.me/movieflixzzzORG
https://t.me/movieflixzzzORG",2024-01-08T13:40:37+00:00,,,
65186,krazzzzysam,https://t.me/krazzzzysam,Hi,2024-01-08T13:32:04+00:00,,,
