id,Channel ID,URL,message,date,views,forwards,reactions
521,krazzzzysam,https://t.me/krazzzzysam,,2024-01-24T04:09:59+00:00,328696.0,15.0,"👍: 80, ❤: 16, 🔥: 16"
78672,krazzzzysam,https://t.me/krazzzzysam,<PERSON> aadami <PERSON> banate <PERSON> ismein <PERSON> do reply <PERSON> usmein petrol <PERSON> banane <PERSON> 495 chale <PERSON>,2024-04-01T12:51:47+00:00,,,
78671,krazzzzysam,https://t.me/krazzzzysam,<PERSON> petrol <PERSON>,2024-04-01T12:50:13+00:00,,,
78640,krazzzzysam,https://t.me/krazzzzysam,Hi,2024-04-01T10:12:17+00:00,,,
77892,krazzzzysam,https://t.me/krazzzzysam,"https://t.me/+hpaxhpszkrY3YWVl
https://t.me/+hpaxhpszkrY3YWVl
https://t.me/+hpaxhpszkrY3YWVl
https://t.me/+hpaxhpszkrY3YWVl
https://t.me/+hpaxhpszkrY3YWVl
https://t.me/+hpaxhpszkrY3YWVl
https://t.me/+hpaxhpszkrY3YWVl
https://t.me/+hpaxhpszkrY3YWVl
https://t.me/+hpaxhpszkrY3YWVl
https://t.me/+hpaxhpszkrY3YWVl
https://t.me/+hpaxhpszkrY3YWVl
https://t.me/+hpaxhpszkrY3YWVl
https://t.me/+hpaxhpszkrY3YWVl
https://t.me/+hpaxhpszkrY3YWVl
https://t.me/+hpaxhpszkrY3YWVl
https://t.me/+hpaxhpszkrY3YWVl
https://t.me/+hpaxhpszkrY3YWVl
https://t.me/+hpaxhpszkrY3YWVl
https://t.me/+hpaxhpszkrY3YWVl
https://t.me/+hpaxhpszkrY3YWVl
https://t.me/+hpaxhpszkrY3YWVl
https://t.me/+hpaxhpszkrY3YWVl
https://t.me/+hpaxhpszkrY3YWVl
https://t.me/+hpaxhpszkrY3YWVl
https://t.me/+hpaxhpszkrY3YWVl
https://t.me/+hpaxhpszkrY3YWVl
https://t.me/+hpaxhpszkrY3YWVl
https://t.me/+hpaxhpszkrY3YWVl
https://t.me/+hpaxhpszkrY3YWVl
https://t.me/+hpaxhpszkrY3YWVl
https://t.me/+hpaxhpszkrY3YWVl
https://t.me/+hpaxhpszkrY3YWVl
https://t.me/+hpaxhpszkrY3YWVl
https://t.me/+hpaxhpszkrY3YWVl
https://t.me/+hpaxhpszkrY3YWVl
https://t.me/+hpaxhpszkrY3YWVl
https://t.me/+hpaxhpszkrY3YWVl
https://t.me/+hpaxhpszkrY3YWVl
https://t.me/+hpaxhpszkrY3YWVl
https://t.me/+hpaxhpszkrY3YWVl
https://t.me/+hpaxhpszkrY3YWVl
https://t.me/+hpaxhpszkrY3YWVl
https://t.me/+hpaxhpszkrY3YWVl
https://t.me/+hpaxhpszkrY3YWVl
https://t.me/+hpaxhpszkrY3YWVl
https://t.me/+hpaxhpszkrY3YWVl
https://t.me/+hpaxhpszkrY3YWVl
https://t.me/+hpaxhpszkrY3YWVl
https://t.me/+hpaxhpszkrY3YWVl
https://t.me/+hpaxhpszkrY3YWVl
https://t.me/+hpaxhpszkrY3YWVl
https://t.me/+hpaxhpszkrY3YWVl
https://t.me/+hpaxhpszkrY3YWVl
https://t.me/+hpaxhpszkrY3YWVl
https://t.me/+hpaxhpszkrY3YWVl
https://t.me/+hpaxhpszkrY3YWVl
https://t.me/+hpaxhpszkrY3YWVl
https://t.me/+hpaxhpszkrY3YWVl
https://t.me/+hpaxhpszkrY3YWVl
https://t.me/+hpaxhpszkrY3YWVl
https://t.me/+hpaxhpszkrY3YWVl
https://t.me/+hpaxhpszkrY3YWVl
https://t.me/+hpaxhpszkrY3YWVl
https://t.me/+hpaxhpszkrY3YWVl
https://t.me/+hpaxhpszkrY3YWVl
https://t.me/+hpaxhpszkrY3YWVl
https://t.me/+hpaxhpszkrY3YWVl
https://t.me/+hpaxhpszkrY3YWVl
https://t.me/+hpaxhpszkrY3YWVl
https://t.me/+hpaxhpszkrY3YWVl
https://t.me/+hpaxhpszkrY3YWVl
https://t.me/+hpaxhpszkrY3YWVl
https://t.me/+hpaxhpszkrY3YWVl
https://t.me/+hpaxhpszkrY3YWVl
https://t.me/+hpaxhpszkrY3YWVl
https://t.me/+hpaxhpszkrY3YWVl
https://t.me/+hpaxhpszkrY3YWVl
https://t.me/+hpaxhpszkrY3YWVl
https://t.me/+hpaxhpszkrY3YWVl
https://t.me/+hpaxhpszkrY3YWVl
https://t.me/+hpaxhpszkrY3YWVl",2024-03-27T22:57:58+00:00,,,
73998,krazzzzysam,https://t.me/krazzzzysam,Hi,2024-03-02T16:07:02+00:00,,,
72523,krazzzzysam,https://t.me/krazzzzysam,Bhai the skin I live in move <PERSON> do,2024-02-14T17:47:56+00:00,,,
72370,krazzzzysam,https://t.me/krazzzzysam,<NRP>,2024-02-13T03:24:49+00:00,,,
71520,krazzzzysam,https://t.me/krazzzzysam,Hi,2024-02-08T00:11:16+00:00,,,
70804,krazzzzysam,https://t.me/krazzzzysam,Brother♥,2024-02-03T06:29:15+00:00,,,
70803,krazzzzysam,https://t.me/krazzzzysam,Hello<NRP>,2024-02-03T06:29:10+00:00,,,
70611,krazzzzysam,https://t.me/krazzzzysam,Bolo,2024-02-02T11:01:43+00:00,,,
70516,krazzzzysam,https://t.me/krazzzzysam,Hi <NRP>,2024-02-02T08:16:24+00:00,,,
70515,krazzzzysam,https://t.me/krazzzzysam,🤙,2024-02-02T08:16:07+00:00,,,
70469,krazzzzysam,https://t.me/krazzzzysam,Hii,2024-02-01T20:53:57+00:00,,,
70440,krazzzzysam,https://t.me/krazzzzysam,The mon s world movie,2024-02-01T17:16:57+00:00,,,👍: 1
70375,krazzzzysam,https://t.me/krazzzzysam,Hi,2024-02-01T15:46:26+00:00,,,
69931,krazzzzysam,https://t.me/krazzzzysam,Hii,2024-01-31T03:52:34+00:00,,,
69560,krazzzzysam,https://t.me/krazzzzysam,Hi,2024-01-29T13:50:20+00:00,,,
69420,krazzzzysam,https://t.me/krazzzzysam,Hi,2024-01-28T09:36:10+00:00,,,
69249,krazzzzysam,https://t.me/krazzzzysam,Hi,2024-01-27T16:52:29+00:00,,,
69248,krazzzzysam,https://t.me/krazzzzysam,Hi,2024-01-27T16:45:41+00:00,,,
69202,krazzzzysam,https://t.me/krazzzzysam,Hi,2024-01-27T08:55:13+00:00,,,
69178,krazzzzysam,https://t.me/krazzzzysam,Earning <PERSON>,2024-01-27T05:31:34+00:00,,,
69172,krazzzzysam,https://t.me/krazzzzysam,Hii,2024-01-27T04:11:42+00:00,,,
69076,krazzzzysam,https://t.me/krazzzzysam,🅰 Bhai movie download <PERSON>,2024-01-26T11:00:07+00:00,,,👍: 1
68731,krazzzzysam,https://t.me/krazzzzysam,"<PERSON>:
<PERSON> to kya dhekha 18+ se <PERSON> 19+  dhekho  🥵🍑⬇️✅
https://t.me/flixlegend18

<PERSON> to kya dhekha 18+ se <PERSON> 19+  dhekho  🥵🍑⬇️✅
https://t.me/flixlegend18",2024-01-25T07:02:14+00:00,,,
68579,krazzzzysam,https://t.me/krazzzzysam,"<PERSON>:
<PERSON>:
https://t.me/winnerexperts_1

https://t.me/winnerexperts_1

https://t.me/winnerexperts_1

https://t.me/winnerexperts_1

https://t.me/winnerexperts_1

https://t.me/winnerexperts_1

https://t.me/winnerexperts_1

https://t.me/winnerexperts_1

https://t.me/winnerexperts_1

https://t.me/winnerexperts_1

https://t.me/winnerexperts_1

https://t.me/winnerexperts_1

https://t.me/winnerexperts_1

https://t.me/winnerexperts_1

https://t.me/winnerexperts_1

https://t.me/winnerexperts_1

https://t.me/winnerexperts_1

https://t.me/winnerexperts_1

https://t.me/winnerexperts_1

https://t.me/winnerexperts_1

https://t.me/winnerexperts_1

https://t.me/winnerexperts_1

https://t.me/winnerexperts_1

https://t.me/winnerexperts_1

https://t.me/winnerexperts_1

https://t.me/winnerexperts_1

https://t.me/winnerexperts_1

https://t.me/winnerexperts_1

https://t.me/winnerexperts_1

<PERSON>:
https://t.me/winnerexperts_1

https://t.me/winnerexperts_1

https://t.me/winnerexperts_1

https://t.me/winnerexperts_1

https://t.me/winnerexperts_1

https://t.me/winnerexperts_1

https://t.me/winnerexperts_1

https://t.me/winnerexperts_1

https://t.me/winnerexperts_1

https://t.me/winnerexperts_1

https://t.me/winnerexperts_1

https://t.me/winnerexperts_1

https://t.me/winnerexperts_1

https://t.me/winnerexperts_1

https://t.me/winnerexperts_1

https://t.me/winnerexperts_1

https://t.me/winnerexperts_1

https://t.me/winnerexperts_1

https://t.me/winnerexperts_1

<PERSON>:
https://t.me/winnerexperts_1

https://t.me/winnerexperts_1

https://t.me/winnerexperts_1

https://t.me/winnerexperts_1

https://t.me/winnerexperts_1

https://t.me/winnerexperts_1

https://t.me/winnerexperts_1

https://t.me/winnerexperts_1

https://t.me/winnerexperts_1

https://t.me/winnerexperts_1

https://t.me/winnerexperts_1

https://t.me/winnerexperts_1

https://t.me/winnerexperts_1

https://t.me/winnerexperts_1

https://t.me/winnerexperts_1

https://t.me/winnerexperts_1

https://t.me/winnerexperts_1

https://t.me/winnerexperts_1

https://t.me/winnerexperts_1

https://t.me/winnerexperts_1

https://t.me/winnerexperts_1

https://t.me/winnerexperts_1

https://t.me/winnerexperts_1

https://t.me/winnerexperts_1

https://t.me/winnerexperts_1

https://t.me/winnerexperts_1

https://t.me/winnerexperts_1

https://t.me/winnerexperts_1

https://t.me/winnerexperts_1

<PERSON>:
https://t.me/winnerexperts_1

https://t.me/winnerexperts_1

https://t.me/winnerexperts_1

https://t.me/winnerexperts_1

https://t.me/winnerexperts_1

https://t.me/winnerexperts_1

https://t.me/winnerexperts_1

https://t.me/winnerexperts_1

https://t.me/winnerexperts_1

https://t.me/winnerexperts_1

https://t.me/winnerexperts_1

https://t.me/winnerexperts_1

https://t.me/winnerexperts_1

https://t.me/winnerexperts_1

https://t.me/winnerexperts_1

https://t.me/winnerexperts_1

https://t.me/winnerexperts_1

https://t.me/winnerexperts_1

https://t.me/winnerexperts_1

Join☝️

<PERSON> fadia hoo ga 1 crore sa 3 crores win <PERSON><PERSON> channal join karr do",2024-01-24T18:04:13+00:00,,,
68578,krazzzzysam,https://t.me/krazzzzysam,"<PERSON>:
<PERSON>:
https://t.me/winnerexperts_1

https://t.me/winnerexperts_1

https://t.me/winnerexperts_1

https://t.me/winnerexperts_1

https://t.me/winnerexperts_1

https://t.me/winnerexperts_1

https://t.me/winnerexperts_1

https://t.me/winnerexperts_1

https://t.me/winnerexperts_1

https://t.me/winnerexperts_1

https://t.me/winnerexperts_1

https://t.me/winnerexperts_1

https://t.me/winnerexperts_1

https://t.me/winnerexperts_1

https://t.me/winnerexperts_1

https://t.me/winnerexperts_1

https://t.me/winnerexperts_1

https://t.me/winnerexperts_1

https://t.me/winnerexperts_1

https://t.me/winnerexperts_1

https://t.me/winnerexperts_1

https://t.me/winnerexperts_1

https://t.me/winnerexperts_1

https://t.me/winnerexperts_1

https://t.me/winnerexperts_1

https://t.me/winnerexperts_1

https://t.me/winnerexperts_1

https://t.me/winnerexperts_1

https://t.me/winnerexperts_1

<PERSON>:
https://t.me/winnerexperts_1

https://t.me/winnerexperts_1

https://t.me/winnerexperts_1

https://t.me/winnerexperts_1

https://t.me/winnerexperts_1

https://t.me/winnerexperts_1

https://t.me/winnerexperts_1

https://t.me/winnerexperts_1

https://t.me/winnerexperts_1

https://t.me/winnerexperts_1

https://t.me/winnerexperts_1

https://t.me/winnerexperts_1

https://t.me/winnerexperts_1

https://t.me/winnerexperts_1

https://t.me/winnerexperts_1

https://t.me/winnerexperts_1

https://t.me/winnerexperts_1

https://t.me/winnerexperts_1

https://t.me/winnerexperts_1

<PERSON>:
https://t.me/winnerexperts_1

https://t.me/winnerexperts_1

https://t.me/winnerexperts_1

https://t.me/winnerexperts_1

https://t.me/winnerexperts_1

https://t.me/winnerexperts_1

https://t.me/winnerexperts_1

https://t.me/winnerexperts_1

https://t.me/winnerexperts_1

https://t.me/winnerexperts_1

https://t.me/winnerexperts_1

https://t.me/winnerexperts_1

https://t.me/winnerexperts_1

https://t.me/winnerexperts_1

https://t.me/winnerexperts_1

https://t.me/winnerexperts_1

https://t.me/winnerexperts_1

https://t.me/winnerexperts_1

https://t.me/winnerexperts_1

https://t.me/winnerexperts_1

https://t.me/winnerexperts_1

https://t.me/winnerexperts_1

https://t.me/winnerexperts_1

https://t.me/winnerexperts_1

https://t.me/winnerexperts_1

https://t.me/winnerexperts_1

https://t.me/winnerexperts_1

https://t.me/winnerexperts_1

https://t.me/winnerexperts_1

<PERSON>:
https://t.me/winnerexperts_1

https://t.me/winnerexperts_1

https://t.me/winnerexperts_1

https://t.me/winnerexperts_1

https://t.me/winnerexperts_1

https://t.me/winnerexperts_1

https://t.me/winnerexperts_1

https://t.me/winnerexperts_1

https://t.me/winnerexperts_1

https://t.me/winnerexperts_1

https://t.me/winnerexperts_1

https://t.me/winnerexperts_1

https://t.me/winnerexperts_1

https://t.me/winnerexperts_1

https://t.me/winnerexperts_1

https://t.me/winnerexperts_1

https://t.me/winnerexperts_1

https://t.me/winnerexperts_1

https://t.me/winnerexperts_1

Join☝️

<PERSON> fadia hoo ga 1 crore sa 3 crores win <PERSON><PERSON> channal join karr do",2024-01-24T18:04:11+00:00,,,👍: 1
68472,krazzzzysam,https://t.me/krazzzzysam,Hlo,2024-01-24T17:10:42+00:00,,,
68384,krazzzzysam,https://t.me/krazzzzysam,PLZ,2024-01-24T16:16:57+00:00,,,
68378,krazzzzysam,https://t.me/krazzzzysam,Hallo,2024-01-24T16:09:39+00:00,,,
68374,krazzzzysam,https://t.me/krazzzzysam,<PERSON>,2024-01-24T16:04:01+00:00,,,
68357,krazzzzysam,https://t.me/krazzzzysam,Game name,2024-01-24T15:54:13+00:00,,,
68353,krazzzzysam,https://t.me/krazzzzysam,𝐇𝐢𝐢,2024-01-24T15:52:33+00:00,,,
68347,krazzzzysam,https://t.me/krazzzzysam,Hii,2024-01-24T15:48:04+00:00,,,
68339,krazzzzysam,https://t.me/krazzzzysam,Main <DATE_TIME> 10k karta hu bro  <PERSON>,2024-01-24T15:44:12+00:00,,,
68329,krazzzzysam,https://t.me/krazzzzysam,Hello,2024-01-24T15:35:49+00:00,,,
68328,krazzzzysam,https://t.me/krazzzzysam,Hii,2024-01-24T15:35:44+00:00,,,
68325,krazzzzysam,https://t.me/krazzzzysam,Hi,2024-01-24T15:35:06+00:00,,,
68309,krazzzzysam,https://t.me/krazzzzysam,Hi,2024-01-24T15:26:38+00:00,,,
68302,krazzzzysam,https://t.me/krazzzzysam,Hi,2024-01-24T15:25:19+00:00,,,
68265,krazzzzysam,https://t.me/krazzzzysam,Hlo,2024-01-24T14:58:53+00:00,,,
68241,krazzzzysam,https://t.me/krazzzzysam,😍❤️❤️❤️,2024-01-24T14:29:29+00:00,,,
68239,krazzzzysam,https://t.me/krazzzzysam,Bro,2024-01-24T14:28:10+00:00,,,
68238,krazzzzysam,https://t.me/krazzzzysam,Hii,2024-01-24T14:28:08+00:00,,,
68177,krazzzzysam,https://t.me/krazzzzysam,Hie,2024-01-24T13:45:33+00:00,,,
68130,krazzzzysam,https://t.me/krazzzzysam,Hi,2024-01-24T13:31:48+00:00,,,
68121,krazzzzysam,https://t.me/krazzzzysam,"THE
BROTHERS
<PERSON>",2024-01-24T13:26:41+00:00,,,
68090,krazzzzysam,https://t.me/krazzzzysam,Bro only join,2024-01-24T12:36:11+00:00,,,
68089,krazzzzysam,https://t.me/krazzzzysam,<PERSON>,2024-01-24T12:36:05+00:00,,,
68071,krazzzzysam,https://t.me/krazzzzysam,Hii,2024-01-24T12:27:17+00:00,,,
68069,krazzzzysam,https://t.me/krazzzzysam,Hii,2024-01-24T12:21:48+00:00,,,
68056,krazzzzysam,https://t.me/krazzzzysam,<PERSON>,2024-01-24T12:03:24+00:00,,,
68039,krazzzzysam,https://t.me/krazzzzysam,Hii,2024-01-24T11:27:40+00:00,,,
68038,krazzzzysam,https://t.me/krazzzzysam,<NRP>,2024-01-24T11:27:23+00:00,,,
68015,krazzzzysam,https://t.me/krazzzzysam,Hii,2024-01-24T10:23:54+00:00,,,
68004,krazzzzysam,https://t.me/krazzzzysam,Hii,2024-01-24T09:35:03+00:00,,,
67998,krazzzzysam,https://t.me/krazzzzysam,Hi,2024-01-24T09:12:51+00:00,,,
67988,krazzzzysam,https://t.me/krazzzzysam,Hii sirt,2024-01-24T08:58:17+00:00,,,
67979,krazzzzysam,https://t.me/krazzzzysam,Sky rojo,2024-01-24T08:30:10+00:00,,,
67965,krazzzzysam,https://t.me/krazzzzysam,Hi,2024-01-24T08:05:30+00:00,,,
67958,krazzzzysam,https://t.me/krazzzzysam,<PERSON> kre,2024-01-24T07:47:38+00:00,,,
67957,krazzzzysam,https://t.me/krazzzzysam,Hello,2024-01-24T07:47:18+00:00,,,
67956,krazzzzysam,https://t.me/krazzzzysam,Hi,2024-01-24T07:32:14+00:00,,,
67955,krazzzzysam,https://t.me/krazzzzysam,Hey,2024-01-24T07:31:20+00:00,,,
67950,krazzzzysam,https://t.me/krazzzzysam,<PERSON>,2024-01-24T07:02:08+00:00,,,
67948,krazzzzysam,https://t.me/krazzzzysam,Hello <NRP>,2024-01-24T06:38:27+00:00,,,
67936,krazzzzysam,https://t.me/krazzzzysam,Hii,2024-01-24T06:32:10+00:00,,,"👏: 2, ❤: 1"
67935,krazzzzysam,https://t.me/krazzzzysam,Hii,2024-01-24T06:26:10+00:00,,,
67924,krazzzzysam,https://t.me/krazzzzysam,Hi,2024-01-24T05:51:19+00:00,,,
67922,krazzzzysam,https://t.me/krazzzzysam,<PERSON> aapke <PERSON> uska option <PERSON> open <PERSON> application ka option <PERSON> a <PERSON>,2024-01-24T05:43:33+00:00,,,
67921,krazzzzysam,https://t.me/krazzzzysam,Hi,2024-01-24T05:43:03+00:00,,,
67911,krazzzzysam,https://t.me/krazzzzysam,Hii,2024-01-24T05:20:08+00:00,,,
67902,krazzzzysam,https://t.me/krazzzzysam,Hi,2024-01-24T04:46:43+00:00,,,
67889,krazzzzysam,https://t.me/krazzzzysam,All of dead,2024-01-24T04:15:59+00:00,,,👍: 1
67882,krazzzzysam,https://t.me/krazzzzysam,Please <PERSON> link send Karo,2024-01-24T04:14:16+00:00,,,
67878,krazzzzysam,https://t.me/krazzzzysam,Pleasure move download nhi ho rha hai,2024-01-24T04:11:30+00:00,,,
67873,krazzzzysam,https://t.me/krazzzzysam,Ok  bro,2024-01-24T04:10:57+00:00,,,
67867,krazzzzysam,https://t.me/krazzzzysam,Sirr,2024-01-24T04:10:35+00:00,,,
67866,krazzzzysam,https://t.me/krazzzzysam,Hlo,2024-01-24T04:10:33+00:00,,,👍: 2
