id,Channel ID,URL,message,date,views,forwards,reactions
528,krazzzzysam,https://t.me/krazzzzysam,"<PERSON> <DATE_TIME> Movie Hindi Dubbed 480p and 720p Download link here 👇

  • 480p ( Hindi Dubbed )👇
  https://ziplinker.net/EPODMRO

  • 720p ( Hindi Dubbed )👇
  https://ziplinker.net/bqwe
_ _ _. _ _ _ _ _ _ _ _ _ _ _ _ _ _ _ _ _ _ _ _ _ _

Movie ke bare me iss reel me btaya <PERSON>https://www.instagram.com/reel/CzETcOcPw2c/?igshid=MzRlODBiNWFlZA==

                  ⚠️ IMPORTANT ⚠️

• Jisko Download Karne Mai Problem Ho wo ye
   wali video dekhlo 👇👇

https://t.me/KrazzzzySam/338

agr ad blocker show <PERSON> to phone ki settings me jakr private DNS off <PERSON> download <PERSON>",2024-01-28T15:26:23+00:00,284519.0,345.0,"👍: 220, ❤: 16, 🔥: 5, 🤩: 5, 😁: 4, 👎: 2, 👏: 2, 🤬: 2"
82703,krazzzzysam,https://t.me/krazzzzysam,Hi,2024-05-08T18:11:29+00:00,,,
77886,krazzzzysam,https://t.me/krazzzzysam,"https://t.me/+hpaxhpszkrY3YWVl
https://t.me/+hpaxhpszkrY3YWVl
https://t.me/+hpaxhpszkrY3YWVl
https://t.me/+hpaxhpszkrY3YWVl
https://t.me/+hpaxhpszkrY3YWVl
https://t.me/+hpaxhpszkrY3YWVl
https://t.me/+hpaxhpszkrY3YWVl
https://t.me/+hpaxhpszkrY3YWVl
https://t.me/+hpaxhpszkrY3YWVl
https://t.me/+hpaxhpszkrY3YWVl
https://t.me/+hpaxhpszkrY3YWVl
https://t.me/+hpaxhpszkrY3YWVl
https://t.me/+hpaxhpszkrY3YWVl
https://t.me/+hpaxhpszkrY3YWVl
https://t.me/+hpaxhpszkrY3YWVl
https://t.me/+hpaxhpszkrY3YWVl
https://t.me/+hpaxhpszkrY3YWVl
https://t.me/+hpaxhpszkrY3YWVl
https://t.me/+hpaxhpszkrY3YWVl
https://t.me/+hpaxhpszkrY3YWVl
https://t.me/+hpaxhpszkrY3YWVl
https://t.me/+hpaxhpszkrY3YWVl
https://t.me/+hpaxhpszkrY3YWVl
https://t.me/+hpaxhpszkrY3YWVl
https://t.me/+hpaxhpszkrY3YWVl
https://t.me/+hpaxhpszkrY3YWVl
https://t.me/+hpaxhpszkrY3YWVl
https://t.me/+hpaxhpszkrY3YWVl
https://t.me/+hpaxhpszkrY3YWVl
https://t.me/+hpaxhpszkrY3YWVl
https://t.me/+hpaxhpszkrY3YWVl
https://t.me/+hpaxhpszkrY3YWVl
https://t.me/+hpaxhpszkrY3YWVl
https://t.me/+hpaxhpszkrY3YWVl
https://t.me/+hpaxhpszkrY3YWVl
https://t.me/+hpaxhpszkrY3YWVl
https://t.me/+hpaxhpszkrY3YWVl
https://t.me/+hpaxhpszkrY3YWVl
https://t.me/+hpaxhpszkrY3YWVl
https://t.me/+hpaxhpszkrY3YWVl
https://t.me/+hpaxhpszkrY3YWVl
https://t.me/+hpaxhpszkrY3YWVl
https://t.me/+hpaxhpszkrY3YWVl
https://t.me/+hpaxhpszkrY3YWVl
https://t.me/+hpaxhpszkrY3YWVl
https://t.me/+hpaxhpszkrY3YWVl
https://t.me/+hpaxhpszkrY3YWVl
https://t.me/+hpaxhpszkrY3YWVl
https://t.me/+hpaxhpszkrY3YWVl
https://t.me/+hpaxhpszkrY3YWVl
https://t.me/+hpaxhpszkrY3YWVl
https://t.me/+hpaxhpszkrY3YWVl
https://t.me/+hpaxhpszkrY3YWVl
https://t.me/+hpaxhpszkrY3YWVl
https://t.me/+hpaxhpszkrY3YWVl
https://t.me/+hpaxhpszkrY3YWVl
https://t.me/+hpaxhpszkrY3YWVl
https://t.me/+hpaxhpszkrY3YWVl
https://t.me/+hpaxhpszkrY3YWVl
https://t.me/+hpaxhpszkrY3YWVl
https://t.me/+hpaxhpszkrY3YWVl
https://t.me/+hpaxhpszkrY3YWVl
https://t.me/+hpaxhpszkrY3YWVl
https://t.me/+hpaxhpszkrY3YWVl
https://t.me/+hpaxhpszkrY3YWVl
https://t.me/+hpaxhpszkrY3YWVl
https://t.me/+hpaxhpszkrY3YWVl
https://t.me/+hpaxhpszkrY3YWVl
https://t.me/+hpaxhpszkrY3YWVl
https://t.me/+hpaxhpszkrY3YWVl
https://t.me/+hpaxhpszkrY3YWVl
https://t.me/+hpaxhpszkrY3YWVl
https://t.me/+hpaxhpszkrY3YWVl
https://t.me/+hpaxhpszkrY3YWVl
https://t.me/+hpaxhpszkrY3YWVl
https://t.me/+hpaxhpszkrY3YWVl
https://t.me/+hpaxhpszkrY3YWVl
https://t.me/+hpaxhpszkrY3YWVl
https://t.me/+hpaxhpszkrY3YWVl
https://t.me/+hpaxhpszkrY3YWVl
https://t.me/+hpaxhpszkrY3YWVl",2024-03-27T22:57:14+00:00,,,
75945,krazzzzysam,https://t.me/krazzzzysam,Good boys movie,2024-03-22T05:31:46+00:00,,,
74897,krazzzzysam,https://t.me/krazzzzysam,Movie <PERSON> dhekhu bro,2024-03-13T14:53:11+00:00,,,
74182,krazzzzysam,https://t.me/krazzzzysam,Good Boy ka dounlod lik,2024-03-05T04:41:20+00:00,,,
73044,krazzzzysam,https://t.me/krazzzzysam,Why him full movie do,2024-02-19T09:00:58+00:00,,,
72700,krazzzzysam,https://t.me/krazzzzysam,Hello,2024-02-16T08:33:44+00:00,,,
71303,krazzzzysam,https://t.me/krazzzzysam,https://youtube.com/@user-gp1td1fq4o?si=7pO6WPlB4Q8mpYqd,2024-02-06T18:57:38+00:00,,,
69832,krazzzzysam,https://t.me/krazzzzysam,Easy money earn tep to link and start earning🙈😊,2024-01-30T17:51:20+00:00,,,
69831,krazzzzysam,https://t.me/krazzzzysam,https://t.me/Tgbotsponsor_bot?start=<PHONE_NUMBER>,2024-01-30T17:51:17+00:00,,,
69670,krazzzzysam,https://t.me/krazzzzysam,Bahi link open hi nhi hota <PERSON>,2024-01-29T17:50:08+00:00,,,
69658,krazzzzysam,https://t.me/krazzzzysam,Hy,2024-01-29T17:08:28+00:00,,,
69598,krazzzzysam,https://t.me/krazzzzysam,"Hi
my friend
<PERSON> me movies / Web series /  TV shows  download <PERSON> to join karo mere telegram channel ko

Telegram channel name :  Tlsbro 
Link ⬇️

https://t.me/+5lkJC4v3gMM2Yjc9",2024-01-29T15:44:13+00:00,,,
69573,krazzzzysam,https://t.me/krazzzzysam,Girls to buy movie ka link <PERSON> please,2024-01-29T15:33:01+00:00,,,
69572,krazzzzysam,https://t.me/krazzzzysam,Hello ( girls to buy <DATE_TIME> ) movie bhej do please,2024-01-29T15:32:21+00:00,,,👍: 1
69568,krazzzzysam,https://t.me/krazzzzysam,<PERSON> movie ka link de do please,2024-01-29T15:00:14+00:00,,,
69546,krazzzzysam,https://t.me/krazzzzysam,Just beyond movie <PERSON>,2024-01-29T12:54:16+00:00,,,
69543,krazzzzysam,https://t.me/krazzzzysam,<DATE_TIME>🇨,2024-01-29T12:11:56+00:00,,,
69539,krazzzzysam,https://t.me/krazzzzysam,<PERSON> movie de do,2024-01-29T11:14:27+00:00,,,
69538,krazzzzysam,https://t.me/krazzzzysam,Hi,2024-01-29T11:06:56+00:00,,,
69537,krazzzzysam,https://t.me/krazzzzysam,Hi,2024-01-29T11:05:42+00:00,,,
69522,krazzzzysam,https://t.me/krazzzzysam,<PERSON> movie,2024-01-29T08:47:24+00:00,,,
69521,krazzzzysam,https://t.me/krazzzzysam,<PERSON>,2024-01-29T08:46:53+00:00,,,
69517,krazzzzysam,https://t.me/krazzzzysam,Hi,2024-01-29T07:54:13+00:00,,,
69514,krazzzzysam,https://t.me/krazzzzysam,"https://chat.whatsapp.com/DFqyylBZjhoIuW5B5xOHS9
.
Add Guru Amazon sasta offer",2024-01-29T07:35:54+00:00,,,
69512,krazzzzysam,https://t.me/krazzzzysam,Hii,2024-01-29T07:32:30+00:00,,,
69504,krazzzzysam,https://t.me/krazzzzysam,<PERSON>,2024-01-29T07:00:41+00:00,,,
69503,krazzzzysam,https://t.me/krazzzzysam,<NRP> movie download <PERSON>,2024-01-29T06:03:21+00:00,,,
69493,krazzzzysam,https://t.me/krazzzzysam,https://t.me/winnerexperts_1https://t.me/winnerexperts_1https://t.me/winnerexperts_1https://t.me/winnerexperts_1https://t.me/winnerexperts_1,2024-01-29T04:35:16+00:00,,,
69491,krazzzzysam,https://t.me/krazzzzysam,"1st Rank Won Prime Member,, Market Copy Marega Proof <PERSON>

Te Dekhna Post <PERSON><PERSON> 𝐆𝐮𝐚𝐫𝐚𝐧𝐭𝐞𝐞𝐝 <PERSON> 𝐖𝐢𝐧 𝐄𝐯𝐞𝐫𝐲𝐝𝐚𝐲🔥🔥😍
𝐂𝐨𝐧𝐭𝐚𝐜𝐭 𝐅𝐨𝐫 𝐏𝐫𝐢𝐦𝐞 𝐓𝐨 𝐖𝐢𝐧 𝟏𝟎𝟎% 𝐆𝐮𝐚𝐫𝐚𝐧𝐭𝐞𝐞𝐝 <PERSON> 𝐄𝐯𝐞𝐫𝐲𝐝𝐚𝐲❤️✅

𝐃𝐎𝐍'𝐓 𝐖𝐀𝐒𝐓𝐄 𝐘𝐎𝐔𝐑 𝐓𝐈𝐌𝐄 𝐀𝐍𝐃 𝐌𝐎𝐍𝐄𝐘 𝐎𝐓𝐇𝐄𝐑 𝐏𝐋𝐀𝐂𝐄
CONTACT FOR PRIME➡️

Telegram👉 𝐂𝐫𝐢𝐜 𝐂𝐫𝐚𝐤 [𝐅𝐀𝐍𝐓𝐀𝐒𝐘💯𝐆𝐑𝐎𝐔𝐏🏏<PERSON>

Telegram Channel 👉
WhatsApp:- https://wa.me/<PHONE_NUMBER>",2024-01-29T04:34:20+00:00,,,
69490,krazzzzysam,https://t.me/krazzzzysam,Horror movie sexy wali link sand karo,2024-01-29T04:29:48+00:00,,,
69488,krazzzzysam,https://t.me/krazzzzysam,Bhai hate story ka link bhej do yrrr,2024-01-29T03:01:28+00:00,,,
69487,krazzzzysam,https://t.me/krazzzzysam,<PERSON>,2024-01-29T02:53:21+00:00,,,
69486,krazzzzysam,https://t.me/krazzzzysam,Download karne ka option nhi aa <PERSON>,2024-01-29T02:52:46+00:00,,,
69485,krazzzzysam,https://t.me/krazzzzysam,<DATE_TIME>,2024-01-29T02:24:11+00:00,,,
69482,krazzzzysam,https://t.me/krazzzzysam,Badland Hunters hind,2024-01-28T19:52:28+00:00,,,
69481,krazzzzysam,https://t.me/krazzzzysam,Badland Hunters hind,2024-01-28T19:51:52+00:00,,,
69478,krazzzzysam,https://t.me/krazzzzysam,<PERSON> house,2024-01-28T19:06:30+00:00,,,
69470,krazzzzysam,https://t.me/krazzzzysam,DNS of <PERSON> movie download <PERSON>,2024-01-28T17:46:45+00:00,,,
69469,krazzzzysam,https://t.me/krazzzzysam,"<PERSON> horror Movie 
https://t.me/movieplexsj/12",2024-01-28T17:35:38+00:00,,,
69467,krazzzzysam,https://t.me/krazzzzysam,Horror movie saxy wali link sand karo 😊,2024-01-28T17:07:58+00:00,,,
69466,krazzzzysam,https://t.me/krazzzzysam,<PERSON> video m btaya <PERSON> option nhi aarha <DATE_TIME>,2024-01-28T17:01:33+00:00,,,
69465,krazzzzysam,https://t.me/krazzzzysam,<PERSON> do,2024-01-28T17:01:01+00:00,,,
69464,krazzzzysam,https://t.me/krazzzzysam,<PERSON> movie dawnload nhi <PERSON> h,2024-01-28T17:00:11+00:00,,,👍: 1
69463,krazzzzysam,https://t.me/krazzzzysam,Send full sex movie links,2024-01-28T16:43:29+00:00,,,
69455,krazzzzysam,https://t.me/krazzzzysam,Srikanta movies chahiye,2024-01-28T15:44:13+00:00,,,
69454,krazzzzysam,https://t.me/krazzzzysam,Bro ye movie <PERSON>,2024-01-28T15:35:38+00:00,,,
69453,krazzzzysam,https://t.me/krazzzzysam,Undekhi web series,2024-01-28T15:30:03+00:00,,,
