id,Channel ID,URL,message,date,views,forwards,reactions
493,krazzzzysam,https://t.me/krazzzzysam,"12th F@!l movie 😭❤️

https://yt.openinapp.link/Krazzysam999
https://yt.openinapp.link/Krazzysam999
https://yt.openinapp.link/Krazzysam999

<PERSON>",2024-01-07T13:34:24+00:00,270659.0,292.0,"👍: 176, ❤: 33, 🔥: 13, 🥰: 6, 👏: 4, 👌: 4, 💩: 3, 😁: 1"
82175,krazzzzysam,https://t.me/krazzzzysam,"https://www.instagram.com/motivait02?igsh
=<PERSON> 
.चैनल को Subscribe करे👇https://youtube.com/@motivait02?si=<PERSON>
.   1)https://youtube.com/shorts/pjwusACqYCw?si=gkoOrY6R5aHdl2G3
.
2)https://youtube.com/shorts/t65nGki1e5o?si=<PERSON>.
3)https://youtube.com/shorts/ayzOAlOZlCE?si=tDnAckAnwPosOCGV
.
4)https://youtube.com/shorts/Ktl-GxC6iAU?si=-rAYRLRsPNyW_jQn
.
5)https://youtube.com/shorts/94zbPPB7neg?feature=share
.",2024-05-03T05:34:56+00:00,,,
80703,krazzzzysam,https://t.me/krazzzzysam,Hi,2024-04-18T18:57:27+00:00,,,
71362,krazzzzysam,https://t.me/krazzzzysam,https://youtube.com/@Happy_bhati?si=l_ZBFCbDo9lILuN5,2024-02-07T08:34:49+00:00,,,
69613,krazzzzysam,https://t.me/krazzzzysam,"Hi
my friend
<PERSON> me movies / Web series /  TV shows  download <PERSON> to join karo mere telegram channel ko

Telegram channel name :  Tlsbro 
Link ⬇️

https://t.me/+5lkJC4v3gMM2Yjc9",2024-01-29T15:46:26+00:00,,,
69434,krazzzzysam,https://t.me/krazzzzysam,<PERSON>,2024-01-28T12:48:32+00:00,,,
69010,krazzzzysam,https://t.me/krazzzzysam,Hindi sex video,2024-01-26T03:10:19+00:00,,,
66186,krazzzzysam,https://t.me/krazzzzysam,Shooter movie sand me,2024-01-12T08:51:51+00:00,,,
65593,krazzzzysam,https://t.me/krazzzzysam,"Hello <NRP>

<PERSON> 3 se 4 <PERSON> apne phone se <PERSON> 15 se 20 hazar earn <PERSON> sake 

<PERSON> be <PERSON> chate <PERSON> to <PERSON> 3 se 4 person he chaia DM me Fast",2024-01-10T06:26:17+00:00,,,
65579,krazzzzysam,https://t.me/krazzzzysam,<PERSON> series de do,2024-01-10T05:08:46+00:00,,,
65566,krazzzzysam,https://t.me/krazzzzysam,New movie and web series <PERSON> massage <PERSON> quality 100% 👍👍👍👍❤️,2024-01-10T04:14:23+00:00,,,
65414,krazzzzysam,https://t.me/krazzzzysam,Hi,2024-01-09T10:04:45+00:00,,,
65362,krazzzzysam,https://t.me/krazzzzysam,https://t.me/PaxTSKSUzXU2OWRl,2024-01-09T06:02:09+00:00,,,
65361,krazzzzysam,https://t.me/krazzzzysam,https://t.me/PaxTSKSUzXU2OWRl,2024-01-09T06:02:06+00:00,,,
65360,krazzzzysam,https://t.me/krazzzzysam,https://t.me/PaxTSKSUzXU2OWRl,2024-01-09T06:02:00+00:00,,,
65359,krazzzzysam,https://t.me/krazzzzysam,https://t.me/YBfRBgKHbt1kZGRl,2024-01-09T06:01:49+00:00,,,
65358,krazzzzysam,https://t.me/krazzzzysam,https://t.me/+7cW9zACdZG4wNTQ9,2024-01-09T06:01:31+00:00,,,
65357,krazzzzysam,https://t.me/krazzzzysam,https://t.me/+7cW9zACdZG4wNTQ9,2024-01-09T06:01:29+00:00,,,
65356,krazzzzysam,https://t.me/krazzzzysam,https://t.me/+7cW9zACdZG4wNTQ9,2024-01-09T06:01:27+00:00,,,
65355,krazzzzysam,https://t.me/krazzzzysam,https://t.me/+7cW9zACdZG4wNTQ9,2024-01-09T06:01:25+00:00,,,
65298,krazzzzysam,https://t.me/krazzzzysam,"https://t.me/Movie3sk
https://t.me/Movie3sk
https://t.me/Movie3sk
https://t.me/Movie3sk
https://t.me/Movie3sk",2024-01-08T18:49:21+00:00,,,
65297,krazzzzysam,https://t.me/krazzzzysam,"https://t.me/Movie3sk
https://t.me/Movie3sk
https://t.me/Movie3sk
https://t.me/Movie3sk
https://t.me/Movie3sk",2024-01-08T18:49:19+00:00,,,
65198,krazzzzysam,https://t.me/krazzzzysam,"All Movies Available Free 

Join Group and send movie name 

Massage me personally",2024-01-08T13:41:30+00:00,,,
65101,krazzzzysam,https://t.me/krazzzzysam,"Bhai full movie🔗 hindi⚡ me available👇💦 he 🧐
Hot 🥵and sexy 👙 movie🔗 👇👇👇
(Request for any movie) 
https://t.me/movieflixzzzORG
https://t.me/movieflixzzzORG
https://t.me/movieflixzzzORG",2024-01-08T08:12:16+00:00,,,
65079,krazzzzysam,https://t.me/krazzzzysam,Sholustion,2024-01-08T05:58:19+00:00,,,
65078,krazzzzysam,https://t.me/krazzzzysam,<PERSON>,2024-01-08T05:58:12+00:00,,,
65077,krazzzzysam,https://t.me/krazzzzysam,,2024-01-08T05:58:07+00:00,,,
64948,krazzzzysam,https://t.me/krazzzzysam,Hi,2024-01-07T17:20:54+00:00,,,
64946,krazzzzysam,https://t.me/krazzzzysam,"Bhai full movie🔗 hindi⚡ me available👇💦 he 🧐
Hot 🥵and sexy 👙 movie🔗 👇👇👇
(Request for any movie) 
https://t.me/movieflixzzzORG
https://t.me/movieflixzzzORG
https://t.me/movieflixzzzORG",2024-01-07T16:48:49+00:00,,,
64942,krazzzzysam,https://t.me/krazzzzysam,"Bhai full movie🔗 hindi⚡ me available👇💦 he 🧐
Hot 🥵and sexy 👙 movie🔗 👇👇👇
(Request for any movie) 
https://t.me/movieflixzzzORG
https://t.me/movieflixzzzORG
https://t.me/movieflixzzzORG",2024-01-07T16:47:17+00:00,,,
64941,krazzzzysam,https://t.me/krazzzzysam,<PERSON> movie please,2024-01-07T16:44:23+00:00,,,
64940,krazzzzysam,https://t.me/krazzzzysam,<PERSON> sexy movie chahie To tumhare crazy <PERSON>,2024-01-07T16:24:41+00:00,,,
64938,krazzzzysam,https://t.me/krazzzzysam,<PERSON> movie chahie sexy movie <PERSON> movie mein south movie mein kuchh naya mil <PERSON> To batao to <PERSON>,2024-01-07T16:23:05+00:00,,,
64936,krazzzzysam,https://t.me/krazzzzysam,Link <PERSON> na,2024-01-07T16:21:37+00:00,,,
64934,krazzzzysam,https://t.me/krazzzzysam,"Bhai full movie🔗 hindi⚡ me available👇💦 he 🧐
Hot 🥵and sexy 👙 movie🔗 👇👇👇
(Request for any movie) 
https://t.me/movieflixzzzORG
https://t.me/movieflixzzzORG
https://t.me/movieflixzzzORG",2024-01-07T16:20:09+00:00,,,
64932,krazzzzysam,https://t.me/krazzzzysam,"Bhai full movie🔗 hindi⚡ me available👇💦 he 🧐
Hot 🥵and sexy 👙 movie🔗 👇👇👇
(Request for any movie) 
https://t.me/movieflixzzzORG
https://t.me/movieflixzzzORG
https://t.me/movieflixzzzORG",2024-01-07T16:19:50+00:00,,,
64929,krazzzzysam,https://t.me/krazzzzysam,<PERSON> personal DM kro deta hu,2024-01-07T15:56:47+00:00,,,
64928,krazzzzysam,https://t.me/krazzzzysam,berlin money heist iska link <PERSON> to jara,2024-01-07T15:22:09+00:00,,,
64922,krazzzzysam,https://t.me/krazzzzysam,Are <PERSON> naya picture <PERSON> to do na yaar sab <PERSON> send <PERSON>,2024-01-07T14:51:32+00:00,,,
64919,krazzzzysam,https://t.me/krazzzzysam,"Soccer Experts:
free football tips <PERSON> follow <PERSON>https://t.me/soccer1997
https://t.me/soccer1997
https://t.me/soccer1997
https://t.me/soccer1997",2024-01-07T14:39:26+00:00,,,
64914,krazzzzysam,https://t.me/krazzzzysam,"Bhai full movie🔗 hindi⚡ me available👇💦 he 🧐
Hot 🥵and sexy 👙 movie🔗 👇👇👇
(Request for any movie) 
https://t.me/movieflixzzzORG
https://t.me/movieflixzzzORG
https://t.me/movieflixzzzORG",2024-01-07T14:16:21+00:00,,,
64913,krazzzzysam,https://t.me/krazzzzysam,"Bhai full movie🔗 hindi⚡ me available👇💦 he 🧐
Hot 🥵and sexy 👙 movie🔗 👇👇👇
(Request for any movie) 
https://t.me/movieflixzzzORG
https://t.me/movieflixzzzORG
https://t.me/movieflixzzzORG",2024-01-07T14:16:13+00:00,,,
64911,krazzzzysam,https://t.me/krazzzzysam,"Bhai full movie🔗 hindi⚡ me available👇💦 he 🧐
Hot 🥵and sexy 👙 movie🔗 👇👇👇
(Request for any movie) 
https://t.me/movieflixzzzORG
https://t.me/movieflixzzzORG
https://t.me/movieflixzzzORG",2024-01-07T14:16:02+00:00,,,
64910,krazzzzysam,https://t.me/krazzzzysam,"Bhai full movie🔗 hindi⚡ me available👇💦 he 🧐
Hot 🥵and sexy 👙 movie🔗 👇👇👇
(Request for any movie) 
https://t.me/movieflixzzzORG
https://t.me/movieflixzzzORG
https://t.me/movieflixzzzORG",2024-01-07T14:15:55+00:00,,,
64908,krazzzzysam,https://t.me/krazzzzysam,"Bro full hd movie available👇
https://t.me/movieflixzzzORG/3285
https://t.me/movieflixzzzORG/3285
https://t.me/movieflixzzzORG/3285",2024-01-07T14:15:37+00:00,,,👍: 1
64907,krazzzzysam,https://t.me/krazzzzysam,"Bro full hd movie available👇
https://t.me/movieflixzzzORG/3285
https://t.me/movieflixzzzORG/3285
https://t.me/movieflixzzzORG/3285",2024-01-07T14:15:33+00:00,,,
64906,krazzzzysam,https://t.me/krazzzzysam,"Bro full hd movie available👇
https://t.me/movieflixzzzORG/3285
https://t.me/movieflixzzzORG/3285
https://t.me/movieflixzzzORG/3285",2024-01-07T14:15:28+00:00,,,
64905,krazzzzysam,https://t.me/krazzzzysam,"Bhai full movie🔗 hindi⚡ me available👇💦 he 🧐
Hot 🥵and sexy 👙 movie🔗 👇👇👇
(Request for any movie) 
https://t.me/movieflixzzzORG
https://t.me/movieflixzzzORG
https://t.me/movieflixzzzORG",2024-01-07T14:15:19+00:00,,,
64904,krazzzzysam,https://t.me/krazzzzysam,"Bhai full movie🔗 hindi⚡ me available👇💦 he 🧐
Hot 🥵and sexy 👙 movie🔗 👇👇👇
(Request for any movie) 
https://t.me/movieflixzzzORG
https://t.me/movieflixzzzORG
https://t.me/movieflixzzzORG",2024-01-07T14:15:11+00:00,,,
64903,krazzzzysam,https://t.me/krazzzzysam,"Bro full hd movie available👇
https://t.me/movieflixzzzORG/3285
https://t.me/movieflixzzzORG/3285
https://t.me/movieflixzzzORG/3285",2024-01-07T14:14:33+00:00,,,
64902,krazzzzysam,https://t.me/krazzzzysam,"Bhai full movie🔗 hindi⚡ me available👇💦 he 🧐
Hot 🥵and sexy 👙 movie🔗 👇👇👇
(Request for any movie) 
https://t.me/movieflixzzzORG
https://t.me/movieflixzzzORG
https://t.me/movieflixzzzORG",2024-01-07T14:14:10+00:00,,,
64896,krazzzzysam,https://t.me/krazzzzysam,TUM YAAR DOWNLOAD KARNA KAHA SE H YE BAATAO,2024-01-07T14:00:01+00:00,,,
64894,krazzzzysam,https://t.me/krazzzzysam,Ha,2024-01-07T13:58:42+00:00,,,
64892,krazzzzysam,https://t.me/krazzzzysam,Download <PERSON> karni h,2024-01-07T13:52:11+00:00,,,👍: 1
64890,krazzzzysam,https://t.me/krazzzzysam,"https://t.me/soccer1997
https://t.me/soccer1997
https://t.me/soccer1997
https://t.me/soccer1997",2024-01-07T13:47:31+00:00,,,
64889,krazzzzysam,https://t.me/krazzzzysam,free football tips <PERSON> follow <PERSON>,2024-01-07T13:46:56+00:00,,,
64888,krazzzzysam,https://t.me/krazzzzysam,Sex web series,2024-01-07T13:45:16+00:00,,,👍: 3
64886,krazzzzysam,https://t.me/krazzzzysam,Download link 🖇️😁,2024-01-07T13:42:09+00:00,,,
64885,krazzzzysam,https://t.me/krazzzzysam,Link,2024-01-07T13:41:48+00:00,,,
64883,krazzzzysam,https://t.me/krazzzzysam,12fail movie HD link,2024-01-07T13:40:52+00:00,,,
64882,krazzzzysam,https://t.me/krazzzzysam,Hello,2024-01-07T13:40:35+00:00,,,
64881,krazzzzysam,https://t.me/krazzzzysam,Download link 🖇️,2024-01-07T13:40:14+00:00,,,
64879,krazzzzysam,https://t.me/krazzzzysam,Hd m nhi h kya,2024-01-07T13:38:25+00:00,,,
64877,krazzzzysam,https://t.me/krazzzzysam,<PERSON> movie,2024-01-07T13:34:57+00:00,,,
64876,krazzzzysam,https://t.me/krazzzzysam,Sax video cahiye DM me,2024-01-07T13:34:40+00:00,,,
