id,Channel ID,URL,message,date,views,forwards,reactions
484,krazzzzysam,https://t.me/krazzzzysam,"Løve aπd Le@$he$ <DATE_TIME> and 720p Download link here 👇👇👇 👇

  • 480p 👇
   https://ziplinker.net/nUDTTi

  • 720p 👇
   https://ziplinker.net/iw7FB
_ _ _ _ _ _ _ _ _ _ _ _ _ _ _ _ _ _ _ _ _ _ _ _ _ _ _ _ _

Movie ke bare me iss reel me btaya <PERSON>

                      ⚠️ IMPORTANT ⚠️

• Jisko Download Karne Mai Problem Ho wo ye
   wali video dekhlo 👇👇

https://t.me/KrazzzzySam/471

agr ad blocker show <PERSON> to phone ki settings me jakr private DNS off <PERSON> download <PERSON>",2023-12-30T16:43:35+00:00,288845.0,497.0,"👍: 224, ❤: 25, 🔥: 10, 🥰: 8, 😁: 7, 👌: 6, 👎: 5"
82955,krazzzzysam,https://t.me/krazzzzysam,Good boy,2024-05-11T04:38:36+00:00,,,
77425,krazzzzysam,https://t.me/krazzzzysam,Group left krne <PERSON>,2024-03-25T18:59:00+00:00,,,
77424,krazzzzysam,https://t.me/krazzzzysam,<PERSON>,2024-03-25T18:58:51+00:00,,,
76994,krazzzzysam,https://t.me/krazzzzysam,<PERSON>,2024-03-24T06:24:01+00:00,,,
76993,krazzzzysam,https://t.me/krazzzzysam,<PERSON> download nhi ho <PERSON> ye movie,2024-03-24T06:22:56+00:00,,,
75074,krazzzzysam,https://t.me/krazzzzysam,Ye movie download <PERSON> h,2024-03-15T07:49:12+00:00,,,
74996,krazzzzysam,https://t.me/krazzzzysam,https://t.me/movieflixzzzORG,2024-03-14T09:25:19+00:00,,,
74995,krazzzzysam,https://t.me/krazzzzysam,Not vark,2024-03-14T09:24:21+00:00,,,
74925,krazzzzysam,https://t.me/krazzzzysam,Download <PERSON> do,2024-03-13T19:13:06+00:00,,,
74916,krazzzzysam,https://t.me/krazzzzysam,Video sand <PERSON> do,2024-03-13T18:58:21+00:00,,,
74395,krazzzzysam,https://t.me/krazzzzysam,Meri movie open nhi hori,2024-03-07T21:36:59+00:00,,,
69620,krazzzzysam,https://t.me/krazzzzysam,"Hi
my friend
<PERSON> me movies / Web series /  TV shows  download <PERSON> to join karo mere telegram channel ko

Telegram channel name :  Tlsbro 
Link ⬇️

https://t.me/+5lkJC4v3gMM2Yjc9",2024-01-29T15:47:20+00:00,,,
69541,krazzzzysam,https://t.me/krazzzzysam,<NRP> movie,2024-01-29T11:46:30+00:00,,,
66402,krazzzzysam,https://t.me/krazzzzysam,Download karne jao to vo sala app download <PERSON> download <PERSON>,2024-01-13T19:39:18+00:00,,,
66125,krazzzzysam,https://t.me/krazzzzysam,<PERSON> बेकर थी,2024-01-11T20:21:27+00:00,,,
65569,krazzzzysam,https://t.me/krazzzzysam,New movie and web series <PERSON> massage <PERSON> quality 100% 👍👍👍👍❤️,2024-01-10T04:14:53+00:00,,,
64846,krazzzzysam,https://t.me/krazzzzysam,"Bhai full movie🔗 hindi⚡ me available👇💦 he 🧐
Hot 🥵and sexy 👙 movie🔗 👇👇👇
(Request for any movie) 
https://t.me/movieflixzzzORG
https://t.me/movieflixzzzORG
https://t.me/movieflixzzzORG",2024-01-07T12:29:54+00:00,,,
64758,krazzzzysam,https://t.me/krazzzzysam,"Bhai full movie🔗 hindi⚡ me available👇💦 he 🧐
Hot 🥵and sexy 👙 movie🔗 👇👇👇
(Request for any movie) 
https://t.me/movieflixzzzORG
https://t.me/movieflixzzzORG
https://t.me/movieflixzzzORG",2024-01-07T04:35:40+00:00,,,
64702,krazzzzysam,https://t.me/krazzzzysam,<PERSON> send <PERSON>,2024-01-06T17:41:30+00:00,,,
64322,krazzzzysam,https://t.me/krazzzzysam,"Bhai full movie🔗 hindi⚡ me available👇💦 he 🧐
Hot 🥵and sexy 👙 movie🔗 👇👇👇
(Request for any movie) 
https://t.me/movieflixzzzORG
https://t.me/movieflixzzzORG
https://t.me/movieflixzzzORG",2024-01-06T08:24:06+00:00,,,
64249,krazzzzysam,https://t.me/krazzzzysam,Hum karde <PERSON> to,2024-01-06T07:57:07+00:00,,,
64248,krazzzzysam,https://t.me/krazzzzysam,Best movie ever 😍😍😍❤️❤️❤️👌😍,2024-01-06T07:56:48+00:00,,,
63992,krazzzzysam,https://t.me/krazzzzysam,Palzz xxx,2024-01-05T15:17:46+00:00,,,
63909,krazzzzysam,https://t.me/krazzzzysam,Xxx,2024-01-05T09:46:51+00:00,,,
63755,krazzzzysam,https://t.me/krazzzzysam,Movie download nhi ho rhi,2024-01-04T16:32:51+00:00,,,
63717,krazzzzysam,https://t.me/krazzzzysam,Is link per <PERSON>,2024-01-04T11:47:44+00:00,,,
63685,krazzzzysam,https://t.me/krazzzzysam,"Bhai full movie <PERSON> dubbed👇 me available he 👇
Sexy movies available💦💦💦
https://t.me/movieflixzzzORG
https://t.me/movieflixzzzORG
https://t.me/movieflixzzzORG",2024-01-04T09:40:20+00:00,,,
63592,krazzzzysam,https://t.me/krazzzzysam,Brooo what the fxkk I can't download any movie bro y,2024-01-03T16:38:59+00:00,,,
63563,krazzzzysam,https://t.me/krazzzzysam,<NRP> movie download <PERSON>..,2024-01-03T14:12:45+00:00,,,
63450,krazzzzysam,https://t.me/krazzzzysam,https://t.me/Movie3sk,2024-01-03T04:24:35+00:00,,,
63449,krazzzzysam,https://t.me/krazzzzysam,https://t.me/Movie3sk,2024-01-03T04:24:33+00:00,,,
63448,krazzzzysam,https://t.me/krazzzzysam,https://t.me/Movie3sk,2024-01-03T04:24:30+00:00,,,
63432,krazzzzysam,https://t.me/krazzzzysam,🥺,2024-01-03T03:53:18+00:00,,,
63431,krazzzzysam,https://t.me/krazzzzysam,<PERSON> se <PERSON> se bhi pr vo <NRP> language <PERSON>,2024-01-03T03:53:11+00:00,,,
63430,krazzzzysam,https://t.me/krazzzzysam,Bro love and leashes Hindi me <PERSON><PERSON> me <PERSON> batau n pls,2024-01-03T03:51:42+00:00,,,
63336,krazzzzysam,https://t.me/krazzzzysam,"Bhai full movie <PERSON> dubbed👇 me available he 👇
Sexy movies available💦💦💦
https://t.me/movieflixzzzORG
https://t.me/movieflixzzzORG
https://t.me/movieflixzzzORG",2024-01-02T15:59:21+00:00,,,
63318,krazzzzysam,https://t.me/krazzzzysam,<NRP> movie open nhi hori hai ...  Fir ek baar upload kar nah,2024-01-02T14:02:17+00:00,,,
63295,krazzzzysam,https://t.me/krazzzzysam,"Bhai full movie <PERSON> dubbed👇 me available he 👇
Sexy movies available💦💦💦
https://t.me/movieflixzzzORG
https://t.me/movieflixzzzORG
https://t.me/movieflixzzzORG",2024-01-02T12:41:21+00:00,,,
63294,krazzzzysam,https://t.me/krazzzzysam,"Bhai full movie <PERSON> dubbed👇 me available he 👇
Sexy movies available💦💦💦
https://t.me/movieflixzzzORG
https://t.me/movieflixzzzORG
https://t.me/movieflixzzzORG",2024-01-02T12:41:17+00:00,,,
63265,krazzzzysam,https://t.me/krazzzzysam,Movie,2024-01-02T09:08:34+00:00,,,
63264,krazzzzysam,https://t.me/krazzzzysam,<PERSON>,2024-01-02T09:08:31+00:00,,,
63229,krazzzzysam,https://t.me/krazzzzysam,Ese movie or batao na,2024-01-01T19:08:45+00:00,,,
63020,krazzzzysam,https://t.me/krazzzzysam,"Bhai full movie <PERSON> dubbed👇 me available he 👇
Sexy movies available💦💦💦
https://t.me/movieflixzzzORG
https://t.me/movieflixzzzORG
https://t.me/movieflixzzzORG",2024-01-01T03:43:24+00:00,,,
63018,krazzzzysam,https://t.me/krazzzzysam,"Bhai full movie <PERSON> dubbed👇 me available he 👇
Sexy movies available💦💦💦
https://t.me/movieflixzzzORG
https://t.me/movieflixzzzORG
https://t.me/movieflixzzzORG",2024-01-01T03:42:41+00:00,,,
62985,krazzzzysam,https://t.me/krazzzzysam,H,2023-12-31T18:50:05+00:00,,,
62984,krazzzzysam,https://t.me/krazzzzysam,<PERSON> movie do <PERSON>,2023-12-31T18:49:18+00:00,,,
62964,krazzzzysam,https://t.me/krazzzzysam,Malina movie <PERSON>,2023-12-31T17:11:04+00:00,,,
62963,krazzzzysam,https://t.me/krazzzzysam,Hii,2023-12-31T17:10:23+00:00,,,
62962,krazzzzysam,https://t.me/krazzzzysam,Where is link for 6-5=2 movie,2023-12-31T17:07:22+00:00,,,
62954,krazzzzysam,https://t.me/krazzzzysam,<PERSON>,2023-12-31T16:11:25+00:00,,,👍: 1
62952,krazzzzysam,https://t.me/krazzzzysam,https://t.me/movieflixzzzrequested/6104,2023-12-31T15:50:14+00:00,,,
62951,krazzzzysam,https://t.me/krazzzzysam,"Bhai full movie <PERSON> dubbed👇 me available he 👇
Sexy movies available💦💦💦
https://t.me/movieflixzzzORG
https://t.me/movieflixzzzORG
https://t.me/movieflixzzzORG",2023-12-31T15:49:21+00:00,,,
62949,krazzzzysam,https://t.me/krazzzzysam,<PERSON> website,2023-12-31T15:44:33+00:00,,,
62948,krazzzzysam,https://t.me/krazzzzysam,"Bhai full movie <PERSON> dubbed👇 me available he 👇
Sexy movies available💦💦💦
https://t.me/movieflixzzzORG
https://t.me/movieflixzzzORG
https://t.me/movieflixzzzORG",2023-12-31T15:40:25+00:00,,,
62946,krazzzzysam,https://t.me/krazzzzysam,"Bhai full movie <PERSON> dubbed👇 me available he 👇
Sexy movies available💦💦💦
https://t.me/movieflixzzzORG
https://t.me/movieflixzzzORG
https://t.me/movieflixzzzORG",2023-12-31T15:40:03+00:00,,,
62935,krazzzzysam,https://t.me/krazzzzysam,thank you for coming movie do bhai,2023-12-31T13:14:28+00:00,,,
62916,krazzzzysam,https://t.me/krazzzzysam,Ye group ka link <PERSON> do,2023-12-31T10:56:56+00:00,,,
62915,krazzzzysam,https://t.me/krazzzzysam,"Ra100 rupees 50 video
Rs 200 rupees 150 video",2023-12-31T10:53:38+00:00,,,
62914,krazzzzysam,https://t.me/krazzzzysam,Teenage girls and boys sex videos available teenage lesbian and boy and boy,2023-12-31T10:53:35+00:00,,,
62913,krazzzzysam,https://t.me/krazzzzysam,,2023-12-31T10:52:23+00:00,,,
62912,krazzzzysam,https://t.me/krazzzzysam,,2023-12-31T10:52:23+00:00,,,
62911,krazzzzysam,https://t.me/krazzzzysam,,2023-12-31T10:52:23+00:00,,,
62910,krazzzzysam,https://t.me/krazzzzysam,,2023-12-31T10:52:23+00:00,,,
62909,krazzzzysam,https://t.me/krazzzzysam,,2023-12-31T10:52:23+00:00,,,
62905,krazzzzysam,https://t.me/krazzzzysam,<PERSON> movie download <PERSON>,2023-12-31T09:51:53+00:00,,,
62902,krazzzzysam,https://t.me/krazzzzysam,<PERSON> massage karo mai dunga movie,2023-12-31T09:39:47+00:00,,,
62901,krazzzzysam,https://t.me/krazzzzysam,Bhai 12 fail or animal movie link send <PERSON> do,2023-12-31T09:38:12+00:00,,,
62892,krazzzzysam,https://t.me/krazzzzysam,"Bhai full movie <PERSON> dubbed👇 me available he 👇
Sexy movies available💦💦💦
https://t.me/movieflixzzzORG
https://t.me/movieflixzzzORG
https://t.me/movieflixzzzORG",2023-12-31T08:07:16+00:00,,,
62891,krazzzzysam,https://t.me/krazzzzysam,Hlo ye movie open nhi <PERSON> h,2023-12-31T07:55:40+00:00,,,
62888,krazzzzysam,https://t.me/krazzzzysam,"Bhai full movie <PERSON> dubbed👇 me available he 👇
Sexy movies available💦💦💦
https://t.me/movieflixzzzORG
https://t.me/movieflixzzzORG
https://t.me/movieflixzzzORG",2023-12-31T07:43:37+00:00,,,
62886,krazzzzysam,https://t.me/krazzzzysam,"Bhai full movie <PERSON> dubbed👇 me available he 👇
Sexy movies available💦💦💦
https://t.me/movieflixzzzORG
https://t.me/movieflixzzzORG
https://t.me/movieflixzzzORG",2023-12-31T07:43:37+00:00,,,
62868,krazzzzysam,https://t.me/krazzzzysam,Hindi movie dedo bhai,2023-12-31T07:02:29+00:00,,,
62867,krazzzzysam,https://t.me/krazzzzysam,"CHINGARI CHAUBEY.  
Yah movi ki link he to <PERSON> bhai",2023-12-31T06:56:44+00:00,,,👍: 1
62865,krazzzzysam,https://t.me/krazzzzysam,"Bhai full movie <PERSON> dubbed👇 me available he 👇
Sexy movies available💦💦💦
https://t.me/movieflixzzzORG
https://t.me/movieflixzzzORG
https://t.me/movieflixzzzORG",2023-12-31T06:53:32+00:00,,,
62864,krazzzzysam,https://t.me/krazzzzysam,"Bhai full movie <PERSON> dubbed👇 me available he 👇
Sexy movies available💦💦💦
https://t.me/movieflixzzzORG
https://t.me/movieflixzzzORG
https://t.me/movieflixzzzORG",2023-12-31T06:53:31+00:00,,,
62859,krazzzzysam,https://t.me/krazzzzysam,"Bhai full movie <PERSON> dubbed👇 me available he 👇
Sexy movies available💦💦💦
https://t.me/movieflixzzzORG
https://t.me/movieflixzzzORG
https://t.me/movieflixzzzORG",2023-12-31T06:49:24+00:00,,,
62858,krazzzzysam,https://t.me/krazzzzysam,"Bhai full movie <PERSON> dubbed👇 me available he 👇
Sexy movies available💦💦💦
https://t.me/movieflixzzzORG
https://t.me/movieflixzzzORG
https://t.me/movieflixzzzORG",2023-12-31T06:49:18+00:00,,,
62857,krazzzzysam,https://t.me/krazzzzysam,"Bhai full movie <PERSON> dubbed👇 me available he 👇
Sexy movies available💦💦💦
https://t.me/movieflixzzzORG
https://t.me/movieflixzzzORG
https://t.me/movieflixzzzORG",2023-12-31T06:49:12+00:00,,,
62855,krazzzzysam,https://t.me/krazzzzysam,,2023-12-31T06:33:41+00:00,,,
62854,krazzzzysam,https://t.me/krazzzzysam,Download nehe <PERSON>.,2023-12-31T06:33:23+00:00,,,
62851,krazzzzysam,https://t.me/krazzzzysam,Pls,2023-12-31T06:06:13+00:00,,,
62850,krazzzzysam,https://t.me/krazzzzysam,Dry day movie 🎥,2023-12-31T06:06:08+00:00,,,
62837,krazzzzysam,https://t.me/krazzzzysam,Liger movie,2023-12-31T04:36:04+00:00,,,
62828,krazzzzysam,https://t.me/krazzzzysam,thank you for coming movie do bhai,2023-12-31T04:20:49+00:00,,,
62827,krazzzzysam,https://t.me/krazzzzysam,12th fail dalo,2023-12-31T04:15:30+00:00,,,
62823,krazzzzysam,https://t.me/krazzzzysam,Do,2023-12-31T04:13:44+00:00,,,
62822,krazzzzysam,https://t.me/krazzzzysam,Movie,2023-12-31T04:13:41+00:00,,,
62821,krazzzzysam,https://t.me/krazzzzysam,<PERSON>,2023-12-31T04:13:34+00:00,,,
62819,krazzzzysam,https://t.me/krazzzzysam,Movie,2023-12-31T04:11:56+00:00,,,
62818,krazzzzysam,https://t.me/krazzzzysam,thank you for coming,2023-12-31T04:11:49+00:00,,,
62803,krazzzzysam,https://t.me/krazzzzysam,Tera app download link,2023-12-31T00:24:00+00:00,,,👍: 1
62802,krazzzzysam,https://t.me/krazzzzysam,😞😞😞😞,2023-12-30T23:23:06+00:00,,,
62797,krazzzzysam,https://t.me/krazzzzysam,Ye a rha he,2023-12-30T22:49:07+00:00,,,👍: 2
62796,krazzzzysam,https://t.me/krazzzzysam,Download nhi <PERSON> he,2023-12-30T22:39:20+00:00,,,
62792,krazzzzysam,https://t.me/krazzzzysam,skanda movie <PERSON>,2023-12-30T21:33:42+00:00,,,
62789,krazzzzysam,https://t.me/krazzzzysam,Hi,2023-12-30T20:23:38+00:00,,,
62784,krazzzzysam,https://t.me/krazzzzysam,Hi,2023-12-30T19:28:17+00:00,,,
62773,krazzzzysam,https://t.me/krazzzzysam,I love you movie <PERSON>,2023-12-30T17:58:35+00:00,,,
62763,krazzzzysam,https://t.me/krazzzzysam,adults 18,2023-12-30T16:50:49+00:00,,,
62762,krazzzzysam,https://t.me/krazzzzysam,Hindi h ya <NRP>,2023-12-30T16:50:47+00:00,,,
62756,krazzzzysam,https://t.me/krazzzzysam,Download hi <PERSON> or <PERSON> pls 🥺,2023-12-30T16:44:54+00:00,,,
62755,krazzzzysam,https://t.me/krazzzzysam,South movie language <PERSON> movie chahiye bhejo,2023-12-30T16:44:46+00:00,,,
62754,krazzzzysam,https://t.me/krazzzzysam,The cast away,2023-12-30T16:44:21+00:00,,,
