id,Channel ID,URL,message,date,views,forwards,reactions
506,krazzzzysam,https://t.me/krazzzzysam,"Me@n G!£l$ 2004 Movie Hindi Dubbed Download link here 👇👇

  • 480p 👇
   https://ziplinker.net/zm2FkQ8

  • 720p 👇
  https://ziplinker.net/zm2FkQ8
_ _ _ _ _ _ _ _ _ _ _ _ _ _ _ _ _ _

Movie ke bare me iss reel me btaya <PERSON>

https://www.instagram.com/reel/C2FSh1rP-m7/?igsh=bXY5NzdvbmhqY3Fh

        ⚠️ IMPORTANT ⚠️

• Jisko Download Karne Mai Problem Ho wo ye
   wali video dekhlo 👇👇

https://t.me/KrazzzzySam/471

agr ad blocker show <PERSON> to phone ki settings me jakr private DNS off <PERSON> download <PERSON>",2024-01-14T18:08:54+00:00,297103.0,291.0,"👍: 154, ❤: 7, 👎: 5, 😁: 3, 🥰: 1, 👏: 1"
78255,krazzzzysam,https://t.me/krazzzzysam,<PERSON> lamha ya movie,2024-03-30T06:19:55+00:00,,,
69606,krazzzzysam,https://t.me/krazzzzysam,"Hi
my friend
<PERSON> me movies / Web series /  TV shows  download <PERSON> to join karo mere telegram channel ko

Telegram channel name :  Tlsbro 
Link ⬇️

https://t.me/+5lkJC4v3gMM2Yjc9",2024-01-29T15:45:31+00:00,,,
68321,krazzzzysam,https://t.me/krazzzzysam,Daonload nhi ho rhi he,2024-01-24T15:31:21+00:00,,,
67839,krazzzzysam,https://t.me/krazzzzysam,"<PERSON> sex wali movies <PERSON> to mera Telegram Channel join karlo👇👇
https://t.me/groovegarden_Offical
https://t.me/groovegarden_Offical
https://t.me/groovegarden_Offical
https://t.me/groovegarden_Offical
https://t.me/groovegarden_Offical

Telegram Channel 18+ content😰😱Join now and enjoy movies",2024-01-24T00:31:51+00:00,,,
66941,krazzzzysam,https://t.me/krazzzzysam,<PERSON> webseries send karo na bhai all episode,2024-01-18T10:52:22+00:00,,,
66655,krazzzzysam,https://t.me/krazzzzysam,Hi,2024-01-15T17:24:57+00:00,,,
66601,krazzzzysam,https://t.me/krazzzzysam,<PERSON> movie <PERSON>?,2024-01-15T10:38:05+00:00,,,
66591,krazzzzysam,https://t.me/krazzzzysam,My girlfriend is an alien series do plz,2024-01-15T09:12:20+00:00,,,
66580,krazzzzysam,https://t.me/krazzzzysam,Bro animal movie ka link dal do pzzl,2024-01-15T08:11:56+00:00,,,
66574,krazzzzysam,https://t.me/krazzzzysam,Bhai sex ka bhi link <PERSON>,2024-01-15T07:32:27+00:00,,,
66572,krazzzzysam,https://t.me/krazzzzysam,CG movie link <PERSON>,2024-01-15T07:22:39+00:00,,,
66571,krazzzzysam,https://t.me/krazzzzysam,Guys join my group 900k + movies available for free massage me personally,2024-01-15T07:13:43+00:00,,,
66566,krazzzzysam,https://t.me/krazzzzysam,<PERSON> said <PERSON> sabhi movie bhai,2024-01-15T06:25:06+00:00,,,
66562,krazzzzysam,https://t.me/krazzzzysam,Merry Christmas,2024-01-15T06:03:15+00:00,,,
66561,krazzzzysam,https://t.me/krazzzzysam,Merry Christmas,2024-01-15T06:03:13+00:00,,,
66560,krazzzzysam,https://t.me/krazzzzysam,Merry Christmas,2024-01-15T06:03:10+00:00,,,
66559,krazzzzysam,https://t.me/krazzzzysam,Merry Christmas,2024-01-15T06:03:08+00:00,,,
66558,krazzzzysam,https://t.me/krazzzzysam,Merry Christmas,2024-01-15T06:03:05+00:00,,,
66557,krazzzzysam,https://t.me/krazzzzysam,Merry Christmas,2024-01-15T06:03:03+00:00,,,
66556,krazzzzysam,https://t.me/krazzzzysam,Merry Christmas,2024-01-15T06:03:01+00:00,,,
66555,krazzzzysam,https://t.me/krazzzzysam,Merry Christmas,2024-01-15T06:02:59+00:00,,,
66554,krazzzzysam,https://t.me/krazzzzysam,Merry Christmas,2024-01-15T06:02:56+00:00,,,
66553,krazzzzysam,https://t.me/krazzzzysam,Merry Christmas,2024-01-15T06:02:54+00:00,,,
66552,krazzzzysam,https://t.me/krazzzzysam,Merry Christmas,2024-01-15T06:02:52+00:00,,,
66551,krazzzzysam,https://t.me/krazzzzysam,Merry Christmas,2024-01-15T06:02:50+00:00,,,
66550,krazzzzysam,https://t.me/krazzzzysam,Merry Christmas,2024-01-15T06:02:47+00:00,,,
66549,krazzzzysam,https://t.me/krazzzzysam,Merry Christmas,2024-01-15T06:02:45+00:00,,,
66548,krazzzzysam,https://t.me/krazzzzysam,Merry Christmas,2024-01-15T06:02:43+00:00,,,
66547,krazzzzysam,https://t.me/krazzzzysam,Merry Christmas,2024-01-15T06:02:41+00:00,,,
66546,krazzzzysam,https://t.me/krazzzzysam,Merry Christmas,2024-01-15T06:02:38+00:00,,,
66545,krazzzzysam,https://t.me/krazzzzysam,Merry Christmas,2024-01-15T06:02:36+00:00,,,
66544,krazzzzysam,https://t.me/krazzzzysam,Merry Christmas,2024-01-15T06:02:33+00:00,,,
66543,krazzzzysam,https://t.me/krazzzzysam,Merry Christmas,2024-01-15T06:02:31+00:00,,,
66542,krazzzzysam,https://t.me/krazzzzysam,Merry Christmas,2024-01-15T06:02:28+00:00,,,
66541,krazzzzysam,https://t.me/krazzzzysam,Merry Christmas,2024-01-15T06:02:25+00:00,,,
66540,krazzzzysam,https://t.me/krazzzzysam,Merry Christmas,2024-01-15T06:02:22+00:00,,,
66539,krazzzzysam,https://t.me/krazzzzysam,Merry Christmas,2024-01-15T06:02:20+00:00,,,
66538,krazzzzysam,https://t.me/krazzzzysam,Merry Christmas,2024-01-15T06:02:18+00:00,,,
66537,krazzzzysam,https://t.me/krazzzzysam,Merry Christmas,2024-01-15T06:02:12+00:00,,,
66536,krazzzzysam,https://t.me/krazzzzysam,Merry Christmas,2024-01-15T06:02:09+00:00,,,
66535,krazzzzysam,https://t.me/krazzzzysam,Merry Christmas,2024-01-15T06:02:05+00:00,,,
66534,krazzzzysam,https://t.me/krazzzzysam,Merry Christmas,2024-01-15T06:02:03+00:00,,,
66533,krazzzzysam,https://t.me/krazzzzysam,Merry Christmas,2024-01-15T06:01:59+00:00,,,
66532,krazzzzysam,https://t.me/krazzzzysam,Merry Christmas,2024-01-15T06:01:56+00:00,,,
66531,krazzzzysam,https://t.me/krazzzzysam,Merry Christmas,2024-01-15T06:01:50+00:00,,,
66530,krazzzzysam,https://t.me/krazzzzysam,Merry Christmas,2024-01-15T06:01:46+00:00,,,
66529,krazzzzysam,https://t.me/krazzzzysam,Bro Merry Christmas,2024-01-15T06:01:43+00:00,,,
66528,krazzzzysam,https://t.me/krazzzzysam,<PERSON> Christmas movie,2024-01-15T06:01:34+00:00,,,
66520,krazzzzysam,https://t.me/krazzzzysam,My girlfriend is an alien movie <PERSON>,2024-01-15T04:39:09+00:00,,,
66519,krazzzzysam,https://t.me/krazzzzysam,ye movie,2024-01-15T04:21:30+00:00,,,
66518,krazzzzysam,https://t.me/krazzzzysam,nhi mill rhi he,2024-01-15T04:21:25+00:00,,,
66517,krazzzzysam,https://t.me/krazzzzysam,are you there god ? its me <PERSON>,2024-01-15T04:21:13+00:00,,,
66511,krazzzzysam,https://t.me/krazzzzysam,<NRP> movie <PERSON> message <PERSON>,2024-01-15T03:36:52+00:00,,,
66509,krazzzzysam,https://t.me/krazzzzysam,MEAN GIRLS 2,2024-01-15T03:23:29+00:00,,,
66501,krazzzzysam,https://t.me/krazzzzysam,<PERSON> movie <PERSON> handsome <PERSON>,2024-01-14T19:46:04+00:00,,,
66500,krazzzzysam,https://t.me/krazzzzysam,Xxx movie,2024-01-14T19:09:45+00:00,,,
66499,krazzzzysam,https://t.me/krazzzzysam,Chaiye,2024-01-14T18:30:14+00:00,,,
66498,krazzzzysam,https://t.me/krazzzzysam,Sexy movie,2024-01-14T18:30:08+00:00,,,
66497,krazzzzysam,https://t.me/krazzzzysam,Are bhai ye Hindi Maine bhi aa <PERSON>,2024-01-14T18:27:22+00:00,,,
66496,krazzzzysam,https://t.me/krazzzzysam,Bro download nhi ho rhi ads blocker <PERSON> h,2024-01-14T18:17:50+00:00,,,
