id,Channel ID,URL,message,date,views,forwards,reactions
499,krazzzzysam,https://t.me/krazzzzysam,"N!ght $¢høø! Movie <PERSON> and 720p Download link here 👇👇👇

  • 480p 👇
   https://ziplinker.net/a1rVt

  • 720p 👇
   https://ziplinker.net/a1rVt
_ _ _ _ _ _ _ _ _ _ _ _ _ _ _ _ _ _ _ _ _ _

          ⚠️ IMPORTANT ⚠️

• Jisko Download Karne Mai Problem Ho wo ye
   wali video dekhlo 👇👇

https://t.me/KrazzzzySam/471

agr ad blocker show <PERSON> to phone ki settings me jakr private DNS off <PERSON> download <PERSON>",2024-01-09T17:11:24+00:00,287814.0,385.0,"👍: 272, ❤: 37, 👎: 9, 😁: 5, 🔥: 4, 🥰: 4, 👏: 3"
76783,krazzzzysam,https://t.me/krazzzzysam,Xxx,2024-03-23T20:08:14+00:00,,,
71358,krazzzzysam,https://t.me/krazzzzysam,https://youtube.com/@Happy_bhati?si=l_ZBFCbDo9lILuN5,2024-02-07T08:33:55+00:00,,,
70069,krazzzzysam,https://t.me/krazzzzysam,Talk to me movie mele <PERSON>,2024-01-31T12:50:37+00:00,,,
69609,krazzzzysam,https://t.me/krazzzzysam,"Hi
my friend
<PERSON> me movies / Web series /  TV shows  download <PERSON> to join karo mere telegram channel ko

Telegram channel name :  Tlsbro 
Link ⬇️

https://t.me/+5lkJC4v3gMM2Yjc9",2024-01-29T15:45:59+00:00,,,
67377,krazzzzysam,https://t.me/krazzzzysam,<PERSON>,2024-01-20T17:45:20+00:00,,,
67376,krazzzzysam,https://t.me/krazzzzysam,Download new <NRP>,2024-01-20T17:43:44+00:00,,,
66395,krazzzzysam,https://t.me/krazzzzysam,"https://t.me/Movie3sk
https://t.me/Movie3sk
https://t.me/Movie3sk
https://t.me/Movie3sk
https://t.me/Movie3sk
https://t.me/Movie3sk
https://t.me/Movie3sk
https://t.me/Movie3sk
https://t.me/Movie3sk",2024-01-13T18:54:20+00:00,,,
66202,krazzzzysam,https://t.me/krazzzzysam,Download <PERSON>,2024-01-12T11:36:29+00:00,,,
66082,krazzzzysam,https://t.me/krazzzzysam,"https://t.me/Movie3sk
https://t.me/Movie3sk
https://t.me/Movie3sk
https://t.me/Movie3sk
https://t.me/Movie3sk
https://t.me/Movie3sk
https://t.me/Movie3sk
https://t.me/Movie3sk
https://t.me/Movie3sk
https://t.me/Movie3sk",2024-01-11T17:12:59+00:00,,,
66029,krazzzzysam,https://t.me/krazzzzysam,<PERSON>,2024-01-11T16:14:12+00:00,,,
66021,krazzzzysam,https://t.me/krazzzzysam,"<PERSON> free me click kro 👇

https://t.me/+UJImX4k9p8RlZmE1",2024-01-11T16:11:44+00:00,,,
65986,krazzzzysam,https://t.me/krazzzzysam,Paggliat lamha movie do,2024-01-11T13:34:01+00:00,,,
65975,krazzzzysam,https://t.me/krazzzzysam,Dangal or three idiots movie,2024-01-11T11:30:15+00:00,,,
65960,krazzzzysam,https://t.me/krazzzzysam,<NRP> वीडियो में कैसे डाउनलोड करें जा सकता है मेरे में ऑप्शन नहीं बता रहा है,2024-01-11T09:50:13+00:00,,,
65892,krazzzzysam,https://t.me/krazzzzysam,Hello,2024-01-11T09:00:00+00:00,,,
65891,krazzzzysam,https://t.me/krazzzzysam,Hi,2024-01-11T08:59:56+00:00,,,
65825,krazzzzysam,https://t.me/krazzzzysam,exploits of a young <PERSON>,2024-01-11T08:47:12+00:00,,,
65808,krazzzzysam,https://t.me/krazzzzysam,Saihtan we<PERSON>,2024-01-11T08:24:16+00:00,,,
65806,krazzzzysam,https://t.me/krazzzzysam,Lift,2024-01-11T07:37:05+00:00,,,
65805,krazzzzysam,https://t.me/krazzzzysam,,2024-01-11T07:36:40+00:00,,,
65799,krazzzzysam,https://t.me/krazzzzysam,Bhai zero move link <PERSON>,2024-01-11T07:09:02+00:00,,,
65796,krazzzzysam,https://t.me/krazzzzysam,<PERSON> Or venom 2 movie  <PERSON> na bro <PERSON>,2024-01-11T05:49:16+00:00,,,
65787,krazzzzysam,https://t.me/krazzzzysam,<PERSON> new movie dal naaa,2024-01-11T05:01:32+00:00,,,
65785,krazzzzysam,https://t.me/krazzzzysam,Dm me,2024-01-11T04:58:04+00:00,,,
65784,krazzzzysam,https://t.me/krazzzzysam,Mask movie,2024-01-11T03:17:30+00:00,,,
65783,krazzzzysam,https://t.me/krazzzzysam,Movie,2024-01-11T03:15:17+00:00,,,
65780,krazzzzysam,https://t.me/krazzzzysam,https://t.me/moviehube2/6,2024-01-11T03:10:37+00:00,,,
65779,krazzzzysam,https://t.me/krazzzzysam,<PERSON> movie,2024-01-11T03:10:34+00:00,,,
65763,krazzzzysam,https://t.me/krazzzzysam,tere box movie link,2024-01-10T18:07:10+00:00,,,
65756,krazzzzysam,https://t.me/krazzzzysam,https://t.me/justpeekmovie,2024-01-10T16:56:41+00:00,,,
65755,krazzzzysam,https://t.me/krazzzzysam,"Hindi Dubbed Anime 

https://t.me/justpeekanime",2024-01-10T16:55:58+00:00,,,
65729,krazzzzysam,https://t.me/krazzzzysam,<PERSON> all episodes ka link <PERSON>,2024-01-10T15:03:27+00:00,,,
65723,krazzzzysam,https://t.me/krazzzzysam,<PERSON>,2024-01-10T14:34:09+00:00,,,
65722,krazzzzysam,https://t.me/krazzzzysam,Kese karu Dm,2024-01-10T14:34:05+00:00,,,
65719,krazzzzysam,https://t.me/krazzzzysam,Download kase <PERSON>,2024-01-10T14:33:36+00:00,,,
65716,krazzzzysam,https://t.me/krazzzzysam,Ek reel bana <PERSON> do,2024-01-10T14:31:34+00:00,,,
65715,krazzzzysam,https://t.me/krazzzzysam,<PERSON> he,2024-01-10T14:31:25+00:00,,,
65714,krazzzzysam,https://t.me/krazzzzysam,<PERSON>,2024-01-10T14:31:13+00:00,,,
65713,krazzzzysam,https://t.me/krazzzzysam,<PERSON> link  wale movie log <PERSON> download <PERSON>,2024-01-10T14:30:07+00:00,,,
65708,krazzzzysam,https://t.me/krazzzzysam,https://t.me/botifyai_bot?start=referral_<PHONE_NUMBER>,2024-01-10T14:19:49+00:00,,,
65706,krazzzzysam,https://t.me/krazzzzysam,Free investment register in GATE 100 rupees 🤑✅ live proof no fake ❌,2024-01-10T14:09:46+00:00,,,
65705,krazzzzysam,https://t.me/krazzzzysam,https://www.jcdecauxin.com/yy/#/pages/login/register?code=M75KEC,2024-01-10T14:09:01+00:00,,,
65703,krazzzzysam,https://t.me/krazzzzysam,<PERSON>,2024-01-10T14:06:00+00:00,,,
65690,krazzzzysam,https://t.me/krazzzzysam,John4wick,2024-01-10T13:20:33+00:00,,,
65688,krazzzzysam,https://t.me/krazzzzysam,Bhai 3 marathi movie chahiye 70 rs par movie dunga,2024-01-10T13:00:10+00:00,,,
65678,krazzzzysam,https://t.me/krazzzzysam,Thandel,2024-01-10T12:24:54+00:00,,,
65673,krazzzzysam,https://t.me/krazzzzysam,Sex appeal movie link plz,2024-01-10T10:32:27+00:00,,,
65658,krazzzzysam,https://t.me/krazzzzysam,<NRP> very joker movie,2024-01-10T09:11:29+00:00,,,
65652,krazzzzysam,https://t.me/krazzzzysam,ye movie kis type ki h bro,2024-01-10T08:46:15+00:00,,,
65651,krazzzzysam,https://t.me/krazzzzysam,<PERSON> par do,2024-01-10T08:37:43+00:00,,,
65650,krazzzzysam,https://t.me/krazzzzysam,<PERSON> Movie shooter ka link <PERSON>,2024-01-10T08:33:18+00:00,,,
65648,krazzzzysam,https://t.me/krazzzzysam,Series Name  Guns & Gulaabs he <PERSON>,2024-01-10T07:16:13+00:00,,,
65643,krazzzzysam,https://t.me/krazzzzysam,Night school movie <PERSON> download <PERSON>,2024-01-10T06:41:10+00:00,,,
65642,krazzzzysam,https://t.me/krazzzzysam,Please reply,2024-01-10T06:38:07+00:00,,,
65586,krazzzzysam,https://t.me/krazzzzysam,Is movie <PERSON> please 🥺🥺,2024-01-10T05:56:11+00:00,,,
65585,krazzzzysam,https://t.me/krazzzzysam,https://instantlinks.in/EknNr,2024-01-10T05:55:09+00:00,,,
65583,krazzzzysam,https://t.me/krazzzzysam,<PERSON> 3 please,2024-01-10T05:39:29+00:00,,,
65581,krazzzzysam,https://t.me/krazzzzysam,<PERSON> link <PERSON>,2024-01-10T05:25:38+00:00,,,
65580,krazzzzysam,https://t.me/krazzzzysam,<PERSON> movie do please,2024-01-10T05:16:10+00:00,,,
65578,krazzzzysam,https://t.me/krazzzzysam,<PERSON>,2024-01-10T04:57:22+00:00,,,
65577,krazzzzysam,https://t.me/krazzzzysam,,2024-01-10T04:56:21+00:00,,,
65576,krazzzzysam,https://t.me/krazzzzysam,Loki season 1 dado 🥺🥺🥺,2024-01-10T04:37:01+00:00,,,
65575,krazzzzysam,https://t.me/krazzzzysam,Is movie <PERSON>,2024-01-10T04:34:32+00:00,,,
65574,krazzzzysam,https://t.me/krazzzzysam,,2024-01-10T04:33:51+00:00,,,👍: 1
65573,krazzzzysam,https://t.me/krazzzzysam,The end  of the  fxxx ing world 2 मूवी को भाई jo,2024-01-10T04:32:09+00:00,,,
65565,krazzzzysam,https://t.me/krazzzzysam,New movie and web series <PERSON> massage <PERSON> quality 100% 👍👍👍👍❤️,2024-01-10T04:14:13+00:00,,,
65530,krazzzzysam,https://t.me/krazzzzysam,Movie bhej dijiye na,2024-01-09T20:48:21+00:00,,,
65529,krazzzzysam,https://t.me/krazzzzysam,Hello,2024-01-09T20:48:13+00:00,,,
65527,krazzzzysam,https://t.me/krazzzzysam,https://t.me/Tgbotsponsor_bot?start=<PHONE_NUMBER>,2024-01-09T20:00:19+00:00,,,
65521,krazzzzysam,https://t.me/krazzzzysam,https://t.me/PaxTSKSUzXU2OWRl,2024-01-09T19:00:21+00:00,,,
65520,krazzzzysam,https://t.me/krazzzzysam,https://t.me/PaxTSKSUzXU2OWRl,2024-01-09T19:00:19+00:00,,,
65519,krazzzzysam,https://t.me/krazzzzysam,https://t.me/PaxTSKSUzXU2OWRl,2024-01-09T19:00:18+00:00,,,
65518,krazzzzysam,https://t.me/krazzzzysam,https://t.me/YBfRBgKHbt1kZGRl,2024-01-09T18:59:59+00:00,,,
65517,krazzzzysam,https://t.me/krazzzzysam,https://t.me/YBfRBgKHbt1kZGRl,2024-01-09T18:59:57+00:00,,,
65516,krazzzzysam,https://t.me/krazzzzysam,https://t.me/YBfRBgKHbt1kZGRl,2024-01-09T18:59:55+00:00,,,
65515,krazzzzysam,https://t.me/krazzzzysam,https://t.me/+7cW9zACdZG4wNTQ9,2024-01-09T18:59:53+00:00,,,
65514,krazzzzysam,https://t.me/krazzzzysam,https://t.me/+7cW9zACdZG4wNTQ9,2024-01-09T18:59:52+00:00,,,
65513,krazzzzysam,https://t.me/krazzzzysam,https://t.me/+7cW9zACdZG4wNTQ9,2024-01-09T18:59:50+00:00,,,
65512,krazzzzysam,https://t.me/krazzzzysam,https://t.me/+7cW9zACdZG4wNTQ9,2024-01-09T18:59:48+00:00,,,
65489,krazzzzysam,https://t.me/krazzzzysam,Bhai,2024-01-09T17:54:41+00:00,,,
65488,krazzzzysam,https://t.me/krazzzzysam,<PERSON> na,2024-01-09T17:54:39+00:00,,,
65487,krazzzzysam,https://t.me/krazzzzysam,Please,2024-01-09T17:54:34+00:00,,,
65486,krazzzzysam,https://t.me/krazzzzysam,Please,2024-01-09T17:50:53+00:00,,,
65485,krazzzzysam,https://t.me/krazzzzysam,"Please refresh

Secrets <DATE_TIME>",2024-01-09T17:50:49+00:00,,,
65483,krazzzzysam,https://t.me/krazzzzysam,https://t.me/vishubhai121/14265,2024-01-09T17:49:14+00:00,,,
65482,krazzzzysam,https://t.me/krazzzzysam,<NRP> movie dubbed,2024-01-09T17:48:55+00:00,,,
65481,krazzzzysam,https://t.me/krazzzzysam,<PERSON>,2024-01-09T17:48:42+00:00,,,
65480,krazzzzysam,https://t.me/krazzzzysam,,2024-01-09T17:48:25+00:00,,,
65478,krazzzzysam,https://t.me/krazzzzysam,Ha,2024-01-09T17:30:32+00:00,,,
65476,krazzzzysam,https://t.me/krazzzzysam,<PERSON> pass <PERSON> main,2024-01-09T17:30:00+00:00,,,
65474,krazzzzysam,https://t.me/krazzzzysam,Hindi me <PERSON> ye movie,2024-01-09T17:14:37+00:00,,,
65473,krazzzzysam,https://t.me/krazzzzysam,<PERSON> fail <PERSON>,2024-01-09T17:12:13+00:00,,,
