id,Channel ID,URL,message,date,views,forwards,reactions
526,krazzzzysam,https://t.me/krazzzzysam,,2024-01-28T05:52:35+00:00,267987.0,17.0,"👍: 34, ❤: 9"
81020,krazzzzysam,https://t.me/krazzzzysam,Hii,2024-04-20T18:43:28+00:00,,,
80732,krazzzzysam,https://t.me/krazzzzysam,Hollywood ke triple sexy bhutha film <PERSON> spelling,2024-04-19T06:09:42+00:00,,,
80731,krazzzzysam,https://t.me/krazzzzysam,Hollywood ke triple sexy movie <PERSON>,2024-04-19T06:09:21+00:00,,,
78643,krazzzzysam,https://t.me/krazzzzysam,Hlo,2024-04-01T10:47:41+00:00,,,
77887,krazzzzysam,https://t.me/krazzzzysam,"https://t.me/+hpaxhpszkrY3YWVl
https://t.me/+hpaxhpszkrY3YWVl
https://t.me/+hpaxhpszkrY3YWVl
https://t.me/+hpaxhpszkrY3YWVl
https://t.me/+hpaxhpszkrY3YWVl
https://t.me/+hpaxhpszkrY3YWVl
https://t.me/+hpaxhpszkrY3YWVl
https://t.me/+hpaxhpszkrY3YWVl
https://t.me/+hpaxhpszkrY3YWVl
https://t.me/+hpaxhpszkrY3YWVl
https://t.me/+hpaxhpszkrY3YWVl
https://t.me/+hpaxhpszkrY3YWVl
https://t.me/+hpaxhpszkrY3YWVl
https://t.me/+hpaxhpszkrY3YWVl
https://t.me/+hpaxhpszkrY3YWVl
https://t.me/+hpaxhpszkrY3YWVl
https://t.me/+hpaxhpszkrY3YWVl
https://t.me/+hpaxhpszkrY3YWVl
https://t.me/+hpaxhpszkrY3YWVl
https://t.me/+hpaxhpszkrY3YWVl
https://t.me/+hpaxhpszkrY3YWVl
https://t.me/+hpaxhpszkrY3YWVl
https://t.me/+hpaxhpszkrY3YWVl
https://t.me/+hpaxhpszkrY3YWVl
https://t.me/+hpaxhpszkrY3YWVl
https://t.me/+hpaxhpszkrY3YWVl
https://t.me/+hpaxhpszkrY3YWVl
https://t.me/+hpaxhpszkrY3YWVl
https://t.me/+hpaxhpszkrY3YWVl
https://t.me/+hpaxhpszkrY3YWVl
https://t.me/+hpaxhpszkrY3YWVl
https://t.me/+hpaxhpszkrY3YWVl
https://t.me/+hpaxhpszkrY3YWVl
https://t.me/+hpaxhpszkrY3YWVl
https://t.me/+hpaxhpszkrY3YWVl
https://t.me/+hpaxhpszkrY3YWVl
https://t.me/+hpaxhpszkrY3YWVl
https://t.me/+hpaxhpszkrY3YWVl
https://t.me/+hpaxhpszkrY3YWVl
https://t.me/+hpaxhpszkrY3YWVl
https://t.me/+hpaxhpszkrY3YWVl
https://t.me/+hpaxhpszkrY3YWVl
https://t.me/+hpaxhpszkrY3YWVl
https://t.me/+hpaxhpszkrY3YWVl
https://t.me/+hpaxhpszkrY3YWVl
https://t.me/+hpaxhpszkrY3YWVl
https://t.me/+hpaxhpszkrY3YWVl
https://t.me/+hpaxhpszkrY3YWVl
https://t.me/+hpaxhpszkrY3YWVl
https://t.me/+hpaxhpszkrY3YWVl
https://t.me/+hpaxhpszkrY3YWVl
https://t.me/+hpaxhpszkrY3YWVl
https://t.me/+hpaxhpszkrY3YWVl
https://t.me/+hpaxhpszkrY3YWVl
https://t.me/+hpaxhpszkrY3YWVl
https://t.me/+hpaxhpszkrY3YWVl
https://t.me/+hpaxhpszkrY3YWVl
https://t.me/+hpaxhpszkrY3YWVl
https://t.me/+hpaxhpszkrY3YWVl
https://t.me/+hpaxhpszkrY3YWVl
https://t.me/+hpaxhpszkrY3YWVl
https://t.me/+hpaxhpszkrY3YWVl
https://t.me/+hpaxhpszkrY3YWVl
https://t.me/+hpaxhpszkrY3YWVl
https://t.me/+hpaxhpszkrY3YWVl
https://t.me/+hpaxhpszkrY3YWVl
https://t.me/+hpaxhpszkrY3YWVl
https://t.me/+hpaxhpszkrY3YWVl
https://t.me/+hpaxhpszkrY3YWVl
https://t.me/+hpaxhpszkrY3YWVl
https://t.me/+hpaxhpszkrY3YWVl
https://t.me/+hpaxhpszkrY3YWVl
https://t.me/+hpaxhpszkrY3YWVl
https://t.me/+hpaxhpszkrY3YWVl
https://t.me/+hpaxhpszkrY3YWVl
https://t.me/+hpaxhpszkrY3YWVl
https://t.me/+hpaxhpszkrY3YWVl
https://t.me/+hpaxhpszkrY3YWVl
https://t.me/+hpaxhpszkrY3YWVl
https://t.me/+hpaxhpszkrY3YWVl
https://t.me/+hpaxhpszkrY3YWVl",2024-03-27T22:57:22+00:00,,,
72227,krazzzzysam,https://t.me/krazzzzysam,Hello,2024-02-11T16:30:05+00:00,,,
71882,krazzzzysam,https://t.me/krazzzzysam,Vidiyo bna ke send kr do,2024-02-09T14:18:41+00:00,,,
71881,krazzzzysam,https://t.me/krazzzzysam,Nhi aarha bro,2024-02-09T14:18:20+00:00,,,
71715,krazzzzysam,https://t.me/krazzzzysam,Hi,2024-02-08T17:33:22+00:00,,,
71488,krazzzzysam,https://t.me/krazzzzysam,Opsn,2024-02-07T18:01:15+00:00,,,
71487,krazzzzysam,https://t.me/krazzzzysam,Lord <PERSON> brother <PERSON> aarha,2024-02-07T18:01:04+00:00,,,
71480,krazzzzysam,https://t.me/krazzzzysam,Hlo,2024-02-07T17:52:49+00:00,,,
71479,krazzzzysam,https://t.me/krazzzzysam,Koi link <PERSON> lord <PERSON>,2024-02-07T17:52:43+00:00,,,
71478,krazzzzysam,https://t.me/krazzzzysam,<PERSON> he <PERSON>,2024-02-07T17:52:12+00:00,,,
71305,krazzzzysam,https://t.me/krazzzzysam,<PERSON>,2024-02-06T18:58:17+00:00,,,
71304,krazzzzysam,https://t.me/krazzzzysam,https://youtube.com/@user-gp1td1fq4o?si=7pO6WPlB4Q8mpYqd,2024-02-06T18:58:12+00:00,,,
71132,krazzzzysam,https://t.me/krazzzzysam,Hii,2024-02-05T09:28:35+00:00,,,
70832,krazzzzysam,https://t.me/krazzzzysam,Hlo,2024-02-03T09:39:30+00:00,,,
70702,krazzzzysam,https://t.me/krazzzzysam,<PERSON>,2024-02-02T13:32:02+00:00,,,
70701,krazzzzysam,https://t.me/krazzzzysam,Hello,2024-02-02T13:31:56+00:00,,,
70700,krazzzzysam,https://t.me/krazzzzysam,Hii,2024-02-02T13:31:54+00:00,,,
70512,krazzzzysam,https://t.me/krazzzzysam,H̺e̺l̺l̺o̺ g̺u̺y̺s̺,2024-02-02T07:49:02+00:00,,,
70477,krazzzzysam,https://t.me/krazzzzysam,Hi,2024-02-02T02:30:39+00:00,,,
70448,krazzzzysam,https://t.me/krazzzzysam,Maine has,2024-02-01T17:32:38+00:00,,,
70447,krazzzzysam,https://t.me/krazzzzysam,Hi,2024-02-01T17:31:54+00:00,,,
70276,krazzzzysam,https://t.me/krazzzzysam,Hi,2024-02-01T10:43:16+00:00,,,
70201,krazzzzysam,https://t.me/krazzzzysam,Bolo bro 🥂,2024-02-01T03:30:07+00:00,,,
70119,krazzzzysam,https://t.me/krazzzzysam,Hi,2024-01-31T16:25:31+00:00,,,
69989,krazzzzysam,https://t.me/krazzzzysam,Hii,2024-01-31T07:00:18+00:00,,,
69946,krazzzzysam,https://t.me/krazzzzysam,Crash course,2024-01-31T04:53:29+00:00,,,
69737,krazzzzysam,https://t.me/krazzzzysam,Hello,2024-01-30T14:56:05+00:00,,,
69502,krazzzzysam,https://t.me/krazzzzysam,Earning krni hai,2024-01-29T05:16:10+00:00,,,
69499,krazzzzysam,https://t.me/krazzzzysam,Gii,2024-01-29T05:12:18+00:00,,,
69440,krazzzzysam,https://t.me/krazzzzysam,Undekhi web series,2024-01-28T13:22:10+00:00,,,
69418,krazzzzysam,https://t.me/krazzzzysam,<PERSON> full sex wali movie upload karro na <PERSON> dubbed ma ho,2024-01-28T09:26:46+00:00,,,
69416,krazzzzysam,https://t.me/krazzzzysam,<PERSON> the h,2024-01-28T09:11:20+00:00,,,
69401,krazzzzysam,https://t.me/krazzzzysam,<PERSON> wo <PERSON> mujhe,2024-01-28T06:52:17+00:00,,,
69400,krazzzzysam,https://t.me/krazzzzysam,<PERSON> wo <PERSON> mujhe,2024-01-28T06:52:16+00:00,,,
69399,krazzzzysam,https://t.me/krazzzzysam,<PERSON> wo <PERSON> mujhe,2024-01-28T06:52:14+00:00,,,
69398,krazzzzysam,https://t.me/krazzzzysam,<PERSON> wo <PERSON> mujhe,2024-01-28T06:52:12+00:00,,,
69397,krazzzzysam,https://t.me/krazzzzysam,<PERSON> wo <PERSON> mujhe,2024-01-28T06:52:10+00:00,,,
69396,krazzzzysam,https://t.me/krazzzzysam,<PERSON> wo <PERSON> mujhe,2024-01-28T06:52:09+00:00,,,
69395,krazzzzysam,https://t.me/krazzzzysam,<PERSON> wo <PERSON> mujhe,2024-01-28T06:52:07+00:00,,,
69394,krazzzzysam,https://t.me/krazzzzysam,<PERSON> wo <PERSON> mujhe,2024-01-28T06:52:06+00:00,,,👍: 3
69393,krazzzzysam,https://t.me/krazzzzysam,Link pr to click kr diya h but <PERSON> a rha,2024-01-28T06:51:04+00:00,,,
69391,krazzzzysam,https://t.me/krazzzzysam,"https://t.me/bdsm1hub

https://t.me/Gbang69

https://t.me/yeameku

https://t.me/phub6999


https://t.me/Marveltake

https://t.me/MWworl",2024-01-28T06:44:46+00:00,,,
69388,krazzzzysam,https://t.me/krazzzzysam,"Congratulation are you win $100 Paypal Money 🤑
Click here to Get $100 to Your PayPal Account! 🎁
Click Here  👇",2024-01-28T06:19:08+00:00,,,
69387,krazzzzysam,https://t.me/krazzzzysam,Bro,2024-01-28T06:17:41+00:00,,,
69386,krazzzzysam,https://t.me/krazzzzysam,Hello,2024-01-28T06:17:38+00:00,,,
69371,krazzzzysam,https://t.me/krazzzzysam,Hii,2024-01-28T06:04:21+00:00,,,
69370,krazzzzysam,https://t.me/krazzzzysam,<PERSON> wo <PERSON> mujhe,2024-01-28T06:03:07+00:00,,,
69369,krazzzzysam,https://t.me/krazzzzysam,<PERSON> wo <PERSON> mujhe,2024-01-28T06:03:06+00:00,,,
69368,krazzzzysam,https://t.me/krazzzzysam,<PERSON> wo <PERSON> mujhe,2024-01-28T06:03:03+00:00,,,
69367,krazzzzysam,https://t.me/krazzzzysam,<PERSON> wo <PERSON> mujhe,2024-01-28T06:02:53+00:00,,,
69366,krazzzzysam,https://t.me/krazzzzysam,<PERSON> wo <PERSON> mujhe,2024-01-28T06:02:52+00:00,,,
69365,krazzzzysam,https://t.me/krazzzzysam,<PERSON> wo <PERSON> mujhe,2024-01-28T06:02:50+00:00,,,
69364,krazzzzysam,https://t.me/krazzzzysam,<PERSON> wo <PERSON> mujhe,2024-01-28T06:02:49+00:00,,,
69363,krazzzzysam,https://t.me/krazzzzysam,<PERSON> wo <PERSON> mujhe,2024-01-28T06:02:47+00:00,,,
69362,krazzzzysam,https://t.me/krazzzzysam,<PERSON> wo <PERSON> mujhe,2024-01-28T06:02:45+00:00,,,
69361,krazzzzysam,https://t.me/krazzzzysam,<PERSON> wo <PERSON> mujhe,2024-01-28T06:02:43+00:00,,,
69360,krazzzzysam,https://t.me/krazzzzysam,<PERSON> wo <PERSON> mujhe,2024-01-28T06:02:42+00:00,,,
69359,krazzzzysam,https://t.me/krazzzzysam,<PERSON> wo <PERSON> mujhe,2024-01-28T06:02:40+00:00,,,👍: 1
69358,krazzzzysam,https://t.me/krazzzzysam,मूवी मूवी मूवी डाउनलोड ही नहीं हो रही,2024-01-28T05:57:51+00:00,,,
69357,krazzzzysam,https://t.me/krazzzzysam,<NRP> मैंने देख ले एक <PERSON> डाउनलोड ही नहीं हो रही डायरेक्टिव <PERSON> पर पोस्ट कर देना,2024-01-28T05:57:38+00:00,,,
