id,Channel ID,URL,message,date,views,forwards,reactions
542,krazzzzysam,https://t.me/krazzzzysam,,2024-02-03T15:05:34+00:00,351423.0,19.0,"👍: 67, ❤: 10, 😁: 7, 😱: 3"
87182,krazzzzysam,https://t.me/krazzzzysam,Hi,2024-06-27T11:27:52+00:00,,,
86531,krazzzzysam,https://t.me/krazzzzysam,Hii,2024-06-20T07:47:36+00:00,,,
85478,krazzzzysam,https://t.me/krazzzzysam,Hii,2024-06-06T14:43:30+00:00,,,
83565,krazzzzysam,https://t.me/krazzzzysam,<PERSON> mere se mere se movie download <PERSON> so <PERSON>,2024-05-22T16:29:13+00:00,,,
83207,krazzzzysam,https://t.me/krazzzzysam,Hyyy,2024-05-17T06:05:24+00:00,,,
81907,krazzzzysam,https://t.me/krazzzzysam,Bro like send me movie wal,2024-04-30T00:38:24+00:00,,,
81905,krazzzzysam,https://t.me/krazzzzysam,Ok,2024-04-29T19:17:06+00:00,,,
81754,krazzzzysam,https://t.me/krazzzzysam,Rich in love 2 movie,2024-04-28T11:45:35+00:00,,,
81646,krazzzzysam,https://t.me/krazzzzysam,Hy,2024-04-27T12:55:31+00:00,,,
81235,krazzzzysam,https://t.me/krazzzzysam,hy,2024-04-23T05:37:22+00:00,,,
81129,krazzzzysam,https://t.me/krazzzzysam,Hiii,2024-04-21T21:42:27+00:00,,,
80773,krazzzzysam,https://t.me/krazzzzysam,H,2024-04-19T09:21:29+00:00,,,
80372,krazzzzysam,https://t.me/krazzzzysam,Hii,2024-04-16T10:28:06+00:00,,,
80318,krazzzzysam,https://t.me/krazzzzysam,Hi,2024-04-15T19:44:41+00:00,,,
80249,krazzzzysam,https://t.me/krazzzzysam,hio,2024-04-15T12:18:32+00:00,,,
78531,krazzzzysam,https://t.me/krazzzzysam,Hi,2024-03-31T17:04:11+00:00,,,
78299,krazzzzysam,https://t.me/krazzzzysam,Hello bro apna bot send <PERSON>,2024-03-30T11:33:08+00:00,,,
78298,krazzzzysam,https://t.me/krazzzzysam,Hii,2024-03-30T11:30:24+00:00,,,
78282,krazzzzysam,https://t.me/krazzzzysam,Hi,2024-03-30T11:02:10+00:00,,,
78245,krazzzzysam,https://t.me/krazzzzysam,Hii,2024-03-30T05:22:14+00:00,,,
77880,krazzzzysam,https://t.me/krazzzzysam,"https://t.me/+xeMVsKTeA_A4MGZl
https://t.me/+xeMVsKTeA_A4MGZl
https://t.me/+xeMVsKTeA_A4MGZl
https://t.me/+xeMVsKTeA_A4MGZl
https://t.me/+xeMVsKTeA_A4MGZl
https://t.me/+xeMVsKTeA_A4MGZl
https://t.me/+xeMVsKTeA_A4MGZl
https://t.me/+xeMVsKTeA_A4MGZl
https://t.me/+xeMVsKTeA_A4MGZl
https://t.me/+xeMVsKTeA_A4MGZl
https://t.me/+xeMVsKTeA_A4MGZl
https://t.me/+xeMVsKTeA_A4MGZl
https://t.me/+xeMVsKTeA_A4MGZl
https://t.me/+xeMVsKTeA_A4MGZl
https://t.me/+xeMVsKTeA_A4MGZl
https://t.me/+xeMVsKTeA_A4MGZl
https://t.me/+xeMVsKTeA_A4MGZl
https://t.me/+xeMVsKTeA_A4MGZl
https://t.me/+xeMVsKTeA_A4MGZl
https://t.me/+xeMVsKTeA_A4MGZl
https://t.me/+xeMVsKTeA_A4MGZl
https://t.me/+xeMVsKTeA_A4MGZl
https://t.me/+xeMVsKTeA_A4MGZl
https://t.me/+xeMVsKTeA_A4MGZl
https://t.me/+xeMVsKTeA_A4MGZl
https://t.me/+xeMVsKTeA_A4MGZl
https://t.me/+xeMVsKTeA_A4MGZl
https://t.me/+xeMVsKTeA_A4MGZl
https://t.me/+xeMVsKTeA_A4MGZl
https://t.me/+xeMVsKTeA_A4MGZl
https://t.me/+xeMVsKTeA_A4MGZl
https://t.me/+xeMVsKTeA_A4MGZl
https://t.me/+xeMVsKTeA_A4MGZl
https://t.me/+xeMVsKTeA_A4MGZl
https://t.me/+xeMVsKTeA_A4MGZl
https://t.me/+xeMVsKTeA_A4MGZl
https://t.me/+xeMVsKTeA_A4MGZl
https://t.me/+xeMVsKTeA_A4MGZl
https://t.me/+xeMVsKTeA_A4MGZl
https://t.me/+xeMVsKTeA_A4MGZl
https://t.me/+xeMVsKTeA_A4MGZl
https://t.me/+xeMVsKTeA_A4MGZl
https://t.me/+xeMVsKTeA_A4MGZl
https://t.me/+xeMVsKTeA_A4MGZl
https://t.me/+xeMVsKTeA_A4MGZl
https://t.me/+xeMVsKTeA_A4MGZl
https://t.me/+xeMVsKTeA_A4MGZl
https://t.me/+xeMVsKTeA_A4MGZl
https://t.me/+xeMVsKTeA_A4MGZl
https://t.me/+xeMVsKTeA_A4MGZl
https://t.me/+xeMVsKTeA_A4MGZl
https://t.me/+xeMVsKTeA_A4MGZl
https://t.me/+xeMVsKTeA_A4MGZl
https://t.me/+xeMVsKTeA_A4MGZl
https://t.me/+xeMVsKTeA_A4MGZl
https://t.me/+xeMVsKTeA_A4MGZl
https://t.me/+xeMVsKTeA_A4MGZl
https://t.me/+xeMVsKTeA_A4MGZl
https://t.me/+xeMVsKTeA_A4MGZl
https://t.me/+xeMVsKTeA_A4MGZl
https://t.me/+xeMVsKTeA_A4MGZl
https://t.me/+xeMVsKTeA_A4MGZl
https://t.me/+xeMVsKTeA_A4MGZl
https://t.me/+xeMVsKTeA_A4MGZl
https://t.me/+xeMVsKTeA_A4MGZl
https://t.me/+xeMVsKTeA_A4MGZl
https://t.me/+xeMVsKTeA_A4MGZl
https://t.me/+xeMVsKTeA_A4MGZl
https://t.me/+xeMVsKTeA_A4MGZl
https://t.me/+xeMVsKTeA_A4MGZl
https://t.me/+xeMVsKTeA_A4MGZl
https://t.me/+xeMVsKTeA_A4MGZl
https://t.me/+xeMVsKTeA_A4MGZl
https://t.me/+xeMVsKTeA_A4MGZl
https://t.me/+xeMVsKTeA_A4MGZl
https://t.me/+xeMVsKTeA_A4MGZl
https://t.me/+xeMVsKTeA_A4MGZl
https://t.me/+xeMVsKTeA_A4MGZl
https://t.me/+xeMVsKTeA_A4MGZl
https://t.me/+xeMVsKTeA_A4MGZl
https://t.me/+xeMVsKTeA_A4MGZl
https://t.me/+xeMVsKTeA_A4MGZl
https://t.me/+xeMVsKTeA_A4MGZl
https://t.me/+xeMVsKTeA_A4MGZl
https://t.me/+xeMVsKTeA_A4MGZl
https://t.me/+xeMVsKTeA_A4MGZl
https://t.me/+xeMVsKTeA_A4MGZl
https://t.me/+xeMVsKTeA_A4MGZl
https://t.me/+xeMVsKTeA_A4MGZl
https://t.me/+xeMVsKTeA_A4MGZl
https://t.me/+xeMVsKTeA_A4MGZl
https://t.me/+xeMVsKTeA_A4MGZl
https://t.me/+xeMVsKTeA_A4MGZl
https://t.me/+xeMVsKTeA_A4MGZl
https://t.me/+xeMVsKTeA_A4MGZl
https://t.me/+xeMVsKTeA_A4MGZl
https://t.me/+xeMVsKTeA_A4MGZl
https://t.me/+xeMVsKTeA_A4MGZl",2024-03-27T22:56:07+00:00,,,
75610,krazzzzysam,https://t.me/krazzzzysam,Hello 🤩,2024-03-20T06:18:19+00:00,,,
75336,krazzzzysam,https://t.me/krazzzzysam,Play lacky lottery,2024-03-17T13:22:55+00:00,,,
75334,krazzzzysam,https://t.me/krazzzzysam,<PERSON>,2024-03-17T13:01:37+00:00,,,
75333,krazzzzysam,https://t.me/krazzzzysam,He,2024-03-17T13:01:26+00:00,,,
75332,krazzzzysam,https://t.me/krazzzzysam,Hi,2024-03-17T13:01:23+00:00,,,
75217,krazzzzysam,https://t.me/krazzzzysam,Hi,2024-03-16T13:48:11+00:00,,,
75158,krazzzzysam,https://t.me/krazzzzysam,Hi,2024-03-15T16:44:21+00:00,,,
74497,krazzzzysam,https://t.me/krazzzzysam,<PERSON> movie send me the,2024-03-09T13:56:31+00:00,,,
73378,krazzzzysam,https://t.me/krazzzzysam,hlo,2024-02-24T04:34:44+00:00,,,👍: 1
72798,krazzzzysam,https://t.me/krazzzzysam,THAT'S MY BOY,2024-02-17T01:41:47+00:00,,,
72577,krazzzzysam,https://t.me/krazzzzysam,Hiii,2024-02-15T13:05:51+00:00,,,
72514,krazzzzysam,https://t.me/krazzzzysam,Hi,2024-02-14T17:03:29+00:00,,,
72112,krazzzzysam,https://t.me/krazzzzysam,Hello,2024-02-10T17:59:15+00:00,,,
71600,krazzzzysam,https://t.me/krazzzzysam,Movie,2024-02-08T11:36:56+00:00,,,
71599,krazzzzysam,https://t.me/krazzzzysam,<PERSON> and <PERSON> need date,2024-02-08T11:36:49+00:00,,,
71468,krazzzzysam,https://t.me/krazzzzysam,Dum3 aamirkhan,2024-02-07T17:31:10+00:00,,,
71356,krazzzzysam,https://t.me/krazzzzysam,https://youtube.com/@Happy_bhati?si=l_ZBFCbDo9lILuN5,2024-02-07T08:32:49+00:00,,,
71286,krazzzzysam,https://t.me/krazzzzysam,Hi,2024-02-06T16:54:13+00:00,,,👍: 1
71090,krazzzzysam,https://t.me/krazzzzysam,Hi,2024-02-04T18:06:30+00:00,,,
71066,krazzzzysam,https://t.me/krazzzzysam,"https://t.me/sharebazerofficial
Join free telegram channel, for free signals 🔰
👉 Daily 1- 3 level, 
👉index, stock, comodity option.
https://t.me/sharebazerofficial",2024-02-04T16:27:51+00:00,,,
71060,krazzzzysam,https://t.me/krazzzzysam,https://t.me/virallinkslele/3,2024-02-04T15:49:06+00:00,,,
71052,krazzzzysam,https://t.me/krazzzzysam,Hii,2024-02-04T13:25:21+00:00,,,
71050,krazzzzysam,https://t.me/krazzzzysam,<PERSON> movie send not another teen movie,2024-02-04T13:14:13+00:00,,,
71048,krazzzzysam,https://t.me/krazzzzysam,Hindi me,2024-02-04T12:53:30+00:00,,,
71047,krazzzzysam,https://t.me/krazzzzysam,Not another teen movie send <PERSON> do bhai,2024-02-04T12:53:03+00:00,,,
71042,krazzzzysam,https://t.me/krazzzzysam,Kiss kiss <PERSON> New movies <PERSON> subscribe karo,2024-02-04T12:20:00+00:00,,,
71035,krazzzzysam,https://t.me/krazzzzysam,Hiii,2024-02-04T10:30:27+00:00,,,
71028,krazzzzysam,https://t.me/krazzzzysam,technicalankit8251,2024-02-04T09:07:20+00:00,,,
71025,krazzzzysam,https://t.me/krazzzzysam,Hi,2024-02-04T08:56:59+00:00,,,
71024,krazzzzysam,https://t.me/krazzzzysam,bdg game <PERSON> ha bhaiyo,2024-02-04T08:46:24+00:00,,,
71008,krazzzzysam,https://t.me/krazzzzysam,Jaise aap video <PERSON> is tarah download karo vaise hi movie <PERSON>,2024-02-04T07:45:48+00:00,,,
71007,krazzzzysam,https://t.me/krazzzzysam,<PERSON> video <PERSON> download karna na pade yah is tarah hamen <PERSON> download video <PERSON> play karo bus <PERSON>,2024-02-04T07:45:26+00:00,,,
71004,krazzzzysam,https://t.me/krazzzzysam,<NRP>,2024-02-04T07:06:41+00:00,,,
71002,krazzzzysam,https://t.me/krazzzzysam,Hii,2024-02-04T06:56:07+00:00,,,
70989,krazzzzysam,https://t.me/krazzzzysam,Download easy earn 🙈🌷,2024-02-04T05:08:40+00:00,,,
70988,krazzzzysam,https://t.me/krazzzzysam,"I am playing on India's #1 gaming app 

1️⃣ Get a Joining bonus of Rs 550 free 
2️⃣ Ludo, <PERSON> and 100+ games 
3️⃣ 100% cashback on first deposit 

Made in India app. Click the link to download https://winzo.onelink.me/gu8K/cbddd035",2024-02-04T05:08:24+00:00,,,👍: 1
70974,krazzzzysam,https://t.me/krazzzzysam,Hii,2024-02-04T02:05:33+00:00,,,
70967,krazzzzysam,https://t.me/krazzzzysam,Hiii,2024-02-03T20:55:24+00:00,,,
70935,krazzzzysam,https://t.me/krazzzzysam,Sunny day xxx.com,2024-02-03T17:03:45+00:00,,,
70932,krazzzzysam,https://t.me/krazzzzysam,18+ movie,2024-02-03T16:57:59+00:00,,,
70931,krazzzzysam,https://t.me/krazzzzysam,18+,2024-02-03T16:57:29+00:00,,,👍: 1
70924,krazzzzysam,https://t.me/krazzzzysam,Bhai <NRP> police force movie de do,2024-02-03T16:09:05+00:00,,,
70923,krazzzzysam,https://t.me/krazzzzysam,Hiii,2024-02-03T16:07:45+00:00,,,🤓: 1
70922,krazzzzysam,https://t.me/krazzzzysam,Bhai rock star movie dal do <NRP> <PERSON>,2024-02-03T16:06:18+00:00,,,
70918,krazzzzysam,https://t.me/krazzzzysam,Hello,2024-02-03T15:49:31+00:00,,,
70915,krazzzzysam,https://t.me/krazzzzysam,<PERSON> movie download nhi hori,2024-02-03T15:29:57+00:00,,,
70898,krazzzzysam,https://t.me/krazzzzysam,Hello,2024-02-03T15:14:25+00:00,,,
70897,krazzzzysam,https://t.me/krazzzzysam,Dum and dumber movie <PERSON>,2024-02-03T15:11:41+00:00,,,
70894,krazzzzysam,https://t.me/krazzzzysam,Bro 4 some Hindi mai nhi hai ?,2024-02-03T15:08:44+00:00,,,
70891,krazzzzysam,https://t.me/krazzzzysam,hi,2024-02-03T15:07:37+00:00,,,
