id,Channel ID,URL,message,date,views,forwards,reactions
549,krazzzzysam,https://t.me/krazzzzysam,"Gr!$eld@ Series Hindi Dubbed Download link here 👇👇

  • Part 1 👇
     https://ziplinker.net/TorT

  • Part 2👇
     https://ziplinker.net/SdDbo
_ _ _ _ _ _ _ _ _ _ _ _ _ _ _ _ _ _

        ⚠️ IMPORTANT ⚠️

• Jisko Download Karne Mai Problem Ho wo ye
   wali video dekhlo 👇👇

https://t.me/KrazzzzySam/541

agr ad blocker show <PERSON> to phone ki settings me jakr private DNS off <PERSON> download <PERSON>",2024-02-09T09:38:27+00:00,249068.0,179.0,"👍: 186, ❤: 9, 🔥: 4, 😁: 2, 👎: 1, 👏: 1"
87253,krazzzzysam,https://t.me/krazzzzysam,Part 2 download <PERSON> link bhej do,2024-06-28T01:19:00+00:00,,,
81316,krazzzzysam,https://t.me/krazzzzysam,<PERSON>,2024-04-24T05:36:24+00:00,,,
80433,krazzzzysam,https://t.me/krazzzzysam,Hi,2024-04-17T08:56:06+00:00,,,
74006,krazzzzysam,https://t.me/krazzzzysam,"https://t.me/+0QPHwhWLuIg2NWI1
*******
https://t.me/+0QPHwhWLuIg2NWI1
*******
https://t.me/+0QPHwhWLuIg2NWI1
##############№#####",2024-03-02T19:19:11+00:00,,,
73305,krazzzzysam,https://t.me/krazzzzysam,Movie link my Bio,2024-02-22T12:57:02+00:00,,,
73031,krazzzzysam,https://t.me/krazzzzysam,https://whatsapp.com/channel/0029VaFdi5x6hENyzD9cni47,2024-02-19T06:52:23+00:00,,,
73000,krazzzzysam,https://t.me/krazzzzysam,<PERSON> dijiye,2024-02-18T17:25:19+00:00,,,
72999,krazzzzysam,https://t.me/krazzzzysam,Hii,2024-02-18T17:25:13+00:00,,,
72587,krazzzzysam,https://t.me/krazzzzysam,<PERSON>,2024-02-15T15:20:36+00:00,,,
72488,krazzzzysam,https://t.me/krazzzzysam,<PERSON> please,2024-02-14T10:16:50+00:00,,,👍: 2
72487,krazzzzysam,https://t.me/krazzzzysam,Or part kb aye <PERSON> is film ka,2024-02-14T09:52:39+00:00,,,
72471,krazzzzysam,https://t.me/krazzzzysam,https://youtube.com/@LEGEND_1260?si=YwdfVmOg2o_Fs2QE,2024-02-14T04:26:11+00:00,,,
72470,krazzzzysam,https://t.me/krazzzzysam,Please,2024-02-14T04:26:07+00:00,,,
72359,krazzzzysam,https://t.me/krazzzzysam,Hi,2024-02-12T18:34:04+00:00,,,
72336,krazzzzysam,https://t.me/krazzzzysam,<PERSON>,2024-02-12T16:13:47+00:00,,,
72335,krazzzzysam,https://t.me/krazzzzysam,Hi,2024-02-12T16:09:01+00:00,,,
72259,krazzzzysam,https://t.me/krazzzzysam,<PERSON> he movie <PERSON> watch pirastes,2024-02-12T06:22:51+00:00,,,
72113,krazzzzysam,https://t.me/krazzzzysam,Mom  xxx sex,2024-02-10T18:01:09+00:00,,,👎: 2
72017,krazzzzysam,https://t.me/krazzzzysam,Crash course,2024-02-10T13:29:01+00:00,,,
72011,krazzzzysam,https://t.me/krazzzzysam,Yes,2024-02-10T12:55:43+00:00,,,
72010,krazzzzysam,https://t.me/krazzzzysam,Hii,2024-02-10T12:52:01+00:00,,,
72009,krazzzzysam,https://t.me/krazzzzysam,Hii,2024-02-10T12:51:57+00:00,,,
72008,krazzzzysam,https://t.me/krazzzzysam,Hii,2024-02-10T12:51:54+00:00,,,
72007,krazzzzysam,https://t.me/krazzzzysam,Hi,2024-02-10T12:51:51+00:00,,,
72006,krazzzzysam,https://t.me/krazzzzysam,Hii,2024-02-10T12:51:46+00:00,,,
72001,krazzzzysam,https://t.me/krazzzzysam,http://s2.letsfun.cc/share/ldu2/A3080e7e/3,2024-02-10T12:45:14+00:00,,,
71997,krazzzzysam,https://t.me/krazzzzysam,Hii,2024-02-10T11:47:56+00:00,,,
71994,krazzzzysam,https://t.me/krazzzzysam,Krazzy bhai mera movie download nhi ho rha <PERSON> v dekha or pura follow <PERSON> tab v download nhi huaa or to or pron video <PERSON>,2024-02-10T11:26:44+00:00,,,
71993,krazzzzysam,https://t.me/krazzzzysam,Hii,2024-02-10T11:26:11+00:00,,,
71990,krazzzzysam,https://t.me/krazzzzysam,<PERSON> do bhai,2024-02-10T11:10:44+00:00,,,
71967,krazzzzysam,https://t.me/krazzzzysam,"Subscribe <PERSON> new channel
https://www.youtube.com/@BhaijanKiTech",2024-02-10T03:34:33+00:00,,,
71950,krazzzzysam,https://t.me/krazzzzysam,Hi,2024-02-09T21:39:10+00:00,,,
71947,krazzzzysam,https://t.me/krazzzzysam,https://t.me/botifyai_bot?start=referral_<PHONE_NUMBER>,2024-02-09T20:44:39+00:00,,,
71945,krazzzzysam,https://t.me/krazzzzysam,Hi,2024-02-09T19:33:52+00:00,,,
71939,krazzzzysam,https://t.me/krazzzzysam,Bad boy,2024-02-09T17:41:19+00:00,,,
71926,krazzzzysam,https://t.me/krazzzzysam,baazaar <DATE_TIME>,2024-02-09T16:38:12+00:00,,,
71904,krazzzzysam,https://t.me/krazzzzysam,<PERSON>,2024-02-09T15:14:40+00:00,,,
71903,krazzzzysam,https://t.me/krazzzzysam,Movie open kaise hoti,2024-02-09T15:14:29+00:00,,,
71888,krazzzzysam,https://t.me/krazzzzysam,Bro true detective <PERSON> seasons ke link send <PERSON> dubbed he,2024-02-09T14:34:21+00:00,,,
71859,krazzzzysam,https://t.me/krazzzzysam,Join this channel,2024-02-09T12:03:51+00:00,,,
71858,krazzzzysam,https://t.me/krazzzzysam,https://t.me/BDGHackAvailable,2024-02-09T12:03:45+00:00,,,
71856,krazzzzysam,https://t.me/krazzzzysam,Koi sexy movie <PERSON>,2024-02-09T11:39:38+00:00,,,
71836,krazzzzysam,https://t.me/krazzzzysam,Hi,2024-02-09T10:14:50+00:00,,,
71835,krazzzzysam,https://t.me/krazzzzysam,Avish,2024-02-09T10:14:48+00:00,,,
71834,krazzzzysam,https://t.me/krazzzzysam,Hi,2024-02-09T10:11:04+00:00,,,
71833,krazzzzysam,https://t.me/krazzzzysam,Hi,2024-02-09T10:09:47+00:00,,,
71832,krazzzzysam,https://t.me/krazzzzysam,Xxx,2024-02-09T10:06:48+00:00,,,
71825,krazzzzysam,https://t.me/krazzzzysam,add blocked detected how to solv it bro ?,2024-02-09T09:46:35+00:00,,,
71817,krazzzzysam,https://t.me/krazzzzysam,Crash course,2024-02-09T09:43:28+00:00,,,
71816,krazzzzysam,https://t.me/krazzzzysam,Crash course movie chahiye,2024-02-09T09:43:27+00:00,,,
71813,krazzzzysam,https://t.me/krazzzzysam,Oo,2024-02-09T09:39:00+00:00,,,
