id,Channel ID,URL,message,date,views,forwards,reactions
553,krazzzzysam,https://t.me/krazzzzysam,"L!ar L!@r Movie Hindi Dubbed Download link here 👇👇

  • 480p 👇
   https://ziplinker.net/J4XxEz

  • 720p 👇
    https://ziplinker.net/XEbV9rJS
_ _ _ _ _ _ _ _ _ _ _ _ _ _ _ _ _ _

Movie ke bare me iss reel me btaya <PERSON>
https://www.instagram.com/reel/C3PMvwYL3mj/?igsh=MTM2dnVnNXI4bHV2bg==

        ⚠️ IMPORTANT ⚠️

• Jisko Download Karne Mai Problem Ho wo ye
   wali video dekhlo 👇👇

https://t.me/KrazzzzySam/541

agr ad blocker show <PERSON> to phone ki settings me jakr private DNS off <PERSON> download <PERSON>",2024-02-12T06:41:28+00:00,273003.0,292.0,"👍: 217, ❤: 13, 👎: 11, 🥰: 8, 😁: 6, 🔥: 5, 👏: 2"
82776,krazzzzysam,https://t.me/krazzzzysam,H,2024-05-09T09:44:25+00:00,,,
77989,krazzzzysam,https://t.me/krazzzzysam,<PERSON>,2024-03-28T14:41:40+00:00,,,
77868,krazzzzysam,https://t.me/krazzzzysam,Movie Not Playing??,2024-03-27T20:01:18+00:00,,,
75399,krazzzzysam,https://t.me/krazzzzysam,<PERSON> to <PERSON> Hindi me,2024-03-18T06:29:48+00:00,,,
74005,krazzzzysam,https://t.me/krazzzzysam,My Instagram profile @md_ayan_.18,2024-03-02T19:12:37+00:00,,,
74004,krazzzzysam,https://t.me/krazzzzysam,"👉 𝐓𝐎𝐃𝐀𝐘 𝐁𝐄𝐒𝐓 𝐒𝐏𝐄𝐂𝐈𝐀𝐋 <PERSON> 

👉🌹<DATE_TIME>'s Best Offer BITCOINE Double Money 💰💰💰👇👇👇👇

💵 PayTM//Google pay/Phonepay Doubling 💵

👉 ₹3000/- And Get ₹10000/-
👉 ₹5000/- And Get ₹15000/-
👉 ₹8000/- And Get ₹24000/-
👉 ₹10000/- And Get ₹30000/-
👉 ₹15000/- And Get ₹45000/-
👉 ₹20000/- And Get ₹60000/-
👉 ₹30000/- And Get ₹90000/-
👉 ₹50000/- And Get ₹1.5 Lac...

💰 Money Will Be Credited In Your Account Under <DATE_TIME>.

For checking proof

Dm me 👉
http://api.whatsapp.com/send?phone=<PHONE_NUMBER>𝐇𝐄𝐋𝐋𝐎_𝐌𝐎𝐍𝐄𝐘_𝐈𝐍𝐕𝐄𝐒𝐓_𝐒𝐈𝐑*❤️❤️*NEW_JOINING‌‌*💰💰💰*

For checking proof",2024-03-02T19:10:34+00:00,,,
72786,krazzzzysam,https://t.me/krazzzzysam,Are bhaiya yah wali film bhej de yaar,2024-02-16T19:25:21+00:00,,,
72596,krazzzzysam,https://t.me/krazzzzysam,<PERSON>,2024-02-15T17:39:34+00:00,,,
72594,krazzzzysam,https://t.me/krazzzzysam,Crushed sesion 4 web series,2024-02-15T17:09:19+00:00,,,
72593,krazzzzysam,https://t.me/krazzzzysam,City,2024-02-15T17:07:56+00:00,,,
72586,krazzzzysam,https://t.me/krazzzzysam,https://www.moviesp.online/2024/02/liar-liar-1997.html,2024-02-15T14:58:54+00:00,,,
72585,krazzzzysam,https://t.me/krazzzzysam,<PERSON> nai open horaha 😔😔,2024-02-15T14:57:41+00:00,,,
72584,krazzzzysam,https://t.me/krazzzzysam,Dunki,2024-02-15T14:32:51+00:00,,,
72583,krazzzzysam,https://t.me/krazzzzysam,12fail,2024-02-15T14:32:43+00:00,,,
72582,krazzzzysam,https://t.me/krazzzzysam,Hindi me <PERSON>,2024-02-15T14:31:00+00:00,,,
72581,krazzzzysam,https://t.me/krazzzzysam,<PERSON>,2024-02-15T14:22:51+00:00,,,
72574,krazzzzysam,https://t.me/krazzzzysam,<PERSON>,2024-02-15T12:59:33+00:00,,,
72570,krazzzzysam,https://t.me/krazzzzysam,The khin i live in,2024-02-15T10:52:13+00:00,,,
72564,krazzzzysam,https://t.me/krazzzzysam,Hii,2024-02-15T09:04:41+00:00,,,
72562,krazzzzysam,https://t.me/krazzzzysam,Hi,2024-02-15T08:20:37+00:00,,,
72561,krazzzzysam,https://t.me/krazzzzysam,Grand army <DATE_TIME> episode send kro,2024-02-15T07:56:09+00:00,,,
72559,krazzzzysam,https://t.me/krazzzzysam,Crash course series,2024-02-15T07:18:51+00:00,,,
72558,krazzzzysam,https://t.me/krazzzzysam,Sex film <PERSON> yr,2024-02-15T07:09:00+00:00,,,😁: 2
72557,krazzzzysam,https://t.me/krazzzzysam,Navi picture <PERSON> movie,2024-02-15T06:27:09+00:00,,,
72556,krazzzzysam,https://t.me/krazzzzysam,Join this channel,2024-02-15T06:10:11+00:00,,,
72555,krazzzzysam,https://t.me/krazzzzysam,https://t.me/BDGHackAvailable,2024-02-15T06:10:07+00:00,,,
72546,krazzzzysam,https://t.me/krazzzzysam,<PERSON> not working bro,2024-02-15T04:54:19+00:00,,,
72532,krazzzzysam,https://t.me/krazzzzysam,Life like movie in Hindi me send karo,2024-02-15T01:12:07+00:00,,,
72527,krazzzzysam,https://t.me/krazzzzysam,Join this channel,2024-02-14T19:24:19+00:00,,,
72526,krazzzzysam,https://t.me/krazzzzysam,https://t.me/BDGHackAvailable,2024-02-14T19:24:14+00:00,,,
72525,krazzzzysam,https://t.me/krazzzzysam,<PERSON>,2024-02-14T18:42:48+00:00,,,
72504,krazzzzysam,https://t.me/krazzzzysam,Hy,2024-02-14T14:59:59+00:00,,,
72502,krazzzzysam,https://t.me/krazzzzysam,Error <PERSON> link par <PERSON> baad,2024-02-14T14:01:01+00:00,,,
72501,krazzzzysam,https://t.me/krazzzzysam,"https://www.instagram.com/k_i_n_g_lifestyle?igsh=MzRlODBiNWFlZA==
Follow me guys☺",2024-02-14T13:58:20+00:00,,,
72499,krazzzzysam,https://t.me/krazzzzysam,that's my boy movie please Brother,2024-02-14T13:45:37+00:00,,,
72498,krazzzzysam,https://t.me/krazzzzysam,"https://youtu.be/Qvat7Q-s_Ds?si=P9yVJJE3ymdULasu

Watch it now ☝<NRP>",2024-02-14T13:43:42+00:00,,,
72494,krazzzzysam,https://t.me/krazzzzysam,Crash course movie <PERSON>,2024-02-14T12:35:04+00:00,,,
72491,krazzzzysam,https://t.me/krazzzzysam,LIARLIAR,2024-02-14T12:04:26+00:00,,,
72485,krazzzzysam,https://t.me/krazzzzysam,LIARLIAR,2024-02-14T09:05:19+00:00,,,
72472,krazzzzysam,https://t.me/krazzzzysam,Golden hole web series please,2024-02-14T05:03:07+00:00,,,
72458,krazzzzysam,https://t.me/krazzzzysam,Kaise bro,2024-02-14T02:33:56+00:00,,,
72455,krazzzzysam,https://t.me/krazzzzysam,Movie download kaise kren,2024-02-13T18:40:19+00:00,,,
72453,krazzzzysam,https://t.me/krazzzzysam,<PERSON> jda tar movie English ma h Hindi ma nhi <PERSON> h,2024-02-13T17:55:25+00:00,,,
72452,krazzzzysam,https://t.me/krazzzzysam,Sex,2024-02-13T17:53:11+00:00,,,
72450,krazzzzysam,https://t.me/krazzzzysam,Sex,2024-02-13T17:11:56+00:00,,,
72437,krazzzzysam,https://t.me/krazzzzysam,"send the movie name to bot to download on demand movie 

@Hubbmoviess_bot
@Hubbmoviess_bot
@Hubbmoviess_bot

@Hubbmoviess_bot
@Hubbmoviess_bot
@Hubbmoviess_bot",2024-02-13T15:46:16+00:00,,,
72436,krazzzzysam,https://t.me/krazzzzysam,"join this latest chanel to download all new Hollywood, Bollywood e.t.c. movies free link he here👉 https://t.me/+yvlXbOyNQlhjY2Y9",2024-02-13T15:41:14+00:00,,,
72435,krazzzzysam,https://t.me/krazzzzysam,chnl link in bio,2024-02-13T15:32:41+00:00,,,
72434,krazzzzysam,https://t.me/krazzzzysam,dead silence full movie link https://ziplinker.net/kXlof,2024-02-13T15:32:21+00:00,,,
72431,krazzzzysam,https://t.me/krazzzzysam,Hello bhai the medium ka link  do please🙏,2024-02-13T15:22:12+00:00,,,
72411,krazzzzysam,https://t.me/krazzzzysam,Bro xx video like,2024-02-13T12:34:45+00:00,,,
72410,krazzzzysam,https://t.me/krazzzzysam,<PERSON> kesari movie,2024-02-13T12:14:48+00:00,,,
72407,krazzzzysam,https://t.me/krazzzzysam,"L!ar L!@r Movie Hindi Dubbed Download link here 👇👇

  • 480p 👇
   https://ziplinker.net/J4XxEz

  • 720p 👇
    https://ziplinker.net/XEbV9rJS
_ _ _ _ _ _ _ _ _ _ _ _ _ _ _ _ _ _

Movie ke bare me iss reel me btaya <PERSON>
https://www.instagram.com/reel/C3PMvwYL3mj/?igsh=MTM2dnVnNXI4bHV2bg==

        ⚠️ IMPORTANT ⚠️

• Jisko Download Karne Mai Problem Ho wo ye
   wali video dekhlo 👇👇

https://t.me/KrazzzzySam/541

agr ad blocker show <PERSON> to phone ki settings me jakr private DNS off <PERSON> download <PERSON>",2024-02-13T11:12:55+00:00,,,
72406,krazzzzysam,https://t.me/krazzzzysam,Join my group I have all the movies available Any problems related to movies message me personally,2024-02-13T11:06:26+00:00,,,
72405,krazzzzysam,https://t.me/krazzzzysam,Join my group I have all the movies available Any problems related to movies message me personally,2024-02-13T11:06:17+00:00,,,
72404,krazzzzysam,https://t.me/krazzzzysam,Bolo,2024-02-13T11:04:28+00:00,,,
72403,krazzzzysam,https://t.me/krazzzzysam,I have massage me,2024-02-13T11:03:39+00:00,,,
72402,krazzzzysam,https://t.me/krazzzzysam,I have massage me,2024-02-13T11:03:22+00:00,,,
72401,krazzzzysam,https://t.me/krazzzzysam,I have massaged me,2024-02-13T11:03:02+00:00,,,
72400,krazzzzysam,https://t.me/krazzzzysam,Message me,2024-02-13T11:02:37+00:00,,,
72399,krazzzzysam,https://t.me/krazzzzysam,Massage me,2024-02-13T11:02:27+00:00,,,
72398,krazzzzysam,https://t.me/krazzzzysam,Do,2024-02-13T10:27:31+00:00,,,
72397,krazzzzysam,https://t.me/krazzzzysam,Do,2024-02-13T10:27:29+00:00,,,
72396,krazzzzysam,https://t.me/krazzzzysam,Movie link,2024-02-13T10:27:23+00:00,,,
72395,krazzzzysam,https://t.me/krazzzzysam,<PERSON> <NRP> police force download <PERSON>,2024-02-13T09:18:41+00:00,,,
72385,krazzzzysam,https://t.me/krazzzzysam,Srikanta movie,2024-02-13T06:12:43+00:00,,,
72383,krazzzzysam,https://t.me/krazzzzysam,Please Upload <DATE_TIME>,2024-02-13T05:47:08+00:00,,,
72382,krazzzzysam,https://t.me/krazzzzysam,Please upload jadugar movie,2024-02-13T05:38:32+00:00,,,
72368,krazzzzysam,https://t.me/krazzzzysam,📌 <NRP> NAME - Dúḿb áńd <PERSON>LANGUAGE - Hindi,2024-02-13T00:22:02+00:00,,,
72352,krazzzzysam,https://t.me/krazzzzysam,<PERSON>,2024-02-12T17:00:58+00:00,,,❤: 1
72351,krazzzzysam,https://t.me/krazzzzysam,<PERSON> aataa,2024-02-12T17:00:51+00:00,,,
72330,krazzzzysam,https://t.me/krazzzzysam,Cat movie chahiye,2024-02-12T15:39:03+00:00,,,
72316,krazzzzysam,https://t.me/krazzzzysam,Bhai the mask naam se <PERSON> link <PERSON> do,2024-02-12T13:00:12+00:00,,,
72312,krazzzzysam,https://t.me/krazzzzysam,<PERSON>,2024-02-12T12:18:51+00:00,,,
72309,krazzzzysam,https://t.me/krazzzzysam,<PERSON> movie hindi me,2024-02-12T11:16:16+00:00,,,
72306,krazzzzysam,https://t.me/krazzzzysam,"https://youtu.be/ZTmD5ka77zU?si=y8ke3Hpl1G3GA-Uc

Watch this information ^",2024-02-12T11:02:33+00:00,,,
72305,krazzzzysam,https://t.me/krazzzzysam,"👉 𝐓𝐎𝐃𝐀𝐘 𝐁𝐄𝐒𝐓 𝐒𝐏𝐄𝐂𝐈𝐀𝐋 <PERSON> 

👉🌹<DATE_TIME>'s Best Offer BITCOINE Double Money 💰💰💰👇👇👇👇

💵 PayTM//Google pay/Phonepay Doubling 💵

👉 ₹3000/- And Get ₹10000/-
👉 ₹5000/- And Get ₹15000/-
👉 ₹8000/- And Get ₹24000/-
👉 ₹10000/- And Get ₹30000/-
👉 ₹15000/- And Get ₹45000/-
👉 ₹20000/- And Get ₹60000/-
👉 ₹30000/- And Get ₹90000/-
👉 ₹50000/- And Get ₹1.5 Lac...

💰 Money Will Be Credited In Your Account Under <DATE_TIME>.

For checking proof

Dm me 👉
http://api.whatsapp.com/send?phone=<PHONE_NUMBER>𝐇𝐄𝐋𝐋𝐎_𝐌𝐎𝐍𝐄𝐘_𝐈𝐍𝐕𝐄𝐒𝐓_𝐒𝐈𝐑*❤️❤️*NEW_JOINING‌‌*💰💰💰*

For checking proof",2024-02-12T10:56:36+00:00,,,
72284,krazzzzysam,https://t.me/krazzzzysam,<PERSON> movie South ki like bhej do bhaiya ji,2024-02-12T07:06:35+00:00,,,
72278,krazzzzysam,https://t.me/krazzzzysam,Dum and <PERSON>,2024-02-12T06:59:05+00:00,,,
