id,Channel ID,URL,message,date,views,forwards,reactions
479,krazzzzysam,https://t.me/krazzzzysam,"$Leep!πg Be@uty Movie 480p and 720p Download link here 👇

  • 480p ( Hindi Dubbed ) 👇
  <PERSON>• 720p ( Hindi Dubbed )👇
  https://ziplinker.net/RBxkocf
_ _. _ _. _ _. _. _. _ _ _ _. _ _. _ _. _ _  _ _

Movie ke bare me iss reel me btaya <PERSON>

              ⚠️ IMPORTANT ⚠️

• Jisko Download Karne Mai Problem Ho wo ye
   wali video dekhlo 👇👇

https://t.me/KrazzzzySam/471

agr ad blocker show <PERSON> to phone ki settings me jakr private DNS off <PERSON> download <PERSON>",2023-12-26T16:18:26+00:00,306499.0,1139.0,"👍: 349, ❤: 36, 👎: 19, 🥰: 17, 🔥: 10, 😁: 9, 🤮: 8, 👏: 6, 🤯: 2, 🤩: 1"
85288,krazzzzysam,https://t.me/krazzzzysam,Are <PERSON>,2024-06-03T08:08:41+00:00,,,
74148,krazzzzysam,https://t.me/krazzzzysam,Link dena group,2024-03-04T16:49:57+00:00,,,
72486,krazzzzysam,https://t.me/krazzzzysam,"Bhai full movie <PERSON> dubbed👇 me available he 👇

https://t.me/movieflixzzzORG
https://t.me/movieflixzzzORG
https://t.me/movieflixzzzORG",2024-02-14T09:12:18+00:00,,,
70196,krazzzzysam,https://t.me/krazzzzysam,Hii,2024-02-01T02:16:23+00:00,,,
70135,krazzzzysam,https://t.me/krazzzzysam,<PERSON> nhi ho <PERSON>,2024-01-31T17:24:31+00:00,,,
69625,krazzzzysam,https://t.me/krazzzzysam,"Hi
my friend
<PERSON> me movies / Web series /  TV shows  download <PERSON> to join karo mere telegram channel ko

Telegram channel name :  Tlsbro 
Link ⬇️

https://t.me/+5lkJC4v3gMM2Yjc9",2024-01-29T15:47:51+00:00,,,
69442,krazzzzysam,https://t.me/krazzzzysam,Hy,2024-01-28T13:59:14+00:00,,,
68924,krazzzzysam,https://t.me/krazzzzysam,<NRP> movie <NRP> me voice <PERSON>,2024-01-25T15:32:09+00:00,,,👍: 1
68098,krazzzzysam,https://t.me/krazzzzysam,<PERSON> ye dekh ni he <PERSON>,2024-01-24T12:44:21+00:00,,,
68052,krazzzzysam,https://t.me/krazzzzysam,<PERSON> video me dikhha rakha h vaise <PERSON> option <PERSON> hamare phone me bus koi 3rd party app open ho raha h,2024-01-24T11:54:09+00:00,,,
68045,krazzzzysam,https://t.me/krazzzzysam,"Videos download <PERSON>Please 🙏
Koi trike btao",2024-01-24T11:43:15+00:00,,,
65547,krazzzzysam,https://t.me/krazzzzysam,<PERSON> movie <PERSON> tarkib batao,2024-01-10T02:52:45+00:00,,,
65372,krazzzzysam,https://t.me/krazzzzysam,Ok bhai,2024-01-09T07:08:24+00:00,,,
65369,krazzzzysam,https://t.me/krazzzzysam,Video <PERSON>,2024-01-09T06:44:14+00:00,,,
65368,krazzzzysam,https://t.me/krazzzzysam,Bhai direct dusri link open <PERSON>,2024-01-09T06:44:03+00:00,,,
64999,krazzzzysam,https://t.me/krazzzzysam,Hii,2024-01-08T01:56:34+00:00,,,
63418,krazzzzysam,https://t.me/krazzzzysam,English me chle <PERSON>,2024-01-03T00:47:20+00:00,,,
63417,krazzzzysam,https://t.me/krazzzzysam,<PERSON> dubble me nhi <PERSON>,2024-01-03T00:46:49+00:00,,,
63323,krazzzzysam,https://t.me/krazzzzysam,<NRP> bhai Maine picture download <PERSON>,2024-01-02T15:16:50+00:00,,,
63322,krazzzzysam,https://t.me/krazzzzysam,Hi,2024-01-02T15:16:37+00:00,,,
63285,krazzzzysam,https://t.me/krazzzzysam,Bhaj hindi me mere chennal pe h <PERSON>,2024-01-02T11:13:43+00:00,,,
63284,krazzzzysam,https://t.me/krazzzzysam,Are Bhai ye to English me h,2024-01-02T11:05:57+00:00,,,
63228,krazzzzysam,https://t.me/krazzzzysam,Hi,2024-01-01T19:08:25+00:00,,,
63222,krazzzzysam,https://t.me/krazzzzysam,"Bhai full movie <PERSON> dubbed👇 me available he 👇
Sexy movies available💦💦💦
https://t.me/movieflixzzzORG
https://t.me/movieflixzzzORG
https://t.me/movieflixzzzORG",2024-01-01T18:30:54+00:00,,,
63204,krazzzzysam,https://t.me/krazzzzysam,Ye sleeping movie download <PERSON>,2024-01-01T16:25:25+00:00,,,
63150,krazzzzysam,https://t.me/krazzzzysam,<PERSON> h,2024-01-01T10:55:11+00:00,,,
62937,krazzzzysam,https://t.me/krazzzzysam,.......... group <PERSON> do <PERSON>,2023-12-31T13:42:29+00:00,,,
62930,krazzzzysam,https://t.me/krazzzzysam,Dm me,2023-12-31T12:41:22+00:00,,,
62929,krazzzzysam,https://t.me/krazzzzysam,Teenage girls and boys sex videos available teenage lesbian and boy and boy,2023-12-31T12:41:11+00:00,,,
62928,krazzzzysam,https://t.me/krazzzzysam,,2023-12-31T12:41:05+00:00,,,
62927,krazzzzysam,https://t.me/krazzzzysam,,2023-12-31T12:41:05+00:00,,,
62904,krazzzzysam,https://t.me/krazzzzysam,<PERSON> mat bana,2023-12-31T09:46:23+00:00,,,
62894,krazzzzysam,https://t.me/krazzzzysam,Hi,2023-12-31T08:09:37+00:00,,,👍: 1
62724,krazzzzysam,https://t.me/krazzzzysam,Hi,2023-12-30T14:07:26+00:00,,,
62602,krazzzzysam,https://t.me/krazzzzysam,"Bhai full movie <PERSON> dubbed👇 me available he 👇
Sexy movies available💦💦💦
https://t.me/movieflixzzzORG
https://t.me/movieflixzzzORG
https://t.me/movieflixzzzORG",2023-12-30T03:46:38+00:00,,,
62536,krazzzzysam,https://t.me/krazzzzysam,"Bhai full movie <PERSON> dubbed👇 me available he 👇

https://t.me/movieflixzzzORG
https://t.me/movieflixzzzORG
https://t.me/movieflixzzzORG",2023-12-29T17:01:51+00:00,,,
62512,krazzzzysam,https://t.me/krazzzzysam,<PERSON>,2023-12-29T14:48:21+00:00,,,
62477,krazzzzysam,https://t.me/krazzzzysam,"Bhai full movie <PERSON> dubbed👇 me available he 👇

https://t.me/movieflixzzzORG
https://t.me/movieflixzzzORG
https://t.me/movieflixzzzORG",2023-12-29T08:54:08+00:00,,,
62450,krazzzzysam,https://t.me/krazzzzysam,<PERSON> massage karo mai dunga movie,2023-12-29T06:40:32+00:00,,,
62449,krazzzzysam,https://t.me/krazzzzysam,Sleeping Beauty movie download <PERSON>,2023-12-29T06:34:54+00:00,,,
62243,krazzzzysam,https://t.me/krazzzzysam,All movie are available,2023-12-28T07:58:02+00:00,,,
62242,krazzzzysam,https://t.me/krazzzzysam,<PERSON> movie <PERSON> to just tell me,2023-12-28T07:57:55+00:00,,,
62193,krazzzzysam,https://t.me/krazzzzysam,"Bhai full movie <PERSON> dubbed👇 me available he 👇

https://t.me/movieflixzzzORG
https://t.me/movieflixzzzORG
https://t.me/movieflixzzzORG",2023-12-28T04:46:05+00:00,,,
62192,krazzzzysam,https://t.me/krazzzzysam,"Bhai full movie <PERSON> dubbed👇 me available he 👇

https://t.me/movieflixzzzORG
https://t.me/movieflixzzzORG
https://t.me/movieflixzzzORG",2023-12-28T04:46:05+00:00,,,
62178,krazzzzysam,https://t.me/krazzzzysam,Hn,2023-12-28T04:08:29+00:00,,,"👍: 1, 😁: 1"
62176,krazzzzysam,https://t.me/krazzzzysam,🤔<PERSON>,2023-12-28T04:08:06+00:00,,,
62173,krazzzzysam,https://t.me/krazzzzysam,<PERSON>,2023-12-28T04:07:46+00:00,,,
62170,krazzzzysam,https://t.me/krazzzzysam,<PERSON>,2023-12-28T04:07:08+00:00,,,
62164,krazzzzysam,https://t.me/krazzzzysam,Okay <PERSON>,2023-12-28T04:04:28+00:00,,,
62161,krazzzzysam,https://t.me/krazzzzysam,<PERSON> mtlb,2023-12-28T04:04:08+00:00,,,
62154,krazzzzysam,https://t.me/krazzzzysam,Ha,2023-12-28T04:02:16+00:00,,,
62148,krazzzzysam,https://t.me/krazzzzysam,To dm ku <PERSON>,2023-12-28T04:01:33+00:00,,,
62145,krazzzzysam,https://t.me/krazzzzysam,Faltu bakwas mat karo,2023-12-28T03:59:51+00:00,,,
62142,krazzzzysam,https://t.me/krazzzzysam,The little girl,2023-12-28T03:55:36+00:00,,,
62139,krazzzzysam,https://t.me/krazzzzysam,But <PERSON> dub me h kya,2023-12-28T03:50:02+00:00,,,
62098,krazzzzysam,https://t.me/krazzzzysam,Ha,2023-12-27T17:12:00+00:00,,,
62097,krazzzzysam,https://t.me/krazzzzysam,<PERSON>,2023-12-27T17:09:39+00:00,,,
62096,krazzzzysam,https://t.me/krazzzzysam,Bhi aa movie to <NRP> mey hay,2023-12-27T17:09:22+00:00,,,
62089,krazzzzysam,https://t.me/krazzzzysam,"<PERSON> download <PERSON>
https://t.me/movie_time66",2023-12-27T16:44:44+00:00,,,
62088,krazzzzysam,https://t.me/krazzzzysam,Download nhi hori,2023-12-27T16:43:13+00:00,,,
62077,krazzzzysam,https://t.me/krazzzzysam,"Bhai full movie <PERSON> dubbed👇 me available he 👇

https://t.me/movieflixzzzORG
https://t.me/movieflixzzzORG
https://t.me/movieflixzzzORG",2023-12-27T15:57:26+00:00,,,
62074,krazzzzysam,https://t.me/krazzzzysam,<PERSON>,2023-12-27T15:37:36+00:00,,,
62072,krazzzzysam,https://t.me/krazzzzysam,<PERSON> picture <PERSON>,2023-12-27T15:32:55+00:00,,,
62050,krazzzzysam,https://t.me/krazzzzysam,"Bhai full movie <PERSON> dubbed👇 me available he 👇

https://t.me/movieflixzzzORG
https://t.me/movieflixzzzORG
https://t.me/movieflixzzzORG",2023-12-27T13:56:33+00:00,,,
62049,krazzzzysam,https://t.me/krazzzzysam,"Bhai full movie <PERSON> dubbed👇 me available he 👇

https://t.me/movieflixzzzORG
https://t.me/movieflixzzzORG
https://t.me/movieflixzzzORG",2023-12-27T13:56:29+00:00,,,
62048,krazzzzysam,https://t.me/krazzzzysam,"nude scenes <PERSON>, full nude ??",2023-12-27T13:41:22+00:00,,,
62047,krazzzzysam,https://t.me/krazzzzysam,Movie please,2023-12-27T13:33:22+00:00,,,
62046,krazzzzysam,https://t.me/krazzzzysam,Survival Island <DATE_TIME>,2023-12-27T13:33:05+00:00,,,
62043,krazzzzysam,https://t.me/krazzzzysam,Movie,2023-12-27T12:21:02+00:00,,,
62042,krazzzzysam,https://t.me/krazzzzysam,"Bhai full movie <PERSON> dubbed👇 me available he 👇

https://t.me/movieflixzzzORG
https://t.me/movieflixzzzORG
https://t.me/movieflixzzzORG",2023-12-27T12:14:44+00:00,,,
62041,krazzzzysam,https://t.me/krazzzzysam,"Bhai full movie <PERSON> dubbed👇 me available he 👇
Terabox link🔗👇❤
https://t.me/movieflixzzzORG
https://t.me/movieflixzzzORG
https://t.me/movieflixzzzORG",2023-12-27T12:14:33+00:00,,,
62040,krazzzzysam,https://t.me/krazzzzysam,"Bhai full movie <PERSON> dubbed👇 me available he 👇

https://t.me/movieflixzzzORG
https://t.me/movieflixzzzORG
https://t.me/movieflixzzzORG",2023-12-27T12:14:21+00:00,,,
62039,krazzzzysam,https://t.me/krazzzzysam,"Bhai full movie <PERSON> dubbed👇 me available he 👇

https://t.me/movieflixzzzORG
https://t.me/movieflixzzzORG
https://t.me/movieflixzzzORG",2023-12-27T12:14:17+00:00,,,
62011,krazzzzysam,https://t.me/krazzzzysam,"Bhai mere chennal pe tera box ka h
https://t.me/movie_time66",2023-12-27T09:04:44+00:00,,,
62010,krazzzzysam,https://t.me/krazzzzysam,<PERSON> box wala link de do ismein to nikal hi <PERSON>,2023-12-27T09:04:00+00:00,,,
62004,krazzzzysam,https://t.me/krazzzzysam,"Bhai mere chennal se <PERSON> problem <PERSON>
https://t.me/movie_time66",2023-12-27T08:33:08+00:00,,,
62003,krazzzzysam,https://t.me/krazzzzysam,<NRP> web page <PERSON> option <PERSON>,2023-12-27T08:10:36+00:00,,,
61999,krazzzzysam,https://t.me/krazzzzysam,<PERSON>,2023-12-27T07:24:17+00:00,,,
61976,krazzzzysam,https://t.me/krazzzzysam,"Bhai full movie <PERSON> dubbed👇 me available he 👇

https://t.me/movieflixzzzORG
https://t.me/movieflixzzzORG
https://t.me/movieflixzzzORG",2023-12-27T05:54:29+00:00,,,
61975,krazzzzysam,https://t.me/krazzzzysam,"Bhai full movie <PERSON> dubbed👇 me available he 👇

https://t.me/movieflixzzzORG
https://t.me/movieflixzzzORG
https://t.me/movieflixzzzORG",2023-12-27T05:49:24+00:00,,,
61974,krazzzzysam,https://t.me/krazzzzysam,"Bhai full movie <PERSON> dubbed👇 me available he 👇

https://t.me/movieflixzzzORG
https://t.me/movieflixzzzORG
https://t.me/movieflixzzzORG",2023-12-27T05:49:24+00:00,,,
61973,krazzzzysam,https://t.me/krazzzzysam,"Bhai full movie <PERSON> dubbed👇 me available he 👇
Terabox link🔗👇
https://t.me/movieflixzzzORG
https://t.me/movieflixzzzORG
https://t.me/movieflixzzzORG",2023-12-27T05:49:24+00:00,,,
61972,krazzzzysam,https://t.me/krazzzzysam,"Bhai full movie <PERSON> dubbed👇 me available he 👇

https://t.me/movieflixzzzORG
https://t.me/movieflixzzzORG
https://t.me/movieflixzzzORG",2023-12-27T05:49:24+00:00,,,
61971,krazzzzysam,https://t.me/krazzzzysam,"Bhai full movie <PERSON> dubbed👇 me available he 👇

https://t.me/movieflixzzzORG
https://t.me/movieflixzzzORG
https://t.me/movieflixzzzORG",2023-12-27T05:49:24+00:00,,,
61959,krazzzzysam,https://t.me/krazzzzysam,"Bhai full movie <PERSON> dubbed👇 me available he 👇

https://t.me/movieflixzzzORG
https://t.me/movieflixzzzORG
https://t.me/movieflixzzzORG",2023-12-27T05:43:45+00:00,,,
61958,krazzzzysam,https://t.me/krazzzzysam,"Bhai full movie <PERSON> dubbed👇 me available he 👇

https://t.me/movieflixzzzORG
https://t.me/movieflixzzzORG
https://t.me/movieflixzzzORG",2023-12-27T05:43:38+00:00,,,
61957,krazzzzysam,https://t.me/krazzzzysam,"Bhai full movie <PERSON> dubbed👇 me available he 👇

https://t.me/movieflixzzzORG
https://t.me/movieflixzzzORG
https://t.me/movieflixzzzORG",2023-12-27T05:43:33+00:00,,,
61956,krazzzzysam,https://t.me/krazzzzysam,"Bhai full movie <PERSON> dubbed👇 me available he 👇

https://t.me/movieflixzzzORG
https://t.me/movieflixzzzORG
https://t.me/movieflixzzzORG",2023-12-27T05:43:29+00:00,,,
61946,krazzzzysam,https://t.me/krazzzzysam,Hello,2023-12-27T04:01:55+00:00,,,
61943,krazzzzysam,https://t.me/krazzzzysam,Nice,2023-12-27T03:41:06+00:00,,,
61941,krazzzzysam,https://t.me/krazzzzysam,Be mine superstar bl series please link <PERSON>,2023-12-27T01:49:02+00:00,,,
61940,krazzzzysam,https://t.me/krazzzzysam,<PERSON>,2023-12-27T00:28:33+00:00,,,
61936,krazzzzysam,https://t.me/krazzzzysam,Hi,2023-12-26T21:39:57+00:00,,,
61934,krazzzzysam,https://t.me/krazzzzysam,<PERSON> movie <PERSON>,2023-12-26T21:02:15+00:00,,,
61933,krazzzzysam,https://t.me/krazzzzysam,<PERSON> movie,2023-12-26T21:01:48+00:00,,,
61930,krazzzzysam,https://t.me/krazzzzysam,Tera box wala link dalo,2023-12-26T19:45:14+00:00,,,👍: 1
61928,krazzzzysam,https://t.me/krazzzzysam,Bhai mere chennal se <PERSON> apko koi error <PERSON>https://t.me/movie_time66,2023-12-26T18:53:35+00:00,,,
61927,krazzzzysam,https://t.me/krazzzzysam,<PERSON>,2023-12-26T18:43:41+00:00,,,
61926,krazzzzysam,https://t.me/krazzzzysam,,2023-12-26T18:43:31+00:00,,,
61925,krazzzzysam,https://t.me/krazzzzysam,<PERSON> normal link de <PERSON>,2023-12-26T18:41:37+00:00,,,
61921,krazzzzysam,https://t.me/krazzzzysam,<PERSON>,2023-12-26T18:15:49+00:00,,,
61919,krazzzzysam,https://t.me/krazzzzysam,Isame download <PERSON>,2023-12-26T18:15:39+00:00,,,
61918,krazzzzysam,https://t.me/krazzzzysam,Hlo,2023-12-26T18:15:10+00:00,,,
61906,krazzzzysam,https://t.me/krazzzzysam,Sleeping Beauty not playing Hindi language,2023-12-26T17:48:57+00:00,,,
61905,krazzzzysam,https://t.me/krazzzzysam,Hindi me <PERSON> he !,2023-12-26T17:48:26+00:00,,,
61903,krazzzzysam,https://t.me/krazzzzysam,"Bhai full movie <PERSON> dubbed👇 me available he 👇

https://t.me/movieflixzzzORG
https://t.me/movieflixzzzORG
https://t.me/movieflixzzzORG",2023-12-26T17:33:16+00:00,,,
61902,krazzzzysam,https://t.me/krazzzzysam,"Bhai full movie <PERSON> dubbed👇 me available he 👇

https://t.me/movieflixzzzORG
https://t.me/movieflixzzzORG
https://t.me/movieflixzzzORG",2023-12-26T17:33:15+00:00,,,👍: 2
61901,krazzzzysam,https://t.me/krazzzzysam,Hi,2023-12-26T17:32:30+00:00,,,
61899,krazzzzysam,https://t.me/krazzzzysam,"Bhai full movie <PERSON> dubbed👇 me available he 👇

https://t.me/movieflixzzzORG
https://t.me/movieflixzzzORG
https://t.me/movieflixzzzORG",2023-12-26T17:16:26+00:00,,,👍: 2
61898,krazzzzysam,https://t.me/krazzzzysam,"Bhai full movie <PERSON> dubbed👇 me available he 👇

https://t.me/movieflixzzzORG
https://t.me/movieflixzzzORG
https://t.me/movieflixzzzORG",2023-12-26T17:16:26+00:00,,,
61897,krazzzzysam,https://t.me/krazzzzysam,"Bhai full movie <PERSON> dubbed👇 me available he 👇

https://t.me/movieflixzzzORG
https://t.me/movieflixzzzORG
https://t.me/movieflixzzzORG",2023-12-26T17:16:26+00:00,,,
61896,krazzzzysam,https://t.me/krazzzzysam,"Bhai full movie <PERSON> dubbed👇 me available he 👇

https://t.me/movieflixzzzORG
https://t.me/movieflixzzzORG
https://t.me/movieflixzzzORG",2023-12-26T17:16:26+00:00,,,
61895,krazzzzysam,https://t.me/krazzzzysam,"Bhai full movie <PERSON> dubbed👇 me available he 👇

https://t.me/movieflixzzzORG
https://t.me/movieflixzzzORG
https://t.me/movieflixzzzORG",2023-12-26T17:16:26+00:00,,,
61882,krazzzzysam,https://t.me/krazzzzysam,"Bhai full movie <PERSON> dubbed👇 me available he 👇

https://t.me/movieflixzzzORG
https://t.me/movieflixzzzORG
https://t.me/movieflixzzzORG",2023-12-26T16:54:17+00:00,,,
61881,krazzzzysam,https://t.me/krazzzzysam,"Bhai full movie <PERSON> dubbed👇 me available he 👇

https://t.me/movieflixzzzORG
https://t.me/movieflixzzzORG
https://t.me/movieflixzzzORG",2023-12-26T16:54:16+00:00,,,
61880,krazzzzysam,https://t.me/krazzzzysam,"Bhai full movie <PERSON> dubbed👇 me available he 👇

https://t.me/movieflixzzzORG
https://t.me/movieflixzzzORG
https://t.me/movieflixzzzORG",2023-12-26T16:54:16+00:00,,,
61879,krazzzzysam,https://t.me/krazzzzysam,"Bhai full movie <PERSON> dubbed👇 me available he 👇

https://t.me/movieflixzzzORG
https://t.me/movieflixzzzORG
https://t.me/movieflixzzzORG",2023-12-26T16:54:16+00:00,,,
61878,krazzzzysam,https://t.me/krazzzzysam,"Bhai full movie <PERSON> dubbed👇 me available he 👇

https://t.me/movieflixzzzORG
https://t.me/movieflixzzzORG
https://t.me/movieflixzzzORG",2023-12-26T16:54:15+00:00,,,
61861,krazzzzysam,https://t.me/krazzzzysam,Bhai link open <PERSON>,2023-12-26T16:46:18+00:00,,,
61860,krazzzzysam,https://t.me/krazzzzysam,<PERSON>,2023-12-26T16:45:15+00:00,,,
61859,krazzzzysam,https://t.me/krazzzzysam,<PERSON> movie pe yesa hi <PERSON>,2023-12-26T16:44:54+00:00,,,
61857,krazzzzysam,https://t.me/krazzzzysam,<PERSON>,2023-12-26T16:43:38+00:00,,,
61856,krazzzzysam,https://t.me/krazzzzysam,Bhaii aap jesa bata rahe ho video pe wesa nhi <PERSON>,2023-12-26T16:42:34+00:00,,,
61854,krazzzzysam,https://t.me/krazzzzysam,movie adults  18,2023-12-26T16:42:16+00:00,,,
61853,krazzzzysam,https://t.me/krazzzzysam,Online watch ka link <PERSON> send Kia kro bhai,2023-12-26T16:42:02+00:00,,,
61844,krazzzzysam,https://t.me/krazzzzysam,Any BL movies,2023-12-26T16:37:29+00:00,,,
61841,krazzzzysam,https://t.me/krazzzzysam,Ye video <PERSON> jisko download krne me <PERSON> h,2023-12-26T16:31:57+00:00,,,
61840,krazzzzysam,https://t.me/krazzzzysam,https://t.me/KrazzzzySam/471,2023-12-26T16:31:44+00:00,,,
61836,krazzzzysam,https://t.me/krazzzzysam,<PERSON> or <PERSON>,2023-12-26T16:29:55+00:00,,,
61835,krazzzzysam,https://t.me/krazzzzysam,<PERSON> movie nhi <PERSON>,2023-12-26T16:29:25+00:00,,,
61834,krazzzzysam,https://t.me/krazzzzysam,Nhi hora,2023-12-26T16:28:54+00:00,,,
61833,krazzzzysam,https://t.me/krazzzzysam,<PERSON> . NBhai,2023-12-26T16:28:31+00:00,,,👍: 1
61832,krazzzzysam,https://t.me/krazzzzysam,Alag paj pe chhod de raha hai ling pe tap karo toh,2023-12-26T16:28:28+00:00,,,
61831,krazzzzysam,https://t.me/krazzzzysam,<PERSON>,2023-12-26T16:27:43+00:00,,,
61829,krazzzzysam,https://t.me/krazzzzysam,Join my telegram,2023-12-26T16:22:02+00:00,,,
61828,krazzzzysam,https://t.me/krazzzzysam,https://t.me/+OHHioicyHqdiMGM9,2023-12-26T16:21:58+00:00,,,
61827,krazzzzysam,https://t.me/krazzzzysam,World Coin wala,2023-12-26T16:21:00+00:00,,,
61826,krazzzzysam,https://t.me/krazzzzysam,Kese dekhe movei,2023-12-26T16:20:16+00:00,,,
61825,krazzzzysam,https://t.me/krazzzzysam,<NRP> web page <PERSON> option <PERSON>,2023-12-26T16:20:09+00:00,,,🥰: 1
