id,Channel ID,URL,message,date,views,forwards,reactions
486,krazzzzysam,https://t.me/krazzzzysam,Happy New Year Guys!,2024-01-01T05:21:55+00:00,295921.0,19.0,"👍: 409, 🎉: 264, ❤: 138, 🥰: 47, 🙏: 28, 🔥: 15, 😁: 15, 🤩: 14, 👏: 13, 👌: 13"
71973,krazzzzysam,https://t.me/krazzzzysam,<PERSON>,2024-02-10T04:29:59+00:00,,,
69618,krazzzzysam,https://t.me/krazzzzysam,"Hi
my friend
<PERSON> me movies / Web series /  TV shows  download <PERSON> to join karo mere telegram channel ko

Telegram channel name :  Tlsbro 
Link ⬇️

https://t.me/+5lkJC4v3gMM2Yjc9",2024-01-29T15:47:08+00:00,,,
67498,krazzzzysam,https://t.me/krazzzzysam,Hello koi sexy movie he,2024-01-21T19:35:27+00:00,,,
65285,krazzzzysam,https://t.me/krazzzzysam,<PERSON> movie do <PERSON> hi jada dravini ho,2024-01-08T18:18:16+00:00,,,
64285,krazzzzysam,https://t.me/krazzzzysam,"Bhai full movie🔗 hindi⚡ me available👇💦 he 🧐
Hot 🥵and sexy 👙 movie🔗 👇👇👇
(Request for any movie) 
https://t.me/movieflixzzzORG
https://t.me/movieflixzzzORG
https://t.me/movieflixzzzORG",2024-01-06T08:19:55+00:00,,,
64028,krazzzzysam,https://t.me/krazzzzysam,Me too bahi,2024-01-05T15:57:20+00:00,,,
63922,krazzzzysam,https://t.me/krazzzzysam,<PERSON> lucky to you <PERSON> grande,2024-01-05T10:53:20+00:00,,,
63800,krazzzzysam,https://t.me/krazzzzysam,"Bhai full movie <PERSON> dubbed👇 me available he 👇
Sexy movies available💦💦💦
https://t.me/movieflixzzzORG
https://t.me/movieflixzzzORG
https://t.me/movieflixzzzORG",2024-01-04T17:34:15+00:00,,,
63794,krazzzzysam,https://t.me/krazzzzysam,<PERSON> movie dedo please 🙏,2024-01-04T17:25:14+00:00,,,
63663,krazzzzysam,https://t.me/krazzzzysam,Happy <DATE_TIME>,2024-01-04T06:38:16+00:00,,,
63636,krazzzzysam,https://t.me/krazzzzysam,<PERSON> link share karna,2024-01-04T03:00:18+00:00,,,
63589,krazzzzysam,https://t.me/krazzzzysam,"Bhai full movie <PERSON> dubbed👇 me available he 👇
Sexy movies available💦💦💦
https://t.me/movieflixzzzORG
https://t.me/movieflixzzzORG
https://t.me/movieflixzzzORG",2024-01-03T16:32:20+00:00,,,
63577,krazzzzysam,https://t.me/krazzzzysam,Pls,2024-01-03T15:37:06+00:00,,,
63576,krazzzzysam,https://t.me/krazzzzysam,<PERSON> sister death movie send <PERSON> do,2024-01-03T15:37:03+00:00,,,
63569,krazzzzysam,https://t.me/krazzzzysam,"Bhai full movie <PERSON> dubbed👇 me available he 👇
Sexy movies available💦💦💦
https://t.me/movieflixzzzORG
https://t.me/movieflixzzzORG
https://t.me/movieflixzzzORG",2024-01-03T14:32:35+00:00,,,
63568,krazzzzysam,https://t.me/krazzzzysam,Koi dusri do mere <PERSON>,2024-01-03T14:26:21+00:00,,,
63567,krazzzzysam,https://t.me/krazzzzysam,Bhai ye link to mere de Rakhe ho,2024-01-03T14:26:14+00:00,,,
63565,krazzzzysam,https://t.me/krazzzzysam,"Bhai full movie <PERSON> dubbed👇 me available he 👇
Sexy movies available💦💦💦
https://t.me/movieflixzzzORG
https://t.me/movieflixzzzORG
https://t.me/movieflixzzzORG",2024-01-03T14:25:14+00:00,,,
63541,krazzzzysam,https://t.me/krazzzzysam,<PERSON> movie do mere <PERSON> us movie me <PERSON> movie,2024-01-03T12:56:15+00:00,,,
63513,krazzzzysam,https://t.me/krazzzzysam,"Bhai full movie <PERSON> dubbed👇 me available he 👇
Sexy movies available💦💦💦
https://t.me/movieflixzzzORG
https://t.me/movieflixzzzORG
https://t.me/movieflixzzzORG",2024-01-03T11:03:32+00:00,,,👍: 1
63505,krazzzzysam,https://t.me/krazzzzysam,"10rs for any movie
Massage me personally",2024-01-03T09:52:28+00:00,,,
63477,krazzzzysam,https://t.me/krazzzzysam,Pls provide web series flamingo hotstar and abhay S02,2024-01-03T06:23:45+00:00,,,
63443,krazzzzysam,https://t.me/krazzzzysam,https://t.me/Movie3sk,2024-01-03T04:23:58+00:00,,,
63442,krazzzzysam,https://t.me/krazzzzysam,https://t.me/Movie3sk,2024-01-03T04:23:54+00:00,,,
63441,krazzzzysam,https://t.me/krazzzzysam,https://t.me/Movie3sk,2024-01-03T04:23:53+00:00,,,👍: 1
63440,krazzzzysam,https://t.me/krazzzzysam,https://t.me/Movie3sk,2024-01-03T04:23:49+00:00,,,
63377,krazzzzysam,https://t.me/krazzzzysam,<PERSON>ha,2024-01-02T17:52:50+00:00,,,
63376,krazzzzysam,https://t.me/krazzzzysam,,2024-01-02T17:52:21+00:00,,,👍: 1
63364,krazzzzysam,https://t.me/krazzzzysam,"12th fail 👇⚡⚡
https://t.me/movieflixzzzORG/3158
https://t.me/movieflixzzzORG/3158
https://t.me/movieflixzzzORG/3158",2024-01-02T16:53:43+00:00,,,
63351,krazzzzysam,https://t.me/krazzzzysam,12th fail movie ki link bhejiye n,2024-01-02T16:35:57+00:00,,,
63339,krazzzzysam,https://t.me/krazzzzysam,"Bhai full movie <PERSON> dubbed👇 me available he 👇
Sexy movies available💦💦💦
https://t.me/movieflixzzzORG
https://t.me/movieflixzzzORG
https://t.me/movieflixzzzORG",2024-01-02T16:04:19+00:00,,,👍: 1
63338,krazzzzysam,https://t.me/krazzzzysam,"Bhai full movie <PERSON> dubbed👇 me available he 👇
Sexy movies available💦💦💦
https://t.me/movieflixzzzORG
https://t.me/movieflixzzzORG
https://t.me/movieflixzzzORG",2024-01-02T15:59:55+00:00,,,
63337,krazzzzysam,https://t.me/krazzzzysam,"Bhai full movie <PERSON> dubbed👇 me available he 👇
Sexy movies available💦💦💦
https://t.me/movieflixzzzORG
https://t.me/movieflixzzzORG
https://t.me/movieflixzzzORG",2024-01-02T15:59:34+00:00,,,
63335,krazzzzysam,https://t.me/krazzzzysam,"Bhai full movie <PERSON> dubbed👇 me available he 👇
Sexy movies available💦💦💦
https://t.me/movieflixzzzORG
https://t.me/movieflixzzzORG
https://t.me/movieflixzzzORG",2024-01-02T15:59:08+00:00,,,
63330,krazzzzysam,https://t.me/krazzzzysam,Happy <DATE_TIME> 🎊,2024-01-02T15:39:45+00:00,,,
63328,krazzzzysam,https://t.me/krazzzzysam,Half love Half arrange series,2024-01-02T15:35:02+00:00,,,
63325,krazzzzysam,https://t.me/krazzzzysam,Hindi me,2024-01-02T15:24:50+00:00,,,
63324,krazzzzysam,https://t.me/krazzzzysam,Avatar part 2 send kro bhai please🙏,2024-01-02T15:23:57+00:00,,,
63320,krazzzzysam,https://t.me/krazzzzysam,"<PERSON> trouble movie ka link
<PERSON>",2024-01-02T14:51:25+00:00,,,
63302,krazzzzysam,https://t.me/krazzzzysam,"Bhai full movie <PERSON> dubbed👇 me available he 👇
Sexy movies available💦💦💦
https://t.me/movieflixzzzORG
https://t.me/movieflixzzzORG
https://t.me/movieflixzzzORG",2024-01-02T12:55:46+00:00,,,
63297,krazzzzysam,https://t.me/krazzzzysam,"Bhai full movie <PERSON> dubbed👇 me available he 👇
Sexy movies available💦💦💦
https://t.me/movieflixzzzORG
https://t.me/movieflixzzzORG
https://t.me/movieflixzzzORG",2024-01-02T12:41:57+00:00,,,
63293,krazzzzysam,https://t.me/krazzzzysam,"Bhai full movie <PERSON> dubbed👇 me available he 👇
Sexy movies available💦💦💦
https://t.me/movieflixzzzORG
https://t.me/movieflixzzzORG
https://t.me/movieflixzzzORG",2024-01-02T12:41:07+00:00,,,
63290,krazzzzysam,https://t.me/krazzzzysam,Bhai sexy picture choroid link par bhak,2024-01-02T12:10:08+00:00,,,
63287,krazzzzysam,https://t.me/krazzzzysam,Hi,2024-01-02T11:39:17+00:00,,,
63282,krazzzzysam,https://t.me/krazzzzysam,Hi I love you,2024-01-02T11:01:59+00:00,,,
63281,krazzzzysam,https://t.me/krazzzzysam,Photo,2024-01-02T11:01:58+00:00,,,
63279,krazzzzysam,https://t.me/krazzzzysam,<PERSON>,2024-01-02T10:36:09+00:00,,,
63278,krazzzzysam,https://t.me/krazzzzysam,Bhai the bfg movie sand karo,2024-01-02T10:35:52+00:00,,,
63271,krazzzzysam,https://t.me/krazzzzysam,"Hello <NRP>

<PERSON> 3 se 4 <PERSON> apne phone se <PERSON> 15 se 20 hazar earn <PERSON> sake 

<PERSON> be <PERSON> chate <PERSON> to <PERSON> 3 se 4 person he chaia Fast DM Me 🚨",2024-01-02T09:27:52+00:00,,,
63263,krazzzzysam,https://t.me/krazzzzysam,Sex education movie,2024-01-02T08:37:43+00:00,,,
63261,krazzzzysam,https://t.me/krazzzzysam,"Bhai full movie <PERSON> dubbed👇 me available he 👇
Sexy movies available💦💦💦
https://t.me/movieflixzzzORG
https://t.me/movieflixzzzORG
https://t.me/movieflixzzzORG",2024-01-02T08:16:38+00:00,,,
63260,krazzzzysam,https://t.me/krazzzzysam,"Bhai full movie <PERSON> dubbed👇 me available he 👇
Sexy movies available💦💦💦
https://t.me/movieflixzzzORG
https://t.me/movieflixzzzORG
https://t.me/movieflixzzzORG",2024-01-02T08:16:38+00:00,,,
63258,krazzzzysam,https://t.me/krazzzzysam,"Bhai full movie <PERSON> dubbed👇 me available he 👇
Sexy movies available💦💦💦
https://t.me/movieflixzzzORG
https://t.me/movieflixzzzORG
https://t.me/movieflixzzzORG",2024-01-02T08:03:58+00:00,,,
63253,krazzzzysam,https://t.me/krazzzzysam,Happy <DATE_TIME> 🥳,2024-01-02T06:39:58+00:00,,,
63252,krazzzzysam,https://t.me/krazzzzysam,<PERSON> Ram 🙏,2024-01-02T05:46:45+00:00,,,
63251,krazzzzysam,https://t.me/krazzzzysam,Happy <DATE_TIME> 🎉,2024-01-02T05:36:00+00:00,,,
63250,krazzzzysam,https://t.me/krazzzzysam,Happy new year bro 😊<PERSON>,2024-01-02T05:29:04+00:00,,,
63249,krazzzzysam,https://t.me/krazzzzysam,Pagglait movie please,2024-01-02T04:58:29+00:00,,,
63248,krazzzzysam,https://t.me/krazzzzysam,<PERSON> doge,2024-01-02T04:53:32+00:00,,,
63247,krazzzzysam,https://t.me/krazzzzysam,Happy new year,2024-01-02T04:50:29+00:00,,,
63242,krazzzzysam,https://t.me/krazzzzysam,Brooo I can't download movie block something is going on,2024-01-02T03:11:33+00:00,,,
63236,krazzzzysam,https://t.me/krazzzzysam,Good morning <PERSON>,2024-01-02T01:24:01+00:00,,,
63230,krazzzzysam,https://t.me/krazzzzysam,<PERSON> movie dal do,2024-01-01T20:05:27+00:00,,,
63225,krazzzzysam,https://t.me/krazzzzysam,Happy year bhai,2024-01-01T18:32:34+00:00,,,
63218,krazzzzysam,https://t.me/krazzzzysam,Happy New Year,2024-01-01T17:56:53+00:00,,,
63213,krazzzzysam,https://t.me/krazzzzysam,<PERSON>,2024-01-01T17:42:17+00:00,,,
63212,krazzzzysam,https://t.me/krazzzzysam,<PERSON>,2024-01-01T17:37:27+00:00,,,
63203,krazzzzysam,https://t.me/krazzzzysam,Join now,2024-01-01T16:20:54+00:00,,,
63202,krazzzzysam,https://t.me/krazzzzysam,https://t.me/MWworl,2024-01-01T16:20:42+00:00,,,
63193,krazzzzysam,https://t.me/krazzzzysam,Happy <DATE_TIME> brother,2024-01-01T15:33:15+00:00,,,
63191,krazzzzysam,https://t.me/krazzzzysam,<PERSON> app <PERSON>,2024-01-01T14:58:12+00:00,,,
63190,krazzzzysam,https://t.me/krazzzzysam,App <PERSON>,2024-01-01T14:57:57+00:00,,,
63189,krazzzzysam,https://t.me/krazzzzysam,Koii,2024-01-01T14:57:51+00:00,,,
63188,krazzzzysam,https://t.me/krazzzzysam,Bolo,2024-01-01T14:57:49+00:00,,,
63186,krazzzzysam,https://t.me/krazzzzysam,App <PERSON>,2024-01-01T14:51:10+00:00,,,
63180,krazzzzysam,https://t.me/krazzzzysam,"Happy <DATE_TIME> 🎉
जय श्री राम🙏🙏🙏",2024-01-01T14:39:31+00:00,,,
63171,krazzzzysam,https://t.me/krazzzzysam,<PERSON>,2024-01-01T13:28:17+00:00,,,
63170,krazzzzysam,https://t.me/krazzzzysam,<PERSON>,2024-01-01T13:09:22+00:00,,,
63169,krazzzzysam,https://t.me/krazzzzysam,Happy new year,2024-01-01T12:43:45+00:00,,,
63166,krazzzzysam,https://t.me/krazzzzysam,<PERSON>,2024-01-01T12:14:40+00:00,,,
63163,krazzzzysam,https://t.me/krazzzzysam,<PERSON>,2024-01-01T12:10:10+00:00,,,
63162,krazzzzysam,https://t.me/krazzzzysam,Aur happy new year 🎊,2024-01-01T12:10:07+00:00,,,
63161,krazzzzysam,https://t.me/krazzzzysam,<PERSON>,2024-01-01T12:09:57+00:00,,,
63160,krazzzzysam,https://t.me/krazzzzysam,Happy new year 🎊🎊,2024-01-01T12:07:43+00:00,,,
63159,krazzzzysam,https://t.me/krazzzzysam,✋,2024-01-01T11:45:23+00:00,,,
63158,krazzzzysam,https://t.me/krazzzzysam,<PERSON>,2024-01-01T11:12:50+00:00,,,
63147,krazzzzysam,https://t.me/krazzzzysam,Ye to <PERSON>,2024-01-01T10:32:12+00:00,,,
63145,krazzzzysam,https://t.me/krazzzzysam,https://t.me/treandingmms,2024-01-01T10:30:52+00:00,,,
63144,krazzzzysam,https://t.me/krazzzzysam,link dedo <PERSON>,2024-01-01T10:16:25+00:00,,,
63143,krazzzzysam,https://t.me/krazzzzysam,Happy new year,2024-01-01T10:03:05+00:00,,,
63142,krazzzzysam,https://t.me/krazzzzysam,Message karo,2024-01-01T09:59:40+00:00,,,
63140,krazzzzysam,https://t.me/krazzzzysam,This group link send please,2024-01-01T09:49:57+00:00,,,
63139,krazzzzysam,https://t.me/krazzzzysam,Happy new year,2024-01-01T09:40:03+00:00,,,
63138,krazzzzysam,https://t.me/krazzzzysam,Happy new year,2024-01-01T09:31:38+00:00,,,
63136,krazzzzysam,https://t.me/krazzzzysam,Happy new year all of my frd❤️🎊,2024-01-01T09:25:17+00:00,,,
63134,krazzzzysam,https://t.me/krazzzzysam,Happy new year,2024-01-01T09:13:18+00:00,,,
63133,krazzzzysam,https://t.me/krazzzzysam,<PERSON>,2024-01-01T08:28:11+00:00,,,
63132,krazzzzysam,https://t.me/krazzzzysam,Wish u all the same,2024-01-01T08:19:35+00:00,,,👍: 1
63131,krazzzzysam,https://t.me/krazzzzysam,"https://teraboxapp.com/s/1rkusWkNzhp2lbD1s1H11GQ

<PERSON> fail movie ki link aur terabox app download <PERSON> fir movie download kr paoge easily",2024-01-01T08:16:57+00:00,,,
63130,krazzzzysam,https://t.me/krazzzzysam,"Happy new year
All the friends",2024-01-01T08:09:08+00:00,,,
63129,krazzzzysam,https://t.me/krazzzzysam,12th fail movie  ki link <PERSON>,2024-01-01T07:56:52+00:00,,,👍: 1
63126,krazzzzysam,https://t.me/krazzzzysam,<PERSON> movie,2024-01-01T07:46:33+00:00,,,
63125,krazzzzysam,https://t.me/krazzzzysam,<PERSON>,2024-01-01T07:37:50+00:00,,,
63124,krazzzzysam,https://t.me/krazzzzysam,<PERSON> raam,2024-01-01T07:32:08+00:00,,,
63121,krazzzzysam,https://t.me/krazzzzysam,Happy <DATE_TIME> bhai 😊,2024-01-01T07:07:09+00:00,,,
63119,krazzzzysam,https://t.me/krazzzzysam,<PERSON>,2024-01-01T06:57:51+00:00,,,
63118,krazzzzysam,https://t.me/krazzzzysam,<PERSON>🙏🏻,2024-01-01T06:49:25+00:00,,,
63117,krazzzzysam,https://t.me/krazzzzysam,<PERSON>,2024-01-01T06:47:55+00:00,,,
63116,krazzzzysam,https://t.me/krazzzzysam,Happy new year dosto,2024-01-01T06:46:51+00:00,,,
63115,krazzzzysam,https://t.me/krazzzzysam,Happy new year to all,2024-01-01T06:40:42+00:00,,,
63114,krazzzzysam,https://t.me/krazzzzysam,Happy new year bhai,2024-01-01T06:36:17+00:00,,,
63104,krazzzzysam,https://t.me/krazzzzysam,<PERSON> 🚩🚩 Happy <DATE_TIME>,2024-01-01T06:27:01+00:00,,,
63093,krazzzzysam,https://t.me/krazzzzysam,Happy new year my dear friends 🥰,2024-01-01T06:21:08+00:00,,,
63092,krazzzzysam,https://t.me/krazzzzysam,Happy <DATE_TIME>,2024-01-01T06:20:30+00:00,,,
63091,krazzzzysam,https://t.me/krazzzzysam,Happy <DATE_TIME> brothers,2024-01-01T06:19:06+00:00,,,
63090,krazzzzysam,https://t.me/krazzzzysam,Happy <DATE_TIME>,2024-01-01T06:18:08+00:00,,,👍: 1
63089,krazzzzysam,https://t.me/krazzzzysam,happy <DATE_TIME>,2024-01-01T06:16:28+00:00,,,
63087,krazzzzysam,https://t.me/krazzzzysam,Happy new year 🙏🙏🙏🙏🙏🙏🙏🙏🙏🙏😈,2024-01-01T06:12:30+00:00,,,
63086,krazzzzysam,https://t.me/krazzzzysam,Happy new year Bhai,2024-01-01T05:55:28+00:00,,,
63085,krazzzzysam,https://t.me/krazzzzysam,Happy <DATE_TIME> broooo,2024-01-01T05:44:20+00:00,,,
63084,krazzzzysam,https://t.me/krazzzzysam,Happy new year Bhai,2024-01-01T05:42:37+00:00,,,
63082,krazzzzysam,https://t.me/krazzzzysam,Happy new year <PERSON>,2024-01-01T05:41:09+00:00,,,
63080,krazzzzysam,https://t.me/krazzzzysam,Happy new year,2024-01-01T05:39:11+00:00,,,
63079,krazzzzysam,https://t.me/krazzzzysam,Happy new year,2024-01-01T05:39:01+00:00,,,
63077,krazzzzysam,https://t.me/krazzzzysam,Fuk u movie vej,2024-01-01T05:37:11+00:00,,,
63076,krazzzzysam,https://t.me/krazzzzysam,Happy new year all,2024-01-01T05:36:06+00:00,,,
63075,krazzzzysam,https://t.me/krazzzzysam,Happy new year bhai log,2024-01-01T05:35:27+00:00,,,
63074,krazzzzysam,https://t.me/krazzzzysam,"Ra100 rupees 50 video
Rs 200 rupees 150 video",2024-01-01T05:31:11+00:00,,,
63072,krazzzzysam,https://t.me/krazzzzysam,,2024-01-01T05:31:09+00:00,,,
63071,krazzzzysam,https://t.me/krazzzzysam,,2024-01-01T05:31:09+00:00,,,
63070,krazzzzysam,https://t.me/krazzzzysam,,2024-01-01T05:31:09+00:00,,,
63069,krazzzzysam,https://t.me/krazzzzysam,,2024-01-01T05:31:09+00:00,,,"👏: 5, 🔥: 3, 👍: 1"
63068,krazzzzysam,https://t.me/krazzzzysam,Teenage girls and boys sex videos available teenage lesbian and boy and boy sex videos and links available,2024-01-01T05:31:08+00:00,,,👍: 2
63058,krazzzzysam,https://t.me/krazzzzysam,Happy new year,2024-01-01T05:28:27+00:00,,,
63057,krazzzzysam,https://t.me/krazzzzysam,Happy new year 🎊,2024-01-01T05:26:22+00:00,,,
63056,krazzzzysam,https://t.me/krazzzzysam,Happy <DATE_TIME> bro,2024-01-01T05:25:16+00:00,,,
63055,krazzzzysam,https://t.me/krazzzzysam,Me too  bahi ✊,2024-01-01T05:24:45+00:00,,,
63054,krazzzzysam,https://t.me/krazzzzysam,Happy new year,2024-01-01T05:24:16+00:00,,,
63053,krazzzzysam,https://t.me/krazzzzysam,Happy new year,2024-01-01T05:24:03+00:00,,,
63052,krazzzzysam,https://t.me/krazzzzysam,Happy new year,2024-01-01T05:23:59+00:00,,,
63051,krazzzzysam,https://t.me/krazzzzysam,Happy New Year bhai log 🎆,2024-01-01T05:23:41+00:00,,,
63050,krazzzzysam,https://t.me/krazzzzysam,Happy new year,2024-01-01T05:23:26+00:00,,,
63049,krazzzzysam,https://t.me/krazzzzysam,Happy new year,2024-01-01T05:23:17+00:00,,,
63048,krazzzzysam,https://t.me/krazzzzysam,Happy new year all of my friends,2024-01-01T05:23:09+00:00,,,👍: 2
63047,krazzzzysam,https://t.me/krazzzzysam,Happy new year,2024-01-01T05:23:07+00:00,,,👍: 1
63046,krazzzzysam,https://t.me/krazzzzysam,<PERSON> 🚩<PERSON>,2024-01-01T05:23:03+00:00,,,
63045,krazzzzysam,https://t.me/krazzzzysam,Happy new year,2024-01-01T05:22:58+00:00,,,👍: 1
63044,krazzzzysam,https://t.me/krazzzzysam,Happy <DATE_TIME>,2024-01-01T05:22:51+00:00,,,
63043,krazzzzysam,https://t.me/krazzzzysam,Happy new year mera bhai,2024-01-01T05:22:47+00:00,,,
63042,krazzzzysam,https://t.me/krazzzzysam,Happy new year,2024-01-01T05:22:28+00:00,,,👍: 1
63041,krazzzzysam,https://t.me/krazzzzysam,Hello sir,2024-01-01T05:22:14+00:00,,,
63040,krazzzzysam,https://t.me/krazzzzysam,Happy <DATE_TIME>,2024-01-01T05:22:13+00:00,,,
