id,Channel ID,URL,message,date,views,forwards,reactions
460,krazzzzysam,https://t.me/krazzzzysam,"The H@t!πg G@me Movie Hindi Dubbed 480p and 720p  Download link here 👇👇👇👇👇

  • 480p 👇
   https://ziplinker.net/aSoGvXN

  • 720p 👇
   <NRP>
_ _ _ _ _ _ _ _ _ _ _ _ _ _ _ _ _ _ _ _ _ _ _ _ _ _ _ _ _

Movie ke bare me <PERSON> IMPORTANT ⚠️

• Jisko Download Karne Mai Problem Ho wo ye
   wali video dekhlo 👇👇

https://t.me/KrazzzzySam/338

agr ad blocker show <PERSON> to phone ki settings me jakr private DNS off <PERSON> download <PERSON>",2023-12-16T15:36:13+00:00,259050.0,277.0,"👍: 200, ❤: 15, 😁: 6, 🥰: 5, 👎: 4, 🔥: 3, 🤩: 1"
69637,krazzzzysam,https://t.me/krazzzzysam,"Hi
my friend
<PERSON> me movies / Web series /  TV shows  download <PERSON> to join karo mere telegram channel ko

Telegram channel name :  Tlsbro 
Link ⬇️

https://t.me/+5lkJC4v3gMM2Yjc9",2024-01-29T15:49:09+00:00,,,
69540,krazzzzysam,https://t.me/krazzzzysam,<PERSON> move gesha <NRP> jujutsu <PERSON>,2024-01-29T11:30:20+00:00,,,
65363,krazzzzysam,https://t.me/krazzzzysam,Download hoti to nhi h,2024-01-09T06:37:27+00:00,,,
64324,krazzzzysam,https://t.me/krazzzzysam,"Bhai full movie🔗 hindi⚡ me available👇💦 he 🧐
Hot 🥵and sexy 👙 movie🔗 👇👇👇
(Request for any movie) 
https://t.me/movieflixzzzORG
https://t.me/movieflixzzzORG
https://t.me/movieflixzzzORG",2024-01-06T08:24:17+00:00,,,
63995,krazzzzysam,https://t.me/krazzzzysam,Download nhi ho rhi,2024-01-05T15:24:29+00:00,,,
61633,krazzzzysam,https://t.me/krazzzzysam,"Bhai all movies working link <PERSON> dubbed👇 me available he 👇
https://t.me/movieflixzzzORG
https://t.me/movieflixzzzORG
https://t.me/movieflixzzzORG",2023-12-25T15:02:15+00:00,,,
61632,krazzzzysam,https://t.me/krazzzzysam,"Bhai all movies working link <PERSON> dubbed👇 me available he 👇
https://t.me/movieflixzzzORG
https://t.me/movieflixzzzORG
https://t.me/movieflixzzzORG",2023-12-25T15:02:09+00:00,,,
61631,krazzzzysam,https://t.me/krazzzzysam,Thank you bhiya,2023-12-25T14:42:34+00:00,,,
61433,krazzzzysam,https://t.me/krazzzzysam,Pta nh mere <PERSON> v movie download hee ny hoti h,2023-12-25T00:59:35+00:00,,,
61404,krazzzzysam,https://t.me/krazzzzysam,Animal movie,2023-12-24T17:36:15+00:00,,,
61402,krazzzzysam,https://t.me/krazzzzysam,Animal movie ka link bhej do <PERSON>,2023-12-24T17:35:50+00:00,,,
61365,krazzzzysam,https://t.me/krazzzzysam,<PERSON>,2023-12-24T15:31:20+00:00,,,
61364,krazzzzysam,https://t.me/krazzzzysam,No,2023-12-24T15:07:40+00:00,,,
61363,krazzzzysam,https://t.me/krazzzzysam,Bhai third party <PERSON>,2023-12-24T14:27:31+00:00,,,
61362,krazzzzysam,https://t.me/krazzzzysam,"Bhai all movies working link <PERSON> dubbed👇 me available he 👇
https://t.me/movieflixzzzORG
https://t.me/movieflixzzzORG
https://t.me/movieflixzzzORG",2023-12-24T13:56:31+00:00,,,
61361,krazzzzysam,https://t.me/krazzzzysam,"Bhai all movies working link <PERSON> dubbed👇 me available he 👇
https://t.me/movieflixzzzORG
https://t.me/movieflixzzzORG
https://t.me/movieflixzzzORG",2023-12-24T13:56:18+00:00,,,
61360,krazzzzysam,https://t.me/krazzzzysam,"Bhai all movies working link <PERSON> dubbed👇 me available he 👇
https://t.me/movieflixzzzORG
https://t.me/movieflixzzzORG
https://t.me/movieflixzzzORG",2023-12-24T13:56:15+00:00,,,
61359,krazzzzysam,https://t.me/krazzzzysam,"Bhai all movies working link <PERSON> dubbed👇 me available he 👇
https://t.me/movieflixzzzORG
https://t.me/movieflixzzzORG
https://t.me/movieflixzzzORG",2023-12-24T13:56:10+00:00,,,
61358,krazzzzysam,https://t.me/krazzzzysam,"Bhai all movies working link <PERSON> dubbed👇 me available he 👇
https://t.me/movieflixzzzORG
https://t.me/movieflixzzzORG
https://t.me/movieflixzzzORG",2023-12-24T13:56:03+00:00,,,
61357,krazzzzysam,https://t.me/krazzzzysam,"Bhai all movies working link <PERSON> dubbed👇 me available he 👇
https://t.me/movieflixzzzORG
https://t.me/movieflixzzzORG
https://t.me/movieflixzzzORG",2023-12-24T13:55:59+00:00,,,
61356,krazzzzysam,https://t.me/krazzzzysam,"Bhai all movies working link <PERSON> dubbed👇 me available he 👇
https://t.me/movieflixzzzORG
https://t.me/movieflixzzzORG
https://t.me/movieflixzzzORG",2023-12-24T13:55:52+00:00,,,
61355,krazzzzysam,https://t.me/krazzzzysam,"Bhai all movies working link <PERSON> dubbed👇 me available he 👇
https://t.me/movieflixzzzORG
https://t.me/movieflixzzzORG
https://t.me/movieflixzzzORG",2023-12-24T13:55:38+00:00,,,
61354,krazzzzysam,https://t.me/krazzzzysam,"Bhai all movies working link <PERSON> dubbed👇 me available he 👇
https://t.me/movieflixzzzORG
https://t.me/movieflixzzzORG
https://t.me/movieflixzzzORG",2023-12-24T13:55:28+00:00,,,
61353,krazzzzysam,https://t.me/krazzzzysam,"Bhai all movies working link <PERSON> dubbed👇 me available he 👇
https://t.me/movieflixzzzORG
https://t.me/movieflixzzzORG
https://t.me/movieflixzzzORG",2023-12-24T13:55:24+00:00,,,
61352,krazzzzysam,https://t.me/krazzzzysam,"Bhai all movies working link <PERSON> dubbed👇 me available he 👇
https://t.me/movieflixzzzORG
https://t.me/movieflixzzzORG
https://t.me/movieflixzzzORG",2023-12-24T13:55:18+00:00,,,
61351,krazzzzysam,https://t.me/krazzzzysam,"Bhai all movies working link <PERSON> dubbed👇 me available he 👇
https://t.me/movieflixzzzORG
https://t.me/movieflixzzzORG
https://t.me/movieflixzzzORG",2023-12-24T13:55:13+00:00,,,
61350,krazzzzysam,https://t.me/krazzzzysam,"Bhai all movies working link <PERSON> dubbed👇 me available he 👇
https://t.me/movieflixzzzORG
https://t.me/movieflixzzzORG
https://t.me/movieflixzzzORG",2023-12-24T13:55:08+00:00,,,
61349,krazzzzysam,https://t.me/krazzzzysam,"Bhai all movies working link <PERSON> dubbed👇 me available he 👇
https://t.me/movieflixzzzORG
https://t.me/movieflixzzzORG
https://t.me/movieflixzzzORG",2023-12-24T13:55:04+00:00,,,
59821,krazzzzysam,https://t.me/krazzzzysam,<PERSON> to is chennal ko join karke comment me message <PERSON>https://t.me/movie_time66,2023-12-20T05:14:45+00:00,,,
59664,krazzzzysam,https://t.me/krazzzzysam,The married woman movie,2023-12-19T06:47:19+00:00,,,
59663,krazzzzysam,https://t.me/krazzzzysam,The married woman movie,2023-12-19T06:47:15+00:00,,,
59662,krazzzzysam,https://t.me/krazzzzysam,The married woman movie,2023-12-19T06:47:12+00:00,,,
59661,krazzzzysam,https://t.me/krazzzzysam,The married woman movie,2023-12-19T06:47:09+00:00,,,
59660,krazzzzysam,https://t.me/krazzzzysam,The married woman movie,2023-12-19T06:47:03+00:00,,,
59659,krazzzzysam,https://t.me/krazzzzysam,The married woman movie,2023-12-19T06:47:00+00:00,,,
59658,krazzzzysam,https://t.me/krazzzzysam,The married woman movie,2023-12-19T06:46:57+00:00,,,
59657,krazzzzysam,https://t.me/krazzzzysam,The married woman movie,2023-12-19T06:46:53+00:00,,,
59656,krazzzzysam,https://t.me/krazzzzysam,The married woman movie,2023-12-19T06:46:51+00:00,,,
59655,krazzzzysam,https://t.me/krazzzzysam,The married woman movie,2023-12-19T06:46:47+00:00,,,
59544,krazzzzysam,https://t.me/krazzzzysam,"https://t.me/+yvlXbOyNQlhjY2Y9
https://t.me/+yvlXbOyNQlhjY2Y9
https://t.me/+yvlXbOyNQlhjY2Y9 
https://t.me/+yvlXbOyNQlhjY2Y9
https://t.me/+yvlXbOyNQlhjY2Y9
https://t.me/+yvlXbOyNQlhjY2Y9
https://t.me/+yvlXbOyNQlhjY2Y9
https://t.me/+yvlXbOyNQlhjY2Y9
https://t.me/+yvlXbOyNQlhjY2Y9
https://t.me/+yvlXbOyNQlhjY2Y9
https://t.me/+yvlXbOyNQlhjY2Y9
https://t.me/+yvlXbOyNQlhjY2Y9
https://t.me/+yvlXbOyNQlhjY2Y9
https://t.me/+yvlXbOyNQlhjY2Y9
https://t.me/+yvlXbOyNQlhjY2Y9
https://t.me/+yvlXbOyNQlhjY2Y9
https://t.me/+yvlXbOyNQlhjY2Y9
https://t.me/+yvlXbOyNQlhjY2Y9
https://t.me/+yvlXbOyNQlhjY2Y9
https://t.me/+yvlXbOyNQlhjY2Y9
https://t.me/+yvlXbOyNQlhjY2Y9
https://t.me/+yvlXbOyNQlhjY2Y9",2023-12-18T10:21:44+00:00,,,👍: 1
59543,krazzzzysam,https://t.me/krazzzzysam,"Next movie is <NRP> pie 

https://t.me/+yvlXbOyNQlhjY2Y9",2023-12-18T10:10:19+00:00,,,
59542,krazzzzysam,https://t.me/krazzzzysam,Join my new movies chanel https://t.me/+yvlXbOyNQlhjY2Y9,2023-12-18T10:09:45+00:00,,,
59368,krazzzzysam,https://t.me/krazzzzysam,https://ziplinker.net/aSoGvXN,2023-12-17T13:10:42+00:00,,,
59367,krazzzzysam,https://t.me/krazzzzysam,Bhiya aap k link sa download nhi ho reha ha,2023-12-17T13:10:36+00:00,,,
59322,krazzzzysam,https://t.me/krazzzzysam,<PERSON>,2023-12-17T09:21:38+00:00,,,
59235,krazzzzysam,https://t.me/krazzzzysam,Can anybody send me movie?,2023-12-17T07:39:09+00:00,,,
59201,krazzzzysam,https://t.me/krazzzzysam,https://t.me/KrazzySaam/408,2023-12-17T05:44:26+00:00,,,
59200,krazzzzysam,https://t.me/krazzzzysam,Anime series do <PERSON>,2023-12-17T05:35:37+00:00,,,
59199,krazzzzysam,https://t.me/krazzzzysam,<PERSON>,2023-12-17T05:33:44+00:00,,,
59186,krazzzzysam,https://t.me/krazzzzysam,"✔︎ 𝗡𝗲𝘄 💸<PERSON> ✔︎ <PERSON>


<PERSON> 𝗕𝗼𝗻𝘂𝘀 ➪ $15000 coin

Daily Free Loot ➪ $5000 coin

𝗣𝗲𝗿 𝗥𝗲𝗳𝗲𝗿 ➪ $15000 coin

𝗠𝗶𝗻𝗶𝗺𝘂𝗺 𝗪𝗶𝘁𝗵𝗱𝗿𝗮𝘄𝗮𝗹 ➪ $0.35

𝗔𝗽𝗽 𝗹𝗶𝗻𝗸 ➪ 


https://app-earnings-link.com/givvySocial/wvcxnht5q0enkipt9riw",2023-12-17T04:28:20+00:00,,,👍: 1
59185,krazzzzysam,https://t.me/krazzzzysam,"Exclusive links here's 🥵😍😁👉
https://t.me/chut_ke_pujari_official
https://t.me/chut_ke_pujari_official",2023-12-17T04:11:30+00:00,,,
59183,krazzzzysam,https://t.me/krazzzzysam,<PERSON> chain is a girl next part Kb aayega,2023-12-17T02:27:05+00:00,,,
59179,krazzzzysam,https://t.me/krazzzzysam,<PERSON> paper a <PERSON> is link ka password <PERSON>,2023-12-17T01:58:20+00:00,,,
59178,krazzzzysam,https://t.me/krazzzzysam,https://www.evtacshop.com/#/pages/register/register?id=391566,2023-12-17T01:57:09+00:00,,,
59177,krazzzzysam,https://t.me/krazzzzysam,Is link se <PERSON> kamao Bina ₹1 bhi,2023-12-17T01:57:06+00:00,,,
59176,krazzzzysam,https://t.me/krazzzzysam,https://www.evtacshop.com/#/pages/register/register?id=391566,2023-12-17T01:57:00+00:00,,,
59175,krazzzzysam,https://t.me/krazzzzysam,Dhoom all parts,2023-12-17T01:42:44+00:00,,,
59168,krazzzzysam,https://t.me/krazzzzysam,https://www.evtacshop.com/#/pages/register/register?id=391566,2023-12-16T23:43:59+00:00,,,
59166,krazzzzysam,https://t.me/krazzzzysam,<PERSON> mess kro yrr link se <PERSON> password <PERSON>. 2 bar ye hi password <PERSON>,2023-12-16T23:43:34+00:00,,,
59140,krazzzzysam,https://t.me/krazzzzysam,"✔︎ 𝗡𝗲𝘄 💸<PERSON> ✔︎ <PERSON>


<PERSON> 𝗕𝗼𝗻𝘂𝘀 ➪ $15000 coin

Daily Free Loot ➪ $5000 coin

𝗣𝗲𝗿 𝗥𝗲𝗳𝗲𝗿 ➪ $15000 coin

𝗠𝗶𝗻𝗶𝗺𝘂𝗺 𝗪𝗶𝘁𝗵𝗱𝗿𝗮𝘄𝗮𝗹 ➪ $0.35

𝗔𝗽𝗽 𝗹𝗶𝗻𝗸 ➪ 


https://app-earnings-link.com/givvySocial/wvcxnht5q0enkipt9riw",2023-12-16T19:12:47+00:00,,,
59139,krazzzzysam,https://t.me/krazzzzysam,<PERSON> movie <DATE_TIME> ka movie h sir please <PERSON> do N...... Hindi dabbed me please please🙏,2023-12-16T19:06:22+00:00,,,
59120,krazzzzysam,https://t.me/krazzzzysam,<PERSON> movie,2023-12-16T18:04:32+00:00,,,
59097,krazzzzysam,https://t.me/krazzzzysam,"✔︎ 𝗡𝗲𝘄 💸<PERSON> ✔︎ <PERSON>


<PERSON> 𝗕𝗼𝗻𝘂𝘀 ➪ $15000 coin

Daily Free Loot ➪ $5000 coin

𝗣𝗲𝗿 𝗥𝗲𝗳𝗲𝗿 ➪ $15000 coin

𝗠𝗶𝗻𝗶𝗺𝘂𝗺 𝗪𝗶𝘁𝗵𝗱𝗿𝗮𝘄𝗮𝗹 ➪ $0.35

𝗔𝗽𝗽 𝗹𝗶𝗻𝗸 ➪ 


https://app-earnings-link.com/givvySocial/wvcxnht5q0enkipt9riw",2023-12-16T16:18:33+00:00,,,
59093,krazzzzysam,https://t.me/krazzzzysam,https://www.facebook.com/stories/118261601214877/UzpfSVNDOjM3MDUwMDIyNTM1ODE1Ng==/?view_single=1&source=shared_permalink&mibextid=Nif5oz,2023-12-16T16:11:20+00:00,,,
59090,krazzzzysam,https://t.me/krazzzzysam,Bhai animal movie de do,2023-12-16T16:06:52+00:00,,,
59086,krazzzzysam,https://t.me/krazzzzysam,"✔︎ 𝗡𝗲𝘄 💸<PERSON> ✔︎ <PERSON>


<PERSON> 𝗕𝗼𝗻𝘂𝘀 ➪ $15000 coin

Daily Free Loot ➪ $5000 coin

𝗣𝗲𝗿 𝗥𝗲𝗳𝗲𝗿 ➪ $15000 coin

𝗠𝗶𝗻𝗶𝗺𝘂𝗺 𝗪𝗶𝘁𝗵𝗱𝗿𝗮𝘄𝗮𝗹 ➪ $0.35

𝗔𝗽𝗽 𝗹𝗶𝗻𝗸 ➪ 


https://app-earnings-link.com/givvySocial/wvcxnht5q0enkipt9riw",2023-12-16T16:02:49+00:00,,,👍: 1
59085,krazzzzysam,https://t.me/krazzzzysam,<PERSON> movie open nhi hoti,2023-12-16T15:51:11+00:00,,,
59082,krazzzzysam,https://t.me/krazzzzysam,<PERSON> movie hai,2023-12-16T15:41:09+00:00,,,
59080,krazzzzysam,https://t.me/krazzzzysam,<PERSON> off krne k bad v ny <PERSON>,2023-12-16T15:38:48+00:00,,,
