id,Channel ID,URL,message,date,views,forwards,reactions
565,krazzzzysam,https://t.me/krazzzzysam,"N@ughty g!rl 2023 Movie Hindi Dubbed Download link here 👇👇

  • 480p 👇
   https://ziplinker.net/Opyc

  • 720p 👇
    https://ziplinker.net/HJkEMkyO
_ _ _ _ _ _ _ _ _ _ _ _ _ _ _ _ _ _

Movie ke bare me iss reel me btaya <PERSON>
https://www.instagram.com/reel/C3c4AKKPd0o/?igsh=MWZpcXlsaXV6NDZ1cQ==

        ⚠️ IMPORTANT ⚠️

• Jisko Download Karne Mai Problem Ho wo ye
   wali video dekhlo 👇👇

https://t.me/KrazzzzySam/541

agr ad blocker show <PERSON> to phone ki settings me jakr private DNS off <PERSON> download <PERSON>",2024-02-20T18:11:30+00:00,230472.0,302.0,"👍: 129, ❤: 16, 🥰: 4, 👎: 1"
79464,krazzzzysam,https://t.me/krazzzzysam,Not another teen,2024-04-08T05:28:38+00:00,,,
79150,krazzzzysam,https://t.me/krazzzzysam,🤭,2024-04-05T14:23:29+00:00,,,
74253,krazzzzysam,https://t.me/krazzzzysam,<PERSON> adult🔞 movie pasand h kya,2024-03-05T16:48:45+00:00,,,
74252,krazzzzysam,https://t.me/krazzzzysam,"<PERSON> 😇💕
 👉 अगर आप भी अपने <NRP> 𝐩𝐡𝐨𝐧𝐞  का 𝐔𝐬𝐞 करके 𝐎𝐧𝐥𝐢𝐧𝐞 पैसा कमाना चाहते हो तो सबसे पहले आप <PERSON> कर लो.
और 𝐒𝐚𝐯𝐞 करने के बाद मुझे  𝐒𝐜𝐫𝐞𝐞𝐧 𝐒𝐡𝐨𝐭 𝐒𝐞𝐧𝐝 कर दो. जिससे में आपको <PERSON> 𝐏𝐫𝐨𝐬𝐬𝐞𝐬 बता दूँ.<PERSON>𝐌𝐘 𝐍𝐀𝐌𝐄- *Rohit* 🏅

<PERSON> 𝐀𝐜𝐜𝐨𝐮𝐧𝐭 🐊 https://www.instagram.com/digital_rohit96?igsh=MWt2d29icDlvYWloeQ==",2024-03-05T16:45:50+00:00,,,
74033,krazzzzysam,https://t.me/krazzzzysam,Hlo,2024-03-03T10:08:40+00:00,,,
74032,krazzzzysam,https://t.me/krazzzzysam,Hlo,2024-03-03T10:08:15+00:00,,,😁: 1
73668,krazzzzysam,https://t.me/krazzzzysam,<PERSON> video,2024-02-27T18:52:39+00:00,,,👍: 1
73535,krazzzzysam,https://t.me/krazzzzysam,"https://t.me/pkpredictr
Join vc",2024-02-26T10:56:04+00:00,,,❤: 1
73517,krazzzzysam,https://t.me/krazzzzysam,"English in <NRP> movie download link
          https://t.me/skbirat
      https://t.me/skbirat
👉https://t.me/skbirat
👉 https://t.me/skbirat

English in <NRP> movie download link
          https://t.me/skbirat
      https://t.me/skbirat
👉https://t.me/skbirat
👉 https://t.me/skbirat

English in <NRP> movie download link
          https://t.me/skbirat
      https://t.me/skbirat
👉https://t.me/skbirat
👉 https://t.me/skbirat

English in <NRP> movie download link
          https://t.me/skbirat
      https://t.me/skbirat
👉https://t.me/skbirat
👉 https://t.me/skbirat

English in <NRP> movie download link
          https://t.me/skbirat
      https://t.me/skbirat
👉https://t.me/skbirat
👉 https://t.me/skbirat",2024-02-26T03:15:15+00:00,,,👍: 1
73485,krazzzzysam,https://t.me/krazzzzysam,"English in <NRP> movie download link
          https://t.me/skbirat
      https://t.me/skbirat
👉https://t.me/skbirat
👉 https://t.me/skbirat

English in <NRP> movie download link
          https://t.me/skbirat
      https://t.me/skbirat
👉https://t.me/skbirat
👉 https://t.me/skbirat

English in <NRP> movie download link
          https://t.me/skbirat
      https://t.me/skbirat
👉https://t.me/skbirat
👉 https://t.me/skbirat

English in <NRP> movie download link
          https://t.me/skbirat
      https://t.me/skbirat
👉https://t.me/skbirat
👉 https://t.me/skbirat

English in <NRP> movie download link
          https://t.me/skbirat
      https://t.me/skbirat
👉https://t.me/skbirat
👉 https://t.me/skbirat",2024-02-25T16:24:05+00:00,,,👍: 1
73473,krazzzzysam,https://t.me/krazzzzysam,"1.English movie 👉 @skbirat

2.Bollywood📺 And South Movie  👇
       @Hindimovie667

3. Hollywood 🎬  👉 @skmovie4u
    
    🔎 ➠ दोस्तो अगर आप को कोई Movie <PERSON> है तो DM Me👉 @skbirat2 करें",2024-02-25T15:48:41+00:00,,,👍: 1
73472,krazzzzysam,https://t.me/krazzzzysam,"1.English movie 👉 @skbirat

2.Bollywood📺 And South Movie  👇
       @Hindimovie667

3. Hollywood 🎬  👉 @skmovie4u
    
    🔎 ➠ दोस्तो अगर आप को कोई Movie <PERSON> है तो DM Me👉 @skbirat2 करें",2024-02-25T15:48:33+00:00,,,👍: 1
73441,krazzzzysam,https://t.me/krazzzzysam,Are bhai movie <PERSON> he,2024-02-25T08:16:50+00:00,,,👍: 1
73421,krazzzzysam,https://t.me/krazzzzysam,rise of the planet of the apes <PERSON> movies do na bhai please <PERSON>,2024-02-24T16:09:15+00:00,,,👍: 1
73415,krazzzzysam,https://t.me/krazzzzysam,"English मूवी को देखने के लिए हमारे टेलीग्राम को ज्वॉइन करें
👇📽️🎥👇
      https://t.me/skmovie4u
https://t.me/skmovie4u
             https://t.me/skmovie4u",2024-02-24T15:06:13+00:00,,,👍: 1
73402,krazzzzysam,https://t.me/krazzzzysam,Side open kyu nhi <PERSON> bar bar sabhi movies me,2024-02-24T10:15:58+00:00,,,👍: 1
73332,krazzzzysam,https://t.me/krazzzzysam,Paglet download movie link <PERSON>,2024-02-23T04:36:08+00:00,,,👍: 1
73321,krazzzzysam,https://t.me/krazzzzysam,https://t.me/cinemaubink,2024-02-22T17:25:19+00:00,,,👍: 1
73291,krazzzzysam,https://t.me/krazzzzysam,Hii,2024-02-22T06:54:31+00:00,,,👍: 1
73275,krazzzzysam,https://t.me/krazzzzysam,🥰🥰,2024-02-21T17:25:34+00:00,,,
73274,krazzzzysam,https://t.me/krazzzzysam,Hello,2024-02-21T17:25:30+00:00,,,❤: 1
73264,krazzzzysam,https://t.me/krazzzzysam,bhai i m not robot he aa rha h baR bar,2024-02-21T16:32:17+00:00,,,
73242,krazzzzysam,https://t.me/krazzzzysam,<PERSON> gun <PERSON> movie arrange karo dada,2024-02-21T13:37:58+00:00,,,
73237,krazzzzysam,https://t.me/krazzzzysam,<PERSON> web series <PERSON>?,2024-02-21T09:47:11+00:00,,,
73220,krazzzzysam,https://t.me/krazzzzysam,Naughty girl,2024-02-21T07:33:58+00:00,,,
73218,krazzzzysam,https://t.me/krazzzzysam,"<PERSON>  leak video dekhna hai tho  DM me ₹49 ""350+ video",2024-02-21T07:17:48+00:00,,,
73183,krazzzzysam,https://t.me/krazzzzysam,Bhai fast and furious ka all parts dedo,2024-02-21T03:22:12+00:00,,,👍: 1
73174,krazzzzysam,https://t.me/krazzzzysam,Last king first season,2024-02-20T19:18:50+00:00,,,
73171,krazzzzysam,https://t.me/krazzzzysam,EU TE AMO BETH COPPER MOVIE,2024-02-20T18:38:47+00:00,,,
73169,krazzzzysam,https://t.me/krazzzzysam,Hello,2024-02-20T18:13:14+00:00,,,👍: 1
