id,Channel ID,URL,message,date,views,forwards,reactions
494,krazzzzysam,https://t.me/krazzzzysam,"12 F@!l movie Hindi Dubbed 480p and 720p Download link here 👇👇👇👇👇👇

  • 480p 👇
   https://ziplinker.net/2h3ip

  • 720p 👇
   https://ziplinker.net/qHxrG67
_ _ _ _ _ _ _ _ _ _ _ _ _ _ _ _ _ _ _ _ _ _ _ _ _ _ _ _ _ _ _

Movie ke bare me iss video me btaya <PERSON>

                  ⚠️ IMPORTANT ⚠️

• Jisko Download Karne Mai Problem Ho wo ye
   wali video dekhlo 👇👇

https://t.me/KrazzzzySam/471

agr ad blocker show <PERSON> to phone ki settings me jakr private DNS off <PERSON> download <PERSON>",2024-01-07T17:33:33+00:00,275138.0,978.0,"👍: 207, ❤: 34, 🔥: 11, 👎: 7, 🥰: 6, 😁: 2"
71361,krazzzzysam,https://t.me/krazzzzysam,https://youtube.com/@Happy_bhati?si=l_ZBFCbDo9lILuN5,2024-02-07T08:34:33+00:00,,,
69612,krazzzzysam,https://t.me/krazzzzysam,"Hi
my friend
<PERSON> me movies / Web series /  TV shows  download <PERSON> to join karo mere telegram channel ko

Telegram channel name :  Tlsbro 
Link ⬇️

https://t.me/+5lkJC4v3gMM2Yjc9",2024-01-29T15:46:19+00:00,,,
67760,krazzzzysam,https://t.me/krazzzzysam,Movie of <PERSON> fail,2024-01-23T11:50:45+00:00,,,
67105,krazzzzysam,https://t.me/krazzzzysam,Please send,2024-01-19T06:14:35+00:00,,,
67104,krazzzzysam,https://t.me/krazzzzysam,Sex/life session 2 movie please,2024-01-19T06:14:30+00:00,,,👍: 1
67089,krazzzzysam,https://t.me/krazzzzysam,Kaisa download karna,2024-01-19T04:49:25+00:00,,,
67088,krazzzzysam,https://t.me/krazzzzysam,Bhai 12 fail link open <PERSON> bas ads aare,2024-01-19T04:49:13+00:00,,,
66165,krazzzzysam,https://t.me/krazzzzysam,<PERSON> mere <PERSON> yoga wali movie send karo hindi dubbed me kiyu ki me <PERSON> na bhai please send me,2024-01-12T04:44:32+00:00,,,
66079,krazzzzysam,https://t.me/krazzzzysam,Download nehe ho Raha,2024-01-11T17:12:04+00:00,,,
65958,krazzzzysam,https://t.me/krazzzzysam,Download hi nay <PERSON> he,2024-01-11T09:30:16+00:00,,,
65957,krazzzzysam,https://t.me/krazzzzysam,<PERSON> he Bhai,2024-01-11T09:29:53+00:00,,,
65765,krazzzzysam,https://t.me/krazzzzysam,,2024-01-10T18:26:22+00:00,,,
65590,krazzzzysam,https://t.me/krazzzzysam,Lift movie,2024-01-10T06:22:10+00:00,,,
65431,krazzzzysam,https://t.me/krazzzzysam,H,2024-01-09T13:28:32+00:00,,,
65410,krazzzzysam,https://t.me/krazzzzysam,Crash corse,2024-01-09T09:47:57+00:00,,,
65345,krazzzzysam,https://t.me/krazzzzysam,https://t.me/h2wVgFGpgNd5hZThl,2024-01-09T05:58:14+00:00,,,
65343,krazzzzysam,https://t.me/krazzzzysam,https://t.me/EEA3SBoI6BplOTNl,2024-01-09T05:57:52+00:00,,,
65342,krazzzzysam,https://t.me/krazzzzysam,https://t.me/PaxTSKSUzXU2OWRl,2024-01-09T05:57:32+00:00,,,
65341,krazzzzysam,https://t.me/krazzzzysam,https://t.me/PaxTSKSUzXU2OWRl,2024-01-09T05:57:09+00:00,,,
65296,krazzzzysam,https://t.me/krazzzzysam,"https://t.me/Movie3sk
https://t.me/Movie3sk
https://t.me/Movie3sk
https://t.me/Movie3sk
https://t.me/Movie3sk",2024-01-08T18:49:06+00:00,,,
65192,krazzzzysam,https://t.me/krazzzzysam,"Bhai full movie🔗 hindi⚡ me available👇💦 he 🧐
Hot 🥵and sexy 👙 movie🔗 👇👇👇
(Request for any movie) 
https://t.me/movieflixzzzORG
https://t.me/movieflixzzzORG
https://t.me/movieflixzzzORG",2024-01-08T13:40:13+00:00,,,
65190,krazzzzysam,https://t.me/krazzzzysam,"Bhai full movie🔗 hindi⚡ me available👇💦 he 🧐
Hot 🥵and sexy 👙 movie🔗 👇👇👇
(Request for any movie) 
https://t.me/movieflixzzzORG
https://t.me/movieflixzzzORG
https://t.me/movieflixzzzORG",2024-01-08T13:39:43+00:00,,,
65189,krazzzzysam,https://t.me/krazzzzysam,"Bhai full movie🔗 hindi⚡ me available👇💦 he 🧐
Hot 🥵and sexy 👙 movie🔗 👇👇👇
(Request for any movie) 
https://t.me/movieflixzzzORG
https://t.me/movieflixzzzORG
https://t.me/movieflixzzzORG",2024-01-08T13:39:40+00:00,,,
65179,krazzzzysam,https://t.me/krazzzzysam,Pls provide 3 ekka gujarati movie,2024-01-08T12:13:20+00:00,,,
65166,krazzzzysam,https://t.me/krazzzzysam,All 3 parts,2024-01-08T10:14:16+00:00,,,
65165,krazzzzysam,https://t.me/krazzzzysam,Plz upload Narnia movie in hindi,2024-01-08T10:14:08+00:00,,,
65099,krazzzzysam,https://t.me/krazzzzysam,"Bhai full movie🔗 hindi⚡ me available👇💦 he 🧐
Hot 🥵and sexy 👙 movie🔗 👇👇👇
(Request for any movie) 
https://t.me/movieflixzzzORG
https://t.me/movieflixzzzORG
https://t.me/movieflixzzzORG",2024-01-08T08:12:01+00:00,,,
65098,krazzzzysam,https://t.me/krazzzzysam,"Bhai full movie🔗 hindi⚡ me available👇💦 he 🧐
Hot 🥵and sexy 👙 movie🔗 👇👇👇
(Request for any movie) 
https://t.me/movieflixzzzORG
https://t.me/movieflixzzzORG
https://t.me/movieflixzzzORG",2024-01-08T08:11:57+00:00,,,
65075,krazzzzysam,https://t.me/krazzzzysam,Please send,2024-01-08T05:53:55+00:00,,,
65074,krazzzzysam,https://t.me/krazzzzysam,<PERSON> spell man movi,2024-01-08T05:53:45+00:00,,,
65073,krazzzzysam,https://t.me/krazzzzysam,Bro movie to <PERSON>,2024-01-08T05:53:15+00:00,,,
65070,krazzzzysam,https://t.me/krazzzzysam,"Bhai full movie🔗 hindi⚡ me available👇💦 he 🧐
Hot 🥵and sexy 👙 movie🔗 👇👇👇
(Request for any movie) 
https://t.me/movieflixzzzORG
https://t.me/movieflixzzzORG
https://t.me/movieflixzzzORG",2024-01-08T05:48:08+00:00,,,
65067,krazzzzysam,https://t.me/krazzzzysam,"Bhai full movie🔗 hindi⚡ me available👇💦 he 🧐
Hot 🥵and sexy 👙 movie🔗 👇👇👇
(Request for any movie) 
https://t.me/movieflixzzzORG
https://t.me/movieflixzzzORG
https://t.me/movieflixzzzORG",2024-01-08T05:47:52+00:00,,,👎: 1
65064,krazzzzysam,https://t.me/krazzzzysam,"Bhai full movie🔗 hindi⚡ me available👇💦 he 🧐
Hot 🥵and sexy 👙 movie🔗 👇👇👇
(Request for any movie) 
https://t.me/movieflixzzzORG
https://t.me/movieflixzzzORG
https://t.me/movieflixzzzORG",2024-01-08T05:47:29+00:00,,,
65063,krazzzzysam,https://t.me/krazzzzysam,"Bhai full movie🔗 hindi⚡ me available👇💦 he 🧐
Hot 🥵and sexy 👙 movie🔗 👇👇👇
(Request for any movie) 
https://t.me/movieflixzzzORG
https://t.me/movieflixzzzORG
https://t.me/movieflixzzzORG",2024-01-08T05:47:29+00:00,,,
65062,krazzzzysam,https://t.me/krazzzzysam,"Bhai full movie🔗 hindi⚡ me available👇💦 he 🧐
Hot 🥵and sexy 👙 movie🔗 👇👇👇
(Request for any movie) 
https://t.me/movieflixzzzORG
https://t.me/movieflixzzzORG
https://t.me/movieflixzzzORG",2024-01-08T05:47:28+00:00,,,
65057,krazzzzysam,https://t.me/krazzzzysam,"Bhai full movie🔗 hindi⚡ me available👇💦 he 🧐
Hot 🥵and sexy 👙 movie🔗 👇👇👇
(Request for any movie) 
https://t.me/movieflixzzzORG
https://t.me/movieflixzzzORG
https://t.me/movieflixzzzORG",2024-01-08T05:46:02+00:00,,,
65056,krazzzzysam,https://t.me/krazzzzysam,"Bhai full movie🔗 hindi⚡ me available👇💦 he 🧐
Hot 🥵and sexy 👙 movie🔗 👇👇👇
(Request for any movie) 
https://t.me/movieflixzzzORG
https://t.me/movieflixzzzORG
https://t.me/movieflixzzzORG",2024-01-08T05:45:44+00:00,,,
65051,krazzzzysam,https://t.me/krazzzzysam,Please send,2024-01-08T05:03:27+00:00,,,
65050,krazzzzysam,https://t.me/krazzzzysam,<PERSON> spell man movie send please,2024-01-08T05:03:22+00:00,,,👍: 1
65045,krazzzzysam,https://t.me/krazzzzysam,Example - 12th Fail,2024-01-08T04:41:32+00:00,,,
65042,krazzzzysam,https://t.me/krazzzzysam,"@RexiecatBot
Search any movie direct download link",2024-01-08T04:40:27+00:00,,,
65040,krazzzzysam,https://t.me/krazzzzysam,Please movie link that s mu babby,2024-01-08T04:20:17+00:00,,,
65039,krazzzzysam,https://t.me/krazzzzysam,https://t.me/Movie3sk,2024-01-08T03:49:32+00:00,,,
65038,krazzzzysam,https://t.me/krazzzzysam,https://t.me/Movie3sk,2024-01-08T03:49:30+00:00,,,
65037,krazzzzysam,https://t.me/krazzzzysam,https://t.me/Movie3sk,2024-01-08T03:49:28+00:00,,,
65036,krazzzzysam,https://t.me/krazzzzysam,https://t.me/Movie3sk,2024-01-08T03:49:26+00:00,,,
65006,krazzzzysam,https://t.me/krazzzzysam,<PERSON> series,2024-01-08T03:30:22+00:00,,,
65005,krazzzzysam,https://t.me/krazzzzysam,<PERSON> dekhe ?,2024-01-08T03:27:51+00:00,,,
65004,krazzzzysam,https://t.me/krazzzzysam,<PERSON> movie,2024-01-08T02:37:54+00:00,,,
64993,krazzzzysam,https://t.me/krazzzzysam,<PERSON> may <PERSON>,2024-01-08T01:44:00+00:00,,,
64992,krazzzzysam,https://t.me/krazzzzysam,Thanks bhai may <PERSON> love you bro 🤜,2024-01-08T00:47:58+00:00,,,
64988,krazzzzysam,https://t.me/krazzzzysam,Please subscribe my YouTube channel,2024-01-07T22:32:01+00:00,,,
64987,krazzzzysam,https://t.me/krazzzzysam,https://youtu.be/KthizoRHGWk?si=zxU_cd2KToYPP41O,2024-01-07T22:31:52+00:00,,,
64986,krazzzzysam,https://t.me/krazzzzysam,https://youtu.be/KthizoRHGWk?si=zxU_cd2KToYPP41O,2024-01-07T22:31:44+00:00,,,
64982,krazzzzysam,https://t.me/krazzzzysam,Sir mere phone me apki <PERSON> movie download hi nhi hoti he <NRP> ki apne video <PERSON> rakha he tab <PERSON> he me <PERSON>,2024-01-07T20:36:15+00:00,,,
64980,krazzzzysam,https://t.me/krazzzzysam,<NRP> movie <DATE_TIME> hai 🥺💜,2024-01-07T19:29:39+00:00,,,
64965,krazzzzysam,https://t.me/krazzzzysam,Ap logo <PERSON>,2024-01-07T17:57:37+00:00,,,
64964,krazzzzysam,https://t.me/krazzzzysam,12th pas kis <PERSON> download <PERSON> movie,2024-01-07T17:56:11+00:00,,,
64956,krazzzzysam,https://t.me/krazzzzysam,<PERSON> series <PERSON>,2024-01-07T17:46:20+00:00,,,
64955,krazzzzysam,https://t.me/krazzzzysam,Xxx movies <PERSON>,2024-01-07T17:44:43+00:00,,,
