id,Channel ID,URL,message,date,views,forwards,reactions
448,krazzzzysam,https://t.me/krazzzzysam,"Ev!l Iπteπt 2019 Movie Hindi Dubbed 480p and 720p Download link here 👇👇👇👇👇

  • 480p 👇
   https://ziplinker.net/QGWzQ3q

  • 720p 👇
   https://ziplinker.net/drknTAKC
_ _ _ _ _ _ _ _ _ _ _ _ _ _ _ _ _ _ _ _ _ _ _ _ _ _ _ _ _ _ _

Movie kr bare me iss reel me btaya <PERSON>

• Jisko Download Karne Mai Problem Ho wo ye
   wali video dekhlo 👇👇

https://t.me/KrazzzzySam/338

agr ad blocker show <PERSON> to phone ki settings me jakr private DNS off <PERSON> download <PERSON>",2023-12-10T15:49:57+00:00,255515.0,231.0,"👍: 188, ❤: 10, 🥰: 5, 😁: 5, 🔥: 4, 👎: 2, 👏: 2, 🤯: 1"
65653,krazzzzysam,https://t.me/krazzzzysam,☝️🎥🎥👍👍,2024-01-10T08:48:17+00:00,,,
59606,krazzzzysam,https://t.me/krazzzzysam,<PERSON> the master movie <PERSON> to like <PERSON>,2023-12-18T16:34:37+00:00,,,
58212,krazzzzysam,https://t.me/krazzzzysam,"➡️ Join here for more new movies 

     CHANNEL Link  ⬇️⬇️⬇️⬇️

[<NRP>]
[<NRP>]
[<NRP>]

📱OFFICIALLY VERIFIED CHANNEL☑️",2023-12-12T09:05:59+00:00,,,
58162,krazzzzysam,https://t.me/krazzzzysam,"➡️ Join here for more new web series 

     CHANNEL Link  ⬇️⬇️⬇️⬇️

[https://t.me/+ZjL8CsOKjOIxNDhl]
[https://t.me/+ZjL8CsOKjOIxNDhl]
[https://t.me/+ZjL8CsOKjOIxNDhl]

📱OFFICIALLY VERIFIED CHANNEL☑️",2023-12-12T00:41:36+00:00,,,
58161,krazzzzysam,https://t.me/krazzzzysam,"➡️ Join here for more new movies 

     CHANNEL Link  ⬇️⬇️⬇️⬇️

[<NRP>]
[<NRP>]
[<NRP>]

📱OFFICIALLY VERIFIED CHANNEL☑️",2023-12-12T00:41:32+00:00,,,
58160,krazzzzysam,https://t.me/krazzzzysam,"➡️ Join here for more viral desi videos🔞

     CHANNEL Link  ⬇️⬇️⬇️⬇️

[https://t.me/+NgcmVKaC4EU5NTQ1]
[https://t.me/+NgcmVKaC4EU5NTQ1]
[https://t.me/+NgcmVKaC4EU5NTQ1]

📱OFFICIALLY VERIFIED CHANNEL☑️",2023-12-12T00:41:26+00:00,,,
58154,krazzzzysam,https://t.me/krazzzzysam,<PERSON>,2023-12-12T00:17:32+00:00,,,
58153,krazzzzysam,https://t.me/krazzzzysam,<PERSON> dubbed m <PERSON> ye,2023-12-11T23:16:16+00:00,,,
58144,krazzzzysam,https://t.me/krazzzzysam,"Bro movie available in hindi👇

https://t.me/movieflixzzzORG/2479
https://t.me/movieflixzzzORG/2479
https://t.me/movieflixzzzORG/2479",2023-12-11T18:46:05+00:00,,,
58100,krazzzzysam,https://t.me/krazzzzysam,😡<PERSON> dubbed <PERSON> ha,2023-12-11T17:06:41+00:00,,,
58050,krazzzzysam,https://t.me/krazzzzysam,"Movie is channel pe he bhai 👇hindi me  TERABOX LINK🔗
https://t.me/movieflixzzzORG
https://t.me/movieflixzzzORG
https://t.me/movieflixzzzORG",2023-12-11T14:25:48+00:00,,,
58049,krazzzzysam,https://t.me/krazzzzysam,"Movie is channel pe he bhai 👇hindi me  TERABOX LINK🔗
https://t.me/movieflixzzzORG
https://t.me/movieflixzzzORG
https://t.me/movieflixzzzORG",2023-12-11T14:25:15+00:00,,,
58048,krazzzzysam,https://t.me/krazzzzysam,"Movie is channel pe he bhai 👇hindi me  TERABOX LINK🔗
https://t.me/movieflixzzzORG
https://t.me/movieflixzzzORG
https://t.me/movieflixzzzORG",2023-12-11T14:25:09+00:00,,,
58047,krazzzzysam,https://t.me/krazzzzysam,"Movie is channel pe he bhai 👇hindi me  TERABOX LINK🔗
https://t.me/movieflixzzzORG
https://t.me/movieflixzzzORG
https://t.me/movieflixzzzORG",2023-12-11T14:24:57+00:00,,,
58034,krazzzzysam,https://t.me/krazzzzysam,"➡️ Join here for more new movies 

     CHANNEL Link  ⬇️⬇️⬇️⬇️

[<NRP>]
[<NRP>]
[<NRP>]

📱OFFICIALLY VERIFIED CHANNEL☑️",2023-12-11T12:19:28+00:00,,,
58032,krazzzzysam,https://t.me/krazzzzysam,My You tube Channel  :- https://youtu.be/K3jkfwe6FdA?si=GplAybVxjLj-CEWP,2023-12-11T11:26:10+00:00,,,
58011,krazzzzysam,https://t.me/krazzzzysam,Girl in the basement,2023-12-11T07:13:29+00:00,,,
57997,krazzzzysam,https://t.me/krazzzzysam,"➡️ Join here for more viral desi videos🔞

     CHANNEL Link  ⬇️⬇️⬇️⬇️

[https://t.me/+NgcmVKaC4EU5NTQ1]
[https://t.me/+NgcmVKaC4EU5NTQ1]
[https://t.me/+NgcmVKaC4EU5NTQ1]

📱OFFICIALLY VERIFIED CHANNEL☑️",2023-12-11T00:47:08+00:00,,,
57992,krazzzzysam,https://t.me/krazzzzysam,https://t.me/KING_OF_MOVIE_WORLD/6,2023-12-10T21:01:47+00:00,,,
57991,krazzzzysam,https://t.me/krazzzzysam,https://t.me/KING_OF_MOVIE_WORLD/6,2023-12-10T21:01:34+00:00,,,
57990,krazzzzysam,https://t.me/krazzzzysam,https://t.me/KING_OF_MOVIE_WORLD/6,2023-12-10T21:01:29+00:00,,,
57989,krazzzzysam,https://t.me/krazzzzysam,https://t.me/KING_OF_MOVIE_WORLD/6,2023-12-10T21:01:20+00:00,,,
57988,krazzzzysam,https://t.me/krazzzzysam,https://t.me/KING_OF_MOVIE_WORLD/6,2023-12-10T21:01:14+00:00,,,
57987,krazzzzysam,https://t.me/krazzzzysam,https://t.me/KING_OF_MOVIE_WORLD/6,2023-12-10T21:01:07+00:00,,,
57986,krazzzzysam,https://t.me/krazzzzysam,https://t.me/KING_OF_MOVIE_WORLD/6,2023-12-10T21:01:01+00:00,,,
57985,krazzzzysam,https://t.me/krazzzzysam,https://t.me/KING_OF_MOVIE_WORLD/6,2023-12-10T21:00:55+00:00,,,
57984,krazzzzysam,https://t.me/krazzzzysam,https://t.me/KING_OF_MOVIE_WORLD/6,2023-12-10T20:53:51+00:00,,,
57983,krazzzzysam,https://t.me/krazzzzysam,https://t.me/KING_OF_MOVIE_WORLD/6,2023-12-10T20:53:45+00:00,,,
57982,krazzzzysam,https://t.me/krazzzzysam,https://t.me/KING_OF_MOVIE_WORLD/6,2023-12-10T20:53:04+00:00,,,
57981,krazzzzysam,https://t.me/krazzzzysam,https://t.me/KING_OF_MOVIE_WORLD/6,2023-12-10T20:52:57+00:00,,,
57980,krazzzzysam,https://t.me/krazzzzysam,https://t.me/KING_OF_MOVIE_WORLD/6,2023-12-10T20:52:15+00:00,,,
57979,krazzzzysam,https://t.me/krazzzzysam,https://t.me/KING_OF_MOVIE_WORLD/6,2023-12-10T20:51:57+00:00,,,
57978,krazzzzysam,https://t.me/krazzzzysam,"https://t.me/KING_OF_MOVIE_WORLD

<PERSON>",2023-12-10T20:51:52+00:00,,,
57977,krazzzzysam,https://t.me/krazzzzysam,https://t.me/KING_OF_MOVIE_WORLD/6,2023-12-10T20:51:14+00:00,,,
57976,krazzzzysam,https://t.me/krazzzzysam,https://t.me/KING_OF_MOVIE_WORLD/6,2023-12-10T20:51:08+00:00,,,
57975,krazzzzysam,https://t.me/krazzzzysam,https://t.me/KING_OF_MOVIE_WORLD/6,2023-12-10T20:51:03+00:00,,,
57974,krazzzzysam,https://t.me/krazzzzysam,https://t.me/KING_OF_MOVIE_WORLD/6,2023-12-10T20:50:58+00:00,,,
57973,krazzzzysam,https://t.me/krazzzzysam,https://t.me/KING_OF_MOVIE_WORLD/6,2023-12-10T20:50:50+00:00,,,
57972,krazzzzysam,https://t.me/krazzzzysam,https://t.me/KING_OF_MOVIE_WORLD/6,2023-12-10T20:50:22+00:00,,,
57969,krazzzzysam,https://t.me/krazzzzysam,Bhai Play Store Pr Available <PERSON>,2023-12-10T19:33:45+00:00,,,
57951,krazzzzysam,https://t.me/krazzzzysam,Tera box wala link <PERSON> yrrr,2023-12-10T17:44:14+00:00,,,
57949,krazzzzysam,https://t.me/krazzzzysam,<PERSON> <DATE_TIME>,2023-12-10T17:43:58+00:00,,,
57948,krazzzzysam,https://t.me/krazzzzysam,<PERSON> tera box link <PERSON> dete hoo,2023-12-10T17:43:50+00:00,,,
57946,krazzzzysam,https://t.me/krazzzzysam,Terabox link doo,2023-12-10T17:43:27+00:00,,,
57945,krazzzzysam,https://t.me/krazzzzysam,Tera box <PERSON> link do ye <PERSON> h,2023-12-10T17:36:30+00:00,,,
57941,krazzzzysam,https://t.me/krazzzzysam,"<NRP> movie is channel👇 pe mil <PERSON> me  👇

https://t.me/movieflixzzzORG
https://t.me/movieflixzzzORG
https://t.me/movieflixzzzORG",2023-12-10T16:45:02+00:00,,,
57940,krazzzzysam,https://t.me/krazzzzysam,"<NRP> movie is channel👇 pe mil <PERSON> me  👇

https://t.me/movieflixzzzORG
https://t.me/movieflixzzzORG
https://t.me/movieflixzzzORG",2023-12-10T16:44:54+00:00,,,
57939,krazzzzysam,https://t.me/krazzzzysam,"<NRP> movie is channel👇 pe mil <PERSON> me  👇

https://t.me/movieflixzzzORG
https://t.me/movieflixzzzORG
https://t.me/movieflixzzzORG",2023-12-10T16:44:46+00:00,,,
57938,krazzzzysam,https://t.me/krazzzzysam,"<NRP> movie is channel👇 pe mil <PERSON> me  👇

https://t.me/movieflixzzzORG
https://t.me/movieflixzzzORG
https://t.me/movieflixzzzORG",2023-12-10T16:44:29+00:00,,,
57930,krazzzzysam,https://t.me/krazzzzysam,"➡️ Join here for more new web series 

     CHANNEL Link  ⬇️⬇️⬇️⬇️

[https://t.me/+ZjL8CsOKjOIxNDhl]
[https://t.me/+ZjL8CsOKjOIxNDhl]
[https://t.me/+ZjL8CsOKjOIxNDhl]

📱OFFICIALLY VERIFIED CHANNEL☑️",2023-12-10T16:41:23+00:00,,,
57929,krazzzzysam,https://t.me/krazzzzysam,"➡️ Join here for more new movies 

     CHANNEL Link  ⬇️⬇️⬇️⬇️

[<NRP>]
[<NRP>]
[<NRP>]

📱OFFICIALLY VERIFIED CHANNEL☑️",2023-12-10T16:41:19+00:00,,,
57928,krazzzzysam,https://t.me/krazzzzysam,"➡️ Join here for more viral desi videos🔞

     CHANNEL Link  ⬇️⬇️⬇️⬇️

[https://t.me/+NgcmVKaC4EU5NTQ1]
[https://t.me/+NgcmVKaC4EU5NTQ1]
[https://t.me/+NgcmVKaC4EU5NTQ1]

📱OFFICIALLY VERIFIED CHANNEL☑️",2023-12-10T16:41:11+00:00,,,
57887,krazzzzysam,https://t.me/krazzzzysam,<PERSON> link <PERSON>,2023-12-10T16:19:31+00:00,,,👍: 2
57884,krazzzzysam,https://t.me/krazzzzysam,Link,2023-12-10T16:02:39+00:00,,,
57883,krazzzzysam,https://t.me/krazzzzysam,"<NRP> movie download nhi hoti bahut dhire dhire hoti h 
Or animal movie <PERSON> doge",2023-12-10T16:01:34+00:00,,,
57882,krazzzzysam,https://t.me/krazzzzysam,𝔻𝕟𝕤 𝕠𝕡𝕤𝕚𝕟 𝕟𝕙𝕚 𝕙𝕒𝕚 𝕤𝕖𝕣,2023-12-10T15:58:01+00:00,,,
57881,krazzzzysam,https://t.me/krazzzzysam,𝕂𝕒𝕚𝕤𝕖 𝕕𝕙𝕖𝕜𝕖,2023-12-10T15:57:28+00:00,,,
57880,krazzzzysam,https://t.me/krazzzzysam,Hillo,2023-12-10T15:56:55+00:00,,,
57878,krazzzzysam,https://t.me/krazzzzysam,<PERSON> 𝕕𝕖𝕜𝕙𝕖 𝕜𝕒𝕚𝕤𝕖,2023-12-10T15:52:03+00:00,,,
57877,krazzzzysam,https://t.me/krazzzzysam,𝙰,2023-12-10T15:50:40+00:00,,,
