id,Channel ID,URL,message,date,views,forwards,reactions
478,krazzzzysam,https://t.me/krazzzzysam,"Amaπ!¢aπ P!e :- Bet@ Høu$e Movie Hindi Dubbed 480p and 720p Download link here 👇👇

  • 480p 👇
   https://ziplinker.net/ZJV50Gp

  • 720p 👇
   https://ziplinker.net/X03UZ
_ _ _ _ _ _ _ _ _ _ _ _ _ _ _ _ _ _ _ _ _ _ _ _ _ _ _ _ 

Movie ke bare me iss reel me btaya <PERSON>

https://www.instagram.com/reel/C1M3_rdPuNK/?igsh=MW9jcGplMzRnZDBsMQ==

                       ⚠️ IMPORTANT ⚠️

• Jisko Download Karne Mai Problem Ho wo ye
   wali video dekhlo 👇👇

https://t.me/KrazzzzySam/471

agr ad blocker show <PERSON> to phone ki settings me jakr private DNS off <PERSON> download <PERSON>",2023-12-23T16:00:38+00:00,342583.0,1238.0,"👍: 492, ❤: 45, 😁: 21, 👎: 17, 🥰: 13, 🔥: 12, 🤯: 10, 👏: 8, 👌: 6, 😱: 3"
80481,krazzzzysam,https://t.me/krazzzzysam,Lights outs in hindi,2024-04-17T19:21:26+00:00,,,
80437,krazzzzysam,https://t.me/krazzzzysam,Heyyyy,2024-04-17T10:06:14+00:00,,,
80424,krazzzzysam,https://t.me/krazzzzysam,Queen of tears kdrama Hindi me,2024-04-17T06:34:47+00:00,,,
80400,krazzzzysam,https://t.me/krazzzzysam,You're supposed to say three in hindi,2024-04-16T18:40:52+00:00,,,
77438,krazzzzysam,https://t.me/krazzzzysam,Hi,2024-03-26T01:16:34+00:00,,,
73544,krazzzzysam,https://t.me/krazzzzysam,Hyy,2024-02-26T15:10:46+00:00,,,
73221,krazzzzysam,https://t.me/krazzzzysam,Hi,2024-02-21T07:49:45+00:00,,,
72572,krazzzzysam,https://t.me/krazzzzysam,चल नही रहा,2024-02-15T11:58:04+00:00,,,
69626,krazzzzysam,https://t.me/krazzzzysam,"Hi
my friend
<PERSON> me movies / Web series /  TV shows  download <PERSON> to join karo mere telegram channel ko

Telegram channel name :  Tlsbro 
Link ⬇️

https://t.me/+5lkJC4v3gMM2Yjc9",2024-01-29T15:47:58+00:00,,,
66744,krazzzzysam,https://t.me/krazzzzysam,Bhai new movie dalo na please kuch <PERSON> he <PERSON> ho chuka huu,2024-01-16T17:16:19+00:00,,,
63829,krazzzzysam,https://t.me/krazzzzysam,Animal movie,2024-01-05T05:02:34+00:00,,,
63574,krazzzzysam,https://t.me/krazzzzysam,<PERSON> all path,2024-01-03T15:23:09+00:00,,,
63173,krazzzzysam,https://t.me/krazzzzysam,"Request for any movie here 👇

https://t.me/flixzzzUPofficial
https://t.me/flixzzzUPofficial
https://t.me/flixzzzUPofficial",2024-01-01T13:58:11+00:00,,,
63157,krazzzzysam,https://t.me/krazzzzysam,<PERSON>. the rise of cobra movie chahiye  link bhej do,2024-01-01T11:02:09+00:00,,,
63156,krazzzzysam,https://t.me/krazzzzysam,<PERSON>. the rise of cobra movie chahiye  link bhej do,2024-01-01T11:02:05+00:00,,,
63155,krazzzzysam,https://t.me/krazzzzysam,<PERSON>. the rise of cobra movie chahiye  link bhej do,2024-01-01T11:02:02+00:00,,,
63154,krazzzzysam,https://t.me/krazzzzysam,<PERSON>. the rise of cobra movie chahiye  link bhej do,2024-01-01T11:01:59+00:00,,,
63153,krazzzzysam,https://t.me/krazzzzysam,<PERSON>. the rise of cobra movie chahiye  link bhej do,2024-01-01T11:01:56+00:00,,,
63152,krazzzzysam,https://t.me/krazzzzysam,<PERSON>. the rise of <PERSON> pass  link chahiye bhej do,2024-01-01T11:01:31+00:00,,,
62890,krazzzzysam,https://t.me/krazzzzysam,"Bhai full movie <PERSON> dubbed👇 me available he 👇
Sexy movies available💦💦💦
https://t.me/movieflixzzzORG
https://t.me/movieflixzzzORG
https://t.me/movieflixzzzORG",2023-12-31T07:43:37+00:00,,,
62889,krazzzzysam,https://t.me/krazzzzysam,"Bhai full movie <PERSON> dubbed👇 me available he 👇
Sexy movies available💦💦💦
https://t.me/movieflixzzzORG
https://t.me/movieflixzzzORG
https://t.me/movieflixzzzORG",2023-12-31T07:43:37+00:00,,,
62800,krazzzzysam,https://t.me/krazzzzysam,Link bhaj do,2023-12-30T22:55:17+00:00,,,
62799,krazzzzysam,https://t.me/krazzzzysam,<PERSON>,2023-12-30T22:55:06+00:00,,,
62798,krazzzzysam,https://t.me/krazzzzysam,"<PERSON> 0 
    
 Movie chahiye bhai",2023-12-30T22:54:59+00:00,,,
62598,krazzzzysam,https://t.me/krazzzzysam,Thanks 👍,2023-12-30T03:37:42+00:00,,,
62437,krazzzzysam,https://t.me/krazzzzysam,"Bhai full movie <PERSON> dubbed👇 me available he 👇

https://t.me/movieflixzzzORG
https://t.me/movieflixzzzORG
https://t.me/movieflixzzzORG",2023-12-29T04:30:52+00:00,,,
62425,krazzzzysam,https://t.me/krazzzzysam,<PERSON>,2023-12-29T04:09:53+00:00,,,
62424,krazzzzysam,https://t.me/krazzzzysam,<PERSON>,2023-12-29T04:09:49+00:00,,,
62423,krazzzzysam,https://t.me/krazzzzysam,<PERSON>,2023-12-29T04:09:43+00:00,,,
62422,krazzzzysam,https://t.me/krazzzzysam,<PERSON>,2023-12-29T04:02:55+00:00,,,
62421,krazzzzysam,https://t.me/krazzzzysam,<PERSON>,2023-12-29T04:02:47+00:00,,,
62419,krazzzzysam,https://t.me/krazzzzysam,<PERSON>,2023-12-29T04:01:14+00:00,,,
62418,krazzzzysam,https://t.me/krazzzzysam,<PERSON>,2023-12-29T04:01:04+00:00,,,
62417,krazzzzysam,https://t.me/krazzzzysam,<PERSON>,2023-12-29T04:00:55+00:00,,,
62416,krazzzzysam,https://t.me/krazzzzysam,<PERSON>,2023-12-29T04:00:29+00:00,,,
62415,krazzzzysam,https://t.me/krazzzzysam,<PERSON>,2023-12-29T04:00:21+00:00,,,
62414,krazzzzysam,https://t.me/krazzzzysam,<PERSON>,2023-12-29T04:00:16+00:00,,,
62413,krazzzzysam,https://t.me/krazzzzysam,<PERSON>,2023-12-29T04:00:07+00:00,,,
62412,krazzzzysam,https://t.me/krazzzzysam,<PERSON>,2023-12-29T04:00:00+00:00,,,
62411,krazzzzysam,https://t.me/krazzzzysam,"<PERSON>
 https://t.me/KING_OF_MOVIE_WORLD",2023-12-29T03:59:04+00:00,,,
62410,krazzzzysam,https://t.me/krazzzzysam,<PERSON>,2023-12-29T03:58:58+00:00,,,
62409,krazzzzysam,https://t.me/krazzzzysam,<PERSON>,2023-12-29T03:58:51+00:00,,,
62408,krazzzzysam,https://t.me/krazzzzysam,<PERSON>,2023-12-29T03:58:46+00:00,,,
62218,krazzzzysam,https://t.me/krazzzzysam,"Bhai full movie <PERSON> dubbed👇 me available he 👇

https://t.me/movieflixzzzORG
https://t.me/movieflixzzzORG
https://t.me/movieflixzzzORG",2023-12-28T07:00:06+00:00,,,
62134,krazzzzysam,https://t.me/krazzzzysam,Thank u bro thanks a lot,2023-12-28T02:25:15+00:00,,,
62132,krazzzzysam,https://t.me/krazzzzysam,Bro please please share all episode,2023-12-28T01:56:02+00:00,,,
62051,krazzzzysam,https://t.me/krazzzzysam,"Bhai full movie <PERSON> dubbed👇 me available he 👇

https://t.me/movieflixzzzORG
https://t.me/movieflixzzzORG
https://t.me/movieflixzzzORG",2023-12-27T13:56:47+00:00,,,
62019,krazzzzysam,https://t.me/krazzzzysam,Hii,2023-12-27T09:28:19+00:00,,,
62018,krazzzzysam,https://t.me/krazzzzysam,Bhai like <PERSON> open hori hai,2023-12-27T09:25:11+00:00,,,
61904,krazzzzysam,https://t.me/krazzzzysam,"Bhai full movie <PERSON> dubbed👇 me available he 👇
Terabox link🔗👇
https://t.me/movieflixzzzORG
https://t.me/movieflixzzzORG
https://t.me/movieflixzzzORG",2023-12-26T17:33:16+00:00,,,
61868,krazzzzysam,https://t.me/krazzzzysam,,2023-12-26T16:51:24+00:00,,,
61866,krazzzzysam,https://t.me/krazzzzysam,"Bhai full movie <PERSON> dubbed👇 me available he 👇
Terabox link🔗👇
https://t.me/movieflixzzzORG
https://t.me/movieflixzzzORG
https://t.me/movieflixzzzORG",2023-12-26T16:49:38+00:00,,,
61865,krazzzzysam,https://t.me/krazzzzysam,"Bhai full movie <PERSON> dubbed👇 me available he 👇
Terabox link🔗👇
https://t.me/movieflixzzzORG
https://t.me/movieflixzzzORG
https://t.me/movieflixzzzORG",2023-12-26T16:49:28+00:00,,,
61864,krazzzzysam,https://t.me/krazzzzysam,"Bhai full movie <PERSON> dubbed👇 me available he 👇
Terabox link🔗👇
https://t.me/movieflixzzzORG
https://t.me/movieflixzzzORG
https://t.me/movieflixzzzORG",2023-12-26T16:49:24+00:00,,,
61863,krazzzzysam,https://t.me/krazzzzysam,"Bhai full movie <PERSON> dubbed👇 me available he 👇
Terabox link🔗👇
https://t.me/movieflixzzzORG
https://t.me/movieflixzzzORG
https://t.me/movieflixzzzORG",2023-12-26T16:49:18+00:00,,,
61862,krazzzzysam,https://t.me/krazzzzysam,"Bhai full movie <PERSON> dubbed👇 me available he 👇
Terabox link🔗👇
https://t.me/movieflixzzzORG
https://t.me/movieflixzzzORG
https://t.me/movieflixzzzORG",2023-12-26T16:49:13+00:00,,,
61822,krazzzzysam,https://t.me/krazzzzysam,<NRP> pie all movies part in Hindi,2023-12-26T16:13:27+00:00,,,
61821,krazzzzysam,https://t.me/krazzzzysam,🎼<NRP> Movie <PERSON>,2023-12-26T16:10:05+00:00,,,
61820,krazzzzysam,https://t.me/krazzzzysam,Sex movie,2023-12-26T16:09:15+00:00,,,
61815,krazzzzysam,https://t.me/krazzzzysam,<DATE_TIME> movie,2023-12-26T15:42:08+00:00,,,
61805,krazzzzysam,https://t.me/krazzzzysam,Satia param <PERSON> movie,2023-12-26T15:19:44+00:00,,,
61796,krazzzzysam,https://t.me/krazzzzysam,"Bhai full movie <PERSON> dubbed👇 me available he 👇
Terabox link🔗👇
https://t.me/movieflixzzzORG
https://t.me/movieflixzzzORG
https://t.me/movieflixzzzORG",2023-12-26T14:14:56+00:00,,,
61795,krazzzzysam,https://t.me/krazzzzysam,"Bhai full movie <PERSON> dubbed👇 me available he 👇
https://t.me/movieflixzzzORG
https://t.me/movieflixzzzORG
https://t.me/movieflixzzzORG",2023-12-26T14:14:43+00:00,,,
61794,krazzzzysam,https://t.me/krazzzzysam,"Bhai full movie <PERSON> dubbed👇 me available he 👇
https://t.me/movieflixzzzORG
https://t.me/movieflixzzzORG
https://t.me/movieflixzzzORG",2023-12-26T14:14:33+00:00,,,
61793,krazzzzysam,https://t.me/krazzzzysam,Bhai link tarabox <PERSON>,2023-12-26T14:13:45+00:00,,,
61782,krazzzzysam,https://t.me/krazzzzysam,<PERSON> do <PERSON>,2023-12-26T14:01:23+00:00,,,
61781,krazzzzysam,https://t.me/krazzzzysam,<PERSON> massage karo mai dunga movie,2023-12-26T14:00:45+00:00,,,
61780,krazzzzysam,https://t.me/krazzzzysam,<PERSON> or salar movie ka link do na,2023-12-26T14:00:11+00:00,,,👍: 1
61775,krazzzzysam,https://t.me/krazzzzysam,,2023-12-26T12:44:24+00:00,,,
61760,krazzzzysam,https://t.me/krazzzzysam,"Bhai full movie <PERSON> dubbed👇 me available he 👇
https://t.me/movieflixzzzORG
https://t.me/movieflixzzzORG
https://t.me/movieflixzzzORG",2023-12-26T11:50:44+00:00,,,
61759,krazzzzysam,https://t.me/krazzzzysam,"Bhai full movie <PERSON> dubbed👇 me available he 👇
https://t.me/movieflixzzzORG
https://t.me/movieflixzzzORG
https://t.me/movieflixzzzORG",2023-12-26T11:50:44+00:00,,,
61758,krazzzzysam,https://t.me/krazzzzysam,"Bhai full movie <PERSON> dubbed👇 me available he 👇
https://t.me/movieflixzzzORG
https://t.me/movieflixzzzORG
https://t.me/movieflixzzzORG",2023-12-26T11:50:44+00:00,,,
61757,krazzzzysam,https://t.me/krazzzzysam,"Bhai full movie <PERSON> dubbed👇 me available he 👇
https://t.me/movieflixzzzORG
https://t.me/movieflixzzzORG
https://t.me/movieflixzzzORG",2023-12-26T11:50:44+00:00,,,
61756,krazzzzysam,https://t.me/krazzzzysam,Movi download  <PERSON>  Karen hi,2023-12-26T11:50:30+00:00,,,
61755,krazzzzysam,https://t.me/krazzzzysam,"Bhai full movie <PERSON> dubbed👇 me available he 👇
https://t.me/movieflixzzzORG
https://t.me/movieflixzzzORG
https://t.me/movieflixzzzORG",2023-12-26T11:46:14+00:00,,,
61754,krazzzzysam,https://t.me/krazzzzysam,"Bhai full movie <PERSON> dubbed👇 me available he 👇
https://t.me/movieflixzzzORG
https://t.me/movieflixzzzORG
https://t.me/movieflixzzzORG",2023-12-26T11:46:09+00:00,,,
61753,krazzzzysam,https://t.me/krazzzzysam,"Bhai full movie <PERSON> dubbed👇 me available he 👇
https://t.me/movieflixzzzORG
https://t.me/movieflixzzzORG
https://t.me/movieflixzzzORG",2023-12-26T11:46:02+00:00,,,
61752,krazzzzysam,https://t.me/krazzzzysam,"Bhai full movie <PERSON> dubbed👇 me available he 👇
https://t.me/movieflixzzzORG
https://t.me/movieflixzzzORG
https://t.me/movieflixzzzORG",2023-12-26T11:45:51+00:00,,,
61751,krazzzzysam,https://t.me/krazzzzysam,"Bhai full movie <PERSON> dubbed👇 me available he 👇
https://t.me/movieflixzzzORG
https://t.me/movieflixzzzORG
https://t.me/movieflixzzzORG",2023-12-26T11:45:42+00:00,,,
61742,krazzzzysam,https://t.me/krazzzzysam,<PERSON>,2023-12-26T10:34:16+00:00,,,
61741,krazzzzysam,https://t.me/krazzzzysam,Sexy movie,2023-12-26T10:33:36+00:00,,,
61731,krazzzzysam,https://t.me/krazzzzysam,<PERSON> sexy movie,2023-12-26T09:28:46+00:00,,,
61721,krazzzzysam,https://t.me/krazzzzysam,<NRP> movie <PERSON> maza aa gaya 😂😂😂,2023-12-26T05:59:56+00:00,,,
61715,krazzzzysam,https://t.me/krazzzzysam,<PERSON> movies chahiye toh personally massage <PERSON>...👍,2023-12-26T05:42:51+00:00,,,
61711,krazzzzysam,https://t.me/krazzzzysam,Hlo,2023-12-26T05:35:41+00:00,,,
61706,krazzzzysam,https://t.me/krazzzzysam,<PERSON>,2023-12-26T05:10:40+00:00,,,
61705,krazzzzysam,https://t.me/krazzzzysam,Me join ho chanel me,2023-12-26T05:10:38+00:00,,,
61700,krazzzzysam,https://t.me/krazzzzysam,<PERSON> premium <PERSON> is <PERSON> join <PERSON>,2023-12-26T04:49:09+00:00,,,
61696,krazzzzysam,https://t.me/krazzzzysam,<PERSON> massage karo mai de dunga,2023-12-26T04:35:01+00:00,,,
61695,krazzzzysam,https://t.me/krazzzzysam,<PERSON> sweety,2023-12-26T04:34:35+00:00,,,
61694,krazzzzysam,https://t.me/krazzzzysam,Dm me for movie,2023-12-26T04:05:17+00:00,,,
61693,krazzzzysam,https://t.me/krazzzzysam,Sex world,2023-12-26T04:01:06+00:00,,,
61690,krazzzzysam,https://t.me/krazzzzysam,Hi,2023-12-26T02:00:41+00:00,,,
61684,krazzzzysam,https://t.me/krazzzzysam,<NRP> pie movie ki link send kro,2023-12-25T20:03:43+00:00,,,
61677,krazzzzysam,https://t.me/krazzzzysam,<PERSON> kro,2023-12-25T18:21:30+00:00,,,
61675,krazzzzysam,https://t.me/krazzzzysam,,2023-12-25T18:20:12+00:00,,,
61673,krazzzzysam,https://t.me/krazzzzysam,Hi,2023-12-25T17:53:48+00:00,,,
61669,krazzzzysam,https://t.me/krazzzzysam,Hlo,2023-12-25T17:24:50+00:00,,,
61668,krazzzzysam,https://t.me/krazzzzysam,<PERSON> and <PERSON> in Hindi,2023-12-25T17:23:31+00:00,,,
61654,krazzzzysam,https://t.me/krazzzzysam,Hlo,2023-12-25T17:05:09+00:00,,,
61634,krazzzzysam,https://t.me/krazzzzysam,Dunki movie,2023-12-25T15:28:16+00:00,,,
61630,krazzzzysam,https://t.me/krazzzzysam,Hii,2023-12-25T14:32:06+00:00,,,
61624,krazzzzysam,https://t.me/krazzzzysam,Hi,2023-12-25T14:21:08+00:00,,,
61616,krazzzzysam,https://t.me/krazzzzysam,<PERSON>,2023-12-25T13:30:14+00:00,,,
61615,krazzzzysam,https://t.me/krazzzzysam,<PERSON>,2023-12-25T13:29:55+00:00,,,
61614,krazzzzysam,https://t.me/krazzzzysam,<PERSON>,2023-12-25T13:29:42+00:00,,,
61613,krazzzzysam,https://t.me/krazzzzysam,Movie adults,2023-12-25T13:27:14+00:00,,,
61609,krazzzzysam,https://t.me/krazzzzysam,<PERSON> main to <PERSON> telegram <PERSON>,2023-12-25T13:14:05+00:00,,,
61608,krazzzzysam,https://t.me/krazzzzysam,https://t.me/movie_time66/134,2023-12-25T13:13:53+00:00,,,
61607,krazzzzysam,https://t.me/krazzzzysam,<PERSON> waha se download <PERSON>,2023-12-25T13:12:59+00:00,,,
61606,krazzzzysam,https://t.me/krazzzzysam,<PERSON> download <PERSON> to <PERSON>,2023-12-25T13:07:31+00:00,,,
61601,krazzzzysam,https://t.me/krazzzzysam,Bom bam ✨🫶🏻❣️,2023-12-25T12:58:52+00:00,,,
61600,krazzzzysam,https://t.me/krazzzzysam,,2023-12-25T12:58:42+00:00,,,👍: 1
61599,krazzzzysam,https://t.me/krazzzzysam,Old school movie upload <PERSON> do sir <PERSON> me,2023-12-25T12:33:36+00:00,,,
61596,krazzzzysam,https://t.me/krazzzzysam,"Bhai full movie <PERSON> dubbed👇 me available he 👇
https://t.me/movieflixzzzORG
https://t.me/movieflixzzzORG
https://t.me/movieflixzzzORG",2023-12-25T12:16:54+00:00,,,
61595,krazzzzysam,https://t.me/krazzzzysam,"Bhai full movie <PERSON> dubbed👇 me available he 👇
https://t.me/movieflixzzzORG
https://t.me/movieflixzzzORG
https://t.me/movieflixzzzORG",2023-12-25T12:16:45+00:00,,,
61594,krazzzzysam,https://t.me/krazzzzysam,"Bhai full movie <PERSON> dubbed👇 me available he 👇
https://t.me/movieflixzzzORG
https://t.me/movieflixzzzORG
https://t.me/movieflixzzzORG",2023-12-25T12:16:32+00:00,,,
61593,krazzzzysam,https://t.me/krazzzzysam,"Bhai full movie <PERSON> dubbed👇 me available he 👇
https://t.me/movieflixzzzORG
https://t.me/movieflixzzzORG
https://t.me/movieflixzzzORG",2023-12-25T12:16:24+00:00,,,
61592,krazzzzysam,https://t.me/krazzzzysam,"<PERSON> join Karo mere chennal pe bahut sari dali h 
https://t.me/movie_time66",2023-12-25T12:16:01+00:00,,,
61591,krazzzzysam,https://t.me/krazzzzysam,<PERSON> hi Or movie <PERSON>😁<PERSON> me😅,2023-12-25T12:05:59+00:00,,,
61574,krazzzzysam,https://t.me/krazzzzysam,Download <PERSON>,2023-12-25T10:43:15+00:00,,,
61571,krazzzzysam,https://t.me/krazzzzysam,https://www.instagram.com/reel/C1RasCkrdf1/?igsh=MzRlODBiNWFlZA==,2023-12-25T10:25:15+00:00,,,
61536,krazzzzysam,https://t.me/krazzzzysam,A movie chahiye mujhe,2023-12-25T09:23:40+00:00,,,
61535,krazzzzysam,https://t.me/krazzzzysam,https://gplinks.co/LYz9as,2023-12-25T09:22:48+00:00,,,
61533,krazzzzysam,https://t.me/krazzzzysam,https://t.me/salaar_hindi_full_movie_hd,2023-12-25T09:02:46+00:00,,,
61526,krazzzzysam,https://t.me/krazzzzysam,Bhai flames ka link bag do,2023-12-25T08:44:17+00:00,,,
61513,krazzzzysam,https://t.me/krazzzzysam,"Bhai full movie <PERSON> dubbed👇 me available he 👇
https://t.me/movieflixzzzORG
https://t.me/movieflixzzzORG
https://t.me/movieflixzzzORG",2023-12-25T08:33:43+00:00,,,
61512,krazzzzysam,https://t.me/krazzzzysam,"Bhai full movie <PERSON> dubbed👇 me available he 👇
https://t.me/movieflixzzzORG
https://t.me/movieflixzzzORG
https://t.me/movieflixzzzORG",2023-12-25T08:33:39+00:00,,,
61511,krazzzzysam,https://t.me/krazzzzysam,"Bhai full movie <PERSON> dubbed👇 me available he 👇
https://t.me/movieflixzzzORG
https://t.me/movieflixzzzORG
https://t.me/movieflixzzzORG",2023-12-25T08:33:31+00:00,,,
61510,krazzzzysam,https://t.me/krazzzzysam,"Bhai full movie <PERSON> dubbed👇 me available he 👇
https://t.me/movieflixzzzORG
https://t.me/movieflixzzzORG
https://t.me/movieflixzzzORG",2023-12-25T08:33:26+00:00,,,
61509,krazzzzysam,https://t.me/krazzzzysam,"Bhai full movie <PERSON> dubbed👇 me available he 👇
https://t.me/movieflixzzzORG
https://t.me/movieflixzzzORG
https://t.me/movieflixzzzORG",2023-12-25T08:33:21+00:00,,,
61508,krazzzzysam,https://t.me/krazzzzysam,<PERSON> me <PERSON>,2023-12-25T08:33:16+00:00,,,
61507,krazzzzysam,https://t.me/krazzzzysam,"Bhai full movie <PERSON> dubbed👇 me available he 👇
https://t.me/movieflixzzzORG
https://t.me/movieflixzzzORG
https://t.me/movieflixzzzORG",2023-12-25T08:32:52+00:00,,,
61506,krazzzzysam,https://t.me/krazzzzysam,"Bhai full movie <PERSON> dubbed👇 me available he 👇
https://t.me/movieflixzzzORG
https://t.me/movieflixzzzORG
https://t.me/movieflixzzzORG",2023-12-25T08:32:40+00:00,,,
61505,krazzzzysam,https://t.me/krazzzzysam,"Bhai full movie <PERSON> dubbed👇 me available he 👇
https://t.me/movieflixzzzORG
https://t.me/movieflixzzzORG
https://t.me/movieflixzzzORG",2023-12-25T08:32:35+00:00,,,
61504,krazzzzysam,https://t.me/krazzzzysam,"Bhai full movie <PERSON> dubbed👇 me available he 👇
https://t.me/movieflixzzzORG
https://t.me/movieflixzzzORG
https://t.me/movieflixzzzORG",2023-12-25T08:32:30+00:00,,,
61503,krazzzzysam,https://t.me/krazzzzysam,"Bhai full movie <PERSON> dubbed👇 me available he 👇
https://t.me/movieflixzzzORG
https://t.me/movieflixzzzORG
https://t.me/movieflixzzzORG",2023-12-25T08:32:26+00:00,,,
61502,krazzzzysam,https://t.me/krazzzzysam,"Bhai full movie <PERSON> dubbed👇 me available he 👇
https://t.me/movieflixzzzORG
https://t.me/movieflixzzzORG
https://t.me/movieflixzzzORG",2023-12-25T08:32:04+00:00,,,
61501,krazzzzysam,https://t.me/krazzzzysam,"Bhai full movie <PERSON> dubbed👇 me available he 👇 free free free 
https://t.me/movieflixzzzORG
https://t.me/movieflixzzzORG
https://t.me/movieflixzzzORG",2023-12-25T08:31:53+00:00,,,
61500,krazzzzysam,https://t.me/krazzzzysam,https://t.me/salaar_hindi_full_movie_hd,2023-12-25T08:31:43+00:00,,,
61499,krazzzzysam,https://t.me/krazzzzysam,"Bhai full movie <PERSON> dubbed👇 me available he 👇
https://t.me/movieflixzzzORG
https://t.me/movieflixzzzORG
https://t.me/movieflixzzzORG",2023-12-25T08:31:37+00:00,,,
61498,krazzzzysam,https://t.me/krazzzzysam,https://t.me/salaar_hindi_full_movie_hd,2023-12-25T08:31:32+00:00,,,
61497,krazzzzysam,https://t.me/krazzzzysam,"Bhai all movies working link <PERSON> dubbed👇 me available he 👇
https://t.me/movieflixzzzORG
https://t.me/movieflixzzzORG
https://t.me/movieflixzzzORG",2023-12-25T08:31:12+00:00,,,
61496,krazzzzysam,https://t.me/krazzzzysam,https://t.me/salaar_hindi_full_movie_hd,2023-12-25T08:31:00+00:00,,,
61489,krazzzzysam,https://t.me/krazzzzysam,Legend of the blue sea Hindi kd,2023-12-25T07:44:01+00:00,,,
61477,krazzzzysam,https://t.me/krazzzzysam,She,2023-12-25T07:10:16+00:00,,,
61476,krazzzzysam,https://t.me/krazzzzysam,"Join my chanel and download newly uploaded 18+ web series 

Join fast- https://t.me/+yvlXbOyNQlhjY2Y9",2023-12-25T07:08:36+00:00,,,
61471,krazzzzysam,https://t.me/krazzzzysam,I will give you movies,2023-12-25T06:30:07+00:00,,,
61470,krazzzzysam,https://t.me/krazzzzysam,DM me,2023-12-25T06:29:32+00:00,,,
61467,krazzzzysam,https://t.me/krazzzzysam,<PERSON> par sent <PERSON> movie <PERSON>,2023-12-25T06:04:08+00:00,,,
61466,krazzzzysam,https://t.me/krazzzzysam,Hi,2023-12-25T05:55:22+00:00,,,
61465,krazzzzysam,https://t.me/krazzzzysam,<PERSON> movie <PERSON> dubbed m download link sand <PERSON> do Hard Feelings,2023-12-25T05:49:06+00:00,,,
61464,krazzzzysam,https://t.me/krazzzzysam,Xxx,2023-12-25T05:46:57+00:00,,,
61463,krazzzzysam,https://t.me/krazzzzysam,<PERSON> app <PERSON>,2023-12-25T05:29:09+00:00,,,
61462,krazzzzysam,https://t.me/krazzzzysam,"<PERSON> 
Is movie <PERSON>Banate Ho use app <PERSON> please <PERSON>",2023-12-25T05:28:04+00:00,,,
61452,krazzzzysam,https://t.me/krazzzzysam,guns gulabo,2023-12-25T05:04:36+00:00,,,
61450,krazzzzysam,https://t.me/krazzzzysam,<NRP> dalta hu,2023-12-25T04:58:11+00:00,,,
61449,krazzzzysam,https://t.me/krazzzzysam,Kr diya,2023-12-25T04:56:50+00:00,,,
61447,krazzzzysam,https://t.me/krazzzzysam,Hi,2023-12-25T04:29:22+00:00,,,
61446,krazzzzysam,https://t.me/krazzzzysam,Ok mill jaygi,2023-12-25T03:56:50+00:00,,,
61445,krazzzzysam,https://t.me/krazzzzysam,<PERSON> join <PERSON> me <PERSON>https://t.me/movie_time66,2023-12-25T03:55:53+00:00,,,
61444,krazzzzysam,https://t.me/krazzzzysam,Broo naruto movies do <PERSON> please,2023-12-25T03:45:29+00:00,,,❤: 1
61443,krazzzzysam,https://t.me/krazzzzysam,<PERSON> massage karo,2023-12-25T03:20:58+00:00,,,
61441,krazzzzysam,https://t.me/krazzzzysam,Koi amirca pie beta house please mhuje is move ka link <PERSON>,2023-12-25T02:53:30+00:00,,,
61440,krazzzzysam,https://t.me/krazzzzysam,Jeo movie send,2023-12-25T02:52:45+00:00,,,
61439,krazzzzysam,https://t.me/krazzzzysam,Ya movie bhaj bhai,2023-12-25T02:45:53+00:00,,,
61436,krazzzzysam,https://t.me/krazzzzysam,<PERSON> download hi ni <PERSON> chal Raha he only ye kya he,2023-12-25T02:19:12+00:00,,,
61425,krazzzzysam,https://t.me/krazzzzysam,https://t.me/+luV-akN5cvtkZTg1,2023-12-24T19:16:55+00:00,,,
61424,krazzzzysam,https://t.me/krazzzzysam,https://t.me/+luV-akN5cvtkZTg1,2023-12-24T19:09:15+00:00,,,
61417,krazzzzysam,https://t.me/krazzzzysam,,2023-12-24T17:59:52+00:00,,,
61416,krazzzzysam,https://t.me/krazzzzysam,<PERSON> ye movie <PERSON> sweet I gave him 100 repees,2023-12-24T17:59:40+00:00,,,
61399,krazzzzysam,https://t.me/krazzzzysam,<PERSON> tumhare channel pr join,2023-12-24T17:22:53+00:00,,,👍: 1
61398,krazzzzysam,https://t.me/krazzzzysam,"Bhai mere chennal pe dekh lo
https://t.me/movie_time66",2023-12-24T17:20:39+00:00,,,
61397,krazzzzysam,https://t.me/krazzzzysam,<PERSON> movie ek bar pr bhej do,2023-12-24T17:20:17+00:00,,,
61381,krazzzzysam,https://t.me/krazzzzysam,Past in present,2023-12-24T16:43:28+00:00,,,
61376,krazzzzysam,https://t.me/krazzzzysam,<PERSON> movie chahiye ho to mujhe message kro,2023-12-24T16:33:51+00:00,,,
61374,krazzzzysam,https://t.me/krazzzzysam,Hii,2023-12-24T16:33:17+00:00,,,
61322,krazzzzysam,https://t.me/krazzzzysam,"Bhai all movies working link <PERSON> dubbed👇 me available he 👇
https://t.me/movieflixzzzORG
https://t.me/movieflixzzzORG
https://t.me/movieflixzzzORG",2023-12-24T13:50:58+00:00,,,
61321,krazzzzysam,https://t.me/krazzzzysam,"Bhai all movies working link <PERSON> dubbed👇 me available he 👇
https://t.me/movieflixzzzORG
https://t.me/movieflixzzzORG
https://t.me/movieflixzzzORG",2023-12-24T13:50:54+00:00,,,
61320,krazzzzysam,https://t.me/krazzzzysam,"Bhai all movies working link <PERSON> dubbed👇 me available he 👇
https://t.me/movieflixzzzORG
https://t.me/movieflixzzzORG
https://t.me/movieflixzzzORG",2023-12-24T13:50:49+00:00,,,
61319,krazzzzysam,https://t.me/krazzzzysam,"Bhai all movies working link <PERSON> dubbed👇 me available he 👇
https://t.me/movieflixzzzORG
https://t.me/movieflixzzzORG
https://t.me/movieflixzzzORG",2023-12-24T13:50:40+00:00,,,
61318,krazzzzysam,https://t.me/krazzzzysam,"Bhai all movies working link <PERSON> dubbed👇 me available he 👇
https://t.me/movieflixzzzORG
https://t.me/movieflixzzzORG
https://t.me/movieflixzzzORG",2023-12-24T13:50:30+00:00,,,
61317,krazzzzysam,https://t.me/krazzzzysam,"Bhai all movies working link <PERSON> dubbed👇 me available he 👇
https://t.me/movieflixzzzORG
https://t.me/movieflixzzzORG
https://t.me/movieflixzzzORG",2023-12-24T13:50:24+00:00,,,
61316,krazzzzysam,https://t.me/krazzzzysam,"Bhai all movies working link <PERSON> dubbed👇 me available he 👇
https://t.me/movieflixzzzORG
https://t.me/movieflixzzzORG
https://t.me/movieflixzzzORG",2023-12-24T13:50:18+00:00,,,
61315,krazzzzysam,https://t.me/krazzzzysam,"Bhai all movies working link <PERSON> dubbed👇 me available he 👇
https://t.me/movieflixzzzORG
https://t.me/movieflixzzzORG
https://t.me/movieflixzzzORG",2023-12-24T13:50:12+00:00,,,
61314,krazzzzysam,https://t.me/krazzzzysam,"Bhai all movies working link <PERSON> dubbed👇 me available he 👇
https://t.me/movieflixzzzORG
https://t.me/movieflixzzzORG
https://t.me/movieflixzzzORG",2023-12-24T13:50:06+00:00,,,
61313,krazzzzysam,https://t.me/krazzzzysam,"Bhai all movies working link <PERSON> dubbed👇 me available he 👇 sexy 👙👠💋 movie 🔞🔞🔞
https://t.me/movieflixzzzORG
https://t.me/movieflixzzzORG
https://t.me/movieflixzzzORG",2023-12-24T13:49:54+00:00,,,
61312,krazzzzysam,https://t.me/krazzzzysam,"Bhai all movies working link <PERSON> dubbed👇 me available he 👇
https://t.me/movieflixzzzORG
https://t.me/movieflixzzzORG
https://t.me/movieflixzzzORG",2023-12-24T13:49:36+00:00,,,
61311,krazzzzysam,https://t.me/krazzzzysam,"Bhai all movies working link <PERSON> dubbed👇 me available he 👇
https://t.me/movieflixzzzORG
https://t.me/movieflixzzzORG
https://t.me/movieflixzzzORG",2023-12-24T13:49:30+00:00,,,
61310,krazzzzysam,https://t.me/krazzzzysam,"Bhai all movies working link <PERSON> dubbed👇 me available he 👇
https://t.me/movieflixzzzORG
https://t.me/movieflixzzzORG
https://t.me/movieflixzzzORG",2023-12-24T13:49:26+00:00,,,
61309,krazzzzysam,https://t.me/krazzzzysam,"Bhai all movies working link <PERSON> dubbed👇 me available he 👇
https://t.me/movieflixzzzORG
https://t.me/movieflixzzzORG
https://t.me/movieflixzzzORG",2023-12-24T13:49:22+00:00,,,
61308,krazzzzysam,https://t.me/krazzzzysam,"Bhai all movies working link <PERSON> dubbed👇 me available he 👇
https://t.me/movieflixzzzORG
https://t.me/movieflixzzzORG
https://t.me/movieflixzzzORG",2023-12-24T13:49:15+00:00,,,
61307,krazzzzysam,https://t.me/krazzzzysam,"Bhai all movies working link <PERSON> dubbed👇 me available he 👇
https://t.me/movieflixzzzORG
https://t.me/movieflixzzzORG
https://t.me/movieflixzzzORG",2023-12-24T13:49:00+00:00,,,
61306,krazzzzysam,https://t.me/krazzzzysam,"Bhai all movies working link <PERSON> dubbed👇 me available he 👇
https://t.me/movieflixzzzORG
https://t.me/movieflixzzzORG
https://t.me/movieflixzzzORG",2023-12-24T13:48:57+00:00,,,
61305,krazzzzysam,https://t.me/krazzzzysam,"Bhai all movies working link <PERSON> dubbed👇 me available he 👇
https://t.me/movieflixzzzORG
https://t.me/movieflixzzzORG
https://t.me/movieflixzzzORG",2023-12-24T13:48:53+00:00,,,
61304,krazzzzysam,https://t.me/krazzzzysam,"Bhai all movies working link <PERSON> dubbed👇 me available he 👇
https://t.me/movieflixzzzORG
https://t.me/movieflixzzzORG
https://t.me/movieflixzzzORG",2023-12-24T13:48:46+00:00,,,
61303,krazzzzysam,https://t.me/krazzzzysam,https://t.me/movieflixzzzORG,2023-12-24T13:48:31+00:00,,,
61302,krazzzzysam,https://t.me/krazzzzysam,https://t.me/movieflixzzzORG,2023-12-24T13:48:24+00:00,,,
61301,krazzzzysam,https://t.me/krazzzzysam,https://t.me/movieflixzzzORG,2023-12-24T13:48:19+00:00,,,
61300,krazzzzysam,https://t.me/krazzzzysam,https://t.me/movieflixzzzORG,2023-12-24T13:48:14+00:00,,,
61299,krazzzzysam,https://t.me/krazzzzysam,https://t.me/movieflixzzzORG,2023-12-24T13:48:07+00:00,,,
61298,krazzzzysam,https://t.me/krazzzzysam,"Bhai all movies working link <PERSON> dubbed👇 me available he 👇
https://t.me/movieflixzzzORG
https://t.me/movieflixzzzORG
https://t.me/movieflixzzzORG",2023-12-24T13:48:02+00:00,,,
61274,krazzzzysam,https://t.me/krazzzzysam,<PERSON> ma link search <PERSON>,2023-12-24T10:55:14+00:00,,,
61258,krazzzzysam,https://t.me/krazzzzysam,Q bhai,2023-12-24T09:47:15+00:00,,,
61255,krazzzzysam,https://t.me/krazzzzysam,New koi nhi <PERSON> ye <PERSON>,2023-12-24T09:18:07+00:00,,,
61250,krazzzzysam,https://t.me/krazzzzysam,🫶🏻,2023-12-24T08:47:02+00:00,,,
61249,krazzzzysam,https://t.me/krazzzzysam,,2023-12-24T08:46:39+00:00,,,
61246,krazzzzysam,https://t.me/krazzzzysam,<PERSON> yah movie ka download link 🖇️ nhi da sakta,2023-12-24T08:09:11+00:00,,,
61238,krazzzzysam,https://t.me/krazzzzysam,Spartacus so1,2023-12-24T07:31:44+00:00,,,
61237,krazzzzysam,https://t.me/krazzzzysam,Hi,2023-12-24T06:38:30+00:00,,,
61236,krazzzzysam,https://t.me/krazzzzysam,Yes,2023-12-24T06:38:21+00:00,,,
61234,krazzzzysam,https://t.me/krazzzzysam,Hi,2023-12-24T06:20:24+00:00,,,
61229,krazzzzysam,https://t.me/krazzzzysam,<PERSON> diyea,2023-12-24T05:49:01+00:00,,,
61227,krazzzzysam,https://t.me/krazzzzysam,Spyderman movie in Hindi,2023-12-24T05:46:04+00:00,,,
61225,krazzzzysam,https://t.me/krazzzzysam,Is movie <PERSON> mere <PERSON>,2023-12-24T05:44:35+00:00,,,
61224,krazzzzysam,https://t.me/krazzzzysam,https://ziplinker.net/X03UZ,2023-12-24T05:44:18+00:00,,,
61223,krazzzzysam,https://t.me/krazzzzysam,Hiii,2023-12-24T05:44:17+00:00,,,
61220,krazzzzysam,https://t.me/krazzzzysam,https://t.me/+O9FYz2rLuYIwZGQ9,2023-12-24T05:40:02+00:00,,,
61202,krazzzzysam,https://t.me/krazzzzysam,Yes,2023-12-24T04:46:53+00:00,,,
61200,krazzzzysam,https://t.me/krazzzzysam,Movie,2023-12-24T04:20:03+00:00,,,
61199,krazzzzysam,https://t.me/krazzzzysam,<PERSON>,2023-12-24T04:19:59+00:00,,,
61196,krazzzzysam,https://t.me/krazzzzysam,Bro koi sex movie <PERSON> na <PERSON> dubbed,2023-12-24T04:00:36+00:00,,,
61191,krazzzzysam,https://t.me/krazzzzysam,Dry Day movie ka link dee doo plzz 🎬,2023-12-24T03:21:54+00:00,,,
61190,krazzzzysam,https://t.me/krazzzzysam,Dry Day movie ka link dee doo plzz,2023-12-24T03:20:41+00:00,,,
61189,krazzzzysam,https://t.me/krazzzzysam,<PERSON> wrong turn 5 part chahiye seng krdo brother,2023-12-24T01:47:50+00:00,,,
61188,krazzzzysam,https://t.me/krazzzzysam,Movie tohh.. chl hi nhii rhii.... hainn,2023-12-24T01:30:33+00:00,,,
61181,krazzzzysam,https://t.me/krazzzzysam,<PERSON> ye hi <PERSON> h app <PERSON> bad loading <PERSON> h <PERSON> play hi ni hoti movie,2023-12-23T20:30:28+00:00,,,
61180,krazzzzysam,https://t.me/krazzzzysam,Promo promo <PERSON>,2023-12-23T20:19:18+00:00,,,
61175,krazzzzysam,https://t.me/krazzzzysam,<PERSON>??,2023-12-23T19:25:01+00:00,,,
61154,krazzzzysam,https://t.me/krazzzzysam,<PERSON> send karo na,2023-12-23T18:12:17+00:00,,,
61150,krazzzzysam,https://t.me/krazzzzysam,Bhai ya movie send karo do,2023-12-23T18:04:33+00:00,,,
61148,krazzzzysam,https://t.me/krazzzzysam,<PERSON>👆,2023-12-23T17:50:58+00:00,,,
61147,krazzzzysam,https://t.me/krazzzzysam,,2023-12-23T17:50:40+00:00,,,🥴: 1
61146,krazzzzysam,https://t.me/krazzzzysam,Hmm,2023-12-23T17:35:55+00:00,,,👍: 2
61143,krazzzzysam,https://t.me/krazzzzysam,bro 50 % dounloud hone ke bad fail <PERSON> 🥹🥹,2023-12-23T17:21:09+00:00,,,👍: 1
61141,krazzzzysam,https://t.me/krazzzzysam,Hii,2023-12-23T16:57:47+00:00,,,👍: 1
61140,krazzzzysam,https://t.me/krazzzzysam,Hii,2023-12-23T16:55:44+00:00,,,
61137,krazzzzysam,https://t.me/krazzzzysam,Hindi me hi <PERSON>,2023-12-23T16:18:40+00:00,,,
61136,krazzzzysam,https://t.me/krazzzzysam,Hindi main <PERSON> brother please,2023-12-23T16:15:32+00:00,,,
61128,krazzzzysam,https://t.me/krazzzzysam,😍,2023-12-23T16:01:47+00:00,,,
