id,Channel ID,URL,message,date,views,forwards,reactions
483,krazzzzysam,https://t.me/krazzzzysam,"👇New channel <PERSON> or jakr join krlo for latest møv!e$

https://t.me/+da-e-Nwi6Y0zZDM1
https://t.me/+da-e-Nwi6Y0zZDM1
https://t.me/+da-e-Nwi6Y0zZDM1

<PERSON> hi new channel hai to jao or join krlo",2023-12-30T15:23:55+00:00,264502.0,80.0,"👍: 133, ❤: 13, 🥰: 8, 👎: 5, 👏: 3, 😁: 2"
82031,krazzzzysam,https://t.me/krazzzzysam,Taitanic movie link,2024-05-01T13:44:41+00:00,,,
69621,krazzzzysam,https://t.me/krazzzzysam,"Hi
my friend
<PERSON> me movies / Web series /  TV shows  download <PERSON> to join karo mere telegram channel ko

Telegram channel name :  Tlsbro 
Link ⬇️

https://t.me/+5lkJC4v3gMM2Yjc9",2024-01-29T15:47:26+00:00,,,
64454,krazzzzysam,https://t.me/krazzzzysam,"Bhai full movie🔗 hindi⚡ me available👇💦 he 🧐
Hot 🥵and sexy 👙 movie🔗 👇👇👇
(Request for any movie) 
https://t.me/movieflixzzzORG
https://t.me/movieflixzzzORG
https://t.me/movieflixzzzORG",2024-01-06T10:25:33+00:00,,,😁: 1
64444,krazzzzysam,https://t.me/krazzzzysam,Please,2024-01-06T10:02:46+00:00,,,
64443,krazzzzysam,https://t.me/krazzzzysam,Wild Things (<DATE_TIME>) movie 🎥,2024-01-06T10:02:41+00:00,,,
63453,krazzzzysam,https://t.me/krazzzzysam,https://t.me/Movie3sk,2024-01-03T04:24:50+00:00,,,
63452,krazzzzysam,https://t.me/krazzzzysam,https://t.me/Movie3sk,2024-01-03T04:24:47+00:00,,,
63451,krazzzzysam,https://t.me/krazzzzysam,https://t.me/Movie3sk,2024-01-03T04:24:45+00:00,,,
63416,krazzzzysam,https://t.me/krazzzzysam,Message me,2024-01-03T00:10:51+00:00,,,
63404,krazzzzysam,https://t.me/krazzzzysam,Group name,2024-01-02T20:04:34+00:00,,,
63321,krazzzzysam,https://t.me/krazzzzysam,Bhai Hollywood ki action movie ke link <PERSON> box <PERSON> link <PERSON>,2024-01-02T15:05:58+00:00,,,
62967,krazzzzysam,https://t.me/krazzzzysam,Text me,2023-12-31T17:21:50+00:00,,,
62966,krazzzzysam,https://t.me/krazzzzysam,Hello,2023-12-31T17:21:41+00:00,,,
62959,krazzzzysam,https://t.me/krazzzzysam,Movie,2023-12-31T16:41:02+00:00,,,
62958,krazzzzysam,https://t.me/krazzzzysam,Hii,2023-12-31T16:40:48+00:00,,,
62924,krazzzzysam,https://t.me/krazzzzysam,Dm me,2023-12-31T12:14:03+00:00,,,
62922,krazzzzysam,https://t.me/krazzzzysam,Group name,2023-12-31T12:05:12+00:00,,,
62920,krazzzzysam,https://t.me/krazzzzysam,"Ra100 rupees 50 video
Rs 200 rupees 150 video",2023-12-31T11:08:32+00:00,,,
62919,krazzzzysam,https://t.me/krazzzzysam,Teenage girls and boys sex videos available teenage lesbian and boy and boy,2023-12-31T11:08:29+00:00,,,
62918,krazzzzysam,https://t.me/krazzzzysam,,2023-12-31T11:08:25+00:00,,,
62917,krazzzzysam,https://t.me/krazzzzysam,,2023-12-31T11:08:25+00:00,,,
62874,krazzzzysam,https://t.me/krazzzzysam,"Bhai full movie <PERSON> dubbed👇 me available he 👇
Sexy movies available💦💦💦
https://t.me/movieflixzzzORG
https://t.me/movieflixzzzORG
https://t.me/movieflixzzzORG",2023-12-31T07:10:08+00:00,,,
62873,krazzzzysam,https://t.me/krazzzzysam,"Bhai full movie <PERSON> dubbed👇 me available he 👇
Sexy movies available💦💦💦
https://t.me/movieflixzzzORG
https://t.me/movieflixzzzORG
https://t.me/movieflixzzzORG",2023-12-31T07:10:08+00:00,,,
62871,krazzzzysam,https://t.me/krazzzzysam,"Bhai full movie <PERSON> dubbed👇 me available he 👇
Sexy movies available💦💦💦
https://t.me/movieflixzzzORG
https://t.me/movieflixzzzORG
https://t.me/movieflixzzzORG",2023-12-31T07:10:08+00:00,,,
62768,krazzzzysam,https://t.me/krazzzzysam,Kaa,2023-12-30T16:55:34+00:00,,,
62767,krazzzzysam,https://t.me/krazzzzysam,<PERSON> link bhej de hindi me tara box,2023-12-30T16:55:33+00:00,,,
62766,krazzzzysam,https://t.me/krazzzzysam,<PERSON>...,2023-12-30T16:54:06+00:00,,,
62765,krazzzzysam,https://t.me/krazzzzysam,Berlin,2023-12-30T16:53:22+00:00,,,
62752,krazzzzysam,https://t.me/krazzzzysam,The cast away,2023-12-30T16:43:32+00:00,,,
62751,krazzzzysam,https://t.me/krazzzzysam,Hi,2023-12-30T16:37:29+00:00,,,
62750,krazzzzysam,https://t.me/krazzzzysam,"Bhai full movie <PERSON> dubbed👇 me available he 👇
Sexy movies available💦💦💦
https://t.me/movieflixzzzORG
https://t.me/movieflixzzzORG
https://t.me/movieflixzzzORG",2023-12-30T16:28:28+00:00,,,
62749,krazzzzysam,https://t.me/krazzzzysam,"Bhai full series  hind👇 me available he 👇

https://t.me/movieflixzzzORG
https://t.me/movieflixzzzORG
https://t.me/movieflixzzzORG",2023-12-30T16:28:28+00:00,,,
62748,krazzzzysam,https://t.me/krazzzzysam,"Bhai full movie <PERSON> dubbed👇 me available he 👇
Sexy movies available💦💦💦
https://t.me/movieflixzzzORG
https://t.me/movieflixzzzORG
https://t.me/movieflixzzzORG",2023-12-30T16:23:26+00:00,,,
62747,krazzzzysam,https://t.me/krazzzzysam,"Bhai full movie <PERSON> dubbed👇 me available he 👇
Sexy movies available💦💦💦
https://t.me/movieflixzzzORG
https://t.me/movieflixzzzORG
https://t.me/movieflixzzzORG",2023-12-30T16:23:17+00:00,,,
62746,krazzzzysam,https://t.me/krazzzzysam,"Bhai full movie <PERSON> dubbed👇 me available he 
Terabox link🔗👇
Sexy movies available💦💦💦
https://t.me/movieflixzzzORG
https://t.me/movieflixzzzORG
https://t.me/movieflixzzzORG",2023-12-30T16:23:08+00:00,,,
62745,krazzzzysam,https://t.me/krazzzzysam,"Bhai full movie <PERSON> dubbed👇 me available he 👇
Sexy movies available💦💦💦
https://t.me/movieflixzzzORG
https://t.me/movieflixzzzORG
https://t.me/movieflixzzzORG",2023-12-30T16:22:51+00:00,,,
62743,krazzzzysam,https://t.me/krazzzzysam,<PERSON> movie ki link bhej de na,2023-12-30T16:20:37+00:00,,,
62741,krazzzzysam,https://t.me/krazzzzysam,<PERSON> second part pls bahut dhunda <PERSON>,2023-12-30T16:08:57+00:00,,,
62740,krazzzzysam,https://t.me/krazzzzysam,To iski site <PERSON>,2023-12-30T15:56:30+00:00,,,
62739,krazzzzysam,https://t.me/krazzzzysam,Download nhi <PERSON>,2023-12-30T15:54:57+00:00,,,
62738,krazzzzysam,https://t.me/krazzzzysam,<PERSON>,2023-12-30T15:54:29+00:00,,,👍: 1
62737,krazzzzysam,https://t.me/krazzzzysam,Hii,2023-12-30T15:46:55+00:00,,,
62735,krazzzzysam,https://t.me/krazzzzysam,<PERSON> download Kaise Hogi,2023-12-30T15:43:33+00:00,,,
62731,krazzzzysam,https://t.me/krazzzzysam,Dude please terabox ka link send <PERSON>,2023-12-30T15:41:27+00:00,,,
62730,krazzzzysam,https://t.me/krazzzzysam,Hii,2023-12-30T15:41:05+00:00,,,
62729,krazzzzysam,https://t.me/krazzzzysam,That's My Boy,2023-12-30T15:25:08+00:00,,,
