id,Channel ID,URL,message,date,views,forwards,reactions
504,krazzzzysam,https://t.me/krazzzzysam,"<PERSON> movie mst Hai bhai ❤️🔥

https://yt.openinapp.link/Krazzysaam012
https://yt.openinapp.link/Krazzysaam012
https://yt.openinapp.link/Krazzysaam012

Ek baar jarur dekhna ❤️😍🔥",2024-01-13T13:53:11+00:00,283467.0,188.0,"👍: 182, ❤: 56, 👎: 16, 🥰: 16, 💩: 11, 🔥: 8, 🤩: 6, 👏: 4"
86250,krazzzzysam,https://t.me/krazzzzysam,Please <PERSON> movie full Hindi ma do na please,2024-06-16T02:06:53+00:00,,,
74440,krazzzzysam,https://t.me/krazzzzysam,Link <PERSON> please,2024-03-08T14:02:49+00:00,,,
73175,krazzzzysam,https://t.me/krazzzzysam,<PERSON> movie ki link <PERSON> na bhai,2024-02-20T19:40:27+00:00,,,
71421,krazzzzysam,https://t.me/krazzzzysam,<PERSON> movie ki link <PERSON> na bhai,2024-02-07T16:09:59+00:00,,,
71271,krazzzzysam,https://t.me/krazzzzysam,<PERSON>,2024-02-06T14:59:34+00:00,,,
70086,krazzzzysam,https://t.me/krazzzzysam,GTA vice City download kaise karen,2024-01-31T14:14:26+00:00,,,
69309,krazzzzysam,https://t.me/krazzzzysam,Ya Movie ka link <PERSON>,2024-01-27T17:57:18+00:00,,,
67379,krazzzzysam,https://t.me/krazzzzysam,<PERSON> movie <PERSON>,2024-01-20T18:05:13+00:00,,,
66968,krazzzzysam,https://t.me/krazzzzysam,<PERSON> movie ka,2024-01-18T12:21:03+00:00,,,
66967,krazzzzysam,https://t.me/krazzzzysam,Link send karo,2024-01-18T12:20:53+00:00,,,
66966,krazzzzysam,https://t.me/krazzzzysam,<PERSON> movie download <PERSON>,2024-01-18T12:20:47+00:00,,,
66932,krazzzzysam,https://t.me/krazzzzysam,<PERSON> movie  <PERSON>  ye to <PERSON> me <PERSON>,2024-01-18T09:51:25+00:00,,,
66931,krazzzzysam,https://t.me/krazzzzysam,Ya movie jaroor <PERSON>,2024-01-18T09:44:07+00:00,,,
66686,krazzzzysam,https://t.me/krazzzzysam,Hey,2024-01-16T07:04:30+00:00,,,
66678,krazzzzysam,https://t.me/krazzzzysam,Hello <PERSON> movie <PERSON> download <PERSON> video send karo,2024-01-16T02:47:57+00:00,,,
66600,krazzzzysam,https://t.me/krazzzzysam,Hello <PERSON> movie ka link do,2024-01-15T10:32:31+00:00,,,
66407,krazzzzysam,https://t.me/krazzzzysam,teraboxapp ka link send karo,2024-01-13T21:16:44+00:00,,,
66403,krazzzzysam,https://t.me/krazzzzysam,"Killer Soup Web Series hai 
https://t.me/movielatest18
https://t.me/movielatest18
https://t.me/movielatest18",2024-01-13T19:50:46+00:00,,,
66399,krazzzzysam,https://t.me/krazzzzysam,The end of the fucking world season 2 upload kro bro,2024-01-13T19:11:37+00:00,,,
66398,krazzzzysam,https://t.me/krazzzzysam,Terminator 2 full movie download by bhejo,2024-01-13T19:05:54+00:00,,,
66391,krazzzzysam,https://t.me/krazzzzysam,"https://t.me/Movie3sk
https://t.me/Movie3sk
https://t.me/Movie3sk
https://t.me/Movie3sk
https://t.me/Movie3sk",2024-01-13T18:50:53+00:00,,,
66384,krazzzzysam,https://t.me/krazzzzysam,"https://teraboxapp.com/s/1ouQtgeCsOCWAPzx-y4InQA


Xxxxx video group link
https://t.me/onlineearning5001



https://teraboxapp.com/s/1OO9nz0UxmOwbF5poQy2zRQ


https://teraboxapp.com/s/1IeelrEaw4wexK7xqpUfXCg



https://teraboxapp.com/s/1_snQOrHjnghZkb-3LE2UHQ",2024-01-13T16:40:59+00:00,,,
66381,krazzzzysam,https://t.me/krazzzzysam,Everyone please report this guy...😡🤬🤬,2024-01-13T15:34:40+00:00,,,
66377,krazzzzysam,https://t.me/krazzzzysam,1 2 3,2024-01-13T14:36:31+00:00,,,
66376,krazzzzysam,https://t.me/krazzzzysam,Seasons,2024-01-13T14:36:07+00:00,,,
66375,krazzzzysam,https://t.me/krazzzzysam,Bahi gullak,2024-01-13T14:35:50+00:00,,,
66373,krazzzzysam,https://t.me/krazzzzysam,Do not send this type of video,2024-01-13T14:18:48+00:00,,,
66359,krazzzzysam,https://t.me/krazzzzysam,Apke link se,2024-01-13T14:00:20+00:00,,,
66358,krazzzzysam,https://t.me/krazzzzysam,<PERSON> telgu ho rha h,2024-01-13T14:00:15+00:00,,,
