id,Channel ID,URL,message,date,views,forwards,reactions
525,krazzzzysam,https://t.me/krazzzzysam,"$ca₹y Møv!e 2 Movie Hindi Dubbed Download link here 👇👇

  • 480p 👇
   https://ziplinker.net/zEx9JYW

  • 720p 👇
    https://ziplinker.net/LAPJNj
_ _ _ _ _ _ _ _ _ _ _ _ _ _ _ _ _ _

Movie ke bare me iss reel me btaya <PERSON>
https://www.instagram.com/reel/C2m-EWoPw_E/?igsh=MXhqcnVtZmd6ZnIydA==

        ⚠️ IMPORTANT ⚠️

• Jisko Download Karne Mai Problem Ho wo ye
   wali video dekhlo 👇👇

https://t.me/KrazzzzySam/471

agr ad blocker show <PERSON> to phone ki settings me jakr private DNS off <PERSON> download <PERSON>",2024-01-27T15:40:13+00:00,332714.0,311.0,"👍: 237, ❤: 20, 😁: 9, 👎: 5, 🔥: 4, 🥰: 4, 👌: 4"
79107,krazzzzysam,https://t.me/krazzzzysam,H,2024-04-05T05:36:14+00:00,,,
77888,krazzzzysam,https://t.me/krazzzzysam,"https://t.me/+hpaxhpszkrY3YWVl
https://t.me/+hpaxhpszkrY3YWVl
https://t.me/+hpaxhpszkrY3YWVl
https://t.me/+hpaxhpszkrY3YWVl
https://t.me/+hpaxhpszkrY3YWVl
https://t.me/+hpaxhpszkrY3YWVl
https://t.me/+hpaxhpszkrY3YWVl
https://t.me/+hpaxhpszkrY3YWVl
https://t.me/+hpaxhpszkrY3YWVl
https://t.me/+hpaxhpszkrY3YWVl
https://t.me/+hpaxhpszkrY3YWVl
https://t.me/+hpaxhpszkrY3YWVl
https://t.me/+hpaxhpszkrY3YWVl
https://t.me/+hpaxhpszkrY3YWVl
https://t.me/+hpaxhpszkrY3YWVl
https://t.me/+hpaxhpszkrY3YWVl
https://t.me/+hpaxhpszkrY3YWVl
https://t.me/+hpaxhpszkrY3YWVl
https://t.me/+hpaxhpszkrY3YWVl
https://t.me/+hpaxhpszkrY3YWVl
https://t.me/+hpaxhpszkrY3YWVl
https://t.me/+hpaxhpszkrY3YWVl
https://t.me/+hpaxhpszkrY3YWVl
https://t.me/+hpaxhpszkrY3YWVl
https://t.me/+hpaxhpszkrY3YWVl
https://t.me/+hpaxhpszkrY3YWVl
https://t.me/+hpaxhpszkrY3YWVl
https://t.me/+hpaxhpszkrY3YWVl
https://t.me/+hpaxhpszkrY3YWVl
https://t.me/+hpaxhpszkrY3YWVl
https://t.me/+hpaxhpszkrY3YWVl
https://t.me/+hpaxhpszkrY3YWVl
https://t.me/+hpaxhpszkrY3YWVl
https://t.me/+hpaxhpszkrY3YWVl
https://t.me/+hpaxhpszkrY3YWVl
https://t.me/+hpaxhpszkrY3YWVl
https://t.me/+hpaxhpszkrY3YWVl
https://t.me/+hpaxhpszkrY3YWVl
https://t.me/+hpaxhpszkrY3YWVl
https://t.me/+hpaxhpszkrY3YWVl
https://t.me/+hpaxhpszkrY3YWVl
https://t.me/+hpaxhpszkrY3YWVl
https://t.me/+hpaxhpszkrY3YWVl
https://t.me/+hpaxhpszkrY3YWVl
https://t.me/+hpaxhpszkrY3YWVl
https://t.me/+hpaxhpszkrY3YWVl
https://t.me/+hpaxhpszkrY3YWVl
https://t.me/+hpaxhpszkrY3YWVl
https://t.me/+hpaxhpszkrY3YWVl
https://t.me/+hpaxhpszkrY3YWVl
https://t.me/+hpaxhpszkrY3YWVl
https://t.me/+hpaxhpszkrY3YWVl
https://t.me/+hpaxhpszkrY3YWVl
https://t.me/+hpaxhpszkrY3YWVl
https://t.me/+hpaxhpszkrY3YWVl
https://t.me/+hpaxhpszkrY3YWVl
https://t.me/+hpaxhpszkrY3YWVl
https://t.me/+hpaxhpszkrY3YWVl
https://t.me/+hpaxhpszkrY3YWVl
https://t.me/+hpaxhpszkrY3YWVl
https://t.me/+hpaxhpszkrY3YWVl
https://t.me/+hpaxhpszkrY3YWVl
https://t.me/+hpaxhpszkrY3YWVl
https://t.me/+hpaxhpszkrY3YWVl
https://t.me/+hpaxhpszkrY3YWVl
https://t.me/+hpaxhpszkrY3YWVl
https://t.me/+hpaxhpszkrY3YWVl
https://t.me/+hpaxhpszkrY3YWVl
https://t.me/+hpaxhpszkrY3YWVl
https://t.me/+hpaxhpszkrY3YWVl
https://t.me/+hpaxhpszkrY3YWVl
https://t.me/+hpaxhpszkrY3YWVl
https://t.me/+hpaxhpszkrY3YWVl
https://t.me/+hpaxhpszkrY3YWVl
https://t.me/+hpaxhpszkrY3YWVl
https://t.me/+hpaxhpszkrY3YWVl
https://t.me/+hpaxhpszkrY3YWVl
https://t.me/+hpaxhpszkrY3YWVl
https://t.me/+hpaxhpszkrY3YWVl
https://t.me/+hpaxhpszkrY3YWVl
https://t.me/+hpaxhpszkrY3YWVl",2024-03-27T22:57:28+00:00,,,
73568,krazzzzysam,https://t.me/krazzzzysam,Hey,2024-02-26T18:21:49+00:00,,,
73241,krazzzzysam,https://t.me/krazzzzysam,<PERSON> movie ya web series hindi,2024-02-21T13:26:42+00:00,,,
72805,krazzzzysam,https://t.me/krazzzzysam,Bhai,2024-02-17T02:50:44+00:00,,,
72408,krazzzzysam,https://t.me/krazzzzysam,<PERSON>,2024-02-13T12:07:02+00:00,,,
71857,krazzzzysam,https://t.me/krazzzzysam,<DATE_TIME>,2024-02-09T11:54:28+00:00,,,
71546,krazzzzysam,https://t.me/krazzzzysam,Hlo,2024-02-08T04:41:45+00:00,,,
71232,krazzzzysam,https://t.me/krazzzzysam,"<PERSON>,😔😔😔😔",2024-02-06T06:38:53+00:00,,,
70766,krazzzzysam,https://t.me/krazzzzysam,<PERSON>,2024-02-02T17:31:44+00:00,,,
70765,krazzzzysam,https://t.me/krazzzzysam,<PERSON> is back,2024-02-02T17:31:38+00:00,,,
70252,krazzzzysam,https://t.me/krazzzzysam,A movi <PERSON>,2024-02-01T08:31:05+00:00,,,
70251,krazzzzysam,https://t.me/krazzzzysam,Hii,2024-02-01T08:30:42+00:00,,,
70222,krazzzzysam,https://t.me/krazzzzysam,Iska first part <PERSON> upload karo,2024-02-01T05:43:22+00:00,,,
69659,krazzzzysam,https://t.me/krazzzzysam,Hy,2024-01-29T17:09:53+00:00,,,
69650,krazzzzysam,https://t.me/krazzzzysam,Teeth movie 🎥,2024-01-29T16:27:30+00:00,,,
69444,krazzzzysam,https://t.me/krazzzzysam,Hii,2024-01-28T14:11:10+00:00,,,
69348,krazzzzysam,https://t.me/krazzzzysam,"🇧 🇦 🇨 🇰 to   🇧 🇦 🇨 🇰    🇼 🇮 🇳 
<PERSON> loss cover <PERSON> 👇👇👇



  #1  RANK WIN FIXED TEAM DUNGA ✅
MY PERSONAL GL FIXING PRIME TEAM DUNGA 🤑🥳 (GOD OF  MAGA. GL🙏)

𝗚𝗟 𝗙𝗜𝗫𝗜𝗡𝗚 𝗧𝗘𝗔𝗠 <PERSON>

 
𝐖𝐡𝐚𝐭𝐬𝐀𝐩𝐩:-
https://wa.me/<PHONE_NUMBER>

⚠️🏦 DON'T MISS  PRIME MEMBERSHIP ✅✅✌️",2024-01-28T05:29:40+00:00,,,
69345,krazzzzysam,https://t.me/krazzzzysam,Download koni hoti,2024-01-28T04:58:50+00:00,,,
69344,krazzzzysam,https://t.me/krazzzzysam,"📌 Title :- 𝕋𝕙𝕖 𝕀𝕟𝕧𝕚𝕤𝕚𝕓𝕝𝕖 𝔹𝕠𝕪 (<DATE_TIME>)

🔊 Language : Hindi/<NRP>
▬▬▬▬▬▬▬▬▬▬▬▬▬.   
ᵀᴱᴿᴬ ᴮᴼˣ ᴬᴾᴾ ✅ ɪɴꜱᴛᴀʟʟ
           𝐖𝐚𝐭𝐜𝐡 𝐎𝐧𝐥𝐢𝐧𝐞 
▬▬▬▬▬▬▬▬▬▬▬▬▬

💎720p:- https://teraboxlinks.com/A3VNVb

💎1080p:- https://teraboxlinks.com/A3VNVb

𝐇𝐨𝐰 𝐓𝐨 𝐖𝐚𝐭𝐜𝐡 👉 https://t.me/freemedekho1/4
▬▬▬▬▬▬▬▬▬▬▬▬▬
          𝐃𝐨𝐰𝐧𝐥𝐨𝐚𝐝 𝐋𝐢𝐧𝐤👇

<NRP>720p:- https://xpshort.com/R8DYdfTZ

💎1080p:- https://xpshort.com/R8DYdfTZ
▬▬▬▬▬▬▬▬▬▬▬▬▬
𝐇𝐨𝐰 𝐓𝐨 𝐃𝐚𝐰𝐧𝐥𝐨𝐚𝐝 👇


Anime Channel ⭐ https://t.me/animeroy1

🇮🇳ᴜᴘʟᴏᴀᴅᴇᴅ ʙʏ :- ʀᴀʜᴜʟ ʀᴏʏ",2024-01-28T04:52:50+00:00,,,
69342,krazzzzysam,https://t.me/krazzzzysam,English me movie hey,2024-01-28T04:25:10+00:00,,,
69341,krazzzzysam,https://t.me/krazzzzysam,Terabox se option de download karne ka,2024-01-28T04:05:30+00:00,,,
69340,krazzzzysam,https://t.me/krazzzzysam,Download nhi <PERSON>,2024-01-28T04:04:34+00:00,,,
69339,krazzzzysam,https://t.me/krazzzzysam,Romil and jugal,2024-01-28T03:56:44+00:00,,,
69336,krazzzzysam,https://t.me/krazzzzysam,<PERSON> he bhai,2024-01-28T03:27:42+00:00,,,
69331,krazzzzysam,https://t.me/krazzzzysam,The brother skin me,2024-01-28T02:39:42+00:00,,,
69330,krazzzzysam,https://t.me/krazzzzysam,<PERSON>,2024-01-28T02:16:20+00:00,,,
69326,krazzzzysam,https://t.me/krazzzzysam,Hindi,2024-01-27T19:27:42+00:00,,,
69325,krazzzzysam,https://t.me/krazzzzysam,Please provide movie - blue beetle,2024-01-27T19:18:23+00:00,,,
69318,krazzzzysam,https://t.me/krazzzzysam,Movie name <DATE_TIME>,2024-01-27T18:23:04+00:00,,,
69317,krazzzzysam,https://t.me/krazzzzysam,Hi,2024-01-27T18:20:30+00:00,,,
69316,krazzzzysam,https://t.me/krazzzzysam,Movie,2024-01-27T18:11:09+00:00,,,👍: 1
69315,krazzzzysam,https://t.me/krazzzzysam,<DATE_TIME>,2024-01-27T18:10:52+00:00,,,
69313,krazzzzysam,https://t.me/krazzzzysam,Fighter movie,2024-01-27T18:02:34+00:00,,,
69306,krazzzzysam,https://t.me/krazzzzysam,the brothers <PERSON> movie,2024-01-27T17:45:56+00:00,,,
69304,krazzzzysam,https://t.me/krazzzzysam,🙅 no,2024-01-27T17:39:45+00:00,,,
69302,krazzzzysam,https://t.me/krazzzzysam,<PERSON> 700:800rs <PERSON> to,2024-01-27T17:24:50+00:00,,,
69301,krazzzzysam,https://t.me/krazzzzysam,Hallo,2024-01-27T17:23:05+00:00,,,
69294,krazzzzysam,https://t.me/krazzzzysam,<PERSON> wo <PERSON> mujhe,2024-01-27T16:54:42+00:00,,,
69293,krazzzzysam,https://t.me/krazzzzysam,<PERSON> wo <PERSON> mujhe,2024-01-27T16:54:41+00:00,,,
69292,krazzzzysam,https://t.me/krazzzzysam,<PERSON> wo <PERSON> mujhe,2024-01-27T16:54:40+00:00,,,
69291,krazzzzysam,https://t.me/krazzzzysam,<PERSON> wo <PERSON> mujhe,2024-01-27T16:54:38+00:00,,,
69290,krazzzzysam,https://t.me/krazzzzysam,<PERSON> wo <PERSON> mujhe,2024-01-27T16:54:37+00:00,,,
69289,krazzzzysam,https://t.me/krazzzzysam,<PERSON> wo <PERSON> mujhe,2024-01-27T16:54:34+00:00,,,
69288,krazzzzysam,https://t.me/krazzzzysam,<PERSON> wo <PERSON> mujhe,2024-01-27T16:54:32+00:00,,,👍: 1
69287,krazzzzysam,https://t.me/krazzzzysam,<PERSON> wo <PERSON> mujhe,2024-01-27T16:54:30+00:00,,,
69286,krazzzzysam,https://t.me/krazzzzysam,<PERSON> wo <PERSON> mujhe,2024-01-27T16:54:29+00:00,,,
69285,krazzzzysam,https://t.me/krazzzzysam,<PERSON> wo <PERSON> mujhe,2024-01-27T16:54:28+00:00,,,
69284,krazzzzysam,https://t.me/krazzzzysam,<PERSON> wo <PERSON> mujhe,2024-01-27T16:54:26+00:00,,,
69283,krazzzzysam,https://t.me/krazzzzysam,<PERSON> wo <PERSON> mujhe,2024-01-27T16:54:25+00:00,,,
69282,krazzzzysam,https://t.me/krazzzzysam,<PERSON> wo <PERSON> mujhe,2024-01-27T16:54:24+00:00,,,
69281,krazzzzysam,https://t.me/krazzzzysam,<PERSON> wo <PERSON> mujhe,2024-01-27T16:54:22+00:00,,,
69280,krazzzzysam,https://t.me/krazzzzysam,<PERSON> wo <PERSON> mujhe,2024-01-27T16:54:21+00:00,,,
69279,krazzzzysam,https://t.me/krazzzzysam,<PERSON> wo <PERSON> mujhe,2024-01-27T16:54:20+00:00,,,
69278,krazzzzysam,https://t.me/krazzzzysam,<PERSON> wo <PERSON> mujhe,2024-01-27T16:54:18+00:00,,,
69277,krazzzzysam,https://t.me/krazzzzysam,<PERSON> wo <PERSON> mujhe,2024-01-27T16:54:17+00:00,,,
69276,krazzzzysam,https://t.me/krazzzzysam,<PERSON> wo <PERSON> mujhe,2024-01-27T16:54:15+00:00,,,
69274,krazzzzysam,https://t.me/krazzzzysam,<PERSON> wo <PERSON> mujhe,2024-01-27T16:54:14+00:00,,,
69273,krazzzzysam,https://t.me/krazzzzysam,<PERSON> wo <PERSON> mujhe,2024-01-27T16:54:12+00:00,,,
69272,krazzzzysam,https://t.me/krazzzzysam,<PERSON> wo <PERSON> mujhe,2024-01-27T16:54:11+00:00,,,
69271,krazzzzysam,https://t.me/krazzzzysam,<PERSON> wo <PERSON> mujhe,2024-01-27T16:54:09+00:00,,,
69270,krazzzzysam,https://t.me/krazzzzysam,<PERSON> wo <PERSON> mujhe,2024-01-27T16:54:08+00:00,,,
69269,krazzzzysam,https://t.me/krazzzzysam,<PERSON> wo <PERSON> mujhe,2024-01-27T16:54:07+00:00,,,
69268,krazzzzysam,https://t.me/krazzzzysam,<PERSON> wo <PERSON> mujhe,2024-01-27T16:54:05+00:00,,,
69267,krazzzzysam,https://t.me/krazzzzysam,<PERSON> wo <PERSON> mujhe,2024-01-27T16:54:04+00:00,,,
69266,krazzzzysam,https://t.me/krazzzzysam,<PERSON> wo <PERSON> mujhe,2024-01-27T16:54:02+00:00,,,
69265,krazzzzysam,https://t.me/krazzzzysam,<PERSON> wo <PERSON> mujhe,2024-01-27T16:54:01+00:00,,,
69264,krazzzzysam,https://t.me/krazzzzysam,<PERSON> wo <PERSON> mujhe,2024-01-27T16:53:58+00:00,,,
69263,krazzzzysam,https://t.me/krazzzzysam,<PERSON> wo <PERSON> mujhe,2024-01-27T16:53:56+00:00,,,
69262,krazzzzysam,https://t.me/krazzzzysam,<PERSON> wo <PERSON> mujhe,2024-01-27T16:53:54+00:00,,,
69261,krazzzzysam,https://t.me/krazzzzysam,<PERSON> wo <PERSON> mujhe,2024-01-27T16:53:52+00:00,,,
69260,krazzzzysam,https://t.me/krazzzzysam,<PERSON> wo <PERSON> mujhe,2024-01-27T16:53:50+00:00,,,
69259,krazzzzysam,https://t.me/krazzzzysam,<PERSON> wo <PERSON> mujhe,2024-01-27T16:53:49+00:00,,,
69258,krazzzzysam,https://t.me/krazzzzysam,<PERSON> wo <PERSON> mujhe,2024-01-27T16:53:47+00:00,,,
69257,krazzzzysam,https://t.me/krazzzzysam,<PERSON> wo <PERSON> mujhe,2024-01-27T16:53:46+00:00,,,👍: 1
69256,krazzzzysam,https://t.me/krazzzzysam,<PERSON> wo <PERSON> mujhe,2024-01-27T16:53:44+00:00,,,
69255,krazzzzysam,https://t.me/krazzzzysam,<PERSON> wo <PERSON> mujhe,2024-01-27T16:53:43+00:00,,,
69254,krazzzzysam,https://t.me/krazzzzysam,<PERSON> wo <PERSON> mujhe,2024-01-27T16:53:41+00:00,,,
69253,krazzzzysam,https://t.me/krazzzzysam,<PERSON> wo <PERSON> mujhe,2024-01-27T16:53:39+00:00,,,
69252,krazzzzysam,https://t.me/krazzzzysam,<PERSON> wo <PERSON> mujhe,2024-01-27T16:53:38+00:00,,,
69247,krazzzzysam,https://t.me/krazzzzysam,Option hi ni khulte h jese btaya <PERSON> h,2024-01-27T16:33:25+00:00,,,
69246,krazzzzysam,https://t.me/krazzzzysam,Scary movie,2024-01-27T16:20:08+00:00,,,
69245,krazzzzysam,https://t.me/krazzzzysam,Kese dekhe bhai ye movi <PERSON>,2024-01-27T16:19:52+00:00,,,
69244,krazzzzysam,https://t.me/krazzzzysam,Hi,2024-01-27T16:18:49+00:00,,,
69240,krazzzzysam,https://t.me/krazzzzysam,Hi Hallo,2024-01-27T16:07:49+00:00,,,
69239,krazzzzysam,https://t.me/krazzzzysam,Par movie <PERSON> open <PERSON> he,2024-01-27T15:56:05+00:00,,,
69238,krazzzzysam,https://t.me/krazzzzysam,Thank you🌹🌹🌹❤ ji,2024-01-27T15:51:49+00:00,,,
69237,krazzzzysam,https://t.me/krazzzzysam,Scary movie 2,2024-01-27T15:49:59+00:00,,,
69231,krazzzzysam,https://t.me/krazzzzysam,K,2024-01-27T15:46:31+00:00,,,
69230,krazzzzysam,https://t.me/krazzzzysam,"bridge to terabithia
Please this movie",2024-01-27T15:43:09+00:00,,,
