id,Channel ID,URL,message,date,views,forwards,reactions
554,krazzzzysam,https://t.me/krazzzzysam,"Løve aπd Le@$he$ <DATE_TIME> and 720p Download link here 👇👇👇 👇

  • 480p 👇
   https://ziplinker.net/nUDTTi

  • 720p 👇
   https://ziplinker.net/iw7FB
_ _ _ _ _ _ _ _ _ _ _ _ _ _ _ _ _ _ _ _ _ _ _ _ _ _ _ _ _

Movie ke bare me iss reel me btaya <PERSON>

                      ⚠️ IMPORTANT ⚠️

• Jisko Download Karne Mai Problem Ho wo ye
   wali video dekhlo 👇👇

https://t.me/KrazzzzySam/541

agr ad blocker show <PERSON> to phone ki settings me jakr private DNS off <PERSON> download <PERSON>",2024-02-15T17:43:10+00:00,270647.0,748.0,"👍: 207, ❤: 12, 👎: 11, 🔥: 6, 👌: 4, 😢: 3, 😁: 2, 🤔: 2, 👏: 1"
82774,krazzzzysam,https://t.me/krazzzzysam,Ya English language ki link <PERSON>,2024-05-09T09:15:13+00:00,,,
82773,krazzzzysam,https://t.me/krazzzzysam,Hindi movie ka link <PERSON>,2024-05-09T09:14:31+00:00,,,
77981,krazzzzysam,https://t.me/krazzzzysam,<PERSON> download <PERSON>,2024-03-28T14:08:34+00:00,,,
75169,krazzzzysam,https://t.me/krazzzzysam,<PERSON> id nhi ban <PERSON>,2024-03-16T03:12:49+00:00,,,
75062,krazzzzysam,https://t.me/krazzzzysam,<PERSON> btao aisa q <PERSON> h,2024-03-15T03:17:16+00:00,,,
75061,krazzzzysam,https://t.me/krazzzzysam,<PERSON> yhi n <PERSON> v link pr click krne se koi open nhi ho rha h,2024-03-15T03:16:45+00:00,,,
75060,krazzzzysam,https://t.me/krazzzzysam,<PERSON> v open nhi ho rha b,2024-03-15T03:15:47+00:00,,,
75059,krazzzzysam,https://t.me/krazzzzysam,Off krne se <PERSON> h,2024-03-15T03:15:39+00:00,,,
75043,krazzzzysam,https://t.me/krazzzzysam,Click banner and get link... Aur pura blur h ng kaise ky click kre aisa q <PERSON> h,2024-03-14T18:37:31+00:00,,,
75042,krazzzzysam,https://t.me/krazzzzysam,Click banner ky bol rha h?,2024-03-14T18:36:05+00:00,,,
75035,krazzzzysam,https://t.me/krazzzzysam,Direct link do to download <PERSON> Hindi language <PERSON>,2024-03-14T17:40:45+00:00,,,
75034,krazzzzysam,https://t.me/krazzzzysam,Bhai ad blocked detected ka problem <PERSON>,2024-03-14T17:39:44+00:00,,,
74716,krazzzzysam,https://t.me/krazzzzysam,How to download,2024-03-11T13:17:22+00:00,,,
74496,krazzzzysam,https://t.me/krazzzzysam,DNS off <PERSON> h,2024-03-09T13:24:28+00:00,,,
74196,krazzzzysam,https://t.me/krazzzzysam,"Løve aπd Le@$he$ <DATE_TIME> and 720p Download link here 👇👇👇 👇

  • 480p 👇
   https://ziplinker.net/nUDTTi

  • 720p 👇
   https://ziplinker.net/iw7FB
_ _ _ _ _ _ _ _ _ _ _ _ _ _ _ _ _ _ _ _ _ _ _ _ _ _ _ _ _

Movie ke bare me iss reel me btaya <PERSON>

                      ⚠️ IMPORTANT ⚠️

• Jisko Download Karne Mai Problem <PERSON> wo ye
   wali video dekhlo 👇👇

https://t.me/KrazzzzySam/541

agr ad blocker show <PERSON> to phone ki settings me jakr private DNS off <PERSON> download <PERSON>",2024-03-05T08:56:23+00:00,,,
73755,krazzzzysam,https://t.me/krazzzzysam,Yrr bc link pe click <PERSON> or hi open <PERSON> h bhai,2024-02-28T20:23:45+00:00,,,
72691,krazzzzysam,https://t.me/krazzzzysam,Movie download <PERSON>,2024-02-16T07:34:52+00:00,,,
72652,krazzzzysam,https://t.me/krazzzzysam,Viewers or subscriber badbaane k liye,2024-02-16T04:16:07+00:00,,,👍: 1
72651,krazzzzysam,https://t.me/krazzzzysam,<PERSON>,2024-02-16T04:15:26+00:00,,,
72650,krazzzzysam,https://t.me/krazzzzysam,<PERSON>,2024-02-16T04:15:13+00:00,,,
72649,krazzzzysam,https://t.me/krazzzzysam,Bc koi video chal <PERSON>...,2024-02-16T04:14:49+00:00,,,
72648,krazzzzysam,https://t.me/krazzzzysam,Error <PERSON> ho rha download 😥,2024-02-16T03:59:35+00:00,,,
72635,krazzzzysam,https://t.me/krazzzzysam,Error <PERSON>,2024-02-16T02:14:51+00:00,,,
72622,krazzzzysam,https://t.me/krazzzzysam,Wait for sometime,2024-02-15T20:57:51+00:00,,,
72619,krazzzzysam,https://t.me/krazzzzysam,Error,2024-02-15T20:35:00+00:00,,,
72618,krazzzzysam,https://t.me/krazzzzysam,<PERSON>,2024-02-15T20:18:39+00:00,,,
72617,krazzzzysam,https://t.me/krazzzzysam,Khuli khuli <PERSON>,2024-02-15T20:18:11+00:00,,,
72616,krazzzzysam,https://t.me/krazzzzysam,Are you want earn money from online with help mobile if to yes for more details massage me on whatsApp no <PHONE_NUMBER>,2024-02-15T19:46:33+00:00,,,
72613,krazzzzysam,https://t.me/krazzzzysam,Error,2024-02-15T19:09:00+00:00,,,
72611,krazzzzysam,https://t.me/krazzzzysam,<PERSON>,2024-02-15T18:31:07+00:00,,,
72609,krazzzzysam,https://t.me/krazzzzysam,Open,2024-02-15T18:12:51+00:00,,,
72608,krazzzzysam,https://t.me/krazzzzysam,Error,2024-02-15T18:12:38+00:00,,,
72603,krazzzzysam,https://t.me/krazzzzysam,Link is not open bhai please solve <PERSON> ya problem,2024-02-15T17:51:25+00:00,,,
72601,krazzzzysam,https://t.me/krazzzzysam,Download kaise karen,2024-02-15T17:46:52+00:00,,,
72599,krazzzzysam,https://t.me/krazzzzysam,Hiii,2024-02-15T17:44:13+00:00,,,
72598,krazzzzysam,https://t.me/krazzzzysam,Mujhe paison School wala video chahiye,2024-02-15T17:43:46+00:00,,,
