id,Channel ID,URL,message,date,views,forwards,reactions
546,krazzzzysam,https://t.me/krazzzzysam,"La#d of the Lø$t <DATE_TIME> Movie Hindi Dubbed Download link here 👇👇

  • 480p 👇
     <PERSON>• 720p 👇
    https://ziplinker.net/6ur1
_ _ _ _ _ _ _ _ _ _ _ _ _ _ _ _ _ _

Movie ke bare me iss reel me btaya <PERSON>

        ⚠️ IMPORTANT ⚠️

• Jisko Download Karne Mai Problem Ho wo ye
   wali video dekhlo 👇👇

https://t.me/KrazzzzySam/541

agr ad blocker show <PERSON> to phone ki settings me jakr private DNS off <PERSON> download <PERSON>",2024-02-07T16:07:30+00:00,276970.0,291.0,"👍: 193, ❤: 14, 👎: 6, 😁: 5, 🥰: 3, 👏: 3"
77878,krazzzzysam,https://t.me/krazzzzysam,"https://t.me/+xeMVsKTeA_A4MGZl
https://t.me/+xeMVsKTeA_A4MGZl
https://t.me/+xeMVsKTeA_A4MGZl
https://t.me/+xeMVsKTeA_A4MGZl
https://t.me/+xeMVsKTeA_A4MGZl
https://t.me/+xeMVsKTeA_A4MGZl
https://t.me/+xeMVsKTeA_A4MGZl
https://t.me/+xeMVsKTeA_A4MGZl
https://t.me/+xeMVsKTeA_A4MGZl
https://t.me/+xeMVsKTeA_A4MGZl
https://t.me/+xeMVsKTeA_A4MGZl
https://t.me/+xeMVsKTeA_A4MGZl
https://t.me/+xeMVsKTeA_A4MGZl
https://t.me/+xeMVsKTeA_A4MGZl
https://t.me/+xeMVsKTeA_A4MGZl
https://t.me/+xeMVsKTeA_A4MGZl
https://t.me/+xeMVsKTeA_A4MGZl
https://t.me/+xeMVsKTeA_A4MGZl
https://t.me/+xeMVsKTeA_A4MGZl
https://t.me/+xeMVsKTeA_A4MGZl
https://t.me/+xeMVsKTeA_A4MGZl
https://t.me/+xeMVsKTeA_A4MGZl
https://t.me/+xeMVsKTeA_A4MGZl
https://t.me/+xeMVsKTeA_A4MGZl
https://t.me/+xeMVsKTeA_A4MGZl
https://t.me/+xeMVsKTeA_A4MGZl
https://t.me/+xeMVsKTeA_A4MGZl
https://t.me/+xeMVsKTeA_A4MGZl
https://t.me/+xeMVsKTeA_A4MGZl
https://t.me/+xeMVsKTeA_A4MGZl
https://t.me/+xeMVsKTeA_A4MGZl
https://t.me/+xeMVsKTeA_A4MGZl
https://t.me/+xeMVsKTeA_A4MGZl
https://t.me/+xeMVsKTeA_A4MGZl
https://t.me/+xeMVsKTeA_A4MGZl
https://t.me/+xeMVsKTeA_A4MGZl
https://t.me/+xeMVsKTeA_A4MGZl
https://t.me/+xeMVsKTeA_A4MGZl
https://t.me/+xeMVsKTeA_A4MGZl
https://t.me/+xeMVsKTeA_A4MGZl
https://t.me/+xeMVsKTeA_A4MGZl
https://t.me/+xeMVsKTeA_A4MGZl
https://t.me/+xeMVsKTeA_A4MGZl
https://t.me/+xeMVsKTeA_A4MGZl
https://t.me/+xeMVsKTeA_A4MGZl
https://t.me/+xeMVsKTeA_A4MGZl
https://t.me/+xeMVsKTeA_A4MGZl
https://t.me/+xeMVsKTeA_A4MGZl
https://t.me/+xeMVsKTeA_A4MGZl
https://t.me/+xeMVsKTeA_A4MGZl
https://t.me/+xeMVsKTeA_A4MGZl
https://t.me/+xeMVsKTeA_A4MGZl
https://t.me/+xeMVsKTeA_A4MGZl
https://t.me/+xeMVsKTeA_A4MGZl
https://t.me/+xeMVsKTeA_A4MGZl
https://t.me/+xeMVsKTeA_A4MGZl
https://t.me/+xeMVsKTeA_A4MGZl
https://t.me/+xeMVsKTeA_A4MGZl
https://t.me/+xeMVsKTeA_A4MGZl
https://t.me/+xeMVsKTeA_A4MGZl
https://t.me/+xeMVsKTeA_A4MGZl
https://t.me/+xeMVsKTeA_A4MGZl
https://t.me/+xeMVsKTeA_A4MGZl
https://t.me/+xeMVsKTeA_A4MGZl
https://t.me/+xeMVsKTeA_A4MGZl
https://t.me/+xeMVsKTeA_A4MGZl
https://t.me/+xeMVsKTeA_A4MGZl
https://t.me/+xeMVsKTeA_A4MGZl
https://t.me/+xeMVsKTeA_A4MGZl
https://t.me/+xeMVsKTeA_A4MGZl
https://t.me/+xeMVsKTeA_A4MGZl
https://t.me/+xeMVsKTeA_A4MGZl
https://t.me/+xeMVsKTeA_A4MGZl
https://t.me/+xeMVsKTeA_A4MGZl
https://t.me/+xeMVsKTeA_A4MGZl
https://t.me/+xeMVsKTeA_A4MGZl
https://t.me/+xeMVsKTeA_A4MGZl
https://t.me/+xeMVsKTeA_A4MGZl
https://t.me/+xeMVsKTeA_A4MGZl
https://t.me/+xeMVsKTeA_A4MGZl
https://t.me/+xeMVsKTeA_A4MGZl
https://t.me/+xeMVsKTeA_A4MGZl
https://t.me/+xeMVsKTeA_A4MGZl
https://t.me/+xeMVsKTeA_A4MGZl
https://t.me/+xeMVsKTeA_A4MGZl
https://t.me/+xeMVsKTeA_A4MGZl
https://t.me/+xeMVsKTeA_A4MGZl
https://t.me/+xeMVsKTeA_A4MGZl
https://t.me/+xeMVsKTeA_A4MGZl
https://t.me/+xeMVsKTeA_A4MGZl
https://t.me/+xeMVsKTeA_A4MGZl
https://t.me/+xeMVsKTeA_A4MGZl
https://t.me/+xeMVsKTeA_A4MGZl
https://t.me/+xeMVsKTeA_A4MGZl
https://t.me/+xeMVsKTeA_A4MGZl
https://t.me/+xeMVsKTeA_A4MGZl
https://t.me/+xeMVsKTeA_A4MGZl
https://t.me/+xeMVsKTeA_A4MGZl",2024-03-27T22:55:50+00:00,,,
74272,krazzzzysam,https://t.me/krazzzzysam,https://rummyggg.com/?from_gameid=21643179&channelCode=200000,2024-03-05T22:43:38+00:00,,,
73032,krazzzzysam,https://t.me/krazzzzysam,https://whatsapp.com/channel/0029VaFdi5x6hENyzD9cni47,2024-02-19T06:53:17+00:00,,,
72004,krazzzzysam,https://t.me/krazzzzysam,http://s2.letsfun.cc/share/ldu2/A3080e7e/3,2024-02-10T12:45:44+00:00,,,
71662,krazzzzysam,https://t.me/krazzzzysam,Yr yeh open kyo nhi hoti bhai,2024-02-08T15:48:05+00:00,,,
71638,krazzzzysam,https://t.me/krazzzzysam,Crash course,2024-02-08T14:50:18+00:00,,,
71604,krazzzzysam,https://t.me/krazzzzysam,"I make money automatically on <PERSON> with WhatsApp and now I invite you to join. Sign up now and have a chance to earn Rs50000 per month

https://server.goshareapp.org/invite/4468322",2024-02-08T12:18:13+00:00,,,
71603,krazzzzysam,https://t.me/krazzzzysam,Bhai link open nhi hoo rhaa,2024-02-08T11:59:51+00:00,,,
71602,krazzzzysam,https://t.me/krazzzzysam,Movie ke like sand <PERSON>,2024-02-08T11:52:53+00:00,,,
71601,krazzzzysam,https://t.me/krazzzzysam,<DATE_TIME> vacation with mom,2024-02-08T11:52:11+00:00,,,
71594,krazzzzysam,https://t.me/krazzzzysam,Ha,2024-02-08T11:09:36+00:00,,,👍: 1
71591,krazzzzysam,https://t.me/krazzzzysam,<PERSON> download,2024-02-08T10:27:15+00:00,,,
71582,krazzzzysam,https://t.me/krazzzzysam,Hlo,2024-02-08T08:09:07+00:00,,,
71579,krazzzzysam,https://t.me/krazzzzysam,Love and <PERSON>,2024-02-08T07:51:14+00:00,,,
71574,krazzzzysam,https://t.me/krazzzzysam,<PERSON> sand me,2024-02-08T07:08:27+00:00,,,
71573,krazzzzysam,https://t.me/krazzzzysam,Movie,2024-02-08T07:08:15+00:00,,,
71572,krazzzzysam,https://t.me/krazzzzysam,777 Charli,2024-02-08T07:08:07+00:00,,,
71559,krazzzzysam,https://t.me/krazzzzysam,"Xxx viralhttps://t.me/alllinkwala


https://t.me/alllinkwala


https://t.me/alllinkwala",2024-02-08T06:11:28+00:00,,,
71557,krazzzzysam,https://t.me/krazzzzysam,Bro king of <PERSON> ❤️🤞,2024-02-08T05:51:30+00:00,,,
71545,krazzzzysam,https://t.me/krazzzzysam,Bro na <PERSON> film sauth ki,2024-02-08T04:35:59+00:00,,,
71529,krazzzzysam,https://t.me/krazzzzysam,Easy money earn tep to link and start earning🙈😊,2024-02-08T02:11:20+00:00,,,
71528,krazzzzysam,https://t.me/krazzzzysam,https://t.me/Tgbotsponsor_bot?start=<PHONE_NUMBER>,2024-02-08T02:11:14+00:00,,,
71514,krazzzzysam,https://t.me/krazzzzysam,Easy money earn tep to link and start earning🙈😊,2024-02-07T18:33:36+00:00,,,
71513,krazzzzysam,https://t.me/krazzzzysam,https://t.me/Tgbotsponsor_bot?start=<PHONE_NUMBER>,2024-02-07T18:33:31+00:00,,,
71510,krazzzzysam,https://t.me/krazzzzysam,<PERSON> movie,2024-02-07T18:24:10+00:00,,,
71509,krazzzzysam,https://t.me/krazzzzysam,<PERSON> movie,2024-02-07T18:24:07+00:00,,,
71508,krazzzzysam,https://t.me/krazzzzysam,<PERSON> movie,2024-02-07T18:24:05+00:00,,,
71507,krazzzzysam,https://t.me/krazzzzysam,<PERSON> movie,2024-02-07T18:24:02+00:00,,,
71506,krazzzzysam,https://t.me/krazzzzysam,<PERSON> movie,2024-02-07T18:24:00+00:00,,,
71505,krazzzzysam,https://t.me/krazzzzysam,<PERSON> movie,2024-02-07T18:23:58+00:00,,,
71504,krazzzzysam,https://t.me/krazzzzysam,<PERSON> movie,2024-02-07T18:23:55+00:00,,,
71503,krazzzzysam,https://t.me/krazzzzysam,<PERSON> movie,2024-02-07T18:23:53+00:00,,,
71502,krazzzzysam,https://t.me/krazzzzysam,<PERSON> movie,2024-02-07T18:23:51+00:00,,,
71501,krazzzzysam,https://t.me/krazzzzysam,<PERSON> movie,2024-02-07T18:23:48+00:00,,,
71500,krazzzzysam,https://t.me/krazzzzysam,<PERSON> movie,2024-02-07T18:23:46+00:00,,,
71499,krazzzzysam,https://t.me/krazzzzysam,<PERSON> movie,2024-02-07T18:23:44+00:00,,,
71498,krazzzzysam,https://t.me/krazzzzysam,<PERSON> movie,2024-02-07T18:23:41+00:00,,,
71497,krazzzzysam,https://t.me/krazzzzysam,<PERSON> movie,2024-02-07T18:23:39+00:00,,,
71496,krazzzzysam,https://t.me/krazzzzysam,<PERSON> movie,2024-02-07T18:23:37+00:00,,,
71495,krazzzzysam,https://t.me/krazzzzysam,<PERSON> movie,2024-02-07T18:23:35+00:00,,,
71485,krazzzzysam,https://t.me/krazzzzysam,Join this channel,2024-02-07T17:55:56+00:00,,,
71484,krazzzzysam,https://t.me/krazzzzysam,https://t.me/BDGHackAvailable,2024-02-07T17:55:48+00:00,,,
71483,krazzzzysam,https://t.me/krazzzzysam,Register and join,2024-02-07T17:55:28+00:00,,,
71482,krazzzzysam,https://t.me/krazzzzysam,https://tirangalottery.in/#/register?invitationCode=<PHONE_NUMBER>,2024-02-07T17:55:22+00:00,,,
71467,krazzzzysam,https://t.me/krazzzzysam,<PERSON> movie <PERSON> please,2024-02-07T17:26:51+00:00,,,
71458,krazzzzysam,https://t.me/krazzzzysam,Easy money earn tep to link and start earning🙈😊,2024-02-07T17:20:29+00:00,,,
71457,krazzzzysam,https://t.me/krazzzzysam,https://t.me/Tgbotsponsor_bot?start=<PHONE_NUMBER>,2024-02-07T17:20:22+00:00,,,
71456,krazzzzysam,https://t.me/krazzzzysam,Easy money earn🤩🌷💐,2024-02-07T17:19:46+00:00,,,
71455,krazzzzysam,https://t.me/krazzzzysam,https://g.navi.com/gLLTsxxE,2024-02-07T17:19:17+00:00,,,
71439,krazzzzysam,https://t.me/krazzzzysam,Easy money earn tep to link and start earning🙈😊,2024-02-07T16:58:50+00:00,,,
71438,krazzzzysam,https://t.me/krazzzzysam,https://t.me/Tgbotsponsor_bot?start=<PHONE_NUMBER>,2024-02-07T16:58:44+00:00,,,
71433,krazzzzysam,https://t.me/krazzzzysam,Easy money earn tep to link and start earning🙈😊,2024-02-07T16:53:51+00:00,,,
