id,Channel ID,URL,message,date,views,forwards,reactions
498,krazzzzysam,https://t.me/krazzzzysam,"The Dπe@meπ'$ Movie 480p and 720p with best qualities Download link here 👇👇

  • 480p 👇
   https://ziplinker.net/9r1N5s

  • 720p 👇
   https://ziplinker.net/nQb35nb
_ _ _ _ _ _ _ _ _ _ _ _ _ _ _ _ _ _ _ _ _ _ _ _ _ _ _ _ _ _

Movie ke bare me iss reel me btaya <PERSON>

                      ⚠️ IMPORTANT ⚠️

• Jisko Download Karne Mai Problem Ho wo ye
   wali video dekhlo 👇👇

https://t.me/KrazzzzySam/471

agr ad blocker show <PERSON> to phone ki settings me jakr private DNS off <PERSON> download <PERSON>",2024-01-08T15:21:03+00:00,283648.0,515.0,"👍: 283, ❤: 26, 🥰: 10, 👎: 9, 🔥: 5, 🤬: 5, 😁: 4, 🤔: 4, 👏: 3, 💩: 2"
85299,krazzzzysam,https://t.me/krazzzzysam,Hii,2024-06-03T11:29:53+00:00,,,
78803,krazzzzysam,https://t.me/krazzzzysam,Movies download <PERSON> he,2024-04-02T11:55:32+00:00,,,
78651,krazzzzysam,https://t.me/krazzzzysam,Hindi me do bhai,2024-04-01T12:35:53+00:00,,,
75218,krazzzzysam,https://t.me/krazzzzysam,<PERSON>,2024-03-16T13:53:32+00:00,,,
71359,krazzzzysam,https://t.me/krazzzzysam,https://youtube.com/@Happy_bhati?si=l_ZBFCbDo9lILuN5,2024-02-07T08:34:09+00:00,,,
69610,krazzzzysam,https://t.me/krazzzzysam,"Hi
my friend
<PERSON> me movies / Web series /  TV shows  download <PERSON> to join karo mere telegram channel ko

Telegram channel name :  Tlsbro 
Link ⬇️

https://t.me/+5lkJC4v3gMM2Yjc9",2024-01-29T15:46:06+00:00,,,
68479,krazzzzysam,https://t.me/krazzzzysam,Movie download <PERSON> the dreamer,2024-01-24T17:15:49+00:00,,,
68478,krazzzzysam,https://t.me/krazzzzysam,Bro,2024-01-24T17:15:40+00:00,,,
68477,krazzzzysam,https://t.me/krazzzzysam,Hi,2024-01-24T17:15:40+00:00,,,
68259,krazzzzysam,https://t.me/krazzzzysam,Send me link,2024-01-24T14:50:09+00:00,,,
67789,krazzzzysam,https://t.me/krazzzzysam,<PERSON> nhi <PERSON>,2024-01-23T15:33:37+00:00,,,
67428,krazzzzysam,https://t.me/krazzzzysam,<PERSON> nhi <PERSON>,2024-01-21T07:13:22+00:00,,,
66795,krazzzzysam,https://t.me/krazzzzysam,The <PERSON> S,2024-01-17T12:16:34+00:00,,,
66789,krazzzzysam,https://t.me/krazzzzysam,<PERSON>,2024-01-17T11:52:00+00:00,,,
66737,krazzzzysam,https://t.me/krazzzzysam,Hindi audio main bejo,2024-01-16T16:33:44+00:00,,,
66083,krazzzzysam,https://t.me/krazzzzysam,"https://t.me/Movie3sk
https://t.me/Movie3sk
https://t.me/Movie3sk
https://t.me/Movie3sk
https://t.me/Movie3sk
https://t.me/Movie3sk
https://t.me/Movie3sk
https://t.me/Movie3sk
https://t.me/Movie3sk
https://t.me/Movie3sk",2024-01-11T17:13:19+00:00,,,
65762,krazzzzysam,https://t.me/krazzzzysam,Download <PERSON>,2024-01-10T17:58:31+00:00,,,
65757,krazzzzysam,https://t.me/krazzzzysam,Family man,2024-01-10T17:13:02+00:00,,,
65647,krazzzzysam,https://t.me/krazzzzysam,मराठी सिनेमा <PERSON>,2024-01-10T07:04:47+00:00,,,
65646,krazzzzysam,https://t.me/krazzzzysam,मराठी सिनेमा <PERSON> बोलतोय,2024-01-10T07:04:38+00:00,,,
65645,krazzzzysam,https://t.me/krazzzzysam,<PERSON>,2024-01-10T07:04:04+00:00,,,
65484,krazzzzysam,https://t.me/krazzzzysam,https://t.me/vishubhai121/14265,2024-01-09T17:49:21+00:00,,,
65461,krazzzzysam,https://t.me/krazzzzysam,<PERSON> iPhone <PERSON>…?,2024-01-09T16:21:59+00:00,,,
65457,krazzzzysam,https://t.me/krazzzzysam,Pahile ek bar download <PERSON> English me <PERSON> delete <PERSON>,2024-01-09T16:00:39+00:00,,,
65456,krazzzzysam,https://t.me/krazzzzysam,<PERSON> me <PERSON> to <NRP> aata nhi hame....,2024-01-09T15:58:49+00:00,,,
65452,krazzzzysam,https://t.me/krazzzzysam,Rangoli movie ka link send kro,2024-01-09T15:07:09+00:00,,,
65446,krazzzzysam,https://t.me/krazzzzysam,Aeniml,2024-01-09T14:44:36+00:00,,,
65445,krazzzzysam,https://t.me/krazzzzysam,,2024-01-09T14:42:34+00:00,,,
65442,krazzzzysam,https://t.me/krazzzzysam,<PERSON>,2024-01-09T14:38:18+00:00,,,
65441,krazzzzysam,https://t.me/krazzzzysam,Sijjin movie link,2024-01-09T14:36:32+00:00,,,
65440,krazzzzysam,https://t.me/krazzzzysam,"https://t.me/movielatest18
https://t.me/movielatest18
https://t.me/movielatest18
https://t.me/movielatest18",2024-01-09T14:17:48+00:00,,,
65439,krazzzzysam,https://t.me/krazzzzysam,Night school,2024-01-09T14:12:33+00:00,,,
65438,krazzzzysam,https://t.me/krazzzzysam,<PERSON> he,2024-01-09T14:11:12+00:00,,,
65437,krazzzzysam,https://t.me/krazzzzysam,<PERSON> videos banaya he aesa <PERSON> he,2024-01-09T14:11:07+00:00,,,
65436,krazzzzysam,https://t.me/krazzzzysam,<PERSON>,2024-01-09T14:10:51+00:00,,,
65435,krazzzzysam,https://t.me/krazzzzysam,Ae download <PERSON> he,2024-01-09T14:10:43+00:00,,,
65434,krazzzzysam,https://t.me/krazzzzysam,BHAI,2024-01-09T14:10:29+00:00,,,
65429,krazzzzysam,https://t.me/krazzzzysam,Bhai the railway men web series - bhopal jc ka link bhej do,2024-01-09T13:19:59+00:00,,,
65427,krazzzzysam,https://t.me/krazzzzysam,<PERSON> withdraw <PERSON> video bana lo,2024-01-09T12:47:49+00:00,,,
65425,krazzzzysam,https://t.me/krazzzzysam,https://t.me/+7cW9zACdZG4wNTQ9,2024-01-09T12:05:48+00:00,,,
65424,krazzzzysam,https://t.me/krazzzzysam,https://t.me/+7cW9zACdZG4wNTQ9,2024-01-09T12:05:40+00:00,,,
65423,krazzzzysam,https://t.me/krazzzzysam,https://t.me/PaxTSKSUzXU2OWRl,2024-01-09T12:03:54+00:00,,,
65422,krazzzzysam,https://t.me/krazzzzysam,https://t.me/YBfRBgKHbt1kZGRl,2024-01-09T12:03:42+00:00,,,
65421,krazzzzysam,https://t.me/krazzzzysam,Bro Hindi me he na ye,2024-01-09T12:00:11+00:00,,,
65420,krazzzzysam,https://t.me/krazzzzysam,Movie <PERSON>,2024-01-09T11:51:31+00:00,,,
65416,krazzzzysam,https://t.me/krazzzzysam,2nd page pr game <PERSON> seen h,2024-01-09T11:01:13+00:00,,,
65403,krazzzzysam,https://t.me/krazzzzysam,<PERSON> kro,2024-01-09T09:26:47+00:00,,,
65402,krazzzzysam,https://t.me/krazzzzysam,Link not working,2024-01-09T09:19:07+00:00,,,
65373,krazzzzysam,https://t.me/krazzzzysam,Hii,2024-01-09T07:25:12+00:00,,,
65366,krazzzzysam,https://t.me/krazzzzysam,To do list,2024-01-09T06:38:59+00:00,,,
65354,krazzzzysam,https://t.me/krazzzzysam,https://t.me/PaxTSKSUzXU2OWRl,2024-01-09T06:00:01+00:00,,,
65353,krazzzzysam,https://t.me/krazzzzysam,https://t.me/+7cW9zACdZG4wNTQ9,2024-01-09T05:59:56+00:00,,,
65352,krazzzzysam,https://t.me/krazzzzysam,https://t.me/+7cW9zACdZG4wNTQ9,2024-01-09T05:59:53+00:00,,,
65351,krazzzzysam,https://t.me/krazzzzysam,https://t.me/+7cW9zACdZG4wNTQ9,2024-01-09T05:59:50+00:00,,,
65350,krazzzzysam,https://t.me/krazzzzysam,https://t.me/+7cW9zACdZG4wNTQ9,2024-01-09T05:59:39+00:00,,,
65335,krazzzzysam,https://t.me/krazzzzysam,Bhai big dady me 100 <PERSON><PERSON>,2024-01-09T05:32:46+00:00,,,
65331,krazzzzysam,https://t.me/krazzzzysam,<PERSON> aapne late bta rhe the setion bus aap hi profit <PERSON> rhe the,2024-01-09T05:19:50+00:00,,,
65330,krazzzzysam,https://t.me/krazzzzysam,Bhai or big <PERSON>ka setion dalo Yarr wait ker rhe he,2024-01-09T05:19:17+00:00,,,
65322,krazzzzysam,https://t.me/krazzzzysam,Hii,2024-01-09T04:18:11+00:00,,,
65319,krazzzzysam,https://t.me/krazzzzysam,Ya movie to English ma h,2024-01-09T03:42:34+00:00,,,
65305,krazzzzysam,https://t.me/krazzzzysam,DNS OFF KRNE BAD BHI ADD BLOCKER SHOW HORAHA HAI!..,2024-01-09T00:44:06+00:00,,,
65290,krazzzzysam,https://t.me/krazzzzysam,https://t.me/Movie3sk,2024-01-08T18:47:54+00:00,,,
65289,krazzzzysam,https://t.me/krazzzzysam,https://t.me/Movie3sk,2024-01-08T18:47:52+00:00,,,
65288,krazzzzysam,https://t.me/krazzzzysam,https://t.me/Movie3sk,2024-01-08T18:47:49+00:00,,,
65287,krazzzzysam,https://t.me/krazzzzysam,https://t.me/Movie3sk,2024-01-08T18:47:46+00:00,,,
65269,krazzzzysam,https://t.me/krazzzzysam,"Cπa$h Cøuπce web series Hindi Dubbed Total 10 episodes Download link 👇👇👇

  • Episodes ( 1-4 ) 👇
  https://ziplinker.net/8c5MQBI

  • Episodes ( 5-8 ) 👇
   <PERSON>• Episodes (9-10 ) 👇
  https://ziplinker.net/tXjL
_ _ _ _ _ _ _ _ _ _ _ _ _ _ _ _ _ _ _ _ _ _ _ _ _ _ _ 

Series ke bare me iss reel me btaya <PERSON>https://www.instagram.com/reel/Cz_vldrPiqK/?igshid=MzRlODBiNWFlZA==

                   ⚠️ IMPORTANT ⚠️

• Jisko Download Karne Mai Problem Ho wo ye
   wali video dekhlo 👇👇

https://t.me/KrazzzzySam/338

agr ad blocker show <PERSON> to phone ki settings me jakr private DNS off <PERSON> download <PERSON>

• Check out our YouTube channel",2024-01-08T17:05:06+00:00,,,
65265,krazzzzysam,https://t.me/krazzzzysam,Hello <PERSON> dubbed me movie bhej do please,2024-01-08T16:47:59+00:00,,,
65264,krazzzzysam,https://t.me/krazzzzysam,<PERSON> karu <PERSON>,2024-01-08T16:35:31+00:00,,,
65263,krazzzzysam,https://t.me/krazzzzysam,Movie Hindi me nhi AA <PERSON>,2024-01-08T16:34:18+00:00,,,
65260,krazzzzysam,https://t.me/krazzzzysam,Koye recharge <PERSON> do <DATE_TIME>,2024-01-08T16:31:29+00:00,,,
65259,krazzzzysam,https://t.me/krazzzzysam,<PERSON> Hindi me please,2024-01-08T16:26:17+00:00,,,
65258,krazzzzysam,https://t.me/krazzzzysam,Hi,2024-01-08T16:19:08+00:00,,,
65254,krazzzzysam,https://t.me/krazzzzysam,रे,2024-01-08T16:07:27+00:00,,,
65253,krazzzzysam,https://t.me/krazzzzysam,नाही,2024-01-08T16:07:25+00:00,,,
65249,krazzzzysam,https://t.me/krazzzzysam,Sax video cahiye DM me,2024-01-08T15:42:41+00:00,,,
65248,krazzzzysam,https://t.me/krazzzzysam,इंग्लिश जादा मुझे समजती <PERSON>,2024-01-08T15:39:13+00:00,,,
65247,krazzzzysam,https://t.me/krazzzzysam,आप <PERSON> हिंदी मे बात किजिये,2024-01-08T15:39:04+00:00,,,
65246,krazzzzysam,https://t.me/krazzzzysam,<PERSON> मेरे मोबाइल मे डाउनलोड <PERSON>,2024-01-08T15:38:51+00:00,,,
65245,krazzzzysam,https://t.me/krazzzzysam,<PERSON> मूवी डाउनलोड <PERSON> है,2024-01-08T15:38:40+00:00,,,
65243,krazzzzysam,https://t.me/krazzzzysam,The perfect date bhai,2024-01-08T15:29:13+00:00,,,
65234,krazzzzysam,https://t.me/krazzzzysam,"AMERICAN
PIE
PRESENTS
BETA HOUSE",2024-01-08T15:27:28+00:00,,,👍: 2
65221,krazzzzysam,https://t.me/krazzzzysam,Hindi me <PERSON> na,2024-01-08T15:25:09+00:00,,,
65220,krazzzzysam,https://t.me/krazzzzysam,<DATE_TIME>,2024-01-08T15:24:38+00:00,,,
65219,krazzzzysam,https://t.me/krazzzzysam,डाउनलोड होत नाही <PERSON> काही सांगा,2024-01-08T15:24:26+00:00,,,
65218,krazzzzysam,https://t.me/krazzzzysam,डाउनलोड होत नाही,2024-01-08T15:24:02+00:00,,,
65217,krazzzzysam,https://t.me/krazzzzysam,<PERSON> to <PERSON>,2024-01-08T15:23:02+00:00,,,
