id,Channel ID,URL,message,date,views,forwards,reactions
548,krazzzzysam,https://t.me/krazzzzysam,"Mega# !$ M!$$ing Movie Hindi Dubbed Download link here 👇👇

  • Download link👇
      https://ziplinker.net/hlbjg

A $erb!a# F!Lm Movie Download link here 👇 👇👇

 • Download link 👇
     https://ziplinker.net/eHzGu

Ant!€hri$t Movie Download link here 👇 👇

  • Download link 👇👇
     https://ziplinker.net/TnyKm
_ _ _ _ _ _ _ _ _ _ _ _ _ _ _ _ _ _

Movie ke bare me iss reel me btaya <PERSON>
https://www.instagram.com/reel/C3F23PZI44i/?igsh=MXBteDRsMmlmajJhbg==

        ⚠️ IMPORTANT ⚠️

• Jisko Download Karne Mai Problem Ho wo ye
   wali video dekhlo 👇👇

https://t.me/KrazzzzySam/541

agr ad blocker show <PERSON> to phone ki settings me jakr private DNS off <PERSON> download <PERSON>",2024-02-08T15:38:33+00:00,262282.0,259.0,"👍: 170, ❤: 20, 👎: 8, 🔥: 6, 👏: 4, 😁: 3, 🥰: 1"
84228,krazzzzysam,https://t.me/krazzzzysam,<PERSON>,2024-05-27T21:43:13+00:00,,,
78371,krazzzzysam,https://t.me/krazzzzysam,<PERSON>,2024-03-30T18:24:37+00:00,,,
77876,krazzzzysam,https://t.me/krazzzzysam,"https://t.me/+xeMVsKTeA_A4MGZl
https://t.me/+xeMVsKTeA_A4MGZl
https://t.me/+xeMVsKTeA_A4MGZl
https://t.me/+xeMVsKTeA_A4MGZl
https://t.me/+xeMVsKTeA_A4MGZl
https://t.me/+xeMVsKTeA_A4MGZl
https://t.me/+xeMVsKTeA_A4MGZl
https://t.me/+xeMVsKTeA_A4MGZl
https://t.me/+xeMVsKTeA_A4MGZl
https://t.me/+xeMVsKTeA_A4MGZl
https://t.me/+xeMVsKTeA_A4MGZl
https://t.me/+xeMVsKTeA_A4MGZl
https://t.me/+xeMVsKTeA_A4MGZl
https://t.me/+xeMVsKTeA_A4MGZl
https://t.me/+xeMVsKTeA_A4MGZl
https://t.me/+xeMVsKTeA_A4MGZl
https://t.me/+xeMVsKTeA_A4MGZl
https://t.me/+xeMVsKTeA_A4MGZl
https://t.me/+xeMVsKTeA_A4MGZl
https://t.me/+xeMVsKTeA_A4MGZl
https://t.me/+xeMVsKTeA_A4MGZl
https://t.me/+xeMVsKTeA_A4MGZl
https://t.me/+xeMVsKTeA_A4MGZl
https://t.me/+xeMVsKTeA_A4MGZl
https://t.me/+xeMVsKTeA_A4MGZl
https://t.me/+xeMVsKTeA_A4MGZl
https://t.me/+xeMVsKTeA_A4MGZl
https://t.me/+xeMVsKTeA_A4MGZl
https://t.me/+xeMVsKTeA_A4MGZl
https://t.me/+xeMVsKTeA_A4MGZl
https://t.me/+xeMVsKTeA_A4MGZl
https://t.me/+xeMVsKTeA_A4MGZl
https://t.me/+xeMVsKTeA_A4MGZl
https://t.me/+xeMVsKTeA_A4MGZl
https://t.me/+xeMVsKTeA_A4MGZl
https://t.me/+xeMVsKTeA_A4MGZl
https://t.me/+xeMVsKTeA_A4MGZl
https://t.me/+xeMVsKTeA_A4MGZl
https://t.me/+xeMVsKTeA_A4MGZl
https://t.me/+xeMVsKTeA_A4MGZl
https://t.me/+xeMVsKTeA_A4MGZl
https://t.me/+xeMVsKTeA_A4MGZl
https://t.me/+xeMVsKTeA_A4MGZl
https://t.me/+xeMVsKTeA_A4MGZl
https://t.me/+xeMVsKTeA_A4MGZl
https://t.me/+xeMVsKTeA_A4MGZl
https://t.me/+xeMVsKTeA_A4MGZl
https://t.me/+xeMVsKTeA_A4MGZl
https://t.me/+xeMVsKTeA_A4MGZl
https://t.me/+xeMVsKTeA_A4MGZl
https://t.me/+xeMVsKTeA_A4MGZl
https://t.me/+xeMVsKTeA_A4MGZl
https://t.me/+xeMVsKTeA_A4MGZl
https://t.me/+xeMVsKTeA_A4MGZl
https://t.me/+xeMVsKTeA_A4MGZl
https://t.me/+xeMVsKTeA_A4MGZl
https://t.me/+xeMVsKTeA_A4MGZl
https://t.me/+xeMVsKTeA_A4MGZl
https://t.me/+xeMVsKTeA_A4MGZl
https://t.me/+xeMVsKTeA_A4MGZl
https://t.me/+xeMVsKTeA_A4MGZl
https://t.me/+xeMVsKTeA_A4MGZl
https://t.me/+xeMVsKTeA_A4MGZl
https://t.me/+xeMVsKTeA_A4MGZl
https://t.me/+xeMVsKTeA_A4MGZl
https://t.me/+xeMVsKTeA_A4MGZl
https://t.me/+xeMVsKTeA_A4MGZl
https://t.me/+xeMVsKTeA_A4MGZl
https://t.me/+xeMVsKTeA_A4MGZl
https://t.me/+xeMVsKTeA_A4MGZl
https://t.me/+xeMVsKTeA_A4MGZl
https://t.me/+xeMVsKTeA_A4MGZl
https://t.me/+xeMVsKTeA_A4MGZl
https://t.me/+xeMVsKTeA_A4MGZl
https://t.me/+xeMVsKTeA_A4MGZl
https://t.me/+xeMVsKTeA_A4MGZl
https://t.me/+xeMVsKTeA_A4MGZl
https://t.me/+xeMVsKTeA_A4MGZl
https://t.me/+xeMVsKTeA_A4MGZl
https://t.me/+xeMVsKTeA_A4MGZl
https://t.me/+xeMVsKTeA_A4MGZl
https://t.me/+xeMVsKTeA_A4MGZl
https://t.me/+xeMVsKTeA_A4MGZl
https://t.me/+xeMVsKTeA_A4MGZl
https://t.me/+xeMVsKTeA_A4MGZl
https://t.me/+xeMVsKTeA_A4MGZl
https://t.me/+xeMVsKTeA_A4MGZl
https://t.me/+xeMVsKTeA_A4MGZl
https://t.me/+xeMVsKTeA_A4MGZl
https://t.me/+xeMVsKTeA_A4MGZl
https://t.me/+xeMVsKTeA_A4MGZl
https://t.me/+xeMVsKTeA_A4MGZl
https://t.me/+xeMVsKTeA_A4MGZl
https://t.me/+xeMVsKTeA_A4MGZl
https://t.me/+xeMVsKTeA_A4MGZl
https://t.me/+xeMVsKTeA_A4MGZl
https://t.me/+xeMVsKTeA_A4MGZl
https://t.me/+xeMVsKTeA_A4MGZl",2024-03-27T22:55:36+00:00,,,
74985,krazzzzysam,https://t.me/krazzzzysam,Hii,2024-03-14T08:11:14+00:00,,,
74274,krazzzzysam,https://t.me/krazzzzysam,https://rummyggg.com/?from_gameid=21643179&channelCode=200000,2024-03-05T22:44:00+00:00,,,
73536,krazzzzysam,https://t.me/krazzzzysam,https://damanclub.net/#/register?invitationCode=764555214225,2024-02-26T10:58:00+00:00,,,
72612,krazzzzysam,https://t.me/krazzzzysam,404 not found error <PERSON>,2024-02-15T18:46:55+00:00,,,
72208,krazzzzysam,https://t.me/krazzzzysam,Movie <NRP> ma download <PERSON>,2024-02-11T13:09:10+00:00,,,
72002,krazzzzysam,https://t.me/krazzzzysam,http://s2.letsfun.cc/share/ldu2/A3080e7e/3,2024-02-10T12:45:23+00:00,,,
71991,krazzzzysam,https://t.me/krazzzzysam,Movie English me he,2024-02-10T11:15:44+00:00,,,
71948,krazzzzysam,https://t.me/krazzzzysam,https://t.me/botifyai_bot?start=referral_<PHONE_NUMBER>,2024-02-09T20:44:55+00:00,,,
71848,krazzzzysam,https://t.me/krazzzzysam,Hindi me <PERSON>,2024-02-09T10:54:34+00:00,,,
71826,krazzzzysam,https://t.me/krazzzzysam,<PERSON> laya kro na <NRP> ma adult <PERSON> ma maza ni,2024-02-09T09:50:57+00:00,,,
71815,krazzzzysam,https://t.me/krazzzzysam,Movie chahiye,2024-02-09T09:40:03+00:00,,,
71814,krazzzzysam,https://t.me/krazzzzysam,Crash course,2024-02-09T09:39:48+00:00,,,
71811,krazzzzysam,https://t.me/krazzzzysam,Easy money earn tep to link and start earning🙈😊,2024-02-09T09:34:52+00:00,,,👍: 1
71810,krazzzzysam,https://t.me/krazzzzysam,https://t.me/Tgbotsponsor_bot?start=<PHONE_NUMBER>,2024-02-09T09:34:47+00:00,,,
71809,krazzzzysam,https://t.me/krazzzzysam,Crash course m,2024-02-09T09:31:44+00:00,,,
71789,krazzzzysam,https://t.me/krazzzzysam,https://youtube.com/shorts/-TLx9xSagWs?si=hTn5pDVtzMJV29lk,2024-02-09T06:55:38+00:00,,,
71788,krazzzzysam,https://t.me/krazzzzysam,https://youtube.com/shorts/ySg7QhAggwU?si=Bg_pByJflyBpGfgb,2024-02-09T06:55:36+00:00,,,
71787,krazzzzysam,https://t.me/krazzzzysam,https://youtube.com/shorts/WBz9UXbm2pE?si=MQa15bwToQGkrZ0x,2024-02-09T06:55:34+00:00,,,
71786,krazzzzysam,https://t.me/krazzzzysam,https://www.youtube.com/@techSanjay66,2024-02-09T06:55:31+00:00,,,
71785,krazzzzysam,https://t.me/krazzzzysam,Please subscribe my channel 🙏,2024-02-09T06:55:24+00:00,,,
71783,krazzzzysam,https://t.me/krazzzzysam,Movie download nhi <PERSON>,2024-02-09T06:35:52+00:00,,,
71766,krazzzzysam,https://t.me/krazzzzysam,Hindi,2024-02-09T05:59:15+00:00,,,
71765,krazzzzysam,https://t.me/krazzzzysam,Crash course movie,2024-02-09T05:59:00+00:00,,,
71734,krazzzzysam,https://t.me/krazzzzysam,Hii,2024-02-09T00:44:11+00:00,,,
71732,krazzzzysam,https://t.me/krazzzzysam,Hiii,2024-02-08T23:26:30+00:00,,,
71726,krazzzzysam,https://t.me/krazzzzysam,crash course,2024-02-08T18:18:00+00:00,,,
71725,krazzzzysam,https://t.me/krazzzzysam,Are you there god it s me <PERSON>,2024-02-08T17:51:03+00:00,,,
71714,krazzzzysam,https://t.me/krazzzzysam,Ak video bana <PERSON> do <PERSON>,2024-02-08T17:32:45+00:00,,,
71713,krazzzzysam,https://t.me/krazzzzysam,<PERSON> movie download <PERSON>,2024-02-08T17:32:20+00:00,,,
71706,krazzzzysam,https://t.me/krazzzzysam,<NRP> dreem girl 1and 2 link,2024-02-08T16:44:55+00:00,,,
71669,krazzzzysam,https://t.me/krazzzzysam,Hi,2024-02-08T16:16:36+00:00,,,
71663,krazzzzysam,https://t.me/krazzzzysam,Please Terabox link drop,2024-02-08T16:02:55+00:00,,,
