id,Channel ID,URL,message,date,views,forwards,reactions
831,hxtlistservices,https://t.me/hxtlistservices,"@roal scamming another scammer . They all work together , let’s see who’s right and wrong here . If ur trusted and ur mate gets scammed & u go scam that guy back doesn’t that make u a scammer 

Yes or No ?",2023-04-24T15:13:32+00:00,339.0,,
3512,hxtlistservices,https://t.me/hxtlistservices,Amen,2023-04-24T15:25:08+00:00,,,
3511,hxtlistservices,https://t.me/hxtlistservices,Yes,2023-04-24T15:24:55+00:00,,,
