id,Channel ID,URL,message,date,views,forwards,reactions
1047,hxtlistservices,https://t.me/hxtlistservices,"@alwaysbeenrich

This is SWEB yall DM for more proof if u don’t believe me he thinks he rich cuz he got off on $40 😹 

@Hxtlist 


Just be careful yall",2023-06-26T19:21:32+00:00,618.0,1.0,
4705,hxtlistservices,https://t.me/hxtlistservices,Not me,2023-06-26T19:25:32+00:00,,,
4695,hxtlistservices,https://t.me/hxtlistservices,"👤 <PERSON>
⁣👦🏻 Decay<PERSON>
⁣🌐 @alwaysbeenrich
🕑 Updated at <DATE_TIME>",2023-06-26T19:23:42+00:00,,,
4692,hxtlistservices,https://t.me/hxtlistservices,Chat is this real?,2023-06-26T19:22:49+00:00,,,
