id,Channel ID,URL,message,date,views,forwards,reactions
1515,hxtlistservices,https://t.me/hxtlistservices,,2024-01-11T16:16:51+00:00,589.0,11.0,❤: 1
10416,hxtlistservices,https://t.me/hxtlistservices,What you seen man,2024-01-21T04:18:28+00:00,,,
10415,hxtlistservices,https://t.me/hxtlistservices,<PERSON> all left,2024-01-21T04:18:00+00:00,,,
10196,hxtlistservices,https://t.me/hxtlistservices,DM,2024-01-15T01:37:02+00:00,,,
10191,hxtlistservices,https://t.me/hxtlistservices,i’ll buy one,2024-01-14T21:15:08+00:00,,,
