id,Channel ID,URL,message,date,views,forwards,reactions
1328,hxtlistservices,https://t.me/hxtlistservices,"📷 New 4L list

@miwz 85 , @mhle 85 , @hgro 65
@hgro 65 , @hkmf <DATE_TIME> , @lyix 55
@fhwk <DATE_TIME> , @mcfi 50 , @cyux ❌
, @havq 47 , @jbog 47
@osyb <DATE_TIME> , @zroj 47 , @enyg 47
@djwz <DATE_TIME>, @fcvt 45
@ogeb 45 , @nkug 45 , @hrmb 45
@cbrm ❌, <PERSON> 45 , @zxdj 45
@pmeg 45 , @bwiv 45 , @ybxa 45
@gcwm ❌, @lkwh 45, @wdnh 45
@xzsg 45 , @ifnw 45 , @edbi 45
@lbsk 45 , @pbof 45 , @awpx 45
@wdnh 43 , @asjo ❌❌, <NRP> ❌
@gklq 37 , @glnb 37 , @pnvc 37
@xgvo 37, @xcdq 37, @zvyf 37
@jqam 37, @jpzm <DATE_TIME>, @zvyf 37
@zfdg 37 , <PERSON> 37, @uvqj 37
@tvqw 37

⭐ - Contact : @Hxtlist",2023-10-30T15:18:52+00:00,863.0,6.0,❤: 3
12200,hxtlistservices,https://t.me/hxtlistservices,Do u know what's u got I wanna buy a @,2024-03-11T15:58:00+00:00,,,
12199,hxtlistservices,https://t.me/hxtlistservices,Banned,2024-03-11T15:56:56+00:00,,,
12198,hxtlistservices,https://t.me/hxtlistservices,What's ur IG,2024-03-11T15:56:15+00:00,,,
12195,hxtlistservices,https://t.me/hxtlistservices,Sold I have no update in awhile . Check iG and see if it’s available,2024-03-11T14:53:53+00:00,,,
12194,hxtlistservices,https://t.me/hxtlistservices,Do u have @hgro,2024-03-11T14:51:24+00:00,,,
12193,hxtlistservices,https://t.me/hxtlistservices,Sold,2024-03-11T14:41:59+00:00,,,
12192,hxtlistservices,https://t.me/hxtlistservices,Hi how much for @asjo,2024-03-11T14:30:18+00:00,,,
