id,Channel ID,URL,message,date,views,forwards,reactions
757,techhackers1,https://t.me/techhackers1,<PERSON> na Airtel niwape file safi,2024-02-05T16:47:55+00:00,806.0,1.0,👍: 10
2482,techhackers1,https://t.me/techhackers1,<PERSON>,2024-02-07T22:09:37+00:00,,,
2481,techhackers1,https://t.me/techhackers1,<PERSON> file,2024-02-07T13:17:13+00:00,,,
2471,techhackers1,https://t.me/techhackers1,File unlimited ama,2024-02-05T21:36:09+00:00,,,
2409,techhackers1,https://t.me/techhackers1,File nawapa ila ile mbogi ya ku invest <PERSON> doo <PERSON>,2024-02-05T16:52:49+00:00,,,
2406,techhackers1,https://t.me/techhackers1,🙌,2024-02-05T16:50:21+00:00,,,
2405,techhackers1,https://t.me/techhackers1,😂😂<PERSON> <DATE_TIME> for <DATE_TIME> <PERSON>,2024-02-05T16:50:14+00:00,,,
2403,techhackers1,https://t.me/techhackers1,@admins kuja kiasi,2024-02-05T16:50:12+00:00,,,
2397,techhackers1,https://t.me/techhackers1,Ikuje 90Gb wamebeba😂,2024-02-05T16:49:14+00:00,,,
2396,techhackers1,https://t.me/techhackers1,Reactions <PERSON>,2024-02-05T16:49:05+00:00,,,
2395,techhackers1,https://t.me/techhackers1,<PERSON>,2024-02-05T16:48:51+00:00,,,
2394,techhackers1,https://t.me/techhackers1,<PERSON>,2024-02-05T16:48:29+00:00,,,
