id,Channel ID,URL,message,date,views,forwards,reactions
791,techhackers1,https://t.me/techhackers1,"<PERSON>
Dial *456#
Option 1 Buy
Option 5 Blaze
Option 1 plans with no expiry
Option ya 5 bob 500 mbs
Option ya auto renew
*544*35# unsubscribe
Then you will be able to use the data for <DATE_TIME>.
*NB:Make sure you unsubscribe*
THANK me laiter",2024-02-17T12:25:41+00:00,870.0,2.0,
2564,techhackers1,https://t.me/techhackers1,Iko,2024-02-19T06:10:32+00:00,,,
2563,techhackers1,https://t.me/techhackers1,<PERSON>,2024-02-18T08:55:07+00:00,,,
2561,techhackers1,https://t.me/techhackers1,hii wanasema valid <DATE_TIME>,2024-02-17T12:31:20+00:00,,,
