id,Channel ID,URL,message,date,views,forwards,reactions
786,techhackers1,https://t.me/techhackers1,<PERSON> 😂😂😂third screenshot,2024-02-15T05:54:13+00:00,623.0,,
2562,techhackers1,https://t.me/techhackers1,Mzee😂😂😂,2024-02-17T19:53:11+00:00,,,
2543,techhackers1,https://t.me/techhackers1,,2024-02-15T18:29:49+00:00,,,
2541,techhackers1,https://t.me/techhackers1,<PERSON> na ngapi mzing,2024-02-15T08:57:57+00:00,,,
2538,techhackers1,https://t.me/techhackers1,<PERSON> test kwa account yangu niamini💀💀😂,2024-02-15T08:37:24+00:00,,,
