id,Channel ID,URL,message,date,views,forwards,reactions
747,techhackers1,https://t.me/techhackers1,Siet,2024-02-03T17:08:45+00:00,830.0,,
2375,techhackers1,https://t.me/techhackers1,😂😂,2024-02-05T05:43:00+00:00,,,
2374,techhackers1,https://t.me/techhackers1,<PERSON>,2024-02-05T05:42:43+00:00,,,
2373,techhackers1,https://t.me/techhackers1,Who nah bi dis😂😂😂,2024-02-05T05:35:38+00:00,,,
2372,techhackers1,https://t.me/techhackers1,Nimerudi😂,2024-02-05T05:34:12+00:00,,,
2370,techhackers1,https://t.me/techhackers1,<PERSON>,2024-02-05T05:33:01+00:00,,,
2368,techhackers1,https://t.me/techhackers1,Vipi,2024-02-05T05:32:47+00:00,,,👍: 1
2363,techhackers1,https://t.me/techhackers1,Mzee,2024-02-03T18:59:04+00:00,,,
2362,techhackers1,https://t.me/techhackers1,Diyem,2024-02-03T17:27:24+00:00,,,
2361,techhackers1,https://t.me/techhackers1,Remo?,2024-02-03T17:25:34+00:00,,,
2360,techhackers1,https://t.me/techhackers1,Account karibu iende,2024-02-03T17:18:11+00:00,,,
2357,techhackers1,https://t.me/techhackers1,Rada mkuu,2024-02-03T17:10:15+00:00,,,
