id,Channel ID,URL,message,date,views,forwards,reactions
266,accountsforsalelucagency,https://t.me/accountsforsalelucagency,"▫️▪️▪️▫️▪️▪️▫️▪️▪️▫️   ▪️▫️▫️▪️

Reinstated pages created since <DATE_TIME>
▫️ Passed disabled ads of Facebook once
▫️ Warranty back in <DATE_TIME> and page live for ads when sharing page

Contact us now to get it 🔥
✅https://t.me/Alice_LucaAgency
✅https://t.me/aimee_lucagency
✅https://t.me/Hazel_Lucagency
✅https://t.me/Christina_LucaAgency
✅https://t.me/Jena_lucagency

Check out our website: https://lucagency.net/",2024-02-28T07:06:07+00:00,133.0,,
254,accountsforsalelucagency,https://t.me/accountsforsalelucagency,"sure, pls check my direct message",2024-02-29T07:30:06+00:00,,,
253,accountsforsalelucagency,https://t.me/accountsforsalelucagency,I want to buy a old facebook page can you help me?,2024-02-28T20:16:12+00:00,,,
