id,Channel ID,URL,message,date,views,forwards,reactions
277,accountsforsalelucagency,https://t.me/accountsforsalelucagency,"▫️▪️▪️▫️▪️▪️▫️▪️▪️▫️   ▪️▫️▫️▪️

Reinstated pages created since <DATE_TIME>
▫️ Passed disabled ads of Facebook once
▫️ 1900+ real followers
▫️ Warranty back in <DATE_TIME> and page live for ads when sharing page

Contact us now to get it 🔥
✅https://t.me/Alice_LucaAgency
✅https://t.me/aimee_lucagency
✅https://t.me/Hazel_Lucagency
✅https://t.me/Christina_LucaAgency
✅https://t.me/Jena_lucagency

Check out our website: https://lucagency.net/",2024-03-13T04:14:05+00:00,175.0,,
267,accountsforsalelucagency,https://t.me/accountsforsalelucagency,Pls check my direct,2024-03-22T08:15:18+00:00,,,
265,accountsforsalelucagency,https://t.me/accountsforsalelucagency,I want to buy Facebook Accounts.,2024-03-15T16:09:26+00:00,,,
