id,Channel ID,URL,message,date,views,forwards,reactions
277,onlinehackingx,https://t.me/onlinehackingx,,2024-02-19T12:14:33+00:00,56091.0,37.0,"🤣: 362, 👍: 37, 😁: 22, 🔥: 21, 😱: 12, 🥴: 11, 🤯: 8, 🥰: 6, 😍: 5, 🤔: 3, 😎: 2"
277614,onlinehackingx,https://t.me/onlinehackingx,I need online working without investment,2024-06-02T00:27:45+00:00,,,
277613,onlinehackingx,https://t.me/onlinehackingx,<PERSON> hacking sekha dy,2024-06-02T00:27:15+00:00,,,
277612,onlinehackingx,https://t.me/onlinehackingx,Hi,2024-06-02T00:26:49+00:00,,,
240153,onlinehackingx,https://t.me/onlinehackingx,Nice work,2024-03-13T10:18:10+00:00,,,
233325,onlinehackingx,https://t.me/onlinehackingx,,2024-03-01T18:08:02+00:00,,,
233324,onlinehackingx,https://t.me/onlinehackingx,,2024-03-01T18:08:01+00:00,,,
233323,onlinehackingx,https://t.me/onlinehackingx,,2024-03-01T18:08:00+00:00,,,
233322,onlinehackingx,https://t.me/onlinehackingx,,2024-03-01T18:08:00+00:00,,,
233321,onlinehackingx,https://t.me/onlinehackingx,,2024-03-01T18:08:00+00:00,,,
233320,onlinehackingx,https://t.me/onlinehackingx,,2024-03-01T18:07:59+00:00,,,
233319,onlinehackingx,https://t.me/onlinehackingx,,2024-03-01T18:07:59+00:00,,,
233318,onlinehackingx,https://t.me/onlinehackingx,,2024-03-01T18:07:59+00:00,,,
233317,onlinehackingx,https://t.me/onlinehackingx,,2024-03-01T18:07:59+00:00,,,
233316,onlinehackingx,https://t.me/onlinehackingx,,2024-03-01T18:07:59+00:00,,,
233315,onlinehackingx,https://t.me/onlinehackingx,,2024-03-01T18:07:59+00:00,,,
233314,onlinehackingx,https://t.me/onlinehackingx,,2024-03-01T18:07:59+00:00,,,
231225,onlinehackingx,https://t.me/onlinehackingx,Hello,2024-02-29T16:53:03+00:00,,,
231224,onlinehackingx,https://t.me/onlinehackingx,Hiii,2024-02-29T16:53:00+00:00,,,
229796,onlinehackingx,https://t.me/onlinehackingx,Sleep 0.5,2024-02-28T23:59:32+00:00,,,👍: 1
226811,onlinehackingx,https://t.me/onlinehackingx,Hello,2024-02-26T06:42:35+00:00,,,
223925,onlinehackingx,https://t.me/onlinehackingx,<PERSON>,2024-02-22T13:24:55+00:00,,,
223916,onlinehackingx,https://t.me/onlinehackingx,<NRP> vallu lera,2024-02-22T13:22:25+00:00,,,
223240,onlinehackingx,https://t.me/onlinehackingx,Hi,2024-02-22T01:51:30+00:00,,,
222774,onlinehackingx,https://t.me/onlinehackingx,Hello guys,2024-02-21T09:04:45+00:00,,,
222751,onlinehackingx,https://t.me/onlinehackingx,Hacked nasa my good,2024-02-21T08:05:55+00:00,,,👍: 1
222472,onlinehackingx,https://t.me/onlinehackingx,,2024-02-21T04:20:57+00:00,,,👍: 1
222433,onlinehackingx,https://t.me/onlinehackingx,"console.log(`Start Attacking....... 
Hacking Nasa 10%
Hacking Nasa 20%
Hacking Nasa 30%
Hacking Nasa 40%
Hacking Nasa 50%
Hacking Nasa 60%
Hacking Nasa 70%
Hacking Nasa 80%
Hacking Nasa 90%
Hacking Nasa 100%
Nasa Hacked Successfully`);",2024-02-21T02:41:16+00:00,,,
222423,onlinehackingx,https://t.me/onlinehackingx,Nope,2024-02-21T02:35:52+00:00,,,
222376,onlinehackingx,https://t.me/onlinehackingx,Ji,2024-02-20T20:00:49+00:00,,,
222375,onlinehackingx,https://t.me/onlinehackingx,<PERSON> lol,2024-02-20T19:04:20+00:00,,,
222374,onlinehackingx,https://t.me/onlinehackingx,Is it possible to withdraw money from dead bank account?,2024-02-20T18:58:35+00:00,,,
222145,onlinehackingx,https://t.me/onlinehackingx,Yes bro,2024-02-20T10:22:07+00:00,,,
222135,onlinehackingx,https://t.me/onlinehackingx,Anyone knows carding here?,2024-02-20T09:53:43+00:00,,,
222129,onlinehackingx,https://t.me/onlinehackingx,Hlo,2024-02-20T08:47:00+00:00,,,
222127,onlinehackingx,https://t.me/onlinehackingx,16k <NRP>🎉<NRP>,2024-02-20T08:18:39+00:00,,,🔥: 1
222120,onlinehackingx,https://t.me/onlinehackingx,OMG 😂😂😂😂,2024-02-20T07:51:52+00:00,,,
222074,onlinehackingx,https://t.me/onlinehackingx,💀💀,2024-02-20T05:17:52+00:00,,,
222055,onlinehackingx,https://t.me/onlinehackingx,<PERSON>,2024-02-20T03:42:57+00:00,,,
222006,onlinehackingx,https://t.me/onlinehackingx,"console.log(""Start Attacking...."");
for (i=0; <NRP>; i++){
    console.log(""Hacking Nasa "" + i*20 + ""%"");
}
console.log(""Nasa Hacked Successfully"");",2024-02-19T20:59:06+00:00,,,👍: 3
222005,onlinehackingx,https://t.me/onlinehackingx,<NRP>,2024-02-19T20:48:13+00:00,,,
222004,onlinehackingx,https://t.me/onlinehackingx,could've put all that into a tuple and then iterate over it,2024-02-19T19:36:20+00:00,,,
222003,onlinehackingx,https://t.me/onlinehackingx,"a = 'start attacking . . .'
b = 'hacking Nasa 0%'
c = 'hacking Nasa 10%'
d = 'hacking Nasa 20%'
e = 'hacking Nasa 30%'
f = 'hacking Nasa 40%'
g = 'hacking Nasa 50%'
h = 'hacking Nasa 60%'
i = 'hacking Nasa 70%'
j = 'hacking Nasa 80%'
k = 'hacking Nasa 90%'
l = 'hacking Nasa 100%'

the_end = 'Error, this is not a movie, go back to school'

print (a)
print (b)
print (c)
print (d)
print (e)
print (f)
print (g)
print (h)
print (i)
print (j)
print (k)
print (l)
print (the_end)

😂😂😂",2024-02-19T19:08:41+00:00,,,
221981,onlinehackingx,https://t.me/onlinehackingx,broo,2024-02-19T18:40:07+00:00,,,
221975,onlinehackingx,https://t.me/onlinehackingx,,2024-02-19T18:07:41+00:00,,,
221967,onlinehackingx,https://t.me/onlinehackingx,Lol,2024-02-19T17:38:45+00:00,,,
221857,onlinehackingx,https://t.me/onlinehackingx,😂😂,2024-02-19T16:28:35+00:00,,,
221855,onlinehackingx,https://t.me/onlinehackingx,Thanks Working NASA has been hacked 🥳,2024-02-19T16:28:32+00:00,,,
221853,onlinehackingx,https://t.me/onlinehackingx,🤣,2024-02-19T16:27:42+00:00,,,
221850,onlinehackingx,https://t.me/onlinehackingx,But a one special charector missing from programme to give it next line of each code of line,2024-02-19T16:24:57+00:00,,,
221814,onlinehackingx,https://t.me/onlinehackingx,yes,2024-02-19T15:25:35+00:00,,,
221702,onlinehackingx,https://t.me/onlinehackingx,bro u forgot time.sleep for loading time🤣🤣,2024-02-19T13:24:21+00:00,,,🤣: 1
221701,onlinehackingx,https://t.me/onlinehackingx,Hi dude,2024-02-19T13:08:00+00:00,,,
221700,onlinehackingx,https://t.me/onlinehackingx,At least they had to use a loop. 😪,2024-02-19T12:46:25+00:00,,,😁: 2
221696,onlinehackingx,https://t.me/onlinehackingx,Hacking <PERSON> bhai,2024-02-19T12:44:46+00:00,,,🤣: 2
221695,onlinehackingx,https://t.me/onlinehackingx,Hi,2024-02-19T12:44:27+00:00,,,
221694,onlinehackingx,https://t.me/onlinehackingx,hi,2024-02-19T12:41:48+00:00,,,
221676,onlinehackingx,https://t.me/onlinehackingx,😂😂,2024-02-19T12:20:58+00:00,,,
221675,onlinehackingx,https://t.me/onlinehackingx,Hacked nasa o my <PERSON>,2024-02-19T12:20:56+00:00,,,
221671,onlinehackingx,https://t.me/onlinehackingx,right🗿😂,2024-02-19T12:20:05+00:00,,,
221670,onlinehackingx,https://t.me/onlinehackingx,🤣🤣🤣🤣🤣,2024-02-19T12:19:52+00:00,,,👍: 1
221669,onlinehackingx,https://t.me/onlinehackingx,Nasa hack <PERSON> he 😎😎😎🎈,2024-02-19T12:19:28+00:00,,,
221668,onlinehackingx,https://t.me/onlinehackingx,<PERSON>,2024-02-19T12:16:11+00:00,,,
221667,onlinehackingx,https://t.me/onlinehackingx,Free,2024-02-19T12:15:56+00:00,,,👍: 2
221666,onlinehackingx,https://t.me/onlinehackingx,Bra heavy hn ap 😅,2024-02-19T12:15:33+00:00,,,
221665,onlinehackingx,https://t.me/onlinehackingx,🤣,2024-02-19T12:15:23+00:00,,,👍: 1
221664,onlinehackingx,https://t.me/onlinehackingx,😂😂,2024-02-19T12:15:00+00:00,,,❤: 1
