id,Channel ID,URL,message,date,views,forwards,reactions
248,onlinehackingx,https://t.me/onlinehackingx,"👑 Hey there, I'm <PERSON>! <PERSON>I am a female AI For Chat to You. You can Talk With Me.


💖 Your Girl Friend AI chat companion.

😊 Ready for a chat anytime! 🔥


🔥 Bot : @LinaChatXBot


<PERSON> © 2023 @XTGBots",2023-12-12T08:11:24+00:00,96949.0,13.0,"👍: 131, ❤: 36, 🥰: 27, 🤔: 20, 😁: 14, 😱: 11, 🥴: 10, 🔥: 9, 😭: 6"
269521,onlinehackingx,https://t.me/onlinehackingx,how can i reach the owner of these telegram group,2024-05-12T07:57:25+00:00,,,👍: 1
250058,onlinehackingx,https://t.me/onlinehackingx,Ye to kaam hi <PERSON> h,2024-03-30T04:36:29+00:00,,,
235147,onlinehackingx,https://t.me/onlinehackingx,<PERSON> bro not lina in onlinehackingx 😭🤣,2024-03-03T22:16:48+00:00,,,
174807,onlinehackingx,https://t.me/onlinehackingx,Not working brother 🤧,2024-01-07T13:30:10+00:00,,,
99403,onlinehackingx,https://t.me/onlinehackingx,Hello 🤗,2023-12-19T10:09:07+00:00,,,👍: 1
91404,onlinehackingx,https://t.me/onlinehackingx,Hii,2023-12-17T11:40:44+00:00,,,
81402,onlinehackingx,https://t.me/onlinehackingx,How to use this bot 🤣,2023-12-15T13:15:38+00:00,,,
71006,onlinehackingx,https://t.me/onlinehackingx,<NRP> ai reply to <PERSON>,2023-12-13T15:46:47+00:00,,,👍: 1
69763,onlinehackingx,https://t.me/onlinehackingx,Bro what <PERSON>,2023-12-13T12:56:44+00:00,,,👍: 1
66427,onlinehackingx,https://t.me/onlinehackingx,rat 7.1  how to login,2023-12-13T01:24:22+00:00,,,
66425,onlinehackingx,https://t.me/onlinehackingx,rat 7.1 em ail nd pass,2023-12-13T01:23:47+00:00,,,👍: 1
62534,onlinehackingx,https://t.me/onlinehackingx,Hello,2023-12-12T14:31:43+00:00,,,
62136,onlinehackingx,https://t.me/onlinehackingx,Hi,2023-12-12T14:02:37+00:00,,,
61884,onlinehackingx,https://t.me/onlinehackingx,How hack bro,2023-12-12T13:42:22+00:00,,,
61621,onlinehackingx,https://t.me/onlinehackingx,Instagram,2023-12-12T13:26:17+00:00,,,
61596,onlinehackingx,https://t.me/onlinehackingx,Ye aapp logo <PERSON> batt <PERSON>,2023-12-12T13:25:20+00:00,,,
61590,onlinehackingx,https://t.me/onlinehackingx,<PERSON> na koi ling aa hi <PERSON>,2023-12-12T13:25:05+00:00,,,
61130,onlinehackingx,https://t.me/onlinehackingx,Yea,2023-12-12T12:59:30+00:00,,,
60602,onlinehackingx,https://t.me/onlinehackingx,Bro Naku Facebook hack kavler,2023-12-12T12:16:40+00:00,,,
60225,onlinehackingx,https://t.me/onlinehackingx,Instagram bot,2023-12-12T11:48:43+00:00,,,
60092,onlinehackingx,https://t.me/onlinehackingx,<NRP>,2023-12-12T11:35:06+00:00,,,"👍: 1, 👎: 1"
60008,onlinehackingx,https://t.me/onlinehackingx,Come chat let's work,2023-12-12T11:24:34+00:00,,,
59768,onlinehackingx,https://t.me/onlinehackingx,Hii,2023-12-12T11:10:38+00:00,,,
59734,onlinehackingx,https://t.me/onlinehackingx,Bro,2023-12-12T11:05:13+00:00,,,
59731,onlinehackingx,https://t.me/onlinehackingx,J,2023-12-12T11:03:48+00:00,,,
59697,onlinehackingx,https://t.me/onlinehackingx,Hi,2023-12-12T10:58:46+00:00,,,
59667,onlinehackingx,https://t.me/onlinehackingx,No hack fake,2023-12-12T10:54:07+00:00,,,👍: 1
59664,onlinehackingx,https://t.me/onlinehackingx,Fake yar,2023-12-12T10:53:59+00:00,,,
59508,onlinehackingx,https://t.me/onlinehackingx,Facebook hack how,2023-12-12T10:40:39+00:00,,,👍: 1
59366,onlinehackingx,https://t.me/onlinehackingx,For information,2023-12-12T10:21:33+00:00,,,👍: 1
59217,onlinehackingx,https://t.me/onlinehackingx,I need APK RAT,2023-12-12T10:06:05+00:00,,,
59211,onlinehackingx,https://t.me/onlinehackingx,Link,2023-12-12T10:04:49+00:00,,,
59210,onlinehackingx,https://t.me/onlinehackingx,Instagram,2023-12-12T10:04:36+00:00,,,👍: 1
59088,onlinehackingx,https://t.me/onlinehackingx,Why,2023-12-12T09:51:43+00:00,,,
58964,onlinehackingx,https://t.me/onlinehackingx,Hii,2023-12-12T09:41:37+00:00,,,
58927,onlinehackingx,https://t.me/onlinehackingx,Who was the owner of this bot,2023-12-12T09:33:51+00:00,,,
58926,onlinehackingx,https://t.me/onlinehackingx,What's app chatting,2023-12-12T09:33:47+00:00,,,
58440,onlinehackingx,https://t.me/onlinehackingx,Hii,2023-12-12T08:47:11+00:00,,,
58342,onlinehackingx,https://t.me/onlinehackingx,where,2023-12-12T08:28:04+00:00,,,
58276,onlinehackingx,https://t.me/onlinehackingx,Hlw,2023-12-12T08:19:50+00:00,,,
58272,onlinehackingx,https://t.me/onlinehackingx,Chance mila tha kya 🤣,2023-12-12T08:19:18+00:00,,,"👍: 2, 🤣: 2"
58265,onlinehackingx,https://t.me/onlinehackingx,Hii,2023-12-12T08:18:05+00:00,,,👍: 1
58258,onlinehackingx,https://t.me/onlinehackingx,This only friend bot,2023-12-12T08:17:47+00:00,,,"👍: 1, 😁: 1"
58257,onlinehackingx,https://t.me/onlinehackingx,😑 Fu_k off,2023-12-12T08:17:33+00:00,,,"😁: 4, 👍: 2"
58235,onlinehackingx,https://t.me/onlinehackingx,"Hello channel owner, can you help me create an admin panel?",2023-12-12T08:14:35+00:00,,,
58219,onlinehackingx,https://t.me/onlinehackingx,What's app chat,2023-12-12T08:11:57+00:00,,,
