id,Channel ID,URL,message,date,views,forwards,reactions
253,onlinehackingx,https://t.me/onlinehackingx,Hook Android hacking botnet,2023-12-25T10:30:21+00:00,62254.0,192.0,"🥰: 40, 👍: 20, 🤯: 13, ❤: 10, 🤔: 8, 🔥: 4, 😁: 3, 😈: 1"
272638,onlinehackingx,https://t.me/onlinehackingx,😂😂,2024-05-21T07:31:20+00:00,,,👍: 1
229787,onlinehackingx,https://t.me/onlinehackingx,Hii,2024-02-28T18:55:36+00:00,,,
222817,onlinehackingx,https://t.me/onlinehackingx,What's your problem؟,2024-02-21T11:53:24+00:00,,,
207813,onlinehackingx,https://t.me/onlinehackingx,https://t.me/MagaPacksX/1009/1013?single,2024-01-31T17:28:43+00:00,,,
207756,onlinehackingx,https://t.me/onlinehackingx,This 404 not found,2024-01-31T16:48:32+00:00,,,
207755,onlinehackingx,https://t.me/onlinehackingx,This is giving me http request sent 404 not found doesn’t work,2024-01-31T16:47:42+00:00,,,
199453,onlinehackingx,https://t.me/onlinehackingx,File nhi he <PERSON>,2024-01-24T08:47:02+00:00,,,
183289,onlinehackingx,https://t.me/onlinehackingx,Where can i get this,2024-01-12T10:25:01+00:00,,,
182634,onlinehackingx,https://t.me/onlinehackingx,android lock creak without data lose,2024-01-11T21:46:21+00:00,,,
182467,onlinehackingx,https://t.me/onlinehackingx,Hi,2024-01-11T16:42:24+00:00,,,
174116,onlinehackingx,https://t.me/onlinehackingx,Sir <NRP> group lo pettadhi sir please sir,2024-01-07T09:44:39+00:00,,,
173390,onlinehackingx,https://t.me/onlinehackingx,اكو عرب,2024-01-06T21:34:51+00:00,,,
168694,onlinehackingx,https://t.me/onlinehackingx,esse botnet esta funcionando ?,2024-01-04T22:41:29+00:00,,,
157816,onlinehackingx,https://t.me/onlinehackingx,Crax rat chahiye muje anyone ?,2024-01-01T08:59:13+00:00,,,
147754,onlinehackingx,https://t.me/onlinehackingx,I wrote in Iranian language,2023-12-29T17:46:39+00:00,,,
147744,onlinehackingx,https://t.me/onlinehackingx,فقط <PERSON> میکنن,2023-12-29T17:45:22+00:00,,,
147741,onlinehackingx,https://t.me/onlinehackingx,<PERSON>,2023-12-29T17:45:00+00:00,,,
145412,onlinehackingx,https://t.me/onlinehackingx,Hlo,2023-12-29T11:07:51+00:00,,,
143141,onlinehackingx,https://t.me/onlinehackingx,😂,2023-12-28T18:02:57+00:00,,,
143140,onlinehackingx,https://t.me/onlinehackingx,<PERSON>,2023-12-28T18:02:54+00:00,,,
142527,onlinehackingx,https://t.me/onlinehackingx,"Sir, give me an <NRP> number, you can reset the phone",2023-12-28T17:22:30+00:00,,,
142520,onlinehackingx,https://t.me/onlinehackingx,😂,2023-12-28T17:21:58+00:00,,,
141472,onlinehackingx,https://t.me/onlinehackingx,Where can I find the application?,2023-12-28T14:30:48+00:00,,,
138251,onlinehackingx,https://t.me/onlinehackingx,"@OnlineHackingX_Bot 
Is there anything to destroy an Android phone by sending it to someone?",2023-12-28T04:48:10+00:00,,,
137736,onlinehackingx,https://t.me/onlinehackingx,<PERSON> 🙄,2023-12-28T02:54:33+00:00,,,🤣: 1
137734,onlinehackingx,https://t.me/onlinehackingx,,2023-12-28T02:52:34+00:00,,,
137733,onlinehackingx,https://t.me/onlinehackingx,,2023-12-28T02:52:14+00:00,,,
137569,onlinehackingx,https://t.me/onlinehackingx,Hey,2023-12-28T01:46:32+00:00,,,
132844,onlinehackingx,https://t.me/onlinehackingx,j,2023-12-26T20:48:18+00:00,,,
131792,onlinehackingx,https://t.me/onlinehackingx,Can we setup bot without vps,2023-12-26T14:53:03+00:00,,,
131493,onlinehackingx,https://t.me/onlinehackingx,Come ib,2023-12-26T13:35:01+00:00,,,
131170,onlinehackingx,https://t.me/onlinehackingx,Anyone,2023-12-26T12:14:41+00:00,,,
131169,onlinehackingx,https://t.me/onlinehackingx,<PERSON>,2023-12-26T12:14:36+00:00,,,
128388,onlinehackingx,https://t.me/onlinehackingx,its like  octopus botnet correct if im wrong,2023-12-25T17:16:11+00:00,,,👍: 1
127605,onlinehackingx,https://t.me/onlinehackingx,Link,2023-12-25T15:39:29+00:00,,,
126478,onlinehackingx,https://t.me/onlinehackingx,Email pass 1 bhra th,2023-12-25T14:30:24+00:00,,,
126197,onlinehackingx,https://t.me/onlinehackingx,Kitna member add hogaa script se sir,2023-12-25T13:52:31+00:00,,,
126194,onlinehackingx,https://t.me/onlinehackingx,Check termuz channel,2023-12-25T13:52:06+00:00,,,
126188,onlinehackingx,https://t.me/onlinehackingx,Ok sir,2023-12-25T13:51:45+00:00,,,
126181,onlinehackingx,https://t.me/onlinehackingx,Suman sir offline h,2023-12-25T13:51:19+00:00,,,
126175,onlinehackingx,https://t.me/onlinehackingx,Suman sir plz <PERSON> sir <PERSON> me <PERSON> ya bhul gya sir <PERSON>,2023-12-25T13:50:58+00:00,,,
126170,onlinehackingx,https://t.me/onlinehackingx,Check termux channel abhi post <PERSON> h,2023-12-25T13:50:07+00:00,,,
126167,onlinehackingx,https://t.me/onlinehackingx,Sir <PERSON> group check karo usme hogaa,2023-12-25T13:50:00+00:00,,,
126164,onlinehackingx,https://t.me/onlinehackingx,<PERSON> hack seekado,2023-12-25T13:49:34+00:00,,,
126161,onlinehackingx,https://t.me/onlinehackingx,<PERSON>,2023-12-25T13:48:46+00:00,,,
126159,onlinehackingx,https://t.me/onlinehackingx,Sir <PERSON> ya bhul gya,2023-12-25T13:48:34+00:00,,,
126154,onlinehackingx,https://t.me/onlinehackingx,<DATE_TIME>,2023-12-25T13:48:05+00:00,,,👍: 2
126152,onlinehackingx,https://t.me/onlinehackingx,Sir <PERSON> chat bot <PERSON>,2023-12-25T13:47:53+00:00,,,👍: 1
126130,onlinehackingx,https://t.me/onlinehackingx,Sir  ek din me <PERSON> age jaungaa hacking me,2023-12-25T13:43:26+00:00,,,👍: 2
126126,onlinehackingx,https://t.me/onlinehackingx,Yes sir telegram member script <PERSON> sir <PERSON> or <PERSON> pure th per,2023-12-25T13:42:34+00:00,,,
125873,onlinehackingx,https://t.me/onlinehackingx,💀💀😂,2023-12-25T12:29:32+00:00,,,👀: 2
125872,onlinehackingx,https://t.me/onlinehackingx,Ha,2023-12-25T12:29:28+00:00,,,
125867,onlinehackingx,https://t.me/onlinehackingx,Account ban <PERSON> h,2023-12-25T12:29:06+00:00,,,👍: 1
125866,onlinehackingx,https://t.me/onlinehackingx,,2023-12-25T12:28:52+00:00,,,
125858,onlinehackingx,https://t.me/onlinehackingx,Bolo,2023-12-25T12:25:53+00:00,,,
125685,onlinehackingx,https://t.me/onlinehackingx,<PERSON> - mnogoznaal,2023-12-25T11:35:28+00:00,,,
125653,onlinehackingx,https://t.me/onlinehackingx,It would be nice to explain,2023-12-25T11:22:20+00:00,,,
125640,onlinehackingx,https://t.me/onlinehackingx,Hack <PERSON>,2023-12-25T11:18:27+00:00,,,
125636,onlinehackingx,https://t.me/onlinehackingx,<PERSON>,2023-12-25T11:16:40+00:00,,,
125635,onlinehackingx,https://t.me/onlinehackingx,<PERSON>,2023-12-25T11:16:06+00:00,,,
125633,onlinehackingx,https://t.me/onlinehackingx,<PERSON> help <PERSON> do bro inki,2023-12-25T11:15:59+00:00,,,
125632,onlinehackingx,https://t.me/onlinehackingx,App se ek help <PERSON>,2023-12-25T11:15:20+00:00,,,👍: 3
125631,onlinehackingx,https://t.me/onlinehackingx,Vps required,2023-12-25T11:15:02+00:00,,,👍: 3
125629,onlinehackingx,https://t.me/onlinehackingx,I upload <DATE_TIME> in megapacks,2023-12-25T11:14:33+00:00,,,
125619,onlinehackingx,https://t.me/onlinehackingx,Already posted,2023-12-25T11:11:26+00:00,,,❤: 1
125607,onlinehackingx,https://t.me/onlinehackingx,Song name ?,2023-12-25T11:09:17+00:00,,,
125547,onlinehackingx,https://t.me/onlinehackingx,Can I use it on my android phone?,2023-12-25T10:49:06+00:00,,,
125508,onlinehackingx,https://t.me/onlinehackingx,I need,2023-12-25T10:41:16+00:00,,,
125504,onlinehackingx,https://t.me/onlinehackingx,Song name,2023-12-25T10:35:07+00:00,,,👍: 2
125501,onlinehackingx,https://t.me/onlinehackingx,Where is scrip,2023-12-25T10:32:25+00:00,,,
125499,onlinehackingx,https://t.me/onlinehackingx,Give me a esay hack from via phone number,2023-12-25T10:31:44+00:00,,,
