id,Channel ID,URL,message,date,views,forwards,reactions
278,onlinehackingx,https://t.me/onlinehackingx,,2024-02-22T05:15:44+00:00,51121.0,22.0,"👍: 113, ❤: 27, 😈: 19, 🥰: 12, 😁: 12, 😱: 7, 🔥: 4"
283642,onlinehackingx,https://t.me/onlinehackingx,Have you found out??,2024-06-20T15:13:16+00:00,,,
257389,onlinehackingx,https://t.me/onlinehackingx,Camera haking bot <PERSON>,2024-04-13T20:27:47+00:00,,,👍: 1
247666,onlinehackingx,https://t.me/onlinehackingx,I need learn to do USB keylogguer,2024-03-23T18:41:22+00:00,,,
237462,onlinehackingx,https://t.me/onlinehackingx,😍,2024-03-07T17:51:33+00:00,,,
232055,onlinehackingx,https://t.me/onlinehackingx,😭😭,2024-03-01T14:14:18+00:00,,,
232054,onlinehackingx,https://t.me/onlinehackingx,💀,2024-03-01T14:14:10+00:00,,,
232051,onlinehackingx,https://t.me/onlinehackingx,😂😭😭,2024-03-01T14:13:23+00:00,,,
232049,onlinehackingx,https://t.me/onlinehackingx,😂😂😂😂bc,2024-03-01T14:12:49+00:00,,,
232041,onlinehackingx,https://t.me/onlinehackingx,Suman once contact me <PERSON>,2024-03-01T14:11:26+00:00,,,
231269,onlinehackingx,https://t.me/onlinehackingx,@OnlineHackingX_Bot please,2024-02-29T17:00:20+00:00,,,
231266,onlinehackingx,https://t.me/onlinehackingx,Hello sir please unban my old account,2024-02-29T16:59:33+00:00,,,
228872,onlinehackingx,https://t.me/onlinehackingx,admin bot is not working,2024-02-28T03:16:36+00:00,,,👍: 3
228871,onlinehackingx,https://t.me/onlinehackingx,admin bot is not working,2024-02-28T03:16:36+00:00,,,
228870,onlinehackingx,https://t.me/onlinehackingx,admin bot is not working,2024-02-28T03:16:35+00:00,,,
228869,onlinehackingx,https://t.me/onlinehackingx,admin bot is not working,2024-02-28T03:16:34+00:00,,,
228868,onlinehackingx,https://t.me/onlinehackingx,admin bot is not working,2024-02-28T03:16:33+00:00,,,
228867,onlinehackingx,https://t.me/onlinehackingx,admin bot is not working,2024-02-28T03:16:32+00:00,,,
228866,onlinehackingx,https://t.me/onlinehackingx,admin bot is not working<PERSON>,2024-02-28T03:16:29+00:00,,,👍: 1
228865,onlinehackingx,https://t.me/onlinehackingx,admin bot is not working,2024-02-28T03:16:16+00:00,,,
228029,onlinehackingx,https://t.me/onlinehackingx,Kya,2024-02-27T10:44:42+00:00,,,
227919,onlinehackingx,https://t.me/onlinehackingx,Group me,2024-02-27T09:20:34+00:00,,,
227918,onlinehackingx,https://t.me/onlinehackingx,Koi prectical hacking sikhao,2024-02-27T09:20:25+00:00,,,
226754,onlinehackingx,https://t.me/onlinehackingx,what,2024-02-25T19:40:12+00:00,,,
226750,onlinehackingx,https://t.me/onlinehackingx,run the admin bot,2024-02-25T19:37:39+00:00,,,
226749,onlinehackingx,https://t.me/onlinehackingx,قم بتشغيل روبوت المشرف,2024-02-25T19:37:30+00:00,,,👍: 2
226747,onlinehackingx,https://t.me/onlinehackingx,run the admin bot,2024-02-25T19:24:44+00:00,,,
226746,onlinehackingx,https://t.me/onlinehackingx,run the admin bot,2024-02-25T19:24:42+00:00,,,
226745,onlinehackingx,https://t.me/onlinehackingx,run the admin bot,2024-02-25T19:24:41+00:00,,,
226744,onlinehackingx,https://t.me/onlinehackingx,run the admin bot,2024-02-25T19:24:40+00:00,,,
226743,onlinehackingx,https://t.me/onlinehackingx,run the admin bot,2024-02-25T19:24:38+00:00,,,
226742,onlinehackingx,https://t.me/onlinehackingx,run the admin bot pls,2024-02-25T19:24:36+00:00,,,
226741,onlinehackingx,https://t.me/onlinehackingx,run the admin bot,2024-02-25T19:24:27+00:00,,,
226740,onlinehackingx,https://t.me/onlinehackingx,run the admin bot,2024-02-25T19:24:25+00:00,,,
226739,onlinehackingx,https://t.me/onlinehackingx,run the admin bot,2024-02-25T19:24:24+00:00,,,
226738,onlinehackingx,https://t.me/onlinehackingx,run the admin bot,2024-02-25T19:24:15+00:00,,,
226650,onlinehackingx,https://t.me/onlinehackingx,I want to disable the access of knox samsung in my up govt. Phone how I can do this ??,2024-02-25T16:54:53+00:00,,,
225884,onlinehackingx,https://t.me/onlinehackingx,<PERSON>,2024-02-24T18:51:16+00:00,,,
225717,onlinehackingx,https://t.me/onlinehackingx,Hello bhai mujaa Telegram ka member <PERSON>,2024-02-24T13:29:19+00:00,,,
225216,onlinehackingx,https://t.me/onlinehackingx,Hi,2024-02-23T18:38:35+00:00,,,
224718,onlinehackingx,https://t.me/onlinehackingx,Hi,2024-02-23T05:12:23+00:00,,,
223720,onlinehackingx,https://t.me/onlinehackingx,Add me,2024-02-22T10:10:45+00:00,,,
223711,onlinehackingx,https://t.me/onlinehackingx,Wait,2024-02-22T09:53:35+00:00,,,
223710,onlinehackingx,https://t.me/onlinehackingx,Can you give me plz,2024-02-22T09:52:59+00:00,,,
223705,onlinehackingx,https://t.me/onlinehackingx,Yes,2024-02-22T09:42:13+00:00,,,
223702,onlinehackingx,https://t.me/onlinehackingx,Anyone have sms bomber?,2024-02-22T09:34:37+00:00,,,
223700,onlinehackingx,https://t.me/onlinehackingx,Bhai username do,2024-02-22T09:31:08+00:00,,,
223698,onlinehackingx,https://t.me/onlinehackingx,Yup! 👍,2024-02-22T09:30:23+00:00,,,🥰: 1
223640,onlinehackingx,https://t.me/onlinehackingx,Not here,2024-02-22T08:34:33+00:00,,,
223634,onlinehackingx,https://t.me/onlinehackingx,There are some settings that you should must consider otherwise you won't seeing any connection,2024-02-22T08:32:56+00:00,,,
223628,onlinehackingx,https://t.me/onlinehackingx,Am craxsrat user,2024-02-22T08:30:48+00:00,,,
223623,onlinehackingx,https://t.me/onlinehackingx,🥲,2024-02-22T08:15:50+00:00,,,
223621,onlinehackingx,https://t.me/onlinehackingx,What is thta,2024-02-22T08:15:23+00:00,,,
223609,onlinehackingx,https://t.me/onlinehackingx,How crack any cosmofeed link digital products,2024-02-22T08:10:37+00:00,,,
223602,onlinehackingx,https://t.me/onlinehackingx,What,2024-02-22T08:06:53+00:00,,,
223597,onlinehackingx,https://t.me/onlinehackingx,Dude can u help to remove video streaming protection,2024-02-22T08:00:19+00:00,,,
223504,onlinehackingx,https://t.me/onlinehackingx,Hn,2024-02-22T06:36:22+00:00,,,
223503,onlinehackingx,https://t.me/onlinehackingx,Good,2024-02-22T06:28:40+00:00,,,👍: 1
223502,onlinehackingx,https://t.me/onlinehackingx,Hacker nehi bro learner <PERSON>,2024-02-22T06:07:27+00:00,,,👍: 2
223501,onlinehackingx,https://t.me/onlinehackingx,Hacker Spotted,2024-02-22T06:06:59+00:00,,,👍: 3
223494,onlinehackingx,https://t.me/onlinehackingx,<NRP>,2024-02-22T05:49:28+00:00,,,👍: 2
223493,onlinehackingx,https://t.me/onlinehackingx,<PERSON>,2024-02-22T05:48:44+00:00,,,
223492,onlinehackingx,https://t.me/onlinehackingx,Sir quiz and live hacking challenge diya kro,2024-02-22T05:48:12+00:00,,,
223488,onlinehackingx,https://t.me/onlinehackingx,Hey!!!!,2024-02-22T05:35:26+00:00,,,
223485,onlinehackingx,https://t.me/onlinehackingx,Hi,2024-02-22T05:31:06+00:00,,,
223477,onlinehackingx,https://t.me/onlinehackingx,🤣🤣🤣,2024-02-22T05:22:30+00:00,,,"👍: 1, 😁: 1"
223473,onlinehackingx,https://t.me/onlinehackingx,Vulnerability I think <PERSON>,2024-02-22T05:17:30+00:00,,,
223468,onlinehackingx,https://t.me/onlinehackingx,Hello,2024-02-22T05:16:18+00:00,,,
223467,onlinehackingx,https://t.me/onlinehackingx,Hi,2024-02-22T05:16:03+00:00,,,
