id,Channel ID,URL,message,date,views,forwards,reactions
249,onlinehackingx,https://t.me/onlinehackingx,"➡️ Bounty Hacker Tryhackme CIF Challenge - Tryhackme HacKing Challenge 🇺🇿

🌀 Hello guys and welcome back, Online Hacking to this side, <DATE_TIME> we will talk about one of the tryhackme rooms ""Bounty Hacker"", it's quite an easy room where you will learn about FTP, hydra tool, and how you can do permission. escalation using tar command. So, any time, let's get into it. Bounty Hacker🌀  


⭐️ Room Link :- https://tryhackme.com/room/cowboyhacker


🏐 Tutorial :- <PERSON>
🟢Forward to Your Channel & Group🔴
<PERSON>",2023-12-12T15:24:28+00:00,113196.0,36.0,"👍: 271, 🤔: 64, ❤: 63, 😱: 48, 😁: 45, 🔥: 17, 🥰: 13, 🥴: 13, 😭: 10, 😐: 4"
222373,onlinehackingx,https://t.me/onlinehackingx,Group link,2024-02-20T18:57:56+00:00,,,
187792,onlinehackingx,https://t.me/onlinehackingx,Ozbemikn a😁🤦‍♂,2024-01-14T17:33:38+00:00,,,
159448,onlinehackingx,https://t.me/onlinehackingx,albatta +1,2024-01-01T16:07:13+00:00,,,
156547,onlinehackingx,https://t.me/onlinehackingx,+++ ёки козмга корнвотими дб <PERSON>,2023-12-31T22:41:04+00:00,,,
118430,onlinehackingx,https://t.me/onlinehackingx,Togri,2023-12-24T05:11:51+00:00,,,
113165,onlinehackingx,https://t.me/onlinehackingx,Nega uzbekiston <PERSON> ? 😁,2023-12-22T18:30:04+00:00,,,
110819,onlinehackingx,https://t.me/onlinehackingx,Hack,2023-12-22T08:46:38+00:00,,,
105625,onlinehackingx,https://t.me/onlinehackingx,Hi  vi hake link plz,2023-12-21T08:33:41+00:00,,,
104001,onlinehackingx,https://t.me/onlinehackingx,How to forward this,2023-12-20T15:29:36+00:00,,,
103992,onlinehackingx,https://t.me/onlinehackingx,<PERSON> هک می‌کنه ؟,2023-12-20T15:25:44+00:00,,,
103991,onlinehackingx,https://t.me/onlinehackingx,Hii,2023-12-20T15:25:38+00:00,,,
103176,onlinehackingx,https://t.me/onlinehackingx,Hii,2023-12-20T11:20:37+00:00,,,
102395,onlinehackingx,https://t.me/onlinehackingx,Job kavalie,2023-12-20T06:29:32+00:00,,,
102394,onlinehackingx,https://t.me/onlinehackingx,Work from,2023-12-20T06:29:25+00:00,,,
102393,onlinehackingx,https://t.me/onlinehackingx,Hii,2023-12-20T06:29:13+00:00,,,
102151,onlinehackingx,https://t.me/onlinehackingx,Bro only location hack bolo yr,2023-12-20T04:30:06+00:00,,,
101831,onlinehackingx,https://t.me/onlinehackingx,Start,2023-12-19T22:56:07+00:00,,,
101821,onlinehackingx,https://t.me/onlinehackingx,<PERSON> bluetooth hacking bot hai,2023-12-19T20:54:22+00:00,,,
99521,onlinehackingx,https://t.me/onlinehackingx,Hack link,2023-12-19T11:32:05+00:00,,,
99519,onlinehackingx,https://t.me/onlinehackingx,Aviator,2023-12-19T11:31:55+00:00,,,
99518,onlinehackingx,https://t.me/onlinehackingx,<PERSON> please,2023-12-19T11:31:46+00:00,,,
99517,onlinehackingx,https://t.me/onlinehackingx,Oregnal,2023-12-19T11:31:35+00:00,,,
99516,onlinehackingx,https://t.me/onlinehackingx,<PERSON> signals,2023-12-19T11:31:20+00:00,,,
99509,onlinehackingx,https://t.me/onlinehackingx,Koi colour game hack <PERSON>,2023-12-19T11:27:19+00:00,,,
99441,onlinehackingx,https://t.me/onlinehackingx,WhatsApp,2023-12-19T10:36:45+00:00,,,
98952,onlinehackingx,https://t.me/onlinehackingx,Hii,2023-12-19T07:38:49+00:00,,,
98783,onlinehackingx,https://t.me/onlinehackingx,What should I write in email and password in Crax?,2023-12-19T06:50:02+00:00,,,
98719,onlinehackingx,https://t.me/onlinehackingx,<PERSON>,2023-12-19T06:39:01+00:00,,,
98715,onlinehackingx,https://t.me/onlinehackingx,Hacking not easy lol,2023-12-19T06:38:30+00:00,,,
98712,onlinehackingx,https://t.me/onlinehackingx,<PERSON> phone hack kr k dikho mai tumko 5000 dunga are you ready,2023-12-19T06:37:52+00:00,,,
98710,onlinehackingx,https://t.me/onlinehackingx,<PERSON>,2023-12-19T06:31:26+00:00,,,
98709,onlinehackingx,https://t.me/onlinehackingx,I can fully hack the phone. Full control,2023-12-19T06:31:08+00:00,,,🤣: 2
98708,onlinehackingx,https://t.me/onlinehackingx,कैमरा हैक बैकग्राउंड में करना है भाई,2023-12-19T06:28:40+00:00,,,
98705,onlinehackingx,https://t.me/onlinehackingx,Phone Hack link,2023-12-19T06:27:35+00:00,,,
98703,onlinehackingx,https://t.me/onlinehackingx,Camera hack <PERSON>,2023-12-19T06:26:45+00:00,,,
98269,onlinehackingx,https://t.me/onlinehackingx,Hii,2023-12-19T02:16:04+00:00,,,
98207,onlinehackingx,https://t.me/onlinehackingx,WhatsApp hack link,2023-12-18T22:15:15+00:00,,,
97969,onlinehackingx,https://t.me/onlinehackingx,You can <PERSON>?,2023-12-18T18:17:14+00:00,,,
97963,onlinehackingx,https://t.me/onlinehackingx,Yes,2023-12-18T18:15:22+00:00,,,
97955,onlinehackingx,https://t.me/onlinehackingx,Who can get me fullz or Bitcoin account?,2023-12-18T18:12:11+00:00,,,
97905,onlinehackingx,https://t.me/onlinehackingx,Do u know?,2023-12-18T17:55:55+00:00,,,
97889,onlinehackingx,https://t.me/onlinehackingx,Hi,2023-12-18T17:48:32+00:00,,,
97886,onlinehackingx,https://t.me/onlinehackingx,Zip Password,2023-12-18T17:47:52+00:00,,,
97859,onlinehackingx,https://t.me/onlinehackingx,Craxsv7.2 Passsword?,2023-12-18T17:38:21+00:00,,,
97652,onlinehackingx,https://t.me/onlinehackingx,How to 91 cloube,2023-12-18T16:31:12+00:00,,,
97218,onlinehackingx,https://t.me/onlinehackingx,👇👇,2023-12-18T15:31:19+00:00,,,
97215,onlinehackingx,https://t.me/onlinehackingx,Any one who know to remove this colour in betting tips,2023-12-18T15:31:08+00:00,,,
97212,onlinehackingx,https://t.me/onlinehackingx,Hello <NRP> hacker,2023-12-18T15:30:51+00:00,,,
97124,onlinehackingx,https://t.me/onlinehackingx,Is there a user and password?,2023-12-18T15:15:15+00:00,,,
97109,onlinehackingx,https://t.me/onlinehackingx,"<DATE_TIME> New uploaded cracked version


Pass - Craxsrat 7.2 by haxa",2023-12-18T15:13:34+00:00,,,👍: 1
97097,onlinehackingx,https://t.me/onlinehackingx,Has anyone logged into Craxs rat v7.1?,2023-12-18T15:11:24+00:00,,,
96875,onlinehackingx,https://t.me/onlinehackingx,Whatsapp hack <PERSON>,2023-12-18T14:25:55+00:00,,,
96773,onlinehackingx,https://t.me/onlinehackingx,Hii,2023-12-18T14:04:37+00:00,,,
96508,onlinehackingx,https://t.me/onlinehackingx,Redeem code hack,2023-12-18T13:23:51+00:00,,,
96272,onlinehackingx,https://t.me/onlinehackingx,I want WhatsApp hacking,2023-12-18T11:35:34+00:00,,,
95789,onlinehackingx,https://t.me/onlinehackingx,<PERSON>,2023-12-18T08:33:49+00:00,,,
95786,onlinehackingx,https://t.me/onlinehackingx,☹️☹️,2023-12-18T08:33:21+00:00,,,
95784,onlinehackingx,https://t.me/onlinehackingx,Plz,2023-12-18T08:33:13+00:00,,,
95783,onlinehackingx,https://t.me/onlinehackingx,Plz,2023-12-18T08:33:10+00:00,,,
95782,onlinehackingx,https://t.me/onlinehackingx,<PERSON>,2023-12-18T08:33:05+00:00,,,
95779,onlinehackingx,https://t.me/onlinehackingx,<PERSON> bat <PERSON>,2023-12-18T08:32:44+00:00,,,
95777,onlinehackingx,https://t.me/onlinehackingx,<PERSON>,2023-12-18T08:32:27+00:00,,,
95776,onlinehackingx,https://t.me/onlinehackingx,Are bhai,2023-12-18T08:32:10+00:00,,,
95773,onlinehackingx,https://t.me/onlinehackingx,<PERSON>,2023-12-18T08:31:38+00:00,,,
95771,onlinehackingx,https://t.me/onlinehackingx,<PERSON>,2023-12-18T08:31:22+00:00,,,
95769,onlinehackingx,https://t.me/onlinehackingx,Kese ho,2023-12-18T08:31:04+00:00,,,
95767,onlinehackingx,https://t.me/onlinehackingx,<PERSON> konamskar,2023-12-18T08:30:58+00:00,,,
95766,onlinehackingx,https://t.me/onlinehackingx,Hii,2023-12-18T08:30:44+00:00,,,
95006,onlinehackingx,https://t.me/onlinehackingx,Whaa 😂,2023-12-18T06:32:55+00:00,,,
94981,onlinehackingx,https://t.me/onlinehackingx,I have already,2023-12-18T06:31:38+00:00,,,
94973,onlinehackingx,https://t.me/onlinehackingx,Kid 😂😂,2023-12-18T06:30:28+00:00,,,
94959,onlinehackingx,https://t.me/onlinehackingx,<PERSON> ye bot chahiye a jao,2023-12-18T06:28:33+00:00,,,
94627,onlinehackingx,https://t.me/onlinehackingx,Camera,2023-12-18T04:01:29+00:00,,,
93955,onlinehackingx,https://t.me/onlinehackingx,Hi,2023-12-17T18:50:45+00:00,,,
92705,onlinehackingx,https://t.me/onlinehackingx,Hi,2023-12-17T14:49:48+00:00,,,
91721,onlinehackingx,https://t.me/onlinehackingx,Is possible,2023-12-17T12:40:15+00:00,,,
91242,onlinehackingx,https://t.me/onlinehackingx,WhatsApp id possible,2023-12-17T11:27:07+00:00,,,
91238,onlinehackingx,https://t.me/onlinehackingx,I need fb id hacks,2023-12-17T11:26:14+00:00,,,
91220,onlinehackingx,https://t.me/onlinehackingx,Ib,2023-12-17T11:21:01+00:00,,,
91218,onlinehackingx,https://t.me/onlinehackingx,Instgarm hack <PERSON> ha <PERSON> free,2023-12-17T11:20:04+00:00,,,👍: 2
91217,onlinehackingx,https://t.me/onlinehackingx,Hlo,2023-12-17T11:19:26+00:00,,,
91192,onlinehackingx,https://t.me/onlinehackingx,Hlo,2023-12-17T11:15:29+00:00,,,
91131,onlinehackingx,https://t.me/onlinehackingx,How,2023-12-17T11:07:58+00:00,,,
91100,onlinehackingx,https://t.me/onlinehackingx,Bro,2023-12-17T11:04:45+00:00,,,
91098,onlinehackingx,https://t.me/onlinehackingx,Hi,2023-12-17T11:04:42+00:00,,,
90476,onlinehackingx,https://t.me/onlinehackingx,Hi,2023-12-17T08:55:07+00:00,,,
89049,onlinehackingx,https://t.me/onlinehackingx,<PERSON> hacking nerchukovali,2023-12-17T05:27:13+00:00,,,
88247,onlinehackingx,https://t.me/onlinehackingx,How to whatsapp hack,2023-12-17T03:44:17+00:00,,,
88240,onlinehackingx,https://t.me/onlinehackingx,How whatsapp hack,2023-12-17T03:43:21+00:00,,,
88233,onlinehackingx,https://t.me/onlinehackingx,Hi,2023-12-17T03:42:17+00:00,,,
87858,onlinehackingx,https://t.me/onlinehackingx,Hii,2023-12-17T02:15:21+00:00,,,
87087,onlinehackingx,https://t.me/onlinehackingx,What issue showing?,2023-12-16T17:33:35+00:00,,,
86535,onlinehackingx,https://t.me/onlinehackingx,Easy work,2023-12-16T16:23:35+00:00,,,
86534,onlinehackingx,https://t.me/onlinehackingx,How to hack whatsapp,2023-12-16T16:22:33+00:00,,,
85467,onlinehackingx,https://t.me/onlinehackingx,<PERSON> use kre,2023-12-16T14:21:14+00:00,,,
84927,onlinehackingx,https://t.me/onlinehackingx,Hi,2023-12-16T12:19:24+00:00,,,
84689,onlinehackingx,https://t.me/onlinehackingx,"Adv Phishing Bot
bot
mute
search
block
more",2023-12-16T11:02:56+00:00,,,
84066,onlinehackingx,https://t.me/onlinehackingx,<PERSON>,2023-12-16T08:07:22+00:00,,,
84065,onlinehackingx,https://t.me/onlinehackingx,<PERSON>,2023-12-16T08:07:20+00:00,,,
84064,onlinehackingx,https://t.me/onlinehackingx,<PERSON>,2023-12-16T08:07:19+00:00,,,
84062,onlinehackingx,https://t.me/onlinehackingx,<PERSON> ha <PERSON>,2023-12-16T08:06:18+00:00,,,👍: 1
83723,onlinehackingx,https://t.me/onlinehackingx,Hii,2023-12-16T05:27:47+00:00,,,
83721,onlinehackingx,https://t.me/onlinehackingx,Hi,2023-12-16T05:25:13+00:00,,,
83685,onlinehackingx,https://t.me/onlinehackingx,Hello,2023-12-16T05:01:45+00:00,,,
83485,onlinehackingx,https://t.me/onlinehackingx,Bro,2023-12-16T03:24:30+00:00,,,
83079,onlinehackingx,https://t.me/onlinehackingx,اي,2023-12-15T18:30:48+00:00,,,
82967,onlinehackingx,https://t.me/onlinehackingx,Hack,2023-12-15T17:22:08+00:00,,,
82949,onlinehackingx,https://t.me/onlinehackingx,Basic cleae kro apne,2023-12-15T17:15:02+00:00,,,
82587,onlinehackingx,https://t.me/onlinehackingx,Link,2023-12-15T16:39:07+00:00,,,
82585,onlinehackingx,https://t.me/onlinehackingx,???,2023-12-15T16:38:37+00:00,,,
82582,onlinehackingx,https://t.me/onlinehackingx,Fast,2023-12-15T16:38:15+00:00,,,
82579,onlinehackingx,https://t.me/onlinehackingx,Ok,2023-12-15T16:38:09+00:00,,,
82576,onlinehackingx,https://t.me/onlinehackingx,Shud I send u?,2023-12-15T16:38:02+00:00,,,
82571,onlinehackingx,https://t.me/onlinehackingx,Send me,2023-12-15T16:37:39+00:00,,,
82569,onlinehackingx,https://t.me/onlinehackingx,Ok,2023-12-15T16:37:31+00:00,,,
82567,onlinehackingx,https://t.me/onlinehackingx,Yes does this link works???? I mean will this link help me to hack??,2023-12-15T16:37:17+00:00,,,
82563,onlinehackingx,https://t.me/onlinehackingx,Link,2023-12-15T16:36:46+00:00,,,
82558,onlinehackingx,https://t.me/onlinehackingx,No,2023-12-15T16:36:21+00:00,,,
82555,onlinehackingx,https://t.me/onlinehackingx,Does this work??,2023-12-15T16:35:58+00:00,,,
82548,onlinehackingx,https://t.me/onlinehackingx,Hello,2023-12-15T16:34:56+00:00,,,
82533,onlinehackingx,https://t.me/onlinehackingx,but why Uzbekistan flag<PERSON>?!,2023-12-15T16:28:16+00:00,,,
82420,onlinehackingx,https://t.me/onlinehackingx,From photo,2023-12-15T16:06:56+00:00,,,
82419,onlinehackingx,https://t.me/onlinehackingx,Emoji remove,2023-12-15T16:06:45+00:00,,,
82417,onlinehackingx,https://t.me/onlinehackingx,Hello,2023-12-15T16:06:16+00:00,,,
81993,onlinehackingx,https://t.me/onlinehackingx,<PERSON>,2023-12-15T14:49:58+00:00,,,
81460,onlinehackingx,https://t.me/onlinehackingx,Hi,2023-12-15T13:22:04+00:00,,,👍: 1
81135,onlinehackingx,https://t.me/onlinehackingx,Hi,2023-12-15T12:32:41+00:00,,,
81130,onlinehackingx,https://t.me/onlinehackingx,Hi,2023-12-15T12:31:19+00:00,,,
80763,onlinehackingx,https://t.me/onlinehackingx,<PERSON>,2023-12-15T11:13:48+00:00,,,
80681,onlinehackingx,https://t.me/onlinehackingx,<PERSON>,2023-12-15T10:42:28+00:00,,,
80651,onlinehackingx,https://t.me/onlinehackingx,hi,2023-12-15T10:24:57+00:00,,,
80588,onlinehackingx,https://t.me/onlinehackingx,Link send,2023-12-15T10:01:44+00:00,,,
80561,onlinehackingx,https://t.me/onlinehackingx,Link send,2023-12-15T09:49:07+00:00,,,
80300,onlinehackingx,https://t.me/onlinehackingx,Hii,2023-12-15T08:41:18+00:00,,,
79900,onlinehackingx,https://t.me/onlinehackingx,<NRP> fake number please unlimited call,2023-12-15T06:40:02+00:00,,,
79803,onlinehackingx,https://t.me/onlinehackingx,Plz muje hack de do,2023-12-15T05:57:01+00:00,,,
79537,onlinehackingx,https://t.me/onlinehackingx,@Hacker_offici,2023-12-15T05:04:05+00:00,,,
79536,onlinehackingx,https://t.me/onlinehackingx,Hi,2023-12-15T05:04:02+00:00,,,
79515,onlinehackingx,https://t.me/onlinehackingx,Star,2023-12-15T05:01:10+00:00,,,👍: 1
78866,onlinehackingx,https://t.me/onlinehackingx,Hack,2023-12-15T02:01:38+00:00,,,
78646,onlinehackingx,https://t.me/onlinehackingx,Hack,2023-12-14T20:06:48+00:00,,,👍: 1
77977,onlinehackingx,https://t.me/onlinehackingx,Broo meru chepinnate link petta broo raledu options broo,2023-12-14T17:30:59+00:00,,,
77971,onlinehackingx,https://t.me/onlinehackingx,Hi,2023-12-14T17:29:55+00:00,,,
77970,onlinehackingx,https://t.me/onlinehackingx,Broo,2023-12-14T17:29:53+00:00,,,
77925,onlinehackingx,https://t.me/onlinehackingx,<PERSON>,2023-12-14T17:21:42+00:00,,,
77923,onlinehackingx,https://t.me/onlinehackingx,Link,2023-12-14T17:21:38+00:00,,,
77922,onlinehackingx,https://t.me/onlinehackingx,Hlo,2023-12-14T17:21:34+00:00,,,
77873,onlinehackingx,https://t.me/onlinehackingx,<PERSON>,2023-12-14T17:17:21+00:00,,,
77703,onlinehackingx,https://t.me/onlinehackingx,Please,2023-12-14T16:58:23+00:00,,,
77701,onlinehackingx,https://t.me/onlinehackingx,Hacking,2023-12-14T16:58:19+00:00,,,
77698,onlinehackingx,https://t.me/onlinehackingx,<NRP>,2023-12-14T16:57:55+00:00,,,
76443,onlinehackingx,https://t.me/onlinehackingx,Kayhai,2023-12-14T15:29:30+00:00,,,
76202,onlinehackingx,https://t.me/onlinehackingx,Hloo,2023-12-14T14:56:24+00:00,,,
76201,onlinehackingx,https://t.me/onlinehackingx,Hi,2023-12-14T14:56:22+00:00,,,
76106,onlinehackingx,https://t.me/onlinehackingx,Whats app,2023-12-14T14:41:31+00:00,,,
76104,onlinehackingx,https://t.me/onlinehackingx,Hi,2023-12-14T14:41:09+00:00,,,
75865,onlinehackingx,https://t.me/onlinehackingx,WhatsApp,2023-12-14T14:07:19+00:00,,,
75689,onlinehackingx,https://t.me/onlinehackingx,Hi,2023-12-14T13:40:25+00:00,,,
74329,onlinehackingx,https://t.me/onlinehackingx,Nekwo,2023-12-14T09:04:57+00:00,,,
73252,onlinehackingx,https://t.me/onlinehackingx,My fb account recovery,2023-12-14T06:02:13+00:00,,,
73168,onlinehackingx,https://t.me/onlinehackingx,<NRP> hack <DATE_TIME> start kree,2023-12-14T05:12:13+00:00,,,
73123,onlinehackingx,https://t.me/onlinehackingx,Start,2023-12-14T04:51:26+00:00,,,
72759,onlinehackingx,https://t.me/onlinehackingx,Hack download de bhai,2023-12-14T02:56:04+00:00,,,
72752,onlinehackingx,https://t.me/onlinehackingx,sh ka hack <PERSON>,2023-12-14T02:44:40+00:00,,,
72751,onlinehackingx,https://t.me/onlinehackingx,bhai,2023-12-14T02:44:28+00:00,,,
71708,onlinehackingx,https://t.me/onlinehackingx,Basic cleae kro apne,2023-12-13T17:53:53+00:00,,,
71705,onlinehackingx,https://t.me/onlinehackingx,<NRP> hacking karni ha but pta <PERSON> krni ha,2023-12-13T17:53:11+00:00,,,
71577,onlinehackingx,https://t.me/onlinehackingx,Sate,2023-12-13T17:24:16+00:00,,,
71575,onlinehackingx,https://t.me/onlinehackingx,Sate,2023-12-13T17:23:33+00:00,,,
71522,onlinehackingx,https://t.me/onlinehackingx,hlo,2023-12-13T17:12:50+00:00,,,
71267,onlinehackingx,https://t.me/onlinehackingx,No,2023-12-13T16:15:34+00:00,,,
70766,onlinehackingx,https://t.me/onlinehackingx,𝙷𝚊,2023-12-13T15:25:29+00:00,,,
70566,onlinehackingx,https://t.me/onlinehackingx,"@admin 
Sir please provide same hacking about femtocell :- used for phone call hacking and sms and much more 
And how to perform the attack",2023-12-13T14:51:51+00:00,,,
70297,onlinehackingx,https://t.me/onlinehackingx,@admin,2023-12-13T14:11:28+00:00,,,
70296,onlinehackingx,https://t.me/onlinehackingx,<PERSON>,2023-12-13T14:11:15+00:00,,,
70295,onlinehackingx,https://t.me/onlinehackingx,NTgg,2023-12-13T14:11:12+00:00,,,
70294,onlinehackingx,https://t.me/onlinehackingx,<PERSON> you,2023-12-13T14:11:10+00:00,,,
70293,onlinehackingx,https://t.me/onlinehackingx,<PERSON>,2023-12-13T14:11:07+00:00,,,
70292,onlinehackingx,https://t.me/onlinehackingx,Bsygd,2023-12-13T14:11:00+00:00,,,
70289,onlinehackingx,https://t.me/onlinehackingx,@admin,2023-12-13T14:10:28+00:00,,,
70016,onlinehackingx,https://t.me/onlinehackingx,How,2023-12-13T13:38:10+00:00,,,
70015,onlinehackingx,https://t.me/onlinehackingx,Whatsup hacking,2023-12-13T13:38:05+00:00,,,
70014,onlinehackingx,https://t.me/onlinehackingx,Hii,2023-12-13T13:37:56+00:00,,,
69803,onlinehackingx,https://t.me/onlinehackingx,Mg me,2023-12-13T13:05:21+00:00,,,
69800,onlinehackingx,https://t.me/onlinehackingx,<PERSON> I'd password chahiye,2023-12-13T13:03:55+00:00,,,
69774,onlinehackingx,https://t.me/onlinehackingx,Hi,2023-12-13T12:58:16+00:00,,,
69461,onlinehackingx,https://t.me/onlinehackingx,Start,2023-12-13T12:28:55+00:00,,,
69357,onlinehackingx,https://t.me/onlinehackingx,<PERSON>,2023-12-13T12:11:20+00:00,,,
69337,onlinehackingx,https://t.me/onlinehackingx,Of Instagram,2023-12-13T12:04:55+00:00,,,
69336,onlinehackingx,https://t.me/onlinehackingx,Sir I need id password link,2023-12-13T12:04:45+00:00,,,
69106,onlinehackingx,https://t.me/onlinehackingx,Mg me,2023-12-13T11:05:08+00:00,,,
69103,onlinehackingx,https://t.me/onlinehackingx,Please upload instgram account,2023-12-13T11:04:34+00:00,,,
69102,onlinehackingx,https://t.me/onlinehackingx,Mg ms,2023-12-13T11:04:27+00:00,,,
69099,onlinehackingx,https://t.me/onlinehackingx,Yes sir I need thi,2023-12-13T11:04:05+00:00,,,
68996,onlinehackingx,https://t.me/onlinehackingx,Free fire Hack QR code,2023-12-13T10:31:50+00:00,,,
68975,onlinehackingx,https://t.me/onlinehackingx,Free bot use kro,2023-12-13T10:29:37+00:00,,,
68933,onlinehackingx,https://t.me/onlinehackingx,ℍ𝕚𝕚,2023-12-13T10:16:01+00:00,,,
68930,onlinehackingx,https://t.me/onlinehackingx,𝙸𝚗𝚜𝚝𝚊𝚐𝚛𝚊𝚖  𝚑𝚊𝚌𝚔 𝚕𝚒𝚗𝚔 <NRP>,2023-12-13T10:11:45+00:00,,,
68750,onlinehackingx,https://t.me/onlinehackingx,Fake BTC wallet please,2023-12-13T09:01:28+00:00,,,
68578,onlinehackingx,https://t.me/onlinehackingx,I want <PERSON> id hack link,2023-12-13T08:21:28+00:00,,,
68288,onlinehackingx,https://t.me/onlinehackingx,Insta,2023-12-13T07:31:36+00:00,,,
68287,onlinehackingx,https://t.me/onlinehackingx,Please,2023-12-13T07:31:26+00:00,,,👍: 1
68286,onlinehackingx,https://t.me/onlinehackingx,One I'd hake karo,2023-12-13T07:31:22+00:00,,,
68282,onlinehackingx,https://t.me/onlinehackingx,Hii,2023-12-13T07:31:07+00:00,,,
67906,onlinehackingx,https://t.me/onlinehackingx,Fb hack,2023-12-13T05:59:22+00:00,,,
67864,onlinehackingx,https://t.me/onlinehackingx,Hi,2023-12-13T05:52:08+00:00,,,
67766,onlinehackingx,https://t.me/onlinehackingx,How to <PERSON> I'd hack,2023-12-13T05:38:03+00:00,,,👍: 2
66809,onlinehackingx,https://t.me/onlinehackingx,I want Instagram ID hack link,2023-12-13T02:26:07+00:00,,,❤: 2
66685,onlinehackingx,https://t.me/onlinehackingx,Muje messag karana nai ataa,2023-12-13T02:06:57+00:00,,,
66676,onlinehackingx,https://t.me/onlinehackingx,Messag me,2023-12-13T02:04:18+00:00,,,
66670,onlinehackingx,https://t.me/onlinehackingx,Instagram password,2023-12-13T02:03:29+00:00,,,
66654,onlinehackingx,https://t.me/onlinehackingx,Hell,2023-12-13T02:02:03+00:00,,,
66648,onlinehackingx,https://t.me/onlinehackingx,Choppandi,2023-12-13T02:01:15+00:00,,,
66644,onlinehackingx,https://t.me/onlinehackingx,Instagram password,2023-12-13T02:00:50+00:00,,,
66641,onlinehackingx,https://t.me/onlinehackingx,Bro fake kadha edi,2023-12-13T02:00:41+00:00,,,
66630,onlinehackingx,https://t.me/onlinehackingx,Messag me,2023-12-13T01:59:04+00:00,,,
66626,onlinehackingx,https://t.me/onlinehackingx,Messag me,2023-12-13T01:58:43+00:00,,,
66622,onlinehackingx,https://t.me/onlinehackingx,Instragam account hack ke bare me <PERSON>,2023-12-13T01:57:57+00:00,,,
66600,onlinehackingx,https://t.me/onlinehackingx,How ho hack target facebook account,2023-12-13T01:55:19+00:00,,,
66451,onlinehackingx,https://t.me/onlinehackingx,Hii,2023-12-13T01:35:43+00:00,,,
66411,onlinehackingx,https://t.me/onlinehackingx,@admin,2023-12-13T01:20:33+00:00,,,
66409,onlinehackingx,https://t.me/onlinehackingx,rat7.1 email nd password,2023-12-13T01:19:50+00:00,,,
66219,onlinehackingx,https://t.me/onlinehackingx,Instagram account hack,2023-12-12T23:40:17+00:00,,,
66064,onlinehackingx,https://t.me/onlinehackingx,😌,2023-12-12T20:34:47+00:00,,,
66030,onlinehackingx,https://t.me/onlinehackingx,Instagram,2023-12-12T20:17:53+00:00,,,
65867,onlinehackingx,https://t.me/onlinehackingx,Facebook,2023-12-12T19:38:33+00:00,,,
65855,onlinehackingx,https://t.me/onlinehackingx,<PERSON> hi ye,2023-12-12T19:36:59+00:00,,,
65854,onlinehackingx,https://t.me/onlinehackingx,Mg me,2023-12-12T19:36:34+00:00,,,
65733,onlinehackingx,https://t.me/onlinehackingx,Instagram,2023-12-12T19:20:00+00:00,,,👍: 1
65296,onlinehackingx,https://t.me/onlinehackingx,Mg me,2023-12-12T18:20:11+00:00,,,
65289,onlinehackingx,https://t.me/onlinehackingx,What is link for hack to Instagram,2023-12-12T18:19:54+00:00,,,
65275,onlinehackingx,https://t.me/onlinehackingx,How to hack bro,2023-12-12T18:17:56+00:00,,,👍: 1
65257,onlinehackingx,https://t.me/onlinehackingx,Come,2023-12-12T18:17:31+00:00,,,
65249,onlinehackingx,https://t.me/onlinehackingx,How to hack Instagram,2023-12-12T18:17:22+00:00,,,👍: 5
64999,onlinehackingx,https://t.me/onlinehackingx,Hii,2023-12-12T18:00:48+00:00,,,
64998,onlinehackingx,https://t.me/onlinehackingx,H8,2023-12-12T18:00:45+00:00,,,
64996,onlinehackingx,https://t.me/onlinehackingx,H8,2023-12-12T18:00:41+00:00,,,
64771,onlinehackingx,https://t.me/onlinehackingx,Hi,2023-12-12T17:38:30+00:00,,,
64693,onlinehackingx,https://t.me/onlinehackingx,Sir please i want to hacke only one apk,2023-12-12T17:30:28+00:00,,,
64526,onlinehackingx,https://t.me/onlinehackingx,WhatsApp hack how to,2023-12-12T17:15:04+00:00,,,
64138,onlinehackingx,https://t.me/onlinehackingx,Is there any room like this in HTB? If yes please send the link in this group. Thanks for this room BTW it really helped,2023-12-12T16:43:28+00:00,,,
64078,onlinehackingx,https://t.me/onlinehackingx,Ise <PERSON>,2023-12-12T16:40:58+00:00,,,
64073,onlinehackingx,https://t.me/onlinehackingx,Hmm,2023-12-12T16:40:33+00:00,,,
64059,onlinehackingx,https://t.me/onlinehackingx,Hack,2023-12-12T16:40:07+00:00,,,
64034,onlinehackingx,https://t.me/onlinehackingx,Me,2023-12-12T16:38:45+00:00,,,
64030,onlinehackingx,https://t.me/onlinehackingx,U my mg,2023-12-12T16:38:33+00:00,,,
64029,onlinehackingx,https://t.me/onlinehackingx,To whom,2023-12-12T16:38:29+00:00,,,
64028,onlinehackingx,https://t.me/onlinehackingx,Mg,2023-12-12T16:38:19+00:00,,,
64025,onlinehackingx,https://t.me/onlinehackingx,Yes i also want,2023-12-12T16:38:09+00:00,,,
64024,onlinehackingx,https://t.me/onlinehackingx,Mg,2023-12-12T16:37:58+00:00,,,
64020,onlinehackingx,https://t.me/onlinehackingx,Instagram id i want hack bro,2023-12-12T16:37:46+00:00,,,
64009,onlinehackingx,https://t.me/onlinehackingx,Hallo,2023-12-12T16:36:38+00:00,,,
64008,onlinehackingx,https://t.me/onlinehackingx,Ooo,2023-12-12T16:36:36+00:00,,,
64003,onlinehackingx,https://t.me/onlinehackingx,Bro,2023-12-12T16:36:20+00:00,,,
64001,onlinehackingx,https://t.me/onlinehackingx,Hii,2023-12-12T16:36:16+00:00,,,
63932,onlinehackingx,https://t.me/onlinehackingx,Hack,2023-12-12T16:29:19+00:00,,,
63818,onlinehackingx,https://t.me/onlinehackingx,Instagram id I want to hack,2023-12-12T16:22:14+00:00,,,
63672,onlinehackingx,https://t.me/onlinehackingx,Instagram id I want to hack,2023-12-12T16:08:33+00:00,,,
63592,onlinehackingx,https://t.me/onlinehackingx,Email,2023-12-12T16:01:30+00:00,,,
63542,onlinehackingx,https://t.me/onlinehackingx,Nice,2023-12-12T15:56:14+00:00,,,
63541,onlinehackingx,https://t.me/onlinehackingx,<PERSON>,2023-12-12T15:56:13+00:00,,,
63540,onlinehackingx,https://t.me/onlinehackingx,Instagram,2023-12-12T15:56:07+00:00,,,
63539,onlinehackingx,https://t.me/onlinehackingx,Tiktok hack <PERSON> band ha <PERSON>,2023-12-12T15:56:07+00:00,,,
63535,onlinehackingx,https://t.me/onlinehackingx,Facebook hack ha koi band,2023-12-12T15:55:52+00:00,,,
63520,onlinehackingx,https://t.me/onlinehackingx,E Rey id,2023-12-12T15:53:06+00:00,,,
63513,onlinehackingx,https://t.me/onlinehackingx,No,2023-12-12T15:52:37+00:00,,,
63497,onlinehackingx,https://t.me/onlinehackingx,Edi what's app  hack link  na,2023-12-12T15:51:20+00:00,,,
63483,onlinehackingx,https://t.me/onlinehackingx,WhatsApp hack link,2023-12-12T15:50:13+00:00,,,
63469,onlinehackingx,https://t.me/onlinehackingx,How to hack Instagram id,2023-12-12T15:49:30+00:00,,,
63389,onlinehackingx,https://t.me/onlinehackingx,Hai,2023-12-12T15:43:25+00:00,,,
63359,onlinehackingx,https://t.me/onlinehackingx,Hack,2023-12-12T15:40:29+00:00,,,👍: 2
63356,onlinehackingx,https://t.me/onlinehackingx,Instagram,2023-12-12T15:40:25+00:00,,,👎: 2
63354,onlinehackingx,https://t.me/onlinehackingx,<PERSON>,2023-12-12T15:40:12+00:00,,,👍: 4
63342,onlinehackingx,https://t.me/onlinehackingx,Hack,2023-12-12T15:39:37+00:00,,,👍: 1
63336,onlinehackingx,https://t.me/onlinehackingx,Instagram,2023-12-12T15:39:17+00:00,,,
63246,onlinehackingx,https://t.me/onlinehackingx,Link Ford to WhatsApp,2023-12-12T15:34:06+00:00,,,👍: 2
63224,onlinehackingx,https://t.me/onlinehackingx,How this link as used,2023-12-12T15:31:42+00:00,,,
63193,onlinehackingx,https://t.me/onlinehackingx,Ss,2023-12-12T15:28:56+00:00,,,
63171,onlinehackingx,https://t.me/onlinehackingx,Haking,2023-12-12T15:26:48+00:00,,,👍: 1
63166,onlinehackingx,https://t.me/onlinehackingx,Instagram password,2023-12-12T15:26:38+00:00,,,👍: 8
