Channel ID,URL,Post ID,date,message,out,mentioned,media_unread,silent,post,from_scheduled,legacy,edit_hide,pinned,noforwards,peer_channel,from_id_user,fwd_from,via_bot_id,reply_to_msg_id,reply_to_scheduled,forum_topic,media_photo_id,reply_markup,views,forwards,replies,edit_date,post_author,grouped_id,reactions,restriction_reason,ttl_period
cracked4you,https://t.me/cracked4you,302,2024-02-17 04:12:33,,False,False,False,True,True,,False,,,,1844565325,,,,301.0,False,False,,,,,,,,,,,
cracked4you,https://t.me/cracked4you,304,2024-02-17 11:38:51,"❄️Spynote Evolution X

❄️1) multi window with multi port 

❄️2) apk build && build fixer

❄️3)anti uninstall && accessibility page 

❄️4) apk dropper 

❄️5)copy and paste 

➡️Contact :- @cracked4You_seller",False,False,False,False,True,False,False,False,True,False,1844565325,,,,,,,,,4072.0,93.0,"{'_': 'MessageReplies', 'replies': 19, 'replies_pts': 26112, 'comments': True, 'recent_repliers': [{'_': 'PeerUser', 'user_id': 889839684}, {'_': 'PeerUser', 'user_id': 5247907052}, {'_': 'PeerUser', 'user_id': 5414486136}], 'channel_id': 1678828540, 'max_id': 16467, 'read_max_id': None}",2024-02-17T11:41:02+00:00,Hidd£n BlaZe,,"{'_': 'MessageReactions', 'results': [{'_': 'ReactionCount', 'reaction': {'_': 'ReactionEmoji', 'emoticon': '❤\u200d🔥'}, 'count': 12, 'chosen_order': None}, {'_': 'ReactionCount', 'reaction': {'_': 'ReactionEmoji', 'emoticon': '❤'}, 'count': 7, 'chosen_order': None}, {'_': 'ReactionCount', 'reaction': {'_': 'ReactionEmoji', 'emoticon': '👍'}, 'count': 6, 'chosen_order': None}, {'_': 'ReactionCount', 'reaction': {'_': 'ReactionEmoji', 'emoticon': '🥰'}, 'count': 4, 'chosen_order': None}, {'_': 'ReactionCount', 'reaction': {'_': 'ReactionEmoji', 'emoticon': '😍'}, 'count': 4, 'chosen_order': None}, {'_': 'ReactionCount', 'reaction': {'_': 'ReactionEmoji', 'emoticon': '🦄'}, 'count': 3, 'chosen_order': None}, {'_': 'ReactionCount', 'reaction': {'_': 'ReactionEmoji', 'emoticon': '⚡'}, 'count': 1, 'chosen_order': None}, {'_': 'ReactionCount', 'reaction': {'_': 'ReactionEmoji', 'emoticon': '👌'}, 'count': 1, 'chosen_order': None}, {'_': 'ReactionCount', 'reaction': {'_': 'ReactionEmoji', 'emoticon': '🍾'}, 'count': 1, 'chosen_order': None}, {'_': 'ReactionCount', 'reaction': {'_': 'ReactionEmoji', 'emoticon': '\U0001fae1'}, 'count': 1, 'chosen_order': None}, {'_': 'ReactionCount', 'reaction': {'_': 'ReactionEmoji', 'emoticon': '💘'}, 'count': 1, 'chosen_order': None}], 'min': False, 'can_see_list': False, 'reactions_as_tags': False, 'recent_reactions': []}",[],
cracked4you,https://t.me/cracked4you,311,2024-03-09 15:47:43,"Hello family

🔥Evolution X2 video will release soon 
(Features)

⚡️For Android 13 and 14 you will get best dropper ever now it's easy to bypass accessibility

⚡️Anti-uninstall V1 and v2 enhanced

⚡️Anti-uninstall v2 + Hide apk (undefeatable)

⚡️Multiple accessbility page option
(Customer demand)

⚡️Android 8 to 14 fully persistence 

💀After sale service :- 
Fud (fully undetectable ) service available + playstore signature bypass

✌If you want to become reseller contact @Cracked4You_SeLLer


🐍 After lots of request we are starting medusarat project again
@MedusaRat

✈️Regards
@Hidden_Blaze",False,False,False,False,True,False,False,False,True,False,1844565325,,,,,,,6.296247276993101e+18,,800.0,7.0,"{'_': 'MessageReplies', 'replies': 2, 'replies_pts': 26112, 'comments': True, 'recent_repliers': [{'_': 'PeerUser', 'user_id': 792416665}, {'_': 'PeerUser', 'user_id': 5684369009}], 'channel_id': 1678828540, 'max_id': 16543, 'read_max_id': None}",2024-03-09T16:32:01+00:00,Hidd£n BlaZe [ 𝑶 𝒇 𝒇 𝒍 𝒊 𝒏 𝒆 ],,"{'_': 'MessageReactions', 'results': [{'_': 'ReactionCount', 'reaction': {'_': 'ReactionEmoji', 'emoticon': '❤'}, 'count': 9, 'chosen_order': None}, {'_': 'ReactionCount', 'reaction': {'_': 'ReactionEmoji', 'emoticon': '🥰'}, 'count': 3, 'chosen_order': None}, {'_': 'ReactionCount', 'reaction': {'_': 'ReactionEmoji', 'emoticon': '😍'}, 'count': 3, 'chosen_order': None}, {'_': 'ReactionCount', 'reaction': {'_': 'ReactionEmoji', 'emoticon': '👍'}, 'count': 2, 'chosen_order': None}, {'_': 'ReactionCount', 'reaction': {'_': 'ReactionEmoji', 'emoticon': '💯'}, 'count': 2, 'chosen_order': None}, {'_': 'ReactionCount', 'reaction': {'_': 'ReactionEmoji', 'emoticon': '🎉'}, 'count': 1, 'chosen_order': None}, {'_': 'ReactionCount', 'reaction': {'_': 'ReactionEmoji', 'emoticon': '\U0001fae1'}, 'count': 1, 'chosen_order': None}], 'min': False, 'can_see_list': False, 'reactions_as_tags': False, 'recent_reactions': []}",[],
cracked4you,https://t.me/cracked4you,312,2024-03-09 15:48:13,,False,False,False,True,True,,False,,,,1844565325,,,,311.0,False,False,,,,,,,,,,,
cracked4you,https://t.me/cracked4you,313,2024-03-10 06:28:19,"Hello everyone

I got 50+  request to crack eaglespy but I refused to crack 
Because that rat is belongs to my fellow friend 😅 backstab is not my style

Once again I remind you i will not crack eaglespy silentspy or medusarat so sending me file and offer to crack is waste of time 

Drop reaction if you like loyalty/
Ethics


Regards
@Hidden_Blaze",False,False,False,False,True,False,False,False,True,False,1844565325,,,,,,,,,661.0,2.0,"{'_': 'MessageReplies', 'replies': 4, 'replies_pts': 26112, 'comments': True, 'recent_repliers': [{'_': 'PeerUser', 'user_id': 6288024157}, {'_': 'PeerUser', 'user_id': 6828001400}, {'_': 'PeerUser', 'user_id': 5123008693}], 'channel_id': 1678828540, 'max_id': 16548, 'read_max_id': None}",2024-03-10T06:30:55+00:00,Hidd£n BlaZe,,"{'_': 'MessageReactions', 'results': [{'_': 'ReactionCount', 'reaction': {'_': 'ReactionEmoji', 'emoticon': '\U0001fae1'}, 'count': 22, 'chosen_order': None}, {'_': 'ReactionCount', 'reaction': {'_': 'ReactionEmoji', 'emoticon': '👍'}, 'count': 9, 'chosen_order': None}, {'_': 'ReactionCount', 'reaction': {'_': 'ReactionEmoji', 'emoticon': '😍'}, 'count': 5, 'chosen_order': None}, {'_': 'ReactionCount', 'reaction': {'_': 'ReactionEmoji', 'emoticon': '❤\u200d🔥'}, 'count': 4, 'chosen_order': None}, {'_': 'ReactionCount', 'reaction': {'_': 'ReactionEmoji', 'emoticon': '💋'}, 'count': 1, 'chosen_order': None}, {'_': 'ReactionCount', 'reaction': {'_': 'ReactionEmoji', 'emoticon': '🤝'}, 'count': 1, 'chosen_order': None}], 'min': False, 'can_see_list': False, 'reactions_as_tags': False, 'recent_reactions': []}",[],
cracked4you,https://t.me/cracked4you,314,2024-03-10 06:28:27,,False,False,False,True,True,,False,,,,1844565325,,,,313.0,False,False,,,,,,,,,,,
cracked4you,https://t.me/cracked4you,316,2024-03-15 16:36:30,"EVOLUTION X2 
Sale done (,销售完成）
Contact:- @Cracked4You_Seller",False,False,False,False,True,False,False,True,False,False,1844565325,,,,,,,6.314148679207992e+18,,178.0,0.0,,2024-03-15T16:36:33+00:00,Cracked4You-$eller,1.3684164722402316e+16,,[],
cracked4you,https://t.me/cracked4you,317,2024-03-15 16:36:38,,False,False,False,True,True,,False,,,,1844565325,,,,315.0,False,False,,,,,,,,,,,
cracked4you,https://t.me/cracked4you,318,2024-03-15 17:04:12,"Showcase video of source codes soon 

<NRP> 
Spynote
Xworm 5.6
Hidden cpl applet v3
Unlock rat

If you want to buy contact :-  @Cracked4You_SeLLer",False,False,False,False,True,False,False,False,True,False,1844565325,,,,,,,,,82.0,1.0,"{'_': 'MessageReplies', 'replies': 0, 'replies_pts': 26632, 'comments': True, 'recent_repliers': [], 'channel_id': 1678828540, 'max_id': None, 'read_max_id': None}",2024-03-15T17:05:08+00:00,Hidd£n BlaZe,,,[],
cracked4you,https://t.me/cracked4you,319,2024-03-15 17:04:52,,False,False,False,True,True,,False,,,,1844565325,,,,318.0,False,False,,,,,,,,,,,
cracked4you,https://t.me/cracked4you,321,2024-03-16 04:02:11,,False,False,False,True,True,,False,,,,1844565325,,,,320.0,False,False,,,,,,,,,,,
cracked4you,https://t.me/cracked4you,323,2024-03-17 06:06:03,,False,False,False,True,True,,False,,,,1844565325,,,,322.0,False,False,,,,,,,,,,,
cracked4you,https://t.me/cracked4you,325,2024-03-19 09:29:06,"Old spynote x pro customer can come and take update 

@Cracked4You_Seller",False,False,False,False,True,False,False,True,False,False,1844565325,,,,,,,,,121.0,0.0,"{'_': 'MessageReplies', 'replies': 0, 'replies_pts': 27112, 'comments': True, 'recent_repliers': [], 'channel_id': 1678828540, 'max_id': None, 'read_max_id': None}",2024-03-19T09:29:14+00:00,Hidd£n BlaZe,,"{'_': 'MessageReactions', 'results': [{'_': 'ReactionCount', 'reaction': {'_': 'ReactionEmoji', 'emoticon': '🎃'}, 'count': 4, 'chosen_order': None}, {'_': 'ReactionCount', 'reaction': {'_': 'ReactionEmoji', 'emoticon': '👍'}, 'count': 1, 'chosen_order': None}], 'min': False, 'can_see_list': False, 'reactions_as_tags': False, 'recent_reactions': []}",[],
cracked4you,https://t.me/cracked4you,328,2024-03-19 11:31:45,Join vc,False,False,False,False,True,False,False,True,True,False,1844565325,,,,,,,,,72.0,0.0,"{'_': 'MessageReplies', 'replies': 0, 'replies_pts': 27137, 'comments': True, 'recent_repliers': [], 'channel_id': 1678828540, 'max_id': None, 'read_max_id': None}",2024-03-19T11:31:48+00:00,Hidd£n BlaZe,,,[],
cracked4you,https://t.me/cracked4you,332,2024-03-19 16:37:29,,False,False,False,True,True,,False,,,,1844565325,,,,331.0,False,False,,,,,,,,,,,
cracked4you,https://t.me/cracked4you,334,2024-03-27 16:26:18,,False,False,False,True,True,,False,,,,1844565325,,,,333.0,False,False,,,,,,,,,,,
cracked4you,https://t.me/cracked4you,336,2024-03-28 01:05:44,"<PERSON>

• New:

- Added virus prevention method V3

- The injection mode has been updated

- Usdt function supports crypto app now

- Craxs Rat can send commands to show or hide icon

- Can now quickly input payment passwords for imtoken and tokenpocket

- Now the processing speed of anti-uninstall is increased

- The <PERSON> function is compatible with the latest version of binance

- Fixed an issue where some vivo phones would not display in the craxs client

- Adapted to the latest version of Alipay and wechat payment password records

-  After Buying Services

    • Making Paylod FUD 
    • Making Dropper Paylod FUD 
    • Doing Injection In Any Applications

Contact - @Cracked4You_Seller",False,False,False,False,True,False,False,True,True,False,1844565325,,,,,,,,,126.0,0.0,"{'_': 'MessageReplies', 'replies': 1, 'replies_pts': 29017, 'comments': True, 'recent_repliers': [{'_': 'PeerUser', 'user_id': 6590636864}], 'channel_id': 1678828540, 'max_id': 18258, 'read_max_id': None}",2024-03-28T01:08:43+00:00,𝗛𝗶𝗱𝗱£𝗻 𝗕𝗹𝗮𝗭𝗲,,"{'_': 'MessageReactions', 'results': [{'_': 'ReactionCount', 'reaction': {'_': 'ReactionEmoji', 'emoticon': '🥰'}, 'count': 3, 'chosen_order': None}, {'_': 'ReactionCount', 'reaction': {'_': 'ReactionEmoji', 'emoticon': '👍'}, 'count': 2, 'chosen_order': None}, {'_': 'ReactionCount', 'reaction': {'_': 'ReactionEmoji', 'emoticon': '⚡'}, 'count': 1, 'chosen_order': None}, {'_': 'ReactionCount', 'reaction': {'_': 'ReactionEmoji', 'emoticon': '❤'}, 'count': 1, 'chosen_order': None}, {'_': 'ReactionCount', 'reaction': {'_': 'ReactionEmoji', 'emoticon': '👌'}, 'count': 1, 'chosen_order': None}, {'_': 'ReactionCount', 'reaction': {'_': 'ReactionEmoji', 'emoticon': '😍'}, 'count': 1, 'chosen_order': None}], 'min': False, 'can_see_list': False, 'reactions_as_tags': False, 'recent_reactions': []}",[],
cracked4you,https://t.me/cracked4you,337,2024-03-28 01:06:22,,False,False,False,True,True,,False,,,,1844565325,,,,336.0,False,False,,,,,,,,,,,
cracked4you,https://t.me/cracked4you,339,2024-03-29 12:54:18,"<NRP> v7.4 price decrease 

<NRP> v7.4 价格下降

Contact :- @Cracked4You_SeLLer",False,False,False,False,True,False,False,True,True,False,1844565325,,,,,,,,,59.0,0.0,"{'_': 'MessageReplies', 'replies': 2, 'replies_pts': 29150, 'comments': True, 'recent_repliers': [{'_': 'PeerUser', 'user_id': 6376425581}, {'_': 'PeerUser', 'user_id': 889839684}], 'channel_id': 1678828540, 'max_id': 18346, 'read_max_id': None}",2024-03-29T12:54:33+00:00,𝗛𝗶𝗱𝗱£𝗻 𝗕𝗹𝗮𝗭𝗲,,"{'_': 'MessageReactions', 'results': [{'_': 'ReactionCount', 'reaction': {'_': 'ReactionEmoji', 'emoticon': '❤'}, 'count': 1, 'chosen_order': None}], 'min': False, 'can_see_list': False, 'reactions_as_tags': False, 'recent_reactions': []}",[],
cracked4you,https://t.me/cracked4you,340,2024-03-29 12:54:21,,False,False,False,True,True,,False,,,,1844565325,,,,339.0,False,False,,,,,,,,,,,
cracked4you,https://t.me/cracked4you,342,2024-04-01 10:39:39,"🌟Next Update :- 

⚡️Evolution X3

❄<PERSON> click injector 

❄️Dynamic accessibility page 

❄️Dynamic Dropper / with multilingual

❄️stable anti-uninstall (v3)

❄️some sort of layout fixing

➡️Contact:- 
@Cracked4You_SeLLer",False,False,False,False,True,False,False,False,True,False,1844565325,,,,,,,,,129.0,1.0,"{'_': 'MessageReplies', 'replies': 2, 'replies_pts': 29217, 'comments': True, 'recent_repliers': [{'_': 'PeerUser', 'user_id': 7043746853}, {'_': 'PeerUser', 'user_id': 5707937007}], 'channel_id': 1678828540, 'max_id': 18376, 'read_max_id': None}",2024-04-01T10:46:01+00:00,𝗛𝗶𝗱𝗱£𝗻 𝗕𝗹𝗮𝗭𝗲,,"{'_': 'MessageReactions', 'results': [{'_': 'ReactionCount', 'reaction': {'_': 'ReactionEmoji', 'emoticon': '👍'}, 'count': 6, 'chosen_order': None}, {'_': 'ReactionCount', 'reaction': {'_': 'ReactionEmoji', 'emoticon': '❤\u200d🔥'}, 'count': 3, 'chosen_order': None}, {'_': 'ReactionCount', 'reaction': {'_': 'ReactionEmoji', 'emoticon': '❤'}, 'count': 3, 'chosen_order': None}, {'_': 'ReactionCount', 'reaction': {'_': 'ReactionEmoji', 'emoticon': '👌'}, 'count': 2, 'chosen_order': None}, {'_': 'ReactionCount', 'reaction': {'_': 'ReactionEmoji', 'emoticon': '\U0001fae1'}, 'count': 2, 'chosen_order': None}, {'_': 'ReactionCount', 'reaction': {'_': 'ReactionEmoji', 'emoticon': '🥰'}, 'count': 1, 'chosen_order': None}, {'_': 'ReactionCount', 'reaction': {'_': 'ReactionEmoji', 'emoticon': '😍'}, 'count': 1, 'chosen_order': None}, {'_': 'ReactionCount', 'reaction': {'_': 'ReactionEmoji', 'emoticon': '🍾'}, 'count': 1, 'chosen_order': None}], 'min': False, 'can_see_list': False, 'reactions_as_tags': False, 'recent_reactions': []}",[],
cracked4you,https://t.me/cracked4you,343,2024-04-01 10:39:43,,False,False,False,True,True,,False,,,,1844565325,,,,342.0,False,False,,,,,,,,,,,
cracked4you,https://t.me/cracked4you,345,2024-04-03 07:59:53,"Craxsrat 7.4 
Only 200$ first 5 customer
前5名顾客只需200美元
Contact :- @Cracked4You_Seller",False,False,False,False,True,False,False,False,True,False,1844565325,,,,,,,,,67.0,1.0,"{'_': 'MessageReplies', 'replies': 0, 'replies_pts': 29297, 'comments': True, 'recent_repliers': [], 'channel_id': 1678828540, 'max_id': None, 'read_max_id': None}",2024-04-03T08:00:14+00:00,Cracked4You-$eller,,"{'_': 'MessageReactions', 'results': [{'_': 'ReactionCount', 'reaction': {'_': 'ReactionEmoji', 'emoticon': '👍'}, 'count': 2, 'chosen_order': None}, {'_': 'ReactionCount', 'reaction': {'_': 'ReactionEmoji', 'emoticon': '❤'}, 'count': 1, 'chosen_order': None}, {'_': 'ReactionCount', 'reaction': {'_': 'ReactionEmoji', 'emoticon': '🥰'}, 'count': 1, 'chosen_order': None}, {'_': 'ReactionCount', 'reaction': {'_': 'ReactionEmoji', 'emoticon': '😍'}, 'count': 1, 'chosen_order': None}], 'min': False, 'can_see_list': False, 'reactions_as_tags': False, 'recent_reactions': []}",[],
cracked4you,https://t.me/cracked4you,346,2024-04-03 08:00:26,,False,False,False,True,True,,False,,,,1844565325,,,,345.0,False,False,,,,,,,,,,,
