Channel ID,URL,Post ID,date,message,out,mentioned,media_unread,silent,post,from_scheduled,legacy,edit_hide,pinned,noforwards,peer_channel,from_id_user,fwd_from,via_bot_id,reply_to_msg_id,reply_to_scheduled,forum_topic,media_photo_id,reply_markup,views,forwards,replies,edit_date,post_author,grouped_id,reactions,restriction_reason,ttl_period
moneymakertut20,https://t.me/moneymakertut20,1421,2024-01-29 23:34:52,Just follow what I say you won’t make no mistakes raise right is only for USA citizens and people that leaves there that’s why I advise to use <PERSON> so they won’t detect it,False,False,False,False,True,False,False,False,False,False,1620701387,,,,,,,,,1464,1,,,,,,[],
moneymakertut20,https://t.me/moneymakertut20,1422,2024-02-01 02:07:57,"Unfortunately, I do not sell any tools. However, I can provide you with a list of sites that I and my colleagues have personally tested, tried, and verified to provide the necessary tools for successful cashouts from tutorials posted here.",False,False,False,False,True,False,False,False,False,False,1620701387,,,,,,,,,1253,1,,,,,,[],
moneymakertut20,https://t.me/moneymakertut20,1423,2024-02-01 02:08:06,"Where I recommend purchasing the necessary tools for cashout from the following websites.

]-] https://unique-x-vip.com       {For Banklogs (full info) &
Shopwithscrip login}


]-{ paradisecitylog.com {For Verified Accounts: Coinbase, Coinzoom, Banklogs with online access}
 
]-{ https://unique-x-vip.com        {For Verified Account: <PERSON>, Cashapp, bank logs}

]-{ paradisecitylog.com -{ For <PERSON>, Banklogs with online access }

]-{ https://unique-x-vip.com -{Premium RDP}

]-{ https://en.allbnklogs.com  -{For Shopwithscrip, Banklogs with Email Access more.}

]• https://en.allbnklogs.com  -{For high  credit score <PERSON> and DL lookups}

} paradisecitylog.com { For Bank Log full info and others}",False,False,False,False,True,False,False,False,False,False,1620701387,,,,,,,,,1440,3,,2024-02-08T01:11:23+00:00,,,,[],
moneymakertut20,https://t.me/moneymakertut20,1424,2024-02-01 02:08:17,,False,False,False,False,True,False,False,False,False,False,1620701387,,,,,,,,,1174,0,,,,,,[],
moneymakertut20,https://t.me/moneymakertut20,1425,2024-02-01 02:41:07,"If you just joined this channel and u got a sad story like this, don’t worry, u must have lost some money in <DATE_TIME> but as far as we still got breath, God won’t make us suffer <DATE_TIME> too inshallah🙏🏾",False,False,False,False,True,False,False,False,False,False,1620701387,,,,,,,5.900054325101707e+18,,1323,1,,,,,,[],
moneymakertut20,https://t.me/moneymakertut20,1426,2024-02-01 02:41:16,Happy new month everyone ❤️❤️❤️❤️,False,False,False,False,True,False,False,False,False,False,1620701387,,,,,,,,,1304,0,,,,,,[],
moneymakertut20,https://t.me/moneymakertut20,1427,2024-02-01 03:03:57,"If u are on this channel and u don’t make atleast $5k to $10k a whole month, then u really wasting my time and yours.

For Christ sake, there are over 10+ tutorials(dda,direct deposit, ach, check wire, online applications, loans, cc, etc.) on this channel to be making more than that from.
I admit I take long to do replies but that no excuse at all, I even post replies to popular questions here to learn from",False,False,False,False,True,False,False,False,False,False,1620701387,,,,,,,,,1488,1,,,,,,[],
moneymakertut20,https://t.me/moneymakertut20,1428,2024-02-01 03:09:30,"My apologies 🙏🏻if I don’t reply ⁉️on time 🕛, I also do bank 🏦cashout myself 👨‍💻so I spent part of the time 🕛working, Besides all this am doing here is free so bare with me, and if u message📨
me pls go straight to da point...

@moneymakertut2O22


Only WhatsApp 

https://wa.me/message/MTH2JCG4FJ33H1",False,False,False,False,True,False,False,False,False,False,1620701387,,,,,,,,,1849,0,,,,,,[],
moneymakertut20,https://t.me/moneymakertut20,1429,2024-02-02 04:05:15,"ShopWithScrip is an excellent way to start earning money from the channel. Whether you are a beginner or an experienced user, you can work through the ShopWithScrip tutorials on your own, or you can contact me for a walkthrough. I am available to provide guidance and assistance.",False,False,False,False,True,False,False,False,False,False,1620701387,,,,1364.0,False,False,,,1662,0,,,,,,[],
moneymakertut20,https://t.me/moneymakertut20,1430,2024-02-04 21:57:18,"I know most of you guys have been seeing this Coinbase update but have no idea about it…. There are few Banklogs out there that works perfectly on Coinbase even when name on coinbase ain’t matching that of the bank log…. The only bank logs I’ve tried purchasing Bitcoin with and worked out perfectly💯 are huntington, citi and M&T Bank logs.",False,False,False,False,True,False,False,False,False,False,1620701387,,,,,,,,,1220,5,,,,,,[],
moneymakertut20,https://t.me/moneymakertut20,1431,2024-02-04 21:58:46,<DATE_TIME> I will be teaching you all how to buy bitcoin on coinbase with this few Bank logs even when the name on coinbase ain’t matching that of the bank log🔥🔥🔥,False,False,False,False,True,False,False,False,False,False,1620701387,,,,,,,,,1219,5,,,,,,[],
moneymakertut20,https://t.me/moneymakertut20,1432,2024-02-04 22:00:24,,False,False,False,False,True,False,False,False,False,False,1620701387,,,,,,,,,1215,4,,,,,,[],
moneymakertut20,https://t.me/moneymakertut20,1433,2024-02-04 22:14:26,"We are like a family here, I am not a professor or custodian of all knowledge so the only way we members on this channel can make real money, is when we share with each other , if we all decide to keep our little things, we won’t make any money, just peanut🥜.

So I appreciate everyone who reaches out to help in his own way, and to the noobs who just joined too, remember to also share the same way u have gotten it for free. 
I only benefit from this channel when the same members here forward me premium tut for me to cashout when they see me helping people for free. 
May God bless us all",False,False,False,False,True,False,False,False,False,False,1620701387,,,,,,,,,1240,5,,,,,,[],
moneymakertut20,https://t.me/moneymakertut20,1434,2024-02-04 22:16:13,Now let’s start with Tutorials🔥🔥,False,False,False,False,True,False,False,False,False,False,1620701387,,,,,,,,,1087,6,,,,,,[],
moneymakertut20,https://t.me/moneymakertut20,1435,2024-02-04 22:23:16,How to transfer funds from local banks to Coinbase. Get your verified Coinbase ready let's make money Easy money,False,False,False,False,True,False,False,False,False,False,1620701387,,,,,,,,,1073,9,,,,,,[],
moneymakertut20,https://t.me/moneymakertut20,1436,2024-02-04 22:23:51,1. You tap on your profile,False,False,False,False,True,False,False,False,False,False,1620701387,,,,,,,5.990153401712884e+18,,1100,7,,,,,,[],
moneymakertut20,https://t.me/moneymakertut20,1437,2024-02-04 22:24:27,2. Select Settings,False,False,False,False,True,False,False,False,False,False,1620701387,,,,,,,5.990153401712884e+18,,1096,8,,,,,,[],
moneymakertut20,https://t.me/moneymakertut20,1438,2024-02-04 22:25:12,3.Click on Payment methods.,False,False,False,False,True,False,False,False,False,False,1620701387,,,,,,,5.990153401712884e+18,,1117,8,,,,,,[],
moneymakertut20,https://t.me/moneymakertut20,1439,2024-02-04 22:34:55,,False,False,False,False,True,False,False,False,False,False,1620701387,,,,,,,,,1132,3,,,,,,[],
moneymakertut20,https://t.me/moneymakertut20,1440,2024-02-04 22:35:32,"4. On the the payment methods, choose “Add payment Method”",False,False,False,False,True,False,False,False,False,False,1620701387,,,,,,,,,1128,7,,,,,,[],
moneymakertut20,https://t.me/moneymakertut20,1441,2024-02-04 22:35:46,5. Click on Bank Account since it’s a local bank we are working with.,False,False,False,False,True,False,False,False,False,False,1620701387,,,,,,,5.791950157175176e+18,,1186,7,,,,,,[],
moneymakertut20,https://t.me/moneymakertut20,1442,2024-02-04 22:50:43,6. When this prompt appears you just click on Continue.,False,False,False,False,True,False,False,False,False,False,1620701387,,,,,,,5.791950157175176e+18,,1175,8,,,,,,[],
moneymakertut20,https://t.me/moneymakertut20,1443,2024-02-04 22:50:54,NB: Make sure you purchase bank logs with email access. I’ll recommend few after the tutorials,False,False,False,False,True,False,False,False,False,False,1620701387,,,,,,,,,1173,7,,,,,,[],
moneymakertut20,https://t.me/moneymakertut20,1444,2024-02-04 22:51:16,"7. Now with Coinbase I recommend you use <PERSON>,m&t,<PERSON>",False,False,False,False,True,False,False,False,False,False,1620701387,,,,,,,5.791950157175176e+18,,1289,8,,,,,,[],
moneymakertut20,https://t.me/moneymakertut20,1445,2024-02-05 00:06:10,"8. You’ll enter the Online access from the bank log you purchased, send verification code to email and link it instantly",False,False,False,False,True,False,False,False,False,False,1620701387,,,,,,,5.791950157175176e+18,,1346,8,,,,,,[],
moneymakertut20,https://t.me/moneymakertut20,1446,2024-02-05 00:06:22,"You could do $5,000 to $50,000
depending on your Bank purchase limit!!!
Easy pizzy😈",False,False,False,False,True,False,False,False,False,False,1620701387,,,,,,,,,1356,7,,,,,,[],
moneymakertut20,https://t.me/moneymakertut20,1447,2024-02-05 00:06:33,NAVY FEDERAL CREDIT UNION ✅,False,False,False,False,True,False,False,False,False,False,1620701387,,,,,,,,,1379,6,,,,,,[],
moneymakertut20,https://t.me/moneymakertut20,1448,2024-02-05 00:06:43,M&T BANK ✅,False,False,False,False,True,False,False,False,False,False,1620701387,,,,,,,,,1380,7,,,,,,[],
moneymakertut20,https://t.me/moneymakertut20,1449,2024-02-05 17:36:06,"Q&A

Q1• Money maker please how can I get Bank log with email access or shopwithscrip login?

Ans1• I recommend purchasing the necessary tools for cashout from the following websites.

]-] https://unique-x-vip.com       {For Banklogs (full info) &
Shopwithscrip login}


]-{ https://donald-cvv.com {For Credit Cards}

]-{ https://unique-x-vip.com        {For <NRP>, Cashapp, bank logs}

]-{ https://unique-x-vip.com -{ For scannable documents}

]-{ https://unique-x-vip.com -{Premium RDP}

]-{  https://en.allbnklogs.com -{For Shopwithscrip, Banklogs with Email Access more.}

]•  https://en.allbnklogs.com <PERSON> score <PERSON> and DL lookups}

} https://unique-x-vip.com{ For Bank Log full info and others}",False,False,False,False,True,False,False,False,False,False,1620701387,,,,,,,,,1408,4,,2024-02-06T00:36:56+00:00,,,,[],
moneymakertut20,https://t.me/moneymakertut20,1450,2024-02-06 01:06:22,With coinzoom 🤫🤫🤓🤓,False,False,False,False,True,False,False,False,False,False,1620701387,,,,,,,,,1199,1,,,,,,[],
moneymakertut20,https://t.me/moneymakertut20,1452,2024-02-06 01:18:53,Still hitting hard 💯💯💯💯💯🔥🔥🔥🔥🔥🔥🔥🔥<DATE_TIME>,False,False,False,False,True,False,False,False,False,False,1620701387,,,,779.0,False,False,,,1190,0,,,,,,[],
moneymakertut20,https://t.me/moneymakertut20,1453,2024-02-06 01:20:14,"If you have a verified <NRP> account, you can purchase an NFCU or BBVA log to cash out your easy $15,000
And If you require assistance, do not hesitate to contact me. I am more than happy to provide guidance let eat together <PERSON>",False,False,False,False,True,False,False,False,False,False,1620701387,,,,,,,,,1211,0,,,,,,[],
moneymakertut20,https://t.me/moneymakertut20,1454,2024-02-06 01:50:04,The kinda prayers you guys pray <DATE_TIME> for me I do appreciate I can’t even post everything here,False,False,False,False,True,False,False,False,False,False,1620701387,,,,,,,5.913280221623207e+18,,1266,2,,,,1.3657473632586204e+16,,[],
moneymakertut20,https://t.me/moneymakertut20,1455,2024-02-06 01:50:04,,False,False,False,False,True,False,False,False,False,False,1620701387,,,,,,,5.913280221623207e+18,,1268,2,,,,1.3657473632586204e+16,,[],
moneymakertut20,https://t.me/moneymakertut20,1456,2024-02-06 01:50:04,,False,False,False,False,True,False,False,False,False,False,1620701387,,,,,,,5.913280221623207e+18,,1266,2,,,,1.3657473632586204e+16,,[],
moneymakertut20,https://t.me/moneymakertut20,1457,2024-02-06 01:50:04,,False,False,False,False,True,False,False,False,False,False,1620701387,,,,,,,5.913280221623207e+18,,1283,2,,,,1.3657473632586204e+16,,[],
moneymakertut20,https://t.me/moneymakertut20,1458,2024-02-06 02:43:57,BRUH😭She HIT the CASHAPP with PNC & now she wants my number.  <DATE_TIME>,False,False,False,False,True,False,False,False,False,False,1620701387,,,,,,,,,1451,2,,,,,,[],
moneymakertut20,https://t.me/moneymakertut20,1460,2024-02-06 03:01:00,"Once you got hacked bank login with balance, you can hit for walkthrough 
Any assistance. 
Contact    

@moneymakertut2O22


@moneymakertut2O22",False,False,False,False,True,False,False,False,False,False,1620701387,,,,,,,,,1495,0,,,,,,[],
moneymakertut20,https://t.me/moneymakertut20,1461,2024-02-06 03:04:40,WhatsApp 👉👉https://wa.me/message/MTH2JCG4FJ33H1,False,False,False,False,True,False,False,False,False,False,1620701387,,,,,,,,,1643,0,,,,,,[],
moneymakertut20,https://t.me/moneymakertut20,1462,2024-02-08 02:31:28,"This the type of positive messages I want to be seeing in my DMs, make money🤑.. it easy to make money on the street if u got the blueprint",False,False,False,False,True,False,False,False,False,False,1620701387,,,,,,,5.918105076214384e+18,,1360,3,,,,1.3658875905524316e+16,,[],
moneymakertut20,https://t.me/moneymakertut20,1463,2024-02-08 02:31:28,,False,False,False,False,True,False,False,False,False,False,1620701387,,,,,,,5.918105076214384e+18,,1373,3,,,,1.3658875905524316e+16,,[],
moneymakertut20,https://t.me/moneymakertut20,1464,2024-02-08 02:31:28,,False,False,False,False,True,False,False,False,False,False,1620701387,,,,,,,5.918105076214384e+18,,1358,4,,,,1.3658875905524316e+16,,[],
moneymakertut20,https://t.me/moneymakertut20,1466,2024-02-08 02:31:28,,False,False,False,False,True,False,False,False,False,False,1620701387,,,,,,,5.918105076214384e+18,,1410,4,,,,1.3658875905524316e+16,,[],
moneymakertut20,https://t.me/moneymakertut20,1467,2024-02-08 02:31:28,,False,False,False,False,True,False,False,False,False,False,1620701387,,,,,,,5.918105076214384e+18,,1415,4,,,,1.3658875905524316e+16,,[],
moneymakertut20,https://t.me/moneymakertut20,1468,2024-02-08 02:31:28,,False,False,False,False,True,False,False,False,False,False,1620701387,,,,,,,5.918105076214384e+18,,1390,3,,,,1.3658875905524316e+16,,[],
moneymakertut20,https://t.me/moneymakertut20,1469,2024-02-08 02:31:28,,False,False,False,False,True,False,False,False,False,False,1620701387,,,,,,,5.918105076214384e+18,,1545,4,,,,1.3658875905524316e+16,,[],
moneymakertut20,https://t.me/moneymakertut20,1470,2024-02-08 02:31:28,,False,False,False,False,True,False,False,False,False,False,1620701387,,,,,,,5.918105076214384e+18,,1444,4,,,,1.3658875905524316e+16,,[],
moneymakertut20,https://t.me/moneymakertut20,1471,2024-02-08 02:31:28,,False,False,False,False,True,False,False,False,False,False,1620701387,,,,,,,5.918105076214384e+18,,1596,3,,,,1.3658875905524316e+16,,[],
moneymakertut20,https://t.me/moneymakertut20,1472,2024-02-08 03:11:00,"After Cashout a tip won’t be bad 
I’ll be needing Cashout proof too post here to motivate others don’t sleep on this tutorials it’s life changing 🙅‍♂️",False,False,False,False,True,False,False,False,False,False,1620701387,,,,,,,,,1576,2,,,,,,[],
moneymakertut20,https://t.me/moneymakertut20,1473,2024-02-08 03:23:14,If you get the shopwithscrip log and I didn’t reply you <DATE_TIME> just resend your massage <DATE_TIME> morning,False,False,False,False,True,False,False,False,False,False,1620701387,,,,,,,,,1578,2,,,,,,[],
moneymakertut20,https://t.me/moneymakertut20,1475,2024-02-10 03:41:26,"Another idiot came to my inbox to insult me for sharing tut for free, this should be another warning, if u don’t like me sharing <PERSON> just leave my channel, don’t come and tel me what to do or not do 😡",False,False,False,False,True,False,False,False,False,False,1620701387,,,,,,,5.924895887660794e+18,,1332,1,,,,,,[],
moneymakertut20,https://t.me/moneymakertut20,1476,2024-02-10 23:12:04,"If you are new to the channel, I recommend that you review the tutorials available. As a beginner, I suggest that starting with Shopwithscrip, as it is the most straightforward tutorial and can help you get started quickly. The sweet thing is that it’s a selfcashout method you don’t need a client or a loader to rip you off.",False,False,False,False,True,False,False,False,False,False,1620701387,,,,,,,5.92710837563882e+18,,1286,2,,,,1.3660853792297828e+16,,[],
moneymakertut20,https://t.me/moneymakertut20,1477,2024-02-10 23:12:04,,False,False,False,False,True,False,False,False,False,False,1620701387,,,,,,,5.92710837563882e+18,,1267,2,,,,1.3660853792297828e+16,,[],
moneymakertut20,https://t.me/moneymakertut20,1478,2024-02-10 23:19:01,If you’re in my channel and your not making money that means you’re LAZY😶,False,False,False,False,True,False,False,False,False,False,1620701387,,,,,,,5.927147687474479e+18,,1330,2,,,,,,[],
moneymakertut20,https://t.me/moneymakertut20,1480,2024-02-10 23:36:39,"❤️❤️❤️
I don’t charge for anything I post everything free I don’t need your money just use the tut and change your life..

Once u got log let me know I’ll put you through on walkthrough

Any assistance. 
Contact    

@moneymakertut2O22


WhatsApp only 

<PHONE_NUMBER>",False,False,False,False,True,False,False,False,False,False,1620701387,,,,,,,,,1509,0,,,,,,[],
moneymakertut20,https://t.me/moneymakertut20,1481,2024-02-13 02:35:42,"If you are new in the channel, As a beginner, I suggest that you starting with Shopwithscrip, is the most straightforward tutorial and can help you get started quickly.
    And those guys who cashed soo much money with the tuts here, pls try and invest and for those who are yet to cashout , don’t forget to hit me up for any guidance",False,False,False,False,True,False,False,False,False,False,1620701387,,,,,,,5.933801528118854e+18,,1423,3,,,,1.36623339401007e+16,,[],
moneymakertut20,https://t.me/moneymakertut20,1483,2024-02-13 02:35:42,,False,False,False,False,True,False,False,False,False,False,1620701387,,,,,,,5.933801528118854e+18,,1491,3,,,,1.36623339401007e+16,,[],
moneymakertut20,https://t.me/moneymakertut20,1494,2024-02-16 17:07:31,Here is the Shopwithscrip tutorial there,False,False,False,False,True,False,False,False,False,False,1620701387,,,,1364.0,False,False,,,1275,0,,,,,,[],
moneymakertut20,https://t.me/moneymakertut20,1496,2024-02-17 23:10:01,"Q&A

Q1• Money Maker please how can I get Bank log with email access or shopwithscrip login?

Ans1• I recommend purchasing the necessary tools for cashout from the following websites.

]-] https://unique-x-vip.com       {For Banklogs (full info) &
Shopwithscrip login}


]-{ https://unique-x-vip.com  {For Credit Cards}or{ Shopwithscrip log}

]-{ https://unique-x-vip.com        {For <NRP>, Cashapp, bank logs}

]-{.  paradisecitylog.com -{ For scannable documents/ Shopwithscrip Log 

]-{ https://unique-x-vip.com -{Premium RDP}

]-{ paradisecitylog.com  <PERSON>, Banklogs with Email Access more.}

]•  https://en.allbnklogs.com <PERSON> score <PERSON> and DL lookups}

} https://paradisecitylog.com { For Bank Log full info and others}",False,False,False,False,True,False,False,False,False,False,1620701387,,,,,,,,,1184,1,,,,,,[],
moneymakertut20,https://t.me/moneymakertut20,1497,2024-02-19 01:35:09,"Nighty Boss 
I suggest you stop stressing yourself by posting screenshots, indeed wat we need is more tutorials sir🙏🏿🙏🏿🙏🏿❤️. Anybody that doesn't believe you should go to hell. As for me, I will never forget the day I first cashout my 2k$ at a time from that  shopwithscrip, it was like a dream for me that night because I have not cashout such amount once since I was born sir.  See me eating $$$$ like people that do blood <PERSON>❤️❤️❤️",False,False,False,False,True,False,False,False,False,False,1620701387,,"{'_': 'MessageFwdHeader', 'date': '2024-02-19T01:34:55+00:00', 'imported': False, 'saved_out': False, 'from_id': None, 'from_name': 'Tatiana Lev', 'channel_post': None, 'post_author': None, 'saved_from_peer': None, 'saved_from_msg_id': None, 'saved_from_id': None, 'saved_from_name': None, 'saved_date': None, 'psa_type': None}",,,,,,,2303,11,,,,,,[],
moneymakertut20,https://t.me/moneymakertut20,1498,2024-02-19 01:42:32,"Easy bro😂 that hash lol,

Those guys who cashed out with the tuts here, pls try and invest and for those who are yet to cashout , don’t give up yet. ❤️ love everyone here",False,False,False,False,True,False,False,False,False,False,1620701387,,,,1497.0,False,False,,,991,1,,,,,,[],
moneymakertut20,https://t.me/moneymakertut20,1504,2024-02-20 23:38:12,"You can buy Bitcoin from JetPay 
For those who don’t have bitcoin and wants to purchase the shopwithscrip Log or any tools",False,False,False,False,True,False,False,False,False,False,1620701387,,,,1502.0,False,False,,,957,1,,,,,,[],
moneymakertut20,https://t.me/moneymakertut20,1512,2024-02-24 01:48:47,,False,False,False,False,True,False,False,False,False,False,1620701387,,,,,,,5.965469515993169e+18,,448,0,,,,1.3669914617406268e+16,,[],
moneymakertut20,https://t.me/moneymakertut20,1522,2024-02-24 01:50:37,"I will be active <DATE_TIME> 
Doing walk through on Shopwithscrip,coinzoom & coinbase update 
If your purchasing a log or already know what
your looking for message 
👇🏾👇🏾👇🏾👇🏾👇🏾

@moneymakertut2O22

Only WhatsApp 

https://wa.me/message/MTH2JCG4FJ33H1",False,False,False,False,True,False,False,False,False,False,1620701387,,,,,,,,,577,0,,,,,,[],
moneymakertut20,https://t.me/moneymakertut20,1524,2024-02-26 04:46:48,"I know you guys love money🤑 but pls when <PERSON>, don’t get greedy to transfer a huge amount, $2k won’t be bad at a time",False,False,False,False,True,False,False,False,False,False,1620701387,,,,,,,5.021946728131177e+18,,1063,0,,,,,,[],
moneymakertut20,https://t.me/moneymakertut20,1525,2024-02-26 04:46:57,"Just because a tutorial is shared for free here, doesn’t mean it not premium, value every tut and make money from it",False,False,False,False,True,False,False,False,False,False,1620701387,,,,,,,5.974481048869913e+18,,1118,0,,,,,,[],
moneymakertut20,https://t.me/moneymakertut20,1526,2024-02-28 00:25:27,"Those guys who cashed soo much money with the tuts here, pls try and invest 💯❤️",False,False,False,False,True,False,False,False,False,False,1620701387,,,,,,,5.976770820489462e+18,,749,2,,,,1.3672639420886588e+16,,[],
moneymakertut20,https://t.me/moneymakertut20,1527,2024-02-28 00:25:27,,False,False,False,False,True,False,False,False,False,False,1620701387,,,,,,,5.976770820489462e+18,,751,2,,,,1.3672639420886588e+16,,[],
moneymakertut20,https://t.me/moneymakertut20,1528,2024-02-28 01:27:55,"Am really glad seeing many people cashing out and changing their life with my Tutorials, makes me feel appreciated for my efforts. ⏰",False,False,False,False,True,False,False,False,False,False,1620701387,,,,,,,,,735,2,,,,,,[],
moneymakertut20,https://t.me/moneymakertut20,1529,2024-02-28 01:32:18,SHOPWITHSCRIP still hitting 🔥🔥🔥🔥🔥💯💯,False,False,False,False,True,False,False,False,False,False,1620701387,,,,1362.0,False,False,,,727,0,,,,,,[],
moneymakertut20,https://t.me/moneymakertut20,1530,2024-02-28 01:32:48,"ShopWithScrip is an excellent way to start earning money from the channel. Whether you are a beginner or an experienced user, you can work through the ShopWithScrip tutorials on your own, or you can contact me for a walkthrough. I am available to provide guidance and assistance.",False,False,False,False,True,False,False,False,False,False,1620701387,,,,1364.0,False,False,,,722,0,,,,,,[],
moneymakertut20,https://t.me/moneymakertut20,1531,2024-02-28 02:11:06,Even if you don’t have laptop you can use your phone to cashout from shopwithscrip Tutorials,False,False,False,False,True,False,False,False,False,False,1620701387,,,,,,,,,699,1,,,,,,[],
moneymakertut20,https://t.me/moneymakertut20,1532,2024-02-28 18:06:24,"I will be active <DATE_TIME> 
Doing walk through on Shopwithscrip,coinzoom & coinbase update 
If your purchasing a log or already know what
your looking for message 
👇🏾👇🏾👇🏾👇🏾👇🏾

@moneymakertut2O22

Only WhatsApp 

https://wa.me/message/MTH2JCG4FJ33H1",False,False,False,False,True,False,False,False,False,False,1620701387,,,,,,,,,579,0,,,,,,[],
moneymakertut20,https://t.me/moneymakertut20,1533,2024-02-28 18:06:56,"Q&A

Q1• Money Maker please how can I get Bank log with email access or shopwithscrip login?

Ans1• I recommend purchasing the necessary tools for cashout from the following websites.

]-] https://unique-x-vip.com       {For Banklogs (full info) &
Shopwithscrip login}


]-{ https://donald-cvv.com {For Credit Cards}

]-{ https://unique-x-vip.com        {For <NRP>, Cashapp, bank logs}

]-{ Scanlab.cc -{ For scannable documents}

]-{ https://unique-x-vip.com -{Premium RDP}

]-{  https://en.allbnklogs.com -{For Shopwithscrip, Banklogs with Email Access more.}

]•  https://en.allbnklogs.com <PERSON> score <PERSON> and DL lookups}

} paradisecitylog.com { For Bank Log full info and others}",False,False,False,False,True,False,False,False,False,False,1620701387,,,,,,,,,626,0,,,,,,[],
moneymakertut20,https://t.me/moneymakertut20,1534,2024-02-29 21:57:33,"If you’re lucky the shopwithscript account you bought will have higher limit which means you can buy more than $2,500 <DATE_TIME>",False,False,False,False,True,False,False,False,False,False,1620701387,,,,,,,,,447,4,,,,,,[],
moneymakertut20,https://t.me/moneymakertut20,1535,2024-02-29 22:15:18,Your Shopwithscrip program have done a great job in my life. Now I don't need <DATE_TIME> salary to survive all thanks to God that lead me to you <PERSON>,False,False,False,False,True,False,False,False,False,False,1620701387,,"{'_': 'MessageFwdHeader', 'date': '2024-02-29T22:07:18+00:00', 'imported': False, 'saved_out': False, 'from_id': None, 'from_name': 'Harrison Pen', 'channel_post': None, 'post_author': None, 'saved_from_peer': None, 'saved_from_msg_id': None, 'saved_from_id': None, 'saved_from_name': None, 'saved_date': None, 'psa_type': None}",,,,,,,523,1,,,,,,[],
moneymakertut20,https://t.me/moneymakertut20,1536,2024-02-29 22:15:25,You made me believe that good people still exist with all your patient sir so glad and I so much appreciate my God will always protect you,False,False,False,False,True,False,False,False,False,False,1620701387,,"{'_': 'MessageFwdHeader', 'date': '2024-02-29T22:09:39+00:00', 'imported': False, 'saved_out': False, 'from_id': None, 'from_name': 'Harrison Pen', 'channel_post': None, 'post_author': None, 'saved_from_peer': None, 'saved_from_msg_id': None, 'saved_from_id': None, 'saved_from_name': None, 'saved_date': None, 'psa_type': None}",,,,,,,519,1,,,,,,[],
moneymakertut20,https://t.me/moneymakertut20,1537,2024-02-29 22:15:31,The good that you are doing here is only God that will surely bless you everyday and anywhere 🙏❤️my life savior 🙇‍♂️🙇‍♂️🙇‍♂️,False,False,False,False,True,False,False,False,False,False,1620701387,,"{'_': 'MessageFwdHeader', 'date': '2024-02-29T22:14:29+00:00', 'imported': False, 'saved_out': False, 'from_id': None, 'from_name': 'Harrison Pen', 'channel_post': None, 'post_author': None, 'saved_from_peer': None, 'saved_from_msg_id': None, 'saved_from_id': None, 'saved_from_name': None, 'saved_date': None, 'psa_type': None}",,,,,,,521,1,,,,,,[],
moneymakertut20,https://t.me/moneymakertut20,1538,2024-02-29 22:30:39,The kinda prayers you guys pray <DATE_TIME> for me I do appreciate I can’t even post everything here,False,False,False,False,True,False,False,False,False,False,1620701387,,,,,,,5.983230945223886e+18,,521,1,,,,1.3673966712551372e+16,,[],
moneymakertut20,https://t.me/moneymakertut20,1539,2024-02-29 22:30:39,,False,False,False,False,True,False,False,False,False,False,1620701387,,,,,,,5.983230945223886e+18,,523,0,,,,1.3673966712551372e+16,,[],
moneymakertut20,https://t.me/moneymakertut20,1540,2024-02-29 22:30:39,,False,False,False,False,True,False,False,False,False,False,1620701387,,,,,,,5.983230945223886e+18,,516,0,,,,1.3673966712551372e+16,,[],
moneymakertut20,https://t.me/moneymakertut20,1541,2024-02-29 22:31:47,Get shopwithscrip log there https://unique-x-vip.com or paradisecitylog.com and massage me for walked through,False,False,False,False,True,False,False,False,False,False,1620701387,,,,,,,,,523,0,,,,,,[],
moneymakertut20,https://t.me/moneymakertut20,1542,2024-03-01 03:04:57,"Since binance p2p got disabled i advise yall to use bybit link below to signup 👇


https://www.bybit.com/invite?ref=O7NXAZ",False,False,False,False,True,False,False,False,False,False,1620701387,,,,,,,,,472,1,,,,,,[],
moneymakertut20,https://t.me/moneymakertut20,1543,2024-03-01 03:05:11,Bybit is just like binance just few difference,False,False,False,False,True,False,False,False,False,False,1620701387,,,,,,,,,476,1,,,,,,[],
moneymakertut20,https://t.me/moneymakertut20,1544,2024-03-01 03:09:02,For those of you that want to purchase log that doesn’t have bitcoin can buy bitcoin from there  with local currency too💯,False,False,False,False,True,False,False,False,False,False,1620701387,,,,1542.0,False,False,,,477,0,,,,,,[],
moneymakertut20,https://t.me/moneymakertut20,1545,2024-03-01 20:28:11,I notice lots of y’all have problems with understanding. Is it because you don’t read? Damn this isn’t funny,False,False,False,False,True,False,False,False,False,False,1620701387,,,,,,,,,321,0,,,,,,[],
moneymakertut20,https://t.me/moneymakertut20,1546,2024-03-01 21:42:35,"——TIPS FOR THE TUTORIAL——

📝 It works on both phones, tabs and laptops...


📝 It's pretty easy…, 
U get A SHOPWITHSCRIPT log, login and buy gift cards you want and use the bank attached in the Script Account to pay for the Cards
<DATE_TIME> later cards will be delivered in the Email💰💵

📝 You then decide to sell the gift cards to Vendors or redeem them yourself or  with jetpay OR PAXFUL / bybit.💻 OR convert it to BTC

📝 All you need to do is just follow the Tutorials very Carefully and I assure you that U gonna be a living testimony..",False,False,False,False,True,False,False,False,False,False,1620701387,,,,1364.0,False,False,,,303,0,,,,,,[],
moneymakertut20,https://t.me/moneymakertut20,1547,2024-03-01 23:42:00,"While some hackers empty the accounts they spammed 
Others do sell theirs 
So once you buy the account since you’re not a spammer what you will do is login into it immediately you buy it go to settings and change the email there to yours
In this case any giftcard you buy from that accounts will be sent directly to the email you input",False,False,False,False,True,False,False,False,False,False,1620701387,,,,,,,,,246,1,,,,,,[],
moneymakertut20,https://t.me/moneymakertut20,1548,2024-03-01 23:42:13,"Pov: you can’t buy more than 2,500 at a time
Also don’t login with any ip apart from USA IP",False,False,False,False,True,False,False,False,False,False,1620701387,,,,,,,,,243,1,,,,,,[],
moneymakertut20,https://t.me/moneymakertut20,1550,2024-03-03 02:43:54,If you’re in my channel and your not making money that means you’re LAZY,False,False,False,False,True,False,False,False,False,False,1620701387,,,,,,,,,30,0,,,,,,[],
moneymakertut20,https://t.me/moneymakertut20,1552,2024-03-03 02:44:25,"I will be active <DATE_TIME> 
Doing walk through on Shopwithscrip,coinzoom & coinbase update 
If your purchasing a log or already know what
your looking for message 
👇🏾👇🏾👇🏾👇🏾👇🏾

@moneymakertut2O22

Only WhatsApp 

https://wa.me/message/MTH2JCG4FJ33H1",False,False,False,False,True,False,False,False,False,False,1620701387,,,,,,,,,28,0,,,,,,[],
moneymakertut20,https://t.me/moneymakertut20,1554,2024-03-06 01:25:32,"Don’t forget while working on your logs Use www.raiseright.com to login your Logs, www.shopwithscrip.com not going anymore ✔️✔️",False,False,False,False,True,False,False,False,False,False,1620701387,,,,,,,,,50,0,,,,,,[],
moneymakertut20,https://t.me/moneymakertut20,1555,2024-03-06 01:41:01,"One thing I love about Online job is that , no matter who u are, no matter the broke level u are in with your family, just ONE clean cashout, can bring a smile 😀 to the faces of your family. 
May Allah provide our needs and save us from disgrace from mocking faces🙏",False,False,False,False,True,False,False,False,False,False,1620701387,,,,,,,5.99901691283674e+18,,36,1,,,,,,[],
moneymakertut20,https://t.me/moneymakertut20,1557,2024-03-12 02:09:59,"I will be active <DATE_TIME> 
Doing walk through on Shopwithscrip,coinzoom & coinbase update 
If your purchasing a log or already know what
your looking for message 
👇🏾👇🏾👇🏾👇🏾👇🏾

@moneymakertut2O22

Only WhatsApp 

https://wa.me/message/MTH2JCG4FJ33H1",False,False,False,False,True,False,False,False,False,False,1620701387,,,,,,,,,33,0,,,,,,[],
moneymakertut20,https://t.me/moneymakertut20,1559,2024-03-12 23:08:54,,False,False,False,False,True,False,False,False,False,False,1620701387,,,,,,,6.019448381501455e+18,,72,1,,,,1.3682279474183932e+16,,[],
moneymakertut20,https://t.me/moneymakertut20,1560,2024-03-12 23:08:54,,False,False,False,False,True,False,False,False,False,False,1620701387,,,,,,,6.019448381501455e+18,,72,1,,,,1.3682279474183932e+16,,[],
moneymakertut20,https://t.me/moneymakertut20,1561,2024-03-12 23:08:54,,False,False,False,False,True,False,False,False,False,False,1620701387,,,,,,,6.019448381501455e+18,,72,1,,,,1.3682279474183932e+16,,[],
moneymakertut20,https://t.me/moneymakertut20,1562,2024-03-12 23:08:54,,False,False,False,False,True,False,False,False,False,False,1620701387,,,,,,,6.019448381501455e+18,,72,1,,,,1.3682279474183932e+16,,[],
moneymakertut20,https://t.me/moneymakertut20,1563,2024-03-12 23:08:54,,False,False,False,False,True,False,False,False,False,False,1620701387,,,,,,,6.019448381501455e+18,,72,1,,,,1.3682279474183932e+16,,[],
moneymakertut20,https://t.me/moneymakertut20,1565,2024-03-13 00:12:54,,False,False,False,False,True,False,False,False,False,False,1620701387,,,,,,,6.019448381501455e+18,,52,1,,,,1.3682310191303508e+16,,[],
moneymakertut20,https://t.me/moneymakertut20,1566,2024-03-13 00:12:54,Once u got log let me know I’ll put you through on walkthrough,False,False,False,False,True,False,False,False,False,False,1620701387,,,,,,,6.019448381501455e+18,,54,1,,,,1.3682310191303508e+16,,[],
moneymakertut20,https://t.me/moneymakertut20,1567,2024-03-13 00:27:53,"Do it yourself, if it hard, ask for help, but learn how to make money yourself🫵🏾",False,False,False,False,True,False,False,False,False,False,1620701387,,,,,,,6.019448381501455e+18,,35,1,,,,,,[],
moneymakertut20,https://t.me/moneymakertut20,1568,2024-03-13 00:39:04,"No matter what any of you guys is going through, just know that everything will be alright oneday , just one successful cashout is enough to make everything make sense, just one overnight $10k cashout can pay all debt .. so have faith in the hustle, Believe in urself even if ur family doesn’t💯",False,False,False,False,True,False,False,False,False,False,1620701387,,,,,,,6.019448381501455e+18,,16,1,,,,,,[],
moneymakertut20,https://t.me/moneymakertut20,1570,2024-03-15 21:57:56,"• Most of the banks requires OTP code verification when linking through plaid but beneath are some secret banks that links through plaid without OTP and allows buying of crypto through coinbase even when name them isn’t matching that of the coinbase💰.

•FIRST TECH FEDERAL CREDIT UNION BANK 
• m&t 
•HUNTINGTON",False,False,False,False,True,False,False,False,False,False,1620701387,,,,,,,,,27,0,,,,,,[],
moneymakertut20,https://t.me/moneymakertut20,1572,2024-03-15 22:07:04,"Of all the methods here , the easiest one u can do without client help is the ShopWithScrip.💯",False,False,False,False,True,False,False,False,False,False,1620701387,,,,,,,,,85,1,,,,,,[],
moneymakertut20,https://t.me/moneymakertut20,1573,2024-03-15 22:08:05,Even if you don’t have laptop you can use your phone to cashout from this Tutorials,False,False,False,False,True,False,False,False,False,False,1620701387,,,,,,,,,84,1,,,,,,[],
moneymakertut20,https://t.me/moneymakertut20,1574,2024-03-15 22:56:18,If yuh really want to cash out from this method then I'm here to assist✅,False,False,False,False,True,False,False,False,False,False,1620701387,,,,,,,,,29,0,,,,,,[],
moneymakertut20,https://t.me/moneymakertut20,1575,2024-03-15 22:59:09,SHOPWITHSCRIP still hitting 🔥 ❤️💯💯,False,False,False,False,True,False,False,False,False,False,1620701387,,,,1362.0,False,False,,,13,0,,,,,,[],
moneymakertut20,https://t.me/moneymakertut20,1576,2024-03-15 23:02:36,<PERSON> still hitting 💯💯💯💯🔥🔥🔥🔥🔥,False,False,False,False,True,False,False,False,False,False,1620701387,,,,779.0,False,False,,,1,0,,,,,,[],
moneymakertut20,https://t.me/moneymakertut20,1579,2024-03-16 00:12:58,"I will be active <DATE_TIME> 
Doing walk through on Shopwithscrip,coinzoom & coinbase update 
If your purchasing a log or already know what
your looking for message 
👇🏾👇🏾👇🏾👇🏾👇🏾

@moneymakertut2O22

Only WhatsApp 

https://wa.me/message/MTH2JCG4FJ33H1",False,False,False,False,True,False,False,False,False,False,1620701387,,,,,,,,,43,0,,,,,,[],
moneymakertut20,https://t.me/moneymakertut20,1580,2024-03-16 00:42:20,Bro your work is unmatched 🫡🫡🫡 you over working to make sure we get paid,False,False,False,False,True,False,False,False,False,False,1620701387,,"{'_': 'MessageFwdHeader', 'date': '2024-03-16T00:38:11+00:00', 'imported': False, 'saved_out': False, 'from_id': None, 'from_name': 'Nila Tenz', 'channel_post': None, 'post_author': None, 'saved_from_peer': None, 'saved_from_msg_id': None, 'saved_from_id': None, 'saved_from_name': None, 'saved_date': None, 'psa_type': None}",,,,,,,14,0,,,,,,[],
moneymakertut20,https://t.me/moneymakertut20,1581,2024-03-16 00:42:29,Nah u real for even putting lil Niggas like me on damn 🙌❤️🤴🤑💰💸,False,False,False,False,True,False,False,False,False,False,1620701387,,"{'_': 'MessageFwdHeader', 'date': '2024-03-16T00:41:02+00:00', 'imported': False, 'saved_out': False, 'from_id': None, 'from_name': 'Nila Tenz', 'channel_post': None, 'post_author': None, 'saved_from_peer': None, 'saved_from_msg_id': None, 'saved_from_id': None, 'saved_from_name': None, 'saved_date': None, 'psa_type': None}",,,,,,,14,0,,,,,,[],
moneymakertut20,https://t.me/moneymakertut20,1583,2024-03-18 23:12:22,"ShopWithScrip is an excellent way to start earning money from the channel. Whether you are a beginner or an experienced user, you can work through the ShopWithScrip tutorials on your own, or you can contact me for a walkthrough. I am available to provide guidance and assistance.",False,False,False,False,True,False,False,False,False,False,1620701387,,,,,,,,,60,1,,,,,,[],
moneymakertut20,https://t.me/moneymakertut20,1584,2024-03-18 23:16:17,,False,False,False,False,True,False,False,False,False,False,1620701387,,,,,,,6.037151261737993e+18,,48,1,,,,1.3686430216866516e+16,,[],
moneymakertut20,https://t.me/moneymakertut20,1585,2024-03-18 23:16:17,,False,False,False,False,True,False,False,False,False,False,1620701387,,,,,,,6.037151261737993e+18,,48,1,,,,1.3686430216866516e+16,,[],
moneymakertut20,https://t.me/moneymakertut20,1586,2024-03-18 23:16:17,,False,False,False,False,True,False,False,False,False,False,1620701387,,,,,,,6.037151261737993e+18,,48,1,,,,1.3686430216866516e+16,,[],
moneymakertut20,https://t.me/moneymakertut20,1587,2024-03-18 23:16:17,,False,False,False,False,True,False,False,False,False,False,1620701387,,,,,,,6.037151261737993e+18,,48,1,,,,1.3686430216866516e+16,,[],
moneymakertut20,https://t.me/moneymakertut20,1588,2024-03-18 23:16:17,This the kind of message I love seeing here ☺️❤️💯❤️,False,False,False,False,True,False,False,False,False,False,1620701387,,,,,,,6.037151261737993e+18,,48,1,,,,1.3686430216866516e+16,,[],
moneymakertut20,https://t.me/moneymakertut20,1589,2024-03-18 23:18:01,Even if you don’t have laptop you can use your phone to cashout from shopwithscrip Tutorials,False,False,False,False,True,False,False,False,False,False,1620701387,,,,,,,,,42,1,,,,,,[],
moneymakertut20,https://t.me/moneymakertut20,1590,2024-03-18 23:20:36,"Any assistance. 
Contact    

@moneymakertut2O22

@moneymakertut2O22

Only WhatsApp here👇🏻

https://wa.me/message/MTH2JCG4FJ33H1",False,False,False,False,True,False,False,False,False,False,1620701387,,,,,,,,,28,0,,,,,,[],
moneymakertut20,https://t.me/moneymakertut20,1595,2024-03-19 22:11:15,People are really cashing out from my methods i really love this ❤️🥰,False,False,False,False,True,False,False,False,False,False,1620701387,,,,,,,6.039403061551678e+18,,101,2,,,,1.3687090200429812e+16,,[],
moneymakertut20,https://t.me/moneymakertut20,1597,2024-03-19 22:11:15,,False,False,False,False,True,False,False,False,False,False,1620701387,,,,,,,6.039403061551678e+18,,103,2,,,,1.3687090200429812e+16,,[],
moneymakertut20,https://t.me/moneymakertut20,1599,2024-03-22 04:47:02,"Hit me up if you got any questions If yuh really want to cash out from this method then I'm here to assist

@moneymakertut2O22",False,False,False,False,True,False,False,False,False,False,1620701387,,,,,,,,,662,0,,,,,,[],
moneymakertut20,https://t.me/moneymakertut20,1600,2024-03-22 13:28:30,✅💯,False,False,False,False,True,False,False,False,False,False,1620701387,,,,,,,6.048814296969888e+18,,661,2,,,,,,[],
moneymakertut20,https://t.me/moneymakertut20,1601,2024-03-22 15:12:48,,False,False,False,False,True,False,False,False,False,False,1620701387,,,,,,,6.048814296969888e+18,,664,1,,,,,,[],
moneymakertut20,https://t.me/moneymakertut20,1602,2024-03-24 22:31:33,"Now when I came online, the messages that surprised me in my DM was the ;

Boss please load my verified <PERSON> for me",False,False,False,False,True,False,False,False,False,False,1620701387,,,,,,,,,410,1,,,,,,[],
moneymakertut20,https://t.me/moneymakertut20,1603,2024-03-24 22:31:45,Boss please load my coinzoom,False,False,False,False,True,False,False,False,False,False,1620701387,,,,,,,,,410,1,,,,,,[],
moneymakertut20,https://t.me/moneymakertut20,1604,2024-03-24 22:32:15,"Meanwhile others are cashing theirs , please I am not loading any other account now.
If u give your account to someone and he loads and takes all the btc, pls don’t come crying to me",False,False,False,False,True,False,False,False,False,False,1620701387,,,,,,,,,410,1,,,,,,[],
moneymakertut20,https://t.me/moneymakertut20,1608,2024-03-24 22:43:44,,False,False,False,False,True,False,False,False,False,False,1620701387,,,,,,,5.767074548410336e+18,,409,1,,,,1.3690561793669412e+16,,[],
moneymakertut20,https://t.me/moneymakertut20,1609,2024-03-24 22:43:44,,False,False,False,False,True,False,False,False,False,False,1620701387,,,,,,,5.767074548410336e+18,,415,1,,,,1.3690561793669412e+16,,[],
moneymakertut20,https://t.me/moneymakertut20,1610,2024-03-24 22:43:44,,False,False,False,False,True,False,False,False,False,False,1620701387,,,,,,,5.767074548410336e+18,,416,1,,,,1.3690561793669412e+16,,[],
moneymakertut20,https://t.me/moneymakertut20,1611,2024-03-24 22:44:16,"Will guide u to load and make money, it not my job to fish but to teach how to fish 🎣..
And if u cash too, don’t forget to ask for my btc address oo",False,False,False,False,True,False,False,False,False,False,1620701387,,,,1602.0,False,False,,,425,0,,,,,,[],
moneymakertut20,https://t.me/moneymakertut20,1612,2024-03-25 00:09:03,"Making money online isn’t difficult, just <PERSON> everyone want to do one thing doesn’t mean u also should follow.

Just get a sure job u understand, put all your energy and time into it and make yourself rich.",False,False,False,False,True,False,False,False,False,False,1620701387,,,,,,,,,411,1,,,,,,[],
moneymakertut20,https://t.me/moneymakertut20,1613,2024-03-25 00:09:36,"Apart from Nfcu,Citi or BBVA. Huntington, M&t is also good for direct deposit to coinzoom",False,False,False,False,True,False,False,False,False,False,1620701387,,,,1605.0,False,False,,,408,0,,,,,,[],
moneymakertut20,https://t.me/moneymakertut20,1614,2024-03-25 00:11:14,You can also get verified <NRP> account from https://unique-x-vip.com,False,False,False,False,True,False,False,False,False,False,1620701387,,,,,,,,,409,2,,,,,,[],
moneymakertut20,https://t.me/moneymakertut20,1615,2024-03-25 18:54:14,"I will be active <DATE_TIME> 
Doing walk through on Shopwithscrip,coinzoom & coinbase update 
If your purchasing a log or already know what
your looking for message 
👇🏾👇🏾👇🏾👇🏾👇🏾",False,False,False,False,True,False,False,False,False,False,1620701387,,,,,,,,,256,1,,,,,,[],
moneymakertut20,https://t.me/moneymakertut20,1616,2024-03-25 21:48:46,"Hit me up if you got any questions If yuh really want to cash out from any  method here then I'm here to assist

@moneymakertut2O22",False,False,False,False,True,False,False,False,False,False,1620701387,,,,,,,5.769326348224022e+18,,189,1,,,,,,[],
moneymakertut20,https://t.me/moneymakertut20,1617,2024-03-25 21:49:13,"WhatsApp this only 

https://wa.me/message/MTH2JCG4FJ33H1",False,False,False,False,True,False,False,False,False,False,1620701387,,,,,,,,,183,0,,,,,,[],
moneymakertut20,https://t.me/moneymakertut20,1619,2024-03-28 00:13:29,,False,False,False,False,True,False,False,False,False,False,1620701387,,,,,,,5.776063777521911e+18,,24,1,,,,1.369267847469474e+16,,[],
moneymakertut20,https://t.me/moneymakertut20,1620,2024-03-28 00:13:29,,False,False,False,False,True,False,False,False,False,False,1620701387,,,,,,,5.776063777521911e+18,,24,1,,,,1.369267847469474e+16,,[],
moneymakertut20,https://t.me/moneymakertut20,1621,2024-03-28 00:13:29,Those that don’t have clients and wants to cashout should follow the shopwithscript tutorial easy asf 🤷,False,False,False,False,True,False,False,False,False,False,1620701387,,,,,,,5.776063777521911e+18,,25,1,,,,1.369267847469474e+16,,[],
moneymakertut20,https://t.me/moneymakertut20,1622,2024-03-28 00:14:22,So this 👆🏿subscriber have been able to cashout $24k from log he bought f💰🔥🔥. Many subscribers cashing out daily with tutorials posted here. <PERSON> to everyone who makes good use of these opportunities😘🧑🏿‍💻,False,False,False,False,True,False,False,False,False,False,1620701387,,,,,,,5.776063777521911e+18,,18,1,,,,,,[],
moneymakertut20,https://t.me/moneymakertut20,1624,2024-03-28 02:43:54,The kinda prayers I get here daily 🥺👏,False,False,False,False,True,False,False,False,False,False,1620701387,,,,,,,,,985,1,,,,,,[],
moneymakertut20,https://t.me/moneymakertut20,1625,2024-03-30 21:15:53,,False,False,False,False,True,False,False,False,False,False,1620701387,,,,,,,5.782933775280358e+18,,641,0,,,,,,[],
moneymakertut20,https://t.me/moneymakertut20,1626,2024-03-30 21:16:03,🥰💯❤️,False,False,False,False,True,False,False,False,False,False,1620701387,,,,,,,5.805271234466921e+18,,739,1,,,,,,[],
moneymakertut20,https://t.me/moneymakertut20,1627,2024-03-30 21:16:12,"If u are on this channel and u don’t make atleast $5k to $10k a whole month, then u really wasting my time and yours.

For Christ sake, there are over 10+ tutorials(dda,direct deposit, ach, check wire, online applications, loans, cc, etc.) on this channel to be making more than that from.
I admit I take long to do replies but that no excuse at all, I even post replies to popular questions here to learn from",False,False,False,False,True,False,False,False,False,False,1620701387,,,,,,,,,737,2,,,,,,[],
moneymakertut20,https://t.me/moneymakertut20,1629,2024-04-01 23:58:24,Bybit is just like binance just few difference,False,False,False,False,True,False,False,False,False,False,1620701387,,,,,,,,,53,0,,,,,,[],
moneymakertut20,https://t.me/moneymakertut20,1630,2024-04-01 23:58:45,"Like I said, Those that don’t have clients and wants to cashout should follow the shopwithscript or zelle or coinbase tutorial easy asf 🤷
Just get log from  
https://unique-x-vip.com or 
paradisecitylog.com or https://en.allbnklogs.com and cash it out yourself, you don’t need to give any loader your job for them to rip you or so… 
Purchase log and follow the tutorials step by step as I posted it",False,False,False,False,True,False,False,False,False,False,1620701387,,,,,,,,,52,0,,,,,,[],
moneymakertut20,https://t.me/moneymakertut20,1631,2024-04-02 00:07:42,"Am really glad seeing many people cashing out and changing their life with my Tutorials, makes me feel appreciated for my efforts. ⏰",False,False,False,False,True,False,False,False,False,False,1620701387,,,,,,,5.789590489257853e+18,,34,0,,,,1.3696131700242492e+16,,[],
moneymakertut20,https://t.me/moneymakertut20,1632,2024-04-02 00:07:42,,False,False,False,False,True,False,False,False,False,False,1620701387,,,,,,,5.789590489257853e+18,,33,0,,,,1.3696131700242492e+16,,[],
moneymakertut20,https://t.me/moneymakertut20,1633,2024-04-02 00:07:42,,False,False,False,False,True,False,False,False,False,False,1620701387,,,,,,,5.789590489257853e+18,,33,0,,,,1.3696131700242492e+16,,[],
moneymakertut20,https://t.me/moneymakertut20,1634,2024-04-02 00:07:42,,False,False,False,False,True,False,False,False,False,False,1620701387,,,,,,,5.789590489257853e+18,,32,0,,,,1.3696131700242492e+16,,[],
moneymakertut20,https://t.me/moneymakertut20,1635,2024-04-02 00:14:06,"You guys that cashed much money with the tuts here, pls try and invest on something and don’t forget low key No.1 thing 💯💪",False,False,False,False,True,False,False,False,False,False,1620701387,,,,,,,,,26,0,,,,,,[],
moneymakertut20,https://t.me/moneymakertut20,1637,2024-04-02 00:22:12,,False,False,False,False,True,False,False,False,False,False,1620701387,,,,,,,5.789590489257853e+18,,45,0,,,,1.3696138655444076e+16,,[],
moneymakertut20,https://t.me/moneymakertut20,1638,2024-04-02 00:22:12,,False,False,False,False,True,False,False,False,False,False,1620701387,,,,,,,5.789590489257853e+18,,45,0,,,,1.3696138655444076e+16,,[],
moneymakertut20,https://t.me/moneymakertut20,1639,2024-04-02 00:23:22,"No matter what any of you guys is going through, just know that everything will be alright oneday , just one successful cashout is enough to make everything make sense, just one overnight $10k cashout can pay all debt .. so have faith in the hustle, Believe in urself even if ur family doesn’t💯",False,False,False,False,True,False,False,False,False,False,1620701387,,,,,,,,,41,0,,,,,,[],
moneymakertut20,https://t.me/moneymakertut20,1640,2024-04-02 00:26:07,"If you need any assistance to understand any method posted here, I will offer it for free, I don’t need anyone’s peanut🥜 money to do that…
Admin: @moneymakertut2O22
whatsapp:  👇🏻👇🏻
                        https://wa.me/message/MTH2JCG4FJ33H1",False,False,False,False,True,False,False,False,False,False,1620701387,,,,,,,,,34,0,,,,,,[],
