Channel ID,URL,Post ID,date,message,out,mentioned,media_unread,silent,post,from_scheduled,legacy,edit_hide,pinned,noforwards,peer_channel,from_id_user,fwd_from,via_bot_id,reply_to_msg_id,reply_to_scheduled,forum_topic,media_photo_id,reply_markup,views,forwards,replies,edit_date,post_author,grouped_id,reactions,restriction_reason,ttl_period
premiumhackingtutorials,https://t.me/premiumhackingtutorials,1066,2024-01-09 08:37:35,"➡️ Free Test for <DATE_TIME>

⚠️ Send me your File But remember if you want to buying sure then you can test

🗂 files Send here 🆔 @New_Codar",False,False,False,False,True,False,False,False,False,False,1770026750,,,,,,,,,2175,1,,,New Coder,,,[],
premiumhackingtutorials,https://t.me/premiumhackingtutorials,1067,2024-01-14 06:02:11,"Hi I'm Forward Tag Remover bot.
Join @FTR_NC_bot and admin the bot on your channels with edit or delete permission.

Enjoy the Free Bot 

Forward me some messages, i will remove forward tags from them.
Also, I can do it in channels.",False,False,False,True,True,False,False,True,False,False,1770026750,,,,,,,,,1931,0,,2024-02-23T17:16:11+00:00,ℱℋ 𝒩𝒾𝓇ℴ𝒷,,"{'_': 'MessageReactions', 'results': [{'_': 'ReactionCount', 'reaction': {'_': 'ReactionEmoji', 'emoticon': '👍'}, 'count': 1, 'chosen_order': None}], 'min': False, 'can_see_list': False, 'reactions_as_tags': False, 'recent_reactions': []}",[],
premiumhackingtutorials,https://t.me/premiumhackingtutorials,1068,2024-01-16 08:28:25,"📱icloud phishing script 🍏

➡️ Login info get in email or bot
➡<PERSON> code get in email or bot
✍️✍️✍️✍️✍️✍️✍️✍️✍️✍️

📌 Buy For Massage 🆔 Below <NRP>

💬 🆔 @New_Codar 💎

🆑 @OurAllNetwork
✍✍️✍️✍️✍️✍️✍️✍️✍️✍️✍️",False,False,False,True,True,False,False,True,False,False,1770026750,,,,,,,,,2126,10,,2024-02-24T03:54:06+00:00,ℱℋ 𝒩𝒾𝓇ℴ𝒷,,"{'_': 'MessageReactions', 'results': [{'_': 'ReactionCount', 'reaction': {'_': 'ReactionEmoji', 'emoticon': '🔥'}, 'count': 1, 'chosen_order': None}], 'min': False, 'can_see_list': False, 'reactions_as_tags': False, 'recent_reactions': []}",[],
premiumhackingtutorials,https://t.me/premiumhackingtutorials,1069,2024-01-20 11:10:17,Config making tutorial 👍,False,False,False,False,True,False,False,True,False,False,1770026750,,,,,,,,,2090,64,,2024-01-20T14:34:14+00:00,New Coder,,"{'_': 'MessageReactions', 'results': [{'_': 'ReactionCount', 'reaction': {'_': 'ReactionEmoji', 'emoticon': '🔥'}, 'count': 3, 'chosen_order': None}, {'_': 'ReactionCount', 'reaction': {'_': 'ReactionEmoji', 'emoticon': '👍'}, 'count': 1, 'chosen_order': None}], 'min': False, 'can_see_list': False, 'reactions_as_tags': False, 'recent_reactions': []}",[],
premiumhackingtutorials,https://t.me/premiumhackingtutorials,1070,2024-01-20 11:10:17,CC fullz Making,False,False,False,False,True,False,False,True,False,False,1770026750,,,,,,,,,2197,67,,2024-01-20T17:27:26+00:00,New Coder,,"{'_': 'MessageReactions', 'results': [{'_': 'ReactionCount', 'reaction': {'_': 'ReactionEmoji', 'emoticon': '🔥'}, 'count': 4, 'chosen_order': None}], 'min': False, 'can_see_list': False, 'reactions_as_tags': False, 'recent_reactions': []}",[],
premiumhackingtutorials,https://t.me/premiumhackingtutorials,1071,2024-01-31 04:32:55,"👑 Joined All Private Channels⬇️⬇️

😒 Hacking And Cracking Tools <NRP>

😒 Premium Hacking Videos Tutorials <NRP>

😒 Free RDP/VPS 👑

😒 <PERSON> And Live CC 👑

😒 Private Combos list and Config 👑

😒 <PERSON> all antivirus 👑

😒 Free Premium Accounts Giveaway <NRP>

😒 Add All Private Channels 👑

😎😎😎😎😎😎😎😎😎😎😎",False,False,False,False,True,False,False,True,False,False,1770026750,,,,,,,,,1438,9,,2024-02-02T09:11:48+00:00,New Coder,,"{'_': 'MessageReactions', 'results': [{'_': 'ReactionCount', 'reaction': {'_': 'ReactionEmoji', 'emoticon': '❤'}, 'count': 3, 'chosen_order': None}], 'min': False, 'can_see_list': False, 'reactions_as_tags': False, 'recent_reactions': []}",[],
premiumhackingtutorials,https://t.me/premiumhackingtutorials,1072,2024-02-03 15:26:53,"🆕 New Version Fud Me <PERSON> v2.3 🖥

🆕 Fud Me <PERSON> v2.3

✅Bypasse Chinese 360 Security
✅ Bypasse Windows defender Runtime
✅ Bypasse All Antivirus Runtime
✅ Private Stub Unlimited 
 Best Runtime <PERSON>
✅🛂🛂🛂🔰🛍

💯% Bypasse 60 + Antivirus✅🛂🛂🛂🔰🛍
 
💸Price : <DATE_TIME> 150$ 
💸Price : <DATE_TIME> 250$ 
💸Price : <DATE_TIME> 450$ 

🆑 @FudCrypter_by_NewCoder

📌 Buy For Massage 🆔 Below ✅

💬 🆔 @New_Codar ✅

🆑 @OurAllNetwork
✍✍✍✍✍✍✍✍✍✍✍✍✍",False,False,False,True,True,False,False,True,False,False,1770026750,,"{'_': 'MessageFwdHeader', 'date': '2024-02-03T15:21:35+00:00', 'imported': False, 'saved_out': False, 'from_id': {'_': 'PeerChannel', 'channel_id': 1503383140}, 'from_name': None, 'channel_post': 111, 'post_author': 'New Coder', 'saved_from_peer': None, 'saved_from_msg_id': None, 'saved_from_id': None, 'saved_from_name': None, 'saved_date': None, 'psa_type': None}",,,,,,,1009,1,,2024-02-03T16:39:16+00:00,ℱℋ 𝒩𝒾𝓇ℴ𝒷,,"{'_': 'MessageReactions', 'results': [{'_': 'ReactionCount', 'reaction': {'_': 'ReactionEmoji', 'emoticon': '👍'}, 'count': 2, 'chosen_order': None}, {'_': 'ReactionCount', 'reaction': {'_': 'ReactionEmoji', 'emoticon': '🥰'}, 'count': 1, 'chosen_order': None}], 'min': False, 'can_see_list': False, 'reactions_as_tags': False, 'recent_reactions': []}",[],
premiumhackingtutorials,https://t.me/premiumhackingtutorials,1073,2024-02-06 10:37:59,"❤️ INDIAN PRIME VIDEO

💳 <PERSON> 601121255622XXXX|04|29

🎩 <PERSON>

🌍 IP - India

📌ADDRESS - CLICK HERE

⭐️BIN CREDITS GOES TO HIS RESPECTED OWNER

⭐️VIDEO CREDITS - VANSHxd

⭐️POST  BY - CLICK HERE",False,False,False,False,True,False,False,True,False,False,1770026750,,,,,,,,,1221,11,,2024-02-07T12:53:58+00:00,New Coder,,"{'_': 'MessageReactions', 'results': [], 'min': False, 'can_see_list': False, 'reactions_as_tags': False, 'recent_reactions': []}",[],
premiumhackingtutorials,https://t.me/premiumhackingtutorials,1074,2024-02-10 15:34:50,"👀 PDF Payload Method using winrar

⚠️ first make your payload Fud after you can use this method

💯% Bypasse 60 + Antivirus✅🛂🛂🛂🔰🛍
 
💸Price : <DATE_TIME> 150$ 
💸Price : <DATE_TIME> 250$ 
💸Price : <DATE_TIME> 450$ 

🆑 @FudCrypter_by_NewCoder

📌 Buy For Massage 🆔 Below ✅

💬 🆔 @New_Codar ✅

🆑 @OurAllNetwork
✍✍✍✍✍✍✍✍✍✍✍✍✍",False,False,False,True,True,False,False,True,False,False,1770026750,,,,,,,,,991,11,,2024-02-18T17:55:58+00:00,ℱℋ 𝒩𝒾𝓇ℴ𝒷,,"{'_': 'MessageReactions', 'results': [{'_': 'ReactionCount', 'reaction': {'_': 'ReactionEmoji', 'emoticon': '❤'}, 'count': 2, 'chosen_order': None}], 'min': False, 'can_see_list': False, 'reactions_as_tags': False, 'recent_reactions': []}",[],
premiumhackingtutorials,https://t.me/premiumhackingtutorials,1075,2024-02-12 20:48:59,"HaaFedk iCloud Free Tool v3.3

What is HaaFedk iCloud Free Tool, you ask? 

Well, it's a powerful and user-friendly tool that allows you to bypass iCloud activation locks on your iOS devices easily. 📱 Say goodbye to those pesky activation screens and hello to complete freedom! 💪

With the latest version, HaaFedk iCloud Free Tool v3.3, we've significantly improved based on user feedback and suggestions. We believe in constantly evolving and enhancing our tools to provide the best experience possible. 🙌

⬇️ Download link Click me

✍️✍️✍️✍️✍️✍️✍️✍️✍️
👍ONE REACTION MOTIVATE US ❣️
✍️✍️✍️✍️✍️✍️✍️✍️✍️
📌 @OurAllNetwork 📸
👑 For more Click me 💻
✍️✍️✍️✍️✍️✍️✍️✍️✍️
📸Don't forget Share And Support  US🌐
😀😀😀😀😀😀😀😀😀😀😀",False,False,False,False,True,False,False,False,False,False,1770026750,,,,,,,,,863,35,,2024-02-12T20:50:30+00:00,New Coder,,"{'_': 'MessageReactions', 'results': [{'_': 'ReactionCount', 'reaction': {'_': 'ReactionEmoji', 'emoticon': '👍'}, 'count': 7, 'chosen_order': None}], 'min': False, 'can_see_list': False, 'reactions_as_tags': False, 'recent_reactions': []}",[],
premiumhackingtutorials,https://t.me/premiumhackingtutorials,1076,2024-02-13 17:49:05,"Internet Download Manager  Patch 

New Version Download

Download Link Click me

✍️✍️✍️✍️✍️✍️✍️✍️✍️
👍ONE REACTION MOTIVATE US ❣️
✍️✍️✍️✍️✍️✍️✍️✍️✍️
📌 @OurAllNetwork 📸
👑 For more Click me 💻
✍️✍️✍️✍️✍️✍️✍️✍️✍️
📸Don't forget Share And Support  US🌐
😀😀😀😀😀😀😀😀",False,False,False,True,True,False,False,True,False,False,1770026750,,,,,,,,,712,4,,2024-02-13T21:24:45+00:00,ℱℋ 𝒩𝒾𝓇ℴ𝒷,,"{'_': 'MessageReactions', 'results': [{'_': 'ReactionCount', 'reaction': {'_': 'ReactionEmoji', 'emoticon': '❤'}, 'count': 1, 'chosen_order': None}], 'min': False, 'can_see_list': False, 'reactions_as_tags': False, 'recent_reactions': []}",[],
premiumhackingtutorials,https://t.me/premiumhackingtutorials,1077,2024-02-13 23:09:51,"🔥 New NLbrute Manager 🔥

✅ 1. Download NLbrute
✅ 2. <PERSON> and active
✅ 3. Make 10 Part NLbrute Folder
✅ 4.Open NLbrute.exe From 10 NLbrute Folders
✅ 5. Open Good.txt File From 10 NLbrute Folders
✅ 6. Super Hidden NLbrute Folders
✅ 7. Show <PERSON> 8. Tasks Manager Disable
✅ 9. Tasks Manager Enable
✅ 10. Computer management Disable
✅ 11. Computer management Enable
✅ 12. Create New Hidden Users Account
✅ 13. Super Hidde User Folder
✅ 14. <PERSON> 
✅ 15. Nlbrute performance increase
✅ 16. Create backdoor or Delete backdoor
✅ 17. backdoor Open in RDP/VPS
🔥 More many Options 

🔥 Open Unlimited window in Chrome and Mozilla Firefox with Custom URL 

✅ Open Unlimited window For YouTube Watch Time

✅ Video link 

⚠️ 100 REACTION And Get Free Tools

✍️✍️✍️✍️✍️✍️✍️✍️✍️
📌 @OurAllNetwork 📸
👑 For more Click me 💻
✍️✍️✍️✍️✍️✍️✍️✍️✍️",False,False,False,True,True,False,False,True,False,False,1770026750,,,,,,,,,764,11,,2024-02-14T00:06:05+00:00,ℱℋ 𝒩𝒾𝓇ℴ𝒷,,"{'_': 'MessageReactions', 'results': [{'_': 'ReactionCount', 'reaction': {'_': 'ReactionEmoji', 'emoticon': '👍'}, 'count': 8, 'chosen_order': None}, {'_': 'ReactionCount', 'reaction': {'_': 'ReactionEmoji', 'emoticon': '❤'}, 'count': 4, 'chosen_order': None}, {'_': 'ReactionCount', 'reaction': {'_': 'ReactionEmoji', 'emoticon': '🥰'}, 'count': 2, 'chosen_order': None}, {'_': 'ReactionCount', 'reaction': {'_': 'ReactionEmoji', 'emoticon': '👏'}, 'count': 1, 'chosen_order': None}], 'min': False, 'can_see_list': False, 'reactions_as_tags': False, 'recent_reactions': []}",[],
premiumhackingtutorials,https://t.me/premiumhackingtutorials,1078,2024-02-14 19:29:33,"🔥Win Quick Config 🔥

🆕 new update 

➡️Security Options
➡️What is my IP address
➡️Create Hidden User
➡️Change Password 
➡️Change Username
➡️Change RDP Port
➡️Open Firewall Incoming Port

➡️Easy Software Installing Options: Integrate popular software for seamless installation.
Silent install feature for a hassle-free experience.

➡<PERSON>️RAT (Remote Access Trojan) Tools Installing
Windows Optimization:

➡️NlBrute Manager:
Download NlBrute
Nlbrute Key Generation
Make 10 Part Nlbrute
Show NLB Folders
Hide NLB Folders

➡️Open Browser With Custom URL
Open unlimited windows in Chrome and Mozilla Firefox with custom URLs for YouTube watch time.

⚠️ 30 REACTION And Get Free Tools",False,False,False,False,True,False,False,False,False,False,1770026750,,,,,,,6.226269087076563e+18,,620,6,,2024-02-14T19:36:12+00:00,New Coder,1.3663511790457188e+16,"{'_': 'MessageReactions', 'results': [{'_': 'ReactionCount', 'reaction': {'_': 'ReactionEmoji', 'emoticon': '❤'}, 'count': 8, 'chosen_order': None}, {'_': 'ReactionCount', 'reaction': {'_': 'ReactionEmoji', 'emoticon': '🔥'}, 'count': 1, 'chosen_order': None}, {'_': 'ReactionCount', 'reaction': {'_': 'ReactionEmoji', 'emoticon': '🥰'}, 'count': 1, 'chosen_order': None}, {'_': 'ReactionCount', 'reaction': {'_': 'ReactionEmoji', 'emoticon': '😎'}, 'count': 1, 'chosen_order': None}], 'min': False, 'can_see_list': False, 'reactions_as_tags': False, 'recent_reactions': []}",[],
premiumhackingtutorials,https://t.me/premiumhackingtutorials,1079,2024-02-14 19:29:33,,False,False,False,False,True,False,False,False,False,False,1770026750,,,,,,,6.226269087076563e+18,,706,5,,,New Coder,1.3663511790457188e+16,,[],
premiumhackingtutorials,https://t.me/premiumhackingtutorials,1080,2024-02-14 19:29:33,,False,False,False,False,True,False,False,False,False,False,1770026750,,,,,,,6.226269087076563e+18,,726,5,,,New Coder,1.3663511790457188e+16,,[],
premiumhackingtutorials,https://t.me/premiumhackingtutorials,1081,2024-02-14 19:29:33,,False,False,False,False,True,False,False,False,False,False,1770026750,,,,,,,6.226269087076563e+18,,814,5,,,New Coder,1.3663511790457188e+16,,[],
premiumhackingtutorials,https://t.me/premiumhackingtutorials,1082,2024-02-14 19:29:33,,False,False,False,False,True,False,False,False,False,False,1770026750,,,,,,,6.226269087076563e+18,,794,7,,,New Coder,1.3663511790457188e+16,,[],
premiumhackingtutorials,https://t.me/premiumhackingtutorials,1087,2024-02-14 21:15:35,⚠️ sorry downloading error please wait I will fix it,False,False,False,True,True,False,False,True,False,False,1770026750,,,,,,,,,786,0,,2024-02-14T21:18:03+00:00,ℱℋ 𝒩𝒾𝓇ℴ𝒷,,"{'_': 'MessageReactions', 'results': [{'_': 'ReactionCount', 'reaction': {'_': 'ReactionEmoji', 'emoticon': '👍'}, 'count': 2, 'chosen_order': None}], 'min': False, 'can_see_list': False, 'reactions_as_tags': False, 'recent_reactions': []}",[],
premiumhackingtutorials,https://t.me/premiumhackingtutorials,1088,2024-02-15 10:16:03,"🔥Win Quick Config  v2.1🔥

➡️Security Options
➡️What is my IP address
➡️Create Hidden User
➡️Change Password 
➡️Change Username
➡️Change RDP Port
➡️Open Firewall Incoming Port

➡️Easy Software Installing Options: Integrate popular software for seamless installation.
Silent install feature for a hassle-free experience.

➡<PERSON>️RAT (Remote Access Trojan) Tools Installing
Windows Optimization:

➡️NlBrute Manager:  Error Fixed💎
Download NlBrute
Nlbrute Key Generation
Make 10 Part Nlbrute
Show NLB Folders
Hide NLB Folders

➡️Open Browser With Custom URL
Open unlimited windows in Chrome and Mozilla Firefox with custom URLs for YouTube watch time.

Github souces code link : https://github.com/New-Codar/Win-Quick-Config-by-NC/

🆕 New Version 2.1 Fixed Downloading Error 💎

🥰 Buy coffee
Bitcoin Address (BTC): 33j4JbAEzZwWGgA2MxBARD7zprJuNDP2hP
Tether Address (USDT): TV7x3yYE6aedNXWnkByiL6NTAJuGZExiGq
Litecoin Address (LTC): MCCXvf8Z1tqZuN6ykbPA3gvsJtgPjTfi9n
✍️✍️✍️✍️✍️✍️✍️✍️✍️
👍ONE REACTION MOTIVATE US ❣️",False,False,False,True,True,False,False,True,False,False,1770026750,,,,,,,,,846,13,,2024-02-15T10:17:26+00:00,ℱℋ 𝒩𝒾𝓇ℴ𝒷,,"{'_': 'MessageReactions', 'results': [{'_': 'ReactionCount', 'reaction': {'_': 'ReactionEmoji', 'emoticon': '👍'}, 'count': 3, 'chosen_order': None}, {'_': 'ReactionCount', 'reaction': {'_': 'ReactionEmoji', 'emoticon': '🔥'}, 'count': 1, 'chosen_order': None}, {'_': 'ReactionCount', 'reaction': {'_': 'ReactionEmoji', 'emoticon': '👏'}, 'count': 1, 'chosen_order': None}, {'_': 'ReactionCount', 'reaction': {'_': 'ReactionEmoji', 'emoticon': '😁'}, 'count': 1, 'chosen_order': None}], 'min': False, 'can_see_list': False, 'reactions_as_tags': False, 'recent_reactions': []}",[],
premiumhackingtutorials,https://t.me/premiumhackingtutorials,1092,2024-02-23 01:22:03,"RDP/VPS CRACKING METHOD CLASS All RDP Cracker Use this Method ✅

✅ 1- generate IPs Using <NRP>
✅ 2- <NRP> ip scan in NLA Chacker and take NLA.txt file
✅ Now run Nlbrute and generate key and active remember <PERSON> not working windows 10, better you windows server <DATE_TIME>

🎁 RDD/vps Cracking Tool In Win Quick config 
⬇️ Download link Click 
⬇️ Password List Click 
<PERSON>
YOUR ONE REACTION MOTIVATE US ❤️
----------------------------------------------
🆔 @OurAllNetwork
🆑 @Free_RDPvps

🥺 Sharing our Channel will help us much <PERSON> for your Support us 💙",False,False,False,True,True,False,False,True,False,False,1770026750,,,,,,,,,418,21,,2024-02-24T03:46:52+00:00,ℱℋ 𝒩𝒾𝓇ℴ𝒷,,"{'_': 'MessageReactions', 'results': [{'_': 'ReactionCount', 'reaction': {'_': 'ReactionEmoji', 'emoticon': '❤'}, 'count': 2, 'chosen_order': None}, {'_': 'ReactionCount', 'reaction': {'_': 'ReactionEmoji', 'emoticon': '🔥'}, 'count': 2, 'chosen_order': None}], 'min': False, 'can_see_list': False, 'reactions_as_tags': False, 'recent_reactions': []}",[],
premiumhackingtutorials,https://t.me/premiumhackingtutorials,1094,2024-02-26 04:14:03,"🎞 How to using this signing tool 🎞

🎁 Signing Tools 🎁

➡️Digital Certificate Signing Your payload 

⬇️ Download link Click  ME

how to using this signing tool

here is command 

SigningTool.exe -i 360.exe -t Test.exe -o Test_Signed.exe

-i is input terget exe for clone Digital Certificate
-t is terget payload inject Digital Certificate
-o is output your payload with Digital Certificate

🥰 Buy coffee
Bitcoin Address (BTC): 33j4JbAEzZwWGgA2MxBARD7zprJuNDP2hP
Tether Address (USDT): TV7x3yYE6aedNXWnkByiL6NTAJuGZExiGq
Litecoin Address (LTC): MCCXvf8Z1tqZuN6ykbPA3gvsJtgPjTfi9n
✍✍✍✍✍✍✍✍✍
ONE REACTION MOTIVATE US ❣️
📌 @OurAllNetwork 
✍✍✍✍✍✍✍✍✍",False,False,False,True,True,False,False,False,False,False,1770026750,,,,,,,,,47,1,,,ℱℋ 𝒩𝒾𝓇ℴ𝒷,,,[],
premiumhackingtutorials,https://t.me/premiumhackingtutorials,1096,2024-03-01 09:41:14,"➡️ HTML smuggling is not an evil, it can be  useful

File Smuggling Builder
This is a self-contained HTML app, handy, supports Windows, Mac, Linux and mobile.

It adopts HTML smuggling technique, leverages HTML5 and JavaScript to embed encoded file into HTML file, when user runs the JavaScript code in browser, it decodes the embedded payload, which, in turn, assembles the target file on the destination device.

You can convert your file to HTML encoded format, with password protected, then use it as email attachment or file download from web.

⬇️ Download Form github Click Me
✍️✍️✍️✍️✍️✍️✍️✍️
👍ONE REACTION MOTIVATE US ❣️
✍️✍️✍️✍️✍️✍️✍️✍️
📌 @OurAllNetwork 
👑 For more Click me 💻
✍️✍️✍️✍️✍️✍️✍️✍️
📸Don't forget Share And Support  US🌐
😀😀😀😀😀😀😀😀",False,False,False,True,True,False,False,False,False,False,1770026750,,,,,,,,,190,0,,,ℱℋ 𝒩𝒾𝓇ℴ𝒷,,,[],
premiumhackingtutorials,https://t.me/premiumhackingtutorials,1098,2024-03-22 09:22:06,"♻️ RDP/VPS Available For SELL ♻️
---------------------------------------------------------
✅ Bonnet and Spamming Allow ✅
✅ Anti DDos Protection

➡️2GB Ram💸20$
➡️4 GB Ram 💸29$
➡️8 GB Ram 💸<DATE_TIME>$
➡️ 16GB Ram💸<DATE_TIME>$
➡️ 32GB Ram💸85$

🖥 Windows or Linux Server 💎

👇 Buy For Massage 🆔 Below 👇

👤💬DM @New_Codar",False,False,False,True,True,False,False,True,False,False,1770026750,,,,,,,,,812,0,,2024-03-22T09:22:39+00:00,ℱℋ 𝒩𝒾𝓇ℴ𝒷,,"{'_': 'MessageReactions', 'results': [{'_': 'ReactionCount', 'reaction': {'_': 'ReactionEmoji', 'emoticon': '🤔'}, 'count': 1, 'chosen_order': None}], 'min': False, 'can_see_list': False, 'reactions_as_tags': False, 'recent_reactions': []}",[],
premiumhackingtutorials,https://t.me/premiumhackingtutorials,1099,2024-03-24 19:24:11,"🆕 New Version Fud Me <PERSON> v2.9 🖥

✅Bypasse Chinese 360 Security
✅ Bypasse Windows defender Runtime
✅ Bypasse All Antivirus Runtime
✅ Private Stub Unlimited 
 💎Best Runtime <PERSON>
✅🛂🛂🛂🔰🛍

🔽 Bypass techniques
<NRP> NTDLL unhooking!
💎 <PERSON> and aswAMSI.dll
💎 disableETW !

💎 Use 5 method with 5 Stub 

💯% Bypasse 60 + Antivirus✅🛂🛂🛂🔰🛍
 
💸Price : <DATE_TIME> 150$ 
💸Price : <DATE_TIME> 250$ 
💸Price : <DATE_TIME> 450$ 

🆑 @FudCrypter_by_NewCoder

➡️ Free Test for <DATE_TIME>
⚠️ First Chack Work or not After Buy
⚠️ Send me your File But remember if you want to buying sure then you can test

📌 Buy For Massage 🆔 Below ✅

💬 🆔 @New_Codar ✅

🆑 @OurAllNetwork
✍✍✍✍✍✍✍✍✍✍✍✍✍",False,False,False,True,True,False,False,False,False,False,1770026750,,,,,,,,,734,2,,,ℱℋ 𝒩𝒾𝓇ℴ𝒷,,,[],
premiumhackingtutorials,https://t.me/premiumhackingtutorials,1100,2024-03-26 09:43:22,,False,False,False,True,True,False,False,False,False,False,1770026750,,"{'_': 'MessageFwdHeader', 'date': '2024-03-26T08:37:09+00:00', 'imported': False, 'saved_out': False, 'from_id': {'_': 'PeerChannel', 'channel_id': 1621020970}, 'from_name': None, 'channel_post': 565, 'post_author': 'New Coder', 'saved_from_peer': None, 'saved_from_msg_id': None, 'saved_from_id': None, 'saved_from_name': None, 'saved_date': None, 'psa_type': None}",,,,,,,461,0,,,ℱℋ 𝒩𝒾𝓇ℴ𝒷,,,[],
premiumhackingtutorials,https://t.me/premiumhackingtutorials,1101,2024-03-26 14:01:03,"🔟 The script you provided seems to be aimed at creating a automatic backup of specific folders and scheduling this backup task to run at multiple times during <DATE_TIME>. Here's a breakdown of what the script does:

➡️ Checking Administrator Privileges: The script first checks if it's running with administrative privileges using the Test-Admin function and elevates the script's permissions if necessary using the Start-ScriptAsAdmin function.

➡️ Defining Source and Destination Folders: Source folders (desktop, documents, pictures) and their corresponding backup destinations are defined.

➡️ Creating Scheduled Task: The CreateScheduledTask function sets up a scheduled task named ""DesktopBackup"" with three triggers set for different times during <DATE_TIME> (<DATE_TIME>, and <DATE_TIME>). The task will execute a PowerShell script file, presumably the same script that creates the backup.

➡️ Backup Folders: The BackupFolders function iterates through the defined backup destinations, checks if the source folder exists, creates the destination folder if it doesn't exist, and then copies files from the source to the destination, updating them if they're newer.

➡️ Executing Backup and Scheduling Task Creation: The script calls the BackupFolders function to perform the backup and then the CreateScheduledTask function to set up the scheduled task.

➡️ Overall, the script appears to be a robust solution for automatically backing up specific folders to designated destinations and scheduling these backups to occur multiple times during <DATE_TIME>.

⚠️ How to use 
➡️Open the Script: Open the PowerShell script in a text editor or an integrated development environment (IDE) like Visual Studio Code.

➡️Locate Source Paths: Find the lines in the script where the source paths for the desktop, documents, and pictures folders are defined. These lines are as follows: Replace 
""C:\Path\to\Your\Desktop\Folder"", 
""C:\Path\to\Your\Documents\Folder"", and 
""C:\Path\to\Your\Pictures\Folder""
to
""D?:\Path\to\Your\Desktop\Folder"", 
""D?:\Path\to\Your\Documents\Folder"", and 
""D?:\Path\to\Your\Pictures\Folder""
with the actual paths to the folders you want to back up.

⬇️ Download For click me

📌If you have any specific questions or need further assistance with this script, feel free to ask!

🥰 Buy coffee for me
Bitcoin Address (BTC): 33j4JbAEzZwWGgA2MxBARD7zprJuNDP2hP
Tether Address (USDT): TV7x3yYE6aedNXWnkByiL6NTAJuGZExiGq
Litecoin Address (LTC): MCCXvf8Z1tqZuN6ykbPA3gvsJtgPjTfi9n
✍✍✍✍✍✍✍✍✍✍✍✍
ONE REACTION MOTIVATE US ❣️
📌 @OurAllNetwork 
✍✍✍✍✍✍✍✍✍✍✍✍",False,False,False,True,True,False,False,True,False,False,1770026750,,,,,,,,,713,4,,2024-03-31T13:28:31+00:00,ℱℋ 𝒩𝒾𝓇ℴ𝒷,,"{'_': 'MessageReactions', 'results': [{'_': 'ReactionCount', 'reaction': {'_': 'ReactionEmoji', 'emoticon': '👍'}, 'count': 2, 'chosen_order': None}], 'min': False, 'can_see_list': False, 'reactions_as_tags': False, 'recent_reactions': []}",[],
premiumhackingtutorials,https://t.me/premiumhackingtutorials,1102,2024-04-01 22:01:14,"Reverse WhatsApp Login Session (Hacked)

⭐️FOR MORE➡️ 

🔸SHARE OUR CHANNEL IN YOUR GROUP OR CHANNEL HELP US TO GROW🔻",False,False,False,False,True,False,False,False,False,False,1770026750,,,,,,,,,349,7,,,New Coder,,,[],
premiumhackingtutorials,https://t.me/premiumhackingtutorials,1103,2024-04-01 22:02:08,"💳 CRAXSRAT COMPLETE COURSE 💳

Course-Content :-
✔️ CRAXSRAT MANUAL APK BINDING METHOD OF CODING
✔️ CRAXS-RAT APK BINDING INTO ANY MOD APPLICATION METHOD
✔️ CRAXSRAT APK BINDING METHOD OF BINDING INTO A SECURE APPLICATION
✔️ HOW TO FIND THE APK BINDING METHOD OF ANY ANDROID HACKING RAT
✔️ Bypass The Black Screen Restrictions In Any Application
✔️ RANSOMWARE BINDING INTO ANY APP ( THIS ENCRYPTES ALL ANDROID FILES AND THERE IS A DECRYPTER OF THIS OK. POWERFULL METHOD )
✔️ PERSISTENT PAYLOAD METHOD ( COMPLETELY POWERFULL METHOD )
✔️ CALL RECORDING METHOD FOR ALL VERSIONS
✔️ UNIQUE PORT-FORWARDING METHOD FOR LIFE-TIME
✔️ FUD METHOD FOR ALL ANDROID RATS PAYLOAD
✔️ CONNECTION BUG SOLVED
✔️ APK BUILDING BUG SOLVED

Download Link- (Click here)
Download Link- (Click here)
Download Link- (Click here)

⭐️FOR MORE➡️ 

🔸SHARE OUR CHANNEL IN YOUR GROUP OR CHANNEL HELP US TO GROW🔻",False,False,False,False,True,False,False,False,False,False,1770026750,,,,,,,6.334670952071281e+18,,381,14,,,New Coder,,,[],
premiumhackingtutorials,https://t.me/premiumhackingtutorials,1104,2024-04-02 15:05:56,"🆕 New Version Fud Me NC Crypter v2.8 🖥

✅Bypasse Chinese 360 Security
✅ Bypasse Windows defender Runtime
✅ Bypasse All Antivirus Runtime
✅ Private Stub Unlimited 
 💎Best Runtime <PERSON>
✅🛂🛂🛂🔰🛍

🔽 Bypass techniques
<NRP> NTDLL unhooking!
💎 <PERSON> and aswAMSI.dll
💎 disableETW !

💯% Bypasse 60 + Antivirus✅🛂🛂🛂🔰🛍
 
💸Price : <DATE_TIME> 150$ 
💸Price : <DATE_TIME> 250$ 
💸Price : <DATE_TIME> 450$ 

🆑 @FudCrypter_by_NewCoder

➡️ Free Test for <DATE_TIME>
⚠️ First Chack Work or not After Buy
⚠️ Send me your File But remember if you want to buying sure then you can test

📌 Buy For Massage 🆔 Below ✅

💬 🆔 @New_Codar ✅

🆑 @OurAllNetwork
✍✍✍✍✍✍✍✍✍✍✍✍✍",False,False,False,False,True,False,False,False,False,False,1770026750,,"{'_': 'MessageFwdHeader', 'date': '2024-03-09T13:32:13+00:00', 'imported': False, 'saved_out': False, 'from_id': {'_': 'PeerChannel', 'channel_id': 1621020970}, 'from_name': None, 'channel_post': 552, 'post_author': 'New Coder', 'saved_from_peer': None, 'saved_from_msg_id': None, 'saved_from_id': None, 'saved_from_name': None, 'saved_date': None, 'psa_type': None}",,,,,,,247,1,,,New Coder,,,[],
