Channel ID,URL,Post ID,date,message,out,mentioned,media_unread,silent,post,from_scheduled,legacy,edit_hide,pinned,noforwards,peer_channel,from_id_user,fwd_from,via_bot_id,reply_to_msg_id,reply_to_scheduled,forum_topic,media_photo_id,reply_markup,views,forwards,replies,edit_date,post_author,grouped_id,reactions,restriction_reason,ttl_period
spamshop1,https://t.me/spamshop1,387,2024-01-02 14:12:23,,False,False,False,False,True,False,False,True,False,False,1727061145,,,,,,,,,1398.0,21.0,,2024-01-21T01:59:40+00:00,D Pay,,"{'_': 'MessageReactions', 'results': [{'_': 'ReactionCount', 'reaction': {'_': 'ReactionEmoji', 'emoticon': '🎉'}, 'count': 2, 'chosen_order': None}], 'min': False, 'can_see_list': False, 'reactions_as_tags': False, 'recent_reactions': []}",[],
spamshop1,https://t.me/spamshop1,388,2024-01-02 14:12:52,,False,False,False,False,True,False,False,True,False,False,1727061145,,,,,,,,,1400.0,9.0,,2024-01-05T09:04:15+00:00,D Pay,,"{'_': 'MessageReactions', 'results': [{'_': 'ReactionCount', 'reaction': {'_': 'ReactionEmoji', 'emoticon': '👍'}, 'count': 2, 'chosen_order': None}], 'min': False, 'can_see_list': False, 'reactions_as_tags': False, 'recent_reactions': []}",[],
spamshop1,https://t.me/spamshop1,390,2024-01-03 10:18:36,"Created cpanel
With your domain name
Doesn't go red
Cool price
Dm me
@Mophy53",False,False,False,False,True,False,False,True,False,False,1727061145,,,,,,,,,1370.0,0.0,,2024-01-03T14:01:22+00:00,D Pay,,"{'_': 'MessageReactions', 'results': [{'_': 'ReactionCount', 'reaction': {'_': 'ReactionEmoji', 'emoticon': '👍'}, 'count': 2, 'chosen_order': None}], 'min': False, 'can_see_list': False, 'reactions_as_tags': False, 'recent_reactions': []}",[],
spamshop1,https://t.me/spamshop1,398,2024-01-03 20:23:42,"Admin Needed 
if you are good in spamming 
and you can manage channel 
dm me",False,False,False,False,True,False,False,True,False,False,1727061145,,,,,,,,,1402.0,0.0,,2024-01-03T20:23:48+00:00,D Pay,,,[],
spamshop1,https://t.me/spamshop1,400,2024-01-07 01:03:45,,False,False,False,False,True,False,False,True,False,False,1727061145,,,,,,,,,1285.0,8.0,,2024-01-07T01:03:48+00:00,DePay,,,[],
spamshop1,https://t.me/spamshop1,401,2024-01-07 01:22:35,"URL: https://malia-frucht-gmbh.billada.net/.env
MAILHOST: smtp-relay.sendinblue.com
MAILPORT: 587
MAILUSER: <EMAIL_ADDRESS>
MAILPASS: <PERSON>: <EMAIL_ADDRESS>

URL: https://malia-frucht-gmbh.billada.net/.env
MAILHOST: smtp-relay.sendinblue.com
MAILPORT: 587
MAILUSER: <EMAIL_ADDRESS>
MAILPASS: <PERSON>: <EMAIL_ADDRESS>",False,False,False,False,True,False,False,True,False,False,1727061145,,,,,,,,,1420.0,12.0,,2024-01-07T01:22:38+00:00,DePay,,,[],
spamshop1,https://t.me/spamshop1,402,2024-01-07 01:22:35,"URL : http://outing.pivot-center.online

HOST : smtp.gmail.com

PORT : 587

USER : <EMAIL_ADDRESS>

PASSW : zlndhagjxkbkmaab

SENDER : <EMAIL_ADDRESS>",False,False,False,False,True,False,False,True,False,False,1727061145,,,,,,,,,1513.0,14.0,,2024-01-11T07:31:11+00:00,DePay,,"{'_': 'MessageReactions', 'results': [], 'min': False, 'can_see_list': False, 'reactions_as_tags': False, 'recent_reactions': []}",[],
spamshop1,https://t.me/spamshop1,403,2024-01-09 15:17:23,"New admin got

@Ashokk1
@Ashokk1",False,False,False,False,True,False,False,True,False,False,1727061145,,,,,,,,,1351.0,0.0,,2024-01-09T15:17:26+00:00,DePay,,,[],
spamshop1,https://t.me/spamshop1,405,2024-01-10 12:28:26,"<PERSON> belajar spamming chat saya
<PERSON>, <PERSON>
@Ashokk1
@Ashokk1",False,False,False,False,True,False,False,True,False,False,1727061145,,,,,,,,,1437.0,1.0,,2024-01-10T12:37:49+00:00,DePay,,"{'_': 'MessageReactions', 'results': [{'_': 'ReactionCount', 'reaction': {'_': 'ReactionEmoji', 'emoticon': '👍'}, 'count': 2, 'chosen_order': None}], 'min': False, 'can_see_list': False, 'reactions_as_tags': False, 'recent_reactions': []}",[],
spamshop1,https://t.me/spamshop1,406,2024-01-11 10:22:28,"Fast Smtp Cracker Available
Get unlimited fresh smtp
Cool price
150$
Dm me to buy 
@Ashokk1
@Ashokk1",False,False,False,False,True,False,False,True,False,False,1727061145,,,,,,,,,1494.0,1.0,,2024-01-13T04:49:42+00:00,AshoK DeCoded,,"{'_': 'MessageReactions', 'results': [{'_': 'ReactionCount', 'reaction': {'_': 'ReactionEmoji', 'emoticon': '❤'}, 'count': 2, 'chosen_order': None}], 'min': False, 'can_see_list': False, 'reactions_as_tags': False, 'recent_reactions': []}",[],
spamshop1,https://t.me/spamshop1,407,2024-01-12 00:29:54,😝😝😝,False,False,False,False,True,False,False,True,False,False,1727061145,,,,,,,,,1551.0,34.0,,2024-01-12T00:29:57+00:00,AshoK DeCoded,,,[],
spamshop1,https://t.me/spamshop1,408,2024-01-12 00:30:19,,False,False,False,False,True,False,False,True,False,False,1727061145,,,,,,,,,1584.0,32.0,,2024-01-12T00:30:23+00:00,AshoK DeCoded,,,[],
spamshop1,https://t.me/spamshop1,409,2024-01-14 23:02:21,share and support,False,False,False,False,True,False,False,True,False,False,1727061145,,,,,,,,,1460.0,16.0,,2024-01-14T23:02:30+00:00,DePay,,"{'_': 'MessageReactions', 'results': [{'_': 'ReactionCount', 'reaction': {'_': 'ReactionEmoji', 'emoticon': '🔥'}, 'count': 3, 'chosen_order': None}, {'_': 'ReactionCount', 'reaction': {'_': 'ReactionEmoji', 'emoticon': '👍'}, 'count': 1, 'chosen_order': None}, {'_': 'ReactionCount', 'reaction': {'_': 'ReactionEmoji', 'emoticon': '❤'}, 'count': 1, 'chosen_order': None}], 'min': False, 'can_see_list': False, 'reactions_as_tags': False, 'recent_reactions': []}",[],
spamshop1,https://t.me/spamshop1,411,2024-01-19 05:40:58,"💻💻💻💻💻💻💻💻💻

Private spam class ongoing
Here’s for those who have absolutely no idea about spamming 
Inbox
note: its not free dont message me without funds ready",False,False,False,False,True,False,False,True,False,False,1727061145,,,,,,,,,1273.0,1.0,,2024-01-19T12:43:17+00:00,DePay,,"{'_': 'MessageReactions', 'results': [{'_': 'ReactionCount', 'reaction': {'_': 'ReactionEmoji', 'emoticon': '👍'}, 'count': 4, 'chosen_order': None}, {'_': 'ReactionCount', 'reaction': {'_': 'ReactionEmoji', 'emoticon': '❤'}, 'count': 2, 'chosen_order': None}], 'min': False, 'can_see_list': False, 'reactions_as_tags': False, 'recent_reactions': []}",[],
spamshop1,https://t.me/spamshop1,412,2024-01-22 10:34:41,ips Good For Laravel,False,False,False,False,True,False,False,False,False,False,1727061145,,,,,,,,,1128.0,16.0,,2024-01-22T10:36:49+00:00,DePay,,"{'_': 'MessageReactions', 'results': [{'_': 'ReactionCount', 'reaction': {'_': 'ReactionEmoji', 'emoticon': '👍'}, 'count': 4, 'chosen_order': None}], 'min': False, 'can_see_list': False, 'reactions_as_tags': False, 'recent_reactions': []}",[],
spamshop1,https://t.me/spamshop1,413,2024-01-22 16:37:52,,False,False,False,False,True,False,False,True,False,False,1727061145,,,,,,,,,1071.0,11.0,,2024-01-22T16:37:55+00:00,DePay,,,[],
spamshop1,https://t.me/spamshop1,415,2024-01-23 12:00:47,show reaction then i drop,False,False,False,False,True,False,False,False,False,False,1727061145,,,,,,,6.037164352798309e+18,,1056.0,6.0,"{'_': 'MessageReplies', 'replies': 7, 'replies_pts': 2766, 'comments': True, 'recent_repliers': [{'_': 'PeerUser', 'user_id': 6950302542}, {'_': 'PeerUser', 'user_id': 6628220401}, {'_': 'PeerUser', 'user_id': 6200718606}], 'channel_id': 2065290484, 'max_id': 1271, 'read_max_id': None}",2024-01-23T12:01:10+00:00,DePay,,"{'_': 'MessageReactions', 'results': [{'_': 'ReactionCount', 'reaction': {'_': 'ReactionEmoji', 'emoticon': '❤'}, 'count': 14, 'chosen_order': None}, {'_': 'ReactionCount', 'reaction': {'_': 'ReactionEmoji', 'emoticon': '👍'}, 'count': 5, 'chosen_order': None}, {'_': 'ReactionCount', 'reaction': {'_': 'ReactionEmoji', 'emoticon': '🔥'}, 'count': 3, 'chosen_order': None}, {'_': 'ReactionCount', 'reaction': {'_': 'ReactionEmoji', 'emoticon': '⚡'}, 'count': 1, 'chosen_order': None}, {'_': 'ReactionCount', 'reaction': {'_': 'ReactionEmoji', 'emoticon': '🥰'}, 'count': 1, 'chosen_order': None}, {'_': 'ReactionCount', 'reaction': {'_': 'ReactionEmoji', 'emoticon': '🎉'}, 'count': 1, 'chosen_order': None}], 'min': False, 'can_see_list': False, 'reactions_as_tags': False, 'recent_reactions': []}",[],
spamshop1,https://t.me/spamshop1,416,2024-01-23 22:47:36,"share and support
https://t.me/spamshop1
dm me needs help
@Ashokk1
@Ashokk1",False,False,False,False,True,False,False,False,False,False,1727061145,,,,,,,,,1106.0,25.0,"{'_': 'MessageReplies', 'replies': 7, 'replies_pts': 2766, 'comments': True, 'recent_repliers': [{'_': 'PeerUser', 'user_id': 6268913736}, {'_': 'PeerUser', 'user_id': 6183184205}], 'channel_id': 2065290484, 'max_id': 474, 'read_max_id': None}",2024-01-24T06:46:32+00:00,DePay,,"{'_': 'MessageReactions', 'results': [{'_': 'ReactionCount', 'reaction': {'_': 'ReactionEmoji', 'emoticon': '❤'}, 'count': 2, 'chosen_order': None}, {'_': 'ReactionCount', 'reaction': {'_': 'ReactionEmoji', 'emoticon': '👍'}, 'count': 1, 'chosen_order': None}, {'_': 'ReactionCount', 'reaction': {'_': 'ReactionEmoji', 'emoticon': '🥰'}, 'count': 1, 'chosen_order': None}, {'_': 'ReactionCount', 'reaction': {'_': 'ReactionEmoji', 'emoticon': '🎉'}, 'count': 1, 'chosen_order': None}], 'min': False, 'can_see_list': False, 'reactions_as_tags': False, 'recent_reactions': []}",[],
spamshop1,https://t.me/spamshop1,417,2024-01-24 21:11:37,"phone gen tool + amazon phone/email checker
price: FREE!",False,False,False,False,True,False,False,True,False,False,1727061145,,,,,,,4.900314976590343e+18,,1044.0,14.0,"{'_': 'MessageReplies', 'replies': 3, 'replies_pts': 2766, 'comments': True, 'recent_repliers': [{'_': 'PeerChannel', 'channel_id': 2065290484}, {'_': 'PeerUser', 'user_id': 6291089044}, {'_': 'PeerUser', 'user_id': 6505330536}], 'channel_id': 2065290484, 'max_id': 987, 'read_max_id': None}",2024-02-18T11:05:52+00:00,DePay,,"{'_': 'MessageReactions', 'results': [{'_': 'ReactionCount', 'reaction': {'_': 'ReactionEmoji', 'emoticon': '❤'}, 'count': 1, 'chosen_order': None}], 'min': False, 'can_see_list': False, 'reactions_as_tags': False, 'recent_reactions': []}",[],
spamshop1,https://t.me/spamshop1,418,2024-01-24 21:11:38,"@Ashokk1
@Ashokk1",False,False,False,False,True,False,False,False,False,False,1727061145,,,,,,,,,1088.0,32.0,,2024-01-25T15:49:41+00:00,DePay,,"{'_': 'MessageReactions', 'results': [{'_': 'ReactionCount', 'reaction': {'_': 'ReactionEmoji', 'emoticon': '👍'}, 'count': 2, 'chosen_order': None}, {'_': 'ReactionCount', 'reaction': {'_': 'ReactionEmoji', 'emoticon': '❤'}, 'count': 2, 'chosen_order': None}, {'_': 'ReactionCount', 'reaction': {'_': 'ReactionEmoji', 'emoticon': '🥰'}, 'count': 1, 'chosen_order': None}], 'min': False, 'can_see_list': False, 'reactions_as_tags': False, 'recent_reactions': []}",[],
spamshop1,https://t.me/spamshop1,419,2024-01-26 04:00:05,"🟢🟢🟢🟢🟢🟢🟢🟢🟢

<PERSON> 
Available 
You wanna buy Dm 
Cool price

<NRP>
@onlyspammer1",False,False,False,False,True,False,False,True,False,False,1727061145,,,,,,,,,1023.0,1.0,"{'_': 'MessageReplies', 'replies': 5, 'replies_pts': 2766, 'comments': True, 'recent_repliers': [{'_': 'PeerChannel', 'channel_id': 2065290484}, {'_': 'PeerUser', 'user_id': 6200718606}, {'_': 'PeerUser', 'user_id': 6174389917}], 'channel_id': 2065290484, 'max_id': 496, 'read_max_id': None}",2024-01-26T04:00:08+00:00,DePay,,,[],
spamshop1,https://t.me/spamshop1,420,2024-01-26 14:21:51,password;     @xploitpriv,False,False,False,False,True,False,False,False,False,False,1727061145,,,,,,,,,1051.0,36.0,"{'_': 'MessageReplies', 'replies': 11, 'replies_pts': 2766, 'comments': True, 'recent_repliers': [{'_': 'PeerUser', 'user_id': 5942719922}, {'_': 'PeerUser', 'user_id': 6088600175}, {'_': 'PeerUser', 'user_id': 6402826935}], 'channel_id': 2065290484, 'max_id': 863, 'read_max_id': None}",2024-02-09T10:59:53+00:00,DePay,,"{'_': 'MessageReactions', 'results': [], 'min': False, 'can_see_list': False, 'reactions_as_tags': False, 'recent_reactions': []}",[],
spamshop1,https://t.me/spamshop1,421,2024-01-26 21:19:52,Enjoy,False,False,False,False,True,False,False,True,False,False,1727061145,,,,,,,,,1058.0,40.0,"{'_': 'MessageReplies', 'replies': 0, 'replies_pts': 2766, 'comments': True, 'recent_repliers': [], 'channel_id': 2065290484, 'max_id': None, 'read_max_id': None}",2024-01-26T21:19:58+00:00,DePay,,"{'_': 'MessageReactions', 'results': [{'_': 'ReactionCount', 'reaction': {'_': 'ReactionEmoji', 'emoticon': '❤'}, 'count': 2, 'chosen_order': None}, {'_': 'ReactionCount', 'reaction': {'_': 'ReactionEmoji', 'emoticon': '👍'}, 'count': 1, 'chosen_order': None}], 'min': False, 'can_see_list': False, 'reactions_as_tags': False, 'recent_reactions': []}",[],
spamshop1,https://t.me/spamshop1,422,2024-01-26 21:39:10,https://t.me/+BeQBmC_AmlA4Njk8,False,False,False,False,True,False,False,True,False,False,1727061145,,,,,,,,,993.0,2.0,"{'_': 'MessageReplies', 'replies': 2, 'replies_pts': 2766, 'comments': True, 'recent_repliers': [{'_': 'PeerUser', 'user_id': 6200718606}], 'channel_id': 2065290484, 'max_id': 523, 'read_max_id': None}",2024-01-26T21:39:14+00:00,DePay,,,[],
spamshop1,https://t.me/spamshop1,423,2024-01-26 23:47:49,"I create spam letters fresh,
inbox well with good features 
dm for it cool price
@Ashokk1
@Ashokk1",False,False,False,False,True,False,False,True,False,False,1727061145,,,,,,,,,1002.0,0.0,"{'_': 'MessageReplies', 'replies': 0, 'replies_pts': 2766, 'comments': True, 'recent_repliers': [], 'channel_id': 2065290484, 'max_id': None, 'read_max_id': None}",2024-01-26T23:47:52+00:00,DePay,,,[],
spamshop1,https://t.me/spamshop1,424,2024-01-27 14:08:25,"💻💻💻💻💻💻💻💻💻

Private spam class ongoing
Here’s for those who have absolutely no idea about spamming 
Inbox
note: its not free dont message me without funds ready
@Ashokk1
@Ashokk1",False,False,False,False,True,False,False,True,False,False,1727061145,,,,,,,,,981.0,0.0,"{'_': 'MessageReplies', 'replies': 1, 'replies_pts': 2766, 'comments': True, 'recent_repliers': [{'_': 'PeerUser', 'user_id': 6628220401}], 'channel_id': 2065290484, 'max_id': 578, 'read_max_id': None}",2024-02-20T21:37:13+00:00,DePay,,"{'_': 'MessageReactions', 'results': [], 'min': False, 'can_see_list': False, 'reactions_as_tags': False, 'recent_reactions': []}",[],
spamshop1,https://t.me/spamshop1,425,2024-01-28 04:10:21,,False,False,False,False,True,False,False,True,False,False,1727061145,,,,,,,,,977.0,11.0,"{'_': 'MessageReplies', 'replies': 0, 'replies_pts': 2766, 'comments': True, 'recent_repliers': [], 'channel_id': 2065290484, 'max_id': None, 'read_max_id': None}",2024-01-28T04:10:24+00:00,DePay,,,[],
spamshop1,https://t.me/spamshop1,426,2024-01-28 04:10:21,,False,False,False,False,True,False,False,True,False,False,1727061145,,,,,,,,,997.0,12.0,,2024-01-28T04:10:24+00:00,DePay,,,[],
spamshop1,https://t.me/spamshop1,427,2024-01-28 04:10:21,,False,False,False,False,True,False,False,True,False,False,1727061145,,,,,,,,,1018.0,11.0,,2024-01-29T07:01:55+00:00,DePay,,"{'_': 'MessageReactions', 'results': [{'_': 'ReactionCount', 'reaction': {'_': 'ReactionEmoji', 'emoticon': '❤'}, 'count': 3, 'chosen_order': None}], 'min': False, 'can_see_list': False, 'reactions_as_tags': False, 'recent_reactions': []}",[],
spamshop1,https://t.me/spamshop1,429,2024-01-28 23:33:53,https://t.me/+BeQBmC_AmlA4Njk8,False,False,False,False,True,False,False,True,False,False,1727061145,,,,,,,,,988.0,0.0,"{'_': 'MessageReplies', 'replies': 0, 'replies_pts': 2766, 'comments': True, 'recent_repliers': [], 'channel_id': 2065290484, 'max_id': None, 'read_max_id': None}",2024-01-29T13:46:53+00:00,DePay,,"{'_': 'MessageReactions', 'results': [{'_': 'ReactionCount', 'reaction': {'_': 'ReactionEmoji', 'emoticon': '❤'}, 'count': 3, 'chosen_order': None}, {'_': 'ReactionCount', 'reaction': {'_': 'ReactionEmoji', 'emoticon': '👍'}, 'count': 1, 'chosen_order': None}], 'min': False, 'can_see_list': False, 'reactions_as_tags': False, 'recent_reactions': []}",[],
spamshop1,https://t.me/spamshop1,430,2024-01-29 11:16:32,,False,False,False,False,True,,False,,,,1727061145,,,,,,,,,,,,,,,,,
spamshop1,https://t.me/spamshop1,433,2024-01-29 12:12:31,good for cracking,False,False,False,False,True,False,False,True,False,False,1727061145,,,,,,,,,981.0,7.0,"{'_': 'MessageReplies', 'replies': 0, 'replies_pts': 2766, 'comments': True, 'recent_repliers': [], 'channel_id': 2065290484, 'max_id': None, 'read_max_id': None}",2024-01-29T12:12:35+00:00,DePay,,,[],
spamshop1,https://t.me/spamshop1,435,2024-01-29 13:46:30,"<NRP>💎💎💎💎💎💎

Send out will be ready soon
prepare your funds and leads
ready lets work
💯",False,False,False,False,True,False,False,True,False,False,1727061145,,,,,,,,,985.0,0.0,"{'_': 'MessageReplies', 'replies': 0, 'replies_pts': 2766, 'comments': True, 'recent_repliers': [], 'channel_id': 2065290484, 'max_id': None, 'read_max_id': None}",2024-01-29T14:52:38+00:00,DePay,,"{'_': 'MessageReactions', 'results': [{'_': 'ReactionCount', 'reaction': {'_': 'ReactionEmoji', 'emoticon': '❤'}, 'count': 3, 'chosen_order': None}], 'min': False, 'can_see_list': False, 'reactions_as_tags': False, 'recent_reactions': []}",[],
spamshop1,https://t.me/spamshop1,436,2024-01-29 20:42:20,"💻💻💻💻💻💻💻💻💻

Private spam class ongoing
Here’s for those who have absolutely no idea about spamming 
Inbox
note: its not free dont message me without funds ready
@Ashokk1
@Ashokk1",False,False,False,False,True,False,False,True,False,False,1727061145,,,,,,,,,1022.0,0.0,"{'_': 'MessageReplies', 'replies': 1, 'replies_pts': 2766, 'comments': True, 'recent_repliers': [{'_': 'PeerUser', 'user_id': 6953577847}], 'channel_id': 2065290484, 'max_id': 1565, 'read_max_id': None}",2024-02-23T03:19:56+00:00,DePay,,"{'_': 'MessageReactions', 'results': [{'_': 'ReactionCount', 'reaction': {'_': 'ReactionEmoji', 'emoticon': '❤'}, 'count': 1, 'chosen_order': None}], 'min': False, 'can_see_list': False, 'reactions_as_tags': False, 'recent_reactions': []}",[],
spamshop1,https://t.me/spamshop1,437,2024-01-29 20:43:47,"i Create cpanel
With your domain name
Doesn't go red
Cool price
@onlyspammer1",False,False,False,False,True,False,False,True,False,False,1727061145,,,,,,,,,1010.0,1.0,"{'_': 'MessageReplies', 'replies': 8, 'replies_pts': 2766, 'comments': True, 'recent_repliers': [{'_': 'PeerUser', 'user_id': 6088600175}, {'_': 'PeerChannel', 'channel_id': 2065290484}], 'channel_id': 2065290484, 'max_id': 770, 'read_max_id': None}",2024-02-06T20:51:39+00:00,DePay,,"{'_': 'MessageReactions', 'results': [], 'min': False, 'can_see_list': False, 'reactions_as_tags': False, 'recent_reactions': []}",[],
spamshop1,https://t.me/spamshop1,439,2024-01-30 05:25:03,,False,False,False,False,True,False,False,True,False,False,1727061145,,,,,,,,,981.0,4.0,"{'_': 'MessageReplies', 'replies': 0, 'replies_pts': 0, 'comments': True, 'recent_repliers': [], 'channel_id': 777, 'max_id': None, 'read_max_id': None}",2024-01-30T05:25:35+00:00,DePay,,,[],
spamshop1,https://t.me/spamshop1,440,2024-01-30 07:26:24,"valid smtp 1k 
<EMAIL_ADDRESS>|1buddy11",False,False,False,False,True,False,False,True,False,False,1727061145,,,,,,,,,1048.0,4.0,"{'_': 'MessageReplies', 'replies': 0, 'replies_pts': 2766, 'comments': True, 'recent_repliers': [], 'channel_id': 2065290484, 'max_id': None, 'read_max_id': None}",2024-01-30T07:26:27+00:00,DePay,,,[],
spamshop1,https://t.me/spamshop1,441,2024-01-30 12:48:04,"come for your personal letter
hit inbox
@Ashokk1
@Ashokk1",False,False,False,False,True,False,False,False,False,False,1727061145,,,,,,,,,1063.0,9.0,"{'_': 'MessageReplies', 'replies': 0, 'replies_pts': 2766, 'comments': True, 'recent_repliers': [], 'channel_id': 2065290484, 'max_id': None, 'read_max_id': None}",2024-01-30T13:10:42+00:00,DePay,,"{'_': 'MessageReactions', 'results': [{'_': 'ReactionCount', 'reaction': {'_': 'ReactionEmoji', 'emoticon': '👍'}, 'count': 3, 'chosen_order': None}], 'min': False, 'can_see_list': False, 'reactions_as_tags': False, 'recent_reactions': []}",[],
spamshop1,https://t.me/spamshop1,442,2024-01-30 13:14:53,,False,False,False,False,True,False,False,True,False,False,1727061145,,,,,,,,,1051.0,8.0,"{'_': 'MessageReplies', 'replies': 7, 'replies_pts': 2766, 'comments': True, 'recent_repliers': [{'_': 'PeerUser', 'user_id': 6686926273}, {'_': 'PeerUser', 'user_id': 6498742239}, {'_': 'PeerUser', 'user_id': 5403987314}], 'channel_id': 2065290484, 'max_id': 1223, 'read_max_id': None}",2024-01-30T13:14:57+00:00,DePay,,,[],
spamshop1,https://t.me/spamshop1,443,2024-01-30 18:53:01,,False,False,False,False,True,False,False,True,False,False,1727061145,,,,,,,,,964.0,9.0,"{'_': 'MessageReplies', 'replies': 0, 'replies_pts': 0, 'comments': True, 'recent_repliers': [], 'channel_id': 777, 'max_id': None, 'read_max_id': None}",2024-01-30T18:53:20+00:00,DePay,,,[],
spamshop1,https://t.me/spamshop1,444,2024-01-31 13:39:07,shells you can upload your scampage,False,False,False,False,True,False,False,True,False,False,1727061145,,,,,,,,,914.0,1.0,"{'_': 'MessageReplies', 'replies': 0, 'replies_pts': 2766, 'comments': True, 'recent_repliers': [], 'channel_id': 2065290484, 'max_id': None, 'read_max_id': None}",2024-01-31T13:39:16+00:00,DePay,,"{'_': 'MessageReactions', 'results': [{'_': 'ReactionCount', 'reaction': {'_': 'ReactionEmoji', 'emoticon': '❤'}, 'count': 1, 'chosen_order': None}], 'min': False, 'can_see_list': False, 'reactions_as_tags': False, 'recent_reactions': []}",[],
spamshop1,https://t.me/spamshop1,445,2024-01-31 13:39:28,"https://uffashion.com/shell20211028.php
https://www.gpsscorecard.com/shell20211028.php
https://u19-turnier.ch/shell20211028.php
https://u19-turnier.ch/fm1.php
https://longislandvaricoseveinstreatmentspecialist.com/shell20211028.php
https://thejournal.fonfrege.com/shell20211028.php
https://lp.wingsofknowledge.net/shell20211028.php
https://delivermethis.co.uk/shell20211028.php
https://www.gpsscorecard.com/shell20211028.php
https://invisibletalks.com/shell20211028.php
https://marieangeshopping.anshuwap.com/fm1.php
https://www.epic-launch.com/shell20211028.php
https://longislandvaricoseveinstreatmentspecialist.com/shell20211028.php
https://hipaas2o.wpengine.com/shell20211028.php
https://franksill.wpengine.com/shell20211028.php
https://longislandvaricoseveinstreatmentspecialist.com/shell20211028.php
https://emara.ai/shell20211028.php
https://longislandvaricoseveinstreatmentspecialist.com/shell20211028.php
https://franksill.wpengine.com/shell20211028.php
https://www.empowerimmigrants.com/shell20211028.php
https://dacostamedicalgroup.com/shell20211028.php",False,False,False,False,True,False,False,True,False,False,1727061145,,,,,,,,,1036.0,10.0,"{'_': 'MessageReplies', 'replies': 25, 'replies_pts': 2766, 'comments': True, 'recent_repliers': [{'_': 'PeerUser', 'user_id': 6686926273}, {'_': 'PeerUser', 'user_id': 6206042282}, {'_': 'PeerUser', 'user_id': 5851667062}], 'channel_id': 2065290484, 'max_id': 1198, 'read_max_id': None}",2024-01-31T13:39:57+00:00,DePay,,"{'_': 'MessageReactions', 'results': [{'_': 'ReactionCount', 'reaction': {'_': 'ReactionEmoji', 'emoticon': '❤'}, 'count': 2, 'chosen_order': None}], 'min': False, 'can_see_list': False, 'reactions_as_tags': False, 'recent_reactions': []}",[],
spamshop1,https://t.me/spamshop1,446,2024-01-31 15:16:00,"Freshly  Dumb Mail Access Available
cool price each 
dm to buy
@Ashokk1",False,False,False,False,True,False,False,True,False,False,1727061145,,,,,,,,,951.0,0.0,"{'_': 'MessageReplies', 'replies': 0, 'replies_pts': 2766, 'comments': True, 'recent_repliers': [], 'channel_id': 2065290484, 'max_id': None, 'read_max_id': None}",2024-02-03T11:05:12+00:00,DePay,,"{'_': 'MessageReactions', 'results': [{'_': 'ReactionCount', 'reaction': {'_': 'ReactionEmoji', 'emoticon': '👍'}, 'count': 1, 'chosen_order': None}], 'min': False, 'can_see_list': False, 'reactions_as_tags': False, 'recent_reactions': []}",[],
spamshop1,https://t.me/spamshop1,447,2024-01-31 16:33:20,"🔆 Combo Splitter 🔆

https://t.me/spamshop1
@Ashokk1
@Ashokk1",False,False,False,False,True,False,False,True,False,False,1727061145,,,,,,,5.920460182876435e+18,,1027.0,0.0,"{'_': 'MessageReplies', 'replies': 1, 'replies_pts': 2766, 'comments': True, 'recent_repliers': [{'_': 'PeerUser', 'user_id': 5505941828}], 'channel_id': 2065290484, 'max_id': 923, 'read_max_id': None}",2024-02-02T11:38:00+00:00,DePay,,"{'_': 'MessageReactions', 'results': [{'_': 'ReactionCount', 'reaction': {'_': 'ReactionEmoji', 'emoticon': '❤'}, 'count': 1, 'chosen_order': None}], 'min': False, 'can_see_list': False, 'reactions_as_tags': False, 'recent_reactions': []}",[],
spamshop1,https://t.me/spamshop1,448,2024-01-31 17:46:19,"✔️✔️✔️✔️✔️✔️✔️✔️✔️

Valid Leads available 
I Generate World Wide 
fresh 
💯💯💯 result Guarantee
Both
SMS and EMAILS
dm me to buy 
 @Ashokk1
@Ashokk1",False,False,False,False,True,False,False,False,False,False,1727061145,,,,,,,,,1058.0,1.0,"{'_': 'MessageReplies', 'replies': 3, 'replies_pts': 2766, 'comments': True, 'recent_repliers': [{'_': 'PeerUser', 'user_id': 601363726}, {'_': 'PeerChannel', 'channel_id': 2065290484}], 'channel_id': 2065290484, 'max_id': 918, 'read_max_id': None}",2024-02-02T14:58:36+00:00,DePay,,"{'_': 'MessageReactions', 'results': [{'_': 'ReactionCount', 'reaction': {'_': 'ReactionEmoji', 'emoticon': '👍'}, 'count': 2, 'chosen_order': None}], 'min': False, 'can_see_list': False, 'reactions_as_tags': False, 'recent_reactions': []}",[],
spamshop1,https://t.me/spamshop1,449,2024-02-01 16:45:46,,False,False,False,False,True,False,False,True,False,False,1727061145,,,,,,,5.875107514369033e+18,,1075.0,6.0,"{'_': 'MessageReplies', 'replies': 0, 'replies_pts': 2766, 'comments': True, 'recent_repliers': [], 'channel_id': 2065290484, 'max_id': None, 'read_max_id': None}",2024-02-01T16:45:50+00:00,DePay,,,[],
spamshop1,https://t.me/spamshop1,450,2024-02-01 16:46:07,"Paid Reverse IP BY IND3X_ROOT_ERROR

Unlimited Rev IPS",False,False,False,False,True,False,False,False,False,False,1727061145,,,,,,,,,1168.0,25.0,"{'_': 'MessageReplies', 'replies': 4, 'replies_pts': 2766, 'comments': True, 'recent_repliers': [{'_': 'PeerUser', 'user_id': 5851667062}, {'_': 'PeerUser', 'user_id': 5097002371}, {'_': 'PeerUser', 'user_id': 5379669069}], 'channel_id': 2065290484, 'max_id': 1144, 'read_max_id': None}",2024-02-01T17:02:13+00:00,DePay,,"{'_': 'MessageReactions', 'results': [{'_': 'ReactionCount', 'reaction': {'_': 'ReactionEmoji', 'emoticon': '🔥'}, 'count': 2, 'chosen_order': None}, {'_': 'ReactionCount', 'reaction': {'_': 'ReactionEmoji', 'emoticon': '❤'}, 'count': 1, 'chosen_order': None}], 'min': False, 'can_see_list': False, 'reactions_as_tags': False, 'recent_reactions': []}",[],
spamshop1,https://t.me/spamshop1,453,2024-02-03 18:29:31,"💻💻💻💻💻💻💻💻💻

Private spam class ongoing
Here’s for those who have absolutely no idea about spamming 
Inbox
note: its not free dont message me without funds ready
@Ashokk1
@Ashokk1",False,False,False,False,True,False,False,True,False,False,1727061145,,,,,,,,,1000.0,1.0,"{'_': 'MessageReplies', 'replies': 0, 'replies_pts': 2766, 'comments': True, 'recent_repliers': [], 'channel_id': 2065290484, 'max_id': None, 'read_max_id': None}",2024-02-04T04:11:54+00:00,DePay,,"{'_': 'MessageReactions', 'results': [{'_': 'ReactionCount', 'reaction': {'_': 'ReactionEmoji', 'emoticon': '❤'}, 'count': 3, 'chosen_order': None}], 'min': False, 'can_see_list': False, 'reactions_as_tags': False, 'recent_reactions': []}",[],
spamshop1,https://t.me/spamshop1,454,2024-02-07 00:25:12,"<PERSON>


<DATE_TIME> don't sleep 
come for your letter straight inbox 
cool price 

Dm to get coded for 

@Ashokk1
@Ashokk1",False,False,False,False,True,False,False,False,False,False,1727061145,,,,,,,,,897.0,6.0,"{'_': 'MessageReplies', 'replies': 2, 'replies_pts': 2766, 'comments': True, 'recent_repliers': [{'_': 'PeerUser', 'user_id': 6964055882}, {'_': 'PeerUser', 'user_id': 6316961225}], 'channel_id': 2065290484, 'max_id': 1052, 'read_max_id': None}",2024-02-07T00:29:02+00:00,DePay,,"{'_': 'MessageReactions', 'results': [{'_': 'ReactionCount', 'reaction': {'_': 'ReactionEmoji', 'emoticon': '👍'}, 'count': 3, 'chosen_order': None}, {'_': 'ReactionCount', 'reaction': {'_': 'ReactionEmoji', 'emoticon': '❤'}, 'count': 1, 'chosen_order': None}], 'min': False, 'can_see_list': False, 'reactions_as_tags': False, 'recent_reactions': []}",[],
spamshop1,https://t.me/spamshop1,455,2024-02-07 08:33:35,⏩  API SMS SENDER,False,False,False,False,True,False,False,False,False,False,1727061145,,,,,,,5.911155673100566e+18,,851.0,0.0,"{'_': 'MessageReplies', 'replies': 14, 'replies_pts': 2766, 'comments': True, 'recent_repliers': [{'_': 'PeerUser', 'user_id': 851746615}, {'_': 'PeerUser', 'user_id': 5925395912}, {'_': 'PeerUser', 'user_id': 5851667062}], 'channel_id': 2065290484, 'max_id': 1356, 'read_max_id': None}",2024-02-07T08:34:55+00:00,DePay,,,[],
spamshop1,https://t.me/spamshop1,458,2024-02-08 13:33:02,"🌫🌫🌫🌫    🌫🌫🌫🌫🌫🌫🌫 

  🌫🌫🌫🌫🌫🌫🌫🌫🌫🌫🌫

      🟡 STYXMARKET.COM  🟡

🌫Fullz • Real Document • Brute Banks • Brute Accounts • Logs • Databases • Self-Regs And More.. 

🌫400+ Trusted sellers 
🌫0% Auto-escrow service

➡️ Channel with free methods : T.me/07BwXcj
➡️ Private section for professionals : T.me/8Kv7Fs
➡️ Telegram chat : T.me/5OxEb6

💰 People have been earning with us for over <DATE_TIME>, don't miss the opportunity and you !",False,False,False,False,True,False,False,True,False,False,1727061145,,"{'_': 'MessageFwdHeader', 'date': '2023-12-02T20:56:26+00:00', 'imported': False, 'saved_out': False, 'from_id': None, 'from_name': 'A', 'channel_post': None, 'post_author': None, 'saved_from_peer': None, 'saved_from_msg_id': None, 'saved_from_id': None, 'saved_from_name': None, 'saved_date': None, 'psa_type': None}",,,,,,,945.0,3.0,"{'_': 'MessageReplies', 'replies': 0, 'replies_pts': 2766, 'comments': True, 'recent_repliers': [], 'channel_id': 2065290484, 'max_id': None, 'read_max_id': None}",2024-02-12T09:20:51+00:00,AshoK DeCoded,,"{'_': 'MessageReactions', 'results': [{'_': 'ReactionCount', 'reaction': {'_': 'ReactionEmoji', 'emoticon': '❤'}, 'count': 1, 'chosen_order': None}], 'min': False, 'can_see_list': False, 'reactions_as_tags': False, 'recent_reactions': []}",[],
spamshop1,https://t.me/spamshop1,459,2024-02-08 13:39:04,Everyone join here,False,False,False,False,True,False,False,True,False,False,1727061145,,,,458.0,False,False,,,974.0,0.0,"{'_': 'MessageReplies', 'replies': 21, 'replies_pts': 2766, 'comments': True, 'recent_repliers': [{'_': 'PeerChannel', 'channel_id': 2065290484}, {'_': 'PeerUser', 'user_id': 6470354917}, {'_': 'PeerUser', 'user_id': 5964609929}], 'channel_id': 2065290484, 'max_id': 1712, 'read_max_id': None}",2024-02-08T15:32:17+00:00,DePay,,"{'_': 'MessageReactions', 'results': [{'_': 'ReactionCount', 'reaction': {'_': 'ReactionEmoji', 'emoticon': '👍'}, 'count': 1, 'chosen_order': None}], 'min': False, 'can_see_list': False, 'reactions_as_tags': False, 'recent_reactions': []}",[],
spamshop1,https://t.me/spamshop1,460,2024-02-08 21:06:18,"4485380375318920:5**:<DATE_TIME>:Visa
<CREDIT_CARD>:5**:<DATE_TIME>:MasterCard",False,False,False,False,True,False,False,True,False,False,1727061145,,,,,,,,,1040.0,1.0,"{'_': 'MessageReplies', 'replies': 14, 'replies_pts': 2766, 'comments': True, 'recent_repliers': [{'_': 'PeerUser', 'user_id': 6206042282}, {'_': 'PeerUser', 'user_id': 5851667062}, {'_': 'PeerUser', 'user_id': 6844119874}], 'channel_id': 2065290484, 'max_id': 1476, 'read_max_id': None}",2024-02-08T21:06:37+00:00,DePay,,"{'_': 'MessageReactions', 'results': [{'_': 'ReactionCount', 'reaction': {'_': 'ReactionEmoji', 'emoticon': '⚡'}, 'count': 2, 'chosen_order': None}], 'min': False, 'can_see_list': False, 'reactions_as_tags': False, 'recent_reactions': []}",[],
spamshop1,https://t.me/spamshop1,461,2024-02-10 03:57:49,"💻💻💻💻💻💻💻💻💻

Private spam class ongoing
Here’s for those who have absolutely no idea about spamming 
Inbox
note: its not free dont message me without funds ready
@Ashokk1
@Ashokk1",False,False,False,False,True,False,False,True,False,False,1727061145,,,,,,,,,998.0,0.0,"{'_': 'MessageReplies', 'replies': 0, 'replies_pts': 2766, 'comments': True, 'recent_repliers': [], 'channel_id': 2065290484, 'max_id': None, 'read_max_id': None}",2024-02-10T05:44:33+00:00,DePay,,"{'_': 'MessageReactions', 'results': [], 'min': False, 'can_see_list': False, 'reactions_as_tags': False, 'recent_reactions': []}",[],
spamshop1,https://t.me/spamshop1,463,2024-02-10 22:41:52,,False,False,False,False,True,False,False,True,False,False,1727061145,,,,,,,,,957.0,12.0,"{'_': 'MessageReplies', 'replies': 7, 'replies_pts': 2766, 'comments': True, 'recent_repliers': [{'_': 'PeerUser', 'user_id': 1380667583}, {'_': 'PeerUser', 'user_id': 5843934124}, {'_': 'PeerUser', 'user_id': 6143140856}], 'channel_id': 2065290484, 'max_id': 1467, 'read_max_id': None}",2024-02-10T22:41:55+00:00,DePay,,,[],
spamshop1,https://t.me/spamshop1,464,2024-02-15 11:05:42,https://t.me/+BeQBmC_AmlA4Njk8,False,False,False,False,True,False,False,True,False,False,1727061145,,,,,,,,,674.0,0.0,"{'_': 'MessageReplies', 'replies': 0, 'replies_pts': 0, 'comments': True, 'recent_repliers': [], 'channel_id': 777, 'max_id': None, 'read_max_id': None}",2024-02-15T11:06:04+00:00,DePay,,,[],
spamshop1,https://t.me/spamshop1,465,2024-02-18 05:13:13,"⭐️SendBlaster Pro V4.4.2⭐️

⭐️Feature⭐️
Layout editor
Optional HTML “source editing only” mode
Link checking
Segments
Unsubscribe replicator
Import email addresses and email database
Follow up malings
Simple integration with your own web site
Subscribe/Unsubscribe by Email or Web Form
Advanced data filter
List merging and moving
Bounce back and black list management
ReturnPath address
Unlimited lists/groups with unlimited recipients
History of opt-ins and opt-outs
Mail to new contacts
SMTP free delivery
SMTP servers and POP3 profiles
Event logs
Database maintenance",False,False,False,False,True,False,False,True,False,False,1727061145,,,,,,,,,546.0,9.0,"{'_': 'MessageReplies', 'replies': 0, 'replies_pts': 2766, 'comments': True, 'recent_repliers': [], 'channel_id': 2065290484, 'max_id': None, 'read_max_id': None}",2024-02-18T05:13:16+00:00,DePay,,,[],
spamshop1,https://t.me/spamshop1,466,2024-02-18 05:14:17,,False,False,False,False,True,False,False,True,False,False,1727061145,,,,,,,,,549.0,21.0,"{'_': 'MessageReplies', 'replies': 6, 'replies_pts': 2766, 'comments': True, 'recent_repliers': [{'_': 'PeerUser', 'user_id': 6383399093}, {'_': 'PeerUser', 'user_id': 6882516399}, {'_': 'PeerUser', 'user_id': 5851667062}], 'channel_id': 2065290484, 'max_id': 1563, 'read_max_id': None}",2024-02-18T05:14:20+00:00,DePay,,,[],
spamshop1,https://t.me/spamshop1,467,2024-02-18 21:52:24,"SMTP VALIDATOR !!<PERSON> TEST

Server|port|email|password


Dm @onlyspammer1",False,False,False,False,True,False,False,False,False,False,1727061145,,,,,,,,,525.0,23.0,"{'_': 'MessageReplies', 'replies': 1, 'replies_pts': 2766, 'comments': True, 'recent_repliers': [{'_': 'PeerUser', 'user_id': 6410942487}], 'channel_id': 2065290484, 'max_id': 1535, 'read_max_id': None}",2024-02-18T21:54:33+00:00,DePay,,,[],
spamshop1,https://t.me/spamshop1,468,2024-02-19 03:02:57,"🟢🟢🟢🟢🟢🟢🟢🟢🟢🟢

come for your Spam letter
<PERSON>hit inbox
@Ashokk1
@Ashokk1",False,False,False,False,True,False,False,True,False,False,1727061145,,,,,,,,,503.0,0.0,"{'_': 'MessageReplies', 'replies': 0, 'replies_pts': 2766, 'comments': True, 'recent_repliers': [], 'channel_id': 2065290484, 'max_id': None, 'read_max_id': None}",2024-02-19T03:03:00+00:00,DePay,,,[],
spamshop1,https://t.me/spamshop1,469,2024-02-19 03:04:12,"✔️✔️✔️✔️✔️✔️✔️✔️✔️

Valid Leads available 
I Generate World Wide 
fresh 
💯💯💯 result Guarantee
Both
SMS and EMAILS
dm me to buy 
 @Ashokk1
@Ashokk1",False,False,False,False,True,False,False,True,False,False,1727061145,,,,,,,,,508.0,0.0,"{'_': 'MessageReplies', 'replies': 2, 'replies_pts': 2766, 'comments': True, 'recent_repliers': [{'_': 'PeerUser', 'user_id': 6686926273}, {'_': 'PeerUser', 'user_id': 6777655739}], 'channel_id': 2065290484, 'max_id': 1620, 'read_max_id': None}",2024-02-23T03:17:16+00:00,DePay,,"{'_': 'MessageReactions', 'results': [{'_': 'ReactionCount', 'reaction': {'_': 'ReactionEmoji', 'emoticon': '❤'}, 'count': 2, 'chosen_order': None}], 'min': False, 'can_see_list': False, 'reactions_as_tags': False, 'recent_reactions': []}",[],
spamshop1,https://t.me/spamshop1,470,2024-02-19 08:10:32,"<NRP>💎💎💎💎💎💎

Send out Available
prepare your and leads
ready lets work
Only serous <PERSON> 
@Ashokk1
@Ashokk1
💯💯💯",False,False,False,False,True,False,False,True,False,False,1727061145,,,,435.0,False,False,,,501.0,0.0,"{'_': 'MessageReplies', 'replies': 0, 'replies_pts': 2766, 'comments': True, 'recent_repliers': [], 'channel_id': 2065290484, 'max_id': None, 'read_max_id': None}",2024-02-19T08:10:35+00:00,DePay,,,[],
spamshop1,https://t.me/spamshop1,471,2024-02-19 09:15:43,"<NRP>💎

SMTP Avilable for sell 
cool price Dm to buy 
serous guys only
test on with your letter
@Ashokk1
@Ashokk1",False,False,False,False,True,False,False,True,False,False,1727061145,,,,,,,,,503.0,1.0,"{'_': 'MessageReplies', 'replies': 2, 'replies_pts': 2766, 'comments': True, 'recent_repliers': [{'_': 'PeerChannel', 'channel_id': 2065290484}, {'_': 'PeerUser', 'user_id': 6777655739}], 'channel_id': 2065290484, 'max_id': 1575, 'read_max_id': None}",2024-02-19T10:05:54+00:00,DePay,,"{'_': 'MessageReactions', 'results': [{'_': 'ReactionCount', 'reaction': {'_': 'ReactionEmoji', 'emoticon': '❤'}, 'count': 3, 'chosen_order': None}], 'min': False, 'can_see_list': False, 'reactions_as_tags': False, 'recent_reactions': []}",[],
spamshop1,https://t.me/spamshop1,472,2024-02-20 10:44:33,<EMAIL_ADDRESS>|Kyllian2004,False,False,False,False,True,False,False,True,False,False,1727061145,,,,,,,,,465.0,3.0,"{'_': 'MessageReplies', 'replies': 0, 'replies_pts': 2766, 'comments': True, 'recent_repliers': [], 'channel_id': 2065290484, 'max_id': None, 'read_max_id': None}",2024-02-20T10:44:36+00:00,DePay,,,[],
spamshop1,https://t.me/spamshop1,473,2024-02-20 10:45:50,<EMAIL_ADDRESS>|<US_PASSPORT>,False,False,False,False,True,False,False,True,False,False,1727061145,,,,,,,,,457.0,3.0,"{'_': 'MessageReplies', 'replies': 0, 'replies_pts': 2766, 'comments': True, 'recent_repliers': [], 'channel_id': 2065290484, 'max_id': None, 'read_max_id': None}",2024-02-20T10:45:53+00:00,DePay,,,[],
spamshop1,https://t.me/spamshop1,474,2024-02-20 10:46:20,<PERSON>,False,False,False,False,True,False,False,True,False,False,1727061145,,,,,,,,,453.0,4.0,"{'_': 'MessageReplies', 'replies': 0, 'replies_pts': 2766, 'comments': True, 'recent_repliers': [], 'channel_id': 2065290484, 'max_id': None, 'read_max_id': None}",2024-02-20T10:46:24+00:00,DePay,,,[],
spamshop1,https://t.me/spamshop1,475,2024-02-20 14:51:48,"<NRP>SMS BOMBER💎

🚀 Welcome to the Advanced Online SMS Bomber – Efficient, Free, Cross-Platform! <NRP>

🌐 Where You Are: You are visiting the best SMS Bomber website on the net, more powerful than traditional SMS bombers!

🔥 Our Advantages:

More APIs: Compared to Bombitup, we offer more API support, meaning you can send more messages.
International Service: Our SMS Bomber works in most countries, truly achieving global coverage.
Customizable Speed: You can choose the speed of sending messages. The faster the speed, the quicker the message delivery, with up to 280 messages per minute at the fastest.
Completely Free: Free to download and use on PC devices, no need to worry about any fees.
⚠️ Friendly Reminder:

For Entertainment Only: This tool is intended solely for entertainment purposes, to play pranks on friends and family by sending a large number of messages.
Disclaimer: The developers are not responsible for any consequences of improper use of this tool.
Best Practice: To ensure optimal performance, it is recommended to run the SMS Bomber in a single tab.",False,False,False,False,True,False,False,True,False,False,1727061145,,,,,,,,,463.0,15.0,"{'_': 'MessageReplies', 'replies': 3, 'replies_pts': 2766, 'comments': True, 'recent_repliers': [{'_': 'PeerUser', 'user_id': 6470354917}, {'_': 'PeerUser', 'user_id': 1097269013}, {'_': 'PeerUser', 'user_id': 6143140856}], 'channel_id': 2065290484, 'max_id': 1709, 'read_max_id': None}",2024-02-23T07:56:34+00:00,DePay,,"{'_': 'MessageReactions', 'results': [], 'min': False, 'can_see_list': False, 'reactions_as_tags': False, 'recent_reactions': []}",[],
spamshop1,https://t.me/spamshop1,476,2024-02-20 18:16:32,EVILEXRAIO - BEST ALL IN ONE ACCOUNTS CHECKER,False,False,False,False,True,False,False,True,False,False,1727061145,,,,,,,5.956400507864071e+18,,460.0,10.0,"{'_': 'MessageReplies', 'replies': 8, 'replies_pts': 2766, 'comments': True, 'recent_repliers': [{'_': 'PeerUser', 'user_id': 6470354917}, {'_': 'PeerUser', 'user_id': 5964609929}, {'_': 'PeerChannel', 'channel_id': 2065290484}], 'channel_id': 2065290484, 'max_id': 1708, 'read_max_id': None}",2024-02-20T18:16:37+00:00,AshoK DeCoded,,,[],
spamshop1,https://t.me/spamshop1,477,2024-02-20 18:17:29,,False,False,False,False,True,False,False,True,False,False,1727061145,,,,,,,,,465.0,19.0,"{'_': 'MessageReplies', 'replies': 4, 'replies_pts': 2766, 'comments': True, 'recent_repliers': [{'_': 'PeerUser', 'user_id': 6470354917}, {'_': 'PeerUser', 'user_id': 747399814}, {'_': 'PeerUser', 'user_id': 6832627456}], 'channel_id': 2065290484, 'max_id': 1707, 'read_max_id': None}",2024-02-21T20:22:01+00:00,AshoK DeCoded,,"{'_': 'MessageReactions', 'results': [], 'min': False, 'can_see_list': False, 'reactions_as_tags': False, 'recent_reactions': []}",[],
spamshop1,https://t.me/spamshop1,478,2024-02-20 20:52:37,"💻💻💻💻💻💻💻💻💻

Private spam class ongoing
Here’s for those who have absolutely no idea about spamming 
Inbox
note: its not free dont message me without funds ready
@Ashokk1
@Ashokk1",False,False,False,False,True,False,False,True,False,False,1727061145,,,,,,,,,448.0,1.0,"{'_': 'MessageReplies', 'replies': 0, 'replies_pts': 2766, 'comments': True, 'recent_repliers': [], 'channel_id': 2065290484, 'max_id': None, 'read_max_id': None}",2024-02-20T20:53:35+00:00,DePay,,"{'_': 'MessageReactions', 'results': [{'_': 'ReactionCount', 'reaction': {'_': 'ReactionEmoji', 'emoticon': '❤'}, 'count': 5, 'chosen_order': None}], 'min': False, 'can_see_list': False, 'reactions_as_tags': False, 'recent_reactions': []}",[],
spamshop1,https://t.me/spamshop1,479,2024-02-21 07:35:39,"<NRP>💎

SMTP Avilable for sell 
cool price Dm to buy 
serous guys only
test on with your letter
@Ashokk1
@Ashokk1",False,False,False,False,True,False,False,True,False,False,1727061145,,,,,,,,,403.0,0.0,"{'_': 'MessageReplies', 'replies': 9, 'replies_pts': 2766, 'comments': True, 'recent_repliers': [{'_': 'PeerUser', 'user_id': 5819291110}, {'_': 'PeerUser', 'user_id': 6878703100}, {'_': 'PeerChannel', 'channel_id': 2065290484}], 'channel_id': 2065290484, 'max_id': 1773, 'read_max_id': None}",2024-02-21T07:35:42+00:00,DePay,,,[],
spamshop1,https://t.me/spamshop1,481,2024-02-21 11:14:50,"💻Jp WebMails⭐️


<EMAIL_ADDRESS>:bz7311211bz7311211a117a
<EMAIL_ADDRESS>:ts0403
<EMAIL_ADDRESS>:19583374
<EMAIL_ADDRESS>:hiromi50-1961
<EMAIL_ADDRESS>:youmax1121
<EMAIL_ADDRESS>:19621121D1A1212
<EMAIL_ADDRESS>:19621121DQQ2!!!
<EMAIL_ADDRESS>:<PERSON>:yama1213
<EMAIL_ADDRESS>:013029
<EMAIL_ADDRESS>:MEIMEI1aMEIMEI1a_
<EMAIL_ADDRESS>:swkg586k
<EMAIL_ADDRESS>:h42tk31y
<EMAIL_ADDRESS>:31031931yu
<EMAIL_ADDRESS>:+29+9CX7
<EMAIL_ADDRESS>:8118et
<EMAIL_ADDRESS>:<PHONE_NUMBER>
<EMAIL_ADDRESS>:tm7848
<DATE_TIME>
<EMAIL_ADDRESS>:<PERSON>


🔸For More Tools Support And Share:-

https://t.me/spamshop1",False,False,False,False,True,False,False,True,False,False,1727061145,,,,,,,,,435.0,4.0,"{'_': 'MessageReplies', 'replies': 2, 'replies_pts': 2766, 'comments': True, 'recent_repliers': [{'_': 'PeerUser', 'user_id': 6146593257}, {'_': 'PeerUser', 'user_id': 5379669069}], 'channel_id': 2065290484, 'max_id': 1757, 'read_max_id': None}",2024-02-21T16:18:06+00:00,DePay,,"{'_': 'MessageReactions', 'results': [{'_': 'ReactionCount', 'reaction': {'_': 'ReactionEmoji', 'emoticon': '❤'}, 'count': 1, 'chosen_order': None}, {'_': 'ReactionCount', 'reaction': {'_': 'ReactionEmoji', 'emoticon': '🔥'}, 'count': 1, 'chosen_order': None}], 'min': False, 'can_see_list': False, 'reactions_as_tags': False, 'recent_reactions': []}",[],
spamshop1,https://t.me/spamshop1,483,2024-02-21 14:07:56,"If you have trx  
pls Dm let's talk

@onlyspammer1",False,False,False,False,True,False,False,True,False,False,1727061145,,,,,,,,,431.0,0.0,"{'_': 'MessageReplies', 'replies': 1, 'replies_pts': 2766, 'comments': True, 'recent_repliers': [{'_': 'PeerUser', 'user_id': 927173472}], 'channel_id': 2065290484, 'max_id': 1663, 'read_max_id': None}",2024-02-21T14:07:59+00:00,DePay,,,[],
spamshop1,https://t.me/spamshop1,484,2024-02-21 15:27:11,"💻💻💻💻💻💻💻💻💻

Private spam class ongoing
Here’s for those who have absolutely no idea about spamming 
Inbox
note: its not free dont message me without funds ready
@Ashokk1
@Ashokk1",False,False,False,False,True,False,False,True,False,False,1727061145,,,,,,,,,446.0,0.0,"{'_': 'MessageReplies', 'replies': 0, 'replies_pts': 2766, 'comments': True, 'recent_repliers': [], 'channel_id': 2065290484, 'max_id': None, 'read_max_id': None}",2024-02-21T20:38:30+00:00,Ashok Decoder,,"{'_': 'MessageReactions', 'results': [], 'min': False, 'can_see_list': False, 'reactions_as_tags': False, 'recent_reactions': []}",[],
spamshop1,https://t.me/spamshop1,485,2024-02-22 01:43:24,⚡️How To Setup Telegram OTP BOT,False,False,False,False,True,False,False,True,False,False,1727061145,,,,,,,,,404.0,26.0,"{'_': 'MessageReplies', 'replies': 0, 'replies_pts': 2766, 'comments': True, 'recent_repliers': [], 'channel_id': 2065290484, 'max_id': None, 'read_max_id': None}",2024-02-22T10:55:46+00:00,DePay,,"{'_': 'MessageReactions', 'results': [{'_': 'ReactionCount', 'reaction': {'_': 'ReactionEmoji', 'emoticon': '🔥'}, 'count': 2, 'chosen_order': None}], 'min': False, 'can_see_list': False, 'reactions_as_tags': False, 'recent_reactions': []}",[],
spamshop1,https://t.me/spamshop1,486,2024-02-23 14:11:30,"Smtp available dm to buy 
cool price @onlyspammer1",False,False,False,False,True,False,False,True,False,False,1727061145,,,,,,,,,299.0,0.0,"{'_': 'MessageReplies', 'replies': 4, 'replies_pts': 2766, 'comments': True, 'recent_repliers': [{'_': 'PeerUser', 'user_id': 1480069677}, {'_': 'PeerUser', 'user_id': 5964609929}, {'_': 'PeerChannel', 'channel_id': 2065290484}], 'channel_id': 2065290484, 'max_id': 1761, 'read_max_id': None}",2024-02-23T14:33:06+00:00,DePay,,"{'_': 'MessageReactions', 'results': [], 'min': False, 'can_see_list': False, 'reactions_as_tags': False, 'recent_reactions': []}",[],
spamshop1,https://t.me/spamshop1,487,2024-02-24 16:53:51,CREDIT CARDS AND DEBIT CARDS GIVEAWAY.,False,False,False,False,True,False,False,True,False,False,1727061145,,,,,,,,,245.0,0.0,"{'_': 'MessageReplies', 'replies': 0, 'replies_pts': 2766, 'comments': True, 'recent_repliers': [], 'channel_id': 2065290484, 'max_id': None, 'read_max_id': None}",2024-02-24T16:53:54+00:00,DePay,,,[],
spamshop1,https://t.me/spamshop1,488,2024-02-24 16:53:51,"NR: <CREDIT_CARD>
Holder: <PERSON> wright
CVV: 331
EXPIRE: <DATE_TIME>
Address: 1870 quaker Way
State: OH
City: Wilmington
Zip: 45177
Country: United States of America
Base: <PHONE_NUMBER>) USA MIX FRESH 8
Dob: NONE
Ssn: <IP_ADDRESS>
Phone: <PHONE_NUMBER>
Email: <PERSON>",False,False,False,False,True,False,False,True,False,False,1727061145,,,,,,,,,250.0,5.0,,2024-02-24T16:53:54+00:00,DePay,,,[],
spamshop1,https://t.me/spamshop1,489,2024-02-24 16:55:59,"NR: <CREDIT_CARD>
Holder: <PERSON>
CVV: 603
EXPIRE: <DATE_TIME>
Address: 2500 <PERSON>
State: OH
City: Xenia
Zip: 45385
Country: US
Base: <PHONE_NUMBER>) USA MOST WRONG AVS
Dob: NONE
Ssn: NONE
Phone: NONE
Email: NONE",False,False,False,False,True,False,False,True,False,False,1727061145,,,,,,,,,254.0,4.0,"{'_': 'MessageReplies', 'replies': 0, 'replies_pts': 2766, 'comments': True, 'recent_repliers': [], 'channel_id': 2065290484, 'max_id': None, 'read_max_id': None}",2024-02-24T16:56:02+00:00,DePay,,,[],
spamshop1,https://t.me/spamshop1,490,2024-02-24 16:57:11,"NR: <CREDIT_CARD>
Holder: <PERSON>: 264
EXPIRE: <DATE_TIME>
Address: 1140 Dayton Brandt Rd
State: OH
City: Troy
Zip: 45373
Country: US
Base: <PHONE_NUMBER>) FRESH US 11
Dob: NONE
Ssn: NONE
Phone: NONE
Email: NONE",False,False,False,False,True,False,False,True,False,False,1727061145,,,,,,,,,246.0,4.0,"{'_': 'MessageReplies', 'replies': 1, 'replies_pts': 2766, 'comments': True, 'recent_repliers': [{'_': 'PeerUser', 'user_id': 1657673273}], 'channel_id': 2065290484, 'max_id': 1745, 'read_max_id': None}",2024-02-25T10:56:08+00:00,DePay,,"{'_': 'MessageReactions', 'results': [], 'min': False, 'can_see_list': False, 'reactions_as_tags': False, 'recent_reactions': []}",[],
spamshop1,https://t.me/spamshop1,492,2024-02-25 02:53:39,,False,False,False,False,True,False,False,True,False,False,1727061145,,,,,,,5.956400507864072e+18,,183.0,4.0,"{'_': 'MessageReplies', 'replies': 0, 'replies_pts': 2766, 'comments': True, 'recent_repliers': [], 'channel_id': 2065290484, 'max_id': None, 'read_max_id': None}",2024-02-25T02:53:42+00:00,Ashok Decoder,,,[],
spamshop1,https://t.me/spamshop1,493,2024-02-25 02:54:18,"🔸For More Tools Support And Share:-
https://t.me/spamshop1",False,False,False,False,True,False,False,False,False,False,1727061145,,,,,,,,,189.0,8.0,"{'_': 'MessageReplies', 'replies': 0, 'replies_pts': 2766, 'comments': True, 'recent_repliers': [], 'channel_id': 2065290484, 'max_id': None, 'read_max_id': None}",2024-02-25T02:54:45+00:00,Ashok Decoder,,,[],
spamshop1,https://t.me/spamshop1,494,2024-02-25 02:55:52,"➡️✅Swiss Taxes ScamPage

🔸For More Tools Support And Share:-
https://t.me/spamshop1",False,False,False,False,True,False,False,False,False,False,1727061145,,,,,,,,,193.0,6.0,"{'_': 'MessageReplies', 'replies': 0, 'replies_pts': 2766, 'comments': True, 'recent_repliers': [], 'channel_id': 2065290484, 'max_id': None, 'read_max_id': None}",2024-02-25T02:56:13+00:00,Ashok Decoder,,,[],
spamshop1,https://t.me/spamshop1,495,2024-02-25 02:56:54,,False,False,False,False,True,False,False,True,False,False,1727061145,,,,,,,5.940249137318576e+18,,191.0,3.0,"{'_': 'MessageReplies', 'replies': 0, 'replies_pts': 2766, 'comments': True, 'recent_repliers': [], 'channel_id': 2065290484, 'max_id': None, 'read_max_id': None}",2024-02-25T02:56:57+00:00,Ashok Decoder,,,[],
spamshop1,https://t.me/spamshop1,496,2024-02-25 02:57:21,"➡️✅<PERSON>

🔸For More Tools Support And Share:-
https://t.me/spamshop1",False,False,False,False,True,False,False,False,False,False,1727061145,,,,,,,,,193.0,5.0,"{'_': 'MessageReplies', 'replies': 0, 'replies_pts': 2766, 'comments': True, 'recent_repliers': [], 'channel_id': 2065290484, 'max_id': None, 'read_max_id': None}",2024-02-25T02:57:42+00:00,Ashok Decoder,,,[],
spamshop1,https://t.me/spamshop1,499,2024-03-02 16:26:09,"💻💻💻💻💻💻💻💻💻
<DATE_TIME> updates
Private spam class Still ongoing
Here’s for those who have absolutely no idea about spamming 
Inbox
note: its not free dont message me without funds ready
@Ashokk1
@Ashokk1",False,False,False,False,True,False,False,False,False,False,1727061145,,,,,,,,,1087.0,3.0,"{'_': 'MessageReplies', 'replies': 0, 'replies_pts': 3642, 'comments': True, 'recent_repliers': [], 'channel_id': 2065290484, 'max_id': None, 'read_max_id': None}",2024-03-03T11:43:56+00:00,DePay,,"{'_': 'MessageReactions', 'results': [], 'min': False, 'can_see_list': False, 'reactions_as_tags': False, 'recent_reactions': []}",[],
spamshop1,https://t.me/spamshop1,500,2024-03-04 17:28:18,"I want trx  dm me 
if you have 

@onlyspammer1",False,False,False,False,True,False,False,False,False,False,1727061145,,,,,,,,,948.0,0.0,"{'_': 'MessageReplies', 'replies': 1, 'replies_pts': 3642, 'comments': True, 'recent_repliers': [{'_': 'PeerUser', 'user_id': 6585225306}], 'channel_id': 2065290484, 'max_id': 1946, 'read_max_id': None}",2024-03-04T17:50:12+00:00,DePay,,,[],
spamshop1,https://t.me/spamshop1,501,2024-03-05 13:33:41,Free SOCKs 5 ip,False,False,False,False,True,False,False,True,False,False,1727061145,,,,,,,,,866.0,2.0,"{'_': 'MessageReplies', 'replies': 2, 'replies_pts': 3642, 'comments': True, 'recent_repliers': [{'_': 'PeerUser', 'user_id': 7138486781}, {'_': 'PeerUser', 'user_id': 5276692904}], 'channel_id': 2065290484, 'max_id': 2291, 'read_max_id': None}",2024-03-05T13:33:44+00:00,DePay,,,[],
spamshop1,https://t.me/spamshop1,502,2024-03-05 13:33:41,"<IP_ADDRESS>:34990
United States
Oklahoma


<IP_ADDRESS>:50711
United States
California


<IP_ADDRESS>:25039
United States
Illinois


<IP_ADDRESS>:51271
United States
Massachusetts


<IP_ADDRESS>:19330
United States
Pennsylvania


<IP_ADDRESS>:58636
United States
Kentucky


<IP_ADDRESS>:39075
United States
Michigan


<IP_ADDRESS>:16720
United States
Nebraska


<IP_ADDRESS>:12238
United States
Ohio


<DATE_TIME>
United States
Massachusetts",False,False,False,False,True,False,False,True,False,False,1727061145,,,,,,,,,1024.0,6.0,,2024-03-05T13:35:24+00:00,DePay,,"{'_': 'MessageReactions', 'results': [{'_': 'ReactionCount', 'reaction': {'_': 'ReactionEmoji', 'emoticon': '❤'}, 'count': 4, 'chosen_order': None}, {'_': 'ReactionCount', 'reaction': {'_': 'ReactionEmoji', 'emoticon': '👍'}, 'count': 1, 'chosen_order': None}], 'min': False, 'can_see_list': False, 'reactions_as_tags': False, 'recent_reactions': []}",[],
spamshop1,https://t.me/spamshop1,503,2024-03-08 00:23:55,"💻💻💻💻💻💻💻💻💻
<DATE_TIME> updates
Private spam class Still ongoing
Here’s for those who have absolutely no idea about spamming 
Inbox
note: its not free dont message me without funds ready
@Ashokk1
@Ashokk1",False,False,False,False,True,False,False,True,False,False,1727061145,,,,,,,,,899.0,0.0,"{'_': 'MessageReplies', 'replies': 0, 'replies_pts': 3642, 'comments': True, 'recent_repliers': [], 'channel_id': 2065290484, 'max_id': None, 'read_max_id': None}",2024-03-08T00:23:58+00:00,Ashok Decoder,,,[],
spamshop1,https://t.me/spamshop1,504,2024-03-08 11:36:07,"<PERSON> available 100k limit inbox all mail box 200$ 
dm for purchase 

@onlyspammer1",False,False,False,False,True,False,False,False,False,False,1727061145,,,,,,,,,999.0,0.0,"{'_': 'MessageReplies', 'replies': 1, 'replies_pts': 3642, 'comments': True, 'recent_repliers': [{'_': 'PeerChannel', 'channel_id': 2065290484}], 'channel_id': 2065290484, 'max_id': 2063, 'read_max_id': None}",2024-03-08T11:40:22+00:00,DePay,,"{'_': 'MessageReactions', 'results': [{'_': 'ReactionCount', 'reaction': {'_': 'ReactionEmoji', 'emoticon': '👍'}, 'count': 3, 'chosen_order': None}, {'_': 'ReactionCount', 'reaction': {'_': 'ReactionEmoji', 'emoticon': '❤'}, 'count': 3, 'chosen_order': None}], 'min': False, 'can_see_list': False, 'reactions_as_tags': False, 'recent_reactions': []}",[],
spamshop1,https://t.me/spamshop1,506,2024-03-10 21:44:39,"Combo Dumping Tutorials 
With tools available 
how to get fresh mail and pass
for smtp cracking and the rest available 
cool price 
dm me
@Ashokk1",False,False,False,False,True,False,False,True,False,False,1727061145,,,,,,,,,888.0,3.0,"{'_': 'MessageReplies', 'replies': 2, 'replies_pts': 3642, 'comments': True, 'recent_repliers': [{'_': 'PeerUser', 'user_id': 6628220401}, {'_': 'PeerUser', 'user_id': 6789722316}], 'channel_id': 2065290484, 'max_id': 2133, 'read_max_id': None}",2024-03-11T11:26:47+00:00,Ashok Decoder,,"{'_': 'MessageReactions', 'results': [{'_': 'ReactionCount', 'reaction': {'_': 'ReactionEmoji', 'emoticon': '❤'}, 'count': 2, 'chosen_order': None}], 'min': False, 'can_see_list': False, 'reactions_as_tags': False, 'recent_reactions': []}",[],
spamshop1,https://t.me/spamshop1,507,2024-03-13 04:37:16,"office365 Smtp
Hit All Inbox 
High limit 
cool price 
dm me to buy 
➡️@onlyspammer1",False,False,False,False,True,False,False,True,False,False,1727061145,,,,,,,,,780.0,1.0,"{'_': 'MessageReplies', 'replies': 9, 'replies_pts': 3642, 'comments': True, 'recent_repliers': [{'_': 'PeerUser', 'user_id': 6009652377}, {'_': 'PeerUser', 'user_id': 6470354917}, {'_': 'PeerUser', 'user_id': 5457027042}], 'channel_id': 2065290484, 'max_id': 2304, 'read_max_id': None}",2024-03-16T07:06:25+00:00,DePay,,"{'_': 'MessageReactions', 'results': [{'_': 'ReactionCount', 'reaction': {'_': 'ReactionEmoji', 'emoticon': '👍'}, 'count': 3, 'chosen_order': None}], 'min': False, 'can_see_list': False, 'reactions_as_tags': False, 'recent_reactions': []}",[],
spamshop1,https://t.me/spamshop1,508,2024-03-24 22:42:38,"I extract all country leads
Email leads and sms  
Any kinda leads i inject and get valid leads
💯 valid any domain
cool price dm lets work 
@Ashokk1
@Ashokk1",False,False,False,False,True,False,False,False,False,False,1727061145,,,,,,,,,239.0,0.0,"{'_': 'MessageReplies', 'replies': 5, 'replies_pts': 3642, 'comments': True, 'recent_repliers': [{'_': 'PeerUser', 'user_id': 6760837644}, {'_': 'PeerUser', 'user_id': 6009652377}, {'_': 'PeerUser', 'user_id': 5570785197}], 'channel_id': 2065290484, 'max_id': 2305, 'read_max_id': None}",2024-03-24T23:37:15+00:00,Ashok Decoder,,,[],
spamshop1,https://t.me/spamshop1,512,2024-03-29 19:04:00,https://t.me/+BeQBmC_AmlA4Njk8,False,False,False,False,True,False,False,True,False,False,1727061145,,,,,,,,,336.0,0.0,"{'_': 'MessageReplies', 'replies': 0, 'replies_pts': 3801, 'comments': True, 'recent_repliers': [], 'channel_id': 2065290484, 'max_id': None, 'read_max_id': None}",2024-03-29T19:04:03+00:00,DPay,,,[],
spamshop1,https://t.me/spamshop1,513,2024-03-30 17:16:11,,False,False,False,False,True,False,False,True,False,False,1727061145,,,,,,,,,260.0,9.0,"{'_': 'MessageReplies', 'replies': 2, 'replies_pts': 3801, 'comments': True, 'recent_repliers': [{'_': 'PeerUser', 'user_id': 6414195135}, {'_': 'PeerUser', 'user_id': 6526493921}], 'channel_id': 2065290484, 'max_id': 2370, 'read_max_id': None}",2024-03-30T17:16:15+00:00,Ashok decode перерыв,,,[],
spamshop1,https://t.me/spamshop1,515,2024-03-30 19:56:42,"#⃣#⃣#⃣#⃣#⃣#⃣#⃣#⃣#⃣

Hello guys, there is a tutorials for beginners who dont know how to work with  open bullet..

In the tutorial video i crack account with open bullet...
for you to understand it simple 

example you want to crack netflix,you need to use netflix config
Crack and get Combos email and password 
any account etc...
anyone who is interested should dm me 
@Ashokk1",False,False,False,False,True,False,False,False,False,False,1727061145,,,,,,,5.78511405529863e+18,,235.0,2.0,"{'_': 'MessageReplies', 'replies': 2, 'replies_pts': 3801, 'comments': True, 'recent_repliers': [{'_': 'PeerUser', 'user_id': 6423950240}, {'_': 'PeerUser', 'user_id': 888712032}], 'channel_id': 2065290484, 'max_id': 2411, 'read_max_id': None}",2024-03-30T19:57:47+00:00,DPay,,,[],
