Channel ID,URL,Post ID,date,message,out,mentioned,media_unread,silent,post,from_scheduled,legacy,edit_hide,pinned,noforwards,peer_channel,from_id_user,fwd_from,via_bot_id,reply_to_msg_id,reply_to_scheduled,forum_topic,media_photo_id,reply_markup,views,forwards,replies,edit_date,post_author,grouped_id,reactions,restriction_reason,ttl_period
trustshieldhacker,https://t.me/trustshieldhacker,218,2024-01-03 02:58:26,,False,False,False,True,True,,False,,,,1941436748,,,,202.0,False,False,,,,,,,,,,,
trustshieldhacker,https://t.me/trustshieldhacker,226,2024-01-03 07:29:31,"All Rats are available in cheap price
Contact<IP_ADDRESS>
@computerexport",False,False,False,True,True,False,False,True,False,False,1941436748,,,,,,,5.812347223151854e+18,,2539.0,2.0,,2024-01-03T09:37:48+00:00,Computer Expert,1.3634135773735932e+16,"{'_': 'MessageReactions', 'results': [{'_': 'ReactionCount', 'reaction': {'_': 'ReactionEmoji', 'emoticon': '❤'}, 'count': 7, 'chosen_order': None}, {'_': 'ReactionCount', 'reaction': {'_': 'ReactionEmoji', 'emoticon': '👌'}, 'count': 3, 'chosen_order': None}, {'_': 'ReactionCount', 'reaction': {'_': 'ReactionEmoji', 'emoticon': '❤\u200d🔥'}, 'count': 2, 'chosen_order': None}, {'_': 'ReactionCount', 'reaction': {'_': 'ReactionEmoji', 'emoticon': '🔥'}, 'count': 1, 'chosen_order': None}], 'min': False, 'can_see_list': False, 'reactions_as_tags': False, 'recent_reactions': []}",[],
trustshieldhacker,https://t.me/trustshieldhacker,227,2024-01-03 07:29:31,,False,False,False,True,True,False,False,False,False,False,1941436748,,,,,,,5.812347223151854e+18,,2678.0,0.0,,,Computer Expert,1.3634135773735932e+16,,[],
trustshieldhacker,https://t.me/trustshieldhacker,228,2024-01-03 07:29:31,,False,False,False,True,True,False,False,False,False,False,1941436748,,,,,,,5.812347223151854e+18,,2807.0,0.0,,,Computer Expert,1.3634135773735932e+16,,[],
trustshieldhacker,https://t.me/trustshieldhacker,229,2024-01-03 07:29:31,,False,False,False,True,True,False,False,False,False,False,1941436748,,,,,,,5.812347223151854e+18,,3113.0,0.0,,,Computer Expert,1.3634135773735932e+16,,[],
trustshieldhacker,https://t.me/trustshieldhacker,230,2024-01-03 07:29:31,,False,False,False,True,True,False,False,False,False,False,1941436748,,,,,,,5.812347223151854e+18,,3185.0,1.0,,,Computer Expert,1.3634135773735932e+16,,[],
trustshieldhacker,https://t.me/trustshieldhacker,231,2024-01-03 07:29:31,,False,False,False,True,True,False,False,False,False,False,1941436748,,,,,,,5.812347223151854e+18,,3485.0,0.0,,,Computer Expert,1.3634135773735932e+16,,[],
trustshieldhacker,https://t.me/trustshieldhacker,232,2024-01-03 07:29:32,,False,False,False,True,True,False,False,False,False,False,1941436748,,,,,,,5.812347223151854e+18,,3043.0,1.0,,,Computer Expert,1.3634135773735932e+16,,[],
trustshieldhacker,https://t.me/trustshieldhacker,240,2024-01-05 15:05:13,"Expensive Rat Pack

⚡ANDROID ( Spy Note 5 ) 
⚡888 RAT Private - 
⚡888_RAT_1.0.8_O _
⚡CinaRAT 
⚡CobianRAT v1.0.40
⚡Coringa-RAT 
⚡Death-RATV0.10 
⚡Eagle RAT v2.5 
⚡HichamRAT v0.9d 
⚡Hidra Force v4.0 
⚡Kronus RAT 
⚡LeGend Rat v1.9 
⚡LimeRAT v0.1.8.5C 
⚡LuxNET RAT v1.1.0.4 Cracked 
⚡Mega RAT 1.5 Beta 
⚡NanoCore 1.2.2.0_Fixed_Cracked
⚡<PERSON> Danger Edition <DATE_TIME> 
⚡NjRat Lime Edition 0.8.0 
⚡PentagonRAT 
⚡Quasar 1.3 
⚡Quasar Golden Edition <IP_ADDRESS> 
⚡REMCOS v1.7 Professional 
⚡Revenge-RAT v0.3 
⚡SaherBlueEagle_Splitter[RAT] 
⚡Shia Hacker School -Rat v1.0 
⚡SlayerRAT v0.7.2
⚡VayneRat 
⚡Viral RAT 1.0 
⚡Virus Rat v8.0 Beta 
⚡WARZONE 1.2 Cracked 
⚡njRAT v0.11G 
⚡wiRAT v0.1.5F 

          +++++++++++

60+ More Rats Mega File Pack 

💵 Contact for Buy 💵
@computerexport",False,False,False,True,True,False,False,True,True,False,1941436748,,,,,,,5.818778915202776e+18,,3217.0,8.0,,2024-01-05T16:05:30+00:00,Computer Expert,,"{'_': 'MessageReactions', 'results': [{'_': 'ReactionCount', 'reaction': {'_': 'ReactionEmoji', 'emoticon': '❤'}, 'count': 3, 'chosen_order': None}, {'_': 'ReactionCount', 'reaction': {'_': 'ReactionEmoji', 'emoticon': '🔥'}, 'count': 2, 'chosen_order': None}, {'_': 'ReactionCount', 'reaction': {'_': 'ReactionEmoji', 'emoticon': '❤\u200d🔥'}, 'count': 1, 'chosen_order': None}], 'min': False, 'can_see_list': False, 'reactions_as_tags': False, 'recent_reactions': []}",[],
trustshieldhacker,https://t.me/trustshieldhacker,242,2024-01-08 05:39:14,"Last update CraxsRAT 7.3 New 2024


🆕Released

1- Hide icon function after uninstall

3- Details optimized anti-uninstall function

4- ADAPTS to some old phone battery permissions

5- Fixed a series of apk crashes that resulted in dropped calls

2- <PERSON> function supports gate now（Previous channel information）

6- Now vivo and xiaomi phones no longer need to open the background popup window, completely can automatically get
——<DATE_TIME>——
Buy Contact with me @computerexport",False,False,False,True,True,False,False,True,True,False,1941436748,,,,,,,5.827808658740855e+18,,3488.0,2.0,,2024-01-08T05:49:33+00:00,Computer Expert,,"{'_': 'MessageReactions', 'results': [{'_': 'ReactionCount', 'reaction': {'_': 'ReactionEmoji', 'emoticon': '❤\u200d🔥'}, 'count': 8, 'chosen_order': None}, {'_': 'ReactionCount', 'reaction': {'_': 'ReactionEmoji', 'emoticon': '👌'}, 'count': 5, 'chosen_order': None}, {'_': 'ReactionCount', 'reaction': {'_': 'ReactionEmoji', 'emoticon': '❤'}, 'count': 2, 'chosen_order': None}, {'_': 'ReactionCount', 'reaction': {'_': 'ReactionEmoji', 'emoticon': '🥰'}, 'count': 2, 'chosen_order': None}, {'_': 'ReactionCount', 'reaction': {'_': 'ReactionEmoji', 'emoticon': '🔥'}, 'count': 1, 'chosen_order': None}, {'_': 'ReactionCount', 'reaction': {'_': 'ReactionEmoji', 'emoticon': '👏'}, 'count': 1, 'chosen_order': None}], 'min': False, 'can_see_list': False, 'reactions_as_tags': False, 'recent_reactions': []}",[],
trustshieldhacker,https://t.me/trustshieldhacker,253,2024-01-17 18:08:07,"WormChatGPT is now available in Cheap price

What is WormChatGPT??

WormGPT – The Generative AI Tool Cybercriminals Are Using to Launch Business Email Compromise Attacks

For More<IP_ADDRESS>@computerexport",False,False,False,True,True,False,False,True,False,False,1941436748,,,,,,,5.855010125440466e+18,,2565.0,0.0,,2024-01-17T18:16:10+00:00,Computer Expert,,"{'_': 'MessageReactions', 'results': [{'_': 'ReactionCount', 'reaction': {'_': 'ReactionEmoji', 'emoticon': '👍'}, 'count': 5, 'chosen_order': None}, {'_': 'ReactionCount', 'reaction': {'_': 'ReactionEmoji', 'emoticon': '🔥'}, 'count': 4, 'chosen_order': None}, {'_': 'ReactionCount', 'reaction': {'_': 'ReactionEmoji', 'emoticon': '❤\u200d🔥'}, 'count': 3, 'chosen_order': None}, {'_': 'ReactionCount', 'reaction': {'_': 'ReactionEmoji', 'emoticon': '👌'}, 'count': 1, 'chosen_order': None}], 'min': False, 'can_see_list': False, 'reactions_as_tags': False, 'recent_reactions': []}",[],
trustshieldhacker,https://t.me/trustshieldhacker,256,2024-01-20 12:58:30,,False,False,False,True,True,,False,,,,1941436748,,,,242.0,False,False,,,,,,,,,,,
trustshieldhacker,https://t.me/trustshieldhacker,257,2024-01-21 05:39:15,"Letest update CraxsRAT 7.3 New 2024


🆕Released

1- Hide icon function after uninstall

3- Details optimized anti-uninstall function

4- ADAPTS to some old phone battery permissions

5- Fixed a series of apk crashes that resulted in dropped calls

2- <PERSON> function supports gate now（Previous channel information）

6- Now vivo and xiaomi phones no longer need to open the background popup window, completely can automatically get
——<DATE_TIME>——
Buy Contact with me @computerexport",False,False,False,True,True,False,False,False,True,False,1941436748,,,,,,,5.866269717214379e+18,,2519.0,6.0,,2024-01-24T13:17:09+00:00,Computer Expert,,"{'_': 'MessageReactions', 'results': [{'_': 'ReactionCount', 'reaction': {'_': 'ReactionEmoji', 'emoticon': '❤\u200d🔥'}, 'count': 3, 'chosen_order': None}, {'_': 'ReactionCount', 'reaction': {'_': 'ReactionEmoji', 'emoticon': '🔥'}, 'count': 2, 'chosen_order': None}, {'_': 'ReactionCount', 'reaction': {'_': 'ReactionEmoji', 'emoticon': '👍'}, 'count': 1, 'chosen_order': None}, {'_': 'ReactionCount', 'reaction': {'_': 'ReactionEmoji', 'emoticon': '👏'}, 'count': 1, 'chosen_order': None}], 'min': False, 'can_see_list': False, 'reactions_as_tags': False, 'recent_reactions': []}",[],
trustshieldhacker,https://t.me/trustshieldhacker,262,2024-01-24 11:04:43,,False,False,False,True,True,,False,,,,1941436748,,,,257.0,False,False,,,,,,,,,,,
trustshieldhacker,https://t.me/trustshieldhacker,263,2024-01-24 11:21:40,"Hookbotnet<IP_ADDRESS>
Bank and crypto injections work flawlessly, you can accumulate unlimited information and data, and you can access any bank and crypto platform you want. 

you can use and control 100.000+ devices with unlimited bot usage rights

Respectfully,
<PERSON> 100.000 多个设备，并拥有无限的机器人使用权限

尊敬，
@computerexport",False,False,False,True,True,False,False,True,True,False,1941436748,,,,,,,5.875002858900934e+18,,1969.0,1.0,,2024-01-24T12:21:50+00:00,Computer Expert,,"{'_': 'MessageReactions', 'results': [{'_': 'ReactionCount', 'reaction': {'_': 'ReactionEmoji', 'emoticon': '👍'}, 'count': 3, 'chosen_order': None}, {'_': 'ReactionCount', 'reaction': {'_': 'ReactionEmoji', 'emoticon': '🔥'}, 'count': 1, 'chosen_order': None}, {'_': 'ReactionCount', 'reaction': {'_': 'ReactionEmoji', 'emoticon': '👏'}, 'count': 1, 'chosen_order': None}, {'_': 'ReactionCount', 'reaction': {'_': 'ReactionEmoji', 'emoticon': '👌'}, 'count': 1, 'chosen_order': None}], 'min': False, 'can_see_list': False, 'reactions_as_tags': False, 'recent_reactions': []}",[],
trustshieldhacker,https://t.me/trustshieldhacker,264,2024-01-24 11:23:11,,False,False,False,True,True,False,False,True,False,False,1941436748,,,,,,,5.875002858900934e+18,,1972.0,1.0,,2024-01-24T12:37:43+00:00,Computer Expert,1.3648763133912308e+16,"{'_': 'MessageReactions', 'results': [{'_': 'ReactionCount', 'reaction': {'_': 'ReactionEmoji', 'emoticon': '❤\u200d🔥'}, 'count': 3, 'chosen_order': None}, {'_': 'ReactionCount', 'reaction': {'_': 'ReactionEmoji', 'emoticon': '👏'}, 'count': 2, 'chosen_order': None}, {'_': 'ReactionCount', 'reaction': {'_': 'ReactionEmoji', 'emoticon': '🔥'}, 'count': 1, 'chosen_order': None}], 'min': False, 'can_see_list': False, 'reactions_as_tags': False, 'recent_reactions': []}",[],
trustshieldhacker,https://t.me/trustshieldhacker,265,2024-01-24 11:23:11,,False,False,False,True,True,False,False,False,False,False,1941436748,,,,,,,5.875002858900934e+18,,1874.0,2.0,,,Computer Expert,1.3648763133912308e+16,,[],
trustshieldhacker,https://t.me/trustshieldhacker,266,2024-01-24 12:56:24,"CryptoCurrencies Wallet Stealer

CryptoCurrencies V1.1 Wallet Stealer

⚡very simple wallet stealr which work for ppcoin <PERSON> and bitcoin.


⚡How to use it ? 

You need to select if you’re using a FTP or a GMail. Then, enter your credentials into the boxes that are made for that. Then, click on build, put some y0l0 sw4g name and spread to your victims.

💬 Contact for buy 
@computerexport",False,False,False,True,True,False,False,True,False,False,1941436748,,,,,,,5.875002858900934e+18,,2154.0,2.0,,2024-01-24T13:00:53+00:00,Computer Expert,,"{'_': 'MessageReactions', 'results': [{'_': 'ReactionCount', 'reaction': {'_': 'ReactionEmoji', 'emoticon': '👍'}, 'count': 2, 'chosen_order': None}, {'_': 'ReactionCount', 'reaction': {'_': 'ReactionEmoji', 'emoticon': '❤'}, 'count': 2, 'chosen_order': None}, {'_': 'ReactionCount', 'reaction': {'_': 'ReactionEmoji', 'emoticon': '❤\u200d🔥'}, 'count': 1, 'chosen_order': None}, {'_': 'ReactionCount', 'reaction': {'_': 'ReactionEmoji', 'emoticon': '👌'}, 'count': 1, 'chosen_order': None}], 'min': False, 'can_see_list': False, 'reactions_as_tags': False, 'recent_reactions': []}",[],
trustshieldhacker,https://t.me/trustshieldhacker,267,2024-01-24 15:10:55,https://t.me/trustshieldhacker/106,False,False,False,True,True,False,False,True,False,False,1941436748,,,,,,,,,2406.0,0.0,,2024-01-24T16:32:34+00:00,Computer Expert,,"{'_': 'MessageReactions', 'results': [{'_': 'ReactionCount', 'reaction': {'_': 'ReactionEmoji', 'emoticon': '👍'}, 'count': 2, 'chosen_order': None}, {'_': 'ReactionCount', 'reaction': {'_': 'ReactionEmoji', 'emoticon': '🔥'}, 'count': 1, 'chosen_order': None}], 'min': False, 'can_see_list': False, 'reactions_as_tags': False, 'recent_reactions': []}",[],
trustshieldhacker,https://t.me/trustshieldhacker,278,2024-01-28 09:25:40,<NRP> 🔥,False,False,False,True,True,False,False,True,False,False,1941436748,,,,,,,5.888681565234513e+18,,1858.0,0.0,,2024-01-28T09:30:34+00:00,Computer Expert,1.36514715246429e+16,"{'_': 'MessageReactions', 'results': [{'_': 'ReactionCount', 'reaction': {'_': 'ReactionEmoji', 'emoticon': '🔥'}, 'count': 3, 'chosen_order': None}, {'_': 'ReactionCount', 'reaction': {'_': 'ReactionEmoji', 'emoticon': '❤\u200d🔥'}, 'count': 1, 'chosen_order': None}, {'_': 'ReactionCount', 'reaction': {'_': 'ReactionEmoji', 'emoticon': '👌'}, 'count': 1, 'chosen_order': None}], 'min': False, 'can_see_list': False, 'reactions_as_tags': False, 'recent_reactions': []}",[],
trustshieldhacker,https://t.me/trustshieldhacker,279,2024-01-28 09:25:40,,False,False,False,True,True,False,False,False,False,False,1941436748,,,,,,,5.888681565234513e+18,,2222.0,0.0,,,Computer Expert,1.36514715246429e+16,,[],
trustshieldhacker,https://t.me/trustshieldhacker,288,2024-01-31 15:26:17,"CraxsRAT 7.4 :2024

English 🇺🇸<IP_ADDRESS>

 • new:

 - Added virus prevention method V3

 - Injection mode has been updated

 - Usdt functionality now supports encrypted applications

 - Craxs Rat can send commands to show or hide icons

 - You can now quickly enter the payment password for imtoken and tokenpocket

 - Anti-uninstall processing speed is now improved

 - usdt function is compatible with the latest version of binance

 - Fixed the problem that some vivo phones cannot be displayed on craxs client

 - Adapt to the latest version of Alipay and WeChat payment password records

<NRP> 🇻🇳<IP_ADDRESS>

克拉克斯老鼠 V7.4

 • 新的：

 - 新增病毒防范方法V3

 - 注射模式已更新

 - <PERSON>- Craxs Rat 可以发送命令来显示或隐藏图标

 - 现在可以快速输入imtoken和tokenpocket的支付密码

 - 现在反卸载的处理速度提高了

 - usdt功能兼容最新版本的binance

 - 修复部分vivo手机在craxs客户端无法显示的问题

 - 适配最新版本支付宝和微信支付密码记录

Contact<IP_ADDRESS>
@computerexport",False,False,False,True,True,False,False,False,True,False,1941436748,,,,,,,5.897755495396131e+18,,2406.0,2.0,,2024-02-15T01:49:46+00:00,Computer Expert,,"{'_': 'MessageReactions', 'results': [{'_': 'ReactionCount', 'reaction': {'_': 'ReactionEmoji', 'emoticon': '👍'}, 'count': 1, 'chosen_order': None}], 'min': False, 'can_see_list': False, 'reactions_as_tags': False, 'recent_reactions': []}",[],
trustshieldhacker,https://t.me/trustshieldhacker,289,2024-01-31 15:44:42,30%📴,False,False,False,True,True,False,False,False,False,False,1941436748,,,,,,,,,2209.0,0.0,,,Computer Expert,,,[],
trustshieldhacker,https://t.me/trustshieldhacker,292,2024-02-01 18:03:50,"CraxsRAT v7.4 Last update 

Along with installation training 
Along with learning to inject virus and make virus

Without antenna virus detection, compatible with all Android generations


 💵 @computerexport 💰",False,False,False,True,True,False,False,False,True,False,1941436748,,,,,,,5.900007295209816e+18,,2479.0,1.0,,2024-02-01T20:56:17+00:00,Computer Expert,,"{'_': 'MessageReactions', 'results': [{'_': 'ReactionCount', 'reaction': {'_': 'ReactionEmoji', 'emoticon': '👍'}, 'count': 3, 'chosen_order': None}, {'_': 'ReactionCount', 'reaction': {'_': 'ReactionEmoji', 'emoticon': '❤\u200d🔥'}, 'count': 2, 'chosen_order': None}], 'min': False, 'can_see_list': False, 'reactions_as_tags': False, 'recent_reactions': []}",[],
trustshieldhacker,https://t.me/trustshieldhacker,295,2024-02-02 14:46:05,"discount For all 
@computerexport",False,False,False,True,True,False,False,False,False,False,1941436748,,,,292.0,False,False,,,2303.0,0.0,,,Computer Expert,,,[],
trustshieldhacker,https://t.me/trustshieldhacker,297,2024-02-02 17:42:48,"Apk FUD Full Method
Contact : @computerexport",False,False,False,True,True,False,False,True,False,False,1941436748,,,,,,,,,2377.0,1.0,,2024-02-08T02:02:53+00:00,Computer Expert,,"{'_': 'MessageReactions', 'results': [{'_': 'ReactionCount', 'reaction': {'_': 'ReactionEmoji', 'emoticon': '👍'}, 'count': 1, 'chosen_order': None}], 'min': False, 'can_see_list': False, 'reactions_as_tags': False, 'recent_reactions': []}",[],
trustshieldhacker,https://t.me/trustshieldhacker,300,2024-02-04 19:05:34,"CraxsRAT 7.3 New 2024


🆕Released

Buy Contact with @computerexport


1- Hide icon function after uninstall

3- Details optimized anti-uninstall function

4- ADAPTS to some old phone battery permissions

5- Fixed a series of apk crashes that resulted in dropped calls

2- <PERSON> function supports gate now（Previous channel information）

6- Now vivo and xiaomi phones no longer need to open the background popup window, completely can automatically get
——<DATE_TIME>——",False,False,False,True,True,False,False,False,True,False,1941436748,,,,,,,5.906758867835013e+18,,2410.0,1.0,,2024-02-05T02:35:20+00:00,Computer Expert,,"{'_': 'MessageReactions', 'results': [{'_': 'ReactionCount', 'reaction': {'_': 'ReactionEmoji', 'emoticon': '🔥'}, 'count': 6, 'chosen_order': None}, {'_': 'ReactionCount', 'reaction': {'_': 'ReactionEmoji', 'emoticon': '👍'}, 'count': 2, 'chosen_order': None}, {'_': 'ReactionCount', 'reaction': {'_': 'ReactionEmoji', 'emoticon': '❤\u200d🔥'}, 'count': 1, 'chosen_order': None}, {'_': 'ReactionCount', 'reaction': {'_': 'ReactionEmoji', 'emoticon': '❤'}, 'count': 1, 'chosen_order': None}, {'_': 'ReactionCount', 'reaction': {'_': 'ReactionEmoji', 'emoticon': '👌'}, 'count': 1, 'chosen_order': None}], 'min': False, 'can_see_list': False, 'reactions_as_tags': False, 'recent_reactions': []}",[],
trustshieldhacker,https://t.me/trustshieldhacker,302,2024-02-05 19:40:46,"Hookbotnet builder Penal

You can place automatic orders for every bank and app injections and get the information you want

The APK file is very powerful and you can adjust the injection settings as you wish

All banks and applications are included. Special injection additions are available.

Contact only serious Guys
@computerexport",False,False,False,True,True,False,False,False,False,False,1941436748,,,,,,,,,2681.0,1.0,,2024-02-05T19:42:16+00:00,Computer Expert,,"{'_': 'MessageReactions', 'results': [{'_': 'ReactionCount', 'reaction': {'_': 'ReactionEmoji', 'emoticon': '❤'}, 'count': 5, 'chosen_order': None}, {'_': 'ReactionCount', 'reaction': {'_': 'ReactionEmoji', 'emoticon': '❤\u200d🔥'}, 'count': 2, 'chosen_order': None}, {'_': 'ReactionCount', 'reaction': {'_': 'ReactionEmoji', 'emoticon': '👍'}, 'count': 1, 'chosen_order': None}, {'_': 'ReactionCount', 'reaction': {'_': 'ReactionEmoji', 'emoticon': '🔥'}, 'count': 1, 'chosen_order': None}], 'min': False, 'can_see_list': False, 'reactions_as_tags': False, 'recent_reactions': []}",[],
trustshieldhacker,https://t.me/trustshieldhacker,305,2024-02-09 07:40:09,,False,False,False,True,True,,False,,,,1941436748,,,,300.0,False,False,,,,,,,,,,,
trustshieldhacker,https://t.me/trustshieldhacker,306,2024-02-09 16:19:07,"WormChatGPT is now available in Cheap price

What is WormChatGPT??

WormGPT – The Generative AI Tool Cybercriminals Are Using to Launch Business Email Compromise Attacks

For More<IP_ADDRESS>@computerexport",False,False,False,True,True,False,False,True,True,False,1941436748,,,,,,,5.855010125440466e+18,,2166.0,2.0,,2024-02-09T17:17:19+00:00,Computer Expert,,"{'_': 'MessageReactions', 'results': [{'_': 'ReactionCount', 'reaction': {'_': 'ReactionEmoji', 'emoticon': '👍'}, 'count': 2, 'chosen_order': None}, {'_': 'ReactionCount', 'reaction': {'_': 'ReactionEmoji', 'emoticon': '🔥'}, 'count': 2, 'chosen_order': None}, {'_': 'ReactionCount', 'reaction': {'_': 'ReactionEmoji', 'emoticon': '❤\u200d🔥'}, 'count': 1, 'chosen_order': None}, {'_': 'ReactionCount', 'reaction': {'_': 'ReactionEmoji', 'emoticon': '👏'}, 'count': 1, 'chosen_order': None}], 'min': False, 'can_see_list': False, 'reactions_as_tags': False, 'recent_reactions': []}",[],
trustshieldhacker,https://t.me/trustshieldhacker,307,2024-02-10 05:33:31,"Hookbotnet<IP_ADDRESS>
Bank and crypto injections work flawlessly, you can accumulate unlimited information and data, and you can access any bank and crypto platform you want. 

you can use and control 100.000+ devices with unlimited bot usage rights

Respectfully,
<PERSON> 100.000 多个设备，并拥有无限的机器人使用权限

尊敬，
@computerexport",False,False,False,False,True,False,False,True,False,False,1941436748,,,,,,,,,2342.0,2.0,,2024-02-10T06:28:10+00:00,Craxsrat V7 officiall,,"{'_': 'MessageReactions', 'results': [{'_': 'ReactionCount', 'reaction': {'_': 'ReactionEmoji', 'emoticon': '👍'}, 'count': 2, 'chosen_order': None}, {'_': 'ReactionCount', 'reaction': {'_': 'ReactionEmoji', 'emoticon': '❤\u200d🔥'}, 'count': 2, 'chosen_order': None}, {'_': 'ReactionCount', 'reaction': {'_': 'ReactionEmoji', 'emoticon': '🔥'}, 'count': 1, 'chosen_order': None}, {'_': 'ReactionCount', 'reaction': {'_': 'ReactionEmoji', 'emoticon': '🥰'}, 'count': 1, 'chosen_order': None}, {'_': 'ReactionCount', 'reaction': {'_': 'ReactionEmoji', 'emoticon': '👏'}, 'count': 1, 'chosen_order': None}], 'min': False, 'can_see_list': False, 'reactions_as_tags': False, 'recent_reactions': []}",[],
trustshieldhacker,https://t.me/trustshieldhacker,308,2024-02-11 02:51:44,"Setup Your Own Botnet 
Hack Cookies ( no need password for login )

Hack Facebook , insta , twitter , pubg , free fire , coinbase , blockchain, payoneer , paypal , chase and many more sites login username and password with 2 fa bypass techniques
Spread virus and earn upto 2k$ per month thats our promotional posts just for getting more reach 

Cheap price 😉

For more<IP_ADDRESS>
@computerexport

<NRP> 🇻🇳:

设置您自己的僵尸网络
Hack Cookies（无需密码登录）

使用 2 种 <PERSON> fire、coinbase、blockchain、payoneer、paypal、chase 和更多网站登录用户名和密码
传播病毒并每月赚取高达 2,000 美元，这是我们的促销帖子，只是为了扩大影响力

价格便宜😉

了解更多<IP_ADDRESS>
@computerexport",False,False,False,True,True,False,False,False,False,False,1941436748,,,,,,,5.927059348587135e+18,,2761.0,3.0,,2024-02-11T03:02:03+00:00,Computer Expert,,"{'_': 'MessageReactions', 'results': [{'_': 'ReactionCount', 'reaction': {'_': 'ReactionEmoji', 'emoticon': '👍'}, 'count': 4, 'chosen_order': None}, {'_': 'ReactionCount', 'reaction': {'_': 'ReactionEmoji', 'emoticon': '❤\u200d🔥'}, 'count': 1, 'chosen_order': None}, {'_': 'ReactionCount', 'reaction': {'_': 'ReactionEmoji', 'emoticon': '❤'}, 'count': 1, 'chosen_order': None}, {'_': 'ReactionCount', 'reaction': {'_': 'ReactionEmoji', 'emoticon': '🔥'}, 'count': 1, 'chosen_order': None}, {'_': 'ReactionCount', 'reaction': {'_': 'ReactionEmoji', 'emoticon': '👌'}, 'count': 1, 'chosen_order': None}], 'min': False, 'can_see_list': False, 'reactions_as_tags': False, 'recent_reactions': []}",[],
trustshieldhacker,https://t.me/trustshieldhacker,309,2024-02-11 12:37:00,Live demo on <PERSON>,False,False,False,True,True,False,False,False,False,False,1941436748,,,,308.0,False,False,,,2713.0,0.0,,,Computer Expert,,,[],
trustshieldhacker,https://t.me/trustshieldhacker,310,2024-02-11 12:37:07,10$ penal login for <DATE_TIME>,False,False,False,True,True,False,False,False,False,False,1941436748,,,,,,,,,2638.0,0.0,,,Computer Expert,,,[],
trustshieldhacker,https://t.me/trustshieldhacker,311,2024-02-12 10:04:52,"Hookbotnet Capture everything like bank account....crypto wallets.... social media Accounts.. Etc

Dm 
@computerexport",False,False,False,True,True,False,False,False,False,False,1941436748,,,,,,,5.931562948214505e+18,,2510.0,1.0,,2024-02-12T10:13:03+00:00,Computer Expert,,"{'_': 'MessageReactions', 'results': [{'_': 'ReactionCount', 'reaction': {'_': 'ReactionEmoji', 'emoticon': '👏'}, 'count': 4, 'chosen_order': None}, {'_': 'ReactionCount', 'reaction': {'_': 'ReactionEmoji', 'emoticon': '❤\u200d🔥'}, 'count': 1, 'chosen_order': None}, {'_': 'ReactionCount', 'reaction': {'_': 'ReactionEmoji', 'emoticon': '🔥'}, 'count': 1, 'chosen_order': None}], 'min': False, 'can_see_list': False, 'reactions_as_tags': False, 'recent_reactions': []}",[],
trustshieldhacker,https://t.me/trustshieldhacker,313,2024-02-13 22:32:03,"📢One of the popular updates CraxsRAT v7.4

CraxsRAT 7.4 How does the app disappear from deletion?

Just go to the inject section

You have 4 steps

1️⃣ part is port and IP

2️⃣ Select the app you want to infect

3️⃣ Customize the virus (In this section, you can uninstall the app. It disappears after deletion)

4️⃣ Inject the virus into the desired app

🔹You can easily create a virus after deleting the victim s phone the name of the icon will be hidden🔹

🔷If  you still have old versions CraxsRAT You can use it at the best price CraxsRAT v7.4 Buy from us with free updates🔷

Contact: @computerexport",False,False,False,False,True,False,False,False,False,False,1941436748,,,,,,,5.936276842325589e+18,,2594.0,1.0,,2024-02-14T03:52:26+00:00,Computer Expert,,"{'_': 'MessageReactions', 'results': [{'_': 'ReactionCount', 'reaction': {'_': 'ReactionEmoji', 'emoticon': '🥰'}, 'count': 2, 'chosen_order': None}, {'_': 'ReactionCount', 'reaction': {'_': 'ReactionEmoji', 'emoticon': '👍'}, 'count': 1, 'chosen_order': None}, {'_': 'ReactionCount', 'reaction': {'_': 'ReactionEmoji', 'emoticon': '❤\u200d🔥'}, 'count': 1, 'chosen_order': None}, {'_': 'ReactionCount', 'reaction': {'_': 'ReactionEmoji', 'emoticon': '❤'}, 'count': 1, 'chosen_order': None}], 'min': False, 'can_see_list': False, 'reactions_as_tags': False, 'recent_reactions': []}",[],
trustshieldhacker,https://t.me/trustshieldhacker,324,2024-02-16 19:24:40,"Happy <PERSON>
Full service WormChatGPT

Dm @computerexport",False,False,False,False,True,False,False,False,False,False,1941436748,,,,,,,5.945159105276658e+18,,2240.0,0.0,,2024-02-16T20:55:02+00:00,Computer Expert,,"{'_': 'MessageReactions', 'results': [{'_': 'ReactionCount', 'reaction': {'_': 'ReactionEmoji', 'emoticon': '🔥'}, 'count': 5, 'chosen_order': None}, {'_': 'ReactionCount', 'reaction': {'_': 'ReactionEmoji', 'emoticon': '👌'}, 'count': 3, 'chosen_order': None}, {'_': 'ReactionCount', 'reaction': {'_': 'ReactionEmoji', 'emoticon': '❤'}, 'count': 1, 'chosen_order': None}], 'min': False, 'can_see_list': False, 'reactions_as_tags': False, 'recent_reactions': []}",[],
trustshieldhacker,https://t.me/trustshieldhacker,329,2024-02-19 16:59:12,"WormGPT Is a ChatGPT Alternative With 'No Ethical Boundaries or Limitations. which can help hackers create malware and phishing attacks, according to email security provider SlashNext

📞Contact to buy 
@computerexport",False,False,False,False,True,False,False,True,False,False,1941436748,,,,,,,5.9538394145705e+18,,2094.0,6.0,,2024-02-19T16:59:37+00:00,Computer Expert,,"{'_': 'MessageReactions', 'results': [{'_': 'ReactionCount', 'reaction': {'_': 'ReactionEmoji', 'emoticon': '❤'}, 'count': 10, 'chosen_order': None}, {'_': 'ReactionCount', 'reaction': {'_': 'ReactionEmoji', 'emoticon': '👍'}, 'count': 3, 'chosen_order': None}, {'_': 'ReactionCount', 'reaction': {'_': 'ReactionEmoji', 'emoticon': '🔥'}, 'count': 3, 'chosen_order': None}, {'_': 'ReactionCount', 'reaction': {'_': 'ReactionEmoji', 'emoticon': '👏'}, 'count': 2, 'chosen_order': None}, {'_': 'ReactionCount', 'reaction': {'_': 'ReactionEmoji', 'emoticon': '👌'}, 'count': 1, 'chosen_order': None}], 'min': False, 'can_see_list': False, 'reactions_as_tags': False, 'recent_reactions': []}",[],
trustshieldhacker,https://t.me/trustshieldhacker,335,2024-02-22 17:13:38,"You can place automatic orders for every bank and app injections and get the information you want

The APK file is very powerful and you can adjust the injection settings as you wish

All banks and applications are included. Special injection additions are available.
@computerexport",False,False,False,False,True,False,False,True,True,False,1941436748,,,,,,,5.962913696919436e+18,,1577.0,0.0,,2024-02-22T17:14:29+00:00,Computer Expert,,"{'_': 'MessageReactions', 'results': [{'_': 'ReactionCount', 'reaction': {'_': 'ReactionEmoji', 'emoticon': '❤'}, 'count': 6, 'chosen_order': None}, {'_': 'ReactionCount', 'reaction': {'_': 'ReactionEmoji', 'emoticon': '🔥'}, 'count': 3, 'chosen_order': None}, {'_': 'ReactionCount', 'reaction': {'_': 'ReactionEmoji', 'emoticon': '❤\u200d🔥'}, 'count': 2, 'chosen_order': None}, {'_': 'ReactionCount', 'reaction': {'_': 'ReactionEmoji', 'emoticon': '👌'}, 'count': 1, 'chosen_order': None}], 'min': False, 'can_see_list': False, 'reactions_as_tags': False, 'recent_reactions': []}",[],
trustshieldhacker,https://t.me/trustshieldhacker,337,2024-02-25 07:19:59,"<PERSON>

⚡️• New:

- Added virus prevention method V3

- The injection mode has been updated

- Usdt function supports crypto app now

- Craxs Rat can send commands to show or hide icon

- Can now quickly input payment passwords for imtoken and tokenpocket

- Now the processing speed of anti-uninstall is increased

- The <PERSON> function is compatible with the latest version of binance

- Fixed an issue where some vivo phones would not display in the craxs client

- Adapted to the latest version of Alipay and wechat payment password records
——————
Contact:
@computerexport",False,False,False,False,True,False,False,True,True,False,1941436748,,,,,,,5.969682002737218e+18,,1325.0,6.0,,2024-02-25T07:28:53+00:00,Computer Expert,,"{'_': 'MessageReactions', 'results': [{'_': 'ReactionCount', 'reaction': {'_': 'ReactionEmoji', 'emoticon': '👍'}, 'count': 6, 'chosen_order': None}, {'_': 'ReactionCount', 'reaction': {'_': 'ReactionEmoji', 'emoticon': '❤'}, 'count': 6, 'chosen_order': None}, {'_': 'ReactionCount', 'reaction': {'_': 'ReactionEmoji', 'emoticon': '🔥'}, 'count': 4, 'chosen_order': None}, {'_': 'ReactionCount', 'reaction': {'_': 'ReactionEmoji', 'emoticon': '🥰'}, 'count': 1, 'chosen_order': None}, {'_': 'ReactionCount', 'reaction': {'_': 'ReactionEmoji', 'emoticon': '👏'}, 'count': 1, 'chosen_order': None}, {'_': 'ReactionCount', 'reaction': {'_': 'ReactionEmoji', 'emoticon': '👌'}, 'count': 1, 'chosen_order': None}], 'min': False, 'can_see_list': False, 'reactions_as_tags': False, 'recent_reactions': []}",[],
trustshieldhacker,https://t.me/trustshieldhacker,342,2024-03-01 08:59:36,,False,False,False,True,True,,False,,,,1941436748,,,,337.0,False,False,,,,,,,,,,,
trustshieldhacker,https://t.me/trustshieldhacker,352,2024-03-05 11:16:44,"The Unlock feature works smoothly on every device. With <PERSON> and VNC, you can control it as you wish and give the device the order you want.
Google, Samsung, Xiaomi, Oneplus, Huawai, Oppo 
effective on all devices.

Best regards..
@computerexport",False,False,False,False,True,False,False,True,False,False,1941436748,,"{'_': 'MessageFwdHeader', 'date': '2024-03-05T11:16:29+00:00', 'imported': False, 'saved_out': False, 'from_id': {'_': 'PeerChannel', 'channel_id': 2066976130}, 'from_name': None, 'channel_post': 9, 'post_author': None, 'saved_from_peer': None, 'saved_from_msg_id': None, 'saved_from_id': None, 'saved_from_name': None, 'saved_date': None, 'psa_type': None}",,,,,,,57.0,1.0,,2024-03-05T11:17:38+00:00,Computer Expert,,"{'_': 'MessageReactions', 'results': [{'_': 'ReactionCount', 'reaction': {'_': 'ReactionEmoji', 'emoticon': '❤\u200d🔥'}, 'count': 1, 'chosen_order': None}, {'_': 'ReactionCount', 'reaction': {'_': 'ReactionEmoji', 'emoticon': '🔥'}, 'count': 1, 'chosen_order': None}], 'min': False, 'can_see_list': False, 'reactions_as_tags': False, 'recent_reactions': []}",[],
trustshieldhacker,https://t.me/trustshieldhacker,359,2024-03-07 11:20:21,,False,False,False,False,True,False,False,False,False,False,1941436748,,,,,,,6.003843468234965e+18,,951.0,1.0,,,Computer Expert,,,[],
trustshieldhacker,https://t.me/trustshieldhacker,360,2024-03-07 11:20:35,"Greeting All <NRP>
@Phoenixbotnetofficiall

The Main functions of the Phoenix Botnet:

VNC+Black Screen
HiddenVNC (Bypasses Bank/Crypto Apps)
Keylogger
Unlock Screen(automatically unlocks all passwords)
SMS Interception / Call Forwarding
Google Authenticator Bypass
Seed Stealer
Work on versions 7-14 and tested on Google,Samsung,Xiaomi,Oneplus,Huawai,Oppo 
500+ Injections(can be added individually)

The panel also has a beautiful design and good usability. 
We can setup it in Clearnet or Tor
Contact To Buy 💰
@computerexport",False,False,False,False,True,False,False,True,False,False,1941436748,,"{'_': 'MessageFwdHeader', 'date': '2024-03-07T11:15:32+00:00', 'imported': False, 'saved_out': False, 'from_id': {'_': 'PeerChannel', 'channel_id': 2066976130}, 'from_name': None, 'channel_post': 11, 'post_author': None, 'saved_from_peer': None, 'saved_from_msg_id': None, 'saved_from_id': None, 'saved_from_name': None, 'saved_date': None, 'psa_type': None}",,,,,6.003808567330718e+18,,1049.0,2.0,,2024-03-07T11:29:49+00:00,Computer Expert,,"{'_': 'MessageReactions', 'results': [{'_': 'ReactionCount', 'reaction': {'_': 'ReactionEmoji', 'emoticon': '🔥'}, 'count': 2, 'chosen_order': None}, {'_': 'ReactionCount', 'reaction': {'_': 'ReactionEmoji', 'emoticon': '❤\u200d🔥'}, 'count': 1, 'chosen_order': None}, {'_': 'ReactionCount', 'reaction': {'_': 'ReactionEmoji', 'emoticon': '🥰'}, 'count': 1, 'chosen_order': None}], 'min': False, 'can_see_list': False, 'reactions_as_tags': False, 'recent_reactions': []}",[],
trustshieldhacker,https://t.me/trustshieldhacker,361,2024-03-08 18:39:49,"<DATE_TIME> is <DATE_TIME> in 50% off on craxsrat 7.4
@computerexport",False,False,False,False,True,False,False,True,False,False,1941436748,,,,,,,,,782.0,3.0,,2024-03-08T18:48:20+00:00,Computer Expert,,"{'_': 'MessageReactions', 'results': [{'_': 'ReactionCount', 'reaction': {'_': 'ReactionEmoji', 'emoticon': '❤\u200d🔥'}, 'count': 6, 'chosen_order': None}, {'_': 'ReactionCount', 'reaction': {'_': 'ReactionEmoji', 'emoticon': '🔥'}, 'count': 2, 'chosen_order': None}, {'_': 'ReactionCount', 'reaction': {'_': 'ReactionEmoji', 'emoticon': '👍'}, 'count': 1, 'chosen_order': None}, {'_': 'ReactionCount', 'reaction': {'_': 'ReactionEmoji', 'emoticon': '👌'}, 'count': 1, 'chosen_order': None}], 'min': False, 'can_see_list': False, 'reactions_as_tags': False, 'recent_reactions': []}",[],
trustshieldhacker,https://t.me/trustshieldhacker,363,2024-03-11 08:45:32,,False,False,False,True,True,,False,,,,1941436748,,,,337.0,False,False,,,,,,,,,,,
trustshieldhacker,https://t.me/trustshieldhacker,365,2024-03-15 05:00:48,,False,False,False,True,True,,False,,,,1941436748,,,,361.0,False,False,,,,,,,,,,,
trustshieldhacker,https://t.me/trustshieldhacker,367,2024-03-17 01:03:04,40% Off for <DATE_TIME>,False,False,False,False,True,False,False,False,False,False,1941436748,,,,,,,,,41.0,0.0,,2024-03-17T01:03:51+00:00,Computer Expert,,,[],
trustshieldhacker,https://t.me/trustshieldhacker,369,2024-03-17 15:00:08,"😈 CraxsRAT 7.4 FUD 
‌.🪝original version


🦎 ⚡<PERSON>

🦎⚡️绕过所有移动安全

🐍⚡️绕过 Avast 防病毒软件

🐍⚡️100% 完全无法检测

🐍⚡️繞過所有手機電源權限（MiUI-HarmonyOS-OPPO-VIVO）

🐍⚡<NRP>
和更多。

🐍⚡️穩定性和速度顯著增強

✨购买
@computerexport

📴 40%",False,False,False,False,True,False,False,True,False,False,1941436748,,,,,,,6.030476268379686e+18,,50.0,0.0,,2024-03-17T15:00:20+00:00,Computer Expert,,"{'_': 'MessageReactions', 'results': [{'_': 'ReactionCount', 'reaction': {'_': 'ReactionEmoji', 'emoticon': '❤\u200d🔥'}, 'count': 1, 'chosen_order': None}, {'_': 'ReactionCount', 'reaction': {'_': 'ReactionEmoji', 'emoticon': '🔥'}, 'count': 1, 'chosen_order': None}], 'min': False, 'can_see_list': False, 'reactions_as_tags': False, 'recent_reactions': []}",[],
trustshieldhacker,https://t.me/trustshieldhacker,371,2024-03-18 17:18:04,,False,False,False,True,True,,False,,,,1941436748,,,,366.0,False,False,,,,,,,,,,,
trustshieldhacker,https://t.me/trustshieldhacker,373,2024-03-20 01:32:02,,False,False,False,True,True,,False,,,,1941436748,,,,369.0,False,False,,,,,,,,,,,
trustshieldhacker,https://t.me/trustshieldhacker,374,2024-03-20 01:36:11,https://t.me/trustshieldhacker/329,False,False,False,False,True,False,False,False,False,False,1941436748,,,,,,,,,12.0,0.0,,,Computer Expert,,,[],
trustshieldhacker,https://t.me/trustshieldhacker,376,2024-03-23 00:21:36,,False,False,False,True,True,,False,,,,1941436748,,,,369.0,False,False,,,,,,,,,,,
trustshieldhacker,https://t.me/trustshieldhacker,379,2024-03-24 08:23:10,,False,False,False,True,True,,False,,,,1941436748,,,,369.0,False,False,,,,,,,,,,,
trustshieldhacker,https://t.me/trustshieldhacker,383,2024-03-27 13:15:44,,False,False,False,True,True,,False,,,,1941436748,,,,380.0,False,False,,,,,,,,,,,
trustshieldhacker,https://t.me/trustshieldhacker,385,2024-03-28 18:45:13,Source code and penal both are available,False,False,False,True,True,False,False,False,False,False,1941436748,,,,,,,5.778283094497935e+18,,127.0,2.0,,2024-03-28T18:45:39+00:00,Computer Expert,,,[],
trustshieldhacker,https://t.me/trustshieldhacker,387,2024-03-30 00:35:55,I made this video on the demand of some people because many people have 7.4 and not the original,False,False,False,True,True,False,False,True,False,False,1941436748,,,,,,,,,62.0,0.0,,2024-03-30T00:51:28+00:00,Computer Expert,,"{'_': 'MessageReactions', 'results': [{'_': 'ReactionCount', 'reaction': {'_': 'ReactionEmoji', 'emoticon': '🔥'}, 'count': 1, 'chosen_order': None}, {'_': 'ReactionCount', 'reaction': {'_': 'ReactionEmoji', 'emoticon': '👏'}, 'count': 1, 'chosen_order': None}], 'min': False, 'can_see_list': False, 'reactions_as_tags': False, 'recent_reactions': []}",[],
trustshieldhacker,https://t.me/trustshieldhacker,389,2024-03-31 13:50:16,,False,False,False,True,True,,False,,,,1941436748,,,,386.0,False,False,,,,,,,,,,,
trustshieldhacker,https://t.me/trustshieldhacker,391,2024-04-01 15:37:02,"50% Discount on All tools 🔥

@computerexport",False,False,False,True,True,False,False,False,False,False,1941436748,,,,,,,,,61.0,0.0,,,Computer Expert,,,[],
trustshieldhacker,https://t.me/trustshieldhacker,393,2024-04-02 12:18:02,,False,False,False,True,True,,False,,,,1941436748,,,,391.0,False,False,,,,,,,,,,,
trustshieldhacker,https://t.me/trustshieldhacker,395,2024-04-02 18:45:17,https://t.me/trustshieldhacker/369,False,False,False,True,True,False,False,True,False,False,1941436748,,,,,,,,,74.0,0.0,,2024-04-02T19:01:00+00:00,Computer Expert,,"{'_': 'MessageReactions', 'results': [{'_': 'ReactionCount', 'reaction': {'_': 'ReactionEmoji', 'emoticon': '🔥'}, 'count': 1, 'chosen_order': None}], 'min': False, 'can_see_list': False, 'reactions_as_tags': False, 'recent_reactions': []}",[],
