id,Channel ID,URL,message,date,views,forwards,reactions
692,techhackers1,https://t.me/techhackers1,Unlimited is back,2023-12-20T08:11:32+00:00,1521.0,1.0,"👍: 13, 🥰: 2, 🤯: 2"
2047,techhackers1,https://t.me/techhackers1,Bro unasaka za kabej😅😅,2023-12-21T10:46:31+00:00,,,
2043,techhackers1,https://t.me/techhackers1,<PERSON> sign in to network😂😂,2023-12-20T19:45:41+00:00,,,
2042,techhackers1,https://t.me/techhackers1,Diamond 😂😭,2023-12-20T18:49:59+00:00,,,
2032,techhackers1,https://t.me/techhackers1,<DATE_TIME> to <PERSON>,2023-12-20T17:17:51+00:00,,,👍: 1
2031,techhackers1,https://t.me/techhackers1,<PERSON> group <PERSON>. Sasa ukitushow iko na <PERSON> maana ya hii group basi,2023-12-20T17:16:17+00:00,,,
2028,techhackers1,https://t.me/techhackers1,unlimited iko wapi,2023-12-20T16:50:47+00:00,,,
2025,techhackers1,https://t.me/techhackers1,Mukue serious,2023-12-20T16:50:12+00:00,,,
2011,techhackers1,https://t.me/techhackers1,<PERSON>?<PERSON>,2023-12-20T14:51:28+00:00,,,
2005,techhackers1,https://t.me/techhackers1,nipee unlimited,2023-12-20T12:19:52+00:00,,,
2004,techhackers1,https://t.me/techhackers1,Saiz rada iko <PERSON>,2023-12-20T12:19:30+00:00,,,
2003,techhackers1,https://t.me/techhackers1,Hakuna unlimited,2023-12-20T11:57:03+00:00,,,
2002,techhackers1,https://t.me/techhackers1,<PERSON> iko,2023-12-20T11:51:14+00:00,,,
1999,techhackers1,https://t.me/techhackers1,"Listening to hip-hop don't make you cool.listening to:
NBA YoungBoy king <PERSON> will affect you negatively",2023-12-20T11:44:56+00:00,,,
1998,techhackers1,https://t.me/techhackers1,Mental health wekea mentality 😂🚮<DATE_TIME>,2023-12-20T10:59:12+00:00,,,
1993,techhackers1,https://t.me/techhackers1,😂,2023-12-20T10:34:17+00:00,,,
1992,techhackers1,https://t.me/techhackers1,Waende shule januari <NRP>,2023-12-20T10:15:17+00:00,,,👍: 1
1991,techhackers1,https://t.me/techhackers1,<PERSON> basi,2023-12-20T10:10:42+00:00,,,
1990,techhackers1,https://t.me/techhackers1,We got different tastes buh I find it better to listen to simpin songs than listening to songs that will destroy your mental health,2023-12-20T10:02:03+00:00,,,
1985,techhackers1,https://t.me/techhackers1,Mtu akiwa na unlimited na <PERSON> tulisema akae <PERSON> host inyongwe 🏌‍♂,2023-12-20T09:39:36+00:00,,,👍: 2
1982,techhackers1,https://t.me/techhackers1,Hakuna unlimited wakuu,2023-12-20T09:38:05+00:00,,,
1977,techhackers1,https://t.me/techhackers1,",<PERSON>",2023-12-20T09:23:06+00:00,,,
1974,techhackers1,https://t.me/techhackers1,<PERSON>,2023-12-20T09:17:16+00:00,,,
1972,techhackers1,https://t.me/techhackers1,Wacha hizo bana,2023-12-20T09:09:44+00:00,,,
1969,techhackers1,https://t.me/techhackers1,<PERSON> file mkuu,2023-12-20T09:09:01+00:00,,,
1963,techhackers1,https://t.me/techhackers1,<PERSON>,2023-12-20T09:06:30+00:00,,,
1962,techhackers1,https://t.me/techhackers1,<PERSON> <DATE_TIME>,2023-12-20T09:06:05+00:00,,,
1961,techhackers1,https://t.me/techhackers1,,2023-12-20T09:06:01+00:00,,,👍: 1
1954,techhackers1,https://t.me/techhackers1,<PERSON> file mkuu,2023-12-20T08:59:25+00:00,,,
1953,techhackers1,https://t.me/techhackers1,Tuangushie mkuu,2023-12-20T08:59:17+00:00,,,
1948,techhackers1,https://t.me/techhackers1,<PERSON>,2023-12-20T08:58:41+00:00,,,
1947,techhackers1,https://t.me/techhackers1,Mkuu tutoe gizani,2023-12-20T08:56:20+00:00,,,
1944,techhackers1,https://t.me/techhackers1,<PERSON>,2023-12-20T08:55:37+00:00,,,
1937,techhackers1,https://t.me/techhackers1,Test file,2023-12-20T08:18:38+00:00,,,
1934,techhackers1,https://t.me/techhackers1,Diamond?😭,2023-12-20T08:14:08+00:00,,,
1931,techhackers1,https://t.me/techhackers1,?,2023-12-20T08:12:50+00:00,,,
1928,techhackers1,https://t.me/techhackers1,Where is it bwana,2023-12-20T08:12:17+00:00,,,
