id,Channel ID,URL,message,date,views,forwards,reactions
760,techhackers1,https://t.me/techhackers1,Airtel users drop reaction,2024-02-05T18:15:03+00:00,763.0,,
2472,techhackers1,https://t.me/techhackers1,Unlimited?,2024-02-06T05:48:51+00:00,,,
2465,techhackers1,https://t.me/techhackers1,kuwa na data kidogo kama 5mb alafu uconnect na tweak ya UAE,2024-02-05T19:00:19+00:00,,,
2464,techhackers1,https://t.me/techhackers1,Tweaks?,2024-02-05T18:58:56+00:00,,,
2463,techhackers1,https://t.me/techhackers1,no file,2024-02-05T18:57:32+00:00,,,
2462,techhackers1,https://t.me/techhackers1,File gani <PERSON>?,2024-02-05T18:55:35+00:00,,,
2456,techhackers1,https://t.me/techhackers1,😂😂ama hatujafikiwa,2024-02-05T18:46:28+00:00,,,
2455,techhackers1,https://t.me/techhackers1,laki you 😂😂😂😂,2024-02-05T18:45:59+00:00,,,
2454,techhackers1,https://t.me/techhackers1,1.4,2024-02-05T18:43:40+00:00,,,
2453,techhackers1,https://t.me/techhackers1,Umebakisha how much for <DATE_TIME>?,2024-02-05T18:43:23+00:00,,,
2452,techhackers1,https://t.me/techhackers1,<PERSON>,2024-02-05T18:42:00+00:00,,,
2451,techhackers1,https://t.me/techhackers1,You must be lucky,2024-02-05T18:41:33+00:00,,,
2450,techhackers1,https://t.me/techhackers1,Eeh,2024-02-05T18:35:58+00:00,,,
2449,techhackers1,https://t.me/techhackers1,freenet,2024-02-05T18:34:59+00:00,,,
2446,techhackers1,https://t.me/techhackers1,Ulikuwa na zile 90 ama...m <PERSON> ya 3 gb <DATE_TIME>,2024-02-05T18:33:06+00:00,,,
2444,techhackers1,https://t.me/techhackers1,<PERSON> kutoka asubuhi <PERSON>,2024-02-05T18:30:45+00:00,,,
2443,techhackers1,https://t.me/techhackers1,Tunnel core inafanya 🥺,2024-02-05T18:30:09+00:00,,,
2435,techhackers1,https://t.me/techhackers1,M bado niko na data,2024-02-05T18:26:18+00:00,,,
2433,techhackers1,https://t.me/techhackers1,ebu ingia Tunnel core plus,2024-02-05T18:20:24+00:00,,,
2432,techhackers1,https://t.me/techhackers1,😂<PERSON>,2024-02-05T18:19:44+00:00,,,
2431,techhackers1,https://t.me/techhackers1,100 mbs 😂😂😂,2024-02-05T18:19:21+00:00,,,
2430,techhackers1,https://t.me/techhackers1,nilikuwa na 270<PERSON> 😂,2024-02-05T18:19:09+00:00,,,
2429,techhackers1,https://t.me/techhackers1,Eeh... Na hiyo time <PERSON> na 90gb ya airtel😂,2024-02-05T18:18:46+00:00,,,
2428,techhackers1,https://t.me/techhackers1,iyo ilikuwa ya saf,2024-02-05T18:17:53+00:00,,,
2427,techhackers1,https://t.me/techhackers1,😂😂 unlimited yenye ilikuwa <PERSON>.. host <PERSON>. <PERSON>,2024-02-05T18:17:23+00:00,,,
2426,techhackers1,https://t.me/techhackers1,<PERSON>,2024-02-05T18:16:57+00:00,,,
2425,techhackers1,https://t.me/techhackers1,Ehh eka stock,2024-02-05T18:16:22+00:00,,,
2424,techhackers1,https://t.me/techhackers1,<PERSON> unlimited 🤧🙄,2024-02-05T18:15:36+00:00,,,
