id,Channel ID,URL,message,date,views,forwards,reactions
761,techhackers1,https://t.me/techhackers1,<PERSON> na NUZO,2024-02-05T18:22:59+00:00,719.0,,😢: 1
2466,techhackers1,https://t.me/techhackers1,Yeah,2024-02-05T20:35:44+00:00,,,
2448,techhackers1,https://t.me/techhackers1,😂angusha net,2024-02-05T18:34:24+00:00,,,
2447,techhackers1,https://t.me/techhackers1,<PERSON> we <PERSON> 😂😂,2024-02-05T18:33:36+00:00,,,
2445,techhackers1,https://t.me/techhackers1,Kaaa nazo <PERSON>,2024-02-05T18:31:32+00:00,,,
2440,techhackers1,https://t.me/techhackers1,<PERSON> na coins,2024-02-05T18:28:57+00:00,,,
2439,techhackers1,https://t.me/techhackers1,Uko na coins? <PERSON>?,2024-02-05T18:28:26+00:00,,,
