id,Channel ID,URL,message,date,views,forwards,reactions
738,techhackers1,https://t.me/techhackers1,"✅ P*rnhub premium method leaked 

Fake usa number - click

Get fake usa details - click

Please give reactions on every post",2024-01-29T18:57:18+00:00,1549.0,10.0,
2322,techhackers1,https://t.me/techhackers1,Wueh 😂💔,2024-01-30T04:20:50+00:00,,,
2321,techhackers1,https://t.me/techhackers1,,2024-01-29T20:56:27+00:00,,,
2317,techhackers1,https://t.me/techhackers1,,2024-01-29T19:45:23+00:00,,,
2316,techhackers1,https://t.me/techhackers1,Nmeshindwa kuunda a US number,2024-01-29T19:44:05+00:00,,,
2313,techhackers1,https://t.me/techhackers1,,2024-01-29T19:31:18+00:00,,,
