id,Channel ID,URL,message,date,views,forwards,reactions
693,techhackers1,https://t.me/techhackers1,tufike <PERSON> connect,2023-12-22T09:59:33+00:00,1324.0,,
2062,techhackers1,https://t.me/techhackers1,"My guyz msikue desperate, huyu <PERSON>, akae nayo🚮, <PERSON>😂🏌‍♂.",2023-12-22T11:52:25+00:00,,,👍: 1
2061,techhackers1,https://t.me/techhackers1,Leta test,2023-12-22T11:36:50+00:00,,,
2058,techhackers1,https://t.me/techhackers1,<PERSON> ataongeza <PERSON>,2023-12-22T11:25:31+00:00,,,
2057,techhackers1,https://t.me/techhackers1,We leta bana unataka watu wajae wasnitch,2023-12-22T11:05:35+00:00,,,
2055,techhackers1,https://t.me/techhackers1,<PERSON> unaoshana 😂😂,2023-12-22T10:02:58+00:00,,,
2054,techhackers1,https://t.me/techhackers1,<PERSON> net,2023-12-22T10:02:43+00:00,,,
