id,Channel ID,URL,message,date,views,forwards,reactions
758,techhackers1,https://t.me/techhackers1,Airtel users drop reaction niwape file,2024-02-05T16:49:38+00:00,820.0,,"👍: 24, 😢: 5, 🙏: 2"
2438,techhackers1,https://t.me/techhackers1,<PERSON>,2024-02-05T18:28:04+00:00,,,
2437,techhackers1,https://t.me/techhackers1,😂lete net,2024-02-05T18:27:44+00:00,,,
2436,techhackers1,https://t.me/techhackers1,😂😂😂,2024-02-05T18:26:31+00:00,,,
2421,techhackers1,https://t.me/techhackers1,,2024-02-05T17:24:54+00:00,,,
2420,techhackers1,https://t.me/techhackers1,mazee 😂,2024-02-05T17:18:36+00:00,,,
2419,techhackers1,https://t.me/techhackers1,move with the few.....<PERSON> 😂😂😂,2024-02-05T17:17:42+00:00,,,
2418,techhackers1,https://t.me/techhackers1,<PERSON> reaction <PERSON>,2024-02-05T17:16:51+00:00,,,
2416,techhackers1,https://t.me/techhackers1,<PERSON> 😢,2024-02-05T17:07:57+00:00,,,
2412,techhackers1,https://t.me/techhackers1,You will surfer <DATE_TIME>,2024-02-05T16:55:01+00:00,,,
2411,techhackers1,https://t.me/techhackers1,😂😂,2024-02-05T16:54:21+00:00,,,
2410,techhackers1,https://t.me/techhackers1,Mteseki 😂😂😂,2024-02-05T16:53:47+00:00,,,
2408,techhackers1,https://t.me/techhackers1,<PERSON>,2024-02-05T16:51:39+00:00,,,
2407,techhackers1,https://t.me/techhackers1,Sasa <PERSON> 😂😂😂,2024-02-05T16:50:44+00:00,,,
