id,Channel ID,URL,message,date,views,forwards,reactions
743,techhackers1,https://t.me/techhackers1,"Play store Trick New 

Get many apps subscription

without any money loss 
This trick get following apps trials 

Screen Recorder 
TRUECALLER
PSIPHONE PRO
Microsoft office
Tempmail
<PERSON>Nord vpn
Hma vpn
Express VPN
Snapchat 
Crunchyroll
YouTube 

And many more apps available in Play Store enjoy this trick",2024-02-01T05:57:18+00:00,720.0,6.0,👍: 1
2358,techhackers1,https://t.me/techhackers1,Inaezabuy game tokens?,2024-02-03T17:10:44+00:00,,,
2345,techhackers1,https://t.me/techhackers1,yes please,2024-02-02T09:33:58+00:00,,,
2339,techhackers1,https://t.me/techhackers1,Logins?,2024-02-01T19:59:52+00:00,,,
2338,techhackers1,https://t.me/techhackers1,I need nord vpn,2024-02-01T19:35:51+00:00,,,
