id,Channel ID,URL,message,date,views,forwards,reactions
3285,anime_ety,https://t.me/anime_ety,<DATE_TIME>,2024-03-01T18:18:40+00:00,3164376.0,165.0,"👍: 907, 🔥: 179, 🫡: 176, 🆒: 143, ❤: 98, 🤩: 67, 👏: 62, 😇: 61"
1523157,anime_ety,https://t.me/anime_ety,Start,2024-03-31T22:50:02+00:00,,,
1523155,anime_ety,https://t.me/anime_ety,Start,2024-03-31T22:49:50+00:00,,,
1506679,anime_ety,https://t.me/anime_ety,<PERSON> training arc movie ..... English dub ?,2024-03-31T12:06:06+00:00,,,
1503082,anime_ety,https://t.me/anime_ety,H,2024-03-31T09:52:36+00:00,,,
1496122,anime_ety,https://t.me/anime_ety,<PERSON> kill,2024-03-31T04:05:31+00:00,,,
1495963,anime_ety,https://t.me/anime_ety,They haven't uploaded that yet,2024-03-31T03:58:19+00:00,,,
1495952,anime_ety,https://t.me/anime_ety,<PERSON>,2024-03-31T03:57:40+00:00,,,
1495948,anime_ety,https://t.me/anime_ety,ninja <PERSON>,2024-03-31T03:57:30+00:00,,,
1495797,anime_ety,https://t.me/anime_ety,Do you guys have anime posting link?,2024-03-31T03:48:57+00:00,,,
1476387,anime_ety,https://t.me/anime_ety,<PERSON>,2024-03-30T11:41:20+00:00,,,
1475466,anime_ety,https://t.me/anime_ety,5 centimetres per second ??,2024-03-30T11:02:56+00:00,,,
1467585,anime_ety,https://t.me/anime_ety,Hi guys,2024-03-30T05:18:20+00:00,,,
1467582,anime_ety,https://t.me/anime_ety,Hi guy,2024-03-30T05:18:17+00:00,,,
1455070,anime_ety,https://t.me/anime_ety,<PERSON>,2024-03-29T16:49:09+00:00,,,
1455062,anime_ety,https://t.me/anime_ety,Finally cooler aagya,2024-03-29T16:48:40+00:00,,,
1455060,anime_ety,https://t.me/anime_ety,Yep,2024-03-29T16:48:36+00:00,,,
1455047,anime_ety,https://t.me/anime_ety,<PERSON> bhi ukta sidha msg aaya,2024-03-29T16:48:04+00:00,,,
1455041,anime_ety,https://t.me/anime_ety,<PERSON> ?,2024-03-29T16:47:34+00:00,,,
1446862,anime_ety,https://t.me/anime_ety,<PERSON>,2024-03-29T10:58:37+00:00,,,
1446603,anime_ety,https://t.me/anime_ety,Release date,2024-03-29T10:47:20+00:00,,,
1436386,anime_ety,https://t.me/anime_ety,Chutiya ig,2024-03-28T23:53:31+00:00,,,
1420220,anime_ety,https://t.me/anime_ety,@Raj_Yeagerist,2024-03-28T09:30:52+00:00,,,
1417645,anime_ety,https://t.me/anime_ety,Do you have haikyuu dumpster battle,2024-03-28T07:13:31+00:00,,,
1415194,anime_ety,https://t.me/anime_ety,Couple of cuckoos s2,2024-03-28T04:53:00+00:00,,,
1401689,anime_ety,https://t.me/anime_ety,<PERSON>,2024-03-27T15:11:27+00:00,,,
1380900,anime_ety,https://t.me/anime_ety,Naruto shippuden,2024-03-26T23:35:25+00:00,,,
1380767,anime_ety,https://t.me/anime_ety,Who ru,2024-03-26T23:16:38+00:00,,,
1380761,anime_ety,https://t.me/anime_ety,Thank you for your fan commitments and dedications. I really appreciate <PERSON>,2024-03-26T23:15:23+00:00,,,
1377908,anime_ety,https://t.me/anime_ety,kung fu panda 4,2024-03-26T19:52:05+00:00,,,
1340490,anime_ety,https://t.me/anime_ety,Dead??,2024-03-25T13:43:51+00:00,,,
1283211,anime_ety,https://t.me/anime_ety,Solo leveling,2024-03-23T16:15:34+00:00,,,
1267452,anime_ety,https://t.me/anime_ety,Send,2024-03-23T06:14:28+00:00,,,
1267449,anime_ety,https://t.me/anime_ety,Solo Leveling,2024-03-23T06:14:19+00:00,,,
1229182,anime_ety,https://t.me/anime_ety,Demon slayer season 4,2024-03-22T00:29:36+00:00,,,
1229181,anime_ety,https://t.me/anime_ety,Bro,2024-03-22T00:29:27+00:00,,,
1228483,anime_ety,https://t.me/anime_ety,Lol 🤣,2024-03-21T23:27:38+00:00,,,
1228482,anime_ety,https://t.me/anime_ety,😂😂😂,2024-03-21T23:27:36+00:00,,,
1228475,anime_ety,https://t.me/anime_ety,😂😂.,2024-03-21T23:27:06+00:00,,,
1228473,anime_ety,https://t.me/anime_ety,😂😂,2024-03-21T23:27:01+00:00,,,
1228470,anime_ety,https://t.me/anime_ety,Fr,2024-03-21T23:26:51+00:00,,,
1228469,anime_ety,https://t.me/anime_ety,How to undo?,2024-03-21T23:26:46+00:00,,,
1228468,anime_ety,https://t.me/anime_ety,"Okay sir
Will ban the channel immediately",2024-03-21T23:26:42+00:00,,,
1228466,anime_ety,https://t.me/anime_ety,I didnt mean to,2024-03-21T23:26:35+00:00,,,
1228461,anime_ety,https://t.me/anime_ety,??,2024-03-21T23:26:25+00:00,,,
1226564,anime_ety,https://t.me/anime_ety,<PERSON> ofc,2024-03-21T21:23:44+00:00,,,
1226544,anime_ety,https://t.me/anime_ety,Do you have princess mononoke / <PERSON> ?,2024-03-21T21:23:07+00:00,,,
1186165,anime_ety,https://t.me/anime_ety,Bok,2024-03-20T10:25:00+00:00,,,
1186164,anime_ety,https://t.me/anime_ety,Hm,2024-03-20T10:24:57+00:00,,,
1186163,anime_ety,https://t.me/anime_ety,Hmm,2024-03-20T10:24:56+00:00,,,
1186162,anime_ety,https://t.me/anime_ety,Hello,2024-03-20T10:24:54+00:00,,,
1186154,anime_ety,https://t.me/anime_ety,How,2024-03-20T10:24:33+00:00,,,
1185597,anime_ety,https://t.me/anime_ety,Demon slayer,2024-03-20T09:48:35+00:00,,,
1184625,anime_ety,https://t.me/anime_ety,I don't know,2024-03-20T09:05:13+00:00,,,
1182968,anime_ety,https://t.me/anime_ety,New updated skuna vs mahoraga fight.,2024-03-20T08:06:30+00:00,,,
1181300,anime_ety,https://t.me/anime_ety,Means any anime series suggest for us,2024-03-20T07:02:23+00:00,,,
1180894,anime_ety,https://t.me/anime_ety,??,2024-03-20T06:27:21+00:00,,,
1175631,anime_ety,https://t.me/anime_ety,Any anime suggestion,2024-03-20T01:53:59+00:00,,,
1174972,anime_ety,https://t.me/anime_ety,<PERSON> kill <PERSON>,2024-03-20T00:58:50+00:00,,,
1157845,anime_ety,https://t.me/anime_ety,Hi is good,2024-03-19T11:54:24+00:00,,,
1157186,anime_ety,https://t.me/anime_ety,Info,2024-03-19T11:33:03+00:00,,,
1154575,anime_ety,https://t.me/anime_ety,<PERSON>,2024-03-19T09:55:20+00:00,,,
1152113,anime_ety,https://t.me/anime_ety,"Hello Friend 
Are you new in this group ?",2024-03-19T08:01:23+00:00,,,
1152098,anime_ety,https://t.me/anime_ety,Bro was <DATE_TIME> the ending of this channel ?,2024-03-19T08:00:34+00:00,,,
1140629,anime_ety,https://t.me/anime_ety,Yo,2024-03-18T23:17:47+00:00,,,
1140036,anime_ety,https://t.me/anime_ety,I can’t save the video on my phone,2024-03-18T21:41:08+00:00,,,
1140031,anime_ety,https://t.me/anime_ety,How do I watch the video on my iPhone,2024-03-18T21:40:56+00:00,,,
1136910,anime_ety,https://t.me/anime_ety,Lol 😂 group <PERSON> hi report <PERSON> 🤣🤣,2024-03-18T18:19:00+00:00,,,
1132324,anime_ety,https://t.me/anime_ety,/dmute 6h soja bhai,2024-03-18T15:53:38+00:00,,,
1132315,anime_ety,https://t.me/anime_ety,/report,2024-03-18T15:53:26+00:00,,,
1132302,anime_ety,https://t.me/anime_ety,/report,2024-03-18T15:53:09+00:00,,,
1132297,anime_ety,https://t.me/anime_ety,/report,2024-03-18T15:53:02+00:00,,,
1132292,anime_ety,https://t.me/anime_ety,/report,2024-03-18T15:52:52+00:00,,,
1132271,anime_ety,https://t.me/anime_ety,Telegram pe search <PERSON> na,2024-03-18T15:51:31+00:00,,,
1132266,anime_ety,https://t.me/anime_ety,<PERSON> of Wall Street link please,2024-03-18T15:51:18+00:00,,,
1104011,anime_ety,https://t.me/anime_ety,I found a small part from hashira training arc it is <DATE_TIME> stuff I think,2024-03-17T18:49:59+00:00,,,
1103989,anime_ety,https://t.me/anime_ety,Guys please tell <PERSON>,2024-03-17T18:49:14+00:00,,,
1103982,anime_ety,https://t.me/anime_ety,<PERSON>,2024-03-17T18:49:02+00:00,,,
1103977,anime_ety,https://t.me/anime_ety,<PERSON> tha,2024-03-17T18:48:45+00:00,,,
1103976,anime_ety,https://t.me/anime_ety,accha,2024-03-17T18:48:42+00:00,,,
1103973,anime_ety,https://t.me/anime_ety,😂,2024-03-17T18:48:38+00:00,,,
1103961,anime_ety,https://t.me/anime_ety,At xhamster,2024-03-17T18:48:12+00:00,,,
1103938,anime_ety,https://t.me/anime_ety,Bro where can I found demon slayer hashira training arc ?,2024-03-17T18:47:38+00:00,,,
1052978,anime_ety,https://t.me/anime_ety,JJK,2024-03-16T10:28:00+00:00,,,
1052976,anime_ety,https://t.me/anime_ety,Kkj,2024-03-16T10:27:55+00:00,,,
1051057,anime_ety,https://t.me/anime_ety,<PERSON> ya movi <PERSON> he kya ye <PERSON> he kuch masaj <PERSON> he,2024-03-16T09:31:35+00:00,,,
1045080,anime_ety,https://t.me/anime_ety,Demon slayer hasira training arc,2024-03-16T06:07:28+00:00,,,
1042074,anime_ety,https://t.me/anime_ety,Anyone provide South movie channal link,2024-03-16T04:45:02+00:00,,,
1034515,anime_ety,https://t.me/anime_ety,Hii,2024-03-15T22:06:24+00:00,,,
1026587,anime_ety,https://t.me/anime_ety,Bro's from different timeline,2024-03-15T16:35:44+00:00,,,
1022565,anime_ety,https://t.me/anime_ety,Aren't you thanu,2024-03-15T13:54:26+00:00,,,
1022557,anime_ety,https://t.me/anime_ety,Saying hello to whom ?☺️,2024-03-15T13:54:14+00:00,,,
1022555,anime_ety,https://t.me/anime_ety,"<PERSON> birthday <PERSON> ,😂",2024-03-15T13:54:13+00:00,,,
1022536,anime_ety,https://t.me/anime_ety,Hello... ☺,2024-03-15T13:53:43+00:00,,,
1022207,anime_ety,https://t.me/anime_ety,Ok,2024-03-15T13:43:47+00:00,,,
1022194,anime_ety,https://t.me/anime_ety,Brooo its <DATE_TIME>,2024-03-15T13:43:10+00:00,,,
1018766,anime_ety,https://t.me/anime_ety,drop ninja kumai pls,2024-03-15T11:07:08+00:00,,,
1017253,anime_ety,https://t.me/anime_ety,Hlo,2024-03-15T10:00:04+00:00,,,
1012422,anime_ety,https://t.me/anime_ety,nice,2024-03-15T05:30:55+00:00,,,
1005636,anime_ety,https://t.me/anime_ety,<PERSON> to <PERSON> to <PERSON> varna <PERSON> ayegnge,2024-03-14T19:45:37+00:00,,,
1004283,anime_ety,https://t.me/anime_ety,Link dedo <PERSON>,2024-03-14T18:32:53+00:00,,,
1003834,anime_ety,https://t.me/anime_ety,<PERSON> 😂,2024-03-14T18:10:10+00:00,,,
1003803,anime_ety,https://t.me/anime_ety,Jindagi jhand hai,2024-03-14T18:09:14+00:00,,,
1003800,anime_ety,https://t.me/anime_ety,Oo,2024-03-14T18:08:57+00:00,,,
1003792,anime_ety,https://t.me/anime_ety,Coffee bana Raha hun 😅 Job par <PERSON> <DATE_TIME> <PERSON>,2024-03-14T18:08:44+00:00,,,
1003781,anime_ety,https://t.me/anime_ety,Kkrh,2024-03-14T18:08:16+00:00,,,
1003779,anime_ety,https://t.me/anime_ety,Mast he,2024-03-14T18:08:10+00:00,,,
1003775,anime_ety,https://t.me/anime_ety,<PERSON> hai,2024-03-14T18:07:49+00:00,,,
1003647,anime_ety,https://t.me/anime_ety,5 centimeters par second iska liknk,2024-03-14T17:59:49+00:00,,,
1003612,anime_ety,https://t.me/anime_ety,<PERSON>,2024-03-14T17:58:10+00:00,,,
1003608,anime_ety,https://t.me/anime_ety,5 Centimeters per Second iska liknk??,2024-03-14T17:58:01+00:00,,,
1003605,anime_ety,https://t.me/anime_ety,<PERSON>,2024-03-14T17:57:47+00:00,,,
1003597,anime_ety,https://t.me/anime_ety,Tune <PERSON> name change <PERSON>,2024-03-14T17:57:26+00:00,,,
1003584,anime_ety,https://t.me/anime_ety,<PERSON> to happy <PERSON>,2024-03-14T17:56:45+00:00,,,
1003575,anime_ety,https://t.me/anime_ety,He he,2024-03-14T17:56:20+00:00,,,
1003567,anime_ety,https://t.me/anime_ety,Control bhai,2024-03-14T17:56:05+00:00,,,
1003563,anime_ety,https://t.me/anime_ety,,2024-03-14T17:55:52+00:00,,,
1003558,anime_ety,https://t.me/anime_ety,,2024-03-14T17:55:40+00:00,,,
1003527,anime_ety,https://t.me/anime_ety,Vibe with it bruh!!✌️✌️🙃🙃,2024-03-14T17:55:00+00:00,,,
1003503,anime_ety,https://t.me/anime_ety,"<PERSON>


But <PERSON> song aagaya",2024-03-14T17:54:24+00:00,,,
1003480,anime_ety,https://t.me/anime_ety,<PERSON>,2024-03-14T17:53:25+00:00,,,
1003472,anime_ety,https://t.me/anime_ety,Hmm,2024-03-14T17:52:51+00:00,,,
1003460,anime_ety,https://t.me/anime_ety,"Hmm , kuch logo <PERSON> bro",2024-03-14T17:52:10+00:00,,,
1003442,anime_ety,https://t.me/anime_ety,<PERSON> ending me ye <PERSON>,2024-03-14T17:50:57+00:00,,,
1003437,anime_ety,https://t.me/anime_ety,<PERSON> gya gc <PERSON> me drugs <PERSON> ho secret code <PERSON>,2024-03-14T17:50:43+00:00,,,
1003407,anime_ety,https://t.me/anime_ety,Hmm sad one,2024-03-14T17:48:47+00:00,,,
1003386,anime_ety,https://t.me/anime_ety,Bhai,2024-03-14T17:47:40+00:00,,,
1003380,anime_ety,https://t.me/anime_ety,Bolo,2024-03-14T17:47:35+00:00,,,
1003374,anime_ety,https://t.me/anime_ety,Love you <PERSON>,2024-03-14T17:47:26+00:00,,,
1003368,anime_ety,https://t.me/anime_ety,Please,2024-03-14T17:47:13+00:00,,,
1003367,anime_ety,https://t.me/anime_ety,Please,2024-03-14T17:47:08+00:00,,,
1003365,anime_ety,https://t.me/anime_ety,<PERSON>,2024-03-14T17:47:05+00:00,,,
1003361,anime_ety,https://t.me/anime_ety,<PERSON> sirr,2024-03-14T17:46:58+00:00,,,
1003356,anime_ety,https://t.me/anime_ety,Please,2024-03-14T17:46:49+00:00,,,
1003354,anime_ety,https://t.me/anime_ety,<NRP> spy x family <DATE_TIME> send me,2024-03-14T17:46:45+00:00,,,
1003333,anime_ety,https://t.me/anime_ety,5 centremeter per second please can you send me,2024-03-14T17:45:51+00:00,,,
1003330,anime_ety,https://t.me/anime_ety,Send bro,2024-03-14T17:45:46+00:00,,,
1003318,anime_ety,https://t.me/anime_ety,Ok,2024-03-14T17:45:16+00:00,,,
1003310,anime_ety,https://t.me/anime_ety,Please spy x family season 2 <PERSON>,2024-03-14T17:44:56+00:00,,,
989924,anime_ety,https://t.me/anime_ety,Mid,2024-03-14T10:11:38+00:00,,,
989920,anime_ety,https://t.me/anime_ety,Were to download,2024-03-14T10:11:32+00:00,,,
989915,anime_ety,https://t.me/anime_ety,<PERSON> movie,2024-03-14T10:11:23+00:00,,,
982555,anime_ety,https://t.me/anime_ety,One punch Man season 2,2024-03-14T06:12:11+00:00,,,
964815,anime_ety,https://t.me/anime_ety,Waah,2024-03-13T14:00:43+00:00,,,
964813,anime_ety,https://t.me/anime_ety,demon sailor in <NRP>,2024-03-13T14:00:29+00:00,,,
962969,anime_ety,https://t.me/anime_ety,Are u doing a video chat write now,2024-03-13T12:31:23+00:00,,,
962951,anime_ety,https://t.me/anime_ety,Watched it,2024-03-13T12:30:50+00:00,,,
962936,anime_ety,https://t.me/anime_ety,No game no life,2024-03-13T12:30:25+00:00,,,
962920,anime_ety,https://t.me/anime_ety,Only three of the anime I have not in all of the one you have mentioned,2024-03-13T12:29:52+00:00,,,
962868,anime_ety,https://t.me/anime_ety,,2024-03-13T12:27:42+00:00,,,
962866,anime_ety,https://t.me/anime_ety,Now tell me you've watched these all?,2024-03-13T12:27:33+00:00,,,
962845,anime_ety,https://t.me/anime_ety,"The faraway paladin
The aristocrat otherworldly
Overlord
The eminence in shadow
Am i actually the strongest
The rising of the shield hero
Mushoko tensei
Reincarnation as a slime
Kamikatsu
I got cheat skill in another world
Dead mount death play
The fruit of evolution
The reincarnation of the strongest exorcist
The world finest assiassin
Reborn to master the blade
Reincarnation as a sword
<PERSON>
My isekai life
Black summoner
Trap in a dating sim
How a realistic hero build a kingdom
<PERSON> and magic
Wiseman grand child
Spirit chronicles
So im a spider so what
<PERSON> no pico
Saga the <PERSON> of evil
Re zero
Combatant will be dispatched
Cautious hero
Konosuba
The familiar of zero
Isekai cheat magician
The 8th son are u kidding me
High school prodigies
Do u love ur mom and her two hit multi 
No game no life
Demon Lord retry 
How not to summon a demon Lord
Problem children are coming from another
Log horizon
The devil is a part timer
Sword art online
Death <DATE_TIME> to the parallel world",2024-03-13T12:26:29+00:00,,,
962835,anime_ety,https://t.me/anime_ety,I see💀,2024-03-13T12:26:00+00:00,,,
962825,anime_ety,https://t.me/anime_ety,Have not watched it 👍😀👌,2024-03-13T12:25:37+00:00,,,
962807,anime_ety,https://t.me/anime_ety,<PERSON> no pico,2024-03-13T12:24:54+00:00,,,
962800,anime_ety,https://t.me/anime_ety,<PERSON>,2024-03-13T12:24:40+00:00,,,
962797,anime_ety,https://t.me/anime_ety,"Tuskigakirei
Love chunibyo
Teasing master <PERSON> force
Deadmen wonderland
Another
Erased 😁😁",2024-03-13T12:24:29+00:00,,,
962787,anime_ety,https://t.me/anime_ety,Spirit chronicles,2024-03-13T12:23:51+00:00,,,
962783,anime_ety,https://t.me/anime_ety,I have watched it all,2024-03-13T12:23:31+00:00,,,
962773,anime_ety,https://t.me/anime_ety,Black summoner,2024-03-13T12:23:07+00:00,,,
962769,anime_ety,https://t.me/anime_ety,Mob Psycho 100,2024-03-13T12:22:57+00:00,,,
962767,anime_ety,https://t.me/anime_ety,Watched it,2024-03-13T12:22:51+00:00,,,
962754,anime_ety,https://t.me/anime_ety,<PERSON>,2024-03-13T12:22:19+00:00,,,
962749,anime_ety,https://t.me/anime_ety,Cautious hero,2024-03-13T12:21:55+00:00,,,
962748,anime_ety,https://t.me/anime_ety,Watched it,2024-03-13T12:21:55+00:00,,,
962743,anime_ety,https://t.me/anime_ety,Am I actually the strongest?,2024-03-13T12:21:38+00:00,,,
962738,anime_ety,https://t.me/anime_ety,Watched it,2024-03-13T12:21:18+00:00,,,
962735,anime_ety,https://t.me/anime_ety,Reincarnation of the strongest exorcist,2024-03-13T12:21:03+00:00,,,
962731,anime_ety,https://t.me/anime_ety,Boaring 😒,2024-03-13T12:20:45+00:00,,,
962715,anime_ety,https://t.me/anime_ety,Eminence in Shadows,2024-03-13T12:20:14+00:00,,,
962713,anime_ety,https://t.me/anime_ety,Watched it,2024-03-13T12:20:02+00:00,,,
962704,anime_ety,https://t.me/anime_ety,Misfit of the demon king academy,2024-03-13T12:19:31+00:00,,,
962677,anime_ety,https://t.me/anime_ety,Change another one (I want when the mc is overpowered),2024-03-13T12:18:30+00:00,,,
962653,anime_ety,https://t.me/anime_ety,It's a movie,2024-03-13T12:16:53+00:00,,,
962648,anime_ety,https://t.me/anime_ety,Ok let me go and check,2024-03-13T12:16:38+00:00,,,
962643,anime_ety,https://t.me/anime_ety,Grave of the fireflies,2024-03-13T12:16:04+00:00,,,
962635,anime_ety,https://t.me/anime_ety,As a begginer,2024-03-13T12:15:40+00:00,,,
962633,anime_ety,https://t.me/anime_ety,Which anime i should watch,2024-03-13T12:15:33+00:00,,,
961244,anime_ety,https://t.me/anime_ety,Hi guys hw u all doing,2024-03-13T10:57:12+00:00,,,
956550,anime_ety,https://t.me/anime_ety,Vsu,2024-03-13T05:48:21+00:00,,,
950825,anime_ety,https://t.me/anime_ety,YouTube main English dub main <PERSON>? Is it available in Hindi,2024-03-12T19:10:32+00:00,,,
950819,anime_ety,https://t.me/anime_ety,5 centimetres per second anime dhund nehi <PERSON> ho,2024-03-12T19:09:16+00:00,,,
937507,anime_ety,https://t.me/anime_ety,Hakar,2024-03-12T07:34:33+00:00,,,
937502,anime_ety,https://t.me/anime_ety,Hi,2024-03-12T07:34:20+00:00,,,
936741,anime_ety,https://t.me/anime_ety,Bro is desperate,2024-03-12T06:42:55+00:00,,,
936735,anime_ety,https://t.me/anime_ety,?,2024-03-12T06:42:22+00:00,,,
936722,anime_ety,https://t.me/anime_ety,Demon slayer hasira traning arc,2024-03-12T06:41:37+00:00,,,
936591,anime_ety,https://t.me/anime_ety,What,2024-03-12T06:34:36+00:00,,,
936587,anime_ety,https://t.me/anime_ety,Were to download,2024-03-12T06:34:17+00:00,,,
920019,anime_ety,https://t.me/anime_ety,Oppenheimer,2024-03-11T12:57:09+00:00,,,
920017,anime_ety,https://t.me/anime_ety,Pope,2024-03-11T12:57:03+00:00,,,
917323,anime_ety,https://t.me/anime_ety,Is there part 2 ??,2024-03-11T10:40:03+00:00,,,
915037,anime_ety,https://t.me/anime_ety,Someone knows about I wants to eat your pancreas part 2,2024-03-11T08:55:20+00:00,,,
886107,anime_ety,https://t.me/anime_ety,"Didto have a channel for <PERSON>, anime?",2024-03-10T06:26:33+00:00,,,
884944,anime_ety,https://t.me/anime_ety,Where can I get DEMON SLAYER latest episode camrip,2024-03-10T05:41:33+00:00,,,
877124,anime_ety,https://t.me/anime_ety,True,2024-03-09T21:41:56+00:00,,,
877119,anime_ety,https://t.me/anime_ety,And he will always be the super saiyan we will remember...,2024-03-09T21:41:43+00:00,,,
877109,anime_ety,https://t.me/anime_ety,<PERSON> is the reason why we watch these animes..,2024-03-09T21:41:16+00:00,,,
877100,anime_ety,https://t.me/anime_ety,,2024-03-09T21:40:45+00:00,,,
872161,anime_ety,https://t.me/anime_ety,<PERSON> long live the legend ❤️,2024-03-09T18:05:06+00:00,,,
869722,anime_ety,https://t.me/anime_ety,Use MX player,2024-03-09T16:53:20+00:00,,,
869613,anime_ety,https://t.me/anime_ety,"@Zeni_kunn
Boss is ki Help karo",2024-03-09T16:50:54+00:00,,,
862644,anime_ety,https://t.me/anime_ety,Are <PERSON> pa Rahu bot channel me can`t play likha <PERSON>,2024-03-09T12:47:29+00:00,,,
847673,anime_ety,https://t.me/anime_ety,If Naruto can look for you for 500 eps,2024-03-08T22:32:03+00:00,,,
847663,anime_ety,https://t.me/anime_ety,I will catch you sasuki,2024-03-08T22:30:38+00:00,,,
847655,anime_ety,https://t.me/anime_ety,<PERSON> season hashira arc,2024-03-08T22:29:23+00:00,,,
836552,anime_ety,https://t.me/anime_ety,Dragon ball author died,2024-03-08T15:25:24+00:00,,,
835563,anime_ety,https://t.me/anime_ety,Dragon ball creator died on <DATE_TIME>,2024-03-08T14:30:47+00:00,,,
830757,anime_ety,https://t.me/anime_ety,<PERSON>,2024-03-08T11:58:31+00:00,,,
830753,anime_ety,https://t.me/anime_ety,<PERSON>,2024-03-08T11:58:23+00:00,,,
830750,anime_ety,https://t.me/anime_ety,<PERSON>,2024-03-08T11:58:14+00:00,,,
830749,anime_ety,https://t.me/anime_ety,nhi,2024-03-08T11:58:11+00:00,,,
830745,anime_ety,https://t.me/anime_ety,Chale jaa,2024-03-08T11:58:03+00:00,,,
830740,anime_ety,https://t.me/anime_ety,"Aacha ji 
Once more",2024-03-08T11:57:54+00:00,,,
830734,anime_ety,https://t.me/anime_ety,nhi <PERSON>,2024-03-08T11:57:41+00:00,,,
830733,anime_ety,https://t.me/anime_ety,<PERSON>,2024-03-08T11:57:41+00:00,,,
830730,anime_ety,https://t.me/anime_ety,<PERSON> bje hi,2024-03-08T11:57:40+00:00,,,
830727,anime_ety,https://t.me/anime_ety,Chale jaao,2024-03-08T11:57:34+00:00,,,
830726,anime_ety,https://t.me/anime_ety,aagaya mee,2024-03-08T11:57:33+00:00,,,
830723,anime_ety,https://t.me/anime_ety,tughe beat karne,2024-03-08T11:57:27+00:00,,,
830720,anime_ety,https://t.me/anime_ety,<PERSON> lunch,2024-03-08T11:57:21+00:00,,,
830718,anime_ety,https://t.me/anime_ety,haa kaalaa,2024-03-08T11:57:17+00:00,,,
830713,anime_ety,https://t.me/anime_ety,<PERSON> aa gy,2024-03-08T11:57:10+00:00,,,
830710,anime_ety,https://t.me/anime_ety,<PERSON>,2024-03-08T11:57:03+00:00,,,
830707,anime_ety,https://t.me/anime_ety,(KAAALAA) dil,2024-03-08T11:56:59+00:00,,,
830695,anime_ety,https://t.me/anime_ety,"<PERSON> 
Already <PERSON>",2024-03-08T11:56:39+00:00,,,
830670,anime_ety,https://t.me/anime_ety,,2024-03-08T11:55:49+00:00,,,
830666,anime_ety,https://t.me/anime_ety,<PERSON> lunch <PERSON> bhai,2024-03-08T11:55:34+00:00,,,
830657,anime_ety,https://t.me/anime_ety,<PERSON>,2024-03-08T11:55:17+00:00,,,
830640,anime_ety,https://t.me/anime_ety,Kaise ho,2024-03-08T11:54:41+00:00,,,
830631,anime_ety,https://t.me/anime_ety,<PERSON>,2024-03-08T11:54:22+00:00,,,
830569,anime_ety,https://t.me/anime_ety,Hi,2024-03-08T11:52:11+00:00,,,
830546,anime_ety,https://t.me/anime_ety,Am waiting too bro good anime,2024-03-08T11:51:36+00:00,,,
829994,anime_ety,https://t.me/anime_ety,"Any update about full time magister
New season??",2024-03-08T11:30:21+00:00,,,
822687,anime_ety,https://t.me/anime_ety,Are Anime to upload hote rahenge,2024-03-08T06:54:13+00:00,,,
822433,anime_ety,https://t.me/anime_ety,Bhai 1 April ko bot <PERSON>,2024-03-08T06:44:05+00:00,,,
820173,anime_ety,https://t.me/anime_ety,😅😅,2024-03-08T04:19:25+00:00,,,
820130,anime_ety,https://t.me/anime_ety,Expression❌ Expretion✔️,2024-03-08T04:18:13+00:00,,,
820125,anime_ety,https://t.me/anime_ety,Expression**,2024-03-08T04:17:55+00:00,,,
820121,anime_ety,https://t.me/anime_ety,"Expression1-🫠
Expression2-😐
Expression3-😟
Expression4-😢
Expression5-😭😭",2024-03-08T04:17:43+00:00,,,
820100,anime_ety,https://t.me/anime_ety,it is true,2024-03-08T04:16:34+00:00,,,
820094,anime_ety,https://t.me/anime_ety,Ab dragon Ball nhi aayega,2024-03-08T04:16:20+00:00,,,
820093,anime_ety,https://t.me/anime_ety,ooh sad 😔,2024-03-08T04:16:19+00:00,,,
820091,anime_ety,https://t.me/anime_ety,Wait no freaking way,2024-03-08T04:16:15+00:00,,,
820087,anime_ety,https://t.me/anime_ety,;(,2024-03-08T04:16:04+00:00,,,
820081,anime_ety,https://t.me/anime_ety,What!!!!!,2024-03-08T04:15:46+00:00,,,
820072,anime_ety,https://t.me/anime_ety,"""Dragon Ball"" creator <PERSON> unfortunately passed away on <DATE_TIME> due acute subdural hematoma. He was <DATE_TIME> 

Rest in peace.",2024-03-08T04:15:22+00:00,,,
818915,anime_ety,https://t.me/anime_ety,"Hello Guys
I want to sell my 
3 telegram channel
With total 1600+ members
Only for 200 rs 
If anyone is interested
Contact me 
I will send you the channel link",2024-03-08T03:27:32+00:00,,,
817593,anime_ety,https://t.me/anime_ety,bunny girl senpai when?,2024-03-08T02:20:44+00:00,,,
814264,anime_ety,https://t.me/anime_ety,Me nanami,2024-03-07T19:43:04+00:00,,,
814262,anime_ety,https://t.me/anime_ety,<PERSON> don't reveal 💀,2024-03-07T19:43:00+00:00,,,
814258,anime_ety,https://t.me/anime_ety,Ha <PERSON>,2024-03-07T19:42:48+00:00,,,
814255,anime_ety,https://t.me/anime_ety,Huehue,2024-03-07T19:42:42+00:00,,,
814251,anime_ety,https://t.me/anime_ety,Yos yos so beautiful,2024-03-07T19:42:36+00:00,,,
814246,anime_ety,https://t.me/anime_ety,<PERSON> handsome boy <PERSON>,2024-03-07T19:42:21+00:00,,,
814240,anime_ety,https://t.me/anime_ety,,2024-03-07T19:42:08+00:00,,,
814237,anime_ety,https://t.me/anime_ety,Nah it's ok,2024-03-07T19:42:01+00:00,,,
814221,anime_ety,https://t.me/anime_ety,<PERSON> promote <PERSON> baby boy <PERSON> mat daal,2024-03-07T19:41:03+00:00,,,
814219,anime_ety,https://t.me/anime_ety,I don't want to say something that will offend my friendo,2024-03-07T19:40:57+00:00,,,
814198,anime_ety,https://t.me/anime_ety,Oh <PERSON>,2024-03-07T19:39:49+00:00,,,
814179,anime_ety,https://t.me/anime_ety,<PERSON> main hi report <PERSON>,2024-03-07T19:38:49+00:00,,,
814165,anime_ety,https://t.me/anime_ety,,2024-03-07T19:38:04+00:00,,,
814147,anime_ety,https://t.me/anime_ety,Or both are going in 💀,2024-03-07T19:37:16+00:00,,,
814124,anime_ety,https://t.me/anime_ety,💀,2024-03-07T19:36:32+00:00,,,
814121,anime_ety,https://t.me/anime_ety,😂😂😂😂 nhi ayega,2024-03-07T19:36:28+00:00,,,
814100,anime_ety,https://t.me/anime_ety,Redo of healer season 2???,2024-03-07T19:35:23+00:00,,,
809293,anime_ety,https://t.me/anime_ety,What?,2024-03-07T16:11:18+00:00,,,
793901,anime_ety,https://t.me/anime_ety,<DATE_TIME> ko Update hoga,2024-03-07T06:13:09+00:00,,,
793894,anime_ety,https://t.me/anime_ety,<DATE_TIME> hogya hai,2024-03-07T06:12:48+00:00,,,
791429,anime_ety,https://t.me/anime_ety,Ok,2024-03-07T03:39:53+00:00,,,
791427,anime_ety,https://t.me/anime_ety,Bleach 🥰😎,2024-03-07T03:39:04+00:00,,,
791426,anime_ety,https://t.me/anime_ety,Which one?,2024-03-07T03:38:53+00:00,,,
791425,anime_ety,https://t.me/anime_ety,Watching anime,2024-03-07T03:38:42+00:00,,,
791423,anime_ety,https://t.me/anime_ety,Where u goin?,2024-03-07T03:38:22+00:00,,,
791422,anime_ety,https://t.me/anime_ety,Ok bye frnd,2024-03-07T03:38:09+00:00,,,
791421,anime_ety,https://t.me/anime_ety,Yes,2024-03-07T03:38:06+00:00,,,
791420,anime_ety,https://t.me/anime_ety,Bro was sleeping for <DATE_TIME>,2024-03-07T03:37:22+00:00,,,
791419,anime_ety,https://t.me/anime_ety,I thought <DATE_TIME> chal rha thanks for the reminder,2024-03-07T03:36:21+00:00,,,
791400,anime_ety,https://t.me/anime_ety,<PERSON> suggestion??,2024-03-07T03:32:31+00:00,,,
778551,anime_ety,https://t.me/anime_ety,easy... don't,2024-03-06T14:36:02+00:00,,,
775323,anime_ety,https://t.me/anime_ety,Check out your dm,2024-03-06T12:23:07+00:00,,,
775322,anime_ety,https://t.me/anime_ety,Wait a second,2024-03-06T12:23:02+00:00,,,
775321,anime_ety,https://t.me/anime_ety,Bro how did u add music bot in calling <PERSON>,2024-03-06T12:22:57+00:00,,,
775316,anime_ety,https://t.me/anime_ety,I didn't post it,2024-03-06T12:22:52+00:00,,,
775313,anime_ety,https://t.me/anime_ety,I saw a post on <PERSON> it's good,2024-03-06T12:22:39+00:00,,,
775307,anime_ety,https://t.me/anime_ety,wow ...,2024-03-06T12:22:22+00:00,,,
775305,anime_ety,https://t.me/anime_ety,Bad,2024-03-06T12:22:19+00:00,,,
775300,anime_ety,https://t.me/anime_ety,🕊️,2024-03-06T12:22:13+00:00,,,
775298,anime_ety,https://t.me/anime_ety,I just saw it that why,2024-03-06T12:22:08+00:00,,,
775295,anime_ety,https://t.me/anime_ety,I mean editing,2024-03-06T12:22:04+00:00,,,
775292,anime_ety,https://t.me/anime_ety,12,2024-03-06T12:21:47+00:00,,,
775291,anime_ety,https://t.me/anime_ety,11🙂,2024-03-06T12:21:36+00:00,,,
775288,anime_ety,https://t.me/anime_ety,i still getting likes on this text 💀,2024-03-06T12:21:14+00:00,,,
771230,anime_ety,https://t.me/anime_ety,<NRP>,2024-03-06T09:32:35+00:00,,,
769946,anime_ety,https://t.me/anime_ety,you're my special,2024-03-06T08:20:30+00:00,,,
753798,anime_ety,https://t.me/anime_ety,Demon slayer hashira training arc kab aayega channel pe?😢,2024-03-05T16:03:22+00:00,,,
751999,anime_ety,https://t.me/anime_ety,<PERSON>,2024-03-05T15:02:13+00:00,,,
751968,anime_ety,https://t.me/anime_ety,🫡,2024-03-05T15:01:24+00:00,,,
751909,anime_ety,https://t.me/anime_ety,<PERSON> है,2024-03-05T14:59:53+00:00,,,
751898,anime_ety,https://t.me/anime_ety,Wbu berserk,2024-03-05T14:59:30+00:00,,,
751893,anime_ety,https://t.me/anime_ety,Already <PERSON>,2024-03-05T14:59:21+00:00,,,
751891,anime_ety,https://t.me/anime_ety,Overflow missing,2024-03-05T14:59:11+00:00,,,
751888,anime_ety,https://t.me/anime_ety,Wha,2024-03-05T14:58:58+00:00,,,
751886,anime_ety,https://t.me/anime_ety,"Series
Attack on titan
Shikimori not just a cutie
Chainsaw man
Death note
Pokemon
<PERSON>
Hyouka
Highschool dxd
Horimiya
<PERSON>
<DATE_TIME> time rendering
Detective is already dead
My stepmother daughter is my ex
My dress up darling
<PERSON> no <PERSON>
A couple of cuckoos
<PERSON>
Komi can't communicate 
Spy x Family
My Tiny senpai
The girl downstairs 
Zom 100
Rent a Girlfriend 
Redo of Healer 
The Testament of sister:New devil
Blade Dance of elementers
Golden Time
Darling in the Fraxx
Hybrid X Heart 
The kingdom of ruins
Highschool of dead
The Executioner and her way of life
Demon sword master of Excalibur academy
World's end har
The Eminence of shadow 
The rising of shield hero
Hundred (incomplete)
The Asterisk war
Sword art online
<PERSON> of the dawn
Lycoris recoil (incomplete)
Infinite Stratos
Trapped in a dating sim
Undefeated bahamut chronicles
Chivalry of failed knight
K-On
Hell's Paradise
Oregairu
My Cultivator Girlfriend
<PERSON> revenge
Classroom of Heroes 
Absolute duo
Charlotte
I'm quitting heroing
Re:Zero
Our last crusade or rise of new word
Princess lover
Is it wrong to pick up girl in dungeon
Daily life of <PERSON>
The misfit of demon king academy
Tada never falls in love
<PERSON> kill
Angel next door spoils me rotten
Tomo-chan is girl
100 girlfriends who really reall Love you 
I am standing on the million lives
The dangers in my heart
Dreaming boy is realist
<PERSON> sample
Osamaka
World's finest assassin gets reincarnated in a different world as <NRP> 
The hidden dungeon only I can enter
Noragami
Boarding school <PERSON> won't let me invisible
Akashic records of bastard magic instructor
Beast <PERSON>
The greatest demon lord is reborn as typical   nobody 
Fate/Stay night
The iceblade sorcerer shall rule the world
Beyond the boundary
Fuuka
Black summoner
Date a Live
Juuou mujin no fafnir
Actually,I am
In another world with smartphone
Bottom tier character tomozaki
More than a married couple but not lovers 
Farming life in another word
Am I actually the strongest 
Bottom tier character
Konosuba
<DATE_TIME> I became god
The kawai complex guide to manor
Myriad colour phantom world 
Your lie in <DATE_TIME> 
Liar Liar
The last summoner 
Banished from hero's party
Solo leveling 
Strongest sage with the weakest creast
Remake our life 
Spirit chronicles 
Love is hard for otaku 
Legendary hero is dead
I've somehow gotten stronger when I improved my farm related skill
My unique skill makes me op even at level one
I got cheat skill
The berserk of gluttony 
Oresuki
Chained soldier
<PERSON>
The foolish angel dances with devil
My next lif as villainess all routes lead to doom
My most heretical last boss queen:from villainess to savior
Miraculous
Lookism
World break:<PERSON> of curse for a holy swordswan
<NRP> empire
Kaguya-sama
Nisekoi
Galaxy next door 





Movies 

Your Name
Weathering with you
5 cm per sec
Garden of world
Josee ,the tiger and fish
Silent voice
Into forest of Fireflies
Hello world
Relative world
A whisker away
I want eat your pancreas
Bubble
Suzume
The rebirth of <PERSON> love Story 
The tunnel to summer exit of goodbyes
To Every you I have loved before 
To me The one who loved you
I have always like you
Summer Ghost
Over the sky 
<PERSON> 0
Demon Slayer:Mugen train
Fireworks 
The Flavours of Youth
<DATE_TIME> 7 wars
Crystal sky of <DATE_TIME> 
Twilight
Aura 
Fate/Stay night: heaven's feel
Danmachi:the movie arrow of orio
Miraculous Ladybug &Catnoir : The movie",2024-03-05T14:58:54+00:00,,,
751872,anime_ety,https://t.me/anime_ety,"MY AMINE LIST❤
Naruto
jujitsu kaisen
Tokyo revengers
zom 100
classroom of elite
death note
solo leaving
hero classroom
summoned to another world for second time
the <DATE_TIME> life of immortal king
the misfit of demon king academy
the devil is a part timer! 
haikyuu!! 
dragon ball
Boruto
The Eminence in Shadow
lookism
link click
Golden times
hormiya
the girl I like forgot her glasses
the girl downstairs
the angel next door spoils me rotten
not a lovers but more than a married couple
the girl and her <PERSON> dog
Your name
<PERSON> Tunnel to <DATE_TIME>, The Exit Of Goodbyes
josee the tiger and Fish
tamako love story
5 cm per second 
weathering with you
slient voice
I want to eat your pancreas",2024-03-05T14:58:35+00:00,,,
750188,anime_ety,https://t.me/anime_ety,I do,2024-03-05T13:38:39+00:00,,,
748106,anime_ety,https://t.me/anime_ety,"Does any one need crunchroll
(<NRP> only)",2024-03-05T12:24:31+00:00,,,
742223,anime_ety,https://t.me/anime_ety,-1001279517958,2024-03-05T07:02:42+00:00,,,
739383,anime_ety,https://t.me/anime_ety,Bot not working,2024-03-05T04:23:37+00:00,,,
731062,anime_ety,https://t.me/anime_ety,Black clover 171 episodes,2024-03-04T17:37:06+00:00,,,
729602,anime_ety,https://t.me/anime_ety,Everything is over now,2024-03-04T16:08:22+00:00,,,
729595,anime_ety,https://t.me/anime_ety,Can u resend index because some message do not exist,2024-03-04T16:08:04+00:00,,,
727599,anime_ety,https://t.me/anime_ety,<PERSON> 💩💩😃,2024-03-04T14:35:49+00:00,,,
727586,anime_ety,https://t.me/anime_ety,<PERSON> aur us <PERSON> daalke up <PERSON> 😂😂😂,2024-03-04T14:35:16+00:00,,,
723310,anime_ety,https://t.me/anime_ety,"@Zeni_kunn
Hey bro what happened with those bot channels why don't play any video",2024-03-04T10:54:33+00:00,,,
723290,anime_ety,https://t.me/anime_ety,It's not in ety,2024-03-04T10:53:09+00:00,,,
723284,anime_ety,https://t.me/anime_ety,What happened with bot why,2024-03-04T10:52:56+00:00,,,
723276,anime_ety,https://t.me/anime_ety,"Fate/Grand Order - Absolute Demonic Front: Babylonia

Please share this anime",2024-03-04T10:52:21+00:00,,,
722317,anime_ety,https://t.me/anime_ety,Its a quiz completition of SL,2024-03-04T09:44:07+00:00,,,
722315,anime_ety,https://t.me/anime_ety,Oh. Don't know what's that,2024-03-04T09:43:55+00:00,,,
722310,anime_ety,https://t.me/anime_ety,<DATE_TIME>,2024-03-04T09:43:01+00:00,,,
722307,anime_ety,https://t.me/anime_ety,Anything special?,2024-03-04T09:42:46+00:00,,,
722302,anime_ety,https://t.me/anime_ety,All 6 channels have 5he same msg,2024-03-04T09:42:40+00:00,,,
722300,anime_ety,https://t.me/anime_ety,<DATE_TIME>?,2024-03-04T09:42:28+00:00,,,
722298,anime_ety,https://t.me/anime_ety,What is this,2024-03-04T09:42:20+00:00,,,
721230,anime_ety,https://t.me/anime_ety,...?,2024-03-04T08:25:25+00:00,,,
720194,anime_ety,https://t.me/anime_ety,It's a trap,2024-03-04T06:22:50+00:00,,,
717166,anime_ety,https://t.me/anime_ety,Of the girl i like forgot her glasses,2024-03-04T00:17:40+00:00,,,
717165,anime_ety,https://t.me/anime_ety,So when is season two going to be out,2024-03-04T00:16:43+00:00,,,
712544,anime_ety,https://t.me/anime_ety,<DATE_TIME> 🔥🔥,2024-03-03T17:55:00+00:00,,,
712046,anime_ety,https://t.me/anime_ety,"ETY anime some link not working
Ex - domestic girlfriend 
Or please anime with all languages like hind , english or japnese or etc many .are in sub",2024-03-03T17:21:15+00:00,,,
709566,anime_ety,https://t.me/anime_ety,ok gotta watch it,2024-03-03T15:12:40+00:00,,,
709560,anime_ety,https://t.me/anime_ety,<PERSON> handsome <PERSON>,2024-03-03T15:12:27+00:00,,,
709555,anime_ety,https://t.me/anime_ety,It's damn fire,2024-03-03T15:12:18+00:00,,,
709550,anime_ety,https://t.me/anime_ety,is it good,2024-03-03T15:12:07+00:00,,,
709541,anime_ety,https://t.me/anime_ety,<PERSON>,2024-03-03T15:11:54+00:00,,,
707539,anime_ety,https://t.me/anime_ety,Who is ??,2024-03-03T13:31:31+00:00,,,
705156,anime_ety,https://t.me/anime_ety,<PERSON>😂,2024-03-03T10:58:58+00:00,,,
704833,anime_ety,https://t.me/anime_ety,How to get the episodes of <PERSON>,2024-03-03T10:35:18+00:00,,,
700957,anime_ety,https://t.me/anime_ety,Kisko hi <PERSON> date daalne se <PERSON> ☠️👍🏿,2024-03-03T07:03:27+00:00,,,
700608,anime_ety,https://t.me/anime_ety,Yo bro,2024-03-03T06:45:00+00:00,,,
699062,anime_ety,https://t.me/anime_ety,Detective <PERSON> ep 1115 and 1116,2024-03-03T05:29:10+00:00,,,
697419,anime_ety,https://t.me/anime_ety,,2024-03-03T04:03:11+00:00,,,
693865,anime_ety,https://t.me/anime_ety,Uff😂😂,2024-03-02T20:37:28+00:00,,,
693730,anime_ety,https://t.me/anime_ety,<PERSON> college main <PERSON>,2024-03-02T20:31:31+00:00,,,
692969,anime_ety,https://t.me/anime_ety,Uff🥲,2024-03-02T19:45:27+00:00,,,
692930,anime_ety,https://t.me/anime_ety,,2024-03-02T19:42:36+00:00,,,
692921,anime_ety,https://t.me/anime_ety,,2024-03-02T19:41:53+00:00,,,
692915,anime_ety,https://t.me/anime_ety,,2024-03-02T19:41:31+00:00,,,
692912,anime_ety,https://t.me/anime_ety,,2024-03-02T19:41:09+00:00,,,
692907,anime_ety,https://t.me/anime_ety,<PERSON> birth se pala he kya ya fir <PERSON>,2024-03-02T19:40:49+00:00,,,
692905,anime_ety,https://t.me/anime_ety,Hmm,2024-03-02T19:40:45+00:00,,,
692904,anime_ety,https://t.me/anime_ety,<PERSON>,2024-03-02T19:40:40+00:00,,,
692903,anime_ety,https://t.me/anime_ety,,2024-03-02T19:40:31+00:00,,,
692902,anime_ety,https://t.me/anime_ety,Accha,2024-03-02T19:40:31+00:00,,,
692900,anime_ety,https://t.me/anime_ety,Very much 🤧,2024-03-02T19:40:17+00:00,,,
692899,anime_ety,https://t.me/anime_ety,,2024-03-02T19:40:15+00:00,,,
692893,anime_ety,https://t.me/anime_ety,,2024-03-02T19:39:54+00:00,,,
692888,anime_ety,https://t.me/anime_ety,<PERSON> he,2024-03-02T19:39:42+00:00,,,
692881,anime_ety,https://t.me/anime_ety,Qti🥺,2024-03-02T19:39:20+00:00,,,
692873,anime_ety,https://t.me/anime_ety,<PERSON>,2024-03-02T19:38:57+00:00,,,
692872,anime_ety,https://t.me/anime_ety,,2024-03-02T19:38:56+00:00,,,
692869,anime_ety,https://t.me/anime_ety,,2024-03-02T19:38:42+00:00,,,
692860,anime_ety,https://t.me/anime_ety,Wo cat tumhari he🥺,2024-03-02T19:38:17+00:00,,,
692859,anime_ety,https://t.me/anime_ety,<PERSON> on,2024-03-02T19:38:17+00:00,,,
692856,anime_ety,https://t.me/anime_ety,<PERSON>,2024-03-02T19:38:12+00:00,,,
692847,anime_ety,https://t.me/anime_ety,<PERSON>,2024-03-02T19:38:01+00:00,,,
692841,anime_ety,https://t.me/anime_ety,Off hai?,2024-03-02T19:37:41+00:00,,,
692836,anime_ety,https://t.me/anime_ety,*sticker,2024-03-02T19:37:20+00:00,,,
692835,anime_ety,https://t.me/anime_ety,Hmm hehehe,2024-03-02T19:37:19+00:00,,,
692821,anime_ety,https://t.me/anime_ety,Accha,2024-03-02T19:36:39+00:00,,,
692807,anime_ety,https://t.me/anime_ety,<PERSON> reports <PERSON>,2024-03-02T19:36:08+00:00,,,
692806,anime_ety,https://t.me/anime_ety,<PERSON> uthta <PERSON> classes <PERSON> se <PERSON> padhta hai,2024-03-02T19:36:05+00:00,,,
692803,anime_ety,https://t.me/anime_ety,Hehe😁🤣,2024-03-02T19:36:01+00:00,,,
692801,anime_ety,https://t.me/anime_ety,Mute karke 😂,2024-03-02T19:35:52+00:00,,,
692800,anime_ety,https://t.me/anime_ety,<PERSON> entry aise hi hoti,2024-03-02T19:35:50+00:00,,,
692793,anime_ety,https://t.me/anime_ety,Prasad,2024-03-02T19:35:31+00:00,,,
692789,anime_ety,https://t.me/anime_ety,😂<NRP>,2024-03-02T19:35:30+00:00,,,
692784,anime_ety,https://t.me/anime_ety,<PERSON> <DATE_TIME>,2024-03-02T19:35:18+00:00,,,
692783,anime_ety,https://t.me/anime_ety,<PERSON>??,2024-03-02T19:35:13+00:00,,,
692782,anime_ety,https://t.me/anime_ety,,2024-03-02T19:35:12+00:00,,,
692778,anime_ety,https://t.me/anime_ety,<PERSON>😂,2024-03-02T19:35:05+00:00,,,
692776,anime_ety,https://t.me/anime_ety,<PERSON> wali😎😎✨️,2024-03-02T19:35:02+00:00,,,
692775,anime_ety,https://t.me/anime_ety,<PERSON>😂,2024-03-02T19:34:59+00:00,,,
692769,anime_ety,https://t.me/anime_ety,Sab good night bolke fhirse kyu wapis <PERSON>,2024-03-02T19:34:50+00:00,,,
692757,anime_ety,https://t.me/anime_ety,To koi <NRP> nhi <PERSON>,2024-03-02T19:34:09+00:00,,,
692749,anime_ety,https://t.me/anime_ety,Hn,2024-03-02T19:33:55+00:00,,,
692748,anime_ety,https://t.me/anime_ety,"☠️. , <PERSON> entry",2024-03-02T19:33:54+00:00,,,
692745,anime_ety,https://t.me/anime_ety,"Noice
<PERSON>?",2024-03-02T19:33:47+00:00,,,
692738,anime_ety,https://t.me/anime_ety,/dmute 48h,2024-03-02T19:33:32+00:00,,,
692735,anime_ety,https://t.me/anime_ety,🥺🥺okienokie shhhhhh,2024-03-02T19:33:31+00:00,,,
692679,anime_ety,https://t.me/anime_ety,<PERSON> sabko scheme bata de,2024-03-02T19:31:24+00:00,,,
692676,anime_ety,https://t.me/anime_ety,😂😂patanjali ki eye drops😂🤣🤣🤣,2024-03-02T19:31:10+00:00,,,
692668,anime_ety,https://t.me/anime_ety,Are🥲💀,2024-03-02T19:30:53+00:00,,,
692663,anime_ety,https://t.me/anime_ety,🥹🥹muje <PERSON> naaa kya leak <PERSON>,2024-03-02T19:30:42+00:00,,,
692651,anime_ety,https://t.me/anime_ety,<PERSON>,2024-03-02T19:30:04+00:00,,,
692640,anime_ety,https://t.me/anime_ety,Are <PERSON>,2024-03-02T19:29:24+00:00,,,
692633,anime_ety,https://t.me/anime_ety,<NRP> ik u kardo😂😂,2024-03-02T19:29:06+00:00,,,
692625,anime_ety,https://t.me/anime_ety,<PERSON> dunga,2024-03-02T19:28:49+00:00,,,
692620,anime_ety,https://t.me/anime_ety,Kardo😂🤣🤣🤣,2024-03-02T19:28:39+00:00,,,
692618,anime_ety,https://t.me/anime_ety,Opp tha boht😂😂😂,2024-03-02T19:28:31+00:00,,,
692613,anime_ety,https://t.me/anime_ety,👍🏻,2024-03-02T19:28:19+00:00,,,
692605,anime_ety,https://t.me/anime_ety,"Yea
Friendship 🤝",2024-03-02T19:28:07+00:00,,,
692599,anime_ety,https://t.me/anime_ety,"U changed name but , I recognised u",2024-03-02T19:27:52+00:00,,,
692593,anime_ety,https://t.me/anime_ety,<PERSON>,2024-03-02T19:27:36+00:00,,,
692589,anime_ety,https://t.me/anime_ety,Your dialogue,2024-03-02T19:27:28+00:00,,,
692578,anime_ety,https://t.me/anime_ety,Noice,2024-03-02T19:27:08+00:00,,,
692571,anime_ety,https://t.me/anime_ety,Yah some important works,2024-03-02T19:26:59+00:00,,,
692563,anime_ety,https://t.me/anime_ety,Long time no see,2024-03-02T19:26:44+00:00,,,
692559,anime_ety,https://t.me/anime_ety,Yo,2024-03-02T19:26:35+00:00,,,
692555,anime_ety,https://t.me/anime_ety,Hay rishikesh,2024-03-02T19:26:26+00:00,,,
692549,anime_ety,https://t.me/anime_ety,Waise main tumhari photo leak <PERSON>,2024-03-02T19:25:56+00:00,,,
692541,anime_ety,https://t.me/anime_ety,Ha ruko,2024-03-02T19:25:30+00:00,,,
692533,anime_ety,https://t.me/anime_ety,<PERSON> dm kardo,2024-03-02T19:25:15+00:00,,,
692526,anime_ety,https://t.me/anime_ety,<PERSON>,2024-03-02T19:24:57+00:00,,,
692518,anime_ety,https://t.me/anime_ety,<PERSON> facts <PERSON>,2024-03-02T19:24:46+00:00,,,
692460,anime_ety,https://t.me/anime_ety,<PERSON> mast h,2024-03-02T19:22:19+00:00,,,
692454,anime_ety,https://t.me/anime_ety,<PERSON> stickers,2024-03-02T19:22:06+00:00,,,
692446,anime_ety,https://t.me/anime_ety,Stickers off h warna eak mast <PERSON> wo <PERSON>🤣,2024-03-02T19:21:43+00:00,,,
692443,anime_ety,https://t.me/anime_ety,Okiee,2024-03-02T19:21:36+00:00,,,
692436,anime_ety,https://t.me/anime_ety,Justice for crow emoji🗿,2024-03-02T19:21:22+00:00,,,
692430,anime_ety,https://t.me/anime_ety,Fr,2024-03-02T19:21:11+00:00,,,
692425,anime_ety,https://t.me/anime_ety,Koi nhi meh <PERSON> line chori nhi karungi🥹,2024-03-02T19:21:05+00:00,,,
692424,anime_ety,https://t.me/anime_ety,<PERSON>,2024-03-02T19:21:00+00:00,,,
692414,anime_ety,https://t.me/anime_ety,<PERSON> photo rakhta hai side main alag he <PERSON>🫠,2024-03-02T19:20:27+00:00,,,
692413,anime_ety,https://t.me/anime_ety,<PERSON>,2024-03-02T19:20:24+00:00,,,
692402,anime_ety,https://t.me/anime_ety,Accha hmmm <PERSON>,2024-03-02T19:20:00+00:00,,,
692391,anime_ety,https://t.me/anime_ety,🤡,2024-03-02T19:19:34+00:00,,,
692380,anime_ety,https://t.me/anime_ety,🤣ye <PERSON>🤣,2024-03-02T19:19:12+00:00,,,
692368,anime_ety,https://t.me/anime_ety,"<PERSON> <NRP>
Or sabko",2024-03-02T19:18:57+00:00,,,
692365,anime_ety,https://t.me/anime_ety,50-50😂😂,2024-03-02T19:18:49+00:00,,,
692356,anime_ety,https://t.me/anime_ety,😂but <PERSON> line boli ab muje nhi pata tha 🗿but <PERSON>,2024-03-02T19:18:36+00:00,,,
692341,anime_ety,https://t.me/anime_ety,Oke ye <PERSON>,2024-03-02T19:18:11+00:00,,,
692337,anime_ety,https://t.me/anime_ety,Y you want u become <PERSON> when ur better then one🤣🗿,2024-03-02T19:17:57+00:00,,,
692330,anime_ety,https://t.me/anime_ety,<NRP> <PERSON> only one peace <PERSON>,2024-03-02T19:17:41+00:00,,,
692316,anime_ety,https://t.me/anime_ety,🗿<PERSON> hojaeigi🥹,2024-03-02T19:17:06+00:00,,,
692306,anime_ety,https://t.me/anime_ety,🙌👌,2024-03-02T19:16:47+00:00,,,
692300,anime_ety,https://t.me/anime_ety,<PERSON> try <PERSON>?🗿,2024-03-02T19:16:34+00:00,,,
692299,anime_ety,https://t.me/anime_ety,<PERSON> usse galti <PERSON>,2024-03-02T19:16:31+00:00,,,
692291,anime_ety,https://t.me/anime_ety,<PERSON><PERSON>,2024-03-02T19:16:04+00:00,,,
692260,anime_ety,https://t.me/anime_ety,"But here getting banned by asking girls their photo...... greatly making your parent proud....





No hate",2024-03-02T19:14:13+00:00,,,
692259,anime_ety,https://t.me/anime_ety,By giving advice to other <PERSON>,2024-03-02T19:13:54+00:00,,,
692209,anime_ety,https://t.me/anime_ety,I'll give you respect...want??,2024-03-02T19:11:02+00:00,,,
692196,anime_ety,https://t.me/anime_ety,Don't do this unnecessarily,2024-03-02T19:10:36+00:00,,,
692169,anime_ety,https://t.me/anime_ety,Don't do this unnecessarily,2024-03-02T19:09:57+00:00,,,
691437,anime_ety,https://t.me/anime_ety,Hello,2024-03-02T18:40:08+00:00,,,
691132,anime_ety,https://t.me/anime_ety,/report,2024-03-02T18:29:21+00:00,,,
690960,anime_ety,https://t.me/anime_ety,Hlo,2024-03-02T18:23:06+00:00,,,
690268,anime_ety,https://t.me/anime_ety,Tera ghanta,2024-03-02T17:59:37+00:00,,,
690226,anime_ety,https://t.me/anime_ety,<PERSON>,2024-03-02T17:58:32+00:00,,,
690204,anime_ety,https://t.me/anime_ety,/report,2024-03-02T17:58:13+00:00,,,
690200,anime_ety,https://t.me/anime_ety,Same to you 😌,2024-03-02T17:58:10+00:00,,,
690190,anime_ety,https://t.me/anime_ety,/report,2024-03-02T17:58:00+00:00,,,
690184,anime_ety,https://t.me/anime_ety,Same to you 😊,2024-03-02T17:57:56+00:00,,,
690181,anime_ety,https://t.me/anime_ety,Madarchodo,2024-03-02T17:57:48+00:00,,,
690173,anime_ety,https://t.me/anime_ety,<PERSON>,2024-03-02T17:57:42+00:00,,,
690166,anime_ety,https://t.me/anime_ety,Saare goo khaalo,2024-03-02T17:57:30+00:00,,,
690141,anime_ety,https://t.me/anime_ety,💩,2024-03-02T17:56:42+00:00,,,
690137,anime_ety,https://t.me/anime_ety,🤬🤬🤬🤬🤬,2024-03-02T17:56:27+00:00,,,
686833,anime_ety,https://t.me/anime_ety,Those are real holidays,2024-03-02T16:09:02+00:00,,,
686812,anime_ety,https://t.me/anime_ety,"<DATE_TIME>'s holidays include Asiatic Fleet Memorial Day, Beer Day (Iceland), Dress in Blue Day, Employee Appreciation Day, National <PERSON> That's <DATE_TIME>, National Day of Unplugging, National Fruit Compote Day, National Horse Protection Day, National Peanut Butter Lover's Day, and National Pig Day.",2024-03-02T16:08:40+00:00,,,
686771,anime_ety,https://t.me/anime_ety,It happened on <DATE_TIME>,2024-03-02T16:07:04+00:00,,,
686764,anime_ety,https://t.me/anime_ety,"I ain't kidding
Google it if you don't believe me",2024-03-02T16:06:24+00:00,,,
686755,anime_ety,https://t.me/anime_ety,,2024-03-02T16:05:58+00:00,,,
686748,anime_ety,https://t.me/anime_ety,<NRP>,2024-03-02T16:05:36+00:00,,,
686735,anime_ety,https://t.me/anime_ety,DM nhi hoo raa,2024-03-02T16:04:49+00:00,,,
686731,anime_ety,https://t.me/anime_ety,?,2024-03-02T16:04:45+00:00,,,
686728,anime_ety,https://t.me/anime_ety,<PERSON> in Korea happened on <DATE_TIME>,2024-03-02T16:04:30+00:00,,,
686719,anime_ety,https://t.me/anime_ety,Dm,2024-03-02T16:03:37+00:00,,,
686716,anime_ety,https://t.me/anime_ety,Dm,2024-03-02T16:03:33+00:00,,,
686709,anime_ety,https://t.me/anime_ety,Dm,2024-03-02T16:03:24+00:00,,,
686704,anime_ety,https://t.me/anime_ety,Dm,2024-03-02T16:03:18+00:00,,,
686701,anime_ety,https://t.me/anime_ety,Dm,2024-03-02T16:03:09+00:00,,,
686218,anime_ety,https://t.me/anime_ety,Masturbation national day,2024-03-02T15:45:59+00:00,,,
685857,anime_ety,https://t.me/anime_ety,Demon slayer hashira training arc,2024-03-02T15:32:49+00:00,,,
682556,anime_ety,https://t.me/anime_ety,One punch man season 3,2024-03-02T13:22:30+00:00,,,
682459,anime_ety,https://t.me/anime_ety,Anyone know Tokyo revenge <DATE_TIME> English dub realis date,2024-03-02T13:19:09+00:00,,,
682393,anime_ety,https://t.me/anime_ety,Hi guys,2024-03-02T13:17:30+00:00,,,
680540,anime_ety,https://t.me/anime_ety,That could be,2024-03-02T11:53:56+00:00,,,
680440,anime_ety,https://t.me/anime_ety,What's on 1 march,2024-03-02T11:49:55+00:00,,,
680420,anime_ety,https://t.me/anime_ety,Quizz,2024-03-02T11:49:15+00:00,,,
680374,anime_ety,https://t.me/anime_ety,<PERSON> movie?,2024-03-02T11:47:05+00:00,,,
680360,anime_ety,https://t.me/anime_ety,Komi Season3?,2024-03-02T11:46:29+00:00,,,
679934,anime_ety,https://t.me/anime_ety,Slayer*,2024-03-02T11:27:50+00:00,,,
678924,anime_ety,https://t.me/anime_ety,Ok,2024-03-02T10:39:09+00:00,,,
678822,anime_ety,https://t.me/anime_ety,<PERSON> or demons layer new movie ?,2024-03-02T10:33:37+00:00,,,
678788,anime_ety,https://t.me/anime_ety,Communication,2024-03-02T10:30:39+00:00,,,
678715,anime_ety,https://t.me/anime_ety,Why ?,2024-03-02T10:27:08+00:00,,,
678683,anime_ety,https://t.me/anime_ety,Am everywhere,2024-03-02T10:26:05+00:00,,,
678669,anime_ety,https://t.me/anime_ety,You here too ?,2024-03-02T10:25:25+00:00,,,
678663,anime_ety,https://t.me/anime_ety,Movie Kab aygii,2024-03-02T10:25:16+00:00,,,
678588,anime_ety,https://t.me/anime_ety,<PERSON>,2024-03-02T10:21:51+00:00,,,
678545,anime_ety,https://t.me/anime_ety,Bro one punch man season 3 kab aayega,2024-03-02T10:19:59+00:00,,,
678287,anime_ety,https://t.me/anime_ety,Where can I download hashira training movie,2024-03-02T10:04:50+00:00,,,
678236,anime_ety,https://t.me/anime_ety,One piece Episode 1096,2024-03-02T10:03:11+00:00,,,
677579,anime_ety,https://t.me/anime_ety,MHA S7 Return 🔥🔥,2024-03-02T09:43:23+00:00,,,
676750,anime_ety,https://t.me/anime_ety,<PERSON> season 2 episode 1?🙏,2024-03-02T09:15:26+00:00,,,
676142,anime_ety,https://t.me/anime_ety,Something Something,2024-03-02T08:46:49+00:00,,,
674598,anime_ety,https://t.me/anime_ety,What's wrong ?,2024-03-02T07:35:25+00:00,,,
674379,anime_ety,https://t.me/anime_ety,What's happening here? Why was this Channel forwarded? Any certain reasons?,2024-03-02T07:26:29+00:00,,,
674301,anime_ety,https://t.me/anime_ety,Dungeon,2024-03-02T07:16:07+00:00,,,
674133,anime_ety,https://t.me/anime_ety,Bro cartoon <PERSON> bro,2024-03-02T06:58:41+00:00,,,
674110,anime_ety,https://t.me/anime_ety,What is this?,2024-03-02T06:56:34+00:00,,,
673457,anime_ety,https://t.me/anime_ety,💀 wise man once said - 'with great powers comes great responsibility '.,2024-03-02T06:02:12+00:00,,,
673287,anime_ety,https://t.me/anime_ety,Okayy,2024-03-02T05:45:20+00:00,,,
673282,anime_ety,https://t.me/anime_ety,"Sorry bro 
We don't do promotion here 
U have to get permission by admins first",2024-03-02T05:45:01+00:00,,,
673278,anime_ety,https://t.me/anime_ety,Overload season 4 <PERSON>,2024-03-02T05:44:36+00:00,,,
673272,anime_ety,https://t.me/anime_ety,<PERSON>,2024-03-02T05:44:01+00:00,,,
673270,anime_ety,https://t.me/anime_ety,@AceFire404 for channel link,2024-03-02T05:43:50+00:00,,,
673267,anime_ety,https://t.me/anime_ety,Hey guys doing crunchyroll giveaway at <DATE_TIME> if the channel reached 150 subscribers so add your friends now!!,2024-03-02T05:43:22+00:00,,,
672945,anime_ety,https://t.me/anime_ety,,2024-03-02T05:14:56+00:00,,,
672877,anime_ety,https://t.me/anime_ety,"Online kese petna hai? 
Demo do bhai",2024-03-02T05:10:33+00:00,,,
672283,anime_ety,https://t.me/anime_ety,,2024-03-02T04:43:08+00:00,,,
672281,anime_ety,https://t.me/anime_ety,Use wise words,2024-03-02T04:43:03+00:00,,,
672277,anime_ety,https://t.me/anime_ety,Finally admin (that motherfucker learn to see dates on calendar),2024-03-02T04:42:51+00:00,,,
672080,anime_ety,https://t.me/anime_ety,Yes,2024-03-02T04:27:28+00:00,,,
672027,anime_ety,https://t.me/anime_ety,Okay,2024-03-02T04:23:36+00:00,,,
672025,anime_ety,https://t.me/anime_ety,Quiz,2024-03-02T04:23:28+00:00,,,
672021,anime_ety,https://t.me/anime_ety,<PERSON>?,2024-03-02T04:23:15+00:00,,,
671964,anime_ety,https://t.me/anime_ety,GC <PERSON> wo <PERSON>,2024-03-02T04:20:13+00:00,,,
671960,anime_ety,https://t.me/anime_ety,<PERSON> hai,2024-03-02T04:19:52+00:00,,,
671951,anime_ety,https://t.me/anime_ety,@Vinsmoke_sanjiiiiii ye <PERSON> bro,2024-03-02T04:19:31+00:00,,,
671950,anime_ety,https://t.me/anime_ety,,2024-03-02T04:19:29+00:00,,,
671891,anime_ety,https://t.me/anime_ety,<PERSON> he bolu tujhe GC por <PERSON> log 😂,2024-03-02T04:15:17+00:00,,,
671884,anime_ety,https://t.me/anime_ety,Tu padh rha <PERSON>,2024-03-02T04:15:02+00:00,,,
671849,anime_ety,https://t.me/anime_ety,What,2024-03-02T04:13:41+00:00,,,
671708,anime_ety,https://t.me/anime_ety,Yhwach is most strongest Character. ..,2024-03-02T04:02:55+00:00,,,
671698,anime_ety,https://t.me/anime_ety,Hm shyd..,2024-03-02T04:02:00+00:00,,,
671696,anime_ety,https://t.me/anime_ety,,2024-03-02T04:01:53+00:00,,,
671691,anime_ety,https://t.me/anime_ety,<PERSON> 😲,2024-03-02T04:01:34+00:00,,,
671686,anime_ety,https://t.me/anime_ety,I know bro who is,2024-03-02T04:01:22+00:00,,,
671676,anime_ety,https://t.me/anime_ety,<PERSON> new episode ayegai,2024-03-02T04:00:44+00:00,,,
671510,anime_ety,https://t.me/anime_ety,,2024-03-02T03:50:47+00:00,,,
671508,anime_ety,https://t.me/anime_ety,,2024-03-02T03:50:44+00:00,,,
671505,anime_ety,https://t.me/anime_ety,,2024-03-02T03:50:35+00:00,,,
671412,anime_ety,https://t.me/anime_ety,,2024-03-02T03:44:34+00:00,,,
671385,anime_ety,https://t.me/anime_ety,Happy birthday,2024-03-02T03:43:11+00:00,,,
671095,anime_ety,https://t.me/anime_ety,Koi ispe <PERSON> discussion,2024-03-02T03:24:46+00:00,,,
671093,anime_ety,https://t.me/anime_ety,Season 4 <PERSON>,2024-03-02T03:24:35+00:00,,,
670874,anime_ety,https://t.me/anime_ety,Thankyou <PERSON>,2024-03-02T03:09:08+00:00,,,
670870,anime_ety,https://t.me/anime_ety,oh belated wishes bro,2024-03-02T03:08:34+00:00,,,
670863,anime_ety,https://t.me/anime_ety,Happy birthday,2024-03-02T03:08:16+00:00,,,
670862,anime_ety,https://t.me/anime_ety,Thanks for reminder,2024-03-02T03:08:12+00:00,,,
670859,anime_ety,https://t.me/anime_ety,It was my birthday,2024-03-02T03:07:56+00:00,,,
670853,anime_ety,https://t.me/anime_ety,,2024-03-02T03:07:34+00:00,,,
670851,anime_ety,https://t.me/anime_ety,<PERSON>,2024-03-02T03:07:30+00:00,,,
670842,anime_ety,https://t.me/anime_ety,,2024-03-02T03:06:58+00:00,,,
670826,anime_ety,https://t.me/anime_ety,,2024-03-02T03:06:07+00:00,,,
670786,anime_ety,https://t.me/anime_ety,,2024-03-02T03:03:04+00:00,,,
670729,anime_ety,https://t.me/anime_ety,Opm s3 announced 🥳🥳🥳,2024-03-02T02:56:54+00:00,,,
670358,anime_ety,https://t.me/anime_ety,,2024-03-02T02:31:39+00:00,,,
670351,anime_ety,https://t.me/anime_ety,To,2024-03-02T02:31:10+00:00,,,
670344,anime_ety,https://t.me/anime_ety,"It's not <DATE_TIME>, fool:-)",2024-03-02T02:30:37+00:00,,,
670028,anime_ety,https://t.me/anime_ety,,2024-03-02T02:11:27+00:00,,,
669824,anime_ety,https://t.me/anime_ety,<PERSON>,2024-03-02T01:58:46+00:00,,,
669795,anime_ety,https://t.me/anime_ety,,2024-03-02T01:56:29+00:00,,,
669782,anime_ety,https://t.me/anime_ety,<NRP>,2024-03-02T01:52:34+00:00,,,
669774,anime_ety,https://t.me/anime_ety,,2024-03-02T01:44:41+00:00,,,
669773,anime_ety,https://t.me/anime_ety,,2024-03-02T01:44:17+00:00,,,
669771,anime_ety,https://t.me/anime_ety,Or still ongoing??,2024-03-02T01:43:10+00:00,,,
669769,anime_ety,https://t.me/anime_ety,Is manga ended?,2024-03-02T01:42:58+00:00,,,
669768,anime_ety,https://t.me/anime_ety,Are you reading manga of bleech ?,2024-03-02T01:42:47+00:00,,,
669765,anime_ety,https://t.me/anime_ety,Yep,2024-03-02T01:42:10+00:00,,,
669764,anime_ety,https://t.me/anime_ety,Yeah i know that much,2024-03-02T01:42:05+00:00,,,
669763,anime_ety,https://t.me/anime_ety,FR,2024-03-02T01:42:00+00:00,,,
669762,anime_ety,https://t.me/anime_ety,No way bro .. fr ?,2024-03-02T01:41:53+00:00,,,
669761,anime_ety,https://t.me/anime_ety,"Earth 
Hueco mundo
Soul society",2024-03-02T01:41:50+00:00,,,
669760,anime_ety,https://t.me/anime_ety,He don't need a bankai his spiritual pressure is enough to wipe all of the 3 world's,2024-03-02T01:41:26+00:00,,,
669759,anime_ety,https://t.me/anime_ety,Ayo ? <PERSON>,2024-03-02T01:41:22+00:00,,,
669755,anime_ety,https://t.me/anime_ety,"He doesn't have one 
One can defeat him",2024-03-02T01:40:54+00:00,,,
669752,anime_ety,https://t.me/anime_ety,And who else can solo him . I guess no one ?? <PERSON>... And how's his bankai 😀,2024-03-02T01:40:31+00:00,,,
669743,anime_ety,https://t.me/anime_ety,Yep,2024-03-02T01:39:39+00:00,,,
669739,anime_ety,https://t.me/anime_ety,Then he is the most strongest person in the bleach 👀. Tell me <PERSON>,2024-03-02T01:39:17+00:00,,,
669737,anime_ety,https://t.me/anime_ety,,2024-03-02T01:38:29+00:00,,,
669736,anime_ety,https://t.me/anime_ety,,2024-03-02T01:38:28+00:00,,,
669734,anime_ety,https://t.me/anime_ety,<PERSON> to wo <PERSON>. <PERSON> dubbed Dekh <PERSON> na <PERSON>,2024-03-02T01:37:37+00:00,,,
669733,anime_ety,https://t.me/anime_ety,Yep,2024-03-02T01:37:31+00:00,,,
669732,anime_ety,https://t.me/anime_ety,"Well
The prime version of the soul king made the verse 
He stays in security because the royal guards planned an suprise attack and spilt him up",2024-03-02T01:37:25+00:00,,,
669731,anime_ety,https://t.me/anime_ety,<PERSON>. The person who live in soooooo much security? At that time when icigo go to make his new weapon?,2024-03-02T01:36:18+00:00,,,
669717,anime_ety,https://t.me/anime_ety,"It's the soul king
The creator of the bleach verse",2024-03-02T01:34:21+00:00,,,
669714,anime_ety,https://t.me/anime_ety,Who's that on person on profile sir of you don't mind 🥸,2024-03-02T01:34:03+00:00,,,
669706,anime_ety,https://t.me/anime_ety,Better,2024-03-02T01:33:26+00:00,,,
669704,anime_ety,https://t.me/anime_ety,Change kardiya sir,2024-03-02T01:33:14+00:00,,,
669697,anime_ety,https://t.me/anime_ety,😂,2024-03-02T01:32:44+00:00,,,
669694,anime_ety,https://t.me/anime_ety,Delete it,2024-03-02T01:32:19+00:00,,,
669690,anime_ety,https://t.me/anime_ety,What the heck is on <DATE_TIME>,2024-03-02T01:32:00+00:00,,,
669583,anime_ety,https://t.me/anime_ety,Bro flexing his calendar knowledge,2024-03-02T01:20:14+00:00,,,
669567,anime_ety,https://t.me/anime_ety,That's bad,2024-03-02T01:03:56+00:00,,,
669562,anime_ety,https://t.me/anime_ety,I think it's discontinued,2024-03-02T01:00:35+00:00,,,
669513,anime_ety,https://t.me/anime_ety,I'm also asking if it's out,2024-03-02T00:11:55+00:00,,,
669468,anime_ety,https://t.me/anime_ety,Kya scene?,2024-03-01T23:50:24+00:00,,,
669330,anime_ety,https://t.me/anime_ety,Out?,2024-03-01T22:59:06+00:00,,,
668725,anime_ety,https://t.me/anime_ety,Ippo season <DATE_TIME>,2024-03-01T21:49:09+00:00,,,
668702,anime_ety,https://t.me/anime_ety,,2024-03-01T21:47:07+00:00,,,
668693,anime_ety,https://t.me/anime_ety,Anyone,2024-03-01T21:46:07+00:00,,,
668495,anime_ety,https://t.me/anime_ety,<PERSON>,2024-03-01T20:51:35+00:00,,,
668348,anime_ety,https://t.me/anime_ety,I thinks <NRP> <PERSON> because Japan <DATE_TIME> change <PERSON> I am not sure,2024-03-01T20:36:41+00:00,,,
668314,anime_ety,https://t.me/anime_ety,Byee,2024-03-01T20:33:16+00:00,,,
668310,anime_ety,https://t.me/anime_ety,Hello,2024-03-01T20:33:04+00:00,,,
668281,anime_ety,https://t.me/anime_ety,Guys kiske pass <PERSON> season 5 ka link ya fir channel <PERSON>,2024-03-01T20:30:28+00:00,,,
668234,anime_ety,https://t.me/anime_ety,Hahaha,2024-03-01T20:25:02+00:00,,,
668231,anime_ety,https://t.me/anime_ety,Hahahaha 😂,2024-03-01T20:24:48+00:00,,,
667947,anime_ety,https://t.me/anime_ety,<DATE_TIME>👁️☝🏻👁️,2024-03-01T19:49:13+00:00,,,
667765,anime_ety,https://t.me/anime_ety,Something there,2024-03-01T19:32:22+00:00,,,
667582,anime_ety,https://t.me/anime_ety,Promotion nothing else,2024-03-01T19:20:26+00:00,,,
667575,anime_ety,https://t.me/anime_ety,uploading to every sinle channel,2024-03-01T19:20:08+00:00,,,
667568,anime_ety,https://t.me/anime_ety,bro what is this nonsense,2024-03-01T19:19:59+00:00,,,
667447,anime_ety,https://t.me/anime_ety,nope mai 12th pai mera 4 <PERSON>,2024-03-01T19:13:42+00:00,,,
667432,anime_ety,https://t.me/anime_ety,☠️☠️,2024-03-01T19:13:01+00:00,,,
667260,anime_ety,https://t.me/anime_ety,Netflix la live action iruku bro nalla irukum,2024-03-01T19:01:57+00:00,,,
667194,anime_ety,https://t.me/anime_ety,Go and watch live action it is.good,2024-03-01T18:58:49+00:00,,,
667146,anime_ety,https://t.me/anime_ety,Board exams ig,2024-03-01T18:56:37+00:00,,,
667061,anime_ety,https://t.me/anime_ety,???,2024-03-01T18:53:09+00:00,,,
667051,anime_ety,https://t.me/anime_ety,What exam,2024-03-01T18:52:50+00:00,,,
667047,anime_ety,https://t.me/anime_ety,S,2024-03-01T18:52:44+00:00,,,
667040,anime_ety,https://t.me/anime_ety,Dont u have exams,2024-03-01T18:52:38+00:00,,,
667025,anime_ety,https://t.me/anime_ety,Bro,2024-03-01T18:52:21+00:00,,,
667012,anime_ety,https://t.me/anime_ety,😱<PERSON>,2024-03-01T18:51:48+00:00,,,
667008,anime_ety,https://t.me/anime_ety,the avatar last <PERSON> all episodes <PERSON> bro,2024-03-01T18:51:39+00:00,,,
666969,anime_ety,https://t.me/anime_ety,Source???,2024-03-01T18:50:08+00:00,,,
666960,anime_ety,https://t.me/anime_ety,,2024-03-01T18:49:30+00:00,,,
666950,anime_ety,https://t.me/anime_ety,i think it's in <DATE_TIME>,2024-03-01T18:49:11+00:00,,,
666944,anime_ety,https://t.me/anime_ety,Pis,2024-03-01T18:48:45+00:00,,,
666938,anime_ety,https://t.me/anime_ety,Ye,2024-03-01T18:48:27+00:00,,,
666930,anime_ety,https://t.me/anime_ety,What a draag,2024-03-01T18:48:14+00:00,,,
666927,anime_ety,https://t.me/anime_ety,Demon slayer when did HD release please anyone tell us 😔,2024-03-01T18:48:10+00:00,,,
666924,anime_ety,https://t.me/anime_ety,Later,2024-03-01T18:48:04+00:00,,,
666922,anime_ety,https://t.me/anime_ety,What about demon slayer,2024-03-01T18:47:56+00:00,,,
666903,anime_ety,https://t.me/anime_ety,Huh,2024-03-01T18:47:08+00:00,,,
666902,anime_ety,https://t.me/anime_ety,One punch man,2024-03-01T18:47:07+00:00,,,
666898,anime_ety,https://t.me/anime_ety,About Solo Leveling,2024-03-01T18:47:02+00:00,,,
666890,anime_ety,https://t.me/anime_ety,What kind of quiz,2024-03-01T18:46:46+00:00,,,
666877,anime_ety,https://t.me/anime_ety,Quiz,2024-03-01T18:46:01+00:00,,,
666876,anime_ety,https://t.me/anime_ety,Hah 😈😈😈,2024-03-01T18:45:55+00:00,,,
666875,anime_ety,https://t.me/anime_ety,<DATE_TIME> what is it,2024-03-01T18:45:50+00:00,,,
666832,anime_ety,https://t.me/anime_ety,Hahahaha,2024-03-01T18:43:12+00:00,,,
666795,anime_ety,https://t.me/anime_ety,Tururururururu <PERSON>,2024-03-01T18:40:59+00:00,,,
666792,anime_ety,https://t.me/anime_ety,Who let bro cook💀💀,2024-03-01T18:40:55+00:00,,,
666784,anime_ety,https://t.me/anime_ety,Like that's how rarely I heard the word pe in my schl.... So rare that i literally forgot what it means,2024-03-01T18:40:35+00:00,,,
666776,anime_ety,https://t.me/anime_ety,"Nah bro maybe  Admin lost his virginity <DATE_TIME>,🤧👻",2024-03-01T18:40:14+00:00,,,
666744,anime_ety,https://t.me/anime_ety,Yes sir,2024-03-01T18:39:03+00:00,,,
666738,anime_ety,https://t.me/anime_ety,Political Economics,2024-03-01T18:38:52+00:00,,,
666734,anime_ety,https://t.me/anime_ety,What else could it mean porn education?😂,2024-03-01T18:38:44+00:00,,,
666722,anime_ety,https://t.me/anime_ety,CA's just beyond my league brother 💀 i cant just lock myself to study <DATE_TIME> just hoping to pass,2024-03-01T18:38:16+00:00,,,
666691,anime_ety,https://t.me/anime_ety,I wasn't sure whether PE actually meant physical education 💀,2024-03-01T18:37:04+00:00,,,
666690,anime_ety,https://t.me/anime_ety,Tomodachi game s2 when??anyone knows??,2024-03-01T18:37:04+00:00,,,
666685,anime_ety,https://t.me/anime_ety,,2024-03-01T18:36:49+00:00,,,
666659,anime_ety,https://t.me/anime_ety,CA🔥,2024-03-01T18:35:53+00:00,,,
666658,anime_ety,https://t.me/anime_ety,<DATE_TIME>,2024-03-01T18:35:51+00:00,,,
666657,anime_ety,https://t.me/anime_ety,Fuck man you really took the time to explain pe but you used the initials,2024-03-01T18:35:49+00:00,,,
666652,anime_ety,https://t.me/anime_ety,Bhaiyon koi <PERSON> is <DATE_TIME> ka....pls😔😭,2024-03-01T18:35:41+00:00,,,
666648,anime_ety,https://t.me/anime_ety,Bro what about <PERSON>,2024-03-01T18:35:36+00:00,,,
666640,anime_ety,https://t.me/anime_ety,So apparently 🧐 World is gonna end now,2024-03-01T18:35:24+00:00,,,
666621,anime_ety,https://t.me/anime_ety,Nah..... Accountancy bro.... My schl never had this PE(physical education)exam,2024-03-01T18:34:30+00:00,,,
666604,anime_ety,https://t.me/anime_ety,<PERSON>,2024-03-01T18:33:45+00:00,,,
666597,anime_ety,https://t.me/anime_ety,No Dragon ball daima,2024-03-01T18:33:33+00:00,,,
666594,anime_ety,https://t.me/anime_ety,Sapne dekh,2024-03-01T18:33:29+00:00,,,
666592,anime_ety,https://t.me/anime_ety,<PERSON> training of demon slayer download???,2024-03-01T18:33:24+00:00,,,
666588,anime_ety,https://t.me/anime_ety,👍🏻,2024-03-01T18:33:18+00:00,,,
666580,anime_ety,https://t.me/anime_ety,Dragon ball super s2 ???,2024-03-01T18:32:53+00:00,,,
666563,anime_ety,https://t.me/anime_ety,Can't help it,2024-03-01T18:32:14+00:00,,,
666562,anime_ety,https://t.me/anime_ety,For me it's on the 11th of march bro.... That's like my final exam,2024-03-01T18:32:11+00:00,,,
666557,anime_ety,https://t.me/anime_ety,"Me too, please dub version though",2024-03-01T18:32:04+00:00,,,
666554,anime_ety,https://t.me/anime_ety,What happened,2024-03-01T18:31:56+00:00,,,
666552,anime_ety,https://t.me/anime_ety,<PERSON>,2024-03-01T18:31:54+00:00,,,
666550,anime_ety,https://t.me/anime_ety,Can anyone tell me how to download hashira training of demon slayer,2024-03-01T18:31:48+00:00,,,
666538,anime_ety,https://t.me/anime_ety,I guess Solo leveling episode will come on <DATE_TIME> that's why,2024-03-01T18:31:22+00:00,,,
666537,anime_ety,https://t.me/anime_ety,Arre🤧 <PERSON>,2024-03-01T18:31:18+00:00,,,
666535,anime_ety,https://t.me/anime_ety,Happy anime day everyone,2024-03-01T18:31:17+00:00,,,
666534,anime_ety,https://t.me/anime_ety,<PERSON> sapne dekh,2024-03-01T18:31:15+00:00,,,
666533,anime_ety,https://t.me/anime_ety,Ab so <PERSON>,2024-03-01T18:31:11+00:00,,,
666530,anime_ety,https://t.me/anime_ety,Abe 2 March hogaya,2024-03-01T18:31:06+00:00,,,
666528,anime_ety,https://t.me/anime_ety,I,2024-03-01T18:30:56+00:00,,,
666527,anime_ety,https://t.me/anime_ety,Bha,2024-03-01T18:30:55+00:00,,,
666522,anime_ety,https://t.me/anime_ety,<PERSON> soja,2024-03-01T18:30:47+00:00,,,
666517,anime_ety,https://t.me/anime_ety,<PERSON>,2024-03-01T18:30:36+00:00,,,
666512,anime_ety,https://t.me/anime_ety,Anyway to download hashira training arc,2024-03-01T18:30:27+00:00,,,
666508,anime_ety,https://t.me/anime_ety,<PERSON>,2024-03-01T18:30:20+00:00,,,
666507,anime_ety,https://t.me/anime_ety,"Bro when will manga channel start again, pls upload dokumushi I can't find the complete series anyware!",2024-03-01T18:30:19+00:00,,,
666506,anime_ety,https://t.me/anime_ety,Its cuz u are new in this grp😛 cant do anything bout it,2024-03-01T18:30:17+00:00,,,
666505,anime_ety,https://t.me/anime_ety,Happy brother day,2024-03-01T18:30:16+00:00,,,
666503,anime_ety,https://t.me/anime_ety,Happy new year 🎊,2024-03-01T18:30:12+00:00,,,
666499,anime_ety,https://t.me/anime_ety,Dragon ball Daima is soon knocking on the door,2024-03-01T18:30:07+00:00,,,
666496,anime_ety,https://t.me/anime_ety,Boards 4th March,2024-03-01T18:30:01+00:00,,,
666492,anime_ety,https://t.me/anime_ety,Like what's so special?,2024-03-01T18:29:56+00:00,,,
666491,anime_ety,https://t.me/anime_ety,Nah....it's one punch man s3 update,2024-03-01T18:29:51+00:00,,,
666485,anime_ety,https://t.me/anime_ety,Happy birthday brother,2024-03-01T18:29:44+00:00,,,
666483,anime_ety,https://t.me/anime_ety,<DATE_TIME> is <DATE_TIME> right??,2024-03-01T18:29:43+00:00,,,
666482,anime_ety,https://t.me/anime_ety,Still don't get it🤧,2024-03-01T18:29:42+00:00,,,
666481,anime_ety,https://t.me/anime_ety,That's what am asking you,2024-03-01T18:29:40+00:00,,,
666480,anime_ety,https://t.me/anime_ety,Ur pfp is a spoiler,2024-03-01T18:29:39+00:00,,,
666474,anime_ety,https://t.me/anime_ety,<PERSON>,2024-03-01T18:29:24+00:00,,,
666472,anime_ety,https://t.me/anime_ety,From where,2024-03-01T18:29:22+00:00,,,
666471,anime_ety,https://t.me/anime_ety,It's time,2024-03-01T18:29:21+00:00,,,
666468,anime_ety,https://t.me/anime_ety,"Its a special day and every anime fan isnt prepared for <DATE_TIME> and it is <PERSON>

U understand now",2024-03-01T18:29:13+00:00,,,
666465,anime_ety,https://t.me/anime_ety,If its the birthday wishes for my side,2024-03-01T18:29:09+00:00,,,
666463,anime_ety,https://t.me/anime_ety,What,2024-03-01T18:29:08+00:00,,,
666461,anime_ety,https://t.me/anime_ety,<PERSON> moves,2024-03-01T18:29:04+00:00,,,
666460,anime_ety,https://t.me/anime_ety,Saitama 🤟,2024-03-01T18:29:02+00:00,,,
666458,anime_ety,https://t.me/anime_ety,Movie,2024-03-01T18:29:01+00:00,,,
666457,anime_ety,https://t.me/anime_ety,I need to download demon slayer hashira training arc,2024-03-01T18:28:58+00:00,,,
666448,anime_ety,https://t.me/anime_ety,Guys,2024-03-01T18:28:39+00:00,,,
666447,anime_ety,https://t.me/anime_ety,Bhai,2024-03-01T18:28:38+00:00,,,
666445,anime_ety,https://t.me/anime_ety,Oh,2024-03-01T18:28:35+00:00,,,
666441,anime_ety,https://t.me/anime_ety,Bhai,2024-03-01T18:28:28+00:00,,,
666438,anime_ety,https://t.me/anime_ety,Happy birthday day Bhai ya bahen,2024-03-01T18:28:21+00:00,,,
666436,anime_ety,https://t.me/anime_ety,what's going on??,2024-03-01T18:28:19+00:00,,,
666435,anime_ety,https://t.me/anime_ety,Update,2024-03-01T18:28:17+00:00,,,
666433,anime_ety,https://t.me/anime_ety,"I have 5 eth, who wants to get frisky?",2024-03-01T18:28:13+00:00,,,
666432,anime_ety,https://t.me/anime_ety,One punch man season 3,2024-03-01T18:28:13+00:00,,,
666431,anime_ety,https://t.me/anime_ety,😭😭😭😂😂,2024-03-01T18:28:13+00:00,,,
666427,anime_ety,https://t.me/anime_ety,Bahot kamyaab ladka 😭,2024-03-01T18:28:09+00:00,,,
666421,anime_ety,https://t.me/anime_ety,<DATE_TIME>,2024-03-01T18:28:02+00:00,,,
666418,anime_ety,https://t.me/anime_ety,Happy Birthday bhai,2024-03-01T18:28:00+00:00,,,
666413,anime_ety,https://t.me/anime_ety,Can't I get anime with terabox,2024-03-01T18:27:51+00:00,,,
666412,anime_ety,https://t.me/anime_ety,Why <DATE_TIME>??,2024-03-01T18:27:48+00:00,,,
666406,anime_ety,https://t.me/anime_ety,?,2024-03-01T18:27:39+00:00,,,
666397,anime_ety,https://t.me/anime_ety,<PERSON> vulgar,2024-03-01T18:27:18+00:00,,,
666395,anime_ety,https://t.me/anime_ety,Admin bday I guess,2024-03-01T18:27:17+00:00,,,
666393,anime_ety,https://t.me/anime_ety,Bahut khash admi,2024-03-01T18:27:13+00:00,,,
666386,anime_ety,https://t.me/anime_ety,<PERSON>,2024-03-01T18:27:00+00:00,,,
666379,anime_ety,https://t.me/anime_ety,What's vulgar? Tell me,2024-03-01T18:26:50+00:00,,,
666378,anime_ety,https://t.me/anime_ety,?,2024-03-01T18:26:50+00:00,,,
666376,anime_ety,https://t.me/anime_ety,What's so special?? Is something comeing....,2024-03-01T18:26:45+00:00,,,
666374,anime_ety,https://t.me/anime_ety,<PERSON> 2,2024-03-01T18:26:43+00:00,,,
666373,anime_ety,https://t.me/anime_ety,Tf happened,2024-03-01T18:26:43+00:00,,,
666363,anime_ety,https://t.me/anime_ety,World is changing 😂,2024-03-01T18:26:18+00:00,,,
666360,anime_ety,https://t.me/anime_ety,as if we knew <PERSON>,2024-03-01T18:26:13+00:00,,,
666359,anime_ety,https://t.me/anime_ety,<PERSON> bol ye usko <NRP> hai ye,2024-03-01T18:26:13+00:00,,,
666358,anime_ety,https://t.me/anime_ety,Don't use vulgar language,2024-03-01T18:26:13+00:00,,,
666353,anime_ety,https://t.me/anime_ety,Time is pkaying with us now,2024-03-01T18:26:06+00:00,,,
666350,anime_ety,https://t.me/anime_ety,<PERSON> lol,2024-03-01T18:26:02+00:00,,,
666347,anime_ety,https://t.me/anime_ety,<PERSON>,2024-03-01T18:25:55+00:00,,,
666346,anime_ety,https://t.me/anime_ety,Yh what's going on,2024-03-01T18:25:55+00:00,,,
666344,anime_ety,https://t.me/anime_ety,<PERSON> bkl <PERSON> spam kr diya <DATE_TIME>,2024-03-01T18:25:53+00:00,,,
666341,anime_ety,https://t.me/anime_ety,<PERSON>,2024-03-01T18:25:50+00:00,,,
666339,anime_ety,https://t.me/anime_ety,<DATE_TIME> in <DATE_TIME>,2024-03-01T18:25:44+00:00,,,
666335,anime_ety,https://t.me/anime_ety,Please what is going on,2024-03-01T18:25:33+00:00,,,
666333,anime_ety,https://t.me/anime_ety,Lol,2024-03-01T18:25:32+00:00,,,
666329,anime_ety,https://t.me/anime_ety,<PERSON> <DATE_TIME> <PERSON>,2024-03-01T18:25:26+00:00,,,
666324,anime_ety,https://t.me/anime_ety,What's happening xd,2024-03-01T18:25:07+00:00,,,
666320,anime_ety,https://t.me/anime_ety,Hack hogaya kya channel,2024-03-01T18:24:58+00:00,,,
666318,anime_ety,https://t.me/anime_ety,Tricep me gc fas gya 💀,2024-03-01T18:24:56+00:00,,,
666314,anime_ety,https://t.me/anime_ety,Bro what,2024-03-01T18:24:47+00:00,,,
666308,anime_ety,https://t.me/anime_ety,the world is going to end,2024-03-01T18:24:35+00:00,,,
666306,anime_ety,https://t.me/anime_ety,?,2024-03-01T18:24:32+00:00,,,
666303,anime_ety,https://t.me/anime_ety,Admin found calendar's date,2024-03-01T18:24:27+00:00,,,
666299,anime_ety,https://t.me/anime_ety,Ha👦,2024-03-01T18:24:18+00:00,,,
666294,anime_ety,https://t.me/anime_ety,Guys what is going on???,2024-03-01T18:24:08+00:00,,,
666288,anime_ety,https://t.me/anime_ety,Yus me salo se hu,2024-03-01T18:23:53+00:00,,,
666286,anime_ety,https://t.me/anime_ety,Niwas sthan🤣🤣,2024-03-01T18:23:51+00:00,,,
666283,anime_ety,https://t.me/anime_ety,Yus yus,2024-03-01T18:23:43+00:00,,,
666276,anime_ety,https://t.me/anime_ety,<PERSON> me <PERSON>,2024-03-01T18:23:24+00:00,,,
666274,anime_ety,https://t.me/anime_ety,<PERSON> nhi uska niwas <PERSON>,2024-03-01T18:23:23+00:00,,,
666270,anime_ety,https://t.me/anime_ety,Ety k main group me,2024-03-01T18:23:18+00:00,,,
666267,anime_ety,https://t.me/anime_ety,<PERSON>,2024-03-01T18:23:01+00:00,,,
666263,anime_ety,https://t.me/anime_ety,Me yahi tha bro <PERSON>,2024-03-01T18:22:51+00:00,,,
666253,anime_ety,https://t.me/anime_ety,<PERSON> aagya tu velle,2024-03-01T18:22:29+00:00,,,
666250,anime_ety,https://t.me/anime_ety,You are my special,2024-03-01T18:22:25+00:00,,,
666248,anime_ety,https://t.me/anime_ety,i have not slept properly gud nite,2024-03-01T18:22:15+00:00,,,
666244,anime_ety,https://t.me/anime_ety,😚,2024-03-01T18:22:10+00:00,,,
666232,anime_ety,https://t.me/anime_ety,<DATE_TIME>...<DATE_TIME>😼,2024-03-01T18:21:34+00:00,,,
666209,anime_ety,https://t.me/anime_ety,Bye,2024-03-01T18:20:41+00:00,,,
666204,anime_ety,https://t.me/anime_ety,ok bye gotta sleep i guesa,2024-03-01T18:20:27+00:00,,,
666201,anime_ety,https://t.me/anime_ety,Thanks calendar,2024-03-01T18:20:21+00:00,,,
666194,anime_ety,https://t.me/anime_ety,<PERSON>,2024-03-01T18:20:05+00:00,,,
666191,anime_ety,https://t.me/anime_ety,Yeah,2024-03-01T18:19:59+00:00,,,
666187,anime_ety,https://t.me/anime_ety,not yet,2024-03-01T18:19:51+00:00,,,
666186,anime_ety,https://t.me/anime_ety,bro time travelled,2024-03-01T18:19:50+00:00,,,
666180,anime_ety,https://t.me/anime_ety,What's poppin,2024-03-01T18:19:31+00:00,,,
666178,anime_ety,https://t.me/anime_ety,its marc1,2024-03-01T18:19:30+00:00,,,
666176,anime_ety,https://t.me/anime_ety,?,2024-03-01T18:19:24+00:00,,,
666172,anime_ety,https://t.me/anime_ety,What's special,2024-03-01T18:19:19+00:00,,,
666171,anime_ety,https://t.me/anime_ety,What bro,2024-03-01T18:19:19+00:00,,,
666168,anime_ety,https://t.me/anime_ety,wattt,2024-03-01T18:19:14+00:00,,,
666167,anime_ety,https://t.me/anime_ety,What,2024-03-01T18:19:10+00:00,,,
666160,anime_ety,https://t.me/anime_ety,???,2024-03-01T18:19:02+00:00,,,
