id,Channel ID,URL,message,date,views,forwards,reactions
72,transfer_group_member,https://t.me/transfer_group_member,"Search bots are available in Telegram, if you need an ID, send a message to <PERSON>🏻",2023-12-17T17:34:32+00:00,1164.0,4.0,"👍: 1, 👎: 1"
10391,transfer_group_member,https://t.me/transfer_group_member,Pabl0_Picass0 ⊹ <PERSON>,2023-12-17T17:36:39+00:00,,,
10390,transfer_group_member,https://t.me/transfer_group_member,lukephrmwrld ⊹ salmaelhalba ⊹ mrerrahali11 ⊹ Pete_333 ⊹ edaatik ⊹ Weemscc,2023-12-17T17:36:38+00:00,,,
10389,transfer_group_member,https://t.me/transfer_group_member,to_kappabels ⊹ Crypt01i0n ⊹ vlad_k1 ⊹ Tiger121715 ⊹ tariq980 ⊹ ToneyStarkBMW,2023-12-17T17:36:37+00:00,,,
10388,transfer_group_member,https://t.me/transfer_group_member,Sacr911 ⊹ hoselaa ⊹ Florindobr ⊹ pedrinoos ⊹ ericomandroti ⊹ AaronBassha,2023-12-17T17:36:35+00:00,,,
10387,transfer_group_member,https://t.me/transfer_group_member,MW91Nomad ⊹ Greg2O ⊹ Good_mq ⊹ gxnzafx ⊹ DataLeadEscort_CMO ⊹ Mhsiraj,2023-12-17T17:36:33+00:00,,,
10386,transfer_group_member,https://t.me/transfer_group_member,Shevas_s ⊹ Drekanu ⊹ <PERSON> ⊹ Jibsondigital ⊹ fresh_fb_350 ⊹ Sandraas02,2023-12-17T17:36:32+00:00,,,
10385,transfer_group_member,https://t.me/transfer_group_member,C_EMV ⊹ nutraman1 ⊹ EditaOwens ⊹ iaokkk ⊹ ZachemSmotrishh ⊹ i_need_accs,2023-12-17T17:35:56+00:00,,,
10384,transfer_group_member,https://t.me/transfer_group_member,olegtrak ⊹ vovan4yk93 ⊹ vectortechnology01 ⊹ Ms795 ⊹ Ride2Moon ⊹ admdiy,2023-12-17T17:35:54+00:00,,,
10383,transfer_group_member,https://t.me/transfer_group_member,adhawk00 ⊹ waraccounts ⊹ Magilan35 ⊹ Eridaniajd07 ⊹ Farhanbhai71 ⊹ Safin6,2023-12-17T17:35:52+00:00,,,
10382,transfer_group_member,https://t.me/transfer_group_member,aryoenanda ⊹ <NRP> ⊹ yh9err5ss ⊹ DimaWeRs ⊹ nata_in_wonderland ⊹ TaysonPereira,2023-12-17T17:35:51+00:00,,,
10381,transfer_group_member,https://t.me/transfer_group_member,<NRP> ⊹ confortigiovanni ⊹ wiillness ⊹ tfymh ⊹ devilmadecream ⊹ One_Axe,2023-12-17T17:35:49+00:00,,,
10380,transfer_group_member,https://t.me/transfer_group_member,ihsan_sabr ⊹ fatSquiller ⊹ allkoman ⊹ <PERSON> ⊹ Sergei_Traff ⊹ mikemagfx,2023-12-17T17:35:48+00:00,,,
10379,transfer_group_member,https://t.me/transfer_group_member,datazapaska ⊹ vikmich ⊹ prathu2589 ⊹ fbandgoogleaccounts ⊹ thebigprime ⊹ Mrouane,2023-12-17T17:35:46+00:00,,,
10378,transfer_group_member,https://t.me/transfer_group_member,datahub_official ⊹ Pablo25escobar ⊹ Tess_Trafficcompany ⊹ ds77ff ⊹ adecomtech ⊹ sahlanr,2023-12-17T17:35:44+00:00,,,
10377,transfer_group_member,https://t.me/transfer_group_member,adamoferreira ⊹ Ruupamdas ⊹ tngakabobo ⊹ <PERSON> ⊹ cms17,2023-12-17T17:35:43+00:00,,,
10376,transfer_group_member,https://t.me/transfer_group_member,adityath01 ⊹ <PERSON> ⊹ a_viss ⊹ gv_sellar ⊹ supp4ra ⊹ giuls2407,2023-12-17T17:35:41+00:00,,,
10375,transfer_group_member,https://t.me/transfer_group_member,Benzema1994 ⊹ Dolivermaia ⊹ Oghenerurie1 ⊹ abarbukovaw ⊹ Zaid_Ouladziane ⊹ amar_bat,2023-12-17T17:35:39+00:00,,,
10374,transfer_group_member,https://t.me/transfer_group_member,Avazjon555 ⊹ Rev. sister <PERSON> ⊹ sjcbj ⊹ Baby Face💓💖 ⊹ Der0op ⊹ virgiliogallo,2023-12-17T17:35:38+00:00,,,
10373,transfer_group_member,https://t.me/transfer_group_member,VishalAdaxx ⊹ Ultimatetchagency ⊹ DulSex_movs ⊹ esube2112 ⊹ <PERSON> ⊹ <PERSON>,2023-12-17T17:35:36+00:00,,,
10372,transfer_group_member,https://t.me/transfer_group_member,Borguim ⊹ <PERSON> ⊹ Max_KMA ⊹ DMgrowth ⊹ Barry_holz_bach ⊹ Datawebsupport3,2023-12-17T17:35:36+00:00,,,
10371,transfer_group_member,https://t.me/transfer_group_member,Gvprovider88 ⊹ BHS_Baron ⊹ UcheOnos ⊹ mr_Colin1 ⊹ rachelmentoria ⊹ <PERSON>,2023-12-17T17:35:33+00:00,,,
10370,transfer_group_member,https://t.me/transfer_group_member,Aissakhach ⊹ Zuzana2346 ⊹ Xyz_cool_yt_2222 ⊹ Especialistamkt ⊹ ilya_299 ⊹ jblink90,2023-12-17T17:35:32+00:00,,,
10369,transfer_group_member,https://t.me/transfer_group_member,<PERSON> ⊹ si_mohh ⊹ AoneServiceprovider ⊹ <PERSON> ⊹ Rajniit ⊹ Muh_Rihan,2023-12-17T17:35:32+00:00,,,
10368,transfer_group_member,https://t.me/transfer_group_member,Babla_S_fx ⊹ carder_empire ⊹ Leadsplug_Support ⊹ <PERSON> ⊹ Larissabarros0 ⊹ <PERSON>,2023-12-17T17:35:31+00:00,,,
10367,transfer_group_member,https://t.me/transfer_group_member,Mtb1a ⊹ brunorpt ⊹ Tradingmaster33333 ⊹ O M ⊹ Nolovenofair ⊹ EARN MONEY,2023-12-17T17:35:31+00:00,,,
10366,transfer_group_member,https://t.me/transfer_group_member,G ⊹ <PERSON> ⊹ AaravSharm9 ⊹ AneesGujjar796 ⊹ <PERSON> ⊹ hohdru zkb,2023-12-17T17:35:31+00:00,,,
