Channel ID,URL,Post ID,date,message,out,mentioned,media_unread,silent,post,from_scheduled,legacy,edit_hide,pinned,noforwards,peer_channel,from_id_user,fwd_from,via_bot_id,reply_to_msg_id,reply_to_scheduled,forum_topic,media_photo_id,reply_markup,views,forwards,replies,edit_date,post_author,grouped_id,reactions,restriction_reason,ttl_period
adboostshop,https://t.me/adboostshop,36,2024-01-14 05:34:37,"🚀 OUR SERVICES 🚀
—————————————————

🔥 Ad Bot
🔥 Buy Real Members (telegram)
🔥 Order telegram bots
🔥 Marketing Packages 

# Whatever dollar you pay, you get results for it 

💸 Starts from $3 

—————————————————
Support: @AlexBotDev
—————————————————
👇 Buy Real Telegram members from our Telegram Bot 👇",False,False,False,False,True,False,False,False,True,False,1853371801,,,,,,,,"{'_': 'ReplyInlineMarkup', 'rows': [{'_': 'KeyboardButtonRow', 'buttons': [{'_': 'KeyboardButtonUrl', 'text': '$3 – 100 members', 'url': 'https://t.me/AdBoostBot?start=5446248543'}, {'_': 'KeyboardButtonUrl', 'text': '$14 – 500 members', 'url': 'https://t.me/AdBoostBot?start=5446248543'}]}, {'_': 'KeyboardButtonRow', 'buttons': [{'_': 'KeyboardButtonUrl', 'text': '$25 – 1000 members', 'url': 'https://t.me/AdBoostBot?start=5446248543'}, {'_': 'KeyboardButtonUrl', 'text': '$100 – 5000 members', 'url': 'https://t.me/AdBoostBot?start=5446248543'}]}, {'_': 'KeyboardButtonRow', 'buttons': [{'_': 'KeyboardButtonUrl', 'text': '$180 – 10,000 members', 'url': 'https://t.me/AdBoostBot?start=5446248543'}, {'_': 'KeyboardButtonUrl', 'text': '$350 – 25,000 members', 'url': 'https://t.me/AdBoostBot?start=5446248543'}]}]}",4405.0,10.0,,2024-01-14T16:04:31+00:00,,,"{'_': 'MessageReactions', 'results': [{'_': 'ReactionCount', 'reaction': {'_': 'ReactionEmoji', 'emoticon': '👍'}, 'count': 1, 'chosen_order': None}], 'min': False, 'can_see_list': False, 'reactions_as_tags': False, 'recent_reactions': []}",[],
