Channel ID,URL,Post ID,date,message,out,mentioned,media_unread,silent,post,from_scheduled,legacy,edit_hide,pinned,noforwards,peer_channel,from_id_user,fwd_from,via_bot_id,reply_to_msg_id,reply_to_scheduled,forum_topic,media_photo_id,reply_markup,views,forwards,replies,edit_date,post_author,grouped_id,reactions,restriction_reason,ttl_period
adder_venom,https://t.me/adder_venom,521,2024-02-10 09:47:43,"*COOE* 
https://demo5.betluxury-india.online/

User: <PHONE_NUMBER>
Pass: <PHONE_NUMBER>

Admin Panel:
https://demo5.betluxury-india.online/
ID: admin
Pass: admin",False,False,False,False,True,False,False,True,False,False,1913734675,,,,,,,,,266.0,0.0,"{'_': 'MessageReplies', 'replies': 0, 'replies_pts': 7362, 'comments': True, 'recent_repliers': [], 'channel_id': 1942096345, 'max_id': None, 'read_max_id': None}",2024-02-10T09:47:46+00:00,,,,[],
adder_venom,https://t.me/adder_venom,523,2024-02-10 09:48:49,Any want to buy contact @venomshade,False,False,False,False,True,False,False,True,False,False,1913734675,,,,,,,,,263.0,0.0,"{'_': 'MessageReplies', 'replies': 0, 'replies_pts': 7362, 'comments': True, 'recent_repliers': [], 'channel_id': 1942096345, 'max_id': None, 'read_max_id': None}",2024-02-10T09:48:52+00:00,,,,[],
adder_venom,https://t.me/adder_venom,524,2024-02-10 09:49:38,Only 15 k  price development of any website,False,False,False,False,True,False,False,True,False,False,1913734675,,,,,,,,,271.0,0.0,"{'_': 'MessageReplies', 'replies': 0, 'replies_pts': 7362, 'comments': True, 'recent_repliers': [], 'channel_id': 1942096345, 'max_id': None, 'read_max_id': None}",2024-02-10T09:49:41+00:00,,,,[],
adder_venom,https://t.me/adder_venom,525,2024-02-24 06:23:44,"Best website for selling gaming earn <DATE_TIME> 
Any wants purchase start your business
Only 9 k 
@venomshade

https://fiewinpro.in

<PHONE_NUMBER>
123456",False,False,False,False,True,False,False,True,False,False,1913734675,,,,,,,6.253687191926586e+18,,72.0,0.0,"{'_': 'MessageReplies', 'replies': 0, 'replies_pts': 7362, 'comments': True, 'recent_repliers': [], 'channel_id': 1942096345, 'max_id': None, 'read_max_id': None}",2024-02-24T06:25:24+00:00,,,"{'_': 'MessageReactions', 'results': [{'_': 'ReactionCount', 'reaction': {'_': 'ReactionEmoji', 'emoticon': '👍'}, 'count': 1, 'chosen_order': None}], 'min': False, 'can_see_list': False, 'reactions_as_tags': False, 'recent_reactions': []}",[],
adder_venom,https://t.me/adder_venom,526,2024-02-24 06:24:16,Message limit offers,False,False,False,False,True,False,False,True,False,False,1913734675,,,,,,,,,75.0,0.0,"{'_': 'MessageReplies', 'replies': 0, 'replies_pts': 7362, 'comments': True, 'recent_repliers': [], 'channel_id': 1942096345, 'max_id': None, 'read_max_id': None}",2024-02-24T06:25:25+00:00,,,"{'_': 'MessageReactions', 'results': [{'_': 'ReactionCount', 'reaction': {'_': 'ReactionEmoji', 'emoticon': '👍'}, 'count': 2, 'chosen_order': None}], 'min': False, 'can_see_list': False, 'reactions_as_tags': False, 'recent_reactions': []}",[],
adder_venom,https://t.me/adder_venom,527,2024-02-24 08:16:57,"Add Group to Group Members In Telegram 2024 latest updates
https://youtu.be/sdiNtcV0Ab4",False,False,False,False,True,False,False,True,False,False,1913734675,,,,,,,,,74.0,2.0,"{'_': 'MessageReplies', 'replies': 0, 'replies_pts': 7362, 'comments': True, 'recent_repliers': [], 'channel_id': 1942096345, 'max_id': None, 'read_max_id': None}",2024-02-24T08:17:34+00:00,,,"{'_': 'MessageReactions', 'results': [{'_': 'ReactionCount', 'reaction': {'_': 'ReactionEmoji', 'emoticon': '🔥'}, 'count': 1, 'chosen_order': None}], 'min': False, 'can_see_list': False, 'reactions_as_tags': False, 'recent_reactions': []}",[],
adder_venom,https://t.me/adder_venom,546,2024-03-04 11:57:31,"Full discount

https://extp.in/ygMYau",False,False,False,False,True,False,False,True,False,False,1913734675,,,,,,,,,14.0,0.0,"{'_': 'MessageReplies', 'replies': 0, 'replies_pts': 7399, 'comments': True, 'recent_repliers': [], 'channel_id': 1942096345, 'max_id': None, 'read_max_id': None}",2024-03-04T11:57:34+00:00,,,,[],
adder_venom,https://t.me/adder_venom,548,2024-03-04 19:09:37,,False,False,False,False,True,False,False,True,False,False,1913734675,,,,,,,6.282552988518171e+18,,12.0,1.0,,2024-03-04T19:09:40+00:00,,1.3676635015545156e+16,,[],
adder_venom,https://t.me/adder_venom,562,2024-03-06 21:06:39,,False,False,False,False,True,False,False,True,False,False,1913734675,,,,,,,,,9.0,0.0,"{'_': 'MessageReplies', 'replies': 0, 'replies_pts': 7430, 'comments': True, 'recent_repliers': [], 'channel_id': 1942096345, 'max_id': None, 'read_max_id': None}",2024-03-06T21:06:43+00:00,,,,[],
adder_venom,https://t.me/adder_venom,573,2024-03-08 17:43:23,,False,False,False,False,True,False,False,True,False,False,1913734675,,,,,,,6.296230333347117e+18,,11.0,0.0,,2024-03-08T17:43:26+00:00,,1.3679358425128532e+16,,[],
adder_venom,https://t.me/adder_venom,587,2024-03-11 17:19:07,,False,False,False,False,True,False,False,True,False,False,1913734675,,,,,,,6.303332078950923e+18,,3.0,0.0,,2024-03-11T17:19:10+00:00,,1.3681420377287036e+16,,[],
adder_venom,https://t.me/adder_venom,588,2024-03-11 17:19:07,,False,False,False,False,True,False,False,True,False,False,1913734675,,,,,,,6.303332078950923e+18,,3.0,0.0,,2024-03-11T17:19:10+00:00,,1.3681420377287036e+16,,[],
adder_venom,https://t.me/adder_venom,590,2024-03-11 17:19:26,"Betting cpro and investment platform
@venomshade for buy",False,False,False,False,True,False,False,True,False,False,1913734675,,,,,,,,,3.0,0.0,"{'_': 'MessageReplies', 'replies': 0, 'replies_pts': 7491, 'comments': True, 'recent_repliers': [], 'channel_id': 1942096345, 'max_id': None, 'read_max_id': None}",2024-03-11T17:19:59+00:00,,,"{'_': 'MessageReactions', 'results': [{'_': 'ReactionCount', 'reaction': {'_': 'ReactionEmoji', 'emoticon': '👍'}, 'count': 1, 'chosen_order': None}], 'min': False, 'can_see_list': False, 'reactions_as_tags': False, 'recent_reactions': []}",[],
adder_venom,https://t.me/adder_venom,592,2024-03-12 10:47:28,,False,False,False,False,True,False,False,True,False,False,1913734675,,,,,,,6.305583878764609e+18,,38.0,3.0,,2024-03-12T10:47:31+00:00,,1.3681923589841308e+16,,[],
adder_venom,https://t.me/adder_venom,594,2024-03-15 09:11:13,"✅Good News Guys.. get your own otp website

<PERSON> v otp sell krke earning <PERSON>! <PERSON> website suru kr skte hy…

We are Providing Rental Otp website

<NRP> Permanent Price: 6k ₹ 

✅<PERSON> website <PERSON> krke apne users <PERSON> simply <PERSON> website se hi otp sell kr skte hy…

✅Note: otp website banane se <PERSON> nhi milta, <PERSON> k hisab se aapna price badhake apne users <PERSON> sell kr skte hy.

🦢Please contact  <NRP> to create your own otp website.",False,False,False,False,True,False,False,True,False,False,1913734675,,,,,,,6.314464058656538e+18,,15.0,0.0,"{'_': 'MessageReplies', 'replies': 0, 'replies_pts': 7511, 'comments': True, 'recent_repliers': [], 'channel_id': 1942096345, 'max_id': None, 'read_max_id': None}",2024-03-15T09:12:33+00:00,,1.3683950985383916e+16,"{'_': 'MessageReactions', 'results': [], 'min': False, 'can_see_list': False, 'reactions_as_tags': False, 'recent_reactions': []}",[],
adder_venom,https://t.me/adder_venom,595,2024-03-15 09:11:13,,False,False,False,False,True,False,False,True,False,False,1913734675,,,,,,,6.314464058656538e+18,,15.0,0.0,,2024-03-15T09:11:16+00:00,,1.3683950985383916e+16,,[],
adder_venom,https://t.me/adder_venom,599,2024-03-16 04:14:25,"📌<PERSON> 𝗪𝗲𝗯𝘀𝗶𝘁𝗲 𝗟𝗶𝗷𝘆𝗲 𝗣𝗲𝗿𝗺𝗮𝗻𝗲𝗻𝘁 <PERSON>6000
==============================

🔈73+ Happy Seller's Hai Jinko Maine OTP Website Aur Readymade IRCTC Sell Karne Wala Account <PERSON> Work karta Hai jo Bahot Achcha Earning karrahe hai 🥰

--------------------------------------------------

             ☄️Demo🔽

▶️ www.otpking.online


--------------------------------------------------

📌𝐀𝐛 𝐒𝐢𝐫𝐟 👑𝐑𝐚𝐣𝐚 𝐊𝐚 𝐁𝐞𝐭𝐚 𝐑𝐚𝐣𝐚 𝐍𝐚𝐡𝐢 𝐁𝐚𝐧𝐞𝐠𝐚 𝐀𝐛 𝐇𝐚𝐫 𝐊𝐨𝐢 𝐑𝐀𝐉𝐀 𝐁𝐚𝐧𝐞𝐠𝐚

😮ᴀᴀᴘᴋᴇ ᴘᴀꜱᴀɴᴅ ᴋᴀ ᴡᴇʙꜱɪᴛᴇ ɴᴀᴍᴇ ʜᴏɢᴀ <PERSON> 15 ꜱᴇʀᴠᴇʀ ᴍɪʟᴇɢᴀ<DATE_TIME>

✅ᴀᴀᴘ ᴋɪꜱɪ ʙʜɪ ᴄᴏᴍᴘᴀɴʏ ᴋᴀ ꜱᴇʀᴠɪᴄᴇ <PERSON> ʜᴀʀ ᴏᴛᴘ ᴘᴀʀ ₹3 ꜱᴇ ₹10 ᴛᴀᴋ ᴘʀᴏꜰɪᴛ <PERSON> ʜᴀɪ...

👉𝗘𝗮𝗿𝗻 30𝗸+ 𝗠𝗼𝗻𝘁𝗵𝗹𝘆 𝗘𝗮𝘀𝗶𝗹𝘆

✈️ᴛᴇᴀᴍ - @otpkingsupport",False,False,False,False,True,False,False,True,False,False,1913734675,,,,,,,6.316312359177665e+18,,25.0,2.0,"{'_': 'MessageReplies', 'replies': 0, 'replies_pts': 7519, 'comments': True, 'recent_repliers': [], 'channel_id': 1942096345, 'max_id': None, 'read_max_id': None}",2024-03-16T04:16:36+00:00,,,"{'_': 'MessageReactions', 'results': [{'_': 'ReactionCount', 'reaction': {'_': 'ReactionEmoji', 'emoticon': '👍'}, 'count': 1, 'chosen_order': None}], 'min': False, 'can_see_list': False, 'reactions_as_tags': False, 'recent_reactions': []}",[],
adder_venom,https://t.me/adder_venom,602,2024-03-16 13:37:53,"📌<PERSON> 𝗪𝗲𝗯𝘀𝗶𝘁𝗲 𝗟𝗶𝗷𝘆𝗲 𝗣𝗲𝗿𝗺𝗮𝗻𝗲𝗻𝘁 <PERSON>6000
==============================

🔈73+ Happy Seller's Hai Jinko Maine OTP Website Aur Readymade IRCTC Sell Karne Wala Account <PERSON> Work karta Hai jo Bahot Achcha Earning karrahe hai 🥰

--------------------------------------------------

             ☄️Demo🔽

▶️ www.otpking.online


--------------------------------------------------

📌𝐀𝐛 𝐒𝐢𝐫𝐟 👑𝐑𝐚𝐣𝐚 𝐊𝐚 𝐁𝐞𝐭𝐚 𝐑𝐚𝐣𝐚 𝐍𝐚𝐡𝐢 𝐁𝐚𝐧𝐞𝐠𝐚 𝐀𝐛 𝐇𝐚𝐫 𝐊𝐨𝐢 𝐑𝐀𝐉𝐀 𝐁𝐚𝐧𝐞𝐠𝐚

😮ᴀᴀᴘᴋᴇ ᴘᴀꜱᴀɴᴅ ᴋᴀ ᴡᴇʙꜱɪᴛᴇ ɴᴀᴍᴇ ʜᴏɢᴀ <PERSON> 15 ꜱᴇʀᴠᴇʀ ᴍɪʟᴇɢᴀ<DATE_TIME>

✅ᴀᴀᴘ ᴋɪꜱɪ ʙʜɪ ᴄᴏᴍᴘᴀɴʏ ᴋᴀ ꜱᴇʀᴠɪᴄᴇ <PERSON> ʜᴀʀ ᴏᴛᴘ ᴘᴀʀ ₹3 ꜱᴇ ₹10 ᴛᴀᴋ ᴘʀᴏꜰɪᴛ <PERSON> ʜᴀɪ...

👉𝗘𝗮𝗿𝗻 30𝗸+ 𝗠𝗼𝗻𝘁𝗵𝗹𝘆 𝗘𝗮𝘀𝗶𝗹𝘆

✈️ᴛᴇᴀᴍ - @otpkingsupport",False,False,False,False,True,False,False,True,False,False,1913734675,,"{'_': 'MessageFwdHeader', 'date': '2024-03-16T04:14:25+00:00', 'imported': False, 'saved_out': False, 'from_id': {'_': 'PeerChannel', 'channel_id': 1913734675}, 'from_name': None, 'channel_post': 599, 'post_author': None, 'saved_from_peer': None, 'saved_from_msg_id': None, 'saved_from_id': None, 'saved_from_name': None, 'saved_date': None, 'psa_type': None}",,,,,6.316312359177665e+18,,5.0,0.0,"{'_': 'MessageReplies', 'replies': 0, 'replies_pts': 7527, 'comments': True, 'recent_repliers': [], 'channel_id': 1942096345, 'max_id': None, 'read_max_id': None}",2024-03-16T13:37:56+00:00,,,,[],
adder_venom,https://t.me/adder_venom,605,2024-03-17 17:00:27,,False,False,False,False,True,False,False,True,False,False,1913734675,,,,,,,,,18.0,0.0,"{'_': 'MessageReplies', 'replies': 0, 'replies_pts': 7542, 'comments': True, 'recent_repliers': [], 'channel_id': 1942096345, 'max_id': None, 'read_max_id': None}",2024-03-17T17:02:55+00:00,,,"{'_': 'MessageReactions', 'results': [{'_': 'ReactionCount', 'reaction': {'_': 'ReactionEmoji', 'emoticon': '🔥'}, 'count': 1, 'chosen_order': None}], 'min': False, 'can_see_list': False, 'reactions_as_tags': False, 'recent_reactions': []}",[],
adder_venom,https://t.me/adder_venom,607,2024-03-18 21:28:34,"Get any  OTP easily any and all other application cheap
Download application  above given",False,False,False,False,True,False,False,True,False,False,1913734675,,,,,,,,,3.0,0.0,"{'_': 'MessageReplies', 'replies': 0, 'replies_pts': 7546, 'comments': True, 'recent_repliers': [], 'channel_id': 1942096345, 'max_id': None, 'read_max_id': None}",2024-03-18T21:28:37+00:00,,,,[],
adder_venom,https://t.me/adder_venom,610,2024-03-21 09:20:38,New service added,False,False,False,False,True,False,False,True,False,False,1913734675,,,,,,,6.332536327555365e+18,,18.0,0.0,,2024-03-21T09:28:06+00:00,,,"{'_': 'MessageReactions', 'results': [{'_': 'ReactionCount', 'reaction': {'_': 'ReactionEmoji', 'emoticon': '👍'}, 'count': 1, 'chosen_order': None}], 'min': False, 'can_see_list': False, 'reactions_as_tags': False, 'recent_reactions': []}",[],
adder_venom,https://t.me/adder_venom,612,2024-03-21 09:27:58,Holi offer only untill <DATE_TIME>,False,False,False,False,True,False,False,True,False,False,1913734675,,"{'_': 'MessageFwdHeader', 'date': '2024-03-21T09:26:58+00:00', 'imported': False, 'saved_out': False, 'from_id': {'_': 'PeerChannel', 'channel_id': 2100517117}, 'from_name': None, 'channel_post': 2041, 'post_author': None, 'saved_from_peer': None, 'saved_from_msg_id': None, 'saved_from_id': None, 'saved_from_name': None, 'saved_date': None, 'psa_type': None}",,,,,,,9.0,0.0,,2024-03-21T09:28:05+00:00,,,"{'_': 'MessageReactions', 'results': [{'_': 'ReactionCount', 'reaction': {'_': 'ReactionEmoji', 'emoticon': '👍'}, 'count': 1, 'chosen_order': None}], 'min': False, 'can_see_list': False, 'reactions_as_tags': False, 'recent_reactions': []}",[],
adder_venom,https://t.me/adder_venom,614,2024-03-22 12:28:41,Telegram stock added,False,False,False,False,True,False,False,True,False,False,1913734675,,,,,,,,,77.0,0.0,"{'_': 'MessageReplies', 'replies': 0, 'replies_pts': 7637, 'comments': True, 'recent_repliers': [], 'channel_id': 1942096345, 'max_id': None, 'read_max_id': None}",2024-03-22T12:28:44+00:00,,,,[],
adder_venom,https://t.me/adder_venom,615,2024-03-22 12:28:58,"Now take telegram account loot fast. 

<NRP>",False,False,False,False,True,False,False,True,False,False,1913734675,,,,,,,,,79.0,0.0,"{'_': 'MessageReplies', 'replies': 0, 'replies_pts': 7637, 'comments': True, 'recent_repliers': [], 'channel_id': 1942096345, 'max_id': None, 'read_max_id': None}",2024-03-22T12:35:52+00:00,,,"{'_': 'MessageReactions', 'results': [{'_': 'ReactionCount', 'reaction': {'_': 'ReactionEmoji', 'emoticon': '👍'}, 'count': 1, 'chosen_order': None}], 'min': False, 'can_see_list': False, 'reactions_as_tags': False, 'recent_reactions': []}",[],
adder_venom,https://t.me/adder_venom,616,2024-03-22 15:07:56,"🔊🔊🔊🔊🔊🔊🔊

NEW SERVICE ADDED

           Billu
           <PERSON>
           <PERSON>
           Sixer
           The Derma Co
           KamaaiKendra
           CoinDay
           FairBets
           CkillCash
           Taurus cash
           Mani777
           Teen patti 3A Gold
           Freehit
           Outlier
           Sityflo
           Navi
           Dubaiexch247
           Lucknow
           Rummy Bloc

Team Tempsms  soon
https://otpking.online/",False,False,False,False,True,False,False,True,False,False,1913734675,,,,,,,,,80.0,0.0,"{'_': 'MessageReplies', 'replies': 0, 'replies_pts': 7637, 'comments': True, 'recent_repliers': [], 'channel_id': 1942096345, 'max_id': None, 'read_max_id': None}",2024-03-22T15:07:59+00:00,,,,[],
adder_venom,https://t.me/adder_venom,617,2024-03-22 19:49:22,"Holi Festival discount ✅✅✅✅❤️❤️
9000rs. Off
⚠️⚠️⚠️⚠️⚠️⚠️⚠️⚠️⚠️⚠️⚠️⚠️⚠️

Only 4500 rs make  own Otpwebsite

Only valid 25 March  before after that 

📌<PERSON> 𝗪𝗲𝗯𝘀𝗶𝘁𝗲 𝗟𝗶𝗷𝘆𝗲 𝗣𝗲𝗿𝗺𝗮𝗻𝗲𝗻𝘁 <PERSON>
==============================

🔈73+ Happy Seller's Hai Jinko Maine OTP Website Aur Readymade IRCTC Sell Karne Wala Account <PERSON> Work karta Hai jo Bahot Achcha Earning karrahe hai 🥰

--------------------------------------------------

             ☄️Demo🔽

▶️ www.otpking.online


--------------------------------------------------

📌𝐀𝐛 𝐒𝐢𝐫𝐟 👑𝐑𝐚𝐣𝐚 𝐊𝐚 𝐁𝐞𝐭𝐚 𝐑𝐚𝐣𝐚 𝐍𝐚𝐡𝐢 𝐁𝐚𝐧𝐞𝐠𝐚 𝐀𝐛 𝐇𝐚𝐫 𝐊𝐨𝐢 𝐑𝐀𝐉𝐀 𝐁𝐚𝐧𝐞𝐠𝐚

😮ᴀᴀᴘᴋᴇ ᴘᴀꜱᴀɴᴅ ᴋᴀ ᴡᴇʙꜱɪᴛᴇ ɴᴀᴍᴇ ʜᴏɢᴀ <PERSON> 15 ꜱᴇʀᴠᴇʀ ᴍɪʟᴇɢᴀ<DATE_TIME>

✅ᴀᴀᴘ ᴋɪꜱɪ ʙʜɪ ᴄᴏᴍᴘᴀɴʏ ᴋᴀ ꜱᴇʀᴠɪᴄᴇ <PERSON> ʜᴀʀ ᴏᴛᴘ ᴘᴀʀ ₹3 ꜱᴇ ₹10 ᴛᴀᴋ ᴘʀᴏꜰɪᴛ <PERSON> ʜᴀɪ...

👉𝗘𝗮𝗿𝗻 30𝗸+ 𝗠𝗼𝗻𝘁𝗵𝗹𝘆 𝗘𝗮𝘀𝗶𝗹𝘆

✈️ᴛᴇᴀᴍ - @otpkingsupport",False,False,False,False,True,False,False,True,False,False,1913734675,,,,,,,,,90.0,0.0,"{'_': 'MessageReplies', 'replies': 0, 'replies_pts': 7637, 'comments': True, 'recent_repliers': [], 'channel_id': 1942096345, 'max_id': None, 'read_max_id': None}",2024-03-23T06:12:00+00:00,,,"{'_': 'MessageReactions', 'results': [{'_': 'ReactionCount', 'reaction': {'_': 'ReactionEmoji', 'emoticon': '❤'}, 'count': 1, 'chosen_order': None}], 'min': False, 'can_see_list': False, 'reactions_as_tags': False, 'recent_reactions': []}",[],
adder_venom,https://t.me/adder_venom,618,2024-03-23 06:10:16,,False,False,False,False,True,False,False,True,False,False,1913734675,,,,,,,,,82.0,3.0,"{'_': 'MessageReplies', 'replies': 0, 'replies_pts': 7637, 'comments': True, 'recent_repliers': [], 'channel_id': 1942096345, 'max_id': None, 'read_max_id': None}",2024-03-23T06:12:15+00:00,,,"{'_': 'MessageReactions', 'results': [{'_': 'ReactionCount', 'reaction': {'_': 'ReactionEmoji', 'emoticon': '❤'}, 'count': 3, 'chosen_order': None}], 'min': False, 'can_see_list': False, 'reactions_as_tags': False, 'recent_reactions': []}",[],
adder_venom,https://t.me/adder_venom,619,2024-03-23 06:11:22,Only for already buyers,False,False,False,False,True,False,False,True,False,False,1913734675,,,,,,,,,81.0,1.0,"{'_': 'MessageReplies', 'replies': 0, 'replies_pts': 7637, 'comments': True, 'recent_repliers': [], 'channel_id': 1942096345, 'max_id': None, 'read_max_id': None}",2024-03-23T06:12:06+00:00,,,"{'_': 'MessageReactions', 'results': [{'_': 'ReactionCount', 'reaction': {'_': 'ReactionEmoji', 'emoticon': '🔥'}, 'count': 2, 'chosen_order': None}], 'min': False, 'can_see_list': False, 'reactions_as_tags': False, 'recent_reactions': []}",[],
adder_venom,https://t.me/adder_venom,620,2024-03-23 09:12:35,,False,False,False,False,True,False,False,True,True,False,1913734675,,,,,,,,,198.0,2.0,"{'_': 'MessageReplies', 'replies': 0, 'replies_pts': 7637, 'comments': True, 'recent_repliers': [], 'channel_id': 1942096345, 'max_id': None, 'read_max_id': None}",2024-03-23T09:15:21+00:00,,,"{'_': 'MessageReactions', 'results': [{'_': 'ReactionCount', 'reaction': {'_': 'ReactionEmoji', 'emoticon': '👍'}, 'count': 1, 'chosen_order': None}], 'min': False, 'can_see_list': False, 'reactions_as_tags': False, 'recent_reactions': []}",[],
adder_venom,https://t.me/adder_venom,621,2024-03-23 09:12:51,<PERSON> game,False,False,False,False,True,False,False,True,False,False,1913734675,,,,,,,6.338900949396995e+18,,74.0,0.0,"{'_': 'MessageReplies', 'replies': 0, 'replies_pts': 7637, 'comments': True, 'recent_repliers': [], 'channel_id': 1942096345, 'max_id': None, 'read_max_id': None}",2024-03-23T09:15:17+00:00,,,"{'_': 'MessageReactions', 'results': [{'_': 'ReactionCount', 'reaction': {'_': 'ReactionEmoji', 'emoticon': '👍'}, 'count': 1, 'chosen_order': None}], 'min': False, 'can_see_list': False, 'reactions_as_tags': False, 'recent_reactions': []}",[],
adder_venom,https://t.me/adder_venom,622,2024-03-23 09:13:34,"Website ready jisko apna setup karna <DATE_TIME>
http://Biglotterygame.in

Id pass same 
 <PHONE_NUMBER>",False,False,False,False,True,False,False,True,False,False,1913734675,,,,,,,,,219.0,2.0,"{'_': 'MessageReplies', 'replies': 0, 'replies_pts': 7637, 'comments': True, 'recent_repliers': [], 'channel_id': 1942096345, 'max_id': None, 'read_max_id': None}",2024-03-23T09:15:16+00:00,,,"{'_': 'MessageReactions', 'results': [{'_': 'ReactionCount', 'reaction': {'_': 'ReactionEmoji', 'emoticon': '👍'}, 'count': 1, 'chosen_order': None}], 'min': False, 'can_see_list': False, 'reactions_as_tags': False, 'recent_reactions': []}",[],
adder_venom,https://t.me/adder_venom,623,2024-03-23 09:14:21,,False,False,False,True,True,,False,,,,1913734675,,,,620.0,False,False,,,,,,,,,,,
adder_venom,https://t.me/adder_venom,624,2024-03-23 09:14:30,,False,False,True,False,True,False,False,True,False,False,1913734675,,,,,,,,,234.0,3.0,"{'_': 'MessageReplies', 'replies': 0, 'replies_pts': 7637, 'comments': True, 'recent_repliers': [], 'channel_id': 1942096345, 'max_id': None, 'read_max_id': None}",2024-03-23T09:14:33+00:00,,,,[],
adder_venom,https://t.me/adder_venom,625,2024-03-23 11:03:10,"💥Website working fine
<PERSON> add in site
💥stock add in site
✅दोस्तों आप को कल से आज तक जो समस्या हुई उसके लिए सॉरी कल बैंक <PERSON> आपको समस्या हुई हमने सभी सर्वर <PERSON> ऐड कर दिया है आप लॉग अनलिमिटेड नंबर खरीद सकते हैं

Otpking.online",False,False,False,False,True,False,False,True,False,False,1913734675,,,,,,,,,74.0,0.0,"{'_': 'MessageReplies', 'replies': 0, 'replies_pts': 7637, 'comments': True, 'recent_repliers': [], 'channel_id': 1942096345, 'max_id': None, 'read_max_id': None}",2024-03-23T11:03:13+00:00,,,,[],
adder_venom,https://t.me/adder_venom,626,2024-03-23 16:04:13,Soled 10 accounts ✅✅,False,False,False,False,True,False,False,True,False,False,1913734675,,,,,,,6.338900949396995e+18,,70.0,0.0,"{'_': 'MessageReplies', 'replies': 0, 'replies_pts': 7637, 'comments': True, 'recent_repliers': [], 'channel_id': 1942096345, 'max_id': None, 'read_max_id': None}",2024-03-23T16:04:16+00:00,,,,[],
adder_venom,https://t.me/adder_venom,627,2024-03-23 20:38:35,"HolyRummy
RummyCircle
<PERSON>
RummyCulture
RummyLoot
JungleeRummy
<PERSON>
KhelPay rummy
<PERSON>
<PERSON>Royally Rummy
Rummy VIP
<PERSON>
Rummy Modern
Rummy East
Rummy Gold
<PERSON>Rummy Tour
Rummy perfect
Rummy Master
Rummy Ares
Rummytime
Rummy Bloc
Rummy Wealth
Rummy Yes

all server price below 8 rs

if anyone bulk buyer some discounted
otpking.online
new server add in <NRP> server 1",False,False,False,False,True,False,False,True,False,False,1913734675,,,,,,,,,67.0,1.0,"{'_': 'MessageReplies', 'replies': 0, 'replies_pts': 7637, 'comments': True, 'recent_repliers': [], 'channel_id': 1942096345, 'max_id': None, 'read_max_id': None}",2024-03-23T20:38:38+00:00,,,,[],
adder_venom,https://t.me/adder_venom,628,2024-03-24 11:30:58,"Smm pannel lastest script only price with all services only 7 k 
@venomshade first 5 buyer price only 5 k message faster 🔥",False,False,False,False,True,False,False,True,False,False,1913734675,,,,,,,6.052922373058969e+18,,55.0,0.0,"{'_': 'MessageReplies', 'replies': 0, 'replies_pts': 7637, 'comments': True, 'recent_repliers': [], 'channel_id': 1942096345, 'max_id': None, 'read_max_id': None}",2024-03-24T15:21:37+00:00,,1.3690238868475444e+16,"{'_': 'MessageReactions', 'results': [{'_': 'ReactionCount', 'reaction': {'_': 'ReactionEmoji', 'emoticon': '👍'}, 'count': 1, 'chosen_order': None}], 'min': False, 'can_see_list': False, 'reactions_as_tags': False, 'recent_reactions': []}",[],
adder_venom,https://t.me/adder_venom,629,2024-03-24 11:30:58,,False,False,False,False,True,False,False,True,False,False,1913734675,,,,,,,6.052922373058969e+18,,55.0,0.0,,2024-03-24T11:31:01+00:00,,1.3690238868475444e+16,,[],
adder_venom,https://t.me/adder_venom,630,2024-03-24 11:30:58,,False,False,False,False,True,False,False,True,False,False,1913734675,,,,,,,6.052922373058969e+18,,53.0,0.0,,2024-03-24T11:31:01+00:00,,1.3690238868475444e+16,,[],
adder_venom,https://t.me/adder_venom,631,2024-03-24 11:30:58,,False,False,False,False,True,False,False,True,False,False,1913734675,,,,,,,6.052922373058969e+18,,53.0,0.0,,2024-03-24T11:31:01+00:00,,1.3690238868475444e+16,,[],
adder_venom,https://t.me/adder_venom,632,2024-03-24 11:30:59,,False,False,False,False,True,False,False,True,False,False,1913734675,,,,,,,6.052922373058969e+18,,53.0,0.0,,2024-03-24T11:31:01+00:00,,1.3690238868475444e+16,,[],
adder_venom,https://t.me/adder_venom,633,2024-03-24 11:30:59,,False,False,False,False,True,False,False,True,False,False,1913734675,,,,,,,6.052922373058969e+18,,53.0,0.0,,2024-03-24T11:31:01+00:00,,1.3690238868475444e+16,,[],
adder_venom,https://t.me/adder_venom,634,2024-03-24 11:30:59,,False,False,False,False,True,False,False,True,False,False,1913734675,,,,,,,6.052922373058969e+18,,54.0,0.0,,2024-03-24T11:31:01+00:00,,1.3690238868475444e+16,,[],
adder_venom,https://t.me/adder_venom,635,2024-03-24 11:30:59,,False,False,False,False,True,False,False,True,False,False,1913734675,,,,,,,6.052922373058969e+18,,54.0,0.0,,2024-03-24T11:31:01+00:00,,1.3690238868475444e+16,,[],
adder_venom,https://t.me/adder_venom,636,2024-03-24 11:30:59,,False,False,False,False,True,False,False,True,False,False,1913734675,,,,,,,6.052922373058969e+18,,55.0,0.0,,2024-03-24T11:31:01+00:00,,1.3690238868475444e+16,,[],
adder_venom,https://t.me/adder_venom,637,2024-03-24 17:46:09,"🛒✅JUST FULL STOCK ADDED
⚡️ <NRP> SERVER <PERSON>⚡️INDIAN SERVER 2🇮🇳
⚡️INDIAN SERVER 3🇮🇳
⚡️VIETNUM 🇻🇳
⚡️USA 🇺🇸
⚡️MALASHIYA 🇲🇾
otpking.online",False,False,False,False,True,False,False,True,False,False,1913734675,,,,,,,,,43.0,0.0,"{'_': 'MessageReplies', 'replies': 0, 'replies_pts': 7637, 'comments': True, 'recent_repliers': [], 'channel_id': 1942096345, 'max_id': None, 'read_max_id': None}",2024-03-24T17:46:12+00:00,,,,[],
adder_venom,https://t.me/adder_venom,638,2024-03-24 17:50:59,"HOLI SPACIAL OFFER 🎊<NRP>

Big Daddy Script Only 8000rs  this offer valid <DATE_TIME> 

Price Only ₹28000
Dm Me Fast telegram
@venomshade",False,False,False,False,True,False,False,True,True,False,1913734675,,,,,,,6.052922373058969e+18,,51.0,0.0,"{'_': 'MessageReplies', 'replies': 0, 'replies_pts': 7637, 'comments': True, 'recent_repliers': [], 'channel_id': 1942096345, 'max_id': None, 'read_max_id': None}",2024-03-24T18:31:35+00:00,,1.3690421271875092e+16,"{'_': 'MessageReactions', 'results': [{'_': 'ReactionCount', 'reaction': {'_': 'ReactionEmoji', 'emoticon': '👍'}, 'count': 4, 'chosen_order': None}, {'_': 'ReactionCount', 'reaction': {'_': 'ReactionEmoji', 'emoticon': '🔥'}, 'count': 3, 'chosen_order': None}], 'min': False, 'can_see_list': False, 'reactions_as_tags': False, 'recent_reactions': []}",[],
adder_venom,https://t.me/adder_venom,639,2024-03-24 17:50:59,,False,False,False,False,True,False,False,True,False,False,1913734675,,,,,,,6.052922373058969e+18,,50.0,0.0,,2024-03-24T17:51:02+00:00,,1.3690421271875092e+16,,[],
adder_venom,https://t.me/adder_venom,640,2024-03-24 17:50:59,,False,False,False,False,True,False,False,True,False,False,1913734675,,,,,,,6.052922373058969e+18,,54.0,0.0,,2024-03-24T17:51:02+00:00,,1.3690421271875092e+16,,[],
adder_venom,https://t.me/adder_venom,641,2024-03-24 17:50:59,,False,False,False,False,True,False,False,True,False,False,1913734675,,,,,,,6.052922373058969e+18,,52.0,0.0,,2024-03-24T17:51:02+00:00,,1.3690421271875092e+16,,[],
adder_venom,https://t.me/adder_venom,642,2024-03-24 17:50:59,,False,False,False,False,True,False,False,True,False,False,1913734675,,,,,,,6.052922373058969e+18,,54.0,0.0,,2024-03-24T17:51:02+00:00,,1.3690421271875092e+16,,[],
adder_venom,https://t.me/adder_venom,643,2024-03-24 17:50:59,,False,False,False,False,True,False,False,True,False,False,1913734675,,,,,,,6.052922373058969e+18,,56.0,0.0,,2024-03-24T17:51:02+00:00,,1.3690421271875092e+16,,[],
adder_venom,https://t.me/adder_venom,644,2024-03-24 17:50:59,,False,False,False,False,True,False,False,True,False,False,1913734675,,,,,,,6.052922373058969e+18,,56.0,0.0,,2024-03-24T17:51:02+00:00,,1.3690421271875092e+16,,[],
adder_venom,https://t.me/adder_venom,645,2024-03-24 17:50:59,,False,False,False,False,True,False,False,True,False,False,1913734675,,,,,,,6.052922373058969e+18,,56.0,0.0,,2024-03-24T17:51:02+00:00,,1.3690421271875092e+16,,[],
adder_venom,https://t.me/adder_venom,646,2024-03-24 17:52:18,,False,False,False,False,True,False,False,True,False,False,1913734675,,,,,,,,,61.0,0.0,"{'_': 'MessageReplies', 'replies': 0, 'replies_pts': 7637, 'comments': True, 'recent_repliers': [], 'channel_id': 1942096345, 'max_id': None, 'read_max_id': None}",2024-03-24T18:31:33+00:00,,,"{'_': 'MessageReactions', 'results': [{'_': 'ReactionCount', 'reaction': {'_': 'ReactionEmoji', 'emoticon': '👍'}, 'count': 5, 'chosen_order': None}, {'_': 'ReactionCount', 'reaction': {'_': 'ReactionEmoji', 'emoticon': '🥰'}, 'count': 4, 'chosen_order': None}], 'min': False, 'can_see_list': False, 'reactions_as_tags': False, 'recent_reactions': []}",[],
adder_venom,https://t.me/adder_venom,647,2024-03-24 18:37:01,,False,False,False,True,True,,False,,,,1913734675,,,,638.0,False,False,,,,,,,,,,,
adder_venom,https://t.me/adder_venom,648,2024-03-24 18:37:38,आप सभी <PERSON>,False,False,False,False,True,False,False,True,False,False,1913734675,,,,,,,6.052922373058969e+18,,47.0,0.0,"{'_': 'MessageReplies', 'replies': 0, 'replies_pts': 7637, 'comments': True, 'recent_repliers': [], 'channel_id': 1942096345, 'max_id': None, 'read_max_id': None}",2024-03-24T19:27:28+00:00,,,"{'_': 'MessageReactions', 'results': [{'_': 'ReactionCount', 'reaction': {'_': 'ReactionEmoji', 'emoticon': '👍'}, 'count': 1, 'chosen_order': None}], 'min': False, 'can_see_list': False, 'reactions_as_tags': False, 'recent_reactions': []}",[],
adder_venom,https://t.me/adder_venom,650,2024-03-26 11:22:41,Telegram account solded✅✅ 60 accounts,False,False,False,False,True,False,False,True,False,False,1913734675,,,,,,,6.059889132135628e+18,,14.0,0.0,,2024-03-26T11:22:44+00:00,,1.369161729311202e+16,,[],
adder_venom,https://t.me/adder_venom,651,2024-03-26 11:34:53,Any need bulk stock message,False,False,False,False,True,False,False,True,False,False,1913734675,,,,,,,,,3.0,0.0,"{'_': 'MessageReplies', 'replies': 0, 'replies_pts': 7644, 'comments': True, 'recent_repliers': [], 'channel_id': 1942096345, 'max_id': None, 'read_max_id': None}",2024-03-26T11:34:56+00:00,,,,[],
adder_venom,https://t.me/adder_venom,652,2024-03-26 11:35:17,https://t.me/otpkingsupport,False,False,False,False,True,False,False,True,False,False,1913734675,,,,,,,,,3.0,0.0,"{'_': 'MessageReplies', 'replies': 0, 'replies_pts': 7644, 'comments': True, 'recent_repliers': [], 'channel_id': 1942096345, 'max_id': None, 'read_max_id': None}",2024-03-26T11:35:20+00:00,,,,[],
adder_venom,https://t.me/adder_venom,654,2024-03-26 17:09:53,"Again soled 30 account tg rate fixed 30 rs 
@venomshade",False,False,False,False,True,False,False,True,False,False,1913734675,,,,,,,6.059889132135628e+18,,6.0,0.0,"{'_': 'MessageReplies', 'replies': 0, 'replies_pts': 7649, 'comments': True, 'recent_repliers': [], 'channel_id': 1942096345, 'max_id': None, 'read_max_id': None}",2024-03-26T17:09:56+00:00,,,,[],
adder_venom,https://t.me/adder_venom,656,2024-03-26 19:15:12,All application prise low prise me only aaj night <PERSON> users msg kro apni service bhejo  kis kis service <PERSON> prise <PERSON> moj.kro❤️❤️😍😍,False,False,False,False,True,False,False,True,False,False,1913734675,,,,,,,,,10.0,0.0,"{'_': 'MessageReplies', 'replies': 0, 'replies_pts': 7662, 'comments': True, 'recent_repliers': [], 'channel_id': 1942096345, 'max_id': None, 'read_max_id': None}",2024-03-26T19:20:39+00:00,,,"{'_': 'MessageReactions', 'results': [{'_': 'ReactionCount', 'reaction': {'_': 'ReactionEmoji', 'emoticon': '👍'}, 'count': 2, 'chosen_order': None}], 'min': False, 'can_see_list': False, 'reactions_as_tags': False, 'recent_reactions': []}",[],
adder_venom,https://t.me/adder_venom,657,2024-03-26 19:20:04,Server  use karo India me.kisi v site <PERSON> use kro moj kro❤️❤️,False,False,False,False,True,False,False,True,False,False,1913734675,,,,,,,,,7.0,0.0,"{'_': 'MessageReplies', 'replies': 0, 'replies_pts': 7662, 'comments': True, 'recent_repliers': [], 'channel_id': 1942096345, 'max_id': None, 'read_max_id': None}",2024-03-26T19:20:38+00:00,,,"{'_': 'MessageReactions', 'results': [{'_': 'ReactionCount', 'reaction': {'_': 'ReactionEmoji', 'emoticon': '👍'}, 'count': 2, 'chosen_order': None}], 'min': False, 'can_see_list': False, 'reactions_as_tags': False, 'recent_reactions': []}",[],
adder_venom,https://t.me/adder_venom,658,2024-03-26 19:20:34,,False,False,False,False,True,False,False,True,False,False,1913734675,,,,,,,,,7.0,0.0,"{'_': 'MessageReplies', 'replies': 0, 'replies_pts': 7662, 'comments': True, 'recent_repliers': [], 'channel_id': 1942096345, 'max_id': None, 'read_max_id': None}",2024-03-26T19:20:37+00:00,,,,[],
adder_venom,https://t.me/adder_venom,660,2024-03-26 21:42:22,,False,False,False,False,True,False,False,True,False,False,1913734675,,,,,,,,,49.0,0.0,"{'_': 'MessageReplies', 'replies': 0, 'replies_pts': 7680, 'comments': True, 'recent_repliers': [], 'channel_id': 1942096345, 'max_id': None, 'read_max_id': None}",2024-03-26T21:43:40+00:00,,,"{'_': 'MessageReactions', 'results': [{'_': 'ReactionCount', 'reaction': {'_': 'ReactionEmoji', 'emoticon': '🔥'}, 'count': 1, 'chosen_order': None}], 'min': False, 'can_see_list': False, 'reactions_as_tags': False, 'recent_reactions': []}",[],
adder_venom,https://t.me/adder_venom,661,2024-03-26 21:44:18,And <NRP> bulk m chye message @venomshade with discount,False,False,False,False,True,False,False,True,False,False,1913734675,,,,,,,,,53.0,0.0,"{'_': 'MessageReplies', 'replies': 0, 'replies_pts': 7680, 'comments': True, 'recent_repliers': [], 'channel_id': 1942096345, 'max_id': None, 'read_max_id': None}",2024-03-27T06:45:23+00:00,,,"{'_': 'MessageReactions', 'results': [{'_': 'ReactionCount', 'reaction': {'_': 'ReactionEmoji', 'emoticon': '👍'}, 'count': 1, 'chosen_order': None}], 'min': False, 'can_see_list': False, 'reactions_as_tags': False, 'recent_reactions': []}",[],
adder_venom,https://t.me/adder_venom,662,2024-03-27 06:43:56,"🔥 Telegram full stock
https://youtu.be/4Us9zGv5_fo?si=Skg8l7xpK8xN0wGv",False,False,False,False,True,False,False,True,False,False,1913734675,,,,,,,,,37.0,0.0,"{'_': 'MessageReplies', 'replies': 0, 'replies_pts': 7680, 'comments': True, 'recent_repliers': [], 'channel_id': 1942096345, 'max_id': None, 'read_max_id': None}",2024-03-27T06:45:21+00:00,,,"{'_': 'MessageReactions', 'results': [{'_': 'ReactionCount', 'reaction': {'_': 'ReactionEmoji', 'emoticon': '👍'}, 'count': 1, 'chosen_order': None}], 'min': False, 'can_see_list': False, 'reactions_as_tags': False, 'recent_reactions': []}",[],
adder_venom,https://t.me/adder_venom,664,2024-03-28 18:22:40,,False,False,False,False,True,False,False,True,False,False,1913734675,,,,,,,6.064174332675997e+18,,122.0,0.0,,2024-03-28T18:22:43+00:00,,1.3693201281794732e+16,,[],
adder_venom,https://t.me/adder_venom,665,2024-03-28 18:22:40,,False,False,False,False,True,False,False,True,False,False,1913734675,,,,,,,6.064174332675997e+18,,120.0,0.0,,2024-03-28T18:22:43+00:00,,1.3693201281794732e+16,,[],
adder_venom,https://t.me/adder_venom,666,2024-03-29 05:03:59,Soled,False,False,False,False,True,False,False,True,False,False,1913734675,,,,,,,6.066426132489681e+18,,118.0,0.0,"{'_': 'MessageReplies', 'replies': 0, 'replies_pts': 7740, 'comments': True, 'recent_repliers': [], 'channel_id': 1942096345, 'max_id': None, 'read_max_id': None}",2024-03-29T05:04:02+00:00,,,,[],
adder_venom,https://t.me/adder_venom,667,2024-03-29 06:32:01,Soled telegram account 50 ✅✅,False,False,False,False,True,False,False,True,False,False,1913734675,,,,,,,6.066426132489681e+18,,109.0,0.0,"{'_': 'MessageReplies', 'replies': 0, 'replies_pts': 7740, 'comments': True, 'recent_repliers': [], 'channel_id': 1942096345, 'max_id': None, 'read_max_id': None}",2024-03-29T06:32:04+00:00,,,,[],
adder_venom,https://t.me/adder_venom,668,2024-03-30 18:15:40,Soled telegram and WhatsApp,False,False,False,False,True,False,False,True,False,False,1913734675,,,,,,,6.073542304888634e+18,,75.0,0.0,"{'_': 'MessageReplies', 'replies': 0, 'replies_pts': 7740, 'comments': True, 'recent_repliers': [], 'channel_id': 1942096345, 'max_id': None, 'read_max_id': None}",2024-03-30T21:13:40+00:00,,1.3694580321441348e+16,"{'_': 'MessageReactions', 'results': [], 'min': False, 'can_see_list': False, 'reactions_as_tags': False, 'recent_reactions': []}",[],
adder_venom,https://t.me/adder_venom,669,2024-03-30 18:15:40,,False,False,False,False,True,False,False,True,False,False,1913734675,,,,,,,6.073542304888634e+18,,77.0,0.0,,2024-03-30T18:15:43+00:00,,1.3694580321441348e+16,,[],
adder_venom,https://t.me/adder_venom,670,2024-03-30 18:15:40,,False,False,False,False,True,False,False,True,False,False,1913734675,,,,,,,6.073542304888634e+18,,76.0,0.0,,2024-03-30T18:15:43+00:00,,1.3694580321441348e+16,,[],
adder_venom,https://t.me/adder_venom,671,2024-03-30 18:15:40,,False,False,False,False,True,False,False,True,False,False,1913734675,,,,,,,6.073542304888634e+18,,77.0,0.0,,2024-03-30T18:15:43+00:00,,1.3694580321441348e+16,,[],
adder_venom,https://t.me/adder_venom,672,2024-03-30 18:15:40,,False,False,False,False,True,False,False,True,False,False,1913734675,,,,,,,6.073542304888634e+18,,76.0,0.0,,2024-03-30T18:15:43+00:00,,1.3694580321441348e+16,,[],
adder_venom,https://t.me/adder_venom,673,2024-03-30 18:16:10,,False,False,False,False,True,False,False,True,False,False,1913734675,,,,,,,6.073542304888634e+18,,78.0,0.0,"{'_': 'MessageReplies', 'replies': 0, 'replies_pts': 7740, 'comments': True, 'recent_repliers': [], 'channel_id': 1942096345, 'max_id': None, 'read_max_id': None}",2024-03-30T18:16:13+00:00,,,,[],
adder_venom,https://t.me/adder_venom,674,2024-03-30 18:19:59,"Telegram stock is out of stock in our website
Otpking.online

On we add all OTP stock <DATE_TIME>

Mannual tg available fresh and WhatsApp aslo permanent

Support id 👇👇👇👇
@venomshade",False,False,False,False,True,False,False,False,False,False,1913734675,,,,,,,,,83.0,0.0,"{'_': 'MessageReplies', 'replies': 0, 'replies_pts': 7740, 'comments': True, 'recent_repliers': [], 'channel_id': 1942096345, 'max_id': None, 'read_max_id': None}",2024-03-30T18:20:13+00:00,,,,[],
adder_venom,https://t.me/adder_venom,675,2024-03-30 18:22:51,,False,False,False,False,True,False,False,True,False,False,1913734675,,,,,,,,,90.0,0.0,"{'_': 'MessageReplies', 'replies': 0, 'replies_pts': 7740, 'comments': True, 'recent_repliers': [], 'channel_id': 1942096345, 'max_id': None, 'read_max_id': None}",2024-03-30T18:22:54+00:00,,,,[],
adder_venom,https://t.me/adder_venom,676,2024-03-31 05:26:45,Stock will comes on <DATE_TIME>,False,False,False,False,True,False,False,True,False,False,1913734675,,,,,,,,,74.0,0.0,"{'_': 'MessageReplies', 'replies': 0, 'replies_pts': 7740, 'comments': True, 'recent_repliers': [], 'channel_id': 1942096345, 'max_id': None, 'read_max_id': None}",2024-03-31T05:26:48+00:00,,,,[],
adder_venom,https://t.me/adder_venom,677,2024-03-31 05:26:50,All things,False,False,False,False,True,False,False,True,False,False,1913734675,,,,,,,,,75.0,0.0,"{'_': 'MessageReplies', 'replies': 0, 'replies_pts': 7740, 'comments': True, 'recent_repliers': [], 'channel_id': 1942096345, 'max_id': None, 'read_max_id': None}",2024-03-31T05:26:53+00:00,,,,[],
adder_venom,https://t.me/adder_venom,678,2024-03-31 05:29:13,,False,False,True,False,True,False,False,True,False,False,1913734675,,,,,,,,,76.0,0.0,"{'_': 'MessageReplies', 'replies': 0, 'replies_pts': 7740, 'comments': True, 'recent_repliers': [], 'channel_id': 1942096345, 'max_id': None, 'read_max_id': None}",2024-03-31T05:29:16+00:00,,,,[],
adder_venom,https://t.me/adder_venom,679,2024-03-31 19:19:21,"Brother  work start <PERSON> h digital products like earbuds, smwart watch , earphone and speaker 

At very affordable prices 

Soon I am lauch this 
and other things",False,False,False,False,True,False,False,True,False,False,1913734675,,,,,,,,,61.0,0.0,"{'_': 'MessageReplies', 'replies': 0, 'replies_pts': 7740, 'comments': True, 'recent_repliers': [], 'channel_id': 1942096345, 'max_id': None, 'read_max_id': None}",2024-03-31T19:19:36+00:00,,,"{'_': 'MessageReactions', 'results': [{'_': 'ReactionCount', 'reaction': {'_': 'ReactionEmoji', 'emoticon': '❤'}, 'count': 1, 'chosen_order': None}], 'min': False, 'can_see_list': False, 'reactions_as_tags': False, 'recent_reactions': []}",[],
adder_venom,https://t.me/adder_venom,680,2024-03-31 19:20:00,Due some reason I am not much online <DATE_TIME>,False,False,False,False,True,False,False,True,False,False,1913734675,,,,,,,,,62.0,0.0,"{'_': 'MessageReplies', 'replies': 0, 'replies_pts': 7740, 'comments': True, 'recent_repliers': [], 'channel_id': 1942096345, 'max_id': None, 'read_max_id': None}",2024-03-31T19:24:38+00:00,,,"{'_': 'MessageReactions', 'results': [{'_': 'ReactionCount', 'reaction': {'_': 'ReactionEmoji', 'emoticon': '👍'}, 'count': 1, 'chosen_order': None}], 'min': False, 'can_see_list': False, 'reactions_as_tags': False, 'recent_reactions': []}",[],
adder_venom,https://t.me/adder_venom,681,2024-03-31 19:24:25,All countries delivery 🚚✅,False,False,False,False,True,False,False,True,False,False,1913734675,,,,,,,,,61.0,0.0,"{'_': 'MessageReplies', 'replies': 0, 'replies_pts': 7740, 'comments': True, 'recent_repliers': [], 'channel_id': 1942096345, 'max_id': None, 'read_max_id': None}",2024-03-31T19:24:39+00:00,,,"{'_': 'MessageReactions', 'results': [{'_': 'ReactionCount', 'reaction': {'_': 'ReactionEmoji', 'emoticon': '👍'}, 'count': 1, 'chosen_order': None}], 'min': False, 'can_see_list': False, 'reactions_as_tags': False, 'recent_reactions': []}",[],
adder_venom,https://t.me/adder_venom,682,2024-03-31 20:24:16,"🍿 Big Telegram update with 8+ new features is out.

The bot platform is entering a new era with the ability to add bots that can seamlessly manage personal and business accounts. All bot developers are welcome to check out the APIs and start building.

The rest of the new Business features are just as juicy. My personal favorite is the ability to customize the empty chat with you (I’ve always wanted to replace the “No messages here yet…” text with something more fun and add a sticker I like). 

There are several features in <DATE_TIME>’s update that we haven’t described in the official blog, so soon we’ll publish another post to cover all that is new. It seems we are adding features faster than we can describe them <NRP>",False,False,False,False,True,False,False,True,False,False,1913734675,,,,,,,,,61.0,0.0,"{'_': 'MessageReplies', 'replies': 0, 'replies_pts': 7740, 'comments': True, 'recent_repliers': [], 'channel_id': 1942096345, 'max_id': None, 'read_max_id': None}",2024-03-31T20:24:19+00:00,,,,[],
adder_venom,https://t.me/adder_venom,683,2024-04-01 16:10:19,Order completed member adding  ✅✅,False,False,False,False,True,False,False,True,False,False,1913734675,,,,,,,6.077755646331175e+18,,38.0,1.0,"{'_': 'MessageReplies', 'replies': 0, 'replies_pts': 7740, 'comments': True, 'recent_repliers': [], 'channel_id': 1942096345, 'max_id': None, 'read_max_id': None}",2024-04-01T17:12:47+00:00,,,"{'_': 'MessageReactions', 'results': [{'_': 'ReactionCount', 'reaction': {'_': 'ReactionEmoji', 'emoticon': '❤'}, 'count': 1, 'chosen_order': None}], 'min': False, 'can_see_list': False, 'reactions_as_tags': False, 'recent_reactions': []}",[],
adder_venom,https://t.me/adder_venom,684,2024-04-01 20:13:08,,False,False,False,False,True,False,False,True,False,False,1913734675,,,,,,,,,19.0,2.0,"{'_': 'MessageReplies', 'replies': 0, 'replies_pts': 7740, 'comments': True, 'recent_repliers': [], 'channel_id': 1942096345, 'max_id': None, 'read_max_id': None}",2024-04-01T20:13:11+00:00,,,,[],
adder_venom,https://t.me/adder_venom,685,2024-04-01 20:41:07,"Isko usa account <PERSON> h <NRP>
Message me",False,False,False,False,True,False,False,True,False,False,1913734675,,,,,,,,,9.0,0.0,"{'_': 'MessageReplies', 'replies': 0, 'replies_pts': 7740, 'comments': True, 'recent_repliers': [], 'channel_id': 1942096345, 'max_id': None, 'read_max_id': None}",2024-04-01T20:41:10+00:00,,,,[],
adder_venom,https://t.me/adder_venom,687,2024-04-02 06:03:53,"https://t.me/+Xn9a45tckRRmZTA1

Join this",False,False,False,False,True,False,False,True,False,False,1913734675,,,,,,,,,8.0,0.0,"{'_': 'MessageReplies', 'replies': 0, 'replies_pts': 7748, 'comments': True, 'recent_repliers': [], 'channel_id': 1942096345, 'max_id': None, 'read_max_id': None}",2024-04-02T06:05:33+00:00,,,"{'_': 'MessageReactions', 'results': [{'_': 'ReactionCount', 'reaction': {'_': 'ReactionEmoji', 'emoticon': '👍'}, 'count': 2, 'chosen_order': None}], 'min': False, 'can_see_list': False, 'reactions_as_tags': False, 'recent_reactions': []}",[],
adder_venom,https://t.me/adder_venom,689,2024-04-02 06:11:31,When 100 subscriber complete course this will start,False,False,False,False,True,False,False,True,False,False,1913734675,,,,,,,,,13.0,0.0,"{'_': 'MessageReplies', 'replies': 0, 'replies_pts': 7753, 'comments': True, 'recent_repliers': [], 'channel_id': 1942096345, 'max_id': None, 'read_max_id': None}",2024-04-02T06:11:34+00:00,,,,[],
adder_venom,https://t.me/adder_venom,691,2024-04-03 08:45:47,<DATE_TIME> new software will lauch at <DATE_TIME>,False,False,False,False,True,False,False,True,False,False,1913734675,,,,,,,,,10.0,0.0,"{'_': 'MessageReplies', 'replies': 0, 'replies_pts': 7765, 'comments': True, 'recent_repliers': [], 'channel_id': 1942096345, 'max_id': None, 'read_max_id': None}",2024-04-03T08:46:23+00:00,,,"{'_': 'MessageReactions', 'results': [{'_': 'ReactionCount', 'reaction': {'_': 'ReactionEmoji', 'emoticon': '❤'}, 'count': 1, 'chosen_order': None}], 'min': False, 'can_see_list': False, 'reactions_as_tags': False, 'recent_reactions': []}",[],
adder_venom,https://t.me/adder_venom,692,2024-04-03 08:46:14,,False,False,False,False,True,False,False,True,False,False,1913734675,,,,,,,,,9.0,0.0,"{'_': 'MessageReplies', 'replies': 0, 'replies_pts': 7765, 'comments': True, 'recent_repliers': [], 'channel_id': 1942096345, 'max_id': None, 'read_max_id': None}",2024-04-03T08:46:20+00:00,,,"{'_': 'MessageReactions', 'results': [{'_': 'ReactionCount', 'reaction': {'_': 'ReactionEmoji', 'emoticon': '🔥'}, 'count': 1, 'chosen_order': None}], 'min': False, 'can_see_list': False, 'reactions_as_tags': False, 'recent_reactions': []}",[],
adder_venom,https://t.me/adder_venom,694,2024-04-03 20:52:13,Soon...,False,False,False,False,True,False,False,True,False,False,1913734675,,,,,,,,,13.0,0.0,"{'_': 'MessageReplies', 'replies': 0, 'replies_pts': 7777, 'comments': True, 'recent_repliers': [], 'channel_id': 1942096345, 'max_id': None, 'read_max_id': None}",2024-04-03T20:52:48+00:00,,,"{'_': 'MessageReactions', 'results': [{'_': 'ReactionCount', 'reaction': {'_': 'ReactionEmoji', 'emoticon': '🔥'}, 'count': 1, 'chosen_order': None}], 'min': False, 'can_see_list': False, 'reactions_as_tags': False, 'recent_reactions': []}",[],
