Channel ID,URL,Post ID,date,message,out,mentioned,media_unread,silent,post,from_scheduled,legacy,edit_hide,pinned,noforwards,peer_channel,from_id_user,fwd_from,via_bot_id,reply_to_msg_id,reply_to_scheduled,forum_topic,media_photo_id,reply_markup,views,forwards,replies,edit_date,post_author,grouped_id,reactions,restriction_reason,ttl_period
channelpostreaction,https://t.me/channelpostreaction,17,2024-01-07 10:30:08,"⭐️⭐️⭐️

Auto reaction on posts

New service available 

<DATE_TIME>
50 reaction on per post
Maximum 15 post per day

Price is 10$

For more information contact us

@sub_support",False,False,False,False,True,False,False,False,False,False,1990306586,,,,,,,,,15.0,0.0,,,,,,[],
channelpostreaction,https://t.me/channelpostreaction,23,2024-03-11 13:30:12,https://<EMAIL_ADDRESS>/7-best-telegram-post-views-bot-in-2024-55c6bfb65302,False,False,False,False,True,False,False,False,False,False,1990306586,,,,,,,,,2.0,0.0,,,,,,[],
channelpostreaction,https://t.me/channelpostreaction,24,2024-03-12 14:41:41,"Price list of Telegram post views

@auto_post_viewsbot

1 coin : 1 view

10k coins is 3$
50k coins 10$
100k coins 15$
500k coins 60$
1M coins only 95$ 

💰 U can pay by all crypto currencies

Minimum payment is 3$",False,False,False,False,True,False,False,False,False,False,1990306586,,,,,,,,,2.0,0.0,,,,,,[],
