Channel ID,URL,Post ID,date,message,out,mentioned,media_unread,silent,post,from_scheduled,legacy,edit_hide,pinned,noforwards,peer_channel,from_id_user,fwd_from,via_bot_id,reply_to_msg_id,reply_to_scheduled,forum_topic,media_photo_id,reply_markup,views,forwards,replies,edit_date,post_author,grouped_id,reactions,restriction_reason,ttl_period
channel_selling_buying_group,https://t.me/channel_selling_buying_group,68,2024-03-05 10:21:11,"120 k  Channel For sale  ✅

Free promotion for <DATE_TIME>

Low price dm fast  @naina_ne",False,False,False,False,True,False,False,False,False,False,1770102777,,,,,,,,,51,1,,,,,,[],
