Channel ID,URL,Post ID,date,message,out,mentioned,media_unread,silent,post,from_scheduled,legacy,edit_hide,pinned,noforwards,peer_channel,from_id_user,fwd_from,via_bot_id,reply_to_msg_id,reply_to_scheduled,forum_topic,media_photo_id,reply_markup,views,forwards,replies,edit_date,post_author,grouped_id,reactions,restriction_reason,ttl_period
flashgroups,https://t.me/flashgroups,230,2024-01-12 13:19:11,"________________________________

🌐 Instagram Giveaways  🚀

1.4m Model/Influencer Giveaway (Brazil)

📅 Date: <DATE_TIME>

⭐️  Host: @ MaylaRaujoc <NRP>

💯 Estimated Growth: 35k-40k+

📮 For More info Contact @iammmw  ✅

——————————————

Combined 17.8m Model/Influencer Giveaway (USA)

📅 Date: <DATE_TIME>

⭐️ Host: @ Amandaeliselee & @ Daniellecohn <NRP>

💯  Estimated Growth: 10k-15k+

📮 For More info Contact @iammmw  ✅

We have partnered with Amanda & Danielle to host a combined giveaway! Both influencers will post the giveaway to their Instagram pages at the time of the campaign, its going to be massive! Does this interest you?

——————————————

👑 Spots in our campaigns are Extremely Limited opportunities! We always sell out & hit our guarantees, so you don’t want to miss out!",False,False,False,False,True,False,False,False,True,False,1430866777,,,,,,,,,40757.0,12.0,,,iammmw,,,[],
flashgroups,https://t.me/flashgroups,231,2024-01-12 13:19:43,,False,False,False,False,True,,False,,,,1430866777,,,,230.0,False,False,,,,,,,,,,,
flashgroups,https://t.me/flashgroups,232,2024-02-25 09:48:40,"________________________________

🌐 Instagram Giveaways  🚀


2m Model/Influencer Giveaway (Brazil)

📅 Date: <DATE_TIME>

⭐️ Host: @ ThaisReolon <NRP>

💯  Estimated Growth: 35k-40k+

📮 For More info Contact @iammmw  ✅

——————————————

👑 Spots in our campaigns are Extremely Limited opportunities! We always sell out & hit our guarantees, so you don’t want to miss out!",False,False,False,False,True,False,False,False,True,False,1430866777,,,,,,,,,19359.0,6.0,,,iammmw,,,[],
flashgroups,https://t.me/flashgroups,233,2024-02-25 09:48:45,,False,False,False,False,True,,False,,,,1430866777,,,,232.0,False,False,,,,,,,,,,,
flashgroups,https://t.me/flashgroups,235,2024-03-06 11:33:32,,False,False,False,False,True,,False,,,,1430866777,,,,234.0,False,False,,,,,,,,,,,
