Channel ID,URL,Post ID,date,message,out,mentioned,media_unread,silent,post,from_scheduled,legacy,edit_hide,pinned,noforwards,peer_channel,from_id_user,fwd_from,via_bot_id,reply_to_msg_id,reply_to_scheduled,forum_topic,media_photo_id,reply_markup,views,forwards,replies,edit_date,post_author,grouped_id,reactions,restriction_reason,ttl_period
freelancer_telegram_promotion,https://t.me/freelancer_telegram_promotion,90,2024-03-13 14:38:15,"FREELANCER_TELGRAM_PROMOTION OFFERS THE FOLLOWING PROMOTIONS.

>> FAKE MEMBERS HARD DROP.

>>FAKE DEAD MEMBERS.

>> FAKE AND REFILL FAKE MEMBERS 30DAYS.

>> REAL AND ACTIVE MEMBERS.

>> REAL BUT NOT ACTIVE MEMBERS.

WE ALSO PROVIDE THE FOLLOWING INVESTORS LIKE.

>> CRYPTO PROJECT INVESTORS.

>>NFT INVESTORS.

>> BETTING PLAYERS..

>> CASINO PLAYERS

WE ARE INTO SCRAPING FROM TARGET GROUP TO ANOTHER GROUP..

>> RECENT MEMBERS.
>> LAST SEEN MEMBERS.
>> ONLINE MEMBERS.

OUR ADMIN ON FOR YOUR DEALS <NRP>
@Advert_freelancer

#promoter
#promotion
#telegrampromotion
#telegram_promotion
#telegrampromoter
#telegram_promoter",False,False,False,True,True,False,False,True,True,False,1607056206,,"{'_': 'MessageFwdHeader', 'date': '2023-12-04T22:47:33+00:00', 'imported': False, 'saved_out': False, 'from_id': {'_': 'PeerChannel', 'channel_id': 1607056206}, 'from_name': None, 'channel_post': 78, 'post_author': None, 'saved_from_peer': None, 'saved_from_msg_id': None, 'saved_from_id': None, 'saved_from_name': None, 'saved_date': None, 'psa_type': None}",,,,,,,101,0,"{'_': 'MessageReplies', 'replies': 0, 'replies_pts': 27, 'comments': True, 'recent_repliers': [], 'channel_id': 2125352619, 'max_id': None, 'read_max_id': None}",2024-03-13T14:38:18+00:00,,,,[],
freelancer_telegram_promotion,https://t.me/freelancer_telegram_promotion,92,2024-03-22 10:04:09,,False,False,False,True,True,False,False,True,False,False,1607056206,,,,,,,6.046102274230568e+18,,46,0,"{'_': 'MessageReplies', 'replies': 0, 'replies_pts': 27, 'comments': True, 'recent_repliers': [], 'channel_id': 2125352619, 'max_id': None, 'read_max_id': None}",2024-03-22T10:04:12+00:00,,1.3688814794030764e+16,,[],
freelancer_telegram_promotion,https://t.me/freelancer_telegram_promotion,93,2024-03-22 10:04:09,"<DATE_TIME>+ SUBSCRIBERS ADDED SUCCESSFULLY....


for more promotion and telegram targeted group members scraping, and crypto advance subscribers' you can message me on 👇
@Advert_freelancer
@Advert_freelancer

#telegram_promoter 
#telegram_promotion",False,False,False,True,True,False,False,False,False,False,1607056206,,,,,,,6.046102274230568e+18,,48,0,,2024-03-22T10:05:37+00:00,,1.3688814794030764e+16,,[],
