Channel ID,URL,Post ID,date,message,out,mentioned,media_unread,silent,post,from_scheduled,legacy,edit_hide,pinned,noforwards,peer_channel,from_id_user,fwd_from,via_bot_id,reply_to_msg_id,reply_to_scheduled,forum_topic,media_photo_id,reply_markup,views,forwards,replies,edit_date,post_author,grouped_id,reactions,restriction_reason,ttl_period
hxtlistservices,https://t.me/hxtlistservices,1500,2024-01-01 20:20:15,100 First TO DM,False,False,False,False,True,False,False,True,False,False,1689097401,,,,1307.0,False,False,,,413,0,"{'_': 'MessageReplies', 'replies': 2, 'replies_pts': 15996, 'comments': True, 'recent_repliers': [{'_': 'PeerChannel', 'channel_id': 1689097401}, {'_': 'PeerUser', 'user_id': 5002596423}], 'channel_id': 1145739994, 'max_id': 9739, 'read_max_id': None}",2024-01-01T20:20:18+00:00,нιтℓιѕт / قائمة الاغتيالات Active ( MM ),,,[],
hxtlistservices,https://t.me/hxtlistservices,1507,2024-01-04 16:52:35,"IMP available 
Email access required 

+ must have this email",False,False,False,False,True,False,False,False,False,False,1689097401,,,,,,,4.951731241271537e+18,,650,4,"{'_': 'MessageReplies', 'replies': 0, 'replies_pts': 15996, 'comments': True, 'recent_repliers': [], 'channel_id': 1145739994, 'max_id': None, 'read_max_id': None}",2024-01-04T18:14:34+00:00,нιтℓιѕт / قائمة الاغتيالات Active ( MM ),,,[],
hxtlistservices,https://t.me/hxtlistservices,1513,2024-01-11 01:12:10,Such a nice @ and no one wants,False,False,False,False,True,False,False,True,False,False,1689097401,,,,1307.0,False,False,,,336,0,"{'_': 'MessageReplies', 'replies': 0, 'replies_pts': 15996, 'comments': True, 'recent_repliers': [], 'channel_id': 1145739994, 'max_id': None, 'read_max_id': None}",2024-01-11T01:12:13+00:00,нιтℓιѕт / قائمة الاغتيالات Active ( MM ),,,[],
hxtlistservices,https://t.me/hxtlistservices,1515,2024-01-11 16:16:51,,False,False,False,False,True,False,False,False,False,False,1689097401,,,,,,,5.091729114783657e+18,,441,9,"{'_': 'MessageReplies', 'replies': 4, 'replies_pts': 15996, 'comments': True, 'recent_repliers': [{'_': 'PeerChannel', 'channel_id': 1689097401}, {'_': 'PeerUser', 'user_id': 5001096515}, {'_': 'PeerUser', 'user_id': 6259085543}], 'channel_id': 1145739994, 'max_id': 10416, 'read_max_id': None}",2024-02-20T21:42:27+00:00,нιтℓιѕт / قائمة الاغتيالات Active ( MM ),,"{'_': 'MessageReactions', 'results': [{'_': 'ReactionCount', 'reaction': {'_': 'ReactionEmoji', 'emoticon': '❤'}, 'count': 1, 'chosen_order': None}], 'min': False, 'can_see_list': False, 'reactions_as_tags': False, 'recent_reactions': []}",[],
hxtlistservices,https://t.me/hxtlistservices,1520,2024-01-15 13:06:51,Still available for <NRP>,False,False,False,False,True,False,False,True,False,False,1689097401,,,,1507.0,False,False,,,304,1,"{'_': 'MessageReplies', 'replies': 0, 'replies_pts': 15996, 'comments': True, 'recent_repliers': [], 'channel_id': 1145739994, 'max_id': None, 'read_max_id': None}",2024-01-15T13:06:54+00:00,нιтℓιѕт / قائمة الاغتيالات Active ( MM ),,,[],
hxtlistservices,https://t.me/hxtlistservices,1521,2024-01-15 15:56:03,"instagram <PERSON> : 

@e00 1600
@ddi ❎
@4pp ❎
@riza 725
@teko 700
@jero 650
@kake 600 
@rera 550
@bero 550
@bany 500
@siba 500
@nopo 500
@maho 500
@meru 500
@bati 500
@vzla 450
@napi 475
@chock 450
@nezu 425
@3nnn 400
@nojo 425
@sapu 400
@pinc 400
@meii 400

✅@Hxtlist if interested",False,False,False,False,True,False,False,False,False,False,1689097401,,,,,,,,,306,1,"{'_': 'MessageReplies', 'replies': 0, 'replies_pts': 15996, 'comments': True, 'recent_repliers': [], 'channel_id': 1145739994, 'max_id': None, 'read_max_id': None}",2024-01-28T21:00:18+00:00,нιтℓιѕт / قائمة الاغتيالات Active ( MM ),,,[],
hxtlistservices,https://t.me/hxtlistservices,1528,2024-01-17 21:58:25,"Now I can bypass meta verify 

Price : 50$ <- under market 

100-1m followers 
✅ @Hxtlist",False,False,False,False,True,False,False,True,False,False,1689097401,,,,,,,,,352,1,"{'_': 'MessageReplies', 'replies': 0, 'replies_pts': 15996, 'comments': True, 'recent_repliers': [], 'channel_id': 1145739994, 'max_id': None, 'read_max_id': None}",2024-01-18T05:52:06+00:00,нιтℓιѕт / قائمة الاغتيالات Active ( MM ),,"{'_': 'MessageReactions', 'results': [{'_': 'ReactionCount', 'reaction': {'_': 'ReactionEmoji', 'emoticon': '😐'}, 'count': 3, 'chosen_order': None}], 'min': False, 'can_see_list': False, 'reactions_as_tags': False, 'recent_reactions': []}",[],
hxtlistservices,https://t.me/hxtlistservices,1529,2024-01-20 22:26:27,$25 One,False,False,False,False,True,False,False,False,False,False,1689097401,,,,,,,5.010661147510156e+18,,300,1,"{'_': 'MessageReplies', 'replies': 0, 'replies_pts': 15996, 'comments': True, 'recent_repliers': [], 'channel_id': 1145739994, 'max_id': None, 'read_max_id': None}",2024-01-24T06:05:44+00:00,нιтℓιѕт / قائمة الاغتيالات Active ( MM ),,"{'_': 'MessageReactions', 'results': [{'_': 'ReactionCount', 'reaction': {'_': 'ReactionEmoji', 'emoticon': '🔥'}, 'count': 1, 'chosen_order': None}], 'min': False, 'can_see_list': False, 'reactions_as_tags': False, 'recent_reactions': []}",[],
hxtlistservices,https://t.me/hxtlistservices,1530,2024-01-20 22:30:58,,False,False,False,False,True,False,False,False,False,False,1689097401,,,,,,,5.093980914597342e+18,,341,4,"{'_': 'MessageReplies', 'replies': 0, 'replies_pts': 15996, 'comments': True, 'recent_repliers': [], 'channel_id': 1145739994, 'max_id': None, 'read_max_id': None}",2024-02-21T18:17:08+00:00,нιтℓιѕт / قائمة الاغتيالات Active ( MM ),,,[],
hxtlistservices,https://t.me/hxtlistservices,1543,2024-01-24 01:01:49,Can we get this nice ass digit sold,False,False,False,True,True,False,False,True,False,False,1689097401,,,,1316.0,False,False,,,292,0,"{'_': 'MessageReplies', 'replies': 0, 'replies_pts': 15996, 'comments': True, 'recent_repliers': [], 'channel_id': 1145739994, 'max_id': None, 'read_max_id': None}",2024-01-24T01:01:52+00:00,нιтℓιѕт / قائمة الاغتيالات Active ( MM ),,,[],
hxtlistservices,https://t.me/hxtlistservices,1547,2024-01-26 13:09:46,Bro give me 65 for this only today,False,False,False,True,True,False,False,False,False,False,1689097401,,,,1372.0,False,False,,,265,0,"{'_': 'MessageReplies', 'replies': 0, 'replies_pts': 15996, 'comments': True, 'recent_repliers': [], 'channel_id': 1145739994, 'max_id': None, 'read_max_id': None}",2024-01-26T13:09:53+00:00,нιтℓιѕт / قائمة الاغتيالات Active ( MM ),,,[],
hxtlistservices,https://t.me/hxtlistservices,1549,2024-01-26 17:57:21,"TikTok users ☺️🖼🖼

jj 
g_ 
sj 
gtt 
gyy
g0g 
g44 
.n0 
_pt 


DM : @Hxtlist",False,False,False,True,True,False,False,False,False,False,1689097401,,,,,,,,,342,2,"{'_': 'MessageReplies', 'replies': 0, 'replies_pts': 15996, 'comments': True, 'recent_repliers': [], 'channel_id': 1145739994, 'max_id': None, 'read_max_id': None}",2024-02-20T18:05:02+00:00,нιтℓιѕт / قائمة الاغتيالات Active ( MM ),,,[],
hxtlistservices,https://t.me/hxtlistservices,1551,2024-01-29 12:37:25,..,False,False,False,True,True,False,False,True,False,False,1689097401,,,,1418.0,False,False,,,311,0,"{'_': 'MessageReplies', 'replies': 0, 'replies_pts': 15996, 'comments': True, 'recent_repliers': [], 'channel_id': 1145739994, 'max_id': None, 'read_max_id': None}",2024-01-29T12:37:28+00:00,нιтℓιѕт / قائمة الاغتيالات Active ( MM ),,,[],
hxtlistservices,https://t.me/hxtlistservices,1560,2024-01-30 21:27:01,,False,False,False,True,True,False,False,True,False,False,1689097401,,,,,,,5.028320717296479e+18,,304,1,"{'_': 'MessageReplies', 'replies': 0, 'replies_pts': 15996, 'comments': True, 'recent_repliers': [], 'channel_id': 1145739994, 'max_id': None, 'read_max_id': None}",2024-01-30T21:28:03+00:00,нιтℓιѕт / قائمة الاغتيالات Active ( MM ),1.3653200172406616e+16,"{'_': 'MessageReactions', 'results': [{'_': 'ReactionCount', 'reaction': {'_': 'ReactionEmoji', 'emoticon': '🔥'}, 'count': 1, 'chosen_order': None}], 'min': False, 'can_see_list': False, 'reactions_as_tags': False, 'recent_reactions': []}",[],
hxtlistservices,https://t.me/hxtlistservices,1561,2024-01-30 21:27:01,,False,False,False,True,True,False,False,True,False,False,1689097401,,,,,,,5.028801169518079e+18,,305,1,,2024-01-30T21:27:04+00:00,нιтℓιѕт / قائمة الاغتيالات Active ( MM ),1.3653200172406616e+16,,[],
hxtlistservices,https://t.me/hxtlistservices,1563,2024-03-04 00:36:37,"TOS 
HARD TOS
180d TOS 

All available for these <NRP> right now they are all 99% success rate",False,False,False,False,True,False,False,True,False,False,1689097401,,,,,,,,,17,0,"{'_': 'MessageReplies', 'replies': 0, 'replies_pts': 16055, 'comments': True, 'recent_repliers': [], 'channel_id': 1145739994, 'max_id': None, 'read_max_id': None}",2024-03-04T00:36:40+00:00,нιтℓιѕт / قائمة الاغتيالات Active ( MM ),,,[],
hxtlistservices,https://t.me/hxtlistservices,1565,2024-03-04 00:38:56,React if you are active,False,False,False,False,True,False,False,True,False,False,1689097401,,,,1562.0,False,False,,,15,0,"{'_': 'MessageReplies', 'replies': 0, 'replies_pts': 16055, 'comments': True, 'recent_repliers': [], 'channel_id': 1145739994, 'max_id': None, 'read_max_id': None}",2024-03-04T00:41:46+00:00,нιтℓιѕт / قائمة الاغتيالات Active ( MM ),,"{'_': 'MessageReactions', 'results': [{'_': 'ReactionCount', 'reaction': {'_': 'ReactionEmoji', 'emoticon': '❤'}, 'count': 2, 'chosen_order': None}], 'min': False, 'can_see_list': False, 'reactions_as_tags': False, 'recent_reactions': []}",[],
hxtlistservices,https://t.me/hxtlistservices,1567,2024-03-04 18:23:49,200$ first to DM <DATE_TIME> only ) DEAL,False,False,False,False,True,False,False,False,False,False,1689097401,,,,1566.0,False,False,,,18,0,"{'_': 'MessageReplies', 'replies': 0, 'replies_pts': 16087, 'comments': True, 'recent_repliers': [], 'channel_id': 1145739994, 'max_id': None, 'read_max_id': None}",2024-03-04T18:24:17+00:00,нιтℓιѕт / قائمة الاغتيالات Active ( MM ),,,[],
hxtlistservices,https://t.me/hxtlistservices,1569,2024-03-04 23:24:33,DM privately and I’ll try 1 at a time,False,False,False,False,True,False,False,True,False,False,1689097401,,,,1568.0,False,False,,,15,0,"{'_': 'MessageReplies', 'replies': 0, 'replies_pts': 16098, 'comments': True, 'recent_repliers': [], 'channel_id': 1145739994, 'max_id': None, 'read_max_id': None}",2024-03-04T23:24:36+00:00,нιтℓιѕт / قائمة الاغتيالات Active ( MM ),,,[],
