Channel ID,URL,Post ID,date,message,out,mentioned,media_unread,silent,post,from_scheduled,legacy,edit_hide,pinned,noforwards,peer_channel,from_id_user,fwd_from,via_bot_id,reply_to_msg_id,reply_to_scheduled,forum_topic,media_photo_id,reply_markup,views,forwards,replies,edit_date,post_author,grouped_id,reactions,restriction_reason,ttl_period
increase_followers_views,https://t.me/increase_followers_views,189,2024-01-22 07:57:42,"<PERSON>

⚠️THIS OFFER VALID ONLY FOR TODAY⚠️

                      
               <NRP> FOLLOWERS  <NRP>

 ⭐1K FOLLOWERS ~  150RS
 ⭐3K FOLLOWER ~    300RS
 ⭐5K FOLLOWER ~   430RS
 ⭐10K FOLLOWER ~ 850RS

                       
                🟢 LIKES🟢

🟢1K LIKES ~    50Rs
🟢10K LIKES ~ 200RS
🟢20K LIKES ~ 350RS


                ⚡ VIEW ⚡

⚡1K VIEWS ~  50Rs
⚡10K VIEW ~  200Rs 
 ⚡20K VIEW ~ 300RS

Note:
FREE SERVICE VALID ONLY ONE ACCOUNT AND ONE PERSON 💀

DM TO BUY @SOCIALHUV💠",False,False,False,False,True,False,False,False,False,False,1891577822,,,,,,,,,19646,3,,,,,,[],
increase_followers_views,https://t.me/increase_followers_views,195,2024-01-30 10:00:05,,False,False,False,False,True,False,False,False,False,False,1891577822,,,,,,,6.19033295397701e+18,,1830,2,,,,1.365287044235322e+16,,[],
increase_followers_views,https://t.me/increase_followers_views,197,2024-01-31 05:36:14,,False,False,False,False,True,False,False,False,False,False,1891577822,,,,,,,,,3696,3,,,,1.3653434994380956e+16,,[],
increase_followers_views,https://t.me/increase_followers_views,232,2024-03-24 04:18:38,,False,False,False,False,True,False,False,False,False,False,1891577822,,,,,,,6.271548745434903e+18,,523,0,,,,1.3690031347727988e+16,,[],
increase_followers_views,https://t.me/increase_followers_views,233,2024-03-24 13:44:33,"🍀BULK OFFER 🍀

🧐INSTAGRAM 🧐

<PERSON>20K FOLLOWERS ~ 999rs

🇮🇳100k Views ~ 999rs

🇮🇳100k likes ~ 799rs

❤️YOUTUBE ❤️

🟢5K SUBSCRIBER ~ 3999 rs 

🟢10K VIEWS          ~ 599 rs

🟢10k LIKES            ~ 699 rs

📸TELEGRAM <PERSON>

➡️20k Member    ~    1499 rs
➡️50k Member   ~     2999 rs
➡️100k Member ~     5999 rs

🔻DM TO BUY @SOCIALHUV ✅",False,False,False,False,True,False,False,True,False,False,1891577822,,,,,,,,,505,0,,2024-03-25T00:48:18+00:00,,,"{'_': 'MessageReactions', 'results': [{'_': 'ReactionCount', 'reaction': {'_': 'ReactionEmoji', 'emoticon': '👍'}, 'count': 2, 'chosen_order': None}], 'min': False, 'can_see_list': False, 'reactions_as_tags': False, 'recent_reactions': []}",[],
increase_followers_views,https://t.me/increase_followers_views,234,2024-03-24 16:50:52,"https://t.me/YOUTUBE_SUBSCRIBERS_FREE_VIEWS

JOIN THIS CHANNEL TO BUY YT SERVICES",False,False,False,False,True,False,False,True,False,False,1891577822,,,,,,,,,493,0,,2024-03-25T00:48:24+00:00,,,"{'_': 'MessageReactions', 'results': [{'_': 'ReactionCount', 'reaction': {'_': 'ReactionEmoji', 'emoticon': '❤'}, 'count': 1, 'chosen_order': None}], 'min': False, 'can_see_list': False, 'reactions_as_tags': False, 'recent_reactions': []}",[],
