Channel ID,URL,Post ID,date,message,out,mentioned,media_unread,silent,post,from_scheduled,legacy,edit_hide,pinned,noforwards,peer_channel,from_id_user,fwd_from,via_bot_id,reply_to_msg_id,reply_to_scheduled,forum_topic,media_photo_id,reply_markup,views,forwards,replies,edit_date,post_author,grouped_id,reactions,restriction_reason,ttl_period
indian_subs_official,https://t.me/indian_subs_official,252,2024-02-17 04:34:01,"Old QR Code and UPI Blocked.

Don't pay in old QR or UPI  Otherwise we not responsible.

Use only <PERSON> payment method✅

Admin:- @IndianSubsOfficial ☑️",False,False,False,False,True,False,False,True,False,False,1168335122,,,,,,,,,716,1,,2024-02-17T04:34:08+00:00,,,"{'_': 'MessageReactions', 'results': [{'_': 'ReactionCount', 'reaction': {'_': 'ReactionEmoji', 'emoticon': '👍'}, 'count': 2, 'chosen_order': None}], 'min': False, 'can_see_list': False, 'reactions_as_tags': False, 'recent_reactions': []}",[],
indian_subs_official,https://t.me/indian_subs_official,260,2024-03-15 06:20:02,"✈️ Telegram Fast Service ☑️

🔝 4603 Telegram RankedPublic/Private Members {INSTANT} (<DATE_TIME>) [ 0% Drop ]

🔝 3401 Telegram Mixed Members <PERSON> (<DATE_TIME>) SUPER FAST

☑️Instant Start 
☑️50-<DATE_TIME> 
☑️Public & Private Link working 

🚨 Order Now 🚨",False,False,False,False,True,False,False,False,False,False,1168335122,,,,,,,,,279,8,,2024-03-15T06:21:58+00:00,,,"{'_': 'MessageReactions', 'results': [{'_': 'ReactionCount', 'reaction': {'_': 'ReactionEmoji', 'emoticon': '👍'}, 'count': 2, 'chosen_order': None}], 'min': False, 'can_see_list': False, 'reactions_as_tags': False, 'recent_reactions': []}",[],
indian_subs_official,https://t.me/indian_subs_official,261,2024-03-17 06:02:50,"New QR Code Updated ✅

Don't pay in old QR Otherwise we not responsible ✅

✨ Add Funds ⚡️

Admin:- @IndianSubsOfficial ✅",False,False,False,False,True,False,False,True,False,False,1168335122,,,,,,,,,245,0,,2024-03-17T06:02:51+00:00,,,"{'_': 'MessageReactions', 'results': [{'_': 'ReactionCount', 'reaction': {'_': 'ReactionEmoji', 'emoticon': '👍'}, 'count': 1, 'chosen_order': None}], 'min': False, 'can_see_list': False, 'reactions_as_tags': False, 'recent_reactions': []}",[],
indian_subs_official,https://t.me/indian_subs_official,262,2024-03-20 04:37:04,"✈️ Telegram Fast Service ☑️

🔝 4303 Telegram 0% Drop members (Speed <DATE_TIME>) Instant @91

☑️3 month Non Drop
☑️Instant Start 
☑️50-<DATE_TIME> 
☑️Public & Private Link working 

🚨 Order Now 🚨",False,False,False,False,True,False,False,True,False,False,1168335122,,,,,,,,,185,5,,2024-03-20T04:37:05+00:00,,,"{'_': 'MessageReactions', 'results': [{'_': 'ReactionCount', 'reaction': {'_': 'ReactionEmoji', 'emoticon': '👍'}, 'count': 1, 'chosen_order': None}], 'min': False, 'can_see_list': False, 'reactions_as_tags': False, 'recent_reactions': []}",[],
indian_subs_official,https://t.me/indian_subs_official,263,2024-03-20 07:11:43,Use public link instant start 🚨,False,False,False,False,True,False,False,True,False,False,1168335122,,,,262.0,False,False,,,164,0,,2024-03-20T07:11:47+00:00,,,"{'_': 'MessageReactions', 'results': [{'_': 'ReactionCount', 'reaction': {'_': 'ReactionEmoji', 'emoticon': '👍'}, 'count': 1, 'chosen_order': None}], 'min': False, 'can_see_list': False, 'reactions_as_tags': False, 'recent_reactions': []}",[],
indian_subs_official,https://t.me/indian_subs_official,264,2024-03-25 00:50:17,🤌Happy Holi 🌈,False,False,False,False,True,False,False,False,False,False,1168335122,,,,,,,6.055213493298249e+18,,64,1,,2024-03-25T00:52:21+00:00,,,"{'_': 'MessageReactions', 'results': [{'_': 'ReactionCount', 'reaction': {'_': 'ReactionEmoji', 'emoticon': '👍'}, 'count': 1, 'chosen_order': None}], 'min': False, 'can_see_list': False, 'reactions_as_tags': False, 'recent_reactions': []}",[],
indian_subs_official,https://t.me/indian_subs_official,265,2024-03-25 01:05:56,"✈️ Telegram Fast Service ☑️

🔝 Service Id 🔽

🫰 4572
🤌 3408
🫰 4261
🤌 2169
🫰 4275
🤌 4254
🫰 4603

☑️Instant Start 
☑️50-<DATE_TIME> 
☑️Public & Private Link working 

🌈 Order Now 🌈

🌈    Update    🌈

🌈   Support    🌈",False,False,False,False,True,False,False,False,False,False,1168335122,,,,,,,,,64,0,,2024-03-25T01:06:31+00:00,,,"{'_': 'MessageReactions', 'results': [{'_': 'ReactionCount', 'reaction': {'_': 'ReactionEmoji', 'emoticon': '👍'}, 'count': 1, 'chosen_order': None}, {'_': 'ReactionCount', 'reaction': {'_': 'ReactionEmoji', 'emoticon': '🥰'}, 'count': 1, 'chosen_order': None}], 'min': False, 'can_see_list': False, 'reactions_as_tags': False, 'recent_reactions': []}",[],
indian_subs_official,https://t.me/indian_subs_official,276,2024-04-02 16:47:15,"Boost your channel and get premium future like this ⬇️

PREMIUM_CHANNAL.t.me",False,False,False,False,True,False,False,False,False,False,1168335122,,,,270.0,False,False,,,14,0,,2024-04-02T16:48:03+00:00,,,"{'_': 'MessageReactions', 'results': [{'_': 'ReactionCount', 'reaction': {'_': 'ReactionEmoji', 'emoticon': '👍'}, 'count': 1, 'chosen_order': None}], 'min': False, 'can_see_list': False, 'reactions_as_tags': False, 'recent_reactions': []}",[],
