Channel ID,URL,Post ID,date,message,out,mentioned,media_unread,silent,post,from_scheduled,legacy,edit_hide,pinned,noforwards,peer_channel,from_id_user,fwd_from,via_bot_id,reply_to_msg_id,reply_to_scheduled,forum_topic,media_photo_id,reply_markup,views,forwards,replies,edit_date,post_author,grouped_id,reactions,restriction_reason,ttl_period
instafollowerrv,https://t.me/instafollowerrv,54,2024-01-27 22:31:55,"<PERSON>Reddit Follower Service

1M Delivery is available up to followers. ✔️

You can purchase a minimum of 5K followers. ✔️

Quality and Original Followers. ✔️

Contact : @Himperiestro and @alpacinoxd 👍",False,False,False,False,True,False,False,False,False,False,1803585302,,,,,,,,,1783,0,,,,,,[],
instafollowerrv,https://t.me/instafollowerrv,56,2024-02-06 13:48:38,"Instagram Female Follower Service ✅

%100 female users 🌐

The drop is very small !

Contact : @Himperiestro and @alpacinoxd",False,False,False,False,True,False,False,False,False,False,1803585302,,,,,,,,,1837,0,,,,,,[],
instafollowerrv,https://t.me/instafollowerrv,57,2024-02-26 14:24:42,,False,False,False,False,True,False,False,False,True,False,1803585302,,,,,,,5.974125674685908e+18,,23,0,,,,,,[],
instafollowerrv,https://t.me/instafollowerrv,59,2024-03-19 03:18:19,"‼️ New Service 

📈 Get ready to rise 

🌐 Instagram followers with full <NRP> location are available for sale. ✅

Delivery in <DATE_TIME>.🏪

Contact : @Himperiestro and @alpacinoxd 👍",False,False,False,False,True,False,False,False,False,False,1803585302,,,,,,,,,1,0,,,,,,[],
