Channel ID,URL,Post ID,date,message,out,mentioned,media_unread,silent,post,from_scheduled,legacy,edit_hide,pinned,noforwards,peer_channel,from_id_user,fwd_from,via_bot_id,reply_to_msg_id,reply_to_scheduled,forum_topic,media_photo_id,reply_markup,views,forwards,replies,edit_date,post_author,grouped_id,reactions,restriction_reason,ttl_period
instagram_followers_likes_reach,https://t.me/instagram_followers_likes_reach,30,2024-01-29 04:57:44,,False,False,False,False,True,False,False,True,False,False,1940046530,,,,,,,6.069061975394073e+18,,1118.0,0.0,,2024-02-23T16:55:15+00:00,,1.365203411240026e+16,"{'_': 'MessageReactions', 'results': [{'_': 'ReactionCount', 'reaction': {'_': 'ReactionEmoji', 'emoticon': '❤'}, 'count': 1, 'chosen_order': None}], 'min': False, 'can_see_list': False, 'reactions_as_tags': False, 'recent_reactions': []}",[],
instagram_followers_likes_reach,https://t.me/instagram_followers_likes_reach,31,2024-01-29 04:57:44,,False,False,False,False,True,False,False,False,False,False,1940046530,,,,,,,6.069061975394073e+18,,1151.0,0.0,,,,1.365203411240026e+16,,[],
instagram_followers_likes_reach,https://t.me/instagram_followers_likes_reach,32,2024-01-29 04:57:44,,False,False,False,False,True,False,False,False,False,False,1940046530,,,,,,,6.069061975394073e+18,,1125.0,0.0,,,,1.365203411240026e+16,,[],
instagram_followers_likes_reach,https://t.me/instagram_followers_likes_reach,33,2024-01-29 04:57:44,,False,False,False,False,True,False,False,False,False,False,1940046530,,,,,,,6.069061975394073e+18,,1134.0,0.0,,,,1.365203411240026e+16,,[],
instagram_followers_likes_reach,https://t.me/instagram_followers_likes_reach,34,2024-01-29 04:57:44,,False,False,False,False,True,False,False,False,False,False,1940046530,,,,,,,6.069061975394073e+18,,1202.0,0.0,,,,1.365203411240026e+16,,[],
instagram_followers_likes_reach,https://t.me/instagram_followers_likes_reach,35,2024-01-29 04:57:44,,False,False,False,False,True,False,False,False,False,False,1940046530,,,,,,,6.069061975394073e+18,,1518.0,0.0,,,,1.365203411240026e+16,,[],
instagram_followers_likes_reach,https://t.me/instagram_followers_likes_reach,36,2024-01-29 04:57:44,@VERIFIED_DEALER✅,False,False,False,False,True,False,False,False,False,False,1940046530,,,,,,,6.069061975394073e+18,,1190.0,0.0,,2024-01-29T04:58:25+00:00,,1.365203411240026e+16,,[],
instagram_followers_likes_reach,https://t.me/instagram_followers_likes_reach,37,2024-01-29 04:58:28,,False,False,False,False,True,False,False,False,False,False,1940046530,,,,,,,,,1131.0,0.0,,,,,,[],
instagram_followers_likes_reach,https://t.me/instagram_followers_likes_reach,38,2024-01-29 04:58:57,,False,False,False,False,True,False,False,True,False,False,1940046530,,,,,,,6.174986348633636e+18,,1352.0,0.0,,2024-02-23T16:55:14+00:00,,1.36520346972157e+16,"{'_': 'MessageReactions', 'results': [{'_': 'ReactionCount', 'reaction': {'_': 'ReactionEmoji', 'emoticon': '❤'}, 'count': 1, 'chosen_order': None}], 'min': False, 'can_see_list': False, 'reactions_as_tags': False, 'recent_reactions': []}",[],
instagram_followers_likes_reach,https://t.me/instagram_followers_likes_reach,39,2024-01-29 04:58:57,@VERIFIED_DEALER ✅,False,False,False,False,True,False,False,False,False,False,1940046530,,,,,,,6.174986348633636e+18,,1311.0,0.0,,2024-01-29T04:59:20+00:00,,1.36520346972157e+16,,[],
instagram_followers_likes_reach,https://t.me/instagram_followers_likes_reach,40,2024-01-29 04:59:23,,False,False,False,False,True,False,False,False,False,False,1940046530,,,,,,,,,1328.0,0.0,,,,,,[],
instagram_followers_likes_reach,https://t.me/instagram_followers_likes_reach,41,2024-01-29 05:00:48,500 follower completed✅❣️,False,False,False,False,True,False,False,True,False,False,1940046530,,,,,,,6.174663719280295e+18,,1633.0,0.0,,2024-02-23T16:55:11+00:00,,1.3652035586966148e+16,"{'_': 'MessageReactions', 'results': [{'_': 'ReactionCount', 'reaction': {'_': 'ReactionEmoji', 'emoticon': '❤'}, 'count': 1, 'chosen_order': None}], 'min': False, 'can_see_list': False, 'reactions_as_tags': False, 'recent_reactions': []}",[],
instagram_followers_likes_reach,https://t.me/instagram_followers_likes_reach,42,2024-01-29 05:00:48,,False,False,False,False,True,False,False,False,False,False,1940046530,,,,,,,6.174663719280295e+18,,1580.0,0.0,,,,1.3652035586966148e+16,,[],
instagram_followers_likes_reach,https://t.me/instagram_followers_likes_reach,43,2024-01-29 05:01:01,,False,False,False,False,True,False,False,False,False,False,1940046530,,,,,,,,,1593.0,0.0,,,,,,[],
instagram_followers_likes_reach,https://t.me/instagram_followers_likes_reach,44,2024-01-29 05:02:13,,False,False,False,False,True,False,False,True,False,False,1940046530,,,,,,,6.138859102374312e+18,,1859.0,0.0,,2024-02-23T16:55:09+00:00,,1.3652036266999484e+16,"{'_': 'MessageReactions', 'results': [], 'min': False, 'can_see_list': False, 'reactions_as_tags': False, 'recent_reactions': []}",[],
instagram_followers_likes_reach,https://t.me/instagram_followers_likes_reach,45,2024-01-29 05:02:13,1k follower completed ✅❣️,False,False,False,False,True,False,False,False,False,False,1940046530,,,,,,,6.138859102374312e+18,,3855.0,0.0,,,,1.3652036266999484e+16,,[],
instagram_followers_likes_reach,https://t.me/instagram_followers_likes_reach,46,2024-01-29 05:02:20,,False,False,False,False,True,False,False,False,False,False,1940046530,,,,,,,,,6869.0,0.0,,,,,,[],
instagram_followers_likes_reach,https://t.me/instagram_followers_likes_reach,47,2024-01-29 05:03:12,,False,False,False,False,True,False,False,True,False,False,1940046530,,,,,,,6.102846231094082e+18,,7017.0,0.0,,2024-01-29T13:06:22+00:00,,1.3652036743324988e+16,"{'_': 'MessageReactions', 'results': [{'_': 'ReactionCount', 'reaction': {'_': 'ReactionEmoji', 'emoticon': '👍'}, 'count': 4, 'chosen_order': None}, {'_': 'ReactionCount', 'reaction': {'_': 'ReactionEmoji', 'emoticon': '😍'}, 'count': 2, 'chosen_order': None}, {'_': 'ReactionCount', 'reaction': {'_': 'ReactionEmoji', 'emoticon': '😘'}, 'count': 2, 'chosen_order': None}], 'min': False, 'can_see_list': False, 'reactions_as_tags': False, 'recent_reactions': []}",[],
instagram_followers_likes_reach,https://t.me/instagram_followers_likes_reach,48,2024-01-29 05:03:13,"5k <NRP> follower complete💕

@VERIFIED_DEALER✅",False,False,False,False,True,False,False,False,False,False,1940046530,,,,,,,6.102846231094082e+18,,7117.0,0.0,,2024-01-29T05:03:46+00:00,,1.3652036743324988e+16,,[],
instagram_followers_likes_reach,https://t.me/instagram_followers_likes_reach,53,2024-02-18 15:17:01,,False,False,False,False,True,False,False,False,False,False,1940046530,,,,,,,,,3284.0,0.0,,,,,,[],
instagram_followers_likes_reach,https://t.me/instagram_followers_likes_reach,56,2024-02-24 15:20:52,"10k followers completed 💥
@VERIFIED_DEALER✅",False,False,False,False,True,False,False,False,False,False,1940046530,,,,,,,6.190670383787654e+18,,339.0,0.0,,2024-02-24T15:21:56+00:00,,1.3670304418800276e+16,,[],
instagram_followers_likes_reach,https://t.me/instagram_followers_likes_reach,57,2024-02-24 15:20:52,,False,False,False,False,True,False,False,False,False,False,1940046530,,,,,,,6.190670383787654e+18,,3794.0,0.0,,,,1.3670304418800276e+16,,[],
instagram_followers_likes_reach,https://t.me/instagram_followers_likes_reach,58,2024-02-24 15:21:06,,False,False,False,False,True,False,False,False,False,False,1940046530,,,,,,,,,3803.0,0.0,,,,,,[],
instagram_followers_likes_reach,https://t.me/instagram_followers_likes_reach,59,2024-02-24 15:22:39,"3k followers completed 💥
@VERIFIED_DEALER✅",False,False,False,False,True,False,False,False,False,False,1940046530,,,,,,,6.158702018785559e+18,,3799.0,0.0,,2024-02-24T15:23:01+00:00,,1.3670305277967508e+16,,[],
instagram_followers_likes_reach,https://t.me/instagram_followers_likes_reach,60,2024-02-24 15:22:39,,False,False,False,False,True,False,False,False,False,False,1940046530,,,,,,,6.158702018785559e+18,,3803.0,0.0,,,,1.3670305277967508e+16,,[],
instagram_followers_likes_reach,https://t.me/instagram_followers_likes_reach,61,2024-02-24 15:23:03,,False,False,False,False,True,False,False,False,False,False,1940046530,,,,,,,,,3802.0,0.0,,,,,,[],
