Channel ID,URL,Post ID,date,message,out,mentioned,media_unread,silent,post,from_scheduled,legacy,edit_hide,pinned,noforwards,peer_channel,from_id_user,fwd_from,via_bot_id,reply_to_msg_id,reply_to_scheduled,forum_topic,media_photo_id,reply_markup,views,forwards,replies,edit_date,post_author,grouped_id,reactions,restriction_reason,ttl_period
linkedinaccount,https://t.me/linkedinaccount,129,2024-01-02 20:31:24,"Aged LinkedIn Accounts Available Bulk Quantity

🔥<DATE_TIME> 0+/100+
🔥<DATE_TIME> 0+/100+
🔥 full <DATE_TIME> 0+/100+
🔥(Mailbox) Yahoo / Hotmail 

@buylinkedinaccss

😳老化的 Linkedin <PERSON>
<PERSON>
🔥1-4年 0+/100+
🔥5-10 年 0+/100+
🔥 满10年0+/100+
🔥(邮箱) 雅虎 / Hotmail

Also real / true friends accounts available 

(如果您需要亲自收件箱给我，可以找到真正的朋友(

 @buylinkedinaccss",False,False,False,False,True,False,False,True,False,False,1755385123,,"{'_': 'MessageFwdHeader', 'date': '2024-01-02T20:30:54+00:00', 'imported': False, 'saved_out': False, 'from_id': {'_': 'PeerChannel', 'channel_id': 2000524699}, 'from_name': None, 'channel_post': 32, 'post_author': None, 'saved_from_peer': None, 'saved_from_msg_id': None, 'saved_from_id': None, 'saved_from_name': None, 'saved_date': None, 'psa_type': None}",,,,,,,1168.0,2.0,,2024-01-03T02:23:34+00:00,,,"{'_': 'MessageReactions', 'results': [{'_': 'ReactionCount', 'reaction': {'_': 'ReactionEmoji', 'emoticon': '❤'}, 'count': 3, 'chosen_order': None}, {'_': 'ReactionCount', 'reaction': {'_': 'ReactionEmoji', 'emoticon': '👍'}, 'count': 2, 'chosen_order': None}], 'min': False, 'can_see_list': False, 'reactions_as_tags': False, 'recent_reactions': []}",[],
linkedinaccount,https://t.me/linkedinaccount,130,2024-02-03 07:10:36,"Aged LinkedIn Accounts Available Bulk Quantity

🔥<DATE_TIME> 0+/100+
🔥<DATE_TIME> 0+/100+
🔥 full <DATE_TIME> 0+/100+
🔥(Mailbox) Yahoo / Hotmail 

@buylinkedinaccss

😳老化的 Linkedin <PERSON>
<PERSON>
🔥1-4年 0+/100+
🔥5-10 年 0+/100+
🔥 满10年0+/100+
🔥(邮箱) 雅虎 / Hotmail

Also real / true friends accounts available 

(如果您需要亲自收件箱给我，可以找到真正的朋友(

@buylinkedinaccss",False,False,False,False,True,False,False,True,False,False,1755385123,,"{'_': 'MessageFwdHeader', 'date': '2024-02-03T07:09:30+00:00', 'imported': False, 'saved_out': False, 'from_id': {'_': 'PeerChannel', 'channel_id': 2000524699}, 'from_name': None, 'channel_post': 39, 'post_author': None, 'saved_from_peer': None, 'saved_from_msg_id': None, 'saved_from_id': None, 'saved_from_name': None, 'saved_date': None, 'psa_type': None}",,,,,,,586.0,0.0,,2024-02-08T02:33:09+00:00,,,"{'_': 'MessageReactions', 'results': [{'_': 'ReactionCount', 'reaction': {'_': 'ReactionEmoji', 'emoticon': '👍'}, 'count': 2, 'chosen_order': None}, {'_': 'ReactionCount', 'reaction': {'_': 'ReactionEmoji', 'emoticon': '❤'}, 'count': 1, 'chosen_order': None}], 'min': False, 'can_see_list': False, 'reactions_as_tags': False, 'recent_reactions': []}",[],
linkedinaccount,https://t.me/linkedinaccount,131,2024-02-19 07:40:27,"Aged LinkedIn Accounts Available Bulk Quantity

🔥<DATE_TIME>+
🔥<DATE_TIME>+
🔥 full <DATE_TIME>+
🔥(Mailbox) Yahoo / Hotmail 

@buylinkedinaccss

😳老化的 Linkedin <PERSON>
<PERSON>
🔥1-4年 0+/50+/100+
🔥5-10 年 0+/50+/100+
🔥 满10年0+/50+/100+
🔥(邮箱) 雅虎 / Hotmail

Also real / true friends accounts available 

(如果您需要亲自收件箱给我，可以找到真正的朋友(

@buylinkedinaccss",False,False,False,False,True,False,False,False,False,False,1755385123,,,,,,,,,292.0,0.0,,2024-02-19T08:44:36+00:00,,,,[],
linkedinaccount,https://t.me/linkedinaccount,132,2024-02-19 13:43:48,"Bulk sales navigator service available at a low price (only need email)

PM:  @buylinkedinaccss




#agedlinkedin #oldlinkedin #salesnavigetor #premium",False,False,False,False,True,False,False,False,False,False,1755385123,,,,,,,,,286.0,1.0,,,,,,[],
linkedinaccount,https://t.me/linkedinaccount,133,2024-02-20 11:03:47,"▶️▶️➡️

1/3 个月销售导航器可用 (只需要電子郵件)

📱满10年100+可用
📱5-10岁50+/100+可用
📱1-4岁100+可用

📱1-4岁0+可用（散装）
📱5-10年0+可用（批量低利率)

📱10+ 真實/真正的朋友帳戶可用 

📱50+ 真實/真正的朋友帳戶可用 

📱100+ 真實/真正的朋友帳戶可用 

📱300+ 真實/真正的朋友帳戶可用 

📱500+ 真實/真正的朋友帳戶可用 

有任何问题请留言

 @BuyLinkedinaccss

#領英 #老的 #老年聯名帳戶",False,False,False,False,True,False,False,False,False,False,1755385123,,,,,,,,,267.0,1.0,,2024-02-20T11:10:24+00:00,,,,[],
linkedinaccount,https://t.me/linkedinaccount,134,2024-02-21 06:45:59,"▶️▶️➡️

 <DATE_TIME> sales navigator available (just email required)

 📱100+ available for <DATE_TIME> or more
 📱50+/100+ available for <DATE_TIME>
 📱100+ available for <DATE_TIME>

 📱<DATE_TIME> 0+ available (bulk)
 📱<DATE_TIME> 0+ available (low interest rate for bulk)

 📱10+ real/genuine friend accounts available

 📱50+ real/genuine friend accounts available

 📱100+ real/genuine friend accounts available

 📱300+ real/genuine friend accounts available

 📱500+ real/genuine friend accounts available

 If you have any questions please leave a message

❔📩  @BuyLinkedinaccss

 #LinkedIn #老的 #senior joint account",False,False,False,False,True,False,False,False,False,False,1755385123,,,,,,,,,236.0,0.0,,,,,,[],
linkedinaccount,https://t.me/linkedinaccount,135,2024-02-22 18:21:08,"📱Always Real/orginal friend LinkedIn accounts
📱 Stock / Advance order Running 

10+/
50+/
100+/
200+/
300+/
500+/
1000+

Ping me for Booking

📱📱 @buylinkedinaccss",False,False,False,False,True,False,False,False,False,False,1755385123,,,,,,,,,181.0,0.0,,,,,,[],
linkedinaccount,https://t.me/linkedinaccount,136,2024-02-23 13:26:43,"real/original old/ aged friend account available now in stock

10+
50+
100+
200+
300+
500+
1000+

if need inox me fast for your booking, Thanks

@buylinkedinaccss


真實/原始老/老年朋友帳戶現已有貨

10+
50+
100+
200+
300+
500+
1000+

如果您需要快速預訂，謝謝

@buylinkedinaccss",False,False,False,False,True,False,False,False,False,False,1755385123,,,,,,,,,144.0,0.0,,,,,,[],
linkedinaccount,https://t.me/linkedinaccount,138,2024-03-01 11:28:03,"✅Email Login + 2FA Activated 

📄<DATE_TIME> Aged 0-9 connection
📄<DATE_TIME> Aged 0-9 connection
📄<DATE_TIME> Aged 0-9 connection
📄50+/100+ Connection Available 

📄10~1000 Connection true /real connection 

✉️ @buylinkedinaccss

🚩🚩<PERSON> Low price for large Quantity",False,False,False,False,True,False,False,False,False,False,1755385123,,,,,,,,,90.0,0.0,,2024-03-01T13:08:43+00:00,,,"{'_': 'MessageReactions', 'results': [], 'min': False, 'can_see_list': False, 'reactions_as_tags': False, 'recent_reactions': []}",[],
