Channel ID,URL,Post ID,date,message,out,mentioned,media_unread,silent,post,from_scheduled,legacy,edit_hide,pinned,noforwards,peer_channel,from_id_user,fwd_from,via_bot_id,reply_to_msg_id,reply_to_scheduled,forum_topic,media_photo_id,reply_markup,views,forwards,replies,edit_date,post_author,grouped_id,reactions,restriction_reason,ttl_period
mdbureavv,https://t.me/mdbureavv,771,2024-01-12 11:11:22,,False,False,False,False,True,False,False,False,False,False,1511486344,,,,,,,6.127587570591317e+18,,100.0,0.0,,,,1.3640463061154468e+16,,[],
mdbureavv,https://t.me/mdbureavv,773,2024-01-12 12:28:36,"i do google ads blackhat, gambling",False,False,False,False,True,False,False,False,True,False,1511486344,,,,,,,,,100.0,0.0,,,,,,[],
mdbureavv,https://t.me/mdbureavv,774,2024-01-12 12:28:39,,False,False,False,True,True,,False,,,,1511486344,,,,773.0,False,False,,,,,,,,,,,
mdbureavv,https://t.me/mdbureavv,775,2024-01-13 17:38:15,Reactive 🥰🥰,False,False,False,False,True,False,False,False,False,False,1511486344,,,,,,,6.131878303049563e+18,,112.0,0.0,,,,,,[],
mdbureavv,https://t.me/mdbureavv,776,2024-01-17 19:13:42,Client account <DATE_TIME> we set new method like fire,False,False,False,False,True,False,False,False,False,False,1511486344,,,,,,,6.143205334399958e+18,,98.0,0.0,,,,,,[],
mdbureavv,https://t.me/mdbureavv,777,2024-01-17 19:13:47,"Just got something new !! 😍
Google adword therhshold and direct spend get unlimited spend free",False,False,False,False,True,False,False,False,True,False,1511486344,,,,,,,6.143205334399958e+18,,183.0,1.0,,2024-01-17T21:21:04+00:00,,,,[],
mdbureavv,https://t.me/mdbureavv,778,2024-01-17 19:13:51,,False,False,False,True,True,,False,,,,1511486344,,,,777.0,False,False,,,,,,,,,,,
mdbureavv,https://t.me/mdbureavv,779,2024-01-17 19:17:39,🔥😎,False,False,False,False,True,False,False,False,False,False,1511486344,,,,,,,6.143205334399958e+18,,97.0,0.0,,,,1.3644152477424572e+16,,[],
mdbureavv,https://t.me/mdbureavv,780,2024-01-17 19:17:39,,False,False,False,False,True,False,False,False,False,False,1511486344,,,,,,,6.143205334399958e+18,,117.0,0.0,,,,1.3644152477424572e+16,,[],
mdbureavv,https://t.me/mdbureavv,781,2024-01-17 19:17:39,,False,False,False,False,True,False,False,False,False,False,1511486344,,,,,,,6.143205334399958e+18,,117.0,0.0,,,,1.3644152477424572e+16,,[],
mdbureavv,https://t.me/mdbureavv,782,2024-01-18 15:23:15,"<DATE_TIME>'s Spending Yet! 😍
Message me to get Method and Account",False,False,False,False,True,False,False,False,False,False,1511486344,,,,,,,6.145457134213642e+18,,125.0,1.0,,,,,,[],
mdbureavv,https://t.me/mdbureavv,783,2024-01-22 12:34:21,Client review 💗,False,False,False,False,True,False,False,True,False,False,1511486344,,,,,,,6.156700336392355e+18,,126.0,0.0,,2024-01-22T12:42:45+00:00,,,"{'_': 'MessageReactions', 'results': [{'_': 'ReactionCount', 'reaction': {'_': 'ReactionEmoji', 'emoticon': '❤'}, 'count': 3, 'chosen_order': None}], 'min': False, 'can_see_list': False, 'reactions_as_tags': False, 'recent_reactions': []}",[],
mdbureavv,https://t.me/mdbureavv,784,2024-01-27 17:08:29,<PERSON>,False,False,False,False,True,False,False,True,False,False,1511486344,,,,,,,6.172444677182176e+18,,113.0,0.0,,2024-01-27T17:15:42+00:00,,,"{'_': 'MessageReactions', 'results': [{'_': 'ReactionCount', 'reaction': {'_': 'ReactionEmoji', 'emoticon': '🔥'}, 'count': 1, 'chosen_order': None}], 'min': False, 'can_see_list': False, 'reactions_as_tags': False, 'recent_reactions': []}",[],
mdbureavv,https://t.me/mdbureavv,785,2024-01-31 11:45:59,,False,False,False,False,True,False,False,False,False,False,1511486344,,,,,,,6.183893226042278e+18,,89.0,0.0,,,,1.3653612474554652e+16,,[],
mdbureavv,https://t.me/mdbureavv,786,2024-01-31 11:45:59,"Google Threshold Hitting Again 🔥🔥
@Mdbureav",False,False,False,False,True,False,False,False,False,False,1511486344,,,,,,,6.183893226042278e+18,,89.0,0.0,,,,1.3653612474554652e+16,,[],
mdbureavv,https://t.me/mdbureavv,787,2024-02-03 05:46:41,"Account Reactivated 🔥🔥
Bulk Available 🔥🔥
@Mdbureav",False,False,False,False,True,False,False,False,False,False,1511486344,,,,,,,6.190280478066589e+18,,74.0,0.0,,,,,,[],
mdbureavv,https://t.me/mdbureavv,788,2024-02-03 05:48:06,,False,False,False,False,True,False,False,False,False,False,1511486344,,,,,,,6.190280478066589e+18,,80.0,0.0,,,,1.3655514294178796e+16,,[],
mdbureavv,https://t.me/mdbureavv,789,2024-02-03 05:48:06,,False,False,False,False,True,False,False,False,False,False,1511486344,,,,,,,6.190280478066589e+18,,83.0,0.0,,,,1.3655514294178796e+16,,[],
mdbureavv,https://t.me/mdbureavv,790,2024-02-03 05:48:06,Adword sell update after using one account he again come to buy😇,False,False,False,False,True,False,False,False,False,False,1511486344,,,,,,,6.190280478066589e+18,,88.0,0.0,,,,1.3655514294178796e+16,,[],
mdbureavv,https://t.me/mdbureavv,791,2024-02-04 08:35:47,Want to sell two grants <DATE_TIME> message me with your price - @Mdbureav,False,False,False,False,True,False,False,False,False,False,1511486344,,,,,,,,,75.0,0.0,,,,,,[],
mdbureavv,https://t.me/mdbureavv,799,2024-02-07 15:40:30,Quality google ads accounts ✔️ No CC or Proxy Needed ✔️ Weekly discounts!,False,False,False,False,True,False,False,False,False,False,1511486344,,,,,,,6.204267133555293e+18,,61.0,0.0,,,,,,[],
mdbureavv,https://t.me/mdbureavv,807,2024-02-18 15:21:03,200£ france script account adword available with spend replace guarantee bulk available low rate dm us fast,False,False,False,False,True,False,False,False,True,False,1511486344,,,,,,,,,50.0,0.0,,,,,,[],
mdbureavv,https://t.me/mdbureavv,809,2024-02-20 04:01:48,"Update 
Again come high therhshold in adword Google alardy twit about high therhshold so wait with patience",False,False,False,False,True,False,False,False,True,False,1511486344,,,,,,,,,37.0,0.0,,,,,,[],
mdbureavv,https://t.me/mdbureavv,812,2024-02-20 05:26:00,"Get your Copy now, boost your CPA/Affiliate and YT Link with google grants to Earn more.
Adword 10000$ grant method and acc available 
Enjoy @Mdbureav",False,False,False,False,True,False,False,False,False,False,1511486344,,,,,,,6.242465627793112e+18,,135.0,2.0,,,,,,[],
mdbureavv,https://t.me/mdbureavv,813,2024-02-21 07:24:10,"These guys have nothing to do! Just came here to waste my time! They try to ask every details of the method and get it free! If they fail then use their word which was taught by their parents! Anyway a advice for these guys is don't waste your time, do hard work you also can be a successful man!",False,False,False,False,True,False,False,False,False,False,1511486344,,,,,,,6.244713686690281e+18,,41.0,0.0,,,,,,[],
mdbureavv,https://t.me/mdbureavv,814,2024-02-23 07:58:44,My client affiliate campaign 🙂,False,False,False,False,True,False,False,True,False,False,1511486344,,,,,,,6.251301530867189e+18,,37.0,0.0,,2024-02-23T07:59:05+00:00,,,"{'_': 'MessageReactions', 'results': [{'_': 'ReactionCount', 'reaction': {'_': 'ReactionEmoji', 'emoticon': '❤'}, 'count': 1, 'chosen_order': None}], 'min': False, 'can_see_list': False, 'reactions_as_tags': False, 'recent_reactions': []}",[],
mdbureavv,https://t.me/mdbureavv,815,2024-02-27 03:48:12,"Thanks for showing the trust bro ❤️
Method sold",False,False,False,False,True,False,False,False,False,False,1511486344,,,,,,,6.262360058042104e+18,,17.0,0.0,,2024-02-27T03:48:25+00:00,,,,[],
mdbureavv,https://t.me/mdbureavv,816,2024-02-27 03:50:50,Isn't it good? 😁 client after buy our method trying to spend threshold 🤙,False,False,False,False,True,False,False,False,False,False,1511486344,,,,815.0,False,False,6.262360058042104e+18,,17.0,0.0,,,,,,[],
mdbureavv,https://t.me/mdbureavv,818,2024-03-05 05:24:32,<DATE_TIME> ad result on new keywords ✅ our prepaid method account low rate high spend,False,False,False,False,True,False,False,True,False,False,1511486344,,,,,,,6.285057010286312e+18,,34.0,0.0,,2024-03-05T07:30:32+00:00,,,"{'_': 'MessageReactions', 'results': [{'_': 'ReactionCount', 'reaction': {'_': 'ReactionEmoji', 'emoticon': '❤'}, 'count': 1, 'chosen_order': None}], 'min': False, 'can_see_list': False, 'reactions_as_tags': False, 'recent_reactions': []}",[],
mdbureavv,https://t.me/mdbureavv,819,2024-03-05 06:35:18,Don't go for high therhshold then sccamer are scamed with you google stoped to giving high therhshold i again post it,False,False,False,False,True,False,False,False,False,False,1511486344,,,,,,,,,34.0,0.0,,,,,,[],
mdbureavv,https://t.me/mdbureavv,820,2024-03-08 05:43:57,"Thanks for the Purchase bro! <PERSON>
method sold",False,False,False,False,True,False,False,False,False,False,1511486344,,,,,,,6.294023493251086e+18,,18.0,0.0,,,,,,[],
mdbureavv,https://t.me/mdbureavv,821,2024-03-08 05:45:37,10000$ grant approval <DATE_TIME>,False,False,False,False,True,False,False,False,False,False,1511486344,,,,,,,6.294023493251086e+18,,20.0,0.0,,,,,,[],
mdbureavv,https://t.me/mdbureavv,822,2024-03-08 05:48:56,"Google Ads Reactivated

This is Reactivated account spend guarantees

If your account suspended message me, i will remove suspension for you....

Google Billing Method, campaign Run, Virtual Visa Card , Visa bank everything Available

Our prepaid account billing verified with cc billing high quality 
@Mdbureav",False,False,False,False,True,False,False,False,False,False,1511486344,,,,,,,,,21.0,0.0,,,,,,[],
mdbureavv,https://t.me/mdbureavv,823,2024-03-10 10:33:28,Unlimited fb therhshold available low and hight both available,False,False,False,False,True,False,False,False,False,False,1511486344,,,,,,,6.301095199853624e+18,,8.0,0.0,,,,,,[],
mdbureavv,https://t.me/mdbureavv,825,2024-03-14 04:47:33,"My client success to create account after join my premium group

Join my premium group for my all methods

Only serious people
Msg me here
👇👇👇👇👇
@Mdbureav",False,False,False,False,True,False,False,True,False,False,1511486344,,,,,,,6.312331242321853e+18,,4.0,0.0,,2024-03-14T04:49:11+00:00,,,"{'_': 'MessageReactions', 'results': [], 'min': False, 'can_see_list': False, 'reactions_as_tags': False, 'recent_reactions': []}",[],
mdbureavv,https://t.me/mdbureavv,826,2024-03-14 04:50:06,"🚨🚨alert🚨🚨

One more client Cheated by him
He give me his proof

 I posted his channel screen shot or link as well
Check and aware from him

I'm not force anyone to buy from me 
But stay away from these type of people 
 
<PERSON> channel link
https://www.youtube.com/@Usmanguru90",False,False,False,False,True,False,False,False,False,False,1511486344,,,,,,,6.312331242321853e+18,,3.0,0.0,,,,1.368313444821142e+16,,[],
mdbureavv,https://t.me/mdbureavv,827,2024-03-14 04:50:06,,False,False,False,False,True,False,False,False,False,False,1511486344,,,,,,,6.312331242321853e+18,,3.0,0.0,,,,1.368313444821142e+16,,[],
mdbureavv,https://t.me/mdbureavv,828,2024-03-14 04:50:06,,False,False,False,False,True,False,False,False,False,False,1511486344,,,,,,,6.312331242321853e+18,,3.0,0.0,,,,1.368313444821142e+16,,[],
mdbureavv,https://t.me/mdbureavv,830,2024-03-14 11:07:32,,False,False,False,True,True,,False,,,,1511486344,,,,829.0,False,False,,,,,,,,,,,
mdbureavv,https://t.me/mdbureavv,832,2024-03-17 09:27:38,"1000$ invoice credit account available 
Our all account with spend replace guarantee 
Prize for dm 
@Mdbureav",False,False,False,False,True,False,False,True,True,False,1511486344,,,,,,,6.32087883712625e+18,,3.0,0.0,,2024-03-17T09:27:53+00:00,,,"{'_': 'MessageReactions', 'results': [{'_': 'ReactionCount', 'reaction': {'_': 'ReactionEmoji', 'emoticon': '🔥'}, 'count': 1, 'chosen_order': None}], 'min': False, 'can_see_list': False, 'reactions_as_tags': False, 'recent_reactions': []}",[],
mdbureavv,https://t.me/mdbureavv,833,2024-03-17 09:29:22,,False,False,False,True,True,,False,,,,1511486344,,,,832.0,False,False,,,,,,,,,,,
mdbureavv,https://t.me/mdbureavv,834,2024-03-17 09:29:32,"Hey subscribers, This is brand new Google ads Invoicing method, invoicing amount 10k$ USD, on every account, Direct message me if you really need this method or account, 
PS: time wasters please don't come,
Happy Advertising 😍😍",False,False,False,False,True,False,False,False,False,False,1511486344,,,,,,,6.32087883712625e+18,,2.0,0.0,,,,,,[],
mdbureavv,https://t.me/mdbureavv,835,2024-03-17 09:29:46,Rent and credit transfer only,False,False,False,False,True,False,False,False,False,False,1511486344,,,,834.0,False,False,,,2.0,0.0,,,,,,[],
