Channel ID,URL,Post ID,date,message,out,mentioned,media_unread,silent,post,from_scheduled,legacy,edit_hide,pinned,noforwards,peer_channel,from_id_user,fwd_from,via_bot_id,reply_to_msg_id,reply_to_scheduled,forum_topic,media_photo_id,reply_markup,views,forwards,replies,edit_date,post_author,grouped_id,reactions,restriction_reason,ttl_period
promoterg,https://t.me/promoterg,24,2024-01-06 05:37:32,"👥1k Premium Members Added Successfully ✅✅

🤝 Thanks For Partnering With Us 

<PERSON> Your Satisfaction, Our Commitment! 

🌾CHECK PINNED POSTS FOR LATEST OFFERS 🌾

🛍 If You Want Telegram Promotion Or Add Members To Your Telegram Group/Channel Or Promote Any Other Social Media Platform Like: 
<PERSON> Youtube 
📡 Facebook 
<PERSON>Please Contact Us Via
 📩Telegram: Https://t.me/kelvin_PROMOTER 


💢Our Top Most Priority Is Making Your Business Grow Daily

#telegrampromotion
#telegrampromoter
#Promote_Group
#Promote_Channel
#Telegram_Promoter
#telegram 
#promotion
#promoter
#telegram_promotion",False,False,False,False,True,False,False,True,False,False,1922551233,,,,,,,4.954095363069947e+18,,612.0,0.0,,2024-01-19T09:50:24+00:00,,1.3636155615935064e+16,"{'_': 'MessageReactions', 'results': [], 'min': False, 'can_see_list': False, 'reactions_as_tags': False, 'recent_reactions': []}",[],
promoterg,https://t.me/promoterg,25,2024-01-06 05:37:32,,False,False,False,False,True,False,False,False,False,False,1922551233,,,,,,,4.954095363069947e+18,,4649.0,0.0,,,,1.3636155615935064e+16,,[],
promoterg,https://t.me/promoterg,26,2024-02-27 13:31:58,"👥6K Members Added Successfully ✅✅

🤝 Thanks For Partnering With Us 

<PERSON> Your Satisfaction, Our Commitment! 

🌾CHECK PINNED POSTS FOR LATEST OFFERS 🌾

🛍 If You Want To Buy And Add Members To Your Telegram Group/Channel Or Promote Any Other Social Media Platform Like: 
<PERSON> Youtube 
📡 Facebook 
<PERSON>Please Contact Us Via
 📩Telegram: Https://t.me/kelvin_PROMOTER 
 

💢Our Top Most Priority Is Making Your Business Grow Daily

Telegram_promoter",False,False,False,False,True,False,False,False,False,False,1922551233,,"{'_': 'MessageFwdHeader', 'date': '2024-02-24T16:20:31+00:00', 'imported': False, 'saved_out': False, 'from_id': {'_': 'PeerChannel', 'channel_id': 2112702382}, 'from_name': None, 'channel_post': 197, 'post_author': None, 'saved_from_peer': None, 'saved_from_msg_id': None, 'saved_from_id': None, 'saved_from_name': None, 'saved_date': None, 'psa_type': None}",,,,,5.102925841121258e+18,,192.0,0.0,,,,1.3672325749114904e+16,,[],
promoterg,https://t.me/promoterg,27,2024-02-27 13:31:58,,False,False,False,False,True,False,False,False,False,False,1922551233,,"{'_': 'MessageFwdHeader', 'date': '2024-02-24T16:20:32+00:00', 'imported': False, 'saved_out': False, 'from_id': {'_': 'PeerChannel', 'channel_id': 2112702382}, 'from_name': None, 'channel_post': 198, 'post_author': None, 'saved_from_peer': None, 'saved_from_msg_id': None, 'saved_from_id': None, 'saved_from_name': None, 'saved_date': None, 'psa_type': None}",,,,,5.102925841121258e+18,,232.0,0.0,,,,1.3672325749114904e+16,,[],
