Channel ID,URL,Post ID,date,message,out,mentioned,media_unread,silent,post,from_scheduled,legacy,edit_hide,pinned,noforwards,peer_channel,from_id_user,fwd_from,via_bot_id,reply_to_msg_id,reply_to_scheduled,forum_topic,media_photo_id,reply_markup,views,forwards,replies,edit_date,post_author,grouped_id,reactions,restriction_reason,ttl_period
quickadd,https://t.me/quickadd,105,2024-02-01 21:50:56,"⚠️⚠️⚠️⚠️⚠️
Update <DATE_TIME>
💵 price list

✅ 1k Telegram members = 2$
✅ 1K Telegram Subscribe = 2$
✅ 1K Twitter followers = 12$
✅ 1k Instagram followers = 7$
✅ 1k Facebook Page followers = 10$
✅ 1k Fb Group member= 10$ 


👍Support or buy : @QuickAddSupport

👍Direct purchase : @agosmani ⚡️",False,False,False,True,True,False,False,True,False,False,1734469761,,,,,,,,,1387.0,1.0,,2024-02-01T21:54:19+00:00,,,"{'_': 'MessageReactions', 'results': [{'_': 'ReactionCount', 'reaction': {'_': 'ReactionEmoji', 'emoticon': '🥰'}, 'count': 5, 'chosen_order': None}, {'_': 'ReactionCount', 'reaction': {'_': 'ReactionEmoji', 'emoticon': '❤'}, 'count': 3, 'chosen_order': None}, {'_': 'ReactionCount', 'reaction': {'_': 'ReactionEmoji', 'emoticon': '👍'}, 'count': 2, 'chosen_order': None}], 'min': False, 'can_see_list': False, 'reactions_as_tags': False, 'recent_reactions': []}",[],
quickadd,https://t.me/quickadd,106,2024-02-08 02:15:22,"⚠️⚠️⚠️⚠️⚠️
Update <DATE_TIME>
💵 price list

✅ 1k Telegram members = 2$
✅ 1K Telegram Subscribe = 2$
✅ 1K Twitter followers = 12$
✅ 1k Instagram followers = 7$
✅ 1k Facebook Page followers = 10$
✅ 1k Fb Group member= 10$ 


👍Support or buy : @QuickAddSupport

👍Direct purchase : @agosmani ⚡️",False,False,False,True,True,False,False,True,False,False,1734469761,,,,,,,,,1637.0,0.0,,2024-02-08T02:16:05+00:00,,,"{'_': 'MessageReactions', 'results': [{'_': 'ReactionCount', 'reaction': {'_': 'ReactionEmoji', 'emoticon': '🔥'}, 'count': 4, 'chosen_order': None}, {'_': 'ReactionCount', 'reaction': {'_': 'ReactionEmoji', 'emoticon': '❤'}, 'count': 1, 'chosen_order': None}, {'_': 'ReactionCount', 'reaction': {'_': 'ReactionEmoji', 'emoticon': '🥰'}, 'count': 1, 'chosen_order': None}], 'min': False, 'can_see_list': False, 'reactions_as_tags': False, 'recent_reactions': []}",[],
quickadd,https://t.me/quickadd,107,2024-02-18 00:52:17,"⚠️⚠️⚠️⚠️⚠️
Update <DATE_TIME>
💵 price list

✅ 1k Telegram members = 2$
✅ 1K Telegram Subscribe = 2$
✅ 1K Twitter followers = 12$
✅ 1k Instagram followers = 7$
✅ 1k Facebook Page followers = 10$
✅ 1k Fb Group member= 10$ 


👍Support or buy : @QuickAddSupport

👍Direct purchase : @agosmani ⚡️",False,False,False,True,True,False,False,True,True,False,1734469761,,,,,,,,,1087.0,0.0,,2024-02-18T00:54:07+00:00,,,"{'_': 'MessageReactions', 'results': [{'_': 'ReactionCount', 'reaction': {'_': 'ReactionEmoji', 'emoticon': '❤'}, 'count': 4, 'chosen_order': None}, {'_': 'ReactionCount', 'reaction': {'_': 'ReactionEmoji', 'emoticon': '❤\u200d🔥'}, 'count': 1, 'chosen_order': None}, {'_': 'ReactionCount', 'reaction': {'_': 'ReactionEmoji', 'emoticon': '🥰'}, 'count': 1, 'chosen_order': None}], 'min': False, 'can_see_list': False, 'reactions_as_tags': False, 'recent_reactions': []}",[],
quickadd,https://t.me/quickadd,109,2024-03-01 12:05:37,"⚠️⚠️⚠️⚠️⚠️
Update <DATE_TIME>
💵 price list

✅ 1k Telegram members = 2$
✅ 1K Telegram Subscribe = 2$
✅ 1K Twitter followers = 12$
✅ 1k Instagram followers = 7$
✅ 1k Facebook Page followers = 10$
✅ 1k Fb Group member= 10$ 


👍Support or buy : @QuickAddSupport

👍Direct purchase : @agosmani ⚡️",False,False,False,True,True,False,False,False,True,False,1734469761,,,,,,,,,1065.0,0.0,,2024-03-02T02:55:28+00:00,,,"{'_': 'MessageReactions', 'results': [{'_': 'ReactionCount', 'reaction': {'_': 'ReactionEmoji', 'emoticon': '❤'}, 'count': 3, 'chosen_order': None}, {'_': 'ReactionCount', 'reaction': {'_': 'ReactionEmoji', 'emoticon': '🥰'}, 'count': 2, 'chosen_order': None}, {'_': 'ReactionCount', 'reaction': {'_': 'ReactionEmoji', 'emoticon': '🔥'}, 'count': 1, 'chosen_order': None}], 'min': False, 'can_see_list': False, 'reactions_as_tags': False, 'recent_reactions': []}",[],
quickadd,https://t.me/quickadd,110,2024-03-01 12:05:46,,False,False,False,True,True,,False,,,,1734469761,,,,109.0,False,False,,,,,,,,,,,
