id,Channel ID,URL,message,date,views,forwards,reactions
89,transfer_group_member,https://t.me/transfer_group_member,"Apludri bot is available
To buy: <PERSON>",2024-02-28T08:19:28+00:00,1062.0,,👎: 1
10538,transfer_group_member,https://t.me/transfer_group_member,Nap1926Fede ⊹ Ggfffyhy6 ⊹ altohameya ⊹ Loscomettitorepazz ⊹ Alexeyt8 ⊹ Feellla1996,2024-02-28T08:22:45+00:00,,,
10537,transfer_group_member,https://t.me/transfer_group_member,carmelo_di ⊹ trytry9090 ⊹ PROARBT ⊹ <PERSON> leadsanddata_vendor ⊹ Meltov7,2024-02-28T08:22:43+00:00,,,
10536,transfer_group_member,https://t.me/transfer_group_member,SocialOrangeNet ⊹ mikepceo ⊹ Keralakitchen123 ⊹ Danil3212 ⊹ <PERSON> ⊹ <NRP>,2024-02-28T08:22:42+00:00,,,
10535,transfer_group_member,https://t.me/transfer_group_member,Alex189922 ⊹ itsfaizu786 ⊹ <PERSON> ⊹ RuskMusk ⊹ himaboys ⊹ fauz192,2024-02-28T08:22:40+00:00,,,
10534,transfer_group_member,https://t.me/transfer_group_member,SDAgency3119 ⊹ sadhappydie ⊹ FFCAD ⊹ Maytex1 ⊹ Mark112lv ⊹ juscelinzinba,2024-02-28T08:22:38+00:00,,,
10533,transfer_group_member,https://t.me/transfer_group_member,do_pizdu1 ⊹ Palu_1 ⊹ zxcf13479 ⊹ Rishi_dhruw ⊹ ghostvash ⊹ akkrent,2024-02-28T08:22:37+00:00,,,
10532,transfer_group_member,https://t.me/transfer_group_member,<PERSON> ⊹ bibhutipati ⊹ lmorris32 ⊹ loko_leaf ⊹ vali415 ⊹ aaz_i,2024-02-28T08:22:35+00:00,,,
10531,transfer_group_member,https://t.me/transfer_group_member,<PERSON> ⊹ RoyBeatz ⊹ Gracafer ⊹ valerabeliznov ⊹ rodrigomdn,2024-02-28T08:22:33+00:00,,,
10530,transfer_group_member,https://t.me/transfer_group_member,Makoker ⊹ avbbbuy ⊹ Nadasyed21 ⊹ <PERSON> ⊹ AffiliateNajaryan ⊹ <PERSON>,2024-02-28T08:22:32+00:00,,,
10529,transfer_group_member,https://t.me/transfer_group_member,Vldmr A ⊹ OpenFresh ⊹ maja_malisa ⊹ halimassad ⊹ money_iseasy5 ⊹ barbRd6,2024-02-28T08:22:30+00:00,,,
10528,transfer_group_member,https://t.me/transfer_group_member,truuuuey ⊹ database_4u ⊹ vladislavz808 ⊹ Ane_2508 ⊹ ramzimiftah ⊹ WParideW,2024-02-28T08:22:29+00:00,,,
10527,transfer_group_member,https://t.me/transfer_group_member,Aleenamz ⊹ Petter_Ly ⊹ <PERSON> ⊹ pollles12 ⊹ lightwerx ⊹ LewistonB,2024-02-28T08:22:27+00:00,,,
10526,transfer_group_member,https://t.me/transfer_group_member,mod_lai ⊹ koustard ⊹ ds_my ⊹ mrred2202 ⊹ digitalgoutam ⊹ alltrafficgroup_manager,2024-02-28T08:22:25+00:00,,,
10525,transfer_group_member,https://t.me/transfer_group_member,Simran_nagpal ⊹ zksyncmail ⊹ sevvalzk ⊹ ABurtsev20 ⊹ deafullzIookup ⊹ Silviorafael01,2024-02-28T08:22:23+00:00,,,
10524,transfer_group_member,https://t.me/transfer_group_member,Oliviacollin ⊹ <PERSON> ⊹ r_deputat ⊹ londonlondonlondon ⊹ prmanager_vector ⊹ xxxKalibur,2024-02-28T08:22:22+00:00,,,
10523,transfer_group_member,https://t.me/transfer_group_member,Weemscc ⊹ Pabl0_Picass0 ⊹ <PERSON> ⊹ navelin1 ⊹ <PERSON> ⊹ <PERSON>,2024-02-28T08:22:20+00:00,,,
10522,transfer_group_member,https://t.me/transfer_group_member,tariq980 ⊹ ToneyStarkBMW ⊹ <NRP> ⊹ salmaelhalba ⊹ mrerrahali11 ⊹ edaatik,2024-02-28T08:22:19+00:00,,,
10521,transfer_group_member,https://t.me/transfer_group_member,pedrinoos ⊹ ericomandroti ⊹ AaronBassha ⊹ Crypt01i0n ⊹ vlad_k1 ⊹ Tiger121715,2024-02-28T08:22:17+00:00,,,
10520,transfer_group_member,https://t.me/transfer_group_member,<PERSON> ⊹ gxnzafx ⊹ DataLeadEscort_CMO ⊹ Mhsiraj ⊹ Sacr911 ⊹ hoselaa,2024-02-28T08:22:16+00:00,,,
10519,transfer_group_member,https://t.me/transfer_group_member,Annisa_lk ⊹ Execelsuccess ⊹ fresh_fb_350 ⊹ Sandraas02 ⊹ MW91Nomad ⊹ Gaurav2O,2024-02-28T08:22:14+00:00,,,
10518,transfer_group_member,https://t.me/transfer_group_member,EditaOwens ⊹ iaokkk ⊹ ZachemSmotrishh ⊹ i_need_accs ⊹ Shevas_s ⊹ <PERSON>,2024-02-28T08:21:39+00:00,,,
10517,transfer_group_member,https://t.me/transfer_group_member,vovan4yk93 ⊹ vectortechnology01 ⊹ Ms795 ⊹ Ride2Moon ⊹ admdiy ⊹ C_EMV,2024-02-28T08:21:37+00:00,,,
10516,transfer_group_member,https://t.me/transfer_group_member,adhawk00 ⊹ waraccounts ⊹ Harrylc9 ⊹ Eridaniajd07 ⊹ <PERSON> ⊹ Safin6,2024-02-28T08:21:35+00:00,,,
10515,transfer_group_member,https://t.me/transfer_group_member,aryoenanda ⊹ <NRP> ⊹ yh9err5ss ⊹ DimaWeRs ⊹ nata_in_wonderland ⊹ TaysonPereira,2024-02-28T08:21:34+00:00,,,
10514,transfer_group_member,https://t.me/transfer_group_member,<NRP> ⊹ confortigiovanni ⊹ wiillness ⊹ tfymh ⊹ devilmadecream ⊹ One_Axe,2024-02-28T08:21:32+00:00,,,
10513,transfer_group_member,https://t.me/transfer_group_member,ihsan_sabr ⊹ fatSquiller ⊹ allkoman ⊹ <PERSON> ⊹ Sergei_Traff ⊹ mikemagfx,2024-02-28T08:21:30+00:00,,,
10512,transfer_group_member,https://t.me/transfer_group_member,<PERSON> ⊹ datazapaska ⊹ vikmich ⊹ prathu2589 ⊹ fbandgoogleaccounts ⊹ thebigprime,2024-02-28T08:21:29+00:00,,,
10511,transfer_group_member,https://t.me/transfer_group_member,cms17 ⊹ datahub_official ⊹ Pablo25escobar ⊹ Tess_Trafficcompany ⊹ ds77ff ⊹ adecomtech,2024-02-28T08:21:27+00:00,,,
10510,transfer_group_member,https://t.me/transfer_group_member,supp4ra ⊹ giuls2407 ⊹ adamoferreira ⊹ Ruupamdas ⊹ chipicaog ⊹ JCinfinity,2024-02-28T08:21:25+00:00,,,
10509,transfer_group_member,https://t.me/transfer_group_member,abarbukovaw ⊹ amar_bat ⊹ adityath01 ⊹ dispicable_m ⊹ a_viss ⊹ gv_sellar,2024-02-28T08:21:24+00:00,,,
10508,transfer_group_member,https://t.me/transfer_group_member,sjcbj ⊹ Baby Face💓💖 ⊹ Der0op ⊹ virgiliogallo ⊹ Benzema1994 ⊹ Dolivermaia,2024-02-28T08:21:22+00:00,,,
10507,transfer_group_member,https://t.me/transfer_group_member,<PERSON> ⊹ DulSex_movs ⊹ <PERSON> ⊹ <PERSON> ⊹ Avazjon555 ⊹ Rev. sister <PERSON>,2024-02-28T08:21:20+00:00,,,
10506,transfer_group_member,https://t.me/transfer_group_member,<PERSON> ⊹ Max_KMA ⊹ DMgrowth ⊹ Barry_holz_bach ⊹ Digital_webS3 ⊹ VishalAdaxx,2024-02-28T08:21:19+00:00,,,
10505,transfer_group_member,https://t.me/transfer_group_member,BHS_Baron ⊹ UcheOnos ⊹ mr_Colin1 ⊹ rachelmentoria ⊹ <PERSON> ⊹ Borguim,2024-02-28T08:21:19+00:00,,,
10504,transfer_group_member,https://t.me/transfer_group_member,Aissakhach ⊹ Zuzana2346 ⊹ Xyz_cool_yt_2222 ⊹ Especialistamkt ⊹ ilya_299 ⊹ jblink90,2024-02-28T08:21:15+00:00,,,
10503,transfer_group_member,https://t.me/transfer_group_member,<PERSON> ⊹ si_mohh ⊹ AoneServiceprovider ⊹ <PERSON> ⊹ Rajniit ⊹ Nknownnimus,2024-02-28T08:21:15+00:00,,,
10502,transfer_group_member,https://t.me/transfer_group_member,Nolovenofair ⊹ Babla_S_fx ⊹ Leadsplug_Support ⊹ <PERSON> ⊹ JheovannaLima4 ⊹ <PERSON>,2024-02-28T08:21:14+00:00,,,
10501,transfer_group_member,https://t.me/transfer_group_member,<PERSON> ⊹ hohdru zkb ⊹ SKY1AV ⊹ brunorpt ⊹ Tradingmaster33333 ⊹ O M,2024-02-28T08:21:14+00:00,,,
10500,transfer_group_member,https://t.me/transfer_group_member,Shy<MEDICAL_LICENSE>00000000000 ⊹ <PERSON> ⊹ <PERSON> ⊹ <PERSON> ⊹ AneesGujjar796,2024-02-28T08:21:13+00:00,,,
10499,transfer_group_member,https://t.me/transfer_group_member,<NRP> ⊹ Narutoasuraa ⊹ JainSahab009 ⊹ <PERSON> ⊹ Acidits ⊹ <PERSON>,2024-02-28T08:21:13+00:00,,,
