id,Channel ID,URL,message,date,views,forwards,reactions
1289,hxtlistservices,https://t.me/hxtlistservices,"IG None Generic Claims

Price starts at $900
claim could be done in 1-24h
  RESELLERS WELCOME!

•Requirements:
- Inactive 12+ Months
- 6 Characters or more

Contact : @Streak",2023-10-10T10:47:04+00:00,650.0,,
9659,hxtlistservices,https://t.me/hxtlistservices,,2023-12-27T21:36:51+00:00,,,
9658,hxtlistservices,https://t.me/hxtlistservices,,2023-12-27T21:24:09+00:00,,,
9657,hxtlistservices,https://t.me/hxtlistservices,Thats not a non generic claim lol,2023-12-27T21:15:18+00:00,,,
8197,hxtlistservices,https://t.me/hxtlistservices,@noodles i mean,2023-11-17T18:03:45+00:00,,,
8196,hxtlistservices,https://t.me/hxtlistservices,How much for u 2 pull @noodle its inactive,2023-11-17T18:03:32+00:00,,,
