id,Channel ID,URL,message,date,views,forwards,reactions
916,hxtlistservices,https://t.me/hxtlistservices,"Instagram USER 

@Jerry 

OGE ACCESS : NO #s linked
BIN : 20k -> FIRE 🔥 DEAL 
DM @Hxtlist",2023-05-11T22:30:03+00:00,284.0,,
3960,hxtlistservices,https://t.me/hxtlistservices,I won’t dm unless he shows funds,2023-05-11T22:34:51+00:00,,,
3959,hxtlistservices,https://t.me/hxtlistservices,Nigga you wanna go b4b?,2023-05-11T22:34:49+00:00,,,
3957,hxtlistservices,https://t.me/hxtlistservices,<PERSON> show funds rn,2023-05-11T22:34:38+00:00,,,
3955,hxtlistservices,https://t.me/hxtlistservices,I’ll cop rn dm me,2023-05-11T22:34:24+00:00,,,
