id,Channel ID,URL,message,date,views,forwards,reactions
1485,hxtlistservices,https://t.me/hxtlistservices,"<DATE_TIME> to all of our @HxtlistServices members. We hope you have an amazing day with your family & loved ones and cherish the moments together & happiness! Thank you all for the continued support 🎅🎁❄️🎄🎄 

<DATE_TIME> will come to a bigger and better strive , <DATE_TIME> we have came to the end with ups and downs . Let’s get <DATE_TIME> 🫡",2023-12-25T21:31:06+00:00,582.0,,❤: 1
9632,hxtlistservices,https://t.me/hxtlistservices,,2023-12-25T23:12:24+00:00,,,
9631,hxtlistservices,https://t.me/hxtlistservices,you dad is a black nigga,2023-12-25T23:10:51+00:00,,,
9630,hxtlistservices,https://t.me/hxtlistservices,shut up don't be nice,2023-12-25T22:55:03+00:00,,,
9629,hxtlistservices,https://t.me/hxtlistservices,Thx my white nigga,2023-12-25T22:48:46+00:00,,,❤: 1
