id,Channel ID,URL,message,date,views,forwards,reactions
830,hxtlistservices,https://t.me/hxtlistservices,"We are about to work this random 
Instagram.com/roal <DATE_TIME> out , weirdo wants to scam @s plus $$$$ let’s get to it yall 💙💙👏🏽💰",2023-04-24T15:08:02+00:00,387.0,,
3560,hxtlistservices,https://t.me/hxtlistservices,Instead of banning it just jack it,2023-04-26T13:38:20+00:00,,,
3559,hxtlistservices,https://t.me/hxtlistservices,Huh,2023-04-26T13:30:00+00:00,,,
3558,hxtlistservices,https://t.me/hxtlistservices,Why not just jack it?,2023-04-26T13:29:47+00:00,,,
