id,Channel ID,URL,message,date,views,forwards,reactions
6460,hacktheirsystem,https://t.me/hacktheirsystem,"<PERSON>Work Portfolio Guide🚩

A work portfolio is a collection of work samples that shows your capabilities to prospective employers. Job seekers might have an online portfolio, a paper portfolio, or both. Choose the format that best showcases the work you do. Your portfolio should be easy to navigate and aesthetically pleasing.

❤️Points to remember while making portfolio❤️

🟡Showcase your best work
 
🔴Tailor your content to your audience

🔵Use visuals effectively
 
🟢Keep it concise and clear
 
🟣Proofread carefully

<PERSON>Password : @its_me_kali

♡ ㅤ    ❍ㅤ    ⎙ㅤ  ⌲           
ˡᶦᵏᵉ  ᶜᵒᵐᵐᵉⁿᵗ  ˢᵃᵛᵉ  <DATE_TIME>",2024-02-11T06:02:38+00:00,668.0,,"👍: 1, ❤: 1"
22917,hacktheirsystem,https://t.me/hacktheirsystem,you know..,2024-02-24T18:55:08+00:00,,,
22916,hacktheirsystem,https://t.me/hacktheirsystem,"Ohh! I heard about something like this recently, don't know if it's the same thing tho",2024-02-24T18:52:32+00:00,,,
22902,hacktheirsystem,https://t.me/hacktheirsystem,When you use your real money your chances decrease...,2024-02-24T11:04:16+00:00,,,
22901,hacktheirsystem,https://t.me/hacktheirsystem,I am too now. I paid aviator and lost all my money there is a cheat in this system,2024-02-24T11:03:37+00:00,,,
22900,hacktheirsystem,https://t.me/hacktheirsystem,I'm not familiar with it,2024-02-24T11:02:49+00:00,,,
22773,hacktheirsystem,https://t.me/hacktheirsystem,yes ?,2024-02-14T08:48:54+00:00,,,
22771,hacktheirsystem,https://t.me/hacktheirsystem,Aviator?,2024-02-14T08:47:45+00:00,,,
22770,hacktheirsystem,https://t.me/hacktheirsystem,"hello bro, you have aviator bot?",2024-02-14T08:11:34+00:00,,,
