id,Channel ID,URL,message,date,views,forwards,reactions
6389,hacktheirsystem,https://t.me/hacktheirsystem,"Free ReCaptchaV2 Solver (<DATE_TIME>): 
 
https://github.com/LunaPy17/RecaptchaV2-IA-Solver

- Supports Proxies and Custom Cookies. 
- Performance is enhanced with a GPU.

@HackTheirSystem",2024-01-18T10:20:12+00:00,572.0,,👍: 1
22509,hacktheirsystem,https://t.me/hacktheirsystem,"Let me check on this, does it matter what language?",2024-01-22T02:50:15+00:00,,,
22506,hacktheirsystem,https://t.me/hacktheirsystem,@hacktheirsystem,2024-01-21T14:45:13+00:00,,,
22505,hacktheirsystem,https://t.me/hacktheirsystem,Any source code/ software for automatic comment backlink creator?,2024-01-21T14:43:30+00:00,,,
