id,Channel ID,URL,message,date,views,forwards,reactions
6390,hacktheirsystem,https://t.me/hacktheirsystem,"1. Introduction ( Don’t Skip This Video )
2. <PERSON> + Java Setup
3. Information About Apk Easy Tool Or Android Studio emulator
4. Android Architectures x86 x64 ( 32-Bit ~ 64-Bit )
5. Manually Payload Binding With Any Apk Part 1
6. Manually Payload Binding With Any Secure Apk Part 2
7. Bind Payload With Any Apk Easy Method
8. <PERSON> ( Unable To Rebuild Apk With Apktool )
9. Make Persistent Payload Run Forever in Background
10. Bypass Google Play Protect Security Make Any RAT Payload FUD


~pythagorex

@HackTheirSystem",2024-01-18T10:20:12+00:00,701.0,,"👍: 1, ❤: 1"
22486,hacktheirsystem,https://t.me/hacktheirsystem,Password...????,2024-01-18T20:12:26+00:00,,,
22481,hacktheirsystem,https://t.me/hacktheirsystem,password brother,2024-01-18T13:46:29+00:00,,,
