id,Channel ID,URL,message,date,views,forwards,reactions
157,fudcrypter_by_newcoder,https://t.me/fudcrypter_by_newcoder,"➡️ Free Test for <DATE_TIME>

⚠️ First Chack Work or not After Buy

⚠️ Send me your File But remember if you want to buying sure then you can test

🗂 files Send here 🆔 @New_Codar",2024-02-16T22:29:57+00:00,855.0,,"👍: 2, ❤: 2, 🥰: 1"
555,fudcrypter_by_newcoder,https://t.me/fudcrypter_by_newcoder,I want to buy the crypter,2024-03-10T19:33:59+00:00,,,
340,fudcrypter_by_newcoder,https://t.me/fudcrypter_by_newcoder,I need a team to purchase crypter,2024-02-20T22:19:02+00:00,,,
337,fudcrypter_by_newcoder,https://t.me/fudcrypter_by_newcoder,I need a team to purchase crypter,2024-02-19T19:56:18+00:00,,,
332,fudcrypter_by_newcoder,https://t.me/fudcrypter_by_newcoder,I need a team to purchase crypter,2024-02-17T17:09:14+00:00,,,
