id,Channel ID,URL,message,date,views,forwards,reactions
133,fudcrypter_by_newcoder,https://t.me/fudcrypter_by_newcoder,"⚠️ Some Fucking stupid people people Testing files Upload on <NRP> sites

⚠️ don't upload Testing Files on Totalvirus

➡️ I give Free Test For <DATE_TIME> fucking people upload on <NRP> site",2024-02-07T16:02:31+00:00,723.0,,👍: 2
261,fudcrypter_by_newcoder,https://t.me/fudcrypter_by_newcoder,We don't do such here. Don't be a bad adviser. The Codder know why is making free test for those who are interested in buying the software..... 🐒🐒🐒,2024-02-07T18:42:10+00:00,,,
260,fudcrypter_by_newcoder,https://t.me/fudcrypter_by_newcoder,i think you should take some money now for giving the test.,2024-02-07T16:36:52+00:00,,,
