id,Channel ID,URL,message,date,views,forwards,reactions
80,fudcrypter_by_newcoder,https://t.me/fudcrypter_by_newcoder,📌 Shellcode inject in explorer  📂 📌,2023-12-27T05:41:51+00:00,1098.0,7.0,
156,fudcrypter_by_newcoder,https://t.me/fudcrypter_by_newcoder,hi,2024-02-03T00:55:29+00:00,,,
90,fudcrypter_by_newcoder,https://t.me/fudcrypter_by_newcoder,Working 100% bypass ALL AV and chrome detection thanks bro,2023-12-28T11:17:17+00:00,,,❤: 2
89,fudcrypter_by_newcoder,https://t.me/fudcrypter_by_newcoder,coolest basic <NRP>,2023-12-28T00:35:36+00:00,,,❤: 2
88,fudcrypter_by_newcoder,https://t.me/fudcrypter_by_newcoder,Paid,2023-12-27T08:54:33+00:00,,,
87,fudcrypter_by_newcoder,https://t.me/fudcrypter_by_newcoder,Free,2023-12-27T08:47:33+00:00,,,
