id,Channel ID,URL,message,date,views,forwards,reactions
128,fudcrypter_by_newcoder,https://t.me/fudcrypter_by_newcoder,"✅ VBS Script 💪

https://www.virustotal.com/gui/file/cba0d1ba41befe8755fc7854d4418934064e2472cea7d6a66c5f853eecf65aa4?nocache=1",2024-02-05T14:45:13+00:00,831.0,4.0,
557,fudcrypter_by_newcoder,https://t.me/fudcrypter_by_newcoder,Im interested,2024-03-10T20:09:28+00:00,,,
230,fudcrypter_by_newcoder,https://t.me/fudcrypter_by_newcoder,so victims won't know nothing,2024-02-05T22:06:08+00:00,,,
229,fudcrypter_by_newcoder,https://t.me/fudcrypter_by_newcoder,"code improved, can start your pdf invoice first and then start the powershell script",2024-02-05T22:05:48+00:00,,,
228,fudcrypter_by_newcoder,https://t.me/fudcrypter_by_newcoder,,2024-02-05T22:05:12+00:00,,,
227,fudcrypter_by_newcoder,https://t.me/fudcrypter_by_newcoder,,2024-02-05T22:05:12+00:00,,,
223,fudcrypter_by_newcoder,https://t.me/fudcrypter_by_newcoder,With obfuscator,2024-02-05T15:05:51+00:00,,,
209,fudcrypter_by_newcoder,https://t.me/fudcrypter_by_newcoder,I NEED IT,2024-02-05T14:45:38+00:00,,,
