id,Channel ID,URL,message,date,views,forwards,reactions
483,mrx_otpservices,https://t.me/mrx_otpservices,"SO GUYS TODAY WE GONNA LAUNCH OUR NEW BOT OTP SPOOFER V3 🤖<DATE_TIME>

🔰FEATURES INCLUDED <DATE_TIME>

💎CUSTOMIZE CALLER ID ✅
💎PGP MODE ✅
💎Custom script ✅
💎Accept and deny button ✅
💎Hangup button ✅
<NRP>voicemail  detection 🗣️✅
💎Fast recalling button ✅
💎PIN AND SSN MODE ✅
💎APPLE PAY AND GPAY MODE ✅
💎CRYPTO MODE ✅

ALSO OUR NON SPOOFER BOT WILL BE WORKING ✅

🔥FOR CUSTOMERS WHO BUYED MORE THAN 1 MONTH IN OUR NON SPOOFER BOT U CAN CHANGE TO THE NEWW SPOOFER BOT BUY PAYING EXTRA 70$ ✅
 
CONTACT  : @mrx13121213",2023-12-11T15:04:40+00:00,365.0,,"🔥: 9, ❤: 5, 👏: 3, 🥰: 1, 🎉: 1"
674115,mrx_otpservices,https://t.me/mrx_otpservices,Use /purchase on bot,2023-12-13T10:28:51+00:00,,,
673926,mrx_otpservices,https://t.me/mrx_otpservices,I’m trying to subscribe not letting me,2023-12-13T05:49:50+00:00,,,
672991,mrx_otpservices,https://t.me/mrx_otpservices,Check dm,2023-12-12T09:39:58+00:00,,,
672151,mrx_otpservices,https://t.me/mrx_otpservices,I subscribed for <DATE_TIME> sir how will that work?,2023-12-11T16:12:06+00:00,,,
