id,Channel ID,URL,message,date,views,forwards,reactions
440,mrx_otpservices,https://t.me/mrx_otpservices,THE NEW VOICE TO OUT BOT 🤖 WITH TODAY DATE 24 NOV 2023 🔥🔥,2023-11-24T10:23:37+00:00,342.0,18.0,"🔥: 10, 👏: 4, ❤: 3, 🥰: 2, 🤔: 1"
651368,mrx_otpservices,https://t.me/mrx_otpservices,@MRX0TP1bot go to /purchase,2023-11-24T10:48:22+00:00,,,
651366,mrx_otpservices,https://t.me/mrx_otpservices,How do we get the otp bot?,2023-11-24T10:45:01+00:00,,,
651358,mrx_otpservices,https://t.me/mrx_otpservices,just smacked that😋😋,2023-11-24T10:39:45+00:00,,,
