id,Channel ID,URL,message,date,views,forwards,reactions
498,mrx_otpservices,https://t.me/mrx_otpservices,"💲NEW SPOOFER BOT IS READY💲

BOT : @otpsspoof_bot

🔰FEATURES INCLUDED <DATE_TIME>

💎CUSTOMIZE CALLER ID ✅
💎Custom script ✅
💎Hangup button ✅
<NRP>voicemail  detection 🗣️✅
💎Fast recalling button ✅
💎PIN AND SSN MODE ✅
💎APPLE PAY AND GPAY MODE ✅
💎OTP+PIN MODE✅
💎CARD MODE TO GRAB CREDIT CARD AND EXP AND CVV AT THE SAME TIME ✅

🔥NEW MODE CALLED GOD MODE 
ALLOWS YOU TO GRAB OTP FOR CREDIT CARDS WITH 90% SUCCESS RATE DUE TO HIS UNIQUE SCRIPT 🔥

📦HIT /start at : @otpsspoof_bot

🔥FOR CUSTOMERS WHO BUYED MORE THAN 1 MONTH IN OUR NON SPOOFER BOT U CAN CHANGE TO THE NEWW SPOOFER BOT BUY PAYING EXTRA 70$ ✅
 
CONTACT  : @mrx13121213",2023-12-16T02:48:30+00:00,305.0,1.0,"❤: 6, 👏: 3, 🤯: 3, 🔥: 1"
678114,mrx_otpservices,https://t.me/mrx_otpservices,Yes sir,2023-12-17T19:46:40+00:00,,,
678102,mrx_otpservices,https://t.me/mrx_otpservices,I can Call Number AUS,2023-12-17T18:37:17+00:00,,,
677918,mrx_otpservices,https://t.me/mrx_otpservices,Vouch for me bro🙏,2023-12-16T19:39:43+00:00,,,
677904,mrx_otpservices,https://t.me/mrx_otpservices,Good job on pgp mode👍,2023-12-16T18:20:50+00:00,,,
