id,Channel ID,URL,message,date,views,forwards,reactions
592,mrx_otpservices,https://t.me/mrx_otpservices,"📲 @otpsspoof_bot- 𝙊𝙏𝙋 𝘽𝙊𝙏 v.3.0
🟢Operational | 📈 Uptime: 100%

⭐️Our 𝙊𝙏𝙋 𝘽𝙊𝙏 is packed with social engineering features that will blow your mind!
The latest version of our software just dropped like it's hot. 

MAJOR UPDATE: 

 1. ENHANCED PGP - ( This is PGP on steroids ): connect to active bot call and speak 🗣 directly as representative to the target 🎯. 


Currently LIVE: 
 1. MULTI CAPTURE PANEL - Capture OTP, PIN, SSN, MMN CVV... and any other info all in ONE call. (available in every subscription package. 

 2. MMN - Capture MMN of target 🎯. (Yes you read that well) The only bot that offers this unique and money making option in the market. 

 3. VOLUME - We increased and enhanced the volume (LOUD 🔊 AND CLEAR )

But hold onto your hats, because this is just the appetizer. We've got of even more functions coming your way shortly. You won't want to miss a byte! 🍽️👩‍💻

Stay tuned and let's ride this WAVE 🌊 together! 

Your kind feedback about bugs <PERSON> and suggestions is welcome.
http://t.me/mrx_otpservices",2024-03-04T15:49:11+00:00,675.0,5.0,"🔥: 43, 🎉: 31, 🕊: 26, 👏: 16"
774959,mrx_otpservices,https://t.me/mrx_otpservices,Appreciate my G 🙏,2024-03-05T03:49:04+00:00,,,
774891,mrx_otpservices,https://t.me/mrx_otpservices,Do anybody know Ia site I can get driver license 😅need help,2024-03-05T02:58:52+00:00,,,
774761,mrx_otpservices,https://t.me/mrx_otpservices,"Aged chase needed 

Sending 50k each for wire transfer 

Need 11aged chase acc",2024-03-05T01:13:59+00:00,,,
