id,Channel ID,URL,message,date,views,forwards,reactions
100,boostgram,https://t.me/boostgram,"ALL WARNS REMOVED! As a courtesy, and a thank you for using our service, all warnings have been removed as of 8:20pm central time <DATE_TIME>. If you haven't used <PERSON> lately, we would love to have you back! Find our group list in the chat <PERSON>",2022-09-15T15:53:51+00:00,1789.0,,
320578,boostgram,https://t.me/boostgram,followers gain available?,2022-09-26T05:31:24+00:00,,,
320343,boostgram,https://t.me/boostgram,I joined,2022-09-19T16:21:54+00:00,,,
320232,boostgram,https://t.me/boostgram,Here's the group list:<PERSON>/boostgramchat/313551,2022-09-16T11:11:55+00:00,,,
320214,boostgram,https://t.me/boostgram,How I join,2022-09-16T06:19:48+00:00,,,
