id,Channel ID,URL,message,date,views,forwards,reactions
136,boostgram,https://t.me/boostgram,"🚀 Level up your Posts 🚀 

We have people who get paid to comment on your posts!

Order 6, <DATE_TIME>, <DATE_TIME>, or 24 customized comments 

Real people copy/paste it onto your posts

Get started <DATE_TIME> @instapluscommentsbot

Costs just $<DATE_TIME> comments!",2023-11-27T15:32:11+00:00,1690.0,3.0,
373227,boostgram,https://t.me/boostgram,The bot keeps saying my instagram handle doesn’t exist?? It does,2024-04-27T20:28:34+00:00,,,
346855,boostgram,https://t.me/boostgram,Yes contact with me,2023-12-16T05:19:24+00:00,,,
