id,Channel ID,URL,message,date,views,forwards,reactions
137,boostgram,https://t.me/boostgram,Would you be interested in a Threads group?,2023-12-16T02:53:12+00:00,1046.0,,
372803,boostgram,https://t.me/boostgram,YouTube group?,2024-04-19T08:15:44+00:00,,,
365238,boostgram,https://t.me/boostgram,Yes,2024-02-13T01:35:34+00:00,,,
353786,boostgram,https://t.me/boostgram,"I need a group, wia I can comment on other peoples Instagram post snd they comment on mine. Getting a lot of comments from.one post",2024-01-07T09:10:20+00:00,,,
352650,boostgram,https://t.me/boostgram,"Yes, and I would love a group where we could post request for Instagram collabs. That would be a game changer.",2024-01-03T17:57:42+00:00,,,
347057,boostgram,https://t.me/boostgram,Yes,2023-12-16T20:52:29+00:00,,,
