id,Channel ID,URL,message,date,views,forwards,reactions
128,boostgram,https://t.me/boostgram,"🥳 INSTAGRAM $10 SPECIALS 🥳

Checkout these amazing $10 specials! 
Choose any for $10 each!
💬 To order, message @sunfloweradmin

🎥 7500 views
🎥 1000 views on 20 future posts

💭 50 High Quality Comments

⭐️ 5,000 followers super cheap quality 
⭐️ 2,500 followers- most with profile pics and posts!
⭐️ 800 Instagram Real looking Followers with <DATE_TIME> refill
⭐️ 1,000 MQ followers 
⭐️ 1,000 <NRP> followers 

⭐️ 100 HQ USA followers
⭐️ 750 USA followers (cheap)
⭐️ 100 Female USA followers
⭐️ 100 Male USA followers

❤️ 200 group likes + 12 comments
♥️ 100 group likes + 25 comments
💙 250 USA likes
💖 250 HQ female likes
🧡 1000 LQ/MQ USA likes
💚 750 MQ/HQ likes 
💜 3500 cheap likes

💳 Stripe, Square, Wise, Cashapp, Venmo, and crypto accepted",2023-07-01T03:22:24+00:00,3670.0,18.0,
373264,boostgram,https://t.me/boostgram,"Hey, PayPal is no longer accepted. I accept Stripe, Venmo and Cashapp",2024-04-28T14:30:18+00:00,,,
373207,boostgram,https://t.me/boostgram,Accept PayPal ?,2024-04-27T11:03:22+00:00,,,
