id,Channel ID,URL,message,date,views,forwards,reactions
413,hackingandcrackingtools,https://t.me/hackingandcrackingtools,"1⃣ Instagram Hacking Course 

🔴Learn A To Z How to Hack Instagram 

🔴Very easy and beginner friendly

➡️ Don't Forget To React ✅",2023-11-05T11:42:41+00:00,4282.0,143.0,"👍: 26, ❤: 8"
7244,hackingandcrackingtools,https://t.me/hackingandcrackingtools,<PERSON>.,2024-01-29T16:21:43+00:00,,,
2976,hackingandcrackingtools,https://t.me/hackingandcrackingtools,"For Top mobile device hacking software 
Hacking service  
Hacking softwares 
Hacking deep course  
Clone website  
Create hacking software and adding functionality of your choice. 
<PERSON> cloning and its software  
BTC flasher  
Mobile hacking  
OTP bypass 
 
Message me",2023-11-15T13:23:54+00:00,,,
2843,hackingandcrackingtools,https://t.me/hackingandcrackingtools,Hyy,2023-11-11T21:44:55+00:00,,,
2747,hackingandcrackingtools,https://t.me/hackingandcrackingtools,"<PERSON> ,,<PERSON>",2023-11-10T02:55:24+00:00,,,
2635,hackingandcrackingtools,https://t.me/hackingandcrackingtools,oke,2023-11-05T12:09:29+00:00,,,
