id,Channel ID,URL,message,date,views,forwards,reactions
419,hackingandcrackingtools,https://t.me/hackingandcrackingtools,"🤖 Introduction to Dark Web, Anonymity and Cryptocurrency 😈

Learn to access Dark Web, Tor Browser and know about Bitcoin cryptocurrency.


👮 Download - Click Here 
🎥 Language : English

<DATE_TIME> 10 Courses :- Day 10",2023-11-10T17:53:13+00:00,3822.0,22.0,"👍: 1, ❤: 1"
9430,hackingandcrackingtools,https://t.me/hackingandcrackingtools,me too,2024-04-18T17:13:35+00:00,,,
3070,hackingandcrackingtools,https://t.me/hackingandcrackingtools,"Thanks for this course.
Please I want wallet hacking course.",2023-11-17T08:12:00+00:00,,,
2847,hackingandcrackingtools,https://t.me/hackingandcrackingtools,I want to get a whatsapp hacking tool,2023-11-12T03:18:16+00:00,,,👍: 1
2813,hackingandcrackingtools,https://t.me/hackingandcrackingtools,"This is awesome...
Bro please bring a good config making course ❤️❤️❤️",2023-11-11T12:21:42+00:00,,,
