id,Channel ID,URL,message,date,views,forwards,reactions
425,hackingandcrackingtools,https://t.me/hackingandcrackingtools,"Ddos with Telegram Bot Source code

password: <PERSON>",2023-11-13T07:37:47+00:00,5626.0,176.0,"👍: 3, ❤: 2"
9796,hackingandcrackingtools,https://t.me/hackingandcrackingtools,<PERSON> 😂,2024-05-17T08:58:15+00:00,,,
9429,hackingandcrackingtools,https://t.me/hackingandcrackingtools,i do a D.O.S atack in military sites im from morroco hhahahahaha,2024-04-18T17:12:33+00:00,,,
2975,hackingandcrackingtools,https://t.me/hackingandcrackingtools,"For Top mobile device hacking software 
Hacking service  
Hacking softwares 
Hacking deep course  
Clone website  
Create hacking software and adding functionality of your choice. 
<PERSON> cloning and its software  
BTC flasher  
Mobile hacking  
OTP bypass 
 
Message me",2023-11-15T13:23:22+00:00,,,
2930,hackingandcrackingtools,https://t.me/hackingandcrackingtools,oh i make it hot oh my a dead chops sc s,2023-11-13T14:39:21+00:00,,,
2929,hackingandcrackingtools,https://t.me/hackingandcrackingtools,like,2023-11-13T14:39:14+00:00,,,
2917,hackingandcrackingtools,https://t.me/hackingandcrackingtools,nothing useful,2023-11-13T11:46:14+00:00,,,
2909,hackingandcrackingtools,https://t.me/hackingandcrackingtools,Not scan,2023-11-13T07:40:59+00:00,,,
2908,hackingandcrackingtools,https://t.me/hackingandcrackingtools,Rat?,2023-11-13T07:40:54+00:00,,,
