id,Channel ID,URL,message,date,views,forwards,reactions
539,hackingandcrackingtools,https://t.me/hackingandcrackingtools,"👑 Python Programming: Python Bootcamp For Beginners ✅

🔗 Course Link- 
https://www.udemy.com/course/python-programming-python-bootcamp-for-beginners

➡️ Course original price- $84.99
💵 Use this coupon- <PERSON>

✉️ Claim Now For Free 💯",2024-02-27T22:30:26+00:00,2822.0,14.0,❤: 3
9264,hackingandcrackingtools,https://t.me/hackingandcrackingtools,I wamt this please,2024-04-11T13:29:48+00:00,,,
8345,hackingandcrackingtools,https://t.me/hackingandcrackingtools,Maximum claim ALREADY,2024-02-28T12:32:35+00:00,,,
8337,hackingandcrackingtools,https://t.me/hackingandcrackingtools,Send,2024-02-28T00:16:11+00:00,,,
