id,Channel ID,URL,message,date,views,forwards,reactions
550,hackingandcrackingtools,https://t.me/hackingandcrackingtools,"🔥 Fully Bypass 💪

🔽 Bypass techniques

<NRP> NTDLL successfully unhooked!
💎 <PERSON> and aswAMSI.dll
💎 disableETW successfully!

⚠️ Also bypass <PERSON> all plugin 

📌 Buy For Massage 🆔 Below ✅

💬 🆔 @New_Codar ✅

🆑 @FudCrypter_by_NewCoder
✍✍✍✍✍✍✍✍✍✍✍✍✍",2024-03-08T08:51:45+00:00,3250.0,15.0,"❤: 3, 🔥: 3"
8470,hackingandcrackingtools,https://t.me/hackingandcrackingtools,😐😐,2024-03-08T09:37:44+00:00,,,
8469,hackingandcrackingtools,https://t.me/hackingandcrackingtools,combo making full working course send,2024-03-08T09:37:40+00:00,,,
