id,Channel ID,URL,message,date,views,forwards,reactions
551,hackingandcrackingtools,https://t.me/hackingandcrackingtools,"attention, scammers are going around claiming to be us.

We indeed know this guy, he is a scammer
(https://t.me/MrBomBastic0_0_scammer)

His username is @MrBomBastic0_0

Do NOT get scammed by this idiot kid

Only vendor admin:
💎 https://t.me/DeathDealer187",2024-03-08T20:20:51+00:00,3347.0,,"👍: 1, 🥴: 1"
8490,hackingandcrackingtools,https://t.me/hackingandcrackingtools,.,2024-03-10T15:21:36+00:00,,,
8478,hackingandcrackingtools,https://t.me/hackingandcrackingtools,Please I need someone to Hacking a group in WhatsApp,2024-03-08T23:03:15+00:00,,,
