id,Channel ID,URL,message,date,views,forwards,reactions
535,hackingandcrackingtools,https://t.me/hackingandcrackingtools,"🔥 Microsoft word docx method  For payload 🎁

➡️⬇️  Download Link Code Click  ME

🥰 Buy coffee for me
Bitcoin Address (BTC): 33j4JbAEzZwWGgA2MxBARD7zprJuNDP2hP
Tether Address (USDT): TV7x3yYE6aedNXWnkByiL6NTAJuGZExiGq
Litecoin Address (LTC): MCCXvf8Z1tqZuN6ykbPA3gvsJtgPjTfi9n
✍✍✍✍✍✍✍✍✍✍✍✍
ONE REACTION MOTIVATE US ❣️
📌 @OurAllNetwork 
✍✍✍✍✍✍✍✍✍✍✍✍",2024-02-26T07:38:40+00:00,2997.0,58.0,❤: 9
8463,hackingandcrackingtools,https://t.me/hackingandcrackingtools,help me,2024-03-08T04:55:33+00:00,,,
8316,hackingandcrackingtools,https://t.me/hackingandcrackingtools,Mail Access Checker please,2024-02-27T06:33:24+00:00,,,
8297,hackingandcrackingtools,https://t.me/hackingandcrackingtools,Give us also software fud ME NC v2.7,2024-02-26T08:18:36+00:00,,,
8296,hackingandcrackingtools,https://t.me/hackingandcrackingtools,Used for?,2024-02-26T08:13:49+00:00,,,
8293,hackingandcrackingtools,https://t.me/hackingandcrackingtools,Codder You're real GEE.... 💃,2024-02-26T07:39:09+00:00,,,
