id,Channel ID,URL,message,date,views,forwards,reactions
554,hackingandcrackingtools,https://t.me/hackingandcrackingtools,"🎥 Python Netflix Checker

-> full capture
save in paid.txt - free.txt
Send to Telegram bot (optional)
You can use a proxy or a VPN

🔥 pip:

➡️ requests
➡️ certifi
➡️ getuseragent
➡<PERSON>

🧑‍💻 By: <NRP>

If you want to modify it, leave the logo only in the tool as an appreciation for the effort <PERSON> With a mention of <PERSON> only

Completely screwed up...",2024-03-20T16:26:19+00:00,3111.0,85.0,"❤: 7, 👍: 3, 👌: 1"
8757,hackingandcrackingtools,https://t.me/hackingandcrackingtools,Please send me accounts,2024-03-25T00:00:40+00:00,,,
8756,hackingandcrackingtools,https://t.me/hackingandcrackingtools,Not working,2024-03-25T00:00:32+00:00,,,
8755,hackingandcrackingtools,https://t.me/hackingandcrackingtools,Sir,2024-03-24T23:59:56+00:00,,,
8675,hackingandcrackingtools,https://t.me/hackingandcrackingtools,<PERSON> الي مكتوب بيها hamo_back,2024-03-21T03:44:04+00:00,,,
8669,hackingandcrackingtools,https://t.me/hackingandcrackingtools,<PERSON> حمو,2024-03-20T23:59:25+00:00,,,
8660,hackingandcrackingtools,https://t.me/hackingandcrackingtools,BUT IT WOULD BE GOOD,2024-03-20T17:01:05+00:00,,,
8659,hackingandcrackingtools,https://t.me/hackingandcrackingtools,I DONT KNOV,2024-03-20T17:00:17+00:00,,,
8658,hackingandcrackingtools,https://t.me/hackingandcrackingtools,How to use,2024-03-20T16:59:58+00:00,,,
8657,hackingandcrackingtools,https://t.me/hackingandcrackingtools,EMPTY,2024-03-20T16:59:40+00:00,,,
8656,hackingandcrackingtools,https://t.me/hackingandcrackingtools,TIHS FILE EMPTY,2024-03-20T16:59:23+00:00,,,
8655,hackingandcrackingtools,https://t.me/hackingandcrackingtools,HOW TOOO USE,2024-03-20T16:58:42+00:00,,,
8654,hackingandcrackingtools,https://t.me/hackingandcrackingtools,Unconfirmed 1106.tdownload,2024-03-20T16:58:25+00:00,,,
8653,hackingandcrackingtools,https://t.me/hackingandcrackingtools,I DOWNLOAD DOWNLOAD FILE,2024-03-20T16:58:12+00:00,,,
8652,hackingandcrackingtools,https://t.me/hackingandcrackingtools,HOW TOO WORK,2024-03-20T16:57:54+00:00,,,
8651,hackingandcrackingtools,https://t.me/hackingandcrackingtools,HI,2024-03-20T16:57:51+00:00,,,
8650,hackingandcrackingtools,https://t.me/hackingandcrackingtools,Okay,2024-03-20T16:33:28+00:00,,,
8648,hackingandcrackingtools,https://t.me/hackingandcrackingtools,Write rights in the main message,2024-03-20T16:28:08+00:00,,,
8647,hackingandcrackingtools,https://t.me/hackingandcrackingtools,<PERSON> حمو,2024-03-20T16:27:21+00:00,,,
8646,hackingandcrackingtools,https://t.me/hackingandcrackingtools,الي <PERSON>,2024-03-20T16:27:15+00:00,,,
8645,hackingandcrackingtools,https://t.me/hackingandcrackingtools,ايه,2024-03-20T16:27:09+00:00,,,
