id,Channel ID,URL,message,date,views,forwards,reactions
562,hackingandcrackingtools,https://t.me/hackingandcrackingtools,"Posted By <NRP>


⚠️ Use on your virtual computer.I will not be responsible for damage caused by using it on main Computer.Also,if you organize any crime using tools from my channel,you will be solely responsible for it.For educational purpose I provide you.I and my channel do not support any illegal Activity ⚠️

Don't Share Without credit
Expect us ❣️
Stay With DarKnetJoKer
✍️✍️✍️✍️✍️✍️✍️✍️
👍ONE REACTION MOTIVATE US ❣️
✍️✍️✍️✍️✍️✍️✍️✍️
📌 @OurAllNetwork 
👑 For more Click me 💻
✍️✍️✍️✍️✍️✍️✍️✍️
📸Don't forget Share And Support  US🌐
😀😀😀😀😀😀😀😀",2024-03-24T19:17:31+00:00,7726.0,137.0,"❤: 9, 👍: 6, ❤‍🔥: 1, 🔥: 1"
8943,hackingandcrackingtools,https://t.me/hackingandcrackingtools,bro,2024-03-31T03:20:28+00:00,,,
8942,hackingandcrackingtools,https://t.me/hackingandcrackingtools,bro,2024-03-31T03:20:20+00:00,,,
8941,hackingandcrackingtools,https://t.me/hackingandcrackingtools,not building when i click the checkmark,2024-03-31T03:20:13+00:00,,,
