id,Channel ID,URL,message,date,views,forwards,reactions
571,hackingandcrackingtools,https://t.me/hackingandcrackingtools,"ANUBIS BOTNET (WORM EDITION)

1 RAT
2 SPAM SMS
3 GET FULL CONTACT AND SEND SMS
4 GET ALL SMS
5 READ ALL SMS
6 READ ALL APPLICATIONS INSTALLED

If you don't know how to setup its dm- @YourAnonOne_Vip

⭐️FOR MORE➡️ 

🔸SHARE OUR CHANNEL IN YOUR GROUP OR CHANNEL HELP US TO GROW🔻",2024-04-01T22:02:34+00:00,4409.0,84.0,"❤: 3, 👍: 2"
9898,hackingandcrackingtools,https://t.me/hackingandcrackingtools,Tutorial plzz,2024-06-01T05:51:03+00:00,,,
9583,hackingandcrackingtools,https://t.me/hackingandcrackingtools,how can run,2024-04-30T05:35:37+00:00,,,
9582,hackingandcrackingtools,https://t.me/hackingandcrackingtools,give tutorial plzz,2024-04-30T05:35:18+00:00,,,
9071,hackingandcrackingtools,https://t.me/hackingandcrackingtools,how can i run it ?,2024-04-04T22:13:59+00:00,,,
