id,Channel ID,URL,message,date,views,forwards,reactions
447,mrx_otpservices,https://t.me/mrx_otpservices,"AS THE MAJORITY OF YOU VOTED WE GONNA MAKE A DISCOUNT ON 1 YEAR SUBSCRIPTION ✅✅✅

🔥🔥🔥 DISCOUNT 🔥🔥🔥
YOU CAN NOW GET THE OTP BOT 🤖☎️1 YEAR SUBSCRIPTION ✅

1YEAR 170$❌ 70$✅

OFFER IS VALID FOR <DATE_TIME> ONLY 🔑

CHANNEL : https://t.me/mrx_otpservices

BOT : https://t.me/MRX0TP1bot

VOUCHE : https://t.me/successsmrx

OWNER : https://t.me/mrx13121213",2023-11-28T11:12:11+00:00,282.0,1.0,
662253,mrx_otpservices,https://t.me/mrx_otpservices,Is it Online??,2023-12-03T14:30:05+00:00,,,
656999,mrx_otpservices,https://t.me/mrx_otpservices,Yes the bot is online,2023-11-29T12:36:05+00:00,,,
656837,mrx_otpservices,https://t.me/mrx_otpservices,Does the bot work?,2023-11-29T07:28:12+00:00,,,
656228,mrx_otpservices,https://t.me/mrx_otpservices,Hello sir?,2023-11-28T13:36:02+00:00,,,
