id,Channel ID,URL,message,date,views,forwards,reactions
513,mrx_otpservices,https://t.me/mrx_otpservices,"⚡️SPOOFER BOT IS ONLINE⚡️
YOU CAN NOW GET THE OTP BOT 🤖📞ALL   SUBSCRIPTION FOR             30% OFF ✅

1WEEK 100$ ❌70$✅

1MMONTH 300$❌200$✅

OFFER IS VALID FOR <DATE_TIME> ONLY 🔥


💎CHANNEL : https://t.me/mrx_otpservices

<NRP>BOT : @otpsspoof_bot

<NRP>OWNER : <PERSON> @mrx13121213",2023-12-31T22:32:41+00:00,368.0,20.0,🔥: 1
695036,mrx_otpservices,https://t.me/mrx_otpservices,Yes except very few regions,2024-01-02T21:56:39+00:00,,,
695010,mrx_otpservices,https://t.me/mrx_otpservices,Any plan with Google pay ?,2024-01-02T21:30:32+00:00,,,
694930,mrx_otpservices,https://t.me/mrx_otpservices,Is this worldwide?!,2024-01-02T20:02:49+00:00,,,
