id,Channel ID,URL,message,date,views,forwards,reactions
976,direct_mods_here,https://t.me/direct_mods_here,"🆔 Clash Of Clans Mod Apk 

Ⓜ️ Mod Info :
🔘Unlimited Gold ✅
🔘Unlimited Elixir✅ 
🔘Unlimited Gems ✅
👌No need to Uninstall Original Game",2024-02-09T12:11:17+00:00,2532.0,15.0,"👍: 1, 🔥: 1"
1942,direct_mods_here,https://t.me/direct_mods_here,Yes,2024-02-13T07:31:43+00:00,,,
1901,direct_mods_here,https://t.me/direct_mods_here,<PERSON> kya hai ye,2024-02-10T05:51:35+00:00,,,
1882,direct_mods_here,https://t.me/direct_mods_here,Update <PERSON> to download <PERSON>? Leatest version <PERSON> bhai...,2024-02-09T12:18:32+00:00,,,
1881,direct_mods_here,https://t.me/direct_mods_here,<PERSON> private server <PERSON>,2024-02-09T12:15:37+00:00,,,
