id,Channel ID,URL,message,date,views,forwards,reactions
996,direct_mods_here,https://t.me/direct_mods_here,"🌟 Meesho Carding Tutorial ✅

📌 <PERSON>: 456893420766xxxx|04|2026|xxx

➡️ KINDLY GIVE REACTIONS ON EVERY POST 🟩",2024-02-16T03:38:45+00:00,2043.0,28.0,"👍: 10, 🤡: 1"
1979,direct_mods_here,https://t.me/direct_mods_here,Bii,2024-02-16T14:20:24+00:00,,,
1978,direct_mods_here,https://t.me/direct_mods_here,Same problem bro,2024-02-16T13:44:32+00:00,,,
1977,direct_mods_here,https://t.me/direct_mods_here,After this is the problam,2024-02-16T12:31:49+00:00,,,
1976,direct_mods_here,https://t.me/direct_mods_here,,2024-02-16T12:31:36+00:00,,,
1975,direct_mods_here,https://t.me/direct_mods_here,,2024-02-16T12:31:36+00:00,,,🤡: 1
1972,direct_mods_here,https://t.me/direct_mods_here,<PERSON>,2024-02-16T04:57:51+00:00,,,👍: 1
1971,direct_mods_here,https://t.me/direct_mods_here,<PERSON>?,2024-02-16T04:57:39+00:00,,,
1970,direct_mods_here,https://t.me/direct_mods_here,<PERSON> reply <PERSON>,2024-02-16T04:27:22+00:00,,,
1969,direct_mods_here,https://t.me/direct_mods_here,bro <PERSON>?,2024-02-16T04:25:59+00:00,,,
1968,direct_mods_here,https://t.me/direct_mods_here,CVV nhi dhikra bhai,2024-02-16T04:25:35+00:00,,,
1967,direct_mods_here,https://t.me/direct_mods_here,<PERSON> usne,2024-02-16T04:23:36+00:00,,,
1966,direct_mods_here,https://t.me/direct_mods_here,<PERSON>,2024-02-16T04:19:22+00:00,,,
1965,direct_mods_here,https://t.me/direct_mods_here,Card ka pin,2024-02-16T03:49:28+00:00,,,
1964,direct_mods_here,https://t.me/direct_mods_here,Nhai,2024-02-16T03:49:16+00:00,,,
