id,Channel ID,URL,message,date,views,forwards,reactions
992,direct_mods_here,https://t.me/direct_mods_here,"🆕 VALENTINE OFFER 🥰

ᴍꜱɢ ᴍᴇ ꜰᴏʀ ᴏʀᴅᴇʀꜱ :- @justhere_foru 💸

✅ɪᴘʜᴏɴᴇ 15 ᴘʀᴏ/ᴍᴀx - 2500 ₹
✅ ɪᴘʜᴏɴᴇ 14 pro max - 2500 ₹
✅ɪᴘʜᴏɴᴇ 13 ᴘʀᴏ ᴍᴀx:-2500₹
✅ɪᴘʜᴏɴᴇ 13 ᴘʀᴏ:-2500₹
✅ɪᴘʜᴏɴᴇ 13:-2500₹
✅ ɪᴘʜᴏɴᴇ 12 / 12 ᴘʀᴏ - 2500/2500₹
✅ ɪᴘʜᴏɴᴇ 12 ᴘʀᴏ ᴍᴀx - 2500
✅ɪᴘʜᴏɴᴇ 11 ᴘʀᴏ ᴍᴀx - 2500₹
✅ ɪᴘʜᴏɴᴇ 11/ 11ᴘʀᴏ - 2500₹
✅ ᴏɴᴇ ᴘʟᴜꜱ 9 ᴘʀᴏ- 2500₹
✅ ᴏɴᴇ ᴘʟᴜꜱ 10 ᴘʀᴏ - 2500₹
✅ᴏɴᴇ ᴘʟᴜꜱ 11 - 2500/
✅ ꜱᴀᴍꜱᴜɴɢ ꜱ21/21+5ɢ- 2500
✅ ꜱᴀᴍꜱᴜɴɢ ɢᴀʟᴀxʏ ꜱ22/ꜱ23- 2500/
✅ ᴀᴘᴘʟᴇ ᴍᴀᴄʙᴏᴏᴋ ᴘʀᴏ - 2500/
✅ ᴀᴘᴘʟᴇ ᴍᴀᴄʙᴏᴏᴋ ᴀɪʀ - 2500/
✅ ᴄᴀɴᴏɴ 5ᴅ ᴍᴀʀᴋ ɪᴠ - 2500/
✅ ꜱᴀᴍꜱᴜɴɢ <NRP> <PERSON> ᴜʟᴛʀᴀ- 2500 ₹
✅ ᴄᴀɴᴏɴ 80ᴅ - 2500 ₹
ʟᴇɴᴏᴠᴏ ʟᴇɢɪᴏɴ ʟᴀᴘᴛᴏᴘ - 2500 ₹

ᴀʟʟ ᴘʀᴏᴅᴜᴄᴛ ᴀʀᴇ ʙʀᴀɴᴅ ɴᴇᴡ 😇

⚠️ ꜰᴏʀ ᴘʀᴏᴏꜰꜱ DM 👋

❌ ɴᴏ ᴄᴀꜱʜ ᴏɴ ᴅᴇʟɪᴠᴇʀʏ 📌

ᴘʀᴏᴄᴇꜱꜱ :- <DATE_TIME> ᴀᴅᴠᴀɴᴄᴇ ʀᴇꜱᴛ ᴀꜰᴛᴇʀ ᴏʀᴅᴇʀ ʙᴏᴏᴋᴇᴅ.🥳

ʟɪᴍɪᴛᴇᴅ ᴛɪᴍᴇ ᴅᴇᴀʟ ᴏɴʟʏ 🫂

✅ ᴍꜱɢ ᴍᴇ ꜰᴏʀ ᴏʀᴅᴇʀꜱ :- @justhere_foru 💸",2024-02-12T14:16:16+00:00,2447.0,5.0,👍: 2
1955,direct_mods_here,https://t.me/direct_mods_here,"Bro me <PERSON> vo sab order
<PERSON> username mention <PERSON> msg kriye yaha group me ni",2024-02-14T19:02:45+00:00,,,
1954,direct_mods_here,https://t.me/direct_mods_here,<PERSON> delivery recieve kara do mai 2500 nhi 5000 dunga😂,2024-02-14T18:58:29+00:00,,,
1941,direct_mods_here,https://t.me/direct_mods_here,OLX <PERSON>🤣🤣,2024-02-13T07:30:24+00:00,,,
1939,direct_mods_here,https://t.me/direct_mods_here,Apple CEO resigned after this post ..... 💀,2024-02-12T19:09:39+00:00,,,
1937,direct_mods_here,https://t.me/direct_mods_here,<PERSON>,2024-02-12T18:43:34+00:00,,,
1935,direct_mods_here,https://t.me/direct_mods_here,Price <PERSON>,2024-02-12T17:21:20+00:00,,,👍: 1
1934,direct_mods_here,https://t.me/direct_mods_here,S24 ultra ₹150 😂😂,2024-02-12T17:17:07+00:00,,,👍: 1
1932,direct_mods_here,https://t.me/direct_mods_here,<PERSON> ke lele,2024-02-12T15:57:51+00:00,,,🤣: 1
1931,direct_mods_here,https://t.me/direct_mods_here,Onepuls,2024-02-12T15:08:54+00:00,,,
