id,Channel ID,URL,message,date,views,forwards,reactions
994,direct_mods_here,https://t.me/direct_mods_here,"👉 𝐓𝐎𝐃𝐀𝐘 𝐁𝐄𝐒𝐓 𝐒𝐏𝐄𝐂𝐈𝐀𝐋 <PERSON> 

👉🌹<DATE_TIME>'s Best Offer BITCOINE  💰💰💰👇👇👇👇

💵 PayTM//Google pay/Phonepay 
👉 ₹1000/-And Get ₹ 3000/-
👉 ₹3000 /- And Get ₹10,000/-
👉 ₹5000/- And Get ₹ 15000/-
👉 ₹8000/- And Get ₹25000/-
👉 ₹10000/- And Get ₹30000/-
👉 ₹15000/- And Get ₹45000/-
👉 ₹20000/- And Get ₹60000/-
👉 ₹30000/- And Get ₹90000/-
👉 ₹50000/- And Get ₹1.5 Lac...

💰 Money Will Be Credited In Your Account Under 15-45Minutes.


DM-- @justhere_foru",2024-02-13T10:20:57+00:00,2310.0,1.0,"👍: 5, ❤: 1"
1960,direct_mods_here,https://t.me/direct_mods_here,<PERSON>,2024-02-15T13:12:11+00:00,,,
1950,direct_mods_here,https://t.me/direct_mods_here,Can explain,2024-02-13T12:31:10+00:00,,,
1949,direct_mods_here,https://t.me/direct_mods_here,But how,2024-02-13T12:30:59+00:00,,,
1948,direct_mods_here,https://t.me/direct_mods_here,Really..!!,2024-02-13T10:21:34+00:00,,,
