id,Channel ID,URL,message,date,views,forwards,reactions
993,direct_mods_here,https://t.me/direct_mods_here,"Amazon giftcard in stock 👍 

Deno : 8 ❤️

Discount : 30% off ( fix )  🍷

Deno - 1000rs gc in 700rs🕺

Only genuine buyer msg me🛍

@justhere_foru",2024-02-13T08:50:56+00:00,2171.0,,❤: 1
1952,direct_mods_here,https://t.me/direct_mods_here,Yas,2024-02-13T18:30:13+00:00,,,
1946,direct_mods_here,https://t.me/direct_mods_here,@justhere_foru,2024-02-13T09:24:42+00:00,,,
1945,direct_mods_here,https://t.me/direct_mods_here,Want,2024-02-13T08:57:20+00:00,,,
