id,Channel ID,URL,message,date,views,forwards,reactions
999,direct_mods_here,https://t.me/direct_mods_here,"𝗛𝗢𝗪 𝗧𝗢 𝗠𝗔𝗞𝗘 𝗙𝗔𝗞𝗘 𝗧𝗘𝗟𝗘𝗚𝗥𝗔𝗠 𝗔𝗖𝗖𝗢𝗨𝗡𝗧𝗦 

𝐒𝐀𝐅𝐄𝐔𝐌 𝐋𝐈𝐍𝐊:- Click Here To Download
𝐕𝐏𝐍 𝐋𝐈𝐍𝐊:- Click Here

𝐃𝐎𝐍'𝐓 𝐒𝐇𝐀𝐑𝐄 𝐖𝐈𝐓𝐇𝐎𝐔𝐓 𝐂𝐑𝐄𝐃𝐈𝐓 👾",2024-02-18T08:47:28+00:00,1766.0,54.0,👍: 8
1996,direct_mods_here,https://t.me/direct_mods_here,"Not working bro, Not get number starting with 380",2024-02-18T11:08:45+00:00,,,
1995,direct_mods_here,https://t.me/direct_mods_here,Oh ok,2024-02-18T09:27:12+00:00,,,
1994,direct_mods_here,https://t.me/direct_mods_here,Check again,2024-02-18T09:10:33+00:00,,,
1993,direct_mods_here,https://t.me/direct_mods_here,I didn’t get code,2024-02-18T09:01:01+00:00,,,
1990,direct_mods_here,https://t.me/direct_mods_here,Working sir,2024-02-18T08:57:04+00:00,,,
