id,Channel ID,URL,message,date,views,forwards,reactions
980,direct_mods_here,https://t.me/direct_mods_here,"🌀 Crunchyroll Premium APK
🔰 Version (3.47.0) Final

💠 Mod Info:
🔶 Premium Unlocked
🔶 No Need Login (AutoLogin)
🔶 All Ads Removed 
🔶 Watch All Anime 
🔶 All Debug Info Removed 
🔶 Remove From Recent For the First Time then Open it ❣️",2024-02-09T12:26:43+00:00,2443.0,23.0,"👍: 2, ❤: 2"
2109,direct_mods_here,https://t.me/direct_mods_here,,2024-03-05T14:05:51+00:00,,,
1891,direct_mods_here,https://t.me/direct_mods_here,,2024-02-10T02:51:22+00:00,,,
1890,direct_mods_here,https://t.me/direct_mods_here,No <PERSON>,2024-02-09T22:23:18+00:00,,,
