id,Channel ID,URL,message,date,views,forwards,reactions
1082,direct_mods_here,https://t.me/direct_mods_here,"Call on this number or WhatsApp  
<PHONE_NUMBER>

Abuse hardly and madly 

Send proof or ss : @Manager_official

Everyone who will madly and hardly abuse will receive 1000rs

He scammed <PERSON>",2024-03-20T11:02:00+00:00,2619.0,2.0,"👍: 6, 😁: 2"
2185,direct_mods_here,https://t.me/direct_mods_here,Done 👍,2024-03-30T20:04:29+00:00,,,
2165,direct_mods_here,https://t.me/direct_mods_here,Have you received money,2024-03-24T17:09:27+00:00,,,
2159,direct_mods_here,https://t.me/direct_mods_here,Done,2024-03-23T04:13:44+00:00,,,
2150,direct_mods_here,https://t.me/direct_mods_here,Done,2024-03-21T04:45:09+00:00,,,
