id,Channel ID,URL,message,date,views,forwards,reactions
159,fudcrypter_by_newcoder,https://t.me/fudcrypter_by_newcoder,"🆕 New Version Fud Me NC Crypter v2.6 🖥

💎 Fixed license key problem 
💎 Update stub

🎞 Demo video Click me

<PERSON> : <DATE_TIME> 150$ 
💸Price : <DATE_TIME> 250$ 
💸Price : <DATE_TIME> 450$ 

⚠️ if you already Buy Crypter Then us password 

⚠️ Requirement Rust Install https://www.rust-lang.org/tools/install

📌 Buy For Massage 🆔 Below

💬 🆔 @New_Codar ✅

🆑 @OurAllNetwork
✍✍✍✍✍✍✍✍✍",2024-02-17T13:40:06+00:00,958.0,13.0,
339,fudcrypter_by_newcoder,https://t.me/fudcrypter_by_newcoder,"Hello, I am interested in buying your crypter, before I decide to use your product, I want to test my remcos file crypt.

Thank you",2024-02-20T02:28:06+00:00,,,
334,fudcrypter_by_newcoder,https://t.me/fudcrypter_by_newcoder,here,2024-02-18T00:01:08+00:00,,,
331,fudcrypter_by_newcoder,https://t.me/fudcrypter_by_newcoder,I need a team to use crypter together,2024-02-17T17:07:32+00:00,,,
