id,Channel ID,URL,message,date,views,forwards,reactions
148,fudcrypter_by_newcoder,https://t.me/fudcrypter_by_newcoder,,2024-02-11T16:55:48+00:00,783.0,4.0,
378,fudcrypter_by_newcoder,https://t.me/fudcrypter_by_newcoder,Pls am interested,2024-02-21T14:25:22+00:00,,,
314,fudcrypter_by_newcoder,https://t.me/fudcrypter_by_newcoder,I need a good remote template method to spam my payload.,2024-02-12T18:51:15+00:00,,,
313,fudcrypter_by_newcoder,https://t.me/fudcrypter_by_newcoder,yes!,2024-02-12T06:49:20+00:00,,,
312,fudcrypter_by_newcoder,https://t.me/fudcrypter_by_newcoder,..?,2024-02-11T17:34:33+00:00,,,
311,fudcrypter_by_newcoder,https://t.me/fudcrypter_by_newcoder,Macro bypass,2024-02-11T17:05:31+00:00,,,
