id,Channel ID,URL,message,date,views,forwards,reactions
163,fudcrypter_by_newcoder,https://t.me/fudcrypter_by_newcoder,"<NRP> 🆕 Method to bypass

➡️ Bypass Chrome Blocking
➡️ Bypass Defender SmartScreen Prevented

➡️Soon make videos",2024-02-21T11:00:45+00:00,866.0,3.0,"❤: 5, 👍: 2, 🥰: 2"
421,fudcrypter_by_newcoder,https://t.me/fudcrypter_by_newcoder,we still waiting for those methods,2024-02-24T21:29:28+00:00,,,
416,fudcrypter_by_newcoder,https://t.me/fudcrypter_by_newcoder,🤩🤩,2024-02-22T21:00:42+00:00,,,
379,fudcrypter_by_newcoder,https://t.me/fudcrypter_by_newcoder,Members need this. We're waiting,2024-02-21T14:29:02+00:00,,,
