id,Channel ID,URL,message,date,views,forwards,reactions
113,fudcrypter_by_newcoder,https://t.me/fudcrypter_by_newcoder,Bypass Chrome,2024-02-04T04:59:50+00:00,760.0,5.0,
191,fudcrypter_by_newcoder,https://t.me/fudcrypter_by_newcoder,for what that ?,2024-02-04T06:30:21+00:00,,,
188,fudcrypter_by_newcoder,https://t.me/fudcrypter_by_newcoder,https://<IP_ADDRESS>/Users/Tech_Fusion_20240204131012566.exe,2024-02-04T05:11:49+00:00,,,
187,fudcrypter_by_newcoder,https://t.me/fudcrypter_by_newcoder,Real,2024-02-04T05:06:40+00:00,,,
186,fudcrypter_by_newcoder,https://t.me/fudcrypter_by_newcoder,Fake,2024-02-04T05:00:22+00:00,,,
