id,Channel ID,URL,message,date,views,forwards,reactions
77,fudcrypter_by_newcoder,https://t.me/fudcrypter_by_newcoder,If you want to Buy then you can test one files for <DATE_TIME>,2023-12-07T03:35:15+00:00,1532.0,5.0,
81,fudcrypter_by_newcoder,https://t.me/fudcrypter_by_newcoder,ı want,2023-12-20T14:31:17+00:00,,,
70,fudcrypter_by_newcoder,https://t.me/fudcrypter_by_newcoder,I want,2023-12-12T19:52:55+00:00,,,
59,fudcrypter_by_newcoder,https://t.me/fudcrypter_by_newcoder,Inter,2023-12-10T17:00:15+00:00,,,
56,fudcrypter_by_newcoder,https://t.me/fudcrypter_by_newcoder,@new_codar,2023-12-07T10:47:53+00:00,,,
55,fudcrypter_by_newcoder,https://t.me/fudcrypter_by_newcoder,Me,2023-12-07T10:47:35+00:00,,,
54,fudcrypter_by_newcoder,https://t.me/fudcrypter_by_newcoder,Where to dm,2023-12-07T10:46:24+00:00,,,
53,fudcrypter_by_newcoder,https://t.me/fudcrypter_by_newcoder,Interested,2023-12-07T08:53:27+00:00,,,
51,fudcrypter_by_newcoder,https://t.me/fudcrypter_by_newcoder,Crypto drainer available,2023-12-07T05:37:37+00:00,,,
50,fudcrypter_by_newcoder,https://t.me/fudcrypter_by_newcoder,DM 🆔,2023-12-07T05:10:17+00:00,,,
49,fudcrypter_by_newcoder,https://t.me/fudcrypter_by_newcoder,.,2023-12-07T05:09:26+00:00,,,
48,fudcrypter_by_newcoder,https://t.me/fudcrypter_by_newcoder,Me,2023-12-07T05:03:57+00:00,,,
47,fudcrypter_by_newcoder,https://t.me/fudcrypter_by_newcoder,i dmed you,2023-12-07T03:41:13+00:00,,,
46,fudcrypter_by_newcoder,https://t.me/fudcrypter_by_newcoder,me,2023-12-07T03:40:55+00:00,,,
45,fudcrypter_by_newcoder,https://t.me/fudcrypter_by_newcoder,Okay,2023-12-07T03:37:44+00:00,,,
44,fudcrypter_by_newcoder,https://t.me/fudcrypter_by_newcoder,@new_codar,2023-12-07T03:36:05+00:00,,,
43,fudcrypter_by_newcoder,https://t.me/fudcrypter_by_newcoder,me,2023-12-07T03:36:00+00:00,,,
42,fudcrypter_by_newcoder,https://t.me/fudcrypter_by_newcoder,mne,2023-12-07T03:35:59+00:00,,,
41,fudcrypter_by_newcoder,https://t.me/fudcrypter_by_newcoder,i dmed u,2023-12-07T03:35:58+00:00,,,
40,fudcrypter_by_newcoder,https://t.me/fudcrypter_by_newcoder,Free Trial For <DATE_TIME> only for <DATE_TIME> DM me fast,2023-12-07T03:35:57+00:00,,,
39,fudcrypter_by_newcoder,https://t.me/fudcrypter_by_newcoder,me,2023-12-07T03:35:56+00:00,,,
38,fudcrypter_by_newcoder,https://t.me/fudcrypter_by_newcoder,<PERSON>,2023-12-07T03:35:32+00:00,,,
