id,Channel ID,URL,message,date,views,forwards,reactions
112,fudcrypter_by_newcoder,https://t.me/fudcrypter_by_newcoder,"🆕 New Version Fud Me <PERSON> v2.3 🖥

⚠️ if you already Buy Crypter Then us password 

⚠️ Requirement Rust Install https://www.rust-lang.org/tools/install

📌 Buy For Massage 🆔 Below

💬 🆔 @New_Codar ✅

🆑 @OurAllNetwork
✍✍✍✍✍✍✍✍✍✍✍✍✍",2024-02-03T15:49:23+00:00,1087.0,27.0,👍: 3
225,fudcrypter_by_newcoder,https://t.me/fudcrypter_by_newcoder,150$ for 1mo,2024-02-05T15:06:27+00:00,,,
221,fudcrypter_by_newcoder,https://t.me/fudcrypter_by_newcoder,who much,2024-02-05T15:02:38+00:00,,,
194,fudcrypter_by_newcoder,https://t.me/fudcrypter_by_newcoder,Paid,2024-02-04T06:58:45+00:00,,,
189,fudcrypter_by_newcoder,https://t.me/fudcrypter_by_newcoder,`pass,2024-02-04T05:58:00+00:00,,,
184,fudcrypter_by_newcoder,https://t.me/fudcrypter_by_newcoder,,2024-02-03T15:55:37+00:00,,,
181,fudcrypter_by_newcoder,https://t.me/fudcrypter_by_newcoder,Yes 😁,2024-02-03T15:54:55+00:00,,,
180,fudcrypter_by_newcoder,https://t.me/fudcrypter_by_newcoder,ill buy it asap,2024-02-03T15:54:30+00:00,,,
179,fudcrypter_by_newcoder,https://t.me/fudcrypter_by_newcoder,<PERSON>,2024-02-03T15:54:21+00:00,,,
178,fudcrypter_by_newcoder,https://t.me/fudcrypter_by_newcoder,i was kidding,2024-02-03T15:54:20+00:00,,,
177,fudcrypter_by_newcoder,https://t.me/fudcrypter_by_newcoder,i dont even know how to crack password😭,2024-02-03T15:54:07+00:00,,,
175,fudcrypter_by_newcoder,https://t.me/fudcrypter_by_newcoder,Okay try after you need license key,2024-02-03T15:53:45+00:00,,,👏: 1
174,fudcrypter_by_newcoder,https://t.me/fudcrypter_by_newcoder,what if we break the password,2024-02-03T15:52:46+00:00,,,
173,fudcrypter_by_newcoder,https://t.me/fudcrypter_by_newcoder,Password only for Buyer,2024-02-03T15:52:00+00:00,,,
172,fudcrypter_by_newcoder,https://t.me/fudcrypter_by_newcoder,but has password?,2024-02-03T15:51:23+00:00,,,
171,fudcrypter_by_newcoder,https://t.me/fudcrypter_by_newcoder,so is that the fud file?,2024-02-03T15:51:19+00:00,,,
