id,Channel ID,URL,message,date,views,forwards,reactions
162,fudcrypter_by_newcoder,https://t.me/fudcrypter_by_newcoder,"🆕 New Version Fud Me NC Crypter v2.7 🖥

💎 Update stub

🎞 Demo video Click me

<PERSON> : <DATE_TIME> 150$ 
💸Price : <DATE_TIME> 250$ 
💸Price : <DATE_TIME> 450$ 

💸 Payment Method : 
USDT TRC20 
TV7x3yYE6aedNXWnkByiL6NTAJuGZExiGq
BTC
33j4JbAEzZwWGgA2MxBARD7zprJuNDP2hP
Perfect Money
<US_PASSPORT>

⚠️ if you already Buy Crypter Then us password 

⚠️ Requirement Rust Install https://www.rust-lang.org/tools/install

📌 Buy For Massage 🆔 Below

💬 🆔 @New_Codar ✅

🆑 @OurAllNetwork
✍✍✍✍✍✍✍✍✍",2024-02-21T08:20:03+00:00,913.0,25.0,"🥰: 2, ❤: 1, 🔥: 1"
415,fudcrypter_by_newcoder,https://t.me/fudcrypter_by_newcoder,Because same license authentication,2024-02-22T08:51:42+00:00,,,
414,fudcrypter_by_newcoder,https://t.me/fudcrypter_by_newcoder,This one,2024-02-22T08:51:32+00:00,,,
413,fudcrypter_by_newcoder,https://t.me/fudcrypter_by_newcoder,If Remcos v4.9.3 already cracked so the other tools same will be cracked like mailer sender,2024-02-22T08:51:26+00:00,,,
412,fudcrypter_by_newcoder,https://t.me/fudcrypter_by_newcoder,Send dm for the forum,2024-02-22T08:50:17+00:00,,,
411,fudcrypter_by_newcoder,https://t.me/fudcrypter_by_newcoder,This already cracked?,2024-02-22T08:50:03+00:00,,,
410,fudcrypter_by_newcoder,https://t.me/fudcrypter_by_newcoder,Last version is Remcos v4.9.3,2024-02-22T08:49:56+00:00,,,
409,fudcrypter_by_newcoder,https://t.me/fudcrypter_by_newcoder,Any info about remcos?,2024-02-22T08:49:48+00:00,,,
408,fudcrypter_by_newcoder,https://t.me/fudcrypter_by_newcoder,Thanks 🥰,2024-02-22T08:20:57+00:00,,,
407,fudcrypter_by_newcoder,https://t.me/fudcrypter_by_newcoder,나는 당신의 우회 실력에 감동 했습니다.,2024-02-22T08:17:14+00:00,,,
406,fudcrypter_by_newcoder,https://t.me/fudcrypter_by_newcoder,There's a seller who cracked and sell in a Dark web forum. If you're interested DM.,2024-02-22T08:02:38+00:00,,,
405,fudcrypter_by_newcoder,https://t.me/fudcrypter_by_newcoder,i dont known sir,2024-02-22T07:59:57+00:00,,,
404,fudcrypter_by_newcoder,https://t.me/fudcrypter_by_newcoder,Do you think he has done cracked Remcos?????,2024-02-22T07:59:25+00:00,,,
403,fudcrypter_by_newcoder,https://t.me/fudcrypter_by_newcoder,"can you share remcos? sir codex crack it, pleaseeeeee",2024-02-22T07:54:36+00:00,,,
401,fudcrypter_by_newcoder,https://t.me/fudcrypter_by_newcoder,"Codder we discussed this so far. <NRP> Rat are, more used than  .Net Rat. It will be of great chance if it can work for both Native & . Net",2024-02-22T04:28:50+00:00,,,
398,fudcrypter_by_newcoder,https://t.me/fudcrypter_by_newcoder,This crypter only work for .net rat ?,2024-02-22T03:45:19+00:00,,,
397,fudcrypter_by_newcoder,https://t.me/fudcrypter_by_newcoder,not all same work,2024-02-22T02:53:01+00:00,,,
396,fudcrypter_by_newcoder,https://t.me/fudcrypter_by_newcoder,<PERSON> is native to,2024-02-22T01:29:47+00:00,,,
395,fudcrypter_by_newcoder,https://t.me/fudcrypter_by_newcoder,So not working for native exe?,2024-02-22T01:29:31+00:00,,,
394,fudcrypter_by_newcoder,https://t.me/fudcrypter_by_newcoder,remcos rat not support,2024-02-22T01:15:31+00:00,,,
392,fudcrypter_by_newcoder,https://t.me/fudcrypter_by_newcoder,"Hello, I am interested in buying your crypter, before I decide to use your product, I want to test my remcos file crypt.

Thank you",2024-02-22T01:04:11+00:00,,,
384,fudcrypter_by_newcoder,https://t.me/fudcrypter_by_newcoder,☝️,2024-02-21T21:20:48+00:00,,,
377,fudcrypter_by_newcoder,https://t.me/fudcrypter_by_newcoder,"🆕 New Version Fud Me NC Crypter v2.7 🖥

💸Price : <DATE_TIME> 150$ 
💸Price : <DATE_TIME> 250$ 
💸Price : <DATE_TIME> 450$ 

💸 Payment Method : 
USDT TRC20 
TV7x3yYE6aedNXWnkByiL6NTAJuGZExiGq
BTC
33j4JbAEzZwWGgA2MxBARD7zprJuNDP2hP
Perfect Money
<US_PASSPORT>

📌 Buy For Massage 🆔 Below

💬 🆔 @New_Codar ✅

🆑 @OurAllNetwork
✍✍✍✍✍✍✍✍✍",2024-02-21T12:52:37+00:00,,,👏: 2
373,fudcrypter_by_newcoder,https://t.me/fudcrypter_by_newcoder,Pls send your pm details here,2024-02-21T12:41:27+00:00,,,
361,fudcrypter_by_newcoder,https://t.me/fudcrypter_by_newcoder,No ditect if it's run successfully after it's can't ditect anymore,2024-02-21T11:28:11+00:00,,,
359,fudcrypter_by_newcoder,https://t.me/fudcrypter_by_newcoder,Yes your crypted file will still be effective in your victims pcs as long the effectiveness hasn't drop to be detected by Avs or WD.....,2024-02-21T11:27:32+00:00,,,
357,fudcrypter_by_newcoder,https://t.me/fudcrypter_by_newcoder,"What I mean is if my rental period expires, what happens to files that have already successfully infected the victim's PC? Are they immediately detected?",2024-02-21T11:23:13+00:00,,,
356,fudcrypter_by_newcoder,https://t.me/fudcrypter_by_newcoder,"it's can't ditect,",2024-02-21T11:20:29+00:00,,,
355,fudcrypter_by_newcoder,https://t.me/fudcrypter_by_newcoder,What about files that have successfully infected the victim's PC? Are they immediately detected?,2024-02-21T11:18:31+00:00,,,
354,fudcrypter_by_newcoder,https://t.me/fudcrypter_by_newcoder,Yes,2024-02-21T11:16:58+00:00,,,
353,fudcrypter_by_newcoder,https://t.me/fudcrypter_by_newcoder,"If my rent has expired, can the crypter files not be used?

sorry about my english",2024-02-21T11:15:18+00:00,,,
352,fudcrypter_by_newcoder,https://t.me/fudcrypter_by_newcoder,"BTC, <PERSON>, perfect, money",2024-02-21T11:11:09+00:00,,,
351,fudcrypter_by_newcoder,https://t.me/fudcrypter_by_newcoder,What payment methods are available?,2024-02-21T11:10:41+00:00,,,
349,fudcrypter_by_newcoder,https://t.me/fudcrypter_by_newcoder,First buy,2024-02-21T09:08:51+00:00,,,
348,fudcrypter_by_newcoder,https://t.me/fudcrypter_by_newcoder,How to use?,2024-02-21T09:08:04+00:00,,,
