id,Channel ID,URL,message,date,views,forwards,reactions
130,fudcrypter_by_newcoder,https://t.me/fudcrypter_by_newcoder,"⚠️If you want to Buy sure if crypter work, then you can test one files for <DATE_TIME>

📌 Buy For Massage 🆔 Below ✅

💬 🆔 @New_Codar ✅",2024-02-06T16:48:35+00:00,716.0,,
256,fudcrypter_by_newcoder,https://t.me/fudcrypter_by_newcoder,id what bro?,2024-02-07T13:23:49+00:00,,,
255,fudcrypter_by_newcoder,https://t.me/fudcrypter_by_newcoder,github???,2024-02-07T13:23:32+00:00,,,
253,fudcrypter_by_newcoder,https://t.me/fudcrypter_by_newcoder,.,2024-02-07T13:21:00+00:00,,,
250,fudcrypter_by_newcoder,https://t.me/fudcrypter_by_newcoder,send files on id,2024-02-07T13:18:38+00:00,,,
249,fudcrypter_by_newcoder,https://t.me/fudcrypter_by_newcoder,i want test bro,2024-02-07T13:18:12+00:00,,,
246,fudcrypter_by_newcoder,https://t.me/fudcrypter_by_newcoder,i want test one bro,2024-02-06T17:06:37+00:00,,,
