id,Channel ID,URL,message,date,views,forwards,reactions
137,fudcrypter_by_newcoder,https://t.me/fudcrypter_by_newcoder,"🆕 New Version Fud Me <PERSON> v2.5 🖥

🆕 New Update  Stub

🆕  fix Download error

🆕  fix License Key problem

🆕 <PERSON> FIX 

🎞 Demo video Click me

<PERSON> : <DATE_TIME> 150$ 
💸Price : <DATE_TIME> 250$ 
💸Price : <DATE_TIME> 450$ 

⚠️ if you already Buy Crypter Then us password 

⚠️ Requirement Rust Install https://www.rust-lang.org/tools/install

📌 Buy For Massage 🆔 Below

💬 🆔 @New_Codar ✅

🆑 @OurAllNetwork
✍✍✍✍✍✍✍✍✍✍✍✍✍",2024-02-08T14:33:33+00:00,921.0,18.0,
303,fudcrypter_by_newcoder,https://t.me/fudcrypter_by_newcoder,Yes,2024-02-10T18:02:44+00:00,,,
298,fudcrypter_by_newcoder,https://t.me/fudcrypter_by_newcoder,Các sếp ai có Crypter bypass all <PERSON>,2024-02-10T12:28:51+00:00,,,
288,fudcrypter_by_newcoder,https://t.me/fudcrypter_by_newcoder,<PERSON>,2024-02-08T15:09:56+00:00,,,
286,fudcrypter_by_newcoder,https://t.me/fudcrypter_by_newcoder,"⚠️If you want to Buy sure if crypter work, then you can test one files for <DATE_TIME>

📌 Buy For Massage 🆔 Below ✅

💬 🆔 @New_Codar ✅",2024-02-08T14:46:31+00:00,,,
284,fudcrypter_by_newcoder,https://t.me/fudcrypter_by_newcoder,"Who bought it, please give me 1 review",2024-02-08T14:34:55+00:00,,,
