id,Channel ID,URL,message,date,views,forwards,reactions
104,fudcrypter_by_newcoder,https://t.me/fudcrypter_by_newcoder,"⚠️ Hey Dear Members Good News, New Rust Crypter successfully Runtime Bypass (Windows defender) (Avast) (360 <NRP> Antivirus) and more 63+ antivirus 🟠🔴🔵🔵🟠

➡️Soon I will send Send to you",2024-01-26T18:35:47+00:00,864.0,2.0,
150,fudcrypter_by_newcoder,https://t.me/fudcrypter_by_newcoder,thanks,2024-01-27T00:19:24+00:00,,,
139,fudcrypter_by_newcoder,https://t.me/fudcrypter_by_newcoder,nice,2024-01-26T18:38:32+00:00,,,❤: 1
138,fudcrypter_by_newcoder,https://t.me/fudcrypter_by_newcoder,yeah!,2024-01-26T18:37:06+00:00,,,❤: 1
