id,Channel ID,URL,message,date,views,forwards,reactions
165,fudcrypter_by_newcoder,https://t.me/fudcrypter_by_newcoder,"🆕 New Update coming soon 🔥 

✅ Runtime Bypass 70 Antivirus software 💪

https://www.virustotal.com/gui/file/caf2f2491d54e97d79d8ef2a4e5f3466bd30ae81feca9c163ae18ded81c7fced?nocache=1",2024-02-24T17:34:29+00:00,741.0,5.0,"❤: 4, 😱: 2, 🔥: 1"
448,fudcrypter_by_newcoder,https://t.me/fudcrypter_by_newcoder,OK cool,2024-02-26T19:31:27+00:00,,,
422,fudcrypter_by_newcoder,https://t.me/fudcrypter_by_newcoder,Because it's testing stub not main stub,2024-02-24T23:42:42+00:00,,,
420,fudcrypter_by_newcoder,https://t.me/fudcrypter_by_newcoder,why do you scan n virustotal? do you want to kill your crypter?,2024-02-24T21:28:33+00:00,,,
