id,Channel ID,URL,message,date,views,forwards,reactions
188,fudcrypter_by_newcoder,https://t.me/fudcrypter_by_newcoder,"⚠️My Dear Users you just use crypter but not give reviews please Review the crypter for next update 🙏

⬇️⬇️ Review in Comment 👇👇",2024-03-09T15:13:43+00:00,1033.0,1.0,"❤: 5, 🔥: 3, 🆒: 2"
552,fudcrypter_by_newcoder,https://t.me/fudcrypter_by_newcoder,I also very much hope that I can bypass the 360 ​​auto-start,2024-03-10T15:05:22+00:00,,,❤: 1
551,fudcrypter_by_newcoder,https://t.me/fudcrypter_by_newcoder,Our contract license is counting without having results.... I have others customers with similar problems,2024-03-10T15:01:56+00:00,,,
550,fudcrypter_by_newcoder,https://t.me/fudcrypter_by_newcoder,"Codder, please you need to make these crypter very strong 💪 against antivirus. It easily detect after <DATE_TIME> and your refud update isn't timely.",2024-03-10T15:00:47+00:00,,,
547,fudcrypter_by_newcoder,https://t.me/fudcrypter_by_newcoder,"I know, Rippers has many account on Telegram to scam. You're low brain scammer. You need to sock my black penis to make that stupid $300 with your nonsense  .dll script",2024-03-09T17:03:39+00:00,,,
546,fudcrypter_by_newcoder,https://t.me/fudcrypter_by_newcoder,stupid,2024-03-09T16:48:54+00:00,,,
542,fudcrypter_by_newcoder,https://t.me/fudcrypter_by_newcoder,"this is the best crypter i found, also if the startup in 360 will be added in the future updates then i think no one will be able to compete this crypter, overall this is the best crypter in my opinion  ❤️",2024-03-09T16:09:59+00:00,,,❤: 2
534,fudcrypter_by_newcoder,https://t.me/fudcrypter_by_newcoder,Yes I do,2024-03-09T15:30:10+00:00,,,
532,fudcrypter_by_newcoder,https://t.me/fudcrypter_by_newcoder,Yes you're right. But it's a best professional pen tester RAT,2024-03-09T15:28:39+00:00,,,
530,fudcrypter_by_newcoder,https://t.me/fudcrypter_by_newcoder,"If these methods can work with Remcos, great. Cos Xworm is full of shit.....",2024-03-09T15:26:26+00:00,,,
526,fudcrypter_by_newcoder,https://t.me/fudcrypter_by_newcoder,From d Video????,2024-03-09T15:23:29+00:00,,,
525,fudcrypter_by_newcoder,https://t.me/fudcrypter_by_newcoder,Try method 1 or 3 I hope REMCOS working,2024-03-09T15:21:59+00:00,,,
524,fudcrypter_by_newcoder,https://t.me/fudcrypter_by_newcoder,It will be nice and best if crypter can support other RAT like REMCOS,2024-03-09T15:18:08+00:00,,,
