id,Channel ID,URL,message,date,views,forwards,reactions
189,fudcrypter_by_newcoder,https://t.me/fudcrypter_by_newcoder,"✅ Add More 5 Stub for 5 method
✅ Fix slow Building problem
🔽 Bypass techniques
✅ NTDLL unhooking!
✅ Unloading AMSI.dll and aswAMSI.dll
✅ disableETW !

⚠️ Don't try to crack after Lost your system data",2024-03-09T16:37:57+00:00,1348.0,49.0,"❤: 5, 🔥: 2, 🥰: 1"
585,fudcrypter_by_newcoder,https://t.me/fudcrypter_by_newcoder,@new coder I need your assist I can’t dm you,2024-03-18T20:30:14+00:00,,,
549,fudcrypter_by_newcoder,https://t.me/fudcrypter_by_newcoder,@New Codar I need your urgent support. Check your DM,2024-03-10T00:29:26+00:00,,,
