Channel ID,URL,Post ID,date,message,out,mentioned,media_unread,silent,post,from_scheduled,legacy,edit_hide,pinned,noforwards,peer_channel,from_id_user,fwd_from,via_bot_id,reply_to_msg_id,reply_to_scheduled,forum_topic,media_photo_id,reply_markup,views,forwards,replies,edit_date,post_author,grouped_id,reactions,restriction_reason,ttl_period
amazonyahoologs,https://t.me/amazonyahoologs,7379,2024-03-01 16:02:04,,False,False,False,False,True,False,False,False,False,False,1728936170,,,,,,,5.936118813298901e+18,,2,0,,,,,,[],
amazonyahoologs,https://t.me/amazonyahoologs,7380,2024-03-01 16:02:05,,False,False,False,False,True,False,False,False,False,False,1728936170,,,,,,,5.936118813298901e+18,,3,0,,,,,,[],
amazonyahoologs,https://t.me/amazonyahoologs,7381,2024-03-01 16:02:05,,False,False,False,False,True,False,False,False,False,False,1728936170,,,,,,,5.936118813298901e+18,,3,0,,,,,,[],
amazonyahoologs,https://t.me/amazonyahoologs,7382,2024-03-01 16:02:06,,False,False,False,False,True,False,False,False,False,False,1728936170,,,,,,,5.936118813298901e+18,,4,0,,,,,,[],
amazonyahoologs,https://t.me/amazonyahoologs,7383,2024-03-01 16:55:24,"EMAIL LIST 2024

charter.net - 4.1M
cox.net - 6M
earthlink.net - 6,5M
frontier.com - 269k
frontiernet.net - 614k
gmail.com - 11,2
juno.com - 3,2M
live.com - 703k
netzero.net - 2,5M
office365 - 11,5M
optonline.net - 2,1M
roadrunner.com - 480k
rr.com mix - 6M
sbcglobal.net - 9M
verizon.net - 6,7M
windstream.net - 582k
wowway.com - 233k
yahoo.com - 12K

Buy/price @ThinkCaptain",False,False,False,False,True,False,False,False,False,False,1728936170,,,,,,,5.985320902079923e+18,,3,0,,,,,,[],
amazonyahoologs,https://t.me/amazonyahoologs,7385,2024-03-01 18:59:12,,False,False,False,False,True,False,False,False,False,False,1728936170,,,,,,,,,2,0,,,,,,[],
amazonyahoologs,https://t.me/amazonyahoologs,7386,2024-03-01 18:59:12,,False,False,False,False,True,False,False,False,False,False,1728936170,,,,,,,,,2,0,,,,,,[],
amazonyahoologs,https://t.me/amazonyahoologs,7387,2024-03-01 18:59:13,,False,False,False,False,True,False,False,False,False,False,1728936170,,,,,,,,,2,0,,,,,,[],
amazonyahoologs,https://t.me/amazonyahoologs,7388,2024-03-01 18:59:14,,False,False,False,False,True,False,False,False,False,False,1728936170,,,,,,,,,2,0,,,,,,[],
amazonyahoologs,https://t.me/amazonyahoologs,7389,2024-03-01 18:59:14,,False,False,False,False,True,False,False,False,False,False,1728936170,,,,,,,,,2,0,,,,,,[],
amazonyahoologs,https://t.me/amazonyahoologs,7390,2024-03-01 18:59:15,,False,False,False,False,True,False,False,False,False,False,1728936170,,,,,,,,,2,0,,,,,,[],
amazonyahoologs,https://t.me/amazonyahoologs,7391,2024-03-01 18:59:15,,False,False,False,False,True,False,False,False,False,False,1728936170,,,,,,,,,2,0,,,,,,[],
amazonyahoologs,https://t.me/amazonyahoologs,7392,2024-03-01 18:59:15,,False,False,False,False,True,False,False,False,False,False,1728936170,,,,,,,,,2,0,,,,,,[],
amazonyahoologs,https://t.me/amazonyahoologs,7393,2024-03-01 18:59:16,,False,False,False,False,True,False,False,False,False,False,1728936170,,,,,,,,,2,0,,,,,,[],
amazonyahoologs,https://t.me/amazonyahoologs,7395,2024-03-01 22:27:53,"Windstream.net hits in bulk available
Access guaranteed
100% valid
Warranty 24hrs 
Reference ID @ThinkCaptain",False,False,False,False,True,False,False,False,False,False,1728936170,,,,,,,5.985699426137654e+18,,2,0,,,,,,[],
amazonyahoologs,https://t.me/amazonyahoologs,7397,2024-03-01 22:50:20,,False,False,False,False,True,False,False,False,False,False,1728936170,,,,,,,,,4,0,,,,,,[],
amazonyahoologs,https://t.me/amazonyahoologs,7398,2024-03-01 22:50:20,,False,False,False,False,True,False,False,False,False,False,1728936170,,,,,,,,,4,0,,,,,,[],
amazonyahoologs,https://t.me/amazonyahoologs,7399,2024-03-01 22:50:21,,False,False,False,False,True,False,False,False,False,False,1728936170,,,,,,,,,4,0,,,,,,[],
amazonyahoologs,https://t.me/amazonyahoologs,7400,2024-03-01 23:36:49,,False,False,False,False,True,False,False,False,False,False,1728936170,,,,,,,,,2,0,,,,,,[],
amazonyahoologs,https://t.me/amazonyahoologs,7402,2024-03-02 00:04:10,,False,False,False,False,True,False,False,False,False,False,1728936170,,,,,,,,,6,0,,,,,,[],
amazonyahoologs,https://t.me/amazonyahoologs,7403,2024-03-02 00:08:23,,False,False,False,False,True,False,False,False,False,False,1728936170,,,,,,,,,6,0,,,,,,[],
amazonyahoologs,https://t.me/amazonyahoologs,7404,2024-03-02 00:11:48,,False,False,False,False,True,False,False,False,False,False,1728936170,,,,,,,,,6,0,,,,,,[],
amazonyahoologs,https://t.me/amazonyahoologs,7405,2024-03-02 00:29:24,,False,False,False,False,True,False,False,False,False,False,1728936170,,,,,,,,,3,0,,,,,,[],
amazonyahoologs,https://t.me/amazonyahoologs,7406,2024-03-02 00:34:01,,False,False,False,False,True,False,False,False,False,False,1728936170,,,,,,,,,3,0,,,,,,[],
amazonyahoologs,https://t.me/amazonyahoologs,7408,2024-03-02 08:59:06,"Virtual Numbers in ESIM Plus: Choose from the Most Popular Countries

🌍 <NRP> countries:
<DATE_TIME>🇦 Canada
🇮🇱 Israel
🇵🇱 Poland
🇵🇷 Puerto Rico
🇸🇪 Sweden
🇬🇧 United Kingdom
🇺🇸 USA


For other countries not currently available, leave a request, and we will try to address this for you!

Convenient. Secure. Easy with ESIM Plus.
TELEGRAM @ThinkCaptain",False,False,False,False,True,False,False,False,False,False,1728936170,,,,,,,,,7,0,,,,,,[],
amazonyahoologs,https://t.me/amazonyahoologs,7409,2024-03-02 10:25:53,"SMTP CRACKER 
PRODUCTS INCLUDE:
EMAIL EXTRACTOR
EMAIL VERIFIER 
EMAIL SORTER
EMAIL SENDER
BUY : @ThinkCaptain",False,False,False,False,True,False,False,False,False,False,1728936170,,,,,,,5.929524651225104e+18,,4,0,,,,,,[],
amazonyahoologs,https://t.me/amazonyahoologs,7410,2024-03-02 11:42:57,"IPs Web Grabber Available
Easy Get Million List , 1Gb Website List
#Fast
#MultiThread
#Own Server
Buy? Chat : @ThinkCaptain",False,False,False,False,True,False,False,False,False,False,1728936170,,,,,,,,,2,0,,,,,,[],
amazonyahoologs,https://t.me/amazonyahoologs,7411,2024-03-02 12:07:24,,False,False,False,False,True,False,False,False,False,False,1728936170,,,,,,,,,3,0,,,,,,[],
amazonyahoologs,https://t.me/amazonyahoologs,7412,2024-03-02 12:10:50,,False,False,False,False,True,False,False,False,False,False,1728936170,,,,,,,,,2,0,,,,,,[],
amazonyahoologs,https://t.me/amazonyahoologs,7413,2024-03-02 12:26:54,,False,False,False,False,True,False,False,False,False,False,1728936170,,,,,,,,,2,0,,,,,,[],
amazonyahoologs,https://t.me/amazonyahoologs,7415,2024-03-02 14:34:35,,False,False,False,False,True,False,False,False,False,False,1728936170,,,,,,,,,10,0,,,,,,[],
amazonyahoologs,https://t.me/amazonyahoologs,7416,2024-03-02 15:06:44,,False,False,False,False,True,False,False,False,False,False,1728936170,,,,,,,,,9,0,,,,,,[],
amazonyahoologs,https://t.me/amazonyahoologs,7417,2024-03-02 15:24:55,"𝘽𝙔𝙋𝘼𝙎𝙎 𝘼𝙉𝙔 2-𝙎𝙏𝙀𝙋 𝙑𝙀𝙍𝙄𝙁𝙄𝘾𝘼𝙏𝙄𝙊𝙉
 

   🏛 Bank OTP (Any Bank)

   💳 cards(credit/debit cards) 

   💳PayPal OTP/2FA

   📭Emails (Email 2FA)

    💸Apple/Google Pay CC Linking

    ☎️Carrier (Codes for sim-swapping)

    👨‍💻 Bank+ (Get DOB,MMN + More)

𝐒𝐔𝐁𝐒𝐂𝐑𝐈𝐏𝐓𝐈𝐎𝐍 𝐂𝐇𝐀𝐑𝐆𝐄𝐒
DAILY | WEEKLY | MONTHLY SUBSCRIPTION 

DEAL : @ThinkCaptain",False,False,False,False,True,False,False,False,False,False,1728936170,,,,,,,,,8,0,,,,,,[],
amazonyahoologs,https://t.me/amazonyahoologs,7418,2024-03-02 16:51:39,"#WTS 
Verified Telegram Channel 
I will transfer ownership 
Legit channels
Very safe
100% access guaranteed 
Buy : @ThinkCaptain",False,False,False,False,True,False,False,False,False,False,1728936170,,,,,,,5.983074732968362e+18,,6,0,,,,,,[],
amazonyahoologs,https://t.me/amazonyahoologs,7419,2024-03-02 17:43:50,"Web hosting
VPS  hosting
Cheapest domain 
Bookings : @ThinkCaptain",False,False,False,False,True,False,False,False,False,False,1728936170,,,,,,,5.98795122595134e+18,,5,0,,,,,,[],
amazonyahoologs,https://t.me/amazonyahoologs,7420,2024-03-02 19:37:27,,False,False,False,False,True,False,False,False,False,False,1728936170,,,,,,,,,7,0,,,,,,[],
amazonyahoologs,https://t.me/amazonyahoologs,7421,2024-03-02 20:02:07,,False,False,False,False,True,False,False,False,False,False,1728936170,,,,,,,,,7,0,,,,,,[],
amazonyahoologs,https://t.me/amazonyahoologs,7422,2024-03-02 20:37:23,,False,False,False,False,True,False,False,False,False,False,1728936170,,,,,,,,,6,0,,,,,,[],
amazonyahoologs,https://t.me/amazonyahoologs,7423,2024-03-02 20:43:16,,False,False,False,False,True,False,False,False,False,False,1728936170,,,,,,,,,5,0,,,,,,[],
amazonyahoologs,https://t.me/amazonyahoologs,7424,2024-03-02 20:59:15,,False,False,False,False,True,False,False,False,False,False,1728936170,,,,,,,,,5,0,,,,,,[],
amazonyahoologs,https://t.me/amazonyahoologs,7425,2024-03-02 21:25:17,"DATABASE FRESH AVAILABLE.

ES.🇪🇸
FR.🇫🇷
ZA.🇿🇦
GR.🇬🇷
BE.🇧🇪
IT.<PERSON>
IL.🇮🇱
NO.🇳🇴
CA.<DATE_TIME>🇦
SA.🇸🇦
USA.🇺🇸
ALL COUNTRY FOR SELL

PM : @ThinkCaptain",False,False,False,False,True,False,False,False,False,False,1728936170,,,,,,,5.987935356047181e+18,,6,0,,2024-03-02T21:31:50+00:00,,,,[],
amazonyahoologs,https://t.me/amazonyahoologs,7426,2024-03-02 23:36:11,"Learn How to make HQ Dorks
Dump 
Cc
Email Address 
Email and Password 
Lot more.........
For more info : @ThinkCaptain 
Tut + Ebooks for beginners available",False,False,False,False,True,False,False,False,False,False,1728936170,,,,,,,5.987935356047181e+18,,5,0,,,,,,[],
amazonyahoologs,https://t.me/amazonyahoologs,7428,2024-03-03 11:07:21,"#WTS
569k Italy Data Leads 
Fully Fresh Dump
Only Email : Mix Domain
Payment : @ThinkCaptain",False,False,False,False,True,False,False,False,False,False,1728936170,,,,,,,5.989816332679496e+18,,1,0,,,,,,[],
amazonyahoologs,https://t.me/amazonyahoologs,7429,2024-03-03 11:18:04,"203k ITALY🇮🇹
HOTMAIL Email leads
Dm me for purchase
@ThinkCaptain",False,False,False,False,True,False,False,False,False,False,1728936170,,,,,,,,,1,0,,,,,,[],
amazonyahoologs,https://t.me/amazonyahoologs,7431,2024-03-03 12:20:44,"2M - USA B2B Database 
With Company Details.

BUSINESS NAME | MAILING ADDRESS | MAILING CITY | MAILING STATE | MAILING ZIP | AREA CODE AND PHONE | FAX | SALES VOLUME | NUMBER OF EMPLOYEES | PUBLIC PRIVATE COMPANY | LOCATION TYPE | FIRM INDIVIDUAL | CREDIT SCORE CODE | STOCK EXCHANGE | STOCK TICKER SYMBOL | WEB ADDRESS | FIRSTNAME | LASTNAME | TITLE | EMAIL | SIC NAME1 | SIC | NAICS | NCCI | CA WC | DE WC | PA WC | MI WC | NJ WC | NY WC | TX WC | ISO CGL

Dm me for Price
@ThinkCaptain",False,False,False,False,True,False,False,False,False,False,1728936170,,,,,,,,,3,0,,,,,,[],
amazonyahoologs,https://t.me/amazonyahoologs,7433,2024-03-03 13:55:30,"#Demovideo
Tutorials available for beginners 
ID : @ThinkCaptain",False,False,False,False,True,False,False,False,False,False,1728936170,,,,,,,,,3,0,,,,,,[],
amazonyahoologs,https://t.me/amazonyahoologs,7435,2024-03-03 16:34:35,,False,False,False,False,True,False,False,False,False,False,1728936170,,,,,,,,,2,0,,,,,,[],
amazonyahoologs,https://t.me/amazonyahoologs,7436,2024-03-03 16:39:17,,False,False,False,False,True,False,False,False,False,False,1728936170,,,,,,,,,2,0,,,,,,[],
amazonyahoologs,https://t.me/amazonyahoologs,7437,2024-03-03 16:52:34,,False,False,False,False,True,False,False,False,False,False,1728936170,,,,,,,,,1,0,,,,,,[],
amazonyahoologs,https://t.me/amazonyahoologs,7438,2024-03-03 16:59:34,,False,False,False,False,True,False,False,False,False,False,1728936170,,,,,,,,,1,0,,,,,,[],
amazonyahoologs,https://t.me/amazonyahoologs,7439,2024-03-03 17:06:02,,False,False,False,False,True,False,False,False,False,False,1728936170,,,,,,,,,1,0,,,,,,[],
amazonyahoologs,https://t.me/amazonyahoologs,7441,2024-03-03 17:39:34,,False,False,False,False,True,False,False,False,False,False,1728936170,,,,,,,,,2,0,,,,,,[],
amazonyahoologs,https://t.me/amazonyahoologs,7442,2024-03-03 17:42:53,,False,False,False,False,True,False,False,False,False,False,1728936170,,,,,,,,,2,0,,,,,,[],
amazonyahoologs,https://t.me/amazonyahoologs,7443,2024-03-03 17:48:15,,False,False,False,False,True,False,False,False,False,False,1728936170,,,,,,,,,1,0,,,,,,[],
amazonyahoologs,https://t.me/amazonyahoologs,7444,2024-03-03 17:52:10,,False,False,False,False,True,False,False,False,False,False,1728936170,,,,,,,,,1,0,,,,,,[],
amazonyahoologs,https://t.me/amazonyahoologs,7446,2024-03-03 20:06:48,"Welcome to Vinted Accounts

A store where you can buy Aged Vinted Accounts with or without reviews!

• All of the accounts are created and aged by us.

• The accounts reviews range from 0 to 20. YOU decide what suits you the best.

• The accounts are fully private.

▫️ No ban rates!
▫️ Perfect for resellers!
<PERSON> and stealthy!

 Before any purchase, make sure to have a private phone number.

Contact : @ThinkCaptain",False,False,False,False,True,False,False,False,False,False,1728936170,,,,,,,5.780740468626275e+18,,1,0,,,,,,[],
amazonyahoologs,https://t.me/amazonyahoologs,7448,2024-03-04 00:30:07,"50K UAE 🇦🇪Whatsapp Database

Name, Whatsapp Number

<PERSON> Varghese <PHONE_NUMBER> UAE
<PERSON>
<PERSON> UAE
<PERSON> <PHONE_NUMBER> UAE
Mehak Kaleem <PHONE_NUMBER> UAE
<PERSON> <PHONE_NUMBER> UAE
<PERSON> <PHONE_NUMBER> UAE
<PERSON> UAE
<PERSON> <PHONE_NUMBER> UAE
<PERSON> <PHONE_NUMBER> UAE
<PERSON> <PHONE_NUMBER> UAE
<PERSON>
<PERSON> <PHONE_NUMBER> UAE
<PERSON> <PHONE_NUMBER> UAE

Buy : @ThinkCaptain",False,False,False,False,True,False,False,False,False,False,1728936170,,,,,,,,,3,0,,,,,,[],
amazonyahoologs,https://t.me/amazonyahoologs,7450,2024-03-04 01:33:07,Blockchain.com,False,False,False,False,True,False,False,False,False,False,1728936170,,,,,,,,,1,0,,,,,,[],
amazonyahoologs,https://t.me/amazonyahoologs,7452,2024-03-04 03:13:10,"Datasets name: Bank Customer Complaint Analysis.

The objective of this internship project is to develop an NLP model for bank customer complaint analysis to classify complaints into predefined categories based on their textual narratives. By automating the classification process, the project aims to improve efficiency in dispute resolution and enhance customer satisfaction by ensuring timely and accurate handling of complaints .

Format: CSV file
Admin: @ThinkCaptain",False,False,False,False,True,False,False,False,False,False,1728936170,,,,,,,,,1,0,,,,,,[],
amazonyahoologs,https://t.me/amazonyahoologs,7454,2024-03-04 21:41:47,"Email Domain <PERSON>
Very Fast 
Get 100,000k Domain <DATE_TIME>
Ib @ThinkCaptain",False,False,False,False,True,False,False,False,False,False,1728936170,,,,,,,,,2,0,,,,,,[],
amazonyahoologs,https://t.me/amazonyahoologs,7455,2024-03-04 21:50:17,,False,False,False,False,True,False,False,False,False,False,1728936170,,,,,,,,,2,0,,,,,,[],
amazonyahoologs,https://t.me/amazonyahoologs,7456,2024-03-04 21:50:17,,False,False,False,False,True,False,False,False,False,False,1728936170,,,,,,,,,2,0,,,,,,[],
amazonyahoologs,https://t.me/amazonyahoologs,7457,2024-03-04 21:50:18,,False,False,False,False,True,False,False,False,False,False,1728936170,,,,,,,,,2,0,,,,,,[],
amazonyahoologs,https://t.me/amazonyahoologs,7458,2024-03-04 21:50:18,,False,False,False,False,True,False,False,False,False,False,1728936170,,,,,,,,,2,0,,,,,,[],
amazonyahoologs,https://t.me/amazonyahoologs,7459,2024-03-04 21:50:19,,False,False,False,False,True,False,False,False,False,False,1728936170,,,,,,,,,2,0,,,,,,[],
amazonyahoologs,https://t.me/amazonyahoologs,7460,2024-03-04 21:50:20,,False,False,False,False,True,False,False,False,False,False,1728936170,,,,,,,,,2,0,,,,,,[],
amazonyahoologs,https://t.me/amazonyahoologs,7461,2024-03-04 21:50:20,,False,False,False,False,True,False,False,False,False,False,1728936170,,,,,,,,,2,0,,,,,,[],
amazonyahoologs,https://t.me/amazonyahoologs,7462,2024-03-04 21:50:21,,False,False,False,False,True,False,False,False,False,False,1728936170,,,,,,,,,2,0,,,,,,[],
amazonyahoologs,https://t.me/amazonyahoologs,7463,2024-03-04 21:50:21,,False,False,False,False,True,False,False,False,False,False,1728936170,,,,,,,,,2,0,,,,,,[],
amazonyahoologs,https://t.me/amazonyahoologs,7464,2024-03-04 21:50:21,,False,False,False,False,True,False,False,False,False,False,1728936170,,,,,,,,,2,0,,,,,,[],
amazonyahoologs,https://t.me/amazonyahoologs,7466,2024-03-05 00:43:30,"UltraMailer Sender V3.5 

NOTED: for Sale 

UltraMailer provide all in one solutions for email marketing or sending bulk mailing list:
Sending mailings, newsletters, promotions or invitations?
UltraMailer is the best e-mail marketing software for managing your mailing list.
Discover the free solution or the cost effective one, 
a one-time payment package which allows you to easily manage your email marketing using a desktop software.

Before start install setup.exe you need install double click folder DHTMLEd [INSTALL <DATE_TIME>] click exe DhtmlEd.msi
second setup.exe and after try Acc_License.txt  full license with go to find Help on header of 
ultra mailer and register submit email and key to done with it.

Inbox me: @ThinkCaptain",False,False,False,False,True,False,False,False,False,False,1728936170,,,,,,,5.99463734756991e+18,,2,0,,,,,,[],
amazonyahoologs,https://t.me/amazonyahoologs,7468,2024-03-05 09:33:05,"Amazon ses 50k limit , 100k
Sendgrid smtp 100k , 300k and 700k limit
Zimbra  limit
<PERSON>Ionos  smtp
Rackspace  <PERSON><PERSON>
G-suit smtp

ALL types .JP SMTP 
Proximus  <PERSON>Earthlink smtp
Inbox.lv smtp
Godaddy smtp
Privateemail.com
T-online smtp

smtp.com
Dreamhost
Verizon smtp
awsapp.com
kasserver.com
Talktalk.co.uk
<PERSON><PERSON><PERSON> SMTP
vodafone.de  SMTP
Nominalia  SMTP
telenet.be  SMTP
Titan smtp  SMTP
Belwue.de  SMTP
Mail.Aruba  SMTP
Mail.Zoho  SMTP

BUY heartsender v4
BUY SMS SENDER
BUY Email to SMS sender
BUY phone number checker
BUY Phone number generator Tool
BUY super email verifier
BUY Data extractor [ get domain and ip list from data base ]
BUY Email and phone number Extractor And Scrapper Tool
BUY shell ,cpanel and Fud Link
BUY Antibot Software
BUY Office Sender ====> FOR box to box and contact spamming 
BUY Link Redirect=====> for make your link deliver inbox in any sender
BUY From-Email-Inbox-Scanner ======>Get Inbox From email with New IP
BUY Telnyx SMS  Sender

@ThinkCaptain",False,False,False,False,True,False,False,False,False,False,1728936170,,,,,,,,,2,0,,,,,,[],
amazonyahoologs,https://t.me/amazonyahoologs,7470,2024-03-05 12:59:17,"┏━[SMTP          
┏<PERSON>[WEBMAILS              
┏━[CPANEL              
┏━[LEADS            
┏━[HOSTINGS        
┏<PERSON>[SHELL              
┏━[WHM           
┏<PERSON>[RDP 
DEAL: @ThinkCaptain",False,False,False,False,True,False,False,False,False,False,1728936170,,,,,,,,,1,0,,,,,,[],
