Channel ID,URL,Post ID,date,message,out,mentioned,media_unread,silent,post,from_scheduled,legacy,edit_hide,pinned,noforwards,peer_channel,from_id_user,fwd_from,via_bot_id,reply_to_msg_id,reply_to_scheduled,forum_topic,media_photo_id,reply_markup,views,forwards,replies,edit_date,post_author,grouped_id,reactions,restriction_reason,ttl_period
cookie_netflix,https://t.me/cookie_netflix,852,2024-01-17 23:13:16,,False,False,False,False,True,False,False,True,False,False,1918985971,,,,804.0,False,False,,,222.0,0.0,,2024-01-17T23:13:29+00:00,,1.3644265568918868e+16,"{'_': 'MessageReactions', 'results': [{'_': 'ReactionCount', 'reaction': {'_': 'ReactionEmoji', 'emoticon': '❤'}, 'count': 3, 'chosen_order': None}], 'min': False, 'can_see_list': False, 'reactions_as_tags': False, 'recent_reactions': []}",[],
cookie_netflix,https://t.me/cookie_netflix,854,2024-01-17 23:13:16,,False,False,False,False,True,False,False,False,False,False,1918985971,,,,804.0,False,False,,,250.0,0.0,,,,1.3644265568918868e+16,,[],
cookie_netflix,https://t.me/cookie_netflix,855,2024-01-17 23:13:16,,False,False,False,False,True,False,False,False,False,False,1918985971,,,,804.0,False,False,,,253.0,0.0,,,,1.3644265568918868e+16,,[],
cookie_netflix,https://t.me/cookie_netflix,856,2024-01-17 23:13:16,,False,False,False,False,True,False,False,False,False,False,1918985971,,,,804.0,False,False,,,287.0,0.0,,,,1.3644265568918868e+16,,[],
cookie_netflix,https://t.me/cookie_netflix,857,2024-01-17 23:13:16,,False,False,False,False,True,False,False,False,False,False,1918985971,,,,804.0,False,False,,,290.0,0.0,,,,1.3644265568918868e+16,,[],
cookie_netflix,https://t.me/cookie_netflix,858,2024-01-17 23:13:16,,False,False,False,False,True,False,False,False,False,False,1918985971,,,,804.0,False,False,,,300.0,0.0,,,,1.3644265568918868e+16,,[],
cookie_netflix,https://t.me/cookie_netflix,859,2024-01-17 23:36:07,,False,False,False,False,True,False,False,True,False,False,1918985971,,,,804.0,False,False,,,278.0,1.0,,2024-01-17T23:38:20+00:00,,1.3644276540184556e+16,"{'_': 'MessageReactions', 'results': [{'_': 'ReactionCount', 'reaction': {'_': 'ReactionEmoji', 'emoticon': '❤'}, 'count': 4, 'chosen_order': None}], 'min': False, 'can_see_list': False, 'reactions_as_tags': False, 'recent_reactions': []}",[],
cookie_netflix,https://t.me/cookie_netflix,875,2024-01-18 18:57:26,,False,False,False,True,True,,False,,,,1918985971,,,,864.0,False,False,,,,,,,,,,,
cookie_netflix,https://t.me/cookie_netflix,876,2024-01-18 20:33:26,,False,False,False,False,True,False,False,True,False,False,1918985971,,,,,,,,,298.0,2.0,,2024-01-18T20:33:47+00:00,,1.3644880048611932e+16,"{'_': 'MessageReactions', 'results': [{'_': 'ReactionCount', 'reaction': {'_': 'ReactionEmoji', 'emoticon': '❤'}, 'count': 3, 'chosen_order': None}], 'min': False, 'can_see_list': False, 'reactions_as_tags': False, 'recent_reactions': []}",[],
cookie_netflix,https://t.me/cookie_netflix,877,2024-01-18 20:33:26,,False,False,False,False,True,False,False,False,False,False,1918985971,,,,,,,,,306.0,2.0,,,,1.3644880048611932e+16,,[],
cookie_netflix,https://t.me/cookie_netflix,878,2024-01-18 20:33:26,,False,False,False,False,True,False,False,False,False,False,1918985971,,,,,,,,,305.0,2.0,,,,1.3644880048611932e+16,,[],
cookie_netflix,https://t.me/cookie_netflix,879,2024-01-18 20:33:26,,False,False,False,False,True,False,False,False,False,False,1918985971,,,,,,,,,310.0,2.0,,,,1.3644880048611932e+16,,[],
cookie_netflix,https://t.me/cookie_netflix,880,2024-01-18 20:33:26,,False,False,False,False,True,False,False,False,False,False,1918985971,,,,,,,,,326.0,2.0,,,,1.3644880048611932e+16,,[],
cookie_netflix,https://t.me/cookie_netflix,881,2024-01-18 20:33:41,share and support us,False,False,False,False,True,False,False,True,False,False,1918985971,,,,,,,,,330.0,0.0,,2024-01-18T20:33:51+00:00,,,"{'_': 'MessageReactions', 'results': [{'_': 'ReactionCount', 'reaction': {'_': 'ReactionEmoji', 'emoticon': '👏'}, 'count': 2, 'chosen_order': None}], 'min': False, 'can_see_list': False, 'reactions_as_tags': False, 'recent_reactions': []}",[],
cookie_netflix,https://t.me/cookie_netflix,882,2024-01-18 20:33:57,https://t.me/cookie_netflix,False,False,False,False,True,False,False,False,False,False,1918985971,,,,,,,,,356.0,0.0,,,,,,[],
cookie_netflix,https://t.me/cookie_netflix,884,2024-01-18 20:40:45,Work ty bro 🙏🏻,False,False,False,False,True,False,False,True,False,False,1918985971,,"{'_': 'MessageFwdHeader', 'date': '2024-01-18T20:37:47+00:00', 'imported': False, 'saved_out': False, 'from_id': None, 'from_name': 'Biboo', 'channel_post': None, 'post_author': None, 'saved_from_peer': None, 'saved_from_msg_id': None, 'saved_from_id': None, 'saved_from_name': None, 'saved_date': None, 'psa_type': None}",,,,,5.859384536746541e+18,,388.0,0.0,,2024-01-18T20:41:36+00:00,,,"{'_': 'MessageReactions', 'results': [{'_': 'ReactionCount', 'reaction': {'_': 'ReactionEmoji', 'emoticon': '❤'}, 'count': 3, 'chosen_order': None}], 'min': False, 'can_see_list': False, 'reactions_as_tags': False, 'recent_reactions': []}",[],
cookie_netflix,https://t.me/cookie_netflix,886,2024-01-18 21:23:37,,False,False,False,False,True,False,False,False,False,False,1918985971,,,,885.0,False,False,,,383.0,0.0,,,,,,[],
cookie_netflix,https://t.me/cookie_netflix,889,2024-01-19 03:29:07,,False,False,False,False,True,False,False,False,False,False,1918985971,,,,,,,,,390.0,0.0,,,,1.3645079580189092e+16,,[],
cookie_netflix,https://t.me/cookie_netflix,890,2024-01-19 03:29:07,,False,False,False,False,True,False,False,False,False,False,1918985971,,,,,,,,,414.0,0.0,,,,1.3645079580189092e+16,,[],
cookie_netflix,https://t.me/cookie_netflix,891,2024-01-19 03:29:07,,False,False,False,False,True,False,False,False,False,False,1918985971,,,,,,,,,415.0,0.0,,,,1.3645079580189092e+16,,[],
cookie_netflix,https://t.me/cookie_netflix,892,2024-01-19 03:29:07,,False,False,False,False,True,False,False,False,False,False,1918985971,,,,,,,,,424.0,0.0,,,,1.3645079580189092e+16,,[],
cookie_netflix,https://t.me/cookie_netflix,893,2024-01-19 03:29:07,,False,False,False,False,True,False,False,False,False,False,1918985971,,,,,,,,,423.0,0.0,,,,1.3645079580189092e+16,,[],
cookie_netflix,https://t.me/cookie_netflix,894,2024-01-19 03:29:07,,False,False,False,False,True,False,False,False,False,False,1918985971,,,,,,,,,427.0,0.0,,,,1.3645079580189092e+16,,[],
cookie_netflix,https://t.me/cookie_netflix,895,2024-01-19 03:29:07,,False,False,False,False,True,False,False,False,False,False,1918985971,,,,,,,,,439.0,0.0,,,,1.3645079580189092e+16,,[],
cookie_netflix,https://t.me/cookie_netflix,896,2024-01-19 03:29:07,,False,False,False,False,True,False,False,False,False,False,1918985971,,,,,,,,,492.0,0.0,,,,1.3645079580189092e+16,,[],
cookie_netflix,https://t.me/cookie_netflix,897,2024-01-19 03:29:07,,False,False,False,False,True,False,False,False,False,False,1918985971,,,,,,,,,491.0,0.0,,,,1.3645079580189092e+16,,[],
cookie_netflix,https://t.me/cookie_netflix,898,2024-01-19 03:29:07,,False,False,False,False,True,False,False,False,False,False,1918985971,,,,,,,,,510.0,0.0,,,,1.3645079580189092e+16,,[],
cookie_netflix,https://t.me/cookie_netflix,899,2024-01-19 03:29:08,,False,False,False,False,True,False,False,False,False,False,1918985971,,,,,,,,,459.0,1.0,,,,1.3645079586309148e+16,,[],
cookie_netflix,https://t.me/cookie_netflix,900,2024-01-19 03:29:08,,False,False,False,False,True,False,False,False,False,False,1918985971,,,,,,,,,496.0,1.0,,,,1.3645079586309148e+16,,[],
cookie_netflix,https://t.me/cookie_netflix,901,2024-01-19 03:29:08,,False,False,False,False,True,False,False,False,False,False,1918985971,,,,,,,,,504.0,1.0,,,,1.3645079586309148e+16,,[],
cookie_netflix,https://t.me/cookie_netflix,902,2024-01-19 03:29:08,,False,False,False,False,True,False,False,False,False,False,1918985971,,,,,,,,,544.0,1.0,,,,1.3645079586309148e+16,,[],
cookie_netflix,https://t.me/cookie_netflix,903,2024-01-19 03:29:08,,False,False,False,False,True,False,False,False,False,False,1918985971,,,,,,,,,553.0,1.0,,,,1.3645079586309148e+16,,[],
cookie_netflix,https://t.me/cookie_netflix,904,2024-01-19 03:29:08,,False,False,False,False,True,False,False,False,False,False,1918985971,,,,,,,,,564.0,1.0,,,,1.3645079586309148e+16,,[],
cookie_netflix,https://t.me/cookie_netflix,905,2024-01-19 03:29:08,,False,False,False,False,True,False,False,False,False,False,1918985971,,,,,,,,,580.0,1.0,,,,1.3645079586309148e+16,,[],
cookie_netflix,https://t.me/cookie_netflix,906,2024-01-19 03:29:08,,False,False,False,False,True,False,False,False,False,False,1918985971,,,,,,,,,606.0,1.0,,,,1.3645079586309148e+16,,[],
cookie_netflix,https://t.me/cookie_netflix,907,2024-01-19 03:29:08,,False,False,False,False,True,False,False,False,False,False,1918985971,,,,,,,,,616.0,1.0,,,,1.3645079586309148e+16,,[],
cookie_netflix,https://t.me/cookie_netflix,908,2024-01-19 03:29:08,,False,False,False,False,True,False,False,False,False,False,1918985971,,,,,,,,,644.0,1.0,,,,1.3645079586309148e+16,,[],
cookie_netflix,https://t.me/cookie_netflix,909,2024-01-19 03:29:08,,False,False,False,False,True,False,False,True,False,False,1918985971,,,,,,,,,617.0,2.0,,2024-01-19T12:36:53+00:00,,1.3645079590928156e+16,"{'_': 'MessageReactions', 'results': [{'_': 'ReactionCount', 'reaction': {'_': 'ReactionEmoji', 'emoticon': '🔥'}, 'count': 2, 'chosen_order': None}, {'_': 'ReactionCount', 'reaction': {'_': 'ReactionEmoji', 'emoticon': '👍'}, 'count': 1, 'chosen_order': None}], 'min': False, 'can_see_list': False, 'reactions_as_tags': False, 'recent_reactions': []}",[],
cookie_netflix,https://t.me/cookie_netflix,910,2024-01-19 03:29:08,,False,False,False,False,True,False,False,False,False,False,1918985971,,,,,,,,,685.0,2.0,,,,1.3645079590928156e+16,,[],
cookie_netflix,https://t.me/cookie_netflix,911,2024-01-19 03:29:08,,False,False,False,False,True,False,False,False,False,False,1918985971,,,,,,,,,782.0,2.0,,,,1.3645079590928156e+16,,[],
cookie_netflix,https://t.me/cookie_netflix,912,2024-01-19 03:29:09,,False,False,False,False,True,False,False,False,False,False,1918985971,,,,,,,,,848.0,2.0,,,,1.3645079590928156e+16,,[],
cookie_netflix,https://t.me/cookie_netflix,913,2024-01-19 03:29:09,,False,False,False,False,True,False,False,False,False,False,1918985971,,,,,,,,,893.0,2.0,,,,1.3645079590928156e+16,,[],
cookie_netflix,https://t.me/cookie_netflix,914,2024-01-19 03:29:09,,False,False,False,False,True,False,False,False,False,False,1918985971,,,,,,,,,905.0,2.0,,,,1.3645079590928156e+16,,[],
cookie_netflix,https://t.me/cookie_netflix,915,2024-01-19 03:29:09,,False,False,False,False,True,False,False,False,False,False,1918985971,,,,,,,,,936.0,2.0,,,,1.3645079590928156e+16,,[],
cookie_netflix,https://t.me/cookie_netflix,916,2024-01-19 03:29:28,"Netflix Cookies Tutorial For Pc
BY : @TechBurn01",False,False,False,False,True,False,False,True,False,False,1918985971,,"{'_': 'MessageFwdHeader', 'date': '2023-05-29T18:56:02+00:00', 'imported': False, 'saved_out': False, 'from_id': {'_': 'PeerChannel', 'channel_id': 1363008151}, 'from_name': None, 'channel_post': 5541, 'post_author': None, 'saved_from_peer': None, 'saved_from_msg_id': None, 'saved_from_id': None, 'saved_from_name': None, 'saved_date': None, 'psa_type': None}",,,,,,,897.0,4.0,,2024-01-19T10:28:36+00:00,,,"{'_': 'MessageReactions', 'results': [{'_': 'ReactionCount', 'reaction': {'_': 'ReactionEmoji', 'emoticon': '❤'}, 'count': 3, 'chosen_order': None}], 'min': False, 'can_see_list': False, 'reactions_as_tags': False, 'recent_reactions': []}",[],
cookie_netflix,https://t.me/cookie_netflix,918,2024-01-22 01:43:55,,False,False,False,False,True,False,False,True,False,False,1918985971,,,,,,,,,1126.0,4.0,,2024-01-22T12:17:55+00:00,,1.364710268713702e+16,"{'_': 'MessageReactions', 'results': [{'_': 'ReactionCount', 'reaction': {'_': 'ReactionEmoji', 'emoticon': '😘'}, 'count': 2, 'chosen_order': None}], 'min': False, 'can_see_list': False, 'reactions_as_tags': False, 'recent_reactions': []}",[],
cookie_netflix,https://t.me/cookie_netflix,919,2024-01-22 01:43:55,,False,False,False,False,True,False,False,False,False,False,1918985971,,,,,,,,,1377.0,6.0,,,,1.364710268713702e+16,,[],
cookie_netflix,https://t.me/cookie_netflix,920,2024-01-22 01:43:55,,False,False,False,False,True,False,False,False,False,False,1918985971,,,,,,,,,1427.0,4.0,,,,1.364710268713702e+16,,[],
cookie_netflix,https://t.me/cookie_netflix,921,2024-01-22 01:43:56,,False,False,False,False,True,False,False,False,False,False,1918985971,,,,,,,,,1453.0,5.0,,,,1.364710268713702e+16,,[],
cookie_netflix,https://t.me/cookie_netflix,922,2024-01-22 01:43:56,,False,False,False,False,True,False,False,False,False,False,1918985971,,,,,,,,,1538.0,4.0,,,,1.364710268713702e+16,,[],
cookie_netflix,https://t.me/cookie_netflix,923,2024-01-22 22:11:34,,False,False,False,False,True,False,False,True,False,False,1918985971,,,,,,,,,1610.0,10.0,,2024-01-22T22:12:10+00:00,,1.36476919542149e+16,"{'_': 'MessageReactions', 'results': [{'_': 'ReactionCount', 'reaction': {'_': 'ReactionEmoji', 'emoticon': '🔥'}, 'count': 7, 'chosen_order': None}], 'min': False, 'can_see_list': False, 'reactions_as_tags': False, 'recent_reactions': []}",[],
cookie_netflix,https://t.me/cookie_netflix,924,2024-01-22 22:11:34,,False,False,False,False,True,False,False,False,False,False,1918985971,,,,,,,,,1626.0,10.0,,,,1.36476919542149e+16,,[],
cookie_netflix,https://t.me/cookie_netflix,925,2024-01-22 22:11:34,,False,False,False,False,True,False,False,False,False,False,1918985971,,,,,,,,,1633.0,11.0,,,,1.36476919542149e+16,,[],
cookie_netflix,https://t.me/cookie_netflix,926,2024-01-22 22:11:34,,False,False,False,False,True,False,False,False,False,False,1918985971,,,,,,,,,1670.0,12.0,,,,1.36476919542149e+16,,[],
cookie_netflix,https://t.me/cookie_netflix,931,2024-01-27 05:33:12,"TECH BURN STORE

Warranty / Cheap prices 

https://t3chburn.sellpass.io/products

Owner : @techburnbot

Share and Support us",False,False,False,False,True,False,False,True,False,False,1918985971,,"{'_': 'MessageFwdHeader', 'date': '2023-09-11T21:18:04+00:00', 'imported': False, 'saved_out': False, 'from_id': {'_': 'PeerChannel', 'channel_id': 1363008151}, 'from_name': None, 'channel_post': 6405, 'post_author': None, 'saved_from_peer': None, 'saved_from_msg_id': None, 'saved_from_id': None, 'saved_from_name': None, 'saved_date': None, 'psa_type': None}",,,,,,,1232.0,0.0,,2024-01-27T20:00:06+00:00,,,"{'_': 'MessageReactions', 'results': [{'_': 'ReactionCount', 'reaction': {'_': 'ReactionEmoji', 'emoticon': '🔥'}, 'count': 3, 'chosen_order': None}, {'_': 'ReactionCount', 'reaction': {'_': 'ReactionEmoji', 'emoticon': '👍'}, 'count': 2, 'chosen_order': None}, {'_': 'ReactionCount', 'reaction': {'_': 'ReactionEmoji', 'emoticon': '❤'}, 'count': 1, 'chosen_order': None}], 'min': False, 'can_see_list': False, 'reactions_as_tags': False, 'recent_reactions': []}",[],
