Channel ID,URL,Post ID,date,message,out,mentioned,media_unread,silent,post,from_scheduled,legacy,edit_hide,pinned,noforwards,peer_channel,from_id_user,fwd_from,via_bot_id,reply_to_msg_id,reply_to_scheduled,forum_topic,media_photo_id,reply_markup,views,forwards,replies,edit_date,post_author,grouped_id,reactions,restriction_reason,ttl_period
darkstore29,https://t.me/darkstore29,1348,2024-01-22 06:13:13,,False,False,False,False,True,False,False,False,False,False,1841587281,,,,,,,4.99948399763349e+18,,1547.0,0.0,,,,1.3647231924070944e+16,,[],
darkstore29,https://t.me/darkstore29,1349,2024-01-22 06:13:14,,False,False,False,False,True,False,False,False,False,False,1841587281,,,,,,,4.999488859536469e+18,,1531.0,0.0,,,,1.3647231924070944e+16,,[],
darkstore29,https://t.me/darkstore29,1350,2024-01-22 06:13:18,,False,False,False,False,True,False,False,False,False,False,1841587281,,,,,,,4.99948399763349e+18,,4364.0,1.0,,,,1.3647231924070944e+16,,[],
darkstore29,https://t.me/darkstore29,1352,2024-01-23 07:39:05,"💳CARDING SERVICES 💳


Carding offers for expensive laptops, phones, clothes, or any kind of expensive product.You
 can inbox me @Darkstoreofficial✅
 All I need is the shipping address and what you want to buy. 

Payments strictly via BTC💰 or LTC💰 or USDT💰or MXR or Eth💰(done before order is placed). Those suggesting Paypal, Gpay, Cashapp, UPI, phone pay. Please stop because my safety and yours is very important. I will never accept those payments 

💳80$ for products worth 500$-900$💵

💳150$ for products worth
 1000$-1400💵

💳200$ for products worth between 1500-2000$💵

💳300$ for products worth between 2000$ to 3000$💵

💳400$ for products worth 3500 to 4000$💵

💳500$ for products with
 4500-5000$💵

This only applies to those in  Europe US, Africa, India and some <NRP> countries.

>>those in Iran and other <NRP> countries with strict DHL services can wait, I will see what I can do for you

I cannot confirm <DATE_TIME> delivery for most of the orders even through on the shop it says <DATE_TIME> delivery is possible. Remember, I have to use my drops to gaurantee your safety

About safety, I use 3rd party shipment company that I have friends who work there(inside job). So there is nothing to worry about. And for countries that they don't operate in, they help connect to the company that works in that specific country

🔤🔤 TO🔤🔤🔤 
🚀@Darkstoreofficial✅",False,False,False,False,True,False,False,False,True,False,1841587281,,,,,,,,,14102.0,347.0,,2024-01-23T07:39:47+00:00,,,"{'_': 'MessageReactions', 'results': [{'_': 'ReactionCount', 'reaction': {'_': 'ReactionEmoji', 'emoticon': '❤'}, 'count': 16, 'chosen_order': None}, {'_': 'ReactionCount', 'reaction': {'_': 'ReactionEmoji', 'emoticon': '🤔'}, 'count': 1, 'chosen_order': None}], 'min': False, 'can_see_list': False, 'reactions_as_tags': False, 'recent_reactions': []}",[],
darkstore29,https://t.me/darkstore29,1353,2024-01-23 07:45:27,"💀 Welcome to Our Vip Group💀

💵Price >💵
✅New Members 100$✅
✅Access Time: LifeTime 💗
💎 Payment Method: BTC💰 LTC💰 USDT😼 ETH 💰

✅Private Tools
✅private tutorial
✅private Methods
✅Private Exploits
✅Checkers
✅Botnet Tools
✅Private Botnet Logs
✅Scampage
✅Methods
✅Leaked database
<PERSON>Premium Accounts
✅Money making method
✅Cashout method
And much more etc etc....
👇👇👇👇👇👇👇👇👇👇👇

📌We will post <DATE_TIME> ✅
👑 Cpanel
➡️ Smtp
🖥 Database
✅Money making Methods 
✅private tools & tutorial 
🔫 ➖➖➖➖➖➖➖➖➖ 🔫
✔️ We accept request tools for our vip members
✨ ➖➖➖➖➖➖➖➖➖ ✨
DM FOR BUY
✈️ @Rolex_Official01✅",False,False,False,False,True,False,False,True,False,False,1841587281,,"{'_': 'MessageFwdHeader', 'date': '2024-01-17T07:57:58+00:00', 'imported': False, 'saved_out': False, 'from_id': {'_': 'PeerChannel', 'channel_id': 1620764878}, 'from_name': None, 'channel_post': 332, 'post_author': None, 'saved_from_peer': None, 'saved_from_msg_id': None, 'saved_from_id': None, 'saved_from_name': None, 'saved_date': None, 'psa_type': None}",,,,,4.990350066778746e+18,,4368.0,4.0,,2024-01-23T07:47:32+00:00,,,"{'_': 'MessageReactions', 'results': [{'_': 'ReactionCount', 'reaction': {'_': 'ReactionEmoji', 'emoticon': '❤'}, 'count': 6, 'chosen_order': None}, {'_': 'ReactionCount', 'reaction': {'_': 'ReactionEmoji', 'emoticon': '👍'}, 'count': 2, 'chosen_order': None}], 'min': False, 'can_see_list': False, 'reactions_as_tags': False, 'recent_reactions': []}",[],
darkstore29,https://t.me/darkstore29,1354,2024-01-23 07:45:28,We are increasing price from <DATE_TIME>⏰,False,False,False,False,True,False,False,True,False,False,1841587281,,"{'_': 'MessageFwdHeader', 'date': '2024-01-22T08:31:03+00:00', 'imported': False, 'saved_out': False, 'from_id': {'_': 'PeerChannel', 'channel_id': 1620764878}, 'from_name': None, 'channel_post': 347, 'post_author': None, 'saved_from_peer': None, 'saved_from_msg_id': None, 'saved_from_id': None, 'saved_from_name': None, 'saved_date': None, 'psa_type': None}",,1353.0,False,False,,,4214.0,0.0,,2024-01-23T07:49:47+00:00,,,"{'_': 'MessageReactions', 'results': [{'_': 'ReactionCount', 'reaction': {'_': 'ReactionEmoji', 'emoticon': '❤'}, 'count': 2, 'chosen_order': None}], 'min': False, 'can_see_list': False, 'reactions_as_tags': False, 'recent_reactions': []}",[],
darkstore29,https://t.me/darkstore29,1355,2024-01-24 08:58:20,"Another kyc destroyer sold
 successfully✅
Details:<PERSON>/DarkStore29/1124
Dm to buy @Darkstoreofficial✅

https://t.me/Darkstore_reviews",False,False,False,False,True,False,False,False,False,False,1841587281,,,,,,,5.010386630380465e+18,,4481.0,1.0,,2024-01-24T14:07:53+00:00,,,"{'_': 'MessageReactions', 'results': [{'_': 'ReactionCount', 'reaction': {'_': 'ReactionEmoji', 'emoticon': '👍'}, 'count': 3, 'chosen_order': None}, {'_': 'ReactionCount', 'reaction': {'_': 'ReactionEmoji', 'emoticon': '❤'}, 'count': 2, 'chosen_order': None}], 'min': False, 'can_see_list': False, 'reactions_as_tags': False, 'recent_reactions': []}",[],
darkstore29,https://t.me/darkstore29,1356,2024-01-24 21:48:00,,False,False,False,True,True,,False,,,,1841587281,,,,1352.0,False,False,,,,,,,,,,,
darkstore29,https://t.me/darkstore29,1357,2024-01-25 11:30:35,"Intro to Botnet⚡️

#Botnets",False,False,False,False,True,False,False,True,False,False,1841587281,,,,,,,,,4223.0,19.0,,2024-01-25T11:31:13+00:00,,,"{'_': 'MessageReactions', 'results': [{'_': 'ReactionCount', 'reaction': {'_': 'ReactionEmoji', 'emoticon': '❤'}, 'count': 10, 'chosen_order': None}, {'_': 'ReactionCount', 'reaction': {'_': 'ReactionEmoji', 'emoticon': '⚡'}, 'count': 2, 'chosen_order': None}, {'_': 'ReactionCount', 'reaction': {'_': 'ReactionEmoji', 'emoticon': '🔥'}, 'count': 2, 'chosen_order': None}], 'min': False, 'can_see_list': False, 'reactions_as_tags': False, 'recent_reactions': []}",[],
darkstore29,https://t.me/darkstore29,1358,2024-01-25 18:19:46,"Another kyc destroyer sold
successfully✅
Details:<PERSON>/DarkStore29/1124
Dm to buy @Darkstoreofficial✅

https://t.me/Darkstore_reviews",False,False,False,False,True,False,False,True,False,False,1841587281,,,,,,,5.012974550039768e+18,,4371.0,3.0,,2024-01-25T18:47:52+00:00,,,"{'_': 'MessageReactions', 'results': [{'_': 'ReactionCount', 'reaction': {'_': 'ReactionEmoji', 'emoticon': '🥰'}, 'count': 4, 'chosen_order': None}, {'_': 'ReactionCount', 'reaction': {'_': 'ReactionEmoji', 'emoticon': '👍'}, 'count': 1, 'chosen_order': None}], 'min': False, 'can_see_list': False, 'reactions_as_tags': False, 'recent_reactions': []}",[],
darkstore29,https://t.me/darkstore29,1359,2024-01-26 06:51:38,"OPSEC #1☄️
#botnets",False,False,False,False,True,False,False,True,False,False,1841587281,,,,,,,,,4178.0,8.0,,2024-01-26T07:48:15+00:00,,,"{'_': 'MessageReactions', 'results': [{'_': 'ReactionCount', 'reaction': {'_': 'ReactionEmoji', 'emoticon': '❤\u200d🔥'}, 'count': 11, 'chosen_order': None}, {'_': 'ReactionCount', 'reaction': {'_': 'ReactionEmoji', 'emoticon': '❤'}, 'count': 1, 'chosen_order': None}], 'min': False, 'can_see_list': False, 'reactions_as_tags': False, 'recent_reactions': []}",[],
darkstore29,https://t.me/darkstore29,1360,2024-01-27 22:50:37,"Malware Spreading Website Service - Automated Downloads - Crypto Site😈
Successfully sold to our old customer✅

Details: https://t.me/DarkStore29/1217

Dm to phurchase @Darkstoreofficial✅

<PERSON>: https://t.me/Darkstore_reviews",False,False,False,False,True,False,False,False,False,False,1841587281,,,,1217.0,False,False,5.02198473429678e+18,,4221.0,6.0,,2024-01-27T23:13:45+00:00,,,"{'_': 'MessageReactions', 'results': [{'_': 'ReactionCount', 'reaction': {'_': 'ReactionEmoji', 'emoticon': '❤\u200d🔥'}, 'count': 9, 'chosen_order': None}, {'_': 'ReactionCount', 'reaction': {'_': 'ReactionEmoji', 'emoticon': '😱'}, 'count': 2, 'chosen_order': None}, {'_': 'ReactionCount', 'reaction': {'_': 'ReactionEmoji', 'emoticon': '👍'}, 'count': 1, 'chosen_order': None}, {'_': 'ReactionCount', 'reaction': {'_': 'ReactionEmoji', 'emoticon': '🤝'}, 'count': 1, 'chosen_order': None}], 'min': False, 'can_see_list': False, 'reactions_as_tags': False, 'recent_reactions': []}",[],
darkstore29,https://t.me/darkstore29,1361,2024-01-27 23:03:39,"💳 STEAL PASSWORDS AND CREDIT CARDS,Crypto Wallets💰 From BROWSER WITH REDLINE STEALER🤑


🦋What is Redline Stealer ?

<PERSON> is a malware available on underground forums for sale.This malware harvests information from browsers such as saved credentials, autocomplete data, and credit card information. A system inventory is also taken when running on a target machine, to include details such as the username, location data, hardware configuration, and information regarding installed security software

If u wanna setup★ Read this⚡️ https://t.me/DarkStore29/1278",False,False,False,False,True,False,False,False,False,False,1841587281,,,,1278.0,False,False,5.021691117447523e+18,,4253.0,8.0,,2024-01-27T23:04:20+00:00,,,"{'_': 'MessageReactions', 'results': [{'_': 'ReactionCount', 'reaction': {'_': 'ReactionEmoji', 'emoticon': '❤'}, 'count': 15, 'chosen_order': None}, {'_': 'ReactionCount', 'reaction': {'_': 'ReactionEmoji', 'emoticon': '🥰'}, 'count': 1, 'chosen_order': None}], 'min': False, 'can_see_list': False, 'reactions_as_tags': False, 'recent_reactions': []}",[],
darkstore29,https://t.me/darkstore29,1362,2024-01-28 18:10:16,"How to Build Payload with Redline🔤

#Botnets
Botnets basics

Botnets are tools which creates a virus which can steal victim logs

We are going to use stealer botnet to obtain logs

Q) What is a stealer?
 A stealer is a sub category of botnet which focuses mainly in stealing data from victim browsers and saved information commonly known as logs.

#Botnets",False,False,False,False,True,False,False,True,False,False,1841587281,,,,,,,,,4258.0,25.0,,2024-01-28T18:10:56+00:00,,,"{'_': 'MessageReactions', 'results': [{'_': 'ReactionCount', 'reaction': {'_': 'ReactionEmoji', 'emoticon': '❤\u200d🔥'}, 'count': 15, 'chosen_order': None}, {'_': 'ReactionCount', 'reaction': {'_': 'ReactionEmoji', 'emoticon': '⚡'}, 'count': 2, 'chosen_order': None}, {'_': 'ReactionCount', 'reaction': {'_': 'ReactionEmoji', 'emoticon': '🔥'}, 'count': 2, 'chosen_order': None}, {'_': 'ReactionCount', 'reaction': {'_': 'ReactionEmoji', 'emoticon': '👍'}, 'count': 1, 'chosen_order': None}, {'_': 'ReactionCount', 'reaction': {'_': 'ReactionEmoji', 'emoticon': '❤'}, 'count': 1, 'chosen_order': None}], 'min': False, 'can_see_list': False, 'reactions_as_tags': False, 'recent_reactions': []}",[],
darkstore29,https://t.me/darkstore29,1363,2024-01-30 04:49:52,"💳CC APPLICATION TUTORIAL COMING UP FOR PREMIER CREDIT CARD⚡️


STAY TUNED ✅
⭐️⭐️⭐️⭐️⭐️⭐️",False,False,False,False,True,False,False,True,False,False,1841587281,,,,,,,,,4046.0,1.0,,2024-01-30T04:50:18+00:00,,,"{'_': 'MessageReactions', 'results': [{'_': 'ReactionCount', 'reaction': {'_': 'ReactionEmoji', 'emoticon': '❤\u200d🔥'}, 'count': 18, 'chosen_order': None}, {'_': 'ReactionCount', 'reaction': {'_': 'ReactionEmoji', 'emoticon': '👍'}, 'count': 2, 'chosen_order': None}, {'_': 'ReactionCount', 'reaction': {'_': 'ReactionEmoji', 'emoticon': '⚡'}, 'count': 2, 'chosen_order': None}, {'_': 'ReactionCount', 'reaction': {'_': 'ReactionEmoji', 'emoticon': '❤'}, 'count': 2, 'chosen_order': None}, {'_': 'ReactionCount', 'reaction': {'_': 'ReactionEmoji', 'emoticon': '😍'}, 'count': 2, 'chosen_order': None}], 'min': False, 'can_see_list': False, 'reactions_as_tags': False, 'recent_reactions': []}",[],
darkstore29,https://t.me/darkstore29,1364,2024-01-30 10:52:40,"✅✍️✍️✍️✍️✍️✍️✍️SETUP🧡
✅1x crypt 🧡
✅SMTP🧡
✅Email leads🧡
✅Bulletproof VPS🧡
128<PERSON>

Successfully 🔤🔤🔤🔤👌

Dm to @Darkstoreofficial✅
https://t.me/Darkstore_reviews
⭐️⭐️⭐️⭐️⭐️⭐️⭐️⭐️⭐️⭐️",False,False,False,False,True,False,False,True,False,False,1841587281,,,,,,,5.028725694057786e+18,,3861.0,3.0,,2024-01-30T10:53:32+00:00,,,"{'_': 'MessageReactions', 'results': [{'_': 'ReactionCount', 'reaction': {'_': 'ReactionEmoji', 'emoticon': '❤'}, 'count': 4, 'chosen_order': None}, {'_': 'ReactionCount', 'reaction': {'_': 'ReactionEmoji', 'emoticon': '🔥'}, 'count': 3, 'chosen_order': None}, {'_': 'ReactionCount', 'reaction': {'_': 'ReactionEmoji', 'emoticon': '👍'}, 'count': 1, 'chosen_order': None}], 'min': False, 'can_see_list': False, 'reactions_as_tags': False, 'recent_reactions': []}",[],
darkstore29,https://t.me/darkstore29,1365,2024-01-31 06:51:11,"✅✍️✍️✍️✍️✍️✍️✍️Setup successfullly provided 
To the 🔤🔤🔤🔤🔤✅
✅1x crypt 🧡
✅SMTP🧡
✅Email leads🧡
✅Bulletproof VPS🧡
128<PERSON>

Successfully 🔤🔤🔤🔤👌

Dm to @Darkstoreofficial✅",False,False,False,False,True,False,False,True,False,False,1841587281,,,,1364.0,False,False,5.030977493871472e+18,,4022.0,5.0,,2024-02-07T02:22:29+00:00,,,"{'_': 'MessageReactions', 'results': [{'_': 'ReactionCount', 'reaction': {'_': 'ReactionEmoji', 'emoticon': '👍'}, 'count': 1, 'chosen_order': None}], 'min': False, 'can_see_list': False, 'reactions_as_tags': False, 'recent_reactions': []}",[],
darkstore29,https://t.me/darkstore29,1366,2024-01-31 07:04:55,,False,False,False,False,True,False,False,False,False,False,1841587281,,,,,,,,,3975.0,5.0,,,,,,[],
darkstore29,https://t.me/darkstore29,1367,2024-01-31 07:05:36,CC APPLICATION TUTORIAL FOR PREMIER CREDIT CARD💳,False,False,False,False,True,False,False,True,False,False,1841587281,,,,,,,,,3926.0,6.0,,2024-01-31T07:53:26+00:00,,,"{'_': 'MessageReactions', 'results': [{'_': 'ReactionCount', 'reaction': {'_': 'ReactionEmoji', 'emoticon': '❤'}, 'count': 2, 'chosen_order': None}], 'min': False, 'can_see_list': False, 'reactions_as_tags': False, 'recent_reactions': []}",[],
darkstore29,https://t.me/darkstore29,1368,2024-01-31 07:07:36,APPLY FOR PREMIER 💳 CREDIT CARD💳,False,False,False,False,True,False,False,True,False,False,1841587281,,,,,,,5.030669128104521e+18,,1141.0,6.0,,2024-01-31T07:53:24+00:00,,1.3653478847318528e+16,"{'_': 'MessageReactions', 'results': [{'_': 'ReactionCount', 'reaction': {'_': 'ReactionEmoji', 'emoticon': '❤'}, 'count': 3, 'chosen_order': None}, {'_': 'ReactionCount', 'reaction': {'_': 'ReactionEmoji', 'emoticon': '😢'}, 'count': 1, 'chosen_order': None}], 'min': False, 'can_see_list': False, 'reactions_as_tags': False, 'recent_reactions': []}",[],
darkstore29,https://t.me/darkstore29,1369,2024-01-31 07:07:36,,False,False,False,False,True,False,False,False,False,False,1841587281,,,,,,,5.030669128104521e+18,,4019.0,6.0,,,,1.3653478847318528e+16,,[],
darkstore29,https://t.me/darkstore29,1370,2024-01-31 07:08:04,Apply🪪,False,False,False,False,True,False,False,True,False,False,1841587281,,,,,,,5.163619913766645e+18,,4100.0,8.0,,2024-01-31T07:53:20+00:00,,,"{'_': 'MessageReactions', 'results': [{'_': 'ReactionCount', 'reaction': {'_': 'ReactionEmoji', 'emoticon': '❤'}, 'count': 4, 'chosen_order': None}], 'min': False, 'can_see_list': False, 'reactions_as_tags': False, 'recent_reactions': []}",[],
darkstore29,https://t.me/darkstore29,1371,2024-01-31 21:48:21,Choose Any Card💳,False,False,False,False,True,False,False,True,False,False,1841587281,,,,,,,5.030561152626699e+18,,4043.0,6.0,,2024-01-31T21:54:36+00:00,,,"{'_': 'MessageReactions', 'results': [{'_': 'ReactionCount', 'reaction': {'_': 'ReactionEmoji', 'emoticon': '👍'}, 'count': 2, 'chosen_order': None}, {'_': 'ReactionCount', 'reaction': {'_': 'ReactionEmoji', 'emoticon': '❤'}, 'count': 1, 'chosen_order': None}], 'min': False, 'can_see_list': False, 'reactions_as_tags': False, 'recent_reactions': []}",[],
darkstore29,https://t.me/darkstore29,1372,2024-01-31 21:48:21,Input Fullz🪪,False,False,False,False,True,False,False,False,False,False,1841587281,,,,,,,5.030561152626699e+18,,4028.0,6.0,,,,,,[],
darkstore29,https://t.me/darkstore29,1373,2024-01-31 21:48:22,Make Sure You Check Fullz Address Well🪪,False,False,False,False,True,False,False,True,False,False,1841587281,,,,,,,5.030561152626699e+18,,4069.0,6.0,,2024-02-14T07:22:51+00:00,,,"{'_': 'MessageReactions', 'results': [{'_': 'ReactionCount', 'reaction': {'_': 'ReactionEmoji', 'emoticon': '👍'}, 'count': 1, 'chosen_order': None}], 'min': False, 'can_see_list': False, 'reactions_as_tags': False, 'recent_reactions': []}",[],
darkstore29,https://t.me/darkstore29,1374,2024-01-31 21:48:23,You can input same figures or inflate it,False,False,False,False,True,False,False,True,False,False,1841587281,,,,,,,5.163619913766645e+18,,4187.0,7.0,,2024-02-14T07:22:49+00:00,,,"{'_': 'MessageReactions', 'results': [{'_': 'ReactionCount', 'reaction': {'_': 'ReactionEmoji', 'emoticon': '👍'}, 'count': 1, 'chosen_order': None}], 'min': False, 'can_see_list': False, 'reactions_as_tags': False, 'recent_reactions': []}",[],
darkstore29,https://t.me/darkstore29,1375,2024-01-31 21:48:23,"Submit a Application After That✅

Work on it

God bless",False,False,False,False,True,False,False,True,False,False,1841587281,,,,,,,5.030561152626699e+18,,4301.0,7.0,,2024-02-14T07:22:46+00:00,,,"{'_': 'MessageReactions', 'results': [{'_': 'ReactionCount', 'reaction': {'_': 'ReactionEmoji', 'emoticon': '👍'}, 'count': 1, 'chosen_order': None}], 'min': False, 'can_see_list': False, 'reactions_as_tags': False, 'recent_reactions': []}",[],
darkstore29,https://t.me/darkstore29,1376,2024-02-01 05:43:57,"★Bypassing Selfie verification🔲

⭐️🤳LEARN HOW TO MAKE YOUR OWN ACCOUNTS🤳⭐️⭐️

Bypass Online KYC procedures from your Phone  Here is how we manage to take control over Revolut, Binance, Bunq, TikTok and Instagram in one go through OBS Studio!!


•This ebook included with tools:
⚡️ How to bypass ""Head rotation"" selfie verifications.
⚡️ How to bypass selfie liveliness verification.
⚡️ How to bypass phone KYC verifications (Mobile apps like cashapp❗️)

•This kind of information could be very useful if you planning to abuse referral schemes, promos or just trying to verify an account.❔

•Made a lot of money using this information and I hope you will to.

🌕E-book is 15 pages long and no bullshit and straight to the point.

You get 15000 real DLs all with front+back+selfie to use as a bonus📄

<PERSON> also get:
⚡️ Passports Templates from 53+ Countries
⚡️ Utility Bills from across 50+ Countries
⚡️ Huge US Bank Statements Compilation
FONTS
⚡️ US SSN Card Templates + Vehicle Registrations + DLs from All States + Contracts
Originals
⚡️ DLs from various countries.
REAL 15000(User submitted verifications), there's real SELFIE + FRONT AND BACK IDs for your everyday verifications

Price: $350( negotiable)
• work on revolut

Hit me up To buy🚀
➡️@Darkstoreofficial✅
🟠🟠🟠🟠🟠🟠🟠🟠",False,False,False,False,True,False,False,True,True,False,1841587281,,,,,,,,,16756.0,483.0,,2024-02-01T05:46:40+00:00,,,"{'_': 'MessageReactions', 'results': [{'_': 'ReactionCount', 'reaction': {'_': 'ReactionEmoji', 'emoticon': '❤\u200d🔥'}, 'count': 22, 'chosen_order': None}, {'_': 'ReactionCount', 'reaction': {'_': 'ReactionEmoji', 'emoticon': '👍'}, 'count': 3, 'chosen_order': None}, {'_': 'ReactionCount', 'reaction': {'_': 'ReactionEmoji', 'emoticon': '❤'}, 'count': 2, 'chosen_order': None}, {'_': 'ReactionCount', 'reaction': {'_': 'ReactionEmoji', 'emoticon': '🔥'}, 'count': 1, 'chosen_order': None}, {'_': 'ReactionCount', 'reaction': {'_': 'ReactionEmoji', 'emoticon': '👌'}, 'count': 1, 'chosen_order': None}], 'min': False, 'can_see_list': False, 'reactions_as_tags': False, 'recent_reactions': []}",[],
darkstore29,https://t.me/darkstore29,1377,2024-02-02 08:30:41,,False,False,False,True,True,,False,,,,1841587281,,,,1376.0,False,False,,,,,,,,,,,
darkstore29,https://t.me/darkstore29,1378,2024-02-03 09:21:16,"Successfully carded items for  our old customer✅

✅If anyone want to do long term business or anyone want any carding items they can dm us💗

➡️@Darkstoreofficial✅
⭐️⭐️⭐️⭐️⭐️⭐️⭐️⭐️⭐️

Proof of deals⬇️
 https://t.me/Darkstore_reviews

Details about carding service💳
https://t.me/DarkStore29/1352",False,False,False,False,True,False,False,False,False,False,1841587281,,,,1352.0,False,False,5.039880037658111e+18,,1403.0,9.0,,2024-02-03T09:24:37+00:00,,1.3655616612252488e+16,"{'_': 'MessageReactions', 'results': [{'_': 'ReactionCount', 'reaction': {'_': 'ReactionEmoji', 'emoticon': '❤'}, 'count': 12, 'chosen_order': None}, {'_': 'ReactionCount', 'reaction': {'_': 'ReactionEmoji', 'emoticon': '🆒'}, 'count': 3, 'chosen_order': None}, {'_': 'ReactionCount', 'reaction': {'_': 'ReactionEmoji', 'emoticon': '😱'}, 'count': 1, 'chosen_order': None}, {'_': 'ReactionCount', 'reaction': {'_': 'ReactionEmoji', 'emoticon': '👌'}, 'count': 1, 'chosen_order': None}, {'_': 'ReactionCount', 'reaction': {'_': 'ReactionEmoji', 'emoticon': '🤝'}, 'count': 1, 'chosen_order': None}], 'min': False, 'can_see_list': False, 'reactions_as_tags': False, 'recent_reactions': []}",[],
darkstore29,https://t.me/darkstore29,1379,2024-02-03 09:21:17,,False,False,False,False,True,False,False,False,False,False,1841587281,,,,1352.0,False,False,5.039880037658111e+18,,1516.0,8.0,,,,1.3655616612252488e+16,,[],
darkstore29,https://t.me/darkstore29,1380,2024-02-03 09:21:18,,False,False,False,False,True,False,False,False,False,False,1841587281,,,,1352.0,False,False,5.039880037658111e+18,,1541.0,8.0,,2024-02-03T10:19:58+00:00,,1.3655616612252488e+16,,[],
darkstore29,https://t.me/darkstore29,1381,2024-02-03 09:21:18,,False,False,False,False,True,False,False,False,False,False,1841587281,,,,1352.0,False,False,5.039880037658111e+18,,4330.0,8.0,,,,1.3655616612252488e+16,,[],
darkstore29,https://t.me/darkstore29,1383,2024-02-04 07:06:14,"💀-HOW TO SPAM CHECKS ( 2 Methods)✅

There are different types of spamming Google spamming

- Box Spamming (Email Spamming (also included Office 365 Business email spamming) (For
bank logs, crypto logs, edd logs)

- Website spamming
For spamming checks, we use “google spamming”.

There are two methods of spamming checks:
- Using Transit Code
- Tax Documents",False,False,False,False,True,False,False,True,False,False,1841587281,,"{'_': 'MessageFwdHeader', 'date': '2024-02-04T07:06:02+00:00', 'imported': False, 'saved_out': False, 'from_id': {'_': 'PeerChannel', 'channel_id': 2133506113}, 'from_name': None, 'channel_post': 64, 'post_author': None, 'saved_from_peer': None, 'saved_from_msg_id': None, 'saved_from_id': None, 'saved_from_name': None, 'saved_date': None, 'psa_type': None}",,,,,,,4167.0,28.0,,2024-02-04T07:08:42+00:00,,,"{'_': 'MessageReactions', 'results': [{'_': 'ReactionCount', 'reaction': {'_': 'ReactionEmoji', 'emoticon': '❤\u200d🔥'}, 'count': 11, 'chosen_order': None}, {'_': 'ReactionCount', 'reaction': {'_': 'ReactionEmoji', 'emoticon': '👍'}, 'count': 3, 'chosen_order': None}, {'_': 'ReactionCount', 'reaction': {'_': 'ReactionEmoji', 'emoticon': '🔥'}, 'count': 3, 'chosen_order': None}, {'_': 'ReactionCount', 'reaction': {'_': 'ReactionEmoji', 'emoticon': '⚡'}, 'count': 2, 'chosen_order': None}], 'min': False, 'can_see_list': False, 'reactions_as_tags': False, 'recent_reactions': []}",[],
darkstore29,https://t.me/darkstore29,1384,2024-02-05 05:35:51,"✔️ HACK BANK ACCOUNTS USING MALWARES PREMIUM CLASSES -Successfully sold✅

Satisfied customer & happy to work with us long term business💀

Course details:💗 https://t.me/c/<PHONE_NUMBER>/380

<NRP>️Reviews: https://t.me/Darkstore_reviews

💀To enroll this 🔤🔤🔤🔤🔤 Session 

🚀Dm to @Rolex_Official37✅
⭐️⭐️⭐️⭐️⭐️⭐️⭐️⭐️⭐️⭐️

✅Our private Tutorial channel link https://t.me/+gFYoDzI365M1Njc1",False,False,False,False,True,False,False,False,False,False,1841587281,,,,,,,5.04421970267876e+18,,1413.0,4.0,,2024-02-05T05:41:45+00:00,,1.3656890807518888e+16,"{'_': 'MessageReactions', 'results': [{'_': 'ReactionCount', 'reaction': {'_': 'ReactionEmoji', 'emoticon': '❤\u200d🔥'}, 'count': 14, 'chosen_order': None}, {'_': 'ReactionCount', 'reaction': {'_': 'ReactionEmoji', 'emoticon': '⚡'}, 'count': 2, 'chosen_order': None}, {'_': 'ReactionCount', 'reaction': {'_': 'ReactionEmoji', 'emoticon': '❤'}, 'count': 2, 'chosen_order': None}, {'_': 'ReactionCount', 'reaction': {'_': 'ReactionEmoji', 'emoticon': '🤝'}, 'count': 1, 'chosen_order': None}], 'min': False, 'can_see_list': False, 'reactions_as_tags': False, 'recent_reactions': []}",[],
darkstore29,https://t.me/darkstore29,1385,2024-02-05 05:35:51,,False,False,False,False,True,False,False,False,False,False,1841587281,,,,,,,5.04421970267876e+18,,4254.0,5.0,,,,1.3656890807518888e+16,,[],
darkstore29,https://t.me/darkstore29,1386,2024-02-06 20:35:32,"CAPITAL ONE CARD💳 REGISTRATION 
Explanation, strategy and how to cashout in private channel
https://t.me/+gFYoDzI365M1Njc1

TUT BY DarkStore2.0 <DATE_TIME>",False,False,False,False,True,False,False,True,False,False,1841587281,,"{'_': 'MessageFwdHeader', 'date': '2024-02-06T20:35:18+00:00', 'imported': False, 'saved_out': False, 'from_id': {'_': 'PeerChannel', 'channel_id': 1620764878}, 'from_name': None, 'channel_post': 385, 'post_author': None, 'saved_from_peer': None, 'saved_from_msg_id': None, 'saved_from_id': None, 'saved_from_name': None, 'saved_date': None, 'psa_type': None}",,,,,,,4048.0,17.0,,2024-02-06T20:37:21+00:00,,,"{'_': 'MessageReactions', 'results': [{'_': 'ReactionCount', 'reaction': {'_': 'ReactionEmoji', 'emoticon': '❤\u200d🔥'}, 'count': 15, 'chosen_order': None}, {'_': 'ReactionCount', 'reaction': {'_': 'ReactionEmoji', 'emoticon': '⚡'}, 'count': 3, 'chosen_order': None}, {'_': 'ReactionCount', 'reaction': {'_': 'ReactionEmoji', 'emoticon': '👍'}, 'count': 1, 'chosen_order': None}, {'_': 'ReactionCount', 'reaction': {'_': 'ReactionEmoji', 'emoticon': '🔥'}, 'count': 1, 'chosen_order': None}], 'min': False, 'can_see_list': False, 'reactions_as_tags': False, 'recent_reactions': []}",[],
darkstore29,https://t.me/darkstore29,1387,2024-02-08 06:26:08,"Successfully delivered✅

@Darkstoreofficial✅
⭐️⭐️⭐️⭐️⭐️⭐️⭐️",False,False,False,False,True,False,False,False,False,False,1841587281,,,,1352.0,False,False,6.208666627470377e+18,,1148.0,1.0,,2024-02-08T06:27:39+00:00,,1.365898854521554e+16,"{'_': 'MessageReactions', 'results': [{'_': 'ReactionCount', 'reaction': {'_': 'ReactionEmoji', 'emoticon': '❤'}, 'count': 5, 'chosen_order': None}, {'_': 'ReactionCount', 'reaction': {'_': 'ReactionEmoji', 'emoticon': '🔥'}, 'count': 2, 'chosen_order': None}, {'_': 'ReactionCount', 'reaction': {'_': 'ReactionEmoji', 'emoticon': '👌'}, 'count': 1, 'chosen_order': None}], 'min': False, 'can_see_list': False, 'reactions_as_tags': False, 'recent_reactions': []}",[],
darkstore29,https://t.me/darkstore29,1388,2024-02-08 06:26:08,,False,False,False,False,True,False,False,False,False,False,1841587281,,,,1352.0,False,False,6.208666627470377e+18,,3985.0,1.0,,,,1.365898854521554e+16,,[],
darkstore29,https://t.me/darkstore29,1389,2024-02-08 06:31:15,"🔤🔤🔤🔤🔤🔤🔤 🔤🔤🔤 
Hello friends! We make capital one credit cards for sale! 💳

BAL 15000=1200$
BAL 12000=1100$
BAL 10000=1000$
BAL 9000=900$
BAL 8000=800$
BAL 6000=600$
BAL 5000=500$
BAL 4000=400$
BAL 3000=350$
BAL 2000=300$
BAL 1000=250$

make a pre-order and we will do it for you, because there is a queue for some balances and you may not wait for the cards to be in stock

🔤🔤🔤 ➡️@Darkstoreofficial✅
⭐️⭐️⭐️⭐️⭐️⭐️⭐️⭐️⭐️⭐️⭐️",False,False,False,False,True,False,False,False,False,False,1841587281,,,,,,,5.055487562264718e+18,,19300.0,386.0,,2024-02-08T06:33:40+00:00,,,"{'_': 'MessageReactions', 'results': [{'_': 'ReactionCount', 'reaction': {'_': 'ReactionEmoji', 'emoticon': '❤'}, 'count': 13, 'chosen_order': None}, {'_': 'ReactionCount', 'reaction': {'_': 'ReactionEmoji', 'emoticon': '👍'}, 'count': 2, 'chosen_order': None}, {'_': 'ReactionCount', 'reaction': {'_': 'ReactionEmoji', 'emoticon': '😱'}, 'count': 2, 'chosen_order': None}], 'min': False, 'can_see_list': False, 'reactions_as_tags': False, 'recent_reactions': []}",[],
darkstore29,https://t.me/darkstore29,1390,2024-02-09 08:45:42,"🛡 Defeat-Defender 🛡

Defeat Defender is a powerful python script to disable windows defender, firewall, smart screen and execute the payload.

Usage :

Edit Defeat-Defender.py on line number 42 and replace the direct url of your payload

Run the script ""Defeat-Defender.py"" . It will ask for Admin Permission.If permission Granted The script will work Silently without console windows...

After it got admin permission it will disable defender

<NRP> Features :

▪️PUAProtection
▪️Automatic Sample Submission
▪️Windows FireWall
▪️Windows Smart Screen(Permanently)
▪️Disable <NRP>
▪<NRP> exe file to exclusions in defender settings
▪️Disable Ransomware Protection

⚙️ Compile To EXE

To compile the script to exe install pyinstaller :

py -m pip install pyinstaller

pyinstaller --clean --onefile --console --icon=""icon"" Defeat-Defender.py

Icon must be a icon in your path for example antivirus.ico and then you replace it like this :

pyinstaller --clean --onefile --console --icon=""antivirus.ico"" Defeat-Defender.py

ℹ️ <PERSON> :

Recently Windows Introduced new Feature called ""Tamper Protection"".

Which Prevents the disable of real-time protection and modifying defender registry keys using powershell or cmd...If you need to disable real-time protection you need to do manually....But i have done some trick to run our payload without triggering defender even ""real-time protection"" turned on

🔗 Link : https://github.com/alikaptanoglu/Defeat-Defender-Python-Version-",False,False,False,False,True,False,False,False,False,False,1841587281,,,,,,,5.057739362078404e+18,,4050.0,29.0,,2024-02-09T08:49:26+00:00,,,"{'_': 'MessageReactions', 'results': [{'_': 'ReactionCount', 'reaction': {'_': 'ReactionEmoji', 'emoticon': '🔥'}, 'count': 7, 'chosen_order': None}, {'_': 'ReactionCount', 'reaction': {'_': 'ReactionEmoji', 'emoticon': '👍'}, 'count': 3, 'chosen_order': None}, {'_': 'ReactionCount', 'reaction': {'_': 'ReactionEmoji', 'emoticon': '❤'}, 'count': 1, 'chosen_order': None}], 'min': False, 'can_see_list': False, 'reactions_as_tags': False, 'recent_reactions': []}",[],
darkstore29,https://t.me/darkstore29,1391,2024-02-10 15:59:29,"🚨 PRO TIP: If you accidently clicked on a virus file and your windows defender was on 

You can do this
🚀Channel:
https://t.me/Darkstore_reviews
https://t.me/DarkStore29",False,False,False,False,True,False,False,True,False,False,1841587281,,,,,,,6.111477311472777e+18,,4146.0,3.0,,2024-02-10T16:59:26+00:00,,,"{'_': 'MessageReactions', 'results': [{'_': 'ReactionCount', 'reaction': {'_': 'ReactionEmoji', 'emoticon': '❤'}, 'count': 8, 'chosen_order': None}], 'min': False, 'can_see_list': False, 'reactions_as_tags': False, 'recent_reactions': []}",[],
darkstore29,https://t.me/darkstore29,1392,2024-02-12 09:20:41,,False,False,False,False,True,False,False,False,False,False,1841587281,,,,,,,,,3864.0,5.0,,,,,,[],
darkstore29,https://t.me/darkstore29,1393,2024-02-12 09:22:17,How to check if CC is dead or live💳,False,False,False,False,True,False,False,True,False,False,1841587281,,,,,,,,,3811.0,13.0,,2024-02-12T09:22:41+00:00,,,"{'_': 'MessageReactions', 'results': [{'_': 'ReactionCount', 'reaction': {'_': 'ReactionEmoji', 'emoticon': '❤'}, 'count': 15, 'chosen_order': None}], 'min': False, 'can_see_list': False, 'reactions_as_tags': False, 'recent_reactions': []}",[],
darkstore29,https://t.me/darkstore29,1394,2024-02-12 09:22:47,First and foremost.... It very important. Put on your vpn,False,False,False,False,True,False,False,False,False,False,1841587281,,,,,,,5.066575905102605e+18,,3896.0,17.0,,2024-02-14T07:22:11+00:00,,,"{'_': 'MessageReactions', 'results': [{'_': 'ReactionCount', 'reaction': {'_': 'ReactionEmoji', 'emoticon': '👍'}, 'count': 1, 'chosen_order': None}, {'_': 'ReactionCount', 'reaction': {'_': 'ReactionEmoji', 'emoticon': '❤'}, 'count': 1, 'chosen_order': None}], 'min': False, 'can_see_list': False, 'reactions_as_tags': False, 'recent_reactions': []}",[],
darkstore29,https://t.me/darkstore29,1395,2024-02-12 09:22:48,Go to cigarauctioneer.com,False,False,False,False,True,False,False,False,False,False,1841587281,,,,,,,,,3813.0,19.0,,,,,,[],
darkstore29,https://t.me/darkstore29,1396,2024-02-12 09:24:15,Sign Up or sign in,False,False,False,False,True,False,False,True,False,False,1841587281,,,,,,,5.067025467919412e+18,,962.0,15.0,,2024-02-14T07:22:09+00:00,,1.366183884461028e+16,"{'_': 'MessageReactions', 'results': [{'_': 'ReactionCount', 'reaction': {'_': 'ReactionEmoji', 'emoticon': '👍'}, 'count': 2, 'chosen_order': None}], 'min': False, 'can_see_list': False, 'reactions_as_tags': False, 'recent_reactions': []}",[],
darkstore29,https://t.me/darkstore29,1397,2024-02-12 09:24:16,,False,False,False,False,True,False,False,False,False,False,1841587281,,,,,,,5.067025467919412e+18,,3798.0,16.0,,,,1.366183884461028e+16,,[],
darkstore29,https://t.me/darkstore29,1398,2024-02-12 09:25:10,•When you login... Go to >My account  then a drop down infos will appear.. click >My credit cards.💳,False,False,False,False,True,False,False,True,False,False,1841587281,,,,,,,5.066586161484508e+18,,3816.0,18.0,,2024-02-12T12:38:32+00:00,,,"{'_': 'MessageReactions', 'results': [{'_': 'ReactionCount', 'reaction': {'_': 'ReactionEmoji', 'emoticon': '👍'}, 'count': 1, 'chosen_order': None}], 'min': False, 'can_see_list': False, 'reactions_as_tags': False, 'recent_reactions': []}",[],
darkstore29,https://t.me/darkstore29,1399,2024-02-12 09:25:35,•This is how it looks 👀 like,False,False,False,False,True,False,False,True,False,False,1841587281,,,,,,,5.855155604572714e+18,,3824.0,17.0,,2024-02-14T07:22:02+00:00,,,"{'_': 'MessageReactions', 'results': [{'_': 'ReactionCount', 'reaction': {'_': 'ReactionEmoji', 'emoticon': '👍'}, 'count': 1, 'chosen_order': None}, {'_': 'ReactionCount', 'reaction': {'_': 'ReactionEmoji', 'emoticon': '🔥'}, 'count': 1, 'chosen_order': None}], 'min': False, 'can_see_list': False, 'reactions_as_tags': False, 'recent_reactions': []}",[],
darkstore29,https://t.me/darkstore29,1400,2024-02-12 09:26:03,"•This is how to <PERSON> if your credit cards is live or not. Once u add the card number, exp date & cvv.. then u click (add this card).. if the card didn’t add just <PERSON> the cc is not live and u can’t use it. But if it adds you’re good to go🥰😎",False,False,False,False,True,False,False,True,False,False,1841587281,,,,,,,5.855155604572714e+18,,3904.0,20.0,,2024-02-14T07:21:57+00:00,,,"{'_': 'MessageReactions', 'results': [{'_': 'ReactionCount', 'reaction': {'_': 'ReactionEmoji', 'emoticon': '👍'}, 'count': 2, 'chosen_order': None}], 'min': False, 'can_see_list': False, 'reactions_as_tags': False, 'recent_reactions': []}",[],
darkstore29,https://t.me/darkstore29,1401,2024-02-12 09:27:01,This is an example of it.. the cc i added was live and valid,False,False,False,False,True,False,False,True,False,False,1841587281,,,,,,,5.067025467919412e+18,,4026.0,14.0,,2024-02-14T07:21:55+00:00,,,"{'_': 'MessageReactions', 'results': [{'_': 'ReactionCount', 'reaction': {'_': 'ReactionEmoji', 'emoticon': '👍'}, 'count': 1, 'chosen_order': None}], 'min': False, 'can_see_list': False, 'reactions_as_tags': False, 'recent_reactions': []}",[],
darkstore29,https://t.me/darkstore29,1402,2024-02-12 09:29:09,"If your cc is dead it show this And you can't use it again

Enjoy Y'all 😎",False,False,False,False,True,False,False,True,False,False,1841587281,,,,,,,5.067025467919412e+18,,4126.0,16.0,,2024-02-12T11:09:27+00:00,,,"{'_': 'MessageReactions', 'results': [{'_': 'ReactionCount', 'reaction': {'_': 'ReactionEmoji', 'emoticon': '👍'}, 'count': 6, 'chosen_order': None}], 'min': False, 'can_see_list': False, 'reactions_as_tags': False, 'recent_reactions': []}",[],
darkstore29,https://t.me/darkstore29,1403,2024-02-13 07:07:38,"One more successful deal✅
Dm @Darkstoreofficial✅",False,False,False,False,True,False,False,True,False,False,1841587281,,,,,,,5.071469573659799e+18,,4095.0,1.0,,2024-02-13T07:08:52+00:00,,,"{'_': 'MessageReactions', 'results': [{'_': 'ReactionCount', 'reaction': {'_': 'ReactionEmoji', 'emoticon': '❤'}, 'count': 11, 'chosen_order': None}, {'_': 'ReactionCount', 'reaction': {'_': 'ReactionEmoji', 'emoticon': '😇'}, 'count': 1, 'chosen_order': None}], 'min': False, 'can_see_list': False, 'reactions_as_tags': False, 'recent_reactions': []}",[],
darkstore29,https://t.me/darkstore29,1404,2024-02-14 19:12:27,DTOBPAGES MCAFEE LANDING PAGE <DATE_TIME> Setup For Spreading malware,False,False,False,False,True,False,False,False,False,False,1841587281,,,,,,,,,3905.0,15.0,,2024-02-14T19:13:11+00:00,,,"{'_': 'MessageReactions', 'results': [{'_': 'ReactionCount', 'reaction': {'_': 'ReactionEmoji', 'emoticon': '❤'}, 'count': 14, 'chosen_order': None}, {'_': 'ReactionCount', 'reaction': {'_': 'ReactionEmoji', 'emoticon': '🔥'}, 'count': 3, 'chosen_order': None}, {'_': 'ReactionCount', 'reaction': {'_': 'ReactionEmoji', 'emoticon': '⚡'}, 'count': 2, 'chosen_order': None}], 'min': False, 'can_see_list': False, 'reactions_as_tags': False, 'recent_reactions': []}",[],
darkstore29,https://t.me/darkstore29,1405,2024-02-15 09:16:45,,False,False,False,False,True,False,False,True,False,False,1841587281,,,,,,,,,3916.0,2.0,,2024-02-15T09:18:51+00:00,,,"{'_': 'MessageReactions', 'results': [{'_': 'ReactionCount', 'reaction': {'_': 'ReactionEmoji', 'emoticon': '❤'}, 'count': 5, 'chosen_order': None}, {'_': 'ReactionCount', 'reaction': {'_': 'ReactionEmoji', 'emoticon': '👍'}, 'count': 1, 'chosen_order': None}], 'min': False, 'can_see_list': False, 'reactions_as_tags': False, 'recent_reactions': []}",[],
darkstore29,https://t.me/darkstore29,1406,2024-02-16 05:16:27,"⚠️⚠️⚠️⚠️⚠️📡
50℅ Off Flash Sale Offer💗

@Darkstoreofficial💲

1.Bypassing Selfie verification🔲
⭐️🤳LEARN HOW TO MAKE YOUR OWN ACCOUNTS
Details:https://t.me/DarkStore29/1376
Daily price: 350$❌
Offer price: 175$✅

2.3×Combo pack offer🌟
Details: https://t.me/DarkStore29/884

📌Daily price: 60$😀
Offer price 25$✅

3.Black Hat Crypto Wallet Cracking Course💰
Details: https://t.me/DarkStore29/971

Daily price: 160$😀
Offer price: 80$✅

4.Botnet Course 8️⃣
Details: https://t.me/DarkStore29/1065

Daily price: 300❌
Offer price 150$✅

5:Cashout special Course Pre-recorded classes💰💰😀
Details: https://t.me/DarkStore29/1074

Daily price: 150❌
Offer price: 75$✅

6. 👑vip 2.0 Group lifetime😎
Details: https://t.me/DarkStore29/1099

Daily Price: 100$❌
Offer price: 50$✅


7:KYC DESTROYER V2 LEARN HOW TO BYPASS ALL KINDS OF KYC VERIFICATIONS THE EASY WAY✅
Details: https://t.me/DarkStore29/1124

Daily price: 50❌
Offer price: 25✅

8.Facebook ads logs checker 
https://t.me/DarkStore29/1130

Daily price: 70$❌
Offer price:35$✅

9: silent link exploit <DATE_TIME>
https://t.me/DarkStore29/862

Daily price: 150$❌
Offer price:75$✅

📌Mega pack💗

📌10: Our all course + including kyc + including All tools, vip group Access😒
Details:https://t.me/DarkStore29/1230
Daily price: 600$❌
Offer price:300$✅

Dm Fast before offer ends<PERSON>️@Darkstoreofficial💲

⭐️⭐️⭐️⭐️⭐️⭐️⭐️⭐️<NRP>",False,False,False,False,True,False,False,True,True,False,1841587281,,,,1405.0,False,False,5.078162455556894e+18,,3943.0,23.0,,2024-02-16T05:17:28+00:00,,,"{'_': 'MessageReactions', 'results': [{'_': 'ReactionCount', 'reaction': {'_': 'ReactionEmoji', 'emoticon': '❤'}, 'count': 22, 'chosen_order': None}, {'_': 'ReactionCount', 'reaction': {'_': 'ReactionEmoji', 'emoticon': '👍'}, 'count': 2, 'chosen_order': None}, {'_': 'ReactionCount', 'reaction': {'_': 'ReactionEmoji', 'emoticon': '🔥'}, 'count': 1, 'chosen_order': None}], 'min': False, 'can_see_list': False, 'reactions_as_tags': False, 'recent_reactions': []}",[],
darkstore29,https://t.me/darkstore29,1407,2024-02-16 05:22:57,"Kyc destroyer successfully Sold <DATE_TIME> in 50$  now 25$✅

<PERSON>",False,False,False,False,True,False,False,False,False,False,1841587281,,,,,,,5.078162455556894e+18,,3923.0,4.0,,2024-02-16T05:34:26+00:00,,,"{'_': 'MessageReactions', 'results': [{'_': 'ReactionCount', 'reaction': {'_': 'ReactionEmoji', 'emoticon': '❤'}, 'count': 9, 'chosen_order': None}], 'min': False, 'can_see_list': False, 'reactions_as_tags': False, 'recent_reactions': []}",[],
darkstore29,https://t.me/darkstore29,1408,2024-02-16 22:40:12,"SUCCESSFULLY 3X Sold✅

 Bypassing Selfie verification🔲
⭐️🤳LEARN HOW TO MAKE YOUR OWN ACCOUNTS
Details:https://t.me/DarkStore29/1376

<PERSON>",False,False,False,False,True,False,False,False,False,False,1841587281,,,,,,,5.080379573509664e+18,,994.0,12.0,,2024-02-16T22:41:52+00:00,,1.366498569786388e+16,"{'_': 'MessageReactions', 'results': [{'_': 'ReactionCount', 'reaction': {'_': 'ReactionEmoji', 'emoticon': '❤\u200d🔥'}, 'count': 15, 'chosen_order': None}, {'_': 'ReactionCount', 'reaction': {'_': 'ReactionEmoji', 'emoticon': '❤'}, 'count': 1, 'chosen_order': None}], 'min': False, 'can_see_list': False, 'reactions_as_tags': False, 'recent_reactions': []}",[],
darkstore29,https://t.me/darkstore29,1409,2024-02-16 22:40:13,,False,False,False,False,True,False,False,False,False,False,1841587281,,,,,,,5.078089990868677e+18,,999.0,12.0,,,,1.366498569786388e+16,,[],
darkstore29,https://t.me/darkstore29,1410,2024-02-16 22:40:13,,False,False,False,False,True,False,False,False,False,False,1841587281,,,,,,,5.078089990868677e+18,,997.0,12.0,,,,1.366498569786388e+16,,[],
darkstore29,https://t.me/darkstore29,1411,2024-02-16 22:40:14,,False,False,False,False,True,False,False,False,False,False,1841587281,,,,,,,5.078089990868677e+18,,1095.0,12.0,,,,1.366498569786388e+16,,[],
darkstore29,https://t.me/darkstore29,1412,2024-02-16 22:40:15,,False,False,False,False,True,False,False,False,False,False,1841587281,,,,,,,5.078089990868677e+18,,1122.0,12.0,,,,1.366498569786388e+16,,[],
darkstore29,https://t.me/darkstore29,1413,2024-02-16 22:40:16,,False,False,False,False,True,False,False,False,False,False,1841587281,,,,,,,5.080618738763543e+18,,3995.0,12.0,,,,1.366498569786388e+16,,[],
darkstore29,https://t.me/darkstore29,1415,2024-02-16 22:53:37,"[ Webmail Cracking Method ]

==========================

The tool consists of the Checker interface and the Converter

The Converter interface is intended for sorting the list before working with the Checker, removing duplicates, and so on

=========================",False,False,False,False,True,False,False,True,False,False,1841587281,,,,,,,,,4090.0,30.0,,2024-02-16T22:53:40+00:00,,,"{'_': 'MessageReactions', 'results': [{'_': 'ReactionCount', 'reaction': {'_': 'ReactionEmoji', 'emoticon': '❤\u200d🔥'}, 'count': 16, 'chosen_order': None}, {'_': 'ReactionCount', 'reaction': {'_': 'ReactionEmoji', 'emoticon': '⚡'}, 'count': 3, 'chosen_order': None}, {'_': 'ReactionCount', 'reaction': {'_': 'ReactionEmoji', 'emoticon': '🔥'}, 'count': 3, 'chosen_order': None}], 'min': False, 'can_see_list': False, 'reactions_as_tags': False, 'recent_reactions': []}",[],
darkstore29,https://t.me/darkstore29,1416,2024-02-16 22:53:37,,False,False,False,False,True,False,False,True,False,False,1841587281,,,,,,,,,4072.0,32.0,,2024-02-16T22:53:43+00:00,,,"{'_': 'MessageReactions', 'results': [{'_': 'ReactionCount', 'reaction': {'_': 'ReactionEmoji', 'emoticon': '🔥'}, 'count': 2, 'chosen_order': None}], 'min': False, 'can_see_list': False, 'reactions_as_tags': False, 'recent_reactions': []}",[],
darkstore29,https://t.me/darkstore29,1417,2024-02-17 08:53:30,,False,False,False,True,True,,False,,,,1841587281,,,,1408.0,False,False,,,,,,,,,,,
darkstore29,https://t.me/darkstore29,1418,2024-02-17 08:53:40,,False,False,False,True,True,,False,,,,1841587281,,,,1406.0,False,False,,,,,,,,,,,
darkstore29,https://t.me/darkstore29,1419,2024-02-19 19:39:44,"VENNMO & BANK LOG CASHOUT TUTORIAL💰

ACH processes take 3-5 solid days to complete transfer.
Within <DATE_TIME>, chargedback would have occurred or probably some part of the transfer would cause alert and would require Drivers ID or passport 
which you dont have. that is a slackback.

Such a shitload of crap makes you waste your time, bandwidth and live with luck.

This method makes chargeback occur after you have finished spending your money.

This method allows a third party cashout to be involve instead of it being a direct transfer.
And transfer is within <DATE_TIME>.

Bank logs come in the form
name: Scarletta Scarletta
Acc : 030002020145XXXXXXXXXXXX
Routing: 12045XXXXXX
Bank name: Bank of .....
<PERSON> 24 3653
dob: 53/89/1960

Then maybe additional will be
state, City, email and pass but most importantly when your plug has cookies get that as well.

1. You will go to card.com and get a prepaid card with checking acc using the bank logs.
That will take <DATE_TIME> for u to activate the card but u can deposit after registration success.
And as far as you have not caused any changes in the account, the owner will not be notified.

2. Go to venmo and register an acc with the prepaid account details.
verify the venmo acc with the ssn and dob etc..

3.After a day, add the prepaid acc to your venmo acc and verify it. Add the bank log details to the venmo acc and verify it.

<DATE_TIME> gone.

4. On <DATE_TIME>, load less than $11,000 in your venmo balance.

5. On <DATE_TIME>, cashout less than $10000 into your prepaid acc.
the money is yours. fuck with it.

6. The mail containing the card would have reached your drop.
Activate it online and cashout immediately.

Warning. ⚠️
1. Prepaid cards take only $10,000 and less.
If more than $10000, it will be returned into your venmo balance.

2.Transfer money <DATE_TIME> after you load it.

3. There should be a name,ssn, dob, and socks match between
the prepaid acc, venmo acc and the bank logs.

4.Dont cashout everything from venmo balance be wise bros",False,False,False,False,True,False,False,True,False,False,1841587281,,,,,,,5.080336516462521e+18,,3765.0,19.0,,2024-02-19T19:40:27+00:00,,,"{'_': 'MessageReactions', 'results': [{'_': 'ReactionCount', 'reaction': {'_': 'ReactionEmoji', 'emoticon': '❤'}, 'count': 6, 'chosen_order': None}, {'_': 'ReactionCount', 'reaction': {'_': 'ReactionEmoji', 'emoticon': '👍'}, 'count': 5, 'chosen_order': None}, {'_': 'ReactionCount', 'reaction': {'_': 'ReactionEmoji', 'emoticon': '⚡'}, 'count': 1, 'chosen_order': None}], 'min': False, 'can_see_list': False, 'reactions_as_tags': False, 'recent_reactions': []}",[],
darkstore29,https://t.me/darkstore29,1422,2024-02-20 22:42:47,"⭐️✅Create Your Own Temporary Email Generator Website - Just Like Temp Mail!👨‍💻📧

🌐 Explore the world of temporary emails with this step-by-step guide to building your website.

👨‍🚀 Requirements:
- 🌐 Domain
- 🌀 Hosting (Try BlueHost)
- ⚙️ Trash Mails Script (Download link below)
- ⏳ A little time
- 🌱 Patience

🚀Join our private channel  https://t.me/+gFYoDzI365M1Njc1",False,False,False,False,True,False,False,False,False,False,1841587281,,,,,,,,,3741.0,16.0,,2024-02-20T22:50:03+00:00,,,"{'_': 'MessageReactions', 'results': [{'_': 'ReactionCount', 'reaction': {'_': 'ReactionEmoji', 'emoticon': '❤\u200d🔥'}, 'count': 10, 'chosen_order': None}, {'_': 'ReactionCount', 'reaction': {'_': 'ReactionEmoji', 'emoticon': '⚡'}, 'count': 2, 'chosen_order': None}, {'_': 'ReactionCount', 'reaction': {'_': 'ReactionEmoji', 'emoticon': '❤'}, 'count': 2, 'chosen_order': None}], 'min': False, 'can_see_list': False, 'reactions_as_tags': False, 'recent_reactions': []}",[],
darkstore29,https://t.me/darkstore29,1423,2024-02-21 20:13:14,"If someone edits your photo with AI or Photoshop to create a nude photo, then you go to https://www.stopncii.org/ and submit the original photo and the edited photo, then they will remove the edited photo from all the places on the Internet. You don't need to talk directly to anyone for this. Your identity will remain confidential.

If someone has made your picture viral like this, immediately inform the cyber security team, file a case with them and take immediate action.",False,False,False,False,True,False,False,True,False,False,1841587281,,,,,,,6.246826243664231e+18,,3615.0,22.0,,2024-02-21T20:13:48+00:00,,,"{'_': 'MessageReactions', 'results': [{'_': 'ReactionCount', 'reaction': {'_': 'ReactionEmoji', 'emoticon': '❤'}, 'count': 22, 'chosen_order': None}, {'_': 'ReactionCount', 'reaction': {'_': 'ReactionEmoji', 'emoticon': '🤝'}, 'count': 6, 'chosen_order': None}], 'min': False, 'can_see_list': False, 'reactions_as_tags': False, 'recent_reactions': []}",[],
darkstore29,https://t.me/darkstore29,1424,2024-02-22 07:23:45,"This offer will end on <DATE_TIME>
Don't miss the chance⚡️

<PERSON>💲",False,False,False,False,True,False,False,True,False,False,1841587281,,,,1406.0,False,False,,,3504.0,5.0,,2024-02-22T07:24:22+00:00,,,"{'_': 'MessageReactions', 'results': [{'_': 'ReactionCount', 'reaction': {'_': 'ReactionEmoji', 'emoticon': '😢'}, 'count': 4, 'chosen_order': None}, {'_': 'ReactionCount', 'reaction': {'_': 'ReactionEmoji', 'emoticon': '🙏'}, 'count': 1, 'chosen_order': None}], 'min': False, 'can_see_list': False, 'reactions_as_tags': False, 'recent_reactions': []}",[],
darkstore29,https://t.me/darkstore29,1425,2024-02-24 07:28:27,"Another sold of mega pack ✅
Our all <PERSON> All tools,vip group Access⚡️

<PERSON> ends on 26feb💲",False,False,False,False,True,False,False,False,False,False,1841587281,,,,,,,5.102715800040615e+18,,472.0,0.0,,2024-02-24T07:31:16+00:00,,1.3670077660830936e+16,"{'_': 'MessageReactions', 'results': [{'_': 'ReactionCount', 'reaction': {'_': 'ReactionEmoji', 'emoticon': '❤\u200d🔥'}, 'count': 10, 'chosen_order': None}, {'_': 'ReactionCount', 'reaction': {'_': 'ReactionEmoji', 'emoticon': '⚡'}, 'count': 1, 'chosen_order': None}, {'_': 'ReactionCount', 'reaction': {'_': 'ReactionEmoji', 'emoticon': '😱'}, 'count': 1, 'chosen_order': None}], 'min': False, 'can_see_list': False, 'reactions_as_tags': False, 'recent_reactions': []}",[],
darkstore29,https://t.me/darkstore29,1426,2024-02-24 07:28:28,,False,False,False,False,True,False,False,False,False,False,1841587281,,,,,,,5.102715800040615e+18,,3376.0,1.0,,,,1.3670077660830936e+16,,[],
darkstore29,https://t.me/darkstore29,1427,2024-02-24 08:40:16,"🇺🇸Cia + <NRP> random databases has been leaked 

files: 400Mb
kompres file: 270Mb
Type: All Type zip, pdf, xlxs, txt, doc
country: 🇺🇸",False,False,False,False,True,False,False,True,False,False,1841587281,,,,,,,6.185975074000059e+18,,3386.0,11.0,,2024-02-24T13:00:10+00:00,,,"{'_': 'MessageReactions', 'results': [{'_': 'ReactionCount', 'reaction': {'_': 'ReactionEmoji', 'emoticon': '🔥'}, 'count': 4, 'chosen_order': None}], 'min': False, 'can_see_list': False, 'reactions_as_tags': False, 'recent_reactions': []}",[],
darkstore29,https://t.me/darkstore29,1428,2024-02-24 08:40:16,,False,False,False,False,True,False,False,False,False,False,1841587281,,,,,,,,,3413.0,33.0,,,,,,[],
darkstore29,https://t.me/darkstore29,1431,2024-02-24 19:18:42,"Another sold of mega pack ✅
Our all <PERSON> All tools,vip group Access⚡️

<PERSON>️Last day of offer
Offer ends on 26feb💲",False,False,False,False,True,False,False,False,False,False,1841587281,,,,1406.0,False,False,5.104967599854301e+18,,254.0,0.0,,2024-02-24T19:20:12+00:00,,1.367041857826544e+16,"{'_': 'MessageReactions', 'results': [{'_': 'ReactionCount', 'reaction': {'_': 'ReactionEmoji', 'emoticon': '❤'}, 'count': 16, 'chosen_order': None}], 'min': False, 'can_see_list': False, 'reactions_as_tags': False, 'recent_reactions': []}",[],
darkstore29,https://t.me/darkstore29,1432,2024-02-24 19:18:43,,False,False,False,False,True,False,False,False,False,False,1841587281,,,,1406.0,False,False,5.104967599854301e+18,,3163.0,0.0,,,,1.367041857826544e+16,,[],
darkstore29,https://t.me/darkstore29,1434,2024-02-27 00:07:54,"This Trust wallet logs on Sale✅

Balance: $1400$+💰

Got it from botnet logs

All proof available⚡️

Message @Darkstoreofficial💲

Dm fast before sold💗",False,False,False,False,True,False,False,False,False,False,1841587281,,,,,,,,,3650.0,5.0,,2024-02-27T00:09:23+00:00,,,"{'_': 'MessageReactions', 'results': [{'_': 'ReactionCount', 'reaction': {'_': 'ReactionEmoji', 'emoticon': '❤'}, 'count': 7, 'chosen_order': None}], 'min': False, 'can_see_list': False, 'reactions_as_tags': False, 'recent_reactions': []}",[],
darkstore29,https://t.me/darkstore29,1435,2024-02-27 19:47:34,"Fresh Shells Hosting Available✅

good price
stock : 37k

1000 shells = 400$

Available 30k phpmailer fresh✅ 

⚠️ Note
Payment via💰BTC /💰Usdt
 Message: @Darkstoreofficial💲",False,False,False,False,True,False,False,False,False,False,1841587281,,,,,,,5.112061601632071e+18,,3565.0,2.0,,2024-02-27T19:48:00+00:00,,,"{'_': 'MessageReactions', 'results': [{'_': 'ReactionCount', 'reaction': {'_': 'ReactionEmoji', 'emoticon': '❤'}, 'count': 5, 'chosen_order': None}, {'_': 'ReactionCount', 'reaction': {'_': 'ReactionEmoji', 'emoticon': '👍'}, 'count': 2, 'chosen_order': None}], 'min': False, 'can_see_list': False, 'reactions_as_tags': False, 'recent_reactions': []}",[],
darkstore29,https://t.me/darkstore29,1436,2024-02-27 19:51:32,ios vulnerability assessment,False,False,False,False,True,False,False,True,False,False,1841587281,,,,,,,6.064440655008086e+18,,3573.0,3.0,,2024-02-27T19:51:37+00:00,,,"{'_': 'MessageReactions', 'results': [{'_': 'ReactionCount', 'reaction': {'_': 'ReactionEmoji', 'emoticon': '🔥'}, 'count': 7, 'chosen_order': None}], 'min': False, 'can_see_list': False, 'reactions_as_tags': False, 'recent_reactions': []}",[],
darkstore29,https://t.me/darkstore29,1437,2024-02-29 20:17:41,,False,False,False,True,True,,False,,,,1841587281,,,,1389.0,False,False,,,,,,,,,,,
darkstore29,https://t.me/darkstore29,1438,2024-02-29 20:19:51,"1x combo pack sold✅
Details: <PERSON> destroyer successfully sold✅

Details: <PERSON>Dm @Darkstoreofficial✅",False,False,False,False,True,False,False,False,False,False,1841587281,,,,,,,5.118398452215164e+18,,380.0,0.0,,2024-02-29T20:21:16+00:00,,1.3673903929413368e+16,"{'_': 'MessageReactions', 'results': [{'_': 'ReactionCount', 'reaction': {'_': 'ReactionEmoji', 'emoticon': '🔥'}, 'count': 2, 'chosen_order': None}, {'_': 'ReactionCount', 'reaction': {'_': 'ReactionEmoji', 'emoticon': '😍'}, 'count': 1, 'chosen_order': None}], 'min': False, 'can_see_list': False, 'reactions_as_tags': False, 'recent_reactions': []}",[],
darkstore29,https://t.me/darkstore29,1439,2024-02-29 20:19:52,,False,False,False,False,True,False,False,False,False,False,1841587281,,,,,,,5.118398452215164e+18,,376.0,0.0,,,,1.3673903929413368e+16,,[],
darkstore29,https://t.me/darkstore29,1440,2024-02-29 20:19:52,,False,False,False,False,True,False,False,False,False,False,1841587281,,,,,,,5.118398452215164e+18,,3273.0,0.0,,,,1.3673903929413368e+16,,[],
darkstore29,https://t.me/darkstore29,1441,2024-03-01 03:59:49,"Another Successfull delivered✅

Details: https://t.me/DarkStore29/1352

If u want to proceed your orders message @Darkstoreofficial✅",False,False,False,False,True,False,False,False,False,False,1841587281,,,,1352.0,False,False,6.271658073827425e+18,,304.0,2.0,,2024-03-01T04:01:06+00:00,,1.3674124714663468e+16,"{'_': 'MessageReactions', 'results': [{'_': 'ReactionCount', 'reaction': {'_': 'ReactionEmoji', 'emoticon': '🔥'}, 'count': 4, 'chosen_order': None}, {'_': 'ReactionCount', 'reaction': {'_': 'ReactionEmoji', 'emoticon': '🤝'}, 'count': 1, 'chosen_order': None}, {'_': 'ReactionCount', 'reaction': {'_': 'ReactionEmoji', 'emoticon': '💘'}, 'count': 1, 'chosen_order': None}], 'min': False, 'can_see_list': False, 'reactions_as_tags': False, 'recent_reactions': []}",[],
darkstore29,https://t.me/darkstore29,1442,2024-03-01 03:59:49,,False,False,False,False,True,False,False,False,False,False,1841587281,,,,1352.0,False,False,6.271658073827425e+18,,298.0,2.0,,,,1.3674124714663468e+16,,[],
darkstore29,https://t.me/darkstore29,1443,2024-03-01 03:59:49,,False,False,False,False,True,False,False,False,False,False,1841587281,,,,1352.0,False,False,6.271658073827425e+18,,3179.0,2.0,,,,1.3674124714663468e+16,,[],
