Channel ID,URL,Post ID,date,message,out,mentioned,media_unread,silent,post,from_scheduled,legacy,edit_hide,pinned,noforwards,peer_channel,from_id_user,fwd_from,via_bot_id,reply_to_msg_id,reply_to_scheduled,forum_topic,media_photo_id,reply_markup,views,forwards,replies,edit_date,post_author,grouped_id,reactions,restriction_reason,ttl_period
dotnetservice,https://t.me/dotnetservice,2500,2024-02-17 05:07:47,"Navy Federal Credit Union 🤬
Balance • 3.6K
ONLINE ACCESS ✅
RDP ACCESS ✅
Debit ✅
Escrow Accepted 🧛

Price $300

🌐@Airprovidar",False,False,False,False,True,False,False,False,False,False,1916325041,,,,,,,5.945181490646203e+18,,6.0,0.0,,,,,,[],
dotnetservice,https://t.me/dotnetservice,2501,2024-02-17 07:19:13,"best tool for Hash
@reece9",False,False,False,False,True,False,False,False,False,False,1916325041,,,,,,,5.361559387182849e+18,,4.0,0.0,,,,,,[],
dotnetservice,https://t.me/dotnetservice,2502,2024-02-17 07:19:14,,False,False,False,False,True,False,False,False,False,False,1916325041,,,,,,,,,4.0,0.0,,,,,,[],
dotnetservice,https://t.me/dotnetservice,2503,2024-02-17 07:20:39,"Yahoo Mail Available
CODE 8
DOMAIN YAHOO/ HOTMAIL
FB  ADS FLITER CODE 8
MAIL ACCESS UHQ PEIVETE FRESH LOGIN NOT2FA ✅
(6.5K AVAILABLE)
PRICE ALL 600$
DM : @reece9",False,False,False,False,True,False,False,False,False,False,1916325041,,,,,,,5.897772550711263e+18,,3.0,0.0,,,,,,[],
dotnetservice,https://t.me/dotnetservice,2504,2024-02-17 07:20:53,"JP fresh Combo for sell 
Remove all public domain like gmail,yahoo,hotmail and some more 

Country base combo 
Targeted Domain combo 
Random Domain combo 
Mail access combo 
Mail leads 
Number Leads 
Cpanel , Webmail 

Everything is available 
DM @Reece9",False,False,False,False,True,False,False,False,False,False,1916325041,,,,,,,5.895282023730365e+18,,3.0,0.0,,,,,,[],
dotnetservice,https://t.me/dotnetservice,2505,2024-02-17 07:23:28,"SMTP SES AWS 86K FOR SELL 🏳️🏳️


FRESHLY CRACKED ☄️

DM ME @dattyl",False,False,False,False,True,False,False,False,False,False,1916325041,,,,,,,5.080284710566997e+18,,3.0,0.0,,,,,,[],
dotnetservice,https://t.me/dotnetservice,2506,2024-02-17 07:29:23,"Certified Bulk SMS & EMAILS available 🎯
Spamming Tools all Available 🎯:
High quality SMS routes are offered: - Bolivia 🇧🇴- Japan 🇯🇵-France direct 🇫🇷-France sim 🇫🇷-Azerbaijan 🇦🇿-Peru 🇵🇪- Moldova🇲🇩-Greece  🇬🇷- Portugal 🇵🇹- Hungary <PERSON>- Spain- Bahrain 🇧🇭- Qatar 🇶🇦- Brasil 🇧🇷-Colombia <DATE_TIME>🇴 etc 
(SHORT CODE AND LONG CODE) LANDING 🎯
✅All content are allowed,It Support All Kinds of traffic 
✅Sender ID (name) personalizable.
✅High delivery rate with huge traffic.
✅Sends to worldwide<DATE_TIME>
✅SMTP,AWS SMTP,SENDGRID,WEBMAILER,IONOS SMTP 🎯
✅DATA,<PERSON> (fresh/old) validated🎯 
✅Sms Sender PHP Version.
✅Sms Leads Extractor.
<PERSON>.
@mintt6",False,False,False,False,True,False,False,False,False,False,1916325041,,,,,,,,,3.0,0.0,,,,,,[],
dotnetservice,https://t.me/dotnetservice,2507,2024-02-17 08:18:07,"COMPLETE RESTOCK 

100% Full Access and unraped

2051x Hotmail FA ✉️
511x Uber  🚕
440x Airbnb 🏨
2650x Insta 📱
660x Linkedin 👷‍♀️
114x Fortnite 🎮
233x Supercell 🎮
280x Doordash 🏍
30x Fanduel 🎰
30x IHG ( 100% BOOKING ) 🏨
100x Nike 🛒
877x Ebay 🛒
167x Walmart 🛒
20x OF Creator : 🔞
50x OF with CC : 🔞
840x Steam 🎮
110x Credit Karma 🏦
13x Dave 💳
<PERSON> 🛒
400x Playstation 🎮
260x Roblox 🎮
110x Starbucks ☕️
20x Stake 🎰
174x Ticketmaster 🎫
2150x Twitter 🐤
550x AliExpress 🛳
1440x Amazon 🛒
38x Cash App 💲
150x Vinted 🛒
39x Deliveroo 🏍
30x Instacart 🏍
660x Paypal (HITTING INSANE) 💲
25x Home Depot 📦
650x Spotify 🔉
19x Hilton Honors 🏩
20x Hyatt Members 🏩
60x Hotels.com 🏨
————————————————-
Cashout target:

From now you will automatically receive methods on orders containing ""(INSTANT CASHOUT)""

x2 Nexo
x6 Netspend
x9 <PERSON> BMO
x10 Wealthsimple
x30 Blockchain 
x15 Uphold
x45 Coinbase
x20 Chase
x8 <PERSON> Advcash
<PERSON>

——————————————————————

Added new targets
Xbox, stocked 210x
Lowe's, stocked 29x
Poshmark, stocked 46x
Laybuy, stocked 6x

@Rackzbaby1",False,False,False,False,True,False,False,False,False,False,1916325041,,,,,,,,,5.0,0.0,,,,,,[],
dotnetservice,https://t.me/dotnetservice,2508,2024-02-17 08:55:29,"COMBO MAKER TOOL

-HQ PRIVATE
- GETTING COMBOLIST FROM REAL LIVE <DATE_TIME>
- YOU CAN WRITE THE TYPE 
- NO PROXY NEED: 
- TOOL CAN GIVE U COMBO UP TO 6M
- LICENSE PROTECT
- DUPLICATE COMBOLIST PROBLEM FIXED

DM SELLER @grey_hats",False,False,False,False,True,False,False,False,False,False,1916325041,,,,,,,,,5.0,0.0,,,,,,[],
dotnetservice,https://t.me/dotnetservice,2509,2024-02-17 12:03:15,"hotmail accounts united state
Dm @comboXLT",False,False,False,False,True,False,False,False,False,False,1916325041,,,,,,,,,5.0,0.0,,,,,,[],
dotnetservice,https://t.me/dotnetservice,2510,2024-02-17 12:21:31,SMTPS INBOX OFFICE AVAILABLE FOR THE LOWEST PRICES,False,False,False,False,True,False,False,False,False,False,1916325041,,,,,,,,,5.0,0.0,,,,,,[],
dotnetservice,https://t.me/dotnetservice,2511,2024-02-17 13:51:10,"<PERSON>EMAIL Spamming Live Class Is Back 💯💯
🔸Introduction 
🔸How to Get Bulletproof CPanel
🔸How to host a scampage(Scampages will be provided by me)
🔸How to Send letter to inbox (I'll provide good letters)
🔸How to get spam results in your email
🔸How to warmup SMTP
🔸Getting valid emails
🔸Filter emails
🔸Encrypt letters and edit letters
🔸How to configure <PERSON>How to use mailers and send your letters using mailers
🔸How to setup scampage and make it undetectable.
🔸and many more topics related to spamming will be covered...

✅Advanced Spamming Class,<PERSON> to <PERSON>.✅
✅ All Tools Provided.✅
✅There will be full support from me✅
✅And l will be teaching through AnyDesk ✅

@seosmtp",False,False,False,False,True,False,False,False,False,False,1916325041,,,,,,,5.945181490646203e+18,,4.0,0.0,,,,,,[],
dotnetservice,https://t.me/dotnetservice,2512,2024-02-17 17:46:24,"Icloud App password fresh ID's available For bulk buyers IB for Geniune Price. Real mail blaster...🆕📨

<PERSON>",False,False,False,False,True,False,False,False,False,False,1916325041,,,,,,,5.94743329045989e+18,,5.0,0.0,,,,,,[],
dotnetservice,https://t.me/dotnetservice,2513,2024-02-17 21:27:26,"USA User info (Fulzz) graver config availble 

Grave like 
First and last Name ☑️ 
SSN ☑️ 
DOB ✅ 
Phone number ✅ 
Address ✅ 
DL ✅  
And many more!!!!!

Required US mail pass <NRP>


U can make any us bank and PayPal ,Venmo and many more!! 
Also u can sale the logs too ✅ 

For buying this config IB @ComboXLT",False,False,False,False,True,False,False,False,False,False,1916325041,,,,,,,,,10.0,0.0,,,,1.3665641967589996e+16,,[],
dotnetservice,https://t.me/dotnetservice,2514,2024-02-17 21:27:26,,False,False,False,False,True,False,False,False,False,False,1916325041,,,,,,,5.94743329045989e+18,,8.0,0.0,,,,1.3665641967589996e+16,,[],
dotnetservice,https://t.me/dotnetservice,2515,2024-02-18 07:30:32,"Germany 🇩🇪 Fresh leads on Sale! 
All country🌍 data available 

Purchase @ComboXLT ✅",False,False,False,False,True,False,False,False,False,False,1916325041,,,,,,,5.863800390192054e+18,,6.0,0.0,,,,,,[],
dotnetservice,https://t.me/dotnetservice,2516,2024-02-18 08:33:50,"📬 CRACKED AWS CONSOL  PANEL 57K📬  

🖥 SES Quota : 57.000  🖥 us-east-1

 ⚡️ Price: ( Dm ) 

➡️ Single Contact <DATE_TIME>",False,False,False,False,True,False,False,False,False,False,1916325041,,,,,,,5.949685090273575e+18,,6.0,0.0,,,,,,[],
dotnetservice,https://t.me/dotnetservice,2517,2024-02-18 11:32:45,"HOTMAIL link Amazon 
7k Available  

Mm 1k <NRP>

Private log ✔️🫣

Payment method : <PERSON> 

Buy:- @Reece9",False,False,False,False,True,False,False,False,False,False,1916325041,,,,,,,6.066758464174145e+18,,9.0,0.0,,,,,,[],
dotnetservice,https://t.me/dotnetservice,2518,2024-02-18 11:34:56,"SMS  AVAILABLE 
Wide Range of Destinations
Shortcode, Long Code, Sender ID ✅

Affordable SMS price 
Sending bulk SMS For Faster arrival in Bulk📥,EMAIL LEADS,DATA all available 

EMAIL BLASTER 📡,API✅,SMS SENDER↗️,GATEWAY SERVER🛜
We provide stable quality routes to various which includes:
Canada <DATE_TIME>🇦 Portugal 🇵🇹Germany🇩🇪 Denmark 🇩🇰 Australia 🇦🇺 UK 🇬🇧 Italy 🇮🇹 Spain 🇪🇸 France 🇫🇷 Belgium 🇧🇪 USA 🇺🇸 Argentina 🇦🇷 Brazil 🇧🇷 New Zealand 🇳🇿 Saudi Arabia 🇸🇦 China <DATE_TIME>🇳 Hong Kong 🇭🇰 ,Peru🇵🇪,Colombia <DATE_TIME>🇴,Israel 🇮🇱,Switzerland <DATE_TIME><PERSON>Pm for details and good deals.🔰

@cashmoneey",False,False,False,False,True,False,False,False,False,False,1916325041,,,,,,,,,7.0,0.0,,,,,,[],
dotnetservice,https://t.me/dotnetservice,2519,2024-02-18 15:33:02,"<EMAIL_ADDRESS>:<PERSON>
<EMAIL_ADDRESS>:<DATE_TIME>
<EMAIL_ADDRESS>:lelm1403
<EMAIL_ADDRESS>:dausermotocross160
<EMAIL_ADDRESS>:Solucerba1
<EMAIL_ADDRESS>:<PERSON>
<EMAIL_ADDRESS>:Torque2024Macc
<EMAIL_ADDRESS>:salamsalam24
<EMAIL_ADDRESS>:<PERSON>
<EMAIL_ADDRESS>:<PERSON>:HkR197820102020
<EMAIL_ADDRESS>:mazen2024
<EMAIL_ADDRESS>:Rubenromero123
<EMAIL_ADDRESS>:<PERSON>
<EMAIL_ADDRESS>:121198pe
<EMAIL_ADDRESS>:<PERSON>
<EMAIL_ADDRESS>:AlexanderGordon
<PERSON>:Kakashi123@


@draco6r",False,False,False,False,True,False,False,False,False,False,1916325041,,,,,,,,,8.0,0.0,,,,,,[],
dotnetservice,https://t.me/dotnetservice,2520,2024-02-18 16:55:53,Unlimited Icloud app password account available at very cheap then market. <PERSON>: @mintt6,False,False,False,False,True,False,False,False,False,False,1916325041,,,,,,,5.949811813283643e+18,,6.0,0.0,,,,,,[],
dotnetservice,https://t.me/dotnetservice,2521,2024-02-18 17:06:26,"Available  CREATED CONSOLE AWS SES

SES Quota : 400.000 per day

➡<NRP> message: <PERSON>",False,False,False,False,True,False,False,False,False,False,1916325041,,,,,,,5.949320284341386e+18,,6.0,0.0,,,,,,[],
dotnetservice,https://t.me/dotnetservice,2522,2024-02-18 17:14:07,,False,False,False,False,True,,False,,,,1916325041,,,,,,,,,,,,,,,,,
dotnetservice,https://t.me/dotnetservice,2523,2024-02-18 20:27:21,"Live spamming proof !!

I teach spamming full setup 

Bank 
Office 
Corporate 

@Cprprof2021",False,False,False,False,True,False,False,False,False,False,1916325041,,,,,,,5.949685090273575e+18,,7.0,0.0,,,,1.366630433056454e+16,,[],
dotnetservice,https://t.me/dotnetservice,2524,2024-02-18 20:27:22,,False,False,False,False,True,False,False,False,False,False,1916325041,,,,,,,5.949685090273575e+18,,8.0,0.0,,,,1.366630433056454e+16,,[],
dotnetservice,https://t.me/dotnetservice,2525,2024-02-18 20:49:56,"Navy Federal Credit Union 🤬
Balance • 24K
ONLINE ACCESS ✅
RDP ACCESS ✅
Escrow Accepted 🧛

Price $600

🌐@Airprovidar",False,False,False,False,True,False,False,False,False,False,1916325041,,,,,,,5.949425124493084e+18,,8.0,0.0,,,,,,[],
dotnetservice,https://t.me/dotnetservice,2526,2024-02-18 23:31:30,"METRO SIM SWAP UP
$1,000 only
100% guaranteed
DM @SwapSim1",False,False,False,False,True,False,False,False,False,False,1916325041,,,,,,,6.010062722613496e+18,,8.0,0.0,,,,,,[],
dotnetservice,https://t.me/dotnetservice,2527,2024-02-19 01:10:15,"Tlo lookup available 

✅ SSN+DOB - $30
✅ DL - $35
✅ SSN+DOB + DL - $35
✅ BG - $35
✅ AUTO+VIN- $35
✅ CS -$26
✅ CR+CS - $35
✅ MMN - $40
✅ EIN - $45
✅ CHECK FULL INFO - $35
✅ DOB / ADDRESS / PHONE / MAIL  - $25 


Hmu :  @Airprovidar",False,False,False,False,True,False,False,False,False,False,1916325041,,,,,,,,,8.0,0.0,,,,,,[],
dotnetservice,https://t.me/dotnetservice,2528,2024-02-19 06:29:00,"====🇺🇸|  TRUIST BANK   |🇺🇸====

-Contact the only owner : @Draco6r 
|-| WE BUILD ALL SCAMPAGES TYPES.
|+ TRUE LOGIN 
|+ WITH PANEL LIVE 
|+ MULTIPANEL (MULTIBANQUE)
|+ ANTI <PERSON> 
|+ ANTIBOTS 

@Draco6r 
========================",False,False,False,False,True,False,False,False,False,False,1916325041,,,,,,,,,7.0,0.0,,,,,,[],
dotnetservice,https://t.me/dotnetservice,2529,2024-02-19 09:02:47,"<NRP>💎💎💎💎💎💎

Send out Available
prepare your and leads
ready lets work
Only serous <PERSON> 
@seosmtp 

💯💯💯",False,False,False,False,True,False,False,False,False,False,1916325041,,,,,,,,,7.0,0.0,,,,,,[],
dotnetservice,https://t.me/dotnetservice,2530,2024-02-19 11:52:18,,False,False,False,False,True,False,False,False,False,False,1916325041,,,,,,,,,6.0,0.0,,,,,,[],
dotnetservice,https://t.me/dotnetservice,2531,2024-02-19 11:52:19,,False,False,False,False,True,False,False,False,False,False,1916325041,,,,,,,,,6.0,0.0,,,,,,[],
dotnetservice,https://t.me/dotnetservice,2532,2024-02-19 11:53:22,"✨ PRIVATE COMBO CLOUD ✨


WEEKEND PRICE


30$ - 1 week
50$ - 1 month
100$ - 1 year
200$ - lifetime


WE OFFER YOU

♦️ Upload Everyday 
♦️ Priority Members 
♦️ No Duplicate Line
♦️ Fresh Combolist
♦️ Private Combolist
♦️ Big Combo Everyday

Payment : CRYPTO


@cintra6",False,False,False,False,True,False,False,False,False,False,1916325041,,,,,,,6.239943816270428e+18,,7.0,0.0,,,,,,[],
dotnetservice,https://t.me/dotnetservice,2533,2024-02-19 11:53:48,and again,False,False,False,False,True,False,False,False,False,False,1916325041,,,,,,,6.237692016456744e+18,,6.0,0.0,,,,,,[],
dotnetservice,https://t.me/dotnetservice,2534,2024-02-19 11:54:29,"📍I SELL CPANEL IN BULK. 
📍I SELL SHELL IN BULK.
📍I SELL WHM  IN BULK. 

ac.id
go.id
sch.id  
co.id 
or.id  
my.id 
.id
.com

@Rackzbaby1",False,False,False,False,True,False,False,False,False,False,1916325041,,,,,,,,,7.0,0.0,,,,,,[],
dotnetservice,https://t.me/dotnetservice,2535,2024-02-19 11:56:15,"Some Abbreviation For Beginners 
VM = Valid Mail 
MA = Mail Access 
PRV = Private 
HQ = High Quality 
UHQ = ULTRA HIGH Quality 
LQ = LOW QUALITY 
API = Application Programming Interface 
PXL - PL = Proxyless 
CH = Charge 
CFG = Config 
HB = High Balance 
LB = Low Balance 
SE = Selenium 
SQL = Structured Query Language 
VBV = Verified By Visa 
VM = Virtual Machine 
RDP = Remote Desktop Protocol 
DB = Database 
MSG = Message 
FC = Full Cap 
openbullet 1.2.2  =   .loli  

openbullet 1.4.4  =  .anom 

openbullet 2   =    .opk 

SilverBullet   =    .svb 

SilverBulletPro  =  .spk and .espk",False,False,False,False,True,False,False,False,False,False,1916325041,,,,,,,,,7.0,0.0,,,,,,[],
dotnetservice,https://t.me/dotnetservice,2536,2024-02-19 11:58:47,"<EMAIL_ADDRESS>:Lidiane01
<EMAIL_ADDRESS>:Grzybek06

OFFICE365 ✅
CARDS / BANKS 💳

VIP WILL GET EACH DAY TOOLS IN DM NOT GROUP 🚨
@cprprof2021",False,False,False,False,True,False,False,False,False,False,1916325041,,,,,,,,,7.0,0.0,,,,,,[],
dotnetservice,https://t.me/dotnetservice,2537,2024-02-19 14:38:55,"5 Million ORANGE Email Leads - 50k Test Leads

<EMAIL_ADDRESS>
<EMAIL_ADDRESS>
<EMAIL_ADDRESS>
<EMAIL_ADDRESS>
<EMAIL_ADDRESS>
<EMAIL_ADDRESS>
<EMAIL_ADDRESS>
<EMAIL_ADDRESS>
<EMAIL_ADDRESS>
<EMAIL_ADDRESS>
<EMAIL_ADDRESS>
<EMAIL_ADDRESS>
<EMAIL_ADDRESS>
<EMAIL_ADDRESS>
<EMAIL_ADDRESS>
<EMAIL_ADDRESS>
<EMAIL_ADDRESS>
<EMAIL_ADDRESS>
<EMAIL_ADDRESS>
<EMAIL_ADDRESS>
<EMAIL_ADDRESS>
<EMAIL_ADDRESS>
<EMAIL_ADDRESS>
<EMAIL_ADDRESS>
<EMAIL_ADDRESS>
<EMAIL_ADDRESS>
<EMAIL_ADDRESS>
<EMAIL_ADDRESS>
<EMAIL_ADDRESS>
<EMAIL_ADDRESS>
<EMAIL_ADDRESS>
<EMAIL_ADDRESS>
<EMAIL_ADDRESS>
<EMAIL_ADDRESS>

————————————————
Dm me for Price @comboXLT 
————————————————",False,False,False,False,True,False,False,False,False,False,1916325041,,,,,,,,,8.0,0.0,,,,,,[],
dotnetservice,https://t.me/dotnetservice,2538,2024-02-19 14:38:55,"Forex database available ✅
Crypto database ✅
Deposits, email address, phone number, country....

Contact @comboXLT",False,False,False,False,True,False,False,False,False,False,1916325041,,,,,,,,,7.0,0.0,,,,,,[],
dotnetservice,https://t.me/dotnetservice,2539,2024-02-19 17:07:51,"🖥🖥🖥🖥🖥🖥🖥
#Vouch from clients ☁️📨👍
SMSGATEWAY V-2. 
 AVAILABLE €300 
COME FAST

Send out available  🌍 🌍 🌍
99%/100 hit <PERSON> ☁️ ☎️
<DATE_TIME> 10k (bonus credit) 
It come with  leads ..📞
Results Guaranty 💯💯💯💯

@seosmtp",False,False,False,False,True,False,False,False,False,False,1916325041,,,,,,,5.087014417513688e+18,,7.0,0.0,,,,,,[],
dotnetservice,https://t.me/dotnetservice,2540,2024-02-19 17:07:52,,False,False,False,False,True,False,False,False,False,False,1916325041,,,,,,,5.087014417513688e+18,,7.0,0.0,,,,,,[],
dotnetservice,https://t.me/dotnetservice,2541,2024-02-19 17:20:52,"🎥 MULTI CAPTURE PANEL, IN ACTION. 

FIRST part of our massive update is now live!

Currently LIVE: 
 1. MULTI CAPTURE PANEL - Capture OTP, PIN, SSN, MMN CVV... and any other info all in ONE call. (available in every subscription package. 

 2. MMN - Capture MMN of target 🎯. (Yes you read that well) The only bot that offers this unique and money making option in the market. 

 3. VOLUME - We increased and enhanced the volume (LOUD 🔊 AND CLEAR )

<DATE_TIME> INCOMING UPDATES: 

 1. ENHANCED PGP - ( This is PGP on steroids )
 2. DPGP ULTRA - Call victims directly as representative. 
 3. TAX - Capture info via bot. This is for our users that are working on TAX REFUND. We are the only bot ""YES THE ONLY "" That will offer this.

Stay tuned – your experience is about to get even better! 

@SwapSim1",False,False,False,False,True,False,False,False,False,False,1916325041,,,,,,,,,4.0,0.0,,,,,,[],
dotnetservice,https://t.me/dotnetservice,2542,2024-02-19 17:24:02,"Some Abbreviation For Beginners <NRP>

VM = Valid Mail 💎
MA = Mail Access 💎
PRV = Private 💎
HQ = High Quality <NRP>
UHQ = ULTRA HIGH Quality 💎
LQ = LOW QUALITY 💎
API = Application Programming Interface <NRP>
PXL - PL = Proxyless 💎
CH = Charge 💎
CFG = Config 💎
HB = High Balance <NRP>
LB = Low Balance <NRP>
SE = Selenium <NRP>
SQL = Structured Query Language 💎
VBV = Verified By <NRP>
VM = Virtual Machine 💎
RDP = Remote Desktop Protocol 💎
DB = Database <NRP>
MSG = Message <NRP>
FC = Full Cap 💎


openbullet 1.2.2  =   <PERSON>

openbullet 1.4.4  =  .anom 💎

openbullet 2   =    .opk <NRP>

SilverBullet   =    .svb <NRP>

SilverBulletPro  =  .spk and .espk 💎",False,False,False,False,True,False,False,False,False,False,1916325041,,,,,,,,,7.0,0.0,,,,,,[],
dotnetservice,https://t.me/dotnetservice,2543,2024-02-19 19:21:52,"SMTP mailer and checker all in one Tool

@seosmtp $40 lifetime",False,False,False,False,True,False,False,True,False,False,1916325041,,,,,,,,,8.0,0.0,,2024-02-19T21:28:42+00:00,,,"{'_': 'MessageReactions', 'results': [{'_': 'ReactionCount', 'reaction': {'_': 'ReactionEmoji', 'emoticon': '❤'}, 'count': 1, 'chosen_order': None}], 'min': False, 'can_see_list': False, 'reactions_as_tags': False, 'recent_reactions': []}",[],
dotnetservice,https://t.me/dotnetservice,2544,2024-02-20 05:00:59,"Bank open ups 

*Come with email access
*Login access
*card 💳
*Full profile [Fullz+DL]

Payment - 💰💰💰💰💰
Hit Me - @Airprovidar",False,False,False,False,True,False,False,False,False,False,1916325041,,,,,,,5.936090419270106e+18,,7.0,0.0,,,,1.3667242074641292e+16,,[],
dotnetservice,https://t.me/dotnetservice,2545,2024-02-20 05:00:59,,False,False,False,False,True,False,False,False,False,False,1916325041,,,,,,,5.936090419270106e+18,,6.0,0.0,,,,1.3667242074641292e+16,,[],
dotnetservice,https://t.me/dotnetservice,2546,2024-02-20 05:13:31,"get your own shells / cpanels / api's 📺
50$ lifetime ( VIP FREE ✅ ) 
<DATE_TIME> exploits <PERSON>
@cprprof2021",False,False,False,False,True,False,False,False,False,False,1916325041,,,,,,,5.954168099827728e+18,,5.0,0.0,,,,,,[],
dotnetservice,https://t.me/dotnetservice,2547,2024-02-20 06:00:49,"Email List FRESH

🇩🇪 Germany (DE)
🇫🇷 France (FR)
🇬🇧 United Kingdom (UK)
🇦🇺 Australia (AU)
🇳🇿 New Zealand (NZ)
<PERSON> Italy (IT)
🇧🇪 Belgium (BE)
🇬🇷 Greece (GR)
🇨🇾 Cyprus (CY)
<PERSON> Austria (AT)
🇮🇪 Ireland (IE)
<PERSON> Iceland (IS)
<DATE_TIME>🇿 Czech Republic (CZ)
🇲🇹 Malta (MT)
🇵🇹 Portugal (PT)
🇩🇰 Denmark (DK)
🇳🇴 Norway (NO)
🇸🇪 Sweden (SE)
🇫🇮 Finland (FI)
🇪🇸 Spain (ES)
@cashmoneey",False,False,False,False,True,False,False,False,False,False,1916325041,,,,,,,,,3.0,0.0,,,,,,[],
dotnetservice,https://t.me/dotnetservice,2548,2024-02-20 06:09:27,"5 Million ORANGE Email Leads - 50k Test Leads

<EMAIL_ADDRESS>
<EMAIL_ADDRESS>
<EMAIL_ADDRESS>
<EMAIL_ADDRESS>
<EMAIL_ADDRESS>
<EMAIL_ADDRESS>
<EMAIL_ADDRESS>
<EMAIL_ADDRESS>
<EMAIL_ADDRESS>
<EMAIL_ADDRESS>
<EMAIL_ADDRESS>
<EMAIL_ADDRESS>
<EMAIL_ADDRESS>
<EMAIL_ADDRESS>
<EMAIL_ADDRESS>
<EMAIL_ADDRESS>
<EMAIL_ADDRESS>
<EMAIL_ADDRESS>
<EMAIL_ADDRESS>
<EMAIL_ADDRESS>
<EMAIL_ADDRESS>
<EMAIL_ADDRESS>
<EMAIL_ADDRESS>
<EMAIL_ADDRESS>
<EMAIL_ADDRESS>
<EMAIL_ADDRESS>
<EMAIL_ADDRESS>
<EMAIL_ADDRESS>
<EMAIL_ADDRESS>
<EMAIL_ADDRESS>
<EMAIL_ADDRESS>
<EMAIL_ADDRESS>
<EMAIL_ADDRESS>
<EMAIL_ADDRESS>

————————————————
Dm me for Price @mintt6
————————————————",False,False,False,False,True,False,False,False,False,False,1916325041,,,,,,,,,5.0,0.0,,,,,,[],
dotnetservice,https://t.me/dotnetservice,2549,2024-02-20 08:57:27,"Threshold 200€ Uk 🇬🇧 

Active and have live ads 🔥🔥🔥

@managingz",False,False,False,False,True,False,False,False,False,False,1916325041,,,,,,,,,5.0,0.0,,,,,,[],
dotnetservice,https://t.me/dotnetservice,2550,2024-02-20 09:03:33,"[🆔 ID Numbe ]= <DATE_TIME>
[👤 CardHolder Name]= <PERSON> 
[💳 Credit Card Number ]= <CREDIT_CARD>
[🔄 Expiry Date ]= <DATE_TIME>
[🔑 CVV ]= 035
IP address : <IP_ADDRESS>

@IPV14",False,False,False,False,True,False,False,False,False,False,1916325041,,,,,,,,,6.0,0.0,,,,,,[],
dotnetservice,https://t.me/dotnetservice,2551,2024-02-20 11:02:33,"<EMAIL_ADDRESS>|Kyllian2004

<EMAIL_ADDRESS>|<US_PASSPORT>

<EMAIL_ADDRESS>|!sppo2019

@seosmtp",False,False,False,False,True,False,False,False,False,False,1916325041,,,,,,,,,6.0,0.0,,,,,,[],
dotnetservice,https://t.me/dotnetservice,2552,2024-02-20 11:43:12,"#WTS

Available 1M AWS SES KEY { CRACKED }🆕
SES Quota : 100.000 per day

Contact : <DATE_TIME>",False,False,False,False,True,False,False,False,False,False,1916325041,,,,,,,5.954278841264488e+18,,7.0,0.0,,,,,,[],
dotnetservice,https://t.me/dotnetservice,2553,2024-02-20 15:32:36,"SMTP_HOST: smtp.mail.us-east-1.awsapps.com
SMTP_PORT: 465
SMTP_USERNAME: <EMAIL_ADDRESS>
SMTP_PASSWORD: vmHaCN25jTVRvM9Mk90Pu0R2
SMTP_FROM: <EMAIL_ADDRESS>


@seosmtp",False,False,False,False,True,False,False,False,False,False,1916325041,,,,,,,,,7.0,0.0,,,,,,[],
dotnetservice,https://t.me/dotnetservice,2554,2024-02-20 16:52:45,"Sell
Azure
Digitalocean
Tencent
Oracle
<PERSON>Atlantic
<PERSON>
@cashmoneey",False,False,False,False,True,False,False,False,False,False,1916325041,,,,,,,,,6.0,0.0,,,,,,[],
dotnetservice,https://t.me/dotnetservice,2555,2024-02-20 23:11:57,"<PERSON> ⭐️

This is for you ⭐️⭐️

⭐️⭐️ COOKIES LINK 1 MONTH 

⭐️⭐️ RDP LIFETIME 

⭐️⭐<PERSON> ANY TARGET

⭐️<NRP>️INBOX  SMTP ⭐️

⭐️<NRP>️INBOX EMAIL SENDER NODE VERSION

⭐️⭐️ ENCRYPTED LETTER 

⭐️⭐️ EMAIL VALIDATOR LIFETIME 

⭐️⭐️ RAT VIRUS GRABBER 1 MONTH ACCESS 


⭐️RESULT EMAIL/TELEGRAM OR ADMIN PANEL 


FULL SETUP ON ANYDESK OR TEAMVIEWER

⭐️Interested⭐️

 ⭐️24/7 ACTIVE CONTACT

👉SKYPE ID:  <DATE_TIME>.

@seosmtp

 #smtp #aws #hacking  #sender #leads #validator #email list  #combolist #cracker
#sms #exploit #database #office365course  #jp #webmail",False,False,False,False,True,False,False,False,False,False,1916325041,,,,,,,,,6.0,0.0,,,,,,[],
dotnetservice,https://t.me/dotnetservice,2556,2024-02-21 00:55:00,"<PERSON> MAIL: PASS

31.5 k Fresh Super HQ Combo mail:pass ✅ [with SQL Proofs + Infected link]

Price: $63

DM @Reece9

Need other leads?

DM @spam_genie",False,False,False,False,True,False,False,False,False,False,1916325041,,,,,,,5.949746216248132e+18,,4.0,0.0,,,,,,[],
dotnetservice,https://t.me/dotnetservice,2557,2024-02-21 00:55:42,"SMTP to sms available <PERSON>📌
Lucky 📌
Att📌
T mobile📌

To buy @reece9  ☎️✅",False,False,False,False,True,False,False,False,False,False,1916325041,,,,,,,5.846228420558701e+18,,4.0,0.0,,,,,,[],
dotnetservice,https://t.me/dotnetservice,2558,2024-02-21 05:33:09,,False,False,False,False,True,False,False,False,False,False,1916325041,,,,,,,5.958671699455099e+18,,4.0,0.0,,,,1.366794871326242e+16,,[],
dotnetservice,https://t.me/dotnetservice,2559,2024-02-21 05:33:09,"¶DRIVERS LICENSES
¶PASSPORTS
¶ID SELFIE
¶UTILITY BILL
¶PAYSTUB
¶SSN CARD
¶W2
¶BUSINESS REGISTRATION
¶CREDIT CARDS 
¶PHOTOSHOP EDITING SERVICES
¶BANK STATEMENTS
¶VOID CHECKS

@sara_Dominic",False,False,False,False,True,False,False,False,False,False,1916325041,,,,,,,5.958671699455099e+18,,108.0,0.0,,,,1.366794871326242e+16,,[],
dotnetservice,https://t.me/dotnetservice,2560,2024-02-21 07:12:33,,False,False,False,False,True,False,False,False,False,False,1916325041,,,,,,,5.958367663015182e+18,,109.0,0.0,,,,,,[],
dotnetservice,https://t.me/dotnetservice,2561,2024-02-21 07:12:34,"Google console play for sale 250$
@cintra6",False,False,False,False,True,False,False,False,False,False,1916325041,,,,,,,5.958367663015182e+18,,108.0,0.0,,,,,,[],
dotnetservice,https://t.me/dotnetservice,2562,2024-02-21 07:18:21,"AWS SES LIMIT 100K [ KEY ONLY ]

> FRESH CRACKED 
> DAILY LIMIT
> FOR SELL 

DM » @Rackzbaby1",False,False,False,False,True,False,False,False,False,False,1916325041,,,,,,,5.091329549681143e+18,,109.0,0.0,,,,,,[],
dotnetservice,https://t.me/dotnetservice,2563,2024-02-21 07:23:13,"Zoho SMTP available 

@cashmoneey",False,False,False,False,True,False,False,False,False,False,1916325041,,,,,,,5.093884007250243e+18,,108.0,0.0,,,,,,[],
dotnetservice,https://t.me/dotnetservice,2564,2024-02-21 08:27:34,"We are selling high-quality & high connectivity data & leads.   
Our exclusive verticals here:  
-Targeted Cell Phone Leads.  
-USA Raw Data  
-UK Raw Data  
-USA Old People Data  
-USA Rich People Data  
-Muslim Data  
-Canada Raw Data  
-Canada Real Estate Data  
-Canada High Income Data  
-Immigration Data  
-Whatsapp Number  
-Forex trading Data  
-Crypto Database  
-Car Owner Lead  
-Home Owner  
-Car Owner  
-Immigration or living abroad  
-Business owner  
-CEO CTO / high profile  
-Travels  
-Health & beauty  
-Housing lead  
-Ecommerce lead  
-Real estate  
-Education loan data  
-Casino Database  
and much more to offer
@ComboXLT",False,False,False,False,True,False,False,False,False,False,1916325041,,,,,,,5.958817599494144e+18,,5.0,0.0,,,,,,[],
dotnetservice,https://t.me/dotnetservice,2565,2024-02-21 11:31:30,"➖➖➖➖➖➖➖➖➖➖
🎁 Premium Cheap GiftCards
🌟 Save Money when shopping!
🌟 Up to 90% OFF!
➖➖➖➖➖➖➖➖➖➖

🛒 Amazon Gift Cards

    ✔️ $100 | $35
    ✔️ $500 | $70
    ✔️ $1,000 | $110

💰 Prepaid Credit Cards

    ✔️ $100 | $35
    ✔️ $500 | $80
    ✔️ $1,000 | $110

🌟 Apple Gift Cards

    ✔️ $100 | $35
    ✔️ $500 | $80
    ✔️ $1,000 | $110

👁 Steam Gift Cards

    ✔️ $50 | $20
    ✔️ $100 | $35
    ✔️ $200 | $45

🚕 Uber Gift Cards

    ✔️ $50 | $20
    ✔️ $100 | $35
    ✔️ $200 | $45

🌟 EBay Gift Cards

    ✔️ $100 | $35
    ✔️ $500 | $70
    ✔️ $1,000 | $110

🛒 Nike, Airbnb, Target & MORE!

➖➖➖➖➖➖➖➖➖➖
😍 DM @IPV14
➖➖➖➖➖➖➖➖➖➖",False,False,False,False,True,False,False,False,False,False,1916325041,,,,,,,,,4.0,0.0,,,,,,[],
dotnetservice,https://t.me/dotnetservice,2566,2024-02-21 12:21:41,,False,False,False,False,True,False,False,False,False,False,1916325041,,,,,,,5.958671699455099e+18,,3.0,0.0,,,,,,[],
dotnetservice,https://t.me/dotnetservice,2567,2024-02-21 12:21:42,"<EMAIL_ADDRESS>:<PERSON> | username = purevpn0s11075982 | expiry = <DATE_TIME> | DaysLeft = 8
<EMAIL_ADDRESS>:s9421489J | username = purevpn0s11129376 | expiry = <DATE_TIME> | DaysLeft = 23
<EMAIL_ADDRESS>:Kingpin8 | username = purevpn0s12425465 | expiry = <DATE_TIME> | DaysLeft = 12
<EMAIL_ADDRESS>:Betty2009 | username = purevpn0s10223320 | expiry = <DATE_TIME> | DaysLeft = 25
<EMAIL_ADDRESS>:Ravenny8 | username = purevpn0s11064781 | expiry = <DATE_TIME> | DaysLeft = 5
<EMAIL_ADDRESS>:Chinaman123 | username = purevpn0s12852418 | expiry = <DATE_TIME> | DaysLeft = 19
<EMAIL_ADDRESS>:<PERSON> | username = purevpn0s9364333 | expiry = <DATE_TIME> | DaysLeft = 69
<EMAIL_ADDRESS>:sleeper126 | username = purevpn0s10091681 | expiry = <DATE_TIME> | DaysLeft = 66
<EMAIL_ADDRESS>:Fw123456@ | username = purevpn0s13484241 | expiry = <DATE_TIME> | DaysLeft = 16
<EMAIL_ADDRESS>:Lolrick456! | username = purevpn0s11412398 | expiry = <DATE_TIME> | DaysLeft = 148
<EMAIL_ADDRESS>:<DATE_TIME> | username = purevpn0s8715678 | expiry = <DATE_TIME> | DaysLeft = 257
<EMAIL_ADDRESS>:Midiphil1 | username = purevpn0s8848694 | expiry = <DATE_TIME> | DaysLeft = 286",False,False,False,False,True,False,False,False,False,False,1916325041,,,,,,,,,4.0,0.0,,,,,,[],
dotnetservice,https://t.me/dotnetservice,2568,2024-02-21 12:51:19,"Uhq max 12K PROXY SOLD ❌
660$ proxy Sold ❌❌
<PERSON>

Hq Proxy 💥💥💥💥💥💥
Http & Socks5000 : 30 dey 90$ 
Http & Socks 7000 : 30 dey 110$
Http & Socks 9000 : 30 dey 140$ 
Http & Socks 12000 : 30 Dey 260$
Http & Socks 18000 : 30 dey 300$
Http & Socks 20000 : 30 dey 390$
Http & Socks 30000 : 30 dey 460$

Uhq Proxylist max 🥰

Http & Socks 9000 : 30 dey 340$ 
Http & Socks 12000 : 30 Dey 660$
Http & Socks 18000 : 30 dey 800$
Http & Socks 20000 : 30 dey 1190$
Http & Socks 30000 : 30 dey 1560$
✅. Daily update 💘💥
-----------------
private proxy Available 
HTTPS 
SOCKS4
SOCKS5 
AVAILABLE 
💥💥💥💥💥

Rotaing <NRP> 
GB PROXY AVAILABLE 

➖ For any Private and public Site (Netflix,Spotify,....)
➖ Checker , Openbullet , Silver Bullet
➖ Proxy Private and personal
➖ Set Proxy for IP
➖ Socks4, Http , Socks5
➖ Api proxy
➖ Any 6 Minutes update proxy
➖ Cheap price , Legal and High Quality
➖Payment methods = BTC ,USDT ,All currencies
✅ To shop:-

@cintra6",False,False,False,False,True,False,False,False,False,False,1916325041,,,,,,,,,6.0,0.0,,,,,,[],
dotnetservice,https://t.me/dotnetservice,2569,2024-02-21 16:11:29,"¶DRIVERS LICENSES
¶PASSPORTS
¶ID SELFIE
¶UTILITY BILL
¶PAYSTUB
¶SSN CARD
¶W2
¶BUSINESS REGISTRATION
¶CREDIT CARDS 
¶PHOTOSHOP EDITING SERVICES
¶BANK STATEMENTS
¶VOID CHECKS

@Dattyl",False,False,False,False,True,False,False,False,False,False,1916325041,,,,,,,,,6.0,0.0,,,,,,[],
dotnetservice,https://t.me/dotnetservice,2570,2024-02-21 18:15:36,"Zoho SMTP available 🆕📨
smtppro.zoho.com
At low prices 

PM <DATE_TIME>",False,False,False,False,True,False,False,False,False,False,1916325041,,,,,,,5.956225878788786e+18,,6.0,0.0,,,,1.3668314693949492e+16,,[],
dotnetservice,https://t.me/dotnetservice,2571,2024-02-21 18:15:37,,False,False,False,False,True,False,False,False,False,False,1916325041,,,,,,,5.956225878788786e+18,,6.0,0.0,,,,1.3668314693949492e+16,,[],
dotnetservice,https://t.me/dotnetservice,2572,2024-02-22 02:46:48,"Purchase all SMTP valid 

Two office smtp sold $50 

@seosmtp",False,False,False,False,True,False,False,False,False,False,1916325041,,,,,,,5.960670512810149e+18,,5.0,0.0,,,,1.3668560071198812e+16,,[],
dotnetservice,https://t.me/dotnetservice,2573,2024-02-22 02:46:49,,False,False,False,False,True,False,False,False,False,False,1916325041,,,,,,,5.960670512810149e+18,,5.0,0.0,,,,1.3668560071198812e+16,,[],
dotnetservice,https://t.me/dotnetservice,2574,2024-02-22 02:46:50,,False,False,False,False,True,False,False,False,False,False,1916325041,,,,,,,5.960670512810149e+18,,5.0,0.0,,,,1.3668560071198812e+16,,[],
dotnetservice,https://t.me/dotnetservice,2575,2024-02-22 03:54:45,"🇧🇷 🇨🇦 <DATE_TIME>🇳 🇫🇷 🇩🇪 🇮🇳 <PERSON>🇽 🇳🇱 🇵🇱 🇸🇦 🇸🇬 🇪🇸 🇸🇪 <PERSON>🇷 🇦🇪 🇬🇧 🇺🇸

🌐Google Play Gift Cards 🔥Available

✅Digital and physical code
✅Instant email delivery
✅Best price
✅Payment with cryptocurrency only

🛒 @IPV14",False,False,False,False,True,False,False,False,False,False,1916325041,,,,,,,5.093824934270054e+18,,5.0,0.0,,,,,,[],
dotnetservice,https://t.me/dotnetservice,2576,2024-02-22 05:37:20,"SMS GATEWAYS AVAILABLE📨📥

We accept;
✅ALL TYPES OF CONTENT 
✅DATA/LEADS,
✅EMAIL BLASTING
✅SMS SPAM
✅GOOD DELIVERY RATES
✅FAST AND QUALITY BULK MAILS;
USA🇺🇸
UK🇬🇧
DENMARK🇩🇰
SWITZERLAND<DATE_TIME><PERSON>🇸🇦
QATAR🇧🇭
CANADA<DATE_TIME>🇦
SPAIN🇪🇸
NORWAY🇸🇯
BRAZIL🇧🇷
ARGENTINA🇦🇷
NETHERLANDS🇳🇱
FRANCE🇫🇷
Israel🇮🇱
CHINA🇨🇳
HONG KONG<PERSON> 
AUSTRIA🇦<PERSON>
Australia🇦🇺
And 150 more countries.
Both long and short codes.
Good delivery rate✅

DM me for more information✅
@cashmoneey",False,False,False,False,True,False,False,False,False,False,1916325041,,,,,,,,,5.0,0.0,,,,,,[],
dotnetservice,https://t.me/dotnetservice,2577,2024-02-22 05:47:43,"♦️ 18GB GMAIL Combolist ♦️

$180

hurry up!

only one copy!

@Reece9",False,False,False,False,True,False,False,False,False,False,1916325041,,,,,,,,,4.0,0.0,,,,,,[],
dotnetservice,https://t.me/dotnetservice,2578,2024-02-22 05:51:04,"Amazon SES Smtp available
Sending Limit 100k <DATE_TIME>
https://Spamhaven.sellix.io/product/64b77411afc47",False,False,False,False,True,False,False,False,False,False,1916325041,,,,,,,5.891173436540174e+18,,6.0,0.0,,,,,,[],
dotnetservice,https://t.me/dotnetservice,2579,2024-02-22 09:16:47,"ᴇᴍᴀɪʟ ᴀɴᴅ ᴄᴇʟʟ  <PERSON> ꜰᴏʀ ᴇᴠᴇʀʏ ᴄᴏᴜɴᴛʀʏ :

ᴡᴇ ᴏꜰꜰᴇʀ:

☎️ <PERSON>📩 <PERSON>
📳 ᴡʜᴀᴛꜱᴀᴘᴘ ᴅᴀᴛᴀ
🧰 ʙᴜꜱɪɴᴇꜱꜱ (ʙ2ʙ/ʙ2ᴄ) ʟᴇᴀᴅꜱ 
💸 ᴄʀʏᴘᴛᴏ/<PERSON>
💱 ᴘᴀʏᴅᴀʏ ʟᴏᴀɴ ɪɴꜰᴏ
🗞 ɪᴍᴍɪɢʀᴀᴛɪᴏɴ <PERSON><PERSON> (ᴡɪᴛʜ/<PERSON>)

✅ᴏʟᴅ ᴀɢᴇ
✅ ᴀɢᴇ ꜰɪʟᴛᴇʀ
✅ ɢᴇɴᴅᴇʀ ꜰɪʟᴛᴇʀ
✅ ᴡʜᴀᴛꜱᴀᴘᴘ ꜰɪʟᴛᴇʀ
✅ ᴀʟʟ ᴛʏᴘᴇꜱ ᴏꜰ ꜰɪʟᴛᴇʀꜱ ᴀʀᴇ ᴀᴠᴀɪʟᴀʙʟᴇ


@comboxlt",False,False,False,False,True,False,False,False,False,False,1916325041,,,,,,,,,6.0,0.0,,,,,,[],
dotnetservice,https://t.me/dotnetservice,2580,2024-02-22 18:02:00,"|HUNTINGTON LOG 

|COMES WITH:

|Account Balance: $4,663

|Online Access+card infos +rdp access ( Email Access+Routing Number+DOB+Zip code+ address+ Personal Fullz + Mmn+Ssn+ Billing Address+ Carrier+Ip/Ua.

|Zelle: ENABLED ✓
|Wire: YES

Price: $190

Dm: @Airprovidar",False,False,False,False,True,False,False,False,False,False,1916325041,,,,,,,,,6.0,0.0,,,,,,[],
dotnetservice,https://t.me/dotnetservice,2581,2024-02-22 19:05:52,"Google Play Console:
      • USA <DATE_TIME> with 1 app
      • USA <DATE_TIME> with 2 app
      • DE 2023 with 1 app
      • UK <DATE_TIME> with 1 app 
      • Any country console without app(Full verified)

Apple developer 

All payment methods of the world are accepted 

Contact/questions - @Reece9

googleplayconsole",False,False,False,False,True,False,False,False,False,False,1916325041,,,,,,,,,7.0,0.0,,,,,,[],
dotnetservice,https://t.me/dotnetservice,2582,2024-02-22 19:17:25,"<PERSON> (Hotmail Breezeline Office 365  Comcast Yahoo
-VPN
-RDP
-Gmail
-Live CC
-Textnow
-Dating accounts/premium 
-Talkatone
-GoogleVoice 
-Bulk SSN / DL
- Business Check & check numbers
- Background checkers
-ID with selfie 
-Paypal logs <PERSON> and Microsoft office365 edu/.CA 
-DL with selfie 
-Email and sms leads/target base
<PERSON>
- Onlyfan with $100 Balance
-Business / Personal Fullz 
-Fullz with 600 - 700 & 850 CS
-DL , SSN, MMN & MVR lookup
-SMS / OTP Verification, all sites.
-Premium spotify -Apple music - Netflix & YouTube
-Personal slips for Mobile deposit 
@Rackzbaby1",False,False,False,False,True,False,False,False,False,False,1916325041,,,,,,,,,8.0,0.0,,,,,,[],
dotnetservice,https://t.me/dotnetservice,2583,2024-02-23 01:48:00,"walmart gift card was successfully carted and instantly redeemed

@IPV14",False,False,False,False,True,False,False,False,False,False,1916325041,,,,,,,5.096364488302636e+18,,5.0,0.0,,,,1.3669223042131356e+16,,[],
dotnetservice,https://t.me/dotnetservice,2584,2024-02-23 01:48:00,,False,False,False,False,True,False,False,False,False,False,1916325041,,,,,,,5.096364488302636e+18,,5.0,0.0,,,,1.3669223042131356e+16,,[],
dotnetservice,https://t.me/dotnetservice,2585,2024-02-23 06:00:10,"Hi Mates 
We Have Best Google Ads Service Now 
Any B&W Ads Service Accepting Invoice Payment
High Trust G-Ads Account Google 
Ads Account + Spending budget 
Old Age Ads Account Available Now
All Service And Account with Guarantee and Never get Suspend.

💰💰💰💻💻💰💰💰

Contact:✍️
@reece9",False,False,False,False,True,False,False,False,False,False,1916325041,,,,,,,6.008357298474433e+18,,5.0,0.0,,,,,,[],
dotnetservice,https://t.me/dotnetservice,2586,2024-02-23 06:05:34,"Fresh unused leads target PayPal just added on the store 
@cashmoneey",False,False,False,False,True,False,False,False,False,False,1916325041,,,,,,,5.816591926445588e+18,,3.0,0.0,,,,,,[],
dotnetservice,https://t.me/dotnetservice,2587,2024-02-23 07:16:44,"<PERSON> SERVICE 

WE SEND TO ALL EMAILS AND ANY COUNTRY (OFFICE,<PERSON>,HOTMAIL,AOL,ETC)

.100% INBOX DELIVERY (GUARANTEED)

.WE USE OUR SMTP & MAILER

.WE DO SENDOUTS FROM 10K - 100K DAILY

. WE USE ONLY THE BEST OF THE BEST SMTPS 

ALL TOOLS ARE REDAY FOR THIS SERVICES ... WE START SENDING IMMIDIATELY 
CONTACT US NOW :

<PERSON>",False,False,False,False,True,False,False,False,False,False,1916325041,,,,,,,5.913491018618094e+18,,4.0,0.0,,,,,,[],
dotnetservice,https://t.me/dotnetservice,2588,2024-02-23 07:53:38,"Japan Freshly Cracked Webmail

Host: eonet.ne.jp
Stock: 500+

Dm @cintra6",False,False,False,False,True,False,False,False,False,False,1916325041,,,,,,,5.965542483192561e+18,,4.0,0.0,,,,,,[],
dotnetservice,https://t.me/dotnetservice,2589,2024-02-23 07:54:40,"THANK YOU FOR ORDER 9 TIMES FROM ME
@cashmoneey",False,False,False,False,True,False,False,False,False,False,1916325041,,,,,,,6.251080236972228e+18,,4.0,0.0,,,,,,[],
dotnetservice,https://t.me/dotnetservice,2590,2024-02-23 08:04:46,"Germany 🇩🇪 Whatsapp Database

Dm me for price
@comboXLT 

Daniel Großjohann <PHONE_NUMBER> Germany
<PERSON> Germany
<PERSON> <PHONE_NUMBER> Germany
Sep Athanas <PHONE_NUMBER> Germany
<PERSON> Germany
<PERSON> <PHONE_NUMBER> Germany
<PERSON> <PHONE_NUMBER> Germany
<PERSON> <PHONE_NUMBER> Germany
<PERSON> <PHONE_NUMBER> Germany
<PERSON> <PHONE_NUMBER> Germany
<PERSON> <PHONE_NUMBER> Germany
<PERSON>
<PERSON>
<PERSON> <PHONE_NUMBER> Germany
<PERSON> <PHONE_NUMBER> Germany
<PERSON> <PHONE_NUMBER> Germany
<PERSON> <PHONE_NUMBER> Germany
<PERSON> <PHONE_NUMBER> Germany
<PERSON> <PHONE_NUMBER> Germany
<PERSON> <PHONE_NUMBER> Germany

@ComboXLT",False,False,False,False,True,False,False,False,False,False,1916325041,,,,,,,,,6.0,0.0,,,,,,[],
dotnetservice,https://t.me/dotnetservice,2591,2024-02-23 15:19:03,"unlimited mail sender
Any domain
6months-$600
12months-$1200

Btc/usdt

@Grey_Hats",False,False,False,False,True,False,False,False,False,False,1916325041,,,,,,,,,5.0,0.0,,,,,,[],
dotnetservice,https://t.me/dotnetservice,2592,2024-02-24 00:16:24,"How to make Config ?

This is a video example of how to create a config.

Full Video $80



Api type: IOS
APP: Paramount

App used: 
BurpSuite community edition
Silverbullet 1.1.2
Apowermirror

Material used:
iPhone 
Pc or laptop (not different)
@cintra6",False,False,False,False,True,False,False,False,False,False,1916325041,,,,,,,,,5.0,0.0,,,,,,[],
dotnetservice,https://t.me/dotnetservice,2593,2024-02-24 05:06:17,"x 50 OFFICE BUSINESS
X 26 GODDADY BUSINESS

X233 CPANEL SSL SUB WORK ( Upload / zip / unzip / edit )  🔐

X13 smtp the best of the best ( 0% spam ratio )  🚨
@cprprof2021",False,False,False,False,True,False,False,False,False,False,1916325041,,,,,,,,,2.0,0.0,,,,,,[],
dotnetservice,https://t.me/dotnetservice,2594,2024-02-24 15:19:40,"Real State Leads Available 

Freshly Dumped 
Total Line: 60k
Country: Mix

Dm @ComboXLT",False,False,False,True,True,False,False,False,False,False,1916325041,,,,,,,5.942578757644697e+18,,2.0,0.0,,,,,,[],
dotnetservice,https://t.me/dotnetservice,2595,2024-02-24 16:48:32,"Office365 SMTP available

Cracker available too 

@cintra6",False,False,False,False,True,False,False,False,False,False,1916325041,,,,,,,6.014882401769079e+18,,2.0,0.0,,,,,,[],
dotnetservice,https://t.me/dotnetservice,2596,2024-02-24 16:50:47,Fresh HOTMAIL.COM leads available @cintra6,False,False,False,False,True,False,False,False,False,False,1916325041,,,,,,,6.255543751669825e+18,,3.0,0.0,,,,,,[],
dotnetservice,https://t.me/dotnetservice,2597,2024-02-24 18:01:56,"BUSINESS CREDIT CARD 

NR: <CREDIT_CARD>
Holder: <PERSON>: 319
EXPIRE: <DATE_TIME>
Address: 7608 Belmont Ave
State: MD
City: Baltimore
Zip: <DATE_TIME>
Country: US
Base: <PHONE_NUMBER>) FRESH US 33
Dob: NONE
Ssn: <IP_ADDRESS>
Phone: <EMAIL_ADDRESS>
Email: <PHONE_NUMBER>

@IPV14",False,False,False,False,True,False,False,False,False,False,1916325041,,,,,,,,,3.0,0.0,,,,,,[],
dotnetservice,https://t.me/dotnetservice,2598,2024-02-24 18:36:09,"👨‍💻OFFICE365 FULL SPAMMING SETUP👨‍💻

👍Bulletproof RDP 4GB
👍Rocketsender v4 node js (<DATE_TIME>)
✈️Inbox strong JP SMTP
👍inbox cookies attachment or links 
👍Undetectable inbox letter

👍all tools will be setup for you on RDP, 
all you do is add your leads and start spamming 

⚡️ Order now : https://t.me/cprprof2021",False,False,False,False,True,False,False,False,False,False,1916325041,,,,,,,,,3.0,0.0,,,,,,[],
dotnetservice,https://t.me/dotnetservice,2599,2024-02-25 06:54:05,T-Mobile SWAP UP right now. holds avail. Pm for acti✅ Regards💬 @TMVSWap,False,False,False,False,True,False,False,False,False,False,1916325041,,,,,,,5.963062229773435e+18,,2.0,0.0,,,,,,[],
dotnetservice,https://t.me/dotnetservice,2601,2024-02-26 04:34:40,,False,False,False,False,True,False,False,False,False,False,1916325041,,,,,,,5.958671699455099e+18,,5.0,0.0,,,,1.3671376644565548e+16,,[],
dotnetservice,https://t.me/dotnetservice,2602,2024-02-26 04:34:41,"¶DRIVERS LICENSES
¶PASSPORTS
¶ID SELFIE
¶UTILITY BILL
¶PAYSTUB
¶SSN CARD
¶W2
¶BUSINESS REGISTRATION
¶CREDIT CARDS 
¶PHOTOSHOP EDITING SERVICES
¶BANK STATEMENTS
¶VOID CHECKS

@sara_Dominic",False,False,False,False,True,False,False,False,False,False,1916325041,,,,,,,5.958671699455099e+18,,5.0,0.0,,,,1.3671376644565548e+16,,[],
dotnetservice,https://t.me/dotnetservice,2603,2024-02-26 06:26:01,"200 fresh Amazon logs

Price 100$

Buy @Grey_Hats",False,False,False,False,True,False,False,False,False,False,1916325041,,,,,,,5.972142993228022e+18,,5.0,0.0,,,,,,[],
dotnetservice,https://t.me/dotnetservice,2604,2024-02-26 11:01:56,Slide in for spammed Linkable cc  @cintra6  come ready,False,False,False,False,True,False,False,False,False,False,1916325041,,,,,,,5.972073075455416e+18,,5.0,0.0,,,,,,[],
dotnetservice,https://t.me/dotnetservice,2605,2024-02-26 11:02:18,"OFFICE 365 FULL SPAMMING SETUP 
$200
Office logs available as well 
 @Rackzbaby1",False,False,False,False,True,False,False,False,False,False,1916325041,,,,,,,5.177126048314273e+18,,5.0,0.0,,,,,,[],
dotnetservice,https://t.me/dotnetservice,2606,2024-02-26 11:03:07,"USA Business database verified

✅ Total : 19 million
✅ Company name, Email address, Mailing address, City, State, Zip code, Phone number, Fax number, Sic code, Industry, Web address
✅ Payment method: <PERSON>/Btc

@mintt6",False,False,False,False,True,False,False,False,False,False,1916325041,,,,,,,6.048851401192358e+18,,5.0,0.0,,,,,,[],
dotnetservice,https://t.me/dotnetservice,2607,2024-02-26 11:53:53,"#WTS📨🆕
235K DATA FROM SWAN BITCOIN
Website : SwanBitcoin.com
Customer Data🖥:

Email, First Name, Last Name, Organization, Title, Phone Number, Address, City, State / Region, Country, Zip Code, Profile Created On,....
Price : $75

Pm: @Dotnetbot1 ✅",False,False,False,False,True,False,False,False,False,False,1916325041,,,,,,,5.970071616400507e+18,,5.0,0.0,,,,,,[],
dotnetservice,https://t.me/dotnetservice,2608,2024-02-26 15:32:30,"SilverBullet 
Url :- Aws.amazon.com
Target :-Hosting/etc...

Proxy : Paid 
Combo   E;P
Bot:- 80
Capture : ✅
Solver ✅

Only 5 copy sell ✅

Prices :- Dm  buy :- @cintra6",False,False,False,False,True,False,False,False,False,False,1916325041,,,,,,,6.055446366425035e+18,,5.0,0.0,,,,,,[],
dotnetservice,https://t.me/dotnetservice,2609,2024-02-26 15:33:02,"Yahoo login County Usa 3K Available 
More County Available login 15k 

Yahoo login available 
Yahoo link Instagram 
Yahoos link Facebook 
Available login For Sell 

Buy:- @Rackzbaby1",False,False,False,False,True,False,False,False,False,False,1916325041,,,,,,,6.203945294475933e+18,,7.0,0.0,,,,,,[],
dotnetservice,https://t.me/dotnetservice,2610,2024-02-26 15:35:16,"27M CORPS FOR SALE

100$

@Reece9",False,False,False,False,True,False,False,False,False,False,1916325041,,,,,,,6.260384497639997e+18,,8.0,0.0,,,,,,[],
dotnetservice,https://t.me/dotnetservice,2611,2024-02-26 15:35:16,"47M USA FOR SALE

170$

@Reece9",False,False,False,False,True,False,False,False,False,False,1916325041,,,,,,,6.260384497639997e+18,,8.0,0.0,,,,,,[],
dotnetservice,https://t.me/dotnetservice,2612,2024-02-26 15:35:17,"138M USA FOR SALE

500$

@Reece9",False,False,False,False,True,False,False,False,False,False,1916325041,,,,,,,6.260384497639997e+18,,8.0,0.0,,,,,,[],
dotnetservice,https://t.me/dotnetservice,2613,2024-02-26 15:47:04,"====🇺🇸|  TRUIST BANK   |🇺🇸====

-Contact the only owner : @Draco6r 
|-| WE BUILD ALL SCAMPAGES TYPES.
|+ TRUE LOGIN 
|+ WITH PANEL LIVE 
|+ MULTIPANEL (MULTIBANQUE)
|+ ANTI <PERSON> 
|+ ANTIBOTS 

@Draco6r 
========================",False,False,False,False,True,False,False,False,False,False,1916325041,,,,,,,,,9.0,0.0,,,,,,[],
dotnetservice,https://t.me/dotnetservice,2614,2024-02-26 21:02:01,,False,False,False,False,True,False,False,False,False,False,1916325041,,,,,,,5.962871670664446e+18,,8.0,0.0,,,,,,[],
dotnetservice,https://t.me/dotnetservice,2615,2024-02-26 21:02:02,"✅New data emails✅
usa .net(1.5million):
Switzerland (336k):
223k other domains
Australia (1.1million)
UK (520k)

🔌Usa (500k):
Yahoo//gmail/hotmail/aol/sbcglobal/&others

🔌France and germany(1.4 milion):
GMX/free.net/web.de/t-online/yahoo/others (Europe)
 
ℹ️private and fresh
in stock all country and all domains
Inbox @Rackzbaby1",False,False,False,False,True,False,False,False,False,False,1916325041,,,,,,,5.962871670664446e+18,,8.0,0.0,,,,,,[],
dotnetservice,https://t.me/dotnetservice,2616,2024-02-26 21:29:33,"Sometimes the logs you buy might be good, but because your IP is detectable or weak, it will lock the account and btc wasted.",False,False,False,False,True,False,False,False,False,False,1916325041,,,,,,,,,8.0,0.0,,,,,,[],
dotnetservice,https://t.me/dotnetservice,2617,2024-02-27 07:31:19,"WHM 83 CP ACCOUNTS :
➡️ PRICE 100$ 
DM @grey_hats",False,False,False,False,True,False,False,False,False,False,1916325041,,,,,,,6.010251550850662e+18,,6.0,0.0,,,,,,[],
dotnetservice,https://t.me/dotnetservice,2618,2024-02-27 10:54:17,"🚨SENDOUTS ISSUES SOLVED

SPAMMER WHO FACING SENDOUTS ISSUES HAVE NO WORRIES NOW I GOT YOU 

JOIN MY SENDOUTS COURSE :
TOPICS:
BYPASSING CARRIER SECURITY✅
MAKING UNDETECTABLE CONTENT ✅
MANAGING YOUR LINK ✅
BEST SHORTNER ✅
ATTRACTIVE CONTENT ✅
ALL NECESSARY TOOLS✅
LIVE WALKTHROUGH ✅
LIVE RESULTS ✅
PRIVATE SENDER✅
3 WORKING WAYS TO SMS SENDOUT ✅


PRICE : DISCUSS IN DM

@seosmtp",False,False,False,False,True,False,False,False,False,False,1916325041,,,,,,,,,6.0,0.0,,,,,,[],
dotnetservice,https://t.me/dotnetservice,2619,2024-02-27 13:19:12,"🌟<PERSON> 𝐟𝐨𝐫 𝐞𝐯𝐞𝐫𝐲 𝐜𝐨𝐮𝐧𝐭𝐫𝐲🌟

⚡️Fresh and active Cell phone Data available.
⚡️ Connectivity rate minimum 80-90%.
🔔 Fresh and valid Email Data available.
🔔  90-95% inbox guarantee.

🔊 I Can Provide you Targeted Cellphone Leads.

📭 <PERSON> / 𝚙𝚕𝚊𝚌𝚒𝚗𝚐 𝚘𝚛𝚍𝚎𝚛𝚜, 𝚖𝚊𝚜𝚜𝚊𝚐𝚎 𝚖𝚎📮
Telegram: @Mintt6",False,False,False,False,True,False,False,False,False,False,1916325041,,,,,,,5.976570430200332e+18,,5.0,0.0,,,,,,[],
dotnetservice,https://t.me/dotnetservice,2620,2024-02-27 13:51:39,"Best logs 100K invoices office business any category available 
Best nonvbv's available with cc log of it

PACK TOOLS 70$
contains even aws ses 25K 📩
Bulletproof cpanels  🔐 /
private made pages 👊

15 stock available : Bulk in shells and cpanels + webmails ( NOT SMTPS ses ) ⚡️

Boss / Support : @Cprprof2021",False,False,False,False,True,False,False,False,False,False,1916325041,,,,,,,,,6.0,0.0,,,,,,[],
dotnetservice,https://t.me/dotnetservice,2621,2024-02-27 15:59:16,"All is 100%Live 

Office365 ✅

DM for results @grey_Hats 
Payment remains: <PERSON>/Btc",False,False,False,False,True,False,False,False,False,False,1916325041,,,,,,,,,5.0,0.0,,,,,,[],
dotnetservice,https://t.me/dotnetservice,2622,2024-02-27 18:58:25,"WTS ACCESS .ID  @Taz_spam

stkipabdi.ac.id
smpn24padang.sch.id
jik.stikesalifah.ac.id
jurnal.staiyaptip.ac.id
jurnal.staiyastispadang.ac.id
ojs.stikesamanahpadang.ac.id
ojs.stikestengkumaharatu.ac.id
ojs.unisbar.ac.id
staiyaptip.ac.id
stikeslandbouw.ac.id
winadaclinic.com
klinikrahmihatta.com
jpik.stikesalifah.ac.id
stitalmathiriyah.ac.id
akperkesdam-padang.ac.id
akpersbtdumai.ac.id
apikesiris.ac.id
ojs.stkip-ahlussunnah.ac.id
siadak.aakharapanbangsa.ac.id
stai-bls.ac.id
staiyastispadang.ac.id
stiepi.ac.id
stikesalifah.ac.id
stit-diniyyahputeri.ac.id
stit-syekhburhanuddin.ac.id
stitahlussunnah.ac.id
stkip-ahlussunnah.ac.id
donbosco-pdg.sch.id
ojs.iaisumbar.ac.id
stiaadabiah.ac.id
stikesmerangin.ac.id
stikestengkumaharatu.ac.id
aakharapanbangsa.ac.id
akbid-pasbar.ac.id
amsspadang.ac.id
ashiha.stikes-pialasakti.ac.id
conference.stkipydb.ac.id
<PERSON>
ojs.apikesiris.ac.id
ojs.stai-bls.ac.id
ojs.stiepi.ac.id
ojs.stikesmerangin.ac.id
ojs.stit-syekhburhanuddin.ac.id
ojs.stkipydb.ac.id
pustaka.stit-syekhburhanuddin.ac.id
siadak.iaisumbar.ac.id
stikes-pialasakti.ac.id
stikespid.ac.id
stkipydb.ac.id
ejournal.stitahlussunnah.ac.id

✅Payment : BTC,USDT
@dotnetbot1",False,False,False,False,True,False,False,False,False,False,1916325041,,,,,,,,,6.0,0.0,,,,,,[],
dotnetservice,https://t.me/dotnetservice,2623,2024-02-28 04:10:23,"<IP_ADDRESS>:3389@DOLLAR\administrator;admin@123
<IP_ADDRESS>:3389@SERVER\remote;admin@123
<IP_ADDRESS>:3389@WIN-V0ITCE06GIA\administrator;Admin@123
<IP_ADDRESS>:3389@WIN-DN825V88VJ7\administrator;Admin@123
<IP_ADDRESS>:3389@SERVER\administrator;Admin@123
<IP_ADDRESS>:3389@WIN-AVFLCMTPE0I\administrator;Admin@123
<IP_ADDRESS>:3389@SERVER\administrator;Admin@123
<IP_ADDRESS>:3389@WINDOWS-MT6GOID\administrator;Admin@123
<IP_ADDRESS>:3389@SERVER\User;Admin@123
<IP_ADDRESS>:3389@SERVERPC\server;Admin@123
<IP_ADDRESS>:3389@SERVER\administrator;Admin123
<IP_ADDRESS>:3389@ACER-1\administrator;12345
<IP_ADDRESS>:3389@EXATOLAB\administrator;Password@123
<IP_ADDRESS>:3389@WIN-PELM08CTN6C\admin;Password@123
<IP_ADDRESS>:3389@WIN-PELM08CTN6C\Admin;Password@123",False,False,False,False,True,False,False,False,False,False,1916325041,,,,,,,,,5.0,0.0,,,,,,[],
dotnetservice,https://t.me/dotnetservice,2624,2024-02-28 04:13:00,"[Office 365 Checker/Debouncer/Validator]
Fastest Office 365 Checker
Proxy Less Checker
Powered with aioHTTP and pypeln
99% Accurate Checker

PRICE : @draco6r",False,False,False,False,True,False,False,False,False,False,1916325041,,,,,,,5.97660564893216e+18,,5.0,0.0,,,,,,[],
dotnetservice,https://t.me/dotnetservice,2625,2024-02-28 04:20:07,"Office365 Verified Leads
DM @Reece9",False,False,False,False,True,False,False,False,False,False,1916325041,,,,,,,6.021810390175956e+18,,4.0,0.0,,,,,,[],
dotnetservice,https://t.me/dotnetservice,2626,2024-02-28 04:20:39,Fresh HOTMAIL.COM leads available @cintra6,False,False,False,False,True,False,False,False,False,False,1916325041,,,,,,,6.255543751669825e+18,,5.0,0.0,,,,,,[],
dotnetservice,https://t.me/dotnetservice,2627,2024-02-28 04:21:52,upwork logs . pm: @Rackzbaby1,False,False,False,False,True,False,False,False,False,False,1916325041,,,,,,,,,4.0,0.0,,,,,,[],
dotnetservice,https://t.me/dotnetservice,2628,2024-02-28 05:00:10,"📍I SELL CPANEL IN BULK. 
📍I SELL SHELL IN BULK.
📍I SELL WHM  IN BULK. 

ac.id
go.id
sch.id  
co.id 
or.id  
my.id 
.id
.com

@Rackzbaby1",False,False,False,False,True,False,False,False,False,False,1916325041,,,,,,,,,5.0,0.0,,,,,,[],
dotnetservice,https://t.me/dotnetservice,2629,2024-02-28 06:37:57,"🖥🌐500€ THRESHOLD 🌐🖥

Extra real balance 

Account have history and live ads📺

Available <NRP>✅

👑Full spend guarantee <NRP>

❌Accounts have guarantees if suspended or problem after 30min change the account

@Managingz",False,False,False,False,True,False,False,False,False,False,1916325041,,,,,,,6.007999751036977e+18,,5.0,0.0,,,,,,[],
dotnetservice,https://t.me/dotnetservice,2630,2024-02-28 20:22:02,"➡️ COMBOLIST AVAILABLE-

➡️USA HQ COMBO MIX DOMAINS
➡️MIXED COMBOS
➡<PERSON>
➡️WEB.DE COMBO
➡️GAMING COMBO

➡️CONFIG AVAILABLE-

➡️PICSART
➡️NETFLIX PRV
➡️BETPANDA
➡️MY CANAL
➡️CRUNCHYROLL
➡️PUREFLIX
➡<NRP>
➡️NBA
➡️DISNEY+
➡️QUILLBOT
➡️CALL OF DUTY
➡<DATE_TIME>
➡️FACEBOOK
➡<PERSON>
➡️HOICHOI
➡️CHORKI

➡️ PROXY-

➡️ AVAILABLE ✅

⚜️ PRICE IS CHEAP ☑️

✈️ DM ME TO BUY- @ComboXLT",False,False,False,False,True,False,False,False,False,False,1916325041,,"{'_': 'MessageFwdHeader', 'date': '2024-02-28T20:21:31+00:00', 'imported': False, 'saved_out': False, 'from_id': None, 'from_name': 'Jack Lancey D.', 'channel_post': None, 'post_author': None, 'saved_from_peer': None, 'saved_from_msg_id': None, 'saved_from_id': None, 'saved_from_name': None, 'saved_date': None, 'psa_type': None}",,,,,,,6.0,0.0,,,,,,[],
dotnetservice,https://t.me/dotnetservice,2631,2024-02-29 07:07:09,"SMTP Cracker  $55

SoLd 
By @ComboXLT

Purchase tools Discount 
🌲🎄 @ComboXLT",False,False,False,False,True,False,False,False,False,False,1916325041,,,,,,,6.001055699452412e+18,,4.0,0.0,,,,,,[],
dotnetservice,https://t.me/dotnetservice,2632,2024-02-29 09:17:06,"💻OFFICE365 FULL SPAMMING SETUP💻

📁Bulletproof RDP 4GB
📁Rocketsender v4 node js (<DATE_TIME>)
📁Inbox strong JP SMTP
📁Inbox cookies attachment or links 
📁Undetectable inbox letter

📁All tools will be setup for you on RDP, 
all you do is add your leads and start spamming 

⚡️ Order now : https://t.me/cprprof2021",False,False,False,False,True,False,False,False,False,False,1916325041,,,,,,,,,3.0,0.0,,,,,,[],
dotnetservice,https://t.me/dotnetservice,2633,2024-02-29 13:44:50,@cashmoneey,False,False,False,False,True,False,False,False,False,False,1916325041,,,,,,,,,3.0,0.0,,,,,,[],
dotnetservice,https://t.me/dotnetservice,2634,2024-02-29 13:46:32,"Your homie's ain't getting those number$ HMU for tax sauce
@cashmoneey",False,False,False,False,True,False,False,False,False,False,1916325041,,,,,,,5.979036050665882e+18,,3.0,0.0,,,,,,[],
dotnetservice,https://t.me/dotnetservice,2635,2024-02-29 13:47:38,THANK YOU FOR ORDER 10 TIMES FROM ME,False,False,False,False,True,False,False,False,False,False,1916325041,,,,,,,6.26478036660268e+18,,3.0,0.0,,,,,,[],
dotnetservice,https://t.me/dotnetservice,2636,2024-02-29 14:38:27,"Purchase all SMTP valid 

Two office smtp sold $50 

@seosmtp",False,False,False,False,True,False,False,False,False,False,1916325041,,,,,,,5.960670512810149e+18,,3.0,0.0,,,,1.3673740057818172e+16,,[],
dotnetservice,https://t.me/dotnetservice,2637,2024-02-29 14:38:27,,False,False,False,False,True,False,False,False,False,False,1916325041,,,,,,,5.960670512810149e+18,,3.0,0.0,,,,1.3673740057818172e+16,,[],
dotnetservice,https://t.me/dotnetservice,2638,2024-02-29 14:38:28,,False,False,False,False,True,False,False,False,False,False,1916325041,,,,,,,5.960670512810149e+18,,4.0,0.0,,,,1.3673740057818172e+16,,[],
dotnetservice,https://t.me/dotnetservice,2639,2024-02-29 15:33:15,"<PERSON>]  PREMIUM ACCOUNTS✅

<EMAIL_ADDRESS>:099hurdles
<EMAIL_ADDRESS>:56456718
<EMAIL_ADDRESS>:CVy6k2fA
<EMAIL_ADDRESS>:88786118
<EMAIL_ADDRESS>:XH7Uyk57TjxED6G1
<EMAIL_ADDRESS>:a79a3f8c
<EMAIL_ADDRESS>:pesayangan
<EMAIL_ADDRESS>:<PERSON>
<EMAIL_ADDRESS>:<PERSON>:botopro202113
<EMAIL_ADDRESS>:<US_PASSPORT>
<EMAIL_ADDRESS>:Chefjosh14",False,False,False,False,True,False,False,False,False,False,1916325041,,,,,,,,,4.0,0.0,,,,,,[],
dotnetservice,https://t.me/dotnetservice,2640,2024-03-01 01:50:24,"EMAIL SENDOUTS SERVICE ⚠️

WE SEND TO ALL EMAILS AND ANY COUNTRY (OFFICE,<PERSON>,HOTMAIL,AOL,ETC)

.100% INBOX DELIVERY (GUARANTEED)

.WE USE OUR SMTP & MAILER

.WE DO SENDOUTS FROM 10K - 100K DAILY

. WE USE ONLY THE BEST OF THE BEST SMTPS 

ALL TOOLS ARE REDAY FOR THIS SERVICES ... WE START SENDING IMMIDIATELY 

🤙🏻 CONTACT US NOW :

<PERSON>",False,False,False,False,True,False,False,False,False,False,1916325041,,,,,,,5.172937244019895e+18,,4.0,0.0,,,,,,[],
dotnetservice,https://t.me/dotnetservice,2641,2024-03-01 03:42:18,"SMS Sender 🧰 worldwide
SMS 🧰  <DATE_TIME> = 35$
SMS 🧰  <DATE_TIME> = 50$
SMS 🧰   <DATE_TIME> = 100$
SMS 🧰    Life Time = 200$
Use API twilio or telnyx
let's go dm @cintra6",False,False,False,False,True,False,False,False,False,False,1916325041,,,,,,,5.974143365656199e+18,,3.0,0.0,,,,,,[],
dotnetservice,https://t.me/dotnetservice,2642,2024-03-01 08:48:38,"leads <PERSON>, Pm: for fresh leads @dattyl",False,False,False,False,True,False,False,False,False,False,1916325041,,,,,,,,,1.0,0.0,,,,,,[],
dotnetservice,https://t.me/dotnetservice,2643,2024-03-01 08:52:00,"VIP COMBO Selling Services

Selling UHQ Combolist & Hits
Cheap Price on Market
Full Valid Lines & Unraped
~~~
Country Combos - Streaming Combos - Shopping Combos
- Gaming Combos - Mailaccess Combos 
~~~
Yahoo , Hotmail , Aol , ATT , Web.de , Gmx.de 
~~~
All lines have a WARRANTY for VAILD and PRIVATE base

@mintt6",False,False,False,False,True,False,False,False,False,False,1916325041,,,,,,,,,1.0,0.0,,,,,,[],
dotnetservice,https://t.me/dotnetservice,2644,2024-03-01 08:53:00,"Office SMTP’s available in bulk
20$ for 2 promo
@Rackzbaby1",False,False,False,False,True,False,False,False,False,False,1916325041,,,,,,,5.794423139214672e+18,,2.0,0.0,,,,,,[],
dotnetservice,https://t.me/dotnetservice,2645,2024-03-01 09:41:20,"🎥 MULTI CAPTURE PANEL, IN ACTION. 

FIRST part of our massive update is now live!

Currently LIVE: 
 1. MULTI CAPTURE PANEL - Capture OTP, PIN, SSN, MMN CVV... and any other info all in ONE call. (available in every subscription package. 

 2. MMN - Capture MMN of target 🎯. (Yes you read that well) The only bot that offers this unique and money making option in the market. 

 3. VOLUME - We increased and enhanced the volume (LOUD 🔊 AND CLEAR )

<DATE_TIME> INCOMING UPDATES: 

 1. ENHANCED PGP - ( This is PGP on steroids )
 2. DPGP ULTRA - Call victims directly as representative. 
 3. TAX - Capture info via bot. This is for our users that are working on TAX REFUND. We are the only bot ""YES THE ONLY "" That will offer this.

Stay tuned – your experience is about to get even better! 

@SwapSim1",False,False,False,False,True,False,False,False,False,False,1916325041,,,,,,,,,2.0,0.0,,,,,,[],
dotnetservice,https://t.me/dotnetservice,2646,2024-03-01 12:34:35,"Bulk Ids Icloud available for cheap price
1k<DATE_TIME> sending limit for account
App Password only
ps : if u need the method of creating pm me: @cintra6",False,False,False,False,True,False,False,False,False,False,1916325041,,,,,,,5.780458027281924e+18,,4.0,0.0,,,,,,[],
dotnetservice,https://t.me/dotnetservice,2647,2024-03-01 14:00:31,✅💙FREE SMTP SENDER  SCRIPT PYTHON 1️⃣❤️,False,False,False,False,True,False,False,False,False,False,1916325041,,,,,,,,,3.0,0.0,,,,,,[],
dotnetservice,https://t.me/dotnetservice,2648,2024-03-01 14:00:31,<PERSON>,False,False,False,False,True,False,False,False,False,False,1916325041,,,,,,,,,3.0,0.0,,,,,,[],
dotnetservice,https://t.me/dotnetservice,2649,2024-03-01 14:00:31,,False,False,False,False,True,False,False,False,False,False,1916325041,,,,,,,5.976564052173898e+18,,3.0,0.0,,,,,,[],
dotnetservice,https://t.me/dotnetservice,2650,2024-03-01 16:04:42,"Singapore Consumer Email Database

✅ Quantity : 897k
✅ Price : $149
✅ Telegram : @reece9",False,False,False,False,True,False,False,False,False,False,1916325041,,,,,,,,,3.0,0.0,,,,,,[],
dotnetservice,https://t.me/dotnetservice,2651,2024-03-01 16:04:42,"USA Consumer Database State Wise 2024

✅ Quantity : 12 million
✅ Price : $350
✅ Telegram : @reece9",False,False,False,False,True,False,False,False,False,False,1916325041,,,,,,,,,3.0,0.0,,,,,,[],
dotnetservice,https://t.me/dotnetservice,2652,2024-03-01 16:04:43,"<NRP> LinkedIn Database 2024

✅ Country : India
✅ Quantity : 1 Million
✅ Price : $100
✅ Telegram : @reece9",False,False,False,False,True,False,False,False,False,False,1916325041,,,,,,,,,3.0,0.0,,,,,,[],
dotnetservice,https://t.me/dotnetservice,2653,2024-03-01 16:09:13,,False,False,False,False,True,False,False,False,False,False,1916325041,,,,,,,,,3.0,0.0,,,,,,[],
dotnetservice,https://t.me/dotnetservice,2654,2024-03-01 16:17:07,"Bulk Ids Icloud available for cheap price
1k<DATE_TIME> sending limit for account
App Password only
ps : if u need the method of creating pm me: @cintra6",False,False,False,False,True,False,False,False,False,False,1916325041,,,,,,,5.120892763062252e+18,,4.0,0.0,,,,,,[],
dotnetservice,https://t.me/dotnetservice,2655,2024-03-01 18:05:50,"📬 CRACKED AWS CONSOL  PANEL 57K📬  

🖥 SES Quota : 57.000  🖥 us-east-1

 ⚡️ Price: ( Dm ) 

➡️ Single Contact <DATE_TIME>",False,False,False,False,True,False,False,False,False,False,1916325041,,,,,,,5.949685090273575e+18,,3.0,0.0,,,,,,[],
