Channel ID,URL,Post ID,date,message,out,mentioned,media_unread,silent,post,from_scheduled,legacy,edit_hide,pinned,noforwards,peer_channel,from_id_user,fwd_from,via_bot_id,reply_to_msg_id,reply_to_scheduled,forum_topic,media_photo_id,reply_markup,views,forwards,replies,edit_date,post_author,grouped_id,reactions,restriction_reason,ttl_period
emaillogspam,https://t.me/emaillogspam,1107,2024-01-25 00:12:53,Tap in for shells to host your pages and more..<PERSON>,False,False,False,True,True,False,False,True,False,False,1901530034,,,,,,,5.012661730391731e+18,,54,2,"{'_': 'MessageReplies', 'replies': 0, 'replies_pts': 2308, 'comments': True, 'recent_repliers': [], 'channel_id': 1973858964, 'max_id': None, 'read_max_id': None}",2024-01-25T00:12:54+00:00,,,,[],
emaillogspam,https://t.me/emaillogspam,1108,2024-01-25 00:12:53,"✅ Access For Sell (WebShell)  
✔️ akademi-tni.mil.id  Full Access <NRP> military  (20 Subdomain) ✔️

akademi-tni.mil.id 
2023.e-praspa.akademi-tni.mil.id  
akademi-tni.mil.id  
buku-kenangan.akademi-tni.mil.id  
buku-praspa.akademi-tni.mil.id  
buku.akademi-tni.mil.id  
diksar-integratif.akademi-tni.mil.id  
e-arsip.akademi-tni.mil.id  
e-infodik.akademi-tni.mil.id  
e-kesehatan.akademi-tni.mil.id  
e-kinerja.akademi-tni.mil.id  
e-learning.akademi-tni.mil.id  
e-library.akademi-tni.mil.id  
e-penilaian.akademi-tni.mil.id  
e-praspa.akademi-tni.mil.id  
lama.akademi-tni.mil.id  
latsitadanu.akademi-tni.mil.id  
mail.akademi-tni.mil.id  
piktar.akademi-tni.mil.id  
prabhatar.akademi-tni.mil.id
taruna.akademi-tni.mil.id  



✅Payment : BTC 🪙 , ETH🪙 , USDT 🪙
🔹🔹🔹🔹🔹🔹🔹🔹🔹🔹🔹🔹

@Trojanx0077",False,False,False,True,True,False,False,True,False,False,1901530034,,,,,,,,,68,1,"{'_': 'MessageReplies', 'replies': 0, 'replies_pts': 2308, 'comments': True, 'recent_repliers': [], 'channel_id': 1973858964, 'max_id': None, 'read_max_id': None}",2024-01-25T00:12:54+00:00,,,,[],
emaillogspam,https://t.me/emaillogspam,1109,2024-01-25 00:12:54,"Smtp high quality cracker 45$ with guide to run it untill you get first smtp . <PERSON> will be provided 10k fresh 📌

@Plug2benjamin",False,False,False,True,True,False,False,True,False,False,1901530034,,,,,,,5.877535077129372e+18,,64,1,"{'_': 'MessageReplies', 'replies': 0, 'replies_pts': 2308, 'comments': True, 'recent_repliers': [], 'channel_id': 1973858964, 'max_id': None, 'read_max_id': None}",2024-01-25T00:12:56+00:00,,,,[],
emaillogspam,https://t.me/emaillogspam,1110,2024-01-25 00:12:54,"📁* Croatia <PERSON> update and valid Database available (<DATE_TIME>)* 📂

Dive into our expansive Croatia <PERSON>database, brimming with possibilities:

📈 Total Data: Over 2.3 Million Entries

🚀 <DATE_TIME>, we present Croatia <PERSON> and WhatsApp database, hosted on our secure server:

✅ Affordable
✅ Fresh Records
✅ Daily Updates
✅ Top-Quality

🥡 Secure Your Order Now!

💳 Customize your selection:

📱 Croatia <PERSON>  Cellphone Leads
🏙️ Croatia 🇭🇷 City & Zip Codes
💻 Flexible Filtering Options
💬 WhatsApp Contacts
👴👵 Older Age Groups
💲 High Net Worth Individuals
🚗 Car Owners
🏡 Homeowners
💰 High-Income Profiles
💱 Forex and Crypto Investors

🗣️ Croatia <PERSON> Headers:

🏅 First Name | Last Name | Cellphone Number | Gender | Address | Occupation | Country

🎉 We can provide you with full headers as well.

🤝 Order now...... @Plug2benjamin",False,False,False,True,True,False,False,True,False,False,1901530034,,,,,,,,,74,0,"{'_': 'MessageReplies', 'replies': 0, 'replies_pts': 2308, 'comments': True, 'recent_repliers': [], 'channel_id': 1973858964, 'max_id': None, 'read_max_id': None}",2024-01-25T00:12:56+00:00,,,,[],
emaillogspam,https://t.me/emaillogspam,1111,2024-01-26 00:47:03,"🔴 <PERSON> 50k Sold ✅
----------------------------
DM : @Ipboyz",False,False,False,True,True,False,False,True,False,False,1901530034,,,,,,,5.877535077129372e+18,,62,0,"{'_': 'MessageReplies', 'replies': 0, 'replies_pts': 2308, 'comments': True, 'recent_repliers': [], 'channel_id': 1973858964, 'max_id': None, 'read_max_id': None}",2024-01-26T00:47:07+00:00,,,,[],
emaillogspam,https://t.me/emaillogspam,1112,2024-01-26 00:47:04,"Course spamming sms /Emails☣️

With Tools☑️
Scampage <DATE_TIME>☑️
Cpanels hacked 👌
Letters For Email Spamming 📩
4 <PERSON>
Leads phone number/Emails☑️
2 rdp ✔️
Course video/Anydesk✔️
Course smtp to sms ☣<NRP>
With cracking Smtps /Shells /Cpanels/Mailer✔️
Cracking sms apis✔️
Validator number ☑️
Generator number ✔️
RESULT smtps to your email 📥
Cracking with laravel Private version ☑️
Get Ips Frash ✔️
Checking ips ✔️
Openbullet with config s☣️
Smtps 5 config ☑️
Sms 3 config ☑️
With smtps to sms 

tap in @Webeyex",False,False,False,True,True,False,False,True,False,False,1901530034,,,,,,,,,65,2,"{'_': 'MessageReplies', 'replies': 0, 'replies_pts': 2308, 'comments': True, 'recent_repliers': [], 'channel_id': 1973858964, 'max_id': None, 'read_max_id': None}",2024-01-26T00:47:07+00:00,,,,[],
emaillogspam,https://t.me/emaillogspam,1113,2024-01-26 00:47:04,"Senior citizens Database

Total Counts :- 1,108,640

<DATE_TIME>

Price: $590

Payment via crypto 

@Ironvirus002",False,False,False,True,True,False,False,True,False,False,1901530034,,,,,,,,,60,1,"{'_': 'MessageReplies', 'replies': 0, 'replies_pts': 2308, 'comments': True, 'recent_repliers': [], 'channel_id': 1973858964, 'max_id': None, 'read_max_id': None}",2024-01-26T00:47:07+00:00,,,,[],
emaillogspam,https://t.me/emaillogspam,1114,2024-01-26 00:47:04,"Bulk OWA Webmail fresh ready for sell 

Country base combo 
Targeted Domain combo 
Random Domain combo 
Mail access combo 
Mail leads 
Number Leads 
Cpanel , Webmail 

Everything is available 
DM @Trojanx0077",False,False,False,True,True,False,False,True,False,False,1901530034,,,,,,,6.167893025460699e+18,,73,1,"{'_': 'MessageReplies', 'replies': 0, 'replies_pts': 2308, 'comments': True, 'recent_repliers': [], 'channel_id': 1973858964, 'max_id': None, 'read_max_id': None}",2024-01-26T00:47:07+00:00,,,,[],
emaillogspam,https://t.me/emaillogspam,1115,2024-01-26 00:47:05,"SMS API Sender WorldWide  for sale 📲

-  No SIM 
-  No Burner 
-  Any spamming content allowed
-  International sending ( all countries )
-  Custom ID 
-  Longcode / Shortcode available 

DM @Ironvirus002 to purchase",False,False,False,True,True,False,False,True,False,False,1901530034,,,,,,,,,75,0,"{'_': 'MessageReplies', 'replies': 0, 'replies_pts': 2308, 'comments': True, 'recent_repliers': [], 'channel_id': 1973858964, 'max_id': None, 'read_max_id': None}",2024-01-26T00:47:07+00:00,,,,[],
emaillogspam,https://t.me/emaillogspam,1116,2024-01-26 00:47:05,"New Method Unlimited Send Emails 🔥
Inbox all domains
@Trojanx0077",False,False,False,True,True,False,False,True,False,False,1901530034,,,,,,,5.879657426628755e+18,,76,2,"{'_': 'MessageReplies', 'replies': 0, 'replies_pts': 2308, 'comments': True, 'recent_repliers': [], 'channel_id': 1973858964, 'max_id': None, 'read_max_id': None}",2024-01-26T00:47:07+00:00,,,,[],
emaillogspam,https://t.me/emaillogspam,1117,2024-01-27 13:11:07,"SMS Sender Software  + 50K SMS Per Day (3 Months License Key) .

+ Customized  ID ( Depends on Country ) 📲

+ Script Works with Python ❗️

+ Send Bulk Messages 📨

+  No SMTP or SIM is required  ❌

+ Send with SenderID No Number 🔕

+ Send Messages Worldwide / International ✅

+ Demo Video in inbox ✅

👨‍💻 Contact : <PERSON>",False,False,False,True,True,False,False,True,False,False,1901530034,,,,,,,5.882037667439429e+18,,51,3,"{'_': 'MessageReplies', 'replies': 0, 'replies_pts': 2308, 'comments': True, 'recent_repliers': [], 'channel_id': 1973858964, 'max_id': None, 'read_max_id': None}",2024-01-27T13:11:10+00:00,,,,[],
emaillogspam,https://t.me/emaillogspam,1118,2024-01-27 13:11:07,"New and fresh data , emails and leads available @Knightbatx",False,False,False,True,True,False,False,True,False,False,1901530034,,,,,,,5.881988219480949e+18,,50,3,"{'_': 'MessageReplies', 'replies': 0, 'replies_pts': 2308, 'comments': True, 'recent_repliers': [], 'channel_id': 1973858964, 'max_id': None, 'read_max_id': None}",2024-01-27T13:11:10+00:00,,,,[],
emaillogspam,https://t.me/emaillogspam,1119,2024-01-27 13:11:08,"UHQ Hotmail Logz (Web Login Valid 100%)
Freshly Checked

Total: 400
Price: Dm With Offer

Dm @Webeyex",False,False,False,True,True,False,False,True,False,False,1901530034,,,,,,,6.170227142617577e+18,,47,4,"{'_': 'MessageReplies', 'replies': 0, 'replies_pts': 2308, 'comments': True, 'recent_repliers': [], 'channel_id': 1973858964, 'max_id': None, 'read_max_id': None}",2024-01-27T13:11:10+00:00,,,,[],
emaillogspam,https://t.me/emaillogspam,1120,2024-01-27 13:11:08,"#Hotmail 2FA
##Veriphone
#Unraped/Freshly
Warranty bad pass.
28.000 in Stock.
Price= 2k - 50$

Buy:- @Webeyex",False,False,False,True,True,False,False,True,False,False,1901530034,,,,,,,5.88191302319353e+18,,52,4,"{'_': 'MessageReplies', 'replies': 0, 'replies_pts': 2308, 'comments': True, 'recent_repliers': [], 'channel_id': 1973858964, 'max_id': None, 'read_max_id': None}",2024-01-27T13:11:10+00:00,,,,[],
emaillogspam,https://t.me/emaillogspam,1121,2024-01-27 13:11:08,"sch.id cpanel 35$ 
co.id cpanel 25$
or.id cpanel 25$ 
ac.id cpanel 35$
Go.id cpanel 35$
Edu.my cpanel 35$
.edu 35$
Moh.gov.my  500$
Ui.ac.id   500$ 
My.id 25$ 
.VN shell+cpanel 35$ 
Wp logs 10$
——————-
@Ironvirus002",False,False,False,True,True,False,False,True,False,False,1901530034,,,,,,,,,61,3,"{'_': 'MessageReplies', 'replies': 0, 'replies_pts': 2308, 'comments': True, 'recent_repliers': [], 'channel_id': 1973858964, 'max_id': None, 'read_max_id': None}",2024-01-27T13:11:10+00:00,,,,[],
emaillogspam,https://t.me/emaillogspam,1122,2024-01-27 13:11:09,"UK Fresh Email Data For Sell


Domain Stock
Aol.co
Blueyonder.co
Hotmail.co
Live.co
Tiscali.co
Yahoo.co


Fully Fresh Dump
Only Email

Contact :- @Ironvirus002

Payment Method
Btc/Eth/Ltc/Xmr/usdt",False,False,False,True,True,False,False,True,False,False,1901530034,,,,,,,5.884164823007216e+18,,67,3,"{'_': 'MessageReplies', 'replies': 0, 'replies_pts': 2308, 'comments': True, 'recent_repliers': [], 'channel_id': 1973858964, 'max_id': None, 'read_max_id': None}",2024-01-27T13:11:10+00:00,,,,[],
emaillogspam,https://t.me/emaillogspam,1123,2024-01-28 03:55:00,"Exploit SMTP cracker 

New version <DATE_TIME>🔥

Features of cracker 

Mass cracker 
SMTP checker
Twillio checker
Nexmo checker
Domain to ips
AWS checker
Login creator

Buy here 
@Ipboyz",False,False,False,True,True,False,False,True,False,False,1901530034,,,,,,,5.940785613093584e+18,,71,3,"{'_': 'MessageReplies', 'replies': 0, 'replies_pts': 2308, 'comments': True, 'recent_repliers': [], 'channel_id': 1973858964, 'max_id': None, 'read_max_id': None}",2024-01-28T03:55:03+00:00,,,,[],
emaillogspam,https://t.me/emaillogspam,1124,2024-01-28 23:30:07,"Australia <DATE_TIME> Email+Name


Contact to Purchase at
@Trojanx0077",False,False,False,True,True,False,False,True,False,False,1901530034,,,,,,,5.024302990139437e+18,,63,2,"{'_': 'MessageReplies', 'replies': 0, 'replies_pts': 2308, 'comments': True, 'recent_repliers': [], 'channel_id': 1973858964, 'max_id': None, 'read_max_id': None}",2024-01-28T23:30:10+00:00,,,,[],
emaillogspam,https://t.me/emaillogspam,1125,2024-01-28 23:30:07,"CPanel Available Random 

100 CPanel > Price: 40$ 

1000 CPanel > Price: 300$ 

Payment : BTC / USDT 

Stock : 2600 CPanel 

I am Here  : <PERSON>",False,False,False,True,True,False,False,True,False,False,1901530034,,,,,,,5.024275373499723e+18,,70,3,"{'_': 'MessageReplies', 'replies': 0, 'replies_pts': 2308, 'comments': True, 'recent_repliers': [], 'channel_id': 1973858964, 'max_id': None, 'read_max_id': None}",2024-01-28T23:30:10+00:00,,,,[],
emaillogspam,https://t.me/emaillogspam,1126,2024-01-28 23:30:07,"go.id Webmail available 

Country base combo 
Targeted Domain combo 
Random Domain combo 
Mail access combo 
Mail leads 
Number Leads 
Cpanel , Webmail 


DM @Ironvirus002",False,False,False,True,True,False,False,True,False,False,1901530034,,,,,,,6.174926854746653e+18,,91,2,"{'_': 'MessageReplies', 'replies': 0, 'replies_pts': 2308, 'comments': True, 'recent_repliers': [], 'channel_id': 1973858964, 'max_id': None, 'read_max_id': None}",2024-01-28T23:30:10+00:00,,,,[],
emaillogspam,https://t.me/emaillogspam,1127,2024-01-31 00:22:38,"Fresh UK Leads
@Ipboyz",False,False,False,True,True,False,False,True,False,False,1901530034,,,,,,,,,52,3,"{'_': 'MessageReplies', 'replies': 0, 'replies_pts': 2308, 'comments': True, 'recent_repliers': [], 'channel_id': 1973858964, 'max_id': None, 'read_max_id': None}",2024-01-31T00:22:41+00:00,,,,[],
emaillogspam,https://t.me/emaillogspam,1128,2024-01-31 00:22:38,"Editable INE México
$300 mx

Dm @Ipboyz",False,False,False,True,True,False,False,True,False,False,1901530034,,,,,,,5.026478472679239e+18,,52,3,"{'_': 'MessageReplies', 'replies': 0, 'replies_pts': 2308, 'comments': True, 'recent_repliers': [], 'channel_id': 1973858964, 'max_id': None, 'read_max_id': None}",2024-01-31T00:22:41+00:00,,,,[],
emaillogspam,https://t.me/emaillogspam,1129,2024-01-31 00:22:38,"<PERSON> SERVICE 

WE SEND TO ALL EMAILS AND ANY COUNTRY (OFFICE,<PERSON>,HOTMAIL,AOL,ETC)

.100% INBOX DELIVERY (GUARANTEED)

.WE USE OUR SMTP & MAILER

.WE DO SENDOUTS FROM 10K - 100K DAILY

. WE USE ONLY THE BEST OF THE BEST SMTPS 

ALL TOOLS ARE REDAY FOR THIS SERVICES ... WE START SENDING IMMIDIATELY 
CONTACT US NOW :

<PERSON>",False,False,False,True,True,False,False,True,False,False,1901530034,,,,,,,5.172937244019895e+18,,49,2,"{'_': 'MessageReplies', 'replies': 0, 'replies_pts': 2308, 'comments': True, 'recent_repliers': [], 'channel_id': 1973858964, 'max_id': None, 'read_max_id': None}",2024-01-31T00:22:41+00:00,,,,[],
emaillogspam,https://t.me/emaillogspam,1130,2024-01-31 00:22:39,"#Hotmail 2FA
##Veriphone
#Unraped/Freshly
Warranty bad pass.
28.000 in Stock.
Price= 2k - 50$

Buy:- @Plug2benjamin",False,False,False,True,True,False,False,True,False,False,1901530034,,,,,,,5.88191302319353e+18,,45,2,"{'_': 'MessageReplies', 'replies': 0, 'replies_pts': 2308, 'comments': True, 'recent_repliers': [], 'channel_id': 1973858964, 'max_id': None, 'read_max_id': None}",2024-01-31T00:22:41+00:00,,,,[],
emaillogspam,https://t.me/emaillogspam,1131,2024-01-31 00:22:39,Video call software... @Knightbatx for purchase 🔥,False,False,False,True,True,False,False,True,False,False,1901530034,,,,,,,,,50,2,"{'_': 'MessageReplies', 'replies': 0, 'replies_pts': 2308, 'comments': True, 'recent_repliers': [], 'channel_id': 1973858964, 'max_id': None, 'read_max_id': None}",2024-01-31T05:54:43+00:00,,,"{'_': 'MessageReactions', 'results': [{'_': 'ReactionCount', 'reaction': {'_': 'ReactionEmoji', 'emoticon': '👍'}, 'count': 1, 'chosen_order': None}], 'min': False, 'can_see_list': False, 'reactions_as_tags': False, 'recent_reactions': []}",[],
emaillogspam,https://t.me/emaillogspam,1132,2024-01-31 00:22:39,"100k EUROPE Business E-Mail Data
New Collection
Fully Fresh Dump
Only Email
All Are Valid
Best For Office

@Trojanx0077",False,False,False,True,True,False,False,True,False,False,1901530034,,,,,,,5.028645558557978e+18,,53,2,"{'_': 'MessageReplies', 'replies': 0, 'replies_pts': 2308, 'comments': True, 'recent_repliers': [], 'channel_id': 1973858964, 'max_id': None, 'read_max_id': None}",2024-01-31T05:54:07+00:00,,,"{'_': 'MessageReactions', 'results': [{'_': 'ReactionCount', 'reaction': {'_': 'ReactionEmoji', 'emoticon': '❤'}, 'count': 1, 'chosen_order': None}], 'min': False, 'can_see_list': False, 'reactions_as_tags': False, 'recent_reactions': []}",[],
emaillogspam,https://t.me/emaillogspam,1133,2024-01-31 00:22:39,"#WTS
SES SMTP ( Not Key )
Junk outlook
$85
Good for sending to others webmail and SMS Sendout.
DM @Webeyex",False,False,False,True,True,False,False,True,False,False,1901530034,,,,,,,,,52,1,"{'_': 'MessageReplies', 'replies': 0, 'replies_pts': 2308, 'comments': True, 'recent_repliers': [], 'channel_id': 1973858964, 'max_id': None, 'read_max_id': None}",2024-01-31T00:22:41+00:00,,,,[],
emaillogspam,https://t.me/emaillogspam,1134,2024-01-31 00:22:40,"Smtps available send to any domain you want! 


@Webeyex",False,False,False,True,True,False,False,True,False,False,1901530034,,,,,,,5.89552054044418e+18,,61,2,"{'_': 'MessageReplies', 'replies': 0, 'replies_pts': 2308, 'comments': True, 'recent_repliers': [], 'channel_id': 1973858964, 'max_id': None, 'read_max_id': None}",2024-01-31T00:22:41+00:00,,,,[],
emaillogspam,https://t.me/emaillogspam,1135,2024-01-31 00:22:40,"UHQ Hotmail Combo Available

Total Line: 90k+ 
Country: Mix

Dm @Webeyex",False,False,False,True,True,False,False,True,False,False,1901530034,,,,,,,5.89552054044418e+18,,61,2,"{'_': 'MessageReplies', 'replies': 0, 'replies_pts': 2308, 'comments': True, 'recent_repliers': [], 'channel_id': 1973858964, 'max_id': None, 'read_max_id': None}",2024-01-31T00:22:41+00:00,,,,[],
emaillogspam,https://t.me/emaillogspam,1136,2024-02-01 00:15:39,"AWS SES inbox hotmail.com , for sale : 
50K , 103K , 229K / day

@Ipboyz",False,False,False,True,True,False,False,True,False,False,1901530034,,,,,,,5.895746601752838e+18,,62,2,"{'_': 'MessageReplies', 'replies': 0, 'replies_pts': 2308, 'comments': True, 'recent_repliers': [], 'channel_id': 1973858964, 'max_id': None, 'read_max_id': None}",2024-02-01T00:15:42+00:00,,,,[],
emaillogspam,https://t.me/emaillogspam,1137,2024-02-01 00:15:39,"📬 SMS/EMAILS GATEWAY AVAILABLE 💯

We provide fast and quality sms routes
🔵Emails blasting 📧
🔵Api✅
🔵Gateways🛜
🔵Emails 2FA 
🔵SMPT
🔵Cpanels
🔵Spamming 
🔵All countries numbers and calls☎️
🔵Marketing 
🔵Long and Short code
🔵Data/leads
🔵Spam content
🔵Customized SID
with a good delivery rate✅👌 to any country;

USA 🇺🇸,SAUDI 🇸🇦,ISRAEL 🇮🇱,DENMARK 🇩🇰,TURKEY 🇹🇷,UK 🇬🇧,RUSSIA 🇷🇺,QATAR 🇶🇦,PORTUGAL 🇵<PERSON>,SWITZERLAND <DATE_TIME>🇭,FRANCE 🇫🇷,CANADA <DATE_TIME>🇦,SPAIN 🇪🇸,ITALY <PERSON>,MOROCCO 🇲🇦 POLAND 🇵🇱,NORWAY 🇳🇴, SOUTH AFRICA 🇿🇦,AUSTRALIA 🇦🇺,CHINA 🇨🇳, <PERSON> 🇦<PERSON>,BRAZIL 🇧🇷,BELGIUM 🇧🇪,HONK KONG<PERSON>🇬,Colombia <DATE_TIME>🇴
And over 150 other countries<PERSON> all types of content💯

Dm me to get your panel and start sendouts✅
@Ipboyz",False,False,False,True,True,False,False,True,False,False,1901530034,,,,,,,,,53,2,"{'_': 'MessageReplies', 'replies': 0, 'replies_pts': 2308, 'comments': True, 'recent_repliers': [], 'channel_id': 1973858964, 'max_id': None, 'read_max_id': None}",2024-02-01T00:15:42+00:00,,,,[],
emaillogspam,https://t.me/emaillogspam,1138,2024-02-01 00:15:40,"Yahoo Mail Available
CODE 8
DOMAIN YAHOO/ HOTMAIL
FB  ADS FLITER CODE 8
MAIL ACCESS UHQ PEIVETE FRESH LOGIN NOT2FA ✅
(6.5K AVAILABLE)
PRICE ALL 600$
DM : @Ironvirus002",False,False,False,True,True,False,False,True,False,False,1901530034,,,,,,,5.897772550711263e+18,,47,2,"{'_': 'MessageReplies', 'replies': 0, 'replies_pts': 2308, 'comments': True, 'recent_repliers': [], 'channel_id': 1973858964, 'max_id': None, 'read_max_id': None}",2024-02-01T00:15:42+00:00,,,,[],
emaillogspam,https://t.me/emaillogspam,1139,2024-02-01 00:15:40,"AWS SES available
• Best for Email Spamming
• UHQ SMTP
• 50k Limit
• Cracked SMTP(without Panel)
• Sure Validity
• Yahoo Inbox

100$ price

DEAL @Webeyex",False,False,False,True,True,False,False,True,False,False,1901530034,,,,,,,5.976729528673877e+18,,50,1,"{'_': 'MessageReplies', 'replies': 0, 'replies_pts': 2308, 'comments': True, 'recent_repliers': [], 'channel_id': 1973858964, 'max_id': None, 'read_max_id': None}",2024-02-01T00:15:42+00:00,,,,[],
emaillogspam,https://t.me/emaillogspam,1140,2024-02-01 00:15:40,"In stock new base number;password USA

Lines - 5.7 Million

Full fresh and privat

Price - 140$

@Webeyex",False,False,False,True,True,False,False,True,False,False,1901530034,,,,,,,6.023770286832336e+18,,54,2,"{'_': 'MessageReplies', 'replies': 0, 'replies_pts': 2308, 'comments': True, 'recent_repliers': [], 'channel_id': 1973858964, 'max_id': None, 'read_max_id': None}",2024-02-01T00:15:42+00:00,,,,[],
emaillogspam,https://t.me/emaillogspam,1141,2024-02-01 00:19:57,"Fresh Yahoo mail access 2700 more in stock.

Dm @Plug2benjamin",False,False,False,True,True,False,False,True,False,False,1901530034,,,,,,,5.897859025582801e+18,,58,2,"{'_': 'MessageReplies', 'replies': 0, 'replies_pts': 2308, 'comments': True, 'recent_repliers': [], 'channel_id': 1973858964, 'max_id': None, 'read_max_id': None}",2024-02-01T00:20:00+00:00,,,,[],
emaillogspam,https://t.me/emaillogspam,1142,2024-02-01 00:20:00,"SMTP AVAILABLE (inbox hotmail gmx and others)
Daily limits available ✅
Cracked  ✅
Contact @Plug2benjamin",False,False,False,True,True,False,False,True,False,False,1901530034,,,,,,,5.897859025582801e+18,,61,2,"{'_': 'MessageReplies', 'replies': 0, 'replies_pts': 2308, 'comments': True, 'recent_repliers': [], 'channel_id': 1973858964, 'max_id': None, 'read_max_id': None}",2024-02-01T00:20:03+00:00,,,,[],
emaillogspam,https://t.me/emaillogspam,1143,2024-02-01 21:03:13,"Send out is available to Verizon and Tmobile 

We put your number first and last so u get the first and the last delivery to be sure all delivered.

Dm @Ipboyz for price",False,False,False,True,True,False,False,True,False,False,1901530034,,,,,,,5.90002435052495e+18,,48,2,"{'_': 'MessageReplies', 'replies': 0, 'replies_pts': 2308, 'comments': True, 'recent_repliers': [], 'channel_id': 1973858964, 'max_id': None, 'read_max_id': None}",2024-02-01T21:03:16+00:00,,,,[],
emaillogspam,https://t.me/emaillogspam,1144,2024-02-01 21:03:13,,False,False,False,True,True,False,False,True,False,False,1901530034,,,,,,,5.90002435052495e+18,,48,2,"{'_': 'MessageReplies', 'replies': 0, 'replies_pts': 2308, 'comments': True, 'recent_repliers': [], 'channel_id': 1973858964, 'max_id': None, 'read_max_id': None}",2024-02-01T21:03:16+00:00,,,,[],
emaillogspam,https://t.me/emaillogspam,1145,2024-02-01 21:03:14,"Methode bulk send sms worldwide 
To : Ca - Usa - Es - Fr - Sa - Qa :
* support any link and content 
* high <DATE_TIME> limit
* test on by anydesk 
* for sell only @Ipboyz",False,False,False,True,True,False,False,True,False,False,1901530034,,,,,,,5.899785623357736e+18,,51,2,"{'_': 'MessageReplies', 'replies': 0, 'replies_pts': 2308, 'comments': True, 'recent_repliers': [], 'channel_id': 1973858964, 'max_id': None, 'read_max_id': None}",2024-02-01T21:03:16+00:00,,,,[],
emaillogspam,https://t.me/emaillogspam,1146,2024-02-01 21:03:14,"#WTS
SES Guarantee Limit 45k++ sendout.
region us-east-1
Inbox Outlook ✅
other not tested
@Webeyex",False,False,False,True,True,False,False,True,False,False,1901530034,,,,,,,5.073752804044156e+18,,57,2,"{'_': 'MessageReplies', 'replies': 0, 'replies_pts': 2308, 'comments': True, 'recent_repliers': [], 'channel_id': 1973858964, 'max_id': None, 'read_max_id': None}",2024-02-01T21:03:16+00:00,,,,[],
emaillogspam,https://t.me/emaillogspam,1147,2024-02-01 21:03:15,"#Hotmail 2FA
##Veriphone
#Unraped/Freshly
Warranty bad pass.
28.000 in Stock.
Price= 2k - 50$

Buy:- @Ironvirus002",False,False,False,True,True,False,False,True,False,False,1901530034,,,,,,,5.88191302319353e+18,,73,2,"{'_': 'MessageReplies', 'replies': 0, 'replies_pts': 2308, 'comments': True, 'recent_repliers': [], 'channel_id': 1973858964, 'max_id': None, 'read_max_id': None}",2024-02-01T21:03:16+00:00,,,,[],
emaillogspam,https://t.me/emaillogspam,1148,2024-02-01 21:03:15,"2k hits OFFICE 365 
Price: 100$

@Ironvirus002",False,False,False,True,True,False,False,True,False,False,1901530034,,,,,,,5.86369659801238e+18,,73,2,"{'_': 'MessageReplies', 'replies': 0, 'replies_pts': 2308, 'comments': True, 'recent_repliers': [], 'channel_id': 1973858964, 'max_id': None, 'read_max_id': None}",2024-02-01T21:03:16+00:00,,,,[],
emaillogspam,https://t.me/emaillogspam,1149,2024-02-03 23:27:08,"<PERSON> 𝗖𝗼𝘂𝗿𝘀𝗲 𝗔𝘃𝗮𝗶𝗹𝗮𝗯𝗹𝗲 


🔸Tools to be included for a successful practical course includes: 

i) SMTP
ii) MAILER
iii) CPANEL
iv) PHISHING / SCAM PAGE
v) LEADS
vi) ENCRYPTED LETTERS
vii) OFFICE365.
viii) Email verifier and extractor

➡️) <PERSON> (𝟾𝟶𝚔,𝟷𝟶𝟶𝚔,𝟹𝟶𝟶𝚔,𝟻𝟶𝟶𝚔)     
                            
     1. Aws ses 
     2. Sengrid
     3. Crack
     4. office 365
     5. hacked version
     6.web mail

➡<PERSON>) <PERSON> 𝚅𝚎𝚛𝚜𝚒𝚘𝚗
     1. Ultra mailer
     2 . Heart sender
     3.  Php mailer
     4.  Python mailer
     5. Sms Sender Unlimitted
     <DATE_TIME>. Encrypted Mailer

➡️iii) <PERSON> and <PERSON>
      1. Bulletproof hosting
       2. Office 365 link
       3.  Long lasted panel
       4.  <PERSON> hosting

➡️iv) 𝙿𝚑𝚒𝚜𝚑𝚒𝚗𝚐 /𝚂𝚌𝚊𝚖 𝙿𝚊𝚐𝚎𝚜
          1. CUSTOM pages(True Login)
          2. Crypto sites scam pages
          3. Bank scam pages 
          4. AT&T scam pages 
          5. Social media s
@Trojanx0077",False,False,False,True,True,False,False,True,False,False,1901530034,,,,,,,,,55,2,"{'_': 'MessageReplies', 'replies': 0, 'replies_pts': 2308, 'comments': True, 'recent_repliers': [], 'channel_id': 1973858964, 'max_id': None, 'read_max_id': None}",2024-02-03T23:27:11+00:00,,,,[],
emaillogspam,https://t.me/emaillogspam,1150,2024-02-03 23:27:09,"aruba WebMail available 

Country base combo 
Targeted Domain combo 
Random Domain combo 
Mail access combo 
Mail leads 
Number Leads 
Cpanel , Webmail 

DM @webeyex",False,False,False,True,True,False,False,True,False,False,1901530034,,,,,,,5.042153303718342e+18,,54,1,"{'_': 'MessageReplies', 'replies': 0, 'replies_pts': 2308, 'comments': True, 'recent_repliers': [], 'channel_id': 1973858964, 'max_id': None, 'read_max_id': None}",2024-02-03T23:27:11+00:00,,,,[],
emaillogspam,https://t.me/emaillogspam,1151,2024-02-03 23:27:09,"Domain Cpanel . Login Check ✅, Upload Check ✅

Country base combo 
Targeted Domain combo 
Random Domain combo 
Mail access combo 
Mail leads 
Number Leads 
Cpanel , Webmail 

Everything is available 
DM @Ironvirus002",False,False,False,True,True,False,False,True,False,False,1901530034,,,,,,,5.041906935804313e+18,,60,2,"{'_': 'MessageReplies', 'replies': 0, 'replies_pts': 2308, 'comments': True, 'recent_repliers': [], 'channel_id': 1973858964, 'max_id': None, 'read_max_id': None}",2024-02-03T23:27:11+00:00,,,,[],
emaillogspam,https://t.me/emaillogspam,1152,2024-02-03 23:27:09,"Mil Webmail  available 

Country base combo 
Targeted Domain combo 
Random Domain combo 
Mail access combo 
Mail leads 
Number Leads 
Cpanel , Webmail 

Everything is available 
DM @Ironvirus002",False,False,False,True,True,False,False,True,False,False,1901530034,,,,,,,5.041906935804313e+18,,62,2,"{'_': 'MessageReplies', 'replies': 0, 'replies_pts': 2308, 'comments': True, 'recent_repliers': [], 'channel_id': 1973858964, 'max_id': None, 'read_max_id': None}",2024-02-03T23:27:11+00:00,,,,[],
emaillogspam,https://t.me/emaillogspam,1153,2024-02-04 00:14:00,"Fresh UK Leads
@Plug2benjamin",False,False,False,True,True,False,False,True,False,False,1901530034,,,,,,,,,62,0,"{'_': 'MessageReplies', 'replies': 0, 'replies_pts': 2308, 'comments': True, 'recent_repliers': [], 'channel_id': 1973858964, 'max_id': None, 'read_max_id': None}",2024-02-04T00:14:03+00:00,,,,[],
emaillogspam,https://t.me/emaillogspam,1154,2024-02-04 00:14:00,"COMBO MAKER TOOL

-HQ PRIVATE
- GETTING COMBOLIST FROM REAL LIVE <DATE_TIME>
- YOU CAN WRITE THE TYPE 
- NO PROXY NEED: 
- TOOL CAN GIVE U COMBO UP TO 6M
- LICENSE PROTECT
- DUPLICATE COMBOLIST PROBLEM FIXED

DM SELLER @Webeyex",False,False,False,True,True,False,False,True,False,False,1901530034,,,,,,,,,65,0,"{'_': 'MessageReplies', 'replies': 0, 'replies_pts': 2308, 'comments': True, 'recent_repliers': [], 'channel_id': 1973858964, 'max_id': None, 'read_max_id': None}",2024-02-04T00:14:03+00:00,,,,[],
emaillogspam,https://t.me/emaillogspam,1155,2024-02-04 00:14:00,"Forex database available ✅
Crypto database ✅
Deposits, email address, phone number, country....

Contact @Knightbatx",False,False,False,True,True,False,False,True,False,False,1901530034,,,,,,,,,73,2,"{'_': 'MessageReplies', 'replies': 0, 'replies_pts': 2308, 'comments': True, 'recent_repliers': [], 'channel_id': 1973858964, 'max_id': None, 'read_max_id': None}",2024-02-04T00:14:03+00:00,,,,[],
emaillogspam,https://t.me/emaillogspam,1156,2024-02-05 01:11:24,"Japan Freshly Cracked Webmail

Host: eonet.ne.jp
Stock: 500+

Dm @Ironvirus002",False,False,False,True,True,False,False,True,False,False,1901530034,,,,,,,6.181245546208016e+18,,77,2,"{'_': 'MessageReplies', 'replies': 0, 'replies_pts': 2308, 'comments': True, 'recent_repliers': [], 'channel_id': 1973858964, 'max_id': None, 'read_max_id': None}",2024-02-05T01:11:27+00:00,,,,[],
emaillogspam,https://t.me/emaillogspam,1157,2024-02-05 01:11:24,"New Freshly Checked OWA (Outlook web access) Available

Stock: 4k

Dm @Webeyex",False,False,False,True,True,False,False,True,False,False,1901530034,,,,,,,6.185738923813222e+18,,71,2,"{'_': 'MessageReplies', 'replies': 0, 'replies_pts': 2308, 'comments': True, 'recent_repliers': [], 'channel_id': 1973858964, 'max_id': None, 'read_max_id': None}",2024-02-05T01:11:27+00:00,,,,[],
emaillogspam,https://t.me/emaillogspam,1158,2024-02-05 01:11:24,"•Smtp zoho cracked:
°limits: 25k = 40$ - 50k = 75$
•Smtp zimbra Cracked:
°limits: 25K = 45$ - 50k = 90$      
•Smtp office 365 Cracked:
°limits: <DATE_TIME> 30$ - 50k = 60$ - Unlimited = 100$
•Smtp webmail Cracked:
°limits: 25K = 20$ - 50k = 35$ - Unlimited = 100$
• Inbox All
""Gmail - Yahoo - Hotmail - Outlook - Aol""
----------------------------
•Mailer leaf php:
•limits: 25K = 15$ - 50K = 30$ - Unlimited = 100$
• Inbox All
----------------------------
•Cpanel WHM Bullet proof = 15$
•WHM 2086 inside 10 cp = 100$
----------------------------
<DATE_TIME> warranty🔥
Pay : BTC + USDT
----------------------------


DM : @Plug2benjamin",False,False,False,True,True,False,False,True,False,False,1901530034,,,,,,,,,81,2,"{'_': 'MessageReplies', 'replies': 0, 'replies_pts': 2308, 'comments': True, 'recent_repliers': [], 'channel_id': 1973858964, 'max_id': None, 'read_max_id': None}",2024-02-05T01:11:27+00:00,,,,[],
emaillogspam,https://t.me/emaillogspam,1159,2024-02-05 01:11:25,"SMTP cracker from combolist <DATE_TIME> now available

Just need valid email access only and you are good to crack 


Pm me to buy if interested

<NRP>",False,False,False,True,True,False,False,True,False,False,1901530034,,,,,,,5.909250910939365e+18,,90,2,"{'_': 'MessageReplies', 'replies': 0, 'replies_pts': 2308, 'comments': True, 'recent_repliers': [], 'channel_id': 1973858964, 'max_id': None, 'read_max_id': None}",2024-02-05T04:54:45+00:00,,,"{'_': 'MessageReactions', 'results': [{'_': 'ReactionCount', 'reaction': {'_': 'ReactionEmoji', 'emoticon': '👎'}, 'count': 1, 'chosen_order': None}, {'_': 'ReactionCount', 'reaction': {'_': 'ReactionEmoji', 'emoticon': '❤'}, 'count': 1, 'chosen_order': None}, {'_': 'ReactionCount', 'reaction': {'_': 'ReactionEmoji', 'emoticon': '👏'}, 'count': 1, 'chosen_order': None}], 'min': False, 'can_see_list': False, 'reactions_as_tags': False, 'recent_reactions': []}",[],
emaillogspam,https://t.me/emaillogspam,1160,2024-02-08 01:56:10,"MTS Bank (https://mtsbank.ru) 
1M customer data 

21 million lines total

The 3 leaked files contain the following data:

▫️ Phone (708,312 unique);
▫️ FULL NAME;
▫️ Date of birth;
▫️ TIN;
▫️ Gender;
▫️ Part of bank card number;
▫️ Technical details.
And there's also customer contact details:
▫️ Phone (1,350,806 unique)
▫️ Email (42.879 unique)

Contact @Webeyex",False,False,False,True,True,False,False,True,False,False,1901530034,,,,,,,5.044271100552392e+18,,81,2,"{'_': 'MessageReplies', 'replies': 0, 'replies_pts': 2308, 'comments': True, 'recent_repliers': [], 'channel_id': 1973858964, 'max_id': None, 'read_max_id': None}",2024-02-08T01:56:13+00:00,,,,[],
emaillogspam,https://t.me/emaillogspam,1161,2024-02-08 01:56:11,"EMAIL LIST FRANCE 🇫🇷
orange.fr
wanadoo.fr
2al.fr
expertiscfe.fr
cerfrance.fr
cabconselis.fr 
Other <NRP> leads available + other countries too. 
Purchase @Webeyex",False,False,False,True,True,False,False,True,False,False,1901530034,,,,,,,5.911196058678052e+18,,83,3,"{'_': 'MessageReplies', 'replies': 0, 'replies_pts': 2308, 'comments': True, 'recent_repliers': [], 'channel_id': 1973858964, 'max_id': None, 'read_max_id': None}",2024-02-08T01:56:13+00:00,,,,[],
emaillogspam,https://t.me/emaillogspam,1162,2024-02-08 01:56:12,"FRANCE 🇫🇷Mail + pass Available ✅

yahoo.com
hotmail.com
att.net
aol.com
More🛒🛒

SHOP @Plug2benjamin",False,False,False,True,True,False,False,True,False,False,1901530034,,,,,,,5.911196058678052e+18,,93,2,"{'_': 'MessageReplies', 'replies': 1, 'replies_pts': 2308, 'comments': True, 'recent_repliers': [{'_': 'PeerUser', 'user_id': 1382922772}], 'channel_id': 1973858964, 'max_id': 1120, 'read_max_id': None}",2024-02-08T01:56:13+00:00,,,,[],
emaillogspam,https://t.me/emaillogspam,1163,2024-02-08 01:56:12,USA combo data for all state Available.. Pm @Plug2benjamin,False,False,False,True,True,False,False,True,False,False,1901530034,,,,,,,5.911036187110392e+18,,101,2,"{'_': 'MessageReplies', 'replies': 0, 'replies_pts': 2308, 'comments': True, 'recent_repliers': [], 'channel_id': 1973858964, 'max_id': None, 'read_max_id': None}",2024-02-08T01:56:13+00:00,,,,[],
emaillogspam,https://t.me/emaillogspam,1164,2024-02-08 23:35:40,"EMAIL SENDOUTS SERVICE ⚠️

WE SEND TO ALL EMAILS AND ANY COUNTRY (OFFICE,<PERSON>,HOTMAIL,AOL,ETC)

.100% INBOX DELIVERY (GUARANTEED)

.WE USE OUR SMTP & MAILER

.WE DO SENDOUTS FROM 10K - 100K DAILY

. WE USE ONLY THE BEST OF THE BEST SMTPS 

ALL TOOLS ARE REDAY FOR THIS SERVICES ... WE START SENDING IMMIDIATELY 

🤙🏻 CONTACT US NOW :

TG User - @Ironvirus002",False,False,False,True,True,False,False,True,False,False,1901530034,,,,,,,,,97,4,"{'_': 'MessageReplies', 'replies': 0, 'replies_pts': 2308, 'comments': True, 'recent_repliers': [], 'channel_id': 1973858964, 'max_id': None, 'read_max_id': None}",2024-02-08T23:35:43+00:00,,,,[],
emaillogspam,https://t.me/emaillogspam,1165,2024-02-11 12:05:01,"Amazon Checked hotmail.co.uk 10k I spammed emails. 🇬🇧

Price: $25

DM @Ipboyz",False,False,False,True,True,False,False,True,False,False,1901530034,,,,,,,5.922731348697661e+18,,65,2,"{'_': 'MessageReplies', 'replies': 0, 'replies_pts': 2308, 'comments': True, 'recent_repliers': [], 'channel_id': 1973858964, 'max_id': None, 'read_max_id': None}",2024-02-11T12:05:04+00:00,,,,[],
emaillogspam,https://t.me/emaillogspam,1166,2024-02-11 12:05:01,"5.9k mail.com Amazon 100% checked unspammed leads 🔥

DM @Trojanx0077

Let me be your leads plug 🔌 
@Trojanx0077",False,False,False,True,True,False,False,True,False,False,1901530034,,,,,,,5.922731348697661e+18,,63,2,"{'_': 'MessageReplies', 'replies': 0, 'replies_pts': 2308, 'comments': True, 'recent_repliers': [], 'channel_id': 1973858964, 'max_id': None, 'read_max_id': None}",2024-02-11T12:05:04+00:00,,,,[],
emaillogspam,https://t.me/emaillogspam,1167,2024-02-11 12:05:01,"🇪🇸 SPANISH LEADS 5.21k yahoo.es Amazon checked 100% unspammed

DM @Plug2benjamin


Let me be your leads plug 🔌 💯 

@Plug2benjamin🔥🔥",False,False,False,True,True,False,False,True,False,False,1901530034,,,,,,,5.922731348697661e+18,,58,2,"{'_': 'MessageReplies', 'replies': 0, 'replies_pts': 2308, 'comments': True, 'recent_repliers': [], 'channel_id': 1973858964, 'max_id': None, 'read_max_id': None}",2024-02-11T12:05:04+00:00,,,,[],
emaillogspam,https://t.me/emaillogspam,1168,2024-02-11 12:05:01,"DM TO GET YOUR DOCS MADE
DL
PASSPORT
SSN
BANK STATEMENTS
ETC
@Knightbatx",False,False,False,True,True,False,False,True,False,False,1901530034,,,,,,,5.062103817650286e+18,,51,2,"{'_': 'MessageReplies', 'replies': 0, 'replies_pts': 2308, 'comments': True, 'recent_repliers': [], 'channel_id': 1973858964, 'max_id': None, 'read_max_id': None}",2024-02-11T12:05:04+00:00,,,,[],
emaillogspam,https://t.me/emaillogspam,1169,2024-02-11 12:05:01,Office 365 inbox project ..Available @ironvirus002,False,False,False,True,True,False,False,True,False,False,1901530034,,,,,,,,,58,2,"{'_': 'MessageReplies', 'replies': 0, 'replies_pts': 2308, 'comments': True, 'recent_repliers': [], 'channel_id': 1973858964, 'max_id': None, 'read_max_id': None}",2024-02-11T12:05:04+00:00,,,,[],
emaillogspam,https://t.me/emaillogspam,1170,2024-02-11 12:05:01,"2k hits OFFICE 365 
Price: 100$

@webeyex",False,False,False,True,True,False,False,True,False,False,1901530034,,,,,,,5.060261023277231e+18,,66,2,"{'_': 'MessageReplies', 'replies': 0, 'replies_pts': 2308, 'comments': True, 'recent_repliers': [], 'channel_id': 1973858964, 'max_id': None, 'read_max_id': None}",2024-02-11T12:05:04+00:00,,,,[],
emaillogspam,https://t.me/emaillogspam,1171,2024-02-11 12:05:01,"🔥 Fresh Full Date Leads🔥Banks Database 💲🔥🚀🔥7.9K Super HQ Dumbing Full Date USA Chase Bank with (Email,Phone, fname,name,Address,City,State,Zip,Dob)Private and High-Quality Ready to be Spammed✅🔥

DM @Webeyex

Let me be your leads plug

DM @Webeyex",False,False,False,True,True,False,False,True,False,False,1901530034,,,,,,,,,76,2,"{'_': 'MessageReplies', 'replies': 0, 'replies_pts': 2308, 'comments': True, 'recent_repliers': [], 'channel_id': 1973858964, 'max_id': None, 'read_max_id': None}",2024-02-11T12:05:04+00:00,,,,[],
emaillogspam,https://t.me/emaillogspam,1172,2024-02-12 23:32:22,"#WTS

Available  CONSOLE AWS SES { CREATED }

SES Quota : 86K per day 

Contact : @plug2benjamin",False,False,False,True,True,False,False,True,False,False,1901530034,,,,,,,5.064572809665163e+18,,69,2,"{'_': 'MessageReplies', 'replies': 0, 'replies_pts': 2308, 'comments': True, 'recent_repliers': [], 'channel_id': 1973858964, 'max_id': None, 'read_max_id': None}",2024-02-12T23:32:25+00:00,,,,[],
emaillogspam,https://t.me/emaillogspam,1173,2024-02-12 23:32:22,"FULL DATA:
Computer Software media Full information name . phone , email , code , city etc.

Total: 52k

Price: $30

DM @webeyex

Other leads available

DM @Webeyex and tell me what you need",False,False,False,True,True,False,False,True,False,False,1901530034,,,,,,,5.93162315506606e+18,,69,2,"{'_': 'MessageReplies', 'replies': 0, 'replies_pts': 2308, 'comments': True, 'recent_repliers': [], 'channel_id': 1973858964, 'max_id': None, 'read_max_id': None}",2024-02-12T23:32:25+00:00,,,,[],
emaillogspam,https://t.me/emaillogspam,1174,2024-02-12 23:32:22,"Real State Leads Available 

Freshly Dumped 
Total Line: 60k
Country: Mix

Dm @Webeyex",False,False,False,True,True,False,False,True,False,False,1901530034,,,,,,,5.066751552085143e+18,,67,2,"{'_': 'MessageReplies', 'replies': 0, 'replies_pts': 2308, 'comments': True, 'recent_repliers': [], 'channel_id': 1973858964, 'max_id': None, 'read_max_id': None}",2024-02-12T23:32:25+00:00,,,,[],
emaillogspam,https://t.me/emaillogspam,1175,2024-02-13 20:23:01,"Hacked AWS Work Email Webmail/SMTP 

Send Inbox GMAIL-OFFICE- 

AND IT CAN SEND SMS: -5 - 10k To 100K Daily

Host: smtp.mail.eu-west-1.awsapps.com 

DM @Ironvirus002 for price",False,False,False,True,True,False,False,True,False,False,1901530034,,,,,,,5.933566872580638e+18,,59,2,"{'_': 'MessageReplies', 'replies': 0, 'replies_pts': 2308, 'comments': True, 'recent_repliers': [], 'channel_id': 1973858964, 'max_id': None, 'read_max_id': None}",2024-02-13T20:23:04+00:00,,,,[],
emaillogspam,https://t.me/emaillogspam,1176,2024-02-13 20:23:01,"#WTS

Available  CONSOLE AWS SES { CREATED }

SES Quota : 62K per day 

Contact : @Webeyex",False,False,False,True,True,False,False,True,False,False,1901530034,,,,,,,5.933942828247926e+18,,49,2,"{'_': 'MessageReplies', 'replies': 0, 'replies_pts': 2308, 'comments': True, 'recent_repliers': [], 'channel_id': 1973858964, 'max_id': None, 'read_max_id': None}",2024-02-13T20:23:04+00:00,,,,[],
emaillogspam,https://t.me/emaillogspam,1177,2024-02-13 20:23:01,"new 10k sweepstakes available inbox for buying come first and buy first
. <PERSON>",False,False,False,True,True,False,False,True,False,False,1901530034,,,,,,,5.935987030817358e+18,,47,2,"{'_': 'MessageReplies', 'replies': 0, 'replies_pts': 2308, 'comments': True, 'recent_repliers': [], 'channel_id': 1973858964, 'max_id': None, 'read_max_id': None}",2024-02-13T20:23:04+00:00,,,,[],
emaillogspam,https://t.me/emaillogspam,1178,2024-02-13 20:23:01,"Are you eagerly waiting for more Calls through Email Marketing❔

Fresh Emails Data/Leads Available USA ,UK, AUSTRALIA, CANADA, New Zealand for Call Generation, Email Marketing & Tech Support Campaign.

Hmu ; @Ipboyz",False,False,False,True,True,False,False,True,False,False,1901530034,,,,,,,5.936046039373038e+18,,69,2,"{'_': 'MessageReplies', 'replies': 0, 'replies_pts': 2308, 'comments': True, 'recent_repliers': [], 'channel_id': 1973858964, 'max_id': None, 'read_max_id': None}",2024-02-13T20:23:04+00:00,,,,[],
emaillogspam,https://t.me/emaillogspam,1179,2024-02-13 20:23:01,"SMTP AVAILABLE (inbox hotmail gmx and others)
Daily limits available ✅
Cracked  ✅
Contact @Ipboyz",False,False,False,True,True,False,False,True,False,False,1901530034,,,,,,,5.897732697709724e+18,,73,2,"{'_': 'MessageReplies', 'replies': 0, 'replies_pts': 2308, 'comments': True, 'recent_repliers': [], 'channel_id': 1973858964, 'max_id': None, 'read_max_id': None}",2024-02-13T20:23:04+00:00,,,,[],
emaillogspam,https://t.me/emaillogspam,1180,2024-02-14 21:38:01,"RDP available:  

Location: US - Pennsylvania - Philadelphia

HOSTING: IONOS INC

RAM: 18GB

CPU: 6

WINDOWS: Win Server <DATE_TIME>

PRICE: $25

Seller: DM @Knightbatx",False,False,False,True,True,False,False,True,False,False,1901530034,,,,,,,5.93800516723027e+18,,66,2,"{'_': 'MessageReplies', 'replies': 0, 'replies_pts': 2308, 'comments': True, 'recent_repliers': [], 'channel_id': 1973858964, 'max_id': None, 'read_max_id': None}",2024-02-14T21:38:05+00:00,,,,[],
emaillogspam,https://t.me/emaillogspam,1181,2024-02-14 21:38:01,"RDP available: 


LOCATION:  CN - Guangdong - Shenzhen


HOSTING: <PERSON>


RAM: 40 GB


WINDOWS: Windows 10

PRICE: $70

Seller: DM @Knightbatx",False,False,False,True,True,False,False,True,False,False,1901530034,,,,,,,5.93800516723027e+18,,82,2,"{'_': 'MessageReplies', 'replies': 0, 'replies_pts': 2308, 'comments': True, 'recent_repliers': [], 'channel_id': 1973858964, 'max_id': None, 'read_max_id': None}",2024-02-14T21:38:05+00:00,,,,[],
emaillogspam,https://t.me/emaillogspam,1182,2024-02-18 22:50:01,"Available Fresh cpanels 

good price
stock : +15k

100 cpanel  = 30$
1000 cpanel = 250$

⚠️ Note
Payment via BTC / Usdt
Send  <NRP> : @Webeyex",False,False,False,True,True,False,False,True,False,False,1901530034,,,,,,,,,44,2,"{'_': 'MessageReplies', 'replies': 0, 'replies_pts': 2308, 'comments': True, 'recent_repliers': [], 'channel_id': 1973858964, 'max_id': None, 'read_max_id': None}",2024-02-18T22:50:04+00:00,,,,[],
emaillogspam,https://t.me/emaillogspam,1183,2024-02-18 22:50:01,"HOTMAIL link Amazon 
7k Available  

Mm 1k <NRP>

Private log ✔️🫣

Payment method : <PERSON> 

Buy:- @Ironvirus002",False,False,False,True,True,False,False,True,False,False,1901530034,,,,,,,6.066758464174145e+18,,38,2,"{'_': 'MessageReplies', 'replies': 0, 'replies_pts': 2308, 'comments': True, 'recent_repliers': [], 'channel_id': 1973858964, 'max_id': None, 'read_max_id': None}",2024-02-18T22:50:04+00:00,,,,[],
emaillogspam,https://t.me/emaillogspam,1184,2024-02-18 22:50:01,Unlimited Icloud app password account available at very cheap then market. <PERSON>: <PERSON>,False,False,False,True,True,False,False,True,False,False,1901530034,,,,,,,5.949811813283643e+18,,36,2,"{'_': 'MessageReplies', 'replies': 0, 'replies_pts': 2308, 'comments': True, 'recent_repliers': [], 'channel_id': 1973858964, 'max_id': None, 'read_max_id': None}",2024-02-18T22:50:04+00:00,,,,[],
emaillogspam,https://t.me/emaillogspam,1185,2024-02-18 22:50:01,"#WTS

Available 1M AWS SES KEY { CRACKED }

SES Quota : 100.000 per day 

Contact : <PERSON>",False,False,False,True,True,False,False,True,False,False,1901530034,,,,,,,5.084679621751975e+18,,37,2,"{'_': 'MessageReplies', 'replies': 0, 'replies_pts': 2308, 'comments': True, 'recent_repliers': [], 'channel_id': 1973858964, 'max_id': None, 'read_max_id': None}",2024-02-18T22:50:04+00:00,,,,[],
emaillogspam,https://t.me/emaillogspam,1186,2024-02-18 22:50:01,"📬 CRACKED AWS CONSOL  PANEL 57K📬  

🖥 SES Quota : 57.000  🖥 us-east-1

 ⚡️ Price: ( Dm ) 

➡️ Single Contact @Plug2benjamin",False,False,False,True,True,False,False,True,False,False,1901530034,,,,,,,5.082681779059535e+18,,51,2,"{'_': 'MessageReplies', 'replies': 0, 'replies_pts': 2308, 'comments': True, 'recent_repliers': [], 'channel_id': 1973858964, 'max_id': None, 'read_max_id': None}",2024-02-18T22:50:04+00:00,,,,[],
emaillogspam,https://t.me/emaillogspam,1187,2024-02-18 22:50:01,"#WTS
Sendgrid Limit 50k
DM @Ironvirus002",False,False,False,True,True,False,False,True,False,False,1901530034,,,,,,,5.058105241752415e+18,,54,2,"{'_': 'MessageReplies', 'replies': 0, 'replies_pts': 2308, 'comments': True, 'recent_repliers': [], 'channel_id': 1973858964, 'max_id': None, 'read_max_id': None}",2024-02-18T22:50:04+00:00,,,,[],
emaillogspam,https://t.me/emaillogspam,1188,2024-02-21 00:15:10,"#Ready SES Limit 50k ($85)
ap-south-1 ✅
Console Access ✅
Inbox Hotmail ✅
DM @Knightbatx
Hurry Up !!! Ses Available only 2",False,False,False,True,True,False,False,True,False,False,1901530034,,,,,,,5.965266823601569e+18,,38,3,"{'_': 'MessageReplies', 'replies': 0, 'replies_pts': 2308, 'comments': True, 'recent_repliers': [], 'channel_id': 1973858964, 'max_id': None, 'read_max_id': None}",2024-02-21T00:15:13+00:00,,,,[],
emaillogspam,https://t.me/emaillogspam,1189,2024-02-21 00:15:10,"We are selling high-quality & high connectivity data & leads.   
Our exclusive verticals here:  
-Targeted Cell Phone Leads.  
-USA Raw Data  
-UK Raw Data  
-USA Old People Data  
-USA Rich People Data  
-Muslim Data  
-Canada Raw Data  
-Canada Real Estate Data  
-Canada High Income Data  
-Immigration Data  
-Whatsapp Number  
-Forex trading Data  
-Crypto Database  
-Car Owner Lead  
-Home Owner  
-Car Owner  
-Immigration or living abroad  
-Business owner  
-CEO CTO / high profile  
-Travels  
-Health & beauty  
-Housing lead  
-Ecommerce lead  
-Real estate  
-Education loan data  
-Casino Database  
and much more to offer
Pm: @ironvirus002",False,False,False,True,True,False,False,True,False,False,1901530034,,,,,,,5.951998016061817e+18,,37,3,"{'_': 'MessageReplies', 'replies': 0, 'replies_pts': 2308, 'comments': True, 'recent_repliers': [], 'channel_id': 1973858964, 'max_id': None, 'read_max_id': None}",2024-02-21T00:15:13+00:00,,,,[],
emaillogspam,https://t.me/emaillogspam,1190,2024-02-21 00:15:10,"✅100% All domain Inbox Spamming Tools 

✅Office365 inbox Letter, <PERSON> and Sender
✅ Any Bank UK USA Belgium Inbox Smtp Letter sender 100% delivery to jnbox 
✅Office365 Full Inbox tools with True login page 

🔥24/7 Customer Care 
🔥Free Spam Tutorial Via Anydesk



✅✅Available Tools

📄 SCAM PAGE 
📄  Non red links + hosting bulletproof
📄 Encrypted  LETTER for Banks & Office365 
🚾 Inbox SMTP for Office365 
🚾 Inbox SMTP for Banks
📧 LEADS gmail, yahoo, camcast,aol ....
📄 CEO 🛠 CFO B2B <PERSON> PANEL 
📄  C-PANEL 
📄  RDP
📄Sms Number Leads ( belgium, USA, UK ) any country 
📄Sms Sender
📄Sms Api Monthly subscription 
📄Smtp to Sms <DATE_TIME> subscription 
📄Sms Number Extractor 
📄Email Extractor

📥 Office inbox Full Setup available📥
📥 Any Bank inbox Full Setup available📥


..............................

💥💥 OFFICE 365 Complete Package 💥💥
Package Includes:
1}Amazon smtp <DATE_TIME>
2}Office Sender
3}Encrypted Letter
4}Fast Rdp
5}Fud Link
6}Office Email Verifier
Everthing I setup For You in

@webeyex",False,False,False,True,True,False,False,True,False,False,1901530034,,,,,,,,,42,3,"{'_': 'MessageReplies', 'replies': 0, 'replies_pts': 2308, 'comments': True, 'recent_repliers': [], 'channel_id': 1973858964, 'max_id': None, 'read_max_id': None}",2024-02-21T00:15:13+00:00,,,,[],
emaillogspam,https://t.me/emaillogspam,1191,2024-02-21 00:15:10,"get your own shells / cpanels / api's 📺
50$ lifetime ( VIP FREE ✅ ) 
<DATE_TIME> exploits <PERSON>@Webeyex",False,False,False,True,True,False,False,True,False,False,1901530034,,,,,,,5.956122666429693e+18,,54,3,"{'_': 'MessageReplies', 'replies': 0, 'replies_pts': 2308, 'comments': True, 'recent_repliers': [], 'channel_id': 1973858964, 'max_id': None, 'read_max_id': None}",2024-02-21T00:15:13+00:00,,,,[],
emaillogspam,https://t.me/emaillogspam,1192,2024-02-21 01:24:03,"EMAIL SENDOUTS SERVICE ⚠️

WE SEND TO ALL EMAILS AND ANY COUNTRY (OFFICE,<PERSON>,HOTMAIL,AOL,ETC)

.100% INBOX DELIVERY (GUARANTEED)

.WE USE OUR SMTP & MAILER

.WE DO SENDOUTS FROM 10K - 100K DAILY

. WE USE ONLY THE BEST OF THE BEST SMTPS 

ALL TOOLS ARE REDAY FOR THIS SERVICES ... WE START SENDING IMMIDIATELY 

🤙🏻 CONTACT US NOW :

TG User - @plug2benjamin",False,False,False,True,True,False,False,True,False,False,1901530034,,,,,,,,,65,3,"{'_': 'MessageReplies', 'replies': 0, 'replies_pts': 2308, 'comments': True, 'recent_repliers': [], 'channel_id': 1973858964, 'max_id': None, 'read_max_id': None}",2024-02-21T01:24:06+00:00,,,,[],
emaillogspam,https://t.me/emaillogspam,1193,2024-02-25 23:50:08,"Business CEO Leads

Country: USA
Total Lines: 150k

Dm With Offer Only
🌐 Admin: @Ironvirus002",False,False,False,True,True,False,False,True,False,False,1901530034,,,,,,,5.098561428499049e+18,,9,0,"{'_': 'MessageReplies', 'replies': 0, 'replies_pts': 2308, 'comments': True, 'recent_repliers': [], 'channel_id': 1973858964, 'max_id': None, 'read_max_id': None}",2024-02-25T23:50:11+00:00,,,,[],
emaillogspam,https://t.me/emaillogspam,1194,2024-02-25 23:50:09,"Email/Sms Blasting Service Available.. Also Updated ? <DATE_TIME>  2023 Fresh E-mail Data / Phone number <NRP> available with high connectivity rate available. 🔥 

💯 USA 🇺🇸
💯 Italy <PERSON> 
💯 France 🇫🇷 
💯 Singapore 🇸🇬 
💯 Spain 🇪🇸 
💯 Australia 🇦🇺 
💯 Germany 🇩🇪 
💯 Austria   <PERSON> 
💯Greece 🇬🇷 
💯 Switzerland <DATE_TIME>🇭 
💯 Canada <DATE_TIME>🇦 
💯 Taiwan <PERSON>🇼 
💯 Japan 🇯🇵 
💯 Thailand <PERSON> <NRP> 🇵🇭
💯 Cambodia 🇰🇭
💯 Myanmar 🇲🇲
💯 Denmark 🇩🇰
💯 Norway🇳🇴
💯 Kuwait 🇰🇼
💯 India <PERSON>

🎗️ Order Asap!

<PERSON> me anytime here?

Telegram ID : @Ironvirus002",False,False,False,True,True,False,False,True,False,False,1901530034,,,,,,,5.962978559515542e+18,,8,0,"{'_': 'MessageReplies', 'replies': 0, 'replies_pts': 2308, 'comments': True, 'recent_repliers': [], 'channel_id': 1973858964, 'max_id': None, 'read_max_id': None}",2024-02-25T23:50:11+00:00,,,,[],
emaillogspam,https://t.me/emaillogspam,1195,2024-02-25 23:50:09,"Yahoo. Hotmail
Facebook. Ads team
@Ipboyz",False,False,False,True,True,False,False,True,False,False,1901530034,,,,,,,,,7,0,"{'_': 'MessageReplies', 'replies': 0, 'replies_pts': 2308, 'comments': True, 'recent_repliers': [], 'channel_id': 1973858964, 'max_id': None, 'read_max_id': None}",2024-02-25T23:50:11+00:00,,,,[],
emaillogspam,https://t.me/emaillogspam,1196,2024-02-25 23:50:09,"How to make Config ?

This is a video example of how to create a config.

Full Video $80



Api type: IOS
APP: Paramount

App used: 
BurpSuite community edition
Silverbullet 1.1.2
Apowermirror

Material used:
iPhone 
Pc or laptop (not different)
@Knightbatx",False,False,False,True,True,False,False,True,False,False,1901530034,,,,,,,,,7,0,"{'_': 'MessageReplies', 'replies': 0, 'replies_pts': 2308, 'comments': True, 'recent_repliers': [], 'channel_id': 1973858964, 'max_id': None, 'read_max_id': None}",2024-02-25T23:50:11+00:00,,,,[],
emaillogspam,https://t.me/emaillogspam,1197,2024-02-25 23:50:09,upwork logs . pm: <PERSON>,False,False,False,True,True,False,False,True,False,False,1901530034,,,,,,,,,6,0,"{'_': 'MessageReplies', 'replies': 0, 'replies_pts': 2308, 'comments': True, 'recent_repliers': [], 'channel_id': 1973858964, 'max_id': None, 'read_max_id': None}",2024-02-25T23:50:11+00:00,,,,[],
emaillogspam,https://t.me/emaillogspam,1198,2024-02-25 23:50:10,"SMTP available

Pm me to buy Gsuit SMTP posted free on vip

Pm to join vip

@Ipboyz",False,False,False,True,True,False,False,True,False,False,1901530034,,,,,,,5.927028450592407e+18,,6,0,"{'_': 'MessageReplies', 'replies': 0, 'replies_pts': 2308, 'comments': True, 'recent_repliers': [], 'channel_id': 1973858964, 'max_id': None, 'read_max_id': None}",2024-02-25T23:50:11+00:00,,,,[],
emaillogspam,https://t.me/emaillogspam,1199,2024-02-25 23:50:10,Fresh HOTMAIL.COM leads available @Webeyex,False,False,False,True,True,False,False,True,False,False,1901530034,,,,,,,6.255543751669825e+18,,8,0,"{'_': 'MessageReplies', 'replies': 0, 'replies_pts': 2308, 'comments': True, 'recent_repliers': [], 'channel_id': 1973858964, 'max_id': None, 'read_max_id': None}",2024-02-25T23:50:11+00:00,,,,[],
emaillogspam,https://t.me/emaillogspam,1200,2024-02-25 23:50:10,"Office365 Verified Leads
DM @Webeyex",False,False,False,True,True,False,False,True,False,False,1901530034,,,,,,,6.021810390175956e+18,,6,0,"{'_': 'MessageReplies', 'replies': 0, 'replies_pts': 2308, 'comments': True, 'recent_repliers': [], 'channel_id': 1973858964, 'max_id': None, 'read_max_id': None}",2024-02-25T23:50:12+00:00,,,,[],
emaillogspam,https://t.me/emaillogspam,1201,2024-02-25 23:50:11,"Yahoo & Hotmail USA For Facebook
@Ironvirus002",False,False,False,True,True,False,False,True,False,False,1901530034,,,,,,,6.0643920617481e+18,,6,0,"{'_': 'MessageReplies', 'replies': 0, 'replies_pts': 2308, 'comments': True, 'recent_repliers': [], 'channel_id': 1973858964, 'max_id': None, 'read_max_id': None}",2024-02-25T23:50:12+00:00,,,,[],
emaillogspam,https://t.me/emaillogspam,1202,2024-02-25 23:50:11,"WTS ACCESS .ID  @Ironvirus002

stkipabdi.ac.id
smpn24padang.sch.id
jik.stikesalifah.ac.id
jurnal.staiyaptip.ac.id
jurnal.staiyastispadang.ac.id
ojs.stikesamanahpadang.ac.id
ojs.stikestengkumaharatu.ac.id
ojs.unisbar.ac.id
staiyaptip.ac.id
stikeslandbouw.ac.id
winadaclinic.com
klinikrahmihatta.com
jpik.stikesalifah.ac.id
stitalmathiriyah.ac.id
akperkesdam-padang.ac.id
akpersbtdumai.ac.id
apikesiris.ac.id
ojs.stkip-ahlussunnah.ac.id
siadak.aakharapanbangsa.ac.id
stai-bls.ac.id
staiyastispadang.ac.id
stiepi.ac.id
stikesalifah.ac.id
stit-diniyyahputeri.ac.id
stit-syekhburhanuddin.ac.id
stitahlussunnah.ac.id
stkip-ahlussunnah.ac.id
donbosco-pdg.sch.id
ojs.iaisumbar.ac.id
stiaadabiah.ac.id
stikesmerangin.ac.id
stikestengkumaharatu.ac.id
aakharapanbangsa.ac.id
akbid-pasbar.ac.id
amsspadang.ac.id
ashiha.stikes-pialasakti.ac.id
conference.stkipydb.ac.id
<PERSON>
ojs.apikesiris.ac.id
ojs.stai-bls.ac.id
ojs.stiepi.ac.id
ojs.stikesmerangin.ac.id
ojs.stit-syekhburhan",False,False,False,True,True,False,False,True,False,False,1901530034,,,,,,,,,8,0,"{'_': 'MessageReplies', 'replies': 0, 'replies_pts': 2308, 'comments': True, 'recent_repliers': [], 'channel_id': 1973858964, 'max_id': None, 'read_max_id': None}",2024-02-25T23:50:12+00:00,,,,[],
emaillogspam,https://t.me/emaillogspam,1203,2024-02-25 23:50:11,"#WTS

● Available SMTP AWS SES & CONSOLE 

● SES Quota : 156K
● INBOX ALL FROM MAIL ""<PERSON>""
@Plug2benjamin for purchase",False,False,False,True,True,False,False,True,False,False,1901530034,,,,,,,5.104895865310522e+18,,8,0,"{'_': 'MessageReplies', 'replies': 0, 'replies_pts': 2308, 'comments': True, 'recent_repliers': [], 'channel_id': 1973858964, 'max_id': None, 'read_max_id': None}",2024-02-25T23:50:14+00:00,,,,[],
emaillogspam,https://t.me/emaillogspam,1204,2024-02-25 23:50:11,"Agentina leads available

For virus spammer 

Pm me to buy 

13k dump leads 

Buy @Plug2benjamin",False,False,False,True,True,False,False,True,False,False,1901530034,,,,,,,4.958553603547704e+18,,9,0,"{'_': 'MessageReplies', 'replies': 0, 'replies_pts': 2308, 'comments': True, 'recent_repliers': [], 'channel_id': 1973858964, 'max_id': None, 'read_max_id': None}",2024-02-25T23:50:14+00:00,,,,[],
emaillogspam,https://t.me/emaillogspam,1205,2024-02-26 00:11:16,"Selling sourcode, email sender, email2sms, smtp & database cracking, 

Price 500$ for all sourcecode
Only for 1 person
Payment crypto 
information chat me on @Trojanx0077
Needed now:)",False,False,False,True,True,False,False,True,False,False,1901530034,,,,,,,5.972142993228022e+18,,10,0,"{'_': 'MessageReplies', 'replies': 0, 'replies_pts': 2308, 'comments': True, 'recent_repliers': [], 'channel_id': 1973858964, 'max_id': None, 'read_max_id': None}",2024-02-26T00:11:19+00:00,,,,[],
emaillogspam,https://t.me/emaillogspam,1206,2024-02-26 00:11:18,"200 fresh Amazon logs

Price 100$

Buy @Trojanx0077",False,False,False,True,True,False,False,True,False,False,1901530034,,,,,,,5.972142993228022e+18,,12,0,"{'_': 'MessageReplies', 'replies': 0, 'replies_pts': 2308, 'comments': True, 'recent_repliers': [], 'channel_id': 1973858964, 'max_id': None, 'read_max_id': None}",2024-02-26T00:11:19+00:00,,,,[],
emaillogspam,https://t.me/emaillogspam,1208,2024-02-28 23:13:32,"leads <PERSON>, Pm: for fresh leads @Ironvirus002",False,False,False,True,True,False,False,True,False,False,1901530034,,,,,,,,,3,0,"{'_': 'MessageReplies', 'replies': 0, 'replies_pts': 2316, 'comments': True, 'recent_repliers': [], 'channel_id': 1973858964, 'max_id': None, 'read_max_id': None}",2024-02-28T23:13:35+00:00,,,,[],
emaillogspam,https://t.me/emaillogspam,1209,2024-02-28 23:13:32,"🌟<PERSON> 𝐟𝐨𝐫 𝐞𝐯𝐞𝐫𝐲 𝐜𝐨𝐮𝐧𝐭𝐫𝐲🌟

⚡️Fresh and active Cell phone Data available.
⚡️ Connectivity rate minimum 80-90%.
🔔 Fresh and valid Email Data available.
🔔  90-95% inbox guarantee.

🔊 I Can Provide you Targeted Cellphone Leads.

📭 <PERSON> / 𝚙𝚕𝚊𝚌𝚒𝚗𝚐 𝚘𝚛𝚍𝚎𝚛𝚜, 𝚖𝚊𝚜𝚜𝚊𝚐𝚎 𝚖𝚎📮
Telegram: <PERSON>",False,False,False,True,True,False,False,True,False,False,1901530034,,,,,,,5.97430544483705e+18,,3,0,"{'_': 'MessageReplies', 'replies': 0, 'replies_pts': 2316, 'comments': True, 'recent_repliers': [], 'channel_id': 1973858964, 'max_id': None, 'read_max_id': None}",2024-02-28T23:13:35+00:00,,,,[],
emaillogspam,https://t.me/emaillogspam,1210,2024-02-28 23:13:32,"SMS Sender 🧰 worldwide
SMS 🧰  <DATE_TIME> = 35$
SMS 🧰  <DATE_TIME> = 50$
SMS 🧰   <DATE_TIME> = 100$
SMS 🧰    Life Time = 200$
Use API twilio or telnyx
let's go dm @Ironvirus002",False,False,False,True,True,False,False,True,False,False,1901530034,,,,,,,5.83004738467409e+18,,2,0,"{'_': 'MessageReplies', 'replies': 0, 'replies_pts': 2316, 'comments': True, 'recent_repliers': [], 'channel_id': 1973858964, 'max_id': None, 'read_max_id': None}",2024-02-28T23:13:35+00:00,,,,[],
emaillogspam,https://t.me/emaillogspam,1211,2024-02-28 23:13:33,"[17 Million] 2023 Crypto Currency Users Email Database

Price - $200
Verified & Cleaned.
File Type: CSV
Records: 17,000,000

Payment Via: 
- BTC, ETH or USDT
- Stripe

Countries - USA, UK, Canada, France, Italy, Germany, Spain, UAE, China, Portugal, Saudi Arabia, Brazil and More... Over 95+ Countries Available 

@Webeyex",False,False,False,True,True,False,False,True,False,False,1901530034,,,,,,,,,4,0,"{'_': 'MessageReplies', 'replies': 0, 'replies_pts': 2316, 'comments': True, 'recent_repliers': [], 'channel_id': 1973858964, 'max_id': None, 'read_max_id': None}",2024-02-28T23:13:35+00:00,,,,[],
emaillogspam,https://t.me/emaillogspam,1212,2024-02-28 23:13:33,"Poland Fresh Email Leads 

@Webeyex",False,False,False,True,True,False,False,True,False,False,1901530034,,,,,,,5.116166787208162e+18,,4,0,"{'_': 'MessageReplies', 'replies': 0, 'replies_pts': 2316, 'comments': True, 'recent_repliers': [], 'channel_id': 1973858964, 'max_id': None, 'read_max_id': None}",2024-02-28T23:13:35+00:00,,,,[],
emaillogspam,https://t.me/emaillogspam,1214,2024-03-05 01:27:08,"<DATE_TIME> CANADA METHODS LIST 🇨🇦

• Apple Method 

• Best buy Method 

• Stock X Method 

• AMAZON METHOD 

• EBAY METHOD 

• CC TO BTC METHOD 

• Free Groceries Method

• Phone Business Method 

• Uber Eat Method 

• Scene Method 

• Airbnb Method 

• Nike Method 

• Walmart Method 

• Fiver Method

• Drop Adress Method

• Boa Opening Method

• G2G Method 

• Playstore Method 


<DATE_TIME>🇦Refund  Methods 

• Stockx Refund Method
• Nike refund method 
• Best Buy Refund Method
• Apple Refund Method
• Skip Refund Method 
 

CC/FULLZ<DATE_TIME>🇦:

ASK FOR updated 🇨🇦 BIN LIST 

Apple Pay auto add available 🍏

Non vbv ccs available ⏺


To purchase - @Webeyex",False,False,False,True,True,False,False,True,False,False,1901530034,,,,,,,,,14,2,"{'_': 'MessageReplies', 'replies': 0, 'replies_pts': 2338, 'comments': True, 'recent_repliers': [], 'channel_id': 1973858964, 'max_id': None, 'read_max_id': None}",2024-03-05T01:27:11+00:00,,,,[],
emaillogspam,https://t.me/emaillogspam,1215,2024-03-05 01:27:09,"Available USA email leads checked on amazon valid email checker and not checked
+1 million yahoo
+1 million charter
+1 million comcast
+80k live,hotmail
+50k aol
+20k others

Pm @Ironvirus002",False,False,False,True,True,False,False,True,False,False,1901530034,,,,,,,5.846094649507299e+18,,14,2,"{'_': 'MessageReplies', 'replies': 0, 'replies_pts': 2338, 'comments': True, 'recent_repliers': [], 'channel_id': 1973858964, 'max_id': None, 'read_max_id': None}",2024-03-05T01:27:11+00:00,,,,[],
emaillogspam,https://t.me/emaillogspam,1216,2024-03-05 01:27:09,,False,False,False,True,True,False,False,True,False,False,1901530034,,,,,,,5.847959446997811e+18,,13,2,"{'_': 'MessageReplies', 'replies': 0, 'replies_pts': 2338, 'comments': True, 'recent_repliers': [], 'channel_id': 1973858964, 'max_id': None, 'read_max_id': None}",2024-03-05T01:27:11+00:00,,,,[],
emaillogspam,https://t.me/emaillogspam,1217,2024-03-05 01:27:09,,False,False,False,True,True,False,False,True,False,False,1901530034,,,,,,,5.847959446997811e+18,,13,2,"{'_': 'MessageReplies', 'replies': 0, 'replies_pts': 2338, 'comments': True, 'recent_repliers': [], 'channel_id': 1973858964, 'max_id': None, 'read_max_id': None}",2024-03-05T01:27:11+00:00,,,,[],
emaillogspam,https://t.me/emaillogspam,1218,2024-03-05 01:47:14,"#WTS
Sendgrid root account - Limit 100k
Price - 150 USD
DM @Trojanx0077",False,False,False,True,True,False,False,True,False,False,1901530034,,,,,,,5.997082592710607e+18,,9,2,"{'_': 'MessageReplies', 'replies': 0, 'replies_pts': 2338, 'comments': True, 'recent_repliers': [], 'channel_id': 1973858964, 'max_id': None, 'read_max_id': None}",2024-03-05T01:47:17+00:00,,,,[],
emaillogspam,https://t.me/emaillogspam,1219,2024-03-05 01:47:14,"100 Shell 
Price = 20$
Here : @Plug2benjamin",False,False,False,True,True,False,False,True,False,False,1901530034,,,,,,,5.997082592710607e+18,,9,2,"{'_': 'MessageReplies', 'replies': 0, 'replies_pts': 2338, 'comments': True, 'recent_repliers': [], 'channel_id': 1973858964, 'max_id': None, 'read_max_id': None}",2024-03-05T01:47:17+00:00,,,,[],
emaillogspam,https://t.me/emaillogspam,1220,2024-03-05 01:47:15,IRS Refund method available @Ipboyz,False,False,False,True,True,False,False,True,False,False,1901530034,,,,,,,5.997082592710607e+18,,9,2,"{'_': 'MessageReplies', 'replies': 0, 'replies_pts': 2338, 'comments': True, 'recent_repliers': [], 'channel_id': 1973858964, 'max_id': None, 'read_max_id': None}",2024-03-05T01:47:17+00:00,,,,[],
emaillogspam,https://t.me/emaillogspam,1221,2024-03-05 01:47:15,"Netflix login available 
Hotmaill link Netflix config available 

Netflix private combo available 

<PERSON>",False,False,False,True,True,False,False,True,False,False,1901530034,,,,,,,5.997082592710607e+18,,9,2,"{'_': 'MessageReplies', 'replies': 0, 'replies_pts': 2338, 'comments': True, 'recent_repliers': [], 'channel_id': 1973858964, 'max_id': None, 'read_max_id': None}",2024-03-05T01:47:17+00:00,,,,[],
emaillogspam,https://t.me/emaillogspam,1223,2024-03-05 01:47:15,<PERSON> available..pm : @Ironvirus002,False,False,False,True,True,False,False,True,False,False,1901530034,,,,,,,5.997082592710607e+18,,72,2,"{'_': 'MessageReplies', 'replies': 0, 'replies_pts': 2364, 'comments': True, 'recent_repliers': [], 'channel_id': 1973858964, 'max_id': None, 'read_max_id': None}",2024-03-05T01:47:17+00:00,,,,[],
emaillogspam,https://t.me/emaillogspam,1224,2024-03-07 19:19:00,"SMTP 📩 INBOX ALL 

100% GUARANTEED MAIL BLASTING INBOX ALL DOMAINS UNLIMITED:

✅ SENDGRID
✅ AWS SES
✅ OFFICE365 A1
✅ OFFICE365 E5
✅ OFFICE365 ADMIN
✅ OWA EXCHANGE SMTP
✅ IONOS MX SMTP
✅ JAPAN SMTP - SAKURA & KAGOYA
<PERSON> ACCOUNT SMTP
✅ GSUITE SMTP
✅ GMAIL APP PASSWORDS
✅ API KEY SMTP
✅ WEBMAIL ACCOUNTS LOGS - Corporate Office Domains
✅ METHODS INBOX SEND
✅ MASS MAIL BLASTING SOFTWARE PAID

✉ Limit: 10,000 Mails Daily
✉ Limit: 50,000 Mails Daily
✉ Warranty: 30 Mails Days

✅ TESTON INBOX ✅ DM PRV NOW ✅ @Trojanx0077",False,False,False,True,True,False,False,True,False,False,1901530034,,,,,,,,,43,3,"{'_': 'MessageReplies', 'replies': 0, 'replies_pts': 2364, 'comments': True, 'recent_repliers': [], 'channel_id': 1973858964, 'max_id': None, 'read_max_id': None}",2024-03-07T19:19:03+00:00,,,,[],
emaillogspam,https://t.me/emaillogspam,1225,2024-03-07 19:19:00,"All Spamming Tools Are Available  Here
  
High quality SMS routes are offered.
Bulk SMS (SHORT CODE AND LONG CODE) AVAILABLE 
All content are allowed.
It Support All Kinds of traffic 
Sender ID (name) personalizable.
99.9% delivery rate with huge traffic.
And send to worldwide
We are also offering panel for your sms business.
Email Leads Extractor Any Country.
Email Leads Verifier.
Sms Sender PHP Version.
Sms Leads Extractor.
Scampages With Antibot Available.
    .Custom pages(True login)
    .Crypto sites scam pages
    .Bank scam pages
    .AT&T scam pages
    .Social media scam pages 
Leads (Valid)
    .Office leads 
    .Business leads
    .Local leads
    .custom leads
    .Yahoo, aol, Hotmail, org, fr, USA, cfo, edu, comcast, net all domain
Mailers Cracked Version Also Available.
    .PHP Mailer
    .Ultra mailer 
    .Heatsender
    .leaf mailer
    .Sms sender unlimited
    .Encrypted mailer
Bulletproof (non red) Cpanel for <PERSON> also available.
    .Number Leads 
    .Number Validator 
    .Email
<PERSON>",False,False,False,True,True,False,False,True,False,False,1901530034,,,,,,,,,37,3,"{'_': 'MessageReplies', 'replies': 1, 'replies_pts': 2364, 'comments': True, 'recent_repliers': [{'_': 'PeerUser', 'user_id': 6499700654}], 'channel_id': 1973858964, 'max_id': 1202, 'read_max_id': None}",2024-03-07T19:19:03+00:00,,,,[],
emaillogspam,https://t.me/emaillogspam,1226,2024-03-07 19:19:01,",#Vouch from client UK 🇬🇧 
ROUTE WORKS PERFECTLY 

With any SID AND BANK CONTENT AVAILABLE 


☁<NRP>📨👍
SMSGATEWAY V-2. 
AVAILABLE @€100
COME FAST

@Ironvirus002

 


AND ENJOY THE SENDER 
🇺🇦🇷🇺🇺🇸🇨🇳🇰🇿🇹🇯🇹🇷🇺🇿All county route works perfectly 🛒💯 with stable Sender Identification (SID) 
And deliver sms world wide 🌍🌍🌍",False,False,False,True,True,False,False,True,False,False,1901530034,,,,,,,5.07380092485774e+18,,41,3,"{'_': 'MessageReplies', 'replies': 0, 'replies_pts': 2364, 'comments': True, 'recent_repliers': [], 'channel_id': 1973858964, 'max_id': None, 'read_max_id': None}",2024-03-07T19:19:03+00:00,,,,[],
emaillogspam,https://t.me/emaillogspam,1227,2024-03-07 19:19:01,"#Ready
SES Limit 50k ($65)
ap-south-1 ✅
Console Access ✅
Inbox Hotmail ✅
DM @Webeyex
Hurry Up !!! Ses Available only 2",False,False,False,True,True,False,False,True,False,False,1901530034,,,,,,,5.965266823601569e+18,,46,3,"{'_': 'MessageReplies', 'replies': 1, 'replies_pts': 2364, 'comments': True, 'recent_repliers': [{'_': 'PeerUser', 'user_id': 6557122820}], 'channel_id': 1973858964, 'max_id': 1201, 'read_max_id': None}",2024-03-07T19:19:04+00:00,,,,[],
emaillogspam,https://t.me/emaillogspam,1228,2024-03-07 19:19:01,"Aol Fresh Leads Available ✅

Region : USA ✅

Dm to buy  @Webeyex",False,False,False,True,True,False,False,True,False,False,1901530034,,,,,,,4.906770436990283e+18,,59,3,"{'_': 'MessageReplies', 'replies': 0, 'replies_pts': 2364, 'comments': True, 'recent_repliers': [], 'channel_id': 1973858964, 'max_id': None, 'read_max_id': None}",2024-03-07T19:19:04+00:00,,,,[],
emaillogspam,https://t.me/emaillogspam,1230,2024-03-09 03:56:43,"EMAIL SENDOUTS SERVICE ⚠️

WE SEND TO ALL EMAILS AND ANY COUNTRY (OFFICE,<PERSON>,HOTMAIL,AOL,ETC)

.100% INBOX DELIVERY (GUARANTEED)

.WE USE OUR SMTP & MAILER

.WE DO SENDOUTS FROM 10K - 100K DAILY

. WE USE ONLY THE BEST OF THE BEST SMTPS 

ALL TOOLS ARE REDAY FOR THIS SERVICES ... WE START SENDING IMMIDIATELY 

🤙🏻 CONTACT US NOW :

<PERSON>",False,False,False,True,True,False,False,True,False,False,1901530034,,,,,,,,,50,0,"{'_': 'MessageReplies', 'replies': 4, 'replies_pts': 2364, 'comments': True, 'recent_repliers': [{'_': 'PeerUser', 'user_id': 5554878114}, {'_': 'PeerUser', 'user_id': 6552539751}, {'_': 'PeerUser', 'user_id': 6709703307}], 'channel_id': 1973858964, 'max_id': 1205, 'read_max_id': None}",2024-03-09T03:56:46+00:00,,,,[],
emaillogspam,https://t.me/emaillogspam,1231,2024-03-12 00:50:39,"Domain:  .com.tr / .net.az / .net.tr / .biz.tr / .web.tr / .org / .net / .com / .org

Cpanel: Domain

@Knightbatx",False,False,False,True,True,False,False,True,False,False,1901530034,,,,,,,5.996703673515885e+18,,7,0,"{'_': 'MessageReplies', 'replies': 0, 'replies_pts': 2364, 'comments': True, 'recent_repliers': [], 'channel_id': 1973858964, 'max_id': None, 'read_max_id': None}",2024-03-12T00:50:42+00:00,,,,[],
emaillogspam,https://t.me/emaillogspam,1232,2024-03-12 00:50:39,"Fresh email data available for all countries
Prices:

50k 🔄50$
150k 🔄100$
300k 🔄150$
1milion 🔄350$(offer)

@Ironvirus002",False,False,False,True,True,False,False,True,False,False,1901530034,,,,,,,5.147825961809587e+18,,6,0,"{'_': 'MessageReplies', 'replies': 0, 'replies_pts': 2364, 'comments': True, 'recent_repliers': [], 'channel_id': 1973858964, 'max_id': None, 'read_max_id': None}",2024-03-12T00:50:42+00:00,,,,[],
emaillogspam,https://t.me/emaillogspam,1233,2024-03-12 00:50:39,"4k  eBay valid Account login available  for sell 

Full capture information login 
Full fresh and private login 

And config for sell 

mail: password login 


Buy:- @Plug2benjamin",False,False,False,True,True,False,False,True,False,False,1901530034,,,,,,,5.150077761623272e+18,,8,0,"{'_': 'MessageReplies', 'replies': 0, 'replies_pts': 2364, 'comments': True, 'recent_repliers': [], 'channel_id': 1973858964, 'max_id': None, 'read_max_id': None}",2024-03-12T00:50:42+00:00,,,,[],
emaillogspam,https://t.me/emaillogspam,1234,2024-03-12 00:50:39,"UHQ combo Any Site -All Country 

Vip private combos full 

private combosUHQ combo Mail Access 

Uploading super private dumped combos every day

Psn -Netflix-xbox And Other config any (+370 configs + update <DATE_TIME>)

@webeyex",False,False,False,True,True,False,False,True,False,False,1901530034,,,,,,,,,8,0,"{'_': 'MessageReplies', 'replies': 0, 'replies_pts': 2364, 'comments': True, 'recent_repliers': [], 'channel_id': 1973858964, 'max_id': None, 'read_max_id': None}",2024-03-12T00:50:42+00:00,,,,[],
emaillogspam,https://t.me/emaillogspam,1236,2024-03-19 23:47:35,"🔔WTS WHM-CPANEL ACCESS 📊

https://panel2.kemenag.go.id
https://panel2.acehprov.go.id
https://www.kemenkopmk.go.id
https://peraturan.go.id
https://e-katalog.lkpp.go.id
https://www.pa-tahuna.go.id
https://e-katalog.lkpp.go.id
https://panel2.kemenag.go.id
https://bengkulukota.bps.go.id
https://humas.polri.go.id
https://inovasi.kalbarprov.go.id
https://www.bps.go.id
https://laboratorium.bnn.go.id
https://www.kemenkopmk.go.id
https://peraturan.go.id
https://putusan3.mahkamahagung.go.id
https://www.waykanankab.go.id
http://pulpiskab.bps.go.id
https://bos.kemdikbud.go.id
https://peraturan.go.id
http://dapo.kemdikbud.go.id
<DATE_TIME>
https://drive.madina.go.id
https://layanan.banyuwangikab.go.id
https://sapo.sulbarprov.go.id
https://sipada.sulbarprov.go.id
https://bkpsdmd.pareparekota.go.id
<PERSON>
http://www.bbp4b.litbang.kkp.go.id
https://bsn.go.id
https://bkd.kepahiangkab.go.id
http://pt-mataram.go.id

 BTC🪙,USDT🪙,ETH🔷
😈IF YOU WANT TO BUY, SEND A MESSAGE🖥
@Webeyex",False,False,False,True,True,False,False,True,False,False,1901530034,,,,,,,,,5,0,"{'_': 'MessageReplies', 'replies': 0, 'replies_pts': 2381, 'comments': True, 'recent_repliers': [], 'channel_id': 1973858964, 'max_id': None, 'read_max_id': None}",2024-03-19T23:47:38+00:00,,,,[],
emaillogspam,https://t.me/emaillogspam,1237,2024-03-19 23:47:50,"🕸️Office365 Offline <PERSON> AutoGrab Company Background 
-------------------------------------
 
✅Available as HTML & PDF
✅AutoGrab Company BG
✅Fully Encrypted 
✅Inbox 100%
✅Telegram & Email Notifications


----------------------------------
--------
DM: @Knightbatx
----------------------------------
--------",False,False,False,True,True,False,False,True,False,False,1901530034,,,,,,,,,4,0,"{'_': 'MessageReplies', 'replies': 0, 'replies_pts': 2381, 'comments': True, 'recent_repliers': [], 'channel_id': 1973858964, 'max_id': None, 'read_max_id': None}",2024-03-19T23:47:53+00:00,,,,[],
emaillogspam,https://t.me/emaillogspam,1238,2024-03-19 23:47:51,"[ OFFICE365 FULL SETUP IS AVAILABLE Now ] 
-------------------------------------

✅ Inbox Html Attachment 
✅ Node JS Sender V6
✅ Strong Smtp High Capacity
✅ Bulletproof RDP 16GB 
✅Results To Telegram & Email


👍Setup Can Spam to 50k Leads 

💯Tools will be Setup on RDP 
All you do is Add your Leads and Star Spamming             

------------------------------------
-----------
DM: @knightbatx
------------------------------------
-----------",False,False,False,True,True,False,False,True,False,False,1901530034,,,,,,,6.028527916595396e+18,,4,0,"{'_': 'MessageReplies', 'replies': 0, 'replies_pts': 2381, 'comments': True, 'recent_repliers': [], 'channel_id': 1973858964, 'max_id': None, 'read_max_id': None}",2024-03-19T23:47:53+00:00,,,,[],
emaillogspam,https://t.me/emaillogspam,1239,2024-03-19 23:47:51,"[ 📛Advance SMTP Sender Mailer is Available V2.8 📛]
-------------------------------------

📢HTML & PDF Support
📢Image Lettre Support
📢 inbox Sending rate 100%
📢Super Fast Sending Speed 
📢 Inbox Outlook & O365 ...
📢Attachment Supported
📢Multiple Smtp Supported
📢Auto Grab Multiple tags  

✅DM to Buy Yours

------------------------------------
-----------
DM: @Plug2benjamin

------------------------------------
-----------",False,False,False,True,True,False,False,True,False,False,1901530034,,,,,,,,,5,0,"{'_': 'MessageReplies', 'replies': 0, 'replies_pts': 2381, 'comments': True, 'recent_repliers': [], 'channel_id': 1973858964, 'max_id': None, 'read_max_id': None}",2024-03-19T23:47:53+00:00,,,,[],
emaillogspam,https://t.me/emaillogspam,1240,2024-03-19 23:47:51,"📝Taiwan Financial Management Database

♦️Country: Taiwan <PERSON>🇼

♦️Database format: #TXT

♦️ Database records: 9,000,000

♦️ Database content: name - phone number - ID number - bank card number - date of birth

@trojanx0077",False,False,False,True,True,False,False,True,False,False,1901530034,,,,,,,5.168097301208608e+18,,5,0,"{'_': 'MessageReplies', 'replies': 0, 'replies_pts': 2381, 'comments': True, 'recent_repliers': [], 'channel_id': 1973858964, 'max_id': None, 'read_max_id': None}",2024-03-19T23:47:53+00:00,,,,[],
emaillogspam,https://t.me/emaillogspam,1242,2024-03-22 23:48:00,"#WTS
Sendinblue Keys List
Limit 2.5M $350 USD Only
Inbox outlook
Bonus sendinblue apikey Sender
DM @Ipboyz",False,False,False,True,True,False,False,True,False,False,1901530034,,,,,,,5.177403073704865e+18,,1,0,"{'_': 'MessageReplies', 'replies': 0, 'replies_pts': 2397, 'comments': True, 'recent_repliers': [], 'channel_id': 1973858964, 'max_id': None, 'read_max_id': None}",2024-03-22T23:48:03+00:00,,,,[],
emaillogspam,https://t.me/emaillogspam,1243,2024-03-22 23:48:00,"📲📲Strong Whatsapp Leads

📸Profile picture’s 
📅 Age sorted
👨👩 Gender split

@Ipboyz",False,False,False,True,True,False,False,True,False,False,1901530034,,,,,,,5.181450178438213e+18,,1,0,"{'_': 'MessageReplies', 'replies': 0, 'replies_pts': 2397, 'comments': True, 'recent_repliers': [], 'channel_id': 1973858964, 'max_id': None, 'read_max_id': None}",2024-03-22T23:48:03+00:00,,,,[],
emaillogspam,https://t.me/emaillogspam,1244,2024-03-22 23:48:00,"4.4 M Fresh Email Data
New Dumped
Available Now
Country-Brazil
Text with_Mix Domain/Target Domain

@Plug2benjamin

Payment Method
BTC-USDT-PM",False,False,False,True,True,False,False,True,False,False,1901530034,,,,,,,5.183692945935674e+18,,1,0,"{'_': 'MessageReplies', 'replies': 0, 'replies_pts': 2397, 'comments': True, 'recent_repliers': [], 'channel_id': 1973858964, 'max_id': None, 'read_max_id': None}",2024-03-22T23:48:03+00:00,,,,[],
emaillogspam,https://t.me/emaillogspam,1245,2024-03-22 23:48:23,"Yahoo & Hotmail USA For Facebook
@Plug2benjamin",False,False,False,True,True,False,False,True,False,False,1901530034,,,,,,,6.0643920617481e+18,,1,0,"{'_': 'MessageReplies', 'replies': 0, 'replies_pts': 2397, 'comments': True, 'recent_repliers': [], 'channel_id': 1973858964, 'max_id': None, 'read_max_id': None}",2024-03-22T23:48:26+00:00,,,,[],
emaillogspam,https://t.me/emaillogspam,1246,2024-03-22 23:48:23,"Netflix login available 
Hotmaill link Netflix config available 

Netflix private combo available 

Dm @Trojanx0077",False,False,False,True,True,False,False,True,False,False,1901530034,,,,,,,5.127420172754333e+18,,1,0,"{'_': 'MessageReplies', 'replies': 0, 'replies_pts': 2397, 'comments': True, 'recent_repliers': [], 'channel_id': 1973858964, 'max_id': None, 'read_max_id': None}",2024-03-22T23:48:26+00:00,,,,[],
emaillogspam,https://t.me/emaillogspam,1247,2024-03-22 23:48:24,"#Ready
SES Limit 50k ($65)
ap-south-1 ✅
Console Access ✅
Inbox Hotmail ✅
DM @Trojanx0077
Hurry Up !!! Ses Available only 2",False,False,False,True,True,False,False,True,False,False,1901530034,,,,,,,5.965266823601569e+18,,1,0,"{'_': 'MessageReplies', 'replies': 0, 'replies_pts': 2397, 'comments': True, 'recent_repliers': [], 'channel_id': 1973858964, 'max_id': None, 'read_max_id': None}",2024-03-22T23:48:26+00:00,,,,[],
emaillogspam,https://t.me/emaillogspam,1263,2024-03-31 01:17:52,"ℂ𝕒𝕝𝕝𝕡𝕙𝕠𝕟𝕖_𝔼𝕞𝕒𝕚𝕝_𝕨𝕙𝕒𝕥'𝕤𝔸𝕡𝕡_𝔹𝕦𝕤𝕚𝕟𝕖𝕤𝕤-𝕃𝕖𝕒𝕕𝕤_𝔹𝕒𝕟𝕜-𝕃𝕖𝕒𝕕𝕤 𝔸𝕧𝕒𝕚𝕝𝕒𝕓𝕝𝕖🎤🎤

👨‍👩‍👧‍👦  𝙰𝚐𝚎 𝙵𝚒𝚕𝚝𝚎𝚛 
⚧  𝙶𝚎𝚗𝚍𝚎𝚛 𝚂𝚙𝚕𝚒𝚝
💬  𝚆𝚑𝚊𝚝'𝚜𝙰𝚙𝚙 𝙵𝚒𝚕𝚝𝚎𝚛
🧲  <PERSON> 𝚘𝚏 𝙵𝚒𝚕𝚝𝚎𝚛 𝙿𝚘𝚜𝚜𝚒𝚋𝚕𝚎

⚜️ 𝙷𝚎𝚛𝚎 𝚢𝚘𝚞 𝚐𝚘 𝚏𝚘𝚛 𝙵𝚛𝚎𝚜𝚑 𝚕𝚎𝚊𝚍𝚜 🔸

<PERSON>  <PERSON>  <PERSON>💸  𝙲𝚛𝚢𝚙𝚝𝚘/𝙵𝚘𝚛𝚎𝚡 <PERSON>
💱  𝙿𝚊𝚢𝚍𝚊𝚢 𝙻𝚘𝚊𝚗 𝙳𝚊𝚝𝚊  
🗞  <PERSON>

🪧 𝙶𝚎𝚛 <PERSON> ❗️
🪧 𝙳𝚘𝚗'𝚝 𝙼𝚒𝚜𝚜 𝚘𝚞𝚝 𝚝𝚑𝚎 𝙵𝚛𝚎𝚜𝚑 𝙻𝚎𝚊𝚍𝚜.

@Webeyex",False,False,False,True,True,False,False,True,False,False,1901530034,,,,,,,,,8,2,"{'_': 'MessageReplies', 'replies': 0, 'replies_pts': 2429, 'comments': True, 'recent_repliers': [], 'channel_id': 1973858964, 'max_id': None, 'read_max_id': None}",2024-03-31T01:17:55+00:00,,,,[],
emaillogspam,https://t.me/emaillogspam,1266,2024-03-31 17:45:34,"Office365 Spamming Package

Node Js Mailer with Tutorial

Monthly Offline Attachment Auto Grab Email,Logo,and background 

2x Office365 Admin SMTP With 10K Daily Limit

Hacked RDP With Open Port for Spamming

15K Office365 High Rank Leads

Note ! 

Payment via BTC / USDT / PM 

Send  Message : @Ipboyz",False,False,False,True,True,False,False,True,False,False,1901530034,,,,,,,5.785093765873124e+18,,9,0,"{'_': 'MessageReplies', 'replies': 0, 'replies_pts': 2431, 'comments': True, 'recent_repliers': [], 'channel_id': 1973858964, 'max_id': None, 'read_max_id': None}",2024-03-31T17:45:37+00:00,,,,[],
emaillogspam,https://t.me/emaillogspam,1268,2024-04-01 22:49:09,"TalkTalk Webmail Available
Smtp+Webmail Access
Sending Working
Site: apps.talktalk.co.uk
Warranty: Only Login
Dm @Knightbatx",False,False,False,True,True,False,False,True,False,False,1901530034,,,,,,,4.922735079537618e+18,,4,0,"{'_': 'MessageReplies', 'replies': 0, 'replies_pts': 2436, 'comments': True, 'recent_repliers': [], 'channel_id': 1973858964, 'max_id': None, 'read_max_id': None}",2024-04-01T22:49:12+00:00,,,,[],
emaillogspam,https://t.me/emaillogspam,1269,2024-04-01 22:49:09,"AMAZON AWS 50K Emails Perday

Ready to Sell Immediately.

Price: $80

DM @Webeyex  immediately if interested 


.",False,False,False,True,True,False,False,True,False,False,1901530034,,,,,,,5.789863936940688e+18,,4,0,"{'_': 'MessageReplies', 'replies': 0, 'replies_pts': 2436, 'comments': True, 'recent_repliers': [], 'channel_id': 1973858964, 'max_id': None, 'read_max_id': None}",2024-04-01T22:49:12+00:00,,,,[],
emaillogspam,https://t.me/emaillogspam,1270,2024-04-01 22:49:09,"EMAIL SENDOUTS SERVICE ⚠️

WE SEND TO ALL EMAILS AND ANY COUNTRY (OFFICE,<PERSON>,HOTMAIL,AOL,ETC)

.100% INBOX DELIVERY (GUARANTEED)

.WE USE OUR SMTP & MAILER

.WE DO SENDOUTS FROM 10K - 100K DAILY

. WE USE ONLY THE BEST OF THE BEST SMTPS 

ALL TOOLS ARE REDAY FOR THIS SERVICES ... WE START SENDING IMMIDIATELY 

🤙🏻 CONTACT US NOW :

<PERSON>",False,False,False,True,True,False,False,True,False,False,1901530034,,,,,,,,,4,0,"{'_': 'MessageReplies', 'replies': 0, 'replies_pts': 2436, 'comments': True, 'recent_repliers': [], 'channel_id': 1973858964, 'max_id': None, 'read_max_id': None}",2024-04-01T22:49:12+00:00,,,,[],
