Channel ID,URL,Post ID,date,message,out,mentioned,media_unread,silent,post,from_scheduled,legacy,edit_hide,pinned,noforwards,peer_channel,from_id_user,fwd_from,via_bot_id,reply_to_msg_id,reply_to_scheduled,forum_topic,media_photo_id,reply_markup,views,forwards,replies,edit_date,post_author,grouped_id,reactions,restriction_reason,ttl_period
fcxgen,https://t.me/fcxgen,1956,2024-01-27 03:23:01,"Fortnite accounts updated! 
                
Click and get!
                
This message was sent automatically after the accounts were uploaded.",False,False,False,False,True,False,False,False,False,False,1440095417,,,,,,,5.984579702393778e+18,,241,0,,,,,,[],
fcxgen,https://t.me/fcxgen,1957,2024-01-27 03:23:32,"For Upgraded Users  💠
Login with Epic games  💠",False,False,False,False,True,False,False,False,False,False,1440095417,,,,1956.0,False,False,,,234,0,,,,,,[],
fcxgen,https://t.me/fcxgen,1958,2024-01-27 03:23:43,"<PERSON> accounts updated! 
                
Click and get!
                
This message was sent automatically after the accounts were uploaded.",False,False,False,False,True,False,False,False,False,False,1440095417,,,,,,,5.896478356805889e+18,,265,0,,,,,,[],
fcxgen,https://t.me/fcxgen,1959,2024-01-27 03:23:53,"Minecraft accounts updated! 
                
Click and get!
                
This message was sent automatically after the accounts were uploaded.",False,False,False,False,True,False,False,False,False,False,1440095417,,,,,,,5.826571746814307e+18,,266,0,,,,,,[],
fcxgen,https://t.me/fcxgen,1960,2024-01-27 03:24:02,"Netflix accounts updated! 
                
Click and get!
                
This message was sent automatically after the accounts were uploaded.",False,False,False,False,True,False,False,False,False,False,1440095417,,,,,,,5.824500254022675e+18,,272,0,,,,,,[],
fcxgen,https://t.me/fcxgen,1961,2024-01-27 03:27:18,"Roblox accounts updated! 
                
Click and get!
                
This message was sent automatically after the accounts were uploaded.",False,False,False,False,True,False,False,False,False,False,1440095417,,,,,,,5.811123784537714e+18,,287,0,,,,,,[],
fcxgen,https://t.me/fcxgen,1962,2024-01-27 03:27:27,"Steam accounts updated! 
                
Click and get!
                
This message was sent automatically after the accounts were uploaded.",False,False,False,False,True,False,False,False,False,False,1440095417,,,,,,,5.930158622757727e+18,,273,0,,,,,,[],
fcxgen,https://t.me/fcxgen,1963,2024-01-27 03:27:37,"SurfEasy accounts updated! 
                
Click and get!
                
This message was sent automatically after the accounts were uploaded.",False,False,False,False,True,False,False,False,False,False,1440095417,,,,,,,5.973298184811818e+18,,294,0,,,,,,[],
fcxgen,https://t.me/fcxgen,1964,2024-01-27 03:27:51,"Valorant accounts updated! 
                
Click and get!
                
This message was sent automatically after the accounts were uploaded.",False,False,False,False,True,False,False,False,False,False,1440095417,,,,,,,5.826799143857794e+18,,310,0,,,,,,[],
fcxgen,https://t.me/fcxgen,1965,2024-01-27 03:28:04,"Valorant accounts updated! 
                
Click and get!
                
This message was sent automatically after the accounts were uploaded.",False,False,False,False,True,False,False,False,False,False,1440095417,,,,,,,5.826799143857794e+18,,321,0,,,,,,[],
fcxgen,https://t.me/fcxgen,1966,2024-01-27 03:28:18,For Upgraded Users  💠,False,False,False,False,True,False,False,False,False,False,1440095417,,,,1965.0,False,False,,,342,0,,,,,,[],
fcxgen,https://t.me/fcxgen,1967,2024-01-27 03:28:29,"ViaPlay accounts updated! 
                
Click and get!
                
This message was sent automatically after the accounts were uploaded.",False,False,False,False,True,False,False,True,False,False,1440095417,,,,,,,5.939314582499732e+18,,370,0,,2024-01-27T14:16:38+00:00,,,"{'_': 'MessageReactions', 'results': [{'_': 'ReactionCount', 'reaction': {'_': 'ReactionEmoji', 'emoticon': '❤'}, 'count': 2, 'chosen_order': None}, {'_': 'ReactionCount', 'reaction': {'_': 'ReactionEmoji', 'emoticon': '👍'}, 'count': 1, 'chosen_order': None}], 'min': False, 'can_see_list': False, 'reactions_as_tags': False, 'recent_reactions': []}",[],
fcxgen,https://t.me/fcxgen,1968,2024-01-27 21:00:04,"Netflix accounts updated! 
                
Click and get!
                
This message was sent automatically after the accounts were uploaded.",False,False,False,False,True,False,False,True,False,False,1440095417,,,,,,,5.824500254022675e+18,,331,0,,2024-01-28T19:29:07+00:00,,,"{'_': 'MessageReactions', 'results': [], 'min': False, 'can_see_list': False, 'reactions_as_tags': False, 'recent_reactions': []}",[],
fcxgen,https://t.me/fcxgen,1969,2024-01-27 21:00:11,"Disney Plus accounts updated! 
                
Click and get!
                
This message was sent automatically after the accounts were uploaded.",False,False,False,False,True,False,False,False,False,False,1440095417,,,,,,,5.871800475450453e+18,,325,0,,,,,,[],
fcxgen,https://t.me/fcxgen,1970,2024-01-27 21:00:17,"DirecTV accounts updated! 
                
Click and get!
                
This message was sent automatically after the accounts were uploaded.",False,False,False,False,True,False,False,False,False,False,1440095417,,,,,,,5.806399530965511e+18,,289,0,,,,,,[],
fcxgen,https://t.me/fcxgen,1971,2024-01-27 21:00:24,"MyCanal accounts updated! 
                
Click and get!
                
This message was sent automatically after the accounts were uploaded.",False,False,False,False,True,False,False,False,False,False,1440095417,,,,,,,5.923574356288581e+18,,308,0,,,,,,[],
fcxgen,https://t.me/fcxgen,1972,2024-01-27 21:00:30,"Showtime accounts updated! 
                
Click and get!
                
This message was sent automatically after the accounts were uploaded.",False,False,False,False,True,False,False,False,False,False,1440095417,,,,,,,6.029677937038569e+18,,327,0,,,,,,[],
fcxgen,https://t.me/fcxgen,1973,2024-01-27 21:00:37,"CBS accounts updated! 
                
Click and get!
                
This message was sent automatically after the accounts were uploaded.",False,False,False,False,True,False,False,False,False,False,1440095417,,,,,,,5.930487814821096e+18,,341,0,,,,,,[],
fcxgen,https://t.me/fcxgen,1974,2024-01-27 21:00:43,"HBO accounts updated! 
                
Click and get!
                
This message was sent automatically after the accounts were uploaded.",False,False,False,False,True,False,False,False,False,False,1440095417,,,,,,,5.874198012094426e+18,,410,0,,,,,,[],
fcxgen,https://t.me/fcxgen,1975,2024-01-27 21:00:50,"Spotify accounts updated! 
                
Click and get!
                
This message was sent automatically after the accounts were uploaded.",False,False,False,False,True,False,False,True,False,False,1440095417,,,,,,,5.824307981221735e+18,,454,0,,2024-01-27T21:06:09+00:00,,,"{'_': 'MessageReactions', 'results': [{'_': 'ReactionCount', 'reaction': {'_': 'ReactionEmoji', 'emoticon': '👎'}, 'count': 3, 'chosen_order': None}], 'min': False, 'can_see_list': False, 'reactions_as_tags': False, 'recent_reactions': []}",[],
fcxgen,https://t.me/fcxgen,1976,2024-01-30 21:00:05,"Netflix accounts updated! 
                
Click and get!
                
This message was sent automatically after the accounts were uploaded.",False,False,False,False,True,False,False,False,False,False,1440095417,,,,,,,5.824500254022675e+18,,326,0,,,,,,[],
fcxgen,https://t.me/fcxgen,1977,2024-01-30 21:00:14,"Disney Plus accounts updated! 
                
Click and get!
                
This message was sent automatically after the accounts were uploaded.",False,False,False,False,True,False,False,False,False,False,1440095417,,,,,,,5.871800475450453e+18,,323,0,,,,,,[],
fcxgen,https://t.me/fcxgen,1978,2024-01-30 21:00:22,"DirecTV accounts updated! 
                
Click and get!
                
This message was sent automatically after the accounts were uploaded.",False,False,False,False,True,False,False,False,False,False,1440095417,,,,,,,5.806399530965511e+18,,260,0,,,,,,[],
fcxgen,https://t.me/fcxgen,1979,2024-01-30 21:00:29,"MyCanal accounts updated! 
                
Click and get!
                
This message was sent automatically after the accounts were uploaded.",False,False,False,False,True,False,False,False,False,False,1440095417,,,,,,,5.923574356288581e+18,,278,0,,,,,,[],
fcxgen,https://t.me/fcxgen,1980,2024-01-30 21:00:37,"Showtime accounts updated! 
                
Click and get!
                
This message was sent automatically after the accounts were uploaded.",False,False,False,False,True,False,False,False,False,False,1440095417,,,,,,,6.029677937038569e+18,,283,0,,,,,,[],
fcxgen,https://t.me/fcxgen,1981,2024-01-30 21:00:44,"CBS accounts updated! 
                
Click and get!
                
This message was sent automatically after the accounts were uploaded.",False,False,False,False,True,False,False,False,False,False,1440095417,,,,,,,5.930487814821096e+18,,278,0,,,,,,[],
fcxgen,https://t.me/fcxgen,1982,2024-01-30 21:00:52,"HBO accounts updated! 
                
Click and get!
                
This message was sent automatically after the accounts were uploaded.",False,False,False,False,True,False,False,False,False,False,1440095417,,,,,,,5.874198012094426e+18,,336,0,,,,,,[],
fcxgen,https://t.me/fcxgen,1983,2024-01-30 21:01:00,"Spotify accounts updated! 
                
Click and get!
                
This message was sent automatically after the accounts were uploaded.",False,False,False,False,True,False,False,False,False,False,1440095417,,,,,,,5.824307981221735e+18,,364,0,,,,,,[],
fcxgen,https://t.me/fcxgen,1984,2024-01-31 21:00:05,"Netflix accounts updated! 
                
Click and get!
                
This message was sent automatically after the accounts were uploaded.",False,False,False,False,True,False,False,True,False,False,1440095417,,,,,,,5.824500254022675e+18,,311,0,,2024-01-31T21:00:43+00:00,,,"{'_': 'MessageReactions', 'results': [{'_': 'ReactionCount', 'reaction': {'_': 'ReactionEmoji', 'emoticon': '👍'}, 'count': 1, 'chosen_order': None}], 'min': False, 'can_see_list': False, 'reactions_as_tags': False, 'recent_reactions': []}",[],
fcxgen,https://t.me/fcxgen,1985,2024-01-31 21:00:12,"Disney Plus accounts updated! 
                
Click and get!
                
This message was sent automatically after the accounts were uploaded.",False,False,False,False,True,False,False,False,False,False,1440095417,,,,,,,5.871800475450453e+18,,308,0,,,,,,[],
fcxgen,https://t.me/fcxgen,1986,2024-01-31 21:00:18,"DirecTV accounts updated! 
                
Click and get!
                
This message was sent automatically after the accounts were uploaded.",False,False,False,False,True,False,False,False,False,False,1440095417,,,,,,,5.806399530965511e+18,,274,0,,,,,,[],
fcxgen,https://t.me/fcxgen,1987,2024-01-31 21:00:24,"MyCanal accounts updated! 
                
Click and get!
                
This message was sent automatically after the accounts were uploaded.",False,False,False,False,True,False,False,False,False,False,1440095417,,,,,,,5.923574356288581e+18,,313,0,,,,,,[],
fcxgen,https://t.me/fcxgen,1988,2024-01-31 21:00:31,"Showtime accounts updated! 
                
Click and get!
                
This message was sent automatically after the accounts were uploaded.",False,False,False,False,True,False,False,False,False,False,1440095417,,,,,,,6.029677937038569e+18,,323,0,,,,,,[],
fcxgen,https://t.me/fcxgen,1989,2024-01-31 21:00:37,"CBS accounts updated! 
                
Click and get!
                
This message was sent automatically after the accounts were uploaded.",False,False,False,False,True,False,False,False,False,False,1440095417,,,,,,,5.930487814821096e+18,,324,0,,,,,,[],
fcxgen,https://t.me/fcxgen,1990,2024-01-31 21:00:44,"HBO accounts updated! 
                
Click and get!
                
This message was sent automatically after the accounts were uploaded.",False,False,False,False,True,False,False,True,False,False,1440095417,,,,,,,5.874198012094426e+18,,388,0,,2024-01-31T23:49:49+00:00,,,"{'_': 'MessageReactions', 'results': [{'_': 'ReactionCount', 'reaction': {'_': 'ReactionEmoji', 'emoticon': '👎'}, 'count': 2, 'chosen_order': None}], 'min': False, 'can_see_list': False, 'reactions_as_tags': False, 'recent_reactions': []}",[],
fcxgen,https://t.me/fcxgen,1991,2024-01-31 21:00:50,"Spotify accounts updated! 
                
Click and get!
                
This message was sent automatically after the accounts were uploaded.",False,False,False,False,True,False,False,True,False,False,1440095417,,,,,,,5.824307981221735e+18,,429,0,,2024-02-01T08:30:44+00:00,,,"{'_': 'MessageReactions', 'results': [{'_': 'ReactionCount', 'reaction': {'_': 'ReactionEmoji', 'emoticon': '👎'}, 'count': 1, 'chosen_order': None}], 'min': False, 'can_see_list': False, 'reactions_as_tags': False, 'recent_reactions': []}",[],
fcxgen,https://t.me/fcxgen,1992,2024-02-03 21:00:06,"Netflix accounts updated! 
                
Click and get!
                
This message was sent automatically after the accounts were uploaded.",False,False,False,False,True,False,False,False,False,False,1440095417,,,,,,,5.824500254022675e+18,,344,0,,,,,,[],
fcxgen,https://t.me/fcxgen,1993,2024-02-03 21:00:15,"Disney Plus accounts updated! 
                
Click and get!
                
This message was sent automatically after the accounts were uploaded.",False,False,False,False,True,False,False,False,False,False,1440095417,,,,,,,5.871800475450453e+18,,341,0,,,,,,[],
fcxgen,https://t.me/fcxgen,1994,2024-02-03 21:00:21,"DirecTV accounts updated! 
                
Click and get!
                
This message was sent automatically after the accounts were uploaded.",False,False,False,False,True,False,False,False,False,False,1440095417,,,,,,,5.806399530965511e+18,,288,0,,,,,,[],
fcxgen,https://t.me/fcxgen,1995,2024-02-03 21:00:29,"MyCanal accounts updated! 
                
Click and get!
                
This message was sent automatically after the accounts were uploaded.",False,False,False,False,True,False,False,False,False,False,1440095417,,,,,,,5.923574356288581e+18,,303,0,,,,,,[],
fcxgen,https://t.me/fcxgen,1996,2024-02-03 21:00:35,"Showtime accounts updated! 
                
Click and get!
                
This message was sent automatically after the accounts were uploaded.",False,False,False,False,True,False,False,False,False,False,1440095417,,,,,,,6.029677937038569e+18,,318,0,,,,,,[],
fcxgen,https://t.me/fcxgen,1997,2024-02-03 21:00:42,"CBS accounts updated! 
                
Click and get!
                
This message was sent automatically after the accounts were uploaded.",False,False,False,False,True,False,False,False,False,False,1440095417,,,,,,,5.930487814821096e+18,,346,0,,,,,,[],
fcxgen,https://t.me/fcxgen,1998,2024-02-03 21:00:48,"HBO accounts updated! 
                
Click and get!
                
This message was sent automatically after the accounts were uploaded.",False,False,False,False,True,False,False,False,False,False,1440095417,,,,,,,5.874198012094426e+18,,391,0,,,,,,[],
fcxgen,https://t.me/fcxgen,1999,2024-02-03 21:00:54,"Spotify accounts updated! 
                
Click and get!
                
This message was sent automatically after the accounts were uploaded.",False,False,False,False,True,False,False,False,False,False,1440095417,,,,,,,5.824307981221735e+18,,446,0,,,,,,[],
fcxgen,https://t.me/fcxgen,2001,2024-02-06 21:00:06,"Netflix accounts updated! 
                
Click and get!
                
This message was sent automatically after the accounts were uploaded.",False,False,False,False,True,False,False,False,False,False,1440095417,,,,,,,5.824500254022675e+18,,315,0,,,,,,[],
fcxgen,https://t.me/fcxgen,2002,2024-02-06 21:00:13,"Disney Plus accounts updated! 
                
Click and get!
                
This message was sent automatically after the accounts were uploaded.",False,False,False,False,True,False,False,False,False,False,1440095417,,,,,,,5.871800475450453e+18,,315,0,,,,,,[],
fcxgen,https://t.me/fcxgen,2003,2024-02-06 21:00:19,"DirecTV accounts updated! 
                
Click and get!
                
This message was sent automatically after the accounts were uploaded.",False,False,False,False,True,False,False,False,False,False,1440095417,,,,,,,5.806399530965511e+18,,280,0,,,,,,[],
fcxgen,https://t.me/fcxgen,2004,2024-02-06 21:00:25,"MyCanal accounts updated! 
                
Click and get!
                
This message was sent automatically after the accounts were uploaded.",False,False,False,False,True,False,False,False,False,False,1440095417,,,,,,,5.923574356288581e+18,,284,0,,,,,,[],
fcxgen,https://t.me/fcxgen,2005,2024-02-06 21:00:32,"Showtime accounts updated! 
                
Click and get!
                
This message was sent automatically after the accounts were uploaded.",False,False,False,False,True,False,False,False,False,False,1440095417,,,,,,,6.029677937038569e+18,,291,0,,,,,,[],
fcxgen,https://t.me/fcxgen,2006,2024-02-06 21:00:38,"CBS accounts updated! 
                
Click and get!
                
This message was sent automatically after the accounts were uploaded.",False,False,False,False,True,False,False,False,False,False,1440095417,,,,,,,5.930487814821096e+18,,306,0,,,,,,[],
fcxgen,https://t.me/fcxgen,2007,2024-02-06 21:00:44,"HBO accounts updated! 
                
Click and get!
                
This message was sent automatically after the accounts were uploaded.",False,False,False,False,True,False,False,False,False,False,1440095417,,,,,,,5.874198012094426e+18,,344,0,,,,,,[],
fcxgen,https://t.me/fcxgen,2008,2024-02-06 21:00:51,"Spotify accounts updated! 
                
Click and get!
                
This message was sent automatically after the accounts were uploaded.",False,False,False,False,True,False,False,False,False,False,1440095417,,,,,,,5.824307981221735e+18,,385,0,,,,,,[],
fcxgen,https://t.me/fcxgen,2009,2024-02-09 21:00:07,"Netflix accounts updated! 
                
Click and get!
                
This message was sent automatically after the accounts were uploaded.",False,False,False,False,True,False,False,False,False,False,1440095417,,,,,,,5.824500254022675e+18,,285,0,,,,,,[],
fcxgen,https://t.me/fcxgen,2010,2024-02-09 21:00:13,"Disney Plus accounts updated! 
                
Click and get!
                
This message was sent automatically after the accounts were uploaded.",False,False,False,False,True,False,False,False,False,False,1440095417,,,,,,,5.871800475450453e+18,,279,0,,,,,,[],
fcxgen,https://t.me/fcxgen,2011,2024-02-09 21:00:20,"DirecTV accounts updated! 
                
Click and get!
                
This message was sent automatically after the accounts were uploaded.",False,False,False,False,True,False,False,False,False,False,1440095417,,,,,,,5.806399530965511e+18,,253,0,,,,,,[],
fcxgen,https://t.me/fcxgen,2012,2024-02-09 21:00:26,"MyCanal accounts updated! 
                
Click and get!
                
This message was sent automatically after the accounts were uploaded.",False,False,False,False,True,False,False,False,False,False,1440095417,,,,,,,5.923574356288581e+18,,271,0,,,,,,[],
fcxgen,https://t.me/fcxgen,2013,2024-02-09 21:00:32,"Showtime accounts updated! 
                
Click and get!
                
This message was sent automatically after the accounts were uploaded.",False,False,False,False,True,False,False,False,False,False,1440095417,,,,,,,6.029677937038569e+18,,275,0,,,,,,[],
fcxgen,https://t.me/fcxgen,2014,2024-02-09 21:00:38,"CBS accounts updated! 
                
Click and get!
                
This message was sent automatically after the accounts were uploaded.",False,False,False,False,True,False,False,False,False,False,1440095417,,,,,,,5.930487814821096e+18,,299,0,,,,,,[],
fcxgen,https://t.me/fcxgen,2015,2024-02-09 21:00:45,"HBO accounts updated! 
                
Click and get!
                
This message was sent automatically after the accounts were uploaded.",False,False,False,False,True,False,False,False,False,False,1440095417,,,,,,,5.874198012094426e+18,,338,0,,,,,,[],
fcxgen,https://t.me/fcxgen,2016,2024-02-09 21:00:51,"Spotify accounts updated! 
                
Click and get!
                
This message was sent automatically after the accounts were uploaded.",False,False,False,False,True,False,False,False,False,False,1440095417,,,,,,,5.824307981221735e+18,,391,0,,,,,,[],
fcxgen,https://t.me/fcxgen,2017,2024-02-12 21:00:06,"Netflix accounts updated! 
                
Click and get!
                
This message was sent automatically after the accounts were uploaded.",False,False,False,False,True,False,False,False,False,False,1440095417,,,,,,,5.824500254022675e+18,,269,0,,,,,,[],
fcxgen,https://t.me/fcxgen,2018,2024-02-12 21:00:12,"Disney Plus accounts updated! 
                
Click and get!
                
This message was sent automatically after the accounts were uploaded.",False,False,False,False,True,False,False,False,False,False,1440095417,,,,,,,5.871800475450453e+18,,272,0,,,,,,[],
fcxgen,https://t.me/fcxgen,2019,2024-02-12 21:00:19,"DirecTV accounts updated! 
                
Click and get!
                
This message was sent automatically after the accounts were uploaded.",False,False,False,False,True,False,False,False,False,False,1440095417,,,,,,,5.806399530965511e+18,,239,0,,,,,,[],
fcxgen,https://t.me/fcxgen,2020,2024-02-12 21:00:25,"MyCanal accounts updated! 
                
Click and get!
                
This message was sent automatically after the accounts were uploaded.",False,False,False,False,True,False,False,False,False,False,1440095417,,,,,,,5.923574356288581e+18,,258,0,,,,,,[],
fcxgen,https://t.me/fcxgen,2021,2024-02-12 21:00:31,"Showtime accounts updated! 
                
Click and get!
                
This message was sent automatically after the accounts were uploaded.",False,False,False,False,True,False,False,False,False,False,1440095417,,,,,,,6.029677937038569e+18,,269,0,,,,,,[],
fcxgen,https://t.me/fcxgen,2022,2024-02-12 21:00:38,"CBS accounts updated! 
                
Click and get!
                
This message was sent automatically after the accounts were uploaded.",False,False,False,False,True,False,False,False,False,False,1440095417,,,,,,,5.930487814821096e+18,,284,0,,,,,,[],
fcxgen,https://t.me/fcxgen,2023,2024-02-12 21:00:44,"HBO accounts updated! 
                
Click and get!
                
This message was sent automatically after the accounts were uploaded.",False,False,False,False,True,False,False,False,False,False,1440095417,,,,,,,5.874198012094426e+18,,325,0,,,,,,[],
fcxgen,https://t.me/fcxgen,2024,2024-02-12 21:00:51,"Spotify accounts updated! 
                
Click and get!
                
This message was sent automatically after the accounts were uploaded.",False,False,False,False,True,False,False,True,False,False,1440095417,,,,,,,5.824307981221735e+18,,364,0,,2024-02-15T02:55:03+00:00,,,"{'_': 'MessageReactions', 'results': [], 'min': False, 'can_see_list': False, 'reactions_as_tags': False, 'recent_reactions': []}",[],
fcxgen,https://t.me/fcxgen,2025,2024-02-15 21:00:05,"Netflix accounts updated! 
                
Click and get!
                
This message was sent automatically after the accounts were uploaded.",False,False,False,False,True,False,False,False,False,False,1440095417,,,,,,,5.824500254022675e+18,,257,0,,,,,,[],
fcxgen,https://t.me/fcxgen,2026,2024-02-15 21:00:11,"Disney Plus accounts updated! 
                
Click and get!
                
This message was sent automatically after the accounts were uploaded.",False,False,False,False,True,False,False,False,False,False,1440095417,,,,,,,5.871800475450453e+18,,251,0,,,,,,[],
fcxgen,https://t.me/fcxgen,2027,2024-02-15 21:00:17,"DirecTV accounts updated! 
                
Click and get!
                
This message was sent automatically after the accounts were uploaded.",False,False,False,False,True,False,False,False,False,False,1440095417,,,,,,,5.806399530965511e+18,,221,0,,,,,,[],
fcxgen,https://t.me/fcxgen,2028,2024-02-15 21:00:24,"MyCanal accounts updated! 
                
Click and get!
                
This message was sent automatically after the accounts were uploaded.",False,False,False,False,True,False,False,False,False,False,1440095417,,,,,,,5.923574356288581e+18,,235,0,,,,,,[],
fcxgen,https://t.me/fcxgen,2029,2024-02-15 21:00:30,"Showtime accounts updated! 
                
Click and get!
                
This message was sent automatically after the accounts were uploaded.",False,False,False,False,True,False,False,False,False,False,1440095417,,,,,,,6.029677937038569e+18,,250,0,,,,,,[],
fcxgen,https://t.me/fcxgen,2030,2024-02-15 21:00:36,"CBS accounts updated! 
                
Click and get!
                
This message was sent automatically after the accounts were uploaded.",False,False,False,False,True,False,False,False,False,False,1440095417,,,,,,,5.930487814821096e+18,,279,0,,,,,,[],
fcxgen,https://t.me/fcxgen,2031,2024-02-15 21:00:43,"HBO accounts updated! 
                
Click and get!
                
This message was sent automatically after the accounts were uploaded.",False,False,False,False,True,False,False,False,False,False,1440095417,,,,,,,5.874198012094426e+18,,321,0,,,,,,[],
fcxgen,https://t.me/fcxgen,2032,2024-02-15 21:00:49,"Spotify accounts updated! 
                
Click and get!
                
This message was sent automatically after the accounts were uploaded.",False,False,False,False,True,False,False,False,False,False,1440095417,,,,,,,5.824307981221735e+18,,374,0,,,,,,[],
fcxgen,https://t.me/fcxgen,2033,2024-02-18 21:00:06,"Netflix accounts updated! 
                
Click and get!
                
This message was sent automatically after the accounts were uploaded.",False,False,False,False,True,False,False,False,False,False,1440095417,,,,,,,5.824500254022675e+18,,222,0,,,,,,[],
fcxgen,https://t.me/fcxgen,2034,2024-02-18 21:00:12,"Disney Plus accounts updated! 
                
Click and get!
                
This message was sent automatically after the accounts were uploaded.",False,False,False,False,True,False,False,False,False,False,1440095417,,,,,,,5.871800475450453e+18,,226,0,,,,,,[],
fcxgen,https://t.me/fcxgen,2035,2024-02-18 21:00:20,"DirecTV accounts updated! 
                
Click and get!
                
This message was sent automatically after the accounts were uploaded.",False,False,False,False,True,False,False,False,False,False,1440095417,,,,,,,5.806399530965511e+18,,201,0,,,,,,[],
fcxgen,https://t.me/fcxgen,2036,2024-02-18 21:00:26,"MyCanal accounts updated! 
                
Click and get!
                
This message was sent automatically after the accounts were uploaded.",False,False,False,False,True,False,False,False,False,False,1440095417,,,,,,,5.923574356288581e+18,,210,0,,,,,,[],
fcxgen,https://t.me/fcxgen,2037,2024-02-18 21:00:32,"Showtime accounts updated! 
                
Click and get!
                
This message was sent automatically after the accounts were uploaded.",False,False,False,False,True,False,False,False,False,False,1440095417,,,,,,,6.029677937038569e+18,,220,0,,,,,,[],
fcxgen,https://t.me/fcxgen,2038,2024-02-18 21:00:40,"CBS accounts updated! 
                
Click and get!
                
This message was sent automatically after the accounts were uploaded.",False,False,False,False,True,False,False,False,False,False,1440095417,,,,,,,5.930487814821096e+18,,235,0,,,,,,[],
fcxgen,https://t.me/fcxgen,2039,2024-02-18 21:00:46,"HBO accounts updated! 
                
Click and get!
                
This message was sent automatically after the accounts were uploaded.",False,False,False,False,True,False,False,False,False,False,1440095417,,,,,,,5.874198012094426e+18,,296,0,,,,,,[],
fcxgen,https://t.me/fcxgen,2040,2024-02-18 21:00:53,"Spotify accounts updated! 
                
Click and get!
                
This message was sent automatically after the accounts were uploaded.",False,False,False,False,True,False,False,True,False,False,1440095417,,,,,,,5.824307981221735e+18,,321,0,,2024-02-19T11:18:42+00:00,,,"{'_': 'MessageReactions', 'results': [{'_': 'ReactionCount', 'reaction': {'_': 'ReactionEmoji', 'emoticon': '👍'}, 'count': 1, 'chosen_order': None}, {'_': 'ReactionCount', 'reaction': {'_': 'ReactionEmoji', 'emoticon': '❤'}, 'count': 1, 'chosen_order': None}], 'min': False, 'can_see_list': False, 'reactions_as_tags': False, 'recent_reactions': []}",[],
fcxgen,https://t.me/fcxgen,2041,2024-02-21 21:00:10,"Netflix accounts updated! 
                
Click and get!
                
This message was sent automatically after the accounts were uploaded.",False,False,False,False,True,False,False,False,False,False,1440095417,,,,,,,5.824500254022675e+18,,180,0,,,,,,[],
fcxgen,https://t.me/fcxgen,2042,2024-02-21 21:00:17,"Disney Plus accounts updated! 
                
Click and get!
                
This message was sent automatically after the accounts were uploaded.",False,False,False,False,True,False,False,False,False,False,1440095417,,,,,,,5.871800475450453e+18,,178,0,,,,,,[],
fcxgen,https://t.me/fcxgen,2043,2024-02-21 21:00:23,"DirecTV accounts updated! 
                
Click and get!
                
This message was sent automatically after the accounts were uploaded.",False,False,False,False,True,False,False,False,False,False,1440095417,,,,,,,5.806399530965511e+18,,163,0,,,,,,[],
fcxgen,https://t.me/fcxgen,2044,2024-02-21 21:00:30,"MyCanal accounts updated! 
                
Click and get!
                
This message was sent automatically after the accounts were uploaded.",False,False,False,False,True,False,False,False,False,False,1440095417,,,,,,,5.923574356288581e+18,,156,0,,,,,,[],
fcxgen,https://t.me/fcxgen,2045,2024-02-21 21:00:36,"Showtime accounts updated! 
                
Click and get!
                
This message was sent automatically after the accounts were uploaded.",False,False,False,False,True,False,False,False,False,False,1440095417,,,,,,,6.029677937038569e+18,,163,0,,,,,,[],
fcxgen,https://t.me/fcxgen,2046,2024-02-21 21:00:42,"CBS accounts updated! 
                
Click and get!
                
This message was sent automatically after the accounts were uploaded.",False,False,False,False,True,False,False,False,False,False,1440095417,,,,,,,5.930487814821096e+18,,202,0,,,,,,[],
fcxgen,https://t.me/fcxgen,2047,2024-02-21 21:00:50,"HBO accounts updated! 
                
Click and get!
                
This message was sent automatically after the accounts were uploaded.",False,False,False,False,True,False,False,False,False,False,1440095417,,,,,,,5.874198012094426e+18,,225,0,,,,,,[],
fcxgen,https://t.me/fcxgen,2048,2024-02-21 21:00:56,"Spotify accounts updated! 
                
Click and get!
                
This message was sent automatically after the accounts were uploaded.",False,False,False,False,True,False,False,False,False,False,1440095417,,,,,,,5.824307981221735e+18,,259,0,,,,,,[],
fcxgen,https://t.me/fcxgen,2049,2024-02-24 21:00:05,"Netflix accounts updated! 
                
Click and get!
                
This message was sent automatically after the accounts were uploaded.",False,False,False,False,True,False,False,False,False,False,1440095417,,,,,,,5.824500254022675e+18,,108,0,,,,,,[],
fcxgen,https://t.me/fcxgen,2050,2024-02-24 21:00:11,"Disney Plus accounts updated! 
                
Click and get!
                
This message was sent automatically after the accounts were uploaded.",False,False,False,False,True,False,False,False,False,False,1440095417,,,,,,,5.871800475450453e+18,,102,0,,,,,,[],
fcxgen,https://t.me/fcxgen,2051,2024-02-24 21:00:18,"DirecTV accounts updated! 
                
Click and get!
                
This message was sent automatically after the accounts were uploaded.",False,False,False,False,True,False,False,False,False,False,1440095417,,,,,,,5.806399530965511e+18,,92,0,,,,,,[],
fcxgen,https://t.me/fcxgen,2052,2024-02-24 21:00:24,"MyCanal accounts updated! 
                
Click and get!
                
This message was sent automatically after the accounts were uploaded.",False,False,False,False,True,False,False,False,False,False,1440095417,,,,,,,5.923574356288581e+18,,81,0,,,,,,[],
fcxgen,https://t.me/fcxgen,2053,2024-02-24 21:00:30,"Showtime accounts updated! 
                
Click and get!
                
This message was sent automatically after the accounts were uploaded.",False,False,False,False,True,False,False,False,False,False,1440095417,,,,,,,6.029677937038569e+18,,84,0,,,,,,[],
fcxgen,https://t.me/fcxgen,2054,2024-02-24 21:00:36,"CBS accounts updated! 
                
Click and get!
                
This message was sent automatically after the accounts were uploaded.",False,False,False,False,True,False,False,False,False,False,1440095417,,,,,,,5.930487814821096e+18,,116,0,,,,,,[],
fcxgen,https://t.me/fcxgen,2055,2024-02-24 21:00:42,"HBO accounts updated! 
                
Click and get!
                
This message was sent automatically after the accounts were uploaded.",False,False,False,False,True,False,False,False,False,False,1440095417,,,,,,,5.874198012094426e+18,,130,0,,,,,,[],
fcxgen,https://t.me/fcxgen,2056,2024-02-24 21:00:49,"Spotify accounts updated! 
                
Click and get!
                
This message was sent automatically after the accounts were uploaded.",False,False,False,False,True,False,False,False,False,False,1440095417,,,,,,,5.824307981221735e+18,,134,0,,,,,,[],
fcxgen,https://t.me/fcxgen,2058,2024-02-27 21:00:12,"Disney Plus accounts updated! 
                
Click and get!
                
This message was sent automatically after the accounts were uploaded.",False,False,False,False,True,False,False,False,False,False,1440095417,,,,,,,5.871800475450453e+18,,24,0,,,,,,[],
fcxgen,https://t.me/fcxgen,2059,2024-02-27 21:00:18,"DirecTV accounts updated! 
                
Click and get!
                
This message was sent automatically after the accounts were uploaded.",False,False,False,False,True,False,False,False,False,False,1440095417,,,,,,,5.806399530965511e+18,,21,0,,,,,,[],
fcxgen,https://t.me/fcxgen,2060,2024-02-27 21:00:25,"MyCanal accounts updated! 
                
Click and get!
                
This message was sent automatically after the accounts were uploaded.",False,False,False,False,True,False,False,False,False,False,1440095417,,,,,,,5.923574356288581e+18,,20,0,,,,,,[],
fcxgen,https://t.me/fcxgen,2063,2024-02-27 21:00:44,"HBO accounts updated! 
                
Click and get!
                
This message was sent automatically after the accounts were uploaded.",False,False,False,False,True,False,False,False,False,False,1440095417,,,,,,,5.874198012094426e+18,,23,0,,,,,,[],
fcxgen,https://t.me/fcxgen,2064,2024-02-27 21:00:50,"Spotify accounts updated! 
                
Click and get!
                
This message was sent automatically after the accounts were uploaded.",False,False,False,False,True,False,False,True,False,False,1440095417,,,,,,,5.824307981221735e+18,,22,0,,2024-02-27T21:07:20+00:00,,,"{'_': 'MessageReactions', 'results': [{'_': 'ReactionCount', 'reaction': {'_': 'ReactionEmoji', 'emoticon': '❤'}, 'count': 1, 'chosen_order': None}], 'min': False, 'can_see_list': False, 'reactions_as_tags': False, 'recent_reactions': []}",[],
fcxgen,https://t.me/fcxgen,2066,2024-02-28 23:54:58,"🚀 Join the channel now to get high quality configs for FREE where premium Openbullet, Openbullet2, SilverBullet configs are shared. 

🔜Join Now https://t.me/crackingconfig",False,False,False,False,True,False,False,True,False,False,1440095417,,,,,,,,,15,0,,2024-02-29T00:34:55+00:00,,,"{'_': 'MessageReactions', 'results': [{'_': 'ReactionCount', 'reaction': {'_': 'ReactionEmoji', 'emoticon': '👍'}, 'count': 1, 'chosen_order': None}], 'min': False, 'can_see_list': False, 'reactions_as_tags': False, 'recent_reactions': []}",[],
fcxgen,https://t.me/fcxgen,2068,2024-02-29 21:00:14,"Disney Plus accounts updated! 
                
Click and get!
                
This message was sent automatically after the accounts were uploaded.",False,False,False,False,True,False,False,False,False,False,1440095417,,,,,,,5.871800475450453e+18,,26,0,,,,,,[],
fcxgen,https://t.me/fcxgen,2069,2024-02-29 21:00:21,"DirecTV accounts updated! 
                
Click and get!
                
This message was sent automatically after the accounts were uploaded.",False,False,False,False,True,False,False,False,False,False,1440095417,,,,,,,5.806399530965511e+18,,22,0,,,,,,[],
fcxgen,https://t.me/fcxgen,2070,2024-02-29 21:00:27,"MyCanal accounts updated! 
                
Click and get!
                
This message was sent automatically after the accounts were uploaded.",False,False,False,False,True,False,False,False,False,False,1440095417,,,,,,,5.923574356288581e+18,,20,0,,,,,,[],
fcxgen,https://t.me/fcxgen,2071,2024-02-29 21:00:34,"Showtime accounts updated! 
                
Click and get!
                
This message was sent automatically after the accounts were uploaded.",False,False,False,False,True,False,False,False,False,False,1440095417,,,,,,,6.029677937038569e+18,,20,0,,,,,,[],
fcxgen,https://t.me/fcxgen,2072,2024-02-29 21:00:40,"CBS accounts updated! 
                
Click and get!
                
This message was sent automatically after the accounts were uploaded.",False,False,False,False,True,False,False,False,False,False,1440095417,,,,,,,5.930487814821096e+18,,30,0,,,,,,[],
fcxgen,https://t.me/fcxgen,2073,2024-02-29 21:00:47,"HBO accounts updated! 
                
Click and get!
                
This message was sent automatically after the accounts were uploaded.",False,False,False,False,True,False,False,False,False,False,1440095417,,,,,,,5.874198012094426e+18,,28,0,,,,,,[],
fcxgen,https://t.me/fcxgen,2074,2024-02-29 21:00:53,"Spotify accounts updated! 
                
Click and get!
                
This message was sent automatically after the accounts were uploaded.",False,False,False,False,True,False,False,False,False,False,1440095417,,,,,,,5.824307981221735e+18,,28,0,,,,,,[],
fcxgen,https://t.me/fcxgen,2076,2024-03-03 21:00:11,"Disney Plus accounts updated! 
                
Click and get!
                
This message was sent automatically after the accounts were uploaded.",False,False,False,False,True,False,False,False,False,False,1440095417,,,,,,,5.871800475450453e+18,,14,0,,,,,,[],
fcxgen,https://t.me/fcxgen,2077,2024-03-03 21:00:18,"DirecTV accounts updated! 
                
Click and get!
                
This message was sent automatically after the accounts were uploaded.",False,False,False,False,True,False,False,False,False,False,1440095417,,,,,,,5.806399530965511e+18,,14,0,,,,,,[],
fcxgen,https://t.me/fcxgen,2078,2024-03-03 21:00:24,"MyCanal accounts updated! 
                
Click and get!
                
This message was sent automatically after the accounts were uploaded.",False,False,False,False,True,False,False,False,False,False,1440095417,,,,,,,5.923574356288581e+18,,12,0,,,,,,[],
fcxgen,https://t.me/fcxgen,2079,2024-03-03 21:00:30,"Showtime accounts updated! 
                
Click and get!
                
This message was sent automatically after the accounts were uploaded.",False,False,False,False,True,False,False,False,False,False,1440095417,,,,,,,6.029677937038569e+18,,13,0,,,,,,[],
fcxgen,https://t.me/fcxgen,2080,2024-03-03 21:00:37,"CBS accounts updated! 
                
Click and get!
                
This message was sent automatically after the accounts were uploaded.",False,False,False,False,True,False,False,False,False,False,1440095417,,,,,,,5.930487814821096e+18,,14,0,,,,,,[],
fcxgen,https://t.me/fcxgen,2081,2024-03-03 21:00:43,"HBO accounts updated! 
                
Click and get!
                
This message was sent automatically after the accounts were uploaded.",False,False,False,False,True,False,False,False,False,False,1440095417,,,,,,,5.874198012094426e+18,,16,0,,,,,,[],
fcxgen,https://t.me/fcxgen,2082,2024-03-03 21:00:49,"Spotify accounts updated! 
                
Click and get!
                
This message was sent automatically after the accounts were uploaded.",False,False,False,False,True,False,False,False,False,False,1440095417,,,,,,,5.824307981221735e+18,,14,0,,,,,,[],
fcxgen,https://t.me/fcxgen,2084,2024-03-06 21:00:11,"Disney Plus accounts updated! 
                
Click and get!
                
This message was sent automatically after the accounts were uploaded.",False,False,False,False,True,False,False,False,False,False,1440095417,,,,,,,5.871800475450453e+18,,12,0,,,,,,[],
fcxgen,https://t.me/fcxgen,2085,2024-03-06 21:00:18,"DirecTV accounts updated! 
                
Click and get!
                
This message was sent automatically after the accounts were uploaded.",False,False,False,False,True,False,False,False,False,False,1440095417,,,,,,,5.806399530965511e+18,,10,0,,,,,,[],
fcxgen,https://t.me/fcxgen,2086,2024-03-06 21:00:24,"MyCanal accounts updated! 
                
Click and get!
                
This message was sent automatically after the accounts were uploaded.",False,False,False,False,True,False,False,False,False,False,1440095417,,,,,,,5.923574356288581e+18,,8,0,,,,,,[],
fcxgen,https://t.me/fcxgen,2087,2024-03-06 21:00:30,"Showtime accounts updated! 
                
Click and get!
                
This message was sent automatically after the accounts were uploaded.",False,False,False,False,True,False,False,False,False,False,1440095417,,,,,,,6.029677937038569e+18,,7,0,,,,,,[],
fcxgen,https://t.me/fcxgen,2088,2024-03-06 21:00:36,"CBS accounts updated! 
                
Click and get!
                
This message was sent automatically after the accounts were uploaded.",False,False,False,False,True,False,False,False,False,False,1440095417,,,,,,,5.930487814821096e+18,,7,0,,,,,,[],
fcxgen,https://t.me/fcxgen,2089,2024-03-06 21:00:42,"HBO accounts updated! 
                
Click and get!
                
This message was sent automatically after the accounts were uploaded.",False,False,False,False,True,False,False,False,False,False,1440095417,,,,,,,5.874198012094426e+18,,7,0,,,,,,[],
fcxgen,https://t.me/fcxgen,2090,2024-03-06 21:00:49,"Spotify accounts updated! 
                
Click and get!
                
This message was sent automatically after the accounts were uploaded.",False,False,False,False,True,False,False,False,False,False,1440095417,,,,,,,5.824307981221735e+18,,7,0,,,,,,[],
fcxgen,https://t.me/fcxgen,2092,2024-03-09 21:00:11,"Disney Plus accounts updated! 
                
Click and get!
                
This message was sent automatically after the accounts were uploaded.",False,False,False,False,True,False,False,False,False,False,1440095417,,,,,,,5.871800475450453e+18,,8,0,,,,,,[],
fcxgen,https://t.me/fcxgen,2093,2024-03-09 21:00:17,"DirecTV accounts updated! 
                
Click and get!
                
This message was sent automatically after the accounts were uploaded.",False,False,False,False,True,False,False,False,False,False,1440095417,,,,,,,5.806399530965511e+18,,6,0,,,,,,[],
fcxgen,https://t.me/fcxgen,2094,2024-03-09 21:00:23,"MyCanal accounts updated! 
                
Click and get!
                
This message was sent automatically after the accounts were uploaded.",False,False,False,False,True,False,False,False,False,False,1440095417,,,,,,,5.923574356288581e+18,,6,0,,,,,,[],
fcxgen,https://t.me/fcxgen,2095,2024-03-09 21:00:30,"Showtime accounts updated! 
                
Click and get!
                
This message was sent automatically after the accounts were uploaded.",False,False,False,False,True,False,False,False,False,False,1440095417,,,,,,,6.029677937038569e+18,,5,0,,,,,,[],
fcxgen,https://t.me/fcxgen,2096,2024-03-09 21:00:36,"CBS accounts updated! 
                
Click and get!
                
This message was sent automatically after the accounts were uploaded.",False,False,False,False,True,False,False,False,False,False,1440095417,,,,,,,5.930487814821096e+18,,6,0,,,,,,[],
fcxgen,https://t.me/fcxgen,2097,2024-03-09 21:00:42,"HBO accounts updated! 
                
Click and get!
                
This message was sent automatically after the accounts were uploaded.",False,False,False,False,True,False,False,False,False,False,1440095417,,,,,,,5.874198012094426e+18,,7,0,,,,,,[],
fcxgen,https://t.me/fcxgen,2098,2024-03-09 21:00:49,"Spotify accounts updated! 
                
Click and get!
                
This message was sent automatically after the accounts were uploaded.",False,False,False,False,True,False,False,False,False,False,1440095417,,,,,,,5.824307981221735e+18,,7,0,,,,,,[],
fcxgen,https://t.me/fcxgen,2100,2024-03-12 21:00:12,"Disney Plus accounts updated! 
                
Click and get!
                
This message was sent automatically after the accounts were uploaded.",False,False,False,False,True,False,False,False,False,False,1440095417,,,,,,,5.871800475450453e+18,,14,0,,,,,,[],
fcxgen,https://t.me/fcxgen,2101,2024-03-12 21:00:18,"DirecTV accounts updated! 
                
Click and get!
                
This message was sent automatically after the accounts were uploaded.",False,False,False,False,True,False,False,False,False,False,1440095417,,,,,,,5.806399530965511e+18,,14,0,,,,,,[],
fcxgen,https://t.me/fcxgen,2102,2024-03-12 21:00:24,"MyCanal accounts updated! 
                
Click and get!
                
This message was sent automatically after the accounts were uploaded.",False,False,False,False,True,False,False,False,False,False,1440095417,,,,,,,5.923574356288581e+18,,12,0,,,,,,[],
fcxgen,https://t.me/fcxgen,2103,2024-03-12 21:00:30,"Showtime accounts updated! 
                
Click and get!
                
This message was sent automatically after the accounts were uploaded.",False,False,False,False,True,False,False,False,False,False,1440095417,,,,,,,6.029677937038569e+18,,13,0,,,,,,[],
fcxgen,https://t.me/fcxgen,2104,2024-03-12 21:00:37,"CBS accounts updated! 
                
Click and get!
                
This message was sent automatically after the accounts were uploaded.",False,False,False,False,True,False,False,False,False,False,1440095417,,,,,,,5.930487814821096e+18,,12,0,,,,,,[],
fcxgen,https://t.me/fcxgen,2105,2024-03-12 21:00:43,"HBO accounts updated! 
                
Click and get!
                
This message was sent automatically after the accounts were uploaded.",False,False,False,False,True,False,False,False,False,False,1440095417,,,,,,,5.874198012094426e+18,,13,0,,,,,,[],
fcxgen,https://t.me/fcxgen,2106,2024-03-12 21:00:49,"Spotify accounts updated! 
                
Click and get!
                
This message was sent automatically after the accounts were uploaded.",False,False,False,False,True,False,False,False,False,False,1440095417,,,,,,,5.824307981221735e+18,,13,0,,,,,,[],
fcxgen,https://t.me/fcxgen,2108,2024-03-15 21:00:11,"Disney Plus accounts updated! 
                
Click and get!
                
This message was sent automatically after the accounts were uploaded.",False,False,False,False,True,False,False,False,False,False,1440095417,,,,,,,5.871800475450453e+18,,13,0,,,,,,[],
fcxgen,https://t.me/fcxgen,2109,2024-03-15 21:00:18,"DirecTV accounts updated! 
                
Click and get!
                
This message was sent automatically after the accounts were uploaded.",False,False,False,False,True,False,False,False,False,False,1440095417,,,,,,,5.806399530965511e+18,,12,0,,,,,,[],
fcxgen,https://t.me/fcxgen,2110,2024-03-15 21:00:26,"MyCanal accounts updated! 
                
Click and get!
                
This message was sent automatically after the accounts were uploaded.",False,False,False,False,True,False,False,False,False,False,1440095417,,,,,,,5.923574356288581e+18,,10,0,,,,,,[],
fcxgen,https://t.me/fcxgen,2111,2024-03-15 21:00:34,"Showtime accounts updated! 
                
Click and get!
                
This message was sent automatically after the accounts were uploaded.",False,False,False,False,True,False,False,False,False,False,1440095417,,,,,,,6.029677937038569e+18,,11,0,,,,,,[],
fcxgen,https://t.me/fcxgen,2112,2024-03-15 21:00:41,"CBS accounts updated! 
                
Click and get!
                
This message was sent automatically after the accounts were uploaded.",False,False,False,False,True,False,False,False,False,False,1440095417,,,,,,,5.930487814821096e+18,,12,0,,,,,,[],
fcxgen,https://t.me/fcxgen,2113,2024-03-15 21:00:47,"HBO accounts updated! 
                
Click and get!
                
This message was sent automatically after the accounts were uploaded.",False,False,False,False,True,False,False,False,False,False,1440095417,,,,,,,5.874198012094426e+18,,13,0,,,,,,[],
fcxgen,https://t.me/fcxgen,2114,2024-03-15 21:00:53,"Spotify accounts updated! 
                
Click and get!
                
This message was sent automatically after the accounts were uploaded.",False,False,False,False,True,False,False,False,False,False,1440095417,,,,,,,5.824307981221735e+18,,13,0,,,,,,[],
fcxgen,https://t.me/fcxgen,2116,2024-03-18 21:00:11,"Disney Plus accounts updated! 
                
Click and get!
                
This message was sent automatically after the accounts were uploaded.",False,False,False,False,True,False,False,True,False,False,1440095417,,,,,,,5.871800475450453e+18,,22,0,,2024-03-18T21:11:00+00:00,,,"{'_': 'MessageReactions', 'results': [{'_': 'ReactionCount', 'reaction': {'_': 'ReactionEmoji', 'emoticon': '👎'}, 'count': 1, 'chosen_order': None}], 'min': False, 'can_see_list': False, 'reactions_as_tags': False, 'recent_reactions': []}",[],
fcxgen,https://t.me/fcxgen,2117,2024-03-18 21:00:17,"DirecTV accounts updated! 
                
Click and get!
                
This message was sent automatically after the accounts were uploaded.",False,False,False,False,True,False,False,False,False,False,1440095417,,,,,,,5.806399530965511e+18,,18,0,,,,,,[],
fcxgen,https://t.me/fcxgen,2118,2024-03-18 21:00:23,"MyCanal accounts updated! 
                
Click and get!
                
This message was sent automatically after the accounts were uploaded.",False,False,False,False,True,False,False,False,False,False,1440095417,,,,,,,5.923574356288581e+18,,17,0,,,,,,[],
fcxgen,https://t.me/fcxgen,2119,2024-03-18 21:00:29,"Showtime accounts updated! 
                
Click and get!
                
This message was sent automatically after the accounts were uploaded.",False,False,False,False,True,False,False,False,False,False,1440095417,,,,,,,6.029677937038569e+18,,20,0,,,,,,[],
fcxgen,https://t.me/fcxgen,2120,2024-03-18 21:00:36,"CBS accounts updated! 
                
Click and get!
                
This message was sent automatically after the accounts were uploaded.",False,False,False,False,True,False,False,False,False,False,1440095417,,,,,,,5.930487814821096e+18,,19,0,,,,,,[],
fcxgen,https://t.me/fcxgen,2121,2024-03-18 21:00:42,"HBO accounts updated! 
                
Click and get!
                
This message was sent automatically after the accounts were uploaded.",False,False,False,False,True,False,False,False,False,False,1440095417,,,,,,,5.874198012094426e+18,,23,0,,,,,,[],
fcxgen,https://t.me/fcxgen,2122,2024-03-18 21:00:48,"Spotify accounts updated! 
                
Click and get!
                
This message was sent automatically after the accounts were uploaded.",False,False,False,False,True,False,False,True,False,False,1440095417,,,,,,,5.824307981221735e+18,,23,0,,2024-03-18T21:03:20+00:00,,,"{'_': 'MessageReactions', 'results': [{'_': 'ReactionCount', 'reaction': {'_': 'ReactionEmoji', 'emoticon': '👎'}, 'count': 1, 'chosen_order': None}, {'_': 'ReactionCount', 'reaction': {'_': 'ReactionEmoji', 'emoticon': '👻'}, 'count': 1, 'chosen_order': None}], 'min': False, 'can_see_list': False, 'reactions_as_tags': False, 'recent_reactions': []}",[],
fcxgen,https://t.me/fcxgen,2124,2024-03-21 21:00:17,"Disney Plus accounts updated! 
                
Click and get!
                
This message was sent automatically after the accounts were uploaded.",False,False,False,False,True,False,False,False,False,False,1440095417,,,,,,,5.871800475450453e+18,,13,0,,,,,,[],
fcxgen,https://t.me/fcxgen,2125,2024-03-21 21:00:23,"DirecTV accounts updated! 
                
Click and get!
                
This message was sent automatically after the accounts were uploaded.",False,False,False,False,True,False,False,False,False,False,1440095417,,,,,,,5.806399530965511e+18,,13,0,,,,,,[],
fcxgen,https://t.me/fcxgen,2126,2024-03-21 21:00:29,"MyCanal accounts updated! 
                
Click and get!
                
This message was sent automatically after the accounts were uploaded.",False,False,False,False,True,False,False,False,False,False,1440095417,,,,,,,5.923574356288581e+18,,14,0,,,,,,[],
fcxgen,https://t.me/fcxgen,2127,2024-03-21 21:00:36,"Showtime accounts updated! 
                
Click and get!
                
This message was sent automatically after the accounts were uploaded.",False,False,False,False,True,False,False,False,False,False,1440095417,,,,,,,6.029677937038569e+18,,14,0,,,,,,[],
fcxgen,https://t.me/fcxgen,2128,2024-03-21 21:00:42,"CBS accounts updated! 
                
Click and get!
                
This message was sent automatically after the accounts were uploaded.",False,False,False,False,True,False,False,False,False,False,1440095417,,,,,,,5.930487814821096e+18,,15,0,,,,,,[],
fcxgen,https://t.me/fcxgen,2129,2024-03-21 21:00:49,"HBO accounts updated! 
                
Click and get!
                
This message was sent automatically after the accounts were uploaded.",False,False,False,False,True,False,False,False,False,False,1440095417,,,,,,,5.874198012094426e+18,,16,0,,,,,,[],
fcxgen,https://t.me/fcxgen,2130,2024-03-21 21:00:55,"Spotify accounts updated! 
                
Click and get!
                
This message was sent automatically after the accounts were uploaded.",False,False,False,False,True,False,False,False,False,False,1440095417,,,,,,,5.824307981221735e+18,,15,0,,,,,,[],
fcxgen,https://t.me/fcxgen,2132,2024-03-24 21:00:12,"Disney Plus accounts updated! 
                
Click and get!
                
This message was sent automatically after the accounts were uploaded.",False,False,False,False,True,False,False,False,False,False,1440095417,,,,,,,5.871800475450453e+18,,12,0,,,,,,[],
fcxgen,https://t.me/fcxgen,2133,2024-03-24 21:00:19,"DirecTV accounts updated! 
                
Click and get!
                
This message was sent automatically after the accounts were uploaded.",False,False,False,False,True,False,False,False,False,False,1440095417,,,,,,,5.806399530965511e+18,,10,0,,,,,,[],
fcxgen,https://t.me/fcxgen,2134,2024-03-24 21:00:25,"MyCanal accounts updated! 
                
Click and get!
                
This message was sent automatically after the accounts were uploaded.",False,False,False,False,True,False,False,False,False,False,1440095417,,,,,,,5.923574356288581e+18,,9,0,,,,,,[],
fcxgen,https://t.me/fcxgen,2135,2024-03-24 21:00:31,"Showtime accounts updated! 
                
Click and get!
                
This message was sent automatically after the accounts were uploaded.",False,False,False,False,True,False,False,False,False,False,1440095417,,,,,,,6.029677937038569e+18,,8,0,,,,,,[],
fcxgen,https://t.me/fcxgen,2136,2024-03-24 21:00:37,"CBS accounts updated! 
                
Click and get!
                
This message was sent automatically after the accounts were uploaded.",False,False,False,False,True,False,False,False,False,False,1440095417,,,,,,,5.930487814821096e+18,,8,0,,,,,,[],
fcxgen,https://t.me/fcxgen,2137,2024-03-24 21:00:43,"HBO accounts updated! 
                
Click and get!
                
This message was sent automatically after the accounts were uploaded.",False,False,False,False,True,False,False,False,False,False,1440095417,,,,,,,5.874198012094426e+18,,11,0,,,,,,[],
fcxgen,https://t.me/fcxgen,2138,2024-03-24 21:00:49,"Spotify accounts updated! 
                
Click and get!
                
This message was sent automatically after the accounts were uploaded.",False,False,False,False,True,False,False,False,False,False,1440095417,,,,,,,5.824307981221735e+18,,10,0,,,,,,[],
fcxgen,https://t.me/fcxgen,2140,2024-03-27 21:00:12,"Disney Plus accounts updated! 
                
Click and get!
                
This message was sent automatically after the accounts were uploaded.",False,False,False,False,True,False,False,False,False,False,1440095417,,,,,,,5.871800475450453e+18,,22,0,,,,,,[],
fcxgen,https://t.me/fcxgen,2141,2024-03-27 21:00:19,"DirecTV accounts updated! 
                
Click and get!
                
This message was sent automatically after the accounts were uploaded.",False,False,False,False,True,False,False,False,False,False,1440095417,,,,,,,5.806399530965511e+18,,18,0,,,,,,[],
fcxgen,https://t.me/fcxgen,2142,2024-03-27 21:00:25,"MyCanal accounts updated! 
                
Click and get!
                
This message was sent automatically after the accounts were uploaded.",False,False,False,False,True,False,False,False,False,False,1440095417,,,,,,,5.923574356288581e+18,,14,0,,,,,,[],
fcxgen,https://t.me/fcxgen,2143,2024-03-27 21:00:32,"Showtime accounts updated! 
                
Click and get!
                
This message was sent automatically after the accounts were uploaded.",False,False,False,False,True,False,False,False,False,False,1440095417,,,,,,,6.029677937038569e+18,,14,0,,,,,,[],
fcxgen,https://t.me/fcxgen,2144,2024-03-27 21:00:38,"CBS accounts updated! 
                
Click and get!
                
This message was sent automatically after the accounts were uploaded.",False,False,False,False,True,False,False,False,False,False,1440095417,,,,,,,5.930487814821096e+18,,20,0,,,,,,[],
fcxgen,https://t.me/fcxgen,2145,2024-03-27 21:00:44,"HBO accounts updated! 
                
Click and get!
                
This message was sent automatically after the accounts were uploaded.",False,False,False,False,True,False,False,False,False,False,1440095417,,,,,,,5.874198012094426e+18,,22,0,,,,,,[],
fcxgen,https://t.me/fcxgen,2146,2024-03-27 21:00:50,"Spotify accounts updated! 
                
Click and get!
                
This message was sent automatically after the accounts were uploaded.",False,False,False,False,True,False,False,False,False,False,1440095417,,,,,,,5.824307981221735e+18,,22,0,,,,,,[],
fcxgen,https://t.me/fcxgen,2148,2024-03-30 21:00:11,"Disney Plus accounts updated! 
                
Click and get!
                
This message was sent automatically after the accounts were uploaded.",False,False,False,False,True,False,False,False,False,False,1440095417,,,,,,,5.871800475450453e+18,,15,0,,,,,,[],
fcxgen,https://t.me/fcxgen,2149,2024-03-30 21:00:18,"DirecTV accounts updated! 
                
Click and get!
                
This message was sent automatically after the accounts were uploaded.",False,False,False,False,True,False,False,False,False,False,1440095417,,,,,,,5.806399530965511e+18,,13,0,,,,,,[],
fcxgen,https://t.me/fcxgen,2150,2024-03-30 21:00:24,"MyCanal accounts updated! 
                
Click and get!
                
This message was sent automatically after the accounts were uploaded.",False,False,False,False,True,False,False,False,False,False,1440095417,,,,,,,5.923574356288581e+18,,13,0,,,,,,[],
fcxgen,https://t.me/fcxgen,2151,2024-03-30 21:00:30,"Showtime accounts updated! 
                
Click and get!
                
This message was sent automatically after the accounts were uploaded.",False,False,False,False,True,False,False,False,False,False,1440095417,,,,,,,6.029677937038569e+18,,12,0,,,,,,[],
fcxgen,https://t.me/fcxgen,2152,2024-03-30 21:00:36,"CBS accounts updated! 
                
Click and get!
                
This message was sent automatically after the accounts were uploaded.",False,False,False,False,True,False,False,False,False,False,1440095417,,,,,,,5.930487814821096e+18,,12,0,,,,,,[],
fcxgen,https://t.me/fcxgen,2153,2024-03-30 21:00:43,"HBO accounts updated! 
                
Click and get!
                
This message was sent automatically after the accounts were uploaded.",False,False,False,False,True,False,False,False,False,False,1440095417,,,,,,,5.874198012094426e+18,,12,0,,,,,,[],
fcxgen,https://t.me/fcxgen,2154,2024-03-30 21:00:49,"Spotify accounts updated! 
                
Click and get!
                
This message was sent automatically after the accounts were uploaded.",False,False,False,False,True,False,False,False,False,False,1440095417,,,,,,,5.824307981221735e+18,,12,0,,,,,,[],
fcxgen,https://t.me/fcxgen,2156,2024-03-31 21:00:13,"Disney Plus accounts updated! 
                
Click and get!
                
This message was sent automatically after the accounts were uploaded.",False,False,False,False,True,False,False,False,False,False,1440095417,,,,,,,5.871800475450453e+18,,17,0,,,,,,[],
fcxgen,https://t.me/fcxgen,2157,2024-03-31 21:00:19,"DirecTV accounts updated! 
                
Click and get!
                
This message was sent automatically after the accounts were uploaded.",False,False,False,False,True,False,False,False,False,False,1440095417,,,,,,,5.806399530965511e+18,,13,0,,,,,,[],
fcxgen,https://t.me/fcxgen,2158,2024-03-31 21:00:25,"MyCanal accounts updated! 
                
Click and get!
                
This message was sent automatically after the accounts were uploaded.",False,False,False,False,True,False,False,False,False,False,1440095417,,,,,,,5.923574356288581e+18,,13,0,,,,,,[],
fcxgen,https://t.me/fcxgen,2159,2024-03-31 21:00:31,"Showtime accounts updated! 
                
Click and get!
                
This message was sent automatically after the accounts were uploaded.",False,False,False,False,True,False,False,False,False,False,1440095417,,,,,,,6.029677937038569e+18,,14,0,,,,,,[],
fcxgen,https://t.me/fcxgen,2160,2024-03-31 21:00:37,"CBS accounts updated! 
                
Click and get!
                
This message was sent automatically after the accounts were uploaded.",False,False,False,False,True,False,False,False,False,False,1440095417,,,,,,,5.930487814821096e+18,,17,0,,,,,,[],
fcxgen,https://t.me/fcxgen,2161,2024-03-31 21:00:44,"HBO accounts updated! 
                
Click and get!
                
This message was sent automatically after the accounts were uploaded.",False,False,False,False,True,False,False,False,False,False,1440095417,,,,,,,5.874198012094426e+18,,18,0,,,,,,[],
fcxgen,https://t.me/fcxgen,2162,2024-03-31 21:00:50,"Spotify accounts updated! 
                
Click and get!
                
This message was sent automatically after the accounts were uploaded.",False,False,False,False,True,False,False,False,False,False,1440095417,,,,,,,5.824307981221735e+18,,18,0,,,,,,[],
fcxgen,https://t.me/fcxgen,2164,2024-04-03 21:00:05,"Netflix accounts updated! 
                
Click and get!
                
This message was sent automatically after the accounts were uploaded.",False,False,False,False,True,False,False,False,False,False,1440095417,,,,,,,5.824500254022675e+18,,32,0,,,,,,[],
fcxgen,https://t.me/fcxgen,2165,2024-04-03 21:00:12,"Disney Plus accounts updated! 
                
Click and get!
                
This message was sent automatically after the accounts were uploaded.",False,False,False,False,True,False,False,False,False,False,1440095417,,,,,,,5.871800475450453e+18,,30,0,,,,,,[],
fcxgen,https://t.me/fcxgen,2166,2024-04-03 21:00:18,"DirecTV accounts updated! 
                
Click and get!
                
This message was sent automatically after the accounts were uploaded.",False,False,False,False,True,False,False,False,False,False,1440095417,,,,,,,5.806399530965511e+18,,30,0,,,,,,[],
fcxgen,https://t.me/fcxgen,2167,2024-04-03 21:00:25,"MyCanal accounts updated! 
                
Click and get!
                
This message was sent automatically after the accounts were uploaded.",False,False,False,False,True,False,False,False,False,False,1440095417,,,,,,,5.923574356288581e+18,,28,0,,,,,,[],
fcxgen,https://t.me/fcxgen,2168,2024-04-03 21:00:31,"Showtime accounts updated! 
                
Click and get!
                
This message was sent automatically after the accounts were uploaded.",False,False,False,False,True,False,False,False,False,False,1440095417,,,,,,,6.029677937038569e+18,,31,0,,,,,,[],
fcxgen,https://t.me/fcxgen,2169,2024-04-03 21:00:37,"CBS accounts updated! 
                
Click and get!
                
This message was sent automatically after the accounts were uploaded.",False,False,False,False,True,False,False,False,False,False,1440095417,,,,,,,5.930487814821096e+18,,39,0,,,,,,[],
fcxgen,https://t.me/fcxgen,2170,2024-04-03 21:00:43,"HBO accounts updated! 
                
Click and get!
                
This message was sent automatically after the accounts were uploaded.",False,False,False,False,True,False,False,False,False,False,1440095417,,,,,,,5.874198012094426e+18,,40,0,,,,,,[],
fcxgen,https://t.me/fcxgen,2171,2024-04-03 21:00:50,"Spotify accounts updated! 
                
Click and get!
                
This message was sent automatically after the accounts were uploaded.",False,False,False,False,True,False,False,False,False,False,1440095417,,,,,,,5.824307981221735e+18,,39,0,,,,,,[],
