Channel ID,URL,Post ID,date,message,out,mentioned,media_unread,silent,post,from_scheduled,legacy,edit_hide,pinned,noforwards,peer_channel,from_id_user,fwd_from,via_bot_id,reply_to_msg_id,reply_to_scheduled,forum_topic,media_photo_id,reply_markup,views,forwards,replies,edit_date,post_author,grouped_id,reactions,restriction_reason,ttl_period
laziferlogs,https://t.me/laziferlogs,782,2024-01-24 11:46:44,,False,False,False,False,True,False,False,False,False,False,1765550473,,,,,,,,,1515,5,,,,,,[],
laziferlogs,https://t.me/laziferlogs,783,2024-01-24 11:46:44,,False,False,False,False,True,False,False,False,False,False,1765550473,,,,,,,,,1516,3,,,,,,[],
laziferlogs,https://t.me/laziferlogs,784,2024-01-24 11:46:44,,False,False,False,False,True,False,False,False,False,False,1765550473,,,,,,,,,1518,3,,,,,,[],
laziferlogs,https://t.me/laziferlogs,785,2024-01-24 11:46:44,,False,False,False,False,True,False,False,False,False,False,1765550473,,,,,,,,,1512,1,,,,,,[],
laziferlogs,https://t.me/laziferlogs,786,2024-01-24 11:46:44,,False,False,False,False,True,False,False,False,False,False,1765550473,,,,,,,,,1479,2,,,,,,[],
laziferlogs,https://t.me/laziferlogs,787,2024-01-24 11:46:44,,False,False,False,False,True,False,False,False,False,False,1765550473,,,,,,,,,1451,4,,,,,,[],
laziferlogs,https://t.me/laziferlogs,788,2024-01-24 11:46:44,,False,False,False,False,True,False,False,False,False,False,1765550473,,,,,,,,,1426,3,,,,,,[],
laziferlogs,https://t.me/laziferlogs,789,2024-01-24 11:46:44,,False,False,False,False,True,False,False,False,False,False,1765550473,,,,,,,,,1411,2,,,,,,[],
laziferlogs,https://t.me/laziferlogs,790,2024-01-24 11:46:44,,False,False,False,False,True,False,False,False,False,False,1765550473,,,,,,,,,1362,2,,,,,,[],
laziferlogs,https://t.me/laziferlogs,791,2024-01-24 11:46:44,,False,False,False,False,True,False,False,False,False,False,1765550473,,,,,,,,,1347,2,,,,,,[],
laziferlogs,https://t.me/laziferlogs,792,2024-01-24 11:46:44,,False,False,False,False,True,False,False,False,False,False,1765550473,,,,,,,,,1342,1,,,,,,[],
laziferlogs,https://t.me/laziferlogs,793,2024-01-24 11:46:44,,False,False,False,False,True,False,False,False,False,False,1765550473,,,,,,,,,1332,0,,,,,,[],
laziferlogs,https://t.me/laziferlogs,794,2024-01-24 11:46:44,,False,False,False,False,True,False,False,False,False,False,1765550473,,,,,,,,,1336,0,,,,,,[],
laziferlogs,https://t.me/laziferlogs,795,2024-01-24 11:46:44,,False,False,False,False,True,False,False,False,False,False,1765550473,,,,,,,,,1355,1,,,,,,[],
laziferlogs,https://t.me/laziferlogs,796,2024-01-24 11:46:44,,False,False,False,False,True,False,False,False,False,False,1765550473,,,,,,,,,1364,1,,,,,,[],
laziferlogs,https://t.me/laziferlogs,797,2024-01-24 11:46:44,,False,False,False,False,True,False,False,False,False,False,1765550473,,,,,,,,,1372,2,,,,,,[],
laziferlogs,https://t.me/laziferlogs,798,2024-01-24 11:46:44,,False,False,False,False,True,False,False,False,False,False,1765550473,,,,,,,,,1393,1,,,,,,[],
laziferlogs,https://t.me/laziferlogs,799,2024-01-24 11:46:44,,False,False,False,False,True,False,False,False,False,False,1765550473,,,,,,,,,1408,4,,,,,,[],
laziferlogs,https://t.me/laziferlogs,800,2024-01-24 11:46:45,,False,False,False,False,True,False,False,False,False,False,1765550473,,,,,,,,,1398,2,,,,,,[],
laziferlogs,https://t.me/laziferlogs,801,2024-01-24 11:46:45,,False,False,False,False,True,False,False,False,False,False,1765550473,,,,,,,,,1389,1,,,,,,[],
laziferlogs,https://t.me/laziferlogs,802,2024-01-24 11:46:45,,False,False,False,False,True,False,False,False,False,False,1765550473,,,,,,,,,1401,1,,,,,,[],
laziferlogs,https://t.me/laziferlogs,803,2024-01-24 11:46:45,,False,False,False,False,True,False,False,False,False,False,1765550473,,,,,,,,,1424,1,,,,,,[],
laziferlogs,https://t.me/laziferlogs,804,2024-01-24 11:46:45,,False,False,False,False,True,False,False,False,False,False,1765550473,,,,,,,,,1444,2,,,,,,[],
laziferlogs,https://t.me/laziferlogs,805,2024-01-24 11:46:45,,False,False,False,False,True,False,False,False,False,False,1765550473,,,,,,,,,1462,1,,,,,,[],
laziferlogs,https://t.me/laziferlogs,806,2024-01-24 11:46:45,,False,False,False,False,True,False,False,False,False,False,1765550473,,,,,,,,,1473,1,,,,,,[],
laziferlogs,https://t.me/laziferlogs,807,2024-01-24 11:46:45,,False,False,False,False,True,False,False,False,False,False,1765550473,,,,,,,,,1486,2,,,,,,[],
laziferlogs,https://t.me/laziferlogs,808,2024-01-24 11:46:45,,False,False,False,False,True,False,False,False,False,False,1765550473,,,,,,,,,1510,1,,,,,,[],
laziferlogs,https://t.me/laziferlogs,809,2024-01-24 11:46:45,,False,False,False,False,True,False,False,False,False,False,1765550473,,,,,,,,,1544,0,,,,,,[],
laziferlogs,https://t.me/laziferlogs,810,2024-01-24 11:46:45,,False,False,False,False,True,False,False,False,False,False,1765550473,,,,,,,,,1571,0,,,,,,[],
laziferlogs,https://t.me/laziferlogs,811,2024-01-24 11:46:45,,False,False,False,False,True,False,False,False,False,False,1765550473,,,,,,,,,1593,2,,,,,,[],
laziferlogs,https://t.me/laziferlogs,812,2024-01-24 12:25:12,,False,False,False,False,True,False,False,False,False,False,1765550473,,,,,,,,,1528,4,,,,1.3648792896533516e+16,,[],
laziferlogs,https://t.me/laziferlogs,893,2024-03-06 12:51:59,,False,False,False,False,True,False,False,False,False,False,1765550473,,,,,,,,,66,1,,,,1.36778361523853e+16,,[],
laziferlogs,https://t.me/laziferlogs,894,2024-03-06 12:51:59,,False,False,False,False,True,False,False,False,False,False,1765550473,,,,,,,,,65,1,,,,1.36778361523853e+16,,[],
laziferlogs,https://t.me/laziferlogs,895,2024-03-06 12:51:59,,False,False,False,False,True,False,False,False,False,False,1765550473,,,,,,,,,65,1,,,,1.36778361523853e+16,,[],
laziferlogs,https://t.me/laziferlogs,896,2024-03-06 12:51:59,,False,False,False,False,True,False,False,False,False,False,1765550473,,,,,,,,,65,1,,,,1.36778361523853e+16,,[],
laziferlogs,https://t.me/laziferlogs,897,2024-03-06 12:51:59,,False,False,False,False,True,False,False,False,False,False,1765550473,,,,,,,,,65,1,,,,1.36778361523853e+16,,[],
laziferlogs,https://t.me/laziferlogs,899,2024-03-06 12:51:59,,False,False,False,False,True,False,False,False,False,False,1765550473,,,,,,,,,65,1,,,,1.36778361523853e+16,,[],
laziferlogs,https://t.me/laziferlogs,900,2024-03-06 12:51:59,,False,False,False,False,True,False,False,False,False,False,1765550473,,,,,,,,,65,1,,,,1.36778361523853e+16,,[],
laziferlogs,https://t.me/laziferlogs,902,2024-03-16 17:39:05,,False,False,False,False,True,False,False,False,False,False,1765550473,,,,,,,,,212,5,,,,1.3684885960956228e+16,,[],
laziferlogs,https://t.me/laziferlogs,904,2024-03-16 17:39:05,,False,False,False,False,True,False,False,False,False,False,1765550473,,,,,,,,,262,6,,,,1.3684885960956228e+16,,[],
laziferlogs,https://t.me/laziferlogs,905,2024-03-16 17:39:05,,False,False,False,False,True,False,False,False,False,False,1765550473,,,,,,,,,263,6,,,,1.3684885960956228e+16,,[],
laziferlogs,https://t.me/laziferlogs,906,2024-03-16 17:39:05,,False,False,False,False,True,False,False,False,False,False,1765550473,,,,,,,,,263,6,,,,1.3684885960956228e+16,,[],
laziferlogs,https://t.me/laziferlogs,907,2024-03-16 17:39:05,,False,False,False,False,True,False,False,False,False,False,1765550473,,,,,,,,,262,6,,,,1.3684885960956228e+16,,[],
laziferlogs,https://t.me/laziferlogs,908,2024-03-16 17:39:05,,False,False,False,False,True,False,False,False,False,False,1765550473,,,,,,,,,261,6,,,,1.3684885960956228e+16,,[],
laziferlogs,https://t.me/laziferlogs,909,2024-03-16 17:39:05,,False,False,False,False,True,False,False,False,False,False,1765550473,,,,,,,,,263,6,,,,1.3684885960956228e+16,,[],
laziferlogs,https://t.me/laziferlogs,910,2024-03-16 17:39:05,,False,False,False,False,True,False,False,False,False,False,1765550473,,,,,,,,,263,6,,,,1.3684885960956228e+16,,[],
laziferlogs,https://t.me/laziferlogs,911,2024-03-16 17:39:05,,False,False,False,False,True,False,False,False,False,False,1765550473,,,,,,,,,268,7,,,,,,[],
laziferlogs,https://t.me/laziferlogs,913,2024-03-19 17:21:42,"#ads

https://t.me/OCTOPUSCLOUDLOGS",False,False,False,False,True,False,False,False,False,False,1765550473,,,,,,,,,77,1,,,,,,[],
laziferlogs,https://t.me/laziferlogs,915,2024-03-21 14:32:02,"Private Access Cost :

▪️1 Week : $45
⚔️2 Week : $65
<DATE_TIME> : $100
<DATE_TIME> : $200
⭐️Lifetime : $700

🧢@LaziferOwner",False,False,False,False,True,False,False,False,False,False,1765550473,,,,,,,,,98,0,,2024-03-21T14:32:23+00:00,,1.3688252180917172e+16,,[],
laziferlogs,https://t.me/laziferlogs,917,2024-03-22 02:37:29,"Private Access Cost :

▪️1 Week : $45
⚔️2 Week : $65
<DATE_TIME> : $100
<DATE_TIME> : $200
⭐️Lifetime : $700

🧢@LaziferOwner",False,False,False,False,True,False,False,False,False,False,1765550473,,,,,,,,,59,0,,2024-03-22T02:37:54+00:00,,1.3688600392775428e+16,,[],
laziferlogs,https://t.me/laziferlogs,919,2024-03-24 13:18:30,"Are you looking for a URL:LOG:PASS database made from private logs ?
RiverPass — The #1 best choice of databases

Search your request in my database:

🌐 URL/Domain/Keyword
👤 Email/Login
📞 Number
📁 FULL LOG

Why are we the best?

📊 Largest Database (<DATE_TIME>)
🔄 Daily Updates
📁 High Quality
⭐ Private Data
🌐 ALL Geo
🗑 Without Garbage
🍔 e.t.c

👉🏻 <NRP>
👉🏻 <NRP>
👉🏻 t.me/RiverPass",False,False,False,False,True,False,False,False,True,False,1765550473,,,,,,,5.188554891864433e+18,,60,2,,,,,,[],
laziferlogs,https://t.me/laziferlogs,922,2024-03-25 15:21:13,"Private Access Cost :

▪️1 Week : $40
⚔️2 Week : $65
<DATE_TIME> : $100
<DATE_TIME> : $200
⭐️Lifetime : $500

🧢@LaziferOwner",False,False,False,False,True,False,False,False,False,False,1765550473,,,,,,,,,305,0,,,,,,[],
laziferlogs,https://t.me/laziferlogs,924,2024-04-01 17:05:28,,False,False,False,False,True,False,False,False,False,False,1765550473,,,,,,,,,226,4,,,,1.3695929029290556e+16,,[],
laziferlogs,https://t.me/laziferlogs,925,2024-04-01 17:05:28,,False,False,False,False,True,False,False,False,False,False,1765550473,,,,,,,,,226,4,,,,1.3695929029290556e+16,,[],
laziferlogs,https://t.me/laziferlogs,926,2024-04-01 17:05:28,,False,False,False,False,True,False,False,False,False,False,1765550473,,,,,,,,,227,4,,,,1.3695929029290556e+16,,[],
laziferlogs,https://t.me/laziferlogs,927,2024-04-01 17:05:28,,False,False,False,False,True,False,False,False,False,False,1765550473,,,,,,,,,228,5,,,,1.3695929029290564e+16,,[],
laziferlogs,https://t.me/laziferlogs,928,2024-04-01 17:05:29,,False,False,False,False,True,False,False,False,False,False,1765550473,,,,,,,,,219,5,,,,1.3695929029290564e+16,,[],
laziferlogs,https://t.me/laziferlogs,929,2024-04-01 17:05:29,,False,False,False,False,True,False,False,False,False,False,1765550473,,,,,,,,,219,5,,,,1.3695929029290564e+16,,[],
laziferlogs,https://t.me/laziferlogs,930,2024-04-01 17:05:29,,False,False,False,False,True,False,False,False,False,False,1765550473,,,,,,,,,220,5,,,,1.3695929029290564e+16,,[],
laziferlogs,https://t.me/laziferlogs,931,2024-04-01 17:05:29,,False,False,False,False,True,False,False,False,False,False,1765550473,,,,,,,,,220,5,,,,1.3695929029290564e+16,,[],
laziferlogs,https://t.me/laziferlogs,932,2024-04-01 17:05:29,,False,False,False,False,True,False,False,False,False,False,1765550473,,,,,,,,,219,5,,,,1.3695929029290564e+16,,[],
laziferlogs,https://t.me/laziferlogs,933,2024-04-01 17:05:29,,False,False,False,False,True,False,False,False,False,False,1765550473,,,,,,,,,219,5,,,,1.3695929029290564e+16,,[],
laziferlogs,https://t.me/laziferlogs,934,2024-04-01 17:05:29,,False,False,False,False,True,False,False,False,False,False,1765550473,,,,,,,,,219,5,,,,1.3695929029290564e+16,,[],
laziferlogs,https://t.me/laziferlogs,935,2024-04-01 17:05:29,,False,False,False,False,True,False,False,False,False,False,1765550473,,,,,,,,,220,5,,,,1.3695929029290564e+16,,[],
laziferlogs,https://t.me/laziferlogs,936,2024-04-01 17:05:29,,False,False,False,False,True,False,False,False,False,False,1765550473,,,,,,,,,218,6,,,,1.3695929029290564e+16,,[],
laziferlogs,https://t.me/laziferlogs,937,2024-04-01 17:05:52,"Private Access Cost :

▪️1 Week : $40
⚔️2 Week : $65
<DATE_TIME> : $100
<DATE_TIME> : $200
⭐️Lifetime : $500

🧢@LaziferOwner",False,False,False,False,True,False,False,False,False,False,1765550473,,,,,,,,,209,0,,,,,,[],
