Channel ID,URL,Post ID,date,message,out,mentioned,media_unread,silent,post,from_scheduled,legacy,edit_hide,pinned,noforwards,peer_channel,from_id_user,fwd_from,via_bot_id,reply_to_msg_id,reply_to_scheduled,forum_topic,media_photo_id,reply_markup,views,forwards,replies,edit_date,post_author,grouped_id,reactions,restriction_reason,ttl_period
sendersmsspamemail,https://t.me/sendersmsspamemail,666,2024-01-25 00:35:34,"Smtp high quality cracker 45$ with guide to run it untill you get first smtp . <PERSON> will be provided 10k fresh 📌

@Plug2benjamin",False,False,False,False,True,False,False,True,False,False,1955968052,,,,,,,5.877535077129372e+18,,22,0,,2024-01-25T00:35:37+00:00,,,,[],
sendersmsspamemail,https://t.me/sendersmsspamemail,667,2024-01-25 00:35:34,"📁* Croatia <PERSON> update and valid Database available (<DATE_TIME>)* 📂

Dive into our expansive Croatia <PERSON>database, brimming with possibilities:

📈 Total Data: Over 2.3 Million Entries

🚀 <DATE_TIME>, we present Croatia <PERSON> and WhatsApp database, hosted on our secure server:

✅ Affordable
✅ Fresh Records
✅ Daily Updates
✅ Top-Quality

🥡 Secure Your Order Now!

💳 Customize your selection:

📱 Croatia <PERSON>  Cellphone Leads
🏙️ Croatia 🇭🇷 City & Zip Codes
💻 Flexible Filtering Options
💬 WhatsApp Contacts
👴👵 Older Age Groups
💲 High Net Worth Individuals
🚗 Car Owners
🏡 Homeowners
💰 High-Income Profiles
💱 Forex and Crypto Investors

🗣️ Croatia <PERSON> Headers:

🏅 First Name | Last Name | Cellphone Number | Gender | Address | Occupation | Country

🎉 We can provide you with full headers as well.

🤝 Order now...... @Plug2benjamin",False,False,False,False,True,False,False,True,False,False,1955968052,,,,,,,,,26,0,,2024-01-25T00:35:37+00:00,,,,[],
sendersmsspamemail,https://t.me/sendersmsspamemail,668,2024-01-27 13:13:56,"SMS Sender Software  + 50K SMS Per Day (3 Months License Key) .

+ Customized  ID ( Depends on Country ) 📲

+ Script Works with Python ❗️

+ Send Bulk Messages 📨

+  No SMTP or SIM is required  ❌

+ Send with SenderID No Number 🔕

+ Send Messages Worldwide / International ✅

+ Demo Video in inbox ✅

👨‍💻 Contact : <PERSON>",False,False,False,False,True,False,False,True,False,False,1955968052,,,,,,,5.882037667439429e+18,,17,0,"{'_': 'MessageReplies', 'replies': 0, 'replies_pts': 927, 'comments': True, 'recent_repliers': [], 'channel_id': 1857396651, 'max_id': None, 'read_max_id': None}",2024-01-27T13:13:59+00:00,,,,[],
sendersmsspamemail,https://t.me/sendersmsspamemail,669,2024-01-27 13:13:56,"New and fresh data , emails and leads available @Knightbatx",False,False,False,False,True,False,False,True,False,False,1955968052,,,,,,,5.881988219480949e+18,,19,0,,2024-01-27T13:13:59+00:00,,,,[],
sendersmsspamemail,https://t.me/sendersmsspamemail,670,2024-01-27 13:13:56,"UHQ Hotmail Logz (Web Login Valid 100%)
Freshly Checked

Total: 400
Price: Dm With Offer

Dm @Webeyex",False,False,False,False,True,False,False,True,False,False,1955968052,,,,,,,6.170227142617577e+18,,23,0,,2024-01-27T13:13:59+00:00,,,,[],
sendersmsspamemail,https://t.me/sendersmsspamemail,671,2024-01-27 13:13:56,"#Hotmail 2FA
##Veriphone
#Unraped/Freshly
Warranty bad pass.
28.000 in Stock.
Price= 2k - 50$

Buy:- @Webeyex",False,False,False,False,True,False,False,True,False,False,1955968052,,,,,,,5.88191302319353e+18,,23,0,,2024-01-27T13:13:59+00:00,,,,[],
sendersmsspamemail,https://t.me/sendersmsspamemail,672,2024-01-27 13:13:56,"sch.id cpanel 35$ 
co.id cpanel 25$
or.id cpanel 25$ 
ac.id cpanel 35$
Go.id cpanel 35$
Edu.my cpanel 35$
.edu 35$
Moh.gov.my  500$
Ui.ac.id   500$ 
My.id 25$ 
.VN shell+cpanel 35$ 
Wp logs 10$
——————-
@Ironvirus002",False,False,False,False,True,False,False,True,False,False,1955968052,,,,,,,,,23,0,,2024-01-27T13:13:59+00:00,,,,[],
sendersmsspamemail,https://t.me/sendersmsspamemail,673,2024-01-27 13:13:56,"UK Fresh Email Data For Sell


Domain Stock
Aol.co
Blueyonder.co
Hotmail.co
Live.co
Tiscali.co
Yahoo.co


Fully Fresh Dump
Only Email

Contact :- @Ironvirus002

Payment Method
Btc/Eth/Ltc/Xmr/usdt",False,False,False,False,True,False,False,True,False,False,1955968052,,,,,,,5.884164823007216e+18,,29,0,,2024-01-27T13:13:59+00:00,,,,[],
sendersmsspamemail,https://t.me/sendersmsspamemail,674,2024-01-28 23:49:30,"Australia <DATE_TIME> Email+Name


Contact to Purchase at
@Trojanx0077",False,False,False,False,True,False,False,True,False,False,1955968052,,,,,,,5.024302990139437e+18,,18,0,"{'_': 'MessageReplies', 'replies': 0, 'replies_pts': 927, 'comments': True, 'recent_repliers': [], 'channel_id': 1857396651, 'max_id': None, 'read_max_id': None}",2024-01-28T23:49:33+00:00,,,,[],
sendersmsspamemail,https://t.me/sendersmsspamemail,675,2024-01-28 23:49:30,"CPanel Available Random 

100 CPanel > Price: 40$ 

1000 CPanel > Price: 300$ 

Payment : BTC / USDT 

Stock : 2600 CPanel 

I am Here  : <PERSON>",False,False,False,False,True,False,False,True,False,False,1955968052,,,,,,,5.024275373499723e+18,,19,0,,2024-01-28T23:49:33+00:00,,,,[],
sendersmsspamemail,https://t.me/sendersmsspamemail,676,2024-01-28 23:49:30,"go.id Webmail available 

Country base combo 
Targeted Domain combo 
Random Domain combo 
Mail access combo 
Mail leads 
Number Leads 
Cpanel , Webmail 


DM @Ironvirus002",False,False,False,False,True,False,False,True,False,False,1955968052,,,,,,,6.174926854746653e+18,,18,0,,2024-01-28T23:49:33+00:00,,,,[],
sendersmsspamemail,https://t.me/sendersmsspamemail,677,2024-01-31 05:08:02,"Fresh UK Leads
@Ipboyz",False,False,False,False,True,False,False,True,False,False,1955968052,,,,,,,,,13,0,"{'_': 'MessageReplies', 'replies': 0, 'replies_pts': 927, 'comments': True, 'recent_repliers': [], 'channel_id': 1857396651, 'max_id': None, 'read_max_id': None}",2024-01-31T05:08:05+00:00,,,,[],
sendersmsspamemail,https://t.me/sendersmsspamemail,678,2024-01-31 05:08:02,"Editable INE México
$300 mx

Dm @Ipboyz",False,False,False,False,True,False,False,True,False,False,1955968052,,,,,,,5.026478472679239e+18,,14,0,,2024-01-31T05:08:05+00:00,,,,[],
sendersmsspamemail,https://t.me/sendersmsspamemail,679,2024-01-31 05:08:02,"<PERSON> SERVICE 

WE SEND TO ALL EMAILS AND ANY COUNTRY (OFFICE,<PERSON>,HOTMAIL,AOL,ETC)

.100% INBOX DELIVERY (GUARANTEED)

.WE USE OUR SMTP & MAILER

.WE DO SENDOUTS FROM 10K - 100K DAILY

. WE USE ONLY THE BEST OF THE BEST SMTPS 

ALL TOOLS ARE REDAY FOR THIS SERVICES ... WE START SENDING IMMIDIATELY 
CONTACT US NOW :

<PERSON>",False,False,False,False,True,False,False,True,False,False,1955968052,,,,,,,5.172937244019895e+18,,16,0,,2024-01-31T05:08:05+00:00,,,,[],
sendersmsspamemail,https://t.me/sendersmsspamemail,680,2024-01-31 05:08:02,"#Hotmail 2FA
##Veriphone
#Unraped/Freshly
Warranty bad pass.
28.000 in Stock.
Price= 2k - 50$

Buy:- @Plug2benjamin",False,False,False,False,True,False,False,True,False,False,1955968052,,,,,,,5.88191302319353e+18,,12,0,,2024-01-31T05:08:05+00:00,,,,[],
sendersmsspamemail,https://t.me/sendersmsspamemail,681,2024-01-31 05:08:02,Video call software... @Knightbatx for purchase 🔥,False,False,False,False,True,False,False,True,False,False,1955968052,,,,,,,,,15,0,,2024-01-31T05:08:05+00:00,,,,[],
sendersmsspamemail,https://t.me/sendersmsspamemail,682,2024-01-31 05:08:02,"100k EUROPE Business E-Mail Data
New Collection
Fully Fresh Dump
Only Email
All Are Valid
Best For Office

@Trojanx0077",False,False,False,False,True,False,False,True,False,False,1955968052,,,,,,,5.028645558557978e+18,,15,0,,2024-01-31T05:08:05+00:00,,,,[],
sendersmsspamemail,https://t.me/sendersmsspamemail,683,2024-01-31 05:08:02,"#WTS
SES SMTP ( Not Key )
Junk outlook
$85
Good for sending to others webmail and SMS Sendout.
DM @Webeyex",False,False,False,False,True,False,False,True,False,False,1955968052,,,,,,,,,15,0,,2024-01-31T05:08:05+00:00,,,,[],
sendersmsspamemail,https://t.me/sendersmsspamemail,684,2024-01-31 05:08:02,"Smtps available send to any domain you want! 


@Webeyex",False,False,False,False,True,False,False,True,False,False,1955968052,,,,,,,5.89552054044418e+18,,18,0,,2024-01-31T05:08:05+00:00,,,,[],
sendersmsspamemail,https://t.me/sendersmsspamemail,685,2024-01-31 05:08:02,"UHQ Hotmail Combo Available

Total Line: 90k+ 
Country: Mix

Dm @Webeyex",False,False,False,False,True,False,False,True,False,False,1955968052,,,,,,,5.89552054044418e+18,,19,0,,2024-01-31T05:08:05+00:00,,,,[],
sendersmsspamemail,https://t.me/sendersmsspamemail,686,2024-02-01 00:48:24,"AWS SES inbox hotmail.com , for sale : 
50K , 103K , 229K / day

@Ipboyz",False,False,False,False,True,False,False,True,False,False,1955968052,,,,,,,5.895746601752838e+18,,16,0,"{'_': 'MessageReplies', 'replies': 0, 'replies_pts': 927, 'comments': True, 'recent_repliers': [], 'channel_id': 1857396651, 'max_id': None, 'read_max_id': None}",2024-02-01T00:48:27+00:00,,,,[],
sendersmsspamemail,https://t.me/sendersmsspamemail,687,2024-02-01 00:48:24,"📬 SMS/EMAILS GATEWAY AVAILABLE 💯

We provide fast and quality sms routes
🔵Emails blasting 📧
🔵Api✅
🔵Gateways🛜
🔵Emails 2FA 
🔵SMPT
🔵Cpanels
🔵Spamming 
🔵All countries numbers and calls☎️
🔵Marketing 
🔵Long and Short code
🔵Data/leads
🔵Spam content
🔵Customized SID
with a good delivery rate✅👌 to any country;

USA 🇺🇸,SAUDI 🇸🇦,ISRAEL 🇮🇱,DENMARK 🇩🇰,TURKEY 🇹🇷,UK 🇬🇧,RUSSIA 🇷🇺,QATAR 🇶🇦,PORTUGAL 🇵<PERSON>,SWITZERLAND <DATE_TIME>🇭,FRANCE 🇫🇷,CANADA <DATE_TIME>🇦,SPAIN 🇪🇸,ITALY <PERSON>,MOROCCO 🇲🇦 POLAND 🇵🇱,NORWAY 🇳🇴, SOUTH AFRICA 🇿🇦,AUSTRALIA 🇦🇺,CHINA 🇨🇳, <PERSON> 🇦<PERSON>,BRAZIL 🇧🇷,BELGIUM 🇧🇪,HONK KONG<PERSON>🇬,Colombia <DATE_TIME>🇴
And over 150 other countries<PERSON> all types of content💯

Dm me to get your panel and start sendouts✅
@Ipboyz",False,False,False,False,True,False,False,True,False,False,1955968052,,,,,,,,,17,0,,2024-02-01T00:48:27+00:00,,,,[],
sendersmsspamemail,https://t.me/sendersmsspamemail,688,2024-02-01 00:48:24,"Yahoo Mail Available
CODE 8
DOMAIN YAHOO/ HOTMAIL
FB  ADS FLITER CODE 8
MAIL ACCESS UHQ PEIVETE FRESH LOGIN NOT2FA ✅
(6.5K AVAILABLE)
PRICE ALL 600$
DM : @Ironvirus002",False,False,False,False,True,False,False,True,False,False,1955968052,,,,,,,5.897772550711263e+18,,16,0,,2024-02-01T00:48:27+00:00,,,,[],
sendersmsspamemail,https://t.me/sendersmsspamemail,689,2024-02-01 00:48:24,"AWS SES available
• Best for Email Spamming
• UHQ SMTP
• 50k Limit
• Cracked SMTP(without Panel)
• Sure Validity
• Yahoo Inbox

100$ price

DEAL @Webeyex",False,False,False,False,True,False,False,True,False,False,1955968052,,,,,,,5.976729528673877e+18,,17,0,,2024-02-01T00:48:27+00:00,,,,[],
sendersmsspamemail,https://t.me/sendersmsspamemail,690,2024-02-01 00:48:24,"In stock new base number;password USA

Lines - 5.7 Million

Full fresh and privat

Price - 140$

@Webeyex",False,False,False,False,True,False,False,True,False,False,1955968052,,,,,,,6.023770286832336e+18,,20,0,,2024-02-01T00:48:27+00:00,,,,[],
sendersmsspamemail,https://t.me/sendersmsspamemail,691,2024-02-01 00:48:24,"Fresh Yahoo mail access 2700 more in stock.

Dm @Plug2benjamin",False,False,False,False,True,False,False,True,False,False,1955968052,,,,,,,5.897859025582801e+18,,21,0,,2024-02-01T00:48:27+00:00,,,,[],
sendersmsspamemail,https://t.me/sendersmsspamemail,692,2024-02-01 00:48:24,"SMTP AVAILABLE (inbox hotmail gmx and others)
Daily limits available ✅
Cracked  ✅
Contact @Plug2benjamin",False,False,False,False,True,False,False,True,False,False,1955968052,,,,,,,5.897859025582801e+18,,22,0,,2024-02-01T00:48:27+00:00,,,,[],
sendersmsspamemail,https://t.me/sendersmsspamemail,693,2024-02-01 23:16:02,"Send out is available to Verizon and Tmobile 

We put your number first and last so u get the first and the last delivery to be sure all delivered.

Dm @Ipboyz for price",False,False,False,False,True,False,False,True,False,False,1955968052,,,,,,,5.90002435052495e+18,,15,0,"{'_': 'MessageReplies', 'replies': 0, 'replies_pts': 927, 'comments': True, 'recent_repliers': [], 'channel_id': 1857396651, 'max_id': None, 'read_max_id': None}",2024-02-01T23:16:05+00:00,,,,[],
sendersmsspamemail,https://t.me/sendersmsspamemail,694,2024-02-01 23:16:02,,False,False,False,False,True,False,False,True,False,False,1955968052,,,,,,,5.90002435052495e+18,,14,0,"{'_': 'MessageReplies', 'replies': 0, 'replies_pts': 927, 'comments': True, 'recent_repliers': [], 'channel_id': 1857396651, 'max_id': None, 'read_max_id': None}",2024-02-01T23:16:05+00:00,,,,[],
sendersmsspamemail,https://t.me/sendersmsspamemail,727,2024-02-13 20:40:13,"Hacked AWS Work Email Webmail/SMTP 

Send Inbox GMAIL-OFFICE- 

AND IT CAN SEND SMS: -5 - 10k To 100K Daily

Host: smtp.mail.eu-west-1.awsapps.com 

DM @Ironvirus002 for price",False,False,False,False,True,False,False,True,False,False,1955968052,,,,,,,5.933566872580638e+18,,21,0,"{'_': 'MessageReplies', 'replies': 0, 'replies_pts': 946, 'comments': True, 'recent_repliers': [], 'channel_id': 1857396651, 'max_id': None, 'read_max_id': None}",2024-02-13T20:40:17+00:00,,,,[],
sendersmsspamemail,https://t.me/sendersmsspamemail,728,2024-02-13 20:40:13,"#WTS

Available  CONSOLE AWS SES { CREATED }

SES Quota : 62K per day 

Contact : @Webeyex",False,False,False,False,True,False,False,True,False,False,1955968052,,,,,,,5.933942828247926e+18,,23,0,,2024-02-13T20:40:17+00:00,,,,[],
sendersmsspamemail,https://t.me/sendersmsspamemail,729,2024-02-13 20:40:14,"new 10k sweepstakes available inbox for buying come first and buy first
. <PERSON>",False,False,False,False,True,False,False,True,False,False,1955968052,,,,,,,5.935987030817358e+18,,20,0,,2024-02-13T20:40:17+00:00,,,,[],
sendersmsspamemail,https://t.me/sendersmsspamemail,730,2024-02-13 20:40:14,"Are you eagerly waiting for more Calls through Email Marketing❔

Fresh Emails Data/Leads Available USA ,UK, AUSTRALIA, CANADA, New Zealand for Call Generation, Email Marketing & Tech Support Campaign.

Hmu ; @Ipboyz",False,False,False,False,True,False,False,True,False,False,1955968052,,,,,,,5.936046039373038e+18,,29,0,,2024-02-13T20:40:17+00:00,,,,[],
sendersmsspamemail,https://t.me/sendersmsspamemail,731,2024-02-13 20:40:14,"SMTP AVAILABLE (inbox hotmail gmx and others)
Daily limits available ✅
Cracked  ✅
Contact @Ipboyz",False,False,False,False,True,False,False,True,False,False,1955968052,,,,,,,5.897732697709724e+18,,38,0,,2024-02-13T20:40:17+00:00,,,,[],
sendersmsspamemail,https://t.me/sendersmsspamemail,732,2024-02-18 23:13:00,"Available Fresh cpanels 

good price
stock : +15k

100 cpanel  = 30$
1000 cpanel = 250$

⚠️ Note
Payment via BTC / Usdt
Send  <NRP> : @Webeyex",False,False,False,False,True,False,False,True,False,False,1955968052,,,,,,,,,20,0,"{'_': 'MessageReplies', 'replies': 0, 'replies_pts': 946, 'comments': True, 'recent_repliers': [], 'channel_id': 1857396651, 'max_id': None, 'read_max_id': None}",2024-02-18T23:13:03+00:00,,,,[],
sendersmsspamemail,https://t.me/sendersmsspamemail,733,2024-02-18 23:13:00,"HOTMAIL link Amazon 
7k Available  

Mm 1k <NRP>

Private log ✔️🫣

Payment method : <PERSON> 

Buy:- @Ironvirus002",False,False,False,False,True,False,False,True,False,False,1955968052,,,,,,,6.066758464174145e+18,,19,0,,2024-02-18T23:13:03+00:00,,,,[],
sendersmsspamemail,https://t.me/sendersmsspamemail,734,2024-02-18 23:13:00,Unlimited Icloud app password account available at very cheap then market. <PERSON>: <PERSON>,False,False,False,False,True,False,False,True,False,False,1955968052,,,,,,,5.949811813283643e+18,,21,0,,2024-02-18T23:13:03+00:00,,,,[],
sendersmsspamemail,https://t.me/sendersmsspamemail,735,2024-02-18 23:13:00,"#WTS

Available 1M AWS SES KEY { CRACKED }

SES Quota : 100.000 per day 

Contact : <PERSON>",False,False,False,False,True,False,False,True,False,False,1955968052,,,,,,,5.084679621751975e+18,,20,0,,2024-02-18T23:13:03+00:00,,,,[],
sendersmsspamemail,https://t.me/sendersmsspamemail,736,2024-02-18 23:13:00,"📬 CRACKED AWS CONSOL  PANEL 57K📬  

🖥 SES Quota : 57.000  🖥 us-east-1

 ⚡️ Price: ( Dm ) 

➡️ Single Contact @Plug2benjamin",False,False,False,False,True,False,False,True,False,False,1955968052,,,,,,,5.951518324049428e+18,,23,0,,2024-02-18T23:13:03+00:00,,,,[],
sendersmsspamemail,https://t.me/sendersmsspamemail,737,2024-02-18 23:13:00,"#WTS
Sendgrid Limit 50k
DM @Ironvirus002",False,False,False,False,True,False,False,True,False,False,1955968052,,,,,,,5.951518324049428e+18,,22,0,,2024-02-18T23:13:03+00:00,,,,[],
sendersmsspamemail,https://t.me/sendersmsspamemail,738,2024-02-21 01:26:56,"#Ready SES Limit 50k ($85)
ap-south-1 ✅
Console Access ✅
Inbox Hotmail ✅
DM @Knightbatx
Hurry Up !!! Ses Available only 2",False,False,False,False,True,False,False,True,False,False,1955968052,,,,,,,5.965266823601569e+18,,17,0,"{'_': 'MessageReplies', 'replies': 0, 'replies_pts': 946, 'comments': True, 'recent_repliers': [], 'channel_id': 1857396651, 'max_id': None, 'read_max_id': None}",2024-02-21T01:26:59+00:00,,,,[],
sendersmsspamemail,https://t.me/sendersmsspamemail,739,2024-02-21 01:26:56,"We are selling high-quality & high connectivity data & leads.   
Our exclusive verticals here:  
-Targeted Cell Phone Leads.  
-USA Raw Data  
-UK Raw Data  
-USA Old People Data  
-USA Rich People Data  
-Muslim Data  
-Canada Raw Data  
-Canada Real Estate Data  
-Canada High Income Data  
-Immigration Data  
-Whatsapp Number  
-Forex trading Data  
-Crypto Database  
-Car Owner Lead  
-Home Owner  
-Car Owner  
-Immigration or living abroad  
-Business owner  
-CEO CTO / high profile  
-Travels  
-Health & beauty  
-Housing lead  
-Ecommerce lead  
-Real estate  
-Education loan data  
-Casino Database  
and much more to offer
Pm: @ironvirus002",False,False,False,False,True,False,False,True,False,False,1955968052,,,,,,,5.951998016061817e+18,,16,0,,2024-02-21T01:26:59+00:00,,,,[],
sendersmsspamemail,https://t.me/sendersmsspamemail,740,2024-02-21 01:26:57,"✅100% All domain Inbox Spamming Tools 

✅Office365 inbox Letter, <PERSON> and Sender
✅ Any Bank UK USA Belgium Inbox Smtp Letter sender 100% delivery to jnbox 
✅Office365 Full Inbox tools with True login page 

🔥24/7 Customer Care 
🔥Free Spam Tutorial Via Anydesk



✅✅Available Tools

📄 SCAM PAGE 
📄  Non red links + hosting bulletproof
📄 Encrypted  LETTER for Banks & Office365 
🚾 Inbox SMTP for Office365 
🚾 Inbox SMTP for Banks
📧 LEADS gmail, yahoo, camcast,aol ....
📄 CEO 🛠 CFO B2B <PERSON> PANEL 
📄  C-PANEL 
📄  RDP
📄Sms Number Leads ( belgium, USA, UK ) any country 
📄Sms Sender
📄Sms Api Monthly subscription 
📄Smtp to Sms <DATE_TIME> subscription 
📄Sms Number Extractor 
📄Email Extractor

📥 Office inbox Full Setup available📥
📥 Any Bank inbox Full Setup available📥


..............................

💥💥 OFFICE 365 Complete Package 💥💥
Package Includes:
1}Amazon smtp <DATE_TIME>
2}Office Sender
3}Encrypted Letter
4}Fast Rdp
5}Fud Link
6}Office Email Verifier
Everthing I setup For You in

@webeyex",False,False,False,False,True,False,False,True,False,False,1955968052,,,,,,,,,15,0,,2024-02-21T01:26:59+00:00,,,,[],
sendersmsspamemail,https://t.me/sendersmsspamemail,741,2024-02-21 01:26:57,"get your own shells / cpanels / api's 📺
50$ lifetime ( VIP FREE ✅ ) 
<DATE_TIME> exploits <PERSON>@Webeyex",False,False,False,False,True,False,False,True,False,False,1955968052,,,,,,,5.956122666429693e+18,,23,0,,2024-02-21T01:26:59+00:00,,,,[],
sendersmsspamemail,https://t.me/sendersmsspamemail,742,2024-02-21 01:26:57,"EMAIL SENDOUTS SERVICE ⚠️

WE SEND TO ALL EMAILS AND ANY COUNTRY (OFFICE,<PERSON>,HOTMAIL,AOL,ETC)

.100% INBOX DELIVERY (GUARANTEED)

.WE USE OUR SMTP & MAILER

.WE DO SENDOUTS FROM 10K - 100K DAILY

. WE USE ONLY THE BEST OF THE BEST SMTPS 

ALL TOOLS ARE REDAY FOR THIS SERVICES ... WE START SENDING IMMIDIATELY 

🤙🏻 CONTACT US NOW :

TG User - @plug2benjamin",False,False,False,False,True,False,False,True,False,False,1955968052,,,,,,,,,27,0,,2024-02-21T01:26:59+00:00,,,,[],
sendersmsspamemail,https://t.me/sendersmsspamemail,743,2024-02-26 00:20:51,"Business CEO Leads

Country: USA
Total Lines: 150k

Dm With Offer Only
🌐 Admin: @Ironvirus002",False,False,False,False,True,False,False,True,False,False,1955968052,,,,,,,5.098561428499049e+18,,11,0,"{'_': 'MessageReplies', 'replies': 0, 'replies_pts': 946, 'comments': True, 'recent_repliers': [], 'channel_id': 1857396651, 'max_id': None, 'read_max_id': None}",2024-02-26T00:20:54+00:00,,,,[],
sendersmsspamemail,https://t.me/sendersmsspamemail,744,2024-02-26 00:20:51,"Email/Sms Blasting Service Available.. Also Updated ? <DATE_TIME>  2023 Fresh E-mail Data / Phone number <NRP> available with high connectivity rate available. 🔥 

💯 USA 🇺🇸
💯 Italy <PERSON> 
💯 France 🇫🇷 
💯 Singapore 🇸🇬 
💯 Spain 🇪🇸 
💯 Australia 🇦🇺 
💯 Germany 🇩🇪 
💯 Austria   <PERSON> 
💯Greece 🇬🇷 
💯 Switzerland <DATE_TIME>🇭 
💯 Canada <DATE_TIME>🇦 
💯 Taiwan <PERSON>🇼 
💯 Japan 🇯🇵 
💯 Thailand <PERSON> <NRP> 🇵🇭
💯 Cambodia 🇰🇭
💯 Myanmar 🇲🇲
💯 Denmark 🇩🇰
💯 Norway🇳🇴
💯 Kuwait 🇰🇼
💯 India <PERSON>

🎗️ Order Asap!

<PERSON> me anytime here?

Telegram ID : @Ironvirus002",False,False,False,False,True,False,False,True,False,False,1955968052,,,,,,,5.962978559515542e+18,,9,0,,2024-02-26T00:20:54+00:00,,,,[],
sendersmsspamemail,https://t.me/sendersmsspamemail,745,2024-02-26 00:20:51,"Yahoo. Hotmail
Facebook. Ads team
@Ipboyz",False,False,False,False,True,False,False,True,False,False,1955968052,,,,,,,,,5,0,,2024-02-26T00:20:54+00:00,,,,[],
sendersmsspamemail,https://t.me/sendersmsspamemail,746,2024-02-26 00:20:51,"How to make Config ?

This is a video example of how to create a config.

Full Video $80



Api type: IOS
APP: Paramount

App used: 
BurpSuite community edition
Silverbullet 1.1.2
Apowermirror

Material used:
iPhone 
Pc or laptop (not different)
@Knightbatx",False,False,False,False,True,False,False,True,False,False,1955968052,,,,,,,,,5,0,,2024-02-26T00:20:54+00:00,,,,[],
sendersmsspamemail,https://t.me/sendersmsspamemail,747,2024-02-26 00:20:51,upwork logs . pm: <PERSON>,False,False,False,False,True,False,False,True,False,False,1955968052,,,,,,,,,9,0,,2024-02-26T00:20:54+00:00,,,,[],
sendersmsspamemail,https://t.me/sendersmsspamemail,748,2024-02-26 00:20:51,"SMTP available

Pm me to buy Gsuit SMTP posted free on vip

Pm to join vip

@Ipboyz",False,False,False,False,True,False,False,True,False,False,1955968052,,,,,,,5.927028450592407e+18,,10,0,,2024-02-26T00:20:54+00:00,,,,[],
sendersmsspamemail,https://t.me/sendersmsspamemail,749,2024-02-26 00:20:52,Fresh HOTMAIL.COM leads available @Webeyex,False,False,False,False,True,False,False,True,False,False,1955968052,,,,,,,6.255543751669825e+18,,8,0,,2024-02-26T00:20:54+00:00,,,,[],
sendersmsspamemail,https://t.me/sendersmsspamemail,750,2024-02-26 00:20:52,"Office365 Verified Leads
DM @Webeyex",False,False,False,False,True,False,False,True,False,False,1955968052,,,,,,,6.021810390175956e+18,,6,0,,2024-02-26T00:20:54+00:00,,,,[],
sendersmsspamemail,https://t.me/sendersmsspamemail,751,2024-02-26 00:20:52,"Yahoo & Hotmail USA For Facebook
@Ironvirus002",False,False,False,False,True,False,False,True,False,False,1955968052,,,,,,,6.0643920617481e+18,,5,0,,2024-02-26T00:20:54+00:00,,,,[],
sendersmsspamemail,https://t.me/sendersmsspamemail,752,2024-02-26 00:20:52,"WTS ACCESS .ID  @Ironvirus002

stkipabdi.ac.id
smpn24padang.sch.id
jik.stikesalifah.ac.id
jurnal.staiyaptip.ac.id
jurnal.staiyastispadang.ac.id
ojs.stikesamanahpadang.ac.id
ojs.stikestengkumaharatu.ac.id
ojs.unisbar.ac.id
staiyaptip.ac.id
stikeslandbouw.ac.id
winadaclinic.com
klinikrahmihatta.com
jpik.stikesalifah.ac.id
stitalmathiriyah.ac.id
akperkesdam-padang.ac.id
akpersbtdumai.ac.id
apikesiris.ac.id
ojs.stkip-ahlussunnah.ac.id
siadak.aakharapanbangsa.ac.id
stai-bls.ac.id
staiyastispadang.ac.id
stiepi.ac.id
stikesalifah.ac.id
stit-diniyyahputeri.ac.id
stit-syekhburhanuddin.ac.id
stitahlussunnah.ac.id
stkip-ahlussunnah.ac.id
donbosco-pdg.sch.id
ojs.iaisumbar.ac.id
stiaadabiah.ac.id
stikesmerangin.ac.id
stikestengkumaharatu.ac.id
aakharapanbangsa.ac.id
akbid-pasbar.ac.id
amsspadang.ac.id
ashiha.stikes-pialasakti.ac.id
conference.stkipydb.ac.id
<PERSON>
ojs.apikesiris.ac.id
ojs.stai-bls.ac.id
ojs.stiepi.ac.id
ojs.stikesmerangin.ac.id
ojs.stit-syekhburhan",False,False,False,False,True,False,False,True,False,False,1955968052,,,,,,,,,10,0,,2024-02-26T00:20:54+00:00,,,,[],
sendersmsspamemail,https://t.me/sendersmsspamemail,753,2024-02-26 00:20:52,"#WTS

● Available SMTP AWS SES & CONSOLE 

● SES Quota : 156K
● INBOX ALL FROM MAIL ""<PERSON>""
@Plug2benjamin for purchase",False,False,False,False,True,False,False,True,False,False,1955968052,,,,,,,5.104895865310522e+18,,13,0,,2024-02-26T00:20:54+00:00,,,,[],
sendersmsspamemail,https://t.me/sendersmsspamemail,754,2024-02-26 00:20:52,"Agentina leads available

For virus spammer 

Pm me to buy 

13k dump leads 

Buy @Plug2benjamin",False,False,False,False,True,False,False,True,False,False,1955968052,,,,,,,4.958553603547704e+18,,12,0,,2024-02-26T00:20:54+00:00,,,,[],
sendersmsspamemail,https://t.me/sendersmsspamemail,755,2024-02-26 00:20:52,"Selling sourcode, email sender, email2sms, smtp & database cracking, 

Price 500$ for all sourcecode
Only for 1 person
Payment crypto 
information chat me on @Trojanx0077
Needed now:)",False,False,False,False,True,False,False,True,False,False,1955968052,,,,,,,5.972142993228022e+18,,21,0,,2024-02-26T00:20:54+00:00,,,,[],
sendersmsspamemail,https://t.me/sendersmsspamemail,756,2024-02-26 00:20:52,"200 fresh Amazon logs

Price 100$

Buy @Trojanx0077",False,False,False,False,True,False,False,True,False,False,1955968052,,,,,,,5.972142993228022e+18,,23,0,,2024-02-26T00:20:54+00:00,,,,[],
sendersmsspamemail,https://t.me/sendersmsspamemail,757,2024-02-28 23:16:05,"OFFICE 365 FULL SPAMMING SETUP 
$200
Office logs available as well 
 @Plug2benjamin",False,False,False,False,True,False,False,True,False,False,1955968052,,,,,,,5.177126048314273e+18,,12,0,"{'_': 'MessageReplies', 'replies': 0, 'replies_pts': 946, 'comments': True, 'recent_repliers': [], 'channel_id': 1857396651, 'max_id': None, 'read_max_id': None}",2024-02-28T23:16:08+00:00,,,,[],
sendersmsspamemail,https://t.me/sendersmsspamemail,758,2024-02-28 23:16:05,"leads <PERSON>, Pm: for fresh leads @Ironvirus002",False,False,False,False,True,False,False,True,False,False,1955968052,,,,,,,,,12,0,,2024-02-28T23:16:08+00:00,,,,[],
sendersmsspamemail,https://t.me/sendersmsspamemail,759,2024-02-28 23:16:05,"🌟<PERSON> 𝐟𝐨𝐫 𝐞𝐯𝐞𝐫𝐲 𝐜𝐨𝐮𝐧𝐭𝐫𝐲🌟

⚡️Fresh and active Cell phone Data available.
⚡️ Connectivity rate minimum 80-90%.
🔔 Fresh and valid Email Data available.
🔔  90-95% inbox guarantee.

🔊 I Can Provide you Targeted Cellphone Leads.

📭 <PERSON> / 𝚙𝚕𝚊𝚌𝚒𝚗𝚐 𝚘𝚛𝚍𝚎𝚛𝚜, 𝚖𝚊𝚜𝚜𝚊𝚐𝚎 𝚖𝚎📮
Telegram: <PERSON>",False,False,False,False,True,False,False,True,False,False,1955968052,,,,,,,5.97430544483705e+18,,12,0,,2024-02-28T23:16:08+00:00,,,,[],
sendersmsspamemail,https://t.me/sendersmsspamemail,760,2024-02-28 23:16:05,"SMS Sender 🧰 worldwide
SMS 🧰  <DATE_TIME> = 35$
SMS 🧰  <DATE_TIME> = 50$
SMS 🧰   <DATE_TIME> = 100$
SMS 🧰    Life Time = 200$
Use API twilio or telnyx
let's go dm @Ironvirus002",False,False,False,False,True,False,False,True,False,False,1955968052,,,,,,,5.83004738467409e+18,,20,0,,2024-02-28T23:16:08+00:00,,,,[],
sendersmsspamemail,https://t.me/sendersmsspamemail,761,2024-02-28 23:16:05,"[17 Million] 2023 Crypto Currency Users Email Database

Price - $200
Verified & Cleaned.
File Type: CSV
Records: 17,000,000

Payment Via: 
- BTC, ETH or USDT
- Stripe

Countries - USA, UK, Canada, France, Italy, Germany, Spain, UAE, China, Portugal, Saudi Arabia, Brazil and More... Over 95+ Countries Available 

@Webeyex",False,False,False,False,True,False,False,True,False,False,1955968052,,,,,,,,,24,0,,2024-02-28T23:16:08+00:00,,,,[],
sendersmsspamemail,https://t.me/sendersmsspamemail,762,2024-02-28 23:16:05,"Poland Fresh Email Leads 

@Webeyex",False,False,False,False,True,False,False,True,False,False,1955968052,,,,,,,5.116166787208162e+18,,29,0,,2024-02-28T23:16:08+00:00,,,,[],
sendersmsspamemail,https://t.me/sendersmsspamemail,763,2024-03-05 01:53:30,"[17 Million] 2023 Crypto Currency Users Email Database

Price - $200
Verified & Cleaned.
File Type: CSV
Records: 17,000,000

Payment Via: 
- BTC, ETH or USDT
- Stripe

Countries - 
USA, UK, Canada, France, Italy, Germany, Spain, UAE, China, Portugal, Saudi Arabia, Brazil and More... Over 95+ Countries Available
 

@Ipboyz",False,False,False,False,True,False,False,True,False,False,1955968052,,,,,,,,,13,0,"{'_': 'MessageReplies', 'replies': 0, 'replies_pts': 946, 'comments': True, 'recent_repliers': [], 'channel_id': 1857396651, 'max_id': None, 'read_max_id': None}",2024-03-05T01:53:33+00:00,,,,[],
sendersmsspamemail,https://t.me/sendersmsspamemail,764,2024-03-05 01:53:30,"<DATE_TIME> CANADA METHODS LIST 🇨🇦

• Apple Method 

• Best buy Method 

• Stock X Method 

• AMAZON METHOD 

• EBAY METHOD 

• CC TO BTC METHOD 

• Free Groceries Method

• Phone Business Method 

• Uber Eat Method 

• Scene Method 

• Airbnb Method 

• Nike Method 

• Walmart Method 

• Fiver Method

• Drop Adress Method

• Boa Opening Method

• G2G Method 

• Playstore Method 


<DATE_TIME>🇦Refund  Methods 

• Stockx Refund Method
• Nike refund method 
• Best Buy Refund Method
• Apple Refund Method
• Skip Refund Method 
 

CC/FULLZ<DATE_TIME>🇦:

ASK FOR updated 🇨🇦 BIN LIST 

Apple Pay auto add available 🍏

Non vbv ccs available ⏺


To purchase - @Webeyex",False,False,False,False,True,False,False,True,False,False,1955968052,,,,,,,,,12,0,,2024-03-05T01:53:33+00:00,,,,[],
sendersmsspamemail,https://t.me/sendersmsspamemail,765,2024-03-05 01:53:30,"Available USA email leads checked on amazon valid email checker and not checked
+1 million yahoo
+1 million charter
+1 million comcast
+80k live,hotmail
+50k aol
+20k others

Pm @Ironvirus002",False,False,False,False,True,False,False,True,False,False,1955968052,,,,,,,5.846094649507299e+18,,10,0,,2024-03-05T01:53:33+00:00,,,,[],
sendersmsspamemail,https://t.me/sendersmsspamemail,766,2024-03-05 01:53:30,,False,False,False,False,True,False,False,True,False,False,1955968052,,,,,,,5.847959446997811e+18,,6,0,,2024-03-05T01:53:33+00:00,,,,[],
sendersmsspamemail,https://t.me/sendersmsspamemail,767,2024-03-05 01:53:30,,False,False,False,False,True,False,False,True,False,False,1955968052,,,,,,,5.847959446997811e+18,,5,0,,2024-03-05T01:53:33+00:00,,,,[],
sendersmsspamemail,https://t.me/sendersmsspamemail,768,2024-03-05 01:53:30,"#WTS
Sendgrid root account - Limit 100k
Price - 150 USD
DM @Trojanx0077",False,False,False,False,True,False,False,True,False,False,1955968052,,,,,,,5.997082592710607e+18,,8,0,,2024-03-05T01:53:33+00:00,,,,[],
sendersmsspamemail,https://t.me/sendersmsspamemail,769,2024-03-05 01:53:31,"100 Shell 
Price = 20$
Here : @Plug2benjamin",False,False,False,False,True,False,False,True,False,False,1955968052,,,,,,,5.997082592710607e+18,,9,0,,2024-03-05T01:53:33+00:00,,,,[],
sendersmsspamemail,https://t.me/sendersmsspamemail,770,2024-03-05 01:53:31,IRS Refund method available @Ipboyz,False,False,False,False,True,False,False,True,False,False,1955968052,,,,,,,5.997082592710607e+18,,10,0,,2024-03-05T01:53:33+00:00,,,,[],
sendersmsspamemail,https://t.me/sendersmsspamemail,771,2024-03-05 01:53:31,"Netflix login available 
Hotmaill link Netflix config available 

Netflix private combo available 

<PERSON>",False,False,False,False,True,False,False,True,False,False,1955968052,,,,,,,5.997082592710607e+18,,15,0,,2024-03-05T01:53:33+00:00,,,,[],
sendersmsspamemail,https://t.me/sendersmsspamemail,772,2024-03-05 01:53:31,"New Zealand business Email Database

✅ Total: 500k
To purchase
Pm @Webeyex",False,False,False,False,True,False,False,True,False,False,1955968052,,,,,,,5.997082592710607e+18,,15,0,,2024-03-05T01:53:33+00:00,,,,[],
sendersmsspamemail,https://t.me/sendersmsspamemail,773,2024-03-05 01:53:31,<PERSON> available..pm : @Ironvirus002,False,False,False,False,True,False,False,True,False,False,1955968052,,,,,,,5.997082592710607e+18,,16,0,,2024-03-05T01:53:33+00:00,,,,[],
sendersmsspamemail,https://t.me/sendersmsspamemail,774,2024-03-07 20:29:50,"SMTP 📩 INBOX ALL 

100% GUARANTEED MAIL BLASTING INBOX ALL DOMAINS UNLIMITED:

✅ SENDGRID
✅ AWS SES
✅ OFFICE365 A1
✅ OFFICE365 E5
✅ OFFICE365 ADMIN
✅ OWA EXCHANGE SMTP
✅ IONOS MX SMTP
✅ JAPAN SMTP - SAKURA & KAGOYA
<PERSON> ACCOUNT SMTP
✅ GSUITE SMTP
✅ GMAIL APP PASSWORDS
✅ API KEY SMTP
✅ WEBMAIL ACCOUNTS LOGS - Corporate Office Domains
✅ METHODS INBOX SEND
✅ MASS MAIL BLASTING SOFTWARE PAID

✉ Limit: 10,000 Mails Daily
✉ Limit: 50,000 Mails Daily
✉ Warranty: 30 Mails Days

✅ TESTON INBOX ✅ DM PRV NOW ✅ @Trojanx0077",False,False,False,True,True,False,False,True,False,False,1955968052,,,,,,,,,10,0,"{'_': 'MessageReplies', 'replies': 0, 'replies_pts': 946, 'comments': True, 'recent_repliers': [], 'channel_id': 1857396651, 'max_id': None, 'read_max_id': None}",2024-03-07T20:29:53+00:00,,,,[],
sendersmsspamemail,https://t.me/sendersmsspamemail,775,2024-03-07 20:29:50,"All Spamming Tools Are Available  Here
  
High quality SMS routes are offered.
Bulk SMS (SHORT CODE AND LONG CODE) AVAILABLE 
All content are allowed.
It Support All Kinds of traffic 
Sender ID (name) personalizable.
99.9% delivery rate with huge traffic.
And send to worldwide
We are also offering panel for your sms business.
Email Leads Extractor Any Country.
Email Leads Verifier.
Sms Sender PHP Version.
Sms Leads Extractor.
Scampages With Antibot Available.
    .Custom pages(True login)
    .Crypto sites scam pages
    .Bank scam pages
    .AT&T scam pages
    .Social media scam pages 
Leads (Valid)
    .Office leads 
    .Business leads
    .Local leads
    .custom leads
    .Yahoo, aol, Hotmail, org, fr, USA, cfo, edu, comcast, net all domain
Mailers Cracked Version Also Available.
    .PHP Mailer
    .Ultra mailer 
    .Heatsender
    .leaf mailer
    .Sms sender unlimited
    .Encrypted mailer
Bulletproof (non red) Cpanel for <PERSON> also available.
    .Number Leads 
    .Number Validator 
    .Email
<PERSON>",False,False,False,True,True,False,False,True,False,False,1955968052,,,,,,,,,9,0,,2024-03-07T20:29:53+00:00,,,,[],
sendersmsspamemail,https://t.me/sendersmsspamemail,776,2024-03-07 20:29:50,",#Vouch from client UK 🇬🇧 
ROUTE WORKS PERFECTLY 

With any SID AND BANK CONTENT AVAILABLE 


☁<NRP>📨👍
SMSGATEWAY V-2. 
AVAILABLE @€100
COME FAST

@Ironvirus002

 


AND ENJOY THE SENDER 
🇺🇦🇷🇺🇺🇸🇨🇳🇰🇿🇹🇯🇹🇷🇺🇿All county route works perfectly 🛒💯 with stable Sender Identification (SID) 
And deliver sms world wide 🌍🌍🌍",False,False,False,True,True,False,False,True,False,False,1955968052,,,,,,,5.07380092485774e+18,,10,0,,2024-03-07T20:29:53+00:00,,,,[],
sendersmsspamemail,https://t.me/sendersmsspamemail,777,2024-03-07 20:29:50,"#Ready
SES Limit 50k ($65)
ap-south-1 ✅
Console Access ✅
Inbox Hotmail ✅
DM @Webeyex
Hurry Up !!! Ses Available only 2",False,False,False,True,True,False,False,True,False,False,1955968052,,,,,,,5.965266823601569e+18,,11,0,,2024-03-07T20:29:53+00:00,,,,[],
sendersmsspamemail,https://t.me/sendersmsspamemail,778,2024-03-07 20:29:50,"Aol Fresh Leads Available ✅

Region : USA ✅

Dm to buy  @Webeyex",False,False,False,True,True,False,False,True,False,False,1955968052,,,,,,,4.906770436990283e+18,,19,0,,2024-03-07T20:29:53+00:00,,,,[],
sendersmsspamemail,https://t.me/sendersmsspamemail,779,2024-03-07 20:29:51,"EMAIL SENDOUTS SERVICE ⚠️

WE SEND TO ALL EMAILS AND ANY COUNTRY (OFFICE,<PERSON>,HOTMAIL,AOL,ETC)

.100% INBOX DELIVERY (GUARANTEED)

.WE USE OUR SMTP & MAILER

.WE DO SENDOUTS FROM 10K - 100K DAILY

. WE USE ONLY THE BEST OF THE BEST SMTPS 

ALL TOOLS ARE REDAY FOR THIS SERVICES ... WE START SENDING IMMIDIATELY 

🤙🏻 CONTACT US NOW :

<PERSON>",False,False,False,True,True,False,False,True,False,False,1955968052,,,,,,,,,22,0,,2024-03-07T20:29:53+00:00,,,,[],
sendersmsspamemail,https://t.me/sendersmsspamemail,786,2024-03-19 23:49:56,"🔔WTS WHM-CPANEL ACCESS 📊

https://panel2.kemenag.go.id
https://panel2.acehprov.go.id
https://www.kemenkopmk.go.id
https://peraturan.go.id
https://e-katalog.lkpp.go.id
https://www.pa-tahuna.go.id
https://e-katalog.lkpp.go.id
https://panel2.kemenag.go.id
https://bengkulukota.bps.go.id
https://humas.polri.go.id
https://inovasi.kalbarprov.go.id
https://www.bps.go.id
https://laboratorium.bnn.go.id
https://www.kemenkopmk.go.id
https://peraturan.go.id
https://putusan3.mahkamahagung.go.id
https://www.waykanankab.go.id
http://pulpiskab.bps.go.id
https://bos.kemdikbud.go.id
https://peraturan.go.id
http://dapo.kemdikbud.go.id
<DATE_TIME>
https://drive.madina.go.id
https://layanan.banyuwangikab.go.id
https://sapo.sulbarprov.go.id
https://sipada.sulbarprov.go.id
https://bkpsdmd.pareparekota.go.id
<PERSON>
http://www.bbp4b.litbang.kkp.go.id
https://bsn.go.id
https://bkd.kepahiangkab.go.id
http://pt-mataram.go.id

 BTC🪙,USDT🪙,ETH🔷
😈IF YOU WANT TO BUY, SEND A MESSAGE🖥
@Webeyex",False,False,False,False,True,False,False,True,False,False,1955968052,,,,,,,,,1,0,"{'_': 'MessageReplies', 'replies': 0, 'replies_pts': 961, 'comments': True, 'recent_repliers': [], 'channel_id': 1857396651, 'max_id': None, 'read_max_id': None}",2024-03-19T23:49:59+00:00,,,,[],
sendersmsspamemail,https://t.me/sendersmsspamemail,787,2024-03-19 23:49:57,"🕸️Office365 Offline <PERSON> AutoGrab Company Background 
-------------------------------------
 
✅Available as HTML & PDF
✅AutoGrab Company BG
✅Fully Encrypted 
✅Inbox 100%
✅Telegram & Email Notifications


----------------------------------
--------
DM: @Knightbatx
----------------------------------
--------",False,False,False,False,True,False,False,True,False,False,1955968052,,,,,,,,,2,0,"{'_': 'MessageReplies', 'replies': 0, 'replies_pts': 961, 'comments': True, 'recent_repliers': [], 'channel_id': 1857396651, 'max_id': None, 'read_max_id': None}",2024-03-19T23:49:59+00:00,,,,[],
sendersmsspamemail,https://t.me/sendersmsspamemail,788,2024-03-19 23:49:57,"[ OFFICE365 FULL SETUP IS AVAILABLE Now ] 
-------------------------------------

✅ Inbox Html Attachment 
✅ Node JS Sender V6
✅ Strong Smtp High Capacity
✅ Bulletproof RDP 16GB 
✅Results To Telegram & Email


👍Setup Can Spam to 50k Leads 

💯Tools will be Setup on RDP 
All you do is Add your Leads and Star Spamming             

------------------------------------
-----------
DM: @knightbatx
------------------------------------
-----------",False,False,False,False,True,False,False,True,False,False,1955968052,,,,,,,6.028527916595396e+18,,3,0,"{'_': 'MessageReplies', 'replies': 0, 'replies_pts': 961, 'comments': True, 'recent_repliers': [], 'channel_id': 1857396651, 'max_id': None, 'read_max_id': None}",2024-03-19T23:49:59+00:00,,,,[],
sendersmsspamemail,https://t.me/sendersmsspamemail,789,2024-03-19 23:49:57,"[ 📛Advance SMTP Sender Mailer is Available V2.8 📛]
-------------------------------------

📢HTML & PDF Support
📢Image Lettre Support
📢 inbox Sending rate 100%
📢Super Fast Sending Speed 
📢 Inbox Outlook & O365 ...
📢Attachment Supported
📢Multiple Smtp Supported
📢Auto Grab Multiple tags  

✅DM to Buy Yours

------------------------------------
-----------
DM: @Plug2benjamin

------------------------------------
-----------",False,False,False,False,True,False,False,True,False,False,1955968052,,,,,,,,,3,0,"{'_': 'MessageReplies', 'replies': 0, 'replies_pts': 961, 'comments': True, 'recent_repliers': [], 'channel_id': 1857396651, 'max_id': None, 'read_max_id': None}",2024-03-19T23:49:59+00:00,,,,[],
sendersmsspamemail,https://t.me/sendersmsspamemail,790,2024-03-19 23:49:57,"📝Taiwan Financial Management Database

♦️Country: Taiwan <PERSON>🇼

♦️Database format: #TXT

♦️ Database records: 9,000,000

♦️ Database content: name - phone number - ID number - bank card number - date of birth

@trojanx0077",False,False,False,False,True,False,False,True,False,False,1955968052,,,,,,,5.168097301208608e+18,,3,0,"{'_': 'MessageReplies', 'replies': 0, 'replies_pts': 961, 'comments': True, 'recent_repliers': [], 'channel_id': 1857396651, 'max_id': None, 'read_max_id': None}",2024-03-19T23:49:59+00:00,,,,[],
sendersmsspamemail,https://t.me/sendersmsspamemail,792,2024-03-23 00:29:21,"📲📲Strong Whatsapp Leads

📸Profile picture’s 
📅 Age sorted
👨👩 Gender split

@Ipboyz",False,False,False,False,True,False,False,True,False,False,1955968052,,,,,,,5.181450178438213e+18,,1,0,,2024-03-23T00:29:24+00:00,,,,[],
sendersmsspamemail,https://t.me/sendersmsspamemail,793,2024-03-23 00:29:21,"4.4 M Fresh Email Data
New Dumped
Available Now
Country-Brazil
Text with_Mix Domain/Target Domain

@Plug2benjamin

Payment Method
BTC-USDT-PM",False,False,False,False,True,False,False,True,False,False,1955968052,,,,,,,5.183692945935674e+18,,1,0,,2024-03-23T00:29:24+00:00,,,,[],
sendersmsspamemail,https://t.me/sendersmsspamemail,794,2024-03-23 00:29:21,"Yahoo & Hotmail USA For Facebook
@Plug2benjamin",False,False,False,False,True,False,False,True,False,False,1955968052,,,,,,,6.048422286714848e+18,,1,0,,2024-03-23T00:29:24+00:00,,,,[],
sendersmsspamemail,https://t.me/sendersmsspamemail,795,2024-03-23 00:29:21,"Netflix login available 
Hotmaill link Netflix config available 

Netflix private combo available 

Dm @Trojanx0077",False,False,False,False,True,False,False,True,False,False,1955968052,,,,,,,6.048422286714848e+18,,2,0,,2024-03-23T00:29:24+00:00,,,,[],
sendersmsspamemail,https://t.me/sendersmsspamemail,796,2024-03-23 00:30:01,"Available Fresh Office365 Smtps 🔥 

good price

stock: 4k++

⚠️ Note

Payment via BTC / USDT /LTC

Send  Message : <PERSON>",False,False,False,False,True,False,False,True,False,False,1955968052,,,,,,,6.041683036350824e+18,,2,0,"{'_': 'MessageReplies', 'replies': 0, 'replies_pts': 969, 'comments': True, 'recent_repliers': [], 'channel_id': 1857396651, 'max_id': None, 'read_max_id': None}",2024-03-23T00:30:04+00:00,,,,[],
sendersmsspamemail,https://t.me/sendersmsspamemail,802,2024-03-30 01:54:23,"BEOBANK <PERSON> available, admin @Ipboyz",False,False,False,False,True,False,False,True,False,False,1955968052,,,,,,,4.906876844805041e+18,,1,0,"{'_': 'MessageReplies', 'replies': 0, 'replies_pts': 984, 'comments': True, 'recent_repliers': [], 'channel_id': 1857396651, 'max_id': None, 'read_max_id': None}",2024-03-30T01:54:26+00:00,,,,[],
sendersmsspamemail,https://t.me/sendersmsspamemail,803,2024-03-30 01:54:23,,False,False,False,False,True,False,False,True,False,False,1955968052,,,,,,,4.906876844805041e+18,,1,0,,2024-03-30T01:54:26+00:00,,,,[],
sendersmsspamemail,https://t.me/sendersmsspamemail,804,2024-03-30 01:54:23,"FACEBOOK  

YAHOO AOL HOTMAIL  LIVE MAILACCESS

MAIL ACCESS VIP GAMING AND SHOPPING 🛒


CODE 8 FB ADS LIVE FILTER
@Knightbatx",False,False,False,False,True,False,False,True,False,False,1955968052,,,,,,,,,1,0,,2024-03-30T01:54:26+00:00,,,,[],
sendersmsspamemail,https://t.me/sendersmsspamemail,805,2024-03-30 01:54:23,"Corps Business Leads available for sell

DM @Plug2benjamin",False,False,False,False,True,False,False,True,False,False,1955968052,,,,,,,4.909381506523311e+18,,1,0,,2024-03-30T01:54:26+00:00,,,,[],
sendersmsspamemail,https://t.me/sendersmsspamemail,806,2024-03-30 01:54:23,"ONLY SERIOUS BUYERS DM

100% Inbox Php Mailer

<DATE_TIME> usage $150
<DATE_TIME> usage $100
<DATE_TIME> usage $50

Perday 1 million sending

30 ips on backend

Multi users available

Mailer will be deliver within 10 minimum after the payment confirmation

Php mailer

Leafmailer mulled platform

Our special <NRP> hosting..
(No worriesaboutspam complaints)

95% to 100% inbox

Mailer will deliver in <DATE_TIME>

Dm me for purchase
@Plug2benjamin

.",False,False,False,False,True,False,False,True,False,False,1955968052,,,,,,,5.776210167187228e+18,,1,0,,2024-03-30T01:54:26+00:00,,,,[],
sendersmsspamemail,https://t.me/sendersmsspamemail,807,2024-03-30 01:54:23,"#WTS
Mailjet SMTP
List limit below
DM @Ipboyz",False,False,False,False,True,False,False,True,False,False,1955968052,,,,,,,4.90483597513023e+18,,2,0,,2024-03-30T01:54:26+00:00,,,,[],
sendersmsspamemail,https://t.me/sendersmsspamemail,808,2024-03-30 01:54:23,"DM if you need SMS sender. 

Affordable prices 💯 

DM @Ipboyz",False,False,False,False,True,False,False,True,False,False,1955968052,,,,,,,5.769601118756783e+18,,2,0,,2024-03-30T01:54:26+00:00,,,,[],
sendersmsspamemail,https://t.me/sendersmsspamemail,812,2024-03-31 18:02:00,"Office365 Spamming Package

Node Js Mailer with Tutorial

Monthly Offline Attachment Auto Grab Email,Logo,and background 

2x Office365 Admin SMTP With 10K Daily Limit

Hacked RDP With Open Port for Spamming

15K Office365 High Rank Leads

Note ! 

Payment via BTC / USDT / PM 

Send  Message : @Ipboyz",False,False,False,False,True,False,False,True,False,False,1955968052,,,,,,,5.785093765873124e+18,,3,0,"{'_': 'MessageReplies', 'replies': 0, 'replies_pts': 990, 'comments': True, 'recent_repliers': [], 'channel_id': 1857396651, 'max_id': None, 'read_max_id': None}",2024-03-31T18:02:03+00:00,,,,[],
