Channel ID,URL,Post ID,date,message,out,mentioned,media_unread,silent,post,from_scheduled,legacy,edit_hide,pinned,noforwards,peer_channel,from_id_user,fwd_from,via_bot_id,reply_to_msg_id,reply_to_scheduled,forum_topic,media_photo_id,reply_markup,views,forwards,replies,edit_date,post_author,grouped_id,reactions,restriction_reason,ttl_period
topcombo,https://t.me/topcombo,751,2024-01-04 23:00:25,"Config Burgerking fixed 

Site : burgerking.fr
• Capture : Yes ( <PERSON> , point…)
• Captcha : Yes(Bypassed)
• Selenium : No
• Combo : Mail:Pass
• Proxy : Yes ( use only europe proxy )
• CPM : high 
• Bots : 100
• Use : food 
• Creator : @GePirate

Note : Note use only Europe/frensh proxy",False,False,False,False,True,False,False,False,False,False,1594099873,,,,,,,,,1719,28,,,GentleMan Pirate,,,[],
topcombo,https://t.me/topcombo,752,2024-01-04 23:39:18,"#1st_in_telegram

Config Carlo

Site : carloapp.com
• Capture : Yes ( <PERSON> , wallet , card etc…)
• Selenium : No
• Combo : Mail:Pass
• Proxy : Yes
• CPM : high 
• Bots : 100
• Use : Online payment method at merchants (in stores by delivery) or pay for a product by scanning the store's Qr code from the apk
• Creator : @GePirate

Note : Use French Combo for more hit",False,False,False,False,True,False,False,False,False,False,1594099873,,,,,,,,,1103,7,,,GentleMan Pirate,,,[],
topcombo,https://t.me/topcombo,753,2024-01-06 17:31:07,"Config Scheels

Site : Scheels.com
• Capture : Yes 
• Captcha : Yes(Bypassed)
• Selenium : No
• Combo : Mail:Pass
• Proxy : Yes
• CPM : high 
• Bots : 100
• Use : shopping
• Creator : @GePirate",False,False,False,False,True,False,False,False,False,False,1594099873,,,,,,,,,937,7,,,GentleMan Pirate,,,[],
topcombo,https://t.me/topcombo,756,2024-01-07 12:23:32,"Config JetBlue

Site : JetBlue.com
• Capture : Yes
• Captcha : No
• Selenium : No
• Combo : Mail:Pass
• Proxy : Yes
• CPM : high 
• Bots : 100
• Use : View site
• Creator : @GePirate

⚠️Don't try to leech, <NRP> Stay Away

Copy with credit

Copy with credit",False,False,False,False,True,False,False,False,False,False,1594099873,,,,,,,,,1061,14,,2024-01-08T01:28:11+00:00,GentleMan Pirate,,,[],
topcombo,https://t.me/topcombo,758,2024-01-07 12:42:09,burgerking new api soon....,False,False,False,False,True,False,False,False,False,False,1594099873,,,,,,,,,1026,1,,,GentleMan Pirate,,,[],
topcombo,https://t.me/topcombo,759,2024-01-07 16:05:54,"Tutorial on how to use openbullet to crack account,check ..... for noob .
to be able to use the files (config) send here

Tuto by @GePirate",False,False,False,False,True,False,False,False,False,False,1594099873,,,,,,,,,1647,25,,2024-01-08T21:12:59+00:00,GentleMan Pirate,,,[],
topcombo,https://t.me/topcombo,760,2024-01-07 18:44:10,"SMTP

Use : For Spamming or mail access

=========================================================================================
[+] SMTP Credentials : smtp.ethereal.email:587:<EMAIL_ADDRESS>:Ux7eYrjv5tPKq5jw9M 
[+] SMTP Host = smtp.ethereal.email 
[+] Port : 587 
[+] Email : <EMAIL_ADDRESS> 
[+] Password : Ux7eYrjv5tPKq5jw9M 
[+] Cracked by @GePirate
=========================================================================================

[+] SMTP Credentials : smtp.sina.com:587:<EMAIL_ADDRESS>:guoqiang2908 
[+] SMTP Host = smtp.sina.com 
[+] Port : 587 
[+] Email : <EMAIL_ADDRESS> 
[+] Password : guoqiang2908 
[+] Cracked by @GePirate
=========================================================================================

[+] SMTP Credentials : smtp.onda.com.br:587:<EMAIL_ADDRESS>:natnic65natnic651 
[+] SMTP Host = smtp.onda.com.br 
[+] Port : 587 
[+] Email : <EMAIL_ADDRESS> 
[+] Password : natnic65natnic651 
[+] Cracked by @GePirate
=========================================================================================",False,False,False,False,True,False,False,False,False,False,1594099873,,,,,,,,,1054,3,,2024-01-08T21:14:00+00:00,GentleMan Pirate,,,[],
topcombo,https://t.me/topcombo,761,2024-01-08 01:29:50,"Netflix config fix by @Gepirate

Site : Netflix.com
• Capture : Yes
• Captcha : No
• Selenium : No
• Combo : Mail:Pass
• Proxy : Yes
• CPM : high 
• Bots : 100",False,False,False,False,True,False,False,False,False,False,1594099873,,,,,,,,,1910,71,,2024-01-08T01:31:06+00:00,GentleMan Pirate,,,[],
topcombo,https://t.me/topcombo,762,2024-01-08 21:00:19,,False,False,False,False,True,False,False,False,False,False,1594099873,,,,,,,,,967,0,,,GentleMan Pirate,,,[],
topcombo,https://t.me/topcombo,763,2024-01-09 15:14:51,"💳 ""<PERSON> bank"" checker is available for rent/sell!

✅ No hit skip!
✅ Full phone number captured!
✅ Captured and Mfa recognized!
<PERSON> No account ban/lock!
✅ No CF ban!
✅ All Securities bypassed!
✅ Works with public proxy(premium better).
✅ and etc...

⚠️ Time Wasters and fake buyers will be Fucked!!!
⛔️ The Value is high, don't msg me with empty pocket!

💲 Price: DM
🔖 Copies: Limited [1/3]

🗂 @CyberBoyCZX",False,False,False,True,True,False,False,False,False,False,1594099873,,,,,,,5.830054222262026e+18,,1095,1,,2024-01-09T17:46:07+00:00,C0mboseller,,,[],
topcombo,https://t.me/topcombo,764,2024-01-09 17:45:18,"1 copy sold
Just 2 copy remaining!!!",False,False,False,False,True,False,False,False,False,False,1594099873,,,,763.0,False,False,,,1054,0,,,𝕮yber 𝕭oy [CZX],,,[],
topcombo,https://t.me/topcombo,765,2024-01-11 21:18:02,"Config  SMTP Ripper\Checker

• Capture : Yes 
• Captcha : No
• Selenium : No
• Combo : Mail:Pass
• Proxy : Yes
• CPM : high 
• Bots : 200
• Use :  Crack SMTP for spamming or ....
• Auto-Save : YES ( file : SMTP_Valid )
• Creator : @GePirate

note: use mail access combo for more hit

⚠️Don't try to leech, <NRP> Stay Away . Copy with Credit",False,False,False,False,True,False,False,False,False,False,1594099873,,,,,,,,,1083,28,,2024-01-11T21:34:27+00:00,GentleMan Pirate,,,[],
topcombo,https://t.me/topcombo,766,2024-01-11 21:23:47,"======SMTP Credidential =====>> USER : <EMAIL_ADDRESS> | PASS : 881005xxx | Host : smtp.sina.com | Port : 587 | SSL/TLS: True | Config by @gepirate 

======SMTP Credidential =====>> USER : <EMAIL_ADDRESS> | PASS : Fusset11 | Host : smtp.stofanet.dk | Port : 587 | SSL/TLS: True | Config by @gepirate

======SMTP Credidential =====>> USER : <EMAIL_ADDRESS> | PASS : zsrdtc | Host : smtp.sina.com | Port : 587 | SSL/TLS: True | Config by @gepirate",False,False,False,False,True,False,False,False,False,False,1594099873,,,,,,,,,1109,6,,,GentleMan Pirate,,,[],
topcombo,https://t.me/topcombo,767,2024-01-14 17:25:40,"Tutti.ch
Jetblue.com (capture points)
Anibis.ch
Available for sale (lifetime and <DATE_TIME>)
@C0mboseller",False,False,False,True,True,False,False,False,False,False,1594099873,,,,,,,,,967,2,,2024-01-14T17:26:05+00:00,C0mboseller,,,[],
topcombo,https://t.me/topcombo,768,2024-01-14 17:50:40,"Config  BurgerKing Spain

• Capture : Yes (phone)
• Captcha : No
• Selenium : No
• Combo : Mail:Pass
• Proxy : Yes ( proxy spain )
• CPM : high 
• Bots : 80
• Use :  food
• Creator : @GePirate

note: use spain combo&proxy for more <PERSON>

⚠️Don't try to leech, <NRP> Stay Away . Copy wit Credit",False,False,False,False,True,False,False,False,False,False,1594099873,,,,,,,,,1065,11,,,GentleMan Pirate,,,[],
topcombo,https://t.me/topcombo,769,2024-01-14 18:56:20,"Config availlable : 
. Bourse Direct ( for cashout) , 
. magasin-u.com (shop) , 
. CarrefourPass ES  
. Amazon mail/num validator  
. DoorDash
. NetFlix Validator mail 
. <PERSON> earthdata.nasa.gov 
. etc..

Dm here for buy : @GePirate

Availlable to make custom Config . Dm here : @GePirate

price for <DATE_TIME> only  : 30$ by config",False,False,False,False,True,False,False,False,False,False,1594099873,,,,,,,,,1127,4,,2024-01-14T22:07:50+00:00,GentleMan Pirate,,,[],
topcombo,https://t.me/topcombo,770,2024-01-15 22:35:10,"Config  Coingecko

• Site : Coingecko.com
•  Capture : Yes (Balance....)
• Captcha : No
• Selenium : No
• Combo : Mail:Pass
• Proxy : Yes 
• CPM : high 
• Bots : 80
• Use :  Cashout
• Creator : @GePirate",False,False,False,False,True,False,False,False,False,False,1594099873,,,,,,,,,1188,9,,,GentleMan Pirate,,,[],
topcombo,https://t.me/topcombo,772,2024-01-19 02:17:02,"Config SFR.fR ( MAIL Login +  Inbox Searcher  )

• Site : SFR.fR
•  Capture : Yes( keyword found…)
• Captcha : No
• Selenium : No
• Combo : Mail:Pass
• Proxy : Yes 
• CPM : high 
• Bots : 60
• Use :  Mail access +
• Creator : @GePirate

⚠️ Copy with Credit",False,False,False,False,True,False,False,False,False,False,1594099873,,,,,,,,,1245,19,,,GentleMan Pirate,,,[],
topcombo,https://t.me/topcombo,773,2024-01-21 11:14:42,"I will Accept Config And Combo Order (Paid) Dm if You need
@C0mboseller",False,False,False,True,True,False,False,False,False,False,1594099873,,,,,,,,,1028,1,,,C0mboseller,,,[],
topcombo,https://t.me/topcombo,774,2024-01-21 11:19:46,25% discount for first payment,False,False,False,True,True,False,False,False,False,False,1594099873,,,,773.0,False,False,,,1015,1,,,C0mboseller,,,[],
topcombo,https://t.me/topcombo,775,2024-01-23 11:56:06,"Config Airbnb


Price : 80$ ( DM here for buy ==> @GePirate )

• Site : Airbnb.com
•  Capture : Yes(Fullz)
• Captcha : No
• Selenium : No
• Combo : Mail:Pass
• Proxy : Yes 
• CPM : high 
• Bots : 60
• Use : hotel , Home reservation (any city) etc…. , view site 
• Creator : @GePirate",False,False,False,False,True,False,False,False,False,False,1594099873,,,,,,,,,1030,2,,,GentleMan Pirate,,,[],
topcombo,https://t.me/topcombo,776,2024-01-23 22:59:46,"please don't contact me if you don't trust me 🙏🙏🚶‍♂️🚶‍♂️ for any purchase or deal 


@GePirate",False,False,False,False,True,False,False,False,False,False,1594099873,,,,,,,,,1025,1,,2024-01-23T23:00:18+00:00,GentleMan Pirate,,,[],
topcombo,https://t.me/topcombo,780,2024-01-25 10:44:35,"Config IPVanish vpn Fix

• Site :IPVanish.com
•  Capture : Yes( Yes )
• Captcha : No
• Selenium : No
• Combo : Mail:Pass
• Proxy : Yes 
• CPM : high 
• Bots : 60
• Use :  Vpn
• Creator : @GePirate",False,False,False,False,True,False,False,False,False,False,1594099873,,,,,,,,,1098,20,,2024-01-25T10:46:09+00:00,GentleMan Pirate,,,[],
topcombo,https://t.me/topcombo,781,2024-01-26 11:43:32,120k NO🇳🇴 COMBO by @C0mboseller,False,False,False,True,True,False,False,False,False,False,1594099873,,,,,,,,,1014,15,,,C0mboseller,,,[],
topcombo,https://t.me/topcombo,782,2024-01-26 11:50:52,100k UK(GB)🇬🇧 COMBO by @C0mboseller,False,False,False,True,True,False,False,False,False,False,1594099873,,,,,,,,,1063,17,,,C0mboseller,,,[],
topcombo,https://t.me/topcombo,783,2024-01-26 11:53:05,"<PERSON> Backed to work🫡...
DM If you have config and combo order...",False,False,False,True,True,False,False,False,False,False,1594099873,,,,,,,,,1035,0,,,C0mboseller,,,[],
topcombo,https://t.me/topcombo,784,2024-01-27 05:06:12,"Anibis.ch
Advertise.ie
Tutti.ch
Bikeflip.com
2ememain.be
Fanduel.com
Jetblue.com(Full cap)
Checkers(config) are available for sale
@C0mboseller",False,False,False,True,True,False,False,False,False,False,1594099873,,,,,,,,,1025,1,,2024-01-27T05:14:06+00:00,C0mboseller,,,[],
topcombo,https://t.me/topcombo,786,2024-01-27 05:11:30,Leboncoin.fr checker?😏,False,False,False,True,True,False,False,False,False,False,1594099873,,,,,,,,,994,0,,,C0mboseller,,,[],
topcombo,https://t.me/topcombo,787,2024-01-27 13:29:31,"Config spark.co.nz ( Shopping )

Price : 80$ ( DM here for buy ==> @GePirate )

• Site : spark.co.nz
•  Capture : Yes (
• Captcha : No
• Selenium : No
• Combo : Mail:Pass
• Proxy : Yes 
• CPM : high 
• Bots : 80
• Use : Shopping
• Creator : @GePirate",False,False,False,False,True,False,False,False,False,False,1594099873,,,,,,,5.019628339144535e+18,,1081,1,,,GentleMan Pirate,,,[],
topcombo,https://t.me/topcombo,788,2024-01-28 12:32:18,"How to dump combolist course is available
You will learn how to make combo in <DATE_TIME>...
Advanced and private methods❤️😁
For buy : @C0mboseller",False,False,False,True,True,False,False,False,False,False,1594099873,,,,,,,,,1056,0,,,C0mboseller,,,[],
topcombo,https://t.me/topcombo,789,2024-01-31 23:57:22,"Config Windscribe Vpn

• Site : Windscribe.com
•  Capture : Yes
• Captcha : No
• Selenium : No
• Combo : USER:Pass
• Proxy : Yes 
• CPM : high 
• Bots : 100
• Use :  Vpn
• Creator : @GePirate",False,False,False,False,True,False,False,False,False,False,1594099873,,,,,,,,,990,26,,,GentleMan Pirate,,,[],
topcombo,https://t.me/topcombo,791,2024-02-01 21:15:29,"Config Twitter 

Site : Twitter.com
• Capture : Yes 
• Selenium : No
• Combo : Mail:Pass
• Proxy : Yes 
• CPM : high 
• Bots : 80
• Use : Social media 
• Creator : @GePirate",False,False,False,False,True,False,False,False,False,False,1594099873,,,,,,,,,988,12,,,GentleMan Pirate,,,[],
topcombo,https://t.me/topcombo,792,2024-02-01 21:16:39,"Config Twitter valid mail

Site : Twitter.com
• Capture : no need 
• Selenium : No
• Combo : Mail:Pass
• Proxy : Yes
• CPM : high 
• Bots : 80
• Use : spam or other 
• Auto-Save : Yes 
• Creator : @GePirate",False,False,False,False,True,False,False,False,False,False,1594099873,,,,,,,,,1034,7,,,GentleMan Pirate,,,[],
topcombo,https://t.me/topcombo,793,2024-02-09 13:34:29,"I will accept 2 students for my dumping course advanced methods not published in YouTube + old methods with realy working ways
Only today 250$
@C0mboseller😉
And config making course for 300$
Dm if you can pay",False,False,False,True,True,False,False,False,False,False,1594099873,,,,,,,,,715,0,,,C0mboseller,,,[],
topcombo,https://t.me/topcombo,794,2024-02-09 22:22:37,"💢 Config Microsoft + Xbox Update 

Site : Microsoft.com

• Capture : Yes ( All fullz, cc ..)
• Selenium : No
• Combo : Mail:Pass
• Proxy : Yes 
• CPM : high 
• Bots : 60
• Use : Microsoft account, Get Rdp, Get Xbox etc….

•  Creator : @GePirate

Follow me",False,False,False,False,True,False,False,False,False,False,1594099873,,,,,,,,,786,28,,2024-02-09T22:26:13+00:00,GentleMan Pirate,,,[],
topcombo,https://t.me/topcombo,795,2024-02-10 00:21:04,"💢 Config Malwarebytes

Site : Malwarebytes.com

• Capture : Yes
• Selenium : No
• Combo : Mail:Pass
• Proxy : Yes 
• CPM : high 
• Bots : 100
• Use : Antivirus 

•By : @GePirate",False,False,False,False,True,False,False,False,False,False,1594099873,,,,,,,,,814,16,,,GentleMan Pirate,,,[],
topcombo,https://t.me/topcombo,796,2024-02-11 19:53:43,"💢 Config Bloomingdale’s 

Site : Bloomingdales.com

• Capture : Yes  ( <PERSON> )
• Selenium : No
• Combo : Mail:Pass
• Proxy : Yes 
• CPM : high 
• Bots : 100
• Use : Shopping

Creator : @GePirate

Follow me",False,False,False,False,True,False,False,False,False,False,1594099873,,,,,,,,,801,4,,2024-02-11T19:56:28+00:00,GentleMan Pirate,1.3661449790486824e+16,,[],
topcombo,https://t.me/topcombo,797,2024-02-11 19:53:43,"#1st_in_telegram

💢 Config Voicify.ai 

Site : Voicify.ai 

• Capture : Yes  (<PERSON> , plan …. )
• Selenium : No
• Combo : Mail:Pass
• Proxy : Yes 
• CPM : high 
• Bots : 100
• Use : Voice Ai,other …..

 Creator:  @GePirate

Follow me",False,False,False,False,True,False,False,False,False,False,1594099873,,,,,,,,,946,7,,,GentleMan Pirate,1.3661449790486824e+16,,[],
topcombo,https://t.me/topcombo,798,2024-02-15 00:11:32,"I will send three random configurations of your requests into the channel for free
For request: <PERSON>

Note:
I will make only 3 tandom configs, so if i didn't post your request dont fuck my pv.

You can't ask what other admins are selling

I will not check requests out of this format:
URL
VALID ACCOUNT",False,False,False,True,True,False,False,False,False,False,1594099873,,,,,,,,,762,1,,,C0mboseller,,,[],
topcombo,https://t.me/topcombo,800,2024-02-16 22:02:20,"Available combos: 
Italy
Usa
Pe
Ar
Ch

Price until 24h 40$ per 100k",False,False,False,True,True,False,False,False,False,False,1594099873,,,,,,,,,736,0,,,C0mboseller,,,[],
topcombo,https://t.me/topcombo,801,2024-02-18 15:36:09,"i will accept config orders.👍🏽
@c0mboseller",False,False,False,True,True,False,False,False,False,False,1594099873,,,,,,,,,665,0,,2024-02-18T15:36:26+00:00,C0mboseller,,,[],
topcombo,https://t.me/topcombo,802,2024-02-18 16:40:50,"available configs:
Tutti.ch
adverts.ie
jetblue.com
meijer.com
paxful.com

@C0mboseller",False,False,False,True,True,False,False,False,False,False,1594099873,,,,,,,,,691,2,,,C0mboseller,,,[],
topcombo,https://t.me/topcombo,803,2024-02-19 11:32:19,"depop.com config is available for sell
@c0mboseller",False,False,False,True,True,False,False,False,False,False,1594099873,,,,,,,,,658,0,,,C0mboseller,,,[],
topcombo,https://t.me/topcombo,804,2024-02-26 17:29:34,"Config Randstad USA

• Capture : No
• Captcha : No
• Selenium : No
• Combo : Mail:Pass
• Proxy : Yes
• CPM : high 
• Bots : 80
• Use :  Job search 
• Creator : @GePirate",False,False,False,False,True,False,False,False,False,False,1594099873,,,,,,,,,381,1,,,GentleMan Pirate,,,[],
topcombo,https://t.me/topcombo,805,2024-02-26 21:19:59,"Good <DATE_TIME> everyone,

I created a new channel where I share <DATE_TIME> private setup that I create (big companies like Airbnb,Yahoo….., All paid config from me and Anything I could create).

The price is $<DATE_TIME> ( contact @GePirate )

This group will benefit you and help you reduce your expenses by avoiding purchasing setups every time.
I reduced the price as much as possible so that a large number of people could access it.


The number of places is limited max 15 people

Contact : @GePirate for join Channel",False,False,False,False,True,False,False,False,False,False,1594099873,,,,,,,5.109745484683128e+18,,352,1,,,GentleMan Pirate,1.3671859192687576e+16,,[],
topcombo,https://t.me/topcombo,806,2024-02-26 21:19:59,,False,False,False,False,True,False,False,False,False,False,1594099873,,,,,,,5.109745484683128e+18,,358,1,,,GentleMan Pirate,1.3671859192687576e+16,,[],
topcombo,https://t.me/topcombo,808,2024-02-27 21:05:08,"Config bbw dating 

• Capture : Yes ( <PERSON> )
• Captcha : No
• Selenium : No
• Combo : Mail:Pass
• Proxy : Yes
• CPM : high 
• Bots : 100
• Use : Dating
• Creator : @GePirate

Dm me @GePirate for join my private channel ( Daily private config - Combo )",False,False,False,False,True,False,False,False,False,False,1594099873,,,,,,,,,301,3,,,GentleMan Pirate,,,[],
topcombo,https://t.me/topcombo,810,2024-02-28 09:49:17,"Which country combo you need?
Which config you need?

I will send 3 random post from your requests in channel 

NOTE: if you have private order and you will pay please mention so i will not send it in channel 

@C0mboseller",False,False,False,True,True,False,False,False,False,False,1594099873,,,,,,,,,237,1,,,C0mboseller,,,[],
topcombo,https://t.me/topcombo,815,2024-03-08 20:27:32,"Config Amazon VM/VN 
• Capture : ( no need )
• Selenium : No
• Combo : Mail(or Mail:Pass) | Num
• Proxy : Yes 
• CPM : high 
• Bots : 60
• Use : get lead
• Auto-Save : Yes

•Creator : @Gepirate",False,False,False,False,True,False,False,False,False,False,1594099873,,,,,,,,,61,4,,2024-03-08T20:27:40+00:00,GentleMan Pirate,,,[],
topcombo,https://t.me/topcombo,817,2024-03-14 22:09:32,"Config Deriv.com

• Site : Deriv.com
• Capture : no
• Selenium : No
• Combo : Mail:Pass
• Proxy : Yes ( UHQ - HQ )
• CPM : high 
• Bots : 80
• Use : Trading 

•Creator : @Gepirate",False,False,False,False,True,False,False,False,False,False,1594099873,,,,,,,,,25,0,,,GentleMan Pirate,,,[],
topcombo,https://t.me/topcombo,819,2024-03-18 23:15:38,"i will accept any type of config, checker, combo order
@c0mboseller",False,False,False,True,True,False,False,False,False,False,1594099873,,,,,,,,,32,0,,,C0mboseller,,,[],
topcombo,https://t.me/topcombo,821,2024-03-19 14:36:16,"Config Wonderbox

• Site : Wonderbox.fr 
• Capture : Yes
• Selenium : No
• Combo : Mail:Pass
• Proxy : Yes 
• CPM : high 
• Bots : 80
• Use : Shopping, travel 

•Creator : @Gepirate",False,False,False,False,True,False,False,False,False,False,1594099873,,,,,,,,,39,3,,,GentleMan Pirate,,,[],
topcombo,https://t.me/topcombo,823,2024-03-23 23:20:55,"Dm with your combo and config orders
@C0mboseller",False,False,False,True,True,False,False,False,False,False,1594099873,,,,,,,,,52,0,,,C0mboseller,,,[],
topcombo,https://t.me/topcombo,824,2024-03-23 23:36:15,"Need dork searcher?

Dm with search engines you want and your price offer for life time use

@C0mboseller",False,False,False,True,True,False,False,False,False,False,1594099873,,,,,,,,,41,0,,2024-03-23T23:37:07+00:00,C0mboseller,,,[],
topcombo,https://t.me/topcombo,825,2024-03-23 23:43:03,"If you have sites like tutti.ch and you need config for that let me know i will create a package from 5 config like that for cheap price

@C0mboseller",False,False,False,True,True,False,False,False,False,False,1594099873,,,,,,,,,26,1,,,C0mboseller,,,[],
topcombo,https://t.me/topcombo,827,2024-03-30 23:43:58,"any one intrested paramount+ log?
@C0mboseller",False,False,False,True,True,False,False,False,False,False,1594099873,,,,,,,,,35,0,,,C0mboseller,,,[],
topcombo,https://t.me/topcombo,828,2024-03-30 23:55:23,"🔥 Site :  Paramountplus.com

🤫 Capture : YES
© Combo : MAIL:PASS
• Captcha : NO
• Proxy : YES 
• CPM : HIGH
• Bots : 50
• Use : Streaming
• Creator : <PERSON>

➖➖➖➖➖➖🔻
⚡️ JOIN @TOPCOMBO⚡️
💎 PM @C0MBOSELLER #CONFIG <NRP>
! The posts are to promote the security of users and websites; If you are unhappy with a post or it is against the rules, let us know to delete it. !
➖➖➖➖➖➖🔻",False,False,False,True,True,False,False,False,False,False,1594099873,,,,,,,,,24,0,,,C0mboseller,,,[],
topcombo,https://t.me/topcombo,830,2024-04-02 22:00:51,,False,False,False,False,True,False,False,False,False,False,1594099873,,,,,,,5.215472083268656e+18,,12,0,,,kind Sentinel,,,[],
topcombo,https://t.me/topcombo,831,2024-04-02 22:01:17,"Fresh Mail access hit😍



cracked BY @SpySir
⚡️ JOIN @TOPCOMBO⚡️",False,False,False,False,True,False,False,False,False,False,1594099873,,,,,,,,,8,0,,2024-04-02T22:02:16+00:00,kind Sentinel,,,[],
