id,Channel ID,URL,message,date,views,forwards,reactions
158,albin_mods,https://t.me/albin_mods,"<NRP> New Release

❖ Image compresor | Playstore

» Base Version : 9.7.4
» Release date : 25 jan
» v7a
» Size app : 25.5MB

❖ Feature Moded

➥ Premium Unlocked
➥ Remove ads
➥ and other

Enjoy Your moded😎👍

Moded by @albin_mods
Join @albin_mods_cm",2024-01-25T10:04:06+00:00,2109.0,3.0,"👍: 5, 🔥: 2"
2095,albin_mods,https://t.me/albin_mods,"okay, you're welcome",2024-01-25T11:54:04+00:00,,,
2094,albin_mods,https://t.me/albin_mods,oke <PERSON>,2024-01-25T11:54:03+00:00,,,
2092,albin_mods,https://t.me/albin_mods,"Ah, it's released... thank you bro...",2024-01-25T11:44:49+00:00,,,
2091,albin_mods,https://t.me/albin_mods,"<PERSON>.., <PERSON>",2024-01-25T11:44:48+00:00,,,
2070,albin_mods,https://t.me/albin_mods,in,2024-01-25T11:09:42+00:00,,,
2069,albin_mods,https://t.me/albin_mods,amin,2024-01-25T11:09:41+00:00,,,
2066,albin_mods,https://t.me/albin_mods,"Thank you <PERSON>...🙏
Always Success...👍😁",2024-01-25T10:58:43+00:00,,,
2065,albin_mods,https://t.me/albin_mods,"Terima kasih <PERSON>...🙏
Sukses Selalu...👍😁",2024-01-25T10:58:42+00:00,,,
