id,Channel ID,URL,message,date,views,forwards,reactions
120,albin_mods,https://t.me/albin_mods,"💠 New Update

❖ Truecaller Premium, Gold, Amoled

» Base Version : 13.47.9
» Release date : 4 jan
» v7a & v8a
» Size app : 58.6MB

❖ Feature Moded

➥ Premium Unlocked
➥ Remove ads
➥ Contact profile GOLD
➥ subscription GOLD
➥ unlimited expire time
➥ remove promotion banner
➥ add font default
➥ and other

Enjoy Your moded😎👍

Moded by @albin_mods",2024-01-04T08:03:53+00:00,1315.0,1.0,"🔥: 3, 👍: 2"
1434,albin_mods,https://t.me/albin_mods,yeah,2024-01-04T09:54:43+00:00,,,
1433,albin_mods,https://t.me/albin_mods,Android 13 support,2024-01-04T08:41:38+00:00,,,
1432,albin_mods,https://t.me/albin_mods,support bro,2024-01-04T08:41:16+00:00,,,
1429,albin_mods,https://t.me/albin_mods,Is it support Google drive backup working or not brother,2024-01-04T08:30:05+00:00,,,
