id,Channel ID,URL,message,date,views,forwards,reactions
168,albin_mods,https://t.me/albin_mods,"⭐up coming update

I have added the picsart v24.2 apk feature, and this feature is very working, the release will be soon<PERSON>",2024-01-31T06:23:09+00:00,2047.0,1.0,"👍: 3, 🔥: 2"
2438,albin_mods,https://t.me/albin_mods,mobile only,2024-02-02T18:28:03+00:00,,,
2436,albin_mods,https://t.me/albin_mods,do you do with on mobile or pc,2024-02-02T18:27:22+00:00,,,
2430,albin_mods,https://t.me/albin_mods,using java code bro👍,2024-02-02T18:24:08+00:00,,,
2427,albin_mods,https://t.me/albin_mods,how do you make mods?,2024-02-02T18:18:40+00:00,,,
2353,albin_mods,https://t.me/albin_mods,Really its emergency,2024-01-31T09:29:51+00:00,,,
2336,albin_mods,https://t.me/albin_mods,oke,2024-01-31T08:32:08+00:00,,,
2335,albin_mods,https://t.me/albin_mods,Please mode noise eraser app,2024-01-31T07:48:15+00:00,,,
2332,albin_mods,https://t.me/albin_mods,later,2024-01-31T06:23:53+00:00,,,
2331,albin_mods,https://t.me/albin_mods,nanti,2024-01-31T06:23:52+00:00,,,
2330,albin_mods,https://t.me/albin_mods,<PERSON>?,2024-01-31T06:23:25+00:00,,,
2329,albin_mods,https://t.me/albin_mods,<PERSON> ?,2024-01-31T06:23:24+00:00,,,
