id,Channel ID,URL,message,date,views,forwards,reactions
134,albin_mods,https://t.me/albin_mods,"<NRP> New Release

❖ Snaptik Premium

» Base Version : 1.2.0
» Release date : 12 jan
» v7a & v8a
» Size app : 42.3MB

❖ <PERSON> Premium Unlocked
➥ Download Video HD
➥ Remove ads
➥ Remove promotion PRO
➥ Add font default
➥ And Other

Enjoy Your moded😎👍

Moded by @albin_mods
Join @albin_mods_cm",2024-01-12T02:06:22+00:00,1540.0,1.0,"👍: 3, 🔥: 2"
1742,albin_mods,https://t.me/albin_mods,"https://t.me/albin_mods/116

use this bro👍",2024-01-14T13:24:25+00:00,,,👍: 2
1739,albin_mods,https://t.me/albin_mods,Not working 😕,2024-01-14T12:49:46+00:00,,,
1680,albin_mods,https://t.me/albin_mods,Enjoy👍,2024-01-12T02:06:47+00:00,,,
