id,Channel ID,URL,message,date,views,forwards,reactions
174,albin_mods,https://t.me/albin_mods,"<NRP> New Updated

❖ <PERSON> | Playstore

» Base Version : 3.24.0
» Release date : 4 feb
» v7a & v8a
» Size app : 103.8MB 

❖ Feature Moded

➥ Premium Unlocked
➥ Remove ads
➥ Unlimited expired time
➥ add font default
➥ and other

 pls login via facebook or email🙏

Moded by @albin_mods
Join @albin_mods_cm",2024-02-04T14:51:44+00:00,1959.0,8.0,"👍: 4, 🔥: 1"
4524,albin_mods,https://t.me/albin_mods,Ok waiting,2024-03-12T15:24:25+00:00,,,
4521,albin_mods,https://t.me/albin_mods,yeah last version bro,2024-03-12T15:24:08+00:00,,,
4517,albin_mods,https://t.me/albin_mods,vs. 24.5?,2024-03-12T15:23:01+00:00,,,
4516,albin_mods,https://t.me/albin_mods,<PERSON>?,2024-03-12T15:23:00+00:00,,,
4514,albin_mods,https://t.me/albin_mods,coming bro,2024-03-12T15:22:49+00:00,,,
4513,albin_mods,https://t.me/albin_mods,Update?,2024-03-12T15:22:33+00:00,,,
2953,albin_mods,https://t.me/albin_mods,using email or fb bro,2024-02-07T00:29:45+00:00,,,
2952,albin_mods,https://t.me/albin_mods,How to login,2024-02-07T00:19:37+00:00,,,
