id,Channel ID,URL,message,date,views,forwards,reactions
194,albin_mods,https://t.me/albin_mods,"Halo all, Youtube Vanced Has been Updated..

• Bases Updated in <DATE_TIME>

I've added the feature?

⇒ system update
This feature is especially useful when there are updates available.

⇒ More feature
- add menu donation
- fixed control swipe not found
- fixed more menu option
- add app recomended 7+
- Now feature option in 
YouTube Vanced Setting > in here
- fixed scroll in home
- and some feature fixed

just waiting for release this app😂<NRP>",2024-02-18T16:24:18+00:00,1409.0,2.0,"👍: 7, 🔥: 2, 🥰: 1"
3439,albin_mods,https://t.me/albin_mods,alight motion?,2024-02-19T00:40:37+00:00,,,
3433,albin_mods,https://t.me/albin_mods,next version bro.. just wait,2024-02-18T16:42:44+00:00,,,
3430,albin_mods,https://t.me/albin_mods,Update not show,2024-02-18T16:36:03+00:00,,,
3429,albin_mods,https://t.me/albin_mods,how to update brother,2024-02-18T16:34:18+00:00,,,
3428,albin_mods,https://t.me/albin_mods,Update <PERSON> bhai,2024-02-18T16:34:17+00:00,,,
3426,albin_mods,https://t.me/albin_mods,Wow,2024-02-18T16:25:05+00:00,,,👍: 1
