id,Channel ID,URL,message,date,views,forwards,reactions
183,albin_mods,https://t.me/albin_mods,"<NRP> : I apologize to everyone, I'm currently sick🤧, so I rarely upload it🙃.

indo : sory wee jarang up, <PERSON> badan💀, <PERSON> up ya🗿",2024-02-12T07:17:59+00:00,1436.0,,"👍: 7, 🙏: 1"
3264,albin_mods,https://t.me/albin_mods,GWS Bro🙌,2024-02-12T12:08:59+00:00,,,
3258,albin_mods,https://t.me/albin_mods,thank you bro,2024-02-12T10:13:48+00:00,,,
3251,albin_mods,https://t.me/albin_mods,Wish you good health and fast recovery,2024-02-12T09:00:13+00:00,,,
