id,Channel ID,URL,message,date,views,forwards,reactions
182,albin_mods,https://t.me/albin_mods,"<NRP> New Update

❖ SnapEdit | Playstore

» Base Version : 5.6.4
» Release date : 9 feb
» Universal
» Size app : 36.4MB

❖ Feature Moded

» Premium Unlocked
» Remove ads
» Unlimited AI
» Super eraser AI
» Best Quality
» Premium Unlocked
» Disable ads tracker
» and other

Enjoy Your moded😎👍

Moded by @albin_mods
join @albin_mods_cm",2024-02-09T06:30:49+00:00,1874.0,5.0,"👍: 2, 🔥: 2"
3231,albin_mods,https://t.me/albin_mods,"https://t.me/albin_mods/155

I'm using that apk",2024-02-11T22:05:01+00:00,,,👍: 1
3230,albin_mods,https://t.me/albin_mods,"https://t.me/albin_mods/155

<PERSON>",2024-02-11T22:05:00+00:00,,,
3211,albin_mods,https://t.me/albin_mods,"Here, there are not just <NRP>, just outsiders. There's also a reason to put it like that so you understand",2024-02-11T13:05:49+00:00,,,
3210,albin_mods,https://t.me/albin_mods,<PERSON> orang indo aje orang luar. <PERSON> makanya <PERSON>,2024-02-11T13:05:48+00:00,,,
3209,albin_mods,https://t.me/albin_mods,<PERSON> we,2024-02-11T13:05:42+00:00,,,
3207,albin_mods,https://t.me/albin_mods,"it bothers you, doesn't it?",2024-02-11T13:03:09+00:00,,,
3206,albin_mods,https://t.me/albin_mods,<PERSON>,2024-02-11T13:03:08+00:00,,,
3205,albin_mods,https://t.me/albin_mods,That's a boat sir 🤣,2024-02-11T13:01:26+00:00,,,
3204,albin_mods,https://t.me/albin_mods,<PERSON> bot <PERSON> 🤣,2024-02-11T13:01:25+00:00,,,
3203,albin_mods,https://t.me/albin_mods,why do you translate my language,2024-02-11T12:27:06+00:00,,,
3202,albin_mods,https://t.me/albin_mods,"Sis, I want to ask what apk can reduce the video without destroying the quality",2024-02-11T12:24:56+00:00,,,
3201,albin_mods,https://t.me/albin_mods,<PERSON> video tanpa merusak kualias apa,2024-02-11T12:24:55+00:00,,,
3181,albin_mods,https://t.me/albin_mods,<PERSON>,2024-02-10T12:24:52+00:00,,,
3179,albin_mods,https://t.me/albin_mods,"gak usah, <PERSON> dulu, <PERSON>, kalau gak <PERSON>.",2024-02-10T12:24:35+00:00,,,
3177,albin_mods,https://t.me/albin_mods,tele ori ny <PERSON> hapus juga kan,2024-02-10T12:21:44+00:00,,,
3175,albin_mods,https://t.me/albin_mods,<PERSON>,2024-02-10T12:19:45+00:00,,,
3173,albin_mods,https://t.me/albin_mods,<PERSON> save foto/vid timer gabisa bg?,2024-02-10T12:18:55+00:00,,,
3170,albin_mods,https://t.me/albin_mods,"adanya yg BGram <PERSON>, <PERSON> anti delete di Pace_id",2024-02-10T11:21:19+00:00,,,
3168,albin_mods,https://t.me/albin_mods,bagi link <PERSON> co,2024-02-10T11:00:07+00:00,,,
3156,albin_mods,https://t.me/albin_mods,ada,2024-02-10T07:03:20+00:00,,,
3144,albin_mods,https://t.me/albin_mods,<PERSON> fb apk mod ada yg share telegram mod gatau <PERSON>,2024-02-09T11:11:27+00:00,,,
3127,albin_mods,https://t.me/albin_mods,<PERSON> wee😂,2024-02-09T10:17:22+00:00,,,
3125,albin_mods,https://t.me/albin_mods,<PERSON> gak nongol🤣,2024-02-09T10:15:49+00:00,,,
3121,albin_mods,https://t.me/albin_mods,<PERSON>,2024-02-09T10:13:01+00:00,,,
3117,albin_mods,https://t.me/albin_mods,bg telegram <PERSON> save foto/vid timer,2024-02-09T09:26:32+00:00,,,
