id,Channel ID,URL,message,date,views,forwards,reactions
154,albin_mods,https://t.me/albin_mods,"<NRP> New Update

❖ Pawxy | Playstore

» Base Version : 1.8.3
» Release date : 23 jan
» v7a & v8a
» Size app : 19.6MB

❖ Feature Moded

➥ Premium Unlocked
➥ Remove ads
➥ All VPN Unclocked
➥ add font default
➥ Add-Free
➥ and other

Enjoy your search browser and use  Free VPN

Enjoy Your moded😎👍

Moded by @albin_mods
Join @albin_mods_cm",2024-01-23T13:44:53+00:00,1800.0,1.0,"👍: 3, 🔥: 1"
2014,albin_mods,https://t.me/albin_mods,just try it bro,2024-01-23T13:53:46+00:00,,,
2013,albin_mods,https://t.me/albin_mods,<PERSON> bro,2024-01-23T13:53:45+00:00,,,
2012,albin_mods,https://t.me/albin_mods,What's its function?,2024-01-23T13:49:40+00:00,,,
2011,albin_mods,https://t.me/albin_mods,Fungsinya buat apa bng,2024-01-23T13:49:39+00:00,,,
2010,albin_mods,https://t.me/albin_mods,Enjoy😎👍,2024-01-23T13:45:31+00:00,,,
