id,Channel ID,URL,message,date,views,forwards,reactions
173,albin_mods,https://t.me/albin_mods,"<NRP> New Release

❖ Web to PDF | Playstore

» Version : <DATE_TIME>
» Released : 3 feb
» Universal
» Size app : 26.6MB

❖ Feature Moded

➥ Add-free
➥ Remove ads
➥ Remove 3 options
➥ add menu options
➥ and Others

Enjoy Your moded😎👍

Moded by @albin_mods
join @albin_mods_cm",2024-02-03T10:24:32+00:00,1809.0,2.0,"🔥: 3, 🥰: 2, 👍: 1"
2737,albin_mods,https://t.me/albin_mods,"Another one bites the dust...!
Banned Unknown.
Reason:
dont promotion",2024-02-04T06:41:58+00:00,,,
2735,albin_mods,https://t.me/albin_mods,THANKSSS  THE BEST MODEE,2024-02-04T05:42:50+00:00,,,
2720,albin_mods,https://t.me/albin_mods,<NRP> suhuuu @bang_albin02,2024-02-03T23:11:13+00:00,,,
2677,albin_mods,https://t.me/albin_mods,Thanks man <PERSON>,2024-02-03T11:21:41+00:00,,,❤: 2
2649,albin_mods,https://t.me/albin_mods,enjoy😎👍,2024-02-03T10:25:35+00:00,,,
