id,Channel ID,URL,message,date,views,forwards,reactions
201,albin_mods,https://t.me/albin_mods,"<NRP> New Update

◈ TagYou | Playstore

• Version : 2.5.7
• Released : 24 feb
• Universal
• Size app : 12.7MB

◈ Feature Moded

➥ Premium Unlocked
➥ Remove ads
➥ unlocked get key
➥ acces 200+ blacklink
➥ Disable ads popup
➥ and more

Enjoy Your moded😎👍

╭ 𝘾𝙝𝙖𝙣𝙣𝙚𝙡 @albin_mods
╰ 𝙂𝙧𝙤𝙪𝙥 @albin_mods_cm",2024-02-23T23:33:30+00:00,1406.0,3.0,"🔥: 3, 👍: 1, 👏: 1"
3698,albin_mods,https://t.me/albin_mods,Side bre,2024-02-25T11:04:51+00:00,,,
3697,albin_mods,https://t.me/albin_mods,"Make it premium, bro",2024-02-25T10:54:38+00:00,,,
3696,albin_mods,https://t.me/albin_mods,Buatin omi premium kak,2024-02-25T10:54:38+00:00,,,
3671,albin_mods,https://t.me/albin_mods,Looksmaxx ai,2024-02-24T19:09:55+00:00,,,
3646,albin_mods,https://t.me/albin_mods,can't do it bro server side..,2024-02-23T23:37:42+00:00,,,
3645,albin_mods,https://t.me/albin_mods,gk bisa bro server side..,2024-02-23T23:37:41+00:00,,,
3644,albin_mods,https://t.me/albin_mods,<PERSON>,2024-02-23T23:33:55+00:00,,,
