id,Channel ID,URL,message,date,views,forwards,reactions
126,albin_mods,https://t.me/albin_mods,"💠 New Update

❖ YouTube <PERSON>

» Base Version : <DATE_TIME>
» Release date : 9 jan
» v7a & v8a
» Size app : 80.7MB

❖ Feature Moded

➥ click here

give a 🤩 expression when the feature works on your device :)

Enjoy Your moded😎👍

Moded by @albin_mods
Join @albin_mods_cm",2024-01-08T18:17:10+00:00,1389.0,11.0,"🔥: 3, 🤩: 2, 👍: 1, 🥰: 1"
1704,albin_mods,https://t.me/albin_mods,nice,2024-01-12T18:20:50+00:00,,,
1699,albin_mods,https://t.me/albin_mods,<PERSON>,2024-01-12T15:05:51+00:00,,,
1698,albin_mods,https://t.me/albin_mods,"""Try to make mods, don't just know spam begging""",2024-01-12T15:04:52+00:00,,,
1656,albin_mods,https://t.me/albin_mods,Hm,2024-01-11T08:42:12+00:00,,,
1655,albin_mods,https://t.me/albin_mods,use android 8+ bro,2024-01-11T08:41:39+00:00,,,
1654,albin_mods,https://t.me/albin_mods,"yes, these for Android 8 and up!",2024-01-11T07:35:12+00:00,,,
1653,albin_mods,https://t.me/albin_mods,It's not working on Android 7,2024-01-11T07:25:03+00:00,,,
1588,albin_mods,https://t.me/albin_mods,"After reinstalling the previous version, everything started working fine as before",2024-01-09T04:35:32+00:00,,,
1587,albin_mods,https://t.me/albin_mods,"It solves the problems, I have given two screenshots above.",2024-01-09T04:34:16+00:00,,,
1585,albin_mods,https://t.me/albin_mods,"No bro, that's the problem.",2024-01-09T04:32:49+00:00,,,
1583,albin_mods,https://t.me/albin_mods,your internet bro,2024-01-09T03:14:55+00:00,,,
1582,albin_mods,https://t.me/albin_mods,Is it causing any problems?,2024-01-09T03:07:54+00:00,,,
