id,Channel ID,URL,message,date,views,forwards,reactions
189,albin_mods,https://t.me/albin_mods,"<NRP> New update

❖ Ume Browser | Playstore

» Version : 6.0.25
» Release : 15 feb
» v7a & v8a
» Size app : 18.5MB

❖ <PERSON>

» browser without annoying ads and saves internet

Moded by @albin_mods
join @albin_mods_cm",2024-02-15T09:40:27+00:00,1364.0,2.0,"👍: 4, 🔥: 1"
4956,albin_mods,https://t.me/albin_mods,It turns out there are no add ons for downloading videos on Twitter,2024-03-20T20:11:21+00:00,,,
4955,albin_mods,https://t.me/albin_mods,<PERSON> add ons nya untuk download video di Twitter,2024-03-20T20:11:20+00:00,,,
4943,albin_mods,https://t.me/albin_mods,Can,2024-03-20T15:37:16+00:00,,,
4942,albin_mods,https://t.me/albin_mods,bisa,2024-03-20T15:37:15+00:00,,,
4941,albin_mods,https://t.me/albin_mods,Is it possible to download videos on Twitter,2024-03-20T15:33:43+00:00,,,
4940,albin_mods,https://t.me/albin_mods,<PERSON> download video di Twitter,2024-03-20T15:33:42+00:00,,,
