id,Channel ID,URL,message,date,views,forwards,reactions
198,albin_mods,https://t.me/albin_mods,"<NRP> New Release

❖ Formulia | Playstore

» Version : 7.4.1
» Released : 19 feb
» Universal
» Size app : 17.1MB

❖ Feature Moded

➥ Premium Unlocked
➥ Remove ads
➥ Remove menu options
➥ add font default
➥ and Others

Note 
Remove pairip for stable app✅

Enjoy Your moded😎👍

Moded by @albin_mods
join @albin_mods_cm",2024-02-19T17:20:13+00:00,1507.0,3.0,"🔥: 3, 👍: 1"
3495,albin_mods,https://t.me/albin_mods,,2024-02-19T17:20:42+00:00,,,
3494,albin_mods,https://t.me/albin_mods,enjoy😎👍,2024-02-19T17:20:41+00:00,,,
