id,Channel ID,URL,message,date,views,forwards,reactions
196,albin_mods,https://t.me/albin_mods,"<NRP> New Update

❖ YouTube <PERSON>

» Version : <DATE_TIME>
» Release : 19 feb
» v7a & v8a
» Size app : 80.4MB

❖ <PERSON> Click Here

⇒ Add Menu features

➥ click here

Note : Please Use Vanced MicroG plugin for open app and crash issue

Enjoy Your moded😎👍

Moded by @albin_mods
Join @albin_mods_cm",2024-02-19T08:08:14+00:00,1569.0,20.0,"👍: 9, 🔥: 3, ❤: 1, 🤔: 1"
3492,albin_mods,https://t.me/albin_mods,patience🗿,2024-02-19T14:15:14+00:00,,,
3491,albin_mods,https://t.me/albin_mods,sabar🗿,2024-02-19T14:15:13+00:00,,,
3471,albin_mods,https://t.me/albin_mods,<PERSON> gwe <PERSON> komen di grupp🗿,2024-02-19T11:39:38+00:00,,,
3468,albin_mods,https://t.me/albin_mods,ok,2024-02-19T11:16:38+00:00,,,
3467,albin_mods,https://t.me/albin_mods,delete old and install last👍,2024-02-19T11:05:27+00:00,,,👍: 1
3466,albin_mods,https://t.me/albin_mods,Conflicts with another package,2024-02-19T10:37:19+00:00,,,
3460,albin_mods,https://t.me/albin_mods,I need alight Motion,2024-02-19T08:43:04+00:00,,,
3459,albin_mods,https://t.me/albin_mods,But bro last time it's worked perfectly,2024-02-19T08:41:57+00:00,,,
3458,albin_mods,https://t.me/albin_mods,<PERSON> . typo?,2024-02-19T08:41:39+00:00,,,
3457,albin_mods,https://t.me/albin_mods,Requirements: Android 8.0 and up,2024-02-19T08:41:14+00:00,,,
3456,albin_mods,https://t.me/albin_mods,7,2024-02-19T08:40:20+00:00,,,
3455,albin_mods,https://t.me/albin_mods,your Android version?,2024-02-19T08:39:55+00:00,,,
3454,albin_mods,https://t.me/albin_mods,Bro it's not opening 😞,2024-02-19T08:36:44+00:00,,,
3453,albin_mods,https://t.me/albin_mods,it's in the link here.,2024-02-19T08:22:32+00:00,,,
3452,albin_mods,https://t.me/albin_mods,ada di link sini.,2024-02-19T08:22:32+00:00,,,
3451,albin_mods,https://t.me/albin_mods,MicroG?,2024-02-19T08:21:33+00:00,,,
3450,albin_mods,https://t.me/albin_mods,Where's the application for logging in?,2024-02-19T08:12:32+00:00,,,
3449,albin_mods,https://t.me/albin_mods,<PERSON> mana kak,2024-02-19T08:12:31+00:00,,,
3447,albin_mods,https://t.me/albin_mods,enjoy new feature guys😎👍,2024-02-19T08:08:56+00:00,,,
