id,Channel ID,URL,message,date,views,forwards,reactions
169,albin_mods,https://t.me/albin_mods,"<NRP> New Update

❖ <PERSON> | Playstore

» Version : 24.2
» Released : 31 jan
» v7a & v8a
» Size app : 73.5MB

❖ Feature Moded

➥ Remove banner ads
➥ Premium Unlocked
➥ access Template photo
➥ Subscription gold
➥ Premium subscription
➥ disable ads tracker
➥ and more

Note 
Feature Experimental has been added in menu settings, and to be even more useful when you use it😎👍

Please Login using facebook

enjoy your app😎👍

Moded by @albin_mods
Join @albin_mods_cm",2024-01-31T15:29:43+00:00,1902.0,3.0,"👍: 2, 🔥: 1"
2417,albin_mods,https://t.me/albin_mods,use Thaitool 🌚,2024-02-01T14:04:42+00:00,,,
2416,albin_mods,https://t.me/albin_mods,The language cannot be translated 🤣,2024-02-01T13:47:12+00:00,,,
2415,albin_mods,https://t.me/albin_mods,Bahasa di gak bisa di translate 🤣,2024-02-01T13:47:11+00:00,,,
2414,albin_mods,https://t.me/albin_mods,"oh,, sà-wàt-dee-kráp.. 😂",2024-02-01T10:44:42+00:00,,,
2412,albin_mods,https://t.me/albin_mods,Bukan orang tailand🤣,2024-02-01T10:39:48+00:00,,,
