id,Channel ID,URL,message,date,views,forwards,reactions
161,albin_mods,https://t.me/albin_mods,"<NRP> New Update

❖ <PERSON> Keyboard | Playstore

» Base Version : <IP_ADDRESS>
» Release date : 29 jan
» v7a & v8a
» Size app : 35.1MB

❖ <PERSON> Premium Unlocked
➥ unlock all theme
➥ Remove ads
➥ And Other

Enjoy Your moded😎👍

Moded by @albin_mods
Join @albin_mods_cm",2024-01-29T04:25:00+00:00,1814.0,1.0,"👍: 1, ❤: 1, 🔥: 1"
2311,albin_mods,https://t.me/albin_mods,limit,2024-01-30T09:57:49+00:00,,,
2310,albin_mods,https://t.me/albin_mods,oke,2024-01-30T09:57:48+00:00,,,
2309,albin_mods,https://t.me/albin_mods,That's the only app I was looking for my game statistic,2024-01-30T09:30:59+00:00,,,
2308,albin_mods,https://t.me/albin_mods,Another app bro,2024-01-30T09:12:02+00:00,,,
2293,albin_mods,https://t.me/albin_mods,<PERSON>,2024-01-30T06:03:34+00:00,,,
2292,albin_mods,https://t.me/albin_mods,nop,2024-01-30T06:03:00+00:00,,,
2291,albin_mods,https://t.me/albin_mods,Is it possible to unlock lifetime vip?,2024-01-30T05:52:36+00:00,,,
2246,albin_mods,https://t.me/albin_mods,:),2024-01-29T11:50:27+00:00,,,
2231,albin_mods,https://t.me/albin_mods,😢,2024-01-29T06:31:32+00:00,,,
2216,albin_mods,https://t.me/albin_mods,sorry bro this app flutter,2024-01-29T05:43:32+00:00,,,
2215,albin_mods,https://t.me/albin_mods,oke wait bro,2024-01-29T05:23:31+00:00,,,
2214,albin_mods,https://t.me/albin_mods,"Can you pls make this app ads free

https://play.google.com/store/apps/details?id=com.clashofstats",2024-01-29T05:20:30+00:00,,,
