id,Channel ID,URL,message,date,views,forwards,reactions
215,albin_mods,https://t.me/albin_mods,"<NRP> New Release

❖ Text Scanner

🅿️ Playstore : click here

• Version : 4.5.5
• Release : 1 mar
• arm : Universal
• Size app : 18.2MB

❖ Feature Moded

➥ Premium Unlocked
➥ Remove ads
➥ Disable ads tracker
➥ and Others

Enjoy Your moded😎👍

Moded by @albin_mods
join @albin_mods_cm",2024-03-01T16:43:30+00:00,1413.0,1.0,"👍: 2, ❤: 1, 🔥: 1"
3864,albin_mods,https://t.me/albin_mods,Ok enjoy 😱,2024-03-01T16:44:19+00:00,,,⚡: 2
3863,albin_mods,https://t.me/albin_mods,enjoy👍,2024-03-01T16:43:56+00:00,,,
