id,Channel ID,URL,message,date,views,forwards,reactions
214,albin_mods,https://t.me/albin_mods,"<NRP> New Update

Add-Free⚡

• Webtoon | Play Store
• Version : 3.2.0
• Released : 28 feb
• arm : v7a & v8a
• Size app : 34MB

❖ <PERSON> Remove ads
➥ Disable ads tracker
➥ Daily pass episode
➥ Add expired <DATE_TIME> pass
➥ and others

Note 
coin menu cannot be added because it is server side😷

Enjoy Your moded😎👍

Moded by @albin_mods
Join Group @albin_mods_cm",2024-02-27T17:38:58+00:00,1622.0,5.0,"👍: 5, ❤: 2, 🔥: 1"
4040,albin_mods,https://t.me/albin_mods,Ok,2024-03-03T16:49:10+00:00,,,
4039,albin_mods,https://t.me/albin_mods,using fb or email bro,2024-03-03T16:47:54+00:00,,,
4038,albin_mods,https://t.me/albin_mods,How to login 😞,2024-03-03T16:44:26+00:00,,,
