id,Channel ID,URL,message,date,views,forwards,reactions
207,albin_mods,https://t.me/albin_mods,"<NRP> New Update

❖ Formulia | Playstore

• Version : 7.5.2
• Released : 26 feb
• Universal
• Size app : 10.3MB

❖ Feature Moded

➥ Premium Unlocked
➥ Remove ads
➥ Remove menu options
➥ and Others

Note 
Remove pairip for stable app✅

Enjoy Your moded😎👍

Moded by @albin_mods
join @albin_mods_cm",2024-02-26T08:08:55+00:00,1380.0,,"👍: 3, 🔥: 2"
3753,albin_mods,https://t.me/albin_mods,Hi bro.. how are you🗿,2024-02-26T22:37:18+00:00,,,
3744,albin_mods,https://t.me/albin_mods,Hi <PERSON>,2024-02-26T14:11:20+00:00,,,
3741,albin_mods,https://t.me/albin_mods,😎🤘,2024-02-26T14:09:31+00:00,,,
3735,albin_mods,https://t.me/albin_mods,<PERSON>,2024-02-26T09:15:09+00:00,,,
