id,Channel ID,URL,message,date,views,forwards,reactions
212,albin_mods,https://t.me/albin_mods,"<NRP> New Release

• Name : <PERSON> 3 | Playstore
• Version : 3.6.0
• Released : 27 feb
• arm :  Universal
• Size app : 8.8MB

❖ Feature Moded

➥ Premium Unlocked
➥ Remove ads
➥ Disable ads tracker
➥ and Others

Enjoy Your moded😎👍

Moded by @albin_mods
Join Group @albin_mods_cm",2024-02-27T00:31:47+00:00,1416.0,6.0,👍: 2
3803,albin_mods,https://t.me/albin_mods,"Be patient, the MB is quite big, the arm is arm64-v8a && armeabi-v7a",2024-02-27T15:21:07+00:00,,,
3802,albin_mods,https://t.me/albin_mods,<PERSON> arm nya arm64-v8a && armeabi-v7a,2024-02-27T15:21:06+00:00,,,
3801,albin_mods,https://t.me/albin_mods,"it's okay, I want to edit slowmo, I'm confused about what apk to use, because usually I just use CC, now it's all premm🥲",2024-02-27T15:18:57+00:00,,,
3800,albin_mods,https://t.me/albin_mods,"gapapaa laaa, <PERSON> ngedit <PERSON>, <PERSON> cc doangg, <PERSON> apa serba premm🥲",2024-02-27T15:18:56+00:00,,,
3799,albin_mods,https://t.me/albin_mods,"I haven't uploaded it yet, I'm still confused😂",2024-02-27T15:16:24+00:00,,,
3798,albin_mods,https://t.me/albin_mods,<PERSON> ku upload <PERSON>😂,2024-02-27T15:16:23+00:00,,,
3797,albin_mods,https://t.me/albin_mods,tag me please,2024-02-27T15:15:38+00:00,,,
3796,albin_mods,https://t.me/albin_mods,<PERSON>,2024-02-27T15:15:37+00:00,,,
3795,albin_mods,https://t.me/albin_mods,"That's it, there's just not enough AI to turn it into an anime yet",2024-02-27T15:15:03+00:00,,,
3794,albin_mods,https://t.me/albin_mods,Udah co <PERSON> ai yang ubah <PERSON>,2024-02-27T15:15:02+00:00,,,
3793,albin_mods,https://t.me/albin_mods,"It doesn't happen, I want to capcutt, now Capcut has to be premium if you want to use a template 😩",2024-02-27T15:14:16+00:00,,,
3792,albin_mods,https://t.me/albin_mods,"<PERSON>, <PERSON>, sekarang capcut harus premium <PERSON> template 😩",2024-02-27T15:14:15+00:00,,,
3791,albin_mods,https://t.me/albin_mods,ss in <PERSON>,2024-02-27T15:10:31+00:00,,,
3790,albin_mods,https://t.me/albin_mods,"<PERSON> can't copy the link, the apk can't be copied",2024-02-27T15:09:40+00:00,,,
3789,albin_mods,https://t.me/albin_mods,"<PERSON>, apk nya gabisa di copyy",2024-02-27T15:09:39+00:00,,,
3786,albin_mods,https://t.me/albin_mods,"No... if you want to req, send me the link",2024-02-27T15:03:43+00:00,,,
3785,albin_mods,https://t.me/albin_mods,gak ada.. <PERSON> link ya,2024-02-27T15:03:41+00:00,,,
3784,albin_mods,https://t.me/albin_mods,"Kakk, epic smooth action ada ga",2024-02-27T14:58:21+00:00,,,
3783,albin_mods,https://t.me/albin_mods,"<PERSON>, apk smooth action adaa gaaa",2024-02-27T14:58:20+00:00,,,
3769,albin_mods,https://t.me/albin_mods,enjoy😎👍,2024-02-27T00:32:11+00:00,,,👍: 1
