id,Channel ID,URL,message,date,views,forwards,reactions
224,albin_mods,https://t.me/albin_mods,"<NRP> New Update

🅿️ Playstore : click

• Name : <NRP>
• Version : 1.3
• Released : 5 mar
• arm : v7a
• Size app : 9.8MB

❖ Feature Moded

➥ Premium Unlocked
➥ Remove ads
➥ disable ads tracker
➥ Unlocked all eps
➥ and Others

• how to use login?
register your email account and username.. if you have returned to the login menu.. enter the account you created earlier done.. your created account will automatically become a premium account✅

Enjoy Your moded😎👍

Moded by @albin_mods
Group @albin_mods_cm",2024-03-04T16:53:54+00:00,1557.0,,"👍: 2, 🔥: 1"
4113,albin_mods,https://t.me/albin_mods,Just check your PM to test,2024-03-04T18:29:30+00:00,,,
4112,albin_mods,https://t.me/albin_mods,<PERSON> aje biar test,2024-03-04T18:29:29+00:00,,,
4111,albin_mods,https://t.me/albin_mods,You can test it bro,2024-03-04T18:25:23+00:00,,,
4110,albin_mods,https://t.me/albin_mods,Bisa test aje bre,2024-03-04T18:25:22+00:00,,,
4109,albin_mods,https://t.me/albin_mods,"If you bypass the login, you can't watch anime, try it yourself",2024-03-04T18:22:37+00:00,,,
4108,albin_mods,https://t.me/albin_mods,<PERSON> bypass login gak bisa nonton anime coba ae sendiri,2024-03-04T18:22:36+00:00,,,
4107,albin_mods,https://t.me/albin_mods,Bypass VPN and login yet😂,2024-03-04T17:49:36+00:00,,,
4106,albin_mods,https://t.me/albin_mods,<PERSON>😂,2024-03-04T17:49:35+00:00,,,
4105,albin_mods,https://t.me/albin_mods,enjoy😎👍,2024-03-04T16:54:15+00:00,,,
