id,Channel ID,URL,message,date,views,forwards,reactions
230,albin_mods,https://t.me/albin_mods,"<NRP> New Update

✯ Alight Motion Pro

🅿️ Playstore : click

• Version : 5.0.256
• Updated On : 7 mar
• arm : v7a & v8a
• Size app : 164.5MB
• Multi Language✅
• stable & optimize⚡

✯ Mod Feature [MOD V1]

➥ Premium Unlocked
➥ Premium subscription
➥ Add font style 2
➥ removed paywall
➥ and other

Remove pairip for stable app

Please Login using facebook or email

Enjoy Your moded😎👍

Moded by @albin_mods
Join @albin_mods_cm",2024-03-07T15:36:07+00:00,1781.0,54.0,"👍: 4, 🔥: 2, 🤔: 1"
6112,albin_mods,https://t.me/albin_mods,It's only in my <NRP> device and other device working fine,2024-05-13T16:13:39+00:00,,,👍: 1
6111,albin_mods,https://t.me/albin_mods,really?,2024-05-13T16:13:08+00:00,,,
6110,albin_mods,https://t.me/albin_mods,Already data on sir ji,2024-05-13T16:12:48+00:00,,,
6109,albin_mods,https://t.me/albin_mods,on data bro,2024-05-13T16:11:07+00:00,,,
6097,albin_mods,https://t.me/albin_mods,"乛<PERSON>𓄂⚔ꫝᴠɪɴᴀsʜ <PERSON>⚔<PERSON>this all version of alight mation
➥ version 5.0.249 Release*d click here
➥ version 5.0.249 *fixed version click here
➥ version 5.0.256 updated click here",2024-05-12T06:19:37+00:00,,,
6096,albin_mods,https://t.me/albin_mods,Please fix alight motion apk please admin sir,2024-05-12T06:19:37+00:00,,,
6095,albin_mods,https://t.me/albin_mods,,2024-05-12T06:19:04+00:00,,,
4453,albin_mods,https://t.me/albin_mods,"Thanks bro, I just opened the phone again with one account I forgot the 2-step verification password so I reset the account",2024-03-10T23:00:05+00:00,,,
4452,albin_mods,https://t.me/albin_mods,Thanks banh <PERSON> yg diakun satu lupa <PERSON> 2 <PERSON> akun,2024-03-10T23:00:04+00:00,,,👍: 1
4266,albin_mods,https://t.me/albin_mods,same as you,2024-03-08T14:53:17+00:00,,,👍: 1
4253,albin_mods,https://t.me/albin_mods,Can be via email,2024-03-08T02:49:43+00:00,,,
4252,albin_mods,https://t.me/albin_mods,Bisa lewat email,2024-03-08T02:49:42+00:00,,,👍: 1
4249,albin_mods,https://t.me/albin_mods,gbsa login bg,2024-03-07T23:41:45+00:00,,,
4244,albin_mods,https://t.me/albin_mods,"Please fix it as soon as possible, sir.",2024-03-07T17:46:12+00:00,,,
4232,albin_mods,https://t.me/albin_mods,,2024-03-07T17:08:22+00:00,,,
4231,albin_mods,https://t.me/albin_mods,Press not to go.,2024-03-07T17:07:22+00:00,,,
4229,albin_mods,https://t.me/albin_mods,,2024-03-07T15:40:41+00:00,,,
4228,albin_mods,https://t.me/albin_mods,<PERSON> is alive 🙃,2024-03-07T15:38:53+00:00,,,
