id,Channel ID,URL,message,date,views,forwards,reactions
254,albin_mods,https://t.me/albin_mods,"<NRP> New update

❖ Ume Browser | Playstore

• Version : 6.0.26
• Release : 21 mar
• arm : v7a & v8a
• Size app : 19.8MB

❖ <PERSON>

➥ browser without annoying ads and saves internet

Moded by @albin_mods
join @albin_mods_cm",2024-03-21T16:20:48+00:00,1665.0,,"🔥: 5, 👍: 2"
5477,albin_mods,https://t.me/albin_mods,Your translation is very good👆,2024-03-31T10:35:04+00:00,,,👍: 1
4995,albin_mods,https://t.me/albin_mods,OK 😨,2024-03-21T16:43:49+00:00,,,
4994,albin_mods,https://t.me/albin_mods,Bejir😨,2024-03-21T16:43:48+00:00,,,
4993,albin_mods,https://t.me/albin_mods,Just stay up late <PERSON>,2024-03-21T16:41:10+00:00,,,
4992,albin_mods,https://t.me/albin_mods,<PERSON>,2024-03-21T16:41:09+00:00,,,
4991,albin_mods,https://t.me/albin_mods,Accompany me sis 😋,2024-03-21T16:40:04+00:00,,,
4990,albin_mods,https://t.me/albin_mods,<PERSON> 😋,2024-03-21T16:40:03+00:00,,,
4989,albin_mods,https://t.me/albin_mods,"I've had enough sleep, <DATE_TIME>'s a day off",2024-03-21T16:39:05+00:00,,,
4988,albin_mods,https://t.me/albin_mods,"<PERSON>, besok libur",2024-03-21T16:39:04+00:00,,,
4987,albin_mods,https://t.me/albin_mods,😔<PERSON>😞,2024-03-21T16:38:29+00:00,,,
4986,albin_mods,https://t.me/albin_mods,"No, thanks 🗿",2024-03-21T16:37:24+00:00,,,
4985,albin_mods,https://t.me/albin_mods,"Ngga, mksh 🗿",2024-03-21T16:37:23+00:00,,,
4984,albin_mods,https://t.me/albin_mods,Platinmods like mw😋,2024-03-21T16:36:45+00:00,,,
4983,albin_mods,https://t.me/albin_mods,<PERSON> mw😋,2024-03-21T16:36:44+00:00,,,
4982,albin_mods,https://t.me/albin_mods,Where is that from?,2024-03-21T16:36:12+00:00,,,
4981,albin_mods,https://t.me/albin_mods,<PERSON> mana <PERSON>?,2024-03-21T16:36:11+00:00,,,
4980,albin_mods,https://t.me/albin_mods,,2024-03-21T16:34:32+00:00,,,
4979,albin_mods,https://t.me/albin_mods,Is there a premium feature?,2024-03-21T16:31:24+00:00,,,
4978,albin_mods,https://t.me/albin_mods,<PERSON> feature premiumnya?,2024-03-21T16:31:23+00:00,,,
4977,albin_mods,https://t.me/albin_mods,"Oh yeah, sis",2024-03-21T16:30:55+00:00,,,
4976,albin_mods,https://t.me/albin_mods,Oiya <PERSON>,2024-03-21T16:30:54+00:00,,,
4975,albin_mods,https://t.me/albin_mods,I'm not a modder 😐,2024-03-21T16:29:16+00:00,,,
4974,albin_mods,https://t.me/albin_mods,<PERSON>,2024-03-21T16:29:15+00:00,,,🤔: 1
4973,albin_mods,https://t.me/albin_mods,Can it be modded?,2024-03-21T16:28:39+00:00,,,
4972,albin_mods,https://t.me/albin_mods,Bisa di mod?,2024-03-21T16:28:38+00:00,,,
4971,albin_mods,https://t.me/albin_mods,Kiwi browser is good too,2024-03-21T16:25:38+00:00,,,
4970,albin_mods,https://t.me/albin_mods,Kiwi browser bagus juga,2024-03-21T16:25:37+00:00,,,
