id,Channel ID,URL,message,date,views,forwards,reactions
247,albin_mods,https://t.me/albin_mods,"<NRP> New Release

❖ GC Auto Clicker | Playstore

• Version : <DATE_TIME>
• Released : 16 mar
• Universal
• Size app : 12.9MB

❖ Feature Moded

➥ Premium Unlocked
➥ Remove ads
➥ Add font default
➥ and Others

Enjoy Your moded😎👍

Moded by @albin_mods
join @albin_mods_cm",2024-03-15T18:54:26+00:00,1783.0,7.0,"🔥: 3, 👍: 2, 👏: 1"
4731,albin_mods,https://t.me/albin_mods,not support my country bro,2024-03-17T14:41:17+00:00,,,
4730,albin_mods,https://t.me/albin_mods,"https://play.google.com/store/apps/details?id=ai.animato.callannie

thank you sir this app  ☺️",2024-03-17T14:40:31+00:00,,,
4729,albin_mods,https://t.me/albin_mods,"oke, no problem bro... send link apk",2024-03-17T14:37:45+00:00,,,
4728,albin_mods,https://t.me/albin_mods,"OK, thank you so much for trying ((: So, can the Call <PERSON> app be modded?☺️ I would be happy if you could try it. I'm sorry to bother you a little, Sir  ):",2024-03-17T14:34:14+00:00,,,
4727,albin_mods,https://t.me/albin_mods,nop bro.. this app so hard,2024-03-17T11:49:52+00:00,,,
4726,albin_mods,https://t.me/albin_mods,umm can't it be modded sir? 🥲,2024-03-17T11:23:56+00:00,,,
4706,albin_mods,https://t.me/albin_mods,web server🤒,2024-03-16T09:32:42+00:00,,,
4698,albin_mods,https://t.me/albin_mods,HI bro welcome to my gorup.. i hope you enjoyed<PERSON>,2024-03-16T08:16:49+00:00,,,
4697,albin_mods,https://t.me/albin_mods,"https://play.google.com/store/apps/details?id=com.dopinghafiza.mobile.app


Hello, can you mod this application? I really need this Sir 🥺",2024-03-16T08:16:48+00:00,,,
4693,albin_mods,https://t.me/albin_mods,enjoy👍,2024-03-15T18:55:06+00:00,,,
4692,albin_mods,https://t.me/albin_mods,,2024-03-15T18:55:06+00:00,,,🔥: 1
