id,Channel ID,URL,message,date,views,forwards,reactions
234,albin_mods,https://t.me/albin_mods,"<NRP> New Release

🅿️ Playstore : click

• Name : Crunchyroll
• Version : 3.51.1
• Released : 9 mar
• arm : Universal
• Size app : 43.1MB

❖ Feature Moded

➥ Premium Unlocked
➥ Remove ads
➥ disable ads tracker
➥ add font default
➥ and Others

Login using facebook or email

Enjoy Your moded😎👍

Moded by @albin_mods
Group @albin_mods_cm",2024-03-09T05:02:18+00:00,1567.0,8.0,"👍: 3, ❤: 2, 🔥: 1"
4393,albin_mods,https://t.me/albin_mods,,2024-03-09T16:07:16+00:00,,,
4390,albin_mods,https://t.me/albin_mods,how much?,2024-03-09T15:30:55+00:00,,,
4388,albin_mods,https://t.me/albin_mods,https://play.google.com/store/apps/details?id=com.genuine.leone,2024-03-09T15:26:47+00:00,,,
4387,albin_mods,https://t.me/albin_mods,link playstore?,2024-03-09T15:20:32+00:00,,,
4386,albin_mods,https://t.me/albin_mods,Mod ns player bg remove ads,2024-03-09T15:02:12+00:00,,,
4303,albin_mods,https://t.me/albin_mods,enjoy😎👍,2024-03-09T05:02:55+00:00,,,
