id,Channel ID,URL,message,date,views,forwards,reactions
241,albin_mods,https://t.me/albin_mods,<PERSON>.. finally the wait came too... history menu and other bugs have been fixed.. update coming soon and Fixing menu update dont show😂👍,2024-03-12T17:16:31+00:00,1600.0,,"🤯: 5, 😁: 2"
5117,albin_mods,https://t.me/albin_mods,great bro,2024-03-24T17:32:27+00:00,,,
5116,albin_mods,https://t.me/albin_mods,mantap bang,2024-03-24T17:32:26+00:00,,,
5115,albin_mods,https://t.me/albin_mods,"okay... my signal is lagging... just wait, it'll be there later",2024-03-24T17:29:13+00:00,,,
5114,albin_mods,https://t.me/albin_mods,oke.. <PERSON> ya ngelag.. tunggu ae nanti <PERSON>,2024-03-24T17:29:12+00:00,,,
5113,albin_mods,https://t.me/albin_mods,"I don't understand bro, can you do it bro please really bro need bstasion",2024-03-24T17:28:24+00:00,,,
5112,albin_mods,https://t.me/albin_mods,"<PERSON> gua bang , <PERSON> bang please banget bang need bstasion",2024-03-24T17:28:23+00:00,,,
5111,albin_mods,https://t.me/albin_mods,I usually add a free server side,2024-03-24T17:26:14+00:00,,,
5110,albin_mods,https://t.me/albin_mods,<PERSON> add free server side soalnya,2024-03-24T17:26:13+00:00,,,
5109,albin_mods,https://t.me/albin_mods,"Bro, make a premium BStation mod, bro",2024-03-24T17:15:57+00:00,,,
5108,albin_mods,https://t.me/albin_mods,bang bikin mod premium bstasion bang,2024-03-24T17:15:56+00:00,,,
4590,albin_mods,https://t.me/albin_mods,SS try it,2024-03-13T12:14:24+00:00,,,
4589,albin_mods,https://t.me/albin_mods,ss coba,2024-03-13T12:14:23+00:00,,,
4588,albin_mods,https://t.me/albin_mods,I couldn't comment on YT,2024-03-13T12:08:25+00:00,,,
4587,albin_mods,https://t.me/albin_mods,<PERSON> gabisa komenn,2024-03-13T12:08:24+00:00,,,
