id,Channel ID,URL,message,date,views,forwards,reactions
233,albin_mods,https://t.me/albin_mods,"<NRP> New Release

🅿️ Playstore : click

• Name : Pixiv
• Version : 6.101.0
• Released : 9 mar
• arm : Universal
• Size app : 18.4MB

❖ Feature Moded

➥ Premium Unlocked
➥ Remove ads
➥ disable ads tracker
➥ unlimited follower😂
➥ and Others

Note : 
after login please close app and open again, premium auto Unlocked

Enjoy Your moded😎👍

Moded by @albin_mods
Group @albin_mods_cm",2024-03-08T17:04:03+00:00,1566.0,3.0,"👍: 2, ❤: 1, 🔥: 1"
4283,albin_mods,https://t.me/albin_mods,,2024-03-08T17:04:25+00:00,,,
4282,albin_mods,https://t.me/albin_mods,enjoy😂,2024-03-08T17:04:25+00:00,,,
