id,Channel ID,URL,message,date,views,forwards,reactions
243,albin_mods,https://t.me/albin_mods,"<NRP> New Updated

❖ <PERSON> | Playstore

• Version : 3.25.5
• Release : 13 mar
• arm : v7a
• Size app : 61.2MB 

❖ Feature Moded

➥ Premium Unlocked
➥ Remove ads
➥ disable ads tracker
➥ Unlimited expired time
➥ add font default
➥ and other

pls login via facebook or email🙏

Moded by @albin_mods
Join @albin_mods_cm",2024-03-13T09:30:54+00:00,1891.0,12.0,"👍: 4, 🔥: 3, ❤: 1, 🌚: 1"
4629,albin_mods,https://t.me/albin_mods,I could not log in using email or Facebook. Should I use VPN or what?,2024-03-14T22:16:39+00:00,,,
4580,albin_mods,https://t.me/albin_mods,yeah.. send link bro,2024-03-13T09:36:56+00:00,,,
4579,albin_mods,https://t.me/albin_mods,Ads remove possible?,2024-03-13T09:33:06+00:00,,,
4578,albin_mods,https://t.me/albin_mods,Enjoy👍,2024-03-13T09:31:27+00:00,,,
