id,Channel ID,URL,message,date,views,forwards,reactions
226,albin_mods,https://t.me/albin_mods,"<NRP> New Release

❖ AhaTik Downloader

🅿️ Playstore : click

• Version : 1.21.2
• Release : 6 mar
• arm : v7a
• Size app : 30.1MB

❖ Feature Moded

➥ Premium Unlocked
➥ Remove ads
➥ Disable ads Tracke
➥ add font default
➥ and other

Enjoy Your moded😎👍

Moded by @albin_mods
Join @albin_mods_cm",2024-03-05T23:24:16+00:00,1671.0,4.0,"🔥: 4, 👍: 1"
4155,albin_mods,https://t.me/albin_mods,enjoy👍,2024-03-05T23:24:58+00:00,,,
4154,albin_mods,https://t.me/albin_mods,,2024-03-05T23:24:58+00:00,,,
