id,Channel ID,URL,message,date,views,forwards,reactions
217,hacking_tools_yt,https://t.me/hacking_tools_yt,"EagleSpy V4 Full Cracked 🧾⚡

 ➡️ Supports English, <NRP> and Russian language
 ~ Switch languages at runtime

 ➡️ Apk builder & customization, make hidden Apk, Quickly build Apk
 
 ➡️ Automatic Apk encrypter to bypass Antiviruses
 
 ➡️Tools - Decompile Apk
 
 ➡️Custom Apk Dropper to bypass Accessibility Restriction also helps to hide the Apk in the victim phone.
 ~ You can fully customize Apk Dropper at runtime in any languages
 ~ To hide Apk you must build hidden Apk first
 
 ➡️ Click button to Unlock pin lock by pressing Keys
 
 ➡️ Enter Full PIN to unlock phone in one click
 
 ➡️ Automatic PIN Unlock
 
 ➡️ Automatic Pattern Unlock
 
 ➡️ Remove captured lock data (if apk did not captured lock password correctly then make again ready to capture again in just one click)
 
 ➡️ added Wechat injection
 
 ➡️ added Sberbank injection
 
 ➡️ Now You can Sends push phishing page through notification with custom text
 
 ➡️ Improved ransomeware


Anyone wants to buy Connect :

 @BLACK_HOST414 ✓✓",2024-04-01T17:03:30+00:00,3020.0,5.0,"❤: 4, 👍: 3, 🐳: 2"
3715,hacking_tools_yt,https://t.me/hacking_tools_yt,,2024-04-02T00:07:31+00:00,,,
3712,hacking_tools_yt,https://t.me/hacking_tools_yt,It is not free,2024-04-01T18:41:55+00:00,,,
3711,hacking_tools_yt,https://t.me/hacking_tools_yt,🔗,2024-04-01T18:40:47+00:00,,,
3710,hacking_tools_yt,https://t.me/hacking_tools_yt,Link,2024-04-01T18:40:35+00:00,,,
3707,hacking_tools_yt,https://t.me/hacking_tools_yt,Is free??,2024-04-01T18:06:41+00:00,,,
3706,hacking_tools_yt,https://t.me/hacking_tools_yt,Link??,2024-04-01T18:06:30+00:00,,,
3702,hacking_tools_yt,https://t.me/hacking_tools_yt,<PERSON>!,2024-04-01T17:11:43+00:00,,,
3701,hacking_tools_yt,https://t.me/hacking_tools_yt,Price?,2024-04-01T17:11:33+00:00,,,
3700,hacking_tools_yt,https://t.me/hacking_tools_yt,Лс,2024-04-01T17:11:14+00:00,,,
