id,Channel ID,URL,message,date,views,forwards,reactions
524,krazzzzysam,https://t.me/krazzzzysam,"Obl!π@ted Web series Hindi Dubbed All episodes Download link here 👇👇👇👇

  • Episodes ( 1-3 ) 👇
   https://ziplinker.net/vpX9q

  • Episodes ( 4-6 ) 👇
   https://ziplinker.net/YdXBT

  • Episodes ( 7-8 ) 👇
   https://ziplinker.net/TV2Z920Z
_ _ _ _ _ _ _ _ _ _ _ _ _ _ _ _ _ _ _ _ _ _ _ _ _ _ _ _ _ _ _ 

Series ke bare me iss reel me btaya <PERSON>

                    ⚠️ IMPORTANT ⚠️

• Jisko Download Karne Mai Problem Ho wo ye
   wali video dekhlo 👇👇

https://t.me/KrazzzzySam/338

agr ad blocker show <PERSON> to phone ki settings me jakr private DNS off <PERSON> download <PERSON>",2024-01-25T12:52:42+00:00,279243.0,277.0,"👍: 239, ❤: 19, 😁: 10, 👏: 8, 👎: 5, 🔥: 5, 🥰: 3, 🤯: 2"
77889,krazzzzysam,https://t.me/krazzzzysam,"https://t.me/+hpaxhpszkrY3YWVl
https://t.me/+hpaxhpszkrY3YWVl
https://t.me/+hpaxhpszkrY3YWVl
https://t.me/+hpaxhpszkrY3YWVl
https://t.me/+hpaxhpszkrY3YWVl
https://t.me/+hpaxhpszkrY3YWVl
https://t.me/+hpaxhpszkrY3YWVl
https://t.me/+hpaxhpszkrY3YWVl
https://t.me/+hpaxhpszkrY3YWVl
https://t.me/+hpaxhpszkrY3YWVl
https://t.me/+hpaxhpszkrY3YWVl
https://t.me/+hpaxhpszkrY3YWVl
https://t.me/+hpaxhpszkrY3YWVl
https://t.me/+hpaxhpszkrY3YWVl
https://t.me/+hpaxhpszkrY3YWVl
https://t.me/+hpaxhpszkrY3YWVl
https://t.me/+hpaxhpszkrY3YWVl
https://t.me/+hpaxhpszkrY3YWVl
https://t.me/+hpaxhpszkrY3YWVl
https://t.me/+hpaxhpszkrY3YWVl
https://t.me/+hpaxhpszkrY3YWVl
https://t.me/+hpaxhpszkrY3YWVl
https://t.me/+hpaxhpszkrY3YWVl
https://t.me/+hpaxhpszkrY3YWVl
https://t.me/+hpaxhpszkrY3YWVl
https://t.me/+hpaxhpszkrY3YWVl
https://t.me/+hpaxhpszkrY3YWVl
https://t.me/+hpaxhpszkrY3YWVl
https://t.me/+hpaxhpszkrY3YWVl
https://t.me/+hpaxhpszkrY3YWVl
https://t.me/+hpaxhpszkrY3YWVl
https://t.me/+hpaxhpszkrY3YWVl
https://t.me/+hpaxhpszkrY3YWVl
https://t.me/+hpaxhpszkrY3YWVl
https://t.me/+hpaxhpszkrY3YWVl
https://t.me/+hpaxhpszkrY3YWVl
https://t.me/+hpaxhpszkrY3YWVl
https://t.me/+hpaxhpszkrY3YWVl
https://t.me/+hpaxhpszkrY3YWVl
https://t.me/+hpaxhpszkrY3YWVl
https://t.me/+hpaxhpszkrY3YWVl
https://t.me/+hpaxhpszkrY3YWVl
https://t.me/+hpaxhpszkrY3YWVl
https://t.me/+hpaxhpszkrY3YWVl
https://t.me/+hpaxhpszkrY3YWVl
https://t.me/+hpaxhpszkrY3YWVl
https://t.me/+hpaxhpszkrY3YWVl
https://t.me/+hpaxhpszkrY3YWVl
https://t.me/+hpaxhpszkrY3YWVl
https://t.me/+hpaxhpszkrY3YWVl
https://t.me/+hpaxhpszkrY3YWVl
https://t.me/+hpaxhpszkrY3YWVl
https://t.me/+hpaxhpszkrY3YWVl
https://t.me/+hpaxhpszkrY3YWVl
https://t.me/+hpaxhpszkrY3YWVl
https://t.me/+hpaxhpszkrY3YWVl
https://t.me/+hpaxhpszkrY3YWVl
https://t.me/+hpaxhpszkrY3YWVl
https://t.me/+hpaxhpszkrY3YWVl
https://t.me/+hpaxhpszkrY3YWVl
https://t.me/+hpaxhpszkrY3YWVl
https://t.me/+hpaxhpszkrY3YWVl
https://t.me/+hpaxhpszkrY3YWVl
https://t.me/+hpaxhpszkrY3YWVl
https://t.me/+hpaxhpszkrY3YWVl
https://t.me/+hpaxhpszkrY3YWVl
https://t.me/+hpaxhpszkrY3YWVl
https://t.me/+hpaxhpszkrY3YWVl
https://t.me/+hpaxhpszkrY3YWVl
https://t.me/+hpaxhpszkrY3YWVl
https://t.me/+hpaxhpszkrY3YWVl
https://t.me/+hpaxhpszkrY3YWVl
https://t.me/+hpaxhpszkrY3YWVl
https://t.me/+hpaxhpszkrY3YWVl
https://t.me/+hpaxhpszkrY3YWVl
https://t.me/+hpaxhpszkrY3YWVl
https://t.me/+hpaxhpszkrY3YWVl
https://t.me/+hpaxhpszkrY3YWVl
https://t.me/+hpaxhpszkrY3YWVl
https://t.me/+hpaxhpszkrY3YWVl
https://t.me/+hpaxhpszkrY3YWVl",2024-03-27T22:57:36+00:00,,,
71313,krazzzzysam,https://t.me/krazzzzysam,https://youtube.com/@user-gp1td1fq4o?si=7pO6WPlB4Q8mpYqd,2024-02-06T19:00:47+00:00,,,
71312,krazzzzysam,https://t.me/krazzzzysam,https://www.instagram.com/reel/C2q-dZHyV8I/?igsh=MzY1NDJmNzMyNQ==,2024-02-06T19:00:23+00:00,,,
71159,krazzzzysam,https://t.me/krazzzzysam,12 fail movie Hindi,2024-02-05T13:12:16+00:00,,,❤: 1
70147,krazzzzysam,https://t.me/krazzzzysam,<NRP>,2024-01-31T17:58:24+00:00,,,
70146,krazzzzysam,https://t.me/krazzzzysam,Bhai ye much <PERSON>,2024-01-31T17:58:11+00:00,,,
69441,krazzzzysam,https://t.me/krazzzzysam,Aur aise web series daalo bhai,2024-01-28T13:37:01+00:00,,,
69349,krazzzzysam,https://t.me/krazzzzysam,"🇧 🇦 🇨 🇰 to   🇧 🇦 🇨 🇰    🇼 🇮 🇳 
<PERSON> loss cover <PERSON> 👇👇👇



  #1  RANK WIN FIXED TEAM DUNGA ✅
MY PERSONAL GL FIXING PRIME TEAM DUNGA 🤑🥳 (GOD OF  MAGA. GL🙏)

𝗚𝗟 𝗙𝗜𝗫𝗜𝗡𝗚 𝗧𝗘𝗔𝗠 <PERSON>

 
𝐖𝐡𝐚𝐭𝐬𝐀𝐩𝐩:-
https://wa.me/<PHONE_NUMBER>

⚠️🏦 DON'T MISS  PRIME MEMBERSHIP ✅✅✌️",2024-01-28T05:30:17+00:00,,,
69308,krazzzzysam,https://t.me/krazzzzysam,Ludo movie,2024-01-27T17:49:50+00:00,,,
69295,krazzzzysam,https://t.me/krazzzzysam,<PERSON> part par likha karo <PERSON> 1 part h konsa 2 <PERSON> download <PERSON> h ab ota nhi chal rha h bro <PERSON> kro <PERSON> plz bro,2024-01-27T17:02:26+00:00,,,
69229,krazzzzysam,https://t.me/krazzzzysam,Download nhi <PERSON>,2024-01-27T15:43:06+00:00,,,
69215,krazzzzysam,https://t.me/krazzzzysam,Bro maine download <PERSON> video mai kuch dikh <PERSON>,2024-01-27T12:46:06+00:00,,,
69214,krazzzzysam,https://t.me/krazzzzysam,<PERSON> movie <PERSON>,2024-01-27T12:37:54+00:00,,,
69211,krazzzzysam,https://t.me/krazzzzysam,Crash course movie link send,2024-01-27T12:04:35+00:00,,,
69209,krazzzzysam,https://t.me/krazzzzysam,Crash course  movie ka link <PERSON>,2024-01-27T11:33:28+00:00,,,
69205,krazzzzysam,https://t.me/krazzzzysam,"<PERSON>:
<PERSON> to kya dhekha 18+ se <PERSON> 19+  dhekho  🥵🍑⬇️✅
https://t.me/flixlegend18

<PERSON> to kya dhekha 18+ se <PERSON> 19+  dhekho  🥵🍑⬇️✅
https://t.me/flixlegend18",2024-01-27T10:23:13+00:00,,,
69197,krazzzzysam,https://t.me/krazzzzysam,<PERSON> be <PERSON>,2024-01-27T07:01:38+00:00,,,
69196,krazzzzysam,https://t.me/krazzzzysam,Super 👍,2024-01-27T06:57:13+00:00,,,
69191,krazzzzysam,https://t.me/krazzzzysam,Hello,2024-01-27T06:56:18+00:00,,,
69177,krazzzzysam,https://t.me/krazzzzysam,<PERSON>,2024-01-27T05:18:58+00:00,,,
69176,krazzzzysam,https://t.me/krazzzzysam,<PERSON>,2024-01-27T04:36:23+00:00,,,
69171,krazzzzysam,https://t.me/krazzzzysam,bridge to terabithia,2024-01-27T03:19:52+00:00,,,
69163,krazzzzysam,https://t.me/krazzzzysam,"https://www.amazon.in/Dimensity-Memory-5000mAh-Battery-Warranty/dp/B0CHJN2HNZ?_encoding=UTF8&pd_rd_w=z6Ukp&content-id=amzn1.sym.b5a625fa-e3eb-4301-a9e2-f9c8b3e7badf%3Aamzn1.symc.36bd837a-d66d-47d1-8457-ffe9a9f3ddab&pf_rd_p=b5a625fa-e3eb-4301-a9e2-f9c8b3e7badf&pf_rd_r=J0CZKXCHDACW7ZESN93Z&pd_rd_wg=CVWNT&pd_rd_r=2919e631-8417-41b6-b13c-271e3107e4cd&th=1&linkCode=ll1&tag=sajankumar04-21&linkId=d6bcd69acd34b3b7f5c43a67fb69daa1&language=en_IN&ref_=as_li_ss_tl
.
itel P55 5G | Dimensity 6080 | 12GB* RAM+128<PERSON> ROM with Memory Fusion| 50MP AI Dual Rear Camera| 5000mAh Battery | 2 Years Warranty | Mint Green
Roll over image to zoom in
itel P55 5G | Dimensity 6080 | 12GB* RAM+128<PERSON> ROM with Memory Fusion| 50MP AI Dual Rear Camera| 5000mAh Battery | 2 Years Warranty | Mint Green
Visit the Itel Store
 4.1 4.1 out of 5 stars    2,011 ratings | Search this page
Amazon's
Choice
for ""p55""
1K+ bought in <DATE_TIME>
-22% ₹10,499",2024-01-27T01:15:26+00:00,,,👍: 1
69160,krazzzzysam,https://t.me/krazzzzysam,Crash course,2024-01-26T20:06:34+00:00,,,
69158,krazzzzysam,https://t.me/krazzzzysam,Crash course,2024-01-26T18:41:52+00:00,,,
69157,krazzzzysam,https://t.me/krazzzzysam,<PERSON>,2024-01-26T18:35:30+00:00,,,
69156,krazzzzysam,https://t.me/krazzzzysam,Honted,2024-01-26T18:34:51+00:00,,,
69155,krazzzzysam,https://t.me/krazzzzysam,https://www.facebook.com/groups/1517732655234313/permalink/1572794493061462/?mibextid=Nif5oz bhai ye Bali movie dal do <PERSON> me pls bhai,2024-01-26T17:35:59+00:00,,,
69150,krazzzzysam,https://t.me/krazzzzysam,infinite move please,2024-01-26T17:03:08+00:00,,,
69129,krazzzzysam,https://t.me/krazzzzysam,"<PERSON>:
<PERSON> to kya dhekha 18+ se <PERSON> 19+  dhekho  🥵🍑⬇️✅
https://t.me/flixlegend18

<PERSON> to kya dhekha 18+ se <PERSON> 19+  dhekho  🥵🍑⬇️✅
https://t.me/flixlegend18",2024-01-26T15:51:30+00:00,,,
69127,krazzzzysam,https://t.me/krazzzzysam,Plz bhai,2024-01-26T15:45:42+00:00,,,
69126,krazzzzysam,https://t.me/krazzzzysam,<PERSON>,2024-01-26T15:45:36+00:00,,,
69124,krazzzzysam,https://t.me/krazzzzysam,<PERSON>,2024-01-26T15:21:35+00:00,,,
69107,krazzzzysam,https://t.me/krazzzzysam,Bhai the cast away please 🙏🥺🥺🥺🥺🥺🥺🥺🥺,2024-01-26T15:06:39+00:00,,,
69106,krazzzzysam,https://t.me/krazzzzysam,Fiter,2024-01-26T14:56:22+00:00,,,
69101,krazzzzysam,https://t.me/krazzzzysam,<PERSON> please <PERSON>,2024-01-26T14:46:28+00:00,,,
69100,krazzzzysam,https://t.me/krazzzzysam,Please 🥺🥺,2024-01-26T14:45:52+00:00,,,
69099,krazzzzysam,https://t.me/krazzzzysam,Hello <PERSON> link provide <PERSON> sakate ho please 🥺🥺🥺,2024-01-26T14:45:44+00:00,,,
69094,krazzzzysam,https://t.me/krazzzzysam,<PERSON>,2024-01-26T13:17:48+00:00,,,
69091,krazzzzysam,https://t.me/krazzzzysam,<PERSON> 100 ka khelwata kro yrr,2024-01-26T13:04:06+00:00,,,
69089,krazzzzysam,https://t.me/krazzzzysam,Bro love game Bollywood <DATE_TIME> movie ho to please,2024-01-26T12:25:49+00:00,,,
69085,krazzzzysam,https://t.me/krazzzzysam,Please lookism session 2,2024-01-26T12:06:06+00:00,,,
69078,krazzzzysam,https://t.me/krazzzzysam,<PERSON> dedo,2024-01-26T11:10:19+00:00,,,
69065,krazzzzysam,https://t.me/krazzzzysam,Private dns off <PERSON> links open nhi <PERSON>,2024-01-26T09:47:38+00:00,,,
69057,krazzzzysam,https://t.me/krazzzzysam,Hlo,2024-01-26T09:01:30+00:00,,,
69056,krazzzzysam,https://t.me/krazzzzysam,So not worth it,2024-01-26T08:41:32+00:00,,,
69048,krazzzzysam,https://t.me/krazzzzysam,.,2024-01-26T08:00:36+00:00,,,
69046,krazzzzysam,https://t.me/krazzzzysam,<PERSON> do,2024-01-26T07:57:22+00:00,,,
69045,krazzzzysam,https://t.me/krazzzzysam,.,2024-01-26T07:50:06+00:00,,,
69044,krazzzzysam,https://t.me/krazzzzysam,.,2024-01-26T07:50:02+00:00,,,
69042,krazzzzysam,https://t.me/krazzzzysam,.,2024-01-26T07:49:54+00:00,,,
69041,krazzzzysam,https://t.me/krazzzzysam,.,2024-01-26T07:49:50+00:00,,,
69040,krazzzzysam,https://t.me/krazzzzysam,.,2024-01-26T07:49:46+00:00,,,
69039,krazzzzysam,https://t.me/krazzzzysam,.,2024-01-26T07:49:43+00:00,,,
69038,krazzzzysam,https://t.me/krazzzzysam,.,2024-01-26T07:49:40+00:00,,,
69037,krazzzzysam,https://t.me/krazzzzysam,.,2024-01-26T07:49:36+00:00,,,
69036,krazzzzysam,https://t.me/krazzzzysam,.,2024-01-26T07:49:31+00:00,,,
69035,krazzzzysam,https://t.me/krazzzzysam,.,2024-01-26T07:49:27+00:00,,,
69033,krazzzzysam,https://t.me/krazzzzysam,Bhai 299 ka result <PERSON> do <DATE_TIME>,2024-01-26T07:48:18+00:00,,,
69028,krazzzzysam,https://t.me/krazzzzysam,<PERSON> link open <PERSON> rha,2024-01-26T07:04:45+00:00,,,
69026,krazzzzysam,https://t.me/krazzzzysam,Crash course,2024-01-26T06:43:45+00:00,,,
69025,krazzzzysam,https://t.me/krazzzzysam,CRASH COURSE,2024-01-26T06:42:57+00:00,,,
69016,krazzzzysam,https://t.me/krazzzzysam,<NRP> full movie,2024-01-26T04:48:38+00:00,,,
69012,krazzzzysam,https://t.me/krazzzzysam,Kingdom of heaven movi k link bhaj do <PERSON>,2024-01-26T04:30:38+00:00,,,
68989,krazzzzysam,https://t.me/krazzzzysam,"<PERSON>:
<PERSON> to kya dhekha 18+ se <PERSON> 19+  dhekho  🥵🍑⬇️✅
https://t.me/flixlegend18

<PERSON> to kya dhekha 18+ se <PERSON> 19+  dhekho  🥵🍑⬇️✅
https://t.me/flixlegend18",2024-01-26T02:01:45+00:00,,,
68985,krazzzzysam,https://t.me/krazzzzysam,SKY high,2024-01-26T00:49:02+00:00,,,
68979,krazzzzysam,https://t.me/krazzzzysam,14+,2024-01-25T21:06:47+00:00,,,
68976,krazzzzysam,https://t.me/krazzzzysam,Crash course ka link <PERSON> h,2024-01-25T20:25:39+00:00,,,
68973,krazzzzysam,https://t.me/krazzzzysam,https://youtu.be/Ov8Dafxd_8g?si=5cCNDTMq-o5ywOsR,2024-01-25T19:56:01+00:00,,,
68972,krazzzzysam,https://t.me/krazzzzysam,https://youtu.be/Ov8Dafxd_8g?si=5cCNDTMq-o5ywOsR,2024-01-25T19:55:59+00:00,,,
68971,krazzzzysam,https://t.me/krazzzzysam,https://youtu.be/Ov8Dafxd_8g?si=5cCNDTMq-o5ywOsR,2024-01-25T19:55:57+00:00,,,
68958,krazzzzysam,https://t.me/krazzzzysam,Shuba shree saho,2024-01-25T17:46:04+00:00,,,
68950,krazzzzysam,https://t.me/krazzzzysam,<PERSON>,2024-01-25T17:20:12+00:00,,,
68949,krazzzzysam,https://t.me/krazzzzysam,Full hd,2024-01-25T17:17:00+00:00,,,
68948,krazzzzysam,https://t.me/krazzzzysam,<PERSON> movie ka link full hd,2024-01-25T17:16:42+00:00,,,
68946,krazzzzysam,https://t.me/krazzzzysam,Jinde meriye <NRP> movie parmesh <PERSON> movie link send me sir,2024-01-25T17:14:22+00:00,,,
68945,krazzzzysam,https://t.me/krazzzzysam,to h mere pas,2024-01-25T17:02:58+00:00,,,
68944,krazzzzysam,https://t.me/krazzzzysam,wo,2024-01-25T17:02:54+00:00,,,
68936,krazzzzysam,https://t.me/krazzzzysam,Lavda,2024-01-25T16:42:08+00:00,,,
68931,krazzzzysam,https://t.me/krazzzzysam,That's my boy ka link?,2024-01-25T16:08:23+00:00,,,
68926,krazzzzysam,https://t.me/krazzzzysam,That's my boy,2024-01-25T15:41:33+00:00,,,
68922,krazzzzysam,https://t.me/krazzzzysam,Lakh movie ka link  <PERSON>,2024-01-25T15:23:40+00:00,,,
68920,krazzzzysam,https://t.me/krazzzzysam,All part,2024-01-25T15:05:33+00:00,,,
68919,krazzzzysam,https://t.me/krazzzzysam,Plz,2024-01-25T15:05:17+00:00,,,
68918,krazzzzysam,https://t.me/krazzzzysam,The boy,2024-01-25T15:05:11+00:00,,,
68914,krazzzzysam,https://t.me/krazzzzysam,One series or movies only one time upload please,2024-01-25T14:43:23+00:00,,,
68913,krazzzzysam,https://t.me/krazzzzysam,<PERSON> mat <PERSON> 1 GB West ho gai,2024-01-25T14:43:10+00:00,,,
68912,krazzzzysam,https://t.me/krazzzzysam,<PERSON> me bol rha pahile recharge kro fir movie <PERSON> btao ham <PERSON>,2024-01-25T14:40:58+00:00,,,❤: 1
68910,krazzzzysam,https://t.me/krazzzzysam,Nice,2024-01-25T14:27:15+00:00,,,
68907,krazzzzysam,https://t.me/krazzzzysam,<PERSON> nhi <PERSON>,2024-01-25T14:10:51+00:00,,,
68906,krazzzzysam,https://t.me/krazzzzysam,Same problem,2024-01-25T14:08:43+00:00,,,
68905,krazzzzysam,https://t.me/krazzzzysam,<DATE_TIME> with benefits movie link 🔗🔗🔗 chiye,2024-01-25T14:07:21+00:00,,,👍: 1
68900,krazzzzysam,https://t.me/krazzzzysam,<PERSON> download <PERSON>,2024-01-25T13:51:22+00:00,,,
68893,krazzzzysam,https://t.me/krazzzzysam,"<PERSON>:
<PERSON> to kya dhekha 18+ se <PERSON> 19+  dhekho  🥵🍑⬇️✅
https://t.me/flixlegend18

<PERSON> to kya dhekha 18+ se <PERSON> 19+  dhekho  🥵🍑⬇️✅
https://t.me/flixlegend18",2024-01-25T13:41:00+00:00,,,
68890,krazzzzysam,https://t.me/krazzzzysam,Bhai,2024-01-25T13:32:16+00:00,,,
68889,krazzzzysam,https://t.me/krazzzzysam,crash course <NRP>,2024-01-25T13:32:09+00:00,,,
68888,krazzzzysam,https://t.me/krazzzzysam,Anime I got cheat skills in another world,2024-01-25T13:31:35+00:00,,,👍: 1
68887,krazzzzysam,https://t.me/krazzzzysam,Brother,2024-01-25T13:30:09+00:00,,,
68886,krazzzzysam,https://t.me/krazzzzysam,Hii,2024-01-25T13:30:05+00:00,,,
68873,krazzzzysam,https://t.me/krazzzzysam,Nice girl like me,2024-01-25T13:07:44+00:00,,,
68872,krazzzzysam,https://t.me/krazzzzysam,no waking,2024-01-25T13:04:49+00:00,,,
68871,krazzzzysam,https://t.me/krazzzzysam,<PERSON> download <PERSON>,2024-01-25T13:02:23+00:00,,,👍: 1
68870,krazzzzysam,https://t.me/krazzzzysam,Bro use Earn4Share.online ₹400 cpm high earning instant payment 0.5$ minimum withdraw,2024-01-25T13:02:15+00:00,,,
68867,krazzzzysam,https://t.me/krazzzzysam,"https://t.me/winnerexperts_1https://t.me/winnerexperts_1https://t.me/winnerexperts_1https://t.me/winnerexperts_1
Very hot channel",2024-01-25T12:57:07+00:00,,,
68866,krazzzzysam,https://t.me/krazzzzysam,Join,2024-01-25T12:56:33+00:00,,,
68865,krazzzzysam,https://t.me/krazzzzysam,<PERSON>,2024-01-25T12:56:30+00:00,,,
68864,krazzzzysam,https://t.me/krazzzzysam,THE BROTHERS <PERSON>,2024-01-25T12:55:30+00:00,,,
