id,Channel ID,URL,message,date,views,forwards,reactions
508,krazzzzysam,https://t.me/krazzzzysam,,2024-01-15T08:56:22+00:00,266336.0,19.0,"💩: 128, 👍: 45"
87307,krazzzzysam,https://t.me/krazzzzysam,Movie sab downloading kaise karenge,2024-06-28T13:03:23+00:00,,,
82381,krazzzzysam,https://t.me/krazzzzysam,<PERSON>,2024-05-05T18:27:14+00:00,,,👍: 1
77967,krazzzzysam,https://t.me/krazzzzysam,Hii,2024-03-28T10:13:29+00:00,,,
74115,krazzzzysam,https://t.me/krazzzzysam,Bhai web series mission <PERSON>,2024-03-04T08:23:20+00:00,,,
73750,krazzzzysam,https://t.me/krazzzzysam,Hi,2024-02-28T17:24:42+00:00,,,
73245,krazzzzysam,https://t.me/krazzzzysam,Hii,2024-02-21T14:25:47+00:00,,,
70738,krazzzzysam,https://t.me/krazzzzysam,Hii,2024-02-02T15:52:25+00:00,,,
70111,krazzzzysam,https://t.me/krazzzzysam,Are <PERSON> or movie chenel,2024-01-31T15:56:30+00:00,,,❤: 1
69930,krazzzzysam,https://t.me/krazzzzysam,Hi,2024-01-31T03:36:14+00:00,,,
69779,krazzzzysam,https://t.me/krazzzzysam,H,2024-01-30T15:55:22+00:00,,,
69327,krazzzzysam,https://t.me/krazzzzysam,Hi,2024-01-27T20:40:20+00:00,,,
69097,krazzzzysam,https://t.me/krazzzzysam,Hi,2024-01-26T14:21:45+00:00,,,
68278,krazzzzysam,https://t.me/krazzzzysam,Are Bhai movie <PERSON> to <PERSON>,2024-01-24T15:15:51+00:00,,,
68224,krazzzzysam,https://t.me/krazzzzysam,<PERSON> on <PERSON>,2024-01-24T14:16:20+00:00,,,
68011,krazzzzysam,https://t.me/krazzzzysam,Hi,2024-01-24T10:13:12+00:00,,,👍: 1
67967,krazzzzysam,https://t.me/krazzzzysam,Hi,2024-01-24T08:11:22+00:00,,,
67854,krazzzzysam,https://t.me/krazzzzysam,Hi,2024-01-24T03:34:57+00:00,,,
67699,krazzzzysam,https://t.me/krazzzzysam,<PERSON>,2024-01-22T16:00:25+00:00,,,
67531,krazzzzysam,https://t.me/krazzzzysam,Hi,2024-01-22T10:20:12+00:00,,,
66912,krazzzzysam,https://t.me/krazzzzysam,Hi <PERSON>,2024-01-18T07:11:25+00:00,,,
66823,krazzzzysam,https://t.me/krazzzzysam,Hi,2024-01-17T16:34:14+00:00,,,
66783,krazzzzysam,https://t.me/krazzzzysam,Bhai,2024-01-17T09:32:13+00:00,,,
66782,krazzzzysam,https://t.me/krazzzzysam,Hlo bhai movie downlosd kaise kre,2024-01-17T09:32:11+00:00,,,👍: 1
66778,krazzzzysam,https://t.me/krazzzzysam,Hi,2024-01-17T09:18:50+00:00,,,
66773,krazzzzysam,https://t.me/krazzzzysam,Hii sir,2024-01-17T07:41:03+00:00,,,
66729,krazzzzysam,https://t.me/krazzzzysam,Hi,2024-01-16T15:09:54+00:00,,,
66718,krazzzzysam,https://t.me/krazzzzysam,Hello sir,2024-01-16T14:21:34+00:00,,,
66714,krazzzzysam,https://t.me/krazzzzysam,Hi,2024-01-16T13:40:35+00:00,,,
66695,krazzzzysam,https://t.me/krazzzzysam,Ok,2024-01-16T07:42:23+00:00,,,
66682,krazzzzysam,https://t.me/krazzzzysam,Hii,2024-01-16T06:26:45+00:00,,,
66671,krazzzzysam,https://t.me/krazzzzysam,Sex education session 4 bejo bhai,2024-01-15T22:21:50+00:00,,,
66670,krazzzzysam,https://t.me/krazzzzysam,Bhai,2024-01-15T22:21:19+00:00,,,
66669,krazzzzysam,https://t.me/krazzzzysam,Hii,2024-01-15T22:20:48+00:00,,,
66659,krazzzzysam,https://t.me/krazzzzysam,New movie <PERSON> na bro,2024-01-15T17:49:30+00:00,,,
66654,krazzzzysam,https://t.me/krazzzzysam,Hi,2024-01-15T17:24:43+00:00,,,
66653,krazzzzysam,https://t.me/krazzzzysam,Hello,2024-01-15T17:21:39+00:00,,,
66640,krazzzzysam,https://t.me/krazzzzysam,<PERSON> movies <PERSON> bhejiye,2024-01-15T15:20:02+00:00,,,
66632,krazzzzysam,https://t.me/krazzzzysam,<PERSON> sand kr dea kro movies ka,2024-01-15T13:36:24+00:00,,,
66629,krazzzzysam,https://t.me/krazzzzysam,Ok,2024-01-15T13:21:06+00:00,,,
66628,krazzzzysam,https://t.me/krazzzzysam,Hello,2024-01-15T13:20:46+00:00,,,
66626,krazzzzysam,https://t.me/krazzzzysam,Hi,2024-01-15T13:13:12+00:00,,,
66617,krazzzzysam,https://t.me/krazzzzysam,Hey,2024-01-15T12:28:29+00:00,,,
66614,krazzzzysam,https://t.me/krazzzzysam,As we we,2024-01-15T12:20:25+00:00,,,
66613,krazzzzysam,https://t.me/krazzzzysam,<NRP>,2024-01-15T12:20:18+00:00,,,
66611,krazzzzysam,https://t.me/krazzzzysam,Hello sir,2024-01-15T12:11:38+00:00,,,
66609,krazzzzysam,https://t.me/krazzzzysam,Hii,2024-01-15T12:11:33+00:00,,,
66607,krazzzzysam,https://t.me/krazzzzysam,Hi,2024-01-15T11:39:55+00:00,,,
66605,krazzzzysam,https://t.me/krazzzzysam,Hello,2024-01-15T11:06:02+00:00,,,
66598,krazzzzysam,https://t.me/krazzzzysam,Hi,2024-01-15T10:08:13+00:00,,,
66597,krazzzzysam,https://t.me/krazzzzysam,Yah movie download Kaise hoaegi mere <PERSON>,2024-01-15T10:01:49+00:00,,,
66593,krazzzzysam,https://t.me/krazzzzysam,Ha,2024-01-15T09:35:34+00:00,,,👍: 1
66592,krazzzzysam,https://t.me/krazzzzysam,Ha,2024-01-15T09:17:43+00:00,,,
66590,krazzzzysam,https://t.me/krazzzzysam,Hey,2024-01-15T09:02:07+00:00,,,
66589,krazzzzysam,https://t.me/krazzzzysam,Hi,2024-01-15T09:00:15+00:00,,,
66588,krazzzzysam,https://t.me/krazzzzysam,Ok,2024-01-15T08:58:35+00:00,,,
66584,krazzzzysam,https://t.me/krazzzzysam,<NRP>,2024-01-15T08:56:52+00:00,,,
