id,Channel ID,URL,message,date,views,forwards,reactions
544,krazzzzysam,https://t.me/krazzzzysam,"Tøm€at$ <DATE_TIME> Movie Hindi Dubbed Download link here 👇👇

  • 480p 👇
   https://ziplinker.net/24GZiEp

  • 720p 👇
   https://ziplinker.net/5gM5iI
_ _ _ _ _ _ _ _ _ _ _ _ _ _ _ _ _ _

Movie ke bare me iss reel me btaya <PERSON>
https://www.instagram.com/reel/C22ZJiNvbCb/?igsh=MWZ5bGo1MWV3cW5iMg==

        ⚠️ IMPORTANT ⚠️

• Jisko Download Karne Mai Problem Ho wo ye
   wali video dekhlo 👇👇

https://t.me/KrazzzzySam/541

agr ad blocker show <PERSON> to phone ki settings me jakr private DNS off <PERSON> download <PERSON>",2024-02-04T15:41:02+00:00,330674.0,539.0,"👍: 348, ❤: 35, 🔥: 10, 🥰: 10, 🤬: 8, 👎: 7, 👌: 6, 😁: 3, 🤔: 3, 👏: 2, 🤯: 2"
82735,krazzzzysam,https://t.me/krazzzzysam,<PERSON> prisoner <PERSON> muviess,2024-05-09T04:11:27+00:00,,,
81246,krazzzzysam,https://t.me/krazzzzysam,<PERSON> bhi,2024-04-23T08:27:42+00:00,,,
80596,krazzzzysam,https://t.me/krazzzzysam,Hi,2024-04-18T07:47:23+00:00,,,
80376,krazzzzysam,https://t.me/krazzzzysam,Move kaisa download kare,2024-04-16T12:42:18+00:00,,,
80277,krazzzzysam,https://t.me/krazzzzysam,Bhaiyo,2024-04-15T16:05:30+00:00,,,
80276,krazzzzysam,https://t.me/krazzzzysam,Hello,2024-04-15T16:05:16+00:00,,,
80130,krazzzzysam,https://t.me/krazzzzysam,Photo <PERSON> tumhare pass,2024-04-13T20:26:21+00:00,,,
80129,krazzzzysam,https://t.me/krazzzzysam,Per iska photo hai mere pass mein,2024-04-13T20:25:49+00:00,,,
80128,krazzzzysam,https://t.me/krazzzzysam,Axc,2024-04-13T20:25:44+00:00,,,
80127,krazzzzysam,https://t.me/krazzzzysam,Ya movie <PERSON> send <PERSON>,2024-04-13T20:25:27+00:00,,,
80126,krazzzzysam,https://t.me/krazzzzysam,Ha bhai,2024-04-13T20:23:03+00:00,,,
80122,krazzzzysam,https://t.me/krazzzzysam,<PERSON>,2024-04-13T19:33:20+00:00,,,
80099,krazzzzysam,https://t.me/krazzzzysam,https://t.me/+iq2QfVkRuqYxN2Zl is group per movie search karo free me mil jayegi movie,2024-04-13T16:20:26+00:00,,,
80094,krazzzzysam,https://t.me/krazzzzysam,Hii,2024-04-13T15:38:18+00:00,,,
77879,krazzzzysam,https://t.me/krazzzzysam,"https://t.me/+xeMVsKTeA_A4MGZl
https://t.me/+xeMVsKTeA_A4MGZl
https://t.me/+xeMVsKTeA_A4MGZl
https://t.me/+xeMVsKTeA_A4MGZl
https://t.me/+xeMVsKTeA_A4MGZl
https://t.me/+xeMVsKTeA_A4MGZl
https://t.me/+xeMVsKTeA_A4MGZl
https://t.me/+xeMVsKTeA_A4MGZl
https://t.me/+xeMVsKTeA_A4MGZl
https://t.me/+xeMVsKTeA_A4MGZl
https://t.me/+xeMVsKTeA_A4MGZl
https://t.me/+xeMVsKTeA_A4MGZl
https://t.me/+xeMVsKTeA_A4MGZl
https://t.me/+xeMVsKTeA_A4MGZl
https://t.me/+xeMVsKTeA_A4MGZl
https://t.me/+xeMVsKTeA_A4MGZl
https://t.me/+xeMVsKTeA_A4MGZl
https://t.me/+xeMVsKTeA_A4MGZl
https://t.me/+xeMVsKTeA_A4MGZl
https://t.me/+xeMVsKTeA_A4MGZl
https://t.me/+xeMVsKTeA_A4MGZl
https://t.me/+xeMVsKTeA_A4MGZl
https://t.me/+xeMVsKTeA_A4MGZl
https://t.me/+xeMVsKTeA_A4MGZl
https://t.me/+xeMVsKTeA_A4MGZl
https://t.me/+xeMVsKTeA_A4MGZl
https://t.me/+xeMVsKTeA_A4MGZl
https://t.me/+xeMVsKTeA_A4MGZl
https://t.me/+xeMVsKTeA_A4MGZl
https://t.me/+xeMVsKTeA_A4MGZl
https://t.me/+xeMVsKTeA_A4MGZl
https://t.me/+xeMVsKTeA_A4MGZl
https://t.me/+xeMVsKTeA_A4MGZl
https://t.me/+xeMVsKTeA_A4MGZl
https://t.me/+xeMVsKTeA_A4MGZl
https://t.me/+xeMVsKTeA_A4MGZl
https://t.me/+xeMVsKTeA_A4MGZl
https://t.me/+xeMVsKTeA_A4MGZl
https://t.me/+xeMVsKTeA_A4MGZl
https://t.me/+xeMVsKTeA_A4MGZl
https://t.me/+xeMVsKTeA_A4MGZl
https://t.me/+xeMVsKTeA_A4MGZl
https://t.me/+xeMVsKTeA_A4MGZl
https://t.me/+xeMVsKTeA_A4MGZl
https://t.me/+xeMVsKTeA_A4MGZl
https://t.me/+xeMVsKTeA_A4MGZl
https://t.me/+xeMVsKTeA_A4MGZl
https://t.me/+xeMVsKTeA_A4MGZl
https://t.me/+xeMVsKTeA_A4MGZl
https://t.me/+xeMVsKTeA_A4MGZl
https://t.me/+xeMVsKTeA_A4MGZl
https://t.me/+xeMVsKTeA_A4MGZl
https://t.me/+xeMVsKTeA_A4MGZl
https://t.me/+xeMVsKTeA_A4MGZl
https://t.me/+xeMVsKTeA_A4MGZl
https://t.me/+xeMVsKTeA_A4MGZl
https://t.me/+xeMVsKTeA_A4MGZl
https://t.me/+xeMVsKTeA_A4MGZl
https://t.me/+xeMVsKTeA_A4MGZl
https://t.me/+xeMVsKTeA_A4MGZl
https://t.me/+xeMVsKTeA_A4MGZl
https://t.me/+xeMVsKTeA_A4MGZl
https://t.me/+xeMVsKTeA_A4MGZl
https://t.me/+xeMVsKTeA_A4MGZl
https://t.me/+xeMVsKTeA_A4MGZl
https://t.me/+xeMVsKTeA_A4MGZl
https://t.me/+xeMVsKTeA_A4MGZl
https://t.me/+xeMVsKTeA_A4MGZl
https://t.me/+xeMVsKTeA_A4MGZl
https://t.me/+xeMVsKTeA_A4MGZl
https://t.me/+xeMVsKTeA_A4MGZl
https://t.me/+xeMVsKTeA_A4MGZl
https://t.me/+xeMVsKTeA_A4MGZl
https://t.me/+xeMVsKTeA_A4MGZl
https://t.me/+xeMVsKTeA_A4MGZl
https://t.me/+xeMVsKTeA_A4MGZl
https://t.me/+xeMVsKTeA_A4MGZl
https://t.me/+xeMVsKTeA_A4MGZl
https://t.me/+xeMVsKTeA_A4MGZl
https://t.me/+xeMVsKTeA_A4MGZl
https://t.me/+xeMVsKTeA_A4MGZl
https://t.me/+xeMVsKTeA_A4MGZl
https://t.me/+xeMVsKTeA_A4MGZl
https://t.me/+xeMVsKTeA_A4MGZl
https://t.me/+xeMVsKTeA_A4MGZl
https://t.me/+xeMVsKTeA_A4MGZl
https://t.me/+xeMVsKTeA_A4MGZl
https://t.me/+xeMVsKTeA_A4MGZl
https://t.me/+xeMVsKTeA_A4MGZl
https://t.me/+xeMVsKTeA_A4MGZl
https://t.me/+xeMVsKTeA_A4MGZl
https://t.me/+xeMVsKTeA_A4MGZl
https://t.me/+xeMVsKTeA_A4MGZl
https://t.me/+xeMVsKTeA_A4MGZl
https://t.me/+xeMVsKTeA_A4MGZl
https://t.me/+xeMVsKTeA_A4MGZl
https://t.me/+xeMVsKTeA_A4MGZl
https://t.me/+xeMVsKTeA_A4MGZl",2024-03-27T22:55:58+00:00,,,👍: 1
75398,krazzzzysam,https://t.me/krazzzzysam,Movie Hindi me,2024-03-18T06:29:23+00:00,,,
75397,krazzzzysam,https://t.me/krazzzzysam,<PERSON> to <PERSON>,2024-03-18T06:29:14+00:00,,,
74785,krazzzzysam,https://t.me/krazzzzysam,"<PERSON> 𝟏𝟔 People 𝐟𝐨𝐫 𝐃𝐢𝐠𝐢𝐭𝐚𝐥 𝐰𝐨𝐫𝐤<PERSON> 𝐚𝐩𝐩𝐫𝐨𝐯𝐞𝐝  𝐏𝐫𝐨𝐣𝐞𝐜𝐭
𝐈𝐧𝐜𝐨𝐦𝐞 𝐏𝐨𝐭𝐞𝐧𝐭𝐢𝐚𝐥- 𝟏𝟓,𝟎𝟎𝟎 -𝟐𝟓,𝟎𝟎𝟎/ 💵
<PERSON> 𝐡𝐨𝐦𝐞 3-4 𝐡𝐫𝐬 𝐝𝐚𝐢𝐥𝐲 𝐑𝐞𝐪𝐮𝐢𝐫𝐞𝐝-𝐬𝐦𝐚𝐫𝐭𝐩𝐡𝐨𝐧𝐞 𝐨𝐧𝐥𝐲 📲💻
(𝐀𝐠𝐞: 𝟏8-𝟑𝟎)  𝐈𝐍𝐓𝐄𝐑𝐄𝐒𝐓𝐄𝐃 Person Fill the Application 
DM WhatsApp.  

https://t.ly/bAzYA

#india #students #onlinework #workopportunities #socialmediawork #edtech #skills #india",2024-03-12T10:17:19+00:00,,,
74271,krazzzzysam,https://t.me/krazzzzysam,https://rummyggg.com/?from_gameid=21643179&channelCode=200000,2024-03-05T22:43:24+00:00,,,
74270,krazzzzysam,https://t.me/krazzzzysam,"{""from_gameid"":11453815,""channelCode"":11283087}",2024-03-05T22:43:11+00:00,,,
74269,krazzzzysam,https://t.me/krazzzzysam,"{""from_gameid"":11453815,""channelCode"":11283087}",2024-03-05T22:42:45+00:00,,,
72994,krazzzzysam,https://t.me/krazzzzysam,Hii,2024-02-18T16:52:53+00:00,,,
72797,krazzzzysam,https://t.me/krazzzzysam,Hi,2024-02-17T01:33:14+00:00,,,
72711,krazzzzysam,https://t.me/krazzzzysam,<PERSON> do,2024-02-16T10:37:19+00:00,,,
72710,krazzzzysam,https://t.me/krazzzzysam,Please,2024-02-16T10:37:12+00:00,,,
72709,krazzzzysam,https://t.me/krazzzzysam,Crash course,2024-02-16T10:37:06+00:00,,,
72005,krazzzzysam,https://t.me/krazzzzysam,http://s2.letsfun.cc/share/ldu2/A3080e7e/3,2024-02-10T12:45:51+00:00,,,
71549,krazzzzysam,https://t.me/krazzzzysam,😭😭,2024-02-08T05:11:38+00:00,,,
71548,krazzzzysam,https://t.me/krazzzzysam,Hello Bhai movie download <PERSON>,2024-02-08T05:11:28+00:00,,,
71547,krazzzzysam,https://t.me/krazzzzysam,Hi,2024-02-08T05:07:28+00:00,,,
71539,krazzzzysam,https://t.me/krazzzzysam,movie dowload <PERSON> to hindi show <PERSON> but dowload hone ke bad  wo <NRP> <PERSON> hai,2024-02-08T03:06:24+00:00,,,
71512,krazzzzysam,https://t.me/krazzzzysam,https://youtube.com/shorts/WBz9UXbm2pE?si=HL_WEjLvqiMoCQhA,2024-02-07T18:28:14+00:00,,,
71511,krazzzzysam,https://t.me/krazzzzysam,https://youtube.com/shorts/WBz9UXbm2pE?si=HL_WEjLvqiMoCQhA,2024-02-07T18:27:54+00:00,,,
71481,krazzzzysam,https://t.me/krazzzzysam,<NRP>,2024-02-07T17:53:21+00:00,,,
71436,krazzzzysam,https://t.me/krazzzzysam,"💁‍♂️ Invite partners to the bot and get paid for them!

Send this link to a friend:
https://t.me/Tgbotsponsor_bot?start=<PHONE_NUMBER>
200 ₹ for each partner you invite
The referral is counted only after your friend has activated the bot!

◽️Users invited: 0
◽️Earnings: 0 ₹",2024-02-07T16:57:34+00:00,,,
71428,krazzzzysam,https://t.me/krazzzzysam,Hello,2024-02-07T16:18:48+00:00,,,
71427,krazzzzysam,https://t.me/krazzzzysam,Hi,2024-02-07T16:18:46+00:00,,,
71415,krazzzzysam,https://t.me/krazzzzysam,Downloading nhi <PERSON>,2024-02-07T15:10:54+00:00,,,
71406,krazzzzysam,https://t.me/krazzzzysam,Xxx viral https://t.me/alllinkwala,2024-02-07T14:36:49+00:00,,,
71405,krazzzzysam,https://t.me/krazzzzysam,https://t.me/alllinkwala,2024-02-07T14:36:24+00:00,,,
71400,krazzzzysam,https://t.me/krazzzzysam,The letter for thi king ye movie be send kr de brother,2024-02-07T14:24:28+00:00,,,
71399,krazzzzysam,https://t.me/krazzzzysam,The 100 S1-S7 bhej brother,2024-02-07T14:23:34+00:00,,,
71390,krazzzzysam,https://t.me/krazzzzysam,<PERSON> video,2024-02-07T12:46:27+00:00,,,
71389,krazzzzysam,https://t.me/krazzzzysam,Ullu web series,2024-02-07T12:46:03+00:00,,,
71381,krazzzzysam,https://t.me/krazzzzysam,Web series,2024-02-07T12:41:00+00:00,,,👍: 1
71371,krazzzzysam,https://t.me/krazzzzysam,<PERSON> moovie <PERSON>,2024-02-07T10:24:41+00:00,,,
71367,krazzzzysam,https://t.me/krazzzzysam,Paglet movie ki link bhej do bhai,2024-02-07T09:35:01+00:00,,,
71365,krazzzzysam,https://t.me/krazzzzysam,Bro shooter movie link dedo,2024-02-07T09:30:23+00:00,,,
71355,krazzzzysam,https://t.me/krazzzzysam,https://youtube.com/@Happy_bhati?si=l_ZBFCbDo9lILuN5,2024-02-07T08:32:28+00:00,,,
71350,krazzzzysam,https://t.me/krazzzzysam,Register and join this app,2024-02-07T07:48:19+00:00,,,
71349,krazzzzysam,https://t.me/krazzzzysam,https://tirangalottery.in/#/register?invitationCode=<PHONE_NUMBER>,2024-02-07T07:48:13+00:00,,,
71314,krazzzzysam,https://t.me/krazzzzysam,Very nice movie,2024-02-06T19:38:02+00:00,,,
71284,krazzzzysam,https://t.me/krazzzzysam,Kingdom movie hindi,2024-02-06T16:53:36+00:00,,,
71283,krazzzzysam,https://t.me/krazzzzysam,Angry birds movie,2024-02-06T16:52:54+00:00,,,
71282,krazzzzysam,https://t.me/krazzzzysam,Ok,2024-02-06T16:50:43+00:00,,,
71281,krazzzzysam,https://t.me/krazzzzysam,Hii,2024-02-06T16:40:51+00:00,,,
71280,krazzzzysam,https://t.me/krazzzzysam,I have all movies available massage me personally,2024-02-06T16:24:26+00:00,,,
71279,krazzzzysam,https://t.me/krazzzzysam,<PERSON> movie <PERSON>,2024-02-06T16:23:18+00:00,,,
71270,krazzzzysam,https://t.me/krazzzzysam,How,2024-02-06T14:00:21+00:00,,,
71267,krazzzzysam,https://t.me/krazzzzysam,Fj,2024-02-06T13:24:48+00:00,,,
71266,krazzzzysam,https://t.me/krazzzzysam,<PERSON>,2024-02-06T13:24:45+00:00,,,
71265,krazzzzysam,https://t.me/krazzzzysam,Bdo,2024-02-06T13:24:43+00:00,,,
71264,krazzzzysam,https://t.me/krazzzzysam,Hd,2024-02-06T13:24:42+00:00,,,
71263,krazzzzysam,https://t.me/krazzzzysam,Yy,2024-02-06T13:24:40+00:00,,,
71262,krazzzzysam,https://t.me/krazzzzysam,Vvv,2024-02-06T13:24:39+00:00,,,
71261,krazzzzysam,https://t.me/krazzzzysam,Jjj,2024-02-06T13:24:37+00:00,,,
71260,krazzzzysam,https://t.me/krazzzzysam,Bnn,2024-02-06T13:24:36+00:00,,,
71259,krazzzzysam,https://t.me/krazzzzysam,Eytkyyr JENGFUFN mg <PERSON> girls Fromبخمنبخ پناه میبرم <NRP>,2024-02-06T13:20:45+00:00,,,
71258,krazzzzysam,https://t.me/krazzzzysam,<PERSON>,2024-02-06T13:20:19+00:00,,,
71257,krazzzzysam,https://t.me/krazzzzysam,Ghuunfnnvvxjnf    yyriyh,2024-02-06T13:20:15+00:00,,,
71256,krazzzzysam,https://t.me/krazzzzysam,Fojf,2024-02-06T13:20:07+00:00,,,
71255,krazzzzysam,https://t.me/krazzzzysam,Fif,2024-02-06T13:20:05+00:00,,,
71248,krazzzzysam,https://t.me/krazzzzysam,Can I see pictures sweat home series season 1 & 2,2024-02-06T12:38:16+00:00,,,
71237,krazzzzysam,https://t.me/krazzzzysam,<PERSON> ladies,2024-02-06T08:05:36+00:00,,,
71236,krazzzzysam,https://t.me/krazzzzysam,Join this channel for more details,2024-02-06T06:55:48+00:00,,,
71235,krazzzzysam,https://t.me/krazzzzysam,https://t.me/BDGHackAvailable,2024-02-06T06:55:38+00:00,,,
71234,krazzzzysam,https://t.me/krazzzzysam,Join thiss link,2024-02-06T06:55:19+00:00,,,
71233,krazzzzysam,https://t.me/krazzzzysam,https://tirangalottery.in/#/register?invitationCode=<PHONE_NUMBER>,2024-02-06T06:55:12+00:00,,,
71214,krazzzzysam,https://t.me/krazzzzysam,hii,2024-02-06T01:58:12+00:00,,,
71213,krazzzzysam,https://t.me/krazzzzysam,Send that's my boy movie link,2024-02-06T01:30:38+00:00,,,
71210,krazzzzysam,https://t.me/krazzzzysam,Register and join this,2024-02-05T20:52:22+00:00,,,
71209,krazzzzysam,https://t.me/krazzzzysam,https://tirangalottery.in/#/register?invitationCode=<PHONE_NUMBER>,2024-02-05T20:52:14+00:00,,,
71208,krazzzzysam,https://t.me/krazzzzysam,Download nh <PERSON> h,2024-02-05T19:06:32+00:00,,,
71202,krazzzzysam,https://t.me/krazzzzysam,Crash course,2024-02-05T17:16:25+00:00,,,
71195,krazzzzysam,https://t.me/krazzzzysam,Bro warning 2 dalo punjabi movie,2024-02-05T17:02:20+00:00,,,
71193,krazzzzysam,https://t.me/krazzzzysam,Rasbhari webseries baj do,2024-02-05T16:48:48+00:00,,,
71190,krazzzzysam,https://t.me/krazzzzysam,<PERSON> mast upload karo,2024-02-05T16:02:37+00:00,,,
71181,krazzzzysam,https://t.me/krazzzzysam,<PERSON> movie download nh <PERSON> h,2024-02-05T15:11:40+00:00,,,
71172,krazzzzysam,https://t.me/krazzzzysam,Check channel,2024-02-05T14:51:36+00:00,,,
71171,krazzzzysam,https://t.me/krazzzzysam,"👉 𝐓𝐎𝐃𝐀𝐘 𝐁𝐄𝐒𝐓 𝐒𝐏𝐄𝐂𝐈𝐀𝐋 <PERSON> 

👉🌹<DATE_TIME>'s Best Offer BITCOINE Double Money 💰💰💰👇👇👇👇

💵 PayTM//Google pay/Phonepay Doubling 💵

👉 ₹2000/- And Get ₹ 6,000/-
👉 ₹3000/- And Get ₹ 10,000/-
👉 ₹5000/- And Get ₹ 15000/-
👉 ₹8000/- And Get ₹24000/-
👉 ₹10000/- And Get ₹30000/-
👉 ₹15000/- And Get ₹45000/-
👉 ₹20000/- And Get ₹60000/-
👉 ₹30000/- And Get ₹90000/-
👉 ₹50000/- And Get ₹1.5 Lac...

💰 Money Will Be Credited In Your Account Under 15-45Minutes.

Contact me 👉 
For checking proof

https://wa.me/<PHONE_NUMBER>/?text=*HELLO-MONEY_INVEST_SIR",2024-02-05T14:51:22+00:00,,,👍: 3
71167,krazzzzysam,https://t.me/krazzzzysam,<PERSON> Movi <PERSON>,2024-02-05T14:02:50+00:00,,,
71165,krazzzzysam,https://t.me/krazzzzysam,Join this channel,2024-02-05T13:38:23+00:00,,,
71164,krazzzzysam,https://t.me/krazzzzysam,https://t.me/BDGHackAvailable,2024-02-05T13:38:16+00:00,,,
71148,krazzzzysam,https://t.me/krazzzzysam,<PERSON> all series link please,2024-02-05T11:58:01+00:00,,,
71129,krazzzzysam,https://t.me/krazzzzysam,"<PERSON> search kro bs 
https://t.me/enSearchBot?start=<PHONE_NUMBER>",2024-02-05T08:14:44+00:00,,,
71128,krazzzzysam,https://t.me/krazzzzysam,Everything search here https://t.me/enSearchBot?start=<PHONE_NUMBER>,2024-02-05T08:14:30+00:00,,,
71127,krazzzzysam,https://t.me/krazzzzysam,https://t.me/enSearchBot?start=<PHONE_NUMBER>,2024-02-05T08:14:07+00:00,,,
71126,krazzzzysam,https://t.me/krazzzzysam,https://t.me/enSearchBot?start=<PHONE_NUMBER>,2024-02-05T08:14:04+00:00,,,
71125,krazzzzysam,https://t.me/krazzzzysam,https://t.me/enSearchBot?start=<PHONE_NUMBER>,2024-02-05T08:14:01+00:00,,,
71116,krazzzzysam,https://t.me/krazzzzysam,<PERSON>,2024-02-05T06:05:20+00:00,,,
71103,krazzzzysam,https://t.me/krazzzzysam,https://chat.whatsapp.com/DFqyylBZjhoIuW5B5xOHS9,2024-02-05T04:29:39+00:00,,,
71102,krazzzzysam,https://t.me/krazzzzysam,<PERSON> <DATE_TIME> complete,2024-02-05T03:41:54+00:00,,,
71093,krazzzzysam,https://t.me/krazzzzysam,Hiii,2024-02-04T21:13:32+00:00,,,
71089,krazzzzysam,https://t.me/krazzzzysam,<PERSON> movie bhej do n,2024-02-04T17:58:10+00:00,,,
71087,krazzzzysam,https://t.me/krazzzzysam,<PERSON> bhai,2024-02-04T17:12:43+00:00,,,
71085,krazzzzysam,https://t.me/krazzzzysam,Hi,2024-02-04T17:01:31+00:00,,,
71065,krazzzzysam,https://t.me/krazzzzysam,<PERSON> signals <PERSON>,2024-02-04T16:10:10+00:00,,,
71064,krazzzzysam,https://t.me/krazzzzysam,Koi aviator k bare me jnta h kya,2024-02-04T16:09:53+00:00,,,
71061,krazzzzysam,https://t.me/krazzzzysam,https://t.me/virallinkslele/3,2024-02-04T15:49:48+00:00,,,👍: 1
71059,krazzzzysam,https://t.me/krazzzzysam,🤑🤑,2024-02-04T15:42:52+00:00,,,
71058,krazzzzysam,https://t.me/krazzzzysam,Online sharing apk se <PERSON> msg <PERSON>,2024-02-04T15:42:41+00:00,,,
