id,Channel ID,URL,message,date,views,forwards,reactions
473,krazzzzysam,https://t.me/krazzzzysam,"👇New channel <PERSON> or jakr join krlo for latest møv!e$

https://t.me/+da-e-Nwi6Y0zZDM1
https://t.me/+da-e-Nwi6Y0zZDM1
https://t.me/+da-e-Nwi6Y0zZDM1

<PERSON> hi new channel hai to jao or join krlo",2023-12-22T08:47:47+00:00,320676.0,151.0,"👍: 209, ❤: 30, 👎: 11, 👏: 11, 🥰: 9, 🔥: 3, 🤯: 2"
79993,krazzzzysam,https://t.me/krazzzzysam,Dunki,2024-04-12T14:38:34+00:00,,,
73418,krazzzzysam,https://t.me/krazzzzysam,<PERSON> movie link please,2024-02-24T15:44:35+00:00,,,
69865,krazzzzysam,https://t.me/krazzzzysam,That's my boy,2024-01-30T19:04:46+00:00,,,
69629,krazzzzysam,https://t.me/krazzzzysam,"Hi
my friend
<PERSON> me movies / Web series /  TV shows  download <PERSON> to join karo mere telegram channel ko

Telegram channel name :  Tlsbro 
Link ⬇️

https://t.me/+5lkJC4v3gMM2Yjc9",2024-01-29T15:48:15+00:00,,,
68625,krazzzzysam,https://t.me/krazzzzysam,<PERSON> mere paas but personally massage me milegi okay,2024-01-24T18:26:36+00:00,,,
68624,krazzzzysam,https://t.me/krazzzzysam,Bro personally massage kro,2024-01-24T18:26:27+00:00,,,
68042,krazzzzysam,https://t.me/krazzzzysam,Hello,2024-01-24T11:36:07+00:00,,,
67383,krazzzzysam,https://t.me/krazzzzysam,Download links,2024-01-20T19:09:44+00:00,,,
67038,krazzzzysam,https://t.me/krazzzzysam,<PERSON> mere paas but personally massage me milegi okay,2024-01-18T18:05:36+00:00,,,
66998,krazzzzysam,https://t.me/krazzzzysam,<PERSON> pls,2024-01-18T15:38:35+00:00,,,
65261,krazzzzysam,https://t.me/krazzzzysam,<PERSON>,2024-01-08T16:33:03+00:00,,,
64997,krazzzzysam,https://t.me/krazzzzysam,Hii,2024-01-08T01:54:58+00:00,,,
62878,krazzzzysam,https://t.me/krazzzzysam,Gujrati movie,2023-12-31T07:10:54+00:00,,,
62877,krazzzzysam,https://t.me/krazzzzysam,3ekka,2023-12-31T07:10:40+00:00,,,
62872,krazzzzysam,https://t.me/krazzzzysam,<PERSON> movie chahiye???,2023-12-31T07:10:08+00:00,,,
62861,krazzzzysam,https://t.me/krazzzzysam,<PERSON> do na,2023-12-31T06:50:05+00:00,,,
62856,krazzzzysam,https://t.me/krazzzzysam,Are bhai us me message <PERSON> <DATE_TIME> me mil <PERSON>,2023-12-31T06:48:29+00:00,,,
62853,krazzzzysam,https://t.me/krazzzzysam,<PERSON> he,2023-12-31T06:27:13+00:00,,,
62842,krazzzzysam,https://t.me/krazzzzysam,"<PERSON> movie link

https://t.me/+KbdFrCcdTB05ZGZl

Join now 👆👆👆",2023-12-31T05:30:48+00:00,,,
62820,krazzzzysam,https://t.me/krazzzzysam,<PERSON>,2023-12-31T04:12:40+00:00,,,
62699,krazzzzysam,https://t.me/krazzzzysam,Bhaii salaar movie ki link <PERSON> fir se,2023-12-30T12:06:15+00:00,,,
62329,krazzzzysam,https://t.me/krazzzzysam,"Bhai full movie <PERSON> dubbed👇 me available he 👇

https://t.me/movieflixzzzORG
https://t.me/movieflixzzzORG
https://t.me/movieflixzzzORG",2023-12-28T16:39:52+00:00,,,
62328,krazzzzysam,https://t.me/krazzzzysam,"Bhai full movie <PERSON> dubbed👇 me available he 👇

https://t.me/movieflixzzzORG
https://t.me/movieflixzzzORG
https://t.me/movieflixzzzORG",2023-12-28T16:39:38+00:00,,,
62319,krazzzzysam,https://t.me/krazzzzysam,Bej do <NRP>,2023-12-28T15:45:02+00:00,,,
62318,krazzzzysam,https://t.me/krazzzzysam,Join <PERSON> bro,2023-12-28T15:44:57+00:00,,,
62317,krazzzzysam,https://t.me/krazzzzysam,<PERSON>,2023-12-28T15:42:04+00:00,,,
62316,krazzzzysam,https://t.me/krazzzzysam,Mere chennal me h <PERSON>,2023-12-28T15:38:56+00:00,,,
62315,krazzzzysam,https://t.me/krazzzzysam,<PERSON> movie send <PERSON> do,2023-12-28T15:37:28+00:00,,,
62223,krazzzzysam,https://t.me/krazzzzysam,Join <PERSON> do <PERSON>,2023-12-28T07:14:06+00:00,,,
62092,krazzzzysam,https://t.me/krazzzzysam,Panchayat,2023-12-27T16:55:21+00:00,,,
62021,krazzzzysam,https://t.me/krazzzzysam,Hunki,2023-12-27T09:45:45+00:00,,,
61761,krazzzzysam,https://t.me/krazzzzysam,"Bhai full movie <PERSON> dubbed👇 me available he 👇
https://t.me/movieflixzzzORG
https://t.me/movieflixzzzORG
https://t.me/movieflixzzzORG",2023-12-26T11:50:45+00:00,,,
61719,krazzzzysam,https://t.me/krazzzzysam,<PERSON> movies chahiye toh personally massage <PERSON>...👍,2023-12-26T05:45:09+00:00,,,
61573,krazzzzysam,https://t.me/krazzzzysam,Bhai mere chennal pe h <PERSON>,2023-12-25T10:29:11+00:00,,,
61572,krazzzzysam,https://t.me/krazzzzysam,Prison school movie,2023-12-25T10:28:19+00:00,,,
61522,krazzzzysam,https://t.me/krazzzzysam,Bhai,2023-12-25T08:35:20+00:00,,,
61519,krazzzzysam,https://t.me/krazzzzysam,"Bhai full movie <PERSON> dubbed👇 me available he 👇
https://t.me/movieflixzzzORG
https://t.me/movieflixzzzORG
https://t.me/movieflixzzzORG",2023-12-25T08:35:07+00:00,,,
61517,krazzzzysam,https://t.me/krazzzzysam,"Bhai full movie <PERSON> dubbed👇 me available he 👇
https://t.me/movieflixzzzORG
https://t.me/movieflixzzzORG
https://t.me/movieflixzzzORG",2023-12-25T08:34:50+00:00,,,
61516,krazzzzysam,https://t.me/krazzzzysam,"Bhai full movie <PERSON> dubbed👇 me available he 👇
https://t.me/movieflixzzzORG
https://t.me/movieflixzzzORG
https://t.me/movieflixzzzORG",2023-12-25T08:34:45+00:00,,,
61475,krazzzzysam,https://t.me/krazzzzysam,<PERSON> massage karo mai de dunga,2023-12-25T06:39:19+00:00,,,
61474,krazzzzysam,https://t.me/krazzzzysam,Exorcist,2023-12-25T06:38:48+00:00,,,
61473,krazzzzysam,https://t.me/krazzzzysam,<PERSON>,2023-12-25T06:38:35+00:00,,,
61472,krazzzzysam,https://t.me/krazzzzysam,Open ni ho rhi h,2023-12-25T06:38:15+00:00,,,
61423,krazzzzysam,https://t.me/krazzzzysam,https://t.me/+luV-akN5cvtkZTg1,2023-12-24T19:08:54+00:00,,,
61337,krazzzzysam,https://t.me/krazzzzysam,"Bhai all movies working link <PERSON> dubbed👇 me available he 👇
https://t.me/movieflixzzzORG
https://t.me/movieflixzzzORG
https://t.me/movieflixzzzORG",2023-12-24T13:53:12+00:00,,,
61336,krazzzzysam,https://t.me/krazzzzysam,"Bhai all movies working link <PERSON> dubbed👇 me available he 👇
https://t.me/movieflixzzzORG
https://t.me/movieflixzzzORG
https://t.me/movieflixzzzORG",2023-12-24T13:53:07+00:00,,,
61335,krazzzzysam,https://t.me/krazzzzysam,"Bhai all movies working link <PERSON> dubbed👇 me available he 👇
https://t.me/movieflixzzzORG
https://t.me/movieflixzzzORG
https://t.me/movieflixzzzORG",2023-12-24T13:52:59+00:00,,,
61334,krazzzzysam,https://t.me/krazzzzysam,"Bhai all movies working link <PERSON> dubbed👇 me available he 👇
https://t.me/movieflixzzzORG
https://t.me/movieflixzzzORG
https://t.me/movieflixzzzORG",2023-12-24T13:52:54+00:00,,,
61333,krazzzzysam,https://t.me/krazzzzysam,"Bhai all movies working link <PERSON> dubbed👇 me available he 👇
https://t.me/movieflixzzzORG
https://t.me/movieflixzzzORG
https://t.me/movieflixzzzORG",2023-12-24T13:52:45+00:00,,,
61248,krazzzzysam,https://t.me/krazzzzysam,"Bhai mere chennal pe h dekh lo
https://t.me/allwebseries63",2023-12-24T08:18:56+00:00,,,
61247,krazzzzysam,https://t.me/krazzzzysam,Scam <DATE_TIME> vol 2,2023-12-24T08:09:57+00:00,,,
61172,krazzzzysam,https://t.me/krazzzzysam,"<PERSON> click and join 👇


https://t.me/+u5b1I-Fio8c4YmE1",2023-12-23T18:32:38+00:00,,,
61097,krazzzzysam,https://t.me/krazzzzysam,<PERSON> 2 <PERSON> join <PERSON> movie milegi comment karna,2023-12-23T13:24:35+00:00,,,
61096,krazzzzysam,https://t.me/krazzzzysam,<PERSON> 2 <PERSON> join <PERSON> movie milegi comment karna,2023-12-23T13:24:21+00:00,,,
61095,krazzzzysam,https://t.me/krazzzzysam,<PERSON> 2 <PERSON> join <PERSON> movie milegi comment karna,2023-12-23T13:24:12+00:00,,,
61094,krazzzzysam,https://t.me/krazzzzysam,<PERSON> 2 <PERSON> join <PERSON> movie milegi comment karna,2023-12-23T13:24:07+00:00,,,
61093,krazzzzysam,https://t.me/krazzzzysam,<PERSON> 2 <PERSON> join <PERSON> movie milegi comment karna,2023-12-23T13:24:02+00:00,,,
61092,krazzzzysam,https://t.me/krazzzzysam,<PERSON> 2 <PERSON> join <PERSON> movie milegi comment karna,2023-12-23T13:23:57+00:00,,,
61091,krazzzzysam,https://t.me/krazzzzysam,<PERSON> 2 <PERSON> join <PERSON> movie milegi comment karna,2023-12-23T13:23:52+00:00,,,
61090,krazzzzysam,https://t.me/krazzzzysam,<PERSON> 2 <PERSON> join <PERSON> movie milegi comment karna,2023-12-23T13:23:47+00:00,,,
61089,krazzzzysam,https://t.me/krazzzzysam,<PERSON> 2 <PERSON> join <PERSON> movie milegi comment karna,2023-12-23T13:23:42+00:00,,,
61088,krazzzzysam,https://t.me/krazzzzysam,<PERSON> 2 <PERSON> join <PERSON> movie milegi comment karna,2023-12-23T13:23:36+00:00,,,
61087,krazzzzysam,https://t.me/krazzzzysam,<PERSON> 2 <PERSON> join <PERSON> movie milegi comment karna,2023-12-23T13:23:28+00:00,,,
61086,krazzzzysam,https://t.me/krazzzzysam,<PERSON> 2 <PERSON> join <PERSON> movie milegi comment karna,2023-12-23T13:23:22+00:00,,,
61085,krazzzzysam,https://t.me/krazzzzysam,<PERSON> 2 <PERSON> join <PERSON> movie milegi comment karna,2023-12-23T13:23:04+00:00,,,
61084,krazzzzysam,https://t.me/krazzzzysam,<PERSON> 2 <PERSON> join <PERSON> movie milegi comment karna,2023-12-23T13:22:56+00:00,,,
61083,krazzzzysam,https://t.me/krazzzzysam,<PERSON> 2 <PERSON> join <PERSON> movie milegi comment karna,2023-12-23T13:22:51+00:00,,,
61062,krazzzzysam,https://t.me/krazzzzysam,Me ko massage karo,2023-12-23T12:52:21+00:00,,,
61061,krazzzzysam,https://t.me/krazzzzysam,<PERSON> movie,2023-12-23T12:49:28+00:00,,,
61060,krazzzzysam,https://t.me/krazzzzysam,Hii,2023-12-23T12:48:28+00:00,,,
61058,krazzzzysam,https://t.me/krazzzzysam,(New York),2023-12-23T12:14:17+00:00,,,
61057,krazzzzysam,https://t.me/krazzzzysam,<PERSON> laaoo gee,2023-12-23T12:14:08+00:00,,,
61056,krazzzzysam,https://t.me/krazzzzysam,Bhai,2023-12-23T12:13:55+00:00,,,
61036,krazzzzysam,https://t.me/krazzzzysam,https://t.me/KrazzzzySam/474?single,2023-12-23T10:58:10+00:00,,,
61035,krazzzzysam,https://t.me/krazzzzysam,nahi he bhai,2023-12-23T10:52:08+00:00,,,
61028,krazzzzysam,https://t.me/krazzzzysam,"Join my chennal mere chennal pe h
https://t.me/movie_time66",2023-12-23T09:46:55+00:00,,,
61026,krazzzzysam,https://t.me/krazzzzysam,Dunki,2023-12-23T09:46:14+00:00,,,
60959,krazzzzysam,https://t.me/krazzzzysam,"<PERSON> is channel pe mil jaegi 👇
Terabox link👇🔗
https://t.me/movieflixzzzORG
https://t.me/movieflixzzzORG
https://t.me/movieflixzzzORG",2023-12-23T06:41:55+00:00,,,
60958,krazzzzysam,https://t.me/krazzzzysam,"<PERSON> is channel pe mil jaegi 👇
Terabox link👇🔗
https://t.me/movieflixzzzORG
https://t.me/movieflixzzzORG
https://t.me/movieflixzzzORG",2023-12-23T06:41:48+00:00,,,
60957,krazzzzysam,https://t.me/krazzzzysam,"<PERSON> is channel pe mil jaegi 👇
Terabox link👇🔗
https://t.me/movieflixzzzORG
https://t.me/movieflixzzzORG
https://t.me/movieflixzzzORG",2023-12-23T06:41:39+00:00,,,
60956,krazzzzysam,https://t.me/krazzzzysam,"<PERSON> is channel pe mil jaegi 👇
Terabox link👇🔗
https://t.me/movieflixzzzORG
https://t.me/movieflixzzzORG
https://t.me/movieflixzzzORG",2023-12-23T06:41:34+00:00,,,
60955,krazzzzysam,https://t.me/krazzzzysam,"<PERSON> is channel pe mil jaegi 👇
Terabox link👇🔗
https://t.me/movieflixzzzORG
https://t.me/movieflixzzzORG
https://t.me/movieflixzzzORG",2023-12-23T06:41:30+00:00,,,
60954,krazzzzysam,https://t.me/krazzzzysam,"<PERSON> is channel pe mil jaegi 👇
Terabox link👇🔗
https://t.me/movieflixzzzORG
https://t.me/movieflixzzzORG
https://t.me/movieflixzzzORG",2023-12-23T06:41:26+00:00,,,
60953,krazzzzysam,https://t.me/krazzzzysam,"<PERSON> is channel pe mil jaegi 👇
Terabox link👇🔗
https://t.me/movieflixzzzORG
https://t.me/movieflixzzzORG
https://t.me/movieflixzzzORG",2023-12-23T06:41:23+00:00,,,
60952,krazzzzysam,https://t.me/krazzzzysam,"<PERSON> is channel pe mil jaegi 👇
Terabox link👇🔗
https://t.me/movieflixzzzORG
https://t.me/movieflixzzzORG
https://t.me/movieflixzzzORG",2023-12-23T06:41:20+00:00,,,
60951,krazzzzysam,https://t.me/krazzzzysam,"<PERSON> is channel pe mil jaegi 👇
Terabox link👇🔗
https://t.me/movieflixzzzORG
https://t.me/movieflixzzzORG
https://t.me/movieflixzzzORG",2023-12-23T06:41:16+00:00,,,
60950,krazzzzysam,https://t.me/krazzzzysam,"<PERSON> is channel pe mil jaegi 👇
Terabox link👇🔗
https://t.me/movieflixzzzORG
https://t.me/movieflixzzzORG
https://t.me/movieflixzzzORG",2023-12-23T06:41:09+00:00,,,
60949,krazzzzysam,https://t.me/krazzzzysam,"<PERSON> is channel pe mil jaegi 👇
Terabox link👇🔗
https://t.me/movieflixzzzORG
https://t.me/movieflixzzzORG
https://t.me/movieflixzzzORG",2023-12-23T06:40:54+00:00,,,
60948,krazzzzysam,https://t.me/krazzzzysam,"<PERSON> is channel pe mil jaegi 👇
Terabox link👇🔗
https://t.me/movieflixzzzORG
https://t.me/movieflixzzzORG
https://t.me/movieflixzzzORG",2023-12-23T06:40:49+00:00,,,
60947,krazzzzysam,https://t.me/krazzzzysam,"<PERSON> is channel pe mil jaegi 👇
Terabox link👇🔗
https://t.me/movieflixzzzORG
https://t.me/movieflixzzzORG
https://t.me/movieflixzzzORG",2023-12-23T06:40:41+00:00,,,
60946,krazzzzysam,https://t.me/krazzzzysam,"<PERSON> is channel pe mil jaegi 👇
Terabox link👇🔗
https://t.me/movieflixzzzORG
https://t.me/movieflixzzzORG
https://t.me/movieflixzzzORG",2023-12-23T06:40:38+00:00,,,
60945,krazzzzysam,https://t.me/krazzzzysam,"<PERSON> is channel pe mil jaegi 👇
Terabox link👇🔗
https://t.me/movieflixzzzORG
https://t.me/movieflixzzzORG
https://t.me/movieflixzzzORG",2023-12-23T06:40:31+00:00,,,
60944,krazzzzysam,https://t.me/krazzzzysam,"<PERSON> is channel pe mil jaegi 👇
Terabox link👇🔗
https://t.me/movieflixzzzORG
https://t.me/movieflixzzzORG
https://t.me/movieflixzzzORG",2023-12-23T06:40:13+00:00,,,
60943,krazzzzysam,https://t.me/krazzzzysam,"<PERSON> is channel pe mil jaegi 👇
Terabox link👇🔗
https://t.me/movieflixzzzORG
https://t.me/movieflixzzzORG
https://t.me/movieflixzzzORG",2023-12-23T06:40:06+00:00,,,
60942,krazzzzysam,https://t.me/krazzzzysam,"<PERSON> is channel pe mil jaegi 👇
Terabox link👇🔗
https://t.me/movieflixzzzORG
https://t.me/movieflixzzzORG
https://t.me/movieflixzzzORG",2023-12-23T06:40:03+00:00,,,
60941,krazzzzysam,https://t.me/krazzzzysam,"<PERSON> is channel pe mil jaegi 👇
Terabox link👇🔗
https://t.me/movieflixzzzORG
https://t.me/movieflixzzzORG
https://t.me/movieflixzzzORG",2023-12-23T06:39:58+00:00,,,
60940,krazzzzysam,https://t.me/krazzzzysam,"<PERSON> is channel pe mil jaegi 👇
Terabox link👇🔗
https://t.me/movieflixzzzORG
https://t.me/movieflixzzzORG
https://t.me/movieflixzzzORG",2023-12-23T06:39:39+00:00,,,
60939,krazzzzysam,https://t.me/krazzzzysam,"<PERSON> is channel pe mil jaegi 👇
Terabox link👇🔗
https://t.me/movieflixzzzORG
https://t.me/movieflixzzzORG
https://t.me/movieflixzzzORG",2023-12-23T06:39:33+00:00,,,
60938,krazzzzysam,https://t.me/krazzzzysam,"<PERSON> is channel pe mil jaegi 👇
Terabox link👇🔗
https://t.me/movieflixzzzORG
https://t.me/movieflixzzzORG
https://t.me/movieflixzzzORG",2023-12-23T06:39:22+00:00,,,
60937,krazzzzysam,https://t.me/krazzzzysam,"<PERSON> is channel pe mil jaegi 👇
Terabox link👇🔗
https://t.me/movieflixzzzORG
https://t.me/movieflixzzzORG
https://t.me/movieflixzzzORG",2023-12-23T06:39:18+00:00,,,
60936,krazzzzysam,https://t.me/krazzzzysam,"<PERSON> is channel pe mil jaegi 👇
Terabox link👇🔗
https://t.me/movieflixzzzORG
https://t.me/movieflixzzzORG
https://t.me/movieflixzzzORG",2023-12-23T06:39:13+00:00,,,
60935,krazzzzysam,https://t.me/krazzzzysam,"<PERSON> is channel pe mil jaegi 👇
Terabox link👇🔗
https://t.me/movieflixzzzORG
https://t.me/movieflixzzzORG
https://t.me/movieflixzzzORG",2023-12-23T06:39:07+00:00,,,
60934,krazzzzysam,https://t.me/krazzzzysam,"<PERSON> is channel pe mil jaegi 👇
Terabox link👇🔗
https://t.me/movieflixzzzORG
https://t.me/movieflixzzzORG
https://t.me/movieflixzzzORG",2023-12-23T06:39:00+00:00,,,
60933,krazzzzysam,https://t.me/krazzzzysam,"<PERSON> is channel pe mil jaegi 👇
Terabox link👇🔗
https://t.me/movieflixzzzORG
https://t.me/movieflixzzzORG
https://t.me/movieflixzzzORG",2023-12-23T06:38:57+00:00,,,
60932,krazzzzysam,https://t.me/krazzzzysam,"<PERSON> is channel pe mil jaegi 👇
Terabox link👇🔗
https://t.me/movieflixzzzORG
https://t.me/movieflixzzzORG
https://t.me/movieflixzzzORG",2023-12-23T06:38:50+00:00,,,
60931,krazzzzysam,https://t.me/krazzzzysam,"<PERSON> is channel pe mil jaegi 👇
Terabox link👇🔗
https://t.me/movieflixzzzORG
https://t.me/movieflixzzzORG
https://t.me/movieflixzzzORG",2023-12-23T06:38:46+00:00,,,
60930,krazzzzysam,https://t.me/krazzzzysam,"<PERSON> is channel pe mil jaegi 👇
Terabox link👇🔗
https://t.me/movieflixzzzORG
https://t.me/movieflixzzzORG
https://t.me/movieflixzzzORG",2023-12-23T06:38:42+00:00,,,
60929,krazzzzysam,https://t.me/krazzzzysam,"<PERSON> is channel pe mil jaegi 👇
Terabox link👇🔗
https://t.me/movieflixzzzORG
https://t.me/movieflixzzzORG
https://t.me/movieflixzzzORG",2023-12-23T06:38:38+00:00,,,
60928,krazzzzysam,https://t.me/krazzzzysam,"<PERSON> is channel pe mil jaegi 👇
Terabox link👇🔗
https://t.me/movieflixzzzORG
https://t.me/movieflixzzzORG
https://t.me/movieflixzzzORG",2023-12-23T06:38:31+00:00,,,
60927,krazzzzysam,https://t.me/krazzzzysam,"<PERSON> is channel pe mil jaegi 👇
Terabox link👇🔗
https://t.me/movieflixzzzORG
https://t.me/movieflixzzzORG
https://t.me/movieflixzzzORG",2023-12-23T06:38:25+00:00,,,
60926,krazzzzysam,https://t.me/krazzzzysam,"<PERSON> is channel pe mil jaegi 👇
Terabox link👇🔗
https://t.me/movieflixzzzORG
https://t.me/movieflixzzzORG
https://t.me/movieflixzzzORG",2023-12-23T06:38:21+00:00,,,
60910,krazzzzysam,https://t.me/krazzzzysam,@MKS_Movie_1,2023-12-23T06:26:08+00:00,,,
60909,krazzzzysam,https://t.me/krazzzzysam,Movie <PERSON>,2023-12-23T06:18:54+00:00,,,
60862,krazzzzysam,https://t.me/krazzzzysam,Ok <PERSON> use per main to message <PERSON> hi <PERSON> a sakta <PERSON>,2023-12-22T17:33:28+00:00,,,
60859,krazzzzysam,https://t.me/krazzzzysam,<PERSON> send karo Tanki kaise download <PERSON>,2023-12-22T17:28:19+00:00,,,
60858,krazzzzysam,https://t.me/krazzzzysam,Hello,2023-12-22T17:27:56+00:00,,,
60842,krazzzzysam,https://t.me/krazzzzysam,Send me,2023-12-22T16:08:48+00:00,,,
60778,krazzzzysam,https://t.me/krazzzzysam,<PERSON> bhai,2023-12-22T14:39:39+00:00,,,
60768,krazzzzysam,https://t.me/krazzzzysam,Good boy's movie,2023-12-22T14:28:45+00:00,,,
60766,krazzzzysam,https://t.me/krazzzzysam,Movie link,2023-12-22T14:24:32+00:00,,,
60762,krazzzzysam,https://t.me/krazzzzysam,""" THE RING "" in <NRP> movie send me plz",2023-12-22T14:06:07+00:00,,,
60761,krazzzzysam,https://t.me/krazzzzysam,"""The exorcist"" in <NRP> movie send karo",2023-12-22T14:00:14+00:00,,,
60760,krazzzzysam,https://t.me/krazzzzysam,Bhai wrong turn ka sabhi part ka link do na Hindi me,2023-12-22T13:51:29+00:00,,,👍: 1
60759,krazzzzysam,https://t.me/krazzzzysam,<PERSON> please gujrati movie 3ekka ka link bhej do,2023-12-22T13:29:25+00:00,,,
60758,krazzzzysam,https://t.me/krazzzzysam,New channel me h jao download krlo,2023-12-22T13:26:13+00:00,,,
60757,krazzzzysam,https://t.me/krazzzzysam,Hii,2023-12-22T13:23:22+00:00,,,
60756,krazzzzysam,https://t.me/krazzzzysam,Hii,2023-12-22T13:23:21+00:00,,,
60751,krazzzzysam,https://t.me/krazzzzysam,link,2023-12-22T13:15:05+00:00,,,
60750,krazzzzysam,https://t.me/krazzzzysam,<PERSON> he bhai,2023-12-22T13:15:00+00:00,,,
60749,krazzzzysam,https://t.me/krazzzzysam,<PERSON> siries,2023-12-22T13:13:28+00:00,,,
60741,krazzzzysam,https://t.me/krazzzzysam,Censored movie Hindi,2023-12-22T12:53:49+00:00,,,
60739,krazzzzysam,https://t.me/krazzzzysam,<PERSON> pass <PERSON> massage karo personally,2023-12-22T12:49:16+00:00,,,
60738,krazzzzysam,https://t.me/krazzzzysam,Bhai animal movie ka link bhej do,2023-12-22T12:35:59+00:00,,,
60737,krazzzzysam,https://t.me/krazzzzysam,Malignant ye vali movie <PERSON> bhai,2023-12-22T12:33:10+00:00,,,
60731,krazzzzysam,https://t.me/krazzzzysam,https://t.me/Utsavfilm yaha se download <PERSON>,2023-12-22T11:59:17+00:00,,,
60730,krazzzzysam,https://t.me/krazzzzysam,Jab tere pass link <PERSON> to bhejna ismein,2023-12-22T11:49:45+00:00,,,👍: 1
60728,krazzzzysam,https://t.me/krazzzzysam,<PERSON> pass h salaar movie message kro parsnaly,2023-12-22T11:44:55+00:00,,,
60727,krazzzzysam,https://t.me/krazzzzysam,<PERSON> pass <PERSON> massage karo personally,2023-12-22T11:42:26+00:00,,,
60722,krazzzzysam,https://t.me/krazzzzysam,<PERSON>,2023-12-22T11:33:03+00:00,,,
60703,krazzzzysam,https://t.me/krazzzzysam,https://t.me/Utsavfilm/191,2023-12-22T11:13:55+00:00,,,
60701,krazzzzysam,https://t.me/krazzzzysam,https://t.me/Utsavfilm/191,2023-12-22T11:13:44+00:00,,,
60699,krazzzzysam,https://t.me/krazzzzysam,https://t.me/Utsavfilm/191,2023-12-22T11:13:31+00:00,,,
60697,krazzzzysam,https://t.me/krazzzzysam,https://t.me/Utsavfilm/191,2023-12-22T11:13:17+00:00,,,
60695,krazzzzysam,https://t.me/krazzzzysam,https://t.me/Utsavfilm/191,2023-12-22T11:12:51+00:00,,,
60694,krazzzzysam,https://t.me/krazzzzysam,https://t.me/Utsavfilm/191,2023-12-22T11:12:44+00:00,,,
60692,krazzzzysam,https://t.me/krazzzzysam,Join my chennal mere chennal se download karo kuchh problem ho tab <PERSON>https://t.me/movie_time66,2023-12-22T11:11:38+00:00,,,
60690,krazzzzysam,https://t.me/krazzzzysam,<PERSON> movie डाउनलोड तो नहीं हो रही ह भाई कसे करे डाउनलोड इसको,2023-12-22T11:05:58+00:00,,,
60687,krazzzzysam,https://t.me/krazzzzysam,Salar link please,2023-12-22T11:01:25+00:00,,,
60686,krazzzzysam,https://t.me/krazzzzysam,Salara,2023-12-22T10:59:13+00:00,,,
60685,krazzzzysam,https://t.me/krazzzzysam,"<PERSON>
Dekh lo salaar  movie",2023-12-22T10:48:58+00:00,,,
60683,krazzzzysam,https://t.me/krazzzzysam,Movie <PERSON>,2023-12-22T10:44:58+00:00,,,
60680,krazzzzysam,https://t.me/krazzzzysam,<PERSON> beena twrabox ke,2023-12-22T10:32:14+00:00,,,
60679,krazzzzysam,https://t.me/krazzzzysam,Start,2023-12-22T10:30:30+00:00,,,
60678,krazzzzysam,https://t.me/krazzzzysam,Watch online and download in one click ❤️,2023-12-22T10:29:37+00:00,,,
60677,krazzzzysam,https://t.me/krazzzzysam,"new Movies here 👇 join
https://t.me/Anime_ka_pujari
https://t.me/Anime_ka_pujari",2023-12-22T10:29:09+00:00,,,
60670,krazzzzysam,https://t.me/krazzzzysam,"<PERSON> join karo terabox me milegi movie salaar
https://t.me/movie_time66",2023-12-22T10:24:37+00:00,,,
60669,krazzzzysam,https://t.me/krazzzzysam,<PERSON> teraapp me nhi hoga kya,2023-12-22T10:16:25+00:00,,,
60663,krazzzzysam,https://t.me/krazzzzysam,"Join my chennal mere chennal pe h 
https://t.me/movie_time66",2023-12-22T10:06:01+00:00,,,
60662,krazzzzysam,https://t.me/krazzzzysam,Movie bhej,2023-12-22T10:00:40+00:00,,,
60656,krazzzzysam,https://t.me/krazzzzysam,"Join my chennal
https://t.me/movie_time66",2023-12-22T09:48:13+00:00,,,
60655,krazzzzysam,https://t.me/krazzzzysam,<PERSON>,2023-12-22T09:47:13+00:00,,,
60652,krazzzzysam,https://t.me/krazzzzysam,<PERSON> pass <PERSON> massage karo personally,2023-12-22T09:44:54+00:00,,,
60651,krazzzzysam,https://t.me/krazzzzysam,<PERSON> pass <PERSON> massage karo personally,2023-12-22T09:44:46+00:00,,,
60650,krazzzzysam,https://t.me/krazzzzysam,<PERSON> movie <PERSON>,2023-12-22T09:44:11+00:00,,,
60649,krazzzzysam,https://t.me/krazzzzysam,<PERSON> do 😒,2023-12-22T09:35:29+00:00,,,
60648,krazzzzysam,https://t.me/krazzzzysam,<PERSON> movie <PERSON>,2023-12-22T09:33:55+00:00,,,
60647,krazzzzysam,https://t.me/krazzzzysam,<PERSON> pass <PERSON> massage karo personally,2023-12-22T09:32:58+00:00,,,
60646,krazzzzysam,https://t.me/krazzzzysam,<PERSON> pass <PERSON> massage karo personally,2023-12-22T09:32:51+00:00,,,
60645,krazzzzysam,https://t.me/krazzzzysam,<PERSON> pass <PERSON> massage karo personally,2023-12-22T09:32:49+00:00,,,
60644,krazzzzysam,https://t.me/krazzzzysam,<PERSON> movie upload please,2023-12-22T09:32:44+00:00,,,
60643,krazzzzysam,https://t.me/krazzzzysam,https://ww5.vcdnlare.com/v/rdBRCZJqlTSB402?sid=1574&t=hls,2023-12-22T09:26:44+00:00,,,
60641,krazzzzysam,https://t.me/krazzzzysam,<PERSON> movie 🍿🍿🍿<PERSON><PERSON>🎬,2023-12-22T09:21:36+00:00,,,
60639,krazzzzysam,https://t.me/krazzzzysam,Dry der new movie,2023-12-22T09:19:25+00:00,,,
60635,krazzzzysam,https://t.me/krazzzzysam,Sallar movies please link,2023-12-22T09:16:51+00:00,,,
60630,krazzzzysam,https://t.me/krazzzzysam,<PERSON> movie ka link <PERSON>,2023-12-22T09:13:56+00:00,,,
60627,krazzzzysam,https://t.me/krazzzzysam,<PERSON> movie link please dear <PERSON>,2023-12-22T09:01:10+00:00,,,❤: 1
60623,krazzzzysam,https://t.me/krazzzzysam,Please salaar movie ka link dedo please,2023-12-22T08:55:04+00:00,,,
60622,krazzzzysam,https://t.me/krazzzzysam,1000 hote hi upload krdunga,2023-12-22T08:52:04+00:00,,,
60621,krazzzzysam,https://t.me/krazzzzysam,Vote krdo yes or no new channel me jakr,2023-12-22T08:51:50+00:00,,,
60620,krazzzzysam,https://t.me/krazzzzysam,Hn bhai movie <PERSON>,2023-12-22T08:50:46+00:00,,,
60619,krazzzzysam,https://t.me/krazzzzysam,<PERSON>,2023-12-22T08:50:04+00:00,,,
60618,krazzzzysam,https://t.me/krazzzzysam,movie <PERSON> salaar,2023-12-22T08:49:52+00:00,,,
