id,Channel ID,URL,message,date,views,forwards,reactions
503,krazzzzysam,https://t.me/krazzzzysam,"👇New channel <PERSON> or jakr join krlo for latest møv!e$

https://t.me/+9-DHyl-NmrA0NGY1
https://t.me/+9-DHyl-NmrA0NGY1
https://t.me/+9-DHyl-NmrA0NGY1

<PERSON> hi new channel hai to jao or join krlo",2024-01-13T10:40:14+00:00,273624.0,151.0,"👍: 156, ❤: 20, 💩: 9, 🔥: 6, 😁: 6, 👏: 5, 👎: 2"
85421,krazzzzysam,https://t.me/krazzzzysam,<PERSON>,2024-06-05T07:55:36+00:00,,,
73130,krazzzzysam,https://t.me/krazzzzysam,<PERSON> me <PERSON> ye,2024-02-20T12:06:52+00:00,,,
71191,krazzzzysam,https://t.me/krazzzzysam,<PERSON> movie,2024-02-05T16:10:34+00:00,,,
66768,krazzzzysam,https://t.me/krazzzzysam,<PERSON> me aa raha he,2024-01-17T04:58:01+00:00,,,
66667,krazzzzysam,https://t.me/krazzzzysam,<PERSON> horror movie <PERSON> dubbed <PERSON>,2024-01-15T19:24:51+00:00,,,
66427,krazzzzysam,https://t.me/krazzzzysam,The crops of <PERSON>,2024-01-14T06:55:32+00:00,,,
66411,krazzzzysam,https://t.me/krazzzzysam,The legend <PERSON>  so 3,2024-01-14T02:49:40+00:00,,,
66392,krazzzzysam,https://t.me/krazzzzysam,"https://t.me/Movie3sk
https://t.me/Movie3sk
https://t.me/Movie3sk
https://t.me/Movie3sk
https://t.me/Movie3sk
https://t.me/Movie3sk
https://t.me/Movie3sk
https://t.me/Movie3sk
https://t.me/Movie3sk",2024-01-13T18:51:24+00:00,,,
66390,krazzzzysam,https://t.me/krazzzzysam,<PERSON> movie link <PERSON>,2024-01-13T18:16:30+00:00,,,
66389,krazzzzysam,https://t.me/krazzzzysam,<PERSON>,2024-01-13T18:06:04+00:00,,,
66385,krazzzzysam,https://t.me/krazzzzysam,<PERSON> available <PERSON>,2024-01-13T16:59:20+00:00,,,
66380,krazzzzysam,https://t.me/krazzzzysam,<PERSON> 😢,2024-01-13T15:21:21+00:00,,,
66374,krazzzzysam,https://t.me/krazzzzysam,<PERSON>,2024-01-13T14:19:56+00:00,,,
66351,krazzzzysam,https://t.me/krazzzzysam,<PERSON> mughe,2024-01-13T13:07:12+00:00,,,
66338,krazzzzysam,https://t.me/krazzzzysam,Dm me bro,2024-01-13T13:06:26+00:00,,,
66330,krazzzzysam,https://t.me/krazzzzysam,Roj channel hi banate <PERSON>,2024-01-13T12:53:47+00:00,,,
66329,krazzzzysam,https://t.me/krazzzzysam,Sax video cahiye DM me,2024-01-13T12:50:38+00:00,,,
66325,krazzzzysam,https://t.me/krazzzzysam,<PERSON> agent film <PERSON>,2024-01-13T12:39:11+00:00,,,
66323,krazzzzysam,https://t.me/krazzzzysam,Ha,2024-01-13T11:54:47+00:00,,,
66321,krazzzzysam,https://t.me/krazzzzysam,Terabox ka link do bhai,2024-01-13T11:40:08+00:00,,,
66320,krazzzzysam,https://t.me/krazzzzysam,yeah movie chahiye Hindi ma ha to,2024-01-13T11:33:38+00:00,,,
66319,krazzzzysam,https://t.me/krazzzzysam,🆗,2024-01-13T11:15:18+00:00,,,
66317,krazzzzysam,https://t.me/krazzzzysam,Hindi me <PERSON> ye movie,2024-01-13T10:54:18+00:00,,,
66312,krazzzzysam,https://t.me/krazzzzysam,Oo,2024-01-13T10:40:54+00:00,,,
