id,Channel ID,URL,message,date,views,forwards,reactions
532,krazzzzysam,https://t.me/krazzzzysam,"Men'$ wo₹ld Series Hindi Dubbed Download link here 👇👇

  • Episodes (1-2)👇
     https://ziplinker.net/ggmP5F3

  • Episodes (3-4)👇
      https://ziplinker.net/xk5Pp0bE
_ _ _ _ _ _ _ _ _ _ _ _ _ _ _ _ _ _

Series ke bare me iss reel me btaya <PERSON>

        ⚠️ IMPORTANT ⚠️

• Jisko Download Karne Mai Problem Ho wo ye
   wali video dekhlo 👇👇

https://t.me/KrazzzzySam/471

agr ad blocker show <PERSON> to phone ki settings me jakr private DNS off <PERSON> download <PERSON>",2024-01-31T14:12:09+00:00,277646.0,1047.0,"👍: 258, ❤: 24, 🤬: 23, 👎: 18, 💩: 12, 👏: 10, 😁: 9, 🥰: 6, 🔥: 5"
83556,krazzzzysam,https://t.me/krazzzzysam,<PERSON> movi download <PERSON>,2024-05-22T15:26:23+00:00,,,
77884,krazzzzysam,https://t.me/krazzzzysam,"https://t.me/+xeMVsKTeA_A4MGZl
https://t.me/+xeMVsKTeA_A4MGZl
https://t.me/+xeMVsKTeA_A4MGZl
https://t.me/+xeMVsKTeA_A4MGZl
https://t.me/+xeMVsKTeA_A4MGZl
https://t.me/+xeMVsKTeA_A4MGZl
https://t.me/+xeMVsKTeA_A4MGZl
https://t.me/+xeMVsKTeA_A4MGZl
https://t.me/+xeMVsKTeA_A4MGZl
https://t.me/+xeMVsKTeA_A4MGZl
https://t.me/+xeMVsKTeA_A4MGZl
https://t.me/+xeMVsKTeA_A4MGZl
https://t.me/+xeMVsKTeA_A4MGZl
https://t.me/+xeMVsKTeA_A4MGZl
https://t.me/+xeMVsKTeA_A4MGZl
https://t.me/+xeMVsKTeA_A4MGZl
https://t.me/+xeMVsKTeA_A4MGZl
https://t.me/+xeMVsKTeA_A4MGZl
https://t.me/+xeMVsKTeA_A4MGZl
https://t.me/+xeMVsKTeA_A4MGZl
https://t.me/+xeMVsKTeA_A4MGZl
https://t.me/+xeMVsKTeA_A4MGZl
https://t.me/+xeMVsKTeA_A4MGZl
https://t.me/+xeMVsKTeA_A4MGZl
https://t.me/+xeMVsKTeA_A4MGZl
https://t.me/+xeMVsKTeA_A4MGZl
https://t.me/+xeMVsKTeA_A4MGZl
https://t.me/+xeMVsKTeA_A4MGZl
https://t.me/+xeMVsKTeA_A4MGZl
https://t.me/+xeMVsKTeA_A4MGZl
https://t.me/+xeMVsKTeA_A4MGZl
https://t.me/+xeMVsKTeA_A4MGZl
https://t.me/+xeMVsKTeA_A4MGZl
https://t.me/+xeMVsKTeA_A4MGZl
https://t.me/+xeMVsKTeA_A4MGZl
https://t.me/+xeMVsKTeA_A4MGZl
https://t.me/+xeMVsKTeA_A4MGZl
https://t.me/+xeMVsKTeA_A4MGZl
https://t.me/+xeMVsKTeA_A4MGZl
https://t.me/+xeMVsKTeA_A4MGZl
https://t.me/+xeMVsKTeA_A4MGZl
https://t.me/+xeMVsKTeA_A4MGZl
https://t.me/+xeMVsKTeA_A4MGZl
https://t.me/+xeMVsKTeA_A4MGZl
https://t.me/+xeMVsKTeA_A4MGZl
https://t.me/+xeMVsKTeA_A4MGZl
https://t.me/+xeMVsKTeA_A4MGZl
https://t.me/+xeMVsKTeA_A4MGZl
https://t.me/+xeMVsKTeA_A4MGZl
https://t.me/+xeMVsKTeA_A4MGZl
https://t.me/+xeMVsKTeA_A4MGZl
https://t.me/+xeMVsKTeA_A4MGZl
https://t.me/+xeMVsKTeA_A4MGZl
https://t.me/+xeMVsKTeA_A4MGZl
https://t.me/+xeMVsKTeA_A4MGZl
https://t.me/+xeMVsKTeA_A4MGZl
https://t.me/+xeMVsKTeA_A4MGZl
https://t.me/+xeMVsKTeA_A4MGZl
https://t.me/+xeMVsKTeA_A4MGZl
https://t.me/+xeMVsKTeA_A4MGZl
https://t.me/+xeMVsKTeA_A4MGZl
https://t.me/+xeMVsKTeA_A4MGZl
https://t.me/+xeMVsKTeA_A4MGZl
https://t.me/+xeMVsKTeA_A4MGZl
https://t.me/+xeMVsKTeA_A4MGZl
https://t.me/+xeMVsKTeA_A4MGZl
https://t.me/+xeMVsKTeA_A4MGZl
https://t.me/+xeMVsKTeA_A4MGZl
https://t.me/+xeMVsKTeA_A4MGZl
https://t.me/+xeMVsKTeA_A4MGZl
https://t.me/+xeMVsKTeA_A4MGZl
https://t.me/+xeMVsKTeA_A4MGZl
https://t.me/+xeMVsKTeA_A4MGZl
https://t.me/+xeMVsKTeA_A4MGZl
https://t.me/+xeMVsKTeA_A4MGZl
https://t.me/+xeMVsKTeA_A4MGZl
https://t.me/+xeMVsKTeA_A4MGZl
https://t.me/+xeMVsKTeA_A4MGZl
https://t.me/+xeMVsKTeA_A4MGZl
https://t.me/+xeMVsKTeA_A4MGZl
https://t.me/+xeMVsKTeA_A4MGZl
https://t.me/+xeMVsKTeA_A4MGZl
https://t.me/+xeMVsKTeA_A4MGZl
https://t.me/+xeMVsKTeA_A4MGZl
https://t.me/+xeMVsKTeA_A4MGZl
https://t.me/+xeMVsKTeA_A4MGZl
https://t.me/+xeMVsKTeA_A4MGZl
https://t.me/+xeMVsKTeA_A4MGZl
https://t.me/+xeMVsKTeA_A4MGZl
https://t.me/+xeMVsKTeA_A4MGZl
https://t.me/+xeMVsKTeA_A4MGZl
https://t.me/+xeMVsKTeA_A4MGZl
https://t.me/+xeMVsKTeA_A4MGZl
https://t.me/+xeMVsKTeA_A4MGZl
https://t.me/+xeMVsKTeA_A4MGZl
https://t.me/+xeMVsKTeA_A4MGZl
https://t.me/+xeMVsKTeA_A4MGZl
https://t.me/+xeMVsKTeA_A4MGZl",2024-03-27T22:56:37+00:00,,,
73462,krazzzzysam,https://t.me/krazzzzysam,<PERSON> movie sand karo please bhai,2024-02-25T11:55:39+00:00,,,
71684,krazzzzysam,https://t.me/krazzzzysam,<PERSON> 𝗄𝗋𝗈,2024-02-08T16:32:44+00:00,,,
71441,krazzzzysam,https://t.me/krazzzzysam,Not downloading,2024-02-07T17:14:12+00:00,,,
71242,krazzzzysam,https://t.me/krazzzzysam,Bhai ya movie to <PERSON>,2024-02-06T09:49:23+00:00,,,
70973,krazzzzysam,https://t.me/krazzzzysam,Bhai ye movie to ayi <PERSON> yr,2024-02-04T01:48:09+00:00,,,
70656,krazzzzysam,https://t.me/krazzzzysam,Download <PERSON>,2024-02-02T12:08:26+00:00,,,
70631,krazzzzysam,https://t.me/krazzzzysam,Good,2024-02-02T11:22:29+00:00,,,
70537,krazzzzysam,https://t.me/krazzzzysam,"<PERSON> download <PERSON>, bas Chutiya <PERSON>",2024-02-02T09:51:29+00:00,,,
70492,krazzzzysam,https://t.me/krazzzzysam,Movie full,2024-02-02T05:28:25+00:00,,,
70445,krazzzzysam,https://t.me/krazzzzysam,Man s world,2024-02-01T17:28:30+00:00,,,
70439,krazzzzysam,https://t.me/krazzzzysam,Man's world movie <PERSON> download <PERSON>,2024-02-01T17:16:18+00:00,,,
70294,krazzzzysam,https://t.me/krazzzzysam,https://t.me/mahadev_channel_telegram,2024-02-01T12:40:07+00:00,,,
70293,krazzzzysam,https://t.me/krazzzzysam,Easy money earn tep to link and start earning🙈😊,2024-02-01T12:32:57+00:00,,,
70292,krazzzzysam,https://t.me/krazzzzysam,https://t.me/Tgbotsponsor_bot?start=<PHONE_NUMBER>,2024-02-01T12:32:54+00:00,,,
70270,krazzzzysam,https://t.me/krazzzzysam,Bhai ye kese download hoga,2024-02-01T09:51:00+00:00,,,
70263,krazzzzysam,https://t.me/krazzzzysam,Bhai ye kese download hoga,2024-02-01T09:07:18+00:00,,,
70257,krazzzzysam,https://t.me/krazzzzysam,<PERSON> movie bejo,2024-02-01T08:45:35+00:00,,,
70239,krazzzzysam,https://t.me/krazzzzysam,https://temu.com/u/8eIz4xeFvB8RVVUn,2024-02-01T06:58:03+00:00,,,
70237,krazzzzysam,https://t.me/krazzzzysam,Man,2024-02-01T06:55:33+00:00,,,
70234,krazzzzysam,https://t.me/krazzzzysam,<PERSON> download <PERSON> he how to download mens world,2024-02-01T06:37:14+00:00,,,
70231,krazzzzysam,https://t.me/krazzzzysam,Hi,2024-02-01T06:10:54+00:00,,,
70217,krazzzzysam,https://t.me/krazzzzysam,"Man's world 

<PERSON>",2024-02-01T04:19:15+00:00,,,
70204,krazzzzysam,https://t.me/krazzzzysam,<PERSON>,2024-02-01T03:42:23+00:00,,,
70203,krazzzzysam,https://t.me/krazzzzysam,<PERSON> ye,2024-02-01T03:41:48+00:00,,,
70202,krazzzzysam,https://t.me/krazzzzysam,<NRP> nai horaha he,2024-02-01T03:40:00+00:00,,,
70195,krazzzzysam,https://t.me/krazzzzysam,Madhrchod chutiya bana rha hai ye report karo channel ki,2024-02-01T02:14:06+00:00,,,
70194,krazzzzysam,https://t.me/krazzzzysam,Download chal ta he nahi,2024-02-01T02:10:01+00:00,,,
70181,krazzzzysam,https://t.me/krazzzzysam,<PERSON> download,2024-01-31T21:31:21+00:00,,,
70180,krazzzzysam,https://t.me/krazzzzysam,Video <PERSON> na damlod <PERSON>,2024-01-31T20:51:40+00:00,,,
70179,krazzzzysam,https://t.me/krazzzzysam,Ace vuetern,2024-01-31T20:41:41+00:00,,,
70177,krazzzzysam,https://t.me/krazzzzysam,<PERSON> na,2024-01-31T19:57:35+00:00,,,
70161,krazzzzysam,https://t.me/krazzzzysam,Video <PERSON> na,2024-01-31T19:18:45+00:00,,,
70159,krazzzzysam,https://t.me/krazzzzysam,Bhai,2024-01-31T19:18:27+00:00,,,
70157,krazzzzysam,https://t.me/krazzzzysam,<PERSON>,2024-01-31T19:18:20+00:00,,,
70151,krazzzzysam,https://t.me/krazzzzysam,<PERSON>,2024-01-31T18:32:39+00:00,,,
70150,krazzzzysam,https://t.me/krazzzzysam,The predator all part send karo Bhai,2024-01-31T18:30:32+00:00,,,
70149,krazzzzysam,https://t.me/krazzzzysam,Instagram:- editing__045,2024-01-31T18:26:55+00:00,,,
70148,krazzzzysam,https://t.me/krazzzzysam,Man's movie <PERSON> na bhai,2024-01-31T17:59:29+00:00,,,👍: 1
70144,krazzzzysam,https://t.me/krazzzzysam,Please send me link.The dollmaker..,2024-01-31T17:55:46+00:00,,,
70143,krazzzzysam,https://t.me/krazzzzysam,Easy money earn tep to link and start earning🙈😊,2024-01-31T17:39:53+00:00,,,
70142,krazzzzysam,https://t.me/krazzzzysam,https://t.me/Tgbotsponsor_bot?start=<PHONE_NUMBER>,2024-01-31T17:39:48+00:00,,,
70141,krazzzzysam,https://t.me/krazzzzysam,Bhai mere me <PERSON> he,2024-01-31T17:35:54+00:00,,,
70134,krazzzzysam,https://t.me/krazzzzysam,🗣️Best movie🍿🎥,2024-01-31T17:19:13+00:00,,,
70133,krazzzzysam,https://t.me/krazzzzysam,School <DATE_TIME>,2024-01-31T17:17:21+00:00,,,👍: 1
70125,krazzzzysam,https://t.me/krazzzzysam,https://t.me/movieplexsj/15,2024-01-31T16:38:48+00:00,,,
70122,krazzzzysam,https://t.me/krazzzzysam,Super deluxe ki like keya he,2024-01-31T16:33:36+00:00,,,
70121,krazzzzysam,https://t.me/krazzzzysam,Ace vanture movie upload kr do <PERSON>,2024-01-31T16:27:03+00:00,,,
70116,krazzzzysam,https://t.me/krazzzzysam,<PERSON> and the Legend of the Ten Rings movie <PERSON> me,2024-01-31T16:21:04+00:00,,,
70115,krazzzzysam,https://t.me/krazzzzysam,<PERSON> film do <PERSON>,2024-01-31T16:06:43+00:00,,,
70112,krazzzzysam,https://t.me/krazzzzysam,Bhai ye movie <PERSON> .. the dollmaker,2024-01-31T16:00:41+00:00,,,
70106,krazzzzysam,https://t.me/krazzzzysam,mere me nahi aa rha hai,2024-01-31T15:06:14+00:00,,,
70103,krazzzzysam,https://t.me/krazzzzysam,Bhak madarchod,2024-01-31T15:00:31+00:00,,,👍: 1
70095,krazzzzysam,https://t.me/krazzzzysam,obliterated movies,2024-01-31T14:45:21+00:00,,,
70089,krazzzzysam,https://t.me/krazzzzysam,Easy money earn tep to link and start earning🙈😊,2024-01-31T14:15:07+00:00,,,
70088,krazzzzysam,https://t.me/krazzzzysam,https://t.me/Tgbotsponsor_bot?start=<PHONE_NUMBER>,2024-01-31T14:15:04+00:00,,,
70087,krazzzzysam,https://t.me/krazzzzysam,Tera box se nhi <PERSON>,2024-01-31T14:14:46+00:00,,,
70085,krazzzzysam,https://t.me/krazzzzysam,Asur season 1,2024-01-31T14:12:45+00:00,,,👍: 2
