id,Channel ID,URL,message,date,views,forwards,reactions
541,krazzzzysam,https://t.me/krazzzzysam,Link se movie download <PERSON> tarika ❤️🔥👍,2024-02-03T05:40:29+00:00,381769.0,251.0,"👍: 366, ❤: 54, 👎: 46, 🔥: 32, 🥰: 24, 😁: 12, 👏: 11"
86679,krazzzzysam,https://t.me/krazzzzysam,<PERSON> moive,2024-06-21T15:17:29+00:00,,,
86562,krazzzzysam,https://t.me/krazzzzysam,https://nba03.com/?id=92776600&currency=INR&type=2,2024-06-20T13:55:18+00:00,,,
85676,krazzzzysam,https://t.me/krazzzzysam,Hii🌲🌳🪴🍁🌷,2024-06-08T21:40:41+00:00,,,
83541,krazzzzysam,https://t.me/krazzzzysam,<NRP> replay karo,2024-05-22T09:04:37+00:00,,,
83540,krazzzzysam,https://t.me/krazzzzysam,<PERSON>,2024-05-22T09:03:42+00:00,,,
83539,krazzzzysam,https://t.me/krazzzzysam,Oppoa37fw phone me <PERSON>,2024-05-22T09:02:32+00:00,,,
82716,krazzzzysam,https://t.me/krazzzzysam,He's all that movie,2024-05-08T22:15:20+00:00,,,
82706,krazzzzysam,https://t.me/krazzzzysam,Movie,2024-05-08T18:59:50+00:00,,,
82705,krazzzzysam,https://t.me/krazzzzysam,Past is parsent,2024-05-08T18:59:45+00:00,,,👍: 2
82657,krazzzzysam,https://t.me/krazzzzysam,!!,2024-05-08T08:49:09+00:00,,,
82656,krazzzzysam,https://t.me/krazzzzysam,TOMCATS,2024-05-08T08:48:39+00:00,,,
82655,krazzzzysam,https://t.me/krazzzzysam,PICTURE,2024-05-08T08:48:24+00:00,,,
82454,krazzzzysam,https://t.me/krazzzzysam,<DATE_TIME>,2024-05-06T19:04:15+00:00,,,
82341,krazzzzysam,https://t.me/krazzzzysam,Sassy poonam,2024-05-04T19:16:52+00:00,,,
82328,krazzzzysam,https://t.me/krazzzzysam,On <PERSON> app,2024-05-04T09:49:04+00:00,,,
82317,krazzzzysam,https://t.me/krazzzzysam,<PERSON> add block plm  <PERSON>,2024-05-04T05:05:50+00:00,,,
81753,krazzzzysam,https://t.me/krazzzzysam,Rich in love 2,2024-04-28T11:44:45+00:00,,,
81723,krazzzzysam,https://t.me/krazzzzysam,Movie download <PERSON>,2024-04-28T07:19:13+00:00,,,
81689,krazzzzysam,https://t.me/krazzzzysam,<PERSON> mitron movie,2024-04-27T22:15:51+00:00,,,
81204,krazzzzysam,https://t.me/krazzzzysam,Hiii,2024-04-22T16:18:12+00:00,,,
81148,krazzzzysam,https://t.me/krazzzzysam,Hiii,2024-04-22T04:38:07+00:00,,,
81045,krazzzzysam,https://t.me/krazzzzysam,Mr robat session 😏👌,2024-04-21T05:37:12+00:00,,,
80970,krazzzzysam,https://t.me/krazzzzysam,<PERSON> is movie ka link <PERSON>,2024-04-20T15:28:24+00:00,,,
80969,krazzzzysam,https://t.me/krazzzzysam,<NRP>,2024-04-20T15:28:12+00:00,,,
80968,krazzzzysam,https://t.me/krazzzzysam,Hii,2024-04-20T15:26:25+00:00,,,
80811,krazzzzysam,https://t.me/krazzzzysam,<PERSON> sir,2024-04-19T13:55:13+00:00,,,
80601,krazzzzysam,https://t.me/krazzzzysam,brother iphone <PERSON> video,2024-04-18T08:10:31+00:00,,,
80241,krazzzzysam,https://t.me/krazzzzysam,in hindi,2024-04-15T10:17:11+00:00,,,
80240,krazzzzysam,https://t.me/krazzzzysam,Forgetting <PERSON>,2024-04-15T10:16:54+00:00,,,
80171,krazzzzysam,https://t.me/krazzzzysam,Hieee,2024-04-14T13:04:03+00:00,,,
80093,krazzzzysam,https://t.me/krazzzzysam,Hiii,2024-04-13T15:36:27+00:00,,,
80048,krazzzzysam,https://t.me/krazzzzysam,Hii,2024-04-13T02:18:02+00:00,,,👍: 1
79560,krazzzzysam,https://t.me/krazzzzysam,Zipper link open <PERSON>,2024-04-08T17:05:10+00:00,,,
79559,krazzzzysam,https://t.me/krazzzzysam,<PERSON> to open zipper link,2024-04-08T17:04:38+00:00,,,
79306,krazzzzysam,https://t.me/krazzzzysam,Hi,2024-04-07T13:57:40+00:00,,,
79043,krazzzzysam,https://t.me/krazzzzysam,In BETWEEN movie,2024-04-04T15:22:22+00:00,,,
79042,krazzzzysam,https://t.me/krazzzzysam,Hi,2024-04-04T15:22:19+00:00,,,
79030,krazzzzysam,https://t.me/krazzzzysam,Hindi Me Download <PERSON>,2024-04-04T07:46:41+00:00,,,
78884,krazzzzysam,https://t.me/krazzzzysam,https://www.instagram.com/p/C5BIfnqvYto/?igsh=MnZ1bm9wdmIxOTVm,2024-04-03T01:46:30+00:00,,,
78858,krazzzzysam,https://t.me/krazzzzysam,<PERSON> nhi <PERSON>,2024-04-02T22:45:54+00:00,,,
78570,krazzzzysam,https://t.me/krazzzzysam,Hello,2024-04-01T00:13:15+00:00,,,
78063,krazzzzysam,https://t.me/krazzzzysam,😔😔😔😔,2024-03-29T05:22:47+00:00,,,
78062,krazzzzysam,https://t.me/krazzzzysam,Link par click karte hi <PERSON>,2024-03-29T05:22:40+00:00,,,
78061,krazzzzysam,https://t.me/krazzzzysam,Download nhi <PERSON>,2024-03-29T05:22:09+00:00,,,
78060,krazzzzysam,https://t.me/krazzzzysam,Bhai your connection is not secure likha aa <PERSON>,2024-03-29T05:21:55+00:00,,,
77881,krazzzzysam,https://t.me/krazzzzysam,"https://t.me/+xeMVsKTeA_A4MGZl
https://t.me/+xeMVsKTeA_A4MGZl
https://t.me/+xeMVsKTeA_A4MGZl
https://t.me/+xeMVsKTeA_A4MGZl
https://t.me/+xeMVsKTeA_A4MGZl
https://t.me/+xeMVsKTeA_A4MGZl
https://t.me/+xeMVsKTeA_A4MGZl
https://t.me/+xeMVsKTeA_A4MGZl
https://t.me/+xeMVsKTeA_A4MGZl
https://t.me/+xeMVsKTeA_A4MGZl
https://t.me/+xeMVsKTeA_A4MGZl
https://t.me/+xeMVsKTeA_A4MGZl
https://t.me/+xeMVsKTeA_A4MGZl
https://t.me/+xeMVsKTeA_A4MGZl
https://t.me/+xeMVsKTeA_A4MGZl
https://t.me/+xeMVsKTeA_A4MGZl
https://t.me/+xeMVsKTeA_A4MGZl
https://t.me/+xeMVsKTeA_A4MGZl
https://t.me/+xeMVsKTeA_A4MGZl
https://t.me/+xeMVsKTeA_A4MGZl
https://t.me/+xeMVsKTeA_A4MGZl
https://t.me/+xeMVsKTeA_A4MGZl
https://t.me/+xeMVsKTeA_A4MGZl
https://t.me/+xeMVsKTeA_A4MGZl
https://t.me/+xeMVsKTeA_A4MGZl
https://t.me/+xeMVsKTeA_A4MGZl
https://t.me/+xeMVsKTeA_A4MGZl
https://t.me/+xeMVsKTeA_A4MGZl
https://t.me/+xeMVsKTeA_A4MGZl
https://t.me/+xeMVsKTeA_A4MGZl
https://t.me/+xeMVsKTeA_A4MGZl
https://t.me/+xeMVsKTeA_A4MGZl
https://t.me/+xeMVsKTeA_A4MGZl
https://t.me/+xeMVsKTeA_A4MGZl
https://t.me/+xeMVsKTeA_A4MGZl
https://t.me/+xeMVsKTeA_A4MGZl
https://t.me/+xeMVsKTeA_A4MGZl
https://t.me/+xeMVsKTeA_A4MGZl
https://t.me/+xeMVsKTeA_A4MGZl
https://t.me/+xeMVsKTeA_A4MGZl
https://t.me/+xeMVsKTeA_A4MGZl
https://t.me/+xeMVsKTeA_A4MGZl
https://t.me/+xeMVsKTeA_A4MGZl
https://t.me/+xeMVsKTeA_A4MGZl
https://t.me/+xeMVsKTeA_A4MGZl
https://t.me/+xeMVsKTeA_A4MGZl
https://t.me/+xeMVsKTeA_A4MGZl
https://t.me/+xeMVsKTeA_A4MGZl
https://t.me/+xeMVsKTeA_A4MGZl
https://t.me/+xeMVsKTeA_A4MGZl
https://t.me/+xeMVsKTeA_A4MGZl
https://t.me/+xeMVsKTeA_A4MGZl
https://t.me/+xeMVsKTeA_A4MGZl
https://t.me/+xeMVsKTeA_A4MGZl
https://t.me/+xeMVsKTeA_A4MGZl
https://t.me/+xeMVsKTeA_A4MGZl
https://t.me/+xeMVsKTeA_A4MGZl
https://t.me/+xeMVsKTeA_A4MGZl
https://t.me/+xeMVsKTeA_A4MGZl
https://t.me/+xeMVsKTeA_A4MGZl
https://t.me/+xeMVsKTeA_A4MGZl
https://t.me/+xeMVsKTeA_A4MGZl
https://t.me/+xeMVsKTeA_A4MGZl
https://t.me/+xeMVsKTeA_A4MGZl
https://t.me/+xeMVsKTeA_A4MGZl
https://t.me/+xeMVsKTeA_A4MGZl
https://t.me/+xeMVsKTeA_A4MGZl
https://t.me/+xeMVsKTeA_A4MGZl
https://t.me/+xeMVsKTeA_A4MGZl
https://t.me/+xeMVsKTeA_A4MGZl
https://t.me/+xeMVsKTeA_A4MGZl
https://t.me/+xeMVsKTeA_A4MGZl
https://t.me/+xeMVsKTeA_A4MGZl
https://t.me/+xeMVsKTeA_A4MGZl
https://t.me/+xeMVsKTeA_A4MGZl
https://t.me/+xeMVsKTeA_A4MGZl
https://t.me/+xeMVsKTeA_A4MGZl
https://t.me/+xeMVsKTeA_A4MGZl
https://t.me/+xeMVsKTeA_A4MGZl
https://t.me/+xeMVsKTeA_A4MGZl
https://t.me/+xeMVsKTeA_A4MGZl
https://t.me/+xeMVsKTeA_A4MGZl
https://t.me/+xeMVsKTeA_A4MGZl
https://t.me/+xeMVsKTeA_A4MGZl
https://t.me/+xeMVsKTeA_A4MGZl
https://t.me/+xeMVsKTeA_A4MGZl
https://t.me/+xeMVsKTeA_A4MGZl
https://t.me/+xeMVsKTeA_A4MGZl
https://t.me/+xeMVsKTeA_A4MGZl
https://t.me/+xeMVsKTeA_A4MGZl
https://t.me/+xeMVsKTeA_A4MGZl
https://t.me/+xeMVsKTeA_A4MGZl
https://t.me/+xeMVsKTeA_A4MGZl
https://t.me/+xeMVsKTeA_A4MGZl
https://t.me/+xeMVsKTeA_A4MGZl
https://t.me/+xeMVsKTeA_A4MGZl
https://t.me/+xeMVsKTeA_A4MGZl
https://t.me/+xeMVsKTeA_A4MGZl",2024-03-27T22:56:13+00:00,,,
76754,krazzzzysam,https://t.me/krazzzzysam,<PERSON>,2024-03-23T16:30:05+00:00,,,
76752,krazzzzysam,https://t.me/krazzzzysam,Bhai mere me to filme download <PERSON>,2024-03-23T16:21:03+00:00,,,
76069,krazzzzysam,https://t.me/krazzzzysam,please,2024-03-22T15:40:17+00:00,,,
76068,krazzzzysam,https://t.me/krazzzzysam,<PERSON> murder movie link,2024-03-22T15:40:15+00:00,,,
75966,krazzzzysam,https://t.me/krazzzzysam,Or <NRP> pie ke 3.se 6 part <PERSON> link bhej do,2024-03-22T10:48:10+00:00,,,
75965,krazzzzysam,https://t.me/krazzzzysam,Bhai mega app se Hindi me nhi aari hai movie,2024-03-22T10:46:48+00:00,,,
75743,krazzzzysam,https://t.me/krazzzzysam,<PERSON> chahiye,2024-03-21T04:12:16+00:00,,,
75473,krazzzzysam,https://t.me/krazzzzysam,https://t.me/primanukapa21,2024-03-18T18:23:04+00:00,,,
75472,krazzzzysam,https://t.me/krazzzzysam,Hii,2024-03-18T18:22:36+00:00,,,
75468,krazzzzysam,https://t.me/krazzzzysam,Hi,2024-03-18T17:36:08+00:00,,,
75335,krazzzzysam,https://t.me/krazzzzysam,Hi,2024-03-17T13:02:14+00:00,,,
75066,krazzzzysam,https://t.me/krazzzzysam,Good luck to you <PERSON> Dubbed,2024-03-15T04:29:44+00:00,,,
74915,krazzzzysam,https://t.me/krazzzzysam,<PERSON> main <PERSON> download <PERSON>,2024-03-13T18:44:30+00:00,,,
74750,krazzzzysam,https://t.me/krazzzzysam,Sunflower session 1 <PERSON>,2024-03-11T19:32:21+00:00,,,
74729,krazzzzysam,https://t.me/krazzzzysam,Xxx group,2024-03-11T16:19:41+00:00,,,
74482,krazzzzysam,https://t.me/krazzzzysam,Hello,2024-03-09T09:19:34+00:00,,,
74448,krazzzzysam,https://t.me/krazzzzysam,Hi,2024-03-08T16:26:13+00:00,,,👍: 1
74350,krazzzzysam,https://t.me/krazzzzysam,Bhai only ₹50 me <PERSON>Direct mms video 300+. And Savita <PERSON> .venaa crazy 3d comic  Hindi English language. Fuck video 100 and hot x vip video60+    validity. Lifetime.  <PERSON> par 10 new video aaayegi <DATE_TIME>. Only ₹50@adult sellerChannel buy <PERSON> message <PERSON> mere pass @Sigmaman469,2024-03-07T03:48:37+00:00,,,
74125,krazzzzysam,https://t.me/krazzzzysam,🧐,2024-03-04T11:17:09+00:00,,,
74124,krazzzzysam,https://t.me/krazzzzysam,Movie,2024-03-04T11:17:03+00:00,,,
74123,krazzzzysam,https://t.me/krazzzzysam,Nhi chal <PERSON>,2024-03-04T11:16:57+00:00,,,
74011,krazzzzysam,https://t.me/krazzzzysam,Bhai what every <NRP> women wants ye wali movie link dalo na <PERSON> dubbed me,2024-03-02T21:23:24+00:00,,,
73958,krazzzzysam,https://t.me/krazzzzysam,Hacker  vs hacker,2024-03-02T06:02:32+00:00,,,
73881,krazzzzysam,https://t.me/krazzzzysam,He,2024-03-01T05:11:14+00:00,,,
73844,krazzzzysam,https://t.me/krazzzzysam,Girls to buy full movie…..,2024-02-29T09:52:29+00:00,,,
73656,krazzzzysam,https://t.me/krazzzzysam,H,2024-02-27T16:41:02+00:00,,,
73577,krazzzzysam,https://t.me/krazzzzysam,नविन व्हिडिओ सोडा,2024-02-27T02:26:29+00:00,,,
73576,krazzzzysam,https://t.me/krazzzzysam,दुसरा काही आयडिया असेल तर सांगा लिंक डाऊनलोड होत नाही <PERSON>,2024-02-27T02:26:06+00:00,,,
73074,krazzzzysam,https://t.me/krazzzzysam,मोवीएस. Plranha३Dd,2024-02-19T15:07:21+00:00,,,
73034,krazzzzysam,https://t.me/krazzzzysam,<NRP>,2024-02-19T07:02:54+00:00,,,
72998,krazzzzysam,https://t.me/krazzzzysam,<PERSON>,2024-02-18T17:13:51+00:00,,,
72883,krazzzzysam,https://t.me/krazzzzysam,New <PERSON> series <PERSON>,2024-02-17T15:28:20+00:00,,,
72876,krazzzzysam,https://t.me/krazzzzysam,Download <PERSON> he,2024-02-17T15:13:02+00:00,,,👍: 2
72703,krazzzzysam,https://t.me/krazzzzysam,The lion King,2024-02-16T09:30:04+00:00,,,
72417,krazzzzysam,https://t.me/krazzzzysam,Crash course,2024-02-13T13:54:23+00:00,,,
72357,krazzzzysam,https://t.me/krazzzzysam,Second origin movie link,2024-02-12T18:11:21+00:00,,,
71909,krazzzzysam,https://t.me/krazzzzysam,<PERSON>,2024-02-09T15:52:32+00:00,,,
71716,krazzzzysam,https://t.me/krazzzzysam,Hi,2024-02-08T17:36:02+00:00,,,
71440,krazzzzysam,https://t.me/krazzzzysam,<NRP>,2024-02-07T17:00:59+00:00,,,
71348,krazzzzysam,https://t.me/krazzzzysam,Block ha,2024-02-07T07:28:12+00:00,,,
71300,krazzzzysam,https://t.me/krazzzzysam,https://t.me/KrazzzzySam/541?comment=71299,2024-02-06T18:53:12+00:00,,,
71299,krazzzzysam,https://t.me/krazzzzysam,https://youtube.com/@user-gp1td1fq4o?si=7pO6WPlB4Q8mpYqd,2024-02-06T18:52:58+00:00,,,
71298,krazzzzysam,https://t.me/krazzzzysam,Hi,2024-02-06T18:52:14+00:00,,,
71158,krazzzzysam,https://t.me/krazzzzysam,Hindi movie dalo bhai,2024-02-05T12:45:35+00:00,,,
71157,krazzzzysam,https://t.me/krazzzzysam,Hindi movie,2024-02-05T12:45:27+00:00,,,
71009,krazzzzysam,https://t.me/krazzzzysam,<DATE_TIME> movie,2024-02-04T07:52:03+00:00,,,
70991,krazzzzysam,https://t.me/krazzzzysam,Download easy earn 🙈🌷,2024-02-04T05:09:06+00:00,,,
70990,krazzzzysam,https://t.me/krazzzzysam,"I am playing on India's #1 gaming app 

1️⃣ Get a Joining bonus of Rs 550 free 
2️⃣ Ludo, <PERSON> and 100+ games 
3️⃣ 100% cashback on first deposit 

Made in India app. Click the link to download https://winzo.onelink.me/gu8K/cbddd035",2024-02-04T05:08:52+00:00,,,👍: 1
70948,krazzzzysam,https://t.me/krazzzzysam,<PERSON>,2024-02-03T18:18:25+00:00,,,👍: 1
70878,krazzzzysam,https://t.me/krazzzzysam,<PERSON>,2024-02-03T14:42:57+00:00,,,👍: 1
70877,krazzzzysam,https://t.me/krazzzzysam,Donkey,2024-02-03T14:42:48+00:00,,,👍: 1
70876,krazzzzysam,https://t.me/krazzzzysam,<PERSON> movie dalo yrr,2024-02-03T14:24:32+00:00,,,
70875,krazzzzysam,https://t.me/krazzzzysam,Obliterated,2024-02-03T14:07:41+00:00,,,
70872,krazzzzysam,https://t.me/krazzzzysam,Hiii,2024-02-03T13:15:32+00:00,,,
70869,krazzzzysam,https://t.me/krazzzzysam,Mms https://t.me/alllinkwala,2024-02-03T12:54:15+00:00,,,
70845,krazzzzysam,https://t.me/krazzzzysam,<PERSON> video bna kr bej du,2024-02-03T11:13:35+00:00,,,👍: 1
70836,krazzzzysam,https://t.me/krazzzzysam,Ludo,2024-02-03T10:47:13+00:00,,,
70835,krazzzzysam,https://t.me/krazzzzysam,DNS <PERSON> he,2024-02-03T09:50:48+00:00,,,
70834,krazzzzysam,https://t.me/krazzzzysam,<PERSON> he,2024-02-03T09:50:34+00:00,,,👍: 3
70830,krazzzzysam,https://t.me/krazzzzysam,How to download in I PHONE,2024-02-03T09:27:25+00:00,,,👍: 1
70829,krazzzzysam,https://t.me/krazzzzysam,<NRP> movie download nhi <PERSON>,2024-02-03T09:06:53+00:00,,,👍: 4
70824,krazzzzysam,https://t.me/krazzzzysam,<PERSON>,2024-02-03T07:42:14+00:00,,,👍: 1
70823,krazzzzysam,https://t.me/krazzzzysam,<PERSON> movie boxing se related banao plz,2024-02-03T07:41:44+00:00,,,👍: 1
70820,krazzzzysam,https://t.me/krazzzzysam,Man's world,2024-02-03T07:26:05+00:00,,,
70819,krazzzzysam,https://t.me/krazzzzysam,Elite Web series <PERSON> do n,2024-02-03T07:21:29+00:00,,,
70809,krazzzzysam,https://t.me/krazzzzysam,<PERSON> please (<PERSON> )web series <PERSON> do,2024-02-03T07:03:31+00:00,,,
70805,krazzzzysam,https://t.me/krazzzzysam,Tarabox ka link,2024-02-03T06:50:02+00:00,,,
70802,krazzzzysam,https://t.me/krazzzzysam,<PERSON> warning 2 ka link <PERSON>,2024-02-03T06:21:12+00:00,,,
