id,Channel ID,URL,message,date,views,forwards,reactions
489,krazzzzysam,https://t.me/krazzzzysam,,2024-01-04T17:14:59+00:00,293413.0,725.0,"👍: 297, ❤: 25, 👎: 15, 🔥: 12, 😁: 8, 🥰: 3, 🤩: 3, 🤔: 1"
87342,krazzzzysam,https://t.me/krazzzzysam,the devil inside,2024-06-28T19:22:09+00:00,,,
86876,krazzzzysam,https://t.me/krazzzzysam,Download kaise hogi,2024-06-24T08:48:24+00:00,,,
86875,krazzzzysam,https://t.me/krazzzzysam,<PERSON> download <PERSON>,2024-06-24T08:48:15+00:00,,,
71974,krazzzzysam,https://t.me/krazzzzysam,<PERSON>,2024-02-10T04:30:16+00:00,,,
69615,krazzzzysam,https://t.me/krazzzzysam,"Hi
my friend
<PERSON> me movies / Web series /  TV shows  download <PERSON> to join karo mere telegram channel ko

Telegram channel name :  Tlsbro 
Link ⬇️

https://t.me/+5lkJC4v3gMM2Yjc9",2024-01-29T15:46:44+00:00,,,
67156,krazzzzysam,https://t.me/krazzzzysam,<PERSON>,2024-01-19T15:31:45+00:00,,,
65567,krazzzzysam,https://t.me/krazzzzysam,New movie and web series <PERSON> massage <PERSON> quality 100% 👍👍👍👍❤️,2024-01-10T04:14:32+00:00,,,
64981,krazzzzysam,https://t.me/krazzzzysam,<PERSON> channel,2024-01-07T19:34:30+00:00,,,
64970,krazzzzysam,https://t.me/krazzzzysam,<PERSON> ..<PERSON> me batay he <NRP> <PERSON>,2024-01-07T18:04:42+00:00,,,
64733,krazzzzysam,https://t.me/krazzzzysam,"Bhai full movie🔗 hindi⚡ me available👇💦 he 🧐
Hot 🥵and sexy 👙 movie🔗 👇👇👇
(Request for any movie) 
https://t.me/movieflixzzzORG
https://t.me/movieflixzzzORG
https://t.me/movieflixzzzORG",2024-01-07T04:32:25+00:00,,,
64731,krazzzzysam,https://t.me/krazzzzysam,"Bhai full movie🔗 hindi⚡ me available👇💦 he 🧐
Hot 🥵and sexy 👙 movie🔗 👇👇👇
(Request for any movie) 
https://t.me/movieflixzzzORG
https://t.me/movieflixzzzORG
https://t.me/movieflixzzzORG",2024-01-07T04:32:13+00:00,,,
64688,krazzzzysam,https://t.me/krazzzzysam,https://t.me/Movie3sk,2024-01-06T17:38:19+00:00,,,
64687,krazzzzysam,https://t.me/krazzzzysam,https://t.me/Movie3sk,2024-01-06T17:38:17+00:00,,,
64686,krazzzzysam,https://t.me/krazzzzysam,https://t.me/Movie3sk,2024-01-06T17:38:14+00:00,,,
64621,krazzzzysam,https://t.me/krazzzzysam,https://www.instagram.com/reel/C1w1mgSvt3y/?igsh=MzRlODBiNWFlZA==,2024-01-06T15:49:08+00:00,,,
64618,krazzzzysam,https://t.me/krazzzzysam,Salti,2024-01-06T15:43:23+00:00,,,
64617,krazzzzysam,https://t.me/krazzzzysam,Download hone ke bad <PERSON>,2024-01-06T15:43:18+00:00,,,
64615,krazzzzysam,https://t.me/krazzzzysam,Bhai download nhi hoti,2024-01-06T15:43:03+00:00,,,
64611,krazzzzysam,https://t.me/krazzzzysam,"Bhai full movie🔗 hindi⚡ me available👇💦 he 🧐
Hot 🥵and sexy 👙 movie🔗 👇👇👇
(Request for any movie) 
https://t.me/movieflixzzzORG
https://t.me/movieflixzzzORG
https://t.me/movieflixzzzORG",2024-01-06T15:42:31+00:00,,,
64607,krazzzzysam,https://t.me/krazzzzysam,"Bhai full movie🔗 hindi⚡ me available👇💦 he 🧐
Hot 🥵and sexy 👙 movie🔗 👇👇👇
(Request for any movie) 
https://t.me/movieflixzzzORG
https://t.me/movieflixzzzORG
https://t.me/movieflixzzzORG",2024-01-06T15:42:16+00:00,,,
64604,krazzzzysam,https://t.me/krazzzzysam,"Bhai full movie🔗 hindi⚡ me available👇💦 he 🧐
Hot 🥵and sexy 👙 movie🔗 👇👇👇
(Request for any movie) 
https://t.me/movieflixzzzORG
https://t.me/movieflixzzzORG
https://t.me/movieflixzzzORG",2024-01-06T15:42:01+00:00,,,
64603,krazzzzysam,https://t.me/krazzzzysam,"Bhai full movie🔗 hindi⚡ me available👇💦 he 🧐
Hot 🥵and sexy 👙 movie🔗 👇👇👇
(Request for any movie) 
https://t.me/movieflixzzzORG
https://t.me/movieflixzzzORG
https://t.me/movieflixzzzORG",2024-01-06T15:41:54+00:00,,,
64602,krazzzzysam,https://t.me/krazzzzysam,"Bhai full movie🔗 hindi⚡ me available👇💦 he 🧐
Hot 🥵and sexy 👙 movie🔗 👇👇👇
(Request for any movie) 
https://t.me/movieflixzzzORG
https://t.me/movieflixzzzORG
https://t.me/movieflixzzzORG",2024-01-06T15:41:49+00:00,,,
64586,krazzzzysam,https://t.me/krazzzzysam,"Bhai full movie🔗 hindi⚡ me available👇💦 he 🧐
Hot 🥵and sexy 👙 movie🔗 👇👇👇
(Request for any movie) 
https://t.me/movieflixzzzORG
https://t.me/movieflixzzzORG
https://t.me/movieflixzzzORG",2024-01-06T15:40:03+00:00,,,
64575,krazzzzysam,https://t.me/krazzzzysam,"Bhai full movie🔗 hindi⚡ me available👇💦 he 🧐
Hot 🥵and sexy 👙 movie🔗 👇👇👇
(Request for any movie) 
https://t.me/movieflixzzzORG
https://t.me/movieflixzzzORG
https://t.me/movieflixzzzORG",2024-01-06T15:38:55+00:00,,,
64572,krazzzzysam,https://t.me/krazzzzysam,"Bhai full movie🔗 hindi⚡ me available👇💦 he 🧐
Hot 🥵and sexy 👙 movie🔗 👇👇👇
(Request for any movie) 
https://t.me/movieflixzzzORG
https://t.me/movieflixzzzORG
https://t.me/movieflixzzzORG",2024-01-06T15:38:33+00:00,,,
64567,krazzzzysam,https://t.me/krazzzzysam,Please <PERSON> do,2024-01-06T15:26:15+00:00,,,
64565,krazzzzysam,https://t.me/krazzzzysam,The family man season 2 send kro    bde bhai,2024-01-06T15:25:15+00:00,,,
64562,krazzzzysam,https://t.me/krazzzzysam,<PERSON> hi <PERSON>,2024-01-06T15:18:26+00:00,,,
64561,krazzzzysam,https://t.me/krazzzzysam,The family season 2 <PERSON>,2024-01-06T15:16:33+00:00,,,
64560,krazzzzysam,https://t.me/krazzzzysam,Download hone ke bad <PERSON>,2024-01-06T15:14:59+00:00,,,
64559,krazzzzysam,https://t.me/krazzzzysam,Movie hone ke bad <PERSON> ( can not play video) <PERSON>,2024-01-06T15:14:33+00:00,,,
64526,krazzzzysam,https://t.me/krazzzzysam,Yes,2024-01-06T14:26:24+00:00,,,
64509,krazzzzysam,https://t.me/krazzzzysam,The family man season 2,2024-01-06T14:09:29+00:00,,,
64502,krazzzzysam,https://t.me/krazzzzysam,Original sin <DATE_TIME>,2024-01-06T14:03:58+00:00,,,
64493,krazzzzysam,https://t.me/krazzzzysam,Are us group me message <PERSON>,2024-01-06T13:49:56+00:00,,,
64481,krazzzzysam,https://t.me/krazzzzysam,Lady voyeur <DATE_TIME>,2024-01-06T12:25:45+00:00,,,
64480,krazzzzysam,https://t.me/krazzzzysam,Or ye movie be,2024-01-06T12:24:48+00:00,,,
64479,krazzzzysam,https://t.me/krazzzzysam,"But FlixzUPORG per Wild things(1998) <PERSON> open hi <PERSON> link
To please krazzysam per bhej do please",2024-01-06T12:24:35+00:00,,,
64474,krazzzzysam,https://t.me/krazzzzysam,Tnx😍,2024-01-06T11:53:51+00:00,,,
64473,krazzzzysam,https://t.me/krazzzzysam,Khidki season <PERSON>,2024-01-06T11:51:07+00:00,,,
64431,krazzzzysam,https://t.me/krazzzzysam,https://t.me/Movie3sk,2024-01-06T09:31:10+00:00,,,
64430,krazzzzysam,https://t.me/krazzzzysam,https://t.me/Movie3sk,2024-01-06T09:31:09+00:00,,,
64429,krazzzzysam,https://t.me/krazzzzysam,https://t.me/Movie3sk,2024-01-06T09:30:46+00:00,,,
64396,krazzzzysam,https://t.me/krazzzzysam,"Bhai full movie🔗 hindi⚡ me available👇💦 he 🧐
Hot 🥵and sexy 👙 movie🔗 👇👇👇
(Request for any movie) 
https://t.me/movieflixzzzORG
https://t.me/movieflixzzzORG
https://t.me/movieflixzzzORG",2024-01-06T08:33:58+00:00,,,
64395,krazzzzysam,https://t.me/krazzzzysam,"Bhai full movie🔗 hindi⚡ me available👇💦 he 🧐
Hot 🥵and sexy 👙 movie🔗 👇👇👇
(Request for any movie) 
https://t.me/movieflixzzzORG
https://t.me/movieflixzzzORG
https://t.me/movieflixzzzORG",2024-01-06T08:33:53+00:00,,,
64393,krazzzzysam,https://t.me/krazzzzysam,"Bhai full movie🔗 hindi⚡ me available👇💦 he 🧐
Hot 🥵and sexy 👙 movie🔗 👇👇👇
(Request for any movie) 
https://t.me/movieflixzzzORG
https://t.me/movieflixzzzORG
https://t.me/movieflixzzzORG",2024-01-06T08:32:42+00:00,,,
64392,krazzzzysam,https://t.me/krazzzzysam,"Bhai full movie🔗 hindi⚡ me available👇💦 he 🧐
Hot 🥵and sexy 👙 movie🔗 👇👇👇
(Request for any movie) 
https://t.me/movieflixzzzORG
https://t.me/movieflixzzzORG
https://t.me/movieflixzzzORG",2024-01-06T08:32:36+00:00,,,
64367,krazzzzysam,https://t.me/krazzzzysam,"Bhai full movie🔗 hindi⚡ me available👇💦 he 🧐
Hot 🥵and sexy 👙 movie🔗 👇👇👇
(Request for any movie) 
https://t.me/movieflixzzzORG
https://t.me/movieflixzzzORG
https://t.me/movieflixzzzORG",2024-01-06T08:29:00+00:00,,,
64365,krazzzzysam,https://t.me/krazzzzysam,"Bhai full movie🔗 hindi⚡ me available👇💦 he 🧐
Hot 🥵and sexy 👙 movie🔗 👇👇👇
(Request for any movie) 
https://t.me/movieflixzzzORG
https://t.me/movieflixzzzORG
https://t.me/movieflixzzzORG",2024-01-06T08:28:47+00:00,,,
64335,krazzzzysam,https://t.me/krazzzzysam,"Bhai full movie🔗 hindi⚡ me available👇💦 he 🧐
Hot 🥵and sexy 👙 movie🔗 👇👇👇
(Request for any movie) 
https://t.me/movieflixzzzORG
https://t.me/movieflixzzzORG
https://t.me/movieflixzzzORG",2024-01-06T08:25:23+00:00,,,
64334,krazzzzysam,https://t.me/krazzzzysam,"Bhai full movie🔗 hindi⚡ me available👇💦 he 🧐
Hot 🥵and sexy 👙 movie🔗 👇👇👇
(Request for any movie) 
https://t.me/movieflixzzzORG
https://t.me/movieflixzzzORG
https://t.me/movieflixzzzORG",2024-01-06T08:25:19+00:00,,,
64333,krazzzzysam,https://t.me/krazzzzysam,"Bhai full movie🔗 hindi⚡ me available👇💦 he 🧐
Hot 🥵and sexy 👙 movie🔗 👇👇👇
(Request for any movie) 
https://t.me/movieflixzzzORG
https://t.me/movieflixzzzORG
https://t.me/movieflixzzzORG",2024-01-06T08:25:13+00:00,,,
64323,krazzzzysam,https://t.me/krazzzzysam,"Bhai full movie🔗 hindi⚡ me available👇💦 he 🧐
Hot 🥵and sexy 👙 movie🔗 👇👇👇
(Request for any movie) 
https://t.me/movieflixzzzORG
https://t.me/movieflixzzzORG
https://t.me/movieflixzzzORG",2024-01-06T08:24:11+00:00,,,
64321,krazzzzysam,https://t.me/krazzzzysam,"Bhai full movie🔗 hindi⚡ me available👇💦 he 🧐
Hot 🥵and sexy 👙 movie🔗 👇👇👇
(Request for any movie) 
https://t.me/movieflixzzzORG
https://t.me/movieflixzzzORG
https://t.me/movieflixzzzORG",2024-01-06T08:24:00+00:00,,,
64312,krazzzzysam,https://t.me/krazzzzysam,"Bhai full movie🔗 hindi⚡ me available👇💦 he 🧐
Hot 🥵and sexy 👙 movie🔗 👇👇👇
(Request for any movie) 
https://t.me/movieflixzzzORG
https://t.me/movieflixzzzORG
https://t.me/movieflixzzzORG",2024-01-06T08:23:01+00:00,,,
64311,krazzzzysam,https://t.me/krazzzzysam,"Bhai full movie🔗 hindi⚡ me available👇💦 he 🧐
Hot 🥵and sexy 👙 movie🔗 👇👇👇
(Request for any movie) 
https://t.me/movieflixzzzORG
https://t.me/movieflixzzzORG
https://t.me/movieflixzzzORG",2024-01-06T08:22:55+00:00,,,
64307,krazzzzysam,https://t.me/krazzzzysam,"Bhai full movie🔗 hindi⚡ me available👇💦 he 🧐
Hot 🥵and sexy 👙 movie🔗 👇👇👇
(Request for any movie) 
https://t.me/movieflixzzzORG
https://t.me/movieflixzzzORG
https://t.me/movieflixzzzORG",2024-01-06T08:22:30+00:00,,,
64303,krazzzzysam,https://t.me/krazzzzysam,"Bhai full movie🔗 hindi⚡ me available👇💦 he 🧐
Hot 🥵and sexy 👙 movie🔗 👇👇👇
(Request for any movie) 
https://t.me/movieflixzzzORG
https://t.me/movieflixzzzORG
https://t.me/movieflixzzzORG",2024-01-06T08:21:56+00:00,,,
64302,krazzzzysam,https://t.me/krazzzzysam,"Bhai full movie🔗 hindi⚡ me available👇💦 he 🧐
Hot 🥵and sexy 👙 movie🔗 👇👇👇
(Request for any movie) 
https://t.me/movieflixzzzORG
https://t.me/movieflixzzzORG
https://t.me/movieflixzzzORG",2024-01-06T08:21:48+00:00,,,
64300,krazzzzysam,https://t.me/krazzzzysam,"Bhai full movie🔗 hindi⚡ me available👇💦 he 🧐
Hot 🥵and sexy 👙 movie🔗 👇👇👇
(Request for any movie) 
https://t.me/movieflixzzzORG
https://t.me/movieflixzzzORG
https://t.me/movieflixzzzORG",2024-01-06T08:21:35+00:00,,,
64299,krazzzzysam,https://t.me/krazzzzysam,"Bhai full movie🔗 hindi⚡ me available👇💦 he 🧐
Hot 🥵and sexy 👙 movie🔗 👇👇👇
(Request for any movie) 
https://t.me/movieflixzzzORG
https://t.me/movieflixzzzORG
https://t.me/movieflixzzzORG",2024-01-06T08:21:29+00:00,,,
64298,krazzzzysam,https://t.me/krazzzzysam,"Bhai full movie🔗 hindi⚡ me available👇💦 he 🧐
Hot 🥵and sexy 👙 movie🔗 👇👇👇
(Request for any movie) 
https://t.me/movieflixzzzORG
https://t.me/movieflixzzzORG
https://t.me/movieflixzzzORG",2024-01-06T08:21:24+00:00,,,
64296,krazzzzysam,https://t.me/krazzzzysam,"Bhai full movie🔗 hindi⚡ me available👇💦 he 🧐
Hot 🥵and sexy 👙 movie🔗 👇👇👇
(Request for any movie) 
https://t.me/movieflixzzzORG
https://t.me/movieflixzzzORG
https://t.me/movieflixzzzORG",2024-01-06T08:21:07+00:00,,,
64295,krazzzzysam,https://t.me/krazzzzysam,"Bhai full movie🔗 hindi⚡ me available👇💦 he 🧐
Hot 🥵and sexy 👙 movie🔗 👇👇👇
(Request for any movie) 
https://t.me/movieflixzzzORG
https://t.me/movieflixzzzORG
https://t.me/movieflixzzzORG",2024-01-06T08:20:57+00:00,,,
64292,krazzzzysam,https://t.me/krazzzzysam,Hi,2024-01-06T08:20:45+00:00,,,
64290,krazzzzysam,https://t.me/krazzzzysam,"Bhai full movie🔗 hindi⚡ me available👇💦 he 🧐
Hot 🥵and sexy 👙 movie🔗 👇👇👇
(Request for any movie) 
https://t.me/movieflixzzzORG
https://t.me/movieflixzzzORG
https://t.me/movieflixzzzORG",2024-01-06T08:20:33+00:00,,,
64287,krazzzzysam,https://t.me/krazzzzysam,"Bhai full movie🔗 hindi⚡ me available👇💦 he 🧐
Hot 🥵and sexy 👙 movie🔗 👇👇👇
(Request for any movie) 
https://t.me/movieflixzzzORG
https://t.me/movieflixzzzORG
https://t.me/movieflixzzzORG",2024-01-06T08:20:13+00:00,,,
64281,krazzzzysam,https://t.me/krazzzzysam,"Bhai full movie🔗 hindi⚡ me available👇💦 he 🧐
Hot 🥵and sexy 👙 movie🔗 👇👇👇
(Request for any movie) 
https://t.me/movieflixzzzORG
https://t.me/movieflixzzzORG
https://t.me/movieflixzzzORG",2024-01-06T08:19:24+00:00,,,👍: 1
64280,krazzzzysam,https://t.me/krazzzzysam,"Bhai full movie🔗 hindi⚡ me available👇💦 he 🧐
Hot 🥵and sexy 👙 movie🔗 👇👇👇
(Request for any movie) 
https://t.me/movieflixzzzORG
https://t.me/movieflixzzzORG
https://t.me/movieflixzzzORG",2024-01-06T08:19:19+00:00,,,
64277,krazzzzysam,https://t.me/krazzzzysam,"Bhai full movie🔗 hindi⚡ me available👇💦 he 🧐
Hot 🥵and sexy 👙 movie🔗 👇👇👇
(Request for any movie) 
https://t.me/movieflixzzzORG
https://t.me/movieflixzzzORG
https://t.me/movieflixzzzORG",2024-01-06T08:18:50+00:00,,,
64276,krazzzzysam,https://t.me/krazzzzysam,"Bhai full movie🔗 hindi⚡ me available👇💦 he 🧐
Hot 🥵and sexy 👙 movie🔗 👇👇👇
(Request for any movie) 
https://t.me/movieflixzzzORG
https://t.me/movieflixzzzORG
https://t.me/movieflixzzzORG",2024-01-06T08:18:36+00:00,,,
64275,krazzzzysam,https://t.me/krazzzzysam,"Bhai full movie🔗 hindi⚡ me available👇💦 he 🧐
Hot 🥵and sexy 👙 movie🔗 👇👇👇
(Request for any movie) 
https://t.me/movieflixzzzORG
https://t.me/movieflixzzzORG
https://t.me/movieflixzzzORG",2024-01-06T08:18:25+00:00,,,
64271,krazzzzysam,https://t.me/krazzzzysam,"Bhai full movie🔗 hindi⚡ me available👇💦 he 🧐
Hot 🥵and sexy 👙 movie🔗 👇👇👇
(Request for any movie) 
https://t.me/movieflixzzzORG
https://t.me/movieflixzzzORG
https://t.me/movieflixzzzORG",2024-01-06T08:17:53+00:00,,,
64266,krazzzzysam,https://t.me/krazzzzysam,"Bhai full movie🔗 hindi⚡ me available👇💦 he 🧐
Hot 🥵and sexy 👙 movie🔗 👇👇👇
(Request for any movie) 
https://t.me/movieflixzzzORG
https://t.me/movieflixzzzORG
https://t.me/movieflixzzzORG",2024-01-06T08:17:23+00:00,,,
64222,krazzzzysam,https://t.me/krazzzzysam,Koi saral tarika ho to <PERSON> bhai hum log <PERSON> mobile k bare me <PERSON>,2024-01-06T06:29:17+00:00,,,
64179,krazzzzysam,https://t.me/krazzzzysam,Download ka to <PERSON> option <PERSON>,2024-01-06T05:01:01+00:00,,,👍: 1
64178,krazzzzysam,https://t.me/krazzzzysam,<PERSON> download <PERSON>,2024-01-06T05:00:50+00:00,,,
64173,krazzzzysam,https://t.me/krazzzzysam,Bhai ye series dekh <PERSON>,2024-01-06T04:37:36+00:00,,,
64171,krazzzzysam,https://t.me/krazzzzysam,<PERSON> series he keya ye,2024-01-06T04:28:56+00:00,,,
64136,krazzzzysam,https://t.me/krazzzzysam,😀,2024-01-06T03:17:21+00:00,,,
64110,krazzzzysam,https://t.me/krazzzzysam,<PERSON>,2024-01-05T20:32:33+00:00,,,
64093,krazzzzysam,https://t.me/krazzzzysam,<NRP> money heist ka sb link do,2024-01-05T18:53:43+00:00,,,
64090,krazzzzysam,https://t.me/krazzzzysam,<PERSON>,2024-01-05T18:39:12+00:00,,,
64026,krazzzzysam,https://t.me/krazzzzysam,,2024-01-05T15:53:50+00:00,,,
64023,krazzzzysam,https://t.me/krazzzzysam,Teenage girls and boys sex videos available teenage lesbian and boy and boy,2024-01-05T15:51:24+00:00,,,
64022,krazzzzysam,https://t.me/krazzzzysam,Wrong turn all parts bhej do,2024-01-05T15:50:46+00:00,,,
64021,krazzzzysam,https://t.me/krazzzzysam,Couples retrat,2024-01-05T15:50:13+00:00,,,
64019,krazzzzysam,https://t.me/krazzzzysam,<PERSON>???,2024-01-05T15:48:10+00:00,,,
64018,krazzzzysam,https://t.me/krazzzzysam,<PERSON> movie download hone ke bad <PERSON> mx player me nhi aaya 🤬,2024-01-05T15:47:59+00:00,,,
64011,krazzzzysam,https://t.me/krazzzzysam,X,2024-01-05T15:37:59+00:00,,,
64007,krazzzzysam,https://t.me/krazzzzysam,😅,2024-01-05T15:28:44+00:00,,,
63994,krazzzzysam,https://t.me/krazzzzysam,send mi,2024-01-05T15:21:39+00:00,,,
63993,krazzzzysam,https://t.me/krazzzzysam,<PERSON>,2024-01-05T15:21:28+00:00,,,
63991,krazzzzysam,https://t.me/krazzzzysam,<PERSON> link do bhai,2024-01-05T15:04:45+00:00,,,
63973,krazzzzysam,https://t.me/krazzzzysam,Shadi me <PERSON> movie,2024-01-05T14:04:00+00:00,,,
63971,krazzzzysam,https://t.me/krazzzzysam,Good luck to you <PERSON> grade,2024-01-05T14:00:24+00:00,,,
63969,krazzzzysam,https://t.me/krazzzzysam,Ok thanks 👍,2024-01-05T13:52:41+00:00,,,
63964,krazzzzysam,https://t.me/krazzzzysam,<PERSON>,2024-01-05T13:32:00+00:00,,,
63963,krazzzzysam,https://t.me/krazzzzysam,Bhai ye bola tha,2024-01-05T13:31:52+00:00,,,👍: 1
63962,krazzzzysam,https://t.me/krazzzzysam,,2024-01-05T13:31:43+00:00,,,
63953,krazzzzysam,https://t.me/krazzzzysam,Hello,2024-01-05T13:08:09+00:00,,,
63950,krazzzzysam,https://t.me/krazzzzysam,Good luck to you the,2024-01-05T12:46:53+00:00,,,
63949,krazzzzysam,https://t.me/krazzzzysam,<DATE_TIME> or <DATE_TIME> nhi only scam,2024-01-05T12:38:12+00:00,,,
63948,krazzzzysam,https://t.me/krazzzzysam,"<PERSON> jaygi
Only scam",2024-01-05T12:37:26+00:00,,,
63943,krazzzzysam,https://t.me/krazzzzysam,Jarni 2,2024-01-05T12:16:15+00:00,,,
63942,krazzzzysam,https://t.me/krazzzzysam,Bhai marako- baby movie de dena,2024-01-05T12:12:43+00:00,,,
63941,krazzzzysam,https://t.me/krazzzzysam,<PERSON> full movie hd,2024-01-05T11:54:57+00:00,,,
63937,krazzzzysam,https://t.me/krazzzzysam,Tera box  par nhi chal <PERSON>,2024-01-05T11:27:53+00:00,,,
63935,krazzzzysam,https://t.me/krazzzzysam,white girl movie,2024-01-05T11:24:49+00:00,,,
63929,krazzzzysam,https://t.me/krazzzzysam,Gap the series,2024-01-05T11:04:17+00:00,,,
63925,krazzzzysam,https://t.me/krazzzzysam,Norbit movie de do <PERSON>,2024-01-05T11:03:19+00:00,,,
63914,krazzzzysam,https://t.me/krazzzzysam,Are you there god tr s me <PERSON>,2024-01-05T10:21:06+00:00,,,
63913,krazzzzysam,https://t.me/krazzzzysam,<NRP> game of thrones all season dekhni <PERSON>,2024-01-05T10:21:02+00:00,,,
63907,krazzzzysam,https://t.me/krazzzzysam,DM Me,2024-01-05T09:18:55+00:00,,,
63906,krazzzzysam,https://t.me/krazzzzysam,Reply,2024-01-05T09:17:43+00:00,,,
63905,krazzzzysam,https://t.me/krazzzzysam,Kaise open hoga,2024-01-05T09:17:37+00:00,,,
63903,krazzzzysam,https://t.me/krazzzzysam,Hi..,2024-01-05T09:09:36+00:00,,,
63898,krazzzzysam,https://t.me/krazzzzysam,<PERSON>,2024-01-05T09:01:27+00:00,,,
63897,krazzzzysam,https://t.me/krazzzzysam,<PERSON> mere <PERSON> telegram me problem <PERSON> to <PERSON> to <PERSON>,2024-01-05T09:01:19+00:00,,,
63896,krazzzzysam,https://t.me/krazzzzysam,,2024-01-05T08:54:52+00:00,,,
63895,krazzzzysam,https://t.me/krazzzzysam,Not wark your links,2024-01-05T08:54:11+00:00,,,
63894,krazzzzysam,https://t.me/krazzzzysam,Sax video cahiye <PERSON>,2024-01-05T08:48:46+00:00,,,
63890,krazzzzysam,https://t.me/krazzzzysam,Hridayam...💫,2024-01-05T08:31:32+00:00,,,
63885,krazzzzysam,https://t.me/krazzzzysam,Dono session,2024-01-05T08:20:10+00:00,,,
63884,krazzzzysam,https://t.me/krazzzzysam,<PERSON>,2024-01-05T08:19:57+00:00,,,
63875,krazzzzysam,https://t.me/krazzzzysam,Good luck movie,2024-01-05T07:53:14+00:00,,,
63867,krazzzzysam,https://t.me/krazzzzysam,Hii,2024-01-05T07:33:14+00:00,,,
63850,krazzzzysam,https://t.me/krazzzzysam,Please sex education video,2024-01-05T06:50:45+00:00,,,
63849,krazzzzysam,https://t.me/krazzzzysam,Sex education,2024-01-05T06:50:34+00:00,,,
63848,krazzzzysam,https://t.me/krazzzzysam,ऐ दिल है मुश्किल movie da do,2024-01-05T06:41:06+00:00,,,
63846,krazzzzysam,https://t.me/krazzzzysam,X,2024-01-05T06:33:19+00:00,,,
63841,krazzzzysam,https://t.me/krazzzzysam,Link,2024-01-05T06:08:47+00:00,,,
63840,krazzzzysam,https://t.me/krazzzzysam,Good luck to you <PERSON> grande,2024-01-05T06:08:36+00:00,,,
63835,krazzzzysam,https://t.me/krazzzzysam,https://t.me/Movie3sk,2024-01-05T05:25:14+00:00,,,
63834,krazzzzysam,https://t.me/krazzzzysam,https://t.me/Movie3sk,2024-01-05T05:25:13+00:00,,,
63833,krazzzzysam,https://t.me/krazzzzysam,https://t.me/Movie3sk,2024-01-05T05:25:11+00:00,,,
63832,krazzzzysam,https://t.me/krazzzzysam,https://t.me/Movie3sk,2024-01-05T05:25:09+00:00,,,
63831,krazzzzysam,https://t.me/krazzzzysam,"10rs for any movie
No links
Direct download 
Massage me personally",2024-01-05T05:23:25+00:00,,,
63830,krazzzzysam,https://t.me/krazzzzysam,"10rs for any movie
No links
Direct download 
Massage me personally",2024-01-05T05:23:20+00:00,,,
63828,krazzzzysam,https://t.me/krazzzzysam,https://t.me/Utsavfilm,2024-01-05T04:57:50+00:00,,,
63827,krazzzzysam,https://t.me/krazzzzysam,https://t.me/Utsavfilm,2024-01-05T04:57:46+00:00,,,
63823,krazzzzysam,https://t.me/krazzzzysam,"Bro spider man movie
No way Home Hindi link",2024-01-05T04:10:57+00:00,,,
63817,krazzzzysam,https://t.me/krazzzzysam,<PERSON> movie ka link dalo nn,2024-01-05T02:11:42+00:00,,,
63815,krazzzzysam,https://t.me/krazzzzysam,"Rs100 videos 50
Rs 200 videos 150",2024-01-05T00:14:13+00:00,,,
63814,krazzzzysam,https://t.me/krazzzzysam,,2024-01-05T00:14:01+00:00,,,
63813,krazzzzysam,https://t.me/krazzzzysam,,2024-01-05T00:14:01+00:00,,,
63812,krazzzzysam,https://t.me/krazzzzysam,,2024-01-05T00:14:01+00:00,,,
63811,krazzzzysam,https://t.me/krazzzzysam,,2024-01-05T00:14:01+00:00,,,
63810,krazzzzysam,https://t.me/krazzzzysam,Teenage girls and boys sex videos available teenage lesbian and boy and boy,2024-01-05T00:13:38+00:00,,,
63805,krazzzzysam,https://t.me/krazzzzysam,,2024-01-04T18:28:49+00:00,,,👍: 2
63804,krazzzzysam,https://t.me/krazzzzysam,Wrong turn all parts bhej do plzz,2024-01-04T17:48:26+00:00,,,👍: 3
63789,krazzzzysam,https://t.me/krazzzzysam,The family man season 1 or 2       series,2024-01-04T17:24:24+00:00,,,👍: 1
63775,krazzzzysam,https://t.me/krazzzzysam,Do ge bhai,2024-01-04T17:20:26+00:00,,,👍: 2
63774,krazzzzysam,https://t.me/krazzzzysam,Hello <PERSON> sirij ka link do,2024-01-04T17:19:07+00:00,,,👍: 2
