id,Channel ID,URL,message,date,views,forwards,reactions
475,krazzzzysam,https://t.me/krazzzzysam,"Jaπh!t Me!π Ja@π! <DATE_TIME> and 720p Download link here 👇👇👇👇

  • 480p 👇
    https://ziplinker.net/PaGs

   • 720p 👇
    https://ziplinker.net/nWKhzLi
_ _ _ _ _ _ _ _ _ _ _ _ _ _ _ _ _ _ _ _ _ _ _ _ _ _ 

Movie ke bare me iss reel me btaya <PERSON>

                    ⚠️ IMPORTANT ⚠️

• Jisko Download Karne Mai Problem Ho wo ye
   wali video dekhlo 👇👇

https://t.me/KrazzzzySam/471

agr ad blocker show <PERSON> to phone ki settings me jakr private DNS off <PERSON> download <PERSON>",2023-12-22T14:23:31+00:00,355858.0,312.0,"👍: 255, ❤: 9, 🥰: 9, 👏: 5, 😁: 4, 👎: 3, 🤔: 3"
73007,krazzzzysam,https://t.me/krazzzzysam,Hello ji,2024-02-18T18:06:20+00:00,,,
69866,krazzzzysam,https://t.me/krazzzzysam,That's my boy,2024-01-30T19:05:21+00:00,,,
69628,krazzzzysam,https://t.me/krazzzzysam,"Hi
my friend
<PERSON> me movies / Web series /  TV shows  download <PERSON> to join karo mere telegram channel ko

Telegram channel name :  Tlsbro 
Link ⬇️

https://t.me/+5lkJC4v3gMM2Yjc9",2024-01-29T15:48:10+00:00,,,
63004,krazzzzysam,https://t.me/krazzzzysam,"Ra100 rupees 50 video
Rs 200 rupees 150 video",2024-01-01T02:11:40+00:00,,,
63003,krazzzzysam,https://t.me/krazzzzysam,Teenage girls and boys sex videos available teenage lesbian and boy and boy,2024-01-01T02:11:36+00:00,,,
63002,krazzzzysam,https://t.me/krazzzzysam,,2024-01-01T02:11:32+00:00,,,
63001,krazzzzysam,https://t.me/krazzzzysam,,2024-01-01T02:11:32+00:00,,,👍: 4
62965,krazzzzysam,https://t.me/krazzzzysam,Amazon mini tv or h ap vha <PERSON>,2023-12-31T17:15:50+00:00,,,
62742,krazzzzysam,https://t.me/krazzzzysam,<PERSON>,2023-12-30T16:14:18+00:00,,,
62481,krazzzzysam,https://t.me/krazzzzysam,"Bhai full movie <PERSON> dubbed👇 me available he 👇

https://t.me/movieflixzzzORG
https://t.me/movieflixzzzORG
https://t.me/movieflixzzzORG",2023-12-29T08:55:13+00:00,,,
62480,krazzzzysam,https://t.me/krazzzzysam,"Bhai full movie <PERSON> dubbed👇 me available he 👇

https://t.me/movieflixzzzORG
https://t.me/movieflixzzzORG
https://t.me/movieflixzzzORG",2023-12-29T08:55:06+00:00,,,
62474,krazzzzysam,https://t.me/krazzzzysam,Esa aa rha h,2023-12-29T08:21:53+00:00,,,
62473,krazzzzysam,https://t.me/krazzzzysam,,2023-12-29T08:21:48+00:00,,,
62472,krazzzzysam,https://t.me/krazzzzysam,Movie download nhi ho <PERSON>,2023-12-29T08:21:36+00:00,,,
61718,krazzzzysam,https://t.me/krazzzzysam,<PERSON> movies chahiye toh personally massage <PERSON>...👍,2023-12-26T05:44:55+00:00,,,
61672,krazzzzysam,https://t.me/krazzzzysam,<PERSON> kro,2023-12-25T17:52:47+00:00,,,
61515,krazzzzysam,https://t.me/krazzzzysam,"Bhai full movie <PERSON> dubbed👇 me available he 👇
https://t.me/movieflixzzzORG
https://t.me/movieflixzzzORG
https://t.me/movieflixzzzORG",2023-12-25T08:34:22+00:00,,,
61400,krazzzzysam,https://t.me/krazzzzysam,🖕,2023-12-24T17:27:54+00:00,,,
61373,krazzzzysam,https://t.me/krazzzzysam,<PERSON> movie ya web series chahiye ho to mujhe message kro,2023-12-24T16:33:11+00:00,,,
61371,krazzzzysam,https://t.me/krazzzzysam,<PERSON> ye movie chahiye to message karo,2023-12-24T16:30:26+00:00,,,
61367,krazzzzysam,https://t.me/krazzzzysam,<PERSON> download huaa ferr 95 %me ake network error <PERSON> 😡,2023-12-24T16:08:46+00:00,,,
61232,krazzzzysam,https://t.me/krazzzzysam,<PERSON> mega se chiyee,2023-12-24T05:51:09+00:00,,,
61171,krazzzzysam,https://t.me/krazzzzysam,"<PERSON> click and join 👇


https://t.me/+u5b1I-Fio8c4YmE1",2023-12-23T18:32:13+00:00,,,
61153,krazzzzysam,https://t.me/krazzzzysam,"Join free telegram channel for free signals 🔰
https://t.me/sharebazerofficial",2023-12-23T18:11:48+00:00,,,
61117,krazzzzysam,https://t.me/krazzzzysam,<PERSON> box <PERSON> download <PERSON> apne page <PERSON> or <PERSON> se na ho plzz,2023-12-23T14:55:36+00:00,,,
61115,krazzzzysam,https://t.me/krazzzzysam,Tqqq Bhai,2023-12-23T14:52:44+00:00,,,
61024,krazzzzysam,https://t.me/krazzzzysam,https://t.me/Anime_ka_pujari/12,2023-12-23T08:45:48+00:00,,,
60967,krazzzzysam,https://t.me/krazzzzysam,https://t.me/Utsavfilm,2023-12-23T06:42:43+00:00,,,
60966,krazzzzysam,https://t.me/krazzzzysam,https://t.me/Utsavfilm,2023-12-23T06:42:40+00:00,,,
60965,krazzzzysam,https://t.me/krazzzzysam,https://t.me/Utsavfilm,2023-12-23T06:42:37+00:00,,,
60962,krazzzzysam,https://t.me/krazzzzysam,https://t.me/Utsavfilm,2023-12-23T06:42:28+00:00,,,
60960,krazzzzysam,https://t.me/krazzzzysam,https://t.me/Utsavfilm,2023-12-23T06:42:11+00:00,,,
60925,krazzzzysam,https://t.me/krazzzzysam,"<PERSON> is channel pe mil jaegi 👇
Terabox link👇🔗
https://t.me/movieflixzzzORG
https://t.me/movieflixzzzORG
https://t.me/movieflixzzzORG",2023-12-23T06:38:06+00:00,,,
60924,krazzzzysam,https://t.me/krazzzzysam,"<PERSON> is channel pe mil jaegi 👇
Terabox link👇🔗
https://t.me/movieflixzzzORG
https://t.me/movieflixzzzORG
https://t.me/movieflixzzzORG",2023-12-23T06:37:59+00:00,,,
60923,krazzzzysam,https://t.me/krazzzzysam,"<PERSON> is channel pe mil jaegi 👇
Terabox link👇🔗
https://t.me/movieflixzzzORG
https://t.me/movieflixzzzORG
https://t.me/movieflixzzzORG",2023-12-23T06:37:52+00:00,,,
60922,krazzzzysam,https://t.me/krazzzzysam,"<PERSON> is channel pe mil jaegi 👇
Terabox link👇🔗
https://t.me/movieflixzzzORG
https://t.me/movieflixzzzORG
https://t.me/movieflixzzzORG",2023-12-23T06:37:37+00:00,,,
60921,krazzzzysam,https://t.me/krazzzzysam,"<PERSON> is channel pe mil jaegi 👇
Terabox link👇🔗
https://t.me/movieflixzzzORG
https://t.me/movieflixzzzORG
https://t.me/movieflixzzzORG",2023-12-23T06:37:29+00:00,,,
60920,krazzzzysam,https://t.me/krazzzzysam,"<PERSON> is channel pe mil jaegi 👇
Terabox link👇🔗
https://t.me/movieflixzzzORG
https://t.me/movieflixzzzORG
https://t.me/movieflixzzzORG",2023-12-23T06:37:22+00:00,,,
60919,krazzzzysam,https://t.me/krazzzzysam,"<PERSON> is channel pe mil jaegi 👇
Terabox link👇🔗
https://t.me/movieflixzzzORG
https://t.me/movieflixzzzORG
https://t.me/movieflixzzzORG",2023-12-23T06:37:09+00:00,,,
60918,krazzzzysam,https://t.me/krazzzzysam,"<PERSON> is channel pe mil jaegi 👇
Terabox link👇🔗
https://t.me/movieflixzzzORG
https://t.me/movieflixzzzORG
https://t.me/movieflixzzzORG",2023-12-23T06:36:58+00:00,,,
60917,krazzzzysam,https://t.me/krazzzzysam,"<PERSON> is channel pe mil jaegi 👇
Terabox link👇🔗
https://t.me/movieflixzzzORG
https://t.me/movieflixzzzORG
https://t.me/movieflixzzzORG",2023-12-23T06:36:51+00:00,,,
60916,krazzzzysam,https://t.me/krazzzzysam,"<PERSON> is channel pe mil jaegi 👇
Terabox link👇🔗
https://t.me/movieflixzzzORG
https://t.me/movieflixzzzORG
https://t.me/movieflixzzzORG",2023-12-23T06:36:47+00:00,,,
60915,krazzzzysam,https://t.me/krazzzzysam,"<PERSON> is channel pe mil jaegi 👇
Terabox link👇🔗
https://t.me/movieflixzzzORG
https://t.me/movieflixzzzORG
https://t.me/movieflixzzzORG",2023-12-23T06:36:43+00:00,,,
60914,krazzzzysam,https://t.me/krazzzzysam,"<PERSON> is channel pe mil jaegi 👇
Terabox link👇🔗
https://t.me/movieflixzzzORG
https://t.me/movieflixzzzORG
https://t.me/movieflixzzzORG",2023-12-23T06:36:35+00:00,,,
60913,krazzzzysam,https://t.me/krazzzzysam,"<PERSON> is channel pe mil jaegi 👇
Terabox link👇🔗
https://t.me/movieflixzzzORG
https://t.me/movieflixzzzORG
https://t.me/movieflixzzzORG",2023-12-23T06:36:28+00:00,,,
60912,krazzzzysam,https://t.me/krazzzzysam,"<PERSON> is channel pe mil jaegi 👇

https://t.me/movieflixzzzORG
https://t.me/movieflixzzzORG
https://t.me/movieflixzzzORG",2023-12-23T06:36:03+00:00,,,
60911,krazzzzysam,https://t.me/krazzzzysam,"<PERSON> is channel pe mil jaegi 👇

https://t.me/movieflixzzzORG
https://t.me/movieflixzzzORG
https://t.me/movieflixzzzORG",2023-12-23T06:35:56+00:00,,,
60908,krazzzzysam,https://t.me/krazzzzysam,https://t.me/movieflixzzzORG/3025,2023-12-23T06:14:32+00:00,,,
60907,krazzzzysam,https://t.me/krazzzzysam,https://t.me/movieflixzzzORG/3027,2023-12-23T06:13:56+00:00,,,
60906,krazzzzysam,https://t.me/krazzzzysam,Movie dekh <PERSON>,2023-12-23T05:58:17+00:00,,,
60893,krazzzzysam,https://t.me/krazzzzysam,<PERSON> ye movie dalo na,2023-12-23T05:30:43+00:00,,,
60891,krazzzzysam,https://t.me/krazzzzysam,"<PERSON> join <PERSON> mere <NRP> me h
https://t.me/allwebseries63",2023-12-23T05:25:52+00:00,,,
60890,krazzzzysam,https://t.me/krazzzzysam,<PERSON> link <PERSON> na,2023-12-23T05:25:10+00:00,,,
60861,krazzzzysam,https://t.me/krazzzzysam,<DATE_TIME> <PERSON> me,2023-12-22T17:29:37+00:00,,,
60854,krazzzzysam,https://t.me/krazzzzysam,<PERSON> ? Rampage <PERSON>.,2023-12-22T16:54:13+00:00,,,
60851,krazzzzysam,https://t.me/krazzzzysam,all in Google Drive,2023-12-22T16:20:38+00:00,,,
60850,krazzzzysam,https://t.me/krazzzzysam,,2023-12-22T16:20:05+00:00,,,
60849,krazzzzysam,https://t.me/krazzzzysam,,2023-12-22T16:20:05+00:00,,,
60848,krazzzzysam,https://t.me/krazzzzysam,https://t.me/nlmoviedownload/26,2023-12-22T16:20:05+00:00,,,
60847,krazzzzysam,https://t.me/krazzzzysam,https://t.me/nlmoviedownload/27,2023-12-22T16:20:03+00:00,,,
60843,krazzzzysam,https://t.me/krazzzzysam,Rampage movie mil <PERSON>,2023-12-22T16:10:17+00:00,,,
60835,krazzzzysam,https://t.me/krazzzzysam,"Join the channel here for any movie webseries and Anime 🎥
https://t.me/Anime_ka_pujari",2023-12-22T15:37:45+00:00,,,
60823,krazzzzysam,https://t.me/krazzzzysam,Do,2023-12-22T15:30:58+00:00,,,
60822,krazzzzysam,https://t.me/krazzzzysam,Ok,2023-12-22T15:30:43+00:00,,,👍: 1
60820,krazzzzysam,https://t.me/krazzzzysam,The little girl movie chahiye,2023-12-22T15:30:33+00:00,,,
60819,krazzzzysam,https://t.me/krazzzzysam,<PERSON>,2023-12-22T15:30:04+00:00,,,
60818,krazzzzysam,https://t.me/krazzzzysam,Tera box ka link do na,2023-12-22T15:29:47+00:00,,,
60789,krazzzzysam,https://t.me/krazzzzysam,https://t.me/+luV-akN5cvtkZTg1,2023-12-22T15:17:22+00:00,,,
60788,krazzzzysam,https://t.me/krazzzzysam,Xxx videos,2023-12-22T15:15:15+00:00,,,
60786,krazzzzysam,https://t.me/krazzzzysam,<PERSON>,2023-12-22T14:58:19+00:00,,,
60785,krazzzzysam,https://t.me/krazzzzysam,<PERSON> movie,2023-12-22T14:58:15+00:00,,,
60784,krazzzzysam,https://t.me/krazzzzysam,<PERSON> krta hai terabox bht gusa <PERSON> add ate <PERSON>... 😑,2023-12-22T14:45:11+00:00,,,
60783,krazzzzysam,https://t.me/krazzzzysam,Flames ka season 4 dedo plzzz achi quality mee 🥺🥺🥺🥺,2023-12-22T14:43:18+00:00,,,
60782,krazzzzysam,https://t.me/krazzzzysam,Flames ka season 4 dedo plzzz achi quality mee 🥺🥺🥺🥺,2023-12-22T14:43:15+00:00,,,
60781,krazzzzysam,https://t.me/krazzzzysam,Flames ka season 4 dedo plzzz achi quality mee 🥺🥺🥺🥺,2023-12-22T14:43:12+00:00,,,
60780,krazzzzysam,https://t.me/krazzzzysam,Flames ka season 4 dedo plzzz achi quality mee 🥺🥺🥺🥺,2023-12-22T14:43:05+00:00,,,
60779,krazzzzysam,https://t.me/krazzzzysam,Flames ka season <PERSON> plzz 🥺🥺,2023-12-22T14:42:48+00:00,,,
60777,krazzzzysam,https://t.me/krazzzzysam,Shoth movie <PERSON>,2023-12-22T14:32:21+00:00,,,
60776,krazzzzysam,https://t.me/krazzzzysam,Click kro download be <PERSON> online be <PERSON>,2023-12-22T14:31:04+00:00,,,
60775,krazzzzysam,https://t.me/krazzzzysam,<PERSON> aasan h broo,2023-12-22T14:30:45+00:00,,,
60774,krazzzzysam,https://t.me/krazzzzysam,Jaise ye link <PERSON>,2023-12-22T14:30:32+00:00,,,
60773,krazzzzysam,https://t.me/krazzzzysam,Tera box sbko use <PERSON> at bhai,2023-12-22T14:30:27+00:00,,,
60772,krazzzzysam,https://t.me/krazzzzysam,,2023-12-22T14:30:23+00:00,,,👍: 1
60771,krazzzzysam,https://t.me/krazzzzysam,<PERSON> hta <PERSON>,2023-12-22T14:29:39+00:00,,,
60770,krazzzzysam,https://t.me/krazzzzysam,<PERSON> wait kro,2023-12-22T14:29:33+00:00,,,
60769,krazzzzysam,https://t.me/krazzzzysam,<PERSON> problem <PERSON> rh h,2023-12-22T14:29:26+00:00,,,
60767,krazzzzysam,https://t.me/krazzzzysam,<PERSON> send kro na,2023-12-22T14:27:41+00:00,,,
