id,Channel ID,URL,message,date,views,forwards,reactions
471,krazzzzysam,https://t.me/krazzzzysam,Download kaise krni <PERSON> video me dekhlo ❤️ or jakr download krlo,2023-12-21T09:41:02+00:00,369884.0,299.0,"👍: 395, 👎: 100, ❤: 50, 😁: 33, 🔥: 19, 👏: 17, 🥰: 15, 😱: 6"
81799,krazzzzysam,https://t.me/krazzzzysam,Movie download <PERSON> us <PERSON>,2024-04-28T17:30:31+00:00,,,
80392,krazzzzysam,https://t.me/krazzzzysam,https://t.me/KrazzzzySam/338?comment=63709,2024-04-16T16:37:47+00:00,,,
79758,krazzzzysam,https://t.me/krazzzzysam,<PERSON>,2024-04-10T12:03:30+00:00,,,
79757,krazzzzysam,https://t.me/krazzzzysam,Dubbed movie,2024-04-10T12:01:19+00:00,,,
78270,krazzzzysam,https://t.me/krazzzzysam,How to watch the video?,2024-03-30T09:32:26+00:00,,,
74849,krazzzzysam,https://t.me/krazzzzysam,<PERSON> d,2024-03-13T02:03:15+00:00,,,
74848,krazzzzysam,https://t.me/krazzzzysam,<PERSON> ye,2024-03-13T01:45:45+00:00,,,
73172,krazzzzysam,https://t.me/krazzzzysam,Salar,2024-02-20T18:55:12+00:00,,,
72607,krazzzzysam,https://t.me/krazzzzysam,I phone me <PERSON>,2024-02-15T18:07:37+00:00,,,
72515,krazzzzysam,https://t.me/krazzzzysam,डाऊनलोड नाही <PERSON>,2024-02-14T17:08:32+00:00,,,
72127,krazzzzysam,https://t.me/krazzzzysam,<PERSON>,2024-02-11T02:44:12+00:00,,,
71192,krazzzzysam,https://t.me/krazzzzysam,Iphone me kaise chlayien,2024-02-05T16:22:47+00:00,,,
71039,krazzzzysam,https://t.me/krazzzzysam,H,2024-02-04T11:27:26+00:00,,,
70914,krazzzzysam,https://t.me/krazzzzysam,<PERSON> nhi <PERSON> h sir <PERSON> tarika sa batiya plZ🙏🙏🙏🙏🙏🙏🙏🙏🙏🙏🙏🙏🙏🙏🙏🙏🙏🙏🙏🙏🙏🙏🙏🙏🙏🏿,2024-02-03T15:29:45+00:00,,,
70783,krazzzzysam,https://t.me/krazzzzysam,ɴʜɪ ʜᴏ ʀʜᴀ ʜᴀɪ yᴀᴀʀ,2024-02-03T02:33:36+00:00,,,
70763,krazzzzysam,https://t.me/krazzzzysam,<PERSON> kisi bhi video ka link <PERSON> to kr hi nhi rha hai,2024-02-02T17:22:21+00:00,,,
70524,krazzzzysam,https://t.me/krazzzzysam,Men’s world,2024-02-02T09:08:59+00:00,,,
70523,krazzzzysam,https://t.me/krazzzzysam,Iphone me nani <PERSON>,2024-02-02T09:08:35+00:00,,,
70480,krazzzzysam,https://t.me/krazzzzysam,Bhai,2024-02-02T03:14:34+00:00,,,
70479,krazzzzysam,https://t.me/krazzzzysam,Ny ho rha h,2024-02-02T03:14:29+00:00,,,
70452,krazzzzysam,https://t.me/krazzzzysam,<PERSON> aa rha hai download pe,2024-02-01T18:32:38+00:00,,,
70417,krazzzzysam,https://t.me/krazzzzysam,Mega app,2024-02-01T16:36:11+00:00,,,
70416,krazzzzysam,https://t.me/krazzzzysam,Bhai mg app download <PERSON> bola <PERSON>,2024-02-01T16:36:02+00:00,,,
70284,krazzzzysam,https://t.me/krazzzzysam,Open hi nai <PERSON>,2024-02-01T12:07:50+00:00,,,
70283,krazzzzysam,https://t.me/krazzzzysam,The brothers <PERSON>,2024-02-01T12:07:27+00:00,,,
70282,krazzzzysam,https://t.me/krazzzzysam,Movie open nai <PERSON>,2024-02-01T12:05:19+00:00,,,
70197,krazzzzysam,https://t.me/krazzzzysam,Bhai ad block ko disable <PERSON>,2024-02-01T02:54:49+00:00,,,
70012,krazzzzysam,https://t.me/krazzzzysam,man s,2024-01-31T08:46:39+00:00,,,
69879,krazzzzysam,https://t.me/krazzzzysam,Fishbowl movie ka,2024-01-31T00:04:25+00:00,,,👍: 1
69878,krazzzzysam,https://t.me/krazzzzysam,Bhai link hi nahi khul Raha,2024-01-31T00:03:41+00:00,,,
69864,krazzzzysam,https://t.me/krazzzzysam,That's my boy,2024-01-30T19:03:43+00:00,,,
69863,krazzzzysam,https://t.me/krazzzzysam,That's my boy,2024-01-30T19:03:11+00:00,,,
69729,krazzzzysam,https://t.me/krazzzzysam,<NRP> movie  open  kyun  nahi hoti,2024-01-30T14:38:52+00:00,,,
69506,krazzzzysam,https://t.me/krazzzzysam,Bhai,2024-01-29T07:04:06+00:00,,,
69505,krazzzzysam,https://t.me/krazzzzysam,<PERSON>,2024-01-29T07:03:59+00:00,,,
69451,krazzzzysam,https://t.me/krazzzzysam,Kjf,2024-01-28T15:09:06+00:00,,,
69447,krazzzzysam,https://t.me/krazzzzysam,Download <PERSON>,2024-01-28T14:38:45+00:00,,,
69404,krazzzzysam,https://t.me/krazzzzysam,Movie nahi download <PERSON>,2024-01-28T06:57:36+00:00,,,
69403,krazzzzysam,https://t.me/krazzzzysam,Bhai,2024-01-28T06:57:13+00:00,,,
69392,krazzzzysam,https://t.me/krazzzzysam,Bhai mere phne me koi w8 <PERSON>,2024-01-28T06:47:18+00:00,,,👍: 1
69328,krazzzzysam,https://t.me/krazzzzysam,Bhai loading <PERSON>,2024-01-28T01:40:22+00:00,,,
69080,krazzzzysam,https://t.me/krazzzzysam,<PERSON> download,2024-01-26T11:21:39+00:00,,,
69052,krazzzzysam,https://t.me/krazzzzysam,Plz Help,2024-01-26T08:06:52+00:00,,,
69051,krazzzzysam,https://t.me/krazzzzysam,<PERSON> Koyi Movie Download <PERSON>,2024-01-26T08:06:45+00:00,,,
69050,krazzzzysam,https://t.me/krazzzzysam,<PERSON>,2024-01-26T08:05:43+00:00,,,
69027,krazzzzysam,https://t.me/krazzzzysam,Hello <NRP>,2024-01-26T06:48:06+00:00,,,
68659,krazzzzysam,https://t.me/krazzzzysam,<PERSON> website batao na,2024-01-24T22:01:44+00:00,,,
68658,krazzzzysam,https://t.me/krazzzzysam,<PERSON>,2024-01-24T22:01:27+00:00,,,
68636,krazzzzysam,https://t.me/krazzzzysam,<PERSON> movie,2024-01-24T18:43:01+00:00,,,
68607,krazzzzysam,https://t.me/krazzzzysam,"<PERSON>:
<PERSON>:
https://t.me/winnerexperts_1

https://t.me/winnerexperts_1

https://t.me/winnerexperts_1

https://t.me/winnerexperts_1

https://t.me/winnerexperts_1

https://t.me/winnerexperts_1

https://t.me/winnerexperts_1

https://t.me/winnerexperts_1

https://t.me/winnerexperts_1

https://t.me/winnerexperts_1

https://t.me/winnerexperts_1

https://t.me/winnerexperts_1

https://t.me/winnerexperts_1

https://t.me/winnerexperts_1

https://t.me/winnerexperts_1

https://t.me/winnerexperts_1

https://t.me/winnerexperts_1

https://t.me/winnerexperts_1

https://t.me/winnerexperts_1

https://t.me/winnerexperts_1

https://t.me/winnerexperts_1

https://t.me/winnerexperts_1

https://t.me/winnerexperts_1

https://t.me/winnerexperts_1

https://t.me/winnerexperts_1

https://t.me/winnerexperts_1

https://t.me/winnerexperts_1

https://t.me/winnerexperts_1

https://t.me/winnerexperts_1

<PERSON>:
https://t.me/winnerexperts_1

https://t.me/winnerexperts_1

https://t.me/winnerexperts_1

https://t.me/winnerexperts_1

https://t.me/winnerexperts_1

https://t.me/winnerexperts_1

https://t.me/winnerexperts_1

https://t.me/winnerexperts_1

https://t.me/winnerexperts_1

https://t.me/winnerexperts_1

https://t.me/winnerexperts_1

https://t.me/winnerexperts_1

https://t.me/winnerexperts_1

https://t.me/winnerexperts_1

https://t.me/winnerexperts_1

https://t.me/winnerexperts_1

https://t.me/winnerexperts_1

https://t.me/winnerexperts_1

https://t.me/winnerexperts_1

<PERSON>:
https://t.me/winnerexperts_1

https://t.me/winnerexperts_1

https://t.me/winnerexperts_1

https://t.me/winnerexperts_1

https://t.me/winnerexperts_1

https://t.me/winnerexperts_1

https://t.me/winnerexperts_1

https://t.me/winnerexperts_1

https://t.me/winnerexperts_1

https://t.me/winnerexperts_1

https://t.me/winnerexperts_1

https://t.me/winnerexperts_1

https://t.me/winnerexperts_1

https://t.me/winnerexperts_1

https://t.me/winnerexperts_1

https://t.me/winnerexperts_1

https://t.me/winnerexperts_1

https://t.me/winnerexperts_1

https://t.me/winnerexperts_1

https://t.me/winnerexperts_1

https://t.me/winnerexperts_1

https://t.me/winnerexperts_1

https://t.me/winnerexperts_1

https://t.me/winnerexperts_1

https://t.me/winnerexperts_1

https://t.me/winnerexperts_1

https://t.me/winnerexperts_1

https://t.me/winnerexperts_1

https://t.me/winnerexperts_1

<PERSON>:
https://t.me/winnerexperts_1

https://t.me/winnerexperts_1

https://t.me/winnerexperts_1

https://t.me/winnerexperts_1

https://t.me/winnerexperts_1

https://t.me/winnerexperts_1

https://t.me/winnerexperts_1

https://t.me/winnerexperts_1

https://t.me/winnerexperts_1

https://t.me/winnerexperts_1

https://t.me/winnerexperts_1

https://t.me/winnerexperts_1

https://t.me/winnerexperts_1

https://t.me/winnerexperts_1

https://t.me/winnerexperts_1

https://t.me/winnerexperts_1

https://t.me/winnerexperts_1

https://t.me/winnerexperts_1

https://t.me/winnerexperts_1

Join☝️

<PERSON> fadia hoo ga 1 crore sa 3 crores win <PERSON><PERSON> channal join karr do",2024-01-24T18:10:23+00:00,,,
68606,krazzzzysam,https://t.me/krazzzzysam,"<PERSON>:
<PERSON>:
https://t.me/winnerexperts_1

https://t.me/winnerexperts_1

https://t.me/winnerexperts_1

https://t.me/winnerexperts_1

https://t.me/winnerexperts_1

https://t.me/winnerexperts_1

https://t.me/winnerexperts_1

https://t.me/winnerexperts_1

https://t.me/winnerexperts_1

https://t.me/winnerexperts_1

https://t.me/winnerexperts_1

https://t.me/winnerexperts_1

https://t.me/winnerexperts_1

https://t.me/winnerexperts_1

https://t.me/winnerexperts_1

https://t.me/winnerexperts_1

https://t.me/winnerexperts_1

https://t.me/winnerexperts_1

https://t.me/winnerexperts_1

https://t.me/winnerexperts_1

https://t.me/winnerexperts_1

https://t.me/winnerexperts_1

https://t.me/winnerexperts_1

https://t.me/winnerexperts_1

https://t.me/winnerexperts_1

https://t.me/winnerexperts_1

https://t.me/winnerexperts_1

https://t.me/winnerexperts_1

https://t.me/winnerexperts_1

<PERSON>:
https://t.me/winnerexperts_1

https://t.me/winnerexperts_1

https://t.me/winnerexperts_1

https://t.me/winnerexperts_1

https://t.me/winnerexperts_1

https://t.me/winnerexperts_1

https://t.me/winnerexperts_1

https://t.me/winnerexperts_1

https://t.me/winnerexperts_1

https://t.me/winnerexperts_1

https://t.me/winnerexperts_1

https://t.me/winnerexperts_1

https://t.me/winnerexperts_1

https://t.me/winnerexperts_1

https://t.me/winnerexperts_1

https://t.me/winnerexperts_1

https://t.me/winnerexperts_1

https://t.me/winnerexperts_1

https://t.me/winnerexperts_1

<PERSON>:
https://t.me/winnerexperts_1

https://t.me/winnerexperts_1

https://t.me/winnerexperts_1

https://t.me/winnerexperts_1

https://t.me/winnerexperts_1

https://t.me/winnerexperts_1

https://t.me/winnerexperts_1

https://t.me/winnerexperts_1

https://t.me/winnerexperts_1

https://t.me/winnerexperts_1

https://t.me/winnerexperts_1

https://t.me/winnerexperts_1

https://t.me/winnerexperts_1

https://t.me/winnerexperts_1

https://t.me/winnerexperts_1

https://t.me/winnerexperts_1

https://t.me/winnerexperts_1

https://t.me/winnerexperts_1

https://t.me/winnerexperts_1

https://t.me/winnerexperts_1

https://t.me/winnerexperts_1

https://t.me/winnerexperts_1

https://t.me/winnerexperts_1

https://t.me/winnerexperts_1

https://t.me/winnerexperts_1

https://t.me/winnerexperts_1

https://t.me/winnerexperts_1

https://t.me/winnerexperts_1

https://t.me/winnerexperts_1

<PERSON>:
https://t.me/winnerexperts_1

https://t.me/winnerexperts_1

https://t.me/winnerexperts_1

https://t.me/winnerexperts_1

https://t.me/winnerexperts_1

https://t.me/winnerexperts_1

https://t.me/winnerexperts_1

https://t.me/winnerexperts_1

https://t.me/winnerexperts_1

https://t.me/winnerexperts_1

https://t.me/winnerexperts_1

https://t.me/winnerexperts_1

https://t.me/winnerexperts_1

https://t.me/winnerexperts_1

https://t.me/winnerexperts_1

https://t.me/winnerexperts_1

https://t.me/winnerexperts_1

https://t.me/winnerexperts_1

https://t.me/winnerexperts_1

Join☝️

<PERSON> fadia hoo ga 1 crore sa 3 crores win <PERSON><PERSON> channal join karr do",2024-01-24T18:10:20+00:00,,,👀: 1
68469,krazzzzysam,https://t.me/krazzzzysam,Are bhai movie <PERSON> download <PERSON> brother elephant <DATE_TIME>,2024-01-24T17:09:46+00:00,,,
68462,krazzzzysam,https://t.me/krazzzzysam,<PERSON> app nhi h <PERSON>,2024-01-24T16:55:59+00:00,,,
68461,krazzzzysam,https://t.me/krazzzzysam,<PERSON>,2024-01-24T16:55:45+00:00,,,
68274,krazzzzysam,https://t.me/krazzzzysam,<PERSON> download,2024-01-24T15:13:38+00:00,,,
68256,krazzzzysam,https://t.me/krazzzzysam,Pr link hi generet nhi hora h,2024-01-24T14:46:06+00:00,,,
68245,krazzzzysam,https://t.me/krazzzzysam,Nhi download <PERSON> sir,2024-01-24T14:32:18+00:00,,,
68041,krazzzzysam,https://t.me/krazzzzysam,Nhi download <PERSON> sir,2024-01-24T11:35:45+00:00,,,
68033,krazzzzysam,https://t.me/krazzzzysam,<PERSON> bhai,2024-01-24T11:05:39+00:00,,,
67984,krazzzzysam,https://t.me/krazzzzysam,<PERSON>,2024-01-24T08:48:43+00:00,,,
67970,krazzzzysam,https://t.me/krazzzzysam,<PERSON> is me to <PERSON> bi movie nhi chlti,2024-01-24T08:21:01+00:00,,,
67945,krazzzzysam,https://t.me/krazzzzysam,Asia karke,2024-01-24T06:34:32+00:00,,,
67943,krazzzzysam,https://t.me/krazzzzysam,<PERSON> 12 fail <PERSON>,2024-01-24T06:34:20+00:00,,,
67897,krazzzzysam,https://t.me/krazzzzysam,<PERSON> rhi yrr,2024-01-24T04:27:28+00:00,,,
67450,krazzzzysam,https://t.me/krazzzzysam,Hii,2024-01-21T12:54:54+00:00,,,
67375,krazzzzysam,https://t.me/krazzzzysam,Nhi <PERSON>,2024-01-20T17:41:58+00:00,,,
67229,krazzzzysam,https://t.me/krazzzzysam,Pleasure,2024-01-20T03:21:46+00:00,,,
66798,krazzzzysam,https://t.me/krazzzzysam,Please,2024-01-17T12:45:33+00:00,,,
66797,krazzzzysam,https://t.me/krazzzzysam,Bro,2024-01-17T12:45:31+00:00,,,
66796,krazzzzysam,https://t.me/krazzzzysam,Why him movie,2024-01-17T12:45:24+00:00,,,
66388,krazzzzysam,https://t.me/krazzzzysam,bhai link bhej do download kar lenge app,2024-01-13T17:39:31+00:00,,,
65967,krazzzzysam,https://t.me/krazzzzysam,Dawlod nhi <PERSON>,2024-01-11T10:20:12+00:00,,,
65966,krazzzzysam,https://t.me/krazzzzysam,Bhai mere me to,2024-01-11T10:19:58+00:00,,,
65742,krazzzzysam,https://t.me/krazzzzysam,<PERSON> phn me to download hi nhi hori,2024-01-10T15:45:31+00:00,,,
65666,krazzzzysam,https://t.me/krazzzzysam,<PERSON> easy process nhi h,2024-01-10T09:45:08+00:00,,,
65257,krazzzzysam,https://t.me/krazzzzysam,Download problem,2024-01-08T16:15:00+00:00,,,
65193,krazzzzysam,https://t.me/krazzzzysam,"Bhai full movie🔗 hindi⚡ me available👇💦 he 🧐
Hot 🥵and sexy 👙 movie🔗 👇👇👇
(Request for any movie) 
https://t.me/movieflixzzzORG
https://t.me/movieflixzzzORG
https://t.me/movieflixzzzORG",2024-01-08T13:40:22+00:00,,,
65182,krazzzzysam,https://t.me/krazzzzysam,<PERSON> add blocker aa <PERSON>,2024-01-08T12:50:30+00:00,,,
65058,krazzzzysam,https://t.me/krazzzzysam,"Bhai full movie🔗 hindi⚡ me available👇💦 he 🧐
Hot 🥵and sexy 👙 movie🔗 👇👇👇
(Request for any movie) 
https://t.me/movieflixzzzORG
https://t.me/movieflixzzzORG
https://t.me/movieflixzzzORG",2024-01-08T05:46:03+00:00,,,
64957,krazzzzysam,https://t.me/krazzzzysam,<PERSON> download bhai,2024-01-07T17:49:06+00:00,,,
64869,krazzzzysam,https://t.me/krazzzzysam,<PERSON>,2024-01-07T13:07:42+00:00,,,
64854,krazzzzysam,https://t.me/krazzzzysam,"Bhai full movie🔗 hindi⚡ me available👇💦 he 🧐
Hot 🥵and sexy 👙 movie🔗 👇👇👇
(Request for any movie) 
https://t.me/movieflixzzzORG
https://t.me/movieflixzzzORG
https://t.me/movieflixzzzORG",2024-01-07T12:30:41+00:00,,,
64839,krazzzzysam,https://t.me/krazzzzysam,"Bhai full movie🔗 hindi⚡ me available👇💦 he 🧐
Hot 🥵and sexy 👙 movie🔗 👇👇👇
(Request for any movie) 
https://t.me/movieflixzzzORG
https://t.me/movieflixzzzORG
https://t.me/movieflixzzzORG",2024-01-07T12:28:47+00:00,,,
64791,krazzzzysam,https://t.me/krazzzzysam,D*** rod <PERSON> I'm gonna get <PERSON>,2024-01-07T07:09:48+00:00,,,
64790,krazzzzysam,https://t.me/krazzzzysam,My movie download cartolar <PERSON> miniari,2024-01-07T07:09:38+00:00,,,
64766,krazzzzysam,https://t.me/krazzzzysam,"Bhai full movie🔗 hindi⚡ me available👇💦 he 🧐
Hot 🥵and sexy 👙 movie🔗 👇👇👇
(Request for any movie) 
https://t.me/movieflixzzzORG
https://t.me/movieflixzzzORG
https://t.me/movieflixzzzORG",2024-01-07T04:36:41+00:00,,,👍: 1
64746,krazzzzysam,https://t.me/krazzzzysam,"Bhai full movie🔗 hindi⚡ me available👇💦 he 🧐
Hot 🥵and sexy 👙 movie🔗 👇👇👇
(Request for any movie) 
https://t.me/movieflixzzzORG
https://t.me/movieflixzzzORG
https://t.me/movieflixzzzORG",2024-01-07T04:34:25+00:00,,,
64726,krazzzzysam,https://t.me/krazzzzysam,Bhai link to khuli hi nhi Rahi n,2024-01-07T03:43:38+00:00,,,
64663,krazzzzysam,https://t.me/krazzzzysam,<PERSON> movie chahiye,2024-01-06T16:38:46+00:00,,,
64614,krazzzzysam,https://t.me/krazzzzysam,"Bhai full movie🔗 hindi⚡ me available👇💦 he 🧐
Hot 🥵and sexy 👙 movie🔗 👇👇👇
(Request for any movie) 
https://t.me/movieflixzzzORG
https://t.me/movieflixzzzORG
https://t.me/movieflixzzzORG",2024-01-06T15:42:47+00:00,,,
64573,krazzzzysam,https://t.me/krazzzzysam,"Bhai full movie🔗 hindi⚡ me available👇💦 he 🧐
Hot 🥵and sexy 👙 movie🔗 👇👇👇
(Request for any movie) 
https://t.me/movieflixzzzORG
https://t.me/movieflixzzzORG
https://t.me/movieflixzzzORG",2024-01-06T15:38:40+00:00,,,
64571,krazzzzysam,https://t.me/krazzzzysam,Bhai past and present. Movie <PERSON>,2024-01-06T15:35:13+00:00,,,
64505,krazzzzysam,https://t.me/krazzzzysam,Ka,2024-01-06T14:05:55+00:00,,,
64504,krazzzzysam,https://t.me/krazzzzysam,<PERSON>,2024-01-06T14:05:54+00:00,,,
64503,krazzzzysam,https://t.me/krazzzzysam,Bhai mere me option nii <PERSON>,2024-01-06T14:05:49+00:00,,,
64488,krazzzzysam,https://t.me/krazzzzysam,<PERSON> 3 <PERSON>,2024-01-06T13:32:48+00:00,,,
64471,krazzzzysam,https://t.me/krazzzzysam,"Bhai full movie🔗 hindi⚡ me available👇💦 he 🧐
Hot 🥵and sexy 👙 movie🔗 👇👇👇
(Request for any movie) 
https://t.me/movieflixzzzORG
https://t.me/movieflixzzzORG
https://t.me/movieflixzzzORG",2024-01-06T11:45:00+00:00,,,
64467,krazzzzysam,https://t.me/krazzzzysam,Movie download <PERSON>,2024-01-06T11:27:25+00:00,,,
64428,krazzzzysam,https://t.me/krazzzzysam,"Bhai full movie🔗 hindi⚡ me available👇💦 he 🧐
Hot 🥵and sexy 👙 movie🔗 👇👇👇
(Request for any movie) 
https://t.me/movieflixzzzORG
https://t.me/movieflixzzzORG
https://t.me/movieflixzzzORG",2024-01-06T09:15:24+00:00,,,
64424,krazzzzysam,https://t.me/krazzzzysam,Hi,2024-01-06T09:12:12+00:00,,,
64423,krazzzzysam,https://t.me/krazzzzysam,/story,2024-01-06T09:10:43+00:00,,,
64422,krazzzzysam,https://t.me/krazzzzysam,COUPLESRETREAT,2024-01-06T09:10:32+00:00,,,
64394,krazzzzysam,https://t.me/krazzzzysam,"Bhai full movie🔗 hindi⚡ me available👇💦 he 🧐
Hot 🥵and sexy 👙 movie🔗 👇👇👇
(Request for any movie) 
https://t.me/movieflixzzzORG
https://t.me/movieflixzzzORG
https://t.me/movieflixzzzORG",2024-01-06T08:33:46+00:00,,,
64379,krazzzzysam,https://t.me/krazzzzysam,<PERSON>,2024-01-06T08:30:40+00:00,,,
64377,krazzzzysam,https://t.me/krazzzzysam,"Bhai full movie🔗 hindi⚡ me available👇💦 he 🧐
Hot 🥵and sexy 👙 movie🔗 👇👇👇
(Request for any movie) 
https://t.me/movieflixzzzORG
https://t.me/movieflixzzzORG
https://t.me/movieflixzzzORG",2024-01-06T08:30:17+00:00,,,
64359,krazzzzysam,https://t.me/krazzzzysam,"Bhai full movie🔗 hindi⚡ me available👇💦 he 🧐
Hot 🥵and sexy 👙 movie🔗 👇👇👇
(Request for any movie) 
https://t.me/movieflixzzzORG
https://t.me/movieflixzzzORG
https://t.me/movieflixzzzORG",2024-01-06T08:28:03+00:00,,,
64357,krazzzzysam,https://t.me/krazzzzysam,"Bhai full movie🔗 hindi⚡ me available👇💦 he 🧐
Hot 🥵and sexy 👙 movie🔗 👇👇👇
(Request for any movie) 
https://t.me/movieflixzzzORG
https://t.me/movieflixzzzORG
https://t.me/movieflixzzzORG",2024-01-06T08:27:59+00:00,,,
64355,krazzzzysam,https://t.me/krazzzzysam,"Bhai full movie🔗 hindi⚡ me available👇💦 he 🧐
Hot 🥵and sexy 👙 movie🔗 👇👇👇
(Request for any movie) 
https://t.me/movieflixzzzORG
https://t.me/movieflixzzzORG
https://t.me/movieflixzzzORG",2024-01-06T08:27:49+00:00,,,
64343,krazzzzysam,https://t.me/krazzzzysam,"Bhai full movie🔗 hindi⚡ me available👇💦 he 🧐
Hot 🥵and sexy 👙 movie🔗 👇👇👇
(Request for any movie) 
https://t.me/movieflixzzzORG
https://t.me/movieflixzzzORG
https://t.me/movieflixzzzORG",2024-01-06T08:26:36+00:00,,,
64339,krazzzzysam,https://t.me/krazzzzysam,"Bhai full movie🔗 hindi⚡ me available👇💦 he 🧐
Hot 🥵and sexy 👙 movie🔗 👇👇👇
(Request for any movie) 
https://t.me/movieflixzzzORG
https://t.me/movieflixzzzORG
https://t.me/movieflixzzzORG",2024-01-06T08:26:13+00:00,,,
64331,krazzzzysam,https://t.me/krazzzzysam,"Bhai full movie🔗 hindi⚡ me available👇💦 he 🧐
Hot 🥵and sexy 👙 movie🔗 👇👇👇
(Request for any movie) 
https://t.me/movieflixzzzORG
https://t.me/movieflixzzzORG
https://t.me/movieflixzzzORG",2024-01-06T08:24:59+00:00,,,
64251,krazzzzysam,https://t.me/krazzzzysam,Download ni ho rh kuch v,2024-01-06T08:08:27+00:00,,,
64243,krazzzzysam,https://t.me/krazzzzysam,Bhai i phone <PERSON> na,2024-01-06T07:14:12+00:00,,,
64242,krazzzzysam,https://t.me/krazzzzysam,Continue open option <PERSON>,2024-01-06T07:07:32+00:00,,,
64221,krazzzzysam,https://t.me/krazzzzysam,<PERSON>,2024-01-06T06:25:42+00:00,,,
64220,krazzzzysam,https://t.me/krazzzzysam,Ye process <PERSON> mobile me option hi <PERSON> close add ka ❔,2024-01-06T06:25:26+00:00,,,
64176,krazzzzysam,https://t.me/krazzzzysam,<PERSON> reha download,2024-01-06T04:57:04+00:00,,,
64135,krazzzzysam,https://t.me/krazzzzysam,Hlo,2024-01-06T03:16:01+00:00,,,
64127,krazzzzysam,https://t.me/krazzzzysam,Gpay no. <PERSON>,2024-01-06T02:07:04+00:00,,,
64125,krazzzzysam,https://t.me/krazzzzysam,<PERSON> Pay konse no. <PERSON>,2024-01-06T02:00:01+00:00,,,
64068,krazzzzysam,https://t.me/krazzzzysam,<PERSON>,2024-01-05T17:41:06+00:00,,,
64067,krazzzzysam,https://t.me/krazzzzysam,<PERSON> download,2024-01-05T17:41:02+00:00,,,
64065,krazzzzysam,https://t.me/krazzzzysam,Bhai link he show <PERSON>,2024-01-05T17:37:11+00:00,,,
64038,krazzzzysam,https://t.me/krazzzzysam,Bhai mere mobile me download <PERSON>,2024-01-05T16:27:30+00:00,,,
64030,krazzzzysam,https://t.me/krazzzzysam,Terminator full movie Hollywood,2024-01-05T16:03:16+00:00,,,
64009,krazzzzysam,https://t.me/krazzzzysam,Bhai mere m <PERSON> download,2024-01-05T15:31:05+00:00,,,
63799,krazzzzysam,https://t.me/krazzzzysam,"Bhai full movie <PERSON> dubbed👇 me available he 👇
Sexy movies available💦💦💦
https://t.me/movieflixzzzORG
https://t.me/movieflixzzzORG
https://t.me/movieflixzzzORG",2024-01-04T17:34:15+00:00,,,
63793,krazzzzysam,https://t.me/krazzzzysam,Hello <PERSON> sirij ka link do,2024-01-04T17:24:57+00:00,,,
63788,krazzzzysam,https://t.me/krazzzzysam,"Bhai full movie <PERSON> dubbed👇 me available he 👇
Sexy movies available💦💦💦
https://t.me/movieflixzzzORG
https://t.me/movieflixzzzORG
https://t.me/movieflixzzzORG",2024-01-04T17:24:23+00:00,,,
63722,krazzzzysam,https://t.me/krazzzzysam,<PERSON> dawnload <PERSON> he bhai,2024-01-04T12:41:47+00:00,,,
63185,krazzzzysam,https://t.me/krazzzzysam,<PERSON>,2024-01-01T14:48:41+00:00,,,
63184,krazzzzysam,https://t.me/krazzzzysam,<PERSON>,2024-01-01T14:48:35+00:00,,,
63012,krazzzzysam,https://t.me/krazzzzysam,"Ra100 rupees 50 video
Rs 200 rupees 150 video",2024-01-01T02:59:07+00:00,,,🤮: 1
63011,krazzzzysam,https://t.me/krazzzzysam,Teenage girls and boys sex videos available teenage lesbian and boy and boy,2024-01-01T02:59:05+00:00,,,
63010,krazzzzysam,https://t.me/krazzzzysam,,2024-01-01T02:59:01+00:00,,,
63009,krazzzzysam,https://t.me/krazzzzysam,,2024-01-01T02:59:01+00:00,,,
63008,krazzzzysam,https://t.me/krazzzzysam,,2024-01-01T02:59:01+00:00,,,
62926,krazzzzysam,https://t.me/krazzzzysam,Online <PERSON>,2023-12-31T12:21:38+00:00,,,👍: 1
62925,krazzzzysam,https://t.me/krazzzzysam,App konsa download karna hoga,2023-12-31T12:21:15+00:00,,,
62862,krazzzzysam,https://t.me/krazzzzysam,"Bhai full movie <PERSON> dubbed👇 me available he 👇
Sexy movies available💦💦💦
https://t.me/movieflixzzzORG
https://t.me/movieflixzzzORG
https://t.me/movieflixzzzORG",2023-12-31T06:53:31+00:00,,,
62838,krazzzzysam,https://t.me/krazzzzysam,Bhai app <PERSON> name <PERSON>,2023-12-31T04:36:17+00:00,,,
62759,krazzzzysam,https://t.me/krazzzzysam,<PERSON>,2023-12-30T16:47:06+00:00,,,
62758,krazzzzysam,https://t.me/krazzzzysam,Ab movie downloading <PERSON>,2023-12-30T16:47:00+00:00,,,
62588,krazzzzysam,https://t.me/krazzzzysam,Hi,2023-12-30T03:24:48+00:00,,,
62571,krazzzzysam,https://t.me/krazzzzysam,Bhai horror movies <PERSON> do,2023-12-29T20:03:46+00:00,,,👍: 1
62554,krazzzzysam,https://t.me/krazzzzysam,"Sexy 👙👠💋 movies 🔞💦💦💦 available👇


https://t.me/movieflixzzzORG
https://t.me/movieflixzzzORG
https://t.me/movieflixzzzORG",2023-12-29T17:26:12+00:00,,,
62529,krazzzzysam,https://t.me/krazzzzysam,Movie adults 18,2023-12-29T16:51:08+00:00,,,
62213,krazzzzysam,https://t.me/krazzzzysam,Hindi me nhi <PERSON> hi,2023-12-28T06:37:45+00:00,,,
62183,krazzzzysam,https://t.me/krazzzzysam,<PERSON> massage karo mai dunga movie,2023-12-28T04:28:46+00:00,,,
62182,krazzzzysam,https://t.me/krazzzzysam,It's ok it's not okay,2023-12-28T04:27:56+00:00,,,
61998,krazzzzysam,https://t.me/krazzzzysam,Are <PERSON> movie open <PERSON>,2023-12-27T07:01:14+00:00,,,
61929,krazzzzysam,https://t.me/krazzzzysam,Download movie kaise check <PERSON>,2023-12-26T19:20:00+00:00,,,
61886,krazzzzysam,https://t.me/krazzzzysam,<PERSON> nhi <PERSON> h plzzz,2023-12-26T17:03:50+00:00,,,
61773,krazzzzysam,https://t.me/krazzzzysam,"Bhai full movie <PERSON> dubbed👇 me available he 👇
https://t.me/movieflixzzzORG
https://t.me/movieflixzzzORG
https://t.me/movieflixzzzORG",2023-12-26T11:59:19+00:00,,,
61678,krazzzzysam,https://t.me/krazzzzysam,Hii,2023-12-25T18:30:00+00:00,,,
61598,krazzzzysam,https://t.me/krazzzzysam,Is me nhi h bhai,2023-12-25T12:29:36+00:00,,,
61558,krazzzzysam,https://t.me/krazzzzysam,"Bhai all movies working link <PERSON> dubbed👇 me available he 👇
https://t.me/movieflixzzzORG
https://t.me/movieflixzzzORG
https://t.me/movieflixzzzORG",2023-12-25T09:56:13+00:00,,,
61546,krazzzzysam,https://t.me/krazzzzysam,,2023-12-25T09:44:50+00:00,,,
61532,krazzzzysam,https://t.me/krazzzzysam,<PERSON>,2023-12-25T08:50:24+00:00,,,
61531,krazzzzysam,https://t.me/krazzzzysam,The <PERSON> movie de do bhai New wali,2023-12-25T08:50:18+00:00,,,
61530,krazzzzysam,https://t.me/krazzzzysam,<PERSON>,2023-12-25T08:50:00+00:00,,,
61341,krazzzzysam,https://t.me/krazzzzysam,"Bhai all movies working link <PERSON> dubbed👇 me available he 👇
https://t.me/movieflixzzzORG
https://t.me/movieflixzzzORG
https://t.me/movieflixzzzORG",2023-12-24T13:53:47+00:00,,,
61340,krazzzzysam,https://t.me/krazzzzysam,"Bhai all movies working link <PERSON> dubbed👇 me available he 👇
https://t.me/movieflixzzzORG
https://t.me/movieflixzzzORG
https://t.me/movieflixzzzORG",2023-12-24T13:53:43+00:00,,,
61201,krazzzzysam,https://t.me/krazzzzysam,https://www.evtacshop.com/#/pages/register/register?id=391566,2023-12-24T04:43:25+00:00,,,
61151,krazzzzysam,https://t.me/krazzzzysam,Send me,2023-12-23T18:08:22+00:00,,,
61103,krazzzzysam,https://t.me/krazzzzysam,Iphone me nahi ho rahi,2023-12-23T13:48:26+00:00,,,
60971,krazzzzysam,https://t.me/krazzzzysam,"<PERSON> is channel pe mil jaegi 👇
Terabox link👇🔗
https://t.me/movieflixzzzORG
https://t.me/movieflixzzzORG
https://t.me/movieflixzzzORG",2023-12-23T06:43:12+00:00,,,
60970,krazzzzysam,https://t.me/krazzzzysam,"<PERSON> is channel pe mil jaegi 👇
Terabox link👇🔗
https://t.me/movieflixzzzORG
https://t.me/movieflixzzzORG
https://t.me/movieflixzzzORG",2023-12-23T06:43:01+00:00,,,
60969,krazzzzysam,https://t.me/krazzzzysam,"<PERSON> is channel pe mil jaegi 👇
Terabox link👇🔗
https://t.me/movieflixzzzORG
https://t.me/movieflixzzzORG
https://t.me/movieflixzzzORG",2023-12-23T06:42:56+00:00,,,
60968,krazzzzysam,https://t.me/krazzzzysam,"<PERSON> is channel pe mil jaegi 👇
Terabox link👇🔗
https://t.me/movieflixzzzORG
https://t.me/movieflixzzzORG
https://t.me/movieflixzzzORG",2023-12-23T06:42:51+00:00,,,
60740,krazzzzysam,https://t.me/krazzzzysam,Bhai app new video bna ke send kr do new channel me movie download <PERSON>,2023-12-22T12:52:10+00:00,,,
60439,krazzzzysam,https://t.me/krazzzzysam,Dirty Hari,2023-12-21T17:55:41+00:00,,,
60430,krazzzzysam,https://t.me/krazzzzysam,This person best. https://t.me/+nJBjFqfCjuQ1OThl they give direct movie in telegram. Not sending virus link like you.,2023-12-21T17:23:21+00:00,,,
60429,krazzzzysam,https://t.me/krazzzzysam,<PERSON>,2023-12-21T17:22:03+00:00,,,
60416,krazzzzysam,https://t.me/krazzzzysam,masti me rehne ka      web series send <PERSON> na,2023-12-21T16:32:07+00:00,,,
60408,krazzzzysam,https://t.me/krazzzzysam,"Dunki 🔥 and salaar movie uploaded👇 

And request for any movie here 👇

https://t.me/movieflixzzzORG
https://t.me/movieflixzzzORG
https://t.me/movieflixzzzORG",2023-12-21T16:25:30+00:00,,,
60407,krazzzzysam,https://t.me/krazzzzysam,"Dunki 🔥 and salaar movie uploaded👇 

And request for any movie here 👇

https://t.me/movieflixzzzORG
https://t.me/movieflixzzzORG
https://t.me/movieflixzzzORG",2023-12-21T16:25:23+00:00,,,
60406,krazzzzysam,https://t.me/krazzzzysam,"Dunki 🔥 and salaar movie uploaded👇 

And request for any movie here 👇

https://t.me/movieflixzzzORG
https://t.me/movieflixzzzORG
https://t.me/movieflixzzzORG",2023-12-21T16:25:19+00:00,,,
60405,krazzzzysam,https://t.me/krazzzzysam,"Dunki 🔥 and salaar movie uploaded👇 

And request for any movie here 👇

https://t.me/movieflixzzzORG
https://t.me/movieflixzzzORG
https://t.me/movieflixzzzORG",2023-12-21T16:25:11+00:00,,,
60384,krazzzzysam,https://t.me/krazzzzysam,"💦🥵Best Adult videos 🥵💦

Join main Chanel

https://t.me/studymaterialsry

https://t.me/studymaterialsry

https://t.me/studymaterialsry",2023-12-21T15:46:15+00:00,,,
60381,krazzzzysam,https://t.me/krazzzzysam,Pastx is present,2023-12-21T15:42:54+00:00,,,
60378,krazzzzysam,https://t.me/krazzzzysam,.,2023-12-21T15:41:51+00:00,,,
60353,krazzzzysam,https://t.me/krazzzzysam,Past x is present,2023-12-21T15:36:14+00:00,,,
60351,krazzzzysam,https://t.me/krazzzzysam,Same thing spam link every time,2023-12-21T15:30:53+00:00,,,
60319,krazzzzysam,https://t.me/krazzzzysam,Bro apke new channel ki link se kio movie download nhi ho rhi <PERSON> video bna k bta do download krne k <PERSON>,2023-12-21T15:12:07+00:00,,,
60255,krazzzzysam,https://t.me/krazzzzysam,"Dunki 🔥 and salaar movie uploaded👇 

And request for any movie here 👇

https://t.me/movieflixzzzORG
https://t.me/movieflixzzzORG
https://t.me/movieflixzzzORG",2023-12-21T15:04:45+00:00,,,
60254,krazzzzysam,https://t.me/krazzzzysam,"Dunki 🔥 and salaar movie uploaded👇 

And request for any movie here 👇

https://t.me/movieflixzzzORG
https://t.me/movieflixzzzORG
https://t.me/movieflixzzzORG",2023-12-21T15:04:40+00:00,,,
60253,krazzzzysam,https://t.me/krazzzzysam,"Dunki 🔥 and salaar movie uploaded👇 

And request for any movie here 👇

https://t.me/movieflixzzzORG
https://t.me/movieflixzzzORG
https://t.me/movieflixzzzORG",2023-12-21T15:04:32+00:00,,,
60252,krazzzzysam,https://t.me/krazzzzysam,"Dunki 🔥 and salaar movie uploaded👇 

And request for any movie here 👇

https://t.me/movieflixzzzORG
https://t.me/movieflixzzzORG
https://t.me/movieflixzzzORG",2023-12-21T15:04:26+00:00,,,
60251,krazzzzysam,https://t.me/krazzzzysam,"Dunki 🔥 and salaar movie uploaded👇 

And request for any movie here 👇

https://t.me/movieflixzzzORG
https://t.me/movieflixzzzORG
https://t.me/movieflixzzzORG",2023-12-21T15:04:22+00:00,,,
60250,krazzzzysam,https://t.me/krazzzzysam,"Dunki 🔥 and salaar movie uploaded👇 

And request for any movie here 👇

https://t.me/movieflixzzzORG
https://t.me/movieflixzzzORG
https://t.me/movieflixzzzORG",2023-12-21T15:04:17+00:00,,,
60249,krazzzzysam,https://t.me/krazzzzysam,"Dunki 🔥 and salaar movie uploaded👇 

And request for any movie here 👇

https://t.me/movieflixzzzORG
https://t.me/movieflixzzzORG
https://t.me/movieflixzzzORG",2023-12-21T15:04:14+00:00,,,
60248,krazzzzysam,https://t.me/krazzzzysam,"Dunki 🔥 and salaar movie uploaded👇 

And request for any movie here 👇

https://t.me/movieflixzzzORG
https://t.me/movieflixzzzORG
https://t.me/movieflixzzzORG",2023-12-21T15:04:02+00:00,,,
60247,krazzzzysam,https://t.me/krazzzzysam,"Dunki 🔥 and salaar movie uploaded👇 

And request for any movie here 👇

https://t.me/movieflixzzzORG
https://t.me/movieflixzzzORG
https://t.me/movieflixzzzORG",2023-12-21T15:03:56+00:00,,,
60246,krazzzzysam,https://t.me/krazzzzysam,"Dunki 🔥 and salaar movie uploaded👇 

And request for any movie here 👇

https://t.me/movieflixzzzORG
https://t.me/movieflixzzzORG
https://t.me/movieflixzzzORG",2023-12-21T15:03:51+00:00,,,
60245,krazzzzysam,https://t.me/krazzzzysam,"Dunki 🔥 and salaar movie uploaded👇 

And request for any movie here 👇

https://t.me/movieflixzzzORG
https://t.me/movieflixzzzORG
https://t.me/movieflixzzzORG",2023-12-21T15:03:45+00:00,,,
60244,krazzzzysam,https://t.me/krazzzzysam,"Dunki 🔥 and salaar movie uploaded👇 

And request for any movie here 👇

https://t.me/movieflixzzzORG
https://t.me/movieflixzzzORG
https://t.me/movieflixzzzORG",2023-12-21T15:03:38+00:00,,,
60243,krazzzzysam,https://t.me/krazzzzysam,"Dunki 🔥 and salaar movie uploaded👇 

And request for any movie here 👇

https://t.me/movieflixzzzORG
https://t.me/movieflixzzzORG
https://t.me/movieflixzzzORG",2023-12-21T15:03:30+00:00,,,
60242,krazzzzysam,https://t.me/krazzzzysam,"Dunki 🔥 and salaar movie uploaded👇 

And request for any movie here 👇

https://t.me/movieflixzzzORG
https://t.me/movieflixzzzORG
https://t.me/movieflixzzzORG",2023-12-21T15:03:24+00:00,,,
60241,krazzzzysam,https://t.me/krazzzzysam,"Dunki 🔥 and salaar movie uploaded👇 

And request for any movie here 👇

https://t.me/movieflixzzzORG
https://t.me/movieflixzzzORG
https://t.me/movieflixzzzORG",2023-12-21T15:03:16+00:00,,,
60240,krazzzzysam,https://t.me/krazzzzysam,Download hone ke baad file me nhi aa rhi,2023-12-21T15:03:14+00:00,,,
60239,krazzzzysam,https://t.me/krazzzzysam,"Dunki 🔥 and salaar movie uploaded👇 

And request for any movie here 👇

https://t.me/movieflixzzzORG
https://t.me/movieflixzzzORG
https://t.me/movieflixzzzORG",2023-12-21T15:03:11+00:00,,,
60238,krazzzzysam,https://t.me/krazzzzysam,"Dunki 🔥 and salaar movie uploaded👇 

And request for any movie here 👇

https://t.me/movieflixzzzORG
https://t.me/movieflixzzzORG
https://t.me/movieflixzzzORG",2023-12-21T15:03:07+00:00,,,
60237,krazzzzysam,https://t.me/krazzzzysam,"Dunki 🔥 and salaar movie uploaded👇 

And request for any movie here 👇

https://t.me/movieflixzzzORG
https://t.me/movieflixzzzORG
https://t.me/movieflixzzzORG",2023-12-21T15:03:03+00:00,,,
60236,krazzzzysam,https://t.me/krazzzzysam,"Dunki 🔥 and salaar movie uploaded👇 

And request for any movie here 👇

https://t.me/movieflixzzzORG
https://t.me/movieflixzzzORG
https://t.me/movieflixzzzORG",2023-12-21T15:02:58+00:00,,,
60235,krazzzzysam,https://t.me/krazzzzysam,"Dunki 🔥 and salaar movie uploaded👇 

And request for any movie here 👇

https://t.me/movieflixzzzORG
https://t.me/movieflixzzzORG
https://t.me/movieflixzzzORG",2023-12-21T15:02:52+00:00,,,
60234,krazzzzysam,https://t.me/krazzzzysam,"Dunki 🔥 and salaar movie uploaded👇 

And request for any movie here 👇

https://t.me/movieflixzzzORG
https://t.me/movieflixzzzORG
https://t.me/movieflixzzzORG",2023-12-21T15:02:44+00:00,,,
60233,krazzzzysam,https://t.me/krazzzzysam,"Dunki 🔥 and salaar movie uploaded👇 
 
And request for any movie here 👇

https://t.me/movieflixzzzORG
https://t.me/movieflixzzzORG
https://t.me/movieflixzzzORG",2023-12-21T15:02:39+00:00,,,
60232,krazzzzysam,https://t.me/krazzzzysam,"Dunki 🔥 and salaar movie uploaded👇 
 
And request for any movie here 👇

https://t.me/movieflixzzzORG
https://t.me/movieflixzzzORG
https://t.me/movieflixzzzORG",2023-12-21T15:02:34+00:00,,,
60231,krazzzzysam,https://t.me/krazzzzysam,"Dunki 🔥 and salaar movie uploaded👇 

https://t.me/movieflixzzzORG
https://t.me/movieflixzzzORG
https://t.me/movieflixzzzORG",2023-12-21T15:02:06+00:00,,,
60229,krazzzzysam,https://t.me/krazzzzysam,"Dunki 🔥 and salaar movie uploaded👇 

https://t.me/movieflixzzzORG
https://t.me/movieflixzzzORG
https://t.me/movieflixzzzORG",2023-12-21T15:02:01+00:00,,,
60228,krazzzzysam,https://t.me/krazzzzysam,"Dunki 🔥 and salaar movie uploaded👇 

https://t.me/movieflixzzzORG
https://t.me/movieflixzzzORG
https://t.me/movieflixzzzORG",2023-12-21T15:01:56+00:00,,,
60227,krazzzzysam,https://t.me/krazzzzysam,"Dunki 🔥 and salaar movie uploaded👇 

https://t.me/movieflixzzzORG
https://t.me/movieflixzzzORG
https://t.me/movieflixzzzORG",2023-12-21T15:01:51+00:00,,,
60226,krazzzzysam,https://t.me/krazzzzysam,"Dunki 🔥 and salaar movie uploaded👇 

https://t.me/movieflixzzzORG
https://t.me/movieflixzzzORG
https://t.me/movieflixzzzORG",2023-12-21T15:01:37+00:00,,,
60225,krazzzzysam,https://t.me/krazzzzysam,"Dunki 🔥 and salaar movie uploaded👇 

https://t.me/movieflixzzzORG
https://t.me/movieflixzzzORG
https://t.me/movieflixzzzORG",2023-12-21T15:01:33+00:00,,,
60224,krazzzzysam,https://t.me/krazzzzysam,"Dunki 🔥 and salaar movie uploaded👇 

https://t.me/movieflixzzzORG
https://t.me/movieflixzzzORG
https://t.me/movieflixzzzORG",2023-12-21T15:01:27+00:00,,,
60223,krazzzzysam,https://t.me/krazzzzysam,"Dunki 🔥 and salaar movie uploaded👇 

https://t.me/movieflixzzzORG
https://t.me/movieflixzzzORG
https://t.me/movieflixzzzORG",2023-12-21T15:01:22+00:00,,,
60222,krazzzzysam,https://t.me/krazzzzysam,"Dunki 🔥 and salaar movie uploaded👇 

https://t.me/movieflixzzzORG
https://t.me/movieflixzzzORG
https://t.me/movieflixzzzORG",2023-12-21T15:01:17+00:00,,,
60221,krazzzzysam,https://t.me/krazzzzysam,"Dunki 🔥 and salaar movie uploaded👇 

https://t.me/movieflixzzzORG
https://t.me/movieflixzzzORG
https://t.me/movieflixzzzORG",2023-12-21T15:01:07+00:00,,,
60220,krazzzzysam,https://t.me/krazzzzysam,"Dunki 🔥 and salaar movie uploaded👇 

https://t.me/movieflixzzzORG
https://t.me/movieflixzzzORG
https://t.me/movieflixzzzORG",2023-12-21T15:01:00+00:00,,,
60217,krazzzzysam,https://t.me/krazzzzysam,,2023-12-21T14:44:12+00:00,,,
60216,krazzzzysam,https://t.me/krazzzzysam,"https://t.me/nlmoviedownload/24


uploaded🎬 time : <DATE_TIME> 
in Google Drive 🎬
everyone join this channel please",2023-12-21T14:43:52+00:00,,,
60210,krazzzzysam,https://t.me/krazzzzysam,<PERSON> do,2023-12-21T14:29:59+00:00,,,
60209,krazzzzysam,https://t.me/krazzzzysam,Yrr,2023-12-21T14:29:24+00:00,,,
60208,krazzzzysam,https://t.me/krazzzzysam,Inn movie ko,2023-12-21T14:29:23+00:00,,,
60207,krazzzzysam,https://t.me/krazzzzysam,<PERSON> download kre,2023-12-21T14:29:19+00:00,,,
60206,krazzzzysam,https://t.me/krazzzzysam,Are <PERSON> solution btao,2023-12-21T14:29:15+00:00,,,
60199,krazzzzysam,https://t.me/krazzzzysam,<PERSON> movie 🎥,2023-12-21T13:59:17+00:00,,,
60192,krazzzzysam,https://t.me/krazzzzysam,Baby movie,2023-12-21T13:47:45+00:00,,,
60191,krazzzzysam,https://t.me/krazzzzysam,Brother <PERSON> dubbed hd <PERSON>,2023-12-21T13:47:34+00:00,,,
60187,krazzzzysam,https://t.me/krazzzzysam,Past is present movie,2023-12-21T13:38:36+00:00,,,
60186,krazzzzysam,https://t.me/krazzzzysam,https://youtube.com/@Mayuresh6164?si=5VMV0vB_ugiNJS8O,2023-12-21T13:36:01+00:00,,,
60185,krazzzzysam,https://t.me/krazzzzysam,https://youtube.com/@Mayuresh6164?si=5VMV0vB_ugiNJS8O हॅलो मुझे सब लोग थोडा थोडा करके सपोर्ट करू या <PERSON> देना प्लीज👍😢,2023-12-21T13:35:56+00:00,,,
60184,krazzzzysam,https://t.me/krazzzzysam,Hi,2023-12-21T13:26:26+00:00,,,
60183,krazzzzysam,https://t.me/krazzzzysam,Please 🙏,2023-12-21T13:16:04+00:00,,,
60182,krazzzzysam,https://t.me/krazzzzysam,Hi <PERSON>,2023-12-21T13:16:00+00:00,,,
60172,krazzzzysam,https://t.me/krazzzzysam,Plz bhai,2023-12-21T12:40:21+00:00,,,
60171,krazzzzysam,https://t.me/krazzzzysam,<PERSON> request <PERSON>,2023-12-21T12:40:16+00:00,,,
60170,krazzzzysam,https://t.me/krazzzzysam,Bhai my fault movie <PERSON> do <PERSON>,2023-12-21T12:39:55+00:00,,,
60165,krazzzzysam,https://t.me/krazzzzysam,Or <PERSON> bar to uske bad <PERSON> download movie,2023-12-21T12:01:46+00:00,,,
60164,krazzzzysam,https://t.me/krazzzzysam,4.5 bar karna padta h,2023-12-21T12:01:27+00:00,,,
60163,krazzzzysam,https://t.me/krazzzzysam,Fir dubara download pr lgao to fir se <PERSON> tk,2023-12-21T12:01:15+00:00,,,
60162,krazzzzysam,https://t.me/krazzzzysam,Are bhai error <PERSON> 30.35 tk jate jate,2023-12-21T12:00:41+00:00,,,
60151,krazzzzysam,https://t.me/krazzzzysam,Bhai mere <PERSON> link <PERSON>,2023-12-21T11:28:35+00:00,,,
60150,krazzzzysam,https://t.me/krazzzzysam,Kaise chalu <PERSON>,2023-12-21T11:18:09+00:00,,,
60149,krazzzzysam,https://t.me/krazzzzysam,<PERSON> chal <PERSON> mere se,2023-12-21T11:18:00+00:00,,,
60141,krazzzzysam,https://t.me/krazzzzysam,Ab yaar app hi chalu nhi <PERSON>,2023-12-21T11:06:40+00:00,,,
60135,krazzzzysam,https://t.me/krazzzzysam,"<PERSON> us pr click kre to 
<PERSON><PERSON>",2023-12-21T10:54:52+00:00,,,
60134,krazzzzysam,https://t.me/krazzzzysam,Past in present,2023-12-21T10:50:48+00:00,,,
60132,krazzzzysam,https://t.me/krazzzzysam,Salar movie kab a gi,2023-12-21T10:44:23+00:00,,,
60131,krazzzzysam,https://t.me/krazzzzysam,Big bull movie bhej do,2023-12-21T10:33:23+00:00,,,
60130,krazzzzysam,https://t.me/krazzzzysam,मूवी कैसे डाउनलोड कर😢,2023-12-21T10:32:06+00:00,,,
60126,krazzzzysam,https://t.me/krazzzzysam,<PERSON> movie ki link dalo na,2023-12-21T10:07:49+00:00,,,
60125,krazzzzysam,https://t.me/krazzzzysam,Bad boy <PERSON>,2023-12-21T10:07:01+00:00,,,
60120,krazzzzysam,https://t.me/krazzzzysam,iPhone ch ni download hundi,2023-12-21T09:48:56+00:00,,,
60119,krazzzzysam,https://t.me/krazzzzysam,iPhone ch ni download hundi,2023-12-21T09:48:55+00:00,,,
60118,krazzzzysam,https://t.me/krazzzzysam,Please bhej do,2023-12-21T09:47:04+00:00,,,
60117,krazzzzysam,https://t.me/krazzzzysam,<PERSON> movie,2023-12-21T09:46:25+00:00,,,
60116,krazzzzysam,https://t.me/krazzzzysam,Bhai app he conjuring ke all part and Hindi me dal do na meri app se <PERSON> he bhai please 🥺🤧,2023-12-21T09:46:01+00:00,,,👍: 7
60115,krazzzzysam,https://t.me/krazzzzysam,Audio settings,2023-12-21T09:46:01+00:00,,,
60114,krazzzzysam,https://t.me/krazzzzysam,,2023-12-21T09:45:54+00:00,,,
60110,krazzzzysam,https://t.me/krazzzzysam,Daal di,2023-12-21T09:45:12+00:00,,,👍: 1
60109,krazzzzysam,https://t.me/krazzzzysam,<PERSON> to <PERSON> se <PERSON> he,2023-12-21T09:45:04+00:00,,,
60107,krazzzzysam,https://t.me/krazzzzysam,Dunki,2023-12-21T09:44:44+00:00,,,
60106,krazzzzysam,https://t.me/krazzzzysam,Ruko,2023-12-21T09:44:19+00:00,,,"👍: 1, 🥰: 1"
60104,krazzzzysam,https://t.me/krazzzzysam,Please,2023-12-21T09:44:05+00:00,,,👍: 1
60103,krazzzzysam,https://t.me/krazzzzysam,Sir ji <PERSON> video bana do,2023-12-21T09:43:58+00:00,,,👍: 1
60102,krazzzzysam,https://t.me/krazzzzysam,Default language <NRP> hoga apko audio settings me jakr Hindi select <PERSON>,2023-12-21T09:42:48+00:00,,,
60101,krazzzzysam,https://t.me/krazzzzysam,Download,2023-12-21T09:42:25+00:00,,,
60100,krazzzzysam,https://t.me/krazzzzysam,Audio Hindi me <PERSON> hai,2023-12-21T09:42:21+00:00,,,
60099,krazzzzysam,https://t.me/krazzzzysam,Hindi me <PERSON> wo <PERSON> do bhai,2023-12-21T09:42:09+00:00,,,
60098,krazzzzysam,https://t.me/krazzzzysam,Why not copy directly?,2023-12-21T09:41:24+00:00,,,
