id,Channel ID,URL,message,date,views,forwards,reactions
459,krazzzzysam,https://t.me/krazzzzysam,"Obl!π@ted Web series Hindi Dubbed All episodes Download link here 👇👇👇👇

  • Episodes ( 1-3 ) 👇
   https://ziplinker.net/vpX9q

  • Episodes ( 4-6 ) 👇
   https://ziplinker.net/YdXBT

  • Episodes ( 7-8 ) 👇
   https://ziplinker.net/TV2Z920Z
_ _ _ _ _ _ _ _ _ _ _ _ _ _ _ _ _ _ _ _ _ _ _ _ _ _ _ _ _ _ _ 

Series ke bare me iss reel me btaya <PERSON>

                    ⚠️ IMPORTANT ⚠️

• Jisko Download Karne Mai Problem Ho wo ye
   wali video dekhlo 👇👇

https://t.me/KrazzzzySam/338

agr ad blocker show <PERSON> to phone ki settings me jakr private DNS off <PERSON> download <PERSON>",2023-12-15T16:46:39+00:00,264374.0,268.0,"👍: 161, ❤: 9, 🥰: 4, 👏: 1, 🤯: 1"
73729,krazzzzysam,https://t.me/krazzzzysam,https://t.me/+ePnUshLphZJhZDRl,2024-02-28T15:30:39+00:00,,,
69638,krazzzzysam,https://t.me/krazzzzysam,"Hi
my friend
<PERSON> me movies / Web series /  TV shows  download <PERSON> to join karo mere telegram channel ko

Telegram channel name :  Tlsbro 
Link ⬇️

https://t.me/+5lkJC4v3gMM2Yjc9",2024-01-29T15:49:18+00:00,,,
67130,krazzzzysam,https://t.me/krazzzzysam,<PERSON>,2024-01-19T11:49:33+00:00,,,
62715,krazzzzysam,https://t.me/krazzzzysam,<PERSON> download <PERSON>,2023-12-30T12:47:28+00:00,,,
60352,krazzzzysam,https://t.me/krazzzzysam,Hi,2023-12-21T15:33:52+00:00,,,❤: 1
59490,krazzzzysam,https://t.me/krazzzzysam,<PERSON> Web series or dona,2023-12-18T03:04:24+00:00,,,
59180,krazzzzysam,https://t.me/krazzzzysam,https://www.evtacshop.com/#/pages/register/register?id=391566,2023-12-17T01:58:31+00:00,,,
59170,krazzzzysam,https://t.me/krazzzzysam,https://www.evtacshop.com/#/pages/register/register?id=391566,2023-12-16T23:44:29+00:00,,,
59169,krazzzzysam,https://t.me/krazzzzysam,<PERSON> to. Use link,2023-12-16T23:44:27+00:00,,,
59081,krazzzzysam,https://t.me/krazzzzysam,Ny <PERSON>,2023-12-16T15:39:32+00:00,,,
59070,krazzzzysam,https://t.me/krazzzzysam,क्रैश कोर्स Full movie Hindi,2023-12-16T13:55:57+00:00,,,
59046,krazzzzysam,https://t.me/krazzzzysam,"Exclusive links here's 🥵😍😁👉
https://t.me/chut_ke_pujari_official
https://t.me/chut_ke_pujari_official",2023-12-16T10:08:56+00:00,,,
59039,krazzzzysam,https://t.me/krazzzzysam,Killing ground movie send karo na,2023-12-16T08:35:41+00:00,,,
59033,krazzzzysam,https://t.me/krazzzzysam,Bhai movies download par lag rha <PERSON> 30% ho gya fir se hone lag <PERSON>,2023-12-16T07:30:38+00:00,,,
59030,krazzzzysam,https://t.me/krazzzzysam,<PERSON> movie download hi <PERSON> dusra application batao jisse download ho sake website <PERSON>,2023-12-16T06:33:39+00:00,,,
59029,krazzzzysam,https://t.me/krazzzzysam,Animal movies mokalo,2023-12-16T06:28:53+00:00,,,
59028,krazzzzysam,https://t.me/krazzzzysam,Rise of empires movie download hindi full movie,2023-12-16T06:28:26+00:00,,,
58972,krazzzzysam,https://t.me/krazzzzysam,"Exclusive links here's 🥵😍😁👉
https://t.me/chut_ke_pujari_official
https://t.me/chut_ke_pujari_official",2023-12-16T04:36:18+00:00,,,👍: 1
58936,krazzzzysam,https://t.me/krazzzzysam,"https://t.me/KING_OF_MOVIE_WORLD
https://t.me/KING_OF_MOVIE_WORLD
https://t.me/KING_OF_MOVIE_WORLD
https://t.me/KING_OF_MOVIE_WORLD
https://t.me/KING_OF_MOVIE_WORLD
https://t.me/KING_OF_MOVIE_WORLD
https://t.me/KING_OF_MOVIE_WORLD
https://t.me/KING_OF_MOVIE_WORLD
https://t.me/KING_OF_MOVIE_WORLD
https://t.me/KING_OF_MOVIE_WORLD
https://t.me/KING_OF_MOVIE_WORLD
https://t.me/KING_OF_MOVIE_WORLD
https://t.me/KING_OF_MOVIE_WORLD
https://t.me/KING_OF_MOVIE_WORLD
https://t.me/KING_OF_MOVIE_WORLD
https://t.me/KING_OF_MOVIE_WORLD
https://t.me/KING_OF_MOVIE_WORLD
https://t.me/KING_OF_MOVIE_WORLD
https://t.me/KING_OF_MOVIE_WORLD
https://t.me/KING_OF_MOVIE_WORLD
https://t.me/KING_OF_MOVIE_WORLD
https://t.me/KING_OF_MOVIE_WORLD
https://t.me/KING_OF_MOVIE_WORLD
https://t.me/KING_OF_MOVIE_WORLD
https://t.me/KING_OF_MOVIE_WORLD
https://t.me/KING_OF_MOVIE_WORLD
https://t.me/KING_OF_MOVIE_WORLD
https://t.me/KING_OF_MOVIE_WORLD
https://t.me/KING_OF_MOVIE_WORLD
https://t.me/KING_OF_MOVIE_WORLD
https://t.me/KING_OF_MOVIE_WORLD
https://t.me/KING_OF_MOVIE_WORLD
https://t.me/KING_OF_MOVIE_WORLD
https://t.me/KING_OF_MOVIE_WORLD
https://t.me/KING_OF_MOVIE_WORLD
https://t.me/KING_OF_MOVIE_WORLD
https://t.me/KING_OF_MOVIE_WORLD
https://t.me/KING_OF_MOVIE_WORLD
https://t.me/KING_OF_MOVIE_WORLD
https://t.me/KING_OF_MOVIE_WORLD
https://t.me/KING_OF_MOVIE_WORLD
https://t.me/KING_OF_MOVIE_WORLD
https://t.me/KING_OF_MOVIE_WORLD
https://t.me/KING_OF_MOVIE_WORLD
https://t.me/KING_OF_MOVIE_WORLD
https://t.me/KING_OF_MOVIE_WORLD
https://t.me/KING_OF_MOVIE_WORLD
https://t.me/KING_OF_MOVIE_WORLD
https://t.me/KING_OF_MOVIE_WORLD
https://t.me/KING_OF_MOVIE_WORLD
https://t.me/KING_OF_MOVIE_WORLD
https://t.me/KING_OF_MOVIE_WORLD
https://t.me/KING_OF_MOVIE_WORLD
https://t.me/KING_OF_MOVIE_WORLD
https://t.me/KING_OF_MOVIE_WORLD
https://t.me/KING_OF_MOVIE_WORLD
https://t.me/KING_OF_MOVIE_WORLD
https://t.me/KING_OF_MOVIE_WORLD
https://t.me/KING_OF_MOVIE_WORLD
https://t.me/KING_OF_MOVIE_WORLD
https://t.me/KING_OF_MOVIE_WORLD
https://t.me/KING_OF_MOVIE_WORLD
https://t.me/KING_OF_MOVIE_WORLD
https://t.me/KING_OF_MOVIE_WORLD
https://t.me/KING_OF_MOVIE_WORLD
https://t.me/KING_OF_MOVIE_WORLD
https://t.me/KING_OF_MOVIE_WORLD
https://t.me/KING_OF_MOVIE_WORLD
https://t.me/KING_OF_MOVIE_WORLD
https://t.me/KING_OF_MOVIE_WORLD
https://t.me/KING_OF_MOVIE_WORLD
https://t.me/KING_OF_MOVIE_WORLD
https://t.me/KING_OF_MOVIE_WORLD
https://t.me/KING_OF_MOVIE_WORLD
https://t.me/KING_OF_MOVIE_WORLD
https://t.me/KING_OF_MOVIE_WORLD
https://t.me/KING_OF_MOVIE_WORLD
https://t.me/KING_OF_MOVIE_WORLD
https://t.me/KING_OF_MOVIE_WORLD
https://t.me/KING_OF_MOVIE_WORLD",2023-12-15T20:47:29+00:00,,,👍: 1
58933,krazzzzysam,https://t.me/krazzzzysam,themarriedwomen,2023-12-15T20:38:48+00:00,,,
