id,Channel ID,URL,message,date,views,forwards,reactions
472,krazzzzysam,https://t.me/krazzzzysam,"$he <DATE_TIME> Hindi Dubbed web series HD Quality all episodes Download link here 👇👇👇

  • Episodes ( 1-4 ) 👇
   https://ziplinker.net/d5KEWTN

  • Episodes ( 5-7 ) 👇
   https://ziplinker.net/BQ0c
_ _ _ _ _ _ _ _ _ _ _ _ _ _ _ _ _ _ _ _ _ _ _ _  _ _ _ _

Series ke bare me iss reel me btaya <PERSON>

                    ⚠️ IMPORTANT ⚠️

• Jisko Download Karne Mai Problem Ho wo ye
   wali video dekhlo 👇👇

https://t.me/KrazzzzySam/471

agr ad blocker show <PERSON> to phone ki settings me jakr private DNS off <PERSON> download <PERSON>",2023-12-21T15:36:54+00:00,358689.0,570.0,"👍: 289, ❤: 29, 👎: 15, 😁: 11, 👏: 8, 🥰: 6, 💩: 6, 🔥: 1, 🙏: 1"
80783,krazzzzysam,https://t.me/krazzzzysam,Movie download <PERSON> movie ka link se,2024-04-19T10:31:45+00:00,,,
74368,krazzzzysam,https://t.me/krazzzzysam,<PERSON> link open n <PERSON>,2024-03-07T10:02:09+00:00,,,
73005,krazzzzysam,https://t.me/krazzzzysam,Hello ji,2024-02-18T18:04:41+00:00,,,
69630,krazzzzysam,https://t.me/krazzzzysam,"Hi
my friend
<PERSON> me movies / Web series /  TV shows  download <PERSON> to join karo mere telegram channel ko

Telegram channel name :  Tlsbro 
Link ⬇️

https://t.me/+5lkJC4v3gMM2Yjc9",2024-01-29T15:48:21+00:00,,,
68941,krazzzzysam,https://t.me/krazzzzysam,movie adults,2024-01-25T16:57:05+00:00,,,
68932,krazzzzysam,https://t.me/krazzzzysam,Ase Hollywood movies ka link send Karo do,2024-01-25T16:23:08+00:00,,,
68277,krazzzzysam,https://t.me/krazzzzysam,Hii,2024-01-24T15:15:39+00:00,,,👍: 1
68179,krazzzzysam,https://t.me/krazzzzysam,<PERSON> link bhej do,2024-01-24T13:50:51+00:00,,,
67599,krazzzzysam,https://t.me/krazzzzysam,Bhai ye download <PERSON>,2024-01-22T13:06:22+00:00,,,
66971,krazzzzysam,https://t.me/krazzzzysam,Bhai ye download nhi ho rhi,2024-01-18T12:32:04+00:00,,,
66786,krazzzzysam,https://t.me/krazzzzysam,Hi,2024-01-17T09:55:59+00:00,,,
65061,krazzzzysam,https://t.me/krazzzzysam,"Bhai full movie🔗 hindi⚡ me available👇💦 he 🧐
Hot 🥵and sexy 👙 movie🔗 👇👇👇
(Request for any movie) 
https://t.me/movieflixzzzORG
https://t.me/movieflixzzzORG
https://t.me/movieflixzzzORG",2024-01-08T05:47:28+00:00,,,👍: 3
64996,krazzzzysam,https://t.me/krazzzzysam,Hii,2024-01-08T01:54:34+00:00,,,
63716,krazzzzysam,https://t.me/krazzzzysam,https://fastwin.app/LR?RG&C=<PHONE_NUMBER>,2024-01-04T10:51:03+00:00,,,
63707,krazzzzysam,https://t.me/krazzzzysam,"Bhai full movie <PERSON> dubbed👇 me available he 👇
Sexy movies available💦💦💦
https://t.me/movieflixzzzORG
https://t.me/movieflixzzzORG
https://t.me/movieflixzzzORG",2024-01-04T10:16:09+00:00,,,
63677,krazzzzysam,https://t.me/krazzzzysam,<PERSON> do ge?,2024-01-04T08:36:32+00:00,,,
63409,krazzzzysam,https://t.me/krazzzzysam,<PERSON> me to <PERSON> he nhi h,2024-01-02T23:02:32+00:00,,,
62921,krazzzzysam,https://t.me/krazzzzysam,Hi,2023-12-31T11:29:27+00:00,,,
62346,krazzzzysam,https://t.me/krazzzzysam,Hyy,2023-12-28T18:05:53+00:00,,,
61772,krazzzzysam,https://t.me/krazzzzysam,"Bhai full movie <PERSON> dubbed👇 me available he 👇
https://t.me/movieflixzzzORG
https://t.me/movieflixzzzORG
https://t.me/movieflixzzzORG",2023-12-26T11:59:18+00:00,,,
61771,krazzzzysam,https://t.me/krazzzzysam,"Bhai full movie <PERSON> dubbed👇 me available he 👇
https://t.me/movieflixzzzORG
https://t.me/movieflixzzzORG
https://t.me/movieflixzzzORG",2023-12-26T11:59:18+00:00,,,
61770,krazzzzysam,https://t.me/krazzzzysam,"Bhai full movie <PERSON> dubbed👇 me available he 👇
https://t.me/movieflixzzzORG
https://t.me/movieflixzzzORG
https://t.me/movieflixzzzORG",2023-12-26T11:59:18+00:00,,,
61720,krazzzzysam,https://t.me/krazzzzysam,<PERSON> movies chahiye toh personally massage <PERSON>...👍,2023-12-26T05:45:16+00:00,,,
61645,krazzzzysam,https://t.me/krazzzzysam,No need English,2023-12-25T16:40:33+00:00,,,
61644,krazzzzysam,https://t.me/krazzzzysam,Hindi please,2023-12-25T16:40:21+00:00,,,
61636,krazzzzysam,https://t.me/krazzzzysam,Season 2 plz,2023-12-25T15:59:11+00:00,,,
61589,krazzzzysam,https://t.me/krazzzzysam,Mujhe message kro me tumeh <PERSON> sound wali,2023-12-25T11:26:15+00:00,,,
61585,krazzzzysam,https://t.me/krazzzzysam,Bhai sound 🔊 nhi aara <PERSON>,2023-12-25T11:10:20+00:00,,,
61339,krazzzzysam,https://t.me/krazzzzysam,"Bhai all movies working link <PERSON> dubbed👇 me available he 👇
https://t.me/movieflixzzzORG
https://t.me/movieflixzzzORG
https://t.me/movieflixzzzORG",2023-12-24T13:53:32+00:00,,,
61338,krazzzzysam,https://t.me/krazzzzysam,"Bhai all movies working link <PERSON> dubbed👇 me available he 👇
https://t.me/movieflixzzzORG
https://t.me/movieflixzzzORG
https://t.me/movieflixzzzORG",2023-12-24T13:53:27+00:00,,,
61121,krazzzzysam,https://t.me/krazzzzysam,first episod <PERSON> a rhi bro,2023-12-23T15:37:01+00:00,,,
61102,krazzzzysam,https://t.me/krazzzzysam,<PERSON> <DATE_TIME> do bhai,2023-12-23T13:44:41+00:00,,,
60964,krazzzzysam,https://t.me/krazzzzysam,"<PERSON> is channel pe mil jaegi 👇
Terabox link👇🔗
https://t.me/movieflixzzzORG
https://t.me/movieflixzzzORG
https://t.me/movieflixzzzORG",2023-12-23T06:42:37+00:00,,,
60963,krazzzzysam,https://t.me/krazzzzysam,"<PERSON> is channel pe mil jaegi 👇
Terabox link👇🔗
https://t.me/movieflixzzzORG
https://t.me/movieflixzzzORG
https://t.me/movieflixzzzORG",2023-12-23T06:42:29+00:00,,,
60961,krazzzzysam,https://t.me/krazzzzysam,"<PERSON> is channel pe mil jaegi 👇
Terabox link👇🔗
https://t.me/movieflixzzzORG
https://t.me/movieflixzzzORG
https://t.me/movieflixzzzORG",2023-12-23T06:42:13+00:00,,,
60836,krazzzzysam,https://t.me/krazzzzysam,She 2nd party send karo na,2023-12-22T15:48:32+00:00,,,
60742,krazzzzysam,https://t.me/krazzzzysam,<PERSON>,2023-12-22T12:55:34+00:00,,,
60736,krazzzzysam,https://t.me/krazzzzysam,https://t.me/Utsavfilm,2023-12-22T11:59:38+00:00,,,
60735,krazzzzysam,https://t.me/krazzzzysam,https://t.me/Utsavfilm,2023-12-22T11:59:35+00:00,,,
60734,krazzzzysam,https://t.me/krazzzzysam,https://t.me/Utsavfilm,2023-12-22T11:59:33+00:00,,,
60733,krazzzzysam,https://t.me/krazzzzysam,https://t.me/Utsavfilm,2023-12-22T11:59:30+00:00,,,
60732,krazzzzysam,https://t.me/krazzzzysam,https://t.me/Utsavfilm,2023-12-22T11:59:28+00:00,,,
60721,krazzzzysam,https://t.me/krazzzzysam,https://t.me/Utsavfilm/191,2023-12-22T11:32:37+00:00,,,
60720,krazzzzysam,https://t.me/krazzzzysam,https://t.me/Utsavfilm/191,2023-12-22T11:32:27+00:00,,,
60719,krazzzzysam,https://t.me/krazzzzysam,https://t.me/Utsavfilm/191,2023-12-22T11:32:25+00:00,,,
60718,krazzzzysam,https://t.me/krazzzzysam,https://t.me/Utsavfilm/191,2023-12-22T11:32:23+00:00,,,
60717,krazzzzysam,https://t.me/krazzzzysam,https://t.me/Utsavfilm/191,2023-12-22T11:32:20+00:00,,,
60605,krazzzzysam,https://t.me/krazzzzysam,<PERSON> ak banda <PERSON> movie do,2023-12-22T07:28:19+00:00,,,
60599,krazzzzysam,https://t.me/krazzzzysam,"S@laar 2023 Movie Hindi Dubbed 480p ,720p and 1080p Download link here 👇👇👇👇

  • 480p 👇
   
https://teraboxapp.com/s/1k0zl8zQr024S5VUi0ttpwQ

 • 720p 👇

https://teraboxapp.com/s/1fh2zOqimwciWlfXZ5gqPLw
 
• 1080p 👇

https://teraboxapp.com/s/1mZziZrTuE2r-Ya-AGkj6rg",2023-12-22T06:48:43+00:00,,,
60579,krazzzzysam,https://t.me/krazzzzysam,<PERSON> movie do na yea movie <PERSON>,2023-12-22T05:46:45+00:00,,,
60572,krazzzzysam,https://t.me/krazzzzysam,<PERSON>,2023-12-22T05:22:48+00:00,,,
60571,krazzzzysam,https://t.me/krazzzzysam,"<PERSON> full movie 🔥

Audio 🔊 :  <PERSON>480p : https://instantlinks.in/Vej3


720p : https://instantlinks.in/Vej3


1080p : https://instantlinks.in/Vej3",2023-12-22T05:18:12+00:00,,,
60570,krazzzzysam,https://t.me/krazzzzysam,https://t.me/movieflixzzzORG/3019,2023-12-22T05:17:56+00:00,,,
60569,krazzzzysam,https://t.me/krazzzzysam,https://t.me/movieflixzzzORG/3019,2023-12-22T05:17:42+00:00,,,
60560,krazzzzysam,https://t.me/krazzzzysam,Hi,2023-12-22T04:33:34+00:00,,,
60559,krazzzzysam,https://t.me/krazzzzysam,Hidimbha,2023-12-22T04:32:33+00:00,,,
60534,krazzzzysam,https://t.me/krazzzzysam,"Düñkì 2023 Movie Hindi Dubbed 480p ,720p and 1080p Download link here 👇👇👇👇

  • 480p 👇
   
<NRP>

 • 720p 👇

https://teraboxapp.com/s/1C_mI_pJhBt5Ltp9RKbQoYw
 
• 1080p 👇

https://teraboxapp.com/s/1YwurPT9FohFQ5Ut_slxFpg",2023-12-22T04:13:01+00:00,,,
60533,krazzzzysam,https://t.me/krazzzzysam,in Google Drive,2023-12-22T04:05:33+00:00,,,
60532,krazzzzysam,https://t.me/krazzzzysam,https://t.me/nlmoviedownload/26,2023-12-22T04:05:28+00:00,,,
60531,krazzzzysam,https://t.me/krazzzzysam,,2023-12-22T04:05:20+00:00,,,
60530,krazzzzysam,https://t.me/krazzzzysam,https://t.me/nlmoviedownload/26,2023-12-22T04:05:11+00:00,,,
60529,krazzzzysam,https://t.me/krazzzzysam,in Google Drive,2023-12-22T04:05:09+00:00,,,
60528,krazzzzysam,https://t.me/krazzzzysam,https://t.me/Utsavfilm Ye channel <PERSON> Webseries and Movie Available hai,2023-12-22T03:35:18+00:00,,,
60522,krazzzzysam,https://t.me/krazzzzysam,<PERSON> do bhai,2023-12-21T20:58:56+00:00,,,
60503,krazzzzysam,https://t.me/krazzzzysam,Past is present,2023-12-21T19:56:20+00:00,,,
60480,krazzzzysam,https://t.me/krazzzzysam,,2023-12-21T19:44:11+00:00,,,👍: 1
60479,krazzzzysam,https://t.me/krazzzzysam,https://t.me/nlmoviedownload/26,2023-12-21T19:44:07+00:00,,,
60478,krazzzzysam,https://t.me/krazzzzysam,in Google Drive 🎬,2023-12-21T19:44:04+00:00,,,
60477,krazzzzysam,https://t.me/krazzzzysam,Pls help me,2023-12-21T19:25:11+00:00,,,
60476,krazzzzysam,https://t.me/krazzzzysam,Bhai she series <PERSON> episode kitne <PERSON> or saare kitne mint h ase <PERSON> download <PERSON> sb episode,2023-12-21T19:25:05+00:00,,,
60473,krazzzzysam,https://t.me/krazzzzysam,"💦🥵Best Adult videos 🥵💦

Join main Chanel

https://t.me/studymaterialsry

https://t.me/studymaterialsry

https://t.me/studymaterialsry",2023-12-21T18:48:25+00:00,,,
60472,krazzzzysam,https://t.me/krazzzzysam,"💦🥵Best Adult videos 🥵💦

Join main Chanel

https://t.me/studymaterialsry

https://t.me/studymaterialsry

https://t.me/studymaterialsry",2023-12-21T18:48:23+00:00,,,
60471,krazzzzysam,https://t.me/krazzzzysam,"💦🥵Best Adult videos 🥵💦

Join main Chanel

https://t.me/studymaterialsry

https://t.me/studymaterialsry

https://t.me/studymaterialsry",2023-12-21T18:48:21+00:00,,,
60470,krazzzzysam,https://t.me/krazzzzysam,"💦🥵Best Adult videos 🥵💦

Join main Chanel

https://t.me/studymaterialsry

https://t.me/studymaterialsry

https://t.me/studymaterialsry",2023-12-21T18:48:18+00:00,,,
60467,krazzzzysam,https://t.me/krazzzzysam,<PERSON> for coming,2023-12-21T18:08:10+00:00,,,
60466,krazzzzysam,https://t.me/krazzzzysam,"🎥 Dunki

📥 𝐃𝐨𝐰𝐧𝐥𝐨𝐚𝐝/👀𝐖𝐚𝐭𝐜𝐡 𝐎𝐧𝐥𝐢𝐧𝐞

480p👉  https://teraboxapp.com/s/1bxsE1bnVjIj_A_Zk-3ccwQ

720p👉 
https://teraboxapp.com/s/1r8kkDerXwVQzaGpqaXRVdQ

━━━━━━━━━━━━━━━━━━",2023-12-21T18:08:02+00:00,,,
60465,krazzzzysam,https://t.me/krazzzzysam,"🎥 Dunki

📥 𝐃𝐨𝐰𝐧𝐥𝐨𝐚𝐝/👀𝐖𝐚𝐭𝐜𝐡 𝐎𝐧𝐥𝐢𝐧𝐞

480p👉  https://teraboxapp.com/s/1bxsE1bnVjIj_A_Zk-3ccwQ

720p👉 
https://teraboxapp.com/s/1r8kkDerXwVQzaGpqaXRVdQ

━━━━━━━━━━━━━━━━━━",2023-12-21T18:07:37+00:00,,,
60464,krazzzzysam,https://t.me/krazzzzysam,"🎥 Dunki

📥 𝐃𝐨𝐰𝐧𝐥𝐨𝐚𝐝/👀𝐖𝐚𝐭𝐜𝐡 𝐎𝐧𝐥𝐢𝐧𝐞

480p👉  https://teraboxapp.com/s/1bxsE1bnVjIj_A_Zk-3ccwQ

720p👉 
https://teraboxapp.com/s/1r8kkDerXwVQzaGpqaXRVdQ

━━━━━━━━━━━━━━━━━━",2023-12-21T18:07:27+00:00,,,
60463,krazzzzysam,https://t.me/krazzzzysam,"🎥 Dunki

📥 𝐃𝐨𝐰𝐧𝐥𝐨𝐚𝐝/👀𝐖𝐚𝐭𝐜𝐡 𝐎𝐧𝐥𝐢𝐧𝐞

480p👉  https://teraboxapp.com/s/1bxsE1bnVjIj_A_Zk-3ccwQ

720p👉 
https://teraboxapp.com/s/1r8kkDerXwVQzaGpqaXRVdQ

━━━━━━━━━━━━━━━━━━",2023-12-21T18:07:23+00:00,,,
60462,krazzzzysam,https://t.me/krazzzzysam,"🎥 Dunki

📥 𝐃𝐨𝐰𝐧𝐥𝐨𝐚𝐝/👀𝐖𝐚𝐭𝐜𝐡 𝐎𝐧𝐥𝐢𝐧𝐞

480p👉  https://teraboxapp.com/s/1bxsE1bnVjIj_A_Zk-3ccwQ

720p👉 
https://teraboxapp.com/s/1r8kkDerXwVQzaGpqaXRVdQ

━━━━━━━━━━━━━━━━━━",2023-12-21T18:07:19+00:00,,,
60461,krazzzzysam,https://t.me/krazzzzysam,"🎥 Dunki

📥 𝐃𝐨𝐰𝐧𝐥𝐨𝐚𝐝/👀𝐖𝐚𝐭𝐜𝐡 𝐎𝐧𝐥𝐢𝐧𝐞

480p👉  https://teraboxapp.com/s/1bxsE1bnVjIj_A_Zk-3ccwQ

720p👉 
https://teraboxapp.com/s/1r8kkDerXwVQzaGpqaXRVdQ

━━━━━━━━━━━━━━━━━━",2023-12-21T18:07:12+00:00,,,
60460,krazzzzysam,https://t.me/krazzzzysam,"🎥 Dunki

📥 𝐃𝐨𝐰𝐧𝐥𝐨𝐚𝐝/👀𝐖𝐚𝐭𝐜𝐡 𝐎𝐧𝐥𝐢𝐧𝐞

480p👉  https://teraboxapp.com/s/1bxsE1bnVjIj_A_Zk-3ccwQ

720p👉 
https://teraboxapp.com/s/1r8kkDerXwVQzaGpqaXRVdQ

━━━━━━━━━━━━━━━━━━",2023-12-21T18:07:06+00:00,,,
60459,krazzzzysam,https://t.me/krazzzzysam,"🎥 Dunki

📥 𝐃𝐨𝐰𝐧𝐥𝐨𝐚𝐝/👀𝐖𝐚𝐭𝐜𝐡 𝐎𝐧𝐥𝐢𝐧𝐞

480p👉  https://teraboxapp.com/s/1bxsE1bnVjIj_A_Zk-3ccwQ

720p👉 
https://teraboxapp.com/s/1r8kkDerXwVQzaGpqaXRVdQ

━━━━━━━━━━━━━━━━━━",2023-12-21T18:05:46+00:00,,,
60458,krazzzzysam,https://t.me/krazzzzysam,"🎥 Dunki

📥 𝐃𝐨𝐰𝐧𝐥𝐨𝐚𝐝/👀𝐖𝐚𝐭𝐜𝐡 𝐎𝐧𝐥𝐢𝐧𝐞

480p👉  https://teraboxapp.com/s/1bxsE1bnVjIj_A_Zk-3ccwQ

720p👉 
https://teraboxapp.com/s/1r8kkDerXwVQzaGpqaXRVdQ

━━━━━━━━━━━━━━━━━━",2023-12-21T18:05:33+00:00,,,
60457,krazzzzysam,https://t.me/krazzzzysam,"🎥 Dunki

📥 𝐃𝐨𝐰𝐧𝐥𝐨𝐚𝐝/👀𝐖𝐚𝐭𝐜𝐡 𝐎𝐧𝐥𝐢𝐧𝐞

480p👉  https://teraboxapp.com/s/1bxsE1bnVjIj_A_Zk-3ccwQ

720p👉 
https://teraboxapp.com/s/1r8kkDerXwVQzaGpqaXRVdQ

━━━━━━━━━━━━━━━━━━",2023-12-21T18:05:26+00:00,,,
60456,krazzzzysam,https://t.me/krazzzzysam,"🎥 Dunki

📥 𝐃𝐨𝐰𝐧𝐥𝐨𝐚𝐝/👀𝐖𝐚𝐭𝐜𝐡 𝐎𝐧𝐥𝐢𝐧𝐞

480p👉  https://teraboxapp.com/s/1bxsE1bnVjIj_A_Zk-3ccwQ

720p👉 
https://teraboxapp.com/s/1r8kkDerXwVQzaGpqaXRVdQ

━━━━━━━━━━━━━━━━━━",2023-12-21T18:05:11+00:00,,,
60455,krazzzzysam,https://t.me/krazzzzysam,"🎥 Dunki

📥 𝐃𝐨𝐰𝐧𝐥𝐨𝐚𝐝/👀𝐖𝐚𝐭𝐜𝐡 𝐎𝐧𝐥𝐢𝐧𝐞

480p👉  https://teraboxapp.com/s/1bxsE1bnVjIj_A_Zk-3ccwQ

720p👉 
https://teraboxapp.com/s/1r8kkDerXwVQzaGpqaXRVdQ

━━━━━━━━━━━━━━━━━━",2023-12-21T18:05:03+00:00,,,
60454,krazzzzysam,https://t.me/krazzzzysam,"🎥 Dunki

📥 𝐃𝐨𝐰𝐧𝐥𝐨𝐚𝐝/👀𝐖𝐚𝐭𝐜𝐡 𝐎𝐧𝐥𝐢𝐧𝐞

480p👉  https://teraboxapp.com/s/1bxsE1bnVjIj_A_Zk-3ccwQ

720p👉 
https://teraboxapp.com/s/1r8kkDerXwVQzaGpqaXRVdQ

━━━━━━━━━━━━━━━━━━",2023-12-21T18:04:57+00:00,,,
60453,krazzzzysam,https://t.me/krazzzzysam,"🎥 Dunki

📥 𝐃𝐨𝐰𝐧𝐥𝐨𝐚𝐝/👀𝐖𝐚𝐭𝐜𝐡 𝐎𝐧𝐥𝐢𝐧𝐞

480p👉  https://teraboxapp.com/s/1bxsE1bnVjIj_A_Zk-3ccwQ

720p👉 
https://teraboxapp.com/s/1r8kkDerXwVQzaGpqaXRVdQ

━━━━━━━━━━━━━━━━━━",2023-12-21T18:04:51+00:00,,,
60452,krazzzzysam,https://t.me/krazzzzysam,"🎥 Dunki

📥 𝐃𝐨𝐰𝐧𝐥𝐨𝐚𝐝/👀𝐖𝐚𝐭𝐜𝐡 𝐎𝐧𝐥𝐢𝐧𝐞

480p👉  https://teraboxapp.com/s/1bxsE1bnVjIj_A_Zk-3ccwQ

720p👉 
https://teraboxapp.com/s/1r8kkDerXwVQzaGpqaXRVdQ

━━━━━━━━━━━━━━━━━━",2023-12-21T18:04:40+00:00,,,
60451,krazzzzysam,https://t.me/krazzzzysam,"🎥 Dunki

📥 𝐃𝐨𝐰𝐧𝐥𝐨𝐚𝐝/👀𝐖𝐚𝐭𝐜𝐡 𝐎𝐧𝐥𝐢𝐧𝐞

480p👉  https://teraboxapp.com/s/1bxsE1bnVjIj_A_Zk-3ccwQ

720p👉 
https://teraboxapp.com/s/1r8kkDerXwVQzaGpqaXRVdQ

━━━━━━━━━━━━━━━━━━",2023-12-21T18:04:31+00:00,,,
60450,krazzzzysam,https://t.me/krazzzzysam,"🎥 Dunki

📥 𝐃𝐨𝐰𝐧𝐥𝐨𝐚𝐝/👀𝐖𝐚𝐭𝐜𝐡 𝐎𝐧𝐥𝐢𝐧𝐞

480p👉  https://teraboxapp.com/s/1bxsE1bnVjIj_A_Zk-3ccwQ

720p👉 
https://teraboxapp.com/s/1r8kkDerXwVQzaGpqaXRVdQ

━━━━━━━━━━━━━━━━━━",2023-12-21T18:04:26+00:00,,,
60449,krazzzzysam,https://t.me/krazzzzysam,"🎥 Dunki

📥 𝐃𝐨𝐰𝐧𝐥𝐨𝐚𝐝/👀𝐖𝐚𝐭𝐜𝐡 𝐎𝐧𝐥𝐢𝐧𝐞

480p👉  https://teraboxapp.com/s/1bxsE1bnVjIj_A_Zk-3ccwQ

720p👉 
https://teraboxapp.com/s/1r8kkDerXwVQzaGpqaXRVdQ

━━━━━━━━━━━━━━━━━━",2023-12-21T18:03:01+00:00,,,
60448,krazzzzysam,https://t.me/krazzzzysam,"🎥 Dunki

📥 𝐃𝐨𝐰𝐧𝐥𝐨𝐚𝐝/👀𝐖𝐚𝐭𝐜𝐡 𝐎𝐧𝐥𝐢𝐧𝐞

480p👉  https://teraboxapp.com/s/1bxsE1bnVjIj_A_Zk-3ccwQ

720p👉 
https://teraboxapp.com/s/1r8kkDerXwVQzaGpqaXRVdQ

━━━━━━━━━━━━━━━━━━",2023-12-21T18:02:55+00:00,,,
60447,krazzzzysam,https://t.me/krazzzzysam,"🎥 Dunki

📥 𝐃𝐨𝐰𝐧𝐥𝐨𝐚𝐝/👀𝐖𝐚𝐭𝐜𝐡 𝐎𝐧𝐥𝐢𝐧𝐞

480p👉  https://teraboxapp.com/s/1bxsE1bnVjIj_A_Zk-3ccwQ

720p👉 
https://teraboxapp.com/s/1r8kkDerXwVQzaGpqaXRVdQ

━━━━━━━━━━━━━━━━━━",2023-12-21T18:02:49+00:00,,,
60446,krazzzzysam,https://t.me/krazzzzysam,"🎥 Dunki

📥 𝐃𝐨𝐰𝐧𝐥𝐨𝐚𝐝/👀𝐖𝐚𝐭𝐜𝐡 𝐎𝐧𝐥𝐢𝐧𝐞

480p👉  https://teraboxapp.com/s/1bxsE1bnVjIj_A_Zk-3ccwQ

720p👉 
https://teraboxapp.com/s/1r8kkDerXwVQzaGpqaXRVdQ

━━━━━━━━━━━━━━━━━━",2023-12-21T18:02:41+00:00,,,
60445,krazzzzysam,https://t.me/krazzzzysam,"🎥 Dunki

📥 𝐃𝐨𝐰𝐧𝐥𝐨𝐚𝐝/👀𝐖𝐚𝐭𝐜𝐡 𝐎𝐧𝐥𝐢𝐧𝐞

480p👉  https://teraboxapp.com/s/1bxsE1bnVjIj_A_Zk-3ccwQ

720p👉 
https://teraboxapp.com/s/1r8kkDerXwVQzaGpqaXRVdQ

━━━━━━━━━━━━━━━━━━",2023-12-21T18:02:29+00:00,,,
60444,krazzzzysam,https://t.me/krazzzzysam,"🎥 Dunki

📥 𝐃𝐨𝐰𝐧𝐥𝐨𝐚𝐝/👀𝐖𝐚𝐭𝐜𝐡 𝐎𝐧𝐥𝐢𝐧𝐞

480p👉  https://teraboxapp.com/s/1bxsE1bnVjIj_A_Zk-3ccwQ

720p👉 
https://teraboxapp.com/s/1r8kkDerXwVQzaGpqaXRVdQ

━━━━━━━━━━━━━━━━━━",2023-12-21T18:02:18+00:00,,,
60443,krazzzzysam,https://t.me/krazzzzysam,"🎥 Dunki

📥 𝐃𝐨𝐰𝐧𝐥𝐨𝐚𝐝/👀𝐖𝐚𝐭𝐜𝐡 𝐎𝐧𝐥𝐢𝐧𝐞

480p👉  https://teraboxapp.com/s/1bxsE1bnVjIj_A_Zk-3ccwQ

720p👉 
https://teraboxapp.com/s/1r8kkDerXwVQzaGpqaXRVdQ

━━━━━━━━━━━━━━━━━━",2023-12-21T18:01:58+00:00,,,
60442,krazzzzysam,https://t.me/krazzzzysam,"🎥 Dunki

📥 𝐃𝐨𝐰𝐧𝐥𝐨𝐚𝐝/👀𝐖𝐚𝐭𝐜𝐡 𝐎𝐧𝐥𝐢𝐧𝐞

480p👉  https://teraboxapp.com/s/1bxsE1bnVjIj_A_Zk-3ccwQ

720p👉 
https://teraboxapp.com/s/1r8kkDerXwVQzaGpqaXRVdQ

━━━━━━━━━━━━━━━━━━",2023-12-21T18:01:50+00:00,,,
60441,krazzzzysam,https://t.me/krazzzzysam,"🎥 Dunki

📥 𝐃𝐨𝐰𝐧𝐥𝐨𝐚𝐝/👀𝐖𝐚𝐭𝐜𝐡 𝐎𝐧𝐥𝐢𝐧𝐞

480p👉  https://teraboxapp.com/s/1bxsE1bnVjIj_A_Zk-3ccwQ

720p👉 
https://teraboxapp.com/s/1r8kkDerXwVQzaGpqaXRVdQ

━━━━━━━━━━━━━━━━━━",2023-12-21T18:00:09+00:00,,,
60440,krazzzzysam,https://t.me/krazzzzysam,House <PERSON> movie download,2023-12-21T17:56:16+00:00,,,
60434,krazzzzysam,https://t.me/krazzzzysam,https://ziplinker.net/d5KEWTN,2023-12-21T17:31:39+00:00,,,
60428,krazzzzysam,https://t.me/krazzzzysam,<PERSON> movie,2023-12-21T17:20:16+00:00,,,
60427,krazzzzysam,https://t.me/krazzzzysam,thru my window,2023-12-21T17:17:39+00:00,,,
60424,krazzzzysam,https://t.me/krazzzzysam,Bhai,2023-12-21T16:59:25+00:00,,,
60417,krazzzzysam,https://t.me/krazzzzysam,Past is present,2023-12-21T16:32:17+00:00,,,
60415,krazzzzysam,https://t.me/krazzzzysam,<PERSON> check karo,2023-12-21T16:30:34+00:00,,,
60414,krazzzzysam,https://t.me/krazzzzysam,https://t.me/Utsavfilm,2023-12-21T16:30:21+00:00,,,
60413,krazzzzysam,https://t.me/krazzzzysam,https://t.me/Utsavfilm,2023-12-21T16:30:16+00:00,,,
60412,krazzzzysam,https://t.me/krazzzzysam,"Hollywood sexy movie available👇💦💦💦💦💦👇👇👇 
Dunki 🔥 and salaar movie uploaded👇 

And request for any movie here 👇

https://t.me/movieflixzzzORG
https://t.me/movieflixzzzORG
https://t.me/movieflixzzzORG",2023-12-21T16:27:08+00:00,,,👍: 1
60397,krazzzzysam,https://t.me/krazzzzysam,Right first episode m to voice hee nhi h,2023-12-21T16:02:30+00:00,,,
60396,krazzzzysam,https://t.me/krazzzzysam,<PERSON> mood khrab <PERSON> ye total <NRP> m h,2023-12-21T16:02:01+00:00,,,
60393,krazzzzysam,https://t.me/krazzzzysam,Voices nhi aa <PERSON>,2023-12-21T15:57:15+00:00,,,
60390,krazzzzysam,https://t.me/krazzzzysam,Join to <PERSON>,2023-12-21T15:51:02+00:00,,,
60389,krazzzzysam,https://t.me/krazzzzysam,I phone <PERSON> movie,2023-12-21T15:50:50+00:00,,,
60386,krazzzzysam,https://t.me/krazzzzysam,Voice nhi aa rhi,2023-12-21T15:47:13+00:00,,,
60385,krazzzzysam,https://t.me/krazzzzysam,https://t.me/krazzysamchats/60354,2023-12-21T15:47:07+00:00,,,
60383,krazzzzysam,https://t.me/krazzzzysam,"🛑⭕️🛑⭕️🛑⭕️🛑⭕️🛑⭕️

Join group 👇👇all movie webseries available hear

🤡 movie Ka Aada🤡

https://t.me/moviekaaa

Join group 👇👇all movie webseries available hear

🤡 movie Ka Aada🤡

https://t.me/moviekaaa

Join group 👇👇all movie webseries available hear

🤡 movie Ka Aada🤡

https://t.me/moviekaaa

Join group 👇👇all movie webseries available hear

🤡 movie Ka Aada🤡

https://t.me/moviekaaa

Join group 👇👇all movie webseries available hear

🤡 movie Ka Aada🤡

https://t.me/moviekaaa

Join group 👇👇all movie webseries available hear

🤡 movie Ka Aada🤡

https://t.me/moviekaaa

Join group 👇👇all movie webseries available hear

🤡 movie Ka Aada🤡

https://t.me/moviekaaa

Join group 👇👇all movie webseries available hear

🤡 movie Ka Aada🤡

https://t.me/moviekaaa

Join group 👇👇all movie webseries available hear

🤡 movie Ka Aada🤡

https://t.me/moviekaaa

Join group 👇👇all movie webseries available hear

🤡 movie Ka Aada🤡

https://t.me/moviekaaa

Join group 👇👇all movie webseries available hear

🤡 movie Ka Aada🤡

https://t.me/moviekaaa

Join group 👇👇all movie webseries available hear

🤡 movie Ka Aada🤡

https://t.me/moviekaaa

Join group 👇👇all movie webseries available hear

🤡 movie Ka Aada🤡

https://t.me/moviekaaa

Join group 👇👇all movie webseries available hear

🤡 movie Ka Aada🤡

https://t.me/moviekaaa

Join group 👇👇all movie webseries available hear

🤡 movie Ka Aada🤡

https://t.me/moviekaaa

Join group 👇👇all movie webseries available hear

🤡 movie Ka Aada🤡

https://t.me/moviekaaa

Join group 👇👇all movie webseries available hear

🤡 movie Ka Aada🤡

https://t.me/moviekaaa

Join group 👇👇all movie webseries available hear

🤡 movie Ka Aada🤡

https://t.me/moviekaaa



Will Upload 1st Here . . .

https://t.me/moviekaaa",2023-12-21T15:46:04+00:00,,,
60382,krazzzzysam,https://t.me/krazzzzysam,"💦🥵Best Adult videos 🥵💦

Join main Chanel

https://t.me/studymaterialsry

https://t.me/studymaterialsry

https://t.me/studymaterialsry",2023-12-21T15:45:56+00:00,,,
60380,krazzzzysam,https://t.me/krazzzzysam,,2023-12-21T15:42:01+00:00,,,
60379,krazzzzysam,https://t.me/krazzzzysam,"https://t.me/nlmoviedownload/24


uploaded🎬 time : <DATE_TIME> 
in Google Drive 🎬
everyone join this channel please",2023-12-21T15:41:57+00:00,,,
60370,krazzzzysam,https://t.me/krazzzzysam,Super,2023-12-21T15:38:56+00:00,,,
60363,krazzzzysam,https://t.me/krazzzzysam,Hi,2023-12-21T15:38:44+00:00,,,
