id,Channel ID,URL,message,date,views,forwards,reactions
482,krazzzzysam,https://t.me/krazzzzysam,"<PERSON> <DATE_TIME> Movie Hindi Dubbed 480p and 720p Download link here 👇👇👇👇👇

  • 480p 👇
   <PERSON>• 720p 👇
   https://ziplinker.net/qNgnXEW0
_ _ _ _ _ _ _ _ _ _ _ _ _ _ _ _ _ _ _ _ _ _ _ _ _ _ _ 

Movie ke bare me iss reel me btaya <PERSON>https://www.instagram.com/reel/C1Z6J2RPMAE/?igsh=amx0cmtia3M2Y3o3

                      ⚠️ IMPORTANT ⚠️

• Jisko Download Karne Mai Problem Ho wo ye
   wali video dekhlo 👇👇

     https://t.me/KrazzzzySam/471

agr ad blocker show <PERSON> to phone ki settings me jakr private DNS off <PERSON> download <PERSON>",2023-12-28T17:20:08+00:00,298293.0,808.0,"👍: 303, ❤: 27, 👎: 18, 😁: 10, 🔥: 8, 🥰: 7, 👏: 6, 😱: 3, 🤩: 1"
71404,krazzzzysam,https://t.me/krazzzzysam,The 100 S1-S7 Hindi dubbed m send kr de,2024-02-07T14:27:53+00:00,,,
71403,krazzzzysam,https://t.me/krazzzzysam,Ye webseries <PERSON>,2024-02-07T14:27:23+00:00,,,
71402,krazzzzysam,https://t.me/krazzzzysam,The letter for <PERSON>,2024-02-07T14:27:08+00:00,,,
70828,krazzzzysam,https://t.me/krazzzzysam,World end haram,2024-02-03T09:05:27+00:00,,,
69622,krazzzzysam,https://t.me/krazzzzysam,"Hi
my friend
<PERSON> me movies / Web series /  TV shows  download <PERSON> to join karo mere telegram channel ko

Telegram channel name :  Tlsbro 
Link ⬇️

https://t.me/+5lkJC4v3gMM2Yjc9",2024-01-29T15:47:32+00:00,,,
67639,krazzzzysam,https://t.me/krazzzzysam,Narcos ka link <PERSON> pass,2024-01-22T14:39:28+00:00,,,
66418,krazzzzysam,https://t.me/krazzzzysam,Ya links <PERSON>,2024-01-14T03:19:00+00:00,,,
66417,krazzzzysam,https://t.me/krazzzzysam,Us ma add,2024-01-14T03:18:27+00:00,,,
66416,krazzzzysam,https://t.me/krazzzzysam,Please try muha,2024-01-14T03:18:17+00:00,,,
66415,krazzzzysam,https://t.me/krazzzzysam,Kiase ap Bollywood movies <PERSON> group <PERSON>,2024-01-14T03:18:07+00:00,,,
65570,krazzzzysam,https://t.me/krazzzzysam,New movie and web series <PERSON> massage <PERSON> quality 100% 👍👍👍👍❤️,2024-01-10T04:14:59+00:00,,,
64374,krazzzzysam,https://t.me/krazzzzysam,"Bhai full movie🔗 hindi⚡ me available👇💦 he 🧐
Hot 🥵and sexy 👙 movie🔗 👇👇👇
(Request for any movie) 
https://t.me/movieflixzzzORG
https://t.me/movieflixzzzORG
https://t.me/movieflixzzzORG",2024-01-06T08:29:54+00:00,,,
64278,krazzzzysam,https://t.me/krazzzzysam,"Bhai full movie🔗 hindi⚡ me available👇💦 he 🧐
Hot 🥵and sexy 👙 movie🔗 👇👇👇
(Request for any movie) 
https://t.me/movieflixzzzORG
https://t.me/movieflixzzzORG
https://t.me/movieflixzzzORG",2024-01-06T08:18:56+00:00,,,
64116,krazzzzysam,https://t.me/krazzzzysam,<PERSON> pe,2024-01-06T01:07:10+00:00,,,
63908,krazzzzysam,https://t.me/krazzzzysam,Bhai I am unable to download anything,2024-01-05T09:40:48+00:00,,,
63765,krazzzzysam,https://t.me/krazzzzysam,Hello bro,2024-01-04T16:54:57+00:00,,,
63764,krazzzzysam,https://t.me/krazzzzysam,Link nahi khul <PERSON>,2024-01-04T16:54:37+00:00,,,
63456,krazzzzysam,https://t.me/krazzzzysam,https://t.me/Movie3sk,2024-01-03T04:25:56+00:00,,,
63455,krazzzzysam,https://t.me/krazzzzysam,https://t.me/Movie3sk,2024-01-03T04:25:55+00:00,,,
63454,krazzzzysam,https://t.me/krazzzzysam,https://t.me/Movie3sk,2024-01-03T04:25:53+00:00,,,
63220,krazzzzysam,https://t.me/krazzzzysam,"Bhai full movie <PERSON> dubbed👇 me available he 👇
Sexy movies available💦💦💦
https://t.me/movieflixzzzORG
https://t.me/movieflixzzzORG
https://t.me/movieflixzzzORG",2024-01-01T18:30:31+00:00,,,
63217,krazzzzysam,https://t.me/krazzzzysam,<PERSON>,2024-01-01T17:54:44+00:00,,,
63187,krazzzzysam,https://t.me/krazzzzysam,<PERSON> movie <PERSON> dekh <PERSON>,2024-01-01T14:55:46+00:00,,,
62860,krazzzzysam,https://t.me/krazzzzysam,"Bhai full movie <PERSON> dubbed👇 me available he 👇
Sexy movies available💦💦💦
https://t.me/movieflixzzzORG
https://t.me/movieflixzzzORG
https://t.me/movieflixzzzORG",2023-12-31T06:49:31+00:00,,,
62849,krazzzzysam,https://t.me/krazzzzysam,Hunterrr,2023-12-31T06:01:31+00:00,,,
62757,krazzzzysam,https://t.me/krazzzzysam,Peaky blinders send kro bhai,2023-12-30T16:46:58+00:00,,,
62721,krazzzzysam,https://t.me/krazzzzysam,Link hi <PERSON>,2023-12-30T13:37:02+00:00,,,
62714,krazzzzysam,https://t.me/krazzzzysam,anima,2023-12-30T12:22:52+00:00,,,
62713,krazzzzysam,https://t.me/krazzzzysam,anima,2023-12-30T12:22:50+00:00,,,
62712,krazzzzysam,https://t.me/krazzzzysam,anima,2023-12-30T12:22:48+00:00,,,
62711,krazzzzysam,https://t.me/krazzzzysam,anima,2023-12-30T12:22:46+00:00,,,
62710,krazzzzysam,https://t.me/krazzzzysam,anima,2023-12-30T12:22:44+00:00,,,
62709,krazzzzysam,https://t.me/krazzzzysam,anima,2023-12-30T12:22:42+00:00,,,
62708,krazzzzysam,https://t.me/krazzzzysam,anima,2023-12-30T12:22:40+00:00,,,
62707,krazzzzysam,https://t.me/krazzzzysam,anima,2023-12-30T12:22:38+00:00,,,
62706,krazzzzysam,https://t.me/krazzzzysam,anima,2023-12-30T12:22:36+00:00,,,
62705,krazzzzysam,https://t.me/krazzzzysam,Anima,2023-12-30T12:22:32+00:00,,,
62704,krazzzzysam,https://t.me/krazzzzysam,Anima,2023-12-30T12:22:25+00:00,,,
62703,krazzzzysam,https://t.me/krazzzzysam,Anima,2023-12-30T12:22:22+00:00,,,
62702,krazzzzysam,https://t.me/krazzzzysam,anima,2023-12-30T12:22:17+00:00,,,
62701,krazzzzysam,https://t.me/krazzzzysam,18 anima,2023-12-30T12:22:15+00:00,,,
62700,krazzzzysam,https://t.me/krazzzzysam,18 anima,2023-12-30T12:22:05+00:00,,,
62690,krazzzzysam,https://t.me/krazzzzysam,"Berlin hindi me full hd me

<PERSON> pass <PERSON> massage karo personally",2023-12-30T10:18:54+00:00,,,👍: 1
62688,krazzzzysam,https://t.me/krazzzzysam,Are <PERSON> nhi <PERSON> aapki movie kyaa kree,2023-12-30T10:14:40+00:00,,,
62687,krazzzzysam,https://t.me/krazzzzysam,<PERSON>,2023-12-30T10:07:45+00:00,,,
62682,krazzzzysam,https://t.me/krazzzzysam,Are <PERSON> <NRP>,2023-12-30T08:41:10+00:00,,,
62679,krazzzzysam,https://t.me/krazzzzysam,"Bhai full movie <PERSON> dubbed👇 me available he 👇
Sexy movies available💦💦💦
https://t.me/movieflixzzzORG
https://t.me/movieflixzzzORG
https://t.me/movieflixzzzORG",2023-12-30T08:39:36+00:00,,,
62671,krazzzzysam,https://t.me/krazzzzysam,<PERSON> please A SILENT VOICE anime movie download link dedo🥺🥺🥺🥺🥺,2023-12-30T08:19:33+00:00,,,
62647,krazzzzysam,https://t.me/krazzzzysam,<PERSON> movies chahiye toh personally massage <PERSON>...👍,2023-12-30T07:48:42+00:00,,,
62646,krazzzzysam,https://t.me/krazzzzysam,<PERSON> pass <PERSON> massage karo personally,2023-12-30T07:48:25+00:00,,,
62637,krazzzzysam,https://t.me/krazzzzysam,"Bhai full movie <PERSON> dubbed👇 me available he 👇

https://t.me/movieflixzzzORG
https://t.me/movieflixzzzORG
https://t.me/movieflixzzzORG",2023-12-30T07:37:25+00:00,,,
62628,krazzzzysam,https://t.me/krazzzzysam,Hi,2023-12-30T05:58:30+00:00,,,
62627,krazzzzysam,https://t.me/krazzzzysam,Peaky blinders web series link <PERSON>,2023-12-30T05:41:35+00:00,,,
62625,krazzzzysam,https://t.me/krazzzzysam,After movie <PERSON> dubbed,2023-12-30T05:22:57+00:00,,,
62618,krazzzzysam,https://t.me/krazzzzysam,<PERSON> nhi <PERSON>,2023-12-30T04:20:36+00:00,,,
62617,krazzzzysam,https://t.me/krazzzzysam,हसीन दिलरुबा फिल्म,2023-12-30T04:16:22+00:00,,,
62615,krazzzzysam,https://t.me/krazzzzysam,"Bhai full movie <PERSON> dubbed👇 me available he 👇

https://t.me/movieflixzzzORG
https://t.me/movieflixzzzORG
https://t.me/movieflixzzzORG",2023-12-30T04:14:04+00:00,,,
62610,krazzzzysam,https://t.me/krazzzzysam,"Bhai full movie <PERSON> dubbed👇 me available he 👇

https://t.me/movieflixzzzORG
https://t.me/movieflixzzzORG
https://t.me/movieflixzzzORG",2023-12-30T04:08:56+00:00,,,
62609,krazzzzysam,https://t.me/krazzzzysam,"Bhai full movie <PERSON> dubbed👇 me available he 👇

https://t.me/movieflixzzzORG
https://t.me/movieflixzzzORG
https://t.me/movieflixzzzORG",2023-12-30T04:08:45+00:00,,,
62608,krazzzzysam,https://t.me/krazzzzysam,"Ha bhai us group me message <PERSON> <DATE_TIME> me mil <PERSON> full movie <PERSON> dubbed👇 me available he 👇

https://t.me/movieflixzzzORG
https://t.me/movieflixzzzORG
https://t.me/movieflixzzzORG",2023-12-30T04:08:36+00:00,,,
62606,krazzzzysam,https://t.me/krazzzzysam,"Bhai full movie <PERSON> dubbed👇 me available he 👇

https://t.me/movieflixzzzORG
https://t.me/movieflixzzzORG
https://t.me/movieflixzzzORG",2023-12-30T04:02:09+00:00,,,
62603,krazzzzysam,https://t.me/krazzzzysam,"Bhai full movie <PERSON> dubbed👇 me available he 👇
Sexy movies available💦💦💦
https://t.me/movieflixzzzORG
https://t.me/movieflixzzzORG
https://t.me/movieflixzzzORG",2023-12-30T03:46:38+00:00,,,
62600,krazzzzysam,https://t.me/krazzzzysam,"Bhai full movie <PERSON> dubbed👇 me available he 👇
Sexy movies available💦💦💦
https://t.me/movieflixzzzORG
https://t.me/movieflixzzzORG
https://t.me/movieflixzzzORG",2023-12-30T03:46:38+00:00,,,
62597,krazzzzysam,https://t.me/krazzzzysam,"Bhai full movie <PERSON> dubbed👇 me available he 👇

https://t.me/movieflixzzzORG
https://t.me/movieflixzzzORG
https://t.me/movieflixzzzORG",2023-12-30T03:37:30+00:00,,,
62596,krazzzzysam,https://t.me/krazzzzysam,"Bhai full movie <PERSON> dubbed👇 me available he 👇

https://t.me/movieflixzzzORG
https://t.me/movieflixzzzORG
https://t.me/movieflixzzzORG",2023-12-30T03:37:26+00:00,,,
62595,krazzzzysam,https://t.me/krazzzzysam,"Bhai full movie <PERSON> dubbed👇 me available he 👇

https://t.me/movieflixzzzORG
https://t.me/movieflixzzzORG
https://t.me/movieflixzzzORG",2023-12-30T03:37:21+00:00,,,
62584,krazzzzysam,https://t.me/krazzzzysam,Bhai 12th fail ke link share <PERSON> do,2023-12-30T02:35:32+00:00,,,
62580,krazzzzysam,https://t.me/krazzzzysam,<PERSON>,2023-12-30T01:14:41+00:00,,,
62578,krazzzzysam,https://t.me/krazzzzysam,<NRP> movie download nhi ho <PERSON>,2023-12-30T01:01:45+00:00,,,
62577,krazzzzysam,https://t.me/krazzzzysam,<PERSON>,2023-12-29T23:45:36+00:00,,,
62575,krazzzzysam,https://t.me/krazzzzysam,Please,2023-12-29T22:46:17+00:00,,,
62574,krazzzzysam,https://t.me/krazzzzysam,All episod link,2023-12-29T22:46:04+00:00,,,
62573,krazzzzysam,https://t.me/krazzzzysam,<PERSON>,2023-12-29T22:45:50+00:00,,,
62572,krazzzzysam,https://t.me/krazzzzysam,The <DATE_TIME> movie all episod link  bhej do pleaae,2023-12-29T22:45:01+00:00,,,
62563,krazzzzysam,https://t.me/krazzzzysam,,2023-12-29T18:15:27+00:00,,,👍: 1
62562,krazzzzysam,https://t.me/krazzzzysam,<NRP> pie all movies,2023-12-29T18:12:38+00:00,,,
62550,krazzzzysam,https://t.me/krazzzzysam,"Berlin available 👇❤
hindi dubbed👇 me available he 👇

https://t.me/movieflixzzzORG
https://t.me/movieflixzzzORG
https://t.me/movieflixzzzORG",2023-12-29T17:16:02+00:00,,,
62549,krazzzzysam,https://t.me/krazzzzysam,"Bhai full movie <PERSON> dubbed👇 me available he 👇

https://t.me/movieflixzzzORG
https://t.me/movieflixzzzORG
https://t.me/movieflixzzzORG",2023-12-29T17:16:02+00:00,,,
62548,krazzzzysam,https://t.me/krazzzzysam,"<PERSON> full movie <PERSON> dubbed👇 me available he 👇

https://t.me/movieflixzzzORG
https://t.me/movieflixzzzORG
https://t.me/movieflixzzzORG",2023-12-29T17:16:02+00:00,,,
62546,krazzzzysam,https://t.me/krazzzzysam,"Bhai full movie <PERSON> dubbed👇 me available he 👇

https://t.me/movieflixzzzORG
https://t.me/movieflixzzzORG
https://t.me/movieflixzzzORG",2023-12-29T17:16:02+00:00,,,
62542,krazzzzysam,https://t.me/krazzzzysam,"Bro minecraft ka link <PERSON> 
For android 🥺",2023-12-29T17:13:35+00:00,,,
62539,krazzzzysam,https://t.me/krazzzzysam,"Bhai full movie <PERSON> dubbed👇 me available he 👇

https://t.me/movieflixzzzORG
https://t.me/movieflixzzzORG
https://t.me/movieflixzzzORG",2023-12-29T17:06:31+00:00,,,
62538,krazzzzysam,https://t.me/krazzzzysam,"Bhai full movie <PERSON> dubbed👇 me available he 👇

https://t.me/movieflixzzzORG
https://t.me/movieflixzzzORG
https://t.me/movieflixzzzORG",2023-12-29T17:06:31+00:00,,,
62535,krazzzzysam,https://t.me/krazzzzysam,"Bhai full movie <PERSON> dubbed👇 me available he 👇

https://t.me/movieflixzzzORG
https://t.me/movieflixzzzORG
https://t.me/movieflixzzzORG",2023-12-29T17:01:38+00:00,,,
62533,krazzzzysam,https://t.me/krazzzzysam,"Bhai full movie <PERSON> dubbed👇 me available he 👇

https://t.me/movieflixzzzORG
https://t.me/movieflixzzzORG
https://t.me/movieflixzzzORG",2023-12-29T17:01:24+00:00,,,
62532,krazzzzysam,https://t.me/krazzzzysam,"Bhai full movie <PERSON> dubbed👇 me available he 👇

https://t.me/movieflixzzzORG
https://t.me/movieflixzzzORG
https://t.me/movieflixzzzORG",2023-12-29T17:01:19+00:00,,,
62531,krazzzzysam,https://t.me/krazzzzysam,"Bhai full movie <PERSON> dubbed👇 me available he 👇

https://t.me/movieflixzzzORG
https://t.me/movieflixzzzORG
https://t.me/movieflixzzzORG",2023-12-29T17:01:12+00:00,,,
62525,krazzzzysam,https://t.me/krazzzzysam,I've,2023-12-29T16:15:03+00:00,,,
62524,krazzzzysam,https://t.me/krazzzzysam,Berlin series link,2023-12-29T16:13:46+00:00,,,
62523,krazzzzysam,https://t.me/krazzzzysam,Please send movie name DABBA 5,2023-12-29T16:05:15+00:00,,,
62519,krazzzzysam,https://t.me/krazzzzysam,Margaux ..... Movie hai,2023-12-29T15:41:53+00:00,,,
62517,krazzzzysam,https://t.me/krazzzzysam,<DATE_TIME> fail movie,2023-12-29T15:30:57+00:00,,,
62514,krazzzzysam,https://t.me/krazzzzysam,<PERSON> mere baat,2023-12-29T15:11:17+00:00,,,
62513,krazzzzysam,https://t.me/krazzzzysam,Hlo,2023-12-29T15:11:08+00:00,,,
62509,krazzzzysam,https://t.me/krazzzzysam,Bhi download nhi <PERSON>,2023-12-29T14:26:32+00:00,,,
62507,krazzzzysam,https://t.me/krazzzzysam,<PERSON> nhi <PERSON>,2023-12-29T13:49:31+00:00,,,
62506,krazzzzysam,https://t.me/krazzzzysam,Animal bro please,2023-12-29T13:42:58+00:00,,,
62505,krazzzzysam,https://t.me/krazzzzysam,New movie Hollywood Hindi,2023-12-29T13:38:10+00:00,,,
62501,krazzzzysam,https://t.me/krazzzzysam,"Bhai full movie <PERSON> dubbed👇 me available he 👇

https://t.me/movieflixzzzORG
https://t.me/movieflixzzzORG
https://t.me/movieflixzzzORG",2023-12-29T13:26:01+00:00,,,
62500,krazzzzysam,https://t.me/krazzzzysam,"Bhai full movie <PERSON> dubbed👇 me available he 👇

https://t.me/movieflixzzzORG
https://t.me/movieflixzzzORG
https://t.me/movieflixzzzORG",2023-12-29T13:25:54+00:00,,,
62497,krazzzzysam,https://t.me/krazzzzysam,Bhai,2023-12-29T12:58:37+00:00,,,
62496,krazzzzysam,https://t.me/krazzzzysam,<PERSON>,2023-12-29T12:58:35+00:00,,,
62495,krazzzzysam,https://t.me/krazzzzysam,<PERSON>,2023-12-29T12:58:30+00:00,,,
62494,krazzzzysam,https://t.me/krazzzzysam,<PERSON>,2023-12-29T12:58:29+00:00,,,
62491,krazzzzysam,https://t.me/krazzzzysam,<PERSON> movie download,2023-12-29T12:16:40+00:00,,,
62483,krazzzzysam,https://t.me/krazzzzysam,"Bhai full movie <PERSON> dubbed👇 me available he 👇

https://t.me/movieflixzzzORG
https://t.me/movieflixzzzORG
https://t.me/movieflixzzzORG",2023-12-29T08:59:13+00:00,,,
62476,krazzzzysam,https://t.me/krazzzzysam,<NRP> movie download <PERSON>,2023-12-29T08:45:11+00:00,,,
62445,krazzzzysam,https://t.me/krazzzzysam,<PERSON> he,2023-12-29T04:43:34+00:00,,,
62441,krazzzzysam,https://t.me/krazzzzysam,Sex videos ka link send kro,2023-12-29T04:34:08+00:00,,,
62440,krazzzzysam,https://t.me/krazzzzysam,"Is channel pe sexy👙👠💋 🔞🔞movie mil jaegi 👇
https://t.me/movieflixzzzORG
https://t.me/movieflixzzzORG
https://t.me/movieflixzzzORG",2023-12-29T04:32:21+00:00,,,👍: 2
62439,krazzzzysam,https://t.me/krazzzzysam,"<NRP> money heist all seasonhindi dubbed👇 me available he 👇

https://t.me/movieflixzzzORG
https://t.me/movieflixzzzORG
https://t.me/movieflixzzzORG",2023-12-29T04:31:42+00:00,,,
62438,krazzzzysam,https://t.me/krazzzzysam,Ok,2023-12-29T04:31:25+00:00,,,
62436,krazzzzysam,https://t.me/krazzzzysam,"Bhai full movie <PERSON> dubbed👇 me available he 👇 sexy👙👠💋

https://t.me/movieflixzzzORG
https://t.me/movieflixzzzORG
https://t.me/movieflixzzzORG",2023-12-29T04:30:36+00:00,,,
62434,krazzzzysam,https://t.me/krazzzzysam,Money heist season 4and 5 k link <PERSON>,2023-12-29T04:19:51+00:00,,,
62363,krazzzzysam,https://t.me/krazzzzysam,Sexy movies link <PERSON>,2023-12-29T02:42:19+00:00,,,
62359,krazzzzysam,https://t.me/krazzzzysam,"Animal movie 

https://t.me/+KbdFrCcdTB05ZGZl

Join now 👆👆👆",2023-12-29T00:54:35+00:00,,,
62357,krazzzzysam,https://t.me/krazzzzysam,Group,2023-12-28T23:46:48+00:00,,,
62356,krazzzzysam,https://t.me/krazzzzysam,Add in porn,2023-12-28T23:46:42+00:00,,,
62354,krazzzzysam,https://t.me/krazzzzysam,Ye video <PERSON> isme btaya <PERSON> krna h,2023-12-28T20:11:12+00:00,,,
62353,krazzzzysam,https://t.me/krazzzzysam,https://t.me/KrazzzzySam/471,2023-12-28T20:10:59+00:00,,,👍: 1
62352,krazzzzysam,https://t.me/krazzzzysam,<PERSON> na <PERSON> hogi,2023-12-28T19:38:30+00:00,,,
62351,krazzzzysam,https://t.me/krazzzzysam,Yr ye muvie <PERSON> download hogi,2023-12-28T19:33:49+00:00,,,
62350,krazzzzysam,https://t.me/krazzzzysam,Animal movie ka link share Karo,2023-12-28T19:33:01+00:00,,,
