id,Channel ID,URL,message,date,views,forwards,reactions
561,krazzzzysam,https://t.me/krazzzzysam,"Latest 2024 Movie Hindi Dubbed Download link here 👇👇

  • 480p 👇
   https://ziplinker.net/sbtAy7

  • 720p 👇
   https://ziplinker.net/OPBG7c
_ _ _ _ _ _ _ _ _ _ _ _ _ _ _ _ _ _

agr ad blocker show <PERSON> to phone ki settings me jakr private DNS off <PERSON> download <PERSON>

New movies channel link
https://t.me/+6l-kKuegOO9mNzRl
https://t.me/+6l-kKuegOO9mNzRl
https://t.me/+6l-kKuegOO9mNzRl",2024-02-19T06:59:24+00:00,207970.0,180.0,"👍: 128, ❤: 9, 🔥: 4, 😁: 4"
85755,krazzzzysam,https://t.me/krazzzzysam,Hy,2024-06-09T20:09:20+00:00,,,
80700,krazzzzysam,https://t.me/krazzzzysam,Hi,2024-04-18T18:47:29+00:00,,,
80308,krazzzzysam,https://t.me/krazzzzysam,Hi,2024-04-15T18:14:44+00:00,,,
73533,krazzzzysam,https://t.me/krazzzzysam,"https://t.me/pkpredictr
Join vc",2024-02-26T10:55:46+00:00,,,
73364,krazzzzysam,https://t.me/krazzzzysam,Hello,2024-02-23T17:12:01+00:00,,,
73268,krazzzzysam,https://t.me/krazzzzysam,"Ads blocker show ho rha h 
Private DNS off <PERSON>",2024-02-21T17:09:59+00:00,,,
73261,krazzzzysam,https://t.me/krazzzzysam,Bhi download <PERSON>,2024-02-21T15:37:55+00:00,,,
73178,krazzzzysam,https://t.me/krazzzzysam,🤣🤣,2024-02-21T02:21:05+00:00,,,
73090,krazzzzysam,https://t.me/krazzzzysam,Bhosdike... Pehale sex ka spelling <PERSON>😂,2024-02-19T19:47:30+00:00,,,😁: 5
73088,krazzzzysam,https://t.me/krazzzzysam,Vampire series he,2024-02-19T19:00:13+00:00,,,
73087,krazzzzysam,https://t.me/krazzzzysam,Fast,2024-02-19T19:00:10+00:00,,,
73086,krazzzzysam,https://t.me/krazzzzysam,Twilight full seasons send,2024-02-19T19:00:08+00:00,,,
73073,krazzzzysam,https://t.me/krazzzzysam,Free sax video cahiye DM me,2024-02-19T14:04:06+00:00,,,
73072,krazzzzysam,https://t.me/krazzzzysam,Free sax video cahiye DM me,2024-02-19T14:04:05+00:00,,,
73071,krazzzzysam,https://t.me/krazzzzysam,Free sax video cahiye DM me,2024-02-19T14:04:03+00:00,,,
73070,krazzzzysam,https://t.me/krazzzzysam,Free sax video cahiye DM me,2024-02-19T14:04:01+00:00,,,
73069,krazzzzysam,https://t.me/krazzzzysam,Free sax video cahiye DM me,2024-02-19T14:04:00+00:00,,,
73068,krazzzzysam,https://t.me/krazzzzysam,Free sax video cahiye DM me,2024-02-19T14:03:59+00:00,,,
73067,krazzzzysam,https://t.me/krazzzzysam,Free sax video cahiye DM me,2024-02-19T14:03:57+00:00,,,
73066,krazzzzysam,https://t.me/krazzzzysam,Free sax video cahiye DM me,2024-02-19T14:03:55+00:00,,,
73065,krazzzzysam,https://t.me/krazzzzysam,Free sax video cahiye DM me,2024-02-19T14:03:54+00:00,,,
73064,krazzzzysam,https://t.me/krazzzzysam,Free sax video cahiye DM me,2024-02-19T14:03:52+00:00,,,
73063,krazzzzysam,https://t.me/krazzzzysam,Free sax video cahiye DM me,2024-02-19T14:03:50+00:00,,,
73062,krazzzzysam,https://t.me/krazzzzysam,<PERSON> na,2024-02-19T13:48:22+00:00,,,
73058,krazzzzysam,https://t.me/krazzzzysam,Hiii,2024-02-19T10:46:39+00:00,,,
73055,krazzzzysam,https://t.me/krazzzzysam,Bro <DATE_TIME>,2024-02-19T10:12:11+00:00,,,
73053,krazzzzysam,https://t.me/krazzzzysam,Thank you for the coming movie milegi,2024-02-19T09:47:32+00:00,,,
73051,krazzzzysam,https://t.me/krazzzzysam,Movie mil jayegi,2024-02-19T09:35:00+00:00,,,
73049,krazzzzysam,https://t.me/krazzzzysam,<PERSON> dono part,2024-02-19T09:25:03+00:00,,,👍: 1
73048,krazzzzysam,https://t.me/krazzzzysam,Why him movie do,2024-02-19T09:14:18+00:00,,,
73047,krazzzzysam,https://t.me/krazzzzysam,<PERSON> wali movie,2024-02-19T09:12:48+00:00,,,
73046,krazzzzysam,https://t.me/krazzzzysam,<DATE_TIME> full movie two movis,2024-02-19T09:12:13+00:00,,,
73043,krazzzzysam,https://t.me/krazzzzysam,Hello,2024-02-19T08:53:33+00:00,,,
73042,krazzzzysam,https://t.me/krazzzzysam,Hi,2024-02-19T08:53:31+00:00,,,
73040,krazzzzysam,https://t.me/krazzzzysam,<PERSON> download <PERSON> plz plz bhai,2024-02-19T08:30:23+00:00,,,
73038,krazzzzysam,https://t.me/krazzzzysam,Mujhe promotion <PERSON> h,2024-02-19T08:05:48+00:00,,,
73036,krazzzzysam,https://t.me/krazzzzysam,Hello,2024-02-19T07:05:40+00:00,,,
