id,Channel ID,URL,message,date,views,forwards,reactions
488,krazzzzysam,https://t.me/krazzzzysam,"👇New channel <PERSON> or jakr join krlo for latest møv!e$

https://t.me/+9-DHyl-NmrA0NGY1
https://t.me/+9-DHyl-NmrA0NGY1
https://t.me/+9-DHyl-NmrA0NGY1

<PERSON> hi new channel hai to jao or join krlo",2024-01-03T21:19:36+00:00,288205.0,156.0,"👍: 203, ❤: 31, 😁: 13, 🔥: 12, 👎: 9, 👏: 5"
71561,krazzzzysam,https://t.me/krazzzzysam,https://youtube.com/@Happy_bhati?si=CUSAYm29EvhypRJ6,2024-02-08T06:25:25+00:00,,,
70006,krazzzzysam,https://t.me/krazzzzysam,Horror movies <PERSON> bhai,2024-01-31T07:52:27+00:00,,,
69721,krazzzzysam,https://t.me/krazzzzysam,Hi,2024-01-30T13:52:24+00:00,,,
69616,krazzzzysam,https://t.me/krazzzzysam,"Hi
my friend
<PERSON> me movies / Web series /  TV shows  download <PERSON> to join karo mere telegram channel ko

Telegram channel name :  Tlsbro 
Link ⬇️

https://t.me/+5lkJC4v3gMM2Yjc9",2024-01-29T15:46:55+00:00,,,
65568,krazzzzysam,https://t.me/krazzzzysam,New movie and web series <PERSON> massage <PERSON> quality 100% 👍👍👍👍❤️,2024-01-10T04:14:44+00:00,,,
65235,krazzzzysam,https://t.me/krazzzzysam,"Bhai full movie🔗 hindi⚡ me available👇💦 he 🧐
Hot 🥵and sexy 👙 movie🔗 👇👇👇
(Request for any movie) 
https://t.me/movieflixzzzORG
https://t.me/movieflixzzzORG
https://t.me/movieflixzzzORG",2024-01-08T15:27:30+00:00,,,
65215,krazzzzysam,https://t.me/krazzzzysam,Mast h,2024-01-08T15:14:23+00:00,,,
65003,krazzzzysam,https://t.me/krazzzzysam,Hii,2024-01-08T01:58:20+00:00,,,
64769,krazzzzysam,https://t.me/krazzzzysam,<PERSON>,2024-01-07T04:40:42+00:00,,,
64388,krazzzzysam,https://t.me/krazzzzysam,"Bhai full movie🔗 hindi⚡ me available👇💦 he 🧐
Hot 🥵and sexy 👙 movie🔗 👇👇👇
(Request for any movie) 
https://t.me/movieflixzzzORG
https://t.me/movieflixzzzORG
https://t.me/movieflixzzzORG",2024-01-06T08:31:58+00:00,,,
64372,krazzzzysam,https://t.me/krazzzzysam,"Bhai full movie🔗 hindi⚡ me available👇💦 he 🧐
Hot 🥵and sexy 👙 movie🔗 👇👇👇
(Request for any movie) 
https://t.me/movieflixzzzORG
https://t.me/movieflixzzzORG
https://t.me/movieflixzzzORG",2024-01-06T08:29:43+00:00,,,
64267,krazzzzysam,https://t.me/krazzzzysam,"Bhai full movie🔗 hindi⚡ me available👇💦 he 🧐
Hot 🥵and sexy 👙 movie🔗 👇👇👇
(Request for any movie) 
https://t.me/movieflixzzzORG
https://t.me/movieflixzzzORG
https://t.me/movieflixzzzORG",2024-01-06T08:17:29+00:00,,,
64197,krazzzzysam,https://t.me/krazzzzysam,<PERSON> movie download nhi <PERSON>,2024-01-06T05:39:21+00:00,,,
64186,krazzzzysam,https://t.me/krazzzzysam,https://t.me/+da-e-Nwi6Y0zZDM1,2024-01-06T05:21:25+00:00,,,
64158,krazzzzysam,https://t.me/krazzzzysam,12th fail link open <PERSON>,2024-01-06T04:11:44+00:00,,,
64137,krazzzzysam,https://t.me/krazzzzysam,Hi,2024-01-06T03:18:32+00:00,,,
64114,krazzzzysam,https://t.me/krazzzzysam,Bed spacer <DATE_TIME> movie please,2024-01-06T00:04:10+00:00,,,
63878,krazzzzysam,https://t.me/krazzzzysam,12th fail full movie link https://t.me/+KbdFrCcdTB05ZGZl,2024-01-05T07:56:52+00:00,,,
63877,krazzzzysam,https://t.me/krazzzzysam,12 th faul movie <PERSON>,2024-01-05T07:56:26+00:00,,,
63856,krazzzzysam,https://t.me/krazzzzysam,12th faul movie chaiya,2024-01-05T07:13:33+00:00,,,
63847,krazzzzysam,https://t.me/krazzzzysam,Ye group link dedo,2024-01-05T06:35:34+00:00,,,
63843,krazzzzysam,https://t.me/krazzzzysam,Any ID Mukkalo?,2024-01-05T06:14:48+00:00,,,
63842,krazzzzysam,https://t.me/krazzzzysam,Hy,2024-01-05T06:12:52+00:00,,,
63838,krazzzzysam,https://t.me/krazzzzysam,https://t.me/Movie3sk,2024-01-05T05:25:31+00:00,,,
63837,krazzzzysam,https://t.me/krazzzzysam,https://t.me/Movie3sk,2024-01-05T05:25:29+00:00,,,
63836,krazzzzysam,https://t.me/krazzzzysam,https://t.me/Movie3sk,2024-01-05T05:25:27+00:00,,,
63826,krazzzzysam,https://t.me/krazzzzysam,https://t.me/Utsavfilm,2024-01-05T04:56:06+00:00,,,
63825,krazzzzysam,https://t.me/krazzzzysam,https://t.me/Utsavfilm,2024-01-05T04:56:00+00:00,,,
63790,krazzzzysam,https://t.me/krazzzzysam,"Bhai full movie <PERSON> dubbed👇 me available he 👇
Sexy movies available💦💦💦
https://t.me/movieflixzzzORG
https://t.me/movieflixzzzORG
https://t.me/movieflixzzzORG",2024-01-04T17:24:28+00:00,,,
63783,krazzzzysam,https://t.me/krazzzzysam,"Bhai full movie <PERSON> dubbed👇 me available he 👇
Sexy movies available💦💦💦
https://t.me/movieflixzzzORG
https://t.me/movieflixzzzORG
https://t.me/movieflixzzzORG",2024-01-04T17:24:01+00:00,,,
63776,krazzzzysam,https://t.me/krazzzzysam,Hello kuchh to bolo bhai,2024-01-04T17:23:14+00:00,,,
63768,krazzzzysam,https://t.me/krazzzzysam,<PERSON> massage karo mai dunga,2024-01-04T17:09:13+00:00,,,
63767,krazzzzysam,https://t.me/krazzzzysam,Are bhai picture kaise download Hogi,2024-01-04T17:05:27+00:00,,,
63766,krazzzzysam,https://t.me/krazzzzysam,Hlo,2024-01-04T16:58:15+00:00,,,
63754,krazzzzysam,https://t.me/krazzzzysam,"More than a marriage couple but not lovers
Seasons 01 and02 <PERSON>",2024-01-04T15:48:57+00:00,,,
63753,krazzzzysam,https://t.me/krazzzzysam,Hlo,2024-01-04T15:34:36+00:00,,,
63751,krazzzzysam,https://t.me/krazzzzysam,<PERSON> <NRP> movie ki link send kr do,2024-01-04T15:10:44+00:00,,,
63744,krazzzzysam,https://t.me/krazzzzysam,12 th fail link 🖇️,2024-01-04T14:31:34+00:00,,,
63739,krazzzzysam,https://t.me/krazzzzysam,<DATE_TIME> fail,2024-01-04T14:17:27+00:00,,,
63729,krazzzzysam,https://t.me/krazzzzysam,Xnxx com sand karo,2024-01-04T13:53:57+00:00,,,
63723,krazzzzysam,https://t.me/krazzzzysam,Animal movie,2024-01-04T12:41:58+00:00,,,
63719,krazzzzysam,https://t.me/krazzzzysam,"10rs for any movie
Direct download 
Massage me personally
I have all movies and series",2024-01-04T12:16:43+00:00,,,
63715,krazzzzysam,https://t.me/krazzzzysam,https://fastwin.app/LR?RG&C=<PHONE_NUMBER>,2024-01-04T10:50:22+00:00,,,❤: 2
63714,krazzzzysam,https://t.me/krazzzzysam,Love and leashes,2024-01-04T10:42:34+00:00,,,
63710,krazzzzysam,https://t.me/krazzzzysam,"Bhai full movie <PERSON> dubbed👇 me available he 👇
Sexy movies available💦💦💦
https://t.me/movieflixzzzORG
https://t.me/movieflixzzzORG
https://t.me/movieflixzzzORG",2024-01-04T10:16:10+00:00,,,
63708,krazzzzysam,https://t.me/krazzzzysam,"Bhai full movie <PERSON> dubbed👇 me available he 👇
Sexy movies available💦💦💦
https://t.me/movieflixzzzORG
https://t.me/movieflixzzzORG
https://t.me/movieflixzzzORG",2024-01-04T10:16:10+00:00,,,
63703,krazzzzysam,https://t.me/krazzzzysam,"Bhai full movie <PERSON> dubbed👇 me available he 👇
Sexy movies available💦💦💦
https://t.me/movieflixzzzORG
https://t.me/movieflixzzzORG
https://t.me/movieflixzzzORG",2024-01-04T10:06:26+00:00,,,
63697,krazzzzysam,https://t.me/krazzzzysam,"Bhai full movie <PERSON> dubbed👇 me available he 👇
Sexy movies available💦💦💦
https://t.me/movieflixzzzORG
https://t.me/movieflixzzzORG
https://t.me/movieflixzzzORG",2024-01-04T09:59:29+00:00,,,
63690,krazzzzysam,https://t.me/krazzzzysam,"Bhai full movie <PERSON> dubbed👇 me available he 👇
Sexy movies available💦💦💦
https://t.me/movieflixzzzORG
https://t.me/movieflixzzzORG
https://t.me/movieflixzzzORG",2024-01-04T09:51:39+00:00,,,
63684,krazzzzysam,https://t.me/krazzzzysam,Why you movie  <PERSON>,2024-01-04T09:11:52+00:00,,,
63683,krazzzzysam,https://t.me/krazzzzysam,,2024-01-04T09:11:13+00:00,,,
63679,krazzzzysam,https://t.me/krazzzzysam,11 <PERSON> movie,2024-01-04T08:59:28+00:00,,,
63670,krazzzzysam,https://t.me/krazzzzysam,https://t.me/Movie3sk,2024-01-04T08:23:32+00:00,,,
63669,krazzzzysam,https://t.me/krazzzzysam,Terminator 2 full movie <PERSON>,2024-01-04T08:22:24+00:00,,,
63655,krazzzzysam,https://t.me/krazzzzysam,26 <DATE_TIME> mumbai attack major sandeep cast interview,2024-01-04T05:50:11+00:00,,,
63635,krazzzzysam,https://t.me/krazzzzysam,Bx,2024-01-04T02:53:28+00:00,,,
63634,krazzzzysam,https://t.me/krazzzzysam,Hi,2024-01-04T02:51:29+00:00,,,👍: 1
63628,krazzzzysam,https://t.me/krazzzzysam,🖕,2024-01-04T01:51:51+00:00,,,
63627,krazzzzysam,https://t.me/krazzzzysam,Register karo fast,2024-01-04T01:48:48+00:00,,,
63626,krazzzzysam,https://t.me/krazzzzysam,https://fastwin.app/LR?RG&C=<PHONE_NUMBER>,2024-01-04T01:48:40+00:00,,,
63621,krazzzzysam,https://t.me/krazzzzysam,"Teenage girls and boys sex videos available teenage lesbian and boy and boy teenage boy and big girl and teenage girl and teenage boy sex videos available
Rs 100 rupye 50 video
Rs 200 rupye 150 video with one link free",2024-01-04T00:26:56+00:00,,,👍: 2
63620,krazzzzysam,https://t.me/krazzzzysam,,2024-01-04T00:26:40+00:00,,,
63619,krazzzzysam,https://t.me/krazzzzysam,,2024-01-04T00:26:40+00:00,,,
63618,krazzzzysam,https://t.me/krazzzzysam,,2024-01-04T00:26:39+00:00,,,
63617,krazzzzysam,https://t.me/krazzzzysam,,2024-01-04T00:26:39+00:00,,,
63616,krazzzzysam,https://t.me/krazzzzysam,,2024-01-04T00:26:39+00:00,,,
63613,krazzzzysam,https://t.me/krazzzzysam,12 fail movie <PERSON>,2024-01-03T21:52:19+00:00,,,
