id,Channel ID,URL,message,date,views,forwards,reactions
562,krazzzzysam,https://t.me/krazzzzysam,"<PERSON> 2001 Movie Hindi Dubbed 480p and 720p Download link here 👇👇

480p ( Hindi Dubbed ) 👇
https://ziplinker.net/ViS4vWjq

720p ( Hindi Dubbed ) 👇
https://ziplinker.net/CVJCL

Movie ke bare me iss reel me btaya <PERSON>
https://www.instagram.com/reel/C3iDp9OIlxE/?igsh=bmc1YmFybHlweXd6

                     ⚠️ IMPORTANT ⚠️

• Jisko Download Karne Mai Problem Ho wo ye
   wali video dekhlo 👇👇

https://t.me/KrazzzzySam/541

agr ad blocker show <PERSON> to phone ki settings me jakr private DNS off <PERSON> download <PERSON>",2024-02-19T15:14:10+00:00,241551.0,304.0,"👍: 160, ❤: 13, 🥰: 4, 👎: 3, 👏: 1"
80117,krazzzzysam,https://t.me/krazzzzysam,"<PERSON> 2001 Movie Hindi Dubbed 480p and 720p Download link here 👇👇

480p ( Hindi Dubbed ) 👇
https://ziplinker.net/ViS4vWjq

720p ( Hindi Dubbed ) 👇
https://ziplinker.net/CVJCL

Movie ke bare me iss reel me btaya <PERSON>
https://www.instagram.com/reel/C3iDp9OIlxE/?igsh=bmc1YmFybHlweXd6

                     ⚠️ IMPORTANT ⚠️

• Jisko Download Karne Mai Problem Ho wo ye
   wali video dekhlo 👇👇

https://t.me/KrazzzzySam/541

agr ad blocker show <PERSON> to phone ki settings me jakr private DNS off <PERSON> download <PERSON>",2024-04-13T18:40:14+00:00,,,
80116,krazzzzysam,https://t.me/krazzzzysam,<PERSON> teen,2024-04-13T18:39:08+00:00,,,
78125,krazzzzysam,https://t.me/krazzzzysam,Hii,2024-03-29T10:10:21+00:00,,,
74371,krazzzzysam,https://t.me/krazzzzysam,That's my boy nhi mil <PERSON>,2024-03-07T12:04:32+00:00,,,
74349,krazzzzysam,https://t.me/krazzzzysam,Bhai only ₹50 me <PERSON>Direct mms video 300+. And Savita <PERSON> .venaa crazy 3d comic  Hindi English language. Fuck video 100 and hot x vip video60+    validity. Lifetime.  <PERSON> par 10 new video aaayegi <DATE_TIME>. Only ₹50@adult sellerChannel buy <PERSON> message <PERSON> mere pass @Sigmaman469,2024-03-07T03:48:27+00:00,,,
73734,krazzzzysam,https://t.me/krazzzzysam,<PERSON> movie,2024-02-28T15:35:21+00:00,,,
73534,krazzzzysam,https://t.me/krazzzzysam,"https://t.me/pkpredictr
Join vc",2024-02-26T10:55:54+00:00,,,
73474,krazzzzysam,https://t.me/krazzzzysam,"1.English movie 👉 @skbirat

2.Bollywood📺 And South Movie  👇
       @Hindimovie667

3. Hollywood 🎬  👉 @skmovie4u
    
    🔎 ➠ दोस्तो अगर आप को कोई Movie <PERSON> है तो DM Me👉 @skbirat2 करें",2024-02-25T15:49:13+00:00,,,
73466,krazzzzysam,https://t.me/krazzzzysam,Hum apke <PERSON> movie <PERSON>,2024-02-25T14:18:11+00:00,,,
73323,krazzzzysam,https://t.me/krazzzzysam,https://t.me/cinemaubink,2024-02-22T17:35:08+00:00,,,🥰: 1
73217,krazzzzysam,https://t.me/krazzzzysam,"<PERSON>  leak video dekhna hai tho  DM me ₹49 ""350+ video",2024-02-21T07:17:41+00:00,,,
73176,krazzzzysam,https://t.me/krazzzzysam,Vaise parts h eske sayad 2-3 h,2024-02-20T20:03:53+00:00,,,
73173,krazzzzysam,https://t.me/krazzzzysam,Ok bro  mne n dhika <PERSON> parts he iske  tbhi msg  chora,2024-02-20T19:13:05+00:00,,,
73156,krazzzzysam,https://t.me/krazzzzysam,iPhone me kse dekhe plz koi bta do,2024-02-20T16:01:42+00:00,,,
73131,krazzzzysam,https://t.me/krazzzzysam,Hello sir <PERSON>,2024-02-20T12:26:44+00:00,,,
73128,krazzzzysam,https://t.me/krazzzzysam,<PERSON> webseries <PERSON>,2024-02-20T11:51:22+00:00,,,
73127,krazzzzysam,https://t.me/krazzzzysam,Twilight ek movie <PERSON>,2024-02-20T11:51:16+00:00,,,
73124,krazzzzysam,https://t.me/krazzzzysam,Bej do,2024-02-20T10:46:41+00:00,,,
73123,krazzzzysam,https://t.me/krazzzzysam,Bhai the girl next door h,2024-02-20T10:46:38+00:00,,,
73085,krazzzzysam,https://t.me/krazzzzysam,Vampire series he,2024-02-19T18:59:51+00:00,,,👍: 1
73084,krazzzzysam,https://t.me/krazzzzysam,Fast*,2024-02-19T18:59:46+00:00,,,
73083,krazzzzysam,https://t.me/krazzzzysam,Twilight full seasons send,2024-02-19T18:59:42+00:00,,,
73080,krazzzzysam,https://t.me/krazzzzysam,<PERSON> to send karo,2024-02-19T17:03:22+00:00,,,
73079,krazzzzysam,https://t.me/krazzzzysam,https://www.facebook.com/share/v/XuKhj93mmyLAnFsH/?mibextid=O563ZM,2024-02-19T17:03:10+00:00,,,
73076,krazzzzysam,https://t.me/krazzzzysam,🙂,2024-02-19T15:56:53+00:00,,,
