id,Channel ID,URL,message,date,views,forwards,reactions
477,krazzzzysam,https://t.me/krazzzzysam,"Movie explained <PERSON>! <PERSON> ❤️✨

https://yt.openinapp.link/bdson
https://yt.openinapp.link/bdson
https://yt.openinapp.link/bdson

Link pr click kro or yt pr jakr dekho 👀👍",2023-12-23T07:34:13+00:00,314824.0,113.0,"👍: 128, ❤: 19, 👎: 18, 🤮: 17"
73297,krazzzzysam,https://t.me/krazzzzysam,<PERSON> new movie bii,2024-02-22T07:42:57+00:00,,,
73296,krazzzzysam,https://t.me/krazzzzysam,Link do,2024-02-22T07:42:29+00:00,,,
73295,krazzzzysam,https://t.me/krazzzzysam,Hello <PERSON>,2024-02-22T07:41:59+00:00,,,
72553,krazzzzysam,https://t.me/krazzzzysam,Hii,2024-02-15T05:54:35+00:00,,,
70136,krazzzzysam,https://t.me/krazzzzysam,Hi,2024-01-31T17:30:55+00:00,,,
69627,krazzzzysam,https://t.me/krazzzzysam,"Hi
my friend
<PERSON> me movies / Web series /  TV shows  download <PERSON> to join karo mere telegram channel ko

Telegram channel name :  Tlsbro 
Link ⬇️

https://t.me/+5lkJC4v3gMM2Yjc9",2024-01-29T15:48:04+00:00,,,
67832,krazzzzysam,https://t.me/krazzzzysam,Dunki,2024-01-23T21:21:05+00:00,,,
65571,krazzzzysam,https://t.me/krazzzzysam,New movie and web series <PERSON> massage <PERSON> quality 100% 👍👍👍👍❤️,2024-01-10T04:15:08+00:00,,,
64998,krazzzzysam,https://t.me/krazzzzysam,Hii,2024-01-08T01:56:14+00:00,,,
62135,krazzzzysam,https://t.me/krazzzzysam,Nice,2023-12-28T02:27:39+00:00,,,
62095,krazzzzysam,https://t.me/krazzzzysam,Hi,2023-12-27T17:07:55+00:00,,,
61717,krazzzzysam,https://t.me/krazzzzysam,<PERSON> movies chahiye toh personally massage <PERSON>...👍,2023-12-26T05:44:49+00:00,,,
61514,krazzzzysam,https://t.me/krazzzzysam,"Bhai full movie <PERSON> dubbed👇 me available he 👇
https://t.me/movieflixzzzORG
https://t.me/movieflixzzzORG
https://t.me/movieflixzzzORG",2023-12-25T08:33:58+00:00,,,
61454,krazzzzysam,https://t.me/krazzzzysam,guns gulabo,2023-12-25T05:05:49+00:00,,,
61422,krazzzzysam,https://t.me/krazzzzysam,https://t.me/+luV-akN5cvtkZTg1,2023-12-24T19:08:34+00:00,,,
61421,krazzzzysam,https://t.me/krazzzzysam,https://t.me/+luV-akN5cvtkZTg1,2023-12-24T19:08:14+00:00,,,
61332,krazzzzysam,https://t.me/krazzzzysam,"Bhai all movies working link <PERSON> dubbed👇 me available he 👇
https://t.me/movieflixzzzORG
https://t.me/movieflixzzzORG
https://t.me/movieflixzzzORG",2023-12-24T13:52:11+00:00,,,
61331,krazzzzysam,https://t.me/krazzzzysam,"Bhai all movies working link <PERSON> dubbed👇 me available he 👇
https://t.me/movieflixzzzORG
https://t.me/movieflixzzzORG
https://t.me/movieflixzzzORG",2023-12-24T13:52:07+00:00,,,
61330,krazzzzysam,https://t.me/krazzzzysam,"Bhai all movies working link <PERSON> dubbed👇 me available he 👇
https://t.me/movieflixzzzORG
https://t.me/movieflixzzzORG
https://t.me/movieflixzzzORG",2023-12-24T13:52:02+00:00,,,
61329,krazzzzysam,https://t.me/krazzzzysam,"Bhai all movies working link <PERSON> dubbed👇 me available he 👇
https://t.me/movieflixzzzORG
https://t.me/movieflixzzzORG
https://t.me/movieflixzzzORG",2023-12-24T13:51:57+00:00,,,
61328,krazzzzysam,https://t.me/krazzzzysam,"Bhai all movies working link <PERSON> dubbed👇 me available he 👇
https://t.me/movieflixzzzORG
https://t.me/movieflixzzzORG
https://t.me/movieflixzzzORG",2023-12-24T13:51:53+00:00,,,
61327,krazzzzysam,https://t.me/krazzzzysam,"Bhai all movies working link <PERSON> dubbed👇 me available he 👇
https://t.me/movieflixzzzORG
https://t.me/movieflixzzzORG
https://t.me/movieflixzzzORG",2023-12-24T13:51:47+00:00,,,
61326,krazzzzysam,https://t.me/krazzzzysam,"Bhai all movies working link <PERSON> dubbed👇 me available he 👇
https://t.me/movieflixzzzORG
https://t.me/movieflixzzzORG
https://t.me/movieflixzzzORG",2023-12-24T13:51:40+00:00,,,
61325,krazzzzysam,https://t.me/krazzzzysam,"Bhai all movies working link <PERSON> dubbed👇 me available he 👇
https://t.me/movieflixzzzORG
https://t.me/movieflixzzzORG
https://t.me/movieflixzzzORG",2023-12-24T13:51:29+00:00,,,
61324,krazzzzysam,https://t.me/krazzzzysam,"Bhai all movies working link <PERSON> dubbed👇 me available he 👇
https://t.me/movieflixzzzORG
https://t.me/movieflixzzzORG
https://t.me/movieflixzzzORG",2023-12-24T13:51:26+00:00,,,
61323,krazzzzysam,https://t.me/krazzzzysam,"Bhai all movies working link <PERSON> dubbed👇 me available he 👇
https://t.me/movieflixzzzORG
https://t.me/movieflixzzzORG
https://t.me/movieflixzzzORG",2023-12-24T13:51:10+00:00,,,
61273,krazzzzysam,https://t.me/krazzzzysam,Hi,2023-12-24T10:42:13+00:00,,,
61169,krazzzzysam,https://t.me/krazzzzysam,"<PERSON> click and join 👇


https://t.me/+TEFklpgzrN1iNGRl",2023-12-23T18:30:38+00:00,,,
61167,krazzzzysam,https://t.me/krazzzzysam,"Donwload all movies click and join 👇

https://t.me/+TEFklpgzrN1iNGRl",2023-12-23T18:29:52+00:00,,,
61132,krazzzzysam,https://t.me/krazzzzysam,Ok sir,2023-12-23T16:11:32+00:00,,,
61131,krazzzzysam,https://t.me/krazzzzysam,https://t.me/Utsavfilm,2023-12-23T16:10:51+00:00,,,
61130,krazzzzysam,https://t.me/krazzzzysam,https://t.me/Utsavfilm,2023-12-23T16:10:39+00:00,,,
61124,krazzzzysam,https://t.me/krazzzzysam,all movie in Google Drive,2023-12-23T15:47:42+00:00,,,
61123,krazzzzysam,https://t.me/krazzzzysam,,2023-12-23T15:47:32+00:00,,,
61122,krazzzzysam,https://t.me/krazzzzysam,https://t.me/nlmoviedownloadc/162,2023-12-23T15:47:28+00:00,,,
61120,krazzzzysam,https://t.me/krazzzzysam,<PERSON>,2023-12-23T15:15:02+00:00,,,
61119,krazzzzysam,https://t.me/krazzzzysam,<PERSON> video opan hati he yr,2023-12-23T15:14:55+00:00,,,
61118,krazzzzysam,https://t.me/krazzzzysam,<PERSON> movie dalo,2023-12-23T15:02:15+00:00,,,
61114,krazzzzysam,https://t.me/krazzzzysam,Your do good 👍 keep growing,2023-12-23T14:30:21+00:00,,,
61113,krazzzzysam,https://t.me/krazzzzysam,Muvie da do,2023-12-23T14:29:47+00:00,,,
61112,krazzzzysam,https://t.me/krazzzzysam,Bhai,2023-12-23T14:29:35+00:00,,,
61105,krazzzzysam,https://t.me/krazzzzysam,Aquaman 2 ..,2023-12-23T13:58:24+00:00,,,
61101,krazzzzysam,https://t.me/krazzzzysam,Hiisn,2023-12-23T13:33:56+00:00,,,
61098,krazzzzysam,https://t.me/krazzzzysam,Whole movies available in pikashow apps,2023-12-23T13:25:39+00:00,,,
61049,krazzzzysam,https://t.me/krazzzzysam,Sir,2023-12-23T11:44:01+00:00,,,
61048,krazzzzysam,https://t.me/krazzzzysam,Download kaise karu sur,2023-12-23T11:43:59+00:00,,,
61044,krazzzzysam,https://t.me/krazzzzysam,Thank you sir,2023-12-23T11:31:08+00:00,,,
61043,krazzzzysam,https://t.me/krazzzzysam,<PERSON> sir,2023-12-23T11:30:48+00:00,,,
61025,krazzzzysam,https://t.me/krazzzzysam,<PERSON> movie chahiye sir,2023-12-23T09:23:06+00:00,,,
61014,krazzzzysam,https://t.me/krazzzzysam,<PERSON>,2023-12-23T07:50:44+00:00,,,
