id,Channel ID,URL,message,date,views,forwards,reactions
539,krazzzzysam,https://t.me/krazzzzysam,"Føu₹$ome 2023 Movie Download link here 👇👇

  • 480p 👇
   https://ziplinker.net/ofDxTx

  • 720p 👇
    https://ziplinker.net/IvYX
_ _ _ _ _ _ _ _ _ _ _ _ _ _ _ _ _ _

Movie ke bare me iss reel me btaya <PERSON>
https://www.instagram.com/reel/C2z4kaEv2zR/?igsh=MWduNXZrNzYyYzZ4aA==

        ⚠️ IMPORTANT ⚠️

• Jisko Download Karne Mai Problem Ho wo ye
   wali video dekhlo 👇👇

https://t.me/KrazzzzySam/471

agr ad blocker show <PERSON> to phone ki settings me jakr private DNS off <PERSON> download <PERSON>",2024-02-02T14:43:21+00:00,329338.0,1320.0,"👍: 398, ❤: 43, 😁: 12, 🔥: 10, 👏: 8, 👎: 4, 🥰: 4, 🤔: 4"
86589,krazzzzysam,https://t.me/krazzzzysam,https://nba03.com/?id=92776600&currency=INR&type=2,2024-06-20T18:28:56+00:00,,,
86239,krazzzzysam,https://t.me/krazzzzysam,Yes…,2024-06-15T18:44:31+00:00,,,
83877,krazzzzysam,https://t.me/krazzzzysam,<PERSON> do <PERSON> j movie,2024-05-25T13:58:31+00:00,,,
83095,krazzzzysam,https://t.me/krazzzzysam,Hi,2024-05-13T15:06:25+00:00,,,
83090,krazzzzysam,https://t.me/krazzzzysam,Download <PERSON> he,2024-05-13T14:21:16+00:00,,,
82998,krazzzzysam,https://t.me/krazzzzysam,<NRP> movie <PERSON> chalu <PERSON> link <PERSON>,2024-05-11T22:02:28+00:00,,,
82474,krazzzzysam,https://t.me/krazzzzysam,Video download na <PERSON> h,2024-05-07T01:33:29+00:00,,,
82318,krazzzzysam,https://t.me/krazzzzysam,Hi,2024-05-04T05:12:17+00:00,,,
81175,krazzzzysam,https://t.me/krazzzzysam,Nhi download <PERSON>,2024-04-22T08:58:28+00:00,,,👍: 1
80720,krazzzzysam,https://t.me/krazzzzysam,FOURSOME movie Hindi 2023,2024-04-19T02:57:45+00:00,,,
80719,krazzzzysam,https://t.me/krazzzzysam,FOURSOME movie Hindi,2024-04-19T02:57:05+00:00,,,
80327,krazzzzysam,https://t.me/krazzzzysam,Jhkaas,2024-04-16T01:35:39+00:00,,,
77974,krazzzzysam,https://t.me/krazzzzysam,Iphone me <PERSON>,2024-03-28T11:02:42+00:00,,,
77882,krazzzzysam,https://t.me/krazzzzysam,"https://t.me/+xeMVsKTeA_A4MGZl
https://t.me/+xeMVsKTeA_A4MGZl
https://t.me/+xeMVsKTeA_A4MGZl
https://t.me/+xeMVsKTeA_A4MGZl
https://t.me/+xeMVsKTeA_A4MGZl
https://t.me/+xeMVsKTeA_A4MGZl
https://t.me/+xeMVsKTeA_A4MGZl
https://t.me/+xeMVsKTeA_A4MGZl
https://t.me/+xeMVsKTeA_A4MGZl
https://t.me/+xeMVsKTeA_A4MGZl
https://t.me/+xeMVsKTeA_A4MGZl
https://t.me/+xeMVsKTeA_A4MGZl
https://t.me/+xeMVsKTeA_A4MGZl
https://t.me/+xeMVsKTeA_A4MGZl
https://t.me/+xeMVsKTeA_A4MGZl
https://t.me/+xeMVsKTeA_A4MGZl
https://t.me/+xeMVsKTeA_A4MGZl
https://t.me/+xeMVsKTeA_A4MGZl
https://t.me/+xeMVsKTeA_A4MGZl
https://t.me/+xeMVsKTeA_A4MGZl
https://t.me/+xeMVsKTeA_A4MGZl
https://t.me/+xeMVsKTeA_A4MGZl
https://t.me/+xeMVsKTeA_A4MGZl
https://t.me/+xeMVsKTeA_A4MGZl
https://t.me/+xeMVsKTeA_A4MGZl
https://t.me/+xeMVsKTeA_A4MGZl
https://t.me/+xeMVsKTeA_A4MGZl
https://t.me/+xeMVsKTeA_A4MGZl
https://t.me/+xeMVsKTeA_A4MGZl
https://t.me/+xeMVsKTeA_A4MGZl
https://t.me/+xeMVsKTeA_A4MGZl
https://t.me/+xeMVsKTeA_A4MGZl
https://t.me/+xeMVsKTeA_A4MGZl
https://t.me/+xeMVsKTeA_A4MGZl
https://t.me/+xeMVsKTeA_A4MGZl
https://t.me/+xeMVsKTeA_A4MGZl
https://t.me/+xeMVsKTeA_A4MGZl
https://t.me/+xeMVsKTeA_A4MGZl
https://t.me/+xeMVsKTeA_A4MGZl
https://t.me/+xeMVsKTeA_A4MGZl
https://t.me/+xeMVsKTeA_A4MGZl
https://t.me/+xeMVsKTeA_A4MGZl
https://t.me/+xeMVsKTeA_A4MGZl
https://t.me/+xeMVsKTeA_A4MGZl
https://t.me/+xeMVsKTeA_A4MGZl
https://t.me/+xeMVsKTeA_A4MGZl
https://t.me/+xeMVsKTeA_A4MGZl
https://t.me/+xeMVsKTeA_A4MGZl
https://t.me/+xeMVsKTeA_A4MGZl
https://t.me/+xeMVsKTeA_A4MGZl
https://t.me/+xeMVsKTeA_A4MGZl
https://t.me/+xeMVsKTeA_A4MGZl
https://t.me/+xeMVsKTeA_A4MGZl
https://t.me/+xeMVsKTeA_A4MGZl
https://t.me/+xeMVsKTeA_A4MGZl
https://t.me/+xeMVsKTeA_A4MGZl
https://t.me/+xeMVsKTeA_A4MGZl
https://t.me/+xeMVsKTeA_A4MGZl
https://t.me/+xeMVsKTeA_A4MGZl
https://t.me/+xeMVsKTeA_A4MGZl
https://t.me/+xeMVsKTeA_A4MGZl
https://t.me/+xeMVsKTeA_A4MGZl
https://t.me/+xeMVsKTeA_A4MGZl
https://t.me/+xeMVsKTeA_A4MGZl
https://t.me/+xeMVsKTeA_A4MGZl
https://t.me/+xeMVsKTeA_A4MGZl
https://t.me/+xeMVsKTeA_A4MGZl
https://t.me/+xeMVsKTeA_A4MGZl
https://t.me/+xeMVsKTeA_A4MGZl
https://t.me/+xeMVsKTeA_A4MGZl
https://t.me/+xeMVsKTeA_A4MGZl
https://t.me/+xeMVsKTeA_A4MGZl
https://t.me/+xeMVsKTeA_A4MGZl
https://t.me/+xeMVsKTeA_A4MGZl
https://t.me/+xeMVsKTeA_A4MGZl
https://t.me/+xeMVsKTeA_A4MGZl
https://t.me/+xeMVsKTeA_A4MGZl
https://t.me/+xeMVsKTeA_A4MGZl
https://t.me/+xeMVsKTeA_A4MGZl
https://t.me/+xeMVsKTeA_A4MGZl
https://t.me/+xeMVsKTeA_A4MGZl
https://t.me/+xeMVsKTeA_A4MGZl
https://t.me/+xeMVsKTeA_A4MGZl
https://t.me/+xeMVsKTeA_A4MGZl
https://t.me/+xeMVsKTeA_A4MGZl
https://t.me/+xeMVsKTeA_A4MGZl
https://t.me/+xeMVsKTeA_A4MGZl
https://t.me/+xeMVsKTeA_A4MGZl
https://t.me/+xeMVsKTeA_A4MGZl
https://t.me/+xeMVsKTeA_A4MGZl
https://t.me/+xeMVsKTeA_A4MGZl
https://t.me/+xeMVsKTeA_A4MGZl
https://t.me/+xeMVsKTeA_A4MGZl
https://t.me/+xeMVsKTeA_A4MGZl
https://t.me/+xeMVsKTeA_A4MGZl
https://t.me/+xeMVsKTeA_A4MGZl
https://t.me/+xeMVsKTeA_A4MGZl
https://t.me/+xeMVsKTeA_A4MGZl",2024-03-27T22:56:21+00:00,,,
76315,krazzzzysam,https://t.me/krazzzzysam,Terabox link ki movie send karo,2024-03-22T18:27:32+00:00,,,
76314,krazzzzysam,https://t.me/krazzzzysam,<PERSON> movie ki link open <PERSON> he,2024-03-22T18:27:11+00:00,,,
74939,krazzzzysam,https://t.me/krazzzzysam,Download nehi <PERSON> he,2024-03-14T04:56:44+00:00,,,
74885,krazzzzysam,https://t.me/krazzzzysam,Ha,2024-03-13T11:55:16+00:00,,,
74859,krazzzzysam,https://t.me/krazzzzysam,<PERSON> meiligi,2024-03-13T05:10:24+00:00,,,
74857,krazzzzysam,https://t.me/krazzzzysam,Foursome,2024-03-13T04:54:42+00:00,,,
74319,krazzzzysam,https://t.me/krazzzzysam,Girls to buy move stand  <PERSON>,2024-03-06T19:14:53+00:00,,,
74300,krazzzzysam,https://t.me/krazzzzysam,Land of the lost,2024-03-06T11:39:02+00:00,,,
74299,krazzzzysam,https://t.me/krazzzzysam,Download <PERSON>,2024-03-06T11:38:46+00:00,,,
73903,krazzzzysam,https://t.me/krazzzzysam,Hii,2024-03-01T12:17:58+00:00,,,
73318,krazzzzysam,https://t.me/krazzzzysam,Sex,2024-02-22T16:32:56+00:00,,,
73302,krazzzzysam,https://t.me/krazzzzysam,Download nhi ho <PERSON> movie,2024-02-22T09:13:05+00:00,,,
73258,krazzzzysam,https://t.me/krazzzzysam,<PERSON> movie chahye,2024-02-21T15:21:46+00:00,,,
73239,krazzzzysam,https://t.me/krazzzzysam,Movie chaiye ye koi tho do,2024-02-21T10:34:41+00:00,,,
72935,krazzzzysam,https://t.me/krazzzzysam,You are faka this,2024-02-18T04:14:26+00:00,,,
72934,krazzzzysam,https://t.me/krazzzzysam,Faka this,2024-02-18T04:14:14+00:00,,,
72933,krazzzzysam,https://t.me/krazzzzysam,Hi,2024-02-18T04:13:59+00:00,,,
72873,krazzzzysam,https://t.me/krazzzzysam,<PERSON>,2024-02-17T14:32:26+00:00,,,
72836,krazzzzysam,https://t.me/krazzzzysam,Gaand marao bc <PERSON> movie download <PERSON>🤣,2024-02-17T09:41:39+00:00,,,
72580,krazzzzysam,https://t.me/krazzzzysam,<PERSON> link <PERSON>,2024-02-15T13:38:01+00:00,,,👍: 2
72563,krazzzzysam,https://t.me/krazzzzysam,Bro peaky blinds series Hindi me dekhna please link <PERSON>,2024-02-15T08:34:57+00:00,,,
72420,krazzzzysam,https://t.me/krazzzzysam,Hii,2024-02-13T14:06:39+00:00,,,
72221,krazzzzysam,https://t.me/krazzzzysam,<PERSON> Hindi ma download <PERSON>,2024-02-11T16:20:32+00:00,,,
72220,krazzzzysam,https://t.me/krazzzzysam,Hello bhai,2024-02-11T16:19:50+00:00,,,
71969,krazzzzysam,https://t.me/krazzzzysam,Subscribe <PERSON>,2024-02-10T03:36:50+00:00,,,
71968,krazzzzysam,https://t.me/krazzzzysam,https://www.youtube.com/@BhaijanKiTech,2024-02-10T03:36:33+00:00,,,
71957,krazzzzysam,https://t.me/krazzzzysam,Bhai,2024-02-10T03:07:33+00:00,,,
71956,krazzzzysam,https://t.me/krazzzzysam,<PERSON> ka movie send <PERSON> do,2024-02-10T03:07:30+00:00,,,
71925,krazzzzysam,https://t.me/krazzzzysam,Nice movie <NRP> or movie ka links send <PERSON>,2024-02-09T16:37:47+00:00,,,
71762,krazzzzysam,https://t.me/krazzzzysam,<PERSON>,2024-02-09T05:23:59+00:00,,,
71648,krazzzzysam,https://t.me/krazzzzysam,Hindi me nhi aa <PERSON>,2024-02-08T15:20:11+00:00,,,
71640,krazzzzysam,https://t.me/krazzzzysam,Crash course,2024-02-08T14:52:32+00:00,,,
71342,krazzzzysam,https://t.me/krazzzzysam,Hindi movie <PERSON> ha,2024-02-07T07:03:36+00:00,,,
71317,krazzzzysam,https://t.me/krazzzzysam,https://t.me/+6RkKwWpAuuM0YzY1 <PERSON> join <PERSON>,2024-02-07T03:44:42+00:00,,,
71294,krazzzzysam,https://t.me/krazzzzysam,Download <PERSON>,2024-02-06T18:08:35+00:00,,,
71285,krazzzzysam,https://t.me/krazzzzysam,Angry birds movie,2024-02-06T16:54:09+00:00,,,
71272,krazzzzysam,https://t.me/krazzzzysam,<PERSON> movies <PERSON> .,2024-02-06T15:08:13+00:00,,,
71194,krazzzzysam,https://t.me/krazzzzysam,Hindi main do bhai please please 🥺,2024-02-05T16:52:15+00:00,,,
71139,krazzzzysam,https://t.me/krazzzzysam,Nhi ho <PERSON>,2024-02-05T10:51:35+00:00,,,"❤: 2, 👍: 1"
71114,krazzzzysam,https://t.me/krazzzzysam,Hindi please no he door he,2024-02-05T05:42:44+00:00,,,❤: 1
71015,krazzzzysam,https://t.me/krazzzzysam,<PERSON> online work <PERSON>,2024-02-04T07:56:22+00:00,,,
71011,krazzzzysam,https://t.me/krazzzzysam,https://forms.gle/aJifhtufj7X4oBG48,2024-02-04T07:54:31+00:00,,,👍: 1
71010,krazzzzysam,https://t.me/krazzzzysam,https://forms.gle/aJifhtufj7X4oBG48,2024-02-04T07:54:22+00:00,,,
70927,krazzzzysam,https://t.me/krazzzzysam,Video upload karo bro,2024-02-03T16:41:04+00:00,,,👍: 1
70831,krazzzzysam,https://t.me/krazzzzysam,<PERSON> do  movie,2024-02-03T09:30:13+00:00,,,
70782,krazzzzysam,https://t.me/krazzzzysam,Hii,2024-02-03T02:24:42+00:00,,,
70737,krazzzzysam,https://t.me/krazzzzysam,Is tarah video link send karo,2024-02-02T15:36:48+00:00,,,
70721,krazzzzysam,https://t.me/krazzzzysam,Second channel <PERSON> wo real <PERSON>,2024-02-02T15:11:15+00:00,,,
70716,krazzzzysam,https://t.me/krazzzzysam,Hii,2024-02-02T14:57:16+00:00,,,
70715,krazzzzysam,https://t.me/krazzzzysam,Download nehi <PERSON> he,2024-02-02T14:47:40+00:00,,,
70714,krazzzzysam,https://t.me/krazzzzysam,🌹🌹🌹,2024-02-02T14:44:08+00:00,,,👍: 3
