id,Channel ID,URL,message,date,views,forwards,reactions
533,krazzzzysam,https://t.me/krazzzzysam,"A€e Ventu₹@ Movie all parts Hindi Dubbed Download link here 👇👇

  • Part 1 👇
   https://ziplinker.net/KU1b4

  • Part 2 👇
    https://ziplinker.net/YgEQgaZ

  • Part 3 👇
    https://ziplinker.net/hRu1Jj1
_ _ _ _ _ _ _ _ _ _ _ _ _ _ _ _ _ _

Movie ke bare me iss reel me btaya <PERSON>
https://www.instagram.com/reel/C2xOMkJLopV/?igsh=MWJibXR2Y3hvdTYzdQ==

        ⚠️ IMPORTANT ⚠️

• Jisko Download Karne Mai Problem Ho wo ye
   wali video dekhlo 👇👇

https://t.me/KrazzzzySam/471

agr ad blocker show <PERSON> to phone ki settings me jakr private DNS off <PERSON> download <PERSON>",2024-01-31T22:27:29+00:00,352522.0,332.0,"👍: 259, ❤: 25, 😢: 9, 🔥: 5, 😁: 5, 👏: 4, 🥰: 3, 🤯: 2"
84049,krazzzzysam,https://t.me/krazzzzysam,Teeno part <NRP> me hn <PERSON>,2024-05-26T14:34:12+00:00,,,
78533,krazzzzysam,https://t.me/krazzzzysam,Mast Ma thank,2024-03-31T17:54:58+00:00,,,
77883,krazzzzysam,https://t.me/krazzzzysam,"https://t.me/+xeMVsKTeA_A4MGZl
https://t.me/+xeMVsKTeA_A4MGZl
https://t.me/+xeMVsKTeA_A4MGZl
https://t.me/+xeMVsKTeA_A4MGZl
https://t.me/+xeMVsKTeA_A4MGZl
https://t.me/+xeMVsKTeA_A4MGZl
https://t.me/+xeMVsKTeA_A4MGZl
https://t.me/+xeMVsKTeA_A4MGZl
https://t.me/+xeMVsKTeA_A4MGZl
https://t.me/+xeMVsKTeA_A4MGZl
https://t.me/+xeMVsKTeA_A4MGZl
https://t.me/+xeMVsKTeA_A4MGZl
https://t.me/+xeMVsKTeA_A4MGZl
https://t.me/+xeMVsKTeA_A4MGZl
https://t.me/+xeMVsKTeA_A4MGZl
https://t.me/+xeMVsKTeA_A4MGZl
https://t.me/+xeMVsKTeA_A4MGZl
https://t.me/+xeMVsKTeA_A4MGZl
https://t.me/+xeMVsKTeA_A4MGZl
https://t.me/+xeMVsKTeA_A4MGZl
https://t.me/+xeMVsKTeA_A4MGZl
https://t.me/+xeMVsKTeA_A4MGZl
https://t.me/+xeMVsKTeA_A4MGZl
https://t.me/+xeMVsKTeA_A4MGZl
https://t.me/+xeMVsKTeA_A4MGZl
https://t.me/+xeMVsKTeA_A4MGZl
https://t.me/+xeMVsKTeA_A4MGZl
https://t.me/+xeMVsKTeA_A4MGZl
https://t.me/+xeMVsKTeA_A4MGZl
https://t.me/+xeMVsKTeA_A4MGZl
https://t.me/+xeMVsKTeA_A4MGZl
https://t.me/+xeMVsKTeA_A4MGZl
https://t.me/+xeMVsKTeA_A4MGZl
https://t.me/+xeMVsKTeA_A4MGZl
https://t.me/+xeMVsKTeA_A4MGZl
https://t.me/+xeMVsKTeA_A4MGZl
https://t.me/+xeMVsKTeA_A4MGZl
https://t.me/+xeMVsKTeA_A4MGZl
https://t.me/+xeMVsKTeA_A4MGZl
https://t.me/+xeMVsKTeA_A4MGZl
https://t.me/+xeMVsKTeA_A4MGZl
https://t.me/+xeMVsKTeA_A4MGZl
https://t.me/+xeMVsKTeA_A4MGZl
https://t.me/+xeMVsKTeA_A4MGZl
https://t.me/+xeMVsKTeA_A4MGZl
https://t.me/+xeMVsKTeA_A4MGZl
https://t.me/+xeMVsKTeA_A4MGZl
https://t.me/+xeMVsKTeA_A4MGZl
https://t.me/+xeMVsKTeA_A4MGZl
https://t.me/+xeMVsKTeA_A4MGZl
https://t.me/+xeMVsKTeA_A4MGZl
https://t.me/+xeMVsKTeA_A4MGZl
https://t.me/+xeMVsKTeA_A4MGZl
https://t.me/+xeMVsKTeA_A4MGZl
https://t.me/+xeMVsKTeA_A4MGZl
https://t.me/+xeMVsKTeA_A4MGZl
https://t.me/+xeMVsKTeA_A4MGZl
https://t.me/+xeMVsKTeA_A4MGZl
https://t.me/+xeMVsKTeA_A4MGZl
https://t.me/+xeMVsKTeA_A4MGZl
https://t.me/+xeMVsKTeA_A4MGZl
https://t.me/+xeMVsKTeA_A4MGZl
https://t.me/+xeMVsKTeA_A4MGZl
https://t.me/+xeMVsKTeA_A4MGZl
https://t.me/+xeMVsKTeA_A4MGZl
https://t.me/+xeMVsKTeA_A4MGZl
https://t.me/+xeMVsKTeA_A4MGZl
https://t.me/+xeMVsKTeA_A4MGZl
https://t.me/+xeMVsKTeA_A4MGZl
https://t.me/+xeMVsKTeA_A4MGZl
https://t.me/+xeMVsKTeA_A4MGZl
https://t.me/+xeMVsKTeA_A4MGZl
https://t.me/+xeMVsKTeA_A4MGZl
https://t.me/+xeMVsKTeA_A4MGZl
https://t.me/+xeMVsKTeA_A4MGZl
https://t.me/+xeMVsKTeA_A4MGZl
https://t.me/+xeMVsKTeA_A4MGZl
https://t.me/+xeMVsKTeA_A4MGZl
https://t.me/+xeMVsKTeA_A4MGZl
https://t.me/+xeMVsKTeA_A4MGZl
https://t.me/+xeMVsKTeA_A4MGZl
https://t.me/+xeMVsKTeA_A4MGZl
https://t.me/+xeMVsKTeA_A4MGZl
https://t.me/+xeMVsKTeA_A4MGZl
https://t.me/+xeMVsKTeA_A4MGZl
https://t.me/+xeMVsKTeA_A4MGZl
https://t.me/+xeMVsKTeA_A4MGZl
https://t.me/+xeMVsKTeA_A4MGZl
https://t.me/+xeMVsKTeA_A4MGZl
https://t.me/+xeMVsKTeA_A4MGZl
https://t.me/+xeMVsKTeA_A4MGZl
https://t.me/+xeMVsKTeA_A4MGZl
https://t.me/+xeMVsKTeA_A4MGZl
https://t.me/+xeMVsKTeA_A4MGZl
https://t.me/+xeMVsKTeA_A4MGZl
https://t.me/+xeMVsKTeA_A4MGZl
https://t.me/+xeMVsKTeA_A4MGZl
https://t.me/+xeMVsKTeA_A4MGZl",2024-03-27T22:56:29+00:00,,,
73293,krazzzzysam,https://t.me/krazzzzysam,Hi bro mene game <PERSON> the lekin usme aye nahi,2024-02-22T07:23:38+00:00,,,
71987,krazzzzysam,https://t.me/krazzzzysam,Ace Ventura pet detective is movie <PERSON> download <PERSON> is movie ka link please send <PERSON>,2024-02-10T10:11:13+00:00,,,
71986,krazzzzysam,https://t.me/krazzzzysam,Hello <PERSON> ka link send <PERSON> first second third part teenon ka,2024-02-10T10:09:13+00:00,,,
71581,krazzzzysam,https://t.me/krazzzzysam,Hi,2024-02-08T07:55:43+00:00,,,
71397,krazzzzysam,https://t.me/krazzzzysam,Movie please <PERSON> send karo Hindi me,2024-02-07T14:01:08+00:00,,,
71396,krazzzzysam,https://t.me/krazzzzysam,<PERSON>,2024-02-07T14:00:42+00:00,,,
71003,krazzzzysam,https://t.me/krazzzzysam,<NRP> movie to English me <PERSON> ..,2024-02-04T07:00:53+00:00,,,
70308,krazzzzysam,https://t.me/krazzzzysam,"The sky is pink
Movie send kro Bhai",2024-02-01T14:28:11+00:00,,,
70304,krazzzzysam,https://t.me/krazzzzysam,"bhai mere mobile me johnsa b
hi ling <PERSON> per <PERSON>",2024-02-01T14:06:54+00:00,,,
70302,krazzzzysam,https://t.me/krazzzzysam,<PERSON> mere pass hai sharing apk,2024-02-01T13:53:09+00:00,,,
70301,krazzzzysam,https://t.me/krazzzzysam,"Hii jisko online apk sharing se paise <PERSON> msg Karo personally

🤑🤑",2024-02-01T13:52:16+00:00,,,
70295,krazzzzysam,https://t.me/krazzzzysam,https://t.me/mahadev_channel_telegram,2024-02-01T12:41:00+00:00,,,
70291,krazzzzysam,https://t.me/krazzzzysam,Easy money earn tep to link and start earning🙈😊,2024-02-01T12:32:10+00:00,,,
70290,krazzzzysam,https://t.me/krazzzzysam,https://t.me/Tgbotsponsor_bot?start=<PHONE_NUMBER>,2024-02-01T12:32:04+00:00,,,
70289,krazzzzysam,https://t.me/krazzzzysam,Our na hi second <PERSON> rha haie ad wala,2024-02-01T12:30:31+00:00,,,
70287,krazzzzysam,https://t.me/krazzzzysam,Bhai mere me to ad ka option <PERSON>,2024-02-01T12:28:59+00:00,,,
70279,krazzzzysam,https://t.me/krazzzzysam,<PERSON> download,2024-02-01T11:45:21+00:00,,,
70278,krazzzzysam,https://t.me/krazzzzysam,<PERSON> course,2024-02-01T11:36:09+00:00,,,
70269,krazzzzysam,https://t.me/krazzzzysam,"I make money automatically on <PERSON> with WhatsApp and now I invite you to join. Sign up now and have a chance to earn Rs50000 per month

http://server.goshare001.com/invite/69302859",2024-02-01T09:36:17+00:00,,,
70262,krazzzzysam,https://t.me/krazzzzysam,Hii,2024-02-01T09:07:08+00:00,,,
70260,krazzzzysam,https://t.me/krazzzzysam,Movie kaise download <PERSON>,2024-02-01T08:49:15+00:00,,,
70259,krazzzzysam,https://t.me/krazzzzysam,ZHii,2024-02-01T08:48:53+00:00,,,
70258,krazzzzysam,https://t.me/krazzzzysam,App <PERSON>,2024-02-01T08:46:28+00:00,,,
70255,krazzzzysam,https://t.me/krazzzzysam,Hindi me hi <PERSON>,2024-02-01T08:32:11+00:00,,,
70254,krazzzzysam,https://t.me/krazzzzysam,<PERSON>,2024-02-01T08:31:37+00:00,,,
70253,krazzzzysam,https://t.me/krazzzzysam,<PERSON> movie chahiye,2024-02-01T08:31:05+00:00,,,
70250,krazzzzysam,https://t.me/krazzzzysam,<NRP> movie,2024-02-01T08:20:42+00:00,,,
70249,krazzzzysam,https://t.me/krazzzzysam,<NRP> saunkne,2024-02-01T08:18:28+00:00,,,
70240,krazzzzysam,https://t.me/krazzzzysam,Man’s world,2024-02-01T07:06:38+00:00,,,
70238,krazzzzysam,https://t.me/krazzzzysam,https://temu.com/u/8eIz4xeFvB8RVVUn,2024-02-01T06:57:53+00:00,,,
70233,krazzzzysam,https://t.me/krazzzzysam,Nhi hora sir,2024-02-01T06:29:49+00:00,,,
70232,krazzzzysam,https://t.me/krazzzzysam,Malina,2024-02-01T06:17:42+00:00,,,
70230,krazzzzysam,https://t.me/krazzzzysam,Hello,2024-02-01T06:04:57+00:00,,,
70229,krazzzzysam,https://t.me/krazzzzysam,Hrllo,2024-02-01T06:04:51+00:00,,,
70224,krazzzzysam,https://t.me/krazzzzysam,.,2024-02-01T06:01:01+00:00,,,
70221,krazzzzysam,https://t.me/krazzzzysam,Horror movies link,2024-02-01T05:14:43+00:00,,,
70220,krazzzzysam,https://t.me/krazzzzysam,"<PERSON> online referral apk se paisea <PERSON> to msg mi personally

🤑🤑🤑🤑",2024-02-01T05:00:01+00:00,,,
70218,krazzzzysam,https://t.me/krazzzzysam,Good news movie <PERSON> dubbed baj do bhai,2024-02-01T04:22:42+00:00,,,
70216,krazzzzysam,https://t.me/krazzzzysam,Animals movie,2024-02-01T04:16:21+00:00,,,
70205,krazzzzysam,https://t.me/krazzzzysam,Aquaman 2,2024-02-01T03:43:02+00:00,,,
70193,krazzzzysam,https://t.me/krazzzzysam,https://t.me/movieplexsj/15,2024-02-01T01:59:04+00:00,,,
70192,krazzzzysam,https://t.me/krazzzzysam,Easy money earn tep to link and start earning🙈😊,2024-02-01T01:45:12+00:00,,,
70191,krazzzzysam,https://t.me/krazzzzysam,https://t.me/Tgbotsponsor_bot?start=<PHONE_NUMBER>,2024-02-01T01:45:09+00:00,,,
70190,krazzzzysam,https://t.me/krazzzzysam,Movie kaise download <PERSON>,2024-02-01T00:27:39+00:00,,,
70186,krazzzzysam,https://t.me/krazzzzysam,Isko download kaise karen yaar,2024-01-31T23:12:49+00:00,,,
70185,krazzzzysam,https://t.me/krazzzzysam,Bhai the doll maker movie ka link do,2024-01-31T22:49:29+00:00,,,
70184,krazzzzysam,https://t.me/krazzzzysam,Ha ji,2024-01-31T22:42:23+00:00,,,
