id,Channel ID,URL,message,date,views,forwards,reactions
480,krazzzzysam,https://t.me/krazzzzysam,"Y@$høda Movie Hindi Dubbed 480p and 720p Download link here 👇👇👇👇👇

  • 480p 👇
   <PERSON>• 720p 👇
   https://ziplinker.net/YiywBRWQ
_ _ _ _ _ _ _ _ _ _ _ _ _ _ _ _ _ _ _ _ _ _ _ _ _ _ _ _ _ _ 

Movie ke bare me iss reel me btaya <PERSON>

                       ⚠️ IMPORTANT ⚠️

• Jisko Download Karne Mai Problem Ho wo ye
   wali video dekhlo 👇👇

https://t.me/KrazzzzySam/471

agr ad blocker show <PERSON> to phone ki settings me jakr private DNS off <PERSON> download <PERSON>",2023-12-27T14:01:18+00:00,316695.0,445.0,"👍: 266, ❤: 24, 🔥: 11, 😁: 9, 👎: 4, 🥰: 4, 🤯: 2, 🤩: 1, 👌: 1"
82924,krazzzzysam,https://t.me/krazzzzysam,<PERSON> he,2024-05-10T17:29:15+00:00,,,
82434,krazzzzysam,https://t.me/krazzzzysam,<NRP> movie download <PERSON> or <PERSON> oo nhi <PERSON>,2024-05-06T15:46:59+00:00,,,
69661,krazzzzysam,https://t.me/krazzzzysam,Xxx movies <PERSON>,2024-01-29T17:16:19+00:00,,,
69660,krazzzzysam,https://t.me/krazzzzysam,Hy,2024-01-29T17:15:56+00:00,,,
69624,krazzzzysam,https://t.me/krazzzzysam,"Hi
my friend
<PERSON> me movies / Web series /  TV shows  download <PERSON> to join karo mere telegram channel ko

Telegram channel name :  Tlsbro 
Link ⬇️

https://t.me/+5lkJC4v3gMM2Yjc9",2024-01-29T15:47:45+00:00,,,
66397,krazzzzysam,https://t.me/krazzzzysam,DESEJO 10 SOMBRIO,2024-01-13T19:05:06+00:00,,,
65000,krazzzzysam,https://t.me/krazzzzysam,Hii,2024-01-08T01:56:50+00:00,,,
63699,krazzzzysam,https://t.me/krazzzzysam,"Bhai full movie <PERSON> dubbed👇 me available he 👇
Sexy movies available💦💦💦
https://t.me/movieflixzzzORG
https://t.me/movieflixzzzORG
https://t.me/movieflixzzzORG",2024-01-04T09:59:29+00:00,,,
63662,krazzzzysam,https://t.me/krazzzzysam,सहेजे गए संदेश,2024-01-04T06:08:32+00:00,,,
63661,krazzzzysam,https://t.me/krazzzzysam,<PERSON> movie kaise karke dekhe,2024-01-04T06:07:03+00:00,,,
63660,krazzzzysam,https://t.me/krazzzzysam,<NRP> movie kaise karke dekhe,2024-01-04T06:06:56+00:00,,,
63038,krazzzzysam,https://t.me/krazzzzysam,"Ra100 rupees 50 video
Rs 200 rupees 150 video",2024-01-01T04:56:40+00:00,,,
63037,krazzzzysam,https://t.me/krazzzzysam,Teenage girls and boys sex videos available teenage lesbian and boy and boy,2024-01-01T04:56:35+00:00,,,
63036,krazzzzysam,https://t.me/krazzzzysam,,2024-01-01T04:56:32+00:00,,,
63035,krazzzzysam,https://t.me/krazzzzysam,,2024-01-01T04:56:32+00:00,,,
62680,krazzzzysam,https://t.me/krazzzzysam,Terabox app,2023-12-30T08:39:36+00:00,,,
62672,krazzzzysam,https://t.me/krazzzzysam,<PERSON> television movie downloading <PERSON> movie chahie movie downloading karne ka app,2023-12-30T08:25:56+00:00,,,👍: 1
62475,krazzzzysam,https://t.me/krazzzzysam,Ok,2023-12-29T08:29:47+00:00,,,
62358,krazzzzysam,https://t.me/krazzzzysam,Add me in porn,2023-12-28T23:47:07+00:00,,,
62335,krazzzzysam,https://t.me/krazzzzysam,<PERSON> to <PERSON> lao,2023-12-28T17:06:24+00:00,,,
62281,krazzzzysam,https://t.me/krazzzzysam,https://t.me/Utsavfilm,2023-12-28T11:49:20+00:00,,,
62280,krazzzzysam,https://t.me/krazzzzysam,https://t.me/Utsavfilm,2023-12-28T11:49:05+00:00,,,
62279,krazzzzysam,https://t.me/krazzzzysam,https://t.me/Utsavfilm,2023-12-28T11:48:47+00:00,,,
62278,krazzzzysam,https://t.me/krazzzzysam,https://t.me/Utsavfilm,2023-12-28T11:48:37+00:00,,,
62277,krazzzzysam,https://t.me/krazzzzysam,https://t.me/Utsavfilm,2023-12-28T11:48:27+00:00,,,
62259,krazzzzysam,https://t.me/krazzzzysam,"Bhai full movie <PERSON> dubbed👇 me available he 👇

https://t.me/movieflixzzzORG
https://t.me/movieflixzzzORG
https://t.me/movieflixzzzORG",2023-12-28T08:34:53+00:00,,,
62255,krazzzzysam,https://t.me/krazzzzysam,"Bhai full movie <PERSON> dubbed👇 me available he 👇

https://t.me/movieflixzzzORG
https://t.me/movieflixzzzORG
https://t.me/movieflixzzzORG",2023-12-28T08:23:23+00:00,,,
62254,krazzzzysam,https://t.me/krazzzzysam,"Bhai full movie <PERSON> dubbed👇 me available he 👇

https://t.me/movieflixzzzORG
https://t.me/movieflixzzzORG
https://t.me/movieflixzzzORG",2023-12-28T08:23:19+00:00,,,
62251,krazzzzysam,https://t.me/krazzzzysam,My love story with <PERSON> at level 999 movie,2023-12-28T08:03:46+00:00,,,
62226,krazzzzysam,https://t.me/krazzzzysam,<PERSON>,2023-12-28T07:19:21+00:00,,,
62217,krazzzzysam,https://t.me/krazzzzysam,"Bhai full movie <PERSON> dubbed👇 me available he 👇

https://t.me/movieflixzzzORG
https://t.me/movieflixzzzORG
https://t.me/movieflixzzzORG",2023-12-28T06:59:48+00:00,,,
62216,krazzzzysam,https://t.me/krazzzzysam,"Bhai full movie <PERSON> dubbed👇 me available he 👇

https://t.me/movieflixzzzORG
https://t.me/movieflixzzzORG
https://t.me/movieflixzzzORG",2023-12-28T06:59:42+00:00,,,
62215,krazzzzysam,https://t.me/krazzzzysam,Bro animal send karo na please bro,2023-12-28T06:55:14+00:00,,,
62212,krazzzzysam,https://t.me/krazzzzysam,Link bhjeo,2023-12-28T06:34:49+00:00,,,
62211,krazzzzysam,https://t.me/krazzzzysam,Series,2023-12-28T06:34:36+00:00,,,
62210,krazzzzysam,https://t.me/krazzzzysam,<PERSON>,2023-12-28T06:34:14+00:00,,,
62201,krazzzzysam,https://t.me/krazzzzysam,Thanks bro,2023-12-28T05:56:07+00:00,,,
62191,krazzzzysam,https://t.me/krazzzzysam,"Bhai full movie <PERSON> dubbed👇 me available he 👇

https://t.me/movieflixzzzORG
https://t.me/movieflixzzzORG
https://t.me/movieflixzzzORG",2023-12-28T04:46:05+00:00,,,
62190,krazzzzysam,https://t.me/krazzzzysam,"Bhai full movie <PERSON> dubbed👇 me available he 👇

https://t.me/movieflixzzzORG
https://t.me/movieflixzzzORG
https://t.me/movieflixzzzORG",2023-12-28T04:46:05+00:00,,,
62188,krazzzzysam,https://t.me/krazzzzysam,"Bhai full movie <PERSON> dubbed👇 me available he 👇

https://t.me/movieflixzzzORG
https://t.me/movieflixzzzORG
https://t.me/movieflixzzzORG",2023-12-28T04:37:32+00:00,,,
62187,krazzzzysam,https://t.me/krazzzzysam,"Bhai full movie <PERSON> dubbed👇 me available he 👇

https://t.me/movieflixzzzORG
https://t.me/movieflixzzzORG
https://t.me/movieflixzzzORG",2023-12-28T04:37:27+00:00,,,
62186,krazzzzysam,https://t.me/krazzzzysam,"Bhai full movie <PERSON> dubbed👇 me available he 👇

https://t.me/movieflixzzzORG
https://t.me/movieflixzzzORG
https://t.me/movieflixzzzORG",2023-12-28T04:37:17+00:00,,,
62185,krazzzzysam,https://t.me/krazzzzysam,"Bhai full movie <PERSON> dubbed👇 me available he 👇

https://t.me/movieflixzzzORG
https://t.me/movieflixzzzORG
https://t.me/movieflixzzzORG",2023-12-28T04:37:12+00:00,,,
62184,krazzzzysam,https://t.me/krazzzzysam,"Bhai full movie <PERSON> dubbed👇 me available he 👇

https://t.me/movieflixzzzORG
https://t.me/movieflixzzzORG
https://t.me/movieflixzzzORG",2023-12-28T04:37:07+00:00,,,
62181,krazzzzysam,https://t.me/krazzzzysam,HLO BHAI KISI <PERSON> PASS AGAR SALAAR MOCIE HK DE DO PLZ,2023-12-28T04:16:58+00:00,,,
62138,krazzzzysam,https://t.me/krazzzzysam,Download <PERSON>,2023-12-28T03:48:22+00:00,,,
62128,krazzzzysam,https://t.me/krazzzzysam,"<PERSON> this video on Facebook
https://www.facebook.com/share/r/TY6VmqvLEfcnmapq/?mibextid=nrip06",2023-12-27T22:29:09+00:00,,,
62125,krazzzzysam,https://t.me/krazzzzysam,Anime movie,2023-12-27T19:39:29+00:00,,,
62124,krazzzzysam,https://t.me/krazzzzysam,"Aapki Maine sari movie <PERSON> good <PERSON>,,,,,,,,,ks thank you bro s movie <PERSON> 😘😘",2023-12-27T18:55:33+00:00,,,
62123,krazzzzysam,https://t.me/krazzzzysam,<PERSON> telegram Bata de jismein movie aati ho,2023-12-27T18:54:37+00:00,,,
62122,krazzzzysam,https://t.me/krazzzzysam,<PERSON>,2023-12-27T18:54:13+00:00,,,
62121,krazzzzysam,https://t.me/krazzzzysam,Bhai use apps <PERSON> chalu <PERSON>,2023-12-27T18:35:22+00:00,,,
62110,krazzzzysam,https://t.me/krazzzzysam,<PERSON> se movie <PERSON> ye bta dijiye,2023-12-27T17:37:32+00:00,,,
62109,krazzzzysam,https://t.me/krazzzzysam,<PERSON> se movie <PERSON> ye bta dijiye,2023-12-27T17:37:29+00:00,,,
62108,krazzzzysam,https://t.me/krazzzzysam,<PERSON> se movie <PERSON> ye bta dijiye,2023-12-27T17:37:27+00:00,,,
62107,krazzzzysam,https://t.me/krazzzzysam,<PERSON> se movie <PERSON> ye bta dijiye,2023-12-27T17:37:24+00:00,,,
62106,krazzzzysam,https://t.me/krazzzzysam,<PERSON> se movie <PERSON> ye bta dijiye,2023-12-27T17:37:21+00:00,,,
62105,krazzzzysam,https://t.me/krazzzzysam,<PERSON> se movie <PERSON> ye bta dijiye,2023-12-27T17:37:18+00:00,,,
62104,krazzzzysam,https://t.me/krazzzzysam,<PERSON> se movie <PERSON> ye bta dijiye,2023-12-27T17:36:59+00:00,,,
62102,krazzzzysam,https://t.me/krazzzzysam,<PERSON> bold scene <PERSON>,2023-12-27T17:18:37+00:00,,,
62094,krazzzzysam,https://t.me/krazzzzysam,"Bhai full movie <PERSON> dubbed👇 me available he 👇

https://t.me/movieflixzzzORG
https://t.me/movieflixzzzORG
https://t.me/movieflixzzzORG",2023-12-27T16:59:06+00:00,,,
62093,krazzzzysam,https://t.me/krazzzzysam,Spider-Man,2023-12-27T16:57:46+00:00,,,
62090,krazzzzysam,https://t.me/krazzzzysam,Fɪʟᴇ: The <PERSON> (2023) 480p HEVC HDRip Hindi S01 E04] Co mkv,2023-12-27T16:45:18+00:00,,,
62084,krazzzzysam,https://t.me/krazzzzysam,"Bhai full movie <PERSON> dubbed👇 me available he 👇

https://t.me/movieflixzzzORG
https://t.me/movieflixzzzORG
https://t.me/movieflixzzzORG",2023-12-27T16:10:35+00:00,,,
62083,krazzzzysam,https://t.me/krazzzzysam,"Bhai full movie <PERSON> dubbed👇 me available he 👇
🔞🔞🔞🔞🔞🔞🔞🔞🤤🤤
https://t.me/movieflixzzzORG
https://t.me/movieflixzzzORG
https://t.me/movieflixzzzORG",2023-12-27T16:10:35+00:00,,,
62081,krazzzzysam,https://t.me/krazzzzysam,"Bhai full movie <PERSON> dubbed👇 me available he 👇

https://t.me/movieflixzzzORG
https://t.me/movieflixzzzORG
https://t.me/movieflixzzzORG",2023-12-27T15:58:09+00:00,,,❤: 1
62080,krazzzzysam,https://t.me/krazzzzysam,"Bhai full movie <PERSON> dubbed👇 me available he 👇

https://t.me/movieflixzzzORG
https://t.me/movieflixzzzORG
https://t.me/movieflixzzzORG",2023-12-27T15:57:57+00:00,,,
62079,krazzzzysam,https://t.me/krazzzzysam,"Bhai full movie <PERSON> dubbed👇 me available he 👇

https://t.me/movieflixzzzORG
https://t.me/movieflixzzzORG
https://t.me/movieflixzzzORG",2023-12-27T15:57:53+00:00,,,
62078,krazzzzysam,https://t.me/krazzzzysam,"Bhai full movie <PERSON> dubbed👇 me available he 👇

https://t.me/movieflixzzzORG
https://t.me/movieflixzzzORG
https://t.me/movieflixzzzORG",2023-12-27T15:57:48+00:00,,,
62068,krazzzzysam,https://t.me/krazzzzysam,"Bhai mere chennal pe dekh lo achhi sexy movie
https://t.me/romenticmovies",2023-12-27T14:59:42+00:00,,,
62066,krazzzzysam,https://t.me/krazzzzysam,Message me personally,2023-12-27T14:54:44+00:00,,,
62065,krazzzzysam,https://t.me/krazzzzysam,Message me personally,2023-12-27T14:54:17+00:00,,,
62064,krazzzzysam,https://t.me/krazzzzysam,Message me personally,2023-12-27T14:54:07+00:00,,,
62062,krazzzzysam,https://t.me/krazzzzysam,Bhi salar movi <PERSON>,2023-12-27T14:46:03+00:00,,,
62061,krazzzzysam,https://t.me/krazzzzysam,<PERSON>,2023-12-27T14:43:41+00:00,,,
62060,krazzzzysam,https://t.me/krazzzzysam,<PERSON> mast si sexy movie send kroo,2023-12-27T14:43:16+00:00,,,
62059,krazzzzysam,https://t.me/krazzzzysam,<NRP> movie download hone mein problem <PERSON> solution <PERSON>,2023-12-27T14:36:38+00:00,,,
62058,krazzzzysam,https://t.me/krazzzzysam,Guys I am trader <PERSON> trading <PERSON> massage <PERSON>,2023-12-27T14:19:51+00:00,,,"❤: 1, 😈: 1"
62057,krazzzzysam,https://t.me/krazzzzysam,Dunki <PERSON>,2023-12-27T14:19:24+00:00,,,❤: 1
62056,krazzzzysam,https://t.me/krazzzzysam,Bhai open <PERSON>,2023-12-27T14:18:08+00:00,,,
62054,krazzzzysam,https://t.me/krazzzzysam,She movie  ek ma awaj nhi a rhi ha,2023-12-27T14:13:40+00:00,,,
