id,Channel ID,URL,message,date,views,forwards,reactions
447,krazzzzysam,https://t.me/krazzzzysam,"Ye 10 web series <PERSON> to sach me bhot pachtaoge sari ki sari 2023 me aai thi 

<PERSON>
https://yt.openinapp.co/dmidn
https://yt.openinapp.co/dmidn

Upr click krke YouTube pr <PERSON> or apni series comment krdo <PERSON> ya <PERSON>",2023-12-09T16:12:49+00:00,238085.0,158.0,"👍: 125, ❤: 11, 🔥: 7, 👎: 6, 👌: 4, 👏: 3, 🤬: 1"
74852,krazzzzysam,https://t.me/krazzzzysam,Link,2024-03-13T03:25:04+00:00,,,
74851,krazzzzysam,https://t.me/krazzzzysam,Download,2024-03-13T03:25:03+00:00,,,
74850,krazzzzysam,https://t.me/krazzzzysam,"Class  of <DATE_TIME> session 1
College romance season 1",2024-03-13T03:24:10+00:00,,,
73726,krazzzzysam,https://t.me/krazzzzysam,https://t.me/+ePnUshLphZJhZDRl,2024-02-28T15:29:56+00:00,,,
69645,krazzzzysam,https://t.me/krazzzzysam,"Hi
my friend
<PERSON> me movies / Web series /  TV shows  download <PERSON> to join karo mere telegram channel ko

Telegram channel name :  Tlsbro 
Link ⬇️

https://t.me/+5lkJC4v3gMM2Yjc9",2024-01-29T15:56:14+00:00,,,
63515,krazzzzysam,https://t.me/krazzzzysam,"Bhai full movie <PERSON> dubbed👇 me available he 👇
Sexy movies available💦💦💦
https://t.me/movieflixzzzORG
https://t.me/movieflixzzzORG
https://t.me/movieflixzzzORG",2024-01-03T11:04:01+00:00,,,
63485,krazzzzysam,https://t.me/krazzzzysam,Koi,2024-01-03T07:11:29+00:00,,,
63484,krazzzzysam,https://t.me/krazzzzysam,<PERSON>,2024-01-03T07:11:27+00:00,,,
63483,krazzzzysam,https://t.me/krazzzzysam,Are Crash Course,2024-01-03T07:11:24+00:00,,,
61707,krazzzzysam,https://t.me/krazzzzysam,Moat wnated 2023 bejona bhai movie,2023-12-26T05:18:05+00:00,,,
61184,krazzzzysam,https://t.me/krazzzzysam,Sex life ka dono season <PERSON> brother,2023-12-23T21:14:16+00:00,,,
61177,krazzzzysam,https://t.me/krazzzzysam,Hi,2023-12-23T20:04:16+00:00,,,
60009,krazzzzysam,https://t.me/krazzzzysam,Hi,2023-12-21T08:14:32+00:00,,,
59980,krazzzzysam,https://t.me/krazzzzysam,<PERSON> बरं नाही भाऊ,2023-12-21T05:09:43+00:00,,,
59620,krazzzzysam,https://t.me/krazzzzysam,You session 4 link please,2023-12-19T01:26:07+00:00,,,
59205,krazzzzysam,https://t.me/krazzzzysam,Sex Life s2,2023-12-17T06:56:42+00:00,,,
58232,krazzzzysam,https://t.me/krazzzzysam,Thnkss,2023-12-12T13:56:56+00:00,,,
58218,krazzzzysam,https://t.me/krazzzzysam,"➡️ Join here for more viral desi videos🔞

     CHANNEL Link  ⬇️⬇️⬇️⬇️

[https://t.me/+NgcmVKaC4EU5NTQ1]
[https://t.me/+NgcmVKaC4EU5NTQ1]
[https://t.me/+NgcmVKaC4EU5NTQ1]

📱OFFICIALLY VERIFIED CHANNEL☑️",2023-12-12T09:06:22+00:00,,,
58215,krazzzzysam,https://t.me/krazzzzysam,"➡️ Join here for more new movies 

     CHANNEL Link  ⬇️⬇️⬇️⬇️

[<NRP>]
[<NRP>]
[<NRP>]

📱OFFICIALLY VERIFIED CHANNEL☑️",2023-12-12T09:06:12+00:00,,,
58191,krazzzzysam,https://t.me/krazzzzysam,<PERSON> he,2023-12-12T05:46:36+00:00,,,
58183,krazzzzysam,https://t.me/krazzzzysam,<DATE_TIME>,2023-12-12T03:15:01+00:00,,,
58182,krazzzzysam,https://t.me/krazzzzysam,The railway men webseries,2023-12-12T03:14:49+00:00,,,
58159,krazzzzysam,https://t.me/krazzzzysam,"➡️ Join here for more new web series 

     CHANNEL Link  ⬇️⬇️⬇️⬇️

[https://t.me/+ZjL8CsOKjOIxNDhl]
[https://t.me/+ZjL8CsOKjOIxNDhl]
[https://t.me/+ZjL8CsOKjOIxNDhl]

📱OFFICIALLY VERIFIED CHANNEL☑️",2023-12-12T00:41:12+00:00,,,
58158,krazzzzysam,https://t.me/krazzzzysam,"➡️ Join here for more new movies 

     CHANNEL Link  ⬇️⬇️⬇️⬇️

[<NRP>]
[<NRP>]
[<NRP>]

📱OFFICIALLY VERIFIED CHANNEL☑️",2023-12-12T00:41:08+00:00,,,
58157,krazzzzysam,https://t.me/krazzzzysam,"➡️ Join here for more viral desi videos🔞

     CHANNEL Link  ⬇️⬇️⬇️⬇️

[https://t.me/+NgcmVKaC4EU5NTQ1]
[https://t.me/+NgcmVKaC4EU5NTQ1]
[https://t.me/+NgcmVKaC4EU5NTQ1]

📱OFFICIALLY VERIFIED CHANNEL☑️",2023-12-12T00:40:58+00:00,,,
58056,krazzzzysam,https://t.me/krazzzzysam,"Movie is channel pe he bhai 👇hindi me  TERABOX LINK🔗
https://t.me/movieflixzzzORG
https://t.me/movieflixzzzORG
https://t.me/movieflixzzzORG",2023-12-11T14:26:49+00:00,,,
58055,krazzzzysam,https://t.me/krazzzzysam,"Movie is channel pe he bhai 👇hindi me  TERABOX LINK🔗
https://t.me/movieflixzzzORG
https://t.me/movieflixzzzORG
https://t.me/movieflixzzzORG",2023-12-11T14:26:44+00:00,,,
58054,krazzzzysam,https://t.me/krazzzzysam,"Movie is channel pe he bhai 👇hindi me  TERABOX LINK🔗
https://t.me/movieflixzzzORG
https://t.me/movieflixzzzORG
https://t.me/movieflixzzzORG",2023-12-11T14:26:36+00:00,,,👍: 1
58053,krazzzzysam,https://t.me/krazzzzysam,"Movie is channel pe he bhai 👇hindi me  TERABOX LINK🔗
https://t.me/movieflixzzzORG
https://t.me/movieflixzzzORG
https://t.me/movieflixzzzORG",2023-12-11T14:26:26+00:00,,,
58052,krazzzzysam,https://t.me/krazzzzysam,"Movie is channel pe he bhai 👇hindi me  TERABOX LINK🔗
https://t.me/movieflixzzzORG
https://t.me/movieflixzzzORG
https://t.me/movieflixzzzORG",2023-12-11T14:26:16+00:00,,,
58051,krazzzzysam,https://t.me/krazzzzysam,"Movie is channel pe he bhai 👇hindi me  TERABOX LINK🔗
https://t.me/movieflixzzzORG
https://t.me/movieflixzzzORG
https://t.me/movieflixzzzORG",2023-12-11T14:26:08+00:00,,,
58044,krazzzzysam,https://t.me/krazzzzysam,<PERSON> mili,2023-12-11T14:10:19+00:00,,,
58029,krazzzzysam,https://t.me/krazzzzysam,Bhai sex life s2 hindi dubbed movie please,2023-12-11T10:06:12+00:00,,,
58019,krazzzzysam,https://t.me/krazzzzysam,Download <PERSON>,2023-12-11T08:25:25+00:00,,,
58018,krazzzzysam,https://t.me/krazzzzysam,<PERSON> link do <PERSON>,2023-12-11T08:25:08+00:00,,,
58006,krazzzzysam,https://t.me/krazzzzysam,<PERSON> ka koi bekup channel <PERSON>,2023-12-11T05:08:34+00:00,,,
58002,krazzzzysam,https://t.me/krazzzzysam,<PERSON> and Georgia S1 and S2,2023-12-11T03:22:30+00:00,,,
57944,krazzzzysam,https://t.me/krazzzzysam,Nii mil rh ha <PERSON> movies <PERSON> movie ha,2023-12-10T17:34:55+00:00,,,
57934,krazzzzysam,https://t.me/krazzzzysam,"➡️ Join here for more new web series 

     CHANNEL Link  ⬇️⬇️⬇️⬇️

[https://t.me/+ZjL8CsOKjOIxNDhl]
[https://t.me/+ZjL8CsOKjOIxNDhl]
[https://t.me/+ZjL8CsOKjOIxNDhl]

📱OFFICIALLY VERIFIED CHANNEL☑️",2023-12-10T16:42:13+00:00,,,
57933,krazzzzysam,https://t.me/krazzzzysam,"➡️ Join here for more new movies 

     CHANNEL Link  ⬇️⬇️⬇️⬇️

[<NRP>]
[<NRP>]
[<NRP>]

📱OFFICIALLY VERIFIED CHANNEL☑️",2023-12-10T16:42:10+00:00,,,
57931,krazzzzysam,https://t.me/krazzzzysam,"➡️ Join here for more viral desi videos🔞

     CHANNEL Link  ⬇️⬇️⬇️⬇️

[https://t.me/+NgcmVKaC4EU5NTQ1]
[https://t.me/+NgcmVKaC4EU5NTQ1]
[https://t.me/+NgcmVKaC4EU5NTQ1]

📱OFFICIALLY VERIFIED CHANNEL☑️",2023-12-10T16:42:05+00:00,,,
57913,krazzzzysam,https://t.me/krazzzzysam,"<PERSON> is channel pe mil <PERSON> me 👇👇👇

https://t.me/movieflixzzzORG
https://t.me/movieflixzzzORG
https://t.me/movieflixzzzORG",2023-12-10T16:24:05+00:00,,,
57911,krazzzzysam,https://t.me/krazzzzysam,"<PERSON> is channel pe mil <PERSON> me 👇👇👇

https://t.me/movieflixzzzORG
https://t.me/movieflixzzzORG
https://t.me/movieflixzzzORG",2023-12-10T16:24:02+00:00,,,
57909,krazzzzysam,https://t.me/krazzzzysam,"<PERSON> is channel pe mil <PERSON> me 👇👇👇

https://t.me/movieflixzzzORG
https://t.me/movieflixzzzORG
https://t.me/movieflixzzzORG",2023-12-10T16:23:58+00:00,,,
57907,krazzzzysam,https://t.me/krazzzzysam,"<PERSON> is channel pe mil <PERSON> me 👇👇👇

https://t.me/movieflixzzzORG
https://t.me/movieflixzzzORG
https://t.me/movieflixzzzORG",2023-12-10T16:23:50+00:00,,,
57906,krazzzzysam,https://t.me/krazzzzysam,"<PERSON> is channel pe mil <PERSON> me 👇👇👇

https://t.me/movieflixzzzORG
https://t.me/movieflixzzzORG
https://t.me/movieflixzzzORG",2023-12-10T16:23:41+00:00,,,
57905,krazzzzysam,https://t.me/krazzzzysam,"<PERSON> is channel pe mil <PERSON> me 👇👇👇

https://t.me/movieflixzzzORG
https://t.me/movieflixzzzORG
https://t.me/movieflixzzzORG",2023-12-10T16:23:32+00:00,,,
57904,krazzzzysam,https://t.me/krazzzzysam,"<PERSON> is channel pe mil <PERSON> me 👇👇👇

https://t.me/movieflixzzzORG
https://t.me/movieflixzzzORG
https://t.me/movieflixzzzORG",2023-12-10T16:23:26+00:00,,,
57903,krazzzzysam,https://t.me/krazzzzysam,"<PERSON> is channel pe mil <PERSON> me 👇👇👇

https://t.me/movieflixzzzORG
https://t.me/movieflixzzzORG
https://t.me/movieflixzzzORG",2023-12-10T16:23:13+00:00,,,
57902,krazzzzysam,https://t.me/krazzzzysam,"<PERSON> is channel pe mil <PERSON> me 👇👇👇

https://t.me/movieflixzzzORG
https://t.me/movieflixzzzORG
https://t.me/movieflixzzzORG",2023-12-10T16:23:04+00:00,,,
57901,krazzzzysam,https://t.me/krazzzzysam,"<PERSON> is channel pe mil <PERSON> me 👇👇👇

https://t.me/movieflixzzzORG
https://t.me/movieflixzzzORG
https://t.me/movieflixzzzORG",2023-12-10T16:22:56+00:00,,,
57899,krazzzzysam,https://t.me/krazzzzysam,"<PERSON> is channel pe mil <PERSON> me 👇👇👇

https://t.me/movieflixzzzORG
https://t.me/movieflixzzzORG
https://t.me/movieflixzzzORG",2023-12-10T16:22:40+00:00,,,
57898,krazzzzysam,https://t.me/krazzzzysam,"<PERSON> is channel pe mil <PERSON> me 👇👇👇

https://t.me/movieflixzzzORG
https://t.me/movieflixzzzORG
https://t.me/movieflixzzzORG",2023-12-10T16:22:35+00:00,,,
57897,krazzzzysam,https://t.me/krazzzzysam,"<PERSON> is channel pe mil <PERSON> me 👇👇👇

https://t.me/movieflixzzzORG
https://t.me/movieflixzzzORG
https://t.me/movieflixzzzORG",2023-12-10T16:22:28+00:00,,,
57896,krazzzzysam,https://t.me/krazzzzysam,"<PERSON> is channel pe mil <PERSON> me 👇👇👇

https://t.me/movieflixzzzORG
https://t.me/movieflixzzzORG
https://t.me/movieflixzzzORG",2023-12-10T16:22:24+00:00,,,
57895,krazzzzysam,https://t.me/krazzzzysam,"<PERSON> is channel pe mil <PERSON> me 👇👇👇

https://t.me/movieflixzzzORG
https://t.me/movieflixzzzORG
https://t.me/movieflixzzzORG",2023-12-10T16:22:20+00:00,,,
57894,krazzzzysam,https://t.me/krazzzzysam,"<PERSON> is channel pe mil <PERSON> me 👇👇👇

https://t.me/movieflixzzzORG
https://t.me/movieflixzzzORG
https://t.me/movieflixzzzORG",2023-12-10T16:22:15+00:00,,,
57893,krazzzzysam,https://t.me/krazzzzysam,"<PERSON> is channel pe mil <PERSON> me 👇👇👇

https://t.me/movieflixzzzORG
https://t.me/movieflixzzzORG
https://t.me/movieflixzzzORG",2023-12-10T16:22:10+00:00,,,
57892,krazzzzysam,https://t.me/krazzzzysam,"<PERSON> is channel pe mil <PERSON> me 👇👇👇

https://t.me/movieflixzzzORG
https://t.me/movieflixzzzORG
https://t.me/movieflixzzzORG",2023-12-10T16:22:05+00:00,,,
57891,krazzzzysam,https://t.me/krazzzzysam,"<PERSON> is channel pe mil <PERSON> me 👇👇👇

https://t.me/movieflixzzzORG
https://t.me/movieflixzzzORG
https://t.me/movieflixzzzORG",2023-12-10T16:22:00+00:00,,,
57890,krazzzzysam,https://t.me/krazzzzysam,"<PERSON> is channel pe mil <PERSON> me 👇👇👇

https://t.me/movieflixzzzORG
https://t.me/movieflixzzzORG
https://t.me/movieflixzzzORG",2023-12-10T16:21:56+00:00,,,
57875,krazzzzysam,https://t.me/krazzzzysam,Fair paly movie,2023-12-10T15:49:20+00:00,,,
57869,krazzzzysam,https://t.me/krazzzzysam,Animal movie 🥺,2023-12-10T14:52:04+00:00,,,
57867,krazzzzysam,https://t.me/krazzzzysam,Sex life,2023-12-10T14:19:10+00:00,,,
57865,krazzzzysam,https://t.me/krazzzzysam,Ye movie do bro HD mai,2023-12-10T14:06:03+00:00,,,
57848,krazzzzysam,https://t.me/krazzzzysam,https://t.me/viral_indian_leaked_mms_video_xx/8,2023-12-10T11:24:40+00:00,,,
57844,krazzzzysam,https://t.me/krazzzzysam,"➡️ Join here for more viral desi videos🔞

     CHANNEL Link  ⬇️⬇️⬇️⬇️

[https://t.me/+NgcmVKaC4EU5NTQ1]
[https://t.me/+NgcmVKaC4EU5NTQ1]
[https://t.me/+NgcmVKaC4EU5NTQ1]

📱OFFICIALLY VERIFIED CHANNEL☑️",2023-12-10T10:55:11+00:00,,,
57841,krazzzzysam,https://t.me/krazzzzysam,<PERSON> to,2023-12-10T10:43:53+00:00,,,
57840,krazzzzysam,https://t.me/krazzzzysam,The tireless efforts a mother movie link Hindi,2023-12-10T09:48:31+00:00,,,
57838,krazzzzysam,https://t.me/krazzzzysam,<PERSON> sis ka link do,2023-12-10T09:10:50+00:00,,,
57837,krazzzzysam,https://t.me/krazzzzysam,<PERSON> sis ka link do,2023-12-10T09:10:48+00:00,,,
57836,krazzzzysam,https://t.me/krazzzzysam,<PERSON> sis ka link do,2023-12-10T09:10:46+00:00,,,
57835,krazzzzysam,https://t.me/krazzzzysam,<PERSON> sis ka link do,2023-12-10T09:10:43+00:00,,,
57834,krazzzzysam,https://t.me/krazzzzysam,<PERSON> sis ka link do,2023-12-10T09:10:41+00:00,,,
57833,krazzzzysam,https://t.me/krazzzzysam,<PERSON> sis ka link do,2023-12-10T09:10:39+00:00,,,
57832,krazzzzysam,https://t.me/krazzzzysam,<PERSON> sis ka link do,2023-12-10T09:10:37+00:00,,,
57831,krazzzzysam,https://t.me/krazzzzysam,<PERSON> sis ka link do,2023-12-10T09:10:34+00:00,,,
57830,krazzzzysam,https://t.me/krazzzzysam,<PERSON> sis ka link do,2023-12-10T09:10:32+00:00,,,
57829,krazzzzysam,https://t.me/krazzzzysam,<PERSON> sis ka link do,2023-12-10T09:10:29+00:00,,,
57828,krazzzzysam,https://t.me/krazzzzysam,<PERSON> sis ka link do,2023-12-10T09:10:27+00:00,,,
57819,krazzzzysam,https://t.me/krazzzzysam,"➡️ Join here for more viral desi videos🔞

     CHANNEL Link  ⬇️⬇️⬇️⬇️

[https://t.me/+NgcmVKaC4EU5NTQ1]
[https://t.me/+NgcmVKaC4EU5NTQ1]
[https://t.me/+NgcmVKaC4EU5NTQ1]

📱OFFICIALLY VERIFIED CHANNEL☑️",2023-12-10T08:52:51+00:00,,,
57817,krazzzzysam,https://t.me/krazzzzysam,"➡️ Join here for more new movies 

     CHANNEL Link  ⬇️⬇️⬇️⬇️

[<NRP>]
[<NRP>]
[<NRP>]

📱OFFICIALLY VERIFIED CHANNEL☑️",2023-12-10T08:34:54+00:00,,,
57811,krazzzzysam,https://t.me/krazzzzysam,new movie link https://t.me/bollywood345,2023-12-10T08:24:16+00:00,,,
57810,krazzzzysam,https://t.me/krazzzzysam,Yah movie ka link do bhai,2023-12-10T08:22:55+00:00,,,
57809,krazzzzysam,https://t.me/krazzzzysam,SHF OF MY SHE'S LEAGUE,2023-12-10T08:22:47+00:00,,,
57808,krazzzzysam,https://t.me/krazzzzysam,,2023-12-10T08:14:38+00:00,,,👍: 1
57807,krazzzzysam,https://t.me/krazzzzysam,<NRP>,2023-12-10T08:14:20+00:00,,,
57806,krazzzzysam,https://t.me/krazzzzysam,The Married women bejo,2023-12-10T08:10:52+00:00,,,
57805,krazzzzysam,https://t.me/krazzzzysam,Animal movie ha ling,2023-12-10T07:45:30+00:00,,,
57800,krazzzzysam,https://t.me/krazzzzysam,My channel  :- https://youtu.be/K3jkfwe6FdA?si=GplAybVxjLj-CEWP,2023-12-10T06:24:36+00:00,,,
57792,krazzzzysam,https://t.me/krazzzzysam,Animal Movie on      😎 https://t.me/bollywood345,2023-12-10T05:01:06+00:00,,,
57790,krazzzzysam,https://t.me/krazzzzysam,"➡️ Join here for more new movies 

     CHANNEL Link  ⬇️⬇️⬇️⬇️

[<NRP>]
[<NRP>]
[<NRP>]

📱OFFICIALLY VERIFIED CHANNEL☑️",2023-12-10T04:46:56+00:00,,,
57789,krazzzzysam,https://t.me/krazzzzysam,<PERSON> scam <DATE_TIME> <PERSON> na bhai,2023-12-10T04:31:07+00:00,,,
57783,krazzzzysam,https://t.me/krazzzzysam,Series link bheyjo,2023-12-10T03:41:45+00:00,,,
57782,krazzzzysam,https://t.me/krazzzzysam,,2023-12-10T03:30:22+00:00,,,
57779,krazzzzysam,https://t.me/krazzzzysam,"Animal movie on 
https://t.me/bollywood345",2023-12-10T02:24:59+00:00,,,
57776,krazzzzysam,https://t.me/krazzzzysam,Animal movie yar,2023-12-09T19:38:42+00:00,,,
57773,krazzzzysam,https://t.me/krazzzzysam,Konse app <PERSON> movie,2023-12-09T18:28:38+00:00,,,
57772,krazzzzysam,https://t.me/krazzzzysam,Please share the movie link of movie name is the girl in the <NRP>,2023-12-09T18:26:06+00:00,,,
57767,krazzzzysam,https://t.me/krazzzzysam,Beautiful desaster <NRP> link bhejo download <PERSON> he upar Jo link he us <NRP>,2023-12-09T18:01:11+00:00,,,
57765,krazzzzysam,https://t.me/krazzzzysam,<PERSON> download <PERSON>,2023-12-09T17:46:06+00:00,,,
57761,krazzzzysam,https://t.me/krazzzzysam,Most watched <DATE_TIME>,2023-12-09T17:23:38+00:00,,,
57760,krazzzzysam,https://t.me/krazzzzysam,<PERSON> download <PERSON>,2023-12-09T17:23:09+00:00,,,
57757,krazzzzysam,https://t.me/krazzzzysam,Animal ka link do <PERSON>,2023-12-09T17:03:33+00:00,,,
57755,krazzzzysam,https://t.me/krazzzzysam,Animal movie pillz 🥺💔,2023-12-09T16:52:30+00:00,,,
57751,krazzzzysam,https://t.me/krazzzzysam,Hi,2023-12-09T16:36:49+00:00,,,
57741,krazzzzysam,https://t.me/krazzzzysam,Nhi,2023-12-09T16:14:11+00:00,,,
57740,krazzzzysam,https://t.me/krazzzzysam,Hii,2023-12-09T16:13:17+00:00,,,
