id,Channel ID,URL,message,date,views,forwards,reactions
523,krazzzzysam,https://t.me/krazzzzysam,"The B₹øthe₹$ G₹!m$by 2016 Movie Download link here 👇

  480p 👇
  https://ziplinker.net/ZrvU2k

  720p 👇
https://ziplinker.net/z21S
_ _ _ _ _ _ _ _ _ _ _ _ _ _ _ _ _ _ _

Movie ke bare me iss reel me btaya Hai ❤️
https://www.instagram.com/reel/C2U54waPTxd/?igsh=b2JmbWc1dTZhZGg4

        ⚠️ IMPORTANT ⚠️

• Jisko Download Karne Mai Problem Ho wo ye
   wali video dekhlo 👇👇

https://t.me/KrazzzzySam/471

agr ad blocker show <PERSON> to phone ki settings me jakr private DNS off <PERSON> download <PERSON>",2024-01-24T16:21:13+00:00,298836.0,714.0,"👍: 310, ❤: 34, 👎: 33, 🥰: 15, 😁: 12, 🔥: 11, 💩: 9, 👏: 4, 🙏: 4, 😱: 3"
77890,krazzzzysam,https://t.me/krazzzzysam,"https://t.me/+hpaxhpszkrY3YWVl
https://t.me/+hpaxhpszkrY3YWVl
https://t.me/+hpaxhpszkrY3YWVl
https://t.me/+hpaxhpszkrY3YWVl
https://t.me/+hpaxhpszkrY3YWVl
https://t.me/+hpaxhpszkrY3YWVl
https://t.me/+hpaxhpszkrY3YWVl
https://t.me/+hpaxhpszkrY3YWVl
https://t.me/+hpaxhpszkrY3YWVl
https://t.me/+hpaxhpszkrY3YWVl
https://t.me/+hpaxhpszkrY3YWVl
https://t.me/+hpaxhpszkrY3YWVl
https://t.me/+hpaxhpszkrY3YWVl
https://t.me/+hpaxhpszkrY3YWVl
https://t.me/+hpaxhpszkrY3YWVl
https://t.me/+hpaxhpszkrY3YWVl
https://t.me/+hpaxhpszkrY3YWVl
https://t.me/+hpaxhpszkrY3YWVl
https://t.me/+hpaxhpszkrY3YWVl
https://t.me/+hpaxhpszkrY3YWVl
https://t.me/+hpaxhpszkrY3YWVl
https://t.me/+hpaxhpszkrY3YWVl
https://t.me/+hpaxhpszkrY3YWVl
https://t.me/+hpaxhpszkrY3YWVl
https://t.me/+hpaxhpszkrY3YWVl
https://t.me/+hpaxhpszkrY3YWVl
https://t.me/+hpaxhpszkrY3YWVl
https://t.me/+hpaxhpszkrY3YWVl
https://t.me/+hpaxhpszkrY3YWVl
https://t.me/+hpaxhpszkrY3YWVl
https://t.me/+hpaxhpszkrY3YWVl
https://t.me/+hpaxhpszkrY3YWVl
https://t.me/+hpaxhpszkrY3YWVl
https://t.me/+hpaxhpszkrY3YWVl
https://t.me/+hpaxhpszkrY3YWVl
https://t.me/+hpaxhpszkrY3YWVl
https://t.me/+hpaxhpszkrY3YWVl
https://t.me/+hpaxhpszkrY3YWVl
https://t.me/+hpaxhpszkrY3YWVl
https://t.me/+hpaxhpszkrY3YWVl
https://t.me/+hpaxhpszkrY3YWVl
https://t.me/+hpaxhpszkrY3YWVl
https://t.me/+hpaxhpszkrY3YWVl
https://t.me/+hpaxhpszkrY3YWVl
https://t.me/+hpaxhpszkrY3YWVl
https://t.me/+hpaxhpszkrY3YWVl
https://t.me/+hpaxhpszkrY3YWVl
https://t.me/+hpaxhpszkrY3YWVl
https://t.me/+hpaxhpszkrY3YWVl
https://t.me/+hpaxhpszkrY3YWVl
https://t.me/+hpaxhpszkrY3YWVl
https://t.me/+hpaxhpszkrY3YWVl
https://t.me/+hpaxhpszkrY3YWVl
https://t.me/+hpaxhpszkrY3YWVl
https://t.me/+hpaxhpszkrY3YWVl
https://t.me/+hpaxhpszkrY3YWVl
https://t.me/+hpaxhpszkrY3YWVl
https://t.me/+hpaxhpszkrY3YWVl
https://t.me/+hpaxhpszkrY3YWVl
https://t.me/+hpaxhpszkrY3YWVl
https://t.me/+hpaxhpszkrY3YWVl
https://t.me/+hpaxhpszkrY3YWVl
https://t.me/+hpaxhpszkrY3YWVl
https://t.me/+hpaxhpszkrY3YWVl
https://t.me/+hpaxhpszkrY3YWVl
https://t.me/+hpaxhpszkrY3YWVl
https://t.me/+hpaxhpszkrY3YWVl
https://t.me/+hpaxhpszkrY3YWVl
https://t.me/+hpaxhpszkrY3YWVl
https://t.me/+hpaxhpszkrY3YWVl
https://t.me/+hpaxhpszkrY3YWVl
https://t.me/+hpaxhpszkrY3YWVl
https://t.me/+hpaxhpszkrY3YWVl
https://t.me/+hpaxhpszkrY3YWVl
https://t.me/+hpaxhpszkrY3YWVl
https://t.me/+hpaxhpszkrY3YWVl
https://t.me/+hpaxhpszkrY3YWVl
https://t.me/+hpaxhpszkrY3YWVl
https://t.me/+hpaxhpszkrY3YWVl
https://t.me/+hpaxhpszkrY3YWVl
https://t.me/+hpaxhpszkrY3YWVl",2024-03-27T22:57:43+00:00,,,
73273,krazzzzysam,https://t.me/krazzzzysam,<PERSON> ⛑️ AIDS <PERSON> 😁,2024-02-21T17:23:16+00:00,,,
72513,krazzzzysam,https://t.me/krazzzzysam,The brothers <PERSON>,2024-02-14T16:59:26+00:00,,,
72219,krazzzzysam,https://t.me/krazzzzysam,Hlo,2024-02-11T16:16:01+00:00,,,
72167,krazzzzysam,https://t.me/krazzzzysam,Hindi dubbed movie,2024-02-11T06:41:15+00:00,,,👍: 1
71311,krazzzzysam,https://t.me/krazzzzysam,https://www.instagram.com/reel/C2q-dZHyV8I/?igsh=MzY1NDJmNzMyNQ==,2024-02-06T19:00:06+00:00,,,
71310,krazzzzysam,https://t.me/krazzzzysam,<PERSON> like <PERSON> comment,2024-02-06T18:59:10+00:00,,,
71309,krazzzzysam,https://t.me/krazzzzysam,Channel per jakar voice follow karo na,2024-02-06T18:58:53+00:00,,,
71308,krazzzzysam,https://t.me/krazzzzysam,Hi,2024-02-06T18:58:44+00:00,,,
71307,krazzzzysam,https://t.me/krazzzzysam,https://youtube.com/@user-gp1td1fq4o?si=7pO6WPlB4Q8mpYqd,2024-02-06T18:58:40+00:00,,,
71306,krazzzzysam,https://t.me/krazzzzysam,https://youtube.com/@user-gp1td1fq4o?si=7pO6WPlB4Q8mpYqd,2024-02-06T18:58:34+00:00,,,
71253,krazzzzysam,https://t.me/krazzzzysam,<PERSON> rhi h bhai,2024-02-06T12:55:55+00:00,,,
71252,krazzzzysam,https://t.me/krazzzzysam,The brother <PERSON> movie,2024-02-06T12:55:36+00:00,,,
70976,krazzzzysam,https://t.me/krazzzzysam,Farji,2024-02-04T03:20:34+00:00,,,
70471,krazzzzysam,https://t.me/krazzzzysam,https://t.me/KrazzzzySam/523,2024-02-01T21:29:33+00:00,,,
70470,krazzzzysam,https://t.me/krazzzzysam,Hyy,2024-02-01T21:28:24+00:00,,,
70322,krazzzzysam,https://t.me/krazzzzysam,Download nhi <PERSON>,2024-02-01T14:53:31+00:00,,,
70096,krazzzzysam,https://t.me/krazzzzysam,The uncanny counter s.2,2024-01-31T14:49:42+00:00,,,👍: 1
69950,krazzzzysam,https://t.me/krazzzzysam,<PERSON> download,2024-01-31T05:09:04+00:00,,,
69834,krazzzzysam,https://t.me/krazzzzysam,Easy money earn tep to link and start earning🙈😊,2024-01-30T17:52:00+00:00,,,
69833,krazzzzysam,https://t.me/krazzzzysam,https://t.me/Tgbotsponsor_bot?start=<PHONE_NUMBER>,2024-01-30T17:51:51+00:00,,,
69599,krazzzzysam,https://t.me/krazzzzysam,"Hi
my friend
<PERSON> me movies / Web series /  TV shows  download <PERSON> to join karo mere telegram channel ko

Telegram channel name :  Tlsbro 
Link ⬇️

https://t.me/+5lkJC4v3gMM2Yjc9",2024-01-29T15:44:31+00:00,,,
69563,krazzzzysam,https://t.me/krazzzzysam,Bhai or <PERSON> movie,2024-01-29T14:36:38+00:00,,,
69419,krazzzzysam,https://t.me/krazzzzysam,All taboo movies upload karro na bro,2024-01-28T09:34:59+00:00,,,
69329,krazzzzysam,https://t.me/krazzzzysam,18+movie <PERSON>,2024-01-28T02:14:22+00:00,,,
69297,krazzzzysam,https://t.me/krazzzzysam,The brothers <PERSON>,2024-01-27T17:06:26+00:00,,,
69207,krazzzzysam,https://t.me/krazzzzysam,<PERSON> translation <PERSON>,2024-01-27T10:58:06+00:00,,,
69204,krazzzzysam,https://t.me/krazzzzysam,"<PERSON>:
<PERSON> to kya dhekha 18+ se <PERSON> 19+  dhekho  🥵🍑⬇️✅
https://t.me/flixlegend18

<PERSON> to kya dhekha 18+ se <PERSON> 19+  dhekho  🥵🍑⬇️✅
https://t.me/flixlegend18",2024-01-27T10:23:05+00:00,,,
69195,krazzzzysam,https://t.me/krazzzzysam,Pankabi srgaun,2024-01-27T06:57:13+00:00,,,
69194,krazzzzysam,https://t.me/krazzzzysam,Nigah <PERSON>,2024-01-27T06:57:08+00:00,,,
69193,krazzzzysam,https://t.me/krazzzzysam,Ye movie bhej do <PERSON>,2024-01-27T06:56:55+00:00,,,
69192,krazzzzysam,https://t.me/krazzzzysam,<PERSON>,2024-01-27T06:56:50+00:00,,,
69170,krazzzzysam,https://t.me/krazzzzysam,Hi,2024-01-27T03:18:53+00:00,,,
69128,krazzzzysam,https://t.me/krazzzzysam,"<PERSON>:
<PERSON> to kya dhekha 18+ se <PERSON> 19+  dhekho  🥵🍑⬇️✅
https://t.me/flixlegend18

<PERSON> to kya dhekha 18+ se <PERSON> 19+  dhekho  🥵🍑⬇️✅
https://t.me/flixlegend18",2024-01-26T15:51:21+00:00,,,
69090,krazzzzysam,https://t.me/krazzzzysam,Download nhi <PERSON>,2024-01-26T12:50:11+00:00,,,
69073,krazzzzysam,https://t.me/krazzzzysam,Stap brother 2,2024-01-26T10:39:47+00:00,,,
69058,krazzzzysam,https://t.me/krazzzzysam,<PERSON> download nhi hori,2024-01-26T09:02:19+00:00,,,
69053,krazzzzysam,https://t.me/krazzzzysam,Join <PERSON>,2024-01-26T08:13:30+00:00,,,
69032,krazzzzysam,https://t.me/krazzzzysam,Ya movie <PERSON> ha kya,2024-01-26T07:48:13+00:00,,,
69030,krazzzzysam,https://t.me/krazzzzysam,Hindi me krne ka option <PERSON> mega movie app me,2024-01-26T07:32:20+00:00,,,
68991,krazzzzysam,https://t.me/krazzzzysam,<PERSON>,2024-01-26T02:19:37+00:00,,,
68990,krazzzzysam,https://t.me/krazzzzysam,Download <PERSON> movie,2024-01-26T02:19:27+00:00,,,
68988,krazzzzysam,https://t.me/krazzzzysam,"<PERSON>:
<PERSON> to kya dhekha 18+ se <PERSON> 19+  dhekho  🥵🍑⬇️✅
https://t.me/flixlegend18

<PERSON> to kya dhekha 18+ se <PERSON> 19+  dhekho  🥵🍑⬇️✅
https://t.me/flixlegend18",2024-01-26T02:01:24+00:00,,,👍: 1
68978,krazzzzysam,https://t.me/krazzzzysam,Download nhi <PERSON>,2024-01-25T20:35:57+00:00,,,
68974,krazzzzysam,https://t.me/krazzzzysam,Bhai group join ha,2024-01-25T20:17:47+00:00,,,
68969,krazzzzysam,https://t.me/krazzzzysam,<PERSON> movie download <PERSON>,2024-01-25T19:46:27+00:00,,,
68968,krazzzzysam,https://t.me/krazzzzysam,<PERSON>,2024-01-25T19:34:55+00:00,,,
68966,krazzzzysam,https://t.me/krazzzzysam,Bgmi ka hack kis <PERSON> mein DM kar do,2024-01-25T18:57:20+00:00,,,👍: 1
68943,krazzzzysam,https://t.me/krazzzzysam,download nhi <PERSON>,2024-01-25T17:00:02+00:00,,,
68908,krazzzzysam,https://t.me/krazzzzysam,<PERSON> to <PERSON>,2024-01-25T14:17:49+00:00,,,
68899,krazzzzysam,https://t.me/krazzzzysam,<PERSON> download,2024-01-25T13:50:47+00:00,,,
68892,krazzzzysam,https://t.me/krazzzzysam,"<PERSON>:
<PERSON> to kya dhekha 18+ se <PERSON> 19+  dhekho  🥵🍑⬇️✅
https://t.me/flixlegend18

<PERSON> to kya dhekha 18+ se <PERSON> 19+  dhekho  🥵🍑⬇️✅
https://t.me/flixlegend18",2024-01-25T13:40:38+00:00,,,
68862,krazzzzysam,https://t.me/krazzzzysam,Series Kaise dekhegi,2024-01-25T12:52:13+00:00,,,
68861,krazzzzysam,https://t.me/krazzzzysam,Hiii sir Animal ka link <PERSON> do,2024-01-25T12:43:15+00:00,,,
68850,krazzzzysam,https://t.me/krazzzzysam,"<NRP>
<PERSON> join karo 
Win 1croar to 3 crore 100% greanty ❤️",2024-01-25T12:21:46+00:00,,,
68849,krazzzzysam,https://t.me/krazzzzysam,"<NRP>
<PERSON> join karo 
Win 1croar to 3 crore 100% greanty ❤️",2024-01-25T12:21:44+00:00,,,
68848,krazzzzysam,https://t.me/krazzzzysam,"<NRP>
<PERSON> join karo 
Win 1croar to 3 crore 100% greanty ❤️",2024-01-25T12:21:42+00:00,,,
68847,krazzzzysam,https://t.me/krazzzzysam,"<NRP>
<PERSON> join karo 
Win 1croar to 3 crore 100% greanty ❤️",2024-01-25T12:21:40+00:00,,,
68845,krazzzzysam,https://t.me/krazzzzysam,English mai h baiya,2024-01-25T12:12:44+00:00,,,
68839,krazzzzysam,https://t.me/krazzzzysam,Download <PERSON>,2024-01-25T12:00:34+00:00,,,
68836,krazzzzysam,https://t.me/krazzzzysam,Are <PERSON>,2024-01-25T11:42:02+00:00,,,
68835,krazzzzysam,https://t.me/krazzzzysam,hu,2024-01-25T11:32:19+00:00,,,
68833,krazzzzysam,https://t.me/krazzzzysam,Deo,2024-01-25T11:27:52+00:00,,,
68832,krazzzzysam,https://t.me/krazzzzysam,Movie,2024-01-25T11:27:50+00:00,,,
68831,krazzzzysam,https://t.me/krazzzzysam,<PERSON>,2024-01-25T11:27:43+00:00,,,
68829,krazzzzysam,https://t.me/krazzzzysam,Sex <PERSON> us video <PERSON>,2024-01-25T11:16:42+00:00,,,
68828,krazzzzysam,https://t.me/krazzzzysam,<PERSON> sexy film bata do,2024-01-25T11:16:17+00:00,,,
68827,krazzzzysam,https://t.me/krazzzzysam,<PERSON>,2024-01-25T11:12:20+00:00,,,
68824,krazzzzysam,https://t.me/krazzzzysam,"<NRP>
<PERSON> join karo 
Win 1croar to 3 crore 100% greanty ❤️",2024-01-25T10:37:47+00:00,,,
68795,krazzzzysam,https://t.me/krazzzzysam,Hello,2024-01-25T09:57:53+00:00,,,
68794,krazzzzysam,https://t.me/krazzzzysam,<PERSON>,2024-01-25T09:56:35+00:00,,,
68793,krazzzzysam,https://t.me/krazzzzysam,Kya name <PERSON>,2024-01-25T09:53:27+00:00,,,
68792,krazzzzysam,https://t.me/krazzzzysam,SEX AND ZEN 3 bor movie ha,2024-01-25T09:53:02+00:00,,,
68791,krazzzzysam,https://t.me/krazzzzysam,Bro download <PERSON> rhi,2024-01-25T09:52:21+00:00,,,
68790,krazzzzysam,https://t.me/krazzzzysam,SEX AND ZEN 3,2024-01-25T09:52:15+00:00,,,
68789,krazzzzysam,https://t.me/krazzzzysam,Mja aa gya movie me,2024-01-25T09:46:31+00:00,,,
68784,krazzzzysam,https://t.me/krazzzzysam,Thank uuuuu or,2024-01-25T09:17:57+00:00,,,
68783,krazzzzysam,https://t.me/krazzzzysam,<PERSON> bro,2024-01-25T09:17:53+00:00,,,
68781,krazzzzysam,https://t.me/krazzzzysam,<PERSON>,2024-01-25T09:12:38+00:00,,,
68780,krazzzzysam,https://t.me/krazzzzysam,Farza full movie <NRP> ma,2024-01-25T09:08:26+00:00,,,
68778,krazzzzysam,https://t.me/krazzzzysam,<PERSON> link,2024-01-25T09:03:37+00:00,,,
68777,krazzzzysam,https://t.me/krazzzzysam,Please bro,2024-01-25T09:03:37+00:00,,,
68776,krazzzzysam,https://t.me/krazzzzysam,<PERSON>,2024-01-25T09:03:37+00:00,,,
68775,krazzzzysam,https://t.me/krazzzzysam,12year girl jiske me pure sex hote btaye bhai,2024-01-25T09:03:37+00:00,,,
68772,krazzzzysam,https://t.me/krazzzzysam,<PERSON>,2024-01-25T08:54:34+00:00,,,
68770,krazzzzysam,https://t.me/krazzzzysam,<PERSON> kuchh sexy movies dedo Hindi me,2024-01-25T08:52:43+00:00,,,
68768,krazzzzysam,https://t.me/krazzzzysam,<PERSON> kro,2024-01-25T08:45:34+00:00,,,
68764,krazzzzysam,https://t.me/krazzzzysam,Gv,2024-01-25T08:30:31+00:00,,,
68763,krazzzzysam,https://t.me/krazzzzysam,<PERSON>,2024-01-25T08:30:30+00:00,,,
68762,krazzzzysam,https://t.me/krazzzzysam,Sf,2024-01-25T08:30:29+00:00,,,
68761,krazzzzysam,https://t.me/krazzzzysam,Hg,2024-01-25T08:30:27+00:00,,,
68760,krazzzzysam,https://t.me/krazzzzysam,Cc,2024-01-25T08:30:26+00:00,,,
68759,krazzzzysam,https://t.me/krazzzzysam,Jf,2024-01-25T08:30:25+00:00,,,
68758,krazzzzysam,https://t.me/krazzzzysam,N,2024-01-25T08:30:23+00:00,,,
68755,krazzzzysam,https://t.me/krazzzzysam,Download kr ky baj do,2024-01-25T08:18:20+00:00,,,
68754,krazzzzysam,https://t.me/krazzzzysam,Download nhi ho rhi h bhai,2024-01-25T08:18:11+00:00,,,
68743,krazzzzysam,https://t.me/krazzzzysam,Tiger zinda hai movies link <PERSON> sir,2024-01-25T07:57:56+00:00,,,
68735,krazzzzysam,https://t.me/krazzzzysam,Hello <NRP>,2024-01-25T07:19:30+00:00,,,
68729,krazzzzysam,https://t.me/krazzzzysam,"<PERSON>:
<PERSON> to kya dhekha 18+ se <PERSON> 19+  dhekho  🥵🍑⬇️✅
https://t.me/flixlegend18

<PERSON> to kya dhekha 18+ se <PERSON> 19+  dhekho  🥵🍑⬇️✅
https://t.me/flixlegend18",2024-01-25T07:01:36+00:00,,,
68728,krazzzzysam,https://t.me/krazzzzysam,Hi,2024-01-25T06:49:37+00:00,,,
68723,krazzzzysam,https://t.me/krazzzzysam,I have all movies available for free  Join my group massage me personally,2024-01-25T05:58:36+00:00,,,
68722,krazzzzysam,https://t.me/krazzzzysam,I have all movies available for free  Join my group massage me personally,2024-01-25T05:58:26+00:00,,,
68721,krazzzzysam,https://t.me/krazzzzysam,I have all movies available for free  Join my group massage me personally,2024-01-25T05:58:14+00:00,,,
68720,krazzzzysam,https://t.me/krazzzzysam,<PERSON> she <DATE_TIME> movie <PERSON>,2024-01-25T05:48:19+00:00,,,
68719,krazzzzysam,https://t.me/krazzzzysam,<PERSON> movie download nhi ho <PERSON> me problem ka solution <PERSON>,2024-01-25T05:45:26+00:00,,,
68717,krazzzzysam,https://t.me/krazzzzysam,Download kaise hogaotgerchod,2024-01-25T05:38:27+00:00,,,
68714,krazzzzysam,https://t.me/krazzzzysam,<PERSON> na <PERSON>,2024-01-25T05:08:51+00:00,,,
68713,krazzzzysam,https://t.me/krazzzzysam,Online kisye dikna bro,2024-01-25T05:01:53+00:00,,,
68710,krazzzzysam,https://t.me/krazzzzysam,<PERSON> डाउनलोड नहीं हो रहा भाई मेरे <PERSON> फिल्म ऐप डाउनलोड नहीं हो रहा है ऐसा क्यों,2024-01-25T04:45:12+00:00,,,
68703,krazzzzysam,https://t.me/krazzzzysam,"<PERSON>:
<PERSON>:
https://t.me/winnerexperts_1

https://t.me/winnerexperts_1

https://t.me/winnerexperts_1

https://t.me/winnerexperts_1

https://t.me/winnerexperts_1

https://t.me/winnerexperts_1

https://t.me/winnerexperts_1

https://t.me/winnerexperts_1

https://t.me/winnerexperts_1

https://t.me/winnerexperts_1

https://t.me/winnerexperts_1

https://t.me/winnerexperts_1

https://t.me/winnerexperts_1

https://t.me/winnerexperts_1

https://t.me/winnerexperts_1

https://t.me/winnerexperts_1

https://t.me/winnerexperts_1

https://t.me/winnerexperts_1

https://t.me/winnerexperts_1

https://t.me/winnerexperts_1

https://t.me/winnerexperts_1

https://t.me/winnerexperts_1

https://t.me/winnerexperts_1

https://t.me/winnerexperts_1

https://t.me/winnerexperts_1

https://t.me/winnerexperts_1

https://t.me/winnerexperts_1

https://t.me/winnerexperts_1

https://t.me/winnerexperts_1

<PERSON>:
https://t.me/winnerexperts_1

https://t.me/winnerexperts_1

https://t.me/winnerexperts_1

https://t.me/winnerexperts_1

https://t.me/winnerexperts_1

https://t.me/winnerexperts_1

https://t.me/winnerexperts_1

https://t.me/winnerexperts_1

https://t.me/winnerexperts_1

https://t.me/winnerexperts_1

https://t.me/winnerexperts_1

https://t.me/winnerexperts_1

https://t.me/winnerexperts_1

https://t.me/winnerexperts_1

https://t.me/winnerexperts_1

https://t.me/winnerexperts_1

https://t.me/winnerexperts_1

https://t.me/winnerexperts_1

https://t.me/winnerexperts_1

<PERSON>:
https://t.me/winnerexperts_1

https://t.me/winnerexperts_1

https://t.me/winnerexperts_1

https://t.me/winnerexperts_1

https://t.me/winnerexperts_1

https://t.me/winnerexperts_1

https://t.me/winnerexperts_1

https://t.me/winnerexperts_1

https://t.me/winnerexperts_1

https://t.me/winnerexperts_1

https://t.me/winnerexperts_1

https://t.me/winnerexperts_1

https://t.me/winnerexperts_1

https://t.me/winnerexperts_1

https://t.me/winnerexperts_1

https://t.me/winnerexperts_1

https://t.me/winnerexperts_1

https://t.me/winnerexperts_1

https://t.me/winnerexperts_1

https://t.me/winnerexperts_1

https://t.me/winnerexperts_1

https://t.me/winnerexperts_1

https://t.me/winnerexperts_1

https://t.me/winnerexperts_1

https://t.me/winnerexperts_1

https://t.me/winnerexperts_1

https://t.me/winnerexperts_1

https://t.me/winnerexperts_1

https://t.me/winnerexperts_1

<PERSON>:
https://t.me/winnerexperts_1

https://t.me/winnerexperts_1

https://t.me/winnerexperts_1

https://t.me/winnerexperts_1

https://t.me/winnerexperts_1

https://t.me/winnerexperts_1

https://t.me/winnerexperts_1

https://t.me/winnerexperts_1

https://t.me/winnerexperts_1

https://t.me/winnerexperts_1

https://t.me/winnerexperts_1

https://t.me/winnerexperts_1

https://t.me/winnerexperts_1

https://t.me/winnerexperts_1

https://t.me/winnerexperts_1

https://t.me/winnerexperts_1

https://t.me/winnerexperts_1

https://t.me/winnerexperts_1

https://t.me/winnerexperts_1
Cheak <DATE_TIME> post 
And join",2024-01-25T04:42:28+00:00,,,
68702,krazzzzysam,https://t.me/krazzzzysam,"<PERSON>:
<PERSON>:
https://t.me/winnerexperts_1

https://t.me/winnerexperts_1

https://t.me/winnerexperts_1

https://t.me/winnerexperts_1

https://t.me/winnerexperts_1

https://t.me/winnerexperts_1

https://t.me/winnerexperts_1

https://t.me/winnerexperts_1

https://t.me/winnerexperts_1

https://t.me/winnerexperts_1

https://t.me/winnerexperts_1

https://t.me/winnerexperts_1

https://t.me/winnerexperts_1

https://t.me/winnerexperts_1

https://t.me/winnerexperts_1

https://t.me/winnerexperts_1

https://t.me/winnerexperts_1

https://t.me/winnerexperts_1

https://t.me/winnerexperts_1

https://t.me/winnerexperts_1

https://t.me/winnerexperts_1

https://t.me/winnerexperts_1

https://t.me/winnerexperts_1

https://t.me/winnerexperts_1

https://t.me/winnerexperts_1

https://t.me/winnerexperts_1

https://t.me/winnerexperts_1

https://t.me/winnerexperts_1

https://t.me/winnerexperts_1

<PERSON>:
https://t.me/winnerexperts_1

https://t.me/winnerexperts_1

https://t.me/winnerexperts_1

https://t.me/winnerexperts_1

https://t.me/winnerexperts_1

https://t.me/winnerexperts_1

https://t.me/winnerexperts_1

https://t.me/winnerexperts_1

https://t.me/winnerexperts_1

https://t.me/winnerexperts_1

https://t.me/winnerexperts_1

https://t.me/winnerexperts_1

https://t.me/winnerexperts_1

https://t.me/winnerexperts_1

https://t.me/winnerexperts_1

https://t.me/winnerexperts_1

https://t.me/winnerexperts_1

https://t.me/winnerexperts_1

https://t.me/winnerexperts_1

<PERSON>:
https://t.me/winnerexperts_1

https://t.me/winnerexperts_1

https://t.me/winnerexperts_1

https://t.me/winnerexperts_1

https://t.me/winnerexperts_1

https://t.me/winnerexperts_1

https://t.me/winnerexperts_1

https://t.me/winnerexperts_1

https://t.me/winnerexperts_1

https://t.me/winnerexperts_1

https://t.me/winnerexperts_1

https://t.me/winnerexperts_1

https://t.me/winnerexperts_1

https://t.me/winnerexperts_1

https://t.me/winnerexperts_1

https://t.me/winnerexperts_1

https://t.me/winnerexperts_1

https://t.me/winnerexperts_1

https://t.me/winnerexperts_1

https://t.me/winnerexperts_1

https://t.me/winnerexperts_1

https://t.me/winnerexperts_1

https://t.me/winnerexperts_1

https://t.me/winnerexperts_1

https://t.me/winnerexperts_1

https://t.me/winnerexperts_1

https://t.me/winnerexperts_1

https://t.me/winnerexperts_1

https://t.me/winnerexperts_1

<PERSON>:
https://t.me/winnerexperts_1

https://t.me/winnerexperts_1

https://t.me/winnerexperts_1

https://t.me/winnerexperts_1

https://t.me/winnerexperts_1

https://t.me/winnerexperts_1

https://t.me/winnerexperts_1

https://t.me/winnerexperts_1

https://t.me/winnerexperts_1

https://t.me/winnerexperts_1

https://t.me/winnerexperts_1

https://t.me/winnerexperts_1

https://t.me/winnerexperts_1

https://t.me/winnerexperts_1

https://t.me/winnerexperts_1

https://t.me/winnerexperts_1

https://t.me/winnerexperts_1

https://t.me/winnerexperts_1

https://t.me/winnerexperts_1
Cheak <DATE_TIME> post 
And join",2024-01-25T04:42:23+00:00,,,
68698,krazzzzysam,https://t.me/krazzzzysam,Fake chanel h kiya,2024-01-25T04:32:37+00:00,,,
68697,krazzzzysam,https://t.me/krazzzzysam,<PERSON> h,2024-01-25T04:32:23+00:00,,,
68679,krazzzzysam,https://t.me/krazzzzysam,<PERSON> hogi,2024-01-25T02:56:21+00:00,,,
68676,krazzzzysam,https://t.me/krazzzzysam,<PERSON> ki link do,2024-01-25T02:41:36+00:00,,,
68669,krazzzzysam,https://t.me/krazzzzysam,<PERSON> to <PERSON> do <PERSON> download <PERSON>,2024-01-25T01:47:47+00:00,,,
68668,krazzzzysam,https://t.me/krazzzzysam,Movie ka apps <PERSON> bhai uska link do,2024-01-25T01:47:33+00:00,,,
68663,krazzzzysam,https://t.me/krazzzzysam,Hindi m <PERSON>,2024-01-25T00:28:46+00:00,,,
68662,krazzzzysam,https://t.me/krazzzzysam,Hii,2024-01-25T00:12:51+00:00,,,
68660,krazzzzysam,https://t.me/krazzzzysam,Hindi me link <PERSON>,2024-01-24T22:25:37+00:00,,,
68657,krazzzzysam,https://t.me/krazzzzysam,Movie download hi ni <PERSON>,2024-01-24T21:53:08+00:00,,,
68656,krazzzzysam,https://t.me/krazzzzysam,Mere pass to koi contact <PERSON> he,2024-01-24T21:52:25+00:00,,,
68655,krazzzzysam,https://t.me/krazzzzysam,Hota hi nhi download movie,2024-01-24T20:56:24+00:00,,,
68653,krazzzzysam,https://t.me/krazzzzysam,<PERSON> me oro <PERSON> hi,2024-01-24T19:55:51+00:00,,,
68652,krazzzzysam,https://t.me/krazzzzysam,https://5gran.top/#/pages/public/reg?invter=V5F4W8Z4F7,2024-01-24T19:52:10+00:00,,,
68651,krazzzzysam,https://t.me/krazzzzysam,Tarbox me do na,2024-01-24T19:48:50+00:00,,,
68650,krazzzzysam,https://t.me/krazzzzysam,Movie download <PERSON>,2024-01-24T19:43:40+00:00,,,
68648,krazzzzysam,https://t.me/krazzzzysam,Legend of human ka s3 <PERSON>,2024-01-24T19:25:55+00:00,,,
68647,krazzzzysam,https://t.me/krazzzzysam,Okay 👍,2024-01-24T19:22:57+00:00,,,
68646,krazzzzysam,https://t.me/krazzzzysam,Screenshot send kro <PERSON> rha <PERSON>,2024-01-24T19:16:21+00:00,,,
68644,krazzzzysam,https://t.me/krazzzzysam,Hello,2024-01-24T19:07:48+00:00,,,
68643,krazzzzysam,https://t.me/krazzzzysam,Ha,2024-01-24T19:07:42+00:00,,,
68642,krazzzzysam,https://t.me/krazzzzysam,https://t.me/KrazzzzySam/523,2024-01-24T19:07:39+00:00,,,
68641,krazzzzysam,https://t.me/krazzzzysam,Hii,2024-01-24T19:03:59+00:00,,,
68640,krazzzzysam,https://t.me/krazzzzysam,<PERSON> download,2024-01-24T19:03:56+00:00,,,
68638,krazzzzysam,https://t.me/krazzzzysam,Bhai a open nhi <PERSON>,2024-01-24T18:46:08+00:00,,,
68635,krazzzzysam,https://t.me/krazzzzysam,<PERSON> and still  plz links  sand,2024-01-24T18:41:46+00:00,,,
68619,krazzzzysam,https://t.me/krazzzzysam,I have all movies available for free  Join my group massage me personally,2024-01-24T18:24:05+00:00,,,
68618,krazzzzysam,https://t.me/krazzzzysam,I have all movies available for free  Join my group massage me personally,2024-01-24T18:23:56+00:00,,,
68617,krazzzzysam,https://t.me/krazzzzysam,"<PERSON>:
<PERSON>:
https://t.me/winnerexperts_1

https://t.me/winnerexperts_1

https://t.me/winnerexperts_1

https://t.me/winnerexperts_1

https://t.me/winnerexperts_1

https://t.me/winnerexperts_1

https://t.me/winnerexperts_1

https://t.me/winnerexperts_1

https://t.me/winnerexperts_1

https://t.me/winnerexperts_1

https://t.me/winnerexperts_1

https://t.me/winnerexperts_1

https://t.me/winnerexperts_1

https://t.me/winnerexperts_1

https://t.me/winnerexperts_1

https://t.me/winnerexperts_1

https://t.me/winnerexperts_1

https://t.me/winnerexperts_1

https://t.me/winnerexperts_1

https://t.me/winnerexperts_1

https://t.me/winnerexperts_1

https://t.me/winnerexperts_1

https://t.me/winnerexperts_1

https://t.me/winnerexperts_1

https://t.me/winnerexperts_1

https://t.me/winnerexperts_1

https://t.me/winnerexperts_1

https://t.me/winnerexperts_1

https://t.me/winnerexperts_1

<PERSON>:
https://t.me/winnerexperts_1

https://t.me/winnerexperts_1

https://t.me/winnerexperts_1

https://t.me/winnerexperts_1

https://t.me/winnerexperts_1

https://t.me/winnerexperts_1

https://t.me/winnerexperts_1

https://t.me/winnerexperts_1

https://t.me/winnerexperts_1

https://t.me/winnerexperts_1

https://t.me/winnerexperts_1

https://t.me/winnerexperts_1

https://t.me/winnerexperts_1

https://t.me/winnerexperts_1

https://t.me/winnerexperts_1

https://t.me/winnerexperts_1

https://t.me/winnerexperts_1

https://t.me/winnerexperts_1

https://t.me/winnerexperts_1

<PERSON>:
https://t.me/winnerexperts_1

https://t.me/winnerexperts_1

https://t.me/winnerexperts_1

https://t.me/winnerexperts_1

https://t.me/winnerexperts_1

https://t.me/winnerexperts_1

https://t.me/winnerexperts_1

https://t.me/winnerexperts_1

https://t.me/winnerexperts_1

https://t.me/winnerexperts_1

https://t.me/winnerexperts_1

https://t.me/winnerexperts_1

https://t.me/winnerexperts_1

https://t.me/winnerexperts_1

https://t.me/winnerexperts_1

https://t.me/winnerexperts_1

https://t.me/winnerexperts_1

https://t.me/winnerexperts_1

https://t.me/winnerexperts_1

https://t.me/winnerexperts_1

https://t.me/winnerexperts_1

https://t.me/winnerexperts_1

https://t.me/winnerexperts_1

https://t.me/winnerexperts_1

https://t.me/winnerexperts_1

https://t.me/winnerexperts_1

https://t.me/winnerexperts_1

https://t.me/winnerexperts_1

https://t.me/winnerexperts_1

<PERSON>:
https://t.me/winnerexperts_1

https://t.me/winnerexperts_1

https://t.me/winnerexperts_1

https://t.me/winnerexperts_1

https://t.me/winnerexperts_1

https://t.me/winnerexperts_1

https://t.me/winnerexperts_1

https://t.me/winnerexperts_1

https://t.me/winnerexperts_1

https://t.me/winnerexperts_1

https://t.me/winnerexperts_1

https://t.me/winnerexperts_1

https://t.me/winnerexperts_1

https://t.me/winnerexperts_1

https://t.me/winnerexperts_1

https://t.me/winnerexperts_1

https://t.me/winnerexperts_1

https://t.me/winnerexperts_1

https://t.me/winnerexperts_1

Join☝️

<PERSON> fadia hoo ga 1 crore sa 3 crores win <PERSON><PERSON> channal join karr do",2024-01-24T18:14:30+00:00,,,
68616,krazzzzysam,https://t.me/krazzzzysam,Animal he,2024-01-24T18:13:53+00:00,,,👍: 1
68596,krazzzzysam,https://t.me/krazzzzysam,<PERSON> download <PERSON> huyi,2024-01-24T18:06:24+00:00,,,
68595,krazzzzysam,https://t.me/krazzzzysam,For hack,2024-01-24T18:06:23+00:00,,,
68594,krazzzzysam,https://t.me/krazzzzysam,Join this channel,2024-01-24T18:06:18+00:00,,,
68593,krazzzzysam,https://t.me/krazzzzysam,https://t.me/BDGHackAvailable,2024-01-24T18:06:13+00:00,,,
68575,krazzzzysam,https://t.me/krazzzzysam,"<PERSON>:
<PERSON>:
https://t.me/winnerexperts_1

https://t.me/winnerexperts_1

https://t.me/winnerexperts_1

https://t.me/winnerexperts_1

https://t.me/winnerexperts_1

https://t.me/winnerexperts_1

https://t.me/winnerexperts_1

https://t.me/winnerexperts_1

https://t.me/winnerexperts_1

https://t.me/winnerexperts_1

https://t.me/winnerexperts_1

https://t.me/winnerexperts_1

https://t.me/winnerexperts_1

https://t.me/winnerexperts_1

https://t.me/winnerexperts_1

https://t.me/winnerexperts_1

https://t.me/winnerexperts_1

https://t.me/winnerexperts_1

https://t.me/winnerexperts_1

https://t.me/winnerexperts_1

https://t.me/winnerexperts_1

https://t.me/winnerexperts_1

https://t.me/winnerexperts_1

https://t.me/winnerexperts_1

https://t.me/winnerexperts_1

https://t.me/winnerexperts_1

https://t.me/winnerexperts_1

https://t.me/winnerexperts_1

https://t.me/winnerexperts_1

<PERSON>:
https://t.me/winnerexperts_1

https://t.me/winnerexperts_1

https://t.me/winnerexperts_1

https://t.me/winnerexperts_1

https://t.me/winnerexperts_1

https://t.me/winnerexperts_1

https://t.me/winnerexperts_1

https://t.me/winnerexperts_1

https://t.me/winnerexperts_1

https://t.me/winnerexperts_1

https://t.me/winnerexperts_1

https://t.me/winnerexperts_1

https://t.me/winnerexperts_1

https://t.me/winnerexperts_1

https://t.me/winnerexperts_1

https://t.me/winnerexperts_1

https://t.me/winnerexperts_1

https://t.me/winnerexperts_1

https://t.me/winnerexperts_1

<PERSON>:
https://t.me/winnerexperts_1

https://t.me/winnerexperts_1

https://t.me/winnerexperts_1

https://t.me/winnerexperts_1

https://t.me/winnerexperts_1

https://t.me/winnerexperts_1

https://t.me/winnerexperts_1

https://t.me/winnerexperts_1

https://t.me/winnerexperts_1

https://t.me/winnerexperts_1

https://t.me/winnerexperts_1

https://t.me/winnerexperts_1

https://t.me/winnerexperts_1

https://t.me/winnerexperts_1

https://t.me/winnerexperts_1

https://t.me/winnerexperts_1

https://t.me/winnerexperts_1

https://t.me/winnerexperts_1

https://t.me/winnerexperts_1

https://t.me/winnerexperts_1

https://t.me/winnerexperts_1

https://t.me/winnerexperts_1

https://t.me/winnerexperts_1

https://t.me/winnerexperts_1

https://t.me/winnerexperts_1

https://t.me/winnerexperts_1

https://t.me/winnerexperts_1

https://t.me/winnerexperts_1

https://t.me/winnerexperts_1

<PERSON>:
https://t.me/winnerexperts_1

https://t.me/winnerexperts_1

https://t.me/winnerexperts_1

https://t.me/winnerexperts_1

https://t.me/winnerexperts_1

https://t.me/winnerexperts_1

https://t.me/winnerexperts_1

https://t.me/winnerexperts_1

https://t.me/winnerexperts_1

https://t.me/winnerexperts_1

https://t.me/winnerexperts_1

https://t.me/winnerexperts_1

https://t.me/winnerexperts_1

https://t.me/winnerexperts_1

https://t.me/winnerexperts_1

https://t.me/winnerexperts_1

https://t.me/winnerexperts_1

https://t.me/winnerexperts_1

https://t.me/winnerexperts_1

Join☝️

<PERSON> fadia hoo ga 1 crore sa 3 crores win <PERSON><PERSON> channal join karr do",2024-01-24T18:03:43+00:00,,,
68574,krazzzzysam,https://t.me/krazzzzysam,"<PERSON>:
<PERSON>:
https://t.me/winnerexperts_1

https://t.me/winnerexperts_1

https://t.me/winnerexperts_1

https://t.me/winnerexperts_1

https://t.me/winnerexperts_1

https://t.me/winnerexperts_1

https://t.me/winnerexperts_1

https://t.me/winnerexperts_1

https://t.me/winnerexperts_1

https://t.me/winnerexperts_1

https://t.me/winnerexperts_1

https://t.me/winnerexperts_1

https://t.me/winnerexperts_1

https://t.me/winnerexperts_1

https://t.me/winnerexperts_1

https://t.me/winnerexperts_1

https://t.me/winnerexperts_1

https://t.me/winnerexperts_1

https://t.me/winnerexperts_1

https://t.me/winnerexperts_1

https://t.me/winnerexperts_1

https://t.me/winnerexperts_1

https://t.me/winnerexperts_1

https://t.me/winnerexperts_1

https://t.me/winnerexperts_1

https://t.me/winnerexperts_1

https://t.me/winnerexperts_1

https://t.me/winnerexperts_1

https://t.me/winnerexperts_1

<PERSON>:
https://t.me/winnerexperts_1

https://t.me/winnerexperts_1

https://t.me/winnerexperts_1

https://t.me/winnerexperts_1

https://t.me/winnerexperts_1

https://t.me/winnerexperts_1

https://t.me/winnerexperts_1

https://t.me/winnerexperts_1

https://t.me/winnerexperts_1

https://t.me/winnerexperts_1

https://t.me/winnerexperts_1

https://t.me/winnerexperts_1

https://t.me/winnerexperts_1

https://t.me/winnerexperts_1

https://t.me/winnerexperts_1

https://t.me/winnerexperts_1

https://t.me/winnerexperts_1

https://t.me/winnerexperts_1

https://t.me/winnerexperts_1

<PERSON>:
https://t.me/winnerexperts_1

https://t.me/winnerexperts_1

https://t.me/winnerexperts_1

https://t.me/winnerexperts_1

https://t.me/winnerexperts_1

https://t.me/winnerexperts_1

https://t.me/winnerexperts_1

https://t.me/winnerexperts_1

https://t.me/winnerexperts_1

https://t.me/winnerexperts_1

https://t.me/winnerexperts_1

https://t.me/winnerexperts_1

https://t.me/winnerexperts_1

https://t.me/winnerexperts_1

https://t.me/winnerexperts_1

https://t.me/winnerexperts_1

https://t.me/winnerexperts_1

https://t.me/winnerexperts_1

https://t.me/winnerexperts_1

https://t.me/winnerexperts_1

https://t.me/winnerexperts_1

https://t.me/winnerexperts_1

https://t.me/winnerexperts_1

https://t.me/winnerexperts_1

https://t.me/winnerexperts_1

https://t.me/winnerexperts_1

https://t.me/winnerexperts_1

https://t.me/winnerexperts_1

https://t.me/winnerexperts_1

<PERSON>:
https://t.me/winnerexperts_1

https://t.me/winnerexperts_1

https://t.me/winnerexperts_1

https://t.me/winnerexperts_1

https://t.me/winnerexperts_1

https://t.me/winnerexperts_1

https://t.me/winnerexperts_1

https://t.me/winnerexperts_1

https://t.me/winnerexperts_1

https://t.me/winnerexperts_1

https://t.me/winnerexperts_1

https://t.me/winnerexperts_1

https://t.me/winnerexperts_1

https://t.me/winnerexperts_1

https://t.me/winnerexperts_1

https://t.me/winnerexperts_1

https://t.me/winnerexperts_1

https://t.me/winnerexperts_1

https://t.me/winnerexperts_1

Join☝️

<PERSON> fadia hoo ga 1 crore sa 3 crores win <PERSON><PERSON> channal join karr do",2024-01-24T18:03:39+00:00,,,
68573,krazzzzysam,https://t.me/krazzzzysam,"<PERSON>:
<PERSON>:
https://t.me/winnerexperts_1

https://t.me/winnerexperts_1

https://t.me/winnerexperts_1

https://t.me/winnerexperts_1

https://t.me/winnerexperts_1

https://t.me/winnerexperts_1

https://t.me/winnerexperts_1

https://t.me/winnerexperts_1

https://t.me/winnerexperts_1

https://t.me/winnerexperts_1

https://t.me/winnerexperts_1

https://t.me/winnerexperts_1

https://t.me/winnerexperts_1

https://t.me/winnerexperts_1

https://t.me/winnerexperts_1

https://t.me/winnerexperts_1

https://t.me/winnerexperts_1

https://t.me/winnerexperts_1

https://t.me/winnerexperts_1

https://t.me/winnerexperts_1

https://t.me/winnerexperts_1

https://t.me/winnerexperts_1

https://t.me/winnerexperts_1

https://t.me/winnerexperts_1

https://t.me/winnerexperts_1

https://t.me/winnerexperts_1

https://t.me/winnerexperts_1

https://t.me/winnerexperts_1

https://t.me/winnerexperts_1

<PERSON>:
https://t.me/winnerexperts_1

https://t.me/winnerexperts_1

https://t.me/winnerexperts_1

https://t.me/winnerexperts_1

https://t.me/winnerexperts_1

https://t.me/winnerexperts_1

https://t.me/winnerexperts_1

https://t.me/winnerexperts_1

https://t.me/winnerexperts_1

https://t.me/winnerexperts_1

https://t.me/winnerexperts_1

https://t.me/winnerexperts_1

https://t.me/winnerexperts_1

https://t.me/winnerexperts_1

https://t.me/winnerexperts_1

https://t.me/winnerexperts_1

https://t.me/winnerexperts_1

https://t.me/winnerexperts_1

https://t.me/winnerexperts_1

<PERSON>:
https://t.me/winnerexperts_1

https://t.me/winnerexperts_1

https://t.me/winnerexperts_1

https://t.me/winnerexperts_1

https://t.me/winnerexperts_1

https://t.me/winnerexperts_1

https://t.me/winnerexperts_1

https://t.me/winnerexperts_1

https://t.me/winnerexperts_1

https://t.me/winnerexperts_1

https://t.me/winnerexperts_1

https://t.me/winnerexperts_1

https://t.me/winnerexperts_1

https://t.me/winnerexperts_1

https://t.me/winnerexperts_1

https://t.me/winnerexperts_1

https://t.me/winnerexperts_1

https://t.me/winnerexperts_1

https://t.me/winnerexperts_1

https://t.me/winnerexperts_1

https://t.me/winnerexperts_1

https://t.me/winnerexperts_1

https://t.me/winnerexperts_1

https://t.me/winnerexperts_1

https://t.me/winnerexperts_1

https://t.me/winnerexperts_1

https://t.me/winnerexperts_1

https://t.me/winnerexperts_1

https://t.me/winnerexperts_1

<PERSON>:
https://t.me/winnerexperts_1

https://t.me/winnerexperts_1

https://t.me/winnerexperts_1

https://t.me/winnerexperts_1

https://t.me/winnerexperts_1

https://t.me/winnerexperts_1

https://t.me/winnerexperts_1

https://t.me/winnerexperts_1

https://t.me/winnerexperts_1

https://t.me/winnerexperts_1

https://t.me/winnerexperts_1

https://t.me/winnerexperts_1

https://t.me/winnerexperts_1

https://t.me/winnerexperts_1

https://t.me/winnerexperts_1

https://t.me/winnerexperts_1

https://t.me/winnerexperts_1

https://t.me/winnerexperts_1

https://t.me/winnerexperts_1

Join☝️

<PERSON> fadia hoo ga 1 crore sa 3 crores win <PERSON><PERSON> channal join karr do",2024-01-24T18:03:37+00:00,,,
68566,krazzzzysam,https://t.me/krazzzzysam,"<PERSON>:
<PERSON>:
https://t.me/winnerexperts_1

https://t.me/winnerexperts_1

https://t.me/winnerexperts_1

https://t.me/winnerexperts_1

https://t.me/winnerexperts_1

https://t.me/winnerexperts_1

https://t.me/winnerexperts_1

https://t.me/winnerexperts_1

https://t.me/winnerexperts_1

https://t.me/winnerexperts_1

https://t.me/winnerexperts_1

https://t.me/winnerexperts_1

https://t.me/winnerexperts_1

https://t.me/winnerexperts_1

https://t.me/winnerexperts_1

https://t.me/winnerexperts_1

https://t.me/winnerexperts_1

https://t.me/winnerexperts_1

https://t.me/winnerexperts_1

https://t.me/winnerexperts_1

https://t.me/winnerexperts_1

https://t.me/winnerexperts_1

https://t.me/winnerexperts_1

https://t.me/winnerexperts_1

https://t.me/winnerexperts_1

https://t.me/winnerexperts_1

https://t.me/winnerexperts_1

https://t.me/winnerexperts_1

https://t.me/winnerexperts_1

<PERSON>:
https://t.me/winnerexperts_1

https://t.me/winnerexperts_1

https://t.me/winnerexperts_1

https://t.me/winnerexperts_1

https://t.me/winnerexperts_1

https://t.me/winnerexperts_1

https://t.me/winnerexperts_1

https://t.me/winnerexperts_1

https://t.me/winnerexperts_1

https://t.me/winnerexperts_1

https://t.me/winnerexperts_1

https://t.me/winnerexperts_1

https://t.me/winnerexperts_1

https://t.me/winnerexperts_1

https://t.me/winnerexperts_1

https://t.me/winnerexperts_1

https://t.me/winnerexperts_1

https://t.me/winnerexperts_1

https://t.me/winnerexperts_1

<PERSON>:
https://t.me/winnerexperts_1

https://t.me/winnerexperts_1

https://t.me/winnerexperts_1

https://t.me/winnerexperts_1

https://t.me/winnerexperts_1

https://t.me/winnerexperts_1

https://t.me/winnerexperts_1

https://t.me/winnerexperts_1

https://t.me/winnerexperts_1

https://t.me/winnerexperts_1

https://t.me/winnerexperts_1

https://t.me/winnerexperts_1

https://t.me/winnerexperts_1

https://t.me/winnerexperts_1

https://t.me/winnerexperts_1

https://t.me/winnerexperts_1

https://t.me/winnerexperts_1

https://t.me/winnerexperts_1

https://t.me/winnerexperts_1

https://t.me/winnerexperts_1

https://t.me/winnerexperts_1

https://t.me/winnerexperts_1

https://t.me/winnerexperts_1

https://t.me/winnerexperts_1

https://t.me/winnerexperts_1

https://t.me/winnerexperts_1

https://t.me/winnerexperts_1

https://t.me/winnerexperts_1

https://t.me/winnerexperts_1

<PERSON>:
https://t.me/winnerexperts_1

https://t.me/winnerexperts_1

https://t.me/winnerexperts_1

https://t.me/winnerexperts_1

https://t.me/winnerexperts_1

https://t.me/winnerexperts_1

https://t.me/winnerexperts_1

https://t.me/winnerexperts_1

https://t.me/winnerexperts_1

https://t.me/winnerexperts_1

https://t.me/winnerexperts_1

https://t.me/winnerexperts_1

https://t.me/winnerexperts_1

https://t.me/winnerexperts_1

https://t.me/winnerexperts_1

https://t.me/winnerexperts_1

https://t.me/winnerexperts_1

https://t.me/winnerexperts_1

https://t.me/winnerexperts_1

Join☝️

<PERSON> fadia hoo ga 1 crore sa 3 crores win <PERSON><PERSON> channal join karr do",2024-01-24T17:54:55+00:00,,,
68565,krazzzzysam,https://t.me/krazzzzysam,"<PERSON>:
<PERSON>:
https://t.me/winnerexperts_1

https://t.me/winnerexperts_1

https://t.me/winnerexperts_1

https://t.me/winnerexperts_1

https://t.me/winnerexperts_1

https://t.me/winnerexperts_1

https://t.me/winnerexperts_1

https://t.me/winnerexperts_1

https://t.me/winnerexperts_1

https://t.me/winnerexperts_1

https://t.me/winnerexperts_1

https://t.me/winnerexperts_1

https://t.me/winnerexperts_1

https://t.me/winnerexperts_1

https://t.me/winnerexperts_1

https://t.me/winnerexperts_1

https://t.me/winnerexperts_1

https://t.me/winnerexperts_1

https://t.me/winnerexperts_1

https://t.me/winnerexperts_1

https://t.me/winnerexperts_1

https://t.me/winnerexperts_1

https://t.me/winnerexperts_1

https://t.me/winnerexperts_1

https://t.me/winnerexperts_1

https://t.me/winnerexperts_1

https://t.me/winnerexperts_1

https://t.me/winnerexperts_1

https://t.me/winnerexperts_1

<PERSON>:
https://t.me/winnerexperts_1

https://t.me/winnerexperts_1

https://t.me/winnerexperts_1

https://t.me/winnerexperts_1

https://t.me/winnerexperts_1

https://t.me/winnerexperts_1

https://t.me/winnerexperts_1

https://t.me/winnerexperts_1

https://t.me/winnerexperts_1

https://t.me/winnerexperts_1

https://t.me/winnerexperts_1

https://t.me/winnerexperts_1

https://t.me/winnerexperts_1

https://t.me/winnerexperts_1

https://t.me/winnerexperts_1

https://t.me/winnerexperts_1

https://t.me/winnerexperts_1

https://t.me/winnerexperts_1

https://t.me/winnerexperts_1

<PERSON>:
https://t.me/winnerexperts_1

https://t.me/winnerexperts_1

https://t.me/winnerexperts_1

https://t.me/winnerexperts_1

https://t.me/winnerexperts_1

https://t.me/winnerexperts_1

https://t.me/winnerexperts_1

https://t.me/winnerexperts_1

https://t.me/winnerexperts_1

https://t.me/winnerexperts_1

https://t.me/winnerexperts_1

https://t.me/winnerexperts_1

https://t.me/winnerexperts_1

https://t.me/winnerexperts_1

https://t.me/winnerexperts_1

https://t.me/winnerexperts_1

https://t.me/winnerexperts_1

https://t.me/winnerexperts_1

https://t.me/winnerexperts_1

https://t.me/winnerexperts_1

https://t.me/winnerexperts_1

https://t.me/winnerexperts_1

https://t.me/winnerexperts_1

https://t.me/winnerexperts_1

https://t.me/winnerexperts_1

https://t.me/winnerexperts_1

https://t.me/winnerexperts_1

https://t.me/winnerexperts_1

https://t.me/winnerexperts_1

<PERSON>:
https://t.me/winnerexperts_1

https://t.me/winnerexperts_1

https://t.me/winnerexperts_1

https://t.me/winnerexperts_1

https://t.me/winnerexperts_1

https://t.me/winnerexperts_1

https://t.me/winnerexperts_1

https://t.me/winnerexperts_1

https://t.me/winnerexperts_1

https://t.me/winnerexperts_1

https://t.me/winnerexperts_1

https://t.me/winnerexperts_1

https://t.me/winnerexperts_1

https://t.me/winnerexperts_1

https://t.me/winnerexperts_1

https://t.me/winnerexperts_1

https://t.me/winnerexperts_1

https://t.me/winnerexperts_1

https://t.me/winnerexperts_1

Join☝️

<PERSON> fadia hoo ga 1 crore sa 3 crores win <PERSON><PERSON> channal join karr do",2024-01-24T17:54:52+00:00,,,
68564,krazzzzysam,https://t.me/krazzzzysam,"<PERSON>:
<PERSON>:
https://t.me/winnerexperts_1

https://t.me/winnerexperts_1

https://t.me/winnerexperts_1

https://t.me/winnerexperts_1

https://t.me/winnerexperts_1

https://t.me/winnerexperts_1

https://t.me/winnerexperts_1

https://t.me/winnerexperts_1

https://t.me/winnerexperts_1

https://t.me/winnerexperts_1

https://t.me/winnerexperts_1

https://t.me/winnerexperts_1

https://t.me/winnerexperts_1

https://t.me/winnerexperts_1

https://t.me/winnerexperts_1

https://t.me/winnerexperts_1

https://t.me/winnerexperts_1

https://t.me/winnerexperts_1

https://t.me/winnerexperts_1

https://t.me/winnerexperts_1

https://t.me/winnerexperts_1

https://t.me/winnerexperts_1

https://t.me/winnerexperts_1

https://t.me/winnerexperts_1

https://t.me/winnerexperts_1

https://t.me/winnerexperts_1

https://t.me/winnerexperts_1

https://t.me/winnerexperts_1

https://t.me/winnerexperts_1

<PERSON>:
https://t.me/winnerexperts_1

https://t.me/winnerexperts_1

https://t.me/winnerexperts_1

https://t.me/winnerexperts_1

https://t.me/winnerexperts_1

https://t.me/winnerexperts_1

https://t.me/winnerexperts_1

https://t.me/winnerexperts_1

https://t.me/winnerexperts_1

https://t.me/winnerexperts_1

https://t.me/winnerexperts_1

https://t.me/winnerexperts_1

https://t.me/winnerexperts_1

https://t.me/winnerexperts_1

https://t.me/winnerexperts_1

https://t.me/winnerexperts_1

https://t.me/winnerexperts_1

https://t.me/winnerexperts_1

https://t.me/winnerexperts_1

<PERSON>:
https://t.me/winnerexperts_1

https://t.me/winnerexperts_1

https://t.me/winnerexperts_1

https://t.me/winnerexperts_1

https://t.me/winnerexperts_1

https://t.me/winnerexperts_1

https://t.me/winnerexperts_1

https://t.me/winnerexperts_1

https://t.me/winnerexperts_1

https://t.me/winnerexperts_1

https://t.me/winnerexperts_1

https://t.me/winnerexperts_1

https://t.me/winnerexperts_1

https://t.me/winnerexperts_1

https://t.me/winnerexperts_1

https://t.me/winnerexperts_1

https://t.me/winnerexperts_1

https://t.me/winnerexperts_1

https://t.me/winnerexperts_1

https://t.me/winnerexperts_1

https://t.me/winnerexperts_1

https://t.me/winnerexperts_1

https://t.me/winnerexperts_1

https://t.me/winnerexperts_1

https://t.me/winnerexperts_1

https://t.me/winnerexperts_1

https://t.me/winnerexperts_1

https://t.me/winnerexperts_1

https://t.me/winnerexperts_1

<PERSON>:
https://t.me/winnerexperts_1

https://t.me/winnerexperts_1

https://t.me/winnerexperts_1

https://t.me/winnerexperts_1

https://t.me/winnerexperts_1

https://t.me/winnerexperts_1

https://t.me/winnerexperts_1

https://t.me/winnerexperts_1

https://t.me/winnerexperts_1

https://t.me/winnerexperts_1

https://t.me/winnerexperts_1

https://t.me/winnerexperts_1

https://t.me/winnerexperts_1

https://t.me/winnerexperts_1

https://t.me/winnerexperts_1

https://t.me/winnerexperts_1

https://t.me/winnerexperts_1

https://t.me/winnerexperts_1

https://t.me/winnerexperts_1

Join☝️

<PERSON> fadia hoo ga 1 crore sa 3 crores win <PERSON><PERSON> channal join karr do",2024-01-24T17:54:50+00:00,,,
68563,krazzzzysam,https://t.me/krazzzzysam,"<PERSON>:
<PERSON>:
https://t.me/winnerexperts_1

https://t.me/winnerexperts_1

https://t.me/winnerexperts_1

https://t.me/winnerexperts_1

https://t.me/winnerexperts_1

https://t.me/winnerexperts_1

https://t.me/winnerexperts_1

https://t.me/winnerexperts_1

https://t.me/winnerexperts_1

https://t.me/winnerexperts_1

https://t.me/winnerexperts_1

https://t.me/winnerexperts_1

https://t.me/winnerexperts_1

https://t.me/winnerexperts_1

https://t.me/winnerexperts_1

https://t.me/winnerexperts_1

https://t.me/winnerexperts_1

https://t.me/winnerexperts_1

https://t.me/winnerexperts_1

https://t.me/winnerexperts_1

https://t.me/winnerexperts_1

https://t.me/winnerexperts_1

https://t.me/winnerexperts_1

https://t.me/winnerexperts_1

https://t.me/winnerexperts_1

https://t.me/winnerexperts_1

https://t.me/winnerexperts_1

https://t.me/winnerexperts_1

https://t.me/winnerexperts_1

<PERSON>:
https://t.me/winnerexperts_1

https://t.me/winnerexperts_1

https://t.me/winnerexperts_1

https://t.me/winnerexperts_1

https://t.me/winnerexperts_1

https://t.me/winnerexperts_1

https://t.me/winnerexperts_1

https://t.me/winnerexperts_1

https://t.me/winnerexperts_1

https://t.me/winnerexperts_1

https://t.me/winnerexperts_1

https://t.me/winnerexperts_1

https://t.me/winnerexperts_1

https://t.me/winnerexperts_1

https://t.me/winnerexperts_1

https://t.me/winnerexperts_1

https://t.me/winnerexperts_1

https://t.me/winnerexperts_1

https://t.me/winnerexperts_1

<PERSON>:
https://t.me/winnerexperts_1

https://t.me/winnerexperts_1

https://t.me/winnerexperts_1

https://t.me/winnerexperts_1

https://t.me/winnerexperts_1

https://t.me/winnerexperts_1

https://t.me/winnerexperts_1

https://t.me/winnerexperts_1

https://t.me/winnerexperts_1

https://t.me/winnerexperts_1

https://t.me/winnerexperts_1

https://t.me/winnerexperts_1

https://t.me/winnerexperts_1

https://t.me/winnerexperts_1

https://t.me/winnerexperts_1

https://t.me/winnerexperts_1

https://t.me/winnerexperts_1

https://t.me/winnerexperts_1

https://t.me/winnerexperts_1

https://t.me/winnerexperts_1

https://t.me/winnerexperts_1

https://t.me/winnerexperts_1

https://t.me/winnerexperts_1

https://t.me/winnerexperts_1

https://t.me/winnerexperts_1

https://t.me/winnerexperts_1

https://t.me/winnerexperts_1

https://t.me/winnerexperts_1

https://t.me/winnerexperts_1

<PERSON>:
https://t.me/winnerexperts_1

https://t.me/winnerexperts_1

https://t.me/winnerexperts_1

https://t.me/winnerexperts_1

https://t.me/winnerexperts_1

https://t.me/winnerexperts_1

https://t.me/winnerexperts_1

https://t.me/winnerexperts_1

https://t.me/winnerexperts_1

https://t.me/winnerexperts_1

https://t.me/winnerexperts_1

https://t.me/winnerexperts_1

https://t.me/winnerexperts_1

https://t.me/winnerexperts_1

https://t.me/winnerexperts_1

https://t.me/winnerexperts_1

https://t.me/winnerexperts_1

https://t.me/winnerexperts_1

https://t.me/winnerexperts_1

Join☝️

<PERSON> fadia hoo ga 1 crore sa 3 crores win <PERSON><PERSON> channal join karr do",2024-01-24T17:54:48+00:00,,,
68561,krazzzzysam,https://t.me/krazzzzysam,"<PERSON>:
<PERSON>:
https://t.me/winnerexperts_1

https://t.me/winnerexperts_1

https://t.me/winnerexperts_1

https://t.me/winnerexperts_1

https://t.me/winnerexperts_1

https://t.me/winnerexperts_1

https://t.me/winnerexperts_1

https://t.me/winnerexperts_1

https://t.me/winnerexperts_1

https://t.me/winnerexperts_1

https://t.me/winnerexperts_1

https://t.me/winnerexperts_1

https://t.me/winnerexperts_1

https://t.me/winnerexperts_1

https://t.me/winnerexperts_1

https://t.me/winnerexperts_1

https://t.me/winnerexperts_1

https://t.me/winnerexperts_1

https://t.me/winnerexperts_1

https://t.me/winnerexperts_1

https://t.me/winnerexperts_1

https://t.me/winnerexperts_1

https://t.me/winnerexperts_1

https://t.me/winnerexperts_1

https://t.me/winnerexperts_1

https://t.me/winnerexperts_1

https://t.me/winnerexperts_1

https://t.me/winnerexperts_1

https://t.me/winnerexperts_1

<PERSON>:
https://t.me/winnerexperts_1

https://t.me/winnerexperts_1

https://t.me/winnerexperts_1

https://t.me/winnerexperts_1

https://t.me/winnerexperts_1

https://t.me/winnerexperts_1

https://t.me/winnerexperts_1

https://t.me/winnerexperts_1

https://t.me/winnerexperts_1

https://t.me/winnerexperts_1

https://t.me/winnerexperts_1

https://t.me/winnerexperts_1

https://t.me/winnerexperts_1

https://t.me/winnerexperts_1

https://t.me/winnerexperts_1

https://t.me/winnerexperts_1

https://t.me/winnerexperts_1

https://t.me/winnerexperts_1

https://t.me/winnerexperts_1

<PERSON>:
https://t.me/winnerexperts_1

https://t.me/winnerexperts_1

https://t.me/winnerexperts_1

https://t.me/winnerexperts_1

https://t.me/winnerexperts_1

https://t.me/winnerexperts_1

https://t.me/winnerexperts_1

https://t.me/winnerexperts_1

https://t.me/winnerexperts_1

https://t.me/winnerexperts_1

https://t.me/winnerexperts_1

https://t.me/winnerexperts_1

https://t.me/winnerexperts_1

https://t.me/winnerexperts_1

https://t.me/winnerexperts_1

https://t.me/winnerexperts_1

https://t.me/winnerexperts_1

https://t.me/winnerexperts_1

https://t.me/winnerexperts_1

https://t.me/winnerexperts_1

https://t.me/winnerexperts_1

https://t.me/winnerexperts_1

https://t.me/winnerexperts_1

https://t.me/winnerexperts_1

https://t.me/winnerexperts_1

https://t.me/winnerexperts_1

https://t.me/winnerexperts_1

https://t.me/winnerexperts_1

https://t.me/winnerexperts_1

<PERSON>:
https://t.me/winnerexperts_1

https://t.me/winnerexperts_1

https://t.me/winnerexperts_1

https://t.me/winnerexperts_1

https://t.me/winnerexperts_1

https://t.me/winnerexperts_1

https://t.me/winnerexperts_1

https://t.me/winnerexperts_1

https://t.me/winnerexperts_1

https://t.me/winnerexperts_1

https://t.me/winnerexperts_1

https://t.me/winnerexperts_1

https://t.me/winnerexperts_1

https://t.me/winnerexperts_1

https://t.me/winnerexperts_1

https://t.me/winnerexperts_1

https://t.me/winnerexperts_1

https://t.me/winnerexperts_1

https://t.me/winnerexperts_1

Join☝️

<PERSON> fadia hoo ga 1 crore sa 3 crores win <PERSON><PERSON> channal join karr do",2024-01-24T17:53:08+00:00,,,
68559,krazzzzysam,https://t.me/krazzzzysam,THls ls 40,2024-01-24T17:50:01+00:00,,,
68557,krazzzzysam,https://t.me/krazzzzysam,Are bhai downloding bhaii hoo rha yrrr vase <PERSON> do <PERSON> download hoo jayee,2024-01-24T17:43:09+00:00,,,
68554,krazzzzysam,https://t.me/krazzzzysam,<PERSON> he,2024-01-24T17:39:38+00:00,,,
68535,krazzzzysam,https://t.me/krazzzzysam,"Download <PERSON>, thanks for sharing",2024-01-24T17:32:18+00:00,,,
68500,krazzzzysam,https://t.me/krazzzzysam,The last man on the earth,2024-01-24T17:28:49+00:00,,,
68498,krazzzzysam,https://t.me/krazzzzysam,Hi,2024-01-24T17:28:34+00:00,,,
68485,krazzzzysam,https://t.me/krazzzzysam,Download <PERSON> ha,2024-01-24T17:22:53+00:00,,,
68484,krazzzzysam,https://t.me/krazzzzysam,<PERSON> is film <PERSON> link send karo,2024-01-24T17:22:44+00:00,,,👍: 1
68483,krazzzzysam,https://t.me/krazzzzysam,Hi,2024-01-24T17:21:06+00:00,,,
68482,krazzzzysam,https://t.me/krazzzzysam,Nhi ho <PERSON> bi nhi <PERSON>,2024-01-24T17:18:25+00:00,,,
68476,krazzzzysam,https://t.me/krazzzzysam,Hii,2024-01-24T17:14:36+00:00,,,
68471,krazzzzysam,https://t.me/krazzzzysam,The brothers <PERSON>,2024-01-24T17:10:31+00:00,,,
68468,krazzzzysam,https://t.me/krazzzzysam,Nhi ho rhi movie download,2024-01-24T17:08:34+00:00,,,
68467,krazzzzysam,https://t.me/krazzzzysam,<PERSON> h dost,2024-01-24T17:04:21+00:00,,,
68466,krazzzzysam,https://t.me/krazzzzysam,Add <PERSON> group <PERSON>,2024-01-24T17:02:58+00:00,,,
68465,krazzzzysam,https://t.me/krazzzzysam,<PERSON>,2024-01-24T17:02:45+00:00,,,
68460,krazzzzysam,https://t.me/krazzzzysam,Hi,2024-01-24T16:54:03+00:00,,,
68459,krazzzzysam,https://t.me/krazzzzysam,😒,2024-01-24T16:50:34+00:00,,,
68457,krazzzzysam,https://t.me/krazzzzysam,New movie,2024-01-24T16:49:07+00:00,,,
68456,krazzzzysam,https://t.me/krazzzzysam,"<PERSON>:
<PERSON>:
https://t.me/winnerexperts_1

https://t.me/winnerexperts_1

https://t.me/winnerexperts_1

https://t.me/winnerexperts_1

https://t.me/winnerexperts_1

https://t.me/winnerexperts_1

https://t.me/winnerexperts_1

https://t.me/winnerexperts_1

https://t.me/winnerexperts_1

https://t.me/winnerexperts_1

https://t.me/winnerexperts_1

https://t.me/winnerexperts_1

https://t.me/winnerexperts_1

https://t.me/winnerexperts_1

https://t.me/winnerexperts_1

https://t.me/winnerexperts_1

https://t.me/winnerexperts_1

https://t.me/winnerexperts_1

https://t.me/winnerexperts_1

https://t.me/winnerexperts_1

https://t.me/winnerexperts_1

https://t.me/winnerexperts_1

https://t.me/winnerexperts_1

https://t.me/winnerexperts_1

https://t.me/winnerexperts_1

https://t.me/winnerexperts_1

https://t.me/winnerexperts_1

https://t.me/winnerexperts_1

https://t.me/winnerexperts_1

<PERSON>:
https://t.me/winnerexperts_1

https://t.me/winnerexperts_1

https://t.me/winnerexperts_1

https://t.me/winnerexperts_1

https://t.me/winnerexperts_1

https://t.me/winnerexperts_1

https://t.me/winnerexperts_1

https://t.me/winnerexperts_1

https://t.me/winnerexperts_1

https://t.me/winnerexperts_1

https://t.me/winnerexperts_1

https://t.me/winnerexperts_1

https://t.me/winnerexperts_1

https://t.me/winnerexperts_1

https://t.me/winnerexperts_1

https://t.me/winnerexperts_1

https://t.me/winnerexperts_1

https://t.me/winnerexperts_1

https://t.me/winnerexperts_1

<PERSON>:
https://t.me/winnerexperts_1

https://t.me/winnerexperts_1

https://t.me/winnerexperts_1

https://t.me/winnerexperts_1

https://t.me/winnerexperts_1

https://t.me/winnerexperts_1

https://t.me/winnerexperts_1

https://t.me/winnerexperts_1

https://t.me/winnerexperts_1

https://t.me/winnerexperts_1

https://t.me/winnerexperts_1

https://t.me/winnerexperts_1

https://t.me/winnerexperts_1

https://t.me/winnerexperts_1

https://t.me/winnerexperts_1

https://t.me/winnerexperts_1

https://t.me/winnerexperts_1

https://t.me/winnerexperts_1

https://t.me/winnerexperts_1

https://t.me/winnerexperts_1

https://t.me/winnerexperts_1

https://t.me/winnerexperts_1

https://t.me/winnerexperts_1

https://t.me/winnerexperts_1

https://t.me/winnerexperts_1

https://t.me/winnerexperts_1

https://t.me/winnerexperts_1

https://t.me/winnerexperts_1

https://t.me/winnerexperts_1

<PERSON>:
https://t.me/winnerexperts_1

https://t.me/winnerexperts_1

https://t.me/winnerexperts_1

https://t.me/winnerexperts_1

https://t.me/winnerexperts_1

https://t.me/winnerexperts_1

https://t.me/winnerexperts_1

https://t.me/winnerexperts_1

https://t.me/winnerexperts_1

https://t.me/winnerexperts_1

https://t.me/winnerexperts_1

https://t.me/winnerexperts_1

https://t.me/winnerexperts_1

https://t.me/winnerexperts_1

https://t.me/winnerexperts_1

https://t.me/winnerexperts_1

https://t.me/winnerexperts_1

https://t.me/winnerexperts_1

https://t.me/winnerexperts_1

Join☝️

Anshu ji:
<PERSON> link bhej do",2024-01-24T16:47:29+00:00,,,👍: 1
68453,krazzzzysam,https://t.me/krazzzzysam,97% pr ruk gyi h download nhi <PERSON>,2024-01-24T16:45:28+00:00,,,
68452,krazzzzysam,https://t.me/krazzzzysam,<PERSON>,2024-01-24T16:44:48+00:00,,,
68449,krazzzzysam,https://t.me/krazzzzysam,Nhi ho rhi h,2024-01-24T16:41:05+00:00,,,
68447,krazzzzysam,https://t.me/krazzzzysam,<PERSON>send <PERSON> do na bhai,2024-01-24T16:37:20+00:00,,,
68445,krazzzzysam,https://t.me/krazzzzysam,Download nhi <PERSON>,2024-01-24T16:37:01+00:00,,,
68444,krazzzzysam,https://t.me/krazzzzysam,<PERSON>,2024-01-24T16:36:58+00:00,,,
68441,krazzzzysam,https://t.me/krazzzzysam,<PERSON>,2024-01-24T16:35:55+00:00,,,
68438,krazzzzysam,https://t.me/krazzzzysam,Join this group for hack,2024-01-24T16:35:34+00:00,,,
68437,krazzzzysam,https://t.me/krazzzzysam,https://t.me/BDGHackAvailable,2024-01-24T16:35:24+00:00,,,
68435,krazzzzysam,https://t.me/krazzzzysam,Download nhi <PERSON>,2024-01-24T16:34:43+00:00,,,
68434,krazzzzysam,https://t.me/krazzzzysam,<PERSON>,2024-01-24T16:34:29+00:00,,,
68431,krazzzzysam,https://t.me/krazzzzysam,Hi,2024-01-24T16:32:50+00:00,,,
68430,krazzzzysam,https://t.me/krazzzzysam,Hi,2024-01-24T16:31:20+00:00,,,
68428,krazzzzysam,https://t.me/krazzzzysam,Ya sari movie dak li,2024-01-24T16:29:25+00:00,,,
68427,krazzzzysam,https://t.me/krazzzzysam,<PERSON>,2024-01-24T16:29:14+00:00,,,
68426,krazzzzysam,https://t.me/krazzzzysam,Bhai our movie dal do,2024-01-24T16:29:08+00:00,,,
68420,krazzzzysam,https://t.me/krazzzzysam,<PERSON>,2024-01-24T16:26:32+00:00,,,
68419,krazzzzysam,https://t.me/krazzzzysam,Khase banaye acount,2024-01-24T16:26:01+00:00,,,
68416,krazzzzysam,https://t.me/krazzzzysam,<PERSON>,2024-01-24T16:24:36+00:00,,,
68413,krazzzzysam,https://t.me/krazzzzysam,Hii,2024-01-24T16:23:35+00:00,,,
68410,krazzzzysam,https://t.me/krazzzzysam,<PERSON> download bhai,2024-01-24T16:23:22+00:00,,,
68409,krazzzzysam,https://t.me/krazzzzysam,Ad pr click krne <PERSON> h and click ke baad Facebook open <PERSON>,2024-01-24T16:23:20+00:00,,,
68408,krazzzzysam,https://t.me/krazzzzysam,Download nhi <PERSON>,2024-01-24T16:23:11+00:00,,,
68407,krazzzzysam,https://t.me/krazzzzysam,<PERSON>,2024-01-24T16:23:10+00:00,,,
68406,krazzzzysam,https://t.me/krazzzzysam,<PERSON> india ka ad <PERSON>,2024-01-24T16:23:08+00:00,,,👍: 1
68405,krazzzzysam,https://t.me/krazzzzysam,Line open hi nhi <PERSON>,2024-01-24T16:23:07+00:00,,,
68404,krazzzzysam,https://t.me/krazzzzysam,<PERSON>,2024-01-24T16:22:59+00:00,,,👍: 3
68403,krazzzzysam,https://t.me/krazzzzysam,Account <PERSON> he,2024-01-24T16:22:38+00:00,,,
68402,krazzzzysam,https://t.me/krazzzzysam,<PERSON> he,2024-01-24T16:22:31+00:00,,,
68400,krazzzzysam,https://t.me/krazzzzysam,Download nhii <PERSON>,2024-01-24T16:22:27+00:00,,,
68399,krazzzzysam,https://t.me/krazzzzysam,<PERSON>,2024-01-24T16:22:16+00:00,,,🔥: 1
68398,krazzzzysam,https://t.me/krazzzzysam,<PERSON>,2024-01-24T16:22:14+00:00,,,
68397,krazzzzysam,https://t.me/krazzzzysam,Ha bro,2024-01-24T16:22:14+00:00,,,
68396,krazzzzysam,https://t.me/krazzzzysam,<PERSON> mere <PERSON>,2024-01-24T16:22:12+00:00,,,👍: 1
68395,krazzzzysam,https://t.me/krazzzzysam,Are Bhai download <PERSON>,2024-01-24T16:22:04+00:00,,,
68394,krazzzzysam,https://t.me/krazzzzysam,Ye download,2024-01-24T16:22:02+00:00,,,
68393,krazzzzysam,https://t.me/krazzzzysam,<PERSON>,2024-01-24T16:21:56+00:00,,,
68392,krazzzzysam,https://t.me/krazzzzysam,<PERSON> account <PERSON>,2024-01-24T16:21:47+00:00,,,
68391,krazzzzysam,https://t.me/krazzzzysam,Hi,2024-01-24T16:21:45+00:00,,,
