id,Channel ID,URL,message,date,views,forwards,reactions
501,krazzzzysam,https://t.me/krazzzzysam,"How H!gh Movie Hindi Dubbed 480p and 720p Download link here 👇👇

  • 480p 👇
   https://ziplinker.net/WicAHgF

  • 720p 👇
   https://ziplinker.net/WicAHgF
_ _ _ _ _ _ _ _ _ _ _ _ _ _ _ _ _

Movie Ke bare me iss reel me btaya <PERSON>https://www.instagram.com/reel/C19pSQdPS2P/?igsh=MXIyeGt4MHh3aTJqNA==

         ⚠️ IMPORTANT ⚠️

• Jisko Download Karne Mai Problem Ho wo ye
   wali video dekhlo 👇👇

https://t.me/KrazzzzySam/471

agr ad blocker show <PERSON> to phone ki settings me jakr private DNS off <PERSON> download <PERSON>",2024-01-11T16:52:43+00:00,257674.0,201.0,"👍: 170, ❤: 17, 😱: 7, 👎: 6, 🥰: 4, 🔥: 2, 👏: 1"
71357,krazzzzysam,https://t.me/krazzzzysam,https://youtube.com/@Happy_bhati?si=l_ZBFCbDo9lILuN5,2024-02-07T08:33:41+00:00,,,
69608,krazzzzysam,https://t.me/krazzzzysam,"Hi
my friend
<PERSON> me movies / Web series /  TV shows  download <PERSON> to join karo mere telegram channel ko

Telegram channel name :  Tlsbro 
Link ⬇️

https://t.me/+5lkJC4v3gMM2Yjc9",2024-01-29T15:45:52+00:00,,,
67833,krazzzzysam,https://t.me/krazzzzysam,Bro we want second part ✊,2024-01-23T21:31:39+00:00,,,
67131,krazzzzysam,https://t.me/krazzzzysam,Hello yah movie download <PERSON> download <PERSON> brother <PERSON> na,2024-01-19T12:10:24+00:00,,,
66769,krazzzzysam,https://t.me/krazzzzysam,Howhigh,2024-01-17T06:06:23+00:00,,,
66394,krazzzzysam,https://t.me/krazzzzysam,"https://t.me/Movie3sk
https://t.me/Movie3sk
https://t.me/Movie3sk
https://t.me/Movie3sk
https://t.me/Movie3sk
https://t.me/Movie3sk
https://t.me/Movie3sk
https://t.me/Movie3sk
https://t.me/Movie3sk",2024-01-13T18:51:59+00:00,,,
66290,krazzzzysam,https://t.me/krazzzzysam,<PERSON> hy...<PERSON> hori hy,2024-01-13T07:36:40+00:00,,,
66257,krazzzzysam,https://t.me/krazzzzysam,"<PERSON>.
Bluetooth earbuds dhamaal offer <PERSON> 81% of <PERSON> cal bhar Tak karega ya FIR <PERSON> 500 <PERSON> purchase <PERSON> to offer khatm <PERSON>",2024-01-12T17:38:28+00:00,,,
66210,krazzzzysam,https://t.me/krazzzzysam,"<PERSON> movie
<PERSON> to dusri website khul <PERSON> hi <PERSON>",2024-01-12T13:26:26+00:00,,,
66207,krazzzzysam,https://t.me/krazzzzysam,All movie me language <PERSON> help karo dear sir,2024-01-12T13:04:21+00:00,,,
66194,krazzzzysam,https://t.me/krazzzzysam,the boys veb siris dalo,2024-01-12T09:55:40+00:00,,,
66192,krazzzzysam,https://t.me/krazzzzysam,Iska second part lao bhai,2024-01-12T09:43:16+00:00,,,
66191,krazzzzysam,https://t.me/krazzzzysam,Is channel per ek free movie dekhne <PERSON> aapka link hai,2024-01-12T09:42:57+00:00,,,
66190,krazzzzysam,https://t.me/krazzzzysam,"https://t.me/movielatest18
https://t.me/movielatest18
https://t.me/movielatest18
https://t.me/movielatest18
https://t.me/movielatest18
https://t.me/movielatest18
https://t.me/movielatest18",2024-01-12T09:34:26+00:00,,,
66188,krazzzzysam,https://t.me/krazzzzysam,Many histri <DATE_TIME>,2024-01-12T09:00:55+00:00,,,
66182,krazzzzysam,https://t.me/krazzzzysam,<PERSON> anime ya movie channel <PERSON> link ki,2024-01-12T08:28:38+00:00,,,
66177,krazzzzysam,https://t.me/krazzzzysam,<PERSON> koi nhi <PERSON> ho,2024-01-12T07:56:38+00:00,,,
66174,krazzzzysam,https://t.me/krazzzzysam,Rough nght,2024-01-12T07:13:18+00:00,,,
66173,krazzzzysam,https://t.me/krazzzzysam,Tera box ka link <PERSON> na,2024-01-12T06:51:37+00:00,,,
66171,krazzzzysam,https://t.me/krazzzzysam,Channel bta do bro..!💖,2024-01-12T06:05:29+00:00,,,
66170,krazzzzysam,https://t.me/krazzzzysam,<PERSON> do bhai !!,2024-01-12T06:05:11+00:00,,,
66169,krazzzzysam,https://t.me/krazzzzysam,Didi 😂🔥🏄,2024-01-12T05:56:30+00:00,,,
66167,krazzzzysam,https://t.me/krazzzzysam,Crash Course,2024-01-12T05:23:54+00:00,,,
66161,krazzzzysam,https://t.me/krazzzzysam,Wrong link <PERSON> my fault download hot aahe,2024-01-12T04:21:45+00:00,,,
66135,krazzzzysam,https://t.me/krazzzzysam,Isase movie <PERSON> to maja a jata hai,2024-01-11T23:55:28+00:00,,,
66134,krazzzzysam,https://t.me/krazzzzysam,<PERSON> headphone <PERSON> best quality <PERSON>,2024-01-11T23:55:14+00:00,,,👍: 1
66133,krazzzzysam,https://t.me/krazzzzysam,https://www.amazon.in/Zebronics-Zeb-Bro-Wired-Earphone/dp/B07T5DKR5D?_encoding=UTF8&pd_rd_w=C3mKD&content-id=amzn1.sym.44901b9b-bd56-4240-8b6b-3ad72079fb43%3Aamzn1.symc.adba8a53-36db-43df-a081-77d28e1b71e6&pf_rd_p=44901b9b-bd56-4240-8b6b-3ad72079fb43&pf_rd_r=2NJ3DQ9ZH4XCZ7D973NW&pd_rd_wg=hVd8l&pd_rd_r=b802c2ba-9a67-471d-aab1-2352456cee87&th=1&linkCode=ll1&tag=sajankumar04-21&linkId=c61f1ef5530a23963f7b659fbd9cbfdc&language=en_IN&ref_=as_li_ss_tl,2024-01-11T23:55:00+00:00,,,
66128,krazzzzysam,https://t.me/krazzzzysam,<PERSON> movie ka link send karo,2024-01-11T21:17:48+00:00,,,
66127,krazzzzysam,https://t.me/krazzzzysam,"<NRP> ham Ladko <PERSON> ? 🌝<PERSON>

◉ DOWNLOAD LINK 👇( Hindi Dubbed ) 👇
https://link.vipurl.in/DaOJFO
https://link.vipurl.in/DaOJFO
<PERSON>
🍿 Reel About This Movie
👉 https://www.instagram.com/reel/C19piltLzyw/?igsh=cW8zanZkemM0eHd1
<PERSON>• Jisko Download Karne Me Problem <PERSON> Ko Dekhlo 👇👇👇👇
https://t.me/megacinema_05/219",2024-01-11T21:17:18+00:00,,,
66124,krazzzzysam,https://t.me/krazzzzysam,<PERSON> 😊☺️?...,2024-01-11T19:28:46+00:00,,,
66122,krazzzzysam,https://t.me/krazzzzysam,(Runaway bride hid from abuser) ye movie chahiye <NRP> bhai link <PERSON>,2024-01-11T18:53:16+00:00,,,
66121,krazzzzysam,https://t.me/krazzzzysam,Thank you so much 🙏,2024-01-11T18:42:03+00:00,,,
66118,krazzzzysam,https://t.me/krazzzzysam,Bsdk movie kuch or <PERSON> or download kuch or <PERSON>,2024-01-11T18:08:21+00:00,,,👍: 1
66086,krazzzzysam,https://t.me/krazzzzysam,<NRP> log,2024-01-11T17:28:05+00:00,,,
66085,krazzzzysam,https://t.me/krazzzzysam,Hi,2024-01-11T17:24:57+00:00,,,
66081,krazzzzysam,https://t.me/krazzzzysam,"https://t.me/Movie3sk
https://t.me/Movie3sk
https://t.me/Movie3sk
https://t.me/Movie3sk
https://t.me/Movie3skhttps://t.me/Movie3sk
https://t.me/Movie3sk
https://t.me/Movie3sk
https://t.me/Movie3sk
https://t.me/Movie3sk",2024-01-11T17:12:27+00:00,,,
66080,krazzzzysam,https://t.me/krazzzzysam,"https://t.me/Movie3sk
https://t.me/Movie3sk
https://t.me/Movie3sk
https://t.me/Movie3sk
https://t.me/Movie3sk",2024-01-11T17:12:13+00:00,,,
66078,krazzzzysam,https://t.me/krazzzzysam,rutik <PERSON>,2024-01-11T17:00:07+00:00,,,
66077,krazzzzysam,https://t.me/krazzzzysam,<PERSON>,2024-01-11T16:55:11+00:00,,,🤔: 1
66076,krazzzzysam,https://t.me/krazzzzysam,Hlo bro koi online streaming <PERSON> movie good luck to you <PERSON> nhi hori,2024-01-11T16:54:59+00:00,,,
