id,Channel ID,URL,message,date,views,forwards,reactions
550,krazzzzysam,https://t.me/krazzzzysam,"$eco#d OR!g!n <DATE_TIME> Movie Hindi Dubbed Download link here 👇

  • 480p 👇
    <PERSON>• 720p 👇
    https://ziplinker.net/8oASql
_ _ _ _ _ _ _ _ _ _ _ _ _ _ _ _ _ _

Movie ke bare me iss reel me btaya <PERSON>
https://www.instagram.com/reel/C3KwIBMoHxX/?igsh=MWtscmczc2ExcXoxYw==

        ⚠️ IMPORTANT ⚠️

• Jisko Download Karne Mai Problem Ho wo ye
   wali video dekhlo 👇👇

https://t.me/KrazzzzySam/541

agr ad blocker show <PERSON> to phone ki settings me jakr private DNS off <PERSON> download <PERSON>",2024-02-10T13:29:23+00:00,324089.0,607.0,"👍: 235, 👎: 24, ❤: 15, 🔥: 7, 👏: 3, 🤯: 3, 😁: 1, 🤔: 1"
81605,krazzzzysam,https://t.me/krazzzzysam,<PERSON>,2024-04-27T09:15:25+00:00,,,
81604,krazzzzysam,https://t.me/krazzzzysam,<PERSON> not found,2024-04-27T09:15:17+00:00,,,
81603,krazzzzysam,https://t.me/krazzzzysam,Bhai ye movie daunlod nhi <PERSON>,2024-04-27T09:09:17+00:00,,,
81159,krazzzzysam,https://t.me/krazzzzysam,<PERSON> movie,2024-04-22T05:46:28+00:00,,,
81158,krazzzzysam,https://t.me/krazzzzysam,Hii,2024-04-22T05:46:16+00:00,,,
80435,krazzzzysam,https://t.me/krazzzzysam,Hi,2024-04-17T08:57:41+00:00,,,
78931,krazzzzysam,https://t.me/krazzzzysam,<PERSON> movie <PERSON> nii a rhi,2024-04-03T08:03:47+00:00,,,
78600,krazzzzysam,https://t.me/krazzzzysam,मूवी <PERSON> लिंक हिंद मे de,2024-04-01T07:13:00+00:00,,,
74582,krazzzzysam,https://t.me/krazzzzysam,Movie <PERSON> help kor do bhai log,2024-03-11T06:46:20+00:00,,,
74275,krazzzzysam,https://t.me/krazzzzysam,https://rummyggg.com/?from_gameid=21643179&channelCode=200000,2024-03-05T22:44:12+00:00,,,
73041,krazzzzysam,https://t.me/krazzzzysam,Kb tk time <PERSON> bro mujhe message kro isi phone se paise kamana sikhauga,2024-02-19T08:47:24+00:00,,,
73030,krazzzzysam,https://t.me/krazzzzysam,https://whatsapp.com/channel/0029VaFdi5x6hENyzD9cni47,2024-02-19T06:52:07+00:00,,,
72887,krazzzzysam,https://t.me/krazzzzysam,Faltu ka data barbad,2024-02-17T16:22:21+00:00,,,👍: 1
72885,krazzzzysam,https://t.me/krazzzzysam,<PERSON>,2024-02-17T16:21:44+00:00,,,👍: 2
72869,krazzzzysam,https://t.me/krazzzzysam,Bhai .hindi m download <PERSON> .,2024-02-17T14:13:03+00:00,,,
72529,krazzzzysam,https://t.me/krazzzzysam,Join this channel,2024-02-14T19:24:43+00:00,,,
72528,krazzzzysam,https://t.me/krazzzzysam,https://t.me/BDGHackAvailable,2024-02-14T19:24:39+00:00,,,👍: 1
72495,krazzzzysam,https://t.me/krazzzzysam,Download nhi <PERSON>,2024-02-14T12:57:46+00:00,,,👍: 1
72473,krazzzzysam,https://t.me/krazzzzysam,Bhai ye movie <PERSON> dubbed nehi he,2024-02-14T05:41:16+00:00,,,👍: 1
72421,krazzzzysam,https://t.me/krazzzzysam,Ha bhe ya movie Hindi me <PERSON> ha,2024-02-13T14:07:45+00:00,,,
72413,krazzzzysam,https://t.me/krazzzzysam,Second origin ye movie Hindi me nahi he,2024-02-13T12:40:18+00:00,,,
72412,krazzzzysam,https://t.me/krazzzzysam,<PERSON> he keya,2024-02-13T12:39:37+00:00,,,
72386,krazzzzysam,https://t.me/krazzzzysam,<PERSON> bro 👍,2024-02-13T06:35:46+00:00,,,
72358,krazzzzysam,https://t.me/krazzzzysam,Link open <PERSON>,2024-02-12T18:14:25+00:00,,,
72356,krazzzzysam,https://t.me/krazzzzysam,Not downloading in hindi,2024-02-12T18:09:25+00:00,,,
72307,krazzzzysam,https://t.me/krazzzzysam,Second Origin movie note downloading not <PERSON> dubbed,2024-02-12T11:03:32+00:00,,,
72291,krazzzzysam,https://t.me/krazzzzysam,Hindi me play <PERSON> h ye ya bas <PERSON> banate ho,2024-02-12T09:21:12+00:00,,,
72258,krazzzzysam,https://t.me/krazzzzysam,Bhai ye Hindi me <PERSON>,2024-02-12T06:22:47+00:00,,,
72256,krazzzzysam,https://t.me/krazzzzysam,The medium movie <PERSON> na bhai,2024-02-12T04:43:49+00:00,,,
72248,krazzzzysam,https://t.me/krazzzzysam,Hindi me nahi mil <PERSON>,2024-02-11T20:06:44+00:00,,,
72246,krazzzzysam,https://t.me/krazzzzysam,<PERSON> <DATE_TIME>,2024-02-11T18:01:14+00:00,,,
72241,krazzzzysam,https://t.me/krazzzzysam,Bhai link <PERSON>,2024-02-11T17:36:20+00:00,,,👍: 1
72223,krazzzzysam,https://t.me/krazzzzysam,https://rushbyhike.app.link/FOUXT1gmBwb,2024-02-11T16:27:52+00:00,,,
72218,krazzzzysam,https://t.me/krazzzzysam,Movie link,2024-02-11T15:53:43+00:00,,,
72216,krazzzzysam,https://t.me/krazzzzysam,<PERSON> movie la do,2024-02-11T14:06:30+00:00,,,👍: 2
72206,krazzzzysam,https://t.me/krazzzzysam,Crash course,2024-02-11T12:54:22+00:00,,,👍: 1
72198,krazzzzysam,https://t.me/krazzzzysam,<PERSON> do ki <NRP> police force download <PERSON>,2024-02-11T11:33:15+00:00,,,👍: 1
72196,krazzzzysam,https://t.me/krazzzzysam,Hii,2024-02-11T11:11:25+00:00,,,
72193,krazzzzysam,https://t.me/krazzzzysam,Second origin Hindi language me movie <PERSON> to send kro👍,2024-02-11T11:03:02+00:00,,,👍: 2
72191,krazzzzysam,https://t.me/krazzzzysam,Deep blue shark full movie <PERSON>,2024-02-11T10:24:09+00:00,,,👍: 1
72190,krazzzzysam,https://t.me/krazzzzysam,Avtar 2,2024-02-11T10:17:24+00:00,,,👍: 1
72189,krazzzzysam,https://t.me/krazzzzysam,Second Origin ta Hindi language me <PERSON> language <PERSON> send <PERSON>,2024-02-11T10:11:21+00:00,,,👍: 2
72184,krazzzzysam,https://t.me/krazzzzysam,<PERSON>,2024-02-11T10:02:06+00:00,,,
72183,krazzzzysam,https://t.me/krazzzzysam,Movie,2024-02-11T10:01:57+00:00,,,
72182,krazzzzysam,https://t.me/krazzzzysam,Dhis is 40,2024-02-11T10:01:51+00:00,,,👍: 1
72180,krazzzzysam,https://t.me/krazzzzysam,Ks profit ka link nhi mill rha hai,2024-02-11T09:13:38+00:00,,,👍: 1
72177,krazzzzysam,https://t.me/krazzzzysam,Come to New movie 🎥🎥🎥🎥🎥🎥🎥,2024-02-11T08:19:46+00:00,,,
72176,krazzzzysam,https://t.me/krazzzzysam,New movie 🎥😀😀,2024-02-11T08:19:30+00:00,,,
72169,krazzzzysam,https://t.me/krazzzzysam,Download karte hi money withdraw <PERSON>,2024-02-11T07:15:28+00:00,,,
72168,krazzzzysam,https://t.me/krazzzzysam,"new earning app 

https://mpaisa.b4a.app/?uid=qG6Vus86j0",2024-02-11T07:14:45+00:00,,,
72151,krazzzzysam,https://t.me/krazzzzysam,Come whatsapp,2024-02-11T05:16:18+00:00,,,
72150,krazzzzysam,https://t.me/krazzzzysam,Follow this link to join my WhatsApp group: https://chat.whatsapp.com/CWl50P8oxglJ0fdVrORRoB,2024-02-11T05:16:05+00:00,,,
72149,krazzzzysam,https://t.me/krazzzzysam,Ceash course,2024-02-11T04:49:04+00:00,,,👍: 1
72148,krazzzzysam,https://t.me/krazzzzysam,Bhai ya to download <PERSON> ad block ka option arha hei uske age <PERSON> 🤦😒,2024-02-11T04:43:20+00:00,,,
72147,krazzzzysam,https://t.me/krazzzzysam,<PERSON> movie,2024-02-11T04:42:11+00:00,,,
72140,krazzzzysam,https://t.me/krazzzzysam,Please please,2024-02-11T03:33:08+00:00,,,
72139,krazzzzysam,https://t.me/krazzzzysam,<PERSON>,2024-02-11T03:33:00+00:00,,,
72138,krazzzzysam,https://t.me/krazzzzysam,Please,2024-02-11T03:32:45+00:00,,,
72137,krazzzzysam,https://t.me/krazzzzysam,Bhai,2024-02-11T03:32:41+00:00,,,
72136,krazzzzysam,https://t.me/krazzzzysam,<PERSON> women movie dalo,2024-02-11T03:32:38+00:00,,,
72129,krazzzzysam,https://t.me/krazzzzysam,R,2024-02-11T02:47:07+00:00,,,
72128,krazzzzysam,https://t.me/krazzzzysam,क्रैश कोर्स मूवी,2024-02-11T02:45:52+00:00,,,
72126,krazzzzysam,https://t.me/krazzzzysam,https://www.instagram.com/reel/Cz_vldrPiqK/?igsh=dXBqc3Y3MnB0cmow,2024-02-11T02:40:48+00:00,,,
72125,krazzzzysam,https://t.me/krazzzzysam,Are koy iska <NRP> English me subtitle <PERSON> pls,2024-02-11T01:36:19+00:00,,,
72124,krazzzzysam,https://t.me/krazzzzysam,Hindi me nahi,2024-02-11T01:12:32+00:00,,,
72120,krazzzzysam,https://t.me/krazzzzysam,<PERSON> download,2024-02-10T20:17:07+00:00,,,
72116,krazzzzysam,https://t.me/krazzzzysam,Part 2,2024-02-10T18:04:37+00:00,,,
72115,krazzzzysam,https://t.me/krazzzzysam,Part 2 kha h,2024-02-10T18:04:30+00:00,,,
72110,krazzzzysam,https://t.me/krazzzzysam,You don't mess with the zohan 2008,2024-02-10T17:38:29+00:00,,,
72096,krazzzzysam,https://t.me/krazzzzysam,Join link and WhatsApp,2024-02-10T17:09:57+00:00,,,
72095,krazzzzysam,https://t.me/krazzzzysam,https://chat.whatsapp.com/CWl50P8oxglJ0fdVrORRoB,2024-02-10T17:09:47+00:00,,,
72094,krazzzzysam,https://t.me/krazzzzysam,https://chat.whatsapp.com/CWl50P8oxglJ0fdVrORRoB,2024-02-10T17:09:45+00:00,,,
72093,krazzzzysam,https://t.me/krazzzzysam,https://chat.whatsapp.com/CWl50P8oxglJ0fdVrORRoB,2024-02-10T17:09:41+00:00,,,
72084,krazzzzysam,https://t.me/krazzzzysam,अगर कोई मुझे आंटी <NRP> नंबर देगा तो मैं उसे लड़की का नंबर दूंगा पर्सनल <PERSON> करो,2024-02-10T17:03:21+00:00,,,
72083,krazzzzysam,https://t.me/krazzzzysam,https://chat.whatsapp.com/CWl50P8oxglJ0fdVrORRoB,2024-02-10T16:49:43+00:00,,,
72078,krazzzzysam,https://t.me/krazzzzysam,Talk to me,2024-02-10T16:32:19+00:00,,,
72077,krazzzzysam,https://t.me/krazzzzysam,Sleeping with my student movie,2024-02-10T16:30:14+00:00,,,👍: 1
72076,krazzzzysam,https://t.me/krazzzzysam,<PERSON> movie kb llaao ge,2024-02-10T16:26:31+00:00,,,👍: 1
72063,krazzzzysam,https://t.me/krazzzzysam,🧐,2024-02-10T15:32:05+00:00,,,
72062,krazzzzysam,https://t.me/krazzzzysam,Picture abhi <PERSON> web series,2024-02-10T15:27:40+00:00,,,👍: 1
72039,krazzzzysam,https://t.me/krazzzzysam,Sir,2024-02-10T14:16:25+00:00,,,
72038,krazzzzysam,https://t.me/krazzzzysam,Crash course web series ki link dalo,2024-02-10T14:16:23+00:00,,,
72034,krazzzzysam,https://t.me/krazzzzysam,How to download <NRP> police force,2024-02-10T14:05:38+00:00,,,
72028,krazzzzysam,https://t.me/krazzzzysam,iso mai kese dekh <PERSON> bro ?,2024-02-10T13:50:57+00:00,,,
72021,krazzzzysam,https://t.me/krazzzzysam,Social media se earning,2024-02-10T13:33:44+00:00,,,
72020,krazzzzysam,https://t.me/krazzzzysam,<PHONE_NUMBER> message me whatsApp  Are you want earn money from online with help mobile if to yes for more details massage me on whatsApp no <PHONE_NUMBER>,2024-02-10T13:33:13+00:00,,,
72019,krazzzzysam,https://t.me/krazzzzysam,Crash course,2024-02-10T13:30:15+00:00,,,
