id,Channel ID,URL,message,date,views,forwards,reactions
563,krazzzzysam,https://t.me/krazzzzysam,,2024-02-20T04:30:00+00:00,220307.0,11.0,"🤬: 57, 👍: 51, 💩: 38, ❤: 15, 🔥: 4, 🤮: 2"
86419,krazzzzysam,https://t.me/krazzzzysam,Hi,2024-06-19T00:01:22+00:00,,,
78360,krazzzzysam,https://t.me/krazzzzysam,Ii,2024-03-30T16:37:02+00:00,,,
78071,krazzzzysam,https://t.me/krazzzzysam,<PERSON>,2024-03-29T05:50:18+00:00,,,
78070,krazzzzysam,https://t.me/krazzzzysam,Do,2024-03-29T05:49:10+00:00,,,
78069,krazzzzysam,https://t.me/krazzzzysam,Ha,2024-03-29T05:49:02+00:00,,,
73882,krazzzzysam,https://t.me/krazzzzysam,Hii,2024-03-01T05:27:35+00:00,,,
73852,krazzzzysam,https://t.me/krazzzzysam,Hi,2024-02-29T12:12:09+00:00,,,
73659,krazzzzysam,https://t.me/krazzzzysam,Hi,2024-02-27T17:21:02+00:00,,,
73654,krazzzzysam,https://t.me/krazzzzysam,Hi,2024-02-27T16:32:59+00:00,,,
73606,krazzzzysam,https://t.me/krazzzzysam,Hey,2024-02-27T11:26:29+00:00,,,
73539,krazzzzysam,https://t.me/krazzzzysam,https://t.me/pkpredictr,2024-02-26T11:05:51+00:00,,,
73531,krazzzzysam,https://t.me/krazzzzysam,<PERSON> problem <PERSON> to call me <PHONE_NUMBER>,2024-02-26T10:53:31+00:00,,,
73457,krazzzzysam,https://t.me/krazzzzysam,beating website per koi vi mat <PERSON>,2024-02-25T10:07:30+00:00,,,
73456,krazzzzysam,https://t.me/krazzzzysam,Tumne to <PERSON> 10000 ka nuksan <PERSON>😔😔😔😔,2024-02-25T10:05:45+00:00,,,
73437,krazzzzysam,https://t.me/krazzzzysam,Hi,2024-02-25T05:27:20+00:00,,,
73376,krazzzzysam,https://t.me/krazzzzysam,Hii,2024-02-24T04:30:01+00:00,,,
73368,krazzzzysam,https://t.me/krazzzzysam,Hi,2024-02-23T17:30:16+00:00,,,
73324,krazzzzysam,https://t.me/krazzzzysam,Hii,2024-02-22T18:57:27+00:00,,,
73315,krazzzzysam,https://t.me/krazzzzysam,Hi,2024-02-22T15:05:09+00:00,,,
73292,krazzzzysam,https://t.me/krazzzzysam,Hello,2024-02-22T06:55:31+00:00,,,
73253,krazzzzysam,https://t.me/krazzzzysam,Hi,2024-02-21T15:09:23+00:00,,,
73252,krazzzzysam,https://t.me/krazzzzysam,Tumhara erning <PERSON> To <PERSON>,2024-02-21T14:57:14+00:00,,,
73204,krazzzzysam,https://t.me/krazzzzysam,Hi,2024-02-21T03:53:51+00:00,,,
73182,krazzzzysam,https://t.me/krazzzzysam,Hello,2024-02-21T03:20:51+00:00,,,
73179,krazzzzysam,https://t.me/krazzzzysam,Koe new movie ha,2024-02-21T02:48:53+00:00,,,
73177,krazzzzysam,https://t.me/krazzzzysam,Hi,2024-02-20T21:17:33+00:00,,,
73167,krazzzzysam,https://t.me/krazzzzysam,Join this channel,2024-02-20T17:45:28+00:00,,,
73166,krazzzzysam,https://t.me/krazzzzysam,https://t.me/BDGHackAvailable,2024-02-20T17:45:23+00:00,,,
73155,krazzzzysam,https://t.me/krazzzzysam,Hi,2024-02-20T15:48:27+00:00,,,
73154,krazzzzysam,https://t.me/krazzzzysam,Hello,2024-02-20T15:07:28+00:00,,,
73151,krazzzzysam,https://t.me/krazzzzysam,Btao,2024-02-20T14:26:17+00:00,,,
73148,krazzzzysam,https://t.me/krazzzzysam,Download <PERSON>,2024-02-20T14:00:25+00:00,,,👍: 1
73140,krazzzzysam,https://t.me/krazzzzysam,Hii,2024-02-20T13:13:03+00:00,,,
73137,krazzzzysam,https://t.me/krazzzzysam,<PERSON>,2024-02-20T12:55:18+00:00,,,
73136,krazzzzysam,https://t.me/krazzzzysam,Hi 👋🏻,2024-02-20T12:53:46+00:00,,,
73135,krazzzzysam,https://t.me/krazzzzysam,<PERSON> number <PERSON> pass msg <PERSON> me,2024-02-20T12:46:31+00:00,,,
73134,krazzzzysam,https://t.me/krazzzzysam,log in kr <PERSON> to,2024-02-20T12:46:08+00:00,,,
73133,krazzzzysam,https://t.me/krazzzzysam,<PERSON> me log in nii <PERSON> ha <PERSON> ha,2024-02-20T12:46:03+00:00,,,
73132,krazzzzysam,https://t.me/krazzzzysam,<PERSON> join <PERSON>,2024-02-20T12:29:43+00:00,,,
73120,krazzzzysam,https://t.me/krazzzzysam,Bro promotion <PERSON>,2024-02-20T10:17:39+00:00,,,👍: 1
73095,krazzzzysam,https://t.me/krazzzzysam,Nai movie <PERSON> nahin Hollywood koi si bhi ho,2024-02-20T04:34:48+00:00,,,
