id,Channel ID,URL,message,date,views,forwards,reactions
452,krazzzzysam,https://t.me/krazzzzysam,"Oπph@n <DATE_TIME> Movie Hindi Dubbed 480p and 720p Download link here 👇👇👇👇

  • 480p 👇
  https://ziplinker.net/WxSm

  • 720p 👇
   https://ziplinker.net/fZjRuhc
_ _ _ _ _ _ _ _ _ _ _ _ _ _ _ _ _ _ _ _ _ _ _ _ _ _ _ _

Movie ke bare me iss reel me btaya <PERSON>https://www.instagram.com/reel/C0wlV6fPuvj/?igshid=MzRlODBiNWFlZA==

                  ⚠️ IMPORTANT ⚠️

• Jisko Download Karne Mai Problem Ho wo ye
   wali video dekhlo 👇👇

https://t.me/KrazzzzySam/338

agr ad blocker show <PERSON> to phone ki settings me jakr private DNS off <PERSON> download <PERSON>",2023-12-12T16:15:32+00:00,251141.0,132.0,"👍: 106, ❤: 15, 🥰: 4, 😁: 2, 👏: 1"
64931,krazzzzysam,https://t.me/krazzzzysam,"Bhai full movie🔗 hindi⚡ me available👇💦 he 🧐
Hot 🥵and sexy 👙 movie🔗 👇👇👇
(Request for any movie) 
https://t.me/movieflixzzzORG
https://t.me/movieflixzzzORG
https://t.me/movieflixzzzORG",2024-01-07T16:19:36+00:00,,,
64917,krazzzzysam,https://t.me/krazzzzysam,кнα ρєя ℓιик ρєя ∂ιкн инι янα,2024-01-07T14:18:05+00:00,,,
64912,krazzzzysam,https://t.me/krazzzzysam,"Bhai full movie🔗 hindi⚡ me available👇💦 he 🧐
Hot 🥵and sexy 👙 movie🔗 👇👇👇
(Request for any movie) 
https://t.me/movieflixzzzORG
https://t.me/movieflixzzzORG
https://t.me/movieflixzzzORG",2024-01-07T14:16:09+00:00,,,
64893,krazzzzysam,https://t.me/krazzzzysam,ѕα¢яє∂ gαмєѕ  ωєв  ѕєяιєѕ,2024-01-07T13:57:23+00:00,,,
59989,krazzzzysam,https://t.me/krazzzzysam,The handmaiden in Hindi,2023-12-21T06:34:03+00:00,,,
58427,krazzzzysam,https://t.me/krazzzzysam,<PERSON> open nhi <PERSON>,2023-12-14T04:26:51+00:00,,,
58355,krazzzzysam,https://t.me/krazzzzysam,Link is not opening,2023-12-13T15:32:53+00:00,,,
58322,krazzzzysam,https://t.me/krazzzzysam,Kissing booth3,2023-12-13T14:04:18+00:00,,,
58285,krazzzzysam,https://t.me/krazzzzysam,Bhai the kissing booth 2 <PERSON>,2023-12-13T10:34:01+00:00,,,
58275,krazzzzysam,https://t.me/krazzzzysam,<PERSON>,2023-12-13T07:47:30+00:00,,,
58274,krazzzzysam,https://t.me/krazzzzysam,<PERSON> link nhi khul <PERSON>?,2023-12-13T07:47:15+00:00,,,
58273,krazzzzysam,https://t.me/krazzzzysam,<PERSON> link nhi khul <PERSON>?,2023-12-13T07:40:55+00:00,,,
58270,krazzzzysam,https://t.me/krazzzzysam,"Join my chennal
https://t.me/movie_time66 mere chennal pe h <DATE_TIME> movie chennal me <PERSON>",2023-12-13T05:34:30+00:00,,,👍: 1
58269,krazzzzysam,https://t.me/krazzzzysam,Bolo,2023-12-13T05:29:46+00:00,,,
58268,krazzzzysam,https://t.me/krazzzzysam,<DATE_TIME>,2023-12-13T05:29:35+00:00,,,
58267,krazzzzysam,https://t.me/krazzzzysam,Itne ads kyu ate h download krne me,2023-12-13T03:45:45+00:00,,,
58266,krazzzzysam,https://t.me/krazzzzysam,"New web series link
https://t.me/minitvpuspa",2023-12-13T02:16:16+00:00,,,
58265,krazzzzysam,https://t.me/krazzzzysam,Dil to <PERSON>,2023-12-13T01:44:34+00:00,,,
58264,krazzzzysam,https://t.me/krazzzzysam,These my boy,2023-12-12T22:08:32+00:00,,,
58256,krazzzzysam,https://t.me/krazzzzysam,<PERSON> movies VLC meh <PERSON> h,2023-12-12T17:15:30+00:00,,,
58255,krazzzzysam,https://t.me/krazzzzysam,Only fans India sex videos,2023-12-12T17:14:19+00:00,,,
58254,krazzzzysam,https://t.me/krazzzzysam,The witches in <NRP> movies ke link sand kardo,2023-12-12T17:07:08+00:00,,,
58253,krazzzzysam,https://t.me/krazzzzysam,<PERSON> मूवी <PERSON> h,2023-12-12T17:02:40+00:00,,,
58252,krazzzzysam,https://t.me/krazzzzysam,Rush hour movie <PERSON>,2023-12-12T16:58:31+00:00,,,👍: 1
