id,Channel ID,URL,message,date,views,forwards,reactions
555,krazzzzysam,https://t.me/krazzzzysam,Note :- Site open <PERSON> h solve <PERSON> h ap tension Mt lo...,2024-02-15T20:58:43+00:00,230086.0,2.0,"👍: 57, ❤: 11, 👎: 10, 🥰: 3, 👏: 1"
74894,krazzzzysam,https://t.me/krazzzzysam,Chowk Marathi movie,2024-03-13T13:49:13+00:00,,,
72814,krazzzzysam,https://t.me/krazzzzysam,Animals,2024-02-17T04:45:40+00:00,,,
72721,krazzzzysam,https://t.me/krazzzzysam,Jailbait bhejo,2024-02-16T14:52:08+00:00,,,
72718,krazzzzysam,https://t.me/krazzzzysam,Nohard feelings,2024-02-16T14:41:30+00:00,,,
72713,krazzzzysam,https://t.me/krazzzzysam,<PERSON> kariya but open <PERSON> na gaiya to <PERSON> this video cannot see,2024-02-16T12:07:03+00:00,,,
72680,krazzzzysam,https://t.me/krazzzzysam,New movie lao,2024-02-16T06:19:39+00:00,,,
72677,krazzzzysam,https://t.me/krazzzzysam,"Programming Language Free 🤩 Courses
With BRANDED 🚀 Certificates

🔗 Free Courses Post:
https://www.linkedin.com/posts/iaadillatif_free-courses-activity-7164096636489515008-pX2j?utm_source=share&utm_medium=member_android

👨🏻‍💻 My LinkedIn Profile:
https://linkedin.com/in/iaadillatif

🌐 Enroll Here for free courses:
https://iaadillatif.github.io/free-courses/",2024-02-16T06:04:33+00:00,,,
72674,krazzzzysam,https://t.me/krazzzzysam,Download nane ora,2024-02-16T05:59:00+00:00,,,
72673,krazzzzysam,https://t.me/krazzzzysam,Not working,2024-02-16T05:58:14+00:00,,,
72653,krazzzzysam,https://t.me/krazzzzysam,<PERSON>( family man )movie chahiye,2024-02-16T04:32:37+00:00,,,
72644,krazzzzysam,https://t.me/krazzzzysam,"👻 mv movie request group:-
https://t.me/HD_Request


🗃 Any movie in file format:-
https://t.me/all_in_one_movies9

💥 Movies channel:- 
https://t.me/hdmaxx


🤖 Bots Channel:-
https://t.me/mv_bots1

────────⊱⁜⊰─────────

😁 HOW TO DOWNLOAD 😁
https://t.me/How_To_Download_28

────────⊱⁜⊰─────────",2024-02-16T02:37:19+00:00,,,
72634,krazzzzysam,https://t.me/krazzzzysam,Kab,2024-02-16T01:24:11+00:00,,,
72633,krazzzzysam,https://t.me/krazzzzysam,Aaj to send <PERSON> do,2024-02-16T01:13:04+00:00,,,
72632,krazzzzysam,https://t.me/krazzzzysam,3 din se message <PERSON>,2024-02-16T01:12:49+00:00,,,👍: 1
72631,krazzzzysam,https://t.me/krazzzzysam,Life like movie Hindi me send <PERSON>,2024-02-16T01:12:30+00:00,,,
72630,krazzzzysam,https://t.me/krazzzzysam,<PERSON>,2024-02-15T21:50:59+00:00,,,👍: 2
72628,krazzzzysam,https://t.me/krazzzzysam,Ok,2024-02-15T21:20:45+00:00,,,
72626,krazzzzysam,https://t.me/krazzzzysam,Please solve the problem... as soon as possible..,2024-02-15T21:01:01+00:00,,,
72625,krazzzzysam,https://t.me/krazzzzysam,Kitna time legega,2024-02-15T21:00:48+00:00,,,
72624,krazzzzysam,https://t.me/krazzzzysam,<PERSON> kro <DATE_TIME> time aaya hu apke group mai,2024-02-15T20:59:55+00:00,,,
