id,Channel ID,URL,message,date,views,forwards,reactions
530,krazzzzysam,https://t.me/krazzzzysam,"F!$hbøwl wives Series Hindi Dubbed Download link here 👇👇

  • Episodes (1-3)👇
     https://ziplinker.net/uQ7bUb

  • Episodes (4-6)👇
     https://ziplinker.net/LuqENGi2

  • Episodes (7-8) 👇
    https://ziplinker.net/1M1Ye7
_ _ _ _ _ _ _ _ _ _ _ _ _ _ _ _ _ _

Movie ke bare me iss reel me btaya <PERSON>
https://www.instagram.com/reel/C2ujnaHPUdw/?igsh=cmI5eDVwYzB6MXJp

        ⚠️ IMPORTANT ⚠️

• Jisko Download Karne Mai Problem Ho wo ye
   wali video dekhlo 👇👇

https://t.me/KrazzzzySam/471

agr ad blocker show <PERSON> to phone ki settings me jakr private DNS off <PERSON> download <PERSON>",2024-01-30T14:25:06+00:00,293140.0,597.0,"👍: 243, ❤: 25, 👎: 12, 🔥: 10, 😁: 5, 🤯: 3, 👏: 2, 🤔: 2"
78212,krazzzzysam,https://t.me/krazzzzysam,https://t.me/+iq2QfVkRuqYxN2Zl is group per movie search karo free me mil jayegi movie,2024-03-30T00:38:53+00:00,,,
78211,krazzzzysam,https://t.me/krazzzzysam,Vhai download problm,2024-03-30T00:36:55+00:00,,,
76327,krazzzzysam,https://t.me/krazzzzysam,Supersex,2024-03-22T19:55:04+00:00,,,
74207,krazzzzysam,https://t.me/krazzzzysam,Ad blocked <PERSON>,2024-03-05T12:26:55+00:00,,,
72350,krazzzzysam,https://t.me/krazzzzysam,<PERSON>,2024-02-12T16:52:28+00:00,,,
71942,krazzzzysam,https://t.me/krazzzzysam,https://gplinks.co/XKzFvUqK,2024-02-09T17:58:46+00:00,,,
71912,krazzzzysam,https://t.me/krazzzzysam,Hiii,2024-02-09T15:57:41+00:00,,,
71763,krazzzzysam,https://t.me/krazzzzysam,Ye movie <PERSON>,2024-02-09T05:28:10+00:00,,,
71301,krazzzzysam,https://t.me/krazzzzysam,https://youtube.com/@user-gp1td1fq4o?si=7pO6WPlB4Q8mpYqd,2024-02-06T18:57:01+00:00,,,
70879,krazzzzysam,https://t.me/krazzzzysam,<NRP> movie,2024-02-03T14:43:51+00:00,,,
70848,krazzzzysam,https://t.me/krazzzzysam,Mastram web series bejo na bhai,2024-02-03T11:28:45+00:00,,,
70784,krazzzzysam,https://t.me/krazzzzysam,Crash course movie,2024-02-03T03:49:47+00:00,,,
70305,krazzzzysam,https://t.me/krazzzzysam,Ye open q nhi <PERSON>,2024-02-01T14:14:33+00:00,,,
70182,krazzzzysam,https://t.me/krazzzzysam,DNS ka option phone <PERSON> setting mey <PERSON>,2024-01-31T21:40:28+00:00,,,
70092,krazzzzysam,https://t.me/krazzzzysam,Gourav,2024-01-31T14:17:12+00:00,,,
70091,krazzzzysam,https://t.me/krazzzzysam,New series ayi <PERSON> box pe,2024-01-31T14:16:58+00:00,,,
70048,krazzzzysam,https://t.me/krazzzzysam,Bhaii is movie ki link send <PERSON> do,2024-01-31T10:49:02+00:00,,,
70002,krazzzzysam,https://t.me/krazzzzysam,TeraBox link do plz,2024-01-31T07:46:34+00:00,,,
69869,krazzzzysam,https://t.me/krazzzzysam,CRASH COURSE,2024-01-30T19:44:13+00:00,,,
69853,krazzzzysam,https://t.me/krazzzzysam,Easy money earn tep to link and start earning🙈😊,2024-01-30T18:24:59+00:00,,,
69852,krazzzzysam,https://t.me/krazzzzysam,https://t.me/Tgbotsponsor_bot?start=<PHONE_NUMBER>,2024-01-30T18:24:56+00:00,,,
69841,krazzzzysam,https://t.me/krazzzzysam,"Guys <PERSON> dekh keep time pass <PERSON> trough <PERSON> income <PERSON> even <PERSON> time pass <PERSON> to <PERSON> personally msg <PERSON> ya fir <PERSON> directly <PERSON> massage <PERSON> ""<DATE_TIME>""✅💸",2024-01-30T18:18:55+00:00,,,
69828,krazzzzysam,https://t.me/krazzzzysam,Easy money earn tep to link and start earning🙈😊,2024-01-30T17:50:41+00:00,,,
69826,krazzzzysam,https://t.me/krazzzzysam,https://t.me/Tgbotsponsor_bot?start=<PHONE_NUMBER>,2024-01-30T17:50:34+00:00,,,
69825,krazzzzysam,https://t.me/krazzzzysam,Easy money earn tep to link and start earning🙈😊,2024-01-30T17:50:06+00:00,,,👍: 1
69802,krazzzzysam,https://t.me/krazzzzysam,<PERSON> wo <PERSON> use download <PERSON>,2024-01-30T17:09:18+00:00,,,
69801,krazzzzysam,https://t.me/krazzzzysam,<PERSON> download <PERSON>,2024-01-30T17:08:24+00:00,,,
69800,krazzzzysam,https://t.me/krazzzzysam,Please <PERSON>,2024-01-30T17:08:14+00:00,,,
69799,krazzzzysam,https://t.me/krazzzzysam,Bhai ye movie kaise download <PERSON>,2024-01-30T17:08:02+00:00,,,
69787,krazzzzysam,https://t.me/krazzzzysam,Movie kasa on nhai hota yrr,2024-01-30T16:15:05+00:00,,,
69786,krazzzzysam,https://t.me/krazzzzysam,Movie <PERSON>,2024-01-30T16:14:39+00:00,,,
69780,krazzzzysam,https://t.me/krazzzzysam,<PERSON>  movie,2024-01-30T15:56:45+00:00,,,
69773,krazzzzysam,https://t.me/krazzzzysam,Bhai 18+ anime name,2024-01-30T15:38:20+00:00,,,
69768,krazzzzysam,https://t.me/krazzzzysam,<PERSON> download karu,2024-01-30T15:34:54+00:00,,,
69767,krazzzzysam,https://t.me/krazzzzysam,https://t.me/Tgbotsponsor_bot?start=<PHONE_NUMBER>,2024-01-30T15:31:06+00:00,,,
69758,krazzzzysam,https://t.me/krazzzzysam,Video upload me bhij do,2024-01-30T15:17:49+00:00,,,
69731,krazzzzysam,https://t.me/krazzzzysam,Hello bhai,2024-01-30T14:48:15+00:00,,,
69730,krazzzzysam,https://t.me/krazzzzysam,Bhai mere se id <PERSON>,2024-01-30T14:39:07+00:00,,,
69728,krazzzzysam,https://t.me/krazzzzysam,Hii,2024-01-30T14:36:16+00:00,,,
69727,krazzzzysam,https://t.me/krazzzzysam,Hii,2024-01-30T14:33:26+00:00,,,
