id,Channel ID,URL,message,date,views,forwards,reactions
487,krazzzzysam,https://t.me/krazzzzysam,"<PERSON> To y@u Leø Gπaπde Movie Hindi Dubbed 480p and 720p Download link here 👇👇👇

  • 480p 👇
   https://ziplinker.net/GCFe2L

  • 720p 👇
   https://ziplinker.net/2zyi
_ _ _ _ _ _ _ _ _ _ _ _ _ _ _ _ _ _ _ _ _ _ _ _ _ _ _ 

Movie ke bare me iss reel me btaya <PERSON>

                 ⚠️ IMPORTANT ⚠️

• Jisko Download Karne Mai Problem Ho wo ye
   wali video dekhlo 👇👇

https://t.me/KrazzzzySam/471

agr ad blocker show <PERSON> to phone ki settings me jakr private DNS off <PERSON> download <PERSON>",2024-01-02T16:04:56+00:00,304376.0,1832.0,"👍: 520, ❤: 63, 👎: 55, 😁: 28, 🔥: 16, 👏: 16, 🤬: 14, 🤯: 12, 🥰: 11, 🎉: 5, 🤔: 4"
80702,krazzzzysam,https://t.me/krazzzzysam,Hi,2024-04-18T18:56:17+00:00,,,
79255,krazzzzysam,https://t.me/krazzzzysam,Download <PERSON> he,2024-04-06T14:26:31+00:00,,,
71972,krazzzzysam,https://t.me/krazzzzysam,<PERSON>,2024-02-10T04:29:41+00:00,,,
70870,krazzzzysam,https://t.me/krazzzzysam,Download <PERSON> he,2024-02-03T13:01:58+00:00,,,
70244,krazzzzysam,https://t.me/krazzzzysam,Bhai hum group exit <PERSON> download <PERSON>,2024-02-01T07:11:48+00:00,,,
69617,krazzzzysam,https://t.me/krazzzzysam,"Hi
my friend
<PERSON> me movies / Web series /  TV shows  download <PERSON> to join karo mere telegram channel ko

Telegram channel name :  Tlsbro 
Link ⬇️

https://t.me/+5lkJC4v3gMM2Yjc9",2024-01-29T15:47:01+00:00,,,
68493,krazzzzysam,https://t.me/krazzzzysam,Bhai mere movie download <PERSON> movie <PERSON> mein question <PERSON> a <PERSON> bhai please <PERSON>,2024-01-24T17:27:48+00:00,,,
67733,krazzzzysam,https://t.me/krazzzzysam,H,2024-01-23T09:40:54+00:00,,,
67217,krazzzzysam,https://t.me/krazzzzysam,Xxx,2024-01-19T18:01:03+00:00,,,
67119,krazzzzysam,https://t.me/krazzzzysam,<PERSON> download to nhi ho rhi <DATE_TIME>,2024-01-19T09:10:19+00:00,,,
66730,krazzzzysam,https://t.me/krazzzzysam,https://youtube.com/@Youthedu-gb4p911?si=rjJrTkKvzcxzuwLT,2024-01-16T15:23:50+00:00,,,
66267,krazzzzysam,https://t.me/krazzzzysam,<PERSON> dubbed nahe he,2024-01-12T21:13:10+00:00,,,
65531,krazzzzysam,https://t.me/krazzzzysam,Movie bhej dijiye na,2024-01-09T20:48:56+00:00,,,
65428,krazzzzysam,https://t.me/krazzzzysam,Download naii ho ra,2024-01-09T12:47:56+00:00,,,
65320,krazzzzysam,https://t.me/krazzzzysam,<PERSON> se kaise download <PERSON>,2024-01-09T04:00:13+00:00,,,
65307,krazzzzysam,https://t.me/krazzzzysam,Service available,2024-01-09T01:27:40+00:00,,,
65306,krazzzzysam,https://t.me/krazzzzysam,<PERSON> india <PERSON> only 1000 ₹ me setting <PERSON>,2024-01-09T01:27:32+00:00,,,
65256,krazzzzysam,https://t.me/krazzzzysam,Ghost rider,2024-01-08T16:11:09+00:00,,,
65230,krazzzzysam,https://t.me/krazzzzysam,"Bhai full movie🔗 hindi⚡ me available👇💦 he 🧐
Hot 🥵and sexy 👙 movie🔗 👇👇👇
(Request for any movie) 
https://t.me/movieflixzzzORG
https://t.me/movieflixzzzORG
https://t.me/movieflixzzzORG",2024-01-08T15:27:06+00:00,,,
65213,krazzzzysam,https://t.me/krazzzzysam,<PERSON> movie faltu h...time barbaad.,2024-01-08T15:13:56+00:00,,,
65002,krazzzzysam,https://t.me/krazzzzysam,Hii,2024-01-08T01:57:48+00:00,,,
64857,krazzzzysam,https://t.me/krazzzzysam,"Bhai full movie🔗 hindi⚡ me available👇💦 he 🧐
Hot 🥵and sexy 👙 movie🔗 👇👇👇
(Request for any movie) 
https://t.me/movieflixzzzORG
https://t.me/movieflixzzzORG
https://t.me/movieflixzzzORG",2024-01-07T12:31:12+00:00,,,
64848,krazzzzysam,https://t.me/krazzzzysam,"Bhai full movie🔗 hindi⚡ me available👇💦 he 🧐
Hot 🥵and sexy 👙 movie🔗 👇👇👇
(Request for any movie) 
https://t.me/movieflixzzzORG
https://t.me/movieflixzzzORG
https://t.me/movieflixzzzORG",2024-01-07T12:30:29+00:00,,,
64840,krazzzzysam,https://t.me/krazzzzysam,"Bhai full movie🔗 hindi⚡ me available👇💦 he 🧐
Hot 🥵and sexy 👙 movie🔗 👇👇👇
(Request for any movie) 
https://t.me/movieflixzzzORG
https://t.me/movieflixzzzORG
https://t.me/movieflixzzzORG",2024-01-07T12:28:53+00:00,,,
64825,krazzzzysam,https://t.me/krazzzzysam,"Bhai full movie🔗 hindi⚡ me available👇💦 he 🧐
Hot 🥵and sexy 👙 movie🔗 👇👇👇TERABOX LINK🔗⚡
(Request for any movie) 
https://t.me/movieflixzzzORG
https://t.me/movieflixzzzORG
https://t.me/movieflixzzzORG",2024-01-07T12:27:12+00:00,,,
64779,krazzzzysam,https://t.me/krazzzzysam,"Bhai full movie🔗 hindi⚡ me available👇💦 he 🧐
Hot 🥵and sexy 👙 movie🔗 👇👇👇
(Request for any movie) 
https://t.me/movieflixzzzORG
https://t.me/movieflixzzzORG
https://t.me/movieflixzzzORG",2024-01-07T06:02:12+00:00,,,
64775,krazzzzysam,https://t.me/krazzzzysam,Hi,2024-01-07T05:51:00+00:00,,,
64764,krazzzzysam,https://t.me/krazzzzysam,"Bhai full movie🔗 hindi⚡ me available👇💦 he 🧐
Hot 🥵and sexy 👙 movie🔗 👇👇👇
(Request for any movie) 
https://t.me/movieflixzzzORG
https://t.me/movieflixzzzORG
https://t.me/movieflixzzzORG",2024-01-07T04:36:26+00:00,,,
64747,krazzzzysam,https://t.me/krazzzzysam,"Bhai full movie🔗 hindi⚡ me available👇💦 he 🧐
Hot 🥵and sexy 👙 movie🔗 👇👇👇
(Request for any movie) 
https://t.me/movieflixzzzORG
https://t.me/movieflixzzzORG
https://t.me/movieflixzzzORG",2024-01-07T04:34:32+00:00,,,
64734,krazzzzysam,https://t.me/krazzzzysam,"Bhai full movie🔗 hindi⚡ me available👇💦 he 🧐
Hot 🥵and sexy 👙 movie🔗 👇👇👇TERABOX LINK🔗⚡
(Request for any movie) 
https://t.me/movieflixzzzORG
https://t.me/movieflixzzzORG
https://t.me/movieflixzzzORG",2024-01-07T04:32:45+00:00,,,
64723,krazzzzysam,https://t.me/krazzzzysam,Download <PERSON>,2024-01-07T03:21:55+00:00,,,
64664,krazzzzysam,https://t.me/krazzzzysam,Sex me,2024-01-06T16:42:33+00:00,,,
64622,krazzzzysam,https://t.me/krazzzzysam,Terabox me <PERSON> aari,2024-01-06T15:49:38+00:00,,,
64472,krazzzzysam,https://t.me/krazzzzysam,"Bhai full movie🔗 hindi⚡ me available👇💦 he 🧐
Hot 🥵and sexy 👙 movie🔗 👇👇👇
(Request for any movie) 
https://t.me/movieflixzzzORG
https://t.me/movieflixzzzORG
https://t.me/movieflixzzzORG",2024-01-06T11:45:06+00:00,,,
64468,krazzzzysam,https://t.me/krazzzzysam,<PERSON>,2024-01-06T11:41:03+00:00,,,
64457,krazzzzysam,https://t.me/krazzzzysam,"Bhai full movie🔗 hindi⚡ me available👇💦 he 🧐
Hot 🥵and sexy 👙 movie🔗 👇👇👇
(Request for any movie) 
https://t.me/movieflixzzzORG
https://t.me/movieflixzzzORG
https://t.me/movieflixzzzORG",2024-01-06T10:25:55+00:00,,,
64452,krazzzzysam,https://t.me/krazzzzysam,Video me btaya <PERSON> to aa nhi rha mere me,2024-01-06T10:19:15+00:00,,,
64421,krazzzzysam,https://t.me/krazzzzysam,Hi,2024-01-06T09:09:18+00:00,,,
64380,krazzzzysam,https://t.me/krazzzzysam,"Bhai full movie🔗 hindi⚡ me available👇💦 he 🧐
Hot 🥵and sexy 👙 movie🔗 👇👇👇
(Request for any movie) 
https://t.me/movieflixzzzORG
https://t.me/movieflixzzzORG
https://t.me/movieflixzzzORG",2024-01-06T08:30:50+00:00,,,
64378,krazzzzysam,https://t.me/krazzzzysam,"Bhai full movie🔗 hindi⚡ me available👇💦 he 🧐
Hot 🥵and sexy 👙 movie🔗 👇👇👇
(Request for any movie) 
https://t.me/movieflixzzzORG
https://t.me/movieflixzzzORG
https://t.me/movieflixzzzORG",2024-01-06T08:30:29+00:00,,,
64371,krazzzzysam,https://t.me/krazzzzysam,"Bhai full movie🔗 hindi⚡ me available👇💦 he 🧐
Hot 🥵and sexy 👙 movie🔗 👇👇👇
(Request for any movie) 
https://t.me/movieflixzzzORG
https://t.me/movieflixzzzORG
https://t.me/movieflixzzzORG",2024-01-06T08:29:37+00:00,,,
64366,krazzzzysam,https://t.me/krazzzzysam,"Bhai full movie🔗 hindi⚡ me available👇💦 he 🧐
Hot 🥵and sexy 👙 movie🔗 👇👇👇
(Request for any movie) 
https://t.me/movieflixzzzORG
https://t.me/movieflixzzzORG
https://t.me/movieflixzzzORG",2024-01-06T08:28:52+00:00,,,
64362,krazzzzysam,https://t.me/krazzzzysam,"Bhai full movie🔗 hindi⚡ me available👇💦 he 🧐
Hot 🥵and sexy 👙 movie🔗 👇👇👇
(Request for any movie) 
https://t.me/movieflixzzzORG
https://t.me/movieflixzzzORG
https://t.me/movieflixzzzORG",2024-01-06T08:28:26+00:00,,,
64360,krazzzzysam,https://t.me/krazzzzysam,"Bhai full movie🔗 hindi⚡ me available👇💦 he 🧐
Hot 🥵and sexy 👙 movie🔗 👇👇👇
(Request for any movie) 
https://t.me/movieflixzzzORG
https://t.me/movieflixzzzORG
https://t.me/movieflixzzzORG",2024-01-06T08:28:13+00:00,,,
64356,krazzzzysam,https://t.me/krazzzzysam,"Bhai full movie🔗 hindi⚡ me available👇💦 he 🧐
Hot 🥵and sexy 👙 movie🔗 👇👇👇
(Request for any movie) 
https://t.me/movieflixzzzORG
https://t.me/movieflixzzzORG
https://t.me/movieflixzzzORG",2024-01-06T08:27:53+00:00,,,
64354,krazzzzysam,https://t.me/krazzzzysam,"Bhai full movie🔗 hindi⚡ me available👇💦 he 🧐
Hot 🥵and sexy 👙 movie🔗 👇👇👇
(Request for any movie) 
https://t.me/movieflixzzzORG
https://t.me/movieflixzzzORG
https://t.me/movieflixzzzORG",2024-01-06T08:27:43+00:00,,,
64353,krazzzzysam,https://t.me/krazzzzysam,"Bhai full movie🔗 hindi⚡ me available👇💦 he 🧐
Hot 🥵and sexy 👙 movie🔗 👇👇👇
(Request for any movie) 
https://t.me/movieflixzzzORG
https://t.me/movieflixzzzORG
https://t.me/movieflixzzzORG",2024-01-06T08:27:38+00:00,,,
64350,krazzzzysam,https://t.me/krazzzzysam,"Bhai full movie🔗 hindi⚡ me available👇💦 he 🧐
Hot 🥵and sexy 👙 movie🔗 👇👇👇
(Request for any movie) 
https://t.me/movieflixzzzORG
https://t.me/movieflixzzzORG
https://t.me/movieflixzzzORG",2024-01-06T08:27:21+00:00,,,
64349,krazzzzysam,https://t.me/krazzzzysam,"Bhai full movie🔗 hindi⚡ me available👇💦 he 🧐
Hot 🥵and sexy 👙 movie🔗 👇👇👇
(Request for any movie) 
https://t.me/movieflixzzzORG
https://t.me/movieflixzzzORG
https://t.me/movieflixzzzORG",2024-01-06T08:27:16+00:00,,,
64340,krazzzzysam,https://t.me/krazzzzysam,"Bhai full movie🔗 hindi⚡ me available👇💦 he 🧐
Hot 🥵and sexy 👙 movie🔗 👇👇👇
(Request for any movie) 
https://t.me/movieflixzzzORG
https://t.me/movieflixzzzORG
https://t.me/movieflixzzzORG",2024-01-06T08:26:16+00:00,,,
64329,krazzzzysam,https://t.me/krazzzzysam,"Bhai full movie🔗 hindi⚡ me available👇💦 he 🧐
Hot 🥵and sexy 👙 movie🔗 👇👇👇
(Request for any movie) 
https://t.me/movieflixzzzORG
https://t.me/movieflixzzzORG
https://t.me/movieflixzzzORG",2024-01-06T08:24:46+00:00,,,
64320,krazzzzysam,https://t.me/krazzzzysam,"Bhai full movie🔗 hindi⚡ me available👇💦 he 🧐
Hot 🥵and sexy 👙 movie🔗 👇👇👇
(Request for any movie) 
https://t.me/movieflixzzzORG
https://t.me/movieflixzzzORG
https://t.me/movieflixzzzORG",2024-01-06T08:23:55+00:00,,,
64319,krazzzzysam,https://t.me/krazzzzysam,"Bhai full movie🔗 hindi⚡ me available👇💦 he 🧐
Hot 🥵and sexy 👙 movie🔗 👇👇👇
(Request for any movie) 
https://t.me/movieflixzzzORG
https://t.me/movieflixzzzORG
https://t.me/movieflixzzzORG",2024-01-06T08:23:46+00:00,,,
64316,krazzzzysam,https://t.me/krazzzzysam,"Bhai full movie🔗 hindi⚡ me available👇💦 he 🧐
Hot 🥵and sexy 👙 movie🔗 👇👇👇
(Request for any movie) 
https://t.me/movieflixzzzORG
https://t.me/movieflixzzzORG
https://t.me/movieflixzzzORG",2024-01-06T08:23:30+00:00,,,
64315,krazzzzysam,https://t.me/krazzzzysam,"Bhai full movie🔗 hindi⚡ me available👇💦 he 🧐
Hot 🥵and sexy 👙 movie🔗 👇👇👇
(Request for any movie) 
https://t.me/movieflixzzzORG
https://t.me/movieflixzzzORG
https://t.me/movieflixzzzORG",2024-01-06T08:23:20+00:00,,,
64309,krazzzzysam,https://t.me/krazzzzysam,"Bhai full movie🔗 hindi⚡ me available👇💦 he 🧐
Hot 🥵and sexy 👙 movie🔗 👇👇👇
(Request for any movie) 
https://t.me/movieflixzzzORG
https://t.me/movieflixzzzORG
https://t.me/movieflixzzzORG",2024-01-06T08:22:40+00:00,,,
64308,krazzzzysam,https://t.me/krazzzzysam,"Bhai full movie🔗 hindi⚡ me available👇💦 he 🧐
Hot 🥵and sexy 👙 movie🔗 👇👇👇
(Request for any movie) 
https://t.me/movieflixzzzORG
https://t.me/movieflixzzzORG
https://t.me/movieflixzzzORG",2024-01-06T08:22:35+00:00,,,
64306,krazzzzysam,https://t.me/krazzzzysam,"Bhai full movie🔗 hindi⚡ me available👇💦 he 🧐
Hot 🥵and sexy 👙 movie🔗 👇👇👇
(Request for any movie) 
https://t.me/movieflixzzzORG
https://t.me/movieflixzzzORG
https://t.me/movieflixzzzORG",2024-01-06T08:22:19+00:00,,,
64305,krazzzzysam,https://t.me/krazzzzysam,"Bhai full movie🔗 hindi⚡ me available👇💦 he 🧐
Hot 🥵and sexy 👙 movie🔗 👇👇👇
(Request for any movie) 
https://t.me/movieflixzzzORG
https://t.me/movieflixzzzORG
https://t.me/movieflixzzzORG",2024-01-06T08:22:07+00:00,,,
64304,krazzzzysam,https://t.me/krazzzzysam,"Bhai full movie🔗 hindi⚡ me available👇💦 he 🧐
Hot 🥵and sexy 👙 movie🔗 👇👇👇
(Request for any movie) 
https://t.me/movieflixzzzORG
https://t.me/movieflixzzzORG
https://t.me/movieflixzzzORG",2024-01-06T08:22:01+00:00,,,
64301,krazzzzysam,https://t.me/krazzzzysam,"Bhai full movie🔗 hindi⚡ me available👇💦 he 🧐
Hot 🥵and sexy 👙 movie🔗 👇👇👇
(Request for any movie) 
https://t.me/movieflixzzzORG
https://t.me/movieflixzzzORG
https://t.me/movieflixzzzORG",2024-01-06T08:21:43+00:00,,,
64294,krazzzzysam,https://t.me/krazzzzysam,"Bhai full movie🔗 hindi⚡ me available👇💦 he 🧐
Hot 🥵and sexy 👙 movie🔗 👇👇👇
(Request for any movie) 
https://t.me/movieflixzzzORG
https://t.me/movieflixzzzORG
https://t.me/movieflixzzzORG",2024-01-06T08:20:52+00:00,,,
64293,krazzzzysam,https://t.me/krazzzzysam,"Bhai full movie🔗 hindi⚡ me available👇💦 he 🧐
Hot 🥵and sexy 👙 movie🔗 👇👇👇
(Request for any movie) 
https://t.me/movieflixzzzORG
https://t.me/movieflixzzzORG
https://t.me/movieflixzzzORG",2024-01-06T08:20:48+00:00,,,
64291,krazzzzysam,https://t.me/krazzzzysam,"Bhai full movie🔗 hindi⚡ me available👇💦 he 🧐
Hot 🥵and sexy 👙 movie🔗 👇👇👇
(Request for any movie) 
https://t.me/movieflixzzzORG
https://t.me/movieflixzzzORG
https://t.me/movieflixzzzORG",2024-01-06T08:20:40+00:00,,,
64289,krazzzzysam,https://t.me/krazzzzysam,<PERSON> to <PERSON> mere pass koi xxx video <PERSON>,2024-01-06T08:20:28+00:00,,,
64288,krazzzzysam,https://t.me/krazzzzysam,"Bhai full movie🔗 hindi⚡ me available👇💦 he 🧐
Hot 🥵and sexy 👙 movie🔗 👇👇👇
(Request for any movie) 
https://t.me/movieflixzzzORG
https://t.me/movieflixzzzORG
https://t.me/movieflixzzzORG",2024-01-06T08:20:26+00:00,,,
64283,krazzzzysam,https://t.me/krazzzzysam,"Bhai full movie🔗 hindi⚡ me available👇💦 he 🧐
Hot 🥵and sexy 👙 movie🔗 👇👇👇
(Request for any movie) 
https://t.me/movieflixzzzORG
https://t.me/movieflixzzzORG
https://t.me/movieflixzzzORG",2024-01-06T08:19:41+00:00,,,
64282,krazzzzysam,https://t.me/krazzzzysam,"Bhai full movie🔗 hindi⚡ me available👇💦 he 🧐
Hot 🥵and sexy 👙 movie🔗 👇👇👇
(Request for any movie) 
https://t.me/movieflixzzzORG
https://t.me/movieflixzzzORG
https://t.me/movieflixzzzORG",2024-01-06T08:19:32+00:00,,,
64274,krazzzzysam,https://t.me/krazzzzysam,"Bhai full movie🔗 hindi⚡ me available👇💦 he 🧐
Hot 🥵and sexy 👙 movie🔗 👇👇👇
(Request for any movie) 
https://t.me/movieflixzzzORG
https://t.me/movieflixzzzORG
https://t.me/movieflixzzzORG",2024-01-06T08:18:17+00:00,,,
64268,krazzzzysam,https://t.me/krazzzzysam,"Bhai full movie🔗 hindi⚡ me available👇💦 he 🧐
Hot 🥵and sexy 👙 movie🔗 👇👇👇
(Request for any movie) 
https://t.me/movieflixzzzORG
https://t.me/movieflixzzzORG
https://t.me/movieflixzzzORG",2024-01-06T08:17:37+00:00,,,
64240,krazzzzysam,https://t.me/krazzzzysam,<PERSON> hindi me download <PERSON>,2024-01-06T06:59:37+00:00,,,
64233,krazzzzysam,https://t.me/krazzzzysam,Hi,2024-01-06T06:52:22+00:00,,,
64172,krazzzzysam,https://t.me/krazzzzysam,Download nhi ho rh h,2024-01-06T04:29:22+00:00,,,👍: 1
64147,krazzzzysam,https://t.me/krazzzzysam,Hii,2024-01-06T03:52:54+00:00,,,
64138,krazzzzysam,https://t.me/krazzzzysam,Hlo,2024-01-06T03:19:16+00:00,,,
64129,krazzzzysam,https://t.me/krazzzzysam,<PERSON> movie,2024-01-06T02:21:09+00:00,,,
64126,krazzzzysam,https://t.me/krazzzzysam,How to download bro <PERSON>,2024-01-06T02:05:32+00:00,,,
64118,krazzzzysam,https://t.me/krazzzzysam,Hii,2024-01-06T01:17:27+00:00,,,
64111,krazzzzysam,https://t.me/krazzzzysam,Good luck you,2024-01-05T21:08:02+00:00,,,👍: 1
64091,krazzzzysam,https://t.me/krazzzzysam,Good Luck To you <PERSON> Movie Hindi,2024-01-05T18:46:28+00:00,,,
64089,krazzzzysam,https://t.me/krazzzzysam,Hi,2024-01-05T18:23:44+00:00,,,
64079,krazzzzysam,https://t.me/krazzzzysam,Hindi me nhi he kya,2024-01-05T17:53:07+00:00,,,
64072,krazzzzysam,https://t.me/krazzzzysam,<PERSON>,2024-01-05T17:42:28+00:00,,,
64071,krazzzzysam,https://t.me/krazzzzysam,Hlo,2024-01-05T17:41:33+00:00,,,
64066,krazzzzysam,https://t.me/krazzzzysam,Download nhi <PERSON>,2024-01-05T17:39:10+00:00,,,
64064,krazzzzysam,https://t.me/krazzzzysam,Terabox link <PERSON>,2024-01-05T17:35:12+00:00,,,
64063,krazzzzysam,https://t.me/krazzzzysam,Nhi hoo rha download dns vi off <PERSON>,2024-01-05T17:35:05+00:00,,,❤: 1
64060,krazzzzysam,https://t.me/krazzzzysam,Hi,2024-01-05T17:11:42+00:00,,,
64052,krazzzzysam,https://t.me/krazzzzysam,Movie download nhi ho ri h,2024-01-05T16:50:23+00:00,,,
64050,krazzzzysam,https://t.me/krazzzzysam,Download kaise ho,2024-01-05T16:43:49+00:00,,,
64049,krazzzzysam,https://t.me/krazzzzysam,Ha,2024-01-05T16:43:30+00:00,,,
64032,krazzzzysam,https://t.me/krazzzzysam,Picture download <PERSON>,2024-01-05T16:11:25+00:00,,,
64031,krazzzzysam,https://t.me/krazzzzysam,,2024-01-05T16:11:15+00:00,,,
64006,krazzzzysam,https://t.me/krazzzzysam,<PERSON>,2024-01-05T15:27:09+00:00,,,
64002,krazzzzysam,https://t.me/krazzzzysam,<PERSON> download,2024-01-05T15:26:17+00:00,,,
63996,krazzzzysam,https://t.me/krazzzzysam,<PERSON>,2024-01-05T15:24:45+00:00,,,
63990,krazzzzysam,https://t.me/krazzzzysam,भाई एक मूवी <PERSON> हुई,2024-01-05T14:50:25+00:00,,,
63989,krazzzzysam,https://t.me/krazzzzysam,By download newark app,2024-01-05T14:47:53+00:00,,,
63986,krazzzzysam,https://t.me/krazzzzysam,<PERSON> wrong turn all parts bhej do,2024-01-05T14:37:31+00:00,,,
63978,krazzzzysam,https://t.me/krazzzzysam,<PERSON>,2024-01-05T14:27:07+00:00,,,
63966,krazzzzysam,https://t.me/krazzzzysam,Kesa dekhu,2024-01-05T13:37:58+00:00,,,👍: 1
63965,krazzzzysam,https://t.me/krazzzzysam,<PERSON>,2024-01-05T13:34:02+00:00,,,
63961,krazzzzysam,https://t.me/krazzzzysam,<NRP> movie to download <PERSON> lakin <PERSON> h <NRP> voice <PERSON> h 😢,2024-01-05T13:30:22+00:00,,,
63954,krazzzzysam,https://t.me/krazzzzysam,leo grande movie <PERSON>,2024-01-05T13:09:45+00:00,,,
63952,krazzzzysam,https://t.me/krazzzzysam,Ye to Hindi me nhi h,2024-01-05T12:52:23+00:00,,,
63947,krazzzzysam,https://t.me/krazzzzysam,Sir <PERSON> download nhi <PERSON> h,2024-01-05T12:36:40+00:00,,,
63932,krazzzzysam,https://t.me/krazzzzysam,"Try this link
 https://t.me/+mjwJbpFhud1jMjE9",2024-01-05T11:22:42+00:00,,,
63931,krazzzzysam,https://t.me/krazzzzysam,leo grande movie chaiye bhai,2024-01-05T11:07:51+00:00,,,
63930,krazzzzysam,https://t.me/krazzzzysam,open he <PERSON>,2024-01-05T11:04:23+00:00,,,
63928,krazzzzysam,https://t.me/krazzzzysam,<PERSON>,2024-01-05T11:04:03+00:00,,,
63926,krazzzzysam,https://t.me/krazzzzysam,Sand link,2024-01-05T11:03:23+00:00,,,
63921,krazzzzysam,https://t.me/krazzzzysam,Link,2024-01-05T10:52:59+00:00,,,
63916,krazzzzysam,https://t.me/krazzzzysam,<PERSON> game mere <PERSON>,2024-01-05T10:24:06+00:00,,,
63915,krazzzzysam,https://t.me/krazzzzysam,<PERSON>,2024-01-05T10:23:06+00:00,,,
63911,krazzzzysam,https://t.me/krazzzzysam,Bhai mere <PERSON> game do jis game me xxxx khele please bhai,2024-01-05T10:03:41+00:00,,,
63902,krazzzzysam,https://t.me/krazzzzysam,Dthgdff trh,2024-01-05T09:08:32+00:00,,,
63901,krazzzzysam,https://t.me/krazzzzysam,Wheniqfof kc,2024-01-05T09:08:28+00:00,,,
63893,krazzzzysam,https://t.me/krazzzzysam,<NRP> movie download <PERSON> but file me movie <PERSON>,2024-01-05T08:36:15+00:00,,,
63881,krazzzzysam,https://t.me/krazzzzysam,Hlo,2024-01-05T08:17:14+00:00,,,
63880,krazzzzysam,https://t.me/krazzzzysam,Download,2024-01-05T08:04:32+00:00,,,
63879,krazzzzysam,https://t.me/krazzzzysam,<PERSON>,2024-01-05T08:04:26+00:00,,,
63873,krazzzzysam,https://t.me/krazzzzysam,Parava movie sand ker do,2024-01-05T07:51:06+00:00,,,
63756,krazzzzysam,https://t.me/krazzzzysam,I phone ma play <PERSON> ****,2024-01-04T16:48:22+00:00,,,
63704,krazzzzysam,https://t.me/krazzzzysam,"Bhai full movie <PERSON> dubbed👇 me available he 👇
Sexy movies available💦💦💦
https://t.me/movieflixzzzORG
https://t.me/movieflixzzzORG
https://t.me/movieflixzzzORG",2024-01-04T10:06:27+00:00,,,
63689,krazzzzysam,https://t.me/krazzzzysam,"Bhai full movie <PERSON> dubbed👇 me available he 👇
Sexy movies available💦💦💦
https://t.me/movieflixzzzORG
https://t.me/movieflixzzzORG
https://t.me/movieflixzzzORG",2024-01-04T09:41:34+00:00,,,
63687,krazzzzysam,https://t.me/krazzzzysam,Are us me message <PERSON>,2024-01-04T09:40:53+00:00,,,
63686,krazzzzysam,https://t.me/krazzzzysam,"Bhai full movie <PERSON> dubbed👇 me available he 👇
Sexy movies available💦💦💦
https://t.me/movieflixzzzORG
https://t.me/movieflixzzzORG
https://t.me/movieflixzzzORG",2024-01-04T09:40:27+00:00,,,
63674,krazzzzysam,https://t.me/krazzzzysam,https://t.me/Movie3sk,2024-01-04T08:24:09+00:00,,,
63673,krazzzzysam,https://t.me/krazzzzysam,https://t.me/Movie3sk,2024-01-04T08:24:07+00:00,,,
63672,krazzzzysam,https://t.me/krazzzzysam,https://t.me/Movie3sk,2024-01-04T08:24:06+00:00,,,
63671,krazzzzysam,https://t.me/krazzzzysam,https://t.me/Movie3sk,2024-01-04T08:24:01+00:00,,,
63668,krazzzzysam,https://t.me/krazzzzysam,<PERSON> dikh <PERSON>,2024-01-04T07:06:21+00:00,,,
63648,krazzzzysam,https://t.me/krazzzzysam,<PERSON>,2024-01-04T04:56:47+00:00,,,
63606,krazzzzysam,https://t.me/krazzzzysam,<PERSON> adult app <PERSON> me har content chalta hoo,2024-01-03T19:14:12+00:00,,,
63600,krazzzzysam,https://t.me/krazzzzysam,14+ continued,2024-01-03T17:25:30+00:00,,,
63597,krazzzzysam,https://t.me/krazzzzysam,Nhi mil rha h,2024-01-03T17:11:54+00:00,,,
63594,krazzzzysam,https://t.me/krazzzzysam,A movie ..,2024-01-03T16:55:25+00:00,,,
63593,krazzzzysam,https://t.me/krazzzzysam,<NRP> movie download <PERSON>,2024-01-03T16:55:01+00:00,,,
63590,krazzzzysam,https://t.me/krazzzzysam,https://t.me/movieflixzzzORG/3292,2024-01-03T16:32:37+00:00,,,
63588,krazzzzysam,https://t.me/krazzzzysam,"Bhai full movie <PERSON> dubbed👇 me available he 👇
Sexy movies available💦💦💦
https://t.me/movieflixzzzORG
https://t.me/movieflixzzzORG
https://t.me/movieflixzzzORG",2024-01-03T16:32:12+00:00,,,
63587,krazzzzysam,https://t.me/krazzzzysam,"Bhai full movie <PERSON> dubbed👇 me available he 👇
Sexy movies available💦💦💦
https://t.me/movieflixzzzORG
https://t.me/movieflixzzzORG
https://t.me/movieflixzzzORG",2024-01-03T16:32:01+00:00,,,
63586,krazzzzysam,https://t.me/krazzzzysam,"Bhai full movie <PERSON> dubbed👇 me available he 👇
Sexy movies available💦💦💦
https://t.me/movieflixzzzORG
https://t.me/movieflixzzzORG
https://t.me/movieflixzzzORG",2024-01-03T16:31:47+00:00,,,
63578,krazzzzysam,https://t.me/krazzzzysam,Animal movie ki links <PERSON>,2024-01-03T15:40:17+00:00,,,👍: 1
63575,krazzzzysam,https://t.me/krazzzzysam,Online movies <PERSON>,2024-01-03T15:34:40+00:00,,,
63572,krazzzzysam,https://t.me/krazzzzysam,Download <PERSON>,2024-01-03T15:03:06+00:00,,,
63571,krazzzzysam,https://t.me/krazzzzysam,Upload please,2024-01-03T14:54:59+00:00,,,
63570,krazzzzysam,https://t.me/krazzzzysam,Aadikeshava movie chahiye in Hindi,2024-01-03T14:54:47+00:00,,,
63566,krazzzzysam,https://t.me/krazzzzysam,"Bhai full movie <PERSON> dubbed👇 me available he 👇
Sexy movies available💦💦💦
https://t.me/movieflixzzzORG
https://t.me/movieflixzzzORG
https://t.me/movieflixzzzORG",2024-01-03T14:25:14+00:00,,,
63564,krazzzzysam,https://t.me/krazzzzysam,Download nhi ho rhi h,2024-01-03T14:17:29+00:00,,,👍: 1
63561,krazzzzysam,https://t.me/krazzzzysam,Na hi watch <PERSON> h,2024-01-03T14:08:32+00:00,,,
63560,krazzzzysam,https://t.me/krazzzzysam,Download nhi ho rhi h,2024-01-03T14:08:24+00:00,,,
63559,krazzzzysam,https://t.me/krazzzzysam,Also join this link to watch new movies,2024-01-03T13:57:49+00:00,,,
63558,krazzzzysam,https://t.me/krazzzzysam,join this link to watch new movies,2024-01-03T13:57:21+00:00,,,
63557,krazzzzysam,https://t.me/krazzzzysam,"https://t.me/Marveltake
https://t.me/MWworl",2024-01-03T13:57:21+00:00,,,
63556,krazzzzysam,https://t.me/krazzzzysam,Also join this link to watch new movies,2024-01-03T13:57:20+00:00,,,
63555,krazzzzysam,https://t.me/krazzzzysam,"https://t.me/Marveltake
https://t.me/MWworl",2024-01-03T13:57:20+00:00,,,
63554,krazzzzysam,https://t.me/krazzzzysam,18+ video join now,2024-01-03T13:49:34+00:00,,,
63553,krazzzzysam,https://t.me/krazzzzysam,"https://t.me/bdsm1hub
https://t.me/yeameku
https://t.me/phub6999",2024-01-03T13:49:17+00:00,,,
63551,krazzzzysam,https://t.me/krazzzzysam,.,2024-01-03T13:01:37+00:00,,,
63550,krazzzzysam,https://t.me/krazzzzysam,Sir link var click <PERSON>,2024-01-03T13:01:33+00:00,,,
63549,krazzzzysam,https://t.me/krazzzzysam,,2024-01-03T13:01:30+00:00,,,
63548,krazzzzysam,https://t.me/krazzzzysam,"Bhai full movie <PERSON> dubbed👇 me available he 👇

https://t.me/movieflixzzzORG
https://t.me/movieflixzzzORG
https://t.me/movieflixzzzORG",2024-01-03T13:01:13+00:00,,,
63546,krazzzzysam,https://t.me/krazzzzysam,"Bhai full movie <PERSON> dubbed👇 me available he 👇

https://t.me/movieflixzzzORG
https://t.me/movieflixzzzORG
https://t.me/movieflixzzzORG",2024-01-03T13:00:57+00:00,,,
63545,krazzzzysam,https://t.me/krazzzzysam,"Bhai full movie <PERSON> dubbed👇 me available he 👇

https://t.me/movieflixzzzORG
https://t.me/movieflixzzzORG
https://t.me/movieflixzzzORG",2024-01-03T13:00:48+00:00,,,
63544,krazzzzysam,https://t.me/krazzzzysam,"Bhai full movie <PERSON> dubbed👇 me available he 👇
Sexy movies available💦💦💦
https://t.me/movieflixzzzORG
https://t.me/movieflixzzzORG
https://t.me/movieflixzzzORG",2024-01-03T13:00:33+00:00,,,
63536,krazzzzysam,https://t.me/krazzzzysam,leo Grande movie bhai download <PERSON> 28 percent <PERSON> error <PERSON>,2024-01-03T12:44:08+00:00,,,
63534,krazzzzysam,https://t.me/krazzzzysam,Hlo,2024-01-03T12:36:47+00:00,,,
63533,krazzzzysam,https://t.me/krazzzzysam,<PERSON>,2024-01-03T12:36:45+00:00,,,
63532,krazzzzysam,https://t.me/krazzzzysam,Dunki movie <PERSON>,2024-01-03T12:36:37+00:00,,,
63530,krazzzzysam,https://t.me/krazzzzysam,doll maker movie Hindi,2024-01-03T11:45:53+00:00,,,
63529,krazzzzysam,https://t.me/krazzzzysam,Bhai mere me downlod <PERSON>,2024-01-03T11:33:41+00:00,,,
63526,krazzzzysam,https://t.me/krazzzzysam,Yes how can i help you,2024-01-03T11:24:11+00:00,,,
63524,krazzzzysam,https://t.me/krazzzzysam,"Bhai full movie <PERSON> dubbed👇 me available he 👇
Sexy movies available💦💦💦
https://t.me/movieflixzzzORG
https://t.me/movieflixzzzORG
https://t.me/movieflixzzzORG",2024-01-03T11:24:11+00:00,,,
63517,krazzzzysam,https://t.me/krazzzzysam,"Bhai full movie <PERSON> dubbed👇 me available he 👇
Sexy movies available💦💦💦
https://t.me/movieflixzzzORG
https://t.me/movieflixzzzORG
https://t.me/movieflixzzzORG",2024-01-03T11:08:16+00:00,,,
63516,krazzzzysam,https://t.me/krazzzzysam,"Bhai full movie <PERSON> dubbed👇 me available he 👇
Sexy movies available💦💦💦
https://t.me/movieflixzzzORG
https://t.me/movieflixzzzORG
https://t.me/movieflixzzzORG",2024-01-03T11:08:15+00:00,,,
63511,krazzzzysam,https://t.me/krazzzzysam,"Bhai full movie <PERSON> dubbed👇 me available he 👇
Sexy movies available💦💦💦
https://t.me/movieflixzzzORG
https://t.me/movieflixzzzORG
https://t.me/movieflixzzzORG",2024-01-03T11:03:14+00:00,,,
63509,krazzzzysam,https://t.me/krazzzzysam,<PERSON>,2024-01-03T10:13:04+00:00,,,
63504,krazzzzysam,https://t.me/krazzzzysam,"10rs for any movie
Massage me personally",2024-01-03T09:52:17+00:00,,,
63503,krazzzzysam,https://t.me/krazzzzysam,<PERSON> ha guys <PERSON> solution ha kya help me,2024-01-03T09:47:05+00:00,,,
63502,krazzzzysam,https://t.me/krazzzzysam,,2024-01-03T09:46:44+00:00,,,
63501,krazzzzysam,https://t.me/krazzzzysam,Guys koi <PERSON> me link per click karke film chalti uska baad,2024-01-03T09:46:39+00:00,,,
63500,krazzzzysam,https://t.me/krazzzzysam,Hlo,2024-01-03T09:45:47+00:00,,,
63493,krazzzzysam,https://t.me/krazzzzysam,Mere usmein <PERSON>,2024-01-03T07:49:37+00:00,,,👍: 1
63492,krazzzzysam,https://t.me/krazzzzysam,<PERSON> download <PERSON>,2024-01-03T07:49:30+00:00,,,
63490,krazzzzysam,https://t.me/krazzzzysam,Ase chalo kro,2024-01-03T07:19:41+00:00,,,
63489,krazzzzysam,https://t.me/krazzzzysam,https://shrinkme.org/9B1X,2024-01-03T07:19:23+00:00,,,
63488,krazzzzysam,https://t.me/krazzzzysam,https://shrinkme.org/vOvt6Q5,2024-01-03T07:19:18+00:00,,,
63479,krazzzzysam,https://t.me/krazzzzysam,<PERSON> dm me,2024-01-03T06:24:00+00:00,,,
63478,krazzzzysam,https://t.me/krazzzzysam,😁😁,2024-01-03T06:23:47+00:00,,,
63471,krazzzzysam,https://t.me/krazzzzysam,<PERSON> massage karo mai dunga movie,2024-01-03T06:00:51+00:00,,,
63470,krazzzzysam,https://t.me/krazzzzysam,Movie,2024-01-03T06:00:39+00:00,,,
63469,krazzzzysam,https://t.me/krazzzzysam,the PURSUIT of HAPPINESS,2024-01-03T06:00:07+00:00,,,
63465,krazzzzysam,https://t.me/krazzzzysam,DM me fast,2024-01-03T04:42:41+00:00,,,
63464,krazzzzysam,https://t.me/krazzzzysam,Earn <DATE_TIME>,2024-01-03T04:42:36+00:00,,,
63439,krazzzzysam,https://t.me/krazzzzysam,https://t.me/Movie3sk,2024-01-03T04:23:41+00:00,,,
63438,krazzzzysam,https://t.me/krazzzzysam,https://t.me/Movie3sk,2024-01-03T04:23:41+00:00,,,
63437,krazzzzysam,https://t.me/krazzzzysam,https://t.me/Movie3sk,2024-01-03T04:23:33+00:00,,,
63429,krazzzzysam,https://t.me/krazzzzysam,Aaj hi bhej do,2024-01-03T03:38:52+00:00,,,
63428,krazzzzysam,https://t.me/krazzzzysam,<PERSON> movie <PERSON>,2024-01-03T03:36:43+00:00,,,
63424,krazzzzysam,https://t.me/krazzzzysam,Aise chhote ladke ka video <PERSON>,2024-01-03T02:13:40+00:00,,,
63423,krazzzzysam,https://t.me/krazzzzysam,Hii,2024-01-03T02:13:30+00:00,,,👍: 2
63414,krazzzzysam,https://t.me/krazzzzysam,"Rs 100 videos 50
Rs 200 videos 150",2024-01-02T23:31:31+00:00,,,"👎: 4, 👍: 1"
63413,krazzzzysam,https://t.me/krazzzzysam,Teenage girls and boys sex videos available teenage lesbian and boy and boy,2024-01-02T23:31:25+00:00,,,
63412,krazzzzysam,https://t.me/krazzzzysam,,2024-01-02T23:31:20+00:00,,,
63411,krazzzzysam,https://t.me/krazzzzysam,,2024-01-02T23:31:20+00:00,,,
63410,krazzzzysam,https://t.me/krazzzzysam,,2024-01-02T23:31:20+00:00,,,
63394,krazzzzysam,https://t.me/krazzzzysam,bhai audio nhi aa rha,2024-01-02T19:31:18+00:00,,,
63389,krazzzzysam,https://t.me/krazzzzysam,Same problem,2024-01-02T19:00:44+00:00,,,
63388,krazzzzysam,https://t.me/krazzzzysam,<PERSON>,2024-01-02T18:59:45+00:00,,,
63385,krazzzzysam,https://t.me/krazzzzysam,14+ continued,2024-01-02T18:58:21+00:00,,,
63381,krazzzzysam,https://t.me/krazzzzysam,14+ continued,2024-01-02T18:49:33+00:00,,,
63380,krazzzzysam,https://t.me/krazzzzysam,,2024-01-02T18:21:40+00:00,,,
63378,krazzzzysam,https://t.me/krazzzzysam,Download <PERSON>,2024-01-02T18:17:43+00:00,,,
63375,krazzzzysam,https://t.me/krazzzzysam,Mega app download krlo online play <PERSON>,2024-01-02T17:34:09+00:00,,,
63374,krazzzzysam,https://t.me/krazzzzysam,<PERSON> ho rha <PERSON>,2024-01-02T17:27:27+00:00,,,
63373,krazzzzysam,https://t.me/krazzzzysam,<PERSON> mang <PERSON> download <PERSON> dusra link do bhai,2024-01-02T17:05:38+00:00,,,
63370,krazzzzysam,https://t.me/krazzzzysam,"Bhai full movie <PERSON> dubbed👇 me available he 👇
Sexy movies available💦💦💦
https://t.me/movieflixzzzORG
https://t.me/movieflixzzzORG
https://t.me/movieflixzzzORG",2024-01-02T16:57:21+00:00,,,
63369,krazzzzysam,https://t.me/krazzzzysam,"Bhai full movie <PERSON> dubbed👇 me available he 👇
Sexy movies available💦💦💦
https://t.me/movieflixzzzORG
https://t.me/movieflixzzzORG
https://t.me/movieflixzzzORG",2024-01-02T16:57:21+00:00,,,
63368,krazzzzysam,https://t.me/krazzzzysam,"Bhai full movie <PERSON> dubbed👇 me available he 👇
Sexy movies available💦💦💦
https://t.me/movieflixzzzORG
https://t.me/movieflixzzzORG
https://t.me/movieflixzzzORG",2024-01-02T16:57:20+00:00,,,
63367,krazzzzysam,https://t.me/krazzzzysam,"Bhai full movie <PERSON> dubbed👇 me available he 👇
Sexy movies available💦💦💦
https://t.me/movieflixzzzORG
https://t.me/movieflixzzzORG
https://t.me/movieflixzzzORG",2024-01-02T16:57:20+00:00,,,
63365,krazzzzysam,https://t.me/krazzzzysam,"Bhai full movie <PERSON> dubbed👇 me available he 👇
Sexy movies available💦💦💦
https://t.me/movieflixzzzORG
https://t.me/movieflixzzzORG
https://t.me/movieflixzzzORG",2024-01-02T16:53:52+00:00,,,
63363,krazzzzysam,https://t.me/krazzzzysam,"Bhai full movie <PERSON> dubbed👇 me available he 👇
Sexy movies available💦💦💦
https://t.me/movieflixzzzORG
https://t.me/movieflixzzzORG
https://t.me/movieflixzzzORG",2024-01-02T16:52:44+00:00,,,
63362,krazzzzysam,https://t.me/krazzzzysam,"Bhai full movie <PERSON> dubbed👇 me available he 👇
Sexy movies available💦💦💦
https://t.me/movieflixzzzORG
https://t.me/movieflixzzzORG
https://t.me/movieflixzzzORG",2024-01-02T16:52:25+00:00,,,
63361,krazzzzysam,https://t.me/krazzzzysam,"Bhai full movie <PERSON> dubbed👇 me available he 👇
Sexy movies available💦💦💦
https://t.me/movieflixzzzORG
https://t.me/movieflixzzzORG
https://t.me/movieflixzzzORG",2024-01-02T16:52:19+00:00,,,
63360,krazzzzysam,https://t.me/krazzzzysam,Bhai hum movie <PERSON>,2024-01-02T16:50:59+00:00,,,
63359,krazzzzysam,https://t.me/krazzzzysam,Hii,2024-01-02T16:50:15+00:00,,,
63358,krazzzzysam,https://t.me/krazzzzysam,But <PERSON> a <PERSON>,2024-01-02T16:48:03+00:00,,,
63357,krazzzzysam,https://t.me/krazzzzysam,<PERSON> website <PERSON> yah photo bheja <PERSON> to <PERSON>,2024-01-02T16:47:41+00:00,,,👍: 3
63356,krazzzzysam,https://t.me/krazzzzysam,Leo grand,2024-01-02T16:47:12+00:00,,,
63355,krazzzzysam,https://t.me/krazzzzysam,<PERSON> option,2024-01-02T16:46:50+00:00,,,
63352,krazzzzysam,https://t.me/krazzzzysam,<PERSON> do,2024-01-02T16:38:36+00:00,,,
63350,krazzzzysam,https://t.me/krazzzzysam,Mere se download <PERSON> do <PERSON>,2024-01-02T16:29:09+00:00,,,
63348,krazzzzysam,https://t.me/krazzzzysam,"Darling darling Darling darling Darling DarlingDarling Darling
Movie movie movie movie movie movie movie he",2024-01-02T16:24:56+00:00,,,
63345,krazzzzysam,https://t.me/krazzzzysam,Download nhi <PERSON>,2024-01-02T16:16:55+00:00,,,👍: 3
63344,krazzzzysam,https://t.me/krazzzzysam,Download nhi <PERSON>,2024-01-02T16:11:42+00:00,,,👍: 1
63343,krazzzzysam,https://t.me/krazzzzysam,<PERSON> video cahiye massage karo,2024-01-02T16:07:12+00:00,,,"😁: 10, 👍: 1"
63342,krazzzzysam,https://t.me/krazzzzysam,"For Berlin session 1-6 ep check this channel

https://t.me/+KWcsgrdWgtI0MmQ1",2024-01-02T16:06:17+00:00,,,"👍: 2, 👏: 1"
