id,Channel ID,URL,message,date,views,forwards,reactions
560,krazzzzysam,https://t.me/krazzzzysam,"Latest 2024 Movie Hindi Dubbed Download link here 👇👇

  • 480p 👇
   https://ziplinker.net/anXi

  • 720p 👇
   https://ziplinker.net/6s25TbRa
_ _ _ _ _ _ _ _ _ _ _ _ _ _ _ _ _ _

agr ad blocker show <PERSON> to phone ki settings me jakr private DNS off <PERSON> download <PERSON>

New movies channel link
https://t.me/+6l-kKuegOO9mNzRl
https://t.me/+6l-kKuegOO9mNzRl
https://t.me/+6l-kKuegOO9mNzRl",2024-02-18T14:43:52+00:00,217248.0,516.0,"👍: 113, ❤: 19, 💩: 8, 👎: 4, 🔥: 4, 😁: 3, 🥰: 2, 👏: 1"
80668,krazzzzysam,https://t.me/krazzzzysam,Or <PERSON>,2024-04-18T12:50:28+00:00,,,
80667,krazzzzysam,https://t.me/krazzzzysam,<PERSON> 3 kb milegi,2024-04-18T12:50:11+00:00,,,
77026,krazzzzysam,https://t.me/krazzzzysam,<PERSON>,2024-03-24T09:23:34+00:00,,,
75848,krazzzzysam,https://t.me/krazzzzysam,<PERSON> video <PERSON> chal <PERSON>,2024-03-21T22:31:28+00:00,,,
73902,krazzzzysam,https://t.me/krazzzzysam,Hii,2024-03-01T12:15:56+00:00,,,
73532,krazzzzysam,https://t.me/krazzzzysam,"https://t.me/pkpredictr
Join vc",2024-02-26T10:55:36+00:00,,,
73499,krazzzzysam,https://t.me/krazzzzysam,Hii,2024-02-25T17:32:27+00:00,,,
73160,krazzzzysam,https://t.me/krazzzzysam,<PERSON> earning <PERSON> <DATE_TIME>,2024-02-20T16:44:51+00:00,,,
73052,krazzzzysam,https://t.me/krazzzzysam,yah movie download <PERSON>,2024-02-19T09:35:06+00:00,,,
73050,krazzzzysam,https://t.me/krazzzzysam,<PERSON> mein uljha <PERSON>,2024-02-19T09:34:50+00:00,,,
73035,krazzzzysam,https://t.me/krazzzzysam,Sirf 10Rs Invest Karke Daily 300Rs <PERSON> To <PERSON>,2024-02-19T07:04:38+00:00,,,👍: 1
73024,krazzzzysam,https://t.me/krazzzzysam,Warning 2,2024-02-19T04:02:51+00:00,,,
73023,krazzzzysam,https://t.me/krazzzzysam,Link open <PERSON>,2024-02-19T04:00:37+00:00,,,
73017,krazzzzysam,https://t.me/krazzzzysam,Bad boy movie of namashi & amrin,2024-02-19T00:57:51+00:00,,,
73016,krazzzzysam,https://t.me/krazzzzysam,Hi,2024-02-19T00:10:54+00:00,,,
73014,krazzzzysam,https://t.me/krazzzzysam,The dictator <PERSON> dubbed plz bro🥺💗,2024-02-18T21:22:33+00:00,,,
73013,krazzzzysam,https://t.me/krazzzzysam,"<NRP>
The dictator 
Movie chaiya plz",2024-02-18T21:22:02+00:00,,,
73012,krazzzzysam,https://t.me/krazzzzysam,Wrong turn <PERSON> part chahiye,2024-02-18T20:40:53+00:00,,,👍: 2
73010,krazzzzysam,https://t.me/krazzzzysam,"<PERSON> print?? 
Or HD quality ??",2024-02-18T18:49:01+00:00,,,
73009,krazzzzysam,https://t.me/krazzzzysam,Nhi <PERSON>,2024-02-18T18:18:31+00:00,,,
72995,krazzzzysam,https://t.me/krazzzzysam,<PERSON> full movie send link,2024-02-18T16:58:19+00:00,,,
72989,krazzzzysam,https://t.me/krazzzzysam,Mo,2024-02-18T16:36:28+00:00,,,
72988,krazzzzysam,https://t.me/krazzzzysam,Love yatri hindi me,2024-02-18T15:56:16+00:00,,,
72983,krazzzzysam,https://t.me/krazzzzysam,Koi movie nhi mil <PERSON> to message <PERSON> do me de dunga 👍🏻,2024-02-18T15:27:44+00:00,,,
72982,krazzzzysam,https://t.me/krazzzzysam,I want to watch a sex movie,2024-02-18T15:18:20+00:00,,,
72980,krazzzzysam,https://t.me/krazzzzysam,Golti movie ki link 🔗,2024-02-18T14:56:25+00:00,,,
72979,krazzzzysam,https://t.me/krazzzzysam,7,2024-02-18T14:45:30+00:00,,,"😁: 4, 😈: 1"
