id,Channel ID,URL,message,date,views,forwards,reactions
529,krazzzzysam,https://t.me/krazzzzysam,"Men'$ wo₹ld Series Hindi Dubbed Download link here 👇👇

  • Episodes (1-2)👇
     https://ziplinker.net/ggmP5F3

  • Episodes (3-4)👇
      https://ziplinker.net/xk5Pp0bE
_ _ _ _ _ _ _ _ _ _ _ _ _ _ _ _ _ _

Series ke bare me iss reel me btaya <PERSON>

        ⚠️ IMPORTANT ⚠️

• Jisko Download Karne Mai Problem Ho wo ye
   wali video dekhlo 👇👇

https://t.me/KrazzzzySam/471

agr ad blocker show <PERSON> to phone ki settings me jakr private DNS off <PERSON> download <PERSON>",2024-01-29T16:12:47+00:00,284782.0,796.0,"👍: 188, ❤: 22, 🔥: 7, 😁: 7, 💩: 6, 🤩: 5, 🥰: 2, 👎: 1, 👏: 1"
83557,krazzzzysam,https://t.me/krazzzzysam,Land boshade mobi tu download <PERSON>,2024-05-22T15:34:04+00:00,,,
79944,krazzzzysam,https://t.me/krazzzzysam,<NRP>,2024-04-11T18:02:08+00:00,,,
77885,krazzzzysam,https://t.me/krazzzzysam,"https://t.me/+hpaxhpszkrY3YWVl
https://t.me/+hpaxhpszkrY3YWVl
https://t.me/+hpaxhpszkrY3YWVl
https://t.me/+hpaxhpszkrY3YWVl
https://t.me/+hpaxhpszkrY3YWVl
https://t.me/+hpaxhpszkrY3YWVl
https://t.me/+hpaxhpszkrY3YWVl
https://t.me/+hpaxhpszkrY3YWVl
https://t.me/+hpaxhpszkrY3YWVl
https://t.me/+hpaxhpszkrY3YWVl
https://t.me/+hpaxhpszkrY3YWVl
https://t.me/+hpaxhpszkrY3YWVl
https://t.me/+hpaxhpszkrY3YWVl
https://t.me/+hpaxhpszkrY3YWVl
https://t.me/+hpaxhpszkrY3YWVl
https://t.me/+hpaxhpszkrY3YWVl
https://t.me/+hpaxhpszkrY3YWVl
https://t.me/+hpaxhpszkrY3YWVl
https://t.me/+hpaxhpszkrY3YWVl
https://t.me/+hpaxhpszkrY3YWVl
https://t.me/+hpaxhpszkrY3YWVl
https://t.me/+hpaxhpszkrY3YWVl
https://t.me/+hpaxhpszkrY3YWVl
https://t.me/+hpaxhpszkrY3YWVl
https://t.me/+hpaxhpszkrY3YWVl
https://t.me/+hpaxhpszkrY3YWVl
https://t.me/+hpaxhpszkrY3YWVl
https://t.me/+hpaxhpszkrY3YWVl
https://t.me/+hpaxhpszkrY3YWVl
https://t.me/+hpaxhpszkrY3YWVl
https://t.me/+hpaxhpszkrY3YWVl
https://t.me/+hpaxhpszkrY3YWVl
https://t.me/+hpaxhpszkrY3YWVl
https://t.me/+hpaxhpszkrY3YWVl
https://t.me/+hpaxhpszkrY3YWVl
https://t.me/+hpaxhpszkrY3YWVl
https://t.me/+hpaxhpszkrY3YWVl
https://t.me/+hpaxhpszkrY3YWVl
https://t.me/+hpaxhpszkrY3YWVl
https://t.me/+hpaxhpszkrY3YWVl
https://t.me/+hpaxhpszkrY3YWVl
https://t.me/+hpaxhpszkrY3YWVl
https://t.me/+hpaxhpszkrY3YWVl
https://t.me/+hpaxhpszkrY3YWVl
https://t.me/+hpaxhpszkrY3YWVl
https://t.me/+hpaxhpszkrY3YWVl
https://t.me/+hpaxhpszkrY3YWVl
https://t.me/+hpaxhpszkrY3YWVl
https://t.me/+hpaxhpszkrY3YWVl
https://t.me/+hpaxhpszkrY3YWVl
https://t.me/+hpaxhpszkrY3YWVl
https://t.me/+hpaxhpszkrY3YWVl
https://t.me/+hpaxhpszkrY3YWVl
https://t.me/+hpaxhpszkrY3YWVl
https://t.me/+hpaxhpszkrY3YWVl
https://t.me/+hpaxhpszkrY3YWVl
https://t.me/+hpaxhpszkrY3YWVl
https://t.me/+hpaxhpszkrY3YWVl
https://t.me/+hpaxhpszkrY3YWVl
https://t.me/+hpaxhpszkrY3YWVl
https://t.me/+hpaxhpszkrY3YWVl
https://t.me/+hpaxhpszkrY3YWVl
https://t.me/+hpaxhpszkrY3YWVl
https://t.me/+hpaxhpszkrY3YWVl
https://t.me/+hpaxhpszkrY3YWVl
https://t.me/+hpaxhpszkrY3YWVl
https://t.me/+hpaxhpszkrY3YWVl
https://t.me/+hpaxhpszkrY3YWVl
https://t.me/+hpaxhpszkrY3YWVl
https://t.me/+hpaxhpszkrY3YWVl
https://t.me/+hpaxhpszkrY3YWVl
https://t.me/+hpaxhpszkrY3YWVl
https://t.me/+hpaxhpszkrY3YWVl
https://t.me/+hpaxhpszkrY3YWVl
https://t.me/+hpaxhpszkrY3YWVl
https://t.me/+hpaxhpszkrY3YWVl
https://t.me/+hpaxhpszkrY3YWVl
https://t.me/+hpaxhpszkrY3YWVl
https://t.me/+hpaxhpszkrY3YWVl
https://t.me/+hpaxhpszkrY3YWVl
https://t.me/+hpaxhpszkrY3YWVl",2024-03-27T22:57:07+00:00,,,
71913,krazzzzysam,https://t.me/krazzzzysam,Hiii,2024-02-09T15:57:55+00:00,,,
71346,krazzzzysam,https://t.me/krazzzzysam,https://t.me/httpanimeworldjoin,2024-02-07T07:23:26+00:00,,,
71345,krazzzzysam,https://t.me/krazzzzysam,"Joining This channel and getting new movie new series and anime and etc.
https://t.me/http1so41fzN7pnFlMmZ
Anime 🌠 Fans 😎 join This channel 
https://t.me/httpanimeworldjoin",2024-02-07T07:23:24+00:00,,,
71344,krazzzzysam,https://t.me/krazzzzysam,https://t.me/http1so41fzN7pnFlMmZ,2024-02-07T07:23:20+00:00,,,
71302,krazzzzysam,https://t.me/krazzzzysam,https://youtube.com/@user-gp1td1fq4o?si=7pO6WPlB4Q8mpYqd,2024-02-06T18:57:23+00:00,,,
71295,krazzzzysam,https://t.me/krazzzzysam,Terabox link,2024-02-06T18:12:49+00:00,,,
70243,krazzzzysam,https://t.me/krazzzzysam,Bhej do,2024-02-01T07:08:25+00:00,,,
70242,krazzzzysam,https://t.me/krazzzzysam,Agr kise ke pass download hai,2024-02-01T07:08:21+00:00,,,
70241,krazzzzysam,https://t.me/krazzzzysam,Man's  world,2024-02-01T07:08:14+00:00,,,
70009,krazzzzysam,https://t.me/krazzzzysam,Hi,2024-01-31T07:59:05+00:00,,,
69993,krazzzzysam,https://t.me/krazzzzysam,<PERSON>,2024-01-31T07:14:37+00:00,,,
69991,krazzzzysam,https://t.me/krazzzzysam,Sir Download <PERSON>,2024-01-31T07:06:31+00:00,,,
69927,krazzzzysam,https://t.me/krazzzzysam,Easy money earn tep to link and start earning🙈😊,2024-01-31T03:22:45+00:00,,,
69926,krazzzzysam,https://t.me/krazzzzysam,https://t.me/Tgbotsponsor_bot?start=<PHONE_NUMBER>,2024-01-31T03:22:43+00:00,,,
69830,krazzzzysam,https://t.me/krazzzzysam,Easy money earn tep to link and start earning🙈😊,2024-01-30T17:50:59+00:00,,,
69829,krazzzzysam,https://t.me/krazzzzysam,https://t.me/Tgbotsponsor_bot?start=<PHONE_NUMBER>,2024-01-30T17:50:56+00:00,,,
69815,krazzzzysam,https://t.me/krazzzzysam,Nice movie,2024-01-30T17:33:17+00:00,,,
69814,krazzzzysam,https://t.me/krazzzzysam,Movie,2024-01-30T17:33:01+00:00,,,
69813,krazzzzysam,https://t.me/krazzzzysam,Men world,2024-01-30T17:32:55+00:00,,,
69812,krazzzzysam,https://t.me/krazzzzysam,Thank you <PERSON>,2024-01-30T17:32:31+00:00,,,
69784,krazzzzysam,https://t.me/krazzzzysam,<PERSON> movie,2024-01-30T16:07:25+00:00,,,
69759,krazzzzysam,https://t.me/krazzzzysam,📹 video upload Karu bro,2024-01-30T15:18:38+00:00,,,
69718,krazzzzysam,https://t.me/krazzzzysam,Ghoomar movie <PERSON>,2024-01-30T13:14:43+00:00,,,
69716,krazzzzysam,https://t.me/krazzzzysam,<PERSON>,2024-01-30T12:37:38+00:00,,,
69715,krazzzzysam,https://t.me/krazzzzysam,Link open nhi <PERSON>,2024-01-30T12:37:36+00:00,,,
69712,krazzzzysam,https://t.me/krazzzzysam,Crash course,2024-01-30T12:29:57+00:00,,,
69709,krazzzzysam,https://t.me/krazzzzysam,<PERSON> link <PERSON> aaraha,2024-01-30T11:49:39+00:00,,,
69708,krazzzzysam,https://t.me/krazzzzysam,Money heist all season,2024-01-30T11:40:12+00:00,,,
69706,krazzzzysam,https://t.me/krazzzzysam,Upload <PERSON> movie,2024-01-30T11:35:19+00:00,,,
69693,krazzzzysam,https://t.me/krazzzzysam,<PERSON> khul <PERSON> link,2024-01-30T07:40:21+00:00,,,
69692,krazzzzysam,https://t.me/krazzzzysam,13 Movies miljayega,2024-01-30T07:32:02+00:00,,,
69690,krazzzzysam,https://t.me/krazzzzysam,<PERSON>,2024-01-30T07:18:52+00:00,,,
69689,krazzzzysam,https://t.me/krazzzzysam,<PERSON>,2024-01-30T07:18:37+00:00,,,
69685,krazzzzysam,https://t.me/krazzzzysam,<PERSON> hori merse to option hi ni are <PERSON> raha h,2024-01-30T05:14:54+00:00,,,
69684,krazzzzysam,https://t.me/krazzzzysam,Ludo,2024-01-30T03:42:51+00:00,,,
69683,krazzzzysam,https://t.me/krazzzzysam,Caseback movie link do na bhai,2024-01-30T01:08:44+00:00,,,
69672,krazzzzysam,https://t.me/krazzzzysam,14+,2024-01-29T17:56:26+00:00,,,
69671,krazzzzysam,https://t.me/krazzzzysam,Hlo,2024-01-29T17:52:13+00:00,,,
69667,krazzzzysam,https://t.me/krazzzzysam,Crash course,2024-01-29T17:22:02+00:00,,,
69666,krazzzzysam,https://t.me/krazzzzysam,🫶,2024-01-29T17:19:30+00:00,,,👍: 1
69657,krazzzzysam,https://t.me/krazzzzysam,Hindi,2024-01-29T16:53:21+00:00,,,
69656,krazzzzysam,https://t.me/krazzzzysam,<PERSON> box link do,2024-01-29T16:52:59+00:00,,,❤: 1
69655,krazzzzysam,https://t.me/krazzzzysam,Mens world kha milegi,2024-01-29T16:51:04+00:00,,,
69654,krazzzzysam,https://t.me/krazzzzysam,TeraBox link do plz,2024-01-29T16:44:41+00:00,,,
69649,krazzzzysam,https://t.me/krazzzzysam,"Men'$ wo₹ld Series Hindi Dubbed Download link here 👇👇

  • Episodes (1-2)👇
     https://ziplinker.net/ggmP5F3

  • Episodes (3-4)👇
      https://ziplinker.net/xk5Pp0bE
_ _ _ _ _ _ _ _ _ _ _ _ _ _ _ _ _ _

Series ke bare me iss reel me btaya <PERSON>

        ⚠️ IMPORTANT ⚠️

• Jisko Download Karne Mai Problem Ho wo ye
   wali video dekhlo 👇👇

https://t.me/KrazzzzySam/471

agr ad blocker show <PERSON> to phone ki settings me jakr private DNS off <PERSON> download <PERSON>",2024-01-29T16:22:11+00:00,,,"👍: 1, ❤: 1"
69648,krazzzzysam,https://t.me/krazzzzysam,Sir online <PERSON>,2024-01-29T16:15:26+00:00,,,
