id,Channel ID,URL,message,date,views,forwards,reactions
450,krazzzzysam,https://t.me/krazzzzysam,"G!πl In <DATE_TIME> and 720p Download link here 👇👇👇👇

  • 480p 👇
  https://ziplinker.net/nbhkLQHQ

  • 720p 👇
   https://ziplinker.net/dWRpvUQy
_ _ _ _ _ _ _ _ _ _ _ _ _ _ _ _ _ _ _ _ _ _ _ _ _ _ _ _ _ _ _

Movie ke bare me iss reel me btaya <PERSON> IMPORTANT ⚠️

• Jisko Download Karne Mai Problem Ho wo ye
   wali video dekhlo 👇👇

https://t.me/KrazzzzySam/338

agr ad blocker show <PERSON> to phone ki settings me jakr private DNS off <PERSON> download <PERSON>",2023-12-11T14:36:21+00:00,250414.0,441.0,"👍: 167, ❤: 15, 💩: 13, 👎: 12, 👏: 4, 🥰: 3, 🤔: 3, 😁: 1"
86566,krazzzzysam,https://t.me/krazzzzysam,Massage me personally,2024-06-20T15:31:03+00:00,,,
73727,krazzzzysam,https://t.me/krazzzzysam,https://t.me/+ePnUshLphZJhZDRl,2024-02-28T15:30:11+00:00,,,
66295,krazzzzysam,https://t.me/krazzzzysam,Hindi language me <PERSON> na <PERSON>,2024-01-13T09:14:21+00:00,,,
59206,krazzzzysam,https://t.me/krazzzzysam,<PERSON> to de do bhai,2023-12-17T07:03:20+00:00,,,
58470,krazzzzysam,https://t.me/krazzzzysam,<PERSON>,2023-12-14T09:02:55+00:00,,,
58433,krazzzzysam,https://t.me/krazzzzysam,Girl in a basement,2023-12-14T05:22:21+00:00,,,
58432,krazzzzysam,https://t.me/krazzzzysam,Ye movie download nhii <PERSON> h,2023-12-14T05:20:45+00:00,,,
58404,krazzzzysam,https://t.me/krazzzzysam,<PERSON> but <PERSON> nhi aaye,2023-12-13T23:45:41+00:00,,,
58290,krazzzzysam,https://t.me/krazzzzysam,Are bhai Hindi me dona only <PERSON> dubbed h to bheja karo please,2023-12-13T11:38:20+00:00,,,
58211,krazzzzysam,https://t.me/krazzzzysam,"➡️ Join here for more viral desi videos🔞

     CHANNEL Link  ⬇️⬇️⬇️⬇️

[https://t.me/+NgcmVKaC4EU5NTQ1]
[https://t.me/+NgcmVKaC4EU5NTQ1]
[https://t.me/+NgcmVKaC4EU5NTQ1]

📱OFFICIALLY VERIFIED CHANNEL☑️",2023-12-12T09:05:42+00:00,,,
58210,krazzzzysam,https://t.me/krazzzzysam,"➡️ Join here for more new movies 

     CHANNEL Link  ⬇️⬇️⬇️⬇️

[<NRP>]
[<NRP>]
[<NRP>]

📱OFFICIALLY VERIFIED CHANNEL☑️",2023-12-12T09:05:33+00:00,,,
58202,krazzzzysam,https://t.me/krazzzzysam,Hii,2023-12-12T07:16:27+00:00,,,
58200,krazzzzysam,https://t.me/krazzzzysam,Please send in Hindi,2023-12-12T06:34:28+00:00,,,
58189,krazzzzysam,https://t.me/krazzzzysam,<PERSON> me <PERSON> movie <PERSON>,2023-12-12T05:32:09+00:00,,,
58188,krazzzzysam,https://t.me/krazzzzysam,Varna <PERSON>,2023-12-12T05:13:08+00:00,,,
58165,krazzzzysam,https://t.me/krazzzzysam,"➡️ Join here for more new web series 

     CHANNEL Link  ⬇️⬇️⬇️⬇️

[https://t.me/+ZjL8CsOKjOIxNDhl]
[https://t.me/+ZjL8CsOKjOIxNDhl]
[https://t.me/+ZjL8CsOKjOIxNDhl]

📱OFFICIALLY VERIFIED CHANNEL☑️",2023-12-12T00:42:07+00:00,,,
58164,krazzzzysam,https://t.me/krazzzzysam,"➡️ Join here for more new movies 

     CHANNEL Link  ⬇️⬇️⬇️⬇️

[<NRP>]
[<NRP>]
[<NRP>]

📱OFFICIALLY VERIFIED CHANNEL☑️",2023-12-12T00:42:02+00:00,,,
58163,krazzzzysam,https://t.me/krazzzzysam,"➡️ Join here for more viral desi videos🔞

     CHANNEL Link  ⬇️⬇️⬇️⬇️

[https://t.me/+NgcmVKaC4EU5NTQ1]
[https://t.me/+NgcmVKaC4EU5NTQ1]
[https://t.me/+NgcmVKaC4EU5NTQ1]

📱OFFICIALLY VERIFIED CHANNEL☑️",2023-12-12T00:41:58+00:00,,,
58152,krazzzzysam,https://t.me/krazzzzysam,Hi,2023-12-11T22:24:06+00:00,,,
58143,krazzzzysam,https://t.me/krazzzzysam,"Bro movie available in hindi👇

https://t.me/movieflixzzzORG/2479
https://t.me/movieflixzzzORG/2479
https://t.me/movieflixzzzORG/2479",2023-12-11T18:45:49+00:00,,,
58142,krazzzzysam,https://t.me/krazzzzysam,"Bro movie available in hindi👇

https://t.me/movieflixzzzORG/2479
https://t.me/movieflixzzzORG/2479
https://t.me/movieflixzzzORG/2479",2023-12-11T18:45:44+00:00,,,
58141,krazzzzysam,https://t.me/krazzzzysam,"Bro movie available in hindi👇

https://t.me/movieflixzzzORG/2479
https://t.me/movieflixzzzORG/2479
https://t.me/movieflixzzzORG/2479",2023-12-11T18:45:35+00:00,,,
58140,krazzzzysam,https://t.me/krazzzzysam,"Bro movie available in hindi👇

https://t.me/movieflixzzzORG/2479
https://t.me/movieflixzzzORG/2479
https://t.me/movieflixzzzORG/2479",2023-12-11T18:45:15+00:00,,,
58139,krazzzzysam,https://t.me/krazzzzysam,"Bro movie available in hindi👇

https://t.me/movieflixzzzORG/2479
https://t.me/movieflixzzzORG/2479
https://t.me/movieflixzzzORG/2479",2023-12-11T18:45:10+00:00,,,
58138,krazzzzysam,https://t.me/krazzzzysam,"Bro movie available in hindi👇

https://t.me/movieflixzzzORG/2479
https://t.me/movieflixzzzORG/2479
https://t.me/movieflixzzzORG/2479",2023-12-11T18:44:53+00:00,,,
58137,krazzzzysam,https://t.me/krazzzzysam,"Bro movie available in hindi👇

https://t.me/movieflixzzzORG/2479
https://t.me/movieflixzzzORG/2479
https://t.me/movieflixzzzORG/2479",2023-12-11T18:44:39+00:00,,,
58136,krazzzzysam,https://t.me/krazzzzysam,"Bro movie available in hindi👇

https://t.me/movieflixzzzORG/2479
https://t.me/movieflixzzzORG/2479
https://t.me/movieflixzzzORG/2479",2023-12-11T18:44:35+00:00,,,
58135,krazzzzysam,https://t.me/krazzzzysam,"Bro movie available in hindi👇

https://t.me/movieflixzzzORG/2479
https://t.me/movieflixzzzORG/2479
https://t.me/movieflixzzzORG/2479",2023-12-11T18:44:30+00:00,,,
58134,krazzzzysam,https://t.me/krazzzzysam,"Animal movie link 👇

https://t.me/movieflixzzzORG/2479
https://t.me/movieflixzzzORG/2479
https://t.me/movieflixzzzORG/2479",2023-12-11T18:43:52+00:00,,,
58119,krazzzzysam,https://t.me/krazzzzysam,Hello <NRP>,2023-12-11T18:04:13+00:00,,,
58112,krazzzzysam,https://t.me/krazzzzysam,English,2023-12-11T17:59:27+00:00,,,
58108,krazzzzysam,https://t.me/krazzzzysam,"➡️ Join here for more viral desi videos🔞

     CHANNEL Link  ⬇️⬇️⬇️⬇️

[https://t.me/+NgcmVKaC4EU5NTQ1]
[https://t.me/+NgcmVKaC4EU5NTQ1]
[https://t.me/+NgcmVKaC4EU5NTQ1]

📱OFFICIALLY VERIFIED CHANNEL☑️",2023-12-11T17:46:17+00:00,,,
58104,krazzzzysam,https://t.me/krazzzzysam,Hindi movie,2023-12-11T17:40:00+00:00,,,
58103,krazzzzysam,https://t.me/krazzzzysam,"✔︎ 𝗡𝗲𝘄 💸<PERSON> ✔︎ <PERSON>


<PERSON> 𝗕𝗼𝗻𝘂𝘀 ➪ $15000 coin

Daily Free Loot ➪ $5000 coin

𝗣𝗲𝗿 𝗥𝗲𝗳𝗲𝗿 ➪ $15000 coin

𝗠𝗶𝗻𝗶𝗺𝘂𝗺 𝗪𝗶𝘁𝗵𝗱𝗿𝗮𝘄𝗮𝗹 ➪ $0.35

𝗔𝗽𝗽 𝗹𝗶𝗻𝗸 ➪ 


https://app-earnings-link.com/givvySocial/wvcxnht5q0enkipt9riw",2023-12-11T17:38:04+00:00,,,
58102,krazzzzysam,https://t.me/krazzzzysam,<PERSON> hi <PERSON>,2023-12-11T17:31:03+00:00,,,
58101,krazzzzysam,https://t.me/krazzzzysam,Exploits of a young <PERSON>,2023-12-11T17:30:39+00:00,,,
58085,krazzzzysam,https://t.me/krazzzzysam,"➡️ Join here for more viral desi videos🔞

     CHANNEL Link  ⬇️⬇️⬇️⬇️

[https://t.me/+NgcmVKaC4EU5NTQ1]
[https://t.me/+NgcmVKaC4EU5NTQ1]
[https://t.me/+NgcmVKaC4EU5NTQ1]

📱OFFICIALLY VERIFIED CHANNEL☑️",2023-12-11T16:59:48+00:00,,,
58082,krazzzzysam,https://t.me/krazzzzysam,"➡️ Join here for more viral desi videos🔞

     CHANNEL Link  ⬇️⬇️⬇️⬇️

[https://t.me/+NgcmVKaC4EU5NTQ1]
[https://t.me/+NgcmVKaC4EU5NTQ1]
[https://t.me/+NgcmVKaC4EU5NTQ1]

📱OFFICIALLY VERIFIED CHANNEL☑️",2023-12-11T16:28:16+00:00,,,
58081,krazzzzysam,https://t.me/krazzzzysam,<PERSON>,2023-12-11T16:27:19+00:00,,,
58079,krazzzzysam,https://t.me/krazzzzysam,ye movie <NRP> <PERSON> do,2023-12-11T16:22:43+00:00,,,
58077,krazzzzysam,https://t.me/krazzzzysam,Fjur,2023-12-11T16:00:32+00:00,,,
58076,krazzzzysam,https://t.me/krazzzzysam,Tota,2023-12-11T16:00:32+00:00,,,
58075,krazzzzysam,https://t.me/krazzzzysam,Bumb,2023-12-11T16:00:24+00:00,,,
58074,krazzzzysam,https://t.me/krazzzzysam,<PERSON>,2023-12-11T16:00:06+00:00,,,
58073,krazzzzysam,https://t.me/krazzzzysam,<PERSON>,2023-12-11T16:00:05+00:00,,,
58071,krazzzzysam,https://t.me/krazzzzysam,"➡️ Join here for more new movies 

     CHANNEL Link  ⬇️⬇️⬇️⬇️

[<NRP>]
[<NRP>]
[<NRP>]

📱OFFICIALLY VERIFIED CHANNEL☑️",2023-12-11T15:36:08+00:00,,,
58070,krazzzzysam,https://t.me/krazzzzysam,Are you there god it's me <PERSON> move hind,2023-12-11T15:15:05+00:00,,,
58067,krazzzzysam,https://t.me/krazzzzysam,<PERSON>,2023-12-11T14:41:18+00:00,,,👍: 3
58066,krazzzzysam,https://t.me/krazzzzysam,<PERSON> Hindi mai hai ya English mai,2023-12-11T14:38:14+00:00,,,👍: 3
58065,krazzzzysam,https://t.me/krazzzzysam,<PERSON>,2023-12-11T14:36:57+00:00,,,
