id,Channel ID,URL,message,date,views,forwards,reactions
556,krazzzzysam,https://t.me/krazzzzysam,Note:-Ab <PERSON> or jakr download krlo movies ❤️🔥👍,2024-02-16T05:42:19+00:00,206671.0,6.0,"❤: 32, 👍: 26, 💩: 23, 👎: 9, 👏: 3"
74279,krazzzzysam,https://t.me/krazzzzysam,🤙,2024-03-06T05:48:27+00:00,,,
73054,krazzzzysam,https://t.me/krazzzzysam,Hi,2024-02-19T10:06:05+00:00,,,
72943,krazzzzysam,https://t.me/krazzzzysam,Lesbian movies,2024-02-18T06:03:33+00:00,,,
72824,krazzzzysam,https://t.me/krazzzzysam,Chronicles of the ghostly tribe movie link send Karo,2024-02-17T07:33:21+00:00,,,
72763,krazzzzysam,https://t.me/krazzzzysam,Join this group,2024-02-16T16:52:48+00:00,,,
72762,krazzzzysam,https://t.me/krazzzzysam,https://t.me/BDGHackAvailable,2024-02-16T16:52:44+00:00,,,
72760,krazzzzysam,https://t.me/krazzzzysam,<PERSON> new movie kiu ni dal rhe <PERSON>,2024-02-16T16:28:45+00:00,,,
72728,krazzzzysam,https://t.me/krazzzzysam,Jailbait movie link <PERSON>,2024-02-16T14:59:27+00:00,,,
72725,krazzzzysam,https://t.me/krazzzzysam,Jailbait movie <PERSON>??,2024-02-16T14:57:54+00:00,,,
72724,krazzzzysam,https://t.me/krazzzzysam,Jelband link bejo na,2024-02-16T14:55:09+00:00,,,
72723,krazzzzysam,https://t.me/krazzzzysam,<PERSON> bhai,2024-02-16T14:53:45+00:00,,,
72720,krazzzzysam,https://t.me/krazzzzysam,<PERSON> new movie ka link da do jailbalt,2024-02-16T14:48:58+00:00,,,
72712,krazzzzysam,https://t.me/krazzzzysam,Crash course,2024-02-16T11:49:04+00:00,,,
72708,krazzzzysam,https://t.me/krazzzzysam,<PERSON>,2024-02-16T10:13:26+00:00,,,
72706,krazzzzysam,https://t.me/krazzzzysam,Movie download,2024-02-16T10:05:05+00:00,,,👍: 2
72705,krazzzzysam,https://t.me/krazzzzysam,<PERSON>,2024-02-16T10:04:52+00:00,,,
72704,krazzzzysam,https://t.me/krazzzzysam,Spider-Man,2024-02-16T09:37:44+00:00,,,
72692,krazzzzysam,https://t.me/krazzzzysam,Ha,2024-02-16T07:35:24+00:00,,,
72687,krazzzzysam,https://t.me/krazzzzysam,Nhi ho rhi site open 😭😂😂,2024-02-16T07:16:01+00:00,,,
72684,krazzzzysam,https://t.me/krazzzzysam,Row 19 movie,2024-02-16T06:43:55+00:00,,,
72683,krazzzzysam,https://t.me/krazzzzysam,Said open nehi <PERSON> he,2024-02-16T06:41:50+00:00,,,
72681,krazzzzysam,https://t.me/krazzzzysam,<PERSON>,2024-02-16T06:37:43+00:00,,,
72679,krazzzzysam,https://t.me/krazzzzysam,<NRP> movie download <PERSON>,2024-02-16T06:19:01+00:00,,,
72678,krazzzzysam,https://t.me/krazzzzysam,"Programming Language Free 🤩 Courses
With BRANDED 🚀 Certificates

🔗 Free Courses Post:
https://www.linkedin.com/posts/iaadillatif_free-courses-activity-7164096636489515008-pX2j?utm_source=share&utm_medium=member_android

👨🏻‍💻 My LinkedIn Profile:
https://linkedin.com/in/iaadillatif

🌐 Enroll Here for free courses:
https://iaadillatif.github.io/free-courses/",2024-02-16T06:04:41+00:00,,,
72676,krazzzzysam,https://t.me/krazzzzysam,<PERSON>...????,2024-02-16T06:01:10+00:00,,,
72675,krazzzzysam,https://t.me/krazzzzysam,Bhai ye problem <PERSON>...????,2024-02-16T06:01:01+00:00,,,👍: 1
72665,krazzzzysam,https://t.me/krazzzzysam,AB DEKHO TO SHI,2024-02-16T05:53:52+00:00,,,👍: 2
72664,krazzzzysam,https://t.me/krazzzzysam,<PERSON> ho rha download,2024-02-16T05:47:46+00:00,,,
72663,krazzzzysam,https://t.me/krazzzzysam,Sky rojo season 2 Hindi dubbed,2024-02-16T05:47:41+00:00,,,👍: 2
72662,krazzzzysam,https://t.me/krazzzzysam,Hii,2024-02-16T05:47:35+00:00,,,
72661,krazzzzysam,https://t.me/krazzzzysam,<PERSON>,2024-02-16T05:47:19+00:00,,,
72659,krazzzzysam,https://t.me/krazzzzysam,<PERSON>,2024-02-16T05:43:32+00:00,,,
72658,krazzzzysam,https://t.me/krazzzzysam,Okkk,2024-02-16T05:43:00+00:00,,,
