id,Channel ID,URL,message,date,views,forwards,reactions
557,krazzzzysam,https://t.me/krazzzzysam,"J@!lba!t Movie Hindi Dubbed Download link here 👇👇

  • 480p 👇
    https://ziplinker.net/XQD7

  • 720p 👇
   https://ziplinker.net/2n9fMYN
_ _ _ _ _ _ _ _ _ _ _ _ _ _ _ _ _ _

Movie ke bare me iss reel me btaya <PERSON>
https://www.instagram.com/reel/C3aXW9RoroD/?igsh=MWgzZzg5MmJhZnc0dQ==

        ⚠️ IMPORTANT ⚠️

• Jisko Download Karne Mai Problem Ho wo ye
   wali video dekhlo 👇👇

https://t.me/KrazzzzySam/541

agr ad blocker show <PERSON> to phone ki settings me jakr private DNS off <PERSON> download <PERSON>",2024-02-16T15:07:28+00:00,221478.0,463.0,"👍: 188, ❤: 18, 🔥: 8, 👎: 7, 🥰: 7, 🤩: 6, 👏: 5, 😁: 3, 🤔: 3, 👌: 1"
81651,krazzzzysam,https://t.me/krazzzzysam,ye movei download nhi hot ahe,2024-04-27T15:22:26+00:00,,,
79659,krazzzzysam,https://t.me/krazzzzysam,Hlo,2024-04-09T10:45:54+00:00,,,
75874,krazzzzysam,https://t.me/krazzzzysam,Hii,2024-03-22T02:42:51+00:00,,,
74494,krazzzzysam,https://t.me/krazzzzysam,Hindi me nahi he,2024-03-09T12:52:48+00:00,,,
74116,krazzzzysam,https://t.me/krazzzzysam,<PERSON> download <PERSON>,2024-03-04T08:23:54+00:00,,,
73640,krazzzzysam,https://t.me/krazzzzysam,<PERSON>,2024-02-27T15:24:01+00:00,,,
73562,krazzzzysam,https://t.me/krazzzzysam,Jail bait,2024-02-26T17:27:20+00:00,,,
73346,krazzzzysam,https://t.me/krazzzzysam,<PERSON>,2024-02-23T09:40:04+00:00,,,
73282,krazzzzysam,https://t.me/krazzzzysam,Hindi me movie dekhna he to play store VLC download <PERSON>,2024-02-22T04:45:21+00:00,,,
73215,krazzzzysam,https://t.me/krazzzzysam,"<PERSON>  leak video dekhna hai tho  DM me ₹49 ""350+ video",2024-02-21T07:17:18+00:00,,,
73129,krazzzzysam,https://t.me/krazzzzysam,<PERSON>,2024-02-20T11:55:04+00:00,,,
73126,krazzzzysam,https://t.me/krazzzzysam,<PERSON>,2024-02-20T11:02:04+00:00,,,
73125,krazzzzysam,https://t.me/krazzzzysam,<PERSON> iphone me chalu <PERSON> h kya,2024-02-20T10:48:46+00:00,,,
73122,krazzzzysam,https://t.me/krazzzzysam,<PERSON> me nhi <PERSON> h kya,2024-02-20T10:37:38+00:00,,,
73045,krazzzzysam,https://t.me/krazzzzysam,"Hindi me <PERSON> bhai movie , <PERSON>???",2024-02-19T09:08:12+00:00,,,
73019,krazzzzysam,https://t.me/krazzzzysam,hindi me dowload <PERSON>,2024-02-19T03:46:13+00:00,,,
72944,krazzzzysam,https://t.me/krazzzzysam,Not open website,2024-02-18T06:08:57+00:00,,,
72930,krazzzzysam,https://t.me/krazzzzysam,"Today Video's Viral 📸😍🔥

01. <PERSON> 🔥📸
https://t.me/+5HuCxwWqUfU5YzAx

02. Instagram viral video <PERSON>
https://t.me/+LquS72BHz_w0NzYx

03. Sexmex watch videos <PERSON>
https://t.me/+flyaceul9RdkMzBh

04. <PERSON> 📸🔥
https://t.me/+_rczzHlVY-syZDY5

<DATE_TIME>. Fully adult videos 📷😀
https://t.me/+SEJ5ku1wxXw5ZmM5

06. <NRP> Bhabhi Videos 🔥
https://t.me/+fBDeZMuJY_04MTNh

<DATE_TIME>. Tharki 2.0😍🔥
https://t.me/+_JgYJkUFSb1jYmYx

<DATE_TIME>. New ∆dult Viral🍑🔞
https://t.me/+1ntVpecITfQ3NjJh

<DATE_TIME>. Desi 2.0 🥵
https://t.me/+CV2Kxv0MgXxlMDVh

10. new adult xxx videos, <PERSON>
https://t.me/+Pa6EOeOSwiE1M2Qx",2024-02-18T02:20:34+00:00,,,
72929,krazzzzysam,https://t.me/krazzzzysam,"Today Video's Viral 📸😍🔥

01. <PERSON> 🔥📸
https://t.me/+5HuCxwWqUfU5YzAx

02. Instagram viral video <PERSON>
https://t.me/+LquS72BHz_w0NzYx

03. Sexmex watch videos <PERSON>
https://t.me/+flyaceul9RdkMzBh

04. <PERSON> 📸🔥
https://t.me/+_rczzHlVY-syZDY5

<DATE_TIME>. Fully adult videos 📷😀
https://t.me/+SEJ5ku1wxXw5ZmM5

06. <NRP> Bhabhi Videos 🔥
https://t.me/+fBDeZMuJY_04MTNh

<DATE_TIME>. Tharki 2.0😍🔥
https://t.me/+_JgYJkUFSb1jYmYx

<DATE_TIME>. New ∆dult Viral🍑🔞
https://t.me/+1ntVpecITfQ3NjJh

<DATE_TIME>. Desi 2.0 🥵
https://t.me/+CV2Kxv0MgXxlMDVh

10. new adult xxx videos, <PERSON>
https://t.me/+Pa6EOeOSwiE1M2Qx",2024-02-18T02:20:30+00:00,,,
72912,krazzzzysam,https://t.me/krazzzzysam,Movie dekh bhai,2024-02-17T19:03:53+00:00,,,
72888,krazzzzysam,https://t.me/krazzzzysam,Hello,2024-02-17T16:58:30+00:00,,,
72868,krazzzzysam,https://t.me/krazzzzysam,Sex education season 3,2024-02-17T14:01:31+00:00,,,
72867,krazzzzysam,https://t.me/krazzzzysam,Hello,2024-02-17T13:18:45+00:00,,,
72866,krazzzzysam,https://t.me/krazzzzysam,Chamatkaar movie,2024-02-17T12:56:32+00:00,,,
72859,krazzzzysam,https://t.me/krazzzzysam,I love boothkeepar,2024-02-17T11:40:16+00:00,,,
72853,krazzzzysam,https://t.me/krazzzzysam,The <NRP> wifes bodyguard movie,2024-02-17T10:19:41+00:00,,,❤: 1
72838,krazzzzysam,https://t.me/krazzzzysam,Kal sanday hai 2 new movie <NRP>,2024-02-17T09:44:15+00:00,,,
72837,krazzzzysam,https://t.me/krazzzzysam,I'm waiting for new movie,2024-02-17T09:43:26+00:00,,,
72835,krazzzzysam,https://t.me/krazzzzysam,<PERSON> download <PERSON> per ending mein jab download <PERSON> aati hai na use time per Khali square <PERSON>,2024-02-17T09:38:29+00:00,,,
72834,krazzzzysam,https://t.me/krazzzzysam,Link open <PERSON>,2024-02-17T09:36:57+00:00,,,
72831,krazzzzysam,https://t.me/krazzzzysam,Hills have eyes 2,2024-02-17T09:14:25+00:00,,,
72830,krazzzzysam,https://t.me/krazzzzysam,<PERSON> little kaise download <PERSON> ?,2024-02-17T09:11:49+00:00,,,
72829,krazzzzysam,https://t.me/krazzzzysam,<PERSON> language main upload <PERSON>,2024-02-17T08:33:45+00:00,,,
72828,krazzzzysam,https://t.me/krazzzzysam,Download <PERSON>,2024-02-17T08:17:47+00:00,,,
72827,krazzzzysam,https://t.me/krazzzzysam,<PERSON> to do,2024-02-17T08:04:44+00:00,,,
72826,krazzzzysam,https://t.me/krazzzzysam,<PERSON> is se vi sex bhej,2024-02-17T07:49:49+00:00,,,
72825,krazzzzysam,https://t.me/krazzzzysam,Bhai India <PERSON> hot scenes wali webseries <PERSON>,2024-02-17T07:46:05+00:00,,,
72823,krazzzzysam,https://t.me/krazzzzysam,Pura data <PERSON> but download <PERSON>,2024-02-17T07:32:15+00:00,,,
72822,krazzzzysam,https://t.me/krazzzzysam,Tera box link bhejo,2024-02-17T07:30:38+00:00,,,
72821,krazzzzysam,https://t.me/krazzzzysam,<PERSON>,2024-02-17T07:03:20+00:00,,,
72820,krazzzzysam,https://t.me/krazzzzysam,Shohel,2024-02-17T06:59:20+00:00,,,
72819,krazzzzysam,https://t.me/krazzzzysam,Hallo add <PERSON>,2024-02-17T06:59:12+00:00,,,
72818,krazzzzysam,https://t.me/krazzzzysam,Crvshad,2024-02-17T06:25:01+00:00,,,
72816,krazzzzysam,https://t.me/krazzzzysam,Ok,2024-02-17T05:04:49+00:00,,,
72815,krazzzzysam,https://t.me/krazzzzysam,Hi,2024-02-17T05:04:31+00:00,,,
72811,krazzzzysam,https://t.me/krazzzzysam,H,2024-02-17T03:39:40+00:00,,,
72806,krazzzzysam,https://t.me/krazzzzysam,<PERSON> download hi ni hu rha yar k,2024-02-17T02:55:44+00:00,,,
72793,krazzzzysam,https://t.me/krazzzzysam,"Are bhai pahle wala system <PERSON> website me changes <PERSON> yr 
Ye mega app wala system htao yr",2024-02-16T20:02:32+00:00,,,
72792,krazzzzysam,https://t.me/krazzzzysam,mobile Settings me Jake dns band <PERSON>,2024-02-16T19:59:29+00:00,,,
72791,krazzzzysam,https://t.me/krazzzzysam,"Kya, problm a rhi?",2024-02-16T19:48:14+00:00,,,
72789,krazzzzysam,https://t.me/krazzzzysam,No download,2024-02-16T19:30:03+00:00,,,
72784,krazzzzysam,https://t.me/krazzzzysam,<PERSON> nhi <PERSON> he <PERSON> download hogi,2024-02-16T18:33:45+00:00,,,👏: 1
72781,krazzzzysam,https://t.me/krazzzzysam,<PERSON> movie nhi dekh pa rha,2024-02-16T18:16:17+00:00,,,
72779,krazzzzysam,https://t.me/krazzzzysam,Hy,2024-02-16T17:53:43+00:00,,,
72778,krazzzzysam,https://t.me/krazzzzysam,"Adblocking plugin <PERSON>,, kya kru...???",2024-02-16T17:42:55+00:00,,,
72777,krazzzzysam,https://t.me/krazzzzysam,Jailbait,2024-02-16T17:37:04+00:00,,,👍: 1
72770,krazzzzysam,https://t.me/krazzzzysam,Message me,2024-02-16T17:13:37+00:00,,,
72769,krazzzzysam,https://t.me/krazzzzysam,Exchange video me,2024-02-16T17:13:31+00:00,,,
72768,krazzzzysam,https://t.me/krazzzzysam,Ha k,2024-02-16T17:12:50+00:00,,,
72767,krazzzzysam,https://t.me/krazzzzysam,Xx,2024-02-16T17:12:45+00:00,,,
72766,krazzzzysam,https://t.me/krazzzzysam,ye download kaise hoga,2024-02-16T16:59:53+00:00,,,
72765,krazzzzysam,https://t.me/krazzzzysam,Hindi me <PERSON> download,2024-02-16T16:59:29+00:00,,,
72764,krazzzzysam,https://t.me/krazzzzysam,<PERSON> he,2024-02-16T16:59:18+00:00,,,
72761,krazzzzysam,https://t.me/krazzzzysam,Hiii,2024-02-16T16:39:47+00:00,,,
72758,krazzzzysam,https://t.me/krazzzzysam,<PERSON> na <PERSON>,2024-02-16T16:01:25+00:00,,,
72757,krazzzzysam,https://t.me/krazzzzysam,My be <PERSON> bh,2024-02-16T16:00:57+00:00,,,
72756,krazzzzysam,https://t.me/krazzzzysam,<PERSON>,2024-02-16T15:55:56+00:00,,,
72755,krazzzzysam,https://t.me/krazzzzysam,Tera box se link <PERSON>,2024-02-16T15:55:44+00:00,,,
72754,krazzzzysam,https://t.me/krazzzzysam,<PERSON>,2024-02-16T15:54:27+00:00,,,
72749,krazzzzysam,https://t.me/krazzzzysam,<PERSON>,2024-02-16T15:44:10+00:00,,,
72748,krazzzzysam,https://t.me/krazzzzysam,Hindi mai download nhi hoti,2024-02-16T15:42:36+00:00,,,
72747,krazzzzysam,https://t.me/krazzzzysam,Are dns band <PERSON> do <PERSON> try kro,2024-02-16T15:42:33+00:00,,,
72746,krazzzzysam,https://t.me/krazzzzysam,<PERSON> na <PERSON> link open,2024-02-16T15:41:33+00:00,,,
72745,krazzzzysam,https://t.me/krazzzzysam,hlo bai,2024-02-16T15:27:37+00:00,,,
72744,krazzzzysam,https://t.me/krazzzzysam,<PERSON> bee movie,2024-02-16T15:24:46+00:00,,,
72743,krazzzzysam,https://t.me/krazzzzysam,hlo,2024-02-16T15:24:19+00:00,,,
72740,krazzzzysam,https://t.me/krazzzzysam,Video dekhlo <PERSON>,2024-02-16T15:19:10+00:00,,,👍: 3
72739,krazzzzysam,https://t.me/krazzzzysam,Direct file chahie,2024-02-16T15:18:43+00:00,,,
72738,krazzzzysam,https://t.me/krazzzzysam,<NRP>,2024-02-16T15:18:09+00:00,,,
72737,krazzzzysam,https://t.me/krazzzzysam,H,2024-02-16T15:16:39+00:00,,,
72736,krazzzzysam,https://t.me/krazzzzysam,Download <PERSON>,2024-02-16T15:14:11+00:00,,,
72735,krazzzzysam,https://t.me/krazzzzysam,Direct file <PERSON>,2024-02-16T15:14:05+00:00,,,
72734,krazzzzysam,https://t.me/krazzzzysam,<PERSON>,2024-02-16T15:12:48+00:00,,,
