id,Channel ID,URL,message,date,views,forwards,reactions
451,krazzzzysam,https://t.me/krazzzzysam,"Be careful 😓 Animal Movie bhot toxic <PERSON>
https://yt.openinapp.co/7av5j
https://yt.openinapp.co/7av5j

<PERSON> or ye video <PERSON> important <PERSON>👆",2023-12-11T17:58:03+00:00,242866.0,84.0,"👍: 122, 👎: 28, 🤮: 17, ❤: 14, 🥰: 11, 👏: 6"
69644,krazzzzysam,https://t.me/krazzzzysam,"Hi
my friend
<PERSON> me movies / Web series /  TV shows  download <PERSON> to join karo mere telegram channel ko

Telegram channel name :  Tlsbro 
Link ⬇️

https://t.me/+5lkJC4v3gMM2Yjc9",2024-01-29T15:55:59+00:00,,,
69643,krazzzzysam,https://t.me/krazzzzysam,Web series group,2024-01-29T15:55:56+00:00,,,👍: 1
64841,krazzzzysam,https://t.me/krazzzzysam,"Bhai full movie🔗 hindi⚡ me available👇💦 he 🧐
Hot 🥵and sexy 👙 movie🔗 👇👇👇
(Request for any movie) 
https://t.me/movieflixzzzORG
https://t.me/movieflixzzzORG
https://t.me/movieflixzzzORG",2024-01-07T12:29:00+00:00,,,
64749,krazzzzysam,https://t.me/krazzzzysam,"Bhai full movie🔗 hindi⚡ me available👇💦 he 🧐
Hot 🥵and sexy 👙 movie🔗 👇👇👇
(Request for any movie) 
https://t.me/movieflixzzzORG
https://t.me/movieflixzzzORG
https://t.me/movieflixzzzORG",2024-01-07T04:34:41+00:00,,,
64748,krazzzzysam,https://t.me/krazzzzysam,"Bhai full movie🔗 hindi⚡ me available👇💦 he 🧐
Hot 🥵and sexy 👙 movie🔗 👇👇👇
(Request for any movie) 
https://t.me/movieflixzzzORG
https://t.me/movieflixzzzORG
https://t.me/movieflixzzzORG",2024-01-07T04:34:38+00:00,,,
64666,krazzzzysam,https://t.me/krazzzzysam,Tha money hiest web series ka link <PERSON>,2024-01-06T16:46:59+00:00,,,
64665,krazzzzysam,https://t.me/krazzzzysam,<PERSON>,2024-01-06T16:46:41+00:00,,,
64313,krazzzzysam,https://t.me/krazzzzysam,"Bhai full movie🔗 hindi⚡ me available👇💦 he 🧐
Hot 🥵and sexy 👙 movie🔗 👇👇👇
(Request for any movie) 
https://t.me/movieflixzzzORG
https://t.me/movieflixzzzORG
https://t.me/movieflixzzzORG",2024-01-06T08:23:08+00:00,,,
63975,krazzzzysam,https://t.me/krazzzzysam,<PERSON> money hist ka line bhej do,2024-01-05T14:04:45+00:00,,,
63974,krazzzzysam,https://t.me/krazzzzysam,Hello,2024-01-05T14:04:30+00:00,,,
62001,krazzzzysam,https://t.me/krazzzzysam,https://m.heico-invest.ru/register?invitationCode=ypJ5L,2023-12-27T07:30:31+00:00,,,
59622,krazzzzysam,https://t.me/krazzzzysam,Hm,2023-12-19T04:27:10+00:00,,,
58739,krazzzzysam,https://t.me/krazzzzysam,Animal movie,2023-12-14T18:09:08+00:00,,,
58472,krazzzzysam,https://t.me/krazzzzysam,Animal movie download kaise karun,2023-12-14T09:16:43+00:00,,,
58358,krazzzzysam,https://t.me/krazzzzysam,Ha na <PERSON>,2023-12-13T15:40:49+00:00,,,
58235,krazzzzysam,https://t.me/krazzzzysam,"➡️ Join here for more viral desi videos🔞

     CHANNEL Link  ⬇️⬇️⬇️⬇️

[https://t.me/+NgcmVKaC4EU5NTQ1]
[https://t.me/+NgcmVKaC4EU5NTQ1]
[https://t.me/+NgcmVKaC4EU5NTQ1]

📱OFFICIALLY VERIFIED CHANNEL☑️",2023-12-12T14:32:53+00:00,,,
58234,krazzzzysam,https://t.me/krazzzzysam,"➡️ Join here for more new movies 

     CHANNEL Link  ⬇️⬇️⬇️⬇️

[<NRP>]
[<NRP>]
[<NRP>]

📱OFFICIALLY VERIFIED CHANNEL☑️",2023-12-12T14:32:46+00:00,,,
58233,krazzzzysam,https://t.me/krazzzzysam,<PERSON> movie <PERSON>,2023-12-12T14:24:46+00:00,,,
58231,krazzzzysam,https://t.me/krazzzzysam,,2023-12-12T13:45:40+00:00,,,
58225,krazzzzysam,https://t.me/krazzzzysam,Badshaoh movie,2023-12-12T12:07:36+00:00,,,
58209,krazzzzysam,https://t.me/krazzzzysam,"➡️ Join here for more viral desi videos🔞

     CHANNEL Link  ⬇️⬇️⬇️⬇️

[https://t.me/+NgcmVKaC4EU5NTQ1]
[https://t.me/+NgcmVKaC4EU5NTQ1]
[https://t.me/+NgcmVKaC4EU5NTQ1]

📱OFFICIALLY VERIFIED CHANNEL☑️",2023-12-12T09:05:24+00:00,,,
58207,krazzzzysam,https://t.me/krazzzzysam,"➡️ Join here for more new movies 

     CHANNEL Link  ⬇️⬇️⬇️⬇️

[<NRP>]
[<NRP>]
[<NRP>]

📱OFFICIALLY VERIFIED CHANNEL☑️",2023-12-12T09:05:17+00:00,,,👍: 1
58194,krazzzzysam,https://t.me/krazzzzysam,Movie hai ya series <PERSON> do <NRP>,2023-12-12T06:00:42+00:00,,,
58193,krazzzzysam,https://t.me/krazzzzysam,,2023-12-12T06:00:06+00:00,,,
58180,krazzzzysam,https://t.me/krazzzzysam,Ha,2023-12-12T03:03:55+00:00,,,
58169,krazzzzysam,https://t.me/krazzzzysam,"✔︎ 𝗡𝗲𝘄 💸<PERSON> ✔︎ <PERSON>


<PERSON> 𝗕𝗼𝗻𝘂𝘀 ➪ $15000 coin

Daily Free Loot ➪ $5000 coin

𝗣𝗲𝗿 𝗥𝗲𝗳𝗲𝗿 ➪ $15000 coin

𝗠𝗶𝗻𝗶𝗺𝘂𝗺 𝗪𝗶𝘁𝗵𝗱𝗿𝗮𝘄𝗮𝗹 ➪ $0.35

𝗔𝗽𝗽 𝗹𝗶𝗻𝗸 ➪ 


https://app-earnings-link.com/givvySocial/wvcxnht5q0enkipt9riw",2023-12-12T01:10:09+00:00,,,
58168,krazzzzysam,https://t.me/krazzzzysam,"➡️ Join here for more new web series 

     CHANNEL Link  ⬇️⬇️⬇️⬇️

[https://t.me/+ZjL8CsOKjOIxNDhl]
[https://t.me/+ZjL8CsOKjOIxNDhl]
[https://t.me/+ZjL8CsOKjOIxNDhl]

📱OFFICIALLY VERIFIED CHANNEL☑️",2023-12-12T00:42:25+00:00,,,
58167,krazzzzysam,https://t.me/krazzzzysam,"➡️ Join here for more new movies 

     CHANNEL Link  ⬇️⬇️⬇️⬇️

[<NRP>]
[<NRP>]
[<NRP>]

📱OFFICIALLY VERIFIED CHANNEL☑️",2023-12-12T00:42:23+00:00,,,
58166,krazzzzysam,https://t.me/krazzzzysam,"➡️ Join here for more viral desi videos🔞

     CHANNEL Link  ⬇️⬇️⬇️⬇️

[https://t.me/+NgcmVKaC4EU5NTQ1]
[https://t.me/+NgcmVKaC4EU5NTQ1]
[https://t.me/+NgcmVKaC4EU5NTQ1]

📱OFFICIALLY VERIFIED CHANNEL☑️",2023-12-12T00:42:18+00:00,,,
58132,krazzzzysam,https://t.me/krazzzzysam,"Animal movie link 👇

https://t.me/movieflixzzzORG/2479
https://t.me/movieflixzzzORG/2479
https://t.me/movieflixzzzORG/2479",2023-12-11T18:43:22+00:00,,,👍: 2
58130,krazzzzysam,https://t.me/krazzzzysam,"Animal movie link 👇

https://t.me/movieflixzzzORG/2479
https://t.me/movieflixzzzORG/2479
https://t.me/movieflixzzzORG/2479",2023-12-11T18:43:17+00:00,,,
58129,krazzzzysam,https://t.me/krazzzzysam,"Animal movie link 👇

https://t.me/movieflixzzzORG/2479
https://t.me/movieflixzzzORG/2479
https://t.me/movieflixzzzORG/2479",2023-12-11T18:43:12+00:00,,,
58128,krazzzzysam,https://t.me/krazzzzysam,"Animal movie link 👇

https://t.me/movieflixzzzORG/2479
https://t.me/movieflixzzzORG/2479
https://t.me/movieflixzzzORG/2479",2023-12-11T18:43:01+00:00,,,
58127,krazzzzysam,https://t.me/krazzzzysam,"Animal movie link 👇

https://t.me/movieflixzzzORG/2479
https://t.me/movieflixzzzORG/2479
https://t.me/movieflixzzzORG/2479",2023-12-11T18:42:57+00:00,,,
58126,krazzzzysam,https://t.me/krazzzzysam,"Animal movie link 👇

https://t.me/movieflixzzzORG/2479
https://t.me/movieflixzzzORG/2479
https://t.me/movieflixzzzORG/2479",2023-12-11T18:42:50+00:00,,,
58125,krazzzzysam,https://t.me/krazzzzysam,https://t.me/movieflixzzzORG/2479,2023-12-11T18:42:19+00:00,,,
58124,krazzzzysam,https://t.me/krazzzzysam,<PERSON> chewed,2023-12-11T18:38:55+00:00,,,
58122,krazzzzysam,https://t.me/krazzzzysam,Guys movie hai ya nhi,2023-12-11T18:19:57+00:00,,,
58120,krazzzzysam,https://t.me/krazzzzysam,Link send kro na,2023-12-11T18:04:36+00:00,,,
58118,krazzzzysam,https://t.me/krazzzzysam,?,2023-12-11T18:02:58+00:00,,,
58117,krazzzzysam,https://t.me/krazzzzysam,Our is chutia he gand Maro,2023-12-11T18:02:09+00:00,,,👍: 1
58116,krazzzzysam,https://t.me/krazzzzysam,Link <PERSON> movies download ka agar he to,2023-12-11T18:01:54+00:00,,,
58115,krazzzzysam,https://t.me/krazzzzysam,Video pe views lane ka tarika,2023-12-11T18:01:14+00:00,,,
58113,krazzzzysam,https://t.me/krazzzzysam,<PERSON>,2023-12-11T17:59:40+00:00,,,
